<?xml version="1.0" encoding="UTF-8"?>
<kml xmlns="http://www.opengis.net/kml/2.2">
<Document>
  <name>Catálogo Sísmico SGC</name>
  <Placemark>
    <name>M1.3 - San Vicente del Caguán - Caquetá, Colombia</name>
    <description><![CDATA[<b>Magnitud:</b> 1.3 MLr_2<br/><b>Profundidad:</b> 10 km<br/><b>Hora local:</b> 2026-09-07T00:38:54+00:00<br/><b>Lugar:</b> San Vicente del Caguán - Caquetá, Colombia<br/>]]></description>
    <Point>
      <coordinates>-74.9058,2.8611,-10000</coordinates>
    </Point>
  </Placemark>
  <Placemark>
    <name>M2.0 - Baraya - Huila, Colombia</name>
    <description><![CDATA[<b>Magnitud:</b> 2.0 MLr_2<br/><b>Profundidad:</b> 3 km<br/><b>Hora local:</b> 2026-09-03T03:13:48+00:00<br/><b>Lugar:</b> Baraya - Huila, Colombia<br/>]]></description>
    <Point>
      <coordinates>-75.0406,3.2343,-3000</coordinates>
    </Point>
  </Placemark>
  <Placemark>
    <name>M2.0 - San Vicente del Caguán - Caquetá, Colombia</name>
    <description><![CDATA[<b>Magnitud:</b> 2.0 MLr_2<br/><b>Profundidad:</b> 34 km<br/><b>Hora local:</b> 2026-08-31T15:56:09+00:00<br/><b>Lugar:</b> San Vicente del Caguán - Caquetá, Colombia<br/>]]></description>
    <Point>
      <coordinates>-75.0794,2.7241,-34000</coordinates>
    </Point>
  </Placemark>
  <Placemark>
    <name>M1.3 - San Vicente del Caguán - Caquetá, Colombia</name>
    <description><![CDATA[<b>Magnitud:</b> 1.3 MLr_2<br/><b>Profundidad:</b> 0 km<br/><b>Hora local:</b> 2026-08-23T04:21:54+00:00<br/><b>Lugar:</b> San Vicente del Caguán - Caquetá, Colombia<br/>]]></description>
    <Point>
      <coordinates>-75.007,2.704,0</coordinates>
    </Point>
  </Placemark>
  <Placemark>
    <name>M1.3 - Yaguará - Huila, Colombia</name>
    <description><![CDATA[<b>Magnitud:</b> 1.3 MLr_2<br/><b>Profundidad:</b> 19 km<br/><b>Hora local:</b> 2026-08-23T00:32:51+00:00<br/><b>Lugar:</b> Yaguará - Huila, Colombia<br/>]]></description>
    <Point>
      <coordinates>-75.4976,2.6398,-19000</coordinates>
    </Point>
  </Placemark>
  <Placemark>
    <name>M1.6 - Aipe - Huila, Colombia</name>
    <description><![CDATA[<b>Magnitud:</b> 1.6 MLr_2<br/><b>Profundidad:</b> 47 km<br/><b>Hora local:</b> 2026-08-16T20:36:06+00:00<br/><b>Lugar:</b> Aipe - Huila, Colombia<br/>]]></description>
    <Point>
      <coordinates>-75.2995,3.1979,-47000</coordinates>
    </Point>
  </Placemark>
  <Placemark>
    <name>M1.8 - Uribe - Meta, Colombia</name>
    <description><![CDATA[<b>Magnitud:</b> 1.8 MLr_2<br/><b>Profundidad:</b> 32 km<br/><b>Hora local:</b> 2026-08-16T03:24:44+00:00<br/><b>Lugar:</b> Uribe - Meta, Colombia<br/>]]></description>
    <Point>
      <coordinates>-74.8521,2.9335,-32000</coordinates>
    </Point>
  </Placemark>
  <Placemark>
    <name>M3.7 - Baraya - Huila, Colombia</name>
    <description><![CDATA[<b>Magnitud:</b> 3.7 MLr_2<br/><b>Profundidad:</b> 26 km<br/><b>Hora local:</b> 2026-07-31T06:05:40+00:00<br/><b>Lugar:</b> Baraya - Huila, Colombia<br/>]]></description>
    <Point>
      <coordinates>-74.9721,3.0694,-26000</coordinates>
    </Point>
  </Placemark>
  <Placemark>
    <name>M1.8 - Algeciras - Huila, Colombia</name>
    <description><![CDATA[<b>Magnitud:</b> 1.8 MLr_2<br/><b>Profundidad:</b> 28 km<br/><b>Hora local:</b> 2026-07-16T11:29:28+00:00<br/><b>Lugar:</b> Algeciras - Huila, Colombia<br/>]]></description>
    <Point>
      <coordinates>-75.1856,2.6141,-28000</coordinates>
    </Point>
  </Placemark>
  <Placemark>
    <name>M1.4 - Neiva - Huila, Colombia</name>
    <description><![CDATA[<b>Magnitud:</b> 1.4 MLr_2<br/><b>Profundidad:</b> 15 km<br/><b>Hora local:</b> 2026-07-12T18:51:32+00:00<br/><b>Lugar:</b> Neiva - Huila, Colombia<br/>]]></description>
    <Point>
      <coordinates>-75.2673,3.0858,-15000</coordinates>
    </Point>
  </Placemark>
  <Placemark>
    <name>M3.0 - Neiva - Huila, Colombia</name>
    <description><![CDATA[<b>Magnitud:</b> 3.0 MLr_2<br/><b>Profundidad:</b> 39 km<br/><b>Hora local:</b> 2026-07-11T22:58:26+00:00<br/><b>Lugar:</b> Neiva - Huila, Colombia<br/>]]></description>
    <Point>
      <coordinates>-75.2133,2.9118,-39000</coordinates>
    </Point>
  </Placemark>
  <Placemark>
    <name>M3.0 - San Vicente del Caguán - Caquetá, Colombia</name>
    <description><![CDATA[<b>Magnitud:</b> 3.0 MLr_2<br/><b>Profundidad:</b> 29 km<br/><b>Hora local:</b> 2026-07-11T03:23:28+00:00<br/><b>Lugar:</b> San Vicente del Caguán - Caquetá, Colombia<br/>]]></description>
    <Point>
      <coordinates>-75.1213,2.6791,-29000</coordinates>
    </Point>
  </Placemark>
  <Placemark>
    <name>M1.4 - San Vicente del Caguán - Caquetá, Colombia</name>
    <description><![CDATA[<b>Magnitud:</b> 1.4 MLr_2<br/><b>Profundidad:</b> 7 km<br/><b>Hora local:</b> 2026-07-06T03:15:26+00:00<br/><b>Lugar:</b> San Vicente del Caguán - Caquetá, Colombia<br/>]]></description>
    <Point>
      <coordinates>-75.0481,2.7201,-7000</coordinates>
    </Point>
  </Placemark>
  <Placemark>
    <name>M2.0 - Tello - Huila, Colombia</name>
    <description><![CDATA[<b>Magnitud:</b> 2.0 MLr_2<br/><b>Profundidad:</b> 36 km<br/><b>Hora local:</b> 2026-06-29T03:05:25+00:00<br/><b>Lugar:</b> Tello - Huila, Colombia<br/>]]></description>
    <Point>
      <coordinates>-75.1893,3.155,-36000</coordinates>
    </Point>
  </Placemark>
  <Placemark>
    <name>M2.3 - Algeciras - Huila, Colombia</name>
    <description><![CDATA[<b>Magnitud:</b> 2.3 MLr_2<br/><b>Profundidad:</b> 25 km<br/><b>Hora local:</b> 2026-06-28T02:47:31+00:00<br/><b>Lugar:</b> Algeciras - Huila, Colombia<br/>]]></description>
    <Point>
      <coordinates>-75.2689,2.5343,-25000</coordinates>
    </Point>
  </Placemark>
  <Placemark>
    <name>M1.7 - Aipe - Huila, Colombia</name>
    <description><![CDATA[<b>Magnitud:</b> 1.7 MLr_2<br/><b>Profundidad:</b> 17 km<br/><b>Hora local:</b> 2026-06-26T11:36:37+00:00<br/><b>Lugar:</b> Aipe - Huila, Colombia<br/>]]></description>
    <Point>
      <coordinates>-75.3093,3.1871,-17000</coordinates>
    </Point>
  </Placemark>
  <Placemark>
    <name>M1.6 - San Vicente del Caguán - Caquetá, Colombia</name>
    <description><![CDATA[<b>Magnitud:</b> 1.6 MLr_2<br/><b>Profundidad:</b> 28 km<br/><b>Hora local:</b> 2026-06-18T15:00:28+00:00<br/><b>Lugar:</b> San Vicente del Caguán - Caquetá, Colombia<br/>]]></description>
    <Point>
      <coordinates>-75.005,2.7643,-28000</coordinates>
    </Point>
  </Placemark>
  <Placemark>
    <name>M2.0 - Algeciras - Huila, Colombia</name>
    <description><![CDATA[<b>Magnitud:</b> 2.0 MLr_2<br/><b>Profundidad:</b> 32 km<br/><b>Hora local:</b> 2026-06-17T12:56:29+00:00<br/><b>Lugar:</b> Algeciras - Huila, Colombia<br/>]]></description>
    <Point>
      <coordinates>-75.3529,2.5279,-32000</coordinates>
    </Point>
  </Placemark>
  <Placemark>
    <name>M1.3 - San Vicente del Caguán - Caquetá, Colombia</name>
    <description><![CDATA[<b>Magnitud:</b> 1.3 MLr_2<br/><b>Profundidad:</b> 27 km<br/><b>Hora local:</b> 2026-06-14T00:46:32+00:00<br/><b>Lugar:</b> San Vicente del Caguán - Caquetá, Colombia<br/>]]></description>
    <Point>
      <coordinates>-74.9615,2.8393,-27000</coordinates>
    </Point>
  </Placemark>
  <Placemark>
    <name>M1.7 - San Vicente del Caguán - Caquetá, Colombia</name>
    <description><![CDATA[<b>Magnitud:</b> 1.7 MLr_2<br/><b>Profundidad:</b> 28 km<br/><b>Hora local:</b> 2026-06-10T22:19:16+00:00<br/><b>Lugar:</b> San Vicente del Caguán - Caquetá, Colombia<br/>]]></description>
    <Point>
      <coordinates>-75.0135,2.7579,-28000</coordinates>
    </Point>
  </Placemark>
  <Placemark>
    <name>M1.9 - San Vicente del Caguán - Caquetá, Colombia</name>
    <description><![CDATA[<b>Magnitud:</b> 1.9 M<br/><b>Profundidad:</b> 35 km<br/><b>Hora local:</b> 2026-06-10T19:45:56+00:00<br/><b>Lugar:</b> San Vicente del Caguán - Caquetá, Colombia<br/>]]></description>
    <Point>
      <coordinates>-74.8648,2.8933,-35000</coordinates>
    </Point>
  </Placemark>
  <Placemark>
    <name>M1.8 - San Vicente del Caguán - Caquetá, Colombia</name>
    <description><![CDATA[<b>Magnitud:</b> 1.8 MLr_2<br/><b>Profundidad:</b> 35 km<br/><b>Hora local:</b> 2026-06-10T19:45:56+00:00<br/><b>Lugar:</b> San Vicente del Caguán - Caquetá, Colombia<br/>]]></description>
    <Point>
      <coordinates>-74.8648,2.8933,-35000</coordinates>
    </Point>
  </Placemark>
  <Placemark>
    <name>M1.9 - Uribe - Meta, Colombia</name>
    <description><![CDATA[<b>Magnitud:</b> 1.9 M<br/><b>Profundidad:</b> 25 km<br/><b>Hora local:</b> 2026-06-06T06:52:46+00:00<br/><b>Lugar:</b> Uribe - Meta, Colombia<br/>]]></description>
    <Point>
      <coordinates>-74.8489,2.9218,-25000</coordinates>
    </Point>
  </Placemark>
  <Placemark>
    <name>M1.8 - Uribe - Meta, Colombia</name>
    <description><![CDATA[<b>Magnitud:</b> 1.8 MLr_2<br/><b>Profundidad:</b> 25 km<br/><b>Hora local:</b> 2026-06-06T06:52:46+00:00<br/><b>Lugar:</b> Uribe - Meta, Colombia<br/>]]></description>
    <Point>
      <coordinates>-74.8489,2.9218,-25000</coordinates>
    </Point>
  </Placemark>
  <Placemark>
    <name>M1.9 - Íquira - Huila, Colombia</name>
    <description><![CDATA[<b>Magnitud:</b> 1.9 MLr_2<br/><b>Profundidad:</b> 19 km<br/><b>Hora local:</b> 2026-05-29T06:16:50+00:00<br/><b>Lugar:</b> Íquira - Huila, Colombia<br/>]]></description>
    <Point>
      <coordinates>-75.6473,2.6691,-19000</coordinates>
    </Point>
  </Placemark>
  <Placemark>
    <name>M1.9 - San Vicente del Caguán - Caquetá, Colombia</name>
    <description><![CDATA[<b>Magnitud:</b> 1.9 MLr_2<br/><b>Profundidad:</b> 26 km<br/><b>Hora local:</b> 2026-05-28T23:46:12+00:00<br/><b>Lugar:</b> San Vicente del Caguán - Caquetá, Colombia<br/>]]></description>
    <Point>
      <coordinates>-75.09,2.6902,-26000</coordinates>
    </Point>
  </Placemark>
  <Placemark>
    <name>M1.9 - Baraya - Huila, Colombia</name>
    <description><![CDATA[<b>Magnitud:</b> 1.9 MLr_2<br/><b>Profundidad:</b> 24 km<br/><b>Hora local:</b> 2026-05-24T23:30:05+00:00<br/><b>Lugar:</b> Baraya - Huila, Colombia<br/>]]></description>
    <Point>
      <coordinates>-74.9289,3.0519,-24000</coordinates>
    </Point>
  </Placemark>
  <Placemark>
    <name>M1.8 - Algeciras - Huila, Colombia</name>
    <description><![CDATA[<b>Magnitud:</b> 1.8 MLr_2<br/><b>Profundidad:</b> 35 km<br/><b>Hora local:</b> 2026-05-23T20:25:38+00:00<br/><b>Lugar:</b> Algeciras - Huila, Colombia<br/>]]></description>
    <Point>
      <coordinates>-75.3215,2.4893,-35000</coordinates>
    </Point>
  </Placemark>
  <Placemark>
    <name>M1.8 - San Vicente del Caguán - Caquetá, Colombia</name>
    <description><![CDATA[<b>Magnitud:</b> 1.8 MLr_2<br/><b>Profundidad:</b> 31 km<br/><b>Hora local:</b> 2026-05-21T04:40:36+00:00<br/><b>Lugar:</b> San Vicente del Caguán - Caquetá, Colombia<br/>]]></description>
    <Point>
      <coordinates>-75.0305,2.7304,-31000</coordinates>
    </Point>
  </Placemark>
  <Placemark>
    <name>M2.1 - San Vicente del Caguán - Caquetá, Colombia</name>
    <description><![CDATA[<b>Magnitud:</b> 2.1 MLr_2<br/><b>Profundidad:</b> 29 km<br/><b>Hora local:</b> 2026-05-19T19:05:18+00:00<br/><b>Lugar:</b> San Vicente del Caguán - Caquetá, Colombia<br/>]]></description>
    <Point>
      <coordinates>-75.0327,2.7558,-29000</coordinates>
    </Point>
  </Placemark>
  <Placemark>
    <name>M2.3 - San Vicente del Caguán - Caquetá, Colombia</name>
    <description><![CDATA[<b>Magnitud:</b> 2.3 MLr_2<br/><b>Profundidad:</b> 30 km<br/><b>Hora local:</b> 2026-05-19T17:48:32+00:00<br/><b>Lugar:</b> San Vicente del Caguán - Caquetá, Colombia<br/>]]></description>
    <Point>
      <coordinates>-75.0491,2.7415,-30000</coordinates>
    </Point>
  </Placemark>
  <Placemark>
    <name>M1.7 - San Vicente del Caguán - Caquetá, Colombia</name>
    <description><![CDATA[<b>Magnitud:</b> 1.7 MLr_2<br/><b>Profundidad:</b> 30 km<br/><b>Hora local:</b> 2026-05-07T23:47:58+00:00<br/><b>Lugar:</b> San Vicente del Caguán - Caquetá, Colombia<br/>]]></description>
    <Point>
      <coordinates>-75.0156,2.7368,-30000</coordinates>
    </Point>
  </Placemark>
  <Placemark>
    <name>M1.4 - San Vicente del Caguán - Caquetá, Colombia</name>
    <description><![CDATA[<b>Magnitud:</b> 1.4 MLr_2<br/><b>Profundidad:</b> 21 km<br/><b>Hora local:</b> 2026-05-05T06:41:19+00:00<br/><b>Lugar:</b> San Vicente del Caguán - Caquetá, Colombia<br/>]]></description>
    <Point>
      <coordinates>-75.0246,2.73,-21000</coordinates>
    </Point>
  </Placemark>
  <Placemark>
    <name>M1.7 - Neiva - Huila, Colombia</name>
    <description><![CDATA[<b>Magnitud:</b> 1.7 MLr_2<br/><b>Profundidad:</b> 31 km<br/><b>Hora local:</b> 2026-05-05T02:42:59+00:00<br/><b>Lugar:</b> Neiva - Huila, Colombia<br/>]]></description>
    <Point>
      <coordinates>-75.0327,2.7918,-31000</coordinates>
    </Point>
  </Placemark>
  <Placemark>
    <name>M1.4 - San Vicente del Caguán - Caquetá, Colombia</name>
    <description><![CDATA[<b>Magnitud:</b> 1.4 MLr_2<br/><b>Profundidad:</b> 3 km<br/><b>Hora local:</b> 2026-05-01T05:46:07+00:00<br/><b>Lugar:</b> San Vicente del Caguán - Caquetá, Colombia<br/>]]></description>
    <Point>
      <coordinates>-74.8781,2.8081,-3000</coordinates>
    </Point>
  </Placemark>
  <Placemark>
    <name>M1.5 - Rivera - Huila, Colombia</name>
    <description><![CDATA[<b>Magnitud:</b> 1.5 MLr_2<br/><b>Profundidad:</b> 31 km<br/><b>Hora local:</b> 2026-04-27T18:38:47+00:00<br/><b>Lugar:</b> Rivera - Huila, Colombia<br/>]]></description>
    <Point>
      <coordinates>-75.0625,2.7558,-31000</coordinates>
    </Point>
  </Placemark>
  <Placemark>
    <name>M1.3 - Uribe - Meta, Colombia</name>
    <description><![CDATA[<b>Magnitud:</b> 1.3 MLr_2<br/><b>Profundidad:</b> 33 km<br/><b>Hora local:</b> 2026-04-23T19:18:28+00:00<br/><b>Lugar:</b> Uribe - Meta, Colombia<br/>]]></description>
    <Point>
      <coordinates>-74.8639,2.9451,-33000</coordinates>
    </Point>
  </Placemark>
  <Placemark>
    <name>M1.4 - San Vicente del Caguán - Caquetá, Colombia</name>
    <description><![CDATA[<b>Magnitud:</b> 1.4 MLr_2<br/><b>Profundidad:</b> 5 km<br/><b>Hora local:</b> 2026-04-20T02:33:54+00:00<br/><b>Lugar:</b> San Vicente del Caguán - Caquetá, Colombia<br/>]]></description>
    <Point>
      <coordinates>-75.0623,2.6418,-5000</coordinates>
    </Point>
  </Placemark>
  <Placemark>
    <name>M2.0 - San Vicente del Caguán - Caquetá, Colombia</name>
    <description><![CDATA[<b>Magnitud:</b> 2.0 MLr_2<br/><b>Profundidad:</b> 36 km<br/><b>Hora local:</b> 2026-04-15T10:20:12+00:00<br/><b>Lugar:</b> San Vicente del Caguán - Caquetá, Colombia<br/>]]></description>
    <Point>
      <coordinates>-75.0475,2.7368,-36000</coordinates>
    </Point>
  </Placemark>
  <Placemark>
    <name>M2.0 - San Vicente del Caguán - Caquetá, Colombia</name>
    <description><![CDATA[<b>Magnitud:</b> 2.0 MLr_2<br/><b>Profundidad:</b> 35 km<br/><b>Hora local:</b> 2026-04-10T21:11:32+00:00<br/><b>Lugar:</b> San Vicente del Caguán - Caquetá, Colombia<br/>]]></description>
    <Point>
      <coordinates>-75.0433,2.7389,-35000</coordinates>
    </Point>
  </Placemark>
  <Placemark>
    <name>M3.1 - San Vicente del Caguán - Caquetá, Colombia</name>
    <description><![CDATA[<b>Magnitud:</b> 3.1 MLr_2<br/><b>Profundidad:</b> 29 km<br/><b>Hora local:</b> 2026-04-08T16:31:45+00:00<br/><b>Lugar:</b> San Vicente del Caguán - Caquetá, Colombia<br/>]]></description>
    <Point>
      <coordinates>-75.0491,2.7373,-29000</coordinates>
    </Point>
  </Placemark>
  <Placemark>
    <name>M1.9 - Villavieja - Huila, Colombia</name>
    <description><![CDATA[<b>Magnitud:</b> 1.9 MLr_2<br/><b>Profundidad:</b> 37 km<br/><b>Hora local:</b> 2026-03-28T14:49:41+00:00<br/><b>Lugar:</b> Villavieja - Huila, Colombia<br/>]]></description>
    <Point>
      <coordinates>-75.2505,3.164,-37000</coordinates>
    </Point>
  </Placemark>
  <Placemark>
    <name>M1.7 - San Vicente del Caguán - Caquetá, Colombia</name>
    <description><![CDATA[<b>Magnitud:</b> 1.7 MLr_2<br/><b>Profundidad:</b> 25 km<br/><b>Hora local:</b> 2026-03-20T23:30:25+00:00<br/><b>Lugar:</b> San Vicente del Caguán - Caquetá, Colombia<br/>]]></description>
    <Point>
      <coordinates>-74.8499,2.8658,-25000</coordinates>
    </Point>
  </Placemark>
  <Placemark>
    <name>M1.2 - Rivera - Huila, Colombia</name>
    <description><![CDATA[<b>Magnitud:</b> 1.2 MLr_2<br/><b>Profundidad:</b> 20 km<br/><b>Hora local:</b> 2026-03-20T11:41:22+00:00<br/><b>Lugar:</b> Rivera - Huila, Colombia<br/>]]></description>
    <Point>
      <coordinates>-75.0997,2.7399,-20000</coordinates>
    </Point>
  </Placemark>
  <Placemark>
    <name>M1.6 - Rivera - Huila, Colombia</name>
    <description><![CDATA[<b>Magnitud:</b> 1.6 MLr_2<br/><b>Profundidad:</b> 31 km<br/><b>Hora local:</b> 2026-03-13T20:46:01+00:00<br/><b>Lugar:</b> Rivera - Huila, Colombia<br/>]]></description>
    <Point>
      <coordinates>-75.0917,2.7372,-31000</coordinates>
    </Point>
  </Placemark>
  <Placemark>
    <name>M1.9 - Algeciras - Huila, Colombia</name>
    <description><![CDATA[<b>Magnitud:</b> 1.9 MLr_2<br/><b>Profundidad:</b> 30 km<br/><b>Hora local:</b> 2026-03-09T09:35:26+00:00<br/><b>Lugar:</b> Algeciras - Huila, Colombia<br/>]]></description>
    <Point>
      <coordinates>-75.368,2.5107,-30000</coordinates>
    </Point>
  </Placemark>
  <Placemark>
    <name>M1.7 - Algeciras - Huila, Colombia</name>
    <description><![CDATA[<b>Magnitud:</b> 1.7 MLr_2<br/><b>Profundidad:</b> 28 km<br/><b>Hora local:</b> 2026-03-08T03:28:32+00:00<br/><b>Lugar:</b> Algeciras - Huila, Colombia<br/>]]></description>
    <Point>
      <coordinates>-75.2648,2.5245,-28000</coordinates>
    </Point>
  </Placemark>
  <Placemark>
    <name>M1.4 - San Vicente del Caguán - Caquetá, Colombia</name>
    <description><![CDATA[<b>Magnitud:</b> 1.4 MLr_2<br/><b>Profundidad:</b> 14 km<br/><b>Hora local:</b> 2026-03-07T20:43:01+00:00<br/><b>Lugar:</b> San Vicente del Caguán - Caquetá, Colombia<br/>]]></description>
    <Point>
      <coordinates>-75.0246,2.7221,-14000</coordinates>
    </Point>
  </Placemark>
  <Placemark>
    <name>M2.3 - San Vicente del Caguán - Caquetá, Colombia</name>
    <description><![CDATA[<b>Magnitud:</b> 2.3 MLr_2<br/><b>Profundidad:</b> 34 km<br/><b>Hora local:</b> 2026-03-05T20:27:40+00:00<br/><b>Lugar:</b> San Vicente del Caguán - Caquetá, Colombia<br/>]]></description>
    <Point>
      <coordinates>-75.1415,2.6557,-34000</coordinates>
    </Point>
  </Placemark>
  <Placemark>
    <name>M1.4 - Hobo - Huila, Colombia</name>
    <description><![CDATA[<b>Magnitud:</b> 1.4 MLr_2<br/><b>Profundidad:</b> 28 km<br/><b>Hora local:</b> 2026-03-03T04:19:52+00:00<br/><b>Lugar:</b> Hobo - Huila, Colombia<br/>]]></description>
    <Point>
      <coordinates>-75.4564,2.5541,-28000</coordinates>
    </Point>
  </Placemark>
  <Placemark>
    <name>M1.6 - San Vicente del Caguán - Caquetá, Colombia</name>
    <description><![CDATA[<b>Magnitud:</b> 1.6 MLr_2<br/><b>Profundidad:</b> 4 km<br/><b>Hora local:</b> 2026-02-27T02:47:40+00:00<br/><b>Lugar:</b> San Vicente del Caguán - Caquetá, Colombia<br/>]]></description>
    <Point>
      <coordinates>-75.0233,2.6943,-4000</coordinates>
    </Point>
  </Placemark>
  <Placemark>
    <name>M1.6 - Neiva - Huila, Colombia</name>
    <description><![CDATA[<b>Magnitud:</b> 1.6 MLr_2<br/><b>Profundidad:</b> 37 km<br/><b>Hora local:</b> 2026-02-15T23:41:34+00:00<br/><b>Lugar:</b> Neiva - Huila, Colombia<br/>]]></description>
    <Point>
      <coordinates>-75.2219,2.9234,-37000</coordinates>
    </Point>
  </Placemark>
  <Placemark>
    <name>M1.4 - San Vicente del Caguán - Caquetá, Colombia</name>
    <description><![CDATA[<b>Magnitud:</b> 1.4 MLr_2<br/><b>Profundidad:</b> 10 km<br/><b>Hora local:</b> 2026-02-13T23:21:47+00:00<br/><b>Lugar:</b> San Vicente del Caguán - Caquetá, Colombia<br/>]]></description>
    <Point>
      <coordinates>-75.027,2.7058,-10000</coordinates>
    </Point>
  </Placemark>
  <Placemark>
    <name>M1.7 - San Vicente del Caguán - Caquetá, Colombia</name>
    <description><![CDATA[<b>Magnitud:</b> 1.7 MLr_2<br/><b>Profundidad:</b> 34 km<br/><b>Hora local:</b> 2026-02-13T21:49:48+00:00<br/><b>Lugar:</b> San Vicente del Caguán - Caquetá, Colombia<br/>]]></description>
    <Point>
      <coordinates>-75.032,2.7033,-34000</coordinates>
    </Point>
  </Placemark>
  <Placemark>
    <name>M2.4 - San Vicente del Caguán - Caquetá, Colombia</name>
    <description><![CDATA[<b>Magnitud:</b> 2.4 MLr_2<br/><b>Profundidad:</b> 31 km<br/><b>Hora local:</b> 2026-02-08T14:50:13+00:00<br/><b>Lugar:</b> San Vicente del Caguán - Caquetá, Colombia<br/>]]></description>
    <Point>
      <coordinates>-75.0782,2.6806,-31000</coordinates>
    </Point>
  </Placemark>
  <Placemark>
    <name>M1.6 - Villavieja - Huila, Colombia</name>
    <description><![CDATA[<b>Magnitud:</b> 1.6 MLr_2<br/><b>Profundidad:</b> 44 km<br/><b>Hora local:</b> 2026-02-06T16:42:01+00:00<br/><b>Lugar:</b> Villavieja - Huila, Colombia<br/>]]></description>
    <Point>
      <coordinates>-75.1937,3.2102,-44000</coordinates>
    </Point>
  </Placemark>
  <Placemark>
    <name>M1.9 - Tello - Huila, Colombia</name>
    <description><![CDATA[<b>Magnitud:</b> 1.9 MLr_2<br/><b>Profundidad:</b> 35 km<br/><b>Hora local:</b> 2026-02-06T12:56:31+00:00<br/><b>Lugar:</b> Tello - Huila, Colombia<br/>]]></description>
    <Point>
      <coordinates>-75.2223,3.1499,-35000</coordinates>
    </Point>
  </Placemark>
  <Placemark>
    <name>M1.9 - San Vicente del Caguán - Caquetá, Colombia</name>
    <description><![CDATA[<b>Magnitud:</b> 1.9 MLr_2<br/><b>Profundidad:</b> 32 km<br/><b>Hora local:</b> 2026-02-06T04:28:45+00:00<br/><b>Lugar:</b> San Vicente del Caguán - Caquetá, Colombia<br/>]]></description>
    <Point>
      <coordinates>-75.0831,2.6948,-32000</coordinates>
    </Point>
  </Placemark>
  <Placemark>
    <name>M1.9 - Campoalegre - Huila, Colombia</name>
    <description><![CDATA[<b>Magnitud:</b> 1.9 MLr_2<br/><b>Profundidad:</b> 40 km<br/><b>Hora local:</b> 2026-02-02T11:37:38+00:00<br/><b>Lugar:</b> Campoalegre - Huila, Colombia<br/>]]></description>
    <Point>
      <coordinates>-75.3542,2.5456,-40000</coordinates>
    </Point>
  </Placemark>
  <Placemark>
    <name>M1.5 - Algeciras - Huila, Colombia</name>
    <description><![CDATA[<b>Magnitud:</b> 1.5 MLr_2<br/><b>Profundidad:</b> 19 km<br/><b>Hora local:</b> 2026-01-31T00:00:24+00:00<br/><b>Lugar:</b> Algeciras - Huila, Colombia<br/>]]></description>
    <Point>
      <coordinates>-75.1618,2.6504,-19000</coordinates>
    </Point>
  </Placemark>
  <Placemark>
    <name>M1.3 - Campoalegre - Huila, Colombia</name>
    <description><![CDATA[<b>Magnitud:</b> 1.3 MLr_2<br/><b>Profundidad:</b> 15 km<br/><b>Hora local:</b> 2026-01-25T12:08:02+00:00<br/><b>Lugar:</b> Campoalegre - Huila, Colombia<br/>]]></description>
    <Point>
      <coordinates>-75.334,2.5615,-15000</coordinates>
    </Point>
  </Placemark>
  <Placemark>
    <name>M2.0 - Aipe - Huila, Colombia</name>
    <description><![CDATA[<b>Magnitud:</b> 2.0 MLr_2<br/><b>Profundidad:</b> 29 km<br/><b>Hora local:</b> 2026-01-23T21:26:03+00:00<br/><b>Lugar:</b> Aipe - Huila, Colombia<br/>]]></description>
    <Point>
      <coordinates>-75.2375,3.279,-29000</coordinates>
    </Point>
  </Placemark>
  <Placemark>
    <name>M1.3 - Íquira - Huila, Colombia</name>
    <description><![CDATA[<b>Magnitud:</b> 1.3 MLr_2<br/><b>Profundidad:</b> 22 km<br/><b>Hora local:</b> 2026-01-22T07:14:46+00:00<br/><b>Lugar:</b> Íquira - Huila, Colombia<br/>]]></description>
    <Point>
      <coordinates>-75.6595,2.6975,-22000</coordinates>
    </Point>
  </Placemark>
  <Placemark>
    <name>M1.5 - San Vicente del Caguán - Caquetá, Colombia</name>
    <description><![CDATA[<b>Magnitud:</b> 1.5 MLr_2<br/><b>Profundidad:</b> 4 km<br/><b>Hora local:</b> 2026-01-22T01:15:52+00:00<br/><b>Lugar:</b> San Vicente del Caguán - Caquetá, Colombia<br/>]]></description>
    <Point>
      <coordinates>-75.0593,2.669,-4000</coordinates>
    </Point>
  </Placemark>
  <Placemark>
    <name>M1.9 - Algeciras - Huila, Colombia</name>
    <description><![CDATA[<b>Magnitud:</b> 1.9 MLr_2<br/><b>Profundidad:</b> 31 km<br/><b>Hora local:</b> 2026-01-21T09:09:14+00:00<br/><b>Lugar:</b> Algeciras - Huila, Colombia<br/>]]></description>
    <Point>
      <coordinates>-75.149,2.6821,-31000</coordinates>
    </Point>
  </Placemark>
  <Placemark>
    <name>M1.3 - San Vicente del Caguán - Caquetá, Colombia</name>
    <description><![CDATA[<b>Magnitud:</b> 1.3 MLr_2<br/><b>Profundidad:</b> 18 km<br/><b>Hora local:</b> 2026-01-19T04:17:20+00:00<br/><b>Lugar:</b> San Vicente del Caguán - Caquetá, Colombia<br/>]]></description>
    <Point>
      <coordinates>-75.1246,2.6846,-18000</coordinates>
    </Point>
  </Placemark>
  <Placemark>
    <name>M2.3 - Campoalegre - Huila, Colombia</name>
    <description><![CDATA[<b>Magnitud:</b> 2.3 MLr_2<br/><b>Profundidad:</b> 33 km<br/><b>Hora local:</b> 2026-01-17T08:08:23+00:00<br/><b>Lugar:</b> Campoalegre - Huila, Colombia<br/>]]></description>
    <Point>
      <coordinates>-75.3813,2.5229,-33000</coordinates>
    </Point>
  </Placemark>
  <Placemark>
    <name>M1.9 - Yaguará - Huila, Colombia</name>
    <description><![CDATA[<b>Magnitud:</b> 1.9 MLr_2<br/><b>Profundidad:</b> 12 km<br/><b>Hora local:</b> 2026-01-14T14:52:44+00:00<br/><b>Lugar:</b> Yaguará - Huila, Colombia<br/>]]></description>
    <Point>
      <coordinates>-75.4546,2.7271,-12000</coordinates>
    </Point>
  </Placemark>
  <Placemark>
    <name>M1.9 - Campoalegre - Huila, Colombia</name>
    <description><![CDATA[<b>Magnitud:</b> 1.9 MLr_2<br/><b>Profundidad:</b> 35 km<br/><b>Hora local:</b> 2026-01-11T03:36:42+00:00<br/><b>Lugar:</b> Campoalegre - Huila, Colombia<br/>]]></description>
    <Point>
      <coordinates>-75.3632,2.525,-35000</coordinates>
    </Point>
  </Placemark>
  <Placemark>
    <name>M1.2 - San Vicente del Caguán - Caquetá, Colombia</name>
    <description><![CDATA[<b>Magnitud:</b> 1.2 MLr_2<br/><b>Profundidad:</b> 4 km<br/><b>Hora local:</b> 2026-01-07T22:27:20+00:00<br/><b>Lugar:</b> San Vicente del Caguán - Caquetá, Colombia<br/>]]></description>
    <Point>
      <coordinates>-75.0435,2.6551,-4000</coordinates>
    </Point>
  </Placemark>
  <Placemark>
    <name>M1.8 - Aipe - Huila, Colombia</name>
    <description><![CDATA[<b>Magnitud:</b> 1.8 MLr_2<br/><b>Profundidad:</b> 33 km<br/><b>Hora local:</b> 2026-01-07T08:27:37+00:00<br/><b>Lugar:</b> Aipe - Huila, Colombia<br/>]]></description>
    <Point>
      <coordinates>-75.2695,3.3023,-33000</coordinates>
    </Point>
  </Placemark>
  <Placemark>
    <name>M1.3 - San Vicente del Caguán - Caquetá, Colombia</name>
    <description><![CDATA[<b>Magnitud:</b> 1.3 MLr_2<br/><b>Profundidad:</b> 3 km<br/><b>Hora local:</b> 2026-01-06T17:47:11+00:00<br/><b>Lugar:</b> San Vicente del Caguán - Caquetá, Colombia<br/>]]></description>
    <Point>
      <coordinates>-74.9128,2.8013,-3000</coordinates>
    </Point>
  </Placemark>
  <Placemark>
    <name>M1.4 - Hobo - Huila, Colombia</name>
    <description><![CDATA[<b>Magnitud:</b> 1.4 MLr_2<br/><b>Profundidad:</b> 28 km<br/><b>Hora local:</b> 2026-01-06T14:15:46+00:00<br/><b>Lugar:</b> Hobo - Huila, Colombia<br/>]]></description>
    <Point>
      <coordinates>-75.3946,2.5393,-28000</coordinates>
    </Point>
  </Placemark>
  <Placemark>
    <name>M2.3 - San Vicente del Caguán - Caquetá, Colombia</name>
    <description><![CDATA[<b>Magnitud:</b> 2.3 MLr_2<br/><b>Profundidad:</b> 36 km<br/><b>Hora local:</b> 2025-12-31T14:45:37+00:00<br/><b>Lugar:</b> San Vicente del Caguán - Caquetá, Colombia<br/>]]></description>
    <Point>
      <coordinates>-75.0107,2.7202,-36000</coordinates>
    </Point>
  </Placemark>
  <Placemark>
    <name>M1.7 - Uribe - Meta, Colombia</name>
    <description><![CDATA[<b>Magnitud:</b> 1.7 MLr_2<br/><b>Profundidad:</b> 29 km<br/><b>Hora local:</b> 2025-12-31T13:56:06+00:00<br/><b>Lugar:</b> Uribe - Meta, Colombia<br/>]]></description>
    <Point>
      <coordinates>-74.8706,2.9298,-29000</coordinates>
    </Point>
  </Placemark>
  <Placemark>
    <name>M2.0 - San Vicente del Caguán - Caquetá, Colombia</name>
    <description><![CDATA[<b>Magnitud:</b> 2.0 MLr_2<br/><b>Profundidad:</b> 31 km<br/><b>Hora local:</b> 2025-12-29T02:50:49+00:00<br/><b>Lugar:</b> San Vicente del Caguán - Caquetá, Colombia<br/>]]></description>
    <Point>
      <coordinates>-75.0656,2.7441,-31000</coordinates>
    </Point>
  </Placemark>
  <Placemark>
    <name>M1.0 - San Vicente del Caguán - Caquetá, Colombia</name>
    <description><![CDATA[<b>Magnitud:</b> 1.0 MLr_2<br/><b>Profundidad:</b> 3 km<br/><b>Hora local:</b> 2025-12-28T22:03:16+00:00<br/><b>Lugar:</b> San Vicente del Caguán - Caquetá, Colombia<br/>]]></description>
    <Point>
      <coordinates>-75.0205,2.741,-3000</coordinates>
    </Point>
  </Placemark>
  <Placemark>
    <name>M1.2 - Campoalegre - Huila, Colombia</name>
    <description><![CDATA[<b>Magnitud:</b> 1.2 MLr_2<br/><b>Profundidad:</b> 25 km<br/><b>Hora local:</b> 2025-12-24T20:44:02+00:00<br/><b>Lugar:</b> Campoalegre - Huila, Colombia<br/>]]></description>
    <Point>
      <coordinates>-75.3786,2.5213,-25000</coordinates>
    </Point>
  </Placemark>
  <Placemark>
    <name>M4.4 - Neiva - Huila, Colombia</name>
    <description><![CDATA[<b>Magnitud:</b> 4.4 Mw<br/><b>Profundidad:</b> 51 km<br/><b>Hora local:</b> 2025-12-21T09:05:29+00:00<br/><b>Lugar:</b> Neiva - Huila, Colombia<br/>]]></description>
    <Point>
      <coordinates>-75.2982,3.0118,-51000</coordinates>
    </Point>
  </Placemark>
  <Placemark>
    <name>M1.7 - San Vicente del Caguán - Caquetá, Colombia</name>
    <description><![CDATA[<b>Magnitud:</b> 1.7 MLr_2<br/><b>Profundidad:</b> 33 km<br/><b>Hora local:</b> 2025-12-17T16:17:24+00:00<br/><b>Lugar:</b> San Vicente del Caguán - Caquetá, Colombia<br/>]]></description>
    <Point>
      <coordinates>-74.9025,2.9065,-33000</coordinates>
    </Point>
  </Placemark>
  <Placemark>
    <name>M1.6 - Villavieja - Huila, Colombia</name>
    <description><![CDATA[<b>Magnitud:</b> 1.6 MLr_2<br/><b>Profundidad:</b> 38 km<br/><b>Hora local:</b> 2025-12-17T02:02:55+00:00<br/><b>Lugar:</b> Villavieja - Huila, Colombia<br/>]]></description>
    <Point>
      <coordinates>-75.2331,3.188,-38000</coordinates>
    </Point>
  </Placemark>
  <Placemark>
    <name>M1.6 - San Vicente del Caguán - Caquetá, Colombia</name>
    <description><![CDATA[<b>Magnitud:</b> 1.6 MLr_2<br/><b>Profundidad:</b> 32 km<br/><b>Hora local:</b> 2025-12-14T01:21:59+00:00<br/><b>Lugar:</b> San Vicente del Caguán - Caquetá, Colombia<br/>]]></description>
    <Point>
      <coordinates>-74.8641,2.8853,-32000</coordinates>
    </Point>
  </Placemark>
  <Placemark>
    <name>M1.2 - Rivera - Huila, Colombia</name>
    <description><![CDATA[<b>Magnitud:</b> 1.2 MLr_2<br/><b>Profundidad:</b> 4 km<br/><b>Hora local:</b> 2025-12-13T19:54:26+00:00<br/><b>Lugar:</b> Rivera - Huila, Colombia<br/>]]></description>
    <Point>
      <coordinates>-75.1354,2.7721,-4000</coordinates>
    </Point>
  </Placemark>
  <Placemark>
    <name>M2.0 - Santa María - Huila, Colombia</name>
    <description><![CDATA[<b>Magnitud:</b> 2.0 MLr_2<br/><b>Profundidad:</b> 29 km<br/><b>Hora local:</b> 2025-12-10T14:20:24+00:00<br/><b>Lugar:</b> Santa María - Huila, Colombia<br/>]]></description>
    <Point>
      <coordinates>-75.6988,2.9023,-29000</coordinates>
    </Point>
  </Placemark>
  <Placemark>
    <name>M1.4 - San Vicente del Caguán - Caquetá, Colombia</name>
    <description><![CDATA[<b>Magnitud:</b> 1.4 MLr_2<br/><b>Profundidad:</b> 0 km<br/><b>Hora local:</b> 2025-12-09T09:39:18+00:00<br/><b>Lugar:</b> San Vicente del Caguán - Caquetá, Colombia<br/>]]></description>
    <Point>
      <coordinates>-74.9376,2.8421,0</coordinates>
    </Point>
  </Placemark>
  <Placemark>
    <name>M2.7 - Tello - Huila, Colombia</name>
    <description><![CDATA[<b>Magnitud:</b> 2.7 MLr_2<br/><b>Profundidad:</b> 22 km<br/><b>Hora local:</b> 2025-12-08T08:49:32+00:00<br/><b>Lugar:</b> Tello - Huila, Colombia<br/>]]></description>
    <Point>
      <coordinates>-74.9169,2.9261,-22000</coordinates>
    </Point>
  </Placemark>
  <Placemark>
    <name>M1.4 - Algeciras - Huila, Colombia</name>
    <description><![CDATA[<b>Magnitud:</b> 1.4 MLr_2<br/><b>Profundidad:</b> 25 km<br/><b>Hora local:</b> 2025-12-08T04:14:21+00:00<br/><b>Lugar:</b> Algeciras - Huila, Colombia<br/>]]></description>
    <Point>
      <coordinates>-75.3063,2.5424,-25000</coordinates>
    </Point>
  </Placemark>
  <Placemark>
    <name>M1.6 - Campoalegre - Huila, Colombia</name>
    <description><![CDATA[<b>Magnitud:</b> 1.6 MLr_2<br/><b>Profundidad:</b> 22 km<br/><b>Hora local:</b> 2025-12-06T09:10:07+00:00<br/><b>Lugar:</b> Campoalegre - Huila, Colombia<br/>]]></description>
    <Point>
      <coordinates>-75.384,2.5287,-22000</coordinates>
    </Point>
  </Placemark>
  <Placemark>
    <name>M1.1 - San Vicente del Caguán - Caquetá, Colombia</name>
    <description><![CDATA[<b>Magnitud:</b> 1.1 MLr_2<br/><b>Profundidad:</b> 0 km<br/><b>Hora local:</b> 2025-12-06T03:44:46+00:00<br/><b>Lugar:</b> San Vicente del Caguán - Caquetá, Colombia<br/>]]></description>
    <Point>
      <coordinates>-75.0506,2.6685,0</coordinates>
    </Point>
  </Placemark>
  <Placemark>
    <name>M1.6 - Hobo - Huila, Colombia</name>
    <description><![CDATA[<b>Magnitud:</b> 1.6 MLr_2<br/><b>Profundidad:</b> 23 km<br/><b>Hora local:</b> 2025-12-04T12:43:38+00:00<br/><b>Lugar:</b> Hobo - Huila, Colombia<br/>]]></description>
    <Point>
      <coordinates>-75.3872,2.5255,-23000</coordinates>
    </Point>
  </Placemark>
  <Placemark>
    <name>M1.9 - San Vicente del Caguán - Caquetá, Colombia</name>
    <description><![CDATA[<b>Magnitud:</b> 1.9 MLr_2<br/><b>Profundidad:</b> 26 km<br/><b>Hora local:</b> 2025-12-02T08:18:47+00:00<br/><b>Lugar:</b> San Vicente del Caguán - Caquetá, Colombia<br/>]]></description>
    <Point>
      <coordinates>-75.0342,2.7351,-26000</coordinates>
    </Point>
  </Placemark>
  <Placemark>
    <name>M3.5 - San Vicente del Caguán - Caquetá, Colombia</name>
    <description><![CDATA[<b>Magnitud:</b> 3.5 MLr_2<br/><b>Profundidad:</b> 30 km<br/><b>Hora local:</b> 2025-12-02T03:35:14+00:00<br/><b>Lugar:</b> San Vicente del Caguán - Caquetá, Colombia<br/>]]></description>
    <Point>
      <coordinates>-75.0762,2.7271,-30000</coordinates>
    </Point>
  </Placemark>
  <Placemark>
    <name>M2.0 - Hobo - Huila, Colombia</name>
    <description><![CDATA[<b>Magnitud:</b> 2.0 MLr_2<br/><b>Profundidad:</b> 29 km<br/><b>Hora local:</b> 2025-11-29T11:43:03+00:00<br/><b>Lugar:</b> Hobo - Huila, Colombia<br/>]]></description>
    <Point>
      <coordinates>-75.3951,2.5112,-29000</coordinates>
    </Point>
  </Placemark>
  <Placemark>
    <name>M1.5 - Hobo - Huila, Colombia</name>
    <description><![CDATA[<b>Magnitud:</b> 1.5 MLr_2<br/><b>Profundidad:</b> 20 km<br/><b>Hora local:</b> 2025-11-29T08:40:27+00:00<br/><b>Lugar:</b> Hobo - Huila, Colombia<br/>]]></description>
    <Point>
      <coordinates>-75.4075,2.5689,-20000</coordinates>
    </Point>
  </Placemark>
  <Placemark>
    <name>M1.3 - San Vicente del Caguán - Caquetá, Colombia</name>
    <description><![CDATA[<b>Magnitud:</b> 1.3 MLr_2<br/><b>Profundidad:</b> 33 km<br/><b>Hora local:</b> 2025-11-27T19:29:20+00:00<br/><b>Lugar:</b> San Vicente del Caguán - Caquetá, Colombia<br/>]]></description>
    <Point>
      <coordinates>-74.9407,2.8642,-33000</coordinates>
    </Point>
  </Placemark>
  <Placemark>
    <name>M1.5 - San Vicente del Caguán - Caquetá, Colombia</name>
    <description><![CDATA[<b>Magnitud:</b> 1.5 MLr_2<br/><b>Profundidad:</b> 10 km<br/><b>Hora local:</b> 2025-11-19T07:01:11+00:00<br/><b>Lugar:</b> San Vicente del Caguán - Caquetá, Colombia<br/>]]></description>
    <Point>
      <coordinates>-75.067,2.6366,-10000</coordinates>
    </Point>
  </Placemark>
  <Placemark>
    <name>M2.1 - San Vicente del Caguán - Caquetá, Colombia</name>
    <description><![CDATA[<b>Magnitud:</b> 2.1 MLr_2<br/><b>Profundidad:</b> 32 km<br/><b>Hora local:</b> 2025-11-12T05:26:45+00:00<br/><b>Lugar:</b> San Vicente del Caguán - Caquetá, Colombia<br/>]]></description>
    <Point>
      <coordinates>-75.0527,2.706,-32000</coordinates>
    </Point>
  </Placemark>
  <Placemark>
    <name>M1.6 - San Vicente del Caguán - Caquetá, Colombia</name>
    <description><![CDATA[<b>Magnitud:</b> 1.6 MLr_2<br/><b>Profundidad:</b> 34 km<br/><b>Hora local:</b> 2025-11-10T18:35:31+00:00<br/><b>Lugar:</b> San Vicente del Caguán - Caquetá, Colombia<br/>]]></description>
    <Point>
      <coordinates>-74.8876,2.9171,-34000</coordinates>
    </Point>
  </Placemark>
  <Placemark>
    <name>M1.4 - Campoalegre - Huila, Colombia</name>
    <description><![CDATA[<b>Magnitud:</b> 1.4 MLr_2<br/><b>Profundidad:</b> 27 km<br/><b>Hora local:</b> 2025-11-09T05:59:40+00:00<br/><b>Lugar:</b> Campoalegre - Huila, Colombia<br/>]]></description>
    <Point>
      <coordinates>-75.3394,2.5689,-27000</coordinates>
    </Point>
  </Placemark>
  <Placemark>
    <name>M1.9 - Hobo - Huila, Colombia</name>
    <description><![CDATA[<b>Magnitud:</b> 1.9 MLr_2<br/><b>Profundidad:</b> 27 km<br/><b>Hora local:</b> 2025-11-08T09:04:39+00:00<br/><b>Lugar:</b> Hobo - Huila, Colombia<br/>]]></description>
    <Point>
      <coordinates>-75.432,2.5911,-27000</coordinates>
    </Point>
  </Placemark>
  <Placemark>
    <name>M1.9 - San Vicente del Caguán - Caquetá, Colombia</name>
    <description><![CDATA[<b>Magnitud:</b> 1.9 MLr_2<br/><b>Profundidad:</b> 6 km<br/><b>Hora local:</b> 2025-11-04T18:57:12+00:00<br/><b>Lugar:</b> San Vicente del Caguán - Caquetá, Colombia<br/>]]></description>
    <Point>
      <coordinates>-74.9855,2.7795,-6000</coordinates>
    </Point>
  </Placemark>
  <Placemark>
    <name>M1.7 - San Vicente del Caguán - Caquetá, Colombia</name>
    <description><![CDATA[<b>Magnitud:</b> 1.7 MLr_2<br/><b>Profundidad:</b> 28 km<br/><b>Hora local:</b> 2025-11-04T01:10:26+00:00<br/><b>Lugar:</b> San Vicente del Caguán - Caquetá, Colombia<br/>]]></description>
    <Point>
      <coordinates>-75.1064,2.6419,-28000</coordinates>
    </Point>
  </Placemark>
  <Placemark>
    <name>M1.5 - San Vicente del Caguán - Caquetá, Colombia</name>
    <description><![CDATA[<b>Magnitud:</b> 1.5 MLr_2<br/><b>Profundidad:</b> 5 km<br/><b>Hora local:</b> 2025-10-31T10:22:02+00:00<br/><b>Lugar:</b> San Vicente del Caguán - Caquetá, Colombia<br/>]]></description>
    <Point>
      <coordinates>-75.0303,2.688,-5000</coordinates>
    </Point>
  </Placemark>
  <Placemark>
    <name>M1.3 - Santa María - Huila, Colombia</name>
    <description><![CDATA[<b>Magnitud:</b> 1.3 MLr_2<br/><b>Profundidad:</b> 21 km<br/><b>Hora local:</b> 2025-10-28T22:22:03+00:00<br/><b>Lugar:</b> Santa María - Huila, Colombia<br/>]]></description>
    <Point>
      <coordinates>-75.6946,2.9256,-21000</coordinates>
    </Point>
  </Placemark>
  <Placemark>
    <name>M1.6 - Uribe - Meta, Colombia</name>
    <description><![CDATA[<b>Magnitud:</b> 1.6 MLr_2<br/><b>Profundidad:</b> 30 km<br/><b>Hora local:</b> 2025-10-25T14:21:30+00:00<br/><b>Lugar:</b> Uribe - Meta, Colombia<br/>]]></description>
    <Point>
      <coordinates>-74.8663,2.9192,-30000</coordinates>
    </Point>
  </Placemark>
  <Placemark>
    <name>M1.4 - Rivera - Huila, Colombia</name>
    <description><![CDATA[<b>Magnitud:</b> 1.4 MLr_2<br/><b>Profundidad:</b> 33 km<br/><b>Hora local:</b> 2025-10-25T08:46:34+00:00<br/><b>Lugar:</b> Rivera - Huila, Colombia<br/>]]></description>
    <Point>
      <coordinates>-75.1555,2.7414,-33000</coordinates>
    </Point>
  </Placemark>
  <Placemark>
    <name>M1.3 - Hobo - Huila, Colombia</name>
    <description><![CDATA[<b>Magnitud:</b> 1.3 MLr_2<br/><b>Profundidad:</b> 24 km<br/><b>Hora local:</b> 2025-10-24T01:54:54+00:00<br/><b>Lugar:</b> Hobo - Huila, Colombia<br/>]]></description>
    <Point>
      <coordinates>-75.4521,2.5765,-24000</coordinates>
    </Point>
  </Placemark>
  <Placemark>
    <name>M1.5 - Planadas - Tolima, Colombia</name>
    <description><![CDATA[<b>Magnitud:</b> 1.5 MLr_2<br/><b>Profundidad:</b> 22 km<br/><b>Hora local:</b> 2025-10-22T22:26:50+00:00<br/><b>Lugar:</b> Planadas - Tolima, Colombia<br/>]]></description>
    <Point>
      <coordinates>-75.6497,3.0922,-22000</coordinates>
    </Point>
  </Placemark>
  <Placemark>
    <name>M1.5 - Campoalegre - Huila, Colombia</name>
    <description><![CDATA[<b>Magnitud:</b> 1.5 MLr_2<br/><b>Profundidad:</b> 27 km<br/><b>Hora local:</b> 2025-10-19T11:55:56+00:00<br/><b>Lugar:</b> Campoalegre - Huila, Colombia<br/>]]></description>
    <Point>
      <coordinates>-75.2958,2.5932,-27000</coordinates>
    </Point>
  </Placemark>
  <Placemark>
    <name>M1.2 - Hobo - Huila, Colombia</name>
    <description><![CDATA[<b>Magnitud:</b> 1.2 MLr_2<br/><b>Profundidad:</b> 28 km<br/><b>Hora local:</b> 2025-10-17T01:11:01+00:00<br/><b>Lugar:</b> Hobo - Huila, Colombia<br/>]]></description>
    <Point>
      <coordinates>-75.4553,2.5149,-28000</coordinates>
    </Point>
  </Placemark>
  <Placemark>
    <name>M2.0 - Íquira - Huila, Colombia</name>
    <description><![CDATA[<b>Magnitud:</b> 2.0 MLr_2<br/><b>Profundidad:</b> 17 km<br/><b>Hora local:</b> 2025-10-15T01:06:57+00:00<br/><b>Lugar:</b> Íquira - Huila, Colombia<br/>]]></description>
    <Point>
      <coordinates>-75.635,2.7197,-17000</coordinates>
    </Point>
  </Placemark>
  <Placemark>
    <name>M2.2 - San Vicente del Caguán - Caquetá, Colombia</name>
    <description><![CDATA[<b>Magnitud:</b> 2.2 MLr_2<br/><b>Profundidad:</b> 33 km<br/><b>Hora local:</b> 2025-10-11T00:40:40+00:00<br/><b>Lugar:</b> San Vicente del Caguán - Caquetá, Colombia<br/>]]></description>
    <Point>
      <coordinates>-75.0326,2.7599,-33000</coordinates>
    </Point>
  </Placemark>
  <Placemark>
    <name>M1.4 - Santa María - Huila, Colombia</name>
    <description><![CDATA[<b>Magnitud:</b> 1.4 MLr_2<br/><b>Profundidad:</b> 23 km<br/><b>Hora local:</b> 2025-10-09T10:57:06+00:00<br/><b>Lugar:</b> Santa María - Huila, Colombia<br/>]]></description>
    <Point>
      <coordinates>-75.7132,2.9134,-23000</coordinates>
    </Point>
  </Placemark>
  <Placemark>
    <name>M2.2 - Hobo - Huila, Colombia</name>
    <description><![CDATA[<b>Magnitud:</b> 2.2 MLr_2<br/><b>Profundidad:</b> 6 km<br/><b>Hora local:</b> 2025-10-08T23:09:43+00:00<br/><b>Lugar:</b> Hobo - Huila, Colombia<br/>]]></description>
    <Point>
      <coordinates>-75.4223,2.5093,-6000</coordinates>
    </Point>
  </Placemark>
  <Placemark>
    <name>M1.5 - San Vicente del Caguán - Caquetá, Colombia</name>
    <description><![CDATA[<b>Magnitud:</b> 1.5 MLr_2<br/><b>Profundidad:</b> 4 km<br/><b>Hora local:</b> 2025-10-06T11:42:01+00:00<br/><b>Lugar:</b> San Vicente del Caguán - Caquetá, Colombia<br/>]]></description>
    <Point>
      <coordinates>-75.0348,2.715,-4000</coordinates>
    </Point>
  </Placemark>
  <Placemark>
    <name>M1.1 - Campoalegre - Huila, Colombia</name>
    <description><![CDATA[<b>Magnitud:</b> 1.1 MLr_2<br/><b>Profundidad:</b> 30 km<br/><b>Hora local:</b> 2025-10-05T23:24:35+00:00<br/><b>Lugar:</b> Campoalegre - Huila, Colombia<br/>]]></description>
    <Point>
      <coordinates>-75.3754,2.5202,-30000</coordinates>
    </Point>
  </Placemark>
  <Placemark>
    <name>M2.9 - San Vicente del Caguán - Caquetá, Colombia</name>
    <description><![CDATA[<b>Magnitud:</b> 2.9 MLr_2<br/><b>Profundidad:</b> 33 km<br/><b>Hora local:</b> 2025-10-04T12:23:58+00:00<br/><b>Lugar:</b> San Vicente del Caguán - Caquetá, Colombia<br/>]]></description>
    <Point>
      <coordinates>-75.006,2.7409,-33000</coordinates>
    </Point>
  </Placemark>
  <Placemark>
    <name>M2.0 - San Vicente del Caguán - Caquetá, Colombia</name>
    <description><![CDATA[<b>Magnitud:</b> 2.0 MLr_2<br/><b>Profundidad:</b> 4 km<br/><b>Hora local:</b> 2025-10-04T03:20:06+00:00<br/><b>Lugar:</b> San Vicente del Caguán - Caquetá, Colombia<br/>]]></description>
    <Point>
      <coordinates>-75.0451,2.697,-4000</coordinates>
    </Point>
  </Placemark>
  <Placemark>
    <name>M2.2 - San Vicente del Caguán - Caquetá, Colombia</name>
    <description><![CDATA[<b>Magnitud:</b> 2.2 MLr_2<br/><b>Profundidad:</b> 38 km<br/><b>Hora local:</b> 2025-10-02T22:45:46+00:00<br/><b>Lugar:</b> San Vicente del Caguán - Caquetá, Colombia<br/>]]></description>
    <Point>
      <coordinates>-74.8487,2.907,-38000</coordinates>
    </Point>
  </Placemark>
  <Placemark>
    <name>M2.0 - Algeciras - Huila, Colombia</name>
    <description><![CDATA[<b>Magnitud:</b> 2.0 MLr_2<br/><b>Profundidad:</b> 27 km<br/><b>Hora local:</b> 2025-10-01T06:39:13+00:00<br/><b>Lugar:</b> Algeciras - Huila, Colombia<br/>]]></description>
    <Point>
      <coordinates>-75.1872,2.6165,-27000</coordinates>
    </Point>
  </Placemark>
  <Placemark>
    <name>M1.1 - San Vicente del Caguán - Caquetá, Colombia</name>
    <description><![CDATA[<b>Magnitud:</b> 1.1 MLr_2<br/><b>Profundidad:</b> 2 km<br/><b>Hora local:</b> 2025-09-26T21:21:07+00:00<br/><b>Lugar:</b> San Vicente del Caguán - Caquetá, Colombia<br/>]]></description>
    <Point>
      <coordinates>-74.9703,2.6818,-2000</coordinates>
    </Point>
  </Placemark>
  <Placemark>
    <name>M2.6 - Campoalegre - Huila, Colombia</name>
    <description><![CDATA[<b>Magnitud:</b> 2.6 MLr_2<br/><b>Profundidad:</b> 32 km<br/><b>Hora local:</b> 2025-09-25T18:37:06+00:00<br/><b>Lugar:</b> Campoalegre - Huila, Colombia<br/>]]></description>
    <Point>
      <coordinates>-75.3923,2.689,-32000</coordinates>
    </Point>
  </Placemark>
  <Placemark>
    <name>M2.0 - Villavieja - Huila, Colombia</name>
    <description><![CDATA[<b>Magnitud:</b> 2.0 MLr_2<br/><b>Profundidad:</b> 42 km<br/><b>Hora local:</b> 2025-09-24T04:59:14+00:00<br/><b>Lugar:</b> Villavieja - Huila, Colombia<br/>]]></description>
    <Point>
      <coordinates>-75.1269,3.332,-42000</coordinates>
    </Point>
  </Placemark>
  <Placemark>
    <name>M1.4 - San Vicente del Caguán - Caquetá, Colombia</name>
    <description><![CDATA[<b>Magnitud:</b> 1.4 MLr_2<br/><b>Profundidad:</b> 36 km<br/><b>Hora local:</b> 2025-09-22T22:39:35+00:00<br/><b>Lugar:</b> San Vicente del Caguán - Caquetá, Colombia<br/>]]></description>
    <Point>
      <coordinates>-74.9705,2.8303,-36000</coordinates>
    </Point>
  </Placemark>
  <Placemark>
    <name>M1.1 - Hobo - Huila, Colombia</name>
    <description><![CDATA[<b>Magnitud:</b> 1.1 MLr_2<br/><b>Profundidad:</b> 10 km<br/><b>Hora local:</b> 2025-09-21T02:09:22+00:00<br/><b>Lugar:</b> Hobo - Huila, Colombia<br/>]]></description>
    <Point>
      <coordinates>-75.3996,2.5495,-10000</coordinates>
    </Point>
  </Placemark>
  <Placemark>
    <name>M1.3 - San Vicente del Caguán - Caquetá, Colombia</name>
    <description><![CDATA[<b>Magnitud:</b> 1.3 MLr_2<br/><b>Profundidad:</b> 20 km<br/><b>Hora local:</b> 2025-09-18T01:52:12+00:00<br/><b>Lugar:</b> San Vicente del Caguán - Caquetá, Colombia<br/>]]></description>
    <Point>
      <coordinates>-74.9366,2.8106,-20000</coordinates>
    </Point>
  </Placemark>
  <Placemark>
    <name>M1.1 - Villavieja - Huila, Colombia</name>
    <description><![CDATA[<b>Magnitud:</b> 1.1 MLr_2<br/><b>Profundidad:</b> 20 km<br/><b>Hora local:</b> 2025-09-15T19:35:00+00:00<br/><b>Lugar:</b> Villavieja - Huila, Colombia<br/>]]></description>
    <Point>
      <coordinates>-75.2236,3.2801,-20000</coordinates>
    </Point>
  </Placemark>
  <Placemark>
    <name>M2.0 - San Vicente del Caguán - Caquetá, Colombia</name>
    <description><![CDATA[<b>Magnitud:</b> 2.0 MLr_2<br/><b>Profundidad:</b> 39 km<br/><b>Hora local:</b> 2025-09-12T19:47:43+00:00<br/><b>Lugar:</b> San Vicente del Caguán - Caquetá, Colombia<br/>]]></description>
    <Point>
      <coordinates>-74.8577,2.8811,-39000</coordinates>
    </Point>
  </Placemark>
  <Placemark>
    <name>M2.1 - Algeciras - Huila, Colombia</name>
    <description><![CDATA[<b>Magnitud:</b> 2.1 MLr_2<br/><b>Profundidad:</b> 25 km<br/><b>Hora local:</b> 2025-09-10T02:45:18+00:00<br/><b>Lugar:</b> Algeciras - Huila, Colombia<br/>]]></description>
    <Point>
      <coordinates>-75.2866,2.5112,-25000</coordinates>
    </Point>
  </Placemark>
  <Placemark>
    <name>M1.4 - San Vicente del Caguán - Caquetá, Colombia</name>
    <description><![CDATA[<b>Magnitud:</b> 1.4 MLr_2<br/><b>Profundidad:</b> 14 km<br/><b>Hora local:</b> 2025-09-10T00:23:55+00:00<br/><b>Lugar:</b> San Vicente del Caguán - Caquetá, Colombia<br/>]]></description>
    <Point>
      <coordinates>-75.0385,2.6781,-14000</coordinates>
    </Point>
  </Placemark>
  <Placemark>
    <name>M1.3 - San Vicente del Caguán - Caquetá, Colombia</name>
    <description><![CDATA[<b>Magnitud:</b> 1.3 MLr_2<br/><b>Profundidad:</b> 16 km<br/><b>Hora local:</b> 2025-09-06T22:22:12+00:00<br/><b>Lugar:</b> San Vicente del Caguán - Caquetá, Colombia<br/>]]></description>
    <Point>
      <coordinates>-75.1288,2.6381,-16000</coordinates>
    </Point>
  </Placemark>
  <Placemark>
    <name>M1.6 - San Vicente del Caguán - Caquetá, Colombia</name>
    <description><![CDATA[<b>Magnitud:</b> 1.6 MLr_2<br/><b>Profundidad:</b> 30 km<br/><b>Hora local:</b> 2025-09-06T19:10:42+00:00<br/><b>Lugar:</b> San Vicente del Caguán - Caquetá, Colombia<br/>]]></description>
    <Point>
      <coordinates>-75.0107,2.7097,-30000</coordinates>
    </Point>
  </Placemark>
  <Placemark>
    <name>M1.8 - San Vicente del Caguán - Caquetá, Colombia</name>
    <description><![CDATA[<b>Magnitud:</b> 1.8 MLr_2<br/><b>Profundidad:</b> 14 km<br/><b>Hora local:</b> 2025-09-03T15:42:02+00:00<br/><b>Lugar:</b> San Vicente del Caguán - Caquetá, Colombia<br/>]]></description>
    <Point>
      <coordinates>-75.1091,2.6405,-14000</coordinates>
    </Point>
  </Placemark>
  <Placemark>
    <name>M1.2 - San Vicente del Caguán - Caquetá, Colombia</name>
    <description><![CDATA[<b>Magnitud:</b> 1.2 MLr_2<br/><b>Profundidad:</b> 31 km<br/><b>Hora local:</b> 2025-09-02T20:08:29+00:00<br/><b>Lugar:</b> San Vicente del Caguán - Caquetá, Colombia<br/>]]></description>
    <Point>
      <coordinates>-74.9308,2.8323,-31000</coordinates>
    </Point>
  </Placemark>
  <Placemark>
    <name>M2.2 - San Vicente del Caguán - Caquetá, Colombia</name>
    <description><![CDATA[<b>Magnitud:</b> 2.2 MLr_2<br/><b>Profundidad:</b> 32 km<br/><b>Hora local:</b> 2025-09-02T16:20:26+00:00<br/><b>Lugar:</b> San Vicente del Caguán - Caquetá, Colombia<br/>]]></description>
    <Point>
      <coordinates>-74.9386,2.8599,-32000</coordinates>
    </Point>
  </Placemark>
  <Placemark>
    <name>M2.3 - Neiva - Huila, Colombia</name>
    <description><![CDATA[<b>Magnitud:</b> 2.3 MLr_2<br/><b>Profundidad:</b> 20 km<br/><b>Hora local:</b> 2025-09-02T02:19:41+00:00<br/><b>Lugar:</b> Neiva - Huila, Colombia<br/>]]></description>
    <Point>
      <coordinates>-74.9764,2.8753,-20000</coordinates>
    </Point>
  </Placemark>
  <Placemark>
    <name>M2.0 - San Vicente del Caguán - Caquetá, Colombia</name>
    <description><![CDATA[<b>Magnitud:</b> 2.0 MLr_2<br/><b>Profundidad:</b> 22 km<br/><b>Hora local:</b> 2025-08-20T23:01:33+00:00<br/><b>Lugar:</b> San Vicente del Caguán - Caquetá, Colombia<br/>]]></description>
    <Point>
      <coordinates>-74.9195,2.8896,-22000</coordinates>
    </Point>
  </Placemark>
  <Placemark>
    <name>M2.4 - Rivera - Huila, Colombia</name>
    <description><![CDATA[<b>Magnitud:</b> 2.4 MLr_2<br/><b>Profundidad:</b> 22 km<br/><b>Hora local:</b> 2025-08-20T21:44:33+00:00<br/><b>Lugar:</b> Rivera - Huila, Colombia<br/>]]></description>
    <Point>
      <coordinates>-75.1066,2.7414,-22000</coordinates>
    </Point>
  </Placemark>
  <Placemark>
    <name>M1.5 - Rivera - Huila, Colombia</name>
    <description><![CDATA[<b>Magnitud:</b> 1.5 MLr_2<br/><b>Profundidad:</b> 28 km<br/><b>Hora local:</b> 2025-08-20T21:21:36+00:00<br/><b>Lugar:</b> Rivera - Huila, Colombia<br/>]]></description>
    <Point>
      <coordinates>-75.1162,2.7658,-28000</coordinates>
    </Point>
  </Placemark>
  <Placemark>
    <name>M2.1 - Aipe - Huila, Colombia</name>
    <description><![CDATA[<b>Magnitud:</b> 2.1 MLr_2<br/><b>Profundidad:</b> 39 km<br/><b>Hora local:</b> 2025-08-17T04:11:20+00:00<br/><b>Lugar:</b> Aipe - Huila, Colombia<br/>]]></description>
    <Point>
      <coordinates>-75.1978,3.3589,-39000</coordinates>
    </Point>
  </Placemark>
  <Placemark>
    <name>M1.4 - San Vicente del Caguán - Caquetá, Colombia</name>
    <description><![CDATA[<b>Magnitud:</b> 1.4 MLr_2<br/><b>Profundidad:</b> 5 km<br/><b>Hora local:</b> 2025-08-15T23:07:23+00:00<br/><b>Lugar:</b> San Vicente del Caguán - Caquetá, Colombia<br/>]]></description>
    <Point>
      <coordinates>-74.9143,2.8133,-5000</coordinates>
    </Point>
  </Placemark>
  <Placemark>
    <name>M1.8 - Uribe - Meta, Colombia</name>
    <description><![CDATA[<b>Magnitud:</b> 1.8 MLr_2<br/><b>Profundidad:</b> 22 km<br/><b>Hora local:</b> 2025-08-14T03:00:11+00:00<br/><b>Lugar:</b> Uribe - Meta, Colombia<br/>]]></description>
    <Point>
      <coordinates>-74.8515,2.97,-22000</coordinates>
    </Point>
  </Placemark>
  <Placemark>
    <name>M2.3 - San Vicente del Caguán - Caquetá, Colombia</name>
    <description><![CDATA[<b>Magnitud:</b> 2.3 MLr_2<br/><b>Profundidad:</b> 23 km<br/><b>Hora local:</b> 2025-08-13T05:13:25+00:00<br/><b>Lugar:</b> San Vicente del Caguán - Caquetá, Colombia<br/>]]></description>
    <Point>
      <coordinates>-74.903,2.9388,-23000</coordinates>
    </Point>
  </Placemark>
  <Placemark>
    <name>M2.5 - Campoalegre - Huila, Colombia</name>
    <description><![CDATA[<b>Magnitud:</b> 2.5 MLr_2<br/><b>Profundidad:</b> 28 km<br/><b>Hora local:</b> 2025-08-09T00:58:10+00:00<br/><b>Lugar:</b> Campoalegre - Huila, Colombia<br/>]]></description>
    <Point>
      <coordinates>-75.2931,2.5959,-28000</coordinates>
    </Point>
  </Placemark>
  <Placemark>
    <name>M1.6 - Algeciras - Huila, Colombia</name>
    <description><![CDATA[<b>Magnitud:</b> 1.6 MLr_2<br/><b>Profundidad:</b> 26 km<br/><b>Hora local:</b> 2025-08-06T16:23:27+00:00<br/><b>Lugar:</b> Algeciras - Huila, Colombia<br/>]]></description>
    <Point>
      <coordinates>-75.3205,2.537,-26000</coordinates>
    </Point>
  </Placemark>
  <Placemark>
    <name>M1.8 - San Vicente del Caguán - Caquetá, Colombia</name>
    <description><![CDATA[<b>Magnitud:</b> 1.8 MLr_2<br/><b>Profundidad:</b> 22 km<br/><b>Hora local:</b> 2025-08-05T00:16:36+00:00<br/><b>Lugar:</b> San Vicente del Caguán - Caquetá, Colombia<br/>]]></description>
    <Point>
      <coordinates>-75.047,2.7499,-22000</coordinates>
    </Point>
  </Placemark>
  <Placemark>
    <name>M1.4 - San Vicente del Caguán - Caquetá, Colombia</name>
    <description><![CDATA[<b>Magnitud:</b> 1.4 MLr_2<br/><b>Profundidad:</b> 15 km<br/><b>Hora local:</b> 2025-08-01T23:12:02+00:00<br/><b>Lugar:</b> San Vicente del Caguán - Caquetá, Colombia<br/>]]></description>
    <Point>
      <coordinates>-74.982,2.6908,-15000</coordinates>
    </Point>
  </Placemark>
  <Placemark>
    <name>M1.5 - San Vicente del Caguán - Caquetá, Colombia</name>
    <description><![CDATA[<b>Magnitud:</b> 1.5 MLr_2<br/><b>Profundidad:</b> 14 km<br/><b>Hora local:</b> 2025-07-29T00:16:55+00:00<br/><b>Lugar:</b> San Vicente del Caguán - Caquetá, Colombia<br/>]]></description>
    <Point>
      <coordinates>-75.0845,2.668,-14000</coordinates>
    </Point>
  </Placemark>
  <Placemark>
    <name>M2.1 - Tello - Huila, Colombia</name>
    <description><![CDATA[<b>Magnitud:</b> 2.1 MLr_2<br/><b>Profundidad:</b> 23 km<br/><b>Hora local:</b> 2025-07-28T01:30:10+00:00<br/><b>Lugar:</b> Tello - Huila, Colombia<br/>]]></description>
    <Point>
      <coordinates>-74.9248,2.9266,-23000</coordinates>
    </Point>
  </Placemark>
  <Placemark>
    <name>M2.3 - Algeciras - Huila, Colombia</name>
    <description><![CDATA[<b>Magnitud:</b> 2.3 MLr_2<br/><b>Profundidad:</b> 26 km<br/><b>Hora local:</b> 2025-07-23T22:19:55+00:00<br/><b>Lugar:</b> Algeciras - Huila, Colombia<br/>]]></description>
    <Point>
      <coordinates>-75.2568,2.5514,-26000</coordinates>
    </Point>
  </Placemark>
  <Placemark>
    <name>M1.5 - Puerto Rico - Caquetá, Colombia</name>
    <description><![CDATA[<b>Magnitud:</b> 1.5 MLr_2<br/><b>Profundidad:</b> 40 km<br/><b>Hora local:</b> 2025-07-23T12:08:46+00:00<br/><b>Lugar:</b> Puerto Rico - Caquetá, Colombia<br/>]]></description>
    <Point>
      <coordinates>-75.1543,2.5718,-40000</coordinates>
    </Point>
  </Placemark>
  <Placemark>
    <name>M1.2 - Campoalegre - Huila, Colombia</name>
    <description><![CDATA[<b>Magnitud:</b> 1.2 MLr_2<br/><b>Profundidad:</b> 4 km<br/><b>Hora local:</b> 2025-07-22T01:34:28+00:00<br/><b>Lugar:</b> Campoalegre - Huila, Colombia<br/>]]></description>
    <Point>
      <coordinates>-75.3726,2.5991,-4000</coordinates>
    </Point>
  </Placemark>
  <Placemark>
    <name>M2.2 - San Vicente del Caguán - Caquetá, Colombia</name>
    <description><![CDATA[<b>Magnitud:</b> 2.2 MLr_2<br/><b>Profundidad:</b> 28 km<br/><b>Hora local:</b> 2025-07-19T00:45:10+00:00<br/><b>Lugar:</b> San Vicente del Caguán - Caquetá, Colombia<br/>]]></description>
    <Point>
      <coordinates>-75.0772,2.688,-28000</coordinates>
    </Point>
  </Placemark>
  <Placemark>
    <name>M1.5 - San Vicente del Caguán - Caquetá, Colombia</name>
    <description><![CDATA[<b>Magnitud:</b> 1.5 MLr_2<br/><b>Profundidad:</b> 0 km<br/><b>Hora local:</b> 2025-07-15T13:04:48+00:00<br/><b>Lugar:</b> San Vicente del Caguán - Caquetá, Colombia<br/>]]></description>
    <Point>
      <coordinates>-75.0673,2.7278,0</coordinates>
    </Point>
  </Placemark>
  <Placemark>
    <name>M1.7 - San Vicente del Caguán - Caquetá, Colombia</name>
    <description><![CDATA[<b>Magnitud:</b> 1.7 MLr_2<br/><b>Profundidad:</b> 27 km<br/><b>Hora local:</b> 2025-07-10T01:21:55+00:00<br/><b>Lugar:</b> San Vicente del Caguán - Caquetá, Colombia<br/>]]></description>
    <Point>
      <coordinates>-75.0576,2.7245,-27000</coordinates>
    </Point>
  </Placemark>
  <Placemark>
    <name>M1.9 - Neiva - Huila, Colombia</name>
    <description><![CDATA[<b>Magnitud:</b> 1.9 MLr_2<br/><b>Profundidad:</b> 39 km<br/><b>Hora local:</b> 2025-07-07T16:45:04+00:00<br/><b>Lugar:</b> Neiva - Huila, Colombia<br/>]]></description>
    <Point>
      <coordinates>-75.1302,2.8853,-39000</coordinates>
    </Point>
  </Placemark>
  <Placemark>
    <name>M2.4 - San Vicente del Caguán - Caquetá, Colombia</name>
    <description><![CDATA[<b>Magnitud:</b> 2.4 MLr_2<br/><b>Profundidad:</b> 30 km<br/><b>Hora local:</b> 2025-07-05T08:17:47+00:00<br/><b>Lugar:</b> San Vicente del Caguán - Caquetá, Colombia<br/>]]></description>
    <Point>
      <coordinates>-74.8668,2.9134,-30000</coordinates>
    </Point>
  </Placemark>
  <Placemark>
    <name>M1.9 - Uribe - Meta, Colombia</name>
    <description><![CDATA[<b>Magnitud:</b> 1.9 MLr_2<br/><b>Profundidad:</b> 34 km<br/><b>Hora local:</b> 2025-06-30T08:19:10+00:00<br/><b>Lugar:</b> Uribe - Meta, Colombia<br/>]]></description>
    <Point>
      <coordinates>-74.86,2.9573,-34000</coordinates>
    </Point>
  </Placemark>
  <Placemark>
    <name>M1.3 - San Vicente del Caguán - Caquetá, Colombia</name>
    <description><![CDATA[<b>Magnitud:</b> 1.3 MLr_2<br/><b>Profundidad:</b> 3 km<br/><b>Hora local:</b> 2025-06-29T02:30:14+00:00<br/><b>Lugar:</b> San Vicente del Caguán - Caquetá, Colombia<br/>]]></description>
    <Point>
      <coordinates>-74.8751,2.8475,-3000</coordinates>
    </Point>
  </Placemark>
  <Placemark>
    <name>M1.3 - Campoalegre - Huila, Colombia</name>
    <description><![CDATA[<b>Magnitud:</b> 1.3 MLr_2<br/><b>Profundidad:</b> 18 km<br/><b>Hora local:</b> 2025-06-26T02:24:13+00:00<br/><b>Lugar:</b> Campoalegre - Huila, Colombia<br/>]]></description>
    <Point>
      <coordinates>-75.3651,2.628,-18000</coordinates>
    </Point>
  </Placemark>
  <Placemark>
    <name>M1.9 - San Vicente del Caguán - Caquetá, Colombia</name>
    <description><![CDATA[<b>Magnitud:</b> 1.9 MLr_2<br/><b>Profundidad:</b> 29 km<br/><b>Hora local:</b> 2025-06-25T02:40:14+00:00<br/><b>Lugar:</b> San Vicente del Caguán - Caquetá, Colombia<br/>]]></description>
    <Point>
      <coordinates>-75.0831,2.6991,-29000</coordinates>
    </Point>
  </Placemark>
  <Placemark>
    <name>M1.4 - San Vicente del Caguán - Caquetá, Colombia</name>
    <description><![CDATA[<b>Magnitud:</b> 1.4 MLr_2<br/><b>Profundidad:</b> 5 km<br/><b>Hora local:</b> 2025-06-23T14:56:00+00:00<br/><b>Lugar:</b> San Vicente del Caguán - Caquetá, Colombia<br/>]]></description>
    <Point>
      <coordinates>-74.9933,2.6738,-5000</coordinates>
    </Point>
  </Placemark>
  <Placemark>
    <name>M1.6 - San Vicente del Caguán - Caquetá, Colombia</name>
    <description><![CDATA[<b>Magnitud:</b> 1.6 MLr_2<br/><b>Profundidad:</b> 12 km<br/><b>Hora local:</b> 2025-06-22T15:56:40+00:00<br/><b>Lugar:</b> San Vicente del Caguán - Caquetá, Colombia<br/>]]></description>
    <Point>
      <coordinates>-75.032,2.7146,-12000</coordinates>
    </Point>
  </Placemark>
  <Placemark>
    <name>M1.8 - San Vicente del Caguán - Caquetá, Colombia</name>
    <description><![CDATA[<b>Magnitud:</b> 1.8 MLr_2<br/><b>Profundidad:</b> 30 km<br/><b>Hora local:</b> 2025-06-19T03:02:51+00:00<br/><b>Lugar:</b> San Vicente del Caguán - Caquetá, Colombia<br/>]]></description>
    <Point>
      <coordinates>-75.0597,2.7372,-30000</coordinates>
    </Point>
  </Placemark>
  <Placemark>
    <name>M1.8 - Aipe - Huila, Colombia</name>
    <description><![CDATA[<b>Magnitud:</b> 1.8 MLr_2<br/><b>Profundidad:</b> 39 km<br/><b>Hora local:</b> 2025-06-17T03:59:29+00:00<br/><b>Lugar:</b> Aipe - Huila, Colombia<br/>]]></description>
    <Point>
      <coordinates>-75.2494,3.3372,-39000</coordinates>
    </Point>
  </Placemark>
  <Placemark>
    <name>M1.4 - San Vicente del Caguán - Caquetá, Colombia</name>
    <description><![CDATA[<b>Magnitud:</b> 1.4 MLr_2<br/><b>Profundidad:</b> 5 km<br/><b>Hora local:</b> 2025-06-15T22:11:23+00:00<br/><b>Lugar:</b> San Vicente del Caguán - Caquetá, Colombia<br/>]]></description>
    <Point>
      <coordinates>-74.8756,2.8463,-5000</coordinates>
    </Point>
  </Placemark>
  <Placemark>
    <name>M1.5 - San Vicente del Caguán - Caquetá, Colombia</name>
    <description><![CDATA[<b>Magnitud:</b> 1.5 MLr_2<br/><b>Profundidad:</b> 5 km<br/><b>Hora local:</b> 2025-06-14T05:59:49+00:00<br/><b>Lugar:</b> San Vicente del Caguán - Caquetá, Colombia<br/>]]></description>
    <Point>
      <coordinates>-74.9081,2.8223,-5000</coordinates>
    </Point>
  </Placemark>
  <Placemark>
    <name>M1.4 - San Vicente del Caguán - Caquetá, Colombia</name>
    <description><![CDATA[<b>Magnitud:</b> 1.4 MLr_2<br/><b>Profundidad:</b> 27 km<br/><b>Hora local:</b> 2025-06-11T18:16:53+00:00<br/><b>Lugar:</b> San Vicente del Caguán - Caquetá, Colombia<br/>]]></description>
    <Point>
      <coordinates>-75.0376,2.7255,-27000</coordinates>
    </Point>
  </Placemark>
  <Placemark>
    <name>M1.6 - Uribe - Meta, Colombia</name>
    <description><![CDATA[<b>Magnitud:</b> 1.6 MLr_2<br/><b>Profundidad:</b> 30 km<br/><b>Hora local:</b> 2025-06-11T15:34:16+00:00<br/><b>Lugar:</b> Uribe - Meta, Colombia<br/>]]></description>
    <Point>
      <coordinates>-74.8632,2.9753,-30000</coordinates>
    </Point>
  </Placemark>
  <Placemark>
    <name>M1.2 - Campoalegre - Huila, Colombia</name>
    <description><![CDATA[<b>Magnitud:</b> 1.2 MLr_2<br/><b>Profundidad:</b> 16 km<br/><b>Hora local:</b> 2025-06-07T22:58:13+00:00<br/><b>Lugar:</b> Campoalegre - Huila, Colombia<br/>]]></description>
    <Point>
      <coordinates>-75.3163,2.5625,-16000</coordinates>
    </Point>
  </Placemark>
  <Placemark>
    <name>M2.0 - Teruel - Huila, Colombia</name>
    <description><![CDATA[<b>Magnitud:</b> 2.0 MLr_2<br/><b>Profundidad:</b> 32 km<br/><b>Hora local:</b> 2025-06-06T01:21:12+00:00<br/><b>Lugar:</b> Teruel - Huila, Colombia<br/>]]></description>
    <Point>
      <coordinates>-75.5765,2.7218,-32000</coordinates>
    </Point>
  </Placemark>
  <Placemark>
    <name>M2.6 - San Vicente del Caguán - Caquetá, Colombia</name>
    <description><![CDATA[<b>Magnitud:</b> 2.6 MLr_2<br/><b>Profundidad:</b> 23 km<br/><b>Hora local:</b> 2025-06-05T15:10:50+00:00<br/><b>Lugar:</b> San Vicente del Caguán - Caquetá, Colombia<br/>]]></description>
    <Point>
      <coordinates>-75.115,2.7054,-23000</coordinates>
    </Point>
  </Placemark>
  <Placemark>
    <name>M1.6 - Aipe - Huila, Colombia</name>
    <description><![CDATA[<b>Magnitud:</b> 1.6 MLr_2<br/><b>Profundidad:</b> 52 km<br/><b>Hora local:</b> 2025-06-05T10:08:58+00:00<br/><b>Lugar:</b> Aipe - Huila, Colombia<br/>]]></description>
    <Point>
      <coordinates>-75.5442,3.2536,-52000</coordinates>
    </Point>
  </Placemark>
  <Placemark>
    <name>M2.0 - San Vicente del Caguán - Caquetá, Colombia</name>
    <description><![CDATA[<b>Magnitud:</b> 2.0 MLr_2<br/><b>Profundidad:</b> 31 km<br/><b>Hora local:</b> 2025-06-03T03:45:03+00:00<br/><b>Lugar:</b> San Vicente del Caguán - Caquetá, Colombia<br/>]]></description>
    <Point>
      <coordinates>-75.1065,2.6927,-31000</coordinates>
    </Point>
  </Placemark>
  <Placemark>
    <name>M1.8 - Santa María - Huila, Colombia</name>
    <description><![CDATA[<b>Magnitud:</b> 1.8 MLr_2<br/><b>Profundidad:</b> 22 km<br/><b>Hora local:</b> 2025-05-29T07:15:51+00:00<br/><b>Lugar:</b> Santa María - Huila, Colombia<br/>]]></description>
    <Point>
      <coordinates>-75.6732,2.9086,-22000</coordinates>
    </Point>
  </Placemark>
  <Placemark>
    <name>M1.6 - San Vicente del Caguán - Caquetá, Colombia</name>
    <description><![CDATA[<b>Magnitud:</b> 1.6 MLr_2<br/><b>Profundidad:</b> 31 km<br/><b>Hora local:</b> 2025-05-25T21:07:10+00:00<br/><b>Lugar:</b> San Vicente del Caguán - Caquetá, Colombia<br/>]]></description>
    <Point>
      <coordinates>-75.0743,2.6456,-31000</coordinates>
    </Point>
  </Placemark>
  <Placemark>
    <name>M1.6 - Campoalegre - Huila, Colombia</name>
    <description><![CDATA[<b>Magnitud:</b> 1.6 MLr_2<br/><b>Profundidad:</b> 3 km<br/><b>Hora local:</b> 2025-05-22T20:42:39+00:00<br/><b>Lugar:</b> Campoalegre - Huila, Colombia<br/>]]></description>
    <Point>
      <coordinates>-75.3375,2.6988,-3000</coordinates>
    </Point>
  </Placemark>
  <Placemark>
    <name>M2.4 - San Vicente del Caguán - Caquetá, Colombia</name>
    <description><![CDATA[<b>Magnitud:</b> 2.4 MLr_2<br/><b>Profundidad:</b> 4 km<br/><b>Hora local:</b> 2025-05-17T19:40:28+00:00<br/><b>Lugar:</b> San Vicente del Caguán - Caquetá, Colombia<br/>]]></description>
    <Point>
      <coordinates>-75.0198,2.7235,-4000</coordinates>
    </Point>
  </Placemark>
  <Placemark>
    <name>M3.3 - Rivera - Huila, Colombia</name>
    <description><![CDATA[<b>Magnitud:</b> 3.3 MLr_2<br/><b>Profundidad:</b> 30 km<br/><b>Hora local:</b> 2025-05-15T20:46:05+00:00<br/><b>Lugar:</b> Rivera - Huila, Colombia<br/>]]></description>
    <Point>
      <coordinates>-75.0726,2.7774,-30000</coordinates>
    </Point>
  </Placemark>
  <Placemark>
    <name>M1.8 - Santa María - Huila, Colombia</name>
    <description><![CDATA[<b>Magnitud:</b> 1.8 MLr_2<br/><b>Profundidad:</b> 22 km<br/><b>Hora local:</b> 2025-05-13T23:48:06+00:00<br/><b>Lugar:</b> Santa María - Huila, Colombia<br/>]]></description>
    <Point>
      <coordinates>-75.6797,2.9404,-22000</coordinates>
    </Point>
  </Placemark>
  <Placemark>
    <name>M1.9 - Algeciras - Huila, Colombia</name>
    <description><![CDATA[<b>Magnitud:</b> 1.9 MLr_2<br/><b>Profundidad:</b> 22 km<br/><b>Hora local:</b> 2025-05-12T00:48:38+00:00<br/><b>Lugar:</b> Algeciras - Huila, Colombia<br/>]]></description>
    <Point>
      <coordinates>-75.2404,2.5636,-22000</coordinates>
    </Point>
  </Placemark>
  <Placemark>
    <name>M2.8 - San Vicente del Caguán - Caquetá, Colombia</name>
    <description><![CDATA[<b>Magnitud:</b> 2.8 MLr_2<br/><b>Profundidad:</b> 0 km<br/><b>Hora local:</b> 2025-05-07T07:39:06+00:00<br/><b>Lugar:</b> San Vicente del Caguán - Caquetá, Colombia<br/>]]></description>
    <Point>
      <coordinates>-75.0048,2.7711,0</coordinates>
    </Point>
  </Placemark>
  <Placemark>
    <name>M2.0 - Rivera - Huila, Colombia</name>
    <description><![CDATA[<b>Magnitud:</b> 2.0 MLr_2<br/><b>Profundidad:</b> 20 km<br/><b>Hora local:</b> 2025-05-07T07:00:41+00:00<br/><b>Lugar:</b> Rivera - Huila, Colombia<br/>]]></description>
    <Point>
      <coordinates>-75.1354,2.7721,-20000</coordinates>
    </Point>
  </Placemark>
  <Placemark>
    <name>M1.6 - Aipe - Huila, Colombia</name>
    <description><![CDATA[<b>Magnitud:</b> 1.6 MLr_2<br/><b>Profundidad:</b> 15 km<br/><b>Hora local:</b> 2025-04-12T02:23:57+00:00<br/><b>Lugar:</b> Aipe - Huila, Colombia<br/>]]></description>
    <Point>
      <coordinates>-75.2723,3.1108,-15000</coordinates>
    </Point>
  </Placemark>
  <Placemark>
    <name>M2.1 - Hobo - Huila, Colombia</name>
    <description><![CDATA[<b>Magnitud:</b> 2.1 MLr_2<br/><b>Profundidad:</b> 29 km<br/><b>Hora local:</b> 2025-04-08T13:18:43+00:00<br/><b>Lugar:</b> Hobo - Huila, Colombia<br/>]]></description>
    <Point>
      <coordinates>-75.4597,2.6038,-29000</coordinates>
    </Point>
  </Placemark>
  <Placemark>
    <name>M1.5 - San Vicente del Caguán - Caquetá, Colombia</name>
    <description><![CDATA[<b>Magnitud:</b> 1.5 MLr_2<br/><b>Profundidad:</b> 36 km<br/><b>Hora local:</b> 2025-04-05T04:29:14+00:00<br/><b>Lugar:</b> San Vicente del Caguán - Caquetá, Colombia<br/>]]></description>
    <Point>
      <coordinates>-74.8876,2.951,-36000</coordinates>
    </Point>
  </Placemark>
  <Placemark>
    <name>M1.3 - San Vicente del Caguán - Caquetá, Colombia</name>
    <description><![CDATA[<b>Magnitud:</b> 1.3 MLr_2<br/><b>Profundidad:</b> 10 km<br/><b>Hora local:</b> 2025-03-31T01:35:43+00:00<br/><b>Lugar:</b> San Vicente del Caguán - Caquetá, Colombia<br/>]]></description>
    <Point>
      <coordinates>-75.1118,2.6908,-10000</coordinates>
    </Point>
  </Placemark>
  <Placemark>
    <name>M1.6 - Neiva - Huila, Colombia</name>
    <description><![CDATA[<b>Magnitud:</b> 1.6 MLr_2<br/><b>Profundidad:</b> 33 km<br/><b>Hora local:</b> 2025-03-30T22:08:22+00:00<br/><b>Lugar:</b> Neiva - Huila, Colombia<br/>]]></description>
    <Point>
      <coordinates>-75.1389,2.9679,-33000</coordinates>
    </Point>
  </Placemark>
  <Placemark>
    <name>M1.4 - San Vicente del Caguán - Caquetá, Colombia</name>
    <description><![CDATA[<b>Magnitud:</b> 1.4 MLr_2<br/><b>Profundidad:</b> 0 km<br/><b>Hora local:</b> 2025-03-30T02:04:34+00:00<br/><b>Lugar:</b> San Vicente del Caguán - Caquetá, Colombia<br/>]]></description>
    <Point>
      <coordinates>-74.9903,2.7028,0</coordinates>
    </Point>
  </Placemark>
  <Placemark>
    <name>M1.4 - San Vicente del Caguán - Caquetá, Colombia</name>
    <description><![CDATA[<b>Magnitud:</b> 1.4 MLr_2<br/><b>Profundidad:</b> 5 km<br/><b>Hora local:</b> 2025-03-28T05:25:02+00:00<br/><b>Lugar:</b> San Vicente del Caguán - Caquetá, Colombia<br/>]]></description>
    <Point>
      <coordinates>-74.867,2.9063,-5000</coordinates>
    </Point>
  </Placemark>
  <Placemark>
    <name>M2.1 - Neiva - Huila, Colombia</name>
    <description><![CDATA[<b>Magnitud:</b> 2.1 MLr_2<br/><b>Profundidad:</b> 27 km<br/><b>Hora local:</b> 2025-03-27T13:42:58+00:00<br/><b>Lugar:</b> Neiva - Huila, Colombia<br/>]]></description>
    <Point>
      <coordinates>-75.0939,2.8282,-27000</coordinates>
    </Point>
  </Placemark>
  <Placemark>
    <name>M1.5 - San Vicente del Caguán - Caquetá, Colombia</name>
    <description><![CDATA[<b>Magnitud:</b> 1.5 MLr_2<br/><b>Profundidad:</b> 7 km<br/><b>Hora local:</b> 2025-03-26T11:55:05+00:00<br/><b>Lugar:</b> San Vicente del Caguán - Caquetá, Colombia<br/>]]></description>
    <Point>
      <coordinates>-74.9173,2.8253,-7000</coordinates>
    </Point>
  </Placemark>
  <Placemark>
    <name>M1.3 - Tello - Huila, Colombia</name>
    <description><![CDATA[<b>Magnitud:</b> 1.3 MLr_2<br/><b>Profundidad:</b> 17 km<br/><b>Hora local:</b> 2025-03-26T06:11:03+00:00<br/><b>Lugar:</b> Tello - Huila, Colombia<br/>]]></description>
    <Point>
      <coordinates>-75.0474,3.0102,-17000</coordinates>
    </Point>
  </Placemark>
  <Placemark>
    <name>M2.0 - San Vicente del Caguán - Caquetá, Colombia</name>
    <description><![CDATA[<b>Magnitud:</b> 2.0 MLr_2<br/><b>Profundidad:</b> 29 km<br/><b>Hora local:</b> 2025-03-24T10:01:47+00:00<br/><b>Lugar:</b> San Vicente del Caguán - Caquetá, Colombia<br/>]]></description>
    <Point>
      <coordinates>-74.9407,2.8726,-29000</coordinates>
    </Point>
  </Placemark>
  <Placemark>
    <name>M1.5 - San Vicente del Caguán - Caquetá, Colombia</name>
    <description><![CDATA[<b>Magnitud:</b> 1.5 MLr_2<br/><b>Profundidad:</b> 4 km<br/><b>Hora local:</b> 2025-03-22T14:41:20+00:00<br/><b>Lugar:</b> San Vicente del Caguán - Caquetá, Colombia<br/>]]></description>
    <Point>
      <coordinates>-75.0736,2.6685,-4000</coordinates>
    </Point>
  </Placemark>
  <Placemark>
    <name>M2.4 - Campoalegre - Huila, Colombia</name>
    <description><![CDATA[<b>Magnitud:</b> 2.4 MLr_2<br/><b>Profundidad:</b> 23 km<br/><b>Hora local:</b> 2025-03-19T22:35:58+00:00<br/><b>Lugar:</b> Campoalegre - Huila, Colombia<br/>]]></description>
    <Point>
      <coordinates>-75.3632,2.5207,-23000</coordinates>
    </Point>
  </Placemark>
  <Placemark>
    <name>M1.4 - San Vicente del Caguán - Caquetá, Colombia</name>
    <description><![CDATA[<b>Magnitud:</b> 1.4 MLr_2<br/><b>Profundidad:</b> 3 km<br/><b>Hora local:</b> 2025-03-19T10:15:40+00:00<br/><b>Lugar:</b> San Vicente del Caguán - Caquetá, Colombia<br/>]]></description>
    <Point>
      <coordinates>-75.0128,2.663,-3000</coordinates>
    </Point>
  </Placemark>
  <Placemark>
    <name>M1.4 - Hobo - Huila, Colombia</name>
    <description><![CDATA[<b>Magnitud:</b> 1.4 MLr_2<br/><b>Profundidad:</b> 19 km<br/><b>Hora local:</b> 2025-03-15T16:53:36+00:00<br/><b>Lugar:</b> Hobo - Huila, Colombia<br/>]]></description>
    <Point>
      <coordinates>-75.3999,2.5149,-19000</coordinates>
    </Point>
  </Placemark>
  <Placemark>
    <name>M1.6 - Rivera - Huila, Colombia</name>
    <description><![CDATA[<b>Magnitud:</b> 1.6 MLr_2<br/><b>Profundidad:</b> 25 km<br/><b>Hora local:</b> 2025-03-15T13:14:32+00:00<br/><b>Lugar:</b> Rivera - Huila, Colombia<br/>]]></description>
    <Point>
      <coordinates>-75.081,2.7478,-25000</coordinates>
    </Point>
  </Placemark>
  <Placemark>
    <name>M1.2 - Villavieja - Huila, Colombia</name>
    <description><![CDATA[<b>Magnitud:</b> 1.2 MLr_2<br/><b>Profundidad:</b> 18 km<br/><b>Hora local:</b> 2025-03-10T20:38:56+00:00<br/><b>Lugar:</b> Villavieja - Huila, Colombia<br/>]]></description>
    <Point>
      <coordinates>-75.1793,3.2365,-18000</coordinates>
    </Point>
  </Placemark>
  <Placemark>
    <name>M1.5 - Algeciras - Huila, Colombia</name>
    <description><![CDATA[<b>Magnitud:</b> 1.5 MLr_2<br/><b>Profundidad:</b> 25 km<br/><b>Hora local:</b> 2025-03-09T14:57:50+00:00<br/><b>Lugar:</b> Algeciras - Huila, Colombia<br/>]]></description>
    <Point>
      <coordinates>-75.3318,2.4853,-25000</coordinates>
    </Point>
  </Placemark>
  <Placemark>
    <name>M1.5 - Campoalegre - Huila, Colombia</name>
    <description><![CDATA[<b>Magnitud:</b> 1.5 MLr_2<br/><b>Profundidad:</b> 3 km<br/><b>Hora local:</b> 2025-03-09T06:33:20+00:00<br/><b>Lugar:</b> Campoalegre - Huila, Colombia<br/>]]></description>
    <Point>
      <coordinates>-75.3825,2.6415,-3000</coordinates>
    </Point>
  </Placemark>
  <Placemark>
    <name>M1.8 - Campoalegre - Huila, Colombia</name>
    <description><![CDATA[<b>Magnitud:</b> 1.8 MLr_2<br/><b>Profundidad:</b> 39 km<br/><b>Hora local:</b> 2025-03-09T03:57:02+00:00<br/><b>Lugar:</b> Campoalegre - Huila, Colombia<br/>]]></description>
    <Point>
      <coordinates>-75.3936,2.5657,-39000</coordinates>
    </Point>
  </Placemark>
  <Placemark>
    <name>M2.1 - San Vicente del Caguán - Caquetá, Colombia</name>
    <description><![CDATA[<b>Magnitud:</b> 2.1 MLr_2<br/><b>Profundidad:</b> 38 km<br/><b>Hora local:</b> 2025-03-07T03:35:57+00:00<br/><b>Lugar:</b> San Vicente del Caguán - Caquetá, Colombia<br/>]]></description>
    <Point>
      <coordinates>-74.8854,2.9023,-38000</coordinates>
    </Point>
  </Placemark>
  <Placemark>
    <name>M1.5 - Rivera - Huila, Colombia</name>
    <description><![CDATA[<b>Magnitud:</b> 1.5 MLr_2<br/><b>Profundidad:</b> 0 km<br/><b>Hora local:</b> 2025-03-06T05:12:42+00:00<br/><b>Lugar:</b> Rivera - Huila, Colombia<br/>]]></description>
    <Point>
      <coordinates>-75.0911,2.7595,0</coordinates>
    </Point>
  </Placemark>
  <Placemark>
    <name>M1.8 - San Vicente del Caguán - Caquetá, Colombia</name>
    <description><![CDATA[<b>Magnitud:</b> 1.8 MLr_2<br/><b>Profundidad:</b> 33 km<br/><b>Hora local:</b> 2025-02-24T07:28:52+00:00<br/><b>Lugar:</b> San Vicente del Caguán - Caquetá, Colombia<br/>]]></description>
    <Point>
      <coordinates>-75.0087,2.7774,-33000</coordinates>
    </Point>
  </Placemark>
  <Placemark>
    <name>M3.2 - Rivera - Huila, Colombia</name>
    <description><![CDATA[<b>Magnitud:</b> 3.2 MLr_2<br/><b>Profundidad:</b> 23 km<br/><b>Hora local:</b> 2025-02-18T08:57:31+00:00<br/><b>Lugar:</b> Rivera - Huila, Colombia<br/>]]></description>
    <Point>
      <coordinates>-75.0678,2.7917,-23000</coordinates>
    </Point>
  </Placemark>
  <Placemark>
    <name>M1.4 - San Vicente del Caguán - Caquetá, Colombia</name>
    <description><![CDATA[<b>Magnitud:</b> 1.4 MLr_2<br/><b>Profundidad:</b> 10 km<br/><b>Hora local:</b> 2025-02-17T07:54:21+00:00<br/><b>Lugar:</b> San Vicente del Caguán - Caquetá, Colombia<br/>]]></description>
    <Point>
      <coordinates>-75.0055,2.6193,-10000</coordinates>
    </Point>
  </Placemark>
  <Placemark>
    <name>M1.4 - San Vicente del Caguán - Caquetá, Colombia</name>
    <description><![CDATA[<b>Magnitud:</b> 1.4 MLr_2<br/><b>Profundidad:</b> 19 km<br/><b>Hora local:</b> 2025-02-14T04:30:27+00:00<br/><b>Lugar:</b> San Vicente del Caguán - Caquetá, Colombia<br/>]]></description>
    <Point>
      <coordinates>-75.0437,2.7065,-19000</coordinates>
    </Point>
  </Placemark>
  <Placemark>
    <name>M2.1 - Villavieja - Huila, Colombia</name>
    <description><![CDATA[<b>Magnitud:</b> 2.1 MLr_2<br/><b>Profundidad:</b> 35 km<br/><b>Hora local:</b> 2025-02-13T19:35:30+00:00<br/><b>Lugar:</b> Villavieja - Huila, Colombia<br/>]]></description>
    <Point>
      <coordinates>-75.165,3.2409,-35000</coordinates>
    </Point>
  </Placemark>
  <Placemark>
    <name>M1.4 - San Vicente del Caguán - Caquetá, Colombia</name>
    <description><![CDATA[<b>Magnitud:</b> 1.4 MLr_2<br/><b>Profundidad:</b> 19 km<br/><b>Hora local:</b> 2025-02-12T15:06:27+00:00<br/><b>Lugar:</b> San Vicente del Caguán - Caquetá, Colombia<br/>]]></description>
    <Point>
      <coordinates>-75.0437,2.7023,-19000</coordinates>
    </Point>
  </Placemark>
  <Placemark>
    <name>M2.0 - San Vicente del Caguán - Caquetá, Colombia</name>
    <description><![CDATA[<b>Magnitud:</b> 2.0 MLr_2<br/><b>Profundidad:</b> 34 km<br/><b>Hora local:</b> 2025-02-11T23:15:23+00:00<br/><b>Lugar:</b> San Vicente del Caguán - Caquetá, Colombia<br/>]]></description>
    <Point>
      <coordinates>-74.9878,2.7091,-34000</coordinates>
    </Point>
  </Placemark>
  <Placemark>
    <name>M1.5 - San Vicente del Caguán - Caquetá, Colombia</name>
    <description><![CDATA[<b>Magnitud:</b> 1.5 MLr_2<br/><b>Profundidad:</b> 30 km<br/><b>Hora local:</b> 2025-02-10T00:34:04+00:00<br/><b>Lugar:</b> San Vicente del Caguán - Caquetá, Colombia<br/>]]></description>
    <Point>
      <coordinates>-75.047,2.7456,-30000</coordinates>
    </Point>
  </Placemark>
  <Placemark>
    <name>M1.4 - Campoalegre - Huila, Colombia</name>
    <description><![CDATA[<b>Magnitud:</b> 1.4 MLr_2<br/><b>Profundidad:</b> 4 km<br/><b>Hora local:</b> 2025-02-06T21:00:31+00:00<br/><b>Lugar:</b> Campoalegre - Huila, Colombia<br/>]]></description>
    <Point>
      <coordinates>-75.3755,2.5486,-4000</coordinates>
    </Point>
  </Placemark>
  <Placemark>
    <name>M1.2 - San Vicente del Caguán - Caquetá, Colombia</name>
    <description><![CDATA[<b>Magnitud:</b> 1.2 MLr_2<br/><b>Profundidad:</b> 10 km<br/><b>Hora local:</b> 2025-02-05T01:20:31+00:00<br/><b>Lugar:</b> San Vicente del Caguán - Caquetá, Colombia<br/>]]></description>
    <Point>
      <coordinates>-75.025,2.7591,-10000</coordinates>
    </Point>
  </Placemark>
  <Placemark>
    <name>M1.6 - Campoalegre - Huila, Colombia</name>
    <description><![CDATA[<b>Magnitud:</b> 1.6 MLr_2<br/><b>Profundidad:</b> 22 km<br/><b>Hora local:</b> 2025-02-03T05:25:07+00:00<br/><b>Lugar:</b> Campoalegre - Huila, Colombia<br/>]]></description>
    <Point>
      <coordinates>-75.3596,2.5784,-22000</coordinates>
    </Point>
  </Placemark>
  <Placemark>
    <name>M1.2 - San Vicente del Caguán - Caquetá, Colombia</name>
    <description><![CDATA[<b>Magnitud:</b> 1.2 MLr_2<br/><b>Profundidad:</b> 2 km<br/><b>Hora local:</b> 2025-01-29T05:48:45+00:00<br/><b>Lugar:</b> San Vicente del Caguán - Caquetá, Colombia<br/>]]></description>
    <Point>
      <coordinates>-74.9063,2.831,-2000</coordinates>
    </Point>
  </Placemark>
  <Placemark>
    <name>M2.1 - Hobo - Huila, Colombia</name>
    <description><![CDATA[<b>Magnitud:</b> 2.1 MLr_2<br/><b>Profundidad:</b> 29 km<br/><b>Hora local:</b> 2025-01-26T00:17:22+00:00<br/><b>Lugar:</b> Hobo - Huila, Colombia<br/>]]></description>
    <Point>
      <coordinates>-75.4931,2.5324,-29000</coordinates>
    </Point>
  </Placemark>
  <Placemark>
    <name>M2.0 - San Vicente del Caguán - Caquetá, Colombia</name>
    <description><![CDATA[<b>Magnitud:</b> 2.0 MLr_2<br/><b>Profundidad:</b> 4 km<br/><b>Hora local:</b> 2025-01-21T22:22:53+00:00<br/><b>Lugar:</b> San Vicente del Caguán - Caquetá, Colombia<br/>]]></description>
    <Point>
      <coordinates>-75.0423,2.7753,-4000</coordinates>
    </Point>
  </Placemark>
  <Placemark>
    <name>M1.3 - San Vicente del Caguán - Caquetá, Colombia</name>
    <description><![CDATA[<b>Magnitud:</b> 1.3 MLr_2<br/><b>Profundidad:</b> 4 km<br/><b>Hora local:</b> 2025-01-11T17:11:59+00:00<br/><b>Lugar:</b> San Vicente del Caguán - Caquetá, Colombia<br/>]]></description>
    <Point>
      <coordinates>-75.0476,2.6518,-4000</coordinates>
    </Point>
  </Placemark>
  <Placemark>
    <name>M2.4 - Uribe - Meta, Colombia</name>
    <description><![CDATA[<b>Magnitud:</b> 2.4 MLr_2<br/><b>Profundidad:</b> 5 km<br/><b>Hora local:</b> 2025-01-10T07:57:53+00:00<br/><b>Lugar:</b> Uribe - Meta, Colombia<br/>]]></description>
    <Point>
      <coordinates>-74.8605,2.9491,-5000</coordinates>
    </Point>
  </Placemark>
  <Placemark>
    <name>M1.4 - Campoalegre - Huila, Colombia</name>
    <description><![CDATA[<b>Magnitud:</b> 1.4 MLr_2<br/><b>Profundidad:</b> 17 km<br/><b>Hora local:</b> 2025-01-08T23:26:39+00:00<br/><b>Lugar:</b> Campoalegre - Huila, Colombia<br/>]]></description>
    <Point>
      <coordinates>-75.3611,2.5728,-17000</coordinates>
    </Point>
  </Placemark>
  <Placemark>
    <name>M1.3 - San Vicente del Caguán - Caquetá, Colombia</name>
    <description><![CDATA[<b>Magnitud:</b> 1.3 MLr_2<br/><b>Profundidad:</b> 5 km<br/><b>Hora local:</b> 2025-01-03T22:40:43+00:00<br/><b>Lugar:</b> San Vicente del Caguán - Caquetá, Colombia<br/>]]></description>
    <Point>
      <coordinates>-75.0605,2.6863,-5000</coordinates>
    </Point>
  </Placemark>
  <Placemark>
    <name>M1.3 - Uribe - Meta, Colombia</name>
    <description><![CDATA[<b>Magnitud:</b> 1.3 MLr_2<br/><b>Profundidad:</b> 37 km<br/><b>Hora local:</b> 2024-12-27T21:52:36+00:00<br/><b>Lugar:</b> Uribe - Meta, Colombia<br/>]]></description>
    <Point>
      <coordinates>-74.8535,2.9213,-37000</coordinates>
    </Point>
  </Placemark>
  <Placemark>
    <name>M1.1 - San Vicente del Caguán - Caquetá, Colombia</name>
    <description><![CDATA[<b>Magnitud:</b> 1.1 MLr_2<br/><b>Profundidad:</b> 10 km<br/><b>Hora local:</b> 2024-12-27T00:13:56+00:00<br/><b>Lugar:</b> San Vicente del Caguán - Caquetá, Colombia<br/>]]></description>
    <Point>
      <coordinates>-74.902,2.7638,-10000</coordinates>
    </Point>
  </Placemark>
  <Placemark>
    <name>M3.5 - Neiva - Huila, Colombia</name>
    <description><![CDATA[<b>Magnitud:</b> 3.5 MLr_2<br/><b>Profundidad:</b> 27 km<br/><b>Hora local:</b> 2024-12-24T21:15:46+00:00<br/><b>Lugar:</b> Neiva - Huila, Colombia<br/>]]></description>
    <Point>
      <coordinates>-75.1115,2.797,-27000</coordinates>
    </Point>
  </Placemark>
  <Placemark>
    <name>M1.6 - Hobo - Huila, Colombia</name>
    <description><![CDATA[<b>Magnitud:</b> 1.6 MLr_2<br/><b>Profundidad:</b> 27 km<br/><b>Hora local:</b> 2024-12-20T15:41:50+00:00<br/><b>Lugar:</b> Hobo - Huila, Colombia<br/>]]></description>
    <Point>
      <coordinates>-75.4788,2.5932,-27000</coordinates>
    </Point>
  </Placemark>
  <Placemark>
    <name>M1.5 - Campoalegre - Huila, Colombia</name>
    <description><![CDATA[<b>Magnitud:</b> 1.5 MLr_2<br/><b>Profundidad:</b> 29 km<br/><b>Hora local:</b> 2024-12-18T11:40:28+00:00<br/><b>Lugar:</b> Campoalegre - Huila, Colombia<br/>]]></description>
    <Point>
      <coordinates>-75.349,2.6081,-29000</coordinates>
    </Point>
  </Placemark>
  <Placemark>
    <name>M2.1 - San Vicente del Caguán - Caquetá, Colombia</name>
    <description><![CDATA[<b>Magnitud:</b> 2.1 MLr_2<br/><b>Profundidad:</b> 32 km<br/><b>Hora local:</b> 2024-12-18T08:40:19+00:00<br/><b>Lugar:</b> San Vicente del Caguán - Caquetá, Colombia<br/>]]></description>
    <Point>
      <coordinates>-75.0235,2.7499,-32000</coordinates>
    </Point>
  </Placemark>
  <Placemark>
    <name>M1.9 - Uribe - Meta, Colombia</name>
    <description><![CDATA[<b>Magnitud:</b> 1.9 MLr_2<br/><b>Profundidad:</b> 31 km<br/><b>Hora local:</b> 2024-12-18T06:29:50+00:00<br/><b>Lugar:</b> Uribe - Meta, Colombia<br/>]]></description>
    <Point>
      <coordinates>-74.8621,2.9531,-31000</coordinates>
    </Point>
  </Placemark>
  <Placemark>
    <name>M1.9 - San Vicente del Caguán - Caquetá, Colombia</name>
    <description><![CDATA[<b>Magnitud:</b> 1.9 MLr_2<br/><b>Profundidad:</b> 28 km<br/><b>Hora local:</b> 2024-12-17T04:30:42+00:00<br/><b>Lugar:</b> San Vicente del Caguán - Caquetá, Colombia<br/>]]></description>
    <Point>
      <coordinates>-75.0959,2.7139,-28000</coordinates>
    </Point>
  </Placemark>
  <Placemark>
    <name>M1.9 - San Vicente del Caguán - Caquetá, Colombia</name>
    <description><![CDATA[<b>Magnitud:</b> 1.9 MLr_2<br/><b>Profundidad:</b> 31 km<br/><b>Hora local:</b> 2024-12-16T12:00:17+00:00<br/><b>Lugar:</b> San Vicente del Caguán - Caquetá, Colombia<br/>]]></description>
    <Point>
      <coordinates>-75.081,2.7351,-31000</coordinates>
    </Point>
  </Placemark>
  <Placemark>
    <name>M1.4 - San Vicente del Caguán - Caquetá, Colombia</name>
    <description><![CDATA[<b>Magnitud:</b> 1.4 MLr_2<br/><b>Profundidad:</b> 4 km<br/><b>Hora local:</b> 2024-12-16T09:39:44+00:00<br/><b>Lugar:</b> San Vicente del Caguán - Caquetá, Colombia<br/>]]></description>
    <Point>
      <coordinates>-75.1025,2.7255,-4000</coordinates>
    </Point>
  </Placemark>
  <Placemark>
    <name>M1.3 - Algeciras - Huila, Colombia</name>
    <description><![CDATA[<b>Magnitud:</b> 1.3 MLr_2<br/><b>Profundidad:</b> 30 km<br/><b>Hora local:</b> 2024-12-16T01:24:43+00:00<br/><b>Lugar:</b> Algeciras - Huila, Colombia<br/>]]></description>
    <Point>
      <coordinates>-75.3404,2.5382,-30000</coordinates>
    </Point>
  </Placemark>
  <Placemark>
    <name>M1.3 - Uribe - Meta, Colombia</name>
    <description><![CDATA[<b>Magnitud:</b> 1.3 MLr_2<br/><b>Profundidad:</b> 32 km<br/><b>Hora local:</b> 2024-12-12T20:08:24+00:00<br/><b>Lugar:</b> Uribe - Meta, Colombia<br/>]]></description>
    <Point>
      <coordinates>-74.8642,2.97,-32000</coordinates>
    </Point>
  </Placemark>
  <Placemark>
    <name>M1.6 - Rivera - Huila, Colombia</name>
    <description><![CDATA[<b>Magnitud:</b> 1.6 MLr_2<br/><b>Profundidad:</b> 29 km<br/><b>Hora local:</b> 2024-12-12T18:39:49+00:00<br/><b>Lugar:</b> Rivera - Huila, Colombia<br/>]]></description>
    <Point>
      <coordinates>-75.0736,2.7573,-29000</coordinates>
    </Point>
  </Placemark>
  <Placemark>
    <name>M1.6 - Íquira - Huila, Colombia</name>
    <description><![CDATA[<b>Magnitud:</b> 1.6 MLr_2<br/><b>Profundidad:</b> 28 km<br/><b>Hora local:</b> 2024-12-09T17:13:23+00:00<br/><b>Lugar:</b> Íquira - Huila, Colombia<br/>]]></description>
    <Point>
      <coordinates>-75.6002,2.6081,-28000</coordinates>
    </Point>
  </Placemark>
  <Placemark>
    <name>M1.5 - Rivera - Huila, Colombia</name>
    <description><![CDATA[<b>Magnitud:</b> 1.5 MLr_2<br/><b>Profundidad:</b> 27 km<br/><b>Hora local:</b> 2024-12-08T11:39:21+00:00<br/><b>Lugar:</b> Rivera - Huila, Colombia<br/>]]></description>
    <Point>
      <coordinates>-75.064,2.752,-27000</coordinates>
    </Point>
  </Placemark>
  <Placemark>
    <name>M1.4 - San Vicente del Caguán - Caquetá, Colombia</name>
    <description><![CDATA[<b>Magnitud:</b> 1.4 MLr_2<br/><b>Profundidad:</b> 6 km<br/><b>Hora local:</b> 2024-12-07T15:37:38+00:00<br/><b>Lugar:</b> San Vicente del Caguán - Caquetá, Colombia<br/>]]></description>
    <Point>
      <coordinates>-75.0281,2.6933,-6000</coordinates>
    </Point>
  </Placemark>
  <Placemark>
    <name>M1.2 - Villavieja - Huila, Colombia</name>
    <description><![CDATA[<b>Magnitud:</b> 1.2 MLr_2<br/><b>Profundidad:</b> 23 km<br/><b>Hora local:</b> 2024-12-03T19:28:51+00:00<br/><b>Lugar:</b> Villavieja - Huila, Colombia<br/>]]></description>
    <Point>
      <coordinates>-75.2108,3.3131,-23000</coordinates>
    </Point>
  </Placemark>
  <Placemark>
    <name>M1.2 - Rivera - Huila, Colombia</name>
    <description><![CDATA[<b>Magnitud:</b> 1.2 MLr_2<br/><b>Profundidad:</b> 1 km<br/><b>Hora local:</b> 2024-12-03T15:38:58+00:00<br/><b>Lugar:</b> Rivera - Huila, Colombia<br/>]]></description>
    <Point>
      <coordinates>-75.0715,2.7575,-1000</coordinates>
    </Point>
  </Placemark>
  <Placemark>
    <name>M1.1 - Baraya - Huila, Colombia</name>
    <description><![CDATA[<b>Magnitud:</b> 1.1 MLr_2<br/><b>Profundidad:</b> 13 km<br/><b>Hora local:</b> 2024-11-30T19:33:32+00:00<br/><b>Lugar:</b> Baraya - Huila, Colombia<br/>]]></description>
    <Point>
      <coordinates>-75.1378,3.1696,-13000</coordinates>
    </Point>
  </Placemark>
  <Placemark>
    <name>M1.4 - San Vicente del Caguán - Caquetá, Colombia</name>
    <description><![CDATA[<b>Magnitud:</b> 1.4 MLr_2<br/><b>Profundidad:</b> 42 km<br/><b>Hora local:</b> 2024-11-27T02:37:54+00:00<br/><b>Lugar:</b> San Vicente del Caguán - Caquetá, Colombia<br/>]]></description>
    <Point>
      <coordinates>-74.8726,2.8726,-42000</coordinates>
    </Point>
  </Placemark>
  <Placemark>
    <name>M1.4 - Hobo - Huila, Colombia</name>
    <description><![CDATA[<b>Magnitud:</b> 1.4 MLr_2<br/><b>Profundidad:</b> 29 km<br/><b>Hora local:</b> 2024-11-24T17:33:22+00:00<br/><b>Lugar:</b> Hobo - Huila, Colombia<br/>]]></description>
    <Point>
      <coordinates>-75.4031,2.5054,-29000</coordinates>
    </Point>
  </Placemark>
  <Placemark>
    <name>M1.3 - Rivera - Huila, Colombia</name>
    <description><![CDATA[<b>Magnitud:</b> 1.3 MLr_2<br/><b>Profundidad:</b> 20 km<br/><b>Hora local:</b> 2024-11-23T18:16:56+00:00<br/><b>Lugar:</b> Rivera - Huila, Colombia<br/>]]></description>
    <Point>
      <coordinates>-75.0672,2.7721,-20000</coordinates>
    </Point>
  </Placemark>
  <Placemark>
    <name>M1.3 - San Vicente del Caguán - Caquetá, Colombia</name>
    <description><![CDATA[<b>Magnitud:</b> 1.3 MLr_2<br/><b>Profundidad:</b> 35 km<br/><b>Hora local:</b> 2024-11-21T05:28:01+00:00<br/><b>Lugar:</b> San Vicente del Caguán - Caquetá, Colombia<br/>]]></description>
    <Point>
      <coordinates>-74.9025,2.9044,-35000</coordinates>
    </Point>
  </Placemark>
  <Placemark>
    <name>M1.3 - San Vicente del Caguán - Caquetá, Colombia</name>
    <description><![CDATA[<b>Magnitud:</b> 1.3 MLr_2<br/><b>Profundidad:</b> 34 km<br/><b>Hora local:</b> 2024-11-20T16:53:51+00:00<br/><b>Lugar:</b> San Vicente del Caguán - Caquetá, Colombia<br/>]]></description>
    <Point>
      <coordinates>-74.8736,2.8674,-34000</coordinates>
    </Point>
  </Placemark>
  <Placemark>
    <name>M1.3 - San Vicente del Caguán - Caquetá, Colombia</name>
    <description><![CDATA[<b>Magnitud:</b> 1.3 MLr_2<br/><b>Profundidad:</b> 33 km<br/><b>Hora local:</b> 2024-11-19T05:01:31+00:00<br/><b>Lugar:</b> San Vicente del Caguán - Caquetá, Colombia<br/>]]></description>
    <Point>
      <coordinates>-74.8982,2.915,-33000</coordinates>
    </Point>
  </Placemark>
  <Placemark>
    <name>M1.6 - Uribe - Meta, Colombia</name>
    <description><![CDATA[<b>Magnitud:</b> 1.6 MLr_2<br/><b>Profundidad:</b> 36 km<br/><b>Hora local:</b> 2024-11-13T17:36:52+00:00<br/><b>Lugar:</b> Uribe - Meta, Colombia<br/>]]></description>
    <Point>
      <coordinates>-74.8738,2.9562,-36000</coordinates>
    </Point>
  </Placemark>
  <Placemark>
    <name>M1.4 - Algeciras - Huila, Colombia</name>
    <description><![CDATA[<b>Magnitud:</b> 1.4 MLr_2<br/><b>Profundidad:</b> 5 km<br/><b>Hora local:</b> 2024-11-11T02:44:05+00:00<br/><b>Lugar:</b> Algeciras - Huila, Colombia<br/>]]></description>
    <Point>
      <coordinates>-75.2545,2.5168,-5000</coordinates>
    </Point>
  </Placemark>
  <Placemark>
    <name>M1.7 - San Vicente del Caguán - Caquetá, Colombia</name>
    <description><![CDATA[<b>Magnitud:</b> 1.7 MLr_2<br/><b>Profundidad:</b> 34 km<br/><b>Hora local:</b> 2024-11-11T01:03:21+00:00<br/><b>Lugar:</b> San Vicente del Caguán - Caquetá, Colombia<br/>]]></description>
    <Point>
      <coordinates>-75.0534,2.7478,-34000</coordinates>
    </Point>
  </Placemark>
  <Placemark>
    <name>M2.0 - Neiva - Huila, Colombia</name>
    <description><![CDATA[<b>Magnitud:</b> 2.0 MLr_2<br/><b>Profundidad:</b> 30 km<br/><b>Hora local:</b> 2024-11-10T15:02:30+00:00<br/><b>Lugar:</b> Neiva - Huila, Colombia<br/>]]></description>
    <Point>
      <coordinates>-75.0353,2.7912,-30000</coordinates>
    </Point>
  </Placemark>
  <Placemark>
    <name>M1.4 - San Vicente del Caguán - Caquetá, Colombia</name>
    <description><![CDATA[<b>Magnitud:</b> 1.4 MLr_2<br/><b>Profundidad:</b> 6 km<br/><b>Hora local:</b> 2024-11-07T16:06:59+00:00<br/><b>Lugar:</b> San Vicente del Caguán - Caquetá, Colombia<br/>]]></description>
    <Point>
      <coordinates>-75.0761,2.6505,-6000</coordinates>
    </Point>
  </Placemark>
  <Placemark>
    <name>M2.0 - Neiva - Huila, Colombia</name>
    <description><![CDATA[<b>Magnitud:</b> 2.0 MLr_2<br/><b>Profundidad:</b> 28 km<br/><b>Hora local:</b> 2024-11-06T22:36:03+00:00<br/><b>Lugar:</b> Neiva - Huila, Colombia<br/>]]></description>
    <Point>
      <coordinates>-75.0539,2.7864,-28000</coordinates>
    </Point>
  </Placemark>
  <Placemark>
    <name>M1.4 - San Vicente del Caguán - Caquetá, Colombia</name>
    <description><![CDATA[<b>Magnitud:</b> 1.4 MLr_2<br/><b>Profundidad:</b> 31 km<br/><b>Hora local:</b> 2024-11-06T02:32:33+00:00<br/><b>Lugar:</b> San Vicente del Caguán - Caquetá, Colombia<br/>]]></description>
    <Point>
      <coordinates>-75.1128,2.6652,-31000</coordinates>
    </Point>
  </Placemark>
  <Placemark>
    <name>M1.6 - Yaguará - Huila, Colombia</name>
    <description><![CDATA[<b>Magnitud:</b> 1.6 MLr_2<br/><b>Profundidad:</b> 76 km<br/><b>Hora local:</b> 2024-10-28T15:12:57+00:00<br/><b>Lugar:</b> Yaguará - Huila, Colombia<br/>]]></description>
    <Point>
      <coordinates>-75.4365,2.7663,-76000</coordinates>
    </Point>
  </Placemark>
  <Placemark>
    <name>M1.4 - Hobo - Huila, Colombia</name>
    <description><![CDATA[<b>Magnitud:</b> 1.4 MLr_2<br/><b>Profundidad:</b> 35 km<br/><b>Hora local:</b> 2024-10-28T09:37:35+00:00<br/><b>Lugar:</b> Hobo - Huila, Colombia<br/>]]></description>
    <Point>
      <coordinates>-75.4084,2.5107,-35000</coordinates>
    </Point>
  </Placemark>
  <Placemark>
    <name>M1.3 - Hobo - Huila, Colombia</name>
    <description><![CDATA[<b>Magnitud:</b> 1.3 MLr_2<br/><b>Profundidad:</b> 26 km<br/><b>Hora local:</b> 2024-10-27T17:19:57+00:00<br/><b>Lugar:</b> Hobo - Huila, Colombia<br/>]]></description>
    <Point>
      <coordinates>-75.3872,2.534,-26000</coordinates>
    </Point>
  </Placemark>
  <Placemark>
    <name>M1.8 - Hobo - Huila, Colombia</name>
    <description><![CDATA[<b>Magnitud:</b> 1.8 MLr_2<br/><b>Profundidad:</b> 33 km<br/><b>Hora local:</b> 2024-10-27T17:17:09+00:00<br/><b>Lugar:</b> Hobo - Huila, Colombia<br/>]]></description>
    <Point>
      <coordinates>-75.3834,2.508,-33000</coordinates>
    </Point>
  </Placemark>
  <Placemark>
    <name>M1.7 - Rivera - Huila, Colombia</name>
    <description><![CDATA[<b>Magnitud:</b> 1.7 MLr_2<br/><b>Profundidad:</b> 34 km<br/><b>Hora local:</b> 2024-10-27T06:37:53+00:00<br/><b>Lugar:</b> Rivera - Huila, Colombia<br/>]]></description>
    <Point>
      <coordinates>-75.0619,2.7605,-34000</coordinates>
    </Point>
  </Placemark>
  <Placemark>
    <name>M3.0 - San Vicente del Caguán - Caquetá, Colombia</name>
    <description><![CDATA[<b>Magnitud:</b> 3.0 MLr_2<br/><b>Profundidad:</b> 27 km<br/><b>Hora local:</b> 2024-10-22T22:13:10+00:00<br/><b>Lugar:</b> San Vicente del Caguán - Caquetá, Colombia<br/>]]></description>
    <Point>
      <coordinates>-75.0879,2.7261,-27000</coordinates>
    </Point>
  </Placemark>
  <Placemark>
    <name>M2.2 - Baraya - Huila, Colombia</name>
    <description><![CDATA[<b>Magnitud:</b> 2.2 MLr_2<br/><b>Profundidad:</b> 24 km<br/><b>Hora local:</b> 2024-10-22T10:10:48+00:00<br/><b>Lugar:</b> Baraya - Huila, Colombia<br/>]]></description>
    <Point>
      <coordinates>-75.0902,3.1161,-24000</coordinates>
    </Point>
  </Placemark>
  <Placemark>
    <name>M1.2 - Campoalegre - Huila, Colombia</name>
    <description><![CDATA[<b>Magnitud:</b> 1.2 MLr_2<br/><b>Profundidad:</b> 2 km<br/><b>Hora local:</b> 2024-10-19T18:26:06+00:00<br/><b>Lugar:</b> Campoalegre - Huila, Colombia<br/>]]></description>
    <Point>
      <coordinates>-75.3283,2.6461,-2000</coordinates>
    </Point>
  </Placemark>
  <Placemark>
    <name>M3.1 - San Vicente del Caguán - Caquetá, Colombia</name>
    <description><![CDATA[<b>Magnitud:</b> 3.1 MLr_2<br/><b>Profundidad:</b> 29 km<br/><b>Hora local:</b> 2024-10-19T14:50:15+00:00<br/><b>Lugar:</b> San Vicente del Caguán - Caquetá, Colombia<br/>]]></description>
    <Point>
      <coordinates>-74.9359,2.8552,-29000</coordinates>
    </Point>
  </Placemark>
  <Placemark>
    <name>M1.3 - San Vicente del Caguán - Caquetá, Colombia</name>
    <description><![CDATA[<b>Magnitud:</b> 1.3 MLr_2<br/><b>Profundidad:</b> 4 km<br/><b>Hora local:</b> 2024-10-18T07:28:32+00:00<br/><b>Lugar:</b> San Vicente del Caguán - Caquetá, Colombia<br/>]]></description>
    <Point>
      <coordinates>-75.046,2.7146,-4000</coordinates>
    </Point>
  </Placemark>
  <Placemark>
    <name>M1.3 - San Vicente del Caguán - Caquetá, Colombia</name>
    <description><![CDATA[<b>Magnitud:</b> 1.3 MLr_2<br/><b>Profundidad:</b> 10 km<br/><b>Hora local:</b> 2024-10-15T20:43:43+00:00<br/><b>Lugar:</b> San Vicente del Caguán - Caquetá, Colombia<br/>]]></description>
    <Point>
      <coordinates>-75.057,2.6925,-10000</coordinates>
    </Point>
  </Placemark>
  <Placemark>
    <name>M1.5 - Villavieja - Huila, Colombia</name>
    <description><![CDATA[<b>Magnitud:</b> 1.5 MLr_2<br/><b>Profundidad:</b> 33 km<br/><b>Hora local:</b> 2024-10-13T03:04:49+00:00<br/><b>Lugar:</b> Villavieja - Huila, Colombia<br/>]]></description>
    <Point>
      <coordinates>-75.2312,3.2917,-33000</coordinates>
    </Point>
  </Placemark>
  <Placemark>
    <name>M1.4 - San Vicente del Caguán - Caquetá, Colombia</name>
    <description><![CDATA[<b>Magnitud:</b> 1.4 MLr_2<br/><b>Profundidad:</b> 5 km<br/><b>Hora local:</b> 2024-10-10T10:43:39+00:00<br/><b>Lugar:</b> San Vicente del Caguán - Caquetá, Colombia<br/>]]></description>
    <Point>
      <coordinates>-75.0113,2.6873,-5000</coordinates>
    </Point>
  </Placemark>
  <Placemark>
    <name>M1.3 - San Vicente del Caguán - Caquetá, Colombia</name>
    <description><![CDATA[<b>Magnitud:</b> 1.3 MLr_2<br/><b>Profundidad:</b> 28 km<br/><b>Hora local:</b> 2024-10-09T04:25:35+00:00<br/><b>Lugar:</b> San Vicente del Caguán - Caquetá, Colombia<br/>]]></description>
    <Point>
      <coordinates>-75.0873,2.6864,-28000</coordinates>
    </Point>
  </Placemark>
  <Placemark>
    <name>M2.1 - San Vicente del Caguán - Caquetá, Colombia</name>
    <description><![CDATA[<b>Magnitud:</b> 2.1 MLr_2<br/><b>Profundidad:</b> 30 km<br/><b>Hora local:</b> 2024-10-07T07:02:54+00:00<br/><b>Lugar:</b> San Vicente del Caguán - Caquetá, Colombia<br/>]]></description>
    <Point>
      <coordinates>-74.9487,2.8531,-30000</coordinates>
    </Point>
  </Placemark>
  <Placemark>
    <name>M1.3 - Hobo - Huila, Colombia</name>
    <description><![CDATA[<b>Magnitud:</b> 1.3 MLr_2<br/><b>Profundidad:</b> 25 km<br/><b>Hora local:</b> 2024-10-05T22:04:14+00:00<br/><b>Lugar:</b> Hobo - Huila, Colombia<br/>]]></description>
    <Point>
      <coordinates>-75.3957,2.5424,-25000</coordinates>
    </Point>
  </Placemark>
  <Placemark>
    <name>M1.5 - Campoalegre - Huila, Colombia</name>
    <description><![CDATA[<b>Magnitud:</b> 1.5 MLr_2<br/><b>Profundidad:</b> 15 km<br/><b>Hora local:</b> 2024-10-02T13:25:58+00:00<br/><b>Lugar:</b> Campoalegre - Huila, Colombia<br/>]]></description>
    <Point>
      <coordinates>-75.3655,2.5175,-15000</coordinates>
    </Point>
  </Placemark>
  <Placemark>
    <name>M1.6 - San Vicente del Caguán - Caquetá, Colombia</name>
    <description><![CDATA[<b>Magnitud:</b> 1.6 MLr_2<br/><b>Profundidad:</b> 31 km<br/><b>Hora local:</b> 2024-10-01T02:43:15+00:00<br/><b>Lugar:</b> San Vicente del Caguán - Caquetá, Colombia<br/>]]></description>
    <Point>
      <coordinates>-75.0618,2.7329,-31000</coordinates>
    </Point>
  </Placemark>
  <Placemark>
    <name>M1.8 - San Vicente del Caguán - Caquetá, Colombia</name>
    <description><![CDATA[<b>Magnitud:</b> 1.8 MLr_2<br/><b>Profundidad:</b> 5 km<br/><b>Hora local:</b> 2024-09-29T17:59:23+00:00<br/><b>Lugar:</b> San Vicente del Caguán - Caquetá, Colombia<br/>]]></description>
    <Point>
      <coordinates>-74.9946,2.691,-5000</coordinates>
    </Point>
  </Placemark>
  <Placemark>
    <name>M1.7 - San Vicente del Caguán - Caquetá, Colombia</name>
    <description><![CDATA[<b>Magnitud:</b> 1.7 MLr_2<br/><b>Profundidad:</b> 29 km<br/><b>Hora local:</b> 2024-09-25T06:26:37+00:00<br/><b>Lugar:</b> San Vicente del Caguán - Caquetá, Colombia<br/>]]></description>
    <Point>
      <coordinates>-74.8769,2.8896,-29000</coordinates>
    </Point>
  </Placemark>
  <Placemark>
    <name>M1.4 - Algeciras - Huila, Colombia</name>
    <description><![CDATA[<b>Magnitud:</b> 1.4 MLr_2<br/><b>Profundidad:</b> 14 km<br/><b>Hora local:</b> 2024-09-21T01:23:47+00:00<br/><b>Lugar:</b> Algeciras - Huila, Colombia<br/>]]></description>
    <Point>
      <coordinates>-75.1991,2.608,-14000</coordinates>
    </Point>
  </Placemark>
  <Placemark>
    <name>M1.6 - Ataco - Tolima, Colombia</name>
    <description><![CDATA[<b>Magnitud:</b> 1.6 MLr_2<br/><b>Profundidad:</b> 28 km<br/><b>Hora local:</b> 2024-09-21T01:19:37+00:00<br/><b>Lugar:</b> Ataco - Tolima, Colombia<br/>]]></description>
    <Point>
      <coordinates>-75.5953,3.2452,-28000</coordinates>
    </Point>
  </Placemark>
  <Placemark>
    <name>M1.1 - Santa María - Huila, Colombia</name>
    <description><![CDATA[<b>Magnitud:</b> 1.1 MLr_2<br/><b>Profundidad:</b> 19 km<br/><b>Hora local:</b> 2024-09-18T02:01:30+00:00<br/><b>Lugar:</b> Santa María - Huila, Colombia<br/>]]></description>
    <Point>
      <coordinates>-75.6988,2.9129,-19000</coordinates>
    </Point>
  </Placemark>
  <Placemark>
    <name>M1.7 - Neiva - Huila, Colombia</name>
    <description><![CDATA[<b>Magnitud:</b> 1.7 MLr_2<br/><b>Profundidad:</b> 34 km<br/><b>Hora local:</b> 2024-09-17T08:41:32+00:00<br/><b>Lugar:</b> Neiva - Huila, Colombia<br/>]]></description>
    <Point>
      <coordinates>-75.1409,2.8663,-34000</coordinates>
    </Point>
  </Placemark>
  <Placemark>
    <name>M1.3 - Santa María - Huila, Colombia</name>
    <description><![CDATA[<b>Magnitud:</b> 1.3 MLr_2<br/><b>Profundidad:</b> 26 km<br/><b>Hora local:</b> 2024-09-16T04:41:42+00:00<br/><b>Lugar:</b> Santa María - Huila, Colombia<br/>]]></description>
    <Point>
      <coordinates>-75.7307,2.915,-26000</coordinates>
    </Point>
  </Placemark>
  <Placemark>
    <name>M0.9 - Santa María - Huila, Colombia</name>
    <description><![CDATA[<b>Magnitud:</b> 0.9 MLr_2<br/><b>Profundidad:</b> 16 km<br/><b>Hora local:</b> 2024-09-16T04:15:55+00:00<br/><b>Lugar:</b> Santa María - Huila, Colombia<br/>]]></description>
    <Point>
      <coordinates>-75.7345,2.9116,-16000</coordinates>
    </Point>
  </Placemark>
  <Placemark>
    <name>M1.5 - Santa María - Huila, Colombia</name>
    <description><![CDATA[<b>Magnitud:</b> 1.5 MLr_2<br/><b>Profundidad:</b> 27 km<br/><b>Hora local:</b> 2024-09-16T04:14:52+00:00<br/><b>Lugar:</b> Santa María - Huila, Colombia<br/>]]></description>
    <Point>
      <coordinates>-75.7158,2.9192,-27000</coordinates>
    </Point>
  </Placemark>
  <Placemark>
    <name>M1.6 - Santa María - Huila, Colombia</name>
    <description><![CDATA[<b>Magnitud:</b> 1.6 MLr_2<br/><b>Profundidad:</b> 27 km<br/><b>Hora local:</b> 2024-09-16T04:05:29+00:00<br/><b>Lugar:</b> Santa María - Huila, Colombia<br/>]]></description>
    <Point>
      <coordinates>-75.7105,2.9118,-27000</coordinates>
    </Point>
  </Placemark>
  <Placemark>
    <name>M1.9 - San Vicente del Caguán - Caquetá, Colombia</name>
    <description><![CDATA[<b>Magnitud:</b> 1.9 MLr_2<br/><b>Profundidad:</b> 30 km<br/><b>Hora local:</b> 2024-09-14T14:21:05+00:00<br/><b>Lugar:</b> San Vicente del Caguán - Caquetá, Colombia<br/>]]></description>
    <Point>
      <coordinates>-75.0534,2.7562,-30000</coordinates>
    </Point>
  </Placemark>
  <Placemark>
    <name>M1.3 - Algeciras - Huila, Colombia</name>
    <description><![CDATA[<b>Magnitud:</b> 1.3 MLr_2<br/><b>Profundidad:</b> 22 km<br/><b>Hora local:</b> 2024-09-11T22:11:26+00:00<br/><b>Lugar:</b> Algeciras - Huila, Colombia<br/>]]></description>
    <Point>
      <coordinates>-75.3329,2.5245,-22000</coordinates>
    </Point>
  </Placemark>
  <Placemark>
    <name>M1.2 - San Vicente del Caguán - Caquetá, Colombia</name>
    <description><![CDATA[<b>Magnitud:</b> 1.2 MLr_2<br/><b>Profundidad:</b> 5 km<br/><b>Hora local:</b> 2024-09-08T18:58:21+00:00<br/><b>Lugar:</b> San Vicente del Caguán - Caquetá, Colombia<br/>]]></description>
    <Point>
      <coordinates>-75.0705,2.7103,-5000</coordinates>
    </Point>
  </Placemark>
  <Placemark>
    <name>M1.9 - Rivera - Huila, Colombia</name>
    <description><![CDATA[<b>Magnitud:</b> 1.9 MLr_2<br/><b>Profundidad:</b> 30 km<br/><b>Hora local:</b> 2024-09-08T00:03:14+00:00<br/><b>Lugar:</b> Rivera - Huila, Colombia<br/>]]></description>
    <Point>
      <coordinates>-75.0662,2.788,-30000</coordinates>
    </Point>
  </Placemark>
  <Placemark>
    <name>M1.3 - San Vicente del Caguán - Caquetá, Colombia</name>
    <description><![CDATA[<b>Magnitud:</b> 1.3 MLr_2<br/><b>Profundidad:</b> 0 km<br/><b>Hora local:</b> 2024-09-01T03:56:08+00:00<br/><b>Lugar:</b> San Vicente del Caguán - Caquetá, Colombia<br/>]]></description>
    <Point>
      <coordinates>-74.9443,2.7948,0</coordinates>
    </Point>
  </Placemark>
  <Placemark>
    <name>M1.6 - Yaguará - Huila, Colombia</name>
    <description><![CDATA[<b>Magnitud:</b> 1.6 MLr_2<br/><b>Profundidad:</b> 31 km<br/><b>Hora local:</b> 2024-08-30T21:55:25+00:00<br/><b>Lugar:</b> Yaguará - Huila, Colombia<br/>]]></description>
    <Point>
      <coordinates>-75.5698,2.598,-31000</coordinates>
    </Point>
  </Placemark>
  <Placemark>
    <name>M1.3 - San Vicente del Caguán - Caquetá, Colombia</name>
    <description><![CDATA[<b>Magnitud:</b> 1.3 MLr_2<br/><b>Profundidad:</b> 5 km<br/><b>Hora local:</b> 2024-08-20T22:48:55+00:00<br/><b>Lugar:</b> San Vicente del Caguán - Caquetá, Colombia<br/>]]></description>
    <Point>
      <coordinates>-75.1341,2.6793,-5000</coordinates>
    </Point>
  </Placemark>
  <Placemark>
    <name>M1.5 - Uribe - Meta, Colombia</name>
    <description><![CDATA[<b>Magnitud:</b> 1.5 MLr_2<br/><b>Profundidad:</b> 28 km<br/><b>Hora local:</b> 2024-08-18T09:29:02+00:00<br/><b>Lugar:</b> Uribe - Meta, Colombia<br/>]]></description>
    <Point>
      <coordinates>-74.8684,2.9361,-28000</coordinates>
    </Point>
  </Placemark>
  <Placemark>
    <name>M1.7 - Algeciras - Huila, Colombia</name>
    <description><![CDATA[<b>Magnitud:</b> 1.7 MLr_2<br/><b>Profundidad:</b> 18 km<br/><b>Hora local:</b> 2024-08-16T02:11:38+00:00<br/><b>Lugar:</b> Algeciras - Huila, Colombia<br/>]]></description>
    <Point>
      <coordinates>-75.3151,2.507,-18000</coordinates>
    </Point>
  </Placemark>
  <Placemark>
    <name>M1.7 - San Vicente del Caguán - Caquetá, Colombia</name>
    <description><![CDATA[<b>Magnitud:</b> 1.7 MLr_2<br/><b>Profundidad:</b> 30 km<br/><b>Hora local:</b> 2024-08-12T01:00:02+00:00<br/><b>Lugar:</b> San Vicente del Caguán - Caquetá, Colombia<br/>]]></description>
    <Point>
      <coordinates>-75.1044,2.7097,-30000</coordinates>
    </Point>
  </Placemark>
  <Placemark>
    <name>M1.5 - Campoalegre - Huila, Colombia</name>
    <description><![CDATA[<b>Magnitud:</b> 1.5 MLr_2<br/><b>Profundidad:</b> 26 km<br/><b>Hora local:</b> 2024-08-11T21:07:48+00:00<br/><b>Lugar:</b> Campoalegre - Huila, Colombia<br/>]]></description>
    <Point>
      <coordinates>-75.4171,2.6229,-26000</coordinates>
    </Point>
  </Placemark>
  <Placemark>
    <name>M1.5 - San Vicente del Caguán - Caquetá, Colombia</name>
    <description><![CDATA[<b>Magnitud:</b> 1.5 MLr_2<br/><b>Profundidad:</b> 17 km<br/><b>Hora local:</b> 2024-08-10T17:19:35+00:00<br/><b>Lugar:</b> San Vicente del Caguán - Caquetá, Colombia<br/>]]></description>
    <Point>
      <coordinates>-75.0773,2.6898,-17000</coordinates>
    </Point>
  </Placemark>
  <Placemark>
    <name>M1.9 - Campoalegre - Huila, Colombia</name>
    <description><![CDATA[<b>Magnitud:</b> 1.9 MLr_2<br/><b>Profundidad:</b> 35 km<br/><b>Hora local:</b> 2024-08-10T08:57:34+00:00<br/><b>Lugar:</b> Campoalegre - Huila, Colombia<br/>]]></description>
    <Point>
      <coordinates>-75.3447,2.5615,-35000</coordinates>
    </Point>
  </Placemark>
  <Placemark>
    <name>M3.1 - Yaguará - Huila, Colombia</name>
    <description><![CDATA[<b>Magnitud:</b> 3.1 MLr_2<br/><b>Profundidad:</b> 36 km<br/><b>Hora local:</b> 2024-08-08T13:22:03+00:00<br/><b>Lugar:</b> Yaguará - Huila, Colombia<br/>]]></description>
    <Point>
      <coordinates>-75.4868,2.598,-36000</coordinates>
    </Point>
  </Placemark>
  <Placemark>
    <name>M2.7 - San Vicente del Caguán - Caquetá, Colombia</name>
    <description><![CDATA[<b>Magnitud:</b> 2.7 MLr_2<br/><b>Profundidad:</b> 35 km<br/><b>Hora local:</b> 2024-07-28T16:37:46+00:00<br/><b>Lugar:</b> San Vicente del Caguán - Caquetá, Colombia<br/>]]></description>
    <Point>
      <coordinates>-75.0081,2.7377,-35000</coordinates>
    </Point>
  </Placemark>
  <Placemark>
    <name>M1.5 - Santa María - Huila, Colombia</name>
    <description><![CDATA[<b>Magnitud:</b> 1.5 MLr_2<br/><b>Profundidad:</b> 29 km<br/><b>Hora local:</b> 2024-07-26T00:43:59+00:00<br/><b>Lugar:</b> Santa María - Huila, Colombia<br/>]]></description>
    <Point>
      <coordinates>-75.7137,2.9277,-29000</coordinates>
    </Point>
  </Placemark>
  <Placemark>
    <name>M1.3 - Santa María - Huila, Colombia</name>
    <description><![CDATA[<b>Magnitud:</b> 1.3 MLr_2<br/><b>Profundidad:</b> 11 km<br/><b>Hora local:</b> 2024-07-24T01:31:54+00:00<br/><b>Lugar:</b> Santa María - Huila, Colombia<br/>]]></description>
    <Point>
      <coordinates>-75.6668,2.8684,-11000</coordinates>
    </Point>
  </Placemark>
  <Placemark>
    <name>M1.5 - Santa María - Huila, Colombia</name>
    <description><![CDATA[<b>Magnitud:</b> 1.5 MLr_2<br/><b>Profundidad:</b> 24 km<br/><b>Hora local:</b> 2024-07-24T00:24:33+00:00<br/><b>Lugar:</b> Santa María - Huila, Colombia<br/>]]></description>
    <Point>
      <coordinates>-75.7026,2.9293,-24000</coordinates>
    </Point>
  </Placemark>
  <Placemark>
    <name>M1.8 - Tello - Huila, Colombia</name>
    <description><![CDATA[<b>Magnitud:</b> 1.8 MLr_2<br/><b>Profundidad:</b> 32 km<br/><b>Hora local:</b> 2024-07-17T10:36:02+00:00<br/><b>Lugar:</b> Tello - Huila, Colombia<br/>]]></description>
    <Point>
      <coordinates>-74.9727,2.9044,-32000</coordinates>
    </Point>
  </Placemark>
  <Placemark>
    <name>M1.7 - San Vicente del Caguán - Caquetá, Colombia</name>
    <description><![CDATA[<b>Magnitud:</b> 1.7 MLr_2<br/><b>Profundidad:</b> 5 km<br/><b>Hora local:</b> 2024-07-17T09:27:48+00:00<br/><b>Lugar:</b> San Vicente del Caguán - Caquetá, Colombia<br/>]]></description>
    <Point>
      <coordinates>-75.0683,2.675,-5000</coordinates>
    </Point>
  </Placemark>
  <Placemark>
    <name>M2.2 - San Vicente del Caguán - Caquetá, Colombia</name>
    <description><![CDATA[<b>Magnitud:</b> 2.2 MLr_2<br/><b>Profundidad:</b> 38 km<br/><b>Hora local:</b> 2024-07-12T23:18:43+00:00<br/><b>Lugar:</b> San Vicente del Caguán - Caquetá, Colombia<br/>]]></description>
    <Point>
      <coordinates>-75.0347,2.7515,-38000</coordinates>
    </Point>
  </Placemark>
  <Placemark>
    <name>M1.7 - Hobo - Huila, Colombia</name>
    <description><![CDATA[<b>Magnitud:</b> 1.7 MLr_2<br/><b>Profundidad:</b> 38 km<br/><b>Hora local:</b> 2024-07-10T23:17:39+00:00<br/><b>Lugar:</b> Hobo - Huila, Colombia<br/>]]></description>
    <Point>
      <coordinates>-75.3872,2.553,-38000</coordinates>
    </Point>
  </Placemark>
  <Placemark>
    <name>M2.1 - San Vicente del Caguán - Caquetá, Colombia</name>
    <description><![CDATA[<b>Magnitud:</b> 2.1 MLr_2<br/><b>Profundidad:</b> 32 km<br/><b>Hora local:</b> 2024-07-05T03:11:38+00:00<br/><b>Lugar:</b> San Vicente del Caguán - Caquetá, Colombia<br/>]]></description>
    <Point>
      <coordinates>-75.0868,2.6763,-32000</coordinates>
    </Point>
  </Placemark>
  <Placemark>
    <name>M1.8 - Neiva - Huila, Colombia</name>
    <description><![CDATA[<b>Magnitud:</b> 1.8 MLr_2<br/><b>Profundidad:</b> 24 km<br/><b>Hora local:</b> 2024-07-03T00:53:55+00:00<br/><b>Lugar:</b> Neiva - Huila, Colombia<br/>]]></description>
    <Point>
      <coordinates>-75.0472,2.9002,-24000</coordinates>
    </Point>
  </Placemark>
  <Placemark>
    <name>M2.0 - Neiva - Huila, Colombia</name>
    <description><![CDATA[<b>Magnitud:</b> 2.0 MLr_2<br/><b>Profundidad:</b> 35 km<br/><b>Hora local:</b> 2024-07-02T04:48:54+00:00<br/><b>Lugar:</b> Neiva - Huila, Colombia<br/>]]></description>
    <Point>
      <coordinates>-75.0237,2.824,-35000</coordinates>
    </Point>
  </Placemark>
  <Placemark>
    <name>M2.6 - San Vicente del Caguán - Caquetá, Colombia</name>
    <description><![CDATA[<b>Magnitud:</b> 2.6 MLr_2<br/><b>Profundidad:</b> 33 km<br/><b>Hora local:</b> 2024-07-01T07:29:29+00:00<br/><b>Lugar:</b> San Vicente del Caguán - Caquetá, Colombia<br/>]]></description>
    <Point>
      <coordinates>-74.911,2.9107,-33000</coordinates>
    </Point>
  </Placemark>
  <Placemark>
    <name>M1.6 - San Vicente del Caguán - Caquetá, Colombia</name>
    <description><![CDATA[<b>Magnitud:</b> 1.6 MLr_2<br/><b>Profundidad:</b> 4 km<br/><b>Hora local:</b> 2024-06-26T22:13:42+00:00<br/><b>Lugar:</b> San Vicente del Caguán - Caquetá, Colombia<br/>]]></description>
    <Point>
      <coordinates>-75.046,2.6985,-4000</coordinates>
    </Point>
  </Placemark>
  <Placemark>
    <name>M1.4 - Santa María - Huila, Colombia</name>
    <description><![CDATA[<b>Magnitud:</b> 1.4 MLr_2<br/><b>Profundidad:</b> 27 km<br/><b>Hora local:</b> 2024-06-26T04:46:08+00:00<br/><b>Lugar:</b> Santa María - Huila, Colombia<br/>]]></description>
    <Point>
      <coordinates>-75.6924,2.9129,-27000</coordinates>
    </Point>
  </Placemark>
  <Placemark>
    <name>M1.5 - San Vicente del Caguán - Caquetá, Colombia</name>
    <description><![CDATA[<b>Magnitud:</b> 1.5 MLr_2<br/><b>Profundidad:</b> 29 km<br/><b>Hora local:</b> 2024-06-23T04:14:34+00:00<br/><b>Lugar:</b> San Vicente del Caguán - Caquetá, Colombia<br/>]]></description>
    <Point>
      <coordinates>-75.0512,2.7181,-29000</coordinates>
    </Point>
  </Placemark>
  <Placemark>
    <name>M1.9 - San Vicente del Caguán - Caquetá, Colombia</name>
    <description><![CDATA[<b>Magnitud:</b> 1.9 MLr_2<br/><b>Profundidad:</b> 33 km<br/><b>Hora local:</b> 2024-06-21T23:15:58+00:00<br/><b>Lugar:</b> San Vicente del Caguán - Caquetá, Colombia<br/>]]></description>
    <Point>
      <coordinates>-75.0299,2.716,-33000</coordinates>
    </Point>
  </Placemark>
  <Placemark>
    <name>M1.3 - Baraya - Huila, Colombia</name>
    <description><![CDATA[<b>Magnitud:</b> 1.3 MLr_2<br/><b>Profundidad:</b> 34 km<br/><b>Hora local:</b> 2024-06-20T03:35:29+00:00<br/><b>Lugar:</b> Baraya - Huila, Colombia<br/>]]></description>
    <Point>
      <coordinates>-74.877,2.9827,-34000</coordinates>
    </Point>
  </Placemark>
  <Placemark>
    <name>M1.5 - Tello - Huila, Colombia</name>
    <description><![CDATA[<b>Magnitud:</b> 1.5 MLr_2<br/><b>Profundidad:</b> 37 km<br/><b>Hora local:</b> 2024-06-17T09:15:44+00:00<br/><b>Lugar:</b> Tello - Huila, Colombia<br/>]]></description>
    <Point>
      <coordinates>-74.9174,2.9488,-37000</coordinates>
    </Point>
  </Placemark>
  <Placemark>
    <name>M1.5 - Algeciras - Huila, Colombia</name>
    <description><![CDATA[<b>Magnitud:</b> 1.5 MLr_2<br/><b>Profundidad:</b> 45 km<br/><b>Hora local:</b> 2024-06-15T05:33:06+00:00<br/><b>Lugar:</b> Algeciras - Huila, Colombia<br/>]]></description>
    <Point>
      <coordinates>-75.3403,2.5234,-45000</coordinates>
    </Point>
  </Placemark>
  <Placemark>
    <name>M1.3 - Uribe - Meta, Colombia</name>
    <description><![CDATA[<b>Magnitud:</b> 1.3 MLr_2<br/><b>Profundidad:</b> 35 km<br/><b>Hora local:</b> 2024-06-12T22:35:28+00:00<br/><b>Lugar:</b> Uribe - Meta, Colombia<br/>]]></description>
    <Point>
      <coordinates>-74.8567,2.9435,-35000</coordinates>
    </Point>
  </Placemark>
  <Placemark>
    <name>M1.3 - San Vicente del Caguán - Caquetá, Colombia</name>
    <description><![CDATA[<b>Magnitud:</b> 1.3 MLr_2<br/><b>Profundidad:</b> 27 km<br/><b>Hora local:</b> 2024-06-06T23:15:50+00:00<br/><b>Lugar:</b> San Vicente del Caguán - Caquetá, Colombia<br/>]]></description>
    <Point>
      <coordinates>-75.0724,2.6991,-27000</coordinates>
    </Point>
  </Placemark>
  <Placemark>
    <name>M1.5 - Hobo - Huila, Colombia</name>
    <description><![CDATA[<b>Magnitud:</b> 1.5 MLr_2<br/><b>Profundidad:</b> 19 km<br/><b>Hora local:</b> 2024-05-31T23:18:36+00:00<br/><b>Lugar:</b> Hobo - Huila, Colombia<br/>]]></description>
    <Point>
      <coordinates>-75.3999,2.5022,-19000</coordinates>
    </Point>
  </Placemark>
  <Placemark>
    <name>M1.9 - Yaguará - Huila, Colombia</name>
    <description><![CDATA[<b>Magnitud:</b> 1.9 MLr_2<br/><b>Profundidad:</b> 21 km<br/><b>Hora local:</b> 2024-05-30T20:01:24+00:00<br/><b>Lugar:</b> Yaguará - Huila, Colombia<br/>]]></description>
    <Point>
      <coordinates>-75.588,2.6298,-21000</coordinates>
    </Point>
  </Placemark>
  <Placemark>
    <name>M2.1 - San Vicente del Caguán - Caquetá, Colombia</name>
    <description><![CDATA[<b>Magnitud:</b> 2.1 MLr_2<br/><b>Profundidad:</b> 38 km<br/><b>Hora local:</b> 2024-05-28T12:40:33+00:00<br/><b>Lugar:</b> San Vicente del Caguán - Caquetá, Colombia<br/>]]></description>
    <Point>
      <coordinates>-74.8577,2.8769,-38000</coordinates>
    </Point>
  </Placemark>
  <Placemark>
    <name>M1.9 - Hobo - Huila, Colombia</name>
    <description><![CDATA[<b>Magnitud:</b> 1.9 MLr_2<br/><b>Profundidad:</b> 31 km<br/><b>Hora local:</b> 2024-05-26T22:38:40+00:00<br/><b>Lugar:</b> Hobo - Huila, Colombia<br/>]]></description>
    <Point>
      <coordinates>-75.4085,2.5276,-31000</coordinates>
    </Point>
  </Placemark>
  <Placemark>
    <name>M1.3 - Villavieja - Huila, Colombia</name>
    <description><![CDATA[<b>Magnitud:</b> 1.3 MLr_2<br/><b>Profundidad:</b> 35 km<br/><b>Hora local:</b> 2024-05-25T22:06:54+00:00<br/><b>Lugar:</b> Villavieja - Huila, Colombia<br/>]]></description>
    <Point>
      <coordinates>-75.1173,3.333,-35000</coordinates>
    </Point>
  </Placemark>
  <Placemark>
    <name>M2.3 - Íquira - Huila, Colombia</name>
    <description><![CDATA[<b>Magnitud:</b> 2.3 MLr_2<br/><b>Profundidad:</b> 25 km<br/><b>Hora local:</b> 2024-05-24T20:50:07+00:00<br/><b>Lugar:</b> Íquira - Huila, Colombia<br/>]]></description>
    <Point>
      <coordinates>-75.6018,2.6234,-25000</coordinates>
    </Point>
  </Placemark>
  <Placemark>
    <name>M2.2 - San Vicente del Caguán - Caquetá, Colombia</name>
    <description><![CDATA[<b>Magnitud:</b> 2.2 MLr_2<br/><b>Profundidad:</b> 33 km<br/><b>Hora local:</b> 2024-05-24T11:40:59+00:00<br/><b>Lugar:</b> San Vicente del Caguán - Caquetá, Colombia<br/>]]></description>
    <Point>
      <coordinates>-75.1405,2.6419,-33000</coordinates>
    </Point>
  </Placemark>
  <Placemark>
    <name>M1.7 - San Vicente del Caguán - Caquetá, Colombia</name>
    <description><![CDATA[<b>Magnitud:</b> 1.7 MLr_2<br/><b>Profundidad:</b> 5 km<br/><b>Hora local:</b> 2024-05-23T13:33:40+00:00<br/><b>Lugar:</b> San Vicente del Caguán - Caquetá, Colombia<br/>]]></description>
    <Point>
      <coordinates>-75.0271,2.682,-5000</coordinates>
    </Point>
  </Placemark>
  <Placemark>
    <name>M1.8 - Santa María - Huila, Colombia</name>
    <description><![CDATA[<b>Magnitud:</b> 1.8 MLr_2<br/><b>Profundidad:</b> 22 km<br/><b>Hora local:</b> 2024-05-20T08:11:43+00:00<br/><b>Lugar:</b> Santa María - Huila, Colombia<br/>]]></description>
    <Point>
      <coordinates>-75.6967,2.9319,-22000</coordinates>
    </Point>
  </Placemark>
  <Placemark>
    <name>M2.4 - Santa María - Huila, Colombia</name>
    <description><![CDATA[<b>Magnitud:</b> 2.4 MLr_2<br/><b>Profundidad:</b> 30 km<br/><b>Hora local:</b> 2024-05-18T17:36:08+00:00<br/><b>Lugar:</b> Santa María - Huila, Colombia<br/>]]></description>
    <Point>
      <coordinates>-75.6966,2.8811,-30000</coordinates>
    </Point>
  </Placemark>
  <Placemark>
    <name>M2.3 - Santa María - Huila, Colombia</name>
    <description><![CDATA[<b>Magnitud:</b> 2.3 MLr_2<br/><b>Profundidad:</b> 29 km<br/><b>Hora local:</b> 2024-05-18T17:23:45+00:00<br/><b>Lugar:</b> Santa María - Huila, Colombia<br/>]]></description>
    <Point>
      <coordinates>-75.6838,2.8811,-29000</coordinates>
    </Point>
  </Placemark>
  <Placemark>
    <name>M1.6 - Santa María - Huila, Colombia</name>
    <description><![CDATA[<b>Magnitud:</b> 1.6 MLr_2<br/><b>Profundidad:</b> 23 km<br/><b>Hora local:</b> 2024-05-18T17:09:48+00:00<br/><b>Lugar:</b> Santa María - Huila, Colombia<br/>]]></description>
    <Point>
      <coordinates>-75.7116,2.9404,-23000</coordinates>
    </Point>
  </Placemark>
  <Placemark>
    <name>M2.5 - Santa María - Huila, Colombia</name>
    <description><![CDATA[<b>Magnitud:</b> 2.5 MLr_2<br/><b>Profundidad:</b> 29 km<br/><b>Hora local:</b> 2024-05-18T17:06:14+00:00<br/><b>Lugar:</b> Santa María - Huila, Colombia<br/>]]></description>
    <Point>
      <coordinates>-75.7292,2.9261,-29000</coordinates>
    </Point>
  </Placemark>
  <Placemark>
    <name>M2.5 - Santa María - Huila, Colombia</name>
    <description><![CDATA[<b>Magnitud:</b> 2.5 MLr_2<br/><b>Profundidad:</b> 31 km<br/><b>Hora local:</b> 2024-05-18T17:05:58+00:00<br/><b>Lugar:</b> Santa María - Huila, Colombia<br/>]]></description>
    <Point>
      <coordinates>-75.7201,2.9107,-31000</coordinates>
    </Point>
  </Placemark>
  <Placemark>
    <name>M1.6 - Santa María - Huila, Colombia</name>
    <description><![CDATA[<b>Magnitud:</b> 1.6 MLr_2<br/><b>Profundidad:</b> 19 km<br/><b>Hora local:</b> 2024-05-12T15:52:09+00:00<br/><b>Lugar:</b> Santa María - Huila, Colombia<br/>]]></description>
    <Point>
      <coordinates>-75.6818,2.9171,-19000</coordinates>
    </Point>
  </Placemark>
  <Placemark>
    <name>M1.6 - Uribe - Meta, Colombia</name>
    <description><![CDATA[<b>Magnitud:</b> 1.6 MLr_2<br/><b>Profundidad:</b> 28 km<br/><b>Hora local:</b> 2024-05-12T06:26:57+00:00<br/><b>Lugar:</b> Uribe - Meta, Colombia<br/>]]></description>
    <Point>
      <coordinates>-74.8557,2.9531,-28000</coordinates>
    </Point>
  </Placemark>
  <Placemark>
    <name>M1.7 - Yaguará - Huila, Colombia</name>
    <description><![CDATA[<b>Magnitud:</b> 1.7 MLr_2<br/><b>Profundidad:</b> 29 km<br/><b>Hora local:</b> 2024-05-10T20:15:46+00:00<br/><b>Lugar:</b> Yaguará - Huila, Colombia<br/>]]></description>
    <Point>
      <coordinates>-75.5023,2.6398,-29000</coordinates>
    </Point>
  </Placemark>
  <Placemark>
    <name>M1.5 - Campoalegre - Huila, Colombia</name>
    <description><![CDATA[<b>Magnitud:</b> 1.5 MLr_2<br/><b>Profundidad:</b> 30 km<br/><b>Hora local:</b> 2024-05-04T19:49:34+00:00<br/><b>Lugar:</b> Campoalegre - Huila, Colombia<br/>]]></description>
    <Point>
      <coordinates>-75.3702,2.57,-30000</coordinates>
    </Point>
  </Placemark>
  <Placemark>
    <name>M2.0 - San Vicente del Caguán - Caquetá, Colombia</name>
    <description><![CDATA[<b>Magnitud:</b> 2.0 MLr_2<br/><b>Profundidad:</b> 26 km<br/><b>Hora local:</b> 2024-05-02T14:23:47+00:00<br/><b>Lugar:</b> San Vicente del Caguán - Caquetá, Colombia<br/>]]></description>
    <Point>
      <coordinates>-75.1129,2.7181,-26000</coordinates>
    </Point>
  </Placemark>
  <Placemark>
    <name>M1.9 - Villavieja - Huila, Colombia</name>
    <description><![CDATA[<b>Magnitud:</b> 1.9 MLr_2<br/><b>Profundidad:</b> 19 km<br/><b>Hora local:</b> 2024-04-30T02:35:54+00:00<br/><b>Lugar:</b> Villavieja - Huila, Colombia<br/>]]></description>
    <Point>
      <coordinates>-75.1117,3.1986,-19000</coordinates>
    </Point>
  </Placemark>
  <Placemark>
    <name>M2.2 - Algeciras - Huila, Colombia</name>
    <description><![CDATA[<b>Magnitud:</b> 2.2 MLr_2<br/><b>Profundidad:</b> 28 km<br/><b>Hora local:</b> 2024-04-26T21:57:03+00:00<br/><b>Lugar:</b> Algeciras - Huila, Colombia<br/>]]></description>
    <Point>
      <coordinates>-75.1703,2.6885,-28000</coordinates>
    </Point>
  </Placemark>
  <Placemark>
    <name>M1.7 - Uribe - Meta, Colombia</name>
    <description><![CDATA[<b>Magnitud:</b> 1.7 MLr_2<br/><b>Profundidad:</b> 29 km<br/><b>Hora local:</b> 2024-04-16T05:15:35+00:00<br/><b>Lugar:</b> Uribe - Meta, Colombia<br/>]]></description>
    <Point>
      <coordinates>-74.8493,2.9425,-29000</coordinates>
    </Point>
  </Placemark>
  <Placemark>
    <name>M1.8 - Campoalegre - Huila, Colombia</name>
    <description><![CDATA[<b>Magnitud:</b> 1.8 MLr_2<br/><b>Profundidad:</b> 36 km<br/><b>Hora local:</b> 2024-04-13T22:06:41+00:00<br/><b>Lugar:</b> Campoalegre - Huila, Colombia<br/>]]></description>
    <Point>
      <coordinates>-75.359,2.5303,-36000</coordinates>
    </Point>
  </Placemark>
  <Placemark>
    <name>M1.3 - San Vicente del Caguán - Caquetá, Colombia</name>
    <description><![CDATA[<b>Magnitud:</b> 1.3 MLr_2<br/><b>Profundidad:</b> 2 km<br/><b>Hora local:</b> 2024-04-09T00:58:42+00:00<br/><b>Lugar:</b> San Vicente del Caguán - Caquetá, Colombia<br/>]]></description>
    <Point>
      <coordinates>-74.9198,2.8113,-2000</coordinates>
    </Point>
  </Placemark>
  <Placemark>
    <name>M2.0 - Algeciras - Huila, Colombia</name>
    <description><![CDATA[<b>Magnitud:</b> 2.0 MLr_2<br/><b>Profundidad:</b> 24 km<br/><b>Hora local:</b> 2024-04-08T23:36:19+00:00<br/><b>Lugar:</b> Algeciras - Huila, Colombia<br/>]]></description>
    <Point>
      <coordinates>-75.1676,2.6509,-24000</coordinates>
    </Point>
  </Placemark>
  <Placemark>
    <name>M1.7 - San Vicente del Caguán - Caquetá, Colombia</name>
    <description><![CDATA[<b>Magnitud:</b> 1.7 MLr_2<br/><b>Profundidad:</b> 29 km<br/><b>Hora local:</b> 2024-04-05T21:40:08+00:00<br/><b>Lugar:</b> San Vicente del Caguán - Caquetá, Colombia<br/>]]></description>
    <Point>
      <coordinates>-75.1256,2.6948,-29000</coordinates>
    </Point>
  </Placemark>
  <Placemark>
    <name>M1.6 - San Vicente del Caguán - Caquetá, Colombia</name>
    <description><![CDATA[<b>Magnitud:</b> 1.6 MLr_2<br/><b>Profundidad:</b> 1 km<br/><b>Hora local:</b> 2024-04-04T15:27:52+00:00<br/><b>Lugar:</b> San Vicente del Caguán - Caquetá, Colombia<br/>]]></description>
    <Point>
      <coordinates>-74.8591,2.8623,-1000</coordinates>
    </Point>
  </Placemark>
  <Placemark>
    <name>M1.7 - Aipe - Huila, Colombia</name>
    <description><![CDATA[<b>Magnitud:</b> 1.7 MLr_2<br/><b>Profundidad:</b> 26 km<br/><b>Hora local:</b> 2024-04-03T10:36:53+00:00<br/><b>Lugar:</b> Aipe - Huila, Colombia<br/>]]></description>
    <Point>
      <coordinates>-75.2311,3.2536,-26000</coordinates>
    </Point>
  </Placemark>
  <Placemark>
    <name>M1.7 - Rivera - Huila, Colombia</name>
    <description><![CDATA[<b>Magnitud:</b> 1.7 MLr_2<br/><b>Profundidad:</b> 28 km<br/><b>Hora local:</b> 2024-04-01T01:29:12+00:00<br/><b>Lugar:</b> Rivera - Huila, Colombia<br/>]]></description>
    <Point>
      <coordinates>-75.0895,2.7329,-28000</coordinates>
    </Point>
  </Placemark>
  <Placemark>
    <name>M2.1 - Uribe - Meta, Colombia</name>
    <description><![CDATA[<b>Magnitud:</b> 2.1 MLr_2<br/><b>Profundidad:</b> 23 km<br/><b>Hora local:</b> 2024-03-29T20:58:27+00:00<br/><b>Lugar:</b> Uribe - Meta, Colombia<br/>]]></description>
    <Point>
      <coordinates>-74.8483,2.9689,-23000</coordinates>
    </Point>
  </Placemark>
  <Placemark>
    <name>M1.7 - Neiva - Huila, Colombia</name>
    <description><![CDATA[<b>Magnitud:</b> 1.7 MLr_2<br/><b>Profundidad:</b> 36 km<br/><b>Hora local:</b> 2024-03-25T22:34:29+00:00<br/><b>Lugar:</b> Neiva - Huila, Colombia<br/>]]></description>
    <Point>
      <coordinates>-75.2559,2.898,-36000</coordinates>
    </Point>
  </Placemark>
  <Placemark>
    <name>M2.1 - Uribe - Meta, Colombia</name>
    <description><![CDATA[<b>Magnitud:</b> 2.1 MLr_2<br/><b>Profundidad:</b> 25 km<br/><b>Hora local:</b> 2024-03-25T13:07:43+00:00<br/><b>Lugar:</b> Uribe - Meta, Colombia<br/>]]></description>
    <Point>
      <coordinates>-74.8791,2.9615,-25000</coordinates>
    </Point>
  </Placemark>
  <Placemark>
    <name>M1.9 - Hobo - Huila, Colombia</name>
    <description><![CDATA[<b>Magnitud:</b> 1.9 MLr_2<br/><b>Profundidad:</b> 32 km<br/><b>Hora local:</b> 2024-03-19T01:57:33+00:00<br/><b>Lugar:</b> Hobo - Huila, Colombia<br/>]]></description>
    <Point>
      <coordinates>-75.434,2.5255,-32000</coordinates>
    </Point>
  </Placemark>
  <Placemark>
    <name>M1.6 - Campoalegre - Huila, Colombia</name>
    <description><![CDATA[<b>Magnitud:</b> 1.6 MLr_2<br/><b>Profundidad:</b> 29 km<br/><b>Hora local:</b> 2024-03-17T09:19:43+00:00<br/><b>Lugar:</b> Campoalegre - Huila, Colombia<br/>]]></description>
    <Point>
      <coordinates>-75.3319,2.5636,-29000</coordinates>
    </Point>
  </Placemark>
  <Placemark>
    <name>M1.8 - Baraya - Huila, Colombia</name>
    <description><![CDATA[<b>Magnitud:</b> 1.8 MLr_2<br/><b>Profundidad:</b> 11 km<br/><b>Hora local:</b> 2024-03-16T16:34:48+00:00<br/><b>Lugar:</b> Baraya - Huila, Colombia<br/>]]></description>
    <Point>
      <coordinates>-75.0591,3.1616,-11000</coordinates>
    </Point>
  </Placemark>
  <Placemark>
    <name>M1.5 - San Vicente del Caguán - Caquetá, Colombia</name>
    <description><![CDATA[<b>Magnitud:</b> 1.5 MLr_2<br/><b>Profundidad:</b> 60 km<br/><b>Hora local:</b> 2024-03-14T04:36:56+00:00<br/><b>Lugar:</b> San Vicente del Caguán - Caquetá, Colombia<br/>]]></description>
    <Point>
      <coordinates>-75.061,2.6416,-60000</coordinates>
    </Point>
  </Placemark>
  <Placemark>
    <name>M1.5 - San Vicente del Caguán - Caquetá, Colombia</name>
    <description><![CDATA[<b>Magnitud:</b> 1.5 MLr_2<br/><b>Profundidad:</b> 15 km<br/><b>Hora local:</b> 2024-03-06T22:20:48+00:00<br/><b>Lugar:</b> San Vicente del Caguán - Caquetá, Colombia<br/>]]></description>
    <Point>
      <coordinates>-75.0805,2.6546,-15000</coordinates>
    </Point>
  </Placemark>
  <Placemark>
    <name>M1.7 - Hobo - Huila, Colombia</name>
    <description><![CDATA[<b>Magnitud:</b> 1.7 MLr_2<br/><b>Profundidad:</b> 22 km<br/><b>Hora local:</b> 2024-03-05T04:09:00+00:00<br/><b>Lugar:</b> Hobo - Huila, Colombia<br/>]]></description>
    <Point>
      <coordinates>-75.4404,2.5234,-22000</coordinates>
    </Point>
  </Placemark>
  <Placemark>
    <name>M1.5 - Aipe - Huila, Colombia</name>
    <description><![CDATA[<b>Magnitud:</b> 1.5 MLr_2<br/><b>Profundidad:</b> 16 km<br/><b>Hora local:</b> 2024-03-03T17:33:35+00:00<br/><b>Lugar:</b> Aipe - Huila, Colombia<br/>]]></description>
    <Point>
      <coordinates>-75.2371,3.3373,-16000</coordinates>
    </Point>
  </Placemark>
  <Placemark>
    <name>M1.8 - Íquira - Huila, Colombia</name>
    <description><![CDATA[<b>Magnitud:</b> 1.8 MLr_2<br/><b>Profundidad:</b> 25 km<br/><b>Hora local:</b> 2024-02-23T09:16:31+00:00<br/><b>Lugar:</b> Íquira - Huila, Colombia<br/>]]></description>
    <Point>
      <coordinates>-75.5976,2.6382,-25000</coordinates>
    </Point>
  </Placemark>
  <Placemark>
    <name>M1.5 - Rivera - Huila, Colombia</name>
    <description><![CDATA[<b>Magnitud:</b> 1.5 MLr_2<br/><b>Profundidad:</b> 22 km<br/><b>Hora local:</b> 2024-02-22T18:08:21+00:00<br/><b>Lugar:</b> Rivera - Huila, Colombia<br/>]]></description>
    <Point>
      <coordinates>-75.0831,2.7372,-22000</coordinates>
    </Point>
  </Placemark>
  <Placemark>
    <name>M1.6 - Hobo - Huila, Colombia</name>
    <description><![CDATA[<b>Magnitud:</b> 1.6 MLr_2<br/><b>Profundidad:</b> 31 km<br/><b>Hora local:</b> 2024-02-16T07:53:09+00:00<br/><b>Lugar:</b> Hobo - Huila, Colombia<br/>]]></description>
    <Point>
      <coordinates>-75.3892,2.5001,-31000</coordinates>
    </Point>
  </Placemark>
  <Placemark>
    <name>M1.8 - San Vicente del Caguán - Caquetá, Colombia</name>
    <description><![CDATA[<b>Magnitud:</b> 1.8 MLr_2<br/><b>Profundidad:</b> 32 km<br/><b>Hora local:</b> 2024-02-12T00:42:04+00:00<br/><b>Lugar:</b> San Vicente del Caguán - Caquetá, Colombia<br/>]]></description>
    <Point>
      <coordinates>-75.0682,2.6948,-32000</coordinates>
    </Point>
  </Placemark>
  <Placemark>
    <name>M1.4 - Algeciras - Huila, Colombia</name>
    <description><![CDATA[<b>Magnitud:</b> 1.4 MLr_2<br/><b>Profundidad:</b> 27 km<br/><b>Hora local:</b> 2024-02-06T07:13:21+00:00<br/><b>Lugar:</b> Algeciras - Huila, Colombia<br/>]]></description>
    <Point>
      <coordinates>-75.351,2.517,-27000</coordinates>
    </Point>
  </Placemark>
  <Placemark>
    <name>M1.7 - San Vicente del Caguán - Caquetá, Colombia</name>
    <description><![CDATA[<b>Magnitud:</b> 1.7 MLr_2<br/><b>Profundidad:</b> 31 km<br/><b>Hora local:</b> 2024-02-04T20:31:23+00:00<br/><b>Lugar:</b> San Vicente del Caguán - Caquetá, Colombia<br/>]]></description>
    <Point>
      <coordinates>-75.1022,2.6948,-31000</coordinates>
    </Point>
  </Placemark>
  <Placemark>
    <name>M1.4 - San Vicente del Caguán - Caquetá, Colombia</name>
    <description><![CDATA[<b>Magnitud:</b> 1.4 MLr_2<br/><b>Profundidad:</b> 5 km<br/><b>Hora local:</b> 2024-02-02T12:36:53+00:00<br/><b>Lugar:</b> San Vicente del Caguán - Caquetá, Colombia<br/>]]></description>
    <Point>
      <coordinates>-74.9245,2.8495,-5000</coordinates>
    </Point>
  </Placemark>
  <Placemark>
    <name>M1.5 - Baraya - Huila, Colombia</name>
    <description><![CDATA[<b>Magnitud:</b> 1.5 MLr_2<br/><b>Profundidad:</b> 23 km<br/><b>Hora local:</b> 2024-02-02T01:20:47+00:00<br/><b>Lugar:</b> Baraya - Huila, Colombia<br/>]]></description>
    <Point>
      <coordinates>-74.8813,2.9933,-23000</coordinates>
    </Point>
  </Placemark>
  <Placemark>
    <name>M1.3 - San Vicente del Caguán - Caquetá, Colombia</name>
    <description><![CDATA[<b>Magnitud:</b> 1.3 MLr_2<br/><b>Profundidad:</b> 41 km<br/><b>Hora local:</b> 2024-01-29T16:58:06+00:00<br/><b>Lugar:</b> San Vicente del Caguán - Caquetá, Colombia<br/>]]></description>
    <Point>
      <coordinates>-75.0054,2.698,-41000</coordinates>
    </Point>
  </Placemark>
  <Placemark>
    <name>M1.8 - Rivera - Huila, Colombia</name>
    <description><![CDATA[<b>Magnitud:</b> 1.8 MLr_2<br/><b>Profundidad:</b> 35 km<br/><b>Hora local:</b> 2024-01-28T13:26:17+00:00<br/><b>Lugar:</b> Rivera - Huila, Colombia<br/>]]></description>
    <Point>
      <coordinates>-75.0747,2.7647,-35000</coordinates>
    </Point>
  </Placemark>
  <Placemark>
    <name>M1.5 - Campoalegre - Huila, Colombia</name>
    <description><![CDATA[<b>Magnitud:</b> 1.5 MLr_2<br/><b>Profundidad:</b> 12 km<br/><b>Hora local:</b> 2024-01-25T09:45:43+00:00<br/><b>Lugar:</b> Campoalegre - Huila, Colombia<br/>]]></description>
    <Point>
      <coordinates>-75.3648,2.526,-12000</coordinates>
    </Point>
  </Placemark>
  <Placemark>
    <name>M1.6 - Algeciras - Huila, Colombia</name>
    <description><![CDATA[<b>Magnitud:</b> 1.6 MLr_2<br/><b>Profundidad:</b> 24 km<br/><b>Hora local:</b> 2024-01-25T09:42:23+00:00<br/><b>Lugar:</b> Algeciras - Huila, Colombia<br/>]]></description>
    <Point>
      <coordinates>-75.3297,2.5488,-24000</coordinates>
    </Point>
  </Placemark>
  <Placemark>
    <name>M3.3 - Algeciras - Huila, Colombia</name>
    <description><![CDATA[<b>Magnitud:</b> 3.3 MLr_2<br/><b>Profundidad:</b> 29 km<br/><b>Hora local:</b> 2024-01-16T13:03:06+00:00<br/><b>Lugar:</b> Algeciras - Huila, Colombia<br/>]]></description>
    <Point>
      <coordinates>-75.166,2.6462,-29000</coordinates>
    </Point>
  </Placemark>
  <Placemark>
    <name>M1.2 - San Vicente del Caguán - Caquetá, Colombia</name>
    <description><![CDATA[<b>Magnitud:</b> 1.2 MLr_2<br/><b>Profundidad:</b> 4 km<br/><b>Hora local:</b> 2024-01-11T22:37:27+00:00<br/><b>Lugar:</b> San Vicente del Caguán - Caquetá, Colombia<br/>]]></description>
    <Point>
      <coordinates>-75.0445,2.7265,-4000</coordinates>
    </Point>
  </Placemark>
  <Placemark>
    <name>M1.7 - Rivera - Huila, Colombia</name>
    <description><![CDATA[<b>Magnitud:</b> 1.7 MLr_2<br/><b>Profundidad:</b> 36 km<br/><b>Hora local:</b> 2024-01-08T02:36:50+00:00<br/><b>Lugar:</b> Rivera - Huila, Colombia<br/>]]></description>
    <Point>
      <coordinates>-75.1161,2.7361,-36000</coordinates>
    </Point>
  </Placemark>
  <Placemark>
    <name>M1.2 - Rivera - Huila, Colombia</name>
    <description><![CDATA[<b>Magnitud:</b> 1.2 MLr_2<br/><b>Profundidad:</b> 29 km<br/><b>Hora local:</b> 2024-01-02T02:26:24+00:00<br/><b>Lugar:</b> Rivera - Huila, Colombia<br/>]]></description>
    <Point>
      <coordinates>-75.0853,2.7372,-29000</coordinates>
    </Point>
  </Placemark>
  <Placemark>
    <name>M1.2 - San Vicente del Caguán - Caquetá, Colombia</name>
    <description><![CDATA[<b>Magnitud:</b> 1.2 MLr_2<br/><b>Profundidad:</b> 14 km<br/><b>Hora local:</b> 2024-01-02T02:15:29+00:00<br/><b>Lugar:</b> San Vicente del Caguán - Caquetá, Colombia<br/>]]></description>
    <Point>
      <coordinates>-75.0595,2.6548,-14000</coordinates>
    </Point>
  </Placemark>
  <Placemark>
    <name>M1.4 - Algeciras - Huila, Colombia</name>
    <description><![CDATA[<b>Magnitud:</b> 1.4 MLr_2<br/><b>Profundidad:</b> 33 km<br/><b>Hora local:</b> 2023-12-31T16:46:28+00:00<br/><b>Lugar:</b> Algeciras - Huila, Colombia<br/>]]></description>
    <Point>
      <coordinates>-75.1405,2.6716,-33000</coordinates>
    </Point>
  </Placemark>
  <Placemark>
    <name>M1.6 - Íquira - Huila, Colombia</name>
    <description><![CDATA[<b>Magnitud:</b> 1.6 MLr_2<br/><b>Profundidad:</b> 21 km<br/><b>Hora local:</b> 2023-12-30T07:12:26+00:00<br/><b>Lugar:</b> Íquira - Huila, Colombia<br/>]]></description>
    <Point>
      <coordinates>-75.6019,2.653,-21000</coordinates>
    </Point>
  </Placemark>
  <Placemark>
    <name>M1.3 - Algeciras - Huila, Colombia</name>
    <description><![CDATA[<b>Magnitud:</b> 1.3 MLr_2<br/><b>Profundidad:</b> 23 km<br/><b>Hora local:</b> 2023-12-29T13:54:58+00:00<br/><b>Lugar:</b> Algeciras - Huila, Colombia<br/>]]></description>
    <Point>
      <coordinates>-75.2914,2.5128,-23000</coordinates>
    </Point>
  </Placemark>
  <Placemark>
    <name>M1.5 - Neiva - Huila, Colombia</name>
    <description><![CDATA[<b>Magnitud:</b> 1.5 MLr_2<br/><b>Profundidad:</b> 33 km<br/><b>Hora local:</b> 2023-12-27T14:12:12+00:00<br/><b>Lugar:</b> Neiva - Huila, Colombia<br/>]]></description>
    <Point>
      <coordinates>-74.9652,2.8737,-33000</coordinates>
    </Point>
  </Placemark>
  <Placemark>
    <name>M1.7 - San Vicente del Caguán - Caquetá, Colombia</name>
    <description><![CDATA[<b>Magnitud:</b> 1.7 MLr_2<br/><b>Profundidad:</b> 21 km<br/><b>Hora local:</b> 2023-12-25T13:07:27+00:00<br/><b>Lugar:</b> San Vicente del Caguán - Caquetá, Colombia<br/>]]></description>
    <Point>
      <coordinates>-74.9534,2.8049,-21000</coordinates>
    </Point>
  </Placemark>
  <Placemark>
    <name>M1.6 - Villavieja - Huila, Colombia</name>
    <description><![CDATA[<b>Magnitud:</b> 1.6 MLr_2<br/><b>Profundidad:</b> 39 km<br/><b>Hora local:</b> 2023-12-24T09:41:24+00:00<br/><b>Lugar:</b> Villavieja - Huila, Colombia<br/>]]></description>
    <Point>
      <coordinates>-75.067,3.2134,-39000</coordinates>
    </Point>
  </Placemark>
  <Placemark>
    <name>M1.5 - Hobo - Huila, Colombia</name>
    <description><![CDATA[<b>Magnitud:</b> 1.5 MLr_2<br/><b>Profundidad:</b> 32 km<br/><b>Hora local:</b> 2023-12-23T21:54:41+00:00<br/><b>Lugar:</b> Hobo - Huila, Colombia<br/>]]></description>
    <Point>
      <coordinates>-75.4638,2.5192,-32000</coordinates>
    </Point>
  </Placemark>
  <Placemark>
    <name>M1.7 - San Vicente del Caguán - Caquetá, Colombia</name>
    <description><![CDATA[<b>Magnitud:</b> 1.7 MLr_2<br/><b>Profundidad:</b> 29 km<br/><b>Hora local:</b> 2023-12-20T05:48:54+00:00<br/><b>Lugar:</b> San Vicente del Caguán - Caquetá, Colombia<br/>]]></description>
    <Point>
      <coordinates>-74.8631,2.9076,-29000</coordinates>
    </Point>
  </Placemark>
  <Placemark>
    <name>M2.3 - Baraya - Huila, Colombia</name>
    <description><![CDATA[<b>Magnitud:</b> 2.3 MLr_2<br/><b>Profundidad:</b> 23 km<br/><b>Hora local:</b> 2023-12-17T03:54:24+00:00<br/><b>Lugar:</b> Baraya - Huila, Colombia<br/>]]></description>
    <Point>
      <coordinates>-74.8659,3.0203,-23000</coordinates>
    </Point>
  </Placemark>
  <Placemark>
    <name>M1.5 - San Vicente del Caguán - Caquetá, Colombia</name>
    <description><![CDATA[<b>Magnitud:</b> 1.5 MLr_2<br/><b>Profundidad:</b> 35 km<br/><b>Hora local:</b> 2023-12-13T04:27:29+00:00<br/><b>Lugar:</b> San Vicente del Caguán - Caquetá, Colombia<br/>]]></description>
    <Point>
      <coordinates>-74.8769,2.9065,-35000</coordinates>
    </Point>
  </Placemark>
  <Placemark>
    <name>M1.3 - Yaguará - Huila, Colombia</name>
    <description><![CDATA[<b>Magnitud:</b> 1.3 MLr_2<br/><b>Profundidad:</b> 29 km<br/><b>Hora local:</b> 2023-12-12T21:05:55+00:00<br/><b>Lugar:</b> Yaguará - Huila, Colombia<br/>]]></description>
    <Point>
      <coordinates>-75.4759,2.7044,-29000</coordinates>
    </Point>
  </Placemark>
  <Placemark>
    <name>M1.6 - Campoalegre - Huila, Colombia</name>
    <description><![CDATA[<b>Magnitud:</b> 1.6 MLr_2<br/><b>Profundidad:</b> 23 km<br/><b>Hora local:</b> 2023-12-12T13:53:31+00:00<br/><b>Lugar:</b> Campoalegre - Huila, Colombia<br/>]]></description>
    <Point>
      <coordinates>-75.3595,2.534,-23000</coordinates>
    </Point>
  </Placemark>
  <Placemark>
    <name>M1.6 - Palermo - Huila, Colombia</name>
    <description><![CDATA[<b>Magnitud:</b> 1.6 MLr_2<br/><b>Profundidad:</b> 26 km<br/><b>Hora local:</b> 2023-12-10T13:41:54+00:00<br/><b>Lugar:</b> Palermo - Huila, Colombia<br/>]]></description>
    <Point>
      <coordinates>-75.3262,2.9319,-26000</coordinates>
    </Point>
  </Placemark>
  <Placemark>
    <name>M1.2 - San Vicente del Caguán - Caquetá, Colombia</name>
    <description><![CDATA[<b>Magnitud:</b> 1.2 MLr_2<br/><b>Profundidad:</b> 19 km<br/><b>Hora local:</b> 2023-12-08T06:53:17+00:00<br/><b>Lugar:</b> San Vicente del Caguán - Caquetá, Colombia<br/>]]></description>
    <Point>
      <coordinates>-74.8535,2.9065,-19000</coordinates>
    </Point>
  </Placemark>
  <Placemark>
    <name>M1.3 - Neiva - Huila, Colombia</name>
    <description><![CDATA[<b>Magnitud:</b> 1.3 MLr_2<br/><b>Profundidad:</b> 9 km<br/><b>Hora local:</b> 2023-12-07T07:36:26+00:00<br/><b>Lugar:</b> Neiva - Huila, Colombia<br/>]]></description>
    <Point>
      <coordinates>-75.0641,2.8558,-9000</coordinates>
    </Point>
  </Placemark>
  <Placemark>
    <name>M1.3 - San Vicente del Caguán - Caquetá, Colombia</name>
    <description><![CDATA[<b>Magnitud:</b> 1.3 MLr_2<br/><b>Profundidad:</b> 22 km<br/><b>Hora local:</b> 2023-12-06T02:47:48+00:00<br/><b>Lugar:</b> San Vicente del Caguán - Caquetá, Colombia<br/>]]></description>
    <Point>
      <coordinates>-74.8641,2.8811,-22000</coordinates>
    </Point>
  </Placemark>
  <Placemark>
    <name>M1.9 - San Vicente del Caguán - Caquetá, Colombia</name>
    <description><![CDATA[<b>Magnitud:</b> 1.9 MLr_2<br/><b>Profundidad:</b> 36 km<br/><b>Hora local:</b> 2023-12-05T16:03:45+00:00<br/><b>Lugar:</b> San Vicente del Caguán - Caquetá, Colombia<br/>]]></description>
    <Point>
      <coordinates>-75.099,2.6896,-36000</coordinates>
    </Point>
  </Placemark>
  <Placemark>
    <name>M1.2 - San Vicente del Caguán - Caquetá, Colombia</name>
    <description><![CDATA[<b>Magnitud:</b> 1.2 MLr_2<br/><b>Profundidad:</b> 5 km<br/><b>Hora local:</b> 2023-12-03T23:22:19+00:00<br/><b>Lugar:</b> San Vicente del Caguán - Caquetá, Colombia<br/>]]></description>
    <Point>
      <coordinates>-75.0706,2.7166,-5000</coordinates>
    </Point>
  </Placemark>
  <Placemark>
    <name>M0.9 - Villavieja - Huila, Colombia</name>
    <description><![CDATA[<b>Magnitud:</b> 0.9 MLr_2<br/><b>Profundidad:</b> 25 km<br/><b>Hora local:</b> 2023-12-03T08:43:09+00:00<br/><b>Lugar:</b> Villavieja - Huila, Colombia<br/>]]></description>
    <Point>
      <coordinates>-75.2118,3.1685,-25000</coordinates>
    </Point>
  </Placemark>
  <Placemark>
    <name>M2.3 - Aipe - Huila, Colombia</name>
    <description><![CDATA[<b>Magnitud:</b> 2.3 MLr_2<br/><b>Profundidad:</b> 32 km<br/><b>Hora local:</b> 2023-12-01T16:17:55+00:00<br/><b>Lugar:</b> Aipe - Huila, Colombia<br/>]]></description>
    <Point>
      <coordinates>-75.2401,3.2478,-32000</coordinates>
    </Point>
  </Placemark>
  <Placemark>
    <name>M1.8 - Rivera - Huila, Colombia</name>
    <description><![CDATA[<b>Magnitud:</b> 1.8 MLr_2<br/><b>Profundidad:</b> 33 km<br/><b>Hora local:</b> 2023-12-01T15:21:22+00:00<br/><b>Lugar:</b> Rivera - Huila, Colombia<br/>]]></description>
    <Point>
      <coordinates>-75.0576,2.7605,-33000</coordinates>
    </Point>
  </Placemark>
  <Placemark>
    <name>M2.5 - Uribe - Meta, Colombia</name>
    <description><![CDATA[<b>Magnitud:</b> 2.5 MLr_2<br/><b>Profundidad:</b> 31 km<br/><b>Hora local:</b> 2023-11-29T13:23:57+00:00<br/><b>Lugar:</b> Uribe - Meta, Colombia<br/>]]></description>
    <Point>
      <coordinates>-74.8669,2.9758,-31000</coordinates>
    </Point>
  </Placemark>
  <Placemark>
    <name>M1.4 - San Vicente del Caguán - Caquetá, Colombia</name>
    <description><![CDATA[<b>Magnitud:</b> 1.4 MLr_2<br/><b>Profundidad:</b> 3 km<br/><b>Hora local:</b> 2023-11-28T15:49:15+00:00<br/><b>Lugar:</b> San Vicente del Caguán - Caquetá, Colombia<br/>]]></description>
    <Point>
      <coordinates>-74.8663,2.8231,-3000</coordinates>
    </Point>
  </Placemark>
  <Placemark>
    <name>M2.3 - Uribe - Meta, Colombia</name>
    <description><![CDATA[<b>Magnitud:</b> 2.3 MLr_2<br/><b>Profundidad:</b> 37 km<br/><b>Hora local:</b> 2023-11-28T06:04:41+00:00<br/><b>Lugar:</b> Uribe - Meta, Colombia<br/>]]></description>
    <Point>
      <coordinates>-74.8535,2.915,-37000</coordinates>
    </Point>
  </Placemark>
  <Placemark>
    <name>M1.4 - Hobo - Huila, Colombia</name>
    <description><![CDATA[<b>Magnitud:</b> 1.4 MLr_2<br/><b>Profundidad:</b> 33 km<br/><b>Hora local:</b> 2023-11-25T16:28:54+00:00<br/><b>Lugar:</b> Hobo - Huila, Colombia<br/>]]></description>
    <Point>
      <coordinates>-75.3871,2.5022,-33000</coordinates>
    </Point>
  </Placemark>
  <Placemark>
    <name>M1.3 - San Vicente del Caguán - Caquetá, Colombia</name>
    <description><![CDATA[<b>Magnitud:</b> 1.3 MLr_2<br/><b>Profundidad:</b> 34 km<br/><b>Hora local:</b> 2023-11-22T15:17:14+00:00<br/><b>Lugar:</b> San Vicente del Caguán - Caquetá, Colombia<br/>]]></description>
    <Point>
      <coordinates>-74.9131,2.915,-34000</coordinates>
    </Point>
  </Placemark>
  <Placemark>
    <name>M1.3 - Uribe - Meta, Colombia</name>
    <description><![CDATA[<b>Magnitud:</b> 1.3 MLr_2<br/><b>Profundidad:</b> 27 km<br/><b>Hora local:</b> 2023-11-22T03:27:05+00:00<br/><b>Lugar:</b> Uribe - Meta, Colombia<br/>]]></description>
    <Point>
      <coordinates>-74.8685,2.9488,-27000</coordinates>
    </Point>
  </Placemark>
  <Placemark>
    <name>M1.1 - Baraya - Huila, Colombia</name>
    <description><![CDATA[<b>Magnitud:</b> 1.1 MLr_2<br/><b>Profundidad:</b> 20 km<br/><b>Hora local:</b> 2023-11-17T01:52:17+00:00<br/><b>Lugar:</b> Baraya - Huila, Colombia<br/>]]></description>
    <Point>
      <coordinates>-74.9657,3.1446,-20000</coordinates>
    </Point>
  </Placemark>
  <Placemark>
    <name>M1.4 - Hobo - Huila, Colombia</name>
    <description><![CDATA[<b>Magnitud:</b> 1.4 MLr_2<br/><b>Profundidad:</b> 31 km<br/><b>Hora local:</b> 2023-11-16T07:54:32+00:00<br/><b>Lugar:</b> Hobo - Huila, Colombia<br/>]]></description>
    <Point>
      <coordinates>-75.4021,2.5424,-31000</coordinates>
    </Point>
  </Placemark>
  <Placemark>
    <name>M1.4 - Rivera - Huila, Colombia</name>
    <description><![CDATA[<b>Magnitud:</b> 1.4 MLr_2<br/><b>Profundidad:</b> 34 km<br/><b>Hora local:</b> 2023-11-16T03:24:06+00:00<br/><b>Lugar:</b> Rivera - Huila, Colombia<br/>]]></description>
    <Point>
      <coordinates>-75.0778,2.7446,-34000</coordinates>
    </Point>
  </Placemark>
  <Placemark>
    <name>M1.4 - San Vicente del Caguán - Caquetá, Colombia</name>
    <description><![CDATA[<b>Magnitud:</b> 1.4 MLr_2<br/><b>Profundidad:</b> 5 km<br/><b>Hora local:</b> 2023-11-12T01:27:52+00:00<br/><b>Lugar:</b> San Vicente del Caguán - Caquetá, Colombia<br/>]]></description>
    <Point>
      <coordinates>-75.0546,2.709,-5000</coordinates>
    </Point>
  </Placemark>
  <Placemark>
    <name>M1.6 - Aipe - Huila, Colombia</name>
    <description><![CDATA[<b>Magnitud:</b> 1.6 MLr_2<br/><b>Profundidad:</b> 33 km<br/><b>Hora local:</b> 2023-10-31T21:16:01+00:00<br/><b>Lugar:</b> Aipe - Huila, Colombia<br/>]]></description>
    <Point>
      <coordinates>-75.4214,3.3494,-33000</coordinates>
    </Point>
  </Placemark>
  <Placemark>
    <name>M1.6 - Palermo - Huila, Colombia</name>
    <description><![CDATA[<b>Magnitud:</b> 1.6 MLr_2<br/><b>Profundidad:</b> 28 km<br/><b>Hora local:</b> 2023-10-29T11:19:39+00:00<br/><b>Lugar:</b> Palermo - Huila, Colombia<br/>]]></description>
    <Point>
      <coordinates>-75.3605,2.7779,-28000</coordinates>
    </Point>
  </Placemark>
  <Placemark>
    <name>M2.3 - Uribe - Meta, Colombia</name>
    <description><![CDATA[<b>Magnitud:</b> 2.3 MLr_2<br/><b>Profundidad:</b> 29 km<br/><b>Hora local:</b> 2023-10-27T23:30:12+00:00<br/><b>Lugar:</b> Uribe - Meta, Colombia<br/>]]></description>
    <Point>
      <coordinates>-74.8642,2.9277,-29000</coordinates>
    </Point>
  </Placemark>
  <Placemark>
    <name>M1.8 - Uribe - Meta, Colombia</name>
    <description><![CDATA[<b>Magnitud:</b> 1.8 MLr_2<br/><b>Profundidad:</b> 27 km<br/><b>Hora local:</b> 2023-10-25T05:19:26+00:00<br/><b>Lugar:</b> Uribe - Meta, Colombia<br/>]]></description>
    <Point>
      <coordinates>-74.8813,2.9594,-27000</coordinates>
    </Point>
  </Placemark>
  <Placemark>
    <name>M2.3 - Aipe - Huila, Colombia</name>
    <description><![CDATA[<b>Magnitud:</b> 2.3 MLr_2<br/><b>Profundidad:</b> 19 km<br/><b>Hora local:</b> 2023-10-24T04:59:56+00:00<br/><b>Lugar:</b> Aipe - Huila, Colombia<br/>]]></description>
    <Point>
      <coordinates>-75.2605,3.3198,-19000</coordinates>
    </Point>
  </Placemark>
  <Placemark>
    <name>M2.2 - Algeciras - Huila, Colombia</name>
    <description><![CDATA[<b>Magnitud:</b> 2.2 MLr_2<br/><b>Profundidad:</b> 28 km<br/><b>Hora local:</b> 2023-10-23T15:48:08+00:00<br/><b>Lugar:</b> Algeciras - Huila, Colombia<br/>]]></description>
    <Point>
      <coordinates>-75.1622,2.6223,-28000</coordinates>
    </Point>
  </Placemark>
  <Placemark>
    <name>M1.6 - Campoalegre - Huila, Colombia</name>
    <description><![CDATA[<b>Magnitud:</b> 1.6 MLr_2<br/><b>Profundidad:</b> 30 km<br/><b>Hora local:</b> 2023-10-19T08:08:15+00:00<br/><b>Lugar:</b> Campoalegre - Huila, Colombia<br/>]]></description>
    <Point>
      <coordinates>-75.3724,2.6186,-30000</coordinates>
    </Point>
  </Placemark>
  <Placemark>
    <name>M1.5 - Baraya - Huila, Colombia</name>
    <description><![CDATA[<b>Magnitud:</b> 1.5 MLr_2<br/><b>Profundidad:</b> 20 km<br/><b>Hora local:</b> 2023-10-16T20:52:36+00:00<br/><b>Lugar:</b> Baraya - Huila, Colombia<br/>]]></description>
    <Point>
      <coordinates>-74.8921,3.0758,-20000</coordinates>
    </Point>
  </Placemark>
  <Placemark>
    <name>M1.6 - Uribe - Meta, Colombia</name>
    <description><![CDATA[<b>Magnitud:</b> 1.6 MLr_2<br/><b>Profundidad:</b> 40 km<br/><b>Hora local:</b> 2023-10-16T17:02:16+00:00<br/><b>Lugar:</b> Uribe - Meta, Colombia<br/>]]></description>
    <Point>
      <coordinates>-74.8493,2.9679,-40000</coordinates>
    </Point>
  </Placemark>
  <Placemark>
    <name>M1.9 - Algeciras - Huila, Colombia</name>
    <description><![CDATA[<b>Magnitud:</b> 1.9 MLr_2<br/><b>Profundidad:</b> 36 km<br/><b>Hora local:</b> 2023-10-16T07:28:35+00:00<br/><b>Lugar:</b> Algeciras - Huila, Colombia<br/>]]></description>
    <Point>
      <coordinates>-75.1581,2.6996,-36000</coordinates>
    </Point>
  </Placemark>
  <Placemark>
    <name>M3.1 - Rivera - Huila, Colombia</name>
    <description><![CDATA[<b>Magnitud:</b> 3.1 MLr_2<br/><b>Profundidad:</b> 41 km<br/><b>Hora local:</b> 2023-10-09T21:54:07+00:00<br/><b>Lugar:</b> Rivera - Huila, Colombia<br/>]]></description>
    <Point>
      <coordinates>-75.1667,2.7483,-41000</coordinates>
    </Point>
  </Placemark>
  <Placemark>
    <name>M1.3 - Algeciras - Huila, Colombia</name>
    <description><![CDATA[<b>Magnitud:</b> 1.3 MLr_2<br/><b>Profundidad:</b> 25 km<br/><b>Hora local:</b> 2023-10-06T20:31:10+00:00<br/><b>Lugar:</b> Algeciras - Huila, Colombia<br/>]]></description>
    <Point>
      <coordinates>-75.2956,2.5128,-25000</coordinates>
    </Point>
  </Placemark>
  <Placemark>
    <name>M1.4 - Uribe - Meta, Colombia</name>
    <description><![CDATA[<b>Magnitud:</b> 1.4 MLr_2<br/><b>Profundidad:</b> 36 km<br/><b>Hora local:</b> 2023-09-27T22:11:12+00:00<br/><b>Lugar:</b> Uribe - Meta, Colombia<br/>]]></description>
    <Point>
      <coordinates>-74.8664,2.9827,-36000</coordinates>
    </Point>
  </Placemark>
  <Placemark>
    <name>M1.6 - Uribe - Meta, Colombia</name>
    <description><![CDATA[<b>Magnitud:</b> 1.6 MLr_2<br/><b>Profundidad:</b> 30 km<br/><b>Hora local:</b> 2023-09-26T21:48:26+00:00<br/><b>Lugar:</b> Uribe - Meta, Colombia<br/>]]></description>
    <Point>
      <coordinates>-74.8536,2.9742,-30000</coordinates>
    </Point>
  </Placemark>
  <Placemark>
    <name>M2.2 - San Vicente del Caguán - Caquetá, Colombia</name>
    <description><![CDATA[<b>Magnitud:</b> 2.2 MLr_2<br/><b>Profundidad:</b> 35 km<br/><b>Hora local:</b> 2023-09-25T02:57:42+00:00<br/><b>Lugar:</b> San Vicente del Caguán - Caquetá, Colombia<br/>]]></description>
    <Point>
      <coordinates>-75.0187,2.725,-35000</coordinates>
    </Point>
  </Placemark>
  <Placemark>
    <name>M2.0 - San Vicente del Caguán - Caquetá, Colombia</name>
    <description><![CDATA[<b>Magnitud:</b> 2.0 MLr_2<br/><b>Profundidad:</b> 34 km<br/><b>Hora local:</b> 2023-09-23T08:30:35+00:00<br/><b>Lugar:</b> San Vicente del Caguán - Caquetá, Colombia<br/>]]></description>
    <Point>
      <coordinates>-75.0576,2.7329,-34000</coordinates>
    </Point>
  </Placemark>
  <Placemark>
    <name>M2.1 - Íquira - Huila, Colombia</name>
    <description><![CDATA[<b>Magnitud:</b> 2.1 MLr_2<br/><b>Profundidad:</b> 33 km<br/><b>Hora local:</b> 2023-09-20T12:28:12+00:00<br/><b>Lugar:</b> Íquira - Huila, Colombia<br/>]]></description>
    <Point>
      <coordinates>-75.6285,2.6425,-33000</coordinates>
    </Point>
  </Placemark>
  <Placemark>
    <name>M2.0 - Aipe - Huila, Colombia</name>
    <description><![CDATA[<b>Magnitud:</b> 2.0 MLr_2<br/><b>Profundidad:</b> 32 km<br/><b>Hora local:</b> 2023-09-16T10:43:01+00:00<br/><b>Lugar:</b> Aipe - Huila, Colombia<br/>]]></description>
    <Point>
      <coordinates>-75.2767,3.1912,-32000</coordinates>
    </Point>
  </Placemark>
  <Placemark>
    <name>M1.9 - Uribe - Meta, Colombia</name>
    <description><![CDATA[<b>Magnitud:</b> 1.9 MLr_2<br/><b>Profundidad:</b> 29 km<br/><b>Hora local:</b> 2023-09-12T17:57:08+00:00<br/><b>Lugar:</b> Uribe - Meta, Colombia<br/>]]></description>
    <Point>
      <coordinates>-74.8621,2.9615,-29000</coordinates>
    </Point>
  </Placemark>
  <Placemark>
    <name>M2.8 - Aipe - Huila, Colombia</name>
    <description><![CDATA[<b>Magnitud:</b> 2.8 MLr_2<br/><b>Profundidad:</b> 30 km<br/><b>Hora local:</b> 2023-09-10T17:34:17+00:00<br/><b>Lugar:</b> Aipe - Huila, Colombia<br/>]]></description>
    <Point>
      <coordinates>-75.2613,3.1822,-30000</coordinates>
    </Point>
  </Placemark>
  <Placemark>
    <name>M1.6 - San Vicente del Caguán - Caquetá, Colombia</name>
    <description><![CDATA[<b>Magnitud:</b> 1.6 MLr_2<br/><b>Profundidad:</b> 6 km<br/><b>Hora local:</b> 2023-09-10T12:30:27+00:00<br/><b>Lugar:</b> San Vicente del Caguán - Caquetá, Colombia<br/>]]></description>
    <Point>
      <coordinates>-74.9808,2.6898,-6000</coordinates>
    </Point>
  </Placemark>
  <Placemark>
    <name>M1.5 - San Vicente del Caguán - Caquetá, Colombia</name>
    <description><![CDATA[<b>Magnitud:</b> 1.5 MLr_2<br/><b>Profundidad:</b> 4 km<br/><b>Hora local:</b> 2023-09-08T03:06:52+00:00<br/><b>Lugar:</b> San Vicente del Caguán - Caquetá, Colombia<br/>]]></description>
    <Point>
      <coordinates>-75.057,2.6731,-4000</coordinates>
    </Point>
  </Placemark>
  <Placemark>
    <name>M1.7 - San Vicente del Caguán - Caquetá, Colombia</name>
    <description><![CDATA[<b>Magnitud:</b> 1.7 MLr_2<br/><b>Profundidad:</b> 31 km<br/><b>Hora local:</b> 2023-09-05T00:28:55+00:00<br/><b>Lugar:</b> San Vicente del Caguán - Caquetá, Colombia<br/>]]></description>
    <Point>
      <coordinates>-75.0406,2.7626,-31000</coordinates>
    </Point>
  </Placemark>
  <Placemark>
    <name>M1.5 - Íquira - Huila, Colombia</name>
    <description><![CDATA[<b>Magnitud:</b> 1.5 MLr_2<br/><b>Profundidad:</b> 24 km<br/><b>Hora local:</b> 2023-09-03T01:12:47+00:00<br/><b>Lugar:</b> Íquira - Huila, Colombia<br/>]]></description>
    <Point>
      <coordinates>-75.6237,2.6462,-24000</coordinates>
    </Point>
  </Placemark>
  <Placemark>
    <name>M2.8 - Hobo - Huila, Colombia</name>
    <description><![CDATA[<b>Magnitud:</b> 2.8 MLr_2<br/><b>Profundidad:</b> 30 km<br/><b>Hora local:</b> 2023-09-02T11:25:08+00:00<br/><b>Lugar:</b> Hobo - Huila, Colombia<br/>]]></description>
    <Point>
      <coordinates>-75.3877,2.5483,-30000</coordinates>
    </Point>
  </Placemark>
  <Placemark>
    <name>M1.1 - San Vicente del Caguán - Caquetá, Colombia</name>
    <description><![CDATA[<b>Magnitud:</b> 1.1 MLr_2<br/><b>Profundidad:</b> 8 km<br/><b>Hora local:</b> 2023-09-01T01:37:11+00:00<br/><b>Lugar:</b> San Vicente del Caguán - Caquetá, Colombia<br/>]]></description>
    <Point>
      <coordinates>-74.8631,2.9076,-8000</coordinates>
    </Point>
  </Placemark>
  <Placemark>
    <name>M2.5 - San Vicente del Caguán - Caquetá, Colombia</name>
    <description><![CDATA[<b>Magnitud:</b> 2.5 MLr_2<br/><b>Profundidad:</b> 34 km<br/><b>Hora local:</b> 2023-08-31T08:24:37+00:00<br/><b>Lugar:</b> San Vicente del Caguán - Caquetá, Colombia<br/>]]></description>
    <Point>
      <coordinates>-74.8492,2.9065,-34000</coordinates>
    </Point>
  </Placemark>
  <Placemark>
    <name>M1.4 - Algeciras - Huila, Colombia</name>
    <description><![CDATA[<b>Magnitud:</b> 1.4 MLr_2<br/><b>Profundidad:</b> 29 km<br/><b>Hora local:</b> 2023-08-28T22:30:08+00:00<br/><b>Lugar:</b> Algeciras - Huila, Colombia<br/>]]></description>
    <Point>
      <coordinates>-75.3829,2.498,-29000</coordinates>
    </Point>
  </Placemark>
  <Placemark>
    <name>M1.9 - Campoalegre - Huila, Colombia</name>
    <description><![CDATA[<b>Magnitud:</b> 1.9 MLr_2<br/><b>Profundidad:</b> 26 km<br/><b>Hora local:</b> 2023-08-28T16:28:33+00:00<br/><b>Lugar:</b> Campoalegre - Huila, Colombia<br/>]]></description>
    <Point>
      <coordinates>-75.3681,2.5848,-26000</coordinates>
    </Point>
  </Placemark>
  <Placemark>
    <name>M1.6 - Tello - Huila, Colombia</name>
    <description><![CDATA[<b>Magnitud:</b> 1.6 MLr_2<br/><b>Profundidad:</b> 24 km<br/><b>Hora local:</b> 2023-08-28T07:49:23+00:00<br/><b>Lugar:</b> Tello - Huila, Colombia<br/>]]></description>
    <Point>
      <coordinates>-75.2159,3.133,-24000</coordinates>
    </Point>
  </Placemark>
  <Placemark>
    <name>M1.1 - San Vicente del Caguán - Caquetá, Colombia</name>
    <description><![CDATA[<b>Magnitud:</b> 1.1 MLr_2<br/><b>Profundidad:</b> 33 km<br/><b>Hora local:</b> 2023-08-27T07:48:19+00:00<br/><b>Lugar:</b> San Vicente del Caguán - Caquetá, Colombia<br/>]]></description>
    <Point>
      <coordinates>-75.1512,2.7033,-33000</coordinates>
    </Point>
  </Placemark>
  <Placemark>
    <name>M1.4 - San Vicente del Caguán - Caquetá, Colombia</name>
    <description><![CDATA[<b>Magnitud:</b> 1.4 MLr_2<br/><b>Profundidad:</b> 4 km<br/><b>Hora local:</b> 2023-08-26T11:30:39+00:00<br/><b>Lugar:</b> San Vicente del Caguán - Caquetá, Colombia<br/>]]></description>
    <Point>
      <coordinates>-75.0741,2.6865,-4000</coordinates>
    </Point>
  </Placemark>
  <Placemark>
    <name>M1.3 - Íquira - Huila, Colombia</name>
    <description><![CDATA[<b>Magnitud:</b> 1.3 MLr_2<br/><b>Profundidad:</b> 19 km<br/><b>Hora local:</b> 2023-08-24T22:48:00+00:00<br/><b>Lugar:</b> Íquira - Huila, Colombia<br/>]]></description>
    <Point>
      <coordinates>-75.668,2.7446,-19000</coordinates>
    </Point>
  </Placemark>
  <Placemark>
    <name>M1.8 - Aipe - Huila, Colombia</name>
    <description><![CDATA[<b>Magnitud:</b> 1.8 MLr_2<br/><b>Profundidad:</b> 43 km<br/><b>Hora local:</b> 2023-08-21T20:34:19+00:00<br/><b>Lugar:</b> Aipe - Huila, Colombia<br/>]]></description>
    <Point>
      <coordinates>-75.342,3.3023,-43000</coordinates>
    </Point>
  </Placemark>
  <Placemark>
    <name>M1.8 - Villavieja - Huila, Colombia</name>
    <description><![CDATA[<b>Magnitud:</b> 1.8 MLr_2<br/><b>Profundidad:</b> 41 km<br/><b>Hora local:</b> 2023-08-21T19:27:51+00:00<br/><b>Lugar:</b> Villavieja - Huila, Colombia<br/>]]></description>
    <Point>
      <coordinates>-75.1458,3.2304,-41000</coordinates>
    </Point>
  </Placemark>
  <Placemark>
    <name>M1.6 - Algeciras - Huila, Colombia</name>
    <description><![CDATA[<b>Magnitud:</b> 1.6 MLr_2<br/><b>Profundidad:</b> 31 km<br/><b>Hora local:</b> 2023-08-18T04:31:52+00:00<br/><b>Lugar:</b> Algeciras - Huila, Colombia<br/>]]></description>
    <Point>
      <coordinates>-75.1958,2.6419,-31000</coordinates>
    </Point>
  </Placemark>
  <Placemark>
    <name>M1.5 - San Vicente del Caguán - Caquetá, Colombia</name>
    <description><![CDATA[<b>Magnitud:</b> 1.5 MLr_2<br/><b>Profundidad:</b> 38 km<br/><b>Hora local:</b> 2023-08-17T04:01:16+00:00<br/><b>Lugar:</b> San Vicente del Caguán - Caquetá, Colombia<br/>]]></description>
    <Point>
      <coordinates>-75.1342,2.7181,-38000</coordinates>
    </Point>
  </Placemark>
  <Placemark>
    <name>M2.3 - San Vicente del Caguán - Caquetá, Colombia</name>
    <description><![CDATA[<b>Magnitud:</b> 2.3 MLr_2<br/><b>Profundidad:</b> 34 km<br/><b>Hora local:</b> 2023-08-17T03:57:42+00:00<br/><b>Lugar:</b> San Vicente del Caguán - Caquetá, Colombia<br/>]]></description>
    <Point>
      <coordinates>-75.123,2.7123,-34000</coordinates>
    </Point>
  </Placemark>
  <Placemark>
    <name>M2.7 - San Vicente del Caguán - Caquetá, Colombia</name>
    <description><![CDATA[<b>Magnitud:</b> 2.7 MLr_2<br/><b>Profundidad:</b> 31 km<br/><b>Hora local:</b> 2023-08-16T05:45:09+00:00<br/><b>Lugar:</b> San Vicente del Caguán - Caquetá, Colombia<br/>]]></description>
    <Point>
      <coordinates>-75.0539,2.7483,-31000</coordinates>
    </Point>
  </Placemark>
  <Placemark>
    <name>M1.2 - Algeciras - Huila, Colombia</name>
    <description><![CDATA[<b>Magnitud:</b> 1.2 MLr_2<br/><b>Profundidad:</b> 29 km<br/><b>Hora local:</b> 2023-08-14T19:08:01+00:00<br/><b>Lugar:</b> Algeciras - Huila, Colombia<br/>]]></description>
    <Point>
      <coordinates>-75.3584,2.5033,-29000</coordinates>
    </Point>
  </Placemark>
  <Placemark>
    <name>M1.6 - Íquira - Huila, Colombia</name>
    <description><![CDATA[<b>Magnitud:</b> 1.6 MLr_2<br/><b>Profundidad:</b> 4 km<br/><b>Hora local:</b> 2023-08-12T20:38:41+00:00<br/><b>Lugar:</b> Íquira - Huila, Colombia<br/>]]></description>
    <Point>
      <coordinates>-75.6815,2.7943,-4000</coordinates>
    </Point>
  </Placemark>
  <Placemark>
    <name>M1.3 - Algeciras - Huila, Colombia</name>
    <description><![CDATA[<b>Magnitud:</b> 1.3 MLr_2<br/><b>Profundidad:</b> 24 km<br/><b>Hora local:</b> 2023-08-12T00:39:55+00:00<br/><b>Lugar:</b> Algeciras - Huila, Colombia<br/>]]></description>
    <Point>
      <coordinates>-75.2658,2.5086,-24000</coordinates>
    </Point>
  </Placemark>
  <Placemark>
    <name>M1.1 - Íquira - Huila, Colombia</name>
    <description><![CDATA[<b>Magnitud:</b> 1.1 MLr_2<br/><b>Profundidad:</b> 21 km<br/><b>Hora local:</b> 2023-08-08T12:02:10+00:00<br/><b>Lugar:</b> Íquira - Huila, Colombia<br/>]]></description>
    <Point>
      <coordinates>-75.6621,2.7012,-21000</coordinates>
    </Point>
  </Placemark>
  <Placemark>
    <name>M1.5 - San Vicente del Caguán - Caquetá, Colombia</name>
    <description><![CDATA[<b>Magnitud:</b> 1.5 MLr_2<br/><b>Profundidad:</b> 34 km<br/><b>Hora local:</b> 2023-08-04T08:22:36+00:00<br/><b>Lugar:</b> San Vicente del Caguán - Caquetá, Colombia<br/>]]></description>
    <Point>
      <coordinates>-75.0576,2.7435,-34000</coordinates>
    </Point>
  </Placemark>
  <Placemark>
    <name>M1.3 - Algeciras - Huila, Colombia</name>
    <description><![CDATA[<b>Magnitud:</b> 1.3 MLr_2<br/><b>Profundidad:</b> 24 km<br/><b>Hora local:</b> 2023-08-03T23:27:06+00:00<br/><b>Lugar:</b> Algeciras - Huila, Colombia<br/>]]></description>
    <Point>
      <coordinates>-75.3038,2.5381,-24000</coordinates>
    </Point>
  </Placemark>
  <Placemark>
    <name>M1.9 - Baraya - Huila, Colombia</name>
    <description><![CDATA[<b>Magnitud:</b> 1.9 MLr_2<br/><b>Profundidad:</b> 27 km<br/><b>Hora local:</b> 2023-08-03T13:18:21+00:00<br/><b>Lugar:</b> Baraya - Huila, Colombia<br/>]]></description>
    <Point>
      <coordinates>-75.0946,3.1669,-27000</coordinates>
    </Point>
  </Placemark>
  <Placemark>
    <name>M2.5 - San Vicente del Caguán - Caquetá, Colombia</name>
    <description><![CDATA[<b>Magnitud:</b> 2.5 MLr_2<br/><b>Profundidad:</b> 31 km<br/><b>Hora local:</b> 2023-08-03T11:35:12+00:00<br/><b>Lugar:</b> San Vicente del Caguán - Caquetá, Colombia<br/>]]></description>
    <Point>
      <coordinates>-75.0645,2.7335,-31000</coordinates>
    </Point>
  </Placemark>
  <Placemark>
    <name>M1.3 - Baraya - Huila, Colombia</name>
    <description><![CDATA[<b>Magnitud:</b> 1.3 MLr_2<br/><b>Profundidad:</b> 6 km<br/><b>Hora local:</b> 2023-08-03T10:47:06+00:00<br/><b>Lugar:</b> Baraya - Huila, Colombia<br/>]]></description>
    <Point>
      <coordinates>-74.8766,3.019,-6000</coordinates>
    </Point>
  </Placemark>
  <Placemark>
    <name>M2.6 - San Vicente del Caguán - Caquetá, Colombia</name>
    <description><![CDATA[<b>Magnitud:</b> 2.6 MLr_2<br/><b>Profundidad:</b> 28 km<br/><b>Hora local:</b> 2023-07-28T23:49:09+00:00<br/><b>Lugar:</b> San Vicente del Caguán - Caquetá, Colombia<br/>]]></description>
    <Point>
      <coordinates>-75.1463,2.6393,-28000</coordinates>
    </Point>
  </Placemark>
  <Placemark>
    <name>M1.6 - San Vicente del Caguán - Caquetá, Colombia</name>
    <description><![CDATA[<b>Magnitud:</b> 1.6 MLr_2<br/><b>Profundidad:</b> 33 km<br/><b>Hora local:</b> 2023-07-28T04:44:03+00:00<br/><b>Lugar:</b> San Vicente del Caguán - Caquetá, Colombia<br/>]]></description>
    <Point>
      <coordinates>-75.0279,2.7837,-33000</coordinates>
    </Point>
  </Placemark>
  <Placemark>
    <name>M1.3 - Neiva - Huila, Colombia</name>
    <description><![CDATA[<b>Magnitud:</b> 1.3 MLr_2<br/><b>Profundidad:</b> 10 km<br/><b>Hora local:</b> 2023-07-24T14:27:36+00:00<br/><b>Lugar:</b> Neiva - Huila, Colombia<br/>]]></description>
    <Point>
      <coordinates>-75.1046,2.8791,-10000</coordinates>
    </Point>
  </Placemark>
  <Placemark>
    <name>M1.1 - Tello - Huila, Colombia</name>
    <description><![CDATA[<b>Magnitud:</b> 1.1 MLr_2<br/><b>Profundidad:</b> 16 km<br/><b>Hora local:</b> 2023-07-23T19:33:40+00:00<br/><b>Lugar:</b> Tello - Huila, Colombia<br/>]]></description>
    <Point>
      <coordinates>-75.2125,3.1001,-16000</coordinates>
    </Point>
  </Placemark>
  <Placemark>
    <name>M1.8 - Rivera - Huila, Colombia</name>
    <description><![CDATA[<b>Magnitud:</b> 1.8 MLr_2<br/><b>Profundidad:</b> 35 km<br/><b>Hora local:</b> 2023-07-19T04:36:44+00:00<br/><b>Lugar:</b> Rivera - Huila, Colombia<br/>]]></description>
    <Point>
      <coordinates>-75.1023,2.7372,-35000</coordinates>
    </Point>
  </Placemark>
  <Placemark>
    <name>M1.7 - Campoalegre - Huila, Colombia</name>
    <description><![CDATA[<b>Magnitud:</b> 1.7 MLr_2<br/><b>Profundidad:</b> 34 km<br/><b>Hora local:</b> 2023-07-18T09:35:34+00:00<br/><b>Lugar:</b> Campoalegre - Huila, Colombia<br/>]]></description>
    <Point>
      <coordinates>-75.3022,2.6377,-34000</coordinates>
    </Point>
  </Placemark>
  <Placemark>
    <name>M1.7 - San Vicente del Caguán - Caquetá, Colombia</name>
    <description><![CDATA[<b>Magnitud:</b> 1.7 MLr_2<br/><b>Profundidad:</b> 32 km<br/><b>Hora local:</b> 2023-07-12T09:59:22+00:00<br/><b>Lugar:</b> San Vicente del Caguán - Caquetá, Colombia<br/>]]></description>
    <Point>
      <coordinates>-75.0449,2.771,-32000</coordinates>
    </Point>
  </Placemark>
  <Placemark>
    <name>M1.2 - Teruel - Huila, Colombia</name>
    <description><![CDATA[<b>Magnitud:</b> 1.2 MLr_2<br/><b>Profundidad:</b> 16 km<br/><b>Hora local:</b> 2023-07-06T22:01:17+00:00<br/><b>Lugar:</b> Teruel - Huila, Colombia<br/>]]></description>
    <Point>
      <coordinates>-75.69,2.8007,-16000</coordinates>
    </Point>
  </Placemark>
  <Placemark>
    <name>M1.3 - Rivera - Huila, Colombia</name>
    <description><![CDATA[<b>Magnitud:</b> 1.3 MLr_2<br/><b>Profundidad:</b> 35 km<br/><b>Hora local:</b> 2023-07-05T03:58:20+00:00<br/><b>Lugar:</b> Rivera - Huila, Colombia<br/>]]></description>
    <Point>
      <coordinates>-75.0853,2.7478,-35000</coordinates>
    </Point>
  </Placemark>
  <Placemark>
    <name>M1.6 - San Vicente del Caguán - Caquetá, Colombia</name>
    <description><![CDATA[<b>Magnitud:</b> 1.6 MLr_2<br/><b>Profundidad:</b> 23 km<br/><b>Hora local:</b> 2023-07-03T17:04:36+00:00<br/><b>Lugar:</b> San Vicente del Caguán - Caquetá, Colombia<br/>]]></description>
    <Point>
      <coordinates>-74.8915,2.7287,-23000</coordinates>
    </Point>
  </Placemark>
  <Placemark>
    <name>M1.3 - Campoalegre - Huila, Colombia</name>
    <description><![CDATA[<b>Magnitud:</b> 1.3 MLr_2<br/><b>Profundidad:</b> 25 km<br/><b>Hora local:</b> 2023-07-02T18:25:23+00:00<br/><b>Lugar:</b> Campoalegre - Huila, Colombia<br/>]]></description>
    <Point>
      <coordinates>-75.3787,2.5594,-25000</coordinates>
    </Point>
  </Placemark>
  <Placemark>
    <name>M1.6 - Hobo - Huila, Colombia</name>
    <description><![CDATA[<b>Magnitud:</b> 1.6 MLr_2<br/><b>Profundidad:</b> 23 km<br/><b>Hora local:</b> 2023-07-02T16:51:23+00:00<br/><b>Lugar:</b> Hobo - Huila, Colombia<br/>]]></description>
    <Point>
      <coordinates>-75.4042,2.5255,-23000</coordinates>
    </Point>
  </Placemark>
  <Placemark>
    <name>M3.4 - Rivera - Huila, Colombia</name>
    <description><![CDATA[<b>Magnitud:</b> 3.4 MLr_2<br/><b>Profundidad:</b> 33 km<br/><b>Hora local:</b> 2023-06-22T04:16:49+00:00<br/><b>Lugar:</b> Rivera - Huila, Colombia<br/>]]></description>
    <Point>
      <coordinates>-75.0677,2.7504,-33000</coordinates>
    </Point>
  </Placemark>
  <Placemark>
    <name>M2.0 - San Vicente del Caguán - Caquetá, Colombia</name>
    <description><![CDATA[<b>Magnitud:</b> 2.0 MLr_2<br/><b>Profundidad:</b> 31 km<br/><b>Hora local:</b> 2023-06-19T12:44:55+00:00<br/><b>Lugar:</b> San Vicente del Caguán - Caquetá, Colombia<br/>]]></description>
    <Point>
      <coordinates>-75.015,2.7478,-31000</coordinates>
    </Point>
  </Placemark>
  <Placemark>
    <name>M1.9 - Tello - Huila, Colombia</name>
    <description><![CDATA[<b>Magnitud:</b> 1.9 MLr_2<br/><b>Profundidad:</b> 38 km<br/><b>Hora local:</b> 2023-06-19T06:57:03+00:00<br/><b>Lugar:</b> Tello - Huila, Colombia<br/>]]></description>
    <Point>
      <coordinates>-75.2138,3.133,-38000</coordinates>
    </Point>
  </Placemark>
  <Placemark>
    <name>M1.8 - Rivera - Huila, Colombia</name>
    <description><![CDATA[<b>Magnitud:</b> 1.8 MLr_2<br/><b>Profundidad:</b> 34 km<br/><b>Hora local:</b> 2023-06-18T17:13:39+00:00<br/><b>Lugar:</b> Rivera - Huila, Colombia<br/>]]></description>
    <Point>
      <coordinates>-75.1194,2.771,-34000</coordinates>
    </Point>
  </Placemark>
  <Placemark>
    <name>M3.1 - Hobo - Huila, Colombia</name>
    <description><![CDATA[<b>Magnitud:</b> 3.1 MLr_2<br/><b>Profundidad:</b> 32 km<br/><b>Hora local:</b> 2023-06-16T11:14:36+00:00<br/><b>Lugar:</b> Hobo - Huila, Colombia<br/>]]></description>
    <Point>
      <coordinates>-75.458,2.5483,-32000</coordinates>
    </Point>
  </Placemark>
  <Placemark>
    <name>M2.0 - Rivera - Huila, Colombia</name>
    <description><![CDATA[<b>Magnitud:</b> 2.0 MLr_2<br/><b>Profundidad:</b> 33 km<br/><b>Hora local:</b> 2023-06-16T09:09:58+00:00<br/><b>Lugar:</b> Rivera - Huila, Colombia<br/>]]></description>
    <Point>
      <coordinates>-75.0853,2.7351,-33000</coordinates>
    </Point>
  </Placemark>
  <Placemark>
    <name>M1.8 - San Vicente del Caguán - Caquetá, Colombia</name>
    <description><![CDATA[<b>Magnitud:</b> 1.8 MLr_2<br/><b>Profundidad:</b> 32 km<br/><b>Hora local:</b> 2023-06-15T03:57:13+00:00<br/><b>Lugar:</b> San Vicente del Caguán - Caquetá, Colombia<br/>]]></description>
    <Point>
      <coordinates>-74.9556,2.8451,-32000</coordinates>
    </Point>
  </Placemark>
  <Placemark>
    <name>M1.4 - San Vicente del Caguán - Caquetá, Colombia</name>
    <description><![CDATA[<b>Magnitud:</b> 1.4 MLr_2<br/><b>Profundidad:</b> 6 km<br/><b>Hora local:</b> 2023-06-11T22:53:34+00:00<br/><b>Lugar:</b> San Vicente del Caguán - Caquetá, Colombia<br/>]]></description>
    <Point>
      <coordinates>-74.9896,2.7428,-6000</coordinates>
    </Point>
  </Placemark>
  <Placemark>
    <name>M1.2 - Algeciras - Huila, Colombia</name>
    <description><![CDATA[<b>Magnitud:</b> 1.2 MLr_2<br/><b>Profundidad:</b> 24 km<br/><b>Hora local:</b> 2023-06-11T20:59:53+00:00<br/><b>Lugar:</b> Algeciras - Huila, Colombia<br/>]]></description>
    <Point>
      <coordinates>-75.2995,2.5101,-24000</coordinates>
    </Point>
  </Placemark>
  <Placemark>
    <name>M1.2 - Uribe - Meta, Colombia</name>
    <description><![CDATA[<b>Magnitud:</b> 1.2 MLr_2<br/><b>Profundidad:</b> 36 km<br/><b>Hora local:</b> 2023-06-11T03:46:10+00:00<br/><b>Lugar:</b> Uribe - Meta, Colombia<br/>]]></description>
    <Point>
      <coordinates>-74.8781,2.9605,-36000</coordinates>
    </Point>
  </Placemark>
  <Placemark>
    <name>M2.5 - Tello - Huila, Colombia</name>
    <description><![CDATA[<b>Magnitud:</b> 2.5 MLr_2<br/><b>Profundidad:</b> 26 km<br/><b>Hora local:</b> 2023-06-10T04:37:22+00:00<br/><b>Lugar:</b> Tello - Huila, Colombia<br/>]]></description>
    <Point>
      <coordinates>-75.0396,3.0679,-26000</coordinates>
    </Point>
  </Placemark>
  <Placemark>
    <name>M1.8 - Algeciras - Huila, Colombia</name>
    <description><![CDATA[<b>Magnitud:</b> 1.8 MLr_2<br/><b>Profundidad:</b> 18 km<br/><b>Hora local:</b> 2023-06-08T05:43:34+00:00<br/><b>Lugar:</b> Algeciras - Huila, Colombia<br/>]]></description>
    <Point>
      <coordinates>-75.3238,2.502,-18000</coordinates>
    </Point>
  </Placemark>
  <Placemark>
    <name>M2.7 - Rivera - Huila, Colombia</name>
    <description><![CDATA[<b>Magnitud:</b> 2.7 MLr_2<br/><b>Profundidad:</b> 33 km<br/><b>Hora local:</b> 2023-06-06T20:24:43+00:00<br/><b>Lugar:</b> Rivera - Huila, Colombia<br/>]]></description>
    <Point>
      <coordinates>-75.1007,2.7462,-33000</coordinates>
    </Point>
  </Placemark>
  <Placemark>
    <name>M1.2 - San Vicente del Caguán - Caquetá, Colombia</name>
    <description><![CDATA[<b>Magnitud:</b> 1.2 MLr_2<br/><b>Profundidad:</b> 5 km<br/><b>Hora local:</b> 2023-06-04T01:05:36+00:00<br/><b>Lugar:</b> San Vicente del Caguán - Caquetá, Colombia<br/>]]></description>
    <Point>
      <coordinates>-75.0568,2.7296,-5000</coordinates>
    </Point>
  </Placemark>
  <Placemark>
    <name>M1.9 - Hobo - Huila, Colombia</name>
    <description><![CDATA[<b>Magnitud:</b> 1.9 MLr_2<br/><b>Profundidad:</b> 38 km<br/><b>Hora local:</b> 2023-05-29T15:13:08+00:00<br/><b>Lugar:</b> Hobo - Huila, Colombia<br/>]]></description>
    <Point>
      <coordinates>-75.4387,2.508,-38000</coordinates>
    </Point>
  </Placemark>
  <Placemark>
    <name>M1.3 - San Vicente del Caguán - Caquetá, Colombia</name>
    <description><![CDATA[<b>Magnitud:</b> 1.3 MLr_2<br/><b>Profundidad:</b> 6 km<br/><b>Hora local:</b> 2023-05-27T20:25:14+00:00<br/><b>Lugar:</b> San Vicente del Caguán - Caquetá, Colombia<br/>]]></description>
    <Point>
      <coordinates>-75.0271,2.7023,-6000</coordinates>
    </Point>
  </Placemark>
  <Placemark>
    <name>M1.4 - San Vicente del Caguán - Caquetá, Colombia</name>
    <description><![CDATA[<b>Magnitud:</b> 1.4 MLr_2<br/><b>Profundidad:</b> 34 km<br/><b>Hora local:</b> 2023-05-26T23:51:00+00:00<br/><b>Lugar:</b> San Vicente del Caguán - Caquetá, Colombia<br/>]]></description>
    <Point>
      <coordinates>-75.0809,2.6821,-34000</coordinates>
    </Point>
  </Placemark>
  <Placemark>
    <name>M1.3 - San Vicente del Caguán - Caquetá, Colombia</name>
    <description><![CDATA[<b>Magnitud:</b> 1.3 MLr_2<br/><b>Profundidad:</b> 28 km<br/><b>Hora local:</b> 2023-05-26T16:46:27+00:00<br/><b>Lugar:</b> San Vicente del Caguán - Caquetá, Colombia<br/>]]></description>
    <Point>
      <coordinates>-75.066,2.6843,-28000</coordinates>
    </Point>
  </Placemark>
  <Placemark>
    <name>M1.2 - Algeciras - Huila, Colombia</name>
    <description><![CDATA[<b>Magnitud:</b> 1.2 MLr_2<br/><b>Profundidad:</b> 25 km<br/><b>Hora local:</b> 2023-05-26T00:47:47+00:00<br/><b>Lugar:</b> Algeciras - Huila, Colombia<br/>]]></description>
    <Point>
      <coordinates>-75.3421,2.5105,-25000</coordinates>
    </Point>
  </Placemark>
  <Placemark>
    <name>M1.5 - Villavieja - Huila, Colombia</name>
    <description><![CDATA[<b>Magnitud:</b> 1.5 MLr_2<br/><b>Profundidad:</b> 40 km<br/><b>Hora local:</b> 2023-05-24T20:05:29+00:00<br/><b>Lugar:</b> Villavieja - Huila, Colombia<br/>]]></description>
    <Point>
      <coordinates>-75.2227,3.3044,-40000</coordinates>
    </Point>
  </Placemark>
  <Placemark>
    <name>M1.4 - San Vicente del Caguán - Caquetá, Colombia</name>
    <description><![CDATA[<b>Magnitud:</b> 1.4 MLr_2<br/><b>Profundidad:</b> 15 km<br/><b>Hora local:</b> 2023-05-21T16:31:47+00:00<br/><b>Lugar:</b> San Vicente del Caguán - Caquetá, Colombia<br/>]]></description>
    <Point>
      <coordinates>-74.9816,2.6876,-15000</coordinates>
    </Point>
  </Placemark>
  <Placemark>
    <name>M1.4 - San Vicente del Caguán - Caquetá, Colombia</name>
    <description><![CDATA[<b>Magnitud:</b> 1.4 MLr_2<br/><b>Profundidad:</b> 36 km<br/><b>Hora local:</b> 2023-05-21T05:12:02+00:00<br/><b>Lugar:</b> San Vicente del Caguán - Caquetá, Colombia<br/>]]></description>
    <Point>
      <coordinates>-75.0619,2.7393,-36000</coordinates>
    </Point>
  </Placemark>
  <Placemark>
    <name>M1.3 - San Vicente del Caguán - Caquetá, Colombia</name>
    <description><![CDATA[<b>Magnitud:</b> 1.3 MLr_2<br/><b>Profundidad:</b> 17 km<br/><b>Hora local:</b> 2023-05-18T00:34:45+00:00<br/><b>Lugar:</b> San Vicente del Caguán - Caquetá, Colombia<br/>]]></description>
    <Point>
      <coordinates>-75.0316,2.6615,-17000</coordinates>
    </Point>
  </Placemark>
  <Placemark>
    <name>M1.9 - San Vicente del Caguán - Caquetá, Colombia</name>
    <description><![CDATA[<b>Magnitud:</b> 1.9 MLr_2<br/><b>Profundidad:</b> 31 km<br/><b>Hora local:</b> 2023-05-16T14:09:10+00:00<br/><b>Lugar:</b> San Vicente del Caguán - Caquetá, Colombia<br/>]]></description>
    <Point>
      <coordinates>-75.1299,2.6673,-31000</coordinates>
    </Point>
  </Placemark>
  <Placemark>
    <name>M2.3 - San Vicente del Caguán - Caquetá, Colombia</name>
    <description><![CDATA[<b>Magnitud:</b> 2.3 MLr_2<br/><b>Profundidad:</b> 43 km<br/><b>Hora local:</b> 2023-05-07T13:52:43+00:00<br/><b>Lugar:</b> San Vicente del Caguán - Caquetá, Colombia<br/>]]></description>
    <Point>
      <coordinates>-74.8582,2.8721,-43000</coordinates>
    </Point>
  </Placemark>
  <Placemark>
    <name>M1.2 - San Vicente del Caguán - Caquetá, Colombia</name>
    <description><![CDATA[<b>Magnitud:</b> 1.2 MLr_2<br/><b>Profundidad:</b> 34 km<br/><b>Hora local:</b> 2023-05-07T07:27:06+00:00<br/><b>Lugar:</b> San Vicente del Caguán - Caquetá, Colombia<br/>]]></description>
    <Point>
      <coordinates>-74.9237,2.8832,-34000</coordinates>
    </Point>
  </Placemark>
  <Placemark>
    <name>M1.6 - Hobo - Huila, Colombia</name>
    <description><![CDATA[<b>Magnitud:</b> 1.6 MLr_3<br/><b>Profundidad:</b> 30 km<br/><b>Hora local:</b> 2023-05-05T16:46:16+00:00<br/><b>Lugar:</b> Hobo - Huila, Colombia<br/>]]></description>
    <Point>
      <coordinates>-75.4128,2.5827,-30000</coordinates>
    </Point>
  </Placemark>
  <Placemark>
    <name>M1.3 - Íquira - Huila, Colombia</name>
    <description><![CDATA[<b>Magnitud:</b> 1.3 MLr_2<br/><b>Profundidad:</b> 16 km<br/><b>Hora local:</b> 2023-04-30T22:14:03+00:00<br/><b>Lugar:</b> Íquira - Huila, Colombia<br/>]]></description>
    <Point>
      <coordinates>-75.6793,2.7795,-16000</coordinates>
    </Point>
  </Placemark>
  <Placemark>
    <name>M1.1 - San Vicente del Caguán - Caquetá, Colombia</name>
    <description><![CDATA[<b>Magnitud:</b> 1.1 MLr_2<br/><b>Profundidad:</b> 11 km<br/><b>Hora local:</b> 2023-04-27T02:26:53+00:00<br/><b>Lugar:</b> San Vicente del Caguán - Caquetá, Colombia<br/>]]></description>
    <Point>
      <coordinates>-75.0483,2.701,-11000</coordinates>
    </Point>
  </Placemark>
  <Placemark>
    <name>M1.2 - Algeciras - Huila, Colombia</name>
    <description><![CDATA[<b>Magnitud:</b> 1.2 MLr_2<br/><b>Profundidad:</b> 22 km<br/><b>Hora local:</b> 2023-04-26T17:12:09+00:00<br/><b>Lugar:</b> Algeciras - Huila, Colombia<br/>]]></description>
    <Point>
      <coordinates>-75.2732,2.5033,-22000</coordinates>
    </Point>
  </Placemark>
  <Placemark>
    <name>M1.3 - Campoalegre - Huila, Colombia</name>
    <description><![CDATA[<b>Magnitud:</b> 1.3 MLr_2<br/><b>Profundidad:</b> 31 km<br/><b>Hora local:</b> 2023-04-21T08:42:16+00:00<br/><b>Lugar:</b> Campoalegre - Huila, Colombia<br/>]]></description>
    <Point>
      <coordinates>-75.3447,2.6102,-31000</coordinates>
    </Point>
  </Placemark>
  <Placemark>
    <name>M1.5 - Campoalegre - Huila, Colombia</name>
    <description><![CDATA[<b>Magnitud:</b> 1.5 MLr_2<br/><b>Profundidad:</b> 30 km<br/><b>Hora local:</b> 2023-04-20T21:20:11+00:00<br/><b>Lugar:</b> Campoalegre - Huila, Colombia<br/>]]></description>
    <Point>
      <coordinates>-75.3287,2.5795,-30000</coordinates>
    </Point>
  </Placemark>
  <Placemark>
    <name>M1.5 - San Vicente del Caguán - Caquetá, Colombia</name>
    <description><![CDATA[<b>Magnitud:</b> 1.5 MLr_2<br/><b>Profundidad:</b> 36 km<br/><b>Hora local:</b> 2023-04-18T21:47:39+00:00<br/><b>Lugar:</b> San Vicente del Caguán - Caquetá, Colombia<br/>]]></description>
    <Point>
      <coordinates>-74.8704,2.8557,-36000</coordinates>
    </Point>
  </Placemark>
  <Placemark>
    <name>M2.0 - San Vicente del Caguán - Caquetá, Colombia</name>
    <description><![CDATA[<b>Magnitud:</b> 2.0 MLr_2<br/><b>Profundidad:</b> 29 km<br/><b>Hora local:</b> 2023-04-12T11:29:01+00:00<br/><b>Lugar:</b> San Vicente del Caguán - Caquetá, Colombia<br/>]]></description>
    <Point>
      <coordinates>-75.1065,2.7245,-29000</coordinates>
    </Point>
  </Placemark>
  <Placemark>
    <name>M1.4 - Uribe - Meta, Colombia</name>
    <description><![CDATA[<b>Magnitud:</b> 1.4 MLr_2<br/><b>Profundidad:</b> 34 km<br/><b>Hora local:</b> 2023-04-04T07:13:59+00:00<br/><b>Lugar:</b> Uribe - Meta, Colombia<br/>]]></description>
    <Point>
      <coordinates>-74.8695,2.9478,-34000</coordinates>
    </Point>
  </Placemark>
  <Placemark>
    <name>M2.1 - San Vicente del Caguán - Caquetá, Colombia</name>
    <description><![CDATA[<b>Magnitud:</b> 2.1 MLr_2<br/><b>Profundidad:</b> 29 km<br/><b>Hora local:</b> 2023-03-31T22:45:08+00:00<br/><b>Lugar:</b> San Vicente del Caguán - Caquetá, Colombia<br/>]]></description>
    <Point>
      <coordinates>-75.0751,2.706,-29000</coordinates>
    </Point>
  </Placemark>
  <Placemark>
    <name>M2.3 - San Vicente del Caguán - Caquetá, Colombia</name>
    <description><![CDATA[<b>Magnitud:</b> 2.3 MLr_2<br/><b>Profundidad:</b> 35 km<br/><b>Hora local:</b> 2023-03-30T05:25:50+00:00<br/><b>Lugar:</b> San Vicente del Caguán - Caquetá, Colombia<br/>]]></description>
    <Point>
      <coordinates>-74.9497,2.8351,-35000</coordinates>
    </Point>
  </Placemark>
  <Placemark>
    <name>M1.6 - Uribe - Meta, Colombia</name>
    <description><![CDATA[<b>Magnitud:</b> 1.6 MLr_2<br/><b>Profundidad:</b> 22 km<br/><b>Hora local:</b> 2023-03-25T15:16:50+00:00<br/><b>Lugar:</b> Uribe - Meta, Colombia<br/>]]></description>
    <Point>
      <coordinates>-74.845,2.934,-22000</coordinates>
    </Point>
  </Placemark>
  <Placemark>
    <name>M1.3 - Campoalegre - Huila, Colombia</name>
    <description><![CDATA[<b>Magnitud:</b> 1.3 MLr_2<br/><b>Profundidad:</b> 27 km<br/><b>Hora local:</b> 2023-03-24T02:54:13+00:00<br/><b>Lugar:</b> Campoalegre - Huila, Colombia<br/>]]></description>
    <Point>
      <coordinates>-75.413,2.6885,-27000</coordinates>
    </Point>
  </Placemark>
  <Placemark>
    <name>M1.5 - Algeciras - Huila, Colombia</name>
    <description><![CDATA[<b>Magnitud:</b> 1.5 MLr_2<br/><b>Profundidad:</b> 8 km<br/><b>Hora local:</b> 2023-03-20T18:16:59+00:00<br/><b>Lugar:</b> Algeciras - Huila, Colombia<br/>]]></description>
    <Point>
      <coordinates>-75.2545,2.5126,-8000</coordinates>
    </Point>
  </Placemark>
  <Placemark>
    <name>M1.2 - San Vicente del Caguán - Caquetá, Colombia</name>
    <description><![CDATA[<b>Magnitud:</b> 1.2 MLr_2<br/><b>Profundidad:</b> 19 km<br/><b>Hora local:</b> 2023-03-19T07:22:46+00:00<br/><b>Lugar:</b> San Vicente del Caguán - Caquetá, Colombia<br/>]]></description>
    <Point>
      <coordinates>-74.8492,2.8896,-19000</coordinates>
    </Point>
  </Placemark>
  <Placemark>
    <name>M1.4 - Campoalegre - Huila, Colombia</name>
    <description><![CDATA[<b>Magnitud:</b> 1.4 MLr_2<br/><b>Profundidad:</b> 27 km<br/><b>Hora local:</b> 2023-03-17T09:09:36+00:00<br/><b>Lugar:</b> Campoalegre - Huila, Colombia<br/>]]></description>
    <Point>
      <coordinates>-75.2555,2.6694,-27000</coordinates>
    </Point>
  </Placemark>
  <Placemark>
    <name>M1.6 - San Vicente del Caguán - Caquetá, Colombia</name>
    <description><![CDATA[<b>Magnitud:</b> 1.6 MLr_2<br/><b>Profundidad:</b> 31 km<br/><b>Hora local:</b> 2023-03-16T15:35:25+00:00<br/><b>Lugar:</b> San Vicente del Caguán - Caquetá, Colombia<br/>]]></description>
    <Point>
      <coordinates>-75.032,2.7329,-31000</coordinates>
    </Point>
  </Placemark>
  <Placemark>
    <name>M2.2 - San Vicente del Caguán - Caquetá, Colombia</name>
    <description><![CDATA[<b>Magnitud:</b> 2.2 MLr_2<br/><b>Profundidad:</b> 31 km<br/><b>Hora local:</b> 2023-03-15T14:04:53+00:00<br/><b>Lugar:</b> San Vicente del Caguán - Caquetá, Colombia<br/>]]></description>
    <Point>
      <coordinates>-74.9449,2.843,-31000</coordinates>
    </Point>
  </Placemark>
  <Placemark>
    <name>M1.7 - Campoalegre - Huila, Colombia</name>
    <description><![CDATA[<b>Magnitud:</b> 1.7 MLr_2<br/><b>Profundidad:</b> 26 km<br/><b>Hora local:</b> 2023-03-14T20:51:58+00:00<br/><b>Lugar:</b> Campoalegre - Huila, Colombia<br/>]]></description>
    <Point>
      <coordinates>-75.4048,2.5895,-26000</coordinates>
    </Point>
  </Placemark>
  <Placemark>
    <name>M1.5 - Tello - Huila, Colombia</name>
    <description><![CDATA[<b>Magnitud:</b> 1.5 MLr_2<br/><b>Profundidad:</b> 3 km<br/><b>Hora local:</b> 2023-03-11T14:38:30+00:00<br/><b>Lugar:</b> Tello - Huila, Colombia<br/>]]></description>
    <Point>
      <coordinates>-75.2025,3.1288,-3000</coordinates>
    </Point>
  </Placemark>
  <Placemark>
    <name>M1.8 - Yaguará - Huila, Colombia</name>
    <description><![CDATA[<b>Magnitud:</b> 1.8 MLr_2<br/><b>Profundidad:</b> 25 km<br/><b>Hora local:</b> 2023-03-10T19:01:33+00:00<br/><b>Lugar:</b> Yaguará - Huila, Colombia<br/>]]></description>
    <Point>
      <coordinates>-75.53,2.6292,-25000</coordinates>
    </Point>
  </Placemark>
  <Placemark>
    <name>M1.2 - Villavieja - Huila, Colombia</name>
    <description><![CDATA[<b>Magnitud:</b> 1.2 MLr_2<br/><b>Profundidad:</b> 22 km<br/><b>Hora local:</b> 2023-03-01T20:58:58+00:00<br/><b>Lugar:</b> Villavieja - Huila, Colombia<br/>]]></description>
    <Point>
      <coordinates>-75.0627,3.2134,-22000</coordinates>
    </Point>
  </Placemark>
  <Placemark>
    <name>M1.5 - Algeciras - Huila, Colombia</name>
    <description><![CDATA[<b>Magnitud:</b> 1.5 MLr_2<br/><b>Profundidad:</b> 27 km<br/><b>Hora local:</b> 2023-03-01T04:30:26+00:00<br/><b>Lugar:</b> Algeciras - Huila, Colombia<br/>]]></description>
    <Point>
      <coordinates>-75.2893,2.5551,-27000</coordinates>
    </Point>
  </Placemark>
  <Placemark>
    <name>M2.5 - San Vicente del Caguán - Caquetá, Colombia</name>
    <description><![CDATA[<b>Magnitud:</b> 2.5 MLr_2<br/><b>Profundidad:</b> 30 km<br/><b>Hora local:</b> 2023-02-28T11:05:36+00:00<br/><b>Lugar:</b> San Vicente del Caguán - Caquetá, Colombia<br/>]]></description>
    <Point>
      <coordinates>-75.0635,2.7472,-30000</coordinates>
    </Point>
  </Placemark>
  <Placemark>
    <name>M1.5 - Tello - Huila, Colombia</name>
    <description><![CDATA[<b>Magnitud:</b> 1.5 MLr_2<br/><b>Profundidad:</b> 26 km<br/><b>Hora local:</b> 2023-02-28T03:36:13+00:00<br/><b>Lugar:</b> Tello - Huila, Colombia<br/>]]></description>
    <Point>
      <coordinates>-75.0538,3.0102,-26000</coordinates>
    </Point>
  </Placemark>
  <Placemark>
    <name>M1.2 - Algeciras - Huila, Colombia</name>
    <description><![CDATA[<b>Magnitud:</b> 1.2 MLr_2<br/><b>Profundidad:</b> 26 km<br/><b>Hora local:</b> 2023-02-23T04:50:53+00:00<br/><b>Lugar:</b> Algeciras - Huila, Colombia<br/>]]></description>
    <Point>
      <coordinates>-75.3333,2.4985,-26000</coordinates>
    </Point>
  </Placemark>
  <Placemark>
    <name>M1.4 - San Vicente del Caguán - Caquetá, Colombia</name>
    <description><![CDATA[<b>Magnitud:</b> 1.4 MLr_2<br/><b>Profundidad:</b> 22 km<br/><b>Hora local:</b> 2023-02-22T20:32:11+00:00<br/><b>Lugar:</b> San Vicente del Caguán - Caquetá, Colombia<br/>]]></description>
    <Point>
      <coordinates>-75.0576,2.7245,-22000</coordinates>
    </Point>
  </Placemark>
  <Placemark>
    <name>M1.7 - Campoalegre - Huila, Colombia</name>
    <description><![CDATA[<b>Magnitud:</b> 1.7 MLr_2<br/><b>Profundidad:</b> 36 km<br/><b>Hora local:</b> 2023-02-19T18:45:17+00:00<br/><b>Lugar:</b> Campoalegre - Huila, Colombia<br/>]]></description>
    <Point>
      <coordinates>-75.3659,2.5382,-36000</coordinates>
    </Point>
  </Placemark>
  <Placemark>
    <name>M1.3 - Hobo - Huila, Colombia</name>
    <description><![CDATA[<b>Magnitud:</b> 1.3 MLr_2<br/><b>Profundidad:</b> 21 km<br/><b>Hora local:</b> 2023-02-18T19:43:51+00:00<br/><b>Lugar:</b> Hobo - Huila, Colombia<br/>]]></description>
    <Point>
      <coordinates>-75.4553,2.5361,-21000</coordinates>
    </Point>
  </Placemark>
  <Placemark>
    <name>M1.5 - Campoalegre - Huila, Colombia</name>
    <description><![CDATA[<b>Magnitud:</b> 1.5 MLr_2<br/><b>Profundidad:</b> 33 km<br/><b>Hora local:</b> 2023-02-15T10:59:31+00:00<br/><b>Lugar:</b> Campoalegre - Huila, Colombia<br/>]]></description>
    <Point>
      <coordinates>-75.384,2.5329,-33000</coordinates>
    </Point>
  </Placemark>
  <Placemark>
    <name>M1.8 - Hobo - Huila, Colombia</name>
    <description><![CDATA[<b>Magnitud:</b> 1.8 MLr_2<br/><b>Profundidad:</b> 38 km<br/><b>Hora local:</b> 2023-02-15T09:21:23+00:00<br/><b>Lugar:</b> Hobo - Huila, Colombia<br/>]]></description>
    <Point>
      <coordinates>-75.3866,2.526,-38000</coordinates>
    </Point>
  </Placemark>
  <Placemark>
    <name>M1.3 - San Vicente del Caguán - Caquetá, Colombia</name>
    <description><![CDATA[<b>Magnitud:</b> 1.3 MLr_2<br/><b>Profundidad:</b> 4 km<br/><b>Hora local:</b> 2023-02-12T00:17:49+00:00<br/><b>Lugar:</b> San Vicente del Caguán - Caquetá, Colombia<br/>]]></description>
    <Point>
      <coordinates>-75.1401,2.7043,-4000</coordinates>
    </Point>
  </Placemark>
  <Placemark>
    <name>M1.5 - Hobo - Huila, Colombia</name>
    <description><![CDATA[<b>Magnitud:</b> 1.5 MLr_2<br/><b>Profundidad:</b> 20 km<br/><b>Hora local:</b> 2023-02-11T11:41:57+00:00<br/><b>Lugar:</b> Hobo - Huila, Colombia<br/>]]></description>
    <Point>
      <coordinates>-75.4128,2.57,-20000</coordinates>
    </Point>
  </Placemark>
  <Placemark>
    <name>M1.5 - San Vicente del Caguán - Caquetá, Colombia</name>
    <description><![CDATA[<b>Magnitud:</b> 1.5 MLr_2<br/><b>Profundidad:</b> 28 km<br/><b>Hora local:</b> 2023-02-09T08:28:30+00:00<br/><b>Lugar:</b> San Vicente del Caguán - Caquetá, Colombia<br/>]]></description>
    <Point>
      <coordinates>-75.1192,2.6906,-28000</coordinates>
    </Point>
  </Placemark>
  <Placemark>
    <name>M2.2 - San Vicente del Caguán - Caquetá, Colombia</name>
    <description><![CDATA[<b>Magnitud:</b> 2.2 MLr_2<br/><b>Profundidad:</b> 31 km<br/><b>Hora local:</b> 2023-02-05T10:12:45+00:00<br/><b>Lugar:</b> San Vicente del Caguán - Caquetá, Colombia<br/>]]></description>
    <Point>
      <coordinates>-75.0619,2.7435,-31000</coordinates>
    </Point>
  </Placemark>
  <Placemark>
    <name>M1.2 - Rivera - Huila, Colombia</name>
    <description><![CDATA[<b>Magnitud:</b> 1.2 MLr_2<br/><b>Profundidad:</b> 3 km<br/><b>Hora local:</b> 2023-01-29T13:01:39+00:00<br/><b>Lugar:</b> Rivera - Huila, Colombia<br/>]]></description>
    <Point>
      <coordinates>-75.1105,2.7305,-3000</coordinates>
    </Point>
  </Placemark>
  <Placemark>
    <name>M1.5 - Aipe - Huila, Colombia</name>
    <description><![CDATA[<b>Magnitud:</b> 1.5 MLr_2<br/><b>Profundidad:</b> 15 km<br/><b>Hora local:</b> 2023-01-28T05:54:13+00:00<br/><b>Lugar:</b> Aipe - Huila, Colombia<br/>]]></description>
    <Point>
      <coordinates>-75.3053,3.1097,-15000</coordinates>
    </Point>
  </Placemark>
  <Placemark>
    <name>M1.5 - Aipe - Huila, Colombia</name>
    <description><![CDATA[<b>Magnitud:</b> 1.5 MLr_2<br/><b>Profundidad:</b> 14 km<br/><b>Hora local:</b> 2023-01-28T05:48:37+00:00<br/><b>Lugar:</b> Aipe - Huila, Colombia<br/>]]></description>
    <Point>
      <coordinates>-75.3096,3.1203,-14000</coordinates>
    </Point>
  </Placemark>
  <Placemark>
    <name>M1.4 - San Vicente del Caguán - Caquetá, Colombia</name>
    <description><![CDATA[<b>Magnitud:</b> 1.4 MLr_2<br/><b>Profundidad:</b> 32 km<br/><b>Hora local:</b> 2023-01-26T17:43:35+00:00<br/><b>Lugar:</b> San Vicente del Caguán - Caquetá, Colombia<br/>]]></description>
    <Point>
      <coordinates>-75.0427,2.7435,-32000</coordinates>
    </Point>
  </Placemark>
  <Placemark>
    <name>M1.4 - Uribe - Meta, Colombia</name>
    <description><![CDATA[<b>Magnitud:</b> 1.4 MLr_2<br/><b>Profundidad:</b> 21 km<br/><b>Hora local:</b> 2023-01-25T12:32:49+00:00<br/><b>Lugar:</b> Uribe - Meta, Colombia<br/>]]></description>
    <Point>
      <coordinates>-74.8525,2.9562,-21000</coordinates>
    </Point>
  </Placemark>
  <Placemark>
    <name>M2.3 - San Vicente del Caguán - Caquetá, Colombia</name>
    <description><![CDATA[<b>Magnitud:</b> 2.3 MLr_2<br/><b>Profundidad:</b> 32 km<br/><b>Hora local:</b> 2023-01-22T21:23:49+00:00<br/><b>Lugar:</b> San Vicente del Caguán - Caquetá, Colombia<br/>]]></description>
    <Point>
      <coordinates>-75.0788,2.697,-32000</coordinates>
    </Point>
  </Placemark>
  <Placemark>
    <name>M1.3 - Campoalegre - Huila, Colombia</name>
    <description><![CDATA[<b>Magnitud:</b> 1.3 MLr_2<br/><b>Profundidad:</b> 30 km<br/><b>Hora local:</b> 2023-01-21T06:19:54+00:00<br/><b>Lugar:</b> Campoalegre - Huila, Colombia<br/>]]></description>
    <Point>
      <coordinates>-75.3766,2.5467,-30000</coordinates>
    </Point>
  </Placemark>
  <Placemark>
    <name>M1.8 - San Vicente del Caguán - Caquetá, Colombia</name>
    <description><![CDATA[<b>Magnitud:</b> 1.8 MLr_2<br/><b>Profundidad:</b> 31 km<br/><b>Hora local:</b> 2023-01-20T21:08:17+00:00<br/><b>Lugar:</b> San Vicente del Caguán - Caquetá, Colombia<br/>]]></description>
    <Point>
      <coordinates>-75.132,2.68,-31000</coordinates>
    </Point>
  </Placemark>
  <Placemark>
    <name>M2.3 - San Vicente del Caguán - Caquetá, Colombia</name>
    <description><![CDATA[<b>Magnitud:</b> 2.3 MLr_2<br/><b>Profundidad:</b> 32 km<br/><b>Hora local:</b> 2023-01-13T13:35:02+00:00<br/><b>Lugar:</b> San Vicente del Caguán - Caquetá, Colombia<br/>]]></description>
    <Point>
      <coordinates>-75.0677,2.7451,-32000</coordinates>
    </Point>
  </Placemark>
  <Placemark>
    <name>M1.2 - San Vicente del Caguán - Caquetá, Colombia</name>
    <description><![CDATA[<b>Magnitud:</b> 1.2 MLr_2<br/><b>Profundidad:</b> 24 km<br/><b>Hora local:</b> 2023-01-12T00:36:17+00:00<br/><b>Lugar:</b> San Vicente del Caguán - Caquetá, Colombia<br/>]]></description>
    <Point>
      <coordinates>-74.8638,2.88,-24000</coordinates>
    </Point>
  </Placemark>
  <Placemark>
    <name>M1.8 - Algeciras - Huila, Colombia</name>
    <description><![CDATA[<b>Magnitud:</b> 1.8 MLr_2<br/><b>Profundidad:</b> 25 km<br/><b>Hora local:</b> 2023-01-09T12:11:54+00:00<br/><b>Lugar:</b> Algeciras - Huila, Colombia<br/>]]></description>
    <Point>
      <coordinates>-75.3142,2.5006,-25000</coordinates>
    </Point>
  </Placemark>
  <Placemark>
    <name>M1.3 - San Vicente del Caguán - Caquetá, Colombia</name>
    <description><![CDATA[<b>Magnitud:</b> 1.3 MLr_2<br/><b>Profundidad:</b> 29 km<br/><b>Hora local:</b> 2023-01-09T00:51:09+00:00<br/><b>Lugar:</b> San Vicente del Caguán - Caquetá, Colombia<br/>]]></description>
    <Point>
      <coordinates>-75.0959,2.7372,-29000</coordinates>
    </Point>
  </Placemark>
  <Placemark>
    <name>M1.4 - Algeciras - Huila, Colombia</name>
    <description><![CDATA[<b>Magnitud:</b> 1.4 MLr_2<br/><b>Profundidad:</b> 34 km<br/><b>Hora local:</b> 2023-01-08T13:16:26+00:00<br/><b>Lugar:</b> Algeciras - Huila, Colombia<br/>]]></description>
    <Point>
      <coordinates>-75.3573,2.4959,-34000</coordinates>
    </Point>
  </Placemark>
  <Placemark>
    <name>M2.0 - Uribe - Meta, Colombia</name>
    <description><![CDATA[<b>Magnitud:</b> 2.0 MLr_2<br/><b>Profundidad:</b> 31 km<br/><b>Hora local:</b> 2023-01-08T00:08:36+00:00<br/><b>Lugar:</b> Uribe - Meta, Colombia<br/>]]></description>
    <Point>
      <coordinates>-74.8653,2.952,-31000</coordinates>
    </Point>
  </Placemark>
  <Placemark>
    <name>M1.4 - San Vicente del Caguán - Caquetá, Colombia</name>
    <description><![CDATA[<b>Magnitud:</b> 1.4 MLr_2<br/><b>Profundidad:</b> 24 km<br/><b>Hora local:</b> 2023-01-05T23:11:51+00:00<br/><b>Lugar:</b> San Vicente del Caguán - Caquetá, Colombia<br/>]]></description>
    <Point>
      <coordinates>-74.9386,2.8684,-24000</coordinates>
    </Point>
  </Placemark>
  <Placemark>
    <name>M1.3 - San Vicente del Caguán - Caquetá, Colombia</name>
    <description><![CDATA[<b>Magnitud:</b> 1.3 MLr_2<br/><b>Profundidad:</b> 20 km<br/><b>Hora local:</b> 2022-12-30T23:53:24+00:00<br/><b>Lugar:</b> San Vicente del Caguán - Caquetá, Colombia<br/>]]></description>
    <Point>
      <coordinates>-75.0213,2.6975,-20000</coordinates>
    </Point>
  </Placemark>
  <Placemark>
    <name>M1.2 - San Vicente del Caguán - Caquetá, Colombia</name>
    <description><![CDATA[<b>Magnitud:</b> 1.2 MLr_2<br/><b>Profundidad:</b> 21 km<br/><b>Hora local:</b> 2022-12-30T14:47:59+00:00<br/><b>Lugar:</b> San Vicente del Caguán - Caquetá, Colombia<br/>]]></description>
    <Point>
      <coordinates>-75.0051,2.6911,-21000</coordinates>
    </Point>
  </Placemark>
  <Placemark>
    <name>M1.5 - Hobo - Huila, Colombia</name>
    <description><![CDATA[<b>Magnitud:</b> 1.5 MLr_2<br/><b>Profundidad:</b> 30 km<br/><b>Hora local:</b> 2022-12-30T11:03:15+00:00<br/><b>Lugar:</b> Hobo - Huila, Colombia<br/>]]></description>
    <Point>
      <coordinates>-75.4505,2.5239,-30000</coordinates>
    </Point>
  </Placemark>
  <Placemark>
    <name>M1.9 - Campoalegre - Huila, Colombia</name>
    <description><![CDATA[<b>Magnitud:</b> 1.9 MLr_2<br/><b>Profundidad:</b> 36 km<br/><b>Hora local:</b> 2022-12-26T06:47:02+00:00<br/><b>Lugar:</b> Campoalegre - Huila, Colombia<br/>]]></description>
    <Point>
      <coordinates>-75.266,2.6313,-36000</coordinates>
    </Point>
  </Placemark>
  <Placemark>
    <name>M1.2 - Yaguará - Huila, Colombia</name>
    <description><![CDATA[<b>Magnitud:</b> 1.2 MLr_2<br/><b>Profundidad:</b> 14 km<br/><b>Hora local:</b> 2022-12-25T12:09:56+00:00<br/><b>Lugar:</b> Yaguará - Huila, Colombia<br/>]]></description>
    <Point>
      <coordinates>-75.4671,2.6376,-14000</coordinates>
    </Point>
  </Placemark>
  <Placemark>
    <name>M3.1 - Villavieja - Huila, Colombia</name>
    <description><![CDATA[<b>Magnitud:</b> 3.1 MLr_2<br/><b>Profundidad:</b> 4 km<br/><b>Hora local:</b> 2022-12-25T10:55:54+00:00<br/><b>Lugar:</b> Villavieja - Huila, Colombia<br/>]]></description>
    <Point>
      <coordinates>-75.2096,3.2181,-4000</coordinates>
    </Point>
  </Placemark>
  <Placemark>
    <name>M1.6 - Villavieja - Huila, Colombia</name>
    <description><![CDATA[<b>Magnitud:</b> 1.6 MLr_2<br/><b>Profundidad:</b> 27 km<br/><b>Hora local:</b> 2022-12-25T04:30:25+00:00<br/><b>Lugar:</b> Villavieja - Huila, Colombia<br/>]]></description>
    <Point>
      <coordinates>-75.2225,3.2409,-27000</coordinates>
    </Point>
  </Placemark>
  <Placemark>
    <name>M2.3 - Villavieja - Huila, Colombia</name>
    <description><![CDATA[<b>Magnitud:</b> 2.3 MLr_2<br/><b>Profundidad:</b> 19 km<br/><b>Hora local:</b> 2022-12-25T04:24:23+00:00<br/><b>Lugar:</b> Villavieja - Huila, Colombia<br/>]]></description>
    <Point>
      <coordinates>-75.2284,3.2436,-19000</coordinates>
    </Point>
  </Placemark>
  <Placemark>
    <name>M1.3 - San Vicente del Caguán - Caquetá, Colombia</name>
    <description><![CDATA[<b>Magnitud:</b> 1.3 MLr_2<br/><b>Profundidad:</b> 13 km<br/><b>Hora local:</b> 2022-12-24T17:23:41+00:00<br/><b>Lugar:</b> San Vicente del Caguán - Caquetá, Colombia<br/>]]></description>
    <Point>
      <coordinates>-75.1246,2.6376,-13000</coordinates>
    </Point>
  </Placemark>
  <Placemark>
    <name>M1.3 - San Vicente del Caguán - Caquetá, Colombia</name>
    <description><![CDATA[<b>Magnitud:</b> 1.3 MLr_2<br/><b>Profundidad:</b> 21 km<br/><b>Hora local:</b> 2022-12-23T17:05:38+00:00<br/><b>Lugar:</b> San Vicente del Caguán - Caquetá, Colombia<br/>]]></description>
    <Point>
      <coordinates>-74.9577,2.8451,-21000</coordinates>
    </Point>
  </Placemark>
  <Placemark>
    <name>M1.5 - San Vicente del Caguán - Caquetá, Colombia</name>
    <description><![CDATA[<b>Magnitud:</b> 1.5 MLr_2<br/><b>Profundidad:</b> 4 km<br/><b>Hora local:</b> 2022-12-18T15:18:24+00:00<br/><b>Lugar:</b> San Vicente del Caguán - Caquetá, Colombia<br/>]]></description>
    <Point>
      <coordinates>-75.0355,2.7106,-4000</coordinates>
    </Point>
  </Placemark>
  <Placemark>
    <name>M1.3 - Campoalegre - Huila, Colombia</name>
    <description><![CDATA[<b>Magnitud:</b> 1.3 MLr_2<br/><b>Profundidad:</b> 38 km<br/><b>Hora local:</b> 2022-12-18T03:58:47+00:00<br/><b>Lugar:</b> Campoalegre - Huila, Colombia<br/>]]></description>
    <Point>
      <coordinates>-75.3234,2.5869,-38000</coordinates>
    </Point>
  </Placemark>
  <Placemark>
    <name>M1.9 - San Vicente del Caguán - Caquetá, Colombia</name>
    <description><![CDATA[<b>Magnitud:</b> 1.9 MLr_2<br/><b>Profundidad:</b> 24 km<br/><b>Hora local:</b> 2022-12-17T16:02:51+00:00<br/><b>Lugar:</b> San Vicente del Caguán - Caquetá, Colombia<br/>]]></description>
    <Point>
      <coordinates>-74.8791,2.9383,-24000</coordinates>
    </Point>
  </Placemark>
  <Placemark>
    <name>M1.8 - Rivera - Huila, Colombia</name>
    <description><![CDATA[<b>Magnitud:</b> 1.8 MLr_2<br/><b>Profundidad:</b> 22 km<br/><b>Hora local:</b> 2022-12-09T15:20:33+00:00<br/><b>Lugar:</b> Rivera - Huila, Colombia<br/>]]></description>
    <Point>
      <coordinates>-75.0672,2.7721,-22000</coordinates>
    </Point>
  </Placemark>
  <Placemark>
    <name>M1.2 - San Vicente del Caguán - Caquetá, Colombia</name>
    <description><![CDATA[<b>Magnitud:</b> 1.2 MLr_2<br/><b>Profundidad:</b> 19 km<br/><b>Hora local:</b> 2022-12-08T23:46:47+00:00<br/><b>Lugar:</b> San Vicente del Caguán - Caquetá, Colombia<br/>]]></description>
    <Point>
      <coordinates>-75.0555,2.7372,-19000</coordinates>
    </Point>
  </Placemark>
  <Placemark>
    <name>M1.3 - Tello - Huila, Colombia</name>
    <description><![CDATA[<b>Magnitud:</b> 1.3 MLr_2<br/><b>Profundidad:</b> 19 km<br/><b>Hora local:</b> 2022-12-08T15:51:52+00:00<br/><b>Lugar:</b> Tello - Huila, Colombia<br/>]]></description>
    <Point>
      <coordinates>-75.1221,3.0758,-19000</coordinates>
    </Point>
  </Placemark>
  <Placemark>
    <name>M1.3 - San Vicente del Caguán - Caquetá, Colombia</name>
    <description><![CDATA[<b>Magnitud:</b> 1.3 MLr_2<br/><b>Profundidad:</b> 19 km<br/><b>Hora local:</b> 2022-12-08T02:24:26+00:00<br/><b>Lugar:</b> San Vicente del Caguán - Caquetá, Colombia<br/>]]></description>
    <Point>
      <coordinates>-75.0395,2.7319,-19000</coordinates>
    </Point>
  </Placemark>
  <Placemark>
    <name>M2.3 - San Vicente del Caguán - Caquetá, Colombia</name>
    <description><![CDATA[<b>Magnitud:</b> 2.3 MLr_2<br/><b>Profundidad:</b> 39 km<br/><b>Hora local:</b> 2022-12-04T15:44:03+00:00<br/><b>Lugar:</b> San Vicente del Caguán - Caquetá, Colombia<br/>]]></description>
    <Point>
      <coordinates>-75.0213,2.7033,-39000</coordinates>
    </Point>
  </Placemark>
  <Placemark>
    <name>M1.2 - Hobo - Huila, Colombia</name>
    <description><![CDATA[<b>Magnitud:</b> 1.2 MLr_2<br/><b>Profundidad:</b> 22 km<br/><b>Hora local:</b> 2022-11-27T13:57:46+00:00<br/><b>Lugar:</b> Hobo - Huila, Colombia<br/>]]></description>
    <Point>
      <coordinates>-75.4138,2.5329,-22000</coordinates>
    </Point>
  </Placemark>
  <Placemark>
    <name>M1.3 - Campoalegre - Huila, Colombia</name>
    <description><![CDATA[<b>Magnitud:</b> 1.3 MLr_2<br/><b>Profundidad:</b> 36 km<br/><b>Hora local:</b> 2022-11-27T04:01:02+00:00<br/><b>Lugar:</b> Campoalegre - Huila, Colombia<br/>]]></description>
    <Point>
      <coordinates>-75.3457,2.571,-36000</coordinates>
    </Point>
  </Placemark>
  <Placemark>
    <name>M1.5 - Algeciras - Huila, Colombia</name>
    <description><![CDATA[<b>Magnitud:</b> 1.5 MLr_2<br/><b>Profundidad:</b> 30 km<br/><b>Hora local:</b> 2022-11-25T07:55:20+00:00<br/><b>Lugar:</b> Algeciras - Huila, Colombia<br/>]]></description>
    <Point>
      <coordinates>-75.3743,2.4895,-30000</coordinates>
    </Point>
  </Placemark>
  <Placemark>
    <name>M2.3 - Rivera - Huila, Colombia</name>
    <description><![CDATA[<b>Magnitud:</b> 2.3 MLr_2<br/><b>Profundidad:</b> 32 km<br/><b>Hora local:</b> 2022-11-21T16:43:45+00:00<br/><b>Lugar:</b> Rivera - Huila, Colombia<br/>]]></description>
    <Point>
      <coordinates>-75.1507,2.7176,-32000</coordinates>
    </Point>
  </Placemark>
  <Placemark>
    <name>M1.0 - Hobo - Huila, Colombia</name>
    <description><![CDATA[<b>Magnitud:</b> 1.0 MLr_2<br/><b>Profundidad:</b> 25 km<br/><b>Hora local:</b> 2022-11-20T22:49:41+00:00<br/><b>Lugar:</b> Hobo - Huila, Colombia<br/>]]></description>
    <Point>
      <coordinates>-75.4865,2.546,-25000</coordinates>
    </Point>
  </Placemark>
  <Placemark>
    <name>M1.2 - San Vicente del Caguán - Caquetá, Colombia</name>
    <description><![CDATA[<b>Magnitud:</b> 1.2 MLr_2<br/><b>Profundidad:</b> 4 km<br/><b>Hora local:</b> 2022-11-20T22:25:32+00:00<br/><b>Lugar:</b> San Vicente del Caguán - Caquetá, Colombia<br/>]]></description>
    <Point>
      <coordinates>-75.1181,2.6173,-4000</coordinates>
    </Point>
  </Placemark>
  <Placemark>
    <name>M1.4 - Campoalegre - Huila, Colombia</name>
    <description><![CDATA[<b>Magnitud:</b> 1.4 MLr_2<br/><b>Profundidad:</b> 21 km<br/><b>Hora local:</b> 2022-11-20T20:00:17+00:00<br/><b>Lugar:</b> Campoalegre - Huila, Colombia<br/>]]></description>
    <Point>
      <coordinates>-75.2576,2.7415,-21000</coordinates>
    </Point>
  </Placemark>
  <Placemark>
    <name>M1.3 - Hobo - Huila, Colombia</name>
    <description><![CDATA[<b>Magnitud:</b> 1.3 MLr_2<br/><b>Profundidad:</b> 33 km<br/><b>Hora local:</b> 2022-11-20T17:52:13+00:00<br/><b>Lugar:</b> Hobo - Huila, Colombia<br/>]]></description>
    <Point>
      <coordinates>-75.4468,2.5403,-33000</coordinates>
    </Point>
  </Placemark>
  <Placemark>
    <name>M1.4 - San Vicente del Caguán - Caquetá, Colombia</name>
    <description><![CDATA[<b>Magnitud:</b> 1.4 MLr_2<br/><b>Profundidad:</b> 29 km<br/><b>Hora local:</b> 2022-11-15T07:51:51+00:00<br/><b>Lugar:</b> San Vicente del Caguán - Caquetá, Colombia<br/>]]></description>
    <Point>
      <coordinates>-75.0555,2.7351,-29000</coordinates>
    </Point>
  </Placemark>
  <Placemark>
    <name>M1.3 - San Vicente del Caguán - Caquetá, Colombia</name>
    <description><![CDATA[<b>Magnitud:</b> 1.3 MLr_2<br/><b>Profundidad:</b> 6 km<br/><b>Hora local:</b> 2022-11-12T06:26:41+00:00<br/><b>Lugar:</b> San Vicente del Caguán - Caquetá, Colombia<br/>]]></description>
    <Point>
      <coordinates>-75.0281,2.7246,-6000</coordinates>
    </Point>
  </Placemark>
  <Placemark>
    <name>M1.6 - Íquira - Huila, Colombia</name>
    <description><![CDATA[<b>Magnitud:</b> 1.6 MLr_2<br/><b>Profundidad:</b> 33 km<br/><b>Hora local:</b> 2022-11-10T23:58:33+00:00<br/><b>Lugar:</b> Íquira - Huila, Colombia<br/>]]></description>
    <Point>
      <coordinates>-75.6947,2.7525,-33000</coordinates>
    </Point>
  </Placemark>
  <Placemark>
    <name>M1.6 - Yaguará - Huila, Colombia</name>
    <description><![CDATA[<b>Magnitud:</b> 1.6 MLr_2<br/><b>Profundidad:</b> 24 km<br/><b>Hora local:</b> 2022-11-09T05:06:28+00:00<br/><b>Lugar:</b> Yaguará - Huila, Colombia<br/>]]></description>
    <Point>
      <coordinates>-75.5092,2.6086,-24000</coordinates>
    </Point>
  </Placemark>
  <Placemark>
    <name>M1.6 - San Vicente del Caguán - Caquetá, Colombia</name>
    <description><![CDATA[<b>Magnitud:</b> 1.6 MLr_2<br/><b>Profundidad:</b> 37 km<br/><b>Hora local:</b> 2022-11-09T02:00:48+00:00<br/><b>Lugar:</b> San Vicente del Caguán - Caquetá, Colombia<br/>]]></description>
    <Point>
      <coordinates>-75.1384,2.7012,-37000</coordinates>
    </Point>
  </Placemark>
  <Placemark>
    <name>M1.1 - Hobo - Huila, Colombia</name>
    <description><![CDATA[<b>Magnitud:</b> 1.1 MLr_2<br/><b>Profundidad:</b> 32 km<br/><b>Hora local:</b> 2022-11-07T02:11:35+00:00<br/><b>Lugar:</b> Hobo - Huila, Colombia<br/>]]></description>
    <Point>
      <coordinates>-75.3882,2.5075,-32000</coordinates>
    </Point>
  </Placemark>
  <Placemark>
    <name>M1.6 - Algeciras - Huila, Colombia</name>
    <description><![CDATA[<b>Magnitud:</b> 1.6 MLr_2<br/><b>Profundidad:</b> 25 km<br/><b>Hora local:</b> 2022-11-06T00:01:57+00:00<br/><b>Lugar:</b> Algeciras - Huila, Colombia<br/>]]></description>
    <Point>
      <coordinates>-75.2892,2.517,-25000</coordinates>
    </Point>
  </Placemark>
  <Placemark>
    <name>M1.6 - San Vicente del Caguán - Caquetá, Colombia</name>
    <description><![CDATA[<b>Magnitud:</b> 1.6 MLr_2<br/><b>Profundidad:</b> 19 km<br/><b>Hora local:</b> 2022-11-04T22:42:43+00:00<br/><b>Lugar:</b> San Vicente del Caguán - Caquetá, Colombia<br/>]]></description>
    <Point>
      <coordinates>-75.0223,2.6261,-19000</coordinates>
    </Point>
  </Placemark>
  <Placemark>
    <name>M1.5 - San Vicente del Caguán - Caquetá, Colombia</name>
    <description><![CDATA[<b>Magnitud:</b> 1.5 MLr_2<br/><b>Profundidad:</b> 38 km<br/><b>Hora local:</b> 2022-10-26T14:33:42+00:00<br/><b>Lugar:</b> San Vicente del Caguán - Caquetá, Colombia<br/>]]></description>
    <Point>
      <coordinates>-74.9937,2.7075,-38000</coordinates>
    </Point>
  </Placemark>
  <Placemark>
    <name>M1.8 - Neiva - Huila, Colombia</name>
    <description><![CDATA[<b>Magnitud:</b> 1.8 MLr_2<br/><b>Profundidad:</b> 32 km<br/><b>Hora local:</b> 2022-10-26T04:30:07+00:00<br/><b>Lugar:</b> Neiva - Huila, Colombia<br/>]]></description>
    <Point>
      <coordinates>-75.2305,2.9573,-32000</coordinates>
    </Point>
  </Placemark>
  <Placemark>
    <name>M1.4 - Uribe - Meta, Colombia</name>
    <description><![CDATA[<b>Magnitud:</b> 1.4 MLr_2<br/><b>Profundidad:</b> 33 km<br/><b>Hora local:</b> 2022-10-24T21:11:12+00:00<br/><b>Lugar:</b> Uribe - Meta, Colombia<br/>]]></description>
    <Point>
      <coordinates>-74.8514,2.9298,-33000</coordinates>
    </Point>
  </Placemark>
  <Placemark>
    <name>M1.5 - San Vicente del Caguán - Caquetá, Colombia</name>
    <description><![CDATA[<b>Magnitud:</b> 1.5 MLr_2<br/><b>Profundidad:</b> 36 km<br/><b>Hora local:</b> 2022-10-24T10:59:24+00:00<br/><b>Lugar:</b> San Vicente del Caguán - Caquetá, Colombia<br/>]]></description>
    <Point>
      <coordinates>-75.0597,2.7308,-36000</coordinates>
    </Point>
  </Placemark>
  <Placemark>
    <name>M1.5 - Villavieja - Huila, Colombia</name>
    <description><![CDATA[<b>Magnitud:</b> 1.5 MLr_2<br/><b>Profundidad:</b> 22 km<br/><b>Hora local:</b> 2022-10-24T09:39:21+00:00<br/><b>Lugar:</b> Villavieja - Huila, Colombia<br/>]]></description>
    <Point>
      <coordinates>-75.1332,3.2939,-22000</coordinates>
    </Point>
  </Placemark>
  <Placemark>
    <name>M2.1 - San Vicente del Caguán - Caquetá, Colombia</name>
    <description><![CDATA[<b>Magnitud:</b> 2.1 MLr_2<br/><b>Profundidad:</b> 33 km<br/><b>Hora local:</b> 2022-10-23T16:42:01+00:00<br/><b>Lugar:</b> San Vicente del Caguán - Caquetá, Colombia<br/>]]></description>
    <Point>
      <coordinates>-74.8556,2.8726,-33000</coordinates>
    </Point>
  </Placemark>
  <Placemark>
    <name>M2.0 - Uribe - Meta, Colombia</name>
    <description><![CDATA[<b>Magnitud:</b> 2.0 MLr_2<br/><b>Profundidad:</b> 32 km<br/><b>Hora local:</b> 2022-10-22T23:43:16+00:00<br/><b>Lugar:</b> Uribe - Meta, Colombia<br/>]]></description>
    <Point>
      <coordinates>-74.8514,2.9319,-32000</coordinates>
    </Point>
  </Placemark>
  <Placemark>
    <name>M1.3 - Santa María - Huila, Colombia</name>
    <description><![CDATA[<b>Magnitud:</b> 1.3 MLr_2<br/><b>Profundidad:</b> 1 km<br/><b>Hora local:</b> 2022-10-22T04:37:47+00:00<br/><b>Lugar:</b> Santa María - Huila, Colombia<br/>]]></description>
    <Point>
      <coordinates>-75.6936,2.872,-1000</coordinates>
    </Point>
  </Placemark>
  <Placemark>
    <name>M1.3 - Algeciras - Huila, Colombia</name>
    <description><![CDATA[<b>Magnitud:</b> 1.3 MLr_2<br/><b>Profundidad:</b> 12 km<br/><b>Hora local:</b> 2022-10-17T04:21:31+00:00<br/><b>Lugar:</b> Algeciras - Huila, Colombia<br/>]]></description>
    <Point>
      <coordinates>-75.3168,2.5563,-12000</coordinates>
    </Point>
  </Placemark>
  <Placemark>
    <name>M1.4 - Algeciras - Huila, Colombia</name>
    <description><![CDATA[<b>Magnitud:</b> 1.4 MLr_2<br/><b>Profundidad:</b> 35 km<br/><b>Hora local:</b> 2022-10-13T20:04:17+00:00<br/><b>Lugar:</b> Algeciras - Huila, Colombia<br/>]]></description>
    <Point>
      <coordinates>-75.3509,2.498,-35000</coordinates>
    </Point>
  </Placemark>
  <Placemark>
    <name>M1.1 - Hobo - Huila, Colombia</name>
    <description><![CDATA[<b>Magnitud:</b> 1.1 MLr_2<br/><b>Profundidad:</b> 19 km<br/><b>Hora local:</b> 2022-10-13T14:57:01+00:00<br/><b>Lugar:</b> Hobo - Huila, Colombia<br/>]]></description>
    <Point>
      <coordinates>-75.4425,2.5361,-19000</coordinates>
    </Point>
  </Placemark>
  <Placemark>
    <name>M1.5 - San Vicente del Caguán - Caquetá, Colombia</name>
    <description><![CDATA[<b>Magnitud:</b> 1.5 MLr_2<br/><b>Profundidad:</b> 3 km<br/><b>Hora local:</b> 2022-10-09T12:10:32+00:00<br/><b>Lugar:</b> San Vicente del Caguán - Caquetá, Colombia<br/>]]></description>
    <Point>
      <coordinates>-75.0428,2.7318,-3000</coordinates>
    </Point>
  </Placemark>
  <Placemark>
    <name>M1.5 - Baraya - Huila, Colombia</name>
    <description><![CDATA[<b>Magnitud:</b> 1.5 MLr_2<br/><b>Profundidad:</b> 30 km<br/><b>Hora local:</b> 2022-10-08T02:15:30+00:00<br/><b>Lugar:</b> Baraya - Huila, Colombia<br/>]]></description>
    <Point>
      <coordinates>-74.8601,3.0441,-30000</coordinates>
    </Point>
  </Placemark>
  <Placemark>
    <name>M1.4 - Íquira - Huila, Colombia</name>
    <description><![CDATA[<b>Magnitud:</b> 1.4 MLr_2<br/><b>Profundidad:</b> 24 km<br/><b>Hora local:</b> 2022-10-07T12:50:46+00:00<br/><b>Lugar:</b> Íquira - Huila, Colombia<br/>]]></description>
    <Point>
      <coordinates>-75.675,2.7605,-24000</coordinates>
    </Point>
  </Placemark>
  <Placemark>
    <name>M1.4 - San Vicente del Caguán - Caquetá, Colombia</name>
    <description><![CDATA[<b>Magnitud:</b> 1.4 MLr_2<br/><b>Profundidad:</b> 4 km<br/><b>Hora local:</b> 2022-10-03T22:43:57+00:00<br/><b>Lugar:</b> San Vicente del Caguán - Caquetá, Colombia<br/>]]></description>
    <Point>
      <coordinates>-74.9531,2.7266,-4000</coordinates>
    </Point>
  </Placemark>
  <Placemark>
    <name>M1.2 - San Vicente del Caguán - Caquetá, Colombia</name>
    <description><![CDATA[<b>Magnitud:</b> 1.2 MLr_2<br/><b>Profundidad:</b> 4 km<br/><b>Hora local:</b> 2022-10-02T00:33:34+00:00<br/><b>Lugar:</b> San Vicente del Caguán - Caquetá, Colombia<br/>]]></description>
    <Point>
      <coordinates>-75.0531,2.659,-4000</coordinates>
    </Point>
  </Placemark>
  <Placemark>
    <name>M1.4 - San Vicente del Caguán - Caquetá, Colombia</name>
    <description><![CDATA[<b>Magnitud:</b> 1.4 MLr_2<br/><b>Profundidad:</b> 5 km<br/><b>Hora local:</b> 2022-09-28T09:21:45+00:00<br/><b>Lugar:</b> San Vicente del Caguán - Caquetá, Colombia<br/>]]></description>
    <Point>
      <coordinates>-75.0363,2.7041,-5000</coordinates>
    </Point>
  </Placemark>
  <Placemark>
    <name>M1.3 - Algeciras - Huila, Colombia</name>
    <description><![CDATA[<b>Magnitud:</b> 1.3 MLr_2<br/><b>Profundidad:</b> 32 km<br/><b>Hora local:</b> 2022-09-28T09:16:01+00:00<br/><b>Lugar:</b> Algeciras - Huila, Colombia<br/>]]></description>
    <Point>
      <coordinates>-75.2584,2.5223,-32000</coordinates>
    </Point>
  </Placemark>
  <Placemark>
    <name>M1.1 - Hobo - Huila, Colombia</name>
    <description><![CDATA[<b>Magnitud:</b> 1.1 MLr_2<br/><b>Profundidad:</b> 29 km<br/><b>Hora local:</b> 2022-09-27T02:41:35+00:00<br/><b>Lugar:</b> Hobo - Huila, Colombia<br/>]]></description>
    <Point>
      <coordinates>-75.402,2.5107,-29000</coordinates>
    </Point>
  </Placemark>
  <Placemark>
    <name>M1.6 - San Vicente del Caguán - Caquetá, Colombia</name>
    <description><![CDATA[<b>Magnitud:</b> 1.6 MLr_2<br/><b>Profundidad:</b> 31 km<br/><b>Hora local:</b> 2022-09-22T17:54:07+00:00<br/><b>Lugar:</b> San Vicente del Caguán - Caquetá, Colombia<br/>]]></description>
    <Point>
      <coordinates>-74.8513,2.8769,-31000</coordinates>
    </Point>
  </Placemark>
  <Placemark>
    <name>M1.6 - San Vicente del Caguán - Caquetá, Colombia</name>
    <description><![CDATA[<b>Magnitud:</b> 1.6 MLr_2<br/><b>Profundidad:</b> 33 km<br/><b>Hora local:</b> 2022-09-21T11:07:44+00:00<br/><b>Lugar:</b> San Vicente del Caguán - Caquetá, Colombia<br/>]]></description>
    <Point>
      <coordinates>-75.0427,2.7329,-33000</coordinates>
    </Point>
  </Placemark>
  <Placemark>
    <name>M2.2 - San Vicente del Caguán - Caquetá, Colombia</name>
    <description><![CDATA[<b>Magnitud:</b> 2.2 MLr_2<br/><b>Profundidad:</b> 31 km<br/><b>Hora local:</b> 2022-09-20T09:51:51+00:00<br/><b>Lugar:</b> San Vicente del Caguán - Caquetá, Colombia<br/>]]></description>
    <Point>
      <coordinates>-75.0534,2.7605,-31000</coordinates>
    </Point>
  </Placemark>
  <Placemark>
    <name>M1.4 - Baraya - Huila, Colombia</name>
    <description><![CDATA[<b>Magnitud:</b> 1.4 MLr_2<br/><b>Profundidad:</b> 33 km<br/><b>Hora local:</b> 2022-09-19T18:00:29+00:00<br/><b>Lugar:</b> Baraya - Huila, Colombia<br/>]]></description>
    <Point>
      <coordinates>-74.9837,3.0801,-33000</coordinates>
    </Point>
  </Placemark>
  <Placemark>
    <name>M1.4 - San Vicente del Caguán - Caquetá, Colombia</name>
    <description><![CDATA[<b>Magnitud:</b> 1.4 MLr_2<br/><b>Profundidad:</b> 30 km<br/><b>Hora local:</b> 2022-09-19T03:05:51+00:00<br/><b>Lugar:</b> San Vicente del Caguán - Caquetá, Colombia<br/>]]></description>
    <Point>
      <coordinates>-75.0704,2.7351,-30000</coordinates>
    </Point>
  </Placemark>
  <Placemark>
    <name>M1.4 - Aipe - Huila, Colombia</name>
    <description><![CDATA[<b>Magnitud:</b> 1.4 MLr_2<br/><b>Profundidad:</b> 17 km<br/><b>Hora local:</b> 2022-09-13T20:32:00+00:00<br/><b>Lugar:</b> Aipe - Huila, Colombia<br/>]]></description>
    <Point>
      <coordinates>-75.4952,3.26,-17000</coordinates>
    </Point>
  </Placemark>
  <Placemark>
    <name>M1.4 - San Vicente del Caguán - Caquetá, Colombia</name>
    <description><![CDATA[<b>Magnitud:</b> 1.4 MLr_2<br/><b>Profundidad:</b> 28 km<br/><b>Hora local:</b> 2022-09-08T20:49:00+00:00<br/><b>Lugar:</b> San Vicente del Caguán - Caquetá, Colombia<br/>]]></description>
    <Point>
      <coordinates>-75.0491,2.7351,-28000</coordinates>
    </Point>
  </Placemark>
  <Placemark>
    <name>M1.8 - Campoalegre - Huila, Colombia</name>
    <description><![CDATA[<b>Magnitud:</b> 1.8 MLr_2<br/><b>Profundidad:</b> 31 km<br/><b>Hora local:</b> 2022-08-29T18:59:44+00:00<br/><b>Lugar:</b> Campoalegre - Huila, Colombia<br/>]]></description>
    <Point>
      <coordinates>-75.3604,2.7038,-31000</coordinates>
    </Point>
  </Placemark>
  <Placemark>
    <name>M1.7 - San Vicente del Caguán - Caquetá, Colombia</name>
    <description><![CDATA[<b>Magnitud:</b> 1.7 MLr_2<br/><b>Profundidad:</b> 31 km<br/><b>Hora local:</b> 2022-08-28T18:34:04+00:00<br/><b>Lugar:</b> San Vicente del Caguán - Caquetá, Colombia<br/>]]></description>
    <Point>
      <coordinates>-75.1001,2.7097,-31000</coordinates>
    </Point>
  </Placemark>
  <Placemark>
    <name>M1.1 - Planadas - Tolima, Colombia</name>
    <description><![CDATA[<b>Magnitud:</b> 1.1 MLr_2<br/><b>Profundidad:</b> 24 km<br/><b>Hora local:</b> 2022-08-26T10:50:08+00:00<br/><b>Lugar:</b> Planadas - Tolima, Colombia<br/>]]></description>
    <Point>
      <coordinates>-75.6823,3.1118,-24000</coordinates>
    </Point>
  </Placemark>
  <Placemark>
    <name>M1.4 - Campoalegre - Huila, Colombia</name>
    <description><![CDATA[<b>Magnitud:</b> 1.4 MLr_2<br/><b>Profundidad:</b> 32 km<br/><b>Hora local:</b> 2022-08-23T18:54:29+00:00<br/><b>Lugar:</b> Campoalegre - Huila, Colombia<br/>]]></description>
    <Point>
      <coordinates>-75.3532,2.5763,-32000</coordinates>
    </Point>
  </Placemark>
  <Placemark>
    <name>M1.3 - San Vicente del Caguán - Caquetá, Colombia</name>
    <description><![CDATA[<b>Magnitud:</b> 1.3 MLr_2<br/><b>Profundidad:</b> 35 km<br/><b>Hora local:</b> 2022-08-21T20:11:24+00:00<br/><b>Lugar:</b> San Vicente del Caguán - Caquetá, Colombia<br/>]]></description>
    <Point>
      <coordinates>-75.0821,2.7277,-35000</coordinates>
    </Point>
  </Placemark>
  <Placemark>
    <name>M1.6 - San Vicente del Caguán - Caquetá, Colombia</name>
    <description><![CDATA[<b>Magnitud:</b> 1.6 MLr_2<br/><b>Profundidad:</b> 39 km<br/><b>Hora local:</b> 2022-08-20T02:09:13+00:00<br/><b>Lugar:</b> San Vicente del Caguán - Caquetá, Colombia<br/>]]></description>
    <Point>
      <coordinates>-74.8492,2.8726,-39000</coordinates>
    </Point>
  </Placemark>
  <Placemark>
    <name>M1.6 - Aipe - Huila, Colombia</name>
    <description><![CDATA[<b>Magnitud:</b> 1.6 MLr_2<br/><b>Profundidad:</b> 30 km<br/><b>Hora local:</b> 2022-08-17T21:54:03+00:00<br/><b>Lugar:</b> Aipe - Huila, Colombia<br/>]]></description>
    <Point>
      <coordinates>-75.2674,3.3214,-30000</coordinates>
    </Point>
  </Placemark>
  <Placemark>
    <name>M1.4 - Hobo - Huila, Colombia</name>
    <description><![CDATA[<b>Magnitud:</b> 1.4 MLr_2<br/><b>Profundidad:</b> 29 km<br/><b>Hora local:</b> 2022-08-17T02:19:57+00:00<br/><b>Lugar:</b> Hobo - Huila, Colombia<br/>]]></description>
    <Point>
      <coordinates>-75.4299,2.5932,-29000</coordinates>
    </Point>
  </Placemark>
  <Placemark>
    <name>M1.2 - Algeciras - Huila, Colombia</name>
    <description><![CDATA[<b>Magnitud:</b> 1.2 MLr_2<br/><b>Profundidad:</b> 25 km<br/><b>Hora local:</b> 2022-08-16T00:30:37+00:00<br/><b>Lugar:</b> Algeciras - Huila, Colombia<br/>]]></description>
    <Point>
      <coordinates>-75.3765,2.5065,-25000</coordinates>
    </Point>
  </Placemark>
  <Placemark>
    <name>M2.4 - Hobo - Huila, Colombia</name>
    <description><![CDATA[<b>Magnitud:</b> 2.4 MLr_2<br/><b>Profundidad:</b> 33 km<br/><b>Hora local:</b> 2022-08-15T15:13:15+00:00<br/><b>Lugar:</b> Hobo - Huila, Colombia<br/>]]></description>
    <Point>
      <coordinates>-75.4388,2.5165,-33000</coordinates>
    </Point>
  </Placemark>
  <Placemark>
    <name>M1.6 - Algeciras - Huila, Colombia</name>
    <description><![CDATA[<b>Magnitud:</b> 1.6 MLr_2<br/><b>Profundidad:</b> 29 km<br/><b>Hora local:</b> 2022-08-11T21:09:31+00:00<br/><b>Lugar:</b> Algeciras - Huila, Colombia<br/>]]></description>
    <Point>
      <coordinates>-75.2785,2.4895,-29000</coordinates>
    </Point>
  </Placemark>
  <Placemark>
    <name>M1.4 - Hobo - Huila, Colombia</name>
    <description><![CDATA[<b>Magnitud:</b> 1.4 MLr_2<br/><b>Profundidad:</b> 27 km<br/><b>Hora local:</b> 2022-07-30T09:39:04+00:00<br/><b>Lugar:</b> Hobo - Huila, Colombia<br/>]]></description>
    <Point>
      <coordinates>-75.4318,2.5086,-27000</coordinates>
    </Point>
  </Placemark>
  <Placemark>
    <name>M1.5 - Hobo - Huila, Colombia</name>
    <description><![CDATA[<b>Magnitud:</b> 1.5 MLr_2<br/><b>Profundidad:</b> 30 km<br/><b>Hora local:</b> 2022-07-29T21:54:43+00:00<br/><b>Lugar:</b> Hobo - Huila, Colombia<br/>]]></description>
    <Point>
      <coordinates>-75.4297,2.5192,-30000</coordinates>
    </Point>
  </Placemark>
  <Placemark>
    <name>M1.2 - Villavieja - Huila, Colombia</name>
    <description><![CDATA[<b>Magnitud:</b> 1.2 MLr_2<br/><b>Profundidad:</b> 30 km<br/><b>Hora local:</b> 2022-07-28T21:18:11+00:00<br/><b>Lugar:</b> Villavieja - Huila, Colombia<br/>]]></description>
    <Point>
      <coordinates>-75.178,3.315,-30000</coordinates>
    </Point>
  </Placemark>
  <Placemark>
    <name>M1.2 - Villavieja - Huila, Colombia</name>
    <description><![CDATA[<b>Magnitud:</b> 1.2 MLr_2<br/><b>Profundidad:</b> 42 km<br/><b>Hora local:</b> 2022-07-27T01:50:07+00:00<br/><b>Lugar:</b> Villavieja - Huila, Colombia<br/>]]></description>
    <Point>
      <coordinates>-75.0905,3.2367,-42000</coordinates>
    </Point>
  </Placemark>
  <Placemark>
    <name>M1.3 - Algeciras - Huila, Colombia</name>
    <description><![CDATA[<b>Magnitud:</b> 1.3 MLr_2<br/><b>Profundidad:</b> 29 km<br/><b>Hora local:</b> 2022-07-24T08:28:37+00:00<br/><b>Lugar:</b> Algeciras - Huila, Colombia<br/>]]></description>
    <Point>
      <coordinates>-75.3595,2.5107,-29000</coordinates>
    </Point>
  </Placemark>
  <Placemark>
    <name>M1.3 - Rivera - Huila, Colombia</name>
    <description><![CDATA[<b>Magnitud:</b> 1.3 MLr_2<br/><b>Profundidad:</b> 22 km<br/><b>Hora local:</b> 2022-07-23T23:49:44+00:00<br/><b>Lugar:</b> Rivera - Huila, Colombia<br/>]]></description>
    <Point>
      <coordinates>-75.0725,2.7478,-22000</coordinates>
    </Point>
  </Placemark>
  <Placemark>
    <name>M1.5 - Algeciras - Huila, Colombia</name>
    <description><![CDATA[<b>Magnitud:</b> 1.5 MLr_2<br/><b>Profundidad:</b> 33 km<br/><b>Hora local:</b> 2022-07-20T21:06:36+00:00<br/><b>Lugar:</b> Algeciras - Huila, Colombia<br/>]]></description>
    <Point>
      <coordinates>-75.1405,2.6758,-33000</coordinates>
    </Point>
  </Placemark>
  <Placemark>
    <name>M1.8 - Campoalegre - Huila, Colombia</name>
    <description><![CDATA[<b>Magnitud:</b> 1.8 MLr_2<br/><b>Profundidad:</b> 33 km<br/><b>Hora local:</b> 2022-07-19T17:37:26+00:00<br/><b>Lugar:</b> Campoalegre - Huila, Colombia<br/>]]></description>
    <Point>
      <coordinates>-75.3709,2.6446,-33000</coordinates>
    </Point>
  </Placemark>
  <Placemark>
    <name>M1.5 - Hobo - Huila, Colombia</name>
    <description><![CDATA[<b>Magnitud:</b> 1.5 MLr_2<br/><b>Profundidad:</b> 31 km<br/><b>Hora local:</b> 2022-07-19T17:11:08+00:00<br/><b>Lugar:</b> Hobo - Huila, Colombia<br/>]]></description>
    <Point>
      <coordinates>-75.402,2.5149,-31000</coordinates>
    </Point>
  </Placemark>
  <Placemark>
    <name>M1.4 - San Vicente del Caguán - Caquetá, Colombia</name>
    <description><![CDATA[<b>Magnitud:</b> 1.4 MLr_2<br/><b>Profundidad:</b> 31 km<br/><b>Hora local:</b> 2022-07-16T08:24:36+00:00<br/><b>Lugar:</b> San Vicente del Caguán - Caquetá, Colombia<br/>]]></description>
    <Point>
      <coordinates>-75.083,2.6567,-31000</coordinates>
    </Point>
  </Placemark>
  <Placemark>
    <name>M1.3 - San Vicente del Caguán - Caquetá, Colombia</name>
    <description><![CDATA[<b>Magnitud:</b> 1.3 MLr_2<br/><b>Profundidad:</b> 34 km<br/><b>Hora local:</b> 2022-07-15T16:29:35+00:00<br/><b>Lugar:</b> San Vicente del Caguán - Caquetá, Colombia<br/>]]></description>
    <Point>
      <coordinates>-75.0385,2.7753,-34000</coordinates>
    </Point>
  </Placemark>
  <Placemark>
    <name>M1.6 - San Vicente del Caguán - Caquetá, Colombia</name>
    <description><![CDATA[<b>Magnitud:</b> 1.6 MLr_2<br/><b>Profundidad:</b> 27 km<br/><b>Hora local:</b> 2022-07-10T15:56:27+00:00<br/><b>Lugar:</b> San Vicente del Caguán - Caquetá, Colombia<br/>]]></description>
    <Point>
      <coordinates>-74.8587,2.861,-27000</coordinates>
    </Point>
  </Placemark>
  <Placemark>
    <name>M1.3 - San Vicente del Caguán - Caquetá, Colombia</name>
    <description><![CDATA[<b>Magnitud:</b> 1.3 MLr_2<br/><b>Profundidad:</b> 36 km<br/><b>Hora local:</b> 2022-07-09T02:28:20+00:00<br/><b>Lugar:</b> San Vicente del Caguán - Caquetá, Colombia<br/>]]></description>
    <Point>
      <coordinates>-75.0512,2.7224,-36000</coordinates>
    </Point>
  </Placemark>
  <Placemark>
    <name>M1.2 - Santa María - Huila, Colombia</name>
    <description><![CDATA[<b>Magnitud:</b> 1.2 MLr_2<br/><b>Profundidad:</b> 17 km<br/><b>Hora local:</b> 2022-07-07T09:44:27+00:00<br/><b>Lugar:</b> Santa María - Huila, Colombia<br/>]]></description>
    <Point>
      <coordinates>-75.7042,2.9308,-17000</coordinates>
    </Point>
  </Placemark>
  <Placemark>
    <name>M1.4 - Santa María - Huila, Colombia</name>
    <description><![CDATA[<b>Magnitud:</b> 1.4 MLr_2<br/><b>Profundidad:</b> 18 km<br/><b>Hora local:</b> 2022-07-07T02:14:32+00:00<br/><b>Lugar:</b> Santa María - Huila, Colombia<br/>]]></description>
    <Point>
      <coordinates>-75.7015,2.9219,-18000</coordinates>
    </Point>
  </Placemark>
  <Placemark>
    <name>M1.6 - Tello - Huila, Colombia</name>
    <description><![CDATA[<b>Magnitud:</b> 1.6 MLr_2<br/><b>Profundidad:</b> 28 km<br/><b>Hora local:</b> 2022-07-05T22:55:32+00:00<br/><b>Lugar:</b> Tello - Huila, Colombia<br/>]]></description>
    <Point>
      <coordinates>-74.9708,3.0314,-28000</coordinates>
    </Point>
  </Placemark>
  <Placemark>
    <name>M2.8 - Tello - Huila, Colombia</name>
    <description><![CDATA[<b>Magnitud:</b> 2.8 MLr_2<br/><b>Profundidad:</b> 3 km<br/><b>Hora local:</b> 2022-07-04T11:59:00+00:00<br/><b>Lugar:</b> Tello - Huila, Colombia<br/>]]></description>
    <Point>
      <coordinates>-74.9545,2.9713,-3000</coordinates>
    </Point>
  </Placemark>
  <Placemark>
    <name>M1.4 - Villavieja - Huila, Colombia</name>
    <description><![CDATA[<b>Magnitud:</b> 1.4 MLr_2<br/><b>Profundidad:</b> 34 km<br/><b>Hora local:</b> 2022-07-03T19:58:58+00:00<br/><b>Lugar:</b> Villavieja - Huila, Colombia<br/>]]></description>
    <Point>
      <coordinates>-75.2139,3.1923,-34000</coordinates>
    </Point>
  </Placemark>
  <Placemark>
    <name>M1.4 - Yaguará - Huila, Colombia</name>
    <description><![CDATA[<b>Magnitud:</b> 1.4 MLr_2<br/><b>Profundidad:</b> 23 km<br/><b>Hora local:</b> 2022-07-02T15:37:46+00:00<br/><b>Lugar:</b> Yaguará - Huila, Colombia<br/>]]></description>
    <Point>
      <coordinates>-75.5086,2.5615,-23000</coordinates>
    </Point>
  </Placemark>
  <Placemark>
    <name>M1.5 - Campoalegre - Huila, Colombia</name>
    <description><![CDATA[<b>Magnitud:</b> 1.5 MLr_2<br/><b>Profundidad:</b> 32 km<br/><b>Hora local:</b> 2022-06-29T22:39:57+00:00<br/><b>Lugar:</b> Campoalegre - Huila, Colombia<br/>]]></description>
    <Point>
      <coordinates>-75.415,2.6186,-32000</coordinates>
    </Point>
  </Placemark>
  <Placemark>
    <name>M1.4 - Aipe - Huila, Colombia</name>
    <description><![CDATA[<b>Magnitud:</b> 1.4 MLr_2<br/><b>Profundidad:</b> 16 km<br/><b>Hora local:</b> 2022-06-26T11:12:45+00:00<br/><b>Lugar:</b> Aipe - Huila, Colombia<br/>]]></description>
    <Point>
      <coordinates>-75.2936,3.1235,-16000</coordinates>
    </Point>
  </Placemark>
  <Placemark>
    <name>M1.4 - Uribe - Meta, Colombia</name>
    <description><![CDATA[<b>Magnitud:</b> 1.4 MLr_2<br/><b>Profundidad:</b> 6 km<br/><b>Hora local:</b> 2022-06-25T07:13:56+00:00<br/><b>Lugar:</b> Uribe - Meta, Colombia<br/>]]></description>
    <Point>
      <coordinates>-74.8518,2.9591,-6000</coordinates>
    </Point>
  </Placemark>
  <Placemark>
    <name>M1.2 - Campoalegre - Huila, Colombia</name>
    <description><![CDATA[<b>Magnitud:</b> 1.2 MLr_2<br/><b>Profundidad:</b> 31 km<br/><b>Hora local:</b> 2022-06-22T10:14:55+00:00<br/><b>Lugar:</b> Campoalegre - Huila, Colombia<br/>]]></description>
    <Point>
      <coordinates>-75.3979,2.5784,-31000</coordinates>
    </Point>
  </Placemark>
  <Placemark>
    <name>M1.5 - San Vicente del Caguán - Caquetá, Colombia</name>
    <description><![CDATA[<b>Magnitud:</b> 1.5 MLr_2<br/><b>Profundidad:</b> 31 km<br/><b>Hora local:</b> 2022-06-21T00:50:16+00:00<br/><b>Lugar:</b> San Vicente del Caguán - Caquetá, Colombia<br/>]]></description>
    <Point>
      <coordinates>-74.8599,2.915,-31000</coordinates>
    </Point>
  </Placemark>
  <Placemark>
    <name>M1.3 - San Vicente del Caguán - Caquetá, Colombia</name>
    <description><![CDATA[<b>Magnitud:</b> 1.3 MLr_2<br/><b>Profundidad:</b> 15 km<br/><b>Hora local:</b> 2022-06-19T06:16:54+00:00<br/><b>Lugar:</b> San Vicente del Caguán - Caquetá, Colombia<br/>]]></description>
    <Point>
      <coordinates>-74.8631,2.9076,-15000</coordinates>
    </Point>
  </Placemark>
  <Placemark>
    <name>M1.3 - Algeciras - Huila, Colombia</name>
    <description><![CDATA[<b>Magnitud:</b> 1.3 MLr_2<br/><b>Profundidad:</b> 36 km<br/><b>Hora local:</b> 2022-06-17T14:41:19+00:00<br/><b>Lugar:</b> Algeciras - Huila, Colombia<br/>]]></description>
    <Point>
      <coordinates>-75.3488,2.5192,-36000</coordinates>
    </Point>
  </Placemark>
  <Placemark>
    <name>M2.3 - San Vicente del Caguán - Caquetá, Colombia</name>
    <description><![CDATA[<b>Magnitud:</b> 2.3 MLr_2<br/><b>Profundidad:</b> 29 km<br/><b>Hora local:</b> 2022-06-15T08:01:06+00:00<br/><b>Lugar:</b> San Vicente del Caguán - Caquetá, Colombia<br/>]]></description>
    <Point>
      <coordinates>-74.8832,2.8726,-29000</coordinates>
    </Point>
  </Placemark>
  <Placemark>
    <name>M1.3 - Algeciras - Huila, Colombia</name>
    <description><![CDATA[<b>Magnitud:</b> 1.3 MLr_2<br/><b>Profundidad:</b> 21 km<br/><b>Hora local:</b> 2022-06-14T22:28:27+00:00<br/><b>Lugar:</b> Algeciras - Huila, Colombia<br/>]]></description>
    <Point>
      <coordinates>-75.1787,2.6208,-21000</coordinates>
    </Point>
  </Placemark>
  <Placemark>
    <name>M1.7 - San Vicente del Caguán - Caquetá, Colombia</name>
    <description><![CDATA[<b>Magnitud:</b> 1.7 MLr_2<br/><b>Profundidad:</b> 31 km<br/><b>Hora local:</b> 2022-06-08T23:32:13+00:00<br/><b>Lugar:</b> San Vicente del Caguán - Caquetá, Colombia<br/>]]></description>
    <Point>
      <coordinates>-75.0533,2.7287,-31000</coordinates>
    </Point>
  </Placemark>
  <Placemark>
    <name>M1.6 - Algeciras - Huila, Colombia</name>
    <description><![CDATA[<b>Magnitud:</b> 1.6 MLr_2<br/><b>Profundidad:</b> 30 km<br/><b>Hora local:</b> 2022-06-07T04:47:59+00:00<br/><b>Lugar:</b> Algeciras - Huila, Colombia<br/>]]></description>
    <Point>
      <coordinates>-75.2711,2.5012,-30000</coordinates>
    </Point>
  </Placemark>
  <Placemark>
    <name>M1.2 - Algeciras - Huila, Colombia</name>
    <description><![CDATA[<b>Magnitud:</b> 1.2 MLr_2<br/><b>Profundidad:</b> 23 km<br/><b>Hora local:</b> 2022-06-05T20:21:14+00:00<br/><b>Lugar:</b> Algeciras - Huila, Colombia<br/>]]></description>
    <Point>
      <coordinates>-75.2488,2.5128,-23000</coordinates>
    </Point>
  </Placemark>
  <Placemark>
    <name>M1.9 - San Vicente del Caguán - Caquetá, Colombia</name>
    <description><![CDATA[<b>Magnitud:</b> 1.9 MLr_2<br/><b>Profundidad:</b> 28 km<br/><b>Hora local:</b> 2022-06-05T17:45:55+00:00<br/><b>Lugar:</b> San Vicente del Caguán - Caquetá, Colombia<br/>]]></description>
    <Point>
      <coordinates>-75.0235,2.7118,-28000</coordinates>
    </Point>
  </Placemark>
  <Placemark>
    <name>M1.6 - San Vicente del Caguán - Caquetá, Colombia</name>
    <description><![CDATA[<b>Magnitud:</b> 1.6 MLr_2<br/><b>Profundidad:</b> 28 km<br/><b>Hora local:</b> 2022-06-04T12:57:13+00:00<br/><b>Lugar:</b> San Vicente del Caguán - Caquetá, Colombia<br/>]]></description>
    <Point>
      <coordinates>-75.0682,2.6948,-28000</coordinates>
    </Point>
  </Placemark>
  <Placemark>
    <name>M1.7 - Algeciras - Huila, Colombia</name>
    <description><![CDATA[<b>Magnitud:</b> 1.7 MLr_2<br/><b>Profundidad:</b> 29 km<br/><b>Hora local:</b> 2022-06-01T00:06:28+00:00<br/><b>Lugar:</b> Algeciras - Huila, Colombia<br/>]]></description>
    <Point>
      <coordinates>-75.2595,2.5319,-29000</coordinates>
    </Point>
  </Placemark>
  <Placemark>
    <name>M1.2 - Campoalegre - Huila, Colombia</name>
    <description><![CDATA[<b>Magnitud:</b> 1.2 MLr_2<br/><b>Profundidad:</b> 27 km<br/><b>Hora local:</b> 2022-05-31T22:25:02+00:00<br/><b>Lugar:</b> Campoalegre - Huila, Colombia<br/>]]></description>
    <Point>
      <coordinates>-75.3725,2.6737,-27000</coordinates>
    </Point>
  </Placemark>
  <Placemark>
    <name>M1.2 - Santa María - Huila, Colombia</name>
    <description><![CDATA[<b>Magnitud:</b> 1.2 MLr_2<br/><b>Profundidad:</b> 16 km<br/><b>Hora local:</b> 2022-05-31T08:28:32+00:00<br/><b>Lugar:</b> Santa María - Huila, Colombia<br/>]]></description>
    <Point>
      <coordinates>-75.6968,2.9467,-16000</coordinates>
    </Point>
  </Placemark>
  <Placemark>
    <name>M1.2 - Algeciras - Huila, Colombia</name>
    <description><![CDATA[<b>Magnitud:</b> 1.2 MLr_2<br/><b>Profundidad:</b> 27 km<br/><b>Hora local:</b> 2022-05-28T22:11:10+00:00<br/><b>Lugar:</b> Algeciras - Huila, Colombia<br/>]]></description>
    <Point>
      <coordinates>-75.3403,2.5001,-27000</coordinates>
    </Point>
  </Placemark>
  <Placemark>
    <name>M2.0 - San Vicente del Caguán - Caquetá, Colombia</name>
    <description><![CDATA[<b>Magnitud:</b> 2.0 MLr_2<br/><b>Profundidad:</b> 35 km<br/><b>Hora local:</b> 2022-05-27T09:32:08+00:00<br/><b>Lugar:</b> San Vicente del Caguán - Caquetá, Colombia<br/>]]></description>
    <Point>
      <coordinates>-74.845,2.898,-35000</coordinates>
    </Point>
  </Placemark>
  <Placemark>
    <name>M1.3 - Algeciras - Huila, Colombia</name>
    <description><![CDATA[<b>Magnitud:</b> 1.3 MLr_2<br/><b>Profundidad:</b> 12 km<br/><b>Hora local:</b> 2022-05-26T17:54:07+00:00<br/><b>Lugar:</b> Algeciras - Huila, Colombia<br/>]]></description>
    <Point>
      <coordinates>-75.2583,2.4969,-12000</coordinates>
    </Point>
  </Placemark>
  <Placemark>
    <name>M1.9 - Campoalegre - Huila, Colombia</name>
    <description><![CDATA[<b>Magnitud:</b> 1.9 MLr_2<br/><b>Profundidad:</b> 40 km<br/><b>Hora local:</b> 2022-05-25T10:27:32+00:00<br/><b>Lugar:</b> Campoalegre - Huila, Colombia<br/>]]></description>
    <Point>
      <coordinates>-75.3236,2.6694,-40000</coordinates>
    </Point>
  </Placemark>
  <Placemark>
    <name>M2.7 - Uribe - Meta, Colombia</name>
    <description><![CDATA[<b>Magnitud:</b> 2.7 MLr_2<br/><b>Profundidad:</b> 30 km<br/><b>Hora local:</b> 2022-05-22T22:04:09+00:00<br/><b>Lugar:</b> Uribe - Meta, Colombia<br/>]]></description>
    <Point>
      <coordinates>-74.8552,2.9536,-30000</coordinates>
    </Point>
  </Placemark>
  <Placemark>
    <name>M1.4 - Hobo - Huila, Colombia</name>
    <description><![CDATA[<b>Magnitud:</b> 1.4 MLr_2<br/><b>Profundidad:</b> 23 km<br/><b>Hora local:</b> 2022-05-14T09:09:35+00:00<br/><b>Lugar:</b> Hobo - Huila, Colombia<br/>]]></description>
    <Point>
      <coordinates>-75.4297,2.5043,-23000</coordinates>
    </Point>
  </Placemark>
  <Placemark>
    <name>M1.8 - San Vicente del Caguán - Caquetá, Colombia</name>
    <description><![CDATA[<b>Magnitud:</b> 1.8 MLr_2<br/><b>Profundidad:</b> 33 km<br/><b>Hora local:</b> 2022-05-11T14:49:43+00:00<br/><b>Lugar:</b> San Vicente del Caguán - Caquetá, Colombia<br/>]]></description>
    <Point>
      <coordinates>-75.0704,2.7351,-33000</coordinates>
    </Point>
  </Placemark>
  <Placemark>
    <name>M1.9 - Neiva - Huila, Colombia</name>
    <description><![CDATA[<b>Magnitud:</b> 1.9 MLr_2<br/><b>Profundidad:</b> 27 km<br/><b>Hora local:</b> 2022-05-11T12:16:51+00:00<br/><b>Lugar:</b> Neiva - Huila, Colombia<br/>]]></description>
    <Point>
      <coordinates>-75.03,2.8049,-27000</coordinates>
    </Point>
  </Placemark>
  <Placemark>
    <name>M1.1 - Algeciras - Huila, Colombia</name>
    <description><![CDATA[<b>Magnitud:</b> 1.1 MLr_2<br/><b>Profundidad:</b> 29 km<br/><b>Hora local:</b> 2022-05-11T07:18:41+00:00<br/><b>Lugar:</b> Algeciras - Huila, Colombia<br/>]]></description>
    <Point>
      <coordinates>-75.3116,2.5456,-29000</coordinates>
    </Point>
  </Placemark>
  <Placemark>
    <name>M0.8 - Yaguará - Huila, Colombia</name>
    <description><![CDATA[<b>Magnitud:</b> 0.8 MLr_2<br/><b>Profundidad:</b> 21 km<br/><b>Hora local:</b> 2022-05-07T03:45:02+00:00<br/><b>Lugar:</b> Yaguará - Huila, Colombia<br/>]]></description>
    <Point>
      <coordinates>-75.4826,2.603,-21000</coordinates>
    </Point>
  </Placemark>
  <Placemark>
    <name>M1.2 - Yaguará - Huila, Colombia</name>
    <description><![CDATA[<b>Magnitud:</b> 1.2 MLr_2<br/><b>Profundidad:</b> 22 km<br/><b>Hora local:</b> 2022-05-04T05:04:30+00:00<br/><b>Lugar:</b> Yaguará - Huila, Colombia<br/>]]></description>
    <Point>
      <coordinates>-75.4959,2.6017,-22000</coordinates>
    </Point>
  </Placemark>
  <Placemark>
    <name>M1.3 - San Vicente del Caguán - Caquetá, Colombia</name>
    <description><![CDATA[<b>Magnitud:</b> 1.3 MLr_2<br/><b>Profundidad:</b> 6 km<br/><b>Hora local:</b> 2022-04-30T16:38:36+00:00<br/><b>Lugar:</b> San Vicente del Caguán - Caquetá, Colombia<br/>]]></description>
    <Point>
      <coordinates>-75.0268,2.7121,-6000</coordinates>
    </Point>
  </Placemark>
  <Placemark>
    <name>M1.8 - Teruel - Huila, Colombia</name>
    <description><![CDATA[<b>Magnitud:</b> 1.8 MLr_2<br/><b>Profundidad:</b> 13 km<br/><b>Hora local:</b> 2022-04-24T21:30:24+00:00<br/><b>Lugar:</b> Teruel - Huila, Colombia<br/>]]></description>
    <Point>
      <coordinates>-75.535,2.7599,-13000</coordinates>
    </Point>
  </Placemark>
  <Placemark>
    <name>M1.2 - Campoalegre - Huila, Colombia</name>
    <description><![CDATA[<b>Magnitud:</b> 1.2 MLr_2<br/><b>Profundidad:</b> 22 km<br/><b>Hora local:</b> 2022-04-19T04:08:00+00:00<br/><b>Lugar:</b> Campoalegre - Huila, Colombia<br/>]]></description>
    <Point>
      <coordinates>-75.4278,2.6483,-22000</coordinates>
    </Point>
  </Placemark>
  <Placemark>
    <name>M1.2 - Hobo - Huila, Colombia</name>
    <description><![CDATA[<b>Magnitud:</b> 1.2 MLr_2<br/><b>Profundidad:</b> 30 km<br/><b>Hora local:</b> 2022-04-06T23:39:05+00:00<br/><b>Lugar:</b> Hobo - Huila, Colombia<br/>]]></description>
    <Point>
      <coordinates>-75.4085,2.5382,-30000</coordinates>
    </Point>
  </Placemark>
  <Placemark>
    <name>M2.2 - San Vicente del Caguán - Caquetá, Colombia</name>
    <description><![CDATA[<b>Magnitud:</b> 2.2 MLr_2<br/><b>Profundidad:</b> 30 km<br/><b>Hora local:</b> 2022-04-06T03:02:39+00:00<br/><b>Lugar:</b> San Vicente del Caguán - Caquetá, Colombia<br/>]]></description>
    <Point>
      <coordinates>-75.1368,2.6795,-30000</coordinates>
    </Point>
  </Placemark>
  <Placemark>
    <name>M1.3 - Rivera - Huila, Colombia</name>
    <description><![CDATA[<b>Magnitud:</b> 1.3 MLr_2<br/><b>Profundidad:</b> 32 km<br/><b>Hora local:</b> 2022-04-03T13:21:22+00:00<br/><b>Lugar:</b> Rivera - Huila, Colombia<br/>]]></description>
    <Point>
      <coordinates>-75.1577,2.7732,-32000</coordinates>
    </Point>
  </Placemark>
  <Placemark>
    <name>M1.5 - San Vicente del Caguán - Caquetá, Colombia</name>
    <description><![CDATA[<b>Magnitud:</b> 1.5 MLr_2<br/><b>Profundidad:</b> 28 km<br/><b>Hora local:</b> 2022-04-03T02:53:10+00:00<br/><b>Lugar:</b> San Vicente del Caguán - Caquetá, Colombia<br/>]]></description>
    <Point>
      <coordinates>-75.0469,2.7266,-28000</coordinates>
    </Point>
  </Placemark>
  <Placemark>
    <name>M1.3 - Campoalegre - Huila, Colombia</name>
    <description><![CDATA[<b>Magnitud:</b> 1.3 MLr_2<br/><b>Profundidad:</b> 31 km<br/><b>Hora local:</b> 2022-03-29T02:38:17+00:00<br/><b>Lugar:</b> Campoalegre - Huila, Colombia<br/>]]></description>
    <Point>
      <coordinates>-75.384,2.5626,-31000</coordinates>
    </Point>
  </Placemark>
  <Placemark>
    <name>M1.8 - San Vicente del Caguán - Caquetá, Colombia</name>
    <description><![CDATA[<b>Magnitud:</b> 1.8 MLr_2<br/><b>Profundidad:</b> 32 km<br/><b>Hora local:</b> 2022-03-28T11:17:23+00:00<br/><b>Lugar:</b> San Vicente del Caguán - Caquetá, Colombia<br/>]]></description>
    <Point>
      <coordinates>-75.0789,2.7224,-32000</coordinates>
    </Point>
  </Placemark>
  <Placemark>
    <name>M1.8 - San Vicente del Caguán - Caquetá, Colombia</name>
    <description><![CDATA[<b>Magnitud:</b> 1.8 MLr_2<br/><b>Profundidad:</b> 27 km<br/><b>Hora local:</b> 2022-03-25T21:15:03+00:00<br/><b>Lugar:</b> San Vicente del Caguán - Caquetá, Colombia<br/>]]></description>
    <Point>
      <coordinates>-75.1278,2.7012,-27000</coordinates>
    </Point>
  </Placemark>
  <Placemark>
    <name>M1.9 - San Vicente del Caguán - Caquetá, Colombia</name>
    <description><![CDATA[<b>Magnitud:</b> 1.9 MLr_2<br/><b>Profundidad:</b> 23 km<br/><b>Hora local:</b> 2022-03-25T01:55:58+00:00<br/><b>Lugar:</b> San Vicente del Caguán - Caquetá, Colombia<br/>]]></description>
    <Point>
      <coordinates>-75.066,2.6631,-23000</coordinates>
    </Point>
  </Placemark>
  <Placemark>
    <name>M1.3 - Algeciras - Huila, Colombia</name>
    <description><![CDATA[<b>Magnitud:</b> 1.3 MLr_2<br/><b>Profundidad:</b> 29 km<br/><b>Hora local:</b> 2022-03-22T23:59:03+00:00<br/><b>Lugar:</b> Algeciras - Huila, Colombia<br/>]]></description>
    <Point>
      <coordinates>-75.3383,2.5488,-29000</coordinates>
    </Point>
  </Placemark>
  <Placemark>
    <name>M1.4 - San Vicente del Caguán - Caquetá, Colombia</name>
    <description><![CDATA[<b>Magnitud:</b> 1.4 MLr_2<br/><b>Profundidad:</b> 22 km<br/><b>Hora local:</b> 2022-03-22T07:30:53+00:00<br/><b>Lugar:</b> San Vicente del Caguán - Caquetá, Colombia<br/>]]></description>
    <Point>
      <coordinates>-75.0544,2.7425,-22000</coordinates>
    </Point>
  </Placemark>
  <Placemark>
    <name>M2.1 - Campoalegre - Huila, Colombia</name>
    <description><![CDATA[<b>Magnitud:</b> 2.1 MLr_2<br/><b>Profundidad:</b> 1 km<br/><b>Hora local:</b> 2022-03-16T11:55:30+00:00<br/><b>Lugar:</b> Campoalegre - Huila, Colombia<br/>]]></description>
    <Point>
      <coordinates>-75.3579,2.5497,-1000</coordinates>
    </Point>
  </Placemark>
  <Placemark>
    <name>M1.3 - Algeciras - Huila, Colombia</name>
    <description><![CDATA[<b>Magnitud:</b> 1.3 MLr_2<br/><b>Profundidad:</b> 36 km<br/><b>Hora local:</b> 2022-03-15T21:23:19+00:00<br/><b>Lugar:</b> Algeciras - Huila, Colombia<br/>]]></description>
    <Point>
      <coordinates>-75.3276,2.517,-36000</coordinates>
    </Point>
  </Placemark>
  <Placemark>
    <name>M2.3 - Yaguará - Huila, Colombia</name>
    <description><![CDATA[<b>Magnitud:</b> 2.3 MLr_2<br/><b>Profundidad:</b> 20 km<br/><b>Hora local:</b> 2022-03-15T12:38:38+00:00<br/><b>Lugar:</b> Yaguará - Huila, Colombia<br/>]]></description>
    <Point>
      <coordinates>-75.5382,2.7229,-20000</coordinates>
    </Point>
  </Placemark>
  <Placemark>
    <name>M2.3 - Campoalegre - Huila, Colombia</name>
    <description><![CDATA[<b>Magnitud:</b> 2.3 MLr_2<br/><b>Profundidad:</b> 33 km<br/><b>Hora local:</b> 2022-03-15T00:56:28+00:00<br/><b>Lugar:</b> Campoalegre - Huila, Colombia<br/>]]></description>
    <Point>
      <coordinates>-75.3303,2.579,-33000</coordinates>
    </Point>
  </Placemark>
  <Placemark>
    <name>M1.4 - Campoalegre - Huila, Colombia</name>
    <description><![CDATA[<b>Magnitud:</b> 1.4 MLr_2<br/><b>Profundidad:</b> 36 km<br/><b>Hora local:</b> 2022-03-13T22:41:37+00:00<br/><b>Lugar:</b> Campoalegre - Huila, Colombia<br/>]]></description>
    <Point>
      <coordinates>-75.2726,2.7414,-36000</coordinates>
    </Point>
  </Placemark>
  <Placemark>
    <name>M1.7 - San Vicente del Caguán - Caquetá, Colombia</name>
    <description><![CDATA[<b>Magnitud:</b> 1.7 MLr_2<br/><b>Profundidad:</b> 28 km<br/><b>Hora local:</b> 2022-03-09T06:53:56+00:00<br/><b>Lugar:</b> San Vicente del Caguán - Caquetá, Colombia<br/>]]></description>
    <Point>
      <coordinates>-75.014,2.7869,-28000</coordinates>
    </Point>
  </Placemark>
  <Placemark>
    <name>M1.3 - San Vicente del Caguán - Caquetá, Colombia</name>
    <description><![CDATA[<b>Magnitud:</b> 1.3 MLr_2<br/><b>Profundidad:</b> 23 km<br/><b>Hora local:</b> 2022-03-09T03:20:43+00:00<br/><b>Lugar:</b> San Vicente del Caguán - Caquetá, Colombia<br/>]]></description>
    <Point>
      <coordinates>-75.0406,2.7329,-23000</coordinates>
    </Point>
  </Placemark>
  <Placemark>
    <name>M1.3 - Aipe - Huila, Colombia</name>
    <description><![CDATA[<b>Magnitud:</b> 1.3 MLr_2<br/><b>Profundidad:</b> 27 km<br/><b>Hora local:</b> 2022-03-07T03:54:28+00:00<br/><b>Lugar:</b> Aipe - Huila, Colombia<br/>]]></description>
    <Point>
      <coordinates>-75.5643,3.206,-27000</coordinates>
    </Point>
  </Placemark>
  <Placemark>
    <name>M1.4 - Campoalegre - Huila, Colombia</name>
    <description><![CDATA[<b>Magnitud:</b> 1.4 MLr_2<br/><b>Profundidad:</b> 27 km<br/><b>Hora local:</b> 2022-03-05T15:09:52+00:00<br/><b>Lugar:</b> Campoalegre - Huila, Colombia<br/>]]></description>
    <Point>
      <coordinates>-75.3425,2.553,-27000</coordinates>
    </Point>
  </Placemark>
  <Placemark>
    <name>M1.4 - San Vicente del Caguán - Caquetá, Colombia</name>
    <description><![CDATA[<b>Magnitud:</b> 1.4 MLr_2<br/><b>Profundidad:</b> 32 km<br/><b>Hora local:</b> 2022-03-02T13:17:00+00:00<br/><b>Lugar:</b> San Vicente del Caguán - Caquetá, Colombia<br/>]]></description>
    <Point>
      <coordinates>-75.0469,2.7139,-32000</coordinates>
    </Point>
  </Placemark>
  <Placemark>
    <name>M1.9 - Uribe - Meta, Colombia</name>
    <description><![CDATA[<b>Magnitud:</b> 1.9 MLr_2<br/><b>Profundidad:</b> 27 km<br/><b>Hora local:</b> 2022-02-27T06:30:50+00:00<br/><b>Lugar:</b> Uribe - Meta, Colombia<br/>]]></description>
    <Point>
      <coordinates>-74.8706,2.9298,-27000</coordinates>
    </Point>
  </Placemark>
  <Placemark>
    <name>M1.4 - San Vicente del Caguán - Caquetá, Colombia</name>
    <description><![CDATA[<b>Magnitud:</b> 1.4 MLr_2<br/><b>Profundidad:</b> 16 km<br/><b>Hora local:</b> 2022-02-26T00:58:59+00:00<br/><b>Lugar:</b> San Vicente del Caguán - Caquetá, Colombia<br/>]]></description>
    <Point>
      <coordinates>-75.033,2.6961,-16000</coordinates>
    </Point>
  </Placemark>
  <Placemark>
    <name>M1.2 - San Vicente del Caguán - Caquetá, Colombia</name>
    <description><![CDATA[<b>Magnitud:</b> 1.2 MLr_2<br/><b>Profundidad:</b> 73 km<br/><b>Hora local:</b> 2022-02-25T23:50:06+00:00<br/><b>Lugar:</b> San Vicente del Caguán - Caquetá, Colombia<br/>]]></description>
    <Point>
      <coordinates>-75.0766,2.7271,-73000</coordinates>
    </Point>
  </Placemark>
  <Placemark>
    <name>M1.8 - San Vicente del Caguán - Caquetá, Colombia</name>
    <description><![CDATA[<b>Magnitud:</b> 1.8 MLr_2<br/><b>Profundidad:</b> 29 km<br/><b>Hora local:</b> 2022-02-25T10:05:45+00:00<br/><b>Lugar:</b> San Vicente del Caguán - Caquetá, Colombia<br/>]]></description>
    <Point>
      <coordinates>-75.0512,2.7287,-29000</coordinates>
    </Point>
  </Placemark>
  <Placemark>
    <name>M2.4 - Algeciras - Huila, Colombia</name>
    <description><![CDATA[<b>Magnitud:</b> 2.4 MLr_2<br/><b>Profundidad:</b> 3 km<br/><b>Hora local:</b> 2022-02-22T06:57:38+00:00<br/><b>Lugar:</b> Algeciras - Huila, Colombia<br/>]]></description>
    <Point>
      <coordinates>-75.3596,2.4925,-3000</coordinates>
    </Point>
  </Placemark>
  <Placemark>
    <name>M1.6 - San Vicente del Caguán - Caquetá, Colombia</name>
    <description><![CDATA[<b>Magnitud:</b> 1.6 MLr_2<br/><b>Profundidad:</b> 32 km<br/><b>Hora local:</b> 2022-02-19T07:00:21+00:00<br/><b>Lugar:</b> San Vicente del Caguán - Caquetá, Colombia<br/>]]></description>
    <Point>
      <coordinates>-75.0703,2.716,-32000</coordinates>
    </Point>
  </Placemark>
  <Placemark>
    <name>M1.7 - San Vicente del Caguán - Caquetá, Colombia</name>
    <description><![CDATA[<b>Magnitud:</b> 1.7 MLr_2<br/><b>Profundidad:</b> 4 km<br/><b>Hora local:</b> 2022-02-18T08:14:08+00:00<br/><b>Lugar:</b> San Vicente del Caguán - Caquetá, Colombia<br/>]]></description>
    <Point>
      <coordinates>-74.9316,2.756,-4000</coordinates>
    </Point>
  </Placemark>
  <Placemark>
    <name>M1.9 - San Vicente del Caguán - Caquetá, Colombia</name>
    <description><![CDATA[<b>Magnitud:</b> 1.9 MLr_2<br/><b>Profundidad:</b> 35 km<br/><b>Hora local:</b> 2022-02-14T22:41:23+00:00<br/><b>Lugar:</b> San Vicente del Caguán - Caquetá, Colombia<br/>]]></description>
    <Point>
      <coordinates>-75.0406,2.771,-35000</coordinates>
    </Point>
  </Placemark>
  <Placemark>
    <name>M1.7 - Neiva - Huila, Colombia</name>
    <description><![CDATA[<b>Magnitud:</b> 1.7 MLr_2<br/><b>Profundidad:</b> 38 km<br/><b>Hora local:</b> 2022-02-14T06:23:34+00:00<br/><b>Lugar:</b> Neiva - Huila, Colombia<br/>]]></description>
    <Point>
      <coordinates>-75.1514,2.8324,-38000</coordinates>
    </Point>
  </Placemark>
  <Placemark>
    <name>M1.4 - San Vicente del Caguán - Caquetá, Colombia</name>
    <description><![CDATA[<b>Magnitud:</b> 1.4 MLr_2<br/><b>Profundidad:</b> 28 km<br/><b>Hora local:</b> 2022-02-11T19:12:36+00:00<br/><b>Lugar:</b> San Vicente del Caguán - Caquetá, Colombia<br/>]]></description>
    <Point>
      <coordinates>-75.0958,2.6821,-28000</coordinates>
    </Point>
  </Placemark>
  <Placemark>
    <name>M1.6 - Algeciras - Huila, Colombia</name>
    <description><![CDATA[<b>Magnitud:</b> 1.6 MLr_2<br/><b>Profundidad:</b> 29 km<br/><b>Hora local:</b> 2022-02-09T00:44:06+00:00<br/><b>Lugar:</b> Algeciras - Huila, Colombia<br/>]]></description>
    <Point>
      <coordinates>-75.2106,2.5805,-29000</coordinates>
    </Point>
  </Placemark>
  <Placemark>
    <name>M1.3 - San Vicente del Caguán - Caquetá, Colombia</name>
    <description><![CDATA[<b>Magnitud:</b> 1.3 MLr_2<br/><b>Profundidad:</b> 32 km<br/><b>Hora local:</b> 2022-02-06T04:28:08+00:00<br/><b>Lugar:</b> San Vicente del Caguán - Caquetá, Colombia<br/>]]></description>
    <Point>
      <coordinates>-74.9981,2.8091,-32000</coordinates>
    </Point>
  </Placemark>
  <Placemark>
    <name>M1.2 - Santa María - Huila, Colombia</name>
    <description><![CDATA[<b>Magnitud:</b> 1.2 MLr_2<br/><b>Profundidad:</b> 28 km<br/><b>Hora local:</b> 2022-02-04T05:50:55+00:00<br/><b>Lugar:</b> Santa María - Huila, Colombia<br/>]]></description>
    <Point>
      <coordinates>-75.7297,2.9097,-28000</coordinates>
    </Point>
  </Placemark>
  <Placemark>
    <name>M1.3 - San Vicente del Caguán - Caquetá, Colombia</name>
    <description><![CDATA[<b>Magnitud:</b> 1.3 MLr_2<br/><b>Profundidad:</b> 3 km<br/><b>Hora local:</b> 2022-02-03T20:02:31+00:00<br/><b>Lugar:</b> San Vicente del Caguán - Caquetá, Colombia<br/>]]></description>
    <Point>
      <coordinates>-75.0643,2.6903,-3000</coordinates>
    </Point>
  </Placemark>
  <Placemark>
    <name>M1.2 - Hobo - Huila, Colombia</name>
    <description><![CDATA[<b>Magnitud:</b> 1.2 MLr_2<br/><b>Profundidad:</b> 23 km<br/><b>Hora local:</b> 2022-02-02T23:15:44+00:00<br/><b>Lugar:</b> Hobo - Huila, Colombia<br/>]]></description>
    <Point>
      <coordinates>-75.4169,2.5149,-23000</coordinates>
    </Point>
  </Placemark>
  <Placemark>
    <name>M1.9 - Aipe - Huila, Colombia</name>
    <description><![CDATA[<b>Magnitud:</b> 1.9 MLr_2<br/><b>Profundidad:</b> 27 km<br/><b>Hora local:</b> 2022-02-02T05:44:23+00:00<br/><b>Lugar:</b> Aipe - Huila, Colombia<br/>]]></description>
    <Point>
      <coordinates>-75.278,3.2981,-27000</coordinates>
    </Point>
  </Placemark>
  <Placemark>
    <name>M1.8 - Campoalegre - Huila, Colombia</name>
    <description><![CDATA[<b>Magnitud:</b> 1.8 MLr_2<br/><b>Profundidad:</b> 33 km<br/><b>Hora local:</b> 2022-02-02T04:16:55+00:00<br/><b>Lugar:</b> Campoalegre - Huila, Colombia<br/>]]></description>
    <Point>
      <coordinates>-75.3638,2.5488,-33000</coordinates>
    </Point>
  </Placemark>
  <Placemark>
    <name>M1.4 - Algeciras - Huila, Colombia</name>
    <description><![CDATA[<b>Magnitud:</b> 1.4 MLr_2<br/><b>Profundidad:</b> 29 km<br/><b>Hora local:</b> 2022-02-01T14:09:30+00:00<br/><b>Lugar:</b> Algeciras - Huila, Colombia<br/>]]></description>
    <Point>
      <coordinates>-75.1703,2.6483,-29000</coordinates>
    </Point>
  </Placemark>
  <Placemark>
    <name>M1.4 - Baraya - Huila, Colombia</name>
    <description><![CDATA[<b>Magnitud:</b> 1.4 MLr_2<br/><b>Profundidad:</b> 25 km<br/><b>Hora local:</b> 2022-01-26T19:32:28+00:00<br/><b>Lugar:</b> Baraya - Huila, Colombia<br/>]]></description>
    <Point>
      <coordinates>-74.8878,3.0399,-25000</coordinates>
    </Point>
  </Placemark>
  <Placemark>
    <name>M1.1 - Hobo - Huila, Colombia</name>
    <description><![CDATA[<b>Magnitud:</b> 1.1 MLr_2<br/><b>Profundidad:</b> 30 km<br/><b>Hora local:</b> 2022-01-25T16:00:35+00:00<br/><b>Lugar:</b> Hobo - Huila, Colombia<br/>]]></description>
    <Point>
      <coordinates>-75.4873,2.5509,-30000</coordinates>
    </Point>
  </Placemark>
  <Placemark>
    <name>M1.9 - San Vicente del Caguán - Caquetá, Colombia</name>
    <description><![CDATA[<b>Magnitud:</b> 1.9 MLr_2<br/><b>Profundidad:</b> 31 km<br/><b>Hora local:</b> 2022-01-24T08:25:01+00:00<br/><b>Lugar:</b> San Vicente del Caguán - Caquetá, Colombia<br/>]]></description>
    <Point>
      <coordinates>-75.049,2.7139,-31000</coordinates>
    </Point>
  </Placemark>
  <Placemark>
    <name>M1.3 - San Vicente del Caguán - Caquetá, Colombia</name>
    <description><![CDATA[<b>Magnitud:</b> 1.3 MLr_2<br/><b>Profundidad:</b> 30 km<br/><b>Hora local:</b> 2022-01-20T22:05:39+00:00<br/><b>Lugar:</b> San Vicente del Caguán - Caquetá, Colombia<br/>]]></description>
    <Point>
      <coordinates>-74.8631,2.9076,-30000</coordinates>
    </Point>
  </Placemark>
  <Placemark>
    <name>M1.2 - San Vicente del Caguán - Caquetá, Colombia</name>
    <description><![CDATA[<b>Magnitud:</b> 1.2 MLr_2<br/><b>Profundidad:</b> 19 km<br/><b>Hora local:</b> 2022-01-16T01:35:14+00:00<br/><b>Lugar:</b> San Vicente del Caguán - Caquetá, Colombia<br/>]]></description>
    <Point>
      <coordinates>-75.067,2.6366,-19000</coordinates>
    </Point>
  </Placemark>
  <Placemark>
    <name>M2.3 - San Vicente del Caguán - Caquetá, Colombia</name>
    <description><![CDATA[<b>Magnitud:</b> 2.3 MLr_3<br/><b>Profundidad:</b> 33 km<br/><b>Hora local:</b> 2022-01-14T06:10:55+00:00<br/><b>Lugar:</b> San Vicente del Caguán - Caquetá, Colombia<br/>]]></description>
    <Point>
      <coordinates>-75.0724,2.6906,-33000</coordinates>
    </Point>
  </Placemark>
  <Placemark>
    <name>M1.1 - San Vicente del Caguán - Caquetá, Colombia</name>
    <description><![CDATA[<b>Magnitud:</b> 1.1 MLr_2<br/><b>Profundidad:</b> 25 km<br/><b>Hora local:</b> 2022-01-12T21:15:50+00:00<br/><b>Lugar:</b> San Vicente del Caguán - Caquetá, Colombia<br/>]]></description>
    <Point>
      <coordinates>-75.149,2.6546,-25000</coordinates>
    </Point>
  </Placemark>
  <Placemark>
    <name>M3.2 - San Vicente del Caguán - Caquetá, Colombia</name>
    <description><![CDATA[<b>Magnitud:</b> 3.2 MLr_2<br/><b>Profundidad:</b> 34 km<br/><b>Hora local:</b> 2022-01-10T22:19:33+00:00<br/><b>Lugar:</b> San Vicente del Caguán - Caquetá, Colombia<br/>]]></description>
    <Point>
      <coordinates>-74.8508,2.87,-34000</coordinates>
    </Point>
  </Placemark>
  <Placemark>
    <name>M1.9 - Neiva - Huila, Colombia</name>
    <description><![CDATA[<b>Magnitud:</b> 1.9 MLr_2<br/><b>Profundidad:</b> 20 km<br/><b>Hora local:</b> 2022-01-09T12:57:20+00:00<br/><b>Lugar:</b> Neiva - Huila, Colombia<br/>]]></description>
    <Point>
      <coordinates>-75.4006,3.1007,-20000</coordinates>
    </Point>
  </Placemark>
  <Placemark>
    <name>M1.2 - Hobo - Huila, Colombia</name>
    <description><![CDATA[<b>Magnitud:</b> 1.2 MLr_2<br/><b>Profundidad:</b> 28 km<br/><b>Hora local:</b> 2022-01-07T18:44:51+00:00<br/><b>Lugar:</b> Hobo - Huila, Colombia<br/>]]></description>
    <Point>
      <coordinates>-75.4053,2.5245,-28000</coordinates>
    </Point>
  </Placemark>
  <Placemark>
    <name>M1.7 - San Vicente del Caguán - Caquetá, Colombia</name>
    <description><![CDATA[<b>Magnitud:</b> 1.7 MLr_2<br/><b>Profundidad:</b> 25 km<br/><b>Hora local:</b> 2022-01-04T21:17:31+00:00<br/><b>Lugar:</b> San Vicente del Caguán - Caquetá, Colombia<br/>]]></description>
    <Point>
      <coordinates>-75.0469,2.7224,-25000</coordinates>
    </Point>
  </Placemark>
  <Placemark>
    <name>M1.3 - San Vicente del Caguán - Caquetá, Colombia</name>
    <description><![CDATA[<b>Magnitud:</b> 1.3 MLr_2<br/><b>Profundidad:</b> 18 km<br/><b>Hora local:</b> 2022-01-03T17:01:48+00:00<br/><b>Lugar:</b> San Vicente del Caguán - Caquetá, Colombia<br/>]]></description>
    <Point>
      <coordinates>-75.0446,2.7033,-18000</coordinates>
    </Point>
  </Placemark>
  <Placemark>
    <name>M1.6 - Yaguará - Huila, Colombia</name>
    <description><![CDATA[<b>Magnitud:</b> 1.6 MLr_2<br/><b>Profundidad:</b> 22 km<br/><b>Hora local:</b> 2022-01-03T00:29:21+00:00<br/><b>Lugar:</b> Yaguará - Huila, Colombia<br/>]]></description>
    <Point>
      <coordinates>-75.5535,2.6758,-22000</coordinates>
    </Point>
  </Placemark>
  <Placemark>
    <name>M1.7 - Algeciras - Huila, Colombia</name>
    <description><![CDATA[<b>Magnitud:</b> 1.7 MLr_2<br/><b>Profundidad:</b> 35 km<br/><b>Hora local:</b> 2022-01-02T15:47:17+00:00<br/><b>Lugar:</b> Algeciras - Huila, Colombia<br/>]]></description>
    <Point>
      <coordinates>-75.3255,2.553,-35000</coordinates>
    </Point>
  </Placemark>
  <Placemark>
    <name>M1.3 - San Vicente del Caguán - Caquetá, Colombia</name>
    <description><![CDATA[<b>Magnitud:</b> 1.3 MLr_2<br/><b>Profundidad:</b> 22 km<br/><b>Hora local:</b> 2022-01-01T22:01:58+00:00<br/><b>Lugar:</b> San Vicente del Caguán - Caquetá, Colombia<br/>]]></description>
    <Point>
      <coordinates>-75.1086,2.7054,-22000</coordinates>
    </Point>
  </Placemark>
  <Placemark>
    <name>M2.6 - San Vicente del Caguán - Caquetá, Colombia</name>
    <description><![CDATA[<b>Magnitud:</b> 2.6 MLr_2<br/><b>Profundidad:</b> 31 km<br/><b>Hora local:</b> 2021-12-31T08:27:27+00:00<br/><b>Lugar:</b> San Vicente del Caguán - Caquetá, Colombia<br/>]]></description>
    <Point>
      <coordinates>-74.9873,2.7075,-31000</coordinates>
    </Point>
  </Placemark>
  <Placemark>
    <name>M1.2 - San Vicente del Caguán - Caquetá, Colombia</name>
    <description><![CDATA[<b>Magnitud:</b> 1.2 MLr_2<br/><b>Profundidad:</b> 22 km<br/><b>Hora local:</b> 2021-12-27T02:58:13+00:00<br/><b>Lugar:</b> San Vicente del Caguán - Caquetá, Colombia<br/>]]></description>
    <Point>
      <coordinates>-75.0682,2.7033,-22000</coordinates>
    </Point>
  </Placemark>
  <Placemark>
    <name>M1.3 - Algeciras - Huila, Colombia</name>
    <description><![CDATA[<b>Magnitud:</b> 1.3 MLr_2<br/><b>Profundidad:</b> 20 km<br/><b>Hora local:</b> 2021-12-25T13:14:30+00:00<br/><b>Lugar:</b> Algeciras - Huila, Colombia<br/>]]></description>
    <Point>
      <coordinates>-75.1863,2.6616,-20000</coordinates>
    </Point>
  </Placemark>
  <Placemark>
    <name>M2.3 - Algeciras - Huila, Colombia</name>
    <description><![CDATA[<b>Magnitud:</b> 2.3 MLr_3<br/><b>Profundidad:</b> 32 km<br/><b>Hora local:</b> 2021-12-24T12:49:28+00:00<br/><b>Lugar:</b> Algeciras - Huila, Colombia<br/>]]></description>
    <Point>
      <coordinates>-75.3807,2.5001,-32000</coordinates>
    </Point>
  </Placemark>
  <Placemark>
    <name>M1.6 - San Vicente del Caguán - Caquetá, Colombia</name>
    <description><![CDATA[<b>Magnitud:</b> 1.6 MLr_2<br/><b>Profundidad:</b> 23 km<br/><b>Hora local:</b> 2021-12-22T12:01:29+00:00<br/><b>Lugar:</b> San Vicente del Caguán - Caquetá, Colombia<br/>]]></description>
    <Point>
      <coordinates>-74.8833,2.9234,-23000</coordinates>
    </Point>
  </Placemark>
  <Placemark>
    <name>M3.6 - San Vicente del Caguán - Caquetá, Colombia</name>
    <description><![CDATA[<b>Magnitud:</b> 3.6 MLr_2<br/><b>Profundidad:</b> 4 km<br/><b>Hora local:</b> 2021-12-21T17:26:15+00:00<br/><b>Lugar:</b> San Vicente del Caguán - Caquetá, Colombia<br/>]]></description>
    <Point>
      <coordinates>-74.9036,2.8478,-4000</coordinates>
    </Point>
  </Placemark>
  <Placemark>
    <name>M1.1 - San Vicente del Caguán - Caquetá, Colombia</name>
    <description><![CDATA[<b>Magnitud:</b> 1.1 MLr_2<br/><b>Profundidad:</b> 22 km<br/><b>Hora local:</b> 2021-12-19T04:14:43+00:00<br/><b>Lugar:</b> San Vicente del Caguán - Caquetá, Colombia<br/>]]></description>
    <Point>
      <coordinates>-75.0947,2.6811,-22000</coordinates>
    </Point>
  </Placemark>
  <Placemark>
    <name>M1.2 - Campoalegre - Huila, Colombia</name>
    <description><![CDATA[<b>Magnitud:</b> 1.2 MLr_2<br/><b>Profundidad:</b> 28 km<br/><b>Hora local:</b> 2021-12-17T22:44:54+00:00<br/><b>Lugar:</b> Campoalegre - Huila, Colombia<br/>]]></description>
    <Point>
      <coordinates>-75.3255,2.5742,-28000</coordinates>
    </Point>
  </Placemark>
  <Placemark>
    <name>M1.5 - San Vicente del Caguán - Caquetá, Colombia</name>
    <description><![CDATA[<b>Magnitud:</b> 1.5 MLr_2<br/><b>Profundidad:</b> 42 km<br/><b>Hora local:</b> 2021-12-08T14:04:26+00:00<br/><b>Lugar:</b> San Vicente del Caguán - Caquetá, Colombia<br/>]]></description>
    <Point>
      <coordinates>-74.945,2.8621,-42000</coordinates>
    </Point>
  </Placemark>
  <Placemark>
    <name>M1.0 - Santa María - Huila, Colombia</name>
    <description><![CDATA[<b>Magnitud:</b> 1.0 MLr_2<br/><b>Profundidad:</b> 37 km<br/><b>Hora local:</b> 2021-12-06T23:20:57+00:00<br/><b>Lugar:</b> Santa María - Huila, Colombia<br/>]]></description>
    <Point>
      <coordinates>-75.5829,2.988,-37000</coordinates>
    </Point>
  </Placemark>
  <Placemark>
    <name>M1.1 - Algeciras - Huila, Colombia</name>
    <description><![CDATA[<b>Magnitud:</b> 1.1 MLr_2<br/><b>Profundidad:</b> 22 km<br/><b>Hora local:</b> 2021-12-02T08:35:33+00:00<br/><b>Lugar:</b> Algeciras - Huila, Colombia<br/>]]></description>
    <Point>
      <coordinates>-75.3509,2.4916,-22000</coordinates>
    </Point>
  </Placemark>
  <Placemark>
    <name>M1.3 - San Vicente del Caguán - Caquetá, Colombia</name>
    <description><![CDATA[<b>Magnitud:</b> 1.3 MLr_2<br/><b>Profundidad:</b> 75 km<br/><b>Hora local:</b> 2021-11-23T23:30:13+00:00<br/><b>Lugar:</b> San Vicente del Caguán - Caquetá, Colombia<br/>]]></description>
    <Point>
      <coordinates>-74.9463,2.7708,-75000</coordinates>
    </Point>
  </Placemark>
  <Placemark>
    <name>M1.2 - Hobo - Huila, Colombia</name>
    <description><![CDATA[<b>Magnitud:</b> 1.2 MLr_2<br/><b>Profundidad:</b> 37 km<br/><b>Hora local:</b> 2021-11-22T14:07:11+00:00<br/><b>Lugar:</b> Hobo - Huila, Colombia<br/>]]></description>
    <Point>
      <coordinates>-75.3808,2.5107,-37000</coordinates>
    </Point>
  </Placemark>
  <Placemark>
    <name>M2.4 - San Vicente del Caguán - Caquetá, Colombia</name>
    <description><![CDATA[<b>Magnitud:</b> 2.4 MLr_2<br/><b>Profundidad:</b> 35 km<br/><b>Hora local:</b> 2021-11-22T10:51:46+00:00<br/><b>Lugar:</b> San Vicente del Caguán - Caquetá, Colombia<br/>]]></description>
    <Point>
      <coordinates>-74.8524,2.8843,-35000</coordinates>
    </Point>
  </Placemark>
  <Placemark>
    <name>M1.4 - San Vicente del Caguán - Caquetá, Colombia</name>
    <description><![CDATA[<b>Magnitud:</b> 1.4 MLr_2<br/><b>Profundidad:</b> 22 km<br/><b>Hora local:</b> 2021-11-21T22:31:59+00:00<br/><b>Lugar:</b> San Vicente del Caguán - Caquetá, Colombia<br/>]]></description>
    <Point>
      <coordinates>-75.0043,2.7033,-22000</coordinates>
    </Point>
  </Placemark>
  <Placemark>
    <name>M1.7 - Uribe - Meta, Colombia</name>
    <description><![CDATA[<b>Magnitud:</b> 1.7 MLr_2<br/><b>Profundidad:</b> 33 km<br/><b>Hora local:</b> 2021-11-19T12:58:46+00:00<br/><b>Lugar:</b> Uribe - Meta, Colombia<br/>]]></description>
    <Point>
      <coordinates>-74.8706,2.9256,-33000</coordinates>
    </Point>
  </Placemark>
  <Placemark>
    <name>M1.1 - Santa María - Huila, Colombia</name>
    <description><![CDATA[<b>Magnitud:</b> 1.1 MLr_2<br/><b>Profundidad:</b> 19 km<br/><b>Hora local:</b> 2021-11-19T00:12:20+00:00<br/><b>Lugar:</b> Santa María - Huila, Colombia<br/>]]></description>
    <Point>
      <coordinates>-75.6369,2.8684,-19000</coordinates>
    </Point>
  </Placemark>
  <Placemark>
    <name>M1.4 - Santa María - Huila, Colombia</name>
    <description><![CDATA[<b>Magnitud:</b> 1.4 MLr_2<br/><b>Profundidad:</b> 16 km<br/><b>Hora local:</b> 2021-11-16T17:04:24+00:00<br/><b>Lugar:</b> Santa María - Huila, Colombia<br/>]]></description>
    <Point>
      <coordinates>-75.6327,2.8748,-16000</coordinates>
    </Point>
  </Placemark>
  <Placemark>
    <name>M1.9 - San Vicente del Caguán - Caquetá, Colombia</name>
    <description><![CDATA[<b>Magnitud:</b> 1.9 MLr_2<br/><b>Profundidad:</b> 0 km<br/><b>Hora local:</b> 2021-11-14T21:31:03+00:00<br/><b>Lugar:</b> San Vicente del Caguán - Caquetá, Colombia<br/>]]></description>
    <Point>
      <coordinates>-75.0393,2.6651,0</coordinates>
    </Point>
  </Placemark>
  <Placemark>
    <name>M2.3 - San Vicente del Caguán - Caquetá, Colombia</name>
    <description><![CDATA[<b>Magnitud:</b> 2.3 MLr_2<br/><b>Profundidad:</b> 19 km<br/><b>Hora local:</b> 2021-11-12T19:35:23+00:00<br/><b>Lugar:</b> San Vicente del Caguán - Caquetá, Colombia<br/>]]></description>
    <Point>
      <coordinates>-75.0533,2.7372,-19000</coordinates>
    </Point>
  </Placemark>
  <Placemark>
    <name>M1.3 - Campoalegre - Huila, Colombia</name>
    <description><![CDATA[<b>Magnitud:</b> 1.3 MLr_2<br/><b>Profundidad:</b> 25 km<br/><b>Hora local:</b> 2021-11-11T11:10:41+00:00<br/><b>Lugar:</b> Campoalegre - Huila, Colombia<br/>]]></description>
    <Point>
      <coordinates>-75.2213,2.6462,-25000</coordinates>
    </Point>
  </Placemark>
  <Placemark>
    <name>M0.9 - Yaguará - Huila, Colombia</name>
    <description><![CDATA[<b>Magnitud:</b> 0.9 MLr_2<br/><b>Profundidad:</b> 26 km<br/><b>Hora local:</b> 2021-11-11T03:15:17+00:00<br/><b>Lugar:</b> Yaguará - Huila, Colombia<br/>]]></description>
    <Point>
      <coordinates>-75.5703,2.5869,-26000</coordinates>
    </Point>
  </Placemark>
  <Placemark>
    <name>M1.4 - Campoalegre - Huila, Colombia</name>
    <description><![CDATA[<b>Magnitud:</b> 1.4 MLr_2<br/><b>Profundidad:</b> 27 km<br/><b>Hora local:</b> 2021-11-08T14:04:37+00:00<br/><b>Lugar:</b> Campoalegre - Huila, Colombia<br/>]]></description>
    <Point>
      <coordinates>-75.3786,2.5192,-27000</coordinates>
    </Point>
  </Placemark>
  <Placemark>
    <name>M1.9 - San Vicente del Caguán - Caquetá, Colombia</name>
    <description><![CDATA[<b>Magnitud:</b> 1.9 MLr_2<br/><b>Profundidad:</b> 20 km<br/><b>Hora local:</b> 2021-11-08T01:18:38+00:00<br/><b>Lugar:</b> San Vicente del Caguán - Caquetá, Colombia<br/>]]></description>
    <Point>
      <coordinates>-75.1065,2.6885,-20000</coordinates>
    </Point>
  </Placemark>
  <Placemark>
    <name>M1.3 - San Vicente del Caguán - Caquetá, Colombia</name>
    <description><![CDATA[<b>Magnitud:</b> 1.3 MLr_2<br/><b>Profundidad:</b> 4 km<br/><b>Hora local:</b> 2021-11-07T19:57:37+00:00<br/><b>Lugar:</b> San Vicente del Caguán - Caquetá, Colombia<br/>]]></description>
    <Point>
      <coordinates>-75.024,2.6923,-4000</coordinates>
    </Point>
  </Placemark>
  <Placemark>
    <name>M1.3 - Campoalegre - Huila, Colombia</name>
    <description><![CDATA[<b>Magnitud:</b> 1.3 MLr_2<br/><b>Profundidad:</b> 22 km<br/><b>Hora local:</b> 2021-11-06T23:37:10+00:00<br/><b>Lugar:</b> Campoalegre - Huila, Colombia<br/>]]></description>
    <Point>
      <coordinates>-75.3301,2.7562,-22000</coordinates>
    </Point>
  </Placemark>
  <Placemark>
    <name>M3.1 - San Vicente del Caguán - Caquetá, Colombia</name>
    <description><![CDATA[<b>Magnitud:</b> 3.1 MLr_2<br/><b>Profundidad:</b> 28 km<br/><b>Hora local:</b> 2021-11-03T21:48:09+00:00<br/><b>Lugar:</b> San Vicente del Caguán - Caquetá, Colombia<br/>]]></description>
    <Point>
      <coordinates>-75.0931,2.652,-28000</coordinates>
    </Point>
  </Placemark>
  <Placemark>
    <name>M1.3 - Neiva - Huila, Colombia</name>
    <description><![CDATA[<b>Magnitud:</b> 1.3 MLr_2<br/><b>Profundidad:</b> 25 km<br/><b>Hora local:</b> 2021-11-01T10:14:10+00:00<br/><b>Lugar:</b> Neiva - Huila, Colombia<br/>]]></description>
    <Point>
      <coordinates>-75.0993,2.8208,-25000</coordinates>
    </Point>
  </Placemark>
  <Placemark>
    <name>M1.5 - Algeciras - Huila, Colombia</name>
    <description><![CDATA[<b>Magnitud:</b> 1.5 MLr_2<br/><b>Profundidad:</b> 28 km<br/><b>Hora local:</b> 2021-10-30T03:21:22+00:00<br/><b>Lugar:</b> Algeciras - Huila, Colombia<br/>]]></description>
    <Point>
      <coordinates>-75.2702,2.5742,-28000</coordinates>
    </Point>
  </Placemark>
  <Placemark>
    <name>M1.3 - Campoalegre - Huila, Colombia</name>
    <description><![CDATA[<b>Magnitud:</b> 1.3 MLr_2<br/><b>Profundidad:</b> 32 km<br/><b>Hora local:</b> 2021-10-29T22:49:26+00:00<br/><b>Lugar:</b> Campoalegre - Huila, Colombia<br/>]]></description>
    <Point>
      <coordinates>-75.3746,2.6292,-32000</coordinates>
    </Point>
  </Placemark>
  <Placemark>
    <name>M1.5 - Algeciras - Huila, Colombia</name>
    <description><![CDATA[<b>Magnitud:</b> 1.5 MLr_2<br/><b>Profundidad:</b> 24 km<br/><b>Hora local:</b> 2021-10-29T00:15:41+00:00<br/><b>Lugar:</b> Algeciras - Huila, Colombia<br/>]]></description>
    <Point>
      <coordinates>-75.3127,2.5488,-24000</coordinates>
    </Point>
  </Placemark>
  <Placemark>
    <name>M1.4 - Villavieja - Huila, Colombia</name>
    <description><![CDATA[<b>Magnitud:</b> 1.4 MLr_2<br/><b>Profundidad:</b> 35 km<br/><b>Hora local:</b> 2021-10-26T04:21:55+00:00<br/><b>Lugar:</b> Villavieja - Huila, Colombia<br/>]]></description>
    <Point>
      <coordinates>-75.1257,3.2949,-35000</coordinates>
    </Point>
  </Placemark>
  <Placemark>
    <name>M1.8 - San Vicente del Caguán - Caquetá, Colombia</name>
    <description><![CDATA[<b>Magnitud:</b> 1.8 MLr_2<br/><b>Profundidad:</b> 32 km<br/><b>Hora local:</b> 2021-10-25T13:43:41+00:00<br/><b>Lugar:</b> San Vicente del Caguán - Caquetá, Colombia<br/>]]></description>
    <Point>
      <coordinates>-74.8748,2.9086,-32000</coordinates>
    </Point>
  </Placemark>
  <Placemark>
    <name>M2.0 - San Vicente del Caguán - Caquetá, Colombia</name>
    <description><![CDATA[<b>Magnitud:</b> 2.0 MLr_2<br/><b>Profundidad:</b> 33 km<br/><b>Hora local:</b> 2021-10-24T05:43:19+00:00<br/><b>Lugar:</b> San Vicente del Caguán - Caquetá, Colombia<br/>]]></description>
    <Point>
      <coordinates>-75.0555,2.7478,-33000</coordinates>
    </Point>
  </Placemark>
  <Placemark>
    <name>M1.4 - Algeciras - Huila, Colombia</name>
    <description><![CDATA[<b>Magnitud:</b> 1.4 MLr_2<br/><b>Profundidad:</b> 23 km<br/><b>Hora local:</b> 2021-10-20T12:56:39+00:00<br/><b>Lugar:</b> Algeciras - Huila, Colombia<br/>]]></description>
    <Point>
      <coordinates>-75.3456,2.5075,-23000</coordinates>
    </Point>
  </Placemark>
  <Placemark>
    <name>M1.3 - Baraya - Huila, Colombia</name>
    <description><![CDATA[<b>Magnitud:</b> 1.3 MLr_2<br/><b>Profundidad:</b> 5 km<br/><b>Hora local:</b> 2021-10-17T20:35:58+00:00<br/><b>Lugar:</b> Baraya - Huila, Colombia<br/>]]></description>
    <Point>
      <coordinates>-74.9331,3.0471,-5000</coordinates>
    </Point>
  </Placemark>
  <Placemark>
    <name>M2.1 - Algeciras - Huila, Colombia</name>
    <description><![CDATA[<b>Magnitud:</b> 2.1 MLr_2<br/><b>Profundidad:</b> 37 km<br/><b>Hora local:</b> 2021-10-13T02:17:09+00:00<br/><b>Lugar:</b> Algeciras - Huila, Colombia<br/>]]></description>
    <Point>
      <coordinates>-75.3679,2.4895,-37000</coordinates>
    </Point>
  </Placemark>
  <Placemark>
    <name>M1.1 - San Vicente del Caguán - Caquetá, Colombia</name>
    <description><![CDATA[<b>Magnitud:</b> 1.1 MLr_2<br/><b>Profundidad:</b> 16 km<br/><b>Hora local:</b> 2021-10-10T05:04:34+00:00<br/><b>Lugar:</b> San Vicente del Caguán - Caquetá, Colombia<br/>]]></description>
    <Point>
      <coordinates>-75.1256,2.6716,-16000</coordinates>
    </Point>
  </Placemark>
  <Placemark>
    <name>M1.1 - Hobo - Huila, Colombia</name>
    <description><![CDATA[<b>Magnitud:</b> 1.1 MLr_2<br/><b>Profundidad:</b> 24 km<br/><b>Hora local:</b> 2021-10-09T16:18:01+00:00<br/><b>Lugar:</b> Hobo - Huila, Colombia<br/>]]></description>
    <Point>
      <coordinates>-75.4553,2.5276,-24000</coordinates>
    </Point>
  </Placemark>
  <Placemark>
    <name>M2.1 - San Vicente del Caguán - Caquetá, Colombia</name>
    <description><![CDATA[<b>Magnitud:</b> 2.1 MLr_2<br/><b>Profundidad:</b> 33 km<br/><b>Hora local:</b> 2021-10-08T22:10:44+00:00<br/><b>Lugar:</b> San Vicente del Caguán - Caquetá, Colombia<br/>]]></description>
    <Point>
      <coordinates>-74.845,2.898,-33000</coordinates>
    </Point>
  </Placemark>
  <Placemark>
    <name>M1.3 - Uribe - Meta, Colombia</name>
    <description><![CDATA[<b>Magnitud:</b> 1.3 MLr_2<br/><b>Profundidad:</b> 31 km<br/><b>Hora local:</b> 2021-10-08T02:53:48+00:00<br/><b>Lugar:</b> Uribe - Meta, Colombia<br/>]]></description>
    <Point>
      <coordinates>-74.8685,2.9594,-31000</coordinates>
    </Point>
  </Placemark>
  <Placemark>
    <name>M1.4 - Hobo - Huila, Colombia</name>
    <description><![CDATA[<b>Magnitud:</b> 1.4 MLr_2<br/><b>Profundidad:</b> 29 km<br/><b>Hora local:</b> 2021-10-05T14:19:21+00:00<br/><b>Lugar:</b> Hobo - Huila, Colombia<br/>]]></description>
    <Point>
      <coordinates>-75.4438,2.6642,-29000</coordinates>
    </Point>
  </Placemark>
  <Placemark>
    <name>M1.4 - Villavieja - Huila, Colombia</name>
    <description><![CDATA[<b>Magnitud:</b> 1.4 MLr_2<br/><b>Profundidad:</b> 25 km<br/><b>Hora local:</b> 2021-10-04T19:39:34+00:00<br/><b>Lugar:</b> Villavieja - Huila, Colombia<br/>]]></description>
    <Point>
      <coordinates>-75.0575,3.2356,-25000</coordinates>
    </Point>
  </Placemark>
  <Placemark>
    <name>M1.3 - Algeciras - Huila, Colombia</name>
    <description><![CDATA[<b>Magnitud:</b> 1.3 MLr_2<br/><b>Profundidad:</b> 7 km<br/><b>Hora local:</b> 2021-10-02T03:41:55+00:00<br/><b>Lugar:</b> Algeciras - Huila, Colombia<br/>]]></description>
    <Point>
      <coordinates>-75.1443,2.592,-7000</coordinates>
    </Point>
  </Placemark>
  <Placemark>
    <name>M1.4 - San Vicente del Caguán - Caquetá, Colombia</name>
    <description><![CDATA[<b>Magnitud:</b> 1.4 MLr_2<br/><b>Profundidad:</b> 32 km<br/><b>Hora local:</b> 2021-09-29T09:39:55+00:00<br/><b>Lugar:</b> San Vicente del Caguán - Caquetá, Colombia<br/>]]></description>
    <Point>
      <coordinates>-75.0406,2.771,-32000</coordinates>
    </Point>
  </Placemark>
  <Placemark>
    <name>M1.1 - Baraya - Huila, Colombia</name>
    <description><![CDATA[<b>Magnitud:</b> 1.1 MLr_2<br/><b>Profundidad:</b> 0 km<br/><b>Hora local:</b> 2021-09-10T12:02:41+00:00<br/><b>Lugar:</b> Baraya - Huila, Colombia<br/>]]></description>
    <Point>
      <coordinates>-75.1343,3.1508,0</coordinates>
    </Point>
  </Placemark>
  <Placemark>
    <name>M1.3 - San Vicente del Caguán - Caquetá, Colombia</name>
    <description><![CDATA[<b>Magnitud:</b> 1.3 MLr_2<br/><b>Profundidad:</b> 5 km<br/><b>Hora local:</b> 2021-09-09T05:37:29+00:00<br/><b>Lugar:</b> San Vicente del Caguán - Caquetá, Colombia<br/>]]></description>
    <Point>
      <coordinates>-74.9928,2.7216,-5000</coordinates>
    </Point>
  </Placemark>
  <Placemark>
    <name>M1.8 - Tello - Huila, Colombia</name>
    <description><![CDATA[<b>Magnitud:</b> 1.8 MLr_2<br/><b>Profundidad:</b> 28 km<br/><b>Hora local:</b> 2021-09-08T17:00:55+00:00<br/><b>Lugar:</b> Tello - Huila, Colombia<br/>]]></description>
    <Point>
      <coordinates>-74.9153,2.9383,-28000</coordinates>
    </Point>
  </Placemark>
  <Placemark>
    <name>M1.9 - Uribe - Meta, Colombia</name>
    <description><![CDATA[<b>Magnitud:</b> 1.9 MLr_2<br/><b>Profundidad:</b> 20 km<br/><b>Hora local:</b> 2021-09-02T03:20:01+00:00<br/><b>Lugar:</b> Uribe - Meta, Colombia<br/>]]></description>
    <Point>
      <coordinates>-74.8791,2.9171,-20000</coordinates>
    </Point>
  </Placemark>
  <Placemark>
    <name>M1.9 - Santa María - Huila, Colombia</name>
    <description><![CDATA[<b>Magnitud:</b> 1.9 MLr_2<br/><b>Profundidad:</b> 121 km<br/><b>Hora local:</b> 2021-08-29T10:03:06+00:00<br/><b>Lugar:</b> Santa María - Huila, Colombia<br/>]]></description>
    <Point>
      <coordinates>-75.7156,2.961,-121000</coordinates>
    </Point>
  </Placemark>
  <Placemark>
    <name>M1.1 - Hobo - Huila, Colombia</name>
    <description><![CDATA[<b>Magnitud:</b> 1.1 MLr_2<br/><b>Profundidad:</b> 26 km<br/><b>Hora local:</b> 2021-08-25T02:55:05+00:00<br/><b>Lugar:</b> Hobo - Huila, Colombia<br/>]]></description>
    <Point>
      <coordinates>-75.4362,2.5424,-26000</coordinates>
    </Point>
  </Placemark>
  <Placemark>
    <name>M1.7 - Villavieja - Huila, Colombia</name>
    <description><![CDATA[<b>Magnitud:</b> 1.7 MLr_2<br/><b>Profundidad:</b> 40 km<br/><b>Hora local:</b> 2021-08-24T15:40:36+00:00<br/><b>Lugar:</b> Villavieja - Huila, Colombia<br/>]]></description>
    <Point>
      <coordinates>-75.1906,3.2579,-40000</coordinates>
    </Point>
  </Placemark>
  <Placemark>
    <name>M2.9 - Rivera - Huila, Colombia</name>
    <description><![CDATA[<b>Magnitud:</b> 2.9 MLr_2<br/><b>Profundidad:</b> 16 km<br/><b>Hora local:</b> 2021-08-21T19:35:00+00:00<br/><b>Lugar:</b> Rivera - Huila, Colombia<br/>]]></description>
    <Point>
      <coordinates>-75.0725,2.7689,-16000</coordinates>
    </Point>
  </Placemark>
  <Placemark>
    <name>M1.7 - San Vicente del Caguán - Caquetá, Colombia</name>
    <description><![CDATA[<b>Magnitud:</b> 1.7 MLr_2<br/><b>Profundidad:</b> 23 km<br/><b>Hora local:</b> 2021-08-21T14:06:40+00:00<br/><b>Lugar:</b> San Vicente del Caguán - Caquetá, Colombia<br/>]]></description>
    <Point>
      <coordinates>-74.8833,2.934,-23000</coordinates>
    </Point>
  </Placemark>
  <Placemark>
    <name>M1.6 - Rivera - Huila, Colombia</name>
    <description><![CDATA[<b>Magnitud:</b> 1.6 MLr_2<br/><b>Profundidad:</b> 37 km<br/><b>Hora local:</b> 2021-08-18T14:31:02+00:00<br/><b>Lugar:</b> Rivera - Huila, Colombia<br/>]]></description>
    <Point>
      <coordinates>-75.0917,2.7478,-37000</coordinates>
    </Point>
  </Placemark>
  <Placemark>
    <name>M1.4 - San Vicente del Caguán - Caquetá, Colombia</name>
    <description><![CDATA[<b>Magnitud:</b> 1.4 MLr_2<br/><b>Profundidad:</b> 15 km<br/><b>Hora local:</b> 2021-08-18T13:22:14+00:00<br/><b>Lugar:</b> San Vicente del Caguán - Caquetá, Colombia<br/>]]></description>
    <Point>
      <coordinates>-75.057,2.6681,-15000</coordinates>
    </Point>
  </Placemark>
  <Placemark>
    <name>M2.4 - San Vicente del Caguán - Caquetá, Colombia</name>
    <description><![CDATA[<b>Magnitud:</b> 2.4 MLr_2<br/><b>Profundidad:</b> 23 km<br/><b>Hora local:</b> 2021-08-16T19:24:31+00:00<br/><b>Lugar:</b> San Vicente del Caguán - Caquetá, Colombia<br/>]]></description>
    <Point>
      <coordinates>-74.8939,2.8684,-23000</coordinates>
    </Point>
  </Placemark>
  <Placemark>
    <name>M1.7 - Campoalegre - Huila, Colombia</name>
    <description><![CDATA[<b>Magnitud:</b> 1.7 MLr_2<br/><b>Profundidad:</b> 34 km<br/><b>Hora local:</b> 2021-08-11T16:25:55+00:00<br/><b>Lugar:</b> Campoalegre - Huila, Colombia<br/>]]></description>
    <Point>
      <coordinates>-75.4258,2.7054,-34000</coordinates>
    </Point>
  </Placemark>
  <Placemark>
    <name>M1.8 - Campoalegre - Huila, Colombia</name>
    <description><![CDATA[<b>Magnitud:</b> 1.8 M_MLr<br/><b>Profundidad:</b> 22 km<br/><b>Hora local:</b> 2021-08-11T00:29:38+00:00<br/><b>Lugar:</b> Campoalegre - Huila, Colombia<br/>]]></description>
    <Point>
      <coordinates>-75.3293,2.7265,-22000</coordinates>
    </Point>
  </Placemark>
  <Placemark>
    <name>M1.5 - San Vicente del Caguán - Caquetá, Colombia</name>
    <description><![CDATA[<b>Magnitud:</b> 1.5 MLr_2<br/><b>Profundidad:</b> 34 km<br/><b>Hora local:</b> 2021-08-10T04:36:01+00:00<br/><b>Lugar:</b> San Vicente del Caguán - Caquetá, Colombia<br/>]]></description>
    <Point>
      <coordinates>-75.0512,2.7393,-34000</coordinates>
    </Point>
  </Placemark>
  <Placemark>
    <name>M1.7 - Algeciras - Huila, Colombia</name>
    <description><![CDATA[<b>Magnitud:</b> 1.7 MLr_2<br/><b>Profundidad:</b> 22 km<br/><b>Hora local:</b> 2021-08-07T11:31:51+00:00<br/><b>Lugar:</b> Algeciras - Huila, Colombia<br/>]]></description>
    <Point>
      <coordinates>-75.2793,2.5251,-22000</coordinates>
    </Point>
  </Placemark>
  <Placemark>
    <name>M1.3 - Rivera - Huila, Colombia</name>
    <description><![CDATA[<b>Magnitud:</b> 1.3 MLr_2<br/><b>Profundidad:</b> 27 km<br/><b>Hora local:</b> 2021-08-06T01:41:10+00:00<br/><b>Lugar:</b> Rivera - Huila, Colombia<br/>]]></description>
    <Point>
      <coordinates>-75.1598,2.7499,-27000</coordinates>
    </Point>
  </Placemark>
  <Placemark>
    <name>M1.4 - Algeciras - Huila, Colombia</name>
    <description><![CDATA[<b>Magnitud:</b> 1.4 MLr_2<br/><b>Profundidad:</b> 4 km<br/><b>Hora local:</b> 2021-08-03T23:09:20+00:00<br/><b>Lugar:</b> Algeciras - Huila, Colombia<br/>]]></description>
    <Point>
      <coordinates>-75.2443,2.5356,-4000</coordinates>
    </Point>
  </Placemark>
  <Placemark>
    <name>M1.6 - San Vicente del Caguán - Caquetá, Colombia</name>
    <description><![CDATA[<b>Magnitud:</b> 1.6 MLr_2<br/><b>Profundidad:</b> 29 km<br/><b>Hora local:</b> 2021-08-03T08:02:15+00:00<br/><b>Lugar:</b> San Vicente del Caguán - Caquetá, Colombia<br/>]]></description>
    <Point>
      <coordinates>-74.8993,2.9139,-29000</coordinates>
    </Point>
  </Placemark>
  <Placemark>
    <name>M1.6 - Campoalegre - Huila, Colombia</name>
    <description><![CDATA[<b>Magnitud:</b> 1.6 MLr_2<br/><b>Profundidad:</b> 30 km<br/><b>Hora local:</b> 2021-07-30T02:04:53+00:00<br/><b>Lugar:</b> Campoalegre - Huila, Colombia<br/>]]></description>
    <Point>
      <coordinates>-75.2554,2.6271,-30000</coordinates>
    </Point>
  </Placemark>
  <Placemark>
    <name>M1.7 - Rivera - Huila, Colombia</name>
    <description><![CDATA[<b>Magnitud:</b> 1.7 MLr_2<br/><b>Profundidad:</b> 29 km<br/><b>Hora local:</b> 2021-07-26T04:32:33+00:00<br/><b>Lugar:</b> Rivera - Huila, Colombia<br/>]]></description>
    <Point>
      <coordinates>-75.0491,2.771,-29000</coordinates>
    </Point>
  </Placemark>
  <Placemark>
    <name>M3.6 - Rivera - Huila, Colombia</name>
    <description><![CDATA[<b>Magnitud:</b> 3.6 MLr_2<br/><b>Profundidad:</b> 32 km<br/><b>Hora local:</b> 2021-07-25T22:11:25+00:00<br/><b>Lugar:</b> Rivera - Huila, Colombia<br/>]]></description>
    <Point>
      <coordinates>-75.2002,2.7033,-32000</coordinates>
    </Point>
  </Placemark>
  <Placemark>
    <name>M1.7 - Uribe - Meta, Colombia</name>
    <description><![CDATA[<b>Magnitud:</b> 1.7 MLr_2<br/><b>Profundidad:</b> 30 km<br/><b>Hora local:</b> 2021-07-25T08:39:07+00:00<br/><b>Lugar:</b> Uribe - Meta, Colombia<br/>]]></description>
    <Point>
      <coordinates>-74.8493,2.9552,-30000</coordinates>
    </Point>
  </Placemark>
  <Placemark>
    <name>M2.1 - San Vicente del Caguán - Caquetá, Colombia</name>
    <description><![CDATA[<b>Magnitud:</b> 2.1 MLr_2<br/><b>Profundidad:</b> 29 km<br/><b>Hora local:</b> 2021-07-22T13:12:53+00:00<br/><b>Lugar:</b> San Vicente del Caguán - Caquetá, Colombia<br/>]]></description>
    <Point>
      <coordinates>-75.0534,2.7541,-29000</coordinates>
    </Point>
  </Placemark>
  <Placemark>
    <name>M1.3 - San Vicente del Caguán - Caquetá, Colombia</name>
    <description><![CDATA[<b>Magnitud:</b> 1.3 MLr_2<br/><b>Profundidad:</b> 18 km<br/><b>Hora local:</b> 2021-07-21T01:52:42+00:00<br/><b>Lugar:</b> San Vicente del Caguán - Caquetá, Colombia<br/>]]></description>
    <Point>
      <coordinates>-75.0,2.737,-18000</coordinates>
    </Point>
  </Placemark>
  <Placemark>
    <name>M1.4 - Hobo - Huila, Colombia</name>
    <description><![CDATA[<b>Magnitud:</b> 1.4 MLr_2<br/><b>Profundidad:</b> 25 km<br/><b>Hora local:</b> 2021-07-18T04:08:53+00:00<br/><b>Lugar:</b> Hobo - Huila, Colombia<br/>]]></description>
    <Point>
      <coordinates>-75.468,2.5213,-25000</coordinates>
    </Point>
  </Placemark>
  <Placemark>
    <name>M1.3 - Rivera - Huila, Colombia</name>
    <description><![CDATA[<b>Magnitud:</b> 1.3 MLr_2<br/><b>Profundidad:</b> 16 km<br/><b>Hora local:</b> 2021-07-16T18:31:02+00:00<br/><b>Lugar:</b> Rivera - Huila, Colombia<br/>]]></description>
    <Point>
      <coordinates>-75.1023,2.7541,-16000</coordinates>
    </Point>
  </Placemark>
  <Placemark>
    <name>M1.4 - Baraya - Huila, Colombia</name>
    <description><![CDATA[<b>Magnitud:</b> 1.4 MLr_2<br/><b>Profundidad:</b> 30 km<br/><b>Hora local:</b> 2021-07-12T01:59:35+00:00<br/><b>Lugar:</b> Baraya - Huila, Colombia<br/>]]></description>
    <Point>
      <coordinates>-74.908,3.024,-30000</coordinates>
    </Point>
  </Placemark>
  <Placemark>
    <name>M1.3 - Neiva - Huila, Colombia</name>
    <description><![CDATA[<b>Magnitud:</b> 1.3 MLr_2<br/><b>Profundidad:</b> 31 km<br/><b>Hora local:</b> 2021-07-11T13:01:26+00:00<br/><b>Lugar:</b> Neiva - Huila, Colombia<br/>]]></description>
    <Point>
      <coordinates>-75.3628,3.0921,-31000</coordinates>
    </Point>
  </Placemark>
  <Placemark>
    <name>M1.7 - Teruel - Huila, Colombia</name>
    <description><![CDATA[<b>Magnitud:</b> 1.7 MLr_2<br/><b>Profundidad:</b> 104 km<br/><b>Hora local:</b> 2021-07-10T13:28:31+00:00<br/><b>Lugar:</b> Teruel - Huila, Colombia<br/>]]></description>
    <Point>
      <coordinates>-75.5756,2.7571,-104000</coordinates>
    </Point>
  </Placemark>
  <Placemark>
    <name>M1.3 - Aipe - Huila, Colombia</name>
    <description><![CDATA[<b>Magnitud:</b> 1.3 MLr_2<br/><b>Profundidad:</b> 24 km<br/><b>Hora local:</b> 2021-07-06T13:31:17+00:00<br/><b>Lugar:</b> Aipe - Huila, Colombia<br/>]]></description>
    <Point>
      <coordinates>-75.2693,3.2285,-24000</coordinates>
    </Point>
  </Placemark>
  <Placemark>
    <name>M2.1 - San Vicente del Caguán - Caquetá, Colombia</name>
    <description><![CDATA[<b>Magnitud:</b> 2.1 MLr_2<br/><b>Profundidad:</b> 35 km<br/><b>Hora local:</b> 2021-06-30T09:06:56+00:00<br/><b>Lugar:</b> San Vicente del Caguán - Caquetá, Colombia<br/>]]></description>
    <Point>
      <coordinates>-75.0448,2.7478,-35000</coordinates>
    </Point>
  </Placemark>
  <Placemark>
    <name>M1.9 - Algeciras - Huila, Colombia</name>
    <description><![CDATA[<b>Magnitud:</b> 1.9 MLr_2<br/><b>Profundidad:</b> 30 km<br/><b>Hora local:</b> 2021-06-29T12:41:39+00:00<br/><b>Lugar:</b> Algeciras - Huila, Colombia<br/>]]></description>
    <Point>
      <coordinates>-75.351,2.5192,-30000</coordinates>
    </Point>
  </Placemark>
  <Placemark>
    <name>M1.2 - Íquira - Huila, Colombia</name>
    <description><![CDATA[<b>Magnitud:</b> 1.2 MLr_2<br/><b>Profundidad:</b> 19 km<br/><b>Hora local:</b> 2021-06-27T02:54:11+00:00<br/><b>Lugar:</b> Íquira - Huila, Colombia<br/>]]></description>
    <Point>
      <coordinates>-75.6237,2.644,-19000</coordinates>
    </Point>
  </Placemark>
  <Placemark>
    <name>M1.4 - Algeciras - Huila, Colombia</name>
    <description><![CDATA[<b>Magnitud:</b> 1.4 MLr_2<br/><b>Profundidad:</b> 36 km<br/><b>Hora local:</b> 2021-06-24T10:58:05+00:00<br/><b>Lugar:</b> Algeciras - Huila, Colombia<br/>]]></description>
    <Point>
      <coordinates>-75.3446,2.5192,-36000</coordinates>
    </Point>
  </Placemark>
  <Placemark>
    <name>M1.6 - Yaguará - Huila, Colombia</name>
    <description><![CDATA[<b>Magnitud:</b> 1.6 MLr_2<br/><b>Profundidad:</b> 25 km<br/><b>Hora local:</b> 2021-06-17T10:44:07+00:00<br/><b>Lugar:</b> Yaguará - Huila, Colombia<br/>]]></description>
    <Point>
      <coordinates>-75.5213,2.5678,-25000</coordinates>
    </Point>
  </Placemark>
  <Placemark>
    <name>M1.3 - San Vicente del Caguán - Caquetá, Colombia</name>
    <description><![CDATA[<b>Magnitud:</b> 1.3 MLr_2<br/><b>Profundidad:</b> 25 km<br/><b>Hora local:</b> 2021-06-07T20:10:57+00:00<br/><b>Lugar:</b> San Vicente del Caguán - Caquetá, Colombia<br/>]]></description>
    <Point>
      <coordinates>-74.8897,2.898,-25000</coordinates>
    </Point>
  </Placemark>
  <Placemark>
    <name>M1.7 - San Vicente del Caguán - Caquetá, Colombia</name>
    <description><![CDATA[<b>Magnitud:</b> 1.7 MLr_2<br/><b>Profundidad:</b> 28 km<br/><b>Hora local:</b> 2021-06-06T19:53:23+00:00<br/><b>Lugar:</b> San Vicente del Caguán - Caquetá, Colombia<br/>]]></description>
    <Point>
      <coordinates>-75.0788,2.6991,-28000</coordinates>
    </Point>
  </Placemark>
  <Placemark>
    <name>M1.4 - Teruel - Huila, Colombia</name>
    <description><![CDATA[<b>Magnitud:</b> 1.4 MLr_2<br/><b>Profundidad:</b> 40 km<br/><b>Hora local:</b> 2021-06-02T11:40:39+00:00<br/><b>Lugar:</b> Teruel - Huila, Colombia<br/>]]></description>
    <Point>
      <coordinates>-75.5684,2.6821,-40000</coordinates>
    </Point>
  </Placemark>
  <Placemark>
    <name>M1.9 - Hobo - Huila, Colombia</name>
    <description><![CDATA[<b>Magnitud:</b> 1.9 MLr_2<br/><b>Profundidad:</b> 27 km<br/><b>Hora local:</b> 2021-05-26T07:18:29+00:00<br/><b>Lugar:</b> Hobo - Huila, Colombia<br/>]]></description>
    <Point>
      <coordinates>-75.4554,2.6144,-27000</coordinates>
    </Point>
  </Placemark>
  <Placemark>
    <name>M2.4 - San Vicente del Caguán - Caquetá, Colombia</name>
    <description><![CDATA[<b>Magnitud:</b> 2.4 MLr_2<br/><b>Profundidad:</b> 28 km<br/><b>Hora local:</b> 2021-05-23T20:36:33+00:00<br/><b>Lugar:</b> San Vicente del Caguán - Caquetá, Colombia<br/>]]></description>
    <Point>
      <coordinates>-75.0862,2.6726,-28000</coordinates>
    </Point>
  </Placemark>
  <Placemark>
    <name>M1.4 - Campoalegre - Huila, Colombia</name>
    <description><![CDATA[<b>Magnitud:</b> 1.4 MLr_2<br/><b>Profundidad:</b> 28 km<br/><b>Hora local:</b> 2021-05-15T00:40:31+00:00<br/><b>Lugar:</b> Campoalegre - Huila, Colombia<br/>]]></description>
    <Point>
      <coordinates>-75.3306,2.5658,-28000</coordinates>
    </Point>
  </Placemark>
  <Placemark>
    <name>M1.8 - San Vicente del Caguán - Caquetá, Colombia</name>
    <description><![CDATA[<b>Magnitud:</b> 1.8 MLr_2<br/><b>Profundidad:</b> 36 km<br/><b>Hora local:</b> 2021-05-14T21:39:47+00:00<br/><b>Lugar:</b> San Vicente del Caguán - Caquetá, Colombia<br/>]]></description>
    <Point>
      <coordinates>-75.1022,2.6673,-36000</coordinates>
    </Point>
  </Placemark>
  <Placemark>
    <name>M1.6 - San Vicente del Caguán - Caquetá, Colombia</name>
    <description><![CDATA[<b>Magnitud:</b> 1.6 MLr_2<br/><b>Profundidad:</b> 14 km<br/><b>Hora local:</b> 2021-05-14T17:01:58+00:00<br/><b>Lugar:</b> San Vicente del Caguán - Caquetá, Colombia<br/>]]></description>
    <Point>
      <coordinates>-75.0635,2.6848,-14000</coordinates>
    </Point>
  </Placemark>
  <Placemark>
    <name>M2.2 - Campoalegre - Huila, Colombia</name>
    <description><![CDATA[<b>Magnitud:</b> 2.2 MLr_2<br/><b>Profundidad:</b> 11 km<br/><b>Hora local:</b> 2021-05-14T15:23:45+00:00<br/><b>Lugar:</b> Campoalegre - Huila, Colombia<br/>]]></description>
    <Point>
      <coordinates>-75.2706,2.6806,-11000</coordinates>
    </Point>
  </Placemark>
  <Placemark>
    <name>M1.7 - San Vicente del Caguán - Caquetá, Colombia</name>
    <description><![CDATA[<b>Magnitud:</b> 1.7 MLr_2<br/><b>Profundidad:</b> 17 km<br/><b>Hora local:</b> 2021-05-13T14:41:57+00:00<br/><b>Lugar:</b> San Vicente del Caguán - Caquetá, Colombia<br/>]]></description>
    <Point>
      <coordinates>-75.096,2.6988,-17000</coordinates>
    </Point>
  </Placemark>
  <Placemark>
    <name>M1.2 - Algeciras - Huila, Colombia</name>
    <description><![CDATA[<b>Magnitud:</b> 1.2 MLr_2<br/><b>Profundidad:</b> 33 km<br/><b>Hora local:</b> 2021-05-11T22:58:59+00:00<br/><b>Lugar:</b> Algeciras - Huila, Colombia<br/>]]></description>
    <Point>
      <coordinates>-75.2638,2.5742,-33000</coordinates>
    </Point>
  </Placemark>
  <Placemark>
    <name>M1.2 - Teruel - Huila, Colombia</name>
    <description><![CDATA[<b>Magnitud:</b> 1.2 MLr_2<br/><b>Profundidad:</b> 0 km<br/><b>Hora local:</b> 2021-05-07T09:07:08+00:00<br/><b>Lugar:</b> Teruel - Huila, Colombia<br/>]]></description>
    <Point>
      <coordinates>-75.5195,2.7926,0</coordinates>
    </Point>
  </Placemark>
  <Placemark>
    <name>M1.3 - Baraya - Huila, Colombia</name>
    <description><![CDATA[<b>Magnitud:</b> 1.3 MLr_2<br/><b>Profundidad:</b> 43 km<br/><b>Hora local:</b> 2021-04-24T19:35:36+00:00<br/><b>Lugar:</b> Baraya - Huila, Colombia<br/>]]></description>
    <Point>
      <coordinates>-74.877,2.9912,-43000</coordinates>
    </Point>
  </Placemark>
  <Placemark>
    <name>M1.4 - San Vicente del Caguán - Caquetá, Colombia</name>
    <description><![CDATA[<b>Magnitud:</b> 1.4 MLr_2<br/><b>Profundidad:</b> 7 km<br/><b>Hora local:</b> 2021-04-24T08:12:21+00:00<br/><b>Lugar:</b> San Vicente del Caguán - Caquetá, Colombia<br/>]]></description>
    <Point>
      <coordinates>-75.0185,2.6935,-7000</coordinates>
    </Point>
  </Placemark>
  <Placemark>
    <name>M1.7 - Algeciras - Huila, Colombia</name>
    <description><![CDATA[<b>Magnitud:</b> 1.7 MLr_2<br/><b>Profundidad:</b> 31 km<br/><b>Hora local:</b> 2021-04-24T00:33:07+00:00<br/><b>Lugar:</b> Algeciras - Huila, Colombia<br/>]]></description>
    <Point>
      <coordinates>-75.2913,2.4916,-31000</coordinates>
    </Point>
  </Placemark>
  <Placemark>
    <name>M1.2 - Neiva - Huila, Colombia</name>
    <description><![CDATA[<b>Magnitud:</b> 1.2 MLr_2<br/><b>Profundidad:</b> 26 km<br/><b>Hora local:</b> 2021-04-22T15:26:13+00:00<br/><b>Lugar:</b> Neiva - Huila, Colombia<br/>]]></description>
    <Point>
      <coordinates>-75.4662,3.1721,-26000</coordinates>
    </Point>
  </Placemark>
  <Placemark>
    <name>M2.7 - San Vicente del Caguán - Caquetá, Colombia</name>
    <description><![CDATA[<b>Magnitud:</b> 2.7 MLr_2<br/><b>Profundidad:</b> 30 km<br/><b>Hora local:</b> 2021-04-20T16:20:21+00:00<br/><b>Lugar:</b> San Vicente del Caguán - Caquetá, Colombia<br/>]]></description>
    <Point>
      <coordinates>-75.0682,2.7202,-30000</coordinates>
    </Point>
  </Placemark>
  <Placemark>
    <name>M1.4 - Uribe - Meta, Colombia</name>
    <description><![CDATA[<b>Magnitud:</b> 1.4 MLr_2<br/><b>Profundidad:</b> 21 km<br/><b>Hora local:</b> 2021-04-19T09:46:31+00:00<br/><b>Lugar:</b> Uribe - Meta, Colombia<br/>]]></description>
    <Point>
      <coordinates>-74.8737,2.9181,-21000</coordinates>
    </Point>
  </Placemark>
  <Placemark>
    <name>M2.1 - San Vicente del Caguán - Caquetá, Colombia</name>
    <description><![CDATA[<b>Magnitud:</b> 2.1 MLr_2<br/><b>Profundidad:</b> 32 km<br/><b>Hora local:</b> 2021-04-19T03:28:22+00:00<br/><b>Lugar:</b> San Vicente del Caguán - Caquetá, Colombia<br/>]]></description>
    <Point>
      <coordinates>-74.9503,2.8674,-32000</coordinates>
    </Point>
  </Placemark>
  <Placemark>
    <name>M1.7 - Rivera - Huila, Colombia</name>
    <description><![CDATA[<b>Magnitud:</b> 1.7 MLr_2<br/><b>Profundidad:</b> 29 km<br/><b>Hora local:</b> 2021-04-11T07:35:51+00:00<br/><b>Lugar:</b> Rivera - Huila, Colombia<br/>]]></description>
    <Point>
      <coordinates>-75.0895,2.752,-29000</coordinates>
    </Point>
  </Placemark>
  <Placemark>
    <name>M1.6 - San Vicente del Caguán - Caquetá, Colombia</name>
    <description><![CDATA[<b>Magnitud:</b> 1.6 MLr_2<br/><b>Profundidad:</b> 35 km<br/><b>Hora local:</b> 2021-04-10T21:57:08+00:00<br/><b>Lugar:</b> San Vicente del Caguán - Caquetá, Colombia<br/>]]></description>
    <Point>
      <coordinates>-74.8588,2.8779,-35000</coordinates>
    </Point>
  </Placemark>
  <Placemark>
    <name>M1.6 - Campoalegre - Huila, Colombia</name>
    <description><![CDATA[<b>Magnitud:</b> 1.6 MLr_2<br/><b>Profundidad:</b> 32 km<br/><b>Hora local:</b> 2021-04-06T15:14:15+00:00<br/><b>Lugar:</b> Campoalegre - Huila, Colombia<br/>]]></description>
    <Point>
      <coordinates>-75.3873,2.6059,-32000</coordinates>
    </Point>
  </Placemark>
  <Placemark>
    <name>M1.5 - Campoalegre - Huila, Colombia</name>
    <description><![CDATA[<b>Magnitud:</b> 1.5 MLr_2<br/><b>Profundidad:</b> 36 km<br/><b>Hora local:</b> 2021-04-06T15:14:05+00:00<br/><b>Lugar:</b> Campoalegre - Huila, Colombia<br/>]]></description>
    <Point>
      <coordinates>-75.3406,2.6504,-36000</coordinates>
    </Point>
  </Placemark>
  <Placemark>
    <name>M1.6 - Algeciras - Huila, Colombia</name>
    <description><![CDATA[<b>Magnitud:</b> 1.6 MLr_2<br/><b>Profundidad:</b> 28 km<br/><b>Hora local:</b> 2021-04-02T13:48:55+00:00<br/><b>Lugar:</b> Algeciras - Huila, Colombia<br/>]]></description>
    <Point>
      <coordinates>-75.1724,2.625,-28000</coordinates>
    </Point>
  </Placemark>
  <Placemark>
    <name>M1.4 - Campoalegre - Huila, Colombia</name>
    <description><![CDATA[<b>Magnitud:</b> 1.4 MLr_2<br/><b>Profundidad:</b> 32 km<br/><b>Hora local:</b> 2021-04-02T02:58:20+00:00<br/><b>Lugar:</b> Campoalegre - Huila, Colombia<br/>]]></description>
    <Point>
      <coordinates>-75.3829,2.5403,-32000</coordinates>
    </Point>
  </Placemark>
  <Placemark>
    <name>M1.9 - Baraya - Huila, Colombia</name>
    <description><![CDATA[<b>Magnitud:</b> 1.9 MLr_2<br/><b>Profundidad:</b> 25 km<br/><b>Hora local:</b> 2021-03-31T09:35:00+00:00<br/><b>Lugar:</b> Baraya - Huila, Colombia<br/>]]></description>
    <Point>
      <coordinates>-74.8515,3.0039,-25000</coordinates>
    </Point>
  </Placemark>
  <Placemark>
    <name>M1.3 - Teruel - Huila, Colombia</name>
    <description><![CDATA[<b>Magnitud:</b> 1.3 MLr_2<br/><b>Profundidad:</b> 32 km<br/><b>Hora local:</b> 2021-03-30T21:35:00+00:00<br/><b>Lugar:</b> Teruel - Huila, Colombia<br/>]]></description>
    <Point>
      <coordinates>-75.5196,2.7541,-32000</coordinates>
    </Point>
  </Placemark>
  <Placemark>
    <name>M1.6 - Hobo - Huila, Colombia</name>
    <description><![CDATA[<b>Magnitud:</b> 1.6 MLr_2<br/><b>Profundidad:</b> 24 km<br/><b>Hora local:</b> 2021-03-24T03:29:32+00:00<br/><b>Lugar:</b> Hobo - Huila, Colombia<br/>]]></description>
    <Point>
      <coordinates>-75.4011,2.5518,-24000</coordinates>
    </Point>
  </Placemark>
  <Placemark>
    <name>M1.4 - Algeciras - Huila, Colombia</name>
    <description><![CDATA[<b>Magnitud:</b> 1.4 MLr_2<br/><b>Profundidad:</b> 29 km<br/><b>Hora local:</b> 2021-03-21T13:25:58+00:00<br/><b>Lugar:</b> Algeciras - Huila, Colombia<br/>]]></description>
    <Point>
      <coordinates>-75.3425,2.5213,-29000</coordinates>
    </Point>
  </Placemark>
  <Placemark>
    <name>M1.3 - Algeciras - Huila, Colombia</name>
    <description><![CDATA[<b>Magnitud:</b> 1.3 MLr_2<br/><b>Profundidad:</b> 30 km<br/><b>Hora local:</b> 2021-03-18T20:10:49+00:00<br/><b>Lugar:</b> Algeciras - Huila, Colombia<br/>]]></description>
    <Point>
      <coordinates>-75.3786,2.4938,-30000</coordinates>
    </Point>
  </Placemark>
  <Placemark>
    <name>M1.7 - San Vicente del Caguán - Caquetá, Colombia</name>
    <description><![CDATA[<b>Magnitud:</b> 1.7 MLr_2<br/><b>Profundidad:</b> 41 km<br/><b>Hora local:</b> 2021-03-16T14:32:21+00:00<br/><b>Lugar:</b> San Vicente del Caguán - Caquetá, Colombia<br/>]]></description>
    <Point>
      <coordinates>-74.8737,2.897,-41000</coordinates>
    </Point>
  </Placemark>
  <Placemark>
    <name>M1.7 - Hobo - Huila, Colombia</name>
    <description><![CDATA[<b>Magnitud:</b> 1.7 MLr_2<br/><b>Profundidad:</b> 31 km<br/><b>Hora local:</b> 2021-03-16T04:52:41+00:00<br/><b>Lugar:</b> Hobo - Huila, Colombia<br/>]]></description>
    <Point>
      <coordinates>-75.3995,2.5694,-31000</coordinates>
    </Point>
  </Placemark>
  <Placemark>
    <name>M1.5 - Campoalegre - Huila, Colombia</name>
    <description><![CDATA[<b>Magnitud:</b> 1.5 MLr_2<br/><b>Profundidad:</b> 36 km<br/><b>Hora local:</b> 2021-03-11T11:06:48+00:00<br/><b>Lugar:</b> Campoalegre - Huila, Colombia<br/>]]></description>
    <Point>
      <coordinates>-75.3968,2.5795,-36000</coordinates>
    </Point>
  </Placemark>
  <Placemark>
    <name>M1.1 - Neiva - Huila, Colombia</name>
    <description><![CDATA[<b>Magnitud:</b> 1.1 MLr_2<br/><b>Profundidad:</b> 20 km<br/><b>Hora local:</b> 2021-03-10T16:21:45+00:00<br/><b>Lugar:</b> Neiva - Huila, Colombia<br/>]]></description>
    <Point>
      <coordinates>-75.1183,2.9586,-20000</coordinates>
    </Point>
  </Placemark>
  <Placemark>
    <name>M1.6 - Algeciras - Huila, Colombia</name>
    <description><![CDATA[<b>Magnitud:</b> 1.6 MLr_2<br/><b>Profundidad:</b> 23 km<br/><b>Hora local:</b> 2021-03-09T09:23:10+00:00<br/><b>Lugar:</b> Algeciras - Huila, Colombia<br/>]]></description>
    <Point>
      <coordinates>-75.3698,2.5003,-23000</coordinates>
    </Point>
  </Placemark>
  <Placemark>
    <name>M1.8 - San Vicente del Caguán - Caquetá, Colombia</name>
    <description><![CDATA[<b>Magnitud:</b> 1.8 MLr_2<br/><b>Profundidad:</b> 33 km<br/><b>Hora local:</b> 2021-03-08T01:53:03+00:00<br/><b>Lugar:</b> San Vicente del Caguán - Caquetá, Colombia<br/>]]></description>
    <Point>
      <coordinates>-75.0724,2.6843,-33000</coordinates>
    </Point>
  </Placemark>
  <Placemark>
    <name>M1.9 - San Vicente del Caguán - Caquetá, Colombia</name>
    <description><![CDATA[<b>Magnitud:</b> 1.9 MLr_2<br/><b>Profundidad:</b> 38 km<br/><b>Hora local:</b> 2021-03-06T03:14:46+00:00<br/><b>Lugar:</b> San Vicente del Caguán - Caquetá, Colombia<br/>]]></description>
    <Point>
      <coordinates>-75.0682,2.7329,-38000</coordinates>
    </Point>
  </Placemark>
  <Placemark>
    <name>M1.6 - Íquira - Huila, Colombia</name>
    <description><![CDATA[<b>Magnitud:</b> 1.6 MLr_2<br/><b>Profundidad:</b> 15 km<br/><b>Hora local:</b> 2021-03-03T19:56:34+00:00<br/><b>Lugar:</b> Íquira - Huila, Colombia<br/>]]></description>
    <Point>
      <coordinates>-75.6894,2.7462,-15000</coordinates>
    </Point>
  </Placemark>
  <Placemark>
    <name>M1.3 - Baraya - Huila, Colombia</name>
    <description><![CDATA[<b>Magnitud:</b> 1.3 MLr_2<br/><b>Profundidad:</b> 29 km<br/><b>Hora local:</b> 2021-03-02T01:09:35+00:00<br/><b>Lugar:</b> Baraya - Huila, Colombia<br/>]]></description>
    <Point>
      <coordinates>-74.8794,3.097,-29000</coordinates>
    </Point>
  </Placemark>
  <Placemark>
    <name>M1.8 - Villavieja - Huila, Colombia</name>
    <description><![CDATA[<b>Magnitud:</b> 1.8 MLr_2<br/><b>Profundidad:</b> 35 km<br/><b>Hora local:</b> 2021-02-28T08:43:21+00:00<br/><b>Lugar:</b> Villavieja - Huila, Colombia<br/>]]></description>
    <Point>
      <coordinates>-75.1204,3.2769,-35000</coordinates>
    </Point>
  </Placemark>
  <Placemark>
    <name>M1.3 - Íquira - Huila, Colombia</name>
    <description><![CDATA[<b>Magnitud:</b> 1.3 MLr_2<br/><b>Profundidad:</b> 15 km<br/><b>Hora local:</b> 2021-02-23T13:54:43+00:00<br/><b>Lugar:</b> Íquira - Huila, Colombia<br/>]]></description>
    <Point>
      <coordinates>-75.6953,2.7615,-15000</coordinates>
    </Point>
  </Placemark>
  <Placemark>
    <name>M1.2 - San Vicente del Caguán - Caquetá, Colombia</name>
    <description><![CDATA[<b>Magnitud:</b> 1.2 MLr_2<br/><b>Profundidad:</b> 14 km<br/><b>Hora local:</b> 2021-02-17T23:59:12+00:00<br/><b>Lugar:</b> San Vicente del Caguán - Caquetá, Colombia<br/>]]></description>
    <Point>
      <coordinates>-75.021,2.7075,-14000</coordinates>
    </Point>
  </Placemark>
  <Placemark>
    <name>M1.3 - Hobo - Huila, Colombia</name>
    <description><![CDATA[<b>Magnitud:</b> 1.3 MLr_2<br/><b>Profundidad:</b> 29 km<br/><b>Hora local:</b> 2021-02-12T16:38:28+00:00<br/><b>Lugar:</b> Hobo - Huila, Colombia<br/>]]></description>
    <Point>
      <coordinates>-75.401,2.4991,-29000</coordinates>
    </Point>
  </Placemark>
  <Placemark>
    <name>M1.8 - San Vicente del Caguán - Caquetá, Colombia</name>
    <description><![CDATA[<b>Magnitud:</b> 1.8 MLr_2<br/><b>Profundidad:</b> 31 km<br/><b>Hora local:</b> 2021-02-09T19:13:44+00:00<br/><b>Lugar:</b> San Vicente del Caguán - Caquetá, Colombia<br/>]]></description>
    <Point>
      <coordinates>-75.0959,2.7054,-31000</coordinates>
    </Point>
  </Placemark>
  <Placemark>
    <name>M1.4 - San Vicente del Caguán - Caquetá, Colombia</name>
    <description><![CDATA[<b>Magnitud:</b> 1.4 MLr_2<br/><b>Profundidad:</b> 20 km<br/><b>Hora local:</b> 2021-02-04T14:35:16+00:00<br/><b>Lugar:</b> San Vicente del Caguán - Caquetá, Colombia<br/>]]></description>
    <Point>
      <coordinates>-75.0113,2.7703,-20000</coordinates>
    </Point>
  </Placemark>
  <Placemark>
    <name>M2.0 - Campoalegre - Huila, Colombia</name>
    <description><![CDATA[<b>Magnitud:</b> 2.0 MLr_2<br/><b>Profundidad:</b> 24 km<br/><b>Hora local:</b> 2021-02-03T14:42:12+00:00<br/><b>Lugar:</b> Campoalegre - Huila, Colombia<br/>]]></description>
    <Point>
      <coordinates>-75.3553,2.5446,-24000</coordinates>
    </Point>
  </Placemark>
  <Placemark>
    <name>M1.2 - Teruel - Huila, Colombia</name>
    <description><![CDATA[<b>Magnitud:</b> 1.2 MLr_2<br/><b>Profundidad:</b> 16 km<br/><b>Hora local:</b> 2021-01-30T06:08:46+00:00<br/><b>Lugar:</b> Teruel - Huila, Colombia<br/>]]></description>
    <Point>
      <coordinates>-75.7056,2.8467,-16000</coordinates>
    </Point>
  </Placemark>
  <Placemark>
    <name>M1.1 - San Vicente del Caguán - Caquetá, Colombia</name>
    <description><![CDATA[<b>Magnitud:</b> 1.1 MLr_2<br/><b>Profundidad:</b> 22 km<br/><b>Hora local:</b> 2021-01-30T04:01:41+00:00<br/><b>Lugar:</b> San Vicente del Caguán - Caquetá, Colombia<br/>]]></description>
    <Point>
      <coordinates>-75.026,2.6855,-22000</coordinates>
    </Point>
  </Placemark>
  <Placemark>
    <name>M1.1 - San Vicente del Caguán - Caquetá, Colombia</name>
    <description><![CDATA[<b>Magnitud:</b> 1.1 MLr_2<br/><b>Profundidad:</b> 21 km<br/><b>Hora local:</b> 2021-01-28T21:23:43+00:00<br/><b>Lugar:</b> San Vicente del Caguán - Caquetá, Colombia<br/>]]></description>
    <Point>
      <coordinates>-75.0456,2.7295,-21000</coordinates>
    </Point>
  </Placemark>
  <Placemark>
    <name>M1.4 - Algeciras - Huila, Colombia</name>
    <description><![CDATA[<b>Magnitud:</b> 1.4 MLr_2<br/><b>Profundidad:</b> 22 km<br/><b>Hora local:</b> 2021-01-28T19:27:04+00:00<br/><b>Lugar:</b> Algeciras - Huila, Colombia<br/>]]></description>
    <Point>
      <coordinates>-75.2445,2.517,-22000</coordinates>
    </Point>
  </Placemark>
  <Placemark>
    <name>M1.1 - Campoalegre - Huila, Colombia</name>
    <description><![CDATA[<b>Magnitud:</b> 1.1 MLr_2<br/><b>Profundidad:</b> 30 km<br/><b>Hora local:</b> 2021-01-28T19:21:03+00:00<br/><b>Lugar:</b> Campoalegre - Huila, Colombia<br/>]]></description>
    <Point>
      <coordinates>-75.3766,2.5488,-30000</coordinates>
    </Point>
  </Placemark>
  <Placemark>
    <name>M1.4 - Campoalegre - Huila, Colombia</name>
    <description><![CDATA[<b>Magnitud:</b> 1.4 MLr_2<br/><b>Profundidad:</b> 28 km<br/><b>Hora local:</b> 2021-01-28T05:16:31+00:00<br/><b>Lugar:</b> Campoalegre - Huila, Colombia<br/>]]></description>
    <Point>
      <coordinates>-75.3362,2.589,-28000</coordinates>
    </Point>
  </Placemark>
  <Placemark>
    <name>M2.3 - San Vicente del Caguán - Caquetá, Colombia</name>
    <description><![CDATA[<b>Magnitud:</b> 2.3 MLr_2<br/><b>Profundidad:</b> 33 km<br/><b>Hora local:</b> 2021-01-27T03:02:02+00:00<br/><b>Lugar:</b> San Vicente del Caguán - Caquetá, Colombia<br/>]]></description>
    <Point>
      <coordinates>-75.1,2.6462,-33000</coordinates>
    </Point>
  </Placemark>
  <Placemark>
    <name>M2.2 - Baraya - Huila, Colombia</name>
    <description><![CDATA[<b>Magnitud:</b> 2.2 MLr_2<br/><b>Profundidad:</b> 26 km<br/><b>Hora local:</b> 2021-01-24T12:41:22+00:00<br/><b>Lugar:</b> Baraya - Huila, Colombia<br/>]]></description>
    <Point>
      <coordinates>-74.9006,3.0843,-26000</coordinates>
    </Point>
  </Placemark>
  <Placemark>
    <name>M1.5 - Baraya - Huila, Colombia</name>
    <description><![CDATA[<b>Magnitud:</b> 1.5 MLr_2<br/><b>Profundidad:</b> 31 km<br/><b>Hora local:</b> 2021-01-24T11:40:44+00:00<br/><b>Lugar:</b> Baraya - Huila, Colombia<br/>]]></description>
    <Point>
      <coordinates>-74.8836,3.078,-31000</coordinates>
    </Point>
  </Placemark>
  <Placemark>
    <name>M5.0 - Baraya - Huila, Colombia</name>
    <description><![CDATA[<b>Magnitud:</b> 5.0 MLr_2<br/><b>Profundidad:</b> 30 km<br/><b>Hora local:</b> 2021-01-23T16:12:17+00:00<br/><b>Lugar:</b> Baraya - Huila, Colombia<br/>]]></description>
    <Point>
      <coordinates>-74.8873,3.087,-30000</coordinates>
    </Point>
  </Placemark>
  <Placemark>
    <name>M1.6 - Hobo - Huila, Colombia</name>
    <description><![CDATA[<b>Magnitud:</b> 1.6 MLr_2<br/><b>Profundidad:</b> 34 km<br/><b>Hora local:</b> 2021-01-17T20:49:08+00:00<br/><b>Lugar:</b> Hobo - Huila, Colombia<br/>]]></description>
    <Point>
      <coordinates>-75.3978,2.5403,-34000</coordinates>
    </Point>
  </Placemark>
  <Placemark>
    <name>M1.3 - Algeciras - Huila, Colombia</name>
    <description><![CDATA[<b>Magnitud:</b> 1.3 MLr_2<br/><b>Profundidad:</b> 33 km<br/><b>Hora local:</b> 2021-01-14T14:46:12+00:00<br/><b>Lugar:</b> Algeciras - Huila, Colombia<br/>]]></description>
    <Point>
      <coordinates>-75.2999,2.5509,-33000</coordinates>
    </Point>
  </Placemark>
  <Placemark>
    <name>M1.2 - Campoalegre - Huila, Colombia</name>
    <description><![CDATA[<b>Magnitud:</b> 1.2 MLr_2<br/><b>Profundidad:</b> 29 km<br/><b>Hora local:</b> 2021-01-13T17:47:53+00:00<br/><b>Lugar:</b> Campoalegre - Huila, Colombia<br/>]]></description>
    <Point>
      <coordinates>-75.3468,2.5488,-29000</coordinates>
    </Point>
  </Placemark>
  <Placemark>
    <name>M1.5 - Algeciras - Huila, Colombia</name>
    <description><![CDATA[<b>Magnitud:</b> 1.5 MLr_2<br/><b>Profundidad:</b> 35 km<br/><b>Hora local:</b> 2021-01-04T22:20:41+00:00<br/><b>Lugar:</b> Algeciras - Huila, Colombia<br/>]]></description>
    <Point>
      <coordinates>-75.3594,2.5001,-35000</coordinates>
    </Point>
  </Placemark>
  <Placemark>
    <name>M1.5 - Algeciras - Huila, Colombia</name>
    <description><![CDATA[<b>Magnitud:</b> 1.5 MLr_2<br/><b>Profundidad:</b> 31 km<br/><b>Hora local:</b> 2021-01-03T02:04:49+00:00<br/><b>Lugar:</b> Algeciras - Huila, Colombia<br/>]]></description>
    <Point>
      <coordinates>-75.3488,2.4853,-31000</coordinates>
    </Point>
  </Placemark>
  <Placemark>
    <name>M3.3 - San Vicente del Caguán - Caquetá, Colombia</name>
    <description><![CDATA[<b>Magnitud:</b> 3.3 MLr_2<br/><b>Profundidad:</b> 32 km<br/><b>Hora local:</b> 2020-12-31T14:09:03+00:00<br/><b>Lugar:</b> San Vicente del Caguán - Caquetá, Colombia<br/>]]></description>
    <Point>
      <coordinates>-74.9788,2.7139,-32000</coordinates>
    </Point>
  </Placemark>
  <Placemark>
    <name>M1.5 - San Vicente del Caguán - Caquetá, Colombia</name>
    <description><![CDATA[<b>Magnitud:</b> 1.5 MLr_2<br/><b>Profundidad:</b> 28 km<br/><b>Hora local:</b> 2020-12-29T14:49:28+00:00<br/><b>Lugar:</b> San Vicente del Caguán - Caquetá, Colombia<br/>]]></description>
    <Point>
      <coordinates>-75.0809,2.6652,-28000</coordinates>
    </Point>
  </Placemark>
  <Placemark>
    <name>M2.6 - San Vicente del Caguán - Caquetá, Colombia</name>
    <description><![CDATA[<b>Magnitud:</b> 2.6 MLr_2<br/><b>Profundidad:</b> 4 km<br/><b>Hora local:</b> 2020-12-23T23:49:02+00:00<br/><b>Lugar:</b> San Vicente del Caguán - Caquetá, Colombia<br/>]]></description>
    <Point>
      <coordinates>-75.0781,2.6366,-4000</coordinates>
    </Point>
  </Placemark>
  <Placemark>
    <name>M1.4 - San Vicente del Caguán - Caquetá, Colombia</name>
    <description><![CDATA[<b>Magnitud:</b> 1.4 MLr_2<br/><b>Profundidad:</b> 31 km<br/><b>Hora local:</b> 2020-12-13T17:56:30+00:00<br/><b>Lugar:</b> San Vicente del Caguán - Caquetá, Colombia<br/>]]></description>
    <Point>
      <coordinates>-75.0044,2.7499,-31000</coordinates>
    </Point>
  </Placemark>
  <Placemark>
    <name>M1.1 - Campoalegre - Huila, Colombia</name>
    <description><![CDATA[<b>Magnitud:</b> 1.1 MLr_2<br/><b>Profundidad:</b> 8 km<br/><b>Hora local:</b> 2020-12-12T21:39:06+00:00<br/><b>Lugar:</b> Campoalegre - Huila, Colombia<br/>]]></description>
    <Point>
      <coordinates>-75.3141,2.6976,-8000</coordinates>
    </Point>
  </Placemark>
  <Placemark>
    <name>M1.2 - Algeciras - Huila, Colombia</name>
    <description><![CDATA[<b>Magnitud:</b> 1.2 MLr_2<br/><b>Profundidad:</b> 24 km<br/><b>Hora local:</b> 2020-12-12T09:37:09+00:00<br/><b>Lugar:</b> Algeciras - Huila, Colombia<br/>]]></description>
    <Point>
      <coordinates>-75.2828,2.5086,-24000</coordinates>
    </Point>
  </Placemark>
  <Placemark>
    <name>M2.1 - San Vicente del Caguán - Caquetá, Colombia</name>
    <description><![CDATA[<b>Magnitud:</b> 2.1 MLr_2<br/><b>Profundidad:</b> 28 km<br/><b>Hora local:</b> 2020-12-11T23:32:37+00:00<br/><b>Lugar:</b> San Vicente del Caguán - Caquetá, Colombia<br/>]]></description>
    <Point>
      <coordinates>-74.8609,2.8674,-28000</coordinates>
    </Point>
  </Placemark>
  <Placemark>
    <name>M1.4 - Hobo - Huila, Colombia</name>
    <description><![CDATA[<b>Magnitud:</b> 1.4 MLr_2<br/><b>Profundidad:</b> 30 km<br/><b>Hora local:</b> 2020-12-11T06:38:40+00:00<br/><b>Lugar:</b> Hobo - Huila, Colombia<br/>]]></description>
    <Point>
      <coordinates>-75.4446,2.5234,-30000</coordinates>
    </Point>
  </Placemark>
  <Placemark>
    <name>M2.3 - San Vicente del Caguán - Caquetá, Colombia</name>
    <description><![CDATA[<b>Magnitud:</b> 2.3 MLr_2<br/><b>Profundidad:</b> 24 km<br/><b>Hora local:</b> 2020-12-05T19:13:30+00:00<br/><b>Lugar:</b> San Vicente del Caguán - Caquetá, Colombia<br/>]]></description>
    <Point>
      <coordinates>-75.0341,2.7202,-24000</coordinates>
    </Point>
  </Placemark>
  <Placemark>
    <name>M1.3 - San Vicente del Caguán - Caquetá, Colombia</name>
    <description><![CDATA[<b>Magnitud:</b> 1.3 MLr_2<br/><b>Profundidad:</b> 0 km<br/><b>Hora local:</b> 2020-12-05T16:25:21+00:00<br/><b>Lugar:</b> San Vicente del Caguán - Caquetá, Colombia<br/>]]></description>
    <Point>
      <coordinates>-74.8605,2.8923,0</coordinates>
    </Point>
  </Placemark>
  <Placemark>
    <name>M1.3 - Hobo - Huila, Colombia</name>
    <description><![CDATA[<b>Magnitud:</b> 1.3 MLr_2<br/><b>Profundidad:</b> 23 km<br/><b>Hora local:</b> 2020-11-30T02:03:40+00:00<br/><b>Lugar:</b> Hobo - Huila, Colombia<br/>]]></description>
    <Point>
      <coordinates>-75.3936,2.525,-23000</coordinates>
    </Point>
  </Placemark>
  <Placemark>
    <name>M1.4 - Hobo - Huila, Colombia</name>
    <description><![CDATA[<b>Magnitud:</b> 1.4 MLr_2<br/><b>Profundidad:</b> 25 km<br/><b>Hora local:</b> 2020-11-27T15:16:15+00:00<br/><b>Lugar:</b> Hobo - Huila, Colombia<br/>]]></description>
    <Point>
      <coordinates>-75.4276,2.5711,-25000</coordinates>
    </Point>
  </Placemark>
  <Placemark>
    <name>M1.2 - Algeciras - Huila, Colombia</name>
    <description><![CDATA[<b>Magnitud:</b> 1.2 MLr_2<br/><b>Profundidad:</b> 10 km<br/><b>Hora local:</b> 2020-11-27T12:00:21+00:00<br/><b>Lugar:</b> Algeciras - Huila, Colombia<br/>]]></description>
    <Point>
      <coordinates>-75.3718,2.5091,-10000</coordinates>
    </Point>
  </Placemark>
  <Placemark>
    <name>M2.5 - Íquira - Huila, Colombia</name>
    <description><![CDATA[<b>Magnitud:</b> 2.5 MLr_2<br/><b>Profundidad:</b> 21 km<br/><b>Hora local:</b> 2020-11-25T20:59:00+00:00<br/><b>Lugar:</b> Íquira - Huila, Colombia<br/>]]></description>
    <Point>
      <coordinates>-75.6787,2.7165,-21000</coordinates>
    </Point>
  </Placemark>
  <Placemark>
    <name>M1.3 - Campoalegre - Huila, Colombia</name>
    <description><![CDATA[<b>Magnitud:</b> 1.3 MLr_2<br/><b>Profundidad:</b> -2 km<br/><b>Hora local:</b> 2020-11-24T11:12:13+00:00<br/><b>Lugar:</b> Campoalegre - Huila, Colombia<br/>]]></description>
    <Point>
      <coordinates>-75.3915,2.6068,2000</coordinates>
    </Point>
  </Placemark>
  <Placemark>
    <name>M2.0 - San Vicente del Caguán - Caquetá, Colombia</name>
    <description><![CDATA[<b>Magnitud:</b> 2.0 MLr_2<br/><b>Profundidad:</b> 37 km<br/><b>Hora local:</b> 2020-11-22T21:54:50+00:00<br/><b>Lugar:</b> San Vicente del Caguán - Caquetá, Colombia<br/>]]></description>
    <Point>
      <coordinates>-75.0619,2.7414,-37000</coordinates>
    </Point>
  </Placemark>
  <Placemark>
    <name>M2.3 - Hobo - Huila, Colombia</name>
    <description><![CDATA[<b>Magnitud:</b> 2.3 MLr_2<br/><b>Profundidad:</b> 27 km<br/><b>Hora local:</b> 2020-11-20T18:28:26+00:00<br/><b>Lugar:</b> Hobo - Huila, Colombia<br/>]]></description>
    <Point>
      <coordinates>-75.4298,2.5551,-27000</coordinates>
    </Point>
  </Placemark>
  <Placemark>
    <name>M1.1 - San Vicente del Caguán - Caquetá, Colombia</name>
    <description><![CDATA[<b>Magnitud:</b> 1.1 MLr_2<br/><b>Profundidad:</b> 8 km<br/><b>Hora local:</b> 2020-11-19T21:55:43+00:00<br/><b>Lugar:</b> San Vicente del Caguán - Caquetá, Colombia<br/>]]></description>
    <Point>
      <coordinates>-75.0056,2.7295,-8000</coordinates>
    </Point>
  </Placemark>
  <Placemark>
    <name>M1.5 - Hobo - Huila, Colombia</name>
    <description><![CDATA[<b>Magnitud:</b> 1.5 MLr_2<br/><b>Profundidad:</b> 23 km<br/><b>Hora local:</b> 2020-11-19T09:59:19+00:00<br/><b>Lugar:</b> Hobo - Huila, Colombia<br/>]]></description>
    <Point>
      <coordinates>-75.3936,2.5296,-23000</coordinates>
    </Point>
  </Placemark>
  <Placemark>
    <name>M1.2 - Hobo - Huila, Colombia</name>
    <description><![CDATA[<b>Magnitud:</b> 1.2 MLr_2<br/><b>Profundidad:</b> 27 km<br/><b>Hora local:</b> 2020-11-19T04:51:54+00:00<br/><b>Lugar:</b> Hobo - Huila, Colombia<br/>]]></description>
    <Point>
      <coordinates>-75.4473,2.5713,-27000</coordinates>
    </Point>
  </Placemark>
  <Placemark>
    <name>M1.4 - San Vicente del Caguán - Caquetá, Colombia</name>
    <description><![CDATA[<b>Magnitud:</b> 1.4 MLr_2<br/><b>Profundidad:</b> 0 km<br/><b>Hora local:</b> 2020-11-17T14:20:09+00:00<br/><b>Lugar:</b> San Vicente del Caguán - Caquetá, Colombia<br/>]]></description>
    <Point>
      <coordinates>-75.0221,2.7583,0</coordinates>
    </Point>
  </Placemark>
  <Placemark>
    <name>M1.5 - Yaguará - Huila, Colombia</name>
    <description><![CDATA[<b>Magnitud:</b> 1.5 MLr_2<br/><b>Profundidad:</b> 35 km<br/><b>Hora local:</b> 2020-11-17T06:28:10+00:00<br/><b>Lugar:</b> Yaguará - Huila, Colombia<br/>]]></description>
    <Point>
      <coordinates>-75.5192,2.5573,-35000</coordinates>
    </Point>
  </Placemark>
  <Placemark>
    <name>M1.1 - Villavieja - Huila, Colombia</name>
    <description><![CDATA[<b>Magnitud:</b> 1.1 MLr_2<br/><b>Profundidad:</b> 14 km<br/><b>Hora local:</b> 2020-11-12T08:13:40+00:00<br/><b>Lugar:</b> Villavieja - Huila, Colombia<br/>]]></description>
    <Point>
      <coordinates>-75.2035,3.2511,-14000</coordinates>
    </Point>
  </Placemark>
  <Placemark>
    <name>M1.0 - Villavieja - Huila, Colombia</name>
    <description><![CDATA[<b>Magnitud:</b> 1.0 MLr_2<br/><b>Profundidad:</b> 23 km<br/><b>Hora local:</b> 2020-11-12T05:04:51+00:00<br/><b>Lugar:</b> Villavieja - Huila, Colombia<br/>]]></description>
    <Point>
      <coordinates>-75.1966,3.2576,-23000</coordinates>
    </Point>
  </Placemark>
  <Placemark>
    <name>M3.4 - San Vicente del Caguán - Caquetá, Colombia</name>
    <description><![CDATA[<b>Magnitud:</b> 3.4 MLr_2<br/><b>Profundidad:</b> 29 km<br/><b>Hora local:</b> 2020-11-10T18:03:24+00:00<br/><b>Lugar:</b> San Vicente del Caguán - Caquetá, Colombia<br/>]]></description>
    <Point>
      <coordinates>-75.0724,2.7075,-29000</coordinates>
    </Point>
  </Placemark>
  <Placemark>
    <name>M1.6 - Algeciras - Huila, Colombia</name>
    <description><![CDATA[<b>Magnitud:</b> 1.6 MLr_2<br/><b>Profundidad:</b> 33 km<br/><b>Hora local:</b> 2020-11-10T07:12:34+00:00<br/><b>Lugar:</b> Algeciras - Huila, Colombia<br/>]]></description>
    <Point>
      <coordinates>-75.1469,2.6843,-33000</coordinates>
    </Point>
  </Placemark>
  <Placemark>
    <name>M1.3 - Hobo - Huila, Colombia</name>
    <description><![CDATA[<b>Magnitud:</b> 1.3 MLr_2<br/><b>Profundidad:</b> 33 km<br/><b>Hora local:</b> 2020-11-08T02:17:15+00:00<br/><b>Lugar:</b> Hobo - Huila, Colombia<br/>]]></description>
    <Point>
      <coordinates>-75.4383,2.5467,-33000</coordinates>
    </Point>
  </Placemark>
  <Placemark>
    <name>M1.4 - Hobo - Huila, Colombia</name>
    <description><![CDATA[<b>Magnitud:</b> 1.4 MLr_2<br/><b>Profundidad:</b> 30 km<br/><b>Hora local:</b> 2020-11-06T14:59:05+00:00<br/><b>Lugar:</b> Hobo - Huila, Colombia<br/>]]></description>
    <Point>
      <coordinates>-75.4553,2.5319,-30000</coordinates>
    </Point>
  </Placemark>
  <Placemark>
    <name>M1.2 - Algeciras - Huila, Colombia</name>
    <description><![CDATA[<b>Magnitud:</b> 1.2 MLr_2<br/><b>Profundidad:</b> 0 km<br/><b>Hora local:</b> 2020-11-06T14:44:47+00:00<br/><b>Lugar:</b> Algeciras - Huila, Colombia<br/>]]></description>
    <Point>
      <coordinates>-75.2161,2.6371,0</coordinates>
    </Point>
  </Placemark>
  <Placemark>
    <name>M1.7 - Uribe - Meta, Colombia</name>
    <description><![CDATA[<b>Magnitud:</b> 1.7 MLr_2<br/><b>Profundidad:</b> 40 km<br/><b>Hora local:</b> 2020-10-30T21:04:05+00:00<br/><b>Lugar:</b> Uribe - Meta, Colombia<br/>]]></description>
    <Point>
      <coordinates>-74.8493,2.9234,-40000</coordinates>
    </Point>
  </Placemark>
  <Placemark>
    <name>M1.3 - Villavieja - Huila, Colombia</name>
    <description><![CDATA[<b>Magnitud:</b> 1.3 MLr_2<br/><b>Profundidad:</b> 40 km<br/><b>Hora local:</b> 2020-10-30T00:58:48+00:00<br/><b>Lugar:</b> Villavieja - Huila, Colombia<br/>]]></description>
    <Point>
      <coordinates>-75.2046,3.314,-40000</coordinates>
    </Point>
  </Placemark>
  <Placemark>
    <name>M1.7 - Campoalegre - Huila, Colombia</name>
    <description><![CDATA[<b>Magnitud:</b> 1.7 MLr_2<br/><b>Profundidad:</b> 35 km<br/><b>Hora local:</b> 2020-10-26T07:17:16+00:00<br/><b>Lugar:</b> Campoalegre - Huila, Colombia<br/>]]></description>
    <Point>
      <coordinates>-75.3745,2.57,-35000</coordinates>
    </Point>
  </Placemark>
  <Placemark>
    <name>M1.5 - San Vicente del Caguán - Caquetá, Colombia</name>
    <description><![CDATA[<b>Magnitud:</b> 1.5 MLr_2<br/><b>Profundidad:</b> 29 km<br/><b>Hora local:</b> 2020-10-21T22:57:26+00:00<br/><b>Lugar:</b> San Vicente del Caguán - Caquetá, Colombia<br/>]]></description>
    <Point>
      <coordinates>-75.0916,2.7012,-29000</coordinates>
    </Point>
  </Placemark>
  <Placemark>
    <name>M1.2 - San Vicente del Caguán - Caquetá, Colombia</name>
    <description><![CDATA[<b>Magnitud:</b> 1.2 MLr_2<br/><b>Profundidad:</b> 14 km<br/><b>Hora local:</b> 2020-10-20T22:43:12+00:00<br/><b>Lugar:</b> San Vicente del Caguán - Caquetá, Colombia<br/>]]></description>
    <Point>
      <coordinates>-74.8958,2.8193,-14000</coordinates>
    </Point>
  </Placemark>
  <Placemark>
    <name>M1.4 - San Vicente del Caguán - Caquetá, Colombia</name>
    <description><![CDATA[<b>Magnitud:</b> 1.4 MLr_2<br/><b>Profundidad:</b> 32 km<br/><b>Hora local:</b> 2020-10-15T07:32:44+00:00<br/><b>Lugar:</b> San Vicente del Caguán - Caquetá, Colombia<br/>]]></description>
    <Point>
      <coordinates>-75.0491,2.7499,-32000</coordinates>
    </Point>
  </Placemark>
  <Placemark>
    <name>M0.9 - Planadas - Tolima, Colombia</name>
    <description><![CDATA[<b>Magnitud:</b> 0.9 MLr_2<br/><b>Profundidad:</b> 19 km<br/><b>Hora local:</b> 2020-10-12T05:45:07+00:00<br/><b>Lugar:</b> Planadas - Tolima, Colombia<br/>]]></description>
    <Point>
      <coordinates>-75.6821,3.0855,-19000</coordinates>
    </Point>
  </Placemark>
  <Placemark>
    <name>M1.5 - San Vicente del Caguán - Caquetá, Colombia</name>
    <description><![CDATA[<b>Magnitud:</b> 1.5 MLr_2<br/><b>Profundidad:</b> 53 km<br/><b>Hora local:</b> 2020-10-10T13:00:30+00:00<br/><b>Lugar:</b> San Vicente del Caguán - Caquetá, Colombia<br/>]]></description>
    <Point>
      <coordinates>-74.9989,2.6366,-53000</coordinates>
    </Point>
  </Placemark>
  <Placemark>
    <name>M1.2 - Aipe - Huila, Colombia</name>
    <description><![CDATA[<b>Magnitud:</b> 1.2 MLr_2<br/><b>Profundidad:</b> 27 km<br/><b>Hora local:</b> 2020-10-09T01:29:05+00:00<br/><b>Lugar:</b> Aipe - Huila, Colombia<br/>]]></description>
    <Point>
      <coordinates>-75.3079,3.3108,-27000</coordinates>
    </Point>
  </Placemark>
  <Placemark>
    <name>M1.0 - Hobo - Huila, Colombia</name>
    <description><![CDATA[<b>Magnitud:</b> 1.0 MLr_2<br/><b>Profundidad:</b> 32 km<br/><b>Hora local:</b> 2020-10-08T07:25:07+00:00<br/><b>Lugar:</b> Hobo - Huila, Colombia<br/>]]></description>
    <Point>
      <coordinates>-75.4084,2.5043,-32000</coordinates>
    </Point>
  </Placemark>
  <Placemark>
    <name>M1.5 - San Vicente del Caguán - Caquetá, Colombia</name>
    <description><![CDATA[<b>Magnitud:</b> 1.5 MLr_2<br/><b>Profundidad:</b> 36 km<br/><b>Hora local:</b> 2020-10-07T02:31:18+00:00<br/><b>Lugar:</b> San Vicente del Caguán - Caquetá, Colombia<br/>]]></description>
    <Point>
      <coordinates>-74.8726,2.8875,-36000</coordinates>
    </Point>
  </Placemark>
  <Placemark>
    <name>M1.3 - Uribe - Meta, Colombia</name>
    <description><![CDATA[<b>Magnitud:</b> 1.3 MLr_2<br/><b>Profundidad:</b> 8 km<br/><b>Hora local:</b> 2020-10-06T12:00:41+00:00<br/><b>Lugar:</b> Uribe - Meta, Colombia<br/>]]></description>
    <Point>
      <coordinates>-74.8688,2.921,-8000</coordinates>
    </Point>
  </Placemark>
  <Placemark>
    <name>M1.1 - Íquira - Huila, Colombia</name>
    <description><![CDATA[<b>Magnitud:</b> 1.1 MLr_2<br/><b>Profundidad:</b> 58 km<br/><b>Hora local:</b> 2020-10-06T01:54:08+00:00<br/><b>Lugar:</b> Íquira - Huila, Colombia<br/>]]></description>
    <Point>
      <coordinates>-75.6706,2.7054,-58000</coordinates>
    </Point>
  </Placemark>
  <Placemark>
    <name>M1.4 - San Vicente del Caguán - Caquetá, Colombia</name>
    <description><![CDATA[<b>Magnitud:</b> 1.4 MLr_2<br/><b>Profundidad:</b> 10 km<br/><b>Hora local:</b> 2020-10-05T08:03:38+00:00<br/><b>Lugar:</b> San Vicente del Caguán - Caquetá, Colombia<br/>]]></description>
    <Point>
      <coordinates>-74.861,2.881,-10000</coordinates>
    </Point>
  </Placemark>
  <Placemark>
    <name>M2.6 - Algeciras - Huila, Colombia</name>
    <description><![CDATA[<b>Magnitud:</b> 2.6 MLr_2<br/><b>Profundidad:</b> 28 km<br/><b>Hora local:</b> 2020-10-01T16:49:33+00:00<br/><b>Lugar:</b> Algeciras - Huila, Colombia<br/>]]></description>
    <Point>
      <coordinates>-75.1979,2.6229,-28000</coordinates>
    </Point>
  </Placemark>
  <Placemark>
    <name>M1.5 - San Vicente del Caguán - Caquetá, Colombia</name>
    <description><![CDATA[<b>Magnitud:</b> 1.5 MLr_2<br/><b>Profundidad:</b> 4 km<br/><b>Hora local:</b> 2020-09-29T19:24:17+00:00<br/><b>Lugar:</b> San Vicente del Caguán - Caquetá, Colombia<br/>]]></description>
    <Point>
      <coordinates>-75.0378,2.693,-4000</coordinates>
    </Point>
  </Placemark>
  <Placemark>
    <name>M1.5 - Teruel - Huila, Colombia</name>
    <description><![CDATA[<b>Magnitud:</b> 1.5 MLr_2<br/><b>Profundidad:</b> 9 km<br/><b>Hora local:</b> 2020-09-29T02:21:38+00:00<br/><b>Lugar:</b> Teruel - Huila, Colombia<br/>]]></description>
    <Point>
      <coordinates>-75.5711,2.6863,-9000</coordinates>
    </Point>
  </Placemark>
  <Placemark>
    <name>M1.2 - Yaguará - Huila, Colombia</name>
    <description><![CDATA[<b>Magnitud:</b> 1.2 MLr_2<br/><b>Profundidad:</b> 12 km<br/><b>Hora local:</b> 2020-09-27T08:54:18+00:00<br/><b>Lugar:</b> Yaguará - Huila, Colombia<br/>]]></description>
    <Point>
      <coordinates>-75.4788,2.6448,-12000</coordinates>
    </Point>
  </Placemark>
  <Placemark>
    <name>M1.2 - San Vicente del Caguán - Caquetá, Colombia</name>
    <description><![CDATA[<b>Magnitud:</b> 1.2 MLr_2<br/><b>Profundidad:</b> 4 km<br/><b>Hora local:</b> 2020-09-26T19:22:58+00:00<br/><b>Lugar:</b> San Vicente del Caguán - Caquetá, Colombia<br/>]]></description>
    <Point>
      <coordinates>-75.0191,2.7108,-4000</coordinates>
    </Point>
  </Placemark>
  <Placemark>
    <name>M1.1 - Campoalegre - Huila, Colombia</name>
    <description><![CDATA[<b>Magnitud:</b> 1.1 MLr_2<br/><b>Profundidad:</b> 24 km<br/><b>Hora local:</b> 2020-09-26T09:21:39+00:00<br/><b>Lugar:</b> Campoalegre - Huila, Colombia<br/>]]></description>
    <Point>
      <coordinates>-75.4193,2.6086,-24000</coordinates>
    </Point>
  </Placemark>
  <Placemark>
    <name>M1.8 - San Vicente del Caguán - Caquetá, Colombia</name>
    <description><![CDATA[<b>Magnitud:</b> 1.8 MLr_2<br/><b>Profundidad:</b> 4 km<br/><b>Hora local:</b> 2020-09-24T21:46:43+00:00<br/><b>Lugar:</b> San Vicente del Caguán - Caquetá, Colombia<br/>]]></description>
    <Point>
      <coordinates>-75.042,2.6645,-4000</coordinates>
    </Point>
  </Placemark>
  <Placemark>
    <name>M1.9 - San Vicente del Caguán - Caquetá, Colombia</name>
    <description><![CDATA[<b>Magnitud:</b> 1.9 MLr_2<br/><b>Profundidad:</b> 5 km<br/><b>Hora local:</b> 2020-09-22T00:58:42+00:00<br/><b>Lugar:</b> San Vicente del Caguán - Caquetá, Colombia<br/>]]></description>
    <Point>
      <coordinates>-75.0606,2.6826,-5000</coordinates>
    </Point>
  </Placemark>
  <Placemark>
    <name>M1.2 - San Vicente del Caguán - Caquetá, Colombia</name>
    <description><![CDATA[<b>Magnitud:</b> 1.2 MLr_2<br/><b>Profundidad:</b> 0 km<br/><b>Hora local:</b> 2020-09-16T20:32:08+00:00<br/><b>Lugar:</b> San Vicente del Caguán - Caquetá, Colombia<br/>]]></description>
    <Point>
      <coordinates>-75.033,2.7208,0</coordinates>
    </Point>
  </Placemark>
  <Placemark>
    <name>M1.4 - San Vicente del Caguán - Caquetá, Colombia</name>
    <description><![CDATA[<b>Magnitud:</b> 1.4 MLr_2<br/><b>Profundidad:</b> 38 km<br/><b>Hora local:</b> 2020-09-15T05:58:05+00:00<br/><b>Lugar:</b> San Vicente del Caguán - Caquetá, Colombia<br/>]]></description>
    <Point>
      <coordinates>-75.03,2.6786,-38000</coordinates>
    </Point>
  </Placemark>
  <Placemark>
    <name>M1.6 - Campoalegre - Huila, Colombia</name>
    <description><![CDATA[<b>Magnitud:</b> 1.6 MLr_2<br/><b>Profundidad:</b> 21 km<br/><b>Hora local:</b> 2020-09-14T22:35:40+00:00<br/><b>Lugar:</b> Campoalegre - Huila, Colombia<br/>]]></description>
    <Point>
      <coordinates>-75.33,2.6098,-21000</coordinates>
    </Point>
  </Placemark>
  <Placemark>
    <name>M1.6 - Algeciras - Huila, Colombia</name>
    <description><![CDATA[<b>Magnitud:</b> 1.6 MLr_2<br/><b>Profundidad:</b> 20 km<br/><b>Hora local:</b> 2020-09-14T11:36:39+00:00<br/><b>Lugar:</b> Algeciras - Huila, Colombia<br/>]]></description>
    <Point>
      <coordinates>-75.2413,2.5558,-20000</coordinates>
    </Point>
  </Placemark>
  <Placemark>
    <name>M1.4 - San Vicente del Caguán - Caquetá, Colombia</name>
    <description><![CDATA[<b>Magnitud:</b> 1.4 MLr_2<br/><b>Profundidad:</b> 0 km<br/><b>Hora local:</b> 2020-09-14T05:20:08+00:00<br/><b>Lugar:</b> San Vicente del Caguán - Caquetá, Colombia<br/>]]></description>
    <Point>
      <coordinates>-75.0073,2.7313,0</coordinates>
    </Point>
  </Placemark>
  <Placemark>
    <name>M2.0 - San Vicente del Caguán - Caquetá, Colombia</name>
    <description><![CDATA[<b>Magnitud:</b> 2.0 MLr_2<br/><b>Profundidad:</b> 26 km<br/><b>Hora local:</b> 2020-09-13T21:46:26+00:00<br/><b>Lugar:</b> San Vicente del Caguán - Caquetá, Colombia<br/>]]></description>
    <Point>
      <coordinates>-75.022,2.7078,-26000</coordinates>
    </Point>
  </Placemark>
  <Placemark>
    <name>M1.3 - San Vicente del Caguán - Caquetá, Colombia</name>
    <description><![CDATA[<b>Magnitud:</b> 1.3 MLr_2<br/><b>Profundidad:</b> 32 km<br/><b>Hora local:</b> 2020-09-13T03:48:24+00:00<br/><b>Lugar:</b> San Vicente del Caguán - Caquetá, Colombia<br/>]]></description>
    <Point>
      <coordinates>-74.934,2.7648,-32000</coordinates>
    </Point>
  </Placemark>
  <Placemark>
    <name>M1.1 - San Vicente del Caguán - Caquetá, Colombia</name>
    <description><![CDATA[<b>Magnitud:</b> 1.1 MLr_2<br/><b>Profundidad:</b> 8 km<br/><b>Hora local:</b> 2020-09-10T19:29:14+00:00<br/><b>Lugar:</b> San Vicente del Caguán - Caquetá, Colombia<br/>]]></description>
    <Point>
      <coordinates>-74.8523,2.8696,-8000</coordinates>
    </Point>
  </Placemark>
  <Placemark>
    <name>M1.7 - San Vicente del Caguán - Caquetá, Colombia</name>
    <description><![CDATA[<b>Magnitud:</b> 1.7 MLr_2<br/><b>Profundidad:</b> 5 km<br/><b>Hora local:</b> 2020-09-08T21:21:41+00:00<br/><b>Lugar:</b> San Vicente del Caguán - Caquetá, Colombia<br/>]]></description>
    <Point>
      <coordinates>-75.0173,2.705,-5000</coordinates>
    </Point>
  </Placemark>
  <Placemark>
    <name>M1.4 - San Vicente del Caguán - Caquetá, Colombia</name>
    <description><![CDATA[<b>Magnitud:</b> 1.4 MLr_2<br/><b>Profundidad:</b> 14 km<br/><b>Hora local:</b> 2020-09-06T06:40:11+00:00<br/><b>Lugar:</b> San Vicente del Caguán - Caquetá, Colombia<br/>]]></description>
    <Point>
      <coordinates>-75.0645,2.6685,-14000</coordinates>
    </Point>
  </Placemark>
  <Placemark>
    <name>M1.1 - Campoalegre - Huila, Colombia</name>
    <description><![CDATA[<b>Magnitud:</b> 1.1 MLr_2<br/><b>Profundidad:</b> 8 km<br/><b>Hora local:</b> 2020-09-01T20:17:00+00:00<br/><b>Lugar:</b> Campoalegre - Huila, Colombia<br/>]]></description>
    <Point>
      <coordinates>-75.4095,2.5981,-8000</coordinates>
    </Point>
  </Placemark>
  <Placemark>
    <name>M1.3 - San Vicente del Caguán - Caquetá, Colombia</name>
    <description><![CDATA[<b>Magnitud:</b> 1.3 MLr_2<br/><b>Profundidad:</b> 4 km<br/><b>Hora local:</b> 2020-08-31T05:39:07+00:00<br/><b>Lugar:</b> San Vicente del Caguán - Caquetá, Colombia<br/>]]></description>
    <Point>
      <coordinates>-74.9813,2.8023,-4000</coordinates>
    </Point>
  </Placemark>
  <Placemark>
    <name>M1.3 - Hobo - Huila, Colombia</name>
    <description><![CDATA[<b>Magnitud:</b> 1.3 MLr_2<br/><b>Profundidad:</b> 19 km<br/><b>Hora local:</b> 2020-08-29T19:42:04+00:00<br/><b>Lugar:</b> Hobo - Huila, Colombia<br/>]]></description>
    <Point>
      <coordinates>-75.418,2.5041,-19000</coordinates>
    </Point>
  </Placemark>
  <Placemark>
    <name>M1.4 - San Vicente del Caguán - Caquetá, Colombia</name>
    <description><![CDATA[<b>Magnitud:</b> 1.4 MLr_2<br/><b>Profundidad:</b> 4 km<br/><b>Hora local:</b> 2020-08-27T00:53:19+00:00<br/><b>Lugar:</b> San Vicente del Caguán - Caquetá, Colombia<br/>]]></description>
    <Point>
      <coordinates>-75.0415,2.6803,-4000</coordinates>
    </Point>
  </Placemark>
  <Placemark>
    <name>M3.9 - San Vicente del Caguán - Caquetá, Colombia</name>
    <description><![CDATA[<b>Magnitud:</b> 3.9 MLr_2<br/><b>Profundidad:</b> 7 km<br/><b>Hora local:</b> 2020-08-27T00:44:29+00:00<br/><b>Lugar:</b> San Vicente del Caguán - Caquetá, Colombia<br/>]]></description>
    <Point>
      <coordinates>-75.048,2.6768,-7000</coordinates>
    </Point>
  </Placemark>
  <Placemark>
    <name>M1.3 - Algeciras - Huila, Colombia</name>
    <description><![CDATA[<b>Magnitud:</b> 1.3 MLr_2<br/><b>Profundidad:</b> 6 km<br/><b>Hora local:</b> 2020-08-25T02:09:22+00:00<br/><b>Lugar:</b> Algeciras - Huila, Colombia<br/>]]></description>
    <Point>
      <coordinates>-75.2383,2.6135,-6000</coordinates>
    </Point>
  </Placemark>
  <Placemark>
    <name>M1.2 - Campoalegre - Huila, Colombia</name>
    <description><![CDATA[<b>Magnitud:</b> 1.2 MLr_2<br/><b>Profundidad:</b> 18 km<br/><b>Hora local:</b> 2020-08-20T22:38:04+00:00<br/><b>Lugar:</b> Campoalegre - Huila, Colombia<br/>]]></description>
    <Point>
      <coordinates>-75.3743,2.5536,-18000</coordinates>
    </Point>
  </Placemark>
  <Placemark>
    <name>M1.2 - San Vicente del Caguán - Caquetá, Colombia</name>
    <description><![CDATA[<b>Magnitud:</b> 1.2 MLr_2<br/><b>Profundidad:</b> 7 km<br/><b>Hora local:</b> 2020-08-18T15:09:03+00:00<br/><b>Lugar:</b> San Vicente del Caguán - Caquetá, Colombia<br/>]]></description>
    <Point>
      <coordinates>-74.9078,2.82,-7000</coordinates>
    </Point>
  </Placemark>
  <Placemark>
    <name>M1.2 - San Vicente del Caguán - Caquetá, Colombia</name>
    <description><![CDATA[<b>Magnitud:</b> 1.2 MLr_2<br/><b>Profundidad:</b> 16 km<br/><b>Hora local:</b> 2020-08-17T21:41:40+00:00<br/><b>Lugar:</b> San Vicente del Caguán - Caquetá, Colombia<br/>]]></description>
    <Point>
      <coordinates>-75.1016,2.6338,-16000</coordinates>
    </Point>
  </Placemark>
  <Placemark>
    <name>M2.3 - San Vicente del Caguán - Caquetá, Colombia</name>
    <description><![CDATA[<b>Magnitud:</b> 2.3 MLr_2<br/><b>Profundidad:</b> 4 km<br/><b>Hora local:</b> 2020-08-17T07:41:32+00:00<br/><b>Lugar:</b> San Vicente del Caguán - Caquetá, Colombia<br/>]]></description>
    <Point>
      <coordinates>-75.127,2.6333,-4000</coordinates>
    </Point>
  </Placemark>
  <Placemark>
    <name>M1.4 - Algeciras - Huila, Colombia</name>
    <description><![CDATA[<b>Magnitud:</b> 1.4 MLr_2<br/><b>Profundidad:</b> 4 km<br/><b>Hora local:</b> 2020-08-12T04:54:21+00:00<br/><b>Lugar:</b> Algeciras - Huila, Colombia<br/>]]></description>
    <Point>
      <coordinates>-75.2598,2.5,-4000</coordinates>
    </Point>
  </Placemark>
  <Placemark>
    <name>M1.7 - San Vicente del Caguán - Caquetá, Colombia</name>
    <description><![CDATA[<b>Magnitud:</b> 1.7 MLr_2<br/><b>Profundidad:</b> 4 km<br/><b>Hora local:</b> 2020-07-31T05:51:23+00:00<br/><b>Lugar:</b> San Vicente del Caguán - Caquetá, Colombia<br/>]]></description>
    <Point>
      <coordinates>-75.0301,2.7031,-4000</coordinates>
    </Point>
  </Placemark>
  <Placemark>
    <name>M1.4 - Villavieja - Huila, Colombia</name>
    <description><![CDATA[<b>Magnitud:</b> 1.4 MLr_2<br/><b>Profundidad:</b> 18 km<br/><b>Hora local:</b> 2020-07-30T15:15:53+00:00<br/><b>Lugar:</b> Villavieja - Huila, Colombia<br/>]]></description>
    <Point>
      <coordinates>-75.1703,3.3403,-18000</coordinates>
    </Point>
  </Placemark>
  <Placemark>
    <name>M1.7 - San Vicente del Caguán - Caquetá, Colombia</name>
    <description><![CDATA[<b>Magnitud:</b> 1.7 MLr_2<br/><b>Profundidad:</b> 0 km<br/><b>Hora local:</b> 2020-07-29T00:47:51+00:00<br/><b>Lugar:</b> San Vicente del Caguán - Caquetá, Colombia<br/>]]></description>
    <Point>
      <coordinates>-75.0113,2.7107,0</coordinates>
    </Point>
  </Placemark>
  <Placemark>
    <name>M1.2 - Neiva - Huila, Colombia</name>
    <description><![CDATA[<b>Magnitud:</b> 1.2 MLr_2<br/><b>Profundidad:</b> 6 km<br/><b>Hora local:</b> 2020-07-27T00:32:22+00:00<br/><b>Lugar:</b> Neiva - Huila, Colombia<br/>]]></description>
    <Point>
      <coordinates>-75.0476,2.9085,-6000</coordinates>
    </Point>
  </Placemark>
  <Placemark>
    <name>M0.9 - Villavieja - Huila, Colombia</name>
    <description><![CDATA[<b>Magnitud:</b> 0.9 MLr_2<br/><b>Profundidad:</b> 21 km<br/><b>Hora local:</b> 2020-07-26T13:23:04+00:00<br/><b>Lugar:</b> Villavieja - Huila, Colombia<br/>]]></description>
    <Point>
      <coordinates>-75.2123,3.2956,-21000</coordinates>
    </Point>
  </Placemark>
  <Placemark>
    <name>M1.1 - Aipe - Huila, Colombia</name>
    <description><![CDATA[<b>Magnitud:</b> 1.1 MLr_2<br/><b>Profundidad:</b> 3 km<br/><b>Hora local:</b> 2020-07-25T22:03:23+00:00<br/><b>Lugar:</b> Aipe - Huila, Colombia<br/>]]></description>
    <Point>
      <coordinates>-75.2396,3.3413,-3000</coordinates>
    </Point>
  </Placemark>
  <Placemark>
    <name>M1.3 - Algeciras - Huila, Colombia</name>
    <description><![CDATA[<b>Magnitud:</b> 1.3 MLr_2<br/><b>Profundidad:</b> 21 km<br/><b>Hora local:</b> 2020-07-25T09:13:10+00:00<br/><b>Lugar:</b> Algeciras - Huila, Colombia<br/>]]></description>
    <Point>
      <coordinates>-75.3715,2.5025,-21000</coordinates>
    </Point>
  </Placemark>
  <Placemark>
    <name>M1.9 - Campoalegre - Huila, Colombia</name>
    <description><![CDATA[<b>Magnitud:</b> 1.9 MLr_2<br/><b>Profundidad:</b> 11 km<br/><b>Hora local:</b> 2020-07-23T02:09:30+00:00<br/><b>Lugar:</b> Campoalegre - Huila, Colombia<br/>]]></description>
    <Point>
      <coordinates>-75.3533,2.657,-11000</coordinates>
    </Point>
  </Placemark>
  <Placemark>
    <name>M1.5 - Algeciras - Huila, Colombia</name>
    <description><![CDATA[<b>Magnitud:</b> 1.5 MLr_2<br/><b>Profundidad:</b> 13 km<br/><b>Hora local:</b> 2020-07-21T01:15:22+00:00<br/><b>Lugar:</b> Algeciras - Huila, Colombia<br/>]]></description>
    <Point>
      <coordinates>-75.3753,2.5006,-13000</coordinates>
    </Point>
  </Placemark>
  <Placemark>
    <name>M1.5 - Algeciras - Huila, Colombia</name>
    <description><![CDATA[<b>Magnitud:</b> 1.5 MLr_2<br/><b>Profundidad:</b> 18 km<br/><b>Hora local:</b> 2020-07-18T12:19:24+00:00<br/><b>Lugar:</b> Algeciras - Huila, Colombia<br/>]]></description>
    <Point>
      <coordinates>-75.2426,2.5318,-18000</coordinates>
    </Point>
  </Placemark>
  <Placemark>
    <name>M1.1 - San Vicente del Caguán - Caquetá, Colombia</name>
    <description><![CDATA[<b>Magnitud:</b> 1.1 MLr_2<br/><b>Profundidad:</b> 13 km<br/><b>Hora local:</b> 2020-07-18T07:22:47+00:00<br/><b>Lugar:</b> San Vicente del Caguán - Caquetá, Colombia<br/>]]></description>
    <Point>
      <coordinates>-75.1011,2.6648,-13000</coordinates>
    </Point>
  </Placemark>
  <Placemark>
    <name>M1.8 - Campoalegre - Huila, Colombia</name>
    <description><![CDATA[<b>Magnitud:</b> 1.8 MLr_2<br/><b>Profundidad:</b> 13 km<br/><b>Hora local:</b> 2020-07-18T06:37:58+00:00<br/><b>Lugar:</b> Campoalegre - Huila, Colombia<br/>]]></description>
    <Point>
      <coordinates>-75.3878,2.6718,-13000</coordinates>
    </Point>
  </Placemark>
  <Placemark>
    <name>M1.5 - San Vicente del Caguán - Caquetá, Colombia</name>
    <description><![CDATA[<b>Magnitud:</b> 1.5 MLr_2<br/><b>Profundidad:</b> 3 km<br/><b>Hora local:</b> 2020-07-17T18:13:27+00:00<br/><b>Lugar:</b> San Vicente del Caguán - Caquetá, Colombia<br/>]]></description>
    <Point>
      <coordinates>-75.084,2.6273,-3000</coordinates>
    </Point>
  </Placemark>
  <Placemark>
    <name>M2.0 - San Vicente del Caguán - Caquetá, Colombia</name>
    <description><![CDATA[<b>Magnitud:</b> 2.0 MLr_2<br/><b>Profundidad:</b> 5 km<br/><b>Hora local:</b> 2020-07-17T04:49:11+00:00<br/><b>Lugar:</b> San Vicente del Caguán - Caquetá, Colombia<br/>]]></description>
    <Point>
      <coordinates>-75.1126,2.6308,-5000</coordinates>
    </Point>
  </Placemark>
  <Placemark>
    <name>M1.3 - San Vicente del Caguán - Caquetá, Colombia</name>
    <description><![CDATA[<b>Magnitud:</b> 1.3 MLr_2<br/><b>Profundidad:</b> 19 km<br/><b>Hora local:</b> 2020-07-16T20:02:59+00:00<br/><b>Lugar:</b> San Vicente del Caguán - Caquetá, Colombia<br/>]]></description>
    <Point>
      <coordinates>-75.0755,2.7388,-19000</coordinates>
    </Point>
  </Placemark>
  <Placemark>
    <name>M1.2 - Baraya - Huila, Colombia</name>
    <description><![CDATA[<b>Magnitud:</b> 1.2 MLr_2<br/><b>Profundidad:</b> 12 km<br/><b>Hora local:</b> 2020-07-16T13:21:21+00:00<br/><b>Lugar:</b> Baraya - Huila, Colombia<br/>]]></description>
    <Point>
      <coordinates>-74.8581,3.0383,-12000</coordinates>
    </Point>
  </Placemark>
  <Placemark>
    <name>M2.4 - San Vicente del Caguán - Caquetá, Colombia</name>
    <description><![CDATA[<b>Magnitud:</b> 2.4 MLr_2<br/><b>Profundidad:</b> 4 km<br/><b>Hora local:</b> 2020-07-13T15:07:11+00:00<br/><b>Lugar:</b> San Vicente del Caguán - Caquetá, Colombia<br/>]]></description>
    <Point>
      <coordinates>-75.0225,2.7136,-4000</coordinates>
    </Point>
  </Placemark>
  <Placemark>
    <name>M1.7 - Villavieja - Huila, Colombia</name>
    <description><![CDATA[<b>Magnitud:</b> 1.7 MLr_2<br/><b>Profundidad:</b> 7 km<br/><b>Hora local:</b> 2020-07-11T00:58:43+00:00<br/><b>Lugar:</b> Villavieja - Huila, Colombia<br/>]]></description>
    <Point>
      <coordinates>-75.0773,3.2366,-7000</coordinates>
    </Point>
  </Placemark>
  <Placemark>
    <name>M1.4 - San Vicente del Caguán - Caquetá, Colombia</name>
    <description><![CDATA[<b>Magnitud:</b> 1.4 MLr_2<br/><b>Profundidad:</b> 6 km<br/><b>Hora local:</b> 2020-07-06T20:41:04+00:00<br/><b>Lugar:</b> San Vicente del Caguán - Caquetá, Colombia<br/>]]></description>
    <Point>
      <coordinates>-75.0185,2.7308,-6000</coordinates>
    </Point>
  </Placemark>
  <Placemark>
    <name>M1.4 - San Vicente del Caguán - Caquetá, Colombia</name>
    <description><![CDATA[<b>Magnitud:</b> 1.4 MLr_2<br/><b>Profundidad:</b> 8 km<br/><b>Hora local:</b> 2020-07-02T12:34:33+00:00<br/><b>Lugar:</b> San Vicente del Caguán - Caquetá, Colombia<br/>]]></description>
    <Point>
      <coordinates>-74.847,2.8866,-8000</coordinates>
    </Point>
  </Placemark>
  <Placemark>
    <name>M1.3 - Algeciras - Huila, Colombia</name>
    <description><![CDATA[<b>Magnitud:</b> 1.3 MLr_2<br/><b>Profundidad:</b> 4 km<br/><b>Hora local:</b> 2020-06-30T16:01:58+00:00<br/><b>Lugar:</b> Algeciras - Huila, Colombia<br/>]]></description>
    <Point>
      <coordinates>-75.1766,2.6283,-4000</coordinates>
    </Point>
  </Placemark>
  <Placemark>
    <name>M1.2 - Tello - Huila, Colombia</name>
    <description><![CDATA[<b>Magnitud:</b> 1.2 MLr_2<br/><b>Profundidad:</b> 12 km<br/><b>Hora local:</b> 2020-06-28T05:47:24+00:00<br/><b>Lugar:</b> Tello - Huila, Colombia<br/>]]></description>
    <Point>
      <coordinates>-75.1815,3.0481,-12000</coordinates>
    </Point>
  </Placemark>
  <Placemark>
    <name>M1.8 - Algeciras - Huila, Colombia</name>
    <description><![CDATA[<b>Magnitud:</b> 1.8 MLr_2<br/><b>Profundidad:</b> 39 km<br/><b>Hora local:</b> 2020-06-22T09:06:22+00:00<br/><b>Lugar:</b> Algeciras - Huila, Colombia<br/>]]></description>
    <Point>
      <coordinates>-75.2758,2.485,-39000</coordinates>
    </Point>
  </Placemark>
  <Placemark>
    <name>M2.1 - San Vicente del Caguán - Caquetá, Colombia</name>
    <description><![CDATA[<b>Magnitud:</b> 2.1 MLr_2<br/><b>Profundidad:</b> 3 km<br/><b>Hora local:</b> 2020-06-11T20:12:28+00:00<br/><b>Lugar:</b> San Vicente del Caguán - Caquetá, Colombia<br/>]]></description>
    <Point>
      <coordinates>-74.993,2.7341,-3000</coordinates>
    </Point>
  </Placemark>
  <Placemark>
    <name>M1.0 - Algeciras - Huila, Colombia</name>
    <description><![CDATA[<b>Magnitud:</b> 1.0 MLr_2<br/><b>Profundidad:</b> 25 km<br/><b>Hora local:</b> 2020-06-10T03:55:16+00:00<br/><b>Lugar:</b> Algeciras - Huila, Colombia<br/>]]></description>
    <Point>
      <coordinates>-75.3153,2.4845,-25000</coordinates>
    </Point>
  </Placemark>
  <Placemark>
    <name>M2.1 - San Vicente del Caguán - Caquetá, Colombia</name>
    <description><![CDATA[<b>Magnitud:</b> 2.1 MLr_2<br/><b>Profundidad:</b> 5 km<br/><b>Hora local:</b> 2020-06-08T00:15:00+00:00<br/><b>Lugar:</b> San Vicente del Caguán - Caquetá, Colombia<br/>]]></description>
    <Point>
      <coordinates>-75.03,2.7055,-5000</coordinates>
    </Point>
  </Placemark>
  <Placemark>
    <name>M1.2 - Tello - Huila, Colombia</name>
    <description><![CDATA[<b>Magnitud:</b> 1.2 MLr_2<br/><b>Profundidad:</b> 13 km<br/><b>Hora local:</b> 2020-06-04T05:20:56+00:00<br/><b>Lugar:</b> Tello - Huila, Colombia<br/>]]></description>
    <Point>
      <coordinates>-75.1945,3.0563,-13000</coordinates>
    </Point>
  </Placemark>
  <Placemark>
    <name>M1.8 - San Vicente del Caguán - Caquetá, Colombia</name>
    <description><![CDATA[<b>Magnitud:</b> 1.8 MLr_2<br/><b>Profundidad:</b> 5 km<br/><b>Hora local:</b> 2020-05-30T23:41:17+00:00<br/><b>Lugar:</b> San Vicente del Caguán - Caquetá, Colombia<br/>]]></description>
    <Point>
      <coordinates>-75.0308,2.7608,-5000</coordinates>
    </Point>
  </Placemark>
  <Placemark>
    <name>M1.3 - San Vicente del Caguán - Caquetá, Colombia</name>
    <description><![CDATA[<b>Magnitud:</b> 1.3 MLr_2<br/><b>Profundidad:</b> 8 km<br/><b>Hora local:</b> 2020-05-30T22:53:51+00:00<br/><b>Lugar:</b> San Vicente del Caguán - Caquetá, Colombia<br/>]]></description>
    <Point>
      <coordinates>-75.0105,2.7128,-8000</coordinates>
    </Point>
  </Placemark>
  <Placemark>
    <name>M0.9 - Aipe - Huila, Colombia</name>
    <description><![CDATA[<b>Magnitud:</b> 0.9 MLr_2<br/><b>Profundidad:</b> 17 km<br/><b>Hora local:</b> 2020-05-30T19:38:15+00:00<br/><b>Lugar:</b> Aipe - Huila, Colombia<br/>]]></description>
    <Point>
      <coordinates>-75.3485,3.2355,-17000</coordinates>
    </Point>
  </Placemark>
  <Placemark>
    <name>M1.2 - San Vicente del Caguán - Caquetá, Colombia</name>
    <description><![CDATA[<b>Magnitud:</b> 1.2 MLr_2<br/><b>Profundidad:</b> 10 km<br/><b>Hora local:</b> 2020-05-30T03:09:00+00:00<br/><b>Lugar:</b> San Vicente del Caguán - Caquetá, Colombia<br/>]]></description>
    <Point>
      <coordinates>-75.0588,2.659,-10000</coordinates>
    </Point>
  </Placemark>
  <Placemark>
    <name>M1.5 - San Vicente del Caguán - Caquetá, Colombia</name>
    <description><![CDATA[<b>Magnitud:</b> 1.5 MLr_2<br/><b>Profundidad:</b> 6 km<br/><b>Hora local:</b> 2020-05-29T15:13:26+00:00<br/><b>Lugar:</b> San Vicente del Caguán - Caquetá, Colombia<br/>]]></description>
    <Point>
      <coordinates>-74.8565,2.878,-6000</coordinates>
    </Point>
  </Placemark>
  <Placemark>
    <name>M1.4 - Villavieja - Huila, Colombia</name>
    <description><![CDATA[<b>Magnitud:</b> 1.4 MLr_2<br/><b>Profundidad:</b> 22 km<br/><b>Hora local:</b> 2020-05-28T11:55:56+00:00<br/><b>Lugar:</b> Villavieja - Huila, Colombia<br/>]]></description>
    <Point>
      <coordinates>-75.1231,3.333,-22000</coordinates>
    </Point>
  </Placemark>
  <Placemark>
    <name>M2.0 - San Vicente del Caguán - Caquetá, Colombia</name>
    <description><![CDATA[<b>Magnitud:</b> 2.0 MLr_2<br/><b>Profundidad:</b> 5 km<br/><b>Hora local:</b> 2020-05-28T02:58:26+00:00<br/><b>Lugar:</b> San Vicente del Caguán - Caquetá, Colombia<br/>]]></description>
    <Point>
      <coordinates>-75.0266,2.6543,-5000</coordinates>
    </Point>
  </Placemark>
  <Placemark>
    <name>M1.3 - Santa María - Huila, Colombia</name>
    <description><![CDATA[<b>Magnitud:</b> 1.3 MLr_2<br/><b>Profundidad:</b> 4 km<br/><b>Hora local:</b> 2020-05-19T15:57:30+00:00<br/><b>Lugar:</b> Santa María - Huila, Colombia<br/>]]></description>
    <Point>
      <coordinates>-75.6513,2.8953,-4000</coordinates>
    </Point>
  </Placemark>
  <Placemark>
    <name>M1.2 - San Vicente del Caguán - Caquetá, Colombia</name>
    <description><![CDATA[<b>Magnitud:</b> 1.2 MLr_2<br/><b>Profundidad:</b> 4 km<br/><b>Hora local:</b> 2020-05-17T04:47:18+00:00<br/><b>Lugar:</b> San Vicente del Caguán - Caquetá, Colombia<br/>]]></description>
    <Point>
      <coordinates>-75.028,2.7141,-4000</coordinates>
    </Point>
  </Placemark>
  <Placemark>
    <name>M1.3 - Hobo - Huila, Colombia</name>
    <description><![CDATA[<b>Magnitud:</b> 1.3 MLr_2<br/><b>Profundidad:</b> 20 km<br/><b>Hora local:</b> 2020-05-11T08:26:31+00:00<br/><b>Lugar:</b> Hobo - Huila, Colombia<br/>]]></description>
    <Point>
      <coordinates>-75.413,2.5283,-20000</coordinates>
    </Point>
  </Placemark>
  <Placemark>
    <name>M1.6 - San Vicente del Caguán - Caquetá, Colombia</name>
    <description><![CDATA[<b>Magnitud:</b> 1.6 MLr_2<br/><b>Profundidad:</b> 6 km<br/><b>Hora local:</b> 2020-05-09T19:20:24+00:00<br/><b>Lugar:</b> San Vicente del Caguán - Caquetá, Colombia<br/>]]></description>
    <Point>
      <coordinates>-75.04,2.6983,-6000</coordinates>
    </Point>
  </Placemark>
  <Placemark>
    <name>M1.6 - Algeciras - Huila, Colombia</name>
    <description><![CDATA[<b>Magnitud:</b> 1.6 MLr_2<br/><b>Profundidad:</b> 4 km<br/><b>Hora local:</b> 2020-05-05T21:22:08+00:00<br/><b>Lugar:</b> Algeciras - Huila, Colombia<br/>]]></description>
    <Point>
      <coordinates>-75.2071,2.5426,-4000</coordinates>
    </Point>
  </Placemark>
  <Placemark>
    <name>M1.3 - Algeciras - Huila, Colombia</name>
    <description><![CDATA[<b>Magnitud:</b> 1.3 MLr_2<br/><b>Profundidad:</b> 4 km<br/><b>Hora local:</b> 2020-05-04T05:14:19+00:00<br/><b>Lugar:</b> Algeciras - Huila, Colombia<br/>]]></description>
    <Point>
      <coordinates>-75.241,2.4913,-4000</coordinates>
    </Point>
  </Placemark>
  <Placemark>
    <name>M1.5 - San Vicente del Caguán - Caquetá, Colombia</name>
    <description><![CDATA[<b>Magnitud:</b> 1.5 MLr_2<br/><b>Profundidad:</b> 4 km<br/><b>Hora local:</b> 2020-04-28T10:28:13+00:00<br/><b>Lugar:</b> San Vicente del Caguán - Caquetá, Colombia<br/>]]></description>
    <Point>
      <coordinates>-74.9871,2.7706,-4000</coordinates>
    </Point>
  </Placemark>
  <Placemark>
    <name>M1.5 - Hobo - Huila, Colombia</name>
    <description><![CDATA[<b>Magnitud:</b> 1.5 MLr_2<br/><b>Profundidad:</b> 25 km<br/><b>Hora local:</b> 2020-04-28T06:56:19+00:00<br/><b>Lugar:</b> Hobo - Huila, Colombia<br/>]]></description>
    <Point>
      <coordinates>-75.4493,2.5201,-25000</coordinates>
    </Point>
  </Placemark>
  <Placemark>
    <name>M1.1 - Campoalegre - Huila, Colombia</name>
    <description><![CDATA[<b>Magnitud:</b> 1.1 MLr_2<br/><b>Profundidad:</b> 22 km<br/><b>Hora local:</b> 2020-04-26T13:04:47+00:00<br/><b>Lugar:</b> Campoalegre - Huila, Colombia<br/>]]></description>
    <Point>
      <coordinates>-75.3395,2.5601,-22000</coordinates>
    </Point>
  </Placemark>
  <Placemark>
    <name>M1.3 - San Vicente del Caguán - Caquetá, Colombia</name>
    <description><![CDATA[<b>Magnitud:</b> 1.3 MLr_2<br/><b>Profundidad:</b> 8 km<br/><b>Hora local:</b> 2020-04-24T17:46:21+00:00<br/><b>Lugar:</b> San Vicente del Caguán - Caquetá, Colombia<br/>]]></description>
    <Point>
      <coordinates>-75.077,2.6861,-8000</coordinates>
    </Point>
  </Placemark>
  <Placemark>
    <name>M1.7 - San Vicente del Caguán - Caquetá, Colombia</name>
    <description><![CDATA[<b>Magnitud:</b> 1.7 MLr_2<br/><b>Profundidad:</b> 32 km<br/><b>Hora local:</b> 2020-04-24T01:16:59+00:00<br/><b>Lugar:</b> San Vicente del Caguán - Caquetá, Colombia<br/>]]></description>
    <Point>
      <coordinates>-75.0353,2.7531,-32000</coordinates>
    </Point>
  </Placemark>
  <Placemark>
    <name>M1.2 - Baraya - Huila, Colombia</name>
    <description><![CDATA[<b>Magnitud:</b> 1.2 MLr_2<br/><b>Profundidad:</b> 5 km<br/><b>Hora local:</b> 2020-04-23T18:00:21+00:00<br/><b>Lugar:</b> Baraya - Huila, Colombia<br/>]]></description>
    <Point>
      <coordinates>-74.9381,3.1363,-5000</coordinates>
    </Point>
  </Placemark>
  <Placemark>
    <name>M1.1 - Aipe - Huila, Colombia</name>
    <description><![CDATA[<b>Magnitud:</b> 1.1 MLr_2<br/><b>Profundidad:</b> 65 km<br/><b>Hora local:</b> 2020-04-21T03:20:33+00:00<br/><b>Lugar:</b> Aipe - Huila, Colombia<br/>]]></description>
    <Point>
      <coordinates>-75.2341,3.3196,-65000</coordinates>
    </Point>
  </Placemark>
  <Placemark>
    <name>M1.3 - San Vicente del Caguán - Caquetá, Colombia</name>
    <description><![CDATA[<b>Magnitud:</b> 1.3 MLr_2<br/><b>Profundidad:</b> 16 km<br/><b>Hora local:</b> 2020-04-20T08:49:56+00:00<br/><b>Lugar:</b> San Vicente del Caguán - Caquetá, Colombia<br/>]]></description>
    <Point>
      <coordinates>-75.0105,2.6921,-16000</coordinates>
    </Point>
  </Placemark>
  <Placemark>
    <name>M1.2 - San Vicente del Caguán - Caquetá, Colombia</name>
    <description><![CDATA[<b>Magnitud:</b> 1.2 MLr_2<br/><b>Profundidad:</b> 14 km<br/><b>Hora local:</b> 2020-04-19T05:24:52+00:00<br/><b>Lugar:</b> San Vicente del Caguán - Caquetá, Colombia<br/>]]></description>
    <Point>
      <coordinates>-75.0783,2.6965,-14000</coordinates>
    </Point>
  </Placemark>
  <Placemark>
    <name>M1.3 - Neiva - Huila, Colombia</name>
    <description><![CDATA[<b>Magnitud:</b> 1.3 MLr_2<br/><b>Profundidad:</b> 8 km<br/><b>Hora local:</b> 2020-04-16T00:27:50+00:00<br/><b>Lugar:</b> Neiva - Huila, Colombia<br/>]]></description>
    <Point>
      <coordinates>-75.1468,2.8316,-8000</coordinates>
    </Point>
  </Placemark>
  <Placemark>
    <name>M0.9 - Hobo - Huila, Colombia</name>
    <description><![CDATA[<b>Magnitud:</b> 0.9 MLr_2<br/><b>Profundidad:</b> 24 km<br/><b>Hora local:</b> 2020-04-14T22:51:13+00:00<br/><b>Lugar:</b> Hobo - Huila, Colombia<br/>]]></description>
    <Point>
      <coordinates>-75.4665,2.5241,-24000</coordinates>
    </Point>
  </Placemark>
  <Placemark>
    <name>M1.4 - Teruel - Huila, Colombia</name>
    <description><![CDATA[<b>Magnitud:</b> 1.4 MLr_2<br/><b>Profundidad:</b> 18 km<br/><b>Hora local:</b> 2020-04-13T07:20:02+00:00<br/><b>Lugar:</b> Teruel - Huila, Colombia<br/>]]></description>
    <Point>
      <coordinates>-75.5383,2.7611,-18000</coordinates>
    </Point>
  </Placemark>
  <Placemark>
    <name>M2.2 - San Vicente del Caguán - Caquetá, Colombia</name>
    <description><![CDATA[<b>Magnitud:</b> 2.2 MLr_2<br/><b>Profundidad:</b> 3 km<br/><b>Hora local:</b> 2020-04-08T13:16:18+00:00<br/><b>Lugar:</b> San Vicente del Caguán - Caquetá, Colombia<br/>]]></description>
    <Point>
      <coordinates>-75.0823,2.6416,-3000</coordinates>
    </Point>
  </Placemark>
  <Placemark>
    <name>M1.3 - Campoalegre - Huila, Colombia</name>
    <description><![CDATA[<b>Magnitud:</b> 1.3 MLr_2<br/><b>Profundidad:</b> 15 km<br/><b>Hora local:</b> 2020-04-07T23:49:29+00:00<br/><b>Lugar:</b> Campoalegre - Huila, Colombia<br/>]]></description>
    <Point>
      <coordinates>-75.3226,2.6978,-15000</coordinates>
    </Point>
  </Placemark>
  <Placemark>
    <name>M1.1 - Villavieja - Huila, Colombia</name>
    <description><![CDATA[<b>Magnitud:</b> 1.1 MLr_2<br/><b>Profundidad:</b> 17 km<br/><b>Hora local:</b> 2020-04-04T04:30:30+00:00<br/><b>Lugar:</b> Villavieja - Huila, Colombia<br/>]]></description>
    <Point>
      <coordinates>-75.1296,3.3133,-17000</coordinates>
    </Point>
  </Placemark>
  <Placemark>
    <name>M1.0 - Neiva - Huila, Colombia</name>
    <description><![CDATA[<b>Magnitud:</b> 1.0 MLr_2<br/><b>Profundidad:</b> 51 km<br/><b>Hora local:</b> 2020-04-02T12:43:52+00:00<br/><b>Lugar:</b> Neiva - Huila, Colombia<br/>]]></description>
    <Point>
      <coordinates>-75.5191,3.1706,-51000</coordinates>
    </Point>
  </Placemark>
  <Placemark>
    <name>M1.2 - Tello - Huila, Colombia</name>
    <description><![CDATA[<b>Magnitud:</b> 1.2 MLr_2<br/><b>Profundidad:</b> 8 km<br/><b>Hora local:</b> 2020-04-02T02:20:17+00:00<br/><b>Lugar:</b> Tello - Huila, Colombia<br/>]]></description>
    <Point>
      <coordinates>-75.1535,3.0158,-8000</coordinates>
    </Point>
  </Placemark>
  <Placemark>
    <name>M1.1 - Hobo - Huila, Colombia</name>
    <description><![CDATA[<b>Magnitud:</b> 1.1 MLr_2<br/><b>Profundidad:</b> 18 km<br/><b>Hora local:</b> 2020-03-29T21:54:20+00:00<br/><b>Lugar:</b> Hobo - Huila, Colombia<br/>]]></description>
    <Point>
      <coordinates>-75.4608,2.5366,-18000</coordinates>
    </Point>
  </Placemark>
  <Placemark>
    <name>M1.5 - San Vicente del Caguán - Caquetá, Colombia</name>
    <description><![CDATA[<b>Magnitud:</b> 1.5 MLr_2<br/><b>Profundidad:</b> 39 km<br/><b>Hora local:</b> 2020-03-27T09:11:06+00:00<br/><b>Lugar:</b> San Vicente del Caguán - Caquetá, Colombia<br/>]]></description>
    <Point>
      <coordinates>-75.0078,2.735,-39000</coordinates>
    </Point>
  </Placemark>
  <Placemark>
    <name>M1.3 - Algeciras - Huila, Colombia</name>
    <description><![CDATA[<b>Magnitud:</b> 1.3 MLr_2<br/><b>Profundidad:</b> 34 km<br/><b>Hora local:</b> 2020-03-26T21:02:23+00:00<br/><b>Lugar:</b> Algeciras - Huila, Colombia<br/>]]></description>
    <Point>
      <coordinates>-75.339,2.5013,-34000</coordinates>
    </Point>
  </Placemark>
  <Placemark>
    <name>M1.2 - San Vicente del Caguán - Caquetá, Colombia</name>
    <description><![CDATA[<b>Magnitud:</b> 1.2 MLr_2<br/><b>Profundidad:</b> 4 km<br/><b>Hora local:</b> 2020-03-26T00:17:09+00:00<br/><b>Lugar:</b> San Vicente del Caguán - Caquetá, Colombia<br/>]]></description>
    <Point>
      <coordinates>-75.0105,2.6833,-4000</coordinates>
    </Point>
  </Placemark>
  <Placemark>
    <name>M1.1 - Hobo - Huila, Colombia</name>
    <description><![CDATA[<b>Magnitud:</b> 1.1 MLr_2<br/><b>Profundidad:</b> 0 km<br/><b>Hora local:</b> 2020-03-25T21:20:48+00:00<br/><b>Lugar:</b> Hobo - Huila, Colombia<br/>]]></description>
    <Point>
      <coordinates>-75.4253,2.5678,0</coordinates>
    </Point>
  </Placemark>
  <Placemark>
    <name>M1.4 - Aipe - Huila, Colombia</name>
    <description><![CDATA[<b>Magnitud:</b> 1.4 MLr_2<br/><b>Profundidad:</b> 7 km<br/><b>Hora local:</b> 2020-03-23T23:31:28+00:00<br/><b>Lugar:</b> Aipe - Huila, Colombia<br/>]]></description>
    <Point>
      <coordinates>-75.2468,3.2521,-7000</coordinates>
    </Point>
  </Placemark>
  <Placemark>
    <name>M1.2 - Campoalegre - Huila, Colombia</name>
    <description><![CDATA[<b>Magnitud:</b> 1.2 MLr_2<br/><b>Profundidad:</b> 31 km<br/><b>Hora local:</b> 2020-03-21T18:14:55+00:00<br/><b>Lugar:</b> Campoalegre - Huila, Colombia<br/>]]></description>
    <Point>
      <coordinates>-75.4353,2.6273,-31000</coordinates>
    </Point>
  </Placemark>
  <Placemark>
    <name>M1.1 - San Vicente del Caguán - Caquetá, Colombia</name>
    <description><![CDATA[<b>Magnitud:</b> 1.1 MLr_2<br/><b>Profundidad:</b> 4 km<br/><b>Hora local:</b> 2020-03-19T03:41:04+00:00<br/><b>Lugar:</b> San Vicente del Caguán - Caquetá, Colombia<br/>]]></description>
    <Point>
      <coordinates>-75.082,2.6976,-4000</coordinates>
    </Point>
  </Placemark>
  <Placemark>
    <name>M1.4 - Yaguará - Huila, Colombia</name>
    <description><![CDATA[<b>Magnitud:</b> 1.4 MLr_2<br/><b>Profundidad:</b> 5 km<br/><b>Hora local:</b> 2020-03-16T07:30:24+00:00<br/><b>Lugar:</b> Yaguará - Huila, Colombia<br/>]]></description>
    <Point>
      <coordinates>-75.5125,2.5691,-5000</coordinates>
    </Point>
  </Placemark>
  <Placemark>
    <name>M1.2 - San Vicente del Caguán - Caquetá, Colombia</name>
    <description><![CDATA[<b>Magnitud:</b> 1.2 MLr_2<br/><b>Profundidad:</b> 4 km<br/><b>Hora local:</b> 2020-03-10T22:52:58+00:00<br/><b>Lugar:</b> San Vicente del Caguán - Caquetá, Colombia<br/>]]></description>
    <Point>
      <coordinates>-75.02,2.7191,-4000</coordinates>
    </Point>
  </Placemark>
  <Placemark>
    <name>M1.0 - Villavieja - Huila, Colombia</name>
    <description><![CDATA[<b>Magnitud:</b> 1.0 MLr_2<br/><b>Profundidad:</b> 11 km<br/><b>Hora local:</b> 2020-03-10T02:28:00+00:00<br/><b>Lugar:</b> Villavieja - Huila, Colombia<br/>]]></description>
    <Point>
      <coordinates>-75.1855,3.1833,-11000</coordinates>
    </Point>
  </Placemark>
  <Placemark>
    <name>M1.6 - San Vicente del Caguán - Caquetá, Colombia</name>
    <description><![CDATA[<b>Magnitud:</b> 1.6 MLr_2<br/><b>Profundidad:</b> 16 km<br/><b>Hora local:</b> 2020-03-05T05:49:58+00:00<br/><b>Lugar:</b> San Vicente del Caguán - Caquetá, Colombia<br/>]]></description>
    <Point>
      <coordinates>-75.0588,2.6658,-16000</coordinates>
    </Point>
  </Placemark>
  <Placemark>
    <name>M1.2 - Planadas - Tolima, Colombia</name>
    <description><![CDATA[<b>Magnitud:</b> 1.2 MLr_2<br/><b>Profundidad:</b> 4 km<br/><b>Hora local:</b> 2020-03-04T02:00:51+00:00<br/><b>Lugar:</b> Planadas - Tolima, Colombia<br/>]]></description>
    <Point>
      <coordinates>-75.6886,3.0486,-4000</coordinates>
    </Point>
  </Placemark>
  <Placemark>
    <name>M1.2 - Campoalegre - Huila, Colombia</name>
    <description><![CDATA[<b>Magnitud:</b> 1.2 MLr_2<br/><b>Profundidad:</b> 4 km<br/><b>Hora local:</b> 2020-02-29T21:27:46+00:00<br/><b>Lugar:</b> Campoalegre - Huila, Colombia<br/>]]></description>
    <Point>
      <coordinates>-75.314,2.6403,-4000</coordinates>
    </Point>
  </Placemark>
  <Placemark>
    <name>M1.6 - San Vicente del Caguán - Caquetá, Colombia</name>
    <description><![CDATA[<b>Magnitud:</b> 1.6 MLr_2<br/><b>Profundidad:</b> 5 km<br/><b>Hora local:</b> 2020-02-29T10:24:26+00:00<br/><b>Lugar:</b> San Vicente del Caguán - Caquetá, Colombia<br/>]]></description>
    <Point>
      <coordinates>-75.0838,2.6546,-5000</coordinates>
    </Point>
  </Placemark>
  <Placemark>
    <name>M1.2 - San Vicente del Caguán - Caquetá, Colombia</name>
    <description><![CDATA[<b>Magnitud:</b> 1.2 MLr_2<br/><b>Profundidad:</b> 8 km<br/><b>Hora local:</b> 2020-02-29T09:40:47+00:00<br/><b>Lugar:</b> San Vicente del Caguán - Caquetá, Colombia<br/>]]></description>
    <Point>
      <coordinates>-75.0131,2.7203,-8000</coordinates>
    </Point>
  </Placemark>
  <Placemark>
    <name>M2.6 - San Vicente del Caguán - Caquetá, Colombia</name>
    <description><![CDATA[<b>Magnitud:</b> 2.6 MLr_2<br/><b>Profundidad:</b> 4 km<br/><b>Hora local:</b> 2020-02-28T23:06:52+00:00<br/><b>Lugar:</b> San Vicente del Caguán - Caquetá, Colombia<br/>]]></description>
    <Point>
      <coordinates>-75.0275,2.7006,-4000</coordinates>
    </Point>
  </Placemark>
  <Placemark>
    <name>M1.1 - San Vicente del Caguán - Caquetá, Colombia</name>
    <description><![CDATA[<b>Magnitud:</b> 1.1 MLr_2<br/><b>Profundidad:</b> 13 km<br/><b>Hora local:</b> 2020-02-23T04:43:45+00:00<br/><b>Lugar:</b> San Vicente del Caguán - Caquetá, Colombia<br/>]]></description>
    <Point>
      <coordinates>-74.9995,2.7278,-13000</coordinates>
    </Point>
  </Placemark>
  <Placemark>
    <name>M1.6 - Baraya - Huila, Colombia</name>
    <description><![CDATA[<b>Magnitud:</b> 1.6 MLr_2<br/><b>Profundidad:</b> 4 km<br/><b>Hora local:</b> 2020-02-20T01:53:29+00:00<br/><b>Lugar:</b> Baraya - Huila, Colombia<br/>]]></description>
    <Point>
      <coordinates>-74.9411,3.117,-4000</coordinates>
    </Point>
  </Placemark>
  <Placemark>
    <name>M2.2 - San Vicente del Caguán - Caquetá, Colombia</name>
    <description><![CDATA[<b>Magnitud:</b> 2.2 MLr_2<br/><b>Profundidad:</b> 4 km<br/><b>Hora local:</b> 2020-02-19T23:53:03+00:00<br/><b>Lugar:</b> San Vicente del Caguán - Caquetá, Colombia<br/>]]></description>
    <Point>
      <coordinates>-75.0258,2.708,-4000</coordinates>
    </Point>
  </Placemark>
  <Placemark>
    <name>M1.9 - San Vicente del Caguán - Caquetá, Colombia</name>
    <description><![CDATA[<b>Magnitud:</b> 1.9 MLr_2<br/><b>Profundidad:</b> 4 km<br/><b>Hora local:</b> 2020-02-13T03:43:26+00:00<br/><b>Lugar:</b> San Vicente del Caguán - Caquetá, Colombia<br/>]]></description>
    <Point>
      <coordinates>-75.079,2.6513,-4000</coordinates>
    </Point>
  </Placemark>
  <Placemark>
    <name>M1.4 - San Vicente del Caguán - Caquetá, Colombia</name>
    <description><![CDATA[<b>Magnitud:</b> 1.4 MLr_2<br/><b>Profundidad:</b> 4 km<br/><b>Hora local:</b> 2020-02-09T16:34:48+00:00<br/><b>Lugar:</b> San Vicente del Caguán - Caquetá, Colombia<br/>]]></description>
    <Point>
      <coordinates>-75.0596,2.65,-4000</coordinates>
    </Point>
  </Placemark>
  <Placemark>
    <name>M1.4 - San Vicente del Caguán - Caquetá, Colombia</name>
    <description><![CDATA[<b>Magnitud:</b> 1.4 MLr_2<br/><b>Profundidad:</b> 33 km<br/><b>Hora local:</b> 2020-02-09T01:46:37+00:00<br/><b>Lugar:</b> San Vicente del Caguán - Caquetá, Colombia<br/>]]></description>
    <Point>
      <coordinates>-74.8855,2.8538,-33000</coordinates>
    </Point>
  </Placemark>
  <Placemark>
    <name>M2.6 - San Vicente del Caguán - Caquetá, Colombia</name>
    <description><![CDATA[<b>Magnitud:</b> 2.6 MLr_2<br/><b>Profundidad:</b> 4 km<br/><b>Hora local:</b> 2020-02-07T23:36:43+00:00<br/><b>Lugar:</b> San Vicente del Caguán - Caquetá, Colombia<br/>]]></description>
    <Point>
      <coordinates>-75.0513,2.6626,-4000</coordinates>
    </Point>
  </Placemark>
  <Placemark>
    <name>M2.1 - Algeciras - Huila, Colombia</name>
    <description><![CDATA[<b>Magnitud:</b> 2.1 MLr_2<br/><b>Profundidad:</b> 4 km<br/><b>Hora local:</b> 2020-02-07T03:34:03+00:00<br/><b>Lugar:</b> Algeciras - Huila, Colombia<br/>]]></description>
    <Point>
      <coordinates>-75.1553,2.603,-4000</coordinates>
    </Point>
  </Placemark>
  <Placemark>
    <name>M1.5 - San Vicente del Caguán - Caquetá, Colombia</name>
    <description><![CDATA[<b>Magnitud:</b> 1.5 MLr_2<br/><b>Profundidad:</b> 5 km<br/><b>Hora local:</b> 2020-02-05T09:20:18+00:00<br/><b>Lugar:</b> San Vicente del Caguán - Caquetá, Colombia<br/>]]></description>
    <Point>
      <coordinates>-74.8655,2.8453,-5000</coordinates>
    </Point>
  </Placemark>
  <Placemark>
    <name>M1.3 - Hobo - Huila, Colombia</name>
    <description><![CDATA[<b>Magnitud:</b> 1.3 MLr_2<br/><b>Profundidad:</b> 6 km<br/><b>Hora local:</b> 2020-02-01T22:30:49+00:00<br/><b>Lugar:</b> Hobo - Huila, Colombia<br/>]]></description>
    <Point>
      <coordinates>-75.5048,2.5395,-6000</coordinates>
    </Point>
  </Placemark>
  <Placemark>
    <name>M1.7 - Hobo - Huila, Colombia</name>
    <description><![CDATA[<b>Magnitud:</b> 1.7 MLr_2<br/><b>Profundidad:</b> 19 km<br/><b>Hora local:</b> 2020-02-01T20:28:19+00:00<br/><b>Lugar:</b> Hobo - Huila, Colombia<br/>]]></description>
    <Point>
      <coordinates>-75.3873,2.5005,-19000</coordinates>
    </Point>
  </Placemark>
  <Placemark>
    <name>M1.5 - San Vicente del Caguán - Caquetá, Colombia</name>
    <description><![CDATA[<b>Magnitud:</b> 1.5 MLr_2<br/><b>Profundidad:</b> 44 km<br/><b>Hora local:</b> 2020-01-31T15:53:57+00:00<br/><b>Lugar:</b> San Vicente del Caguán - Caquetá, Colombia<br/>]]></description>
    <Point>
      <coordinates>-75.0128,2.7048,-44000</coordinates>
    </Point>
  </Placemark>
  <Placemark>
    <name>M1.6 - Hobo - Huila, Colombia</name>
    <description><![CDATA[<b>Magnitud:</b> 1.6 MLr_2<br/><b>Profundidad:</b> 16 km<br/><b>Hora local:</b> 2020-01-29T15:34:23+00:00<br/><b>Lugar:</b> Hobo - Huila, Colombia<br/>]]></description>
    <Point>
      <coordinates>-75.4363,2.522,-16000</coordinates>
    </Point>
  </Placemark>
  <Placemark>
    <name>M1.2 - Algeciras - Huila, Colombia</name>
    <description><![CDATA[<b>Magnitud:</b> 1.2 MLr_2<br/><b>Profundidad:</b> 20 km<br/><b>Hora local:</b> 2020-01-26T10:38:46+00:00<br/><b>Lugar:</b> Algeciras - Huila, Colombia<br/>]]></description>
    <Point>
      <coordinates>-75.3201,2.494,-20000</coordinates>
    </Point>
  </Placemark>
  <Placemark>
    <name>M1.4 - San Vicente del Caguán - Caquetá, Colombia</name>
    <description><![CDATA[<b>Magnitud:</b> 1.4 MLr_2<br/><b>Profundidad:</b> 3 km<br/><b>Hora local:</b> 2020-01-24T02:38:43+00:00<br/><b>Lugar:</b> San Vicente del Caguán - Caquetá, Colombia<br/>]]></description>
    <Point>
      <coordinates>-75.0608,2.7058,-3000</coordinates>
    </Point>
  </Placemark>
  <Placemark>
    <name>M1.1 - Íquira - Huila, Colombia</name>
    <description><![CDATA[<b>Magnitud:</b> 1.1 MLr_2<br/><b>Profundidad:</b> 5 km<br/><b>Hora local:</b> 2020-01-19T05:07:59+00:00<br/><b>Lugar:</b> Íquira - Huila, Colombia<br/>]]></description>
    <Point>
      <coordinates>-75.6091,2.6415,-5000</coordinates>
    </Point>
  </Placemark>
  <Placemark>
    <name>M1.3 - Algeciras - Huila, Colombia</name>
    <description><![CDATA[<b>Magnitud:</b> 1.3 MLr_2<br/><b>Profundidad:</b> 18 km<br/><b>Hora local:</b> 2020-01-17T14:52:36+00:00<br/><b>Lugar:</b> Algeciras - Huila, Colombia<br/>]]></description>
    <Point>
      <coordinates>-75.1716,2.6155,-18000</coordinates>
    </Point>
  </Placemark>
  <Placemark>
    <name>M2.4 - San Vicente del Caguán - Caquetá, Colombia</name>
    <description><![CDATA[<b>Magnitud:</b> 2.4 MLr_2<br/><b>Profundidad:</b> 4 km<br/><b>Hora local:</b> 2020-01-17T06:27:59+00:00<br/><b>Lugar:</b> San Vicente del Caguán - Caquetá, Colombia<br/>]]></description>
    <Point>
      <coordinates>-75.0056,2.737,-4000</coordinates>
    </Point>
  </Placemark>
  <Placemark>
    <name>M1.0 - San Vicente del Caguán - Caquetá, Colombia</name>
    <description><![CDATA[<b>Magnitud:</b> 1.0 MLr_2<br/><b>Profundidad:</b> 2 km<br/><b>Hora local:</b> 2020-01-16T02:49:28+00:00<br/><b>Lugar:</b> San Vicente del Caguán - Caquetá, Colombia<br/>]]></description>
    <Point>
      <coordinates>-74.8538,2.9076,-2000</coordinates>
    </Point>
  </Placemark>
  <Placemark>
    <name>M1.3 - San Vicente del Caguán - Caquetá, Colombia</name>
    <description><![CDATA[<b>Magnitud:</b> 1.3 MLr_2<br/><b>Profundidad:</b> 10 km<br/><b>Hora local:</b> 2020-01-14T06:49:04+00:00<br/><b>Lugar:</b> San Vicente del Caguán - Caquetá, Colombia<br/>]]></description>
    <Point>
      <coordinates>-74.9331,2.8143,-10000</coordinates>
    </Point>
  </Placemark>
  <Placemark>
    <name>M2.2 - Puerto Rico - Caquetá, Colombia</name>
    <description><![CDATA[<b>Magnitud:</b> 2.2 MLr_2<br/><b>Profundidad:</b> 5 km<br/><b>Hora local:</b> 2020-01-14T01:13:31+00:00<br/><b>Lugar:</b> Puerto Rico - Caquetá, Colombia<br/>]]></description>
    <Point>
      <coordinates>-75.1385,2.5806,-5000</coordinates>
    </Point>
  </Placemark>
  <Placemark>
    <name>M1.3 - San Vicente del Caguán - Caquetá, Colombia</name>
    <description><![CDATA[<b>Magnitud:</b> 1.3 MLr_2<br/><b>Profundidad:</b> 13 km<br/><b>Hora local:</b> 2020-01-13T18:32:33+00:00<br/><b>Lugar:</b> San Vicente del Caguán - Caquetá, Colombia<br/>]]></description>
    <Point>
      <coordinates>-74.892,2.8321,-13000</coordinates>
    </Point>
  </Placemark>
  <Placemark>
    <name>M1.2 - San Vicente del Caguán - Caquetá, Colombia</name>
    <description><![CDATA[<b>Magnitud:</b> 1.2 MLr_2<br/><b>Profundidad:</b> 15 km<br/><b>Hora local:</b> 2020-01-10T22:15:23+00:00<br/><b>Lugar:</b> San Vicente del Caguán - Caquetá, Colombia<br/>]]></description>
    <Point>
      <coordinates>-75.0236,2.7188,-15000</coordinates>
    </Point>
  </Placemark>
  <Placemark>
    <name>M1.5 - San Vicente del Caguán - Caquetá, Colombia</name>
    <description><![CDATA[<b>Magnitud:</b> 1.5 MLr_2<br/><b>Profundidad:</b> 5 km<br/><b>Hora local:</b> 2020-01-05T01:58:56+00:00<br/><b>Lugar:</b> San Vicente del Caguán - Caquetá, Colombia<br/>]]></description>
    <Point>
      <coordinates>-74.8653,2.8211,-5000</coordinates>
    </Point>
  </Placemark>
  <Placemark>
    <name>M1.0 - San Vicente del Caguán - Caquetá, Colombia</name>
    <description><![CDATA[<b>Magnitud:</b> 1.0 MLr_2<br/><b>Profundidad:</b> 16 km<br/><b>Hora local:</b> 2020-01-05T01:49:12+00:00<br/><b>Lugar:</b> San Vicente del Caguán - Caquetá, Colombia<br/>]]></description>
    <Point>
      <coordinates>-75.0258,2.6518,-16000</coordinates>
    </Point>
  </Placemark>
  <Placemark>
    <name>M1.3 - Tello - Huila, Colombia</name>
    <description><![CDATA[<b>Magnitud:</b> 1.3 MLr_2<br/><b>Profundidad:</b> 19 km<br/><b>Hora local:</b> 2019-12-29T03:46:49+00:00<br/><b>Lugar:</b> Tello - Huila, Colombia<br/>]]></description>
    <Point>
      <coordinates>-75.2168,3.0436,-19000</coordinates>
    </Point>
  </Placemark>
  <Placemark>
    <name>M1.2 - Baraya - Huila, Colombia</name>
    <description><![CDATA[<b>Magnitud:</b> 1.2 MLr_2<br/><b>Profundidad:</b> 8 km<br/><b>Hora local:</b> 2019-12-16T23:09:05+00:00<br/><b>Lugar:</b> Baraya - Huila, Colombia<br/>]]></description>
    <Point>
      <coordinates>-75.0098,3.0826,-8000</coordinates>
    </Point>
  </Placemark>
  <Placemark>
    <name>M1.4 - Campoalegre - Huila, Colombia</name>
    <description><![CDATA[<b>Magnitud:</b> 1.4 MLr_2<br/><b>Profundidad:</b> 23 km<br/><b>Hora local:</b> 2019-12-15T10:27:34+00:00<br/><b>Lugar:</b> Campoalegre - Huila, Colombia<br/>]]></description>
    <Point>
      <coordinates>-75.3291,2.5796,-23000</coordinates>
    </Point>
  </Placemark>
  <Placemark>
    <name>M1.5 - San Vicente del Caguán - Caquetá, Colombia</name>
    <description><![CDATA[<b>Magnitud:</b> 1.5 MLr_2<br/><b>Profundidad:</b> 8 km<br/><b>Hora local:</b> 2019-12-14T05:32:27+00:00<br/><b>Lugar:</b> San Vicente del Caguán - Caquetá, Colombia<br/>]]></description>
    <Point>
      <coordinates>-74.9061,2.8861,-8000</coordinates>
    </Point>
  </Placemark>
  <Placemark>
    <name>M2.1 - San Vicente del Caguán - Caquetá, Colombia</name>
    <description><![CDATA[<b>Magnitud:</b> 2.1 MLr_2<br/><b>Profundidad:</b> 3 km<br/><b>Hora local:</b> 2019-12-12T21:53:02+00:00<br/><b>Lugar:</b> San Vicente del Caguán - Caquetá, Colombia<br/>]]></description>
    <Point>
      <coordinates>-74.8616,2.8065,-3000</coordinates>
    </Point>
  </Placemark>
  <Placemark>
    <name>M1.3 - Algeciras - Huila, Colombia</name>
    <description><![CDATA[<b>Magnitud:</b> 1.3 MLr_2<br/><b>Profundidad:</b> 3 km<br/><b>Hora local:</b> 2019-12-09T05:22:30+00:00<br/><b>Lugar:</b> Algeciras - Huila, Colombia<br/>]]></description>
    <Point>
      <coordinates>-75.1573,2.6165,-3000</coordinates>
    </Point>
  </Placemark>
  <Placemark>
    <name>M2.0 - San Vicente del Caguán - Caquetá, Colombia</name>
    <description><![CDATA[<b>Magnitud:</b> 2.0 MLr_2<br/><b>Profundidad:</b> 172 km<br/><b>Hora local:</b> 2019-12-06T05:33:05+00:00<br/><b>Lugar:</b> San Vicente del Caguán - Caquetá, Colombia<br/>]]></description>
    <Point>
      <coordinates>-74.9863,2.6715,-172000</coordinates>
    </Point>
  </Placemark>
  <Placemark>
    <name>M1.8 - Campoalegre - Huila, Colombia</name>
    <description><![CDATA[<b>Magnitud:</b> 1.8 MLr_2<br/><b>Profundidad:</b> 9 km<br/><b>Hora local:</b> 2019-12-05T01:31:08+00:00<br/><b>Lugar:</b> Campoalegre - Huila, Colombia<br/>]]></description>
    <Point>
      <coordinates>-75.3513,2.6575,-9000</coordinates>
    </Point>
  </Placemark>
  <Placemark>
    <name>M1.2 - Tello - Huila, Colombia</name>
    <description><![CDATA[<b>Magnitud:</b> 1.2 MLr_2<br/><b>Profundidad:</b> 1 km<br/><b>Hora local:</b> 2019-12-02T23:54:40+00:00<br/><b>Lugar:</b> Tello - Huila, Colombia<br/>]]></description>
    <Point>
      <coordinates>-75.2265,3.151,-1000</coordinates>
    </Point>
  </Placemark>
  <Placemark>
    <name>M0.9 - Villavieja - Huila, Colombia</name>
    <description><![CDATA[<b>Magnitud:</b> 0.9 MLr_2<br/><b>Profundidad:</b> 21 km<br/><b>Hora local:</b> 2019-12-01T22:38:17+00:00<br/><b>Lugar:</b> Villavieja - Huila, Colombia<br/>]]></description>
    <Point>
      <coordinates>-75.2311,3.2931,-21000</coordinates>
    </Point>
  </Placemark>
  <Placemark>
    <name>M1.2 - Rivera - Huila, Colombia</name>
    <description><![CDATA[<b>Magnitud:</b> 1.2 MLr_2<br/><b>Profundidad:</b> 4 km<br/><b>Hora local:</b> 2019-11-30T01:25:53+00:00<br/><b>Lugar:</b> Rivera - Huila, Colombia<br/>]]></description>
    <Point>
      <coordinates>-75.1723,2.746,-4000</coordinates>
    </Point>
  </Placemark>
  <Placemark>
    <name>M1.5 - Hobo - Huila, Colombia</name>
    <description><![CDATA[<b>Magnitud:</b> 1.5 MLr_2<br/><b>Profundidad:</b> 16 km<br/><b>Hora local:</b> 2019-11-26T23:20:37+00:00<br/><b>Lugar:</b> Hobo - Huila, Colombia<br/>]]></description>
    <Point>
      <coordinates>-75.398,2.5255,-16000</coordinates>
    </Point>
  </Placemark>
  <Placemark>
    <name>M1.6 - San Vicente del Caguán - Caquetá, Colombia</name>
    <description><![CDATA[<b>Magnitud:</b> 1.6 MLr_2<br/><b>Profundidad:</b> 7 km<br/><b>Hora local:</b> 2019-11-26T10:10:14+00:00<br/><b>Lugar:</b> San Vicente del Caguán - Caquetá, Colombia<br/>]]></description>
    <Point>
      <coordinates>-75.0275,2.7233,-7000</coordinates>
    </Point>
  </Placemark>
  <Placemark>
    <name>M2.2 - Algeciras - Huila, Colombia</name>
    <description><![CDATA[<b>Magnitud:</b> 2.2 MLr_2<br/><b>Profundidad:</b> 15 km<br/><b>Hora local:</b> 2019-11-16T08:51:51+00:00<br/><b>Lugar:</b> Algeciras - Huila, Colombia<br/>]]></description>
    <Point>
      <coordinates>-75.353,2.4965,-15000</coordinates>
    </Point>
  </Placemark>
  <Placemark>
    <name>M1.6 - San Vicente del Caguán - Caquetá, Colombia</name>
    <description><![CDATA[<b>Magnitud:</b> 1.6 MLr_2<br/><b>Profundidad:</b> 4 km<br/><b>Hora local:</b> 2019-11-16T06:51:37+00:00<br/><b>Lugar:</b> San Vicente del Caguán - Caquetá, Colombia<br/>]]></description>
    <Point>
      <coordinates>-75.0271,2.7125,-4000</coordinates>
    </Point>
  </Placemark>
  <Placemark>
    <name>M1.1 - Yaguará - Huila, Colombia</name>
    <description><![CDATA[<b>Magnitud:</b> 1.1 MLr_2<br/><b>Profundidad:</b> 20 km<br/><b>Hora local:</b> 2019-11-14T10:31:23+00:00<br/><b>Lugar:</b> Yaguará - Huila, Colombia<br/>]]></description>
    <Point>
      <coordinates>-75.4458,2.6721,-20000</coordinates>
    </Point>
  </Placemark>
  <Placemark>
    <name>M1.3 - Yaguará - Huila, Colombia</name>
    <description><![CDATA[<b>Magnitud:</b> 1.3 MLr_2<br/><b>Profundidad:</b> 9 km<br/><b>Hora local:</b> 2019-11-11T00:42:57+00:00<br/><b>Lugar:</b> Yaguará - Huila, Colombia<br/>]]></description>
    <Point>
      <coordinates>-75.516,2.566,-9000</coordinates>
    </Point>
  </Placemark>
  <Placemark>
    <name>M1.9 - San Vicente del Caguán - Caquetá, Colombia</name>
    <description><![CDATA[<b>Magnitud:</b> 1.9 MLr_2<br/><b>Profundidad:</b> 6 km<br/><b>Hora local:</b> 2019-11-02T21:06:39+00:00<br/><b>Lugar:</b> San Vicente del Caguán - Caquetá, Colombia<br/>]]></description>
    <Point>
      <coordinates>-75.1136,2.6681,-6000</coordinates>
    </Point>
  </Placemark>
  <Placemark>
    <name>M2.5 - Algeciras - Huila, Colombia</name>
    <description><![CDATA[<b>Magnitud:</b> 2.5 MLr_2<br/><b>Profundidad:</b> 4 km<br/><b>Hora local:</b> 2019-11-01T12:09:54+00:00<br/><b>Lugar:</b> Algeciras - Huila, Colombia<br/>]]></description>
    <Point>
      <coordinates>-75.3476,2.5201,-4000</coordinates>
    </Point>
  </Placemark>
  <Placemark>
    <name>M2.1 - Tello - Huila, Colombia</name>
    <description><![CDATA[<b>Magnitud:</b> 2.1 MLr_2<br/><b>Profundidad:</b> 4 km<br/><b>Hora local:</b> 2019-10-31T23:03:51+00:00<br/><b>Lugar:</b> Tello - Huila, Colombia<br/>]]></description>
    <Point>
      <coordinates>-75.005,2.9848,-4000</coordinates>
    </Point>
  </Placemark>
  <Placemark>
    <name>M1.6 - San Vicente del Caguán - Caquetá, Colombia</name>
    <description><![CDATA[<b>Magnitud:</b> 1.6 MLr_2<br/><b>Profundidad:</b> 5 km<br/><b>Hora local:</b> 2019-10-29T03:13:26+00:00<br/><b>Lugar:</b> San Vicente del Caguán - Caquetá, Colombia<br/>]]></description>
    <Point>
      <coordinates>-75.0216,2.712,-5000</coordinates>
    </Point>
  </Placemark>
  <Placemark>
    <name>M1.1 - San Vicente del Caguán - Caquetá, Colombia</name>
    <description><![CDATA[<b>Magnitud:</b> 1.1 MLr_2<br/><b>Profundidad:</b> 6 km<br/><b>Hora local:</b> 2019-10-29T02:47:11+00:00<br/><b>Lugar:</b> San Vicente del Caguán - Caquetá, Colombia<br/>]]></description>
    <Point>
      <coordinates>-75.0308,2.6695,-6000</coordinates>
    </Point>
  </Placemark>
  <Placemark>
    <name>M1.4 - Yaguará - Huila, Colombia</name>
    <description><![CDATA[<b>Magnitud:</b> 1.4 MLr_2<br/><b>Profundidad:</b> 21 km<br/><b>Hora local:</b> 2019-10-24T12:05:55+00:00<br/><b>Lugar:</b> Yaguará - Huila, Colombia<br/>]]></description>
    <Point>
      <coordinates>-75.4891,2.6088,-21000</coordinates>
    </Point>
  </Placemark>
  <Placemark>
    <name>M1.5 - San Vicente del Caguán - Caquetá, Colombia</name>
    <description><![CDATA[<b>Magnitud:</b> 1.5 MLr_2<br/><b>Profundidad:</b> 5 km<br/><b>Hora local:</b> 2019-10-22T04:31:48+00:00<br/><b>Lugar:</b> San Vicente del Caguán - Caquetá, Colombia<br/>]]></description>
    <Point>
      <coordinates>-75.0293,2.7091,-5000</coordinates>
    </Point>
  </Placemark>
  <Placemark>
    <name>M2.6 - Algeciras - Huila, Colombia</name>
    <description><![CDATA[<b>Magnitud:</b> 2.6 MLr_2<br/><b>Profundidad:</b> 4 km<br/><b>Hora local:</b> 2019-10-21T01:36:53+00:00<br/><b>Lugar:</b> Algeciras - Huila, Colombia<br/>]]></description>
    <Point>
      <coordinates>-75.2593,2.4901,-4000</coordinates>
    </Point>
  </Placemark>
  <Placemark>
    <name>M1.4 - San Vicente del Caguán - Caquetá, Colombia</name>
    <description><![CDATA[<b>Magnitud:</b> 1.4 MLr_2<br/><b>Profundidad:</b> 9 km<br/><b>Hora local:</b> 2019-10-16T12:52:01+00:00<br/><b>Lugar:</b> San Vicente del Caguán - Caquetá, Colombia<br/>]]></description>
    <Point>
      <coordinates>-75.1218,2.6638,-9000</coordinates>
    </Point>
  </Placemark>
  <Placemark>
    <name>M1.2 - Algeciras - Huila, Colombia</name>
    <description><![CDATA[<b>Magnitud:</b> 1.2 MLr_2<br/><b>Profundidad:</b> 20 km<br/><b>Hora local:</b> 2019-10-09T20:47:19+00:00<br/><b>Lugar:</b> Algeciras - Huila, Colombia<br/>]]></description>
    <Point>
      <coordinates>-75.3586,2.5153,-20000</coordinates>
    </Point>
  </Placemark>
  <Placemark>
    <name>M1.4 - Baraya - Huila, Colombia</name>
    <description><![CDATA[<b>Magnitud:</b> 1.4 MLr_2<br/><b>Profundidad:</b> 18 km<br/><b>Hora local:</b> 2019-10-05T00:12:16+00:00<br/><b>Lugar:</b> Baraya - Huila, Colombia<br/>]]></description>
    <Point>
      <coordinates>-74.9756,3.191,-18000</coordinates>
    </Point>
  </Placemark>
  <Placemark>
    <name>M1.3 - San Vicente del Caguán - Caquetá, Colombia</name>
    <description><![CDATA[<b>Magnitud:</b> 1.3 MLr_2<br/><b>Profundidad:</b> 9 km<br/><b>Hora local:</b> 2019-10-04T02:13:31+00:00<br/><b>Lugar:</b> San Vicente del Caguán - Caquetá, Colombia<br/>]]></description>
    <Point>
      <coordinates>-75.0145,2.7201,-9000</coordinates>
    </Point>
  </Placemark>
  <Placemark>
    <name>M1.5 - San Vicente del Caguán - Caquetá, Colombia</name>
    <description><![CDATA[<b>Magnitud:</b> 1.5 MLr_2<br/><b>Profundidad:</b> 4 km<br/><b>Hora local:</b> 2019-10-03T21:19:17+00:00<br/><b>Lugar:</b> San Vicente del Caguán - Caquetá, Colombia<br/>]]></description>
    <Point>
      <coordinates>-75.0213,2.7143,-4000</coordinates>
    </Point>
  </Placemark>
  <Placemark>
    <name>M1.3 - Algeciras - Huila, Colombia</name>
    <description><![CDATA[<b>Magnitud:</b> 1.3 MLr_2<br/><b>Profundidad:</b> 1 km<br/><b>Hora local:</b> 2019-09-29T05:13:38+00:00<br/><b>Lugar:</b> Algeciras - Huila, Colombia<br/>]]></description>
    <Point>
      <coordinates>-75.3748,2.5085,-1000</coordinates>
    </Point>
  </Placemark>
  <Placemark>
    <name>M2.0 - San Vicente del Caguán - Caquetá, Colombia</name>
    <description><![CDATA[<b>Magnitud:</b> 2.0 MLr_2<br/><b>Profundidad:</b> 6 km<br/><b>Hora local:</b> 2019-09-27T17:45:01+00:00<br/><b>Lugar:</b> San Vicente del Caguán - Caquetá, Colombia<br/>]]></description>
    <Point>
      <coordinates>-75.0148,2.714,-6000</coordinates>
    </Point>
  </Placemark>
  <Placemark>
    <name>M1.5 - San Vicente del Caguán - Caquetá, Colombia</name>
    <description><![CDATA[<b>Magnitud:</b> 1.5 MLr_2<br/><b>Profundidad:</b> 6 km<br/><b>Hora local:</b> 2019-09-25T13:56:11+00:00<br/><b>Lugar:</b> San Vicente del Caguán - Caquetá, Colombia<br/>]]></description>
    <Point>
      <coordinates>-75.0516,2.745,-6000</coordinates>
    </Point>
  </Placemark>
  <Placemark>
    <name>M1.4 - San Vicente del Caguán - Caquetá, Colombia</name>
    <description><![CDATA[<b>Magnitud:</b> 1.4 MLr_2<br/><b>Profundidad:</b> 4 km<br/><b>Hora local:</b> 2019-09-23T16:11:00+00:00<br/><b>Lugar:</b> San Vicente del Caguán - Caquetá, Colombia<br/>]]></description>
    <Point>
      <coordinates>-75.0553,2.6766,-4000</coordinates>
    </Point>
  </Placemark>
  <Placemark>
    <name>M1.5 - San Vicente del Caguán - Caquetá, Colombia</name>
    <description><![CDATA[<b>Magnitud:</b> 1.5 MLr_2<br/><b>Profundidad:</b> 20 km<br/><b>Hora local:</b> 2019-09-20T09:20:24+00:00<br/><b>Lugar:</b> San Vicente del Caguán - Caquetá, Colombia<br/>]]></description>
    <Point>
      <coordinates>-74.8606,2.8676,-20000</coordinates>
    </Point>
  </Placemark>
  <Placemark>
    <name>M1.4 - San Vicente del Caguán - Caquetá, Colombia</name>
    <description><![CDATA[<b>Magnitud:</b> 1.4 MLr_2<br/><b>Profundidad:</b> 6 km<br/><b>Hora local:</b> 2019-09-14T12:17:27+00:00<br/><b>Lugar:</b> San Vicente del Caguán - Caquetá, Colombia<br/>]]></description>
    <Point>
      <coordinates>-74.9515,2.8283,-6000</coordinates>
    </Point>
  </Placemark>
  <Placemark>
    <name>M1.5 - San Vicente del Caguán - Caquetá, Colombia</name>
    <description><![CDATA[<b>Magnitud:</b> 1.5 MLr_2<br/><b>Profundidad:</b> 4 km<br/><b>Hora local:</b> 2019-09-12T00:46:37+00:00<br/><b>Lugar:</b> San Vicente del Caguán - Caquetá, Colombia<br/>]]></description>
    <Point>
      <coordinates>-74.8475,2.8746,-4000</coordinates>
    </Point>
  </Placemark>
  <Placemark>
    <name>M0.9 - Neiva - Huila, Colombia</name>
    <description><![CDATA[<b>Magnitud:</b> 0.9 MLr_2<br/><b>Profundidad:</b> 0 km<br/><b>Hora local:</b> 2019-09-09T23:49:21+00:00<br/><b>Lugar:</b> Neiva - Huila, Colombia<br/>]]></description>
    <Point>
      <coordinates>-75.151,2.9756,0</coordinates>
    </Point>
  </Placemark>
  <Placemark>
    <name>M1.3 - San Vicente del Caguán - Caquetá, Colombia</name>
    <description><![CDATA[<b>Magnitud:</b> 1.3 MLr_2<br/><b>Profundidad:</b> 15 km<br/><b>Hora local:</b> 2019-09-05T22:31:46+00:00<br/><b>Lugar:</b> San Vicente del Caguán - Caquetá, Colombia<br/>]]></description>
    <Point>
      <coordinates>-75.1293,2.6211,-15000</coordinates>
    </Point>
  </Placemark>
  <Placemark>
    <name>M0.9 - Neiva - Huila, Colombia</name>
    <description><![CDATA[<b>Magnitud:</b> 0.9 MLr_2<br/><b>Profundidad:</b> 12 km<br/><b>Hora local:</b> 2019-09-01T01:14:00+00:00<br/><b>Lugar:</b> Neiva - Huila, Colombia<br/>]]></description>
    <Point>
      <coordinates>-75.2201,2.9416,-12000</coordinates>
    </Point>
  </Placemark>
  <Placemark>
    <name>M1.0 - Rivera - Huila, Colombia</name>
    <description><![CDATA[<b>Magnitud:</b> 1.0 MLr_2<br/><b>Profundidad:</b> 16 km<br/><b>Hora local:</b> 2019-09-01T01:04:24+00:00<br/><b>Lugar:</b> Rivera - Huila, Colombia<br/>]]></description>
    <Point>
      <coordinates>-75.0775,2.7473,-16000</coordinates>
    </Point>
  </Placemark>
  <Placemark>
    <name>M1.1 - San Vicente del Caguán - Caquetá, Colombia</name>
    <description><![CDATA[<b>Magnitud:</b> 1.1 MLr_2<br/><b>Profundidad:</b> 6 km<br/><b>Hora local:</b> 2019-08-30T19:25:29+00:00<br/><b>Lugar:</b> San Vicente del Caguán - Caquetá, Colombia<br/>]]></description>
    <Point>
      <coordinates>-75.075,2.658,-6000</coordinates>
    </Point>
  </Placemark>
  <Placemark>
    <name>M1.8 - San Vicente del Caguán - Caquetá, Colombia</name>
    <description><![CDATA[<b>Magnitud:</b> 1.8 MLr_2<br/><b>Profundidad:</b> 4 km<br/><b>Hora local:</b> 2019-08-28T23:20:17+00:00<br/><b>Lugar:</b> San Vicente del Caguán - Caquetá, Colombia<br/>]]></description>
    <Point>
      <coordinates>-75.0486,2.6483,-4000</coordinates>
    </Point>
  </Placemark>
  <Placemark>
    <name>M2.0 - Hobo - Huila, Colombia</name>
    <description><![CDATA[<b>Magnitud:</b> 2.0 MLr_2<br/><b>Profundidad:</b> 24 km<br/><b>Hora local:</b> 2019-08-27T19:53:52+00:00<br/><b>Lugar:</b> Hobo - Huila, Colombia<br/>]]></description>
    <Point>
      <coordinates>-75.3983,2.5338,-24000</coordinates>
    </Point>
  </Placemark>
  <Placemark>
    <name>M1.6 - San Vicente del Caguán - Caquetá, Colombia</name>
    <description><![CDATA[<b>Magnitud:</b> 1.6 MLr_2<br/><b>Profundidad:</b> 7 km<br/><b>Hora local:</b> 2019-08-27T01:59:06+00:00<br/><b>Lugar:</b> San Vicente del Caguán - Caquetá, Colombia<br/>]]></description>
    <Point>
      <coordinates>-74.9188,2.8135,-7000</coordinates>
    </Point>
  </Placemark>
  <Placemark>
    <name>M1.8 - Campoalegre - Huila, Colombia</name>
    <description><![CDATA[<b>Magnitud:</b> 1.8 MLr_2<br/><b>Profundidad:</b> 23 km<br/><b>Hora local:</b> 2019-08-18T07:10:17+00:00<br/><b>Lugar:</b> Campoalegre - Huila, Colombia<br/>]]></description>
    <Point>
      <coordinates>-75.3356,2.6445,-23000</coordinates>
    </Point>
  </Placemark>
  <Placemark>
    <name>M1.3 - San Vicente del Caguán - Caquetá, Colombia</name>
    <description><![CDATA[<b>Magnitud:</b> 1.3 MLr_2<br/><b>Profundidad:</b> 6 km<br/><b>Hora local:</b> 2019-08-07T18:42:08+00:00<br/><b>Lugar:</b> San Vicente del Caguán - Caquetá, Colombia<br/>]]></description>
    <Point>
      <coordinates>-75.0103,2.6748,-6000</coordinates>
    </Point>
  </Placemark>
  <Placemark>
    <name>M1.4 - Baraya - Huila, Colombia</name>
    <description><![CDATA[<b>Magnitud:</b> 1.4 MLr_2<br/><b>Profundidad:</b> 13 km<br/><b>Hora local:</b> 2019-07-30T16:34:34+00:00<br/><b>Lugar:</b> Baraya - Huila, Colombia<br/>]]></description>
    <Point>
      <coordinates>-75.0305,3.1078,-13000</coordinates>
    </Point>
  </Placemark>
  <Placemark>
    <name>M1.1 - Hobo - Huila, Colombia</name>
    <description><![CDATA[<b>Magnitud:</b> 1.1 MLr_2<br/><b>Profundidad:</b> 8 km<br/><b>Hora local:</b> 2019-07-30T05:50:10+00:00<br/><b>Lugar:</b> Hobo - Huila, Colombia<br/>]]></description>
    <Point>
      <coordinates>-75.5011,2.5415,-8000</coordinates>
    </Point>
  </Placemark>
  <Placemark>
    <name>M1.1 - San Vicente del Caguán - Caquetá, Colombia</name>
    <description><![CDATA[<b>Magnitud:</b> 1.1 MLr_2<br/><b>Profundidad:</b> 13 km<br/><b>Hora local:</b> 2019-07-29T03:40:36+00:00<br/><b>Lugar:</b> San Vicente del Caguán - Caquetá, Colombia<br/>]]></description>
    <Point>
      <coordinates>-74.8498,2.8783,-13000</coordinates>
    </Point>
  </Placemark>
  <Placemark>
    <name>M1.8 - San Vicente del Caguán - Caquetá, Colombia</name>
    <description><![CDATA[<b>Magnitud:</b> 1.8 MLr_2<br/><b>Profundidad:</b> 10 km<br/><b>Hora local:</b> 2019-07-28T05:20:39+00:00<br/><b>Lugar:</b> San Vicente del Caguán - Caquetá, Colombia<br/>]]></description>
    <Point>
      <coordinates>-74.8945,2.8793,-10000</coordinates>
    </Point>
  </Placemark>
  <Placemark>
    <name>M1.5 - Campoalegre - Huila, Colombia</name>
    <description><![CDATA[<b>Magnitud:</b> 1.5 MLr_2<br/><b>Profundidad:</b> 15 km<br/><b>Hora local:</b> 2019-07-21T15:00:58+00:00<br/><b>Lugar:</b> Campoalegre - Huila, Colombia<br/>]]></description>
    <Point>
      <coordinates>-75.354,2.5606,-15000</coordinates>
    </Point>
  </Placemark>
  <Placemark>
    <name>M1.4 - San Vicente del Caguán - Caquetá, Colombia</name>
    <description><![CDATA[<b>Magnitud:</b> 1.4 MLr_2<br/><b>Profundidad:</b> 17 km<br/><b>Hora local:</b> 2019-07-19T10:36:51+00:00<br/><b>Lugar:</b> San Vicente del Caguán - Caquetá, Colombia<br/>]]></description>
    <Point>
      <coordinates>-75.0876,2.6456,-17000</coordinates>
    </Point>
  </Placemark>
  <Placemark>
    <name>M1.3 - San Vicente del Caguán - Caquetá, Colombia</name>
    <description><![CDATA[<b>Magnitud:</b> 1.3 MLr_2<br/><b>Profundidad:</b> 9 km<br/><b>Hora local:</b> 2019-07-13T14:54:16+00:00<br/><b>Lugar:</b> San Vicente del Caguán - Caquetá, Colombia<br/>]]></description>
    <Point>
      <coordinates>-75.0195,2.7038,-9000</coordinates>
    </Point>
  </Placemark>
  <Placemark>
    <name>M1.5 - San Vicente del Caguán - Caquetá, Colombia</name>
    <description><![CDATA[<b>Magnitud:</b> 1.5 MLr_2<br/><b>Profundidad:</b> 4 km<br/><b>Hora local:</b> 2019-07-09T06:54:07+00:00<br/><b>Lugar:</b> San Vicente del Caguán - Caquetá, Colombia<br/>]]></description>
    <Point>
      <coordinates>-75.048,2.6481,-4000</coordinates>
    </Point>
  </Placemark>
  <Placemark>
    <name>M2.1 - Campoalegre - Huila, Colombia</name>
    <description><![CDATA[<b>Magnitud:</b> 2.1 MLr_2<br/><b>Profundidad:</b> 3 km<br/><b>Hora local:</b> 2019-07-06T17:28:28+00:00<br/><b>Lugar:</b> Campoalegre - Huila, Colombia<br/>]]></description>
    <Point>
      <coordinates>-75.3286,2.561,-3000</coordinates>
    </Point>
  </Placemark>
  <Placemark>
    <name>M1.8 - Villavieja - Huila, Colombia</name>
    <description><![CDATA[<b>Magnitud:</b> 1.8 MLr_2<br/><b>Profundidad:</b> 4 km<br/><b>Hora local:</b> 2019-07-05T03:22:03+00:00<br/><b>Lugar:</b> Villavieja - Huila, Colombia<br/>]]></description>
    <Point>
      <coordinates>-75.2148,3.2731,-4000</coordinates>
    </Point>
  </Placemark>
  <Placemark>
    <name>M1.7 - Villavieja - Huila, Colombia</name>
    <description><![CDATA[<b>Magnitud:</b> 1.7 MLr_2<br/><b>Profundidad:</b> 55 km<br/><b>Hora local:</b> 2019-07-04T09:16:29+00:00<br/><b>Lugar:</b> Villavieja - Huila, Colombia<br/>]]></description>
    <Point>
      <coordinates>-75.0905,3.2488,-55000</coordinates>
    </Point>
  </Placemark>
  <Placemark>
    <name>M1.6 - San Vicente del Caguán - Caquetá, Colombia</name>
    <description><![CDATA[<b>Magnitud:</b> 1.6 MLr_2<br/><b>Profundidad:</b> 4 km<br/><b>Hora local:</b> 2019-06-25T16:31:53+00:00<br/><b>Lugar:</b> San Vicente del Caguán - Caquetá, Colombia<br/>]]></description>
    <Point>
      <coordinates>-75.0356,2.6995,-4000</coordinates>
    </Point>
  </Placemark>
  <Placemark>
    <name>M1.4 - San Vicente del Caguán - Caquetá, Colombia</name>
    <description><![CDATA[<b>Magnitud:</b> 1.4 MLr_2<br/><b>Profundidad:</b> 6 km<br/><b>Hora local:</b> 2019-06-24T19:44:39+00:00<br/><b>Lugar:</b> San Vicente del Caguán - Caquetá, Colombia<br/>]]></description>
    <Point>
      <coordinates>-75.0318,2.6983,-6000</coordinates>
    </Point>
  </Placemark>
  <Placemark>
    <name>M1.4 - San Vicente del Caguán - Caquetá, Colombia</name>
    <description><![CDATA[<b>Magnitud:</b> 1.4 MLr_2<br/><b>Profundidad:</b> 6 km<br/><b>Hora local:</b> 2019-06-23T21:52:30+00:00<br/><b>Lugar:</b> San Vicente del Caguán - Caquetá, Colombia<br/>]]></description>
    <Point>
      <coordinates>-75.0088,2.7145,-6000</coordinates>
    </Point>
  </Placemark>
  <Placemark>
    <name>M1.6 - Neiva - Huila, Colombia</name>
    <description><![CDATA[<b>Magnitud:</b> 1.6 MLr_2<br/><b>Profundidad:</b> 13 km<br/><b>Hora local:</b> 2019-06-18T13:38:03+00:00<br/><b>Lugar:</b> Neiva - Huila, Colombia<br/>]]></description>
    <Point>
      <coordinates>-75.1435,2.9155,-13000</coordinates>
    </Point>
  </Placemark>
  <Placemark>
    <name>M2.0 - Baraya - Huila, Colombia</name>
    <description><![CDATA[<b>Magnitud:</b> 2.0 MLr_2<br/><b>Profundidad:</b> 4 km<br/><b>Hora local:</b> 2019-06-12T11:06:31+00:00<br/><b>Lugar:</b> Baraya - Huila, Colombia<br/>]]></description>
    <Point>
      <coordinates>-74.9116,3.1411,-4000</coordinates>
    </Point>
  </Placemark>
  <Placemark>
    <name>M1.7 - San Vicente del Caguán - Caquetá, Colombia</name>
    <description><![CDATA[<b>Magnitud:</b> 1.7 MLr_2<br/><b>Profundidad:</b> 8 km<br/><b>Hora local:</b> 2019-06-11T08:03:19+00:00<br/><b>Lugar:</b> San Vicente del Caguán - Caquetá, Colombia<br/>]]></description>
    <Point>
      <coordinates>-75.1053,2.6545,-8000</coordinates>
    </Point>
  </Placemark>
  <Placemark>
    <name>M1.4 - San Vicente del Caguán - Caquetá, Colombia</name>
    <description><![CDATA[<b>Magnitud:</b> 1.4 MLr_2<br/><b>Profundidad:</b> 16 km<br/><b>Hora local:</b> 2019-06-07T18:17:58+00:00<br/><b>Lugar:</b> San Vicente del Caguán - Caquetá, Colombia<br/>]]></description>
    <Point>
      <coordinates>-74.9956,2.7465,-16000</coordinates>
    </Point>
  </Placemark>
  <Placemark>
    <name>M1.5 - Aipe - Huila, Colombia</name>
    <description><![CDATA[<b>Magnitud:</b> 1.5 MLr_2<br/><b>Profundidad:</b> 6 km<br/><b>Hora local:</b> 2019-06-03T08:14:01+00:00<br/><b>Lugar:</b> Aipe - Huila, Colombia<br/>]]></description>
    <Point>
      <coordinates>-75.2275,3.2501,-6000</coordinates>
    </Point>
  </Placemark>
  <Placemark>
    <name>M1.4 - San Vicente del Caguán - Caquetá, Colombia</name>
    <description><![CDATA[<b>Magnitud:</b> 1.4 MLr_2<br/><b>Profundidad:</b> 4 km<br/><b>Hora local:</b> 2019-06-02T23:59:26+00:00<br/><b>Lugar:</b> San Vicente del Caguán - Caquetá, Colombia<br/>]]></description>
    <Point>
      <coordinates>-75.0201,2.7123,-4000</coordinates>
    </Point>
  </Placemark>
  <Placemark>
    <name>M1.4 - Aipe - Huila, Colombia</name>
    <description><![CDATA[<b>Magnitud:</b> 1.4 MLr_2<br/><b>Profundidad:</b> 1 km<br/><b>Hora local:</b> 2019-06-02T02:39:50+00:00<br/><b>Lugar:</b> Aipe - Huila, Colombia<br/>]]></description>
    <Point>
      <coordinates>-75.2388,3.3036,-1000</coordinates>
    </Point>
  </Placemark>
  <Placemark>
    <name>M1.2 - Villavieja - Huila, Colombia</name>
    <description><![CDATA[<b>Magnitud:</b> 1.2 MLr_2<br/><b>Profundidad:</b> 17 km<br/><b>Hora local:</b> 2019-05-24T06:50:36+00:00<br/><b>Lugar:</b> Villavieja - Huila, Colombia<br/>]]></description>
    <Point>
      <coordinates>-75.1003,3.2865,-17000</coordinates>
    </Point>
  </Placemark>
  <Placemark>
    <name>M0.9 - Neiva - Huila, Colombia</name>
    <description><![CDATA[<b>Magnitud:</b> 0.9 MLr_2<br/><b>Profundidad:</b> 19 km<br/><b>Hora local:</b> 2019-05-24T03:23:55+00:00<br/><b>Lugar:</b> Neiva - Huila, Colombia<br/>]]></description>
    <Point>
      <coordinates>-75.409,3.1961,-19000</coordinates>
    </Point>
  </Placemark>
  <Placemark>
    <name>M1.4 - San Vicente del Caguán - Caquetá, Colombia</name>
    <description><![CDATA[<b>Magnitud:</b> 1.4 MLr_2<br/><b>Profundidad:</b> 4 km<br/><b>Hora local:</b> 2019-05-22T22:46:59+00:00<br/><b>Lugar:</b> San Vicente del Caguán - Caquetá, Colombia<br/>]]></description>
    <Point>
      <coordinates>-75.0211,2.726,-4000</coordinates>
    </Point>
  </Placemark>
  <Placemark>
    <name>M2.0 - San Vicente del Caguán - Caquetá, Colombia</name>
    <description><![CDATA[<b>Magnitud:</b> 2.0 MLr_2<br/><b>Profundidad:</b> 4 km<br/><b>Hora local:</b> 2019-05-18T21:09:30+00:00<br/><b>Lugar:</b> San Vicente del Caguán - Caquetá, Colombia<br/>]]></description>
    <Point>
      <coordinates>-75.0213,2.7128,-4000</coordinates>
    </Point>
  </Placemark>
  <Placemark>
    <name>M1.2 - Campoalegre - Huila, Colombia</name>
    <description><![CDATA[<b>Magnitud:</b> 1.2 MLr_2<br/><b>Profundidad:</b> 22 km<br/><b>Hora local:</b> 2019-05-18T01:26:47+00:00<br/><b>Lugar:</b> Campoalegre - Huila, Colombia<br/>]]></description>
    <Point>
      <coordinates>-75.3678,2.5153,-22000</coordinates>
    </Point>
  </Placemark>
  <Placemark>
    <name>M1.9 - San Vicente del Caguán - Caquetá, Colombia</name>
    <description><![CDATA[<b>Magnitud:</b> 1.9 MLr_2<br/><b>Profundidad:</b> 6 km<br/><b>Hora local:</b> 2019-05-15T08:18:42+00:00<br/><b>Lugar:</b> San Vicente del Caguán - Caquetá, Colombia<br/>]]></description>
    <Point>
      <coordinates>-75.0695,2.7081,-6000</coordinates>
    </Point>
  </Placemark>
  <Placemark>
    <name>M1.5 - San Vicente del Caguán - Caquetá, Colombia</name>
    <description><![CDATA[<b>Magnitud:</b> 1.5 MLr_2<br/><b>Profundidad:</b> 10 km<br/><b>Hora local:</b> 2019-05-14T17:28:31+00:00<br/><b>Lugar:</b> San Vicente del Caguán - Caquetá, Colombia<br/>]]></description>
    <Point>
      <coordinates>-74.925,2.794,-10000</coordinates>
    </Point>
  </Placemark>
  <Placemark>
    <name>M1.3 - San Vicente del Caguán - Caquetá, Colombia</name>
    <description><![CDATA[<b>Magnitud:</b> 1.3 MLr_2<br/><b>Profundidad:</b> 4 km<br/><b>Hora local:</b> 2019-05-05T16:12:45+00:00<br/><b>Lugar:</b> San Vicente del Caguán - Caquetá, Colombia<br/>]]></description>
    <Point>
      <coordinates>-74.9901,2.6855,-4000</coordinates>
    </Point>
  </Placemark>
  <Placemark>
    <name>M1.4 - San Vicente del Caguán - Caquetá, Colombia</name>
    <description><![CDATA[<b>Magnitud:</b> 1.4 MLr_2<br/><b>Profundidad:</b> 6 km<br/><b>Hora local:</b> 2019-04-30T20:50:10+00:00<br/><b>Lugar:</b> San Vicente del Caguán - Caquetá, Colombia<br/>]]></description>
    <Point>
      <coordinates>-75.0548,2.6945,-6000</coordinates>
    </Point>
  </Placemark>
  <Placemark>
    <name>M1.9 - San Vicente del Caguán - Caquetá, Colombia</name>
    <description><![CDATA[<b>Magnitud:</b> 1.9 MLr_2<br/><b>Profundidad:</b> 4 km<br/><b>Hora local:</b> 2019-04-24T15:54:15+00:00<br/><b>Lugar:</b> San Vicente del Caguán - Caquetá, Colombia<br/>]]></description>
    <Point>
      <coordinates>-75.0396,2.6813,-4000</coordinates>
    </Point>
  </Placemark>
  <Placemark>
    <name>M1.3 - San Vicente del Caguán - Caquetá, Colombia</name>
    <description><![CDATA[<b>Magnitud:</b> 1.3 MLr_2<br/><b>Profundidad:</b> 4 km<br/><b>Hora local:</b> 2019-04-13T02:18:20+00:00<br/><b>Lugar:</b> San Vicente del Caguán - Caquetá, Colombia<br/>]]></description>
    <Point>
      <coordinates>-75.0178,2.732,-4000</coordinates>
    </Point>
  </Placemark>
  <Placemark>
    <name>M1.3 - San Vicente del Caguán - Caquetá, Colombia</name>
    <description><![CDATA[<b>Magnitud:</b> 1.3 MLr_2<br/><b>Profundidad:</b> 13 km<br/><b>Hora local:</b> 2019-04-08T05:19:18+00:00<br/><b>Lugar:</b> San Vicente del Caguán - Caquetá, Colombia<br/>]]></description>
    <Point>
      <coordinates>-75.0716,2.6818,-13000</coordinates>
    </Point>
  </Placemark>
  <Placemark>
    <name>M1.3 - San Vicente del Caguán - Caquetá, Colombia</name>
    <description><![CDATA[<b>Magnitud:</b> 1.3 MLr_2<br/><b>Profundidad:</b> 4 km<br/><b>Hora local:</b> 2019-04-05T02:50:20+00:00<br/><b>Lugar:</b> San Vicente del Caguán - Caquetá, Colombia<br/>]]></description>
    <Point>
      <coordinates>-75.0178,2.7163,-4000</coordinates>
    </Point>
  </Placemark>
  <Placemark>
    <name>M1.5 - Tello - Huila, Colombia</name>
    <description><![CDATA[<b>Magnitud:</b> 1.5 MLr_2<br/><b>Profundidad:</b> 14 km<br/><b>Hora local:</b> 2019-03-20T23:51:42+00:00<br/><b>Lugar:</b> Tello - Huila, Colombia<br/>]]></description>
    <Point>
      <coordinates>-75.2191,3.1381,-14000</coordinates>
    </Point>
  </Placemark>
  <Placemark>
    <name>M1.6 - San Vicente del Caguán - Caquetá, Colombia</name>
    <description><![CDATA[<b>Magnitud:</b> 1.6 MLr_2<br/><b>Profundidad:</b> 4 km<br/><b>Hora local:</b> 2019-03-17T06:22:57+00:00<br/><b>Lugar:</b> San Vicente del Caguán - Caquetá, Colombia<br/>]]></description>
    <Point>
      <coordinates>-75.0096,2.6836,-4000</coordinates>
    </Point>
  </Placemark>
  <Placemark>
    <name>M2.0 - Campoalegre - Huila, Colombia</name>
    <description><![CDATA[<b>Magnitud:</b> 2.0 MLr_2<br/><b>Profundidad:</b> 15 km<br/><b>Hora local:</b> 2019-03-16T01:05:25+00:00<br/><b>Lugar:</b> Campoalegre - Huila, Colombia<br/>]]></description>
    <Point>
      <coordinates>-75.2946,2.5918,-15000</coordinates>
    </Point>
  </Placemark>
  <Placemark>
    <name>M1.8 - Algeciras - Huila, Colombia</name>
    <description><![CDATA[<b>Magnitud:</b> 1.8 MLr_2<br/><b>Profundidad:</b> 12 km<br/><b>Hora local:</b> 2019-03-11T21:40:27+00:00<br/><b>Lugar:</b> Algeciras - Huila, Colombia<br/>]]></description>
    <Point>
      <coordinates>-75.3435,2.4855,-12000</coordinates>
    </Point>
  </Placemark>
  <Placemark>
    <name>M1.4 - Neiva - Huila, Colombia</name>
    <description><![CDATA[<b>Magnitud:</b> 1.4 MLr_2<br/><b>Profundidad:</b> 9 km<br/><b>Hora local:</b> 2019-03-11T03:10:21+00:00<br/><b>Lugar:</b> Neiva - Huila, Colombia<br/>]]></description>
    <Point>
      <coordinates>-74.9811,2.9095,-9000</coordinates>
    </Point>
  </Placemark>
  <Placemark>
    <name>M1.3 - Campoalegre - Huila, Colombia</name>
    <description><![CDATA[<b>Magnitud:</b> 1.3 MLr_2<br/><b>Profundidad:</b> 17 km<br/><b>Hora local:</b> 2019-03-11T00:51:19+00:00<br/><b>Lugar:</b> Campoalegre - Huila, Colombia<br/>]]></description>
    <Point>
      <coordinates>-75.3738,2.5183,-17000</coordinates>
    </Point>
  </Placemark>
  <Placemark>
    <name>M1.9 - Villavieja - Huila, Colombia</name>
    <description><![CDATA[<b>Magnitud:</b> 1.9 MLr_2<br/><b>Profundidad:</b> 2 km<br/><b>Hora local:</b> 2019-02-27T17:47:22+00:00<br/><b>Lugar:</b> Villavieja - Huila, Colombia<br/>]]></description>
    <Point>
      <coordinates>-75.0371,3.276,-2000</coordinates>
    </Point>
  </Placemark>
  <Placemark>
    <name>M1.3 - San Vicente del Caguán - Caquetá, Colombia</name>
    <description><![CDATA[<b>Magnitud:</b> 1.3 MLr_2<br/><b>Profundidad:</b> 4 km<br/><b>Hora local:</b> 2019-02-25T23:37:15+00:00<br/><b>Lugar:</b> San Vicente del Caguán - Caquetá, Colombia<br/>]]></description>
    <Point>
      <coordinates>-75.0141,2.6861,-4000</coordinates>
    </Point>
  </Placemark>
  <Placemark>
    <name>M1.2 - Algeciras - Huila, Colombia</name>
    <description><![CDATA[<b>Magnitud:</b> 1.2 MLr_2<br/><b>Profundidad:</b> 5 km<br/><b>Hora local:</b> 2019-02-20T03:39:43+00:00<br/><b>Lugar:</b> Algeciras - Huila, Colombia<br/>]]></description>
    <Point>
      <coordinates>-75.3061,2.4841,-5000</coordinates>
    </Point>
  </Placemark>
  <Placemark>
    <name>M1.2 - Algeciras - Huila, Colombia</name>
    <description><![CDATA[<b>Magnitud:</b> 1.2 MLr_2<br/><b>Profundidad:</b> 4 km<br/><b>Hora local:</b> 2019-02-16T07:32:58+00:00<br/><b>Lugar:</b> Algeciras - Huila, Colombia<br/>]]></description>
    <Point>
      <coordinates>-75.1923,2.6075,-4000</coordinates>
    </Point>
  </Placemark>
  <Placemark>
    <name>M2.8 - Íquira - Huila, Colombia</name>
    <description><![CDATA[<b>Magnitud:</b> 2.8 MLr_2<br/><b>Profundidad:</b> 0 km<br/><b>Hora local:</b> 2019-02-01T12:38:11+00:00<br/><b>Lugar:</b> Íquira - Huila, Colombia<br/>]]></description>
    <Point>
      <coordinates>-75.6213,2.6435,0</coordinates>
    </Point>
  </Placemark>
  <Placemark>
    <name>M1.8 - San Vicente del Caguán - Caquetá, Colombia</name>
    <description><![CDATA[<b>Magnitud:</b> 1.8 MLr_2<br/><b>Profundidad:</b> 5 km<br/><b>Hora local:</b> 2019-02-01T10:17:07+00:00<br/><b>Lugar:</b> San Vicente del Caguán - Caquetá, Colombia<br/>]]></description>
    <Point>
      <coordinates>-75.0053,2.7693,-5000</coordinates>
    </Point>
  </Placemark>
  <Placemark>
    <name>M1.4 - San Vicente del Caguán - Caquetá, Colombia</name>
    <description><![CDATA[<b>Magnitud:</b> 1.4 MLr_2<br/><b>Profundidad:</b> 4 km<br/><b>Hora local:</b> 2019-01-31T03:46:35+00:00<br/><b>Lugar:</b> San Vicente del Caguán - Caquetá, Colombia<br/>]]></description>
    <Point>
      <coordinates>-75.0253,2.7293,-4000</coordinates>
    </Point>
  </Placemark>
  <Placemark>
    <name>M1.4 - Villavieja - Huila, Colombia</name>
    <description><![CDATA[<b>Magnitud:</b> 1.4 MLr_2<br/><b>Profundidad:</b> 24 km<br/><b>Hora local:</b> 2019-01-30T14:35:53+00:00<br/><b>Lugar:</b> Villavieja - Huila, Colombia<br/>]]></description>
    <Point>
      <coordinates>-75.2281,3.3031,-24000</coordinates>
    </Point>
  </Placemark>
  <Placemark>
    <name>M1.6 - San Vicente del Caguán - Caquetá, Colombia</name>
    <description><![CDATA[<b>Magnitud:</b> 1.6 MLr_2<br/><b>Profundidad:</b> 5 km<br/><b>Hora local:</b> 2019-01-28T07:13:59+00:00<br/><b>Lugar:</b> San Vicente del Caguán - Caquetá, Colombia<br/>]]></description>
    <Point>
      <coordinates>-75.0191,2.7816,-5000</coordinates>
    </Point>
  </Placemark>
  <Placemark>
    <name>M1.5 - San Vicente del Caguán - Caquetá, Colombia</name>
    <description><![CDATA[<b>Magnitud:</b> 1.5 MLr_2<br/><b>Profundidad:</b> 4 km<br/><b>Hora local:</b> 2019-01-27T07:28:07+00:00<br/><b>Lugar:</b> San Vicente del Caguán - Caquetá, Colombia<br/>]]></description>
    <Point>
      <coordinates>-75.1361,2.6606,-4000</coordinates>
    </Point>
  </Placemark>
  <Placemark>
    <name>M1.4 - Villavieja - Huila, Colombia</name>
    <description><![CDATA[<b>Magnitud:</b> 1.4 MLr_2<br/><b>Profundidad:</b> 1 km<br/><b>Hora local:</b> 2019-01-26T08:54:12+00:00<br/><b>Lugar:</b> Villavieja - Huila, Colombia<br/>]]></description>
    <Point>
      <coordinates>-75.0925,3.1945,-1000</coordinates>
    </Point>
  </Placemark>
  <Placemark>
    <name>M1.2 - Hobo - Huila, Colombia</name>
    <description><![CDATA[<b>Magnitud:</b> 1.2 MLr_2<br/><b>Profundidad:</b> 3 km<br/><b>Hora local:</b> 2019-01-25T17:26:10+00:00<br/><b>Lugar:</b> Hobo - Huila, Colombia<br/>]]></description>
    <Point>
      <coordinates>-75.4188,2.5115,-3000</coordinates>
    </Point>
  </Placemark>
  <Placemark>
    <name>M1.2 - Santa María - Huila, Colombia</name>
    <description><![CDATA[<b>Magnitud:</b> 1.2 MLr_2<br/><b>Profundidad:</b> 74 km<br/><b>Hora local:</b> 2019-01-21T05:09:42+00:00<br/><b>Lugar:</b> Santa María - Huila, Colombia<br/>]]></description>
    <Point>
      <coordinates>-75.6031,2.9923,-74000</coordinates>
    </Point>
  </Placemark>
  <Placemark>
    <name>M1.8 - San Vicente del Caguán - Caquetá, Colombia</name>
    <description><![CDATA[<b>Magnitud:</b> 1.8 MLr_2<br/><b>Profundidad:</b> 10 km<br/><b>Hora local:</b> 2019-01-20T16:35:00+00:00<br/><b>Lugar:</b> San Vicente del Caguán - Caquetá, Colombia<br/>]]></description>
    <Point>
      <coordinates>-74.9875,2.6945,-10000</coordinates>
    </Point>
  </Placemark>
  <Placemark>
    <name>M1.9 - San Vicente del Caguán - Caquetá, Colombia</name>
    <description><![CDATA[<b>Magnitud:</b> 1.9 MLr_2<br/><b>Profundidad:</b> 4 km<br/><b>Hora local:</b> 2019-01-20T16:20:39+00:00<br/><b>Lugar:</b> San Vicente del Caguán - Caquetá, Colombia<br/>]]></description>
    <Point>
      <coordinates>-75.0348,2.7841,-4000</coordinates>
    </Point>
  </Placemark>
  <Placemark>
    <name>M1.4 - San Vicente del Caguán - Caquetá, Colombia</name>
    <description><![CDATA[<b>Magnitud:</b> 1.4 MLr_2<br/><b>Profundidad:</b> 4 km<br/><b>Hora local:</b> 2019-01-20T02:07:38+00:00<br/><b>Lugar:</b> San Vicente del Caguán - Caquetá, Colombia<br/>]]></description>
    <Point>
      <coordinates>-75.03,2.7551,-4000</coordinates>
    </Point>
  </Placemark>
  <Placemark>
    <name>M1.2 - San Vicente del Caguán - Caquetá, Colombia</name>
    <description><![CDATA[<b>Magnitud:</b> 1.2 MLr_2<br/><b>Profundidad:</b> 13 km<br/><b>Hora local:</b> 2019-01-19T18:07:12+00:00<br/><b>Lugar:</b> San Vicente del Caguán - Caquetá, Colombia<br/>]]></description>
    <Point>
      <coordinates>-74.9596,2.826,-13000</coordinates>
    </Point>
  </Placemark>
  <Placemark>
    <name>M3.9 - San Vicente del Caguán - Caquetá, Colombia</name>
    <description><![CDATA[<b>Magnitud:</b> 3.9 Mw<br/><b>Profundidad:</b> 3 km<br/><b>Hora local:</b> 2019-01-19T17:03:36+00:00<br/><b>Lugar:</b> San Vicente del Caguán - Caquetá, Colombia<br/>]]></description>
    <Point>
      <coordinates>-75.0183,2.7406,-3000</coordinates>
    </Point>
  </Placemark>
  <Placemark>
    <name>M1.4 - San Vicente del Caguán - Caquetá, Colombia</name>
    <description><![CDATA[<b>Magnitud:</b> 1.4 MLr_2<br/><b>Profundidad:</b> 3 km<br/><b>Hora local:</b> 2019-01-18T16:16:42+00:00<br/><b>Lugar:</b> San Vicente del Caguán - Caquetá, Colombia<br/>]]></description>
    <Point>
      <coordinates>-75.0435,2.7098,-3000</coordinates>
    </Point>
  </Placemark>
  <Placemark>
    <name>M1.2 - Neiva - Huila, Colombia</name>
    <description><![CDATA[<b>Magnitud:</b> 1.2 MLr_2<br/><b>Profundidad:</b> 3 km<br/><b>Hora local:</b> 2019-01-18T04:02:44+00:00<br/><b>Lugar:</b> Neiva - Huila, Colombia<br/>]]></description>
    <Point>
      <coordinates>-75.5598,3.1968,-3000</coordinates>
    </Point>
  </Placemark>
  <Placemark>
    <name>M1.5 - San Vicente del Caguán - Caquetá, Colombia</name>
    <description><![CDATA[<b>Magnitud:</b> 1.5 MLr_2<br/><b>Profundidad:</b> 3 km<br/><b>Hora local:</b> 2019-01-17T22:37:09+00:00<br/><b>Lugar:</b> San Vicente del Caguán - Caquetá, Colombia<br/>]]></description>
    <Point>
      <coordinates>-74.9755,2.6813,-3000</coordinates>
    </Point>
  </Placemark>
  <Placemark>
    <name>M1.2 - San Vicente del Caguán - Caquetá, Colombia</name>
    <description><![CDATA[<b>Magnitud:</b> 1.2 MLr_2<br/><b>Profundidad:</b> 13 km<br/><b>Hora local:</b> 2019-01-15T09:53:16+00:00<br/><b>Lugar:</b> San Vicente del Caguán - Caquetá, Colombia<br/>]]></description>
    <Point>
      <coordinates>-75.0753,2.7258,-13000</coordinates>
    </Point>
  </Placemark>
  <Placemark>
    <name>M1.3 - Villavieja - Huila, Colombia</name>
    <description><![CDATA[<b>Magnitud:</b> 1.3 MLr_2<br/><b>Profundidad:</b> 16 km<br/><b>Hora local:</b> 2019-01-12T00:33:18+00:00<br/><b>Lugar:</b> Villavieja - Huila, Colombia<br/>]]></description>
    <Point>
      <coordinates>-75.184,3.248,-16000</coordinates>
    </Point>
  </Placemark>
  <Placemark>
    <name>M1.3 - San Vicente del Caguán - Caquetá, Colombia</name>
    <description><![CDATA[<b>Magnitud:</b> 1.3 MLr_2<br/><b>Profundidad:</b> 3 km<br/><b>Hora local:</b> 2019-01-09T04:53:43+00:00<br/><b>Lugar:</b> San Vicente del Caguán - Caquetá, Colombia<br/>]]></description>
    <Point>
      <coordinates>-75.0606,2.724,-3000</coordinates>
    </Point>
  </Placemark>
  <Placemark>
    <name>M1.0 - Algeciras - Huila, Colombia</name>
    <description><![CDATA[<b>Magnitud:</b> 1.0 MLr_2<br/><b>Profundidad:</b> 12 km<br/><b>Hora local:</b> 2019-01-02T01:02:19+00:00<br/><b>Lugar:</b> Algeciras - Huila, Colombia<br/>]]></description>
    <Point>
      <coordinates>-75.284,2.5623,-12000</coordinates>
    </Point>
  </Placemark>
  <Placemark>
    <name>M1.4 - Algeciras - Huila, Colombia</name>
    <description><![CDATA[<b>Magnitud:</b> 1.4 MLr_2<br/><b>Profundidad:</b> 19 km<br/><b>Hora local:</b> 2018-12-28T18:02:36+00:00<br/><b>Lugar:</b> Algeciras - Huila, Colombia<br/>]]></description>
    <Point>
      <coordinates>-75.377,2.4941,-19000</coordinates>
    </Point>
  </Placemark>
  <Placemark>
    <name>M1.8 - Campoalegre - Huila, Colombia</name>
    <description><![CDATA[<b>Magnitud:</b> 1.8 MLr_2<br/><b>Profundidad:</b> 29 km<br/><b>Hora local:</b> 2018-12-24T13:29:11+00:00<br/><b>Lugar:</b> Campoalegre - Huila, Colombia<br/>]]></description>
    <Point>
      <coordinates>-75.2233,2.6446,-29000</coordinates>
    </Point>
  </Placemark>
  <Placemark>
    <name>M1.2 - San Vicente del Caguán - Caquetá, Colombia</name>
    <description><![CDATA[<b>Magnitud:</b> 1.2 MLr_2<br/><b>Profundidad:</b> 6 km<br/><b>Hora local:</b> 2018-12-22T01:15:23+00:00<br/><b>Lugar:</b> San Vicente del Caguán - Caquetá, Colombia<br/>]]></description>
    <Point>
      <coordinates>-75.073,2.6645,-6000</coordinates>
    </Point>
  </Placemark>
  <Placemark>
    <name>M1.4 - San Vicente del Caguán - Caquetá, Colombia</name>
    <description><![CDATA[<b>Magnitud:</b> 1.4 MLr_2<br/><b>Profundidad:</b> 15 km<br/><b>Hora local:</b> 2018-12-20T10:02:17+00:00<br/><b>Lugar:</b> San Vicente del Caguán - Caquetá, Colombia<br/>]]></description>
    <Point>
      <coordinates>-75.0396,2.7131,-15000</coordinates>
    </Point>
  </Placemark>
  <Placemark>
    <name>M1.3 - San Vicente del Caguán - Caquetá, Colombia</name>
    <description><![CDATA[<b>Magnitud:</b> 1.3 MLr_2<br/><b>Profundidad:</b> 6 km<br/><b>Hora local:</b> 2018-12-11T19:48:48+00:00<br/><b>Lugar:</b> San Vicente del Caguán - Caquetá, Colombia<br/>]]></description>
    <Point>
      <coordinates>-75.0426,2.696,-6000</coordinates>
    </Point>
  </Placemark>
  <Placemark>
    <name>M1.9 - San Vicente del Caguán - Caquetá, Colombia</name>
    <description><![CDATA[<b>Magnitud:</b> 1.9 MLr_2<br/><b>Profundidad:</b> 6 km<br/><b>Hora local:</b> 2018-12-11T13:06:57+00:00<br/><b>Lugar:</b> San Vicente del Caguán - Caquetá, Colombia<br/>]]></description>
    <Point>
      <coordinates>-74.9683,2.6898,-6000</coordinates>
    </Point>
  </Placemark>
  <Placemark>
    <name>M1.3 - Villavieja - Huila, Colombia</name>
    <description><![CDATA[<b>Magnitud:</b> 1.3 MLr_2<br/><b>Profundidad:</b> 19 km<br/><b>Hora local:</b> 2018-12-11T07:39:26+00:00<br/><b>Lugar:</b> Villavieja - Huila, Colombia<br/>]]></description>
    <Point>
      <coordinates>-75.1836,3.2515,-19000</coordinates>
    </Point>
  </Placemark>
  <Placemark>
    <name>M2.7 - San Vicente del Caguán - Caquetá, Colombia</name>
    <description><![CDATA[<b>Magnitud:</b> 2.7 MLr_2<br/><b>Profundidad:</b> 4 km<br/><b>Hora local:</b> 2018-12-10T22:54:17+00:00<br/><b>Lugar:</b> San Vicente del Caguán - Caquetá, Colombia<br/>]]></description>
    <Point>
      <coordinates>-75.0436,2.7055,-4000</coordinates>
    </Point>
  </Placemark>
  <Placemark>
    <name>M1.3 - San Vicente del Caguán - Caquetá, Colombia</name>
    <description><![CDATA[<b>Magnitud:</b> 1.3 MLr_2<br/><b>Profundidad:</b> 15 km<br/><b>Hora local:</b> 2018-12-08T02:13:06+00:00<br/><b>Lugar:</b> San Vicente del Caguán - Caquetá, Colombia<br/>]]></description>
    <Point>
      <coordinates>-75.017,2.6826,-15000</coordinates>
    </Point>
  </Placemark>
  <Placemark>
    <name>M1.7 - San Vicente del Caguán - Caquetá, Colombia</name>
    <description><![CDATA[<b>Magnitud:</b> 1.7 MLr_2<br/><b>Profundidad:</b> 4 km<br/><b>Hora local:</b> 2018-12-07T19:15:48+00:00<br/><b>Lugar:</b> San Vicente del Caguán - Caquetá, Colombia<br/>]]></description>
    <Point>
      <coordinates>-75.0095,2.6868,-4000</coordinates>
    </Point>
  </Placemark>
  <Placemark>
    <name>M1.2 - Campoalegre - Huila, Colombia</name>
    <description><![CDATA[<b>Magnitud:</b> 1.2 MLr_2<br/><b>Profundidad:</b> 10 km<br/><b>Hora local:</b> 2018-12-06T03:08:14+00:00<br/><b>Lugar:</b> Campoalegre - Huila, Colombia<br/>]]></description>
    <Point>
      <coordinates>-75.3635,2.5701,-10000</coordinates>
    </Point>
  </Placemark>
  <Placemark>
    <name>M1.9 - San Vicente del Caguán - Caquetá, Colombia</name>
    <description><![CDATA[<b>Magnitud:</b> 1.9 MLr_2<br/><b>Profundidad:</b> 3 km<br/><b>Hora local:</b> 2018-12-01T12:38:37+00:00<br/><b>Lugar:</b> San Vicente del Caguán - Caquetá, Colombia<br/>]]></description>
    <Point>
      <coordinates>-74.9813,2.7505,-3000</coordinates>
    </Point>
  </Placemark>
  <Placemark>
    <name>M1.7 - Hobo - Huila, Colombia</name>
    <description><![CDATA[<b>Magnitud:</b> 1.7 MLr_2<br/><b>Profundidad:</b> 7 km<br/><b>Hora local:</b> 2018-11-11T19:29:28+00:00<br/><b>Lugar:</b> Hobo - Huila, Colombia<br/>]]></description>
    <Point>
      <coordinates>-75.4445,2.655,-7000</coordinates>
    </Point>
  </Placemark>
  <Placemark>
    <name>M2.0 - San Vicente del Caguán - Caquetá, Colombia</name>
    <description><![CDATA[<b>Magnitud:</b> 2.0 MLr_2<br/><b>Profundidad:</b> 4 km<br/><b>Hora local:</b> 2018-11-11T14:53:29+00:00<br/><b>Lugar:</b> San Vicente del Caguán - Caquetá, Colombia<br/>]]></description>
    <Point>
      <coordinates>-75.0388,2.6888,-4000</coordinates>
    </Point>
  </Placemark>
  <Placemark>
    <name>M2.3 - San Vicente del Caguán - Caquetá, Colombia</name>
    <description><![CDATA[<b>Magnitud:</b> 2.3 MLr_2<br/><b>Profundidad:</b> 3 km<br/><b>Hora local:</b> 2018-11-06T07:09:38+00:00<br/><b>Lugar:</b> San Vicente del Caguán - Caquetá, Colombia<br/>]]></description>
    <Point>
      <coordinates>-75.0066,2.6626,-3000</coordinates>
    </Point>
  </Placemark>
  <Placemark>
    <name>M1.6 - San Vicente del Caguán - Caquetá, Colombia</name>
    <description><![CDATA[<b>Magnitud:</b> 1.6 MLr_2<br/><b>Profundidad:</b> 4 km<br/><b>Hora local:</b> 2018-11-06T05:28:41+00:00<br/><b>Lugar:</b> San Vicente del Caguán - Caquetá, Colombia<br/>]]></description>
    <Point>
      <coordinates>-75.0313,2.7158,-4000</coordinates>
    </Point>
  </Placemark>
  <Placemark>
    <name>M1.4 - San Vicente del Caguán - Caquetá, Colombia</name>
    <description><![CDATA[<b>Magnitud:</b> 1.4 MLr_2<br/><b>Profundidad:</b> 4 km<br/><b>Hora local:</b> 2018-11-03T09:29:20+00:00<br/><b>Lugar:</b> San Vicente del Caguán - Caquetá, Colombia<br/>]]></description>
    <Point>
      <coordinates>-75.0295,2.7066,-4000</coordinates>
    </Point>
  </Placemark>
  <Placemark>
    <name>M1.0 - Algeciras - Huila, Colombia</name>
    <description><![CDATA[<b>Magnitud:</b> 1.0 MLr_2<br/><b>Profundidad:</b> 22 km<br/><b>Hora local:</b> 2018-10-31T05:15:13+00:00<br/><b>Lugar:</b> Algeciras - Huila, Colombia<br/>]]></description>
    <Point>
      <coordinates>-75.2988,2.5633,-22000</coordinates>
    </Point>
  </Placemark>
  <Placemark>
    <name>M1.4 - San Vicente del Caguán - Caquetá, Colombia</name>
    <description><![CDATA[<b>Magnitud:</b> 1.4 MLr_2<br/><b>Profundidad:</b> 5 km<br/><b>Hora local:</b> 2018-10-28T21:36:33+00:00<br/><b>Lugar:</b> San Vicente del Caguán - Caquetá, Colombia<br/>]]></description>
    <Point>
      <coordinates>-75.058,2.657,-5000</coordinates>
    </Point>
  </Placemark>
  <Placemark>
    <name>M1.2 - Puerto Rico - Caquetá, Colombia</name>
    <description><![CDATA[<b>Magnitud:</b> 1.2 MLr_2<br/><b>Profundidad:</b> 3 km<br/><b>Hora local:</b> 2018-10-24T01:08:30+00:00<br/><b>Lugar:</b> Puerto Rico - Caquetá, Colombia<br/>]]></description>
    <Point>
      <coordinates>-75.1001,2.625,-3000</coordinates>
    </Point>
  </Placemark>
  <Placemark>
    <name>M1.4 - San Vicente del Caguán - Caquetá, Colombia</name>
    <description><![CDATA[<b>Magnitud:</b> 1.4 MLr_2<br/><b>Profundidad:</b> 82 km<br/><b>Hora local:</b> 2018-10-23T01:07:54+00:00<br/><b>Lugar:</b> San Vicente del Caguán - Caquetá, Colombia<br/>]]></description>
    <Point>
      <coordinates>-75.0036,2.7411,-82000</coordinates>
    </Point>
  </Placemark>
  <Placemark>
    <name>M1.4 - San Vicente del Caguán - Caquetá, Colombia</name>
    <description><![CDATA[<b>Magnitud:</b> 1.4 MLr_2<br/><b>Profundidad:</b> 7 km<br/><b>Hora local:</b> 2018-10-22T11:33:00+00:00<br/><b>Lugar:</b> San Vicente del Caguán - Caquetá, Colombia<br/>]]></description>
    <Point>
      <coordinates>-75.1048,2.6456,-7000</coordinates>
    </Point>
  </Placemark>
  <Placemark>
    <name>M1.2 - San Vicente del Caguán - Caquetá, Colombia</name>
    <description><![CDATA[<b>Magnitud:</b> 1.2 MLr_2<br/><b>Profundidad:</b> 15 km<br/><b>Hora local:</b> 2018-10-22T00:38:00+00:00<br/><b>Lugar:</b> San Vicente del Caguán - Caquetá, Colombia<br/>]]></description>
    <Point>
      <coordinates>-75.0223,2.7245,-15000</coordinates>
    </Point>
  </Placemark>
  <Placemark>
    <name>M1.7 - Hobo - Huila, Colombia</name>
    <description><![CDATA[<b>Magnitud:</b> 1.7 MLr_2<br/><b>Profundidad:</b> 10 km<br/><b>Hora local:</b> 2018-10-15T06:07:58+00:00<br/><b>Lugar:</b> Hobo - Huila, Colombia<br/>]]></description>
    <Point>
      <coordinates>-75.4973,2.5463,-10000</coordinates>
    </Point>
  </Placemark>
  <Placemark>
    <name>M1.3 - Rivera - Huila, Colombia</name>
    <description><![CDATA[<b>Magnitud:</b> 1.3 MLr_2<br/><b>Profundidad:</b> 13 km<br/><b>Hora local:</b> 2018-10-13T04:17:08+00:00<br/><b>Lugar:</b> Rivera - Huila, Colombia<br/>]]></description>
    <Point>
      <coordinates>-75.108,2.7493,-13000</coordinates>
    </Point>
  </Placemark>
  <Placemark>
    <name>M1.4 - Hobo - Huila, Colombia</name>
    <description><![CDATA[<b>Magnitud:</b> 1.4 MLr_2<br/><b>Profundidad:</b> 18 km<br/><b>Hora local:</b> 2018-10-10T11:59:08+00:00<br/><b>Lugar:</b> Hobo - Huila, Colombia<br/>]]></description>
    <Point>
      <coordinates>-75.4268,2.542,-18000</coordinates>
    </Point>
  </Placemark>
  <Placemark>
    <name>M1.1 - Hobo - Huila, Colombia</name>
    <description><![CDATA[<b>Magnitud:</b> 1.1 MLr_2<br/><b>Profundidad:</b> 5 km<br/><b>Hora local:</b> 2018-10-01T00:50:50+00:00<br/><b>Lugar:</b> Hobo - Huila, Colombia<br/>]]></description>
    <Point>
      <coordinates>-75.405,2.521,-5000</coordinates>
    </Point>
  </Placemark>
  <Placemark>
    <name>M2.1 - Hobo - Huila, Colombia</name>
    <description><![CDATA[<b>Magnitud:</b> 2.1 MLr_2<br/><b>Profundidad:</b> 0 km<br/><b>Hora local:</b> 2018-09-30T22:44:51+00:00<br/><b>Lugar:</b> Hobo - Huila, Colombia<br/>]]></description>
    <Point>
      <coordinates>-75.4118,2.5256,0</coordinates>
    </Point>
  </Placemark>
  <Placemark>
    <name>M1.8 - San Vicente del Caguán - Caquetá, Colombia</name>
    <description><![CDATA[<b>Magnitud:</b> 1.8 MLr_2<br/><b>Profundidad:</b> 3 km<br/><b>Hora local:</b> 2018-09-28T18:29:40+00:00<br/><b>Lugar:</b> San Vicente del Caguán - Caquetá, Colombia<br/>]]></description>
    <Point>
      <coordinates>-75.1233,2.6065,-3000</coordinates>
    </Point>
  </Placemark>
  <Placemark>
    <name>M1.2 - Algeciras - Huila, Colombia</name>
    <description><![CDATA[<b>Magnitud:</b> 1.2 MLr_2<br/><b>Profundidad:</b> 2 km<br/><b>Hora local:</b> 2018-09-24T21:54:05+00:00<br/><b>Lugar:</b> Algeciras - Huila, Colombia<br/>]]></description>
    <Point>
      <coordinates>-75.3035,2.5201,-2000</coordinates>
    </Point>
  </Placemark>
  <Placemark>
    <name>M1.1 - Neiva - Huila, Colombia</name>
    <description><![CDATA[<b>Magnitud:</b> 1.1 MLr_2<br/><b>Profundidad:</b> 2 km<br/><b>Hora local:</b> 2018-09-24T00:18:48+00:00<br/><b>Lugar:</b> Neiva - Huila, Colombia<br/>]]></description>
    <Point>
      <coordinates>-75.0805,2.8918,-2000</coordinates>
    </Point>
  </Placemark>
  <Placemark>
    <name>M1.6 - Hobo - Huila, Colombia</name>
    <description><![CDATA[<b>Magnitud:</b> 1.6 MLr_2<br/><b>Profundidad:</b> 11 km<br/><b>Hora local:</b> 2018-09-18T22:28:12+00:00<br/><b>Lugar:</b> Hobo - Huila, Colombia<br/>]]></description>
    <Point>
      <coordinates>-75.4246,2.5315,-11000</coordinates>
    </Point>
  </Placemark>
  <Placemark>
    <name>M2.0 - Yaguará - Huila, Colombia</name>
    <description><![CDATA[<b>Magnitud:</b> 2.0 MLr_2<br/><b>Profundidad:</b> 17 km<br/><b>Hora local:</b> 2018-09-04T09:15:09+00:00<br/><b>Lugar:</b> Yaguará - Huila, Colombia<br/>]]></description>
    <Point>
      <coordinates>-75.4965,2.622,-17000</coordinates>
    </Point>
  </Placemark>
  <Placemark>
    <name>M1.2 - Planadas - Tolima, Colombia</name>
    <description><![CDATA[<b>Magnitud:</b> 1.2 MLr_2<br/><b>Profundidad:</b> 8 km<br/><b>Hora local:</b> 2018-08-31T05:26:15+00:00<br/><b>Lugar:</b> Planadas - Tolima, Colombia<br/>]]></description>
    <Point>
      <coordinates>-75.603,3.2078,-8000</coordinates>
    </Point>
  </Placemark>
  <Placemark>
    <name>M1.3 - Algeciras - Huila, Colombia</name>
    <description><![CDATA[<b>Magnitud:</b> 1.3 MLr_2<br/><b>Profundidad:</b> 23 km<br/><b>Hora local:</b> 2018-08-18T00:47:42+00:00<br/><b>Lugar:</b> Algeciras - Huila, Colombia<br/>]]></description>
    <Point>
      <coordinates>-75.3678,2.5043,-23000</coordinates>
    </Point>
  </Placemark>
  <Placemark>
    <name>M1.4 - San Vicente del Caguán - Caquetá, Colombia</name>
    <description><![CDATA[<b>Magnitud:</b> 1.4 MLr_2<br/><b>Profundidad:</b> 14 km<br/><b>Hora local:</b> 2018-08-17T12:18:56+00:00<br/><b>Lugar:</b> San Vicente del Caguán - Caquetá, Colombia<br/>]]></description>
    <Point>
      <coordinates>-75.0246,2.7223,-14000</coordinates>
    </Point>
  </Placemark>
  <Placemark>
    <name>M2.5 - San Vicente del Caguán - Caquetá, Colombia</name>
    <description><![CDATA[<b>Magnitud:</b> 2.5 MLr_2<br/><b>Profundidad:</b> 1 km<br/><b>Hora local:</b> 2018-08-04T15:21:36+00:00<br/><b>Lugar:</b> San Vicente del Caguán - Caquetá, Colombia<br/>]]></description>
    <Point>
      <coordinates>-75.126,2.6931,-1000</coordinates>
    </Point>
  </Placemark>
  <Placemark>
    <name>M1.6 - San Vicente del Caguán - Caquetá, Colombia</name>
    <description><![CDATA[<b>Magnitud:</b> 1.6 MLr_2<br/><b>Profundidad:</b> 4 km<br/><b>Hora local:</b> 2018-08-01T15:45:00+00:00<br/><b>Lugar:</b> San Vicente del Caguán - Caquetá, Colombia<br/>]]></description>
    <Point>
      <coordinates>-75.019,2.7073,-4000</coordinates>
    </Point>
  </Placemark>
  <Placemark>
    <name>M2.5 - Campoalegre - Huila, Colombia</name>
    <description><![CDATA[<b>Magnitud:</b> 2.5 MLr_2<br/><b>Profundidad:</b> 0 km<br/><b>Hora local:</b> 2018-07-15T16:15:54+00:00<br/><b>Lugar:</b> Campoalegre - Huila, Colombia<br/>]]></description>
    <Point>
      <coordinates>-75.3881,2.7036,0</coordinates>
    </Point>
  </Placemark>
  <Placemark>
    <name>M2.2 - Tello - Huila, Colombia</name>
    <description><![CDATA[<b>Magnitud:</b> 2.2 MLr_2<br/><b>Profundidad:</b> 2 km<br/><b>Hora local:</b> 2018-07-09T11:46:20+00:00<br/><b>Lugar:</b> Tello - Huila, Colombia<br/>]]></description>
    <Point>
      <coordinates>-75.0523,3.0515,-2000</coordinates>
    </Point>
  </Placemark>
  <Placemark>
    <name>M1.4 - Campoalegre - Huila, Colombia</name>
    <description><![CDATA[<b>Magnitud:</b> 1.4 MLr_2<br/><b>Profundidad:</b> 15 km<br/><b>Hora local:</b> 2018-06-23T19:54:26+00:00<br/><b>Lugar:</b> Campoalegre - Huila, Colombia<br/>]]></description>
    <Point>
      <coordinates>-75.3661,2.5863,-15000</coordinates>
    </Point>
  </Placemark>
  <Placemark>
    <name>M1.8 - Villavieja - Huila, Colombia</name>
    <description><![CDATA[<b>Magnitud:</b> 1.8 MLr_2<br/><b>Profundidad:</b> 4 km<br/><b>Hora local:</b> 2018-06-22T22:33:07+00:00<br/><b>Lugar:</b> Villavieja - Huila, Colombia<br/>]]></description>
    <Point>
      <coordinates>-75.1351,3.2421,-4000</coordinates>
    </Point>
  </Placemark>
  <Placemark>
    <name>M2.0 - Campoalegre - Huila, Colombia</name>
    <description><![CDATA[<b>Magnitud:</b> 2.0 MLr_2<br/><b>Profundidad:</b> 17 km<br/><b>Hora local:</b> 2018-06-17T16:46:14+00:00<br/><b>Lugar:</b> Campoalegre - Huila, Colombia<br/>]]></description>
    <Point>
      <coordinates>-75.3583,2.5368,-17000</coordinates>
    </Point>
  </Placemark>
  <Placemark>
    <name>M1.9 - San Vicente del Caguán - Caquetá, Colombia</name>
    <description><![CDATA[<b>Magnitud:</b> 1.9 MLr_2<br/><b>Profundidad:</b> 3 km<br/><b>Hora local:</b> 2018-06-16T06:54:01+00:00<br/><b>Lugar:</b> San Vicente del Caguán - Caquetá, Colombia<br/>]]></description>
    <Point>
      <coordinates>-75.0166,2.7161,-3000</coordinates>
    </Point>
  </Placemark>
  <Placemark>
    <name>M1.4 - Hobo - Huila, Colombia</name>
    <description><![CDATA[<b>Magnitud:</b> 1.4 MLr_2<br/><b>Profundidad:</b> 20 km<br/><b>Hora local:</b> 2018-05-30T20:59:28+00:00<br/><b>Lugar:</b> Hobo - Huila, Colombia<br/>]]></description>
    <Point>
      <coordinates>-75.4648,2.5688,-20000</coordinates>
    </Point>
  </Placemark>
  <Placemark>
    <name>M2.1 - San Vicente del Caguán - Caquetá, Colombia</name>
    <description><![CDATA[<b>Magnitud:</b> 2.1 MLr_2<br/><b>Profundidad:</b> 3 km<br/><b>Hora local:</b> 2018-05-26T18:58:48+00:00<br/><b>Lugar:</b> San Vicente del Caguán - Caquetá, Colombia<br/>]]></description>
    <Point>
      <coordinates>-75.0231,2.7096,-3000</coordinates>
    </Point>
  </Placemark>
  <Placemark>
    <name>M1.7 - San Vicente del Caguán - Caquetá, Colombia</name>
    <description><![CDATA[<b>Magnitud:</b> 1.7 MLr_2<br/><b>Profundidad:</b> 6 km<br/><b>Hora local:</b> 2018-05-24T17:22:50+00:00<br/><b>Lugar:</b> San Vicente del Caguán - Caquetá, Colombia<br/>]]></description>
    <Point>
      <coordinates>-75.0158,2.7558,-6000</coordinates>
    </Point>
  </Placemark>
  <Placemark>
    <name>M1.4 - San Vicente del Caguán - Caquetá, Colombia</name>
    <description><![CDATA[<b>Magnitud:</b> 1.4 MLr_2<br/><b>Profundidad:</b> 13 km<br/><b>Hora local:</b> 2018-05-23T09:56:27+00:00<br/><b>Lugar:</b> San Vicente del Caguán - Caquetá, Colombia<br/>]]></description>
    <Point>
      <coordinates>-75.0858,2.6828,-13000</coordinates>
    </Point>
  </Placemark>
  <Placemark>
    <name>M1.8 - San Vicente del Caguán - Caquetá, Colombia</name>
    <description><![CDATA[<b>Magnitud:</b> 1.8 MLr_2<br/><b>Profundidad:</b> 6 km<br/><b>Hora local:</b> 2018-05-17T09:45:36+00:00<br/><b>Lugar:</b> San Vicente del Caguán - Caquetá, Colombia<br/>]]></description>
    <Point>
      <coordinates>-75.138,2.6601,-6000</coordinates>
    </Point>
  </Placemark>
  <Placemark>
    <name>M2.2 - San Vicente del Caguán - Caquetá, Colombia</name>
    <description><![CDATA[<b>Magnitud:</b> 2.2 MLr_2<br/><b>Profundidad:</b> 4 km<br/><b>Hora local:</b> 2018-05-11T06:07:01+00:00<br/><b>Lugar:</b> San Vicente del Caguán - Caquetá, Colombia<br/>]]></description>
    <Point>
      <coordinates>-75.124,2.6306,-4000</coordinates>
    </Point>
  </Placemark>
  <Placemark>
    <name>M1.2 - San Vicente del Caguán - Caquetá, Colombia</name>
    <description><![CDATA[<b>Magnitud:</b> 1.2 MLr_2<br/><b>Profundidad:</b> 37 km<br/><b>Hora local:</b> 2018-05-08T15:18:28+00:00<br/><b>Lugar:</b> San Vicente del Caguán - Caquetá, Colombia<br/>]]></description>
    <Point>
      <coordinates>-74.9381,2.6945,-37000</coordinates>
    </Point>
  </Placemark>
  <Placemark>
    <name>M2.6 - Baraya - Huila, Colombia</name>
    <description><![CDATA[<b>Magnitud:</b> 2.6 MLr_2<br/><b>Profundidad:</b> 5 km<br/><b>Hora local:</b> 2018-05-02T09:14:57+00:00<br/><b>Lugar:</b> Baraya - Huila, Colombia<br/>]]></description>
    <Point>
      <coordinates>-74.9798,3.2165,-5000</coordinates>
    </Point>
  </Placemark>
  <Placemark>
    <name>M1.4 - San Vicente del Caguán - Caquetá, Colombia</name>
    <description><![CDATA[<b>Magnitud:</b> 1.4 MLr_2<br/><b>Profundidad:</b> 4 km<br/><b>Hora local:</b> 2018-04-23T02:11:19+00:00<br/><b>Lugar:</b> San Vicente del Caguán - Caquetá, Colombia<br/>]]></description>
    <Point>
      <coordinates>-74.9248,2.8101,-4000</coordinates>
    </Point>
  </Placemark>
  <Placemark>
    <name>M1.7 - San Vicente del Caguán - Caquetá, Colombia</name>
    <description><![CDATA[<b>Magnitud:</b> 1.7 MLr_2<br/><b>Profundidad:</b> 8 km<br/><b>Hora local:</b> 2018-04-20T04:30:34+00:00<br/><b>Lugar:</b> San Vicente del Caguán - Caquetá, Colombia<br/>]]></description>
    <Point>
      <coordinates>-74.893,2.8328,-8000</coordinates>
    </Point>
  </Placemark>
  <Placemark>
    <name>M1.3 - Campoalegre - Huila, Colombia</name>
    <description><![CDATA[<b>Magnitud:</b> 1.3 MLr_2<br/><b>Profundidad:</b> 8 km<br/><b>Hora local:</b> 2018-04-15T07:16:40+00:00<br/><b>Lugar:</b> Campoalegre - Huila, Colombia<br/>]]></description>
    <Point>
      <coordinates>-75.3671,2.5151,-8000</coordinates>
    </Point>
  </Placemark>
  <Placemark>
    <name>M1.4 - San Vicente del Caguán - Caquetá, Colombia</name>
    <description><![CDATA[<b>Magnitud:</b> 1.4 MLr_2<br/><b>Profundidad:</b> 4 km<br/><b>Hora local:</b> 2018-04-06T09:02:30+00:00<br/><b>Lugar:</b> San Vicente del Caguán - Caquetá, Colombia<br/>]]></description>
    <Point>
      <coordinates>-75.0301,2.7485,-4000</coordinates>
    </Point>
  </Placemark>
  <Placemark>
    <name>M1.1 - Teruel - Huila, Colombia</name>
    <description><![CDATA[<b>Magnitud:</b> 1.1 MLr_2<br/><b>Profundidad:</b> 24 km<br/><b>Hora local:</b> 2018-04-05T11:18:11+00:00<br/><b>Lugar:</b> Teruel - Huila, Colombia<br/>]]></description>
    <Point>
      <coordinates>-75.6071,2.7366,-24000</coordinates>
    </Point>
  </Placemark>
  <Placemark>
    <name>M2.2 - San Vicente del Caguán - Caquetá, Colombia</name>
    <description><![CDATA[<b>Magnitud:</b> 2.2 MLr_2<br/><b>Profundidad:</b> 4 km<br/><b>Hora local:</b> 2018-04-02T03:54:59+00:00<br/><b>Lugar:</b> San Vicente del Caguán - Caquetá, Colombia<br/>]]></description>
    <Point>
      <coordinates>-75.0285,2.7,-4000</coordinates>
    </Point>
  </Placemark>
  <Placemark>
    <name>M1.1 - San Vicente del Caguán - Caquetá, Colombia</name>
    <description><![CDATA[<b>Magnitud:</b> 1.1 MLr_2<br/><b>Profundidad:</b> 4 km<br/><b>Hora local:</b> 2018-03-27T05:29:25+00:00<br/><b>Lugar:</b> San Vicente del Caguán - Caquetá, Colombia<br/>]]></description>
    <Point>
      <coordinates>-75.0263,2.7201,-4000</coordinates>
    </Point>
  </Placemark>
  <Placemark>
    <name>M1.3 - San Vicente del Caguán - Caquetá, Colombia</name>
    <description><![CDATA[<b>Magnitud:</b> 1.3 MLr_2<br/><b>Profundidad:</b> 8 km<br/><b>Hora local:</b> 2018-03-25T04:52:24+00:00<br/><b>Lugar:</b> San Vicente del Caguán - Caquetá, Colombia<br/>]]></description>
    <Point>
      <coordinates>-75.0231,2.6928,-8000</coordinates>
    </Point>
  </Placemark>
  <Placemark>
    <name>M1.5 - Yaguará - Huila, Colombia</name>
    <description><![CDATA[<b>Magnitud:</b> 1.5 MLr_2<br/><b>Profundidad:</b> 7 km<br/><b>Hora local:</b> 2018-03-20T21:08:18+00:00<br/><b>Lugar:</b> Yaguará - Huila, Colombia<br/>]]></description>
    <Point>
      <coordinates>-75.5475,2.5783,-7000</coordinates>
    </Point>
  </Placemark>
  <Placemark>
    <name>M1.5 - Teruel - Huila, Colombia</name>
    <description><![CDATA[<b>Magnitud:</b> 1.5 MLr_2<br/><b>Profundidad:</b> 54 km<br/><b>Hora local:</b> 2018-03-11T22:26:59+00:00<br/><b>Lugar:</b> Teruel - Huila, Colombia<br/>]]></description>
    <Point>
      <coordinates>-75.5965,2.7456,-54000</coordinates>
    </Point>
  </Placemark>
  <Placemark>
    <name>M1.7 - San Vicente del Caguán - Caquetá, Colombia</name>
    <description><![CDATA[<b>Magnitud:</b> 1.7 MLr_2<br/><b>Profundidad:</b> 5 km<br/><b>Hora local:</b> 2018-03-10T15:28:55+00:00<br/><b>Lugar:</b> San Vicente del Caguán - Caquetá, Colombia<br/>]]></description>
    <Point>
      <coordinates>-75.0183,2.7101,-5000</coordinates>
    </Point>
  </Placemark>
  <Placemark>
    <name>M2.4 - San Vicente del Caguán - Caquetá, Colombia</name>
    <description><![CDATA[<b>Magnitud:</b> 2.4 MLr_2<br/><b>Profundidad:</b> 6 km<br/><b>Hora local:</b> 2018-03-04T10:10:26+00:00<br/><b>Lugar:</b> San Vicente del Caguán - Caquetá, Colombia<br/>]]></description>
    <Point>
      <coordinates>-74.9871,2.6823,-6000</coordinates>
    </Point>
  </Placemark>
  <Placemark>
    <name>M2.1 - San Vicente del Caguán - Caquetá, Colombia</name>
    <description><![CDATA[<b>Magnitud:</b> 2.1 MLr_2<br/><b>Profundidad:</b> 5 km<br/><b>Hora local:</b> 2018-03-02T22:13:27+00:00<br/><b>Lugar:</b> San Vicente del Caguán - Caquetá, Colombia<br/>]]></description>
    <Point>
      <coordinates>-75.1051,2.6501,-5000</coordinates>
    </Point>
  </Placemark>
  <Placemark>
    <name>M1.5 - Aipe - Huila, Colombia</name>
    <description><![CDATA[<b>Magnitud:</b> 1.5 MLr_2<br/><b>Profundidad:</b> 2 km<br/><b>Hora local:</b> 2018-03-02T15:22:02+00:00<br/><b>Lugar:</b> Aipe - Huila, Colombia<br/>]]></description>
    <Point>
      <coordinates>-75.3196,3.0866,-2000</coordinates>
    </Point>
  </Placemark>
  <Placemark>
    <name>M1.4 - San Vicente del Caguán - Caquetá, Colombia</name>
    <description><![CDATA[<b>Magnitud:</b> 1.4 MLr_2<br/><b>Profundidad:</b> 18 km<br/><b>Hora local:</b> 2018-03-02T12:37:51+00:00<br/><b>Lugar:</b> San Vicente del Caguán - Caquetá, Colombia<br/>]]></description>
    <Point>
      <coordinates>-75.1265,2.655,-18000</coordinates>
    </Point>
  </Placemark>
  <Placemark>
    <name>M2.3 - Algeciras - Huila, Colombia</name>
    <description><![CDATA[<b>Magnitud:</b> 2.3 ML<br/><b>Profundidad:</b> 4 km<br/><b>Hora local:</b> 2018-02-27T14:16:46+00:00<br/><b>Lugar:</b> Algeciras - Huila, Colombia<br/>]]></description>
    <Point>
      <coordinates>-75.273,2.492,-4000</coordinates>
    </Point>
  </Placemark>
  <Placemark>
    <name>M1.8 - Rivera - Huila, Colombia</name>
    <description><![CDATA[<b>Magnitud:</b> 1.8 ML<br/><b>Profundidad:</b> 6 km<br/><b>Hora local:</b> 2018-02-23T13:00:21+00:00<br/><b>Lugar:</b> Rivera - Huila, Colombia<br/>]]></description>
    <Point>
      <coordinates>-75.075,2.676,-6000</coordinates>
    </Point>
  </Placemark>
  <Placemark>
    <name>M1.2 - Tello - Huila, Colombia</name>
    <description><![CDATA[<b>Magnitud:</b> 1.2 ML<br/><b>Profundidad:</b> 4 km<br/><b>Hora local:</b> 2018-02-23T00:35:12+00:00<br/><b>Lugar:</b> Tello - Huila, Colombia<br/>]]></description>
    <Point>
      <coordinates>-74.918,2.858,-4000</coordinates>
    </Point>
  </Placemark>
  <Placemark>
    <name>M1.6 - Rivera - Huila, Colombia</name>
    <description><![CDATA[<b>Magnitud:</b> 1.6 ML<br/><b>Profundidad:</b> 8 km<br/><b>Hora local:</b> 2018-02-19T18:18:49+00:00<br/><b>Lugar:</b> Rivera - Huila, Colombia<br/>]]></description>
    <Point>
      <coordinates>-75.092,2.677,-8000</coordinates>
    </Point>
  </Placemark>
  <Placemark>
    <name>M1.9 - Tello - Huila, Colombia</name>
    <description><![CDATA[<b>Magnitud:</b> 1.9 ML<br/><b>Profundidad:</b> 4 km<br/><b>Hora local:</b> 2018-02-18T10:21:38+00:00<br/><b>Lugar:</b> Tello - Huila, Colombia<br/>]]></description>
    <Point>
      <coordinates>-74.897,2.802,-4000</coordinates>
    </Point>
  </Placemark>
  <Placemark>
    <name>M0.8 - Algeciras - Huila, Colombia</name>
    <description><![CDATA[<b>Magnitud:</b> 0.8 ML<br/><b>Profundidad:</b> 19 km<br/><b>Hora local:</b> 2018-02-18T02:45:23+00:00<br/><b>Lugar:</b> Algeciras - Huila, Colombia<br/>]]></description>
    <Point>
      <coordinates>-75.335,2.531,-19000</coordinates>
    </Point>
  </Placemark>
  <Placemark>
    <name>M1.9 - Villavieja - Huila, Colombia</name>
    <description><![CDATA[<b>Magnitud:</b> 1.9 ML<br/><b>Profundidad:</b> 3 km<br/><b>Hora local:</b> 2018-02-16T08:31:39+00:00<br/><b>Lugar:</b> Villavieja - Huila, Colombia<br/>]]></description>
    <Point>
      <coordinates>-75.177,3.165,-3000</coordinates>
    </Point>
  </Placemark>
  <Placemark>
    <name>M1.9 - Rivera - Huila, Colombia</name>
    <description><![CDATA[<b>Magnitud:</b> 1.9 ML<br/><b>Profundidad:</b> 12 km<br/><b>Hora local:</b> 2018-02-10T12:29:59+00:00<br/><b>Lugar:</b> Rivera - Huila, Colombia<br/>]]></description>
    <Point>
      <coordinates>-74.981,2.711,-12000</coordinates>
    </Point>
  </Placemark>
  <Placemark>
    <name>M1.2 - Baraya - Huila, Colombia</name>
    <description><![CDATA[<b>Magnitud:</b> 1.2 ML<br/><b>Profundidad:</b> 0 km<br/><b>Hora local:</b> 2018-02-08T22:36:44+00:00<br/><b>Lugar:</b> Baraya - Huila, Colombia<br/>]]></description>
    <Point>
      <coordinates>-74.859,3.014,0</coordinates>
    </Point>
  </Placemark>
  <Placemark>
    <name>M2.2 - Yaguará - Huila, Colombia</name>
    <description><![CDATA[<b>Magnitud:</b> 2.2 ML<br/><b>Profundidad:</b> 13 km<br/><b>Hora local:</b> 2018-02-07T22:53:48+00:00<br/><b>Lugar:</b> Yaguará - Huila, Colombia<br/>]]></description>
    <Point>
      <coordinates>-75.543,2.604,-13000</coordinates>
    </Point>
  </Placemark>
  <Placemark>
    <name>M1.2 - Rivera - Huila, Colombia</name>
    <description><![CDATA[<b>Magnitud:</b> 1.2 ML<br/><b>Profundidad:</b> 2 km<br/><b>Hora local:</b> 2018-02-02T01:03:23+00:00<br/><b>Lugar:</b> Rivera - Huila, Colombia<br/>]]></description>
    <Point>
      <coordinates>-75.069,2.727,-2000</coordinates>
    </Point>
  </Placemark>
  <Placemark>
    <name>M1.2 - Rivera - Huila, Colombia</name>
    <description><![CDATA[<b>Magnitud:</b> 1.2 ML<br/><b>Profundidad:</b> 4 km<br/><b>Hora local:</b> 2018-02-01T23:54:38+00:00<br/><b>Lugar:</b> Rivera - Huila, Colombia<br/>]]></description>
    <Point>
      <coordinates>-75.181,2.651,-4000</coordinates>
    </Point>
  </Placemark>
  <Placemark>
    <name>M1.8 - Rivera - Huila, Colombia</name>
    <description><![CDATA[<b>Magnitud:</b> 1.8 ML<br/><b>Profundidad:</b> 11 km<br/><b>Hora local:</b> 2018-01-18T18:19:38+00:00<br/><b>Lugar:</b> Rivera - Huila, Colombia<br/>]]></description>
    <Point>
      <coordinates>-74.971,2.701,-11000</coordinates>
    </Point>
  </Placemark>
  <Placemark>
    <name>M2.1 - Rivera - Huila, Colombia</name>
    <description><![CDATA[<b>Magnitud:</b> 2.1 ML<br/><b>Profundidad:</b> 2 km<br/><b>Hora local:</b> 2018-01-18T14:57:47+00:00<br/><b>Lugar:</b> Rivera - Huila, Colombia<br/>]]></description>
    <Point>
      <coordinates>-75.053,2.712,-2000</coordinates>
    </Point>
  </Placemark>
  <Placemark>
    <name>M1.3 - Algeciras - Huila, Colombia</name>
    <description><![CDATA[<b>Magnitud:</b> 1.3 ML<br/><b>Profundidad:</b> 4 km<br/><b>Hora local:</b> 2018-01-18T04:43:14+00:00<br/><b>Lugar:</b> Algeciras - Huila, Colombia<br/>]]></description>
    <Point>
      <coordinates>-75.152,2.61,-4000</coordinates>
    </Point>
  </Placemark>
  <Placemark>
    <name>M1.2 - Rivera - Huila, Colombia</name>
    <description><![CDATA[<b>Magnitud:</b> 1.2 ML<br/><b>Profundidad:</b> 19 km<br/><b>Hora local:</b> 2018-01-16T23:03:07+00:00<br/><b>Lugar:</b> Rivera - Huila, Colombia<br/>]]></description>
    <Point>
      <coordinates>-75.23,2.763,-19000</coordinates>
    </Point>
  </Placemark>
  <Placemark>
    <name>M2.9 - Campoalegre - Huila, Colombia</name>
    <description><![CDATA[<b>Magnitud:</b> 2.9 ML<br/><b>Profundidad:</b> 0 km<br/><b>Hora local:</b> 2018-01-14T12:26:19+00:00<br/><b>Lugar:</b> Campoalegre - Huila, Colombia<br/>]]></description>
    <Point>
      <coordinates>-75.206,2.629,0</coordinates>
    </Point>
  </Placemark>
  <Placemark>
    <name>M1.6 - Hobo - Huila, Colombia</name>
    <description><![CDATA[<b>Magnitud:</b> 1.6 ML<br/><b>Profundidad:</b> 0 km<br/><b>Hora local:</b> 2018-01-07T07:13:14+00:00<br/><b>Lugar:</b> Hobo - Huila, Colombia<br/>]]></description>
    <Point>
      <coordinates>-75.424,2.527,0</coordinates>
    </Point>
  </Placemark>
  <Placemark>
    <name>M1.1 - Rivera - Huila, Colombia</name>
    <description><![CDATA[<b>Magnitud:</b> 1.1 ML<br/><b>Profundidad:</b> 60 km<br/><b>Hora local:</b> 2017-12-31T03:28:06+00:00<br/><b>Lugar:</b> Rivera - Huila, Colombia<br/>]]></description>
    <Point>
      <coordinates>-75.096,2.712,-60000</coordinates>
    </Point>
  </Placemark>
  <Placemark>
    <name>M1.7 - Hobo - Huila, Colombia</name>
    <description><![CDATA[<b>Magnitud:</b> 1.7 ML<br/><b>Profundidad:</b> 19 km<br/><b>Hora local:</b> 2017-12-31T03:08:18+00:00<br/><b>Lugar:</b> Hobo - Huila, Colombia<br/>]]></description>
    <Point>
      <coordinates>-75.41,2.511,-19000</coordinates>
    </Point>
  </Placemark>
  <Placemark>
    <name>M2.1 - Rivera - Huila, Colombia</name>
    <description><![CDATA[<b>Magnitud:</b> 2.1 ML<br/><b>Profundidad:</b> 2 km<br/><b>Hora local:</b> 2017-12-27T20:29:09+00:00<br/><b>Lugar:</b> Rivera - Huila, Colombia<br/>]]></description>
    <Point>
      <coordinates>-75.066,2.717,-2000</coordinates>
    </Point>
  </Placemark>
  <Placemark>
    <name>M1.8 - Rivera - Huila, Colombia</name>
    <description><![CDATA[<b>Magnitud:</b> 1.8 ML<br/><b>Profundidad:</b> 0 km<br/><b>Hora local:</b> 2017-12-26T12:02:32+00:00<br/><b>Lugar:</b> Rivera - Huila, Colombia<br/>]]></description>
    <Point>
      <coordinates>-75.144,2.734,0</coordinates>
    </Point>
  </Placemark>
  <Placemark>
    <name>M1.4 - Hobo - Huila, Colombia</name>
    <description><![CDATA[<b>Magnitud:</b> 1.4 ML<br/><b>Profundidad:</b> 18 km<br/><b>Hora local:</b> 2017-12-24T06:06:22+00:00<br/><b>Lugar:</b> Hobo - Huila, Colombia<br/>]]></description>
    <Point>
      <coordinates>-75.401,2.542,-18000</coordinates>
    </Point>
  </Placemark>
  <Placemark>
    <name>M1.4 - Algeciras - Huila, Colombia</name>
    <description><![CDATA[<b>Magnitud:</b> 1.4 ML<br/><b>Profundidad:</b> 4 km<br/><b>Hora local:</b> 2017-12-22T03:30:15+00:00<br/><b>Lugar:</b> Algeciras - Huila, Colombia<br/>]]></description>
    <Point>
      <coordinates>-75.222,2.519,-4000</coordinates>
    </Point>
  </Placemark>
  <Placemark>
    <name>M1.3 - Rivera - Huila, Colombia</name>
    <description><![CDATA[<b>Magnitud:</b> 1.3 ML<br/><b>Profundidad:</b> 4 km<br/><b>Hora local:</b> 2017-12-20T23:38:45+00:00<br/><b>Lugar:</b> Rivera - Huila, Colombia<br/>]]></description>
    <Point>
      <coordinates>-75.082,2.692,-4000</coordinates>
    </Point>
  </Placemark>
  <Placemark>
    <name>M1.0 - Rivera - Huila, Colombia</name>
    <description><![CDATA[<b>Magnitud:</b> 1.0 ML<br/><b>Profundidad:</b> 4 km<br/><b>Hora local:</b> 2017-12-18T04:10:19+00:00<br/><b>Lugar:</b> Rivera - Huila, Colombia<br/>]]></description>
    <Point>
      <coordinates>-75.072,2.727,-4000</coordinates>
    </Point>
  </Placemark>
  <Placemark>
    <name>M1.8 - Rivera - Huila, Colombia</name>
    <description><![CDATA[<b>Magnitud:</b> 1.8 ML<br/><b>Profundidad:</b> 4 km<br/><b>Hora local:</b> 2017-12-16T19:27:08+00:00<br/><b>Lugar:</b> Rivera - Huila, Colombia<br/>]]></description>
    <Point>
      <coordinates>-75.092,2.723,-4000</coordinates>
    </Point>
  </Placemark>
  <Placemark>
    <name>M1.7 - Rivera - Huila, Colombia</name>
    <description><![CDATA[<b>Magnitud:</b> 1.7 ML<br/><b>Profundidad:</b> 6 km<br/><b>Hora local:</b> 2017-12-13T20:26:05+00:00<br/><b>Lugar:</b> Rivera - Huila, Colombia<br/>]]></description>
    <Point>
      <coordinates>-75.06,2.669,-6000</coordinates>
    </Point>
  </Placemark>
  <Placemark>
    <name>M1.3 - Rivera - Huila, Colombia</name>
    <description><![CDATA[<b>Magnitud:</b> 1.3 ML<br/><b>Profundidad:</b> 4 km<br/><b>Hora local:</b> 2017-12-10T06:24:22+00:00<br/><b>Lugar:</b> Rivera - Huila, Colombia<br/>]]></description>
    <Point>
      <coordinates>-74.953,2.82,-4000</coordinates>
    </Point>
  </Placemark>
  <Placemark>
    <name>M2.3 - Aipe - Huila, Colombia</name>
    <description><![CDATA[<b>Magnitud:</b> 2.3 ML<br/><b>Profundidad:</b> 3 km<br/><b>Hora local:</b> 2017-12-08T05:26:31+00:00<br/><b>Lugar:</b> Aipe - Huila, Colombia<br/>]]></description>
    <Point>
      <coordinates>-75.377,3.298,-3000</coordinates>
    </Point>
  </Placemark>
  <Placemark>
    <name>M1.3 - Rivera - Huila, Colombia</name>
    <description><![CDATA[<b>Magnitud:</b> 1.3 ML<br/><b>Profundidad:</b> 4 km<br/><b>Hora local:</b> 2017-12-06T07:39:50+00:00<br/><b>Lugar:</b> Rivera - Huila, Colombia<br/>]]></description>
    <Point>
      <coordinates>-75.062,2.712,-4000</coordinates>
    </Point>
  </Placemark>
  <Placemark>
    <name>M1.5 - Tello - Huila, Colombia</name>
    <description><![CDATA[<b>Magnitud:</b> 1.5 ML<br/><b>Profundidad:</b> 0 km<br/><b>Hora local:</b> 2017-11-30T00:12:33+00:00<br/><b>Lugar:</b> Tello - Huila, Colombia<br/>]]></description>
    <Point>
      <coordinates>-74.963,2.896,0</coordinates>
    </Point>
  </Placemark>
  <Placemark>
    <name>M1.6 - Tello - Huila, Colombia</name>
    <description><![CDATA[<b>Magnitud:</b> 1.6 ML<br/><b>Profundidad:</b> 4 km<br/><b>Hora local:</b> 2017-11-29T01:19:58+00:00<br/><b>Lugar:</b> Tello - Huila, Colombia<br/>]]></description>
    <Point>
      <coordinates>-74.882,2.845,-4000</coordinates>
    </Point>
  </Placemark>
  <Placemark>
    <name>M1.8 - Rivera - Huila, Colombia</name>
    <description><![CDATA[<b>Magnitud:</b> 1.8 ML<br/><b>Profundidad:</b> 7 km<br/><b>Hora local:</b> 2017-11-28T01:23:52+00:00<br/><b>Lugar:</b> Rivera - Huila, Colombia<br/>]]></description>
    <Point>
      <coordinates>-75.033,2.716,-7000</coordinates>
    </Point>
  </Placemark>
  <Placemark>
    <name>M1.7 - Rivera - Huila, Colombia</name>
    <description><![CDATA[<b>Magnitud:</b> 1.7 ML<br/><b>Profundidad:</b> 4 km<br/><b>Hora local:</b> 2017-11-25T14:51:12+00:00<br/><b>Lugar:</b> Rivera - Huila, Colombia<br/>]]></description>
    <Point>
      <coordinates>-75.026,2.697,-4000</coordinates>
    </Point>
  </Placemark>
  <Placemark>
    <name>M2.1 - Rivera - Huila, Colombia</name>
    <description><![CDATA[<b>Magnitud:</b> 2.1 ML<br/><b>Profundidad:</b> 1 km<br/><b>Hora local:</b> 2017-11-25T08:48:12+00:00<br/><b>Lugar:</b> Rivera - Huila, Colombia<br/>]]></description>
    <Point>
      <coordinates>-75.078,2.732,-1000</coordinates>
    </Point>
  </Placemark>
  <Placemark>
    <name>M2.2 - Tello - Huila, Colombia</name>
    <description><![CDATA[<b>Magnitud:</b> 2.2 ML<br/><b>Profundidad:</b> 15 km<br/><b>Hora local:</b> 2017-11-25T08:16:17+00:00<br/><b>Lugar:</b> Tello - Huila, Colombia<br/>]]></description>
    <Point>
      <coordinates>-74.913,2.844,-15000</coordinates>
    </Point>
  </Placemark>
  <Placemark>
    <name>M2.0 - Baraya - Huila, Colombia</name>
    <description><![CDATA[<b>Magnitud:</b> 2.0 ML<br/><b>Profundidad:</b> 0 km<br/><b>Hora local:</b> 2017-11-25T06:52:01+00:00<br/><b>Lugar:</b> Baraya - Huila, Colombia<br/>]]></description>
    <Point>
      <coordinates>-74.904,2.942,0</coordinates>
    </Point>
  </Placemark>
  <Placemark>
    <name>M1.0 - Hobo - Huila, Colombia</name>
    <description><![CDATA[<b>Magnitud:</b> 1.0 ML<br/><b>Profundidad:</b> 1 km<br/><b>Hora local:</b> 2017-11-21T05:02:58+00:00<br/><b>Lugar:</b> Hobo - Huila, Colombia<br/>]]></description>
    <Point>
      <coordinates>-75.507,2.553,-1000</coordinates>
    </Point>
  </Placemark>
  <Placemark>
    <name>M1.5 - Rivera - Huila, Colombia</name>
    <description><![CDATA[<b>Magnitud:</b> 1.5 ML<br/><b>Profundidad:</b> 5 km<br/><b>Hora local:</b> 2017-11-21T01:30:47+00:00<br/><b>Lugar:</b> Rivera - Huila, Colombia<br/>]]></description>
    <Point>
      <coordinates>-75.019,2.719,-5000</coordinates>
    </Point>
  </Placemark>
  <Placemark>
    <name>M1.4 - Rivera - Huila, Colombia</name>
    <description><![CDATA[<b>Magnitud:</b> 1.4 ML<br/><b>Profundidad:</b> 32 km<br/><b>Hora local:</b> 2017-11-19T09:58:47+00:00<br/><b>Lugar:</b> Rivera - Huila, Colombia<br/>]]></description>
    <Point>
      <coordinates>-74.931,2.721,-32000</coordinates>
    </Point>
  </Placemark>
  <Placemark>
    <name>M1.5 - Rivera - Huila, Colombia</name>
    <description><![CDATA[<b>Magnitud:</b> 1.5 ML<br/><b>Profundidad:</b> 4 km<br/><b>Hora local:</b> 2017-11-17T21:27:00+00:00<br/><b>Lugar:</b> Rivera - Huila, Colombia<br/>]]></description>
    <Point>
      <coordinates>-75.018,2.721,-4000</coordinates>
    </Point>
  </Placemark>
  <Placemark>
    <name>M1.9 - Tello - Huila, Colombia</name>
    <description><![CDATA[<b>Magnitud:</b> 1.9 ML<br/><b>Profundidad:</b> 2 km<br/><b>Hora local:</b> 2017-11-14T00:01:19+00:00<br/><b>Lugar:</b> Tello - Huila, Colombia<br/>]]></description>
    <Point>
      <coordinates>-74.944,2.825,-2000</coordinates>
    </Point>
  </Placemark>
  <Placemark>
    <name>M1.7 - Rivera - Huila, Colombia</name>
    <description><![CDATA[<b>Magnitud:</b> 1.7 ML<br/><b>Profundidad:</b> 4 km<br/><b>Hora local:</b> 2017-11-13T15:36:54+00:00<br/><b>Lugar:</b> Rivera - Huila, Colombia<br/>]]></description>
    <Point>
      <coordinates>-75.04,2.72,-4000</coordinates>
    </Point>
  </Placemark>
  <Placemark>
    <name>M2.4 - Rivera - Huila, Colombia</name>
    <description><![CDATA[<b>Magnitud:</b> 2.4 ML<br/><b>Profundidad:</b> 5 km<br/><b>Hora local:</b> 2017-11-12T17:17:52+00:00<br/><b>Lugar:</b> Rivera - Huila, Colombia<br/>]]></description>
    <Point>
      <coordinates>-74.988,2.682,-5000</coordinates>
    </Point>
  </Placemark>
  <Placemark>
    <name>M1.8 - Rivera - Huila, Colombia</name>
    <description><![CDATA[<b>Magnitud:</b> 1.8 ML<br/><b>Profundidad:</b> 4 km<br/><b>Hora local:</b> 2017-11-12T16:49:06+00:00<br/><b>Lugar:</b> Rivera - Huila, Colombia<br/>]]></description>
    <Point>
      <coordinates>-75.013,2.719,-4000</coordinates>
    </Point>
  </Placemark>
  <Placemark>
    <name>M1.6 - Rivera - Huila, Colombia</name>
    <description><![CDATA[<b>Magnitud:</b> 1.6 ML<br/><b>Profundidad:</b> 8 km<br/><b>Hora local:</b> 2017-11-12T09:31:49+00:00<br/><b>Lugar:</b> Rivera - Huila, Colombia<br/>]]></description>
    <Point>
      <coordinates>-75.017,2.714,-8000</coordinates>
    </Point>
  </Placemark>
  <Placemark>
    <name>M4.8 - Rivera - Huila, Colombia</name>
    <description><![CDATA[<b>Magnitud:</b> 4.8 MW<br/><b>Profundidad:</b> 2 km<br/><b>Hora local:</b> 2017-11-11T14:45:20+00:00<br/><b>Lugar:</b> Rivera - Huila, Colombia<br/>]]></description>
    <Point>
      <coordinates>-75.056,2.73,-2000</coordinates>
    </Point>
  </Placemark>
  <Placemark>
    <name>M1.5 - Rivera - Huila, Colombia</name>
    <description><![CDATA[<b>Magnitud:</b> 1.5 ML<br/><b>Profundidad:</b> 4 km<br/><b>Hora local:</b> 2017-11-11T11:44:33+00:00<br/><b>Lugar:</b> Rivera - Huila, Colombia<br/>]]></description>
    <Point>
      <coordinates>-75.074,2.727,-4000</coordinates>
    </Point>
  </Placemark>
  <Placemark>
    <name>M2.1 - Rivera - Huila, Colombia</name>
    <description><![CDATA[<b>Magnitud:</b> 2.1 ML<br/><b>Profundidad:</b> 4 km<br/><b>Hora local:</b> 2017-11-11T10:04:55+00:00<br/><b>Lugar:</b> Rivera - Huila, Colombia<br/>]]></description>
    <Point>
      <coordinates>-75.017,2.714,-4000</coordinates>
    </Point>
  </Placemark>
  <Placemark>
    <name>M1.2 - Rivera - Huila, Colombia</name>
    <description><![CDATA[<b>Magnitud:</b> 1.2 ML<br/><b>Profundidad:</b> 4 km<br/><b>Hora local:</b> 2017-11-11T10:00:28+00:00<br/><b>Lugar:</b> Rivera - Huila, Colombia<br/>]]></description>
    <Point>
      <coordinates>-75.055,2.734,-4000</coordinates>
    </Point>
  </Placemark>
  <Placemark>
    <name>M1.7 - Rivera - Huila, Colombia</name>
    <description><![CDATA[<b>Magnitud:</b> 1.7 ML<br/><b>Profundidad:</b> 4 km<br/><b>Hora local:</b> 2017-11-11T09:58:51+00:00<br/><b>Lugar:</b> Rivera - Huila, Colombia<br/>]]></description>
    <Point>
      <coordinates>-75.044,2.723,-4000</coordinates>
    </Point>
  </Placemark>
  <Placemark>
    <name>M4.8 - Rivera - Huila, Colombia</name>
    <description><![CDATA[<b>Magnitud:</b> 4.8 MW<br/><b>Profundidad:</b> 2 km<br/><b>Hora local:</b> 2017-11-11T09:45:20+00:00<br/><b>Lugar:</b> Rivera - Huila, Colombia<br/>]]></description>
    <Point>
      <coordinates>-75.056,2.73,-2000</coordinates>
    </Point>
  </Placemark>
  <Placemark>
    <name>M1.1 - Algeciras - Huila, Colombia</name>
    <description><![CDATA[<b>Magnitud:</b> 1.1 ML<br/><b>Profundidad:</b> 10 km<br/><b>Hora local:</b> 2017-11-04T16:11:25+00:00<br/><b>Lugar:</b> Algeciras - Huila, Colombia<br/>]]></description>
    <Point>
      <coordinates>-75.303,2.49,-10000</coordinates>
    </Point>
  </Placemark>
  <Placemark>
    <name>M1.7 - Hobo - Huila, Colombia</name>
    <description><![CDATA[<b>Magnitud:</b> 1.7 ML<br/><b>Profundidad:</b> 16 km<br/><b>Hora local:</b> 2017-10-31T16:10:18+00:00<br/><b>Lugar:</b> Hobo - Huila, Colombia<br/>]]></description>
    <Point>
      <coordinates>-75.395,2.555,-16000</coordinates>
    </Point>
  </Placemark>
  <Placemark>
    <name>M1.8 - Baraya - Huila, Colombia</name>
    <description><![CDATA[<b>Magnitud:</b> 1.8 ML<br/><b>Profundidad:</b> 4 km<br/><b>Hora local:</b> 2017-10-31T04:24:17+00:00<br/><b>Lugar:</b> Baraya - Huila, Colombia<br/>]]></description>
    <Point>
      <coordinates>-74.852,2.883,-4000</coordinates>
    </Point>
  </Placemark>
  <Placemark>
    <name>M1.2 - Aipe - Huila, Colombia</name>
    <description><![CDATA[<b>Magnitud:</b> 1.2 ML<br/><b>Profundidad:</b> 4 km<br/><b>Hora local:</b> 2017-10-30T15:54:23+00:00<br/><b>Lugar:</b> Aipe - Huila, Colombia<br/>]]></description>
    <Point>
      <coordinates>-75.358,3.193,-4000</coordinates>
    </Point>
  </Placemark>
  <Placemark>
    <name>M1.4 - Campoalegre - Huila, Colombia</name>
    <description><![CDATA[<b>Magnitud:</b> 1.4 ML<br/><b>Profundidad:</b> 12 km<br/><b>Hora local:</b> 2017-10-30T04:31:37+00:00<br/><b>Lugar:</b> Campoalegre - Huila, Colombia<br/>]]></description>
    <Point>
      <coordinates>-75.326,2.605,-12000</coordinates>
    </Point>
  </Placemark>
  <Placemark>
    <name>M1.6 - Rivera - Huila, Colombia</name>
    <description><![CDATA[<b>Magnitud:</b> 1.6 ML<br/><b>Profundidad:</b> 4 km<br/><b>Hora local:</b> 2017-10-25T19:42:25+00:00<br/><b>Lugar:</b> Rivera - Huila, Colombia<br/>]]></description>
    <Point>
      <coordinates>-75.034,2.747,-4000</coordinates>
    </Point>
  </Placemark>
  <Placemark>
    <name>M1.2 - Tello - Huila, Colombia</name>
    <description><![CDATA[<b>Magnitud:</b> 1.2 ML<br/><b>Profundidad:</b> 6 km<br/><b>Hora local:</b> 2017-10-25T01:32:01+00:00<br/><b>Lugar:</b> Tello - Huila, Colombia<br/>]]></description>
    <Point>
      <coordinates>-74.873,2.836,-6000</coordinates>
    </Point>
  </Placemark>
  <Placemark>
    <name>M2.2 - Hobo - Huila, Colombia</name>
    <description><![CDATA[<b>Magnitud:</b> 2.2 ML<br/><b>Profundidad:</b> 7 km<br/><b>Hora local:</b> 2017-10-25T00:58:04+00:00<br/><b>Lugar:</b> Hobo - Huila, Colombia<br/>]]></description>
    <Point>
      <coordinates>-75.39,2.558,-7000</coordinates>
    </Point>
  </Placemark>
  <Placemark>
    <name>M1.1 - Santa María - Huila, Colombia</name>
    <description><![CDATA[<b>Magnitud:</b> 1.1 ML<br/><b>Profundidad:</b> 4 km<br/><b>Hora local:</b> 2017-10-23T20:12:24+00:00<br/><b>Lugar:</b> Santa María - Huila, Colombia<br/>]]></description>
    <Point>
      <coordinates>-75.693,2.914,-4000</coordinates>
    </Point>
  </Placemark>
  <Placemark>
    <name>M1.4 - Rivera - Huila, Colombia</name>
    <description><![CDATA[<b>Magnitud:</b> 1.4 ML<br/><b>Profundidad:</b> 4 km<br/><b>Hora local:</b> 2017-10-22T00:24:20+00:00<br/><b>Lugar:</b> Rivera - Huila, Colombia<br/>]]></description>
    <Point>
      <coordinates>-75.062,2.666,-4000</coordinates>
    </Point>
  </Placemark>
  <Placemark>
    <name>M1.3 - Rivera - Huila, Colombia</name>
    <description><![CDATA[<b>Magnitud:</b> 1.3 ML<br/><b>Profundidad:</b> 2 km<br/><b>Hora local:</b> 2017-10-19T05:30:17+00:00<br/><b>Lugar:</b> Rivera - Huila, Colombia<br/>]]></description>
    <Point>
      <coordinates>-75.164,2.639,-2000</coordinates>
    </Point>
  </Placemark>
  <Placemark>
    <name>M2.8 - Hobo - Huila, Colombia</name>
    <description><![CDATA[<b>Magnitud:</b> 2.8 ML<br/><b>Profundidad:</b> 4 km<br/><b>Hora local:</b> 2017-10-17T19:46:53+00:00<br/><b>Lugar:</b> Hobo - Huila, Colombia<br/>]]></description>
    <Point>
      <coordinates>-75.399,2.564,-4000</coordinates>
    </Point>
  </Placemark>
  <Placemark>
    <name>M1.4 - Baraya - Huila, Colombia</name>
    <description><![CDATA[<b>Magnitud:</b> 1.4 ML<br/><b>Profundidad:</b> 10 km<br/><b>Hora local:</b> 2017-10-14T14:02:35+00:00<br/><b>Lugar:</b> Baraya - Huila, Colombia<br/>]]></description>
    <Point>
      <coordinates>-74.884,2.904,-10000</coordinates>
    </Point>
  </Placemark>
  <Placemark>
    <name>M1.8 - Algeciras - Huila, Colombia</name>
    <description><![CDATA[<b>Magnitud:</b> 1.8 ML<br/><b>Profundidad:</b> 21 km<br/><b>Hora local:</b> 2017-10-07T16:22:51+00:00<br/><b>Lugar:</b> Algeciras - Huila, Colombia<br/>]]></description>
    <Point>
      <coordinates>-75.355,2.513,-21000</coordinates>
    </Point>
  </Placemark>
  <Placemark>
    <name>M1.4 - Rivera - Huila, Colombia</name>
    <description><![CDATA[<b>Magnitud:</b> 1.4 ML<br/><b>Profundidad:</b> 4 km<br/><b>Hora local:</b> 2017-10-05T03:48:06+00:00<br/><b>Lugar:</b> Rivera - Huila, Colombia<br/>]]></description>
    <Point>
      <coordinates>-75.06,2.645,-4000</coordinates>
    </Point>
  </Placemark>
  <Placemark>
    <name>M1.4 - Rivera - Huila, Colombia</name>
    <description><![CDATA[<b>Magnitud:</b> 1.4 ML<br/><b>Profundidad:</b> 4 km<br/><b>Hora local:</b> 2017-10-02T07:09:07+00:00<br/><b>Lugar:</b> Rivera - Huila, Colombia<br/>]]></description>
    <Point>
      <coordinates>-75.057,2.691,-4000</coordinates>
    </Point>
  </Placemark>
  <Placemark>
    <name>M1.7 - Hobo - Huila, Colombia</name>
    <description><![CDATA[<b>Magnitud:</b> 1.7 ML<br/><b>Profundidad:</b> 22 km<br/><b>Hora local:</b> 2017-09-22T23:02:38+00:00<br/><b>Lugar:</b> Hobo - Huila, Colombia<br/>]]></description>
    <Point>
      <coordinates>-75.407,2.507,-22000</coordinates>
    </Point>
  </Placemark>
  <Placemark>
    <name>M1.0 - Rivera - Huila, Colombia</name>
    <description><![CDATA[<b>Magnitud:</b> 1.0 ML<br/><b>Profundidad:</b> 17 km<br/><b>Hora local:</b> 2017-09-22T02:09:04+00:00<br/><b>Lugar:</b> Rivera - Huila, Colombia<br/>]]></description>
    <Point>
      <coordinates>-75.077,2.759,-17000</coordinates>
    </Point>
  </Placemark>
  <Placemark>
    <name>M1.6 - Santa María - Huila, Colombia</name>
    <description><![CDATA[<b>Magnitud:</b> 1.6 ML<br/><b>Profundidad:</b> 11 km<br/><b>Hora local:</b> 2017-09-13T16:08:48+00:00<br/><b>Lugar:</b> Santa María - Huila, Colombia<br/>]]></description>
    <Point>
      <coordinates>-75.7,2.974,-11000</coordinates>
    </Point>
  </Placemark>
  <Placemark>
    <name>M1.5 - Rivera - Huila, Colombia</name>
    <description><![CDATA[<b>Magnitud:</b> 1.5 ML<br/><b>Profundidad:</b> 11 km<br/><b>Hora local:</b> 2017-09-10T16:11:34+00:00<br/><b>Lugar:</b> Rivera - Huila, Colombia<br/>]]></description>
    <Point>
      <coordinates>-74.979,2.705,-11000</coordinates>
    </Point>
  </Placemark>
  <Placemark>
    <name>M1.9 - Hobo - Huila, Colombia</name>
    <description><![CDATA[<b>Magnitud:</b> 1.9 ML<br/><b>Profundidad:</b> 24 km<br/><b>Hora local:</b> 2017-09-05T08:11:42+00:00<br/><b>Lugar:</b> Hobo - Huila, Colombia<br/>]]></description>
    <Point>
      <coordinates>-75.401,2.545,-24000</coordinates>
    </Point>
  </Placemark>
  <Placemark>
    <name>M1.3 - Rivera - Huila, Colombia</name>
    <description><![CDATA[<b>Magnitud:</b> 1.3 ML<br/><b>Profundidad:</b> 4 km<br/><b>Hora local:</b> 2017-09-04T01:03:10+00:00<br/><b>Lugar:</b> Rivera - Huila, Colombia<br/>]]></description>
    <Point>
      <coordinates>-75.085,2.713,-4000</coordinates>
    </Point>
  </Placemark>
  <Placemark>
    <name>M1.1 - Baraya - Huila, Colombia</name>
    <description><![CDATA[<b>Magnitud:</b> 1.1 ML<br/><b>Profundidad:</b> 2 km<br/><b>Hora local:</b> 2017-08-21T13:25:37+00:00<br/><b>Lugar:</b> Baraya - Huila, Colombia<br/>]]></description>
    <Point>
      <coordinates>-74.99,3.008,-2000</coordinates>
    </Point>
  </Placemark>
  <Placemark>
    <name>M1.5 - Aipe - Huila, Colombia</name>
    <description><![CDATA[<b>Magnitud:</b> 1.5 ML<br/><b>Profundidad:</b> 4 km<br/><b>Hora local:</b> 2017-08-07T19:33:56+00:00<br/><b>Lugar:</b> Aipe - Huila, Colombia<br/>]]></description>
    <Point>
      <coordinates>-75.222,3.266,-4000</coordinates>
    </Point>
  </Placemark>
  <Placemark>
    <name>M3.4 - Planadas - Tolima, Colombia</name>
    <description><![CDATA[<b>Magnitud:</b> 3.4 MW<br/><b>Profundidad:</b> 3 km<br/><b>Hora local:</b> 2017-08-05T06:13:15+00:00<br/><b>Lugar:</b> Planadas - Tolima, Colombia<br/>]]></description>
    <Point>
      <coordinates>-75.462,3.211,-3000</coordinates>
    </Point>
  </Placemark>
  <Placemark>
    <name>M1.4 - Santa María - Huila, Colombia</name>
    <description><![CDATA[<b>Magnitud:</b> 1.4 ML<br/><b>Profundidad:</b> 3 km<br/><b>Hora local:</b> 2017-07-29T14:06:35+00:00<br/><b>Lugar:</b> Santa María - Huila, Colombia<br/>]]></description>
    <Point>
      <coordinates>-75.697,2.884,-3000</coordinates>
    </Point>
  </Placemark>
  <Placemark>
    <name>M2.3 - Campoalegre - Huila, Colombia</name>
    <description><![CDATA[<b>Magnitud:</b> 2.3 ML<br/><b>Profundidad:</b> 0 km<br/><b>Hora local:</b> 2017-06-29T09:55:39+00:00<br/><b>Lugar:</b> Campoalegre - Huila, Colombia<br/>]]></description>
    <Point>
      <coordinates>-75.175,2.62,0</coordinates>
    </Point>
  </Placemark>
  <Placemark>
    <name>M1.2 - Teruel - Huila, Colombia</name>
    <description><![CDATA[<b>Magnitud:</b> 1.2 ML<br/><b>Profundidad:</b> 28 km<br/><b>Hora local:</b> 2017-06-29T02:26:20+00:00<br/><b>Lugar:</b> Teruel - Huila, Colombia<br/>]]></description>
    <Point>
      <coordinates>-75.633,2.761,-28000</coordinates>
    </Point>
  </Placemark>
  <Placemark>
    <name>M1.9 - Neiva - Huila, Colombia</name>
    <description><![CDATA[<b>Magnitud:</b> 1.9 ML<br/><b>Profundidad:</b> 20 km<br/><b>Hora local:</b> 2017-06-26T19:19:51+00:00<br/><b>Lugar:</b> Neiva - Huila, Colombia<br/>]]></description>
    <Point>
      <coordinates>-75.171,2.911,-20000</coordinates>
    </Point>
  </Placemark>
  <Placemark>
    <name>M1.7 - Algeciras - Huila, Colombia</name>
    <description><![CDATA[<b>Magnitud:</b> 1.7 ML<br/><b>Profundidad:</b> 14 km<br/><b>Hora local:</b> 2017-06-22T21:08:02+00:00<br/><b>Lugar:</b> Algeciras - Huila, Colombia<br/>]]></description>
    <Point>
      <coordinates>-75.349,2.523,-14000</coordinates>
    </Point>
  </Placemark>
  <Placemark>
    <name>M2.5 - Algeciras - Huila, Colombia</name>
    <description><![CDATA[<b>Magnitud:</b> 2.5 ML<br/><b>Profundidad:</b> 1 km<br/><b>Hora local:</b> 2017-06-22T21:02:02+00:00<br/><b>Lugar:</b> Algeciras - Huila, Colombia<br/>]]></description>
    <Point>
      <coordinates>-75.202,2.547,-1000</coordinates>
    </Point>
  </Placemark>
  <Placemark>
    <name>M1.5 - Hobo - Huila, Colombia</name>
    <description><![CDATA[<b>Magnitud:</b> 1.5 ML<br/><b>Profundidad:</b> 14 km<br/><b>Hora local:</b> 2017-06-21T04:10:06+00:00<br/><b>Lugar:</b> Hobo - Huila, Colombia<br/>]]></description>
    <Point>
      <coordinates>-75.396,2.536,-14000</coordinates>
    </Point>
  </Placemark>
  <Placemark>
    <name>M1.8 - Rivera - Huila, Colombia</name>
    <description><![CDATA[<b>Magnitud:</b> 1.8 ML<br/><b>Profundidad:</b> 0 km<br/><b>Hora local:</b> 2017-06-17T17:23:12+00:00<br/><b>Lugar:</b> Rivera - Huila, Colombia<br/>]]></description>
    <Point>
      <coordinates>-75.107,2.625,0</coordinates>
    </Point>
  </Placemark>
  <Placemark>
    <name>M1.2 - Íquira - Huila, Colombia</name>
    <description><![CDATA[<b>Magnitud:</b> 1.2 ML<br/><b>Profundidad:</b> 2 km<br/><b>Hora local:</b> 2017-06-14T20:19:45+00:00<br/><b>Lugar:</b> Íquira - Huila, Colombia<br/>]]></description>
    <Point>
      <coordinates>-75.61,2.663,-2000</coordinates>
    </Point>
  </Placemark>
  <Placemark>
    <name>M1.3 - Baraya - Huila, Colombia</name>
    <description><![CDATA[<b>Magnitud:</b> 1.3 ML<br/><b>Profundidad:</b> 4 km<br/><b>Hora local:</b> 2017-06-10T05:33:45+00:00<br/><b>Lugar:</b> Baraya - Huila, Colombia<br/>]]></description>
    <Point>
      <coordinates>-74.872,2.992,-4000</coordinates>
    </Point>
  </Placemark>
  <Placemark>
    <name>M1.4 - Tello - Huila, Colombia</name>
    <description><![CDATA[<b>Magnitud:</b> 1.4 ML<br/><b>Profundidad:</b> 12 km<br/><b>Hora local:</b> 2017-06-08T17:48:09+00:00<br/><b>Lugar:</b> Tello - Huila, Colombia<br/>]]></description>
    <Point>
      <coordinates>-75.184,3.028,-12000</coordinates>
    </Point>
  </Placemark>
  <Placemark>
    <name>M2.0 - Rivera - Huila, Colombia</name>
    <description><![CDATA[<b>Magnitud:</b> 2.0 ML<br/><b>Profundidad:</b> 10 km<br/><b>Hora local:</b> 2017-06-05T07:27:50+00:00<br/><b>Lugar:</b> Rivera - Huila, Colombia<br/>]]></description>
    <Point>
      <coordinates>-75.009,2.744,-10000</coordinates>
    </Point>
  </Placemark>
  <Placemark>
    <name>M1.5 - Rivera - Huila, Colombia</name>
    <description><![CDATA[<b>Magnitud:</b> 1.5 ML<br/><b>Profundidad:</b> 16 km<br/><b>Hora local:</b> 2017-06-02T13:36:02+00:00<br/><b>Lugar:</b> Rivera - Huila, Colombia<br/>]]></description>
    <Point>
      <coordinates>-74.951,2.726,-16000</coordinates>
    </Point>
  </Placemark>
  <Placemark>
    <name>M1.1 - Algeciras - Huila, Colombia</name>
    <description><![CDATA[<b>Magnitud:</b> 1.1 ML<br/><b>Profundidad:</b> 23 km<br/><b>Hora local:</b> 2017-05-28T00:32:42+00:00<br/><b>Lugar:</b> Algeciras - Huila, Colombia<br/>]]></description>
    <Point>
      <coordinates>-75.368,2.566,-23000</coordinates>
    </Point>
  </Placemark>
  <Placemark>
    <name>M1.7 - Rivera - Huila, Colombia</name>
    <description><![CDATA[<b>Magnitud:</b> 1.7 ML<br/><b>Profundidad:</b> 4 km<br/><b>Hora local:</b> 2017-05-24T07:09:25+00:00<br/><b>Lugar:</b> Rivera - Huila, Colombia<br/>]]></description>
    <Point>
      <coordinates>-75.066,2.662,-4000</coordinates>
    </Point>
  </Placemark>
  <Placemark>
    <name>M2.6 - Tello - Huila, Colombia</name>
    <description><![CDATA[<b>Magnitud:</b> 2.6 ML<br/><b>Profundidad:</b> 1 km<br/><b>Hora local:</b> 2017-05-21T11:43:45+00:00<br/><b>Lugar:</b> Tello - Huila, Colombia<br/>]]></description>
    <Point>
      <coordinates>-75.129,3.056,-1000</coordinates>
    </Point>
  </Placemark>
  <Placemark>
    <name>M1.3 - Algeciras - Huila, Colombia</name>
    <description><![CDATA[<b>Magnitud:</b> 1.3 ML<br/><b>Profundidad:</b> 25 km<br/><b>Hora local:</b> 2017-05-13T22:36:48+00:00<br/><b>Lugar:</b> Algeciras - Huila, Colombia<br/>]]></description>
    <Point>
      <coordinates>-75.358,2.516,-25000</coordinates>
    </Point>
  </Placemark>
  <Placemark>
    <name>M0.7 - Algeciras - Huila, Colombia</name>
    <description><![CDATA[<b>Magnitud:</b> 0.7 ML<br/><b>Profundidad:</b> 26 km<br/><b>Hora local:</b> 2017-05-12T03:47:42+00:00<br/><b>Lugar:</b> Algeciras - Huila, Colombia<br/>]]></description>
    <Point>
      <coordinates>-75.382,2.521,-26000</coordinates>
    </Point>
  </Placemark>
  <Placemark>
    <name>M1.2 - Rivera - Huila, Colombia</name>
    <description><![CDATA[<b>Magnitud:</b> 1.2 ML<br/><b>Profundidad:</b> 15 km<br/><b>Hora local:</b> 2017-05-08T03:01:07+00:00<br/><b>Lugar:</b> Rivera - Huila, Colombia<br/>]]></description>
    <Point>
      <coordinates>-75.032,2.674,-15000</coordinates>
    </Point>
  </Placemark>
  <Placemark>
    <name>M2.4 - Rivera - Huila, Colombia</name>
    <description><![CDATA[<b>Magnitud:</b> 2.4 ML<br/><b>Profundidad:</b> 9 km<br/><b>Hora local:</b> 2017-05-06T12:12:55+00:00<br/><b>Lugar:</b> Rivera - Huila, Colombia<br/>]]></description>
    <Point>
      <coordinates>-75.11,2.657,-9000</coordinates>
    </Point>
  </Placemark>
  <Placemark>
    <name>M1.5 - Rivera - Huila, Colombia</name>
    <description><![CDATA[<b>Magnitud:</b> 1.5 ML<br/><b>Profundidad:</b> 2 km<br/><b>Hora local:</b> 2017-05-04T11:10:15+00:00<br/><b>Lugar:</b> Rivera - Huila, Colombia<br/>]]></description>
    <Point>
      <coordinates>-75.15,2.668,-2000</coordinates>
    </Point>
  </Placemark>
  <Placemark>
    <name>M2.0 - Tello - Huila, Colombia</name>
    <description><![CDATA[<b>Magnitud:</b> 2.0 ML<br/><b>Profundidad:</b> 1 km<br/><b>Hora local:</b> 2017-05-03T01:12:01+00:00<br/><b>Lugar:</b> Tello - Huila, Colombia<br/>]]></description>
    <Point>
      <coordinates>-75.155,2.993,-1000</coordinates>
    </Point>
  </Placemark>
  <Placemark>
    <name>M2.2 - Algeciras - Huila, Colombia</name>
    <description><![CDATA[<b>Magnitud:</b> 2.2 ML<br/><b>Profundidad:</b> 14 km<br/><b>Hora local:</b> 2017-04-24T00:05:47+00:00<br/><b>Lugar:</b> Algeciras - Huila, Colombia<br/>]]></description>
    <Point>
      <coordinates>-75.329,2.579,-14000</coordinates>
    </Point>
  </Placemark>
  <Placemark>
    <name>M1.7 - Hobo - Huila, Colombia</name>
    <description><![CDATA[<b>Magnitud:</b> 1.7 ML<br/><b>Profundidad:</b> 22 km<br/><b>Hora local:</b> 2017-04-22T07:45:09+00:00<br/><b>Lugar:</b> Hobo - Huila, Colombia<br/>]]></description>
    <Point>
      <coordinates>-75.413,2.513,-22000</coordinates>
    </Point>
  </Placemark>
  <Placemark>
    <name>M2.3 - Rivera - Huila, Colombia</name>
    <description><![CDATA[<b>Magnitud:</b> 2.3 ML<br/><b>Profundidad:</b> 5 km<br/><b>Hora local:</b> 2017-04-20T11:12:24+00:00<br/><b>Lugar:</b> Rivera - Huila, Colombia<br/>]]></description>
    <Point>
      <coordinates>-75.054,2.653,-5000</coordinates>
    </Point>
  </Placemark>
  <Placemark>
    <name>M1.5 - Tello - Huila, Colombia</name>
    <description><![CDATA[<b>Magnitud:</b> 1.5 ML<br/><b>Profundidad:</b> 4 km<br/><b>Hora local:</b> 2017-04-17T22:05:13+00:00<br/><b>Lugar:</b> Tello - Huila, Colombia<br/>]]></description>
    <Point>
      <coordinates>-74.867,2.879,-4000</coordinates>
    </Point>
  </Placemark>
  <Placemark>
    <name>M1.3 - Rivera - Huila, Colombia</name>
    <description><![CDATA[<b>Magnitud:</b> 1.3 ML<br/><b>Profundidad:</b> 4 km<br/><b>Hora local:</b> 2017-04-16T23:00:19+00:00<br/><b>Lugar:</b> Rivera - Huila, Colombia<br/>]]></description>
    <Point>
      <coordinates>-75.064,2.668,-4000</coordinates>
    </Point>
  </Placemark>
  <Placemark>
    <name>M1.4 - Rivera - Huila, Colombia</name>
    <description><![CDATA[<b>Magnitud:</b> 1.4 ML<br/><b>Profundidad:</b> 11 km<br/><b>Hora local:</b> 2017-04-16T05:16:52+00:00<br/><b>Lugar:</b> Rivera - Huila, Colombia<br/>]]></description>
    <Point>
      <coordinates>-75.036,2.714,-11000</coordinates>
    </Point>
  </Placemark>
  <Placemark>
    <name>M1.3 - Rivera - Huila, Colombia</name>
    <description><![CDATA[<b>Magnitud:</b> 1.3 ML<br/><b>Profundidad:</b> 18 km<br/><b>Hora local:</b> 2017-04-09T04:14:25+00:00<br/><b>Lugar:</b> Rivera - Huila, Colombia<br/>]]></description>
    <Point>
      <coordinates>-75.157,2.722,-18000</coordinates>
    </Point>
  </Placemark>
  <Placemark>
    <name>M1.7 - Baraya - Huila, Colombia</name>
    <description><![CDATA[<b>Magnitud:</b> 1.7 ML<br/><b>Profundidad:</b> 11 km<br/><b>Hora local:</b> 2017-04-07T06:28:28+00:00<br/><b>Lugar:</b> Baraya - Huila, Colombia<br/>]]></description>
    <Point>
      <coordinates>-74.848,2.881,-11000</coordinates>
    </Point>
  </Placemark>
  <Placemark>
    <name>M1.5 - Algeciras - Huila, Colombia</name>
    <description><![CDATA[<b>Magnitud:</b> 1.5 ML<br/><b>Profundidad:</b> 20 km<br/><b>Hora local:</b> 2017-04-06T05:07:19+00:00<br/><b>Lugar:</b> Algeciras - Huila, Colombia<br/>]]></description>
    <Point>
      <coordinates>-75.319,2.487,-20000</coordinates>
    </Point>
  </Placemark>
  <Placemark>
    <name>M1.7 - Hobo - Huila, Colombia</name>
    <description><![CDATA[<b>Magnitud:</b> 1.7 ML<br/><b>Profundidad:</b> 19 km<br/><b>Hora local:</b> 2017-04-05T06:08:42+00:00<br/><b>Lugar:</b> Hobo - Huila, Colombia<br/>]]></description>
    <Point>
      <coordinates>-75.427,2.527,-19000</coordinates>
    </Point>
  </Placemark>
  <Placemark>
    <name>M1.6 - Íquira - Huila, Colombia</name>
    <description><![CDATA[<b>Magnitud:</b> 1.6 ML<br/><b>Profundidad:</b> 3 km<br/><b>Hora local:</b> 2017-03-30T06:38:27+00:00<br/><b>Lugar:</b> Íquira - Huila, Colombia<br/>]]></description>
    <Point>
      <coordinates>-75.674,2.706,-3000</coordinates>
    </Point>
  </Placemark>
  <Placemark>
    <name>M1.6 - Algeciras - Huila, Colombia</name>
    <description><![CDATA[<b>Magnitud:</b> 1.6 ML<br/><b>Profundidad:</b> 4 km<br/><b>Hora local:</b> 2017-03-30T03:07:39+00:00<br/><b>Lugar:</b> Algeciras - Huila, Colombia<br/>]]></description>
    <Point>
      <coordinates>-75.138,2.574,-4000</coordinates>
    </Point>
  </Placemark>
  <Placemark>
    <name>M1.2 - Hobo - Huila, Colombia</name>
    <description><![CDATA[<b>Magnitud:</b> 1.2 ML<br/><b>Profundidad:</b> 17 km<br/><b>Hora local:</b> 2017-03-21T08:14:29+00:00<br/><b>Lugar:</b> Hobo - Huila, Colombia<br/>]]></description>
    <Point>
      <coordinates>-75.428,2.534,-17000</coordinates>
    </Point>
  </Placemark>
  <Placemark>
    <name>M1.3 - Tello - Huila, Colombia</name>
    <description><![CDATA[<b>Magnitud:</b> 1.3 ML<br/><b>Profundidad:</b> 0 km<br/><b>Hora local:</b> 2017-03-17T23:53:41+00:00<br/><b>Lugar:</b> Tello - Huila, Colombia<br/>]]></description>
    <Point>
      <coordinates>-74.984,2.984,0</coordinates>
    </Point>
  </Placemark>
  <Placemark>
    <name>M2.0 - Baraya - Huila, Colombia</name>
    <description><![CDATA[<b>Magnitud:</b> 2.0 ML<br/><b>Profundidad:</b> 0 km<br/><b>Hora local:</b> 2017-03-17T07:01:40+00:00<br/><b>Lugar:</b> Baraya - Huila, Colombia<br/>]]></description>
    <Point>
      <coordinates>-74.891,2.934,0</coordinates>
    </Point>
  </Placemark>
  <Placemark>
    <name>M1.4 - Algeciras - Huila, Colombia</name>
    <description><![CDATA[<b>Magnitud:</b> 1.4 ML<br/><b>Profundidad:</b> 18 km<br/><b>Hora local:</b> 2017-03-15T20:59:19+00:00<br/><b>Lugar:</b> Algeciras - Huila, Colombia<br/>]]></description>
    <Point>
      <coordinates>-75.394,2.499,-18000</coordinates>
    </Point>
  </Placemark>
  <Placemark>
    <name>M1.7 - Algeciras - Huila, Colombia</name>
    <description><![CDATA[<b>Magnitud:</b> 1.7 ML<br/><b>Profundidad:</b> 4 km<br/><b>Hora local:</b> 2017-03-08T20:36:12+00:00<br/><b>Lugar:</b> Algeciras - Huila, Colombia<br/>]]></description>
    <Point>
      <coordinates>-75.253,2.518,-4000</coordinates>
    </Point>
  </Placemark>
  <Placemark>
    <name>M1.6 - Algeciras - Huila, Colombia</name>
    <description><![CDATA[<b>Magnitud:</b> 1.6 ML<br/><b>Profundidad:</b> 4 km<br/><b>Hora local:</b> 2017-03-08T20:19:56+00:00<br/><b>Lugar:</b> Algeciras - Huila, Colombia<br/>]]></description>
    <Point>
      <coordinates>-75.259,2.529,-4000</coordinates>
    </Point>
  </Placemark>
  <Placemark>
    <name>M1.0 - Hobo - Huila, Colombia</name>
    <description><![CDATA[<b>Magnitud:</b> 1.0 ML<br/><b>Profundidad:</b> 15 km<br/><b>Hora local:</b> 2017-03-08T03:21:15+00:00<br/><b>Lugar:</b> Hobo - Huila, Colombia<br/>]]></description>
    <Point>
      <coordinates>-75.375,2.571,-15000</coordinates>
    </Point>
  </Placemark>
  <Placemark>
    <name>M1.8 - Rivera - Huila, Colombia</name>
    <description><![CDATA[<b>Magnitud:</b> 1.8 ML<br/><b>Profundidad:</b> 4 km<br/><b>Hora local:</b> 2017-03-01T10:30:13+00:00<br/><b>Lugar:</b> Rivera - Huila, Colombia<br/>]]></description>
    <Point>
      <coordinates>-75.032,2.724,-4000</coordinates>
    </Point>
  </Placemark>
  <Placemark>
    <name>M1.5 - Rivera - Huila, Colombia</name>
    <description><![CDATA[<b>Magnitud:</b> 1.5 ML<br/><b>Profundidad:</b> 16 km<br/><b>Hora local:</b> 2017-03-01T04:17:04+00:00<br/><b>Lugar:</b> Rivera - Huila, Colombia<br/>]]></description>
    <Point>
      <coordinates>-75.057,2.706,-16000</coordinates>
    </Point>
  </Placemark>
  <Placemark>
    <name>M2.8 - Rivera - Huila, Colombia</name>
    <description><![CDATA[<b>Magnitud:</b> 2.8 ML<br/><b>Profundidad:</b> 0 km<br/><b>Hora local:</b> 2017-02-28T18:26:38+00:00<br/><b>Lugar:</b> Rivera - Huila, Colombia<br/>]]></description>
    <Point>
      <coordinates>-74.992,2.666,0</coordinates>
    </Point>
  </Placemark>
  <Placemark>
    <name>M1.3 - Rivera - Huila, Colombia</name>
    <description><![CDATA[<b>Magnitud:</b> 1.3 ML<br/><b>Profundidad:</b> 0 km<br/><b>Hora local:</b> 2017-02-28T18:20:52+00:00<br/><b>Lugar:</b> Rivera - Huila, Colombia<br/>]]></description>
    <Point>
      <coordinates>-74.93,2.805,0</coordinates>
    </Point>
  </Placemark>
  <Placemark>
    <name>M1.3 - Hobo - Huila, Colombia</name>
    <description><![CDATA[<b>Magnitud:</b> 1.3 ML<br/><b>Profundidad:</b> 20 km<br/><b>Hora local:</b> 2017-02-21T17:37:41+00:00<br/><b>Lugar:</b> Hobo - Huila, Colombia<br/>]]></description>
    <Point>
      <coordinates>-75.416,2.517,-20000</coordinates>
    </Point>
  </Placemark>
  <Placemark>
    <name>M2.0 - Tello - Huila, Colombia</name>
    <description><![CDATA[<b>Magnitud:</b> 2.0 ML<br/><b>Profundidad:</b> 2 km<br/><b>Hora local:</b> 2017-02-20T03:00:21+00:00<br/><b>Lugar:</b> Tello - Huila, Colombia<br/>]]></description>
    <Point>
      <coordinates>-74.858,2.845,-2000</coordinates>
    </Point>
  </Placemark>
  <Placemark>
    <name>M1.1 - Algeciras - Huila, Colombia</name>
    <description><![CDATA[<b>Magnitud:</b> 1.1 ML<br/><b>Profundidad:</b> 4 km<br/><b>Hora local:</b> 2017-02-19T06:52:59+00:00<br/><b>Lugar:</b> Algeciras - Huila, Colombia<br/>]]></description>
    <Point>
      <coordinates>-75.23,2.507,-4000</coordinates>
    </Point>
  </Placemark>
  <Placemark>
    <name>M1.9 - Baraya - Huila, Colombia</name>
    <description><![CDATA[<b>Magnitud:</b> 1.9 ML<br/><b>Profundidad:</b> 4 km<br/><b>Hora local:</b> 2017-02-15T07:23:36+00:00<br/><b>Lugar:</b> Baraya - Huila, Colombia<br/>]]></description>
    <Point>
      <coordinates>-74.858,2.889,-4000</coordinates>
    </Point>
  </Placemark>
  <Placemark>
    <name>M1.2 - Campoalegre - Huila, Colombia</name>
    <description><![CDATA[<b>Magnitud:</b> 1.2 ML<br/><b>Profundidad:</b> 15 km<br/><b>Hora local:</b> 2017-02-13T04:42:46+00:00<br/><b>Lugar:</b> Campoalegre - Huila, Colombia<br/>]]></description>
    <Point>
      <coordinates>-75.396,2.721,-15000</coordinates>
    </Point>
  </Placemark>
  <Placemark>
    <name>M1.7 - Rivera - Huila, Colombia</name>
    <description><![CDATA[<b>Magnitud:</b> 1.7 ML<br/><b>Profundidad:</b> 4 km<br/><b>Hora local:</b> 2017-02-09T07:00:13+00:00<br/><b>Lugar:</b> Rivera - Huila, Colombia<br/>]]></description>
    <Point>
      <coordinates>-75.09,2.648,-4000</coordinates>
    </Point>
  </Placemark>
  <Placemark>
    <name>M1.9 - Baraya - Huila, Colombia</name>
    <description><![CDATA[<b>Magnitud:</b> 1.9 ML<br/><b>Profundidad:</b> 4 km<br/><b>Hora local:</b> 2017-02-06T10:02:42+00:00<br/><b>Lugar:</b> Baraya - Huila, Colombia<br/>]]></description>
    <Point>
      <coordinates>-74.876,2.897,-4000</coordinates>
    </Point>
  </Placemark>
  <Placemark>
    <name>M1.6 - Algeciras - Huila, Colombia</name>
    <description><![CDATA[<b>Magnitud:</b> 1.6 ML<br/><b>Profundidad:</b> 17 km<br/><b>Hora local:</b> 2017-02-01T17:01:33+00:00<br/><b>Lugar:</b> Algeciras - Huila, Colombia<br/>]]></description>
    <Point>
      <coordinates>-75.359,2.515,-17000</coordinates>
    </Point>
  </Placemark>
  <Placemark>
    <name>M2.0 - Rivera - Huila, Colombia</name>
    <description><![CDATA[<b>Magnitud:</b> 2.0 ML<br/><b>Profundidad:</b> 6 km<br/><b>Hora local:</b> 2017-01-25T07:43:54+00:00<br/><b>Lugar:</b> Rivera - Huila, Colombia<br/>]]></description>
    <Point>
      <coordinates>-75.103,2.736,-6000</coordinates>
    </Point>
  </Placemark>
  <Placemark>
    <name>M1.7 - Rivera - Huila, Colombia</name>
    <description><![CDATA[<b>Magnitud:</b> 1.7 ML<br/><b>Profundidad:</b> 5 km<br/><b>Hora local:</b> 2017-01-22T04:44:18+00:00<br/><b>Lugar:</b> Rivera - Huila, Colombia<br/>]]></description>
    <Point>
      <coordinates>-75.061,2.659,-5000</coordinates>
    </Point>
  </Placemark>
  <Placemark>
    <name>M1.5 - Íquira - Huila, Colombia</name>
    <description><![CDATA[<b>Magnitud:</b> 1.5 ML<br/><b>Profundidad:</b> 11 km<br/><b>Hora local:</b> 2017-01-15T13:31:35+00:00<br/><b>Lugar:</b> Íquira - Huila, Colombia<br/>]]></description>
    <Point>
      <coordinates>-75.602,2.625,-11000</coordinates>
    </Point>
  </Placemark>
  <Placemark>
    <name>M1.8 - Campoalegre - Huila, Colombia</name>
    <description><![CDATA[<b>Magnitud:</b> 1.8 ML<br/><b>Profundidad:</b> 3 km<br/><b>Hora local:</b> 2017-01-08T15:48:57+00:00<br/><b>Lugar:</b> Campoalegre - Huila, Colombia<br/>]]></description>
    <Point>
      <coordinates>-75.167,2.625,-3000</coordinates>
    </Point>
  </Placemark>
  <Placemark>
    <name>M1.2 - Campoalegre - Huila, Colombia</name>
    <description><![CDATA[<b>Magnitud:</b> 1.2 ML<br/><b>Profundidad:</b> 11 km<br/><b>Hora local:</b> 2017-01-07T02:15:35+00:00<br/><b>Lugar:</b> Campoalegre - Huila, Colombia<br/>]]></description>
    <Point>
      <coordinates>-75.316,2.69,-11000</coordinates>
    </Point>
  </Placemark>
  <Placemark>
    <name>M1.6 - Íquira - Huila, Colombia</name>
    <description><![CDATA[<b>Magnitud:</b> 1.6 ML<br/><b>Profundidad:</b> 4 km<br/><b>Hora local:</b> 2017-01-05T11:02:56+00:00<br/><b>Lugar:</b> Íquira - Huila, Colombia<br/>]]></description>
    <Point>
      <coordinates>-75.686,2.726,-4000</coordinates>
    </Point>
  </Placemark>
  <Placemark>
    <name>M1.7 - Baraya - Huila, Colombia</name>
    <description><![CDATA[<b>Magnitud:</b> 1.7 ML<br/><b>Profundidad:</b> 6 km<br/><b>Hora local:</b> 2017-01-03T23:19:53+00:00<br/><b>Lugar:</b> Baraya - Huila, Colombia<br/>]]></description>
    <Point>
      <coordinates>-74.923,3.154,-6000</coordinates>
    </Point>
  </Placemark>
  <Placemark>
    <name>M1.6 - Tello - Huila, Colombia</name>
    <description><![CDATA[<b>Magnitud:</b> 1.6 ML<br/><b>Profundidad:</b> 4 km<br/><b>Hora local:</b> 2017-01-01T19:21:56+00:00<br/><b>Lugar:</b> Tello - Huila, Colombia<br/>]]></description>
    <Point>
      <coordinates>-75.185,3.105,-4000</coordinates>
    </Point>
  </Placemark>
  <Placemark>
    <name>M2.0 - Rivera - Huila, Colombia</name>
    <description><![CDATA[<b>Magnitud:</b> 2.0 ML<br/><b>Profundidad:</b> 5 km<br/><b>Hora local:</b> 2017-01-01T05:12:38+00:00<br/><b>Lugar:</b> Rivera - Huila, Colombia<br/>]]></description>
    <Point>
      <coordinates>-75.042,2.705,-5000</coordinates>
    </Point>
  </Placemark>
  <Placemark>
    <name>M1.6 - Rivera - Huila, Colombia</name>
    <description><![CDATA[<b>Magnitud:</b> 1.6 ML<br/><b>Profundidad:</b> 5 km<br/><b>Hora local:</b> 2017-01-01T05:11:43+00:00<br/><b>Lugar:</b> Rivera - Huila, Colombia<br/>]]></description>
    <Point>
      <coordinates>-75.042,2.712,-5000</coordinates>
    </Point>
  </Placemark>
  <Placemark>
    <name>M1.2 - Baraya - Huila, Colombia</name>
    <description><![CDATA[<b>Magnitud:</b> 1.2 ML<br/><b>Profundidad:</b> 0 km<br/><b>Hora local:</b> 2016-12-25T21:51:48+00:00<br/><b>Lugar:</b> Baraya - Huila, Colombia<br/>]]></description>
    <Point>
      <coordinates>-74.963,3.073,0</coordinates>
    </Point>
  </Placemark>
  <Placemark>
    <name>M1.1 - Íquira - Huila, Colombia</name>
    <description><![CDATA[<b>Magnitud:</b> 1.1 ML<br/><b>Profundidad:</b> 4 km<br/><b>Hora local:</b> 2016-12-23T04:57:47+00:00<br/><b>Lugar:</b> Íquira - Huila, Colombia<br/>]]></description>
    <Point>
      <coordinates>-75.627,2.673,-4000</coordinates>
    </Point>
  </Placemark>
  <Placemark>
    <name>M2.4 - Íquira - Huila, Colombia</name>
    <description><![CDATA[<b>Magnitud:</b> 2.4 ML<br/><b>Profundidad:</b> 4 km<br/><b>Hora local:</b> 2016-12-22T22:51:03+00:00<br/><b>Lugar:</b> Íquira - Huila, Colombia<br/>]]></description>
    <Point>
      <coordinates>-75.662,2.715,-4000</coordinates>
    </Point>
  </Placemark>
  <Placemark>
    <name>M4.4 - Íquira - Huila, Colombia</name>
    <description><![CDATA[<b>Magnitud:</b> 4.4 MW<br/><b>Profundidad:</b> 4 km<br/><b>Hora local:</b> 2016-12-22T22:43:49+00:00<br/><b>Lugar:</b> Íquira - Huila, Colombia<br/>]]></description>
    <Point>
      <coordinates>-75.673,2.718,-4000</coordinates>
    </Point>
  </Placemark>
  <Placemark>
    <name>M1.3 - Baraya - Huila, Colombia</name>
    <description><![CDATA[<b>Magnitud:</b> 1.3 ML<br/><b>Profundidad:</b> 6 km<br/><b>Hora local:</b> 2016-12-22T20:13:01+00:00<br/><b>Lugar:</b> Baraya - Huila, Colombia<br/>]]></description>
    <Point>
      <coordinates>-74.959,3.15,-6000</coordinates>
    </Point>
  </Placemark>
  <Placemark>
    <name>M1.4 - Hobo - Huila, Colombia</name>
    <description><![CDATA[<b>Magnitud:</b> 1.4 ML<br/><b>Profundidad:</b> 16 km<br/><b>Hora local:</b> 2016-12-22T10:39:20+00:00<br/><b>Lugar:</b> Hobo - Huila, Colombia<br/>]]></description>
    <Point>
      <coordinates>-75.378,2.597,-16000</coordinates>
    </Point>
  </Placemark>
  <Placemark>
    <name>M1.5 - Rivera - Huila, Colombia</name>
    <description><![CDATA[<b>Magnitud:</b> 1.5 ML<br/><b>Profundidad:</b> 3 km<br/><b>Hora local:</b> 2016-12-20T17:51:31+00:00<br/><b>Lugar:</b> Rivera - Huila, Colombia<br/>]]></description>
    <Point>
      <coordinates>-75.049,2.709,-3000</coordinates>
    </Point>
  </Placemark>
  <Placemark>
    <name>M1.7 - Campoalegre - Huila, Colombia</name>
    <description><![CDATA[<b>Magnitud:</b> 1.7 ML<br/><b>Profundidad:</b> 16 km<br/><b>Hora local:</b> 2016-12-12T14:50:21+00:00<br/><b>Lugar:</b> Campoalegre - Huila, Colombia<br/>]]></description>
    <Point>
      <coordinates>-75.177,2.621,-16000</coordinates>
    </Point>
  </Placemark>
  <Placemark>
    <name>M1.9 - Algeciras - Huila, Colombia</name>
    <description><![CDATA[<b>Magnitud:</b> 1.9 ML<br/><b>Profundidad:</b> 11 km<br/><b>Hora local:</b> 2016-12-11T01:50:16+00:00<br/><b>Lugar:</b> Algeciras - Huila, Colombia<br/>]]></description>
    <Point>
      <coordinates>-75.395,2.511,-11000</coordinates>
    </Point>
  </Placemark>
  <Placemark>
    <name>M2.1 - Tello - Huila, Colombia</name>
    <description><![CDATA[<b>Magnitud:</b> 2.1 ML<br/><b>Profundidad:</b> 2 km<br/><b>Hora local:</b> 2016-11-28T10:04:51+00:00<br/><b>Lugar:</b> Tello - Huila, Colombia<br/>]]></description>
    <Point>
      <coordinates>-75.106,3.021,-2000</coordinates>
    </Point>
  </Placemark>
  <Placemark>
    <name>M2.2 - Campoalegre - Huila, Colombia</name>
    <description><![CDATA[<b>Magnitud:</b> 2.2 ML<br/><b>Profundidad:</b> 4 km<br/><b>Hora local:</b> 2016-11-26T11:49:14+00:00<br/><b>Lugar:</b> Campoalegre - Huila, Colombia<br/>]]></description>
    <Point>
      <coordinates>-75.148,2.621,-4000</coordinates>
    </Point>
  </Placemark>
  <Placemark>
    <name>M1.5 - Baraya - Huila, Colombia</name>
    <description><![CDATA[<b>Magnitud:</b> 1.5 ML<br/><b>Profundidad:</b> 4 km<br/><b>Hora local:</b> 2016-11-26T04:19:11+00:00<br/><b>Lugar:</b> Baraya - Huila, Colombia<br/>]]></description>
    <Point>
      <coordinates>-74.885,2.96,-4000</coordinates>
    </Point>
  </Placemark>
  <Placemark>
    <name>M1.9 - Baraya - Huila, Colombia</name>
    <description><![CDATA[<b>Magnitud:</b> 1.9 ML<br/><b>Profundidad:</b> 4 km<br/><b>Hora local:</b> 2016-11-26T04:11:43+00:00<br/><b>Lugar:</b> Baraya - Huila, Colombia<br/>]]></description>
    <Point>
      <coordinates>-74.895,3.059,-4000</coordinates>
    </Point>
  </Placemark>
  <Placemark>
    <name>M1.3 - Campoalegre - Huila, Colombia</name>
    <description><![CDATA[<b>Magnitud:</b> 1.3 ML<br/><b>Profundidad:</b> 14 km<br/><b>Hora local:</b> 2016-11-26T02:31:02+00:00<br/><b>Lugar:</b> Campoalegre - Huila, Colombia<br/>]]></description>
    <Point>
      <coordinates>-75.155,2.626,-14000</coordinates>
    </Point>
  </Placemark>
  <Placemark>
    <name>M1.4 - Tello - Huila, Colombia</name>
    <description><![CDATA[<b>Magnitud:</b> 1.4 ML<br/><b>Profundidad:</b> 10 km<br/><b>Hora local:</b> 2016-11-23T19:00:09+00:00<br/><b>Lugar:</b> Tello - Huila, Colombia<br/>]]></description>
    <Point>
      <coordinates>-75.073,3.034,-10000</coordinates>
    </Point>
  </Placemark>
  <Placemark>
    <name>M1.3 - Rivera - Huila, Colombia</name>
    <description><![CDATA[<b>Magnitud:</b> 1.3 ML<br/><b>Profundidad:</b> 14 km<br/><b>Hora local:</b> 2016-11-21T05:30:45+00:00<br/><b>Lugar:</b> Rivera - Huila, Colombia<br/>]]></description>
    <Point>
      <coordinates>-75.089,2.677,-14000</coordinates>
    </Point>
  </Placemark>
  <Placemark>
    <name>M0.9 - Rivera - Huila, Colombia</name>
    <description><![CDATA[<b>Magnitud:</b> 0.9 ML<br/><b>Profundidad:</b> 4 km<br/><b>Hora local:</b> 2016-11-20T20:57:57+00:00<br/><b>Lugar:</b> Rivera - Huila, Colombia<br/>]]></description>
    <Point>
      <coordinates>-74.987,2.708,-4000</coordinates>
    </Point>
  </Placemark>
  <Placemark>
    <name>M1.2 - Algeciras - Huila, Colombia</name>
    <description><![CDATA[<b>Magnitud:</b> 1.2 ML<br/><b>Profundidad:</b> 22 km<br/><b>Hora local:</b> 2016-11-16T11:38:50+00:00<br/><b>Lugar:</b> Algeciras - Huila, Colombia<br/>]]></description>
    <Point>
      <coordinates>-75.369,2.573,-22000</coordinates>
    </Point>
  </Placemark>
  <Placemark>
    <name>M1.5 - Rivera - Huila, Colombia</name>
    <description><![CDATA[<b>Magnitud:</b> 1.5 ML<br/><b>Profundidad:</b> 2 km<br/><b>Hora local:</b> 2016-11-10T08:01:23+00:00<br/><b>Lugar:</b> Rivera - Huila, Colombia<br/>]]></description>
    <Point>
      <coordinates>-75.074,2.756,-2000</coordinates>
    </Point>
  </Placemark>
  <Placemark>
    <name>M1.8 - Baraya - Huila, Colombia</name>
    <description><![CDATA[<b>Magnitud:</b> 1.8 ML<br/><b>Profundidad:</b> 4 km<br/><b>Hora local:</b> 2016-11-08T16:05:49+00:00<br/><b>Lugar:</b> Baraya - Huila, Colombia<br/>]]></description>
    <Point>
      <coordinates>-74.851,2.991,-4000</coordinates>
    </Point>
  </Placemark>
  <Placemark>
    <name>M2.0 - Baraya - Huila, Colombia</name>
    <description><![CDATA[<b>Magnitud:</b> 2.0 ML<br/><b>Profundidad:</b> 9 km<br/><b>Hora local:</b> 2016-11-03T06:05:50+00:00<br/><b>Lugar:</b> Baraya - Huila, Colombia<br/>]]></description>
    <Point>
      <coordinates>-74.937,2.978,-9000</coordinates>
    </Point>
  </Placemark>
  <Placemark>
    <name>M1.7 - Tello - Huila, Colombia</name>
    <description><![CDATA[<b>Magnitud:</b> 1.7 ML<br/><b>Profundidad:</b> 4 km<br/><b>Hora local:</b> 2016-11-01T03:53:27+00:00<br/><b>Lugar:</b> Tello - Huila, Colombia<br/>]]></description>
    <Point>
      <coordinates>-74.885,2.831,-4000</coordinates>
    </Point>
  </Placemark>
  <Placemark>
    <name>M1.3 - Baraya - Huila, Colombia</name>
    <description><![CDATA[<b>Magnitud:</b> 1.3 ML<br/><b>Profundidad:</b> 10 km<br/><b>Hora local:</b> 2016-10-29T11:26:09+00:00<br/><b>Lugar:</b> Baraya - Huila, Colombia<br/>]]></description>
    <Point>
      <coordinates>-74.859,2.93,-10000</coordinates>
    </Point>
  </Placemark>
  <Placemark>
    <name>M1.0 - Rivera - Huila, Colombia</name>
    <description><![CDATA[<b>Magnitud:</b> 1.0 ML<br/><b>Profundidad:</b> 3 km<br/><b>Hora local:</b> 2016-10-23T03:29:46+00:00<br/><b>Lugar:</b> Rivera - Huila, Colombia<br/>]]></description>
    <Point>
      <coordinates>-75.065,2.666,-3000</coordinates>
    </Point>
  </Placemark>
  <Placemark>
    <name>M2.5 - Rivera - Huila, Colombia</name>
    <description><![CDATA[<b>Magnitud:</b> 2.5 ML<br/><b>Profundidad:</b> 4 km<br/><b>Hora local:</b> 2016-10-13T00:11:25+00:00<br/><b>Lugar:</b> Rivera - Huila, Colombia<br/>]]></description>
    <Point>
      <coordinates>-75.106,2.616,-4000</coordinates>
    </Point>
  </Placemark>
  <Placemark>
    <name>M1.7 - Rivera - Huila, Colombia</name>
    <description><![CDATA[<b>Magnitud:</b> 1.7 ML<br/><b>Profundidad:</b> 4 km<br/><b>Hora local:</b> 2016-10-01T04:22:36+00:00<br/><b>Lugar:</b> Rivera - Huila, Colombia<br/>]]></description>
    <Point>
      <coordinates>-75.064,2.707,-4000</coordinates>
    </Point>
  </Placemark>
  <Placemark>
    <name>M1.1 - Algeciras - Huila, Colombia</name>
    <description><![CDATA[<b>Magnitud:</b> 1.1 ML<br/><b>Profundidad:</b> 6 km<br/><b>Hora local:</b> 2016-09-30T03:35:02+00:00<br/><b>Lugar:</b> Algeciras - Huila, Colombia<br/>]]></description>
    <Point>
      <coordinates>-75.237,2.51,-6000</coordinates>
    </Point>
  </Placemark>
  <Placemark>
    <name>M1.8 - Rivera - Huila, Colombia</name>
    <description><![CDATA[<b>Magnitud:</b> 1.8 ML<br/><b>Profundidad:</b> 4 km<br/><b>Hora local:</b> 2016-09-29T21:36:17+00:00<br/><b>Lugar:</b> Rivera - Huila, Colombia<br/>]]></description>
    <Point>
      <coordinates>-75.022,2.721,-4000</coordinates>
    </Point>
  </Placemark>
  <Placemark>
    <name>M1.6 - Rivera - Huila, Colombia</name>
    <description><![CDATA[<b>Magnitud:</b> 1.6 ML<br/><b>Profundidad:</b> 14 km<br/><b>Hora local:</b> 2016-09-27T10:14:26+00:00<br/><b>Lugar:</b> Rivera - Huila, Colombia<br/>]]></description>
    <Point>
      <coordinates>-75.102,2.659,-14000</coordinates>
    </Point>
  </Placemark>
  <Placemark>
    <name>M2.7 - Aipe - Huila, Colombia</name>
    <description><![CDATA[<b>Magnitud:</b> 2.7 ML<br/><b>Profundidad:</b> 2 km<br/><b>Hora local:</b> 2016-09-26T04:31:10+00:00<br/><b>Lugar:</b> Aipe - Huila, Colombia<br/>]]></description>
    <Point>
      <coordinates>-75.301,3.128,-2000</coordinates>
    </Point>
  </Placemark>
  <Placemark>
    <name>M1.0 - Algeciras - Huila, Colombia</name>
    <description><![CDATA[<b>Magnitud:</b> 1.0 ML<br/><b>Profundidad:</b> 26 km<br/><b>Hora local:</b> 2016-09-22T00:03:30+00:00<br/><b>Lugar:</b> Algeciras - Huila, Colombia<br/>]]></description>
    <Point>
      <coordinates>-75.299,2.488,-26000</coordinates>
    </Point>
  </Placemark>
  <Placemark>
    <name>M1.1 - Algeciras - Huila, Colombia</name>
    <description><![CDATA[<b>Magnitud:</b> 1.1 ML<br/><b>Profundidad:</b> 28 km<br/><b>Hora local:</b> 2016-09-19T02:21:57+00:00<br/><b>Lugar:</b> Algeciras - Huila, Colombia<br/>]]></description>
    <Point>
      <coordinates>-75.341,2.579,-28000</coordinates>
    </Point>
  </Placemark>
  <Placemark>
    <name>M1.4 - Rivera - Huila, Colombia</name>
    <description><![CDATA[<b>Magnitud:</b> 1.4 ML<br/><b>Profundidad:</b> 4 km<br/><b>Hora local:</b> 2016-09-17T20:45:45+00:00<br/><b>Lugar:</b> Rivera - Huila, Colombia<br/>]]></description>
    <Point>
      <coordinates>-75.082,2.72,-4000</coordinates>
    </Point>
  </Placemark>
  <Placemark>
    <name>M1.7 - Rivera - Huila, Colombia</name>
    <description><![CDATA[<b>Magnitud:</b> 1.7 ML<br/><b>Profundidad:</b> 4 km<br/><b>Hora local:</b> 2016-09-07T08:28:21+00:00<br/><b>Lugar:</b> Rivera - Huila, Colombia<br/>]]></description>
    <Point>
      <coordinates>-75.014,2.736,-4000</coordinates>
    </Point>
  </Placemark>
  <Placemark>
    <name>M2.1 - Aipe - Huila, Colombia</name>
    <description><![CDATA[<b>Magnitud:</b> 2.1 ML<br/><b>Profundidad:</b> 4 km<br/><b>Hora local:</b> 2016-09-04T20:29:54+00:00<br/><b>Lugar:</b> Aipe - Huila, Colombia<br/>]]></description>
    <Point>
      <coordinates>-75.271,3.123,-4000</coordinates>
    </Point>
  </Placemark>
  <Placemark>
    <name>M1.3 - Algeciras - Huila, Colombia</name>
    <description><![CDATA[<b>Magnitud:</b> 1.3 ML<br/><b>Profundidad:</b> 23 km<br/><b>Hora local:</b> 2016-09-02T22:50:18+00:00<br/><b>Lugar:</b> Algeciras - Huila, Colombia<br/>]]></description>
    <Point>
      <coordinates>-75.334,2.55,-23000</coordinates>
    </Point>
  </Placemark>
  <Placemark>
    <name>M1.5 - Rivera - Huila, Colombia</name>
    <description><![CDATA[<b>Magnitud:</b> 1.5 ML<br/><b>Profundidad:</b> 4 km<br/><b>Hora local:</b> 2016-08-24T00:34:51+00:00<br/><b>Lugar:</b> Rivera - Huila, Colombia<br/>]]></description>
    <Point>
      <coordinates>-74.979,2.698,-4000</coordinates>
    </Point>
  </Placemark>
  <Placemark>
    <name>M1.7 - Rivera - Huila, Colombia</name>
    <description><![CDATA[<b>Magnitud:</b> 1.7 ML<br/><b>Profundidad:</b> 4 km<br/><b>Hora local:</b> 2016-08-17T00:16:29+00:00<br/><b>Lugar:</b> Rivera - Huila, Colombia<br/>]]></description>
    <Point>
      <coordinates>-74.973,2.628,-4000</coordinates>
    </Point>
  </Placemark>
  <Placemark>
    <name>M2.3 - Tello - Huila, Colombia</name>
    <description><![CDATA[<b>Magnitud:</b> 2.3 ML<br/><b>Profundidad:</b> 0 km<br/><b>Hora local:</b> 2016-08-16T16:24:30+00:00<br/><b>Lugar:</b> Tello - Huila, Colombia<br/>]]></description>
    <Point>
      <coordinates>-74.878,2.865,0</coordinates>
    </Point>
  </Placemark>
  <Placemark>
    <name>M1.7 - Rivera - Huila, Colombia</name>
    <description><![CDATA[<b>Magnitud:</b> 1.7 ML<br/><b>Profundidad:</b> 4 km<br/><b>Hora local:</b> 2016-08-14T22:39:08+00:00<br/><b>Lugar:</b> Rivera - Huila, Colombia<br/>]]></description>
    <Point>
      <coordinates>-75.038,2.708,-4000</coordinates>
    </Point>
  </Placemark>
  <Placemark>
    <name>M2.7 - Algeciras - Huila, Colombia</name>
    <description><![CDATA[<b>Magnitud:</b> 2.7 ML<br/><b>Profundidad:</b> 4 km<br/><b>Hora local:</b> 2016-08-12T01:03:48+00:00<br/><b>Lugar:</b> Algeciras - Huila, Colombia<br/>]]></description>
    <Point>
      <coordinates>-75.157,2.607,-4000</coordinates>
    </Point>
  </Placemark>
  <Placemark>
    <name>M1.7 - Rivera - Huila, Colombia</name>
    <description><![CDATA[<b>Magnitud:</b> 1.7 ML<br/><b>Profundidad:</b> 19 km<br/><b>Hora local:</b> 2016-07-22T20:30:09+00:00<br/><b>Lugar:</b> Rivera - Huila, Colombia<br/>]]></description>
    <Point>
      <coordinates>-75.086,2.701,-19000</coordinates>
    </Point>
  </Placemark>
  <Placemark>
    <name>M2.3 - Rivera - Huila, Colombia</name>
    <description><![CDATA[<b>Magnitud:</b> 2.3 ML<br/><b>Profundidad:</b> 5 km<br/><b>Hora local:</b> 2016-07-21T08:07:05+00:00<br/><b>Lugar:</b> Rivera - Huila, Colombia<br/>]]></description>
    <Point>
      <coordinates>-75.022,2.75,-5000</coordinates>
    </Point>
  </Placemark>
  <Placemark>
    <name>M2.3 - Rivera - Huila, Colombia</name>
    <description><![CDATA[<b>Magnitud:</b> 2.3 ML<br/><b>Profundidad:</b> 10 km<br/><b>Hora local:</b> 2016-07-18T07:12:17+00:00<br/><b>Lugar:</b> Rivera - Huila, Colombia<br/>]]></description>
    <Point>
      <coordinates>-74.996,2.69,-10000</coordinates>
    </Point>
  </Placemark>
  <Placemark>
    <name>M1.5 - Rivera - Huila, Colombia</name>
    <description><![CDATA[<b>Magnitud:</b> 1.5 ML<br/><b>Profundidad:</b> 9 km<br/><b>Hora local:</b> 2016-07-15T18:22:28+00:00<br/><b>Lugar:</b> Rivera - Huila, Colombia<br/>]]></description>
    <Point>
      <coordinates>-75.011,2.708,-9000</coordinates>
    </Point>
  </Placemark>
  <Placemark>
    <name>M2.4 - Rivera - Huila, Colombia</name>
    <description><![CDATA[<b>Magnitud:</b> 2.4 ML<br/><b>Profundidad:</b> 5 km<br/><b>Hora local:</b> 2016-07-15T03:25:08+00:00<br/><b>Lugar:</b> Rivera - Huila, Colombia<br/>]]></description>
    <Point>
      <coordinates>-74.953,2.784,-5000</coordinates>
    </Point>
  </Placemark>
  <Placemark>
    <name>M1.3 - Baraya - Huila, Colombia</name>
    <description><![CDATA[<b>Magnitud:</b> 1.3 ML<br/><b>Profundidad:</b> 4 km<br/><b>Hora local:</b> 2016-07-14T00:43:35+00:00<br/><b>Lugar:</b> Baraya - Huila, Colombia<br/>]]></description>
    <Point>
      <coordinates>-74.89,2.924,-4000</coordinates>
    </Point>
  </Placemark>
  <Placemark>
    <name>M1.1 - Rivera - Huila, Colombia</name>
    <description><![CDATA[<b>Magnitud:</b> 1.1 ML<br/><b>Profundidad:</b> 0 km<br/><b>Hora local:</b> 2016-06-28T02:00:55+00:00<br/><b>Lugar:</b> Rivera - Huila, Colombia<br/>]]></description>
    <Point>
      <coordinates>-75.124,2.685,0</coordinates>
    </Point>
  </Placemark>
  <Placemark>
    <name>M1.3 - Rivera - Huila, Colombia</name>
    <description><![CDATA[<b>Magnitud:</b> 1.3 ML<br/><b>Profundidad:</b> 16 km<br/><b>Hora local:</b> 2016-06-20T22:55:50+00:00<br/><b>Lugar:</b> Rivera - Huila, Colombia<br/>]]></description>
    <Point>
      <coordinates>-75.096,2.726,-16000</coordinates>
    </Point>
  </Placemark>
  <Placemark>
    <name>M1.6 - Campoalegre - Huila, Colombia</name>
    <description><![CDATA[<b>Magnitud:</b> 1.6 ML<br/><b>Profundidad:</b> 3 km<br/><b>Hora local:</b> 2016-06-12T03:28:45+00:00<br/><b>Lugar:</b> Campoalegre - Huila, Colombia<br/>]]></description>
    <Point>
      <coordinates>-75.356,2.683,-3000</coordinates>
    </Point>
  </Placemark>
  <Placemark>
    <name>M1.9 - Neiva - Huila, Colombia</name>
    <description><![CDATA[<b>Magnitud:</b> 1.9 ML<br/><b>Profundidad:</b> 14 km<br/><b>Hora local:</b> 2016-06-11T16:05:16+00:00<br/><b>Lugar:</b> Neiva - Huila, Colombia<br/>]]></description>
    <Point>
      <coordinates>-75.129,2.902,-14000</coordinates>
    </Point>
  </Placemark>
  <Placemark>
    <name>M1.4 - Rivera - Huila, Colombia</name>
    <description><![CDATA[<b>Magnitud:</b> 1.4 ML<br/><b>Profundidad:</b> 4 km<br/><b>Hora local:</b> 2016-06-08T11:40:54+00:00<br/><b>Lugar:</b> Rivera - Huila, Colombia<br/>]]></description>
    <Point>
      <coordinates>-74.992,2.68,-4000</coordinates>
    </Point>
  </Placemark>
  <Placemark>
    <name>M1.8 - Baraya - Huila, Colombia</name>
    <description><![CDATA[<b>Magnitud:</b> 1.8 ML<br/><b>Profundidad:</b> 0 km<br/><b>Hora local:</b> 2016-06-08T08:05:38+00:00<br/><b>Lugar:</b> Baraya - Huila, Colombia<br/>]]></description>
    <Point>
      <coordinates>-74.934,2.994,0</coordinates>
    </Point>
  </Placemark>
  <Placemark>
    <name>M2.5 - Baraya - Huila, Colombia</name>
    <description><![CDATA[<b>Magnitud:</b> 2.5 ML<br/><b>Profundidad:</b> 0 km<br/><b>Hora local:</b> 2016-06-06T21:20:44+00:00<br/><b>Lugar:</b> Baraya - Huila, Colombia<br/>]]></description>
    <Point>
      <coordinates>-74.931,3.19,0</coordinates>
    </Point>
  </Placemark>
  <Placemark>
    <name>M2.0 - Tello - Huila, Colombia</name>
    <description><![CDATA[<b>Magnitud:</b> 2.0 ML<br/><b>Profundidad:</b> 4 km<br/><b>Hora local:</b> 2016-06-05T16:43:04+00:00<br/><b>Lugar:</b> Tello - Huila, Colombia<br/>]]></description>
    <Point>
      <coordinates>-74.878,2.86,-4000</coordinates>
    </Point>
  </Placemark>
  <Placemark>
    <name>M2.1 - Rivera - Huila, Colombia</name>
    <description><![CDATA[<b>Magnitud:</b> 2.1 ML<br/><b>Profundidad:</b> 3 km<br/><b>Hora local:</b> 2016-06-05T02:10:12+00:00<br/><b>Lugar:</b> Rivera - Huila, Colombia<br/>]]></description>
    <Point>
      <coordinates>-75.008,2.742,-3000</coordinates>
    </Point>
  </Placemark>
  <Placemark>
    <name>M1.8 - Rivera - Huila, Colombia</name>
    <description><![CDATA[<b>Magnitud:</b> 1.8 ML<br/><b>Profundidad:</b> 4 km<br/><b>Hora local:</b> 2016-05-30T12:01:27+00:00<br/><b>Lugar:</b> Rivera - Huila, Colombia<br/>]]></description>
    <Point>
      <coordinates>-75.024,2.845,-4000</coordinates>
    </Point>
  </Placemark>
  <Placemark>
    <name>M1.6 - Algeciras - Huila, Colombia</name>
    <description><![CDATA[<b>Magnitud:</b> 1.6 ML<br/><b>Profundidad:</b> 19 km<br/><b>Hora local:</b> 2016-05-21T22:24:12+00:00<br/><b>Lugar:</b> Algeciras - Huila, Colombia<br/>]]></description>
    <Point>
      <coordinates>-75.246,2.58,-19000</coordinates>
    </Point>
  </Placemark>
  <Placemark>
    <name>M1.3 - Rivera - Huila, Colombia</name>
    <description><![CDATA[<b>Magnitud:</b> 1.3 ML<br/><b>Profundidad:</b> 2 km<br/><b>Hora local:</b> 2016-05-20T16:09:26+00:00<br/><b>Lugar:</b> Rivera - Huila, Colombia<br/>]]></description>
    <Point>
      <coordinates>-75.067,2.692,-2000</coordinates>
    </Point>
  </Placemark>
  <Placemark>
    <name>M1.4 - Rivera - Huila, Colombia</name>
    <description><![CDATA[<b>Magnitud:</b> 1.4 ML<br/><b>Profundidad:</b> 4 km<br/><b>Hora local:</b> 2016-05-12T20:17:49+00:00<br/><b>Lugar:</b> Rivera - Huila, Colombia<br/>]]></description>
    <Point>
      <coordinates>-75.066,2.688,-4000</coordinates>
    </Point>
  </Placemark>
  <Placemark>
    <name>M1.6 - Rivera - Huila, Colombia</name>
    <description><![CDATA[<b>Magnitud:</b> 1.6 ML<br/><b>Profundidad:</b> 4 km<br/><b>Hora local:</b> 2016-05-10T19:50:06+00:00<br/><b>Lugar:</b> Rivera - Huila, Colombia<br/>]]></description>
    <Point>
      <coordinates>-74.991,2.691,-4000</coordinates>
    </Point>
  </Placemark>
  <Placemark>
    <name>M1.1 - Algeciras - Huila, Colombia</name>
    <description><![CDATA[<b>Magnitud:</b> 1.1 ML<br/><b>Profundidad:</b> 13 km<br/><b>Hora local:</b> 2016-04-26T05:20:54+00:00<br/><b>Lugar:</b> Algeciras - Huila, Colombia<br/>]]></description>
    <Point>
      <coordinates>-75.326,2.571,-13000</coordinates>
    </Point>
  </Placemark>
  <Placemark>
    <name>M1.6 - Rivera - Huila, Colombia</name>
    <description><![CDATA[<b>Magnitud:</b> 1.6 ML<br/><b>Profundidad:</b> 5 km<br/><b>Hora local:</b> 2016-04-25T04:36:21+00:00<br/><b>Lugar:</b> Rivera - Huila, Colombia<br/>]]></description>
    <Point>
      <coordinates>-75.015,2.701,-5000</coordinates>
    </Point>
  </Placemark>
  <Placemark>
    <name>M1.7 - Aipe - Huila, Colombia</name>
    <description><![CDATA[<b>Magnitud:</b> 1.7 ML<br/><b>Profundidad:</b> 13 km<br/><b>Hora local:</b> 2016-04-23T04:23:36+00:00<br/><b>Lugar:</b> Aipe - Huila, Colombia<br/>]]></description>
    <Point>
      <coordinates>-75.37,3.299,-13000</coordinates>
    </Point>
  </Placemark>
  <Placemark>
    <name>M1.6 - Rivera - Huila, Colombia</name>
    <description><![CDATA[<b>Magnitud:</b> 1.6 ML<br/><b>Profundidad:</b> 4 km<br/><b>Hora local:</b> 2016-04-23T00:27:02+00:00<br/><b>Lugar:</b> Rivera - Huila, Colombia<br/>]]></description>
    <Point>
      <coordinates>-75.005,2.752,-4000</coordinates>
    </Point>
  </Placemark>
  <Placemark>
    <name>M1.5 - Villavieja - Huila, Colombia</name>
    <description><![CDATA[<b>Magnitud:</b> 1.5 ML<br/><b>Profundidad:</b> 15 km<br/><b>Hora local:</b> 2016-04-22T20:14:50+00:00<br/><b>Lugar:</b> Villavieja - Huila, Colombia<br/>]]></description>
    <Point>
      <coordinates>-75.169,3.188,-15000</coordinates>
    </Point>
  </Placemark>
  <Placemark>
    <name>M1.5 - Tello - Huila, Colombia</name>
    <description><![CDATA[<b>Magnitud:</b> 1.5 ML<br/><b>Profundidad:</b> 17 km<br/><b>Hora local:</b> 2016-04-06T21:10:25+00:00<br/><b>Lugar:</b> Tello - Huila, Colombia<br/>]]></description>
    <Point>
      <coordinates>-75.117,3.093,-17000</coordinates>
    </Point>
  </Placemark>
  <Placemark>
    <name>M1.9 - Hobo - Huila, Colombia</name>
    <description><![CDATA[<b>Magnitud:</b> 1.9 ML<br/><b>Profundidad:</b> 0 km<br/><b>Hora local:</b> 2016-03-31T13:55:37+00:00<br/><b>Lugar:</b> Hobo - Huila, Colombia<br/>]]></description>
    <Point>
      <coordinates>-75.452,2.525,0</coordinates>
    </Point>
  </Placemark>
  <Placemark>
    <name>M2.3 - Aipe - Huila, Colombia</name>
    <description><![CDATA[<b>Magnitud:</b> 2.3 ML<br/><b>Profundidad:</b> 11 km<br/><b>Hora local:</b> 2016-03-29T01:03:53+00:00<br/><b>Lugar:</b> Aipe - Huila, Colombia<br/>]]></description>
    <Point>
      <coordinates>-75.401,3.25,-11000</coordinates>
    </Point>
  </Placemark>
  <Placemark>
    <name>M1.6 - Algeciras - Huila, Colombia</name>
    <description><![CDATA[<b>Magnitud:</b> 1.6 ML<br/><b>Profundidad:</b> 8 km<br/><b>Hora local:</b> 2016-03-24T22:05:52+00:00<br/><b>Lugar:</b> Algeciras - Huila, Colombia<br/>]]></description>
    <Point>
      <coordinates>-75.111,2.605,-8000</coordinates>
    </Point>
  </Placemark>
  <Placemark>
    <name>M1.5 - Hobo - Huila, Colombia</name>
    <description><![CDATA[<b>Magnitud:</b> 1.5 ML<br/><b>Profundidad:</b> 15 km<br/><b>Hora local:</b> 2016-03-23T18:54:33+00:00<br/><b>Lugar:</b> Hobo - Huila, Colombia<br/>]]></description>
    <Point>
      <coordinates>-75.458,2.588,-15000</coordinates>
    </Point>
  </Placemark>
  <Placemark>
    <name>M1.6 - Rivera - Huila, Colombia</name>
    <description><![CDATA[<b>Magnitud:</b> 1.6 ML<br/><b>Profundidad:</b> 3 km<br/><b>Hora local:</b> 2016-03-10T07:32:25+00:00<br/><b>Lugar:</b> Rivera - Huila, Colombia<br/>]]></description>
    <Point>
      <coordinates>-75.052,2.72,-3000</coordinates>
    </Point>
  </Placemark>
  <Placemark>
    <name>M2.0 - Tello - Huila, Colombia</name>
    <description><![CDATA[<b>Magnitud:</b> 2.0 ML<br/><b>Profundidad:</b> 8 km<br/><b>Hora local:</b> 2016-03-05T13:50:39+00:00<br/><b>Lugar:</b> Tello - Huila, Colombia<br/>]]></description>
    <Point>
      <coordinates>-74.879,2.872,-8000</coordinates>
    </Point>
  </Placemark>
  <Placemark>
    <name>M1.8 - Rivera - Huila, Colombia</name>
    <description><![CDATA[<b>Magnitud:</b> 1.8 ML<br/><b>Profundidad:</b> 8 km<br/><b>Hora local:</b> 2016-03-03T19:38:30+00:00<br/><b>Lugar:</b> Rivera - Huila, Colombia<br/>]]></description>
    <Point>
      <coordinates>-75.06,2.671,-8000</coordinates>
    </Point>
  </Placemark>
  <Placemark>
    <name>M1.9 - Baraya - Huila, Colombia</name>
    <description><![CDATA[<b>Magnitud:</b> 1.9 ML<br/><b>Profundidad:</b> 4 km<br/><b>Hora local:</b> 2016-02-19T20:04:46+00:00<br/><b>Lugar:</b> Baraya - Huila, Colombia<br/>]]></description>
    <Point>
      <coordinates>-75.054,3.096,-4000</coordinates>
    </Point>
  </Placemark>
  <Placemark>
    <name>M2.1 - Algeciras - Huila, Colombia</name>
    <description><![CDATA[<b>Magnitud:</b> 2.1 ML<br/><b>Profundidad:</b> 4 km<br/><b>Hora local:</b> 2016-02-16T02:51:42+00:00<br/><b>Lugar:</b> Algeciras - Huila, Colombia<br/>]]></description>
    <Point>
      <coordinates>-75.144,2.585,-4000</coordinates>
    </Point>
  </Placemark>
  <Placemark>
    <name>M1.3 - Rivera - Huila, Colombia</name>
    <description><![CDATA[<b>Magnitud:</b> 1.3 ML<br/><b>Profundidad:</b> 15 km<br/><b>Hora local:</b> 2016-02-10T15:46:54+00:00<br/><b>Lugar:</b> Rivera - Huila, Colombia<br/>]]></description>
    <Point>
      <coordinates>-75.149,2.792,-15000</coordinates>
    </Point>
  </Placemark>
  <Placemark>
    <name>M1.9 - Íquira - Huila, Colombia</name>
    <description><![CDATA[<b>Magnitud:</b> 1.9 ML<br/><b>Profundidad:</b> 4 km<br/><b>Hora local:</b> 2016-02-08T16:16:19+00:00<br/><b>Lugar:</b> Íquira - Huila, Colombia<br/>]]></description>
    <Point>
      <coordinates>-75.675,2.739,-4000</coordinates>
    </Point>
  </Placemark>
  <Placemark>
    <name>M1.8 - Aipe - Huila, Colombia</name>
    <description><![CDATA[<b>Magnitud:</b> 1.8 ML<br/><b>Profundidad:</b> 6 km<br/><b>Hora local:</b> 2016-02-08T08:58:36+00:00<br/><b>Lugar:</b> Aipe - Huila, Colombia<br/>]]></description>
    <Point>
      <coordinates>-75.225,3.244,-6000</coordinates>
    </Point>
  </Placemark>
  <Placemark>
    <name>M1.8 - Rivera - Huila, Colombia</name>
    <description><![CDATA[<b>Magnitud:</b> 1.8 ML<br/><b>Profundidad:</b> 4 km<br/><b>Hora local:</b> 2016-02-06T20:05:46+00:00<br/><b>Lugar:</b> Rivera - Huila, Colombia<br/>]]></description>
    <Point>
      <coordinates>-75.025,2.726,-4000</coordinates>
    </Point>
  </Placemark>
  <Placemark>
    <name>M1.5 - Algeciras - Huila, Colombia</name>
    <description><![CDATA[<b>Magnitud:</b> 1.5 ML<br/><b>Profundidad:</b> 11 km<br/><b>Hora local:</b> 2016-02-01T06:31:29+00:00<br/><b>Lugar:</b> Algeciras - Huila, Colombia<br/>]]></description>
    <Point>
      <coordinates>-75.341,2.541,-11000</coordinates>
    </Point>
  </Placemark>
  <Placemark>
    <name>M1.0 - Baraya - Huila, Colombia</name>
    <description><![CDATA[<b>Magnitud:</b> 1.0 ML<br/><b>Profundidad:</b> 0 km<br/><b>Hora local:</b> 2016-01-27T20:54:33+00:00<br/><b>Lugar:</b> Baraya - Huila, Colombia<br/>]]></description>
    <Point>
      <coordinates>-74.87,3.007,0</coordinates>
    </Point>
  </Placemark>
  <Placemark>
    <name>M1.3 - Algeciras - Huila, Colombia</name>
    <description><![CDATA[<b>Magnitud:</b> 1.3 ML<br/><b>Profundidad:</b> 3 km<br/><b>Hora local:</b> 2016-01-19T08:17:05+00:00<br/><b>Lugar:</b> Algeciras - Huila, Colombia<br/>]]></description>
    <Point>
      <coordinates>-75.352,2.55,-3000</coordinates>
    </Point>
  </Placemark>
  <Placemark>
    <name>M1.4 - Algeciras - Huila, Colombia</name>
    <description><![CDATA[<b>Magnitud:</b> 1.4 ML<br/><b>Profundidad:</b> 18 km<br/><b>Hora local:</b> 2016-01-18T02:25:04+00:00<br/><b>Lugar:</b> Algeciras - Huila, Colombia<br/>]]></description>
    <Point>
      <coordinates>-75.371,2.499,-18000</coordinates>
    </Point>
  </Placemark>
  <Placemark>
    <name>M2.0 - Rivera - Huila, Colombia</name>
    <description><![CDATA[<b>Magnitud:</b> 2.0 ML<br/><b>Profundidad:</b> 6 km<br/><b>Hora local:</b> 2016-01-16T06:27:57+00:00<br/><b>Lugar:</b> Rivera - Huila, Colombia<br/>]]></description>
    <Point>
      <coordinates>-75.043,2.684,-6000</coordinates>
    </Point>
  </Placemark>
  <Placemark>
    <name>M2.1 - Rivera - Huila, Colombia</name>
    <description><![CDATA[<b>Magnitud:</b> 2.1 ML<br/><b>Profundidad:</b> 4 km<br/><b>Hora local:</b> 2016-01-13T15:26:05+00:00<br/><b>Lugar:</b> Rivera - Huila, Colombia<br/>]]></description>
    <Point>
      <coordinates>-75.07,2.721,-4000</coordinates>
    </Point>
  </Placemark>
  <Placemark>
    <name>M1.8 - Rivera - Huila, Colombia</name>
    <description><![CDATA[<b>Magnitud:</b> 1.8 ML<br/><b>Profundidad:</b> 6 km<br/><b>Hora local:</b> 2016-01-10T13:54:58+00:00<br/><b>Lugar:</b> Rivera - Huila, Colombia<br/>]]></description>
    <Point>
      <coordinates>-75.03,2.719,-6000</coordinates>
    </Point>
  </Placemark>
  <Placemark>
    <name>M1.4 - Rivera - Huila, Colombia</name>
    <description><![CDATA[<b>Magnitud:</b> 1.4 ML<br/><b>Profundidad:</b> 16 km<br/><b>Hora local:</b> 2016-01-09T15:44:09+00:00<br/><b>Lugar:</b> Rivera - Huila, Colombia<br/>]]></description>
    <Point>
      <coordinates>-75.19,2.803,-16000</coordinates>
    </Point>
  </Placemark>
  <Placemark>
    <name>M3.6 - Rivera - Huila, Colombia</name>
    <description><![CDATA[<b>Magnitud:</b> 3.6 MW<br/><b>Profundidad:</b> 0 km<br/><b>Hora local:</b> 2016-01-05T08:21:07+00:00<br/><b>Lugar:</b> Rivera - Huila, Colombia<br/>]]></description>
    <Point>
      <coordinates>-75.064,2.653,0</coordinates>
    </Point>
  </Placemark>
  <Placemark>
    <name>M1.5 - Rivera - Huila, Colombia</name>
    <description><![CDATA[<b>Magnitud:</b> 1.5 ML<br/><b>Profundidad:</b> 5 km<br/><b>Hora local:</b> 2016-01-03T03:41:49+00:00<br/><b>Lugar:</b> Rivera - Huila, Colombia<br/>]]></description>
    <Point>
      <coordinates>-75.069,2.703,-5000</coordinates>
    </Point>
  </Placemark>
  <Placemark>
    <name>M1.5 - Rivera - Huila, Colombia</name>
    <description><![CDATA[<b>Magnitud:</b> 1.5 ML<br/><b>Profundidad:</b> 4 km<br/><b>Hora local:</b> 2016-01-02T19:34:53+00:00<br/><b>Lugar:</b> Rivera - Huila, Colombia<br/>]]></description>
    <Point>
      <coordinates>-75.073,2.657,-4000</coordinates>
    </Point>
  </Placemark>
  <Placemark>
    <name>M1.8 - Palermo - Huila, Colombia</name>
    <description><![CDATA[<b>Magnitud:</b> 1.8 ML<br/><b>Profundidad:</b> 11 km<br/><b>Hora local:</b> 2015-12-29T09:00:19+00:00<br/><b>Lugar:</b> Palermo - Huila, Colombia<br/>]]></description>
    <Point>
      <coordinates>-75.371,2.955,-11000</coordinates>
    </Point>
  </Placemark>
  <Placemark>
    <name>M2.1 - Algeciras - Huila, Colombia</name>
    <description><![CDATA[<b>Magnitud:</b> 2.1 ML<br/><b>Profundidad:</b> 22 km<br/><b>Hora local:</b> 2015-12-26T19:44:53+00:00<br/><b>Lugar:</b> Algeciras - Huila, Colombia<br/>]]></description>
    <Point>
      <coordinates>-75.371,2.534,-22000</coordinates>
    </Point>
  </Placemark>
  <Placemark>
    <name>M2.0 - Algeciras - Huila, Colombia</name>
    <description><![CDATA[<b>Magnitud:</b> 2.0 ML<br/><b>Profundidad:</b> 4 km<br/><b>Hora local:</b> 2015-12-23T17:56:21+00:00<br/><b>Lugar:</b> Algeciras - Huila, Colombia<br/>]]></description>
    <Point>
      <coordinates>-75.111,2.604,-4000</coordinates>
    </Point>
  </Placemark>
  <Placemark>
    <name>M1.2 - Algeciras - Huila, Colombia</name>
    <description><![CDATA[<b>Magnitud:</b> 1.2 ML<br/><b>Profundidad:</b> 4 km<br/><b>Hora local:</b> 2015-12-11T05:34:29+00:00<br/><b>Lugar:</b> Algeciras - Huila, Colombia<br/>]]></description>
    <Point>
      <coordinates>-75.276,2.57,-4000</coordinates>
    </Point>
  </Placemark>
  <Placemark>
    <name>M1.1 - Íquira - Huila, Colombia</name>
    <description><![CDATA[<b>Magnitud:</b> 1.1 ML<br/><b>Profundidad:</b> 3 km<br/><b>Hora local:</b> 2015-12-11T00:58:15+00:00<br/><b>Lugar:</b> Íquira - Huila, Colombia<br/>]]></description>
    <Point>
      <coordinates>-75.615,2.639,-3000</coordinates>
    </Point>
  </Placemark>
  <Placemark>
    <name>M1.9 - Rivera - Huila, Colombia</name>
    <description><![CDATA[<b>Magnitud:</b> 1.9 ML<br/><b>Profundidad:</b> 4 km<br/><b>Hora local:</b> 2015-12-06T20:16:41+00:00<br/><b>Lugar:</b> Rivera - Huila, Colombia<br/>]]></description>
    <Point>
      <coordinates>-75.034,2.718,-4000</coordinates>
    </Point>
  </Placemark>
  <Placemark>
    <name>M1.4 - Hobo - Huila, Colombia</name>
    <description><![CDATA[<b>Magnitud:</b> 1.4 ML<br/><b>Profundidad:</b> 18 km<br/><b>Hora local:</b> 2015-11-30T18:11:16+00:00<br/><b>Lugar:</b> Hobo - Huila, Colombia<br/>]]></description>
    <Point>
      <coordinates>-75.428,2.504,-18000</coordinates>
    </Point>
  </Placemark>
  <Placemark>
    <name>M1.4 - Hobo - Huila, Colombia</name>
    <description><![CDATA[<b>Magnitud:</b> 1.4 ML<br/><b>Profundidad:</b> 15 km<br/><b>Hora local:</b> 2015-11-27T20:44:59+00:00<br/><b>Lugar:</b> Hobo - Huila, Colombia<br/>]]></description>
    <Point>
      <coordinates>-75.498,2.585,-15000</coordinates>
    </Point>
  </Placemark>
  <Placemark>
    <name>M1.5 - Aipe - Huila, Colombia</name>
    <description><![CDATA[<b>Magnitud:</b> 1.5 ML<br/><b>Profundidad:</b> 4 km<br/><b>Hora local:</b> 2015-11-23T23:16:23+00:00<br/><b>Lugar:</b> Aipe - Huila, Colombia<br/>]]></description>
    <Point>
      <coordinates>-75.241,3.219,-4000</coordinates>
    </Point>
  </Placemark>
  <Placemark>
    <name>M2.0 - Tello - Huila, Colombia</name>
    <description><![CDATA[<b>Magnitud:</b> 2.0 ML<br/><b>Profundidad:</b> 3 km<br/><b>Hora local:</b> 2015-11-11T01:07:38+00:00<br/><b>Lugar:</b> Tello - Huila, Colombia<br/>]]></description>
    <Point>
      <coordinates>-74.849,2.86,-3000</coordinates>
    </Point>
  </Placemark>
  <Placemark>
    <name>M2.4 - Algeciras - Huila, Colombia</name>
    <description><![CDATA[<b>Magnitud:</b> 2.4 ML<br/><b>Profundidad:</b> 4 km<br/><b>Hora local:</b> 2015-10-31T07:26:44+00:00<br/><b>Lugar:</b> Algeciras - Huila, Colombia<br/>]]></description>
    <Point>
      <coordinates>-75.302,2.492,-4000</coordinates>
    </Point>
  </Placemark>
  <Placemark>
    <name>M2.0 - Rivera - Huila, Colombia</name>
    <description><![CDATA[<b>Magnitud:</b> 2.0 ML<br/><b>Profundidad:</b> 11 km<br/><b>Hora local:</b> 2015-10-25T01:39:14+00:00<br/><b>Lugar:</b> Rivera - Huila, Colombia<br/>]]></description>
    <Point>
      <coordinates>-74.986,2.694,-11000</coordinates>
    </Point>
  </Placemark>
  <Placemark>
    <name>M1.8 - Rivera - Huila, Colombia</name>
    <description><![CDATA[<b>Magnitud:</b> 1.8 ML<br/><b>Profundidad:</b> 4 km<br/><b>Hora local:</b> 2015-10-08T22:52:31+00:00<br/><b>Lugar:</b> Rivera - Huila, Colombia<br/>]]></description>
    <Point>
      <coordinates>-75.073,2.677,-4000</coordinates>
    </Point>
  </Placemark>
  <Placemark>
    <name>M2.4 - Rivera - Huila, Colombia</name>
    <description><![CDATA[<b>Magnitud:</b> 2.4 ML<br/><b>Profundidad:</b> 5 km<br/><b>Hora local:</b> 2015-09-26T17:31:52+00:00<br/><b>Lugar:</b> Rivera - Huila, Colombia<br/>]]></description>
    <Point>
      <coordinates>-75.036,2.681,-5000</coordinates>
    </Point>
  </Placemark>
  <Placemark>
    <name>M2.7 - Rivera - Huila, Colombia</name>
    <description><![CDATA[<b>Magnitud:</b> 2.7 ML<br/><b>Profundidad:</b> 4 km<br/><b>Hora local:</b> 2015-09-21T23:59:28+00:00<br/><b>Lugar:</b> Rivera - Huila, Colombia<br/>]]></description>
    <Point>
      <coordinates>-75.056,2.702,-4000</coordinates>
    </Point>
  </Placemark>
  <Placemark>
    <name>M1.3 - Hobo - Huila, Colombia</name>
    <description><![CDATA[<b>Magnitud:</b> 1.3 ML<br/><b>Profundidad:</b> 20 km<br/><b>Hora local:</b> 2015-09-18T08:32:45+00:00<br/><b>Lugar:</b> Hobo - Huila, Colombia<br/>]]></description>
    <Point>
      <coordinates>-75.422,2.504,-20000</coordinates>
    </Point>
  </Placemark>
  <Placemark>
    <name>M1.2 - Baraya - Huila, Colombia</name>
    <description><![CDATA[<b>Magnitud:</b> 1.2 ML<br/><b>Profundidad:</b> 4 km<br/><b>Hora local:</b> 2015-09-17T16:13:34+00:00<br/><b>Lugar:</b> Baraya - Huila, Colombia<br/>]]></description>
    <Point>
      <coordinates>-74.853,2.979,-4000</coordinates>
    </Point>
  </Placemark>
  <Placemark>
    <name>M1.2 - Algeciras - Huila, Colombia</name>
    <description><![CDATA[<b>Magnitud:</b> 1.2 ML<br/><b>Profundidad:</b> 4 km<br/><b>Hora local:</b> 2015-09-15T18:28:40+00:00<br/><b>Lugar:</b> Algeciras - Huila, Colombia<br/>]]></description>
    <Point>
      <coordinates>-75.303,2.549,-4000</coordinates>
    </Point>
  </Placemark>
  <Placemark>
    <name>M2.3 - Rivera - Huila, Colombia</name>
    <description><![CDATA[<b>Magnitud:</b> 2.3 ML<br/><b>Profundidad:</b> 15 km<br/><b>Hora local:</b> 2015-09-14T02:57:24+00:00<br/><b>Lugar:</b> Rivera - Huila, Colombia<br/>]]></description>
    <Point>
      <coordinates>-75.09,2.765,-15000</coordinates>
    </Point>
  </Placemark>
  <Placemark>
    <name>M1.2 - Algeciras - Huila, Colombia</name>
    <description><![CDATA[<b>Magnitud:</b> 1.2 ML<br/><b>Profundidad:</b> 11 km<br/><b>Hora local:</b> 2015-09-11T12:41:31+00:00<br/><b>Lugar:</b> Algeciras - Huila, Colombia<br/>]]></description>
    <Point>
      <coordinates>-75.366,2.549,-11000</coordinates>
    </Point>
  </Placemark>
  <Placemark>
    <name>M1.8 - Rivera - Huila, Colombia</name>
    <description><![CDATA[<b>Magnitud:</b> 1.8 ML<br/><b>Profundidad:</b> 4 km<br/><b>Hora local:</b> 2015-09-11T01:24:36+00:00<br/><b>Lugar:</b> Rivera - Huila, Colombia<br/>]]></description>
    <Point>
      <coordinates>-75.037,2.716,-4000</coordinates>
    </Point>
  </Placemark>
  <Placemark>
    <name>M2.1 - Planadas - Tolima, Colombia</name>
    <description><![CDATA[<b>Magnitud:</b> 2.1 ML<br/><b>Profundidad:</b> 3 km<br/><b>Hora local:</b> 2015-08-28T14:20:19+00:00<br/><b>Lugar:</b> Planadas - Tolima, Colombia<br/>]]></description>
    <Point>
      <coordinates>-75.585,3.258,-3000</coordinates>
    </Point>
  </Placemark>
  <Placemark>
    <name>M2.0 - Planadas - Tolima, Colombia</name>
    <description><![CDATA[<b>Magnitud:</b> 2.0 ML<br/><b>Profundidad:</b> 4 km<br/><b>Hora local:</b> 2015-08-28T08:07:49+00:00<br/><b>Lugar:</b> Planadas - Tolima, Colombia<br/>]]></description>
    <Point>
      <coordinates>-75.584,3.254,-4000</coordinates>
    </Point>
  </Placemark>
  <Placemark>
    <name>M1.6 - Rivera - Huila, Colombia</name>
    <description><![CDATA[<b>Magnitud:</b> 1.6 ML<br/><b>Profundidad:</b> 11 km<br/><b>Hora local:</b> 2015-08-01T18:15:21+00:00<br/><b>Lugar:</b> Rivera - Huila, Colombia<br/>]]></description>
    <Point>
      <coordinates>-74.932,2.81,-11000</coordinates>
    </Point>
  </Placemark>
  <Placemark>
    <name>M2.0 - Rivera - Huila, Colombia</name>
    <description><![CDATA[<b>Magnitud:</b> 2.0 ML<br/><b>Profundidad:</b> 5 km<br/><b>Hora local:</b> 2015-07-21T15:45:38+00:00<br/><b>Lugar:</b> Rivera - Huila, Colombia<br/>]]></description>
    <Point>
      <coordinates>-75.013,2.708,-5000</coordinates>
    </Point>
  </Placemark>
  <Placemark>
    <name>M3.9 - Rivera - Huila, Colombia</name>
    <description><![CDATA[<b>Magnitud:</b> 3.9 MW<br/><b>Profundidad:</b> 5 km<br/><b>Hora local:</b> 2015-07-20T15:47:19+00:00<br/><b>Lugar:</b> Rivera - Huila, Colombia<br/>]]></description>
    <Point>
      <coordinates>-75.06,2.641,-5000</coordinates>
    </Point>
  </Placemark>
  <Placemark>
    <name>M2.2 - Rivera - Huila, Colombia</name>
    <description><![CDATA[<b>Magnitud:</b> 2.2 ML<br/><b>Profundidad:</b> 4 km<br/><b>Hora local:</b> 2015-07-14T22:06:52+00:00<br/><b>Lugar:</b> Rivera - Huila, Colombia<br/>]]></description>
    <Point>
      <coordinates>-75.066,2.709,-4000</coordinates>
    </Point>
  </Placemark>
  <Placemark>
    <name>M1.7 - Aipe - Huila, Colombia</name>
    <description><![CDATA[<b>Magnitud:</b> 1.7 ML<br/><b>Profundidad:</b> 14 km<br/><b>Hora local:</b> 2015-07-07T06:17:36+00:00<br/><b>Lugar:</b> Aipe - Huila, Colombia<br/>]]></description>
    <Point>
      <coordinates>-75.29,3.216,-14000</coordinates>
    </Point>
  </Placemark>
  <Placemark>
    <name>M1.4 - Algeciras - Huila, Colombia</name>
    <description><![CDATA[<b>Magnitud:</b> 1.4 ML<br/><b>Profundidad:</b> 22 km<br/><b>Hora local:</b> 2015-07-06T02:17:25+00:00<br/><b>Lugar:</b> Algeciras - Huila, Colombia<br/>]]></description>
    <Point>
      <coordinates>-75.399,2.497,-22000</coordinates>
    </Point>
  </Placemark>
  <Placemark>
    <name>M1.2 - Rivera - Huila, Colombia</name>
    <description><![CDATA[<b>Magnitud:</b> 1.2 ML<br/><b>Profundidad:</b> 19 km<br/><b>Hora local:</b> 2015-06-29T01:32:21+00:00<br/><b>Lugar:</b> Rivera - Huila, Colombia<br/>]]></description>
    <Point>
      <coordinates>-74.969,2.79,-19000</coordinates>
    </Point>
  </Placemark>
  <Placemark>
    <name>M1.4 - Rivera - Huila, Colombia</name>
    <description><![CDATA[<b>Magnitud:</b> 1.4 ML<br/><b>Profundidad:</b> 6 km<br/><b>Hora local:</b> 2015-06-27T02:56:36+00:00<br/><b>Lugar:</b> Rivera - Huila, Colombia<br/>]]></description>
    <Point>
      <coordinates>-74.914,2.804,-6000</coordinates>
    </Point>
  </Placemark>
  <Placemark>
    <name>M1.1 - Villavieja - Huila, Colombia</name>
    <description><![CDATA[<b>Magnitud:</b> 1.1 ML<br/><b>Profundidad:</b> 18 km<br/><b>Hora local:</b> 2015-06-25T20:14:59+00:00<br/><b>Lugar:</b> Villavieja - Huila, Colombia<br/>]]></description>
    <Point>
      <coordinates>-75.187,3.165,-18000</coordinates>
    </Point>
  </Placemark>
  <Placemark>
    <name>M1.1 - Rivera - Huila, Colombia</name>
    <description><![CDATA[<b>Magnitud:</b> 1.1 ML<br/><b>Profundidad:</b> 4 km<br/><b>Hora local:</b> 2015-06-21T21:03:29+00:00<br/><b>Lugar:</b> Rivera - Huila, Colombia<br/>]]></description>
    <Point>
      <coordinates>-75.043,2.713,-4000</coordinates>
    </Point>
  </Placemark>
  <Placemark>
    <name>M1.6 - Tello - Huila, Colombia</name>
    <description><![CDATA[<b>Magnitud:</b> 1.6 ML<br/><b>Profundidad:</b> 14 km<br/><b>Hora local:</b> 2015-06-16T14:42:07+00:00<br/><b>Lugar:</b> Tello - Huila, Colombia<br/>]]></description>
    <Point>
      <coordinates>-75.176,3.057,-14000</coordinates>
    </Point>
  </Placemark>
  <Placemark>
    <name>M1.3 - Baraya - Huila, Colombia</name>
    <description><![CDATA[<b>Magnitud:</b> 1.3 ML<br/><b>Profundidad:</b> 6 km<br/><b>Hora local:</b> 2015-06-13T00:26:21+00:00<br/><b>Lugar:</b> Baraya - Huila, Colombia<br/>]]></description>
    <Point>
      <coordinates>-74.92,3.061,-6000</coordinates>
    </Point>
  </Placemark>
  <Placemark>
    <name>M2.2 - Algeciras - Huila, Colombia</name>
    <description><![CDATA[<b>Magnitud:</b> 2.2 ML<br/><b>Profundidad:</b> 4 km<br/><b>Hora local:</b> 2015-06-12T13:01:45+00:00<br/><b>Lugar:</b> Algeciras - Huila, Colombia<br/>]]></description>
    <Point>
      <coordinates>-75.259,2.526,-4000</coordinates>
    </Point>
  </Placemark>
  <Placemark>
    <name>M1.9 - Algeciras - Huila, Colombia</name>
    <description><![CDATA[<b>Magnitud:</b> 1.9 ML<br/><b>Profundidad:</b> 5 km<br/><b>Hora local:</b> 2015-06-12T07:53:42+00:00<br/><b>Lugar:</b> Algeciras - Huila, Colombia<br/>]]></description>
    <Point>
      <coordinates>-75.147,2.596,-5000</coordinates>
    </Point>
  </Placemark>
  <Placemark>
    <name>M2.1 - Rivera - Huila, Colombia</name>
    <description><![CDATA[<b>Magnitud:</b> 2.1 ML<br/><b>Profundidad:</b> 9 km<br/><b>Hora local:</b> 2015-06-09T03:34:22+00:00<br/><b>Lugar:</b> Rivera - Huila, Colombia<br/>]]></description>
    <Point>
      <coordinates>-75.068,2.701,-9000</coordinates>
    </Point>
  </Placemark>
  <Placemark>
    <name>M1.8 - Rivera - Huila, Colombia</name>
    <description><![CDATA[<b>Magnitud:</b> 1.8 ML<br/><b>Profundidad:</b> 4 km<br/><b>Hora local:</b> 2015-06-02T15:06:40+00:00<br/><b>Lugar:</b> Rivera - Huila, Colombia<br/>]]></description>
    <Point>
      <coordinates>-75.034,2.715,-4000</coordinates>
    </Point>
  </Placemark>
  <Placemark>
    <name>M2.4 - Rivera - Huila, Colombia</name>
    <description><![CDATA[<b>Magnitud:</b> 2.4 ML<br/><b>Profundidad:</b> 20 km<br/><b>Hora local:</b> 2015-06-02T10:41:59+00:00<br/><b>Lugar:</b> Rivera - Huila, Colombia<br/>]]></description>
    <Point>
      <coordinates>-75.021,2.67,-20000</coordinates>
    </Point>
  </Placemark>
  <Placemark>
    <name>M1.6 - Baraya - Huila, Colombia</name>
    <description><![CDATA[<b>Magnitud:</b> 1.6 ML<br/><b>Profundidad:</b> 8 km<br/><b>Hora local:</b> 2015-06-01T18:33:06+00:00<br/><b>Lugar:</b> Baraya - Huila, Colombia<br/>]]></description>
    <Point>
      <coordinates>-74.885,2.967,-8000</coordinates>
    </Point>
  </Placemark>
  <Placemark>
    <name>M1.5 - Algeciras - Huila, Colombia</name>
    <description><![CDATA[<b>Magnitud:</b> 1.5 ML<br/><b>Profundidad:</b> 7 km<br/><b>Hora local:</b> 2015-05-24T00:47:15+00:00<br/><b>Lugar:</b> Algeciras - Huila, Colombia<br/>]]></description>
    <Point>
      <coordinates>-75.396,2.508,-7000</coordinates>
    </Point>
  </Placemark>
  <Placemark>
    <name>M1.4 - Algeciras - Huila, Colombia</name>
    <description><![CDATA[<b>Magnitud:</b> 1.4 ML<br/><b>Profundidad:</b> 5 km<br/><b>Hora local:</b> 2015-05-19T20:55:33+00:00<br/><b>Lugar:</b> Algeciras - Huila, Colombia<br/>]]></description>
    <Point>
      <coordinates>-75.249,2.54,-5000</coordinates>
    </Point>
  </Placemark>
  <Placemark>
    <name>M1.5 - Rivera - Huila, Colombia</name>
    <description><![CDATA[<b>Magnitud:</b> 1.5 ML<br/><b>Profundidad:</b> 6 km<br/><b>Hora local:</b> 2015-05-17T20:06:27+00:00<br/><b>Lugar:</b> Rivera - Huila, Colombia<br/>]]></description>
    <Point>
      <coordinates>-75.053,2.72,-6000</coordinates>
    </Point>
  </Placemark>
  <Placemark>
    <name>M1.7 - Baraya - Huila, Colombia</name>
    <description><![CDATA[<b>Magnitud:</b> 1.7 ML<br/><b>Profundidad:</b> 4 km<br/><b>Hora local:</b> 2015-05-16T12:01:27+00:00<br/><b>Lugar:</b> Baraya - Huila, Colombia<br/>]]></description>
    <Point>
      <coordinates>-74.893,3.117,-4000</coordinates>
    </Point>
  </Placemark>
  <Placemark>
    <name>M1.7 - Rivera - Huila, Colombia</name>
    <description><![CDATA[<b>Magnitud:</b> 1.7 ML<br/><b>Profundidad:</b> 19 km<br/><b>Hora local:</b> 2015-05-13T15:01:18+00:00<br/><b>Lugar:</b> Rivera - Huila, Colombia<br/>]]></description>
    <Point>
      <coordinates>-75.051,2.705,-19000</coordinates>
    </Point>
  </Placemark>
  <Placemark>
    <name>M2.1 - Tello - Huila, Colombia</name>
    <description><![CDATA[<b>Magnitud:</b> 2.1 ML<br/><b>Profundidad:</b> 8 km<br/><b>Hora local:</b> 2015-05-07T05:43:41+00:00<br/><b>Lugar:</b> Tello - Huila, Colombia<br/>]]></description>
    <Point>
      <coordinates>-74.893,2.904,-8000</coordinates>
    </Point>
  </Placemark>
  <Placemark>
    <name>M1.7 - Hobo - Huila, Colombia</name>
    <description><![CDATA[<b>Magnitud:</b> 1.7 ML<br/><b>Profundidad:</b> 0 km<br/><b>Hora local:</b> 2015-05-02T13:00:42+00:00<br/><b>Lugar:</b> Hobo - Huila, Colombia<br/>]]></description>
    <Point>
      <coordinates>-75.39,2.534,0</coordinates>
    </Point>
  </Placemark>
  <Placemark>
    <name>M2.7 - Baraya - Huila, Colombia</name>
    <description><![CDATA[<b>Magnitud:</b> 2.7 ML<br/><b>Profundidad:</b> 17 km<br/><b>Hora local:</b> 2015-04-25T09:23:06+00:00<br/><b>Lugar:</b> Baraya - Huila, Colombia<br/>]]></description>
    <Point>
      <coordinates>-75.041,3.245,-17000</coordinates>
    </Point>
  </Placemark>
  <Placemark>
    <name>M1.6 - Rivera - Huila, Colombia</name>
    <description><![CDATA[<b>Magnitud:</b> 1.6 ML<br/><b>Profundidad:</b> 6 km<br/><b>Hora local:</b> 2015-04-20T22:47:14+00:00<br/><b>Lugar:</b> Rivera - Huila, Colombia<br/>]]></description>
    <Point>
      <coordinates>-75.059,2.63,-6000</coordinates>
    </Point>
  </Placemark>
  <Placemark>
    <name>M2.0 - Rivera - Huila, Colombia</name>
    <description><![CDATA[<b>Magnitud:</b> 2.0 ML<br/><b>Profundidad:</b> 4 km<br/><b>Hora local:</b> 2015-04-16T08:30:03+00:00<br/><b>Lugar:</b> Rivera - Huila, Colombia<br/>]]></description>
    <Point>
      <coordinates>-75.068,2.646,-4000</coordinates>
    </Point>
  </Placemark>
  <Placemark>
    <name>M2.6 - Rivera - Huila, Colombia</name>
    <description><![CDATA[<b>Magnitud:</b> 2.6 ML<br/><b>Profundidad:</b> 4 km<br/><b>Hora local:</b> 2015-04-11T13:05:53+00:00<br/><b>Lugar:</b> Rivera - Huila, Colombia<br/>]]></description>
    <Point>
      <coordinates>-74.93,2.79,-4000</coordinates>
    </Point>
  </Placemark>
  <Placemark>
    <name>M1.9 - Algeciras - Huila, Colombia</name>
    <description><![CDATA[<b>Magnitud:</b> 1.9 ML<br/><b>Profundidad:</b> 22 km<br/><b>Hora local:</b> 2015-04-07T18:20:18+00:00<br/><b>Lugar:</b> Algeciras - Huila, Colombia<br/>]]></description>
    <Point>
      <coordinates>-75.317,2.545,-22000</coordinates>
    </Point>
  </Placemark>
  <Placemark>
    <name>M1.5 - Baraya - Huila, Colombia</name>
    <description><![CDATA[<b>Magnitud:</b> 1.5 ML<br/><b>Profundidad:</b> 12 km<br/><b>Hora local:</b> 2015-03-27T12:04:29+00:00<br/><b>Lugar:</b> Baraya - Huila, Colombia<br/>]]></description>
    <Point>
      <coordinates>-74.889,2.987,-12000</coordinates>
    </Point>
  </Placemark>
  <Placemark>
    <name>M1.7 - Rivera - Huila, Colombia</name>
    <description><![CDATA[<b>Magnitud:</b> 1.7 ML<br/><b>Profundidad:</b> 4 km<br/><b>Hora local:</b> 2015-03-25T10:24:16+00:00<br/><b>Lugar:</b> Rivera - Huila, Colombia<br/>]]></description>
    <Point>
      <coordinates>-75.075,2.661,-4000</coordinates>
    </Point>
  </Placemark>
  <Placemark>
    <name>M1.7 - Baraya - Huila, Colombia</name>
    <description><![CDATA[<b>Magnitud:</b> 1.7 ML<br/><b>Profundidad:</b> 6 km<br/><b>Hora local:</b> 2015-03-23T00:52:16+00:00<br/><b>Lugar:</b> Baraya - Huila, Colombia<br/>]]></description>
    <Point>
      <coordinates>-74.856,2.882,-6000</coordinates>
    </Point>
  </Placemark>
  <Placemark>
    <name>M1.2 - Tello - Huila, Colombia</name>
    <description><![CDATA[<b>Magnitud:</b> 1.2 ML<br/><b>Profundidad:</b> 12 km<br/><b>Hora local:</b> 2015-03-20T03:30:32+00:00<br/><b>Lugar:</b> Tello - Huila, Colombia<br/>]]></description>
    <Point>
      <coordinates>-74.873,2.856,-12000</coordinates>
    </Point>
  </Placemark>
  <Placemark>
    <name>M1.5 - Villavieja - Huila, Colombia</name>
    <description><![CDATA[<b>Magnitud:</b> 1.5 ML<br/><b>Profundidad:</b> 15 km<br/><b>Hora local:</b> 2015-03-18T19:38:55+00:00<br/><b>Lugar:</b> Villavieja - Huila, Colombia<br/>]]></description>
    <Point>
      <coordinates>-75.225,3.186,-15000</coordinates>
    </Point>
  </Placemark>
  <Placemark>
    <name>M1.3 - Algeciras - Huila, Colombia</name>
    <description><![CDATA[<b>Magnitud:</b> 1.3 ML<br/><b>Profundidad:</b> 13 km<br/><b>Hora local:</b> 2015-03-15T23:58:23+00:00<br/><b>Lugar:</b> Algeciras - Huila, Colombia<br/>]]></description>
    <Point>
      <coordinates>-75.185,2.599,-13000</coordinates>
    </Point>
  </Placemark>
  <Placemark>
    <name>M1.8 - Rivera - Huila, Colombia</name>
    <description><![CDATA[<b>Magnitud:</b> 1.8 ML<br/><b>Profundidad:</b> 4 km<br/><b>Hora local:</b> 2015-03-09T19:23:43+00:00<br/><b>Lugar:</b> Rivera - Huila, Colombia<br/>]]></description>
    <Point>
      <coordinates>-75.032,2.719,-4000</coordinates>
    </Point>
  </Placemark>
  <Placemark>
    <name>M1.8 - Yaguará - Huila, Colombia</name>
    <description><![CDATA[<b>Magnitud:</b> 1.8 ML<br/><b>Profundidad:</b> 4 km<br/><b>Hora local:</b> 2015-03-03T20:19:32+00:00<br/><b>Lugar:</b> Yaguará - Huila, Colombia<br/>]]></description>
    <Point>
      <coordinates>-75.562,2.616,-4000</coordinates>
    </Point>
  </Placemark>
  <Placemark>
    <name>M1.5 - Rivera - Huila, Colombia</name>
    <description><![CDATA[<b>Magnitud:</b> 1.5 ML<br/><b>Profundidad:</b> 4 km<br/><b>Hora local:</b> 2015-03-03T15:51:03+00:00<br/><b>Lugar:</b> Rivera - Huila, Colombia<br/>]]></description>
    <Point>
      <coordinates>-75.081,2.74,-4000</coordinates>
    </Point>
  </Placemark>
  <Placemark>
    <name>M1.8 - Baraya - Huila, Colombia</name>
    <description><![CDATA[<b>Magnitud:</b> 1.8 ML<br/><b>Profundidad:</b> 8 km<br/><b>Hora local:</b> 2015-02-20T11:07:59+00:00<br/><b>Lugar:</b> Baraya - Huila, Colombia<br/>]]></description>
    <Point>
      <coordinates>-74.852,2.928,-8000</coordinates>
    </Point>
  </Placemark>
  <Placemark>
    <name>M1.8 - Tello - Huila, Colombia</name>
    <description><![CDATA[<b>Magnitud:</b> 1.8 ML<br/><b>Profundidad:</b> 0 km<br/><b>Hora local:</b> 2015-02-17T19:59:09+00:00<br/><b>Lugar:</b> Tello - Huila, Colombia<br/>]]></description>
    <Point>
      <coordinates>-74.963,2.962,0</coordinates>
    </Point>
  </Placemark>
  <Placemark>
    <name>M1.4 - Rivera - Huila, Colombia</name>
    <description><![CDATA[<b>Magnitud:</b> 1.4 ML<br/><b>Profundidad:</b> 4 km<br/><b>Hora local:</b> 2015-02-16T04:39:17+00:00<br/><b>Lugar:</b> Rivera - Huila, Colombia<br/>]]></description>
    <Point>
      <coordinates>-75.055,2.656,-4000</coordinates>
    </Point>
  </Placemark>
  <Placemark>
    <name>M1.7 - Rivera - Huila, Colombia</name>
    <description><![CDATA[<b>Magnitud:</b> 1.7 ML<br/><b>Profundidad:</b> 4 km<br/><b>Hora local:</b> 2015-02-10T11:49:09+00:00<br/><b>Lugar:</b> Rivera - Huila, Colombia<br/>]]></description>
    <Point>
      <coordinates>-75.049,2.682,-4000</coordinates>
    </Point>
  </Placemark>
  <Placemark>
    <name>M1.2 - Rivera - Huila, Colombia</name>
    <description><![CDATA[<b>Magnitud:</b> 1.2 ML<br/><b>Profundidad:</b> 4 km<br/><b>Hora local:</b> 2015-02-10T00:13:59+00:00<br/><b>Lugar:</b> Rivera - Huila, Colombia<br/>]]></description>
    <Point>
      <coordinates>-75.052,2.687,-4000</coordinates>
    </Point>
  </Placemark>
  <Placemark>
    <name>M1.6 - Rivera - Huila, Colombia</name>
    <description><![CDATA[<b>Magnitud:</b> 1.6 ML<br/><b>Profundidad:</b> 4 km<br/><b>Hora local:</b> 2015-02-08T06:02:35+00:00<br/><b>Lugar:</b> Rivera - Huila, Colombia<br/>]]></description>
    <Point>
      <coordinates>-75.009,2.753,-4000</coordinates>
    </Point>
  </Placemark>
  <Placemark>
    <name>M1.4 - Algeciras - Huila, Colombia</name>
    <description><![CDATA[<b>Magnitud:</b> 1.4 ML<br/><b>Profundidad:</b> 25 km<br/><b>Hora local:</b> 2015-02-08T06:02:05+00:00<br/><b>Lugar:</b> Algeciras - Huila, Colombia<br/>]]></description>
    <Point>
      <coordinates>-75.325,2.528,-25000</coordinates>
    </Point>
  </Placemark>
  <Placemark>
    <name>M1.8 - Neiva - Huila, Colombia</name>
    <description><![CDATA[<b>Magnitud:</b> 1.8 ML<br/><b>Profundidad:</b> 17 km<br/><b>Hora local:</b> 2015-02-02T14:21:24+00:00<br/><b>Lugar:</b> Neiva - Huila, Colombia<br/>]]></description>
    <Point>
      <coordinates>-75.225,2.945,-17000</coordinates>
    </Point>
  </Placemark>
  <Placemark>
    <name>M1.3 - Algeciras - Huila, Colombia</name>
    <description><![CDATA[<b>Magnitud:</b> 1.3 ML<br/><b>Profundidad:</b> 0 km<br/><b>Hora local:</b> 2015-01-27T23:54:26+00:00<br/><b>Lugar:</b> Algeciras - Huila, Colombia<br/>]]></description>
    <Point>
      <coordinates>-75.372,2.491,0</coordinates>
    </Point>
  </Placemark>
  <Placemark>
    <name>M2.3 - Rivera - Huila, Colombia</name>
    <description><![CDATA[<b>Magnitud:</b> 2.3 ML<br/><b>Profundidad:</b> 4 km<br/><b>Hora local:</b> 2015-01-27T23:23:30+00:00<br/><b>Lugar:</b> Rivera - Huila, Colombia<br/>]]></description>
    <Point>
      <coordinates>-75.065,2.71,-4000</coordinates>
    </Point>
  </Placemark>
  <Placemark>
    <name>M2.1 - Rivera - Huila, Colombia</name>
    <description><![CDATA[<b>Magnitud:</b> 2.1 ML<br/><b>Profundidad:</b> 6 km<br/><b>Hora local:</b> 2015-01-27T08:47:11+00:00<br/><b>Lugar:</b> Rivera - Huila, Colombia<br/>]]></description>
    <Point>
      <coordinates>-75.022,2.712,-6000</coordinates>
    </Point>
  </Placemark>
  <Placemark>
    <name>M1.8 - Tello - Huila, Colombia</name>
    <description><![CDATA[<b>Magnitud:</b> 1.8 ML<br/><b>Profundidad:</b> 4 km<br/><b>Hora local:</b> 2015-01-22T00:26:03+00:00<br/><b>Lugar:</b> Tello - Huila, Colombia<br/>]]></description>
    <Point>
      <coordinates>-74.87,2.865,-4000</coordinates>
    </Point>
  </Placemark>
  <Placemark>
    <name>M1.6 - Rivera - Huila, Colombia</name>
    <description><![CDATA[<b>Magnitud:</b> 1.6 ML<br/><b>Profundidad:</b> 4 km<br/><b>Hora local:</b> 2015-01-16T00:04:30+00:00<br/><b>Lugar:</b> Rivera - Huila, Colombia<br/>]]></description>
    <Point>
      <coordinates>-74.883,2.775,-4000</coordinates>
    </Point>
  </Placemark>
  <Placemark>
    <name>M2.8 - Rivera - Huila, Colombia</name>
    <description><![CDATA[<b>Magnitud:</b> 2.8 MW<br/><b>Profundidad:</b> 3 km<br/><b>Hora local:</b> 2014-12-28T02:00:12+00:00<br/><b>Lugar:</b> Rivera - Huila, Colombia<br/>]]></description>
    <Point>
      <coordinates>-75.051,2.657,-3000</coordinates>
    </Point>
  </Placemark>
  <Placemark>
    <name>M2.5 - Tello - Huila, Colombia</name>
    <description><![CDATA[<b>Magnitud:</b> 2.5 ML<br/><b>Profundidad:</b> 4 km<br/><b>Hora local:</b> 2014-12-23T10:38:40+00:00<br/><b>Lugar:</b> Tello - Huila, Colombia<br/>]]></description>
    <Point>
      <coordinates>-75.051,2.978,-4000</coordinates>
    </Point>
  </Placemark>
  <Placemark>
    <name>M1.3 - Tello - Huila, Colombia</name>
    <description><![CDATA[<b>Magnitud:</b> 1.3 ML<br/><b>Profundidad:</b> 13 km<br/><b>Hora local:</b> 2014-12-22T15:18:46+00:00<br/><b>Lugar:</b> Tello - Huila, Colombia<br/>]]></description>
    <Point>
      <coordinates>-74.925,2.828,-13000</coordinates>
    </Point>
  </Placemark>
  <Placemark>
    <name>M1.6 - Tello - Huila, Colombia</name>
    <description><![CDATA[<b>Magnitud:</b> 1.6 ML<br/><b>Profundidad:</b> 9 km<br/><b>Hora local:</b> 2014-12-13T02:51:33+00:00<br/><b>Lugar:</b> Tello - Huila, Colombia<br/>]]></description>
    <Point>
      <coordinates>-74.876,2.805,-9000</coordinates>
    </Point>
  </Placemark>
  <Placemark>
    <name>M1.7 - Villavieja - Huila, Colombia</name>
    <description><![CDATA[<b>Magnitud:</b> 1.7 ML<br/><b>Profundidad:</b> 10 km<br/><b>Hora local:</b> 2014-12-10T16:29:02+00:00<br/><b>Lugar:</b> Villavieja - Huila, Colombia<br/>]]></description>
    <Point>
      <coordinates>-75.193,3.265,-10000</coordinates>
    </Point>
  </Placemark>
  <Placemark>
    <name>M1.6 - Algeciras - Huila, Colombia</name>
    <description><![CDATA[<b>Magnitud:</b> 1.6 ML<br/><b>Profundidad:</b> 2 km<br/><b>Hora local:</b> 2014-12-06T16:00:55+00:00<br/><b>Lugar:</b> Algeciras - Huila, Colombia<br/>]]></description>
    <Point>
      <coordinates>-75.239,2.594,-2000</coordinates>
    </Point>
  </Placemark>
  <Placemark>
    <name>M1.6 - Aipe - Huila, Colombia</name>
    <description><![CDATA[<b>Magnitud:</b> 1.6 ML<br/><b>Profundidad:</b> 22 km<br/><b>Hora local:</b> 2014-12-04T15:29:12+00:00<br/><b>Lugar:</b> Aipe - Huila, Colombia<br/>]]></description>
    <Point>
      <coordinates>-75.318,3.325,-22000</coordinates>
    </Point>
  </Placemark>
  <Placemark>
    <name>M1.5 - Rivera - Huila, Colombia</name>
    <description><![CDATA[<b>Magnitud:</b> 1.5 ML<br/><b>Profundidad:</b> 4 km<br/><b>Hora local:</b> 2014-12-02T05:11:48+00:00<br/><b>Lugar:</b> Rivera - Huila, Colombia<br/>]]></description>
    <Point>
      <coordinates>-75.052,2.713,-4000</coordinates>
    </Point>
  </Placemark>
  <Placemark>
    <name>M2.0 - Villavieja - Huila, Colombia</name>
    <description><![CDATA[<b>Magnitud:</b> 2.0 ML<br/><b>Profundidad:</b> 4 km<br/><b>Hora local:</b> 2014-11-25T11:13:27+00:00<br/><b>Lugar:</b> Villavieja - Huila, Colombia<br/>]]></description>
    <Point>
      <coordinates>-75.198,3.276,-4000</coordinates>
    </Point>
  </Placemark>
  <Placemark>
    <name>M1.7 - Rivera - Huila, Colombia</name>
    <description><![CDATA[<b>Magnitud:</b> 1.7 ML<br/><b>Profundidad:</b> 16 km<br/><b>Hora local:</b> 2014-11-24T07:12:54+00:00<br/><b>Lugar:</b> Rivera - Huila, Colombia<br/>]]></description>
    <Point>
      <coordinates>-75.104,2.661,-16000</coordinates>
    </Point>
  </Placemark>
  <Placemark>
    <name>M1.2 - Rivera - Huila, Colombia</name>
    <description><![CDATA[<b>Magnitud:</b> 1.2 ML<br/><b>Profundidad:</b> 4 km<br/><b>Hora local:</b> 2014-11-23T02:56:19+00:00<br/><b>Lugar:</b> Rivera - Huila, Colombia<br/>]]></description>
    <Point>
      <coordinates>-75.048,2.64,-4000</coordinates>
    </Point>
  </Placemark>
  <Placemark>
    <name>M1.4 - Rivera - Huila, Colombia</name>
    <description><![CDATA[<b>Magnitud:</b> 1.4 ML<br/><b>Profundidad:</b> 6 km<br/><b>Hora local:</b> 2014-11-22T22:12:34+00:00<br/><b>Lugar:</b> Rivera - Huila, Colombia<br/>]]></description>
    <Point>
      <coordinates>-75.006,2.732,-6000</coordinates>
    </Point>
  </Placemark>
  <Placemark>
    <name>M2.2 - Rivera - Huila, Colombia</name>
    <description><![CDATA[<b>Magnitud:</b> 2.2 ML<br/><b>Profundidad:</b> 6 km<br/><b>Hora local:</b> 2014-11-22T05:40:32+00:00<br/><b>Lugar:</b> Rivera - Huila, Colombia<br/>]]></description>
    <Point>
      <coordinates>-75.03,2.708,-6000</coordinates>
    </Point>
  </Placemark>
  <Placemark>
    <name>M1.2 - Rivera - Huila, Colombia</name>
    <description><![CDATA[<b>Magnitud:</b> 1.2 ML<br/><b>Profundidad:</b> 14 km<br/><b>Hora local:</b> 2014-11-20T23:53:34+00:00<br/><b>Lugar:</b> Rivera - Huila, Colombia<br/>]]></description>
    <Point>
      <coordinates>-75.034,2.692,-14000</coordinates>
    </Point>
  </Placemark>
  <Placemark>
    <name>M1.3 - Algeciras - Huila, Colombia</name>
    <description><![CDATA[<b>Magnitud:</b> 1.3 ML<br/><b>Profundidad:</b> 25 km<br/><b>Hora local:</b> 2014-11-20T08:10:43+00:00<br/><b>Lugar:</b> Algeciras - Huila, Colombia<br/>]]></description>
    <Point>
      <coordinates>-75.334,2.487,-25000</coordinates>
    </Point>
  </Placemark>
  <Placemark>
    <name>M1.0 - Algeciras - Huila, Colombia</name>
    <description><![CDATA[<b>Magnitud:</b> 1.0 ML<br/><b>Profundidad:</b> 11 km<br/><b>Hora local:</b> 2014-11-18T03:59:48+00:00<br/><b>Lugar:</b> Algeciras - Huila, Colombia<br/>]]></description>
    <Point>
      <coordinates>-75.303,2.494,-11000</coordinates>
    </Point>
  </Placemark>
  <Placemark>
    <name>M1.8 - Neiva - Huila, Colombia</name>
    <description><![CDATA[<b>Magnitud:</b> 1.8 ML<br/><b>Profundidad:</b> 14 km<br/><b>Hora local:</b> 2014-11-15T06:25:47+00:00<br/><b>Lugar:</b> Neiva - Huila, Colombia<br/>]]></description>
    <Point>
      <coordinates>-75.245,2.954,-14000</coordinates>
    </Point>
  </Placemark>
  <Placemark>
    <name>M1.1 - Algeciras - Huila, Colombia</name>
    <description><![CDATA[<b>Magnitud:</b> 1.1 ML<br/><b>Profundidad:</b> 23 km<br/><b>Hora local:</b> 2014-11-15T04:33:16+00:00<br/><b>Lugar:</b> Algeciras - Huila, Colombia<br/>]]></description>
    <Point>
      <coordinates>-75.276,2.507,-23000</coordinates>
    </Point>
  </Placemark>
  <Placemark>
    <name>M2.7 - Baraya - Huila, Colombia</name>
    <description><![CDATA[<b>Magnitud:</b> 2.7 ML<br/><b>Profundidad:</b> 4 km<br/><b>Hora local:</b> 2014-11-14T01:21:25+00:00<br/><b>Lugar:</b> Baraya - Huila, Colombia<br/>]]></description>
    <Point>
      <coordinates>-74.87,2.967,-4000</coordinates>
    </Point>
  </Placemark>
  <Placemark>
    <name>M2.1 - Rivera - Huila, Colombia</name>
    <description><![CDATA[<b>Magnitud:</b> 2.1 ML<br/><b>Profundidad:</b> 6 km<br/><b>Hora local:</b> 2014-11-07T16:15:11+00:00<br/><b>Lugar:</b> Rivera - Huila, Colombia<br/>]]></description>
    <Point>
      <coordinates>-75.004,2.717,-6000</coordinates>
    </Point>
  </Placemark>
  <Placemark>
    <name>M1.3 - Rivera - Huila, Colombia</name>
    <description><![CDATA[<b>Magnitud:</b> 1.3 ML<br/><b>Profundidad:</b> 12 km<br/><b>Hora local:</b> 2014-11-04T21:55:42+00:00<br/><b>Lugar:</b> Rivera - Huila, Colombia<br/>]]></description>
    <Point>
      <coordinates>-75.019,2.722,-12000</coordinates>
    </Point>
  </Placemark>
  <Placemark>
    <name>M2.6 - Rivera - Huila, Colombia</name>
    <description><![CDATA[<b>Magnitud:</b> 2.6 ML<br/><b>Profundidad:</b> 6 km<br/><b>Hora local:</b> 2014-11-04T21:51:00+00:00<br/><b>Lugar:</b> Rivera - Huila, Colombia<br/>]]></description>
    <Point>
      <coordinates>-75.1,2.634,-6000</coordinates>
    </Point>
  </Placemark>
  <Placemark>
    <name>M1.6 - Campoalegre - Huila, Colombia</name>
    <description><![CDATA[<b>Magnitud:</b> 1.6 ML<br/><b>Profundidad:</b> 22 km<br/><b>Hora local:</b> 2014-10-25T04:53:36+00:00<br/><b>Lugar:</b> Campoalegre - Huila, Colombia<br/>]]></description>
    <Point>
      <coordinates>-75.325,2.604,-22000</coordinates>
    </Point>
  </Placemark>
  <Placemark>
    <name>M1.6 - Baraya - Huila, Colombia</name>
    <description><![CDATA[<b>Magnitud:</b> 1.6 ML<br/><b>Profundidad:</b> 12 km<br/><b>Hora local:</b> 2014-10-18T23:46:21+00:00<br/><b>Lugar:</b> Baraya - Huila, Colombia<br/>]]></description>
    <Point>
      <coordinates>-74.849,2.891,-12000</coordinates>
    </Point>
  </Placemark>
  <Placemark>
    <name>M2.8 - Tello - Huila, Colombia</name>
    <description><![CDATA[<b>Magnitud:</b> 2.8 ML<br/><b>Profundidad:</b> 4 km<br/><b>Hora local:</b> 2014-10-13T16:52:52+00:00<br/><b>Lugar:</b> Tello - Huila, Colombia<br/>]]></description>
    <Point>
      <coordinates>-74.874,2.856,-4000</coordinates>
    </Point>
  </Placemark>
  <Placemark>
    <name>M2.1 - Tello - Huila, Colombia</name>
    <description><![CDATA[<b>Magnitud:</b> 2.1 ML<br/><b>Profundidad:</b> 10 km<br/><b>Hora local:</b> 2014-10-12T04:32:01+00:00<br/><b>Lugar:</b> Tello - Huila, Colombia<br/>]]></description>
    <Point>
      <coordinates>-75.101,3.03,-10000</coordinates>
    </Point>
  </Placemark>
  <Placemark>
    <name>M1.3 - Algeciras - Huila, Colombia</name>
    <description><![CDATA[<b>Magnitud:</b> 1.3 ML<br/><b>Profundidad:</b> 19 km<br/><b>Hora local:</b> 2014-10-12T03:04:17+00:00<br/><b>Lugar:</b> Algeciras - Huila, Colombia<br/>]]></description>
    <Point>
      <coordinates>-75.385,2.541,-19000</coordinates>
    </Point>
  </Placemark>
  <Placemark>
    <name>M1.9 - Planadas - Tolima, Colombia</name>
    <description><![CDATA[<b>Magnitud:</b> 1.9 ML<br/><b>Profundidad:</b> 4 km<br/><b>Hora local:</b> 2014-09-29T09:38:37+00:00<br/><b>Lugar:</b> Planadas - Tolima, Colombia<br/>]]></description>
    <Point>
      <coordinates>-75.522,3.293,-4000</coordinates>
    </Point>
  </Placemark>
  <Placemark>
    <name>M1.3 - Rivera - Huila, Colombia</name>
    <description><![CDATA[<b>Magnitud:</b> 1.3 ML<br/><b>Profundidad:</b> 4 km<br/><b>Hora local:</b> 2014-09-27T05:34:19+00:00<br/><b>Lugar:</b> Rivera - Huila, Colombia<br/>]]></description>
    <Point>
      <coordinates>-75.037,2.692,-4000</coordinates>
    </Point>
  </Placemark>
  <Placemark>
    <name>M2.1 - Rivera - Huila, Colombia</name>
    <description><![CDATA[<b>Magnitud:</b> 2.1 ML<br/><b>Profundidad:</b> 4 km<br/><b>Hora local:</b> 2014-09-26T21:26:07+00:00<br/><b>Lugar:</b> Rivera - Huila, Colombia<br/>]]></description>
    <Point>
      <coordinates>-75.023,2.723,-4000</coordinates>
    </Point>
  </Placemark>
  <Placemark>
    <name>M1.3 - Tello - Huila, Colombia</name>
    <description><![CDATA[<b>Magnitud:</b> 1.3 ML<br/><b>Profundidad:</b> 4 km<br/><b>Hora local:</b> 2014-09-25T05:52:35+00:00<br/><b>Lugar:</b> Tello - Huila, Colombia<br/>]]></description>
    <Point>
      <coordinates>-74.873,2.859,-4000</coordinates>
    </Point>
  </Placemark>
  <Placemark>
    <name>M1.1 - Rivera - Huila, Colombia</name>
    <description><![CDATA[<b>Magnitud:</b> 1.1 ML<br/><b>Profundidad:</b> 4 km<br/><b>Hora local:</b> 2014-09-23T05:09:39+00:00<br/><b>Lugar:</b> Rivera - Huila, Colombia<br/>]]></description>
    <Point>
      <coordinates>-75.119,2.63,-4000</coordinates>
    </Point>
  </Placemark>
  <Placemark>
    <name>M1.3 - Rivera - Huila, Colombia</name>
    <description><![CDATA[<b>Magnitud:</b> 1.3 ML<br/><b>Profundidad:</b> 4 km<br/><b>Hora local:</b> 2014-09-22T04:07:29+00:00<br/><b>Lugar:</b> Rivera - Huila, Colombia<br/>]]></description>
    <Point>
      <coordinates>-75.053,2.649,-4000</coordinates>
    </Point>
  </Placemark>
  <Placemark>
    <name>M3.2 - Baraya - Huila, Colombia</name>
    <description><![CDATA[<b>Magnitud:</b> 3.2 MW<br/><b>Profundidad:</b> 2 km<br/><b>Hora local:</b> 2014-09-16T18:48:06+00:00<br/><b>Lugar:</b> Baraya - Huila, Colombia<br/>]]></description>
    <Point>
      <coordinates>-74.873,2.892,-2000</coordinates>
    </Point>
  </Placemark>
  <Placemark>
    <name>M1.5 - Algeciras - Huila, Colombia</name>
    <description><![CDATA[<b>Magnitud:</b> 1.5 ML<br/><b>Profundidad:</b> 10 km<br/><b>Hora local:</b> 2014-09-15T19:04:28+00:00<br/><b>Lugar:</b> Algeciras - Huila, Colombia<br/>]]></description>
    <Point>
      <coordinates>-75.376,2.501,-10000</coordinates>
    </Point>
  </Placemark>
  <Placemark>
    <name>M1.3 - Tello - Huila, Colombia</name>
    <description><![CDATA[<b>Magnitud:</b> 1.3 ML<br/><b>Profundidad:</b> 8 km<br/><b>Hora local:</b> 2014-09-10T00:51:51+00:00<br/><b>Lugar:</b> Tello - Huila, Colombia<br/>]]></description>
    <Point>
      <coordinates>-74.876,2.842,-8000</coordinates>
    </Point>
  </Placemark>
  <Placemark>
    <name>M1.6 - Rivera - Huila, Colombia</name>
    <description><![CDATA[<b>Magnitud:</b> 1.6 ML<br/><b>Profundidad:</b> 4 km<br/><b>Hora local:</b> 2014-09-05T06:07:29+00:00<br/><b>Lugar:</b> Rivera - Huila, Colombia<br/>]]></description>
    <Point>
      <coordinates>-75.057,2.654,-4000</coordinates>
    </Point>
  </Placemark>
  <Placemark>
    <name>M1.4 - Baraya - Huila, Colombia</name>
    <description><![CDATA[<b>Magnitud:</b> 1.4 ML<br/><b>Profundidad:</b> 8 km<br/><b>Hora local:</b> 2014-09-04T08:24:17+00:00<br/><b>Lugar:</b> Baraya - Huila, Colombia<br/>]]></description>
    <Point>
      <coordinates>-74.86,2.913,-8000</coordinates>
    </Point>
  </Placemark>
  <Placemark>
    <name>M0.9 - Íquira - Huila, Colombia</name>
    <description><![CDATA[<b>Magnitud:</b> 0.9 ML<br/><b>Profundidad:</b> 13 km<br/><b>Hora local:</b> 2014-09-04T02:14:20+00:00<br/><b>Lugar:</b> Íquira - Huila, Colombia<br/>]]></description>
    <Point>
      <coordinates>-75.629,2.665,-13000</coordinates>
    </Point>
  </Placemark>
  <Placemark>
    <name>M1.9 - Rivera - Huila, Colombia</name>
    <description><![CDATA[<b>Magnitud:</b> 1.9 ML<br/><b>Profundidad:</b> 6 km<br/><b>Hora local:</b> 2014-08-31T06:43:40+00:00<br/><b>Lugar:</b> Rivera - Huila, Colombia<br/>]]></description>
    <Point>
      <coordinates>-75.096,2.635,-6000</coordinates>
    </Point>
  </Placemark>
  <Placemark>
    <name>M2.0 - Rivera - Huila, Colombia</name>
    <description><![CDATA[<b>Magnitud:</b> 2.0 ML<br/><b>Profundidad:</b> 5 km<br/><b>Hora local:</b> 2014-08-31T03:54:38+00:00<br/><b>Lugar:</b> Rivera - Huila, Colombia<br/>]]></description>
    <Point>
      <coordinates>-75.024,2.712,-5000</coordinates>
    </Point>
  </Placemark>
  <Placemark>
    <name>M1.3 - Rivera - Huila, Colombia</name>
    <description><![CDATA[<b>Magnitud:</b> 1.3 ML<br/><b>Profundidad:</b> 9 km<br/><b>Hora local:</b> 2014-08-26T02:20:03+00:00<br/><b>Lugar:</b> Rivera - Huila, Colombia<br/>]]></description>
    <Point>
      <coordinates>-75.01,2.716,-9000</coordinates>
    </Point>
  </Placemark>
  <Placemark>
    <name>M1.8 - Rivera - Huila, Colombia</name>
    <description><![CDATA[<b>Magnitud:</b> 1.8 ML<br/><b>Profundidad:</b> 4 km<br/><b>Hora local:</b> 2014-08-26T00:49:04+00:00<br/><b>Lugar:</b> Rivera - Huila, Colombia<br/>]]></description>
    <Point>
      <coordinates>-75.026,2.726,-4000</coordinates>
    </Point>
  </Placemark>
  <Placemark>
    <name>M1.4 - Baraya - Huila, Colombia</name>
    <description><![CDATA[<b>Magnitud:</b> 1.4 ML<br/><b>Profundidad:</b> 8 km<br/><b>Hora local:</b> 2014-08-25T10:20:16+00:00<br/><b>Lugar:</b> Baraya - Huila, Colombia<br/>]]></description>
    <Point>
      <coordinates>-74.848,2.878,-8000</coordinates>
    </Point>
  </Placemark>
  <Placemark>
    <name>M1.4 - Baraya - Huila, Colombia</name>
    <description><![CDATA[<b>Magnitud:</b> 1.4 ML<br/><b>Profundidad:</b> 0 km<br/><b>Hora local:</b> 2014-08-22T08:54:57+00:00<br/><b>Lugar:</b> Baraya - Huila, Colombia<br/>]]></description>
    <Point>
      <coordinates>-74.957,3.019,0</coordinates>
    </Point>
  </Placemark>
  <Placemark>
    <name>M1.5 - Tello - Huila, Colombia</name>
    <description><![CDATA[<b>Magnitud:</b> 1.5 ML<br/><b>Profundidad:</b> 7 km<br/><b>Hora local:</b> 2014-08-20T18:14:33+00:00<br/><b>Lugar:</b> Tello - Huila, Colombia<br/>]]></description>
    <Point>
      <coordinates>-74.893,2.83,-7000</coordinates>
    </Point>
  </Placemark>
  <Placemark>
    <name>M2.5 - Rivera - Huila, Colombia</name>
    <description><![CDATA[<b>Magnitud:</b> 2.5 ML<br/><b>Profundidad:</b> 12 km<br/><b>Hora local:</b> 2014-08-19T03:15:48+00:00<br/><b>Lugar:</b> Rivera - Huila, Colombia<br/>]]></description>
    <Point>
      <coordinates>-74.957,2.698,-12000</coordinates>
    </Point>
  </Placemark>
  <Placemark>
    <name>M1.8 - Baraya - Huila, Colombia</name>
    <description><![CDATA[<b>Magnitud:</b> 1.8 ML<br/><b>Profundidad:</b> 4 km<br/><b>Hora local:</b> 2014-08-14T21:36:21+00:00<br/><b>Lugar:</b> Baraya - Huila, Colombia<br/>]]></description>
    <Point>
      <coordinates>-74.963,3.032,-4000</coordinates>
    </Point>
  </Placemark>
  <Placemark>
    <name>M1.3 - Tello - Huila, Colombia</name>
    <description><![CDATA[<b>Magnitud:</b> 1.3 ML<br/><b>Profundidad:</b> 4 km<br/><b>Hora local:</b> 2014-08-11T04:13:23+00:00<br/><b>Lugar:</b> Tello - Huila, Colombia<br/>]]></description>
    <Point>
      <coordinates>-74.857,2.843,-4000</coordinates>
    </Point>
  </Placemark>
  <Placemark>
    <name>M1.5 - Rivera - Huila, Colombia</name>
    <description><![CDATA[<b>Magnitud:</b> 1.5 ML<br/><b>Profundidad:</b> 4 km<br/><b>Hora local:</b> 2014-08-11T02:11:54+00:00<br/><b>Lugar:</b> Rivera - Huila, Colombia<br/>]]></description>
    <Point>
      <coordinates>-75.08,2.626,-4000</coordinates>
    </Point>
  </Placemark>
  <Placemark>
    <name>M2.4 - Tello - Huila, Colombia</name>
    <description><![CDATA[<b>Magnitud:</b> 2.4 ML<br/><b>Profundidad:</b> 4 km<br/><b>Hora local:</b> 2014-08-04T04:51:07+00:00<br/><b>Lugar:</b> Tello - Huila, Colombia<br/>]]></description>
    <Point>
      <coordinates>-74.935,2.814,-4000</coordinates>
    </Point>
  </Placemark>
  <Placemark>
    <name>M3.3 - Rivera - Huila, Colombia</name>
    <description><![CDATA[<b>Magnitud:</b> 3.3 MW<br/><b>Profundidad:</b> 4 km<br/><b>Hora local:</b> 2014-07-24T05:59:25+00:00<br/><b>Lugar:</b> Rivera - Huila, Colombia<br/>]]></description>
    <Point>
      <coordinates>-75.054,2.67,-4000</coordinates>
    </Point>
  </Placemark>
  <Placemark>
    <name>M1.6 - Hobo - Huila, Colombia</name>
    <description><![CDATA[<b>Magnitud:</b> 1.6 ML<br/><b>Profundidad:</b> 5 km<br/><b>Hora local:</b> 2014-07-23T22:35:39+00:00<br/><b>Lugar:</b> Hobo - Huila, Colombia<br/>]]></description>
    <Point>
      <coordinates>-75.448,2.578,-5000</coordinates>
    </Point>
  </Placemark>
  <Placemark>
    <name>M1.6 - Algeciras - Huila, Colombia</name>
    <description><![CDATA[<b>Magnitud:</b> 1.6 ML<br/><b>Profundidad:</b> 11 km<br/><b>Hora local:</b> 2014-07-19T00:40:47+00:00<br/><b>Lugar:</b> Algeciras - Huila, Colombia<br/>]]></description>
    <Point>
      <coordinates>-75.331,2.532,-11000</coordinates>
    </Point>
  </Placemark>
  <Placemark>
    <name>M1.6 - Rivera - Huila, Colombia</name>
    <description><![CDATA[<b>Magnitud:</b> 1.6 ML<br/><b>Profundidad:</b> 15 km<br/><b>Hora local:</b> 2014-07-17T04:07:11+00:00<br/><b>Lugar:</b> Rivera - Huila, Colombia<br/>]]></description>
    <Point>
      <coordinates>-75.047,2.644,-15000</coordinates>
    </Point>
  </Placemark>
  <Placemark>
    <name>M1.8 - Rivera - Huila, Colombia</name>
    <description><![CDATA[<b>Magnitud:</b> 1.8 ML<br/><b>Profundidad:</b> 4 km<br/><b>Hora local:</b> 2014-07-15T01:47:09+00:00<br/><b>Lugar:</b> Rivera - Huila, Colombia<br/>]]></description>
    <Point>
      <coordinates>-75.044,2.699,-4000</coordinates>
    </Point>
  </Placemark>
  <Placemark>
    <name>M2.0 - Rivera - Huila, Colombia</name>
    <description><![CDATA[<b>Magnitud:</b> 2.0 ML<br/><b>Profundidad:</b> 4 km<br/><b>Hora local:</b> 2014-07-12T18:39:03+00:00<br/><b>Lugar:</b> Rivera - Huila, Colombia<br/>]]></description>
    <Point>
      <coordinates>-75.052,2.696,-4000</coordinates>
    </Point>
  </Placemark>
  <Placemark>
    <name>M1.9 - Rivera - Huila, Colombia</name>
    <description><![CDATA[<b>Magnitud:</b> 1.9 ML<br/><b>Profundidad:</b> 5 km<br/><b>Hora local:</b> 2014-07-10T19:11:37+00:00<br/><b>Lugar:</b> Rivera - Huila, Colombia<br/>]]></description>
    <Point>
      <coordinates>-75.126,2.663,-5000</coordinates>
    </Point>
  </Placemark>
  <Placemark>
    <name>M1.9 - Tello - Huila, Colombia</name>
    <description><![CDATA[<b>Magnitud:</b> 1.9 ML<br/><b>Profundidad:</b> 4 km<br/><b>Hora local:</b> 2014-07-09T01:57:07+00:00<br/><b>Lugar:</b> Tello - Huila, Colombia<br/>]]></description>
    <Point>
      <coordinates>-74.876,2.844,-4000</coordinates>
    </Point>
  </Placemark>
  <Placemark>
    <name>M1.5 - Palermo - Huila, Colombia</name>
    <description><![CDATA[<b>Magnitud:</b> 1.5 ML<br/><b>Profundidad:</b> 4 km<br/><b>Hora local:</b> 2014-07-01T04:43:10+00:00<br/><b>Lugar:</b> Palermo - Huila, Colombia<br/>]]></description>
    <Point>
      <coordinates>-75.404,2.978,-4000</coordinates>
    </Point>
  </Placemark>
  <Placemark>
    <name>M1.9 - Rivera - Huila, Colombia</name>
    <description><![CDATA[<b>Magnitud:</b> 1.9 ML<br/><b>Profundidad:</b> 3 km<br/><b>Hora local:</b> 2014-06-16T20:32:46+00:00<br/><b>Lugar:</b> Rivera - Huila, Colombia<br/>]]></description>
    <Point>
      <coordinates>-75.054,2.715,-3000</coordinates>
    </Point>
  </Placemark>
  <Placemark>
    <name>M2.3 - Rivera - Huila, Colombia</name>
    <description><![CDATA[<b>Magnitud:</b> 2.3 ML<br/><b>Profundidad:</b> 8 km<br/><b>Hora local:</b> 2014-06-14T07:48:20+00:00<br/><b>Lugar:</b> Rivera - Huila, Colombia<br/>]]></description>
    <Point>
      <coordinates>-75.066,2.737,-8000</coordinates>
    </Point>
  </Placemark>
  <Placemark>
    <name>M1.1 - Santa María - Huila, Colombia</name>
    <description><![CDATA[<b>Magnitud:</b> 1.1 ML<br/><b>Profundidad:</b> 12 km<br/><b>Hora local:</b> 2014-06-13T20:13:03+00:00<br/><b>Lugar:</b> Santa María - Huila, Colombia<br/>]]></description>
    <Point>
      <coordinates>-75.712,2.962,-12000</coordinates>
    </Point>
  </Placemark>
  <Placemark>
    <name>M2.6 - Rivera - Huila, Colombia</name>
    <description><![CDATA[<b>Magnitud:</b> 2.6 ML<br/><b>Profundidad:</b> 8 km<br/><b>Hora local:</b> 2014-06-07T18:45:13+00:00<br/><b>Lugar:</b> Rivera - Huila, Colombia<br/>]]></description>
    <Point>
      <coordinates>-75.081,2.644,-8000</coordinates>
    </Point>
  </Placemark>
  <Placemark>
    <name>M1.3 - Rivera - Huila, Colombia</name>
    <description><![CDATA[<b>Magnitud:</b> 1.3 ML<br/><b>Profundidad:</b> 4 km<br/><b>Hora local:</b> 2014-06-04T19:53:41+00:00<br/><b>Lugar:</b> Rivera - Huila, Colombia<br/>]]></description>
    <Point>
      <coordinates>-75.129,2.643,-4000</coordinates>
    </Point>
  </Placemark>
  <Placemark>
    <name>M1.6 - Tello - Huila, Colombia</name>
    <description><![CDATA[<b>Magnitud:</b> 1.6 ML<br/><b>Profundidad:</b> 12 km<br/><b>Hora local:</b> 2014-05-31T19:18:49+00:00<br/><b>Lugar:</b> Tello - Huila, Colombia<br/>]]></description>
    <Point>
      <coordinates>-74.86,2.818,-12000</coordinates>
    </Point>
  </Placemark>
  <Placemark>
    <name>M1.6 - Rivera - Huila, Colombia</name>
    <description><![CDATA[<b>Magnitud:</b> 1.6 ML<br/><b>Profundidad:</b> 5 km<br/><b>Hora local:</b> 2014-05-28T03:46:51+00:00<br/><b>Lugar:</b> Rivera - Huila, Colombia<br/>]]></description>
    <Point>
      <coordinates>-75.038,2.702,-5000</coordinates>
    </Point>
  </Placemark>
  <Placemark>
    <name>M1.8 - Algeciras - Huila, Colombia</name>
    <description><![CDATA[<b>Magnitud:</b> 1.8 ML<br/><b>Profundidad:</b> 10 km<br/><b>Hora local:</b> 2014-05-28T03:06:34+00:00<br/><b>Lugar:</b> Algeciras - Huila, Colombia<br/>]]></description>
    <Point>
      <coordinates>-75.279,2.529,-10000</coordinates>
    </Point>
  </Placemark>
  <Placemark>
    <name>M2.5 - Algeciras - Huila, Colombia</name>
    <description><![CDATA[<b>Magnitud:</b> 2.5 ML<br/><b>Profundidad:</b> 4 km<br/><b>Hora local:</b> 2014-05-15T07:46:17+00:00<br/><b>Lugar:</b> Algeciras - Huila, Colombia<br/>]]></description>
    <Point>
      <coordinates>-75.243,2.511,-4000</coordinates>
    </Point>
  </Placemark>
  <Placemark>
    <name>M1.6 - Campoalegre - Huila, Colombia</name>
    <description><![CDATA[<b>Magnitud:</b> 1.6 ML<br/><b>Profundidad:</b> 22 km<br/><b>Hora local:</b> 2014-04-21T21:54:00+00:00<br/><b>Lugar:</b> Campoalegre - Huila, Colombia<br/>]]></description>
    <Point>
      <coordinates>-75.389,2.644,-22000</coordinates>
    </Point>
  </Placemark>
  <Placemark>
    <name>M2.0 - Algeciras - Huila, Colombia</name>
    <description><![CDATA[<b>Magnitud:</b> 2.0 ML<br/><b>Profundidad:</b> 4 km<br/><b>Hora local:</b> 2014-04-12T05:32:33+00:00<br/><b>Lugar:</b> Algeciras - Huila, Colombia<br/>]]></description>
    <Point>
      <coordinates>-75.202,2.571,-4000</coordinates>
    </Point>
  </Placemark>
  <Placemark>
    <name>M2.4 - Aipe - Huila, Colombia</name>
    <description><![CDATA[<b>Magnitud:</b> 2.4 ML<br/><b>Profundidad:</b> 18 km<br/><b>Hora local:</b> 2014-04-07T19:11:44+00:00<br/><b>Lugar:</b> Aipe - Huila, Colombia<br/>]]></description>
    <Point>
      <coordinates>-75.3,3.259,-18000</coordinates>
    </Point>
  </Placemark>
  <Placemark>
    <name>M1.4 - Rivera - Huila, Colombia</name>
    <description><![CDATA[<b>Magnitud:</b> 1.4 ML<br/><b>Profundidad:</b> 16 km<br/><b>Hora local:</b> 2014-04-07T06:36:15+00:00<br/><b>Lugar:</b> Rivera - Huila, Colombia<br/>]]></description>
    <Point>
      <coordinates>-75.054,2.668,-16000</coordinates>
    </Point>
  </Placemark>
  <Placemark>
    <name>M1.1 - Rivera - Huila, Colombia</name>
    <description><![CDATA[<b>Magnitud:</b> 1.1 ML<br/><b>Profundidad:</b> 4 km<br/><b>Hora local:</b> 2014-04-06T21:30:23+00:00<br/><b>Lugar:</b> Rivera - Huila, Colombia<br/>]]></description>
    <Point>
      <coordinates>-75.038,2.639,-4000</coordinates>
    </Point>
  </Placemark>
  <Placemark>
    <name>M1.3 - Rivera - Huila, Colombia</name>
    <description><![CDATA[<b>Magnitud:</b> 1.3 ML<br/><b>Profundidad:</b> 32 km<br/><b>Hora local:</b> 2014-03-14T17:51:24+00:00<br/><b>Lugar:</b> Rivera - Huila, Colombia<br/>]]></description>
    <Point>
      <coordinates>-75.002,2.748,-32000</coordinates>
    </Point>
  </Placemark>
  <Placemark>
    <name>M1.3 - Rivera - Huila, Colombia</name>
    <description><![CDATA[<b>Magnitud:</b> 1.3 ML<br/><b>Profundidad:</b> 23 km<br/><b>Hora local:</b> 2014-03-14T00:22:16+00:00<br/><b>Lugar:</b> Rivera - Huila, Colombia<br/>]]></description>
    <Point>
      <coordinates>-75.035,2.698,-23000</coordinates>
    </Point>
  </Placemark>
  <Placemark>
    <name>M1.5 - Campoalegre - Huila, Colombia</name>
    <description><![CDATA[<b>Magnitud:</b> 1.5 ML<br/><b>Profundidad:</b> 21 km<br/><b>Hora local:</b> 2014-03-13T03:58:38+00:00<br/><b>Lugar:</b> Campoalegre - Huila, Colombia<br/>]]></description>
    <Point>
      <coordinates>-75.306,2.647,-21000</coordinates>
    </Point>
  </Placemark>
  <Placemark>
    <name>M1.5 - Villavieja - Huila, Colombia</name>
    <description><![CDATA[<b>Magnitud:</b> 1.5 ML<br/><b>Profundidad:</b> 2 km<br/><b>Hora local:</b> 2014-03-04T09:30:02+00:00<br/><b>Lugar:</b> Villavieja - Huila, Colombia<br/>]]></description>
    <Point>
      <coordinates>-75.216,3.236,-2000</coordinates>
    </Point>
  </Placemark>
  <Placemark>
    <name>M2.2 - Tello - Huila, Colombia</name>
    <description><![CDATA[<b>Magnitud:</b> 2.2 ML<br/><b>Profundidad:</b> 4 km<br/><b>Hora local:</b> 2014-02-25T20:36:27+00:00<br/><b>Lugar:</b> Tello - Huila, Colombia<br/>]]></description>
    <Point>
      <coordinates>-74.852,2.84,-4000</coordinates>
    </Point>
  </Placemark>
  <Placemark>
    <name>M1.8 - Rivera - Huila, Colombia</name>
    <description><![CDATA[<b>Magnitud:</b> 1.8 ML<br/><b>Profundidad:</b> 8 km<br/><b>Hora local:</b> 2014-02-19T21:02:27+00:00<br/><b>Lugar:</b> Rivera - Huila, Colombia<br/>]]></description>
    <Point>
      <coordinates>-75.018,2.706,-8000</coordinates>
    </Point>
  </Placemark>
  <Placemark>
    <name>M1.8 - Algeciras - Huila, Colombia</name>
    <description><![CDATA[<b>Magnitud:</b> 1.8 ML<br/><b>Profundidad:</b> 10 km<br/><b>Hora local:</b> 2014-02-12T17:57:29+00:00<br/><b>Lugar:</b> Algeciras - Huila, Colombia<br/>]]></description>
    <Point>
      <coordinates>-75.364,2.489,-10000</coordinates>
    </Point>
  </Placemark>
  <Placemark>
    <name>M1.3 - Villavieja - Huila, Colombia</name>
    <description><![CDATA[<b>Magnitud:</b> 1.3 ML<br/><b>Profundidad:</b> 0 km<br/><b>Hora local:</b> 2014-02-12T04:34:30+00:00<br/><b>Lugar:</b> Villavieja - Huila, Colombia<br/>]]></description>
    <Point>
      <coordinates>-75.196,3.167,0</coordinates>
    </Point>
  </Placemark>
  <Placemark>
    <name>M2.0 - Rivera - Huila, Colombia</name>
    <description><![CDATA[<b>Magnitud:</b> 2.0 ML<br/><b>Profundidad:</b> 12 km<br/><b>Hora local:</b> 2014-02-12T00:21:20+00:00<br/><b>Lugar:</b> Rivera - Huila, Colombia<br/>]]></description>
    <Point>
      <coordinates>-75.054,2.71,-12000</coordinates>
    </Point>
  </Placemark>
  <Placemark>
    <name>M1.9 - Tello - Huila, Colombia</name>
    <description><![CDATA[<b>Magnitud:</b> 1.9 ML<br/><b>Profundidad:</b> 4 km<br/><b>Hora local:</b> 2014-01-21T04:29:27+00:00<br/><b>Lugar:</b> Tello - Huila, Colombia<br/>]]></description>
    <Point>
      <coordinates>-74.85,2.857,-4000</coordinates>
    </Point>
  </Placemark>
  <Placemark>
    <name>M2.0 - Rivera - Huila, Colombia</name>
    <description><![CDATA[<b>Magnitud:</b> 2.0 ML<br/><b>Profundidad:</b> 9 km<br/><b>Hora local:</b> 2014-01-20T23:22:03+00:00<br/><b>Lugar:</b> Rivera - Huila, Colombia<br/>]]></description>
    <Point>
      <coordinates>-75.038,2.677,-9000</coordinates>
    </Point>
  </Placemark>
  <Placemark>
    <name>M1.5 - Rivera - Huila, Colombia</name>
    <description><![CDATA[<b>Magnitud:</b> 1.5 ML<br/><b>Profundidad:</b> 78 km<br/><b>Hora local:</b> 2014-01-17T05:21:01+00:00<br/><b>Lugar:</b> Rivera - Huila, Colombia<br/>]]></description>
    <Point>
      <coordinates>-74.979,2.704,-78000</coordinates>
    </Point>
  </Placemark>
  <Placemark>
    <name>M1.6 - Planadas - Tolima, Colombia</name>
    <description><![CDATA[<b>Magnitud:</b> 1.6 ML<br/><b>Profundidad:</b> 4 km<br/><b>Hora local:</b> 2014-01-10T23:42:55+00:00<br/><b>Lugar:</b> Planadas - Tolima, Colombia<br/>]]></description>
    <Point>
      <coordinates>-75.66,3.128,-4000</coordinates>
    </Point>
  </Placemark>
  <Placemark>
    <name>M2.0 - Rivera - Huila, Colombia</name>
    <description><![CDATA[<b>Magnitud:</b> 2.0 ML<br/><b>Profundidad:</b> 4 km<br/><b>Hora local:</b> 2014-01-10T08:45:36+00:00<br/><b>Lugar:</b> Rivera - Huila, Colombia<br/>]]></description>
    <Point>
      <coordinates>-75.029,2.71,-4000</coordinates>
    </Point>
  </Placemark>
  <Placemark>
    <name>M1.4 - Rivera - Huila, Colombia</name>
    <description><![CDATA[<b>Magnitud:</b> 1.4 ML<br/><b>Profundidad:</b> 12 km<br/><b>Hora local:</b> 2013-11-30T03:51:40+00:00<br/><b>Lugar:</b> Rivera - Huila, Colombia<br/>]]></description>
    <Point>
      <coordinates>-75.008,2.699,-12000</coordinates>
    </Point>
  </Placemark>
  <Placemark>
    <name>M2.6 - Rivera - Huila, Colombia</name>
    <description><![CDATA[<b>Magnitud:</b> 2.6 ML<br/><b>Profundidad:</b> 0 km<br/><b>Hora local:</b> 2013-11-26T15:45:42+00:00<br/><b>Lugar:</b> Rivera - Huila, Colombia<br/>]]></description>
    <Point>
      <coordinates>-75.156,2.731,0</coordinates>
    </Point>
  </Placemark>
  <Placemark>
    <name>M1.8 - Rivera - Huila, Colombia</name>
    <description><![CDATA[<b>Magnitud:</b> 1.8 ML<br/><b>Profundidad:</b> 4 km<br/><b>Hora local:</b> 2013-10-28T04:31:30+00:00<br/><b>Lugar:</b> Rivera - Huila, Colombia<br/>]]></description>
    <Point>
      <coordinates>-75.058,2.683,-4000</coordinates>
    </Point>
  </Placemark>
  <Placemark>
    <name>M1.4 - Tello - Huila, Colombia</name>
    <description><![CDATA[<b>Magnitud:</b> 1.4 ML<br/><b>Profundidad:</b> 5 km<br/><b>Hora local:</b> 2013-10-28T02:01:17+00:00<br/><b>Lugar:</b> Tello - Huila, Colombia<br/>]]></description>
    <Point>
      <coordinates>-74.91,2.832,-5000</coordinates>
    </Point>
  </Placemark>
  <Placemark>
    <name>M2.1 - Rivera - Huila, Colombia</name>
    <description><![CDATA[<b>Magnitud:</b> 2.1 ML<br/><b>Profundidad:</b> 8 km<br/><b>Hora local:</b> 2013-10-23T11:17:49+00:00<br/><b>Lugar:</b> Rivera - Huila, Colombia<br/>]]></description>
    <Point>
      <coordinates>-75.007,2.717,-8000</coordinates>
    </Point>
  </Placemark>
  <Placemark>
    <name>M1.3 - Rivera - Huila, Colombia</name>
    <description><![CDATA[<b>Magnitud:</b> 1.3 ML<br/><b>Profundidad:</b> 17 km<br/><b>Hora local:</b> 2013-10-16T16:26:19+00:00<br/><b>Lugar:</b> Rivera - Huila, Colombia<br/>]]></description>
    <Point>
      <coordinates>-75.05,2.751,-17000</coordinates>
    </Point>
  </Placemark>
  <Placemark>
    <name>M1.9 - Algeciras - Huila, Colombia</name>
    <description><![CDATA[<b>Magnitud:</b> 1.9 ML<br/><b>Profundidad:</b> 18 km<br/><b>Hora local:</b> 2013-10-12T22:05:48+00:00<br/><b>Lugar:</b> Algeciras - Huila, Colombia<br/>]]></description>
    <Point>
      <coordinates>-75.328,2.547,-18000</coordinates>
    </Point>
  </Placemark>
  <Placemark>
    <name>M1.4 - Rivera - Huila, Colombia</name>
    <description><![CDATA[<b>Magnitud:</b> 1.4 ML<br/><b>Profundidad:</b> 19 km<br/><b>Hora local:</b> 2013-10-12T18:10:26+00:00<br/><b>Lugar:</b> Rivera - Huila, Colombia<br/>]]></description>
    <Point>
      <coordinates>-74.976,2.71,-19000</coordinates>
    </Point>
  </Placemark>
  <Placemark>
    <name>M1.4 - Rivera - Huila, Colombia</name>
    <description><![CDATA[<b>Magnitud:</b> 1.4 ML<br/><b>Profundidad:</b> 8 km<br/><b>Hora local:</b> 2013-10-04T22:33:53+00:00<br/><b>Lugar:</b> Rivera - Huila, Colombia<br/>]]></description>
    <Point>
      <coordinates>-75.018,2.707,-8000</coordinates>
    </Point>
  </Placemark>
  <Placemark>
    <name>M1.2 - Algeciras - Huila, Colombia</name>
    <description><![CDATA[<b>Magnitud:</b> 1.2 ML<br/><b>Profundidad:</b> 24 km<br/><b>Hora local:</b> 2013-10-02T06:48:58+00:00<br/><b>Lugar:</b> Algeciras - Huila, Colombia<br/>]]></description>
    <Point>
      <coordinates>-75.353,2.51,-24000</coordinates>
    </Point>
  </Placemark>
  <Placemark>
    <name>M1.8 - Rivera - Huila, Colombia</name>
    <description><![CDATA[<b>Magnitud:</b> 1.8 ML<br/><b>Profundidad:</b> 4 km<br/><b>Hora local:</b> 2013-09-29T04:35:25+00:00<br/><b>Lugar:</b> Rivera - Huila, Colombia<br/>]]></description>
    <Point>
      <coordinates>-75.136,2.722,-4000</coordinates>
    </Point>
  </Placemark>
  <Placemark>
    <name>M1.3 - Rivera - Huila, Colombia</name>
    <description><![CDATA[<b>Magnitud:</b> 1.3 ML<br/><b>Profundidad:</b> 32 km<br/><b>Hora local:</b> 2013-09-29T02:13:10+00:00<br/><b>Lugar:</b> Rivera - Huila, Colombia<br/>]]></description>
    <Point>
      <coordinates>-74.951,2.716,-32000</coordinates>
    </Point>
  </Placemark>
  <Placemark>
    <name>M2.0 - Algeciras - Huila, Colombia</name>
    <description><![CDATA[<b>Magnitud:</b> 2.0 ML<br/><b>Profundidad:</b> 4 km<br/><b>Hora local:</b> 2013-09-06T17:57:59+00:00<br/><b>Lugar:</b> Algeciras - Huila, Colombia<br/>]]></description>
    <Point>
      <coordinates>-75.227,2.562,-4000</coordinates>
    </Point>
  </Placemark>
  <Placemark>
    <name>M1.6 - Rivera - Huila, Colombia</name>
    <description><![CDATA[<b>Magnitud:</b> 1.6 ML<br/><b>Profundidad:</b> 1 km<br/><b>Hora local:</b> 2013-09-02T10:38:41+00:00<br/><b>Lugar:</b> Rivera - Huila, Colombia<br/>]]></description>
    <Point>
      <coordinates>-75.097,2.696,-1000</coordinates>
    </Point>
  </Placemark>
  <Placemark>
    <name>M1.9 - Algeciras - Huila, Colombia</name>
    <description><![CDATA[<b>Magnitud:</b> 1.9 ML<br/><b>Profundidad:</b> 13 km<br/><b>Hora local:</b> 2013-08-20T18:52:14+00:00<br/><b>Lugar:</b> Algeciras - Huila, Colombia<br/>]]></description>
    <Point>
      <coordinates>-75.351,2.526,-13000</coordinates>
    </Point>
  </Placemark>
  <Placemark>
    <name>M2.9 - Algeciras - Huila, Colombia</name>
    <description><![CDATA[<b>Magnitud:</b> 2.9 MW<br/><b>Profundidad:</b> 4 km<br/><b>Hora local:</b> 2013-08-16T00:40:50+00:00<br/><b>Lugar:</b> Algeciras - Huila, Colombia<br/>]]></description>
    <Point>
      <coordinates>-75.235,2.561,-4000</coordinates>
    </Point>
  </Placemark>
  <Placemark>
    <name>M1.6 - Rivera - Huila, Colombia</name>
    <description><![CDATA[<b>Magnitud:</b> 1.6 ML<br/><b>Profundidad:</b> 10 km<br/><b>Hora local:</b> 2013-07-15T01:27:40+00:00<br/><b>Lugar:</b> Rivera - Huila, Colombia<br/>]]></description>
    <Point>
      <coordinates>-75.053,2.692,-10000</coordinates>
    </Point>
  </Placemark>
  <Placemark>
    <name>M1.5 - Campoalegre - Huila, Colombia</name>
    <description><![CDATA[<b>Magnitud:</b> 1.5 ML<br/><b>Profundidad:</b> 14 km<br/><b>Hora local:</b> 2013-07-07T01:25:54+00:00<br/><b>Lugar:</b> Campoalegre - Huila, Colombia<br/>]]></description>
    <Point>
      <coordinates>-75.177,2.62,-14000</coordinates>
    </Point>
  </Placemark>
  <Placemark>
    <name>M1.6 - Rivera - Huila, Colombia</name>
    <description><![CDATA[<b>Magnitud:</b> 1.6 ML<br/><b>Profundidad:</b> 6 km<br/><b>Hora local:</b> 2013-06-20T22:32:00+00:00<br/><b>Lugar:</b> Rivera - Huila, Colombia<br/>]]></description>
    <Point>
      <coordinates>-75.028,2.711,-6000</coordinates>
    </Point>
  </Placemark>
  <Placemark>
    <name>M2.0 - Rivera - Huila, Colombia</name>
    <description><![CDATA[<b>Magnitud:</b> 2.0 ML<br/><b>Profundidad:</b> 4 km<br/><b>Hora local:</b> 2013-06-10T03:15:31+00:00<br/><b>Lugar:</b> Rivera - Huila, Colombia<br/>]]></description>
    <Point>
      <coordinates>-75.054,2.705,-4000</coordinates>
    </Point>
  </Placemark>
  <Placemark>
    <name>M3.6 - Algeciras - Huila, Colombia</name>
    <description><![CDATA[<b>Magnitud:</b> 3.6 MW<br/><b>Profundidad:</b> 4 km<br/><b>Hora local:</b> 2013-06-09T23:01:37+00:00<br/><b>Lugar:</b> Algeciras - Huila, Colombia<br/>]]></description>
    <Point>
      <coordinates>-75.395,2.505,-4000</coordinates>
    </Point>
  </Placemark>
  <Placemark>
    <name>M1.7 - Rivera - Huila, Colombia</name>
    <description><![CDATA[<b>Magnitud:</b> 1.7 ML<br/><b>Profundidad:</b> 4 km<br/><b>Hora local:</b> 2013-06-02T07:46:26+00:00<br/><b>Lugar:</b> Rivera - Huila, Colombia<br/>]]></description>
    <Point>
      <coordinates>-75.112,2.651,-4000</coordinates>
    </Point>
  </Placemark>
  <Placemark>
    <name>M1.9 - Rivera - Huila, Colombia</name>
    <description><![CDATA[<b>Magnitud:</b> 1.9 ML<br/><b>Profundidad:</b> 4 km<br/><b>Hora local:</b> 2013-05-31T09:45:27+00:00<br/><b>Lugar:</b> Rivera - Huila, Colombia<br/>]]></description>
    <Point>
      <coordinates>-74.953,2.818,-4000</coordinates>
    </Point>
  </Placemark>
  <Placemark>
    <name>M2.8 - Tello - Huila, Colombia</name>
    <description><![CDATA[<b>Magnitud:</b> 2.8 ML<br/><b>Profundidad:</b> 4 km<br/><b>Hora local:</b> 2013-05-16T18:40:05+00:00<br/><b>Lugar:</b> Tello - Huila, Colombia<br/>]]></description>
    <Point>
      <coordinates>-74.887,2.88,-4000</coordinates>
    </Point>
  </Placemark>
  <Placemark>
    <name>M1.3 - Rivera - Huila, Colombia</name>
    <description><![CDATA[<b>Magnitud:</b> 1.3 ML<br/><b>Profundidad:</b> 4 km<br/><b>Hora local:</b> 2013-05-05T00:14:43+00:00<br/><b>Lugar:</b> Rivera - Huila, Colombia<br/>]]></description>
    <Point>
      <coordinates>-75.029,2.709,-4000</coordinates>
    </Point>
  </Placemark>
  <Placemark>
    <name>M1.6 - Villavieja - Huila, Colombia</name>
    <description><![CDATA[<b>Magnitud:</b> 1.6 ML<br/><b>Profundidad:</b> 4 km<br/><b>Hora local:</b> 2013-04-26T20:48:22+00:00<br/><b>Lugar:</b> Villavieja - Huila, Colombia<br/>]]></description>
    <Point>
      <coordinates>-75.209,3.211,-4000</coordinates>
    </Point>
  </Placemark>
  <Placemark>
    <name>M1.8 - Baraya - Huila, Colombia</name>
    <description><![CDATA[<b>Magnitud:</b> 1.8 ML<br/><b>Profundidad:</b> 3 km<br/><b>Hora local:</b> 2013-04-25T22:06:08+00:00<br/><b>Lugar:</b> Baraya - Huila, Colombia<br/>]]></description>
    <Point>
      <coordinates>-74.914,3.11,-3000</coordinates>
    </Point>
  </Placemark>
  <Placemark>
    <name>M2.6 - Rivera - Huila, Colombia</name>
    <description><![CDATA[<b>Magnitud:</b> 2.6 ML<br/><b>Profundidad:</b> 0 km<br/><b>Hora local:</b> 2013-04-22T06:09:51+00:00<br/><b>Lugar:</b> Rivera - Huila, Colombia<br/>]]></description>
    <Point>
      <coordinates>-75.159,2.677,0</coordinates>
    </Point>
  </Placemark>
  <Placemark>
    <name>M1.5 - Baraya - Huila, Colombia</name>
    <description><![CDATA[<b>Magnitud:</b> 1.5 ML<br/><b>Profundidad:</b> 4 km<br/><b>Hora local:</b> 2013-04-10T06:44:47+00:00<br/><b>Lugar:</b> Baraya - Huila, Colombia<br/>]]></description>
    <Point>
      <coordinates>-74.848,2.986,-4000</coordinates>
    </Point>
  </Placemark>
  <Placemark>
    <name>M1.9 - Hobo - Huila, Colombia</name>
    <description><![CDATA[<b>Magnitud:</b> 1.9 ML<br/><b>Profundidad:</b> 19 km<br/><b>Hora local:</b> 2013-04-08T04:05:29+00:00<br/><b>Lugar:</b> Hobo - Huila, Colombia<br/>]]></description>
    <Point>
      <coordinates>-75.366,2.593,-19000</coordinates>
    </Point>
  </Placemark>
  <Placemark>
    <name>M1.7 - Rivera - Huila, Colombia</name>
    <description><![CDATA[<b>Magnitud:</b> 1.7 ML<br/><b>Profundidad:</b> 5 km<br/><b>Hora local:</b> 2013-04-06T15:01:13+00:00<br/><b>Lugar:</b> Rivera - Huila, Colombia<br/>]]></description>
    <Point>
      <coordinates>-75.143,2.666,-5000</coordinates>
    </Point>
  </Placemark>
  <Placemark>
    <name>M1.5 - Tello - Huila, Colombia</name>
    <description><![CDATA[<b>Magnitud:</b> 1.5 ML<br/><b>Profundidad:</b> 4 km<br/><b>Hora local:</b> 2013-03-31T00:01:25+00:00<br/><b>Lugar:</b> Tello - Huila, Colombia<br/>]]></description>
    <Point>
      <coordinates>-74.885,2.895,-4000</coordinates>
    </Point>
  </Placemark>
  <Placemark>
    <name>M1.4 - Yaguará - Huila, Colombia</name>
    <description><![CDATA[<b>Magnitud:</b> 1.4 ML<br/><b>Profundidad:</b> 62 km<br/><b>Hora local:</b> 2013-03-29T06:13:07+00:00<br/><b>Lugar:</b> Yaguará - Huila, Colombia<br/>]]></description>
    <Point>
      <coordinates>-75.551,2.605,-62000</coordinates>
    </Point>
  </Placemark>
  <Placemark>
    <name>M2.0 - Tello - Huila, Colombia</name>
    <description><![CDATA[<b>Magnitud:</b> 2.0 ML<br/><b>Profundidad:</b> 13 km<br/><b>Hora local:</b> 2013-03-28T16:14:52+00:00<br/><b>Lugar:</b> Tello - Huila, Colombia<br/>]]></description>
    <Point>
      <coordinates>-74.875,2.887,-13000</coordinates>
    </Point>
  </Placemark>
  <Placemark>
    <name>M1.4 - Campoalegre - Huila, Colombia</name>
    <description><![CDATA[<b>Magnitud:</b> 1.4 ML<br/><b>Profundidad:</b> 7 km<br/><b>Hora local:</b> 2013-03-22T22:15:19+00:00<br/><b>Lugar:</b> Campoalegre - Huila, Colombia<br/>]]></description>
    <Point>
      <coordinates>-75.18,2.62,-7000</coordinates>
    </Point>
  </Placemark>
  <Placemark>
    <name>M2.1 - Baraya - Huila, Colombia</name>
    <description><![CDATA[<b>Magnitud:</b> 2.1 ML<br/><b>Profundidad:</b> 0 km<br/><b>Hora local:</b> 2013-03-10T16:04:41+00:00<br/><b>Lugar:</b> Baraya - Huila, Colombia<br/>]]></description>
    <Point>
      <coordinates>-74.915,3.038,0</coordinates>
    </Point>
  </Placemark>
  <Placemark>
    <name>M1.8 - Villavieja - Huila, Colombia</name>
    <description><![CDATA[<b>Magnitud:</b> 1.8 ML<br/><b>Profundidad:</b> 9 km<br/><b>Hora local:</b> 2013-03-08T15:12:19+00:00<br/><b>Lugar:</b> Villavieja - Huila, Colombia<br/>]]></description>
    <Point>
      <coordinates>-75.223,3.222,-9000</coordinates>
    </Point>
  </Placemark>
  <Placemark>
    <name>M1.6 - Tello - Huila, Colombia</name>
    <description><![CDATA[<b>Magnitud:</b> 1.6 ML<br/><b>Profundidad:</b> 12 km<br/><b>Hora local:</b> 2013-03-08T00:18:14+00:00<br/><b>Lugar:</b> Tello - Huila, Colombia<br/>]]></description>
    <Point>
      <coordinates>-75.097,3.09,-12000</coordinates>
    </Point>
  </Placemark>
  <Placemark>
    <name>M1.6 - Rivera - Huila, Colombia</name>
    <description><![CDATA[<b>Magnitud:</b> 1.6 ML<br/><b>Profundidad:</b> 1 km<br/><b>Hora local:</b> 2013-02-20T00:59:36+00:00<br/><b>Lugar:</b> Rivera - Huila, Colombia<br/>]]></description>
    <Point>
      <coordinates>-75.036,2.772,-1000</coordinates>
    </Point>
  </Placemark>
  <Placemark>
    <name>M1.4 - Hobo - Huila, Colombia</name>
    <description><![CDATA[<b>Magnitud:</b> 1.4 ML<br/><b>Profundidad:</b> 16 km<br/><b>Hora local:</b> 2013-02-17T11:12:46+00:00<br/><b>Lugar:</b> Hobo - Huila, Colombia<br/>]]></description>
    <Point>
      <coordinates>-75.405,2.506,-16000</coordinates>
    </Point>
  </Placemark>
  <Placemark>
    <name>M1.9 - Rivera - Huila, Colombia</name>
    <description><![CDATA[<b>Magnitud:</b> 1.9 ML<br/><b>Profundidad:</b> 7 km<br/><b>Hora local:</b> 2013-02-15T21:15:26+00:00<br/><b>Lugar:</b> Rivera - Huila, Colombia<br/>]]></description>
    <Point>
      <coordinates>-75.089,2.661,-7000</coordinates>
    </Point>
  </Placemark>
  <Placemark>
    <name>M2.3 - Baraya - Huila, Colombia</name>
    <description><![CDATA[<b>Magnitud:</b> 2.3 ML<br/><b>Profundidad:</b> 4 km<br/><b>Hora local:</b> 2013-02-12T17:40:43+00:00<br/><b>Lugar:</b> Baraya - Huila, Colombia<br/>]]></description>
    <Point>
      <coordinates>-74.866,3.019,-4000</coordinates>
    </Point>
  </Placemark>
  <Placemark>
    <name>M2.0 - Tello - Huila, Colombia</name>
    <description><![CDATA[<b>Magnitud:</b> 2.0 ML<br/><b>Profundidad:</b> 0 km<br/><b>Hora local:</b> 2013-02-01T10:50:33+00:00<br/><b>Lugar:</b> Tello - Huila, Colombia<br/>]]></description>
    <Point>
      <coordinates>-74.946,2.893,0</coordinates>
    </Point>
  </Placemark>
  <Placemark>
    <name>M1.8 - Baraya - Huila, Colombia</name>
    <description><![CDATA[<b>Magnitud:</b> 1.8 ML<br/><b>Profundidad:</b> 14 km<br/><b>Hora local:</b> 2013-01-28T09:13:39+00:00<br/><b>Lugar:</b> Baraya - Huila, Colombia<br/>]]></description>
    <Point>
      <coordinates>-74.93,2.998,-14000</coordinates>
    </Point>
  </Placemark>
  <Placemark>
    <name>M1.1 - Algeciras - Huila, Colombia</name>
    <description><![CDATA[<b>Magnitud:</b> 1.1 ML<br/><b>Profundidad:</b> 4 km<br/><b>Hora local:</b> 2013-01-17T20:19:53+00:00<br/><b>Lugar:</b> Algeciras - Huila, Colombia<br/>]]></description>
    <Point>
      <coordinates>-75.377,2.497,-4000</coordinates>
    </Point>
  </Placemark>
  <Placemark>
    <name>M1.4 - Rivera - Huila, Colombia</name>
    <description><![CDATA[<b>Magnitud:</b> 1.4 ML<br/><b>Profundidad:</b> 4 km<br/><b>Hora local:</b> 2013-01-03T22:38:01+00:00<br/><b>Lugar:</b> Rivera - Huila, Colombia<br/>]]></description>
    <Point>
      <coordinates>-75.097,2.681,-4000</coordinates>
    </Point>
  </Placemark>
  <Placemark>
    <name>M1.9 - Tello - Huila, Colombia</name>
    <description><![CDATA[<b>Magnitud:</b> 1.9 ML<br/><b>Profundidad:</b> 5 km<br/><b>Hora local:</b> 2013-01-03T06:29:23+00:00<br/><b>Lugar:</b> Tello - Huila, Colombia<br/>]]></description>
    <Point>
      <coordinates>-74.905,2.849,-5000</coordinates>
    </Point>
  </Placemark>
  <Placemark>
    <name>M2.3 - Rivera - Huila, Colombia</name>
    <description><![CDATA[<b>Magnitud:</b> 2.3 ML<br/><b>Profundidad:</b> 7 km<br/><b>Hora local:</b> 2013-01-02T01:07:37+00:00<br/><b>Lugar:</b> Rivera - Huila, Colombia<br/>]]></description>
    <Point>
      <coordinates>-75.056,2.68,-7000</coordinates>
    </Point>
  </Placemark>
  <Placemark>
    <name>M2.4 - Tello - Huila, Colombia</name>
    <description><![CDATA[<b>Magnitud:</b> 2.4 ML<br/><b>Profundidad:</b> 9 km<br/><b>Hora local:</b> 2012-12-31T21:50:31+00:00<br/><b>Lugar:</b> Tello - Huila, Colombia<br/>]]></description>
    <Point>
      <coordinates>-74.863,2.855,-9000</coordinates>
    </Point>
  </Placemark>
  <Placemark>
    <name>M2.0 - Baraya - Huila, Colombia</name>
    <description><![CDATA[<b>Magnitud:</b> 2.0 ML<br/><b>Profundidad:</b> 0 km<br/><b>Hora local:</b> 2012-12-31T18:04:13+00:00<br/><b>Lugar:</b> Baraya - Huila, Colombia<br/>]]></description>
    <Point>
      <coordinates>-74.872,3.052,0</coordinates>
    </Point>
  </Placemark>
  <Placemark>
    <name>M2.0 - Algeciras - Huila, Colombia</name>
    <description><![CDATA[<b>Magnitud:</b> 2.0 ML<br/><b>Profundidad:</b> 14 km<br/><b>Hora local:</b> 2012-12-09T08:44:23+00:00<br/><b>Lugar:</b> Algeciras - Huila, Colombia<br/>]]></description>
    <Point>
      <coordinates>-75.073,2.598,-14000</coordinates>
    </Point>
  </Placemark>
  <Placemark>
    <name>M2.2 - Algeciras - Huila, Colombia</name>
    <description><![CDATA[<b>Magnitud:</b> 2.2 ML<br/><b>Profundidad:</b> 4 km<br/><b>Hora local:</b> 2012-12-01T13:11:45+00:00<br/><b>Lugar:</b> Algeciras - Huila, Colombia<br/>]]></description>
    <Point>
      <coordinates>-75.274,2.536,-4000</coordinates>
    </Point>
  </Placemark>
  <Placemark>
    <name>M4.1 - Rivera - Huila, Colombia</name>
    <description><![CDATA[<b>Magnitud:</b> 4.1 MW<br/><b>Profundidad:</b> 0 km<br/><b>Hora local:</b> 2012-11-27T23:35:08+00:00<br/><b>Lugar:</b> Rivera - Huila, Colombia<br/>]]></description>
    <Point>
      <coordinates>-75.073,2.79,0</coordinates>
    </Point>
  </Placemark>
  <Placemark>
    <name>M1.5 - Rivera - Huila, Colombia</name>
    <description><![CDATA[<b>Magnitud:</b> 1.5 ML<br/><b>Profundidad:</b> 4 km<br/><b>Hora local:</b> 2012-11-15T23:47:03+00:00<br/><b>Lugar:</b> Rivera - Huila, Colombia<br/>]]></description>
    <Point>
      <coordinates>-75.088,2.7,-4000</coordinates>
    </Point>
  </Placemark>
  <Placemark>
    <name>M1.5 - Hobo - Huila, Colombia</name>
    <description><![CDATA[<b>Magnitud:</b> 1.5 ML<br/><b>Profundidad:</b> 15 km<br/><b>Hora local:</b> 2012-11-01T04:22:00+00:00<br/><b>Lugar:</b> Hobo - Huila, Colombia<br/>]]></description>
    <Point>
      <coordinates>-75.409,2.58,-15000</coordinates>
    </Point>
  </Placemark>
  <Placemark>
    <name>M1.4 - Rivera - Huila, Colombia</name>
    <description><![CDATA[<b>Magnitud:</b> 1.4 ML<br/><b>Profundidad:</b> 4 km<br/><b>Hora local:</b> 2012-10-14T02:26:02+00:00<br/><b>Lugar:</b> Rivera - Huila, Colombia<br/>]]></description>
    <Point>
      <coordinates>-75.098,2.673,-4000</coordinates>
    </Point>
  </Placemark>
  <Placemark>
    <name>M1.4 - Algeciras - Huila, Colombia</name>
    <description><![CDATA[<b>Magnitud:</b> 1.4 ML<br/><b>Profundidad:</b> 4 km<br/><b>Hora local:</b> 2012-10-11T10:23:20+00:00<br/><b>Lugar:</b> Algeciras - Huila, Colombia<br/>]]></description>
    <Point>
      <coordinates>-75.302,2.514,-4000</coordinates>
    </Point>
  </Placemark>
  <Placemark>
    <name>M2.0 - Villavieja - Huila, Colombia</name>
    <description><![CDATA[<b>Magnitud:</b> 2.0 ML<br/><b>Profundidad:</b> 4 km<br/><b>Hora local:</b> 2012-10-01T02:37:18+00:00<br/><b>Lugar:</b> Villavieja - Huila, Colombia<br/>]]></description>
    <Point>
      <coordinates>-75.19,3.33,-4000</coordinates>
    </Point>
  </Placemark>
  <Placemark>
    <name>M2.5 - Rivera - Huila, Colombia</name>
    <description><![CDATA[<b>Magnitud:</b> 2.5 ML<br/><b>Profundidad:</b> 6 km<br/><b>Hora local:</b> 2012-09-28T06:28:36+00:00<br/><b>Lugar:</b> Rivera - Huila, Colombia<br/>]]></description>
    <Point>
      <coordinates>-75.079,2.718,-6000</coordinates>
    </Point>
  </Placemark>
  <Placemark>
    <name>M2.1 - Aipe - Huila, Colombia</name>
    <description><![CDATA[<b>Magnitud:</b> 2.1 ML<br/><b>Profundidad:</b> 22 km<br/><b>Hora local:</b> 2012-09-23T10:36:34+00:00<br/><b>Lugar:</b> Aipe - Huila, Colombia<br/>]]></description>
    <Point>
      <coordinates>-75.43,3.118,-22000</coordinates>
    </Point>
  </Placemark>
  <Placemark>
    <name>M1.5 - Rivera - Huila, Colombia</name>
    <description><![CDATA[<b>Magnitud:</b> 1.5 ML<br/><b>Profundidad:</b> 9 km<br/><b>Hora local:</b> 2012-09-18T05:20:01+00:00<br/><b>Lugar:</b> Rivera - Huila, Colombia<br/>]]></description>
    <Point>
      <coordinates>-75.074,2.697,-9000</coordinates>
    </Point>
  </Placemark>
  <Placemark>
    <name>M1.7 - Algeciras - Huila, Colombia</name>
    <description><![CDATA[<b>Magnitud:</b> 1.7 ML<br/><b>Profundidad:</b> 4 km<br/><b>Hora local:</b> 2012-09-16T15:13:47+00:00<br/><b>Lugar:</b> Algeciras - Huila, Colombia<br/>]]></description>
    <Point>
      <coordinates>-75.295,2.537,-4000</coordinates>
    </Point>
  </Placemark>
  <Placemark>
    <name>M2.1 - Rivera - Huila, Colombia</name>
    <description><![CDATA[<b>Magnitud:</b> 2.1 ML<br/><b>Profundidad:</b> 23 km<br/><b>Hora local:</b> 2012-09-12T04:27:22+00:00<br/><b>Lugar:</b> Rivera - Huila, Colombia<br/>]]></description>
    <Point>
      <coordinates>-75.06,2.786,-23000</coordinates>
    </Point>
  </Placemark>
  <Placemark>
    <name>M1.8 - Rivera - Huila, Colombia</name>
    <description><![CDATA[<b>Magnitud:</b> 1.8 ML<br/><b>Profundidad:</b> 6 km<br/><b>Hora local:</b> 2012-09-04T16:15:38+00:00<br/><b>Lugar:</b> Rivera - Huila, Colombia<br/>]]></description>
    <Point>
      <coordinates>-75.041,2.688,-6000</coordinates>
    </Point>
  </Placemark>
  <Placemark>
    <name>M1.4 - Baraya - Huila, Colombia</name>
    <description><![CDATA[<b>Magnitud:</b> 1.4 ML<br/><b>Profundidad:</b> 3 km<br/><b>Hora local:</b> 2012-09-02T17:11:37+00:00<br/><b>Lugar:</b> Baraya - Huila, Colombia<br/>]]></description>
    <Point>
      <coordinates>-74.921,2.96,-3000</coordinates>
    </Point>
  </Placemark>
  <Placemark>
    <name>M2.8 - Tello - Huila, Colombia</name>
    <description><![CDATA[<b>Magnitud:</b> 2.8 MW<br/><b>Profundidad:</b> 0 km<br/><b>Hora local:</b> 2012-08-03T16:53:13+00:00<br/><b>Lugar:</b> Tello - Huila, Colombia<br/>]]></description>
    <Point>
      <coordinates>-74.97,2.907,0</coordinates>
    </Point>
  </Placemark>
  <Placemark>
    <name>M1.3 - Baraya - Huila, Colombia</name>
    <description><![CDATA[<b>Magnitud:</b> 1.3 ML<br/><b>Profundidad:</b> 0 km<br/><b>Hora local:</b> 2012-07-28T00:49:42+00:00<br/><b>Lugar:</b> Baraya - Huila, Colombia<br/>]]></description>
    <Point>
      <coordinates>-74.879,3.037,0</coordinates>
    </Point>
  </Placemark>
  <Placemark>
    <name>M1.7 - Baraya - Huila, Colombia</name>
    <description><![CDATA[<b>Magnitud:</b> 1.7 ML<br/><b>Profundidad:</b> 6 km<br/><b>Hora local:</b> 2012-07-26T05:32:46+00:00<br/><b>Lugar:</b> Baraya - Huila, Colombia<br/>]]></description>
    <Point>
      <coordinates>-74.856,2.982,-6000</coordinates>
    </Point>
  </Placemark>
  <Placemark>
    <name>M1.8 - Baraya - Huila, Colombia</name>
    <description><![CDATA[<b>Magnitud:</b> 1.8 ML<br/><b>Profundidad:</b> 9 km<br/><b>Hora local:</b> 2012-07-25T08:08:26+00:00<br/><b>Lugar:</b> Baraya - Huila, Colombia<br/>]]></description>
    <Point>
      <coordinates>-75.003,3.117,-9000</coordinates>
    </Point>
  </Placemark>
  <Placemark>
    <name>M2.4 - Baraya - Huila, Colombia</name>
    <description><![CDATA[<b>Magnitud:</b> 2.4 ML<br/><b>Profundidad:</b> 8 km<br/><b>Hora local:</b> 2012-07-17T13:26:12+00:00<br/><b>Lugar:</b> Baraya - Huila, Colombia<br/>]]></description>
    <Point>
      <coordinates>-74.86,2.89,-8000</coordinates>
    </Point>
  </Placemark>
  <Placemark>
    <name>M2.6 - Rivera - Huila, Colombia</name>
    <description><![CDATA[<b>Magnitud:</b> 2.6 ML<br/><b>Profundidad:</b> 7 km<br/><b>Hora local:</b> 2012-07-13T09:02:15+00:00<br/><b>Lugar:</b> Rivera - Huila, Colombia<br/>]]></description>
    <Point>
      <coordinates>-75.017,2.691,-7000</coordinates>
    </Point>
  </Placemark>
  <Placemark>
    <name>M1.8 - Baraya - Huila, Colombia</name>
    <description><![CDATA[<b>Magnitud:</b> 1.8 ML<br/><b>Profundidad:</b> 10 km<br/><b>Hora local:</b> 2012-07-07T07:12:51+00:00<br/><b>Lugar:</b> Baraya - Huila, Colombia<br/>]]></description>
    <Point>
      <coordinates>-74.851,2.959,-10000</coordinates>
    </Point>
  </Placemark>
  <Placemark>
    <name>M2.2 - Rivera - Huila, Colombia</name>
    <description><![CDATA[<b>Magnitud:</b> 2.2 ML<br/><b>Profundidad:</b> 4 km<br/><b>Hora local:</b> 2012-07-05T00:07:25+00:00<br/><b>Lugar:</b> Rivera - Huila, Colombia<br/>]]></description>
    <Point>
      <coordinates>-75.078,2.667,-4000</coordinates>
    </Point>
  </Placemark>
  <Placemark>
    <name>M1.7 - Algeciras - Huila, Colombia</name>
    <description><![CDATA[<b>Magnitud:</b> 1.7 ML<br/><b>Profundidad:</b> 10 km<br/><b>Hora local:</b> 2012-07-04T01:43:05+00:00<br/><b>Lugar:</b> Algeciras - Huila, Colombia<br/>]]></description>
    <Point>
      <coordinates>-75.24,2.506,-10000</coordinates>
    </Point>
  </Placemark>
  <Placemark>
    <name>M2.0 - Rivera - Huila, Colombia</name>
    <description><![CDATA[<b>Magnitud:</b> 2.0 ML<br/><b>Profundidad:</b> 4 km<br/><b>Hora local:</b> 2012-07-01T20:16:33+00:00<br/><b>Lugar:</b> Rivera - Huila, Colombia<br/>]]></description>
    <Point>
      <coordinates>-75.042,2.742,-4000</coordinates>
    </Point>
  </Placemark>
  <Placemark>
    <name>M1.2 - Rivera - Huila, Colombia</name>
    <description><![CDATA[<b>Magnitud:</b> 1.2 ML<br/><b>Profundidad:</b> 24 km<br/><b>Hora local:</b> 2012-07-01T07:36:13+00:00<br/><b>Lugar:</b> Rivera - Huila, Colombia<br/>]]></description>
    <Point>
      <coordinates>-75.12,2.768,-24000</coordinates>
    </Point>
  </Placemark>
  <Placemark>
    <name>M1.7 - Hobo - Huila, Colombia</name>
    <description><![CDATA[<b>Magnitud:</b> 1.7 ML<br/><b>Profundidad:</b> 21 km<br/><b>Hora local:</b> 2012-06-05T07:06:04+00:00<br/><b>Lugar:</b> Hobo - Huila, Colombia<br/>]]></description>
    <Point>
      <coordinates>-75.453,2.532,-21000</coordinates>
    </Point>
  </Placemark>
  <Placemark>
    <name>M1.8 - Algeciras - Huila, Colombia</name>
    <description><![CDATA[<b>Magnitud:</b> 1.8 ML<br/><b>Profundidad:</b> 15 km<br/><b>Hora local:</b> 2012-05-23T05:56:36+00:00<br/><b>Lugar:</b> Algeciras - Huila, Colombia<br/>]]></description>
    <Point>
      <coordinates>-75.229,2.608,-15000</coordinates>
    </Point>
  </Placemark>
  <Placemark>
    <name>M2.1 - Rivera - Huila, Colombia</name>
    <description><![CDATA[<b>Magnitud:</b> 2.1 ML<br/><b>Profundidad:</b> 4 km<br/><b>Hora local:</b> 2012-05-18T07:27:45+00:00<br/><b>Lugar:</b> Rivera - Huila, Colombia<br/>]]></description>
    <Point>
      <coordinates>-75.096,2.671,-4000</coordinates>
    </Point>
  </Placemark>
  <Placemark>
    <name>M1.4 - Algeciras - Huila, Colombia</name>
    <description><![CDATA[<b>Magnitud:</b> 1.4 ML<br/><b>Profundidad:</b> 0 km<br/><b>Hora local:</b> 2012-05-18T06:54:55+00:00<br/><b>Lugar:</b> Algeciras - Huila, Colombia<br/>]]></description>
    <Point>
      <coordinates>-75.367,2.505,0</coordinates>
    </Point>
  </Placemark>
  <Placemark>
    <name>M2.2 - Rivera - Huila, Colombia</name>
    <description><![CDATA[<b>Magnitud:</b> 2.2 ML<br/><b>Profundidad:</b> 1 km<br/><b>Hora local:</b> 2012-05-08T07:20:28+00:00<br/><b>Lugar:</b> Rivera - Huila, Colombia<br/>]]></description>
    <Point>
      <coordinates>-75.058,2.731,-1000</coordinates>
    </Point>
  </Placemark>
  <Placemark>
    <name>M1.4 - Algeciras - Huila, Colombia</name>
    <description><![CDATA[<b>Magnitud:</b> 1.4 ML<br/><b>Profundidad:</b> 0 km<br/><b>Hora local:</b> 2012-05-08T04:55:23+00:00<br/><b>Lugar:</b> Algeciras - Huila, Colombia<br/>]]></description>
    <Point>
      <coordinates>-75.358,2.524,0</coordinates>
    </Point>
  </Placemark>
  <Placemark>
    <name>M1.4 - Rivera - Huila, Colombia</name>
    <description><![CDATA[<b>Magnitud:</b> 1.4 ML<br/><b>Profundidad:</b> 4 km<br/><b>Hora local:</b> 2012-05-02T23:28:22+00:00<br/><b>Lugar:</b> Rivera - Huila, Colombia<br/>]]></description>
    <Point>
      <coordinates>-74.983,2.764,-4000</coordinates>
    </Point>
  </Placemark>
  <Placemark>
    <name>M1.4 - Tello - Huila, Colombia</name>
    <description><![CDATA[<b>Magnitud:</b> 1.4 ML<br/><b>Profundidad:</b> 4 km<br/><b>Hora local:</b> 2012-04-19T03:44:43+00:00<br/><b>Lugar:</b> Tello - Huila, Colombia<br/>]]></description>
    <Point>
      <coordinates>-75.206,3.119,-4000</coordinates>
    </Point>
  </Placemark>
  <Placemark>
    <name>M1.8 - Hobo - Huila, Colombia</name>
    <description><![CDATA[<b>Magnitud:</b> 1.8 ML<br/><b>Profundidad:</b> 15 km<br/><b>Hora local:</b> 2012-04-19T03:33:15+00:00<br/><b>Lugar:</b> Hobo - Huila, Colombia<br/>]]></description>
    <Point>
      <coordinates>-75.428,2.511,-15000</coordinates>
    </Point>
  </Placemark>
  <Placemark>
    <name>M1.4 - Íquira - Huila, Colombia</name>
    <description><![CDATA[<b>Magnitud:</b> 1.4 ML<br/><b>Profundidad:</b> 11 km<br/><b>Hora local:</b> 2012-04-18T19:24:59+00:00<br/><b>Lugar:</b> Íquira - Huila, Colombia<br/>]]></description>
    <Point>
      <coordinates>-75.58,2.596,-11000</coordinates>
    </Point>
  </Placemark>
  <Placemark>
    <name>M1.8 - Aipe - Huila, Colombia</name>
    <description><![CDATA[<b>Magnitud:</b> 1.8 ML<br/><b>Profundidad:</b> 17 km<br/><b>Hora local:</b> 2012-04-15T02:43:39+00:00<br/><b>Lugar:</b> Aipe - Huila, Colombia<br/>]]></description>
    <Point>
      <coordinates>-75.277,3.237,-17000</coordinates>
    </Point>
  </Placemark>
  <Placemark>
    <name>M2.9 - Tello - Huila, Colombia</name>
    <description><![CDATA[<b>Magnitud:</b> 2.9 ML<br/><b>Profundidad:</b> 9 km<br/><b>Hora local:</b> 2012-04-11T04:52:18+00:00<br/><b>Lugar:</b> Tello - Huila, Colombia<br/>]]></description>
    <Point>
      <coordinates>-74.885,2.882,-9000</coordinates>
    </Point>
  </Placemark>
  <Placemark>
    <name>M1.5 - Rivera - Huila, Colombia</name>
    <description><![CDATA[<b>Magnitud:</b> 1.5 ML<br/><b>Profundidad:</b> 4 km<br/><b>Hora local:</b> 2012-04-04T06:13:17+00:00<br/><b>Lugar:</b> Rivera - Huila, Colombia<br/>]]></description>
    <Point>
      <coordinates>-75.134,2.662,-4000</coordinates>
    </Point>
  </Placemark>
  <Placemark>
    <name>M2.0 - Aipe - Huila, Colombia</name>
    <description><![CDATA[<b>Magnitud:</b> 2.0 ML<br/><b>Profundidad:</b> 11 km<br/><b>Hora local:</b> 2012-03-30T16:26:15+00:00<br/><b>Lugar:</b> Aipe - Huila, Colombia<br/>]]></description>
    <Point>
      <coordinates>-75.264,3.161,-11000</coordinates>
    </Point>
  </Placemark>
  <Placemark>
    <name>M1.5 - Hobo - Huila, Colombia</name>
    <description><![CDATA[<b>Magnitud:</b> 1.5 ML<br/><b>Profundidad:</b> 16 km<br/><b>Hora local:</b> 2012-03-27T10:59:32+00:00<br/><b>Lugar:</b> Hobo - Huila, Colombia<br/>]]></description>
    <Point>
      <coordinates>-75.44,2.52,-16000</coordinates>
    </Point>
  </Placemark>
  <Placemark>
    <name>M1.5 - Villavieja - Huila, Colombia</name>
    <description><![CDATA[<b>Magnitud:</b> 1.5 ML<br/><b>Profundidad:</b> 4 km<br/><b>Hora local:</b> 2012-03-26T02:02:36+00:00<br/><b>Lugar:</b> Villavieja - Huila, Colombia<br/>]]></description>
    <Point>
      <coordinates>-75.128,3.244,-4000</coordinates>
    </Point>
  </Placemark>
  <Placemark>
    <name>M2.9 - Rivera - Huila, Colombia</name>
    <description><![CDATA[<b>Magnitud:</b> 2.9 ML<br/><b>Profundidad:</b> 18 km<br/><b>Hora local:</b> 2012-03-19T07:55:37+00:00<br/><b>Lugar:</b> Rivera - Huila, Colombia<br/>]]></description>
    <Point>
      <coordinates>-75.197,2.69,-18000</coordinates>
    </Point>
  </Placemark>
  <Placemark>
    <name>M1.8 - Rivera - Huila, Colombia</name>
    <description><![CDATA[<b>Magnitud:</b> 1.8 ML<br/><b>Profundidad:</b> 4 km<br/><b>Hora local:</b> 2012-03-08T21:49:59+00:00<br/><b>Lugar:</b> Rivera - Huila, Colombia<br/>]]></description>
    <Point>
      <coordinates>-75.056,2.72,-4000</coordinates>
    </Point>
  </Placemark>
  <Placemark>
    <name>M1.9 - Rivera - Huila, Colombia</name>
    <description><![CDATA[<b>Magnitud:</b> 1.9 ML<br/><b>Profundidad:</b> 7 km<br/><b>Hora local:</b> 2012-03-08T20:21:23+00:00<br/><b>Lugar:</b> Rivera - Huila, Colombia<br/>]]></description>
    <Point>
      <coordinates>-75.04,2.732,-7000</coordinates>
    </Point>
  </Placemark>
  <Placemark>
    <name>M1.8 - Baraya - Huila, Colombia</name>
    <description><![CDATA[<b>Magnitud:</b> 1.8 ML<br/><b>Profundidad:</b> 4 km<br/><b>Hora local:</b> 2012-03-04T09:16:28+00:00<br/><b>Lugar:</b> Baraya - Huila, Colombia<br/>]]></description>
    <Point>
      <coordinates>-75.03,3.152,-4000</coordinates>
    </Point>
  </Placemark>
  <Placemark>
    <name>M2.2 - Villavieja - Huila, Colombia</name>
    <description><![CDATA[<b>Magnitud:</b> 2.2 ML<br/><b>Profundidad:</b> 5 km<br/><b>Hora local:</b> 2012-03-03T14:42:49+00:00<br/><b>Lugar:</b> Villavieja - Huila, Colombia<br/>]]></description>
    <Point>
      <coordinates>-75.199,3.267,-5000</coordinates>
    </Point>
  </Placemark>
  <Placemark>
    <name>M1.4 - Rivera - Huila, Colombia</name>
    <description><![CDATA[<b>Magnitud:</b> 1.4 ML<br/><b>Profundidad:</b> 4 km<br/><b>Hora local:</b> 2012-02-24T10:43:04+00:00<br/><b>Lugar:</b> Rivera - Huila, Colombia<br/>]]></description>
    <Point>
      <coordinates>-75.027,2.708,-4000</coordinates>
    </Point>
  </Placemark>
  <Placemark>
    <name>M2.0 - Rivera - Huila, Colombia</name>
    <description><![CDATA[<b>Magnitud:</b> 2.0 ML<br/><b>Profundidad:</b> 4 km<br/><b>Hora local:</b> 2012-02-23T19:27:38+00:00<br/><b>Lugar:</b> Rivera - Huila, Colombia<br/>]]></description>
    <Point>
      <coordinates>-75.097,2.645,-4000</coordinates>
    </Point>
  </Placemark>
  <Placemark>
    <name>M1.4 - Hobo - Huila, Colombia</name>
    <description><![CDATA[<b>Magnitud:</b> 1.4 ML<br/><b>Profundidad:</b> 5 km<br/><b>Hora local:</b> 2012-02-02T12:28:39+00:00<br/><b>Lugar:</b> Hobo - Huila, Colombia<br/>]]></description>
    <Point>
      <coordinates>-75.467,2.621,-5000</coordinates>
    </Point>
  </Placemark>
  <Placemark>
    <name>M2.2 - Rivera - Huila, Colombia</name>
    <description><![CDATA[<b>Magnitud:</b> 2.2 ML<br/><b>Profundidad:</b> 10 km<br/><b>Hora local:</b> 2012-01-23T22:41:24+00:00<br/><b>Lugar:</b> Rivera - Huila, Colombia<br/>]]></description>
    <Point>
      <coordinates>-75.134,2.638,-10000</coordinates>
    </Point>
  </Placemark>
  <Placemark>
    <name>M2.2 - Rivera - Huila, Colombia</name>
    <description><![CDATA[<b>Magnitud:</b> 2.2 ML<br/><b>Profundidad:</b> 2 km<br/><b>Hora local:</b> 2012-01-12T20:16:09+00:00<br/><b>Lugar:</b> Rivera - Huila, Colombia<br/>]]></description>
    <Point>
      <coordinates>-75.083,2.677,-2000</coordinates>
    </Point>
  </Placemark>
  <Placemark>
    <name>M1.5 - Rivera - Huila, Colombia</name>
    <description><![CDATA[<b>Magnitud:</b> 1.5 ML<br/><b>Profundidad:</b> 4 km<br/><b>Hora local:</b> 2012-01-10T18:00:39+00:00<br/><b>Lugar:</b> Rivera - Huila, Colombia<br/>]]></description>
    <Point>
      <coordinates>-75.052,2.654,-4000</coordinates>
    </Point>
  </Placemark>
  <Placemark>
    <name>M1.2 - Algeciras - Huila, Colombia</name>
    <description><![CDATA[<b>Magnitud:</b> 1.2 ML<br/><b>Profundidad:</b> 14 km<br/><b>Hora local:</b> 2012-01-06T07:04:43+00:00<br/><b>Lugar:</b> Algeciras - Huila, Colombia<br/>]]></description>
    <Point>
      <coordinates>-75.338,2.552,-14000</coordinates>
    </Point>
  </Placemark>
  <Placemark>
    <name>M2.1 - Rivera - Huila, Colombia</name>
    <description><![CDATA[<b>Magnitud:</b> 2.1 ML<br/><b>Profundidad:</b> 4 km<br/><b>Hora local:</b> 2012-01-03T19:58:06+00:00<br/><b>Lugar:</b> Rivera - Huila, Colombia<br/>]]></description>
    <Point>
      <coordinates>-75.053,2.702,-4000</coordinates>
    </Point>
  </Placemark>
  <Placemark>
    <name>M1.9 - Rivera - Huila, Colombia</name>
    <description><![CDATA[<b>Magnitud:</b> 1.9 ML<br/><b>Profundidad:</b> 4 km<br/><b>Hora local:</b> 2012-01-02T00:27:55+00:00<br/><b>Lugar:</b> Rivera - Huila, Colombia<br/>]]></description>
    <Point>
      <coordinates>-75.019,2.719,-4000</coordinates>
    </Point>
  </Placemark>
  <Placemark>
    <name>M1.4 - Hobo - Huila, Colombia</name>
    <description><![CDATA[<b>Magnitud:</b> 1.4 ML<br/><b>Profundidad:</b> 19 km<br/><b>Hora local:</b> 2011-12-30T23:31:14+00:00<br/><b>Lugar:</b> Hobo - Huila, Colombia<br/>]]></description>
    <Point>
      <coordinates>-75.52,2.567,-19000</coordinates>
    </Point>
  </Placemark>
  <Placemark>
    <name>M2.1 - Baraya - Huila, Colombia</name>
    <description><![CDATA[<b>Magnitud:</b> 2.1 ML<br/><b>Profundidad:</b> 4 km<br/><b>Hora local:</b> 2011-12-02T04:47:01+00:00<br/><b>Lugar:</b> Baraya - Huila, Colombia<br/>]]></description>
    <Point>
      <coordinates>-74.871,2.914,-4000</coordinates>
    </Point>
  </Placemark>
  <Placemark>
    <name>M2.6 - Rivera - Huila, Colombia</name>
    <description><![CDATA[<b>Magnitud:</b> 2.6 ML<br/><b>Profundidad:</b> 4 km<br/><b>Hora local:</b> 2011-12-01T15:27:23+00:00<br/><b>Lugar:</b> Rivera - Huila, Colombia<br/>]]></description>
    <Point>
      <coordinates>-75.05,2.739,-4000</coordinates>
    </Point>
  </Placemark>
  <Placemark>
    <name>M3.5 - Hobo - Huila, Colombia</name>
    <description><![CDATA[<b>Magnitud:</b> 3.5 ML<br/><b>Profundidad:</b> 0 km<br/><b>Hora local:</b> 2011-11-28T05:24:41+00:00<br/><b>Lugar:</b> Hobo - Huila, Colombia<br/>]]></description>
    <Point>
      <coordinates>-75.423,2.533,0</coordinates>
    </Point>
  </Placemark>
  <Placemark>
    <name>M2.3 - Rivera - Huila, Colombia</name>
    <description><![CDATA[<b>Magnitud:</b> 2.3 ML<br/><b>Profundidad:</b> 0 km<br/><b>Hora local:</b> 2011-11-15T21:43:34+00:00<br/><b>Lugar:</b> Rivera - Huila, Colombia<br/>]]></description>
    <Point>
      <coordinates>-75.126,2.79,0</coordinates>
    </Point>
  </Placemark>
  <Placemark>
    <name>M1.7 - Rivera - Huila, Colombia</name>
    <description><![CDATA[<b>Magnitud:</b> 1.7 ML<br/><b>Profundidad:</b> 5 km<br/><b>Hora local:</b> 2011-11-02T22:57:03+00:00<br/><b>Lugar:</b> Rivera - Huila, Colombia<br/>]]></description>
    <Point>
      <coordinates>-75.037,2.71,-5000</coordinates>
    </Point>
  </Placemark>
  <Placemark>
    <name>M2.6 - Baraya - Huila, Colombia</name>
    <description><![CDATA[<b>Magnitud:</b> 2.6 ML<br/><b>Profundidad:</b> 3 km<br/><b>Hora local:</b> 2011-11-01T00:51:46+00:00<br/><b>Lugar:</b> Baraya - Huila, Colombia<br/>]]></description>
    <Point>
      <coordinates>-74.893,2.983,-3000</coordinates>
    </Point>
  </Placemark>
  <Placemark>
    <name>M1.4 - Aipe - Huila, Colombia</name>
    <description><![CDATA[<b>Magnitud:</b> 1.4 ML<br/><b>Profundidad:</b> 0 km<br/><b>Hora local:</b> 2011-10-27T03:43:36+00:00<br/><b>Lugar:</b> Aipe - Huila, Colombia<br/>]]></description>
    <Point>
      <coordinates>-75.304,3.088,0</coordinates>
    </Point>
  </Placemark>
  <Placemark>
    <name>M2.0 - Rivera - Huila, Colombia</name>
    <description><![CDATA[<b>Magnitud:</b> 2.0 ML<br/><b>Profundidad:</b> 4 km<br/><b>Hora local:</b> 2011-10-23T08:56:24+00:00<br/><b>Lugar:</b> Rivera - Huila, Colombia<br/>]]></description>
    <Point>
      <coordinates>-75.013,2.704,-4000</coordinates>
    </Point>
  </Placemark>
  <Placemark>
    <name>M1.7 - Íquira - Huila, Colombia</name>
    <description><![CDATA[<b>Magnitud:</b> 1.7 ML<br/><b>Profundidad:</b> 17 km<br/><b>Hora local:</b> 2011-10-14T15:56:13+00:00<br/><b>Lugar:</b> Íquira - Huila, Colombia<br/>]]></description>
    <Point>
      <coordinates>-75.602,2.654,-17000</coordinates>
    </Point>
  </Placemark>
  <Placemark>
    <name>M1.5 - Hobo - Huila, Colombia</name>
    <description><![CDATA[<b>Magnitud:</b> 1.5 ML<br/><b>Profundidad:</b> 16 km<br/><b>Hora local:</b> 2011-09-25T00:53:14+00:00<br/><b>Lugar:</b> Hobo - Huila, Colombia<br/>]]></description>
    <Point>
      <coordinates>-75.376,2.576,-16000</coordinates>
    </Point>
  </Placemark>
  <Placemark>
    <name>M2.1 - Rivera - Huila, Colombia</name>
    <description><![CDATA[<b>Magnitud:</b> 2.1 ML<br/><b>Profundidad:</b> 0 km<br/><b>Hora local:</b> 2011-09-18T03:12:44+00:00<br/><b>Lugar:</b> Rivera - Huila, Colombia<br/>]]></description>
    <Point>
      <coordinates>-75.041,2.727,0</coordinates>
    </Point>
  </Placemark>
  <Placemark>
    <name>M2.1 - Rivera - Huila, Colombia</name>
    <description><![CDATA[<b>Magnitud:</b> 2.1 ML<br/><b>Profundidad:</b> 28 km<br/><b>Hora local:</b> 2011-09-07T10:40:27+00:00<br/><b>Lugar:</b> Rivera - Huila, Colombia<br/>]]></description>
    <Point>
      <coordinates>-75.097,2.73,-28000</coordinates>
    </Point>
  </Placemark>
  <Placemark>
    <name>M2.7 - Aipe - Huila, Colombia</name>
    <description><![CDATA[<b>Magnitud:</b> 2.7 ML<br/><b>Profundidad:</b> 7 km<br/><b>Hora local:</b> 2011-09-03T13:14:18+00:00<br/><b>Lugar:</b> Aipe - Huila, Colombia<br/>]]></description>
    <Point>
      <coordinates>-75.324,3.141,-7000</coordinates>
    </Point>
  </Placemark>
  <Placemark>
    <name>M2.8 - Tello - Huila, Colombia</name>
    <description><![CDATA[<b>Magnitud:</b> 2.8 ML<br/><b>Profundidad:</b> 0 km<br/><b>Hora local:</b> 2011-09-01T23:46:03+00:00<br/><b>Lugar:</b> Tello - Huila, Colombia<br/>]]></description>
    <Point>
      <coordinates>-74.965,2.979,0</coordinates>
    </Point>
  </Placemark>
  <Placemark>
    <name>M1.8 - Rivera - Huila, Colombia</name>
    <description><![CDATA[<b>Magnitud:</b> 1.8 ML<br/><b>Profundidad:</b> 5 km<br/><b>Hora local:</b> 2011-08-25T02:40:10+00:00<br/><b>Lugar:</b> Rivera - Huila, Colombia<br/>]]></description>
    <Point>
      <coordinates>-74.994,2.713,-5000</coordinates>
    </Point>
  </Placemark>
  <Placemark>
    <name>M1.9 - Rivera - Huila, Colombia</name>
    <description><![CDATA[<b>Magnitud:</b> 1.9 ML<br/><b>Profundidad:</b> 4 km<br/><b>Hora local:</b> 2011-08-14T05:56:23+00:00<br/><b>Lugar:</b> Rivera - Huila, Colombia<br/>]]></description>
    <Point>
      <coordinates>-75.031,2.68,-4000</coordinates>
    </Point>
  </Placemark>
  <Placemark>
    <name>M2.1 - Tello - Huila, Colombia</name>
    <description><![CDATA[<b>Magnitud:</b> 2.1 ML<br/><b>Profundidad:</b> 4 km<br/><b>Hora local:</b> 2011-08-11T08:42:38+00:00<br/><b>Lugar:</b> Tello - Huila, Colombia<br/>]]></description>
    <Point>
      <coordinates>-74.874,2.88,-4000</coordinates>
    </Point>
  </Placemark>
  <Placemark>
    <name>M2.1 - Rivera - Huila, Colombia</name>
    <description><![CDATA[<b>Magnitud:</b> 2.1 ML<br/><b>Profundidad:</b> 4 km<br/><b>Hora local:</b> 2011-08-10T07:00:26+00:00<br/><b>Lugar:</b> Rivera - Huila, Colombia<br/>]]></description>
    <Point>
      <coordinates>-75.148,2.627,-4000</coordinates>
    </Point>
  </Placemark>
  <Placemark>
    <name>M2.4 - Baraya - Huila, Colombia</name>
    <description><![CDATA[<b>Magnitud:</b> 2.4 ML<br/><b>Profundidad:</b> 8 km<br/><b>Hora local:</b> 2011-08-09T14:15:35+00:00<br/><b>Lugar:</b> Baraya - Huila, Colombia<br/>]]></description>
    <Point>
      <coordinates>-74.862,3.006,-8000</coordinates>
    </Point>
  </Placemark>
  <Placemark>
    <name>M1.7 - Rivera - Huila, Colombia</name>
    <description><![CDATA[<b>Magnitud:</b> 1.7 ML<br/><b>Profundidad:</b> 66 km<br/><b>Hora local:</b> 2011-08-09T04:12:14+00:00<br/><b>Lugar:</b> Rivera - Huila, Colombia<br/>]]></description>
    <Point>
      <coordinates>-74.954,2.708,-66000</coordinates>
    </Point>
  </Placemark>
  <Placemark>
    <name>M2.2 - Rivera - Huila, Colombia</name>
    <description><![CDATA[<b>Magnitud:</b> 2.2 ML<br/><b>Profundidad:</b> 4 km<br/><b>Hora local:</b> 2011-08-06T14:47:26+00:00<br/><b>Lugar:</b> Rivera - Huila, Colombia<br/>]]></description>
    <Point>
      <coordinates>-75.215,2.726,-4000</coordinates>
    </Point>
  </Placemark>
  <Placemark>
    <name>M2.1 - Rivera - Huila, Colombia</name>
    <description><![CDATA[<b>Magnitud:</b> 2.1 ML<br/><b>Profundidad:</b> 74 km<br/><b>Hora local:</b> 2011-07-29T14:44:17+00:00<br/><b>Lugar:</b> Rivera - Huila, Colombia<br/>]]></description>
    <Point>
      <coordinates>-74.937,2.675,-74000</coordinates>
    </Point>
  </Placemark>
  <Placemark>
    <name>M1.5 - Rivera - Huila, Colombia</name>
    <description><![CDATA[<b>Magnitud:</b> 1.5 ML<br/><b>Profundidad:</b> 4 km<br/><b>Hora local:</b> 2011-07-29T01:49:30+00:00<br/><b>Lugar:</b> Rivera - Huila, Colombia<br/>]]></description>
    <Point>
      <coordinates>-75.009,2.722,-4000</coordinates>
    </Point>
  </Placemark>
  <Placemark>
    <name>M2.2 - Rivera - Huila, Colombia</name>
    <description><![CDATA[<b>Magnitud:</b> 2.2 ML<br/><b>Profundidad:</b> 6 km<br/><b>Hora local:</b> 2011-07-28T03:57:14+00:00<br/><b>Lugar:</b> Rivera - Huila, Colombia<br/>]]></description>
    <Point>
      <coordinates>-75.036,2.688,-6000</coordinates>
    </Point>
  </Placemark>
  <Placemark>
    <name>M2.2 - Baraya - Huila, Colombia</name>
    <description><![CDATA[<b>Magnitud:</b> 2.2 ML<br/><b>Profundidad:</b> 7 km<br/><b>Hora local:</b> 2011-07-17T08:51:03+00:00<br/><b>Lugar:</b> Baraya - Huila, Colombia<br/>]]></description>
    <Point>
      <coordinates>-74.859,2.877,-7000</coordinates>
    </Point>
  </Placemark>
  <Placemark>
    <name>M2.2 - Baraya - Huila, Colombia</name>
    <description><![CDATA[<b>Magnitud:</b> 2.2 ML<br/><b>Profundidad:</b> 6 km<br/><b>Hora local:</b> 2011-07-10T21:18:17+00:00<br/><b>Lugar:</b> Baraya - Huila, Colombia<br/>]]></description>
    <Point>
      <coordinates>-75.009,3.033,-6000</coordinates>
    </Point>
  </Placemark>
  <Placemark>
    <name>M3.0 - Baraya - Huila, Colombia</name>
    <description><![CDATA[<b>Magnitud:</b> 3.0 ML<br/><b>Profundidad:</b> 4 km<br/><b>Hora local:</b> 2011-07-09T18:04:42+00:00<br/><b>Lugar:</b> Baraya - Huila, Colombia<br/>]]></description>
    <Point>
      <coordinates>-74.851,2.983,-4000</coordinates>
    </Point>
  </Placemark>
  <Placemark>
    <name>M2.0 - Palermo - Huila, Colombia</name>
    <description><![CDATA[<b>Magnitud:</b> 2.0 ML<br/><b>Profundidad:</b> 4 km<br/><b>Hora local:</b> 2011-07-09T04:25:06+00:00<br/><b>Lugar:</b> Palermo - Huila, Colombia<br/>]]></description>
    <Point>
      <coordinates>-75.422,2.915,-4000</coordinates>
    </Point>
  </Placemark>
  <Placemark>
    <name>M2.6 - Tello - Huila, Colombia</name>
    <description><![CDATA[<b>Magnitud:</b> 2.6 ML<br/><b>Profundidad:</b> 14 km<br/><b>Hora local:</b> 2011-07-05T13:28:29+00:00<br/><b>Lugar:</b> Tello - Huila, Colombia<br/>]]></description>
    <Point>
      <coordinates>-74.909,2.818,-14000</coordinates>
    </Point>
  </Placemark>
  <Placemark>
    <name>M1.8 - Algeciras - Huila, Colombia</name>
    <description><![CDATA[<b>Magnitud:</b> 1.8 ML<br/><b>Profundidad:</b> 4 km<br/><b>Hora local:</b> 2011-07-04T09:14:19+00:00<br/><b>Lugar:</b> Algeciras - Huila, Colombia<br/>]]></description>
    <Point>
      <coordinates>-75.329,2.56,-4000</coordinates>
    </Point>
  </Placemark>
  <Placemark>
    <name>M2.9 - Algeciras - Huila, Colombia</name>
    <description><![CDATA[<b>Magnitud:</b> 2.9 ML<br/><b>Profundidad:</b> 4 km<br/><b>Hora local:</b> 2011-07-04T07:46:10+00:00<br/><b>Lugar:</b> Algeciras - Huila, Colombia<br/>]]></description>
    <Point>
      <coordinates>-75.314,2.561,-4000</coordinates>
    </Point>
  </Placemark>
  <Placemark>
    <name>M2.2 - Rivera - Huila, Colombia</name>
    <description><![CDATA[<b>Magnitud:</b> 2.2 ML<br/><b>Profundidad:</b> 4 km<br/><b>Hora local:</b> 2011-06-30T19:06:41+00:00<br/><b>Lugar:</b> Rivera - Huila, Colombia<br/>]]></description>
    <Point>
      <coordinates>-75.054,2.702,-4000</coordinates>
    </Point>
  </Placemark>
  <Placemark>
    <name>M2.8 - Tello - Huila, Colombia</name>
    <description><![CDATA[<b>Magnitud:</b> 2.8 ML<br/><b>Profundidad:</b> 4 km<br/><b>Hora local:</b> 2011-06-30T09:28:42+00:00<br/><b>Lugar:</b> Tello - Huila, Colombia<br/>]]></description>
    <Point>
      <coordinates>-74.892,2.829,-4000</coordinates>
    </Point>
  </Placemark>
  <Placemark>
    <name>M2.5 - Tello - Huila, Colombia</name>
    <description><![CDATA[<b>Magnitud:</b> 2.5 ML<br/><b>Profundidad:</b> 4 km<br/><b>Hora local:</b> 2011-06-06T15:05:31+00:00<br/><b>Lugar:</b> Tello - Huila, Colombia<br/>]]></description>
    <Point>
      <coordinates>-75.186,3.0,-4000</coordinates>
    </Point>
  </Placemark>
  <Placemark>
    <name>M1.8 - Santa María - Huila, Colombia</name>
    <description><![CDATA[<b>Magnitud:</b> 1.8 ML<br/><b>Profundidad:</b> 4 km<br/><b>Hora local:</b> 2011-06-05T19:23:52+00:00<br/><b>Lugar:</b> Santa María - Huila, Colombia<br/>]]></description>
    <Point>
      <coordinates>-75.711,2.902,-4000</coordinates>
    </Point>
  </Placemark>
  <Placemark>
    <name>M1.8 - Tello - Huila, Colombia</name>
    <description><![CDATA[<b>Magnitud:</b> 1.8 ML<br/><b>Profundidad:</b> 4 km<br/><b>Hora local:</b> 2011-05-16T16:32:25+00:00<br/><b>Lugar:</b> Tello - Huila, Colombia<br/>]]></description>
    <Point>
      <coordinates>-74.984,2.866,-4000</coordinates>
    </Point>
  </Placemark>
  <Placemark>
    <name>M1.8 - Hobo - Huila, Colombia</name>
    <description><![CDATA[<b>Magnitud:</b> 1.8 ML<br/><b>Profundidad:</b> 23 km<br/><b>Hora local:</b> 2011-05-07T09:27:15+00:00<br/><b>Lugar:</b> Hobo - Huila, Colombia<br/>]]></description>
    <Point>
      <coordinates>-75.453,2.523,-23000</coordinates>
    </Point>
  </Placemark>
  <Placemark>
    <name>M2.3 - Rivera - Huila, Colombia</name>
    <description><![CDATA[<b>Magnitud:</b> 2.3 ML<br/><b>Profundidad:</b> 6 km<br/><b>Hora local:</b> 2011-05-05T12:42:53+00:00<br/><b>Lugar:</b> Rivera - Huila, Colombia<br/>]]></description>
    <Point>
      <coordinates>-75.11,2.715,-6000</coordinates>
    </Point>
  </Placemark>
  <Placemark>
    <name>M1.8 - Hobo - Huila, Colombia</name>
    <description><![CDATA[<b>Magnitud:</b> 1.8 ML<br/><b>Profundidad:</b> 21 km<br/><b>Hora local:</b> 2011-05-01T13:23:10+00:00<br/><b>Lugar:</b> Hobo - Huila, Colombia<br/>]]></description>
    <Point>
      <coordinates>-75.508,2.565,-21000</coordinates>
    </Point>
  </Placemark>
  <Placemark>
    <name>M1.4 - Algeciras - Huila, Colombia</name>
    <description><![CDATA[<b>Magnitud:</b> 1.4 ML<br/><b>Profundidad:</b> 4 km<br/><b>Hora local:</b> 2011-05-01T00:58:53+00:00<br/><b>Lugar:</b> Algeciras - Huila, Colombia<br/>]]></description>
    <Point>
      <coordinates>-75.387,2.51,-4000</coordinates>
    </Point>
  </Placemark>
  <Placemark>
    <name>M1.4 - Rivera - Huila, Colombia</name>
    <description><![CDATA[<b>Magnitud:</b> 1.4 ML<br/><b>Profundidad:</b> 4 km<br/><b>Hora local:</b> 2011-04-29T01:12:52+00:00<br/><b>Lugar:</b> Rivera - Huila, Colombia<br/>]]></description>
    <Point>
      <coordinates>-75.058,2.694,-4000</coordinates>
    </Point>
  </Placemark>
  <Placemark>
    <name>M2.1 - Rivera - Huila, Colombia</name>
    <description><![CDATA[<b>Magnitud:</b> 2.1 ML<br/><b>Profundidad:</b> 4 km<br/><b>Hora local:</b> 2011-04-13T01:25:24+00:00<br/><b>Lugar:</b> Rivera - Huila, Colombia<br/>]]></description>
    <Point>
      <coordinates>-75.085,2.674,-4000</coordinates>
    </Point>
  </Placemark>
  <Placemark>
    <name>M1.8 - Baraya - Huila, Colombia</name>
    <description><![CDATA[<b>Magnitud:</b> 1.8 ML<br/><b>Profundidad:</b> 0 km<br/><b>Hora local:</b> 2011-04-07T22:22:31+00:00<br/><b>Lugar:</b> Baraya - Huila, Colombia<br/>]]></description>
    <Point>
      <coordinates>-74.898,3.078,0</coordinates>
    </Point>
  </Placemark>
  <Placemark>
    <name>M2.2 - Baraya - Huila, Colombia</name>
    <description><![CDATA[<b>Magnitud:</b> 2.2 ML<br/><b>Profundidad:</b> 0 km<br/><b>Hora local:</b> 2011-04-03T12:25:09+00:00<br/><b>Lugar:</b> Baraya - Huila, Colombia<br/>]]></description>
    <Point>
      <coordinates>-75.039,3.193,0</coordinates>
    </Point>
  </Placemark>
  <Placemark>
    <name>M1.8 - Aipe - Huila, Colombia</name>
    <description><![CDATA[<b>Magnitud:</b> 1.8 ML<br/><b>Profundidad:</b> 8 km<br/><b>Hora local:</b> 2011-04-01T02:26:23+00:00<br/><b>Lugar:</b> Aipe - Huila, Colombia<br/>]]></description>
    <Point>
      <coordinates>-75.271,3.267,-8000</coordinates>
    </Point>
  </Placemark>
  <Placemark>
    <name>M2.0 - Baraya - Huila, Colombia</name>
    <description><![CDATA[<b>Magnitud:</b> 2.0 ML<br/><b>Profundidad:</b> 0 km<br/><b>Hora local:</b> 2011-03-23T21:10:18+00:00<br/><b>Lugar:</b> Baraya - Huila, Colombia<br/>]]></description>
    <Point>
      <coordinates>-74.882,2.969,0</coordinates>
    </Point>
  </Placemark>
  <Placemark>
    <name>M1.9 - Rivera - Huila, Colombia</name>
    <description><![CDATA[<b>Magnitud:</b> 1.9 ML<br/><b>Profundidad:</b> 5 km<br/><b>Hora local:</b> 2011-03-21T10:57:38+00:00<br/><b>Lugar:</b> Rivera - Huila, Colombia<br/>]]></description>
    <Point>
      <coordinates>-75.076,2.731,-5000</coordinates>
    </Point>
  </Placemark>
  <Placemark>
    <name>M1.4 - Campoalegre - Huila, Colombia</name>
    <description><![CDATA[<b>Magnitud:</b> 1.4 ML<br/><b>Profundidad:</b> 16 km<br/><b>Hora local:</b> 2011-03-18T19:23:54+00:00<br/><b>Lugar:</b> Campoalegre - Huila, Colombia<br/>]]></description>
    <Point>
      <coordinates>-75.348,2.611,-16000</coordinates>
    </Point>
  </Placemark>
  <Placemark>
    <name>M2.4 - Rivera - Huila, Colombia</name>
    <description><![CDATA[<b>Magnitud:</b> 2.4 ML<br/><b>Profundidad:</b> 4 km<br/><b>Hora local:</b> 2011-03-12T22:26:17+00:00<br/><b>Lugar:</b> Rivera - Huila, Colombia<br/>]]></description>
    <Point>
      <coordinates>-75.079,2.718,-4000</coordinates>
    </Point>
  </Placemark>
  <Placemark>
    <name>M2.2 - Baraya - Huila, Colombia</name>
    <description><![CDATA[<b>Magnitud:</b> 2.2 ML<br/><b>Profundidad:</b> 4 km<br/><b>Hora local:</b> 2011-03-08T05:56:52+00:00<br/><b>Lugar:</b> Baraya - Huila, Colombia<br/>]]></description>
    <Point>
      <coordinates>-74.901,3.019,-4000</coordinates>
    </Point>
  </Placemark>
  <Placemark>
    <name>M2.8 - Rivera - Huila, Colombia</name>
    <description><![CDATA[<b>Magnitud:</b> 2.8 ML<br/><b>Profundidad:</b> 4 km<br/><b>Hora local:</b> 2011-03-04T13:09:34+00:00<br/><b>Lugar:</b> Rivera - Huila, Colombia<br/>]]></description>
    <Point>
      <coordinates>-75.041,2.684,-4000</coordinates>
    </Point>
  </Placemark>
  <Placemark>
    <name>M1.9 - Algeciras - Huila, Colombia</name>
    <description><![CDATA[<b>Magnitud:</b> 1.9 ML<br/><b>Profundidad:</b> 48 km<br/><b>Hora local:</b> 2011-02-26T12:07:06+00:00<br/><b>Lugar:</b> Algeciras - Huila, Colombia<br/>]]></description>
    <Point>
      <coordinates>-75.332,2.489,-48000</coordinates>
    </Point>
  </Placemark>
  <Placemark>
    <name>M2.3 - Algeciras - Huila, Colombia</name>
    <description><![CDATA[<b>Magnitud:</b> 2.3 ML<br/><b>Profundidad:</b> 4 km<br/><b>Hora local:</b> 2011-02-24T13:02:39+00:00<br/><b>Lugar:</b> Algeciras - Huila, Colombia<br/>]]></description>
    <Point>
      <coordinates>-75.285,2.552,-4000</coordinates>
    </Point>
  </Placemark>
  <Placemark>
    <name>M2.0 - Aipe - Huila, Colombia</name>
    <description><![CDATA[<b>Magnitud:</b> 2.0 ML<br/><b>Profundidad:</b> 2 km<br/><b>Hora local:</b> 2011-02-21T06:03:22+00:00<br/><b>Lugar:</b> Aipe - Huila, Colombia<br/>]]></description>
    <Point>
      <coordinates>-75.274,3.114,-2000</coordinates>
    </Point>
  </Placemark>
  <Placemark>
    <name>M1.9 - Rivera - Huila, Colombia</name>
    <description><![CDATA[<b>Magnitud:</b> 1.9 ML<br/><b>Profundidad:</b> 0 km<br/><b>Hora local:</b> 2011-02-20T00:26:20+00:00<br/><b>Lugar:</b> Rivera - Huila, Colombia<br/>]]></description>
    <Point>
      <coordinates>-75.124,2.745,0</coordinates>
    </Point>
  </Placemark>
  <Placemark>
    <name>M4.2 - Rivera - Huila, Colombia</name>
    <description><![CDATA[<b>Magnitud:</b> 4.2 ML<br/><b>Profundidad:</b> 0 km<br/><b>Hora local:</b> 2011-02-08T05:02:51+00:00<br/><b>Lugar:</b> Rivera - Huila, Colombia<br/>]]></description>
    <Point>
      <coordinates>-75.147,2.753,0</coordinates>
    </Point>
  </Placemark>
  <Placemark>
    <name>M1.3 - Baraya - Huila, Colombia</name>
    <description><![CDATA[<b>Magnitud:</b> 1.3 ML<br/><b>Profundidad:</b> 0 km<br/><b>Hora local:</b> 2011-02-03T19:35:19+00:00<br/><b>Lugar:</b> Baraya - Huila, Colombia<br/>]]></description>
    <Point>
      <coordinates>-74.993,3.069,0</coordinates>
    </Point>
  </Placemark>
  <Placemark>
    <name>M1.8 - Rivera - Huila, Colombia</name>
    <description><![CDATA[<b>Magnitud:</b> 1.8 ML<br/><b>Profundidad:</b> 4 km<br/><b>Hora local:</b> 2011-02-01T06:42:21+00:00<br/><b>Lugar:</b> Rivera - Huila, Colombia<br/>]]></description>
    <Point>
      <coordinates>-75.098,2.761,-4000</coordinates>
    </Point>
  </Placemark>
  <Placemark>
    <name>M1.9 - Planadas - Tolima, Colombia</name>
    <description><![CDATA[<b>Magnitud:</b> 1.9 ML<br/><b>Profundidad:</b> 32 km<br/><b>Hora local:</b> 2011-01-24T16:31:11+00:00<br/><b>Lugar:</b> Planadas - Tolima, Colombia<br/>]]></description>
    <Point>
      <coordinates>-75.611,3.081,-32000</coordinates>
    </Point>
  </Placemark>
  <Placemark>
    <name>M1.2 - Aipe - Huila, Colombia</name>
    <description><![CDATA[<b>Magnitud:</b> 1.2 ML<br/><b>Profundidad:</b> 32 km<br/><b>Hora local:</b> 2011-01-22T21:35:40+00:00<br/><b>Lugar:</b> Aipe - Huila, Colombia<br/>]]></description>
    <Point>
      <coordinates>-75.369,3.152,-32000</coordinates>
    </Point>
  </Placemark>
  <Placemark>
    <name>M2.4 - Rivera - Huila, Colombia</name>
    <description><![CDATA[<b>Magnitud:</b> 2.4 ML<br/><b>Profundidad:</b> 4 km<br/><b>Hora local:</b> 2011-01-18T10:34:42+00:00<br/><b>Lugar:</b> Rivera - Huila, Colombia<br/>]]></description>
    <Point>
      <coordinates>-75.155,2.747,-4000</coordinates>
    </Point>
  </Placemark>
  <Placemark>
    <name>M2.5 - Baraya - Huila, Colombia</name>
    <description><![CDATA[<b>Magnitud:</b> 2.5 ML<br/><b>Profundidad:</b> 2 km<br/><b>Hora local:</b> 2011-01-17T08:00:34+00:00<br/><b>Lugar:</b> Baraya - Huila, Colombia<br/>]]></description>
    <Point>
      <coordinates>-74.861,2.966,-2000</coordinates>
    </Point>
  </Placemark>
  <Placemark>
    <name>M3.5 - Rivera - Huila, Colombia</name>
    <description><![CDATA[<b>Magnitud:</b> 3.5 ML<br/><b>Profundidad:</b> 13 km<br/><b>Hora local:</b> 2011-01-14T13:39:53+00:00<br/><b>Lugar:</b> Rivera - Huila, Colombia<br/>]]></description>
    <Point>
      <coordinates>-74.937,2.781,-13000</coordinates>
    </Point>
  </Placemark>
  <Placemark>
    <name>M2.1 - Tello - Huila, Colombia</name>
    <description><![CDATA[<b>Magnitud:</b> 2.1 ML<br/><b>Profundidad:</b> 8 km<br/><b>Hora local:</b> 2011-01-03T13:13:08+00:00<br/><b>Lugar:</b> Tello - Huila, Colombia<br/>]]></description>
    <Point>
      <coordinates>-75.191,3.031,-8000</coordinates>
    </Point>
  </Placemark>
  <Placemark>
    <name>M1.7 - Tello - Huila, Colombia</name>
    <description><![CDATA[<b>Magnitud:</b> 1.7 ML<br/><b>Profundidad:</b> 6 km<br/><b>Hora local:</b> 2010-12-18T20:14:47+00:00<br/><b>Lugar:</b> Tello - Huila, Colombia<br/>]]></description>
    <Point>
      <coordinates>-75.119,2.979,-6000</coordinates>
    </Point>
  </Placemark>
  <Placemark>
    <name>M1.5 - Baraya - Huila, Colombia</name>
    <description><![CDATA[<b>Magnitud:</b> 1.5 ML<br/><b>Profundidad:</b> 0 km<br/><b>Hora local:</b> 2010-12-12T18:47:06+00:00<br/><b>Lugar:</b> Baraya - Huila, Colombia<br/>]]></description>
    <Point>
      <coordinates>-74.879,3.012,0</coordinates>
    </Point>
  </Placemark>
  <Placemark>
    <name>M1.7 - Baraya - Huila, Colombia</name>
    <description><![CDATA[<b>Magnitud:</b> 1.7 ML<br/><b>Profundidad:</b> 4 km<br/><b>Hora local:</b> 2010-12-08T12:19:38+00:00<br/><b>Lugar:</b> Baraya - Huila, Colombia<br/>]]></description>
    <Point>
      <coordinates>-74.863,2.938,-4000</coordinates>
    </Point>
  </Placemark>
  <Placemark>
    <name>M2.7 - Algeciras - Huila, Colombia</name>
    <description><![CDATA[<b>Magnitud:</b> 2.7 ML<br/><b>Profundidad:</b> 2 km<br/><b>Hora local:</b> 2010-12-04T00:45:27+00:00<br/><b>Lugar:</b> Algeciras - Huila, Colombia<br/>]]></description>
    <Point>
      <coordinates>-75.387,2.514,-2000</coordinates>
    </Point>
  </Placemark>
  <Placemark>
    <name>M1.5 - Rivera - Huila, Colombia</name>
    <description><![CDATA[<b>Magnitud:</b> 1.5 ML<br/><b>Profundidad:</b> 6 km<br/><b>Hora local:</b> 2010-11-28T23:05:32+00:00<br/><b>Lugar:</b> Rivera - Huila, Colombia<br/>]]></description>
    <Point>
      <coordinates>-75.064,2.72,-6000</coordinates>
    </Point>
  </Placemark>
  <Placemark>
    <name>M1.9 - Rivera - Huila, Colombia</name>
    <description><![CDATA[<b>Magnitud:</b> 1.9 ML<br/><b>Profundidad:</b> 4 km<br/><b>Hora local:</b> 2010-11-27T02:46:54+00:00<br/><b>Lugar:</b> Rivera - Huila, Colombia<br/>]]></description>
    <Point>
      <coordinates>-74.967,2.774,-4000</coordinates>
    </Point>
  </Placemark>
  <Placemark>
    <name>M1.6 - Rivera - Huila, Colombia</name>
    <description><![CDATA[<b>Magnitud:</b> 1.6 ML<br/><b>Profundidad:</b> 4 km<br/><b>Hora local:</b> 2010-11-19T02:17:36+00:00<br/><b>Lugar:</b> Rivera - Huila, Colombia<br/>]]></description>
    <Point>
      <coordinates>-75.015,2.722,-4000</coordinates>
    </Point>
  </Placemark>
  <Placemark>
    <name>M1.9 - Neiva - Huila, Colombia</name>
    <description><![CDATA[<b>Magnitud:</b> 1.9 ML<br/><b>Profundidad:</b> 4 km<br/><b>Hora local:</b> 2010-11-17T22:37:19+00:00<br/><b>Lugar:</b> Neiva - Huila, Colombia<br/>]]></description>
    <Point>
      <coordinates>-75.209,2.914,-4000</coordinates>
    </Point>
  </Placemark>
  <Placemark>
    <name>M2.0 - Rivera - Huila, Colombia</name>
    <description><![CDATA[<b>Magnitud:</b> 2.0 ML<br/><b>Profundidad:</b> 4 km<br/><b>Hora local:</b> 2010-11-13T00:51:48+00:00<br/><b>Lugar:</b> Rivera - Huila, Colombia<br/>]]></description>
    <Point>
      <coordinates>-75.074,2.655,-4000</coordinates>
    </Point>
  </Placemark>
  <Placemark>
    <name>M2.7 - Baraya - Huila, Colombia</name>
    <description><![CDATA[<b>Magnitud:</b> 2.7 ML<br/><b>Profundidad:</b> 4 km<br/><b>Hora local:</b> 2010-11-12T00:02:05+00:00<br/><b>Lugar:</b> Baraya - Huila, Colombia<br/>]]></description>
    <Point>
      <coordinates>-74.897,3.065,-4000</coordinates>
    </Point>
  </Placemark>
  <Placemark>
    <name>M1.5 - Yaguará - Huila, Colombia</name>
    <description><![CDATA[<b>Magnitud:</b> 1.5 ML<br/><b>Profundidad:</b> 1 km<br/><b>Hora local:</b> 2010-11-09T02:51:55+00:00<br/><b>Lugar:</b> Yaguará - Huila, Colombia<br/>]]></description>
    <Point>
      <coordinates>-75.455,2.659,-1000</coordinates>
    </Point>
  </Placemark>
  <Placemark>
    <name>M1.3 - Rivera - Huila, Colombia</name>
    <description><![CDATA[<b>Magnitud:</b> 1.3 ML<br/><b>Profundidad:</b> 0 km<br/><b>Hora local:</b> 2010-11-05T00:49:25+00:00<br/><b>Lugar:</b> Rivera - Huila, Colombia<br/>]]></description>
    <Point>
      <coordinates>-75.044,2.76,0</coordinates>
    </Point>
  </Placemark>
  <Placemark>
    <name>M1.8 - Hobo - Huila, Colombia</name>
    <description><![CDATA[<b>Magnitud:</b> 1.8 ML<br/><b>Profundidad:</b> 3 km<br/><b>Hora local:</b> 2010-11-04T00:40:39+00:00<br/><b>Lugar:</b> Hobo - Huila, Colombia<br/>]]></description>
    <Point>
      <coordinates>-75.416,2.504,-3000</coordinates>
    </Point>
  </Placemark>
  <Placemark>
    <name>M2.1 - Rivera - Huila, Colombia</name>
    <description><![CDATA[<b>Magnitud:</b> 2.1 ML<br/><b>Profundidad:</b> 4 km<br/><b>Hora local:</b> 2010-10-28T07:14:07+00:00<br/><b>Lugar:</b> Rivera - Huila, Colombia<br/>]]></description>
    <Point>
      <coordinates>-75.071,2.698,-4000</coordinates>
    </Point>
  </Placemark>
  <Placemark>
    <name>M1.6 - Baraya - Huila, Colombia</name>
    <description><![CDATA[<b>Magnitud:</b> 1.6 ML<br/><b>Profundidad:</b> 4 km<br/><b>Hora local:</b> 2010-10-24T06:27:14+00:00<br/><b>Lugar:</b> Baraya - Huila, Colombia<br/>]]></description>
    <Point>
      <coordinates>-74.93,2.969,-4000</coordinates>
    </Point>
  </Placemark>
  <Placemark>
    <name>M1.7 - Baraya - Huila, Colombia</name>
    <description><![CDATA[<b>Magnitud:</b> 1.7 ML<br/><b>Profundidad:</b> 0 km<br/><b>Hora local:</b> 2010-10-24T03:48:13+00:00<br/><b>Lugar:</b> Baraya - Huila, Colombia<br/>]]></description>
    <Point>
      <coordinates>-74.878,3.01,0</coordinates>
    </Point>
  </Placemark>
  <Placemark>
    <name>M1.7 - Campoalegre - Huila, Colombia</name>
    <description><![CDATA[<b>Magnitud:</b> 1.7 ML<br/><b>Profundidad:</b> 0 km<br/><b>Hora local:</b> 2010-10-03T04:15:54+00:00<br/><b>Lugar:</b> Campoalegre - Huila, Colombia<br/>]]></description>
    <Point>
      <coordinates>-75.316,2.662,0</coordinates>
    </Point>
  </Placemark>
  <Placemark>
    <name>M2.1 - Baraya - Huila, Colombia</name>
    <description><![CDATA[<b>Magnitud:</b> 2.1 ML<br/><b>Profundidad:</b> 9 km<br/><b>Hora local:</b> 2010-09-29T06:46:24+00:00<br/><b>Lugar:</b> Baraya - Huila, Colombia<br/>]]></description>
    <Point>
      <coordinates>-74.858,2.874,-9000</coordinates>
    </Point>
  </Placemark>
  <Placemark>
    <name>M2.0 - Baraya - Huila, Colombia</name>
    <description><![CDATA[<b>Magnitud:</b> 2.0 ML<br/><b>Profundidad:</b> 0 km<br/><b>Hora local:</b> 2010-09-28T12:28:28+00:00<br/><b>Lugar:</b> Baraya - Huila, Colombia<br/>]]></description>
    <Point>
      <coordinates>-74.902,2.996,0</coordinates>
    </Point>
  </Placemark>
  <Placemark>
    <name>M2.2 - Baraya - Huila, Colombia</name>
    <description><![CDATA[<b>Magnitud:</b> 2.2 ML<br/><b>Profundidad:</b> 3 km<br/><b>Hora local:</b> 2010-09-15T18:09:33+00:00<br/><b>Lugar:</b> Baraya - Huila, Colombia<br/>]]></description>
    <Point>
      <coordinates>-74.905,2.936,-3000</coordinates>
    </Point>
  </Placemark>
  <Placemark>
    <name>M2.4 - Tello - Huila, Colombia</name>
    <description><![CDATA[<b>Magnitud:</b> 2.4 ML<br/><b>Profundidad:</b> 4 km<br/><b>Hora local:</b> 2010-09-10T01:08:05+00:00<br/><b>Lugar:</b> Tello - Huila, Colombia<br/>]]></description>
    <Point>
      <coordinates>-74.933,2.814,-4000</coordinates>
    </Point>
  </Placemark>
  <Placemark>
    <name>M1.1 - Rivera - Huila, Colombia</name>
    <description><![CDATA[<b>Magnitud:</b> 1.1 ML<br/><b>Profundidad:</b> 4 km<br/><b>Hora local:</b> 2010-08-31T20:03:27+00:00<br/><b>Lugar:</b> Rivera - Huila, Colombia<br/>]]></description>
    <Point>
      <coordinates>-75.023,2.7,-4000</coordinates>
    </Point>
  </Placemark>
  <Placemark>
    <name>M1.8 - Baraya - Huila, Colombia</name>
    <description><![CDATA[<b>Magnitud:</b> 1.8 ML<br/><b>Profundidad:</b> 0 km<br/><b>Hora local:</b> 2010-08-28T17:18:26+00:00<br/><b>Lugar:</b> Baraya - Huila, Colombia<br/>]]></description>
    <Point>
      <coordinates>-74.902,2.971,0</coordinates>
    </Point>
  </Placemark>
  <Placemark>
    <name>M2.5 - Rivera - Huila, Colombia</name>
    <description><![CDATA[<b>Magnitud:</b> 2.5 ML<br/><b>Profundidad:</b> 3 km<br/><b>Hora local:</b> 2010-08-21T00:45:05+00:00<br/><b>Lugar:</b> Rivera - Huila, Colombia<br/>]]></description>
    <Point>
      <coordinates>-75.033,2.735,-3000</coordinates>
    </Point>
  </Placemark>
  <Placemark>
    <name>M1.8 - Rivera - Huila, Colombia</name>
    <description><![CDATA[<b>Magnitud:</b> 1.8 ML<br/><b>Profundidad:</b> 4 km<br/><b>Hora local:</b> 2010-08-19T22:58:33+00:00<br/><b>Lugar:</b> Rivera - Huila, Colombia<br/>]]></description>
    <Point>
      <coordinates>-75.103,2.679,-4000</coordinates>
    </Point>
  </Placemark>
  <Placemark>
    <name>M1.9 - Hobo - Huila, Colombia</name>
    <description><![CDATA[<b>Magnitud:</b> 1.9 ML<br/><b>Profundidad:</b> 3 km<br/><b>Hora local:</b> 2010-08-10T23:21:26+00:00<br/><b>Lugar:</b> Hobo - Huila, Colombia<br/>]]></description>
    <Point>
      <coordinates>-75.471,2.521,-3000</coordinates>
    </Point>
  </Placemark>
  <Placemark>
    <name>M1.9 - Tello - Huila, Colombia</name>
    <description><![CDATA[<b>Magnitud:</b> 1.9 ML<br/><b>Profundidad:</b> 0 km<br/><b>Hora local:</b> 2010-08-10T07:57:37+00:00<br/><b>Lugar:</b> Tello - Huila, Colombia<br/>]]></description>
    <Point>
      <coordinates>-74.953,2.954,0</coordinates>
    </Point>
  </Placemark>
  <Placemark>
    <name>M1.3 - Baraya - Huila, Colombia</name>
    <description><![CDATA[<b>Magnitud:</b> 1.3 ML<br/><b>Profundidad:</b> 4 km<br/><b>Hora local:</b> 2010-08-02T20:49:28+00:00<br/><b>Lugar:</b> Baraya - Huila, Colombia<br/>]]></description>
    <Point>
      <coordinates>-74.873,2.958,-4000</coordinates>
    </Point>
  </Placemark>
  <Placemark>
    <name>M2.8 - Baraya - Huila, Colombia</name>
    <description><![CDATA[<b>Magnitud:</b> 2.8 ML<br/><b>Profundidad:</b> 0 km<br/><b>Hora local:</b> 2010-07-14T18:48:20+00:00<br/><b>Lugar:</b> Baraya - Huila, Colombia<br/>]]></description>
    <Point>
      <coordinates>-74.918,3.016,0</coordinates>
    </Point>
  </Placemark>
  <Placemark>
    <name>M2.9 - Rivera - Huila, Colombia</name>
    <description><![CDATA[<b>Magnitud:</b> 2.9 ML<br/><b>Profundidad:</b> 0 km<br/><b>Hora local:</b> 2010-07-11T03:16:42+00:00<br/><b>Lugar:</b> Rivera - Huila, Colombia<br/>]]></description>
    <Point>
      <coordinates>-75.125,2.795,0</coordinates>
    </Point>
  </Placemark>
  <Placemark>
    <name>M2.3 - Rivera - Huila, Colombia</name>
    <description><![CDATA[<b>Magnitud:</b> 2.3 ML<br/><b>Profundidad:</b> 1 km<br/><b>Hora local:</b> 2010-07-07T11:22:52+00:00<br/><b>Lugar:</b> Rivera - Huila, Colombia<br/>]]></description>
    <Point>
      <coordinates>-75.019,2.697,-1000</coordinates>
    </Point>
  </Placemark>
  <Placemark>
    <name>M1.9 - Villavieja - Huila, Colombia</name>
    <description><![CDATA[<b>Magnitud:</b> 1.9 ML<br/><b>Profundidad:</b> 0 km<br/><b>Hora local:</b> 2010-07-01T05:55:38+00:00<br/><b>Lugar:</b> Villavieja - Huila, Colombia<br/>]]></description>
    <Point>
      <coordinates>-75.149,3.322,0</coordinates>
    </Point>
  </Placemark>
  <Placemark>
    <name>M1.9 - Baraya - Huila, Colombia</name>
    <description><![CDATA[<b>Magnitud:</b> 1.9 ML<br/><b>Profundidad:</b> 0 km<br/><b>Hora local:</b> 2010-06-26T23:56:35+00:00<br/><b>Lugar:</b> Baraya - Huila, Colombia<br/>]]></description>
    <Point>
      <coordinates>-74.911,3.14,0</coordinates>
    </Point>
  </Placemark>
  <Placemark>
    <name>M2.0 - Rivera - Huila, Colombia</name>
    <description><![CDATA[<b>Magnitud:</b> 2.0 ML<br/><b>Profundidad:</b> 2 km<br/><b>Hora local:</b> 2010-06-26T17:23:22+00:00<br/><b>Lugar:</b> Rivera - Huila, Colombia<br/>]]></description>
    <Point>
      <coordinates>-75.084,2.731,-2000</coordinates>
    </Point>
  </Placemark>
  <Placemark>
    <name>M2.6 - Algeciras - Huila, Colombia</name>
    <description><![CDATA[<b>Magnitud:</b> 2.6 ML<br/><b>Profundidad:</b> 1 km<br/><b>Hora local:</b> 2010-06-19T22:55:27+00:00<br/><b>Lugar:</b> Algeciras - Huila, Colombia<br/>]]></description>
    <Point>
      <coordinates>-75.382,2.531,-1000</coordinates>
    </Point>
  </Placemark>
  <Placemark>
    <name>M1.8 - Aipe - Huila, Colombia</name>
    <description><![CDATA[<b>Magnitud:</b> 1.8 ML<br/><b>Profundidad:</b> 4 km<br/><b>Hora local:</b> 2010-06-18T07:05:38+00:00<br/><b>Lugar:</b> Aipe - Huila, Colombia<br/>]]></description>
    <Point>
      <coordinates>-75.233,3.262,-4000</coordinates>
    </Point>
  </Placemark>
  <Placemark>
    <name>M2.3 - Rivera - Huila, Colombia</name>
    <description><![CDATA[<b>Magnitud:</b> 2.3 ML<br/><b>Profundidad:</b> 16 km<br/><b>Hora local:</b> 2010-06-17T09:49:09+00:00<br/><b>Lugar:</b> Rivera - Huila, Colombia<br/>]]></description>
    <Point>
      <coordinates>-75.201,2.704,-16000</coordinates>
    </Point>
  </Placemark>
  <Placemark>
    <name>M1.9 - Rivera - Huila, Colombia</name>
    <description><![CDATA[<b>Magnitud:</b> 1.9 ML<br/><b>Profundidad:</b> 4 km<br/><b>Hora local:</b> 2010-06-15T20:12:33+00:00<br/><b>Lugar:</b> Rivera - Huila, Colombia<br/>]]></description>
    <Point>
      <coordinates>-75.046,2.726,-4000</coordinates>
    </Point>
  </Placemark>
  <Placemark>
    <name>M1.8 - Rivera - Huila, Colombia</name>
    <description><![CDATA[<b>Magnitud:</b> 1.8 ML<br/><b>Profundidad:</b> 23 km<br/><b>Hora local:</b> 2010-05-26T18:51:06+00:00<br/><b>Lugar:</b> Rivera - Huila, Colombia<br/>]]></description>
    <Point>
      <coordinates>-75.225,2.789,-23000</coordinates>
    </Point>
  </Placemark>
  <Placemark>
    <name>M1.6 - Baraya - Huila, Colombia</name>
    <description><![CDATA[<b>Magnitud:</b> 1.6 ML<br/><b>Profundidad:</b> 0 km<br/><b>Hora local:</b> 2010-05-24T13:06:02+00:00<br/><b>Lugar:</b> Baraya - Huila, Colombia<br/>]]></description>
    <Point>
      <coordinates>-74.891,3.052,0</coordinates>
    </Point>
  </Placemark>
  <Placemark>
    <name>M1.8 - Rivera - Huila, Colombia</name>
    <description><![CDATA[<b>Magnitud:</b> 1.8 ML<br/><b>Profundidad:</b> 0 km<br/><b>Hora local:</b> 2010-05-22T18:33:48+00:00<br/><b>Lugar:</b> Rivera - Huila, Colombia<br/>]]></description>
    <Point>
      <coordinates>-75.064,2.772,0</coordinates>
    </Point>
  </Placemark>
  <Placemark>
    <name>M2.9 - Baraya - Huila, Colombia</name>
    <description><![CDATA[<b>Magnitud:</b> 2.9 ML<br/><b>Profundidad:</b> 9 km<br/><b>Hora local:</b> 2010-05-22T03:33:38+00:00<br/><b>Lugar:</b> Baraya - Huila, Colombia<br/>]]></description>
    <Point>
      <coordinates>-74.879,2.909,-9000</coordinates>
    </Point>
  </Placemark>
  <Placemark>
    <name>M2.2 - Tello - Huila, Colombia</name>
    <description><![CDATA[<b>Magnitud:</b> 2.2 ML<br/><b>Profundidad:</b> 0 km<br/><b>Hora local:</b> 2010-05-19T02:25:13+00:00<br/><b>Lugar:</b> Tello - Huila, Colombia<br/>]]></description>
    <Point>
      <coordinates>-75.157,3.151,0</coordinates>
    </Point>
  </Placemark>
  <Placemark>
    <name>M1.7 - Baraya - Huila, Colombia</name>
    <description><![CDATA[<b>Magnitud:</b> 1.7 ML<br/><b>Profundidad:</b> 4 km<br/><b>Hora local:</b> 2010-05-13T21:42:26+00:00<br/><b>Lugar:</b> Baraya - Huila, Colombia<br/>]]></description>
    <Point>
      <coordinates>-74.885,2.944,-4000</coordinates>
    </Point>
  </Placemark>
  <Placemark>
    <name>M2.0 - Algeciras - Huila, Colombia</name>
    <description><![CDATA[<b>Magnitud:</b> 2.0 ML<br/><b>Profundidad:</b> 4 km<br/><b>Hora local:</b> 2010-05-10T17:20:08+00:00<br/><b>Lugar:</b> Algeciras - Huila, Colombia<br/>]]></description>
    <Point>
      <coordinates>-75.322,2.525,-4000</coordinates>
    </Point>
  </Placemark>
  <Placemark>
    <name>M2.6 - Rivera - Huila, Colombia</name>
    <description><![CDATA[<b>Magnitud:</b> 2.6 ML<br/><b>Profundidad:</b> 0 km<br/><b>Hora local:</b> 2010-04-30T04:18:40+00:00<br/><b>Lugar:</b> Rivera - Huila, Colombia<br/>]]></description>
    <Point>
      <coordinates>-75.098,2.683,0</coordinates>
    </Point>
  </Placemark>
  <Placemark>
    <name>M1.8 - Yaguará - Huila, Colombia</name>
    <description><![CDATA[<b>Magnitud:</b> 1.8 ML<br/><b>Profundidad:</b> 21 km<br/><b>Hora local:</b> 2010-04-26T01:04:03+00:00<br/><b>Lugar:</b> Yaguará - Huila, Colombia<br/>]]></description>
    <Point>
      <coordinates>-75.53,2.674,-21000</coordinates>
    </Point>
  </Placemark>
  <Placemark>
    <name>M2.0 - Hobo - Huila, Colombia</name>
    <description><![CDATA[<b>Magnitud:</b> 2.0 ML<br/><b>Profundidad:</b> 24 km<br/><b>Hora local:</b> 2010-04-19T21:03:45+00:00<br/><b>Lugar:</b> Hobo - Huila, Colombia<br/>]]></description>
    <Point>
      <coordinates>-75.458,2.618,-24000</coordinates>
    </Point>
  </Placemark>
  <Placemark>
    <name>M1.7 - Rivera - Huila, Colombia</name>
    <description><![CDATA[<b>Magnitud:</b> 1.7 ML<br/><b>Profundidad:</b> 4 km<br/><b>Hora local:</b> 2010-04-18T15:58:05+00:00<br/><b>Lugar:</b> Rivera - Huila, Colombia<br/>]]></description>
    <Point>
      <coordinates>-75.076,2.808,-4000</coordinates>
    </Point>
  </Placemark>
  <Placemark>
    <name>M1.8 - Rivera - Huila, Colombia</name>
    <description><![CDATA[<b>Magnitud:</b> 1.8 ML<br/><b>Profundidad:</b> 0 km<br/><b>Hora local:</b> 2010-04-13T06:12:08+00:00<br/><b>Lugar:</b> Rivera - Huila, Colombia<br/>]]></description>
    <Point>
      <coordinates>-75.105,2.747,0</coordinates>
    </Point>
  </Placemark>
  <Placemark>
    <name>M1.1 - Tello - Huila, Colombia</name>
    <description><![CDATA[<b>Magnitud:</b> 1.1 ML<br/><b>Profundidad:</b> 0 km<br/><b>Hora local:</b> 2010-02-13T01:16:48+00:00<br/><b>Lugar:</b> Tello - Huila, Colombia<br/>]]></description>
    <Point>
      <coordinates>-75.058,2.882,0</coordinates>
    </Point>
  </Placemark>
  <Placemark>
    <name>M1.5 - Baraya - Huila, Colombia</name>
    <description><![CDATA[<b>Magnitud:</b> 1.5 ML<br/><b>Profundidad:</b> 0 km<br/><b>Hora local:</b> 2010-02-12T18:52:03+00:00<br/><b>Lugar:</b> Baraya - Huila, Colombia<br/>]]></description>
    <Point>
      <coordinates>-74.921,3.006,0</coordinates>
    </Point>
  </Placemark>
  <Placemark>
    <name>M1.8 - Tello - Huila, Colombia</name>
    <description><![CDATA[<b>Magnitud:</b> 1.8 ML<br/><b>Profundidad:</b> 7 km<br/><b>Hora local:</b> 2010-02-07T19:23:14+00:00<br/><b>Lugar:</b> Tello - Huila, Colombia<br/>]]></description>
    <Point>
      <coordinates>-74.928,2.875,-7000</coordinates>
    </Point>
  </Placemark>
  <Placemark>
    <name>M1.6 - Tello - Huila, Colombia</name>
    <description><![CDATA[<b>Magnitud:</b> 1.6 ML<br/><b>Profundidad:</b> 0 km<br/><b>Hora local:</b> 2010-01-28T02:00:54+00:00<br/><b>Lugar:</b> Tello - Huila, Colombia<br/>]]></description>
    <Point>
      <coordinates>-75.006,2.955,0</coordinates>
    </Point>
  </Placemark>
  <Placemark>
    <name>M1.2 - Tello - Huila, Colombia</name>
    <description><![CDATA[<b>Magnitud:</b> 1.2 ML<br/><b>Profundidad:</b> 0 km<br/><b>Hora local:</b> 2010-01-15T07:49:14+00:00<br/><b>Lugar:</b> Tello - Huila, Colombia<br/>]]></description>
    <Point>
      <coordinates>-74.971,2.981,0</coordinates>
    </Point>
  </Placemark>
  <Placemark>
    <name>M1.7 - Baraya - Huila, Colombia</name>
    <description><![CDATA[<b>Magnitud:</b> 1.7 ML<br/><b>Profundidad:</b> 0 km<br/><b>Hora local:</b> 2010-01-10T11:20:28+00:00<br/><b>Lugar:</b> Baraya - Huila, Colombia<br/>]]></description>
    <Point>
      <coordinates>-74.898,2.996,0</coordinates>
    </Point>
  </Placemark>
  <Placemark>
    <name>M1.4 - Tello - Huila, Colombia</name>
    <description><![CDATA[<b>Magnitud:</b> 1.4 ML<br/><b>Profundidad:</b> 4 km<br/><b>Hora local:</b> 2009-12-31T05:38:47+00:00<br/><b>Lugar:</b> Tello - Huila, Colombia<br/>]]></description>
    <Point>
      <coordinates>-74.942,2.901,-4000</coordinates>
    </Point>
  </Placemark>
  <Placemark>
    <name>M1.9 - Rivera - Huila, Colombia</name>
    <description><![CDATA[<b>Magnitud:</b> 1.9 ML<br/><b>Profundidad:</b> 4 km<br/><b>Hora local:</b> 2009-12-25T03:20:14+00:00<br/><b>Lugar:</b> Rivera - Huila, Colombia<br/>]]></description>
    <Point>
      <coordinates>-75.037,2.652,-4000</coordinates>
    </Point>
  </Placemark>
  <Placemark>
    <name>M1.6 - Baraya - Huila, Colombia</name>
    <description><![CDATA[<b>Magnitud:</b> 1.6 ML<br/><b>Profundidad:</b> 4 km<br/><b>Hora local:</b> 2009-12-20T18:42:46+00:00<br/><b>Lugar:</b> Baraya - Huila, Colombia<br/>]]></description>
    <Point>
      <coordinates>-74.895,3.005,-4000</coordinates>
    </Point>
  </Placemark>
  <Placemark>
    <name>M1.4 - Yaguará - Huila, Colombia</name>
    <description><![CDATA[<b>Magnitud:</b> 1.4 ML<br/><b>Profundidad:</b> 36 km<br/><b>Hora local:</b> 2009-12-18T18:37:43+00:00<br/><b>Lugar:</b> Yaguará - Huila, Colombia<br/>]]></description>
    <Point>
      <coordinates>-75.546,2.62,-36000</coordinates>
    </Point>
  </Placemark>
  <Placemark>
    <name>M1.0 - Baraya - Huila, Colombia</name>
    <description><![CDATA[<b>Magnitud:</b> 1.0 ML<br/><b>Profundidad:</b> 6 km<br/><b>Hora local:</b> 2009-12-14T21:15:53+00:00<br/><b>Lugar:</b> Baraya - Huila, Colombia<br/>]]></description>
    <Point>
      <coordinates>-74.923,3.162,-6000</coordinates>
    </Point>
  </Placemark>
  <Placemark>
    <name>M1.7 - Rivera - Huila, Colombia</name>
    <description><![CDATA[<b>Magnitud:</b> 1.7 ML<br/><b>Profundidad:</b> 0 km<br/><b>Hora local:</b> 2009-12-08T20:36:24+00:00<br/><b>Lugar:</b> Rivera - Huila, Colombia<br/>]]></description>
    <Point>
      <coordinates>-75.111,2.71,0</coordinates>
    </Point>
  </Placemark>
  <Placemark>
    <name>M1.7 - Baraya - Huila, Colombia</name>
    <description><![CDATA[<b>Magnitud:</b> 1.7 ML<br/><b>Profundidad:</b> 0 km<br/><b>Hora local:</b> 2009-11-27T17:27:33+00:00<br/><b>Lugar:</b> Baraya - Huila, Colombia<br/>]]></description>
    <Point>
      <coordinates>-74.901,3.062,0</coordinates>
    </Point>
  </Placemark>
  <Placemark>
    <name>M1.4 - Tello - Huila, Colombia</name>
    <description><![CDATA[<b>Magnitud:</b> 1.4 ML<br/><b>Profundidad:</b> 4 km<br/><b>Hora local:</b> 2009-11-25T01:36:27+00:00<br/><b>Lugar:</b> Tello - Huila, Colombia<br/>]]></description>
    <Point>
      <coordinates>-75.138,2.93,-4000</coordinates>
    </Point>
  </Placemark>
  <Placemark>
    <name>M1.9 - Rivera - Huila, Colombia</name>
    <description><![CDATA[<b>Magnitud:</b> 1.9 ML<br/><b>Profundidad:</b> 4 km<br/><b>Hora local:</b> 2009-11-18T01:47:06+00:00<br/><b>Lugar:</b> Rivera - Huila, Colombia<br/>]]></description>
    <Point>
      <coordinates>-75.035,2.665,-4000</coordinates>
    </Point>
  </Placemark>
  <Placemark>
    <name>M1.6 - Hobo - Huila, Colombia</name>
    <description><![CDATA[<b>Magnitud:</b> 1.6 ML<br/><b>Profundidad:</b> 16 km<br/><b>Hora local:</b> 2009-11-17T13:55:56+00:00<br/><b>Lugar:</b> Hobo - Huila, Colombia<br/>]]></description>
    <Point>
      <coordinates>-75.396,2.524,-16000</coordinates>
    </Point>
  </Placemark>
  <Placemark>
    <name>M1.7 - Baraya - Huila, Colombia</name>
    <description><![CDATA[<b>Magnitud:</b> 1.7 ML<br/><b>Profundidad:</b> 0 km<br/><b>Hora local:</b> 2009-11-07T11:38:01+00:00<br/><b>Lugar:</b> Baraya - Huila, Colombia<br/>]]></description>
    <Point>
      <coordinates>-74.871,2.98,0</coordinates>
    </Point>
  </Placemark>
  <Placemark>
    <name>M1.2 - Rivera - Huila, Colombia</name>
    <description><![CDATA[<b>Magnitud:</b> 1.2 ML<br/><b>Profundidad:</b> 7 km<br/><b>Hora local:</b> 2009-11-06T17:50:03+00:00<br/><b>Lugar:</b> Rivera - Huila, Colombia<br/>]]></description>
    <Point>
      <coordinates>-75.049,2.656,-7000</coordinates>
    </Point>
  </Placemark>
  <Placemark>
    <name>M2.2 - Algeciras - Huila, Colombia</name>
    <description><![CDATA[<b>Magnitud:</b> 2.2 ML<br/><b>Profundidad:</b> 4 km<br/><b>Hora local:</b> 2009-11-04T04:21:19+00:00<br/><b>Lugar:</b> Algeciras - Huila, Colombia<br/>]]></description>
    <Point>
      <coordinates>-75.131,2.611,-4000</coordinates>
    </Point>
  </Placemark>
  <Placemark>
    <name>M1.0 - Rivera - Huila, Colombia</name>
    <description><![CDATA[<b>Magnitud:</b> 1.0 ML<br/><b>Profundidad:</b> 4 km<br/><b>Hora local:</b> 2009-10-29T23:44:40+00:00<br/><b>Lugar:</b> Rivera - Huila, Colombia<br/>]]></description>
    <Point>
      <coordinates>-74.982,2.678,-4000</coordinates>
    </Point>
  </Placemark>
  <Placemark>
    <name>M1.5 - Algeciras - Huila, Colombia</name>
    <description><![CDATA[<b>Magnitud:</b> 1.5 ML<br/><b>Profundidad:</b> 4 km<br/><b>Hora local:</b> 2009-10-27T23:21:48+00:00<br/><b>Lugar:</b> Algeciras - Huila, Colombia<br/>]]></description>
    <Point>
      <coordinates>-75.162,2.567,-4000</coordinates>
    </Point>
  </Placemark>
  <Placemark>
    <name>M3.1 - Baraya - Huila, Colombia</name>
    <description><![CDATA[<b>Magnitud:</b> 3.1 ML<br/><b>Profundidad:</b> 0 km<br/><b>Hora local:</b> 2009-10-25T06:25:27+00:00<br/><b>Lugar:</b> Baraya - Huila, Colombia<br/>]]></description>
    <Point>
      <coordinates>-74.917,3.022,0</coordinates>
    </Point>
  </Placemark>
  <Placemark>
    <name>M1.4 - Rivera - Huila, Colombia</name>
    <description><![CDATA[<b>Magnitud:</b> 1.4 ML<br/><b>Profundidad:</b> 32 km<br/><b>Hora local:</b> 2009-10-21T20:23:40+00:00<br/><b>Lugar:</b> Rivera - Huila, Colombia<br/>]]></description>
    <Point>
      <coordinates>-74.91,2.71,-32000</coordinates>
    </Point>
  </Placemark>
  <Placemark>
    <name>M2.1 - Baraya - Huila, Colombia</name>
    <description><![CDATA[<b>Magnitud:</b> 2.1 ML<br/><b>Profundidad:</b> 9 km<br/><b>Hora local:</b> 2009-10-18T07:54:50+00:00<br/><b>Lugar:</b> Baraya - Huila, Colombia<br/>]]></description>
    <Point>
      <coordinates>-74.979,3.118,-9000</coordinates>
    </Point>
  </Placemark>
  <Placemark>
    <name>M2.9 - Rivera - Huila, Colombia</name>
    <description><![CDATA[<b>Magnitud:</b> 2.9 ML<br/><b>Profundidad:</b> 11 km<br/><b>Hora local:</b> 2009-10-16T20:46:09+00:00<br/><b>Lugar:</b> Rivera - Huila, Colombia<br/>]]></description>
    <Point>
      <coordinates>-74.997,2.685,-11000</coordinates>
    </Point>
  </Placemark>
  <Placemark>
    <name>M2.6 - Aipe - Huila, Colombia</name>
    <description><![CDATA[<b>Magnitud:</b> 2.6 ML<br/><b>Profundidad:</b> 10 km<br/><b>Hora local:</b> 2009-10-14T22:58:24+00:00<br/><b>Lugar:</b> Aipe - Huila, Colombia<br/>]]></description>
    <Point>
      <coordinates>-75.256,3.181,-10000</coordinates>
    </Point>
  </Placemark>
  <Placemark>
    <name>M1.5 - Rivera - Huila, Colombia</name>
    <description><![CDATA[<b>Magnitud:</b> 1.5 ML<br/><b>Profundidad:</b> 18 km<br/><b>Hora local:</b> 2009-10-09T06:16:03+00:00<br/><b>Lugar:</b> Rivera - Huila, Colombia<br/>]]></description>
    <Point>
      <coordinates>-75.208,2.713,-18000</coordinates>
    </Point>
  </Placemark>
  <Placemark>
    <name>M3.0 - Aipe - Huila, Colombia</name>
    <description><![CDATA[<b>Magnitud:</b> 3.0 ML<br/><b>Profundidad:</b> 160 km<br/><b>Hora local:</b> 2009-10-05T07:52:54+00:00<br/><b>Lugar:</b> Aipe - Huila, Colombia<br/>]]></description>
    <Point>
      <coordinates>-75.266,3.314,-160000</coordinates>
    </Point>
  </Placemark>
  <Placemark>
    <name>M2.5 - Tello - Huila, Colombia</name>
    <description><![CDATA[<b>Magnitud:</b> 2.5 ML<br/><b>Profundidad:</b> 9 km<br/><b>Hora local:</b> 2009-10-03T19:41:33+00:00<br/><b>Lugar:</b> Tello - Huila, Colombia<br/>]]></description>
    <Point>
      <coordinates>-74.901,2.9,-9000</coordinates>
    </Point>
  </Placemark>
  <Placemark>
    <name>M2.6 - Baraya - Huila, Colombia</name>
    <description><![CDATA[<b>Magnitud:</b> 2.6 ML<br/><b>Profundidad:</b> 6 km<br/><b>Hora local:</b> 2009-10-02T01:14:53+00:00<br/><b>Lugar:</b> Baraya - Huila, Colombia<br/>]]></description>
    <Point>
      <coordinates>-74.886,3.025,-6000</coordinates>
    </Point>
  </Placemark>
  <Placemark>
    <name>M1.2 - Baraya - Huila, Colombia</name>
    <description><![CDATA[<b>Magnitud:</b> 1.2 ML<br/><b>Profundidad:</b> 2 km<br/><b>Hora local:</b> 2009-09-27T08:04:23+00:00<br/><b>Lugar:</b> Baraya - Huila, Colombia<br/>]]></description>
    <Point>
      <coordinates>-74.87,2.978,-2000</coordinates>
    </Point>
  </Placemark>
  <Placemark>
    <name>M1.5 - Algeciras - Huila, Colombia</name>
    <description><![CDATA[<b>Magnitud:</b> 1.5 ML<br/><b>Profundidad:</b> 0 km<br/><b>Hora local:</b> 2009-09-23T21:46:26+00:00<br/><b>Lugar:</b> Algeciras - Huila, Colombia<br/>]]></description>
    <Point>
      <coordinates>-75.347,2.534,0</coordinates>
    </Point>
  </Placemark>
  <Placemark>
    <name>M1.9 - Baraya - Huila, Colombia</name>
    <description><![CDATA[<b>Magnitud:</b> 1.9 ML<br/><b>Profundidad:</b> 1 km<br/><b>Hora local:</b> 2009-09-20T07:41:45+00:00<br/><b>Lugar:</b> Baraya - Huila, Colombia<br/>]]></description>
    <Point>
      <coordinates>-74.861,2.938,-1000</coordinates>
    </Point>
  </Placemark>
  <Placemark>
    <name>M1.6 - Rivera - Huila, Colombia</name>
    <description><![CDATA[<b>Magnitud:</b> 1.6 ML<br/><b>Profundidad:</b> 3 km<br/><b>Hora local:</b> 2009-09-17T20:44:50+00:00<br/><b>Lugar:</b> Rivera - Huila, Colombia<br/>]]></description>
    <Point>
      <coordinates>-75.066,2.696,-3000</coordinates>
    </Point>
  </Placemark>
  <Placemark>
    <name>M1.6 - Algeciras - Huila, Colombia</name>
    <description><![CDATA[<b>Magnitud:</b> 1.6 ML<br/><b>Profundidad:</b> 1 km<br/><b>Hora local:</b> 2009-09-16T23:23:45+00:00<br/><b>Lugar:</b> Algeciras - Huila, Colombia<br/>]]></description>
    <Point>
      <coordinates>-75.349,2.498,-1000</coordinates>
    </Point>
  </Placemark>
  <Placemark>
    <name>M1.3 - Campoalegre - Huila, Colombia</name>
    <description><![CDATA[<b>Magnitud:</b> 1.3 ML<br/><b>Profundidad:</b> 4 km<br/><b>Hora local:</b> 2009-09-15T09:05:44+00:00<br/><b>Lugar:</b> Campoalegre - Huila, Colombia<br/>]]></description>
    <Point>
      <coordinates>-75.339,2.671,-4000</coordinates>
    </Point>
  </Placemark>
  <Placemark>
    <name>M1.6 - Baraya - Huila, Colombia</name>
    <description><![CDATA[<b>Magnitud:</b> 1.6 ML<br/><b>Profundidad:</b> 10 km<br/><b>Hora local:</b> 2009-09-13T23:35:03+00:00<br/><b>Lugar:</b> Baraya - Huila, Colombia<br/>]]></description>
    <Point>
      <coordinates>-74.852,2.988,-10000</coordinates>
    </Point>
  </Placemark>
  <Placemark>
    <name>M1.5 - Algeciras - Huila, Colombia</name>
    <description><![CDATA[<b>Magnitud:</b> 1.5 ML<br/><b>Profundidad:</b> 5 km<br/><b>Hora local:</b> 2009-09-13T22:10:59+00:00<br/><b>Lugar:</b> Algeciras - Huila, Colombia<br/>]]></description>
    <Point>
      <coordinates>-75.244,2.571,-5000</coordinates>
    </Point>
  </Placemark>
  <Placemark>
    <name>M2.2 - Campoalegre - Huila, Colombia</name>
    <description><![CDATA[<b>Magnitud:</b> 2.2 ML<br/><b>Profundidad:</b> 4 km<br/><b>Hora local:</b> 2009-09-12T01:43:24+00:00<br/><b>Lugar:</b> Campoalegre - Huila, Colombia<br/>]]></description>
    <Point>
      <coordinates>-75.365,2.663,-4000</coordinates>
    </Point>
  </Placemark>
  <Placemark>
    <name>M2.6 - Baraya - Huila, Colombia</name>
    <description><![CDATA[<b>Magnitud:</b> 2.6 ML<br/><b>Profundidad:</b> 1 km<br/><b>Hora local:</b> 2009-09-06T01:16:59+00:00<br/><b>Lugar:</b> Baraya - Huila, Colombia<br/>]]></description>
    <Point>
      <coordinates>-74.945,2.967,-1000</coordinates>
    </Point>
  </Placemark>
  <Placemark>
    <name>M2.4 - Tello - Huila, Colombia</name>
    <description><![CDATA[<b>Magnitud:</b> 2.4 ML<br/><b>Profundidad:</b> 8 km<br/><b>Hora local:</b> 2009-09-05T06:37:09+00:00<br/><b>Lugar:</b> Tello - Huila, Colombia<br/>]]></description>
    <Point>
      <coordinates>-75.012,2.861,-8000</coordinates>
    </Point>
  </Placemark>
  <Placemark>
    <name>M1.6 - Baraya - Huila, Colombia</name>
    <description><![CDATA[<b>Magnitud:</b> 1.6 ML<br/><b>Profundidad:</b> 0 km<br/><b>Hora local:</b> 2009-08-23T21:34:50+00:00<br/><b>Lugar:</b> Baraya - Huila, Colombia<br/>]]></description>
    <Point>
      <coordinates>-74.933,3.027,0</coordinates>
    </Point>
  </Placemark>
  <Placemark>
    <name>M1.9 - Teruel - Huila, Colombia</name>
    <description><![CDATA[<b>Magnitud:</b> 1.9 ML<br/><b>Profundidad:</b> 8 km<br/><b>Hora local:</b> 2009-08-17T01:23:03+00:00<br/><b>Lugar:</b> Teruel - Huila, Colombia<br/>]]></description>
    <Point>
      <coordinates>-75.526,2.781,-8000</coordinates>
    </Point>
  </Placemark>
  <Placemark>
    <name>M1.9 - Campoalegre - Huila, Colombia</name>
    <description><![CDATA[<b>Magnitud:</b> 1.9 ML<br/><b>Profundidad:</b> 17 km<br/><b>Hora local:</b> 2009-08-02T10:23:44+00:00<br/><b>Lugar:</b> Campoalegre - Huila, Colombia<br/>]]></description>
    <Point>
      <coordinates>-75.271,2.655,-17000</coordinates>
    </Point>
  </Placemark>
  <Placemark>
    <name>M1.3 - Tello - Huila, Colombia</name>
    <description><![CDATA[<b>Magnitud:</b> 1.3 ML<br/><b>Profundidad:</b> 4 km<br/><b>Hora local:</b> 2009-07-29T19:40:35+00:00<br/><b>Lugar:</b> Tello - Huila, Colombia<br/>]]></description>
    <Point>
      <coordinates>-74.92,2.849,-4000</coordinates>
    </Point>
  </Placemark>
  <Placemark>
    <name>M2.2 - Rivera - Huila, Colombia</name>
    <description><![CDATA[<b>Magnitud:</b> 2.2 ML<br/><b>Profundidad:</b> 4 km<br/><b>Hora local:</b> 2009-07-20T06:57:39+00:00<br/><b>Lugar:</b> Rivera - Huila, Colombia<br/>]]></description>
    <Point>
      <coordinates>-75.09,2.671,-4000</coordinates>
    </Point>
  </Placemark>
  <Placemark>
    <name>M1.6 - Baraya - Huila, Colombia</name>
    <description><![CDATA[<b>Magnitud:</b> 1.6 ML<br/><b>Profundidad:</b> 135 km<br/><b>Hora local:</b> 2009-07-13T16:20:11+00:00<br/><b>Lugar:</b> Baraya - Huila, Colombia<br/>]]></description>
    <Point>
      <coordinates>-75.1,3.195,-135000</coordinates>
    </Point>
  </Placemark>
  <Placemark>
    <name>M1.5 - Rivera - Huila, Colombia</name>
    <description><![CDATA[<b>Magnitud:</b> 1.5 ML<br/><b>Profundidad:</b> 0 km<br/><b>Hora local:</b> 2009-07-08T07:03:14+00:00<br/><b>Lugar:</b> Rivera - Huila, Colombia<br/>]]></description>
    <Point>
      <coordinates>-75.096,2.768,0</coordinates>
    </Point>
  </Placemark>
  <Placemark>
    <name>M2.2 - Algeciras - Huila, Colombia</name>
    <description><![CDATA[<b>Magnitud:</b> 2.2 ML<br/><b>Profundidad:</b> 7 km<br/><b>Hora local:</b> 2009-06-20T16:21:07+00:00<br/><b>Lugar:</b> Algeciras - Huila, Colombia<br/>]]></description>
    <Point>
      <coordinates>-75.193,2.496,-7000</coordinates>
    </Point>
  </Placemark>
  <Placemark>
    <name>M1.4 - Baraya - Huila, Colombia</name>
    <description><![CDATA[<b>Magnitud:</b> 1.4 ML<br/><b>Profundidad:</b> 6 km<br/><b>Hora local:</b> 2009-06-16T20:34:18+00:00<br/><b>Lugar:</b> Baraya - Huila, Colombia<br/>]]></description>
    <Point>
      <coordinates>-74.866,2.888,-6000</coordinates>
    </Point>
  </Placemark>
  <Placemark>
    <name>M1.9 - Rivera - Huila, Colombia</name>
    <description><![CDATA[<b>Magnitud:</b> 1.9 ML<br/><b>Profundidad:</b> 0 km<br/><b>Hora local:</b> 2009-06-09T07:39:04+00:00<br/><b>Lugar:</b> Rivera - Huila, Colombia<br/>]]></description>
    <Point>
      <coordinates>-75.061,2.646,0</coordinates>
    </Point>
  </Placemark>
  <Placemark>
    <name>M2.7 - Villavieja - Huila, Colombia</name>
    <description><![CDATA[<b>Magnitud:</b> 2.7 ML<br/><b>Profundidad:</b> 595 km<br/><b>Hora local:</b> 2009-06-07T16:40:11+00:00<br/><b>Lugar:</b> Villavieja - Huila, Colombia<br/>]]></description>
    <Point>
      <coordinates>-75.206,3.228,-595000</coordinates>
    </Point>
  </Placemark>
  <Placemark>
    <name>M1.8 - Tello - Huila, Colombia</name>
    <description><![CDATA[<b>Magnitud:</b> 1.8 ML<br/><b>Profundidad:</b> 16 km<br/><b>Hora local:</b> 2009-06-03T15:56:00+00:00<br/><b>Lugar:</b> Tello - Huila, Colombia<br/>]]></description>
    <Point>
      <coordinates>-74.852,2.842,-16000</coordinates>
    </Point>
  </Placemark>
  <Placemark>
    <name>M2.5 - Rivera - Huila, Colombia</name>
    <description><![CDATA[<b>Magnitud:</b> 2.5 ML<br/><b>Profundidad:</b> 2 km<br/><b>Hora local:</b> 2009-05-28T04:28:12+00:00<br/><b>Lugar:</b> Rivera - Huila, Colombia<br/>]]></description>
    <Point>
      <coordinates>-75.121,2.739,-2000</coordinates>
    </Point>
  </Placemark>
  <Placemark>
    <name>M1.9 - Neiva - Huila, Colombia</name>
    <description><![CDATA[<b>Magnitud:</b> 1.9 ML<br/><b>Profundidad:</b> 14 km<br/><b>Hora local:</b> 2009-05-28T01:27:29+00:00<br/><b>Lugar:</b> Neiva - Huila, Colombia<br/>]]></description>
    <Point>
      <coordinates>-75.186,2.976,-14000</coordinates>
    </Point>
  </Placemark>
  <Placemark>
    <name>M1.6 - Baraya - Huila, Colombia</name>
    <description><![CDATA[<b>Magnitud:</b> 1.6 ML<br/><b>Profundidad:</b> 4 km<br/><b>Hora local:</b> 2009-05-25T15:23:52+00:00<br/><b>Lugar:</b> Baraya - Huila, Colombia<br/>]]></description>
    <Point>
      <coordinates>-74.888,3.01,-4000</coordinates>
    </Point>
  </Placemark>
  <Placemark>
    <name>M2.1 - Rivera - Huila, Colombia</name>
    <description><![CDATA[<b>Magnitud:</b> 2.1 ML<br/><b>Profundidad:</b> 3 km<br/><b>Hora local:</b> 2009-05-23T04:12:46+00:00<br/><b>Lugar:</b> Rivera - Huila, Colombia<br/>]]></description>
    <Point>
      <coordinates>-75.139,2.683,-3000</coordinates>
    </Point>
  </Placemark>
  <Placemark>
    <name>M2.0 - Tello - Huila, Colombia</name>
    <description><![CDATA[<b>Magnitud:</b> 2.0 ML<br/><b>Profundidad:</b> 14 km<br/><b>Hora local:</b> 2009-05-22T22:06:27+00:00<br/><b>Lugar:</b> Tello - Huila, Colombia<br/>]]></description>
    <Point>
      <coordinates>-74.876,2.876,-14000</coordinates>
    </Point>
  </Placemark>
  <Placemark>
    <name>M1.8 - Aipe - Huila, Colombia</name>
    <description><![CDATA[<b>Magnitud:</b> 1.8 ML<br/><b>Profundidad:</b> 65 km<br/><b>Hora local:</b> 2009-05-21T13:42:12+00:00<br/><b>Lugar:</b> Aipe - Huila, Colombia<br/>]]></description>
    <Point>
      <coordinates>-75.292,3.114,-65000</coordinates>
    </Point>
  </Placemark>
  <Placemark>
    <name>M1.6 - Rivera - Huila, Colombia</name>
    <description><![CDATA[<b>Magnitud:</b> 1.6 ML<br/><b>Profundidad:</b> 1 km<br/><b>Hora local:</b> 2009-05-21T02:27:45+00:00<br/><b>Lugar:</b> Rivera - Huila, Colombia<br/>]]></description>
    <Point>
      <coordinates>-75.068,2.74,-1000</coordinates>
    </Point>
  </Placemark>
  <Placemark>
    <name>M1.5 - Rivera - Huila, Colombia</name>
    <description><![CDATA[<b>Magnitud:</b> 1.5 ML<br/><b>Profundidad:</b> 0 km<br/><b>Hora local:</b> 2009-05-18T18:08:45+00:00<br/><b>Lugar:</b> Rivera - Huila, Colombia<br/>]]></description>
    <Point>
      <coordinates>-75.127,2.795,0</coordinates>
    </Point>
  </Placemark>
  <Placemark>
    <name>M2.5 - Rivera - Huila, Colombia</name>
    <description><![CDATA[<b>Magnitud:</b> 2.5 ML<br/><b>Profundidad:</b> 2 km<br/><b>Hora local:</b> 2009-05-18T18:06:53+00:00<br/><b>Lugar:</b> Rivera - Huila, Colombia<br/>]]></description>
    <Point>
      <coordinates>-75.106,2.735,-2000</coordinates>
    </Point>
  </Placemark>
  <Placemark>
    <name>M1.3 - Baraya - Huila, Colombia</name>
    <description><![CDATA[<b>Magnitud:</b> 1.3 ML<br/><b>Profundidad:</b> 2 km<br/><b>Hora local:</b> 2009-05-15T23:11:34+00:00<br/><b>Lugar:</b> Baraya - Huila, Colombia<br/>]]></description>
    <Point>
      <coordinates>-74.875,2.919,-2000</coordinates>
    </Point>
  </Placemark>
  <Placemark>
    <name>M1.7 - Baraya - Huila, Colombia</name>
    <description><![CDATA[<b>Magnitud:</b> 1.7 ML<br/><b>Profundidad:</b> 4 km<br/><b>Hora local:</b> 2009-05-12T21:43:10+00:00<br/><b>Lugar:</b> Baraya - Huila, Colombia<br/>]]></description>
    <Point>
      <coordinates>-74.957,3.165,-4000</coordinates>
    </Point>
  </Placemark>
  <Placemark>
    <name>M2.7 - Baraya - Huila, Colombia</name>
    <description><![CDATA[<b>Magnitud:</b> 2.7 ML<br/><b>Profundidad:</b> 6 km<br/><b>Hora local:</b> 2009-05-11T15:01:31+00:00<br/><b>Lugar:</b> Baraya - Huila, Colombia<br/>]]></description>
    <Point>
      <coordinates>-74.9,3.037,-6000</coordinates>
    </Point>
  </Placemark>
  <Placemark>
    <name>M2.0 - Rivera - Huila, Colombia</name>
    <description><![CDATA[<b>Magnitud:</b> 2.0 ML<br/><b>Profundidad:</b> 0 km<br/><b>Hora local:</b> 2009-05-09T17:34:48+00:00<br/><b>Lugar:</b> Rivera - Huila, Colombia<br/>]]></description>
    <Point>
      <coordinates>-75.107,2.727,0</coordinates>
    </Point>
  </Placemark>
  <Placemark>
    <name>M3.1 - Rivera - Huila, Colombia</name>
    <description><![CDATA[<b>Magnitud:</b> 3.1 ML<br/><b>Profundidad:</b> 4 km<br/><b>Hora local:</b> 2009-05-08T01:01:24+00:00<br/><b>Lugar:</b> Rivera - Huila, Colombia<br/>]]></description>
    <Point>
      <coordinates>-75.074,2.739,-4000</coordinates>
    </Point>
  </Placemark>
  <Placemark>
    <name>M1.6 - Tello - Huila, Colombia</name>
    <description><![CDATA[<b>Magnitud:</b> 1.6 ML<br/><b>Profundidad:</b> 2 km<br/><b>Hora local:</b> 2009-04-30T18:08:36+00:00<br/><b>Lugar:</b> Tello - Huila, Colombia<br/>]]></description>
    <Point>
      <coordinates>-74.855,2.857,-2000</coordinates>
    </Point>
  </Placemark>
  <Placemark>
    <name>M1.8 - Rivera - Huila, Colombia</name>
    <description><![CDATA[<b>Magnitud:</b> 1.8 ML<br/><b>Profundidad:</b> 3 km<br/><b>Hora local:</b> 2009-04-26T01:58:12+00:00<br/><b>Lugar:</b> Rivera - Huila, Colombia<br/>]]></description>
    <Point>
      <coordinates>-75.095,2.711,-3000</coordinates>
    </Point>
  </Placemark>
  <Placemark>
    <name>M1.8 - Algeciras - Huila, Colombia</name>
    <description><![CDATA[<b>Magnitud:</b> 1.8 ML<br/><b>Profundidad:</b> 2 km<br/><b>Hora local:</b> 2009-04-19T09:11:08+00:00<br/><b>Lugar:</b> Algeciras - Huila, Colombia<br/>]]></description>
    <Point>
      <coordinates>-75.314,2.54,-2000</coordinates>
    </Point>
  </Placemark>
  <Placemark>
    <name>M2.7 - Rivera - Huila, Colombia</name>
    <description><![CDATA[<b>Magnitud:</b> 2.7 ML<br/><b>Profundidad:</b> 0 km<br/><b>Hora local:</b> 2009-04-15T11:36:47+00:00<br/><b>Lugar:</b> Rivera - Huila, Colombia<br/>]]></description>
    <Point>
      <coordinates>-75.1,2.707,0</coordinates>
    </Point>
  </Placemark>
  <Placemark>
    <name>M1.9 - Aipe - Huila, Colombia</name>
    <description><![CDATA[<b>Magnitud:</b> 1.9 ML<br/><b>Profundidad:</b> 76 km<br/><b>Hora local:</b> 2009-04-04T23:39:44+00:00<br/><b>Lugar:</b> Aipe - Huila, Colombia<br/>]]></description>
    <Point>
      <coordinates>-75.294,3.25,-76000</coordinates>
    </Point>
  </Placemark>
  <Placemark>
    <name>M1.7 - Baraya - Huila, Colombia</name>
    <description><![CDATA[<b>Magnitud:</b> 1.7 ML<br/><b>Profundidad:</b> 3 km<br/><b>Hora local:</b> 2009-04-03T03:27:52+00:00<br/><b>Lugar:</b> Baraya - Huila, Colombia<br/>]]></description>
    <Point>
      <coordinates>-74.859,2.92,-3000</coordinates>
    </Point>
  </Placemark>
  <Placemark>
    <name>M1.8 - Baraya - Huila, Colombia</name>
    <description><![CDATA[<b>Magnitud:</b> 1.8 ML<br/><b>Profundidad:</b> 0 km<br/><b>Hora local:</b> 2009-03-28T15:49:05+00:00<br/><b>Lugar:</b> Baraya - Huila, Colombia<br/>]]></description>
    <Point>
      <coordinates>-74.857,2.939,0</coordinates>
    </Point>
  </Placemark>
  <Placemark>
    <name>M1.5 - Baraya - Huila, Colombia</name>
    <description><![CDATA[<b>Magnitud:</b> 1.5 ML<br/><b>Profundidad:</b> 0 km<br/><b>Hora local:</b> 2009-03-26T01:22:56+00:00<br/><b>Lugar:</b> Baraya - Huila, Colombia<br/>]]></description>
    <Point>
      <coordinates>-74.875,3.041,0</coordinates>
    </Point>
  </Placemark>
  <Placemark>
    <name>M2.1 - Algeciras - Huila, Colombia</name>
    <description><![CDATA[<b>Magnitud:</b> 2.1 ML<br/><b>Profundidad:</b> 4 km<br/><b>Hora local:</b> 2009-03-24T10:43:09+00:00<br/><b>Lugar:</b> Algeciras - Huila, Colombia<br/>]]></description>
    <Point>
      <coordinates>-75.263,2.541,-4000</coordinates>
    </Point>
  </Placemark>
  <Placemark>
    <name>M2.0 - Hobo - Huila, Colombia</name>
    <description><![CDATA[<b>Magnitud:</b> 2.0 ML<br/><b>Profundidad:</b> 0 km<br/><b>Hora local:</b> 2009-03-22T20:12:32+00:00<br/><b>Lugar:</b> Hobo - Huila, Colombia<br/>]]></description>
    <Point>
      <coordinates>-75.413,2.526,0</coordinates>
    </Point>
  </Placemark>
  <Placemark>
    <name>M1.8 - Rivera - Huila, Colombia</name>
    <description><![CDATA[<b>Magnitud:</b> 1.8 ML<br/><b>Profundidad:</b> 4 km<br/><b>Hora local:</b> 2009-03-20T15:27:27+00:00<br/><b>Lugar:</b> Rivera - Huila, Colombia<br/>]]></description>
    <Point>
      <coordinates>-75.044,2.706,-4000</coordinates>
    </Point>
  </Placemark>
  <Placemark>
    <name>M1.5 - Rivera - Huila, Colombia</name>
    <description><![CDATA[<b>Magnitud:</b> 1.5 ML<br/><b>Profundidad:</b> 5 km<br/><b>Hora local:</b> 2009-03-01T03:24:12+00:00<br/><b>Lugar:</b> Rivera - Huila, Colombia<br/>]]></description>
    <Point>
      <coordinates>-75.2,2.692,-5000</coordinates>
    </Point>
  </Placemark>
  <Placemark>
    <name>M2.9 - Rivera - Huila, Colombia</name>
    <description><![CDATA[<b>Magnitud:</b> 2.9 ML<br/><b>Profundidad:</b> 1 km<br/><b>Hora local:</b> 2009-03-01T00:10:05+00:00<br/><b>Lugar:</b> Rivera - Huila, Colombia<br/>]]></description>
    <Point>
      <coordinates>-75.133,2.781,-1000</coordinates>
    </Point>
  </Placemark>
  <Placemark>
    <name>M1.9 - Campoalegre - Huila, Colombia</name>
    <description><![CDATA[<b>Magnitud:</b> 1.9 ML<br/><b>Profundidad:</b> 30 km<br/><b>Hora local:</b> 2009-01-28T17:25:14+00:00<br/><b>Lugar:</b> Campoalegre - Huila, Colombia<br/>]]></description>
    <Point>
      <coordinates>-75.381,2.633,-30000</coordinates>
    </Point>
  </Placemark>
  <Placemark>
    <name>M2.3 - Algeciras - Huila, Colombia</name>
    <description><![CDATA[<b>Magnitud:</b> 2.3 ML<br/><b>Profundidad:</b> 0 km<br/><b>Hora local:</b> 2009-01-11T20:19:32+00:00<br/><b>Lugar:</b> Algeciras - Huila, Colombia<br/>]]></description>
    <Point>
      <coordinates>-75.303,2.581,0</coordinates>
    </Point>
  </Placemark>
  <Placemark>
    <name>M2.0 - Rivera - Huila, Colombia</name>
    <description><![CDATA[<b>Magnitud:</b> 2.0 ML<br/><b>Profundidad:</b> 57 km<br/><b>Hora local:</b> 2009-01-07T19:56:24+00:00<br/><b>Lugar:</b> Rivera - Huila, Colombia<br/>]]></description>
    <Point>
      <coordinates>-74.889,2.743,-57000</coordinates>
    </Point>
  </Placemark>
  <Placemark>
    <name>M3.6 - Baraya - Huila, Colombia</name>
    <description><![CDATA[<b>Magnitud:</b> 3.6 ML<br/><b>Profundidad:</b> 5 km<br/><b>Hora local:</b> 2008-12-19T02:27:14+00:00<br/><b>Lugar:</b> Baraya - Huila, Colombia<br/>]]></description>
    <Point>
      <coordinates>-74.923,3.015,-5000</coordinates>
    </Point>
  </Placemark>
  <Placemark>
    <name>M2.4 - Aipe - Huila, Colombia</name>
    <description><![CDATA[<b>Magnitud:</b> 2.4 ML<br/><b>Profundidad:</b> 1 km<br/><b>Hora local:</b> 2008-12-10T05:53:41+00:00<br/><b>Lugar:</b> Aipe - Huila, Colombia<br/>]]></description>
    <Point>
      <coordinates>-75.301,3.177,-1000</coordinates>
    </Point>
  </Placemark>
  <Placemark>
    <name>M2.3 - Rivera - Huila, Colombia</name>
    <description><![CDATA[<b>Magnitud:</b> 2.3 ML<br/><b>Profundidad:</b> 0 km<br/><b>Hora local:</b> 2008-11-29T05:10:42+00:00<br/><b>Lugar:</b> Rivera - Huila, Colombia<br/>]]></description>
    <Point>
      <coordinates>-75.167,2.766,0</coordinates>
    </Point>
  </Placemark>
  <Placemark>
    <name>M1.2 - Campoalegre - Huila, Colombia</name>
    <description><![CDATA[<b>Magnitud:</b> 1.2 ML<br/><b>Profundidad:</b> 4 km<br/><b>Hora local:</b> 2008-11-06T16:01:04+00:00<br/><b>Lugar:</b> Campoalegre - Huila, Colombia<br/>]]></description>
    <Point>
      <coordinates>-75.186,2.652,-4000</coordinates>
    </Point>
  </Placemark>
  <Placemark>
    <name>M2.6 - Rivera - Huila, Colombia</name>
    <description><![CDATA[<b>Magnitud:</b> 2.6 ML<br/><b>Profundidad:</b> 5 km<br/><b>Hora local:</b> 2008-10-25T19:23:45+00:00<br/><b>Lugar:</b> Rivera - Huila, Colombia<br/>]]></description>
    <Point>
      <coordinates>-75.037,2.736,-5000</coordinates>
    </Point>
  </Placemark>
  <Placemark>
    <name>M1.6 - Baraya - Huila, Colombia</name>
    <description><![CDATA[<b>Magnitud:</b> 1.6 ML<br/><b>Profundidad:</b> 19 km<br/><b>Hora local:</b> 2008-10-21T16:21:38+00:00<br/><b>Lugar:</b> Baraya - Huila, Colombia<br/>]]></description>
    <Point>
      <coordinates>-74.939,2.972,-19000</coordinates>
    </Point>
  </Placemark>
  <Placemark>
    <name>M2.3 - Tello - Huila, Colombia</name>
    <description><![CDATA[<b>Magnitud:</b> 2.3 ML<br/><b>Profundidad:</b> 5 km<br/><b>Hora local:</b> 2008-09-25T15:42:40+00:00<br/><b>Lugar:</b> Tello - Huila, Colombia<br/>]]></description>
    <Point>
      <coordinates>-74.88,2.842,-5000</coordinates>
    </Point>
  </Placemark>
  <Placemark>
    <name>M2.7 - Baraya - Huila, Colombia</name>
    <description><![CDATA[<b>Magnitud:</b> 2.7 ML<br/><b>Profundidad:</b> 0 km<br/><b>Hora local:</b> 2008-08-21T10:01:38+00:00<br/><b>Lugar:</b> Baraya - Huila, Colombia<br/>]]></description>
    <Point>
      <coordinates>-75.06,3.125,0</coordinates>
    </Point>
  </Placemark>
  <Placemark>
    <name>M2.7 - Tello - Huila, Colombia</name>
    <description><![CDATA[<b>Magnitud:</b> 2.7 ML<br/><b>Profundidad:</b> 0 km<br/><b>Hora local:</b> 2008-08-04T01:56:47+00:00<br/><b>Lugar:</b> Tello - Huila, Colombia<br/>]]></description>
    <Point>
      <coordinates>-75.02,2.867,0</coordinates>
    </Point>
  </Placemark>
  <Placemark>
    <name>M2.4 - Íquira - Huila, Colombia</name>
    <description><![CDATA[<b>Magnitud:</b> 2.4 ML<br/><b>Profundidad:</b> 16 km<br/><b>Hora local:</b> 2008-06-27T15:14:02+00:00<br/><b>Lugar:</b> Íquira - Huila, Colombia<br/>]]></description>
    <Point>
      <coordinates>-75.65,2.673,-16000</coordinates>
    </Point>
  </Placemark>
  <Placemark>
    <name>M2.7 - Neiva - Huila, Colombia</name>
    <description><![CDATA[<b>Magnitud:</b> 2.7 ML<br/><b>Profundidad:</b> 0 km<br/><b>Hora local:</b> 2008-06-12T15:38:30+00:00<br/><b>Lugar:</b> Neiva - Huila, Colombia<br/>]]></description>
    <Point>
      <coordinates>-75.287,2.91,0</coordinates>
    </Point>
  </Placemark>
  <Placemark>
    <name>M3.6 - Tello - Huila, Colombia</name>
    <description><![CDATA[<b>Magnitud:</b> 3.6 ML<br/><b>Profundidad:</b> 24 km<br/><b>Hora local:</b> 2008-05-16T01:39:51+00:00<br/><b>Lugar:</b> Tello - Huila, Colombia<br/>]]></description>
    <Point>
      <coordinates>-74.928,2.899,-24000</coordinates>
    </Point>
  </Placemark>
  <Placemark>
    <name>M3.4 - Rivera - Huila, Colombia</name>
    <description><![CDATA[<b>Magnitud:</b> 3.4 ML<br/><b>Profundidad:</b> 2 km<br/><b>Hora local:</b> 2008-03-13T07:58:45+00:00<br/><b>Lugar:</b> Rivera - Huila, Colombia<br/>]]></description>
    <Point>
      <coordinates>-75.033,2.712,-2000</coordinates>
    </Point>
  </Placemark>
  <Placemark>
    <name>M2.8 - Rivera - Huila, Colombia</name>
    <description><![CDATA[<b>Magnitud:</b> 2.8 ML<br/><b>Profundidad:</b> 33 km<br/><b>Hora local:</b> 2008-02-28T11:20:22+00:00<br/><b>Lugar:</b> Rivera - Huila, Colombia<br/>]]></description>
    <Point>
      <coordinates>-75.0,2.727,-33000</coordinates>
    </Point>
  </Placemark>
  <Placemark>
    <name>M2.5 - Campoalegre - Huila, Colombia</name>
    <description><![CDATA[<b>Magnitud:</b> 2.5 ML<br/><b>Profundidad:</b> 4 km<br/><b>Hora local:</b> 2007-12-10T17:57:47+00:00<br/><b>Lugar:</b> Campoalegre - Huila, Colombia<br/>]]></description>
    <Point>
      <coordinates>-75.292,2.671,-4000</coordinates>
    </Point>
  </Placemark>
  <Placemark>
    <name>M2.1 - Campoalegre - Huila, Colombia</name>
    <description><![CDATA[<b>Magnitud:</b> 2.1 ML<br/><b>Profundidad:</b> 4 km<br/><b>Hora local:</b> 2007-12-08T19:12:05+00:00<br/><b>Lugar:</b> Campoalegre - Huila, Colombia<br/>]]></description>
    <Point>
      <coordinates>-75.316,2.605,-4000</coordinates>
    </Point>
  </Placemark>
  <Placemark>
    <name>M2.1 - Algeciras - Huila, Colombia</name>
    <description><![CDATA[<b>Magnitud:</b> 2.1 ML<br/><b>Profundidad:</b> 22 km<br/><b>Hora local:</b> 2007-11-20T22:36:42+00:00<br/><b>Lugar:</b> Algeciras - Huila, Colombia<br/>]]></description>
    <Point>
      <coordinates>-75.204,2.611,-22000</coordinates>
    </Point>
  </Placemark>
  <Placemark>
    <name>M2.2 - Algeciras - Huila, Colombia</name>
    <description><![CDATA[<b>Magnitud:</b> 2.2 ML<br/><b>Profundidad:</b> 6 km<br/><b>Hora local:</b> 2007-11-12T04:55:29+00:00<br/><b>Lugar:</b> Algeciras - Huila, Colombia<br/>]]></description>
    <Point>
      <coordinates>-75.026,2.587,-6000</coordinates>
    </Point>
  </Placemark>
  <Placemark>
    <name>M2.1 - Rivera - Huila, Colombia</name>
    <description><![CDATA[<b>Magnitud:</b> 2.1 ML<br/><b>Profundidad:</b> 32 km<br/><b>Hora local:</b> 2007-11-10T20:22:56+00:00<br/><b>Lugar:</b> Rivera - Huila, Colombia<br/>]]></description>
    <Point>
      <coordinates>-75.004,2.835,-32000</coordinates>
    </Point>
  </Placemark>
  <Placemark>
    <name>M2.6 - Rivera - Huila, Colombia</name>
    <description><![CDATA[<b>Magnitud:</b> 2.6 ML<br/><b>Profundidad:</b> 21 km<br/><b>Hora local:</b> 2007-10-23T02:13:07+00:00<br/><b>Lugar:</b> Rivera - Huila, Colombia<br/>]]></description>
    <Point>
      <coordinates>-75.059,2.821,-21000</coordinates>
    </Point>
  </Placemark>
  <Placemark>
    <name>M2.5 - Íquira - Huila, Colombia</name>
    <description><![CDATA[<b>Magnitud:</b> 2.5 ML<br/><b>Profundidad:</b> 2 km<br/><b>Hora local:</b> 2007-10-20T09:16:06+00:00<br/><b>Lugar:</b> Íquira - Huila, Colombia<br/>]]></description>
    <Point>
      <coordinates>-75.63,2.672,-2000</coordinates>
    </Point>
  </Placemark>
  <Placemark>
    <name>M2.5 - Rivera - Huila, Colombia</name>
    <description><![CDATA[<b>Magnitud:</b> 2.5 ML<br/><b>Profundidad:</b> 6 km<br/><b>Hora local:</b> 2007-09-18T23:21:21+00:00<br/><b>Lugar:</b> Rivera - Huila, Colombia<br/>]]></description>
    <Point>
      <coordinates>-75.199,2.708,-6000</coordinates>
    </Point>
  </Placemark>
  <Placemark>
    <name>M1.8 - Baraya - Huila, Colombia</name>
    <description><![CDATA[<b>Magnitud:</b> 1.8 ML<br/><b>Profundidad:</b> 8 km<br/><b>Hora local:</b> 2007-09-11T01:33:28+00:00<br/><b>Lugar:</b> Baraya - Huila, Colombia<br/>]]></description>
    <Point>
      <coordinates>-74.886,2.922,-8000</coordinates>
    </Point>
  </Placemark>
  <Placemark>
    <name>M2.2 - Tello - Huila, Colombia</name>
    <description><![CDATA[<b>Magnitud:</b> 2.2 ML<br/><b>Profundidad:</b> 8 km<br/><b>Hora local:</b> 2007-09-08T15:19:32+00:00<br/><b>Lugar:</b> Tello - Huila, Colombia<br/>]]></description>
    <Point>
      <coordinates>-74.98,2.887,-8000</coordinates>
    </Point>
  </Placemark>
  <Placemark>
    <name>M3.7 - Campoalegre - Huila, Colombia</name>
    <description><![CDATA[<b>Magnitud:</b> 3.7 ML<br/><b>Profundidad:</b> 4 km<br/><b>Hora local:</b> 2007-07-18T08:16:27+00:00<br/><b>Lugar:</b> Campoalegre - Huila, Colombia<br/>]]></description>
    <Point>
      <coordinates>-75.162,2.622,-4000</coordinates>
    </Point>
  </Placemark>
  <Placemark>
    <name>M2.2 - Rivera - Huila, Colombia</name>
    <description><![CDATA[<b>Magnitud:</b> 2.2 ML<br/><b>Profundidad:</b> 19 km<br/><b>Hora local:</b> 2007-07-10T19:11:23+00:00<br/><b>Lugar:</b> Rivera - Huila, Colombia<br/>]]></description>
    <Point>
      <coordinates>-75.125,2.82,-19000</coordinates>
    </Point>
  </Placemark>
  <Placemark>
    <name>M2.6 - Rivera - Huila, Colombia</name>
    <description><![CDATA[<b>Magnitud:</b> 2.6 ML<br/><b>Profundidad:</b> 4 km<br/><b>Hora local:</b> 2007-07-07T17:23:47+00:00<br/><b>Lugar:</b> Rivera - Huila, Colombia<br/>]]></description>
    <Point>
      <coordinates>-75.21,2.686,-4000</coordinates>
    </Point>
  </Placemark>
  <Placemark>
    <name>M2.1 - Algeciras - Huila, Colombia</name>
    <description><![CDATA[<b>Magnitud:</b> 2.1 ML<br/><b>Profundidad:</b> 4 km<br/><b>Hora local:</b> 2007-05-27T11:01:19+00:00<br/><b>Lugar:</b> Algeciras - Huila, Colombia<br/>]]></description>
    <Point>
      <coordinates>-75.196,2.602,-4000</coordinates>
    </Point>
  </Placemark>
  <Placemark>
    <name>M1.3 - Neiva - Huila, Colombia</name>
    <description><![CDATA[<b>Magnitud:</b> 1.3 ML<br/><b>Profundidad:</b> 3 km<br/><b>Hora local:</b> 2007-05-12T21:50:28+00:00<br/><b>Lugar:</b> Neiva - Huila, Colombia<br/>]]></description>
    <Point>
      <coordinates>-75.351,2.936,-3000</coordinates>
    </Point>
  </Placemark>
  <Placemark>
    <name>M2.4 - Tello - Huila, Colombia</name>
    <description><![CDATA[<b>Magnitud:</b> 2.4 ML<br/><b>Profundidad:</b> 4 km<br/><b>Hora local:</b> 2007-04-20T03:40:11+00:00<br/><b>Lugar:</b> Tello - Huila, Colombia<br/>]]></description>
    <Point>
      <coordinates>-74.894,2.809,-4000</coordinates>
    </Point>
  </Placemark>
  <Placemark>
    <name>M3.4 - Teruel - Huila, Colombia</name>
    <description><![CDATA[<b>Magnitud:</b> 3.4 ML<br/><b>Profundidad:</b> 168 km<br/><b>Hora local:</b> 2007-04-18T03:07:50+00:00<br/><b>Lugar:</b> Teruel - Huila, Colombia<br/>]]></description>
    <Point>
      <coordinates>-75.697,2.802,-168000</coordinates>
    </Point>
  </Placemark>
  <Placemark>
    <name>M4.0 - Rivera - Huila, Colombia</name>
    <description><![CDATA[<b>Magnitud:</b> 4.0 ML<br/><b>Profundidad:</b> 4 km<br/><b>Hora local:</b> 2007-04-11T12:46:01+00:00<br/><b>Lugar:</b> Rivera - Huila, Colombia<br/>]]></description>
    <Point>
      <coordinates>-75.007,2.637,-4000</coordinates>
    </Point>
  </Placemark>
  <Placemark>
    <name>M1.8 - Tello - Huila, Colombia</name>
    <description><![CDATA[<b>Magnitud:</b> 1.8 ML<br/><b>Profundidad:</b> 6 km<br/><b>Hora local:</b> 2007-03-21T21:04:17+00:00<br/><b>Lugar:</b> Tello - Huila, Colombia<br/>]]></description>
    <Point>
      <coordinates>-75.121,3.001,-6000</coordinates>
    </Point>
  </Placemark>
  <Placemark>
    <name>M2.9 - Tello - Huila, Colombia</name>
    <description><![CDATA[<b>Magnitud:</b> 2.9 ML<br/><b>Profundidad:</b> 4 km<br/><b>Hora local:</b> 2007-03-17T13:04:43+00:00<br/><b>Lugar:</b> Tello - Huila, Colombia<br/>]]></description>
    <Point>
      <coordinates>-74.95,2.879,-4000</coordinates>
    </Point>
  </Placemark>
  <Placemark>
    <name>M1.9 - Baraya - Huila, Colombia</name>
    <description><![CDATA[<b>Magnitud:</b> 1.9 ML<br/><b>Profundidad:</b> 11 km<br/><b>Hora local:</b> 2007-02-27T03:28:32+00:00<br/><b>Lugar:</b> Baraya - Huila, Colombia<br/>]]></description>
    <Point>
      <coordinates>-74.889,2.975,-11000</coordinates>
    </Point>
  </Placemark>
  <Placemark>
    <name>M2.2 - Rivera - Huila, Colombia</name>
    <description><![CDATA[<b>Magnitud:</b> 2.2 ML<br/><b>Profundidad:</b> 4 km<br/><b>Hora local:</b> 2007-02-20T21:58:56+00:00<br/><b>Lugar:</b> Rivera - Huila, Colombia<br/>]]></description>
    <Point>
      <coordinates>-75.051,2.707,-4000</coordinates>
    </Point>
  </Placemark>
  <Placemark>
    <name>M2.4 - Tello - Huila, Colombia</name>
    <description><![CDATA[<b>Magnitud:</b> 2.4 ML<br/><b>Profundidad:</b> 4 km<br/><b>Hora local:</b> 2006-12-24T23:03:36+00:00<br/><b>Lugar:</b> Tello - Huila, Colombia<br/>]]></description>
    <Point>
      <coordinates>-75.108,2.921,-4000</coordinates>
    </Point>
  </Placemark>
  <Placemark>
    <name>M2.7 - Rivera - Huila, Colombia</name>
    <description><![CDATA[<b>Magnitud:</b> 2.7 ML<br/><b>Profundidad:</b> 4 km<br/><b>Hora local:</b> 2006-09-29T14:36:37+00:00<br/><b>Lugar:</b> Rivera - Huila, Colombia<br/>]]></description>
    <Point>
      <coordinates>-75.153,2.76,-4000</coordinates>
    </Point>
  </Placemark>
  <Placemark>
    <name>M2.9 - Rivera - Huila, Colombia</name>
    <description><![CDATA[<b>Magnitud:</b> 2.9 ML<br/><b>Profundidad:</b> 6 km<br/><b>Hora local:</b> 2006-09-20T07:45:35+00:00<br/><b>Lugar:</b> Rivera - Huila, Colombia<br/>]]></description>
    <Point>
      <coordinates>-74.991,2.672,-6000</coordinates>
    </Point>
  </Placemark>
  <Placemark>
    <name>M3.1 - Rivera - Huila, Colombia</name>
    <description><![CDATA[<b>Magnitud:</b> 3.1 ML<br/><b>Profundidad:</b> 4 km<br/><b>Hora local:</b> 2006-09-20T06:10:35+00:00<br/><b>Lugar:</b> Rivera - Huila, Colombia<br/>]]></description>
    <Point>
      <coordinates>-75.016,2.689,-4000</coordinates>
    </Point>
  </Placemark>
  <Placemark>
    <name>M2.9 - Rivera - Huila, Colombia</name>
    <description><![CDATA[<b>Magnitud:</b> 2.9 ML<br/><b>Profundidad:</b> 4 km<br/><b>Hora local:</b> 2006-08-18T03:57:58+00:00<br/><b>Lugar:</b> Rivera - Huila, Colombia<br/>]]></description>
    <Point>
      <coordinates>-75.115,2.686,-4000</coordinates>
    </Point>
  </Placemark>
  <Placemark>
    <name>M2.9 - Rivera - Huila, Colombia</name>
    <description><![CDATA[<b>Magnitud:</b> 2.9 ML<br/><b>Profundidad:</b> 6 km<br/><b>Hora local:</b> 2006-07-21T19:06:06+00:00<br/><b>Lugar:</b> Rivera - Huila, Colombia<br/>]]></description>
    <Point>
      <coordinates>-75.0,2.672,-6000</coordinates>
    </Point>
  </Placemark>
  <Placemark>
    <name>M2.6 - Rivera - Huila, Colombia</name>
    <description><![CDATA[<b>Magnitud:</b> 2.6 ML<br/><b>Profundidad:</b> 8 km<br/><b>Hora local:</b> 2006-06-27T17:28:00+00:00<br/><b>Lugar:</b> Rivera - Huila, Colombia<br/>]]></description>
    <Point>
      <coordinates>-75.064,2.701,-8000</coordinates>
    </Point>
  </Placemark>
  <Placemark>
    <name>M2.5 - Rivera - Huila, Colombia</name>
    <description><![CDATA[<b>Magnitud:</b> 2.5 ML<br/><b>Profundidad:</b> 7 km<br/><b>Hora local:</b> 2006-06-16T15:31:05+00:00<br/><b>Lugar:</b> Rivera - Huila, Colombia<br/>]]></description>
    <Point>
      <coordinates>-75.033,2.708,-7000</coordinates>
    </Point>
  </Placemark>
  <Placemark>
    <name>M1.7 - Tello - Huila, Colombia</name>
    <description><![CDATA[<b>Magnitud:</b> 1.7 ML<br/><b>Profundidad:</b> 2 km<br/><b>Hora local:</b> 2006-06-09T03:19:26+00:00<br/><b>Lugar:</b> Tello - Huila, Colombia<br/>]]></description>
    <Point>
      <coordinates>-75.034,2.899,-2000</coordinates>
    </Point>
  </Placemark>
  <Placemark>
    <name>M2.4 - Rivera - Huila, Colombia</name>
    <description><![CDATA[<b>Magnitud:</b> 2.4 ML<br/><b>Profundidad:</b> 5 km<br/><b>Hora local:</b> 2006-06-05T06:17:05+00:00<br/><b>Lugar:</b> Rivera - Huila, Colombia<br/>]]></description>
    <Point>
      <coordinates>-75.038,2.835,-5000</coordinates>
    </Point>
  </Placemark>
  <Placemark>
    <name>M2.1 - Algeciras - Huila, Colombia</name>
    <description><![CDATA[<b>Magnitud:</b> 2.1 ML<br/><b>Profundidad:</b> 6 km<br/><b>Hora local:</b> 2006-06-01T03:49:10+00:00<br/><b>Lugar:</b> Algeciras - Huila, Colombia<br/>]]></description>
    <Point>
      <coordinates>-75.19,2.604,-6000</coordinates>
    </Point>
  </Placemark>
  <Placemark>
    <name>M2.1 - Tello - Huila, Colombia</name>
    <description><![CDATA[<b>Magnitud:</b> 2.1 ML<br/><b>Profundidad:</b> 4 km<br/><b>Hora local:</b> 2006-05-27T11:04:56+00:00<br/><b>Lugar:</b> Tello - Huila, Colombia<br/>]]></description>
    <Point>
      <coordinates>-74.998,2.941,-4000</coordinates>
    </Point>
  </Placemark>
  <Placemark>
    <name>M3.5 - Rivera - Huila, Colombia</name>
    <description><![CDATA[<b>Magnitud:</b> 3.5 ML<br/><b>Profundidad:</b> 4 km<br/><b>Hora local:</b> 2006-05-21T14:47:38+00:00<br/><b>Lugar:</b> Rivera - Huila, Colombia<br/>]]></description>
    <Point>
      <coordinates>-75.03,2.672,-4000</coordinates>
    </Point>
  </Placemark>
  <Placemark>
    <name>M2.5 - Rivera - Huila, Colombia</name>
    <description><![CDATA[<b>Magnitud:</b> 2.5 ML<br/><b>Profundidad:</b> 4 km<br/><b>Hora local:</b> 2006-05-15T07:52:51+00:00<br/><b>Lugar:</b> Rivera - Huila, Colombia<br/>]]></description>
    <Point>
      <coordinates>-75.036,2.696,-4000</coordinates>
    </Point>
  </Placemark>
  <Placemark>
    <name>M2.8 - Tello - Huila, Colombia</name>
    <description><![CDATA[<b>Magnitud:</b> 2.8 ML<br/><b>Profundidad:</b> 6 km<br/><b>Hora local:</b> 2006-05-03T12:25:32+00:00<br/><b>Lugar:</b> Tello - Huila, Colombia<br/>]]></description>
    <Point>
      <coordinates>-74.964,2.86,-6000</coordinates>
    </Point>
  </Placemark>
  <Placemark>
    <name>M2.4 - Baraya - Huila, Colombia</name>
    <description><![CDATA[<b>Magnitud:</b> 2.4 ML<br/><b>Profundidad:</b> 8 km<br/><b>Hora local:</b> 2006-05-02T23:23:27+00:00<br/><b>Lugar:</b> Baraya - Huila, Colombia<br/>]]></description>
    <Point>
      <coordinates>-74.892,3.011,-8000</coordinates>
    </Point>
  </Placemark>
  <Placemark>
    <name>M2.2 - Tello - Huila, Colombia</name>
    <description><![CDATA[<b>Magnitud:</b> 2.2 ML<br/><b>Profundidad:</b> 4 km<br/><b>Hora local:</b> 2006-05-01T23:29:03+00:00<br/><b>Lugar:</b> Tello - Huila, Colombia<br/>]]></description>
    <Point>
      <coordinates>-75.018,2.937,-4000</coordinates>
    </Point>
  </Placemark>
  <Placemark>
    <name>M3.5 - Campoalegre - Huila, Colombia</name>
    <description><![CDATA[<b>Magnitud:</b> 3.5 ML<br/><b>Profundidad:</b> 4 km<br/><b>Hora local:</b> 2006-03-19T13:03:39+00:00<br/><b>Lugar:</b> Campoalegre - Huila, Colombia<br/>]]></description>
    <Point>
      <coordinates>-75.161,2.63,-4000</coordinates>
    </Point>
  </Placemark>
  <Placemark>
    <name>M4.0 - Tello - Huila, Colombia</name>
    <description><![CDATA[<b>Magnitud:</b> 4.0 ML<br/><b>Profundidad:</b> 0 km<br/><b>Hora local:</b> 2006-02-23T20:24:12+00:00<br/><b>Lugar:</b> Tello - Huila, Colombia<br/>]]></description>
    <Point>
      <coordinates>-74.871,2.868,0</coordinates>
    </Point>
  </Placemark>
  <Placemark>
    <name>M3.7 - Rivera - Huila, Colombia</name>
    <description><![CDATA[<b>Magnitud:</b> 3.7 ML<br/><b>Profundidad:</b> 4 km<br/><b>Hora local:</b> 2006-02-23T04:02:22+00:00<br/><b>Lugar:</b> Rivera - Huila, Colombia<br/>]]></description>
    <Point>
      <coordinates>-75.002,2.653,-4000</coordinates>
    </Point>
  </Placemark>
  <Placemark>
    <name>M3.2 - Baraya - Huila, Colombia</name>
    <description><![CDATA[<b>Magnitud:</b> 3.2 ML<br/><b>Profundidad:</b> 2 km<br/><b>Hora local:</b> 2006-02-13T13:27:26+00:00<br/><b>Lugar:</b> Baraya - Huila, Colombia<br/>]]></description>
    <Point>
      <coordinates>-75.025,3.124,-2000</coordinates>
    </Point>
  </Placemark>
  <Placemark>
    <name>M2.5 - Rivera - Huila, Colombia</name>
    <description><![CDATA[<b>Magnitud:</b> 2.5 ML<br/><b>Profundidad:</b> 7 km<br/><b>Hora local:</b> 2006-01-26T16:49:41+00:00<br/><b>Lugar:</b> Rivera - Huila, Colombia<br/>]]></description>
    <Point>
      <coordinates>-75.087,2.696,-7000</coordinates>
    </Point>
  </Placemark>
  <Placemark>
    <name>M2.5 - Baraya - Huila, Colombia</name>
    <description><![CDATA[<b>Magnitud:</b> 2.5 ML<br/><b>Profundidad:</b> 11 km<br/><b>Hora local:</b> 2006-01-25T12:11:28+00:00<br/><b>Lugar:</b> Baraya - Huila, Colombia<br/>]]></description>
    <Point>
      <coordinates>-74.903,2.945,-11000</coordinates>
    </Point>
  </Placemark>
  <Placemark>
    <name>M2.2 - Tello - Huila, Colombia</name>
    <description><![CDATA[<b>Magnitud:</b> 2.2 ML<br/><b>Profundidad:</b> 4 km<br/><b>Hora local:</b> 2006-01-22T14:43:00+00:00<br/><b>Lugar:</b> Tello - Huila, Colombia<br/>]]></description>
    <Point>
      <coordinates>-74.993,2.966,-4000</coordinates>
    </Point>
  </Placemark>
  <Placemark>
    <name>M2.2 - Tello - Huila, Colombia</name>
    <description><![CDATA[<b>Magnitud:</b> 2.2 ML<br/><b>Profundidad:</b> 4 km<br/><b>Hora local:</b> 2006-01-15T06:10:56+00:00<br/><b>Lugar:</b> Tello - Huila, Colombia<br/>]]></description>
    <Point>
      <coordinates>-75.018,3.021,-4000</coordinates>
    </Point>
  </Placemark>
  <Placemark>
    <name>M2.6 - Rivera - Huila, Colombia</name>
    <description><![CDATA[<b>Magnitud:</b> 2.6 ML<br/><b>Profundidad:</b> 4 km<br/><b>Hora local:</b> 2006-01-07T10:30:42+00:00<br/><b>Lugar:</b> Rivera - Huila, Colombia<br/>]]></description>
    <Point>
      <coordinates>-75.095,2.689,-4000</coordinates>
    </Point>
  </Placemark>
  <Placemark>
    <name>M2.6 - Tello - Huila, Colombia</name>
    <description><![CDATA[<b>Magnitud:</b> 2.6 ML<br/><b>Profundidad:</b> 4 km<br/><b>Hora local:</b> 2005-12-21T02:39:57+00:00<br/><b>Lugar:</b> Tello - Huila, Colombia<br/>]]></description>
    <Point>
      <coordinates>-75.007,2.931,-4000</coordinates>
    </Point>
  </Placemark>
  <Placemark>
    <name>M2.0 - Tello - Huila, Colombia</name>
    <description><![CDATA[<b>Magnitud:</b> 2.0 ML<br/><b>Profundidad:</b> 4 km<br/><b>Hora local:</b> 2005-12-14T01:22:05+00:00<br/><b>Lugar:</b> Tello - Huila, Colombia<br/>]]></description>
    <Point>
      <coordinates>-74.997,2.852,-4000</coordinates>
    </Point>
  </Placemark>
  <Placemark>
    <name>M2.4 - Rivera - Huila, Colombia</name>
    <description><![CDATA[<b>Magnitud:</b> 2.4 ML<br/><b>Profundidad:</b> 1 km<br/><b>Hora local:</b> 2005-12-13T19:47:24+00:00<br/><b>Lugar:</b> Rivera - Huila, Colombia<br/>]]></description>
    <Point>
      <coordinates>-75.191,2.738,-1000</coordinates>
    </Point>
  </Placemark>
  <Placemark>
    <name>M2.6 - Baraya - Huila, Colombia</name>
    <description><![CDATA[<b>Magnitud:</b> 2.6 ML<br/><b>Profundidad:</b> 2 km<br/><b>Hora local:</b> 2005-12-12T14:20:03+00:00<br/><b>Lugar:</b> Baraya - Huila, Colombia<br/>]]></description>
    <Point>
      <coordinates>-74.944,2.976,-2000</coordinates>
    </Point>
  </Placemark>
  <Placemark>
    <name>M2.4 - Planadas - Tolima, Colombia</name>
    <description><![CDATA[<b>Magnitud:</b> 2.4 ML<br/><b>Profundidad:</b> 1 km<br/><b>Hora local:</b> 2005-12-09T01:21:18+00:00<br/><b>Lugar:</b> Planadas - Tolima, Colombia<br/>]]></description>
    <Point>
      <coordinates>-75.535,3.237,-1000</coordinates>
    </Point>
  </Placemark>
  <Placemark>
    <name>M2.0 - Tello - Huila, Colombia</name>
    <description><![CDATA[<b>Magnitud:</b> 2.0 ML<br/><b>Profundidad:</b> 2 km<br/><b>Hora local:</b> 2005-11-16T21:42:44+00:00<br/><b>Lugar:</b> Tello - Huila, Colombia<br/>]]></description>
    <Point>
      <coordinates>-75.018,2.972,-2000</coordinates>
    </Point>
  </Placemark>
  <Placemark>
    <name>M2.4 - Tello - Huila, Colombia</name>
    <description><![CDATA[<b>Magnitud:</b> 2.4 ML<br/><b>Profundidad:</b> 2 km<br/><b>Hora local:</b> 2005-11-06T20:21:46+00:00<br/><b>Lugar:</b> Tello - Huila, Colombia<br/>]]></description>
    <Point>
      <coordinates>-75.069,2.951,-2000</coordinates>
    </Point>
  </Placemark>
  <Placemark>
    <name>M2.0 - Tello - Huila, Colombia</name>
    <description><![CDATA[<b>Magnitud:</b> 2.0 ML<br/><b>Profundidad:</b> 3 km<br/><b>Hora local:</b> 2005-10-12T22:25:51+00:00<br/><b>Lugar:</b> Tello - Huila, Colombia<br/>]]></description>
    <Point>
      <coordinates>-74.983,2.988,-3000</coordinates>
    </Point>
  </Placemark>
  <Placemark>
    <name>M2.2 - Rivera - Huila, Colombia</name>
    <description><![CDATA[<b>Magnitud:</b> 2.2 ML<br/><b>Profundidad:</b> 4 km<br/><b>Hora local:</b> 2005-09-23T19:00:35+00:00<br/><b>Lugar:</b> Rivera - Huila, Colombia<br/>]]></description>
    <Point>
      <coordinates>-75.172,2.717,-4000</coordinates>
    </Point>
  </Placemark>
  <Placemark>
    <name>M2.5 - Rivera - Huila, Colombia</name>
    <description><![CDATA[<b>Magnitud:</b> 2.5 ML<br/><b>Profundidad:</b> 4 km<br/><b>Hora local:</b> 2005-09-15T18:29:03+00:00<br/><b>Lugar:</b> Rivera - Huila, Colombia<br/>]]></description>
    <Point>
      <coordinates>-75.098,2.696,-4000</coordinates>
    </Point>
  </Placemark>
  <Placemark>
    <name>M2.5 - Tello - Huila, Colombia</name>
    <description><![CDATA[<b>Magnitud:</b> 2.5 ML<br/><b>Profundidad:</b> 3 km<br/><b>Hora local:</b> 2005-09-07T06:19:46+00:00<br/><b>Lugar:</b> Tello - Huila, Colombia<br/>]]></description>
    <Point>
      <coordinates>-74.891,2.858,-3000</coordinates>
    </Point>
  </Placemark>
  <Placemark>
    <name>M2.5 - Tello - Huila, Colombia</name>
    <description><![CDATA[<b>Magnitud:</b> 2.5 ML<br/><b>Profundidad:</b> 6 km<br/><b>Hora local:</b> 2005-08-25T02:04:08+00:00<br/><b>Lugar:</b> Tello - Huila, Colombia<br/>]]></description>
    <Point>
      <coordinates>-74.916,2.814,-6000</coordinates>
    </Point>
  </Placemark>
  <Placemark>
    <name>M2.5 - Tello - Huila, Colombia</name>
    <description><![CDATA[<b>Magnitud:</b> 2.5 ML<br/><b>Profundidad:</b> 4 km<br/><b>Hora local:</b> 2005-07-30T16:38:49+00:00<br/><b>Lugar:</b> Tello - Huila, Colombia<br/>]]></description>
    <Point>
      <coordinates>-74.99,2.934,-4000</coordinates>
    </Point>
  </Placemark>
  <Placemark>
    <name>M2.7 - Rivera - Huila, Colombia</name>
    <description><![CDATA[<b>Magnitud:</b> 2.7 ML<br/><b>Profundidad:</b> 10 km<br/><b>Hora local:</b> 2005-07-28T05:04:20+00:00<br/><b>Lugar:</b> Rivera - Huila, Colombia<br/>]]></description>
    <Point>
      <coordinates>-75.117,2.835,-10000</coordinates>
    </Point>
  </Placemark>
  <Placemark>
    <name>M1.9 - Tello - Huila, Colombia</name>
    <description><![CDATA[<b>Magnitud:</b> 1.9 ML<br/><b>Profundidad:</b> 12 km<br/><b>Hora local:</b> 2005-07-15T23:38:20+00:00<br/><b>Lugar:</b> Tello - Huila, Colombia<br/>]]></description>
    <Point>
      <coordinates>-75.013,2.982,-12000</coordinates>
    </Point>
  </Placemark>
  <Placemark>
    <name>M3.8 - Rivera - Huila, Colombia</name>
    <description><![CDATA[<b>Magnitud:</b> 3.8 ML<br/><b>Profundidad:</b> 4 km<br/><b>Hora local:</b> 2005-07-13T15:06:18+00:00<br/><b>Lugar:</b> Rivera - Huila, Colombia<br/>]]></description>
    <Point>
      <coordinates>-75.114,2.665,-4000</coordinates>
    </Point>
  </Placemark>
  <Placemark>
    <name>M2.5 - Planadas - Tolima, Colombia</name>
    <description><![CDATA[<b>Magnitud:</b> 2.5 ML<br/><b>Profundidad:</b> 10 km<br/><b>Hora local:</b> 2005-07-12T18:51:54+00:00<br/><b>Lugar:</b> Planadas - Tolima, Colombia<br/>]]></description>
    <Point>
      <coordinates>-75.512,3.273,-10000</coordinates>
    </Point>
  </Placemark>
  <Placemark>
    <name>M2.9 - Algeciras - Huila, Colombia</name>
    <description><![CDATA[<b>Magnitud:</b> 2.9 ML<br/><b>Profundidad:</b> 4 km<br/><b>Hora local:</b> 2005-07-12T03:15:42+00:00<br/><b>Lugar:</b> Algeciras - Huila, Colombia<br/>]]></description>
    <Point>
      <coordinates>-75.134,2.538,-4000</coordinates>
    </Point>
  </Placemark>
  <Placemark>
    <name>M2.6 - Tello - Huila, Colombia</name>
    <description><![CDATA[<b>Magnitud:</b> 2.6 ML<br/><b>Profundidad:</b> 1 km<br/><b>Hora local:</b> 2005-06-17T11:59:04+00:00<br/><b>Lugar:</b> Tello - Huila, Colombia<br/>]]></description>
    <Point>
      <coordinates>-75.016,2.941,-1000</coordinates>
    </Point>
  </Placemark>
  <Placemark>
    <name>M2.5 - Rivera - Huila, Colombia</name>
    <description><![CDATA[<b>Magnitud:</b> 2.5 ML<br/><b>Profundidad:</b> 4 km<br/><b>Hora local:</b> 2005-06-15T10:28:37+00:00<br/><b>Lugar:</b> Rivera - Huila, Colombia<br/>]]></description>
    <Point>
      <coordinates>-75.229,2.738,-4000</coordinates>
    </Point>
  </Placemark>
  <Placemark>
    <name>M2.2 - Tello - Huila, Colombia</name>
    <description><![CDATA[<b>Magnitud:</b> 2.2 ML<br/><b>Profundidad:</b> 4 km<br/><b>Hora local:</b> 2005-06-10T14:02:16+00:00<br/><b>Lugar:</b> Tello - Huila, Colombia<br/>]]></description>
    <Point>
      <coordinates>-74.997,2.931,-4000</coordinates>
    </Point>
  </Placemark>
  <Placemark>
    <name>M2.6 - Baraya - Huila, Colombia</name>
    <description><![CDATA[<b>Magnitud:</b> 2.6 ML<br/><b>Profundidad:</b> 2 km<br/><b>Hora local:</b> 2005-05-15T18:25:00+00:00<br/><b>Lugar:</b> Baraya - Huila, Colombia<br/>]]></description>
    <Point>
      <coordinates>-74.899,3.025,-2000</coordinates>
    </Point>
  </Placemark>
  <Placemark>
    <name>M2.5 - Neiva - Huila, Colombia</name>
    <description><![CDATA[<b>Magnitud:</b> 2.5 ML<br/><b>Profundidad:</b> 0 km<br/><b>Hora local:</b> 2005-03-21T16:34:42+00:00<br/><b>Lugar:</b> Neiva - Huila, Colombia<br/>]]></description>
    <Point>
      <coordinates>-75.371,3.01,0</coordinates>
    </Point>
  </Placemark>
  <Placemark>
    <name>M3.0 - Tello - Huila, Colombia</name>
    <description><![CDATA[<b>Magnitud:</b> 3.0 ML<br/><b>Profundidad:</b> 4 km<br/><b>Hora local:</b> 2005-03-13T11:43:27+00:00<br/><b>Lugar:</b> Tello - Huila, Colombia<br/>]]></description>
    <Point>
      <coordinates>-74.945,2.907,-4000</coordinates>
    </Point>
  </Placemark>
  <Placemark>
    <name>M2.5 - Rivera - Huila, Colombia</name>
    <description><![CDATA[<b>Magnitud:</b> 2.5 ML<br/><b>Profundidad:</b> 23 km<br/><b>Hora local:</b> 2005-03-03T01:12:15+00:00<br/><b>Lugar:</b> Rivera - Huila, Colombia<br/>]]></description>
    <Point>
      <coordinates>-75.055,2.859,-23000</coordinates>
    </Point>
  </Placemark>
  <Placemark>
    <name>M2.7 - Aipe - Huila, Colombia</name>
    <description><![CDATA[<b>Magnitud:</b> 2.7 ML<br/><b>Profundidad:</b> 0 km<br/><b>Hora local:</b> 2005-02-26T16:47:08+00:00<br/><b>Lugar:</b> Aipe - Huila, Colombia<br/>]]></description>
    <Point>
      <coordinates>-75.25,3.177,0</coordinates>
    </Point>
  </Placemark>
  <Placemark>
    <name>M1.9 - Rivera - Huila, Colombia</name>
    <description><![CDATA[<b>Magnitud:</b> 1.9 ML<br/><b>Profundidad:</b> 15 km<br/><b>Hora local:</b> 2005-01-17T13:11:39+00:00<br/><b>Lugar:</b> Rivera - Huila, Colombia<br/>]]></description>
    <Point>
      <coordinates>-74.984,2.665,-15000</coordinates>
    </Point>
  </Placemark>
  <Placemark>
    <name>M2.2 - Rivera - Huila, Colombia</name>
    <description><![CDATA[<b>Magnitud:</b> 2.2 ML<br/><b>Profundidad:</b> 6 km<br/><b>Hora local:</b> 2005-01-16T03:26:46+00:00<br/><b>Lugar:</b> Rivera - Huila, Colombia<br/>]]></description>
    <Point>
      <coordinates>-75.089,2.67,-6000</coordinates>
    </Point>
  </Placemark>
  <Placemark>
    <name>M1.9 - Rivera - Huila, Colombia</name>
    <description><![CDATA[<b>Magnitud:</b> 1.9 ML<br/><b>Profundidad:</b> 4 km<br/><b>Hora local:</b> 2005-01-10T23:29:10+00:00<br/><b>Lugar:</b> Rivera - Huila, Colombia<br/>]]></description>
    <Point>
      <coordinates>-75.194,2.698,-4000</coordinates>
    </Point>
  </Placemark>
  <Placemark>
    <name>M2.2 - Baraya - Huila, Colombia</name>
    <description><![CDATA[<b>Magnitud:</b> 2.2 ML<br/><b>Profundidad:</b> 8 km<br/><b>Hora local:</b> 2005-01-07T08:04:42+00:00<br/><b>Lugar:</b> Baraya - Huila, Colombia<br/>]]></description>
    <Point>
      <coordinates>-74.924,2.999,-8000</coordinates>
    </Point>
  </Placemark>
  <Placemark>
    <name>M1.6 - Baraya - Huila, Colombia</name>
    <description><![CDATA[<b>Magnitud:</b> 1.6 ML<br/><b>Profundidad:</b> 10 km<br/><b>Hora local:</b> 2005-01-03T21:30:16+00:00<br/><b>Lugar:</b> Baraya - Huila, Colombia<br/>]]></description>
    <Point>
      <coordinates>-74.941,3.033,-10000</coordinates>
    </Point>
  </Placemark>
  <Placemark>
    <name>M2.7 - Baraya - Huila, Colombia</name>
    <description><![CDATA[<b>Magnitud:</b> 2.7 ML<br/><b>Profundidad:</b> 8 km<br/><b>Hora local:</b> 2004-12-31T08:28:17+00:00<br/><b>Lugar:</b> Baraya - Huila, Colombia<br/>]]></description>
    <Point>
      <coordinates>-74.924,3.003,-8000</coordinates>
    </Point>
  </Placemark>
  <Placemark>
    <name>M2.2 - Tello - Huila, Colombia</name>
    <description><![CDATA[<b>Magnitud:</b> 2.2 ML<br/><b>Profundidad:</b> 0 km<br/><b>Hora local:</b> 2004-12-30T11:37:33+00:00<br/><b>Lugar:</b> Tello - Huila, Colombia<br/>]]></description>
    <Point>
      <coordinates>-74.947,2.833,0</coordinates>
    </Point>
  </Placemark>
  <Placemark>
    <name>M2.8 - Rivera - Huila, Colombia</name>
    <description><![CDATA[<b>Magnitud:</b> 2.8 ML<br/><b>Profundidad:</b> 9 km<br/><b>Hora local:</b> 2004-10-24T17:43:12+00:00<br/><b>Lugar:</b> Rivera - Huila, Colombia<br/>]]></description>
    <Point>
      <coordinates>-75.092,2.673,-9000</coordinates>
    </Point>
  </Placemark>
  <Placemark>
    <name>M2.4 - Baraya - Huila, Colombia</name>
    <description><![CDATA[<b>Magnitud:</b> 2.4 ML<br/><b>Profundidad:</b> 6 km<br/><b>Hora local:</b> 2004-10-09T02:22:53+00:00<br/><b>Lugar:</b> Baraya - Huila, Colombia<br/>]]></description>
    <Point>
      <coordinates>-74.864,2.938,-6000</coordinates>
    </Point>
  </Placemark>
  <Placemark>
    <name>M2.3 - Campoalegre - Huila, Colombia</name>
    <description><![CDATA[<b>Magnitud:</b> 2.3 ML<br/><b>Profundidad:</b> 4 km<br/><b>Hora local:</b> 2004-09-22T14:59:34+00:00<br/><b>Lugar:</b> Campoalegre - Huila, Colombia<br/>]]></description>
    <Point>
      <coordinates>-75.171,2.617,-4000</coordinates>
    </Point>
  </Placemark>
  <Placemark>
    <name>M4.6 - Rivera - Huila, Colombia</name>
    <description><![CDATA[<b>Magnitud:</b> 4.6 ML<br/><b>Profundidad:</b> 102 km<br/><b>Hora local:</b> 2004-09-18T09:29:08+00:00<br/><b>Lugar:</b> Rivera - Huila, Colombia<br/>]]></description>
    <Point>
      <coordinates>-75.093,2.618,-102000</coordinates>
    </Point>
  </Placemark>
  <Placemark>
    <name>M3.0 - Rivera - Huila, Colombia</name>
    <description><![CDATA[<b>Magnitud:</b> 3.0 ML<br/><b>Profundidad:</b> 102 km<br/><b>Hora local:</b> 2004-09-15T07:43:15+00:00<br/><b>Lugar:</b> Rivera - Huila, Colombia<br/>]]></description>
    <Point>
      <coordinates>-75.248,2.845,-102000</coordinates>
    </Point>
  </Placemark>
  <Placemark>
    <name>M2.6 - Neiva - Huila, Colombia</name>
    <description><![CDATA[<b>Magnitud:</b> 2.6 ML<br/><b>Profundidad:</b> 20 km<br/><b>Hora local:</b> 2004-09-08T11:24:07+00:00<br/><b>Lugar:</b> Neiva - Huila, Colombia<br/>]]></description>
    <Point>
      <coordinates>-75.166,2.938,-20000</coordinates>
    </Point>
  </Placemark>
  <Placemark>
    <name>M2.9 - Algeciras - Huila, Colombia</name>
    <description><![CDATA[<b>Magnitud:</b> 2.9 ML<br/><b>Profundidad:</b> 0 km<br/><b>Hora local:</b> 2004-09-05T16:47:08+00:00<br/><b>Lugar:</b> Algeciras - Huila, Colombia<br/>]]></description>
    <Point>
      <coordinates>-75.024,2.584,0</coordinates>
    </Point>
  </Placemark>
  <Placemark>
    <name>M2.4 - Teruel - Huila, Colombia</name>
    <description><![CDATA[<b>Magnitud:</b> 2.4 ML<br/><b>Profundidad:</b> 16 km<br/><b>Hora local:</b> 2004-09-01T14:18:56+00:00<br/><b>Lugar:</b> Teruel - Huila, Colombia<br/>]]></description>
    <Point>
      <coordinates>-75.635,2.826,-16000</coordinates>
    </Point>
  </Placemark>
  <Placemark>
    <name>M1.9 - Tello - Huila, Colombia</name>
    <description><![CDATA[<b>Magnitud:</b> 1.9 ML<br/><b>Profundidad:</b> 4 km<br/><b>Hora local:</b> 2004-08-31T23:19:34+00:00<br/><b>Lugar:</b> Tello - Huila, Colombia<br/>]]></description>
    <Point>
      <coordinates>-74.949,2.872,-4000</coordinates>
    </Point>
  </Placemark>
  <Placemark>
    <name>M3.0 - Rivera - Huila, Colombia</name>
    <description><![CDATA[<b>Magnitud:</b> 3.0 ML<br/><b>Profundidad:</b> 0 km<br/><b>Hora local:</b> 2004-08-29T13:38:14+00:00<br/><b>Lugar:</b> Rivera - Huila, Colombia<br/>]]></description>
    <Point>
      <coordinates>-75.057,2.662,0</coordinates>
    </Point>
  </Placemark>
  <Placemark>
    <name>M2.4 - Tello - Huila, Colombia</name>
    <description><![CDATA[<b>Magnitud:</b> 2.4 ML<br/><b>Profundidad:</b> 0 km<br/><b>Hora local:</b> 2004-07-26T20:17:05+00:00<br/><b>Lugar:</b> Tello - Huila, Colombia<br/>]]></description>
    <Point>
      <coordinates>-75.009,2.98,0</coordinates>
    </Point>
  </Placemark>
  <Placemark>
    <name>M2.2 - Rivera - Huila, Colombia</name>
    <description><![CDATA[<b>Magnitud:</b> 2.2 ML<br/><b>Profundidad:</b> 3 km<br/><b>Hora local:</b> 2004-07-03T03:46:17+00:00<br/><b>Lugar:</b> Rivera - Huila, Colombia<br/>]]></description>
    <Point>
      <coordinates>-75.056,2.847,-3000</coordinates>
    </Point>
  </Placemark>
  <Placemark>
    <name>M2.3 - Rivera - Huila, Colombia</name>
    <description><![CDATA[<b>Magnitud:</b> 2.3 ML<br/><b>Profundidad:</b> 0 km<br/><b>Hora local:</b> 2004-06-14T22:58:36+00:00<br/><b>Lugar:</b> Rivera - Huila, Colombia<br/>]]></description>
    <Point>
      <coordinates>-75.201,2.777,0</coordinates>
    </Point>
  </Placemark>
  <Placemark>
    <name>M2.6 - Tello - Huila, Colombia</name>
    <description><![CDATA[<b>Magnitud:</b> 2.6 ML<br/><b>Profundidad:</b> 2 km<br/><b>Hora local:</b> 2004-05-13T06:55:48+00:00<br/><b>Lugar:</b> Tello - Huila, Colombia<br/>]]></description>
    <Point>
      <coordinates>-74.964,2.924,-2000</coordinates>
    </Point>
  </Placemark>
  <Placemark>
    <name>M2.9 - Algeciras - Huila, Colombia</name>
    <description><![CDATA[<b>Magnitud:</b> 2.9 ML<br/><b>Profundidad:</b> 122 km<br/><b>Hora local:</b> 2004-03-16T13:06:07+00:00<br/><b>Lugar:</b> Algeciras - Huila, Colombia<br/>]]></description>
    <Point>
      <coordinates>-75.251,2.595,-122000</coordinates>
    </Point>
  </Placemark>
  <Placemark>
    <name>M3.1 - Baraya - Huila, Colombia</name>
    <description><![CDATA[<b>Magnitud:</b> 3.1 ML<br/><b>Profundidad:</b> 16 km<br/><b>Hora local:</b> 2004-03-14T12:57:49+00:00<br/><b>Lugar:</b> Baraya - Huila, Colombia<br/>]]></description>
    <Point>
      <coordinates>-74.925,3.05,-16000</coordinates>
    </Point>
  </Placemark>
  <Placemark>
    <name>M2.6 - Hobo - Huila, Colombia</name>
    <description><![CDATA[<b>Magnitud:</b> 2.6 ML<br/><b>Profundidad:</b> 9 km<br/><b>Hora local:</b> 2004-03-13T06:46:27+00:00<br/><b>Lugar:</b> Hobo - Huila, Colombia<br/>]]></description>
    <Point>
      <coordinates>-75.399,2.625,-9000</coordinates>
    </Point>
  </Placemark>
  <Placemark>
    <name>M2.2 - Rivera - Huila, Colombia</name>
    <description><![CDATA[<b>Magnitud:</b> 2.2 ML<br/><b>Profundidad:</b> 0 km<br/><b>Hora local:</b> 2004-03-11T09:31:11+00:00<br/><b>Lugar:</b> Rivera - Huila, Colombia<br/>]]></description>
    <Point>
      <coordinates>-75.17,2.651,0</coordinates>
    </Point>
  </Placemark>
  <Placemark>
    <name>M1.6 - Baraya - Huila, Colombia</name>
    <description><![CDATA[<b>Magnitud:</b> 1.6 ML<br/><b>Profundidad:</b> 8 km<br/><b>Hora local:</b> 2004-02-25T00:48:58+00:00<br/><b>Lugar:</b> Baraya - Huila, Colombia<br/>]]></description>
    <Point>
      <coordinates>-74.97,3.073,-8000</coordinates>
    </Point>
  </Placemark>
  <Placemark>
    <name>M3.1 - Baraya - Huila, Colombia</name>
    <description><![CDATA[<b>Magnitud:</b> 3.1 ML<br/><b>Profundidad:</b> 0 km<br/><b>Hora local:</b> 2004-02-19T18:05:28+00:00<br/><b>Lugar:</b> Baraya - Huila, Colombia<br/>]]></description>
    <Point>
      <coordinates>-74.876,2.892,0</coordinates>
    </Point>
  </Placemark>
  <Placemark>
    <name>M2.0 - Rivera - Huila, Colombia</name>
    <description><![CDATA[<b>Magnitud:</b> 2.0 ML<br/><b>Profundidad:</b> 4 km<br/><b>Hora local:</b> 2004-02-06T22:34:39+00:00<br/><b>Lugar:</b> Rivera - Huila, Colombia<br/>]]></description>
    <Point>
      <coordinates>-75.195,2.706,-4000</coordinates>
    </Point>
  </Placemark>
  <Placemark>
    <name>M1.9 - Rivera - Huila, Colombia</name>
    <description><![CDATA[<b>Magnitud:</b> 1.9 ML<br/><b>Profundidad:</b> 0 km<br/><b>Hora local:</b> 2004-01-20T20:18:55+00:00<br/><b>Lugar:</b> Rivera - Huila, Colombia<br/>]]></description>
    <Point>
      <coordinates>-75.092,2.693,0</coordinates>
    </Point>
  </Placemark>
  <Placemark>
    <name>M2.5 - Campoalegre - Huila, Colombia</name>
    <description><![CDATA[<b>Magnitud:</b> 2.5 ML<br/><b>Profundidad:</b> 0 km<br/><b>Hora local:</b> 2004-01-07T10:26:51+00:00<br/><b>Lugar:</b> Campoalegre - Huila, Colombia<br/>]]></description>
    <Point>
      <coordinates>-75.384,2.634,0</coordinates>
    </Point>
  </Placemark>
  <Placemark>
    <name>M2.6 - Baraya - Huila, Colombia</name>
    <description><![CDATA[<b>Magnitud:</b> 2.6 ML<br/><b>Profundidad:</b> 4 km<br/><b>Hora local:</b> 2004-01-03T06:05:48+00:00<br/><b>Lugar:</b> Baraya - Huila, Colombia<br/>]]></description>
    <Point>
      <coordinates>-74.871,2.958,-4000</coordinates>
    </Point>
  </Placemark>
  <Placemark>
    <name>M2.4 - Tello - Huila, Colombia</name>
    <description><![CDATA[<b>Magnitud:</b> 2.4 ML<br/><b>Profundidad:</b> 0 km<br/><b>Hora local:</b> 2003-12-17T05:18:01+00:00<br/><b>Lugar:</b> Tello - Huila, Colombia<br/>]]></description>
    <Point>
      <coordinates>-74.959,2.905,0</coordinates>
    </Point>
  </Placemark>
  <Placemark>
    <name>M3.1 - Rivera - Huila, Colombia</name>
    <description><![CDATA[<b>Magnitud:</b> 3.1 ML<br/><b>Profundidad:</b> 4 km<br/><b>Hora local:</b> 2003-12-12T19:57:54+00:00<br/><b>Lugar:</b> Rivera - Huila, Colombia<br/>]]></description>
    <Point>
      <coordinates>-75.048,2.626,-4000</coordinates>
    </Point>
  </Placemark>
  <Placemark>
    <name>M1.7 - Tello - Huila, Colombia</name>
    <description><![CDATA[<b>Magnitud:</b> 1.7 ML<br/><b>Profundidad:</b> 3 km<br/><b>Hora local:</b> 2003-12-08T05:30:55+00:00<br/><b>Lugar:</b> Tello - Huila, Colombia<br/>]]></description>
    <Point>
      <coordinates>-75.088,2.992,-3000</coordinates>
    </Point>
  </Placemark>
  <Placemark>
    <name>M2.3 - Rivera - Huila, Colombia</name>
    <description><![CDATA[<b>Magnitud:</b> 2.3 ML<br/><b>Profundidad:</b> 4 km<br/><b>Hora local:</b> 2003-12-07T17:49:15+00:00<br/><b>Lugar:</b> Rivera - Huila, Colombia<br/>]]></description>
    <Point>
      <coordinates>-75.013,2.705,-4000</coordinates>
    </Point>
  </Placemark>
  <Placemark>
    <name>M2.6 - Algeciras - Huila, Colombia</name>
    <description><![CDATA[<b>Magnitud:</b> 2.6 ML<br/><b>Profundidad:</b> 19 km<br/><b>Hora local:</b> 2003-12-06T12:41:52+00:00<br/><b>Lugar:</b> Algeciras - Huila, Colombia<br/>]]></description>
    <Point>
      <coordinates>-75.051,2.561,-19000</coordinates>
    </Point>
  </Placemark>
  <Placemark>
    <name>M3.2 - Hobo - Huila, Colombia</name>
    <description><![CDATA[<b>Magnitud:</b> 3.2 ML<br/><b>Profundidad:</b> 4 km<br/><b>Hora local:</b> 2003-11-22T18:47:16+00:00<br/><b>Lugar:</b> Hobo - Huila, Colombia<br/>]]></description>
    <Point>
      <coordinates>-75.497,2.54,-4000</coordinates>
    </Point>
  </Placemark>
  <Placemark>
    <name>M2.5 - Rivera - Huila, Colombia</name>
    <description><![CDATA[<b>Magnitud:</b> 2.5 ML<br/><b>Profundidad:</b> 0 km<br/><b>Hora local:</b> 2003-11-17T05:09:19+00:00<br/><b>Lugar:</b> Rivera - Huila, Colombia<br/>]]></description>
    <Point>
      <coordinates>-75.155,2.707,0</coordinates>
    </Point>
  </Placemark>
  <Placemark>
    <name>M2.6 - Tello - Huila, Colombia</name>
    <description><![CDATA[<b>Magnitud:</b> 2.6 ML<br/><b>Profundidad:</b> 4 km<br/><b>Hora local:</b> 2003-10-27T06:04:42+00:00<br/><b>Lugar:</b> Tello - Huila, Colombia<br/>]]></description>
    <Point>
      <coordinates>-74.923,2.809,-4000</coordinates>
    </Point>
  </Placemark>
  <Placemark>
    <name>M2.5 - Planadas - Tolima, Colombia</name>
    <description><![CDATA[<b>Magnitud:</b> 2.5 ML<br/><b>Profundidad:</b> 14 km<br/><b>Hora local:</b> 2003-10-25T04:54:53+00:00<br/><b>Lugar:</b> Planadas - Tolima, Colombia<br/>]]></description>
    <Point>
      <coordinates>-75.482,3.239,-14000</coordinates>
    </Point>
  </Placemark>
  <Placemark>
    <name>M2.3 - Rivera - Huila, Colombia</name>
    <description><![CDATA[<b>Magnitud:</b> 2.3 ML<br/><b>Profundidad:</b> 0 km<br/><b>Hora local:</b> 2003-10-21T13:24:51+00:00<br/><b>Lugar:</b> Rivera - Huila, Colombia<br/>]]></description>
    <Point>
      <coordinates>-75.201,2.691,0</coordinates>
    </Point>
  </Placemark>
  <Placemark>
    <name>M2.0 - Planadas - Tolima, Colombia</name>
    <description><![CDATA[<b>Magnitud:</b> 2.0 ML<br/><b>Profundidad:</b> 18 km<br/><b>Hora local:</b> 2003-10-09T01:10:44+00:00<br/><b>Lugar:</b> Planadas - Tolima, Colombia<br/>]]></description>
    <Point>
      <coordinates>-75.631,3.206,-18000</coordinates>
    </Point>
  </Placemark>
  <Placemark>
    <name>M2.1 - Baraya - Huila, Colombia</name>
    <description><![CDATA[<b>Magnitud:</b> 2.1 ML<br/><b>Profundidad:</b> 76 km<br/><b>Hora local:</b> 2003-10-07T16:26:28+00:00<br/><b>Lugar:</b> Baraya - Huila, Colombia<br/>]]></description>
    <Point>
      <coordinates>-75.037,3.159,-76000</coordinates>
    </Point>
  </Placemark>
  <Placemark>
    <name>M2.1 - Tello - Huila, Colombia</name>
    <description><![CDATA[<b>Magnitud:</b> 2.1 ML<br/><b>Profundidad:</b> 5 km<br/><b>Hora local:</b> 2003-09-13T10:10:09+00:00<br/><b>Lugar:</b> Tello - Huila, Colombia<br/>]]></description>
    <Point>
      <coordinates>-75.036,2.948,-5000</coordinates>
    </Point>
  </Placemark>
  <Placemark>
    <name>M2.3 - Tello - Huila, Colombia</name>
    <description><![CDATA[<b>Magnitud:</b> 2.3 ML<br/><b>Profundidad:</b> 3 km<br/><b>Hora local:</b> 2003-08-24T12:43:10+00:00<br/><b>Lugar:</b> Tello - Huila, Colombia<br/>]]></description>
    <Point>
      <coordinates>-75.036,2.856,-3000</coordinates>
    </Point>
  </Placemark>
  <Placemark>
    <name>M2.1 - Tello - Huila, Colombia</name>
    <description><![CDATA[<b>Magnitud:</b> 2.1 ML<br/><b>Profundidad:</b> 0 km<br/><b>Hora local:</b> 2003-08-24T04:20:42+00:00<br/><b>Lugar:</b> Tello - Huila, Colombia<br/>]]></description>
    <Point>
      <coordinates>-75.005,2.867,0</coordinates>
    </Point>
  </Placemark>
  <Placemark>
    <name>M2.0 - Campoalegre - Huila, Colombia</name>
    <description><![CDATA[<b>Magnitud:</b> 2.0 ML<br/><b>Profundidad:</b> 0 km<br/><b>Hora local:</b> 2003-08-14T02:34:30+00:00<br/><b>Lugar:</b> Campoalegre - Huila, Colombia<br/>]]></description>
    <Point>
      <coordinates>-75.273,2.692,0</coordinates>
    </Point>
  </Placemark>
  <Placemark>
    <name>M2.0 - Rivera - Huila, Colombia</name>
    <description><![CDATA[<b>Magnitud:</b> 2.0 ML<br/><b>Profundidad:</b> 2 km<br/><b>Hora local:</b> 2003-08-13T07:05:10+00:00<br/><b>Lugar:</b> Rivera - Huila, Colombia<br/>]]></description>
    <Point>
      <coordinates>-75.28,2.768,-2000</coordinates>
    </Point>
  </Placemark>
  <Placemark>
    <name>M4.7 - Rivera - Huila, Colombia</name>
    <description><![CDATA[<b>Magnitud:</b> 4.7 ML<br/><b>Profundidad:</b> 4 km<br/><b>Hora local:</b> 2003-08-12T00:37:05+00:00<br/><b>Lugar:</b> Rivera - Huila, Colombia<br/>]]></description>
    <Point>
      <coordinates>-75.032,2.683,-4000</coordinates>
    </Point>
  </Placemark>
  <Placemark>
    <name>M2.0 - Tello - Huila, Colombia</name>
    <description><![CDATA[<b>Magnitud:</b> 2.0 ML<br/><b>Profundidad:</b> 10 km<br/><b>Hora local:</b> 2003-08-01T00:29:24+00:00<br/><b>Lugar:</b> Tello - Huila, Colombia<br/>]]></description>
    <Point>
      <coordinates>-74.953,2.938,-10000</coordinates>
    </Point>
  </Placemark>
  <Placemark>
    <name>M1.9 - Rivera - Huila, Colombia</name>
    <description><![CDATA[<b>Magnitud:</b> 1.9 ML<br/><b>Profundidad:</b> 4 km<br/><b>Hora local:</b> 2003-07-30T08:09:38+00:00<br/><b>Lugar:</b> Rivera - Huila, Colombia<br/>]]></description>
    <Point>
      <coordinates>-74.932,2.698,-4000</coordinates>
    </Point>
  </Placemark>
  <Placemark>
    <name>M2.2 - Rivera - Huila, Colombia</name>
    <description><![CDATA[<b>Magnitud:</b> 2.2 ML<br/><b>Profundidad:</b> 5 km<br/><b>Hora local:</b> 2003-07-23T23:56:35+00:00<br/><b>Lugar:</b> Rivera - Huila, Colombia<br/>]]></description>
    <Point>
      <coordinates>-75.037,2.638,-5000</coordinates>
    </Point>
  </Placemark>
  <Placemark>
    <name>M2.1 - Rivera - Huila, Colombia</name>
    <description><![CDATA[<b>Magnitud:</b> 2.1 ML<br/><b>Profundidad:</b> 6 km<br/><b>Hora local:</b> 2003-07-20T20:05:23+00:00<br/><b>Lugar:</b> Rivera - Huila, Colombia<br/>]]></description>
    <Point>
      <coordinates>-74.964,2.67,-6000</coordinates>
    </Point>
  </Placemark>
  <Placemark>
    <name>M2.0 - Rivera - Huila, Colombia</name>
    <description><![CDATA[<b>Magnitud:</b> 2.0 ML<br/><b>Profundidad:</b> 3 km<br/><b>Hora local:</b> 2003-07-14T02:42:58+00:00<br/><b>Lugar:</b> Rivera - Huila, Colombia<br/>]]></description>
    <Point>
      <coordinates>-75.14,2.689,-3000</coordinates>
    </Point>
  </Placemark>
  <Placemark>
    <name>M2.4 - Tello - Huila, Colombia</name>
    <description><![CDATA[<b>Magnitud:</b> 2.4 ML<br/><b>Profundidad:</b> 4 km<br/><b>Hora local:</b> 2003-07-07T01:09:36+00:00<br/><b>Lugar:</b> Tello - Huila, Colombia<br/>]]></description>
    <Point>
      <coordinates>-74.911,2.823,-4000</coordinates>
    </Point>
  </Placemark>
  <Placemark>
    <name>M2.9 - Algeciras - Huila, Colombia</name>
    <description><![CDATA[<b>Magnitud:</b> 2.9 ML<br/><b>Profundidad:</b> 16 km<br/><b>Hora local:</b> 2003-07-04T09:45:20+00:00<br/><b>Lugar:</b> Algeciras - Huila, Colombia<br/>]]></description>
    <Point>
      <coordinates>-75.397,2.497,-16000</coordinates>
    </Point>
  </Placemark>
  <Placemark>
    <name>M2.2 - Rivera - Huila, Colombia</name>
    <description><![CDATA[<b>Magnitud:</b> 2.2 ML<br/><b>Profundidad:</b> 4 km<br/><b>Hora local:</b> 2003-06-14T03:17:03+00:00<br/><b>Lugar:</b> Rivera - Huila, Colombia<br/>]]></description>
    <Point>
      <coordinates>-75.219,2.721,-4000</coordinates>
    </Point>
  </Placemark>
  <Placemark>
    <name>M2.3 - Tello - Huila, Colombia</name>
    <description><![CDATA[<b>Magnitud:</b> 2.3 ML<br/><b>Profundidad:</b> 1 km<br/><b>Hora local:</b> 2003-06-08T02:38:22+00:00<br/><b>Lugar:</b> Tello - Huila, Colombia<br/>]]></description>
    <Point>
      <coordinates>-74.889,2.838,-1000</coordinates>
    </Point>
  </Placemark>
  <Placemark>
    <name>M2.5 - Tello - Huila, Colombia</name>
    <description><![CDATA[<b>Magnitud:</b> 2.5 ML<br/><b>Profundidad:</b> 0 km<br/><b>Hora local:</b> 2003-05-30T23:55:10+00:00<br/><b>Lugar:</b> Tello - Huila, Colombia<br/>]]></description>
    <Point>
      <coordinates>-75.027,2.886,0</coordinates>
    </Point>
  </Placemark>
  <Placemark>
    <name>M2.7 - Rivera - Huila, Colombia</name>
    <description><![CDATA[<b>Magnitud:</b> 2.7 ML<br/><b>Profundidad:</b> 0 km<br/><b>Hora local:</b> 2003-04-16T11:20:41+00:00<br/><b>Lugar:</b> Rivera - Huila, Colombia<br/>]]></description>
    <Point>
      <coordinates>-75.125,2.676,0</coordinates>
    </Point>
  </Placemark>
  <Placemark>
    <name>M3.3 - Rivera - Huila, Colombia</name>
    <description><![CDATA[<b>Magnitud:</b> 3.3 ML<br/><b>Profundidad:</b> 0 km<br/><b>Hora local:</b> 2003-04-13T00:04:52+00:00<br/><b>Lugar:</b> Rivera - Huila, Colombia<br/>]]></description>
    <Point>
      <coordinates>-75.164,2.847,0</coordinates>
    </Point>
  </Placemark>
  <Placemark>
    <name>M2.0 - Algeciras - Huila, Colombia</name>
    <description><![CDATA[<b>Magnitud:</b> 2.0 ML<br/><b>Profundidad:</b> 83 km<br/><b>Hora local:</b> 2003-04-06T00:08:27+00:00<br/><b>Lugar:</b> Algeciras - Huila, Colombia<br/>]]></description>
    <Point>
      <coordinates>-75.201,2.505,-83000</coordinates>
    </Point>
  </Placemark>
  <Placemark>
    <name>M2.3 - Rivera - Huila, Colombia</name>
    <description><![CDATA[<b>Magnitud:</b> 2.3 ML<br/><b>Profundidad:</b> 4 km<br/><b>Hora local:</b> 2003-03-29T07:46:32+00:00<br/><b>Lugar:</b> Rivera - Huila, Colombia<br/>]]></description>
    <Point>
      <coordinates>-75.117,2.706,-4000</coordinates>
    </Point>
  </Placemark>
  <Placemark>
    <name>M2.3 - Algeciras - Huila, Colombia</name>
    <description><![CDATA[<b>Magnitud:</b> 2.3 ML<br/><b>Profundidad:</b> 4 km<br/><b>Hora local:</b> 2003-03-28T10:55:30+00:00<br/><b>Lugar:</b> Algeciras - Huila, Colombia<br/>]]></description>
    <Point>
      <coordinates>-75.121,2.562,-4000</coordinates>
    </Point>
  </Placemark>
  <Placemark>
    <name>M2.6 - Algeciras - Huila, Colombia</name>
    <description><![CDATA[<b>Magnitud:</b> 2.6 ML<br/><b>Profundidad:</b> 20 km<br/><b>Hora local:</b> 2003-03-23T21:47:21+00:00<br/><b>Lugar:</b> Algeciras - Huila, Colombia<br/>]]></description>
    <Point>
      <coordinates>-75.324,2.531,-20000</coordinates>
    </Point>
  </Placemark>
  <Placemark>
    <name>M1.9 - Tello - Huila, Colombia</name>
    <description><![CDATA[<b>Magnitud:</b> 1.9 ML<br/><b>Profundidad:</b> 4 km<br/><b>Hora local:</b> 2003-03-15T14:13:41+00:00<br/><b>Lugar:</b> Tello - Huila, Colombia<br/>]]></description>
    <Point>
      <coordinates>-74.951,2.954,-4000</coordinates>
    </Point>
  </Placemark>
  <Placemark>
    <name>M2.7 - Rivera - Huila, Colombia</name>
    <description><![CDATA[<b>Magnitud:</b> 2.7 ML<br/><b>Profundidad:</b> 8 km<br/><b>Hora local:</b> 2003-03-10T09:58:33+00:00<br/><b>Lugar:</b> Rivera - Huila, Colombia<br/>]]></description>
    <Point>
      <coordinates>-75.052,2.708,-8000</coordinates>
    </Point>
  </Placemark>
  <Placemark>
    <name>M1.9 - Rivera - Huila, Colombia</name>
    <description><![CDATA[<b>Magnitud:</b> 1.9 ML<br/><b>Profundidad:</b> 4 km<br/><b>Hora local:</b> 2003-03-08T17:03:00+00:00<br/><b>Lugar:</b> Rivera - Huila, Colombia<br/>]]></description>
    <Point>
      <coordinates>-75.068,2.706,-4000</coordinates>
    </Point>
  </Placemark>
  <Placemark>
    <name>M2.7 - Palermo - Huila, Colombia</name>
    <description><![CDATA[<b>Magnitud:</b> 2.7 ML<br/><b>Profundidad:</b> 0 km<br/><b>Hora local:</b> 2003-03-07T16:50:23+00:00<br/><b>Lugar:</b> Palermo - Huila, Colombia<br/>]]></description>
    <Point>
      <coordinates>-75.458,2.84,0</coordinates>
    </Point>
  </Placemark>
  <Placemark>
    <name>M1.6 - Baraya - Huila, Colombia</name>
    <description><![CDATA[<b>Magnitud:</b> 1.6 ML<br/><b>Profundidad:</b> 4 km<br/><b>Hora local:</b> 2003-02-24T20:24:19+00:00<br/><b>Lugar:</b> Baraya - Huila, Colombia<br/>]]></description>
    <Point>
      <coordinates>-75.024,3.143,-4000</coordinates>
    </Point>
  </Placemark>
  <Placemark>
    <name>M1.6 - Rivera - Huila, Colombia</name>
    <description><![CDATA[<b>Magnitud:</b> 1.6 ML<br/><b>Profundidad:</b> 4 km<br/><b>Hora local:</b> 2003-02-03T01:58:57+00:00<br/><b>Lugar:</b> Rivera - Huila, Colombia<br/>]]></description>
    <Point>
      <coordinates>-75.056,2.609,-4000</coordinates>
    </Point>
  </Placemark>
  <Placemark>
    <name>M1.9 - Rivera - Huila, Colombia</name>
    <description><![CDATA[<b>Magnitud:</b> 1.9 ML<br/><b>Profundidad:</b> 0 km<br/><b>Hora local:</b> 2003-01-18T01:07:55+00:00<br/><b>Lugar:</b> Rivera - Huila, Colombia<br/>]]></description>
    <Point>
      <coordinates>-75.267,2.771,0</coordinates>
    </Point>
  </Placemark>
  <Placemark>
    <name>M2.7 - Algeciras - Huila, Colombia</name>
    <description><![CDATA[<b>Magnitud:</b> 2.7 ML<br/><b>Profundidad:</b> 2 km<br/><b>Hora local:</b> 2003-01-17T16:35:31+00:00<br/><b>Lugar:</b> Algeciras - Huila, Colombia<br/>]]></description>
    <Point>
      <coordinates>-75.252,2.553,-2000</coordinates>
    </Point>
  </Placemark>
  <Placemark>
    <name>M2.5 - Rivera - Huila, Colombia</name>
    <description><![CDATA[<b>Magnitud:</b> 2.5 ML<br/><b>Profundidad:</b> 5 km<br/><b>Hora local:</b> 2003-01-09T08:23:54+00:00<br/><b>Lugar:</b> Rivera - Huila, Colombia<br/>]]></description>
    <Point>
      <coordinates>-75.135,2.651,-5000</coordinates>
    </Point>
  </Placemark>
  <Placemark>
    <name>M2.2 - Rivera - Huila, Colombia</name>
    <description><![CDATA[<b>Magnitud:</b> 2.2 ML<br/><b>Profundidad:</b> 0 km<br/><b>Hora local:</b> 2002-12-27T05:01:40+00:00<br/><b>Lugar:</b> Rivera - Huila, Colombia<br/>]]></description>
    <Point>
      <coordinates>-75.154,2.632,0</coordinates>
    </Point>
  </Placemark>
  <Placemark>
    <name>M2.3 - Rivera - Huila, Colombia</name>
    <description><![CDATA[<b>Magnitud:</b> 2.3 ML<br/><b>Profundidad:</b> 1 km<br/><b>Hora local:</b> 2002-12-06T12:22:17+00:00<br/><b>Lugar:</b> Rivera - Huila, Colombia<br/>]]></description>
    <Point>
      <coordinates>-75.237,2.728,-1000</coordinates>
    </Point>
  </Placemark>
  <Placemark>
    <name>M2.9 - Rivera - Huila, Colombia</name>
    <description><![CDATA[<b>Magnitud:</b> 2.9 ML<br/><b>Profundidad:</b> 0 km<br/><b>Hora local:</b> 2002-12-04T04:51:36+00:00<br/><b>Lugar:</b> Rivera - Huila, Colombia<br/>]]></description>
    <Point>
      <coordinates>-75.08,2.66,0</coordinates>
    </Point>
  </Placemark>
  <Placemark>
    <name>M1.7 - Baraya - Huila, Colombia</name>
    <description><![CDATA[<b>Magnitud:</b> 1.7 ML<br/><b>Profundidad:</b> 2 km<br/><b>Hora local:</b> 2002-12-03T21:44:50+00:00<br/><b>Lugar:</b> Baraya - Huila, Colombia<br/>]]></description>
    <Point>
      <coordinates>-74.937,3.193,-2000</coordinates>
    </Point>
  </Placemark>
  <Placemark>
    <name>M3.6 - Neiva - Huila, Colombia</name>
    <description><![CDATA[<b>Magnitud:</b> 3.6 ML<br/><b>Profundidad:</b> 0 km<br/><b>Hora local:</b> 2002-11-18T18:52:08+00:00<br/><b>Lugar:</b> Neiva - Huila, Colombia<br/>]]></description>
    <Point>
      <coordinates>-75.202,2.897,0</coordinates>
    </Point>
  </Placemark>
  <Placemark>
    <name>M1.6 - Baraya - Huila, Colombia</name>
    <description><![CDATA[<b>Magnitud:</b> 1.6 ML<br/><b>Profundidad:</b> 0 km<br/><b>Hora local:</b> 2002-11-14T20:34:25+00:00<br/><b>Lugar:</b> Baraya - Huila, Colombia<br/>]]></description>
    <Point>
      <coordinates>-74.921,3.076,0</coordinates>
    </Point>
  </Placemark>
  <Placemark>
    <name>M1.9 - Palermo - Huila, Colombia</name>
    <description><![CDATA[<b>Magnitud:</b> 1.9 ML<br/><b>Profundidad:</b> 10 km<br/><b>Hora local:</b> 2002-10-22T01:30:29+00:00<br/><b>Lugar:</b> Palermo - Huila, Colombia<br/>]]></description>
    <Point>
      <coordinates>-75.421,2.791,-10000</coordinates>
    </Point>
  </Placemark>
  <Placemark>
    <name>M1.8 - Baraya - Huila, Colombia</name>
    <description><![CDATA[<b>Magnitud:</b> 1.8 ML<br/><b>Profundidad:</b> 2 km<br/><b>Hora local:</b> 2002-10-05T18:16:15+00:00<br/><b>Lugar:</b> Baraya - Huila, Colombia<br/>]]></description>
    <Point>
      <coordinates>-74.851,2.919,-2000</coordinates>
    </Point>
  </Placemark>
  <Placemark>
    <name>M2.1 - Tello - Huila, Colombia</name>
    <description><![CDATA[<b>Magnitud:</b> 2.1 ML<br/><b>Profundidad:</b> 7 km<br/><b>Hora local:</b> 2002-10-02T22:14:16+00:00<br/><b>Lugar:</b> Tello - Huila, Colombia<br/>]]></description>
    <Point>
      <coordinates>-74.893,2.844,-7000</coordinates>
    </Point>
  </Placemark>
  <Placemark>
    <name>M2.4 - Tello - Huila, Colombia</name>
    <description><![CDATA[<b>Magnitud:</b> 2.4 ML<br/><b>Profundidad:</b> 4 km<br/><b>Hora local:</b> 2002-09-30T18:15:57+00:00<br/><b>Lugar:</b> Tello - Huila, Colombia<br/>]]></description>
    <Point>
      <coordinates>-74.991,2.952,-4000</coordinates>
    </Point>
  </Placemark>
  <Placemark>
    <name>M2.1 - Baraya - Huila, Colombia</name>
    <description><![CDATA[<b>Magnitud:</b> 2.1 ML<br/><b>Profundidad:</b> 3 km<br/><b>Hora local:</b> 2002-09-09T22:41:19+00:00<br/><b>Lugar:</b> Baraya - Huila, Colombia<br/>]]></description>
    <Point>
      <coordinates>-74.986,3.005,-3000</coordinates>
    </Point>
  </Placemark>
  <Placemark>
    <name>M2.6 - Baraya - Huila, Colombia</name>
    <description><![CDATA[<b>Magnitud:</b> 2.6 ML<br/><b>Profundidad:</b> 98 km<br/><b>Hora local:</b> 2002-09-01T00:06:28+00:00<br/><b>Lugar:</b> Baraya - Huila, Colombia<br/>]]></description>
    <Point>
      <coordinates>-74.849,2.957,-98000</coordinates>
    </Point>
  </Placemark>
  <Placemark>
    <name>M2.4 - Tello - Huila, Colombia</name>
    <description><![CDATA[<b>Magnitud:</b> 2.4 ML<br/><b>Profundidad:</b> 1 km<br/><b>Hora local:</b> 2002-08-31T19:24:13+00:00<br/><b>Lugar:</b> Tello - Huila, Colombia<br/>]]></description>
    <Point>
      <coordinates>-74.984,2.845,-1000</coordinates>
    </Point>
  </Placemark>
  <Placemark>
    <name>M3.0 - Íquira - Huila, Colombia</name>
    <description><![CDATA[<b>Magnitud:</b> 3.0 ML<br/><b>Profundidad:</b> 124 km<br/><b>Hora local:</b> 2002-08-03T15:31:29+00:00<br/><b>Lugar:</b> Íquira - Huila, Colombia<br/>]]></description>
    <Point>
      <coordinates>-75.606,2.69,-124000</coordinates>
    </Point>
  </Placemark>
  <Placemark>
    <name>M2.6 - Rivera - Huila, Colombia</name>
    <description><![CDATA[<b>Magnitud:</b> 2.6 ML<br/><b>Profundidad:</b> 0 km<br/><b>Hora local:</b> 2002-07-09T02:15:28+00:00<br/><b>Lugar:</b> Rivera - Huila, Colombia<br/>]]></description>
    <Point>
      <coordinates>-75.14,2.693,0</coordinates>
    </Point>
  </Placemark>
  <Placemark>
    <name>M2.5 - Rivera - Huila, Colombia</name>
    <description><![CDATA[<b>Magnitud:</b> 2.5 ML<br/><b>Profundidad:</b> 4 km<br/><b>Hora local:</b> 2002-07-06T07:43:37+00:00<br/><b>Lugar:</b> Rivera - Huila, Colombia<br/>]]></description>
    <Point>
      <coordinates>-75.17,2.699,-4000</coordinates>
    </Point>
  </Placemark>
  <Placemark>
    <name>M2.3 - Tello - Huila, Colombia</name>
    <description><![CDATA[<b>Magnitud:</b> 2.3 ML<br/><b>Profundidad:</b> 10 km<br/><b>Hora local:</b> 2002-06-13T16:08:02+00:00<br/><b>Lugar:</b> Tello - Huila, Colombia<br/>]]></description>
    <Point>
      <coordinates>-74.868,2.861,-10000</coordinates>
    </Point>
  </Placemark>
  <Placemark>
    <name>M2.0 - Tello - Huila, Colombia</name>
    <description><![CDATA[<b>Magnitud:</b> 2.0 ML<br/><b>Profundidad:</b> 4 km<br/><b>Hora local:</b> 2002-05-31T01:29:28+00:00<br/><b>Lugar:</b> Tello - Huila, Colombia<br/>]]></description>
    <Point>
      <coordinates>-75.001,2.9,-4000</coordinates>
    </Point>
  </Placemark>
  <Placemark>
    <name>M2.0 - Neiva - Huila, Colombia</name>
    <description><![CDATA[<b>Magnitud:</b> 2.0 ML<br/><b>Profundidad:</b> 1 km<br/><b>Hora local:</b> 2002-05-23T23:43:35+00:00<br/><b>Lugar:</b> Neiva - Huila, Colombia<br/>]]></description>
    <Point>
      <coordinates>-75.161,2.912,-1000</coordinates>
    </Point>
  </Placemark>
  <Placemark>
    <name>M2.2 - Rivera - Huila, Colombia</name>
    <description><![CDATA[<b>Magnitud:</b> 2.2 ML<br/><b>Profundidad:</b> 4 km<br/><b>Hora local:</b> 2002-05-18T17:30:10+00:00<br/><b>Lugar:</b> Rivera - Huila, Colombia<br/>]]></description>
    <Point>
      <coordinates>-75.032,2.682,-4000</coordinates>
    </Point>
  </Placemark>
  <Placemark>
    <name>M2.8 - Baraya - Huila, Colombia</name>
    <description><![CDATA[<b>Magnitud:</b> 2.8 ML<br/><b>Profundidad:</b> 6 km<br/><b>Hora local:</b> 2002-05-09T11:05:46+00:00<br/><b>Lugar:</b> Baraya - Huila, Colombia<br/>]]></description>
    <Point>
      <coordinates>-74.882,2.979,-6000</coordinates>
    </Point>
  </Placemark>
  <Placemark>
    <name>M2.1 - Campoalegre - Huila, Colombia</name>
    <description><![CDATA[<b>Magnitud:</b> 2.1 ML<br/><b>Profundidad:</b> 3 km<br/><b>Hora local:</b> 2002-05-04T17:19:02+00:00<br/><b>Lugar:</b> Campoalegre - Huila, Colombia<br/>]]></description>
    <Point>
      <coordinates>-75.25,2.691,-3000</coordinates>
    </Point>
  </Placemark>
  <Placemark>
    <name>M1.9 - Rivera - Huila, Colombia</name>
    <description><![CDATA[<b>Magnitud:</b> 1.9 ML<br/><b>Profundidad:</b> 4 km<br/><b>Hora local:</b> 2002-05-01T07:32:30+00:00<br/><b>Lugar:</b> Rivera - Huila, Colombia<br/>]]></description>
    <Point>
      <coordinates>-75.078,2.676,-4000</coordinates>
    </Point>
  </Placemark>
  <Placemark>
    <name>M2.3 - Rivera - Huila, Colombia</name>
    <description><![CDATA[<b>Magnitud:</b> 2.3 ML<br/><b>Profundidad:</b> 2 km<br/><b>Hora local:</b> 2002-04-27T03:51:12+00:00<br/><b>Lugar:</b> Rivera - Huila, Colombia<br/>]]></description>
    <Point>
      <coordinates>-75.227,2.698,-2000</coordinates>
    </Point>
  </Placemark>
  <Placemark>
    <name>M2.1 - Tello - Huila, Colombia</name>
    <description><![CDATA[<b>Magnitud:</b> 2.1 ML<br/><b>Profundidad:</b> 0 km<br/><b>Hora local:</b> 2002-04-25T01:25:10+00:00<br/><b>Lugar:</b> Tello - Huila, Colombia<br/>]]></description>
    <Point>
      <coordinates>-74.983,2.987,0</coordinates>
    </Point>
  </Placemark>
  <Placemark>
    <name>M2.7 - Tello - Huila, Colombia</name>
    <description><![CDATA[<b>Magnitud:</b> 2.7 ML<br/><b>Profundidad:</b> 1 km<br/><b>Hora local:</b> 2002-04-22T19:12:57+00:00<br/><b>Lugar:</b> Tello - Huila, Colombia<br/>]]></description>
    <Point>
      <coordinates>-74.967,2.951,-1000</coordinates>
    </Point>
  </Placemark>
  <Placemark>
    <name>M4.0 - Tello - Huila, Colombia</name>
    <description><![CDATA[<b>Magnitud:</b> 4.0 ML<br/><b>Profundidad:</b> 20 km<br/><b>Hora local:</b> 2002-04-15T06:16:03+00:00<br/><b>Lugar:</b> Tello - Huila, Colombia<br/>]]></description>
    <Point>
      <coordinates>-75.052,2.875,-20000</coordinates>
    </Point>
  </Placemark>
  <Placemark>
    <name>M1.9 - Baraya - Huila, Colombia</name>
    <description><![CDATA[<b>Magnitud:</b> 1.9 ML<br/><b>Profundidad:</b> 4 km<br/><b>Hora local:</b> 2002-04-15T00:06:03+00:00<br/><b>Lugar:</b> Baraya - Huila, Colombia<br/>]]></description>
    <Point>
      <coordinates>-74.914,2.971,-4000</coordinates>
    </Point>
  </Placemark>
  <Placemark>
    <name>M2.2 - Tello - Huila, Colombia</name>
    <description><![CDATA[<b>Magnitud:</b> 2.2 ML<br/><b>Profundidad:</b> 6 km<br/><b>Hora local:</b> 2002-04-14T19:29:04+00:00<br/><b>Lugar:</b> Tello - Huila, Colombia<br/>]]></description>
    <Point>
      <coordinates>-74.953,2.848,-6000</coordinates>
    </Point>
  </Placemark>
  <Placemark>
    <name>M2.3 - Tello - Huila, Colombia</name>
    <description><![CDATA[<b>Magnitud:</b> 2.3 ML<br/><b>Profundidad:</b> 3 km<br/><b>Hora local:</b> 2002-04-08T13:11:59+00:00<br/><b>Lugar:</b> Tello - Huila, Colombia<br/>]]></description>
    <Point>
      <coordinates>-75.068,2.957,-3000</coordinates>
    </Point>
  </Placemark>
  <Placemark>
    <name>M2.1 - Tello - Huila, Colombia</name>
    <description><![CDATA[<b>Magnitud:</b> 2.1 ML<br/><b>Profundidad:</b> 3 km<br/><b>Hora local:</b> 2002-04-04T00:17:25+00:00<br/><b>Lugar:</b> Tello - Huila, Colombia<br/>]]></description>
    <Point>
      <coordinates>-74.965,2.864,-3000</coordinates>
    </Point>
  </Placemark>
  <Placemark>
    <name>M3.1 - Campoalegre - Huila, Colombia</name>
    <description><![CDATA[<b>Magnitud:</b> 3.1 ML<br/><b>Profundidad:</b> 2 km<br/><b>Hora local:</b> 2002-03-26T22:47:00+00:00<br/><b>Lugar:</b> Campoalegre - Huila, Colombia<br/>]]></description>
    <Point>
      <coordinates>-75.366,2.671,-2000</coordinates>
    </Point>
  </Placemark>
  <Placemark>
    <name>M1.7 - Tello - Huila, Colombia</name>
    <description><![CDATA[<b>Magnitud:</b> 1.7 ML<br/><b>Profundidad:</b> 4 km<br/><b>Hora local:</b> 2002-03-25T02:30:18+00:00<br/><b>Lugar:</b> Tello - Huila, Colombia<br/>]]></description>
    <Point>
      <coordinates>-74.977,2.914,-4000</coordinates>
    </Point>
  </Placemark>
  <Placemark>
    <name>M2.1 - Tello - Huila, Colombia</name>
    <description><![CDATA[<b>Magnitud:</b> 2.1 ML<br/><b>Profundidad:</b> 4 km<br/><b>Hora local:</b> 2002-03-24T03:00:39+00:00<br/><b>Lugar:</b> Tello - Huila, Colombia<br/>]]></description>
    <Point>
      <coordinates>-75.071,3.027,-4000</coordinates>
    </Point>
  </Placemark>
  <Placemark>
    <name>M2.2 - Tello - Huila, Colombia</name>
    <description><![CDATA[<b>Magnitud:</b> 2.2 ML<br/><b>Profundidad:</b> 4 km<br/><b>Hora local:</b> 2002-03-16T06:13:26+00:00<br/><b>Lugar:</b> Tello - Huila, Colombia<br/>]]></description>
    <Point>
      <coordinates>-74.987,2.893,-4000</coordinates>
    </Point>
  </Placemark>
  <Placemark>
    <name>M2.5 - Neiva - Huila, Colombia</name>
    <description><![CDATA[<b>Magnitud:</b> 2.5 ML<br/><b>Profundidad:</b> 10 km<br/><b>Hora local:</b> 2002-03-15T11:20:05+00:00<br/><b>Lugar:</b> Neiva - Huila, Colombia<br/>]]></description>
    <Point>
      <coordinates>-75.165,2.928,-10000</coordinates>
    </Point>
  </Placemark>
  <Placemark>
    <name>M2.5 - Tello - Huila, Colombia</name>
    <description><![CDATA[<b>Magnitud:</b> 2.5 ML<br/><b>Profundidad:</b> 4 km<br/><b>Hora local:</b> 2002-03-09T08:26:06+00:00<br/><b>Lugar:</b> Tello - Huila, Colombia<br/>]]></description>
    <Point>
      <coordinates>-75.046,2.931,-4000</coordinates>
    </Point>
  </Placemark>
  <Placemark>
    <name>M2.2 - Rivera - Huila, Colombia</name>
    <description><![CDATA[<b>Magnitud:</b> 2.2 ML<br/><b>Profundidad:</b> 1 km<br/><b>Hora local:</b> 2002-02-14T07:01:35+00:00<br/><b>Lugar:</b> Rivera - Huila, Colombia<br/>]]></description>
    <Point>
      <coordinates>-75.163,2.841,-1000</coordinates>
    </Point>
  </Placemark>
  <Placemark>
    <name>M2.6 - Neiva - Huila, Colombia</name>
    <description><![CDATA[<b>Magnitud:</b> 2.6 ML<br/><b>Profundidad:</b> 0 km<br/><b>Hora local:</b> 2002-02-11T09:23:06+00:00<br/><b>Lugar:</b> Neiva - Huila, Colombia<br/>]]></description>
    <Point>
      <coordinates>-75.363,2.95,0</coordinates>
    </Point>
  </Placemark>
  <Placemark>
    <name>M2.4 - Baraya - Huila, Colombia</name>
    <description><![CDATA[<b>Magnitud:</b> 2.4 ML<br/><b>Profundidad:</b> 6 km<br/><b>Hora local:</b> 2002-01-31T11:26:32+00:00<br/><b>Lugar:</b> Baraya - Huila, Colombia<br/>]]></description>
    <Point>
      <coordinates>-74.963,2.983,-6000</coordinates>
    </Point>
  </Placemark>
  <Placemark>
    <name>M1.8 - Tello - Huila, Colombia</name>
    <description><![CDATA[<b>Magnitud:</b> 1.8 ML<br/><b>Profundidad:</b> 3 km<br/><b>Hora local:</b> 2002-01-13T00:01:05+00:00<br/><b>Lugar:</b> Tello - Huila, Colombia<br/>]]></description>
    <Point>
      <coordinates>-74.999,2.983,-3000</coordinates>
    </Point>
  </Placemark>
  <Placemark>
    <name>M3.4 - Baraya - Huila, Colombia</name>
    <description><![CDATA[<b>Magnitud:</b> 3.4 ML<br/><b>Profundidad:</b> 4 km<br/><b>Hora local:</b> 2002-01-02T12:26:38+00:00<br/><b>Lugar:</b> Baraya - Huila, Colombia<br/>]]></description>
    <Point>
      <coordinates>-74.893,2.951,-4000</coordinates>
    </Point>
  </Placemark>
  <Placemark>
    <name>M2.8 - Tello - Huila, Colombia</name>
    <description><![CDATA[<b>Magnitud:</b> 2.8 ML<br/><b>Profundidad:</b> 0 km<br/><b>Hora local:</b> 2001-12-15T16:15:22+00:00<br/><b>Lugar:</b> Tello - Huila, Colombia<br/>]]></description>
    <Point>
      <coordinates>-75.158,3.04,0</coordinates>
    </Point>
  </Placemark>
  <Placemark>
    <name>M3.0 - Campoalegre - Huila, Colombia</name>
    <description><![CDATA[<b>Magnitud:</b> 3.0 ML<br/><b>Profundidad:</b> 1 km<br/><b>Hora local:</b> 2001-10-02T09:16:47+00:00<br/><b>Lugar:</b> Campoalegre - Huila, Colombia<br/>]]></description>
    <Point>
      <coordinates>-75.268,2.664,-1000</coordinates>
    </Point>
  </Placemark>
  <Placemark>
    <name>M3.1 - Villavieja - Huila, Colombia</name>
    <description><![CDATA[<b>Magnitud:</b> 3.1 ML<br/><b>Profundidad:</b> 4 km<br/><b>Hora local:</b> 2001-09-10T08:19:11+00:00<br/><b>Lugar:</b> Villavieja - Huila, Colombia<br/>]]></description>
    <Point>
      <coordinates>-75.156,3.244,-4000</coordinates>
    </Point>
  </Placemark>
  <Placemark>
    <name>M3.0 - Yaguará - Huila, Colombia</name>
    <description><![CDATA[<b>Magnitud:</b> 3.0 ML<br/><b>Profundidad:</b> 124 km<br/><b>Hora local:</b> 2001-09-04T20:09:29+00:00<br/><b>Lugar:</b> Yaguará - Huila, Colombia<br/>]]></description>
    <Point>
      <coordinates>-75.543,2.698,-124000</coordinates>
    </Point>
  </Placemark>
  <Placemark>
    <name>M2.4 - Tello - Huila, Colombia</name>
    <description><![CDATA[<b>Magnitud:</b> 2.4 ML<br/><b>Profundidad:</b> 0 km<br/><b>Hora local:</b> 2001-07-22T20:18:31+00:00<br/><b>Lugar:</b> Tello - Huila, Colombia<br/>]]></description>
    <Point>
      <coordinates>-75.059,3.002,0</coordinates>
    </Point>
  </Placemark>
  <Placemark>
    <name>M2.8 - Rivera - Huila, Colombia</name>
    <description><![CDATA[<b>Magnitud:</b> 2.8 ML<br/><b>Profundidad:</b> 0 km<br/><b>Hora local:</b> 2001-06-23T08:06:09+00:00<br/><b>Lugar:</b> Rivera - Huila, Colombia<br/>]]></description>
    <Point>
      <coordinates>-75.145,2.701,0</coordinates>
    </Point>
  </Placemark>
  <Placemark>
    <name>M2.3 - Baraya - Huila, Colombia</name>
    <description><![CDATA[<b>Magnitud:</b> 2.3 ML<br/><b>Profundidad:</b> 0 km<br/><b>Hora local:</b> 2001-05-25T01:37:32+00:00<br/><b>Lugar:</b> Baraya - Huila, Colombia<br/>]]></description>
    <Point>
      <coordinates>-74.956,3.126,0</coordinates>
    </Point>
  </Placemark>
  <Placemark>
    <name>M2.0 - Baraya - Huila, Colombia</name>
    <description><![CDATA[<b>Magnitud:</b> 2.0 ML<br/><b>Profundidad:</b> 1 km<br/><b>Hora local:</b> 2001-04-01T01:28:22+00:00<br/><b>Lugar:</b> Baraya - Huila, Colombia<br/>]]></description>
    <Point>
      <coordinates>-74.859,3.022,-1000</coordinates>
    </Point>
  </Placemark>
  <Placemark>
    <name>M2.2 - Aipe - Huila, Colombia</name>
    <description><![CDATA[<b>Magnitud:</b> 2.2 ML<br/><b>Profundidad:</b> 1 km<br/><b>Hora local:</b> 2001-03-17T13:45:37+00:00<br/><b>Lugar:</b> Aipe - Huila, Colombia<br/>]]></description>
    <Point>
      <coordinates>-75.426,3.273,-1000</coordinates>
    </Point>
  </Placemark>
  <Placemark>
    <name>M3.9 - Rivera - Huila, Colombia</name>
    <description><![CDATA[<b>Magnitud:</b> 3.9 ML<br/><b>Profundidad:</b> 84 km<br/><b>Hora local:</b> 2001-03-06T14:37:41+00:00<br/><b>Lugar:</b> Rivera - Huila, Colombia<br/>]]></description>
    <Point>
      <coordinates>-75.09,2.781,-84000</coordinates>
    </Point>
  </Placemark>
  <Placemark>
    <name>M3.1 - Tello - Huila, Colombia</name>
    <description><![CDATA[<b>Magnitud:</b> 3.1 ML<br/><b>Profundidad:</b> 120 km<br/><b>Hora local:</b> 2001-02-01T11:18:45+00:00<br/><b>Lugar:</b> Tello - Huila, Colombia<br/>]]></description>
    <Point>
      <coordinates>-75.072,3.0,-120000</coordinates>
    </Point>
  </Placemark>
  <Placemark>
    <name>M4.5 - Tello - Huila, Colombia</name>
    <description><![CDATA[<b>Magnitud:</b> 4.5 ML<br/><b>Profundidad:</b> 0 km<br/><b>Hora local:</b> 2000-12-30T21:10:35+00:00<br/><b>Lugar:</b> Tello - Huila, Colombia<br/>]]></description>
    <Point>
      <coordinates>-74.977,2.888,0</coordinates>
    </Point>
  </Placemark>
  <Placemark>
    <name>M2.1 - Tello - Huila, Colombia</name>
    <description><![CDATA[<b>Magnitud:</b> 2.1 ML<br/><b>Profundidad:</b> 9 km<br/><b>Hora local:</b> 2000-10-17T23:48:25+00:00<br/><b>Lugar:</b> Tello - Huila, Colombia<br/>]]></description>
    <Point>
      <coordinates>-75.027,2.956,-9000</coordinates>
    </Point>
  </Placemark>
  <Placemark>
    <name>M2.8 - Rivera - Huila, Colombia</name>
    <description><![CDATA[<b>Magnitud:</b> 2.8 ML<br/><b>Profundidad:</b> 0 km<br/><b>Hora local:</b> 2000-09-19T22:31:50+00:00<br/><b>Lugar:</b> Rivera - Huila, Colombia<br/>]]></description>
    <Point>
      <coordinates>-75.154,2.761,0</coordinates>
    </Point>
  </Placemark>
  <Placemark>
    <name>M3.0 - Campoalegre - Huila, Colombia</name>
    <description><![CDATA[<b>Magnitud:</b> 3.0 ML<br/><b>Profundidad:</b> 0 km<br/><b>Hora local:</b> 2000-09-09T21:31:06+00:00<br/><b>Lugar:</b> Campoalegre - Huila, Colombia<br/>]]></description>
    <Point>
      <coordinates>-75.413,2.68,0</coordinates>
    </Point>
  </Placemark>
  <Placemark>
    <name>M2.5 - Baraya - Huila, Colombia</name>
    <description><![CDATA[<b>Magnitud:</b> 2.5 ML<br/><b>Profundidad:</b> 0 km<br/><b>Hora local:</b> 2000-08-19T03:32:45+00:00<br/><b>Lugar:</b> Baraya - Huila, Colombia<br/>]]></description>
    <Point>
      <coordinates>-74.983,3.009,0</coordinates>
    </Point>
  </Placemark>
  <Placemark>
    <name>M2.2 - Rivera - Huila, Colombia</name>
    <description><![CDATA[<b>Magnitud:</b> 2.2 ML<br/><b>Profundidad:</b> 2 km<br/><b>Hora local:</b> 2000-08-02T08:40:57+00:00<br/><b>Lugar:</b> Rivera - Huila, Colombia<br/>]]></description>
    <Point>
      <coordinates>-75.202,2.677,-2000</coordinates>
    </Point>
  </Placemark>
  <Placemark>
    <name>M2.8 - Neiva - Huila, Colombia</name>
    <description><![CDATA[<b>Magnitud:</b> 2.8 ML<br/><b>Profundidad:</b> 1 km<br/><b>Hora local:</b> 2000-07-02T08:41:57+00:00<br/><b>Lugar:</b> Neiva - Huila, Colombia<br/>]]></description>
    <Point>
      <coordinates>-75.182,2.965,-1000</coordinates>
    </Point>
  </Placemark>
  <Placemark>
    <name>M1.9 - Tello - Huila, Colombia</name>
    <description><![CDATA[<b>Magnitud:</b> 1.9 ML<br/><b>Profundidad:</b> 2 km<br/><b>Hora local:</b> 2000-06-15T02:58:04+00:00<br/><b>Lugar:</b> Tello - Huila, Colombia<br/>]]></description>
    <Point>
      <coordinates>-75.062,3.042,-2000</coordinates>
    </Point>
  </Placemark>
  <Placemark>
    <name>M2.2 - Rivera - Huila, Colombia</name>
    <description><![CDATA[<b>Magnitud:</b> 2.2 ML<br/><b>Profundidad:</b> 0 km<br/><b>Hora local:</b> 2000-06-13T04:45:11+00:00<br/><b>Lugar:</b> Rivera - Huila, Colombia<br/>]]></description>
    <Point>
      <coordinates>-75.128,2.801,0</coordinates>
    </Point>
  </Placemark>
  <Placemark>
    <name>M2.6 - Baraya - Huila, Colombia</name>
    <description><![CDATA[<b>Magnitud:</b> 2.6 ML<br/><b>Profundidad:</b> 0 km<br/><b>Hora local:</b> 2000-05-27T04:00:57+00:00<br/><b>Lugar:</b> Baraya - Huila, Colombia<br/>]]></description>
    <Point>
      <coordinates>-74.956,3.037,0</coordinates>
    </Point>
  </Placemark>
  <Placemark>
    <name>M2.7 - Neiva - Huila, Colombia</name>
    <description><![CDATA[<b>Magnitud:</b> 2.7 ML<br/><b>Profundidad:</b> 3 km<br/><b>Hora local:</b> 2000-04-27T01:28:37+00:00<br/><b>Lugar:</b> Neiva - Huila, Colombia<br/>]]></description>
    <Point>
      <coordinates>-75.333,2.958,-3000</coordinates>
    </Point>
  </Placemark>
  <Placemark>
    <name>M3.7 - Rivera - Huila, Colombia</name>
    <description><![CDATA[<b>Magnitud:</b> 3.7 ML<br/><b>Profundidad:</b> 0 km<br/><b>Hora local:</b> 2000-04-06T20:20:06+00:00<br/><b>Lugar:</b> Rivera - Huila, Colombia<br/>]]></description>
    <Point>
      <coordinates>-75.003,2.824,0</coordinates>
    </Point>
  </Placemark>
  <Placemark>
    <name>M3.0 - Rivera - Huila, Colombia</name>
    <description><![CDATA[<b>Magnitud:</b> 3.0 ML<br/><b>Profundidad:</b> 105 km<br/><b>Hora local:</b> 2000-03-03T11:14:36+00:00<br/><b>Lugar:</b> Rivera - Huila, Colombia<br/>]]></description>
    <Point>
      <coordinates>-75.139,2.858,-105000</coordinates>
    </Point>
  </Placemark>
  <Placemark>
    <name>M2.8 - Tello - Huila, Colombia</name>
    <description><![CDATA[<b>Magnitud:</b> 2.8 ML<br/><b>Profundidad:</b> 110 km<br/><b>Hora local:</b> 2000-02-14T05:31:33+00:00<br/><b>Lugar:</b> Tello - Huila, Colombia<br/>]]></description>
    <Point>
      <coordinates>-74.868,2.847,-110000</coordinates>
    </Point>
  </Placemark>
  <Placemark>
    <name>M2.2 - Rivera - Huila, Colombia</name>
    <description><![CDATA[<b>Magnitud:</b> 2.2 ML<br/><b>Profundidad:</b> 4 km<br/><b>Hora local:</b> 1999-12-12T14:32:20+00:00<br/><b>Lugar:</b> Rivera - Huila, Colombia<br/>]]></description>
    <Point>
      <coordinates>-75.189,2.671,-4000</coordinates>
    </Point>
  </Placemark>
  <Placemark>
    <name>M2.4 - Rivera - Huila, Colombia</name>
    <description><![CDATA[<b>Magnitud:</b> 2.4 ML<br/><b>Profundidad:</b> 4 km<br/><b>Hora local:</b> 1999-12-03T21:05:29+00:00<br/><b>Lugar:</b> Rivera - Huila, Colombia<br/>]]></description>
    <Point>
      <coordinates>-75.11,2.831,-4000</coordinates>
    </Point>
  </Placemark>
  <Placemark>
    <name>M2.9 - Rivera - Huila, Colombia</name>
    <description><![CDATA[<b>Magnitud:</b> 2.9 ML<br/><b>Profundidad:</b> 25 km<br/><b>Hora local:</b> 1999-11-24T17:14:30+00:00<br/><b>Lugar:</b> Rivera - Huila, Colombia<br/>]]></description>
    <Point>
      <coordinates>-75.157,2.78,-25000</coordinates>
    </Point>
  </Placemark>
  <Placemark>
    <name>M2.0 - Rivera - Huila, Colombia</name>
    <description><![CDATA[<b>Magnitud:</b> 2.0 ML<br/><b>Profundidad:</b> 24 km<br/><b>Hora local:</b> 1999-11-16T07:03:16+00:00<br/><b>Lugar:</b> Rivera - Huila, Colombia<br/>]]></description>
    <Point>
      <coordinates>-75.161,2.675,-24000</coordinates>
    </Point>
  </Placemark>
  <Placemark>
    <name>M3.0 - Rivera - Huila, Colombia</name>
    <description><![CDATA[<b>Magnitud:</b> 3.0 ML<br/><b>Profundidad:</b> 3 km<br/><b>Hora local:</b> 1999-11-08T14:24:21+00:00<br/><b>Lugar:</b> Rivera - Huila, Colombia<br/>]]></description>
    <Point>
      <coordinates>-75.129,2.696,-3000</coordinates>
    </Point>
  </Placemark>
  <Placemark>
    <name>M3.6 - Rivera - Huila, Colombia</name>
    <description><![CDATA[<b>Magnitud:</b> 3.6 ML<br/><b>Profundidad:</b> 1 km<br/><b>Hora local:</b> 1999-10-29T23:53:08+00:00<br/><b>Lugar:</b> Rivera - Huila, Colombia<br/>]]></description>
    <Point>
      <coordinates>-74.99,2.668,-1000</coordinates>
    </Point>
  </Placemark>
  <Placemark>
    <name>M2.2 - Campoalegre - Huila, Colombia</name>
    <description><![CDATA[<b>Magnitud:</b> 2.2 ML<br/><b>Profundidad:</b> 0 km<br/><b>Hora local:</b> 1999-07-11T08:43:46+00:00<br/><b>Lugar:</b> Campoalegre - Huila, Colombia<br/>]]></description>
    <Point>
      <coordinates>-75.206,2.659,0</coordinates>
    </Point>
  </Placemark>
  <Placemark>
    <name>M3.3 - Rivera - Huila, Colombia</name>
    <description><![CDATA[<b>Magnitud:</b> 3.3 ML<br/><b>Profundidad:</b> 3 km<br/><b>Hora local:</b> 1999-07-01T22:07:07+00:00<br/><b>Lugar:</b> Rivera - Huila, Colombia<br/>]]></description>
    <Point>
      <coordinates>-75.004,2.745,-3000</coordinates>
    </Point>
  </Placemark>
  <Placemark>
    <name>M2.6 - Rivera - Huila, Colombia</name>
    <description><![CDATA[<b>Magnitud:</b> 2.6 ML<br/><b>Profundidad:</b> 4 km<br/><b>Hora local:</b> 1999-06-21T10:00:01+00:00<br/><b>Lugar:</b> Rivera - Huila, Colombia<br/>]]></description>
    <Point>
      <coordinates>-75.097,2.704,-4000</coordinates>
    </Point>
  </Placemark>
  <Placemark>
    <name>M1.9 - Tello - Huila, Colombia</name>
    <description><![CDATA[<b>Magnitud:</b> 1.9 ML<br/><b>Profundidad:</b> 4 km<br/><b>Hora local:</b> 1999-04-23T12:57:56+00:00<br/><b>Lugar:</b> Tello - Huila, Colombia<br/>]]></description>
    <Point>
      <coordinates>-74.941,2.9,-4000</coordinates>
    </Point>
  </Placemark>
  <Placemark>
    <name>M2.2 - Rivera - Huila, Colombia</name>
    <description><![CDATA[<b>Magnitud:</b> 2.2 ML<br/><b>Profundidad:</b> 9 km<br/><b>Hora local:</b> 1999-04-14T20:05:24+00:00<br/><b>Lugar:</b> Rivera - Huila, Colombia<br/>]]></description>
    <Point>
      <coordinates>-75.056,2.676,-9000</coordinates>
    </Point>
  </Placemark>
  <Placemark>
    <name>M1.8 - Campoalegre - Huila, Colombia</name>
    <description><![CDATA[<b>Magnitud:</b> 1.8 ML<br/><b>Profundidad:</b> 32 km<br/><b>Hora local:</b> 1999-04-13T02:30:37+00:00<br/><b>Lugar:</b> Campoalegre - Huila, Colombia<br/>]]></description>
    <Point>
      <coordinates>-75.285,2.647,-32000</coordinates>
    </Point>
  </Placemark>
  <Placemark>
    <name>M2.7 - Rivera - Huila, Colombia</name>
    <description><![CDATA[<b>Magnitud:</b> 2.7 ML<br/><b>Profundidad:</b> 8 km<br/><b>Hora local:</b> 1999-04-10T12:27:39+00:00<br/><b>Lugar:</b> Rivera - Huila, Colombia<br/>]]></description>
    <Point>
      <coordinates>-75.035,2.614,-8000</coordinates>
    </Point>
  </Placemark>
  <Placemark>
    <name>M2.1 - Baraya - Huila, Colombia</name>
    <description><![CDATA[<b>Magnitud:</b> 2.1 ML<br/><b>Profundidad:</b> 4 km<br/><b>Hora local:</b> 1999-04-08T20:41:20+00:00<br/><b>Lugar:</b> Baraya - Huila, Colombia<br/>]]></description>
    <Point>
      <coordinates>-75.083,3.206,-4000</coordinates>
    </Point>
  </Placemark>
  <Placemark>
    <name>M3.1 - Rivera - Huila, Colombia</name>
    <description><![CDATA[<b>Magnitud:</b> 3.1 ML<br/><b>Profundidad:</b> 4 km<br/><b>Hora local:</b> 1999-03-28T13:54:57+00:00<br/><b>Lugar:</b> Rivera - Huila, Colombia<br/>]]></description>
    <Point>
      <coordinates>-75.05,2.692,-4000</coordinates>
    </Point>
  </Placemark>
  <Placemark>
    <name>M2.3 - Algeciras - Huila, Colombia</name>
    <description><![CDATA[<b>Magnitud:</b> 2.3 ML<br/><b>Profundidad:</b> 3 km<br/><b>Hora local:</b> 1999-03-08T21:34:53+00:00<br/><b>Lugar:</b> Algeciras - Huila, Colombia<br/>]]></description>
    <Point>
      <coordinates>-75.157,2.522,-3000</coordinates>
    </Point>
  </Placemark>
  <Placemark>
    <name>M2.7 - Tello - Huila, Colombia</name>
    <description><![CDATA[<b>Magnitud:</b> 2.7 ML<br/><b>Profundidad:</b> 119 km<br/><b>Hora local:</b> 1999-02-19T19:18:18+00:00<br/><b>Lugar:</b> Tello - Huila, Colombia<br/>]]></description>
    <Point>
      <coordinates>-75.147,2.993,-119000</coordinates>
    </Point>
  </Placemark>
  <Placemark>
    <name>M2.5 - Rivera - Huila, Colombia</name>
    <description><![CDATA[<b>Magnitud:</b> 2.5 ML<br/><b>Profundidad:</b> 32 km<br/><b>Hora local:</b> 1999-02-18T13:37:55+00:00<br/><b>Lugar:</b> Rivera - Huila, Colombia<br/>]]></description>
    <Point>
      <coordinates>-75.137,2.845,-32000</coordinates>
    </Point>
  </Placemark>
  <Placemark>
    <name>M2.5 - Algeciras - Huila, Colombia</name>
    <description><![CDATA[<b>Magnitud:</b> 2.5 ML<br/><b>Profundidad:</b> 10 km<br/><b>Hora local:</b> 1999-02-15T03:28:51+00:00<br/><b>Lugar:</b> Algeciras - Huila, Colombia<br/>]]></description>
    <Point>
      <coordinates>-75.324,2.502,-10000</coordinates>
    </Point>
  </Placemark>
  <Placemark>
    <name>M2.7 - Planadas - Tolima, Colombia</name>
    <description><![CDATA[<b>Magnitud:</b> 2.7 ML<br/><b>Profundidad:</b> 4 km<br/><b>Hora local:</b> 1998-11-14T02:10:21+00:00<br/><b>Lugar:</b> Planadas - Tolima, Colombia<br/>]]></description>
    <Point>
      <coordinates>-75.47,3.265,-4000</coordinates>
    </Point>
  </Placemark>
  <Placemark>
    <name>M2.7 - Rivera - Huila, Colombia</name>
    <description><![CDATA[<b>Magnitud:</b> 2.7 ML<br/><b>Profundidad:</b> 3 km<br/><b>Hora local:</b> 1998-10-21T03:45:30+00:00<br/><b>Lugar:</b> Rivera - Huila, Colombia<br/>]]></description>
    <Point>
      <coordinates>-75.031,2.754,-3000</coordinates>
    </Point>
  </Placemark>
  <Placemark>
    <name>M2.7 - Hobo - Huila, Colombia</name>
    <description><![CDATA[<b>Magnitud:</b> 2.7 ML<br/><b>Profundidad:</b> 1 km<br/><b>Hora local:</b> 1998-10-03T23:05:13+00:00<br/><b>Lugar:</b> Hobo - Huila, Colombia<br/>]]></description>
    <Point>
      <coordinates>-75.4,2.576,-1000</coordinates>
    </Point>
  </Placemark>
  <Placemark>
    <name>M2.7 - Rivera - Huila, Colombia</name>
    <description><![CDATA[<b>Magnitud:</b> 2.7 ML<br/><b>Profundidad:</b> 5 km<br/><b>Hora local:</b> 1998-09-07T02:58:00+00:00<br/><b>Lugar:</b> Rivera - Huila, Colombia<br/>]]></description>
    <Point>
      <coordinates>-75.207,2.742,-5000</coordinates>
    </Point>
  </Placemark>
  <Placemark>
    <name>M2.8 - Tello - Huila, Colombia</name>
    <description><![CDATA[<b>Magnitud:</b> 2.8 ML<br/><b>Profundidad:</b> 161 km<br/><b>Hora local:</b> 1998-09-06T20:34:39+00:00<br/><b>Lugar:</b> Tello - Huila, Colombia<br/>]]></description>
    <Point>
      <coordinates>-75.207,3.101,-161000</coordinates>
    </Point>
  </Placemark>
  <Placemark>
    <name>M2.1 - Rivera - Huila, Colombia</name>
    <description><![CDATA[<b>Magnitud:</b> 2.1 ML<br/><b>Profundidad:</b> 14 km<br/><b>Hora local:</b> 1998-07-25T22:39:29+00:00<br/><b>Lugar:</b> Rivera - Huila, Colombia<br/>]]></description>
    <Point>
      <coordinates>-75.053,2.663,-14000</coordinates>
    </Point>
  </Placemark>
  <Placemark>
    <name>M2.4 - Rivera - Huila, Colombia</name>
    <description><![CDATA[<b>Magnitud:</b> 2.4 ML<br/><b>Profundidad:</b> 1 km<br/><b>Hora local:</b> 1998-07-24T23:47:07+00:00<br/><b>Lugar:</b> Rivera - Huila, Colombia<br/>]]></description>
    <Point>
      <coordinates>-75.057,2.693,-1000</coordinates>
    </Point>
  </Placemark>
  <Placemark>
    <name>M2.2 - Tello - Huila, Colombia</name>
    <description><![CDATA[<b>Magnitud:</b> 2.2 ML<br/><b>Profundidad:</b> 6 km<br/><b>Hora local:</b> 1998-07-24T01:22:51+00:00<br/><b>Lugar:</b> Tello - Huila, Colombia<br/>]]></description>
    <Point>
      <coordinates>-74.969,2.972,-6000</coordinates>
    </Point>
  </Placemark>
  <Placemark>
    <name>M1.6 - Tello - Huila, Colombia</name>
    <description><![CDATA[<b>Magnitud:</b> 1.6 ML<br/><b>Profundidad:</b> 0 km<br/><b>Hora local:</b> 1998-07-19T04:13:28+00:00<br/><b>Lugar:</b> Tello - Huila, Colombia<br/>]]></description>
    <Point>
      <coordinates>-75.219,3.114,0</coordinates>
    </Point>
  </Placemark>
  <Placemark>
    <name>M2.1 - Algeciras - Huila, Colombia</name>
    <description><![CDATA[<b>Magnitud:</b> 2.1 ML<br/><b>Profundidad:</b> 23 km<br/><b>Hora local:</b> 1998-07-07T03:30:28+00:00<br/><b>Lugar:</b> Algeciras - Huila, Colombia<br/>]]></description>
    <Point>
      <coordinates>-75.396,2.517,-23000</coordinates>
    </Point>
  </Placemark>
  <Placemark>
    <name>M2.4 - Rivera - Huila, Colombia</name>
    <description><![CDATA[<b>Magnitud:</b> 2.4 ML<br/><b>Profundidad:</b> 40 km<br/><b>Hora local:</b> 1998-06-10T05:59:11+00:00<br/><b>Lugar:</b> Rivera - Huila, Colombia<br/>]]></description>
    <Point>
      <coordinates>-75.192,2.778,-40000</coordinates>
    </Point>
  </Placemark>
  <Placemark>
    <name>M2.5 - Tello - Huila, Colombia</name>
    <description><![CDATA[<b>Magnitud:</b> 2.5 ML<br/><b>Profundidad:</b> 0 km<br/><b>Hora local:</b> 1998-05-15T07:10:19+00:00<br/><b>Lugar:</b> Tello - Huila, Colombia<br/>]]></description>
    <Point>
      <coordinates>-74.992,2.916,0</coordinates>
    </Point>
  </Placemark>
  <Placemark>
    <name>M2.5 - Rivera - Huila, Colombia</name>
    <description><![CDATA[<b>Magnitud:</b> 2.5 ML<br/><b>Profundidad:</b> 0 km<br/><b>Hora local:</b> 1998-05-08T00:53:54+00:00<br/><b>Lugar:</b> Rivera - Huila, Colombia<br/>]]></description>
    <Point>
      <coordinates>-74.991,2.79,0</coordinates>
    </Point>
  </Placemark>
  <Placemark>
    <name>M3.5 - Tello - Huila, Colombia</name>
    <description><![CDATA[<b>Magnitud:</b> 3.5 ML<br/><b>Profundidad:</b> 0 km<br/><b>Hora local:</b> 1998-05-07T21:06:28+00:00<br/><b>Lugar:</b> Tello - Huila, Colombia<br/>]]></description>
    <Point>
      <coordinates>-75.159,3.131,0</coordinates>
    </Point>
  </Placemark>
  <Placemark>
    <name>M1.8 - Planadas - Tolima, Colombia</name>
    <description><![CDATA[<b>Magnitud:</b> 1.8 ML<br/><b>Profundidad:</b> 100 km<br/><b>Hora local:</b> 1998-04-26T01:49:53+00:00<br/><b>Lugar:</b> Planadas - Tolima, Colombia<br/>]]></description>
    <Point>
      <coordinates>-75.455,3.113,-100000</coordinates>
    </Point>
  </Placemark>
  <Placemark>
    <name>M3.3 - Rivera - Huila, Colombia</name>
    <description><![CDATA[<b>Magnitud:</b> 3.3 ML<br/><b>Profundidad:</b> 0 km<br/><b>Hora local:</b> 1998-04-25T16:45:02+00:00<br/><b>Lugar:</b> Rivera - Huila, Colombia<br/>]]></description>
    <Point>
      <coordinates>-74.902,2.731,0</coordinates>
    </Point>
  </Placemark>
  <Placemark>
    <name>M1.9 - Tello - Huila, Colombia</name>
    <description><![CDATA[<b>Magnitud:</b> 1.9 ML<br/><b>Profundidad:</b> 4 km<br/><b>Hora local:</b> 1998-04-12T04:32:15+00:00<br/><b>Lugar:</b> Tello - Huila, Colombia<br/>]]></description>
    <Point>
      <coordinates>-75.065,3.008,-4000</coordinates>
    </Point>
  </Placemark>
  <Placemark>
    <name>M2.4 - Rivera - Huila, Colombia</name>
    <description><![CDATA[<b>Magnitud:</b> 2.4 ML<br/><b>Profundidad:</b> 4 km<br/><b>Hora local:</b> 1998-04-05T10:42:01+00:00<br/><b>Lugar:</b> Rivera - Huila, Colombia<br/>]]></description>
    <Point>
      <coordinates>-74.966,2.652,-4000</coordinates>
    </Point>
  </Placemark>
  <Placemark>
    <name>M2.0 - Campoalegre - Huila, Colombia</name>
    <description><![CDATA[<b>Magnitud:</b> 2.0 ML<br/><b>Profundidad:</b> 32 km<br/><b>Hora local:</b> 1998-03-13T01:42:29+00:00<br/><b>Lugar:</b> Campoalegre - Huila, Colombia<br/>]]></description>
    <Point>
      <coordinates>-75.349,2.71,-32000</coordinates>
    </Point>
  </Placemark>
  <Placemark>
    <name>M2.1 - Neiva - Huila, Colombia</name>
    <description><![CDATA[<b>Magnitud:</b> 2.1 ML<br/><b>Profundidad:</b> 0 km<br/><b>Hora local:</b> 1998-03-10T06:17:44+00:00<br/><b>Lugar:</b> Neiva - Huila, Colombia<br/>]]></description>
    <Point>
      <coordinates>-75.187,2.931,0</coordinates>
    </Point>
  </Placemark>
  <Placemark>
    <name>M2.4 - Tello - Huila, Colombia</name>
    <description><![CDATA[<b>Magnitud:</b> 2.4 ML<br/><b>Profundidad:</b> 12 km<br/><b>Hora local:</b> 1998-03-01T19:29:11+00:00<br/><b>Lugar:</b> Tello - Huila, Colombia<br/>]]></description>
    <Point>
      <coordinates>-74.852,2.865,-12000</coordinates>
    </Point>
  </Placemark>
  <Placemark>
    <name>M3.0 - Algeciras - Huila, Colombia</name>
    <description><![CDATA[<b>Magnitud:</b> 3.0 ML<br/><b>Profundidad:</b> 0 km<br/><b>Hora local:</b> 1998-02-16T19:05:14+00:00<br/><b>Lugar:</b> Algeciras - Huila, Colombia<br/>]]></description>
    <Point>
      <coordinates>-75.123,2.601,0</coordinates>
    </Point>
  </Placemark>
  <Placemark>
    <name>M1.7 - Rivera - Huila, Colombia</name>
    <description><![CDATA[<b>Magnitud:</b> 1.7 ML<br/><b>Profundidad:</b> 4 km<br/><b>Hora local:</b> 1998-02-11T01:57:47+00:00<br/><b>Lugar:</b> Rivera - Huila, Colombia<br/>]]></description>
    <Point>
      <coordinates>-75.163,2.71,-4000</coordinates>
    </Point>
  </Placemark>
  <Placemark>
    <name>M2.3 - Tello - Huila, Colombia</name>
    <description><![CDATA[<b>Magnitud:</b> 2.3 ML<br/><b>Profundidad:</b> 11 km<br/><b>Hora local:</b> 1998-02-08T12:06:45+00:00<br/><b>Lugar:</b> Tello - Huila, Colombia<br/>]]></description>
    <Point>
      <coordinates>-74.875,2.846,-11000</coordinates>
    </Point>
  </Placemark>
  <Placemark>
    <name>M1.7 - Tello - Huila, Colombia</name>
    <description><![CDATA[<b>Magnitud:</b> 1.7 ML<br/><b>Profundidad:</b> 3 km<br/><b>Hora local:</b> 1998-01-29T03:45:15+00:00<br/><b>Lugar:</b> Tello - Huila, Colombia<br/>]]></description>
    <Point>
      <coordinates>-74.948,2.95,-3000</coordinates>
    </Point>
  </Placemark>
  <Placemark>
    <name>M2.0 - Rivera - Huila, Colombia</name>
    <description><![CDATA[<b>Magnitud:</b> 2.0 ML<br/><b>Profundidad:</b> 4 km<br/><b>Hora local:</b> 1998-01-25T11:35:30+00:00<br/><b>Lugar:</b> Rivera - Huila, Colombia<br/>]]></description>
    <Point>
      <coordinates>-75.063,2.679,-4000</coordinates>
    </Point>
  </Placemark>
  <Placemark>
    <name>M2.7 - Rivera - Huila, Colombia</name>
    <description><![CDATA[<b>Magnitud:</b> 2.7 ML<br/><b>Profundidad:</b> 2 km<br/><b>Hora local:</b> 1998-01-21T19:49:18+00:00<br/><b>Lugar:</b> Rivera - Huila, Colombia<br/>]]></description>
    <Point>
      <coordinates>-75.052,2.614,-2000</coordinates>
    </Point>
  </Placemark>
  <Placemark>
    <name>M3.0 - Algeciras - Huila, Colombia</name>
    <description><![CDATA[<b>Magnitud:</b> 3.0 ML<br/><b>Profundidad:</b> 10 km<br/><b>Hora local:</b> 1998-01-17T03:58:56+00:00<br/><b>Lugar:</b> Algeciras - Huila, Colombia<br/>]]></description>
    <Point>
      <coordinates>-75.265,2.57,-10000</coordinates>
    </Point>
  </Placemark>
  <Placemark>
    <name>M3.6 - Neiva - Huila, Colombia</name>
    <description><![CDATA[<b>Magnitud:</b> 3.6 ML<br/><b>Profundidad:</b> 4 km<br/><b>Hora local:</b> 1998-01-05T23:29:22+00:00<br/><b>Lugar:</b> Neiva - Huila, Colombia<br/>]]></description>
    <Point>
      <coordinates>-75.259,2.913,-4000</coordinates>
    </Point>
  </Placemark>
  <Placemark>
    <name>M1.8 - Hobo - Huila, Colombia</name>
    <description><![CDATA[<b>Magnitud:</b> 1.8 ML<br/><b>Profundidad:</b> 6 km<br/><b>Hora local:</b> 1998-01-04T01:57:46+00:00<br/><b>Lugar:</b> Hobo - Huila, Colombia<br/>]]></description>
    <Point>
      <coordinates>-75.403,2.619,-6000</coordinates>
    </Point>
  </Placemark>
  <Placemark>
    <name>M2.0 - Baraya - Huila, Colombia</name>
    <description><![CDATA[<b>Magnitud:</b> 2.0 ML<br/><b>Profundidad:</b> 6 km<br/><b>Hora local:</b> 1997-12-24T20:09:26+00:00<br/><b>Lugar:</b> Baraya - Huila, Colombia<br/>]]></description>
    <Point>
      <coordinates>-75.037,3.066,-6000</coordinates>
    </Point>
  </Placemark>
  <Placemark>
    <name>M2.3 - Rivera - Huila, Colombia</name>
    <description><![CDATA[<b>Magnitud:</b> 2.3 ML<br/><b>Profundidad:</b> 4 km<br/><b>Hora local:</b> 1997-12-06T02:40:59+00:00<br/><b>Lugar:</b> Rivera - Huila, Colombia<br/>]]></description>
    <Point>
      <coordinates>-75.148,2.671,-4000</coordinates>
    </Point>
  </Placemark>
  <Placemark>
    <name>M2.1 - Tello - Huila, Colombia</name>
    <description><![CDATA[<b>Magnitud:</b> 2.1 ML<br/><b>Profundidad:</b> 4 km<br/><b>Hora local:</b> 1997-11-25T07:10:19+00:00<br/><b>Lugar:</b> Tello - Huila, Colombia<br/>]]></description>
    <Point>
      <coordinates>-75.236,3.043,-4000</coordinates>
    </Point>
  </Placemark>
  <Placemark>
    <name>M2.1 - Baraya - Huila, Colombia</name>
    <description><![CDATA[<b>Magnitud:</b> 2.1 ML<br/><b>Profundidad:</b> 5 km<br/><b>Hora local:</b> 1997-11-24T18:09:41+00:00<br/><b>Lugar:</b> Baraya - Huila, Colombia<br/>]]></description>
    <Point>
      <coordinates>-74.902,2.981,-5000</coordinates>
    </Point>
  </Placemark>
  <Placemark>
    <name>M2.1 - Rivera - Huila, Colombia</name>
    <description><![CDATA[<b>Magnitud:</b> 2.1 ML<br/><b>Profundidad:</b> 4 km<br/><b>Hora local:</b> 1997-11-08T18:05:46+00:00<br/><b>Lugar:</b> Rivera - Huila, Colombia<br/>]]></description>
    <Point>
      <coordinates>-75.013,2.665,-4000</coordinates>
    </Point>
  </Placemark>
  <Placemark>
    <name>M3.7 - Rivera - Huila, Colombia</name>
    <description><![CDATA[<b>Magnitud:</b> 3.7 ML<br/><b>Profundidad:</b> 5 km<br/><b>Hora local:</b> 1997-10-19T07:58:06+00:00<br/><b>Lugar:</b> Rivera - Huila, Colombia<br/>]]></description>
    <Point>
      <coordinates>-75.02,2.652,-5000</coordinates>
    </Point>
  </Placemark>
  <Placemark>
    <name>M2.4 - Rivera - Huila, Colombia</name>
    <description><![CDATA[<b>Magnitud:</b> 2.4 ML<br/><b>Profundidad:</b> 0 km<br/><b>Hora local:</b> 1997-10-05T21:02:37+00:00<br/><b>Lugar:</b> Rivera - Huila, Colombia<br/>]]></description>
    <Point>
      <coordinates>-75.105,2.784,0</coordinates>
    </Point>
  </Placemark>
  <Placemark>
    <name>M2.4 - Rivera - Huila, Colombia</name>
    <description><![CDATA[<b>Magnitud:</b> 2.4 ML<br/><b>Profundidad:</b> 9 km<br/><b>Hora local:</b> 1997-09-11T15:46:51+00:00<br/><b>Lugar:</b> Rivera - Huila, Colombia<br/>]]></description>
    <Point>
      <coordinates>-74.954,2.634,-9000</coordinates>
    </Point>
  </Placemark>
  <Placemark>
    <name>M2.8 - Aipe - Huila, Colombia</name>
    <description><![CDATA[<b>Magnitud:</b> 2.8 ML<br/><b>Profundidad:</b> 6 km<br/><b>Hora local:</b> 1997-09-06T20:14:07+00:00<br/><b>Lugar:</b> Aipe - Huila, Colombia<br/>]]></description>
    <Point>
      <coordinates>-75.405,3.313,-6000</coordinates>
    </Point>
  </Placemark>
  <Placemark>
    <name>M2.3 - Neiva - Huila, Colombia</name>
    <description><![CDATA[<b>Magnitud:</b> 2.3 ML<br/><b>Profundidad:</b> 22 km<br/><b>Hora local:</b> 1997-08-25T13:17:30+00:00<br/><b>Lugar:</b> Neiva - Huila, Colombia<br/>]]></description>
    <Point>
      <coordinates>-75.159,2.931,-22000</coordinates>
    </Point>
  </Placemark>
  <Placemark>
    <name>M3.0 - Rivera - Huila, Colombia</name>
    <description><![CDATA[<b>Magnitud:</b> 3.0 ML<br/><b>Profundidad:</b> 0 km<br/><b>Hora local:</b> 1997-07-22T02:35:58+00:00<br/><b>Lugar:</b> Rivera - Huila, Colombia<br/>]]></description>
    <Point>
      <coordinates>-75.101,2.661,0</coordinates>
    </Point>
  </Placemark>
  <Placemark>
    <name>M3.3 - Algeciras - Huila, Colombia</name>
    <description><![CDATA[<b>Magnitud:</b> 3.3 ML<br/><b>Profundidad:</b> 4 km<br/><b>Hora local:</b> 1997-07-10T13:04:38+00:00<br/><b>Lugar:</b> Algeciras - Huila, Colombia<br/>]]></description>
    <Point>
      <coordinates>-75.081,2.582,-4000</coordinates>
    </Point>
  </Placemark>
  <Placemark>
    <name>M2.5 - Hobo - Huila, Colombia</name>
    <description><![CDATA[<b>Magnitud:</b> 2.5 ML<br/><b>Profundidad:</b> 21 km<br/><b>Hora local:</b> 1997-07-02T06:30:05+00:00<br/><b>Lugar:</b> Hobo - Huila, Colombia<br/>]]></description>
    <Point>
      <coordinates>-75.437,2.573,-21000</coordinates>
    </Point>
  </Placemark>
  <Placemark>
    <name>M2.3 - Baraya - Huila, Colombia</name>
    <description><![CDATA[<b>Magnitud:</b> 2.3 ML<br/><b>Profundidad:</b> 10 km<br/><b>Hora local:</b> 1997-06-06T23:13:13+00:00<br/><b>Lugar:</b> Baraya - Huila, Colombia<br/>]]></description>
    <Point>
      <coordinates>-74.928,2.969,-10000</coordinates>
    </Point>
  </Placemark>
  <Placemark>
    <name>M2.4 - Baraya - Huila, Colombia</name>
    <description><![CDATA[<b>Magnitud:</b> 2.4 ML<br/><b>Profundidad:</b> 23 km<br/><b>Hora local:</b> 1997-06-05T09:33:57+00:00<br/><b>Lugar:</b> Baraya - Huila, Colombia<br/>]]></description>
    <Point>
      <coordinates>-74.957,2.976,-23000</coordinates>
    </Point>
  </Placemark>
  <Placemark>
    <name>M2.6 - Tello - Huila, Colombia</name>
    <description><![CDATA[<b>Magnitud:</b> 2.6 ML<br/><b>Profundidad:</b> 2 km<br/><b>Hora local:</b> 1997-06-02T08:16:12+00:00<br/><b>Lugar:</b> Tello - Huila, Colombia<br/>]]></description>
    <Point>
      <coordinates>-75.003,2.941,-2000</coordinates>
    </Point>
  </Placemark>
  <Placemark>
    <name>M2.8 - Aipe - Huila, Colombia</name>
    <description><![CDATA[<b>Magnitud:</b> 2.8 ML<br/><b>Profundidad:</b> 8 km<br/><b>Hora local:</b> 1997-06-01T01:47:19+00:00<br/><b>Lugar:</b> Aipe - Huila, Colombia<br/>]]></description>
    <Point>
      <coordinates>-75.281,3.265,-8000</coordinates>
    </Point>
  </Placemark>
  <Placemark>
    <name>M3.2 - Tello - Huila, Colombia</name>
    <description><![CDATA[<b>Magnitud:</b> 3.2 ML<br/><b>Profundidad:</b> 18 km<br/><b>Hora local:</b> 1997-05-03T03:34:15+00:00<br/><b>Lugar:</b> Tello - Huila, Colombia<br/>]]></description>
    <Point>
      <coordinates>-74.876,2.852,-18000</coordinates>
    </Point>
  </Placemark>
  <Placemark>
    <name>M2.1 - Tello - Huila, Colombia</name>
    <description><![CDATA[<b>Magnitud:</b> 2.1 ML<br/><b>Profundidad:</b> 2 km<br/><b>Hora local:</b> 1997-05-01T01:21:52+00:00<br/><b>Lugar:</b> Tello - Huila, Colombia<br/>]]></description>
    <Point>
      <coordinates>-75.036,2.923,-2000</coordinates>
    </Point>
  </Placemark>
  <Placemark>
    <name>M2.1 - Teruel - Huila, Colombia</name>
    <description><![CDATA[<b>Magnitud:</b> 2.1 ML<br/><b>Profundidad:</b> 37 km<br/><b>Hora local:</b> 1997-03-29T08:54:48+00:00<br/><b>Lugar:</b> Teruel - Huila, Colombia<br/>]]></description>
    <Point>
      <coordinates>-75.623,2.811,-37000</coordinates>
    </Point>
  </Placemark>
  <Placemark>
    <name>M3.0 - Tello - Huila, Colombia</name>
    <description><![CDATA[<b>Magnitud:</b> 3.0 ML<br/><b>Profundidad:</b> 16 km<br/><b>Hora local:</b> 1997-03-25T14:02:39+00:00<br/><b>Lugar:</b> Tello - Huila, Colombia<br/>]]></description>
    <Point>
      <coordinates>-75.053,2.915,-16000</coordinates>
    </Point>
  </Placemark>
  <Placemark>
    <name>M2.3 - Rivera - Huila, Colombia</name>
    <description><![CDATA[<b>Magnitud:</b> 2.3 ML<br/><b>Profundidad:</b> 7 km<br/><b>Hora local:</b> 1997-01-22T14:58:10+00:00<br/><b>Lugar:</b> Rivera - Huila, Colombia<br/>]]></description>
    <Point>
      <coordinates>-75.002,2.684,-7000</coordinates>
    </Point>
  </Placemark>
  <Placemark>
    <name>M1.7 - Tello - Huila, Colombia</name>
    <description><![CDATA[<b>Magnitud:</b> 1.7 ML<br/><b>Profundidad:</b> 15 km<br/><b>Hora local:</b> 1997-01-15T22:45:18+00:00<br/><b>Lugar:</b> Tello - Huila, Colombia<br/>]]></description>
    <Point>
      <coordinates>-74.955,2.922,-15000</coordinates>
    </Point>
  </Placemark>
  <Placemark>
    <name>M1.7 - Rivera - Huila, Colombia</name>
    <description><![CDATA[<b>Magnitud:</b> 1.7 ML<br/><b>Profundidad:</b> 4 km<br/><b>Hora local:</b> 1997-01-15T16:18:22+00:00<br/><b>Lugar:</b> Rivera - Huila, Colombia<br/>]]></description>
    <Point>
      <coordinates>-75.059,2.659,-4000</coordinates>
    </Point>
  </Placemark>
  <Placemark>
    <name>M3.2 - Tello - Huila, Colombia</name>
    <description><![CDATA[<b>Magnitud:</b> 3.2 ML<br/><b>Profundidad:</b> 20 km<br/><b>Hora local:</b> 1996-12-23T14:00:55+00:00<br/><b>Lugar:</b> Tello - Huila, Colombia<br/>]]></description>
    <Point>
      <coordinates>-74.894,2.871,-20000</coordinates>
    </Point>
  </Placemark>
  <Placemark>
    <name>M2.5 - Rivera - Huila, Colombia</name>
    <description><![CDATA[<b>Magnitud:</b> 2.5 ML<br/><b>Profundidad:</b> 29 km<br/><b>Hora local:</b> 1996-11-27T22:41:01+00:00<br/><b>Lugar:</b> Rivera - Huila, Colombia<br/>]]></description>
    <Point>
      <coordinates>-74.997,2.629,-29000</coordinates>
    </Point>
  </Placemark>
  <Placemark>
    <name>M2.5 - Tello - Huila, Colombia</name>
    <description><![CDATA[<b>Magnitud:</b> 2.5 ML<br/><b>Profundidad:</b> 0 km<br/><b>Hora local:</b> 1996-08-23T01:41:16+00:00<br/><b>Lugar:</b> Tello - Huila, Colombia<br/>]]></description>
    <Point>
      <coordinates>-74.904,2.871,0</coordinates>
    </Point>
  </Placemark>
  <Placemark>
    <name>M3.8 - Rivera - Huila, Colombia</name>
    <description><![CDATA[<b>Magnitud:</b> 3.8 ML<br/><b>Profundidad:</b> 0 km<br/><b>Hora local:</b> 1996-08-19T22:29:31+00:00<br/><b>Lugar:</b> Rivera - Huila, Colombia<br/>]]></description>
    <Point>
      <coordinates>-75.14,2.683,0</coordinates>
    </Point>
  </Placemark>
  <Placemark>
    <name>M2.4 - Campoalegre - Huila, Colombia</name>
    <description><![CDATA[<b>Magnitud:</b> 2.4 ML<br/><b>Profundidad:</b> 0 km<br/><b>Hora local:</b> 1996-08-03T07:51:03+00:00<br/><b>Lugar:</b> Campoalegre - Huila, Colombia<br/>]]></description>
    <Point>
      <coordinates>-75.262,2.707,0</coordinates>
    </Point>
  </Placemark>
  <Placemark>
    <name>M3.4 - Aipe - Huila, Colombia</name>
    <description><![CDATA[<b>Magnitud:</b> 3.4 ML<br/><b>Profundidad:</b> 4 km<br/><b>Hora local:</b> 1996-06-25T01:40:23+00:00<br/><b>Lugar:</b> Aipe - Huila, Colombia<br/>]]></description>
    <Point>
      <coordinates>-75.24,3.206,-4000</coordinates>
    </Point>
  </Placemark>
  <Placemark>
    <name>M1.8 - Rivera - Huila, Colombia</name>
    <description><![CDATA[<b>Magnitud:</b> 1.8 ML<br/><b>Profundidad:</b> 4 km<br/><b>Hora local:</b> 1996-05-16T08:26:20+00:00<br/><b>Lugar:</b> Rivera - Huila, Colombia<br/>]]></description>
    <Point>
      <coordinates>-75.044,2.7,-4000</coordinates>
    </Point>
  </Placemark>
  <Placemark>
    <name>M2.0 - Tello - Huila, Colombia</name>
    <description><![CDATA[<b>Magnitud:</b> 2.0 ML<br/><b>Profundidad:</b> 0 km<br/><b>Hora local:</b> 1996-04-29T19:36:20+00:00<br/><b>Lugar:</b> Tello - Huila, Colombia<br/>]]></description>
    <Point>
      <coordinates>-74.999,3.007,0</coordinates>
    </Point>
  </Placemark>
  <Placemark>
    <name>M2.3 - Baraya - Huila, Colombia</name>
    <description><![CDATA[<b>Magnitud:</b> 2.3 ML<br/><b>Profundidad:</b> 28 km<br/><b>Hora local:</b> 1996-04-11T14:16:08+00:00<br/><b>Lugar:</b> Baraya - Huila, Colombia<br/>]]></description>
    <Point>
      <coordinates>-75.073,3.187,-28000</coordinates>
    </Point>
  </Placemark>
  <Placemark>
    <name>M2.3 - Baraya - Huila, Colombia</name>
    <description><![CDATA[<b>Magnitud:</b> 2.3 ML<br/><b>Profundidad:</b> 8 km<br/><b>Hora local:</b> 1996-04-11T02:08:27+00:00<br/><b>Lugar:</b> Baraya - Huila, Colombia<br/>]]></description>
    <Point>
      <coordinates>-74.849,2.916,-8000</coordinates>
    </Point>
  </Placemark>
  <Placemark>
    <name>M3.0 - Rivera - Huila, Colombia</name>
    <description><![CDATA[<b>Magnitud:</b> 3.0 ML<br/><b>Profundidad:</b> 4 km<br/><b>Hora local:</b> 1996-03-30T01:33:05+00:00<br/><b>Lugar:</b> Rivera - Huila, Colombia<br/>]]></description>
    <Point>
      <coordinates>-75.014,2.61,-4000</coordinates>
    </Point>
  </Placemark>
  <Placemark>
    <name>M2.2 - Planadas - Tolima, Colombia</name>
    <description><![CDATA[<b>Magnitud:</b> 2.2 ML<br/><b>Profundidad:</b> 61 km<br/><b>Hora local:</b> 1996-03-18T07:20:17+00:00<br/><b>Lugar:</b> Planadas - Tolima, Colombia<br/>]]></description>
    <Point>
      <coordinates>-75.51,3.128,-61000</coordinates>
    </Point>
  </Placemark>
  <Placemark>
    <name>M2.4 - Baraya - Huila, Colombia</name>
    <description><![CDATA[<b>Magnitud:</b> 2.4 ML<br/><b>Profundidad:</b> 9 km<br/><b>Hora local:</b> 1996-02-28T23:33:10+00:00<br/><b>Lugar:</b> Baraya - Huila, Colombia<br/>]]></description>
    <Point>
      <coordinates>-74.921,2.974,-9000</coordinates>
    </Point>
  </Placemark>
  <Placemark>
    <name>M1.9 - Algeciras - Huila, Colombia</name>
    <description><![CDATA[<b>Magnitud:</b> 1.9 ML<br/><b>Profundidad:</b> 4 km<br/><b>Hora local:</b> 1996-02-28T02:40:40+00:00<br/><b>Lugar:</b> Algeciras - Huila, Colombia<br/>]]></description>
    <Point>
      <coordinates>-75.126,2.585,-4000</coordinates>
    </Point>
  </Placemark>
  <Placemark>
    <name>M1.5 - Baraya - Huila, Colombia</name>
    <description><![CDATA[<b>Magnitud:</b> 1.5 ML<br/><b>Profundidad:</b> 28 km<br/><b>Hora local:</b> 1996-02-18T03:30:32+00:00<br/><b>Lugar:</b> Baraya - Huila, Colombia<br/>]]></description>
    <Point>
      <coordinates>-75.011,3.271,-28000</coordinates>
    </Point>
  </Placemark>
  <Placemark>
    <name>M2.2 - Campoalegre - Huila, Colombia</name>
    <description><![CDATA[<b>Magnitud:</b> 2.2 ML<br/><b>Profundidad:</b> 30 km<br/><b>Hora local:</b> 1996-02-08T15:26:09+00:00<br/><b>Lugar:</b> Campoalegre - Huila, Colombia<br/>]]></description>
    <Point>
      <coordinates>-75.345,2.636,-30000</coordinates>
    </Point>
  </Placemark>
  <Placemark>
    <name>M2.1 - Rivera - Huila, Colombia</name>
    <description><![CDATA[<b>Magnitud:</b> 2.1 ML<br/><b>Profundidad:</b> 4 km<br/><b>Hora local:</b> 1996-02-04T22:27:50+00:00<br/><b>Lugar:</b> Rivera - Huila, Colombia<br/>]]></description>
    <Point>
      <coordinates>-75.007,2.803,-4000</coordinates>
    </Point>
  </Placemark>
  <Placemark>
    <name>M1.9 - Rivera - Huila, Colombia</name>
    <description><![CDATA[<b>Magnitud:</b> 1.9 ML<br/><b>Profundidad:</b> 6 km<br/><b>Hora local:</b> 1996-02-04T22:01:54+00:00<br/><b>Lugar:</b> Rivera - Huila, Colombia<br/>]]></description>
    <Point>
      <coordinates>-75.027,2.674,-6000</coordinates>
    </Point>
  </Placemark>
  <Placemark>
    <name>M2.0 - Íquira - Huila, Colombia</name>
    <description><![CDATA[<b>Magnitud:</b> 2.0 ML<br/><b>Profundidad:</b> 2 km<br/><b>Hora local:</b> 1996-01-15T19:37:39+00:00<br/><b>Lugar:</b> Íquira - Huila, Colombia<br/>]]></description>
    <Point>
      <coordinates>-75.582,2.679,-2000</coordinates>
    </Point>
  </Placemark>
  <Placemark>
    <name>M1.8 - Baraya - Huila, Colombia</name>
    <description><![CDATA[<b>Magnitud:</b> 1.8 ML<br/><b>Profundidad:</b> 4 km<br/><b>Hora local:</b> 1996-01-11T06:49:07+00:00<br/><b>Lugar:</b> Baraya - Huila, Colombia<br/>]]></description>
    <Point>
      <coordinates>-75.012,3.154,-4000</coordinates>
    </Point>
  </Placemark>
  <Placemark>
    <name>M2.8 - Rivera - Huila, Colombia</name>
    <description><![CDATA[<b>Magnitud:</b> 2.8 ML<br/><b>Profundidad:</b> 4 km<br/><b>Hora local:</b> 1996-01-09T17:15:10+00:00<br/><b>Lugar:</b> Rivera - Huila, Colombia<br/>]]></description>
    <Point>
      <coordinates>-75.13,2.708,-4000</coordinates>
    </Point>
  </Placemark>
  <Placemark>
    <name>M2.9 - Teruel - Huila, Colombia</name>
    <description><![CDATA[<b>Magnitud:</b> 2.9 ML<br/><b>Profundidad:</b> 14 km<br/><b>Hora local:</b> 1996-01-02T05:48:51+00:00<br/><b>Lugar:</b> Teruel - Huila, Colombia<br/>]]></description>
    <Point>
      <coordinates>-75.589,2.717,-14000</coordinates>
    </Point>
  </Placemark>
  <Placemark>
    <name>M3.2 - Rivera - Huila, Colombia</name>
    <description><![CDATA[<b>Magnitud:</b> 3.2 ML<br/><b>Profundidad:</b> 8 km<br/><b>Hora local:</b> 1995-12-31T12:32:48+00:00<br/><b>Lugar:</b> Rivera - Huila, Colombia<br/>]]></description>
    <Point>
      <coordinates>-75.072,2.752,-8000</coordinates>
    </Point>
  </Placemark>
  <Placemark>
    <name>M3.1 - Baraya - Huila, Colombia</name>
    <description><![CDATA[<b>Magnitud:</b> 3.1 ML<br/><b>Profundidad:</b> 0 km<br/><b>Hora local:</b> 1995-12-22T09:28:03+00:00<br/><b>Lugar:</b> Baraya - Huila, Colombia<br/>]]></description>
    <Point>
      <coordinates>-74.929,3.172,0</coordinates>
    </Point>
  </Placemark>
  <Placemark>
    <name>M1.9 - Rivera - Huila, Colombia</name>
    <description><![CDATA[<b>Magnitud:</b> 1.9 ML<br/><b>Profundidad:</b> 1 km<br/><b>Hora local:</b> 1995-12-11T19:40:58+00:00<br/><b>Lugar:</b> Rivera - Huila, Colombia<br/>]]></description>
    <Point>
      <coordinates>-75.172,2.725,-1000</coordinates>
    </Point>
  </Placemark>
  <Placemark>
    <name>M2.7 - Baraya - Huila, Colombia</name>
    <description><![CDATA[<b>Magnitud:</b> 2.7 ML<br/><b>Profundidad:</b> 6 km<br/><b>Hora local:</b> 1995-11-29T07:03:42+00:00<br/><b>Lugar:</b> Baraya - Huila, Colombia<br/>]]></description>
    <Point>
      <coordinates>-74.875,2.948,-6000</coordinates>
    </Point>
  </Placemark>
  <Placemark>
    <name>M2.4 - Rivera - Huila, Colombia</name>
    <description><![CDATA[<b>Magnitud:</b> 2.4 ML<br/><b>Profundidad:</b> 9 km<br/><b>Hora local:</b> 1995-11-17T21:35:56+00:00<br/><b>Lugar:</b> Rivera - Huila, Colombia<br/>]]></description>
    <Point>
      <coordinates>-75.034,2.683,-9000</coordinates>
    </Point>
  </Placemark>
  <Placemark>
    <name>M2.1 - Baraya - Huila, Colombia</name>
    <description><![CDATA[<b>Magnitud:</b> 2.1 ML<br/><b>Profundidad:</b> 4 km<br/><b>Hora local:</b> 1995-10-31T00:00:38+00:00<br/><b>Lugar:</b> Baraya - Huila, Colombia<br/>]]></description>
    <Point>
      <coordinates>-74.863,2.903,-4000</coordinates>
    </Point>
  </Placemark>
  <Placemark>
    <name>M2.7 - Teruel - Huila, Colombia</name>
    <description><![CDATA[<b>Magnitud:</b> 2.7 ML<br/><b>Profundidad:</b> 18 km<br/><b>Hora local:</b> 1995-10-28T20:23:54+00:00<br/><b>Lugar:</b> Teruel - Huila, Colombia<br/>]]></description>
    <Point>
      <coordinates>-75.532,2.838,-18000</coordinates>
    </Point>
  </Placemark>
  <Placemark>
    <name>M3.0 - Rivera - Huila, Colombia</name>
    <description><![CDATA[<b>Magnitud:</b> 3.0 ML<br/><b>Profundidad:</b> 17 km<br/><b>Hora local:</b> 1995-09-27T03:07:39+00:00<br/><b>Lugar:</b> Rivera - Huila, Colombia<br/>]]></description>
    <Point>
      <coordinates>-75.026,2.692,-17000</coordinates>
    </Point>
  </Placemark>
  <Placemark>
    <name>M3.1 - Algeciras - Huila, Colombia</name>
    <description><![CDATA[<b>Magnitud:</b> 3.1 ML<br/><b>Profundidad:</b> 9 km<br/><b>Hora local:</b> 1995-09-25T19:21:06+00:00<br/><b>Lugar:</b> Algeciras - Huila, Colombia<br/>]]></description>
    <Point>
      <coordinates>-75.213,2.489,-9000</coordinates>
    </Point>
  </Placemark>
  <Placemark>
    <name>M2.2 - Baraya - Huila, Colombia</name>
    <description><![CDATA[<b>Magnitud:</b> 2.2 ML<br/><b>Profundidad:</b> 0 km<br/><b>Hora local:</b> 1995-08-26T13:00:14+00:00<br/><b>Lugar:</b> Baraya - Huila, Colombia<br/>]]></description>
    <Point>
      <coordinates>-74.896,2.985,0</coordinates>
    </Point>
  </Placemark>
  <Placemark>
    <name>M2.7 - Íquira - Huila, Colombia</name>
    <description><![CDATA[<b>Magnitud:</b> 2.7 ML<br/><b>Profundidad:</b> 2 km<br/><b>Hora local:</b> 1995-08-22T15:34:20+00:00<br/><b>Lugar:</b> Íquira - Huila, Colombia<br/>]]></description>
    <Point>
      <coordinates>-75.62,2.656,-2000</coordinates>
    </Point>
  </Placemark>
  <Placemark>
    <name>M3.0 - Tello - Huila, Colombia</name>
    <description><![CDATA[<b>Magnitud:</b> 3.0 ML<br/><b>Profundidad:</b> 8 km<br/><b>Hora local:</b> 1995-08-22T05:41:05+00:00<br/><b>Lugar:</b> Tello - Huila, Colombia<br/>]]></description>
    <Point>
      <coordinates>-74.957,2.944,-8000</coordinates>
    </Point>
  </Placemark>
  <Placemark>
    <name>M2.6 - Baraya - Huila, Colombia</name>
    <description><![CDATA[<b>Magnitud:</b> 2.6 ML<br/><b>Profundidad:</b> 4 km<br/><b>Hora local:</b> 1995-08-15T11:00:32+00:00<br/><b>Lugar:</b> Baraya - Huila, Colombia<br/>]]></description>
    <Point>
      <coordinates>-74.907,3.047,-4000</coordinates>
    </Point>
  </Placemark>
  <Placemark>
    <name>M2.1 - Rivera - Huila, Colombia</name>
    <description><![CDATA[<b>Magnitud:</b> 2.1 ML<br/><b>Profundidad:</b> 4 km<br/><b>Hora local:</b> 1995-07-26T13:26:56+00:00<br/><b>Lugar:</b> Rivera - Huila, Colombia<br/>]]></description>
    <Point>
      <coordinates>-75.017,2.596,-4000</coordinates>
    </Point>
  </Placemark>
  <Placemark>
    <name>M3.3 - Tello - Huila, Colombia</name>
    <description><![CDATA[<b>Magnitud:</b> 3.3 ML<br/><b>Profundidad:</b> 100 km<br/><b>Hora local:</b> 1995-07-24T00:53:01+00:00<br/><b>Lugar:</b> Tello - Huila, Colombia<br/>]]></description>
    <Point>
      <coordinates>-75.051,2.9,-100000</coordinates>
    </Point>
  </Placemark>
  <Placemark>
    <name>M2.2 - Rivera - Huila, Colombia</name>
    <description><![CDATA[<b>Magnitud:</b> 2.2 ML<br/><b>Profundidad:</b> 10 km<br/><b>Hora local:</b> 1995-05-22T20:17:47+00:00<br/><b>Lugar:</b> Rivera - Huila, Colombia<br/>]]></description>
    <Point>
      <coordinates>-74.994,2.651,-10000</coordinates>
    </Point>
  </Placemark>
  <Placemark>
    <name>M2.5 - Rivera - Huila, Colombia</name>
    <description><![CDATA[<b>Magnitud:</b> 2.5 ML<br/><b>Profundidad:</b> 10 km<br/><b>Hora local:</b> 1995-04-24T00:16:52+00:00<br/><b>Lugar:</b> Rivera - Huila, Colombia<br/>]]></description>
    <Point>
      <coordinates>-75.001,2.621,-10000</coordinates>
    </Point>
  </Placemark>
  <Placemark>
    <name>M2.5 - Tello - Huila, Colombia</name>
    <description><![CDATA[<b>Magnitud:</b> 2.5 ML<br/><b>Profundidad:</b> 8 km<br/><b>Hora local:</b> 1995-04-11T14:25:03+00:00<br/><b>Lugar:</b> Tello - Huila, Colombia<br/>]]></description>
    <Point>
      <coordinates>-74.934,2.908,-8000</coordinates>
    </Point>
  </Placemark>
  <Placemark>
    <name>M3.2 - Algeciras - Huila, Colombia</name>
    <description><![CDATA[<b>Magnitud:</b> 3.2 ML<br/><b>Profundidad:</b> 4 km<br/><b>Hora local:</b> 1995-03-05T06:15:10+00:00<br/><b>Lugar:</b> Algeciras - Huila, Colombia<br/>]]></description>
    <Point>
      <coordinates>-75.357,2.506,-4000</coordinates>
    </Point>
  </Placemark>
  <Placemark>
    <name>M2.7 - Baraya - Huila, Colombia</name>
    <description><![CDATA[<b>Magnitud:</b> 2.7 ML<br/><b>Profundidad:</b> 4 km<br/><b>Hora local:</b> 1995-02-19T02:15:52+00:00<br/><b>Lugar:</b> Baraya - Huila, Colombia<br/>]]></description>
    <Point>
      <coordinates>-74.862,2.879,-4000</coordinates>
    </Point>
  </Placemark>
  <Placemark>
    <name>M2.8 - Rivera - Huila, Colombia</name>
    <description><![CDATA[<b>Magnitud:</b> 2.8 ML<br/><b>Profundidad:</b> 1 km<br/><b>Hora local:</b> 1995-01-23T00:58:51+00:00<br/><b>Lugar:</b> Rivera - Huila, Colombia<br/>]]></description>
    <Point>
      <coordinates>-74.977,2.625,-1000</coordinates>
    </Point>
  </Placemark>
  <Placemark>
    <name>M3.0 - Rivera - Huila, Colombia</name>
    <description><![CDATA[<b>Magnitud:</b> 3.0 ML<br/><b>Profundidad:</b> 22 km<br/><b>Hora local:</b> 1995-01-17T03:36:09+00:00<br/><b>Lugar:</b> Rivera - Huila, Colombia<br/>]]></description>
    <Point>
      <coordinates>-75.158,2.669,-22000</coordinates>
    </Point>
  </Placemark>
  <Placemark>
    <name>M2.6 - Aipe - Huila, Colombia</name>
    <description><![CDATA[<b>Magnitud:</b> 2.6 ML<br/><b>Profundidad:</b> 4 km<br/><b>Hora local:</b> 1994-12-07T10:38:06+00:00<br/><b>Lugar:</b> Aipe - Huila, Colombia<br/>]]></description>
    <Point>
      <coordinates>-75.35,3.328,-4000</coordinates>
    </Point>
  </Placemark>
  <Placemark>
    <name>M2.8 - Santa María - Huila, Colombia</name>
    <description><![CDATA[<b>Magnitud:</b> 2.8 ML<br/><b>Profundidad:</b> 22 km<br/><b>Hora local:</b> 1994-12-04T10:55:44+00:00<br/><b>Lugar:</b> Santa María - Huila, Colombia<br/>]]></description>
    <Point>
      <coordinates>-75.724,2.903,-22000</coordinates>
    </Point>
  </Placemark>
  <Placemark>
    <name>M2.1 - Baraya - Huila, Colombia</name>
    <description><![CDATA[<b>Magnitud:</b> 2.1 ML<br/><b>Profundidad:</b> 7 km<br/><b>Hora local:</b> 1994-12-01T10:42:31+00:00<br/><b>Lugar:</b> Baraya - Huila, Colombia<br/>]]></description>
    <Point>
      <coordinates>-74.944,2.965,-7000</coordinates>
    </Point>
  </Placemark>
  <Placemark>
    <name>M2.4 - Tello - Huila, Colombia</name>
    <description><![CDATA[<b>Magnitud:</b> 2.4 ML<br/><b>Profundidad:</b> 3 km<br/><b>Hora local:</b> 1994-11-30T09:48:02+00:00<br/><b>Lugar:</b> Tello - Huila, Colombia<br/>]]></description>
    <Point>
      <coordinates>-75.071,2.913,-3000</coordinates>
    </Point>
  </Placemark>
  <Placemark>
    <name>M2.9 - Baraya - Huila, Colombia</name>
    <description><![CDATA[<b>Magnitud:</b> 2.9 ML<br/><b>Profundidad:</b> 12 km<br/><b>Hora local:</b> 1994-11-20T12:15:08+00:00<br/><b>Lugar:</b> Baraya - Huila, Colombia<br/>]]></description>
    <Point>
      <coordinates>-74.85,2.924,-12000</coordinates>
    </Point>
  </Placemark>
  <Placemark>
    <name>M2.8 - Algeciras - Huila, Colombia</name>
    <description><![CDATA[<b>Magnitud:</b> 2.8 ML<br/><b>Profundidad:</b> 8 km<br/><b>Hora local:</b> 1994-10-15T12:58:04+00:00<br/><b>Lugar:</b> Algeciras - Huila, Colombia<br/>]]></description>
    <Point>
      <coordinates>-75.311,2.507,-8000</coordinates>
    </Point>
  </Placemark>
  <Placemark>
    <name>M1.7 - Santa María - Huila, Colombia</name>
    <description><![CDATA[<b>Magnitud:</b> 1.7 ML<br/><b>Profundidad:</b> 38 km<br/><b>Hora local:</b> 1994-10-14T07:42:25+00:00<br/><b>Lugar:</b> Santa María - Huila, Colombia<br/>]]></description>
    <Point>
      <coordinates>-75.695,2.87,-38000</coordinates>
    </Point>
  </Placemark>
  <Placemark>
    <name>M1.8 - Aipe - Huila, Colombia</name>
    <description><![CDATA[<b>Magnitud:</b> 1.8 ML<br/><b>Profundidad:</b> 7 km<br/><b>Hora local:</b> 1994-10-10T22:03:13+00:00<br/><b>Lugar:</b> Aipe - Huila, Colombia<br/>]]></description>
    <Point>
      <coordinates>-75.259,3.289,-7000</coordinates>
    </Point>
  </Placemark>
  <Placemark>
    <name>M3.1 - Tello - Huila, Colombia</name>
    <description><![CDATA[<b>Magnitud:</b> 3.1 ML<br/><b>Profundidad:</b> 18 km<br/><b>Hora local:</b> 1994-09-28T02:29:45+00:00<br/><b>Lugar:</b> Tello - Huila, Colombia<br/>]]></description>
    <Point>
      <coordinates>-74.849,2.861,-18000</coordinates>
    </Point>
  </Placemark>
  <Placemark>
    <name>M1.8 - Tello - Huila, Colombia</name>
    <description><![CDATA[<b>Magnitud:</b> 1.8 ML<br/><b>Profundidad:</b> 4 km<br/><b>Hora local:</b> 1994-09-06T20:22:28+00:00<br/><b>Lugar:</b> Tello - Huila, Colombia<br/>]]></description>
    <Point>
      <coordinates>-74.962,2.948,-4000</coordinates>
    </Point>
  </Placemark>
  <Placemark>
    <name>M3.0 - Rivera - Huila, Colombia</name>
    <description><![CDATA[<b>Magnitud:</b> 3.0 ML<br/><b>Profundidad:</b> 0 km<br/><b>Hora local:</b> 1994-09-04T05:31:24+00:00<br/><b>Lugar:</b> Rivera - Huila, Colombia<br/>]]></description>
    <Point>
      <coordinates>-75.073,2.621,0</coordinates>
    </Point>
  </Placemark>
  <Placemark>
    <name>M1.9 - Baraya - Huila, Colombia</name>
    <description><![CDATA[<b>Magnitud:</b> 1.9 ML<br/><b>Profundidad:</b> 16 km<br/><b>Hora local:</b> 1994-08-26T06:19:13+00:00<br/><b>Lugar:</b> Baraya - Huila, Colombia<br/>]]></description>
    <Point>
      <coordinates>-74.996,3.208,-16000</coordinates>
    </Point>
  </Placemark>
  <Placemark>
    <name>M3.2 - Tello - Huila, Colombia</name>
    <description><![CDATA[<b>Magnitud:</b> 3.2 ML<br/><b>Profundidad:</b> 16 km<br/><b>Hora local:</b> 1994-08-24T06:58:09+00:00<br/><b>Lugar:</b> Tello - Huila, Colombia<br/>]]></description>
    <Point>
      <coordinates>-74.859,2.868,-16000</coordinates>
    </Point>
  </Placemark>
  <Placemark>
    <name>M2.8 - Tello - Huila, Colombia</name>
    <description><![CDATA[<b>Magnitud:</b> 2.8 ML<br/><b>Profundidad:</b> 16 km<br/><b>Hora local:</b> 1994-07-26T05:23:15+00:00<br/><b>Lugar:</b> Tello - Huila, Colombia<br/>]]></description>
    <Point>
      <coordinates>-74.966,2.883,-16000</coordinates>
    </Point>
  </Placemark>
  <Placemark>
    <name>M2.4 - Tello - Huila, Colombia</name>
    <description><![CDATA[<b>Magnitud:</b> 2.4 ML<br/><b>Profundidad:</b> 4 km<br/><b>Hora local:</b> 1994-07-23T12:55:59+00:00<br/><b>Lugar:</b> Tello - Huila, Colombia<br/>]]></description>
    <Point>
      <coordinates>-74.985,2.938,-4000</coordinates>
    </Point>
  </Placemark>
  <Placemark>
    <name>M2.3 - Rivera - Huila, Colombia</name>
    <description><![CDATA[<b>Magnitud:</b> 2.3 ML<br/><b>Profundidad:</b> 7 km<br/><b>Hora local:</b> 1994-07-21T02:38:01+00:00<br/><b>Lugar:</b> Rivera - Huila, Colombia<br/>]]></description>
    <Point>
      <coordinates>-74.999,2.651,-7000</coordinates>
    </Point>
  </Placemark>
  <Placemark>
    <name>M2.8 - Rivera - Huila, Colombia</name>
    <description><![CDATA[<b>Magnitud:</b> 2.8 ML<br/><b>Profundidad:</b> 4 km<br/><b>Hora local:</b> 1994-06-15T23:25:48+00:00<br/><b>Lugar:</b> Rivera - Huila, Colombia<br/>]]></description>
    <Point>
      <coordinates>-74.981,2.683,-4000</coordinates>
    </Point>
  </Placemark>
  <Placemark>
    <name>M3.0 - Rivera - Huila, Colombia</name>
    <description><![CDATA[<b>Magnitud:</b> 3.0 ML<br/><b>Profundidad:</b> 0 km<br/><b>Hora local:</b> 1994-06-12T15:55:49+00:00<br/><b>Lugar:</b> Rivera - Huila, Colombia<br/>]]></description>
    <Point>
      <coordinates>-74.959,2.662,0</coordinates>
    </Point>
  </Placemark>
  <Placemark>
    <name>M2.3 - Algeciras - Huila, Colombia</name>
    <description><![CDATA[<b>Magnitud:</b> 2.3 ML<br/><b>Profundidad:</b> 19 km<br/><b>Hora local:</b> 1994-05-24T22:14:04+00:00<br/><b>Lugar:</b> Algeciras - Huila, Colombia<br/>]]></description>
    <Point>
      <coordinates>-75.268,2.511,-19000</coordinates>
    </Point>
  </Placemark>
  <Placemark>
    <name>M2.3 - Rivera - Huila, Colombia</name>
    <description><![CDATA[<b>Magnitud:</b> 2.3 ML<br/><b>Profundidad:</b> 4 km<br/><b>Hora local:</b> 1994-05-19T15:48:29+00:00<br/><b>Lugar:</b> Rivera - Huila, Colombia<br/>]]></description>
    <Point>
      <coordinates>-74.956,2.676,-4000</coordinates>
    </Point>
  </Placemark>
  <Placemark>
    <name>M2.3 - Neiva - Huila, Colombia</name>
    <description><![CDATA[<b>Magnitud:</b> 2.3 ML<br/><b>Profundidad:</b> 4 km<br/><b>Hora local:</b> 1994-04-26T20:02:11+00:00<br/><b>Lugar:</b> Neiva - Huila, Colombia<br/>]]></description>
    <Point>
      <coordinates>-75.258,3.034,-4000</coordinates>
    </Point>
  </Placemark>
  <Placemark>
    <name>M3.6 - Rivera - Huila, Colombia</name>
    <description><![CDATA[<b>Magnitud:</b> 3.6 ML<br/><b>Profundidad:</b> 2 km<br/><b>Hora local:</b> 1994-04-22T05:00:53+00:00<br/><b>Lugar:</b> Rivera - Huila, Colombia<br/>]]></description>
    <Point>
      <coordinates>-75.029,2.666,-2000</coordinates>
    </Point>
  </Placemark>
  <Placemark>
    <name>M2.3 - Rivera - Huila, Colombia</name>
    <description><![CDATA[<b>Magnitud:</b> 2.3 ML<br/><b>Profundidad:</b> 10 km<br/><b>Hora local:</b> 1994-03-25T10:50:51+00:00<br/><b>Lugar:</b> Rivera - Huila, Colombia<br/>]]></description>
    <Point>
      <coordinates>-74.996,2.681,-10000</coordinates>
    </Point>
  </Placemark>
  <Placemark>
    <name>M2.4 - Algeciras - Huila, Colombia</name>
    <description><![CDATA[<b>Magnitud:</b> 2.4 ML<br/><b>Profundidad:</b> 4 km<br/><b>Hora local:</b> 1994-03-14T21:06:44+00:00<br/><b>Lugar:</b> Algeciras - Huila, Colombia<br/>]]></description>
    <Point>
      <coordinates>-75.156,2.592,-4000</coordinates>
    </Point>
  </Placemark>
  <Placemark>
    <name>M2.4 - Tello - Huila, Colombia</name>
    <description><![CDATA[<b>Magnitud:</b> 2.4 ML<br/><b>Profundidad:</b> 4 km<br/><b>Hora local:</b> 1994-02-26T09:23:30+00:00<br/><b>Lugar:</b> Tello - Huila, Colombia<br/>]]></description>
    <Point>
      <coordinates>-74.959,2.922,-4000</coordinates>
    </Point>
  </Placemark>
  <Placemark>
    <name>M1.9 - Tello - Huila, Colombia</name>
    <description><![CDATA[<b>Magnitud:</b> 1.9 ML<br/><b>Profundidad:</b> 2 km<br/><b>Hora local:</b> 1994-02-09T10:00:20+00:00<br/><b>Lugar:</b> Tello - Huila, Colombia<br/>]]></description>
    <Point>
      <coordinates>-74.922,2.888,-2000</coordinates>
    </Point>
  </Placemark>
  <Placemark>
    <name>M2.2 - Planadas - Tolima, Colombia</name>
    <description><![CDATA[<b>Magnitud:</b> 2.2 ML<br/><b>Profundidad:</b> 18 km<br/><b>Hora local:</b> 1994-01-16T14:02:42+00:00<br/><b>Lugar:</b> Planadas - Tolima, Colombia<br/>]]></description>
    <Point>
      <coordinates>-75.618,3.16,-18000</coordinates>
    </Point>
  </Placemark>
  <Placemark>
    <name>M2.5 - Tello - Huila, Colombia</name>
    <description><![CDATA[<b>Magnitud:</b> 2.5 ML<br/><b>Profundidad:</b> 10 km<br/><b>Hora local:</b> 1994-01-05T17:47:16+00:00<br/><b>Lugar:</b> Tello - Huila, Colombia<br/>]]></description>
    <Point>
      <coordinates>-74.968,2.922,-10000</coordinates>
    </Point>
  </Placemark>
  <Placemark>
    <name>M1.7 - Rivera - Huila, Colombia</name>
    <description><![CDATA[<b>Magnitud:</b> 1.7 ML<br/><b>Profundidad:</b> 4 km<br/><b>Hora local:</b> 1993-10-31T02:39:05+00:00<br/><b>Lugar:</b> Rivera - Huila, Colombia<br/>]]></description>
    <Point>
      <coordinates>-75.114,2.637,-4000</coordinates>
    </Point>
  </Placemark>
  <Placemark>
    <name>M2.4 - Rivera - Huila, Colombia</name>
    <description><![CDATA[<b>Magnitud:</b> 2.4 ML<br/><b>Profundidad:</b> 0 km<br/><b>Hora local:</b> 1993-10-28T05:24:23+00:00<br/><b>Lugar:</b> Rivera - Huila, Colombia<br/>]]></description>
    <Point>
      <coordinates>-75.047,2.633,0</coordinates>
    </Point>
  </Placemark>
  <Placemark>
    <name>M1.6 - Algeciras - Huila, Colombia</name>
    <description><![CDATA[<b>Magnitud:</b> 1.6 ML<br/><b>Profundidad:</b> 4 km<br/><b>Hora local:</b> 1993-10-08T01:53:30+00:00<br/><b>Lugar:</b> Algeciras - Huila, Colombia<br/>]]></description>
    <Point>
      <coordinates>-75.256,2.542,-4000</coordinates>
    </Point>
  </Placemark>
  <Placemark>
    <name>M1.5 - Rivera - Huila, Colombia</name>
    <description><![CDATA[<b>Magnitud:</b> 1.5 ML<br/><b>Profundidad:</b> 56 km<br/><b>Hora local:</b> 1993-09-19T22:33:37+00:00<br/><b>Lugar:</b> Rivera - Huila, Colombia<br/>]]></description>
    <Point>
      <coordinates>-75.014,2.703,-56000</coordinates>
    </Point>
  </Placemark>
  <Placemark>
    <name>M3.1 - Algeciras - Huila, Colombia</name>
    <description><![CDATA[<b>Magnitud:</b> 3.1 ML<br/><b>Profundidad:</b> 8 km<br/><b>Hora local:</b> 1993-09-12T13:32:08+00:00<br/><b>Lugar:</b> Algeciras - Huila, Colombia<br/>]]></description>
    <Point>
      <coordinates>-75.296,2.488,-8000</coordinates>
    </Point>
  </Placemark>
  <Placemark>
    <name>M2.1 - Tello - Huila, Colombia</name>
    <description><![CDATA[<b>Magnitud:</b> 2.1 ML<br/><b>Profundidad:</b> 18 km<br/><b>Hora local:</b> 1993-09-08T13:24:11+00:00<br/><b>Lugar:</b> Tello - Huila, Colombia<br/>]]></description>
    <Point>
      <coordinates>-74.884,2.861,-18000</coordinates>
    </Point>
  </Placemark>
  <Placemark>
    <name>M2.4 - Rivera - Huila, Colombia</name>
    <description><![CDATA[<b>Magnitud:</b> 2.4 ML<br/><b>Profundidad:</b> 4 km<br/><b>Hora local:</b> 1993-09-07T21:02:12+00:00<br/><b>Lugar:</b> Rivera - Huila, Colombia<br/>]]></description>
    <Point>
      <coordinates>-74.983,2.808,-4000</coordinates>
    </Point>
  </Placemark>
  <Placemark>
    <name>M2.0 - Rivera - Huila, Colombia</name>
    <description><![CDATA[<b>Magnitud:</b> 2.0 ML<br/><b>Profundidad:</b> 4 km<br/><b>Hora local:</b> 1993-09-04T20:13:35+00:00<br/><b>Lugar:</b> Rivera - Huila, Colombia<br/>]]></description>
    <Point>
      <coordinates>-74.953,2.686,-4000</coordinates>
    </Point>
  </Placemark>
  <Placemark>
    <name>M2.0 - Tello - Huila, Colombia</name>
    <description><![CDATA[<b>Magnitud:</b> 2.0 ML<br/><b>Profundidad:</b> 1 km<br/><b>Hora local:</b> 1993-09-02T04:43:01+00:00<br/><b>Lugar:</b> Tello - Huila, Colombia<br/>]]></description>
    <Point>
      <coordinates>-75.027,3.027,-1000</coordinates>
    </Point>
  </Placemark>
  <Placemark>
    <name>M2.5 - Baraya - Huila, Colombia</name>
    <description><![CDATA[<b>Magnitud:</b> 2.5 ML<br/><b>Profundidad:</b> 0 km<br/><b>Hora local:</b> 1993-08-11T17:15:51+00:00<br/><b>Lugar:</b> Baraya - Huila, Colombia<br/>]]></description>
    <Point>
      <coordinates>-74.851,2.957,0</coordinates>
    </Point>
  </Placemark>
  <Placemark>
    <name>M2.7 - Tello - Huila, Colombia</name>
    <description><![CDATA[<b>Magnitud:</b> 2.7 ML<br/><b>Profundidad:</b> 12 km<br/><b>Hora local:</b> 1993-07-30T11:36:45+00:00<br/><b>Lugar:</b> Tello - Huila, Colombia<br/>]]></description>
    <Point>
      <coordinates>-74.881,2.842,-12000</coordinates>
    </Point>
  </Placemark>
  <Placemark>
    <name>M2.3 - Tello - Huila, Colombia</name>
    <description><![CDATA[<b>Magnitud:</b> 2.3 ML<br/><b>Profundidad:</b> 6 km<br/><b>Hora local:</b> 1993-07-26T09:31:54+00:00<br/><b>Lugar:</b> Tello - Huila, Colombia<br/>]]></description>
    <Point>
      <coordinates>-75.024,2.885,-6000</coordinates>
    </Point>
  </Placemark>
  <Placemark>
    <name>M2.1 - Rivera - Huila, Colombia</name>
    <description><![CDATA[<b>Magnitud:</b> 2.1 ML<br/><b>Profundidad:</b> 11 km<br/><b>Hora local:</b> 1993-07-26T00:11:59+00:00<br/><b>Lugar:</b> Rivera - Huila, Colombia<br/>]]></description>
    <Point>
      <coordinates>-75.015,2.663,-11000</coordinates>
    </Point>
  </Placemark>
  <Placemark>
    <name>M1.7 - Rivera - Huila, Colombia</name>
    <description><![CDATA[<b>Magnitud:</b> 1.7 ML<br/><b>Profundidad:</b> 4 km<br/><b>Hora local:</b> 1993-07-09T20:54:23+00:00<br/><b>Lugar:</b> Rivera - Huila, Colombia<br/>]]></description>
    <Point>
      <coordinates>-75.069,2.672,-4000</coordinates>
    </Point>
  </Placemark>
  <Placemark>
    <name>M2.0 - Rivera - Huila, Colombia</name>
    <description><![CDATA[<b>Magnitud:</b> 2.0 ML<br/><b>Profundidad:</b> 4 km<br/><b>Hora local:</b> 1993-07-05T03:23:24+00:00<br/><b>Lugar:</b> Rivera - Huila, Colombia<br/>]]></description>
    <Point>
      <coordinates>-75.063,2.708,-4000</coordinates>
    </Point>
  </Placemark>
  <Placemark>
    <name>M3.0 - Íquira - Huila, Colombia</name>
    <description><![CDATA[<b>Magnitud:</b> 3.0 ML<br/><b>Profundidad:</b> 4 km<br/><b>Hora local:</b> 1993-06-30T07:01:46+00:00<br/><b>Lugar:</b> Íquira - Huila, Colombia<br/>]]></description>
    <Point>
      <coordinates>-75.605,2.643,-4000</coordinates>
    </Point>
  </Placemark>
  <Placemark>
    <name>M2.0 - Rivera - Huila, Colombia</name>
    <description><![CDATA[<b>Magnitud:</b> 2.0 ML<br/><b>Profundidad:</b> 3 km<br/><b>Hora local:</b> 1993-06-25T02:13:34+00:00<br/><b>Lugar:</b> Rivera - Huila, Colombia<br/>]]></description>
    <Point>
      <coordinates>-74.937,2.721,-3000</coordinates>
    </Point>
  </Placemark>
  <Placemark>
    <name>M2.2 - Tello - Huila, Colombia</name>
    <description><![CDATA[<b>Magnitud:</b> 2.2 ML<br/><b>Profundidad:</b> 0 km<br/><b>Hora local:</b> 1993-06-07T10:44:35+00:00<br/><b>Lugar:</b> Tello - Huila, Colombia<br/>]]></description>
    <Point>
      <coordinates>-74.858,2.821,0</coordinates>
    </Point>
  </Placemark>
</Document>
</kml>