latitud,longitud,X,Y,Z,Mw,agencia,lugar,hora,magnitud,tipo_magnitud,estado_conversion
3.725,-73.866,4903872.932097381,1969662.2145188744,15.0,6.43,iscgem,"8 km SSW of Cubarral, Colombia",1917-08-30 03:24:19.570000+00:00,6.43,mw,directa
3.792,-73.649,4927966.897332046,1977044.8660916605,15.0,7.05,iscgem,"5 km SE of Castilla La Nueva, Colombia",1917-08-31 11:36:24.560000+00:00,7.05,mw,directa
3.156,-77.469,4503155.7041668845,1907814.7302018816,35.0,6.35,iscgem,"47 km NNE of Timbiquí, Colombia",1920-01-30 18:26:47.290000+00:00,6.35,mw,directa
5.099,-76.078,4658815.940603375,2122246.7201077063,15.0,6.07,iscgem,"12 km WNW of Santuario, Colombia",1935-09-18 04:57:55.780000+00:00,6.07,mw,directa
4.437,-74.636,4818544.218458243,2048485.3858083875,15.0,5.98,iscgem,"2 km S of Tocaima, Colombia",1942-05-22 10:30:43.540000+00:00,5.98,mw,directa
3.7,-76.752,4583230.005810747,1967734.3218549972,52.3,6.12,iscgem,"8 km NW of Dagua, Colombia",1957-05-24 02:37:50.370000+00:00,6.12,mw,directa
4.617,-73.981,4891229.38375411,2068248.578551659,15.0,5.31,iscgem,"7 km SE of Barrio San Luis, Colombia",1966-09-04 22:14:52.980000+00:00,5.31,mw,directa
3.596,-74.274,4858557.927993435,1955460.403612619,35.0,5.14,iscgem,"28 km WNW of Lejanías, Colombia",1966-10-18 18:43:36.110000+00:00,5.14,mw,directa
2.906,-74.772,4803119.998399304,1879278.4620118767,35.0,7.0,iscgem,"41 km SE of Baraya, Colombia",1967-02-09 15:24:46.750000+00:00,7.0,mw,directa
2.946,-74.77,4803349.256384064,1883699.774724096,36.1,5.25,iscgem,"38 km SE of Baraya, Colombia",1967-02-27 02:06:41.280000+00:00,5.25,mw,directa
3.075,-74.895,4789481.3669511005,1897983.4925729216,23.9,5.2,iscgem,"19 km ESE of Baraya, Colombia",1967-11-05 14:23:53.890000+00:00,5.2,mw,directa
2.916,-74.943,4784115.784682156,1880415.234836495,51.5,5.19,iscgem,"27 km SE of Tello, Colombia",1968-01-28 01:50:47.330000+00:00,5.19,mw,directa
2.44,-75.362,4737435.709206819,1827867.067455816,15.0,5.31,iscgem,Colombia,1972-11-22 10:44:57.440000+00:00,5.31,mw,directa
4.631,-76.028,4664131.09076706,2070437.5872236043,84.0,5.19,us,"6 km ENE of Toro, Colombia",1973-02-09 09:53:18.500000+00:00,5.0,mb,convertida
4.691,-75.628,4708557.553127551,2076897.0176714212,158.0,6.534600000000001,us,"3 km ENE of Filandia, Colombia",1973-04-03 13:54:01.800000+00:00,6.2,mb,convertida
4.819,-76.38,4625145.415737208,2091422.9456142683,121.0,4.999199999999999,us,"18 km WSW of San José del Palmar, Colombia",1973-04-13 12:05:27.700000+00:00,4.8,mb,convertida
5.162,-75.813,4688245.267530588,2129081.7596000675,118.0,5.667,us,"5 km W of Risaralda, Colombia",1973-04-24 18:42:31.900000+00:00,5.5,mb,convertida
2.968,-74.86,4793350.706685825,1886148.101329401,42.0,5.3808,us,"29 km SE of Baraya, Colombia",1973-10-18 09:18:32.600000+00:00,5.2,mb,convertida
3.326,-74.12,4875622.430681024,1925600.0340297832,157.0,4.1406,us,"10 km SW of Mesetas, Colombia",1973-12-11 00:41:53.600000+00:00,3.9,mb,convertida
3.103,-76.142,4650847.765208894,1901409.0002356484,176.0,4.5222,us,"15 km ESE of Corinto, Colombia",1974-02-03 20:16:25.500000+00:00,4.3,mb,convertida
3.977,-74.302,4855511.983449866,1997572.5784784216,66.0,5.0946,us,"20 km E of Cabrera, Colombia",1974-02-21 12:43:48.700000+00:00,4.9,mb,convertida
4.752,-76.148,4650867.731762961,2083885.3722854443,87.0,5.285399999999999,us,"4 km NW of Argelia, Colombia",1974-04-29 22:20:52.200000+00:00,5.1,mb,convertida
4.54,-73.986,4890663.252793233,2059740.1401714447,71.0,4.6176,us,"7 km W of Choachí, Colombia",1974-07-07 01:53:01.800000+00:00,4.4,mb,convertida
4.861,-74.144,4873198.657561711,2095241.2873872295,33.0,4.4268,us,"1 km S of Tenjo, Colombia",1974-07-25 18:24:21.200000+00:00,4.2,mb,convertida
4.28,-76.855,4572072.959426475,2032013.262479599,84.0,6.104700000000001,us,"47 km SSW of Sipí, Colombia",1974-08-24 02:47:30.100000+00:00,5.9,mb,convertida
4.138,-75.758,4693903.052189781,2015779.7328163956,75.0,4.6176,us,"19 km S of Génova, Colombia",1974-10-19 07:54:53.500000+00:00,4.4,mb,convertida
2.774,-75.283,4746289.212628666,1864784.3164112167,86.0,4.8084,us,"2 km W of Rivera, Colombia",1974-12-08 14:54:34.600000+00:00,4.6,mb,convertida
2.852,-75.367,4736966.523885553,1873428.1451175632,83.0,4.236,us,"8 km ESE of Palermo, Colombia",1975-03-31 01:42:32.300000+00:00,4.0,mb,convertida
4.813,-75.757,4694294.710079769,2090447.7896600885,144.0,5.3808,us,"6 km W of Pereira, Colombia",1975-04-13 01:53:30.700000+00:00,5.2,mb,convertida
4.616,-75.959,4671784.573277029,2068745.649433049,150.0,4.8084,us,"4 km NNE of Obando, Colombia",1975-04-21 08:48:53.700000+00:00,4.6,mb,convertida
4.11,-75.511,4721324.966279189,2012591.9249568805,52.0,4.1406,us,"12 km WNW of Playarrica, Colombia",1976-04-27 04:57:49.900000+00:00,3.9,mb,convertida
4.464,-75.783,4691257.731427809,2051852.1782594451,157.0,6.104700000000001,us,"1 km NNE of La Tebaida, Colombia",1976-05-19 04:07:15.800000+00:00,5.9,mb,convertida
3.498,-76.388,4623629.462584077,1945213.2811737843,132.0,4.713,us,"10 km WSW of Palmira, Colombia",1976-07-06 06:48:54.600000+00:00,4.5,mb,convertida
4.935,-75.975,4670160.963145671,2104047.712035808,123.0,5.0946,us,"2 km SW of Balboa, Colombia",1976-08-03 02:19:22.600000+00:00,4.9,mb,convertida
3.106,-77.005,4554809.154459986,1902065.9638275555,181.0,4.0452,us,"38 km WNW of Suárez, Colombia",1976-08-26 18:26:49.300000+00:00,3.8,mb,convertida
3.254,-76.972,4558546.448939477,1918443.882979868,90.0,4.999199999999999,us,"36 km S of Buenaventura, Colombia",1976-10-12 23:49:34.800000+00:00,4.8,mb,convertida
4.249,-75.528,4719486.528886161,2027971.1288621004,197.0,4.999199999999999,us,"18 km SSW of Anaime, Colombia",1976-11-25 14:59:35.700000+00:00,4.8,mb,convertida
1.947,-75.863,4681596.767184974,1773436.693697901,47.0,4.713,us,"8 km ESE of Timaná, Colombia",1977-02-12 11:44:25.400000+00:00,4.5,mb,convertida
3.62,-74.493,4834243.358777467,1958149.9064101784,135.0,4.5222,us,"36 km SE of Tres Esquinas, Colombia",1977-03-16 16:29:00.700000+00:00,4.3,mb,convertida
2.88,-76.457,4615725.198183831,1876834.383409324,127.0,4.5222,us,"9 km NNE of Caldono, Colombia",1977-04-09 13:41:13.400000+00:00,4.3,mb,convertida
3.301,-73.441,4951027.738544689,1922778.1132601048,44.0,5.285399999999999,us,"26 km SE of Fuente de Oro, Colombia",1978-01-10 20:08:33.800000+00:00,5.1,mb,convertida
2.626,-77.347,4516520.43321095,1849028.8550812365,111.0,4.4268,us,"38 km ESE of Timbiquí, Colombia",1978-08-12 08:25:26.600000+00:00,4.2,mb,convertida
2.236,-75.942,4672863.240489994,1805424.981653057,36.0,5.0946,us,"5 km NE of La Argentina, Colombia",1979-01-06 12:50:51.100000+00:00,4.9,mb,convertida
3.934,-76.026,4664048.704108304,1993316.659366424,127.0,4.6176,us,"23 km N of La Cumbre, Colombia",1979-03-27 09:09:16.900000+00:00,4.4,mb,convertida
4.653,-75.828,4686343.5770445615,2072779.6900819084,164.0,4.999199999999999,us,"5 km WSW of Alcalá, Colombia",1979-05-16 12:43:03.800000+00:00,4.8,mb,convertida
2.078,-75.459,4726578.729977458,1787852.916218472,36.0,4.5222,us,"22 km SE of Garzón, Colombia",1979-08-24 17:55:39.600000+00:00,4.3,mb,convertida
4.27,-76.412,4621305.276626527,2030673.036975114,95.0,4.9038,us,"12 km WNW of Trujillo, Colombia",1979-09-02 02:00:11.800000+00:00,4.7,mb,convertida
4.509,-75.881,4680396.37707503,2056872.4975703645,165.0,5.19,us,Colombia,1979-09-06 03:57:53.600000+00:00,5.0,mb,convertida
4.235,-75.559,4716039.304015396,2026434.033896276,38.0,4.999199999999999,us,"19 km SE of Pijao, Colombia",1979-09-11 14:02:57.800000+00:00,4.8,mb,convertida
4.558,-74.743,4806704.776159819,2061888.238270401,33.0,4.8084,us,"5 km W of Jerusalén, Colombia",1979-11-21 18:49:54.700000+00:00,4.6,mb,convertida
4.805,-76.217,4643234.76999396,2089785.991215005,108.0,6.821200000000001,us,"4 km N of El Cairo, Colombia",1979-11-23 23:40:29.800000+00:00,6.4,mb,convertida
3.781,-74.146,4872797.057839656,1975886.3834659683,45.0,4.8084,us,"31 km NNW of Lejanías, Colombia",1980-02-12 08:18:50.100000+00:00,4.6,mb,convertida
4.269,-73.825,4908484.642478317,2029771.2843808772,49.0,4.6176,us,"6 km N of Guayabetal, Colombia",1980-06-16 12:06:23.700000+00:00,4.4,mb,convertida
3.626,-73.657,4927065.324680168,1958702.9151822925,55.0,4.5222,us,"9 km SSE of San Martín, Colombia",1980-06-19 23:05:34.900000+00:00,4.3,mb,convertida
3.633,-73.702,4922070.15728445,1959480.152184075,65.0,4.6176,us,"7 km S of San Martín, Colombia",1980-06-20 01:05:15.800000+00:00,4.4,mb,convertida
4.437,-75.779,4691690.582240384,2048863.7081406936,162.0,5.8578,us,"1 km SSE of La Tebaida, Colombia",1980-06-25 12:04:56.900000+00:00,5.7,mb,convertida
4.274,-76.238,4640640.28274332,2031032.076350916,144.0,5.0946,us,"9 km SW of Bolívar, Colombia",1980-07-07 16:48:44.500000+00:00,4.9,mb,convertida
3.869,-76.908,4565959.677448559,1986525.6506884173,71.6,4.9038,us,"13 km E of Buenaventura, Colombia",1981-05-13 04:38:25.330000+00:00,4.7,mb,convertida
4.877,-76.322,4631616.547143253,2097810.6101120207,119.1,4.8084,us,"9 km WSW of San José del Palmar, Colombia",1981-05-20 03:01:47.840000+00:00,4.6,mb,convertida
1.548,-75.893,4678189.512248357,1729301.613494576,42.5,4.4268,us,"14 km N of Belén de los Andaquíes, Colombia",1981-05-22 08:26:14.440000+00:00,4.2,mb,convertida
2.126,-77.215,4531059.425430245,1793584.2272762712,97.7,4.8084,us,"9 km N of Balboa, Colombia",1981-07-23 02:52:16.610000+00:00,4.6,mb,convertida
3.895,-76.409,4621462.60460909,1989164.074163448,58.4,5.19,us,"4 km NW of Yotoco, Colombia",1981-08-05 12:58:27.460000+00:00,5.0,mb,convertida
4.06,-77.227,4530576.40771176,2007857.1526292316,80.0,4.6176,us,"26 km SE of Santa Genoveva de Docordó, Colombia",1982-01-13 16:36:07.690000+00:00,4.4,mb,convertida
3.905,-76.365,4626358.463537152,1990251.221956872,150.5,4.6176,us,"5 km NNE of Yotoco, Colombia",1982-02-13 01:09:22.160000+00:00,4.4,mb,convertida
3.408,-74.074,4880741.383666593,1934656.100630688,33.0,4.5222,us,"4 km NW of Mesetas, Colombia",1982-03-08 04:16:32.730000+00:00,4.3,mb,convertida
2.373,-75.311,4743095.528801933,1820448.4882600603,62.7,4.9038,us,"16 km S of Algeciras, Colombia",1982-05-14 01:18:47.960000+00:00,4.7,mb,convertida
4.446,-73.63,4930132.887824589,2049309.1371797852,16.1,4.9038,us,"13 km NE of El Calvario, Colombia",1982-07-12 13:35:41.800000+00:00,4.7,mb,convertida
4.802,-76.338,4629799.438199439,2089518.392139992,113.2,5.19,us,"13 km WNW of El Cairo, Colombia",1982-12-05 03:18:27.340000+00:00,5.0,mb,convertida
2.461,-76.686,4590096.534134018,1830523.5599983272,22.2,5.667,us,"8 km WNW of Popayán, Colombia",1983-03-31 13:12:52.640000+00:00,5.5,mb,convertida
4.099,-76.778,4580536.185270782,2011928.2600266784,72.4,4.8084,us,"37 km NE of Buenaventura, Colombia",1983-04-10 02:01:09.430000+00:00,4.6,mb,convertida
3.417,-76.53,4607801.85563853,1936304.8502679504,65.9,5.19,us,"2 km SSW of Cali, Colombia",1984-01-25 18:46:25.440000+00:00,5.0,mb,convertida
3.788,-76.92,4564583.7827831935,1977561.1213923092,64.0,5.285399999999999,us,"16 km SE of Buenaventura, Colombia",1984-07-11 17:22:26.150000+00:00,5.1,mb,convertida
1.17,-75.253,4749384.75257087,1687418.7684410182,33.0,4.5222,us,"31 km ESE of Milán, Colombia",1984-09-17 07:36:34.810000+00:00,4.3,mb,convertida
4.575,-76.811,4577132.424057828,2064655.9260538789,46.3,4.6176,us,"20 km WSW of Sipí, Colombia",1984-10-08 15:33:03.460000+00:00,4.4,mb,convertida
2.922,-76.304,4632765.366072638,1881432.111156052,162.6,4.713,us,"5 km SW of Toribío, Colombia",1984-10-26 16:12:47.180000+00:00,4.5,mb,convertida
4.26,-76.801,4578065.141803338,2029768.5949354484,63.3,4.8084,us,"46 km SSW of Sipí, Colombia",1984-11-08 07:47:01.020000+00:00,4.6,mb,convertida
1.978,-76.011,4665128.541719304,1776895.2671454877,16.5,5.285399999999999,us,"3 km ESE of Saladoblanco, Colombia",1984-11-13 14:03:15.850000+00:00,5.1,mb,convertida
4.207,-76.562,4604603.897395803,2023774.263284596,81.5,4.713,us,"26 km W of Trujillo, Colombia",1985-02-25 02:56:52.550000+00:00,4.5,mb,convertida
1.56,-77.017,4552983.552842008,1730834.9659932451,10.0,5.2,us,"5 km SE of Belén, Colombia",1985-04-10 20:15:36.610000+00:00,5.2,mw,directa
4.91,-75.876,4681134.504712988,2101233.611208767,135.0,5.19,us,Colombia,1985-06-03 07:06:18.780000+00:00,5.0,mb,convertida
4.036,-76.83,4574721.076247941,2004979.254633555,102.3,5.0946,us,"28 km NE of Buenaventura, Colombia",1985-09-18 03:59:09.140000+00:00,4.9,mb,convertida
5.065,-76.165,4649144.311917015,2118531.007908693,107.7,5.0946,us,"19 km WNW of La Celia, Colombia",1985-11-05 22:58:02.980000+00:00,4.9,mb,convertida
3.65,-74.925,4786272.685799847,1961556.867896936,33.0,4.9038,us,"11 km S of Prado, Colombia",1985-11-20 07:11:57.050000+00:00,4.7,mb,convertida
5.158,-74.848,4795237.826534791,2128247.758431885,11.1,5.19,us,"6 km SE of San Sebastián de Mariquita, Colombia",1985-12-18 22:36:26.250000+00:00,5.0,mb,convertida
3.934,-76.138,4651602.098061094,1993362.6383384983,137.8,4.5222,us,"12 km ESE of San Pedro, Colombia",1986-03-27 04:04:55.020000+00:00,4.3,mb,convertida
3.521,-76.454,4616298.174789815,1947785.9460164187,145.9,4.8084,us,"7 km SSE of Yumbo, Colombia",1986-03-27 06:05:33.210000+00:00,4.6,mb,convertida
4.547,-76.207,4644214.503610345,2061229.112715438,142.7,5.0946,us,"3 km SSW of Versalles, Colombia",1986-04-09 08:21:44.190000+00:00,4.9,mb,convertida
4.365,-75.919,4676114.395907296,2040957.825886128,169.8,4.9038,us,"10 km WNW of Caicedonia, Colombia",1986-07-22 19:53:52.540000+00:00,4.7,mb,convertida
4.148,-77.144,4539860.615184029,2017557.9563807396,112.1,4.4268,us,"27 km ESE of Santa Genoveva de Docordó, Colombia",1986-08-23 05:14:43.240000+00:00,4.2,mb,convertida
4.762,-76.21,4643989.621775166,2085023.7025388947,107.3,4.8084,us,"1 km E of El Cairo, Colombia",1987-01-07 17:16:25.390000+00:00,4.6,mb,convertida
3.964,-76.243,4639945.153339578,1996727.3030270447,126.2,4.236,us,"3 km SSW of San Pedro, Colombia",1987-03-20 09:15:30.330000+00:00,4.0,mb,convertida
3.625,-77.443,4506290.952201089,1959778.1174940765,53.8,4.9038,us,"49 km W of Buenaventura, Colombia",1987-04-21 21:31:20.830000+00:00,4.7,mb,convertida
3.744,-76.988,4556996.239988919,1972722.304754329,33.0,4.44133,us,"15 km SSE of Buenaventura, Colombia",1988-01-10 18:30:16.870000+00:00,3.9,md,convertida
2.747,-75.084,4768409.181497298,1861758.3243826183,33.0,4.28239,us,"19 km E of Rivera, Colombia",1988-01-14 04:48:42.580000+00:00,3.7,md,convertida
3.741,-76.93,4563447.80914889,1972360.8898542037,33.0,3.3572,us,"19 km SE of Buenaventura, Colombia",1988-01-15 16:41:52.390000+00:00,3.4,ml,convertida
4.114,-76.623,4597776.432600097,2013509.2699158408,33.0,4.44133,us,"25 km NW of Darien, Colombia",1988-01-17 04:22:48.200000+00:00,3.9,md,convertida
2.754,-76.667,4592306.928418624,1862957.326754633,33.0,3.0698,us,"4 km W of Morales, Colombia",1988-01-20 01:48:14.210000+00:00,3.1,ml,convertida
2.983,-75.671,4703195.717050112,1887991.9282344105,10.0,4.12345,us,"4 km NNW of Santa María, Colombia",1988-01-23 15:10:47.130000+00:00,3.5,md,convertida
4.387,-73.708,4921476.056061081,2042797.421044792,26.0,5.19,us,"3 km N of El Calvario, Colombia",1988-02-20 22:51:12.670000+00:00,5.0,mb,convertida
4.412,-73.673,4925360.56095151,2045556.3404475744,10.0,5.375,us,"7 km NNE of El Calvario, Colombia",1988-03-20 04:08:25.830000+00:00,5.0,ms,convertida
4.57,-73.903,4899871.998221518,2063043.3221970084,33.0,4.1406,us,"5 km NNE of Choachí, Colombia",1988-03-23 05:31:47.620000+00:00,3.9,mb,convertida
3.868,-77.145,4539592.259156014,1986540.110228797,71.7,4.999199999999999,us,"12 km W of Buenaventura, Colombia",1988-03-27 09:09:34.690000+00:00,4.8,mb,convertida
2.976,-77.521,4497278.228765993,1887889.6502696404,91.1,4.6176,us,"27 km NE of Timbiquí, Colombia",1988-10-30 00:48:49.530000+00:00,4.4,mb,convertida
3.807,-75.375,4736331.402222997,1979038.238517267,33.0,4.4268,us,"15 km NE of Chaparral, Colombia",1988-11-10 15:42:20.520000+00:00,4.2,mb,convertida
5.074,-75.78,4691863.231485399,2119330.7944362927,118.4,4.999199999999999,us,"1 km SE of San José, Colombia",1988-12-31 20:58:31.090000+00:00,4.8,mb,convertida
4.535,-76.066,4659866.651502538,2059833.2891002428,129.4,4.9038,us,"3 km WNW of La Victoria, Colombia",1989-06-28 15:16:18.410000+00:00,4.7,mb,convertida
4.295,-76.61,4599314.286302509,2033541.328246571,113.8,4.8084,us,"33 km WNW of Trujillo, Colombia",1989-08-26 02:59:54.080000+00:00,4.6,mb,convertida
3.879,-76.059,4660359.378809894,1987244.3803848813,130.7,4.8084,us,"17 km NNW of La Cumbre, Colombia",1989-08-31 16:02:10.250000+00:00,4.6,mb,convertida
2.94,-73.635,4929459.571777891,1882900.742626913,32.9,5.19,us,"24 km SSE of Vistahermosa, Colombia",1989-10-11 14:42:09.370000+00:00,5.0,mb,convertida
3.858,-76.298,4633785.979364777,1985020.0300118632,164.1,4.8084,us,"4 km S of Guadalajara de Buga, Colombia",1990-04-13 15:25:04.170000+00:00,4.6,mb,convertida
1.91,-75.613,4709414.070141225,1769299.1893047933,33.0,3.9498,us,"20 km SE of Guadalupe, Colombia",1990-07-04 13:21:54.280000+00:00,3.7,mb,convertida
3.853,-73.945,4895118.492073592,1983815.944338096,31.3,4.6176,us,"13 km WNW of Cubarral, Colombia",1990-09-10 05:25:21.420000+00:00,4.4,mb,convertida
3.12,-75.282,4746478.786806729,1903043.5946238504,33.0,4.4268,us,"12 km SSW of Aipe, Colombia",1990-10-23 09:13:04.240000+00:00,4.2,mb,convertida
4.707,-75.574,4714556.660254086,2078644.419727744,144.6,6.1,us,"7 km N of Salento, Colombia",1990-11-23 22:35:34.710000+00:00,6.1,mw,directa
3.272,-77.443,4506108.103836917,1920657.7100954505,89.9,4.713,us,"60 km SW of Buenaventura, Colombia",1990-12-29 01:55:13.700000+00:00,4.5,mb,convertida
4.417,-76.416,4620934.355873897,2046946.1327929487,97.4,4.12345,us,"22 km WSW of El Dovio, Colombia",1991-01-01 23:19:20.050000+00:00,3.5,md,convertida
2.889,-74.863,4793002.770885725,1877415.431063848,33.0,4.28239,us,"36 km SE of Baraya, Colombia",1991-01-02 01:42:30.790000+00:00,3.7,md,convertida
4.233,-75.808,4688387.028061568,2026308.49579597,10.0,4.679740000000001,us,"10 km SSW of Génova, Colombia",1991-01-02 17:21:07.220000+00:00,4.2,md,convertida
4.652,-76.055,4661143.447979813,2072774.0830511265,110.0,4.36186,us,"5 km NNE of Toro, Colombia",1991-01-03 20:12:36.470000+00:00,3.8,md,convertida
3.674,-75.233,4752066.820430914,1964289.714251528,33.0,4.36186,us,"14 km SSW of Coyaima, Colombia",1991-01-04 22:47:58.740000+00:00,3.8,md,convertida
2.61,-76.857,4571101.392632664,1847077.6553052568,10.0,4.28239,us,"10 km N of Villa Rica, Colombia",1991-01-05 20:59:32.120000+00:00,3.7,md,convertida
2.942,-74.803,4799680.970467447,1883263.4797666504,33.0,4.5208,us,"36 km SE of Baraya, Colombia",1991-01-09 11:23:11.640000+00:00,4.0,md,convertida
2.469,-75.268,4747895.953013483,1831055.7409837928,33.0,4.28239,us,"8 km SE of Algeciras, Colombia",1991-01-09 16:59:43.440000+00:00,3.7,md,convertida
3.976,-76.26,4638060.93379038,1998062.760052208,94.6,4.12345,us,"4 km WSW of San Pedro, Colombia",1991-01-09 18:23:06.130000+00:00,3.5,md,convertida
4.575,-76.31,4632789.452930437,2064379.682838924,118.0,4.36186,us,"11 km NW of El Dovio, Colombia",1991-01-10 02:18:52.860000+00:00,3.8,md,convertida
4.818,-76.131,4652788.330910055,2091180.1926787456,110.0,4.12345,us,"10 km N of Argelia, Colombia",1991-01-11 08:26:47.740000+00:00,3.5,md,convertida
2.342,-75.76,4693139.615500398,1817110.9614447723,33.0,4.12345,us,"9 km N of Agrado, Colombia",1991-01-11 22:36:14.070000+00:00,3.5,md,convertida
4.346,-75.795,4689876.470845064,2038803.6826323592,120.0,4.91815,us,"3 km ENE of Caicedonia, Colombia",1991-01-13 11:31:15.510000+00:00,4.5,md,convertida
4.946,-76.216,4643420.304788747,2105389.4810586986,110.0,4.12345,us,"5 km NNE of San José del Palmar, Colombia",1991-01-13 20:18:21.380000+00:00,3.5,md,convertida
2.551,-74.246,4861532.36096177,1839967.739408012,33.0,4.28239,us,Colombia,1991-01-18 08:47:33.380000+00:00,3.7,md,convertida
2.891,-74.797,4800338.809237505,1877624.704221045,33.0,4.28239,us,"40 km SE of Baraya, Colombia",1991-01-21 14:56:14.640000+00:00,3.7,md,convertida
4.712,-76.23,4641743.3718038825,2079500.675278804,117.3,5.0946,us,"5 km S of El Cairo, Colombia",1991-01-23 01:05:06.730000+00:00,4.9,mb,convertida
4.785,-76.19,4646221.845153059,2087558.662521528,110.0,4.28239,us,"4 km NE of El Cairo, Colombia",1991-01-23 16:35:34.850000+00:00,3.7,md,convertida
3.077,-75.365,4737242.046440526,1898308.886496265,33.0,4.202920000000001,us,"18 km NNW of Neiva, Colombia",1991-01-27 14:25:11.180000+00:00,3.6,md,convertida
5.015,-76.266,4637908.383024977,2113052.9730934566,103.8,4.999199999999999,us,"13 km NNW of San José del Palmar, Colombia",1991-02-14 07:34:59.990000+00:00,4.8,mb,convertida
4.613,-76.685,4591154.570323905,2068790.145161948,90.0,5.19,us,"6 km SW of Sipí, Colombia",1991-03-10 12:28:27.040000+00:00,5.0,mb,convertida
4.643,-75.759,4693998.07359193,2071643.1691016369,151.6,4.999199999999999,us,"2 km N of Quimbaya, Colombia",1991-03-19 10:56:17.180000+00:00,4.8,mb,convertida
3.898,-76.261,4637916.019871418,1989430.958340393,98.7,4.44133,us,"4 km E of Guadalajara de Buga, Colombia",1991-08-31 05:12:47.240000+00:00,3.9,md,convertida
4.16,-77.105,4544205.417638978,2018864.626059906,33.0,4.28239,us,"30 km ESE of Santa Genoveva de Docordó, Colombia",1991-08-31 07:22:27.590000+00:00,3.7,md,convertida
3.874,-76.219,4642574.282584823,1986757.0306102887,114.4,4.36186,us,"9 km ESE of Guadalajara de Buga, Colombia",1991-08-31 07:59:47.670000+00:00,3.8,md,convertida
4.354,-76.302,4633568.100111948,2039916.352468624,10.0,4.99762,us,"13 km W of Bolívar, Colombia",1991-09-04 04:32:29.860000+00:00,4.6,md,convertida
2.265,-76.506,4610084.45117533,1808773.141601852,10.0,4.679740000000001,us,"11 km E of Paispamba, Colombia",1991-09-06 08:11:38.180000+00:00,4.2,md,convertida
2.309,-76.175,4646946.823446436,1813557.0829635137,10.0,4.202920000000001,us,"24 km WNW of La Argentina, Colombia",1991-09-16 00:52:36.730000+00:00,3.6,md,convertida
4.308,-76.928,4563972.945135959,2035155.4943225076,33.0,4.12345,us,"48 km NNE of Buenaventura, Colombia",1991-09-19 10:50:37.170000+00:00,3.5,md,convertida
4.372,-76.161,4649239.788229135,2041841.0880735028,33.0,4.202920000000001,us,"4 km NE of Bolívar, Colombia",1991-09-20 10:59:45.700000+00:00,3.6,md,convertida
3.79,-77.023,4553125.476498016,1977835.209564615,31.6,4.60027,us,"10 km S of Buenaventura, Colombia",1991-09-20 22:34:03.850000+00:00,4.1,md,convertida
4.504,-76.827,4575312.817986765,2056802.9776303435,87.9,4.12345,us,"26 km SW of Sipí, Colombia",1991-09-23 06:54:26.940000+00:00,3.5,md,convertida
3.43,-74.123,4875302.50896299,1937093.544998409,33.0,4.5208,us,"10 km WNW of Mesetas, Colombia",1991-09-23 08:28:21.360000+00:00,4.0,md,convertida
3.419,-73.824,4908505.013690842,1935844.2755546917,33.0,4.5208,us,"7 km NE of San Juan de Arama, Colombia",1991-09-23 15:40:49.830000+00:00,4.0,md,convertida
4.557,-76.724,4586789.282586128,2062612.0936739696,33.0,4.28239,us,"13 km SW of Sipí, Colombia",1991-09-30 05:09:47.190000+00:00,3.7,md,convertida
4.66,-76.33,4630612.247134055,2073797.6509232128,110.0,4.36186,us,"16 km SW of El Cairo, Colombia",1991-10-02 09:02:37.560000+00:00,3.8,md,convertida
3.685,-74.847,4794943.846572702,1965407.876825907,10.0,4.12345,us,"11 km SE of Prado, Colombia",1991-10-04 04:02:45.730000+00:00,3.5,md,convertida
3.055,-76.456,4615897.055302711,1896204.8593634104,151.5,4.9038,us,"5 km WNW of Caloto, Colombia",1991-10-04 20:45:50.090000+00:00,4.7,mb,convertida
3.989,-77.288,4523748.199991791,2000026.0939192965,33.0,4.44133,us,"30 km WNW of Buenaventura, Colombia",1991-10-07 08:30:14.210000+00:00,3.9,md,convertida
2.907,-74.785,4801675.327364854,1879391.2788838516,33.0,4.60027,us,"40 km SE of Baraya, Colombia",1991-10-09 17:19:15.870000+00:00,4.1,md,convertida
2.73,-75.031,4774298.288170993,1859868.693998971,10.0,4.44133,us,"25 km ESE of Rivera, Colombia",1991-10-10 08:29:08.250000+00:00,3.9,md,convertida
2.48,-76.991,4556132.183562924,1832725.8214573525,90.0,4.60027,us,"16 km WSW of Villa Rica, Colombia",1991-10-13 11:39:02.080000+00:00,4.1,md,convertida
2.608,-75.757,4693534.607157945,1846534.241516248,33.0,4.12345,us,"9 km NE of Nátaga, Colombia",1991-10-14 00:37:14.790000+00:00,3.5,md,convertida
4.199,-76.225,4642050.020849282,2022726.0199654251,110.0,4.202920000000001,us,"7 km WNW of Andalucía, Colombia",1991-10-14 15:07:18.770000+00:00,3.6,md,convertida
2.442,-77.273,4524698.930557415,1828613.7652200828,90.0,4.5208,us,"20 km N of Argelia, Colombia",1991-10-15 04:03:55.770000+00:00,4.0,md,convertida
3.84,-77.006,4555042.723279186,1983364.472778568,33.0,4.12345,us,"5 km SSE of Buenaventura, Colombia",1991-10-16 17:18:57.250000+00:00,3.5,md,convertida
2.114,-76.086,4656808.294650395,1791958.7914859315,33.0,4.91815,us,"14 km NW of Oporapa, Colombia",1991-10-17 05:42:48.970000+00:00,4.5,md,convertida
5.035,-76.096,4656784.960371086,2115174.4031477585,90.0,4.44133,us,"10 km WNW of La Celia, Colombia",1991-10-18 14:55:39.030000+00:00,3.9,md,convertida
1.901,-77.156,4537571.504080691,1768640.9353515871,110.0,4.28239,us,"11 km N of Mercaderes, Colombia",1991-10-19 23:38:15.790000+00:00,3.7,md,convertida
2.494,-75.425,4730439.255940258,1833851.2462822376,33.0,4.36186,us,"10 km SSE of Hobo, Colombia",1991-10-21 16:48:22.910000+00:00,3.8,md,convertida
4.23,-76.781,4580272.238142734,2026435.694635007,75.0,4.44133,us,"46 km NW of Darien, Colombia",1991-10-25 18:40:31.670000+00:00,3.9,md,convertida
2.814,-75.255,4749410.975407155,1869201.3163281109,60.0,4.28239,us,"4 km N of Rivera, Colombia",1991-10-27 13:55:12.960000+00:00,3.7,md,convertida
4.664,-76.259,4638498.670115037,2074203.4618422932,120.0,4.5208,us,"11 km SSW of El Cairo, Colombia",1991-10-31 14:47:27.370000+00:00,4.0,md,convertida
2.914,-76.434,4618296.336879272,1880590.0219988225,148.9,5.19,us,"11 km SSE of Santander de Quilichao, Colombia",1991-11-13 13:21:47.590000+00:00,5.0,mb,convertida
3.225,-76.419,4620075.766165588,1915008.348789824,59.7,4.3314,us,"0 km SSW of Puerto Tejada, Colombia",1992-04-08 05:30:03.920000+00:00,4.1,mb,convertida
4.603,-75.634,4707855.415208527,2067165.910148061,152.8,4.9038,us,"1 km S of Circasia, Colombia",1992-07-18 01:40:56.650000+00:00,4.7,mb,convertida
5.111,-75.607,4711068.748034523,2123343.447724405,119.0,5.9,us,"10 km NNE of Palestina, Colombia",1992-08-15 19:02:09.140000+00:00,5.9,mwb,directa
1.808,-75.39,4734213.264644039,1757983.5274411554,18.1,5.0946,us,"18 km NW of El Doncello, Colombia",1992-12-06 00:40:34.480000+00:00,4.9,mb,convertida
3.707,-76.951,4561094.5078820735,1968605.7801777967,56.8,4.236,us,"14 km NNE of Buenaventura, Colombia",1993-01-11 14:01:52.880000+00:00,4.0,mb,convertida
4.502,-74.996,4778619.9674088415,2055769.7155982428,85.9,4.1406,us,"8 km NNW of Doima, Colombia",1993-01-25 12:58:51.520000+00:00,3.9,mb,convertida
4.452,-76.429,4619508.012618641,2050826.920064473,126.1,4.713,us,"22 km WSW of El Dovio, Colombia",1993-04-22 06:21:07.640000+00:00,4.5,mb,convertida
4.767,-74.487,4835150.29382423,2084925.409205154,61.4,4.236,us,"5 km ENE of Quipile, Colombia",1993-06-07 10:47:53.280000+00:00,4.0,mb,convertida
4.196,-76.638,4596150.735659759,2022595.3994242428,102.6,5.2,us,"33 km NNW of Darien, Colombia",1993-10-12 19:51:25.360000+00:00,5.2,mw,directa
4.967,-75.556,4716662.333492603,2107393.833502946,155.2,4.8084,us,"5 km ESE of Chinchiná, Colombia",1993-12-03 13:16:15.640000+00:00,4.6,mb,convertida
2.831,-73.994,4889565.431315151,1870884.7489746525,103.1,4.1406,us,"42 km SW of Vistahermosa, Colombia",1994-01-06 21:19:03.600000+00:00,3.9,mb,convertida
5.095,-75.986,4669021.020919574,2121756.094239911,112.1,4.4268,us,"3 km NW of Santuario, Colombia",1994-02-28 13:40:08.330000+00:00,4.2,mb,convertida
3.93,-74.357,4849398.819973569,1992387.8708611296,33.0,4.8084,us,"15 km ESE of Cabrera, Colombia",1994-04-23 21:32:51.280000+00:00,4.6,mb,convertida
2.917,-76.057,4660244.711228538,1880801.034529614,12.1,6.8,us,"23 km E of Toribío, Colombia",1994-06-06 20:47:40.530000+00:00,6.8,mw,directa
2.627,-75.939,4673291.342316258,1848682.1236306909,33.0,4.1406,us,"4 km ESE of Belalcázar, Colombia",1994-06-08 06:41:24.430000+00:00,3.9,mb,convertida
2.717,-75.921,4675317.709775588,1858634.3330971224,42.9,4.6176,us,"9 km NE of Belalcázar, Colombia",1994-06-08 08:55:00.700000+00:00,4.4,mb,convertida
2.762,-76.048,4661200.680053996,1863648.288682252,55.3,4.0452,us,"15 km NNW of Belalcázar, Colombia",1994-06-10 05:47:10.440000+00:00,3.8,mb,convertida
2.835,-76.168,4647870.577504992,1871761.251063633,10.0,4.6176,us,"17 km SE of Toribío, Colombia",1994-08-04 02:50:49.090000+00:00,4.4,mb,convertida
2.825,-75.954,4671676.178146058,1870591.921090809,41.9,4.6176,us,"19 km N of Belalcázar, Colombia",1994-08-29 07:43:57.740000+00:00,4.4,mb,convertida
4.842,-76.416,4621161.002718534,2093988.7284334805,117.8,4.1406,us,"21 km WSW of San José del Palmar, Colombia",1994-10-29 23:05:45.980000+00:00,3.9,mb,convertida
5.008,-75.421,4731653.101667846,2111871.7628077087,131.2,4.4268,us,"11 km ESE of Villamaría, Colombia",1995-01-02 22:33:24.500000+00:00,4.2,mb,convertida
4.104,-76.622,4597882.577931575,2012401.64641489,73.5,6.4,us,"24 km NW of Darien, Colombia",1995-02-08 18:40:25.380000+00:00,6.4,mwb,directa
4.289,-76.819,4576080.063742843,2032989.8609081013,61.1,4.0452,us,"44 km SSW of Sipí, Colombia",1995-02-10 19:03:49.630000+00:00,3.8,mb,convertida
4.034,-76.587,4601738.924720736,2004634.5768514983,121.2,4.3314,us,"16 km NW of Darien, Colombia",1995-03-01 23:47:24.330000+00:00,4.1,mb,convertida
3.845,-76.817,4576069.741138883,1983821.8755860447,100.0,3.9498,us,"24 km E of Buenaventura, Colombia",1995-05-04 06:18:36.380000+00:00,3.7,mb,convertida
4.905,-74.493,4834518.496736435,2100180.117346717,61.3,5.0946,us,"4 km NW of Guayabal de Síquima, Colombia",1995-06-04 17:39:35.060000+00:00,4.9,mb,convertida
3.466,-77.384,4512776.421687178,1942126.6378241363,33.0,4.6176,us,"44 km WSW of Buenaventura, Colombia",1995-07-17 14:09:55.980000+00:00,4.4,mb,convertida
5.139,-75.577,4714408.30567806,2126426.98318683,119.6,6.6,us,"7 km WSW of Neira, Colombia",1995-08-19 21:43:31.920000+00:00,6.6,mw,directa
4.069,-75.576,4714091.821435278,2008080.1914091755,191.3,4.1406,us,"7 km NNE of Roncesvalles, Colombia",1995-10-02 00:10:14.020000+00:00,3.9,mb,convertida
4.109,-73.374,4958505.742136222,2012053.262653737,33.0,3.9498,us,"22 km SE of Cumaral, Colombia",1996-02-08 08:39:14.460000+00:00,3.7,mb,convertida
2.181,-74.595,4822692.125628301,1799114.2052326512,61.5,4.1406,us,"69 km ENE of Puerto Rico, Colombia",1996-03-26 05:54:49.970000+00:00,3.9,mb,convertida
4.686,-76.126,4653277.265267006,2076570.931353117,100.0,4.0452,us,"4 km S of Argelia, Colombia",1996-07-12 15:43:44.650000+00:00,3.8,mb,convertida
4.481,-76.576,4603191.4242213685,2054115.018356707,110.5,4.6176,us,"20 km SSE of Sipí, Colombia",1996-09-10 02:26:50.370000+00:00,4.4,mb,convertida
4.255,-76.577,4602961.193679678,2029095.8106339036,109.4,5.3,us,"28 km W of Trujillo, Colombia",1996-09-11 06:28:45.640000+00:00,5.3,mwc,directa
4.438,-76.201,4644827.993191758,2049163.7454395925,112.6,4.9038,us,"5 km WNW of Roldanillo, Colombia",1996-11-17 18:44:14.170000+00:00,4.7,mb,convertida
4.252,-76.656,4594179.06352956,2028804.8388340112,111.0,4.713,us,"37 km W of Trujillo, Colombia",1996-12-04 16:02:51.610000+00:00,4.5,mb,convertida
4.543,-76.497,4612001.5650359085,2060935.8893532336,117.6,4.0452,us,"20 km SE of Sipí, Colombia",1997-02-18 00:54:40.240000+00:00,3.8,mb,convertida
4.564,-76.494,4612346.099929851,2063258.9212167629,100.7,5.8,us,"19 km ESE of Sipí, Colombia",1997-02-19 18:25:12.570000+00:00,5.8,mwc,directa
4.511,-76.114,4654525.096516568,2057200.3165787049,33.0,4.236,us,"2 km SSW of La Unión, Colombia",1997-06-18 22:35:14.900000+00:00,4.0,mb,convertida
3.774,-74.027,4886006.320424997,1975096.3039648985,42.4,5.0946,us,Colombia,1997-07-17 12:45:36.380000+00:00,4.9,mb,convertida
3.591,-76.791,4578840.766872506,1955682.9615923744,104.5,4.3314,us,"13 km WSW of Dagua, Colombia",1997-08-07 13:12:38.720000+00:00,4.1,mb,convertida
3.849,-75.749,4694795.779334724,1983807.6295910724,198.7,6.8,us,"24 km SW of Roncesvalles, Colombia",1997-09-02 12:13:22.920000+00:00,6.8,mwb,directa
4.861,-76.284,4635826.431322929,2096019.1252384407,117.9,5.15656,us,"6 km SW of San José del Palmar, Colombia",1997-10-20 10:55:19.430000+00:00,4.8,md,convertida
3.23,-76.467,4614737.349337255,1915579.884332625,85.5,4.713,us,"5 km W of Puerto Tejada, Colombia",1997-11-19 10:34:17.010000+00:00,4.5,mb,convertida
4.676,-76.07,4659489.669794753,2075436.931276036,102.5,4.713,us,"7 km N of Toro, Colombia",1997-12-10 20:12:13.980000+00:00,4.5,mb,convertida
3.929,-75.787,4690602.7978337165,1992671.04759645,177.5,6.4,us,"22 km WSW of Roncesvalles, Colombia",1997-12-11 07:56:28.850000+00:00,6.4,mwb,directa
4.961,-74.569,4826107.330998993,2106389.339747661,45.4,4.4268,us,"3 km ENE of Chaguaní, Colombia",1998-02-02 14:21:27.790000+00:00,4.2,mb,convertida
5.169,-75.933,4674938.389435554,2129916.329548706,33.2,4.60027,us,"6 km N of Apía, Colombia",1998-02-22 00:52:30.100000+00:00,4.1,md,convertida
3.256,-74.369,4847955.233642195,1917898.420020913,68.9,4.236,us,"38 km WSW of Mesetas, Colombia",1998-04-22 00:57:33.090000+00:00,4.0,mb,convertida
3.72,-77.229,4530164.924823245,1970189.0999655568,33.0,3.2614,us,"28 km SW of Buenaventura, Colombia",1998-06-12 17:09:16.200000+00:00,3.3,ml,convertida
2.722,-76.81,4576373.995561259,1859463.8394644212,142.4,4.713,us,"20 km W of Morales, Colombia",1998-06-22 07:03:13.270000+00:00,4.5,mb,convertida
4.333,-75.94,4673768.465763548,2037426.521785648,167.9,3.9498,us,"7 km N of Sevilla, Colombia",1998-07-18 10:53:03.660000+00:00,3.7,mb,convertida
4.461,-75.724,4697806.844862902,2051495.8072034423,17.0,6.1,us,"Near Armenia, Colombia",1999-01-25 18:19:16.870000+00:00,6.1,mwc,directa
4.37,-75.682,4702433.321959047,2041412.908427184,10.0,5.5,us,"2 km SSE of Córdoba, Colombia",1999-01-25 22:40:16.460000+00:00,5.5,mwc,directa
4.503,-75.741,4695936.865857205,2056148.7883961329,10.0,3.8362,us,"7 km S of Montenegro, Colombia",1999-01-29 06:06:56.650000+00:00,3.9,ml,convertida
4.511,-75.89,4679397.999496275,2057097.7223985856,10.0,4.236,us,"11 km SE of Obando, Colombia",1999-01-30 12:24:25.050000+00:00,4.0,mb,convertida
4.49,-75.693,4701260.20968361,2054690.9509950583,3.0,3.3572,us,"5 km SSW of Armenia, Colombia",1999-02-05 23:45:16.760000+00:00,3.4,ml,convertida
4.477,-75.692,4701365.937432007,2053252.560473028,10.0,3.3572,us,"6 km S of Armenia, Colombia",1999-02-07 08:23:49.900000+00:00,3.4,ml,convertida
4.515,-75.706,4699827.290278087,2057461.6604986696,2.0,3.1656,us,Colombia,1999-02-11 10:10:10.050000+00:00,3.2,ml,convertida
4.155,-73.837,4907139.899106529,2017175.317699619,10.0,3.6446,us,"6 km SSW of Guayabetal, Colombia",1999-02-12 01:20:59.440000+00:00,3.7,ml,convertida
4.471,-75.744,4695590.5454495065,2052610.241498103,3.0,3.5488,us,"5 km ENE of La Tebaida, Colombia",1999-02-21 05:32:09.910000+00:00,3.6,ml,convertida
4.442,-75.666,4704238.283646504,2049370.6121290373,8.0,4.3152,us,"6 km NNE of Córdoba, Colombia",1999-02-25 15:38:39.930000+00:00,4.4,ml,convertida
4.399,-75.701,4700335.300596889,2044628.2876723032,4.0,3.2614,us,"1 km WNW of Córdoba, Colombia",1999-03-02 07:42:13.830000+00:00,3.3,ml,convertida
4.503,-75.68,4702708.651445894,2056123.6178375625,4.0,3.2614,us,Colombia,1999-03-06 03:24:32.380000+00:00,3.3,ml,convertida
5.137,-74.949,4784035.565669971,2125959.4004015503,33.0,3.3572,us,"1 km NNE of Falan, Colombia",1999-03-08 15:18:47.080000+00:00,3.4,ml,convertida
4.502,-75.664,4704484.397609578,2056006.498329636,3.0,3.453,us,"3 km SW of Calarcá, Colombia",1999-03-11 13:07:23.760000+00:00,3.5,ml,convertida
4.475,-75.779,4691706.435657258,2053067.3404576469,10.0,3.3572,us,"2 km NNE of La Tebaida, Colombia",1999-03-17 01:04:37.050000+00:00,3.4,ml,convertida
4.486,-75.64,4707142.18958441,2054227.0620116172,9.0,3.3572,us,"4 km S of Calarcá, Colombia",1999-03-23 03:56:58.810000+00:00,3.4,ml,convertida
4.482,-75.749,4695040.000534876,2053829.128292146,10.0,3.3572,us,"5 km NE of La Tebaida, Colombia",1999-03-30 18:43:10.800000+00:00,3.4,ml,convertida
4.775,-76.415,4621234.936753514,2086572.025588471,123.2,4.3314,us,"21 km W of El Cairo, Colombia",1999-05-02 17:48:14.240000+00:00,4.1,mb,convertida
3.384,-76.606,4599333.231554047,1932682.882175136,10.0,3.1656,us,"10 km WSW of Cali, Colombia",1999-05-15 02:01:55.380000+00:00,3.2,ml,convertida
4.668,-74.755,4805403.552686173,2074051.3658775024,18.0,4.3314,us,"4 km WSW of Pulí, Colombia",1999-05-15 10:20:37.840000+00:00,4.1,mb,convertida
4.343,-73.616,4931676.174220536,2037926.4638896869,33.0,4.9038,us,"10 km E of El Calvario, Colombia",1999-06-01 21:42:14.040000+00:00,4.7,mb,convertida
4.471,-73.697,4922704.841388087,2052078.3242818243,33.0,4.4268,us,"13 km N of El Calvario, Colombia",1999-06-10 03:21:58.360000+00:00,4.2,mb,convertida
4.826,-74.618,4820639.28103429,2091479.8300498608,13.0,3.3572,us,"8 km SW of Vianí, Colombia",1999-07-05 10:39:34.040000+00:00,3.4,ml,convertida
4.697,-74.697,4811844.314206294,2077241.289671142,1.0,3.6446,us,"2 km NE of Pulí, Colombia",1999-07-16 00:15:25.740000+00:00,3.7,ml,convertida
4.197,-76.385,4624270.189566652,2022579.8278912497,139.5,4.713,us,"7 km WSW of Trujillo, Colombia",1999-07-19 16:13:16.090000+00:00,4.5,mb,convertida
3.827,-75.732,4696676.842178245,1981368.003335334,65.4,4.5222,us,"24 km SW of Roncesvalles, Colombia",1999-07-22 19:59:52.070000+00:00,4.3,mb,convertida
2.036,-75.794,4689293.361392126,1783268.912803449,12.0,4.219399999999999,us,"3 km SSW of Altamira, Colombia",1999-07-28 20:05:04.120000+00:00,4.3,ml,convertida
4.473,-76.43,4619407.758054873,2053151.9213456772,104.3,4.3314,us,"21 km W of El Dovio, Colombia",1999-09-26 21:15:23.300000+00:00,4.1,mb,convertida
3.56,-75.805,4688472.333790122,1951857.909572464,200.0,4.4268,us,"18 km W of Rioblanco, Colombia",1999-10-29 14:05:48.060000+00:00,4.2,mb,convertida
4.348,-75.728,4697317.0214762185,2038997.7224161653,10.0,3.6446,us,"1 km SE of Buenavista, Colombia",1999-11-09 15:31:21.860000+00:00,3.7,ml,convertida
4.694,-74.663,4815614.354795351,2076900.614655574,10.0,3.8362,us,"5 km ENE of Pulí, Colombia",1999-12-03 07:28:03.680000+00:00,3.9,ml,convertida
3.405,-77.486,4501385.753222903,1935419.323003481,76.0,4.0452,us,"57 km WSW of Buenaventura, Colombia",1999-12-30 09:30:05.060000+00:00,3.8,mb,convertida
3.292,-74.417,4842628.77854255,1921884.621086495,33.0,3.453,us,"42 km WSW of Mesetas, Colombia",2000-01-20 07:56:52.970000+00:00,3.5,ml,convertida
3.882,-74.819,4798099.129016691,1987179.090137173,33.0,3.0698,us,"12 km W of Tres Esquinas, Colombia",2000-01-24 18:20:48.580000+00:00,3.1,ml,convertida
2.082,-76.519,4608589.601578873,1788519.114326265,62.0,4.713,us,Colombia,2000-02-02 23:40:20.020000+00:00,4.5,mb,convertida
4.587,-76.208,4644123.203776787,2065656.2149795536,140.8,4.0452,us,"1 km NW of Versalles, Colombia",2000-03-11 01:07:11.800000+00:00,3.8,mb,convertida
3.615,-75.885,4679599.193413471,1957970.0116785,184.9,5.0946,us,"19 km SE of La Cumbre, Colombia",2000-04-03 09:52:45.440000+00:00,4.9,mb,convertida
2.611,-76.072,4658488.385993358,1846947.3759159297,10.0,3.8362,us,"6 km N of Inzá, Colombia",2000-08-27 14:23:16.700000+00:00,3.9,ml,convertida
4.589,-74.873,4792292.042607444,2065351.5141431976,10.0,4.219399999999999,us,"5 km N of Piedras, Colombia",2000-08-28 16:48:17.350000+00:00,4.3,ml,convertida
4.867,-74.641,4818099.936408283,2096018.0214866395,10.0,3.5488,us,"8 km W of Vianí, Colombia",2000-09-07 12:34:58.140000+00:00,3.6,ml,convertida
3.579,-74.403,4844230.477862897,1953602.501047211,33.0,4.027799999999999,us,"42 km W of Lejanías, Colombia",2000-11-02 19:35:00.320000+00:00,4.1,ml,convertida
3.989,-75.013,4776586.1183348205,1999057.7004571492,10.0,4.3152,us,"6 km N of Saldaña, Colombia",2000-11-19 13:30:50.290000+00:00,4.4,ml,convertida
3.726,-76.009,4665857.001229596,1970296.0897660109,193.7,4.6176,us,"1 km ENE of La Cumbre, Colombia",2000-12-04 02:11:24.390000+00:00,4.4,mb,convertida
5.221,-75.583,4713779.86090957,2135499.3731510104,128.7,3.9498,us,"8 km SSW of Filadelfia, Colombia",2000-12-18 20:03:25.300000+00:00,3.7,mb,convertida
4.368,-76.505,4611020.670444369,2041567.9662699825,33.0,3.2614,us,"26 km NW of Trujillo, Colombia",2000-12-29 14:58:26.750000+00:00,3.3,ml,convertida
3.456,-74.953,4783117.407354116,1940116.0494035457,33.0,4.411,us,"12 km NNE of Santa Isabel, Colombia",2000-12-31 02:10:43.270000+00:00,4.5,ml,convertida
3.956,-76.061,4660168.235689722,1995765.1143270857,161.5,4.5222,us,"19 km ESE of San Pedro, Colombia",2001-01-31 17:14:58.570000+00:00,4.3,mb,convertida
3.754,-76.556,4605054.436406464,1973622.4547608204,108.5,4.1406,us,"8 km SSW of Restrepo, Colombia",2001-04-15 15:22:46.620000+00:00,3.9,mb,convertida
3.971,-76.451,4616828.099072375,1997595.6170441888,68.1,4.713,us,"5 km NE of Darien, Colombia",2001-04-21 23:28:45.260000+00:00,4.5,mb,convertida
3.873,-75.968,4670469.939249799,1986544.5305887132,178.6,5.9,us,"17 km NNE of La Cumbre, Colombia",2001-09-22 03:23:38.220000+00:00,5.9,mwc,directa
4.427,-75.592,4712447.570263783,2047682.3215348436,172.8,4.236,us,"11 km ENE of Córdoba, Colombia",2002-04-06 22:03:38.710000+00:00,4.0,mb,convertida
4.57,-74.181,4869042.494251118,2063088.000345189,33.0,4.236,us,"4 km ESE of Soacha, Colombia",2002-07-24 19:38:06.790000+00:00,4.0,mb,convertida
3.957,-75.549,4717051.919174937,1995683.430225604,104.0,4.3314,us,"8 km SE of Roncesvalles, Colombia",2002-09-28 17:40:16.770000+00:00,4.1,mb,convertida
3.288,-74.476,4836074.19706223,1921452.020137221,63.7,5.1,us,"37 km ESE of Colombia, Colombia",2002-11-23 23:56:43.020000+00:00,5.1,mwc,directa
4.894,-76.309,4633069.003890435,2099685.009968957,104.7,4.5222,us,"8 km W of San José del Palmar, Colombia",2003-01-14 05:52:11.670000+00:00,4.3,mb,convertida
3.642,-74.369,4848016.568327493,1960559.6670906849,33.0,4.713,us,"40 km SSE of Cabrera, Colombia",2003-01-22 15:55:33.930000+00:00,4.5,mb,convertida
4.666,-75.724,4697892.688953349,2074172.308791869,33.0,4.3314,us,"4 km SSE of Ulloa, Colombia",2003-03-30 01:47:20.880000+00:00,4.1,mb,convertida
4.091,-76.604,4599877.11153455,2010953.3783000996,67.2,4.713,us,"22 km NW of Darien, Colombia",2003-07-14 00:59:57.290000+00:00,4.5,mb,convertida
2.855,-75.011,4776545.41602505,1873684.5412004453,60.2,4.6176,us,"27 km SSE of Tello, Colombia",2003-08-12 05:37:06.630000+00:00,4.4,mb,convertida
4.79,-76.284,4635788.501898139,2088161.2680321147,124.1,4.9038,us,"7 km WNW of El Cairo, Colombia",2003-10-30 13:09:05.350000+00:00,4.7,mb,convertida
4.489,-76.552,4605862.276609773,2054987.674813567,99.3,4.713,us,"20 km SSE of Sipí, Colombia",2003-11-02 16:04:07.090000+00:00,4.5,mb,convertida
4.14,-76.113,4654467.749790744,2016146.968175527,154.5,4.9038,us,"6 km ESE of Andalucía, Colombia",2004-01-15 00:25:05.010000+00:00,4.7,mb,convertida
4.446,-76.244,4640055.704141363,2050069.9051843293,142.5,4.713,us,"6 km S of El Dovio, Colombia",2004-02-12 15:23:06.650000+00:00,4.5,mb,convertida
3.935,-75.7,4700270.449165777,1993302.9916324243,67.5,4.8084,us,"13 km SW of Roncesvalles, Colombia",2004-03-29 06:27:21.670000+00:00,4.6,mb,convertida
2.265,-76.595,4600173.532540585,1808797.4457893723,26.5,5.1,us,"2 km ENE of Paispamba, Colombia",2004-08-18 07:06:52.430000+00:00,5.1,mwc,directa
4.501,-76.019,4665069.908070627,2056049.41294406,113.2,4.5222,us,"3 km SE of La Victoria, Colombia",2004-08-22 23:35:52.750000+00:00,4.3,mb,convertida
3.944,-76.894,4567555.496463032,1994824.4325890208,103.3,4.4268,us,"16 km ENE of Buenaventura, Colombia",2004-09-16 06:53:19.540000+00:00,4.2,mb,convertida
5.007,-76.298,4634352.312767925,2112185.369212565,113.8,4.713,us,"14 km NNW of San José del Palmar, Colombia",2005-02-18 12:56:05.680000+00:00,4.5,mb,convertida
4.42,-75.946,4673139.904452689,2047054.595674628,65.9,5.0,us,"14 km ENE of Zarzal, Colombia",2005-03-08 15:59:43.870000+00:00,5.0,mwc,directa
5.014,-76.269,4637574.871492314,2112943.961993373,102.6,5.2,us,"13 km NNW of San José del Palmar, Colombia",2005-04-21 03:39:24.120000+00:00,5.2,mwc,directa
1.67,-76.221,4641688.1921631005,1742855.121000128,23.3,4.8084,us,"11 km WSW of Palestina, Colombia",2005-05-18 21:37:26.150000+00:00,4.6,mb,convertida
4.484,-75.613,4710138.613817308,2053995.093942552,158.3,4.6176,us,"5 km SSE of Calarcá, Colombia",2005-05-21 08:37:18.740000+00:00,4.4,mb,convertida
4.417,-76.532,4608046.129519259,2047006.391320162,98.9,4.9038,us,"29 km SSE of Sipí, Colombia",2005-10-02 22:07:22.930000+00:00,4.7,mb,convertida
4.704,-76.105,4655617.615315217,2078552.3466396024,117.3,4.1406,us,"2 km SE of Argelia, Colombia",2005-12-22 11:17:53.820000+00:00,3.9,mb,convertida
5.083,-75.867,4682216.655334857,2120368.577501153,123.8,4.8084,us,"2 km NNE of Viterbo, Colombia",2005-12-26 23:37:30.060000+00:00,4.6,mb,convertida
3.712,-73.981,4891105.022610415,1968238.9975688767,14.1,4.9038,us,"18 km WSW of Cubarral, Colombia",2006-01-21 21:10:39.980000+00:00,4.7,mb,convertida
1.544,-76.644,4594547.596278765,1728987.8101051846,48.7,3.9498,us,"35 km SSE of San Sebastián, Colombia",2006-03-09 15:59:36.260000+00:00,3.7,mb,convertida
4.797,-75.319,4742884.424449323,2088497.718218899,35.9,4.0452,us,"18 km WSW of Murillo, Colombia",2006-03-15 01:17:35.230000+00:00,3.8,mb,convertida
4.928,-76.035,4663499.101369243,2103303.2455473915,140.8,4.1406,us,"1 km NNE of El Águila, Colombia",2006-04-17 16:23:31.210000+00:00,3.9,mb,convertida
4.024,-76.512,4610071.846743013,2003491.2074835224,96.9,4.5222,us,"10 km NNW of Darien, Colombia",2006-04-30 11:41:54.200000+00:00,4.3,mb,convertida
4.508,-76.551,4605983.618196167,2057090.510810858,118.8,4.6176,us,"19 km SSE of Sipí, Colombia",2006-05-28 15:47:11.710000+00:00,4.4,mb,convertida
4.504,-75.154,4761088.6382092135,2056040.7167813205,55.6,4.0452,us,"11 km NE of Ibagué, Colombia",2007-01-19 03:16:33.500000+00:00,3.8,mb,convertida
2.662,-76.876,4569003.307502091,1852842.756880801,146.7,4.5222,us,"16 km N of Villa Rica, Colombia",2007-02-16 22:39:55.950000+00:00,4.3,mb,convertida
2.082,-76.495,4611262.407282791,1788513.1632310525,43.1,5.2,us,"23 km SE of Paispamba, Colombia",2007-03-06 13:05:12.110000+00:00,5.2,mwc,directa
3.889,-74.726,4808426.493069906,1987931.2431056031,54.0,4.8084,us,"3 km NW of Tres Esquinas, Colombia",2007-03-12 09:17:19.410000+00:00,4.6,mb,convertida
4.03,-76.974,4558703.096177995,2004391.598815256,120.4,4.1406,us,"17 km NNE of Buenaventura, Colombia",2007-04-10 00:33:38.440000+00:00,3.9,mb,convertida
4.609,-76.155,4650019.433754744,2068064.5638477015,134.5,4.236,us,"6 km NE of Versalles, Colombia",2007-05-08 22:03:08.150000+00:00,4.0,mb,convertida
4.796,-75.931,4674976.725678025,2088647.4448277075,153.3,4.3314,us,"5 km NNW of Cartago, Colombia",2007-05-17 00:56:59.310000+00:00,4.1,mb,convertida
3.714,-75.62,4709082.987952564,1968830.7050868224,15.4,4.9038,us,"15 km W of Chaparral, Colombia",2007-05-27 07:55:58.690000+00:00,4.7,mb,convertida
3.8,-75.589,4712555.673004719,1978332.4360333276,35.0,4.999199999999999,us,"14 km NW of Chaparral, Colombia",2007-07-15 19:30:00.080000+00:00,4.8,mb,convertida
4.178,-76.333,4630039.709303449,2020452.120235525,140.8,4.999199999999999,us,"4 km SSW of Trujillo, Colombia",2007-08-24 17:45:50.110000+00:00,4.8,mb,convertida
4.043,-76.698,4589402.415399821,2005686.3357225717,62.6,4.1406,us,"26 km WNW of Darien, Colombia",2008-01-23 00:24:37.260000+00:00,3.9,mb,convertida
2.719,-76.166,4648058.708111041,1858924.3539079488,68.9,4.999199999999999,us,"18 km ESE of Jambaló, Colombia",2008-03-04 11:23:08.020000+00:00,4.8,mb,convertida
4.515,-75.787,4690835.127279339,2057495.6188304252,85.1,4.6176,us,"6 km N of La Tebaida, Colombia",2008-03-31 23:15:24.930000+00:00,4.4,mb,convertida
4.39,-73.74,4917927.086776009,2043132.3563473965,10.0,4.3314,us,"5 km NW of El Calvario, Colombia",2008-05-24 17:08:15.530000+00:00,4.1,mb,convertida
4.33,-73.764,4915258.386606214,2036504.910577096,8.9,5.9,us,"6 km WSW of El Calvario, Colombia",2008-05-24 19:20:42.490000+00:00,5.9,mwc,directa
4.319,-73.807,4910487.301274224,2035294.3146533384,22.6,4.5222,us,"6 km ESE of Quetame, Colombia",2008-05-24 20:08:02.100000+00:00,4.3,mb,convertida
4.509,-73.779,4913615.235062752,2056286.5614633516,25.1,4.0452,us,"13 km E of Fómeque, Colombia",2008-05-25 09:39:54.780000+00:00,3.8,mb,convertida
4.46,-73.76,4915716.688893079,2050869.7255538527,3.4,3.3572,us,"12 km NNW of El Calvario, Colombia",2008-06-03 02:48:35.200000+00:00,3.4,ml,convertida
4.36,-73.943,4895406.522540389,2039842.4565189376,26.6,4.236,us,"2 km NNW of Fosca, Colombia",2008-06-07 03:50:09.810000+00:00,4.0,mb,convertida
4.37,-73.82,4909051.350269528,2040931.532428455,0.0,3.5488,us,"6 km NE of Quetame, Colombia",2008-06-07 13:34:13.100000+00:00,3.6,ml,convertida
4.493,-74.87,4792597.413975116,2054737.7192620328,47.5,4.713,us,"5 km S of Piedras, Colombia",2008-07-13 13:45:55.930000+00:00,4.5,mb,convertida
2.953,-75.983,4668487.247829835,1884761.9319113088,23.1,5.0946,us,"28 km SW of Gaitania, Colombia",2008-09-02 17:21:00.270000+00:00,4.9,mb,convertida
2.915,-75.903,4677374.786676247,1880534.3897076268,25.5,4.6176,us,"27 km SSW of Gaitania, Colombia",2008-09-05 15:30:34.310000+00:00,4.4,mb,convertida
4.79,-75.517,4720915.158517452,2087801.0923167367,132.9,5.7,us,"14 km SE of Santa Rosa de Cabal, Colombia",2008-09-13 09:32:01.490000+00:00,5.7,mwb,directa
2.883,-76.0,4666575.581159681,1877022.1843832985,31.1,4.3314,us,"26 km N of Belalcázar, Colombia",2008-09-14 18:29:28.970000+00:00,4.1,mb,convertida
3.994,-76.293,4634401.092747558,2000069.4403794887,53.5,4.8084,us,"7 km W of San Pedro, Colombia",2008-10-31 20:07:45.860000+00:00,4.6,mb,convertida
4.503,-75.312,4743554.545246152,2055983.8246938076,2.7,4.713,us,"11 km N of Coello, Colombia",2008-11-09 08:00:56.710000+00:00,4.5,mb,convertida
3.737,-75.642,4706646.078630698,1971381.962445924,51.9,5.3808,us,"17 km W of Chaparral, Colombia",2009-07-03 10:04:57.640000+00:00,5.2,mb,convertida
4.65,-76.81,4577288.025241221,2072960.5500861397,26.0,4.713,us,"18 km W of Sipí, Colombia",2009-07-23 20:18:35.400000+00:00,4.5,mb,convertida
4.655,-76.624,4597955.282168891,2073405.2802079692,90.6,4.8,us,"2 km E of Sipí, Colombia",2009-09-08 08:26:01.800000+00:00,4.8,mwc,directa
3.711,-76.517,4609372.375771694,1968844.864276272,134.4,4.8084,us,"8 km W of Vijes, Colombia",2009-10-22 15:56:48.100000+00:00,4.6,mb,convertida
4.589,-76.04,4662778.961881393,2065796.0846249931,101.9,5.19,us,"5 km ESE of Toro, Colombia",2009-11-02 12:18:50.540000+00:00,5.0,mb,convertida
3.047,-76.234,4640594.83143715,1895242.593899572,165.4,5.1,us,"10 km NNE of Toribío, Colombia",2009-12-18 14:30:03.390000+00:00,5.1,mwc,directa
4.229,-75.756,4694160.544134494,2025845.3043654447,180.1,4.999199999999999,us,"9 km S of Génova, Colombia",2010-01-11 18:48:35.960000+00:00,4.8,mb,convertida
4.726,-75.971,4670503.775305031,2080921.7020924808,131.5,4.9,us,"6 km WSW of Cartago, Colombia",2010-01-29 17:52:23.040000+00:00,4.9,mwc,directa
4.89,-75.49,4723951.379011982,2098849.889742373,130.9,5.0946,us,"14 km E of Santa Rosa de Cabal, Colombia",2010-03-04 22:09:13.100000+00:00,4.9,mb,convertida
4.627,-76.445,4617822.776071653,2070206.2402026048,102.7,4.713,us,"22 km E of Sipí, Colombia",2010-04-13 16:51:35.400000+00:00,4.5,mb,convertida
4.483,-75.368,4737332.421766444,2053792.0334301011,10.0,4.027799999999999,us,"8 km ENE of Cajamarca, Colombia",2010-07-26 03:48:17.010000+00:00,4.1,ml,convertida
3.924,-74.999,4778123.240008058,1991867.6307004304,51.4,5.1,us,"1 km ESE of Saldaña, Colombia",2010-07-29 19:34:46.490000+00:00,5.1,mwc,directa
2.363,-77.275,4524448.61991032,1819861.51047762,85.0,4.6176,us,"12 km NNW of Argelia, Colombia",2010-08-18 07:38:46.560000+00:00,4.4,mb,convertida
3.798,-76.143,4650990.697609478,1978315.3906278023,32.1,3.7404,us,"15 km WNW of La Cumbre, Colombia",2010-08-30 19:28:00.900000+00:00,3.8,ml,convertida
3.382,-75.574,4714091.997973143,1932095.973116733,32.1,4.713,us,"3 km ESE of Santiago Pérez, Colombia",2010-10-01 00:20:12.070000+00:00,4.5,mb,convertida
4.791,-76.001,4667204.919773763,2088127.8812713795,121.6,4.713,us,"0 km SW of Ansermanuevo, Colombia",2011-01-29 00:05:16.760000+00:00,4.5,mb,convertida
3.941,-76.395,4623039.632390354,1994249.286839473,97.5,5.0946,us,"8 km N of Yotoco, Colombia",2011-01-31 07:13:42.600000+00:00,4.9,mb,convertida
4.605,-76.762,4582594.759148724,2067949.083159352,90.8,4.8084,us,"14 km WSW of Sipí, Colombia",2011-02-21 11:31:24.330000+00:00,4.6,mb,convertida
4.883,-76.046,4662255.697202812,2098329.61054206,132.5,4.8084,us,"3 km S of El Águila, Colombia",2011-03-20 13:39:59.620000+00:00,4.6,mb,convertida
4.79,-75.767,4693174.729179515,2087907.9844526951,79.5,5.19,us,"8 km WSW of Pereira, Colombia",2011-06-01 22:58:01.050000+00:00,5.0,mb,convertida
3.329,-75.882,4679836.180928314,1926328.8524097488,182.8,4.5222,us,"21 km NNW of Gaitania, Colombia",2011-07-09 10:57:35.030000+00:00,4.3,mb,convertida
3.754,-76.105,4655197.103650388,1973431.399479977,180.1,4.8084,us,"9 km WNW of La Cumbre, Colombia",2011-10-07 16:42:13.830000+00:00,4.6,mb,convertida
1.734,-77.294,4522144.030863582,1750175.1326539824,95.7,4.9038,us,"4 km ESE of El Rosario, Colombia",2011-12-31 00:53:55.220000+00:00,4.7,mb,convertida
4.214,-76.539,4607163.755418148,2024537.5412944737,117.1,4.9038,us,"24 km W of Trujillo, Colombia",2012-03-01 01:41:11.220000+00:00,4.7,mb,convertida
2.248,-76.354,4627004.446613428,1806851.5280836415,158.4,4.9038,us,"28 km E of Paispamba, Colombia",2012-06-20 12:31:29.400000+00:00,4.7,mb,convertida
4.555,-75.918,4676308.772435218,2061978.0818648855,63.1,4.713,us,"6 km ESE of Obando, Colombia",2012-07-31 01:26:39.810000+00:00,4.5,mb,convertida
1.929,-76.362,4626038.160418563,1771547.1203287342,170.0,7.3,us,"11 km WNW of San Agustín, Colombia",2012-09-30 16:31:35.970000+00:00,7.3,mww,directa
2.167,-76.04,4661940.412453056,1797812.7990456454,53.6,4.5222,us,"7 km WSW of La Argentina, Colombia",2012-12-10 10:50:52.380000+00:00,4.3,mb,convertida
4.101,-76.274,4636560.643432952,2011902.839702185,145.4,4.8084,us,"6 km SSE of Riofrío, Colombia",2013-01-02 16:50:39.480000+00:00,4.6,mb,convertida
4.206,-76.21,4643719.829012188,2023493.812700801,77.0,4.6176,us,"6 km W of Bugalagrande, Colombia",2013-05-23 16:32:09.090000+00:00,4.4,mb,convertida
3.963,-76.251,4639055.566637041,1996620.1215062789,111.2,4.236,us,"4 km SW of San Pedro, Colombia",2013-06-01 06:44:26.790000+00:00,4.0,mb,convertida
3.806,-76.6281,4597060.1572555,1979412.439793747,81.12,4.999199999999999,us,"11 km W of Restrepo, Colombia",2013-08-27 23:22:06.450000+00:00,4.8,mb,convertida
4.181,-76.5791,4602690.106350964,2020904.586792764,81.66,4.236,us,"29 km W of Trujillo, Colombia",2013-10-08 02:20:08.240000+00:00,4.0,mb,convertida
4.4999,-75.806,4688719.331646034,2055833.299243332,177.5,4.713,us,"5 km NNW of La Tebaida, Colombia",2013-11-17 15:18:01.590000+00:00,4.5,mb,convertida
4.557,-76.644,4595678.033626973,2062566.621323543,53.91,5.5,us,"10 km S of Sipí, Colombia",2014-01-05 03:36:40.590000+00:00,5.5,mwb,directa
2.9858,-75.9346,4673880.523756633,1888376.3939708504,43.66,4.9038,us,"22 km SW of Gaitania, Colombia",2014-01-09 11:07:35.690000+00:00,4.7,mb,convertida
2.9737,-75.8432,4684042.757457754,1887011.1077300697,26.17,5.19,us,"19 km S of Gaitania, Colombia",2014-01-09 12:50:18.420000+00:00,5.0,mb,convertida
2.9792,-75.8777,4680207.241185734,1887629.510798315,59.45,4.8084,us,"20 km SSW of Gaitania, Colombia",2014-01-09 14:03:30.060000+00:00,4.6,mb,convertida
3.8636,-77.3899,4512335.640751806,1986189.716828014,9.63,4.5222,us,"39 km W of Buenaventura, Colombia",2014-01-18 03:04:02.730000+00:00,4.3,mb,convertida
2.5704,-76.7868,4578906.037953789,1842668.945602101,145.21,4.6176,us,"9 km NE of Villa Rica, Colombia",2014-06-02 12:52:21.910000+00:00,4.4,mb,convertida
3.2111,-76.2763,4635945.539185414,1913417.7916764691,163.69,4.713,us,"4 km ESE of Padilla, Colombia",2014-06-04 18:53:49.200000+00:00,4.5,mb,convertida
4.2284,-73.8904,4901224.244523048,2025292.858932087,42.39,4.4268,us,"8 km W of Guayabetal, Colombia",2014-06-12 06:30:42.470000+00:00,4.2,mb,convertida
4.461,-75.3232,4742296.848393532,2051343.2891593263,192.26,4.6176,us,"7 km NNW of Coello, Colombia",2014-06-21 12:31:28.890000+00:00,4.4,mb,convertida
3.6983,-77.0039,4555204.137672569,1967668.6267345203,98.37,4.236,us,"12 km N of Buenaventura, Colombia",2014-09-20 03:59:50.660000+00:00,4.0,mb,convertida
4.9021,-75.8767,4681053.074101978,2100359.9506264864,131.28,4.6176,us,"0 km ENE of La Virginia, Colombia",2014-10-19 02:20:34.390000+00:00,4.4,mb,convertida
4.8804,-76.2802,4636258.731917309,2098164.145518787,120.79,4.713,us,"5 km WSW of San José del Palmar, Colombia",2014-10-31 21:24:30.200000+00:00,4.5,mb,convertida
4.67,-76.18,4647273.727055652,2074827.3137711808,95.0,5.285399999999999,us,"8 km SW of Argelia, Colombia",2015-02-21 22:26:45.600000+00:00,5.1,mb,convertida
2.7299,-76.5012,4610756.150488561,1860234.0189292056,149.0,5.5,us,"7 km SSW of Caldono, Colombia",2015-02-22 12:56:24.400000+00:00,5.5,mww,directa
4.4812,-75.666,4704253.989919113,2053706.5867895784,42.37,4.5222,us,"6 km SSW of Calarcá, Colombia",2015-08-21 14:16:22.200000+00:00,4.3,mb,convertida
3.9474,-76.358,4627155.47073298,1994940.964056746,134.76,4.8084,us,"8 km NW of Guadalajara de Buga, Colombia",2015-09-05 23:14:53.500000+00:00,4.6,mb,convertida
4.1776,-75.7522,4694562.52798632,2020157.9983558697,15.52,4.9038,us,"15 km S of Génova, Colombia",2015-09-18 04:35:09.680000+00:00,4.7,mb,convertida
2.8738,-75.7731,4691811.653396528,1875940.4871742956,40.45,4.713,us,"16 km WSW of Santa María, Colombia",2016-01-06 01:28:21.830000+00:00,4.5,mb,convertida
3.5663,-74.4325,4840952.347796557,1952203.8995320485,52.64,4.713,us,"44 km SSE of Villarrica, Colombia",2016-03-13 13:17:49.310000+00:00,4.5,mb,convertida
3.7039,-76.7513,4583309.700671494,1968165.828775478,101.6,4.5222,us,"8 km NW of Dagua, Colombia",2016-07-11 00:50:38.580000+00:00,4.3,mb,convertida
3.873,-77.3886,4512485.730659951,1987230.6293044155,75.82,3.7,us,"39 km W of Buenaventura, Colombia",2016-08-21 21:17:57.370000+00:00,3.7,mwr,directa
3.4466,-74.4951,4833979.330265757,1938984.8002740107,33.0,5.6,us,"34 km ENE of Colombia, Colombia",2016-10-31 00:20:11.640000+00:00,5.6,mww,directa
3.4027,-74.5019,4833216.464489687,1934133.8207358727,36.16,5.0,us,"33 km E of Colombia, Colombia",2016-10-31 02:05:58.040000+00:00,5.0,mww,directa
3.3938,-74.2744,4858483.207163426,1933113.8762176516,61.75,4.713,us,"25 km W of Mesetas, Colombia",2016-12-16 19:45:20.340000+00:00,4.5,mb,convertida
2.6595,-75.5794,4713302.080065156,1852188.2738677424,10.0,4.6176,us,"6 km E of Íquira, Colombia",2016-12-23 03:43:51.310000+00:00,4.4,mb,convertida
1.6873,-76.9221,4563588.333005162,1744913.1287087956,138.08,4.9038,us,"10 km E of San Pablo, Colombia",2016-12-28 05:05:04.970000+00:00,4.7,mb,convertida
4.509,-74.1107,4876828.504916042,2056334.2576059715,31.99,4.236,us,"10 km NW of Chipaque, Colombia",2017-01-21 06:34:05.780000+00:00,4.0,mb,convertida
4.0115,-76.7031,4588819.510293605,2002201.1872892932,101.4,4.5222,us,"25 km WNW of Darien, Colombia",2017-01-24 19:35:38.100000+00:00,4.3,mb,convertida
3.816,-75.9283,4674859.965610402,1980222.9928054933,58.65,4.8,us,"14 km NE of La Cumbre, Colombia",2017-04-29 10:06:33.260000+00:00,4.8,mww,directa
3.7583,-76.7291,4585804.691883168,1974178.814427704,74.95,4.6176,us,"12 km NNW of Dagua, Colombia",2017-05-06 02:52:40.680000+00:00,4.4,mb,convertida
3.5937,-73.9848,4890668.848648671,1955166.533013281,27.64,5.285399999999999,us,"8 km NNE of Lejanías, Colombia",2017-07-02 19:26:28.710000+00:00,5.1,mb,convertida
4.8565,-74.9998,4778309.97458198,2094964.422496204,10.0,4.9038,us,"8 km NNE of Junín, Colombia",2017-07-30 05:40:41.090000+00:00,4.7,mb,convertida
3.9163,-73.5145,4942903.918183354,1990769.4037330097,34.41,4.236,us,"21 km ENE of Castilla La Nueva, Colombia",2017-08-24 22:22:20.640000+00:00,4.0,mb,convertida
2.4828,-76.0318,4662928.214089953,1832752.040148089,157.28,5.1,us,"8 km SSE of Inzá, Colombia",2017-11-04 00:16:35.270000+00:00,5.1,mww,directa
2.7641,-74.9148,4787222.410566256,1863617.26174699,46.1,4.9038,us,"38 km E of Rivera, Colombia",2017-11-11 14:45:22.240000+00:00,4.7,mb,convertida
3.7278,-76.1191,4653619.482571162,1970537.8396607367,162.11,4.6176,us,"10 km W of La Cumbre, Colombia",2017-11-15 02:12:17.850000+00:00,4.4,mb,convertida
4.7377,-76.1183,4654157.7584633175,2082288.0382060304,105.19,4.713,us,"1 km N of Argelia, Colombia",2017-11-16 00:56:07.710000+00:00,4.5,mb,convertida
4.4736,-76.2508,4639313.882419163,2053127.7093699796,131.99,4.5222,us,"4 km SSW of El Dovio, Colombia",2017-11-26 13:45:51.140000+00:00,4.3,mb,convertida
4.1427,-76.2035,4644413.478711146,2016485.8173898507,156.27,4.8084,us,"5 km SW of Andalucía, Colombia",2017-12-21 19:26:40.150000+00:00,4.6,mb,convertida
4.0967,-76.6247,4597578.761972483,2011594.8078607856,103.17,4.999199999999999,us,Colombia,2018-02-19 01:50:36.640000+00:00,4.8,mb,convertida
4.2525,-76.3511,4628063.83572746,2028706.3586447309,98.22,4.5222,us,"5 km NW of Trujillo, Colombia",2018-04-01 15:16:58.700000+00:00,4.3,mb,convertida
5.1865,-75.5438,4718111.054840756,2131665.866553835,110.03,5.3,us,"3 km NW of Neira, Colombia",2018-04-23 15:42:09.790000+00:00,5.3,mww,directa
1.859,-75.7791,4690919.32491577,1763686.699669924,35.86,4.713,us,"13 km S of Suaza, Colombia",2018-05-01 01:58:31.460000+00:00,4.5,mb,convertida
3.3148,-74.1082,4876931.614765679,1924360.841016973,46.79,4.6176,us,"10 km SW of Mesetas, Colombia",2018-05-01 19:19:51.510000+00:00,4.4,mb,convertida
3.8892,-76.2331,4641013.44811659,1988445.131514918,81.78,4.6176,us,"7 km E of Guadalajara de Buga, Colombia",2018-06-22 20:08:53.150000+00:00,4.4,mb,convertida
2.9425,-75.621,4708745.090194951,1883499.0683645096,65.81,4.713,us,"3 km ESE of Santa María, Colombia",2018-07-07 00:19:52.490000+00:00,4.5,mb,convertida
3.4257,-74.5982,4822524.041753258,1936693.253640775,47.77,5.285399999999999,us,"23 km ENE of Colombia, Colombia",2018-07-19 05:39:34.580000+00:00,5.1,mb,convertida
4.8949,-76.0266,4664414.720144354,2099636.5881972136,128.08,4.6176,us,"2 km SE of El Águila, Colombia",2018-07-24 01:59:14.240000+00:00,4.4,mb,convertida
4.2587,-73.662,4926565.7805182105,2028615.674008156,49.03,4.5222,us,"11 km W of Restrepo, Colombia",2018-07-24 20:15:58.570000+00:00,4.3,mb,convertida
4.7859,-76.2596,4638495.335066067,2087694.583907244,96.71,4.9038,us,"4 km WNW of El Cairo, Colombia",2018-10-24 20:02:45.100000+00:00,4.7,mb,convertida
5.0188,-75.4271,4730980.992987298,2113068.663479223,133.68,4.6176,us,"10 km ESE of Villamaría, Colombia",2018-11-05 22:45:00.680000+00:00,4.4,mb,convertida
2.5739,-74.8939,4789513.349451088,1842587.1633134969,10.0,4.6176,us,"46 km ESE of Rivera, Colombia",2019-01-19 22:03:36.720000+00:00,4.4,mb,convertida
3.0345,-75.7383,4695725.937578511,1893707.0165007408,10.0,5.6,us,"13 km NW of Santa María, Colombia",2019-01-26 12:32:26.830000+00:00,5.6,mww,directa
3.0835,-75.6461,4705991.79623804,1899101.239698305,13.06,5.5,us,"12 km S of Planadas, Colombia",2019-01-28 21:07:09.960000+00:00,5.5,mww,directa
2.8793,-75.5748,4713866.531172446,1876497.1500943892,27.74,4.5222,us,"11 km SE of Santa María, Colombia",2019-01-29 06:10:56.080000+00:00,4.3,mb,convertida
4.7911,-75.4567,4727605.775493203,2087898.482909552,151.94,4.8084,us,"20 km ESE of Santa Rosa de Cabal, Colombia",2019-02-10 02:21:48.270000+00:00,4.6,mb,convertida
4.1984,-76.781,4580255.244431743,2022936.568796126,69.32,4.8084,us,"44 km NW of Darien, Colombia",2019-02-19 11:06:30.290000+00:00,4.6,mb,convertida
4.5595,-76.223,4642443.784624014,2062620.360714093,122.0,6.1,us,"3 km WSW of Versalles, Colombia",2019-03-23 19:21:17.998000+00:00,6.1,mww,directa
3.9341,-73.9292,4896882.091218132,1992776.0068792752,10.0,4.713,us,"18 km NNW of Cubarral, Colombia",2019-05-12 07:28:08.579000+00:00,4.5,mb,convertida
3.5359,-74.0176,4887020.006846482,1948783.1878450213,11.0,6.0,us,"1 km NE of Lejanías, Colombia",2019-12-24 19:03:52.492000+00:00,6.0,mww,directa
3.542,-73.9247,4897335.927674914,1949446.480623152,10.0,5.285399999999999,us,"11 km E of Lejanías, Colombia",2019-12-24 19:11:01.700000+00:00,5.1,mb,convertida
3.6387,-74.0515,4883268.858493933,1960147.6794407144,10.0,4.713,us,"12 km NNW of Lejanías, Colombia",2019-12-24 20:11:15.897000+00:00,4.5,mb,convertida
3.4416,-74.098,4878080.315433516,1938372.2421137728,10.0,4.8084,us,"8 km NW of Mesetas, Colombia",2019-12-25 00:25:01.178000+00:00,4.6,mb,convertida
3.419,-73.9867,4890437.557265596,1935861.302904204,10.0,5.19,us,"7 km ENE of Mesetas, Colombia",2019-12-25 02:11:23.210000+00:00,5.0,mb,convertida
3.5986,-74.0042,4888515.464301603,1955710.3616721455,10.0,4.713,us,"8 km NNE of Lejanías, Colombia",2019-12-25 10:25:55.027000+00:00,4.5,mb,convertida
3.3722,-74.0915,4878793.466218613,1930702.0353699643,10.0,4.999199999999999,us,"5 km WSW of Mesetas, Colombia",2019-12-26 03:48:29.883000+00:00,4.8,mb,convertida
3.4785,-73.9698,4892320.997010681,1942434.4780570024,10.0,4.5222,us,"8 km SE of Lejanías, Colombia",2019-12-26 05:03:56.849000+00:00,4.3,mb,convertida
3.3922,-74.0302,4885603.676211921,1932904.770717339,10.0,4.6176,us,"1 km ENE of Mesetas, Colombia",2019-12-26 10:52:21.267000+00:00,4.4,mb,convertida
3.4594,-73.9925,4889798.105074159,1940326.4241632249,10.0,4.8084,us,"8 km SSE of Lejanías, Colombia",2019-12-27 03:20:39.716000+00:00,4.6,mb,convertida
4.3433,-76.1039,4655569.032174555,2038638.865304433,154.34,4.5222,us,"6 km SSW of Zarzal, Colombia",2020-01-05 13:47:51.979000+00:00,4.3,mb,convertida
3.5396,-74.0313,4885499.242657555,1949193.744846438,9.29,4.6176,us,"1 km NNW of Lejanías, Colombia",2020-02-13 15:29:11.058000+00:00,4.4,mb,convertida
5.0023,-76.3416,4629510.347655274,2111689.669625089,134.53,4.236,us,"16 km NW of San José del Palmar, Colombia",2020-04-03 18:52:47.964000+00:00,4.0,mb,convertida
4.0085,-76.2402,4640275.7367284205,2001650.791285086,156.54,4.8084,us,"2 km NW of San Pedro, Colombia",2020-04-13 20:44:19.546000+00:00,4.6,mb,convertida
2.4112,-77.3265,4518725.704848049,1825220.0862016943,92.49,4.713,us,"19 km NNW of Argelia, Colombia",2020-05-10 23:10:00.210000+00:00,4.5,mb,convertida
2.7483,-76.5659,4603559.997538806,1862292.139186913,10.0,4.713,us,"6 km E of Morales, Colombia",2020-05-24 12:22:03.507000+00:00,4.5,mb,convertida
4.2369,-73.6232,4930868.013557807,2026203.223700556,10.0,4.6176,us,"7 km WSW of Restrepo, Colombia",2020-08-14 02:34:37.500000+00:00,4.4,mb,convertida
4.7244,-76.5228,4609235.303557414,2081030.9565122656,72.99,4.999199999999999,us,"15 km ENE of Sipí, Colombia",2020-11-16 13:59:21.031000+00:00,4.8,mb,convertida
3.4478,-77.253,4527353.480745103,1940043.5796703703,88.49,4.6176,us,"31 km WSW of Buenaventura, Colombia",2020-12-28 21:47:36.989000+00:00,4.4,mb,convertida
3.1222,-74.8254,4797225.002247912,1903187.750619369,25.07,4.9,us,"25 km E of Baraya, Colombia",2021-01-23 21:12:18.130000+00:00,4.9,mww,directa
4.4075,-75.856,4683128.501509106,2045632.7012466204,159.4,5.0946,us,"8 km NNW of Caicedonia, Colombia",2021-01-27 07:57:33.358000+00:00,4.9,mb,convertida
3.4642,-74.3272,4852629.741964542,1940902.326378879,10.0,4.6176,us,"32 km WNW of Mesetas, Colombia",2021-02-19 15:55:40.380000+00:00,4.4,mb,convertida
5.022,-76.0609,4660673.012635261,2113717.5585278664,93.13,4.713,us,"6 km WNW of La Celia, Colombia",2021-02-24 07:55:08.057000+00:00,4.5,mb,convertida
2.1847,-76.6147,4597957.834664836,1799913.0117657462,24.01,4.3,us,"7 km S of Paispamba, Colombia",2021-10-29 21:43:50.050000+00:00,4.3,mwr,directa
3.6391,-74.0114,4887721.037342861,1960186.7953018665,10.0,4.6176,us,"12 km N of Lejanías, Colombia",2021-11-29 07:53:37.665000+00:00,4.4,mb,convertida
4.2503,-76.3426,4629007.258487646,2028458.7682419408,123.06,5.0946,us,"4 km NNW of Trujillo, Colombia",2021-11-29 20:33:32.090000+00:00,4.9,mb,convertida
4.4212,-73.6567,4927169.298563119,2046571.323061611,35.97,4.8084,us,"9 km NE of El Calvario, Colombia",2021-12-09 00:07:17.507000+00:00,4.6,mb,convertida
3.448,-74.7357,4807255.0169002,1939184.866950726,62.48,4.6176,us,"10 km NE of Colombia, Colombia",2022-02-07 00:31:23.897000+00:00,4.4,mb,convertida
4.9824,-76.3122,4632762.509815271,2109470.6458427417,93.71,4.9038,us,"12 km NW of San José del Palmar, Colombia",2022-03-24 01:34:04.202000+00:00,4.7,mb,convertida
1.8566,-75.8536,4682626.497857422,1763434.4338883986,28.88,4.8084,us,"7 km NE of Acevedo, Colombia",2022-04-19 19:32:27.438000+00:00,4.6,mb,convertida
4.014,-76.4472,4617270.492876515,2002353.5612332048,69.18,5.0,us,"10 km NNE of Darien, Colombia",2022-05-12 21:23:29.680000+00:00,5.0,mww,directa
4.3462,-73.5652,4937311.125853455,2038275.65746776,50.96,4.6176,us,"9 km N of Restrepo, Colombia",2022-06-12 09:00:17.716000+00:00,4.4,mb,convertida
4.9528,-76.0895,4657463.491613482,2106075.25023145,114.035,4.713,us,"7 km NW of El Águila, Colombia",2022-06-30 23:37:46.794000+00:00,4.5,mb,convertida
4.8445,-76.0511,4661670.419805501,2094072.17359014,128.811,4.8084,us,"7 km S of El Águila, Colombia",2022-08-17 15:46:51.547000+00:00,4.6,mb,convertida
1.808,-77.2764,4524125.256670732,1758369.6487069002,128.35,4.999199999999999,us,"9 km NE of El Rosario, Colombia",2022-10-04 05:13:54.668000+00:00,4.8,mb,convertida
3.9986,-76.7154,4587445.371056869,2000779.0605352763,101.355,4.713,us,"26 km WNW of Darien, Colombia",2022-12-12 14:49:13.270000+00:00,4.5,mb,convertida
3.3517,-74.1224,4875359.114026536,1928440.4637811363,8.071,4.713,us,"9 km WSW of Mesetas, Colombia",2022-12-14 17:39:03.979000+00:00,4.5,mb,convertida
5.0309,-76.2007,4645164.162945641,2114776.7636559,106.371,4.713,us,"15 km NNE of San José del Palmar, Colombia",2023-01-27 04:34:39.050000+00:00,4.5,mb,convertida
4.3409,-74.2762,4858440.565115594,2037785.960393928,8.529,4.0452,us,"4 km NE of Pasca, Colombia",2023-02-07 00:44:14.350000+00:00,3.8,mb,convertida
3.9045,-76.0855,4657424.580563988,1990076.672740396,177.822,4.713,us,"18 km ESE of San Pedro, Colombia",2023-03-15 21:50:42.459000+00:00,4.5,mb,convertida
3.3662,-74.2162,4864943.249749334,1930055.356203244,10.0,4.713,us,"19 km W of Mesetas, Colombia",2023-04-15 20:52:53.218000+00:00,4.5,mb,convertida
3.0134,-74.7041,4810684.612193218,1891138.6049050663,182.956,4.5222,us,"41 km SSE of Colombia, Colombia",2023-05-07 08:05:32.757000+00:00,4.3,mb,convertida
4.0397,-73.7077,4921474.502507032,2004420.669097534,10.0,4.999199999999999,us,Colombia,2023-05-14 06:04:17.791000+00:00,4.8,mb,convertida
4.3829,-76.2681,4637348.071909143,2043098.34319794,120.179,4.713,us,"10 km WNW of Bolívar, Colombia",2023-05-22 17:14:14.864000+00:00,4.5,mb,convertida
3.8178,-76.489,4612533.47380393,1980654.7929252917,146.602,4.5222,us,"3 km E of Restrepo, Colombia",2023-06-10 06:53:57.656000+00:00,4.3,mb,convertida
2.9948,-73.6029,4933028.907590384,1888953.8880560216,10.0,4.9038,us,"21 km SE of Vistahermosa, Colombia",2023-06-30 01:52:28.221000+00:00,4.7,mb,convertida
3.5131,-76.2356,4640583.674767267,1946824.5012294191,161.146,5.1,us,Colombia,2023-08-03 22:09:36.236000+00:00,5.1,mww,directa
4.3463,-73.6199,4931243.88668341,2038291.4626584277,10.0,6.1,us,"10 km E of El Calvario, Colombia",2023-08-17 17:04:48.770000+00:00,6.1,mww,directa
4.2285,-73.6849,4924022.46294426,2025280.7989344287,10.0,5.0946,us,"11 km NW of Villavicencio, Colombia",2023-08-17 17:40:16.241000+00:00,4.9,mb,convertida
4.3633,-73.485,4946207.911993368,2040158.9632766333,10.0,5.19,us,"10 km N of Cumaral, Colombia",2023-08-18 01:15:26.559000+00:00,5.0,mb,convertida
4.4451,-76.2619,4638067.004318533,2049979.061667845,141.956,4.4268,us,"7 km SSW of El Dovio, Colombia",2023-10-31 09:52:02.489000+00:00,4.2,mb,convertida
4.3276,-76.4337,4618922.624740899,2037059.5112846943,85.061,4.5222,us,"17 km NW of Trujillo, Colombia",2023-11-06 20:58:32.027000+00:00,4.3,mb,convertida
4.3431,-73.4809,4946661.237873232,2037926.650790283,10.0,4.713,us,"8 km N of Cumaral, Colombia",2023-11-10 07:48:04.471000+00:00,4.5,mb,convertida
4.2967,-76.0903,4657058.676286507,2033476.2795547205,145.003,4.4268,us,"11 km S of Zarzal, Colombia",2023-11-26 14:30:56.609000+00:00,4.2,mb,convertida
4.7429,-75.8481,4684152.971080361,2082734.2084762256,65.067,5.6,us,"7 km E of Cartago, Colombia",2024-01-19 11:26:03.598000+00:00,5.6,mww,directa
4.8447,-75.9969,4667686.126494572,2094067.463813137,76.307,4.5222,us,"5 km N of Ansermanuevo, Colombia",2024-01-19 11:47:28.023000+00:00,4.3,mb,convertida
4.786,-75.9499,4672874.27857298,2087550.0627852264,89.291,4.4268,us,"5 km ESE of Ansermanuevo, Colombia",2024-02-10 13:57:06.911000+00:00,4.2,mb,convertida
4.9949,-76.0626,4660470.368137189,2110719.8011075635,126.48,4.8084,us,"6 km W of La Celia, Colombia",2024-04-30 15:44:52.095000+00:00,4.6,mb,convertida
2.0194,-76.027,4663355.87349744,1781479.0966231034,12.009,4.6176,us,"3 km NNE of Saladoblanco, Colombia",2024-05-05 06:11:07.336000+00:00,4.4,mb,convertida
4.2454,-73.5039,4944103.032003679,2027132.823465582,9.966,4.6176,us,"3 km SW of Cumaral, Colombia",2024-06-03 11:52:40.059000+00:00,4.4,mb,convertida
4.3193,-75.9119,4676883.400210153,2035898.7803420075,11.719,4.713,us,"6 km NNE of Sevilla, Colombia",2024-06-07 07:55:57.321000+00:00,4.5,mb,convertida
3.3996,-74.3109,4854430.206540033,1933760.2994355285,10.0,4.4268,us,"29 km W of Mesetas, Colombia",2024-07-30 05:32:17.757000+00:00,4.2,mb,convertida
4.5472,-76.3159,4632120.005630717,2061305.887405518,51.986,4.9038,us,"9 km WNW of El Dovio, Colombia",2025-01-04 08:17:24.376000+00:00,4.7,mb,convertida
4.5564,-76.6012,4600432.859601604,2062476.2757536185,122.305,4.713,us,"11 km SSE of Sipí, Colombia",2025-03-10 07:57:09.421000+00:00,4.5,mb,convertida
4.7022,-76.0962,4656593.705152627,2078348.829919652,99.649,4.713,us,"3 km SE of Argelia, Colombia",2025-04-01 02:04:04.952000+00:00,4.5,mb,convertida
4.4562,-75.6179,4709583.7205741005,2050922.151987487,164.813,4.4268,us,"8 km SSE of Calarcá, Colombia",2025-04-09 12:41:00.584000+00:00,4.2,mb,convertida
4.0695,-75.4801,4724742.61311953,2008102.1210703177,10.0,4.5222,us,"7 km W of Playarrica, Colombia",2025-05-18 06:17:26.554000+00:00,4.3,mb,convertida
3.3141,-77.507,4499000.274471227,1925355.5929534575,35.0,4.8,us,"62 km NNE of Timbiquí, Colombia",2025-05-23 04:56:45.663000+00:00,4.8,mwr,directa
2.4911,-76.2254,4641384.108336777,1833721.5673334056,35.053,4.6176,us,"18 km WSW of Inzá, Colombia",2025-06-20 19:58:33.019000+00:00,4.4,mb,convertida
4.3578,-76.1928,4645700.811192694,2040284.6171966265,150.107,4.7,us,"2 km NNW of Bolívar, Colombia",2025-08-11 00:16:32.147000+00:00,4.7,mww,directa
2.7226,-76.7369,4584513.7190279085,1859504.7788338608,10.0,4.6176,us,"12 km WSW of Morales, Colombia",2025-08-27 09:31:35.740000+00:00,4.4,mb,convertida
3.8376,-76.5812,4602290.326310115,1982888.953580404,136.419,4.5222,us,"6 km WNW of Restrepo, Colombia",2025-11-01 19:52:42.346000+00:00,4.3,mb,convertida
3.0699,-75.1055,4766085.454434151,1897463.4480623617,10.0,4.6176,us,"3 km E of Tello, Colombia",2025-12-21 14:05:26.416000+00:00,4.4,mb,convertida
4.4858,-76.331,4630411.726820181,2054517.9421706088,129.689,4.3314,us,"10 km WSW of El Dovio, Colombia",2026-02-07 20:46:52.880000+00:00,4.1,mb,convertida
4.8655,-76.4465,4617787.732132438,2096607.139935792,103.958,5.0946,us,"20 km ESE of Nóvita, Colombia",2026-02-13 11:40:53.798000+00:00,4.9,mb,convertida
4.6844,-76.0839,4657950.554559746,2076373.1738903488,114.525,4.8084,us,"5 km SE of Argelia, Colombia",2026-03-09 22:11:22.450000+00:00,4.6,mb,convertida
4.1341,-76.6659,4593017.504881057,2015756.4800946333,112.725,5.3,us,"30 km NW of Darien, Colombia",2026-05-14 12:48:21.593000+00:00,5.3,mww,directa
4.0074,-76.5596,4604772.196658527,2001676.4638488477,10.0,4.4268,us,"11 km NW of Darien, Colombia",2026-06-26 08:31:45.349000+00:00,4.2,mb,convertida
4.8836,-76.2182,4643142.854576379,2098485.038614714,108.174,7.4,us,"2 km SE of San José del Palmar, Colombia",2026-08-10 12:34:28.009000+00:00,7.4,mww,directa
4.877,-76.3246,4631327.906480597,2097812.0350867813,91.129,5.19,us,"10 km WSW of San José del Palmar, Colombia",2026-08-10 13:18:09.581000+00:00,5.0,mb,convertida
4.9924,-76.3671,4626674.279148553,2110608.3670851183,97.87,4.5222,us,"18 km NW of San José del Palmar, Colombia",2026-08-10 15:01:31.472000+00:00,4.3,mb,convertida
4.9121,-76.33,4630747.7062316565,2101699.8413160937,101.646,4.3314,us,"10 km W of San José del Palmar, Colombia",2026-08-11 15:43:41.168000+00:00,4.1,mb,convertida
4.8948,-76.2213,4642804.690424905,2099726.1609980827,103.362,4.5222,us,"1 km E of San José del Palmar, Colombia",2026-08-13 14:42:32.286000+00:00,4.3,mb,convertida
4.9268,-76.414,4621430.745315041,2103374.016211545,96.66,4.5222,us,"20 km W of San José del Palmar, Colombia",2026-08-14 03:21:46.170000+00:00,4.3,mb,convertida
4.4825,-76.8266,4575344.796152568,2054421.8745858672,78.299,4.6176,us,"27 km SW of Sipí, Colombia",2026-08-24 02:41:00.522000+00:00,4.4,mb,convertida
4.3503,-76.7599,4582683.393630241,2039745.0242673105,73.956,4.6176,us,"35 km SSW of Sipí, Colombia",2026-08-24 18:55:28.009000+00:00,4.4,mb,convertida
4.5126,-76.7491,4583974.800392248,2057710.2277538695,61.381,4.9038,us,"19 km SW of Sipí, Colombia",2026-08-27 15:25:29.013000+00:00,4.7,mb,convertida
4.5132,-76.7395,4585041.930231708,2057771.1709661055,60.635,4.713,us,"18 km SW of Sipí, Colombia",2026-08-29 10:50:23.751000+00:00,4.5,mb,convertida
2.4078,-76.1637,4648229.511655087,1824487.1792024013,10.0,4.713,us,"19 km SSW of Inzá, Colombia",2026-08-30 04:37:56.698000+00:00,4.5,mb,convertida
4.3985,-76.7157,4587622.544799522,2045057.5687974584,71.437,4.713,us,"29 km SSW of Sipí, Colombia",2026-09-03 05:17:15.307000+00:00,4.5,mb,convertida
4.5418,-76.795,4578890.988001625,2060970.1240066276,61.61,4.6176,us,"20 km SW of Sipí, Colombia",2026-09-06 22:15:38.764000+00:00,4.4,mb,convertida
4.5226,-76.7929,4579113.21360605,2058842.8082132784,67.08,4.6176,us,"21 km SW of Sipí, Colombia",2026-09-08 02:01:34.461000+00:00,4.4,mb,convertida
4.4626,-76.8003,4578256.289003322,2052203.0265857184,68.328,4.9038,us,"27 km SW of Sipí, Colombia",2026-09-11 16:42:31.376000+00:00,4.7,mb,convertida
4.4114,-76.809,4577260.175747499,2046538.3586407795,77.309,4.9038,us,"32 km SW of Sipí, Colombia",2026-09-12 11:16:12.244000+00:00,4.7,mb,convertida
4.4944,-76.7446,4584464.502075743,2055692.4068310289,59.835,5.0946,us,"20 km SSW of Sipí, Colombia",2026-09-14 20:02:04.355000+00:00,4.9,mb,convertida
4.5502,-76.8767,4569816.583702626,2061948.58629391,50.363,4.9,us,"28 km WSW of Sipí, Colombia",2026-09-14 21:13:16.278000+00:00,4.9,mww,directa
4.474,-76.7671,4581952.492835579,2053446.367003764,69.61,4.8084,us,"24 km SW of Sipí, Colombia",2026-09-14 22:39:04.026000+00:00,4.6,mb,convertida
4.495,-76.7822,4580286.396949903,2055780.3847413796,71.01,4.8084,us,"23 km SW of Sipí, Colombia",2026-09-16 06:18:06.190000+00:00,4.6,mb,convertida
4.46,-76.8006,4578221.459668539,2051915.2886151336,51.459,4.9038,us,"27 km SW of Sipí, Colombia",2026-09-16 20:55:00.902000+00:00,4.7,mb,convertida
4.5449,-76.7654,4582182.042880331,2061296.1780849083,58.798,4.6176,us,"18 km SW of Sipí, Colombia",2026-09-17 01:12:49.502000+00:00,4.4,mb,convertida
4.5211,-76.8219,4575889.561104598,2058693.6142014863,57.808,4.9038,us,"24 km SW of Sipí, Colombia",2026-09-17 21:10:25.572000+00:00,4.7,mb,convertida
4.3224,-76.7931,4578977.649506919,2036674.0352624643,68.374,4.9038,us,"40 km SSW of Sipí, Colombia",2026-09-18 06:17:03.598000+00:00,4.7,mb,convertida
4.5042,-76.7978,4578558.039214505,2056808.1425694537,72.587,4.713,us,"23 km SW of Sipí, Colombia",2026-09-18 18:41:22.677000+00:00,4.5,mb,convertida
4.415,-76.7636,4582308.151655296,2046911.2998827696,74.036,4.5222,us,"29 km SSW of Sipí, Colombia",2026-09-19 05:01:48.911000+00:00,4.3,mb,convertida
4.5179,-76.8729,4570219.752112893,2058369.280238598,58.204,4.999199999999999,us,"29 km WSW of Sipí, Colombia",2026-09-19 13:44:35.732000+00:00,4.8,mb,convertida
4.822,-74.63,4819307.627783197,2091040.851623146,21.0,4.506799999999999,SGC,"San Juan De Rioseco - Cundinamarca, Colombia",1993-06-07T05:47:54+00:00,4.6,ML,convertida
4.047,-75.272,4747844.522410415,2005546.067080434,0.0,3.5488,SGC,"Ortega - Tolima, Colombia",1993-06-15T16:18:23+00:00,3.6,ML,convertida
3.369,-73.696,4922714.616742724,1930308.138325781,0.0,3.7404,SGC,"Fuente De Oro - Meta, Colombia",1993-06-26T06:19:28+00:00,3.8,ML,convertida
4.947,-76.389,4624217.544895182,2105595.705996224,100.0,3.5488,SGC,"San José Del Palmar - Chocó, Colombia",1993-06-26T07:30:53+00:00,3.6,ML,convertida
4.639,-76.235,4641150.988169669,2071424.460056316,128.0,3.1656,SGC,"Versalles - Valle Del Cauca, Colombia",1993-07-04T20:18:51+00:00,3.2,ML,convertida
1.838,-75.986,4667884.581987922,1761400.924189388,0.0,3.0698,SGC,"Pitalito - Huila, Colombia",1993-07-06T14:10:50+00:00,3.1,ML,convertida
4.053,-75.194,4756507.358047761,2006185.665198562,0.0,3.0698,SGC,"Ortega - Tolima, Colombia",1993-07-10T02:45:35+00:00,3.1,ML,convertida
4.427,-77.061,4549256.325283265,2048414.577132708,40.0,3.5488,SGC,"Santa Genoveva De Docordó - Chocó, Colombia",1993-07-20T19:20:37+00:00,3.6,ML,convertida
1.873,-76.007,4665553.311742376,1765277.2501536568,0.0,3.1656,SGC,"Pitalito - Huila, Colombia",1993-08-02T21:55:17+00:00,3.2,ML,convertida
2.275,-73.582,4935313.453460156,1809419.131701019,6.0,3.1656,SGC,"La Macarena - Meta, Colombia",1993-08-05T04:59:27+00:00,3.2,ML,convertida
3.748,-74.22,4864576.954493129,1972250.5552612352,3.0,3.2614,SGC,"Lejanías - Meta, Colombia",1993-08-07T08:44:13+00:00,3.3,ML,convertida
2.363,-75.441,4728633.465945545,1819367.447195143,0.0,3.3572,SGC,"Gigante - Huila, Colombia",1993-08-18T06:59:35+00:00,3.4,ML,convertida
4.078,-75.424,4730975.524673784,2009023.203127628,4.0,3.0698,SGC,"San Antonio - Tolima, Colombia",1993-08-29T00:54:15+00:00,3.1,ML,convertida
4.843,-76.38,4625158.628912156,2094079.380141904,94.0,3.8362,SGC,"San José Del Palmar - Chocó, Colombia",1993-08-29T23:34:28+00:00,3.9,ML,convertida
2.488,-75.296,4744785.538480425,1833162.0484645264,8.0,3.0698,SGC,"Algeciras - Huila, Colombia",1993-09-12T13:32:08+00:00,3.1,ML,convertida
4.889,-76.335,4630179.924400049,2099145.904072816,100.0,3.1656,SGC,"San José Del Palmar - Chocó, Colombia",1993-09-28T13:40:26+00:00,3.2,ML,convertida
4.202,-76.794,4578811.895615356,2023342.2141687635,100.0,5.5606,SGC,"Buenaventura - Valle Del Cauca, Colombia",1993-10-12T14:51:27+00:00,5.7,ML,convertida
4.729,-74.683,4813405.55605452,2080774.8395663432,6.0,3.2614,SGC,"Pulí - Cundinamarca, Colombia",1993-10-26T03:17:21+00:00,3.3,ML,convertida
3.778,-74.11,4876793.045412684,1975549.660477756,0.0,3.932,SGC,"Lejanías - Meta, Colombia",1993-10-28T12:15:56+00:00,4.0,ML,convertida
3.437,-74.161,4871083.374540369,1937872.1653899315,0.0,3.0698,SGC,"Mesetas - Meta, Colombia",1993-11-02T04:34:32+00:00,3.1,ML,convertida
4.389,-76.378,4625141.977581002,2043827.6900795903,121.0,3.0698,SGC,"El Dovio - Valle Del Cauca, Colombia",1993-11-02T22:23:26+00:00,3.1,ML,convertida
1.876,-75.92,4675238.7901165625,1765592.7565909831,0.0,3.2614,SGC,"Acevedo - Huila, Colombia",1993-11-12T18:37:31+00:00,3.3,ML,convertida
2.45,-75.44,4728761.918353973,1828988.438805289,10.0,3.2614,SGC,"Gigante - Huila, Colombia",1993-12-14T20:27:10+00:00,3.3,ML,convertida
2.31,-75.37,4736521.250056211,1813492.8917012908,8.0,4.027799999999999,SGC,"Gigante - Huila, Colombia",1993-12-19T22:59:27+00:00,4.1,ML,convertida
2.813,-74.485,4835001.998753261,1868953.59341506,0.0,4.6984,SGC,"Uribe - Meta, Colombia",1994-01-06T16:19:00+00:00,4.8,ML,convertida
3.738,-77.263,4526390.305351228,1972201.6662076784,32.0,3.1656,SGC,"Buenaventura - Valle Del Cauca, Colombia",1994-01-19T05:09:21+00:00,3.2,ML,convertida
3.706,-75.904,4677519.907324252,1968044.2748539457,4.0,3.0698,SGC,"Rioblanco - Tolima, Colombia",1994-01-19T07:55:45+00:00,3.1,ML,convertida
3.352,-74.467,4837084.454886575,1928524.1959907743,1.0,3.3572,SGC,"Uribe - Meta, Colombia",1994-02-04T19:54:30+00:00,3.4,ML,convertida
2.794,-74.5,4833332.282969788,1866855.723078492,0.0,3.6446,SGC,"Uribe - Meta, Colombia",1994-02-12T03:12:16+00:00,3.7,ML,convertida
5.105,-76.123,4653826.227146283,2122934.701984556,108.0,4.6026,SGC,"Pueblo Rico - Risaralda, Colombia",1994-02-27T23:55:13+00:00,4.7,ML,convertida
5.103,-76.134,4652604.633131309,2122719.320861342,115.0,4.6984,SGC,"Pueblo Rico - Risaralda, Colombia",1994-02-28T08:40:08+00:00,4.8,ML,convertida
3.485,-74.758,4804785.47818248,1943279.4597740364,28.0,3.3572,SGC,"Colombia - Huila, Colombia",1994-03-15T16:04:34+00:00,3.4,ML,convertida
3.329,-74.466,4837191.741774067,1925981.9373088507,0.0,3.0698,SGC,"Uribe - Meta, Colombia",1994-03-24T20:01:36+00:00,3.1,ML,convertida
4.374,-76.585,4602134.154550963,2042274.1587253956,32.0,3.3572,SGC,"Sipí - Chocó, Colombia",1994-03-27T05:59:28+00:00,3.4,ML,convertida
3.897,-76.323,4631023.79950991,1989347.2306809316,128.0,3.2614,SGC,"Guadalajara De Buga - Valle Del Cauca, Colombia",1994-04-05T10:28:56+00:00,3.3,ML,convertida
2.505,-75.698,4700073.957982286,1835127.0839712585,0.0,3.1656,SGC,"Tesalia - Huila, Colombia",1994-04-16T12:46:46+00:00,3.2,ML,convertida
1.883,-76.182,4646071.783989321,1766418.261616825,0.0,3.1656,SGC,"San José De Isnos - Huila, Colombia",1994-04-18T13:35:03+00:00,3.2,ML,convertida
4.097,-76.495,4611996.602538658,2011563.93761616,127.0,3.1656,SGC,"Darién - Valle Del Cauca, Colombia",1994-04-21T14:37:59+00:00,3.2,ML,convertida
2.666,-75.029,4774508.838353055,1852792.6227071967,2.0,3.5488,SGC,"Rivera - Huila, Colombia",1994-04-22T05:00:53+00:00,3.6,ML,convertida
1.877,-76.023,4663772.857089048,1765722.8832533795,0.0,3.7404,SGC,"Pitalito - Huila, Colombia",1994-04-27T09:06:46+00:00,3.8,ML,convertida
4.617,-74.9,4789305.011688219,2068454.9016828449,4.0,3.3572,SGC,"Alvarado - Tolima, Colombia",1994-05-07T01:13:55+00:00,3.4,ML,convertida
3.982,-76.624,4597599.925004945,1998895.7907151936,2.0,3.8362,SGC,"Darién - Valle Del Cauca, Colombia",1994-05-17T23:16:25+00:00,3.9,ML,convertida
3.864,-76.522,4608885.196301299,1985784.0721377265,131.0,3.2614,SGC,"Restrepo - Valle Del Cauca, Colombia",1994-05-23T03:26:43+00:00,3.3,ML,convertida
3.227,-74.793,4800845.434382608,1914766.5019889453,0.0,3.453,SGC,"Colombia - Huila, Colombia",1994-05-30T07:29:14+00:00,3.5,ML,convertida
3.8,-76.959,4560251.065176144,1978909.9149051008,85.0,3.2614,SGC,"Buenaventura - Valle Del Cauca, Colombia",1994-05-30T20:34:39+00:00,3.3,ML,convertida
3.945,-76.358,4627154.398074593,1994675.330679112,100.0,3.3572,SGC,"Guadalajara De Buga - Valle Del Cauca, Colombia",1994-06-13T11:40:07+00:00,3.4,ML,convertida
3.623,-73.72,4920070.973746668,1958376.733851749,0.0,3.5488,SGC,"Granada - Meta, Colombia",1994-06-13T13:59:33+00:00,3.6,ML,convertida
3.433,-74.673,4814216.798371246,1937514.3495335688,0.0,3.2614,SGC,"Colombia - Huila, Colombia",1994-06-19T03:56:42+00:00,3.3,ML,convertida
4.948,-75.632,4708223.438514051,2105325.316898027,134.0,3.2614,SGC,"Chinchiná - Caldas, Colombia",1994-07-06T18:18:35+00:00,3.3,ML,convertida
2.864,-74.845,4794998.972582599,1874648.5166261024,12.0,3.1656,SGC,"Baraya - Huila, Colombia",1994-07-11T19:03:42+00:00,3.2,ML,convertida
4.742,-74.62,4820395.614782252,2082195.2163134348,21.0,3.2614,SGC,"Quipile - Cundinamarca, Colombia",1994-07-25T20:52:51+00:00,3.3,ML,convertida
4.781,-76.336,4630010.1800769055,2087193.033729924,88.0,3.0698,SGC,"El Cairo - Valle Del Cauca, Colombia",1994-07-28T05:23:46+00:00,3.1,ML,convertida
2.674,-76.121,4653053.258215405,1853931.9336703585,14.0,3.1656,SGC,"Inzá - Cauca, Colombia",1994-08-01T12:38:43+00:00,3.2,ML,convertida
1.998,-77.021,4552643.565077608,1779349.0691762783,140.0,3.3572,SGC,"Sucre - Cauca, Colombia",1994-08-04T08:47:47+00:00,3.4,ML,convertida
3.346,-76.262,4637584.906519889,1928341.9206638976,141.0,3.1656,SGC,"Florida - Valle Del Cauca, Colombia",1994-08-11T06:44:45+00:00,3.2,ML,convertida
2.858,-75.975,4669349.433107046,1874248.935172017,3.0,3.5488,SGC,"Belalcázar - Cauca, Colombia",1994-08-18T12:33:52+00:00,3.6,ML,convertida
2.868,-74.859,4793443.581919769,1875093.2182103384,16.0,3.1656,SGC,"Tello - Huila, Colombia",1994-08-24T06:58:09+00:00,3.2,ML,convertida
4.103,-76.551,4605774.734774845,2012255.53821938,102.0,3.5488,SGC,"Darién - Valle Del Cauca, Colombia",1994-09-16T08:28:44+00:00,3.6,ML,convertida
4.542,-76.191,4645988.934785208,2060667.922687756,132.0,3.1656,SGC,"Versalles - Valle Del Cauca, Colombia",1994-09-21T02:45:40+00:00,3.2,ML,convertida
2.819,-76.017,4664665.866855532,1869946.0837153909,4.0,3.7404,SGC,"Belalcázar - Cauca, Colombia",1994-09-22T04:22:44+00:00,3.8,ML,convertida
3.709,-74.183,4868678.850813715,1967934.8768195976,1.0,3.453,SGC,"Lejanías - Meta, Colombia",1994-09-26T20:05:40+00:00,3.5,ML,convertida
2.861,-74.849,4794553.83681635,1874317.594276382,18.0,3.0698,SGC,"Tello - Huila, Colombia",1994-09-28T02:29:45+00:00,3.1,ML,convertida
3.845,-75.62,4709126.693273386,1983320.0942905864,0.0,3.1656,SGC,"San Antonio - Tolima, Colombia",1994-10-06T00:20:03+00:00,3.2,ML,convertida
2.342,-75.381,4735303.619460777,1817033.6078030544,13.0,4.027799999999999,SGC,"Gigante - Huila, Colombia",1994-10-16T04:23:44+00:00,4.1,ML,convertida
4.756,-76.344,4629108.473739525,2084430.3398850928,83.0,3.0698,SGC,"El Cairo - Valle Del Cauca, Colombia",1994-10-21T12:26:48+00:00,3.1,ML,convertida
1.658,-76.354,4626874.024253785,1741551.7891120636,4.0,3.8362,SGC,"Santa Rosa - Cauca, Colombia",1994-10-25T22:51:33+00:00,3.9,ML,convertida
2.248,-75.371,4736398.725092893,1806636.957489425,3.0,3.7404,SGC,"Gigante - Huila, Colombia",1994-10-27T10:47:29+00:00,3.8,ML,convertida
4.757,-74.687,4812969.486001363,2083871.06280839,6.0,3.8362,SGC,"Beltrán - Cundinamarca, Colombia",1994-10-28T09:00:21+00:00,3.9,ML,convertida
1.907,-75.822,4686152.904980221,1769004.12255129,4.0,3.0698,SGC,"Suaza - Huila, Colombia",1994-10-31T14:57:48+00:00,3.1,ML,convertida
2.366,-75.512,4720735.974499186,1819713.3143830376,4.0,3.1656,SGC,"Gigante - Huila, Colombia",1994-11-03T19:17:52+00:00,3.2,ML,convertida
4.624,-76.766,4582161.453039417,2070055.3121772532,62.0,3.6446,SGC,"Sipí - Chocó, Colombia",1994-11-06T15:05:33+00:00,3.7,ML,convertida
3.534,-75.379,4735806.778455821,1948849.612523954,0.0,4.027799999999999,SGC,"Ataco - Tolima, Colombia",1994-11-15T22:57:10+00:00,4.1,ML,convertida
4.913,-76.358,4627639.867031624,2101815.0075953198,100.0,3.1656,SGC,"San José Del Palmar - Chocó, Colombia",1994-11-21T01:10:17+00:00,3.2,ML,convertida
5.109,-74.729,4808412.741233502,2122794.048706351,2.0,3.8362,SGC,"Honda - Tolima, Colombia",1994-12-02T06:15:29+00:00,3.9,ML,convertida
3.48,-74.801,4800007.997518686,1942735.757926635,15.0,4.6026,SGC,"Colombia - Huila, Colombia",1994-12-10T14:12:47+00:00,4.7,ML,convertida
3.011,-75.841,4684298.128187226,1891136.789184397,17.0,3.2614,SGC,"Santa María - Huila, Colombia",1994-12-11T04:03:45+00:00,3.3,ML,convertida
3.325,-74.426,4841634.277745945,1925533.3292021255,0.0,3.0698,SGC,"Uribe - Meta, Colombia",1994-12-15T20:34:48+00:00,3.1,ML,convertida
1.567,-75.806,4687877.8917644005,1731390.369167722,51.0,3.0698,SGC,"Morelia - Caquetá, Colombia",1994-12-26T10:09:43+00:00,3.1,ML,convertida
2.712,-74.644,4817315.479426687,1857813.3472513333,10.0,3.0698,SGC,"Baraya - Huila, Colombia",1994-12-27T18:51:27+00:00,3.1,ML,convertida
0.964,-76.537,4606381.632390537,1664762.5625354107,0.0,3.2614,SGC,"Villagarzón - Putumayo, Colombia",1994-12-31T11:03:29+00:00,3.3,ML,convertida
2.342,-75.475,4724847.213511633,1817051.7260985968,4.0,3.1656,SGC,"Gigante - Huila, Colombia",1995-01-01T04:09:30+00:00,3.2,ML,convertida
4.234,-74.166,4870648.019167378,2025952.204153139,4.0,3.0698,SGC,"Pasca - Cundinamarca, Colombia",1995-01-05T12:52:54+00:00,3.1,ML,convertida
4.693,-75.105,4766587.524820711,2076922.021095904,148.0,3.1656,SGC,"Santa Isabel - Tolima, Colombia",1995-01-22T12:28:38+00:00,3.2,ML,convertida
5.151,-74.672,4814742.729748085,2127420.080845056,18.0,3.0698,SGC,"Honda - Tolima, Colombia",1995-01-22T17:20:53+00:00,3.1,ML,convertida
1.582,-76.569,4602910.663248296,1733180.3128834392,1.0,3.1656,SGC,"Santa Rosa - Cauca, Colombia",1995-01-24T01:24:24+00:00,3.2,ML,convertida
2.369,-75.393,4733973.927874659,1820021.6617258692,0.0,3.0698,SGC,"Gigante - Huila, Colombia",1995-01-26T10:55:10+00:00,3.1,ML,convertida
4.716,-76.441,4618315.299164587,2080055.6199503683,105.0,3.3572,SGC,"Sipí - Chocó, Colombia",1995-01-29T12:46:45+00:00,3.4,ML,convertida
2.338,-74.16,4871070.54661983,1816420.057552448,2.0,3.3572,SGC,"La Macarena - Meta, Colombia",1995-01-31T12:51:47+00:00,3.4,ML,convertida
4.12,-76.758,4582770.877094412,2014243.094896756,94.0,3.7404,SGC,"Darién - Valle Del Cauca, Colombia",1995-02-08T15:47:51+00:00,3.8,ML,convertida
4.182,-76.491,4612482.653670039,2020971.1787317663,60.0,3.3572,SGC,"Trujillo - Valle Del Cauca, Colombia",1995-02-08T17:41:46+00:00,3.4,ML,convertida
4.037,-76.693,4589955.323959421,2005019.481143118,79.0,3.0698,SGC,"Darién - Valle Del Cauca, Colombia",1995-02-08T21:33:33+00:00,3.1,ML,convertida
4.111,-76.759,4582654.994818136,2013247.059718493,95.0,3.453,SGC,"Darién - Valle Del Cauca, Colombia",1995-02-09T01:29:09+00:00,3.5,ML,convertida
4.096,-76.737,4585093.259804697,2011574.6809497648,90.0,3.6446,SGC,"Darién - Valle Del Cauca, Colombia",1995-02-10T14:03:52+00:00,3.7,ML,convertida
4.117,-76.621,4598000.275039147,2013840.3954611851,80.0,3.0698,SGC,"Darién - Valle Del Cauca, Colombia",1995-02-19T12:40:37+00:00,3.1,ML,convertida
4.114,-76.664,4593218.478018436,2013530.0923903943,82.0,3.1656,SGC,"Darién - Valle Del Cauca, Colombia",1995-02-20T13:52:26+00:00,3.2,ML,convertida
3.732,-73.902,4899877.356669311,1970439.749914881,1.0,4.1236,SGC,"El Dorado - Meta, Colombia",1995-02-24T09:10:28+00:00,4.2,ML,convertida
4.081,-76.687,4590644.661748476,2009888.122099484,4.0,3.1656,SGC,"Darién - Valle Del Cauca, Colombia",1995-03-02T17:44:33+00:00,3.2,ML,convertida
2.858,-76.727,4585663.550017142,1874493.267951772,108.0,3.1656,SGC,"Suárez - Cauca, Colombia",1995-03-05T01:08:45+00:00,3.2,ML,convertida
2.506,-75.357,4738004.795734196,1835164.4852014207,4.0,3.1656,SGC,"Algeciras - Huila, Colombia",1995-03-05T06:15:10+00:00,3.2,ML,convertida
4.393,-74.815,4798672.412929787,2043667.577675432,84.0,4.027799999999999,SGC,"Nariño - Cundinamarca, Colombia",1995-03-05T09:24:31+00:00,4.1,ML,convertida
4.05,-76.614,4598745.074464356,2006419.2369650065,71.0,3.0698,SGC,"Darién - Valle Del Cauca, Colombia",1995-03-10T14:56:04+00:00,3.1,ML,convertida
2.835,-75.874,4680578.142346794,1871675.8737851204,4.0,3.2614,SGC,"Belalcázar - Cauca, Colombia",1995-03-23T16:11:06+00:00,3.3,ML,convertida
1.896,-75.819,4686484.830856813,1767786.738506461,0.0,3.1656,SGC,"Suaza - Huila, Colombia",1995-03-25T17:52:19+00:00,3.2,ML,convertida
3.278,-74.488,4834739.524224263,1920348.7308618857,0.0,4.506799999999999,SGC,"Uribe - Meta, Colombia",1995-04-01T21:36:36+00:00,4.6,ML,convertida
3.612,-74.443,4839794.273362051,1957256.720480641,0.0,3.1656,SGC,"Villarrica - Tolima, Colombia",1995-04-04T19:54:05+00:00,3.2,ML,convertida
4.313,-76.434,4618881.985062935,2035443.5892616715,113.0,3.0698,SGC,"Trujillo - Valle Del Cauca, Colombia",1995-04-10T11:52:53+00:00,3.1,ML,convertida
4.582,-76.358,4627461.950697552,2065179.2276814685,122.0,3.5488,SGC,"El Dovio - Valle Del Cauca, Colombia",1995-04-13T13:28:15+00:00,3.6,ML,convertida
4.149,-76.732,4585676.696200971,2017440.540073927,98.0,3.0698,SGC,"Darién - Valle Del Cauca, Colombia",1995-04-15T02:40:52+00:00,3.1,ML,convertida
2.822,-75.893,4678461.0660142815,1870242.952079648,17.0,3.3572,SGC,"Belalcázar - Cauca, Colombia",1995-05-02T10:35:36+00:00,3.4,ML,convertida
4.542,-74.642,4817904.595459844,2060093.3231015648,1.0,3.2614,SGC,"Apulo - Cundinamarca, Colombia",1995-05-02T22:21:44+00:00,3.3,ML,convertida
3.758,-77.248,4528070.589919886,1974409.4542786835,62.0,3.8362,SGC,"Buenaventura - Valle Del Cauca, Colombia",1995-05-03T06:44:18+00:00,3.9,ML,convertida
4.088,-76.641,4595762.304951497,2010639.814104124,82.0,3.453,SGC,"Darién - Valle Del Cauca, Colombia",1995-05-04T01:18:37+00:00,3.5,ML,convertida
2.838,-75.841,4684249.67179564,1871998.685793144,19.0,3.0698,SGC,"Belalcázar - Cauca, Colombia",1995-05-05T19:21:28+00:00,3.1,ML,convertida
4.417,-76.825,4575484.992767856,2047167.6166958213,141.0,3.1656,SGC,"Sipí - Chocó, Colombia",1995-05-26T03:40:13+00:00,3.2,ML,convertida
3.64,-75.989,4668048.0628465535,1960773.423005381,2.0,3.0698,SGC,"Ginebra - Valle Del Cauca, Colombia",1995-05-30T19:23:26+00:00,3.1,ML,convertida
4.567,-75.817,4687526.95201015,2063260.985704708,153.0,3.0698,SGC,"Montenegro - Quindío, Colombia",1995-06-03T07:36:37+00:00,3.1,ML,convertida
4.905,-74.613,4821214.550151714,2100210.958024397,22.0,4.506799999999999,SGC,"Chaguaní - Cundinamarca, Colombia",1995-06-04T12:39:35+00:00,4.6,ML,convertida
3.446,-74.654,4816329.787949555,1938947.645162702,4.0,3.3572,SGC,"Colombia - Huila, Colombia",1995-06-16T21:09:28+00:00,3.4,ML,convertida
4.118,-76.676,4591886.445573034,2013979.105403229,89.0,3.6446,SGC,"Darién - Valle Del Cauca, Colombia",1995-06-17T00:04:02+00:00,3.7,ML,convertida
3.442,-76.433,4618601.991835719,1939032.930659996,120.0,3.0698,SGC,"Santiago De Cali - Valle Del Cauca, Colombia",1995-06-19T19:34:39+00:00,3.1,ML,convertida
3.913,-76.119,4653705.004014824,1991030.9758965748,171.0,3.1656,SGC,"San Pedro - Valle Del Cauca, Colombia",1995-07-08T00:15:21+00:00,3.2,ML,convertida
2.868,-75.985,4668239.877810274,1875358.2122823503,0.0,3.1656,SGC,"Belalcázar - Cauca, Colombia",1995-07-08T01:14:42+00:00,3.2,ML,convertida
2.662,-76.104,4654941.575754822,1852599.3233676744,0.0,3.0698,SGC,"Inzá - Cauca, Colombia",1995-07-11T20:22:16+00:00,3.1,ML,convertida
4.063,-75.697,4700650.241139892,2007460.423787579,72.0,3.0698,SGC,"Roncesvalles - Tolima, Colombia",1995-07-14T03:11:46+00:00,3.1,ML,convertida
4.161,-73.92,4897931.568941141,2017848.584231794,0.0,3.0698,SGC,"Guayabetal - Cundinamarca, Colombia",1995-07-14T19:47:37+00:00,3.1,ML,convertida
3.71,-76.668,4592578.153306304,1968802.392019949,132.0,3.7404,SGC,"Dagua - Valle Del Cauca, Colombia",1995-07-17T09:10:09+00:00,3.8,ML,convertida
3.39,-74.851,4794434.578656699,1932797.2352218411,25.0,3.2614,SGC,"Colombia - Huila, Colombia",1995-07-18T03:12:18+00:00,3.3,ML,convertida
2.592,-76.149,4649914.56770536,1844866.1313401512,4.0,3.0698,SGC,"Inzá - Cauca, Colombia",1995-07-19T18:21:02+00:00,3.1,ML,convertida
2.9,-75.051,4772107.8302711705,1878667.5754649283,100.0,3.2614,SGC,"Tello - Huila, Colombia",1995-07-24T00:53:01+00:00,3.3,ML,convertida
2.793,-76.029,4663323.392709079,1867072.8241026704,4.0,3.453,SGC,"Belalcázar - Cauca, Colombia",1995-07-24T03:34:17+00:00,3.5,ML,convertida
3.994,-75.234,4752048.0314628,1999673.873564167,3.0,3.0698,SGC,"Ortega - Tolima, Colombia",1995-08-07T20:03:16+00:00,3.1,ML,convertida
1.861,-75.954,4671451.182207961,1763939.5933092812,0.0,3.0698,SGC,"Acevedo - Huila, Colombia",1995-08-08T11:39:22+00:00,3.1,ML,convertida
4.869,-74.57,4825972.592700229,2096220.3711378488,6.0,3.1656,SGC,"Vianí - Cundinamarca, Colombia",1995-08-21T10:01:15+00:00,3.2,ML,convertida
4.956,-74.62,4820452.166390969,2105850.26025822,16.0,3.5488,SGC,"Chaguaní - Cundinamarca, Colombia",1995-08-24T12:49:59+00:00,3.6,ML,convertida
3.488,-76.449,4616840.834591074,1944131.1063845109,152.0,3.0698,SGC,"Yumbo - Valle Del Cauca, Colombia",1995-08-30T01:11:56+00:00,3.1,ML,convertida
4.79,-74.623,4820075.416749436,2087501.795022726,100.0,3.1656,SGC,"San Juan De Rioseco - Cundinamarca, Colombia",1995-09-01T00:19:30+00:00,3.2,ML,convertida
5.044,-74.653,4816818.180392523,2115586.796966055,2.0,3.1656,SGC,"Guaduas - Cundinamarca, Colombia",1995-09-02T20:46:05+00:00,3.2,ML,convertida
3.544,-74.558,4827010.879572086,1949761.6904584172,4.0,3.2614,SGC,"Colombia - Huila, Colombia",1995-09-06T19:27:37+00:00,3.3,ML,convertida
4.679,-74.782,4802411.891699852,2075274.900137225,10.0,3.6446,SGC,"Pulí - Cundinamarca, Colombia",1995-09-07T03:28:37+00:00,3.7,ML,convertida
3.406,-77.472,4502945.5237257015,1935522.8953353292,103.0,3.6446,SGC,"López - Cauca, Colombia",1995-09-14T00:57:49+00:00,3.7,ML,convertida
2.587,-75.712,4698535.555260538,1844200.5035302727,2.0,3.2614,SGC,"Íquira - Huila, Colombia",1995-09-14T05:59:37+00:00,3.3,ML,convertida
2.053,-76.04,4661915.748655465,1785199.4231431286,3.0,3.2614,SGC,"Oporapa - Huila, Colombia",1995-09-16T06:30:51+00:00,3.3,ML,convertida
2.384,-75.413,4731752.143506426,1821684.312281838,8.0,3.2614,SGC,"Gigante - Huila, Colombia",1995-09-18T16:50:09+00:00,3.3,ML,convertida
3.267,-74.783,4801964.324277354,1919186.2659787768,0.0,3.1656,SGC,"Colombia - Huila, Colombia",1995-09-18T17:39:01+00:00,3.2,ML,convertida
2.489,-75.213,4754016.372352573,1833256.8436956813,9.0,3.0698,SGC,"Algeciras - Huila, Colombia",1995-09-25T19:21:06+00:00,3.1,ML,convertida
4.737,-74.897,4789673.636881812,2081720.419224032,16.0,3.3572,SGC,"Venadillo - Tolima, Colombia",1995-09-28T02:50:59+00:00,3.4,ML,convertida
3.034,-74.296,4856033.776880343,1893352.833405045,3.0,3.1656,SGC,"Uribe - Meta, Colombia",1995-09-28T04:31:34+00:00,3.2,ML,convertida
3.986,-74.152,4872161.839496933,1998542.4680125853,0.0,3.932,SGC,"Gutiérrez - Cundinamarca, Colombia",1995-09-28T04:44:36+00:00,4.0,ML,convertida
4.834,-74.783,4802345.205932267,2092409.9028885935,53.0,3.2614,SGC,"Beltrán - Cundinamarca, Colombia",1995-10-08T23:09:15+00:00,3.3,ML,convertida
2.398,-75.432,4729641.430526297,1823236.2590307335,4.0,3.1656,SGC,"Gigante - Huila, Colombia",1995-10-18T16:40:54+00:00,3.2,ML,convertida
3.985,-76.646,4595155.287277748,1999238.7259728329,92.0,3.453,SGC,"Darién - Valle Del Cauca, Colombia",1995-10-21T19:57:13+00:00,3.5,ML,convertida
3.038,-77.547,4494409.703097129,1894773.54298663,5.0,3.0698,SGC,"Timbiquí - Cauca, Colombia",1995-11-06T10:15:00+00:00,3.1,ML,convertida
4.183,-76.526,4608593.12029493,2021099.2724690773,90.0,3.453,SGC,"Trujillo - Valle Del Cauca, Colombia",1995-11-09T10:22:10+00:00,3.5,ML,convertida
2.302,-75.361,4737520.9043358285,1812606.570300332,4.0,3.1656,SGC,"Gigante - Huila, Colombia",1995-11-27T02:46:10+00:00,3.2,ML,convertida
1.533,-76.139,4650796.136399054,1727680.7979125837,3.0,3.1656,SGC,"Palestina - Huila, Colombia",1995-12-06T12:10:20+00:00,3.2,ML,convertida
4.89,-76.288,4635398.046389763,2099230.8489695275,0.0,3.453,SGC,"San José Del Palmar - Chocó, Colombia",1995-12-09T06:27:51+00:00,3.5,ML,convertida
4.055,-76.741,4584627.426521537,2007036.9685022987,94.0,3.0698,SGC,"Darién - Valle Del Cauca, Colombia",1995-12-11T22:18:58+00:00,3.1,ML,convertida
3.697,-74.989,4779175.702963391,1966768.5043457523,4.0,3.2614,SGC,"Prado - Tolima, Colombia",1995-12-13T08:48:08+00:00,3.3,ML,convertida
5.144,-75.06,4771733.28171762,2126771.9194840416,4.0,3.932,SGC,"Fresno - Tolima, Colombia",1995-12-16T08:02:19+00:00,4.0,ML,convertida
1.932,-76.067,4658885.215065549,1771816.961634965,2.0,3.6446,SGC,"Saladoblanco - Huila, Colombia",1995-12-19T12:46:55+00:00,3.7,ML,convertida
4.494,-74.905,4788714.42564999,2054858.2978115373,42.0,3.1656,SGC,"Piedras - Tolima, Colombia",1995-12-22T08:55:35+00:00,3.2,ML,convertida
3.172,-74.929,4785722.51492352,1908713.7844294256,0.0,3.0698,SGC,"Baraya - Huila, Colombia",1995-12-22T09:28:03+00:00,3.1,ML,convertida
4.019,-74.169,4870280.274202099,2002192.091887565,0.0,4.1236,SGC,"Gutiérrez - Cundinamarca, Colombia",1995-12-30T07:08:47+00:00,4.2,ML,convertida
2.752,-75.072,4769744.261768354,1862308.8084559247,8.0,3.1656,SGC,"Rivera - Huila, Colombia",1995-12-31T12:32:48+00:00,3.2,ML,convertida
4.108,-77.088,4546066.5195734585,2013094.6393256155,70.0,3.453,SGC,"Buenaventura - Valle Del Cauca, Colombia",1996-01-10T16:13:55+00:00,3.5,ML,convertida
4.185,-76.653,4594477.679453806,2021385.298795301,100.0,3.0698,SGC,"Darién - Valle Del Cauca, Colombia",1996-01-16T11:47:53+00:00,3.1,ML,convertida
4.952,-75.916,4676716.227868203,2105899.546336448,94.0,3.0698,SGC,"Balboa - Risaralda, Colombia",1996-01-17T06:53:16+00:00,3.1,ML,convertida
4.422,-75.964,4671141.910726583,2047283.827084733,169.0,3.0698,SGC,"Zarzal - Valle Del Cauca, Colombia",1996-01-18T16:42:26+00:00,3.1,ML,convertida
2.114,-75.549,4716571.411050758,1791850.2933814037,4.0,3.0698,SGC,"Garzón - Huila, Colombia",1996-02-10T05:14:56+00:00,3.1,ML,convertida
4.698,-74.664,4815504.500124382,2077343.036446072,10.0,3.5488,SGC,"Pulí - Cundinamarca, Colombia",1996-02-15T13:22:41+00:00,3.6,ML,convertida
3.518,-74.65,4816788.0189628815,1946905.4459899927,3.0,3.5488,SGC,"Colombia - Huila, Colombia",1996-02-18T01:13:19+00:00,3.6,ML,convertida
3.296,-74.833,4796414.887141694,1922402.094337558,3.0,3.5488,SGC,"Colombia - Huila, Colombia",1996-02-29T16:40:05+00:00,3.6,ML,convertida
4.706,-74.686,4813066.695587828,2078233.206739182,13.0,3.2614,SGC,"Pulí - Cundinamarca, Colombia",1996-03-02T01:59:14+00:00,3.3,ML,convertida
2.902,-75.874,4680596.764354213,1879087.94829618,21.0,3.1656,SGC,"Belalcázar - Cauca, Colombia",1996-03-02T07:53:50+00:00,3.2,ML,convertida
4.743,-74.74,4807087.941575805,2082338.0280366405,1.0,3.0698,SGC,"Ambalema - Tolima, Colombia",1996-03-09T19:05:51+00:00,3.1,ML,convertida
4.744,-76.2,4645090.608070454,2083026.5757133,100.0,3.0698,SGC,"El Cairo - Valle Del Cauca, Colombia",1996-03-13T11:29:16+00:00,3.1,ML,convertida
2.33,-75.345,4739305.794467067,1815699.888252036,15.0,4.1236,SGC,"Algeciras - Huila, Colombia",1996-03-26T00:54:46+00:00,4.2,ML,convertida
3.861,-76.389,4623670.938085595,1985391.8484106043,106.0,3.5488,SGC,"Yotoco - Valle Del Cauca, Colombia",1996-04-07T20:47:29+00:00,3.6,ML,convertida
3.701,-77.208,4532492.173273698,1968072.9306093368,32.0,3.0698,SGC,"Buenaventura - Valle Del Cauca, Colombia",1996-04-11T09:42:41+00:00,3.1,ML,convertida
4.827,-76.218,4643135.2468650015,2092221.184402726,120.0,3.1656,SGC,"El Cairo - Valle Del Cauca, Colombia",1996-04-16T22:04:01+00:00,3.2,ML,convertida
4.991,-75.957,4672186.08081587,2110234.6604619483,119.0,3.6446,SGC,"Balboa - Risaralda, Colombia",1996-04-21T18:46:46+00:00,3.7,ML,convertida
3.492,-76.896,4567111.9779176405,1944768.29437215,0.0,3.5488,SGC,"Dagua - Valle Del Cauca, Colombia",1996-05-06T03:33:47+00:00,3.6,ML,convertida
4.45,-74.375,4847501.574351451,2049863.3269296908,24.0,3.2614,SGC,"Granada - Cundinamarca, Colombia",1996-05-06T17:05:50+00:00,3.3,ML,convertida
3.6,-76.241,4640016.976246498,1956443.537792542,156.0,3.2614,SGC,"Palmira - Valle Del Cauca, Colombia",1996-05-12T03:27:23+00:00,3.3,ML,convertida
3.764,-75.817,4687209.448873318,1974429.236317892,0.0,3.6446,SGC,"Rioblanco - Tolima, Colombia",1996-05-13T04:09:25+00:00,3.7,ML,convertida
4.713,-74.679,4813844.895923196,2079005.11884512,2.0,3.3572,SGC,"Pulí - Cundinamarca, Colombia",1996-05-28T04:55:50+00:00,3.4,ML,convertida
4.098,-74.173,4869848.998981613,2010923.3698891236,0.0,3.0698,SGC,"Gutiérrez - Cundinamarca, Colombia",1996-05-30T13:46:48+00:00,3.1,ML,convertida
3.626,-74.43,4841240.307127953,1958801.7844338464,8.0,3.453,SGC,"Villarrica - Tolima, Colombia",1996-06-01T04:11:59+00:00,3.5,ML,convertida
3.68,-77.181,4535486.261997801,1965732.2240584667,4.0,3.1656,SGC,"Buenaventura - Valle Del Cauca, Colombia",1996-06-04T20:26:02+00:00,3.2,ML,convertida
4.681,-75.563,4715766.779862541,2075764.244611494,152.0,3.0698,SGC,"Salento - Quindío, Colombia",1996-06-06T03:21:56+00:00,3.1,ML,convertida
3.901,-75.881,4680148.163072371,1989608.8212855293,109.0,3.0698,SGC,"Roncesvalles - Tolima, Colombia",1996-06-22T10:57:28+00:00,3.1,ML,convertida
3.206,-75.24,4751167.747843239,1912542.9038956456,4.0,3.3572,SGC,"Aipe - Huila, Colombia",1996-06-25T01:40:23+00:00,3.4,ML,convertida
2.53,-75.679,4702193.346952907,1837887.9755772103,4.0,3.3572,SGC,"Tesalia - Huila, Colombia",1996-07-07T15:29:24+00:00,3.4,ML,convertida
3.54,-74.329,4852441.708970072,1949279.9969141164,0.0,3.6446,SGC,"Uribe - Meta, Colombia",1996-07-21T12:38:04+00:00,3.7,ML,convertida
2.318,-75.607,4710157.573626603,1814423.8964818828,4.0,3.0698,SGC,"Gigante - Huila, Colombia",1996-07-22T00:57:16+00:00,3.1,ML,convertida
2.811,-73.924,4897341.460436076,1868668.2606414207,16.0,3.0698,SGC,"Vistahermosa - Meta, Colombia",1996-07-25T03:57:01+00:00,3.1,ML,convertida
4.056,-77.143,4539919.035810452,2007365.618468771,4.0,3.8362,SGC,"Buenaventura - Valle Del Cauca, Colombia",1996-07-31T03:27:23+00:00,3.9,ML,convertida
2.96,-74.842,4795349.761404423,1885260.385898807,7.0,3.2614,SGC,"Baraya - Huila, Colombia",1996-07-31T10:31:43+00:00,3.3,ML,convertida
3.479,-74.893,4789788.012193577,1942645.2122631848,10.0,3.453,SGC,"Dolores - Tolima, Colombia",1996-08-18T00:52:17+00:00,3.5,ML,convertida
2.683,-75.14,4762170.623267184,1854693.1307391084,0.0,3.7404,SGC,"Rivera - Huila, Colombia",1996-08-19T22:29:31+00:00,3.8,ML,convertida
3.979,-76.419,4620389.02446395,1998466.330686832,104.0,3.2614,SGC,"Darién - Valle Del Cauca, Colombia",1996-08-26T02:37:42+00:00,3.3,ML,convertida
3.537,-74.047,4883755.623406582,1948908.3750379907,2.0,3.1656,SGC,"Lejanías - Meta, Colombia",1996-09-13T05:44:23+00:00,3.2,ML,convertida
4.288,-76.448,4617313.844684507,2032683.3362664669,130.0,3.3572,SGC,"Trujillo - Valle Del Cauca, Colombia",1996-09-17T05:06:04+00:00,3.4,ML,convertida
3.443,-74.164,4870751.019297415,1938535.6463232185,4.0,3.3572,SGC,"Mesetas - Meta, Colombia",1996-10-09T22:50:50+00:00,3.4,ML,convertida
4.13,-76.638,4596117.008197066,2015288.2818736783,76.0,3.3572,SGC,"Darién - Valle Del Cauca, Colombia",1996-10-24T08:51:37+00:00,3.4,ML,convertida
3.263,-77.042,4550757.737910091,1919471.7541094865,106.0,3.1656,SGC,"Suárez - Cauca, Colombia",1996-11-12T18:15:24+00:00,3.2,ML,convertida
1.781,-76.123,4652621.159432352,1755119.863668718,0.0,3.1656,SGC,"Palestina - Huila, Colombia",1996-11-14T21:52:57+00:00,3.2,ML,convertida
4.501,-76.278,4636306.284157881,2056173.581605612,109.0,4.89,SGC,"El Dovio - Valle Del Cauca, Colombia",1996-11-17T13:44:15+00:00,5.0,ML,convertida
4.226,-76.722,4586828.947415124,2025961.0746149912,98.0,3.2614,SGC,"Darién - Valle Del Cauca, Colombia",1996-11-20T10:23:44+00:00,3.3,ML,convertida
4.011,-76.317,4631741.190811788,2001961.6630788187,138.0,3.3572,SGC,"San Pedro - Valle Del Cauca, Colombia",1996-11-22T13:52:55+00:00,3.4,ML,convertida
2.397,-75.635,4707058.924353731,1823167.4616147052,38.0,3.0698,SGC,"Gigante - Huila, Colombia",1996-11-29T12:38:56+00:00,3.1,ML,convertida
3.577,-74.256,4860553.766742909,1953357.8184388904,0.0,4.027799999999999,SGC,"Lejanías - Meta, Colombia",1996-12-23T01:21:23+00:00,4.1,ML,convertida
2.871,-74.894,4789553.819504321,1875431.2428966549,20.0,3.1656,SGC,"Tello - Huila, Colombia",1996-12-23T14:00:55+00:00,3.2,ML,convertida
3.475,-74.607,4821555.76995663,1942144.178695279,4.0,3.6446,SGC,"Colombia - Huila, Colombia",1997-01-02T08:48:01+00:00,3.7,ML,convertida
4.769,-74.876,4792012.405515497,2085251.756316129,8.0,3.0698,SGC,"Venadillo - Tolima, Colombia",1997-01-14T19:10:20+00:00,3.1,ML,convertida
4.86,-76.213,4643707.617160197,2095870.550233428,105.0,3.2614,SGC,"San José Del Palmar - Chocó, Colombia",1997-01-15T19:36:29+00:00,3.3,ML,convertida
3.888,-74.265,4859603.796831945,1987730.104135336,4.0,3.0698,SGC,"Cabrera - Cundinamarca, Colombia",1997-01-23T20:34:12+00:00,3.1,ML,convertida
3.994,-74.165,4870720.275268898,1999428.607914209,6.0,3.2614,SGC,"Gutiérrez - Cundinamarca, Colombia",1997-01-24T00:01:04+00:00,3.3,ML,convertida
4.029,-76.587,4601736.485109136,2004081.0394292867,116.0,3.0698,SGC,"Darién - Valle Del Cauca, Colombia",1997-02-11T09:58:08+00:00,3.1,ML,convertida
1.864,-76.024,4663659.050031051,1764284.7328113243,2.0,3.2614,SGC,"Pitalito - Huila, Colombia",1997-02-15T18:12:24+00:00,3.3,ML,convertida
4.601,-76.48,4613921.182902776,2067347.123731384,115.0,4.027799999999999,SGC,"Sipí - Chocó, Colombia",1997-02-17T19:54:41+00:00,4.1,ML,convertida
4.594,-76.533,4608030.052254623,2066601.1485006453,116.0,5.6564,SGC,"Sipí - Chocó, Colombia",1997-02-19T13:25:14+00:00,5.8,ML,convertida
4.995,-75.115,4765582.311250006,2110317.045822612,54.0,3.0698,SGC,"Villahermosa - Tolima, Colombia",1997-02-20T03:21:30+00:00,3.1,ML,convertida
4.489,-75.853,4683496.47368563,2054647.678100396,132.0,3.0698,SGC,"La Tebaida - Quindío, Colombia",1997-03-01T04:25:06+00:00,3.1,ML,convertida
3.586,-77.151,4538777.258506897,1955303.24832208,84.0,3.8362,SGC,"Buenaventura - Valle Del Cauca, Colombia",1997-03-20T16:35:22+00:00,3.9,ML,convertida
3.199,-77.183,4535029.840986969,1912445.7918848663,101.0,3.1656,SGC,"López - Cauca, Colombia",1997-03-20T18:47:55+00:00,3.2,ML,convertida
4.805,-76.316,4632243.673095066,2089838.5376411816,103.0,3.0698,SGC,"El Cairo - Valle Del Cauca, Colombia",1997-04-15T08:17:18+00:00,3.1,ML,convertida
4.702,-74.723,4808962.057127273,2077801.0536315264,0.0,3.453,SGC,"Pulí - Cundinamarca, Colombia",1997-04-17T07:31:59+00:00,3.5,ML,convertida
4.059,-76.396,4622982.534017904,2007310.568636516,171.0,3.3572,SGC,"Riofrío - Valle Del Cauca, Colombia",1997-04-17T11:32:24+00:00,3.4,ML,convertida
3.604,-74.467,4837127.727146148,1956376.7740594065,1.0,3.5488,SGC,"Villarrica - Tolima, Colombia",1997-04-17T17:49:20+00:00,3.6,ML,convertida
2.852,-74.876,4791551.121119628,1873327.5339989683,18.0,3.1656,SGC,"Tello - Huila, Colombia",1997-05-03T03:34:15+00:00,3.2,ML,convertida
3.657,-77.286,4523786.926066531,1963239.3585803688,90.0,3.0698,SGC,"Buenaventura - Valle Del Cauca, Colombia",1997-05-21T10:34:51+00:00,3.1,ML,convertida
4.479,-74.758,4805019.67279406,2053159.2692483764,18.0,3.453,SGC,"Guataquí - Cundinamarca, Colombia",1997-06-05T23:53:51+00:00,3.5,ML,convertida
4.394,-76.3,4633809.758261147,2044342.3745668912,4.0,4.411,SGC,"Bolívar - Valle Del Cauca, Colombia",1997-06-18T17:35:17+00:00,4.5,ML,convertida
2.415,-76.134,4651537.000692776,1825276.2463897148,4.0,3.2614,SGC,"Inzá - Cauca, Colombia",1997-07-05T16:55:33+00:00,3.3,ML,convertida
2.582,-75.081,4768711.897267956,1843515.1277786568,4.0,3.2614,SGC,"Algeciras - Huila, Colombia",1997-07-10T13:04:38+00:00,3.3,ML,convertida
4.629,-76.787,4579831.087608966,2070621.395327988,53.0,4.1236,SGC,"Sipí - Chocó, Colombia",1997-07-14T22:23:59+00:00,4.2,ML,convertida
3.472,-74.005,4888411.507064329,1941720.27077516,2.0,3.3572,SGC,"Lejanías - Meta, Colombia",1997-07-15T02:19:42+00:00,3.4,ML,convertida
3.52,-73.994,4889638.608785717,1947023.2950182057,16.0,4.1236,SGC,"Lejanías - Meta, Colombia",1997-07-15T05:41:53+00:00,4.2,ML,convertida
3.822,-74.107,4877132.305638012,1980411.7318495985,0.0,4.985799999999999,SGC,"Cubarral - Meta, Colombia",1997-07-17T07:45:36+00:00,5.1,ML,convertida
3.847,-74.061,4882241.935683081,1983168.033643672,0.0,3.8362,SGC,"Cubarral - Meta, Colombia",1997-07-17T08:26:56+00:00,3.9,ML,convertida
3.737,-77.237,4529283.593243706,1972076.8530266464,78.0,3.0698,SGC,"Buenaventura - Valle Del Cauca, Colombia",1997-07-26T14:02:56+00:00,3.1,ML,convertida
3.977,-75.519,4720390.911902247,1997885.2071962531,4.0,3.0698,SGC,"San Antonio - Tolima, Colombia",1997-07-31T19:58:36+00:00,3.1,ML,convertida
3.853,-76.78,4580189.0140442,1984689.4018843048,126.0,3.453,SGC,"Dagua - Valle Del Cauca, Colombia",1997-08-01T08:32:42+00:00,3.5,ML,convertida
3.124,-74.778,4802492.493729097,1903377.7027604256,2.0,4.1236,SGC,"Colombia - Huila, Colombia",1997-08-01T18:40:33+00:00,4.2,ML,convertida
3.71,-76.879,4569106.574358569,1968902.5657893475,72.0,3.932,SGC,"Dagua - Valle Del Cauca, Colombia",1997-08-07T08:12:37+00:00,4.0,ML,convertida
4.168,-73.88,4902370.5451856805,2018617.0579797823,4.0,3.0698,SGC,"Guayabetal - Cundinamarca, Colombia",1997-08-19T06:32:38+00:00,3.1,ML,convertida
4.469,-76.242,4640289.059793118,2052614.308893572,10.0,3.0698,SGC,"El Dovio - Valle Del Cauca, Colombia",1997-09-14T10:20:16+00:00,3.1,ML,convertida
3.359,-74.388,4845860.547010516,1929285.064540357,4.0,3.5488,SGC,"Uribe - Meta, Colombia",1997-09-19T14:03:39+00:00,3.6,ML,convertida
4.698,-76.175,4647842.928997263,2077923.3388271995,101.0,3.3572,SGC,"Argelia - Valle Del Cauca, Colombia",1997-09-29T07:37:47+00:00,3.4,ML,convertida
2.972,-74.43,4841136.468991642,1886519.1369478188,4.0,4.219399999999999,SGC,"Uribe - Meta, Colombia",1997-10-10T20:02:58+00:00,4.3,ML,convertida
4.901,-76.375,4625745.919927744,2100496.3031168496,94.0,3.1656,SGC,"San José Del Palmar - Chocó, Colombia",1997-10-14T06:20:36+00:00,3.2,ML,convertida
2.652,-75.02,4775506.929468038,1851243.1784590937,5.0,3.6446,SGC,"Rivera - Huila, Colombia",1997-10-19T07:58:06+00:00,3.7,ML,convertida
4.974,-76.32,4631892.051362214,2108545.3044852256,104.0,4.3152,SGC,"San José Del Palmar - Chocó, Colombia",1997-10-20T05:55:20+00:00,4.4,ML,convertida
4.198,-75.915,4676488.37008717,2022480.1397360547,178.0,4.219399999999999,SGC,"Sevilla - Valle Del Cauca, Colombia",1997-10-28T14:31:10+00:00,4.3,ML,convertida
3.36,-74.495,4833975.607523235,1929413.115550578,12.0,3.1656,SGC,"Uribe - Meta, Colombia",1997-11-05T15:47:15+00:00,3.2,ML,convertida
3.969,-76.307,4632833.949859813,1997308.8168410824,154.0,3.1656,SGC,"Guadalajara De Buga - Valle Del Cauca, Colombia",1997-11-14T02:50:22+00:00,3.2,ML,convertida
3.269,-76.503,4610746.943380119,1919910.782808525,95.0,4.506799999999999,SGC,"Jamundí - Valle Del Cauca, Colombia",1997-11-19T05:34:18+00:00,4.6,ML,convertida
2.961,-74.077,4880356.632486562,1885259.04841224,0.0,3.0698,SGC,"Vistahermosa - Meta, Colombia",1997-11-22T09:00:43+00:00,3.1,ML,convertida
4.573,-74.999,4778308.772981576,2063620.361935045,74.0,3.2614,SGC,"Alvarado - Tolima, Colombia",1997-11-22T10:50:07+00:00,3.3,ML,convertida
1.906,-75.946,4672350.16613709,1768916.6281683743,2.0,3.5488,SGC,"Timaná - Huila, Colombia",1997-11-28T13:22:35+00:00,3.6,ML,convertida
4.083,-77.261,4526807.1437346535,2010425.3498859787,88.0,3.0698,SGC,"Santa Genoveva De Docordó - Chocó, Colombia",1997-12-06T17:55:34+00:00,3.1,ML,convertida
4.747,-76.177,4647645.651841631,2083346.797734322,98.0,4.6984,SGC,"El Cairo - Valle Del Cauca, Colombia",1997-12-10T15:12:16+00:00,4.8,ML,convertida
4.342,-76.355,4627673.999093019,2038614.179698547,135.0,3.6446,SGC,"Trujillo - Valle Del Cauca, Colombia",1997-12-11T12:27:51+00:00,3.7,ML,convertida
2.515,-75.629,4707752.11406866,1836217.5236155072,4.0,3.0698,SGC,"Tesalia - Huila, Colombia",1997-12-28T08:09:00+00:00,3.1,ML,convertida
2.913,-75.259,4748987.813782016,1880149.068715344,4.0,3.5488,SGC,"Neiva - Huila, Colombia",1998-01-05T23:29:22+00:00,3.6,ML,convertida
4.936,-74.559,4827209.418148386,2103623.355948904,40.0,4.219399999999999,SGC,"Chaguaní - Cundinamarca, Colombia",1998-02-02T09:21:27+00:00,4.3,ML,convertida
4.966,-74.567,4826330.354487262,2106941.490471315,4.0,3.453,SGC,"Chaguaní - Cundinamarca, Colombia",1998-02-03T04:58:51+00:00,3.5,ML,convertida
4.151,-76.682,4591236.357288949,2017635.9214713944,86.0,3.453,SGC,"Darién - Valle Del Cauca, Colombia",1998-02-03T05:25:41+00:00,3.5,ML,convertida
3.73,-74.281,4857801.801846673,1970270.8928089645,0.0,3.0698,SGC,"Cabrera - Cundinamarca, Colombia",1998-02-09T01:31:05+00:00,3.1,ML,convertida
4.379,-73.579,4935783.240681372,2041901.145258783,16.0,3.1656,SGC,"Restrepo - Meta, Colombia",1998-02-09T16:47:14+00:00,3.2,ML,convertida
1.874,-75.992,4667223.370130869,1765385.0287622495,1.0,3.3572,SGC,"Pitalito - Huila, Colombia",1998-02-09T23:41:17+00:00,3.4,ML,convertida
4.757,-76.266,4637769.600123872,2084499.5441797304,90.0,3.3572,SGC,"El Cairo - Valle Del Cauca, Colombia",1998-02-14T05:08:00+00:00,3.4,ML,convertida
3.717,-77.281,4524375.50845403,1969884.6423940184,31.0,3.5488,SGC,"Buenaventura - Valle Del Cauca, Colombia",1998-02-18T20:30:44+00:00,3.6,ML,convertida
4.987,-76.272,4637227.020211086,2109957.4507608493,94.0,3.5488,SGC,"San José Del Palmar - Chocó, Colombia",1998-02-21T19:52:32+00:00,3.6,ML,convertida
4.176,-76.596,4600809.079924574,2020359.6295954648,74.0,3.3572,SGC,"Darién - Valle Del Cauca, Colombia",1998-03-25T22:05:48+00:00,3.4,ML,convertida
4.795,-76.567,4604366.611577208,2088871.876537031,5.0,3.1656,SGC,"Sipí - Chocó, Colombia",1998-04-14T22:40:12+00:00,3.2,ML,convertida
3.922,-76.597,4600573.10620813,1992240.122628417,86.0,3.2614,SGC,"Darién - Valle Del Cauca, Colombia",1998-04-17T06:01:09+00:00,3.3,ML,convertida
3.232,-74.404,4844063.5933154505,1915251.2234129815,14.0,4.027799999999999,SGC,"Uribe - Meta, Colombia",1998-04-21T19:57:32+00:00,4.1,ML,convertida
2.731,-74.902,4788639.480646126,1859955.790211992,0.0,3.2614,SGC,"Rivera - Huila, Colombia",1998-04-25T16:45:02+00:00,3.3,ML,convertida
3.996,-74.062,4882151.810395337,1999634.152444793,0.0,3.5488,SGC,"Gutiérrez - Cundinamarca, Colombia",1998-05-07T19:07:56+00:00,3.6,ML,convertida
3.131,-75.159,4760152.762656318,1904230.9864348425,0.0,3.453,SGC,"Tello - Huila, Colombia",1998-05-07T21:06:28+00:00,3.5,ML,convertida
4.839,-76.315,4632373.022213492,2093601.032630334,103.0,3.0698,SGC,"San José Del Palmar - Chocó, Colombia",1998-06-02T09:12:18+00:00,3.1,ML,convertida
4.784,-76.253,4639227.090929073,2087480.8314953048,76.0,3.2614,SGC,"El Cairo - Valle Del Cauca, Colombia",1998-06-05T09:07:48+00:00,3.3,ML,convertida
3.673,-77.175,4536150.419562362,1964953.605601788,4.0,3.1656,SGC,"Buenaventura - Valle Del Cauca, Colombia",1998-06-12T12:09:16+00:00,3.2,ML,convertida
2.446,-75.374,4736102.175295304,1828532.9154772663,11.0,3.6446,SGC,"Algeciras - Huila, Colombia",1998-06-12T20:09:33+00:00,3.7,ML,convertida
2.447,-76.487,4612250.607930246,1828914.2151315573,4.0,3.0698,SGC,"Totoró - Cauca, Colombia",1998-06-20T21:14:52+00:00,3.1,ML,convertida
2.758,-76.85,4571932.620117392,1863464.597608328,136.0,4.7942,SGC,"Morales - Cauca, Colombia",1998-06-22T02:03:13+00:00,4.9,ML,convertida
3.66,-74.259,4860233.364293555,1962531.175856365,0.0,3.0698,SGC,"Lejanías - Meta, Colombia",1998-06-23T09:11:57+00:00,3.1,ML,convertida
3.66,-74.044,4884104.285533491,1962500.5467568943,0.0,3.6446,SGC,"Lejanías - Meta, Colombia",1998-06-27T04:07:19+00:00,3.7,ML,convertida
1.874,-75.901,4677353.417075538,1765367.977527424,0.0,3.2614,SGC,"Acevedo - Huila, Colombia",1998-07-07T03:37:24+00:00,3.3,ML,convertida
4.446,-75.996,4667599.026113549,2049953.519719943,160.0,4.027799999999999,SGC,"La Victoria - Valle Del Cauca, Colombia",1998-07-18T05:53:03+00:00,4.1,ML,convertida
3.336,-74.549,4827973.114854627,1926769.7368676253,2.0,3.0698,SGC,"Uribe - Meta, Colombia",1998-08-15T09:19:35+00:00,3.1,ML,convertida
1.928,-75.871,4680702.750568204,1771336.3042565591,0.0,3.453,SGC,"Timaná - Huila, Colombia",1998-08-27T01:58:17+00:00,3.5,ML,convertida
3.663,-75.691,4701176.5867580185,1963213.1860613143,5.0,3.8362,SGC,"Rioblanco - Tolima, Colombia",1998-09-19T12:19:38+00:00,3.9,ML,convertida
4.96,-76.07,4659631.231722271,2106861.889131564,124.0,3.2614,SGC,"El Águila - Valle Del Cauca, Colombia",1998-09-30T21:22:50+00:00,3.3,ML,convertida
3.557,-73.816,4909406.588690287,1951092.672107617,0.0,3.0698,SGC,"El Castillo - Meta, Colombia",1998-10-08T12:39:11+00:00,3.1,ML,convertida
4.398,-76.496,4612036.218034249,2044884.224886801,118.0,3.1656,SGC,"Trujillo - Valle Del Cauca, Colombia",1998-10-20T23:51:59+00:00,3.2,ML,convertida
2.177,-75.65,4705345.193902637,1798837.300312552,131.0,3.5488,SGC,"Garzón - Huila, Colombia",1998-10-25T02:40:13+00:00,3.6,ML,convertida
2.355,-75.347,4739087.960396178,1818464.7774135768,10.0,3.0698,SGC,"Algeciras - Huila, Colombia",1998-10-31T04:02:16+00:00,3.1,ML,convertida
3.656,-74.296,4856124.518294467,1962094.949871079,2.0,3.3572,SGC,"Lejanías - Meta, Colombia",1998-12-13T04:40:02+00:00,3.4,ML,convertida
5.191,-74.827,4797575.950611908,2131889.211479195,4.0,3.453,SGC,"San Sebastián De Mariquita - Tolima, Colombia",1998-12-19T09:03:33+00:00,3.5,ML,convertida
4.04,-76.743,4584397.376676434,2005377.0956821567,117.0,3.1656,SGC,"Darién - Valle Del Cauca, Colombia",1999-01-11T00:47:59+00:00,3.2,ML,convertida
3.938,-75.312,4743368.900218169,1993505.2914042731,4.0,3.3572,SGC,"Ortega - Tolima, Colombia",1999-01-23T15:21:10+00:00,3.4,ML,convertida
4.432,-75.703,4700126.513135388,2048279.3806264903,0.0,5.943799999999999,SGC,"Córdoba - Quindío, Colombia",1999-01-25T13:19:18+00:00,6.1,ML,convertida
4.523,-75.7,4700496.640517949,2058344.1033984935,6.0,4.219399999999999,SGC,"Armenia - Quindío, Colombia",1999-01-25T14:08:49+00:00,4.3,ML,convertida
4.504,-75.688,4701820.975475222,2056237.5001727133,0.0,3.6446,SGC,"Armenia - Quindío, Colombia",1999-01-25T16:23:06+00:00,3.7,ML,convertida
4.408,-75.732,4696897.046868335,2045636.3709007488,4.0,5.464799999999999,SGC,"Córdoba - Quindío, Colombia",1999-01-25T17:40:18+00:00,5.6,ML,convertida
4.497,-75.745,4695490.305642737,2055486.7456568184,4.0,3.0698,SGC,"La Tebaida - Quindío, Colombia",1999-01-25T18:17:15+00:00,3.1,ML,convertida
4.393,-75.683,4702331.399877422,2043957.4023660368,4.0,3.8362,SGC,"Córdoba - Quindío, Colombia",1999-01-25T23:00:14+00:00,3.9,ML,convertida
4.435,-75.712,4699128.518350307,2048614.8792135664,4.0,3.1656,SGC,"Córdoba - Quindío, Colombia",1999-01-26T06:58:49+00:00,3.2,ML,convertida
4.354,-75.632,4707978.5339585,2039623.5446143996,4.0,3.0698,SGC,"Córdoba - Quindío, Colombia",1999-01-26T20:33:12+00:00,3.1,ML,convertida
4.472,-75.665,4704361.304890172,2052688.5567726989,4.0,3.5488,SGC,"Calarcá - Quindío, Colombia",1999-01-27T01:05:03+00:00,3.6,ML,convertida
4.508,-75.706,4699824.411570893,2056687.3532684853,5.0,3.453,SGC,"Armenia - Quindío, Colombia",1999-01-27T11:42:55+00:00,3.5,ML,convertida
4.5,-75.709,4699488.087909039,2055803.6665649267,0.0,3.7404,SGC,"Armenia - Quindío, Colombia",1999-01-29T01:06:57+00:00,3.8,ML,convertida
4.407,-75.732,4696896.641211401,2045525.7534531832,4.0,4.027799999999999,SGC,"Córdoba - Quindío, Colombia",1999-01-30T07:24:28+00:00,4.1,ML,convertida
4.495,-75.661,4704814.601149017,2055231.004029231,4.0,3.3572,SGC,"Calarcá - Quindío, Colombia",1999-01-31T05:03:31+00:00,3.4,ML,convertida
4.476,-75.698,4700699.438118708,2053144.3934462056,4.0,3.1656,SGC,"Armenia - Quindío, Colombia",1999-01-31T10:30:04+00:00,3.2,ML,convertida
3.718,-76.61,4599032.693402939,1969661.522592133,4.0,3.0698,SGC,"La Cumbre - Valle Del Cauca, Colombia",1999-01-31T11:07:08+00:00,3.1,ML,convertida
4.394,-75.598,4711768.749655033,2044034.6710845244,0.0,3.0698,SGC,"Córdoba - Quindío, Colombia",1999-02-02T13:42:36+00:00,3.1,ML,convertida
2.763,-76.078,4657863.125918966,1863767.5439004048,4.0,3.0698,SGC,"Belalcázar - Cauca, Colombia",1999-02-02T19:12:14+00:00,3.1,ML,convertida
4.384,-75.697,4700773.425665706,2042967.4684766096,4.0,3.0698,SGC,"Córdoba - Quindío, Colombia",1999-02-03T05:14:37+00:00,3.1,ML,convertida
4.558,-75.674,4703397.154361301,2062204.859043835,5.0,3.0698,SGC,"Armenia - Quindío, Colombia",1999-02-04T05:32:32+00:00,3.1,ML,convertida
4.525,-75.668,4704049.691031665,2058552.195006235,4.0,3.0698,SGC,"Armenia - Quindío, Colombia",1999-02-04T19:10:05+00:00,3.1,ML,convertida
4.47,-75.686,4702029.193303291,2052475.824509274,4.0,3.3572,SGC,"Calarcá - Quindío, Colombia",1999-02-05T18:45:17+00:00,3.4,ML,convertida
4.461,-75.694,4701137.417947904,2051483.5495773505,4.0,3.3572,SGC,"Córdoba - Quindío, Colombia",1999-02-06T08:48:41+00:00,3.4,ML,convertida
4.978,-75.581,4713893.936647097,2108621.264018266,122.0,3.453,SGC,"Chinchiná - Caldas, Colombia",1999-02-06T20:06:42+00:00,3.5,ML,convertida
4.506,-75.685,4702154.8220083695,2056457.49981874,3.0,3.2614,SGC,"Armenia - Quindío, Colombia",1999-02-07T03:23:50+00:00,3.3,ML,convertida
4.516,-75.71,4699383.6592331445,2057573.9295479264,4.0,3.2614,SGC,"Armenia - Quindío, Colombia",1999-02-11T05:10:10+00:00,3.3,ML,convertida
4.484,-75.707,4699703.560165213,2054032.996794671,8.0,3.453,SGC,"Armenia - Quindío, Colombia",1999-02-21T00:32:11+00:00,3.5,ML,convertida
4.699,-75.49,4723874.599231529,2077725.819461616,51.0,3.1656,SGC,"Salento - Quindío, Colombia",1999-02-22T05:47:15+00:00,3.2,ML,convertida
4.417,-75.694,4701119.692689813,2046616.5308392672,7.0,4.1236,SGC,"Córdoba - Quindío, Colombia",1999-02-25T10:38:39+00:00,4.2,ML,convertida
4.455,-75.637,4707462.9068705365,2050796.9813565477,4.0,3.5488,SGC,"Calarcá - Quindío, Colombia",1999-02-26T00:58:48+00:00,3.6,ML,convertida
1.819,-76.044,4661423.966709262,1759309.6004341145,1.0,3.5488,SGC,"Pitalito - Huila, Colombia",1999-02-27T12:14:20+00:00,3.6,ML,convertida
4.418,-75.749,4695013.624895115,2046749.5053708283,4.0,3.1656,SGC,"La Tebaida - Quindío, Colombia",1999-03-02T02:42:13+00:00,3.2,ML,convertida
2.856,-74.631,4818782.470939069,1873728.1885845545,6.0,3.2614,SGC,"Uribe - Meta, Colombia",1999-03-04T14:18:01+00:00,3.3,ML,convertida
4.419,-75.667,4704118.110784454,2046826.945439874,4.0,3.453,SGC,"Córdoba - Quindío, Colombia",1999-03-05T14:26:27+00:00,3.5,ML,convertida
4.506,-75.73,4697159.275450703,2056476.05988804,0.0,3.1656,SGC,"Armenia - Quindío, Colombia",1999-03-05T22:24:32+00:00,3.2,ML,convertida
5.143,-74.892,4790355.8835566975,2126603.756976958,4.0,3.1656,SGC,"San Sebastián De Mariquita - Tolima, Colombia",1999-03-08T10:18:46+00:00,3.2,ML,convertida
4.499,-75.666,4704261.1673181215,2055675.474439771,4.0,3.5488,SGC,"Calarcá - Quindío, Colombia",1999-03-11T08:07:24+00:00,3.6,ML,convertida
4.459,-75.708,4699582.346999113,2051268.0220884143,4.0,3.453,SGC,"Córdoba - Quindío, Colombia",1999-03-16T20:04:38+00:00,3.5,ML,convertida
3.257,-74.807,4799295.81013542,1918085.584434021,5.0,3.6446,SGC,"Colombia - Huila, Colombia",1999-03-18T15:33:22+00:00,3.7,ML,convertida
4.49,-75.654,4705589.658187397,2054675.1242734408,4.0,3.1656,SGC,"Calarcá - Quindío, Colombia",1999-03-22T22:56:58+00:00,3.2,ML,convertida
1.822,-76.002,4666100.397137788,1759633.6804810232,5.0,3.2614,SGC,"Pitalito - Huila, Colombia",1999-03-25T11:43:51+00:00,3.3,ML,convertida
2.692,-75.05,4772178.837215774,1855671.0284056808,4.0,3.0698,SGC,"Rivera - Huila, Colombia",1999-03-28T13:54:57+00:00,3.1,ML,convertida
1.947,-77.381,4512501.542841887,1773800.4071344484,115.0,3.2614,SGC,"Leiva - Nariño, Colombia",1999-03-28T15:19:56+00:00,3.3,ML,convertida
4.5,-75.662,4704705.607886226,2055784.4650906648,4.0,3.3572,SGC,"Calarcá - Quindío, Colombia",1999-03-30T13:43:12+00:00,3.4,ML,convertida
1.879,-76.011,4665109.1524893865,1765941.8579114084,0.0,3.453,SGC,"Pitalito - Huila, Colombia",1999-04-03T10:37:00+00:00,3.5,ML,convertida
4.425,-75.675,4703232.3258565245,2047493.8118921595,0.0,3.0698,SGC,"Córdoba - Quindío, Colombia",1999-04-06T13:40:05+00:00,3.1,ML,convertida
4.476,-75.685,4702142.63630431,2053139.0986484063,4.0,3.3572,SGC,"Calarcá - Quindío, Colombia",1999-04-08T09:09:34+00:00,3.4,ML,convertida
4.497,-75.684,4702262.169192945,2055461.571125341,4.0,3.453,SGC,"Armenia - Quindío, Colombia",1999-04-08T10:41:25+00:00,3.5,ML,convertida
5.08,-74.924,4786787.949997663,2119649.2979599047,19.0,3.0698,SGC,"Falan - Tolima, Colombia",1999-04-13T07:18:25+00:00,3.1,ML,convertida
4.646,-76.747,4584285.397518291,2072480.1592286816,62.0,3.1656,SGC,"Sipí - Chocó, Colombia",1999-04-18T14:47:54+00:00,3.2,ML,convertida
3.396,-76.672,4591994.977711905,1934039.0530753036,1.0,3.1656,SGC,"Santiago De Cali - Valle Del Cauca, Colombia",1999-05-14T21:01:55+00:00,3.2,ML,convertida
4.678,-74.729,4808290.057645394,2075149.6600217945,22.0,4.506799999999999,SGC,"Pulí - Cundinamarca, Colombia",1999-05-15T05:20:37+00:00,4.6,ML,convertida
4.789,-75.573,4714701.36501705,2087713.5497758908,40.0,3.0698,SGC,"Santa Rosa De Cabal - Risaralda, Colombia",1999-05-16T01:13:21+00:00,3.1,ML,convertida
4.288,-73.732,4918803.514707514,2031860.3673036988,0.0,4.89,SGC,"El Calvario - Meta, Colombia",1999-06-01T16:42:13+00:00,5.0,ML,convertida
4.297,-73.749,4916918.671401385,2032856.7026219363,0.0,4.506799999999999,SGC,"El Calvario - Meta, Colombia",1999-06-09T22:21:58+00:00,4.6,ML,convertida
4.705,-74.698,4811735.555012795,2078125.8906477648,3.0,3.7404,SGC,"Pulí - Cundinamarca, Colombia",1999-06-11T15:25:57+00:00,3.8,ML,convertida
4.522,-76.386,4624320.849801152,2058552.7733691204,123.0,3.2614,SGC,"El Dovio - Valle Del Cauca, Colombia",1999-06-24T18:19:46+00:00,3.3,ML,convertida
2.592,-75.656,4704766.164944862,1844740.3582355615,10.0,3.6446,SGC,"Íquira - Huila, Colombia",1999-06-26T23:40:47+00:00,3.7,ML,convertida
4.366,-75.613,4710092.6573399445,2040943.4890721072,3.0,3.6446,SGC,"Córdoba - Quindío, Colombia",1999-06-28T20:58:30+00:00,3.7,ML,convertida
4.121,-76.279,4636014.091953682,2014118.5556258936,124.0,3.0698,SGC,"Riofrío - Valle Del Cauca, Colombia",1999-06-29T08:38:18+00:00,3.1,ML,convertida
2.745,-75.004,4777302.760404797,1861521.9992807417,3.0,3.2614,SGC,"Rivera - Huila, Colombia",1999-07-01T22:07:07+00:00,3.3,ML,convertida
4.528,-76.253,4639096.377353189,2059149.2382112392,119.0,3.0698,SGC,"El Dovio - Valle Del Cauca, Colombia",1999-07-06T06:32:31+00:00,3.1,ML,convertida
3.777,-76.749,4583600.147854023,1976258.892991447,32.0,3.3572,SGC,"Dagua - Valle Del Cauca, Colombia",1999-07-09T22:38:03+00:00,3.4,ML,convertida
4.688,-74.696,4811952.811984468,2076246.1486171577,0.0,3.1656,SGC,"Pulí - Cundinamarca, Colombia",1999-07-11T03:46:34+00:00,3.2,ML,convertida
4.688,-74.698,4811730.99375982,2076246.6857309272,1.0,3.7404,SGC,"Pulí - Cundinamarca, Colombia",1999-07-15T19:15:25+00:00,3.8,ML,convertida
4.253,-76.433,4618963.346039309,2028801.70323038,130.0,5.1774,SGC,"Trujillo - Valle Del Cauca, Colombia",1999-07-19T11:13:17+00:00,5.3,ML,convertida
3.319,-74.154,4871845.276824676,1924830.798560072,0.0,3.3572,SGC,"Mesetas - Meta, Colombia",1999-07-20T01:46:44+00:00,3.4,ML,convertida
3.901,-75.71,4699147.351230561,1989545.704911172,4.0,3.8362,SGC,"Roncesvalles - Tolima, Colombia",1999-07-22T14:59:50+00:00,3.9,ML,convertida
4.212,-76.346,4628611.181710656,2024221.370516476,124.0,3.1656,SGC,"Trujillo - Valle Del Cauca, Colombia",1999-07-26T06:42:50+00:00,3.2,ML,convertida
2.006,-75.772,4691736.129840261,1779946.1688839912,2.0,4.1236,SGC,"Guadalupe - Huila, Colombia",1999-07-28T15:05:04+00:00,4.2,ML,convertida
2.462,-75.452,4727429.58042969,1830317.949169289,126.0,3.3572,SGC,"Hobo - Huila, Colombia",1999-08-21T07:16:12+00:00,3.4,ML,convertida
3.689,-74.318,4853687.135775701,1965745.649327295,0.0,3.1656,SGC,"Lejanías - Meta, Colombia",1999-08-23T13:27:19+00:00,3.2,ML,convertida
4.791,-76.265,4637898.49439716,2088261.8616861328,102.0,3.1656,SGC,"El Cairo - Valle Del Cauca, Colombia",1999-08-24T00:58:02+00:00,3.2,ML,convertida
4.963,-74.658,4816241.334068091,2106634.4541410776,12.0,3.932,SGC,"Chaguaní - Cundinamarca, Colombia",1999-08-25T12:03:53+00:00,4.0,ML,convertida
4.293,-76.44,4618205.301182076,2033232.788848861,132.0,3.1656,SGC,"Trujillo - Valle Del Cauca, Colombia",1999-08-29T04:21:42+00:00,3.2,ML,convertida
4.705,-74.718,4809517.413987734,2078131.3160811528,7.0,3.0698,SGC,"Pulí - Cundinamarca, Colombia",1999-09-04T02:56:42+00:00,3.1,ML,convertida
4.369,-76.486,4613132.373125761,2041668.840259856,96.0,3.0698,SGC,"Trujillo - Valle Del Cauca, Colombia",1999-09-07T08:44:35+00:00,3.1,ML,convertida
4.11,-76.316,4631897.290261762,2012918.142670217,148.0,3.0698,SGC,"Riofrío - Valle Del Cauca, Colombia",1999-09-07T13:51:53+00:00,3.1,ML,convertida
4.426,-75.966,4670921.580688776,2047727.2734633144,142.0,4.027799999999999,SGC,"Zarzal - Valle Del Cauca, Colombia",1999-09-25T09:03:26+00:00,4.1,ML,convertida
4.787,-76.333,4630346.50338766,2087855.492446091,56.0,3.1656,SGC,"El Cairo - Valle Del Cauca, Colombia",1999-09-26T05:36:59+00:00,3.2,ML,convertida
4.427,-76.357,4627493.982540811,2048023.074021272,80.0,4.1236,SGC,"El Dovio - Valle Del Cauca, Colombia",1999-09-26T16:15:25+00:00,4.2,ML,convertida
4.313,-75.727,4697414.134324646,2035125.732858158,4.0,4.1236,SGC,"Pijao - Quindío, Colombia",1999-10-13T08:10:56+00:00,4.2,ML,convertida
4.326,-73.748,4917032.746009124,2036061.1363751304,4.0,3.0698,SGC,"El Calvario - Meta, Colombia",1999-10-19T10:17:33+00:00,3.1,ML,convertida
4.7,-76.211,4643846.851176443,2078162.93395351,95.0,3.453,SGC,"El Cairo - Valle Del Cauca, Colombia",1999-10-20T23:01:59+00:00,3.5,ML,convertida
4.477,-75.719,4698368.495551986,2053263.6172249224,4.0,3.6446,SGC,"Armenia - Quindío, Colombia",1999-10-21T10:50:43+00:00,3.7,ML,convertida
4.475,-75.708,4699588.866958616,2053037.868419219,4.0,3.6446,SGC,"Armenia - Quindío, Colombia",1999-10-21T19:46:20+00:00,3.7,ML,convertida
2.848,-77.265,4525745.267418894,1873594.0063681784,18.0,3.1656,SGC,"López - Cauca, Colombia",1999-10-22T07:36:32+00:00,3.2,ML,convertida
2.436,-75.539,4717746.75059403,1827460.551508947,14.0,3.3572,SGC,"Gigante - Huila, Colombia",1999-10-23T08:25:55+00:00,3.4,ML,convertida
4.833,-76.191,4646135.656421333,2092871.0470836991,122.0,3.2614,SGC,"San José Del Palmar - Chocó, Colombia",1999-10-26T22:16:42+00:00,3.3,ML,convertida
3.394,-74.221,4864413.998966513,1933128.3324077523,4.0,3.3572,SGC,"Mesetas - Meta, Colombia",1999-10-27T17:18:03+00:00,3.4,ML,convertida
2.668,-74.99,4778845.191948126,1853006.6563403888,1.0,3.5488,SGC,"Rivera - Huila, Colombia",1999-10-29T23:53:08+00:00,3.6,ML,convertida
4.364,-75.729,4697212.39150038,2040767.9964972213,4.0,3.5488,SGC,"Buenavista - Quindío, Colombia",1999-11-09T10:31:22+00:00,3.6,ML,convertida
4.447,-75.671,4703685.191611402,2049925.67593952,4.0,3.1656,SGC,"Córdoba - Quindío, Colombia",1999-11-09T12:02:24+00:00,3.2,ML,convertida
4.704,-76.171,4648290.05687242,2078585.291648652,120.0,3.1656,SGC,"Argelia - Valle Del Cauca, Colombia",1999-11-09T14:40:38+00:00,3.2,ML,convertida
4.74,-74.685,4813186.704730444,2081991.3264211984,4.0,3.7404,SGC,"Pulí - Cundinamarca, Colombia",1999-12-03T02:28:04+00:00,3.8,ML,convertida
2.808,-72.993,5000777.684420243,1868296.199298844,33.0,4.027799999999999,us,"14 km WNW of El Dorado, Colombia",1999-12-11 22:03:24+00:00,4.1,ml,convertida
3.671,-76.873,4569755.270914682,1964580.6654185893,131.0,3.7404,SGC,"Dagua - Valle Del Cauca, Colombia",1999-12-30T04:30:11+00:00,3.8,ML,convertida
3.29,-74.338,4851403.820078149,1921651.464268223,0.0,3.2614,SGC,"Uribe - Meta, Colombia",2000-01-02T11:54:17+00:00,3.3,ML,convertida
3.289,-74.509,4832408.517876235,1921568.0261284227,0.0,3.2614,SGC,"Uribe - Meta, Colombia",2000-01-20T02:56:51+00:00,3.3,ML,convertida
2.023,-76.518,4608686.588999546,1781987.7597922026,0.0,4.6026,SGC,"Paispamba - Cauca, Colombia",2000-02-02T18:40:16+00:00,4.7,ML,convertida
4.466,-75.705,4699918.250970731,2052041.103795987,4.0,3.5488,SGC,"Armenia - Quindío, Colombia",2000-02-04T10:10:41+00:00,3.6,ML,convertida
4.451,-76.182,4646944.530545892,2050593.2480606588,124.0,4.027799999999999,SGC,"Roldanillo - Valle Del Cauca, Colombia",2000-02-17T03:31:54+00:00,4.1,ML,convertida
2.817,-75.963,4670672.721035825,1869709.377856234,4.0,3.453,SGC,"Belalcázar - Cauca, Colombia",2000-02-18T01:01:11+00:00,3.5,ML,convertida
2.892,-76.341,4628638.393712132,1878123.9833477803,0.0,3.0698,SGC,"Toribío - Cauca, Colombia",2000-02-18T15:59:52+00:00,3.1,ML,convertida
4.712,-75.068,4770698.266940452,2079010.5174013013,8.0,3.453,SGC,"Santa Isabel - Tolima, Colombia",2000-03-04T21:30:39+00:00,3.5,ML,convertida
4.651,-76.335,4630052.276985986,2072804.1636592865,126.0,4.027799999999999,SGC,"Versalles - Valle Del Cauca, Colombia",2000-03-10T20:07:12+00:00,4.1,ML,convertida
2.338,-75.432,4729629.786573753,1816601.0001890736,0.0,3.2614,SGC,"Gigante - Huila, Colombia",2000-03-13T09:13:35+00:00,3.3,ML,convertida
4.63,-75.739,4696212.40754294,2070196.498639372,155.0,3.6446,SGC,"Quimbaya - Quindío, Colombia",2000-03-22T22:17:23+00:00,3.7,ML,convertida
4.917,-74.633,4819000.388990116,2101542.791895787,2.0,3.1656,SGC,"Chaguaní - Cundinamarca, Colombia",2000-03-29T03:35:09+00:00,3.2,ML,convertida
3.732,-75.92,4675751.141806735,1970926.6026664765,202.0,4.985799999999999,SGC,"Rioblanco - Tolima, Colombia",2000-04-03T04:52:46+00:00,5.1,ML,convertida
3.848,-76.11,4654678.7858135775,1983834.7868039608,15.0,3.0698,SGC,"San Pedro - Valle Del Cauca, Colombia",2000-04-03T07:25:15+00:00,3.1,ML,convertida
2.824,-75.003,4777428.771089343,1870255.746445187,0.0,3.6446,SGC,"Rivera - Huila, Colombia",2000-04-06T20:20:06+00:00,3.7,ML,convertida
4.529,-75.673,4703496.291970513,2058996.686975457,0.0,3.2614,SGC,"Armenia - Quindío, Colombia",2000-04-10T18:31:38+00:00,3.3,ML,convertida
3.745,-76.071,4658972.861434212,1972422.2079342948,88.0,3.1656,SGC,"Ginebra - Valle Del Cauca, Colombia",2000-04-20T06:51:49+00:00,3.2,ML,convertida
4.416,-75.83,4686019.108129043,2046562.009149804,174.0,3.8362,SGC,"La Tebaida - Quindío, Colombia",2000-04-22T21:25:44+00:00,3.9,ML,convertida
4.287,-73.85,4905713.451618157,2031763.3760209903,0.0,3.2614,SGC,"Quetame - Cundinamarca, Colombia",2000-04-28T14:30:54+00:00,3.3,ML,convertida
3.84,-76.15,4650229.648725151,1982965.8416230832,119.0,3.1656,SGC,"Guadalajara De Buga - Valle Del Cauca, Colombia",2000-05-20T13:04:05+00:00,3.2,ML,convertida
4.933,-76.111,4655067.183269914,2103895.4232330774,117.0,3.2614,SGC,"El Águila - Valle Del Cauca, Colombia",2000-05-23T15:13:14+00:00,3.3,ML,convertida
4.759,-74.663,4815631.54375353,2084085.6876942816,7.0,4.219399999999999,SGC,"Beltrán - Cundinamarca, Colombia",2000-05-23T20:05:21+00:00,4.3,ML,convertida
2.524,-74.242,4861974.085688994,1836983.430962352,0.0,3.8362,SGC,"La Macarena - Meta, Colombia",2000-05-24T19:39:34+00:00,3.9,ML,convertida
1.821,-76.065,4659086.335806935,1759534.8525816416,0.0,3.3572,SGC,"Pitalito - Huila, Colombia",2000-06-10T09:16:44+00:00,3.4,ML,convertida
4.734,-76.434,4619102.531503212,2082044.2135984655,100.0,3.932,SGC,"El Cairo - Valle Del Cauca, Colombia",2000-06-26T13:43:56+00:00,4.0,ML,convertida
3.373,-74.494,4834088.886437128,1930849.79939191,51.0,3.7404,SGC,"Uribe - Meta, Colombia",2000-06-27T14:55:34+00:00,3.8,ML,convertida
4.48,-75.633,4707916.865655553,2053560.610943962,3.0,3.2614,SGC,"Calarcá - Quindío, Colombia",2000-06-29T09:50:01+00:00,3.3,ML,convertida
4.734,-76.25,4639534.090376641,2081945.7444337208,100.0,3.1656,SGC,"El Cairo - Valle Del Cauca, Colombia",2000-07-17T10:36:14+00:00,3.2,ML,convertida
4.665,-76.347,4628726.986740614,2074360.001717512,100.0,3.1656,SGC,"El Cairo - Valle Del Cauca, Colombia",2000-07-18T16:17:20+00:00,3.2,ML,convertida
2.19,-75.052,4771871.783107459,1800170.8090741187,32.0,3.453,SGC,"San Vicente Del Caguán - Caquetá, Colombia",2000-07-18T17:30:51+00:00,3.5,ML,convertida
4.623,-75.899,4678448.702429922,2069492.65737382,127.0,3.2614,SGC,"Obando - Valle Del Cauca, Colombia",2000-07-29T02:46:13+00:00,3.3,ML,convertida
1.856,-76.125,4652412.8510530405,1763419.1602987293,0.0,3.2614,SGC,"Pitalito - Huila, Colombia",2000-08-08T14:28:58+00:00,3.3,ML,convertida
4.674,-74.875,4792095.011982071,2074749.0033337616,2.0,4.027799999999999,SGC,"Venadillo - Tolima, Colombia",2000-08-28T11:48:17+00:00,4.1,ML,convertida
4.334,-76.379,4625003.54400745,2037740.5878298688,118.0,3.7404,SGC,"Trujillo - Valle Del Cauca, Colombia",2000-09-01T18:14:03+00:00,3.8,ML,convertida
3.315,-74.737,4807084.313215008,1924483.2494001973,0.0,3.2614,SGC,"Colombia - Huila, Colombia",2000-09-03T00:03:24+00:00,3.3,ML,convertida
3.393,-74.756,4804988.932130479,1933109.209642532,2.0,3.0698,SGC,"Colombia - Huila, Colombia",2000-09-03T05:55:19+00:00,3.1,ML,convertida
1.714,-75.903,4677102.686457413,1747667.6183518197,0.0,3.453,SGC,"Acevedo - Huila, Colombia",2000-09-05T21:27:53+00:00,3.5,ML,convertida
4.826,-74.646,4817534.546767766,2091487.2721042312,18.0,3.3572,SGC,"San Juan De Rioseco - Cundinamarca, Colombia",2000-09-07T07:34:59+00:00,3.4,ML,convertida
3.609,-74.106,4877213.862526003,1956872.7395406985,0.0,3.3572,SGC,"Lejanías - Meta, Colombia",2000-09-17T05:26:59+00:00,3.4,ML,convertida
4.037,-77.332,4518880.231001788,2005370.4922118576,0.0,3.6446,SGC,"Santa Genoveva De Docordó - Chocó, Colombia",2000-09-28T05:19:23+00:00,3.7,ML,convertida
4.224,-76.895,4567594.637825705,2025833.9331745356,32.0,3.0698,SGC,"Buenaventura - Valle Del Cauca, Colombia",2000-10-08T07:32:36+00:00,3.1,ML,convertida
3.841,-76.456,4616213.066907836,1983208.0130541464,124.0,3.932,SGC,"Restrepo - Valle Del Cauca, Colombia",2000-10-26T17:05:54+00:00,4.0,ML,convertida
3.326,-76.471,4614329.170386434,1926207.887640042,144.0,3.7404,SGC,"Jamundí - Valle Del Cauca, Colombia",2000-10-29T00:28:29+00:00,3.8,ML,convertida
4.096,-76.115,4654226.511079315,2011279.0457559817,168.0,4.1236,SGC,"Tuluá - Valle Del Cauca, Colombia",2000-11-01T12:13:47+00:00,4.2,ML,convertida
3.356,-74.322,4853190.829657119,1928943.347635875,14.0,4.027799999999999,SGC,"Uribe - Meta, Colombia",2000-11-02T14:34:57+00:00,4.1,ML,convertida
3.61,-74.391,4845568.26886189,1957026.676347897,0.0,3.2614,SGC,"Uribe - Meta, Colombia",2000-11-03T12:14:32+00:00,3.3,ML,convertida
3.802,-76.093,4656549.881839589,1978737.943172241,180.0,4.411,SGC,"Ginebra - Valle Del Cauca, Colombia",2000-12-03T21:11:23+00:00,4.5,ML,convertida
4.435,-76.019,4665039.904165282,2048746.825151932,162.0,3.1656,SGC,"Zarzal - Valle Del Cauca, Colombia",2000-12-27T06:32:40+00:00,3.2,ML,convertida
4.254,-76.601,4600293.246556647,2028997.5147886327,46.0,3.0698,SGC,"Trujillo - Valle Del Cauca, Colombia",2000-12-29T09:58:26+00:00,3.1,ML,convertida
2.888,-74.977,4780331.189636947,1877326.286180784,0.0,4.411,SGC,"Tello - Huila, Colombia",2000-12-30T21:10:35+00:00,4.5,ML,convertida
1.271,-76.062,4659332.511204604,1698679.297863036,100.0,3.2614,SGC,"San José Del Fragua - Caquetá, Colombia",2001-01-21T01:09:03+00:00,3.3,ML,convertida
4.424,-76.933,4563484.295394722,2048005.5707147704,60.0,3.0698,SGC,"Sipí - Chocó, Colombia",2001-01-23T19:18:58+00:00,3.1,ML,convertida
1.351,-75.734,4695863.871873369,1707487.328965327,42.0,3.5488,SGC,"Morelia - Caquetá, Colombia",2001-01-28T10:48:38+00:00,3.6,ML,convertida
4.009,-76.128,4652744.868088923,2001657.6288197576,168.0,4.506799999999999,SGC,"San Pedro - Valle Del Cauca, Colombia",2001-01-31T12:15:00+00:00,4.6,ML,convertida
3.0,-75.072,4769794.035198276,1889727.9410626537,120.0,3.0698,SGC,"Tello - Huila, Colombia",2001-02-01T11:18:45+00:00,3.1,ML,convertida
1.917,-75.908,4676582.205221656,1770126.36628341,42.0,3.6446,SGC,"Timaná - Huila, Colombia",2001-02-03T00:17:40+00:00,3.7,ML,convertida
3.531,-74.491,4834449.486051546,1948312.5925344496,0.0,3.2614,SGC,"Uribe - Meta, Colombia",2001-02-19T15:20:44+00:00,3.3,ML,convertida
4.11,-73.859,4904693.579081161,2012205.257681145,0.0,3.0698,SGC,"Guayabetal - Cundinamarca, Colombia",2001-02-21T14:15:27+00:00,3.1,ML,convertida
3.358,-73.762,4915384.468600909,1929098.1252790703,0.0,3.2614,SGC,"San Juan De Arama - Meta, Colombia",2001-03-05T23:51:25+00:00,3.3,ML,convertida
3.838,-76.74,4584630.514161423,1983008.8640188896,104.0,3.3572,SGC,"Dagua - Valle Del Cauca, Colombia",2001-03-06T09:06:44+00:00,3.4,ML,convertida
2.781,-75.09,4767748.73258316,1865518.600683305,84.0,3.8362,SGC,"Rivera - Huila, Colombia",2001-03-06T14:37:41+00:00,3.9,ML,convertida
4.047,-75.877,4680648.876930651,2005759.3063785944,205.0,4.027799999999999,SGC,"Génova - Quindío, Colombia",2001-03-16T09:49:06+00:00,4.1,ML,convertida
3.885,-76.494,4612008.026375934,1988095.8296692253,104.0,3.5488,SGC,"Darién - Valle Del Cauca, Colombia",2001-03-30T06:42:06+00:00,3.6,ML,convertida
2.473,-75.65,4705406.667936739,1831576.774514264,0.0,3.453,SGC,"Tesalia - Huila, Colombia",2001-04-03T12:22:23+00:00,3.5,ML,convertida
3.895,-76.874,4569754.848108005,1989387.6194876828,56.0,3.7404,SGC,"Buenaventura - Valle Del Cauca, Colombia",2001-04-15T10:22:45+00:00,3.8,ML,convertida
4.606,-76.22,4642800.082084537,2067764.8644926564,92.0,3.3572,SGC,"Versalles - Valle Del Cauca, Colombia",2001-04-21T18:32:34+00:00,3.4,ML,convertida
4.522,-75.99,4668299.656683892,2058359.640098523,146.0,3.0698,SGC,"La Victoria - Valle Del Cauca, Colombia",2001-05-01T20:15:43+00:00,3.1,ML,convertida
4.2,-76.493,4612269.258822637,2022964.706054022,117.0,3.3572,SGC,"Trujillo - Valle Del Cauca, Colombia",2001-05-09T04:46:57+00:00,3.4,ML,convertida
3.627,-74.315,4854010.19261271,1958892.9541774644,0.0,3.8362,SGC,"Lejanías - Meta, Colombia",2001-05-16T21:05:48+00:00,3.9,ML,convertida
4.711,-76.371,4626086.203468508,2079464.1636558585,96.0,3.2614,SGC,"El Cairo - Valle Del Cauca, Colombia",2001-05-18T05:09:04+00:00,3.3,ML,convertida
3.27,-74.911,4787743.050345739,1919544.0552153424,26.0,3.3572,SGC,"Alpujarra - Tolima, Colombia",2001-05-19T03:04:26+00:00,3.4,ML,convertida
2.379,-73.502,4944209.409507503,1820906.9503351208,12.0,3.2614,SGC,"La Macarena - Meta, Colombia",2001-05-27T06:06:40+00:00,3.3,ML,convertida
4.483,-75.787,4690821.609500814,2053955.6908699083,0.0,3.3572,SGC,"La Tebaida - Quindío, Colombia",2001-06-01T12:33:36+00:00,3.4,ML,convertida
1.858,-75.847,4683361.398621212,1763588.1226594474,0.0,3.453,SGC,"Acevedo - Huila, Colombia",2001-06-18T17:49:13+00:00,3.5,ML,convertida
4.807,-76.096,4656667.900287012,2089945.2495349515,120.0,3.0698,SGC,"Argelia - Valle Del Cauca, Colombia",2001-06-19T14:18:46+00:00,3.1,ML,convertida
3.424,-74.831,4796663.607761433,1936551.5814630245,23.0,3.7404,SGC,"Colombia - Huila, Colombia",2001-06-21T10:03:47+00:00,3.8,ML,convertida
3.304,-74.81,4798971.883636632,1923281.779173507,22.0,3.3572,SGC,"Colombia - Huila, Colombia",2001-06-22T05:17:17+00:00,3.4,ML,convertida
3.449,-74.82,4797890.856861183,1939312.8939070727,47.0,3.3572,SGC,"Colombia - Huila, Colombia",2001-07-06T21:06:58+00:00,3.4,ML,convertida
3.439,-74.314,4854091.861799064,1938115.2084453527,0.0,3.453,SGC,"Uribe - Meta, Colombia",2001-07-28T03:07:19+00:00,3.5,ML,convertida
4.07,-75.532,4718978.891143904,2008175.3233016136,0.0,3.0698,SGC,"Roncesvalles - Tolima, Colombia",2001-08-01T11:41:49+00:00,3.1,ML,convertida
2.412,-76.6,4599658.48895382,1825072.737702687,145.0,3.2614,SGC,"Popayán - Cauca, Colombia",2001-08-25T15:51:12+00:00,3.3,ML,convertida
3.244,-75.156,4760512.350124702,1916724.4343653636,4.0,3.0698,SGC,"Villavieja - Huila, Colombia",2001-09-10T08:19:11+00:00,3.1,ML,convertida
3.6,-74.472,4836571.771372903,1955935.562926585,0.0,3.1656,SGC,"Villarrica - Tolima, Colombia",2001-09-14T08:44:56+00:00,3.2,ML,convertida
3.989,-76.085,4657514.833262347,1999426.4765657687,180.0,5.847999999999999,SGC,"San Pedro - Valle Del Cauca, Colombia",2001-09-21T22:23:39+00:00,6.0,ML,convertida
3.944,-76.077,4658385.301107508,1994443.8893755,179.0,3.2614,SGC,"San Pedro - Valle Del Cauca, Colombia",2001-09-21T23:19:11+00:00,3.3,ML,convertida
5.106,-74.897,4789789.554038673,2122514.876707334,4.0,3.1656,SGC,"Falan - Tolima, Colombia",2001-09-27T12:18:02+00:00,3.2,ML,convertida
2.64,-73.836,4907106.085059017,1849765.3757563252,4.0,3.0698,SGC,"La Macarena - Meta, Colombia",2001-09-30T09:22:58+00:00,3.1,ML,convertida
3.286,-75.941,4673262.016309356,1921590.911903007,0.0,3.1656,SGC,"Miranda - Cauca, Colombia",2001-10-03T14:36:43+00:00,3.2,ML,convertida
2.19,-75.369,4736610.933014217,1800222.8204757895,0.0,3.453,SGC,"Garzón - Huila, Colombia",2001-10-05T05:20:12+00:00,3.5,ML,convertida
2.345,-75.511,4720843.031967538,1817390.634021065,0.0,3.2614,SGC,"Gigante - Huila, Colombia",2001-10-07T11:06:10+00:00,3.3,ML,convertida
1.525,-76.704,4587858.717654394,1726895.7136583307,0.0,3.3572,SGC,"Santa Rosa - Cauca, Colombia",2001-10-20T14:59:56+00:00,3.4,ML,convertida
3.969,-75.48,4724719.976609665,1996987.3371718884,0.0,3.453,SGC,"San Antonio - Tolima, Colombia",2001-11-02T16:38:22+00:00,3.5,ML,convertida
5.124,-75.976,4670145.303343773,2124959.594591709,0.0,3.0698,SGC,"Apía - Risaralda, Colombia",2001-11-06T04:26:57+00:00,3.1,ML,convertida
3.269,-74.77,4803409.069432242,1919404.797334717,0.0,3.3572,SGC,"Colombia - Huila, Colombia",2001-11-09T14:48:22+00:00,3.4,ML,convertida
4.748,-76.344,4629104.187621486,2083544.8954875087,114.0,3.3572,SGC,"El Cairo - Valle Del Cauca, Colombia",2001-11-09T14:56:45+00:00,3.4,ML,convertida
1.953,-74.728,4807875.454165076,1773927.927305332,3.0,3.1656,SGC,"San Vicente Del Caguán - Caquetá, Colombia",2001-11-14T06:56:02+00:00,3.2,ML,convertida
3.52,-74.44,4840111.512900176,1947087.894446908,4.0,3.5488,SGC,"Uribe - Meta, Colombia",2001-11-16T13:42:15+00:00,3.6,ML,convertida
3.686,-75.127,4763844.850096223,1965587.789077726,96.0,3.1656,SGC,"Natagaima - Tolima, Colombia",2001-11-22T23:59:06+00:00,3.2,ML,convertida
2.351,-75.628,4707828.011179178,1818078.1609946464,0.0,3.0698,SGC,"Gigante - Huila, Colombia",2001-12-23T19:39:23+00:00,3.1,ML,convertida
2.951,-74.893,4789679.816608211,1884274.987037949,4.0,3.3572,SGC,"Baraya - Huila, Colombia",2002-01-02T12:26:38+00:00,3.4,ML,convertida
2.069,-75.944,4672604.964701053,1786949.5559090276,0.0,3.453,SGC,"Elías - Huila, Colombia",2002-01-12T02:36:08+00:00,3.5,ML,convertida
4.735,-74.696,4811965.447775137,2081441.5942070107,2.0,3.5488,SGC,"Pulí - Cundinamarca, Colombia",2002-01-22T21:21:07+00:00,3.6,ML,convertida
3.418,-74.681,4813325.253148443,1935857.847582996,0.0,3.5488,SGC,"Colombia - Huila, Colombia",2002-01-29T04:42:02+00:00,3.6,ML,convertida
3.425,-74.676,4813882.012029966,1936630.636480452,0.0,3.6446,SGC,"Colombia - Huila, Colombia",2002-01-29T06:48:08+00:00,3.7,ML,convertida
4.817,-74.705,4810989.796442823,2090508.4920879551,14.0,3.453,SGC,"Beltrán - Cundinamarca, Colombia",2002-02-08T17:16:09+00:00,3.5,ML,convertida
3.641,-73.944,4895204.261116757,1960388.6497778608,2.0,4.1236,SGC,"Lejanías - Meta, Colombia",2002-02-16T08:49:46+00:00,4.2,ML,convertida
2.836,-74.446,4839339.375995284,1871490.1983580028,4.0,3.3572,SGC,"Uribe - Meta, Colombia",2002-02-20T23:06:09+00:00,3.4,ML,convertida
4.823,-74.553,4827845.781015023,2091131.444850378,0.0,3.5488,SGC,"Bituima - Cundinamarca, Colombia",2002-02-27T01:31:07+00:00,3.6,ML,convertida
4.835,-74.538,4829511.967713407,2092454.070330264,0.0,3.3572,SGC,"Bituima - Cundinamarca, Colombia",2002-02-27T03:47:10+00:00,3.4,ML,convertida
3.64,-77.046,4550490.255377162,1961232.231658332,72.0,3.1656,SGC,"Buenaventura - Valle Del Cauca, Colombia",2002-03-26T19:20:34+00:00,3.2,ML,convertida
2.671,-75.366,4737037.868317826,1853412.419047885,2.0,3.0698,SGC,"Campoalegre - Huila, Colombia",2002-03-26T22:47:00+00:00,3.1,ML,convertida
4.567,-75.69,4701624.845280356,2063206.9965340209,166.0,4.027799999999999,SGC,"Armenia - Quindío, Colombia",2002-04-06T17:03:39+00:00,4.1,ML,convertida
2.875,-75.052,4771991.681166765,1875903.7858008647,20.0,3.932,SGC,"Tello - Huila, Colombia",2002-04-15T06:16:03+00:00,4.0,ML,convertida
4.383,-74.932,4785686.670240385,2042594.5584975816,24.0,3.7404,SGC,"Coello - Tolima, Colombia",2002-04-28T16:25:04+00:00,3.8,ML,convertida
2.262,-75.509,4721049.355332312,1808210.9330548395,4.0,3.2614,SGC,"Gigante - Huila, Colombia",2002-05-24T08:15:53+00:00,3.3,ML,convertida
4.487,-76.234,4641186.414877699,2054602.413035747,108.0,3.7404,SGC,"El Dovio - Valle Del Cauca, Colombia",2002-06-03T11:13:51+00:00,3.8,ML,convertida
3.591,-75.355,4738489.647424764,1955146.071527949,123.0,3.6446,SGC,"Ataco - Tolima, Colombia",2002-07-19T06:12:55+00:00,3.7,ML,convertida
4.689,-74.728,4808403.965472841,2076365.361674922,0.0,4.6026,SGC,"Pulí - Cundinamarca, Colombia",2002-07-24T14:38:08+00:00,4.7,ML,convertida
2.417,-75.162,4759675.090923431,1825286.6261390424,4.0,3.0698,SGC,"Algeciras - Huila, Colombia",2002-08-08T07:16:00+00:00,3.1,ML,convertida
4.817,-76.278,4636468.984985147,2091146.2592007075,68.0,3.3572,SGC,"El Cairo - Valle Del Cauca, Colombia",2002-08-12T16:48:16+00:00,3.4,ML,convertida
4.675,-74.656,4816385.738235801,2074798.5316077056,13.0,3.3572,SGC,"Pulí - Cundinamarca, Colombia",2002-09-03T07:12:58+00:00,3.4,ML,convertida
2.334,-75.608,4710049.589489349,1816193.7429378536,0.0,3.1656,SGC,"Gigante - Huila, Colombia",2002-09-13T04:39:21+00:00,3.2,ML,convertida
4.658,-76.558,4605288.414392368,2073700.054830804,52.0,3.0698,SGC,"Sipí - Chocó, Colombia",2002-09-17T17:27:32+00:00,3.1,ML,convertida
3.465,-76.946,4561535.1824863525,1941801.2133378056,78.0,3.6446,SGC,"Dagua - Valle Del Cauca, Colombia",2002-09-22T00:15:49+00:00,3.7,ML,convertida
3.855,-75.779,4691464.638276949,1984482.1559719064,0.0,4.411,SGC,"Roncesvalles - Tolima, Colombia",2002-09-28T12:40:08+00:00,4.5,ML,convertida
4.056,-76.508,4610531.81002558,2007031.631584495,128.0,3.6446,SGC,"Darién - Valle Del Cauca, Colombia",2002-10-23T04:15:52+00:00,3.7,ML,convertida
2.346,-75.517,4720175.7588853305,1817502.427863384,0.0,3.1656,SGC,"Gigante - Huila, Colombia",2002-10-25T19:05:18+00:00,3.2,ML,convertida
0.892,-76.199,4644030.51814461,1656757.7853592364,22.0,4.027799999999999,SGC,"Puerto Guzmán - Putumayo, Colombia",2002-10-28T19:03:12+00:00,4.1,ML,convertida
4.755,-74.68,4813745.229940754,2083648.0894449493,4.0,3.453,SGC,"Beltrán - Cundinamarca, Colombia",2002-10-30T18:56:23+00:00,3.5,ML,convertida
2.847,-74.796,4800442.320001859,1872760.6367397583,7.0,3.1656,SGC,"Baraya - Huila, Colombia",2002-11-17T19:00:27+00:00,3.2,ML,convertida
2.897,-75.202,4755321.172195345,1878367.398547867,0.0,3.5488,SGC,"Neiva - Huila, Colombia",2002-11-18T18:52:08+00:00,3.6,ML,convertida
5.074,-74.753,4805742.020360853,2118932.145581024,3.0,3.3572,SGC,"Honda - Tolima, Colombia",2002-11-23T16:27:01+00:00,3.4,ML,convertida
3.299,-74.415,4842852.041206003,1922657.968050165,4.0,5.464799999999999,SGC,"Uribe - Meta, Colombia",2002-11-23T18:56:42+00:00,5.6,ML,convertida
2.645,-76.625,4596946.723506216,1850875.5894525344,71.0,3.3572,SGC,"Cajibío - Cauca, Colombia",2002-11-24T11:48:27+00:00,3.4,ML,convertida
4.409,-75.697,4700783.411742128,2045732.824352104,1.0,3.1656,SGC,"Córdoba - Quindío, Colombia",2002-11-25T17:39:44+00:00,3.2,ML,convertida
4.832,-74.655,4816538.200510317,2092152.9280061424,2.0,3.3572,SGC,"San Juan De Rioseco - Cundinamarca, Colombia",2002-12-16T21:20:05+00:00,3.4,ML,convertida
4.777,-74.523,4831160.834772769,2086039.447816099,0.0,3.2614,SGC,"Quipile - Cundinamarca, Colombia",2002-12-24T00:51:43+00:00,3.3,ML,convertida
3.322,-75.912,4676498.313268743,1925564.2277783223,0.0,4.219399999999999,SGC,"Planadas - Tolima, Colombia",2002-12-28T17:47:04+00:00,4.3,ML,convertida
3.932,-75.545,4717487.770732583,1992917.070040624,0.0,3.5488,SGC,"San Antonio - Tolima, Colombia",2002-12-29T05:58:58+00:00,3.6,ML,convertida
1.917,-75.901,4677361.3908711085,1770125.0438069976,0.0,3.0698,SGC,"Timaná - Huila, Colombia",2002-12-30T22:45:25+00:00,3.1,ML,convertida
2.269,-76.539,4606410.811170272,1809224.879392715,0.0,4.027799999999999,SGC,"Paispamba - Cauca, Colombia",2003-01-07T10:42:11+00:00,4.1,ML,convertida
1.947,-76.733,4584719.688328535,1773626.3710571777,72.0,3.3572,SGC,"La Vega - Cauca, Colombia",2003-01-07T16:11:17+00:00,3.4,ML,convertida
3.818,-76.368,4625986.80330579,1980623.2622384392,0.0,3.3572,SGC,"Yotoco - Valle Del Cauca, Colombia",2003-01-14T07:03:29+00:00,3.4,ML,convertida
5.049,-74.746,4806510.52857611,2116166.4165059603,4.0,3.5488,SGC,"Guayabal - Tolima, Colombia",2003-01-20T07:21:02+00:00,3.6,ML,convertida
3.571,-74.567,4826016.401822237,1952747.723162957,0.0,5.1774,SGC,"Colombia - Huila, Colombia",2003-01-22T10:55:35+00:00,5.3,ML,convertida
3.587,-74.56,4826796.808884598,1954514.898495008,0.0,3.1656,SGC,"Colombia - Huila, Colombia",2003-01-22T14:50:42+00:00,3.2,ML,convertida
4.381,-75.337,4740737.3970015645,2042501.424312448,0.0,3.0698,SGC,"Cajamarca - Tolima, Colombia",2003-01-24T15:02:14+00:00,3.1,ML,convertida
4.868,-76.357,4627725.97304765,2096833.746115164,107.0,3.1656,SGC,"San José Del Palmar - Chocó, Colombia",2003-02-07T00:55:30+00:00,3.2,ML,convertida
4.782,-76.493,4612577.193349341,2087390.4291446595,100.0,3.1656,SGC,"Sipí - Chocó, Colombia",2003-02-11T22:37:52+00:00,3.2,ML,convertida
4.057,-75.251,4750179.457547073,2006645.3319236783,0.0,3.8362,SGC,"Ortega - Tolima, Colombia",2003-02-20T16:23:03+00:00,3.9,ML,convertida
4.054,-75.254,4749845.416879795,2006314.52903546,0.0,3.8362,SGC,"Ortega - Tolima, Colombia",2003-02-20T20:20:05+00:00,3.9,ML,convertida
1.932,-75.91,4676362.41275578,1771786.2001530314,0.0,3.8362,SGC,"Timaná - Huila, Colombia",2003-02-23T10:59:52+00:00,3.9,ML,convertida
4.375,-75.341,4740291.327913518,2041839.305001612,0.0,3.0698,SGC,"Cajamarca - Tolima, Colombia",2003-02-27T23:39:29+00:00,3.1,ML,convertida
2.86,-74.49,4834453.0112853255,1874149.0222620247,5.0,3.0698,SGC,"Uribe - Meta, Colombia",2003-03-07T23:31:11+00:00,3.1,ML,convertida
4.571,-76.565,4604462.5879578125,2064072.5738142163,72.0,4.219399999999999,SGC,"Sipí - Chocó, Colombia",2003-03-29T20:47:29+00:00,4.3,ML,convertida
3.991,-73.984,4890807.548317797,1999070.8434225763,0.0,3.2614,SGC,"Acacías - Meta, Colombia",2003-03-30T00:17:35+00:00,3.3,ML,convertida
4.477,-76.334,4630074.057106716,2053545.4857266515,142.0,3.7404,SGC,"El Dovio - Valle Del Cauca, Colombia",2003-04-09T20:19:11+00:00,3.8,ML,convertida
2.847,-75.164,4759535.166854423,1872830.8804378211,0.0,3.2614,SGC,"Rivera - Huila, Colombia",2003-04-13T00:04:52+00:00,3.3,ML,convertida
1.953,-75.986,4667906.534909111,1774124.2857141122,0.0,3.932,SGC,"Timaná - Huila, Colombia",2003-04-16T06:17:29+00:00,4.0,ML,convertida
2.045,-76.086,4656793.358552044,1784324.0525721654,0.0,3.2614,SGC,"Saladoblanco - Huila, Colombia",2003-04-17T07:57:39+00:00,3.3,ML,convertida
1.844,-76.005,4665770.499688569,1762068.313202578,13.0,3.5488,SGC,"Pitalito - Huila, Colombia",2003-04-19T05:17:02+00:00,3.6,ML,convertida
4.751,-74.842,4795777.894672667,2083251.6778389572,0.0,3.1656,SGC,"Ambalema - Tolima, Colombia",2003-04-20T06:34:37+00:00,3.2,ML,convertida
1.286,-74.476,4835846.691886328,1700181.992104662,1.0,3.1656,SGC,"Cartagena Del Chairá - Caquetá, Colombia",2003-04-20T22:53:35+00:00,3.2,ML,convertida
1.863,-76.097,4655531.655713399,1764188.2179313211,11.0,3.2614,SGC,"Pitalito - Huila, Colombia",2003-04-30T02:30:10+00:00,3.3,ML,convertida
4.625,-76.245,4640033.445764326,2069880.17315332,100.0,3.0698,SGC,"Versalles - Valle Del Cauca, Colombia",2003-05-08T12:22:05+00:00,3.1,ML,convertida
4.702,-76.297,4634298.738260318,2078428.7705312103,32.0,3.6446,SGC,"El Cairo - Valle Del Cauca, Colombia",2003-05-11T08:50:34+00:00,3.7,ML,convertida
4.918,-76.449,4617540.020379997,2102419.929963906,4.0,3.1656,SGC,"Nóvita - Chocó, Colombia",2003-05-16T01:06:05+00:00,3.2,ML,convertida
4.732,-74.799,4800541.415988337,2081138.7205709235,0.0,3.0698,SGC,"Ambalema - Tolima, Colombia",2003-05-17T03:46:10+00:00,3.1,ML,convertida
4.89,-76.515,4610195.963513591,2099358.541403424,9.0,3.6446,SGC,"Nóvita - Chocó, Colombia",2003-05-18T06:13:40+00:00,3.7,ML,convertida
4.214,-75.773,4692266.636543153,2024192.7149984047,192.0,3.8362,SGC,"Génova - Quindío, Colombia",2003-05-19T13:35:46+00:00,3.9,ML,convertida
4.444,-76.801,4578167.866624448,2050143.761986521,21.0,3.453,SGC,"Sipí - Chocó, Colombia",2003-06-10T22:58:13+00:00,3.5,ML,convertida
4.8,-76.321,4631685.849988611,2089287.8435386212,122.0,3.1656,SGC,"El Cairo - Valle Del Cauca, Colombia",2003-06-22T18:13:33+00:00,3.2,ML,convertida
2.486,-74.36,4848853.79162697,1832796.820596716,2.0,3.3572,SGC,"San Vicente Del Caguán - Caquetá, Colombia",2003-06-27T16:03:00+00:00,3.4,ML,convertida
4.363,-76.834,4574453.97411373,2041192.873179973,98.0,3.3572,SGC,"Sipí - Chocó, Colombia",2003-06-27T21:36:31+00:00,3.4,ML,convertida
3.611,-74.397,4844902.174457233,1957138.2202460235,4.0,3.3572,SGC,"Uribe - Meta, Colombia",2003-07-06T00:24:34+00:00,3.4,ML,convertida
4.724,-74.705,4810964.346756074,2080228.0787185435,0.0,3.5488,SGC,"Pulí - Cundinamarca, Colombia",2003-07-16T22:25:33+00:00,3.6,ML,convertida
3.299,-74.447,4839297.41768317,1922663.078068536,2.0,3.1656,SGC,"Uribe - Meta, Colombia",2003-07-18T04:07:19+00:00,3.2,ML,convertida
4.813,-76.654,4594714.826850018,2090915.74839309,104.0,3.0698,SGC,"Nóvita - Chocó, Colombia",2003-07-18T14:12:04+00:00,3.1,ML,convertida
5.053,-74.786,4802077.586536285,2116620.639139028,1.0,3.3572,SGC,"Guayabal - Tolima, Colombia",2003-07-30T01:52:26+00:00,3.4,ML,convertida
4.475,-75.785,4691040.293263955,2053069.8661397288,174.0,3.2614,SGC,"La Tebaida - Quindío, Colombia",2003-08-05T04:40:51+00:00,3.3,ML,convertida
2.683,-75.032,4774178.407504973,1854672.6573402395,4.0,4.6026,SGC,"Rivera - Huila, Colombia",2003-08-12T00:37:05+00:00,4.7,ML,convertida
3.591,-74.358,4849229.565402916,1954921.237435682,0.0,3.453,SGC,"Lejanías - Meta, Colombia",2003-08-18T22:15:49+00:00,3.5,ML,convertida
1.918,-76.236,4640066.353619107,1770302.5889744782,4.0,3.1656,SGC,"San José De Isnos - Huila, Colombia",2003-08-22T14:54:11+00:00,3.2,ML,convertida
2.744,-76.819,4575379.572852559,1861903.177627,122.0,3.1656,SGC,"Morales - Cauca, Colombia",2003-09-01T15:14:29+00:00,3.2,ML,convertida
4.375,-76.951,4561454.610124808,2042589.249959946,40.0,4.506799999999999,SGC,"Sipí - Chocó, Colombia",2003-09-17T16:40:06+00:00,4.6,ML,convertida
5.109,-74.821,4798215.077163,2122822.190771156,17.0,3.453,SGC,"Guayabal - Tolima, Colombia",2003-09-19T19:16:00+00:00,3.5,ML,convertida
1.726,-75.102,4766246.295293415,1748877.8228712445,0.0,3.0698,SGC,"El Doncello - Caquetá, Colombia",2003-09-25T02:42:37+00:00,3.1,ML,convertida
2.373,-75.358,4737867.798309143,1820457.312569216,2.0,3.0698,SGC,"Algeciras - Huila, Colombia",2003-09-26T09:54:58+00:00,3.1,ML,convertida
2.648,-76.134,4651599.353365805,1851058.6146792464,3.0,3.0698,SGC,"Inzá - Cauca, Colombia",2003-10-04T04:11:08+00:00,3.1,ML,convertida
4.52,-76.224,4642313.239277974,2058249.5157535856,107.0,3.2614,SGC,"El Dovio - Valle Del Cauca, Colombia",2003-10-05T21:03:50+00:00,3.3,ML,convertida
4.202,-76.196,4645273.497116273,2023044.775564626,158.0,3.2614,SGC,"Bugalagrande - Valle Del Cauca, Colombia",2003-10-10T08:08:33+00:00,3.3,ML,convertida
2.117,-75.565,4714791.69626085,1792185.0218424287,0.0,3.453,SGC,"Garzón - Huila, Colombia",2003-10-24T00:41:33+00:00,3.5,ML,convertida
1.579,-76.093,4655925.999319363,1732763.1763721537,4.0,3.1656,SGC,"Palestina - Huila, Colombia",2003-10-25T19:13:29+00:00,3.2,ML,convertida
3.728,-76.568,4603708.2324561365,1970749.570753092,148.0,4.6026,SGC,"La Cumbre - Valle Del Cauca, Colombia",2003-10-29T10:14:24+00:00,4.7,ML,convertida
4.894,-76.366,4626741.182139654,2099716.4923449,113.0,4.6984,SGC,"San José Del Palmar - Chocó, Colombia",2003-10-30T08:09:05+00:00,4.8,ML,convertida
4.06,-76.632,4596748.87642657,2007535.3162026023,86.0,3.1656,SGC,"Darién - Valle Del Cauca, Colombia",2003-10-30T13:25:19+00:00,3.2,ML,convertida
4.61,-76.612,4599262.913135703,2068416.4190247457,98.0,4.3152,SGC,"Sipí - Chocó, Colombia",2003-11-02T11:04:10+00:00,4.4,ML,convertida
3.36,-74.752,4805426.715546688,1929460.5404786773,0.0,3.3572,SGC,"Colombia - Huila, Colombia",2003-11-05T13:36:08+00:00,3.4,ML,convertida
2.54,-75.497,4722440.534045878,1838953.5142166356,4.0,3.1656,SGC,"Hobo - Huila, Colombia",2003-11-22T18:47:16+00:00,3.2,ML,convertida
3.623,-74.565,4826248.368484953,1958494.975897612,2.0,3.3572,SGC,"Villarrica - Tolima, Colombia",2003-11-25T04:08:30+00:00,3.4,ML,convertida
4.694,-75.588,4712997.759922245,2077212.297503008,146.0,3.2614,SGC,"Salento - Quindío, Colombia",2003-11-25T19:36:47+00:00,3.3,ML,convertida
3.816,-76.751,4583396.438120855,1980578.221582085,70.0,3.1656,SGC,"Dagua - Valle Del Cauca, Colombia",2003-12-06T22:20:40+00:00,3.2,ML,convertida
2.626,-75.048,4772389.0914756,1848373.7610900928,4.0,3.0698,SGC,"Rivera - Huila, Colombia",2003-12-12T19:57:54+00:00,3.1,ML,convertida
3.333,-74.704,4810753.901531234,1926466.5731988195,0.0,3.7404,SGC,"Colombia - Huila, Colombia",2003-12-19T16:20:23+00:00,3.8,ML,convertida
4.779,-76.184,4646884.860690678,2086891.5899187564,100.0,3.1656,SGC,"El Cairo - Valle Del Cauca, Colombia",2003-12-22T12:49:36+00:00,3.2,ML,convertida
1.785,-75.952,4671660.029833504,1755531.0029874716,144.0,4.1236,SGC,"Acevedo - Huila, Colombia",2003-12-26T21:24:25+00:00,4.2,ML,convertida
4.439,-76.157,4649715.508653211,2049253.401074892,104.0,3.932,SGC,"Roldanillo - Valle Del Cauca, Colombia",2004-01-09T23:26:02+00:00,4.0,ML,convertida
4.221,-76.227,4641837.879922789,2025161.6012349876,152.0,4.985799999999999,SGC,"Bugalagrande - Valle Del Cauca, Colombia",2004-01-14T19:25:05+00:00,5.1,ML,convertida
3.648,-73.946,4894983.028036993,1961162.4197525177,0.0,3.2614,SGC,"El Dorado - Meta, Colombia",2004-01-16T10:00:51+00:00,3.3,ML,convertida
4.731,-76.237,4640975.932824873,2081606.987426896,100.0,3.2614,SGC,"El Cairo - Valle Del Cauca, Colombia",2004-02-07T23:23:46+00:00,3.3,ML,convertida
4.698,-76.37,4626190.302006198,2078024.742617122,128.0,3.8362,SGC,"El Cairo - Valle Del Cauca, Colombia",2004-02-12T10:23:05+00:00,3.9,ML,convertida
3.764,-75.836,4685098.035229305,1974436.0797482403,215.0,3.2614,SGC,"Rioblanco - Tolima, Colombia",2004-02-13T11:50:03+00:00,3.3,ML,convertida
2.892,-74.876,4791558.378154095,1877749.4521398072,0.0,3.0698,SGC,"Baraya - Huila, Colombia",2004-02-19T18:05:28+00:00,3.1,ML,convertida
3.05,-74.925,4786142.409481847,1895225.6709366413,16.0,3.0698,SGC,"Baraya - Huila, Colombia",2004-03-14T12:57:49+00:00,3.1,ML,convertida
2.352,-75.545,4717062.059580908,1818171.6468741207,0.0,3.0698,SGC,"Gigante - Huila, Colombia",2004-03-28T07:01:35+00:00,3.1,ML,convertida
3.997,-75.684,4702070.161010787,2000155.207395384,0.0,4.3152,SGC,"Roncesvalles - Tolima, Colombia",2004-03-29T01:27:19+00:00,4.4,ML,convertida
4.347,-73.853,4905388.081971838,2038394.00329025,4.0,3.1656,SGC,"Quetame - Cundinamarca, Colombia",2004-04-04T11:12:31+00:00,3.2,ML,convertida
4.622,-74.899,4789417.42023612,2069007.3722663864,7.0,4.1236,SGC,"Alvarado - Tolima, Colombia",2004-04-08T22:39:25+00:00,4.2,ML,convertida
3.812,-74.101,4877796.923371994,1979305.765390953,0.0,3.2614,SGC,"Cubarral - Meta, Colombia",2004-04-22T06:33:04+00:00,3.3,ML,convertida
3.561,-76.136,4651676.565667857,1952087.130283093,175.0,3.1656,SGC,"Palmira - Valle Del Cauca, Colombia",2004-04-28T19:17:22+00:00,3.2,ML,convertida
4.026,-76.428,4619410.319599209,2003672.8511058171,137.0,3.3572,SGC,"Darién - Valle Del Cauca, Colombia",2004-05-08T06:10:05+00:00,3.4,ML,convertida
2.661,-74.249,4861210.969899227,1852124.650486796,0.0,3.453,SGC,"Uribe - Meta, Colombia",2004-05-09T13:50:42+00:00,3.5,ML,convertida
3.56,-76.984,4557350.883016181,1952340.884598996,33.0,3.5488,SGC,"Dagua - Valle Del Cauca, Colombia",2004-05-23T12:56:32+00:00,3.6,ML,convertida
4.647,-76.046,4662140.266228044,2072216.522186816,0.0,3.0698,SGC,"Toro - Valle Del Cauca, Colombia",2004-06-04T23:54:53+00:00,3.1,ML,convertida
3.96,-76.126,4652946.541431185,1996234.6685644423,130.0,3.453,SGC,"San Pedro - Valle Del Cauca, Colombia",2004-06-12T10:31:16+00:00,3.5,ML,convertida
4.408,-76.215,4643258.599237952,2045850.519451502,126.0,3.1656,SGC,"Roldanillo - Valle Del Cauca, Colombia",2004-06-16T04:17:32+00:00,3.2,ML,convertida
4.686,-74.807,4799640.978484559,2076055.821627613,22.0,3.1656,SGC,"Pulí - Cundinamarca, Colombia",2004-06-24T18:27:34+00:00,3.2,ML,convertida
3.696,-74.208,4865901.315936292,1966501.929213862,0.0,4.027799999999999,SGC,"Lejanías - Meta, Colombia",2004-06-26T04:34:58+00:00,4.1,ML,convertida
3.657,-76.824,4575200.105900878,1963006.8732866363,118.0,3.3572,SGC,"Dagua - Valle Del Cauca, Colombia",2004-06-26T12:32:25+00:00,3.4,ML,convertida
3.477,-74.245,4861760.448625562,1942304.5466859145,0.0,3.6446,SGC,"Mesetas - Meta, Colombia",2004-06-29T19:31:00+00:00,3.7,ML,convertida
1.978,-75.797,4688948.502479128,1776853.5597481576,0.0,3.1656,SGC,"Suaza - Huila, Colombia",2004-07-01T11:47:52+00:00,3.2,ML,convertida
2.208,-76.053,4660502.626518389,1802352.1590012957,20.0,3.0698,SGC,"La Argentina - Huila, Colombia",2004-07-11T09:47:54+00:00,3.1,ML,convertida
4.764,-76.404,4622450.377855131,2085348.4066445325,85.0,3.3572,SGC,"El Cairo - Valle Del Cauca, Colombia",2004-07-24T15:32:53+00:00,3.4,ML,convertida
4.384,-76.728,4586247.534669065,2043458.8700241323,68.0,3.0698,SGC,"Sipí - Chocó, Colombia",2004-07-30T06:36:22+00:00,3.1,ML,convertida
2.401,-75.72,4697603.076449616,1823628.4092257093,2.0,3.6446,SGC,"Paicol - Huila, Colombia",2004-08-03T11:06:39+00:00,3.7,ML,convertida
2.272,-75.336,4740296.379720563,1809284.5952134,31.0,3.0698,SGC,"Gigante - Huila, Colombia",2004-08-11T06:53:57+00:00,3.1,ML,convertida
2.845,-75.997,4666898.312078351,1872816.9786171808,3.0,3.6446,SGC,"Belalcázar - Cauca, Colombia",2004-08-11T08:59:02+00:00,3.7,ML,convertida
4.663,-74.811,4799190.762724782,2073514.36154857,23.0,3.2614,SGC,"Pulí - Cundinamarca, Colombia",2004-08-13T22:41:37+00:00,3.3,ML,convertida
4.648,-74.593,4823366.141975452,2071797.920082472,23.0,3.3572,SGC,"Anapoima - Cundinamarca, Colombia",2004-08-14T05:05:31+00:00,3.4,ML,convertida
4.73,-76.569,4604107.23211265,2081677.1027130228,82.0,3.0698,SGC,"Sipí - Chocó, Colombia",2004-08-15T13:55:29+00:00,3.1,ML,convertida
3.479,-77.243,4528482.33561063,1943495.3582813889,78.0,3.453,SGC,"Buenaventura - Valle Del Cauca, Colombia",2004-08-15T20:04:44+00:00,3.5,ML,convertida
4.227,-76.529,4608281.70930162,2025971.6086436904,79.0,3.5488,SGC,"Trujillo - Valle Del Cauca, Colombia",2004-08-17T07:14:15+00:00,3.6,ML,convertida
2.14,-76.633,4595907.840642112,1794969.1623642717,0.0,5.0816,SGC,"Paispamba - Cauca, Colombia",2004-08-18T02:06:49+00:00,5.2,ML,convertida
2.129,-76.61,4598466.64224404,1793745.321153836,0.0,3.5488,SGC,"Paispamba - Cauca, Colombia",2004-08-18T03:03:23+00:00,3.6,ML,convertida
2.145,-76.668,4592010.858271059,1795532.0250984798,0.0,3.1656,SGC,"La Sierra - Cauca, Colombia",2004-08-19T00:47:34+00:00,3.2,ML,convertida
4.65,-76.254,4639046.731453939,2072651.5075438493,82.0,4.1236,SGC,"Versalles - Valle Del Cauca, Colombia",2004-08-22T18:35:52+00:00,4.2,ML,convertida
2.383,-75.542,4717402.089255164,1821599.5423250976,4.0,3.0698,SGC,"Gigante - Huila, Colombia",2004-09-08T17:37:07+00:00,3.1,ML,convertida
4.126,-76.997,4556197.750514356,2015037.075753777,64.0,3.932,SGC,"Buenaventura - Valle Del Cauca, Colombia",2004-09-16T01:53:19+00:00,4.0,ML,convertida
2.618,-75.093,4767384.189291447,1847497.552090932,102.0,4.506799999999999,SGC,"Rivera - Huila, Colombia",2004-09-18T09:29:08+00:00,4.6,ML,convertida
3.312,-74.498,4833634.298918532,1924108.3132541128,18.0,3.0698,SGC,"Uribe - Meta, Colombia",2004-09-19T06:48:13+00:00,3.1,ML,convertida
1.742,-76.298,4633126.789637241,1750837.665310877,4.0,3.7404,SGC,"San Agustín - Huila, Colombia",2004-09-23T14:09:24+00:00,3.8,ML,convertida
3.755,-76.801,4577805.488512145,1973847.892060332,121.0,3.5488,SGC,"Dagua - Valle Del Cauca, Colombia",2004-09-25T15:06:12+00:00,3.6,ML,convertida
4.359,-76.488,4612905.010753739,2040562.9089781127,117.0,3.1656,SGC,"Trujillo - Valle Del Cauca, Colombia",2004-09-26T15:07:13+00:00,3.2,ML,convertida
3.183,-77.148,4538920.024772489,1910657.4783730048,75.0,3.0698,SGC,"López - Cauca, Colombia",2004-10-20T19:10:47+00:00,3.1,ML,convertida
2.004,-75.707,4698969.643920971,1779712.8301119297,0.0,3.1656,SGC,"Guadalupe - Huila, Colombia",2004-11-07T22:23:00+00:00,3.2,ML,convertida
2.806,-76.477,4613474.6137366,1868649.901655434,136.0,3.453,SGC,"Caldono - Cauca, Colombia",2004-11-20T08:04:47+00:00,3.5,ML,convertida
2.845,-74.813,4798552.434729724,1872542.505568724,15.0,3.932,SGC,"Baraya - Huila, Colombia",2004-11-20T09:24:23+00:00,4.0,ML,convertida
4.583,-75.138,4762889.936428763,2064770.4665001545,0.0,3.0698,SGC,"Anzoátegui - Tolima, Colombia",2004-11-22T05:32:59+00:00,3.1,ML,convertida
4.897,-76.064,4660265.019305311,2099887.797732681,12.0,3.1656,SGC,"El Águila - Valle Del Cauca, Colombia",2004-11-29T01:53:08+00:00,3.2,ML,convertida
3.515,-74.552,4827671.893028321,1946555.1868118967,0.0,3.453,SGC,"Colombia - Huila, Colombia",2004-12-04T10:03:41+00:00,3.5,ML,convertida
3.92,-76.4,4622474.346265357,1991927.1629765988,124.0,3.1656,SGC,"Yotoco - Valle Del Cauca, Colombia",2004-12-13T11:42:54+00:00,3.2,ML,convertida
3.234,-74.597,4822623.019537986,1915503.9528409624,3.0,3.2614,SGC,"Uribe - Meta, Colombia",2004-12-20T09:12:04+00:00,3.3,ML,convertida
3.981,-76.615,4598600.102786775,1998780.684169471,136.0,3.2614,SGC,"Darién - Valle Del Cauca, Colombia",2004-12-23T12:22:46+00:00,3.3,ML,convertida
4.577,-76.719,4587356.314567268,2064823.714761327,94.0,3.0698,SGC,"Sipí - Chocó, Colombia",2005-01-11T19:17:17+00:00,3.1,ML,convertida
3.971,-76.603,4599929.473179683,1997667.7484440696,78.0,3.6446,SGC,"Darién - Valle Del Cauca, Colombia",2005-02-06T00:05:21+00:00,3.7,ML,convertida
4.68,-76.432,4619295.217750437,2076065.829629919,118.0,3.3572,SGC,"Sipí - Chocó, Colombia",2005-02-18T02:46:18+00:00,3.4,ML,convertida
4.572,-76.084,4657885.381560865,2063935.907264001,5.0,5.0816,SGC,"Toro - Valle Del Cauca, Colombia",2005-03-08T10:59:43+00:00,5.2,ML,convertida
3.803,-75.79,4690223.693370604,1978733.829660956,0.0,3.0698,SGC,"Roncesvalles - Tolima, Colombia",2005-03-23T01:56:53+00:00,3.1,ML,convertida
1.566,-76.168,4647572.149781493,1731337.2266591338,4.0,3.3572,SGC,"Palestina - Huila, Colombia",2005-04-04T10:28:23+00:00,3.4,ML,convertida
3.394,-73.802,4910945.704853219,1933079.694222796,0.0,3.453,SGC,"San Juan De Arama - Meta, Colombia",2005-04-04T16:47:54+00:00,3.5,ML,convertida
3.136,-74.844,4795160.787195061,1904716.8971840823,0.0,3.1656,SGC,"Baraya - Huila, Colombia",2005-04-16T17:12:17+00:00,3.2,ML,convertida
2.366,-77.409,4509514.377018139,1820240.7179231036,72.0,3.5488,SGC,"Argelia - Cauca, Colombia",2005-04-20T14:42:57+00:00,3.6,ML,convertida
4.837,-74.85,4794916.295504448,2092761.4122862783,4.0,3.0698,SGC,"Lérida - Tolima, Colombia",2005-04-23T00:39:35+00:00,3.1,ML,convertida
3.789,-77.254,4527419.613470389,1977847.3606790863,86.0,3.0698,SGC,"Buenaventura - Valle Del Cauca, Colombia",2005-05-05T10:17:55+00:00,3.1,ML,convertida
1.744,-76.399,4621878.773529667,1751079.037345077,2.0,4.6026,SGC,"Santa Rosa - Cauca, Colombia",2005-05-18T16:37:27+00:00,4.7,ML,convertida
4.64,-75.702,4700323.41068613,2071286.8987546088,148.0,3.8362,SGC,"Filandia - Quindío, Colombia",2005-05-21T03:37:20+00:00,3.9,ML,convertida
4.382,-75.302,4744622.669778242,2042599.9848344207,1.0,3.1656,SGC,"Ibagué - Tolima, Colombia",2005-05-21T11:43:13+00:00,3.2,ML,convertida
4.047,-76.441,4617975.120231458,2006003.4348598265,144.0,4.1236,SGC,"Darién - Valle Del Cauca, Colombia",2005-06-05T19:52:08+00:00,4.2,ML,convertida
4.43,-75.707,4699681.612606697,2048059.771588186,2.0,4.027799999999999,SGC,"Córdoba - Quindío, Colombia",2005-06-22T03:07:54+00:00,4.1,ML,convertida
2.665,-75.114,4765058.034719888,1852697.9590363635,4.0,3.7404,SGC,"Rivera - Huila, Colombia",2005-07-13T15:06:18+00:00,3.8,ML,convertida
2.815,-74.817,4798102.639976095,1869226.878709436,11.0,3.453,SGC,"Tello - Huila, Colombia",2005-07-15T17:53:40+00:00,3.5,ML,convertida
4.931,-75.756,4694459.046018317,2103500.59246753,4.0,3.453,SGC,"Marsella - Risaralda, Colombia",2005-08-06T16:28:47+00:00,3.5,ML,convertida
3.649,-77.056,4549381.896982027,1962234.141549851,32.0,3.2614,SGC,"Buenaventura - Valle Del Cauca, Colombia",2005-08-10T03:27:33+00:00,3.3,ML,convertida
3.681,-77.36,4515562.094908175,1965938.5331973971,22.0,3.5488,SGC,"Buenaventura - Valle Del Cauca, Colombia",2005-09-01T17:10:27+00:00,3.6,ML,convertida
2.345,-75.566,4714724.42216675,1817401.7333411756,4.0,3.2614,SGC,"Gigante - Huila, Colombia",2005-09-11T13:17:58+00:00,3.3,ML,convertida
1.844,-76.116,4653412.562373962,1762089.575051884,2.0,3.2614,SGC,"Pitalito - Huila, Colombia",2005-09-19T23:42:24+00:00,3.3,ML,convertida
4.542,-76.713,4588002.983592559,2060944.9247768535,112.0,5.0816,SGC,"Sipí - Chocó, Colombia",2005-10-02T17:07:22+00:00,5.2,ML,convertida
3.907,-76.222,4642254.772398236,1990410.2569979385,118.0,3.0698,SGC,"Guadalajara De Buga - Valle Del Cauca, Colombia",2005-10-11T14:40:57+00:00,3.1,ML,convertida
3.763,-75.837,4684986.547395692,1974325.815289407,0.0,3.2614,SGC,"Rioblanco - Tolima, Colombia",2005-10-12T11:21:19+00:00,3.3,ML,convertida
4.604,-76.107,4655346.838907252,2067487.8630873612,104.0,3.453,SGC,"Toro - Valle Del Cauca, Colombia",2005-10-25T04:43:23+00:00,3.5,ML,convertida
1.997,-76.11,4654111.418901807,1779017.971897991,4.0,3.3572,SGC,"Saladoblanco - Huila, Colombia",2005-11-13T08:22:05+00:00,3.4,ML,convertida
4.357,-75.351,4739175.095952272,2039852.2464298136,4.0,3.3572,SGC,"Cajamarca - Tolima, Colombia",2005-11-23T19:25:06+00:00,3.4,ML,convertida
2.059,-77.365,4514318.537545789,1786206.4878650017,4.0,3.1656,SGC,"Leiva - Nariño, Colombia",2005-11-30T11:28:03+00:00,3.2,ML,convertida
1.847,-75.875,4680242.694488397,1762376.277373273,0.0,3.453,SGC,"Acevedo - Huila, Colombia",2005-11-30T11:34:41+00:00,3.5,ML,convertida
3.55,-74.123,4875318.333655943,1950354.8817106143,13.0,3.1656,SGC,"Lejanías - Meta, Colombia",2005-12-06T17:12:56+00:00,3.2,ML,convertida
2.344,-75.537,4717950.430335686,1817285.2544623904,0.0,3.2614,SGC,"Gigante - Huila, Colombia",2005-12-12T02:47:22+00:00,3.3,ML,convertida
4.709,-74.695,4812069.347920934,2078567.247623242,20.0,3.453,SGC,"Pulí - Cundinamarca, Colombia",2005-12-17T04:58:04+00:00,3.5,ML,convertida
4.698,-76.164,4649064.235926623,2077917.7996051065,97.0,3.8362,SGC,"Argelia - Valle Del Cauca, Colombia",2005-12-22T06:17:54+00:00,3.9,ML,convertida
1.907,-76.087,4656653.641096232,1769054.788359286,0.0,3.453,SGC,"Pitalito - Huila, Colombia",2005-12-30T09:13:34+00:00,3.5,ML,convertida
5.122,-75.947,4673361.4203902045,2124723.450507288,124.0,3.6446,SGC,"Apía - Risaralda, Colombia",2005-12-30T16:08:09+00:00,3.7,ML,convertida
1.829,-74.188,4867915.6053835815,1760172.4887202927,6.0,3.0698,SGC,"La Macarena - Meta, Colombia",2005-12-30T22:45:09+00:00,3.1,ML,convertida
2.431,-75.597,4711293.611417171,1826919.8423292537,0.0,3.2614,SGC,"Gigante - Huila, Colombia",2006-01-02T00:24:15+00:00,3.3,ML,convertida
3.681,-74.103,4877556.697574508,1964829.109234588,0.0,4.411,SGC,"Lejanías - Meta, Colombia",2006-01-21T16:10:41+00:00,4.5,ML,convertida
3.382,-74.476,4836089.770442942,1931841.486787808,18.0,3.6446,SGC,"Uribe - Meta, Colombia",2006-01-23T05:33:07+00:00,3.7,ML,convertida
1.872,-76.242,4639388.734979162,1765213.2669415756,4.0,3.3572,SGC,"San Agustín - Huila, Colombia",2006-02-13T12:36:15+00:00,3.4,ML,convertida
3.124,-75.025,4775043.984300065,1903427.365390808,2.0,3.1656,SGC,"Baraya - Huila, Colombia",2006-02-13T13:27:26+00:00,3.2,ML,convertida
1.752,-76.346,4627783.125821434,1751953.8623155996,4.0,3.0698,SGC,"San Agustín - Huila, Colombia",2006-02-19T09:10:52+00:00,3.1,ML,convertida
2.653,-75.002,4777508.361714677,1851350.4829058752,4.0,3.6446,SGC,"Rivera - Huila, Colombia",2006-02-23T04:02:22+00:00,3.7,ML,convertida
2.868,-74.871,4792109.769629668,1875095.3913246968,0.0,3.932,SGC,"Tello - Huila, Colombia",2006-02-23T20:24:12+00:00,4.0,ML,convertida
4.439,-76.35,4628277.621922798,2049347.7236098647,134.0,3.453,SGC,"El Dovio - Valle Del Cauca, Colombia",2006-02-26T20:50:05+00:00,3.5,ML,convertida
4.848,-76.235,4641259.099929199,2094554.1800186192,120.0,3.1656,SGC,"San José Del Palmar - Chocó, Colombia",2006-03-08T00:29:30+00:00,3.2,ML,convertida
1.615,-76.758,4581859.500602146,1736871.4946901528,4.0,3.8362,SGC,"Santa Rosa - Cauca, Colombia",2006-03-09T10:59:32+00:00,3.9,ML,convertida
3.801,-74.091,4878905.449025519,1978088.7358355597,0.0,3.3572,SGC,"Cubarral - Meta, Colombia",2006-03-14T20:17:32+00:00,3.4,ML,convertida
3.954,-76.223,4642163.700516123,1995611.9663864733,4.0,3.0698,SGC,"San Pedro - Valle Del Cauca, Colombia",2006-03-17T16:41:12+00:00,3.1,ML,convertida
2.63,-75.161,4759825.430364256,1848837.1828187,4.0,3.453,SGC,"Campoalegre - Huila, Colombia",2006-03-19T13:03:39+00:00,3.5,ML,convertida
4.634,-76.428,4619714.692596824,2070971.9222175505,123.0,3.0698,SGC,"Sipí - Chocó, Colombia",2006-03-26T22:02:48+00:00,3.1,ML,convertida
3.251,-76.848,4572347.803852683,1918058.114858591,5.0,3.1656,SGC,"Jamundí - Valle Del Cauca, Colombia",2006-03-29T15:34:33+00:00,3.2,ML,convertida
4.899,-76.197,4645504.210780023,2100178.0483950484,114.0,3.8362,SGC,"San José Del Palmar - Chocó, Colombia",2006-04-17T11:23:30+00:00,3.9,ML,convertida
3.744,-74.256,4860579.601543704,1971814.1329976812,0.0,3.3572,SGC,"Lejanías - Meta, Colombia",2006-04-18T00:26:50+00:00,3.4,ML,convertida
4.248,-75.127,4764004.512069714,2027726.49505208,4.0,3.3572,SGC,"Valle De San Juan - Tolima, Colombia",2006-04-21T17:30:45+00:00,3.4,ML,convertida
3.988,-75.488,4723837.75551415,1999091.3122404115,4.0,3.453,SGC,"San Antonio - Tolima, Colombia",2006-04-22T20:05:22+00:00,3.5,ML,convertida
4.063,-76.652,4594526.839268852,2007877.4832847596,60.0,4.3152,SGC,"Darién - Valle Del Cauca, Colombia",2006-04-30T06:41:52+00:00,4.4,ML,convertida
3.297,-74.332,4852071.324470876,1922424.2083231327,5.0,4.219399999999999,SGC,"Uribe - Meta, Colombia",2006-05-10T04:31:50+00:00,4.3,ML,convertida
2.672,-75.03,4774398.752480445,1853456.1525915528,4.0,3.453,SGC,"Rivera - Huila, Colombia",2006-05-21T14:47:38+00:00,3.5,ML,convertida
2.354,-75.569,4714392.503167574,1818397.7385878256,1.0,3.2614,SGC,"Gigante - Huila, Colombia",2006-05-26T10:05:12+00:00,3.3,ML,convertida
4.419,-76.392,4623601.70103405,2047155.28883362,135.0,3.7404,SGC,"El Dovio - Valle Del Cauca, Colombia",2006-05-28T10:47:12+00:00,3.8,ML,convertida
4.076,-77.103,4544379.930303581,2009558.4175292368,50.0,3.3572,SGC,"Buenaventura - Valle Del Cauca, Colombia",2006-06-05T21:55:32+00:00,3.4,ML,convertida
4.243,-75.878,4680616.576762875,2027443.302649689,180.0,3.1656,SGC,"Sevilla - Valle Del Cauca, Colombia",2006-06-12T17:19:10+00:00,3.2,ML,convertida
3.588,-74.45,4839012.733193859,1954605.3441238203,4.0,3.3572,SGC,"Uribe - Meta, Colombia",2006-06-13T09:06:27+00:00,3.4,ML,convertida
3.72,-77.102,4544298.899472961,1970122.3108201877,47.0,3.932,SGC,"Buenaventura - Valle Del Cauca, Colombia",2006-06-25T06:12:57+00:00,4.0,ML,convertida
4.489,-76.115,4654403.650604566,2054766.3770705669,104.0,3.6446,SGC,"La Unión - Valle Del Cauca, Colombia",2006-07-12T09:07:39+00:00,3.7,ML,convertida
3.39,-74.651,4816652.381200567,1932757.07213192,4.0,4.1236,SGC,"Colombia - Huila, Colombia",2006-07-18T22:53:11+00:00,4.2,ML,convertida
3.649,-76.957,4560398.42056755,1962185.0317816709,6.0,3.5488,SGC,"Buenaventura - Valle Del Cauca, Colombia",2006-07-22T08:45:09+00:00,3.6,ML,convertida
4.818,-76.222,4642686.48305597,2091227.2810483896,100.0,3.0698,SGC,"El Cairo - Valle Del Cauca, Colombia",2006-07-22T14:31:35+00:00,3.1,ML,convertida
2.21,-76.642,4594924.1542914165,1802721.372473994,7.0,3.453,SGC,"Paispamba - Cauca, Colombia",2006-07-22T21:15:29+00:00,3.5,ML,convertida
4.857,-76.392,4623834.0547657,2095635.6419046768,103.0,3.2614,SGC,"San José Del Palmar - Chocó, Colombia",2006-08-03T14:27:59+00:00,3.3,ML,convertida
2.729,-74.184,4868442.139485435,1859632.339104794,0.0,3.0698,SGC,"Uribe - Meta, Colombia",2006-08-12T15:33:26+00:00,3.1,ML,convertida
4.906,-74.7,4811568.9860185385,2100345.351871588,16.0,3.1656,SGC,"San Juan De Rioseco - Cundinamarca, Colombia",2006-09-10T20:19:58+00:00,3.2,ML,convertida
4.027,-76.555,4605293.040146355,2003844.032847025,137.0,3.3572,SGC,"Darién - Valle Del Cauca, Colombia",2006-09-16T02:11:48+00:00,3.4,ML,convertida
3.379,-74.947,4783766.719481657,1931602.057425627,2.0,3.453,SGC,"Alpujarra - Tolima, Colombia",2006-09-18T01:33:52+00:00,3.5,ML,convertida
3.281,-74.985,4779522.965224916,1920776.121462079,2.0,3.5488,SGC,"Alpujarra - Tolima, Colombia",2006-09-18T11:03:13+00:00,3.6,ML,convertida
2.689,-75.016,4775958.363250842,1855333.055637382,4.0,3.0698,SGC,"Rivera - Huila, Colombia",2006-09-20T06:10:35+00:00,3.1,ML,convertida
4.338,-75.614,4709970.903140675,2037846.8862273477,1.0,3.932,SGC,"Pijao - Quindío, Colombia",2006-10-27T07:47:57+00:00,4.0,ML,convertida
3.988,-76.431,4619059.228820513,1999468.0714523864,91.0,3.0698,SGC,"Darién - Valle Del Cauca, Colombia",2006-11-01T15:02:49+00:00,3.1,ML,convertida
3.792,-77.2,4533430.943028421,1978150.370309194,51.0,3.0698,SGC,"Buenaventura - Valle Del Cauca, Colombia",2006-11-02T12:57:09+00:00,3.1,ML,convertida
4.723,-76.121,4653850.700057834,2080662.7392432983,99.0,3.3572,SGC,"Argelia - Valle Del Cauca, Colombia",2006-11-23T19:44:32+00:00,3.4,ML,convertida
4.461,-76.265,4637730.458996855,2051740.2551233224,109.0,3.0698,SGC,"El Dovio - Valle Del Cauca, Colombia",2006-11-29T08:54:07+00:00,3.1,ML,convertida
4.287,-76.249,4639424.274793418,2032475.9360046096,2.0,3.3572,SGC,"Bolívar - Valle Del Cauca, Colombia",2006-12-03T12:32:08+00:00,3.4,ML,convertida
3.508,-76.848,4572460.651274079,1946518.104536972,76.0,3.8362,SGC,"Dagua - Valle Del Cauca, Colombia",2006-12-09T05:40:38+00:00,3.9,ML,convertida
4.832,-74.647,4817425.2679934185,2092150.7742669915,22.0,3.8362,SGC,"San Juan De Rioseco - Cundinamarca, Colombia",2006-12-19T21:09:21+00:00,3.9,ML,convertida
1.842,-75.948,4672115.607418624,1761836.4278989432,0.0,4.3152,SGC,"Acevedo - Huila, Colombia",2007-01-06T12:40:06+00:00,4.4,ML,convertida
4.685,-75.899,4678476.88686598,2076351.951880826,143.0,3.3572,SGC,"Cartago - Valle Del Cauca, Colombia",2007-01-12T07:57:35+00:00,3.4,ML,convertida
2.476,-77.318,4519696.150404032,1832397.128619669,65.0,3.0698,SGC,"Argelia - Cauca, Colombia",2007-01-17T00:43:12+00:00,3.1,ML,convertida
4.644,-75.398,4734062.111529166,2071607.709639385,0.0,3.7404,SGC,"Salento - Quindío, Colombia",2007-01-18T22:16:28+00:00,3.8,ML,convertida
4.678,-76.283,4635840.845044466,2075765.2775005,156.0,3.453,SGC,"El Cairo - Valle Del Cauca, Colombia",2007-01-31T11:41:03+00:00,3.5,ML,convertida
2.816,-76.917,4564492.973595418,1869912.3329907616,117.0,4.027799999999999,SGC,"Suárez - Cauca, Colombia",2007-02-16T17:39:56+00:00,4.1,ML,convertida
2.951,-76.067,4659142.565479459,1884566.075949546,47.0,4.027799999999999,SGC,"Toribío - Cauca, Colombia",2007-02-19T08:56:14+00:00,4.1,ML,convertida
2.211,-76.484,4612519.98274599,1802789.814902227,4.0,4.89,SGC,"Coconuco - Cauca, Colombia",2007-03-06T08:05:08+00:00,5.0,ML,convertida
3.715,-74.796,4800614.516812664,1968712.6395198156,38.0,4.506799999999999,SGC,"Prado - Tolima, Colombia",2007-03-12T04:17:20+00:00,4.6,ML,convertida
2.211,-76.483,4612631.337443599,1802789.5533812768,4.0,3.3572,SGC,"Coconuco - Cauca, Colombia",2007-03-25T02:57:58+00:00,3.4,ML,convertida
4.802,-76.023,4664768.36926185,2089355.7235680916,32.0,3.3572,SGC,"Ansermanuevo - Valle Del Cauca, Colombia",2007-04-10T17:58:07+00:00,3.4,ML,convertida
2.637,-75.007,4776949.600054408,1849582.484835718,4.0,3.932,SGC,"Rivera - Huila, Colombia",2007-04-11T12:46:01+00:00,4.0,ML,convertida
2.289,-75.334,4740521.901141599,1811164.089383608,423.0,3.932,SGC,"Algeciras - Huila, Colombia",2007-04-18T02:57:50+00:00,4.0,ML,convertida
2.802,-75.697,4700256.850706006,1867978.325676574,168.0,3.3572,SGC,"Teruel - Huila, Colombia",2007-04-18T03:07:50+00:00,3.4,ML,convertida
3.812,-75.647,4706115.758019358,1979679.26545107,4.0,3.7404,SGC,"Chaparral - Tolima, Colombia",2007-04-21T03:04:16+00:00,3.8,ML,convertida
3.494,-74.571,4825557.789590985,1944237.552651702,4.0,3.0698,SGC,"Colombia - Huila, Colombia",2007-04-21T19:06:02+00:00,3.1,ML,convertida
3.833,-76.28,4635776.273863168,1982245.5009540247,118.0,3.1656,SGC,"Guadalajara De Buga - Valle Del Cauca, Colombia",2007-05-03T16:36:27+00:00,3.2,ML,convertida
4.689,-76.227,4642064.707311106,2076953.777971026,100.0,3.932,SGC,"El Cairo - Valle Del Cauca, Colombia",2007-05-08T17:03:10+00:00,4.0,ML,convertida
3.833,-75.649,4705900.713793884,1982002.7310156904,4.0,3.1656,SGC,"Roncesvalles - Tolima, Colombia",2007-05-10T02:22:34+00:00,3.2,ML,convertida
3.908,-76.225,4641921.750163186,1990522.202397616,96.0,3.2614,SGC,"Guadalajara De Buga - Valle Del Cauca, Colombia",2007-05-12T15:48:53+00:00,3.3,ML,convertida
4.427,-75.624,4708895.08473181,2047694.8119849204,4.0,3.1656,SGC,"Córdoba - Quindío, Colombia",2007-05-15T17:13:55+00:00,3.2,ML,convertida
4.739,-76.062,4660408.438012936,2082404.014638076,129.0,3.6446,SGC,"Argelia - Valle Del Cauca, Colombia",2007-05-16T19:56:59+00:00,3.7,ML,convertida
2.063,-75.644,4705991.272936283,1786227.0950539254,7.0,3.8362,SGC,"Guadalupe - Huila, Colombia",2007-05-21T01:34:39+00:00,3.9,ML,convertida
4.603,-74.963,4782311.871979785,2066926.0693460808,20.0,3.1656,SGC,"Alvarado - Tolima, Colombia",2007-05-22T23:32:44+00:00,3.2,ML,convertida
3.834,-75.638,4707123.168263421,1982109.5667121287,3.0,3.2614,SGC,"San Antonio - Tolima, Colombia",2007-05-24T21:45:06+00:00,3.3,ML,convertida
3.067,-76.153,4649612.354928317,1897429.0016219644,172.0,3.1656,SGC,"Corinto - Cauca, Colombia",2007-05-25T00:08:35+00:00,3.2,ML,convertida
2.174,-75.655,4704788.257968128,1798506.459619371,4.0,3.3572,SGC,"Garzón - Huila, Colombia",2007-05-25T14:05:09+00:00,3.4,ML,convertida
3.709,-77.211,4532162.491046846,1968960.829308136,32.0,3.6446,SGC,"Buenaventura - Valle Del Cauca, Colombia",2007-05-26T14:23:53+00:00,3.7,ML,convertida
3.836,-75.655,4705235.130776142,1982336.6228488644,0.0,4.6984,SGC,"Roncesvalles - Tolima, Colombia",2007-05-27T02:55:59+00:00,4.8,ML,convertida
4.563,-74.9,4789289.163326079,2062485.0219688765,23.0,3.0698,SGC,"Piedras - Tolima, Colombia",2007-06-05T04:51:29+00:00,3.1,ML,convertida
3.623,-74.391,4845570.469578091,1958463.472212388,2.0,3.6446,SGC,"Cabrera - Cundinamarca, Colombia",2007-06-11T13:07:31+00:00,3.7,ML,convertida
3.588,-76.366,4626112.455670882,1955165.7450167711,151.0,3.7404,SGC,"Palmira - Valle Del Cauca, Colombia",2007-06-12T11:18:50+00:00,3.8,ML,convertida
2.769,-74.83,4796649.730371199,1864144.0708011228,10.0,3.453,SGC,"Rivera - Huila, Colombia",2007-06-13T11:23:03+00:00,3.5,ML,convertida
4.498,-76.212,4643635.228827506,2055808.9688354356,106.0,3.1656,SGC,"El Dovio - Valle Del Cauca, Colombia",2007-06-18T07:40:20+00:00,3.2,ML,convertida
3.335,-74.241,4862184.463838852,1926610.7404143263,3.0,4.3152,SGC,"Uribe - Meta, Colombia",2007-06-27T10:44:57+00:00,4.4,ML,convertida
3.875,-75.642,4706692.832405991,1986645.8699625863,4.0,4.219399999999999,SGC,"Roncesvalles - Tolima, Colombia",2007-07-10T00:25:37+00:00,4.3,ML,convertida
3.88,-75.631,4707916.597626202,1987195.1029622064,4.0,4.411,SGC,"Roncesvalles - Tolima, Colombia",2007-07-15T14:29:59+00:00,4.5,ML,convertida
2.622,-75.162,4759712.707036781,1847952.83899778,4.0,3.6446,SGC,"Campoalegre - Huila, Colombia",2007-07-18T08:16:27+00:00,3.7,ML,convertida
1.881,-75.91,4676352.870961531,1766144.052565341,4.0,3.0698,SGC,"Acevedo - Huila, Colombia",2007-07-31T19:37:00+00:00,3.1,ML,convertida
3.209,-76.41,4621071.121453156,1913234.0220645985,27.0,3.1656,SGC,"Puerto Tejada - Cauca, Colombia",2007-08-06T21:51:57+00:00,3.2,ML,convertida
4.637,-76.331,4630489.187963507,2071252.561747626,123.0,3.8362,SGC,"Versalles - Valle Del Cauca, Colombia",2007-08-07T17:08:17+00:00,3.9,ML,convertida
4.72,-76.713,4588106.251120029,2080653.792995825,43.0,3.453,SGC,"Sipí - Chocó, Colombia",2007-08-19T15:08:01+00:00,3.5,ML,convertida
2.235,-75.593,4711698.629000461,1805241.134934545,4.0,3.0698,SGC,"Garzón - Huila, Colombia",2007-08-22T09:08:12+00:00,3.1,ML,convertida
4.199,-76.278,4636161.084643778,2022750.5167117296,140.0,3.7404,SGC,"Trujillo - Valle Del Cauca, Colombia",2007-08-24T12:45:51+00:00,3.8,ML,convertida
3.514,-74.61,4821229.942247541,1946455.5539817836,5.0,3.453,SGC,"Colombia - Huila, Colombia",2007-08-26T03:10:13+00:00,3.5,ML,convertida
1.891,-75.889,4678692.303572828,1767246.448886735,3.0,3.0698,SGC,"Acevedo - Huila, Colombia",2007-08-29T12:04:45+00:00,3.1,ML,convertida
4.265,-76.677,4591851.722446864,2030255.2743862644,88.0,3.453,SGC,"Trujillo - Valle Del Cauca, Colombia",2007-09-09T10:26:32+00:00,3.5,ML,convertida
2.419,-75.312,4742992.887904258,1825535.2648971963,4.0,3.1656,SGC,"Algeciras - Huila, Colombia",2007-09-10T03:25:19+00:00,3.2,ML,convertida
2.06,-75.611,4709662.846363019,1785889.2210156787,0.0,3.0698,SGC,"Garzón - Huila, Colombia",2007-09-11T10:16:39+00:00,3.1,ML,convertida
1.895,-76.013,4664889.569696686,1767712.4926545112,4.0,3.7404,SGC,"Pitalito - Huila, Colombia",2007-09-16T08:16:54+00:00,3.8,ML,convertida
3.901,-76.918,4564863.750307549,1990074.755989495,97.0,3.1656,SGC,"Buenaventura - Valle Del Cauca, Colombia",2007-09-18T03:39:46+00:00,3.2,ML,convertida
4.636,-75.911,4677122.452791509,2070936.359620992,20.0,3.1656,SGC,"Obando - Valle Del Cauca, Colombia",2007-09-22T18:32:04+00:00,3.2,ML,convertida
4.216,-77.089,4546017.363682758,2025058.643379278,40.0,3.453,SGC,"Santa Genoveva De Docordó - Chocó, Colombia",2007-09-22T20:40:21+00:00,3.5,ML,convertida
3.709,-75.84,4684633.852266198,1968353.0878788007,191.0,3.453,SGC,"Rioblanco - Tolima, Colombia",2007-09-26T19:44:47+00:00,3.5,ML,convertida
2.054,-76.243,4639316.476844726,1785354.524022346,0.0,4.027799999999999,SGC,"San José De Isnos - Huila, Colombia",2007-10-09T10:54:33+00:00,4.1,ML,convertida
3.811,-76.86,4571269.860704821,1980078.1875531364,64.0,3.5488,SGC,"Buenaventura - Valle Del Cauca, Colombia",2007-10-22T17:43:04+00:00,3.6,ML,convertida
2.934,-76.381,4624201.093161066,1882785.8011715768,152.0,3.8362,SGC,"Caloto - Cauca, Colombia",2007-10-26T05:49:59+00:00,3.9,ML,convertida
3.496,-74.388,4845882.481082552,1944426.6054711351,0.0,3.1656,SGC,"Uribe - Meta, Colombia",2007-11-09T11:40:03+00:00,3.2,ML,convertida
4.08,-76.188,4646108.035835171,2009540.3531763533,161.0,3.6446,SGC,"Tuluá - Valle Del Cauca, Colombia",2008-01-03T04:15:37+00:00,3.7,ML,convertida
2.565,-77.592,4489189.539199861,1842365.1165636133,68.0,3.453,SGC,"Timbiquí - Cauca, Colombia",2008-01-13T06:26:33+00:00,3.5,ML,convertida
4.084,-76.702,4588978.483763237,2010227.9509252205,0.0,3.3572,SGC,"Darién - Valle Del Cauca, Colombia",2008-01-22T19:24:36+00:00,3.4,ML,convertida
4.556,-74.622,4820126.634596713,2061635.832992444,59.0,3.1656,SGC,"Apulo - Cundinamarca, Colombia",2008-01-31T10:55:52+00:00,3.2,ML,convertida
3.983,-76.663,4593264.093995047,1999025.68280006,94.0,3.0698,SGC,"Darién - Valle Del Cauca, Colombia",2008-02-11T20:54:37+00:00,3.1,ML,convertida
1.782,-75.997,4666649.75007564,1755207.1948469232,0.0,3.0698,SGC,"Pitalito - Huila, Colombia",2008-02-14T11:15:54+00:00,3.1,ML,convertida
3.611,-77.203,4533001.943546762,1958099.3831557548,21.0,4.219399999999999,SGC,"Buenaventura - Valle Del Cauca, Colombia",2008-03-04T06:23:04+00:00,4.3,ML,convertida
4.613,-76.215,4643358.816913409,2068537.0204134812,114.0,3.2614,SGC,"Versalles - Valle Del Cauca, Colombia",2008-03-12T15:08:36+00:00,3.3,ML,convertida
2.712,-75.033,4774072.584406214,1857879.0246765492,2.0,3.3572,SGC,"Rivera - Huila, Colombia",2008-03-13T07:58:45+00:00,3.4,ML,convertida
4.88,-74.821,4798145.004593319,2097506.336699181,4.0,3.7404,SGC,"Lérida - Tolima, Colombia",2008-03-14T11:04:40+00:00,3.8,ML,convertida
4.202,-76.709,4588261.404031183,2023296.8127445,22.0,3.0698,SGC,"Darién - Valle Del Cauca, Colombia",2008-03-15T11:49:24+00:00,3.1,ML,convertida
5.049,-74.68,4813826.68251833,2116147.160323612,26.0,4.6984,SGC,"Guaduas - Cundinamarca, Colombia",2008-03-25T02:38:15+00:00,4.8,ML,convertida
4.076,-76.295,4634215.568002802,2009145.5732971064,146.0,3.1656,SGC,"Riofrío - Valle Del Cauca, Colombia",2008-03-25T17:54:57+00:00,3.2,ML,convertida
5.149,-74.685,4813301.338670764,2127202.7873029797,12.0,4.1236,SGC,"Honda - Tolima, Colombia",2008-03-27T07:18:24+00:00,4.2,ML,convertida
4.63,-75.876,4681005.094006651,2070256.6977950784,32.0,4.3152,SGC,"Alcalá - Valle Del Cauca, Colombia",2008-03-31T18:15:24+00:00,4.4,ML,convertida
4.014,-76.649,4594836.005577067,2002450.9382660263,12.0,3.453,SGC,"Darién - Valle Del Cauca, Colombia",2008-04-02T15:14:25+00:00,3.5,ML,convertida
5.104,-74.668,4815172.531708268,2122223.489631148,28.0,3.7404,SGC,"Guaduas - Cundinamarca, Colombia",2008-04-12T21:49:36+00:00,3.8,ML,convertida
0.693,-75.225,4752467.6389741935,1634674.393225339,0.0,3.0698,SGC,"Solano - Caquetá, Colombia",2008-04-14T11:45:11+00:00,3.1,ML,convertida
1.929,-75.519,4719877.594293774,1771384.85839325,0.0,3.0698,SGC,"Guadalupe - Huila, Colombia",2008-04-19T13:16:19+00:00,3.1,ML,convertida
4.626,-76.479,4614045.793521387,2070113.9747205628,70.0,3.1656,SGC,"Sipí - Chocó, Colombia",2008-05-08T04:23:31+00:00,3.2,ML,convertida
2.899,-74.928,4785779.8389327,1878532.995552685,24.0,3.5488,SGC,"Tello - Huila, Colombia",2008-05-16T01:39:51+00:00,3.6,ML,convertida
4.437,-73.828,4908172.200783391,2048336.2619542407,4.0,4.027799999999999,SGC,"Fómeque - Cundinamarca, Colombia",2008-05-24T12:08:15+00:00,4.1,ML,convertida
4.4,-73.813,4909831.390066187,2044245.7903898908,0.0,5.5606,SGC,"Quetame - Cundinamarca, Colombia",2008-05-24T14:20:44+00:00,5.7,ML,convertida
4.422,-73.83,4907948.524469526,2046678.950750264,6.0,4.411,SGC,"Fómeque - Cundinamarca, Colombia",2008-05-24T14:23:04+00:00,4.5,ML,convertida
4.395,-73.82,4909054.371705909,2043694.121302577,4.0,3.5488,SGC,"Quetame - Cundinamarca, Colombia",2008-05-24T14:34:05+00:00,3.6,ML,convertida
4.356,-73.779,4913597.468690034,2039379.6631578368,4.0,4.027799999999999,SGC,"El Calvario - Meta, Colombia",2008-05-24T15:36:06+00:00,4.1,ML,convertida
4.409,-73.762,4915489.082258322,2045234.343994527,3.0,3.3572,SGC,"El Calvario - Meta, Colombia",2008-05-24T16:04:08+00:00,3.4,ML,convertida
4.434,-73.799,4911388.245422423,2048001.2193389933,4.0,3.3572,SGC,"Fómeque - Cundinamarca, Colombia",2008-05-24T18:08:03+00:00,3.4,ML,convertida
4.393,-73.809,4910274.216158099,2043471.7855023695,4.0,4.219399999999999,SGC,"Quetame - Cundinamarca, Colombia",2008-05-25T04:39:53+00:00,4.3,ML,convertida
4.411,-73.852,4905507.03721009,2045466.1624078995,4.0,3.453,SGC,"Quetame - Cundinamarca, Colombia",2008-05-26T14:27:36+00:00,3.5,ML,convertida
4.384,-73.833,4907611.097812608,2042480.172069785,4.0,3.932,SGC,"Quetame - Cundinamarca, Colombia",2008-05-27T22:12:06+00:00,4.0,ML,convertida
4.447,-73.802,4911057.070825456,2049438.1208117856,0.0,3.8362,SGC,"Fómeque - Cundinamarca, Colombia",2008-06-02T18:50:25+00:00,3.9,ML,convertida
4.446,-73.762,4915493.280181947,2049322.9235241227,12.0,3.3572,SGC,"San Juanito - Meta, Colombia",2008-06-02T21:48:35+00:00,3.4,ML,convertida
4.394,-73.817,4909387.001349146,2043583.2534986136,3.0,3.6446,SGC,"Quetame - Cundinamarca, Colombia",2008-06-06T22:50:08+00:00,3.7,ML,convertida
4.365,-73.821,4908939.826775231,2040379.1357746543,0.0,3.6446,SGC,"Quetame - Cundinamarca, Colombia",2008-06-07T08:34:13+00:00,3.7,ML,convertida
3.602,-74.384,4846344.231329151,1956141.311625098,0.0,3.0698,SGC,"Uribe - Meta, Colombia",2008-06-11T04:35:07+00:00,3.1,ML,convertida
4.565,-73.729,4919166.364575846,2062468.9170063091,20.0,3.2614,SGC,"San Juanito - Meta, Colombia",2008-07-08T09:06:35+00:00,3.3,ML,convertida
4.525,-75.089,4768308.020520351,2058341.615362596,4.0,4.027799999999999,SGC,"Anzoátegui - Tolima, Colombia",2008-07-13T08:45:54+00:00,4.1,ML,convertida
2.326,-75.671,4703038.706324822,1815322.036633908,3.0,3.0698,SGC,"Agrado - Huila, Colombia",2008-08-11T09:11:21+00:00,3.1,ML,convertida
3.48,-74.702,4811004.77657493,1942715.346149207,4.0,3.3572,SGC,"Colombia - Huila, Colombia",2008-08-11T21:28:03+00:00,3.4,ML,convertida
2.038,-76.175,4646883.733634574,1783568.785558517,0.0,3.2614,SGC,"San José De Isnos - Huila, Colombia",2008-08-13T15:17:55+00:00,3.3,ML,convertida
3.543,-74.454,4838560.684184905,1949632.394175155,32.0,3.3572,SGC,"Uribe - Meta, Colombia",2008-08-17T18:09:21+00:00,3.4,ML,convertida
2.924,-76.351,4627536.1173845,1881668.968528868,2.0,3.453,SGC,"Toribío - Cauca, Colombia",2008-08-24T16:36:23+00:00,3.5,ML,convertida
1.959,-76.022,4663900.214800891,1774795.302879779,16.0,3.7404,SGC,"Saladoblanco - Huila, Colombia",2008-08-31T17:42:12+00:00,3.8,ML,convertida
2.923,-76.046,4661470.208642033,1881461.5862576184,0.0,4.411,SGC,"Toribío - Cauca, Colombia",2008-09-02T12:20:58+00:00,4.5,ML,convertida
4.457,-76.747,4584176.632871679,2051552.549353141,40.0,3.0698,SGC,"Sipí - Chocó, Colombia",2008-09-02T15:40:46+00:00,3.1,ML,convertida
4.242,-76.496,4611956.746880068,2027615.469932434,117.0,3.0698,SGC,"Trujillo - Valle Del Cauca, Colombia",2008-09-02T20:34:56+00:00,3.1,ML,convertida
4.994,-75.697,4701033.26208166,2110442.581451246,137.0,5.1774,SGC,"Marsella - Risaralda, Colombia",2008-09-13T04:32:01+00:00,5.3,ML,convertida
2.809,-76.099,4655539.977886725,1868863.5476373169,3.0,4.3152,SGC,"Belalcázar - Cauca, Colombia",2008-09-14T13:29:25+00:00,4.4,ML,convertida
1.856,-77.059,4548371.25997191,1763630.704279837,143.0,3.1656,SGC,"Bolívar - Cauca, Colombia",2008-09-21T17:15:47+00:00,3.2,ML,convertida
4.463,-73.683,4924256.651486149,2051192.863780282,0.0,3.1656,SGC,"San Juanito - Meta, Colombia",2008-10-12T12:03:33+00:00,3.2,ML,convertida
4.245,-76.399,4622737.623433054,2027899.4916106695,112.0,3.1656,SGC,"Trujillo - Valle Del Cauca, Colombia",2008-10-14T02:38:05+00:00,3.2,ML,convertida
3.699,-74.134,4874117.499611969,1966822.639733673,0.0,3.8362,SGC,"Lejanías - Meta, Colombia",2008-10-15T01:35:20+00:00,3.9,ML,convertida
4.344,-75.94,4673773.194107537,2038643.5297765653,158.0,3.1656,SGC,"Sevilla - Valle Del Cauca, Colombia",2008-10-19T04:27:19+00:00,3.2,ML,convertida
4.043,-76.227,4641757.851929037,2005462.981421978,1.0,4.219399999999999,SGC,"San Pedro - Valle Del Cauca, Colombia",2008-10-31T15:07:42+00:00,4.3,ML,convertida
3.771,-75.556,4716212.495269893,1975114.105723182,2.0,3.0698,SGC,"Chaparral - Tolima, Colombia",2008-11-07T01:58:41+00:00,3.1,ML,convertida
4.529,-75.359,4738347.762333903,2058875.7599095136,0.0,4.027799999999999,SGC,"Cajamarca - Tolima, Colombia",2008-11-09T03:00:55+00:00,4.1,ML,convertida
4.946,-76.162,4649413.736432435,2105360.6900254325,100.0,3.453,SGC,"San José Del Palmar - Chocó, Colombia",2008-11-18T16:28:07+00:00,3.5,ML,convertida
3.677,-76.925,4563972.627768553,1965270.411765908,30.0,3.932,SGC,"Buenaventura - Valle Del Cauca, Colombia",2008-11-19T17:56:24+00:00,4.0,ML,convertida
4.963,-75.409,4732965.782491295,2106890.263278201,128.0,3.1656,SGC,"Villamaría - Caldas, Colombia",2008-11-28T01:09:34+00:00,3.2,ML,convertida
3.015,-74.923,4786357.810032947,1891355.9799014048,5.0,3.5488,SGC,"Baraya - Huila, Colombia",2008-12-19T02:27:14+00:00,3.6,ML,convertida
4.833,-75.976,4670000.04160407,2092762.7343296371,125.0,3.0698,SGC,"Ansermanuevo - Valle Del Cauca, Colombia",2008-12-24T22:38:33+00:00,3.1,ML,convertida
4.404,-73.866,4903953.320693044,2044694.4185705704,0.0,3.0698,SGC,"Quetame - Cundinamarca, Colombia",2009-01-10T09:54:33+00:00,3.1,ML,convertida
4.975,-76.108,4655421.925524239,2108541.3990575457,106.0,3.3572,SGC,"El Águila - Valle Del Cauca, Colombia",2009-01-21T21:21:30+00:00,3.4,ML,convertida
4.638,-75.424,4731174.741096002,2070953.9966120636,164.0,3.3572,SGC,"Salento - Quindío, Colombia",2009-02-24T06:17:18+00:00,3.4,ML,convertida
3.974,-76.314,4632058.116523672,1997865.3104227823,121.0,3.453,SGC,"Guadalajara De Buga - Valle Del Cauca, Colombia",2009-03-06T08:34:12+00:00,3.5,ML,convertida
4.643,-74.886,4790865.700763469,2071325.1361973025,3.0,3.1656,SGC,"Venadillo - Tolima, Colombia",2009-03-08T04:51:23+00:00,3.2,ML,convertida
4.743,-76.298,4634209.225388059,2082966.9850462684,108.0,3.2614,SGC,"El Cairo - Valle Del Cauca, Colombia",2009-03-16T04:58:23+00:00,3.3,ML,convertida
4.632,-75.618,4709643.060940038,2070366.997735201,6.0,3.6446,SGC,"Circasia - Quindío, Colombia",2009-03-23T14:55:34+00:00,3.7,ML,convertida
4.293,-76.315,4632094.373356433,2033171.4279503236,121.0,3.1656,SGC,"Trujillo - Valle Del Cauca, Colombia",2009-03-27T23:56:13+00:00,3.2,ML,convertida
4.493,-76.032,4663622.6652369,2055170.227468154,25.0,3.6446,SGC,"La Victoria - Valle Del Cauca, Colombia",2009-03-28T10:55:04+00:00,3.7,ML,convertida
4.899,-76.208,4644283.224445023,2100183.8827719293,100.0,3.1656,SGC,"San José Del Palmar - Chocó, Colombia",2009-04-14T07:13:32+00:00,3.2,ML,convertida
2.739,-75.074,4769519.416720099,1860871.9026404717,4.0,3.0698,SGC,"Rivera - Huila, Colombia",2009-05-08T01:01:24+00:00,3.1,ML,convertida
4.122,-75.019,4775956.5916688405,2013763.7815966867,4.0,3.1656,SGC,"San Luis - Tolima, Colombia",2009-05-31T15:10:00+00:00,3.2,ML,convertida
4.892,-76.467,4615526.67594466,2099552.2153875493,96.0,3.6446,SGC,"Nóvita - Chocó, Colombia",2009-06-04T08:47:29+00:00,3.7,ML,convertida
3.289,-74.141,4873285.347204602,1921513.7816975457,8.0,3.453,SGC,"Mesetas - Meta, Colombia",2009-06-27T16:19:06+00:00,3.5,ML,convertida
3.479,-74.347,4850433.107363494,1942541.1297695595,15.0,3.0698,SGC,"Uribe - Meta, Colombia",2009-06-28T12:11:34+00:00,3.1,ML,convertida
3.678,-75.626,4708404.527679279,1964850.8535772036,0.0,4.89,SGC,"Rioblanco - Tolima, Colombia",2009-07-03T05:04:54+00:00,5.0,ML,convertida
3.9,-74.125,4875145.601077191,1989034.2700804756,0.0,3.2614,SGC,"Cubarral - Meta, Colombia",2009-07-08T13:44:49+00:00,3.3,ML,convertida
3.792,-76.817,4576043.663497048,1977952.876225979,7.0,3.1656,SGC,"Dagua - Valle Del Cauca, Colombia",2009-07-17T09:44:56+00:00,3.2,ML,convertida
4.685,-76.715,4587863.446830311,2076779.6272455903,2.0,4.219399999999999,SGC,"Sipí - Chocó, Colombia",2009-07-23T15:18:33+00:00,4.3,ML,convertida
4.405,-73.648,4928132.647260669,2044780.3855911617,20.0,3.1656,SGC,"San Juanito - Meta, Colombia",2009-08-05T23:29:15+00:00,3.2,ML,convertida
3.788,-75.657,4704996.546222525,1977028.0624940717,0.0,3.3572,SGC,"Chaparral - Tolima, Colombia",2009-08-07T09:16:02+00:00,3.4,ML,convertida
3.949,-76.596,4600697.189446001,1995228.771847164,13.0,3.0698,SGC,"Darién - Valle Del Cauca, Colombia",2009-08-16T03:53:36+00:00,3.1,ML,convertida
3.983,-76.585,4601936.543647387,1998987.5290981831,70.0,3.453,SGC,"Darién - Valle Del Cauca, Colombia",2009-08-24T13:24:56+00:00,3.5,ML,convertida
4.75,-74.787,4801877.440168434,2083125.1256882567,15.0,3.1656,SGC,"Ambalema - Tolima, Colombia",2009-08-28T01:42:50+00:00,3.2,ML,convertida
4.813,-76.652,4594936.956472878,2090914.5584760075,12.0,4.6026,SGC,"Nóvita - Chocó, Colombia",2009-09-08T03:26:01+00:00,4.7,ML,convertida
3.443,-74.386,4846096.018842327,1938568.601207507,0.0,3.0698,SGC,"Uribe - Meta, Colombia",2009-09-17T11:17:25+00:00,3.1,ML,convertida
3.027,-77.606,4487830.087534329,1893582.1142802683,16.0,3.2614,SGC,"Timbiquí - Cauca, Colombia",2009-09-18T20:04:06+00:00,3.3,ML,convertida
3.914,-76.221,4642368.894391978,1991184.4881168653,102.0,3.2614,SGC,"Guadalajara De Buga - Valle Del Cauca, Colombia",2009-09-21T12:05:20+00:00,3.3,ML,convertida
4.082,-76.585,4601984.8327971045,2009947.546339276,62.0,3.1656,SGC,"Darién - Valle Del Cauca, Colombia",2009-09-25T23:23:14+00:00,3.2,ML,convertida
4.692,-76.671,4592755.48922148,2077528.890092673,63.0,3.3572,SGC,"Sipí - Chocó, Colombia",2009-09-29T17:32:18+00:00,3.4,ML,convertida
3.807,-75.715,4698558.716042762,1979149.713586372,4.0,3.7404,SGC,"Roncesvalles - Tolima, Colombia",2009-09-30T21:26:34+00:00,3.8,ML,convertida
3.698,-76.958,4560311.208011503,1967612.473856036,9.0,3.0698,SGC,"Buenaventura - Valle Del Cauca, Colombia",2009-10-03T17:46:46+00:00,3.1,ML,convertida
3.688,-75.936,4673956.730951025,1966064.5635921943,170.0,3.1656,SGC,"Rioblanco - Tolima, Colombia",2009-10-13T00:14:18+00:00,3.2,ML,convertida
4.616,-76.172,4648135.183982786,2068847.5779929992,117.0,3.3572,SGC,"Versalles - Valle Del Cauca, Colombia",2009-10-19T10:44:15+00:00,3.4,ML,convertida
3.822,-76.581,4602305.347017001,1981161.840028727,128.0,4.6026,SGC,"Restrepo - Valle Del Cauca, Colombia",2009-10-22T10:56:48+00:00,4.7,ML,convertida
3.022,-74.917,4787026.01376966,1892128.659961505,0.0,3.0698,SGC,"Baraya - Huila, Colombia",2009-10-25T06:25:27+00:00,3.1,ML,convertida
4.722,-76.14,4651740.824380521,2080561.580175913,92.0,3.8362,SGC,"Argelia - Valle Del Cauca, Colombia",2009-10-30T20:06:54+00:00,3.9,ML,convertida
4.691,-76.127,4653168.710710717,2077124.71120598,83.0,4.6026,SGC,"Argelia - Valle Del Cauca, Colombia",2009-11-02T07:18:51+00:00,4.7,ML,convertida
4.699,-76.116,4654393.918636792,2078004.510313711,83.0,3.3572,SGC,"Argelia - Valle Del Cauca, Colombia",2009-11-02T17:16:52+00:00,3.4,ML,convertida
3.839,-75.703,4699903.184607974,1982685.158159794,4.0,3.453,SGC,"Roncesvalles - Tolima, Colombia",2009-11-07T00:50:55+00:00,3.5,ML,convertida
3.244,-74.446,4839399.743534008,1916584.0618637807,9.0,3.5488,SGC,"Uribe - Meta, Colombia",2009-11-13T08:46:23+00:00,3.6,ML,convertida
4.554,-76.816,4576564.465115897,2062333.4058018725,18.0,3.3572,SGC,"Sipí - Chocó, Colombia",2009-11-20T03:27:25+00:00,3.4,ML,convertida
3.5,-77.517,4497983.103978331,1945964.688497092,12.0,3.6446,SGC,"Buenaventura - Valle Del Cauca, Colombia",2009-11-23T09:30:47+00:00,3.7,ML,convertida
5.007,-74.745,4806608.984346704,2111523.2226260724,16.0,4.027799999999999,SGC,"Guayabal - Tolima, Colombia",2009-11-24T06:10:00+00:00,4.1,ML,convertida
3.837,-75.662,4704457.759446382,1982449.648649955,3.0,3.6446,SGC,"Roncesvalles - Tolima, Colombia",2009-11-24T13:48:13+00:00,3.7,ML,convertida
3.051,-76.388,4623462.156943549,1895738.0153000527,151.0,5.1774,SGC,"Caloto - Cauca, Colombia",2009-12-18T09:30:03+00:00,5.3,ML,convertida
1.939,-76.002,4666122.674442938,1772578.5061629934,4.0,4.1236,SGC,"Saladoblanco - Huila, Colombia",2009-12-19T09:33:58+00:00,4.2,ML,convertida
4.445,-75.945,4673261.949609892,2049820.10002166,146.0,3.7404,SGC,"La Victoria - Valle Del Cauca, Colombia",2009-12-19T15:04:41+00:00,3.8,ML,convertida
3.311,-76.949,4561131.721584721,1924746.710209804,79.0,3.8362,SGC,"Jamundí - Valle Del Cauca, Colombia",2010-01-02T16:25:18+00:00,3.9,ML,convertida
3.872,-76.053,4661023.396517802,1986467.4392542664,109.0,3.6446,SGC,"San Pedro - Valle Del Cauca, Colombia",2010-01-03T01:36:00+00:00,3.7,ML,convertida
4.301,-75.76,4693744.868803991,2033811.5014443195,180.0,4.6026,SGC,"Buenavista - Quindío, Colombia",2010-01-11T13:48:36+00:00,4.7,ML,convertida
4.251,-76.413,4621184.838618533,2028570.4697083551,115.0,3.0698,SGC,"Trujillo - Valle Del Cauca, Colombia",2010-01-16T11:18:52+00:00,3.1,ML,convertida
4.775,-76.12,4653987.686383576,2086416.3676819028,116.0,4.6026,SGC,"Argelia - Valle Del Cauca, Colombia",2010-01-29T12:52:24+00:00,4.7,ML,convertida
4.818,-75.968,4670880.688960456,2091099.236020626,32.0,3.2614,SGC,"Ansermanuevo - Valle Del Cauca, Colombia",2010-02-08T05:25:52+00:00,3.3,ML,convertida
4.721,-76.124,4653516.648864885,2080442.9219888372,96.0,3.0698,SGC,"Argelia - Valle Del Cauca, Colombia",2010-02-19T23:33:45+00:00,3.1,ML,convertida
3.667,-76.162,4648826.607078994,1963826.8077969127,168.0,3.5488,SGC,"Ginebra - Valle Del Cauca, Colombia",2010-02-24T16:55:53+00:00,3.6,ML,convertida
4.801,-76.221,4642788.620122602,2089345.4147360933,108.0,3.932,SGC,"El Cairo - Valle Del Cauca, Colombia",2010-03-03T02:46:25+00:00,4.0,ML,convertida
4.869,-76.238,4640937.203402228,2096879.8225843892,106.0,3.0698,SGC,"San José Del Palmar - Chocó, Colombia",2010-03-03T14:58:44+00:00,3.1,ML,convertida
4.938,-75.446,4728851.739575,2104140.4642460765,130.0,4.6026,SGC,"Villamaría - Caldas, Colombia",2010-03-04T17:09:12+00:00,4.7,ML,convertida
4.253,-76.279,4636075.201478432,2028727.2852522235,127.0,3.0698,SGC,"Trujillo - Valle Del Cauca, Colombia",2010-03-07T23:04:28+00:00,3.1,ML,convertida
1.853,-75.984,4668110.018715043,1763060.1169674092,3.0,4.027799999999999,SGC,"Pitalito - Huila, Colombia",2010-03-09T22:45:47+00:00,4.1,ML,convertida
2.567,-74.93,4785498.56136537,1841830.3788860133,4.0,3.1656,SGC,"Algeciras - Huila, Colombia",2010-03-13T23:02:28+00:00,3.2,ML,convertida
3.37,-74.528,4830311.72616066,1930524.073836819,19.0,4.1236,SGC,"Uribe - Meta, Colombia",2010-03-18T08:47:03+00:00,4.2,ML,convertida
3.66,-74.088,4879219.217368943,1962506.3493139844,4.0,3.0698,SGC,"Lejanías - Meta, Colombia",2010-03-27T05:44:56+00:00,3.1,ML,convertida
4.188,-77.152,4538994.145810001,2021993.8761362417,79.0,3.453,SGC,"Santa Genoveva De Docordó - Chocó, Colombia",2010-03-29T18:58:30+00:00,3.5,ML,convertida
4.627,-76.445,4617822.776071653,2070206.2402026048,103.0,3.8362,SGC,"Sipí - Chocó, Colombia",2010-04-13T11:51:35+00:00,3.9,ML,convertida
3.594,-74.399,4844677.203039924,1955259.6688725096,15.0,3.7404,SGC,"Uribe - Meta, Colombia",2010-04-18T17:03:01+00:00,3.8,ML,convertida
3.961,-76.266,4637387.512572299,1996405.3409209547,76.0,3.0698,SGC,"San Pedro - Valle Del Cauca, Colombia",2010-04-24T20:57:14+00:00,3.1,ML,convertida
2.243,-76.108,4654388.750658978,1806237.632461253,4.0,3.5488,SGC,"La Argentina - Huila, Colombia",2010-05-08T22:18:09+00:00,3.6,ML,convertida
1.991,-75.98,4668581.972860558,1778327.3204689587,12.0,3.1656,SGC,"Oporapa - Huila, Colombia",2010-05-24T14:31:20+00:00,3.2,ML,convertida
2.579,-76.617,4597816.358249409,1843566.1802882303,135.0,3.3572,SGC,"Cajibío - Cauca, Colombia",2010-05-30T09:10:06+00:00,3.4,ML,convertida
2.264,-76.551,4605073.160917983,1808674.6527464136,2.0,4.1236,SGC,"Paispamba - Cauca, Colombia",2010-06-06T15:37:50+00:00,4.2,ML,convertida
2.958,-74.082,4879800.7958456585,1884928.063612636,0.0,3.1656,SGC,"Vistahermosa - Meta, Colombia",2010-06-08T16:51:09+00:00,3.2,ML,convertida
1.996,-74.969,4781075.987222603,1778711.175589241,3.0,3.8362,SGC,"Puerto Rico - Caquetá, Colombia",2010-06-11T10:54:06+00:00,3.9,ML,convertida
4.218,-73.696,4922790.01651909,2024121.643651876,2.0,3.6446,SGC,"Villavicencio - Meta, Colombia",2010-06-12T09:22:44+00:00,3.7,ML,convertida
4.974,-76.341,4629561.046178579,2108557.06609855,106.0,3.6446,SGC,"San José Del Palmar - Chocó, Colombia",2010-06-23T11:22:11+00:00,3.7,ML,convertida
2.493,-75.996,4666914.641371431,1833871.4771985025,4.0,3.8362,SGC,"Inzá - Cauca, Colombia",2010-07-09T16:48:25+00:00,3.9,ML,convertida
3.959,-75.158,4760477.217780843,1995781.406051526,2.0,4.985799999999999,SGC,"Ortega - Tolima, Colombia",2010-07-29T14:34:44+00:00,5.1,ML,convertida
4.455,-76.315,4632173.579763608,2051101.027838587,115.0,3.1656,SGC,"El Dovio - Valle Del Cauca, Colombia",2010-08-03T10:54:48+00:00,3.2,ML,convertida
1.992,-76.069,4658674.7457513735,1778456.1541797677,2.0,3.2614,SGC,"Saladoblanco - Huila, Colombia",2010-08-07T11:25:38+00:00,3.3,ML,convertida
2.314,-77.449,4505037.260261826,1814492.1937766797,4.0,4.219399999999999,SGC,"Argelia - Cauca, Colombia",2010-08-18T02:38:38+00:00,4.3,ML,convertida
4.476,-76.281,4635960.65930416,2053408.2548639388,109.0,3.0698,SGC,"El Dovio - Valle Del Cauca, Colombia",2010-08-22T06:58:46+00:00,3.1,ML,convertida
2.277,-75.563,4715044.596276739,1809880.4141259864,4.0,3.0698,SGC,"Garzón - Huila, Colombia",2010-08-24T17:12:44+00:00,3.1,ML,convertida
4.376,-75.806,4688667.347973423,2042126.9371694445,164.0,3.3572,SGC,"Caicedonia - Valle Del Cauca, Colombia",2010-08-27T23:46:30+00:00,3.4,ML,convertida
3.798,-76.144,4650879.542929646,1978315.794996629,32.0,3.7404,SGC,"Ginebra - Valle Del Cauca, Colombia",2010-08-30T14:28:00+00:00,3.8,ML,convertida
4.757,-74.544,4828827.275506383,2083833.9728533544,14.0,3.5488,SGC,"Quipile - Cundinamarca, Colombia",2010-09-03T02:43:52+00:00,3.6,ML,convertida
2.222,-76.53,4607400.442960072,1804019.607700009,0.0,3.1656,SGC,"Paispamba - Cauca, Colombia",2010-09-15T17:48:15+00:00,3.2,ML,convertida
2.212,-76.515,4609068.190431439,1802908.656015273,1.0,4.027799999999999,SGC,"Paispamba - Cauca, Colombia",2010-09-15T17:48:27+00:00,4.1,ML,convertida
3.958,-76.211,4643499.118901776,1996049.4545557615,104.0,3.0698,SGC,"San Pedro - Valle Del Cauca, Colombia",2010-09-16T22:55:16+00:00,3.1,ML,convertida
2.318,-75.657,4704594.683399106,1814434.239515768,4.0,3.7404,SGC,"Garzón - Huila, Colombia",2010-09-17T04:39:36+00:00,3.8,ML,convertida
3.687,-76.937,4562642.350522887,1966383.809346875,28.0,3.0698,SGC,"Buenaventura - Valle Del Cauca, Colombia",2010-09-22T21:37:21+00:00,3.1,ML,convertida
3.546,-75.649,4705806.201238217,1950258.1148925088,6.0,4.1236,SGC,"Rioblanco - Tolima, Colombia",2010-09-30T19:20:09+00:00,4.2,ML,convertida
3.817,-77.06,4549022.756586184,1980845.1750547376,17.0,3.8362,SGC,"Buenaventura - Valle Del Cauca, Colombia",2010-10-06T14:15:36+00:00,3.9,ML,convertida
3.977,-77.0,4555782.571298307,1998535.474029677,20.0,3.7404,SGC,"Buenaventura - Valle Del Cauca, Colombia",2010-10-12T04:54:10+00:00,3.8,ML,convertida
3.324,-77.47,4503126.569946513,1926434.0730810545,75.0,3.2614,SGC,"López - Cauca, Colombia",2010-10-22T21:53:29+00:00,3.3,ML,convertida
2.033,-77.05,4549421.437298332,1783233.7924768256,10.0,3.1656,SGC,"El Bordo - Cauca, Colombia",2010-11-26T06:42:29+00:00,3.2,ML,convertida
3.868,-77.247,4528242.07530155,1986596.28520996,32.0,3.932,SGC,"Buenaventura - Valle Del Cauca, Colombia",2010-12-18T14:30:07+00:00,4.0,ML,convertida
4.715,-74.805,4799871.089260167,2079261.134869126,15.0,3.0698,SGC,"Ambalema - Tolima, Colombia",2010-12-31T19:02:04+00:00,3.1,ML,convertida
4.157,-76.446,4617471.794031974,2018181.796436084,119.0,3.8362,SGC,"Trujillo - Valle Del Cauca, Colombia",2011-01-11T02:09:15+00:00,3.9,ML,convertida
4.61,-75.959,4671781.813527178,2068081.8119665023,12.0,3.0698,SGC,"Obando - Valle Del Cauca, Colombia",2011-01-13T02:00:37+00:00,3.1,ML,convertida
2.781,-74.937,4784757.608156158,1865489.5874991375,13.0,3.453,SGC,"Rivera - Huila, Colombia",2011-01-14T13:39:53+00:00,3.5,ML,convertida
3.883,-76.13,4652470.149201868,1987715.8621589963,157.0,3.3572,SGC,"San Pedro - Valle Del Cauca, Colombia",2011-01-27T08:12:31+00:00,3.4,ML,convertida
4.371,-73.676,4925023.735828525,2041026.1428736283,4.0,3.932,SGC,"El Calvario - Meta, Colombia",2011-01-27T09:06:47+00:00,4.0,ML,convertida
4.874,-76.113,4654814.865294296,2097367.7624651715,108.0,4.219399999999999,SGC,"El Águila - Valle Del Cauca, Colombia",2011-01-28T19:05:17+00:00,4.3,ML,convertida
4.028,-76.568,4603848.293311854,2003961.05517407,71.0,4.506799999999999,SGC,"Darién - Valle Del Cauca, Colombia",2011-01-31T02:13:41+00:00,4.6,ML,convertida
3.638,-76.817,4575969.941734424,1960899.5797381448,93.0,3.1656,SGC,"Dagua - Valle Del Cauca, Colombia",2011-02-05T11:58:41+00:00,3.2,ML,convertida
2.753,-75.147,4761406.071602781,1862434.121426858,0.0,4.1236,SGC,"Rivera - Huila, Colombia",2011-02-08T05:02:51+00:00,4.2,ML,convertida
4.345,-73.572,4936556.782172741,2038143.6275262749,36.0,3.0698,SGC,"Restrepo - Meta, Colombia",2011-02-13T08:50:41+00:00,3.1,ML,convertida
2.866,-73.08,4991112.618049287,1874704.8421970487,0.0,3.453,SGC,"Puerto Rico - Meta, Colombia",2011-02-15T01:57:38+00:00,3.5,ML,convertida
4.729,-76.737,4585445.481043494,2081664.6209328775,78.0,4.3152,SGC,"Sipí - Chocó, Colombia",2011-02-21T06:31:24+00:00,4.4,ML,convertida
4.426,-73.573,4936452.708531557,2047094.0334476023,0.0,3.453,SGC,"San Juanito - Meta, Colombia",2011-03-17T00:37:18+00:00,3.5,ML,convertida
4.885,-76.281,4636172.4078216525,2098673.678273782,96.0,4.3152,SGC,"San José Del Palmar - Chocó, Colombia",2011-03-20T08:39:58+00:00,4.4,ML,convertida
2.83,-76.767,4581200.164768672,1871407.4204043527,6.0,3.1656,SGC,"Suárez - Cauca, Colombia",2011-04-01T22:49:50+00:00,3.2,ML,convertida
1.919,-76.005,4665784.801949675,1770366.3013413495,10.0,3.0698,SGC,"Pitalito - Huila, Colombia",2011-04-05T14:18:23+00:00,3.1,ML,convertida
3.62,-75.257,4749385.726860224,1958325.309690376,4.0,3.0698,SGC,"Ataco - Tolima, Colombia",2011-04-07T19:37:04+00:00,3.1,ML,convertida
4.929,-74.622,4820223.162425343,2102866.2768948814,4.0,3.1656,SGC,"Chaguaní - Cundinamarca, Colombia",2011-04-16T16:58:38+00:00,3.2,ML,convertida
4.371,-73.666,4926132.902242984,2041025.1528314715,4.0,3.453,SGC,"El Calvario - Meta, Colombia",2011-04-19T08:23:11+00:00,3.5,ML,convertida
4.966,-76.352,4628335.530679369,2107677.8013823307,92.0,3.0698,SGC,"San José Del Palmar - Chocó, Colombia",2011-04-19T19:35:58+00:00,3.1,ML,convertida
4.125,-76.264,4637682.785154901,2014554.3900813984,130.0,3.7404,SGC,"Riofrío - Valle Del Cauca, Colombia",2011-04-21T02:02:57+00:00,3.8,ML,convertida
2.46,-75.421,4730877.287522826,1830090.4727734905,15.0,3.2614,SGC,"Algeciras - Huila, Colombia",2011-04-30T20:28:51+00:00,3.3,ML,convertida
2.43,-75.529,4718857.903414017,1826794.88383354,4.0,3.3572,SGC,"Gigante - Huila, Colombia",2011-05-17T01:46:11+00:00,3.4,ML,convertida
4.875,-75.955,4672351.026144384,2097399.430955099,20.0,4.411,SGC,"Balboa - Risaralda, Colombia",2011-06-01T17:58:00+00:00,4.5,ML,convertida
3.931,-76.737,4585009.736446856,1993304.8995053773,124.0,3.3572,SGC,"Restrepo - Valle Del Cauca, Colombia",2011-06-03T16:53:30+00:00,3.4,ML,convertida
2.517,-75.562,4715205.525388144,1836423.8958250603,2.0,3.2614,SGC,"Hobo - Huila, Colombia",2011-06-24T14:26:59+00:00,3.3,ML,convertida
3.407,-75.945,4672857.437177429,1934979.1416734424,183.0,3.7404,SGC,"Pradera - Valle Del Cauca, Colombia",2011-07-09T05:57:35+00:00,3.8,ML,convertida
2.977,-74.805,4799464.985658861,1887132.8685683503,4.0,3.1656,SGC,"Baraya - Huila, Colombia",2011-07-11T16:04:18+00:00,3.2,ML,convertida
4.354,-73.715,4920696.181528325,2039151.6314916003,4.0,3.0698,SGC,"El Calvario - Meta, Colombia",2011-07-31T12:10:25+00:00,3.1,ML,convertida
3.329,-74.685,4812863.896101041,1926020.793387364,4.0,3.6446,SGC,"Colombia - Huila, Colombia",2011-08-17T09:40:53+00:00,3.7,ML,convertida
3.903,-76.334,4629803.648631283,1990016.1307558557,109.0,3.0698,SGC,"Guadalajara De Buga - Valle Del Cauca, Colombia",2011-08-24T14:22:37+00:00,3.1,ML,convertida
4.634,-76.248,4639704.864778254,2070877.7240656377,80.0,3.5488,SGC,"Versalles - Valle Del Cauca, Colombia",2011-08-30T22:17:38+00:00,3.6,ML,convertida
4.291,-76.297,4634093.299975986,2032941.4313312492,118.0,3.3572,SGC,"Trujillo - Valle Del Cauca, Colombia",2011-09-19T10:47:46+00:00,3.4,ML,convertida
3.725,-74.186,4868348.155885095,1969703.548132587,5.0,3.0698,SGC,"Lejanías - Meta, Colombia",2011-10-01T14:05:46+00:00,3.1,ML,convertida
2.629,-76.602,4599502.289398382,1849096.8081876943,132.0,3.6446,SGC,"Cajibío - Cauca, Colombia",2011-10-02T12:26:29+00:00,3.7,ML,convertida
3.868,-76.163,4648796.199431503,1986069.630536766,158.0,4.4,SGC,"Guadalajara De Buga - Valle Del Cauca, Colombia",2011-10-07T11:42:16+00:00,4.4,MW,directa
2.297,-75.596,4711377.139547071,1812099.015635757,8.0,3.3572,SGC,"Gigante - Huila, Colombia",2011-10-11T17:11:15+00:00,3.4,ML,convertida
3.545,-74.565,4826233.643867835,1949873.531732808,2.0,3.6446,SGC,"Colombia - Huila, Colombia",2011-10-12T13:43:39+00:00,3.7,ML,convertida
4.284,-76.202,4644644.422644349,2032121.9468433247,1.0,3.932,SGC,"Bolívar - Valle Del Cauca, Colombia",2011-10-25T12:27:30+00:00,4.0,ML,convertida
4.784,-76.146,4651105.943724078,2087425.450744191,116.0,3.453,SGC,"Argelia - Valle Del Cauca, Colombia",2011-10-31T01:15:29+00:00,3.5,ML,convertida
4.961,-74.691,4812582.2861416,2106422.623121918,3.0,3.3572,SGC,"Chaguaní - Cundinamarca, Colombia",2011-11-06T19:44:56+00:00,3.4,ML,convertida
4.253,-76.498,4611739.992313076,2028834.1444237367,24.0,3.453,SGC,"Trujillo - Valle Del Cauca, Colombia",2011-11-07T04:25:46+00:00,3.5,ML,convertida
4.705,-76.334,4630191.726463046,2078780.319868372,96.0,3.6446,SGC,"El Cairo - Valle Del Cauca, Colombia",2011-11-10T11:35:44+00:00,3.7,ML,convertida
3.147,-77.504,4499252.2285849415,1906834.089745497,69.0,3.1656,SGC,"López - Cauca, Colombia",2011-11-10T12:50:43+00:00,3.2,ML,convertida
3.713,-77.196,4533834.06390584,1969396.0392899867,4.0,3.1656,SGC,"Buenaventura - Valle Del Cauca, Colombia",2011-11-11T08:44:49+00:00,3.2,ML,convertida
3.316,-74.63,4818971.502433638,1924573.580956434,14.0,3.1656,SGC,"Colombia - Huila, Colombia",2011-11-21T09:33:05+00:00,3.2,ML,convertida
2.533,-75.423,4730669.710653247,1838163.7336157367,0.0,3.453,SGC,"Hobo - Huila, Colombia",2011-11-28T05:24:41+00:00,3.5,ML,convertida
3.674,-74.111,4876667.549868716,1964056.6332313537,4.0,3.7404,SGC,"Lejanías - Meta, Colombia",2011-12-03T09:42:42+00:00,3.8,ML,convertida
3.584,-74.422,4842121.410372783,1954158.3694984969,8.0,3.1656,SGC,"Uribe - Meta, Colombia",2011-12-07T18:34:17+00:00,3.2,ML,convertida
2.87,-74.839,4795666.937560741,1875310.71873831,4.0,3.0698,SGC,"Baraya - Huila, Colombia",2011-12-27T13:33:40+00:00,3.1,ML,convertida
4.793,-76.349,4628573.230640006,2088528.2344763228,93.0,3.0698,SGC,"El Cairo - Valle Del Cauca, Colombia",2011-12-29T15:36:27+00:00,3.1,ML,convertida
3.988,-76.764,4582035.793177618,1999629.9621535975,96.0,3.0698,SGC,"Buenaventura - Valle Del Cauca, Colombia",2012-01-04T06:54:04+00:00,3.1,ML,convertida
2.601,-74.325,4852757.334246488,1845502.3938031988,6.0,3.2614,SGC,"Uribe - Meta, Colombia",2012-01-07T21:13:24+00:00,3.3,ML,convertida
3.751,-74.211,4865576.584343144,1972580.7150409608,5.0,3.2614,SGC,"Lejanías - Meta, Colombia",2012-01-18T13:45:16+00:00,3.3,ML,convertida
2.448,-75.588,4712298.435762521,1828798.1361500851,3.0,3.3572,SGC,"Gigante - Huila, Colombia",2012-01-28T04:11:05+00:00,3.4,ML,convertida
4.62,-74.521,4831344.861735446,2068685.4421728065,0.0,4.1,SGC,"Anapoima - Cundinamarca, Colombia",2012-02-07T00:28:35+00:00,4.1,MW,directa
4.613,-74.519,4831565.030798417,2067911.246861,2.0,3.8,SGC,"Anapoima - Cundinamarca, Colombia",2012-02-07T16:52:26+00:00,3.8,MW,directa
3.741,-77.303,4521939.7103363,1972555.8119899528,14.0,4.1,SGC,"Buenaventura - Valle Del Cauca, Colombia",2012-02-09T00:45:39+00:00,4.1,MW,directa
3.29,-74.467,4837074.288595225,1921671.598528681,4.0,4.0,SGC,"Uribe - Meta, Colombia",2012-02-09T15:07:50+00:00,4.0,MW,directa
3.537,-76.513,4609742.462298555,1949581.6457808453,132.0,3.6,SGC,"Yumbo - Valle Del Cauca, Colombia",2012-02-11T13:45:14+00:00,3.6,MW,directa
3.283,-76.417,4620320.031636794,1921427.4019121716,38.0,3.8,SGC,"Puerto Tejada - Cauca, Colombia",2012-02-12T07:20:34+00:00,3.8,MW,directa
3.583,-74.296,4856112.995635719,1954027.1012962677,19.0,4.2,SGC,"Lejanías - Meta, Colombia",2012-02-15T16:42:15+00:00,4.2,MW,directa
4.741,-76.177,4647642.603767465,2082682.82401756,90.0,4.0,SGC,"El Cairo - Valle Del Cauca, Colombia",2012-02-19T18:50:16+00:00,4.0,MW,directa
4.611,-74.535,4829789.967875803,2067693.9866589392,0.0,3.2614,SGC,"Anapoima - Cundinamarca, Colombia",2012-02-21T12:44:41+00:00,3.3,ML,convertida
3.882,-76.367,4626125.963235361,1987706.43797908,105.0,3.2614,SGC,"Yotoco - Valle Del Cauca, Colombia",2012-02-24T05:22:24+00:00,3.3,ML,convertida
4.373,-76.548,4606245.173865376,2042143.9105208635,94.0,4.8,SGC,"Trujillo - Valle Del Cauca, Colombia",2012-02-29T20:41:12+00:00,4.8,MW,directa
4.335,-76.762,4582441.542571678,2038052.02484366,31.0,3.6,SGC,"Sipí - Chocó, Colombia",2012-03-02T22:53:31+00:00,3.6,MW,directa
2.021,-75.935,4673596.9980692025,1781637.316859933,4.0,3.3572,SGC,"Elías - Huila, Colombia",2012-03-03T23:23:17+00:00,3.4,ML,convertida
2.063,-77.334,4517775.672177807,1786640.2651393986,120.0,3.2614,SGC,"Balboa - Cauca, Colombia",2012-03-08T17:59:35+00:00,3.3,ML,convertida
3.593,-74.218,4864775.677068516,1955120.3754172963,0.0,3.9,SGC,"Lejanías - Meta, Colombia",2012-03-26T00:08:21+00:00,3.9,MW,directa
2.042,-77.231,4529251.056988804,1784282.7143509442,115.0,3.2,SGC,"Balboa - Cauca, Colombia",2012-03-30T02:04:36+00:00,3.2,MW,directa
5.209,-75.567,4715548.578243117,2134164.854166675,0.0,3.0698,SGC,"Neira - Caldas, Colombia",2012-04-08T01:31:50+00:00,3.1,ML,convertida
5.21,-75.525,4720206.086259384,2134256.654793845,4.0,3.0,SGC,"Neira - Caldas, Colombia",2012-04-08T20:22:16+00:00,3.0,MW,directa
4.755,-76.169,4648537.875110445,2084228.014666258,96.0,3.0,SGC,"El Cairo - Valle Del Cauca, Colombia",2012-04-13T15:26:22+00:00,3.0,MW,directa
3.501,-76.388,4623630.662508971,1945545.3309289303,123.0,3.0,SGC,"Palmira - Valle Del Cauca, Colombia",2012-05-06T19:53:08+00:00,3.0,MW,directa
3.82,-74.169,4870249.598638415,1980199.8175207695,0.0,3.1,SGC,"Lejanías - Meta, Colombia",2012-05-06T23:31:00+00:00,3.1,MW,directa
3.748,-77.283,4524169.638467487,1973320.5040364624,32.0,3.6,SGC,"Buenaventura - Valle Del Cauca, Colombia",2012-05-09T18:29:38+00:00,3.6,MW,directa
3.366,-74.327,4852636.977449366,1930049.291957273,6.0,3.1,SGC,"Uribe - Meta, Colombia",2012-05-13T10:27:44+00:00,3.1,MW,directa
4.361,-75.476,4725300.407310089,2040339.058962937,180.0,3.7,SGC,"Cajamarca - Tolima, Colombia",2012-05-16T14:53:25+00:00,3.7,MW,directa
4.578,-76.279,4636233.856263143,2064695.8934445232,120.0,3.1,SGC,"El Dovio - Valle Del Cauca, Colombia",2012-05-23T00:26:42+00:00,3.1,MW,directa
3.84,-75.954,4672013.032845219,1982888.05752218,10.0,3.0698,SGC,"San Pedro - Valle Del Cauca, Colombia",2012-06-01T21:46:32+00:00,3.1,ML,convertida
4.075,-76.681,4591308.697748698,2009220.75100556,60.0,3.1,SGC,"Darién - Valle Del Cauca, Colombia",2012-06-09T21:54:21+00:00,3.1,MW,directa
4.788,-76.165,4648998.746504817,2087877.7931913235,114.0,3.0698,SGC,"El Cairo - Valle Del Cauca, Colombia",2012-06-15T19:25:11+00:00,3.1,ML,convertida
3.981,-75.01,4776917.054052725,1998172.4146529003,4.0,4.0,SGC,"Saldaña - Tolima, Colombia",2012-06-19T07:21:11+00:00,4.0,MW,directa
2.361,-76.479,4613117.01967868,1819392.3527591105,155.0,4.4,SGC,"Coconuco - Cauca, Colombia",2012-06-20T07:31:29+00:00,4.4,MW,directa
5.043,-74.752,4805843.626736848,2115504.93019072,0.0,3.6,SGC,"Guayabal - Tolima, Colombia",2012-06-22T04:44:47+00:00,3.6,MW,directa
5.084,-75.886,4680109.395397461,2120488.594506059,107.0,3.3,SGC,"Viterbo - Caldas, Colombia",2012-06-26T19:18:43+00:00,3.3,MW,directa
3.755,-76.343,4628739.290318147,1973639.658610594,143.0,4.5,SGC,"Guacarí - Valle Del Cauca, Colombia",2012-06-26T22:47:52+00:00,4.5,MW,directa
2.858,-74.821,4797665.505736893,1873980.9840150368,4.0,3.2614,SGC,"Baraya - Huila, Colombia",2012-07-17T09:19:02+00:00,3.3,ML,convertida
4.553,-75.985,4668868.988948167,2061787.2576156252,17.0,4.2,SGC,"Obando - Valle Del Cauca, Colombia",2012-07-30T20:26:39+00:00,4.2,MW,directa
3.668,-74.659,4815818.497507019,1963487.6857485785,10.0,3.1656,SGC,"Dolores - Tolima, Colombia",2012-07-31T13:45:47+00:00,3.2,ML,convertida
4.6,-76.573,4603589.869871772,2067287.4881549496,84.0,3.0,SGC,"Sipí - Chocó, Colombia",2012-08-01T02:19:19+00:00,3.0,MW,directa
3.978,-76.907,4566127.327255389,1998596.6373425955,22.0,3.3,SGC,"Buenaventura - Valle Del Cauca, Colombia",2012-08-03T05:43:45+00:00,3.3,MW,directa
4.049,-76.174,4647650.246631142,2006103.7238287888,148.0,3.1,SGC,"Tuluá - Valle Del Cauca, Colombia",2012-08-07T12:31:14+00:00,3.1,MW,directa
3.867,-76.169,4648128.898252197,1985961.459299132,154.0,3.6,SGC,"Guadalajara De Buga - Valle Del Cauca, Colombia",2012-08-09T21:43:09+00:00,3.6,MW,directa
4.265,-76.401,4622525.140519243,2030114.189342968,124.0,3.0698,SGC,"Trujillo - Valle Del Cauca, Colombia",2012-08-29T00:20:56+00:00,3.1,ML,convertida
2.936,-77.544,4494697.159176075,1883466.693232009,18.0,3.3,SGC,"Timbiquí - Cauca, Colombia",2012-08-29T11:29:16+00:00,3.3,MW,directa
2.969,-76.833,4573903.830881129,1886823.9279426404,94.0,3.6,SGC,"Suárez - Cauca, Colombia",2012-09-03T05:19:30+00:00,3.6,MW,directa
4.424,-73.715,4920703.568871363,2046886.692726361,0.0,3.7,SGC,"San Juanito - Meta, Colombia",2012-09-06T18:46:57+00:00,3.7,MW,directa
3.666,-75.778,4691509.21180853,1963574.549458827,4.0,3.1656,SGC,"Rioblanco - Tolima, Colombia",2012-09-08T21:06:41+00:00,3.2,ML,convertida
4.708,-74.843,4795654.37497804,2078498.3169470704,11.0,3.2,SGC,"Venadillo - Tolima, Colombia",2012-09-20T20:21:45+00:00,3.2,MW,directa
5.106,-74.648,4817389.863756986,2122438.86097705,14.0,3.0,SGC,"Guaduas - Cundinamarca, Colombia",2012-09-24T07:25:49+00:00,3.0,MW,directa
4.394,-73.8,4911272.584749035,2043581.214841521,1.0,3.5,SGC,"Quetame - Cundinamarca, Colombia",2012-09-26T09:16:53+00:00,3.5,MW,directa
2.738,-76.879,4568696.090602284,1861260.2425013024,125.0,3.8,SGC,"Morales - Cauca, Colombia",2012-09-27T16:43:08+00:00,3.8,MW,directa
1.971,-76.555,4604553.2675598245,1776240.2932471363,172.0,7.1,SGC,"La Vega - Cauca, Colombia",2012-09-30T11:31:34+00:00,7.1,MW,directa
4.695,-74.877,4791879.381467658,2077071.190319398,15.0,3.3,SGC,"Venadillo - Tolima, Colombia",2012-10-06T00:50:13+00:00,3.3,MW,directa
4.784,-76.33,4630677.9855037695,2087521.837130069,106.0,3.6,SGC,"El Cairo - Valle Del Cauca, Colombia",2012-10-06T19:07:36+00:00,3.6,MW,directa
1.594,-74.475,4835979.9591101445,1734223.1169918969,4.0,3.0,SGC,"Cartagena Del Chairá - Caquetá, Colombia",2012-10-11T05:17:21+00:00,3.0,MW,directa
3.872,-75.52,4720244.860373269,1986272.789670368,4.0,3.3,SGC,"San Antonio - Tolima, Colombia",2012-10-13T07:22:11+00:00,3.3,MW,directa
3.335,-77.508,4498899.475761478,1927672.4980101837,0.0,3.4,SGC,"López - Cauca, Colombia",2012-10-20T11:48:30+00:00,3.4,MW,directa
4.49,-75.971,4670394.900913881,2054810.4826837403,140.0,3.9,SGC,"La Victoria - Valle Del Cauca, Colombia",2012-10-21T18:33:46+00:00,3.9,MW,directa
3.599,-74.411,4843345.499088918,1955814.335947988,2.0,3.3,SGC,"Uribe - Meta, Colombia",2012-10-21T18:37:55+00:00,3.3,MW,directa
4.703,-74.615,4820940.088510143,2077882.9811726168,11.0,3.5,SGC,"Quipile - Cundinamarca, Colombia",2012-11-04T12:34:23+00:00,3.5,MW,directa
4.754,-76.164,4649092.460348751,2084114.808064667,94.0,3.0,SGC,"Argelia - Valle Del Cauca, Colombia",2012-11-06T19:24:55+00:00,3.0,MW,directa
4.411,-73.814,4909721.80076156,2045461.4492480697,4.0,3.2,SGC,"Quetame - Cundinamarca, Colombia",2012-11-07T23:28:46+00:00,3.2,MW,directa
3.684,-74.15,4872339.000701942,1965167.2346474703,4.0,3.1,SGC,"Lejanías - Meta, Colombia",2012-11-09T05:06:59+00:00,3.1,MW,directa
2.954,-74.837,4795904.365893515,1884596.190326581,4.0,3.2,SGC,"Baraya - Huila, Colombia",2012-11-10T13:31:07+00:00,3.2,MW,directa
4.58,-76.786,4579913.373647951,2065194.8790507372,4.0,4.1,SGC,"Sipí - Chocó, Colombia",2012-11-11T19:06:12+00:00,4.1,MW,directa
3.05,-75.757,4693650.814194244,1895426.8650310924,5.0,3.2,SGC,"Planadas - Tolima, Colombia",2012-11-21T08:01:05+00:00,3.2,MW,directa
2.79,-75.073,4769640.437784559,1866510.3163235213,0.0,4.1,SGC,"Rivera - Huila, Colombia",2012-11-27T23:35:08+00:00,4.1,MW,directa
2.043,-75.799,4688738.239821022,1784044.2167350692,2.0,3.6,SGC,"Altamira - Huila, Colombia",2012-11-28T23:39:50+00:00,3.6,MW,directa
1.921,-76.112,4653873.13304903,1770608.917314205,4.0,3.0,SGC,"Pitalito - Huila, Colombia",2012-12-03T18:41:02+00:00,3.0,MW,directa
2.19,-76.081,4657381.876839281,1800366.9290069558,4.0,4.0,SGC,"La Argentina - Huila, Colombia",2012-12-10T05:50:48+00:00,4.0,MW,directa
2.205,-76.107,4654491.20355792,1802032.6677892609,1.0,3.1,SGC,"La Argentina - Huila, Colombia",2012-12-10T05:54:08+00:00,3.1,MW,directa
4.59,-76.488,4613026.609056617,2066133.799671609,80.0,3.0,SGC,"Sipí - Chocó, Colombia",2012-12-26T17:20:31+00:00,3.0,MW,directa
1.454,-74.727,4807937.232453596,1718769.7193887138,4.0,3.3,SGC,"Cartagena Del Chairá - Caquetá, Colombia",2012-12-27T23:40:30+00:00,3.3,MW,directa
4.15,-76.435,4618690.957694293,2017401.6402071847,122.0,4.4,SGC,"Trujillo - Valle Del Cauca, Colombia",2013-01-02T11:50:39+00:00,4.4,MW,directa
2.158,-75.674,4702670.972260502,1796740.4591353475,0.0,3.0,SGC,"Garzón - Huila, Colombia",2013-01-04T12:43:07+00:00,3.0,MW,directa
3.727,-76.93,4563440.871962311,1970810.383147444,22.0,3.4,SGC,"Buenaventura - Valle Del Cauca, Colombia",2013-01-05T21:49:46+00:00,3.4,MW,directa
4.295,-75.102,4766793.772336563,2032915.5092941488,14.0,3.3,SGC,"Valle De San Juan - Tolima, Colombia",2013-01-14T00:36:25+00:00,3.3,MW,directa
4.998,-76.041,4662868.839729963,2111051.6857472416,113.0,3.4,SGC,"La Celia - Risaralda, Colombia",2013-01-14T02:55:20+00:00,3.4,MW,directa
4.48,-76.15,4650512.387315441,2053787.0969491736,132.0,3.4,SGC,"Roldanillo - Valle Del Cauca, Colombia",2013-01-15T20:50:21+00:00,3.4,MW,directa
4.166,-76.042,4662367.046821866,2018993.170629548,158.0,3.0,SGC,"Bugalagrande - Valle Del Cauca, Colombia",2013-01-18T10:00:30+00:00,3.0,MW,directa
3.379,-74.341,4851083.977071448,1931488.1769750484,4.0,3.2,SGC,"Uribe - Meta, Colombia",2013-01-24T13:32:58+00:00,3.2,MW,directa
2.398,-75.657,4704611.57838499,1823282.7994632889,4.0,3.5,SGC,"Gigante - Huila, Colombia",2013-01-26T12:12:11+00:00,3.5,MW,directa
2.195,-76.07,4658607.429332769,1800917.649202434,4.0,3.0,SGC,"La Argentina - Huila, Colombia",2013-01-29T01:37:27+00:00,3.0,MW,directa
2.021,-76.033,4662688.295554488,1781657.370997811,0.0,4.2,SGC,"Saladoblanco - Huila, Colombia",2013-02-05T21:54:25+00:00,4.2,MW,directa
4.703,-74.616,4820829.1863015,2077883.237624856,7.0,3.5,SGC,"Quipile - Cundinamarca, Colombia",2013-02-13T12:33:55+00:00,3.5,MW,directa
3.604,-74.471,4836683.533624821,1956377.49011081,20.0,3.3,SGC,"Villarrica - Tolima, Colombia",2013-02-25T05:42:50+00:00,3.3,MW,directa
4.655,-75.872,4681460.359102169,2073020.6769706528,4.0,3.4,SGC,"Alcalá - Valle Del Cauca, Colombia",2013-02-25T19:56:59+00:00,3.4,MW,directa
3.605,-74.44,4840126.187451127,1956482.5168302772,21.0,3.5,SGC,"Villarrica - Tolima, Colombia",2013-03-01T01:05:46+00:00,3.5,MW,directa
3.249,-74.664,4815182.077701982,1917173.946100361,5.0,3.2,SGC,"Colombia - Huila, Colombia",2013-03-04T08:46:01+00:00,3.2,MW,directa
4.115,-76.235,4640900.83552224,2013434.5564258613,140.0,3.4,SGC,"Tuluá - Valle Del Cauca, Colombia",2013-03-06T05:10:29+00:00,3.4,MW,directa
5.014,-76.282,4636132.035568676,2112951.1790834977,100.0,3.6,SGC,"San José Del Palmar - Chocó, Colombia",2013-03-09T08:08:45+00:00,3.6,MW,directa
4.62,-76.492,4612598.556173659,2069456.884693205,32.0,3.9,SGC,"Sipí - Chocó, Colombia",2013-03-10T20:01:48+00:00,3.9,MW,directa
2.573,-75.663,4703983.097987725,1842640.4451366952,8.0,3.1,SGC,"Íquira - Huila, Colombia",2013-03-12T09:49:13+00:00,3.1,MW,directa
0.906,-74.829,4796550.025766484,1658201.1241537265,3.0,3.4,SGC,"Cartagena Del Chairá - Caquetá, Colombia",2013-03-16T18:29:01+00:00,3.4,MW,directa
2.352,-75.575,4713724.596875719,1818177.7706807973,2.0,3.2,SGC,"Gigante - Huila, Colombia",2013-03-20T02:50:02+00:00,3.2,MW,directa
4.189,-76.155,4649822.932499467,2021587.6929409788,109.0,3.8,SGC,"Bugalagrande - Valle Del Cauca, Colombia",2013-03-20T14:43:04+00:00,3.8,MW,directa
5.079,-75.689,4701959.489800974,2119841.230801037,109.0,3.6,SGC,"Palestina - Caldas, Colombia",2013-03-23T03:16:08+00:00,3.6,MW,directa
4.349,-76.466,4615344.436896279,2039444.6827385672,103.0,3.4,SGC,"Trujillo - Valle Del Cauca, Colombia",2013-03-26T17:37:15+00:00,3.4,MW,directa
3.939,-75.585,4713046.915707516,1993704.942366044,0.0,3.3,SGC,"Roncesvalles - Tolima, Colombia",2013-04-01T19:04:49+00:00,3.3,MW,directa
1.904,-75.711,4698506.633945692,1768652.4220523648,0.0,3.4,SGC,"Suaza - Huila, Colombia",2013-04-04T07:26:54+00:00,3.4,MW,directa
3.378,-73.691,4923270.560637455,1931302.222595192,0.0,4.0,SGC,"Fuente De Oro - Meta, Colombia",2013-04-09T03:18:52+00:00,4.0,MW,directa
4.912,-76.259,4638629.122444031,2101649.92557757,95.0,3.4,SGC,"San José Del Palmar - Chocó, Colombia",2013-04-11T10:52:12+00:00,3.4,MW,directa
2.536,-75.66,4704308.341783964,1838547.2703009336,2.0,3.6,SGC,"Tesalia - Huila, Colombia",2013-04-14T00:04:15+00:00,3.6,MW,directa
4.571,-76.088,4657440.750165819,2063827.1634988836,56.0,4.2,SGC,"Toro - Valle Del Cauca, Colombia",2013-04-19T08:03:16+00:00,4.2,MW,directa
3.391,-74.348,4850308.337314456,1932815.49565368,4.0,3.7,SGC,"Uribe - Meta, Colombia",2013-04-23T11:55:05+00:00,3.7,MW,directa
4.786,-75.312,4743656.855429974,2087278.680316489,151.0,3.6446,SGC,"Murillo - Tolima, Colombia",2013-05-06T13:29:15+00:00,3.7,ML,convertida
4.569,-74.377,4847304.573594258,2063016.1453110029,0.0,3.5,SGC,"San Antonio Del Tequendama - Cundinamarca, Colombia",2013-05-18T08:18:40+00:00,3.5,MW,directa
4.64,-74.51,4832569.5754718445,2070893.4659979427,2.0,3.6,SGC,"La Mesa - Cundinamarca, Colombia",2013-05-20T03:54:51+00:00,3.6,MW,directa
3.848,-76.899,4566950.1351585295,1984195.3635154916,5.0,3.8,SGC,"Buenaventura - Valle Del Cauca, Colombia",2013-05-23T11:09:52+00:00,3.8,MW,directa
4.33,-76.273,4636778.311366181,2037246.1788779304,3.0,4.1,SGC,"Bolívar - Valle Del Cauca, Colombia",2013-05-23T11:32:07+00:00,4.1,MW,directa
3.963,-76.238,4640500.437125683,1996614.460637568,107.0,3.9,SGC,"San Pedro - Valle Del Cauca, Colombia",2013-06-01T01:44:26+00:00,3.9,MW,directa
4.623,-75.621,4709306.43004767,2069372.7558002488,144.0,3.3,SGC,"Circasia - Quindío, Colombia",2013-06-08T16:14:44+00:00,3.3,MW,directa
2.505,-75.395,4733778.208167871,1835061.5681203303,4.0,3.6,SGC,"Algeciras - Huila, Colombia",2013-06-09T23:01:37+00:00,3.6,MW,directa
1.989,-75.958,4671030.47931045,1778101.6372434136,2.0,3.0698,SGC,"Timaná - Huila, Colombia",2013-06-21T16:55:29+00:00,3.1,ML,convertida
1.872,-76.027,4663326.592217351,1765170.4436291377,7.0,3.4,SGC,"Pitalito - Huila, Colombia",2013-06-22T16:00:20+00:00,3.4,MW,directa
4.107,-76.208,4643897.533327008,2012537.123860887,2.0,3.0,SGC,"Tuluá - Valle Del Cauca, Colombia",2013-06-30T05:41:39+00:00,3.0,MW,directa
2.491,-73.541,4939879.920797594,1833283.7771421664,4.0,4.3,SGC,"La Macarena - Meta, Colombia",2013-07-02T05:21:18+00:00,4.3,MW,directa
4.903,-76.214,4643619.350127181,2100629.7400371404,104.0,3.2,SGC,"San José Del Palmar - Chocó, Colombia",2013-07-03T06:17:25+00:00,3.2,MW,directa
4.754,-76.265,4637879.058692397,2084167.003396356,110.0,3.4,SGC,"El Cairo - Valle Del Cauca, Colombia",2013-07-07T16:41:20+00:00,3.4,MW,directa
3.962,-76.305,4633053.155662904,1996533.205345757,142.0,3.2,SGC,"Guadalajara De Buga - Valle Del Cauca, Colombia",2013-07-20T05:11:15+00:00,3.2,MW,directa
5.163,-75.472,4726062.3510735845,2129035.3200633447,112.0,3.7,SGC,"Neira - Caldas, Colombia",2013-07-21T03:57:55+00:00,3.7,MW,directa
4.629,-74.514,4832123.352197966,2069678.5678682951,0.0,3.2,SGC,"La Mesa - Cundinamarca, Colombia",2013-07-21T06:50:29+00:00,3.2,MW,directa
4.171,-76.897,4567342.998450257,2019965.4689486653,4.0,4.0,SGC,"Buenaventura - Valle Del Cauca, Colombia",2013-07-23T20:50:13+00:00,4.0,MW,directa
4.369,-76.364,4626687.409842404,2041607.037827639,122.0,3.5,SGC,"Trujillo - Valle Del Cauca, Colombia",2013-07-29T01:50:46+00:00,3.5,MW,directa
4.47,-76.253,4639067.759140813,2052730.3806769312,110.0,3.5,SGC,"El Dovio - Valle Del Cauca, Colombia",2013-08-01T09:43:32+00:00,3.5,MW,directa
4.635,-74.53,4830350.240043083,2070345.5662850176,0.0,3.3,SGC,"La Mesa - Cundinamarca, Colombia",2013-08-02T16:43:03+00:00,3.3,MW,directa
4.559,-75.057,4771869.37622236,2062090.638101358,4.0,3.0,SGC,"Anzoátegui - Tolima, Colombia",2013-08-03T03:47:18+00:00,3.0,MW,directa
4.871,-76.147,4651039.478485129,2097053.3184232616,108.0,4.0,SGC,"San José Del Palmar - Chocó, Colombia",2013-08-04T17:37:14+00:00,4.0,MW,directa
2.295,-73.823,4908527.131185239,1811642.1505280084,11.0,3.5,SGC,"La Macarena - Meta, Colombia",2013-08-05T22:50:32+00:00,3.5,MW,directa
4.666,-75.722,4698114.666449817,2074171.4499570904,143.0,3.2,SGC,"Ulloa - Valle Del Cauca, Colombia",2013-08-10T00:41:58+00:00,3.2,MW,directa
4.104,-76.274,4636562.002216885,2012234.8541552231,136.0,3.3,SGC,"Riofrío - Valle Del Cauca, Colombia",2013-08-11T12:39:05+00:00,3.3,MW,directa
4.47,-76.732,4585850.914652009,2052983.5210595008,16.0,3.1,SGC,"Sipí - Chocó, Colombia",2013-08-16T06:55:38+00:00,3.1,MW,directa
4.486,-76.723,4586860.068799164,2054750.0418930613,16.0,3.0,SGC,"Sipí - Chocó, Colombia",2013-08-17T10:14:34+00:00,3.0,MW,directa
4.447,-76.89,4568277.519597407,2050527.523694821,19.0,3.6,SGC,"Sipí - Chocó, Colombia",2013-08-18T13:27:42+00:00,3.6,MW,directa
4.485,-76.843,4573523.555185448,2054708.2739670088,19.0,3.7,SGC,"Sipí - Chocó, Colombia",2013-08-22T02:09:01+00:00,3.7,MW,directa
4.484,-76.745,4584414.151424681,2054541.06638836,18.0,3.0,SGC,"Sipí - Chocó, Colombia",2013-08-24T13:40:08+00:00,3.0,MW,directa
4.456,-76.681,4591510.55631153,2051404.830525593,64.0,3.3,SGC,"Sipí - Chocó, Colombia",2013-08-25T16:32:10+00:00,3.3,MW,directa
4.489,-76.281,4635967.105563551,2054847.003781415,126.0,3.7,SGC,"El Dovio - Valle Del Cauca, Colombia",2013-08-26T01:08:22+00:00,3.7,MW,directa
2.558,-76.665,4592465.178298092,1841256.4668061796,2.0,3.1,SGC,"Cajibío - Cauca, Colombia",2013-08-26T22:06:48+00:00,3.1,MW,directa
4.288,-76.164,4648867.760545001,2032547.049407124,135.0,3.0,SGC,"Bolívar - Valle Del Cauca, Colombia",2013-08-27T04:07:11+00:00,3.0,MW,directa
3.904,-76.809,4576988.9529244285,1990351.2571401023,56.0,4.4,SGC,"Buenaventura - Valle Del Cauca, Colombia",2013-08-27T18:22:05+00:00,4.4,MW,directa
3.968,-76.689,4590365.686804118,1997377.786126996,44.0,3.2,SGC,"Darién - Valle Del Cauca, Colombia",2013-08-27T18:27:27+00:00,3.2,MW,directa
3.884,-76.725,4586321.113779277,1988094.8925638464,31.0,3.8,SGC,"Restrepo - Valle Del Cauca, Colombia",2013-08-27T18:48:34+00:00,3.8,MW,directa
3.86,-76.745,4584085.121480716,1985447.2864373587,26.0,3.1,SGC,"Dagua - Valle Del Cauca, Colombia",2013-08-28T20:11:25+00:00,3.1,MW,directa
4.954,-75.721,4698352.615042438,2106028.834898034,115.0,3.3,SGC,"Marsella - Risaralda, Colombia",2013-09-02T12:17:15+00:00,3.3,MW,directa
4.978,-76.027,4664412.168337552,2108831.566600772,112.0,3.5,SGC,"La Celia - Risaralda, Colombia",2013-09-05T04:26:51+00:00,3.5,MW,directa
2.924,-76.019,4664474.059100238,1881564.1145573424,4.0,3.4,SGC,"Toribío - Cauca, Colombia",2013-09-07T17:01:08+00:00,3.4,MW,directa
2.432,-75.488,4723419.069558918,1827007.5970153664,19.0,3.6,SGC,"Gigante - Huila, Colombia",2013-09-08T00:39:50+00:00,3.6,MW,directa
1.932,-75.935,4673579.586594863,1771790.9898129636,3.0,3.2,SGC,"Timaná - Huila, Colombia",2013-09-29T01:01:29+00:00,3.2,MW,directa
4.209,-76.289,4634943.4763585,2023862.3845517123,132.0,3.0,SGC,"Trujillo - Valle Del Cauca, Colombia",2013-10-01T22:30:04+00:00,3.0,MW,directa
4.882,-74.647,4817438.723624346,2097677.7285420178,14.0,3.0,SGC,"San Juan De Rioseco - Cundinamarca, Colombia",2013-10-05T03:56:12+00:00,3.0,MW,directa
3.434,-74.225,4863975.380415696,1937549.4938427408,4.0,3.1,SGC,"Mesetas - Meta, Colombia",2013-10-07T16:54:37+00:00,3.1,MW,directa
4.251,-76.496,4611961.253887897,2028611.7430565187,51.0,3.7,SGC,"Trujillo - Valle Del Cauca, Colombia",2013-10-07T21:20:09+00:00,3.7,MW,directa
4.786,-76.198,4645334.228629747,2087673.4614570588,1.0,3.5,SGC,"El Cairo - Valle Del Cauca, Colombia",2013-10-14T13:18:31+00:00,3.5,MW,directa
4.933,-75.964,4671380.632596648,2103820.9831203325,115.0,3.4,SGC,"Balboa - Risaralda, Colombia",2013-10-18T19:24:25+00:00,3.4,MW,directa
1.872,-76.044,4661434.009593873,1765173.722189975,12.0,3.0,SGC,"Pitalito - Huila, Colombia",2013-10-22T13:30:12+00:00,3.0,MW,directa
3.833,-76.99,4556819.144730412,1982580.8303086676,12.0,3.2,SGC,"Buenaventura - Valle Del Cauca, Colombia",2013-10-24T01:31:50+00:00,3.2,MW,directa
3.638,-74.316,4853900.923688523,1960108.8286864215,0.0,3.4,SGC,"Lejanías - Meta, Colombia",2013-10-27T16:10:02+00:00,3.4,MW,directa
3.218,-77.468,4503296.956920669,1914685.476568958,11.0,3.0,SGC,"López - Cauca, Colombia",2013-11-03T11:32:20+00:00,3.0,MW,directa
1.968,-75.938,4673252.598849714,1775774.3611184873,8.0,3.1656,SGC,"Timaná - Huila, Colombia",2013-11-10T20:32:06+00:00,3.2,ML,convertida
4.653,-76.734,4585733.830884154,2073247.597026405,21.0,3.1,SGC,"Sipí - Chocó, Colombia",2013-11-11T12:44:33+00:00,3.1,MW,directa
4.118,-76.751,4583548.112791012,2014017.9697036091,42.0,3.6,SGC,"Darién - Valle Del Cauca, Colombia",2013-11-14T08:12:16+00:00,3.6,MW,directa
2.926,-76.054,4660581.156179538,1881795.9426527289,7.0,3.2,SGC,"Toribío - Cauca, Colombia",2013-11-15T15:05:32+00:00,3.2,MW,directa
4.382,-75.901,4678120.608148552,2042830.8589042844,157.0,3.8,SGC,"Caicedonia - Valle Del Cauca, Colombia",2013-11-17T10:18:01+00:00,3.8,MW,directa
3.749,-76.886,4568346.881849489,1973225.0280754843,27.0,3.3,SGC,"Buenaventura - Valle Del Cauca, Colombia",2013-11-18T12:15:06+00:00,3.3,MW,directa
4.749,-76.157,4649867.058229206,2083557.950748219,97.0,3.2,SGC,"Argelia - Valle Del Cauca, Colombia",2013-11-26T22:35:57+00:00,3.2,MW,directa
2.077,-73.257,4971432.336855557,1787531.9033311135,0.0,3.5,SGC,"La Macarena - Meta, Colombia",2013-11-29T07:04:50+00:00,3.5,MW,directa
4.673,-76.106,4655491.380150309,2075122.5452582373,93.0,3.4,SGC,"Argelia - Valle Del Cauca, Colombia",2013-11-30T20:15:05+00:00,3.4,MW,directa
4.775,-76.161,4649436.174945813,2086437.156207951,101.0,3.0,SGC,"El Cairo - Valle Del Cauca, Colombia",2013-12-19T05:25:58+00:00,3.0,MW,directa
3.351,-74.124,4875181.324853123,1928363.3098650016,22.0,3.5,SGC,"Mesetas - Meta, Colombia",2013-12-23T12:03:17+00:00,3.5,MW,directa
4.145,-76.339,4629357.499130951,2016802.5507153396,0.0,3.3,SGC,"Riofrío - Valle Del Cauca, Colombia",2013-12-27T02:43:45+00:00,3.3,MW,directa
4.811,-74.608,4821744.194547871,2089819.1504284688,2.0,3.2,SGC,"San Juan De Rioseco - Cundinamarca, Colombia",2013-12-27T04:00:58+00:00,3.2,MW,directa
4.309,-75.88,4680421.831370681,2034745.781367454,162.0,3.5,SGC,"Caicedonia - Valle Del Cauca, Colombia",2013-12-27T22:22:19+00:00,3.5,MW,directa
4.07,-76.36,4626988.848017076,2008511.341933876,129.0,3.2,SGC,"Riofrío - Valle Del Cauca, Colombia",2013-12-29T07:43:16+00:00,3.2,MW,directa
4.411,-73.736,4918373.035768671,2045452.4486851976,0.0,3.0,SGC,"El Calvario - Meta, Colombia",2014-01-03T10:37:36+00:00,3.0,MW,directa
4.65,-76.686,4591064.780327108,2072887.3839318084,8.0,3.0,SGC,"Sipí - Chocó, Colombia",2014-01-03T22:03:48+00:00,3.0,MW,directa
4.642,-76.774,4581283.1954078,2072053.2037803703,19.0,5.3,SGC,"Sipí - Chocó, Colombia",2014-01-04T22:36:39+00:00,5.3,MW,directa
4.625,-76.688,4590828.1642016005,2070120.5225503491,18.0,3.4,SGC,"Sipí - Chocó, Colombia",2014-01-05T05:19:28+00:00,3.4,MW,directa
4.654,-76.687,4590955.999865615,2073330.8473843848,23.0,3.4,SGC,"Sipí - Chocó, Colombia",2014-01-07T12:04:48+00:00,3.4,MW,directa
4.651,-76.19,4646153.865321734,2072729.737968173,116.0,3.1,SGC,"Versalles - Valle Del Cauca, Colombia",2014-01-07T14:21:02+00:00,3.1,MW,directa
4.592,-76.649,4595142.219972033,2066444.4931276503,24.0,3.1,SGC,"Sipí - Chocó, Colombia",2014-01-07T21:23:26+00:00,3.1,MW,directa
2.98,-75.95,4672165.903128119,1887739.29329971,4.0,4.4,SGC,"Toribío - Cauca, Colombia",2014-01-09T06:07:31+00:00,4.4,MW,directa
2.989,-75.93,4674393.108937374,1888729.0564772915,0.0,5.2,SGC,"Toribío - Cauca, Colombia",2014-01-09T07:50:16+00:00,5.2,MW,directa
3.026,-75.971,4669843.918010331,1892834.910045165,6.0,3.453,SGC,"Toribío - Cauca, Colombia",2014-01-09T07:52:53+00:00,3.5,ML,convertida
3.008,-75.992,4667502.669981942,1890849.814342152,4.0,3.7,SGC,"Toribío - Cauca, Colombia",2014-01-09T09:03:25+00:00,3.7,MW,directa
3.018,-75.987,4668061.853375207,1891954.68395301,4.0,3.0,SGC,"Toribío - Cauca, Colombia",2014-01-09T09:22:39+00:00,3.0,MW,directa
3.006,-75.962,4670838.924225116,1890619.434201741,4.0,3.2,SGC,"Toribío - Cauca, Colombia",2014-01-09T11:42:02+00:00,3.2,MW,directa
3.009,-75.964,4670617.371341432,1890951.94919594,4.0,3.2,SGC,"Toribío - Cauca, Colombia",2014-01-09T12:55:03+00:00,3.2,MW,directa
3.003,-75.967,4670281.885334497,1890289.032482379,4.0,3.1,SGC,"Toribío - Cauca, Colombia",2014-01-14T12:51:42+00:00,3.1,MW,directa
3.779,-77.167,4537096.402156714,1976692.4267665728,0.0,4.4,SGC,"Buenaventura - Valle Del Cauca, Colombia",2014-01-17T18:55:21+00:00,4.4,MW,directa
3.019,-75.956,4671510.188724387,1892055.89660066,4.0,3.2,SGC,"Toribío - Cauca, Colombia",2014-01-17T20:16:48+00:00,3.2,MW,directa
3.786,-77.154,4538546.795049158,1977460.958268965,0.0,3.8,SGC,"Buenaventura - Valle Del Cauca, Colombia",2014-01-17T22:04:03+00:00,3.8,MW,directa
3.024,-75.982,4668619.817053699,1892616.9906318076,4.0,3.2,SGC,"Toribío - Cauca, Colombia",2014-01-19T09:59:30+00:00,3.2,MW,directa
4.832,-74.624,4819975.567379234,2092144.640478412,4.0,3.0,SGC,"San Juan De Rioseco - Cundinamarca, Colombia",2014-01-22T03:24:00+00:00,3.0,MW,directa
4.62,-76.712,4588158.85121055,2069580.8074039803,21.0,3.2,SGC,"Sipí - Chocó, Colombia",2014-01-24T14:23:27+00:00,3.2,MW,directa
4.358,-73.814,4909715.439305152,2039604.7692273075,0.0,3.2,SGC,"Quetame - Cundinamarca, Colombia",2014-01-27T05:37:57+00:00,3.2,MW,directa
4.255,-76.354,4627742.803352151,2028984.4601080592,120.0,3.3,SGC,"Trujillo - Valle Del Cauca, Colombia",2014-01-28T08:18:03+00:00,3.3,MW,directa
3.012,-75.983,4668504.946996708,1891289.6286030947,4.0,3.1,SGC,"Toribío - Cauca, Colombia",2014-01-29T02:06:23+00:00,3.1,MW,directa
3.028,-75.776,4691531.688455714,1892998.6820306587,4.0,3.4,SGC,"Santa María - Huila, Colombia",2014-02-01T01:41:56+00:00,3.4,MW,directa
4.849,-74.662,4815766.61454054,2094033.998815852,4.0,3.5,SGC,"San Juan De Rioseco - Cundinamarca, Colombia",2014-02-02T11:40:15+00:00,3.5,MW,directa
1.398,-74.776,4802481.3468088005,1712583.7149112648,1.0,3.0698,SGC,"Cartagena Del Chairá - Caquetá, Colombia",2014-02-12T01:36:36+00:00,3.1,ML,convertida
4.143,-76.414,4621021.522475158,2016616.7218269503,125.0,3.4,SGC,"Trujillo - Valle Del Cauca, Colombia",2014-02-13T04:43:02+00:00,3.4,MW,directa
4.441,-75.685,4702128.522332441,2049267.633290289,164.0,3.1,SGC,"Córdoba - Quindío, Colombia",2014-02-17T03:28:44+00:00,3.1,MW,directa
4.124,-75.929,4674902.885424268,2014298.913713476,172.0,3.7,SGC,"Sevilla - Valle Del Cauca, Colombia",2014-03-02T10:48:03+00:00,3.7,MW,directa
3.25,-76.408,4621308.854675468,1917771.3711716149,56.0,3.5,SGC,"Puerto Tejada - Cauca, Colombia",2014-03-19T11:21:42+00:00,3.5,MW,directa
3.579,-74.045,4883982.954347145,1953549.479812984,15.0,3.1,SGC,"Lejanías - Meta, Colombia",2014-03-19T15:32:47+00:00,3.1,MW,directa
3.772,-76.339,4629191.223205466,1975519.4863363071,139.0,3.5,SGC,"Guacarí - Valle Del Cauca, Colombia",2014-03-24T19:15:38+00:00,3.5,MW,directa
1.771,-76.488,4611971.420875251,1754085.8997503356,4.0,3.2,SGC,"Santa Rosa - Cauca, Colombia",2014-03-24T23:13:05+00:00,3.2,MW,directa
3.572,-76.372,4625438.705148129,1953397.29834939,122.0,3.6,SGC,"Palmira - Valle Del Cauca, Colombia",2014-03-30T18:40:43+00:00,3.6,MW,directa
3.608,-76.916,4564940.76042071,1957624.363604518,105.0,3.9,SGC,"Dagua - Valle Del Cauca, Colombia",2014-03-31T05:58:57+00:00,3.9,MW,directa
1.939,-75.904,4677031.6086079385,1772559.4652305082,8.0,3.5,SGC,"Timaná - Huila, Colombia",2014-04-07T19:11:25+00:00,3.5,MW,directa
1.938,-75.903,4677142.729534328,1772448.6445201675,8.0,3.1,SGC,"Timaná - Huila, Colombia",2014-04-08T01:13:44+00:00,3.1,MW,directa
4.242,-75.879,4680505.098020146,2027333.084920078,172.0,3.5,SGC,"Sevilla - Valle Del Cauca, Colombia",2014-04-16T16:44:14+00:00,3.5,MW,directa
3.909,-76.785,4579660.669546849,1990892.854927421,27.0,3.8,SGC,"Buenaventura - Valle Del Cauca, Colombia",2014-04-17T16:32:24+00:00,3.8,MW,directa
2.349,-75.656,4704712.419778753,1817862.8439682636,0.0,3.0,SGC,"Gigante - Huila, Colombia",2014-04-18T09:23:10+00:00,3.0,MW,directa
1.948,-76.024,4663675.380156589,1773578.6444715294,5.0,3.4,SGC,"Saladoblanco - Huila, Colombia",2014-04-22T17:19:02+00:00,3.4,MW,directa
4.449,-76.226,4642056.487363158,2050393.1456412436,99.0,3.3,SGC,"El Dovio - Valle Del Cauca, Colombia",2014-04-24T01:13:03+00:00,3.3,MW,directa
2.454,-75.243,4750673.5201634085,1829392.430902277,4.0,3.0,SGC,"Algeciras - Huila, Colombia",2014-04-26T16:47:44+00:00,3.0,MW,directa
2.473,-75.275,4747118.201950899,1831499.372461313,3.0,3.2,SGC,"Algeciras - Huila, Colombia",2014-04-28T21:45:29+00:00,3.2,MW,directa
4.389,-73.786,4912824.83188315,2043027.0548116248,5.0,3.2,SGC,"El Calvario - Meta, Colombia",2014-05-03T00:56:27+00:00,3.2,MW,directa
2.112,-75.674,4702662.119457763,1791652.478824999,3.0,3.1,SGC,"Garzón - Huila, Colombia",2014-05-08T21:14:42+00:00,3.1,MW,directa
5.032,-75.939,4674203.65291484,2114761.8927964023,112.0,3.2,SGC,"Santuario - Risaralda, Colombia",2014-05-09T10:42:22+00:00,3.2,MW,directa
3.843,-76.012,4665568.510664428,1983242.4823098923,173.0,3.4,SGC,"San Pedro - Valle Del Cauca, Colombia",2014-05-11T10:46:26+00:00,3.4,MW,directa
4.673,-76.657,4594299.712969918,2075417.1177216724,13.0,3.4,SGC,"Sipí - Chocó, Colombia",2014-05-15T08:03:35+00:00,3.4,MW,directa
5.04,-75.938,4674318.589768568,2115646.501362905,100.0,3.4,SGC,"Santuario - Risaralda, Colombia",2014-05-31T02:02:20+00:00,3.4,MW,directa
2.567,-76.928,4563179.112539751,1842339.953306307,131.0,4.1,SGC,"El Tambo - Cauca, Colombia",2014-06-02T07:52:21+00:00,4.1,MW,directa
3.194,-76.325,4630521.93174407,1911542.7388146257,141.0,4.5,SGC,"Padilla - Cauca, Colombia",2014-06-04T13:53:49+00:00,4.5,MW,directa
4.189,-73.705,4921788.671364577,2020918.0384110385,0.0,4.3,SGC,"Villavicencio - Meta, Colombia",2014-06-12T01:30:41+00:00,4.3,MW,directa
4.207,-73.749,4916909.031640581,2022911.5841260832,4.0,3.2,SGC,"Guayabetal - Cundinamarca, Colombia",2014-06-12T04:21:33+00:00,3.2,MW,directa
4.597,-76.659,4594034.053460785,2067003.7596522493,4.0,3.4,SGC,"Sipí - Chocó, Colombia",2014-06-15T00:33:01+00:00,3.4,MW,directa
4.505,-75.291,4745885.7863406,2056197.631903016,180.0,4.1,SGC,"Ibagué - Tolima, Colombia",2014-06-21T07:31:30+00:00,4.1,MW,directa
4.236,-74.973,4781094.771643872,2026354.4861918525,8.0,3.1,SGC,"Coello - Tolima, Colombia",2014-06-22T04:51:39+00:00,3.1,MW,directa
4.183,-76.322,4631264.408569087,2021000.3271048325,127.0,3.9,SGC,"Trujillo - Valle Del Cauca, Colombia",2014-07-04T05:16:58+00:00,3.9,MW,directa
5.099,-76.009,4666471.369550471,2122210.543637233,109.0,3.8,SGC,"Santuario - Risaralda, Colombia",2014-07-05T20:27:56+00:00,3.8,MW,directa
4.069,-76.011,4665770.38990169,2008247.5011529715,4.0,3.3,SGC,"Tuluá - Valle Del Cauca, Colombia",2014-07-18T06:36:29+00:00,3.3,MW,directa
4.803,-76.018,4665323.836031443,2089463.917978832,32.0,3.5,SGC,"Ansermanuevo - Valle Del Cauca, Colombia",2014-07-21T08:53:27+00:00,3.5,MW,directa
1.935,-75.976,4669016.198269416,1772130.8448036644,15.0,3.9,SGC,"Timaná - Huila, Colombia",2014-07-22T02:51:28+00:00,3.9,MW,directa
2.67,-75.054,4771730.036962193,1853239.468994995,4.0,3.3,SGC,"Rivera - Huila, Colombia",2014-07-24T05:59:25+00:00,3.3,MW,directa
4.77,-76.216,4643327.6211873945,2085912.139054018,117.0,3.8,SGC,"El Cairo - Valle Del Cauca, Colombia",2014-07-29T20:06:21+00:00,3.8,MW,directa
1.92,-76.008,4665451.0295426855,1770477.5289057752,3.0,3.5,SGC,"Pitalito - Huila, Colombia",2014-08-08T11:25:05+00:00,3.5,MW,directa
3.399,-74.67,4814543.507655618,1933755.5198953024,5.0,3.3,SGC,"Colombia - Huila, Colombia",2014-08-11T17:13:19+00:00,3.3,MW,directa
2.427,-74.033,4885195.099995174,1826244.0467450072,4.0,3.0,SGC,"La Macarena - Meta, Colombia",2014-08-15T13:05:43+00:00,3.0,MW,directa
4.029,-74.075,4880713.844941509,2003282.878721418,4.0,3.5,SGC,"Gutiérrez - Cundinamarca, Colombia",2014-08-17T08:46:00+00:00,3.5,MW,directa
4.046,-76.032,4663427.628860942,2005711.3882210464,163.0,3.5,SGC,"Tuluá - Valle Del Cauca, Colombia",2014-08-18T16:12:13+00:00,3.5,MW,directa
3.631,-74.069,4881324.884888031,1959299.0385099992,4.0,3.3,SGC,"Lejanías - Meta, Colombia",2014-08-29T00:57:03+00:00,3.3,MW,directa
4.589,-76.663,4593585.111384561,2066120.2968736184,5.0,3.2,SGC,"Sipí - Chocó, Colombia",2014-09-08T01:31:47+00:00,3.2,MW,directa
2.892,-74.873,4791891.826039027,1877748.9015348323,2.0,3.2,SGC,"Baraya - Huila, Colombia",2014-09-16T18:48:06+00:00,3.2,MW,directa
3.825,-76.926,4563934.957946628,1981661.897297697,95.0,3.9,SGC,"Buenaventura - Valle Del Cauca, Colombia",2014-09-19T22:59:50+00:00,3.9,MW,directa
4.72,-76.165,4648964.260433321,2080352.8429171103,90.0,3.5,SGC,"Argelia - Valle Del Cauca, Colombia",2014-10-13T10:14:12+00:00,3.5,MW,directa
3.876,-76.748,4583759.299960506,1987220.3910826663,31.0,3.5,SGC,"Dagua - Valle Del Cauca, Colombia",2014-10-14T16:24:48+00:00,3.5,MW,directa
4.966,-75.976,4670065.3817294175,2107478.1121536097,114.0,4.7,SGC,"Balboa - Risaralda, Colombia",2014-10-18T21:20:33+00:00,4.7,MW,directa
4.837,-76.422,4620492.017194984,2093438.6401625376,97.0,4.6,SGC,"San José Del Palmar - Chocó, Colombia",2014-10-31T16:24:28+00:00,4.6,MW,directa
3.7,-76.41,4621266.252543828,1967580.7058083236,117.0,3.1,SGC,"Vijes - Valle Del Cauca, Colombia",2014-11-01T10:47:17+00:00,3.1,MW,directa
3.603,-76.95,4561155.067768047,1957086.967830363,104.0,3.0698,SGC,"Dagua - Valle Del Cauca, Colombia",2014-11-02T14:20:10+00:00,3.1,ML,convertida
3.117,-74.728,4808047.137516098,1902594.660152848,3.0,3.3,SGC,"Colombia - Huila, Colombia",2014-11-11T04:05:52+00:00,3.3,MW,directa
1.726,-76.284,4634682.810113756,1749064.2286163853,4.0,3.1,SGC,"Palestina - Huila, Colombia",2014-11-12T04:34:55+00:00,3.1,MW,directa
3.876,-76.277,4636128.085493752,1987003.0926915496,114.0,3.4,SGC,"Guadalajara De Buga - Valle Del Cauca, Colombia",2014-12-13T19:19:42+00:00,3.4,MW,directa
4.849,-74.833,4796805.074008497,2094082.8997557496,0.0,3.4,SGC,"Lérida - Tolima, Colombia",2014-12-18T16:27:01+00:00,3.4,MW,directa
4.633,-76.294,4634596.095300204,2070790.6362890056,113.0,3.4,SGC,"Versalles - Valle Del Cauca, Colombia",2014-12-20T15:32:19+00:00,3.4,MW,directa
4.455,-76.328,4630729.511157549,2051107.5378763173,111.0,3.7,SGC,"El Dovio - Valle Del Cauca, Colombia",2014-12-30T19:56:16+00:00,3.7,MW,directa
4.617,-74.644,4817701.735848339,2068384.185438248,0.0,3.1,SGC,"Jerusalén - Cundinamarca, Colombia",2015-01-07T23:21:42+00:00,3.1,MW,directa
4.628,-74.653,4816706.306079401,2069602.4240628956,0.0,3.2,SGC,"Jerusalén - Cundinamarca, Colombia",2015-01-08T11:06:19+00:00,3.2,MW,directa
2.357,-75.382,4735195.213619538,1818692.5501428784,4.0,3.3,SGC,"Gigante - Huila, Colombia",2015-01-09T16:59:32+00:00,3.3,MW,directa
4.755,-74.767,4804096.931271671,2083672.1553640931,0.0,3.0,SGC,"Ambalema - Tolima, Colombia",2015-01-18T11:50:41+00:00,3.0,MW,directa
4.392,-75.87,4681567.324509968,2043923.9048514727,160.0,3.8,SGC,"Caicedonia - Valle Del Cauca, Colombia",2015-01-21T16:09:24+00:00,3.8,MW,directa
4.674,-76.186,4646609.531300684,2075272.9825290928,96.0,5.2,SGC,"Argelia - Valle Del Cauca, Colombia",2015-02-21T17:26:45+00:00,5.2,MW,directa
2.785,-76.529,4607679.692340731,1866342.572789608,139.0,5.7,SGC,"Caldono - Cauca, Colombia",2015-02-22T07:56:24+00:00,5.7,MW,directa
4.319,-76.541,4606994.982864312,2036162.3008713543,104.0,3.6,SGC,"Trujillo - Valle Del Cauca, Colombia",2015-02-27T20:31:17+00:00,3.6,MW,directa
3.8,-74.851,4794526.42508703,1978121.8324694957,42.0,3.5,SGC,"Prado - Tolima, Colombia",2015-03-06T00:00:57+00:00,3.5,MW,directa
1.981,-73.345,4961648.048403766,1776926.800818651,11.0,3.2,SGC,"La Macarena - Meta, Colombia",2015-03-08T04:56:25+00:00,3.2,MW,directa
2.503,-75.838,4684497.769827704,1834938.7501635803,4.0,3.5,SGC,"Nátaga - Huila, Colombia",2015-03-15T08:26:06+00:00,3.5,MW,directa
4.914,-74.834,4796713.762354999,2101268.952192256,4.0,3.5,SGC,"Lérida - Tolima, Colombia",2015-04-08T20:04:11+00:00,3.5,MW,directa
4.441,-76.515,4609947.623035889,2049654.223751442,92.0,3.3,SGC,"Sipí - Chocó, Colombia",2015-04-25T09:30:15+00:00,3.3,MW,directa
2.064,-76.05,4660804.90474879,1786418.6354244244,4.0,3.3,SGC,"Oporapa - Huila, Colombia",2015-05-07T15:59:41+00:00,3.3,MW,directa
2.458,-75.531,4718641.260880854,1829891.990185885,0.0,3.7,SGC,"Gigante - Huila, Colombia",2015-05-11T08:52:05+00:00,3.7,MW,directa
3.222,-74.517,4831508.68325475,1914163.987288327,9.0,4.2,SGC,"Uribe - Meta, Colombia",2015-05-12T03:45:10+00:00,4.2,MW,directa
3.399,-74.802,4799880.014967029,1933781.869510543,3.0,3.2,SGC,"Colombia - Huila, Colombia",2015-05-13T23:29:14+00:00,3.2,MW,directa
3.634,-76.303,4633136.681999039,1960231.1965229644,11.0,3.0,SGC,"El Cerrito - Valle Del Cauca, Colombia",2015-05-16T21:29:41+00:00,3.0,MW,directa
3.552,-74.123,4875318.602005225,1950575.9042668692,4.0,3.3,SGC,"Lejanías - Meta, Colombia",2015-05-21T17:47:12+00:00,3.3,MW,directa
4.778,-76.361,4627232.70065837,2086874.523137736,94.0,3.6,SGC,"El Cairo - Valle Del Cauca, Colombia",2015-05-23T15:50:56+00:00,3.6,MW,directa
4.075,-76.619,4598201.600633606,2009189.503802164,58.0,3.3,SGC,"Darién - Valle Del Cauca, Colombia",2015-06-09T09:47:51+00:00,3.3,MW,directa
4.233,-76.26,4638176.892136514,2026504.937522616,137.0,3.6,SGC,"Trujillo - Valle Del Cauca, Colombia",2015-06-11T04:43:34+00:00,3.6,MW,directa
4.237,-76.168,4648400.18315646,2026905.2110740908,147.0,3.6,SGC,"Bugalagrande - Valle Del Cauca, Colombia",2015-06-18T19:45:42+00:00,3.6,MW,directa
1.968,-75.068,4770060.081037313,1775629.0284881936,4.0,3.2,SGC,"Puerto Rico - Caquetá, Colombia",2015-06-23T17:30:05+00:00,3.2,MW,directa
1.925,-76.038,4662112.294089649,1771036.6544767362,4.0,3.3,SGC,"Saladoblanco - Huila, Colombia",2015-06-28T19:02:56+00:00,3.3,MW,directa
4.684,-74.709,4810509.911652618,2075807.482939018,2.0,3.3,SGC,"Pulí - Cundinamarca, Colombia",2015-07-01T04:30:53+00:00,3.3,MW,directa
2.006,-76.142,4650550.777825192,1780020.639981815,4.0,3.2,SGC,"Saladoblanco - Huila, Colombia",2015-07-04T03:47:27+00:00,3.2,MW,directa
3.605,-74.302,4855450.201932414,1956459.4563461563,9.0,3.5,SGC,"Lejanías - Meta, Colombia",2015-07-04T16:09:59+00:00,3.5,MW,directa
3.63,-74.199,4866890.788601476,1959206.618585765,1.0,3.3,SGC,"Lejanías - Meta, Colombia",2015-07-06T03:22:49+00:00,3.3,MW,directa
4.006,-76.912,4565585.978891554,2001700.2307027772,85.0,3.2,SGC,"Buenaventura - Valle Del Cauca, Colombia",2015-07-08T19:33:19+00:00,3.2,MW,directa
2.641,-75.06,4771057.59996035,1850034.350303004,5.0,3.9,SGC,"Rivera - Huila, Colombia",2015-07-20T15:47:19+00:00,3.9,MW,directa
3.726,-74.253,4860909.830714449,1969824.352473307,3.0,3.3,SGC,"Lejanías - Meta, Colombia",2015-07-21T01:04:32+00:00,3.3,MW,directa
4.149,-73.755,4916237.2249182975,2016503.151928452,4.0,4.1,SGC,"Guayabetal - Cundinamarca, Colombia",2015-07-24T03:41:23+00:00,4.1,MW,directa
5.025,-75.526,4720014.688869238,2113795.8925343263,3.0,3.8,SGC,"Villamaría - Caldas, Colombia",2015-07-26T19:45:34+00:00,3.8,MW,directa
3.742,-77.015,4553991.059995297,1972514.503998972,17.0,3.4,SGC,"Buenaventura - Valle Del Cauca, Colombia",2015-07-29T00:11:10+00:00,3.4,MW,directa
3.788,-77.009,4554682.11061776,1977606.4584461225,28.0,3.0,SGC,"Buenaventura - Valle Del Cauca, Colombia",2015-08-05T15:23:33+00:00,3.0,MW,directa
2.022,-75.983,4668254.285506854,1781757.6943701557,6.0,3.0,SGC,"Oporapa - Huila, Colombia",2015-08-12T02:53:43+00:00,3.0,MW,directa
3.659,-73.942,4895428.388079802,1962377.5117547712,0.0,3.5,SGC,"El Dorado - Meta, Colombia",2015-08-18T18:33:04+00:00,3.5,MW,directa
4.432,-75.688,4701791.8466446055,2048273.3217950424,1.0,4.1,SGC,"Córdoba - Quindío, Colombia",2015-08-21T09:16:16+00:00,4.1,MW,directa
3.662,-76.117,4653827.368648321,1963255.9887696824,166.0,3.7,SGC,"Ginebra - Valle Del Cauca, Colombia",2015-08-24T16:19:17+00:00,3.7,MW,directa
1.872,-76.016,4664551.188596518,1765168.3320376298,7.0,3.6,SGC,"Pitalito - Huila, Colombia",2015-09-02T22:53:19+00:00,3.6,MW,directa
4.002,-76.412,4621177.71429409,2001008.904538832,136.0,4.9,SGC,"Darién - Valle Del Cauca, Colombia",2015-09-05T18:14:53+00:00,4.9,MW,directa
4.166,-76.208,4643923.931133243,2019066.3208773783,142.0,3.2,SGC,"Andalucía - Valle Del Cauca, Colombia",2015-09-07T06:14:27+00:00,3.2,MW,directa
1.898,-76.023,4663776.898665491,1768046.3586549382,6.0,3.1,SGC,"Pitalito - Huila, Colombia",2015-09-09T01:16:17+00:00,3.1,MW,directa
4.105,-75.872,4681227.229390874,2012173.8721335072,0.0,4.7,SGC,"Génova - Quindío, Colombia",2015-09-17T23:35:09+00:00,4.7,MW,directa
3.443,-76.266,4637176.288613265,1939078.33314002,153.0,3.7,SGC,"Pradera - Valle Del Cauca, Colombia",2015-09-24T19:06:40+00:00,3.7,MW,directa
1.594,-76.652,4593665.932474591,1734524.973655691,2.0,3.4,SGC,"Santa Rosa - Cauca, Colombia",2015-09-26T09:49:29+00:00,3.4,MW,directa
3.12,-74.728,4808047.681771221,1902926.278375948,4.0,3.2,SGC,"Colombia - Huila, Colombia",2015-10-08T04:13:50+00:00,3.2,MW,directa
4.456,-76.775,4581064.303176521,2051457.7145482409,18.0,3.7,SGC,"Sipí - Chocó, Colombia",2015-10-10T10:51:45+00:00,3.7,MW,directa
3.705,-76.905,4566211.499177416,1968361.5643321392,100.0,3.6,SGC,"Buenaventura - Valle Del Cauca, Colombia",2015-10-18T07:35:08+00:00,3.6,MW,directa
4.614,-76.317,4632032.052072883,2068699.6842290016,115.0,3.3,SGC,"Versalles - Valle Del Cauca, Colombia",2015-10-22T01:40:19+00:00,3.3,MW,directa
3.01,-76.761,4581934.927375311,1891336.205193639,47.0,3.4,SGC,"Suárez - Cauca, Colombia",2015-10-28T23:53:53+00:00,3.4,MW,directa
4.965,-76.054,4661409.365965642,2107406.926684855,110.0,3.7,SGC,"El Águila - Valle Del Cauca, Colombia",2015-10-30T02:42:29+00:00,3.7,MW,directa
1.694,-76.286,4634454.014100294,1745523.1844772806,0.0,3.2,SGC,"Palestina - Huila, Colombia",2015-11-04T06:48:54+00:00,3.2,MW,directa
3.213,-74.882,4790953.573559973,1913236.675337949,0.0,3.4,SGC,"Colombia - Huila, Colombia",2015-11-07T07:14:34+00:00,3.4,MW,directa
5.068,-74.671,4814829.723134816,2118244.8716381285,1.0,3.2,SGC,"Guaduas - Cundinamarca, Colombia",2015-11-13T04:32:59+00:00,3.2,MW,directa
5.062,-74.683,4813497.856252866,2117585.061501404,12.0,3.8,SGC,"Guaduas - Cundinamarca, Colombia",2015-11-13T20:59:17+00:00,3.8,MW,directa
3.953,-76.606,4599587.242281274,1995676.4294865096,30.0,3.3,SGC,"Darién - Valle Del Cauca, Colombia",2015-11-16T13:05:31+00:00,3.3,MW,directa
4.679,-76.21,4643947.227078321,2075838.4439525264,121.0,3.7,SGC,"El Cairo - Valle Del Cauca, Colombia",2015-12-04T00:41:54+00:00,3.7,MW,directa
4.387,-76.328,4630695.77491812,2043581.4281379436,125.0,3.6,SGC,"Bolívar - Valle Del Cauca, Colombia",2015-12-04T19:13:56+00:00,3.6,MW,directa
4.553,-74.963,4782296.749615649,2061398.2008654128,6.0,3.1,SGC,"Alvarado - Tolima, Colombia",2015-12-06T20:37:48+00:00,3.1,MW,directa
3.727,-77.228,4530279.948348958,1970964.106387237,37.0,3.4,SGC,"Buenaventura - Valle Del Cauca, Colombia",2015-12-10T21:11:15+00:00,3.4,MW,directa
4.078,-75.086,4768505.877421359,2008918.1048041703,1.0,3.3,SGC,"San Luis - Tolima, Colombia",2015-12-12T08:56:55+00:00,3.3,MW,directa
4.408,-76.29,4634927.477181672,2045886.9080205497,105.0,3.6,SGC,"El Dovio - Valle Del Cauca, Colombia",2015-12-16T01:40:47+00:00,3.6,MW,directa
4.09,-76.116,4654112.819439849,2010615.5507897204,4.0,3.3,SGC,"Tuluá - Valle Del Cauca, Colombia",2015-12-25T10:17:14+00:00,3.3,MW,directa
2.37,-76.36,4626368.363491152,1820355.8465595627,6.0,3.7404,SGC,"Coconuco - Cauca, Colombia",2015-12-25T12:35:59+00:00,3.8,ML,convertida
2.489,-75.485,4723764.522357644,1833310.736152556,1.0,3.2,SGC,"Hobo - Huila, Colombia",2015-12-25T17:17:17+00:00,3.2,MW,directa
4.357,-73.744,4917479.813541967,2039486.245404869,4.0,3.7,SGC,"El Calvario - Meta, Colombia",2015-12-26T02:20:22+00:00,3.7,MW,directa
4.165,-76.721,4586907.973826556,2019206.3637901112,91.0,3.2,SGC,"Darién - Valle Del Cauca, Colombia",2015-12-28T08:50:09+00:00,3.2,MW,directa
2.653,-75.064,4770615.067126947,1851361.8091805768,0.0,3.6,SGC,"Rivera - Huila, Colombia",2016-01-05T08:21:07+00:00,3.6,MW,directa
4.414,-75.479,4724986.779816996,2046201.7050240089,1.0,3.0,SGC,"Cajamarca - Tolima, Colombia",2016-01-16T22:01:46+00:00,3.0,MW,directa
4.187,-73.702,4922121.304397826,2020696.739892337,0.0,3.2,SGC,"Villavicencio - Meta, Colombia",2016-02-04T09:07:40+00:00,3.2,MW,directa
3.77,-76.704,4588601.977569041,1975462.36805336,48.0,3.8,SGC,"Dagua - Valle Del Cauca, Colombia",2016-02-16T06:10:43+00:00,3.8,MW,directa
3.545,-73.131,4985456.495550629,1949727.7935872723,4.0,4.3,SGC,"San Carlos De Guaroa - Meta, Colombia",2016-02-17T09:49:57+00:00,4.3,MW,directa
1.976,-76.14,4650767.1121675465,1776700.5922720772,4.0,3.3,SGC,"San José De Isnos - Huila, Colombia",2016-02-20T11:01:12+00:00,3.3,MW,directa
3.841,-76.844,4573064.545873998,1983392.4023682568,36.0,3.3,SGC,"Buenaventura - Valle Del Cauca, Colombia",2016-02-24T02:01:18+00:00,3.3,MW,directa
3.434,-75.623,4708661.199905893,1937862.0451420865,3.0,3.3,SGC,"Rioblanco - Tolima, Colombia",2016-02-27T00:09:37+00:00,3.3,MW,directa
4.04,-74.048,4883711.771228988,2004494.5849542515,0.0,3.3,SGC,"Gutiérrez - Cundinamarca, Colombia",2016-02-29T21:05:46+00:00,3.3,MW,directa
4.168,-76.253,4638924.6979625495,2019308.162303592,144.0,3.6,SGC,"Riofrío - Valle Del Cauca, Colombia",2016-03-01T01:49:20+00:00,3.6,MW,directa
3.502,-74.577,4824892.873317436,1945122.922880112,0.0,4.0,SGC,"Colombia - Huila, Colombia",2016-03-13T08:17:46+00:00,4.0,MW,directa
2.389,-75.672,4702940.822939926,1822290.573431525,4.0,3.5,SGC,"Tesalia - Huila, Colombia",2016-03-14T23:41:48+00:00,3.5,MW,directa
3.972,-76.365,4626388.412902201,1997666.8725897132,112.0,3.9,SGC,"Guadalajara De Buga - Valle Del Cauca, Colombia",2016-03-16T16:51:06+00:00,3.9,MW,directa
3.446,-74.331,4852204.903445631,1938891.460426364,0.0,3.1,SGC,"Uribe - Meta, Colombia",2016-04-04T04:47:00+00:00,3.1,MW,directa
4.036,-76.387,4623972.2250714,2004760.6393867887,132.0,3.7,SGC,"Darién - Valle Del Cauca, Colombia",2016-04-04T23:35:02+00:00,3.7,MW,directa
4.145,-76.26,4638136.370485228,2016765.9678718224,142.0,3.7,SGC,"Riofrío - Valle Del Cauca, Colombia",2016-04-05T07:20:55+00:00,3.7,MW,directa
3.952,-73.966,4892800.128595636,1994758.7121200543,0.0,3.3,SGC,"Acacías - Meta, Colombia",2016-04-07T14:13:05+00:00,3.3,MW,directa
2.024,-75.803,4688289.413411496,1781943.2109611058,4.0,3.0698,SGC,"Altamira - Huila, Colombia",2016-04-18T09:14:14+00:00,3.1,ML,convertida
2.284,-75.77,4692014.406063205,1810697.3529509131,2.0,3.2,SGC,"Agrado - Huila, Colombia",2016-04-22T17:54:05+00:00,3.2,MW,directa
3.118,-74.52,4831158.531501586,1902669.5589704004,3.0,3.4,SGC,"Uribe - Meta, Colombia",2016-05-19T22:56:08+00:00,3.4,MW,directa
3.659,-76.121,4653381.535914008,1962925.573763246,159.0,3.6,SGC,"Ginebra - Valle Del Cauca, Colombia",2016-05-23T05:31:56+00:00,3.6,MW,directa
4.352,-76.407,4621901.493244899,2039746.890609827,119.0,3.7,SGC,"Trujillo - Valle Del Cauca, Colombia",2016-05-25T13:05:29+00:00,3.7,MW,directa
4.674,-74.586,4824148.974424091,2074670.0897866604,4.0,3.0,SGC,"Quipile - Cundinamarca, Colombia",2016-05-26T11:33:29+00:00,3.0,MW,directa
3.946,-76.346,4628488.742706669,1994780.63473686,142.0,4.2,SGC,"Guadalajara De Buga - Valle Del Cauca, Colombia",2016-05-27T12:10:59+00:00,4.2,MW,directa
4.537,-76.204,4644542.764041421,2060120.9860711235,64.0,3.9,SGC,"Versalles - Valle Del Cauca, Colombia",2016-06-07T22:49:30+00:00,3.9,MW,directa
4.232,-76.399,4622731.306923559,2026460.5767519493,123.0,3.9,SGC,"Trujillo - Valle Del Cauca, Colombia",2016-06-17T16:53:43+00:00,3.9,MW,directa
2.041,-75.88,4679722.751020935,1783838.9023180038,2.0,3.6,SGC,"Elías - Huila, Colombia",2016-06-17T23:18:11+00:00,3.6,MW,directa
3.725,-76.844,4573007.597162741,1970546.6466403785,105.0,4.3,SGC,"Dagua - Valle Del Cauca, Colombia",2016-07-10T19:50:39+00:00,4.3,MW,directa
2.372,-75.554,4716064.895328538,1820385.4349801776,1.0,3.3,SGC,"Gigante - Huila, Colombia",2016-07-16T08:01:02+00:00,3.3,MW,directa
2.285,-75.697,4700137.303589636,1810792.5076922337,1.0,3.7,SGC,"Agrado - Huila, Colombia",2016-07-20T02:24:54+00:00,3.7,MW,directa
3.925,-76.221,4642373.577226377,1992401.8070603104,124.0,3.1656,SGC,"San Pedro - Valle Del Cauca, Colombia",2016-07-21T07:49:27+00:00,3.2,ML,convertida
4.053,-76.446,4617422.170060919,2006669.9400971965,132.0,3.9,SGC,"Darién - Valle Del Cauca, Colombia",2016-08-14T04:06:23+00:00,3.9,MW,directa
4.826,-74.611,4821415.457925964,2091477.989513361,2.0,3.5,SGC,"San Juan De Rioseco - Cundinamarca, Colombia",2016-08-25T05:54:21+00:00,3.5,MW,directa
4.563,-75.192,4756891.56992308,2062577.0997109015,6.0,4.0,SGC,"Anzoátegui - Tolima, Colombia",2016-10-07T15:34:38+00:00,4.0,MW,directa
3.381,-74.472,4836533.901939366,1931730.286201964,0.0,3.3,SGC,"Uribe - Meta, Colombia",2016-10-15T13:18:58+00:00,3.3,MW,directa
3.405,-74.636,4818321.429364713,1934412.266425951,13.0,5.3,SGC,"Colombia - Huila, Colombia",2016-10-30T19:20:12+00:00,5.3,MW,directa
3.417,-74.615,4820656.335906699,1935734.7383613617,0.0,4.8,SGC,"Colombia - Huila, Colombia",2016-10-30T21:05:58+00:00,4.8,MW,directa
4.627,-75.906,4677673.42650716,2069938.370577457,17.0,3.3,SGC,"Obando - Valle Del Cauca, Colombia",2016-11-06T10:12:51+00:00,3.3,MW,directa
3.835,-76.443,4617655.77428294,1982538.035875966,132.0,3.6,SGC,"Yotoco - Valle Del Cauca, Colombia",2016-11-08T04:57:28+00:00,3.6,MW,directa
3.83,-75.997,4667230.488073273,1981798.275021378,177.0,3.5,SGC,"San Pedro - Valle Del Cauca, Colombia",2016-11-09T21:09:54+00:00,3.5,MW,directa
4.068,-76.53,4608092.0376989385,2008370.6778043143,66.0,3.5,SGC,"Darién - Valle Del Cauca, Colombia",2016-11-21T23:41:38+00:00,3.5,MW,directa
5.015,-75.9,4678522.255929315,2112861.7458643857,114.0,3.8,SGC,"Viterbo - Caldas, Colombia",2016-11-30T12:12:35+00:00,3.8,MW,directa
5.075,-75.625,4709056.240046197,2119369.629007608,120.0,3.4,SGC,"Palestina - Caldas, Colombia",2016-12-11T20:43:28+00:00,3.4,MW,directa
3.431,-74.645,4817326.62203184,1937287.8846752576,0.0,4.2,SGC,"Colombia - Huila, Colombia",2016-12-16T14:45:18+00:00,4.2,MW,directa
3.861,-76.291,4634565.407789808,1985349.0349015356,145.0,3.7,SGC,"Guadalajara De Buga - Valle Del Cauca, Colombia",2016-12-16T20:38:22+00:00,3.7,MW,directa
4.833,-76.268,4637587.688956059,2092911.6843203711,101.0,3.7,SGC,"San José Del Palmar - Chocó, Colombia",2016-12-17T21:02:54+00:00,3.7,MW,directa
3.751,-76.523,4608722.866337427,1973275.4944507573,128.0,3.3,SGC,"Restrepo - Valle Del Cauca, Colombia",2016-12-24T14:17:46+00:00,3.3,MW,directa
1.817,-77.077,4546355.20929765,1759315.3509404224,150.0,4.8,SGC,"Mercaderes - Cauca, Colombia",2016-12-28T00:05:05+00:00,4.8,MW,directa
4.464,-76.458,4616292.451480025,2052170.2845772333,96.0,3.4,SGC,"El Dovio - Valle Del Cauca, Colombia",2017-01-05T12:03:53+00:00,3.4,MW,directa
4.757,-76.187,4646540.542640282,2084458.539301592,105.0,3.6,SGC,"El Cairo - Valle Del Cauca, Colombia",2017-01-13T12:04:06+00:00,3.6,MW,directa
3.732,-74.154,4871901.813113531,1970472.4244817053,0.0,3.2,SGC,"Lejanías - Meta, Colombia",2017-01-17T13:45:15+00:00,3.2,MW,directa
4.453,-74.348,4850497.249610215,2050189.3725570207,25.0,3.8,SGC,"Granada - Cundinamarca, Colombia",2017-01-21T01:34:06+00:00,3.8,MW,directa
4.116,-76.82,4575875.155543199,2013832.9498073952,88.0,4.1,SGC,"Buenaventura - Valle Del Cauca, Colombia",2017-01-24T14:35:39+00:00,4.1,MW,directa
3.382,-74.716,4809430.288864702,1931885.307214218,0.0,5.4,SGC,"Colombia - Huila, Colombia",2017-02-06T08:02:44+00:00,5.4,MW,directa
3.3976,-74.7661,4803867.859686147,1933619.7454583084,42.0,5.5,SGC,"Colombia - Huila, Colombia",2017-02-06T13:02:44+00:00,5.5,Mwp,directa
3.38,-74.775,4802875.601407567,1931676.004875667,0.0,3.7,SGC,"Colombia - Huila, Colombia",2017-02-06T21:24:01+00:00,3.7,MW,directa
3.384,-74.823,4797543.968426623,1932128.0620346605,24.0,3.7,SGC,"Colombia - Huila, Colombia",2017-02-09T10:32:23+00:00,3.7,MW,directa
3.563,-76.573,4603079.648382294,1952485.470695784,134.0,3.7,SGC,"Yumbo - Valle Del Cauca, Colombia",2017-02-15T06:37:48+00:00,3.7,MW,directa
3.425,-74.804,4799663.220525571,1936656.441557796,26.0,3.6,SGC,"Colombia - Huila, Colombia",2017-02-18T00:04:27+00:00,3.6,MW,directa
3.409,-74.805,4799548.810189768,1934887.937274822,20.0,3.3,SGC,"Colombia - Huila, Colombia",2017-03-02T12:20:43+00:00,3.3,MW,directa
3.393,-74.825,4797323.65403887,1933123.391441762,25.0,3.4,SGC,"Colombia - Huila, Colombia",2017-03-06T02:30:58+00:00,3.4,MW,directa
3.942,-75.54,4718046.536425345,1994021.372973387,4.0,3.1,SGC,"San Antonio - Tolima, Colombia",2017-03-15T01:48:58+00:00,3.1,MW,directa
3.389,-74.784,4801877.604608659,1932672.7255262933,12.0,3.2,SGC,"Colombia - Huila, Colombia",2017-03-15T23:19:05+00:00,3.2,MW,directa
2.45,-75.552,4716303.563219294,1829011.654113253,0.0,3.5,SGC,"Gigante - Huila, Colombia",2017-03-16T22:47:28+00:00,3.5,MW,directa
3.65,-74.389,4845797.1434295885,1961447.244890394,2.0,3.4,SGC,"Cabrera - Cundinamarca, Colombia",2017-03-22T14:36:46+00:00,3.4,MW,directa
3.38,-74.753,4805319.600579033,1931671.567163042,0.0,3.3,SGC,"Colombia - Huila, Colombia",2017-03-31T01:50:05+00:00,3.3,MW,directa
3.618,-76.529,4607997.292565846,1958555.0868250409,132.0,3.7,SGC,"La Cumbre - Valle Del Cauca, Colombia",2017-04-01T04:32:44+00:00,3.7,MW,directa
4.721,-76.06,4660621.678090136,2080411.333198743,44.0,3.6,SGC,"Argelia - Valle Del Cauca, Colombia",2017-04-03T18:27:11+00:00,3.6,MW,directa
4.933,-76.034,4663612.598014679,2103855.979386751,112.0,3.7,SGC,"El Águila - Valle Del Cauca, Colombia",2017-04-09T21:06:35+00:00,3.7,MW,directa
4.521,-75.777,4691947.839886245,2058155.1032037844,151.0,4.1,SGC,"Montenegro - Quindío, Colombia",2017-04-22T21:58:55+00:00,4.1,MW,directa
3.531,-74.408,4843667.150830242,1948298.227345935,0.0,3.7,SGC,"Uribe - Meta, Colombia",2017-04-25T05:23:07+00:00,3.7,MW,directa
4.351,-76.229,4641676.327044919,2039549.2230322768,4.0,3.4,SGC,"Bolívar - Valle Del Cauca, Colombia",2017-04-27T09:26:59+00:00,3.4,MW,directa
3.82,-76.061,4660113.670376045,1980716.93359252,49.0,4.5,SGC,"Ginebra - Valle Del Cauca, Colombia",2017-04-29T05:06:34+00:00,4.5,MW,directa
3.802,-76.795,4578495.661660091,1979049.439307446,31.0,3.9,SGC,"Dagua - Valle Del Cauca, Colombia",2017-05-05T21:52:40+00:00,3.9,MW,directa
3.37,-75.107,4765987.301508709,1930644.0626190244,2.0,3.6,SGC,"Alpujarra - Tolima, Colombia",2017-05-11T09:45:16+00:00,3.6,MW,directa
4.833,-76.234,4641362.1954970965,2092893.6205110024,110.0,4.2,SGC,"San José Del Palmar - Chocó, Colombia",2017-05-16T03:14:21+00:00,4.2,MW,directa
4.207,-76.07,4659274.12539556,2023541.881127548,3.0,4.1,SGC,"Bugalagrande - Valle Del Cauca, Colombia",2017-05-17T12:23:03+00:00,4.1,MW,directa
3.483,-74.13,4874532.096610065,1942951.5599820125,0.0,4.7,SGC,"Lejanías - Meta, Colombia",2017-07-02T14:26:28+00:00,4.7,MW,directa
3.5095,-74.1631,4870860.014932829,1945884.6156445344,17.0,4.7,SGC,"Mesetas - Meta, Colombia",2017-07-02T19:26:27+00:00,4.7,Mw,directa
3.564,-74.395,4845116.34701673,1951943.304013007,0.0,3.4,SGC,"Uribe - Meta, Colombia",2017-07-03T00:03:54+00:00,3.4,MW,directa
4.23,-76.264,4637731.061827173,2026174.7953574152,110.0,3.6,SGC,"Trujillo - Valle Del Cauca, Colombia",2017-07-11T05:27:47+00:00,3.6,MW,directa
3.131,-75.92,4675548.137879354,1904435.94550905,2.0,3.3,SGC,"Planadas - Tolima, Colombia",2017-07-14T03:34:06+00:00,3.3,MW,directa
2.238,-75.683,4701685.409021425,1805590.9558195984,1.0,3.8,SGC,"Garzón - Huila, Colombia",2017-07-17T10:15:46+00:00,3.8,MW,directa
2.384,-75.376,4735867.736700231,1821677.153468403,2.0,3.3,SGC,"Algeciras - Huila, Colombia",2017-07-28T10:53:11+00:00,3.3,MW,directa
4.838,-75.338,4740792.218553575,2093038.8709576128,4.0,3.7404,SGC,"Murillo - Tolima, Colombia",2017-07-30T00:40:40+00:00,3.8,ML,convertida
3.211,-75.462,4726493.516111809,1913152.518981483,3.0,3.4,SGC,"Planadas - Tolima, Colombia",2017-08-05T06:13:15+00:00,3.4,MW,directa
3.932,-76.217,4642821.145031729,1993174.75007245,114.0,4.1,SGC,"San Pedro - Valle Del Cauca, Colombia",2017-08-05T14:05:04+00:00,4.1,MW,directa
4.788,-76.393,4623684.960124203,2087998.849376941,18.0,3.5,SGC,"El Cairo - Valle Del Cauca, Colombia",2017-08-23T10:00:18+00:00,3.5,MW,directa
4.783,-76.383,4624792.606003268,2087439.9373191332,18.0,3.6,SGC,"El Cairo - Valle Del Cauca, Colombia",2017-08-23T13:25:05+00:00,3.6,MW,directa
3.864,-73.658,4926974.035671824,1985001.4779585856,2.0,4.0,SGC,"Castilla La Nueva - Meta, Colombia",2017-08-24T17:22:18+00:00,4.0,MW,directa
4.533,-75.713,4699057.655742677,2059455.6431957996,1.0,3.5,SGC,"Armenia - Quindío, Colombia",2017-09-04T05:59:46+00:00,3.5,MW,directa
3.286,-74.386,4846071.379821741,1921216.6523085427,0.0,3.2,SGC,"Uribe - Meta, Colombia",2017-09-11T22:40:32+00:00,3.2,MW,directa
3.622,-77.307,4521430.710479681,1959372.4642313796,64.0,3.9,SGC,"Buenaventura - Valle Del Cauca, Colombia",2017-09-17T17:22:25+00:00,3.9,MW,directa
1.846,-76.085,4656864.391977508,1762304.8552029792,2.0,3.7,SGC,"Pitalito - Huila, Colombia",2017-09-23T08:14:47+00:00,3.7,MW,directa
3.413,-74.808,4799216.370302195,1935330.7413363336,23.0,3.6,SGC,"Colombia - Huila, Colombia",2017-09-26T09:11:57+00:00,3.6,MW,directa
3.425,-77.093,4545154.721997767,1937439.814194236,92.0,3.8,SGC,"Buenaventura - Valle Del Cauca, Colombia",2017-09-29T05:17:23+00:00,3.8,MW,directa
4.492,-76.514,4610085.729083889,2055299.3717355563,90.0,3.6,SGC,"Sipí - Chocó, Colombia",2017-10-12T20:20:08+00:00,3.6,MW,directa
4.304,-75.947,4672978.604571624,2034221.0475931629,158.0,3.5,SGC,"Sevilla - Valle Del Cauca, Colombia",2017-10-22T12:31:42+00:00,3.5,MW,directa
4.14,-76.212,4643467.7886221,2016190.8464198348,148.0,3.7,SGC,"Andalucía - Valle Del Cauca, Colombia",2017-10-23T17:04:10+00:00,3.7,MW,directa
4.639,-76.292,4634821.285749214,2071453.651188375,116.0,3.5,SGC,"Versalles - Valle Del Cauca, Colombia",2017-10-29T15:36:19+00:00,3.5,MW,directa
2.533,-76.124,4652680.750247287,1838330.7145967877,170.0,5.2,SGC,"Inzá - Cauca, Colombia",2017-11-03T19:16:36+00:00,5.2,MW,directa
2.73,-75.056,4771518.890719296,1859873.4175246533,2.0,4.8,SGC,"Rivera - Huila, Colombia",2017-11-11T09:45:20+00:00,4.8,MW,directa
3.816,-76.149,4650331.043892796,1980309.6526401488,160.0,4.4,SGC,"Ginebra - Valle Del Cauca, Colombia",2017-11-14T21:12:18+00:00,4.4,MW,directa
4.755,-76.187,4646539.5208284445,2084237.212544039,89.0,4.2,SGC,"El Cairo - Valle Del Cauca, Colombia",2017-11-15T19:56:07+00:00,4.2,MW,directa
3.839,-76.849,4572507.386689795,1983173.42735714,107.0,3.5,SGC,"Buenaventura - Valle Del Cauca, Colombia",2017-11-17T10:27:57+00:00,3.5,MW,directa
4.509,-76.315,4632200.632549382,2057077.572669676,120.0,4.3,SGC,"El Dovio - Valle Del Cauca, Colombia",2017-11-26T08:45:50+00:00,4.3,MW,directa
4.093,-74.074,4880834.211747886,2010355.4192056544,0.0,4.0,SGC,"Gutiérrez - Cundinamarca, Colombia",2017-12-11T14:59:23+00:00,4.0,MW,directa
3.603,-74.484,4835239.7192083625,1956269.303532989,10.0,3.2,SGC,"Villarrica - Tolima, Colombia",2017-12-14T14:15:42+00:00,3.2,MW,directa
4.257,-76.228,4641743.382706255,2029146.06421206,146.0,4.9,SGC,"Bugalagrande - Valle Del Cauca, Colombia",2017-12-21T14:26:39+00:00,4.9,MW,directa
3.706,-74.302,4855466.377207021,1967621.8571242888,0.0,3.5,SGC,"Lejanías - Meta, Colombia",2017-12-22T07:01:59+00:00,3.5,MW,directa
4.553,-75.809,4688409.011103501,2061708.7616733443,147.0,3.5,SGC,"Montenegro - Quindío, Colombia",2017-12-23T04:29:05+00:00,3.5,MW,directa
3.865,-76.765,4581863.216065858,1986010.7606826816,103.0,4.0,SGC,"Dagua - Valle Del Cauca, Colombia",2017-12-23T23:50:43+00:00,4.0,MW,directa
1.702,-76.323,4630334.91231462,1746415.6082812252,1.0,3.3,SGC,"San Agustín - Huila, Colombia",2017-12-24T07:20:52+00:00,3.3,MW,directa
2.729,-75.758,4693453.381793322,1859919.1006789752,3.0,3.3,SGC,"Íquira - Huila, Colombia",2017-12-27T11:32:44+00:00,3.3,MW,directa
3.939,-77.259,4526946.544169523,1994469.5094374155,58.0,3.5,SGC,"Buenaventura - Valle Del Cauca, Colombia",2018-01-15T05:01:49+00:00,3.5,MW,directa
4.399,-76.324,4631146.055181581,2044907.583685459,124.0,3.6,SGC,"El Dovio - Valle Del Cauca, Colombia",2018-01-19T02:27:36+00:00,3.6,MW,directa
2.275,-76.55,4605187.511267453,1809892.0878893612,8.0,3.5,SGC,"Paispamba - Cauca, Colombia",2018-01-22T06:07:00+00:00,3.5,MW,directa
3.585,-75.23,4752375.823327689,1954447.8057731008,1.0,3.5,SGC,"Natagaima - Tolima, Colombia",2018-01-22T18:10:04+00:00,3.5,MW,directa
4.267,-76.138,4651746.555133806,2030211.3599691936,147.0,3.4,SGC,"Bugalagrande - Valle Del Cauca, Colombia",2018-01-29T09:08:59+00:00,3.4,MW,directa
3.026,-74.378,4846921.972386056,1892479.920687446,0.0,3.3,SGC,"Uribe - Meta, Colombia",2018-02-09T17:48:37+00:00,3.3,MW,directa
4.176,-73.95,4894604.949482834,2019510.1280891309,0.0,3.5,SGC,"Gutiérrez - Cundinamarca, Colombia",2018-02-17T17:20:14+00:00,3.5,MW,directa
4.179,-76.672,4592362.49317376,2020730.856434983,106.0,5.1,SGC,"Darién - Valle Del Cauca, Colombia",2018-02-18T20:50:36+00:00,5.1,MW,directa
4.134,-73.96,4893489.789976164,2014870.1770171493,0.0,3.3,SGC,"Gutiérrez - Cundinamarca, Colombia",2018-02-26T06:19:06+00:00,3.3,MW,directa
4.501,-75.4,4733787.342399111,2055794.194533748,0.0,3.8,SGC,"Cajamarca - Tolima, Colombia",2018-02-27T07:21:32+00:00,3.8,MW,directa
4.1958,-75.8771,4680697.228192208,2022221.1622224671,173.0,3.0698,SGC,"Sevilla - Valle del Cauca, Colombia",2018-03-01T10:48:12+00:00,3.1,MLr_2,convertida
2.9213,-76.0284,4663427.58133221,1881268.1949063048,16.0,3.8362,SGC,"Páez (Belalcázar) - Cauca, Colombia",2018-03-21T23:31:34+00:00,3.9,MLr,convertida
3.7035,-77.1148,4542865.962956558,1968301.1530197912,107.0,3.5488,SGC,"Buenaventura - Valle del Cauca, Colombia",2018-03-29T19:39:10+00:00,3.6,MLr_1,convertida
4.367,-76.5306,4608175.533351939,2041470.583863442,116.0,4.2,SGC,"Bolívar - Valle del Cauca, Colombia",2018-04-01T10:16:58+00:00,4.2,Mw,directa
4.0448,-74.0235,4886431.301217307,2005021.5645805767,2.0,3.1656,SGC,"Guamal - Meta, Colombia",2018-04-03T05:03:03+00:00,3.2,MLr_3,convertida
5.1058,-75.9355,4674628.968883175,2122925.255444861,109.0,3.0698,SGC,"Apía - Risaralda, Colombia",2018-04-07T22:02:51+00:00,3.1,MLr_1,convertida
3.6076,-77.1511,4538777.023301488,1957696.156727372,97.0,3.1656,SGC,"Buenaventura - Valle del Cauca, Colombia",2018-04-14T00:57:27+00:00,3.2,MLr_1,convertida
2.0905,-75.1648,4759310.034124628,1789187.084516344,0.0,3.2614,SGC,"Puerto Rico - Caquetá, Colombia",2018-04-15T17:17:31+00:00,3.3,MLr_2,convertida
4.7095,-74.8331,4796752.862361536,2078661.2489272836,8.0,3.2614,SGC,"Venadillo - Tolima, Colombia",2018-04-19T11:50:11+00:00,3.3,MLr_2,convertida
5.1055,-75.597,4712175.335327989,2122730.618333594,117.0,5.5,SGC,"Manizales - Caldas, Colombia",2018-04-23T10:42:10+00:00,5.5,Mwp,directa
5.1143,-75.7988,4689797.14317637,2123797.981295287,37.0,3.1656,SGC,"San José - Caldas, Colombia",2018-04-24T18:25:35+00:00,3.2,MLr_2,convertida
1.967,-76.081,4657333.706885575,1775692.4545171196,3.0,4.1,SGC,"Pitalito - Huila, Colombia",2018-04-30T20:58:29+00:00,4.1,Mw,directa
3.2845,-74.3518,4849870.108209993,1921045.6683716096,4.0,4.1236,SGC,"Uribe - Meta, Colombia",2018-05-01T14:19:48+00:00,4.2,MLr_3,convertida
4.3328,-76.3391,4629436.026549814,2037588.109457045,127.0,3.2614,SGC,"Bolívar - Valle del Cauca, Colombia",2018-05-07T04:03:25+00:00,3.3,MLr_1,convertida
2.1806,-75.9645,4670346.879622068,1799300.7834634536,4.0,3.0698,SGC,"La Argentina - Huila, Colombia",2018-05-08T00:20:16+00:00,3.1,MLr_2,convertida
3.6426,-76.5836,4601935.25431848,1961302.282753345,6.0,3.453,SGC,"La Cumbre - Valle del Cauca, Colombia",2018-05-13T03:25:45+00:00,3.5,MLr_1,convertida
4.8893,-76.2838,4635863.906713517,2099151.0952137085,108.0,3.0698,SGC,"San José del Palmar - Chocó, Colombia",2018-05-13T04:38:09+00:00,3.1,MLr_1,convertida
3.8518,-76.1168,4653924.53704644,1984258.0313367925,166.0,3.3572,SGC,"Buga - Valle del Cauca, Colombia",2018-05-21T13:54:29+00:00,3.4,MLr_2,convertida
4.6606,-76.0281,4664134.0214374345,2073712.7735746647,49.0,3.0698,SGC,"Toro - Valle del Cauca, Colombia",2018-06-12T01:13:03+00:00,3.1,MLr_1,convertida
3.5584,-74.2922,4856531.138662332,1951307.75796739,13.0,3.0698,SGC,"Uribe - Meta, Colombia",2018-06-14T08:14:40+00:00,3.1,MLr_3,convertida
4.9885,-76.0103,4666270.613550144,2109984.86518271,109.0,3.5488,SGC,"La Celia - Risaralda, Colombia",2018-06-16T12:46:22+00:00,3.6,MLr_1,convertida
3.5311,-76.9523,4560864.90128366,1949124.921619529,73.0,3.1656,SGC,"Buenaventura - Valle del Cauca, Colombia",2018-06-19T22:47:41+00:00,3.2,MLr_1,convertida
4.4618,-76.3016,4633665.436465378,2051846.935810288,126.0,3.1656,SGC,"Bolívar - Valle del Cauca, Colombia",2018-06-19T23:23:10+00:00,3.2,MLr_1,convertida
3.8013,-76.2858,4635118.106059478,1978739.662176288,70.0,3.932,SGC,"Guacarí - Valle del Cauca, Colombia",2018-06-22T15:08:55+00:00,4.0,MLr_2,convertida
3.6286,-76.9025,4566452.727585631,1959899.2855583697,108.0,3.1656,SGC,"Buenaventura - Valle del Cauca, Colombia",2018-07-06T18:12:34+00:00,3.2,MLr_1,convertida
2.9213,-76.0284,4663427.58133221,1881268.1949063048,8.0,3.3572,SGC,"Planadas - Tolima, Colombia",2018-07-07T06:43:32+00:00,3.4,MLr_2,convertida
3.0305,-75.941,4673182.005482337,1893323.670804412,9.0,3.3572,SGC,"Planadas - Tolima, Colombia",2018-07-07T11:05:55+00:00,3.4,MLr_2,convertida
2.9213,-76.0284,4663427.58133221,1881268.1949063048,9.0,3.2614,SGC,"Planadas - Tolima, Colombia",2018-07-07T17:14:27+00:00,3.3,MLr_2,convertida
3.0308,-75.9348,4673871.673503973,1893354.9900515813,10.0,3.2614,SGC,"Planadas - Tolima, Colombia",2018-07-08T15:40:45+00:00,3.3,MLr_2,convertida
3.0308,-75.9288,4674539.003277672,1893353.182997112,8.0,3.932,SGC,"Planadas - Tolima, Colombia",2018-07-10T00:16:34+00:00,4.0,MLr_2,convertida
2.9213,-76.0284,4663427.58133221,1881268.1949063048,11.0,3.0698,SGC,"Planadas - Tolima, Colombia",2018-07-11T14:01:09+00:00,3.1,MLr_2,convertida
3.0475,-75.9491,4672286.236297995,1895206.9266177644,8.0,3.2614,SGC,"Planadas - Tolima, Colombia",2018-07-12T06:24:12+00:00,3.3,MLr_2,convertida
3.0275,-75.9316,4674226.595140067,1892988.934080004,10.0,3.0698,SGC,"Planadas - Tolima, Colombia",2018-07-13T19:27:10+00:00,3.1,MLr_2,convertida
3.6191,-76.8838,4568528.875077229,1958838.253572819,108.0,3.453,SGC,"Buenaventura - Valle del Cauca, Colombia",2018-07-15T20:24:10+00:00,3.5,MLr_1,convertida
3.4521,-74.7069,4810454.9488258585,1939632.294230804,44.0,5.2,SGC,"Colombia - Huila, Colombia",2018-07-19T00:39:33+00:00,5.2,Mw(mB),directa
4.8466,-76.0901,4657342.718922443,2094324.1566115231,116.0,4.1236,SGC,"El Águila - Valle del Cauca, Colombia",2018-07-23T20:59:14+00:00,4.2,MLr_1,convertida
3.7231,-74.1693,4870201.91858664,1969491.09641248,3.0,3.0698,SGC,"Lejanías - Meta, Colombia",2018-07-25T03:55:11+00:00,3.1,MLr_3,convertida
2.1608,-77.0608,4548254.6464351965,1797392.779809618,129.0,3.2614,SGC,"Patía (El Bordo) - Cauca, Colombia",2018-07-27T20:43:25+00:00,3.3,MLr_1,convertida
3.0116,-75.9496,4672219.80926498,1891235.2590810815,11.0,3.0698,SGC,"Planadas - Tolima, Colombia",2018-07-30T11:31:29+00:00,3.1,MLr_2,convertida
3.024,-75.9511,4672056.694479168,1892607.5945500464,8.0,3.0698,SGC,"Planadas - Tolima, Colombia",2018-08-21T11:19:53+00:00,3.1,MLr_2,convertida
4.3501,-76.3411,4629222.283669028,2039503.8427835996,124.0,3.453,SGC,"Bolívar - Valle del Cauca, Colombia",2018-08-25T18:51:27+00:00,3.5,MLr_1,convertida
4.0773,-77.0345,4551999.93163377,2009663.8869449373,0.0,3.0698,SGC,"Buenaventura - Valle del Cauca, Colombia",2018-09-04T22:55:55+00:00,3.1,MLr_1,convertida
1.7768,-76.2315,4640538.9717933,1754675.9196781293,3.0,3.3572,SGC,"Pitalito - Huila, Colombia",2018-09-14T22:52:33+00:00,3.4,MLr_2,convertida
3.7516,-76.641,4595600.290082025,1973395.665808297,124.0,3.2614,SGC,"La Cumbre - Valle del Cauca, Colombia",2018-09-20T10:23:50+00:00,3.3,MLr_1,convertida
4.2611,-76.3298,4630434.679458853,2029647.9454688567,119.0,3.1656,SGC,"Trujillo - Valle del Cauca, Colombia",2018-10-05T00:22:14+00:00,3.2,MLr_1,convertida
2.4033,-76.7576,4582105.056376268,1824156.9080922152,132.0,3.1656,SGC,"El Tambo - Cauca, Colombia",2018-10-09T20:04:15+00:00,3.2,MLr_2,convertida
3.3855,-74.6995,4811263.907491032,1932268.967346273,9.0,3.0698,SGC,"Colombia - Huila, Colombia",2018-10-12T02:37:25+00:00,3.1,MLr_2,convertida
4.7541,-76.1386,4651912.342535467,2084113.006943054,89.0,3.1656,SGC,"Argelia - Valle del Cauca, Colombia",2018-10-22T11:25:08+00:00,3.2,MLr_1,convertida
4.736,-76.3516,4628253.857574179,2082220.8051439847,103.0,4.506799999999999,SGC,"Sipí - Chocó, Colombia",2018-10-24T15:02:47+00:00,4.6,MLr_1,convertida
4.887,-75.364,4737927.015474905,2098467.6294060936,6.0,3.0698,SGC,Volcán Nevado del Ruiz,2018-10-26T20:10:57+00:00,3.1,MLr_2,convertida
5.0435,-75.4753,4725645.611508024,2115820.4201295427,120.0,4.1,SGC,"Manizales - Caldas, Colombia",2018-11-05T17:45:00+00:00,4.1,Mw,directa
1.8726,-76.0301,4662981.591252702,1765237.4255491104,-1.0,3.0698,SGC,"Pitalito - Huila, Colombia",2018-11-07T10:23:11+00:00,3.1,MLr_2,convertida
1.6275,-76.8365,4573114.679737174,1738272.0596123622,21.0,3.0698,SGC,Volcán Las Animas,2018-12-05T01:21:00+00:00,3.1,MLr_2,convertida
3.8705,-76.6943,4589728.707031352,1986585.1727157887,26.0,3.6446,SGC,"Calima (El Darién) - Valle del Cauca, Colombia",2018-12-09T00:32:49+00:00,3.7,MLr_1,convertida
2.2413,-75.9941,4667065.908624895,1806023.0989652425,4.0,3.1656,SGC,"La Plata - Huila, Colombia",2018-12-22T08:18:50+00:00,3.2,MLr_2,convertida
2.3555,-75.5213,4719699.299985906,1818553.9428563237,14.0,3.453,SGC,"Gigante - Huila, Colombia",2019-01-05T14:54:45+00:00,3.5,MLr_2,convertida
2.7406,-75.0183,4775712.1763962,1861038.221647813,3.0,3.9,SGC,"San Vicente del Caguán - Caquetá, Colombia",2019-01-19T17:03:36+00:00,3.9,Mw,directa
2.9806,-75.9698,4669963.735900216,1887811.5960011887,1.0,5.5,SGC,"Planadas - Tolima, Colombia",2019-01-26T07:32:26+00:00,5.5,Mw(mB),directa
3.0163,-75.9518,4671976.523026728,1891755.9102279756,8.0,3.453,SGC,Área de Influencia Volcán Nevado del Huila,2019-01-26T07:35:25+00:00,3.5,MLr_2,convertida
3.0111,-75.964,4670618.003057999,1891184.287020798,9.0,3.3572,SGC,Área de Influencia Volcán Nevado del Huila,2019-01-26T09:35:48+00:00,3.4,MLr_2,convertida
3.0485,-75.9358,4673765.776924579,1895313.518603662,10.0,3.1656,SGC,Área de Influencia Volcán Nevado del Huila,2019-01-26T10:47:35+00:00,3.2,MLr_2,convertida
3.02,-75.952,4671955.389480915,1892165.323318143,8.0,3.1656,SGC,Area de Influencia Volcán Nevado del Huila,2019-01-26T16:44:30+00:00,3.2,M_MLr,convertida
3.0155,-75.9565,4671453.523389012,1891668.820739589,8.0,3.0698,SGC,Area de Influencia Volcán Nevado del Huila,2019-01-27T01:25:34+00:00,3.1,MLr_2,convertida
3.0398,-75.9285,4674575.066877089,1894348.7948294552,10.0,3.3572,SGC,Area de Influencia Volcán Nevado del Huila,2019-01-27T03:22:26+00:00,3.4,MLr_2,convertida
3.0041,-75.956,4671505.716471278,1890407.4162972372,0.0,5.6,SGC,"Planadas - Tolima, Colombia",2019-01-28T16:07:09+00:00,5.6,Mw(mB),directa
3.0215,-75.9256,4674892.135072839,1892323.3313906512,2.0,3.3572,SGC,Área de Influencia Volcán Nevado del Huila,2019-01-28T17:09:12+00:00,3.4,MLr_2,convertida
3.0431,-75.909,4676744.82969234,1894708.0153156968,9.0,3.0698,SGC,Área de Influencia Volcán Nevado del Huila,2019-01-28T18:19:15+00:00,3.1,MLr_2,convertida
3.0446,-75.9105,4676578.450442029,1894874.4131852505,10.0,3.453,SGC,Área de Influencia Volcán Nevado del Huila,2019-01-28T19:34:48+00:00,3.5,MLr_2,convertida
3.0365,-75.9353,4673817.773811467,1893985.7559523885,10.0,3.0698,SGC,Area de Influencia Volcán Nevado del Huila,2019-01-28T22:17:11+00:00,3.1,MLr_2,convertida
3.041,-75.9293,4674486.450874669,1894481.7966253087,8.0,3.2614,SGC,Area de Influencia Volcán Nevado del Huila,2019-01-29T00:29:35+00:00,3.3,MLr_2,convertida
2.9903,-75.962,4670834.223235266,1888882.4357877115,0.0,4.0,SGC,"Planadas - Tolima, Colombia",2019-01-29T01:10:52+00:00,4.0,Mw,directa
3.04,-75.9316,4674230.343327428,1894371.857450732,10.0,3.0698,SGC,Área de Influencia Volcán Nevado del Huila,2019-01-29T03:35:18+00:00,3.1,MLr_2,convertida
3.0241,-75.9498,4672201.315999928,1892618.264966887,8.0,3.1656,SGC,Área de Influencia Volcán Nevado del Huila,2019-01-29T14:35:44+00:00,3.2,MLr_2,convertida
3.0108,-75.9601,4671051.696921352,1891149.916946074,10.0,3.1656,SGC,Área de Influencia Volcán Nevado del Huila,2019-01-30T22:18:54+00:00,3.2,MLr_2,convertida
3.055,-75.9223,4675269.194993487,1896028.5472841852,9.0,3.2614,SGC,Área de Influencia Volcán Nevado del Huila,2019-02-02T22:20:49+00:00,3.3,MLr_2,convertida
3.0156,-75.972,4669729.543734305,1891684.5809115823,10.0,3.2614,SGC,Área de Influencia Volcán Nevado del Huila,2019-02-08T15:49:19+00:00,3.3,MLr_2,convertida
1.9311,-75.8623,4681671.705735607,1771677.6125025698,1.0,3.0698,SGC,"Suaza - Huila, Colombia",2019-02-08T23:26:54+00:00,3.1,MLr_2,convertida
4.923,-75.4951,4723399.226463063,2102501.7213727343,138.0,4.1,SGC,"Villamaria - Caldas, Colombia",2019-02-09T21:21:47+00:00,4.1,Mw,directa
3.0136,-75.9496,4672220.408470562,1891456.530331737,8.0,3.2614,SGC,Área de Influencia Volcán Nevado del Huila,2019-02-17T16:47:04+00:00,3.3,MLr_2,convertida
2.9863,-75.9726,4669653.994449126,1888443.0725013693,11.0,3.3572,SGC,Área de Influencia Volcán Nevado del Huila,2019-02-18T06:19:22+00:00,3.4,MLr_2,convertida
3.0911,-75.9146,4676136.473131548,1900020.044760559,9.0,3.3572,SGC,Área de Influencia Volcán Nevado del Huila,2019-02-19T05:02:02+00:00,3.4,MLr_2,convertida
4.1981,-76.8736,4569959.727912547,2022953.7703825927,31.0,4.4,SGC,"El Litoral del San Juán (Docordó) - Chocó, Colombia",2019-02-19T06:06:28+00:00,4.4,Mw,directa
3.0326,-75.9675,4670235.209014697,1893564.0511846612,4.0,3.2614,SGC,Área de Influencia Volcán Nevado del Huila,2019-03-04T01:55:07+00:00,3.3,MLr_2,convertida
3.439,-74.3048,4855113.618013652,1938113.807494562,4.0,3.0698,SGC,"Uribe - Meta, Colombia",2019-03-08T23:00:44+00:00,3.1,MLr_3,convertida
4.6273,-76.2861,4635470.476475908,2070155.721637066,126.0,5.943799999999999,SGC,"Versalles - Valle del Cauca, Colombia",2019-03-23T14:21:17+00:00,6.1,MLr_1,convertida
4.6231,-76.2643,4637889.240257563,2069679.724970092,122.0,3.2614,SGC,"Versalles - Valle del Cauca, Colombia",2019-03-23T23:34:50+00:00,3.3,MLr_1,convertida
3.0018,-75.9623,4670804.295937365,1890154.849852905,9.0,3.1656,SGC,"Planadas - Tolima, Colombia",2019-03-30T16:27:39+00:00,3.2,MLr_2,convertida
3.0113,-75.9561,4671496.752194939,1891204.0275152705,7.0,3.3572,SGC,"Planadas - Tolima, Colombia",2019-04-14T09:25:44+00:00,3.4,MLr_2,convertida
1.9576,-75.9995,4666404.64175199,1774635.9043493553,3.0,3.0698,SGC,"Pitalito - Huila, Colombia",2019-05-03T08:17:37+00:00,3.1,MLr_2,convertida
4.9748,-76.336,4630116.499431539,2108642.803057525,90.0,3.453,SGC,"San José del Palmar - Chocó, Colombia",2019-05-07T17:32:20+00:00,3.5,MLr_1,convertida
3.9213,-74.1041,4877468.501444818,1991385.094111645,2.0,4.4,SGC,"Cubarral - Meta, Colombia",2019-05-12T02:28:09+00:00,4.4,Mw(mB),directa
2.938,-74.778,4802458.745346674,1882816.8537164663,4.0,3.1656,SGC,"Uribe - Meta, Colombia",2019-05-12T10:45:33+00:00,3.2,MLr_2,convertida
3.6325,-74.163,4870888.307402032,1959477.6839166072,1.0,3.3572,SGC,"Lejanías - Meta, Colombia",2019-05-19T21:04:03+00:00,3.4,MLr_3,convertida
2.9826,-75.9713,4669797.487395374,1888033.321706348,3.0,3.1656,SGC,"Planadas - Tolima, Colombia",2019-05-24T07:56:40+00:00,3.2,MLr_2,convertida
4.7616,-76.1268,4653226.080313017,2084936.992339532,119.0,3.1656,SGC,"Ansermanuevo - Valle del Cauca, Colombia",2019-05-25T16:24:47+00:00,3.2,MLr_1,convertida
3.0053,-75.9598,4671083.413824415,1890541.3248217392,7.0,3.2614,SGC,"Planadas - Tolima, Colombia",2019-06-03T05:49:43+00:00,3.3,MLr_2,convertida
4.8185,-76.5978,4600959.697356748,2091491.4675557755,68.0,3.1656,SGC,"Nóvita - Chocó, Colombia",2019-06-20T17:38:50+00:00,3.2,MLr_1,convertida
3.059,-75.9255,4674914.502350916,1896472.0492907204,5.0,3.0698,SGC,"Planadas - Tolima, Colombia",2019-07-15T18:14:14+00:00,3.1,MLr_2,convertida
4.9811,-75.2001,4756140.54209622,2108811.0077730264,138.0,3.0698,SGC,"Villahermosa - Tolima, Colombia",2019-07-22T22:44:25+00:00,3.1,MLr_2,convertida
4.693,-74.8531,4794529.737545628,2076843.0233375533,9.0,3.0698,SGC,"Venadillo - Tolima, Colombia",2019-07-29T07:25:15+00:00,3.1,MLr_2,convertida
1.9203,-75.7803,4690796.619112169,1770467.78282482,1.0,3.2614,SGC,"Suaza - Huila, Colombia",2019-08-27T05:36:02+00:00,3.3,MLr_2,convertida
5.0308,-75.933,4674868.750039291,2114626.132467885,111.0,3.453,SGC,"Santuario - Risaralda, Colombia",2019-09-23T09:01:50+00:00,3.5,MLr_1,convertida
2.4411,-75.5285,4718915.827026071,1828022.3934008344,4.0,3.3572,SGC,"Gigante - Huila, Colombia",2019-10-01T08:35:40+00:00,3.4,MLr_2,convertida
4.749,-76.202,4644871.12173467,2083580.9275918524,85.0,3.2614,SGC,"El Cairo - Valle del Cauca, Colombia",2019-10-14T09:03:43+00:00,3.3,MLr_1,convertida
2.0743,-73.9831,4890715.149637658,1787265.204035807,0.0,3.2614,SGC,"La Macarena - Meta, Colombia",2019-10-18T04:53:49+00:00,3.3,MLr_2,convertida
3.7606,-75.8893,4679173.533086493,1974079.3786739605,0.0,3.6446,SGC,"Chaparral - Tolima, Colombia",2019-11-10T01:22:56+00:00,3.7,MLr_2,convertida
3.787,-75.8663,4681739.2032286925,1976991.550138846,3.0,3.0698,SGC,"Chaparral - Tolima, Colombia",2019-11-21T22:51:35+00:00,3.1,MLr_2,convertida
1.857,-76.172,4647180.007718953,1763539.1407149888,0.0,3.5488,SGC,"Pitalito - Huila, Colombia",2019-12-08T19:49:47+00:00,3.6,MLr_2,convertida
2.7918,-76.918,4564372.636436965,1867232.610836917,112.0,3.1656,SGC,"El Tambo - Cauca, Colombia",2019-12-09T22:55:55+00:00,3.2,MLr_1,convertida
3.0666,-75.9146,4676129.060993901,1897309.5543758404,11.0,3.6446,SGC,"Planadas - Tolima, Colombia",2019-12-11T18:54:41+00:00,3.7,MLr_2,convertida
3.0766,-75.9118,4676443.481372681,1898415.026337651,12.0,4.8084,SGC,"Planadas - Tolima, Colombia",2019-12-11T19:09:02+00:00,4.6,mB,convertida
3.609,-74.3888,4845812.396597658,1956915.7804903572,14.0,3.1656,SGC,"Uribe - Meta, Colombia",2019-12-11T19:10:33+00:00,3.2,MLr_3,convertida
2.9291,-76.0281,4663463.28389366,1882131.123628855,1.0,3.5488,SGC,"Páez (Belalcázar) - Cauca, Colombia",2019-12-12T07:55:37+00:00,3.6,MLr_2,convertida
3.0736,-75.8781,4680190.47281844,1898072.96791752,4.0,3.1656,SGC,"Planadas - Tolima, Colombia",2019-12-12T15:39:37+00:00,3.2,MLr_2,convertida
4.8423,-76.4405,4618440.855120006,2094035.691669448,76.0,3.0698,SGC,"San José del Palmar - Chocó, Colombia",2019-12-14T13:02:13+00:00,3.1,MLr_1,convertida
5.04,-76.0113,4666185.850309705,2115683.628902115,109.0,3.0698,SGC,"Santuario - Risaralda, Colombia",2019-12-23T09:38:57+00:00,3.1,MLr_1,convertida
3.475,-74.186,4868312.24089414,1942075.0883097495,0.0,4.3152,SGC,"Mesetas - Meta, Colombia",2019-12-24T14:11:00+00:00,4.4,MLr_3,convertida
3.9033,-76.3406,4629070.109980126,1990052.246476489,119.0,3.0698,SGC,"Buga - Valle del Cauca, Colombia",2019-12-24T14:53:39+00:00,3.1,MLr_2,convertida
3.462,-74.2136,4865245.3748855805,1940642.288742114,14.0,4.3,SGC,"Mesetas - Meta, Colombia",2019-12-24T15:11:14+00:00,4.3,Mw,directa
3.422,-74.1903,4867827.400564395,1936218.4643657692,4.0,3.3572,SGC,"Mesetas - Meta, Colombia",2019-12-24T15:26:21+00:00,3.4,MLr_3,convertida
3.4473,-74.2025,4866476.013563742,1939016.1607224469,6.0,3.0698,SGC,"Mesetas - Meta, Colombia",2019-12-24T16:45:48+00:00,3.1,MLr_3,convertida
3.4251,-74.1595,4871248.363247928,1936556.8654683784,4.0,3.2614,SGC,"Mesetas - Meta, Colombia",2019-12-24T18:51:14+00:00,3.3,MLr_3,convertida
3.4191,-74.1461,4872735.715719404,1935892.0051829803,16.0,3.9,SGC,"Mesetas - Meta, Colombia",2019-12-24T19:12:06+00:00,3.9,Mw,directa
3.4255,-74.161,4871081.833019341,1936601.2720145877,10.0,4.7942,SGC,"Mesetas - Meta, Colombia",2019-12-24T21:11:22+00:00,4.9,MLr_2,convertida
3.4043,-74.192,4867636.179784285,1934262.6069919164,0.0,3.8362,SGC,"Mesetas - Meta, Colombia",2019-12-24T21:23:12+00:00,3.9,MLr_3,convertida
3.4441,-74.1745,4869585.100729298,1938658.6399504328,4.0,3.2614,SGC,"Mesetas - Meta, Colombia",2019-12-24T23:29:31+00:00,3.3,MLr_3,convertida
3.437,-74.1981,4866963.225634012,1937877.2512647796,6.0,3.932,SGC,"Mesetas - Meta, Colombia",2019-12-25T00:22:25+00:00,4.0,MLr_3,convertida
3.4366,-74.1695,4870139.355850925,1937829.1113557664,5.0,3.2614,SGC,"Mesetas - Meta, Colombia",2019-12-25T02:05:01+00:00,3.3,MLr_3,convertida
3.4205,-74.1738,4869659.639311837,1936050.4380798189,0.0,3.8362,SGC,"Mesetas - Meta, Colombia",2019-12-25T03:52:49+00:00,3.9,MLr_3,convertida
3.438,-74.1658,4870550.447377722,1937983.3270543148,5.0,3.1656,SGC,"Mesetas - Meta, Colombia",2019-12-25T04:31:13+00:00,3.2,MLr_3,convertida
3.4391,-74.1603,4871161.394556319,1938104.1471245575,4.0,4.219399999999999,SGC,"Mesetas - Meta, Colombia",2019-12-25T05:25:54+00:00,4.3,MLr_3,convertida
3.4281,-74.1903,4867828.237378045,1936892.5974046576,2.0,3.2614,SGC,"Mesetas - Meta, Colombia",2019-12-25T08:13:08+00:00,3.3,MLr_3,convertida
3.4303,-74.1976,4867017.82653056,1937136.738358459,0.0,3.1656,SGC,"Mesetas - Meta, Colombia",2019-12-25T14:09:20+00:00,3.2,MLr_3,convertida
3.4858,-74.167,4870423.679839247,1943266.0002128696,4.0,3.1656,SGC,"Mesetas - Meta, Colombia",2019-12-25T18:26:24+00:00,3.2,MLr_3,convertida
3.4695,-74.2303,4863391.848466314,1941473.542585782,13.0,4.6026,SGC,"Mesetas - Meta, Colombia",2019-12-25T22:48:28+00:00,4.7,MLr_2,convertida
3.4293,-74.1808,4868883.437543705,1937023.9077262755,3.0,3.8362,SGC,"Mesetas - Meta, Colombia",2019-12-25T22:50:47+00:00,3.9,MLr_3,convertida
3.429,-74.196,4867195.337806135,1936992.8482357748,18.0,4.0,SGC,"Mesetas - Meta, Colombia",2019-12-26T00:03:56+00:00,4.0,Mw,directa
3.4298,-74.206,4866084.879011622,1937082.6522096104,2.0,3.0698,SGC,"Mesetas - Meta, Colombia",2019-12-26T05:59:12+00:00,3.1,MLr_3,convertida
3.4268,-74.149,4872414.672232904,1936743.3321998727,3.0,3.453,SGC,"Mesetas - Meta, Colombia",2019-12-26T09:57:06+00:00,3.5,MLr_3,convertida
3.4155,-74.171,4869969.925082823,1935497.4942389724,16.0,4.0,SGC,"Mesetas - Meta, Colombia",2019-12-26T17:07:47+00:00,4.0,Mw,directa
3.4045,-74.1531,4871956.390210127,1934279.4586479105,5.0,3.2614,SGC,"Mesetas - Meta, Colombia",2019-12-26T18:17:36+00:00,3.3,MLr_3,convertida
3.4223,-74.1733,4869715.410897659,1936249.2934834764,6.0,3.7404,SGC,"Mesetas - Meta, Colombia",2019-12-26T20:03:52+00:00,3.8,MLr_3,convertida
3.4278,-74.183,4868638.909164994,1936858.439248299,2.0,3.453,SGC,"Mesetas - Meta, Colombia",2019-12-26T22:14:54+00:00,3.5,MLr_3,convertida
3.4221,-74.149,4872414.049970393,1936223.925866116,0.0,4.5,SGC,"Mesetas - Meta, Colombia",2019-12-26T22:20:38+00:00,4.5,Mw(mB),directa
3.4365,-74.1566,4871571.947043723,1937816.3166775345,4.0,3.5488,SGC,"Mesetas - Meta, Colombia",2019-12-28T02:20:56+00:00,3.6,MLr_3,convertida
3.4313,-74.1993,4866829.168492136,1937247.4886688967,5.0,3.1656,SGC,"Mesetas - Meta, Colombia",2019-12-28T08:24:49+00:00,3.2,MLr_3,convertida
2.4613,-76.9531,4560347.896652574,1830642.0705543624,134.0,3.453,SGC,"El Tambo - Cauca, Colombia",2019-12-28T08:38:27+00:00,3.5,MLr_1,convertida
3.4611,-74.1688,4870220.417379888,1940536.580155936,4.0,3.1656,SGC,"Mesetas - Meta, Colombia",2019-12-31T00:32:21+00:00,3.2,MLr_3,convertida
3.4726,-74.1735,4869700.046824999,1941808.1242648123,0.0,3.5488,SGC,"Mesetas - Meta, Colombia",2019-12-31T04:22:47+00:00,3.6,MLr_3,convertida
3.4713,-74.1838,4868556.04124726,1941665.8822160168,0.0,3.453,SGC,"Mesetas - Meta, Colombia",2020-01-01T06:15:29+00:00,3.5,MLr_3,convertida
3.4356,-74.208,4865863.573982809,1937723.9153769745,0.0,3.2614,SGC,"Mesetas - Meta, Colombia",2020-01-01T13:13:43+00:00,3.3,MLr_3,convertida
4.7606,-76.1975,4645376.669780624,2084862.3233881304,99.0,3.2614,SGC,"El Cairo - Valle del Cauca, Colombia",2020-01-01T20:33:17+00:00,3.3,MLr_1,convertida
4.319,-76.3211,4631429.165752704,2036051.97369088,130.0,3.8362,SGC,"Bolívar - Valle del Cauca, Colombia",2020-01-05T08:47:50+00:00,3.9,MLr_1,convertida
3.4338,-74.1888,4867995.604657246,1937522.317892036,0.0,3.7404,SGC,"Mesetas - Meta, Colombia",2020-01-08T21:42:04+00:00,3.8,MLr_3,convertida
3.4678,-74.273,4858649.57249406,1941291.9335355656,19.0,3.1656,SGC,"Mesetas - Meta, Colombia",2020-01-11T10:55:29+00:00,3.2,MLr_3,convertida
4.5615,-76.3361,4629883.745240531,2062898.938044456,113.0,3.3572,SGC,"El Dovio - Valle del Cauca, Colombia",2020-01-12T02:44:12+00:00,3.4,MLr_1,convertida
2.9521,-74.8008,4799927.282882083,1884379.573524715,25.0,3.3572,SGC,"Uribe - Meta, Colombia",2020-01-14T20:21:11+00:00,3.4,MLr_2,convertida
3.4088,-74.1838,4868547.476889449,1934758.795552995,4.0,3.0698,SGC,"Mesetas - Meta, Colombia",2020-01-14T23:32:09+00:00,3.1,MLr_3,convertida
3.024,-75.9596,4671111.284703205,1892610.16943052,10.0,3.3572,SGC,"Planadas - Tolima, Colombia",2020-01-24T19:04:24+00:00,3.4,MLr_2,convertida
4.3323,-76.7473,4584073.99405742,2037744.9546237425,24.0,3.1656,SGC,"El Litoral del San Juán (Docordó) - Chocó, Colombia",2020-01-28T14:49:21+00:00,3.2,MLr_1,convertida
3.4251,-74.1653,4870604.238909744,1936557.646296417,-2.0,3.0698,SGC,"Mesetas - Meta, Colombia",2020-02-01T23:47:09+00:00,3.1,MLr_3,convertida
1.9663,-75.8906,4678528.360012981,1775577.0685927244,1.0,3.3572,SGC,"Timaná - Huila, Colombia",2020-02-03T12:38:53+00:00,3.4,MLr_2,convertida
3.9651,-77.1816,4535573.437882712,1997317.3442596688,66.0,3.2614,SGC,"Buenaventura - Valle del Cauca, Colombia",2020-02-04T04:09:23+00:00,3.3,MLr_1,convertida
3.4106,-74.1661,4870513.449484004,1934955.3210596875,-2.0,3.3572,SGC,"Mesetas - Meta, Colombia",2020-02-05T06:22:47+00:00,3.4,MLr_3,convertida
3.5808,-74.4483,4839200.259202571,1953809.2622085116,19.0,3.0698,SGC,"Uribe - Meta, Colombia",2020-02-06T12:21:17+00:00,3.1,MLr_3,convertida
2.0781,-75.7195,4697592.408288167,1787911.5083217537,2.0,3.0698,SGC,"Altamira - Huila, Colombia",2020-02-11T13:29:04+00:00,3.1,MLr_2,convertida
3.4851,-74.1771,4869301.985892559,1943190.0361501356,0.0,3.453,SGC,"Mesetas - Meta, Colombia",2020-02-13T10:29:10+00:00,3.5,MLr_3,convertida
3.8606,-76.5523,4605514.547666195,1985421.716084547,128.0,3.7404,SGC,"Calima (El Darién) - Valle del Cauca, Colombia",2020-02-15T10:51:56+00:00,3.8,MLr_1,convertida
4.7353,-76.2238,4642443.729789548,2082076.0341156384,86.0,3.3572,SGC,"El Cairo - Valle del Cauca, Colombia",2020-02-19T05:25:50+00:00,3.4,MLr_1,convertida
3.4318,-74.1821,4868739.405634253,1937300.369071176,0.0,3.1656,SGC,"Mesetas - Meta, Colombia",2020-03-01T06:12:08+00:00,3.2,MLr_3,convertida
3.406,-74.1956,4867236.598247049,1934450.9751658137,-1.0,3.2614,SGC,"Mesetas - Meta, Colombia",2020-03-09T17:49:59+00:00,3.3,MLr_3,convertida
2.897,-74.7981,4800217.601440055,1878288.1567210024,4.0,3.0698,SGC,"San Vicente del Caguán - Caquetá, Colombia",2020-03-11T12:31:59+00:00,3.1,MLr_2,convertida
3.7948,-75.682,4702221.14150244,1977788.7776008623,3.0,3.6446,SGC,"Chaparral - Tolima, Colombia",2020-03-19T15:37:56+00:00,3.7,MLr_2,convertida
4.2633,-76.304,4633302.370962569,2029879.0860688388,127.0,3.1656,SGC,"Trujillo - Valle del Cauca, Colombia",2020-03-23T22:16:54+00:00,3.2,MLr_1,convertida
3.3573,-74.6351,4818412.525286291,1929139.5930740768,16.0,3.3572,SGC,"Colombia - Huila, Colombia",2020-03-24T05:08:32+00:00,3.4,MLr_2,convertida
3.5031,-74.1625,4870925.764816585,1945177.2516159692,8.0,3.6446,SGC,"Mesetas - Meta, Colombia",2020-03-26T20:43:36+00:00,3.7,MLr_3,convertida
5.0433,-76.2748,4636947.410983737,2116189.911552779,96.0,3.7404,SGC,"San José del Palmar - Chocó, Colombia",2020-04-03T13:52:50+00:00,3.8,MLr_1,convertida
4.7,-76.146,4651063.706965094,2078130.0949069264,93.0,3.1656,SGC,"Argelia - Valle del Cauca, Colombia",2020-04-04T01:44:28+00:00,3.2,MLr_1,convertida
4.1071,-76.2416,4640163.877835717,2012563.2573470515,145.0,4.027799999999999,SGC,"Tuluá - Valle del Cauca, Colombia",2020-04-13T15:44:19+00:00,4.1,MLr_2,convertida
3.4483,-74.1548,4871773.423245807,1939120.1195085824,0.0,3.0698,SGC,"Mesetas - Meta, Colombia",2020-04-19T00:00:32+00:00,3.1,MLr_3,convertida
3.0496,-75.9355,4673799.474927108,1895435.125312442,8.0,3.2614,SGC,"Planadas - Tolima, Colombia",2020-04-20T04:34:53+00:00,3.3,MLr_2,convertida
4.454,-76.465,4615509.562622154,2051067.008127237,111.0,3.453,SGC,"Sipí - Chocó, Colombia",2020-04-30T05:13:04+00:00,3.5,MLr_1,convertida
2.2468,-76.564,4603620.819511408,1806774.126803529,8.0,3.1656,SGC,"Sotará (Paispamba) - Cauca, Colombia",2020-04-30T22:31:17+00:00,3.2,MLr_2,convertida
3.4048,-74.1306,4874455.22256738,1934309.6543429263,0.0,3.3572,SGC,"Mesetas - Meta, Colombia",2020-05-06T18:02:54+00:00,3.4,MLr_3,convertida
2.5215,-77.3981,4510785.873289115,1837468.6122342232,37.0,4.027799999999999,SGC,"Timbiquí - Cauca, Colombia",2020-05-10T18:09:59+00:00,4.1,MLr_1,convertida
2.7668,-76.7267,4585664.675608233,1864395.2162390251,19.0,4.2,SGC,"Morales - Cauca, Colombia",2020-05-24T07:22:01+00:00,4.2,Mw,directa
3.566,-77.4108,4509844.507063044,1953222.305619947,10.0,3.3572,SGC,Océano Pacífico,2020-06-09T17:48:13+00:00,3.4,MLr_1,convertida
1.935,-75.0888,4767741.783138371,1771983.402726941,0.0,3.2614,SGC,"Puerto Rico - Caquetá, Colombia",2020-06-20T06:02:03+00:00,3.3,MLr_2,convertida
3.439,-74.184,4868529.384747692,1938096.326279704,-1.0,3.453,SGC,"Mesetas - Meta, Colombia",2020-06-29T12:26:08+00:00,3.5,MLr_3,convertida
4.0206,-76.3831,4624398.630311289,2003054.30780067,132.0,3.453,SGC,"Riofrío - Valle del Cauca, Colombia",2020-07-08T17:15:36+00:00,3.5,MLr_1,convertida
3.9031,-76.403,4622133.256459165,1990057.9309045367,2.0,3.453,SGC,"Yotoco - Valle del Cauca, Colombia",2020-07-19T06:59:55+00:00,3.5,MLr_1,convertida
3.2225,-74.4828,4835308.173771329,1914213.658926301,0.0,3.2614,SGC,"Uribe - Meta, Colombia",2020-07-20T20:03:33+00:00,3.3,MLr_3,convertida
3.9243,-76.7516,4583382.778766948,1992570.3087859007,101.0,3.0698,SGC,"Calima (El Darién) - Valle del Cauca, Colombia",2020-08-03T14:38:19+00:00,3.1,MLr_1,convertida
3.955,-76.1133,4654355.826432267,1995676.086464351,157.0,3.0698,SGC,"San Pedro - Valle del Cauca, Colombia",2020-08-04T23:07:04+00:00,3.1,MLr_2,convertida
4.1308,-73.8096,4910177.238746832,2014497.9895358088,1.0,4.2,SGC,"Acacías - Meta, Colombia",2020-08-13T21:34:38+00:00,4.2,Mw,directa
3.5251,-74.2085,4865820.712455847,1947615.0306989483,14.0,3.932,SGC,"Mesetas - Meta, Colombia",2020-08-21T06:01:25+00:00,4.0,MLr_3,convertida
3.4396,-74.7575,4804831.717592071,1938260.7569920232,26.0,3.7404,SGC,"Colombia - Huila, Colombia",2020-08-23T04:53:18+00:00,3.8,MLr_2,convertida
2.6768,-75.048,4772398.382239393,1853990.1574324304,7.0,3.8362,SGC,"San Vicente del Caguán - Caquetá, Colombia",2020-08-27T00:44:29+00:00,3.9,MLr_2,convertida
4.6062,-76.3035,4633527.30973827,2067829.4376443883,104.0,3.1656,SGC,"Versalles - Valle del Cauca, Colombia",2020-10-02T14:41:01+00:00,3.2,MLr_1,convertida
1.5425,-76.8823,4567993.06344255,1728868.7593384837,5.0,3.1656,SGC,"La Cruz - Nariño, Colombia",2020-10-16T06:44:00+00:00,3.2,MLr_2,convertida
4.4945,-73.5754,4936192.444585051,2054663.356992557,39.0,3.1656,SGC,"Medina - Cundinamarca, Colombia",2020-10-20T05:46:16+00:00,3.2,MLr_3,convertida
1.7424,-76.1561,4648928.399859441,1750854.8436651789,34.0,4.027799999999999,SGC,"Pitalito - Huila, Colombia",2020-11-03T00:14:14+00:00,4.1,MLr_2,convertida
2.7075,-75.0724,4769691.312485529,1857388.9299063028,29.0,3.3572,SGC,"San Vicente del Caguán - Caquetá, Colombia",2020-11-10T18:03:24+00:00,3.4,MLr_2,convertida
3.9146,-76.741,4584556.787083491,1991490.9809129704,109.0,3.7404,SGC,"Calima (El Darién) - Valle del Cauca, Colombia",2020-11-20T15:31:19+00:00,3.8,MLr_1,convertida
2.4107,-75.7631,4692809.892847209,1824711.0120572029,16.0,3.0698,SGC,"Paicol - Huila, Colombia",2020-11-24T01:20:58+00:00,3.1,MLr_2,convertida
2.4625,-75.4738,4725004.836161712,1830377.7251528956,33.0,3.3572,SGC,"Gigante - Huila, Colombia",2020-12-08T03:29:37+00:00,3.4,MLr_2,convertida
3.3118,-77.3013,4521908.91975316,1924998.740970874,80.0,3.0698,SGC,"Buenaventura - Valle del Cauca, Colombia",2020-12-14T11:08:35+00:00,3.1,MLr_1,convertida
4.902,-75.322,4742591.426574599,2100110.150283046,3.0,3.5488,SGC,"Casabianca - Tolima, Colombia",2020-12-28T09:42:02+00:00,3.6,MLr_2,convertida
3.58,-77.4053,4510464.356346686,1954770.8095252025,20.0,4.219399999999999,SGC,Océano Pacífico,2020-12-28T16:47:35+00:00,4.3,MLr_1,convertida
2.7139,-74.9788,4780098.6112613045,1858079.092279966,32.0,3.2614,SGC,"San Vicente del Caguán - Caquetá, Colombia",2020-12-31T14:09:03+00:00,3.3,MLr_2,convertida
1.9239,-76.0229,4663793.077558074,1770911.9591418132,31.0,3.3572,SGC,"Pitalito - Huila, Colombia",2021-01-06T07:09:49+00:00,3.4,MLr_2,convertida
3.45,-74.1658,4870552.068571357,1939309.4792585224,11.0,3.5488,SGC,"Mesetas - Meta, Colombia",2021-01-13T22:46:44+00:00,3.6,MLr_3,convertida
4.3313,-76.6091,4599433.376236152,2037559.65183064,34.0,3.7404,SGC,"El Litoral del San Juán (Docordó) - Chocó, Colombia",2021-01-23T07:12:33+00:00,3.8,MLr_1,convertida
3.087,-74.8873,4790339.432387359,1899308.565434285,30.0,4.89,SGC,"Baraya - Huila, Colombia",2021-01-23T16:12:17+00:00,5.0,MLr_2,convertida
4.458,-75.8997,4678297.79475245,2051238.432296384,157.0,4.985799999999999,SGC,"La Victoria - Valle del Cauca, Colombia",2021-01-27T02:57:31+00:00,5.1,MLr_2,convertida
4.4337,-75.922,4675810.995399751,2048559.7750475788,150.0,3.0698,SGC,"La Victoria - Valle del Cauca, Colombia",2021-01-27T03:01:11+00:00,3.1,MLr_2,convertida
4.3818,-76.6587,4593948.126321596,2043177.2891901007,84.0,3.1656,SGC,"El Litoral del San Juán (Docordó) - Chocó, Colombia",2021-02-08T21:48:31+00:00,3.2,MLr_1,convertida
4.7745,-76.1603,4649513.630871148,2086381.4687022956,96.0,3.2614,SGC,"El Cairo - Valle del Cauca, Colombia",2021-02-13T17:54:26+00:00,3.3,MLr_1,convertida
3.4891,-74.1936,4867470.223557594,1943634.3963820408,11.0,4.219399999999999,SGC,"Mesetas - Meta, Colombia",2021-02-19T10:55:38+00:00,4.3,MLr_3,convertida
4.7628,-76.1634,4649163.536095429,2085088.318605984,90.0,3.8362,SGC,"El Cairo - Valle del Cauca, Colombia",2021-02-24T02:55:04+00:00,3.9,MLr_1,convertida
4.1929,-73.5656,4937254.309105828,2021336.450475524,21.0,3.1656,SGC,"Restrepo - Meta, Colombia",2021-03-03T18:28:50+00:00,3.2,MLr_3,convertida
4.2146,-76.2805,4635890.556466872,2024478.171523946,128.0,3.2614,SGC,"Trujillo - Valle del Cauca, Colombia",2021-03-09T18:05:30+00:00,3.3,MLr_1,convertida
4.3649,-76.296,4634239.949770035,2041119.786436224,121.0,3.0698,SGC,"Bolívar - Valle del Cauca, Colombia",2021-03-21T05:12:41+00:00,3.1,MLr_1,convertida
2.9848,-74.8089,4799032.968780079,1887995.8217328528,29.0,3.0698,SGC,"Uribe - Meta, Colombia",2021-03-27T11:45:26+00:00,3.1,MLr_2,convertida
4.4138,-73.5585,4938059.837415193,2045744.73693137,0.0,4.3152,SGC,"Medina - Cundinamarca, Colombia",2021-04-04T19:46:19+00:00,4.4,MLr_3,convertida
2.2821,-75.6081,4710027.933632841,1810453.489565628,32.0,3.0698,SGC,"Garzón - Huila, Colombia",2021-04-06T20:41:44+00:00,3.1,MLr_2,convertida
3.1463,-73.483,4946355.50474842,1905686.9726467703,-1.0,3.1656,SGC,"San Juan de Arama - Meta, Colombia",2021-04-10T08:41:11+00:00,3.2,MLr_3,convertida
4.1596,-76.3378,4629497.678340767,2018417.8970045445,136.0,3.453,SGC,"Riofrío - Valle del Cauca, Colombia",2021-04-13T14:01:37+00:00,3.5,MLr_1,convertida
3.1314,-74.6319,4818727.740071443,1904169.3201476303,29.0,3.1656,SGC,"Uribe - Meta, Colombia",2021-04-18T03:18:50+00:00,3.2,MLr_2,convertida
4.6252,-76.8028,4578073.259868912,2070209.9992248476,55.0,3.8362,SGC,"Medio San Juan (Andagoya) - Chocó, Colombia",2021-04-25T01:52:40+00:00,3.9,MLr_1,convertida
1.2153,-75.3684,4736545.223662769,1692438.6844522597,14.0,3.1656,SGC,"Milán - Caquetá, Colombia",2021-04-25T15:50:01+00:00,3.2,MLr_2,convertida
4.0622,-76.3651,4626418.421809662,2007650.3893447688,128.0,3.8362,SGC,"Riofrío - Valle del Cauca, Colombia",2021-05-06T06:10:53+00:00,3.9,MLr_1,convertida
3.6198,-74.4841,4835231.644569159,1958126.1793859084,45.0,3.2614,SGC,"Uribe - Meta, Colombia",2021-05-13T00:28:38+00:00,3.3,MLr_3,convertida
2.9066,-74.7758,4802697.764197252,1879345.4502414125,2.0,3.0698,SGC,"Uribe - Meta, Colombia",2021-05-15T04:13:46+00:00,3.1,MLr_2,convertida
5.0221,-76.0227,4664911.78386521,2113708.9054814274,104.0,3.1656,SGC,"La Celia - Risaralda, Colombia",2021-05-21T04:30:08+00:00,3.2,MLr_1,convertida
3.4288,-74.2968,4856000.570144694,1936985.3127706796,13.0,3.2614,SGC,"Uribe - Meta, Colombia",2021-06-13T12:04:27+00:00,3.3,MLr_3,convertida
2.9494,-74.836,4796014.667304192,1884087.496968288,30.0,3.0698,SGC,"Uribe - Meta, Colombia",2021-06-14T17:41:10+00:00,3.1,MLr_2,convertida
2.3498,-75.3698,4736550.901963081,1817894.0399632435,24.0,3.932,SGC,"Algeciras - Huila, Colombia",2021-06-16T15:37:16+00:00,4.0,MLr_2,convertida
4.6168,-76.214,4643471.763066128,2068957.049504497,96.0,3.6446,SGC,"Versalles - Valle del Cauca, Colombia",2021-06-20T01:10:47+00:00,3.7,MLr_1,convertida
2.2038,-75.6888,4701033.165129479,1801809.2860357035,16.0,3.0698,SGC,"Agrado - Huila, Colombia",2021-06-21T13:15:43+00:00,3.1,MLr_2,convertida
4.0823,-76.5389,4607109.646405083,2009958.0485548212,66.0,3.453,SGC,"El Litoral del San Juán (Docordó) - Chocó, Colombia",2021-06-24T19:11:19+00:00,3.5,MLr_1,convertida
3.813,-76.5485,4605915.213297209,1980150.5098450792,8.0,3.5488,SGC,"Restrepo - Valle del Cauca, Colombia",2021-07-13T10:37:05+00:00,3.6,MLr_1,convertida
4.487,-75.393,4734559.17613485,2054243.403530892,4.0,3.6446,SGC,"Ibagué - Tolima, Colombia",2021-07-21T10:38:15+00:00,3.7,MLr_2,convertida
4.847,-75.338,4740795.648890014,2094034.136658642,4.0,3.1656,SGC,"Murillo - Tolima, Colombia",2021-07-24T08:03:57+00:00,3.2,MLr,convertida
4.2934,-73.6744,4925193.578123554,2032451.2016566007,39.0,3.453,SGC,"El Calvario - Meta, Colombia",2021-07-25T02:51:21+00:00,3.5,MLr_3,convertida
2.7033,-75.2002,4755481.082140929,1856949.574270118,32.0,3.5488,SGC,"Rivera - Huila, Colombia",2021-07-25T22:11:25+00:00,3.6,MLr_2,convertida
4.7628,-76.14,4651761.301779596,2085076.4415502355,112.0,3.0698,SGC,"Argelia - Valle del Cauca, Colombia",2021-08-08T03:56:47+00:00,3.1,MLr_1,convertida
3.9161,-76.7652,4581866.238659848,1991669.1278091744,41.0,3.3572,SGC,"Calima (El Darién) - Valle del Cauca, Colombia",2021-08-12T13:22:19+00:00,3.4,MLr_1,convertida
4.9173,-76.2325,4641573.494432747,2102222.1854704907,94.0,3.0698,SGC,"San José del Palmar - Chocó, Colombia",2021-08-19T17:37:35+00:00,3.1,MLr_1,convertida
1.6005,-76.2431,4639214.665498463,1735167.963839573,30.0,3.3572,SGC,"Santa Rosa - Cauca, Colombia",2021-09-10T15:04:50+00:00,3.4,MLr_2,convertida
3.5727,-74.2672,4859309.440022786,1952884.303579771,11.0,3.2614,SGC,"Uribe - Meta, Colombia",2021-09-14T19:24:24+00:00,3.3,MLr_3,convertida
3.4616,-74.2511,4861080.7737462055,1940603.492140725,13.0,3.932,SGC,"Mesetas - Meta, Colombia",2021-09-26T15:47:56+00:00,4.0,MLr_3,convertida
2.8528,-76.0763,4658078.432603802,1873703.265023033,8.0,3.0698,SGC,"Páez (Belalcázar) - Cauca, Colombia",2021-10-09T05:47:16+00:00,3.1,MLr_2,convertida
2.1483,-76.5888,4600832.787625169,1795876.4158601076,7.0,4.7942,SGC,"La Sierra - Cauca, Colombia",2021-10-29T16:43:45+00:00,4.9,MLr_2,convertida
3.484,-74.2021,4866525.580292203,1943071.9750025528,0.0,3.0698,SGC,"Mesetas - Meta, Colombia",2021-10-29T17:46:44+00:00,3.1,MLr_3,convertida
4.1077,-76.3941,4623216.479495613,2012700.037285817,112.0,3.3572,SGC,"Riofrío - Valle del Cauca, Colombia",2021-10-29T20:50:56+00:00,3.4,MLr_1,convertida
3.4415,-74.1839,4868540.832887772,1938372.5959893365,9.0,3.2614,SGC,"Mesetas - Meta, Colombia",2021-10-30T10:00:35+00:00,3.3,MLr_3,convertida
4.2569,-76.0056,4666449.59770581,2029035.1349230637,155.0,3.0698,SGC,"Sevilla - Valle del Cauca, Colombia",2021-10-31T01:11:21+00:00,3.1,MLr_2,convertida
2.652,-75.0931,4767379.386524707,1851256.682451179,28.0,3.0698,SGC,"San Vicente del Caguán - Caquetá, Colombia",2021-11-03T21:48:09+00:00,3.1,MLr_2,convertida
4.5617,-76.2841,4635659.208119895,2062894.5072941512,106.0,3.0698,SGC,"El Dovio - Valle del Cauca, Colombia",2021-11-06T16:00:41+00:00,3.1,MLr_1,convertida
4.2919,-76.6614,4593599.901309825,2033225.2911609244,87.0,3.2614,SGC,"El Litoral del San Juán (Docordó) - Chocó, Colombia",2021-11-16T03:00:07+00:00,3.3,MLr_1,convertida
3.13,-75.9995,4666706.310034722,1904350.2734930585,9.0,4.219399999999999,SGC,"Planadas - Tolima, Colombia",2021-11-18T11:53:05+00:00,4.3,MLr_2,convertida
1.9694,-76.006,4665683.414279063,1775942.7531873093,28.0,3.6446,SGC,"Elías - Huila, Colombia",2021-11-19T08:39:43+00:00,3.7,MLr_2,convertida
3.6992,-74.1954,4867300.706997184,1966853.6837962733,14.0,4.1236,SGC,"Lejanías - Meta, Colombia",2021-11-29T02:53:39+00:00,4.2,MLr_3,convertida
4.3204,-76.4046,4622152.417099376,2036247.990388995,124.0,4.6984,SGC,"Bolívar - Valle del Cauca, Colombia",2021-11-29T15:33:31+00:00,4.8,MLr_1,convertida
4.3866,-73.6606,4926733.368679782,2042748.4179772488,19.0,3.5488,SGC,"San Juanito - Meta, Colombia",2021-12-08T17:54:40+00:00,3.6,MLr_3,convertida
4.4221,-73.6515,4927746.111726905,2046670.265056136,0.0,4.506799999999999,SGC,"San Juanito - Meta, Colombia",2021-12-08T19:07:15+00:00,4.6,MLr_3,convertida
4.041,-76.9598,4560288.395812257,2005602.204825081,40.0,3.0698,SGC,"Buenaventura - Valle del Cauca, Colombia",2021-12-12T03:30:17+00:00,3.1,MLr_1,convertida
2.8478,-74.9036,4788482.499347373,1872868.261947344,4.0,3.5488,SGC,"San Vicente del Caguán - Caquetá, Colombia",2021-12-21T17:26:15+00:00,3.6,MLr_2,convertida
2.2255,-76.5078,4609873.51422879,1804401.1482059213,12.0,4.411,SGC,"Puracé (Coconuco) - Cauca, Colombia",2021-12-21T19:08:20+00:00,4.5,MLr_2,convertida
2.2173,-76.4998,4610762.210581077,1803491.3334960255,12.0,3.932,SGC,"Sotará (Paispamba) - Cauca, Colombia",2021-12-23T20:10:13+00:00,4.0,MLr_2,convertida
4.1744,-77.0031,4555546.496638358,2020401.312990893,74.0,3.8362,SGC,"El Litoral del San Juán (Docordó) - Chocó, Colombia",2022-01-06T09:07:53+00:00,3.9,MLr_1,convertida
2.87,-74.8508,4794355.372686175,1875312.834032509,34.0,3.1656,SGC,"San Vicente del Caguán - Caquetá, Colombia",2022-01-10T22:19:33+00:00,3.2,MLr_2,convertida
2.3937,-75.5982,4711152.236834415,1822794.6505065528,32.0,3.3572,SGC,"Gigante - Huila, Colombia",2022-01-25T18:16:03+00:00,3.4,MLr_2,convertida
2.7308,-75.932,4674097.657909747,1860164.0405300525,13.0,3.453,SGC,"Páez (Belalcázar) - Cauca, Colombia",2022-02-05T00:21:49+00:00,3.5,MLr_2,convertida
3.4489,-74.7772,4802645.274848508,1939292.8577748744,45.0,4.5,SGC,"Dolores - Tolima, Colombia",2022-02-06T19:31:20+00:00,4.5,Mw,directa
4.3797,-76.3324,4630203.368417082,2042775.6508165388,107.0,3.0698,SGC,"Bolívar - Valle del Cauca, Colombia",2022-02-10T08:22:47+00:00,3.1,MLr_1,convertida
5.1708,-74.6841,4813407.459671084,2129612.341435497,25.0,3.453,SGC,"Guaduas - Cundinamarca, Colombia",2022-02-11T09:39:46+00:00,3.5,MLr_2,convertida
3.6203,-74.1043,4877404.134441447,1958121.2815346704,9.0,3.453,SGC,"Lejanías - Meta, Colombia",2022-03-02T06:02:59+00:00,3.5,MLr_3,convertida
2.0212,-75.8965,4677882.334639977,1781651.7452695805,22.0,3.0698,SGC,"Elías - Huila, Colombia",2022-03-09T23:48:02+00:00,3.1,MLr_2,convertida
4.912,-75.326,4742151.6016296,2101217.532100111,4.0,3.3572,SGC,"Casabianca - Tolima, Colombia",2022-03-27T17:24:51+00:00,3.4,MLr_2,convertida
2.307,-76.3907,4622933.684241823,1813391.2118258933,3.0,3.2614,SGC,"Puracé (Coconuco) - Cauca, Colombia",2022-03-29T12:14:46+00:00,3.3,MLr,convertida
3.8777,-77.0332,4552036.391207647,1987554.5361234285,33.0,3.7404,SGC,"Buenaventura - Valle del Cauca, Colombia",2022-04-08T01:39:51+00:00,3.8,MLr_1,convertida
2.3451,-75.6172,4709028.33611223,1817423.3430125248,22.0,3.2614,SGC,"Gigante - Huila, Colombia",2022-04-09T10:45:44+00:00,3.3,MLr_2,convertida
3.6918,-77.0543,4549592.592947727,1966974.1214772828,30.0,3.1656,SGC,"Buenaventura - Valle del Cauca, Colombia",2022-04-09T19:08:44+00:00,3.2,MLr_1,convertida
2.0022,-76.0826,4657162.847559487,1779587.5912584683,26.0,4.6,SGC,"Saladoblanco - Huila, Colombia",2022-04-19T14:32:25+00:00,4.6,Mw,directa
1.9895,-76.0815,4657282.670024959,1778182.1333451536,21.0,3.0698,SGC,"Saladoblanco - Huila, Colombia",2022-04-19T14:35:14+00:00,3.1,MLr_2,convertida
3.9733,-76.3626,4626655.773007552,1997809.6718974176,112.0,3.1656,SGC,"Yotoco - Valle del Cauca, Colombia",2022-04-25T04:21:43+00:00,3.2,MLr_1,convertida
3.5844,-74.4739,4836357.998516927,1954211.687109721,30.0,3.0698,SGC,"Uribe - Meta, Colombia",2022-05-08T11:34:23+00:00,3.1,MLr_3,convertida
4.53,-76.2776,4636365.182981077,2059382.889835794,113.0,3.2614,SGC,"El Dovio - Valle del Cauca, Colombia",2022-05-12T12:49:39+00:00,3.3,MLr_1,convertida
4.0918,-76.5827,4602245.357811449,2011031.335540616,66.0,5.1774,SGC,"El Litoral del San Juán (Docordó) - Chocó, Colombia",2022-05-12T16:23:28+00:00,5.3,MLr_1,convertida
4.4982,-76.126,4653186.399047964,2055789.628129921,96.0,3.5488,SGC,"Roldanillo - Valle del Cauca, Colombia",2022-05-22T17:47:02+00:00,3.6,MLr_1,convertida
3.8082,-76.5623,4604378.462749847,1979625.470644312,128.0,3.6446,SGC,"Restrepo - Valle del Cauca, Colombia",2022-05-29T19:38:49+00:00,3.7,MLr_1,convertida
4.3797,-73.6323,4929871.586168806,2041983.2660890415,40.0,4.027799999999999,SGC,"El Calvario - Meta, Colombia",2022-06-12T04:00:16+00:00,4.1,MLr_3,convertida
1.9895,-76.0751,4657995.151056653,1778180.8031287908,21.0,3.1656,SGC,"Saladoblanco - Huila, Colombia",2022-06-13T15:27:21+00:00,3.2,MLr_2,convertida
4.3499,-75.3711,4736941.429460147,2039074.0718212023,0.0,3.0698,SGC,"Ibagué - Tolima, Colombia",2022-06-22T01:26:21+00:00,3.1,MLr_2,convertida
4.9501,-76.2273,4642168.290874931,2105849.3072183426,103.0,4.219399999999999,SGC,"San José del Palmar - Chocó, Colombia",2022-06-30T18:37:45+00:00,4.3,MLr_1,convertida
5.0147,-76.3034,4633757.255956019,2113040.595875408,91.0,3.0698,SGC,"San José del Palmar - Chocó, Colombia",2022-07-02T08:25:41+00:00,3.1,MLr_1,convertida
4.4707,-76.2752,4636602.27156834,2052818.8117588672,120.0,3.1656,SGC,"Roldanillo - Valle del Cauca, Colombia",2022-07-16T16:38:25+00:00,3.2,MLr_1,convertida
5.1602,-74.6958,4812107.642510677,2128444.0361386635,24.0,3.0698,SGC,"Guaduas - Cundinamarca, Colombia",2022-07-22T16:52:43+00:00,3.1,MLr_2,convertida
4.2273,-76.7667,4581860.51064324,2026128.988747828,36.0,3.1656,SGC,"El Litoral del San Juán (Docordó) - Chocó, Colombia",2022-08-03T02:47:28+00:00,3.2,MLr_1,convertida
4.8708,-76.1042,4655789.972131135,2097009.159654689,108.0,4.027799999999999,SGC,"El Águila - Valle del Cauca, Colombia",2022-08-17T10:46:50+00:00,4.1,MLr_1,convertida
3.61,-77.3685,4514577.617373668,1958075.53322273,5.0,3.1656,SGC,Océano Pacífico,2022-08-23T02:42:30+00:00,3.2,MLr_1,convertida
4.869,-75.333,4741358.676643775,2096465.0893534035,4.0,3.2614,SGC,"Murillo - Tolima, Colombia",2022-08-28T23:41:34+00:00,3.3,MLr_2,convertida
2.9827,-76.7381,4584473.753082703,1888304.6480440872,106.0,3.0698,SGC,"Suárez - Cauca, Colombia",2022-09-28T22:51:10+00:00,3.1,MLr_1,convertida
2.9343,-76.0297,4663286.854636658,1882706.951595327,1.0,3.1656,SGC,"Páez (Belalcázar) - Cauca, Colombia",2022-09-30T11:59:22+00:00,3.2,MLr,convertida
2.2203,-76.5113,4609482.395731113,1803826.456927155,12.0,3.1656,SGC,"Puracé (Coconuco) - Cauca, Colombia",2022-10-18T08:04:23+00:00,3.2,MLr_2,convertida
2.8368,-76.11,4654324.335251353,1871942.920094699,4.0,3.7404,SGC,"Páez (Belalcázar) - Cauca, Colombia",2022-10-21T18:43:09+00:00,3.8,MLr_2,convertida
4.7099,-76.1504,4650580.141587386,2079227.8244197408,91.0,3.3572,SGC,"Argelia - Valle del Cauca, Colombia",2022-10-23T07:20:40+00:00,3.4,MLr_1,convertida
3.7934,-76.0039,4666449.524926513,1977751.4474296896,68.0,3.1656,SGC,"Buga - Valle del Cauca, Colombia",2022-10-29T22:40:18+00:00,3.2,MLr_2,convertida
2.0509,-76.1072,4654434.571204191,1784981.4471251827,19.0,3.5488,SGC,"Oporapa - Huila, Colombia",2022-11-08T05:11:55+00:00,3.6,MLr_2,convertida
4.876,-75.337,4740917.6676130975,2097240.720551052,4.0,3.0698,SGC,"Villamaria - Caldas, Colombia",2022-11-10T02:25:11+00:00,3.1,MLr_2,convertida
2.4064,-75.4524,4727373.90332007,1824169.2592726636,22.0,3.0698,SGC,"Gigante - Huila, Colombia",2022-11-22T19:23:05+00:00,3.1,MLr_2,convertida
4.482,-75.395,4734335.391586657,2053691.186249778,3.0,4.411,SGC,"Ibagué - Tolima, Colombia",2022-12-02T12:36:00+00:00,4.5,MLr_2,convertida
3.6521,-75.794,4689726.254491204,1962042.4415142487,20.0,3.2614,SGC,"Rioblanco - Tolima, Colombia",2022-12-05T08:11:04+00:00,3.3,MLr_2,convertida
3.7511,-76.7602,4582342.012458233,1973396.4101532348,64.0,4.027799999999999,SGC,"Dagua - Valle del Cauca, Colombia",2022-12-12T09:49:08+00:00,4.1,MLr_1,convertida
1.9473,-76.0043,4665868.27100262,1773497.2712397273,9.0,3.6446,SGC,"Pitalito - Huila, Colombia",2022-12-20T15:05:35+00:00,3.7,MLr_2,convertida
1.9514,-76.0219,4663909.832380187,1773954.406352257,32.0,3.453,SGC,"Pitalito - Huila, Colombia",2022-12-20T23:34:20+00:00,3.5,MLr_2,convertida
3.2181,-75.2096,4754549.3367176745,1913873.4786291355,4.0,3.0698,SGC,"Villavieja - Huila, Colombia",2022-12-25T10:55:54+00:00,3.1,MLr_2,convertida
3.4986,-74.2096,4865694.773916496,1944686.5526717333,10.0,3.5488,SGC,"Mesetas - Meta, Colombia",2022-12-28T04:19:12+00:00,3.6,MLr_3,convertida
2.8763,-74.8093,4798969.144051301,1876001.880626688,28.0,4.027799999999999,SGC,"San Vicente del Caguán - Caquetá, Colombia",2022-12-29T20:07:50+00:00,4.1,MLr_2,convertida
1.9313,-75.5825,4712811.791143251,1771649.8343931092,13.0,3.3572,SGC,"Florencia - Caquetá, Colombia",2023-01-05T21:00:17+00:00,3.4,MLr_2,convertida
3.4695,-74.2026,4866468.014940758,1941469.5895852463,14.0,3.8362,SGC,"Mesetas - Meta, Colombia",2023-01-05T23:37:12+00:00,3.9,MLr_3,convertida
4.49,-75.396,4734227.298033849,2054576.2590643067,4.0,3.1656,SGC,"Cajamarca - Tolima, Colombia",2023-01-21T06:57:29+00:00,3.2,MLr_2,convertida
4.6956,-74.8387,4796127.700042372,2077126.2412216,36.0,3.0698,SGC,"Venadillo - Tolima, Colombia",2023-01-25T21:41:52+00:00,3.1,MLr_2,convertida
4.394,-74.2461,4861789.587028286,2043648.9155740647,16.0,3.6446,SGC,"Pasca - Cundinamarca, Colombia",2023-02-06T19:44:12+00:00,3.7,MLr_3,convertida
3.1405,-75.9623,4670846.840937817,1905500.199192832,4.0,3.1656,SGC,"Planadas - Tolima, Colombia",2023-02-20T10:46:08+00:00,3.2,MLr_2,convertida
3.132,-75.964,4670655.114274258,1904560.318714306,7.0,3.453,SGC,"Planadas - Tolima, Colombia",2023-02-20T23:45:59+00:00,3.5,MLr_2,convertida
2.9255,-75.9872,4668011.919807292,1881720.6065989172,11.0,3.2614,SGC,"Páez (Belalcázar) - Cauca, Colombia",2023-02-22T19:02:36+00:00,3.3,MLr_2,convertida
2.035,-75.9125,4676104.198933717,1783181.635928766,24.0,3.7404,SGC,"Elías - Huila, Colombia",2023-02-27T08:47:59+00:00,3.8,MLr_2,convertida
2.4335,-77.2781,4524127.583816852,1827673.7970304303,13.0,3.3572,SGC,"Argelia - Cauca, Colombia",2023-03-10T14:29:26+00:00,3.4,MLr_1,convertida
3.9796,-76.0834,4657688.7373332055,1998385.6918061448,165.0,4.027799999999999,SGC,"Tuluá - Valle del Cauca, Colombia",2023-03-15T16:50:41+00:00,4.1,MLr_2,convertida
4.8554,-74.7761,4803116.545842654,2094773.5933053591,28.0,3.453,SGC,"Ambalema - Tolima, Colombia",2023-03-17T13:44:48+00:00,3.5,MLr_2,convertida
4.5363,-76.3288,4630681.669075467,2060106.0869217503,116.0,3.453,SGC,"El Dovio - Valle del Cauca, Colombia",2023-03-21T08:57:22+00:00,3.5,MLr_1,convertida
4.875,-75.338,4740806.361726195,2097130.5202494983,3.0,3.0698,SGC,"Villamaria - Caldas, Colombia",2023-03-30T15:46:01+00:00,3.1,MLr_2,convertida
4.874,-75.341,4740473.2101658005,2097021.0902044256,3.0,3.0698,SGC,"Villamaria - Caldas, Colombia",2023-04-01T10:40:43+00:00,3.1,MLr_2,convertida
3.9595,-76.2528,4638853.985397926,1996233.565973339,108.0,3.453,SGC,"San Pedro - Valle del Cauca, Colombia",2023-04-02T02:21:09+00:00,3.5,MLr_2,convertida
4.874,-75.344,4740140.441560095,2097022.246809812,4.0,3.0698,SGC,"Villamaria - Caldas, Colombia",2023-04-04T23:24:25+00:00,3.1,MLr_2,convertida
4.879,-75.34,4740586.053615898,2097573.63163431,4.0,3.8362,SGC,"Villamaria - Caldas, Colombia",2023-04-05T02:16:35+00:00,3.9,MLr_2,convertida
4.9586,-76.095,4656856.109702657,2106719.8912396184,104.0,3.1656,SGC,"San José del Palmar - Chocó, Colombia",2023-04-12T12:02:28+00:00,3.2,MLr_1,convertida
3.0468,-75.9485,4672352.757216624,1895129.2989647244,9.0,3.6446,SGC,"Planadas - Tolima, Colombia",2023-04-13T03:27:23+00:00,3.7,MLr_2,convertida
4.6824,-76.21,4643948.949117852,2076214.7072632848,98.0,3.5488,SGC,"El Cairo - Valle del Cauca, Colombia",2023-04-14T05:08:38+00:00,3.6,MLr_1,convertida
3.4637,-74.3065,4854928.563515548,1940843.8738817072,18.0,4.027799999999999,SGC,"Uribe - Meta, Colombia",2023-04-15T15:52:53+00:00,4.1,MLr_3,convertida
2.9531,-76.0728,4658497.993922646,1884800.2183859723,3.0,3.0698,SGC,"Páez (Belalcázar) - Cauca, Colombia",2023-04-17T15:32:02+00:00,3.1,MLr_2,convertida
3.7413,-77.2555,4527226.846488443,1972563.2379067384,11.0,3.0698,SGC,Océano Pacífico,2023-04-23T00:51:01+00:00,3.1,MLr_1,convertida
4.2008,-76.2921,4634595.192499933,2022956.3139806956,122.0,3.5488,SGC,"Riofrío - Valle del Cauca, Colombia",2023-05-04T14:09:19+00:00,3.6,MLr_1,convertida
2.8451,-77.2678,4525432.147589182,1873273.853282852,43.0,3.0698,SGC,"López - Cauca, Colombia",2023-05-05T07:54:04+00:00,3.1,MLr_1,convertida
3.7892,-76.445,4617413.116829998,1977469.314669858,128.0,3.1656,SGC,"Yotoco - Valle del Cauca, Colombia",2023-05-09T07:40:28+00:00,3.2,MLr_1,convertida
2.208,-76.9039,4565750.35216071,1802574.0720233289,140.0,3.5488,SGC,"La Sierra - Cauca, Colombia",2023-05-10T13:30:53+00:00,3.6,MLr_2,convertida
4.0977,-73.848,4905912.683465457,2010844.7607070105,10.0,5.3,SGC,"Acacías - Meta, Colombia",2023-05-14T01:04:17+00:00,5.3,Mw(mB),directa
4.8496,-76.2321,4641581.875700728,2094729.712378476,112.0,3.0698,SGC,"San José del Palmar - Chocó, Colombia",2023-05-20T07:17:23+00:00,3.1,MLr_1,convertida
4.4081,-76.3006,4633750.01101666,2045903.1864866435,98.0,4.219399999999999,SGC,"Bolívar - Valle del Cauca, Colombia",2023-05-22T12:14:15+00:00,4.3,MLr_1,convertida
3.9183,-76.8739,4569777.875735519,1991967.8880761256,56.0,3.5488,SGC,"Buenaventura - Valle del Cauca, Colombia",2023-05-23T21:38:42+00:00,3.6,MLr_1,convertida
4.864,-75.51,4721722.001737443,2095982.570224436,8.0,3.0698,SGC,"Santa Rosa de Cabal - Risaralda, Colombia",2023-05-25T09:29:40+00:00,3.1,MLr_2,convertida
3.9373,-76.452,4616701.415617358,1993865.782483502,128.0,4.219399999999999,SGC,"Calima (El Darién) - Valle del Cauca, Colombia",2023-06-10T01:53:56+00:00,4.3,MLr_1,convertida
4.3204,-76.9335,4563368.566734613,2036531.97258722,64.0,3.3572,SGC,"El Litoral del San Juán (Docordó) - Chocó, Colombia",2023-06-11T15:50:57+00:00,3.4,MLr_1,convertida
1.527,-76.2382,4639747.802026334,1727033.277425136,23.0,3.0698,SGC,"Santa Rosa - Cauca, Colombia",2023-06-12T16:35:22+00:00,3.1,MLr_2,convertida
2.5483,-75.458,4726780.102655855,1839863.0937272047,32.0,3.0698,SGC,"Hobo - Huila, Colombia",2023-06-16T11:14:36+00:00,3.1,MLr_2,convertida
2.7504,-75.0677,4770222.01073019,1862131.0820821295,33.0,3.3572,SGC,"Rivera - Huila, Colombia",2023-06-22T04:16:49+00:00,3.4,MLr_2,convertida
3.2034,-73.8599,4904497.817027789,1912023.5460272443,23.0,5.0816,SGC,"Vistahermosa - Meta, Colombia",2023-06-29T20:52:29+00:00,5.2,MLr_3,convertida
3.1938,-73.8429,4906385.137237135,1910961.1661640971,19.0,4.027799999999999,SGC,"Vistahermosa - Meta, Colombia",2023-07-02T04:37:51+00:00,4.1,MLr_3,convertida
4.4363,-73.5263,4941632.827313039,2048228.318858608,7.0,3.0698,SGC,"Medina - Cundinamarca, Colombia",2023-07-16T07:06:44+00:00,3.1,MLr_3,convertida
3.6468,-76.2638,4637500.481041569,1961631.9173973529,153.0,4.6026,SGC,"El Cerrito - Valle del Cauca, Colombia",2023-08-03T17:09:35+00:00,4.7,MLr_2,convertida
4.1675,-74.9962,4778500.349607881,2018787.8136338328,39.0,3.1656,SGC,"Guamo - Tolima, Colombia",2023-08-08T09:05:53+00:00,3.2,MLr_2,convertida
4.2628,-73.7501,4916792.956644779,2029077.6735731976,17.0,3.932,SGC,"Guayabetal - Cundinamarca, Colombia",2023-08-17T12:14:26+00:00,4.0,MLr_3,convertida
4.2659,-73.7522,4916560.329098595,2029420.4550429648,13.0,5.464799999999999,SGC,"Guayabetal - Cundinamarca, Colombia",2023-08-17T12:17:18+00:00,5.6,MLr_3,convertida
4.3786,-73.6825,4924303.539558569,2041866.594868105,-2.0,3.3572,SGC,"San Juanito - Meta, Colombia",2023-08-17T12:20:02+00:00,3.4,MLr_3,convertida
4.4099,-73.6745,4925193.984873182,2045324.440957951,16.0,3.2614,SGC,"San Juanito - Meta, Colombia",2023-08-17T15:19:21+00:00,3.3,MLr_3,convertida
4.4204,-73.6137,4931938.2882826105,2046478.8481715592,13.0,4.985799999999999,SGC,"Restrepo - Meta, Colombia",2023-08-17T20:15:26+00:00,5.1,MLr_3,convertida
4.4046,-73.6734,4925315.457969429,2044738.680816622,17.0,3.1656,SGC,"San Juanito - Meta, Colombia",2023-08-17T22:39:13+00:00,3.2,MLr_3,convertida
4.2887,-73.7581,4915908.30536092,2031940.533636101,14.0,3.1656,SGC,"El Calvario - Meta, Colombia",2023-08-18T14:46:02+00:00,3.2,MLr_3,convertida
4.4792,-76.3392,4629497.547461869,2053791.6092518235,108.0,3.0698,SGC,"Bolívar - Valle del Cauca, Colombia",2023-08-19T08:56:21+00:00,3.1,MLr_1,convertida
4.4903,-73.5637,4937489.571470236,2054198.2549004788,17.0,3.453,SGC,"Medina - Cundinamarca, Colombia",2023-08-22T05:23:04+00:00,3.5,MLr_3,convertida
4.3662,-73.6914,4923315.127529373,2040497.2951568076,5.0,3.2614,SGC,"El Calvario - Meta, Colombia",2023-08-25T22:33:57+00:00,3.3,MLr_3,convertida
3.1642,-73.9153,4898340.632767338,1907697.1421116132,18.0,3.0698,SGC,"Vistahermosa - Meta, Colombia",2023-08-31T18:47:47+00:00,3.1,MLr_3,convertida
4.2768,-73.7407,4917837.226522695,2030623.681350503,14.0,3.3572,SGC,"Villavicencio - Meta, Colombia",2023-09-01T07:43:00+00:00,3.4,MLr_3,convertida
4.3395,-73.7134,4920872.141616193,2037549.203180969,16.0,3.453,SGC,"El Calvario - Meta, Colombia",2023-09-24T01:47:03+00:00,3.5,MLr_3,convertida
4.4691,-73.601,4933351.1941451,2051858.9755881575,13.0,3.1656,SGC,"Medina - Cundinamarca, Colombia",2023-09-25T06:00:35+00:00,3.2,MLr_3,convertida
4.877,-75.314,4743469.235293016,2097342.497499164,4.0,3.453,SGC,"Murillo - Tolima, Colombia",2023-09-28T05:12:09+00:00,3.5,MLr_2,convertida
4.877,-75.314,4743469.235293016,2097342.497499164,3.0,3.7404,SGC,"Murillo - Tolima, Colombia",2023-09-28T06:14:05+00:00,3.8,MLr_2,convertida
2.7483,-75.1667,4759214.845577698,1861918.415847648,41.0,3.0698,SGC,"Rivera - Huila, Colombia",2023-10-09T21:54:07+00:00,3.1,MLr_2,convertida
2.1847,-74.3098,4854402.834699295,1799492.51820389,24.0,3.3572,SGC,"La Macarena - Meta, Colombia",2023-10-16T20:05:50+00:00,3.4,MLr_2,convertida
2.9233,-76.026,4663695.159284406,1881488.761737313,1.0,3.5488,SGC,"Páez (Belalcázar) - Cauca, Colombia",2023-10-21T00:38:20+00:00,3.6,MLr_2,convertida
4.848,-75.225,4753330.26407492,2094102.517929151,4.0,3.1656,SGC,"Murillo - Tolima, Colombia",2023-10-22T08:37:54+00:00,3.2,MLr_2,convertida
4.4035,-76.1784,4647321.840347627,2045335.0903739303,109.0,3.8362,SGC,"Roldanillo - Valle del Cauca, Colombia",2023-10-31T04:52:02+00:00,3.9,MLr_1,convertida
1.1724,-76.4621,4614753.297211196,1687821.654198142,17.0,3.5488,SGC,"Santa Rosa - Cauca, Colombia",2023-11-01T10:28:24+00:00,3.6,MLr_2,convertida
4.4024,-73.6702,4925670.157070031,2044495.261475024,15.0,3.5488,SGC,"San Juanito - Meta, Colombia",2023-11-04T00:25:29+00:00,3.6,MLr_3,convertida
4.3696,-76.4373,4618543.787410593,2041710.3186071124,70.0,3.932,SGC,"Bolívar - Valle del Cauca, Colombia",2023-11-06T15:58:31+00:00,4.0,MLr_1,convertida
4.3546,-73.591,4934450.159292224,2039206.0293007195,12.0,4.219399999999999,SGC,"Restrepo - Meta, Colombia",2023-11-10T02:48:02+00:00,4.3,MLr_3,convertida
3.6193,-74.4558,4838374.17202268,1958065.825001796,30.0,3.1656,SGC,"Uribe - Meta, Colombia",2023-11-19T02:23:07+00:00,3.2,MLr_3,convertida
4.3771,-76.1291,4652785.446570863,2042390.5937900103,136.0,3.932,SGC,"Zarzal - Valle del Cauca, Colombia",2023-11-26T09:30:58+00:00,4.0,MLr_2,convertida
4.5411,-75.8793,4680599.21647391,2060423.0246597524,141.0,3.1656,SGC,"Obando - Valle del Cauca, Colombia",2023-11-27T21:42:53+00:00,3.2,MLr_2,convertida
3.7976,-76.9586,4560294.347427388,1978643.9003104551,40.0,3.7404,SGC,"Buenaventura - Valle del Cauca, Colombia",2023-12-13T08:31:02+00:00,3.8,MLr_1,convertida
4.917,-75.336,4741044.377076048,2101774.323683187,5.0,3.8362,SGC,"Casabianca - Tolima, Colombia",2024-01-03T11:03:31+00:00,3.9,MLr_2,convertida
2.9441,-74.8413,4795424.649694959,1883502.576621513,38.0,4.027799999999999,SGC,"Uribe - Meta, Colombia",2024-01-04T14:25:35+00:00,4.1,MLr_2,convertida
2.6462,-75.166,4759272.580976755,1850629.33783186,29.0,3.2614,SGC,"Algeciras - Huila, Colombia",2024-01-16T13:03:06+00:00,3.3,MLr_2,convertida
4.7845,-76.036,4663316.831876982,2087425.781388932,52.0,5.6,SGC,"Ansermanuevo - Valle del Cauca, Colombia",2024-01-19T06:26:03+00:00,5.6,Mw(mB),directa
4.7963,-76.061,4660547.628620778,2088743.7816396293,30.0,3.6446,SGC,"Ansermanuevo - Valle del Cauca, Colombia",2024-01-19T06:47:28+00:00,3.7,MLr_1,convertida
4.7549,-76.006,4666632.487980383,2084136.0417869613,46.0,3.2614,SGC,"Ansermanuevo - Valle del Cauca, Colombia",2024-01-19T17:00:43+00:00,3.3,MLr_1,convertida
4.7771,-76.0189,4665211.319568157,2086598.6280561965,49.0,3.2614,SGC,"Ansermanuevo - Valle del Cauca, Colombia",2024-01-20T03:25:35+00:00,3.3,MLr_1,convertida
5.0459,-75.8803,4680723.000912352,2116270.6560278693,109.0,3.3572,SGC,"Viterbo - Caldas, Colombia",2024-01-25T00:36:27+00:00,3.4,MLr_2,convertida
4.4571,-73.749,4916936.32286993,2050548.0206678351,0.0,3.1656,SGC,"Fómeque - Cundinamarca, Colombia",2024-02-02T13:40:50+00:00,3.2,MLr_3,convertida
2.3865,-75.399,4733309.890152266,1821958.05293014,3.0,3.1656,SGC,"Algeciras - Huila, Colombia",2024-02-07T23:18:40+00:00,3.2,MLr_2,convertida
4.7656,-75.9915,4668247.138177969,2085312.9341988813,48.0,3.8362,SGC,"Ansermanuevo - Valle del Cauca, Colombia",2024-02-10T08:57:07+00:00,3.9,MLr_1,convertida
1.5407,-76.0585,4659761.400999217,1728519.7820390635,33.0,3.6446,SGC,"Belén de los Andaquíes - Caquetá, Colombia",2024-02-22T22:42:11+00:00,3.7,MLr_2,convertida
4.3183,-76.2766,4636372.777598093,2035953.0420220715,118.0,3.1656,SGC,"Bolívar - Valle del Cauca, Colombia",2024-03-01T12:42:27+00:00,3.2,MLr_1,convertida
4.9025,-76.4949,4612434.96650013,2100730.6154924165,87.0,3.8362,SGC,"Nóvita - Chocó, Colombia",2024-03-09T06:18:38+00:00,3.9,MLr_1,convertida
4.7707,-76.0125,4665918.613087149,2085887.3813055835,51.0,3.6446,SGC,"Ansermanuevo - Valle del Cauca, Colombia",2024-03-16T21:48:56+00:00,3.7,MLr_1,convertida
4.49,-75.396,4734227.298033849,2054576.2590643067,3.0,4.1236,SGC,"Ibagué - Tolima, Colombia",2024-03-23T02:25:21+00:00,4.2,MLr,convertida
2.4149,-75.3662,4736963.705489644,1825092.2705753008,27.0,4.027799999999999,SGC,"Algeciras - Huila, Colombia",2024-03-30T17:41:35+00:00,4.1,MLr_2,convertida
2.027,-75.9513,4671783.8676084485,1782304.413888299,29.0,3.2614,SGC,"Elías - Huila, Colombia",2024-03-31T23:23:46+00:00,3.3,MLr_2,convertida
3.2536,-77.4375,4506711.712667813,1918615.875714771,94.0,3.0698,SGC,"Buenaventura - Valle del Cauca, Colombia",2024-04-07T01:26:07+00:00,3.1,MLr_1,convertida
3.8483,-76.228,4641563.100171965,1983916.7207159733,115.0,3.3572,SGC,"Buga - Valle del Cauca, Colombia",2024-04-07T05:45:25+00:00,3.4,MLr_2,convertida
4.3347,-73.6232,4930876.798152808,2037009.9789440967,10.0,3.0698,SGC,"El Calvario - Meta, Colombia",2024-04-11T18:46:12+00:00,3.1,MLr_3,convertida
4.4644,-76.5439,4606749.048176005,2052260.0112520088,96.0,3.5488,SGC,"Sipí - Chocó, Colombia",2024-04-14T13:54:14+00:00,3.6,MLr_1,convertida
3.7622,-74.1801,4869008.707032777,1973813.7880103176,14.0,3.453,SGC,"Lejanías - Meta, Colombia",2024-04-17T09:42:31+00:00,3.5,MLr_3,convertida
3.9722,-76.1931,4645494.585759662,1997613.1786529548,105.0,3.0698,SGC,"San Pedro - Valle del Cauca, Colombia",2024-04-18T17:28:23+00:00,3.1,MLr_2,convertida
4.7035,-75.5807,4713811.734768767,2078260.0496763024,144.0,3.3572,SGC,"Pereira - Risaralda, Colombia",2024-04-21T06:59:57+00:00,3.4,MLr_2,convertida
4.494,-75.3453,4739855.6971815005,2055000.361044008,183.0,3.2614,SGC,"Ibagué - Tolima, Colombia",2024-04-23T13:52:22+00:00,3.3,MLr_2,convertida
3.8627,-74.0417,4884386.358974798,1984900.3880405964,11.0,3.453,SGC,"Cubarral - Meta, Colombia",2024-04-28T17:38:22+00:00,3.5,MLr_3,convertida
4.9136,-76.1081,4655379.030524552,2101747.2040896537,113.0,3.7404,SGC,"El Águila - Valle del Cauca, Colombia",2024-04-30T10:44:50+00:00,3.8,MLr_1,convertida
1.9863,-76.0975,4655500.783932571,1777831.3926274555,18.0,3.453,SGC,"Saladoblanco - Huila, Colombia",2024-05-05T01:11:04+00:00,3.5,MLr_2,convertida
4.7707,-75.9933,4668049.793208776,2085878.083042725,49.0,3.3572,SGC,"Ansermanuevo - Valle del Cauca, Colombia",2024-05-15T23:14:29+00:00,3.4,MLr_1,convertida
4.0648,-74.9661,4781813.604209466,2007425.2739305936,19.0,3.1656,SGC,"Guamo - Tolima, Colombia",2024-05-27T03:44:48+00:00,3.2,MLr_2,convertida
4.4543,-73.6116,4932174.288999053,2050224.5628150243,15.0,3.8362,SGC,"San Juanito - Meta, Colombia",2024-06-03T06:52:40+00:00,3.9,MLr_3,convertida
4.2162,-75.7938,4689957.41532646,2024444.3380455496,16.0,4.219399999999999,SGC,"Génova - Quindío, Colombia",2024-06-07T02:55:53+00:00,4.3,MLr_2,convertida
4.7543,-75.9927,4668108.515644184,2084063.2436042165,53.0,3.2614,SGC,"Ansermanuevo - Valle del Cauca, Colombia",2024-07-05T04:37:26+00:00,3.3,MLr_1,convertida
4.2675,-76.4662,4615281.163232225,2030423.253200368,74.0,3.453,SGC,"Bolívar - Valle del Cauca, Colombia",2024-07-09T08:11:17+00:00,3.5,MLr_1,convertida
2.8256,-76.1053,4654843.93137011,1870702.2205112644,6.0,3.3572,SGC,"Páez (Belalcázar) - Cauca, Colombia",2024-07-18T14:59:07+00:00,3.4,MLr_2,convertida
4.7586,-76.1293,4652947.0408787085,2084606.27952306,96.0,3.1656,SGC,"Argelia - Valle del Cauca, Colombia",2024-07-18T21:06:28+00:00,3.2,MLr_1,convertida
3.5886,-74.3642,4848540.6921543535,1954657.010528849,22.0,4.1236,SGC,"Uribe - Meta, Colombia",2024-07-30T00:32:17+00:00,4.2,MLr_3,convertida
2.0577,-74.7395,4806608.753319963,1785502.6100624516,22.0,3.0698,SGC,"San Vicente del Caguán - Caquetá, Colombia",2024-07-31T01:14:42+00:00,3.1,MLr_2,convertida
4.9263,-76.233,4641522.822060115,2103218.4724231497,102.0,3.3572,SGC,"San José del Palmar - Chocó, Colombia",2024-07-31T19:28:15+00:00,3.4,MLr_1,convertida
4.8073,-75.963,4671430.485595596,2089912.968715374,54.0,3.2614,SGC,"Ansermanuevo - Valle del Cauca, Colombia",2024-08-02T22:49:27+00:00,3.3,MLr_1,convertida
2.598,-75.4868,4723587.539740733,1845365.6897956925,36.0,3.0698,SGC,"Yaguará - Huila, Colombia",2024-08-08T13:22:03+00:00,3.1,MLr_2,convertida
4.0061,-76.5514,4605683.196221795,2001528.5910671167,56.0,3.1656,SGC,"Calima (El Darién) - Valle del Cauca, Colombia",2024-08-10T16:33:51+00:00,3.2,MLr_1,convertida
4.8469,-76.0971,4656565.899425177,2094360.900767992,113.0,3.8362,SGC,"El Águila - Valle del Cauca, Colombia",2024-09-11T07:59:17+00:00,3.9,MLr_1,convertida
2.5229,-75.5697,4714350.2982700765,1837078.1184673617,26.0,3.0698,SGC,"Yaguará - Huila, Colombia",2024-09-21T06:32:48+00:00,3.1,MLr_2,convertida
2.7245,-74.3125,4854161.188700156,1859149.826039309,30.0,3.6446,SGC,"Uribe - Meta, Colombia",2024-10-01T20:08:23+00:00,3.7,MLr_2,convertida
3.0146,-75.962,4670841.509715907,1891570.9111951245,10.0,3.3572,SGC,"Planadas - Tolima, Colombia",2024-10-04T01:04:55+00:00,3.4,MLr_2,convertida
2.8552,-74.9359,4784893.520388658,1873692.3241171828,29.0,3.0698,SGC,"San Vicente del Caguán - Caquetá, Colombia",2024-10-19T14:50:15+00:00,3.1,MLr_2,convertida
3.6119,-74.3993,4844646.926086758,1957238.0836775436,22.0,3.453,SGC,"Uribe - Meta, Colombia",2024-10-25T12:03:44+00:00,3.5,MLr_3,convertida
2.3874,-75.4066,4732464.695675115,1822059.0570796616,36.0,3.1656,SGC,"Algeciras - Huila, Colombia",2024-10-28T13:39:42+00:00,3.2,MLr_2,convertida
4.2146,-76.4532,4616699.666480866,2024561.1469083012,76.0,3.2614,SGC,"El Litoral del San Juán (Docordó) - Chocó, Colombia",2024-10-30T04:47:19+00:00,3.3,MLr_1,convertida
4.376,-73.699,4922473.158432735,2041580.9782318785,16.0,4.0,SGC,"El Calvario - Meta, Colombia",2024-10-31T11:08:01+00:00,4.0,Mw,directa
3.2907,-76.4378,4618009.00638148,1922287.6413575248,136.0,3.3572,SGC,"Puerto Tejada - Cauca, Colombia",2024-11-13T14:38:40+00:00,3.4,MLr_2,convertida
3.8288,-74.94,4784650.312541454,1981327.4637780143,26.0,3.1656,SGC,"Purificación - Tolima, Colombia",2024-11-16T06:41:35+00:00,3.2,MLr_2,convertida
4.3278,-76.2713,4636966.122970601,2037001.8860666584,121.0,3.1656,SGC,"Bolívar - Valle del Cauca, Colombia",2024-11-20T06:50:10+00:00,3.2,MLr_1,convertida
4.4326,-74.9185,4787198.876953336,2048074.189393669,25.0,3.0698,SGC,"Piedras - Tolima, Colombia",2024-11-27T06:49:01+00:00,3.1,MLr_2,convertida
2.8303,-74.3914,4845406.276553294,1870852.7925836688,17.0,3.453,SGC,"Uribe - Meta, Colombia",2024-12-12T06:18:07+00:00,3.5,MLr_2,convertida
3.9336,-74.1036,4877525.791114547,1992744.312009328,11.0,3.2614,SGC,"Guamal - Meta, Colombia",2024-12-16T17:38:13+00:00,3.3,MLr_3,convertida
2.0973,-76.2351,4640205.857426408,1790144.5063525524,0.0,3.3572,SGC,"Saladoblanco - Huila, Colombia",2024-12-18T20:30:39+00:00,3.4,MLr_2,convertida
2.797,-75.1115,4765361.639799472,1867291.87334324,27.0,3.453,SGC,"Neiva - Huila, Colombia",2024-12-24T21:15:46+00:00,3.5,MLr_2,convertida
4.2299,-76.2246,4642108.623129624,2026145.425306456,135.0,3.5488,SGC,"Bugalagrande - Valle del Cauca, Colombia",2024-12-27T02:14:32+00:00,3.6,MLr_1,convertida
4.811,-74.6928,4812340.9919427335,2089841.8735162509,30.0,3.0698,SGC,"Beltrán - Cundinamarca, Colombia",2025-01-01T10:20:36+00:00,3.1,MLr_2,convertida
4.5072,-76.2855,4635476.346607611,2056863.5061066565,24.0,4.4,SGC,"El Dovio - Valle del Cauca, Colombia",2025-01-04T03:17:19+00:00,4.4,Mw,directa
3.8362,-75.6614,4704524.145637857,1982360.953412214,13.0,3.1656,SGC,"Chaparral - Tolima, Colombia",2025-01-12T11:33:16+00:00,3.2,MLr_2,convertida
4.9136,-76.0291,4664146.627862989,2101706.944724298,110.0,3.2614,SGC,"El Águila - Valle del Cauca, Colombia",2025-01-20T22:14:55+00:00,3.3,MLr_1,convertida
3.2351,-76.4318,4618655.488739652,1916131.0919208769,49.0,3.0698,SGC,"Puerto Tejada - Cauca, Colombia",2025-01-21T14:47:47+00:00,3.1,MLr_2,convertida
4.1045,-76.5166,4609599.295355435,2012404.690852643,72.0,3.1656,SGC,"El Litoral del San Juán (Docordó) - Chocó, Colombia",2025-01-24T20:53:08+00:00,3.2,MLr_1,convertida
4.712,-76.3595,4627363.781548938,2079568.678328134,100.0,3.3572,SGC,"Sipí - Chocó, Colombia",2025-01-28T09:53:21+00:00,3.4,MLr_1,convertida
2.7917,-75.0678,4770218.863575464,1866697.252048341,23.0,3.1656,SGC,"Rivera - Huila, Colombia",2025-02-18T08:57:31+00:00,3.2,MLr_2,convertida
4.7464,-76.1596,4649577.095415825,2083271.5522392911,93.0,3.1656,SGC,"El Cairo - Valle del Cauca, Colombia",2025-02-21T04:28:04+00:00,3.2,MLr_1,convertida
2.9306,-76.028,4663474.856798636,1882297.058687603,0.0,3.3572,SGC,"Páez (Belalcázar) - Cauca, Colombia",2025-03-04T17:20:24+00:00,3.4,MLr_2,convertida
4.467,-76.4666,4615338.584175963,2052506.865811308,107.0,3.7404,SGC,"Sipí - Chocó, Colombia",2025-03-10T02:57:09+00:00,3.8,MLr_1,convertida
4.6893,-76.1615,4649337.452429415,2076953.7967829704,90.0,3.5488,SGC,"Argelia - Valle del Cauca, Colombia",2025-03-18T07:41:01+00:00,3.6,MLr_1,convertida
4.2299,-73.7746,4914071.420495485,2025444.847485314,13.0,3.1656,SGC,"Guayabetal - Cundinamarca, Colombia",2025-03-19T02:54:27+00:00,3.2,MLr_3,convertida
3.7225,-76.9849,4557330.354914713,1970339.4422855773,37.0,3.0698,SGC,"Buenaventura - Valle del Cauca, Colombia",2025-03-25T04:11:06+00:00,3.1,MLr_1,convertida
4.3633,-73.7022,4922116.914867515,2040177.9528636,13.0,3.6446,SGC,"El Calvario - Meta, Colombia",2025-03-27T08:52:38+00:00,3.7,MLr_3,convertida
3.8595,-75.6284,4708198.4167488925,1984926.762789082,13.0,3.0698,SGC,"Chaparral - Tolima, Colombia",2025-03-28T21:38:24+00:00,3.1,MLr_2,convertida
4.6824,-76.1929,4645847.627175633,2076206.0376613552,96.0,4.3152,SGC,"Argelia - Valle del Cauca, Colombia",2025-03-31T21:04:04+00:00,4.4,MLr_1,convertida
4.504,-75.6605,4704873.735021088,2056226.302642948,161.0,3.8362,SGC,"Calarcá - Quindío, Colombia",2025-04-09T07:40:59+00:00,3.9,MLr_2,convertida
4.5919,-76.2763,4636540.753792495,2066232.8731297087,114.0,3.6446,SGC,"Versalles - Valle del Cauca, Colombia",2025-04-16T02:10:25+00:00,3.7,MLr_1,convertida
3.8426,-75.6699,4703581.982128079,1983071.8028602595,12.0,3.7404,SGC,"Chaparral - Tolima, Colombia",2025-05-01T18:54:12+00:00,3.8,MLr_2,convertida
2.7774,-75.0726,4769682.458299087,1865117.170568123,30.0,3.2614,SGC,"Rivera - Huila, Colombia",2025-05-15T20:46:05+00:00,3.3,MLr_2,convertida
4.1368,-75.398,4733882.294743022,2015517.132426158,25.0,3.7404,SGC,"Roncesvalles - Tolima, Colombia",2025-05-18T01:17:27+00:00,3.8,MLr_2,convertida
4.5046,-76.4353,4618835.403444289,2056652.4923655507,100.0,3.2614,SGC,"Sipí - Chocó, Colombia",2025-05-18T19:44:42+00:00,3.3,MLr_1,convertida
3.5939,-74.1863,4868295.700354556,1955215.208938565,9.0,3.0698,SGC,"Lejanías - Meta, Colombia",2025-05-21T09:57:45+00:00,3.1,MLr_3,convertida
3.2983,-77.5324,4496162.909828966,1923617.312070543,17.0,4.8,SGC,Océano Pacífico,2025-05-22T23:56:44+00:00,4.8,Mw,directa
2.4805,-75.3685,4736720.696513511,1832346.9348045844,35.0,3.7404,SGC,"Algeciras - Huila, Colombia",2025-05-24T15:12:42+00:00,3.8,MLr_2,convertida
2.0572,-75.7274,4696709.291340644,1785601.2115266677,27.0,3.2614,SGC,"Guadalupe - Huila, Colombia",2025-05-28T18:02:54+00:00,3.3,MLr_2,convertida
4.013,-74.2454,4861800.141026855,2001541.511303803,18.0,3.5488,SGC,"Bogotá - Cundinamarca, Colombia",2025-05-31T08:21:52+00:00,3.6,MLr_3,convertida
3.7934,-77.1866,4534922.924252536,1978298.2392576132,72.0,3.2614,SGC,Océano Pacífico,2025-06-02T03:41:47+00:00,3.3,MLr_1,convertida
4.158,-73.7926,4912066.465480551,2017501.748005532,9.0,3.6446,SGC,"Acacías - Meta, Colombia",2025-06-05T23:34:56+00:00,3.7,MLr_3,convertida
4.3839,-73.5876,4934829.807818042,2042443.3272959995,20.0,3.8362,SGC,"Restrepo - Meta, Colombia",2025-06-08T08:14:24+00:00,3.9,MLr_3,convertida
3.6706,-76.9772,4558161.330183672,1964587.2970559257,92.0,3.0698,SGC,"Buenaventura - Valle del Cauca, Colombia",2025-06-19T15:06:20+00:00,3.1,MLr_1,convertida
2.3415,-76.271,4636268.690627595,1817178.0562247185,6.0,3.5488,SGC,"Inzá - Cauca, Colombia",2025-06-20T14:58:27+00:00,3.6,MLr_2,convertida
1.9789,-75.8858,4679065.054174041,1776970.056929294,13.0,3.1656,SGC,"Timaná - Huila, Colombia",2025-06-26T16:04:40+00:00,3.2,MLr_2,convertida
4.5342,-75.8808,4680429.642869035,2059660.3289217628,143.0,3.2614,SGC,"Obando - Valle del Cauca, Colombia",2025-06-29T17:15:33+00:00,3.3,MLr_2,convertida
4.7469,-76.1196,4654018.024592938,2083306.7250361303,115.0,3.3572,SGC,"Ansermanuevo - Valle del Cauca, Colombia",2025-07-05T01:44:08+00:00,3.4,MLr_1,convertida
4.458,-76.1045,4655555.207187334,2051331.1426334565,92.0,3.1656,SGC,"Roldanillo - Valle del Cauca, Colombia",2025-07-09T06:40:24+00:00,3.2,MLr_2,convertida
4.4776,-73.5871,4934893.46067154,2052796.965999053,32.0,3.0698,SGC,"Medina - Cundinamarca, Colombia",2025-07-09T06:41:15+00:00,3.1,MLr_3,convertida
3.4563,-74.7027,4810922.312532586,1940095.720342977,35.0,3.0698,SGC,"Colombia - Huila, Colombia",2025-07-11T07:10:44+00:00,3.1,MLr_2,convertida
2.3271,-76.0663,4659050.165480621,1815533.2099408945,10.0,3.0698,SGC,"La Plata - Huila, Colombia",2025-07-15T22:48:05+00:00,3.1,MLr_2,convertida
4.1283,-73.832,4907691.563404842,2014224.296515148,9.0,3.1656,SGC,"Acacías - Meta, Colombia",2025-08-08T12:14:55+00:00,3.2,MLr_3,convertida
3.3912,-74.4624,4837601.91735588,1932856.0373802984,26.0,3.8362,SGC,"Uribe - Meta, Colombia",2025-08-10T13:55:07+00:00,3.9,MLr_3,convertida
4.5136,-76.2108,4643776.113489497,2057534.7625361024,128.0,4.7942,SGC,"El Dovio - Valle del Cauca, Colombia",2025-08-10T19:16:30+00:00,4.9,MLr_1,convertida
5.0512,-75.9305,4675156.274380001,2116881.8977101664,108.0,3.2614,SGC,"Apía - Risaralda, Colombia",2025-08-23T12:04:06+00:00,3.3,MLr_1,convertida
4.067,-73.7094,4921288.503305856,2007437.4780257987,12.0,3.1656,SGC,"Villavicencio - Meta, Colombia",2025-08-24T20:29:52+00:00,3.2,MLr_3,convertida
2.7239,-76.7399,4584180.136591008,1859649.7576104864,16.0,4.027799999999999,SGC,"Cajibío - Cauca, Colombia",2025-08-27T04:31:32+00:00,4.1,MLr_2,convertida
2.3461,-75.5949,4711509.4910046775,1817529.323848916,19.0,3.7404,SGC,"Gigante - Huila, Colombia",2025-09-12T10:02:58+00:00,3.8,MLr_2,convertida
2.2466,-75.6319,4707372.825709022,1806531.849917512,24.0,3.1656,SGC,"Garzón - Huila, Colombia",2025-09-16T20:51:23+00:00,3.2,MLr_2,convertida
4.7755,-76.1443,4651290.357716665,2086483.9852086736,99.0,3.3572,SGC,"Argelia - Valle del Cauca, Colombia",2025-09-19T12:39:10+00:00,3.4,MLr_1,convertida
4.8441,-75.326,4742125.666265974,2093708.862265861,5.0,3.1656,SGC,"Murillo - Tolima, Colombia",2025-10-05T15:33:22+00:00,3.2,MLr_2,convertida
2.1699,-74.5183,4831219.286794676,1797878.542454042,16.0,3.453,SGC,"La Macarena - Meta, Colombia",2025-10-11T16:00:41+00:00,3.5,MLr_2,convertida
3.4193,-73.2157,4976049.96483197,1935840.872720694,13.0,3.0698,SGC,"San Martín - Meta, Colombia",2025-10-21T06:59:30+00:00,3.1,MLr_3,convertida
4.6078,-74.9814,4780272.061556004,2067462.3919348496,13.0,3.0698,SGC,"Alvarado - Tolima, Colombia",2025-10-23T19:28:19+00:00,3.1,MLr_2,convertida
4.3786,-74.9706,4781401.898227074,2042119.2592886745,29.0,3.0698,SGC,"Piedras - Tolima, Colombia",2025-10-27T23:13:20+00:00,3.1,MLr_2,convertida
4.877,-75.3577,4738621.950199865,2097359.307665272,5.0,3.0698,SGC,"Villamaria - Caldas, Colombia",2025-10-29T05:17:56+00:00,3.1,MLr_2,convertida
3.95,-76.5416,4606746.022805139,1995313.4942087256,119.0,3.8362,SGC,"Calima (El Darién) - Valle del Cauca, Colombia",2025-11-01T14:52:40+00:00,3.9,MLr_1,convertida
4.6025,-75.952,4672555.515176218,2067248.795601259,44.0,3.2614,SGC,"Obando - Valle del Cauca, Colombia",2025-11-02T21:50:38+00:00,3.3,MLr_2,convertida
5.0258,-75.9037,4678117.0502627045,2114058.424281421,113.0,3.2614,SGC,"Viterbo - Caldas, Colombia",2025-11-03T15:46:49+00:00,3.3,MLr_1,convertida
2.316,-73.8119,4909762.2541757,1813961.9192084516,2.0,3.1656,SGC,"La Macarena - Meta, Colombia",2025-11-05T06:52:29+00:00,3.2,MLr_3,convertida
2.4832,-75.4786,4724475.195322384,1832667.9644813763,28.0,3.1656,SGC,"Hobo - Huila, Colombia",2025-11-10T19:58:42+00:00,3.2,MLr_2,convertida
2.9523,-76.0322,4663014.16823471,1884699.2950540308,0.0,3.3572,SGC,"Páez (Belalcázar) - Cauca, Colombia",2025-11-25T14:15:44+00:00,3.4,MLr_2,convertida
3.7436,-76.8998,4566808.965234211,1972633.8281146411,37.0,3.3572,SGC,"Buenaventura - Valle del Cauca, Colombia",2025-11-26T17:22:22+00:00,3.4,MLr_1,convertida
1.9302,-76.058,4659886.802480626,1771615.9927700234,23.0,3.0698,SGC,"Pitalito - Huila, Colombia",2025-11-27T16:55:38+00:00,3.1,MLr_2,convertida
2.7271,-75.0762,4769272.552401082,1859556.6493352985,30.0,3.453,SGC,"San Vicente del Caguán - Caquetá, Colombia",2025-12-02T03:35:14+00:00,3.5,MLr_2,convertida
4.4931,-75.386,4735338.291005159,2054915.4537384391,5.0,3.5488,SGC,"Ibagué - Tolima, Colombia",2025-12-20T23:24:29+00:00,3.6,MLr_2,convertida
3.0118,-75.2982,4744652.385643056,1891082.9723162577,51.0,4.4,SGC,"Neiva - Huila, Colombia",2025-12-21T09:05:29+00:00,4.4,Mw,directa
4.9681,-76.2562,4638970.347874682,2107857.0681936243,92.0,3.0698,SGC,"San José del Palmar - Chocó, Colombia",2025-12-21T09:36:12+00:00,3.1,MLr_1,convertida
5.0523,-75.6434,4707005.20105217,2116867.062800691,120.0,3.6446,SGC,"Palestina - Caldas, Colombia",2025-12-30T12:04:05+00:00,3.7,MLr_2,convertida
1.1926,-76.8577,4570672.272869536,1690116.2731604895,16.0,3.0698,SGC,"San Francisco - Putumayo, Colombia",2025-12-31T15:19:11+00:00,3.1,MLr_2,convertida
1.5132,-75.6,4710801.246079435,1725410.4265404362,19.0,3.3572,SGC,"Florencia - Caquetá, Colombia",2026-01-16T21:31:53+00:00,3.4,MLr_2,convertida
3.4468,-74.7218,4808798.802483465,1939049.4165711123,24.0,3.1656,SGC,"Colombia - Huila, Colombia",2026-01-19T15:06:15+00:00,3.2,MLr_2,convertida
4.413,-76.3245,4631097.4245785605,2046457.3184492723,120.0,3.7404,SGC,"Bolívar - Valle del Cauca, Colombia",2026-02-07T15:46:51+00:00,3.8,MLr_1,convertida
4.9443,-76.3719,4626114.304973744,2105287.189382718,97.0,4.8,SGC,"San José del Palmar - Chocó, Colombia",2026-02-13T06:40:52+00:00,4.8,Mw,directa
3.9008,-75.4911,4723464.585204444,1989448.444158144,19.0,3.3572,SGC,"San Antonio - Tolima, Colombia",2026-02-17T03:24:21+00:00,3.4,MLr_2,convertida
3.5187,-74.2085,4865819.795876464,1946907.7374871508,10.0,3.932,SGC,"Mesetas - Meta, Colombia",2026-03-02T07:25:46+00:00,4.0,MLr_3,convertida
2.9348,-76.0183,4664555.14796884,1882758.843308217,1.0,3.7404,SGC,"Planadas - Tolima, Colombia",2026-03-03T07:38:23+00:00,3.8,MLr_2,convertida
4.7401,-76.1351,4652293.874168639,2082562.0319991915,89.0,4.6026,SGC,"Argelia - Valle del Cauca, Colombia",2026-03-09T17:11:20+00:00,4.7,MLr_1,convertida
3.3766,-76.9379,4562396.429327057,1932007.058956757,69.0,3.0698,SGC,"Buenaventura - Valle del Cauca, Colombia",2026-04-04T18:04:50+00:00,3.1,MLr_1,convertida
2.7373,-75.0491,4772287.385970677,1860679.1901291525,29.0,3.0698,SGC,"San Vicente del Caguán - Caquetá, Colombia",2026-04-08T16:31:45+00:00,3.1,MLr_2,convertida
4.5774,-75.679,4702850.143947753,2064352.8134031,10.0,3.0698,SGC,"Circasia - Quindío, Colombia",2026-04-09T06:44:37+00:00,3.1,MLr_2,convertida
3.5156,-74.1948,4867340.695225393,1946563.1855475348,13.0,3.0698,SGC,"Mesetas - Meta, Colombia",2026-04-23T04:22:28+00:00,3.1,MLr_3,convertida
4.2538,-73.7303,4918988.5084813,2028081.0563690716,15.0,3.8362,SGC,"Villavicencio - Meta, Colombia",2026-04-29T11:40:45+00:00,3.9,MLr_3,convertida
4.2104,-76.6482,4595024.3747084895,2024194.9807448848,100.0,5.464799999999999,SGC,"El Litoral del San Juán (Docordó) - Chocó, Colombia",2026-05-14T07:48:20+00:00,5.6,MLr_1,convertida
4.23,-76.6104,4599236.081211811,2026345.3423293368,94.0,3.2614,SGC,"El Litoral del San Juán (Docordó) - Chocó, Colombia",2026-05-14T16:30:29+00:00,3.3,MLr_1,convertida
4.7466,-76.0027,4666994.803717871,2083216.100769138,51.0,3.2614,SGC,"Ansermanuevo - Valle del Cauca, Colombia",2026-05-19T11:40:37+00:00,3.3,MLr_1,convertida
4.2406,-76.6531,4594495.4356614165,2027541.151142569,99.0,3.3572,SGC,"El Litoral del San Juán (Docordó) - Chocó, Colombia",2026-05-20T03:24:29+00:00,3.4,MLr_1,convertida
3.1603,-73.3006,4966614.487462312,1907226.238823292,13.0,3.0698,SGC,"Puerto Lleras - Meta, Colombia",2026-05-24T11:13:10+00:00,3.1,MLr_3,convertida
3.1931,-74.1753,4869463.314322198,1910920.040216487,13.0,3.3572,SGC,"Mesetas - Meta, Colombia",2026-05-27T09:29:27+00:00,3.4,MLr_3,convertida
3.8297,-76.6209,4597871.916084932,1982032.929823824,40.0,3.7404,SGC,"Dagua - Valle del Cauca, Colombia",2026-06-26T03:31:47+00:00,3.8,MLr_1,convertida
3.4469,-74.3086,4854692.7864892585,1938987.4821058784,16.0,3.0698,SGC,"Uribe - Meta, Colombia",2026-06-27T20:51:37+00:00,3.1,MLr_3,convertida
4.7672,-76.1952,4645635.403797285,2085591.5241042287,97.0,3.2614,SGC,"El Cairo - Valle del Cauca, Colombia",2026-06-30T23:57:58+00:00,3.3,MLr_1,convertida
4.4859,-76.2131,4643507.171262502,2054470.4526875103,101.0,3.1656,SGC,"Roldanillo - Valle del Cauca, Colombia",2026-07-03T06:07:15+00:00,3.2,MLr_1,convertida
3.5442,-74.2045,4866267.632609172,1949725.2811456053,13.0,3.6446,SGC,"Lejanías - Meta, Colombia",2026-07-12T07:02:38+00:00,3.7,MLr_3,convertida
3.9106,-76.0872,4657238.132324858,1990752.3383357003,159.0,3.2614,SGC,"Buga - Valle del Cauca, Colombia",2026-07-18T02:54:44+00:00,3.3,MLr_2,convertida
5.0469,-76.0168,4665579.132990751,2116449.9118049457,80.0,3.453,SGC,"Santuario - Risaralda, Colombia",2026-07-30T13:38:16+00:00,3.5,MLr_1,convertida
3.0694,-74.9721,4780911.739269443,1897379.9045177423,26.0,3.6446,SGC,"Baraya - Huila, Colombia",2026-07-31T06:05:40+00:00,3.7,MLr_2,convertida
3.955,-76.6624,4593317.072993796,1995925.321785626,96.0,3.0698,SGC,"Calima (El Darién) - Valle del Cauca, Colombia",2026-08-04T11:25:50+00:00,3.1,MLr_1,convertida
3.8831,-76.4747,4614152.9652373,1987876.6586648545,113.0,3.2614,SGC,"Calima (El Darién) - Valle del Cauca, Colombia",2026-08-06T07:50:56+00:00,3.3,MLr_1,convertida
4.9909,-76.2917,4635042.623862198,2110399.9838296003,103.0,7.4,SGC,"San José del Palmar - Chocó, Colombia",2026-08-10T07:34:27+00:00,7.4,Mw,directa
4.8841,-76.3861,4624504.17929491,2098631.935686168,95.0,4.6984,SGC,"San José del Palmar - Chocó, Colombia",2026-08-10T08:18:09+00:00,4.8,MLr_1,convertida
4.8709,-76.3428,4629304.050037491,2097146.8891817292,93.0,3.453,SGC,"San José del Palmar - Chocó, Colombia",2026-08-10T08:31:55+00:00,3.5,MLr_1,convertida
4.8735,-76.3743,4625808.342140659,2097452.094813182,92.0,3.8362,SGC,"San José del Palmar - Chocó, Colombia",2026-08-10T10:01:29+00:00,3.9,MLr_1,convertida
4.8471,-76.3955,4623439.961274896,2094541.7959858915,96.0,3.5488,SGC,"San José del Palmar - Chocó, Colombia",2026-08-11T00:12:48+00:00,3.6,MLr_1,convertida
4.4288,-76.7435,4584549.769113037,2048428.0561155444,92.0,3.1656,SGC,"Istmina - Chocó, Colombia",2026-08-11T02:52:56+00:00,3.2,MLr_1,convertida
4.8434,-76.4194,4620784.275280061,2094145.596478833,91.0,3.1656,SGC,"San José del Palmar - Chocó, Colombia",2026-08-11T10:10:34+00:00,3.2,MLr_1,convertida
4.8883,-76.3786,4625339.175348389,2099092.621560676,92.0,3.8362,SGC,"San José del Palmar - Chocó, Colombia",2026-08-11T10:43:39+00:00,3.9,MLr_1,convertida
4.8984,-76.3856,4624567.674143199,2100214.459208967,88.0,3.453,SGC,"San José del Palmar - Chocó, Colombia",2026-08-11T17:24:02+00:00,3.5,MLr_1,convertida
4.9549,-76.283,4635988.447667576,2106410.885064561,94.0,3.1656,SGC,"San José del Palmar - Chocó, Colombia",2026-08-11T23:09:23+00:00,3.2,MLr_1,convertida
4.9597,-76.3497,4628587.308821187,2106979.213007466,92.0,3.453,SGC,"San José del Palmar - Chocó, Colombia",2026-08-12T13:32:19+00:00,3.5,MLr_1,convertida
4.837,-76.477,4614385.004675812,2093469.6811519284,97.0,3.5488,SGC,"San José del Palmar - Chocó, Colombia",2026-08-13T06:22:49+00:00,3.6,MLr_1,convertida
4.8555,-76.3571,4627707.9925835,2095450.273210284,99.0,4.1236,SGC,"San José del Palmar - Chocó, Colombia",2026-08-13T09:42:30+00:00,4.2,MLr_1,convertida
4.3262,-76.6759,4592006.597292133,2037030.6798520875,50.0,3.0698,SGC,"El Litoral del San Juán (Docordó) - Chocó, Colombia",2026-08-13T21:26:45+00:00,3.1,MLr_1,convertida
4.8661,-76.402,4622728.85678117,2096648.476826545,91.0,3.8362,SGC,"San José del Palmar - Chocó, Colombia",2026-08-13T22:21:44+00:00,3.9,MLr_1,convertida
4.5102,-76.6704,4592718.559208916,2057399.890362356,46.0,3.0698,SGC,"Medio San Juan (Andagoya) - Chocó, Colombia",2026-08-14T03:44:24+00:00,3.1,MLr_1,convertida
4.8793,-76.3407,4629541.801492363,2098075.4489692966,93.0,3.1656,SGC,"San José del Palmar - Chocó, Colombia",2026-08-14T05:01:38+00:00,3.2,MLr_1,convertida
4.4648,-76.7053,4588815.102363599,2052392.7328126244,45.0,3.1656,SGC,"Istmina - Chocó, Colombia",2026-08-14T08:08:08+00:00,3.2,MLr_1,convertida
3.9241,-77.3866,4512737.872583974,1992892.1079383916,57.0,3.1656,SGC,Océano Pacífico,2026-08-14T08:28:46+00:00,3.2,MLr_1,convertida
4.4521,-76.6904,4590463.817823981,2050978.2471673817,48.0,3.1656,SGC,"Istmina - Chocó, Colombia",2026-08-15T20:23:20+00:00,3.2,MLr_1,convertida
4.5832,-76.7038,4589048.730472552,2065501.4534298824,41.0,3.2614,SGC,"Medio San Juan (Andagoya) - Chocó, Colombia",2026-08-16T03:26:04+00:00,3.3,MLr_1,convertida
4.533,-76.719,4587331.164957065,2059951.832766228,43.0,3.453,SGC,"Istmina - Chocó, Colombia",2026-08-16T08:30:27+00:00,3.5,MLr_1,convertida
4.5642,-76.6803,4591648.938513231,2063384.313696157,44.0,3.1656,SGC,"Sipí - Chocó, Colombia",2026-08-16T12:42:05+00:00,3.2,MLr_1,convertida
4.4627,-76.7096,4588336.085382822,2052162.624415582,43.0,3.3572,SGC,"Istmina - Chocó, Colombia",2026-08-17T13:21:52+00:00,3.4,MLr_1,convertida
4.1369,-76.7634,4582179.348547239,2016117.2581935204,52.0,3.0698,SGC,"El Litoral del San Juán (Docordó) - Chocó, Colombia",2026-08-17T22:59:37+00:00,3.1,MLr_1,convertida
4.4034,-76.7839,4580045.431442112,2045638.259002921,44.0,3.1656,SGC,"Istmina - Chocó, Colombia",2026-08-18T03:42:13+00:00,3.2,MLr_1,convertida
4.5478,-76.7383,4585195.051214215,2061601.6381963452,40.0,3.3572,SGC,"Istmina - Chocó, Colombia",2026-08-18T05:49:03+00:00,3.4,MLr_1,convertida
4.4796,-76.6798,4591656.996758888,2054017.145868461,46.0,3.0698,SGC,"Istmina - Chocó, Colombia",2026-08-18T12:03:08+00:00,3.1,MLr_1,convertida
4.4478,-76.6925,4590228.068469177,2050503.3151742867,45.0,3.2614,SGC,"Istmina - Chocó, Colombia",2026-08-18T17:38:54+00:00,3.3,MLr_1,convertida
4.4394,-76.7073,4588578.703893107,2049581.4906396903,43.0,3.1656,SGC,"Istmina - Chocó, Colombia",2026-08-19T18:10:20+00:00,3.2,MLr_1,convertida
4.4203,-76.7818,4580288.352269985,2047508.4491998835,40.0,3.1656,SGC,"Istmina - Chocó, Colombia",2026-08-20T01:52:02+00:00,3.2,MLr_1,convertida
4.4563,-76.6989,4589521.575233527,2051448.0140588623,46.0,3.0698,SGC,"Istmina - Chocó, Colombia",2026-08-20T03:38:39+00:00,3.1,MLr_1,convertida
4.5182,-76.6646,4593367.48859385,2058282.3841081504,45.0,3.453,SGC,"Sipí - Chocó, Colombia",2026-08-20T20:38:35+00:00,3.5,MLr_1,convertida
4.4584,-76.6861,4590945.150343045,2051673.394100236,45.0,3.2614,SGC,"Istmina - Chocó, Colombia",2026-08-21T03:37:59+00:00,3.3,MLr_1,convertida
4.4267,-76.7691,4581703.453149216,2048209.9463970417,40.0,3.2614,SGC,"Istmina - Chocó, Colombia",2026-08-21T05:46:55+00:00,3.3,MLr_1,convertida
4.5626,-76.7,4589459.179163812,2063218.3920692983,43.0,3.6446,SGC,"Medio San Juan (Andagoya) - Chocó, Colombia",2026-08-21T06:59:45+00:00,3.7,MLr_1,convertida
4.3844,-76.7731,4581235.16346871,2043528.2808921505,43.0,3.0698,SGC,"El Litoral del San Juán (Docordó) - Chocó, Colombia",2026-08-21T07:34:18+00:00,3.1,MLr_1,convertida
4.4087,-76.802,4578036.676242029,2046235.393892572,47.0,3.1656,SGC,"El Litoral del San Juán (Docordó) - Chocó, Colombia",2026-08-22T05:32:09+00:00,3.2,MLr_1,convertida
4.4944,-76.7097,4588342.743463012,2055672.6089713515,44.0,3.0698,SGC,"Istmina - Chocó, Colombia",2026-08-22T21:23:59+00:00,3.1,MLr_1,convertida
4.4627,-76.7181,4587391.501210349,2052167.39530452,48.0,3.3572,SGC,"Istmina - Chocó, Colombia",2026-08-23T13:37:44+00:00,3.4,MLr_1,convertida
4.4531,-76.7021,4589164.188630372,2051095.489723516,52.0,3.7404,SGC,"Istmina - Chocó, Colombia",2026-08-23T21:28:05+00:00,3.8,MLr_1,convertida
4.6028,-76.778,4580815.664615199,2067714.8780331532,40.0,3.5488,SGC,"Medio San Juan (Andagoya) - Chocó, Colombia",2026-08-24T00:21:29+00:00,3.6,MLr_1,convertida
4.6361,-76.6806,4591656.677914936,2071345.24532071,45.0,3.1656,SGC,"Sipí - Chocó, Colombia",2026-08-24T05:20:57+00:00,3.2,MLr_1,convertida
4.4436,-76.7564,4583124.421716052,2050074.102809464,38.0,3.3572,SGC,"Istmina - Chocó, Colombia",2026-08-24T06:27:38+00:00,3.4,MLr_1,convertida
4.4203,-76.7435,4584545.018221184,2047486.8729225516,45.0,3.453,SGC,"Istmina - Chocó, Colombia",2026-08-24T10:40:21+00:00,3.5,MLr_1,convertida
4.4166,-76.76,4582709.154978653,2047086.441898262,47.0,4.027799999999999,SGC,"Istmina - Chocó, Colombia",2026-08-24T13:55:25+00:00,4.1,MLr_1,convertida
4.3717,-76.7091,4588341.34063142,2042086.5406443249,48.0,3.6446,SGC,"El Litoral del San Juán (Docordó) - Chocó, Colombia",2026-08-24T17:05:34+00:00,3.7,MLr_1,convertida
4.3802,-76.7092,4588334.882018091,2043027.741548004,46.0,3.3572,SGC,"El Litoral del San Juán (Docordó) - Chocó, Colombia",2026-08-24T18:17:59+00:00,3.4,MLr_1,convertida
4.524,-76.6992,4589526.178998366,2058944.061624456,44.0,3.0698,SGC,"Istmina - Chocó, Colombia",2026-08-24T23:00:51+00:00,3.1,MLr_1,convertida
4.433,-76.7563,4583129.571810463,2048900.318127354,43.0,3.0698,SGC,"Istmina - Chocó, Colombia",2026-08-25T00:49:54+00:00,3.1,MLr_1,convertida
4.4373,-76.7819,4580286.847178798,2049390.95486524,43.0,3.3572,SGC,"Istmina - Chocó, Colombia",2026-08-25T12:08:16+00:00,3.4,MLr_1,convertida
4.4309,-76.7201,4587151.494114705,2048647.4791291424,44.0,3.3572,SGC,"Istmina - Chocó, Colombia",2026-08-25T22:22:09+00:00,3.4,MLr_1,convertida
4.8275,-76.3522,4628236.68282618,2092348.4875688413,97.0,3.0698,SGC,"San José del Palmar - Chocó, Colombia",2026-08-26T17:16:28+00:00,3.1,MLr_1,convertida
4.4299,-76.7467,4584194.74800662,2048551.654416844,45.0,3.453,SGC,"Istmina - Chocó, Colombia",2026-08-26T21:01:05+00:00,3.5,MLr_1,convertida
4.5393,-76.7393,4585079.060658642,2060661.0335058111,43.0,4.219399999999999,SGC,"Istmina - Chocó, Colombia",2026-08-27T10:25:26+00:00,4.3,MLr_1,convertida
4.5467,-76.7383,4585194.420260987,2061479.8385037384,40.0,3.453,SGC,"Istmina - Chocó, Colombia",2026-08-27T20:59:03+00:00,3.5,MLr_1,convertida
4.4415,-76.7074,4588568.757386955,2049814.0645597884,43.0,3.7404,SGC,"Istmina - Chocó, Colombia",2026-08-28T03:24:31+00:00,3.8,MLr_1,convertida
4.4722,-76.7341,4585618.783475133,2053228.3057430424,44.0,3.6446,SGC,"Istmina - Chocó, Colombia",2026-08-28T23:30:18+00:00,3.7,MLr_1,convertida
4.4373,-76.7478,4584076.646937844,2049371.660009812,43.0,3.0698,SGC,"Istmina - Chocó, Colombia",2026-08-29T03:39:45+00:00,3.1,MLr_1,convertida
4.5594,-76.7341,4585668.399410117,2062883.6488198356,41.0,4.027799999999999,SGC,"Medio San Juan (Andagoya) - Chocó, Colombia",2026-08-29T05:50:21+00:00,4.1,MLr_1,convertida
4.4161,-76.7285,4586209.734517831,2047013.43569271,43.0,3.0698,SGC,"Istmina - Chocó, Colombia",2026-08-29T08:58:40+00:00,3.1,MLr_1,convertida
4.5621,-76.7144,4587858.88910676,2063171.2770165063,43.0,3.453,SGC,"Medio San Juan (Andagoya) - Chocó, Colombia",2026-08-29T10:33:59+00:00,3.5,MLr_1,convertida
4.3929,-76.7114,4588097.351887617,2044435.1390849084,52.0,3.1656,SGC,"Istmina - Chocó, Colombia",2026-08-29T14:47:06+00:00,3.2,MLr_1,convertida
4.3929,-76.7497,4583840.684123911,2044456.398426067,52.0,3.453,SGC,"El Litoral del San Juán (Docordó) - Chocó, Colombia",2026-08-30T05:48:08+00:00,3.5,MLr_1,convertida
2.4623,-76.3184,4631024.477023225,1830559.8775745132,12.0,3.1656,SGC,"Totoró - Cauca, Colombia",2026-08-31T03:21:44+00:00,3.2,MLr,convertida
4.0925,-76.8335,4574361.576436653,2011237.8047752727,53.0,3.0698,SGC,"El Litoral del San Juán (Docordó) - Chocó, Colombia",2026-08-31T20:48:46+00:00,3.1,MLr_1,convertida
4.2808,-76.7556,4583123.324579375,2032046.993097529,54.0,3.1656,SGC,"El Litoral del San Juán (Docordó) - Chocó, Colombia",2026-09-01T03:48:15+00:00,3.2,MLr_1,convertida
4.571,-76.6819,4591475.024203835,2064138.1198750848,43.0,3.6446,SGC,"Sipí - Chocó, Colombia",2026-09-01T12:48:10+00:00,3.7,MLr_1,convertida
4.3992,-76.7348,4585500.184732998,2045145.6773423776,46.0,3.3572,SGC,"El Litoral del San Juán (Docordó) - Chocó, Colombia",2026-09-01T20:46:47+00:00,3.4,MLr_1,convertida
4.4198,-76.7429,4584611.421669295,2047431.1729971387,54.0,4.219399999999999,SGC,"Istmina - Chocó, Colombia",2026-09-03T00:17:13+00:00,4.3,MLr_1,convertida
4.4753,-76.667,4593076.95004162,2053533.9261542007,48.0,3.1656,SGC,"Sipí - Chocó, Colombia",2026-09-03T16:30:29+00:00,3.2,MLr_1,convertida
4.4801,-76.6889,4590646.071689567,2054077.5920604228,49.0,3.7404,SGC,"Istmina - Chocó, Colombia",2026-09-03T18:32:39+00:00,3.8,MLr_1,convertida
4.45,-76.7543,4583361.412156537,2050781.5804434572,43.0,3.0698,SGC,"Istmina - Chocó, Colombia",2026-09-05T09:24:47+00:00,3.1,MLr_1,convertida
4.5684,-76.7378,4585262.452568225,2063882.3255340157,46.0,4.0,SGC,"Medio San Juan (Andagoya) - Chocó, Colombia",2026-09-06T17:15:36+00:00,4.0,Mw,directa
4.4907,-76.738,4585195.838178158,2055278.9591252368,43.0,3.3572,SGC,"Istmina - Chocó, Colombia",2026-09-06T20:25:58+00:00,3.4,MLr_1,convertida
2.431,-76.3171,4631160.616125425,1827095.426224932,3.0,3.5488,SGC,"Inzá - Cauca, Colombia",2026-09-06T20:58:14+00:00,3.6,MLr_2,convertida
4.873,-76.3855,4624564.6109949,2097402.9911342277,90.0,3.1656,SGC,"San José del Palmar - Chocó, Colombia",2026-09-06T21:05:19+00:00,3.2,MLr_1,convertida
4.4669,-76.6883,4590705.39618557,2052615.7440056824,43.0,3.0698,SGC,"Istmina - Chocó, Colombia",2026-09-07T00:13:25+00:00,3.1,MLr_1,convertida
4.5869,-76.7353,4585550.911667442,2065929.323938466,43.0,3.932,SGC,"Medio San Juan (Andagoya) - Chocó, Colombia",2026-09-07T21:01:31+00:00,4.0,MLr_1,convertida
4.5642,-76.6781,4591893.375383069,2063383.062891174,45.0,3.5488,SGC,"Sipí - Chocó, Colombia",2026-09-09T01:03:39+00:00,3.6,MLr_1,convertida
4.4542,-76.701,4589287.040625003,2051216.6700734787,48.0,3.0698,SGC,"Istmina - Chocó, Colombia",2026-09-09T09:52:09+00:00,3.1,MLr_1,convertida
4.5996,-76.6842,4591235.778606811,2067306.032017001,43.0,3.1656,SGC,"Sipí - Chocó, Colombia",2026-09-10T01:17:09+00:00,3.2,MLr_1,convertida
4.5303,-76.6886,4590707.554955526,2059635.604413073,43.0,3.1656,SGC,"Istmina - Chocó, Colombia",2026-09-10T19:25:24+00:00,3.2,MLr_1,convertida
4.3971,-76.786,4579808.483952165,2044941.8281332024,47.0,4.411,SGC,"Istmina - Chocó, Colombia",2026-09-11T11:42:28+00:00,4.5,MLr_1,convertida
4.4627,-76.7202,4587158.131961631,2052168.575688701,43.0,4.506799999999999,SGC,"Istmina - Chocó, Colombia",2026-09-12T06:16:09+00:00,4.6,MLr_1,convertida
4.4563,-76.7202,4587154.549217504,2051459.938419451,55.0,3.8362,SGC,"Istmina - Chocó, Colombia",2026-09-12T10:05:40+00:00,3.9,MLv,convertida
4.5303,-76.6929,4590229.763297133,2059638.038833703,44.0,3.1656,SGC,"Istmina - Chocó, Colombia",2026-09-12T21:07:52+00:00,3.2,MLr_1,convertida
4.5917,-76.6719,4592597.835783086,2066424.3086391748,39.0,3.7404,SGC,"Sipí - Chocó, Colombia",2026-09-13T02:10:26+00:00,3.8,MLv,convertida
4.5134,-76.6992,4589520.20064004,2057770.4077820843,43.0,3.0698,SGC,"Istmina - Chocó, Colombia",2026-09-13T07:59:06+00:00,3.1,MLr_1,convertida
4.892,-76.3472,4628827.189151125,2099484.686502172,93.0,3.3572,SGC,"San José del Palmar - Chocó, Colombia",2026-09-13T14:17:37+00:00,3.4,MLr_1,convertida
4.6086,-76.6869,4590940.955037345,2068304.067786001,43.0,4.219399999999999,SGC,"Sipí - Chocó, Colombia",2026-09-14T09:57:09+00:00,4.3,MLv,convertida
4.5652,-76.6835,4591293.960195032,2063496.8545901685,46.0,3.6446,SGC,"Sipí - Chocó, Colombia",2026-09-14T10:01:09+00:00,3.7,MLv,convertida
4.5485,-76.6686,4592940.037347723,2061639.39234796,26.0,3.2614,SGC,"Sipí - Chocó, Colombia",2026-09-14T12:24:18+00:00,3.3,MLr_1,convertida
4.5473,-76.7569,4583127.953933208,2061557.0081316463,39.0,4.7942,SGC,"Istmina - Chocó, Colombia",2026-09-14T15:02:01+00:00,4.9,MLv,convertida
4.524,-76.7589,4582892.308944751,2058978.166571172,41.0,4.027799999999999,SGC,"Istmina - Chocó, Colombia",2026-09-14T15:04:47+00:00,4.1,MLv,convertida
4.5113,-76.7674,4581940.457469459,2057576.7883717204,47.0,4.7942,SGC,"Istmina - Chocó, Colombia",2026-09-14T16:13:14+00:00,4.9,MLv,convertida
4.506,-76.7642,4582293.027542516,2056988.0772946093,49.0,4.411,SGC,"Istmina - Chocó, Colombia",2026-09-14T17:39:00+00:00,4.5,MLv,convertida
4.5002,-76.754,4583423.21083263,2056339.998634644,41.0,3.1656,SGC,"Istmina - Chocó, Colombia",2026-09-14T19:09:44+00:00,3.2,MLr_1,convertida
4.4727,-76.7027,4589108.440574337,2053265.9837212136,44.0,3.2614,SGC,"Istmina - Chocó, Colombia",2026-09-14T23:18:31+00:00,3.3,MLr_1,convertida
4.5023,-76.7444,4584491.217517694,2056567.0414724387,40.0,3.3572,SGC,"Istmina - Chocó, Colombia",2026-09-15T03:18:36+00:00,3.4,MLr_1,convertida
4.5124,-76.7365,4585374.84368971,2057680.8757089064,43.0,3.7404,SGC,"Istmina - Chocó, Colombia",2026-09-15T10:50:08+00:00,3.8,MLv,convertida
4.4632,-76.7133,4587925.194155488,2052220.061662887,44.0,3.5488,SGC,"Istmina - Chocó, Colombia",2026-09-15T19:20:09+00:00,3.6,MLr_1,convertida
4.4478,-76.718,4587394.285838269,2050517.547175029,43.0,4.5,SGC,"Istmina - Chocó, Colombia",2026-09-16T01:18:04+00:00,4.5,Mw,directa
4.4801,-76.69,4590523.837642131,2054078.2077567216,45.0,3.3572,SGC,"Istmina - Chocó, Colombia",2026-09-16T03:45:36+00:00,3.4,MLr_1,convertida
4.4045,-76.7125,4587981.492299975,2045720.1392826876,46.0,3.5488,SGC,"Istmina - Chocó, Colombia",2026-09-16T11:59:15+00:00,3.6,MLv,convertida
4.5769,-76.723,4586911.813509585,2064814.948854237,40.0,4.6026,SGC,"Medio San Juan (Andagoya) - Chocó, Colombia",2026-09-16T15:12:50+00:00,4.7,MLv,convertida
4.5822,-76.7347,4585614.863008491,2065408.5608368327,38.0,3.5488,SGC,"Medio San Juan (Andagoya) - Chocó, Colombia",2026-09-16T15:18:42+00:00,3.6,MLv,convertida
4.4738,-76.7485,4584019.423126426,2053413.6305825156,40.0,3.453,SGC,"Istmina - Chocó, Colombia",2026-09-16T16:56:58+00:00,3.5,MLv,convertida
4.5837,-76.7662,4582115.652308555,2065592.9866312123,40.0,4.027799999999999,SGC,"Medio San Juan (Andagoya) - Chocó, Colombia",2026-09-16T20:12:47+00:00,4.1,MLv,convertida
4.4759,-76.724,4586743.256578118,2053632.284191805,46.0,3.5488,SGC,"Istmina - Chocó, Colombia",2026-09-17T04:46:30+00:00,3.6,MLr_1,convertida
4.598,-76.6762,4592123.684254708,2067124.2964353475,42.0,3.1656,SGC,"Sipí - Chocó, Colombia",2026-09-17T06:33:02+00:00,3.2,MLr_1,convertida
4.4225,-76.7115,4588102.577627862,2047712.6068812304,47.0,3.7404,SGC,"Istmina - Chocó, Colombia",2026-09-17T12:22:04+00:00,3.8,MLv,convertida
4.4695,-76.7293,4586150.680501535,2052926.633361861,40.0,3.6446,SGC,"Istmina - Chocó, Colombia",2026-09-17T13:52:58+00:00,3.7,MLv,convertida
4.5769,-76.691,4590467.306501944,2064796.5663202056,37.0,4.506799999999999,SGC,"Sipí - Chocó, Colombia",2026-09-17T16:10:23+00:00,4.6,MLv,convertida
4.5245,-76.7211,4587092.984783071,2059011.8710252603,40.0,3.5488,SGC,"Istmina - Chocó, Colombia",2026-09-17T16:20:52+00:00,3.6,MLv,convertida
4.4907,-76.7412,4584840.233298224,2055280.7790214235,40.0,3.2614,SGC,"Istmina - Chocó, Colombia",2026-09-17T21:44:35+00:00,3.3,MLr_1,convertida
3.7626,-77.0045,4555169.814341769,1974790.8247475345,41.0,3.3572,SGC,"Buenaventura - Valle del Cauca, Colombia",2026-09-18T00:46:26+00:00,3.4,MLr_1,convertida
4.4077,-76.7242,4586682.962659232,2046080.949160136,42.0,4.506799999999999,SGC,"Istmina - Chocó, Colombia",2026-09-18T01:17:02+00:00,4.6,MLv,convertida
4.6445,-76.6444,4595683.086333222,2072254.4484458067,39.0,3.0698,SGC,"Sipí - Chocó, Colombia",2026-09-18T08:01:06+00:00,3.1,MLr_1,convertida
4.3971,-76.7071,4588577.552051381,2044897.8018658063,46.0,3.5488,SGC,"Istmina - Chocó, Colombia",2026-09-18T09:08:33+00:00,3.6,MLv,convertida
4.4226,-76.7481,4584035.06979622,2047744.1270594192,48.0,4.411,SGC,"Istmina - Chocó, Colombia",2026-09-18T13:41:22+00:00,4.5,MLv,convertida
4.45,-76.7053,4588806.854562392,2050754.036684032,45.0,3.932,SGC,"Istmina - Chocó, Colombia",2026-09-19T00:01:47+00:00,4.0,MLv,convertida
4.5536,-76.7676,4581942.6072179815,2062260.8104058756,39.0,4.506799999999999,SGC,"Istmina - Chocó, Colombia",2026-09-19T08:44:34+00:00,4.6,MLv,convertida
4.4267,-76.7115,4588104.904944976,2048177.6452742384,43.0,3.0698,SGC,"Istmina - Chocó, Colombia",2026-09-19T09:10:18+00:00,3.1,MLr_1,convertida
4.4685,-76.7165,4587572.554019159,2052808.6963209503,40.0,4.219399999999999,SGC,"Istmina - Chocó, Colombia",2026-09-19T18:20:11+00:00,4.3,MLv,convertida
3.8361,-75.6125,4709956.914282301,1982333.1522931464,19.0,4.027799999999999,SGC,"Chaparral - Tolima, Colombia",2026-09-20T04:52:31+00:00,4.1,MLv,convertida
3.8488,-75.6136,4709839.003318275,1983738.2164108728,16.0,3.0698,SGC,"Chaparral - Tolima, Colombia",2026-09-20T10:15:35+00:00,3.1,MLr_2,convertida
4.4642,-76.7112,4588159.120394681,2052329.6068104173,46.0,3.453,SGC,"Istmina - Chocó, Colombia",2026-09-21T01:20:18+00:00,3.5,MLv,convertida
3.8551,-75.6264,4708419.107676016,1984439.4067858288,17.0,3.932,SGC,"Chaparral - Tolima, Colombia",2026-09-21T11:23:18+00:00,4.0,MLr_2,convertida
3.8773,-75.6095,4710304.177621322,1986889.072053048,19.0,3.2614,SGC,"Chaparral - Tolima, Colombia",2026-09-21T11:52:38+00:00,3.3,MLr_2,convertida
3.8456,-75.6275,4708293.663006179,1983389.0188813563,19.0,4.027799999999999,SGC,"Chaparral - Tolima, Colombia",2026-09-21T13:48:40+00:00,4.1,MLr_2,convertida
3.8593,-75.6233,4708764.939312838,1984902.8924240929,16.0,3.1656,SGC,"Chaparral - Tolima, Colombia",2026-09-21T14:42:22+00:00,3.2,MLr_2,convertida
3.8699,-75.6126,4709957.267517522,1986071.6528656487,19.0,3.932,SGC,"Chaparral - Tolima, Colombia",2026-09-21T15:02:35+00:00,4.0,MLr,convertida
4.4077,-76.7136,4587861.009260816,2046075.064274229,44.0,3.453,SGC,"Istmina - Chocó, Colombia",2026-09-21T15:50:44+00:00,3.5,MLv,convertida
3.8445,-75.636,4707348.949552347,1983270.261782165,19.0,3.3572,SGC,"Chaparral - Tolima, Colombia",2026-09-21T16:11:46+00:00,3.4,MLr_2,convertida
3.8488,-75.6296,4708061.447316452,1983743.6796784436,19.0,4.027799999999999,SGC,"Chaparral - Tolima, Colombia",2026-09-21T16:30:31+00:00,4.1,MLv,convertida
3.8488,-75.6275,4708294.752835417,1983742.9607169293,19.0,3.2614,SGC,"Chaparral - Tolima, Colombia",2026-09-21T17:31:54+00:00,3.3,MLr_2,convertida
3.8488,-75.6264,4708416.960331944,1983742.5843480865,19.0,4.1236,SGC,"Chaparral - Tolima, Colombia",2026-09-21T18:15:31+00:00,4.2,MLr,convertida
