latitud,longitud,X,Y,Z,Mw,agencia,lugar,hora,magnitud,tipo_magnitud,estado_conversion,id,fuente
3.725,-73.866,4903872.93209738,1969662.21451887,15,6.43,iscgem,"8 km SSW of Cubarral, Colombia",1917/08/30 03:24:19.570+00,6.43,mw,directa,1,Cortical
3.792,-73.649,4927966.89733205,1977044.86609166,15,7.05,iscgem,"5 km SE of Castilla La Nueva, Colombia",1917/08/31 11:36:24.560+00,7.05,mw,directa,2,Cortical
3.156,-77.469,4503155.70416688,1907814.73020188,35,6.35,iscgem,"47 km NNE of Timbiquí, Colombia",1920/01/30 18:26:47.290+00,6.35,mw,directa,3,Cortical
5.099,-76.078,4658815.94060338,2122246.72010771,15,6.07,iscgem,"12 km WNW of Santuario, Colombia",1935/09/18 04:57:55.780+00,6.07,mw,directa,4,Subducción interplaca
4.437,-74.636,4818544.21845824,2048485.38580839,15,5.98,iscgem,"2 km S of Tocaima, Colombia",1942/05/22 10:30:43.540+00,5.98,mw,directa,5,Cortical
3.7,-76.752,4583230.00581075,1967734.321855,52.3,6.12,iscgem,"8 km NW of Dagua, Colombia",1957/05/24 02:37:50.370+00,6.12,mw,directa,6,Subducción intraplaca
4.617,-73.981,4891229.38375411,2068248.57855166,15,5.31,iscgem,"7 km SE of Barrio San Luis, Colombia",1966/09/04 22:14:52.980+00,5.31,mw,directa,7,Cortical
3.596,-74.274,4858557.92799344,1955460.40361262,35,5.14,iscgem,"28 km WNW of Lejanías, Colombia",1966/10/18 18:43:36.110+00,5.14,mw,directa,8,Cortical
2.906,-74.772,4803119.9983993,1879278.46201188,35,7,iscgem,"41 km SE of Baraya, Colombia",1967/02/09 15:24:46.750+00,7,mw,directa,9,Cortical
2.946,-74.77,4803349.25638406,1883699.7747241,36.1,5.25,iscgem,"38 km SE of Baraya, Colombia",1967/02/27 02:06:41.280+00,5.25,mw,directa,10,Cortical
3.075,-74.895,4789481.3669511,1897983.49257292,23.9,5.2,iscgem,"19 km ESE of Baraya, Colombia",1967/11/05 14:23:53.890+00,5.2,mw,directa,11,Cortical
2.916,-74.943,4784115.78468216,1880415.2348365,51.5,5.19,iscgem,"27 km SE of Tello, Colombia",1968/01/28 01:50:47.330+00,5.19,mw,directa,12,Subducción intraplaca
2.44,-75.362,4737435.70920682,1827867.06745582,15,5.31,iscgem,Colombia,1972/11/22 10:44:57.440+00,5.31,mw,directa,13,Cortical
4.631,-76.028,4664131.09076706,2070437.5872236,84,5.19,us,"6 km ENE of Toro, Colombia",1973/02/09 09:53:18.500+00,5,mb,convertida,14,Subducción intraplaca
4.691,-75.628,4708557.55312755,2076897.01767142,158,6.5346,us,"3 km ENE of Filandia, Colombia",1973/04/03 13:54:01.800+00,6.2,mb,convertida,15,Subducción intraplaca
4.819,-76.38,4625145.41573721,2091422.94561427,121,4.9992,us,"18 km WSW of San José del Palmar, Colombia",1973/04/13 12:05:27.700+00,4.8,mb,convertida,16,Subducción intraplaca
5.162,-75.813,4688245.26753059,2129081.75960007,118,5.667,us,"5 km W of Risaralda, Colombia",1973/04/24 18:42:31.900+00,5.5,mb,convertida,17,Subducción intraplaca
2.968,-74.86,4793350.70668583,1886148.1013294,42,5.3808,us,"29 km SE of Baraya, Colombia",1973/10/18 09:18:32.600+00,5.2,mb,convertida,18,Cortical
3.326,-74.12,4875622.43068102,1925600.03402978,157,4.1406,us,"10 km SW of Mesetas, Colombia",1973/12/11 00:41:53.600+00,3.9,mb,convertida,19,Subducción intraplaca
3.103,-76.142,4650847.76520889,1901409.00023565,176,4.5222,us,"15 km ESE of Corinto, Colombia",1974/02/03 20:16:25.500+00,4.3,mb,convertida,20,Subducción intraplaca
3.977,-74.302,4855511.98344987,1997572.57847842,66,5.0946,us,"20 km E of Cabrera, Colombia",1974/02/21 12:43:48.700+00,4.9,mb,convertida,21,Subducción intraplaca
4.752,-76.148,4650867.73176296,2083885.37228544,87,5.2854,us,"4 km NW of Argelia, Colombia",1974/04/29 22:20:52.200+00,5.1,mb,convertida,22,Subducción intraplaca
4.54,-73.986,4890663.25279323,2059740.14017144,71,4.6176,us,"7 km W of Choachí, Colombia",1974/07/07 01:53:01.800+00,4.4,mb,convertida,23,Subducción intraplaca
4.861,-74.144,4873198.65756171,2095241.28738723,33,4.4268,us,"1 km S of Tenjo, Colombia",1974/07/25 18:24:21.200+00,4.2,mb,convertida,24,Cortical
4.28,-76.855,4572072.95942647,2032013.2624796,84,6.1047,us,"47 km SSW of Sipí, Colombia",1974/08/24 02:47:30.100+00,5.9,mb,convertida,25,Subducción intraplaca
4.138,-75.758,4693903.05218978,2015779.7328164,75,4.6176,us,"19 km S of Génova, Colombia",1974/10/19 07:54:53.500+00,4.4,mb,convertida,26,Subducción intraplaca
2.774,-75.283,4746289.21262867,1864784.31641122,86,4.8084,us,"2 km W of Rivera, Colombia",1974/12/08 14:54:34.600+00,4.6,mb,convertida,27,Subducción intraplaca
2.852,-75.367,4736966.52388555,1873428.14511756,83,4.236,us,"8 km ESE of Palermo, Colombia",1975/03/31 01:42:32.300+00,4,mb,convertida,28,Subducción intraplaca
4.813,-75.757,4694294.71007977,2090447.78966009,144,5.3808,us,"6 km W of Pereira, Colombia",1975/04/13 01:53:30.700+00,5.2,mb,convertida,29,Subducción intraplaca
4.616,-75.959,4671784.57327703,2068745.64943305,150,4.8084,us,"4 km NNE of Obando, Colombia",1975/04/21 08:48:53.700+00,4.6,mb,convertida,30,Subducción intraplaca
4.11,-75.511,4721324.96627919,2012591.92495688,52,4.1406,us,"12 km WNW of Playarrica, Colombia",1976/04/27 04:57:49.900+00,3.9,mb,convertida,31,Subducción intraplaca
4.464,-75.783,4691257.73142781,2051852.17825945,157,6.1047,us,"1 km NNE of La Tebaida, Colombia",1976/05/19 04:07:15.800+00,5.9,mb,convertida,32,Subducción intraplaca
3.498,-76.388,4623629.46258408,1945213.28117378,132,4.713,us,"10 km WSW of Palmira, Colombia",1976/07/06 06:48:54.600+00,4.5,mb,convertida,33,Subducción intraplaca
4.935,-75.975,4670160.96314567,2104047.71203581,123,5.0946,us,"2 km SW of Balboa, Colombia",1976/08/03 02:19:22.600+00,4.9,mb,convertida,34,Subducción intraplaca
3.106,-77.005,4554809.15445999,1902065.96382756,181,4.0452,us,"38 km WNW of Suárez, Colombia",1976/08/26 18:26:49.300+00,3.8,mb,convertida,35,Subducción intraplaca
3.254,-76.972,4558546.44893948,1918443.88297987,90,4.9992,us,"36 km S of Buenaventura, Colombia",1976/10/12 23:49:34.800+00,4.8,mb,convertida,36,Subducción intraplaca
4.249,-75.528,4719486.52888616,2027971.1288621,197,4.9992,us,"18 km SSW of Anaime, Colombia",1976/11/25 14:59:35.700+00,4.8,mb,convertida,37,Subducción intraplaca
1.947,-75.863,4681596.76718497,1773436.6936979,47,4.713,us,"8 km ESE of Timaná, Colombia",1977/02/12 11:44:25.400+00,4.5,mb,convertida,38,Cortical
3.62,-74.493,4834243.35877747,1958149.90641018,135,4.5222,us,"36 km SE of Tres Esquinas, Colombia",1977/03/16 16:29:00.700+00,4.3,mb,convertida,39,Subducción intraplaca
2.88,-76.457,4615725.19818383,1876834.38340932,127,4.5222,us,"9 km NNE of Caldono, Colombia",1977/04/09 13:41:13.400+00,4.3,mb,convertida,40,Subducción intraplaca
3.301,-73.441,4951027.73854469,1922778.1132601,44,5.2854,us,"26 km SE of Fuente de Oro, Colombia",1978/01/10 20:08:33.800+00,5.1,mb,convertida,41,Cortical
2.626,-77.347,4516520.43321095,1849028.85508124,111,4.4268,us,"38 km ESE of Timbiquí, Colombia",1978/08/12 08:25:26.600+00,4.2,mb,convertida,42,Subducción intraplaca
2.236,-75.942,4672863.24048999,1805424.98165306,36,5.0946,us,"5 km NE of La Argentina, Colombia",1979/01/06 12:50:51.100+00,4.9,mb,convertida,43,Cortical
3.934,-76.026,4664048.7041083,1993316.65936642,127,4.6176,us,"23 km N of La Cumbre, Colombia",1979/03/27 09:09:16.900+00,4.4,mb,convertida,44,Subducción intraplaca
4.653,-75.828,4686343.57704456,2072779.69008191,164,4.9992,us,"5 km WSW of Alcalá, Colombia",1979/05/16 12:43:03.800+00,4.8,mb,convertida,45,Subducción intraplaca
2.078,-75.459,4726578.72997746,1787852.91621847,36,4.5222,us,"22 km SE of Garzón, Colombia",1979/08/24 17:55:39.600+00,4.3,mb,convertida,46,Cortical
4.27,-76.412,4621305.27662653,2030673.03697511,95,4.9038,us,"12 km WNW of Trujillo, Colombia",1979/09/02 02:00:11.800+00,4.7,mb,convertida,47,Subducción intraplaca
4.509,-75.881,4680396.37707503,2056872.49757036,165,5.19,us,Colombia,1979/09/06 03:57:53.600+00,5,mb,convertida,48,Subducción intraplaca
4.235,-75.559,4716039.3040154,2026434.03389628,38,4.9992,us,"19 km SE of Pijao, Colombia",1979/09/11 14:02:57.800+00,4.8,mb,convertida,49,Subducción interplaca
4.558,-74.743,4806704.77615982,2061888.2382704,33,4.8084,us,"5 km W of Jerusalén, Colombia",1979/11/21 18:49:54.700+00,4.6,mb,convertida,50,Cortical
4.805,-76.217,4643234.76999396,2089785.99121501,108,6.8212,us,"4 km N of El Cairo, Colombia",1979/11/23 23:40:29.800+00,6.4,mb,convertida,51,Subducción intraplaca
3.781,-74.146,4872797.05783966,1975886.38346597,45,4.8084,us,"31 km NNW of Lejanías, Colombia",1980/02/12 08:18:50.100+00,4.6,mb,convertida,52,Cortical
4.269,-73.825,4908484.64247832,2029771.28438088,49,4.6176,us,"6 km N of Guayabetal, Colombia",1980/06/16 12:06:23.700+00,4.4,mb,convertida,53,Cortical
3.626,-73.657,4927065.32468017,1958702.91518229,55,4.5222,us,"9 km SSE of San Martín, Colombia",1980/06/19 23:05:34.900+00,4.3,mb,convertida,54,Subducción intraplaca
3.633,-73.702,4922070.15728445,1959480.15218407,65,4.6176,us,"7 km S of San Martín, Colombia",1980/06/20 01:05:15.800+00,4.4,mb,convertida,55,Subducción intraplaca
4.437,-75.779,4691690.58224038,2048863.70814069,162,5.8578,us,"1 km SSE of La Tebaida, Colombia",1980/06/25 12:04:56.900+00,5.7,mb,convertida,56,Subducción intraplaca
4.274,-76.238,4640640.28274332,2031032.07635092,144,5.0946,us,"9 km SW of Bolívar, Colombia",1980/07/07 16:48:44.500+00,4.9,mb,convertida,57,Subducción intraplaca
3.869,-76.908,4565959.67744856,1986525.65068842,71.6,4.9038,us,"13 km E of Buenaventura, Colombia",1981/05/13 04:38:25.330+00,4.7,mb,convertida,58,Subducción intraplaca
4.877,-76.322,4631616.54714325,2097810.61011202,119.1,4.8084,us,"9 km WSW of San José del Palmar, Colombia",1981/05/20 03:01:47.840+00,4.6,mb,convertida,59,Subducción intraplaca
1.548,-75.893,4678189.51224836,1729301.61349458,42.5,4.4268,us,"14 km N of Belén de los Andaquíes, Colombia",1981/05/22 08:26:14.440+00,4.2,mb,convertida,60,Cortical
2.126,-77.215,4531059.42543024,1793584.22727627,97.7,4.8084,us,"9 km N of Balboa, Colombia",1981/07/23 02:52:16.610+00,4.6,mb,convertida,61,Subducción intraplaca
3.895,-76.409,4621462.60460909,1989164.07416345,58.4,5.19,us,"4 km NW of Yotoco, Colombia",1981/08/05 12:58:27.460+00,5,mb,convertida,62,Subducción intraplaca
4.06,-77.227,4530576.40771176,2007857.15262923,80,4.6176,us,"26 km SE of Santa Genoveva de Docordó, Colombia",1982/01/13 16:36:07.690+00,4.4,mb,convertida,63,Subducción intraplaca
3.905,-76.365,4626358.46353715,1990251.22195687,150.5,4.6176,us,"5 km NNE of Yotoco, Colombia",1982/02/13 01:09:22.160+00,4.4,mb,convertida,64,Subducción intraplaca
3.408,-74.074,4880741.38366659,1934656.10063069,33,4.5222,us,"4 km NW of Mesetas, Colombia",1982/03/08 04:16:32.730+00,4.3,mb,convertida,65,Cortical
2.373,-75.311,4743095.52880193,1820448.48826006,62.7,4.9038,us,"16 km S of Algeciras, Colombia",1982/05/14 01:18:47.960+00,4.7,mb,convertida,66,Subducción intraplaca
4.446,-73.63,4930132.88782459,2049309.13717979,16.1,4.9038,us,"13 km NE of El Calvario, Colombia",1982/07/12 13:35:41.800+00,4.7,mb,convertida,67,Cortical
4.802,-76.338,4629799.43819944,2089518.39213999,113.2,5.19,us,"13 km WNW of El Cairo, Colombia",1982/12/05 03:18:27.340+00,5,mb,convertida,68,Subducción intraplaca
2.461,-76.686,4590096.53413402,1830523.55999833,22.2,5.667,us,"8 km WNW of Popayán, Colombia",1983/03/31 13:12:52.640+00,5.5,mb,convertida,69,Cortical
4.099,-76.778,4580536.18527078,2011928.26002668,72.4,4.8084,us,"37 km NE of Buenaventura, Colombia",1983/04/10 02:01:09.430+00,4.6,mb,convertida,70,Subducción intraplaca
3.417,-76.53,4607801.85563853,1936304.85026795,65.9,5.19,us,"2 km SSW of Cali, Colombia",1984/01/25 18:46:25.440+00,5,mb,convertida,71,Subducción intraplaca
3.788,-76.92,4564583.78278319,1977561.12139231,64,5.2854,us,"16 km SE of Buenaventura, Colombia",1984/07/11 17:22:26.150+00,5.1,mb,convertida,72,Subducción intraplaca
1.17,-75.253,4749384.75257087,1687418.76844102,33,4.5222,us,"31 km ESE of Milán, Colombia",1984/09/17 07:36:34.810+00,4.3,mb,convertida,73,Cortical
4.575,-76.811,4577132.42405783,2064655.92605388,46.3,4.6176,us,"20 km WSW of Sipí, Colombia",1984/10/08 15:33:03.460+00,4.4,mb,convertida,74,Cortical
2.922,-76.304,4632765.36607264,1881432.11115605,162.6,4.713,us,"5 km SW of Toribío, Colombia",1984/10/26 16:12:47.180+00,4.5,mb,convertida,75,Subducción intraplaca
4.26,-76.801,4578065.14180334,2029768.59493545,63.3,4.8084,us,"46 km SSW of Sipí, Colombia",1984/11/08 07:47:01.020+00,4.6,mb,convertida,76,Subducción intraplaca
1.978,-76.011,4665128.5417193,1776895.26714549,16.5,5.2854,us,"3 km ESE of Saladoblanco, Colombia",1984/11/13 14:03:15.850+00,5.1,mb,convertida,77,Cortical
4.207,-76.562,4604603.8973958,2023774.2632846,81.5,4.713,us,"26 km W of Trujillo, Colombia",1985/02/25 02:56:52.550+00,4.5,mb,convertida,78,Subducción intraplaca
1.56,-77.017,4552983.55284201,1730834.96599325,10,5.2,us,"5 km SE of Belén, Colombia",1985/04/10 20:15:36.610+00,5.2,mw,directa,79,Cortical
4.91,-75.876,4681134.50471299,2101233.61120877,135,5.19,us,Colombia,1985/06/03 07:06:18.780+00,5,mb,convertida,80,Subducción intraplaca
4.036,-76.83,4574721.07624794,2004979.25463355,102.3,5.0946,us,"28 km NE of Buenaventura, Colombia",1985/09/18 03:59:09.140+00,4.9,mb,convertida,81,Subducción intraplaca
5.065,-76.165,4649144.31191702,2118531.00790869,107.7,5.0946,us,"19 km WNW of La Celia, Colombia",1985/11/05 22:58:02.980+00,4.9,mb,convertida,82,Subducción intraplaca
3.65,-74.925,4786272.68579985,1961556.86789694,33,4.9038,us,"11 km S of Prado, Colombia",1985/11/20 07:11:57.050+00,4.7,mb,convertida,83,Cortical
5.158,-74.848,4795237.82653479,2128247.75843188,11.1,5.19,us,"6 km SE of San Sebastián de Mariquita, Colombia",1985/12/18 22:36:26.250+00,5,mb,convertida,84,Cortical
3.934,-76.138,4651602.09806109,1993362.6383385,137.8,4.5222,us,"12 km ESE of San Pedro, Colombia",1986/03/27 04:04:55.020+00,4.3,mb,convertida,85,Subducción intraplaca
3.521,-76.454,4616298.17478982,1947785.94601642,145.9,4.8084,us,"7 km SSE of Yumbo, Colombia",1986/03/27 06:05:33.210+00,4.6,mb,convertida,86,Subducción intraplaca
4.547,-76.207,4644214.50361034,2061229.11271544,142.7,5.0946,us,"3 km SSW of Versalles, Colombia",1986/04/09 08:21:44.190+00,4.9,mb,convertida,87,Subducción intraplaca
4.365,-75.919,4676114.3959073,2040957.82588613,169.8,4.9038,us,"10 km WNW of Caicedonia, Colombia",1986/07/22 19:53:52.540+00,4.7,mb,convertida,88,Subducción intraplaca
4.148,-77.144,4539860.61518403,2017557.95638074,112.1,4.4268,us,"27 km ESE of Santa Genoveva de Docordó, Colombia",1986/08/23 05:14:43.240+00,4.2,mb,convertida,89,Subducción intraplaca
4.762,-76.21,4643989.62177517,2085023.70253889,107.3,4.8084,us,"1 km E of El Cairo, Colombia",1987/01/07 17:16:25.390+00,4.6,mb,convertida,90,Subducción intraplaca
3.964,-76.243,4639945.15333958,1996727.30302704,126.2,4.236,us,"3 km SSW of San Pedro, Colombia",1987/03/20 09:15:30.330+00,4,mb,convertida,91,Subducción intraplaca
3.625,-77.443,4506290.95220109,1959778.11749408,53.8,4.9038,us,"49 km W of Buenaventura, Colombia",1987/04/21 21:31:20.830+00,4.7,mb,convertida,92,Subducción intraplaca
3.744,-76.988,4556996.23998892,1972722.30475433,33,4.44133,us,"15 km SSE of Buenaventura, Colombia",1988/01/10 18:30:16.870+00,3.9,md,convertida,93,Cortical
2.747,-75.084,4768409.1814973,1861758.32438262,33,4.28239,us,"19 km E of Rivera, Colombia",1988/01/14 04:48:42.580+00,3.7,md,convertida,94,Cortical
3.741,-76.93,4563447.80914889,1972360.8898542,33,3.3572,us,"19 km SE of Buenaventura, Colombia",1988/01/15 16:41:52.390+00,3.4,ml,convertida,95,Cortical
4.114,-76.623,4597776.4326001,2013509.26991584,33,4.44133,us,"25 km NW of Darien, Colombia",1988/01/17 04:22:48.200+00,3.9,md,convertida,96,Subducción interplaca
2.754,-76.667,4592306.92841862,1862957.32675463,33,3.0698,us,"4 km W of Morales, Colombia",1988/01/20 01:48:14.210+00,3.1,ml,convertida,97,Cortical
2.983,-75.671,4703195.71705011,1887991.92823441,10,4.12345,us,"4 km NNW of Santa María, Colombia",1988/01/23 15:10:47.130+00,3.5,md,convertida,98,Cortical
4.387,-73.708,4921476.05606108,2042797.42104479,26,5.19,us,"3 km N of El Calvario, Colombia",1988/02/20 22:51:12.670+00,5,mb,convertida,99,Cortical
4.412,-73.673,4925360.56095151,2045556.34044757,10,5.375,us,"7 km NNE of El Calvario, Colombia",1988/03/20 04:08:25.830+00,5,ms,convertida,100,Cortical
4.57,-73.903,4899871.99822152,2063043.32219701,33,4.1406,us,"5 km NNE of Choachí, Colombia",1988/03/23 05:31:47.620+00,3.9,mb,convertida,101,Cortical
3.868,-77.145,4539592.25915601,1986540.1102288,71.7,4.9992,us,"12 km W of Buenaventura, Colombia",1988/03/27 09:09:34.690+00,4.8,mb,convertida,102,Subducción intraplaca
2.976,-77.521,4497278.22876599,1887889.65026964,91.1,4.6176,us,"27 km NE of Timbiquí, Colombia",1988/10/30 00:48:49.530+00,4.4,mb,convertida,103,Subducción intraplaca
3.807,-75.375,4736331.402223,1979038.23851727,33,4.4268,us,"15 km NE of Chaparral, Colombia",1988/11/10 15:42:20.520+00,4.2,mb,convertida,104,Cortical
5.074,-75.78,4691863.2314854,2119330.79443629,118.4,4.9992,us,"1 km SE of San José, Colombia",1988/12/31 20:58:31.090+00,4.8,mb,convertida,105,Subducción intraplaca
4.535,-76.066,4659866.65150254,2059833.28910024,129.4,4.9038,us,"3 km WNW of La Victoria, Colombia",1989/06/28 15:16:18.410+00,4.7,mb,convertida,106,Subducción intraplaca
4.295,-76.61,4599314.28630251,2033541.32824657,113.8,4.8084,us,"33 km WNW of Trujillo, Colombia",1989/08/26 02:59:54.080+00,4.6,mb,convertida,107,Subducción intraplaca
3.879,-76.059,4660359.37880989,1987244.38038488,130.7,4.8084,us,"17 km NNW of La Cumbre, Colombia",1989/08/31 16:02:10.250+00,4.6,mb,convertida,108,Subducción intraplaca
2.94,-73.635,4929459.57177789,1882900.74262691,32.9,5.19,us,"24 km SSE of Vistahermosa, Colombia",1989/10/11 14:42:09.370+00,5,mb,convertida,109,Cortical
3.858,-76.298,4633785.97936478,1985020.03001186,164.1,4.8084,us,"4 km S of Guadalajara de Buga, Colombia",1990/04/13 15:25:04.170+00,4.6,mb,convertida,110,Subducción intraplaca
1.91,-75.613,4709414.07014123,1769299.18930479,33,3.9498,us,"20 km SE of Guadalupe, Colombia",1990/07/04 13:21:54.280+00,3.7,mb,convertida,111,Cortical
3.853,-73.945,4895118.49207359,1983815.9443381,31.3,4.6176,us,"13 km WNW of Cubarral, Colombia",1990/09/10 05:25:21.420+00,4.4,mb,convertida,112,Cortical
3.12,-75.282,4746478.78680673,1903043.59462385,33,4.4268,us,"12 km SSW of Aipe, Colombia",1990/10/23 09:13:04.240+00,4.2,mb,convertida,113,Cortical
4.707,-75.574,4714556.66025409,2078644.41972774,144.6,6.1,us,"7 km N of Salento, Colombia",1990/11/23 22:35:34.710+00,6.1,mw,directa,114,Subducción intraplaca
3.272,-77.443,4506108.10383692,1920657.71009545,89.9,4.713,us,"60 km SW of Buenaventura, Colombia",1990/12/29 01:55:13.700+00,4.5,mb,convertida,115,Subducción intraplaca
4.417,-76.416,4620934.3558739,2046946.13279295,97.4,4.12345,us,"22 km WSW of El Dovio, Colombia",1991/01/01 23:19:20.050+00,3.5,md,convertida,116,Subducción intraplaca
2.889,-74.863,4793002.77088572,1877415.43106385,33,4.28239,us,"36 km SE of Baraya, Colombia",1991/01/02 01:42:30.790+00,3.7,md,convertida,117,Cortical
4.233,-75.808,4688387.02806157,2026308.49579597,10,4.67974,us,"10 km SSW of Génova, Colombia",1991/01/02 17:21:07.220+00,4.2,md,convertida,118,Subducción interplaca
4.652,-76.055,4661143.44797981,2072774.08305113,110,4.36186,us,"5 km NNE of Toro, Colombia",1991/01/03 20:12:36.470+00,3.8,md,convertida,119,Subducción intraplaca
3.674,-75.233,4752066.82043091,1964289.71425153,33,4.36186,us,"14 km SSW of Coyaima, Colombia",1991/01/04 22:47:58.740+00,3.8,md,convertida,120,Cortical
2.61,-76.857,4571101.39263266,1847077.65530526,10,4.28239,us,"10 km N of Villa Rica, Colombia",1991/01/05 20:59:32.120+00,3.7,md,convertida,121,Cortical
2.942,-74.803,4799680.97046745,1883263.47976665,33,4.5208,us,"36 km SE of Baraya, Colombia",1991/01/09 11:23:11.640+00,4,md,convertida,122,Cortical
2.469,-75.268,4747895.95301348,1831055.74098379,33,4.28239,us,"8 km SE of Algeciras, Colombia",1991/01/09 16:59:43.440+00,3.7,md,convertida,123,Cortical
3.976,-76.26,4638060.93379038,1998062.76005221,94.6,4.12345,us,"4 km WSW of San Pedro, Colombia",1991/01/09 18:23:06.130+00,3.5,md,convertida,124,Subducción intraplaca
4.575,-76.31,4632789.45293044,2064379.68283892,118,4.36186,us,"11 km NW of El Dovio, Colombia",1991/01/10 02:18:52.860+00,3.8,md,convertida,125,Subducción intraplaca
4.818,-76.131,4652788.33091005,2091180.19267875,110,4.12345,us,"10 km N of Argelia, Colombia",1991/01/11 08:26:47.740+00,3.5,md,convertida,126,Subducción intraplaca
2.342,-75.76,4693139.6155004,1817110.96144477,33,4.12345,us,"9 km N of Agrado, Colombia",1991/01/11 22:36:14.070+00,3.5,md,convertida,127,Cortical
4.346,-75.795,4689876.47084506,2038803.68263236,120,4.91815,us,"3 km ENE of Caicedonia, Colombia",1991/01/13 11:31:15.510+00,4.5,md,convertida,128,Subducción intraplaca
4.946,-76.216,4643420.30478875,2105389.4810587,110,4.12345,us,"5 km NNE of San José del Palmar, Colombia",1991/01/13 20:18:21.380+00,3.5,md,convertida,129,Subducción intraplaca
2.551,-74.246,4861532.36096177,1839967.73940801,33,4.28239,us,Colombia,1991/01/18 08:47:33.380+00,3.7,md,convertida,130,Cortical
2.891,-74.797,4800338.80923751,1877624.70422104,33,4.28239,us,"40 km SE of Baraya, Colombia",1991/01/21 14:56:14.640+00,3.7,md,convertida,131,Cortical
4.712,-76.23,4641743.37180388,2079500.6752788,117.3,5.0946,us,"5 km S of El Cairo, Colombia",1991/01/23 01:05:06.730+00,4.9,mb,convertida,132,Subducción intraplaca
4.785,-76.19,4646221.84515306,2087558.66252153,110,4.28239,us,"4 km NE of El Cairo, Colombia",1991/01/23 16:35:34.850+00,3.7,md,convertida,133,Subducción intraplaca
3.077,-75.365,4737242.04644053,1898308.88649626,33,4.20292,us,"18 km NNW of Neiva, Colombia",1991/01/27 14:25:11.180+00,3.6,md,convertida,134,Cortical
5.015,-76.266,4637908.38302498,2113052.97309346,103.8,4.9992,us,"13 km NNW of San José del Palmar, Colombia",1991/02/14 07:34:59.990+00,4.8,mb,convertida,135,Subducción intraplaca
4.613,-76.685,4591154.5703239,2068790.14516195,90,5.19,us,"6 km SW of Sipí, Colombia",1991/03/10 12:28:27.040+00,5,mb,convertida,136,Subducción intraplaca
4.643,-75.759,4693998.07359193,2071643.16910164,151.6,4.9992,us,"2 km N of Quimbaya, Colombia",1991/03/19 10:56:17.180+00,4.8,mb,convertida,137,Subducción intraplaca
3.898,-76.261,4637916.01987142,1989430.95834039,98.7,4.44133,us,"4 km E of Guadalajara de Buga, Colombia",1991/08/31 05:12:47.240+00,3.9,md,convertida,138,Subducción intraplaca
4.16,-77.105,4544205.41763898,2018864.62605991,33,4.28239,us,"30 km ESE of Santa Genoveva de Docordó, Colombia",1991/08/31 07:22:27.590+00,3.7,md,convertida,139,Cortical
3.874,-76.219,4642574.28258482,1986757.03061029,114.4,4.36186,us,"9 km ESE of Guadalajara de Buga, Colombia",1991/08/31 07:59:47.670+00,3.8,md,convertida,140,Subducción intraplaca
4.354,-76.302,4633568.10011195,2039916.35246862,10,4.99762,us,"13 km W of Bolívar, Colombia",1991/09/04 04:32:29.860+00,4.6,md,convertida,141,Subducción interplaca
2.265,-76.506,4610084.45117533,1808773.14160185,10,4.67974,us,"11 km E of Paispamba, Colombia",1991/09/06 08:11:38.180+00,4.2,md,convertida,142,Cortical
2.309,-76.175,4646946.82344644,1813557.08296351,10,4.20292,us,"24 km WNW of La Argentina, Colombia",1991/09/16 00:52:36.730+00,3.6,md,convertida,143,Cortical
4.308,-76.928,4563972.94513596,2035155.49432251,33,4.12345,us,"48 km NNE of Buenaventura, Colombia",1991/09/19 10:50:37.170+00,3.5,md,convertida,144,Cortical
4.372,-76.161,4649239.78822913,2041841.0880735,33,4.20292,us,"4 km NE of Bolívar, Colombia",1991/09/20 10:59:45.700+00,3.6,md,convertida,145,Subducción interplaca
3.79,-77.023,4553125.47649802,1977835.20956462,31.6,4.60027,us,"10 km S of Buenaventura, Colombia",1991/09/20 22:34:03.850+00,4.1,md,convertida,146,Cortical
4.504,-76.827,4575312.81798676,2056802.97763034,87.9,4.12345,us,"26 km SW of Sipí, Colombia",1991/09/23 06:54:26.940+00,3.5,md,convertida,147,Subducción intraplaca
3.43,-74.123,4875302.50896299,1937093.54499841,33,4.5208,us,"10 km WNW of Mesetas, Colombia",1991/09/23 08:28:21.360+00,4,md,convertida,148,Cortical
3.419,-73.824,4908505.01369084,1935844.27555469,33,4.5208,us,"7 km NE of San Juan de Arama, Colombia",1991/09/23 15:40:49.830+00,4,md,convertida,149,Cortical
4.557,-76.724,4586789.28258613,2062612.09367397,33,4.28239,us,"13 km SW of Sipí, Colombia",1991/09/30 05:09:47.190+00,3.7,md,convertida,150,Cortical
4.66,-76.33,4630612.24713406,2073797.65092321,110,4.36186,us,"16 km SW of El Cairo, Colombia",1991/10/02 09:02:37.560+00,3.8,md,convertida,151,Subducción intraplaca
3.685,-74.847,4794943.8465727,1965407.87682591,10,4.12345,us,"11 km SE of Prado, Colombia",1991/10/04 04:02:45.730+00,3.5,md,convertida,152,Cortical
3.055,-76.456,4615897.05530271,1896204.85936341,151.5,4.9038,us,"5 km WNW of Caloto, Colombia",1991/10/04 20:45:50.090+00,4.7,mb,convertida,153,Subducción intraplaca
3.989,-77.288,4523748.19999179,2000026.0939193,33,4.44133,us,"30 km WNW of Buenaventura, Colombia",1991/10/07 08:30:14.210+00,3.9,md,convertida,154,Cortical
2.907,-74.785,4801675.32736485,1879391.27888385,33,4.60027,us,"40 km SE of Baraya, Colombia",1991/10/09 17:19:15.870+00,4.1,md,convertida,155,Cortical
2.73,-75.031,4774298.28817099,1859868.69399897,10,4.44133,us,"25 km ESE of Rivera, Colombia",1991/10/10 08:29:08.250+00,3.9,md,convertida,156,Cortical
2.48,-76.991,4556132.18356292,1832725.82145735,90,4.60027,us,"16 km WSW of Villa Rica, Colombia",1991/10/13 11:39:02.080+00,4.1,md,convertida,157,Subducción intraplaca
2.608,-75.757,4693534.60715794,1846534.24151625,33,4.12345,us,"9 km NE of Nátaga, Colombia",1991/10/14 00:37:14.790+00,3.5,md,convertida,158,Cortical
4.199,-76.225,4642050.02084928,2022726.01996543,110,4.20292,us,"7 km WNW of Andalucía, Colombia",1991/10/14 15:07:18.770+00,3.6,md,convertida,159,Subducción intraplaca
2.442,-77.273,4524698.93055741,1828613.76522008,90,4.5208,us,"20 km N of Argelia, Colombia",1991/10/15 04:03:55.770+00,4,md,convertida,160,Subducción intraplaca
3.84,-77.006,4555042.72327919,1983364.47277857,33,4.12345,us,"5 km SSE of Buenaventura, Colombia",1991/10/16 17:18:57.250+00,3.5,md,convertida,161,Cortical
2.114,-76.086,4656808.2946504,1791958.79148593,33,4.91815,us,"14 km NW of Oporapa, Colombia",1991/10/17 05:42:48.970+00,4.5,md,convertida,162,Cortical
5.035,-76.096,4656784.96037109,2115174.40314776,90,4.44133,us,"10 km WNW of La Celia, Colombia",1991/10/18 14:55:39.030+00,3.9,md,convertida,163,Subducción intraplaca
1.901,-77.156,4537571.50408069,1768640.93535159,110,4.28239,us,"11 km N of Mercaderes, Colombia",1991/10/19 23:38:15.790+00,3.7,md,convertida,164,Subducción intraplaca
2.494,-75.425,4730439.25594026,1833851.24628224,33,4.36186,us,"10 km SSE of Hobo, Colombia",1991/10/21 16:48:22.910+00,3.8,md,convertida,165,Cortical
4.23,-76.781,4580272.23814273,2026435.69463501,75,4.44133,us,"46 km NW of Darien, Colombia",1991/10/25 18:40:31.670+00,3.9,md,convertida,166,Subducción intraplaca
2.814,-75.255,4749410.97540716,1869201.31632811,60,4.28239,us,"4 km N of Rivera, Colombia",1991/10/27 13:55:12.960+00,3.7,md,convertida,167,Subducción intraplaca
4.664,-76.259,4638498.67011504,2074203.46184229,120,4.5208,us,"11 km SSW of El Cairo, Colombia",1991/10/31 14:47:27.370+00,4,md,convertida,168,Subducción intraplaca
2.914,-76.434,4618296.33687927,1880590.02199882,148.9,5.19,us,"11 km SSE of Santander de Quilichao, Colombia",1991/11/13 13:21:47.590+00,5,mb,convertida,169,Subducción intraplaca
3.225,-76.419,4620075.76616559,1915008.34878982,59.7,4.3314,us,"0 km SSW of Puerto Tejada, Colombia",1992/04/08 05:30:03.920+00,4.1,mb,convertida,170,Subducción intraplaca
4.603,-75.634,4707855.41520853,2067165.91014806,152.8,4.9038,us,"1 km S of Circasia, Colombia",1992/07/18 01:40:56.650+00,4.7,mb,convertida,171,Subducción intraplaca
5.111,-75.607,4711068.74803452,2123343.44772441,119,5.9,us,"10 km NNE of Palestina, Colombia",1992/08/15 19:02:09.140+00,5.9,mwb,directa,172,Subducción intraplaca
1.808,-75.39,4734213.26464404,1757983.52744116,18.1,5.0946,us,"18 km NW of El Doncello, Colombia",1992/12/06 00:40:34.480+00,4.9,mb,convertida,173,Cortical
3.707,-76.951,4561094.50788207,1968605.7801778,56.8,4.236,us,"14 km NNE of Buenaventura, Colombia",1993/01/11 14:01:52.880+00,4,mb,convertida,174,Subducción intraplaca
4.502,-74.996,4778619.96740884,2055769.71559824,85.9,4.1406,us,"8 km NNW of Doima, Colombia",1993/01/25 12:58:51.520+00,3.9,mb,convertida,175,Subducción intraplaca
4.452,-76.429,4619508.01261864,2050826.92006447,126.1,4.713,us,"22 km WSW of El Dovio, Colombia",1993/04/22 06:21:07.640+00,4.5,mb,convertida,176,Subducción intraplaca
4.767,-74.487,4835150.29382423,2084925.40920515,61.4,4.236,us,"5 km ENE of Quipile, Colombia",1993/06/07 10:47:53.280+00,4,mb,convertida,177,Subducción intraplaca
4.196,-76.638,4596150.73565976,2022595.39942424,102.6,5.2,us,"33 km NNW of Darien, Colombia",1993/10/12 19:51:25.360+00,5.2,mw,directa,178,Subducción intraplaca
4.967,-75.556,4716662.3334926,2107393.83350295,155.2,4.8084,us,"5 km ESE of Chinchiná, Colombia",1993/12/03 13:16:15.640+00,4.6,mb,convertida,179,Subducción intraplaca
2.831,-73.994,4889565.43131515,1870884.74897465,103.1,4.1406,us,"42 km SW of Vistahermosa, Colombia",1994/01/06 21:19:03.600+00,3.9,mb,convertida,180,Subducción intraplaca
5.095,-75.986,4669021.02091957,2121756.09423991,112.1,4.4268,us,"3 km NW of Santuario, Colombia",1994/02/28 13:40:08.330+00,4.2,mb,convertida,181,Subducción intraplaca
3.93,-74.357,4849398.81997357,1992387.87086113,33,4.8084,us,"15 km ESE of Cabrera, Colombia",1994/04/23 21:32:51.280+00,4.6,mb,convertida,182,Cortical
2.917,-76.057,4660244.71122854,1880801.03452961,12.1,6.8,us,"23 km E of Toribío, Colombia",1994/06/06 20:47:40.530+00,6.8,mw,directa,183,Cortical
2.627,-75.939,4673291.34231626,1848682.12363069,33,4.1406,us,"4 km ESE of Belalcázar, Colombia",1994/06/08 06:41:24.430+00,3.9,mb,convertida,184,Cortical
2.717,-75.921,4675317.70977559,1858634.33309712,42.9,4.6176,us,"9 km NE of Belalcázar, Colombia",1994/06/08 08:55:00.700+00,4.4,mb,convertida,185,Cortical
2.762,-76.048,4661200.680054,1863648.28868225,55.3,4.0452,us,"15 km NNW of Belalcázar, Colombia",1994/06/10 05:47:10.440+00,3.8,mb,convertida,186,Subducción intraplaca
2.835,-76.168,4647870.57750499,1871761.25106363,10,4.6176,us,"17 km SE of Toribío, Colombia",1994/08/04 02:50:49.090+00,4.4,mb,convertida,187,Cortical
2.825,-75.954,4671676.17814606,1870591.92109081,41.9,4.6176,us,"19 km N of Belalcázar, Colombia",1994/08/29 07:43:57.740+00,4.4,mb,convertida,188,Cortical
4.842,-76.416,4621161.00271853,2093988.72843348,117.8,4.1406,us,"21 km WSW of San José del Palmar, Colombia",1994/10/29 23:05:45.980+00,3.9,mb,convertida,189,Subducción intraplaca
5.008,-75.421,4731653.10166785,2111871.76280771,131.2,4.4268,us,"11 km ESE of Villamaría, Colombia",1995/01/02 22:33:24.500+00,4.2,mb,convertida,190,Subducción intraplaca
4.104,-76.622,4597882.57793157,2012401.64641489,73.5,6.4,us,"24 km NW of Darien, Colombia",1995/02/08 18:40:25.380+00,6.4,mwb,directa,191,Subducción intraplaca
4.289,-76.819,4576080.06374284,2032989.8609081,61.1,4.0452,us,"44 km SSW of Sipí, Colombia",1995/02/10 19:03:49.630+00,3.8,mb,convertida,192,Subducción intraplaca
4.034,-76.587,4601738.92472074,2004634.5768515,121.2,4.3314,us,"16 km NW of Darien, Colombia",1995/03/01 23:47:24.330+00,4.1,mb,convertida,193,Subducción intraplaca
3.845,-76.817,4576069.74113888,1983821.87558604,100,3.9498,us,"24 km E of Buenaventura, Colombia",1995/05/04 06:18:36.380+00,3.7,mb,convertida,194,Subducción intraplaca
4.905,-74.493,4834518.49673644,2100180.11734672,61.3,5.0946,us,"4 km NW of Guayabal de Síquima, Colombia",1995/06/04 17:39:35.060+00,4.9,mb,convertida,195,Subducción intraplaca
3.466,-77.384,4512776.42168718,1942126.63782414,33,4.6176,us,"44 km WSW of Buenaventura, Colombia",1995/07/17 14:09:55.980+00,4.4,mb,convertida,196,Cortical
5.139,-75.577,4714408.30567806,2126426.98318683,119.6,6.6,us,"7 km WSW of Neira, Colombia",1995/08/19 21:43:31.920+00,6.6,mw,directa,197,Subducción intraplaca
4.069,-75.576,4714091.82143528,2008080.19140918,191.3,4.1406,us,"7 km NNE of Roncesvalles, Colombia",1995/10/02 00:10:14.020+00,3.9,mb,convertida,198,Subducción intraplaca
4.109,-73.374,4958505.74213622,2012053.26265374,33,3.9498,us,"22 km SE of Cumaral, Colombia",1996/02/08 08:39:14.460+00,3.7,mb,convertida,199,Cortical
2.181,-74.595,4822692.1256283,1799114.20523265,61.5,4.1406,us,"69 km ENE of Puerto Rico, Colombia",1996/03/26 05:54:49.970+00,3.9,mb,convertida,200,Subducción intraplaca
4.686,-76.126,4653277.26526701,2076570.93135312,100,4.0452,us,"4 km S of Argelia, Colombia",1996/07/12 15:43:44.650+00,3.8,mb,convertida,201,Subducción intraplaca
4.481,-76.576,4603191.42422137,2054115.01835671,110.5,4.6176,us,"20 km SSE of Sipí, Colombia",1996/09/10 02:26:50.370+00,4.4,mb,convertida,202,Subducción intraplaca
4.255,-76.577,4602961.19367968,2029095.8106339,109.4,5.3,us,"28 km W of Trujillo, Colombia",1996/09/11 06:28:45.640+00,5.3,mwc,directa,203,Subducción intraplaca
4.438,-76.201,4644827.99319176,2049163.74543959,112.6,4.9038,us,"5 km WNW of Roldanillo, Colombia",1996/11/17 18:44:14.170+00,4.7,mb,convertida,204,Subducción intraplaca
4.252,-76.656,4594179.06352956,2028804.83883401,111,4.713,us,"37 km W of Trujillo, Colombia",1996/12/04 16:02:51.610+00,4.5,mb,convertida,205,Subducción intraplaca
4.543,-76.497,4612001.56503591,2060935.88935323,117.6,4.0452,us,"20 km SE of Sipí, Colombia",1997/02/18 00:54:40.240+00,3.8,mb,convertida,206,Subducción intraplaca
4.564,-76.494,4612346.09992985,2063258.92121676,100.7,5.8,us,"19 km ESE of Sipí, Colombia",1997/02/19 18:25:12.570+00,5.8,mwc,directa,207,Subducción intraplaca
4.511,-76.114,4654525.09651657,2057200.3165787,33,4.236,us,"2 km SSW of La Unión, Colombia",1997/06/18 22:35:14.900+00,4,mb,convertida,208,Subducción interplaca
3.774,-74.027,4886006.320425,1975096.3039649,42.4,5.0946,us,Colombia,1997/07/17 12:45:36.380+00,4.9,mb,convertida,209,Cortical
3.591,-76.791,4578840.76687251,1955682.96159237,104.5,4.3314,us,"13 km WSW of Dagua, Colombia",1997/08/07 13:12:38.720+00,4.1,mb,convertida,210,Subducción intraplaca
3.849,-75.749,4694795.77933472,1983807.62959107,198.7,6.8,us,"24 km SW of Roncesvalles, Colombia",1997/09/02 12:13:22.920+00,6.8,mwb,directa,211,Subducción intraplaca
4.861,-76.284,4635826.43132293,2096019.12523844,117.9,5.15656,us,"6 km SW of San José del Palmar, Colombia",1997/10/20 10:55:19.430+00,4.8,md,convertida,212,Subducción intraplaca
3.23,-76.467,4614737.34933725,1915579.88433262,85.5,4.713,us,"5 km W of Puerto Tejada, Colombia",1997/11/19 10:34:17.010+00,4.5,mb,convertida,213,Subducción intraplaca
4.676,-76.07,4659489.66979475,2075436.93127604,102.5,4.713,us,"7 km N of Toro, Colombia",1997/12/10 20:12:13.980+00,4.5,mb,convertida,214,Subducción intraplaca
3.929,-75.787,4690602.79783372,1992671.04759645,177.5,6.4,us,"22 km WSW of Roncesvalles, Colombia",1997/12/11 07:56:28.850+00,6.4,mwb,directa,215,Subducción intraplaca
4.961,-74.569,4826107.33099899,2106389.33974766,45.4,4.4268,us,"3 km ENE of Chaguaní, Colombia",1998/02/02 14:21:27.790+00,4.2,mb,convertida,216,Cortical
5.169,-75.933,4674938.38943555,2129916.32954871,33.2,4.60027,us,"6 km N of Apía, Colombia",1998/02/22 00:52:30.100+00,4.1,md,convertida,217,Subducción interplaca
3.256,-74.369,4847955.2336422,1917898.42002091,68.9,4.236,us,"38 km WSW of Mesetas, Colombia",1998/04/22 00:57:33.090+00,4,mb,convertida,218,Subducción intraplaca
3.72,-77.229,4530164.92482325,1970189.09996556,33,3.2614,us,"28 km SW of Buenaventura, Colombia",1998/06/12 17:09:16.200+00,3.3,ml,convertida,219,Cortical
2.722,-76.81,4576373.99556126,1859463.83946442,142.4,4.713,us,"20 km W of Morales, Colombia",1998/06/22 07:03:13.270+00,4.5,mb,convertida,220,Subducción intraplaca
4.333,-75.94,4673768.46576355,2037426.52178565,167.9,3.9498,us,"7 km N of Sevilla, Colombia",1998/07/18 10:53:03.660+00,3.7,mb,convertida,221,Subducción intraplaca
4.461,-75.724,4697806.8448629,2051495.80720344,17,6.1,us,"Near Armenia, Colombia",1999/01/25 18:19:16.870+00,6.1,mwc,directa,222,Subducción interplaca
4.37,-75.682,4702433.32195905,2041412.90842718,10,5.5,us,"2 km SSE of Córdoba, Colombia",1999/01/25 22:40:16.460+00,5.5,mwc,directa,223,Subducción interplaca
4.503,-75.741,4695936.86585721,2056148.78839613,10,3.8362,us,"7 km S of Montenegro, Colombia",1999/01/29 06:06:56.650+00,3.9,ml,convertida,224,Subducción interplaca
4.511,-75.89,4679397.99949627,2057097.72239859,10,4.236,us,"11 km SE of Obando, Colombia",1999/01/30 12:24:25.050+00,4,mb,convertida,225,Subducción interplaca
4.49,-75.693,4701260.20968361,2054690.95099506,3,3.3572,us,"5 km SSW of Armenia, Colombia",1999/02/05 23:45:16.760+00,3.4,ml,convertida,226,Subducción interplaca
4.477,-75.692,4701365.93743201,2053252.56047303,10,3.3572,us,"6 km S of Armenia, Colombia",1999/02/07 08:23:49.900+00,3.4,ml,convertida,227,Subducción interplaca
4.515,-75.706,4699827.29027809,2057461.66049867,2,3.1656,us,Colombia,1999/02/11 10:10:10.050+00,3.2,ml,convertida,228,Subducción interplaca
4.155,-73.837,4907139.89910653,2017175.31769962,10,3.6446,us,"6 km SSW of Guayabetal, Colombia",1999/02/12 01:20:59.440+00,3.7,ml,convertida,229,Cortical
4.471,-75.744,4695590.54544951,2052610.2414981,3,3.5488,us,"5 km ENE of La Tebaida, Colombia",1999/02/21 05:32:09.910+00,3.6,ml,convertida,230,Subducción interplaca
4.442,-75.666,4704238.2836465,2049370.61212904,8,4.3152,us,"6 km NNE of Córdoba, Colombia",1999/02/25 15:38:39.930+00,4.4,ml,convertida,231,Subducción interplaca
4.399,-75.701,4700335.30059689,2044628.2876723,4,3.2614,us,"1 km WNW of Córdoba, Colombia",1999/03/02 07:42:13.830+00,3.3,ml,convertida,232,Subducción interplaca
4.503,-75.68,4702708.65144589,2056123.61783756,4,3.2614,us,Colombia,1999/03/06 03:24:32.380+00,3.3,ml,convertida,233,Subducción interplaca
5.137,-74.949,4784035.56566997,2125959.40040155,33,3.3572,us,"1 km NNE of Falan, Colombia",1999/03/08 15:18:47.080+00,3.4,ml,convertida,234,Cortical
4.502,-75.664,4704484.39760958,2056006.49832964,3,3.453,us,"3 km SW of Calarcá, Colombia",1999/03/11 13:07:23.760+00,3.5,ml,convertida,235,Subducción interplaca
4.475,-75.779,4691706.43565726,2053067.34045765,10,3.3572,us,"2 km NNE of La Tebaida, Colombia",1999/03/17 01:04:37.050+00,3.4,ml,convertida,236,Subducción interplaca
4.486,-75.64,4707142.18958441,2054227.06201162,9,3.3572,us,"4 km S of Calarcá, Colombia",1999/03/23 03:56:58.810+00,3.4,ml,convertida,237,Subducción interplaca
4.482,-75.749,4695040.00053488,2053829.12829215,10,3.3572,us,"5 km NE of La Tebaida, Colombia",1999/03/30 18:43:10.800+00,3.4,ml,convertida,238,Subducción interplaca
4.775,-76.415,4621234.93675351,2086572.02558847,123.2,4.3314,us,"21 km W of El Cairo, Colombia",1999/05/02 17:48:14.240+00,4.1,mb,convertida,239,Subducción intraplaca
3.384,-76.606,4599333.23155405,1932682.88217514,10,3.1656,us,"10 km WSW of Cali, Colombia",1999/05/15 02:01:55.380+00,3.2,ml,convertida,240,Cortical
4.668,-74.755,4805403.55268617,2074051.3658775,18,4.3314,us,"4 km WSW of Pulí, Colombia",1999/05/15 10:20:37.840+00,4.1,mb,convertida,241,Cortical
4.343,-73.616,4931676.17422054,2037926.46388969,33,4.9038,us,"10 km E of El Calvario, Colombia",1999/06/01 21:42:14.040+00,4.7,mb,convertida,242,Cortical
4.471,-73.697,4922704.84138809,2052078.32428182,33,4.4268,us,"13 km N of El Calvario, Colombia",1999/06/10 03:21:58.360+00,4.2,mb,convertida,243,Cortical
4.826,-74.618,4820639.28103429,2091479.83004986,13,3.3572,us,"8 km SW of Vianí, Colombia",1999/07/05 10:39:34.040+00,3.4,ml,convertida,244,Cortical
4.697,-74.697,4811844.31420629,2077241.28967114,1,3.6446,us,"2 km NE of Pulí, Colombia",1999/07/16 00:15:25.740+00,3.7,ml,convertida,245,Cortical
4.197,-76.385,4624270.18956665,2022579.82789125,139.5,4.713,us,"7 km WSW of Trujillo, Colombia",1999/07/19 16:13:16.090+00,4.5,mb,convertida,246,Subducción intraplaca
3.827,-75.732,4696676.84217825,1981368.00333533,65.4,4.5222,us,"24 km SW of Roncesvalles, Colombia",1999/07/22 19:59:52.070+00,4.3,mb,convertida,247,Subducción intraplaca
2.036,-75.794,4689293.36139213,1783268.91280345,12,4.2194,us,"3 km SSW of Altamira, Colombia",1999/07/28 20:05:04.120+00,4.3,ml,convertida,248,Cortical
4.473,-76.43,4619407.75805487,2053151.92134568,104.3,4.3314,us,"21 km W of El Dovio, Colombia",1999/09/26 21:15:23.300+00,4.1,mb,convertida,249,Subducción intraplaca
3.56,-75.805,4688472.33379012,1951857.90957246,200,4.4268,us,"18 km W of Rioblanco, Colombia",1999/10/29 14:05:48.060+00,4.2,mb,convertida,250,Subducción intraplaca
4.348,-75.728,4697317.02147622,2038997.72241617,10,3.6446,us,"1 km SE of Buenavista, Colombia",1999/11/09 15:31:21.860+00,3.7,ml,convertida,251,Subducción interplaca
4.694,-74.663,4815614.35479535,2076900.61465557,10,3.8362,us,"5 km ENE of Pulí, Colombia",1999/12/03 07:28:03.680+00,3.9,ml,convertida,252,Cortical
3.405,-77.486,4501385.7532229,1935419.32300348,76,4.0452,us,"57 km WSW of Buenaventura, Colombia",1999/12/30 09:30:05.060+00,3.8,mb,convertida,253,Subducción intraplaca
3.292,-74.417,4842628.77854255,1921884.62108649,33,3.453,us,"42 km WSW of Mesetas, Colombia",2000/01/20 07:56:52.970+00,3.5,ml,convertida,254,Cortical
3.882,-74.819,4798099.12901669,1987179.09013717,33,3.0698,us,"12 km W of Tres Esquinas, Colombia",2000/01/24 18:20:48.580+00,3.1,ml,convertida,255,Cortical
2.082,-76.519,4608589.60157887,1788519.11432626,62,4.713,us,Colombia,2000/02/02 23:40:20.020+00,4.5,mb,convertida,256,Subducción intraplaca
4.587,-76.208,4644123.20377679,2065656.21497955,140.8,4.0452,us,"1 km NW of Versalles, Colombia",2000/03/11 01:07:11.800+00,3.8,mb,convertida,257,Subducción intraplaca
3.615,-75.885,4679599.19341347,1957970.0116785,184.9,5.0946,us,"19 km SE of La Cumbre, Colombia",2000/04/03 09:52:45.440+00,4.9,mb,convertida,258,Subducción intraplaca
2.611,-76.072,4658488.38599336,1846947.37591593,10,3.8362,us,"6 km N of Inzá, Colombia",2000/08/27 14:23:16.700+00,3.9,ml,convertida,259,Cortical
4.589,-74.873,4792292.04260744,2065351.5141432,10,4.2194,us,"5 km N of Piedras, Colombia",2000/08/28 16:48:17.350+00,4.3,ml,convertida,260,Cortical
4.867,-74.641,4818099.93640828,2096018.02148664,10,3.5488,us,"8 km W of Vianí, Colombia",2000/09/07 12:34:58.140+00,3.6,ml,convertida,261,Cortical
3.579,-74.403,4844230.4778629,1953602.50104721,33,4.0278,us,"42 km W of Lejanías, Colombia",2000/11/02 19:35:00.320+00,4.1,ml,convertida,262,Cortical
3.989,-75.013,4776586.11833482,1999057.70045715,10,4.3152,us,"6 km N of Saldaña, Colombia",2000/11/19 13:30:50.290+00,4.4,ml,convertida,263,Cortical
3.726,-76.009,4665857.0012296,1970296.08976601,193.7,4.6176,us,"1 km ENE of La Cumbre, Colombia",2000/12/04 02:11:24.390+00,4.4,mb,convertida,264,Subducción intraplaca
5.221,-75.583,4713779.86090957,2135499.37315101,128.7,3.9498,us,"8 km SSW of Filadelfia, Colombia",2000/12/18 20:03:25.300+00,3.7,mb,convertida,265,Subducción intraplaca
4.368,-76.505,4611020.67044437,2041567.96626998,33,3.2614,us,"26 km NW of Trujillo, Colombia",2000/12/29 14:58:26.750+00,3.3,ml,convertida,266,Subducción interplaca
3.456,-74.953,4783117.40735412,1940116.04940355,33,4.411,us,"12 km NNE of Santa Isabel, Colombia",2000/12/31 02:10:43.270+00,4.5,ml,convertida,267,Cortical
3.956,-76.061,4660168.23568972,1995765.11432709,161.5,4.5222,us,"19 km ESE of San Pedro, Colombia",2001/01/31 17:14:58.570+00,4.3,mb,convertida,268,Subducción intraplaca
3.754,-76.556,4605054.43640646,1973622.45476082,108.5,4.1406,us,"8 km SSW of Restrepo, Colombia",2001/04/15 15:22:46.620+00,3.9,mb,convertida,269,Subducción intraplaca
3.971,-76.451,4616828.09907238,1997595.61704419,68.1,4.713,us,"5 km NE of Darien, Colombia",2001/04/21 23:28:45.260+00,4.5,mb,convertida,270,Subducción intraplaca
3.873,-75.968,4670469.9392498,1986544.53058871,178.6,5.9,us,"17 km NNE of La Cumbre, Colombia",2001/09/22 03:23:38.220+00,5.9,mwc,directa,271,Subducción intraplaca
4.427,-75.592,4712447.57026378,2047682.32153484,172.8,4.236,us,"11 km ENE of Córdoba, Colombia",2002/04/06 22:03:38.710+00,4,mb,convertida,272,Subducción intraplaca
4.57,-74.181,4869042.49425112,2063088.00034519,33,4.236,us,"4 km ESE of Soacha, Colombia",2002/07/24 19:38:06.790+00,4,mb,convertida,273,Cortical
3.957,-75.549,4717051.91917494,1995683.4302256,104,4.3314,us,"8 km SE of Roncesvalles, Colombia",2002/09/28 17:40:16.770+00,4.1,mb,convertida,274,Subducción intraplaca
3.288,-74.476,4836074.19706223,1921452.02013722,63.7,5.1,us,"37 km ESE of Colombia, Colombia",2002/11/23 23:56:43.020+00,5.1,mwc,directa,275,Subducción intraplaca
4.894,-76.309,4633069.00389044,2099685.00996896,104.7,4.5222,us,"8 km W of San José del Palmar, Colombia",2003/01/14 05:52:11.670+00,4.3,mb,convertida,276,Subducción intraplaca
3.642,-74.369,4848016.56832749,1960559.66709068,33,4.713,us,"40 km SSE of Cabrera, Colombia",2003/01/22 15:55:33.930+00,4.5,mb,convertida,277,Cortical
4.666,-75.724,4697892.68895335,2074172.30879187,33,4.3314,us,"4 km SSE of Ulloa, Colombia",2003/03/30 01:47:20.880+00,4.1,mb,convertida,278,Subducción interplaca
4.091,-76.604,4599877.11153455,2010953.3783001,67.2,4.713,us,"22 km NW of Darien, Colombia",2003/07/14 00:59:57.290+00,4.5,mb,convertida,279,Subducción intraplaca
2.855,-75.011,4776545.41602505,1873684.54120045,60.2,4.6176,us,"27 km SSE of Tello, Colombia",2003/08/12 05:37:06.630+00,4.4,mb,convertida,280,Subducción intraplaca
4.79,-76.284,4635788.50189814,2088161.26803211,124.1,4.9038,us,"7 km WNW of El Cairo, Colombia",2003/10/30 13:09:05.350+00,4.7,mb,convertida,281,Subducción intraplaca
4.489,-76.552,4605862.27660977,2054987.67481357,99.3,4.713,us,"20 km SSE of Sipí, Colombia",2003/11/02 16:04:07.090+00,4.5,mb,convertida,282,Subducción intraplaca
4.14,-76.113,4654467.74979074,2016146.96817553,154.5,4.9038,us,"6 km ESE of Andalucía, Colombia",2004/01/15 00:25:05.010+00,4.7,mb,convertida,283,Subducción intraplaca
4.446,-76.244,4640055.70414136,2050069.90518433,142.5,4.713,us,"6 km S of El Dovio, Colombia",2004/02/12 15:23:06.650+00,4.5,mb,convertida,284,Subducción intraplaca
3.935,-75.7,4700270.44916578,1993302.99163242,67.5,4.8084,us,"13 km SW of Roncesvalles, Colombia",2004/03/29 06:27:21.670+00,4.6,mb,convertida,285,Subducción intraplaca
2.265,-76.595,4600173.53254058,1808797.44578937,26.5,5.1,us,"2 km ENE of Paispamba, Colombia",2004/08/18 07:06:52.430+00,5.1,mwc,directa,286,Cortical
4.501,-76.019,4665069.90807063,2056049.41294406,113.2,4.5222,us,"3 km SE of La Victoria, Colombia",2004/08/22 23:35:52.750+00,4.3,mb,convertida,287,Subducción intraplaca
3.944,-76.894,4567555.49646303,1994824.43258902,103.3,4.4268,us,"16 km ENE of Buenaventura, Colombia",2004/09/16 06:53:19.540+00,4.2,mb,convertida,288,Subducción intraplaca
5.007,-76.298,4634352.31276792,2112185.36921257,113.8,4.713,us,"14 km NNW of San José del Palmar, Colombia",2005/02/18 12:56:05.680+00,4.5,mb,convertida,289,Subducción intraplaca
4.42,-75.946,4673139.90445269,2047054.59567463,65.9,5,us,"14 km ENE of Zarzal, Colombia",2005/03/08 15:59:43.870+00,5,mwc,directa,290,Subducción intraplaca
5.014,-76.269,4637574.87149231,2112943.96199337,102.6,5.2,us,"13 km NNW of San José del Palmar, Colombia",2005/04/21 03:39:24.120+00,5.2,mwc,directa,291,Subducción intraplaca
1.67,-76.221,4641688.1921631,1742855.12100013,23.3,4.8084,us,"11 km WSW of Palestina, Colombia",2005/05/18 21:37:26.150+00,4.6,mb,convertida,292,Cortical
4.484,-75.613,4710138.61381731,2053995.09394255,158.3,4.6176,us,"5 km SSE of Calarcá, Colombia",2005/05/21 08:37:18.740+00,4.4,mb,convertida,293,Subducción intraplaca
4.417,-76.532,4608046.12951926,2047006.39132016,98.9,4.9038,us,"29 km SSE of Sipí, Colombia",2005/10/02 22:07:22.930+00,4.7,mb,convertida,294,Subducción intraplaca
4.704,-76.105,4655617.61531522,2078552.3466396,117.3,4.1406,us,"2 km SE of Argelia, Colombia",2005/12/22 11:17:53.820+00,3.9,mb,convertida,295,Subducción intraplaca
5.083,-75.867,4682216.65533486,2120368.57750115,123.8,4.8084,us,"2 km NNE of Viterbo, Colombia",2005/12/26 23:37:30.060+00,4.6,mb,convertida,296,Subducción intraplaca
3.712,-73.981,4891105.02261041,1968238.99756888,14.1,4.9038,us,"18 km WSW of Cubarral, Colombia",2006/01/21 21:10:39.980+00,4.7,mb,convertida,297,Cortical
1.544,-76.644,4594547.59627877,1728987.81010518,48.7,3.9498,us,"35 km SSE of San Sebastián, Colombia",2006/03/09 15:59:36.260+00,3.7,mb,convertida,298,Cortical
4.797,-75.319,4742884.42444932,2088497.7182189,35.9,4.0452,us,"18 km WSW of Murillo, Colombia",2006/03/15 01:17:35.230+00,3.8,mb,convertida,299,Subducción interplaca
4.928,-76.035,4663499.10136924,2103303.24554739,140.8,4.1406,us,"1 km NNE of El Águila, Colombia",2006/04/17 16:23:31.210+00,3.9,mb,convertida,300,Subducción intraplaca
4.024,-76.512,4610071.84674301,2003491.20748352,96.9,4.5222,us,"10 km NNW of Darien, Colombia",2006/04/30 11:41:54.200+00,4.3,mb,convertida,301,Subducción intraplaca
4.508,-76.551,4605983.61819617,2057090.51081086,118.8,4.6176,us,"19 km SSE of Sipí, Colombia",2006/05/28 15:47:11.710+00,4.4,mb,convertida,302,Subducción intraplaca
4.504,-75.154,4761088.63820921,2056040.71678132,55.6,4.0452,us,"11 km NE of Ibagué, Colombia",2007/01/19 03:16:33.500+00,3.8,mb,convertida,303,Subducción intraplaca
2.662,-76.876,4569003.30750209,1852842.7568808,146.7,4.5222,us,"16 km N of Villa Rica, Colombia",2007/02/16 22:39:55.950+00,4.3,mb,convertida,304,Subducción intraplaca
2.082,-76.495,4611262.40728279,1788513.16323105,43.1,5.2,us,"23 km SE of Paispamba, Colombia",2007/03/06 13:05:12.110+00,5.2,mwc,directa,305,Cortical
3.889,-74.726,4808426.49306991,1987931.2431056,54,4.8084,us,"3 km NW of Tres Esquinas, Colombia",2007/03/12 09:17:19.410+00,4.6,mb,convertida,306,Subducción intraplaca
4.03,-76.974,4558703.096178,2004391.59881526,120.4,4.1406,us,"17 km NNE of Buenaventura, Colombia",2007/04/10 00:33:38.440+00,3.9,mb,convertida,307,Subducción intraplaca
4.609,-76.155,4650019.43375474,2068064.5638477,134.5,4.236,us,"6 km NE of Versalles, Colombia",2007/05/08 22:03:08.150+00,4,mb,convertida,308,Subducción intraplaca
4.796,-75.931,4674976.72567802,2088647.44482771,153.3,4.3314,us,"5 km NNW of Cartago, Colombia",2007/05/17 00:56:59.310+00,4.1,mb,convertida,309,Subducción intraplaca
3.714,-75.62,4709082.98795256,1968830.70508682,15.4,4.9038,us,"15 km W of Chaparral, Colombia",2007/05/27 07:55:58.690+00,4.7,mb,convertida,310,Subducción interplaca
3.8,-75.589,4712555.67300472,1978332.43603333,35,4.9992,us,"14 km NW of Chaparral, Colombia",2007/07/15 19:30:00.080+00,4.8,mb,convertida,311,Subducción interplaca
4.178,-76.333,4630039.70930345,2020452.12023553,140.8,4.9992,us,"4 km SSW of Trujillo, Colombia",2007/08/24 17:45:50.110+00,4.8,mb,convertida,312,Subducción intraplaca
4.043,-76.698,4589402.41539982,2005686.33572257,62.6,4.1406,us,"26 km WNW of Darien, Colombia",2008/01/23 00:24:37.260+00,3.9,mb,convertida,313,Subducción intraplaca
2.719,-76.166,4648058.70811104,1858924.35390795,68.9,4.9992,us,"18 km ESE of Jambaló, Colombia",2008/03/04 11:23:08.020+00,4.8,mb,convertida,314,Subducción intraplaca
4.515,-75.787,4690835.12727934,2057495.61883043,85.1,4.6176,us,"6 km N of La Tebaida, Colombia",2008/03/31 23:15:24.930+00,4.4,mb,convertida,315,Subducción intraplaca
4.39,-73.74,4917927.08677601,2043132.3563474,10,4.3314,us,"5 km NW of El Calvario, Colombia",2008/05/24 17:08:15.530+00,4.1,mb,convertida,316,Cortical
4.33,-73.764,4915258.38660621,2036504.9105771,8.9,5.9,us,"6 km WSW of El Calvario, Colombia",2008/05/24 19:20:42.490+00,5.9,mwc,directa,317,Cortical
4.319,-73.807,4910487.30127422,2035294.31465334,22.6,4.5222,us,"6 km ESE of Quetame, Colombia",2008/05/24 20:08:02.100+00,4.3,mb,convertida,318,Cortical
4.509,-73.779,4913615.23506275,2056286.56146335,25.1,4.0452,us,"13 km E of Fómeque, Colombia",2008/05/25 09:39:54.780+00,3.8,mb,convertida,319,Cortical
4.46,-73.76,4915716.68889308,2050869.72555385,3.4,3.3572,us,"12 km NNW of El Calvario, Colombia",2008/06/03 02:48:35.200+00,3.4,ml,convertida,320,Cortical
4.36,-73.943,4895406.52254039,2039842.45651894,26.6,4.236,us,"2 km NNW of Fosca, Colombia",2008/06/07 03:50:09.810+00,4,mb,convertida,321,Cortical
4.37,-73.82,4909051.35026953,2040931.53242846,0,3.5488,us,"6 km NE of Quetame, Colombia",2008/06/07 13:34:13.100+00,3.6,ml,convertida,322,Cortical
4.493,-74.87,4792597.41397512,2054737.71926203,47.5,4.713,us,"5 km S of Piedras, Colombia",2008/07/13 13:45:55.930+00,4.5,mb,convertida,323,Cortical
2.953,-75.983,4668487.24782983,1884761.93191131,23.1,5.0946,us,"28 km SW of Gaitania, Colombia",2008/09/02 17:21:00.270+00,4.9,mb,convertida,324,Cortical
2.915,-75.903,4677374.78667625,1880534.38970763,25.5,4.6176,us,"27 km SSW of Gaitania, Colombia",2008/09/05 15:30:34.310+00,4.4,mb,convertida,325,Cortical
4.79,-75.517,4720915.15851745,2087801.09231674,132.9,5.7,us,"14 km SE of Santa Rosa de Cabal, Colombia",2008/09/13 09:32:01.490+00,5.7,mwb,directa,326,Subducción intraplaca
2.883,-76,4666575.58115968,1877022.1843833,31.1,4.3314,us,"26 km N of Belalcázar, Colombia",2008/09/14 18:29:28.970+00,4.1,mb,convertida,327,Cortical
3.994,-76.293,4634401.09274756,2000069.44037949,53.5,4.8084,us,"7 km W of San Pedro, Colombia",2008/10/31 20:07:45.860+00,4.6,mb,convertida,328,Subducción intraplaca
4.503,-75.312,4743554.54524615,2055983.82469381,2.7,4.713,us,"11 km N of Coello, Colombia",2008/11/09 08:00:56.710+00,4.5,mb,convertida,329,Subducción interplaca
3.737,-75.642,4706646.0786307,1971381.96244592,51.9,5.3808,us,"17 km W of Chaparral, Colombia",2009/07/03 10:04:57.640+00,5.2,mb,convertida,330,Subducción intraplaca
4.65,-76.81,4577288.02524122,2072960.55008614,26,4.713,us,"18 km W of Sipí, Colombia",2009/07/23 20:18:35.400+00,4.5,mb,convertida,331,Cortical
4.655,-76.624,4597955.28216889,2073405.28020797,90.6,4.8,us,"2 km E of Sipí, Colombia",2009/09/08 08:26:01.800+00,4.8,mwc,directa,332,Subducción intraplaca
3.711,-76.517,4609372.37577169,1968844.86427627,134.4,4.8084,us,"8 km W of Vijes, Colombia",2009/10/22 15:56:48.100+00,4.6,mb,convertida,333,Subducción intraplaca
4.589,-76.04,4662778.96188139,2065796.08462499,101.9,5.19,us,"5 km ESE of Toro, Colombia",2009/11/02 12:18:50.540+00,5,mb,convertida,334,Subducción intraplaca
3.047,-76.234,4640594.83143715,1895242.59389957,165.4,5.1,us,"10 km NNE of Toribío, Colombia",2009/12/18 14:30:03.390+00,5.1,mwc,directa,335,Subducción intraplaca
4.229,-75.756,4694160.54413449,2025845.30436544,180.1,4.9992,us,"9 km S of Génova, Colombia",2010/01/11 18:48:35.960+00,4.8,mb,convertida,336,Subducción intraplaca
4.726,-75.971,4670503.77530503,2080921.70209248,131.5,4.9,us,"6 km WSW of Cartago, Colombia",2010/01/29 17:52:23.040+00,4.9,mwc,directa,337,Subducción intraplaca
4.89,-75.49,4723951.37901198,2098849.88974237,130.9,5.0946,us,"14 km E of Santa Rosa de Cabal, Colombia",2010/03/04 22:09:13.100+00,4.9,mb,convertida,338,Subducción intraplaca
4.627,-76.445,4617822.77607165,2070206.2402026,102.7,4.713,us,"22 km E of Sipí, Colombia",2010/04/13 16:51:35.400+00,4.5,mb,convertida,339,Subducción intraplaca
4.483,-75.368,4737332.42176644,2053792.0334301,10,4.0278,us,"8 km ENE of Cajamarca, Colombia",2010/07/26 03:48:17.010+00,4.1,ml,convertida,340,Subducción interplaca
3.924,-74.999,4778123.24000806,1991867.63070043,51.4,5.1,us,"1 km ESE of Saldaña, Colombia",2010/07/29 19:34:46.490+00,5.1,mwc,directa,341,Subducción intraplaca
2.363,-77.275,4524448.61991032,1819861.51047762,85,4.6176,us,"12 km NNW of Argelia, Colombia",2010/08/18 07:38:46.560+00,4.4,mb,convertida,342,Subducción intraplaca
3.798,-76.143,4650990.69760948,1978315.3906278,32.1,3.7404,us,"15 km WNW of La Cumbre, Colombia",2010/08/30 19:28:00.900+00,3.8,ml,convertida,343,Subducción interplaca
3.382,-75.574,4714091.99797314,1932095.97311673,32.1,4.713,us,"3 km ESE of Santiago Pérez, Colombia",2010/10/01 00:20:12.070+00,4.5,mb,convertida,344,Cortical
4.791,-76.001,4667204.91977376,2088127.88127138,121.6,4.713,us,"0 km SW of Ansermanuevo, Colombia",2011/01/29 00:05:16.760+00,4.5,mb,convertida,345,Subducción intraplaca
3.941,-76.395,4623039.63239035,1994249.28683947,97.5,5.0946,us,"8 km N of Yotoco, Colombia",2011/01/31 07:13:42.600+00,4.9,mb,convertida,346,Subducción intraplaca
4.605,-76.762,4582594.75914872,2067949.08315935,90.8,4.8084,us,"14 km WSW of Sipí, Colombia",2011/02/21 11:31:24.330+00,4.6,mb,convertida,347,Subducción intraplaca
4.883,-76.046,4662255.69720281,2098329.61054206,132.5,4.8084,us,"3 km S of El Águila, Colombia",2011/03/20 13:39:59.620+00,4.6,mb,convertida,348,Subducción intraplaca
4.79,-75.767,4693174.72917951,2087907.9844527,79.5,5.19,us,"8 km WSW of Pereira, Colombia",2011/06/01 22:58:01.050+00,5,mb,convertida,349,Subducción intraplaca
3.329,-75.882,4679836.18092831,1926328.85240975,182.8,4.5222,us,"21 km NNW of Gaitania, Colombia",2011/07/09 10:57:35.030+00,4.3,mb,convertida,350,Subducción intraplaca
3.754,-76.105,4655197.10365039,1973431.39947998,180.1,4.8084,us,"9 km WNW of La Cumbre, Colombia",2011/10/07 16:42:13.830+00,4.6,mb,convertida,351,Subducción intraplaca
1.734,-77.294,4522144.03086358,1750175.13265398,95.7,4.9038,us,"4 km ESE of El Rosario, Colombia",2011/12/31 00:53:55.220+00,4.7,mb,convertida,352,Subducción intraplaca
4.214,-76.539,4607163.75541815,2024537.54129447,117.1,4.9038,us,"24 km W of Trujillo, Colombia",2012/03/01 01:41:11.220+00,4.7,mb,convertida,353,Subducción intraplaca
2.248,-76.354,4627004.44661343,1806851.52808364,158.4,4.9038,us,"28 km E of Paispamba, Colombia",2012/06/20 12:31:29.400+00,4.7,mb,convertida,354,Subducción intraplaca
4.555,-75.918,4676308.77243522,2061978.08186489,63.1,4.713,us,"6 km ESE of Obando, Colombia",2012/07/31 01:26:39.810+00,4.5,mb,convertida,355,Subducción intraplaca
1.929,-76.362,4626038.16041856,1771547.12032873,170,7.3,us,"11 km WNW of San Agustín, Colombia",2012/09/30 16:31:35.970+00,7.3,mww,directa,356,Subducción intraplaca
2.167,-76.04,4661940.41245306,1797812.79904565,53.6,4.5222,us,"7 km WSW of La Argentina, Colombia",2012/12/10 10:50:52.380+00,4.3,mb,convertida,357,Subducción intraplaca
4.101,-76.274,4636560.64343295,2011902.83970219,145.4,4.8084,us,"6 km SSE of Riofrío, Colombia",2013/01/02 16:50:39.480+00,4.6,mb,convertida,358,Subducción intraplaca
4.206,-76.21,4643719.82901219,2023493.8127008,77,4.6176,us,"6 km W of Bugalagrande, Colombia",2013/05/23 16:32:09.090+00,4.4,mb,convertida,359,Subducción intraplaca
3.963,-76.251,4639055.56663704,1996620.12150628,111.2,4.236,us,"4 km SW of San Pedro, Colombia",2013/06/01 06:44:26.790+00,4,mb,convertida,360,Subducción intraplaca
3.806,-76.6281,4597060.1572555,1979412.43979375,81.12,4.9992,us,"11 km W of Restrepo, Colombia",2013/08/27 23:22:06.450+00,4.8,mb,convertida,361,Subducción intraplaca
4.181,-76.5791,4602690.10635096,2020904.58679276,81.66,4.236,us,"29 km W of Trujillo, Colombia",2013/10/08 02:20:08.240+00,4,mb,convertida,362,Subducción intraplaca
4.4999,-75.806,4688719.33164603,2055833.29924333,177.5,4.713,us,"5 km NNW of La Tebaida, Colombia",2013/11/17 15:18:01.590+00,4.5,mb,convertida,363,Subducción intraplaca
4.557,-76.644,4595678.03362697,2062566.62132354,53.91,5.5,us,"10 km S of Sipí, Colombia",2014/01/05 03:36:40.590+00,5.5,mwb,directa,364,Subducción intraplaca
2.9858,-75.9346,4673880.52375663,1888376.39397085,43.66,4.9038,us,"22 km SW of Gaitania, Colombia",2014/01/09 11:07:35.690+00,4.7,mb,convertida,365,Cortical
2.9737,-75.8432,4684042.75745775,1887011.10773007,26.17,5.19,us,"19 km S of Gaitania, Colombia",2014/01/09 12:50:18.420+00,5,mb,convertida,366,Subducción interplaca
2.9792,-75.8777,4680207.24118573,1887629.51079832,59.45,4.8084,us,"20 km SSW of Gaitania, Colombia",2014/01/09 14:03:30.060+00,4.6,mb,convertida,367,Subducción intraplaca
3.8636,-77.3899,4512335.64075181,1986189.71682801,9.63,4.5222,us,"39 km W of Buenaventura, Colombia",2014/01/18 03:04:02.730+00,4.3,mb,convertida,368,Cortical
2.5704,-76.7868,4578906.03795379,1842668.9456021,145.21,4.6176,us,"9 km NE of Villa Rica, Colombia",2014/06/02 12:52:21.910+00,4.4,mb,convertida,369,Subducción intraplaca
3.2111,-76.2763,4635945.53918541,1913417.79167647,163.69,4.713,us,"4 km ESE of Padilla, Colombia",2014/06/04 18:53:49.200+00,4.5,mb,convertida,370,Subducción intraplaca
4.2284,-73.8904,4901224.24452305,2025292.85893209,42.39,4.4268,us,"8 km W of Guayabetal, Colombia",2014/06/12 06:30:42.470+00,4.2,mb,convertida,371,Cortical
4.461,-75.3232,4742296.84839353,2051343.28915933,192.26,4.6176,us,"7 km NNW of Coello, Colombia",2014/06/21 12:31:28.890+00,4.4,mb,convertida,372,Subducción intraplaca
3.6983,-77.0039,4555204.13767257,1967668.62673452,98.37,4.236,us,"12 km N of Buenaventura, Colombia",2014/09/20 03:59:50.660+00,4,mb,convertida,373,Subducción intraplaca
4.9021,-75.8767,4681053.07410198,2100359.95062649,131.28,4.6176,us,"0 km ENE of La Virginia, Colombia",2014/10/19 02:20:34.390+00,4.4,mb,convertida,374,Subducción intraplaca
4.8804,-76.2802,4636258.73191731,2098164.14551879,120.79,4.713,us,"5 km WSW of San José del Palmar, Colombia",2014/10/31 21:24:30.200+00,4.5,mb,convertida,375,Subducción intraplaca
4.67,-76.18,4647273.72705565,2074827.31377118,95,5.2854,us,"8 km SW of Argelia, Colombia",2015/02/21 22:26:45.600+00,5.1,mb,convertida,376,Subducción intraplaca
2.7299,-76.5012,4610756.15048856,1860234.01892921,149,5.5,us,"7 km SSW of Caldono, Colombia",2015/02/22 12:56:24.400+00,5.5,mww,directa,377,Subducción intraplaca
4.4812,-75.666,4704253.98991911,2053706.58678958,42.37,4.5222,us,"6 km SSW of Calarcá, Colombia",2015/08/21 14:16:22.200+00,4.3,mb,convertida,378,Subducción interplaca
3.9474,-76.358,4627155.47073298,1994940.96405675,134.76,4.8084,us,"8 km NW of Guadalajara de Buga, Colombia",2015/09/05 23:14:53.500+00,4.6,mb,convertida,379,Subducción intraplaca
4.1776,-75.7522,4694562.52798632,2020157.99835587,15.52,4.9038,us,"15 km S of Génova, Colombia",2015/09/18 04:35:09.680+00,4.7,mb,convertida,380,Subducción interplaca
2.8738,-75.7731,4691811.65339653,1875940.4871743,40.45,4.713,us,"16 km WSW of Santa María, Colombia",2016/01/06 01:28:21.830+00,4.5,mb,convertida,381,Cortical
3.5663,-74.4325,4840952.34779656,1952203.89953205,52.64,4.713,us,"44 km SSE of Villarrica, Colombia",2016/03/13 13:17:49.310+00,4.5,mb,convertida,382,Subducción intraplaca
3.7039,-76.7513,4583309.70067149,1968165.82877548,101.6,4.5222,us,"8 km NW of Dagua, Colombia",2016/07/11 00:50:38.580+00,4.3,mb,convertida,383,Subducción intraplaca
3.873,-77.3886,4512485.73065995,1987230.62930442,75.82,3.7,us,"39 km W of Buenaventura, Colombia",2016/08/21 21:17:57.370+00,3.7,mwr,directa,384,Subducción intraplaca
3.4466,-74.4951,4833979.33026576,1938984.80027401,33,5.6,us,"34 km ENE of Colombia, Colombia",2016/10/31 00:20:11.640+00,5.6,mww,directa,385,Cortical
3.4027,-74.5019,4833216.46448969,1934133.82073587,36.16,5,us,"33 km E of Colombia, Colombia",2016/10/31 02:05:58.040+00,5,mww,directa,386,Cortical
3.3938,-74.2744,4858483.20716343,1933113.87621765,61.75,4.713,us,"25 km W of Mesetas, Colombia",2016/12/16 19:45:20.340+00,4.5,mb,convertida,387,Subducción intraplaca
2.6595,-75.5794,4713302.08006516,1852188.27386774,10,4.6176,us,"6 km E of Íquira, Colombia",2016/12/23 03:43:51.310+00,4.4,mb,convertida,388,Cortical
1.6873,-76.9221,4563588.33300516,1744913.1287088,138.08,4.9038,us,"10 km E of San Pablo, Colombia",2016/12/28 05:05:04.970+00,4.7,mb,convertida,389,Subducción intraplaca
4.509,-74.1107,4876828.50491604,2056334.25760597,31.99,4.236,us,"10 km NW of Chipaque, Colombia",2017/01/21 06:34:05.780+00,4,mb,convertida,390,Cortical
4.0115,-76.7031,4588819.5102936,2002201.18728929,101.4,4.5222,us,"25 km WNW of Darien, Colombia",2017/01/24 19:35:38.100+00,4.3,mb,convertida,391,Subducción intraplaca
3.816,-75.9283,4674859.9656104,1980222.99280549,58.65,4.8,us,"14 km NE of La Cumbre, Colombia",2017/04/29 10:06:33.260+00,4.8,mww,directa,392,Subducción intraplaca
3.7583,-76.7291,4585804.69188317,1974178.8144277,74.95,4.6176,us,"12 km NNW of Dagua, Colombia",2017/05/06 02:52:40.680+00,4.4,mb,convertida,393,Subducción intraplaca
3.5937,-73.9848,4890668.84864867,1955166.53301328,27.64,5.2854,us,"8 km NNE of Lejanías, Colombia",2017/07/02 19:26:28.710+00,5.1,mb,convertida,394,Cortical
4.8565,-74.9998,4778309.97458198,2094964.4224962,10,4.9038,us,"8 km NNE of Junín, Colombia",2017/07/30 05:40:41.090+00,4.7,mb,convertida,395,Cortical
3.9163,-73.5145,4942903.91818335,1990769.40373301,34.41,4.236,us,"21 km ENE of Castilla La Nueva, Colombia",2017/08/24 22:22:20.640+00,4,mb,convertida,396,Cortical
2.4828,-76.0318,4662928.21408995,1832752.04014809,157.28,5.1,us,"8 km SSE of Inzá, Colombia",2017/11/04 00:16:35.270+00,5.1,mww,directa,397,Subducción intraplaca
2.7641,-74.9148,4787222.41056626,1863617.26174699,46.1,4.9038,us,"38 km E of Rivera, Colombia",2017/11/11 14:45:22.240+00,4.7,mb,convertida,398,Cortical
3.7278,-76.1191,4653619.48257116,1970537.83966074,162.11,4.6176,us,"10 km W of La Cumbre, Colombia",2017/11/15 02:12:17.850+00,4.4,mb,convertida,399,Subducción intraplaca
4.7377,-76.1183,4654157.75846332,2082288.03820603,105.19,4.713,us,"1 km N of Argelia, Colombia",2017/11/16 00:56:07.710+00,4.5,mb,convertida,400,Subducción intraplaca
4.4736,-76.2508,4639313.88241916,2053127.70936998,131.99,4.5222,us,"4 km SSW of El Dovio, Colombia",2017/11/26 13:45:51.140+00,4.3,mb,convertida,401,Subducción intraplaca
4.1427,-76.2035,4644413.47871115,2016485.81738985,156.27,4.8084,us,"5 km SW of Andalucía, Colombia",2017/12/21 19:26:40.150+00,4.6,mb,convertida,402,Subducción intraplaca
4.0967,-76.6247,4597578.76197248,2011594.80786079,103.17,4.9992,us,Colombia,2018/02/19 01:50:36.640+00,4.8,mb,convertida,403,Subducción intraplaca
4.2525,-76.3511,4628063.83572746,2028706.35864473,98.22,4.5222,us,"5 km NW of Trujillo, Colombia",2018/04/01 15:16:58.700+00,4.3,mb,convertida,404,Subducción intraplaca
5.1865,-75.5438,4718111.05484076,2131665.86655384,110.03,5.3,us,"3 km NW of Neira, Colombia",2018/04/23 15:42:09.790+00,5.3,mww,directa,405,Subducción intraplaca
1.859,-75.7791,4690919.32491577,1763686.69966992,35.86,4.713,us,"13 km S of Suaza, Colombia",2018/05/01 01:58:31.460+00,4.5,mb,convertida,406,Cortical
3.3148,-74.1082,4876931.61476568,1924360.84101697,46.79,4.6176,us,"10 km SW of Mesetas, Colombia",2018/05/01 19:19:51.510+00,4.4,mb,convertida,407,Cortical
3.8892,-76.2331,4641013.44811659,1988445.13151492,81.78,4.6176,us,"7 km E of Guadalajara de Buga, Colombia",2018/06/22 20:08:53.150+00,4.4,mb,convertida,408,Subducción intraplaca
2.9425,-75.621,4708745.09019495,1883499.06836451,65.81,4.713,us,"3 km ESE of Santa María, Colombia",2018/07/07 00:19:52.490+00,4.5,mb,convertida,409,Subducción intraplaca
3.4257,-74.5982,4822524.04175326,1936693.25364078,47.77,5.2854,us,"23 km ENE of Colombia, Colombia",2018/07/19 05:39:34.580+00,5.1,mb,convertida,410,Cortical
4.8949,-76.0266,4664414.72014435,2099636.58819721,128.08,4.6176,us,"2 km SE of El Águila, Colombia",2018/07/24 01:59:14.240+00,4.4,mb,convertida,411,Subducción intraplaca
4.2587,-73.662,4926565.78051821,2028615.67400816,49.03,4.5222,us,"11 km W of Restrepo, Colombia",2018/07/24 20:15:58.570+00,4.3,mb,convertida,412,Cortical
4.7859,-76.2596,4638495.33506607,2087694.58390724,96.71,4.9038,us,"4 km WNW of El Cairo, Colombia",2018/10/24 20:02:45.100+00,4.7,mb,convertida,413,Subducción intraplaca
5.0188,-75.4271,4730980.9929873,2113068.66347922,133.68,4.6176,us,"10 km ESE of Villamaría, Colombia",2018/11/05 22:45:00.680+00,4.4,mb,convertida,414,Subducción intraplaca
2.5739,-74.8939,4789513.34945109,1842587.1633135,10,4.6176,us,"46 km ESE of Rivera, Colombia",2019/01/19 22:03:36.720+00,4.4,mb,convertida,415,Cortical
3.0345,-75.7383,4695725.93757851,1893707.01650074,10,5.6,us,"13 km NW of Santa María, Colombia",2019/01/26 12:32:26.830+00,5.6,mww,directa,416,Subducción interplaca
3.0835,-75.6461,4705991.79623804,1899101.23969831,13.06,5.5,us,"12 km S of Planadas, Colombia",2019/01/28 21:07:09.960+00,5.5,mww,directa,417,Cortical
2.8793,-75.5748,4713866.53117245,1876497.15009439,27.74,4.5222,us,"11 km SE of Santa María, Colombia",2019/01/29 06:10:56.080+00,4.3,mb,convertida,418,Cortical
4.7911,-75.4567,4727605.7754932,2087898.48290955,151.94,4.8084,us,"20 km ESE of Santa Rosa de Cabal, Colombia",2019/02/10 02:21:48.270+00,4.6,mb,convertida,419,Subducción intraplaca
4.1984,-76.781,4580255.24443174,2022936.56879613,69.32,4.8084,us,"44 km NW of Darien, Colombia",2019/02/19 11:06:30.290+00,4.6,mb,convertida,420,Subducción intraplaca
4.5595,-76.223,4642443.78462401,2062620.36071409,122,6.1,us,"3 km WSW of Versalles, Colombia",2019/03/23 19:21:17.998+00,6.1,mww,directa,421,Subducción intraplaca
3.9341,-73.9292,4896882.09121813,1992776.00687928,10,4.713,us,"18 km NNW of Cubarral, Colombia",2019/05/12 07:28:08.579+00,4.5,mb,convertida,422,Cortical
3.5359,-74.0176,4887020.00684648,1948783.18784502,11,6,us,"1 km NE of Lejanías, Colombia",2019/12/24 19:03:52.492+00,6,mww,directa,423,Cortical
3.542,-73.9247,4897335.92767491,1949446.48062315,10,5.2854,us,"11 km E of Lejanías, Colombia",2019/12/24 19:11:01.700+00,5.1,mb,convertida,424,Cortical
3.6387,-74.0515,4883268.85849393,1960147.67944071,10,4.713,us,"12 km NNW of Lejanías, Colombia",2019/12/24 20:11:15.897+00,4.5,mb,convertida,425,Cortical
3.4416,-74.098,4878080.31543352,1938372.24211377,10,4.8084,us,"8 km NW of Mesetas, Colombia",2019/12/25 00:25:01.178+00,4.6,mb,convertida,426,Cortical
3.419,-73.9867,4890437.5572656,1935861.3029042,10,5.19,us,"7 km ENE of Mesetas, Colombia",2019/12/25 02:11:23.210+00,5,mb,convertida,427,Cortical
3.5986,-74.0042,4888515.4643016,1955710.36167215,10,4.713,us,"8 km NNE of Lejanías, Colombia",2019/12/25 10:25:55.027+00,4.5,mb,convertida,428,Cortical
3.3722,-74.0915,4878793.46621861,1930702.03536996,10,4.9992,us,"5 km WSW of Mesetas, Colombia",2019/12/26 03:48:29.883+00,4.8,mb,convertida,429,Cortical
3.4785,-73.9698,4892320.99701068,1942434.478057,10,4.5222,us,"8 km SE of Lejanías, Colombia",2019/12/26 05:03:56.849+00,4.3,mb,convertida,430,Cortical
3.3922,-74.0302,4885603.67621192,1932904.77071734,10,4.6176,us,"1 km ENE of Mesetas, Colombia",2019/12/26 10:52:21.267+00,4.4,mb,convertida,431,Cortical
3.4594,-73.9925,4889798.10507416,1940326.42416322,10,4.8084,us,"8 km SSE of Lejanías, Colombia",2019/12/27 03:20:39.716+00,4.6,mb,convertida,432,Cortical
4.3433,-76.1039,4655569.03217455,2038638.86530443,154.34,4.5222,us,"6 km SSW of Zarzal, Colombia",2020/01/05 13:47:51.979+00,4.3,mb,convertida,433,Subducción intraplaca
3.5396,-74.0313,4885499.24265756,1949193.74484644,9.29,4.6176,us,"1 km NNW of Lejanías, Colombia",2020/02/13 15:29:11.058+00,4.4,mb,convertida,434,Cortical
5.0023,-76.3416,4629510.34765527,2111689.66962509,134.53,4.236,us,"16 km NW of San José del Palmar, Colombia",2020/04/03 18:52:47.964+00,4,mb,convertida,435,Subducción intraplaca
4.0085,-76.2402,4640275.73672842,2001650.79128509,156.54,4.8084,us,"2 km NW of San Pedro, Colombia",2020/04/13 20:44:19.546+00,4.6,mb,convertida,436,Subducción intraplaca
2.4112,-77.3265,4518725.70484805,1825220.08620169,92.49,4.713,us,"19 km NNW of Argelia, Colombia",2020/05/10 23:10:00.210+00,4.5,mb,convertida,437,Subducción intraplaca
2.7483,-76.5659,4603559.99753881,1862292.13918691,10,4.713,us,"6 km E of Morales, Colombia",2020/05/24 12:22:03.507+00,4.5,mb,convertida,438,Cortical
4.2369,-73.6232,4930868.01355781,2026203.22370056,10,4.6176,us,"7 km WSW of Restrepo, Colombia",2020/08/14 02:34:37.500+00,4.4,mb,convertida,439,Cortical
4.7244,-76.5228,4609235.30355741,2081030.95651227,72.99,4.9992,us,"15 km ENE of Sipí, Colombia",2020/11/16 13:59:21.031+00,4.8,mb,convertida,440,Subducción intraplaca
3.4478,-77.253,4527353.4807451,1940043.57967037,88.49,4.6176,us,"31 km WSW of Buenaventura, Colombia",2020/12/28 21:47:36.989+00,4.4,mb,convertida,441,Subducción intraplaca
3.1222,-74.8254,4797225.00224791,1903187.75061937,25.07,4.9,us,"25 km E of Baraya, Colombia",2021/01/23 21:12:18.130+00,4.9,mww,directa,442,Cortical
4.4075,-75.856,4683128.50150911,2045632.70124662,159.4,5.0946,us,"8 km NNW of Caicedonia, Colombia",2021/01/27 07:57:33.358+00,4.9,mb,convertida,443,Subducción intraplaca
3.4642,-74.3272,4852629.74196454,1940902.32637888,10,4.6176,us,"32 km WNW of Mesetas, Colombia",2021/02/19 15:55:40.380+00,4.4,mb,convertida,444,Cortical
5.022,-76.0609,4660673.01263526,2113717.55852787,93.13,4.713,us,"6 km WNW of La Celia, Colombia",2021/02/24 07:55:08.057+00,4.5,mb,convertida,445,Subducción intraplaca
2.1847,-76.6147,4597957.83466484,1799913.01176575,24.01,4.3,us,"7 km S of Paispamba, Colombia",2021/10/29 21:43:50.050+00,4.3,mwr,directa,446,Cortical
3.6391,-74.0114,4887721.03734286,1960186.79530187,10,4.6176,us,"12 km N of Lejanías, Colombia",2021/11/29 07:53:37.665+00,4.4,mb,convertida,447,Cortical
4.2503,-76.3426,4629007.25848765,2028458.76824194,123.06,5.0946,us,"4 km NNW of Trujillo, Colombia",2021/11/29 20:33:32.090+00,4.9,mb,convertida,448,Subducción intraplaca
4.4212,-73.6567,4927169.29856312,2046571.32306161,35.97,4.8084,us,"9 km NE of El Calvario, Colombia",2021/12/09 00:07:17.507+00,4.6,mb,convertida,449,Cortical
3.448,-74.7357,4807255.0169002,1939184.86695073,62.48,4.6176,us,"10 km NE of Colombia, Colombia",2022/02/07 00:31:23.897+00,4.4,mb,convertida,450,Subducción intraplaca
4.9824,-76.3122,4632762.50981527,2109470.64584274,93.71,4.9038,us,"12 km NW of San José del Palmar, Colombia",2022/03/24 01:34:04.202+00,4.7,mb,convertida,451,Subducción intraplaca
1.8566,-75.8536,4682626.49785742,1763434.4338884,28.88,4.8084,us,"7 km NE of Acevedo, Colombia",2022/04/19 19:32:27.438+00,4.6,mb,convertida,452,Cortical
4.014,-76.4472,4617270.49287651,2002353.5612332,69.18,5,us,"10 km NNE of Darien, Colombia",2022/05/12 21:23:29.680+00,5,mww,directa,453,Subducción intraplaca
4.3462,-73.5652,4937311.12585345,2038275.65746776,50.96,4.6176,us,"9 km N of Restrepo, Colombia",2022/06/12 09:00:17.716+00,4.4,mb,convertida,454,Subducción intraplaca
4.9528,-76.0895,4657463.49161348,2106075.25023145,114.035,4.713,us,"7 km NW of El Águila, Colombia",2022/06/30 23:37:46.794+00,4.5,mb,convertida,455,Subducción intraplaca
4.8445,-76.0511,4661670.4198055,2094072.17359014,128.811,4.8084,us,"7 km S of El Águila, Colombia",2022/08/17 15:46:51.547+00,4.6,mb,convertida,456,Subducción intraplaca
1.808,-77.2764,4524125.25667073,1758369.6487069,128.35,4.9992,us,"9 km NE of El Rosario, Colombia",2022/10/04 05:13:54.668+00,4.8,mb,convertida,457,Subducción intraplaca
3.9986,-76.7154,4587445.37105687,2000779.06053528,101.355,4.713,us,"26 km WNW of Darien, Colombia",2022/12/12 14:49:13.270+00,4.5,mb,convertida,458,Subducción intraplaca
3.3517,-74.1224,4875359.11402654,1928440.46378114,8.071,4.713,us,"9 km WSW of Mesetas, Colombia",2022/12/14 17:39:03.979+00,4.5,mb,convertida,459,Cortical
5.0309,-76.2007,4645164.16294564,2114776.7636559,106.371,4.713,us,"15 km NNE of San José del Palmar, Colombia",2023/01/27 04:34:39.050+00,4.5,mb,convertida,460,Subducción intraplaca
4.3409,-74.2762,4858440.56511559,2037785.96039393,8.529,4.0452,us,"4 km NE of Pasca, Colombia",2023/02/07 00:44:14.350+00,3.8,mb,convertida,461,Cortical
3.9045,-76.0855,4657424.58056399,1990076.6727404,177.822,4.713,us,"18 km ESE of San Pedro, Colombia",2023/03/15 21:50:42.459+00,4.5,mb,convertida,462,Subducción intraplaca
3.3662,-74.2162,4864943.24974933,1930055.35620324,10,4.713,us,"19 km W of Mesetas, Colombia",2023/04/15 20:52:53.218+00,4.5,mb,convertida,463,Cortical
3.0134,-74.7041,4810684.61219322,1891138.60490507,182.956,4.5222,us,"41 km SSE of Colombia, Colombia",2023/05/07 08:05:32.757+00,4.3,mb,convertida,464,Subducción intraplaca
4.0397,-73.7077,4921474.50250703,2004420.66909753,10,4.9992,us,Colombia,2023/05/14 06:04:17.791+00,4.8,mb,convertida,465,Cortical
4.3829,-76.2681,4637348.07190914,2043098.34319794,120.179,4.713,us,"10 km WNW of Bolívar, Colombia",2023/05/22 17:14:14.864+00,4.5,mb,convertida,466,Subducción intraplaca
3.8178,-76.489,4612533.47380393,1980654.79292529,146.602,4.5222,us,"3 km E of Restrepo, Colombia",2023/06/10 06:53:57.656+00,4.3,mb,convertida,467,Subducción intraplaca
2.9948,-73.6029,4933028.90759038,1888953.88805602,10,4.9038,us,"21 km SE of Vistahermosa, Colombia",2023/06/30 01:52:28.221+00,4.7,mb,convertida,468,Cortical
3.5131,-76.2356,4640583.67476727,1946824.50122942,161.146,5.1,us,Colombia,2023/08/03 22:09:36.236+00,5.1,mww,directa,469,Subducción intraplaca
4.3463,-73.6199,4931243.88668341,2038291.46265843,10,6.1,us,"10 km E of El Calvario, Colombia",2023/08/17 17:04:48.770+00,6.1,mww,directa,470,Cortical
4.2285,-73.6849,4924022.46294426,2025280.79893443,10,5.0946,us,"11 km NW of Villavicencio, Colombia",2023/08/17 17:40:16.241+00,4.9,mb,convertida,471,Cortical
4.3633,-73.485,4946207.91199337,2040158.96327663,10,5.19,us,"10 km N of Cumaral, Colombia",2023/08/18 01:15:26.559+00,5,mb,convertida,472,Cortical
4.4451,-76.2619,4638067.00431853,2049979.06166784,141.956,4.4268,us,"7 km SSW of El Dovio, Colombia",2023/10/31 09:52:02.489+00,4.2,mb,convertida,473,Subducción intraplaca
4.3276,-76.4337,4618922.6247409,2037059.51128469,85.061,4.5222,us,"17 km NW of Trujillo, Colombia",2023/11/06 20:58:32.027+00,4.3,mb,convertida,474,Subducción intraplaca
4.3431,-73.4809,4946661.23787323,2037926.65079028,10,4.713,us,"8 km N of Cumaral, Colombia",2023/11/10 07:48:04.471+00,4.5,mb,convertida,475,Cortical
4.2967,-76.0903,4657058.67628651,2033476.27955472,145.003,4.4268,us,"11 km S of Zarzal, Colombia",2023/11/26 14:30:56.609+00,4.2,mb,convertida,476,Subducción intraplaca
4.7429,-75.8481,4684152.97108036,2082734.20847623,65.067,5.6,us,"7 km E of Cartago, Colombia",2024/01/19 11:26:03.598+00,5.6,mww,directa,477,Subducción intraplaca
4.8447,-75.9969,4667686.12649457,2094067.46381314,76.307,4.5222,us,"5 km N of Ansermanuevo, Colombia",2024/01/19 11:47:28.023+00,4.3,mb,convertida,478,Subducción intraplaca
4.786,-75.9499,4672874.27857298,2087550.06278523,89.291,4.4268,us,"5 km ESE of Ansermanuevo, Colombia",2024/02/10 13:57:06.911+00,4.2,mb,convertida,479,Subducción intraplaca
4.9949,-76.0626,4660470.36813719,2110719.80110756,126.48,4.8084,us,"6 km W of La Celia, Colombia",2024/04/30 15:44:52.095+00,4.6,mb,convertida,480,Subducción intraplaca
2.0194,-76.027,4663355.87349744,1781479.0966231,12.009,4.6176,us,"3 km NNE of Saladoblanco, Colombia",2024/05/05 06:11:07.336+00,4.4,mb,convertida,481,Cortical
4.2454,-73.5039,4944103.03200368,2027132.82346558,9.966,4.6176,us,"3 km SW of Cumaral, Colombia",2024/06/03 11:52:40.059+00,4.4,mb,convertida,482,Cortical
4.3193,-75.9119,4676883.40021015,2035898.78034201,11.719,4.713,us,"6 km NNE of Sevilla, Colombia",2024/06/07 07:55:57.321+00,4.5,mb,convertida,483,Subducción interplaca
3.3996,-74.3109,4854430.20654003,1933760.29943553,10,4.4268,us,"29 km W of Mesetas, Colombia",2024/07/30 05:32:17.757+00,4.2,mb,convertida,484,Cortical
4.5472,-76.3159,4632120.00563072,2061305.88740552,51.986,4.9038,us,"9 km WNW of El Dovio, Colombia",2025/01/04 08:17:24.376+00,4.7,mb,convertida,485,Subducción intraplaca
4.5564,-76.6012,4600432.8596016,2062476.27575362,122.305,4.713,us,"11 km SSE of Sipí, Colombia",2025/03/10 07:57:09.421+00,4.5,mb,convertida,486,Subducción intraplaca
4.7022,-76.0962,4656593.70515263,2078348.82991965,99.649,4.713,us,"3 km SE of Argelia, Colombia",2025/04/01 02:04:04.952+00,4.5,mb,convertida,487,Subducción intraplaca
4.4562,-75.6179,4709583.7205741,2050922.15198749,164.813,4.4268,us,"8 km SSE of Calarcá, Colombia",2025/04/09 12:41:00.584+00,4.2,mb,convertida,488,Subducción intraplaca
4.0695,-75.4801,4724742.61311953,2008102.12107032,10,4.5222,us,"7 km W of Playarrica, Colombia",2025/05/18 06:17:26.554+00,4.3,mb,convertida,489,Subducción interplaca
3.3141,-77.507,4499000.27447123,1925355.59295346,35,4.8,us,"62 km NNE of Timbiquí, Colombia",2025/05/23 04:56:45.663+00,4.8,mwr,directa,490,Cortical
2.4911,-76.2254,4641384.10833678,1833721.56733341,35.053,4.6176,us,"18 km WSW of Inzá, Colombia",2025/06/20 19:58:33.019+00,4.4,mb,convertida,491,Cortical
4.3578,-76.1928,4645700.81119269,2040284.61719663,150.107,4.7,us,"2 km NNW of Bolívar, Colombia",2025/08/11 00:16:32.147+00,4.7,mww,directa,492,Subducción intraplaca
2.7226,-76.7369,4584513.71902791,1859504.77883386,10,4.6176,us,"12 km WSW of Morales, Colombia",2025/08/27 09:31:35.740+00,4.4,mb,convertida,493,Cortical
3.8376,-76.5812,4602290.32631011,1982888.9535804,136.419,4.5222,us,"6 km WNW of Restrepo, Colombia",2025/11/01 19:52:42.346+00,4.3,mb,convertida,494,Subducción intraplaca
3.0699,-75.1055,4766085.45443415,1897463.44806236,10,4.6176,us,"3 km E of Tello, Colombia",2025/12/21 14:05:26.416+00,4.4,mb,convertida,495,Cortical
4.4858,-76.331,4630411.72682018,2054517.94217061,129.689,4.3314,us,"10 km WSW of El Dovio, Colombia",2026/02/07 20:46:52.880+00,4.1,mb,convertida,496,Subducción intraplaca
4.8655,-76.4465,4617787.73213244,2096607.13993579,103.958,5.0946,us,"20 km ESE of Nóvita, Colombia",2026/02/13 11:40:53.798+00,4.9,mb,convertida,497,Subducción intraplaca
4.6844,-76.0839,4657950.55455975,2076373.17389035,114.525,4.8084,us,"5 km SE of Argelia, Colombia",2026/03/09 22:11:22.450+00,4.6,mb,convertida,498,Subducción intraplaca
4.1341,-76.6659,4593017.50488106,2015756.48009463,112.725,5.3,us,"30 km NW of Darien, Colombia",2026/05/14 12:48:21.593+00,5.3,mww,directa,499,Subducción intraplaca
4.0074,-76.5596,4604772.19665853,2001676.46384885,10,4.4268,us,"11 km NW of Darien, Colombia",2026/06/26 08:31:45.349+00,4.2,mb,convertida,500,Subducción interplaca
4.8836,-76.2182,4643142.85457638,2098485.03861471,108.174,7.4,us,"2 km SE of San José del Palmar, Colombia",2026/08/10 12:34:28.009+00,7.4,mww,directa,501,Subducción intraplaca
4.877,-76.3246,4631327.9064806,2097812.03508678,91.129,5.19,us,"10 km WSW of San José del Palmar, Colombia",2026/08/10 13:18:09.581+00,5,mb,convertida,502,Subducción intraplaca
4.9924,-76.3671,4626674.27914855,2110608.36708512,97.87,4.5222,us,"18 km NW of San José del Palmar, Colombia",2026/08/10 15:01:31.472+00,4.3,mb,convertida,503,Subducción intraplaca
4.9121,-76.33,4630747.70623166,2101699.84131609,101.646,4.3314,us,"10 km W of San José del Palmar, Colombia",2026/08/11 15:43:41.168+00,4.1,mb,convertida,504,Subducción intraplaca
4.8948,-76.2213,4642804.69042491,2099726.16099808,103.362,4.5222,us,"1 km E of San José del Palmar, Colombia",2026/08/13 14:42:32.286+00,4.3,mb,convertida,505,Subducción intraplaca
4.9268,-76.414,4621430.74531504,2103374.01621155,96.66,4.5222,us,"20 km W of San José del Palmar, Colombia",2026/08/14 03:21:46.170+00,4.3,mb,convertida,506,Subducción intraplaca
4.4825,-76.8266,4575344.79615257,2054421.87458587,78.299,4.6176,us,"27 km SW of Sipí, Colombia",2026/08/24 02:41:00.522+00,4.4,mb,convertida,507,Subducción intraplaca
4.3503,-76.7599,4582683.39363024,2039745.02426731,73.956,4.6176,us,"35 km SSW of Sipí, Colombia",2026/08/24 18:55:28.009+00,4.4,mb,convertida,508,Subducción intraplaca
4.5126,-76.7491,4583974.80039225,2057710.22775387,61.381,4.9038,us,"19 km SW of Sipí, Colombia",2026/08/27 15:25:29.013+00,4.7,mb,convertida,509,Subducción intraplaca
4.5132,-76.7395,4585041.93023171,2057771.17096611,60.635,4.713,us,"18 km SW of Sipí, Colombia",2026/08/29 10:50:23.751+00,4.5,mb,convertida,510,Subducción intraplaca
2.4078,-76.1637,4648229.51165509,1824487.1792024,10,4.713,us,"19 km SSW of Inzá, Colombia",2026/08/30 04:37:56.698+00,4.5,mb,convertida,511,Cortical
4.3985,-76.7157,4587622.54479952,2045057.56879746,71.437,4.713,us,"29 km SSW of Sipí, Colombia",2026/09/03 05:17:15.307+00,4.5,mb,convertida,512,Subducción intraplaca
4.5418,-76.795,4578890.98800163,2060970.12400663,61.61,4.6176,us,"20 km SW of Sipí, Colombia",2026/09/06 22:15:38.764+00,4.4,mb,convertida,513,Subducción intraplaca
4.5226,-76.7929,4579113.21360605,2058842.80821328,67.08,4.6176,us,"21 km SW of Sipí, Colombia",2026/09/08 02:01:34.461+00,4.4,mb,convertida,514,Subducción intraplaca
4.4626,-76.8003,4578256.28900332,2052203.02658572,68.328,4.9038,us,"27 km SW of Sipí, Colombia",2026/09/11 16:42:31.376+00,4.7,mb,convertida,515,Subducción intraplaca
4.4114,-76.809,4577260.1757475,2046538.35864078,77.309,4.9038,us,"32 km SW of Sipí, Colombia",2026/09/12 11:16:12.244+00,4.7,mb,convertida,516,Subducción intraplaca
4.4944,-76.7446,4584464.50207574,2055692.40683103,59.835,5.0946,us,"20 km SSW of Sipí, Colombia",2026/09/14 20:02:04.355+00,4.9,mb,convertida,517,Subducción intraplaca
4.5502,-76.8767,4569816.58370263,2061948.58629391,50.363,4.9,us,"28 km WSW of Sipí, Colombia",2026/09/14 21:13:16.278+00,4.9,mww,directa,518,Subducción intraplaca
4.474,-76.7671,4581952.49283558,2053446.36700376,69.61,4.8084,us,"24 km SW of Sipí, Colombia",2026/09/14 22:39:04.026+00,4.6,mb,convertida,519,Subducción intraplaca
4.495,-76.7822,4580286.3969499,2055780.38474138,71.01,4.8084,us,"23 km SW of Sipí, Colombia",2026/09/16 06:18:06.190+00,4.6,mb,convertida,520,Subducción intraplaca
4.46,-76.8006,4578221.45966854,2051915.28861513,51.459,4.9038,us,"27 km SW of Sipí, Colombia",2026/09/16 20:55:00.902+00,4.7,mb,convertida,521,Subducción intraplaca
4.5449,-76.7654,4582182.04288033,2061296.17808491,58.798,4.6176,us,"18 km SW of Sipí, Colombia",2026/09/17 01:12:49.502+00,4.4,mb,convertida,522,Subducción intraplaca
4.5211,-76.8219,4575889.5611046,2058693.61420149,57.808,4.9038,us,"24 km SW of Sipí, Colombia",2026/09/17 21:10:25.572+00,4.7,mb,convertida,523,Subducción intraplaca
4.3224,-76.7931,4578977.64950692,2036674.03526246,68.374,4.9038,us,"40 km SSW of Sipí, Colombia",2026/09/18 06:17:03.598+00,4.7,mb,convertida,524,Subducción intraplaca
4.5042,-76.7978,4578558.0392145,2056808.14256945,72.587,4.713,us,"23 km SW of Sipí, Colombia",2026/09/18 18:41:22.677+00,4.5,mb,convertida,525,Subducción intraplaca
4.415,-76.7636,4582308.1516553,2046911.29988277,74.036,4.5222,us,"29 km SSW of Sipí, Colombia",2026/09/19 05:01:48.911+00,4.3,mb,convertida,526,Subducción intraplaca
4.5179,-76.8729,4570219.75211289,2058369.2802386,58.204,4.9992,us,"29 km WSW of Sipí, Colombia",2026/09/19 13:44:35.732+00,4.8,mb,convertida,527,Subducción intraplaca
4.822,-74.63,4819307.6277832,2091040.85162315,21,4.5068,SGC,"San Juan De Rioseco - Cundinamarca, Colombia",1993/06/07 05:47:54+00,4.6,ML,convertida,528,Cortical
4.047,-75.272,4747844.52241042,2005546.06708043,0,3.5488,SGC,"Ortega - Tolima, Colombia",1993/06/15 16:18:23+00,3.6,ML,convertida,529,Cortical
3.369,-73.696,4922714.61674272,1930308.13832578,0,3.7404,SGC,"Fuente De Oro - Meta, Colombia",1993/06/26 06:19:28+00,3.8,ML,convertida,530,Cortical
4.947,-76.389,4624217.54489518,2105595.70599622,100,3.5488,SGC,"San José Del Palmar - Chocó, Colombia",1993/06/26 07:30:53+00,3.6,ML,convertida,531,Subducción intraplaca
4.639,-76.235,4641150.98816967,2071424.46005632,128,3.1656,SGC,"Versalles - Valle Del Cauca, Colombia",1993/07/04 20:18:51+00,3.2,ML,convertida,532,Subducción intraplaca
1.838,-75.986,4667884.58198792,1761400.92418939,0,3.0698,SGC,"Pitalito - Huila, Colombia",1993/07/06 14:10:50+00,3.1,ML,convertida,533,Cortical
4.053,-75.194,4756507.35804776,2006185.66519856,0,3.0698,SGC,"Ortega - Tolima, Colombia",1993/07/10 02:45:35+00,3.1,ML,convertida,534,Cortical
4.427,-77.061,4549256.32528326,2048414.57713271,40,3.5488,SGC,"Santa Genoveva De Docordó - Chocó, Colombia",1993/07/20 19:20:37+00,3.6,ML,convertida,535,Cortical
1.873,-76.007,4665553.31174238,1765277.25015366,0,3.1656,SGC,"Pitalito - Huila, Colombia",1993/08/02 21:55:17+00,3.2,ML,convertida,536,Cortical
2.275,-73.582,4935313.45346016,1809419.13170102,6,3.1656,SGC,"La Macarena - Meta, Colombia",1993/08/05 04:59:27+00,3.2,ML,convertida,537,Cortical
3.748,-74.22,4864576.95449313,1972250.55526124,3,3.2614,SGC,"Lejanías - Meta, Colombia",1993/08/07 08:44:13+00,3.3,ML,convertida,538,Cortical
2.363,-75.441,4728633.46594554,1819367.44719514,0,3.3572,SGC,"Gigante - Huila, Colombia",1993/08/18 06:59:35+00,3.4,ML,convertida,539,Cortical
4.078,-75.424,4730975.52467378,2009023.20312763,4,3.0698,SGC,"San Antonio - Tolima, Colombia",1993/08/29 00:54:15+00,3.1,ML,convertida,540,Subducción interplaca
4.843,-76.38,4625158.62891216,2094079.3801419,94,3.8362,SGC,"San José Del Palmar - Chocó, Colombia",1993/08/29 23:34:28+00,3.9,ML,convertida,541,Subducción intraplaca
2.488,-75.296,4744785.53848043,1833162.04846453,8,3.0698,SGC,"Algeciras - Huila, Colombia",1993/09/12 13:32:08+00,3.1,ML,convertida,542,Cortical
4.889,-76.335,4630179.92440005,2099145.90407282,100,3.1656,SGC,"San José Del Palmar - Chocó, Colombia",1993/09/28 13:40:26+00,3.2,ML,convertida,543,Subducción intraplaca
4.202,-76.794,4578811.89561536,2023342.21416876,100,5.5606,SGC,"Buenaventura - Valle Del Cauca, Colombia",1993/10/12 14:51:27+00,5.7,ML,convertida,544,Subducción intraplaca
4.729,-74.683,4813405.55605452,2080774.83956634,6,3.2614,SGC,"Pulí - Cundinamarca, Colombia",1993/10/26 03:17:21+00,3.3,ML,convertida,545,Cortical
3.778,-74.11,4876793.04541268,1975549.66047776,0,3.932,SGC,"Lejanías - Meta, Colombia",1993/10/28 12:15:56+00,4,ML,convertida,546,Cortical
3.437,-74.161,4871083.37454037,1937872.16538993,0,3.0698,SGC,"Mesetas - Meta, Colombia",1993/11/02 04:34:32+00,3.1,ML,convertida,547,Cortical
4.389,-76.378,4625141.977581,2043827.69007959,121,3.0698,SGC,"El Dovio - Valle Del Cauca, Colombia",1993/11/02 22:23:26+00,3.1,ML,convertida,548,Subducción intraplaca
1.876,-75.92,4675238.79011656,1765592.75659098,0,3.2614,SGC,"Acevedo - Huila, Colombia",1993/11/12 18:37:31+00,3.3,ML,convertida,549,Cortical
2.45,-75.44,4728761.91835397,1828988.43880529,10,3.2614,SGC,"Gigante - Huila, Colombia",1993/12/14 20:27:10+00,3.3,ML,convertida,550,Cortical
2.31,-75.37,4736521.25005621,1813492.89170129,8,4.0278,SGC,"Gigante - Huila, Colombia",1993/12/19 22:59:27+00,4.1,ML,convertida,551,Cortical
2.813,-74.485,4835001.99875326,1868953.59341506,0,4.6984,SGC,"Uribe - Meta, Colombia",1994/01/06 16:19:00+00,4.8,ML,convertida,552,Cortical
3.738,-77.263,4526390.30535123,1972201.66620768,32,3.1656,SGC,"Buenaventura - Valle Del Cauca, Colombia",1994/01/19 05:09:21+00,3.2,ML,convertida,553,Cortical
3.706,-75.904,4677519.90732425,1968044.27485395,4,3.0698,SGC,"Rioblanco - Tolima, Colombia",1994/01/19 07:55:45+00,3.1,ML,convertida,554,Subducción interplaca
3.352,-74.467,4837084.45488658,1928524.19599077,1,3.3572,SGC,"Uribe - Meta, Colombia",1994/02/04 19:54:30+00,3.4,ML,convertida,555,Cortical
2.794,-74.5,4833332.28296979,1866855.72307849,0,3.6446,SGC,"Uribe - Meta, Colombia",1994/02/12 03:12:16+00,3.7,ML,convertida,556,Cortical
5.105,-76.123,4653826.22714628,2122934.70198456,108,4.6026,SGC,"Pueblo Rico - Risaralda, Colombia",1994/02/27 23:55:13+00,4.7,ML,convertida,557,Subducción intraplaca
5.103,-76.134,4652604.63313131,2122719.32086134,115,4.6984,SGC,"Pueblo Rico - Risaralda, Colombia",1994/02/28 08:40:08+00,4.8,ML,convertida,558,Subducción intraplaca
3.485,-74.758,4804785.47818248,1943279.45977404,28,3.3572,SGC,"Colombia - Huila, Colombia",1994/03/15 16:04:34+00,3.4,ML,convertida,559,Cortical
3.329,-74.466,4837191.74177407,1925981.93730885,0,3.0698,SGC,"Uribe - Meta, Colombia",1994/03/24 20:01:36+00,3.1,ML,convertida,560,Cortical
4.374,-76.585,4602134.15455096,2042274.1587254,32,3.3572,SGC,"Sipí - Chocó, Colombia",1994/03/27 05:59:28+00,3.4,ML,convertida,561,Subducción interplaca
3.897,-76.323,4631023.79950991,1989347.23068093,128,3.2614,SGC,"Guadalajara De Buga - Valle Del Cauca, Colombia",1994/04/05 10:28:56+00,3.3,ML,convertida,562,Subducción intraplaca
2.505,-75.698,4700073.95798229,1835127.08397126,0,3.1656,SGC,"Tesalia - Huila, Colombia",1994/04/16 12:46:46+00,3.2,ML,convertida,563,Cortical
1.883,-76.182,4646071.78398932,1766418.26161682,0,3.1656,SGC,"San José De Isnos - Huila, Colombia",1994/04/18 13:35:03+00,3.2,ML,convertida,564,Cortical
4.097,-76.495,4611996.60253866,2011563.93761616,127,3.1656,SGC,"Darién - Valle Del Cauca, Colombia",1994/04/21 14:37:59+00,3.2,ML,convertida,565,Subducción intraplaca
2.666,-75.029,4774508.83835305,1852792.6227072,2,3.5488,SGC,"Rivera - Huila, Colombia",1994/04/22 05:00:53+00,3.6,ML,convertida,566,Cortical
1.877,-76.023,4663772.85708905,1765722.88325338,0,3.7404,SGC,"Pitalito - Huila, Colombia",1994/04/27 09:06:46+00,3.8,ML,convertida,567,Cortical
4.617,-74.9,4789305.01168822,2068454.90168284,4,3.3572,SGC,"Alvarado - Tolima, Colombia",1994/05/07 01:13:55+00,3.4,ML,convertida,568,Cortical
3.982,-76.624,4597599.92500495,1998895.79071519,2,3.8362,SGC,"Darién - Valle Del Cauca, Colombia",1994/05/17 23:16:25+00,3.9,ML,convertida,569,Subducción interplaca
3.864,-76.522,4608885.1963013,1985784.07213773,131,3.2614,SGC,"Restrepo - Valle Del Cauca, Colombia",1994/05/23 03:26:43+00,3.3,ML,convertida,570,Subducción intraplaca
3.227,-74.793,4800845.43438261,1914766.50198895,0,3.453,SGC,"Colombia - Huila, Colombia",1994/05/30 07:29:14+00,3.5,ML,convertida,571,Cortical
3.8,-76.959,4560251.06517614,1978909.9149051,85,3.2614,SGC,"Buenaventura - Valle Del Cauca, Colombia",1994/05/30 20:34:39+00,3.3,ML,convertida,572,Subducción intraplaca
3.945,-76.358,4627154.39807459,1994675.33067911,100,3.3572,SGC,"Guadalajara De Buga - Valle Del Cauca, Colombia",1994/06/13 11:40:07+00,3.4,ML,convertida,573,Subducción intraplaca
3.623,-73.72,4920070.97374667,1958376.73385175,0,3.5488,SGC,"Granada - Meta, Colombia",1994/06/13 13:59:33+00,3.6,ML,convertida,574,Cortical
3.433,-74.673,4814216.79837125,1937514.34953357,0,3.2614,SGC,"Colombia - Huila, Colombia",1994/06/19 03:56:42+00,3.3,ML,convertida,575,Cortical
4.948,-75.632,4708223.43851405,2105325.31689803,134,3.2614,SGC,"Chinchiná - Caldas, Colombia",1994/07/06 18:18:35+00,3.3,ML,convertida,576,Subducción intraplaca
2.864,-74.845,4794998.9725826,1874648.5166261,12,3.1656,SGC,"Baraya - Huila, Colombia",1994/07/11 19:03:42+00,3.2,ML,convertida,577,Cortical
4.742,-74.62,4820395.61478225,2082195.21631343,21,3.2614,SGC,"Quipile - Cundinamarca, Colombia",1994/07/25 20:52:51+00,3.3,ML,convertida,578,Cortical
4.781,-76.336,4630010.18007691,2087193.03372992,88,3.0698,SGC,"El Cairo - Valle Del Cauca, Colombia",1994/07/28 05:23:46+00,3.1,ML,convertida,579,Subducción intraplaca
2.674,-76.121,4653053.25821541,1853931.93367036,14,3.1656,SGC,"Inzá - Cauca, Colombia",1994/08/01 12:38:43+00,3.2,ML,convertida,580,Cortical
1.998,-77.021,4552643.56507761,1779349.06917628,140,3.3572,SGC,"Sucre - Cauca, Colombia",1994/08/04 08:47:47+00,3.4,ML,convertida,581,Subducción intraplaca
3.346,-76.262,4637584.90651989,1928341.9206639,141,3.1656,SGC,"Florida - Valle Del Cauca, Colombia",1994/08/11 06:44:45+00,3.2,ML,convertida,582,Subducción intraplaca
2.858,-75.975,4669349.43310705,1874248.93517202,3,3.5488,SGC,"Belalcázar - Cauca, Colombia",1994/08/18 12:33:52+00,3.6,ML,convertida,583,Cortical
2.868,-74.859,4793443.58191977,1875093.21821034,16,3.1656,SGC,"Tello - Huila, Colombia",1994/08/24 06:58:09+00,3.2,ML,convertida,584,Cortical
4.103,-76.551,4605774.73477484,2012255.53821938,102,3.5488,SGC,"Darién - Valle Del Cauca, Colombia",1994/09/16 08:28:44+00,3.6,ML,convertida,585,Subducción intraplaca
4.542,-76.191,4645988.93478521,2060667.92268776,132,3.1656,SGC,"Versalles - Valle Del Cauca, Colombia",1994/09/21 02:45:40+00,3.2,ML,convertida,586,Subducción intraplaca
2.819,-76.017,4664665.86685553,1869946.08371539,4,3.7404,SGC,"Belalcázar - Cauca, Colombia",1994/09/22 04:22:44+00,3.8,ML,convertida,587,Cortical
3.709,-74.183,4868678.85081371,1967934.8768196,1,3.453,SGC,"Lejanías - Meta, Colombia",1994/09/26 20:05:40+00,3.5,ML,convertida,588,Cortical
2.861,-74.849,4794553.83681635,1874317.59427638,18,3.0698,SGC,"Tello - Huila, Colombia",1994/09/28 02:29:45+00,3.1,ML,convertida,589,Cortical
3.845,-75.62,4709126.69327339,1983320.09429059,0,3.1656,SGC,"San Antonio - Tolima, Colombia",1994/10/06 00:20:03+00,3.2,ML,convertida,590,Subducción interplaca
2.342,-75.381,4735303.61946078,1817033.60780305,13,4.0278,SGC,"Gigante - Huila, Colombia",1994/10/16 04:23:44+00,4.1,ML,convertida,591,Cortical
4.756,-76.344,4629108.47373953,2084430.33988509,83,3.0698,SGC,"El Cairo - Valle Del Cauca, Colombia",1994/10/21 12:26:48+00,3.1,ML,convertida,592,Subducción intraplaca
1.658,-76.354,4626874.02425378,1741551.78911206,4,3.8362,SGC,"Santa Rosa - Cauca, Colombia",1994/10/25 22:51:33+00,3.9,ML,convertida,593,Cortical
2.248,-75.371,4736398.72509289,1806636.95748943,3,3.7404,SGC,"Gigante - Huila, Colombia",1994/10/27 10:47:29+00,3.8,ML,convertida,594,Cortical
4.757,-74.687,4812969.48600136,2083871.06280839,6,3.8362,SGC,"Beltrán - Cundinamarca, Colombia",1994/10/28 09:00:21+00,3.9,ML,convertida,595,Cortical
1.907,-75.822,4686152.90498022,1769004.12255129,4,3.0698,SGC,"Suaza - Huila, Colombia",1994/10/31 14:57:48+00,3.1,ML,convertida,596,Cortical
2.366,-75.512,4720735.97449919,1819713.31438304,4,3.1656,SGC,"Gigante - Huila, Colombia",1994/11/03 19:17:52+00,3.2,ML,convertida,597,Cortical
4.624,-76.766,4582161.45303942,2070055.31217725,62,3.6446,SGC,"Sipí - Chocó, Colombia",1994/11/06 15:05:33+00,3.7,ML,convertida,598,Subducción intraplaca
3.534,-75.379,4735806.77845582,1948849.61252395,0,4.0278,SGC,"Ataco - Tolima, Colombia",1994/11/15 22:57:10+00,4.1,ML,convertida,599,Cortical
4.913,-76.358,4627639.86703162,2101815.00759532,100,3.1656,SGC,"San José Del Palmar - Chocó, Colombia",1994/11/21 01:10:17+00,3.2,ML,convertida,600,Subducción intraplaca
5.109,-74.729,4808412.7412335,2122794.04870635,2,3.8362,SGC,"Honda - Tolima, Colombia",1994/12/02 06:15:29+00,3.9,ML,convertida,601,Cortical
3.48,-74.801,4800007.99751869,1942735.75792663,15,4.6026,SGC,"Colombia - Huila, Colombia",1994/12/10 14:12:47+00,4.7,ML,convertida,602,Cortical
3.011,-75.841,4684298.12818723,1891136.7891844,17,3.2614,SGC,"Santa María - Huila, Colombia",1994/12/11 04:03:45+00,3.3,ML,convertida,603,Subducción interplaca
3.325,-74.426,4841634.27774595,1925533.32920213,0,3.0698,SGC,"Uribe - Meta, Colombia",1994/12/15 20:34:48+00,3.1,ML,convertida,604,Cortical
1.567,-75.806,4687877.8917644,1731390.36916772,51,3.0698,SGC,"Morelia - Caquetá, Colombia",1994/12/26 10:09:43+00,3.1,ML,convertida,605,Subducción intraplaca
2.712,-74.644,4817315.47942669,1857813.34725133,10,3.0698,SGC,"Baraya - Huila, Colombia",1994/12/27 18:51:27+00,3.1,ML,convertida,606,Cortical
0.964,-76.537,4606381.63239054,1664762.56253541,0,3.2614,SGC,"Villagarzón - Putumayo, Colombia",1994/12/31 11:03:29+00,3.3,ML,convertida,607,Cortical
2.342,-75.475,4724847.21351163,1817051.7260986,4,3.1656,SGC,"Gigante - Huila, Colombia",1995/01/01 04:09:30+00,3.2,ML,convertida,608,Cortical
4.234,-74.166,4870648.01916738,2025952.20415314,4,3.0698,SGC,"Pasca - Cundinamarca, Colombia",1995/01/05 12:52:54+00,3.1,ML,convertida,609,Cortical
4.693,-75.105,4766587.52482071,2076922.0210959,148,3.1656,SGC,"Santa Isabel - Tolima, Colombia",1995/01/22 12:28:38+00,3.2,ML,convertida,610,Subducción intraplaca
5.151,-74.672,4814742.72974809,2127420.08084506,18,3.0698,SGC,"Honda - Tolima, Colombia",1995/01/22 17:20:53+00,3.1,ML,convertida,611,Cortical
1.582,-76.569,4602910.6632483,1733180.31288344,1,3.1656,SGC,"Santa Rosa - Cauca, Colombia",1995/01/24 01:24:24+00,3.2,ML,convertida,612,Cortical
2.369,-75.393,4733973.92787466,1820021.66172587,0,3.0698,SGC,"Gigante - Huila, Colombia",1995/01/26 10:55:10+00,3.1,ML,convertida,613,Cortical
4.716,-76.441,4618315.29916459,2080055.61995037,105,3.3572,SGC,"Sipí - Chocó, Colombia",1995/01/29 12:46:45+00,3.4,ML,convertida,614,Subducción intraplaca
2.338,-74.16,4871070.54661983,1816420.05755245,2,3.3572,SGC,"La Macarena - Meta, Colombia",1995/01/31 12:51:47+00,3.4,ML,convertida,615,Cortical
4.12,-76.758,4582770.87709441,2014243.09489676,94,3.7404,SGC,"Darién - Valle Del Cauca, Colombia",1995/02/08 15:47:51+00,3.8,ML,convertida,616,Subducción intraplaca
4.182,-76.491,4612482.65367004,2020971.17873177,60,3.3572,SGC,"Trujillo - Valle Del Cauca, Colombia",1995/02/08 17:41:46+00,3.4,ML,convertida,617,Subducción intraplaca
4.037,-76.693,4589955.32395942,2005019.48114312,79,3.0698,SGC,"Darién - Valle Del Cauca, Colombia",1995/02/08 21:33:33+00,3.1,ML,convertida,618,Subducción intraplaca
4.111,-76.759,4582654.99481814,2013247.05971849,95,3.453,SGC,"Darién - Valle Del Cauca, Colombia",1995/02/09 01:29:09+00,3.5,ML,convertida,619,Subducción intraplaca
4.096,-76.737,4585093.2598047,2011574.68094976,90,3.6446,SGC,"Darién - Valle Del Cauca, Colombia",1995/02/10 14:03:52+00,3.7,ML,convertida,620,Subducción intraplaca
4.117,-76.621,4598000.27503915,2013840.39546119,80,3.0698,SGC,"Darién - Valle Del Cauca, Colombia",1995/02/19 12:40:37+00,3.1,ML,convertida,621,Subducción intraplaca
4.114,-76.664,4593218.47801844,2013530.09239039,82,3.1656,SGC,"Darién - Valle Del Cauca, Colombia",1995/02/20 13:52:26+00,3.2,ML,convertida,622,Subducción intraplaca
3.732,-73.902,4899877.35666931,1970439.74991488,1,4.1236,SGC,"El Dorado - Meta, Colombia",1995/02/24 09:10:28+00,4.2,ML,convertida,623,Cortical
4.081,-76.687,4590644.66174848,2009888.12209948,4,3.1656,SGC,"Darién - Valle Del Cauca, Colombia",1995/03/02 17:44:33+00,3.2,ML,convertida,624,Subducción interplaca
2.858,-76.727,4585663.55001714,1874493.26795177,108,3.1656,SGC,"Suárez - Cauca, Colombia",1995/03/05 01:08:45+00,3.2,ML,convertida,625,Subducción intraplaca
2.506,-75.357,4738004.7957342,1835164.48520142,4,3.1656,SGC,"Algeciras - Huila, Colombia",1995/03/05 06:15:10+00,3.2,ML,convertida,626,Cortical
4.393,-74.815,4798672.41292979,2043667.57767543,84,4.0278,SGC,"Nariño - Cundinamarca, Colombia",1995/03/05 09:24:31+00,4.1,ML,convertida,627,Subducción intraplaca
4.05,-76.614,4598745.07446436,2006419.23696501,71,3.0698,SGC,"Darién - Valle Del Cauca, Colombia",1995/03/10 14:56:04+00,3.1,ML,convertida,628,Subducción intraplaca
2.835,-75.874,4680578.14234679,1871675.87378512,4,3.2614,SGC,"Belalcázar - Cauca, Colombia",1995/03/23 16:11:06+00,3.3,ML,convertida,629,Cortical
1.896,-75.819,4686484.83085681,1767786.73850646,0,3.1656,SGC,"Suaza - Huila, Colombia",1995/03/25 17:52:19+00,3.2,ML,convertida,630,Cortical
3.278,-74.488,4834739.52422426,1920348.73086189,0,4.5068,SGC,"Uribe - Meta, Colombia",1995/04/01 21:36:36+00,4.6,ML,convertida,631,Cortical
3.612,-74.443,4839794.27336205,1957256.72048064,0,3.1656,SGC,"Villarrica - Tolima, Colombia",1995/04/04 19:54:05+00,3.2,ML,convertida,632,Cortical
4.313,-76.434,4618881.98506294,2035443.58926167,113,3.0698,SGC,"Trujillo - Valle Del Cauca, Colombia",1995/04/10 11:52:53+00,3.1,ML,convertida,633,Subducción intraplaca
4.582,-76.358,4627461.95069755,2065179.22768147,122,3.5488,SGC,"El Dovio - Valle Del Cauca, Colombia",1995/04/13 13:28:15+00,3.6,ML,convertida,634,Subducción intraplaca
4.149,-76.732,4585676.69620097,2017440.54007393,98,3.0698,SGC,"Darién - Valle Del Cauca, Colombia",1995/04/15 02:40:52+00,3.1,ML,convertida,635,Subducción intraplaca
2.822,-75.893,4678461.06601428,1870242.95207965,17,3.3572,SGC,"Belalcázar - Cauca, Colombia",1995/05/02 10:35:36+00,3.4,ML,convertida,636,Cortical
4.542,-74.642,4817904.59545984,2060093.32310156,1,3.2614,SGC,"Apulo - Cundinamarca, Colombia",1995/05/02 22:21:44+00,3.3,ML,convertida,637,Cortical
3.758,-77.248,4528070.58991989,1974409.45427868,62,3.8362,SGC,"Buenaventura - Valle Del Cauca, Colombia",1995/05/03 06:44:18+00,3.9,ML,convertida,638,Subducción intraplaca
4.088,-76.641,4595762.3049515,2010639.81410412,82,3.453,SGC,"Darién - Valle Del Cauca, Colombia",1995/05/04 01:18:37+00,3.5,ML,convertida,639,Subducción intraplaca
2.838,-75.841,4684249.67179564,1871998.68579314,19,3.0698,SGC,"Belalcázar - Cauca, Colombia",1995/05/05 19:21:28+00,3.1,ML,convertida,640,Cortical
4.417,-76.825,4575484.99276786,2047167.61669582,141,3.1656,SGC,"Sipí - Chocó, Colombia",1995/05/26 03:40:13+00,3.2,ML,convertida,641,Subducción intraplaca
3.64,-75.989,4668048.06284655,1960773.42300538,2,3.0698,SGC,"Ginebra - Valle Del Cauca, Colombia",1995/05/30 19:23:26+00,3.1,ML,convertida,642,Subducción interplaca
4.567,-75.817,4687526.95201015,2063260.98570471,153,3.0698,SGC,"Montenegro - Quindío, Colombia",1995/06/03 07:36:37+00,3.1,ML,convertida,643,Subducción intraplaca
4.905,-74.613,4821214.55015171,2100210.9580244,22,4.5068,SGC,"Chaguaní - Cundinamarca, Colombia",1995/06/04 12:39:35+00,4.6,ML,convertida,644,Cortical
3.446,-74.654,4816329.78794955,1938947.6451627,4,3.3572,SGC,"Colombia - Huila, Colombia",1995/06/16 21:09:28+00,3.4,ML,convertida,645,Cortical
4.118,-76.676,4591886.44557303,2013979.10540323,89,3.6446,SGC,"Darién - Valle Del Cauca, Colombia",1995/06/17 00:04:02+00,3.7,ML,convertida,646,Subducción intraplaca
3.442,-76.433,4618601.99183572,1939032.93066,120,3.0698,SGC,"Santiago De Cali - Valle Del Cauca, Colombia",1995/06/19 19:34:39+00,3.1,ML,convertida,647,Subducción intraplaca
3.913,-76.119,4653705.00401482,1991030.97589657,171,3.1656,SGC,"San Pedro - Valle Del Cauca, Colombia",1995/07/08 00:15:21+00,3.2,ML,convertida,648,Subducción intraplaca
2.868,-75.985,4668239.87781027,1875358.21228235,0,3.1656,SGC,"Belalcázar - Cauca, Colombia",1995/07/08 01:14:42+00,3.2,ML,convertida,649,Cortical
2.662,-76.104,4654941.57575482,1852599.32336767,0,3.0698,SGC,"Inzá - Cauca, Colombia",1995/07/11 20:22:16+00,3.1,ML,convertida,650,Cortical
4.063,-75.697,4700650.24113989,2007460.42378758,72,3.0698,SGC,"Roncesvalles - Tolima, Colombia",1995/07/14 03:11:46+00,3.1,ML,convertida,651,Subducción intraplaca
4.161,-73.92,4897931.56894114,2017848.58423179,0,3.0698,SGC,"Guayabetal - Cundinamarca, Colombia",1995/07/14 19:47:37+00,3.1,ML,convertida,652,Cortical
3.71,-76.668,4592578.1533063,1968802.39201995,132,3.7404,SGC,"Dagua - Valle Del Cauca, Colombia",1995/07/17 09:10:09+00,3.8,ML,convertida,653,Subducción intraplaca
3.39,-74.851,4794434.5786567,1932797.23522184,25,3.2614,SGC,"Colombia - Huila, Colombia",1995/07/18 03:12:18+00,3.3,ML,convertida,654,Cortical
2.592,-76.149,4649914.56770536,1844866.13134015,4,3.0698,SGC,"Inzá - Cauca, Colombia",1995/07/19 18:21:02+00,3.1,ML,convertida,655,Cortical
2.9,-75.051,4772107.83027117,1878667.57546493,100,3.2614,SGC,"Tello - Huila, Colombia",1995/07/24 00:53:01+00,3.3,ML,convertida,656,Subducción intraplaca
2.793,-76.029,4663323.39270908,1867072.82410267,4,3.453,SGC,"Belalcázar - Cauca, Colombia",1995/07/24 03:34:17+00,3.5,ML,convertida,657,Cortical
3.994,-75.234,4752048.0314628,1999673.87356417,3,3.0698,SGC,"Ortega - Tolima, Colombia",1995/08/07 20:03:16+00,3.1,ML,convertida,658,Cortical
1.861,-75.954,4671451.18220796,1763939.59330928,0,3.0698,SGC,"Acevedo - Huila, Colombia",1995/08/08 11:39:22+00,3.1,ML,convertida,659,Cortical
4.869,-74.57,4825972.59270023,2096220.37113785,6,3.1656,SGC,"Vianí - Cundinamarca, Colombia",1995/08/21 10:01:15+00,3.2,ML,convertida,660,Cortical
4.956,-74.62,4820452.16639097,2105850.26025822,16,3.5488,SGC,"Chaguaní - Cundinamarca, Colombia",1995/08/24 12:49:59+00,3.6,ML,convertida,661,Cortical
3.488,-76.449,4616840.83459107,1944131.10638451,152,3.0698,SGC,"Yumbo - Valle Del Cauca, Colombia",1995/08/30 01:11:56+00,3.1,ML,convertida,662,Subducción intraplaca
4.79,-74.623,4820075.41674944,2087501.79502273,100,3.1656,SGC,"San Juan De Rioseco - Cundinamarca, Colombia",1995/09/01 00:19:30+00,3.2,ML,convertida,663,Subducción intraplaca
5.044,-74.653,4816818.18039252,2115586.79696605,2,3.1656,SGC,"Guaduas - Cundinamarca, Colombia",1995/09/02 20:46:05+00,3.2,ML,convertida,664,Cortical
3.544,-74.558,4827010.87957209,1949761.69045842,4,3.2614,SGC,"Colombia - Huila, Colombia",1995/09/06 19:27:37+00,3.3,ML,convertida,665,Cortical
4.679,-74.782,4802411.89169985,2075274.90013722,10,3.6446,SGC,"Pulí - Cundinamarca, Colombia",1995/09/07 03:28:37+00,3.7,ML,convertida,666,Cortical
3.406,-77.472,4502945.5237257,1935522.89533533,103,3.6446,SGC,"López - Cauca, Colombia",1995/09/14 00:57:49+00,3.7,ML,convertida,667,Subducción intraplaca
2.587,-75.712,4698535.55526054,1844200.50353027,2,3.2614,SGC,"Íquira - Huila, Colombia",1995/09/14 05:59:37+00,3.3,ML,convertida,668,Cortical
2.053,-76.04,4661915.74865547,1785199.42314313,3,3.2614,SGC,"Oporapa - Huila, Colombia",1995/09/16 06:30:51+00,3.3,ML,convertida,669,Cortical
2.384,-75.413,4731752.14350643,1821684.31228184,8,3.2614,SGC,"Gigante - Huila, Colombia",1995/09/18 16:50:09+00,3.3,ML,convertida,670,Cortical
3.267,-74.783,4801964.32427735,1919186.26597878,0,3.1656,SGC,"Colombia - Huila, Colombia",1995/09/18 17:39:01+00,3.2,ML,convertida,671,Cortical
2.489,-75.213,4754016.37235257,1833256.84369568,9,3.0698,SGC,"Algeciras - Huila, Colombia",1995/09/25 19:21:06+00,3.1,ML,convertida,672,Cortical
4.737,-74.897,4789673.63688181,2081720.41922403,16,3.3572,SGC,"Venadillo - Tolima, Colombia",1995/09/28 02:50:59+00,3.4,ML,convertida,673,Cortical
3.034,-74.296,4856033.77688034,1893352.83340505,3,3.1656,SGC,"Uribe - Meta, Colombia",1995/09/28 04:31:34+00,3.2,ML,convertida,674,Cortical
3.986,-74.152,4872161.83949693,1998542.46801259,0,3.932,SGC,"Gutiérrez - Cundinamarca, Colombia",1995/09/28 04:44:36+00,4,ML,convertida,675,Cortical
4.834,-74.783,4802345.20593227,2092409.90288859,53,3.2614,SGC,"Beltrán - Cundinamarca, Colombia",1995/10/08 23:09:15+00,3.3,ML,convertida,676,Subducción intraplaca
2.398,-75.432,4729641.4305263,1823236.25903073,4,3.1656,SGC,"Gigante - Huila, Colombia",1995/10/18 16:40:54+00,3.2,ML,convertida,677,Cortical
3.985,-76.646,4595155.28727775,1999238.72597283,92,3.453,SGC,"Darién - Valle Del Cauca, Colombia",1995/10/21 19:57:13+00,3.5,ML,convertida,678,Subducción intraplaca
3.038,-77.547,4494409.70309713,1894773.54298663,5,3.0698,SGC,"Timbiquí - Cauca, Colombia",1995/11/06 10:15:00+00,3.1,ML,convertida,679,Cortical
4.183,-76.526,4608593.12029493,2021099.27246908,90,3.453,SGC,"Trujillo - Valle Del Cauca, Colombia",1995/11/09 10:22:10+00,3.5,ML,convertida,680,Subducción intraplaca
2.302,-75.361,4737520.90433583,1812606.57030033,4,3.1656,SGC,"Gigante - Huila, Colombia",1995/11/27 02:46:10+00,3.2,ML,convertida,681,Cortical
1.533,-76.139,4650796.13639905,1727680.79791258,3,3.1656,SGC,"Palestina - Huila, Colombia",1995/12/06 12:10:20+00,3.2,ML,convertida,682,Cortical
4.89,-76.288,4635398.04638976,2099230.84896953,0,3.453,SGC,"San José Del Palmar - Chocó, Colombia",1995/12/09 06:27:51+00,3.5,ML,convertida,683,Subducción interplaca
4.055,-76.741,4584627.42652154,2007036.9685023,94,3.0698,SGC,"Darién - Valle Del Cauca, Colombia",1995/12/11 22:18:58+00,3.1,ML,convertida,684,Subducción intraplaca
3.697,-74.989,4779175.70296339,1966768.50434575,4,3.2614,SGC,"Prado - Tolima, Colombia",1995/12/13 08:48:08+00,3.3,ML,convertida,685,Cortical
5.144,-75.06,4771733.28171762,2126771.91948404,4,3.932,SGC,"Fresno - Tolima, Colombia",1995/12/16 08:02:19+00,4,ML,convertida,686,Cortical
1.932,-76.067,4658885.21506555,1771816.96163496,2,3.6446,SGC,"Saladoblanco - Huila, Colombia",1995/12/19 12:46:55+00,3.7,ML,convertida,687,Cortical
4.494,-74.905,4788714.42564999,2054858.29781154,42,3.1656,SGC,"Piedras - Tolima, Colombia",1995/12/22 08:55:35+00,3.2,ML,convertida,688,Cortical
3.172,-74.929,4785722.51492352,1908713.78442943,0,3.0698,SGC,"Baraya - Huila, Colombia",1995/12/22 09:28:03+00,3.1,ML,convertida,689,Cortical
4.019,-74.169,4870280.2742021,2002192.09188757,0,4.1236,SGC,"Gutiérrez - Cundinamarca, Colombia",1995/12/30 07:08:47+00,4.2,ML,convertida,690,Cortical
2.752,-75.072,4769744.26176835,1862308.80845592,8,3.1656,SGC,"Rivera - Huila, Colombia",1995/12/31 12:32:48+00,3.2,ML,convertida,691,Cortical
4.108,-77.088,4546066.51957346,2013094.63932562,70,3.453,SGC,"Buenaventura - Valle Del Cauca, Colombia",1996/01/10 16:13:55+00,3.5,ML,convertida,692,Subducción intraplaca
4.185,-76.653,4594477.67945381,2021385.2987953,100,3.0698,SGC,"Darién - Valle Del Cauca, Colombia",1996/01/16 11:47:53+00,3.1,ML,convertida,693,Subducción intraplaca
4.952,-75.916,4676716.2278682,2105899.54633645,94,3.0698,SGC,"Balboa - Risaralda, Colombia",1996/01/17 06:53:16+00,3.1,ML,convertida,694,Subducción intraplaca
4.422,-75.964,4671141.91072658,2047283.82708473,169,3.0698,SGC,"Zarzal - Valle Del Cauca, Colombia",1996/01/18 16:42:26+00,3.1,ML,convertida,695,Subducción intraplaca
2.114,-75.549,4716571.41105076,1791850.2933814,4,3.0698,SGC,"Garzón - Huila, Colombia",1996/02/10 05:14:56+00,3.1,ML,convertida,696,Cortical
4.698,-74.664,4815504.50012438,2077343.03644607,10,3.5488,SGC,"Pulí - Cundinamarca, Colombia",1996/02/15 13:22:41+00,3.6,ML,convertida,697,Cortical
3.518,-74.65,4816788.01896288,1946905.44598999,3,3.5488,SGC,"Colombia - Huila, Colombia",1996/02/18 01:13:19+00,3.6,ML,convertida,698,Cortical
3.296,-74.833,4796414.88714169,1922402.09433756,3,3.5488,SGC,"Colombia - Huila, Colombia",1996/02/29 16:40:05+00,3.6,ML,convertida,699,Cortical
4.706,-74.686,4813066.69558783,2078233.20673918,13,3.2614,SGC,"Pulí - Cundinamarca, Colombia",1996/03/02 01:59:14+00,3.3,ML,convertida,700,Cortical
2.902,-75.874,4680596.76435421,1879087.94829618,21,3.1656,SGC,"Belalcázar - Cauca, Colombia",1996/03/02 07:53:50+00,3.2,ML,convertida,701,Cortical
4.743,-74.74,4807087.9415758,2082338.02803664,1,3.0698,SGC,"Ambalema - Tolima, Colombia",1996/03/09 19:05:51+00,3.1,ML,convertida,702,Cortical
4.744,-76.2,4645090.60807045,2083026.5757133,100,3.0698,SGC,"El Cairo - Valle Del Cauca, Colombia",1996/03/13 11:29:16+00,3.1,ML,convertida,703,Subducción intraplaca
2.33,-75.345,4739305.79446707,1815699.88825204,15,4.1236,SGC,"Algeciras - Huila, Colombia",1996/03/26 00:54:46+00,4.2,ML,convertida,704,Cortical
3.861,-76.389,4623670.9380856,1985391.8484106,106,3.5488,SGC,"Yotoco - Valle Del Cauca, Colombia",1996/04/07 20:47:29+00,3.6,ML,convertida,705,Subducción intraplaca
3.701,-77.208,4532492.1732737,1968072.93060934,32,3.0698,SGC,"Buenaventura - Valle Del Cauca, Colombia",1996/04/11 09:42:41+00,3.1,ML,convertida,706,Cortical
4.827,-76.218,4643135.246865,2092221.18440273,120,3.1656,SGC,"El Cairo - Valle Del Cauca, Colombia",1996/04/16 22:04:01+00,3.2,ML,convertida,707,Subducción intraplaca
4.991,-75.957,4672186.08081587,2110234.66046195,119,3.6446,SGC,"Balboa - Risaralda, Colombia",1996/04/21 18:46:46+00,3.7,ML,convertida,708,Subducción intraplaca
3.492,-76.896,4567111.97791764,1944768.29437215,0,3.5488,SGC,"Dagua - Valle Del Cauca, Colombia",1996/05/06 03:33:47+00,3.6,ML,convertida,709,Cortical
4.45,-74.375,4847501.57435145,2049863.32692969,24,3.2614,SGC,"Granada - Cundinamarca, Colombia",1996/05/06 17:05:50+00,3.3,ML,convertida,710,Cortical
3.6,-76.241,4640016.9762465,1956443.53779254,156,3.2614,SGC,"Palmira - Valle Del Cauca, Colombia",1996/05/12 03:27:23+00,3.3,ML,convertida,711,Subducción intraplaca
3.764,-75.817,4687209.44887332,1974429.23631789,0,3.6446,SGC,"Rioblanco - Tolima, Colombia",1996/05/13 04:09:25+00,3.7,ML,convertida,712,Subducción interplaca
4.713,-74.679,4813844.8959232,2079005.11884512,2,3.3572,SGC,"Pulí - Cundinamarca, Colombia",1996/05/28 04:55:50+00,3.4,ML,convertida,713,Cortical
4.098,-74.173,4869848.99898161,2010923.36988912,0,3.0698,SGC,"Gutiérrez - Cundinamarca, Colombia",1996/05/30 13:46:48+00,3.1,ML,convertida,714,Cortical
3.626,-74.43,4841240.30712795,1958801.78443385,8,3.453,SGC,"Villarrica - Tolima, Colombia",1996/06/01 04:11:59+00,3.5,ML,convertida,715,Cortical
3.68,-77.181,4535486.2619978,1965732.22405847,4,3.1656,SGC,"Buenaventura - Valle Del Cauca, Colombia",1996/06/04 20:26:02+00,3.2,ML,convertida,716,Cortical
4.681,-75.563,4715766.77986254,2075764.24461149,152,3.0698,SGC,"Salento - Quindío, Colombia",1996/06/06 03:21:56+00,3.1,ML,convertida,717,Subducción intraplaca
3.901,-75.881,4680148.16307237,1989608.82128553,109,3.0698,SGC,"Roncesvalles - Tolima, Colombia",1996/06/22 10:57:28+00,3.1,ML,convertida,718,Subducción intraplaca
3.206,-75.24,4751167.74784324,1912542.90389565,4,3.3572,SGC,"Aipe - Huila, Colombia",1996/06/25 01:40:23+00,3.4,ML,convertida,719,Cortical
2.53,-75.679,4702193.34695291,1837887.97557721,4,3.3572,SGC,"Tesalia - Huila, Colombia",1996/07/07 15:29:24+00,3.4,ML,convertida,720,Cortical
3.54,-74.329,4852441.70897007,1949279.99691412,0,3.6446,SGC,"Uribe - Meta, Colombia",1996/07/21 12:38:04+00,3.7,ML,convertida,721,Cortical
2.318,-75.607,4710157.5736266,1814423.89648188,4,3.0698,SGC,"Gigante - Huila, Colombia",1996/07/22 00:57:16+00,3.1,ML,convertida,722,Cortical
2.811,-73.924,4897341.46043608,1868668.26064142,16,3.0698,SGC,"Vistahermosa - Meta, Colombia",1996/07/25 03:57:01+00,3.1,ML,convertida,723,Cortical
4.056,-77.143,4539919.03581045,2007365.61846877,4,3.8362,SGC,"Buenaventura - Valle Del Cauca, Colombia",1996/07/31 03:27:23+00,3.9,ML,convertida,724,Cortical
2.96,-74.842,4795349.76140442,1885260.38589881,7,3.2614,SGC,"Baraya - Huila, Colombia",1996/07/31 10:31:43+00,3.3,ML,convertida,725,Cortical
3.479,-74.893,4789788.01219358,1942645.21226318,10,3.453,SGC,"Dolores - Tolima, Colombia",1996/08/18 00:52:17+00,3.5,ML,convertida,726,Cortical
2.683,-75.14,4762170.62326718,1854693.13073911,0,3.7404,SGC,"Rivera - Huila, Colombia",1996/08/19 22:29:31+00,3.8,ML,convertida,727,Cortical
3.979,-76.419,4620389.02446395,1998466.33068683,104,3.2614,SGC,"Darién - Valle Del Cauca, Colombia",1996/08/26 02:37:42+00,3.3,ML,convertida,728,Subducción intraplaca
3.537,-74.047,4883755.62340658,1948908.37503799,2,3.1656,SGC,"Lejanías - Meta, Colombia",1996/09/13 05:44:23+00,3.2,ML,convertida,729,Cortical
4.288,-76.448,4617313.84468451,2032683.33626647,130,3.3572,SGC,"Trujillo - Valle Del Cauca, Colombia",1996/09/17 05:06:04+00,3.4,ML,convertida,730,Subducción intraplaca
3.443,-74.164,4870751.01929742,1938535.64632322,4,3.3572,SGC,"Mesetas - Meta, Colombia",1996/10/09 22:50:50+00,3.4,ML,convertida,731,Cortical
4.13,-76.638,4596117.00819707,2015288.28187368,76,3.3572,SGC,"Darién - Valle Del Cauca, Colombia",1996/10/24 08:51:37+00,3.4,ML,convertida,732,Subducción intraplaca
3.263,-77.042,4550757.73791009,1919471.75410949,106,3.1656,SGC,"Suárez - Cauca, Colombia",1996/11/12 18:15:24+00,3.2,ML,convertida,733,Subducción intraplaca
1.781,-76.123,4652621.15943235,1755119.86366872,0,3.1656,SGC,"Palestina - Huila, Colombia",1996/11/14 21:52:57+00,3.2,ML,convertida,734,Cortical
4.501,-76.278,4636306.28415788,2056173.58160561,109,4.89,SGC,"El Dovio - Valle Del Cauca, Colombia",1996/11/17 13:44:15+00,5,ML,convertida,735,Subducción intraplaca
4.226,-76.722,4586828.94741512,2025961.07461499,98,3.2614,SGC,"Darién - Valle Del Cauca, Colombia",1996/11/20 10:23:44+00,3.3,ML,convertida,736,Subducción intraplaca
4.011,-76.317,4631741.19081179,2001961.66307882,138,3.3572,SGC,"San Pedro - Valle Del Cauca, Colombia",1996/11/22 13:52:55+00,3.4,ML,convertida,737,Subducción intraplaca
2.397,-75.635,4707058.92435373,1823167.46161471,38,3.0698,SGC,"Gigante - Huila, Colombia",1996/11/29 12:38:56+00,3.1,ML,convertida,738,Cortical
3.577,-74.256,4860553.76674291,1953357.81843889,0,4.0278,SGC,"Lejanías - Meta, Colombia",1996/12/23 01:21:23+00,4.1,ML,convertida,739,Cortical
2.871,-74.894,4789553.81950432,1875431.24289665,20,3.1656,SGC,"Tello - Huila, Colombia",1996/12/23 14:00:55+00,3.2,ML,convertida,740,Cortical
3.475,-74.607,4821555.76995663,1942144.17869528,4,3.6446,SGC,"Colombia - Huila, Colombia",1997/01/02 08:48:01+00,3.7,ML,convertida,741,Cortical
4.769,-74.876,4792012.4055155,2085251.75631613,8,3.0698,SGC,"Venadillo - Tolima, Colombia",1997/01/14 19:10:20+00,3.1,ML,convertida,742,Cortical
4.86,-76.213,4643707.6171602,2095870.55023343,105,3.2614,SGC,"San José Del Palmar - Chocó, Colombia",1997/01/15 19:36:29+00,3.3,ML,convertida,743,Subducción intraplaca
3.888,-74.265,4859603.79683194,1987730.10413534,4,3.0698,SGC,"Cabrera - Cundinamarca, Colombia",1997/01/23 20:34:12+00,3.1,ML,convertida,744,Cortical
3.994,-74.165,4870720.2752689,1999428.60791421,6,3.2614,SGC,"Gutiérrez - Cundinamarca, Colombia",1997/01/24 00:01:04+00,3.3,ML,convertida,745,Cortical
4.029,-76.587,4601736.48510914,2004081.03942929,116,3.0698,SGC,"Darién - Valle Del Cauca, Colombia",1997/02/11 09:58:08+00,3.1,ML,convertida,746,Subducción intraplaca
1.864,-76.024,4663659.05003105,1764284.73281132,2,3.2614,SGC,"Pitalito - Huila, Colombia",1997/02/15 18:12:24+00,3.3,ML,convertida,747,Cortical
4.601,-76.48,4613921.18290278,2067347.12373138,115,4.0278,SGC,"Sipí - Chocó, Colombia",1997/02/17 19:54:41+00,4.1,ML,convertida,748,Subducción intraplaca
4.594,-76.533,4608030.05225462,2066601.14850065,116,5.6564,SGC,"Sipí - Chocó, Colombia",1997/02/19 13:25:14+00,5.8,ML,convertida,749,Subducción intraplaca
4.995,-75.115,4765582.31125001,2110317.04582261,54,3.0698,SGC,"Villahermosa - Tolima, Colombia",1997/02/20 03:21:30+00,3.1,ML,convertida,750,Subducción intraplaca
4.489,-75.853,4683496.47368563,2054647.6781004,132,3.0698,SGC,"La Tebaida - Quindío, Colombia",1997/03/01 04:25:06+00,3.1,ML,convertida,751,Subducción intraplaca
3.586,-77.151,4538777.2585069,1955303.24832208,84,3.8362,SGC,"Buenaventura - Valle Del Cauca, Colombia",1997/03/20 16:35:22+00,3.9,ML,convertida,752,Subducción intraplaca
3.199,-77.183,4535029.84098697,1912445.79188487,101,3.1656,SGC,"López - Cauca, Colombia",1997/03/20 18:47:55+00,3.2,ML,convertida,753,Subducción intraplaca
4.805,-76.316,4632243.67309507,2089838.53764118,103,3.0698,SGC,"El Cairo - Valle Del Cauca, Colombia",1997/04/15 08:17:18+00,3.1,ML,convertida,754,Subducción intraplaca
4.702,-74.723,4808962.05712727,2077801.05363153,0,3.453,SGC,"Pulí - Cundinamarca, Colombia",1997/04/17 07:31:59+00,3.5,ML,convertida,755,Cortical
4.059,-76.396,4622982.5340179,2007310.56863652,171,3.3572,SGC,"Riofrío - Valle Del Cauca, Colombia",1997/04/17 11:32:24+00,3.4,ML,convertida,756,Subducción intraplaca
3.604,-74.467,4837127.72714615,1956376.77405941,1,3.5488,SGC,"Villarrica - Tolima, Colombia",1997/04/17 17:49:20+00,3.6,ML,convertida,757,Cortical
2.852,-74.876,4791551.12111963,1873327.53399897,18,3.1656,SGC,"Tello - Huila, Colombia",1997/05/03 03:34:15+00,3.2,ML,convertida,758,Cortical
3.657,-77.286,4523786.92606653,1963239.35858037,90,3.0698,SGC,"Buenaventura - Valle Del Cauca, Colombia",1997/05/21 10:34:51+00,3.1,ML,convertida,759,Subducción intraplaca
4.479,-74.758,4805019.67279406,2053159.26924838,18,3.453,SGC,"Guataquí - Cundinamarca, Colombia",1997/06/05 23:53:51+00,3.5,ML,convertida,760,Cortical
4.394,-76.3,4633809.75826115,2044342.37456689,4,4.411,SGC,"Bolívar - Valle Del Cauca, Colombia",1997/06/18 17:35:17+00,4.5,ML,convertida,761,Subducción interplaca
2.415,-76.134,4651537.00069278,1825276.24638971,4,3.2614,SGC,"Inzá - Cauca, Colombia",1997/07/05 16:55:33+00,3.3,ML,convertida,762,Cortical
2.582,-75.081,4768711.89726796,1843515.12777866,4,3.2614,SGC,"Algeciras - Huila, Colombia",1997/07/10 13:04:38+00,3.3,ML,convertida,763,Cortical
4.629,-76.787,4579831.08760897,2070621.39532799,53,4.1236,SGC,"Sipí - Chocó, Colombia",1997/07/14 22:23:59+00,4.2,ML,convertida,764,Subducción intraplaca
3.472,-74.005,4888411.50706433,1941720.27077516,2,3.3572,SGC,"Lejanías - Meta, Colombia",1997/07/15 02:19:42+00,3.4,ML,convertida,765,Cortical
3.52,-73.994,4889638.60878572,1947023.29501821,16,4.1236,SGC,"Lejanías - Meta, Colombia",1997/07/15 05:41:53+00,4.2,ML,convertida,766,Cortical
3.822,-74.107,4877132.30563801,1980411.7318496,0,4.9858,SGC,"Cubarral - Meta, Colombia",1997/07/17 07:45:36+00,5.1,ML,convertida,767,Cortical
3.847,-74.061,4882241.93568308,1983168.03364367,0,3.8362,SGC,"Cubarral - Meta, Colombia",1997/07/17 08:26:56+00,3.9,ML,convertida,768,Cortical
3.737,-77.237,4529283.59324371,1972076.85302665,78,3.0698,SGC,"Buenaventura - Valle Del Cauca, Colombia",1997/07/26 14:02:56+00,3.1,ML,convertida,769,Subducción intraplaca
3.977,-75.519,4720390.91190225,1997885.20719625,4,3.0698,SGC,"San Antonio - Tolima, Colombia",1997/07/31 19:58:36+00,3.1,ML,convertida,770,Subducción interplaca
3.853,-76.78,4580189.0140442,1984689.4018843,126,3.453,SGC,"Dagua - Valle Del Cauca, Colombia",1997/08/01 08:32:42+00,3.5,ML,convertida,771,Subducción intraplaca
3.124,-74.778,4802492.4937291,1903377.70276043,2,4.1236,SGC,"Colombia - Huila, Colombia",1997/08/01 18:40:33+00,4.2,ML,convertida,772,Cortical
3.71,-76.879,4569106.57435857,1968902.56578935,72,3.932,SGC,"Dagua - Valle Del Cauca, Colombia",1997/08/07 08:12:37+00,4,ML,convertida,773,Subducción intraplaca
4.168,-73.88,4902370.54518568,2018617.05797978,4,3.0698,SGC,"Guayabetal - Cundinamarca, Colombia",1997/08/19 06:32:38+00,3.1,ML,convertida,774,Cortical
4.469,-76.242,4640289.05979312,2052614.30889357,10,3.0698,SGC,"El Dovio - Valle Del Cauca, Colombia",1997/09/14 10:20:16+00,3.1,ML,convertida,775,Subducción interplaca
3.359,-74.388,4845860.54701052,1929285.06454036,4,3.5488,SGC,"Uribe - Meta, Colombia",1997/09/19 14:03:39+00,3.6,ML,convertida,776,Cortical
4.698,-76.175,4647842.92899726,2077923.3388272,101,3.3572,SGC,"Argelia - Valle Del Cauca, Colombia",1997/09/29 07:37:47+00,3.4,ML,convertida,777,Subducción intraplaca
2.972,-74.43,4841136.46899164,1886519.13694782,4,4.2194,SGC,"Uribe - Meta, Colombia",1997/10/10 20:02:58+00,4.3,ML,convertida,778,Cortical
4.901,-76.375,4625745.91992774,2100496.30311685,94,3.1656,SGC,"San José Del Palmar - Chocó, Colombia",1997/10/14 06:20:36+00,3.2,ML,convertida,779,Subducción intraplaca
2.652,-75.02,4775506.92946804,1851243.17845909,5,3.6446,SGC,"Rivera - Huila, Colombia",1997/10/19 07:58:06+00,3.7,ML,convertida,780,Cortical
4.974,-76.32,4631892.05136221,2108545.30448523,104,4.3152,SGC,"San José Del Palmar - Chocó, Colombia",1997/10/20 05:55:20+00,4.4,ML,convertida,781,Subducción intraplaca
4.198,-75.915,4676488.37008717,2022480.13973605,178,4.2194,SGC,"Sevilla - Valle Del Cauca, Colombia",1997/10/28 14:31:10+00,4.3,ML,convertida,782,Subducción intraplaca
3.36,-74.495,4833975.60752323,1929413.11555058,12,3.1656,SGC,"Uribe - Meta, Colombia",1997/11/05 15:47:15+00,3.2,ML,convertida,783,Cortical
3.969,-76.307,4632833.94985981,1997308.81684108,154,3.1656,SGC,"Guadalajara De Buga - Valle Del Cauca, Colombia",1997/11/14 02:50:22+00,3.2,ML,convertida,784,Subducción intraplaca
3.269,-76.503,4610746.94338012,1919910.78280853,95,4.5068,SGC,"Jamundí - Valle Del Cauca, Colombia",1997/11/19 05:34:18+00,4.6,ML,convertida,785,Subducción intraplaca
2.961,-74.077,4880356.63248656,1885259.04841224,0,3.0698,SGC,"Vistahermosa - Meta, Colombia",1997/11/22 09:00:43+00,3.1,ML,convertida,786,Cortical
4.573,-74.999,4778308.77298158,2063620.36193505,74,3.2614,SGC,"Alvarado - Tolima, Colombia",1997/11/22 10:50:07+00,3.3,ML,convertida,787,Subducción intraplaca
1.906,-75.946,4672350.16613709,1768916.62816837,2,3.5488,SGC,"Timaná - Huila, Colombia",1997/11/28 13:22:35+00,3.6,ML,convertida,788,Cortical
4.083,-77.261,4526807.14373465,2010425.34988598,88,3.0698,SGC,"Santa Genoveva De Docordó - Chocó, Colombia",1997/12/06 17:55:34+00,3.1,ML,convertida,789,Subducción intraplaca
4.747,-76.177,4647645.65184163,2083346.79773432,98,4.6984,SGC,"El Cairo - Valle Del Cauca, Colombia",1997/12/10 15:12:16+00,4.8,ML,convertida,790,Subducción intraplaca
4.342,-76.355,4627673.99909302,2038614.17969855,135,3.6446,SGC,"Trujillo - Valle Del Cauca, Colombia",1997/12/11 12:27:51+00,3.7,ML,convertida,791,Subducción intraplaca
2.515,-75.629,4707752.11406866,1836217.52361551,4,3.0698,SGC,"Tesalia - Huila, Colombia",1997/12/28 08:09:00+00,3.1,ML,convertida,792,Cortical
2.913,-75.259,4748987.81378202,1880149.06871534,4,3.5488,SGC,"Neiva - Huila, Colombia",1998/01/05 23:29:22+00,3.6,ML,convertida,793,Cortical
4.936,-74.559,4827209.41814839,2103623.3559489,40,4.2194,SGC,"Chaguaní - Cundinamarca, Colombia",1998/02/02 09:21:27+00,4.3,ML,convertida,794,Cortical
4.966,-74.567,4826330.35448726,2106941.49047132,4,3.453,SGC,"Chaguaní - Cundinamarca, Colombia",1998/02/03 04:58:51+00,3.5,ML,convertida,795,Cortical
4.151,-76.682,4591236.35728895,2017635.92147139,86,3.453,SGC,"Darién - Valle Del Cauca, Colombia",1998/02/03 05:25:41+00,3.5,ML,convertida,796,Subducción intraplaca
3.73,-74.281,4857801.80184667,1970270.89280896,0,3.0698,SGC,"Cabrera - Cundinamarca, Colombia",1998/02/09 01:31:05+00,3.1,ML,convertida,797,Cortical
4.379,-73.579,4935783.24068137,2041901.14525878,16,3.1656,SGC,"Restrepo - Meta, Colombia",1998/02/09 16:47:14+00,3.2,ML,convertida,798,Cortical
1.874,-75.992,4667223.37013087,1765385.02876225,1,3.3572,SGC,"Pitalito - Huila, Colombia",1998/02/09 23:41:17+00,3.4,ML,convertida,799,Cortical
4.757,-76.266,4637769.60012387,2084499.54417973,90,3.3572,SGC,"El Cairo - Valle Del Cauca, Colombia",1998/02/14 05:08:00+00,3.4,ML,convertida,800,Subducción intraplaca
3.717,-77.281,4524375.50845403,1969884.64239402,31,3.5488,SGC,"Buenaventura - Valle Del Cauca, Colombia",1998/02/18 20:30:44+00,3.6,ML,convertida,801,Cortical
4.987,-76.272,4637227.02021109,2109957.45076085,94,3.5488,SGC,"San José Del Palmar - Chocó, Colombia",1998/02/21 19:52:32+00,3.6,ML,convertida,802,Subducción intraplaca
4.176,-76.596,4600809.07992457,2020359.62959546,74,3.3572,SGC,"Darién - Valle Del Cauca, Colombia",1998/03/25 22:05:48+00,3.4,ML,convertida,803,Subducción intraplaca
4.795,-76.567,4604366.61157721,2088871.87653703,5,3.1656,SGC,"Sipí - Chocó, Colombia",1998/04/14 22:40:12+00,3.2,ML,convertida,804,Subducción interplaca
3.922,-76.597,4600573.10620813,1992240.12262842,86,3.2614,SGC,"Darién - Valle Del Cauca, Colombia",1998/04/17 06:01:09+00,3.3,ML,convertida,805,Subducción intraplaca
3.232,-74.404,4844063.59331545,1915251.22341298,14,4.0278,SGC,"Uribe - Meta, Colombia",1998/04/21 19:57:32+00,4.1,ML,convertida,806,Cortical
2.731,-74.902,4788639.48064613,1859955.79021199,0,3.2614,SGC,"Rivera - Huila, Colombia",1998/04/25 16:45:02+00,3.3,ML,convertida,807,Cortical
3.996,-74.062,4882151.81039534,1999634.15244479,0,3.5488,SGC,"Gutiérrez - Cundinamarca, Colombia",1998/05/07 19:07:56+00,3.6,ML,convertida,808,Cortical
3.131,-75.159,4760152.76265632,1904230.98643484,0,3.453,SGC,"Tello - Huila, Colombia",1998/05/07 21:06:28+00,3.5,ML,convertida,809,Cortical
4.839,-76.315,4632373.02221349,2093601.03263033,103,3.0698,SGC,"San José Del Palmar - Chocó, Colombia",1998/06/02 09:12:18+00,3.1,ML,convertida,810,Subducción intraplaca
4.784,-76.253,4639227.09092907,2087480.8314953,76,3.2614,SGC,"El Cairo - Valle Del Cauca, Colombia",1998/06/05 09:07:48+00,3.3,ML,convertida,811,Subducción intraplaca
3.673,-77.175,4536150.41956236,1964953.60560179,4,3.1656,SGC,"Buenaventura - Valle Del Cauca, Colombia",1998/06/12 12:09:16+00,3.2,ML,convertida,812,Cortical
2.446,-75.374,4736102.1752953,1828532.91547727,11,3.6446,SGC,"Algeciras - Huila, Colombia",1998/06/12 20:09:33+00,3.7,ML,convertida,813,Cortical
2.447,-76.487,4612250.60793025,1828914.21513156,4,3.0698,SGC,"Totoró - Cauca, Colombia",1998/06/20 21:14:52+00,3.1,ML,convertida,814,Cortical
2.758,-76.85,4571932.62011739,1863464.59760833,136,4.7942,SGC,"Morales - Cauca, Colombia",1998/06/22 02:03:13+00,4.9,ML,convertida,815,Subducción intraplaca
3.66,-74.259,4860233.36429355,1962531.17585636,0,3.0698,SGC,"Lejanías - Meta, Colombia",1998/06/23 09:11:57+00,3.1,ML,convertida,816,Cortical
3.66,-74.044,4884104.28553349,1962500.54675689,0,3.6446,SGC,"Lejanías - Meta, Colombia",1998/06/27 04:07:19+00,3.7,ML,convertida,817,Cortical
1.874,-75.901,4677353.41707554,1765367.97752742,0,3.2614,SGC,"Acevedo - Huila, Colombia",1998/07/07 03:37:24+00,3.3,ML,convertida,818,Cortical
4.446,-75.996,4667599.02611355,2049953.51971994,160,4.0278,SGC,"La Victoria - Valle Del Cauca, Colombia",1998/07/18 05:53:03+00,4.1,ML,convertida,819,Subducción intraplaca
3.336,-74.549,4827973.11485463,1926769.73686763,2,3.0698,SGC,"Uribe - Meta, Colombia",1998/08/15 09:19:35+00,3.1,ML,convertida,820,Cortical
1.928,-75.871,4680702.7505682,1771336.30425656,0,3.453,SGC,"Timaná - Huila, Colombia",1998/08/27 01:58:17+00,3.5,ML,convertida,821,Cortical
3.663,-75.691,4701176.58675802,1963213.18606131,5,3.8362,SGC,"Rioblanco - Tolima, Colombia",1998/09/19 12:19:38+00,3.9,ML,convertida,822,Subducción interplaca
4.96,-76.07,4659631.23172227,2106861.88913156,124,3.2614,SGC,"El Águila - Valle Del Cauca, Colombia",1998/09/30 21:22:50+00,3.3,ML,convertida,823,Subducción intraplaca
3.557,-73.816,4909406.58869029,1951092.67210762,0,3.0698,SGC,"El Castillo - Meta, Colombia",1998/10/08 12:39:11+00,3.1,ML,convertida,824,Cortical
4.398,-76.496,4612036.21803425,2044884.2248868,118,3.1656,SGC,"Trujillo - Valle Del Cauca, Colombia",1998/10/20 23:51:59+00,3.2,ML,convertida,825,Subducción intraplaca
2.177,-75.65,4705345.19390264,1798837.30031255,131,3.5488,SGC,"Garzón - Huila, Colombia",1998/10/25 02:40:13+00,3.6,ML,convertida,826,Subducción intraplaca
2.355,-75.347,4739087.96039618,1818464.77741358,10,3.0698,SGC,"Algeciras - Huila, Colombia",1998/10/31 04:02:16+00,3.1,ML,convertida,827,Cortical
3.656,-74.296,4856124.51829447,1962094.94987108,2,3.3572,SGC,"Lejanías - Meta, Colombia",1998/12/13 04:40:02+00,3.4,ML,convertida,828,Cortical
5.191,-74.827,4797575.95061191,2131889.21147919,4,3.453,SGC,"San Sebastián De Mariquita - Tolima, Colombia",1998/12/19 09:03:33+00,3.5,ML,convertida,829,Cortical
4.04,-76.743,4584397.37667643,2005377.09568216,117,3.1656,SGC,"Darién - Valle Del Cauca, Colombia",1999/01/11 00:47:59+00,3.2,ML,convertida,830,Subducción intraplaca
3.938,-75.312,4743368.90021817,1993505.29140427,4,3.3572,SGC,"Ortega - Tolima, Colombia",1999/01/23 15:21:10+00,3.4,ML,convertida,831,Cortical
4.432,-75.703,4700126.51313539,2048279.38062649,0,5.9438,SGC,"Córdoba - Quindío, Colombia",1999/01/25 13:19:18+00,6.1,ML,convertida,832,Subducción interplaca
4.523,-75.7,4700496.64051795,2058344.10339849,6,4.2194,SGC,"Armenia - Quindío, Colombia",1999/01/25 14:08:49+00,4.3,ML,convertida,833,Subducción interplaca
4.504,-75.688,4701820.97547522,2056237.50017271,0,3.6446,SGC,"Armenia - Quindío, Colombia",1999/01/25 16:23:06+00,3.7,ML,convertida,834,Subducción interplaca
4.408,-75.732,4696897.04686834,2045636.37090075,4,5.4648,SGC,"Córdoba - Quindío, Colombia",1999/01/25 17:40:18+00,5.6,ML,convertida,835,Subducción interplaca
4.497,-75.745,4695490.30564274,2055486.74565682,4,3.0698,SGC,"La Tebaida - Quindío, Colombia",1999/01/25 18:17:15+00,3.1,ML,convertida,836,Subducción interplaca
4.393,-75.683,4702331.39987742,2043957.40236604,4,3.8362,SGC,"Córdoba - Quindío, Colombia",1999/01/25 23:00:14+00,3.9,ML,convertida,837,Subducción interplaca
4.435,-75.712,4699128.51835031,2048614.87921357,4,3.1656,SGC,"Córdoba - Quindío, Colombia",1999/01/26 06:58:49+00,3.2,ML,convertida,838,Subducción interplaca
4.354,-75.632,4707978.5339585,2039623.5446144,4,3.0698,SGC,"Córdoba - Quindío, Colombia",1999/01/26 20:33:12+00,3.1,ML,convertida,839,Subducción interplaca
4.472,-75.665,4704361.30489017,2052688.5567727,4,3.5488,SGC,"Calarcá - Quindío, Colombia",1999/01/27 01:05:03+00,3.6,ML,convertida,840,Subducción interplaca
4.508,-75.706,4699824.41157089,2056687.35326849,5,3.453,SGC,"Armenia - Quindío, Colombia",1999/01/27 11:42:55+00,3.5,ML,convertida,841,Subducción interplaca
4.5,-75.709,4699488.08790904,2055803.66656493,0,3.7404,SGC,"Armenia - Quindío, Colombia",1999/01/29 01:06:57+00,3.8,ML,convertida,842,Subducción interplaca
4.407,-75.732,4696896.6412114,2045525.75345318,4,4.0278,SGC,"Córdoba - Quindío, Colombia",1999/01/30 07:24:28+00,4.1,ML,convertida,843,Subducción interplaca
4.495,-75.661,4704814.60114902,2055231.00402923,4,3.3572,SGC,"Calarcá - Quindío, Colombia",1999/01/31 05:03:31+00,3.4,ML,convertida,844,Subducción interplaca
4.476,-75.698,4700699.43811871,2053144.39344621,4,3.1656,SGC,"Armenia - Quindío, Colombia",1999/01/31 10:30:04+00,3.2,ML,convertida,845,Subducción interplaca
3.718,-76.61,4599032.69340294,1969661.52259213,4,3.0698,SGC,"La Cumbre - Valle Del Cauca, Colombia",1999/01/31 11:07:08+00,3.1,ML,convertida,846,Subducción interplaca
4.394,-75.598,4711768.74965503,2044034.67108452,0,3.0698,SGC,"Córdoba - Quindío, Colombia",1999/02/02 13:42:36+00,3.1,ML,convertida,847,Subducción interplaca
2.763,-76.078,4657863.12591897,1863767.5439004,4,3.0698,SGC,"Belalcázar - Cauca, Colombia",1999/02/02 19:12:14+00,3.1,ML,convertida,848,Cortical
4.384,-75.697,4700773.42566571,2042967.46847661,4,3.0698,SGC,"Córdoba - Quindío, Colombia",1999/02/03 05:14:37+00,3.1,ML,convertida,849,Subducción interplaca
4.558,-75.674,4703397.1543613,2062204.85904383,5,3.0698,SGC,"Armenia - Quindío, Colombia",1999/02/04 05:32:32+00,3.1,ML,convertida,850,Subducción interplaca
4.525,-75.668,4704049.69103166,2058552.19500624,4,3.0698,SGC,"Armenia - Quindío, Colombia",1999/02/04 19:10:05+00,3.1,ML,convertida,851,Subducción interplaca
4.47,-75.686,4702029.19330329,2052475.82450927,4,3.3572,SGC,"Calarcá - Quindío, Colombia",1999/02/05 18:45:17+00,3.4,ML,convertida,852,Subducción interplaca
4.461,-75.694,4701137.4179479,2051483.54957735,4,3.3572,SGC,"Córdoba - Quindío, Colombia",1999/02/06 08:48:41+00,3.4,ML,convertida,853,Subducción interplaca
4.978,-75.581,4713893.9366471,2108621.26401827,122,3.453,SGC,"Chinchiná - Caldas, Colombia",1999/02/06 20:06:42+00,3.5,ML,convertida,854,Subducción intraplaca
4.506,-75.685,4702154.82200837,2056457.49981874,3,3.2614,SGC,"Armenia - Quindío, Colombia",1999/02/07 03:23:50+00,3.3,ML,convertida,855,Subducción interplaca
4.516,-75.71,4699383.65923314,2057573.92954793,4,3.2614,SGC,"Armenia - Quindío, Colombia",1999/02/11 05:10:10+00,3.3,ML,convertida,856,Subducción interplaca
4.484,-75.707,4699703.56016521,2054032.99679467,8,3.453,SGC,"Armenia - Quindío, Colombia",1999/02/21 00:32:11+00,3.5,ML,convertida,857,Subducción interplaca
4.699,-75.49,4723874.59923153,2077725.81946162,51,3.1656,SGC,"Salento - Quindío, Colombia",1999/02/22 05:47:15+00,3.2,ML,convertida,858,Subducción intraplaca
4.417,-75.694,4701119.69268981,2046616.53083927,7,4.1236,SGC,"Córdoba - Quindío, Colombia",1999/02/25 10:38:39+00,4.2,ML,convertida,859,Subducción interplaca
4.455,-75.637,4707462.90687054,2050796.98135655,4,3.5488,SGC,"Calarcá - Quindío, Colombia",1999/02/26 00:58:48+00,3.6,ML,convertida,860,Subducción interplaca
1.819,-76.044,4661423.96670926,1759309.60043411,1,3.5488,SGC,"Pitalito - Huila, Colombia",1999/02/27 12:14:20+00,3.6,ML,convertida,861,Cortical
4.418,-75.749,4695013.62489512,2046749.50537083,4,3.1656,SGC,"La Tebaida - Quindío, Colombia",1999/03/02 02:42:13+00,3.2,ML,convertida,862,Subducción interplaca
2.856,-74.631,4818782.47093907,1873728.18858455,6,3.2614,SGC,"Uribe - Meta, Colombia",1999/03/04 14:18:01+00,3.3,ML,convertida,863,Cortical
4.419,-75.667,4704118.11078445,2046826.94543987,4,3.453,SGC,"Córdoba - Quindío, Colombia",1999/03/05 14:26:27+00,3.5,ML,convertida,864,Subducción interplaca
4.506,-75.73,4697159.2754507,2056476.05988804,0,3.1656,SGC,"Armenia - Quindío, Colombia",1999/03/05 22:24:32+00,3.2,ML,convertida,865,Subducción interplaca
5.143,-74.892,4790355.8835567,2126603.75697696,4,3.1656,SGC,"San Sebastián De Mariquita - Tolima, Colombia",1999/03/08 10:18:46+00,3.2,ML,convertida,866,Cortical
4.499,-75.666,4704261.16731812,2055675.47443977,4,3.5488,SGC,"Calarcá - Quindío, Colombia",1999/03/11 08:07:24+00,3.6,ML,convertida,867,Subducción interplaca
4.459,-75.708,4699582.34699911,2051268.02208841,4,3.453,SGC,"Córdoba - Quindío, Colombia",1999/03/16 20:04:38+00,3.5,ML,convertida,868,Subducción interplaca
3.257,-74.807,4799295.81013542,1918085.58443402,5,3.6446,SGC,"Colombia - Huila, Colombia",1999/03/18 15:33:22+00,3.7,ML,convertida,869,Cortical
4.49,-75.654,4705589.6581874,2054675.12427344,4,3.1656,SGC,"Calarcá - Quindío, Colombia",1999/03/22 22:56:58+00,3.2,ML,convertida,870,Subducción interplaca
1.822,-76.002,4666100.39713779,1759633.68048102,5,3.2614,SGC,"Pitalito - Huila, Colombia",1999/03/25 11:43:51+00,3.3,ML,convertida,871,Cortical
2.692,-75.05,4772178.83721577,1855671.02840568,4,3.0698,SGC,"Rivera - Huila, Colombia",1999/03/28 13:54:57+00,3.1,ML,convertida,872,Cortical
1.947,-77.381,4512501.54284189,1773800.40713445,115,3.2614,SGC,"Leiva - Nariño, Colombia",1999/03/28 15:19:56+00,3.3,ML,convertida,873,Subducción intraplaca
4.5,-75.662,4704705.60788623,2055784.46509066,4,3.3572,SGC,"Calarcá - Quindío, Colombia",1999/03/30 13:43:12+00,3.4,ML,convertida,874,Subducción interplaca
1.879,-76.011,4665109.15248939,1765941.85791141,0,3.453,SGC,"Pitalito - Huila, Colombia",1999/04/03 10:37:00+00,3.5,ML,convertida,875,Cortical
4.425,-75.675,4703232.32585652,2047493.81189216,0,3.0698,SGC,"Córdoba - Quindío, Colombia",1999/04/06 13:40:05+00,3.1,ML,convertida,876,Subducción interplaca
4.476,-75.685,4702142.63630431,2053139.09864841,4,3.3572,SGC,"Calarcá - Quindío, Colombia",1999/04/08 09:09:34+00,3.4,ML,convertida,877,Subducción interplaca
4.497,-75.684,4702262.16919294,2055461.57112534,4,3.453,SGC,"Armenia - Quindío, Colombia",1999/04/08 10:41:25+00,3.5,ML,convertida,878,Subducción interplaca
5.08,-74.924,4786787.94999766,2119649.2979599,19,3.0698,SGC,"Falan - Tolima, Colombia",1999/04/13 07:18:25+00,3.1,ML,convertida,879,Cortical
4.646,-76.747,4584285.39751829,2072480.15922868,62,3.1656,SGC,"Sipí - Chocó, Colombia",1999/04/18 14:47:54+00,3.2,ML,convertida,880,Subducción intraplaca
3.396,-76.672,4591994.9777119,1934039.0530753,1,3.1656,SGC,"Santiago De Cali - Valle Del Cauca, Colombia",1999/05/14 21:01:55+00,3.2,ML,convertida,881,Cortical
4.678,-74.729,4808290.05764539,2075149.66002179,22,4.5068,SGC,"Pulí - Cundinamarca, Colombia",1999/05/15 05:20:37+00,4.6,ML,convertida,882,Cortical
4.789,-75.573,4714701.36501705,2087713.54977589,40,3.0698,SGC,"Santa Rosa De Cabal - Risaralda, Colombia",1999/05/16 01:13:21+00,3.1,ML,convertida,883,Subducción interplaca
4.288,-73.732,4918803.51470751,2031860.3673037,0,4.89,SGC,"El Calvario - Meta, Colombia",1999/06/01 16:42:13+00,5,ML,convertida,884,Cortical
4.297,-73.749,4916918.67140139,2032856.70262194,0,4.5068,SGC,"El Calvario - Meta, Colombia",1999/06/09 22:21:58+00,4.6,ML,convertida,885,Cortical
4.705,-74.698,4811735.5550128,2078125.89064776,3,3.7404,SGC,"Pulí - Cundinamarca, Colombia",1999/06/11 15:25:57+00,3.8,ML,convertida,886,Cortical
4.522,-76.386,4624320.84980115,2058552.77336912,123,3.2614,SGC,"El Dovio - Valle Del Cauca, Colombia",1999/06/24 18:19:46+00,3.3,ML,convertida,887,Subducción intraplaca
2.592,-75.656,4704766.16494486,1844740.35823556,10,3.6446,SGC,"Íquira - Huila, Colombia",1999/06/26 23:40:47+00,3.7,ML,convertida,888,Cortical
4.366,-75.613,4710092.65733994,2040943.48907211,3,3.6446,SGC,"Córdoba - Quindío, Colombia",1999/06/28 20:58:30+00,3.7,ML,convertida,889,Subducción interplaca
4.121,-76.279,4636014.09195368,2014118.55562589,124,3.0698,SGC,"Riofrío - Valle Del Cauca, Colombia",1999/06/29 08:38:18+00,3.1,ML,convertida,890,Subducción intraplaca
2.745,-75.004,4777302.7604048,1861521.99928074,3,3.2614,SGC,"Rivera - Huila, Colombia",1999/07/01 22:07:07+00,3.3,ML,convertida,891,Cortical
4.528,-76.253,4639096.37735319,2059149.23821124,119,3.0698,SGC,"El Dovio - Valle Del Cauca, Colombia",1999/07/06 06:32:31+00,3.1,ML,convertida,892,Subducción intraplaca
3.777,-76.749,4583600.14785402,1976258.89299145,32,3.3572,SGC,"Dagua - Valle Del Cauca, Colombia",1999/07/09 22:38:03+00,3.4,ML,convertida,893,Subducción interplaca
4.688,-74.696,4811952.81198447,2076246.14861716,0,3.1656,SGC,"Pulí - Cundinamarca, Colombia",1999/07/11 03:46:34+00,3.2,ML,convertida,894,Cortical
4.688,-74.698,4811730.99375982,2076246.68573093,1,3.7404,SGC,"Pulí - Cundinamarca, Colombia",1999/07/15 19:15:25+00,3.8,ML,convertida,895,Cortical
4.253,-76.433,4618963.34603931,2028801.70323038,130,5.1774,SGC,"Trujillo - Valle Del Cauca, Colombia",1999/07/19 11:13:17+00,5.3,ML,convertida,896,Subducción intraplaca
3.319,-74.154,4871845.27682468,1924830.79856007,0,3.3572,SGC,"Mesetas - Meta, Colombia",1999/07/20 01:46:44+00,3.4,ML,convertida,897,Cortical
3.901,-75.71,4699147.35123056,1989545.70491117,4,3.8362,SGC,"Roncesvalles - Tolima, Colombia",1999/07/22 14:59:50+00,3.9,ML,convertida,898,Subducción interplaca
4.212,-76.346,4628611.18171066,2024221.37051648,124,3.1656,SGC,"Trujillo - Valle Del Cauca, Colombia",1999/07/26 06:42:50+00,3.2,ML,convertida,899,Subducción intraplaca
2.006,-75.772,4691736.12984026,1779946.16888399,2,4.1236,SGC,"Guadalupe - Huila, Colombia",1999/07/28 15:05:04+00,4.2,ML,convertida,900,Cortical
2.462,-75.452,4727429.58042969,1830317.94916929,126,3.3572,SGC,"Hobo - Huila, Colombia",1999/08/21 07:16:12+00,3.4,ML,convertida,901,Subducción intraplaca
3.689,-74.318,4853687.1357757,1965745.64932729,0,3.1656,SGC,"Lejanías - Meta, Colombia",1999/08/23 13:27:19+00,3.2,ML,convertida,902,Cortical
4.791,-76.265,4637898.49439716,2088261.86168613,102,3.1656,SGC,"El Cairo - Valle Del Cauca, Colombia",1999/08/24 00:58:02+00,3.2,ML,convertida,903,Subducción intraplaca
4.963,-74.658,4816241.33406809,2106634.45414108,12,3.932,SGC,"Chaguaní - Cundinamarca, Colombia",1999/08/25 12:03:53+00,4,ML,convertida,904,Cortical
4.293,-76.44,4618205.30118208,2033232.78884886,132,3.1656,SGC,"Trujillo - Valle Del Cauca, Colombia",1999/08/29 04:21:42+00,3.2,ML,convertida,905,Subducción intraplaca
4.705,-74.718,4809517.41398773,2078131.31608115,7,3.0698,SGC,"Pulí - Cundinamarca, Colombia",1999/09/04 02:56:42+00,3.1,ML,convertida,906,Cortical
4.369,-76.486,4613132.37312576,2041668.84025986,96,3.0698,SGC,"Trujillo - Valle Del Cauca, Colombia",1999/09/07 08:44:35+00,3.1,ML,convertida,907,Subducción intraplaca
4.11,-76.316,4631897.29026176,2012918.14267022,148,3.0698,SGC,"Riofrío - Valle Del Cauca, Colombia",1999/09/07 13:51:53+00,3.1,ML,convertida,908,Subducción intraplaca
4.426,-75.966,4670921.58068878,2047727.27346331,142,4.0278,SGC,"Zarzal - Valle Del Cauca, Colombia",1999/09/25 09:03:26+00,4.1,ML,convertida,909,Subducción intraplaca
4.787,-76.333,4630346.50338766,2087855.49244609,56,3.1656,SGC,"El Cairo - Valle Del Cauca, Colombia",1999/09/26 05:36:59+00,3.2,ML,convertida,910,Subducción intraplaca
4.427,-76.357,4627493.98254081,2048023.07402127,80,4.1236,SGC,"El Dovio - Valle Del Cauca, Colombia",1999/09/26 16:15:25+00,4.2,ML,convertida,911,Subducción intraplaca
4.313,-75.727,4697414.13432465,2035125.73285816,4,4.1236,SGC,"Pijao - Quindío, Colombia",1999/10/13 08:10:56+00,4.2,ML,convertida,912,Subducción interplaca
4.326,-73.748,4917032.74600912,2036061.13637513,4,3.0698,SGC,"El Calvario - Meta, Colombia",1999/10/19 10:17:33+00,3.1,ML,convertida,913,Cortical
4.7,-76.211,4643846.85117644,2078162.93395351,95,3.453,SGC,"El Cairo - Valle Del Cauca, Colombia",1999/10/20 23:01:59+00,3.5,ML,convertida,914,Subducción intraplaca
4.477,-75.719,4698368.49555199,2053263.61722492,4,3.6446,SGC,"Armenia - Quindío, Colombia",1999/10/21 10:50:43+00,3.7,ML,convertida,915,Subducción interplaca
4.475,-75.708,4699588.86695862,2053037.86841922,4,3.6446,SGC,"Armenia - Quindío, Colombia",1999/10/21 19:46:20+00,3.7,ML,convertida,916,Subducción interplaca
2.848,-77.265,4525745.26741889,1873594.00636818,18,3.1656,SGC,"López - Cauca, Colombia",1999/10/22 07:36:32+00,3.2,ML,convertida,917,Cortical
2.436,-75.539,4717746.75059403,1827460.55150895,14,3.3572,SGC,"Gigante - Huila, Colombia",1999/10/23 08:25:55+00,3.4,ML,convertida,918,Cortical
4.833,-76.191,4646135.65642133,2092871.0470837,122,3.2614,SGC,"San José Del Palmar - Chocó, Colombia",1999/10/26 22:16:42+00,3.3,ML,convertida,919,Subducción intraplaca
3.394,-74.221,4864413.99896651,1933128.33240775,4,3.3572,SGC,"Mesetas - Meta, Colombia",1999/10/27 17:18:03+00,3.4,ML,convertida,920,Cortical
2.668,-74.99,4778845.19194813,1853006.65634039,1,3.5488,SGC,"Rivera - Huila, Colombia",1999/10/29 23:53:08+00,3.6,ML,convertida,921,Cortical
4.364,-75.729,4697212.39150038,2040767.99649722,4,3.5488,SGC,"Buenavista - Quindío, Colombia",1999/11/09 10:31:22+00,3.6,ML,convertida,922,Subducción interplaca
4.447,-75.671,4703685.1916114,2049925.67593952,4,3.1656,SGC,"Córdoba - Quindío, Colombia",1999/11/09 12:02:24+00,3.2,ML,convertida,923,Subducción interplaca
4.704,-76.171,4648290.05687242,2078585.29164865,120,3.1656,SGC,"Argelia - Valle Del Cauca, Colombia",1999/11/09 14:40:38+00,3.2,ML,convertida,924,Subducción intraplaca
4.74,-74.685,4813186.70473044,2081991.3264212,4,3.7404,SGC,"Pulí - Cundinamarca, Colombia",1999/12/03 02:28:04+00,3.8,ML,convertida,925,Cortical
2.808,-72.993,5000777.68442024,1868296.19929884,33,4.0278,us,"14 km WNW of El Dorado, Colombia",1999/12/11 22:03:24+00,4.1,ml,convertida,926,Cortical
3.671,-76.873,4569755.27091468,1964580.66541859,131,3.7404,SGC,"Dagua - Valle Del Cauca, Colombia",1999/12/30 04:30:11+00,3.8,ML,convertida,927,Subducción intraplaca
3.29,-74.338,4851403.82007815,1921651.46426822,0,3.2614,SGC,"Uribe - Meta, Colombia",2000/01/02 11:54:17+00,3.3,ML,convertida,928,Cortical
3.289,-74.509,4832408.51787623,1921568.02612842,0,3.2614,SGC,"Uribe - Meta, Colombia",2000/01/20 02:56:51+00,3.3,ML,convertida,929,Cortical
2.023,-76.518,4608686.58899955,1781987.7597922,0,4.6026,SGC,"Paispamba - Cauca, Colombia",2000/02/02 18:40:16+00,4.7,ML,convertida,930,Cortical
4.466,-75.705,4699918.25097073,2052041.10379599,4,3.5488,SGC,"Armenia - Quindío, Colombia",2000/02/04 10:10:41+00,3.6,ML,convertida,931,Subducción interplaca
4.451,-76.182,4646944.53054589,2050593.24806066,124,4.0278,SGC,"Roldanillo - Valle Del Cauca, Colombia",2000/02/17 03:31:54+00,4.1,ML,convertida,932,Subducción intraplaca
2.817,-75.963,4670672.72103583,1869709.37785623,4,3.453,SGC,"Belalcázar - Cauca, Colombia",2000/02/18 01:01:11+00,3.5,ML,convertida,933,Cortical
2.892,-76.341,4628638.39371213,1878123.98334778,0,3.0698,SGC,"Toribío - Cauca, Colombia",2000/02/18 15:59:52+00,3.1,ML,convertida,934,Cortical
4.712,-75.068,4770698.26694045,2079010.5174013,8,3.453,SGC,"Santa Isabel - Tolima, Colombia",2000/03/04 21:30:39+00,3.5,ML,convertida,935,Cortical
4.651,-76.335,4630052.27698599,2072804.16365929,126,4.0278,SGC,"Versalles - Valle Del Cauca, Colombia",2000/03/10 20:07:12+00,4.1,ML,convertida,936,Subducción intraplaca
2.338,-75.432,4729629.78657375,1816601.00018907,0,3.2614,SGC,"Gigante - Huila, Colombia",2000/03/13 09:13:35+00,3.3,ML,convertida,937,Cortical
4.63,-75.739,4696212.40754294,2070196.49863937,155,3.6446,SGC,"Quimbaya - Quindío, Colombia",2000/03/22 22:17:23+00,3.7,ML,convertida,938,Subducción intraplaca
4.917,-74.633,4819000.38899012,2101542.79189579,2,3.1656,SGC,"Chaguaní - Cundinamarca, Colombia",2000/03/29 03:35:09+00,3.2,ML,convertida,939,Cortical
3.732,-75.92,4675751.14180673,1970926.60266648,202,4.9858,SGC,"Rioblanco - Tolima, Colombia",2000/04/03 04:52:46+00,5.1,ML,convertida,940,Subducción intraplaca
3.848,-76.11,4654678.78581358,1983834.78680396,15,3.0698,SGC,"San Pedro - Valle Del Cauca, Colombia",2000/04/03 07:25:15+00,3.1,ML,convertida,941,Subducción interplaca
2.824,-75.003,4777428.77108934,1870255.74644519,0,3.6446,SGC,"Rivera - Huila, Colombia",2000/04/06 20:20:06+00,3.7,ML,convertida,942,Cortical
4.529,-75.673,4703496.29197051,2058996.68697546,0,3.2614,SGC,"Armenia - Quindío, Colombia",2000/04/10 18:31:38+00,3.3,ML,convertida,943,Subducción interplaca
3.745,-76.071,4658972.86143421,1972422.20793429,88,3.1656,SGC,"Ginebra - Valle Del Cauca, Colombia",2000/04/20 06:51:49+00,3.2,ML,convertida,944,Subducción intraplaca
4.416,-75.83,4686019.10812904,2046562.0091498,174,3.8362,SGC,"La Tebaida - Quindío, Colombia",2000/04/22 21:25:44+00,3.9,ML,convertida,945,Subducción intraplaca
4.287,-73.85,4905713.45161816,2031763.37602099,0,3.2614,SGC,"Quetame - Cundinamarca, Colombia",2000/04/28 14:30:54+00,3.3,ML,convertida,946,Cortical
3.84,-76.15,4650229.64872515,1982965.84162308,119,3.1656,SGC,"Guadalajara De Buga - Valle Del Cauca, Colombia",2000/05/20 13:04:05+00,3.2,ML,convertida,947,Subducción intraplaca
4.933,-76.111,4655067.18326991,2103895.42323308,117,3.2614,SGC,"El Águila - Valle Del Cauca, Colombia",2000/05/23 15:13:14+00,3.3,ML,convertida,948,Subducción intraplaca
4.759,-74.663,4815631.54375353,2084085.68769428,7,4.2194,SGC,"Beltrán - Cundinamarca, Colombia",2000/05/23 20:05:21+00,4.3,ML,convertida,949,Cortical
2.524,-74.242,4861974.08568899,1836983.43096235,0,3.8362,SGC,"La Macarena - Meta, Colombia",2000/05/24 19:39:34+00,3.9,ML,convertida,950,Cortical
1.821,-76.065,4659086.33580694,1759534.85258164,0,3.3572,SGC,"Pitalito - Huila, Colombia",2000/06/10 09:16:44+00,3.4,ML,convertida,951,Cortical
4.734,-76.434,4619102.53150321,2082044.21359847,100,3.932,SGC,"El Cairo - Valle Del Cauca, Colombia",2000/06/26 13:43:56+00,4,ML,convertida,952,Subducción intraplaca
3.373,-74.494,4834088.88643713,1930849.79939191,51,3.7404,SGC,"Uribe - Meta, Colombia",2000/06/27 14:55:34+00,3.8,ML,convertida,953,Subducción intraplaca
4.48,-75.633,4707916.86565555,2053560.61094396,3,3.2614,SGC,"Calarcá - Quindío, Colombia",2000/06/29 09:50:01+00,3.3,ML,convertida,954,Subducción interplaca
4.734,-76.25,4639534.09037664,2081945.74443372,100,3.1656,SGC,"El Cairo - Valle Del Cauca, Colombia",2000/07/17 10:36:14+00,3.2,ML,convertida,955,Subducción intraplaca
4.665,-76.347,4628726.98674061,2074360.00171751,100,3.1656,SGC,"El Cairo - Valle Del Cauca, Colombia",2000/07/18 16:17:20+00,3.2,ML,convertida,956,Subducción intraplaca
2.19,-75.052,4771871.78310746,1800170.80907412,32,3.453,SGC,"San Vicente Del Caguán - Caquetá, Colombia",2000/07/18 17:30:51+00,3.5,ML,convertida,957,Cortical
4.623,-75.899,4678448.70242992,2069492.65737382,127,3.2614,SGC,"Obando - Valle Del Cauca, Colombia",2000/07/29 02:46:13+00,3.3,ML,convertida,958,Subducción intraplaca
1.856,-76.125,4652412.85105304,1763419.16029873,0,3.2614,SGC,"Pitalito - Huila, Colombia",2000/08/08 14:28:58+00,3.3,ML,convertida,959,Cortical
4.674,-74.875,4792095.01198207,2074749.00333376,2,4.0278,SGC,"Venadillo - Tolima, Colombia",2000/08/28 11:48:17+00,4.1,ML,convertida,960,Cortical
4.334,-76.379,4625003.54400745,2037740.58782987,118,3.7404,SGC,"Trujillo - Valle Del Cauca, Colombia",2000/09/01 18:14:03+00,3.8,ML,convertida,961,Subducción intraplaca
3.315,-74.737,4807084.31321501,1924483.2494002,0,3.2614,SGC,"Colombia - Huila, Colombia",2000/09/03 00:03:24+00,3.3,ML,convertida,962,Cortical
3.393,-74.756,4804988.93213048,1933109.20964253,2,3.0698,SGC,"Colombia - Huila, Colombia",2000/09/03 05:55:19+00,3.1,ML,convertida,963,Cortical
1.714,-75.903,4677102.68645741,1747667.61835182,0,3.453,SGC,"Acevedo - Huila, Colombia",2000/09/05 21:27:53+00,3.5,ML,convertida,964,Cortical
4.826,-74.646,4817534.54676777,2091487.27210423,18,3.3572,SGC,"San Juan De Rioseco - Cundinamarca, Colombia",2000/09/07 07:34:59+00,3.4,ML,convertida,965,Cortical
3.609,-74.106,4877213.862526,1956872.7395407,0,3.3572,SGC,"Lejanías - Meta, Colombia",2000/09/17 05:26:59+00,3.4,ML,convertida,966,Cortical
4.037,-77.332,4518880.23100179,2005370.49221186,0,3.6446,SGC,"Santa Genoveva De Docordó - Chocó, Colombia",2000/09/28 05:19:23+00,3.7,ML,convertida,967,Cortical
4.224,-76.895,4567594.63782571,2025833.93317454,32,3.0698,SGC,"Buenaventura - Valle Del Cauca, Colombia",2000/10/08 07:32:36+00,3.1,ML,convertida,968,Cortical
3.841,-76.456,4616213.06690784,1983208.01305415,124,3.932,SGC,"Restrepo - Valle Del Cauca, Colombia",2000/10/26 17:05:54+00,4,ML,convertida,969,Subducción intraplaca
3.326,-76.471,4614329.17038643,1926207.88764004,144,3.7404,SGC,"Jamundí - Valle Del Cauca, Colombia",2000/10/29 00:28:29+00,3.8,ML,convertida,970,Subducción intraplaca
4.096,-76.115,4654226.51107932,2011279.04575598,168,4.1236,SGC,"Tuluá - Valle Del Cauca, Colombia",2000/11/01 12:13:47+00,4.2,ML,convertida,971,Subducción intraplaca
3.356,-74.322,4853190.82965712,1928943.34763587,14,4.0278,SGC,"Uribe - Meta, Colombia",2000/11/02 14:34:57+00,4.1,ML,convertida,972,Cortical
3.61,-74.391,4845568.26886189,1957026.6763479,0,3.2614,SGC,"Uribe - Meta, Colombia",2000/11/03 12:14:32+00,3.3,ML,convertida,973,Cortical
3.802,-76.093,4656549.88183959,1978737.94317224,180,4.411,SGC,"Ginebra - Valle Del Cauca, Colombia",2000/12/03 21:11:23+00,4.5,ML,convertida,974,Subducción intraplaca
4.435,-76.019,4665039.90416528,2048746.82515193,162,3.1656,SGC,"Zarzal - Valle Del Cauca, Colombia",2000/12/27 06:32:40+00,3.2,ML,convertida,975,Subducción intraplaca
4.254,-76.601,4600293.24655665,2028997.51478863,46,3.0698,SGC,"Trujillo - Valle Del Cauca, Colombia",2000/12/29 09:58:26+00,3.1,ML,convertida,976,Subducción interplaca
2.888,-74.977,4780331.18963695,1877326.28618078,0,4.411,SGC,"Tello - Huila, Colombia",2000/12/30 21:10:35+00,4.5,ML,convertida,977,Cortical
1.271,-76.062,4659332.5112046,1698679.29786304,100,3.2614,SGC,"San José Del Fragua - Caquetá, Colombia",2001/01/21 01:09:03+00,3.3,ML,convertida,978,Subducción intraplaca
4.424,-76.933,4563484.29539472,2048005.57071477,60,3.0698,SGC,"Sipí - Chocó, Colombia",2001/01/23 19:18:58+00,3.1,ML,convertida,979,Subducción intraplaca
1.351,-75.734,4695863.87187337,1707487.32896533,42,3.5488,SGC,"Morelia - Caquetá, Colombia",2001/01/28 10:48:38+00,3.6,ML,convertida,980,Cortical
4.009,-76.128,4652744.86808892,2001657.62881976,168,4.5068,SGC,"San Pedro - Valle Del Cauca, Colombia",2001/01/31 12:15:00+00,4.6,ML,convertida,981,Subducción intraplaca
3,-75.072,4769794.03519828,1889727.94106265,120,3.0698,SGC,"Tello - Huila, Colombia",2001/02/01 11:18:45+00,3.1,ML,convertida,982,Subducción intraplaca
1.917,-75.908,4676582.20522166,1770126.36628341,42,3.6446,SGC,"Timaná - Huila, Colombia",2001/02/03 00:17:40+00,3.7,ML,convertida,983,Cortical
3.531,-74.491,4834449.48605155,1948312.59253445,0,3.2614,SGC,"Uribe - Meta, Colombia",2001/02/19 15:20:44+00,3.3,ML,convertida,984,Cortical
4.11,-73.859,4904693.57908116,2012205.25768115,0,3.0698,SGC,"Guayabetal - Cundinamarca, Colombia",2001/02/21 14:15:27+00,3.1,ML,convertida,985,Cortical
3.358,-73.762,4915384.46860091,1929098.12527907,0,3.2614,SGC,"San Juan De Arama - Meta, Colombia",2001/03/05 23:51:25+00,3.3,ML,convertida,986,Cortical
3.838,-76.74,4584630.51416142,1983008.86401889,104,3.3572,SGC,"Dagua - Valle Del Cauca, Colombia",2001/03/06 09:06:44+00,3.4,ML,convertida,987,Subducción intraplaca
2.781,-75.09,4767748.73258316,1865518.6006833,84,3.8362,SGC,"Rivera - Huila, Colombia",2001/03/06 14:37:41+00,3.9,ML,convertida,988,Subducción intraplaca
4.047,-75.877,4680648.87693065,2005759.30637859,205,4.0278,SGC,"Génova - Quindío, Colombia",2001/03/16 09:49:06+00,4.1,ML,convertida,989,Subducción intraplaca
3.885,-76.494,4612008.02637593,1988095.82966923,104,3.5488,SGC,"Darién - Valle Del Cauca, Colombia",2001/03/30 06:42:06+00,3.6,ML,convertida,990,Subducción intraplaca
2.473,-75.65,4705406.66793674,1831576.77451426,0,3.453,SGC,"Tesalia - Huila, Colombia",2001/04/03 12:22:23+00,3.5,ML,convertida,991,Cortical
3.895,-76.874,4569754.848108,1989387.61948768,56,3.7404,SGC,"Buenaventura - Valle Del Cauca, Colombia",2001/04/15 10:22:45+00,3.8,ML,convertida,992,Subducción intraplaca
4.606,-76.22,4642800.08208454,2067764.86449266,92,3.3572,SGC,"Versalles - Valle Del Cauca, Colombia",2001/04/21 18:32:34+00,3.4,ML,convertida,993,Subducción intraplaca
4.522,-75.99,4668299.65668389,2058359.64009852,146,3.0698,SGC,"La Victoria - Valle Del Cauca, Colombia",2001/05/01 20:15:43+00,3.1,ML,convertida,994,Subducción intraplaca
4.2,-76.493,4612269.25882264,2022964.70605402,117,3.3572,SGC,"Trujillo - Valle Del Cauca, Colombia",2001/05/09 04:46:57+00,3.4,ML,convertida,995,Subducción intraplaca
3.627,-74.315,4854010.19261271,1958892.95417746,0,3.8362,SGC,"Lejanías - Meta, Colombia",2001/05/16 21:05:48+00,3.9,ML,convertida,996,Cortical
4.711,-76.371,4626086.20346851,2079464.16365586,96,3.2614,SGC,"El Cairo - Valle Del Cauca, Colombia",2001/05/18 05:09:04+00,3.3,ML,convertida,997,Subducción intraplaca
3.27,-74.911,4787743.05034574,1919544.05521534,26,3.3572,SGC,"Alpujarra - Tolima, Colombia",2001/05/19 03:04:26+00,3.4,ML,convertida,998,Cortical
2.379,-73.502,4944209.4095075,1820906.95033512,12,3.2614,SGC,"La Macarena - Meta, Colombia",2001/05/27 06:06:40+00,3.3,ML,convertida,999,Cortical
4.483,-75.787,4690821.60950081,2053955.69086991,0,3.3572,SGC,"La Tebaida - Quindío, Colombia",2001/06/01 12:33:36+00,3.4,ML,convertida,1000,Subducción interplaca
1.858,-75.847,4683361.39862121,1763588.12265945,0,3.453,SGC,"Acevedo - Huila, Colombia",2001/06/18 17:49:13+00,3.5,ML,convertida,1001,Cortical
4.807,-76.096,4656667.90028701,2089945.24953495,120,3.0698,SGC,"Argelia - Valle Del Cauca, Colombia",2001/06/19 14:18:46+00,3.1,ML,convertida,1002,Subducción intraplaca
3.424,-74.831,4796663.60776143,1936551.58146302,23,3.7404,SGC,"Colombia - Huila, Colombia",2001/06/21 10:03:47+00,3.8,ML,convertida,1003,Cortical
3.304,-74.81,4798971.88363663,1923281.77917351,22,3.3572,SGC,"Colombia - Huila, Colombia",2001/06/22 05:17:17+00,3.4,ML,convertida,1004,Cortical
3.449,-74.82,4797890.85686118,1939312.89390707,47,3.3572,SGC,"Colombia - Huila, Colombia",2001/07/06 21:06:58+00,3.4,ML,convertida,1005,Cortical
3.439,-74.314,4854091.86179906,1938115.20844535,0,3.453,SGC,"Uribe - Meta, Colombia",2001/07/28 03:07:19+00,3.5,ML,convertida,1006,Cortical
4.07,-75.532,4718978.8911439,2008175.32330161,0,3.0698,SGC,"Roncesvalles - Tolima, Colombia",2001/08/01 11:41:49+00,3.1,ML,convertida,1007,Subducción interplaca
2.412,-76.6,4599658.48895382,1825072.73770269,145,3.2614,SGC,"Popayán - Cauca, Colombia",2001/08/25 15:51:12+00,3.3,ML,convertida,1008,Subducción intraplaca
3.244,-75.156,4760512.3501247,1916724.43436536,4,3.0698,SGC,"Villavieja - Huila, Colombia",2001/09/10 08:19:11+00,3.1,ML,convertida,1009,Cortical
3.6,-74.472,4836571.7713729,1955935.56292659,0,3.1656,SGC,"Villarrica - Tolima, Colombia",2001/09/14 08:44:56+00,3.2,ML,convertida,1010,Cortical
3.989,-76.085,4657514.83326235,1999426.47656577,180,5.848,SGC,"San Pedro - Valle Del Cauca, Colombia",2001/09/21 22:23:39+00,6,ML,convertida,1011,Subducción intraplaca
3.944,-76.077,4658385.30110751,1994443.8893755,179,3.2614,SGC,"San Pedro - Valle Del Cauca, Colombia",2001/09/21 23:19:11+00,3.3,ML,convertida,1012,Subducción intraplaca
5.106,-74.897,4789789.55403867,2122514.87670733,4,3.1656,SGC,"Falan - Tolima, Colombia",2001/09/27 12:18:02+00,3.2,ML,convertida,1013,Cortical
2.64,-73.836,4907106.08505902,1849765.37575633,4,3.0698,SGC,"La Macarena - Meta, Colombia",2001/09/30 09:22:58+00,3.1,ML,convertida,1014,Cortical
3.286,-75.941,4673262.01630936,1921590.91190301,0,3.1656,SGC,"Miranda - Cauca, Colombia",2001/10/03 14:36:43+00,3.2,ML,convertida,1015,Subducción interplaca
2.19,-75.369,4736610.93301422,1800222.82047579,0,3.453,SGC,"Garzón - Huila, Colombia",2001/10/05 05:20:12+00,3.5,ML,convertida,1016,Cortical
2.345,-75.511,4720843.03196754,1817390.63402106,0,3.2614,SGC,"Gigante - Huila, Colombia",2001/10/07 11:06:10+00,3.3,ML,convertida,1017,Cortical
1.525,-76.704,4587858.71765439,1726895.71365833,0,3.3572,SGC,"Santa Rosa - Cauca, Colombia",2001/10/20 14:59:56+00,3.4,ML,convertida,1018,Cortical
3.969,-75.48,4724719.97660966,1996987.33717189,0,3.453,SGC,"San Antonio - Tolima, Colombia",2001/11/02 16:38:22+00,3.5,ML,convertida,1019,Subducción interplaca
5.124,-75.976,4670145.30334377,2124959.59459171,0,3.0698,SGC,"Apía - Risaralda, Colombia",2001/11/06 04:26:57+00,3.1,ML,convertida,1020,Subducción interplaca
3.269,-74.77,4803409.06943224,1919404.79733472,0,3.3572,SGC,"Colombia - Huila, Colombia",2001/11/09 14:48:22+00,3.4,ML,convertida,1021,Cortical
4.748,-76.344,4629104.18762149,2083544.89548751,114,3.3572,SGC,"El Cairo - Valle Del Cauca, Colombia",2001/11/09 14:56:45+00,3.4,ML,convertida,1022,Subducción intraplaca
1.953,-74.728,4807875.45416508,1773927.92730533,3,3.1656,SGC,"San Vicente Del Caguán - Caquetá, Colombia",2001/11/14 06:56:02+00,3.2,ML,convertida,1023,Cortical
3.52,-74.44,4840111.51290018,1947087.89444691,4,3.5488,SGC,"Uribe - Meta, Colombia",2001/11/16 13:42:15+00,3.6,ML,convertida,1024,Cortical
3.686,-75.127,4763844.85009622,1965587.78907773,96,3.1656,SGC,"Natagaima - Tolima, Colombia",2001/11/22 23:59:06+00,3.2,ML,convertida,1025,Subducción intraplaca
2.351,-75.628,4707828.01117918,1818078.16099465,0,3.0698,SGC,"Gigante - Huila, Colombia",2001/12/23 19:39:23+00,3.1,ML,convertida,1026,Cortical
2.951,-74.893,4789679.81660821,1884274.98703795,4,3.3572,SGC,"Baraya - Huila, Colombia",2002/01/02 12:26:38+00,3.4,ML,convertida,1027,Cortical
2.069,-75.944,4672604.96470105,1786949.55590903,0,3.453,SGC,"Elías - Huila, Colombia",2002/01/12 02:36:08+00,3.5,ML,convertida,1028,Cortical
4.735,-74.696,4811965.44777514,2081441.59420701,2,3.5488,SGC,"Pulí - Cundinamarca, Colombia",2002/01/22 21:21:07+00,3.6,ML,convertida,1029,Cortical
3.418,-74.681,4813325.25314844,1935857.847583,0,3.5488,SGC,"Colombia - Huila, Colombia",2002/01/29 04:42:02+00,3.6,ML,convertida,1030,Cortical
3.425,-74.676,4813882.01202997,1936630.63648045,0,3.6446,SGC,"Colombia - Huila, Colombia",2002/01/29 06:48:08+00,3.7,ML,convertida,1031,Cortical
4.817,-74.705,4810989.79644282,2090508.49208796,14,3.453,SGC,"Beltrán - Cundinamarca, Colombia",2002/02/08 17:16:09+00,3.5,ML,convertida,1032,Cortical
3.641,-73.944,4895204.26111676,1960388.64977786,2,4.1236,SGC,"Lejanías - Meta, Colombia",2002/02/16 08:49:46+00,4.2,ML,convertida,1033,Cortical
2.836,-74.446,4839339.37599528,1871490.198358,4,3.3572,SGC,"Uribe - Meta, Colombia",2002/02/20 23:06:09+00,3.4,ML,convertida,1034,Cortical
4.823,-74.553,4827845.78101502,2091131.44485038,0,3.5488,SGC,"Bituima - Cundinamarca, Colombia",2002/02/27 01:31:07+00,3.6,ML,convertida,1035,Cortical
4.835,-74.538,4829511.96771341,2092454.07033026,0,3.3572,SGC,"Bituima - Cundinamarca, Colombia",2002/02/27 03:47:10+00,3.4,ML,convertida,1036,Cortical
3.64,-77.046,4550490.25537716,1961232.23165833,72,3.1656,SGC,"Buenaventura - Valle Del Cauca, Colombia",2002/03/26 19:20:34+00,3.2,ML,convertida,1037,Subducción intraplaca
2.671,-75.366,4737037.86831783,1853412.41904789,2,3.0698,SGC,"Campoalegre - Huila, Colombia",2002/03/26 22:47:00+00,3.1,ML,convertida,1038,Cortical
4.567,-75.69,4701624.84528036,2063206.99653402,166,4.0278,SGC,"Armenia - Quindío, Colombia",2002/04/06 17:03:39+00,4.1,ML,convertida,1039,Subducción intraplaca
2.875,-75.052,4771991.68116677,1875903.78580086,20,3.932,SGC,"Tello - Huila, Colombia",2002/04/15 06:16:03+00,4,ML,convertida,1040,Cortical
4.383,-74.932,4785686.67024039,2042594.55849758,24,3.7404,SGC,"Coello - Tolima, Colombia",2002/04/28 16:25:04+00,3.8,ML,convertida,1041,Cortical
2.262,-75.509,4721049.35533231,1808210.93305484,4,3.2614,SGC,"Gigante - Huila, Colombia",2002/05/24 08:15:53+00,3.3,ML,convertida,1042,Cortical
4.487,-76.234,4641186.4148777,2054602.41303575,108,3.7404,SGC,"El Dovio - Valle Del Cauca, Colombia",2002/06/03 11:13:51+00,3.8,ML,convertida,1043,Subducción intraplaca
3.591,-75.355,4738489.64742476,1955146.07152795,123,3.6446,SGC,"Ataco - Tolima, Colombia",2002/07/19 06:12:55+00,3.7,ML,convertida,1044,Subducción intraplaca
4.689,-74.728,4808403.96547284,2076365.36167492,0,4.6026,SGC,"Pulí - Cundinamarca, Colombia",2002/07/24 14:38:08+00,4.7,ML,convertida,1045,Cortical
2.417,-75.162,4759675.09092343,1825286.62613904,4,3.0698,SGC,"Algeciras - Huila, Colombia",2002/08/08 07:16:00+00,3.1,ML,convertida,1046,Cortical
4.817,-76.278,4636468.98498515,2091146.25920071,68,3.3572,SGC,"El Cairo - Valle Del Cauca, Colombia",2002/08/12 16:48:16+00,3.4,ML,convertida,1047,Subducción intraplaca
4.675,-74.656,4816385.7382358,2074798.53160771,13,3.3572,SGC,"Pulí - Cundinamarca, Colombia",2002/09/03 07:12:58+00,3.4,ML,convertida,1048,Cortical
2.334,-75.608,4710049.58948935,1816193.74293785,0,3.1656,SGC,"Gigante - Huila, Colombia",2002/09/13 04:39:21+00,3.2,ML,convertida,1049,Cortical
4.658,-76.558,4605288.41439237,2073700.0548308,52,3.0698,SGC,"Sipí - Chocó, Colombia",2002/09/17 17:27:32+00,3.1,ML,convertida,1050,Subducción intraplaca
3.465,-76.946,4561535.18248635,1941801.21333781,78,3.6446,SGC,"Dagua - Valle Del Cauca, Colombia",2002/09/22 00:15:49+00,3.7,ML,convertida,1051,Subducción intraplaca
3.855,-75.779,4691464.63827695,1984482.15597191,0,4.411,SGC,"Roncesvalles - Tolima, Colombia",2002/09/28 12:40:08+00,4.5,ML,convertida,1052,Subducción interplaca
4.056,-76.508,4610531.81002558,2007031.6315845,128,3.6446,SGC,"Darién - Valle Del Cauca, Colombia",2002/10/23 04:15:52+00,3.7,ML,convertida,1053,Subducción intraplaca
2.346,-75.517,4720175.75888533,1817502.42786338,0,3.1656,SGC,"Gigante - Huila, Colombia",2002/10/25 19:05:18+00,3.2,ML,convertida,1054,Cortical
0.892,-76.199,4644030.51814461,1656757.78535924,22,4.0278,SGC,"Puerto Guzmán - Putumayo, Colombia",2002/10/28 19:03:12+00,4.1,ML,convertida,1055,Cortical
4.755,-74.68,4813745.22994075,2083648.08944495,4,3.453,SGC,"Beltrán - Cundinamarca, Colombia",2002/10/30 18:56:23+00,3.5,ML,convertida,1056,Cortical
2.847,-74.796,4800442.32000186,1872760.63673976,7,3.1656,SGC,"Baraya - Huila, Colombia",2002/11/17 19:00:27+00,3.2,ML,convertida,1057,Cortical
2.897,-75.202,4755321.17219535,1878367.39854787,0,3.5488,SGC,"Neiva - Huila, Colombia",2002/11/18 18:52:08+00,3.6,ML,convertida,1058,Cortical
5.074,-74.753,4805742.02036085,2118932.14558102,3,3.3572,SGC,"Honda - Tolima, Colombia",2002/11/23 16:27:01+00,3.4,ML,convertida,1059,Cortical
3.299,-74.415,4842852.041206,1922657.96805017,4,5.4648,SGC,"Uribe - Meta, Colombia",2002/11/23 18:56:42+00,5.6,ML,convertida,1060,Cortical
2.645,-76.625,4596946.72350622,1850875.58945253,71,3.3572,SGC,"Cajibío - Cauca, Colombia",2002/11/24 11:48:27+00,3.4,ML,convertida,1061,Subducción intraplaca
4.409,-75.697,4700783.41174213,2045732.8243521,1,3.1656,SGC,"Córdoba - Quindío, Colombia",2002/11/25 17:39:44+00,3.2,ML,convertida,1062,Subducción interplaca
4.832,-74.655,4816538.20051032,2092152.92800614,2,3.3572,SGC,"San Juan De Rioseco - Cundinamarca, Colombia",2002/12/16 21:20:05+00,3.4,ML,convertida,1063,Cortical
4.777,-74.523,4831160.83477277,2086039.4478161,0,3.2614,SGC,"Quipile - Cundinamarca, Colombia",2002/12/24 00:51:43+00,3.3,ML,convertida,1064,Cortical
3.322,-75.912,4676498.31326874,1925564.22777832,0,4.2194,SGC,"Planadas - Tolima, Colombia",2002/12/28 17:47:04+00,4.3,ML,convertida,1065,Subducción interplaca
3.932,-75.545,4717487.77073258,1992917.07004062,0,3.5488,SGC,"San Antonio - Tolima, Colombia",2002/12/29 05:58:58+00,3.6,ML,convertida,1066,Subducción interplaca
1.917,-75.901,4677361.39087111,1770125.043807,0,3.0698,SGC,"Timaná - Huila, Colombia",2002/12/30 22:45:25+00,3.1,ML,convertida,1067,Cortical
2.269,-76.539,4606410.81117027,1809224.87939271,0,4.0278,SGC,"Paispamba - Cauca, Colombia",2003/01/07 10:42:11+00,4.1,ML,convertida,1068,Cortical
1.947,-76.733,4584719.68832854,1773626.37105718,72,3.3572,SGC,"La Vega - Cauca, Colombia",2003/01/07 16:11:17+00,3.4,ML,convertida,1069,Subducción intraplaca
3.818,-76.368,4625986.80330579,1980623.26223844,0,3.3572,SGC,"Yotoco - Valle Del Cauca, Colombia",2003/01/14 07:03:29+00,3.4,ML,convertida,1070,Subducción interplaca
5.049,-74.746,4806510.52857611,2116166.41650596,4,3.5488,SGC,"Guayabal - Tolima, Colombia",2003/01/20 07:21:02+00,3.6,ML,convertida,1071,Cortical
3.571,-74.567,4826016.40182224,1952747.72316296,0,5.1774,SGC,"Colombia - Huila, Colombia",2003/01/22 10:55:35+00,5.3,ML,convertida,1072,Cortical
3.587,-74.56,4826796.8088846,1954514.89849501,0,3.1656,SGC,"Colombia - Huila, Colombia",2003/01/22 14:50:42+00,3.2,ML,convertida,1073,Cortical
4.381,-75.337,4740737.39700156,2042501.42431245,0,3.0698,SGC,"Cajamarca - Tolima, Colombia",2003/01/24 15:02:14+00,3.1,ML,convertida,1074,Cortical
4.868,-76.357,4627725.97304765,2096833.74611516,107,3.1656,SGC,"San José Del Palmar - Chocó, Colombia",2003/02/07 00:55:30+00,3.2,ML,convertida,1075,Subducción intraplaca
4.782,-76.493,4612577.19334934,2087390.42914466,100,3.1656,SGC,"Sipí - Chocó, Colombia",2003/02/11 22:37:52+00,3.2,ML,convertida,1076,Subducción intraplaca
4.057,-75.251,4750179.45754707,2006645.33192368,0,3.8362,SGC,"Ortega - Tolima, Colombia",2003/02/20 16:23:03+00,3.9,ML,convertida,1077,Cortical
4.054,-75.254,4749845.41687979,2006314.52903546,0,3.8362,SGC,"Ortega - Tolima, Colombia",2003/02/20 20:20:05+00,3.9,ML,convertida,1078,Cortical
1.932,-75.91,4676362.41275578,1771786.20015303,0,3.8362,SGC,"Timaná - Huila, Colombia",2003/02/23 10:59:52+00,3.9,ML,convertida,1079,Cortical
4.375,-75.341,4740291.32791352,2041839.30500161,0,3.0698,SGC,"Cajamarca - Tolima, Colombia",2003/02/27 23:39:29+00,3.1,ML,convertida,1080,Cortical
2.86,-74.49,4834453.01128533,1874149.02226202,5,3.0698,SGC,"Uribe - Meta, Colombia",2003/03/07 23:31:11+00,3.1,ML,convertida,1081,Cortical
4.571,-76.565,4604462.58795781,2064072.57381422,72,4.2194,SGC,"Sipí - Chocó, Colombia",2003/03/29 20:47:29+00,4.3,ML,convertida,1082,Subducción intraplaca
3.991,-73.984,4890807.5483178,1999070.84342258,0,3.2614,SGC,"Acacías - Meta, Colombia",2003/03/30 00:17:35+00,3.3,ML,convertida,1083,Cortical
4.477,-76.334,4630074.05710672,2053545.48572665,142,3.7404,SGC,"El Dovio - Valle Del Cauca, Colombia",2003/04/09 20:19:11+00,3.8,ML,convertida,1084,Subducción intraplaca
2.847,-75.164,4759535.16685442,1872830.88043782,0,3.2614,SGC,"Rivera - Huila, Colombia",2003/04/13 00:04:52+00,3.3,ML,convertida,1085,Cortical
1.953,-75.986,4667906.53490911,1774124.28571411,0,3.932,SGC,"Timaná - Huila, Colombia",2003/04/16 06:17:29+00,4,ML,convertida,1086,Cortical
2.045,-76.086,4656793.35855204,1784324.05257217,0,3.2614,SGC,"Saladoblanco - Huila, Colombia",2003/04/17 07:57:39+00,3.3,ML,convertida,1087,Cortical
1.844,-76.005,4665770.49968857,1762068.31320258,13,3.5488,SGC,"Pitalito - Huila, Colombia",2003/04/19 05:17:02+00,3.6,ML,convertida,1088,Cortical
4.751,-74.842,4795777.89467267,2083251.67783896,0,3.1656,SGC,"Ambalema - Tolima, Colombia",2003/04/20 06:34:37+00,3.2,ML,convertida,1089,Cortical
1.286,-74.476,4835846.69188633,1700181.99210466,1,3.1656,SGC,"Cartagena Del Chairá - Caquetá, Colombia",2003/04/20 22:53:35+00,3.2,ML,convertida,1090,Cortical
1.863,-76.097,4655531.6557134,1764188.21793132,11,3.2614,SGC,"Pitalito - Huila, Colombia",2003/04/30 02:30:10+00,3.3,ML,convertida,1091,Cortical
4.625,-76.245,4640033.44576433,2069880.17315332,100,3.0698,SGC,"Versalles - Valle Del Cauca, Colombia",2003/05/08 12:22:05+00,3.1,ML,convertida,1092,Subducción intraplaca
4.702,-76.297,4634298.73826032,2078428.77053121,32,3.6446,SGC,"El Cairo - Valle Del Cauca, Colombia",2003/05/11 08:50:34+00,3.7,ML,convertida,1093,Subducción interplaca
4.918,-76.449,4617540.02038,2102419.92996391,4,3.1656,SGC,"Nóvita - Chocó, Colombia",2003/05/16 01:06:05+00,3.2,ML,convertida,1094,Subducción interplaca
4.732,-74.799,4800541.41598834,2081138.72057092,0,3.0698,SGC,"Ambalema - Tolima, Colombia",2003/05/17 03:46:10+00,3.1,ML,convertida,1095,Cortical
4.89,-76.515,4610195.96351359,2099358.54140342,9,3.6446,SGC,"Nóvita - Chocó, Colombia",2003/05/18 06:13:40+00,3.7,ML,convertida,1096,Subducción interplaca
4.214,-75.773,4692266.63654315,2024192.7149984,192,3.8362,SGC,"Génova - Quindío, Colombia",2003/05/19 13:35:46+00,3.9,ML,convertida,1097,Subducción intraplaca
4.444,-76.801,4578167.86662445,2050143.76198652,21,3.453,SGC,"Sipí - Chocó, Colombia",2003/06/10 22:58:13+00,3.5,ML,convertida,1098,Cortical
4.8,-76.321,4631685.84998861,2089287.84353862,122,3.1656,SGC,"El Cairo - Valle Del Cauca, Colombia",2003/06/22 18:13:33+00,3.2,ML,convertida,1099,Subducción intraplaca
2.486,-74.36,4848853.79162697,1832796.82059672,2,3.3572,SGC,"San Vicente Del Caguán - Caquetá, Colombia",2003/06/27 16:03:00+00,3.4,ML,convertida,1100,Cortical
4.363,-76.834,4574453.97411373,2041192.87317997,98,3.3572,SGC,"Sipí - Chocó, Colombia",2003/06/27 21:36:31+00,3.4,ML,convertida,1101,Subducción intraplaca
3.611,-74.397,4844902.17445723,1957138.22024602,4,3.3572,SGC,"Uribe - Meta, Colombia",2003/07/06 00:24:34+00,3.4,ML,convertida,1102,Cortical
4.724,-74.705,4810964.34675607,2080228.07871854,0,3.5488,SGC,"Pulí - Cundinamarca, Colombia",2003/07/16 22:25:33+00,3.6,ML,convertida,1103,Cortical
3.299,-74.447,4839297.41768317,1922663.07806854,2,3.1656,SGC,"Uribe - Meta, Colombia",2003/07/18 04:07:19+00,3.2,ML,convertida,1104,Cortical
4.813,-76.654,4594714.82685002,2090915.74839309,104,3.0698,SGC,"Nóvita - Chocó, Colombia",2003/07/18 14:12:04+00,3.1,ML,convertida,1105,Subducción intraplaca
5.053,-74.786,4802077.58653628,2116620.63913903,1,3.3572,SGC,"Guayabal - Tolima, Colombia",2003/07/30 01:52:26+00,3.4,ML,convertida,1106,Cortical
4.475,-75.785,4691040.29326396,2053069.86613973,174,3.2614,SGC,"La Tebaida - Quindío, Colombia",2003/08/05 04:40:51+00,3.3,ML,convertida,1107,Subducción intraplaca
2.683,-75.032,4774178.40750497,1854672.65734024,4,4.6026,SGC,"Rivera - Huila, Colombia",2003/08/12 00:37:05+00,4.7,ML,convertida,1108,Cortical
3.591,-74.358,4849229.56540292,1954921.23743568,0,3.453,SGC,"Lejanías - Meta, Colombia",2003/08/18 22:15:49+00,3.5,ML,convertida,1109,Cortical
1.918,-76.236,4640066.35361911,1770302.58897448,4,3.1656,SGC,"San José De Isnos - Huila, Colombia",2003/08/22 14:54:11+00,3.2,ML,convertida,1110,Cortical
2.744,-76.819,4575379.57285256,1861903.177627,122,3.1656,SGC,"Morales - Cauca, Colombia",2003/09/01 15:14:29+00,3.2,ML,convertida,1111,Subducción intraplaca
4.375,-76.951,4561454.61012481,2042589.24995995,40,4.5068,SGC,"Sipí - Chocó, Colombia",2003/09/17 16:40:06+00,4.6,ML,convertida,1112,Cortical
5.109,-74.821,4798215.077163,2122822.19077116,17,3.453,SGC,"Guayabal - Tolima, Colombia",2003/09/19 19:16:00+00,3.5,ML,convertida,1113,Cortical
1.726,-75.102,4766246.29529341,1748877.82287124,0,3.0698,SGC,"El Doncello - Caquetá, Colombia",2003/09/25 02:42:37+00,3.1,ML,convertida,1114,Cortical
2.373,-75.358,4737867.79830914,1820457.31256922,2,3.0698,SGC,"Algeciras - Huila, Colombia",2003/09/26 09:54:58+00,3.1,ML,convertida,1115,Cortical
2.648,-76.134,4651599.35336581,1851058.61467925,3,3.0698,SGC,"Inzá - Cauca, Colombia",2003/10/04 04:11:08+00,3.1,ML,convertida,1116,Cortical
4.52,-76.224,4642313.23927797,2058249.51575359,107,3.2614,SGC,"El Dovio - Valle Del Cauca, Colombia",2003/10/05 21:03:50+00,3.3,ML,convertida,1117,Subducción intraplaca
4.202,-76.196,4645273.49711627,2023044.77556463,158,3.2614,SGC,"Bugalagrande - Valle Del Cauca, Colombia",2003/10/10 08:08:33+00,3.3,ML,convertida,1118,Subducción intraplaca
2.117,-75.565,4714791.69626085,1792185.02184243,0,3.453,SGC,"Garzón - Huila, Colombia",2003/10/24 00:41:33+00,3.5,ML,convertida,1119,Cortical
1.579,-76.093,4655925.99931936,1732763.17637215,4,3.1656,SGC,"Palestina - Huila, Colombia",2003/10/25 19:13:29+00,3.2,ML,convertida,1120,Cortical
3.728,-76.568,4603708.23245614,1970749.57075309,148,4.6026,SGC,"La Cumbre - Valle Del Cauca, Colombia",2003/10/29 10:14:24+00,4.7,ML,convertida,1121,Subducción intraplaca
4.894,-76.366,4626741.18213965,2099716.4923449,113,4.6984,SGC,"San José Del Palmar - Chocó, Colombia",2003/10/30 08:09:05+00,4.8,ML,convertida,1122,Subducción intraplaca
4.06,-76.632,4596748.87642657,2007535.3162026,86,3.1656,SGC,"Darién - Valle Del Cauca, Colombia",2003/10/30 13:25:19+00,3.2,ML,convertida,1123,Subducción intraplaca
4.61,-76.612,4599262.9131357,2068416.41902475,98,4.3152,SGC,"Sipí - Chocó, Colombia",2003/11/02 11:04:10+00,4.4,ML,convertida,1124,Subducción intraplaca
3.36,-74.752,4805426.71554669,1929460.54047868,0,3.3572,SGC,"Colombia - Huila, Colombia",2003/11/05 13:36:08+00,3.4,ML,convertida,1125,Cortical
2.54,-75.497,4722440.53404588,1838953.51421664,4,3.1656,SGC,"Hobo - Huila, Colombia",2003/11/22 18:47:16+00,3.2,ML,convertida,1126,Cortical
3.623,-74.565,4826248.36848495,1958494.97589761,2,3.3572,SGC,"Villarrica - Tolima, Colombia",2003/11/25 04:08:30+00,3.4,ML,convertida,1127,Cortical
4.694,-75.588,4712997.75992224,2077212.29750301,146,3.2614,SGC,"Salento - Quindío, Colombia",2003/11/25 19:36:47+00,3.3,ML,convertida,1128,Subducción intraplaca
3.816,-76.751,4583396.43812086,1980578.22158208,70,3.1656,SGC,"Dagua - Valle Del Cauca, Colombia",2003/12/06 22:20:40+00,3.2,ML,convertida,1129,Subducción intraplaca
2.626,-75.048,4772389.0914756,1848373.76109009,4,3.0698,SGC,"Rivera - Huila, Colombia",2003/12/12 19:57:54+00,3.1,ML,convertida,1130,Cortical
3.333,-74.704,4810753.90153123,1926466.57319882,0,3.7404,SGC,"Colombia - Huila, Colombia",2003/12/19 16:20:23+00,3.8,ML,convertida,1131,Cortical
4.779,-76.184,4646884.86069068,2086891.58991876,100,3.1656,SGC,"El Cairo - Valle Del Cauca, Colombia",2003/12/22 12:49:36+00,3.2,ML,convertida,1132,Subducción intraplaca
1.785,-75.952,4671660.0298335,1755531.00298747,144,4.1236,SGC,"Acevedo - Huila, Colombia",2003/12/26 21:24:25+00,4.2,ML,convertida,1133,Subducción intraplaca
4.439,-76.157,4649715.50865321,2049253.40107489,104,3.932,SGC,"Roldanillo - Valle Del Cauca, Colombia",2004/01/09 23:26:02+00,4,ML,convertida,1134,Subducción intraplaca
4.221,-76.227,4641837.87992279,2025161.60123499,152,4.9858,SGC,"Bugalagrande - Valle Del Cauca, Colombia",2004/01/14 19:25:05+00,5.1,ML,convertida,1135,Subducción intraplaca
3.648,-73.946,4894983.02803699,1961162.41975252,0,3.2614,SGC,"El Dorado - Meta, Colombia",2004/01/16 10:00:51+00,3.3,ML,convertida,1136,Cortical
4.731,-76.237,4640975.93282487,2081606.9874269,100,3.2614,SGC,"El Cairo - Valle Del Cauca, Colombia",2004/02/07 23:23:46+00,3.3,ML,convertida,1137,Subducción intraplaca
4.698,-76.37,4626190.3020062,2078024.74261712,128,3.8362,SGC,"El Cairo - Valle Del Cauca, Colombia",2004/02/12 10:23:05+00,3.9,ML,convertida,1138,Subducción intraplaca
3.764,-75.836,4685098.0352293,1974436.07974824,215,3.2614,SGC,"Rioblanco - Tolima, Colombia",2004/02/13 11:50:03+00,3.3,ML,convertida,1139,Subducción intraplaca
2.892,-74.876,4791558.3781541,1877749.45213981,0,3.0698,SGC,"Baraya - Huila, Colombia",2004/02/19 18:05:28+00,3.1,ML,convertida,1140,Cortical
3.05,-74.925,4786142.40948185,1895225.67093664,16,3.0698,SGC,"Baraya - Huila, Colombia",2004/03/14 12:57:49+00,3.1,ML,convertida,1141,Cortical
2.352,-75.545,4717062.05958091,1818171.64687412,0,3.0698,SGC,"Gigante - Huila, Colombia",2004/03/28 07:01:35+00,3.1,ML,convertida,1142,Cortical
3.997,-75.684,4702070.16101079,2000155.20739538,0,4.3152,SGC,"Roncesvalles - Tolima, Colombia",2004/03/29 01:27:19+00,4.4,ML,convertida,1143,Subducción interplaca
4.347,-73.853,4905388.08197184,2038394.00329025,4,3.1656,SGC,"Quetame - Cundinamarca, Colombia",2004/04/04 11:12:31+00,3.2,ML,convertida,1144,Cortical
4.622,-74.899,4789417.42023612,2069007.37226639,7,4.1236,SGC,"Alvarado - Tolima, Colombia",2004/04/08 22:39:25+00,4.2,ML,convertida,1145,Cortical
3.812,-74.101,4877796.92337199,1979305.76539095,0,3.2614,SGC,"Cubarral - Meta, Colombia",2004/04/22 06:33:04+00,3.3,ML,convertida,1146,Cortical
3.561,-76.136,4651676.56566786,1952087.13028309,175,3.1656,SGC,"Palmira - Valle Del Cauca, Colombia",2004/04/28 19:17:22+00,3.2,ML,convertida,1147,Subducción intraplaca
4.026,-76.428,4619410.31959921,2003672.85110582,137,3.3572,SGC,"Darién - Valle Del Cauca, Colombia",2004/05/08 06:10:05+00,3.4,ML,convertida,1148,Subducción intraplaca
2.661,-74.249,4861210.96989923,1852124.6504868,0,3.453,SGC,"Uribe - Meta, Colombia",2004/05/09 13:50:42+00,3.5,ML,convertida,1149,Cortical
3.56,-76.984,4557350.88301618,1952340.884599,33,3.5488,SGC,"Dagua - Valle Del Cauca, Colombia",2004/05/23 12:56:32+00,3.6,ML,convertida,1150,Cortical
4.647,-76.046,4662140.26622804,2072216.52218682,0,3.0698,SGC,"Toro - Valle Del Cauca, Colombia",2004/06/04 23:54:53+00,3.1,ML,convertida,1151,Subducción interplaca
3.96,-76.126,4652946.54143118,1996234.66856444,130,3.453,SGC,"San Pedro - Valle Del Cauca, Colombia",2004/06/12 10:31:16+00,3.5,ML,convertida,1152,Subducción intraplaca
4.408,-76.215,4643258.59923795,2045850.5194515,126,3.1656,SGC,"Roldanillo - Valle Del Cauca, Colombia",2004/06/16 04:17:32+00,3.2,ML,convertida,1153,Subducción intraplaca
4.686,-74.807,4799640.97848456,2076055.82162761,22,3.1656,SGC,"Pulí - Cundinamarca, Colombia",2004/06/24 18:27:34+00,3.2,ML,convertida,1154,Cortical
3.696,-74.208,4865901.31593629,1966501.92921386,0,4.0278,SGC,"Lejanías - Meta, Colombia",2004/06/26 04:34:58+00,4.1,ML,convertida,1155,Cortical
3.657,-76.824,4575200.10590088,1963006.87328664,118,3.3572,SGC,"Dagua - Valle Del Cauca, Colombia",2004/06/26 12:32:25+00,3.4,ML,convertida,1156,Subducción intraplaca
3.477,-74.245,4861760.44862556,1942304.54668591,0,3.6446,SGC,"Mesetas - Meta, Colombia",2004/06/29 19:31:00+00,3.7,ML,convertida,1157,Cortical
1.978,-75.797,4688948.50247913,1776853.55974816,0,3.1656,SGC,"Suaza - Huila, Colombia",2004/07/01 11:47:52+00,3.2,ML,convertida,1158,Cortical
2.208,-76.053,4660502.62651839,1802352.1590013,20,3.0698,SGC,"La Argentina - Huila, Colombia",2004/07/11 09:47:54+00,3.1,ML,convertida,1159,Cortical
4.764,-76.404,4622450.37785513,2085348.40664453,85,3.3572,SGC,"El Cairo - Valle Del Cauca, Colombia",2004/07/24 15:32:53+00,3.4,ML,convertida,1160,Subducción intraplaca
4.384,-76.728,4586247.53466906,2043458.87002413,68,3.0698,SGC,"Sipí - Chocó, Colombia",2004/07/30 06:36:22+00,3.1,ML,convertida,1161,Subducción intraplaca
2.401,-75.72,4697603.07644962,1823628.40922571,2,3.6446,SGC,"Paicol - Huila, Colombia",2004/08/03 11:06:39+00,3.7,ML,convertida,1162,Cortical
2.272,-75.336,4740296.37972056,1809284.5952134,31,3.0698,SGC,"Gigante - Huila, Colombia",2004/08/11 06:53:57+00,3.1,ML,convertida,1163,Cortical
2.845,-75.997,4666898.31207835,1872816.97861718,3,3.6446,SGC,"Belalcázar - Cauca, Colombia",2004/08/11 08:59:02+00,3.7,ML,convertida,1164,Cortical
4.663,-74.811,4799190.76272478,2073514.36154857,23,3.2614,SGC,"Pulí - Cundinamarca, Colombia",2004/08/13 22:41:37+00,3.3,ML,convertida,1165,Cortical
4.648,-74.593,4823366.14197545,2071797.92008247,23,3.3572,SGC,"Anapoima - Cundinamarca, Colombia",2004/08/14 05:05:31+00,3.4,ML,convertida,1166,Cortical
4.73,-76.569,4604107.23211265,2081677.10271302,82,3.0698,SGC,"Sipí - Chocó, Colombia",2004/08/15 13:55:29+00,3.1,ML,convertida,1167,Subducción intraplaca
3.479,-77.243,4528482.33561063,1943495.35828139,78,3.453,SGC,"Buenaventura - Valle Del Cauca, Colombia",2004/08/15 20:04:44+00,3.5,ML,convertida,1168,Subducción intraplaca
4.227,-76.529,4608281.70930162,2025971.60864369,79,3.5488,SGC,"Trujillo - Valle Del Cauca, Colombia",2004/08/17 07:14:15+00,3.6,ML,convertida,1169,Subducción intraplaca
2.14,-76.633,4595907.84064211,1794969.16236427,0,5.0816,SGC,"Paispamba - Cauca, Colombia",2004/08/18 02:06:49+00,5.2,ML,convertida,1170,Cortical
2.129,-76.61,4598466.64224404,1793745.32115384,0,3.5488,SGC,"Paispamba - Cauca, Colombia",2004/08/18 03:03:23+00,3.6,ML,convertida,1171,Cortical
2.145,-76.668,4592010.85827106,1795532.02509848,0,3.1656,SGC,"La Sierra - Cauca, Colombia",2004/08/19 00:47:34+00,3.2,ML,convertida,1172,Cortical
4.65,-76.254,4639046.73145394,2072651.50754385,82,4.1236,SGC,"Versalles - Valle Del Cauca, Colombia",2004/08/22 18:35:52+00,4.2,ML,convertida,1173,Subducción intraplaca
2.383,-75.542,4717402.08925516,1821599.5423251,4,3.0698,SGC,"Gigante - Huila, Colombia",2004/09/08 17:37:07+00,3.1,ML,convertida,1174,Cortical
4.126,-76.997,4556197.75051436,2015037.07575378,64,3.932,SGC,"Buenaventura - Valle Del Cauca, Colombia",2004/09/16 01:53:19+00,4,ML,convertida,1175,Subducción intraplaca
2.618,-75.093,4767384.18929145,1847497.55209093,102,4.5068,SGC,"Rivera - Huila, Colombia",2004/09/18 09:29:08+00,4.6,ML,convertida,1176,Subducción intraplaca
3.312,-74.498,4833634.29891853,1924108.31325411,18,3.0698,SGC,"Uribe - Meta, Colombia",2004/09/19 06:48:13+00,3.1,ML,convertida,1177,Cortical
1.742,-76.298,4633126.78963724,1750837.66531088,4,3.7404,SGC,"San Agustín - Huila, Colombia",2004/09/23 14:09:24+00,3.8,ML,convertida,1178,Cortical
3.755,-76.801,4577805.48851215,1973847.89206033,121,3.5488,SGC,"Dagua - Valle Del Cauca, Colombia",2004/09/25 15:06:12+00,3.6,ML,convertida,1179,Subducción intraplaca
4.359,-76.488,4612905.01075374,2040562.90897811,117,3.1656,SGC,"Trujillo - Valle Del Cauca, Colombia",2004/09/26 15:07:13+00,3.2,ML,convertida,1180,Subducción intraplaca
3.183,-77.148,4538920.02477249,1910657.478373,75,3.0698,SGC,"López - Cauca, Colombia",2004/10/20 19:10:47+00,3.1,ML,convertida,1181,Subducción intraplaca
2.004,-75.707,4698969.64392097,1779712.83011193,0,3.1656,SGC,"Guadalupe - Huila, Colombia",2004/11/07 22:23:00+00,3.2,ML,convertida,1182,Cortical
2.806,-76.477,4613474.6137366,1868649.90165543,136,3.453,SGC,"Caldono - Cauca, Colombia",2004/11/20 08:04:47+00,3.5,ML,convertida,1183,Subducción intraplaca
2.845,-74.813,4798552.43472972,1872542.50556872,15,3.932,SGC,"Baraya - Huila, Colombia",2004/11/20 09:24:23+00,4,ML,convertida,1184,Cortical
4.583,-75.138,4762889.93642876,2064770.46650015,0,3.0698,SGC,"Anzoátegui - Tolima, Colombia",2004/11/22 05:32:59+00,3.1,ML,convertida,1185,Cortical
4.897,-76.064,4660265.01930531,2099887.79773268,12,3.1656,SGC,"El Águila - Valle Del Cauca, Colombia",2004/11/29 01:53:08+00,3.2,ML,convertida,1186,Subducción interplaca
3.515,-74.552,4827671.89302832,1946555.1868119,0,3.453,SGC,"Colombia - Huila, Colombia",2004/12/04 10:03:41+00,3.5,ML,convertida,1187,Cortical
3.92,-76.4,4622474.34626536,1991927.1629766,124,3.1656,SGC,"Yotoco - Valle Del Cauca, Colombia",2004/12/13 11:42:54+00,3.2,ML,convertida,1188,Subducción intraplaca
3.234,-74.597,4822623.01953799,1915503.95284096,3,3.2614,SGC,"Uribe - Meta, Colombia",2004/12/20 09:12:04+00,3.3,ML,convertida,1189,Cortical
3.981,-76.615,4598600.10278677,1998780.68416947,136,3.2614,SGC,"Darién - Valle Del Cauca, Colombia",2004/12/23 12:22:46+00,3.3,ML,convertida,1190,Subducción intraplaca
4.577,-76.719,4587356.31456727,2064823.71476133,94,3.0698,SGC,"Sipí - Chocó, Colombia",2005/01/11 19:17:17+00,3.1,ML,convertida,1191,Subducción intraplaca
3.971,-76.603,4599929.47317968,1997667.74844407,78,3.6446,SGC,"Darién - Valle Del Cauca, Colombia",2005/02/06 00:05:21+00,3.7,ML,convertida,1192,Subducción intraplaca
4.68,-76.432,4619295.21775044,2076065.82962992,118,3.3572,SGC,"Sipí - Chocó, Colombia",2005/02/18 02:46:18+00,3.4,ML,convertida,1193,Subducción intraplaca
4.572,-76.084,4657885.38156086,2063935.907264,5,5.0816,SGC,"Toro - Valle Del Cauca, Colombia",2005/03/08 10:59:43+00,5.2,ML,convertida,1194,Subducción interplaca
3.803,-75.79,4690223.6933706,1978733.82966096,0,3.0698,SGC,"Roncesvalles - Tolima, Colombia",2005/03/23 01:56:53+00,3.1,ML,convertida,1195,Subducción interplaca
1.566,-76.168,4647572.14978149,1731337.22665913,4,3.3572,SGC,"Palestina - Huila, Colombia",2005/04/04 10:28:23+00,3.4,ML,convertida,1196,Cortical
3.394,-73.802,4910945.70485322,1933079.6942228,0,3.453,SGC,"San Juan De Arama - Meta, Colombia",2005/04/04 16:47:54+00,3.5,ML,convertida,1197,Cortical
3.136,-74.844,4795160.78719506,1904716.89718408,0,3.1656,SGC,"Baraya - Huila, Colombia",2005/04/16 17:12:17+00,3.2,ML,convertida,1198,Cortical
2.366,-77.409,4509514.37701814,1820240.7179231,72,3.5488,SGC,"Argelia - Cauca, Colombia",2005/04/20 14:42:57+00,3.6,ML,convertida,1199,Subducción intraplaca
4.837,-74.85,4794916.29550445,2092761.41228628,4,3.0698,SGC,"Lérida - Tolima, Colombia",2005/04/23 00:39:35+00,3.1,ML,convertida,1200,Cortical
3.789,-77.254,4527419.61347039,1977847.36067909,86,3.0698,SGC,"Buenaventura - Valle Del Cauca, Colombia",2005/05/05 10:17:55+00,3.1,ML,convertida,1201,Subducción intraplaca
1.744,-76.399,4621878.77352967,1751079.03734508,2,4.6026,SGC,"Santa Rosa - Cauca, Colombia",2005/05/18 16:37:27+00,4.7,ML,convertida,1202,Cortical
4.64,-75.702,4700323.41068613,2071286.89875461,148,3.8362,SGC,"Filandia - Quindío, Colombia",2005/05/21 03:37:20+00,3.9,ML,convertida,1203,Subducción intraplaca
4.382,-75.302,4744622.66977824,2042599.98483442,1,3.1656,SGC,"Ibagué - Tolima, Colombia",2005/05/21 11:43:13+00,3.2,ML,convertida,1204,Cortical
4.047,-76.441,4617975.12023146,2006003.43485983,144,4.1236,SGC,"Darién - Valle Del Cauca, Colombia",2005/06/05 19:52:08+00,4.2,ML,convertida,1205,Subducción intraplaca
4.43,-75.707,4699681.6126067,2048059.77158819,2,4.0278,SGC,"Córdoba - Quindío, Colombia",2005/06/22 03:07:54+00,4.1,ML,convertida,1206,Subducción interplaca
2.665,-75.114,4765058.03471989,1852697.95903636,4,3.7404,SGC,"Rivera - Huila, Colombia",2005/07/13 15:06:18+00,3.8,ML,convertida,1207,Cortical
2.815,-74.817,4798102.6399761,1869226.87870944,11,3.453,SGC,"Tello - Huila, Colombia",2005/07/15 17:53:40+00,3.5,ML,convertida,1208,Cortical
4.931,-75.756,4694459.04601832,2103500.59246753,4,3.453,SGC,"Marsella - Risaralda, Colombia",2005/08/06 16:28:47+00,3.5,ML,convertida,1209,Subducción interplaca
3.649,-77.056,4549381.89698203,1962234.14154985,32,3.2614,SGC,"Buenaventura - Valle Del Cauca, Colombia",2005/08/10 03:27:33+00,3.3,ML,convertida,1210,Cortical
3.681,-77.36,4515562.09490818,1965938.5331974,22,3.5488,SGC,"Buenaventura - Valle Del Cauca, Colombia",2005/09/01 17:10:27+00,3.6,ML,convertida,1211,Cortical
2.345,-75.566,4714724.42216675,1817401.73334118,4,3.2614,SGC,"Gigante - Huila, Colombia",2005/09/11 13:17:58+00,3.3,ML,convertida,1212,Cortical
1.844,-76.116,4653412.56237396,1762089.57505188,2,3.2614,SGC,"Pitalito - Huila, Colombia",2005/09/19 23:42:24+00,3.3,ML,convertida,1213,Cortical
4.542,-76.713,4588002.98359256,2060944.92477685,112,5.0816,SGC,"Sipí - Chocó, Colombia",2005/10/02 17:07:22+00,5.2,ML,convertida,1214,Subducción intraplaca
3.907,-76.222,4642254.77239824,1990410.25699794,118,3.0698,SGC,"Guadalajara De Buga - Valle Del Cauca, Colombia",2005/10/11 14:40:57+00,3.1,ML,convertida,1215,Subducción intraplaca
3.763,-75.837,4684986.54739569,1974325.81528941,0,3.2614,SGC,"Rioblanco - Tolima, Colombia",2005/10/12 11:21:19+00,3.3,ML,convertida,1216,Subducción interplaca
4.604,-76.107,4655346.83890725,2067487.86308736,104,3.453,SGC,"Toro - Valle Del Cauca, Colombia",2005/10/25 04:43:23+00,3.5,ML,convertida,1217,Subducción intraplaca
1.997,-76.11,4654111.41890181,1779017.97189799,4,3.3572,SGC,"Saladoblanco - Huila, Colombia",2005/11/13 08:22:05+00,3.4,ML,convertida,1218,Cortical
4.357,-75.351,4739175.09595227,2039852.24642981,4,3.3572,SGC,"Cajamarca - Tolima, Colombia",2005/11/23 19:25:06+00,3.4,ML,convertida,1219,Subducción interplaca
2.059,-77.365,4514318.53754579,1786206.487865,4,3.1656,SGC,"Leiva - Nariño, Colombia",2005/11/30 11:28:03+00,3.2,ML,convertida,1220,Cortical
1.847,-75.875,4680242.6944884,1762376.27737327,0,3.453,SGC,"Acevedo - Huila, Colombia",2005/11/30 11:34:41+00,3.5,ML,convertida,1221,Cortical
3.55,-74.123,4875318.33365594,1950354.88171061,13,3.1656,SGC,"Lejanías - Meta, Colombia",2005/12/06 17:12:56+00,3.2,ML,convertida,1222,Cortical
2.344,-75.537,4717950.43033569,1817285.25446239,0,3.2614,SGC,"Gigante - Huila, Colombia",2005/12/12 02:47:22+00,3.3,ML,convertida,1223,Cortical
4.709,-74.695,4812069.34792093,2078567.24762324,20,3.453,SGC,"Pulí - Cundinamarca, Colombia",2005/12/17 04:58:04+00,3.5,ML,convertida,1224,Cortical
4.698,-76.164,4649064.23592662,2077917.79960511,97,3.8362,SGC,"Argelia - Valle Del Cauca, Colombia",2005/12/22 06:17:54+00,3.9,ML,convertida,1225,Subducción intraplaca
1.907,-76.087,4656653.64109623,1769054.78835929,0,3.453,SGC,"Pitalito - Huila, Colombia",2005/12/30 09:13:34+00,3.5,ML,convertida,1226,Cortical
5.122,-75.947,4673361.4203902,2124723.45050729,124,3.6446,SGC,"Apía - Risaralda, Colombia",2005/12/30 16:08:09+00,3.7,ML,convertida,1227,Subducción intraplaca
1.829,-74.188,4867915.60538358,1760172.48872029,6,3.0698,SGC,"La Macarena - Meta, Colombia",2005/12/30 22:45:09+00,3.1,ML,convertida,1228,Cortical
2.431,-75.597,4711293.61141717,1826919.84232925,0,3.2614,SGC,"Gigante - Huila, Colombia",2006/01/02 00:24:15+00,3.3,ML,convertida,1229,Cortical
3.681,-74.103,4877556.69757451,1964829.10923459,0,4.411,SGC,"Lejanías - Meta, Colombia",2006/01/21 16:10:41+00,4.5,ML,convertida,1230,Cortical
3.382,-74.476,4836089.77044294,1931841.48678781,18,3.6446,SGC,"Uribe - Meta, Colombia",2006/01/23 05:33:07+00,3.7,ML,convertida,1231,Cortical
1.872,-76.242,4639388.73497916,1765213.26694158,4,3.3572,SGC,"San Agustín - Huila, Colombia",2006/02/13 12:36:15+00,3.4,ML,convertida,1232,Cortical
3.124,-75.025,4775043.98430006,1903427.36539081,2,3.1656,SGC,"Baraya - Huila, Colombia",2006/02/13 13:27:26+00,3.2,ML,convertida,1233,Cortical
1.752,-76.346,4627783.12582143,1751953.8623156,4,3.0698,SGC,"San Agustín - Huila, Colombia",2006/02/19 09:10:52+00,3.1,ML,convertida,1234,Cortical
2.653,-75.002,4777508.36171468,1851350.48290588,4,3.6446,SGC,"Rivera - Huila, Colombia",2006/02/23 04:02:22+00,3.7,ML,convertida,1235,Cortical
2.868,-74.871,4792109.76962967,1875095.3913247,0,3.932,SGC,"Tello - Huila, Colombia",2006/02/23 20:24:12+00,4,ML,convertida,1236,Cortical
4.439,-76.35,4628277.6219228,2049347.72360986,134,3.453,SGC,"El Dovio - Valle Del Cauca, Colombia",2006/02/26 20:50:05+00,3.5,ML,convertida,1237,Subducción intraplaca
4.848,-76.235,4641259.0999292,2094554.18001862,120,3.1656,SGC,"San José Del Palmar - Chocó, Colombia",2006/03/08 00:29:30+00,3.2,ML,convertida,1238,Subducción intraplaca
1.615,-76.758,4581859.50060215,1736871.49469015,4,3.8362,SGC,"Santa Rosa - Cauca, Colombia",2006/03/09 10:59:32+00,3.9,ML,convertida,1239,Cortical
3.801,-74.091,4878905.44902552,1978088.73583556,0,3.3572,SGC,"Cubarral - Meta, Colombia",2006/03/14 20:17:32+00,3.4,ML,convertida,1240,Cortical
3.954,-76.223,4642163.70051612,1995611.96638647,4,3.0698,SGC,"San Pedro - Valle Del Cauca, Colombia",2006/03/17 16:41:12+00,3.1,ML,convertida,1241,Subducción interplaca
2.63,-75.161,4759825.43036426,1848837.1828187,4,3.453,SGC,"Campoalegre - Huila, Colombia",2006/03/19 13:03:39+00,3.5,ML,convertida,1242,Cortical
4.634,-76.428,4619714.69259682,2070971.92221755,123,3.0698,SGC,"Sipí - Chocó, Colombia",2006/03/26 22:02:48+00,3.1,ML,convertida,1243,Subducción intraplaca
3.251,-76.848,4572347.80385268,1918058.11485859,5,3.1656,SGC,"Jamundí - Valle Del Cauca, Colombia",2006/03/29 15:34:33+00,3.2,ML,convertida,1244,Cortical
4.899,-76.197,4645504.21078002,2100178.04839505,114,3.8362,SGC,"San José Del Palmar - Chocó, Colombia",2006/04/17 11:23:30+00,3.9,ML,convertida,1245,Subducción intraplaca
3.744,-74.256,4860579.6015437,1971814.13299768,0,3.3572,SGC,"Lejanías - Meta, Colombia",2006/04/18 00:26:50+00,3.4,ML,convertida,1246,Cortical
4.248,-75.127,4764004.51206971,2027726.49505208,4,3.3572,SGC,"Valle De San Juan - Tolima, Colombia",2006/04/21 17:30:45+00,3.4,ML,convertida,1247,Cortical
3.988,-75.488,4723837.75551415,1999091.31224041,4,3.453,SGC,"San Antonio - Tolima, Colombia",2006/04/22 20:05:22+00,3.5,ML,convertida,1248,Subducción interplaca
4.063,-76.652,4594526.83926885,2007877.48328476,60,4.3152,SGC,"Darién - Valle Del Cauca, Colombia",2006/04/30 06:41:52+00,4.4,ML,convertida,1249,Subducción intraplaca
3.297,-74.332,4852071.32447088,1922424.20832313,5,4.2194,SGC,"Uribe - Meta, Colombia",2006/05/10 04:31:50+00,4.3,ML,convertida,1250,Cortical
2.672,-75.03,4774398.75248045,1853456.15259155,4,3.453,SGC,"Rivera - Huila, Colombia",2006/05/21 14:47:38+00,3.5,ML,convertida,1251,Cortical
2.354,-75.569,4714392.50316757,1818397.73858783,1,3.2614,SGC,"Gigante - Huila, Colombia",2006/05/26 10:05:12+00,3.3,ML,convertida,1252,Cortical
4.419,-76.392,4623601.70103405,2047155.28883362,135,3.7404,SGC,"El Dovio - Valle Del Cauca, Colombia",2006/05/28 10:47:12+00,3.8,ML,convertida,1253,Subducción intraplaca
4.076,-77.103,4544379.93030358,2009558.41752924,50,3.3572,SGC,"Buenaventura - Valle Del Cauca, Colombia",2006/06/05 21:55:32+00,3.4,ML,convertida,1254,Cortical
4.243,-75.878,4680616.57676287,2027443.30264969,180,3.1656,SGC,"Sevilla - Valle Del Cauca, Colombia",2006/06/12 17:19:10+00,3.2,ML,convertida,1255,Subducción intraplaca
3.588,-74.45,4839012.73319386,1954605.34412382,4,3.3572,SGC,"Uribe - Meta, Colombia",2006/06/13 09:06:27+00,3.4,ML,convertida,1256,Cortical
3.72,-77.102,4544298.89947296,1970122.31082019,47,3.932,SGC,"Buenaventura - Valle Del Cauca, Colombia",2006/06/25 06:12:57+00,4,ML,convertida,1257,Cortical
4.489,-76.115,4654403.65060457,2054766.37707057,104,3.6446,SGC,"La Unión - Valle Del Cauca, Colombia",2006/07/12 09:07:39+00,3.7,ML,convertida,1258,Subducción intraplaca
3.39,-74.651,4816652.38120057,1932757.07213192,4,4.1236,SGC,"Colombia - Huila, Colombia",2006/07/18 22:53:11+00,4.2,ML,convertida,1259,Cortical
3.649,-76.957,4560398.42056755,1962185.03178167,6,3.5488,SGC,"Buenaventura - Valle Del Cauca, Colombia",2006/07/22 08:45:09+00,3.6,ML,convertida,1260,Cortical
4.818,-76.222,4642686.48305597,2091227.28104839,100,3.0698,SGC,"El Cairo - Valle Del Cauca, Colombia",2006/07/22 14:31:35+00,3.1,ML,convertida,1261,Subducción intraplaca
2.21,-76.642,4594924.15429142,1802721.37247399,7,3.453,SGC,"Paispamba - Cauca, Colombia",2006/07/22 21:15:29+00,3.5,ML,convertida,1262,Cortical
4.857,-76.392,4623834.0547657,2095635.64190468,103,3.2614,SGC,"San José Del Palmar - Chocó, Colombia",2006/08/03 14:27:59+00,3.3,ML,convertida,1263,Subducción intraplaca
2.729,-74.184,4868442.13948543,1859632.33910479,0,3.0698,SGC,"Uribe - Meta, Colombia",2006/08/12 15:33:26+00,3.1,ML,convertida,1264,Cortical
4.906,-74.7,4811568.98601854,2100345.35187159,16,3.1656,SGC,"San Juan De Rioseco - Cundinamarca, Colombia",2006/09/10 20:19:58+00,3.2,ML,convertida,1265,Cortical
4.027,-76.555,4605293.04014635,2003844.03284702,137,3.3572,SGC,"Darién - Valle Del Cauca, Colombia",2006/09/16 02:11:48+00,3.4,ML,convertida,1266,Subducción intraplaca
3.379,-74.947,4783766.71948166,1931602.05742563,2,3.453,SGC,"Alpujarra - Tolima, Colombia",2006/09/18 01:33:52+00,3.5,ML,convertida,1267,Cortical
3.281,-74.985,4779522.96522492,1920776.12146208,2,3.5488,SGC,"Alpujarra - Tolima, Colombia",2006/09/18 11:03:13+00,3.6,ML,convertida,1268,Cortical
2.689,-75.016,4775958.36325084,1855333.05563738,4,3.0698,SGC,"Rivera - Huila, Colombia",2006/09/20 06:10:35+00,3.1,ML,convertida,1269,Cortical
4.338,-75.614,4709970.90314068,2037846.88622735,1,3.932,SGC,"Pijao - Quindío, Colombia",2006/10/27 07:47:57+00,4,ML,convertida,1270,Subducción interplaca
3.988,-76.431,4619059.22882051,1999468.07145239,91,3.0698,SGC,"Darién - Valle Del Cauca, Colombia",2006/11/01 15:02:49+00,3.1,ML,convertida,1271,Subducción intraplaca
3.792,-77.2,4533430.94302842,1978150.37030919,51,3.0698,SGC,"Buenaventura - Valle Del Cauca, Colombia",2006/11/02 12:57:09+00,3.1,ML,convertida,1272,Subducción intraplaca
4.723,-76.121,4653850.70005783,2080662.7392433,99,3.3572,SGC,"Argelia - Valle Del Cauca, Colombia",2006/11/23 19:44:32+00,3.4,ML,convertida,1273,Subducción intraplaca
4.461,-76.265,4637730.45899685,2051740.25512332,109,3.0698,SGC,"El Dovio - Valle Del Cauca, Colombia",2006/11/29 08:54:07+00,3.1,ML,convertida,1274,Subducción intraplaca
4.287,-76.249,4639424.27479342,2032475.93600461,2,3.3572,SGC,"Bolívar - Valle Del Cauca, Colombia",2006/12/03 12:32:08+00,3.4,ML,convertida,1275,Subducción interplaca
3.508,-76.848,4572460.65127408,1946518.10453697,76,3.8362,SGC,"Dagua - Valle Del Cauca, Colombia",2006/12/09 05:40:38+00,3.9,ML,convertida,1276,Subducción intraplaca
4.832,-74.647,4817425.26799342,2092150.77426699,22,3.8362,SGC,"San Juan De Rioseco - Cundinamarca, Colombia",2006/12/19 21:09:21+00,3.9,ML,convertida,1277,Cortical
1.842,-75.948,4672115.60741862,1761836.42789894,0,4.3152,SGC,"Acevedo - Huila, Colombia",2007/01/06 12:40:06+00,4.4,ML,convertida,1278,Cortical
4.685,-75.899,4678476.88686598,2076351.95188083,143,3.3572,SGC,"Cartago - Valle Del Cauca, Colombia",2007/01/12 07:57:35+00,3.4,ML,convertida,1279,Subducción intraplaca
2.476,-77.318,4519696.15040403,1832397.12861967,65,3.0698,SGC,"Argelia - Cauca, Colombia",2007/01/17 00:43:12+00,3.1,ML,convertida,1280,Subducción intraplaca
4.644,-75.398,4734062.11152917,2071607.70963939,0,3.7404,SGC,"Salento - Quindío, Colombia",2007/01/18 22:16:28+00,3.8,ML,convertida,1281,Subducción interplaca
4.678,-76.283,4635840.84504447,2075765.2775005,156,3.453,SGC,"El Cairo - Valle Del Cauca, Colombia",2007/01/31 11:41:03+00,3.5,ML,convertida,1282,Subducción intraplaca
2.816,-76.917,4564492.97359542,1869912.33299076,117,4.0278,SGC,"Suárez - Cauca, Colombia",2007/02/16 17:39:56+00,4.1,ML,convertida,1283,Subducción intraplaca
2.951,-76.067,4659142.56547946,1884566.07594955,47,4.0278,SGC,"Toribío - Cauca, Colombia",2007/02/19 08:56:14+00,4.1,ML,convertida,1284,Cortical
2.211,-76.484,4612519.98274599,1802789.81490223,4,4.89,SGC,"Coconuco - Cauca, Colombia",2007/03/06 08:05:08+00,5,ML,convertida,1285,Cortical
3.715,-74.796,4800614.51681266,1968712.63951982,38,4.5068,SGC,"Prado - Tolima, Colombia",2007/03/12 04:17:20+00,4.6,ML,convertida,1286,Cortical
2.211,-76.483,4612631.3374436,1802789.55338128,4,3.3572,SGC,"Coconuco - Cauca, Colombia",2007/03/25 02:57:58+00,3.4,ML,convertida,1287,Cortical
4.802,-76.023,4664768.36926185,2089355.72356809,32,3.3572,SGC,"Ansermanuevo - Valle Del Cauca, Colombia",2007/04/10 17:58:07+00,3.4,ML,convertida,1288,Subducción interplaca
2.637,-75.007,4776949.60005441,1849582.48483572,4,3.932,SGC,"Rivera - Huila, Colombia",2007/04/11 12:46:01+00,4,ML,convertida,1289,Cortical
2.289,-75.334,4740521.9011416,1811164.08938361,423,3.932,SGC,"Algeciras - Huila, Colombia",2007/04/18 02:57:50+00,4,ML,convertida,1290,Subducción intraplaca
2.802,-75.697,4700256.85070601,1867978.32567657,168,3.3572,SGC,"Teruel - Huila, Colombia",2007/04/18 03:07:50+00,3.4,ML,convertida,1291,Subducción intraplaca
3.812,-75.647,4706115.75801936,1979679.26545107,4,3.7404,SGC,"Chaparral - Tolima, Colombia",2007/04/21 03:04:16+00,3.8,ML,convertida,1292,Subducción interplaca
3.494,-74.571,4825557.78959098,1944237.5526517,4,3.0698,SGC,"Colombia - Huila, Colombia",2007/04/21 19:06:02+00,3.1,ML,convertida,1293,Cortical
3.833,-76.28,4635776.27386317,1982245.50095402,118,3.1656,SGC,"Guadalajara De Buga - Valle Del Cauca, Colombia",2007/05/03 16:36:27+00,3.2,ML,convertida,1294,Subducción intraplaca
4.689,-76.227,4642064.70731111,2076953.77797103,100,3.932,SGC,"El Cairo - Valle Del Cauca, Colombia",2007/05/08 17:03:10+00,4,ML,convertida,1295,Subducción intraplaca
3.833,-75.649,4705900.71379388,1982002.73101569,4,3.1656,SGC,"Roncesvalles - Tolima, Colombia",2007/05/10 02:22:34+00,3.2,ML,convertida,1296,Subducción interplaca
3.908,-76.225,4641921.75016319,1990522.20239762,96,3.2614,SGC,"Guadalajara De Buga - Valle Del Cauca, Colombia",2007/05/12 15:48:53+00,3.3,ML,convertida,1297,Subducción intraplaca
4.427,-75.624,4708895.08473181,2047694.81198492,4,3.1656,SGC,"Córdoba - Quindío, Colombia",2007/05/15 17:13:55+00,3.2,ML,convertida,1298,Subducción interplaca
4.739,-76.062,4660408.43801294,2082404.01463808,129,3.6446,SGC,"Argelia - Valle Del Cauca, Colombia",2007/05/16 19:56:59+00,3.7,ML,convertida,1299,Subducción intraplaca
2.063,-75.644,4705991.27293628,1786227.09505393,7,3.8362,SGC,"Guadalupe - Huila, Colombia",2007/05/21 01:34:39+00,3.9,ML,convertida,1300,Cortical
4.603,-74.963,4782311.87197979,2066926.06934608,20,3.1656,SGC,"Alvarado - Tolima, Colombia",2007/05/22 23:32:44+00,3.2,ML,convertida,1301,Cortical
3.834,-75.638,4707123.16826342,1982109.56671213,3,3.2614,SGC,"San Antonio - Tolima, Colombia",2007/05/24 21:45:06+00,3.3,ML,convertida,1302,Subducción interplaca
3.067,-76.153,4649612.35492832,1897429.00162196,172,3.1656,SGC,"Corinto - Cauca, Colombia",2007/05/25 00:08:35+00,3.2,ML,convertida,1303,Subducción intraplaca
2.174,-75.655,4704788.25796813,1798506.45961937,4,3.3572,SGC,"Garzón - Huila, Colombia",2007/05/25 14:05:09+00,3.4,ML,convertida,1304,Cortical
3.709,-77.211,4532162.49104685,1968960.82930814,32,3.6446,SGC,"Buenaventura - Valle Del Cauca, Colombia",2007/05/26 14:23:53+00,3.7,ML,convertida,1305,Cortical
3.836,-75.655,4705235.13077614,1982336.62284886,0,4.6984,SGC,"Roncesvalles - Tolima, Colombia",2007/05/27 02:55:59+00,4.8,ML,convertida,1306,Subducción interplaca
4.563,-74.9,4789289.16332608,2062485.02196888,23,3.0698,SGC,"Piedras - Tolima, Colombia",2007/06/05 04:51:29+00,3.1,ML,convertida,1307,Cortical
3.623,-74.391,4845570.46957809,1958463.47221239,2,3.6446,SGC,"Cabrera - Cundinamarca, Colombia",2007/06/11 13:07:31+00,3.7,ML,convertida,1308,Cortical
3.588,-76.366,4626112.45567088,1955165.74501677,151,3.7404,SGC,"Palmira - Valle Del Cauca, Colombia",2007/06/12 11:18:50+00,3.8,ML,convertida,1309,Subducción intraplaca
2.769,-74.83,4796649.7303712,1864144.07080112,10,3.453,SGC,"Rivera - Huila, Colombia",2007/06/13 11:23:03+00,3.5,ML,convertida,1310,Cortical
4.498,-76.212,4643635.22882751,2055808.96883544,106,3.1656,SGC,"El Dovio - Valle Del Cauca, Colombia",2007/06/18 07:40:20+00,3.2,ML,convertida,1311,Subducción intraplaca
3.335,-74.241,4862184.46383885,1926610.74041433,3,4.3152,SGC,"Uribe - Meta, Colombia",2007/06/27 10:44:57+00,4.4,ML,convertida,1312,Cortical
3.875,-75.642,4706692.83240599,1986645.86996259,4,4.2194,SGC,"Roncesvalles - Tolima, Colombia",2007/07/10 00:25:37+00,4.3,ML,convertida,1313,Subducción interplaca
3.88,-75.631,4707916.5976262,1987195.10296221,4,4.411,SGC,"Roncesvalles - Tolima, Colombia",2007/07/15 14:29:59+00,4.5,ML,convertida,1314,Subducción interplaca
2.622,-75.162,4759712.70703678,1847952.83899778,4,3.6446,SGC,"Campoalegre - Huila, Colombia",2007/07/18 08:16:27+00,3.7,ML,convertida,1315,Cortical
1.881,-75.91,4676352.87096153,1766144.05256534,4,3.0698,SGC,"Acevedo - Huila, Colombia",2007/07/31 19:37:00+00,3.1,ML,convertida,1316,Cortical
3.209,-76.41,4621071.12145316,1913234.0220646,27,3.1656,SGC,"Puerto Tejada - Cauca, Colombia",2007/08/06 21:51:57+00,3.2,ML,convertida,1317,Cortical
4.637,-76.331,4630489.18796351,2071252.56174763,123,3.8362,SGC,"Versalles - Valle Del Cauca, Colombia",2007/08/07 17:08:17+00,3.9,ML,convertida,1318,Subducción intraplaca
4.72,-76.713,4588106.25112003,2080653.79299582,43,3.453,SGC,"Sipí - Chocó, Colombia",2007/08/19 15:08:01+00,3.5,ML,convertida,1319,Cortical
2.235,-75.593,4711698.62900046,1805241.13493455,4,3.0698,SGC,"Garzón - Huila, Colombia",2007/08/22 09:08:12+00,3.1,ML,convertida,1320,Cortical
4.199,-76.278,4636161.08464378,2022750.51671173,140,3.7404,SGC,"Trujillo - Valle Del Cauca, Colombia",2007/08/24 12:45:51+00,3.8,ML,convertida,1321,Subducción intraplaca
3.514,-74.61,4821229.94224754,1946455.55398178,5,3.453,SGC,"Colombia - Huila, Colombia",2007/08/26 03:10:13+00,3.5,ML,convertida,1322,Cortical
1.891,-75.889,4678692.30357283,1767246.44888673,3,3.0698,SGC,"Acevedo - Huila, Colombia",2007/08/29 12:04:45+00,3.1,ML,convertida,1323,Cortical
4.265,-76.677,4591851.72244686,2030255.27438626,88,3.453,SGC,"Trujillo - Valle Del Cauca, Colombia",2007/09/09 10:26:32+00,3.5,ML,convertida,1324,Subducción intraplaca
2.419,-75.312,4742992.88790426,1825535.2648972,4,3.1656,SGC,"Algeciras - Huila, Colombia",2007/09/10 03:25:19+00,3.2,ML,convertida,1325,Cortical
2.06,-75.611,4709662.84636302,1785889.22101568,0,3.0698,SGC,"Garzón - Huila, Colombia",2007/09/11 10:16:39+00,3.1,ML,convertida,1326,Cortical
1.895,-76.013,4664889.56969669,1767712.49265451,4,3.7404,SGC,"Pitalito - Huila, Colombia",2007/09/16 08:16:54+00,3.8,ML,convertida,1327,Cortical
3.901,-76.918,4564863.75030755,1990074.75598949,97,3.1656,SGC,"Buenaventura - Valle Del Cauca, Colombia",2007/09/18 03:39:46+00,3.2,ML,convertida,1328,Subducción intraplaca
4.636,-75.911,4677122.45279151,2070936.35962099,20,3.1656,SGC,"Obando - Valle Del Cauca, Colombia",2007/09/22 18:32:04+00,3.2,ML,convertida,1329,Subducción interplaca
4.216,-77.089,4546017.36368276,2025058.64337928,40,3.453,SGC,"Santa Genoveva De Docordó - Chocó, Colombia",2007/09/22 20:40:21+00,3.5,ML,convertida,1330,Cortical
3.709,-75.84,4684633.8522662,1968353.0878788,191,3.453,SGC,"Rioblanco - Tolima, Colombia",2007/09/26 19:44:47+00,3.5,ML,convertida,1331,Subducción intraplaca
2.054,-76.243,4639316.47684473,1785354.52402235,0,4.0278,SGC,"San José De Isnos - Huila, Colombia",2007/10/09 10:54:33+00,4.1,ML,convertida,1332,Cortical
3.811,-76.86,4571269.86070482,1980078.18755314,64,3.5488,SGC,"Buenaventura - Valle Del Cauca, Colombia",2007/10/22 17:43:04+00,3.6,ML,convertida,1333,Subducción intraplaca
2.934,-76.381,4624201.09316107,1882785.80117158,152,3.8362,SGC,"Caloto - Cauca, Colombia",2007/10/26 05:49:59+00,3.9,ML,convertida,1334,Subducción intraplaca
3.496,-74.388,4845882.48108255,1944426.60547114,0,3.1656,SGC,"Uribe - Meta, Colombia",2007/11/09 11:40:03+00,3.2,ML,convertida,1335,Cortical
4.08,-76.188,4646108.03583517,2009540.35317635,161,3.6446,SGC,"Tuluá - Valle Del Cauca, Colombia",2008/01/03 04:15:37+00,3.7,ML,convertida,1336,Subducción intraplaca
2.565,-77.592,4489189.53919986,1842365.11656361,68,3.453,SGC,"Timbiquí - Cauca, Colombia",2008/01/13 06:26:33+00,3.5,ML,convertida,1337,Subducción intraplaca
4.084,-76.702,4588978.48376324,2010227.95092522,0,3.3572,SGC,"Darién - Valle Del Cauca, Colombia",2008/01/22 19:24:36+00,3.4,ML,convertida,1338,Subducción interplaca
4.556,-74.622,4820126.63459671,2061635.83299244,59,3.1656,SGC,"Apulo - Cundinamarca, Colombia",2008/01/31 10:55:52+00,3.2,ML,convertida,1339,Subducción intraplaca
3.983,-76.663,4593264.09399505,1999025.68280006,94,3.0698,SGC,"Darién - Valle Del Cauca, Colombia",2008/02/11 20:54:37+00,3.1,ML,convertida,1340,Subducción intraplaca
1.782,-75.997,4666649.75007564,1755207.19484692,0,3.0698,SGC,"Pitalito - Huila, Colombia",2008/02/14 11:15:54+00,3.1,ML,convertida,1341,Cortical
3.611,-77.203,4533001.94354676,1958099.38315575,21,4.2194,SGC,"Buenaventura - Valle Del Cauca, Colombia",2008/03/04 06:23:04+00,4.3,ML,convertida,1342,Cortical
4.613,-76.215,4643358.81691341,2068537.02041348,114,3.2614,SGC,"Versalles - Valle Del Cauca, Colombia",2008/03/12 15:08:36+00,3.3,ML,convertida,1343,Subducción intraplaca
2.712,-75.033,4774072.58440621,1857879.02467655,2,3.3572,SGC,"Rivera - Huila, Colombia",2008/03/13 07:58:45+00,3.4,ML,convertida,1344,Cortical
4.88,-74.821,4798145.00459332,2097506.33669918,4,3.7404,SGC,"Lérida - Tolima, Colombia",2008/03/14 11:04:40+00,3.8,ML,convertida,1345,Cortical
4.202,-76.709,4588261.40403118,2023296.8127445,22,3.0698,SGC,"Darién - Valle Del Cauca, Colombia",2008/03/15 11:49:24+00,3.1,ML,convertida,1346,Subducción interplaca
5.049,-74.68,4813826.68251833,2116147.16032361,26,4.6984,SGC,"Guaduas - Cundinamarca, Colombia",2008/03/25 02:38:15+00,4.8,ML,convertida,1347,Cortical
4.076,-76.295,4634215.5680028,2009145.57329711,146,3.1656,SGC,"Riofrío - Valle Del Cauca, Colombia",2008/03/25 17:54:57+00,3.2,ML,convertida,1348,Subducción intraplaca
5.149,-74.685,4813301.33867076,2127202.78730298,12,4.1236,SGC,"Honda - Tolima, Colombia",2008/03/27 07:18:24+00,4.2,ML,convertida,1349,Cortical
4.63,-75.876,4681005.09400665,2070256.69779508,32,4.3152,SGC,"Alcalá - Valle Del Cauca, Colombia",2008/03/31 18:15:24+00,4.4,ML,convertida,1350,Subducción interplaca
4.014,-76.649,4594836.00557707,2002450.93826603,12,3.453,SGC,"Darién - Valle Del Cauca, Colombia",2008/04/02 15:14:25+00,3.5,ML,convertida,1351,Subducción interplaca
5.104,-74.668,4815172.53170827,2122223.48963115,28,3.7404,SGC,"Guaduas - Cundinamarca, Colombia",2008/04/12 21:49:36+00,3.8,ML,convertida,1352,Cortical
0.693,-75.225,4752467.63897419,1634674.39322534,0,3.0698,SGC,"Solano - Caquetá, Colombia",2008/04/14 11:45:11+00,3.1,ML,convertida,1353,Cortical
1.929,-75.519,4719877.59429377,1771384.85839325,0,3.0698,SGC,"Guadalupe - Huila, Colombia",2008/04/19 13:16:19+00,3.1,ML,convertida,1354,Cortical
4.626,-76.479,4614045.79352139,2070113.97472056,70,3.1656,SGC,"Sipí - Chocó, Colombia",2008/05/08 04:23:31+00,3.2,ML,convertida,1355,Subducción intraplaca
2.899,-74.928,4785779.8389327,1878532.99555269,24,3.5488,SGC,"Tello - Huila, Colombia",2008/05/16 01:39:51+00,3.6,ML,convertida,1356,Cortical
4.437,-73.828,4908172.20078339,2048336.26195424,4,4.0278,SGC,"Fómeque - Cundinamarca, Colombia",2008/05/24 12:08:15+00,4.1,ML,convertida,1357,Cortical
4.4,-73.813,4909831.39006619,2044245.79038989,0,5.5606,SGC,"Quetame - Cundinamarca, Colombia",2008/05/24 14:20:44+00,5.7,ML,convertida,1358,Cortical
4.422,-73.83,4907948.52446953,2046678.95075026,6,4.411,SGC,"Fómeque - Cundinamarca, Colombia",2008/05/24 14:23:04+00,4.5,ML,convertida,1359,Cortical
4.395,-73.82,4909054.37170591,2043694.12130258,4,3.5488,SGC,"Quetame - Cundinamarca, Colombia",2008/05/24 14:34:05+00,3.6,ML,convertida,1360,Cortical
4.356,-73.779,4913597.46869003,2039379.66315784,4,4.0278,SGC,"El Calvario - Meta, Colombia",2008/05/24 15:36:06+00,4.1,ML,convertida,1361,Cortical
4.409,-73.762,4915489.08225832,2045234.34399453,3,3.3572,SGC,"El Calvario - Meta, Colombia",2008/05/24 16:04:08+00,3.4,ML,convertida,1362,Cortical
4.434,-73.799,4911388.24542242,2048001.21933899,4,3.3572,SGC,"Fómeque - Cundinamarca, Colombia",2008/05/24 18:08:03+00,3.4,ML,convertida,1363,Cortical
4.393,-73.809,4910274.2161581,2043471.78550237,4,4.2194,SGC,"Quetame - Cundinamarca, Colombia",2008/05/25 04:39:53+00,4.3,ML,convertida,1364,Cortical
4.411,-73.852,4905507.03721009,2045466.1624079,4,3.453,SGC,"Quetame - Cundinamarca, Colombia",2008/05/26 14:27:36+00,3.5,ML,convertida,1365,Cortical
4.384,-73.833,4907611.09781261,2042480.17206978,4,3.932,SGC,"Quetame - Cundinamarca, Colombia",2008/05/27 22:12:06+00,4,ML,convertida,1366,Cortical
4.447,-73.802,4911057.07082546,2049438.12081179,0,3.8362,SGC,"Fómeque - Cundinamarca, Colombia",2008/06/02 18:50:25+00,3.9,ML,convertida,1367,Cortical
4.446,-73.762,4915493.28018195,2049322.92352412,12,3.3572,SGC,"San Juanito - Meta, Colombia",2008/06/02 21:48:35+00,3.4,ML,convertida,1368,Cortical
4.394,-73.817,4909387.00134915,2043583.25349861,3,3.6446,SGC,"Quetame - Cundinamarca, Colombia",2008/06/06 22:50:08+00,3.7,ML,convertida,1369,Cortical
4.365,-73.821,4908939.82677523,2040379.13577465,0,3.6446,SGC,"Quetame - Cundinamarca, Colombia",2008/06/07 08:34:13+00,3.7,ML,convertida,1370,Cortical
3.602,-74.384,4846344.23132915,1956141.3116251,0,3.0698,SGC,"Uribe - Meta, Colombia",2008/06/11 04:35:07+00,3.1,ML,convertida,1371,Cortical
4.565,-73.729,4919166.36457585,2062468.91700631,20,3.2614,SGC,"San Juanito - Meta, Colombia",2008/07/08 09:06:35+00,3.3,ML,convertida,1372,Cortical
4.525,-75.089,4768308.02052035,2058341.6153626,4,4.0278,SGC,"Anzoátegui - Tolima, Colombia",2008/07/13 08:45:54+00,4.1,ML,convertida,1373,Cortical
2.326,-75.671,4703038.70632482,1815322.03663391,3,3.0698,SGC,"Agrado - Huila, Colombia",2008/08/11 09:11:21+00,3.1,ML,convertida,1374,Cortical
3.48,-74.702,4811004.77657493,1942715.34614921,4,3.3572,SGC,"Colombia - Huila, Colombia",2008/08/11 21:28:03+00,3.4,ML,convertida,1375,Cortical
2.038,-76.175,4646883.73363457,1783568.78555852,0,3.2614,SGC,"San José De Isnos - Huila, Colombia",2008/08/13 15:17:55+00,3.3,ML,convertida,1376,Cortical
3.543,-74.454,4838560.68418491,1949632.39417516,32,3.3572,SGC,"Uribe - Meta, Colombia",2008/08/17 18:09:21+00,3.4,ML,convertida,1377,Cortical
2.924,-76.351,4627536.1173845,1881668.96852887,2,3.453,SGC,"Toribío - Cauca, Colombia",2008/08/24 16:36:23+00,3.5,ML,convertida,1378,Cortical
1.959,-76.022,4663900.21480089,1774795.30287978,16,3.7404,SGC,"Saladoblanco - Huila, Colombia",2008/08/31 17:42:12+00,3.8,ML,convertida,1379,Cortical
2.923,-76.046,4661470.20864203,1881461.58625762,0,4.411,SGC,"Toribío - Cauca, Colombia",2008/09/02 12:20:58+00,4.5,ML,convertida,1380,Cortical
4.457,-76.747,4584176.63287168,2051552.54935314,40,3.0698,SGC,"Sipí - Chocó, Colombia",2008/09/02 15:40:46+00,3.1,ML,convertida,1381,Cortical
4.242,-76.496,4611956.74688007,2027615.46993243,117,3.0698,SGC,"Trujillo - Valle Del Cauca, Colombia",2008/09/02 20:34:56+00,3.1,ML,convertida,1382,Subducción intraplaca
4.994,-75.697,4701033.26208166,2110442.58145125,137,5.1774,SGC,"Marsella - Risaralda, Colombia",2008/09/13 04:32:01+00,5.3,ML,convertida,1383,Subducción intraplaca
2.809,-76.099,4655539.97788673,1868863.54763732,3,4.3152,SGC,"Belalcázar - Cauca, Colombia",2008/09/14 13:29:25+00,4.4,ML,convertida,1384,Cortical
1.856,-77.059,4548371.25997191,1763630.70427984,143,3.1656,SGC,"Bolívar - Cauca, Colombia",2008/09/21 17:15:47+00,3.2,ML,convertida,1385,Subducción intraplaca
4.463,-73.683,4924256.65148615,2051192.86378028,0,3.1656,SGC,"San Juanito - Meta, Colombia",2008/10/12 12:03:33+00,3.2,ML,convertida,1386,Cortical
4.245,-76.399,4622737.62343305,2027899.49161067,112,3.1656,SGC,"Trujillo - Valle Del Cauca, Colombia",2008/10/14 02:38:05+00,3.2,ML,convertida,1387,Subducción intraplaca
3.699,-74.134,4874117.49961197,1966822.63973367,0,3.8362,SGC,"Lejanías - Meta, Colombia",2008/10/15 01:35:20+00,3.9,ML,convertida,1388,Cortical
4.344,-75.94,4673773.19410754,2038643.52977657,158,3.1656,SGC,"Sevilla - Valle Del Cauca, Colombia",2008/10/19 04:27:19+00,3.2,ML,convertida,1389,Subducción intraplaca
4.043,-76.227,4641757.85192904,2005462.98142198,1,4.2194,SGC,"San Pedro - Valle Del Cauca, Colombia",2008/10/31 15:07:42+00,4.3,ML,convertida,1390,Subducción interplaca
3.771,-75.556,4716212.49526989,1975114.10572318,2,3.0698,SGC,"Chaparral - Tolima, Colombia",2008/11/07 01:58:41+00,3.1,ML,convertida,1391,Subducción interplaca
4.529,-75.359,4738347.7623339,2058875.75990951,0,4.0278,SGC,"Cajamarca - Tolima, Colombia",2008/11/09 03:00:55+00,4.1,ML,convertida,1392,Subducción interplaca
4.946,-76.162,4649413.73643243,2105360.69002543,100,3.453,SGC,"San José Del Palmar - Chocó, Colombia",2008/11/18 16:28:07+00,3.5,ML,convertida,1393,Subducción intraplaca
3.677,-76.925,4563972.62776855,1965270.41176591,30,3.932,SGC,"Buenaventura - Valle Del Cauca, Colombia",2008/11/19 17:56:24+00,4,ML,convertida,1394,Cortical
4.963,-75.409,4732965.78249129,2106890.2632782,128,3.1656,SGC,"Villamaría - Caldas, Colombia",2008/11/28 01:09:34+00,3.2,ML,convertida,1395,Subducción intraplaca
3.015,-74.923,4786357.81003295,1891355.9799014,5,3.5488,SGC,"Baraya - Huila, Colombia",2008/12/19 02:27:14+00,3.6,ML,convertida,1396,Cortical
4.833,-75.976,4670000.04160407,2092762.73432964,125,3.0698,SGC,"Ansermanuevo - Valle Del Cauca, Colombia",2008/12/24 22:38:33+00,3.1,ML,convertida,1397,Subducción intraplaca
4.404,-73.866,4903953.32069304,2044694.41857057,0,3.0698,SGC,"Quetame - Cundinamarca, Colombia",2009/01/10 09:54:33+00,3.1,ML,convertida,1398,Cortical
4.975,-76.108,4655421.92552424,2108541.39905755,106,3.3572,SGC,"El Águila - Valle Del Cauca, Colombia",2009/01/21 21:21:30+00,3.4,ML,convertida,1399,Subducción intraplaca
4.638,-75.424,4731174.741096,2070953.99661206,164,3.3572,SGC,"Salento - Quindío, Colombia",2009/02/24 06:17:18+00,3.4,ML,convertida,1400,Subducción intraplaca
3.974,-76.314,4632058.11652367,1997865.31042278,121,3.453,SGC,"Guadalajara De Buga - Valle Del Cauca, Colombia",2009/03/06 08:34:12+00,3.5,ML,convertida,1401,Subducción intraplaca
4.643,-74.886,4790865.70076347,2071325.1361973,3,3.1656,SGC,"Venadillo - Tolima, Colombia",2009/03/08 04:51:23+00,3.2,ML,convertida,1402,Cortical
4.743,-76.298,4634209.22538806,2082966.98504627,108,3.2614,SGC,"El Cairo - Valle Del Cauca, Colombia",2009/03/16 04:58:23+00,3.3,ML,convertida,1403,Subducción intraplaca
4.632,-75.618,4709643.06094004,2070366.9977352,6,3.6446,SGC,"Circasia - Quindío, Colombia",2009/03/23 14:55:34+00,3.7,ML,convertida,1404,Subducción interplaca
4.293,-76.315,4632094.37335643,2033171.42795032,121,3.1656,SGC,"Trujillo - Valle Del Cauca, Colombia",2009/03/27 23:56:13+00,3.2,ML,convertida,1405,Subducción intraplaca
4.493,-76.032,4663622.6652369,2055170.22746815,25,3.6446,SGC,"La Victoria - Valle Del Cauca, Colombia",2009/03/28 10:55:04+00,3.7,ML,convertida,1406,Subducción interplaca
4.899,-76.208,4644283.22444502,2100183.88277193,100,3.1656,SGC,"San José Del Palmar - Chocó, Colombia",2009/04/14 07:13:32+00,3.2,ML,convertida,1407,Subducción intraplaca
2.739,-75.074,4769519.4167201,1860871.90264047,4,3.0698,SGC,"Rivera - Huila, Colombia",2009/05/08 01:01:24+00,3.1,ML,convertida,1408,Cortical
4.122,-75.019,4775956.59166884,2013763.78159669,4,3.1656,SGC,"San Luis - Tolima, Colombia",2009/05/31 15:10:00+00,3.2,ML,convertida,1409,Cortical
4.892,-76.467,4615526.67594466,2099552.21538755,96,3.6446,SGC,"Nóvita - Chocó, Colombia",2009/06/04 08:47:29+00,3.7,ML,convertida,1410,Subducción intraplaca
3.289,-74.141,4873285.3472046,1921513.78169755,8,3.453,SGC,"Mesetas - Meta, Colombia",2009/06/27 16:19:06+00,3.5,ML,convertida,1411,Cortical
3.479,-74.347,4850433.10736349,1942541.12976956,15,3.0698,SGC,"Uribe - Meta, Colombia",2009/06/28 12:11:34+00,3.1,ML,convertida,1412,Cortical
3.678,-75.626,4708404.52767928,1964850.8535772,0,4.89,SGC,"Rioblanco - Tolima, Colombia",2009/07/03 05:04:54+00,5,ML,convertida,1413,Subducción interplaca
3.9,-74.125,4875145.60107719,1989034.27008048,0,3.2614,SGC,"Cubarral - Meta, Colombia",2009/07/08 13:44:49+00,3.3,ML,convertida,1414,Cortical
3.792,-76.817,4576043.66349705,1977952.87622598,7,3.1656,SGC,"Dagua - Valle Del Cauca, Colombia",2009/07/17 09:44:56+00,3.2,ML,convertida,1415,Cortical
4.685,-76.715,4587863.44683031,2076779.62724559,2,4.2194,SGC,"Sipí - Chocó, Colombia",2009/07/23 15:18:33+00,4.3,ML,convertida,1416,Cortical
4.405,-73.648,4928132.64726067,2044780.38559116,20,3.1656,SGC,"San Juanito - Meta, Colombia",2009/08/05 23:29:15+00,3.2,ML,convertida,1417,Cortical
3.788,-75.657,4704996.54622252,1977028.06249407,0,3.3572,SGC,"Chaparral - Tolima, Colombia",2009/08/07 09:16:02+00,3.4,ML,convertida,1418,Subducción interplaca
3.949,-76.596,4600697.189446,1995228.77184716,13,3.0698,SGC,"Darién - Valle Del Cauca, Colombia",2009/08/16 03:53:36+00,3.1,ML,convertida,1419,Subducción interplaca
3.983,-76.585,4601936.54364739,1998987.52909818,70,3.453,SGC,"Darién - Valle Del Cauca, Colombia",2009/08/24 13:24:56+00,3.5,ML,convertida,1420,Subducción intraplaca
4.75,-74.787,4801877.44016843,2083125.12568826,15,3.1656,SGC,"Ambalema - Tolima, Colombia",2009/08/28 01:42:50+00,3.2,ML,convertida,1421,Cortical
4.813,-76.652,4594936.95647288,2090914.55847601,12,4.6026,SGC,"Nóvita - Chocó, Colombia",2009/09/08 03:26:01+00,4.7,ML,convertida,1422,Subducción interplaca
3.443,-74.386,4846096.01884233,1938568.60120751,0,3.0698,SGC,"Uribe - Meta, Colombia",2009/09/17 11:17:25+00,3.1,ML,convertida,1423,Cortical
3.027,-77.606,4487830.08753433,1893582.11428027,16,3.2614,SGC,"Timbiquí - Cauca, Colombia",2009/09/18 20:04:06+00,3.3,ML,convertida,1424,Cortical
3.914,-76.221,4642368.89439198,1991184.48811687,102,3.2614,SGC,"Guadalajara De Buga - Valle Del Cauca, Colombia",2009/09/21 12:05:20+00,3.3,ML,convertida,1425,Subducción intraplaca
4.082,-76.585,4601984.8327971,2009947.54633928,62,3.1656,SGC,"Darién - Valle Del Cauca, Colombia",2009/09/25 23:23:14+00,3.2,ML,convertida,1426,Subducción intraplaca
4.692,-76.671,4592755.48922148,2077528.89009267,63,3.3572,SGC,"Sipí - Chocó, Colombia",2009/09/29 17:32:18+00,3.4,ML,convertida,1427,Subducción intraplaca
3.807,-75.715,4698558.71604276,1979149.71358637,4,3.7404,SGC,"Roncesvalles - Tolima, Colombia",2009/09/30 21:26:34+00,3.8,ML,convertida,1428,Subducción interplaca
3.698,-76.958,4560311.2080115,1967612.47385604,9,3.0698,SGC,"Buenaventura - Valle Del Cauca, Colombia",2009/10/03 17:46:46+00,3.1,ML,convertida,1429,Cortical
3.688,-75.936,4673956.73095103,1966064.56359219,170,3.1656,SGC,"Rioblanco - Tolima, Colombia",2009/10/13 00:14:18+00,3.2,ML,convertida,1430,Subducción intraplaca
4.616,-76.172,4648135.18398279,2068847.577993,117,3.3572,SGC,"Versalles - Valle Del Cauca, Colombia",2009/10/19 10:44:15+00,3.4,ML,convertida,1431,Subducción intraplaca
3.822,-76.581,4602305.347017,1981161.84002873,128,4.6026,SGC,"Restrepo - Valle Del Cauca, Colombia",2009/10/22 10:56:48+00,4.7,ML,convertida,1432,Subducción intraplaca
3.022,-74.917,4787026.01376966,1892128.65996151,0,3.0698,SGC,"Baraya - Huila, Colombia",2009/10/25 06:25:27+00,3.1,ML,convertida,1433,Cortical
4.722,-76.14,4651740.82438052,2080561.58017591,92,3.8362,SGC,"Argelia - Valle Del Cauca, Colombia",2009/10/30 20:06:54+00,3.9,ML,convertida,1434,Subducción intraplaca
4.691,-76.127,4653168.71071072,2077124.71120598,83,4.6026,SGC,"Argelia - Valle Del Cauca, Colombia",2009/11/02 07:18:51+00,4.7,ML,convertida,1435,Subducción intraplaca
4.699,-76.116,4654393.91863679,2078004.51031371,83,3.3572,SGC,"Argelia - Valle Del Cauca, Colombia",2009/11/02 17:16:52+00,3.4,ML,convertida,1436,Subducción intraplaca
3.839,-75.703,4699903.18460797,1982685.15815979,4,3.453,SGC,"Roncesvalles - Tolima, Colombia",2009/11/07 00:50:55+00,3.5,ML,convertida,1437,Subducción interplaca
3.244,-74.446,4839399.74353401,1916584.06186378,9,3.5488,SGC,"Uribe - Meta, Colombia",2009/11/13 08:46:23+00,3.6,ML,convertida,1438,Cortical
4.554,-76.816,4576564.4651159,2062333.40580187,18,3.3572,SGC,"Sipí - Chocó, Colombia",2009/11/20 03:27:25+00,3.4,ML,convertida,1439,Cortical
3.5,-77.517,4497983.10397833,1945964.68849709,12,3.6446,SGC,"Buenaventura - Valle Del Cauca, Colombia",2009/11/23 09:30:47+00,3.7,ML,convertida,1440,Cortical
5.007,-74.745,4806608.9843467,2111523.22262607,16,4.0278,SGC,"Guayabal - Tolima, Colombia",2009/11/24 06:10:00+00,4.1,ML,convertida,1441,Cortical
3.837,-75.662,4704457.75944638,1982449.64864995,3,3.6446,SGC,"Roncesvalles - Tolima, Colombia",2009/11/24 13:48:13+00,3.7,ML,convertida,1442,Subducción interplaca
3.051,-76.388,4623462.15694355,1895738.01530005,151,5.1774,SGC,"Caloto - Cauca, Colombia",2009/12/18 09:30:03+00,5.3,ML,convertida,1443,Subducción intraplaca
1.939,-76.002,4666122.67444294,1772578.50616299,4,4.1236,SGC,"Saladoblanco - Huila, Colombia",2009/12/19 09:33:58+00,4.2,ML,convertida,1444,Cortical
4.445,-75.945,4673261.94960989,2049820.10002166,146,3.7404,SGC,"La Victoria - Valle Del Cauca, Colombia",2009/12/19 15:04:41+00,3.8,ML,convertida,1445,Subducción intraplaca
3.311,-76.949,4561131.72158472,1924746.7102098,79,3.8362,SGC,"Jamundí - Valle Del Cauca, Colombia",2010/01/02 16:25:18+00,3.9,ML,convertida,1446,Subducción intraplaca
3.872,-76.053,4661023.3965178,1986467.43925427,109,3.6446,SGC,"San Pedro - Valle Del Cauca, Colombia",2010/01/03 01:36:00+00,3.7,ML,convertida,1447,Subducción intraplaca
4.301,-75.76,4693744.86880399,2033811.50144432,180,4.6026,SGC,"Buenavista - Quindío, Colombia",2010/01/11 13:48:36+00,4.7,ML,convertida,1448,Subducción intraplaca
4.251,-76.413,4621184.83861853,2028570.46970836,115,3.0698,SGC,"Trujillo - Valle Del Cauca, Colombia",2010/01/16 11:18:52+00,3.1,ML,convertida,1449,Subducción intraplaca
4.775,-76.12,4653987.68638358,2086416.3676819,116,4.6026,SGC,"Argelia - Valle Del Cauca, Colombia",2010/01/29 12:52:24+00,4.7,ML,convertida,1450,Subducción intraplaca
4.818,-75.968,4670880.68896046,2091099.23602063,32,3.2614,SGC,"Ansermanuevo - Valle Del Cauca, Colombia",2010/02/08 05:25:52+00,3.3,ML,convertida,1451,Subducción interplaca
4.721,-76.124,4653516.64886488,2080442.92198884,96,3.0698,SGC,"Argelia - Valle Del Cauca, Colombia",2010/02/19 23:33:45+00,3.1,ML,convertida,1452,Subducción intraplaca
3.667,-76.162,4648826.60707899,1963826.80779691,168,3.5488,SGC,"Ginebra - Valle Del Cauca, Colombia",2010/02/24 16:55:53+00,3.6,ML,convertida,1453,Subducción intraplaca
4.801,-76.221,4642788.6201226,2089345.41473609,108,3.932,SGC,"El Cairo - Valle Del Cauca, Colombia",2010/03/03 02:46:25+00,4,ML,convertida,1454,Subducción intraplaca
4.869,-76.238,4640937.20340223,2096879.82258439,106,3.0698,SGC,"San José Del Palmar - Chocó, Colombia",2010/03/03 14:58:44+00,3.1,ML,convertida,1455,Subducción intraplaca
4.938,-75.446,4728851.739575,2104140.46424608,130,4.6026,SGC,"Villamaría - Caldas, Colombia",2010/03/04 17:09:12+00,4.7,ML,convertida,1456,Subducción intraplaca
4.253,-76.279,4636075.20147843,2028727.28525222,127,3.0698,SGC,"Trujillo - Valle Del Cauca, Colombia",2010/03/07 23:04:28+00,3.1,ML,convertida,1457,Subducción intraplaca
1.853,-75.984,4668110.01871504,1763060.11696741,3,4.0278,SGC,"Pitalito - Huila, Colombia",2010/03/09 22:45:47+00,4.1,ML,convertida,1458,Cortical
2.567,-74.93,4785498.56136537,1841830.37888601,4,3.1656,SGC,"Algeciras - Huila, Colombia",2010/03/13 23:02:28+00,3.2,ML,convertida,1459,Cortical
3.37,-74.528,4830311.72616066,1930524.07383682,19,4.1236,SGC,"Uribe - Meta, Colombia",2010/03/18 08:47:03+00,4.2,ML,convertida,1460,Cortical
3.66,-74.088,4879219.21736894,1962506.34931398,4,3.0698,SGC,"Lejanías - Meta, Colombia",2010/03/27 05:44:56+00,3.1,ML,convertida,1461,Cortical
4.188,-77.152,4538994.14581,2021993.87613624,79,3.453,SGC,"Santa Genoveva De Docordó - Chocó, Colombia",2010/03/29 18:58:30+00,3.5,ML,convertida,1462,Subducción intraplaca
4.627,-76.445,4617822.77607165,2070206.2402026,103,3.8362,SGC,"Sipí - Chocó, Colombia",2010/04/13 11:51:35+00,3.9,ML,convertida,1463,Subducción intraplaca
3.594,-74.399,4844677.20303992,1955259.66887251,15,3.7404,SGC,"Uribe - Meta, Colombia",2010/04/18 17:03:01+00,3.8,ML,convertida,1464,Cortical
3.961,-76.266,4637387.5125723,1996405.34092095,76,3.0698,SGC,"San Pedro - Valle Del Cauca, Colombia",2010/04/24 20:57:14+00,3.1,ML,convertida,1465,Subducción intraplaca
2.243,-76.108,4654388.75065898,1806237.63246125,4,3.5488,SGC,"La Argentina - Huila, Colombia",2010/05/08 22:18:09+00,3.6,ML,convertida,1466,Cortical
1.991,-75.98,4668581.97286056,1778327.32046896,12,3.1656,SGC,"Oporapa - Huila, Colombia",2010/05/24 14:31:20+00,3.2,ML,convertida,1467,Cortical
2.579,-76.617,4597816.35824941,1843566.18028823,135,3.3572,SGC,"Cajibío - Cauca, Colombia",2010/05/30 09:10:06+00,3.4,ML,convertida,1468,Subducción intraplaca
2.264,-76.551,4605073.16091798,1808674.65274641,2,4.1236,SGC,"Paispamba - Cauca, Colombia",2010/06/06 15:37:50+00,4.2,ML,convertida,1469,Cortical
2.958,-74.082,4879800.79584566,1884928.06361264,0,3.1656,SGC,"Vistahermosa - Meta, Colombia",2010/06/08 16:51:09+00,3.2,ML,convertida,1470,Cortical
1.996,-74.969,4781075.9872226,1778711.17558924,3,3.8362,SGC,"Puerto Rico - Caquetá, Colombia",2010/06/11 10:54:06+00,3.9,ML,convertida,1471,Cortical
4.218,-73.696,4922790.01651909,2024121.64365188,2,3.6446,SGC,"Villavicencio - Meta, Colombia",2010/06/12 09:22:44+00,3.7,ML,convertida,1472,Cortical
4.974,-76.341,4629561.04617858,2108557.06609855,106,3.6446,SGC,"San José Del Palmar - Chocó, Colombia",2010/06/23 11:22:11+00,3.7,ML,convertida,1473,Subducción intraplaca
2.493,-75.996,4666914.64137143,1833871.4771985,4,3.8362,SGC,"Inzá - Cauca, Colombia",2010/07/09 16:48:25+00,3.9,ML,convertida,1474,Cortical
3.959,-75.158,4760477.21778084,1995781.40605153,2,4.9858,SGC,"Ortega - Tolima, Colombia",2010/07/29 14:34:44+00,5.1,ML,convertida,1475,Cortical
4.455,-76.315,4632173.57976361,2051101.02783859,115,3.1656,SGC,"El Dovio - Valle Del Cauca, Colombia",2010/08/03 10:54:48+00,3.2,ML,convertida,1476,Subducción intraplaca
1.992,-76.069,4658674.74575137,1778456.15417977,2,3.2614,SGC,"Saladoblanco - Huila, Colombia",2010/08/07 11:25:38+00,3.3,ML,convertida,1477,Cortical
2.314,-77.449,4505037.26026183,1814492.19377668,4,4.2194,SGC,"Argelia - Cauca, Colombia",2010/08/18 02:38:38+00,4.3,ML,convertida,1478,Cortical
4.476,-76.281,4635960.65930416,2053408.25486394,109,3.0698,SGC,"El Dovio - Valle Del Cauca, Colombia",2010/08/22 06:58:46+00,3.1,ML,convertida,1479,Subducción intraplaca
2.277,-75.563,4715044.59627674,1809880.41412599,4,3.0698,SGC,"Garzón - Huila, Colombia",2010/08/24 17:12:44+00,3.1,ML,convertida,1480,Cortical
4.376,-75.806,4688667.34797342,2042126.93716944,164,3.3572,SGC,"Caicedonia - Valle Del Cauca, Colombia",2010/08/27 23:46:30+00,3.4,ML,convertida,1481,Subducción intraplaca
3.798,-76.144,4650879.54292965,1978315.79499663,32,3.7404,SGC,"Ginebra - Valle Del Cauca, Colombia",2010/08/30 14:28:00+00,3.8,ML,convertida,1482,Subducción interplaca
4.757,-74.544,4828827.27550638,2083833.97285335,14,3.5488,SGC,"Quipile - Cundinamarca, Colombia",2010/09/03 02:43:52+00,3.6,ML,convertida,1483,Cortical
2.222,-76.53,4607400.44296007,1804019.60770001,0,3.1656,SGC,"Paispamba - Cauca, Colombia",2010/09/15 17:48:15+00,3.2,ML,convertida,1484,Cortical
2.212,-76.515,4609068.19043144,1802908.65601527,1,4.0278,SGC,"Paispamba - Cauca, Colombia",2010/09/15 17:48:27+00,4.1,ML,convertida,1485,Cortical
3.958,-76.211,4643499.11890178,1996049.45455576,104,3.0698,SGC,"San Pedro - Valle Del Cauca, Colombia",2010/09/16 22:55:16+00,3.1,ML,convertida,1486,Subducción intraplaca
2.318,-75.657,4704594.68339911,1814434.23951577,4,3.7404,SGC,"Garzón - Huila, Colombia",2010/09/17 04:39:36+00,3.8,ML,convertida,1487,Cortical
3.687,-76.937,4562642.35052289,1966383.80934687,28,3.0698,SGC,"Buenaventura - Valle Del Cauca, Colombia",2010/09/22 21:37:21+00,3.1,ML,convertida,1488,Cortical
3.546,-75.649,4705806.20123822,1950258.11489251,6,4.1236,SGC,"Rioblanco - Tolima, Colombia",2010/09/30 19:20:09+00,4.2,ML,convertida,1489,Subducción interplaca
3.817,-77.06,4549022.75658618,1980845.17505474,17,3.8362,SGC,"Buenaventura - Valle Del Cauca, Colombia",2010/10/06 14:15:36+00,3.9,ML,convertida,1490,Cortical
3.977,-77,4555782.57129831,1998535.47402968,20,3.7404,SGC,"Buenaventura - Valle Del Cauca, Colombia",2010/10/12 04:54:10+00,3.8,ML,convertida,1491,Cortical
3.324,-77.47,4503126.56994651,1926434.07308105,75,3.2614,SGC,"López - Cauca, Colombia",2010/10/22 21:53:29+00,3.3,ML,convertida,1492,Subducción intraplaca
2.033,-77.05,4549421.43729833,1783233.79247683,10,3.1656,SGC,"El Bordo - Cauca, Colombia",2010/11/26 06:42:29+00,3.2,ML,convertida,1493,Cortical
3.868,-77.247,4528242.07530155,1986596.28520996,32,3.932,SGC,"Buenaventura - Valle Del Cauca, Colombia",2010/12/18 14:30:07+00,4,ML,convertida,1494,Cortical
4.715,-74.805,4799871.08926017,2079261.13486913,15,3.0698,SGC,"Ambalema - Tolima, Colombia",2010/12/31 19:02:04+00,3.1,ML,convertida,1495,Cortical
4.157,-76.446,4617471.79403197,2018181.79643608,119,3.8362,SGC,"Trujillo - Valle Del Cauca, Colombia",2011/01/11 02:09:15+00,3.9,ML,convertida,1496,Subducción intraplaca
4.61,-75.959,4671781.81352718,2068081.8119665,12,3.0698,SGC,"Obando - Valle Del Cauca, Colombia",2011/01/13 02:00:37+00,3.1,ML,convertida,1497,Subducción interplaca
2.781,-74.937,4784757.60815616,1865489.58749914,13,3.453,SGC,"Rivera - Huila, Colombia",2011/01/14 13:39:53+00,3.5,ML,convertida,1498,Cortical
3.883,-76.13,4652470.14920187,1987715.862159,157,3.3572,SGC,"San Pedro - Valle Del Cauca, Colombia",2011/01/27 08:12:31+00,3.4,ML,convertida,1499,Subducción intraplaca
4.371,-73.676,4925023.73582853,2041026.14287363,4,3.932,SGC,"El Calvario - Meta, Colombia",2011/01/27 09:06:47+00,4,ML,convertida,1500,Cortical
4.874,-76.113,4654814.8652943,2097367.76246517,108,4.2194,SGC,"El Águila - Valle Del Cauca, Colombia",2011/01/28 19:05:17+00,4.3,ML,convertida,1501,Subducción intraplaca
4.028,-76.568,4603848.29331185,2003961.05517407,71,4.5068,SGC,"Darién - Valle Del Cauca, Colombia",2011/01/31 02:13:41+00,4.6,ML,convertida,1502,Subducción intraplaca
3.638,-76.817,4575969.94173442,1960899.57973814,93,3.1656,SGC,"Dagua - Valle Del Cauca, Colombia",2011/02/05 11:58:41+00,3.2,ML,convertida,1503,Subducción intraplaca
2.753,-75.147,4761406.07160278,1862434.12142686,0,4.1236,SGC,"Rivera - Huila, Colombia",2011/02/08 05:02:51+00,4.2,ML,convertida,1504,Cortical
4.345,-73.572,4936556.78217274,2038143.62752627,36,3.0698,SGC,"Restrepo - Meta, Colombia",2011/02/13 08:50:41+00,3.1,ML,convertida,1505,Cortical
2.866,-73.08,4991112.61804929,1874704.84219705,0,3.453,SGC,"Puerto Rico - Meta, Colombia",2011/02/15 01:57:38+00,3.5,ML,convertida,1506,Cortical
4.729,-76.737,4585445.48104349,2081664.62093288,78,4.3152,SGC,"Sipí - Chocó, Colombia",2011/02/21 06:31:24+00,4.4,ML,convertida,1507,Subducción intraplaca
4.426,-73.573,4936452.70853156,2047094.0334476,0,3.453,SGC,"San Juanito - Meta, Colombia",2011/03/17 00:37:18+00,3.5,ML,convertida,1508,Cortical
4.885,-76.281,4636172.40782165,2098673.67827378,96,4.3152,SGC,"San José Del Palmar - Chocó, Colombia",2011/03/20 08:39:58+00,4.4,ML,convertida,1509,Subducción intraplaca
2.83,-76.767,4581200.16476867,1871407.42040435,6,3.1656,SGC,"Suárez - Cauca, Colombia",2011/04/01 22:49:50+00,3.2,ML,convertida,1510,Cortical
1.919,-76.005,4665784.80194968,1770366.30134135,10,3.0698,SGC,"Pitalito - Huila, Colombia",2011/04/05 14:18:23+00,3.1,ML,convertida,1511,Cortical
3.62,-75.257,4749385.72686022,1958325.30969038,4,3.0698,SGC,"Ataco - Tolima, Colombia",2011/04/07 19:37:04+00,3.1,ML,convertida,1512,Cortical
4.929,-74.622,4820223.16242534,2102866.27689488,4,3.1656,SGC,"Chaguaní - Cundinamarca, Colombia",2011/04/16 16:58:38+00,3.2,ML,convertida,1513,Cortical
4.371,-73.666,4926132.90224298,2041025.15283147,4,3.453,SGC,"El Calvario - Meta, Colombia",2011/04/19 08:23:11+00,3.5,ML,convertida,1514,Cortical
4.966,-76.352,4628335.53067937,2107677.80138233,92,3.0698,SGC,"San José Del Palmar - Chocó, Colombia",2011/04/19 19:35:58+00,3.1,ML,convertida,1515,Subducción intraplaca
4.125,-76.264,4637682.7851549,2014554.3900814,130,3.7404,SGC,"Riofrío - Valle Del Cauca, Colombia",2011/04/21 02:02:57+00,3.8,ML,convertida,1516,Subducción intraplaca
2.46,-75.421,4730877.28752283,1830090.47277349,15,3.2614,SGC,"Algeciras - Huila, Colombia",2011/04/30 20:28:51+00,3.3,ML,convertida,1517,Cortical
2.43,-75.529,4718857.90341402,1826794.88383354,4,3.3572,SGC,"Gigante - Huila, Colombia",2011/05/17 01:46:11+00,3.4,ML,convertida,1518,Cortical
4.875,-75.955,4672351.02614438,2097399.4309551,20,4.411,SGC,"Balboa - Risaralda, Colombia",2011/06/01 17:58:00+00,4.5,ML,convertida,1519,Subducción interplaca
3.931,-76.737,4585009.73644686,1993304.89950538,124,3.3572,SGC,"Restrepo - Valle Del Cauca, Colombia",2011/06/03 16:53:30+00,3.4,ML,convertida,1520,Subducción intraplaca
2.517,-75.562,4715205.52538814,1836423.89582506,2,3.2614,SGC,"Hobo - Huila, Colombia",2011/06/24 14:26:59+00,3.3,ML,convertida,1521,Cortical
3.407,-75.945,4672857.43717743,1934979.14167344,183,3.7404,SGC,"Pradera - Valle Del Cauca, Colombia",2011/07/09 05:57:35+00,3.8,ML,convertida,1522,Subducción intraplaca
2.977,-74.805,4799464.98565886,1887132.86856835,4,3.1656,SGC,"Baraya - Huila, Colombia",2011/07/11 16:04:18+00,3.2,ML,convertida,1523,Cortical
4.354,-73.715,4920696.18152833,2039151.6314916,4,3.0698,SGC,"El Calvario - Meta, Colombia",2011/07/31 12:10:25+00,3.1,ML,convertida,1524,Cortical
3.329,-74.685,4812863.89610104,1926020.79338736,4,3.6446,SGC,"Colombia - Huila, Colombia",2011/08/17 09:40:53+00,3.7,ML,convertida,1525,Cortical
3.903,-76.334,4629803.64863128,1990016.13075586,109,3.0698,SGC,"Guadalajara De Buga - Valle Del Cauca, Colombia",2011/08/24 14:22:37+00,3.1,ML,convertida,1526,Subducción intraplaca
4.634,-76.248,4639704.86477825,2070877.72406564,80,3.5488,SGC,"Versalles - Valle Del Cauca, Colombia",2011/08/30 22:17:38+00,3.6,ML,convertida,1527,Subducción intraplaca
4.291,-76.297,4634093.29997599,2032941.43133125,118,3.3572,SGC,"Trujillo - Valle Del Cauca, Colombia",2011/09/19 10:47:46+00,3.4,ML,convertida,1528,Subducción intraplaca
3.725,-74.186,4868348.15588509,1969703.54813259,5,3.0698,SGC,"Lejanías - Meta, Colombia",2011/10/01 14:05:46+00,3.1,ML,convertida,1529,Cortical
2.629,-76.602,4599502.28939838,1849096.80818769,132,3.6446,SGC,"Cajibío - Cauca, Colombia",2011/10/02 12:26:29+00,3.7,ML,convertida,1530,Subducción intraplaca
3.868,-76.163,4648796.1994315,1986069.63053677,158,4.4,SGC,"Guadalajara De Buga - Valle Del Cauca, Colombia",2011/10/07 11:42:16+00,4.4,MW,directa,1531,Subducción intraplaca
2.297,-75.596,4711377.13954707,1812099.01563576,8,3.3572,SGC,"Gigante - Huila, Colombia",2011/10/11 17:11:15+00,3.4,ML,convertida,1532,Cortical
3.545,-74.565,4826233.64386784,1949873.53173281,2,3.6446,SGC,"Colombia - Huila, Colombia",2011/10/12 13:43:39+00,3.7,ML,convertida,1533,Cortical
4.284,-76.202,4644644.42264435,2032121.94684332,1,3.932,SGC,"Bolívar - Valle Del Cauca, Colombia",2011/10/25 12:27:30+00,4,ML,convertida,1534,Subducción interplaca
4.784,-76.146,4651105.94372408,2087425.45074419,116,3.453,SGC,"Argelia - Valle Del Cauca, Colombia",2011/10/31 01:15:29+00,3.5,ML,convertida,1535,Subducción intraplaca
4.961,-74.691,4812582.2861416,2106422.62312192,3,3.3572,SGC,"Chaguaní - Cundinamarca, Colombia",2011/11/06 19:44:56+00,3.4,ML,convertida,1536,Cortical
4.253,-76.498,4611739.99231308,2028834.14442374,24,3.453,SGC,"Trujillo - Valle Del Cauca, Colombia",2011/11/07 04:25:46+00,3.5,ML,convertida,1537,Subducción interplaca
4.705,-76.334,4630191.72646305,2078780.31986837,96,3.6446,SGC,"El Cairo - Valle Del Cauca, Colombia",2011/11/10 11:35:44+00,3.7,ML,convertida,1538,Subducción intraplaca
3.147,-77.504,4499252.22858494,1906834.0897455,69,3.1656,SGC,"López - Cauca, Colombia",2011/11/10 12:50:43+00,3.2,ML,convertida,1539,Subducción intraplaca
3.713,-77.196,4533834.06390584,1969396.03928999,4,3.1656,SGC,"Buenaventura - Valle Del Cauca, Colombia",2011/11/11 08:44:49+00,3.2,ML,convertida,1540,Cortical
3.316,-74.63,4818971.50243364,1924573.58095643,14,3.1656,SGC,"Colombia - Huila, Colombia",2011/11/21 09:33:05+00,3.2,ML,convertida,1541,Cortical
2.533,-75.423,4730669.71065325,1838163.73361574,0,3.453,SGC,"Hobo - Huila, Colombia",2011/11/28 05:24:41+00,3.5,ML,convertida,1542,Cortical
3.674,-74.111,4876667.54986872,1964056.63323135,4,3.7404,SGC,"Lejanías - Meta, Colombia",2011/12/03 09:42:42+00,3.8,ML,convertida,1543,Cortical
3.584,-74.422,4842121.41037278,1954158.3694985,8,3.1656,SGC,"Uribe - Meta, Colombia",2011/12/07 18:34:17+00,3.2,ML,convertida,1544,Cortical
2.87,-74.839,4795666.93756074,1875310.71873831,4,3.0698,SGC,"Baraya - Huila, Colombia",2011/12/27 13:33:40+00,3.1,ML,convertida,1545,Cortical
4.793,-76.349,4628573.23064001,2088528.23447632,93,3.0698,SGC,"El Cairo - Valle Del Cauca, Colombia",2011/12/29 15:36:27+00,3.1,ML,convertida,1546,Subducción intraplaca
3.988,-76.764,4582035.79317762,1999629.9621536,96,3.0698,SGC,"Buenaventura - Valle Del Cauca, Colombia",2012/01/04 06:54:04+00,3.1,ML,convertida,1547,Subducción intraplaca
2.601,-74.325,4852757.33424649,1845502.3938032,6,3.2614,SGC,"Uribe - Meta, Colombia",2012/01/07 21:13:24+00,3.3,ML,convertida,1548,Cortical
3.751,-74.211,4865576.58434314,1972580.71504096,5,3.2614,SGC,"Lejanías - Meta, Colombia",2012/01/18 13:45:16+00,3.3,ML,convertida,1549,Cortical
2.448,-75.588,4712298.43576252,1828798.13615009,3,3.3572,SGC,"Gigante - Huila, Colombia",2012/01/28 04:11:05+00,3.4,ML,convertida,1550,Cortical
4.62,-74.521,4831344.86173545,2068685.44217281,0,4.1,SGC,"Anapoima - Cundinamarca, Colombia",2012/02/07 00:28:35+00,4.1,MW,directa,1551,Cortical
4.613,-74.519,4831565.03079842,2067911.246861,2,3.8,SGC,"Anapoima - Cundinamarca, Colombia",2012/02/07 16:52:26+00,3.8,MW,directa,1552,Cortical
3.741,-77.303,4521939.7103363,1972555.81198995,14,4.1,SGC,"Buenaventura - Valle Del Cauca, Colombia",2012/02/09 00:45:39+00,4.1,MW,directa,1553,Cortical
3.29,-74.467,4837074.28859522,1921671.59852868,4,4,SGC,"Uribe - Meta, Colombia",2012/02/09 15:07:50+00,4,MW,directa,1554,Cortical
3.537,-76.513,4609742.46229856,1949581.64578085,132,3.6,SGC,"Yumbo - Valle Del Cauca, Colombia",2012/02/11 13:45:14+00,3.6,MW,directa,1555,Subducción intraplaca
3.283,-76.417,4620320.03163679,1921427.40191217,38,3.8,SGC,"Puerto Tejada - Cauca, Colombia",2012/02/12 07:20:34+00,3.8,MW,directa,1556,Cortical
3.583,-74.296,4856112.99563572,1954027.10129627,19,4.2,SGC,"Lejanías - Meta, Colombia",2012/02/15 16:42:15+00,4.2,MW,directa,1557,Cortical
4.741,-76.177,4647642.60376746,2082682.82401756,90,4,SGC,"El Cairo - Valle Del Cauca, Colombia",2012/02/19 18:50:16+00,4,MW,directa,1558,Subducción intraplaca
4.611,-74.535,4829789.9678758,2067693.98665894,0,3.2614,SGC,"Anapoima - Cundinamarca, Colombia",2012/02/21 12:44:41+00,3.3,ML,convertida,1559,Cortical
3.882,-76.367,4626125.96323536,1987706.43797908,105,3.2614,SGC,"Yotoco - Valle Del Cauca, Colombia",2012/02/24 05:22:24+00,3.3,ML,convertida,1560,Subducción intraplaca
4.373,-76.548,4606245.17386538,2042143.91052086,94,4.8,SGC,"Trujillo - Valle Del Cauca, Colombia",2012/02/29 20:41:12+00,4.8,MW,directa,1561,Subducción intraplaca
4.335,-76.762,4582441.54257168,2038052.02484366,31,3.6,SGC,"Sipí - Chocó, Colombia",2012/03/02 22:53:31+00,3.6,MW,directa,1562,Cortical
2.021,-75.935,4673596.9980692,1781637.31685993,4,3.3572,SGC,"Elías - Huila, Colombia",2012/03/03 23:23:17+00,3.4,ML,convertida,1563,Cortical
2.063,-77.334,4517775.67217781,1786640.2651394,120,3.2614,SGC,"Balboa - Cauca, Colombia",2012/03/08 17:59:35+00,3.3,ML,convertida,1564,Subducción intraplaca
3.593,-74.218,4864775.67706852,1955120.3754173,0,3.9,SGC,"Lejanías - Meta, Colombia",2012/03/26 00:08:21+00,3.9,MW,directa,1565,Cortical
2.042,-77.231,4529251.0569888,1784282.71435094,115,3.2,SGC,"Balboa - Cauca, Colombia",2012/03/30 02:04:36+00,3.2,MW,directa,1566,Subducción intraplaca
5.209,-75.567,4715548.57824312,2134164.85416667,0,3.0698,SGC,"Neira - Caldas, Colombia",2012/04/08 01:31:50+00,3.1,ML,convertida,1567,Subducción interplaca
5.21,-75.525,4720206.08625938,2134256.65479385,4,3,SGC,"Neira - Caldas, Colombia",2012/04/08 20:22:16+00,3,MW,directa,1568,Subducción interplaca
4.755,-76.169,4648537.87511044,2084228.01466626,96,3,SGC,"El Cairo - Valle Del Cauca, Colombia",2012/04/13 15:26:22+00,3,MW,directa,1569,Subducción intraplaca
3.501,-76.388,4623630.66250897,1945545.33092893,123,3,SGC,"Palmira - Valle Del Cauca, Colombia",2012/05/06 19:53:08+00,3,MW,directa,1570,Subducción intraplaca
3.82,-74.169,4870249.59863842,1980199.81752077,0,3.1,SGC,"Lejanías - Meta, Colombia",2012/05/06 23:31:00+00,3.1,MW,directa,1571,Cortical
3.748,-77.283,4524169.63846749,1973320.50403646,32,3.6,SGC,"Buenaventura - Valle Del Cauca, Colombia",2012/05/09 18:29:38+00,3.6,MW,directa,1572,Cortical
3.366,-74.327,4852636.97744937,1930049.29195727,6,3.1,SGC,"Uribe - Meta, Colombia",2012/05/13 10:27:44+00,3.1,MW,directa,1573,Cortical
4.361,-75.476,4725300.40731009,2040339.05896294,180,3.7,SGC,"Cajamarca - Tolima, Colombia",2012/05/16 14:53:25+00,3.7,MW,directa,1574,Subducción intraplaca
4.578,-76.279,4636233.85626314,2064695.89344452,120,3.1,SGC,"El Dovio - Valle Del Cauca, Colombia",2012/05/23 00:26:42+00,3.1,MW,directa,1575,Subducción intraplaca
3.84,-75.954,4672013.03284522,1982888.05752218,10,3.0698,SGC,"San Pedro - Valle Del Cauca, Colombia",2012/06/01 21:46:32+00,3.1,ML,convertida,1576,Subducción interplaca
4.075,-76.681,4591308.6977487,2009220.75100556,60,3.1,SGC,"Darién - Valle Del Cauca, Colombia",2012/06/09 21:54:21+00,3.1,MW,directa,1577,Subducción intraplaca
4.788,-76.165,4648998.74650482,2087877.79319132,114,3.0698,SGC,"El Cairo - Valle Del Cauca, Colombia",2012/06/15 19:25:11+00,3.1,ML,convertida,1578,Subducción intraplaca
3.981,-75.01,4776917.05405273,1998172.4146529,4,4,SGC,"Saldaña - Tolima, Colombia",2012/06/19 07:21:11+00,4,MW,directa,1579,Cortical
2.361,-76.479,4613117.01967868,1819392.35275911,155,4.4,SGC,"Coconuco - Cauca, Colombia",2012/06/20 07:31:29+00,4.4,MW,directa,1580,Subducción intraplaca
5.043,-74.752,4805843.62673685,2115504.93019072,0,3.6,SGC,"Guayabal - Tolima, Colombia",2012/06/22 04:44:47+00,3.6,MW,directa,1581,Cortical
5.084,-75.886,4680109.39539746,2120488.59450606,107,3.3,SGC,"Viterbo - Caldas, Colombia",2012/06/26 19:18:43+00,3.3,MW,directa,1582,Subducción intraplaca
3.755,-76.343,4628739.29031815,1973639.65861059,143,4.5,SGC,"Guacarí - Valle Del Cauca, Colombia",2012/06/26 22:47:52+00,4.5,MW,directa,1583,Subducción intraplaca
2.858,-74.821,4797665.50573689,1873980.98401504,4,3.2614,SGC,"Baraya - Huila, Colombia",2012/07/17 09:19:02+00,3.3,ML,convertida,1584,Cortical
4.553,-75.985,4668868.98894817,2061787.25761563,17,4.2,SGC,"Obando - Valle Del Cauca, Colombia",2012/07/30 20:26:39+00,4.2,MW,directa,1585,Subducción interplaca
3.668,-74.659,4815818.49750702,1963487.68574858,10,3.1656,SGC,"Dolores - Tolima, Colombia",2012/07/31 13:45:47+00,3.2,ML,convertida,1586,Cortical
4.6,-76.573,4603589.86987177,2067287.48815495,84,3,SGC,"Sipí - Chocó, Colombia",2012/08/01 02:19:19+00,3,MW,directa,1587,Subducción intraplaca
3.978,-76.907,4566127.32725539,1998596.6373426,22,3.3,SGC,"Buenaventura - Valle Del Cauca, Colombia",2012/08/03 05:43:45+00,3.3,MW,directa,1588,Cortical
4.049,-76.174,4647650.24663114,2006103.72382879,148,3.1,SGC,"Tuluá - Valle Del Cauca, Colombia",2012/08/07 12:31:14+00,3.1,MW,directa,1589,Subducción intraplaca
3.867,-76.169,4648128.8982522,1985961.45929913,154,3.6,SGC,"Guadalajara De Buga - Valle Del Cauca, Colombia",2012/08/09 21:43:09+00,3.6,MW,directa,1590,Subducción intraplaca
4.265,-76.401,4622525.14051924,2030114.18934297,124,3.0698,SGC,"Trujillo - Valle Del Cauca, Colombia",2012/08/29 00:20:56+00,3.1,ML,convertida,1591,Subducción intraplaca
2.936,-77.544,4494697.15917607,1883466.69323201,18,3.3,SGC,"Timbiquí - Cauca, Colombia",2012/08/29 11:29:16+00,3.3,MW,directa,1592,Cortical
2.969,-76.833,4573903.83088113,1886823.92794264,94,3.6,SGC,"Suárez - Cauca, Colombia",2012/09/03 05:19:30+00,3.6,MW,directa,1593,Subducción intraplaca
4.424,-73.715,4920703.56887136,2046886.69272636,0,3.7,SGC,"San Juanito - Meta, Colombia",2012/09/06 18:46:57+00,3.7,MW,directa,1594,Cortical
3.666,-75.778,4691509.21180853,1963574.54945883,4,3.1656,SGC,"Rioblanco - Tolima, Colombia",2012/09/08 21:06:41+00,3.2,ML,convertida,1595,Subducción interplaca
4.708,-74.843,4795654.37497804,2078498.31694707,11,3.2,SGC,"Venadillo - Tolima, Colombia",2012/09/20 20:21:45+00,3.2,MW,directa,1596,Cortical
5.106,-74.648,4817389.86375699,2122438.86097705,14,3,SGC,"Guaduas - Cundinamarca, Colombia",2012/09/24 07:25:49+00,3,MW,directa,1597,Cortical
4.394,-73.8,4911272.58474903,2043581.21484152,1,3.5,SGC,"Quetame - Cundinamarca, Colombia",2012/09/26 09:16:53+00,3.5,MW,directa,1598,Cortical
2.738,-76.879,4568696.09060228,1861260.2425013,125,3.8,SGC,"Morales - Cauca, Colombia",2012/09/27 16:43:08+00,3.8,MW,directa,1599,Subducción intraplaca
1.971,-76.555,4604553.26755982,1776240.29324714,172,7.1,SGC,"La Vega - Cauca, Colombia",2012/09/30 11:31:34+00,7.1,MW,directa,1600,Subducción intraplaca
4.695,-74.877,4791879.38146766,2077071.1903194,15,3.3,SGC,"Venadillo - Tolima, Colombia",2012/10/06 00:50:13+00,3.3,MW,directa,1601,Cortical
4.784,-76.33,4630677.98550377,2087521.83713007,106,3.6,SGC,"El Cairo - Valle Del Cauca, Colombia",2012/10/06 19:07:36+00,3.6,MW,directa,1602,Subducción intraplaca
1.594,-74.475,4835979.95911014,1734223.1169919,4,3,SGC,"Cartagena Del Chairá - Caquetá, Colombia",2012/10/11 05:17:21+00,3,MW,directa,1603,Cortical
3.872,-75.52,4720244.86037327,1986272.78967037,4,3.3,SGC,"San Antonio - Tolima, Colombia",2012/10/13 07:22:11+00,3.3,MW,directa,1604,Subducción interplaca
3.335,-77.508,4498899.47576148,1927672.49801018,0,3.4,SGC,"López - Cauca, Colombia",2012/10/20 11:48:30+00,3.4,MW,directa,1605,Cortical
4.49,-75.971,4670394.90091388,2054810.48268374,140,3.9,SGC,"La Victoria - Valle Del Cauca, Colombia",2012/10/21 18:33:46+00,3.9,MW,directa,1606,Subducción intraplaca
3.599,-74.411,4843345.49908892,1955814.33594799,2,3.3,SGC,"Uribe - Meta, Colombia",2012/10/21 18:37:55+00,3.3,MW,directa,1607,Cortical
4.703,-74.615,4820940.08851014,2077882.98117262,11,3.5,SGC,"Quipile - Cundinamarca, Colombia",2012/11/04 12:34:23+00,3.5,MW,directa,1608,Cortical
4.754,-76.164,4649092.46034875,2084114.80806467,94,3,SGC,"Argelia - Valle Del Cauca, Colombia",2012/11/06 19:24:55+00,3,MW,directa,1609,Subducción intraplaca
4.411,-73.814,4909721.80076156,2045461.44924807,4,3.2,SGC,"Quetame - Cundinamarca, Colombia",2012/11/07 23:28:46+00,3.2,MW,directa,1610,Cortical
3.684,-74.15,4872339.00070194,1965167.23464747,4,3.1,SGC,"Lejanías - Meta, Colombia",2012/11/09 05:06:59+00,3.1,MW,directa,1611,Cortical
2.954,-74.837,4795904.36589351,1884596.19032658,4,3.2,SGC,"Baraya - Huila, Colombia",2012/11/10 13:31:07+00,3.2,MW,directa,1612,Cortical
4.58,-76.786,4579913.37364795,2065194.87905074,4,4.1,SGC,"Sipí - Chocó, Colombia",2012/11/11 19:06:12+00,4.1,MW,directa,1613,Cortical
3.05,-75.757,4693650.81419424,1895426.86503109,5,3.2,SGC,"Planadas - Tolima, Colombia",2012/11/21 08:01:05+00,3.2,MW,directa,1614,Subducción interplaca
2.79,-75.073,4769640.43778456,1866510.31632352,0,4.1,SGC,"Rivera - Huila, Colombia",2012/11/27 23:35:08+00,4.1,MW,directa,1615,Cortical
2.043,-75.799,4688738.23982102,1784044.21673507,2,3.6,SGC,"Altamira - Huila, Colombia",2012/11/28 23:39:50+00,3.6,MW,directa,1616,Cortical
1.921,-76.112,4653873.13304903,1770608.91731421,4,3,SGC,"Pitalito - Huila, Colombia",2012/12/03 18:41:02+00,3,MW,directa,1617,Cortical
2.19,-76.081,4657381.87683928,1800366.92900696,4,4,SGC,"La Argentina - Huila, Colombia",2012/12/10 05:50:48+00,4,MW,directa,1618,Cortical
2.205,-76.107,4654491.20355792,1802032.66778926,1,3.1,SGC,"La Argentina - Huila, Colombia",2012/12/10 05:54:08+00,3.1,MW,directa,1619,Cortical
4.59,-76.488,4613026.60905662,2066133.79967161,80,3,SGC,"Sipí - Chocó, Colombia",2012/12/26 17:20:31+00,3,MW,directa,1620,Subducción intraplaca
1.454,-74.727,4807937.2324536,1718769.71938871,4,3.3,SGC,"Cartagena Del Chairá - Caquetá, Colombia",2012/12/27 23:40:30+00,3.3,MW,directa,1621,Cortical
4.15,-76.435,4618690.95769429,2017401.64020718,122,4.4,SGC,"Trujillo - Valle Del Cauca, Colombia",2013/01/02 11:50:39+00,4.4,MW,directa,1622,Subducción intraplaca
2.158,-75.674,4702670.9722605,1796740.45913535,0,3,SGC,"Garzón - Huila, Colombia",2013/01/04 12:43:07+00,3,MW,directa,1623,Cortical
3.727,-76.93,4563440.87196231,1970810.38314744,22,3.4,SGC,"Buenaventura - Valle Del Cauca, Colombia",2013/01/05 21:49:46+00,3.4,MW,directa,1624,Cortical
4.295,-75.102,4766793.77233656,2032915.50929415,14,3.3,SGC,"Valle De San Juan - Tolima, Colombia",2013/01/14 00:36:25+00,3.3,MW,directa,1625,Cortical
4.998,-76.041,4662868.83972996,2111051.68574724,113,3.4,SGC,"La Celia - Risaralda, Colombia",2013/01/14 02:55:20+00,3.4,MW,directa,1626,Subducción intraplaca
4.48,-76.15,4650512.38731544,2053787.09694917,132,3.4,SGC,"Roldanillo - Valle Del Cauca, Colombia",2013/01/15 20:50:21+00,3.4,MW,directa,1627,Subducción intraplaca
4.166,-76.042,4662367.04682187,2018993.17062955,158,3,SGC,"Bugalagrande - Valle Del Cauca, Colombia",2013/01/18 10:00:30+00,3,MW,directa,1628,Subducción intraplaca
3.379,-74.341,4851083.97707145,1931488.17697505,4,3.2,SGC,"Uribe - Meta, Colombia",2013/01/24 13:32:58+00,3.2,MW,directa,1629,Cortical
2.398,-75.657,4704611.57838499,1823282.79946329,4,3.5,SGC,"Gigante - Huila, Colombia",2013/01/26 12:12:11+00,3.5,MW,directa,1630,Cortical
2.195,-76.07,4658607.42933277,1800917.64920243,4,3,SGC,"La Argentina - Huila, Colombia",2013/01/29 01:37:27+00,3,MW,directa,1631,Cortical
2.021,-76.033,4662688.29555449,1781657.37099781,0,4.2,SGC,"Saladoblanco - Huila, Colombia",2013/02/05 21:54:25+00,4.2,MW,directa,1632,Cortical
4.703,-74.616,4820829.1863015,2077883.23762486,7,3.5,SGC,"Quipile - Cundinamarca, Colombia",2013/02/13 12:33:55+00,3.5,MW,directa,1633,Cortical
3.604,-74.471,4836683.53362482,1956377.49011081,20,3.3,SGC,"Villarrica - Tolima, Colombia",2013/02/25 05:42:50+00,3.3,MW,directa,1634,Cortical
4.655,-75.872,4681460.35910217,2073020.67697065,4,3.4,SGC,"Alcalá - Valle Del Cauca, Colombia",2013/02/25 19:56:59+00,3.4,MW,directa,1635,Subducción interplaca
3.605,-74.44,4840126.18745113,1956482.51683028,21,3.5,SGC,"Villarrica - Tolima, Colombia",2013/03/01 01:05:46+00,3.5,MW,directa,1636,Cortical
3.249,-74.664,4815182.07770198,1917173.94610036,5,3.2,SGC,"Colombia - Huila, Colombia",2013/03/04 08:46:01+00,3.2,MW,directa,1637,Cortical
4.115,-76.235,4640900.83552224,2013434.55642586,140,3.4,SGC,"Tuluá - Valle Del Cauca, Colombia",2013/03/06 05:10:29+00,3.4,MW,directa,1638,Subducción intraplaca
5.014,-76.282,4636132.03556868,2112951.1790835,100,3.6,SGC,"San José Del Palmar - Chocó, Colombia",2013/03/09 08:08:45+00,3.6,MW,directa,1639,Subducción intraplaca
4.62,-76.492,4612598.55617366,2069456.8846932,32,3.9,SGC,"Sipí - Chocó, Colombia",2013/03/10 20:01:48+00,3.9,MW,directa,1640,Subducción interplaca
2.573,-75.663,4703983.09798773,1842640.4451367,8,3.1,SGC,"Íquira - Huila, Colombia",2013/03/12 09:49:13+00,3.1,MW,directa,1641,Cortical
0.906,-74.829,4796550.02576648,1658201.12415373,3,3.4,SGC,"Cartagena Del Chairá - Caquetá, Colombia",2013/03/16 18:29:01+00,3.4,MW,directa,1642,Cortical
2.352,-75.575,4713724.59687572,1818177.7706808,2,3.2,SGC,"Gigante - Huila, Colombia",2013/03/20 02:50:02+00,3.2,MW,directa,1643,Cortical
4.189,-76.155,4649822.93249947,2021587.69294098,109,3.8,SGC,"Bugalagrande - Valle Del Cauca, Colombia",2013/03/20 14:43:04+00,3.8,MW,directa,1644,Subducción intraplaca
5.079,-75.689,4701959.48980097,2119841.23080104,109,3.6,SGC,"Palestina - Caldas, Colombia",2013/03/23 03:16:08+00,3.6,MW,directa,1645,Subducción intraplaca
4.349,-76.466,4615344.43689628,2039444.68273857,103,3.4,SGC,"Trujillo - Valle Del Cauca, Colombia",2013/03/26 17:37:15+00,3.4,MW,directa,1646,Subducción intraplaca
3.939,-75.585,4713046.91570752,1993704.94236604,0,3.3,SGC,"Roncesvalles - Tolima, Colombia",2013/04/01 19:04:49+00,3.3,MW,directa,1647,Subducción interplaca
1.904,-75.711,4698506.63394569,1768652.42205236,0,3.4,SGC,"Suaza - Huila, Colombia",2013/04/04 07:26:54+00,3.4,MW,directa,1648,Cortical
3.378,-73.691,4923270.56063746,1931302.22259519,0,4,SGC,"Fuente De Oro - Meta, Colombia",2013/04/09 03:18:52+00,4,MW,directa,1649,Cortical
4.912,-76.259,4638629.12244403,2101649.92557757,95,3.4,SGC,"San José Del Palmar - Chocó, Colombia",2013/04/11 10:52:12+00,3.4,MW,directa,1650,Subducción intraplaca
2.536,-75.66,4704308.34178396,1838547.27030093,2,3.6,SGC,"Tesalia - Huila, Colombia",2013/04/14 00:04:15+00,3.6,MW,directa,1651,Cortical
4.571,-76.088,4657440.75016582,2063827.16349888,56,4.2,SGC,"Toro - Valle Del Cauca, Colombia",2013/04/19 08:03:16+00,4.2,MW,directa,1652,Subducción intraplaca
3.391,-74.348,4850308.33731446,1932815.49565368,4,3.7,SGC,"Uribe - Meta, Colombia",2013/04/23 11:55:05+00,3.7,MW,directa,1653,Cortical
4.786,-75.312,4743656.85542997,2087278.68031649,151,3.6446,SGC,"Murillo - Tolima, Colombia",2013/05/06 13:29:15+00,3.7,ML,convertida,1654,Subducción intraplaca
4.569,-74.377,4847304.57359426,2063016.145311,0,3.5,SGC,"San Antonio Del Tequendama - Cundinamarca, Colombia",2013/05/18 08:18:40+00,3.5,MW,directa,1655,Cortical
4.64,-74.51,4832569.57547184,2070893.46599794,2,3.6,SGC,"La Mesa - Cundinamarca, Colombia",2013/05/20 03:54:51+00,3.6,MW,directa,1656,Cortical
3.848,-76.899,4566950.13515853,1984195.36351549,5,3.8,SGC,"Buenaventura - Valle Del Cauca, Colombia",2013/05/23 11:09:52+00,3.8,MW,directa,1657,Cortical
4.33,-76.273,4636778.31136618,2037246.17887793,3,4.1,SGC,"Bolívar - Valle Del Cauca, Colombia",2013/05/23 11:32:07+00,4.1,MW,directa,1658,Subducción interplaca
3.963,-76.238,4640500.43712568,1996614.46063757,107,3.9,SGC,"San Pedro - Valle Del Cauca, Colombia",2013/06/01 01:44:26+00,3.9,MW,directa,1659,Subducción intraplaca
4.623,-75.621,4709306.43004767,2069372.75580025,144,3.3,SGC,"Circasia - Quindío, Colombia",2013/06/08 16:14:44+00,3.3,MW,directa,1660,Subducción intraplaca
2.505,-75.395,4733778.20816787,1835061.56812033,4,3.6,SGC,"Algeciras - Huila, Colombia",2013/06/09 23:01:37+00,3.6,MW,directa,1661,Cortical
1.989,-75.958,4671030.47931045,1778101.63724341,2,3.0698,SGC,"Timaná - Huila, Colombia",2013/06/21 16:55:29+00,3.1,ML,convertida,1662,Cortical
1.872,-76.027,4663326.59221735,1765170.44362914,7,3.4,SGC,"Pitalito - Huila, Colombia",2013/06/22 16:00:20+00,3.4,MW,directa,1663,Cortical
4.107,-76.208,4643897.53332701,2012537.12386089,2,3,SGC,"Tuluá - Valle Del Cauca, Colombia",2013/06/30 05:41:39+00,3,MW,directa,1664,Subducción interplaca
2.491,-73.541,4939879.92079759,1833283.77714217,4,4.3,SGC,"La Macarena - Meta, Colombia",2013/07/02 05:21:18+00,4.3,MW,directa,1665,Cortical
4.903,-76.214,4643619.35012718,2100629.74003714,104,3.2,SGC,"San José Del Palmar - Chocó, Colombia",2013/07/03 06:17:25+00,3.2,MW,directa,1666,Subducción intraplaca
4.754,-76.265,4637879.0586924,2084167.00339636,110,3.4,SGC,"El Cairo - Valle Del Cauca, Colombia",2013/07/07 16:41:20+00,3.4,MW,directa,1667,Subducción intraplaca
3.962,-76.305,4633053.1556629,1996533.20534576,142,3.2,SGC,"Guadalajara De Buga - Valle Del Cauca, Colombia",2013/07/20 05:11:15+00,3.2,MW,directa,1668,Subducción intraplaca
5.163,-75.472,4726062.35107358,2129035.32006334,112,3.7,SGC,"Neira - Caldas, Colombia",2013/07/21 03:57:55+00,3.7,MW,directa,1669,Subducción intraplaca
4.629,-74.514,4832123.35219797,2069678.5678683,0,3.2,SGC,"La Mesa - Cundinamarca, Colombia",2013/07/21 06:50:29+00,3.2,MW,directa,1670,Cortical
4.171,-76.897,4567342.99845026,2019965.46894867,4,4,SGC,"Buenaventura - Valle Del Cauca, Colombia",2013/07/23 20:50:13+00,4,MW,directa,1671,Cortical
4.369,-76.364,4626687.4098424,2041607.03782764,122,3.5,SGC,"Trujillo - Valle Del Cauca, Colombia",2013/07/29 01:50:46+00,3.5,MW,directa,1672,Subducción intraplaca
4.47,-76.253,4639067.75914081,2052730.38067693,110,3.5,SGC,"El Dovio - Valle Del Cauca, Colombia",2013/08/01 09:43:32+00,3.5,MW,directa,1673,Subducción intraplaca
4.635,-74.53,4830350.24004308,2070345.56628502,0,3.3,SGC,"La Mesa - Cundinamarca, Colombia",2013/08/02 16:43:03+00,3.3,MW,directa,1674,Cortical
4.559,-75.057,4771869.37622236,2062090.63810136,4,3,SGC,"Anzoátegui - Tolima, Colombia",2013/08/03 03:47:18+00,3,MW,directa,1675,Cortical
4.871,-76.147,4651039.47848513,2097053.31842326,108,4,SGC,"San José Del Palmar - Chocó, Colombia",2013/08/04 17:37:14+00,4,MW,directa,1676,Subducción intraplaca
2.295,-73.823,4908527.13118524,1811642.15052801,11,3.5,SGC,"La Macarena - Meta, Colombia",2013/08/05 22:50:32+00,3.5,MW,directa,1677,Cortical
4.666,-75.722,4698114.66644982,2074171.44995709,143,3.2,SGC,"Ulloa - Valle Del Cauca, Colombia",2013/08/10 00:41:58+00,3.2,MW,directa,1678,Subducción intraplaca
4.104,-76.274,4636562.00221688,2012234.85415522,136,3.3,SGC,"Riofrío - Valle Del Cauca, Colombia",2013/08/11 12:39:05+00,3.3,MW,directa,1679,Subducción intraplaca
4.47,-76.732,4585850.91465201,2052983.5210595,16,3.1,SGC,"Sipí - Chocó, Colombia",2013/08/16 06:55:38+00,3.1,MW,directa,1680,Cortical
4.486,-76.723,4586860.06879916,2054750.04189306,16,3,SGC,"Sipí - Chocó, Colombia",2013/08/17 10:14:34+00,3,MW,directa,1681,Cortical
4.447,-76.89,4568277.51959741,2050527.52369482,19,3.6,SGC,"Sipí - Chocó, Colombia",2013/08/18 13:27:42+00,3.6,MW,directa,1682,Cortical
4.485,-76.843,4573523.55518545,2054708.27396701,19,3.7,SGC,"Sipí - Chocó, Colombia",2013/08/22 02:09:01+00,3.7,MW,directa,1683,Cortical
4.484,-76.745,4584414.15142468,2054541.06638836,18,3,SGC,"Sipí - Chocó, Colombia",2013/08/24 13:40:08+00,3,MW,directa,1684,Cortical
4.456,-76.681,4591510.55631153,2051404.83052559,64,3.3,SGC,"Sipí - Chocó, Colombia",2013/08/25 16:32:10+00,3.3,MW,directa,1685,Subducción intraplaca
4.489,-76.281,4635967.10556355,2054847.00378142,126,3.7,SGC,"El Dovio - Valle Del Cauca, Colombia",2013/08/26 01:08:22+00,3.7,MW,directa,1686,Subducción intraplaca
2.558,-76.665,4592465.17829809,1841256.46680618,2,3.1,SGC,"Cajibío - Cauca, Colombia",2013/08/26 22:06:48+00,3.1,MW,directa,1687,Cortical
4.288,-76.164,4648867.760545,2032547.04940712,135,3,SGC,"Bolívar - Valle Del Cauca, Colombia",2013/08/27 04:07:11+00,3,MW,directa,1688,Subducción intraplaca
3.904,-76.809,4576988.95292443,1990351.2571401,56,4.4,SGC,"Buenaventura - Valle Del Cauca, Colombia",2013/08/27 18:22:05+00,4.4,MW,directa,1689,Subducción intraplaca
3.968,-76.689,4590365.68680412,1997377.786127,44,3.2,SGC,"Darién - Valle Del Cauca, Colombia",2013/08/27 18:27:27+00,3.2,MW,directa,1690,Subducción interplaca
3.884,-76.725,4586321.11377928,1988094.89256385,31,3.8,SGC,"Restrepo - Valle Del Cauca, Colombia",2013/08/27 18:48:34+00,3.8,MW,directa,1691,Subducción interplaca
3.86,-76.745,4584085.12148072,1985447.28643736,26,3.1,SGC,"Dagua - Valle Del Cauca, Colombia",2013/08/28 20:11:25+00,3.1,MW,directa,1692,Subducción interplaca
4.954,-75.721,4698352.61504244,2106028.83489803,115,3.3,SGC,"Marsella - Risaralda, Colombia",2013/09/02 12:17:15+00,3.3,MW,directa,1693,Subducción intraplaca
4.978,-76.027,4664412.16833755,2108831.56660077,112,3.5,SGC,"La Celia - Risaralda, Colombia",2013/09/05 04:26:51+00,3.5,MW,directa,1694,Subducción intraplaca
2.924,-76.019,4664474.05910024,1881564.11455734,4,3.4,SGC,"Toribío - Cauca, Colombia",2013/09/07 17:01:08+00,3.4,MW,directa,1695,Cortical
2.432,-75.488,4723419.06955892,1827007.59701537,19,3.6,SGC,"Gigante - Huila, Colombia",2013/09/08 00:39:50+00,3.6,MW,directa,1696,Cortical
1.932,-75.935,4673579.58659486,1771790.98981296,3,3.2,SGC,"Timaná - Huila, Colombia",2013/09/29 01:01:29+00,3.2,MW,directa,1697,Cortical
4.209,-76.289,4634943.4763585,2023862.38455171,132,3,SGC,"Trujillo - Valle Del Cauca, Colombia",2013/10/01 22:30:04+00,3,MW,directa,1698,Subducción intraplaca
4.882,-74.647,4817438.72362435,2097677.72854202,14,3,SGC,"San Juan De Rioseco - Cundinamarca, Colombia",2013/10/05 03:56:12+00,3,MW,directa,1699,Cortical
3.434,-74.225,4863975.3804157,1937549.49384274,4,3.1,SGC,"Mesetas - Meta, Colombia",2013/10/07 16:54:37+00,3.1,MW,directa,1700,Cortical
4.251,-76.496,4611961.2538879,2028611.74305652,51,3.7,SGC,"Trujillo - Valle Del Cauca, Colombia",2013/10/07 21:20:09+00,3.7,MW,directa,1701,Subducción intraplaca
4.786,-76.198,4645334.22862975,2087673.46145706,1,3.5,SGC,"El Cairo - Valle Del Cauca, Colombia",2013/10/14 13:18:31+00,3.5,MW,directa,1702,Subducción interplaca
4.933,-75.964,4671380.63259665,2103820.98312033,115,3.4,SGC,"Balboa - Risaralda, Colombia",2013/10/18 19:24:25+00,3.4,MW,directa,1703,Subducción intraplaca
1.872,-76.044,4661434.00959387,1765173.72218997,12,3,SGC,"Pitalito - Huila, Colombia",2013/10/22 13:30:12+00,3,MW,directa,1704,Cortical
3.833,-76.99,4556819.14473041,1982580.83030867,12,3.2,SGC,"Buenaventura - Valle Del Cauca, Colombia",2013/10/24 01:31:50+00,3.2,MW,directa,1705,Cortical
3.638,-74.316,4853900.92368852,1960108.82868642,0,3.4,SGC,"Lejanías - Meta, Colombia",2013/10/27 16:10:02+00,3.4,MW,directa,1706,Cortical
3.218,-77.468,4503296.95692067,1914685.47656896,11,3,SGC,"López - Cauca, Colombia",2013/11/03 11:32:20+00,3,MW,directa,1707,Cortical
1.968,-75.938,4673252.59884971,1775774.36111849,8,3.1656,SGC,"Timaná - Huila, Colombia",2013/11/10 20:32:06+00,3.2,ML,convertida,1708,Cortical
4.653,-76.734,4585733.83088415,2073247.5970264,21,3.1,SGC,"Sipí - Chocó, Colombia",2013/11/11 12:44:33+00,3.1,MW,directa,1709,Cortical
4.118,-76.751,4583548.11279101,2014017.96970361,42,3.6,SGC,"Darién - Valle Del Cauca, Colombia",2013/11/14 08:12:16+00,3.6,MW,directa,1710,Cortical
2.926,-76.054,4660581.15617954,1881795.94265273,7,3.2,SGC,"Toribío - Cauca, Colombia",2013/11/15 15:05:32+00,3.2,MW,directa,1711,Cortical
4.382,-75.901,4678120.60814855,2042830.85890428,157,3.8,SGC,"Caicedonia - Valle Del Cauca, Colombia",2013/11/17 10:18:01+00,3.8,MW,directa,1712,Subducción intraplaca
3.749,-76.886,4568346.88184949,1973225.02807548,27,3.3,SGC,"Buenaventura - Valle Del Cauca, Colombia",2013/11/18 12:15:06+00,3.3,MW,directa,1713,Cortical
4.749,-76.157,4649867.05822921,2083557.95074822,97,3.2,SGC,"Argelia - Valle Del Cauca, Colombia",2013/11/26 22:35:57+00,3.2,MW,directa,1714,Subducción intraplaca
2.077,-73.257,4971432.33685556,1787531.90333111,0,3.5,SGC,"La Macarena - Meta, Colombia",2013/11/29 07:04:50+00,3.5,MW,directa,1715,Cortical
4.673,-76.106,4655491.38015031,2075122.54525824,93,3.4,SGC,"Argelia - Valle Del Cauca, Colombia",2013/11/30 20:15:05+00,3.4,MW,directa,1716,Subducción intraplaca
4.775,-76.161,4649436.17494581,2086437.15620795,101,3,SGC,"El Cairo - Valle Del Cauca, Colombia",2013/12/19 05:25:58+00,3,MW,directa,1717,Subducción intraplaca
3.351,-74.124,4875181.32485312,1928363.309865,22,3.5,SGC,"Mesetas - Meta, Colombia",2013/12/23 12:03:17+00,3.5,MW,directa,1718,Cortical
4.145,-76.339,4629357.49913095,2016802.55071534,0,3.3,SGC,"Riofrío - Valle Del Cauca, Colombia",2013/12/27 02:43:45+00,3.3,MW,directa,1719,Subducción interplaca
4.811,-74.608,4821744.19454787,2089819.15042847,2,3.2,SGC,"San Juan De Rioseco - Cundinamarca, Colombia",2013/12/27 04:00:58+00,3.2,MW,directa,1720,Cortical
4.309,-75.88,4680421.83137068,2034745.78136745,162,3.5,SGC,"Caicedonia - Valle Del Cauca, Colombia",2013/12/27 22:22:19+00,3.5,MW,directa,1721,Subducción intraplaca
4.07,-76.36,4626988.84801708,2008511.34193388,129,3.2,SGC,"Riofrío - Valle Del Cauca, Colombia",2013/12/29 07:43:16+00,3.2,MW,directa,1722,Subducción intraplaca
4.411,-73.736,4918373.03576867,2045452.4486852,0,3,SGC,"El Calvario - Meta, Colombia",2014/01/03 10:37:36+00,3,MW,directa,1723,Cortical
4.65,-76.686,4591064.78032711,2072887.38393181,8,3,SGC,"Sipí - Chocó, Colombia",2014/01/03 22:03:48+00,3,MW,directa,1724,Subducción interplaca
4.642,-76.774,4581283.1954078,2072053.20378037,19,5.3,SGC,"Sipí - Chocó, Colombia",2014/01/04 22:36:39+00,5.3,MW,directa,1725,Cortical
4.625,-76.688,4590828.1642016,2070120.52255035,18,3.4,SGC,"Sipí - Chocó, Colombia",2014/01/05 05:19:28+00,3.4,MW,directa,1726,Subducción interplaca
4.654,-76.687,4590955.99986561,2073330.84738438,23,3.4,SGC,"Sipí - Chocó, Colombia",2014/01/07 12:04:48+00,3.4,MW,directa,1727,Subducción interplaca
4.651,-76.19,4646153.86532173,2072729.73796817,116,3.1,SGC,"Versalles - Valle Del Cauca, Colombia",2014/01/07 14:21:02+00,3.1,MW,directa,1728,Subducción intraplaca
4.592,-76.649,4595142.21997203,2066444.49312765,24,3.1,SGC,"Sipí - Chocó, Colombia",2014/01/07 21:23:26+00,3.1,MW,directa,1729,Subducción interplaca
2.98,-75.95,4672165.90312812,1887739.29329971,4,4.4,SGC,"Toribío - Cauca, Colombia",2014/01/09 06:07:31+00,4.4,MW,directa,1730,Cortical
2.989,-75.93,4674393.10893737,1888729.05647729,0,5.2,SGC,"Toribío - Cauca, Colombia",2014/01/09 07:50:16+00,5.2,MW,directa,1731,Cortical
3.026,-75.971,4669843.91801033,1892834.91004517,6,3.453,SGC,"Toribío - Cauca, Colombia",2014/01/09 07:52:53+00,3.5,ML,convertida,1732,Subducción interplaca
3.008,-75.992,4667502.66998194,1890849.81434215,4,3.7,SGC,"Toribío - Cauca, Colombia",2014/01/09 09:03:25+00,3.7,MW,directa,1733,Cortical
3.018,-75.987,4668061.85337521,1891954.68395301,4,3,SGC,"Toribío - Cauca, Colombia",2014/01/09 09:22:39+00,3,MW,directa,1734,Cortical
3.006,-75.962,4670838.92422512,1890619.43420174,4,3.2,SGC,"Toribío - Cauca, Colombia",2014/01/09 11:42:02+00,3.2,MW,directa,1735,Cortical
3.009,-75.964,4670617.37134143,1890951.94919594,4,3.2,SGC,"Toribío - Cauca, Colombia",2014/01/09 12:55:03+00,3.2,MW,directa,1736,Cortical
3.003,-75.967,4670281.8853345,1890289.03248238,4,3.1,SGC,"Toribío - Cauca, Colombia",2014/01/14 12:51:42+00,3.1,MW,directa,1737,Cortical
3.779,-77.167,4537096.40215671,1976692.42676657,0,4.4,SGC,"Buenaventura - Valle Del Cauca, Colombia",2014/01/17 18:55:21+00,4.4,MW,directa,1738,Cortical
3.019,-75.956,4671510.18872439,1892055.89660066,4,3.2,SGC,"Toribío - Cauca, Colombia",2014/01/17 20:16:48+00,3.2,MW,directa,1739,Subducción interplaca
3.786,-77.154,4538546.79504916,1977460.95826896,0,3.8,SGC,"Buenaventura - Valle Del Cauca, Colombia",2014/01/17 22:04:03+00,3.8,MW,directa,1740,Cortical
3.024,-75.982,4668619.8170537,1892616.99063181,4,3.2,SGC,"Toribío - Cauca, Colombia",2014/01/19 09:59:30+00,3.2,MW,directa,1741,Subducción interplaca
4.832,-74.624,4819975.56737923,2092144.64047841,4,3,SGC,"San Juan De Rioseco - Cundinamarca, Colombia",2014/01/22 03:24:00+00,3,MW,directa,1742,Cortical
4.62,-76.712,4588158.85121055,2069580.80740398,21,3.2,SGC,"Sipí - Chocó, Colombia",2014/01/24 14:23:27+00,3.2,MW,directa,1743,Cortical
4.358,-73.814,4909715.43930515,2039604.76922731,0,3.2,SGC,"Quetame - Cundinamarca, Colombia",2014/01/27 05:37:57+00,3.2,MW,directa,1744,Cortical
4.255,-76.354,4627742.80335215,2028984.46010806,120,3.3,SGC,"Trujillo - Valle Del Cauca, Colombia",2014/01/28 08:18:03+00,3.3,MW,directa,1745,Subducción intraplaca
3.012,-75.983,4668504.94699671,1891289.62860309,4,3.1,SGC,"Toribío - Cauca, Colombia",2014/01/29 02:06:23+00,3.1,MW,directa,1746,Cortical
3.028,-75.776,4691531.68845571,1892998.68203066,4,3.4,SGC,"Santa María - Huila, Colombia",2014/02/01 01:41:56+00,3.4,MW,directa,1747,Subducción interplaca
4.849,-74.662,4815766.61454054,2094033.99881585,4,3.5,SGC,"San Juan De Rioseco - Cundinamarca, Colombia",2014/02/02 11:40:15+00,3.5,MW,directa,1748,Cortical
1.398,-74.776,4802481.3468088,1712583.71491126,1,3.0698,SGC,"Cartagena Del Chairá - Caquetá, Colombia",2014/02/12 01:36:36+00,3.1,ML,convertida,1749,Cortical
4.143,-76.414,4621021.52247516,2016616.72182695,125,3.4,SGC,"Trujillo - Valle Del Cauca, Colombia",2014/02/13 04:43:02+00,3.4,MW,directa,1750,Subducción intraplaca
4.441,-75.685,4702128.52233244,2049267.63329029,164,3.1,SGC,"Córdoba - Quindío, Colombia",2014/02/17 03:28:44+00,3.1,MW,directa,1751,Subducción intraplaca
4.124,-75.929,4674902.88542427,2014298.91371348,172,3.7,SGC,"Sevilla - Valle Del Cauca, Colombia",2014/03/02 10:48:03+00,3.7,MW,directa,1752,Subducción intraplaca
3.25,-76.408,4621308.85467547,1917771.37117161,56,3.5,SGC,"Puerto Tejada - Cauca, Colombia",2014/03/19 11:21:42+00,3.5,MW,directa,1753,Subducción intraplaca
3.579,-74.045,4883982.95434714,1953549.47981298,15,3.1,SGC,"Lejanías - Meta, Colombia",2014/03/19 15:32:47+00,3.1,MW,directa,1754,Cortical
3.772,-76.339,4629191.22320547,1975519.48633631,139,3.5,SGC,"Guacarí - Valle Del Cauca, Colombia",2014/03/24 19:15:38+00,3.5,MW,directa,1755,Subducción intraplaca
1.771,-76.488,4611971.42087525,1754085.89975034,4,3.2,SGC,"Santa Rosa - Cauca, Colombia",2014/03/24 23:13:05+00,3.2,MW,directa,1756,Cortical
3.572,-76.372,4625438.70514813,1953397.29834939,122,3.6,SGC,"Palmira - Valle Del Cauca, Colombia",2014/03/30 18:40:43+00,3.6,MW,directa,1757,Subducción intraplaca
3.608,-76.916,4564940.76042071,1957624.36360452,105,3.9,SGC,"Dagua - Valle Del Cauca, Colombia",2014/03/31 05:58:57+00,3.9,MW,directa,1758,Subducción intraplaca
1.939,-75.904,4677031.60860794,1772559.46523051,8,3.5,SGC,"Timaná - Huila, Colombia",2014/04/07 19:11:25+00,3.5,MW,directa,1759,Cortical
1.938,-75.903,4677142.72953433,1772448.64452017,8,3.1,SGC,"Timaná - Huila, Colombia",2014/04/08 01:13:44+00,3.1,MW,directa,1760,Cortical
4.242,-75.879,4680505.09802015,2027333.08492008,172,3.5,SGC,"Sevilla - Valle Del Cauca, Colombia",2014/04/16 16:44:14+00,3.5,MW,directa,1761,Subducción intraplaca
3.909,-76.785,4579660.66954685,1990892.85492742,27,3.8,SGC,"Buenaventura - Valle Del Cauca, Colombia",2014/04/17 16:32:24+00,3.8,MW,directa,1762,Cortical
2.349,-75.656,4704712.41977875,1817862.84396826,0,3,SGC,"Gigante - Huila, Colombia",2014/04/18 09:23:10+00,3,MW,directa,1763,Cortical
1.948,-76.024,4663675.38015659,1773578.64447153,5,3.4,SGC,"Saladoblanco - Huila, Colombia",2014/04/22 17:19:02+00,3.4,MW,directa,1764,Cortical
4.449,-76.226,4642056.48736316,2050393.14564124,99,3.3,SGC,"El Dovio - Valle Del Cauca, Colombia",2014/04/24 01:13:03+00,3.3,MW,directa,1765,Subducción intraplaca
2.454,-75.243,4750673.52016341,1829392.43090228,4,3,SGC,"Algeciras - Huila, Colombia",2014/04/26 16:47:44+00,3,MW,directa,1766,Cortical
2.473,-75.275,4747118.2019509,1831499.37246131,3,3.2,SGC,"Algeciras - Huila, Colombia",2014/04/28 21:45:29+00,3.2,MW,directa,1767,Cortical
4.389,-73.786,4912824.83188315,2043027.05481162,5,3.2,SGC,"El Calvario - Meta, Colombia",2014/05/03 00:56:27+00,3.2,MW,directa,1768,Cortical
2.112,-75.674,4702662.11945776,1791652.478825,3,3.1,SGC,"Garzón - Huila, Colombia",2014/05/08 21:14:42+00,3.1,MW,directa,1769,Cortical
5.032,-75.939,4674203.65291484,2114761.8927964,112,3.2,SGC,"Santuario - Risaralda, Colombia",2014/05/09 10:42:22+00,3.2,MW,directa,1770,Subducción intraplaca
3.843,-76.012,4665568.51066443,1983242.48230989,173,3.4,SGC,"San Pedro - Valle Del Cauca, Colombia",2014/05/11 10:46:26+00,3.4,MW,directa,1771,Subducción intraplaca
4.673,-76.657,4594299.71296992,2075417.11772167,13,3.4,SGC,"Sipí - Chocó, Colombia",2014/05/15 08:03:35+00,3.4,MW,directa,1772,Subducción interplaca
5.04,-75.938,4674318.58976857,2115646.5013629,100,3.4,SGC,"Santuario - Risaralda, Colombia",2014/05/31 02:02:20+00,3.4,MW,directa,1773,Subducción intraplaca
2.567,-76.928,4563179.11253975,1842339.95330631,131,4.1,SGC,"El Tambo - Cauca, Colombia",2014/06/02 07:52:21+00,4.1,MW,directa,1774,Subducción intraplaca
3.194,-76.325,4630521.93174407,1911542.73881463,141,4.5,SGC,"Padilla - Cauca, Colombia",2014/06/04 13:53:49+00,4.5,MW,directa,1775,Subducción intraplaca
4.189,-73.705,4921788.67136458,2020918.03841104,0,4.3,SGC,"Villavicencio - Meta, Colombia",2014/06/12 01:30:41+00,4.3,MW,directa,1776,Cortical
4.207,-73.749,4916909.03164058,2022911.58412608,4,3.2,SGC,"Guayabetal - Cundinamarca, Colombia",2014/06/12 04:21:33+00,3.2,MW,directa,1777,Cortical
4.597,-76.659,4594034.05346079,2067003.75965225,4,3.4,SGC,"Sipí - Chocó, Colombia",2014/06/15 00:33:01+00,3.4,MW,directa,1778,Subducción interplaca
4.505,-75.291,4745885.7863406,2056197.63190302,180,4.1,SGC,"Ibagué - Tolima, Colombia",2014/06/21 07:31:30+00,4.1,MW,directa,1779,Subducción intraplaca
4.236,-74.973,4781094.77164387,2026354.48619185,8,3.1,SGC,"Coello - Tolima, Colombia",2014/06/22 04:51:39+00,3.1,MW,directa,1780,Cortical
4.183,-76.322,4631264.40856909,2021000.32710483,127,3.9,SGC,"Trujillo - Valle Del Cauca, Colombia",2014/07/04 05:16:58+00,3.9,MW,directa,1781,Subducción intraplaca
5.099,-76.009,4666471.36955047,2122210.54363723,109,3.8,SGC,"Santuario - Risaralda, Colombia",2014/07/05 20:27:56+00,3.8,MW,directa,1782,Subducción intraplaca
4.069,-76.011,4665770.38990169,2008247.50115297,4,3.3,SGC,"Tuluá - Valle Del Cauca, Colombia",2014/07/18 06:36:29+00,3.3,MW,directa,1783,Subducción interplaca
4.803,-76.018,4665323.83603144,2089463.91797883,32,3.5,SGC,"Ansermanuevo - Valle Del Cauca, Colombia",2014/07/21 08:53:27+00,3.5,MW,directa,1784,Subducción interplaca
1.935,-75.976,4669016.19826942,1772130.84480366,15,3.9,SGC,"Timaná - Huila, Colombia",2014/07/22 02:51:28+00,3.9,MW,directa,1785,Cortical
2.67,-75.054,4771730.03696219,1853239.468995,4,3.3,SGC,"Rivera - Huila, Colombia",2014/07/24 05:59:25+00,3.3,MW,directa,1786,Cortical
4.77,-76.216,4643327.62118739,2085912.13905402,117,3.8,SGC,"El Cairo - Valle Del Cauca, Colombia",2014/07/29 20:06:21+00,3.8,MW,directa,1787,Subducción intraplaca
1.92,-76.008,4665451.02954269,1770477.52890578,3,3.5,SGC,"Pitalito - Huila, Colombia",2014/08/08 11:25:05+00,3.5,MW,directa,1788,Cortical
3.399,-74.67,4814543.50765562,1933755.5198953,5,3.3,SGC,"Colombia - Huila, Colombia",2014/08/11 17:13:19+00,3.3,MW,directa,1789,Cortical
2.427,-74.033,4885195.09999517,1826244.04674501,4,3,SGC,"La Macarena - Meta, Colombia",2014/08/15 13:05:43+00,3,MW,directa,1790,Cortical
4.029,-74.075,4880713.84494151,2003282.87872142,4,3.5,SGC,"Gutiérrez - Cundinamarca, Colombia",2014/08/17 08:46:00+00,3.5,MW,directa,1791,Cortical
4.046,-76.032,4663427.62886094,2005711.38822105,163,3.5,SGC,"Tuluá - Valle Del Cauca, Colombia",2014/08/18 16:12:13+00,3.5,MW,directa,1792,Subducción intraplaca
3.631,-74.069,4881324.88488803,1959299.03851,4,3.3,SGC,"Lejanías - Meta, Colombia",2014/08/29 00:57:03+00,3.3,MW,directa,1793,Cortical
4.589,-76.663,4593585.11138456,2066120.29687362,5,3.2,SGC,"Sipí - Chocó, Colombia",2014/09/08 01:31:47+00,3.2,MW,directa,1794,Subducción interplaca
2.892,-74.873,4791891.82603903,1877748.90153483,2,3.2,SGC,"Baraya - Huila, Colombia",2014/09/16 18:48:06+00,3.2,MW,directa,1795,Cortical
3.825,-76.926,4563934.95794663,1981661.8972977,95,3.9,SGC,"Buenaventura - Valle Del Cauca, Colombia",2014/09/19 22:59:50+00,3.9,MW,directa,1796,Subducción intraplaca
4.72,-76.165,4648964.26043332,2080352.84291711,90,3.5,SGC,"Argelia - Valle Del Cauca, Colombia",2014/10/13 10:14:12+00,3.5,MW,directa,1797,Subducción intraplaca
3.876,-76.748,4583759.29996051,1987220.39108267,31,3.5,SGC,"Dagua - Valle Del Cauca, Colombia",2014/10/14 16:24:48+00,3.5,MW,directa,1798,Subducción interplaca
4.966,-75.976,4670065.38172942,2107478.11215361,114,4.7,SGC,"Balboa - Risaralda, Colombia",2014/10/18 21:20:33+00,4.7,MW,directa,1799,Subducción intraplaca
4.837,-76.422,4620492.01719498,2093438.64016254,97,4.6,SGC,"San José Del Palmar - Chocó, Colombia",2014/10/31 16:24:28+00,4.6,MW,directa,1800,Subducción intraplaca
3.7,-76.41,4621266.25254383,1967580.70580832,117,3.1,SGC,"Vijes - Valle Del Cauca, Colombia",2014/11/01 10:47:17+00,3.1,MW,directa,1801,Subducción intraplaca
3.603,-76.95,4561155.06776805,1957086.96783036,104,3.0698,SGC,"Dagua - Valle Del Cauca, Colombia",2014/11/02 14:20:10+00,3.1,ML,convertida,1802,Subducción intraplaca
3.117,-74.728,4808047.1375161,1902594.66015285,3,3.3,SGC,"Colombia - Huila, Colombia",2014/11/11 04:05:52+00,3.3,MW,directa,1803,Cortical
1.726,-76.284,4634682.81011376,1749064.22861639,4,3.1,SGC,"Palestina - Huila, Colombia",2014/11/12 04:34:55+00,3.1,MW,directa,1804,Cortical
3.876,-76.277,4636128.08549375,1987003.09269155,114,3.4,SGC,"Guadalajara De Buga - Valle Del Cauca, Colombia",2014/12/13 19:19:42+00,3.4,MW,directa,1805,Subducción intraplaca
4.849,-74.833,4796805.0740085,2094082.89975575,0,3.4,SGC,"Lérida - Tolima, Colombia",2014/12/18 16:27:01+00,3.4,MW,directa,1806,Cortical
4.633,-76.294,4634596.0953002,2070790.63628901,113,3.4,SGC,"Versalles - Valle Del Cauca, Colombia",2014/12/20 15:32:19+00,3.4,MW,directa,1807,Subducción intraplaca
4.455,-76.328,4630729.51115755,2051107.53787632,111,3.7,SGC,"El Dovio - Valle Del Cauca, Colombia",2014/12/30 19:56:16+00,3.7,MW,directa,1808,Subducción intraplaca
4.617,-74.644,4817701.73584834,2068384.18543825,0,3.1,SGC,"Jerusalén - Cundinamarca, Colombia",2015/01/07 23:21:42+00,3.1,MW,directa,1809,Cortical
4.628,-74.653,4816706.3060794,2069602.4240629,0,3.2,SGC,"Jerusalén - Cundinamarca, Colombia",2015/01/08 11:06:19+00,3.2,MW,directa,1810,Cortical
2.357,-75.382,4735195.21361954,1818692.55014288,4,3.3,SGC,"Gigante - Huila, Colombia",2015/01/09 16:59:32+00,3.3,MW,directa,1811,Cortical
4.755,-74.767,4804096.93127167,2083672.15536409,0,3,SGC,"Ambalema - Tolima, Colombia",2015/01/18 11:50:41+00,3,MW,directa,1812,Cortical
4.392,-75.87,4681567.32450997,2043923.90485147,160,3.8,SGC,"Caicedonia - Valle Del Cauca, Colombia",2015/01/21 16:09:24+00,3.8,MW,directa,1813,Subducción intraplaca
4.674,-76.186,4646609.53130068,2075272.98252909,96,5.2,SGC,"Argelia - Valle Del Cauca, Colombia",2015/02/21 17:26:45+00,5.2,MW,directa,1814,Subducción intraplaca
2.785,-76.529,4607679.69234073,1866342.57278961,139,5.7,SGC,"Caldono - Cauca, Colombia",2015/02/22 07:56:24+00,5.7,MW,directa,1815,Subducción intraplaca
4.319,-76.541,4606994.98286431,2036162.30087135,104,3.6,SGC,"Trujillo - Valle Del Cauca, Colombia",2015/02/27 20:31:17+00,3.6,MW,directa,1816,Subducción intraplaca
3.8,-74.851,4794526.42508703,1978121.8324695,42,3.5,SGC,"Prado - Tolima, Colombia",2015/03/06 00:00:57+00,3.5,MW,directa,1817,Cortical
1.981,-73.345,4961648.04840377,1776926.80081865,11,3.2,SGC,"La Macarena - Meta, Colombia",2015/03/08 04:56:25+00,3.2,MW,directa,1818,Cortical
2.503,-75.838,4684497.7698277,1834938.75016358,4,3.5,SGC,"Nátaga - Huila, Colombia",2015/03/15 08:26:06+00,3.5,MW,directa,1819,Cortical
4.914,-74.834,4796713.762355,2101268.95219226,4,3.5,SGC,"Lérida - Tolima, Colombia",2015/04/08 20:04:11+00,3.5,MW,directa,1820,Cortical
4.441,-76.515,4609947.62303589,2049654.22375144,92,3.3,SGC,"Sipí - Chocó, Colombia",2015/04/25 09:30:15+00,3.3,MW,directa,1821,Subducción intraplaca
2.064,-76.05,4660804.90474879,1786418.63542442,4,3.3,SGC,"Oporapa - Huila, Colombia",2015/05/07 15:59:41+00,3.3,MW,directa,1822,Cortical
2.458,-75.531,4718641.26088085,1829891.99018588,0,3.7,SGC,"Gigante - Huila, Colombia",2015/05/11 08:52:05+00,3.7,MW,directa,1823,Cortical
3.222,-74.517,4831508.68325475,1914163.98728833,9,4.2,SGC,"Uribe - Meta, Colombia",2015/05/12 03:45:10+00,4.2,MW,directa,1824,Cortical
3.399,-74.802,4799880.01496703,1933781.86951054,3,3.2,SGC,"Colombia - Huila, Colombia",2015/05/13 23:29:14+00,3.2,MW,directa,1825,Cortical
3.634,-76.303,4633136.68199904,1960231.19652296,11,3,SGC,"El Cerrito - Valle Del Cauca, Colombia",2015/05/16 21:29:41+00,3,MW,directa,1826,Subducción interplaca
3.552,-74.123,4875318.60200522,1950575.90426687,4,3.3,SGC,"Lejanías - Meta, Colombia",2015/05/21 17:47:12+00,3.3,MW,directa,1827,Cortical
4.778,-76.361,4627232.70065837,2086874.52313774,94,3.6,SGC,"El Cairo - Valle Del Cauca, Colombia",2015/05/23 15:50:56+00,3.6,MW,directa,1828,Subducción intraplaca
4.075,-76.619,4598201.60063361,2009189.50380216,58,3.3,SGC,"Darién - Valle Del Cauca, Colombia",2015/06/09 09:47:51+00,3.3,MW,directa,1829,Subducción intraplaca
4.233,-76.26,4638176.89213651,2026504.93752262,137,3.6,SGC,"Trujillo - Valle Del Cauca, Colombia",2015/06/11 04:43:34+00,3.6,MW,directa,1830,Subducción intraplaca
4.237,-76.168,4648400.18315646,2026905.21107409,147,3.6,SGC,"Bugalagrande - Valle Del Cauca, Colombia",2015/06/18 19:45:42+00,3.6,MW,directa,1831,Subducción intraplaca
1.968,-75.068,4770060.08103731,1775629.02848819,4,3.2,SGC,"Puerto Rico - Caquetá, Colombia",2015/06/23 17:30:05+00,3.2,MW,directa,1832,Cortical
1.925,-76.038,4662112.29408965,1771036.65447674,4,3.3,SGC,"Saladoblanco - Huila, Colombia",2015/06/28 19:02:56+00,3.3,MW,directa,1833,Cortical
4.684,-74.709,4810509.91165262,2075807.48293902,2,3.3,SGC,"Pulí - Cundinamarca, Colombia",2015/07/01 04:30:53+00,3.3,MW,directa,1834,Cortical
2.006,-76.142,4650550.77782519,1780020.63998181,4,3.2,SGC,"Saladoblanco - Huila, Colombia",2015/07/04 03:47:27+00,3.2,MW,directa,1835,Cortical
3.605,-74.302,4855450.20193241,1956459.45634616,9,3.5,SGC,"Lejanías - Meta, Colombia",2015/07/04 16:09:59+00,3.5,MW,directa,1836,Cortical
3.63,-74.199,4866890.78860148,1959206.61858576,1,3.3,SGC,"Lejanías - Meta, Colombia",2015/07/06 03:22:49+00,3.3,MW,directa,1837,Cortical
4.006,-76.912,4565585.97889155,2001700.23070278,85,3.2,SGC,"Buenaventura - Valle Del Cauca, Colombia",2015/07/08 19:33:19+00,3.2,MW,directa,1838,Subducción intraplaca
2.641,-75.06,4771057.59996035,1850034.350303,5,3.9,SGC,"Rivera - Huila, Colombia",2015/07/20 15:47:19+00,3.9,MW,directa,1839,Cortical
3.726,-74.253,4860909.83071445,1969824.35247331,3,3.3,SGC,"Lejanías - Meta, Colombia",2015/07/21 01:04:32+00,3.3,MW,directa,1840,Cortical
4.149,-73.755,4916237.2249183,2016503.15192845,4,4.1,SGC,"Guayabetal - Cundinamarca, Colombia",2015/07/24 03:41:23+00,4.1,MW,directa,1841,Cortical
5.025,-75.526,4720014.68886924,2113795.89253433,3,3.8,SGC,"Villamaría - Caldas, Colombia",2015/07/26 19:45:34+00,3.8,MW,directa,1842,Subducción interplaca
3.742,-77.015,4553991.0599953,1972514.50399897,17,3.4,SGC,"Buenaventura - Valle Del Cauca, Colombia",2015/07/29 00:11:10+00,3.4,MW,directa,1843,Cortical
3.788,-77.009,4554682.11061776,1977606.45844612,28,3,SGC,"Buenaventura - Valle Del Cauca, Colombia",2015/08/05 15:23:33+00,3,MW,directa,1844,Cortical
2.022,-75.983,4668254.28550685,1781757.69437016,6,3,SGC,"Oporapa - Huila, Colombia",2015/08/12 02:53:43+00,3,MW,directa,1845,Cortical
3.659,-73.942,4895428.3880798,1962377.51175477,0,3.5,SGC,"El Dorado - Meta, Colombia",2015/08/18 18:33:04+00,3.5,MW,directa,1846,Cortical
4.432,-75.688,4701791.84664461,2048273.32179504,1,4.1,SGC,"Córdoba - Quindío, Colombia",2015/08/21 09:16:16+00,4.1,MW,directa,1847,Subducción interplaca
3.662,-76.117,4653827.36864832,1963255.98876968,166,3.7,SGC,"Ginebra - Valle Del Cauca, Colombia",2015/08/24 16:19:17+00,3.7,MW,directa,1848,Subducción intraplaca
1.872,-76.016,4664551.18859652,1765168.33203763,7,3.6,SGC,"Pitalito - Huila, Colombia",2015/09/02 22:53:19+00,3.6,MW,directa,1849,Cortical
4.002,-76.412,4621177.71429409,2001008.90453883,136,4.9,SGC,"Darién - Valle Del Cauca, Colombia",2015/09/05 18:14:53+00,4.9,MW,directa,1850,Subducción intraplaca
4.166,-76.208,4643923.93113324,2019066.32087738,142,3.2,SGC,"Andalucía - Valle Del Cauca, Colombia",2015/09/07 06:14:27+00,3.2,MW,directa,1851,Subducción intraplaca
1.898,-76.023,4663776.89866549,1768046.35865494,6,3.1,SGC,"Pitalito - Huila, Colombia",2015/09/09 01:16:17+00,3.1,MW,directa,1852,Cortical
4.105,-75.872,4681227.22939087,2012173.87213351,0,4.7,SGC,"Génova - Quindío, Colombia",2015/09/17 23:35:09+00,4.7,MW,directa,1853,Subducción interplaca
3.443,-76.266,4637176.28861327,1939078.33314002,153,3.7,SGC,"Pradera - Valle Del Cauca, Colombia",2015/09/24 19:06:40+00,3.7,MW,directa,1854,Subducción intraplaca
1.594,-76.652,4593665.93247459,1734524.97365569,2,3.4,SGC,"Santa Rosa - Cauca, Colombia",2015/09/26 09:49:29+00,3.4,MW,directa,1855,Cortical
3.12,-74.728,4808047.68177122,1902926.27837595,4,3.2,SGC,"Colombia - Huila, Colombia",2015/10/08 04:13:50+00,3.2,MW,directa,1856,Cortical
4.456,-76.775,4581064.30317652,2051457.71454824,18,3.7,SGC,"Sipí - Chocó, Colombia",2015/10/10 10:51:45+00,3.7,MW,directa,1857,Cortical
3.705,-76.905,4566211.49917742,1968361.56433214,100,3.6,SGC,"Buenaventura - Valle Del Cauca, Colombia",2015/10/18 07:35:08+00,3.6,MW,directa,1858,Subducción intraplaca
4.614,-76.317,4632032.05207288,2068699.684229,115,3.3,SGC,"Versalles - Valle Del Cauca, Colombia",2015/10/22 01:40:19+00,3.3,MW,directa,1859,Subducción intraplaca
3.01,-76.761,4581934.92737531,1891336.20519364,47,3.4,SGC,"Suárez - Cauca, Colombia",2015/10/28 23:53:53+00,3.4,MW,directa,1860,Cortical
4.965,-76.054,4661409.36596564,2107406.92668486,110,3.7,SGC,"El Águila - Valle Del Cauca, Colombia",2015/10/30 02:42:29+00,3.7,MW,directa,1861,Subducción intraplaca
1.694,-76.286,4634454.01410029,1745523.18447728,0,3.2,SGC,"Palestina - Huila, Colombia",2015/11/04 06:48:54+00,3.2,MW,directa,1862,Cortical
3.213,-74.882,4790953.57355997,1913236.67533795,0,3.4,SGC,"Colombia - Huila, Colombia",2015/11/07 07:14:34+00,3.4,MW,directa,1863,Cortical
5.068,-74.671,4814829.72313482,2118244.87163813,1,3.2,SGC,"Guaduas - Cundinamarca, Colombia",2015/11/13 04:32:59+00,3.2,MW,directa,1864,Cortical
5.062,-74.683,4813497.85625287,2117585.0615014,12,3.8,SGC,"Guaduas - Cundinamarca, Colombia",2015/11/13 20:59:17+00,3.8,MW,directa,1865,Cortical
3.953,-76.606,4599587.24228127,1995676.42948651,30,3.3,SGC,"Darién - Valle Del Cauca, Colombia",2015/11/16 13:05:31+00,3.3,MW,directa,1866,Subducción interplaca
4.679,-76.21,4643947.22707832,2075838.44395253,121,3.7,SGC,"El Cairo - Valle Del Cauca, Colombia",2015/12/04 00:41:54+00,3.7,MW,directa,1867,Subducción intraplaca
4.387,-76.328,4630695.77491812,2043581.42813794,125,3.6,SGC,"Bolívar - Valle Del Cauca, Colombia",2015/12/04 19:13:56+00,3.6,MW,directa,1868,Subducción intraplaca
4.553,-74.963,4782296.74961565,2061398.20086541,6,3.1,SGC,"Alvarado - Tolima, Colombia",2015/12/06 20:37:48+00,3.1,MW,directa,1869,Cortical
3.727,-77.228,4530279.94834896,1970964.10638724,37,3.4,SGC,"Buenaventura - Valle Del Cauca, Colombia",2015/12/10 21:11:15+00,3.4,MW,directa,1870,Cortical
4.078,-75.086,4768505.87742136,2008918.10480417,1,3.3,SGC,"San Luis - Tolima, Colombia",2015/12/12 08:56:55+00,3.3,MW,directa,1871,Cortical
4.408,-76.29,4634927.47718167,2045886.90802055,105,3.6,SGC,"El Dovio - Valle Del Cauca, Colombia",2015/12/16 01:40:47+00,3.6,MW,directa,1872,Subducción intraplaca
4.09,-76.116,4654112.81943985,2010615.55078972,4,3.3,SGC,"Tuluá - Valle Del Cauca, Colombia",2015/12/25 10:17:14+00,3.3,MW,directa,1873,Subducción interplaca
2.37,-76.36,4626368.36349115,1820355.84655956,6,3.7404,SGC,"Coconuco - Cauca, Colombia",2015/12/25 12:35:59+00,3.8,ML,convertida,1874,Cortical
2.489,-75.485,4723764.52235764,1833310.73615256,1,3.2,SGC,"Hobo - Huila, Colombia",2015/12/25 17:17:17+00,3.2,MW,directa,1875,Cortical
4.357,-73.744,4917479.81354197,2039486.24540487,4,3.7,SGC,"El Calvario - Meta, Colombia",2015/12/26 02:20:22+00,3.7,MW,directa,1876,Cortical
4.165,-76.721,4586907.97382656,2019206.36379011,91,3.2,SGC,"Darién - Valle Del Cauca, Colombia",2015/12/28 08:50:09+00,3.2,MW,directa,1877,Subducción intraplaca
2.653,-75.064,4770615.06712695,1851361.80918058,0,3.6,SGC,"Rivera - Huila, Colombia",2016/01/05 08:21:07+00,3.6,MW,directa,1878,Cortical
4.414,-75.479,4724986.779817,2046201.70502401,1,3,SGC,"Cajamarca - Tolima, Colombia",2016/01/16 22:01:46+00,3,MW,directa,1879,Subducción interplaca
4.187,-73.702,4922121.30439783,2020696.73989234,0,3.2,SGC,"Villavicencio - Meta, Colombia",2016/02/04 09:07:40+00,3.2,MW,directa,1880,Cortical
3.77,-76.704,4588601.97756904,1975462.36805336,48,3.8,SGC,"Dagua - Valle Del Cauca, Colombia",2016/02/16 06:10:43+00,3.8,MW,directa,1881,Subducción interplaca
3.545,-73.131,4985456.49555063,1949727.79358727,4,4.3,SGC,"San Carlos De Guaroa - Meta, Colombia",2016/02/17 09:49:57+00,4.3,MW,directa,1882,Cortical
1.976,-76.14,4650767.11216755,1776700.59227208,4,3.3,SGC,"San José De Isnos - Huila, Colombia",2016/02/20 11:01:12+00,3.3,MW,directa,1883,Cortical
3.841,-76.844,4573064.545874,1983392.40236826,36,3.3,SGC,"Buenaventura - Valle Del Cauca, Colombia",2016/02/24 02:01:18+00,3.3,MW,directa,1884,Cortical
3.434,-75.623,4708661.19990589,1937862.04514209,3,3.3,SGC,"Rioblanco - Tolima, Colombia",2016/02/27 00:09:37+00,3.3,MW,directa,1885,Subducción interplaca
4.04,-74.048,4883711.77122899,2004494.58495425,0,3.3,SGC,"Gutiérrez - Cundinamarca, Colombia",2016/02/29 21:05:46+00,3.3,MW,directa,1886,Cortical
4.168,-76.253,4638924.69796255,2019308.16230359,144,3.6,SGC,"Riofrío - Valle Del Cauca, Colombia",2016/03/01 01:49:20+00,3.6,MW,directa,1887,Subducción intraplaca
3.502,-74.577,4824892.87331744,1945122.92288011,0,4,SGC,"Colombia - Huila, Colombia",2016/03/13 08:17:46+00,4,MW,directa,1888,Cortical
2.389,-75.672,4702940.82293993,1822290.57343152,4,3.5,SGC,"Tesalia - Huila, Colombia",2016/03/14 23:41:48+00,3.5,MW,directa,1889,Cortical
3.972,-76.365,4626388.4129022,1997666.87258971,112,3.9,SGC,"Guadalajara De Buga - Valle Del Cauca, Colombia",2016/03/16 16:51:06+00,3.9,MW,directa,1890,Subducción intraplaca
3.446,-74.331,4852204.90344563,1938891.46042636,0,3.1,SGC,"Uribe - Meta, Colombia",2016/04/04 04:47:00+00,3.1,MW,directa,1891,Cortical
4.036,-76.387,4623972.2250714,2004760.63938679,132,3.7,SGC,"Darién - Valle Del Cauca, Colombia",2016/04/04 23:35:02+00,3.7,MW,directa,1892,Subducción intraplaca
4.145,-76.26,4638136.37048523,2016765.96787182,142,3.7,SGC,"Riofrío - Valle Del Cauca, Colombia",2016/04/05 07:20:55+00,3.7,MW,directa,1893,Subducción intraplaca
3.952,-73.966,4892800.12859564,1994758.71212005,0,3.3,SGC,"Acacías - Meta, Colombia",2016/04/07 14:13:05+00,3.3,MW,directa,1894,Cortical
2.024,-75.803,4688289.4134115,1781943.21096111,4,3.0698,SGC,"Altamira - Huila, Colombia",2016/04/18 09:14:14+00,3.1,ML,convertida,1895,Cortical
2.284,-75.77,4692014.4060632,1810697.35295091,2,3.2,SGC,"Agrado - Huila, Colombia",2016/04/22 17:54:05+00,3.2,MW,directa,1896,Cortical
3.118,-74.52,4831158.53150159,1902669.5589704,3,3.4,SGC,"Uribe - Meta, Colombia",2016/05/19 22:56:08+00,3.4,MW,directa,1897,Cortical
3.659,-76.121,4653381.53591401,1962925.57376325,159,3.6,SGC,"Ginebra - Valle Del Cauca, Colombia",2016/05/23 05:31:56+00,3.6,MW,directa,1898,Subducción intraplaca
4.352,-76.407,4621901.4932449,2039746.89060983,119,3.7,SGC,"Trujillo - Valle Del Cauca, Colombia",2016/05/25 13:05:29+00,3.7,MW,directa,1899,Subducción intraplaca
4.674,-74.586,4824148.97442409,2074670.08978666,4,3,SGC,"Quipile - Cundinamarca, Colombia",2016/05/26 11:33:29+00,3,MW,directa,1900,Cortical
3.946,-76.346,4628488.74270667,1994780.63473686,142,4.2,SGC,"Guadalajara De Buga - Valle Del Cauca, Colombia",2016/05/27 12:10:59+00,4.2,MW,directa,1901,Subducción intraplaca
4.537,-76.204,4644542.76404142,2060120.98607112,64,3.9,SGC,"Versalles - Valle Del Cauca, Colombia",2016/06/07 22:49:30+00,3.9,MW,directa,1902,Subducción intraplaca
4.232,-76.399,4622731.30692356,2026460.57675195,123,3.9,SGC,"Trujillo - Valle Del Cauca, Colombia",2016/06/17 16:53:43+00,3.9,MW,directa,1903,Subducción intraplaca
2.041,-75.88,4679722.75102094,1783838.902318,2,3.6,SGC,"Elías - Huila, Colombia",2016/06/17 23:18:11+00,3.6,MW,directa,1904,Cortical
3.725,-76.844,4573007.59716274,1970546.64664038,105,4.3,SGC,"Dagua - Valle Del Cauca, Colombia",2016/07/10 19:50:39+00,4.3,MW,directa,1905,Subducción intraplaca
2.372,-75.554,4716064.89532854,1820385.43498018,1,3.3,SGC,"Gigante - Huila, Colombia",2016/07/16 08:01:02+00,3.3,MW,directa,1906,Cortical
2.285,-75.697,4700137.30358964,1810792.50769223,1,3.7,SGC,"Agrado - Huila, Colombia",2016/07/20 02:24:54+00,3.7,MW,directa,1907,Cortical
3.925,-76.221,4642373.57722638,1992401.80706031,124,3.1656,SGC,"San Pedro - Valle Del Cauca, Colombia",2016/07/21 07:49:27+00,3.2,ML,convertida,1908,Subducción intraplaca
4.053,-76.446,4617422.17006092,2006669.9400972,132,3.9,SGC,"Darién - Valle Del Cauca, Colombia",2016/08/14 04:06:23+00,3.9,MW,directa,1909,Subducción intraplaca
4.826,-74.611,4821415.45792596,2091477.98951336,2,3.5,SGC,"San Juan De Rioseco - Cundinamarca, Colombia",2016/08/25 05:54:21+00,3.5,MW,directa,1910,Cortical
4.563,-75.192,4756891.56992308,2062577.0997109,6,4,SGC,"Anzoátegui - Tolima, Colombia",2016/10/07 15:34:38+00,4,MW,directa,1911,Cortical
3.381,-74.472,4836533.90193937,1931730.28620196,0,3.3,SGC,"Uribe - Meta, Colombia",2016/10/15 13:18:58+00,3.3,MW,directa,1912,Cortical
3.405,-74.636,4818321.42936471,1934412.26642595,13,5.3,SGC,"Colombia - Huila, Colombia",2016/10/30 19:20:12+00,5.3,MW,directa,1913,Cortical
3.417,-74.615,4820656.3359067,1935734.73836136,0,4.8,SGC,"Colombia - Huila, Colombia",2016/10/30 21:05:58+00,4.8,MW,directa,1914,Cortical
4.627,-75.906,4677673.42650716,2069938.37057746,17,3.3,SGC,"Obando - Valle Del Cauca, Colombia",2016/11/06 10:12:51+00,3.3,MW,directa,1915,Subducción interplaca
3.835,-76.443,4617655.77428294,1982538.03587597,132,3.6,SGC,"Yotoco - Valle Del Cauca, Colombia",2016/11/08 04:57:28+00,3.6,MW,directa,1916,Subducción intraplaca
3.83,-75.997,4667230.48807327,1981798.27502138,177,3.5,SGC,"San Pedro - Valle Del Cauca, Colombia",2016/11/09 21:09:54+00,3.5,MW,directa,1917,Subducción intraplaca
4.068,-76.53,4608092.03769894,2008370.67780431,66,3.5,SGC,"Darién - Valle Del Cauca, Colombia",2016/11/21 23:41:38+00,3.5,MW,directa,1918,Subducción intraplaca
5.015,-75.9,4678522.25592932,2112861.74586439,114,3.8,SGC,"Viterbo - Caldas, Colombia",2016/11/30 12:12:35+00,3.8,MW,directa,1919,Subducción intraplaca
5.075,-75.625,4709056.2400462,2119369.62900761,120,3.4,SGC,"Palestina - Caldas, Colombia",2016/12/11 20:43:28+00,3.4,MW,directa,1920,Subducción intraplaca
3.431,-74.645,4817326.62203184,1937287.88467526,0,4.2,SGC,"Colombia - Huila, Colombia",2016/12/16 14:45:18+00,4.2,MW,directa,1921,Cortical
3.861,-76.291,4634565.40778981,1985349.03490154,145,3.7,SGC,"Guadalajara De Buga - Valle Del Cauca, Colombia",2016/12/16 20:38:22+00,3.7,MW,directa,1922,Subducción intraplaca
4.833,-76.268,4637587.68895606,2092911.68432037,101,3.7,SGC,"San José Del Palmar - Chocó, Colombia",2016/12/17 21:02:54+00,3.7,MW,directa,1923,Subducción intraplaca
3.751,-76.523,4608722.86633743,1973275.49445076,128,3.3,SGC,"Restrepo - Valle Del Cauca, Colombia",2016/12/24 14:17:46+00,3.3,MW,directa,1924,Subducción intraplaca
1.817,-77.077,4546355.20929765,1759315.35094042,150,4.8,SGC,"Mercaderes - Cauca, Colombia",2016/12/28 00:05:05+00,4.8,MW,directa,1925,Subducción intraplaca
4.464,-76.458,4616292.45148003,2052170.28457723,96,3.4,SGC,"El Dovio - Valle Del Cauca, Colombia",2017/01/05 12:03:53+00,3.4,MW,directa,1926,Subducción intraplaca
4.757,-76.187,4646540.54264028,2084458.53930159,105,3.6,SGC,"El Cairo - Valle Del Cauca, Colombia",2017/01/13 12:04:06+00,3.6,MW,directa,1927,Subducción intraplaca
3.732,-74.154,4871901.81311353,1970472.42448171,0,3.2,SGC,"Lejanías - Meta, Colombia",2017/01/17 13:45:15+00,3.2,MW,directa,1928,Cortical
4.453,-74.348,4850497.24961022,2050189.37255702,25,3.8,SGC,"Granada - Cundinamarca, Colombia",2017/01/21 01:34:06+00,3.8,MW,directa,1929,Cortical
4.116,-76.82,4575875.1555432,2013832.9498074,88,4.1,SGC,"Buenaventura - Valle Del Cauca, Colombia",2017/01/24 14:35:39+00,4.1,MW,directa,1930,Subducción intraplaca
3.382,-74.716,4809430.2888647,1931885.30721422,0,5.4,SGC,"Colombia - Huila, Colombia",2017/02/06 08:02:44+00,5.4,MW,directa,1931,Cortical
3.3976,-74.7661,4803867.85968615,1933619.74545831,42,5.5,SGC,"Colombia - Huila, Colombia",2017/02/06 13:02:44+00,5.5,Mwp,directa,1932,Cortical
3.38,-74.775,4802875.60140757,1931676.00487567,0,3.7,SGC,"Colombia - Huila, Colombia",2017/02/06 21:24:01+00,3.7,MW,directa,1933,Cortical
3.384,-74.823,4797543.96842662,1932128.06203466,24,3.7,SGC,"Colombia - Huila, Colombia",2017/02/09 10:32:23+00,3.7,MW,directa,1934,Cortical
3.563,-76.573,4603079.64838229,1952485.47069578,134,3.7,SGC,"Yumbo - Valle Del Cauca, Colombia",2017/02/15 06:37:48+00,3.7,MW,directa,1935,Subducción intraplaca
3.425,-74.804,4799663.22052557,1936656.4415578,26,3.6,SGC,"Colombia - Huila, Colombia",2017/02/18 00:04:27+00,3.6,MW,directa,1936,Cortical
3.409,-74.805,4799548.81018977,1934887.93727482,20,3.3,SGC,"Colombia - Huila, Colombia",2017/03/02 12:20:43+00,3.3,MW,directa,1937,Cortical
3.393,-74.825,4797323.65403887,1933123.39144176,25,3.4,SGC,"Colombia - Huila, Colombia",2017/03/06 02:30:58+00,3.4,MW,directa,1938,Cortical
3.942,-75.54,4718046.53642534,1994021.37297339,4,3.1,SGC,"San Antonio - Tolima, Colombia",2017/03/15 01:48:58+00,3.1,MW,directa,1939,Subducción interplaca
3.389,-74.784,4801877.60460866,1932672.72552629,12,3.2,SGC,"Colombia - Huila, Colombia",2017/03/15 23:19:05+00,3.2,MW,directa,1940,Cortical
2.45,-75.552,4716303.56321929,1829011.65411325,0,3.5,SGC,"Gigante - Huila, Colombia",2017/03/16 22:47:28+00,3.5,MW,directa,1941,Cortical
3.65,-74.389,4845797.14342959,1961447.24489039,2,3.4,SGC,"Cabrera - Cundinamarca, Colombia",2017/03/22 14:36:46+00,3.4,MW,directa,1942,Cortical
3.38,-74.753,4805319.60057903,1931671.56716304,0,3.3,SGC,"Colombia - Huila, Colombia",2017/03/31 01:50:05+00,3.3,MW,directa,1943,Cortical
3.618,-76.529,4607997.29256585,1958555.08682504,132,3.7,SGC,"La Cumbre - Valle Del Cauca, Colombia",2017/04/01 04:32:44+00,3.7,MW,directa,1944,Subducción intraplaca
4.721,-76.06,4660621.67809014,2080411.33319874,44,3.6,SGC,"Argelia - Valle Del Cauca, Colombia",2017/04/03 18:27:11+00,3.6,MW,directa,1945,Subducción interplaca
4.933,-76.034,4663612.59801468,2103855.97938675,112,3.7,SGC,"El Águila - Valle Del Cauca, Colombia",2017/04/09 21:06:35+00,3.7,MW,directa,1946,Subducción intraplaca
4.521,-75.777,4691947.83988625,2058155.10320378,151,4.1,SGC,"Montenegro - Quindío, Colombia",2017/04/22 21:58:55+00,4.1,MW,directa,1947,Subducción intraplaca
3.531,-74.408,4843667.15083024,1948298.22734594,0,3.7,SGC,"Uribe - Meta, Colombia",2017/04/25 05:23:07+00,3.7,MW,directa,1948,Cortical
4.351,-76.229,4641676.32704492,2039549.22303228,4,3.4,SGC,"Bolívar - Valle Del Cauca, Colombia",2017/04/27 09:26:59+00,3.4,MW,directa,1949,Subducción interplaca
3.82,-76.061,4660113.67037604,1980716.93359252,49,4.5,SGC,"Ginebra - Valle Del Cauca, Colombia",2017/04/29 05:06:34+00,4.5,MW,directa,1950,Subducción interplaca
3.802,-76.795,4578495.66166009,1979049.43930745,31,3.9,SGC,"Dagua - Valle Del Cauca, Colombia",2017/05/05 21:52:40+00,3.9,MW,directa,1951,Cortical
3.37,-75.107,4765987.30150871,1930644.06261902,2,3.6,SGC,"Alpujarra - Tolima, Colombia",2017/05/11 09:45:16+00,3.6,MW,directa,1952,Cortical
4.833,-76.234,4641362.1954971,2092893.620511,110,4.2,SGC,"San José Del Palmar - Chocó, Colombia",2017/05/16 03:14:21+00,4.2,MW,directa,1953,Subducción intraplaca
4.207,-76.07,4659274.12539556,2023541.88112755,3,4.1,SGC,"Bugalagrande - Valle Del Cauca, Colombia",2017/05/17 12:23:03+00,4.1,MW,directa,1954,Subducción interplaca
3.483,-74.13,4874532.09661006,1942951.55998201,0,4.7,SGC,"Lejanías - Meta, Colombia",2017/07/02 14:26:28+00,4.7,MW,directa,1955,Cortical
3.5095,-74.1631,4870860.01493283,1945884.61564453,17,4.7,SGC,"Mesetas - Meta, Colombia",2017/07/02 19:26:27+00,4.7,Mw,directa,1956,Cortical
3.564,-74.395,4845116.34701673,1951943.30401301,0,3.4,SGC,"Uribe - Meta, Colombia",2017/07/03 00:03:54+00,3.4,MW,directa,1957,Cortical
4.23,-76.264,4637731.06182717,2026174.79535742,110,3.6,SGC,"Trujillo - Valle Del Cauca, Colombia",2017/07/11 05:27:47+00,3.6,MW,directa,1958,Subducción intraplaca
3.131,-75.92,4675548.13787935,1904435.94550905,2,3.3,SGC,"Planadas - Tolima, Colombia",2017/07/14 03:34:06+00,3.3,MW,directa,1959,Subducción interplaca
2.238,-75.683,4701685.40902143,1805590.9558196,1,3.8,SGC,"Garzón - Huila, Colombia",2017/07/17 10:15:46+00,3.8,MW,directa,1960,Cortical
2.384,-75.376,4735867.73670023,1821677.1534684,2,3.3,SGC,"Algeciras - Huila, Colombia",2017/07/28 10:53:11+00,3.3,MW,directa,1961,Cortical
4.838,-75.338,4740792.21855357,2093038.87095761,4,3.7404,SGC,"Murillo - Tolima, Colombia",2017/07/30 00:40:40+00,3.8,ML,convertida,1962,Subducción interplaca
3.211,-75.462,4726493.51611181,1913152.51898148,3,3.4,SGC,"Planadas - Tolima, Colombia",2017/08/05 06:13:15+00,3.4,MW,directa,1963,Cortical
3.932,-76.217,4642821.14503173,1993174.75007245,114,4.1,SGC,"San Pedro - Valle Del Cauca, Colombia",2017/08/05 14:05:04+00,4.1,MW,directa,1964,Subducción intraplaca
4.788,-76.393,4623684.9601242,2087998.84937694,18,3.5,SGC,"El Cairo - Valle Del Cauca, Colombia",2017/08/23 10:00:18+00,3.5,MW,directa,1965,Subducción interplaca
4.783,-76.383,4624792.60600327,2087439.93731913,18,3.6,SGC,"El Cairo - Valle Del Cauca, Colombia",2017/08/23 13:25:05+00,3.6,MW,directa,1966,Subducción interplaca
3.864,-73.658,4926974.03567182,1985001.47795859,2,4,SGC,"Castilla La Nueva - Meta, Colombia",2017/08/24 17:22:18+00,4,MW,directa,1967,Cortical
4.533,-75.713,4699057.65574268,2059455.6431958,1,3.5,SGC,"Armenia - Quindío, Colombia",2017/09/04 05:59:46+00,3.5,MW,directa,1968,Subducción interplaca
3.286,-74.386,4846071.37982174,1921216.65230854,0,3.2,SGC,"Uribe - Meta, Colombia",2017/09/11 22:40:32+00,3.2,MW,directa,1969,Cortical
3.622,-77.307,4521430.71047968,1959372.46423138,64,3.9,SGC,"Buenaventura - Valle Del Cauca, Colombia",2017/09/17 17:22:25+00,3.9,MW,directa,1970,Subducción intraplaca
1.846,-76.085,4656864.39197751,1762304.85520298,2,3.7,SGC,"Pitalito - Huila, Colombia",2017/09/23 08:14:47+00,3.7,MW,directa,1971,Cortical
3.413,-74.808,4799216.37030219,1935330.74133633,23,3.6,SGC,"Colombia - Huila, Colombia",2017/09/26 09:11:57+00,3.6,MW,directa,1972,Cortical
3.425,-77.093,4545154.72199777,1937439.81419424,92,3.8,SGC,"Buenaventura - Valle Del Cauca, Colombia",2017/09/29 05:17:23+00,3.8,MW,directa,1973,Subducción intraplaca
4.492,-76.514,4610085.72908389,2055299.37173556,90,3.6,SGC,"Sipí - Chocó, Colombia",2017/10/12 20:20:08+00,3.6,MW,directa,1974,Subducción intraplaca
4.304,-75.947,4672978.60457162,2034221.04759316,158,3.5,SGC,"Sevilla - Valle Del Cauca, Colombia",2017/10/22 12:31:42+00,3.5,MW,directa,1975,Subducción intraplaca
4.14,-76.212,4643467.7886221,2016190.84641983,148,3.7,SGC,"Andalucía - Valle Del Cauca, Colombia",2017/10/23 17:04:10+00,3.7,MW,directa,1976,Subducción intraplaca
4.639,-76.292,4634821.28574921,2071453.65118837,116,3.5,SGC,"Versalles - Valle Del Cauca, Colombia",2017/10/29 15:36:19+00,3.5,MW,directa,1977,Subducción intraplaca
2.533,-76.124,4652680.75024729,1838330.71459679,170,5.2,SGC,"Inzá - Cauca, Colombia",2017/11/03 19:16:36+00,5.2,MW,directa,1978,Subducción intraplaca
2.73,-75.056,4771518.8907193,1859873.41752465,2,4.8,SGC,"Rivera - Huila, Colombia",2017/11/11 09:45:20+00,4.8,MW,directa,1979,Cortical
3.816,-76.149,4650331.0438928,1980309.65264015,160,4.4,SGC,"Ginebra - Valle Del Cauca, Colombia",2017/11/14 21:12:18+00,4.4,MW,directa,1980,Subducción intraplaca
4.755,-76.187,4646539.52082844,2084237.21254404,89,4.2,SGC,"El Cairo - Valle Del Cauca, Colombia",2017/11/15 19:56:07+00,4.2,MW,directa,1981,Subducción intraplaca
3.839,-76.849,4572507.3866898,1983173.42735714,107,3.5,SGC,"Buenaventura - Valle Del Cauca, Colombia",2017/11/17 10:27:57+00,3.5,MW,directa,1982,Subducción intraplaca
4.509,-76.315,4632200.63254938,2057077.57266968,120,4.3,SGC,"El Dovio - Valle Del Cauca, Colombia",2017/11/26 08:45:50+00,4.3,MW,directa,1983,Subducción intraplaca
4.093,-74.074,4880834.21174789,2010355.41920565,0,4,SGC,"Gutiérrez - Cundinamarca, Colombia",2017/12/11 14:59:23+00,4,MW,directa,1984,Cortical
3.603,-74.484,4835239.71920836,1956269.30353299,10,3.2,SGC,"Villarrica - Tolima, Colombia",2017/12/14 14:15:42+00,3.2,MW,directa,1985,Cortical
4.257,-76.228,4641743.38270625,2029146.06421206,146,4.9,SGC,"Bugalagrande - Valle Del Cauca, Colombia",2017/12/21 14:26:39+00,4.9,MW,directa,1986,Subducción intraplaca
3.706,-74.302,4855466.37720702,1967621.85712429,0,3.5,SGC,"Lejanías - Meta, Colombia",2017/12/22 07:01:59+00,3.5,MW,directa,1987,Cortical
4.553,-75.809,4688409.0111035,2061708.76167334,147,3.5,SGC,"Montenegro - Quindío, Colombia",2017/12/23 04:29:05+00,3.5,MW,directa,1988,Subducción intraplaca
3.865,-76.765,4581863.21606586,1986010.76068268,103,4,SGC,"Dagua - Valle Del Cauca, Colombia",2017/12/23 23:50:43+00,4,MW,directa,1989,Subducción intraplaca
1.702,-76.323,4630334.91231462,1746415.60828123,1,3.3,SGC,"San Agustín - Huila, Colombia",2017/12/24 07:20:52+00,3.3,MW,directa,1990,Cortical
2.729,-75.758,4693453.38179332,1859919.10067898,3,3.3,SGC,"Íquira - Huila, Colombia",2017/12/27 11:32:44+00,3.3,MW,directa,1991,Cortical
3.939,-77.259,4526946.54416952,1994469.50943742,58,3.5,SGC,"Buenaventura - Valle Del Cauca, Colombia",2018/01/15 05:01:49+00,3.5,MW,directa,1992,Subducción intraplaca
4.399,-76.324,4631146.05518158,2044907.58368546,124,3.6,SGC,"El Dovio - Valle Del Cauca, Colombia",2018/01/19 02:27:36+00,3.6,MW,directa,1993,Subducción intraplaca
2.275,-76.55,4605187.51126745,1809892.08788936,8,3.5,SGC,"Paispamba - Cauca, Colombia",2018/01/22 06:07:00+00,3.5,MW,directa,1994,Cortical
3.585,-75.23,4752375.82332769,1954447.8057731,1,3.5,SGC,"Natagaima - Tolima, Colombia",2018/01/22 18:10:04+00,3.5,MW,directa,1995,Cortical
4.267,-76.138,4651746.55513381,2030211.35996919,147,3.4,SGC,"Bugalagrande - Valle Del Cauca, Colombia",2018/01/29 09:08:59+00,3.4,MW,directa,1996,Subducción intraplaca
3.026,-74.378,4846921.97238606,1892479.92068745,0,3.3,SGC,"Uribe - Meta, Colombia",2018/02/09 17:48:37+00,3.3,MW,directa,1997,Cortical
4.176,-73.95,4894604.94948283,2019510.12808913,0,3.5,SGC,"Gutiérrez - Cundinamarca, Colombia",2018/02/17 17:20:14+00,3.5,MW,directa,1998,Cortical
4.179,-76.672,4592362.49317376,2020730.85643498,106,5.1,SGC,"Darién - Valle Del Cauca, Colombia",2018/02/18 20:50:36+00,5.1,MW,directa,1999,Subducción intraplaca
4.134,-73.96,4893489.78997616,2014870.17701715,0,3.3,SGC,"Gutiérrez - Cundinamarca, Colombia",2018/02/26 06:19:06+00,3.3,MW,directa,2000,Cortical
4.501,-75.4,4733787.34239911,2055794.19453375,0,3.8,SGC,"Cajamarca - Tolima, Colombia",2018/02/27 07:21:32+00,3.8,MW,directa,2001,Subducción interplaca
4.1958,-75.8771,4680697.22819221,2022221.16222247,173,3.0698,SGC,"Sevilla - Valle del Cauca, Colombia",2018/03/01 10:48:12+00,3.1,MLr_2,convertida,2002,Subducción intraplaca
2.9213,-76.0284,4663427.58133221,1881268.1949063,16,3.8362,SGC,"Páez (Belalcázar) - Cauca, Colombia",2018/03/21 23:31:34+00,3.9,MLr,convertida,2003,Cortical
3.7035,-77.1148,4542865.96295656,1968301.15301979,107,3.5488,SGC,"Buenaventura - Valle del Cauca, Colombia",2018/03/29 19:39:10+00,3.6,MLr_1,convertida,2004,Subducción intraplaca
4.367,-76.5306,4608175.53335194,2041470.58386344,116,4.2,SGC,"Bolívar - Valle del Cauca, Colombia",2018/04/01 10:16:58+00,4.2,Mw,directa,2005,Subducción intraplaca
4.0448,-74.0235,4886431.30121731,2005021.56458058,2,3.1656,SGC,"Guamal - Meta, Colombia",2018/04/03 05:03:03+00,3.2,MLr_3,convertida,2006,Cortical
5.1058,-75.9355,4674628.96888318,2122925.25544486,109,3.0698,SGC,"Apía - Risaralda, Colombia",2018/04/07 22:02:51+00,3.1,MLr_1,convertida,2007,Subducción intraplaca
3.6076,-77.1511,4538777.02330149,1957696.15672737,97,3.1656,SGC,"Buenaventura - Valle del Cauca, Colombia",2018/04/14 00:57:27+00,3.2,MLr_1,convertida,2008,Subducción intraplaca
2.0905,-75.1648,4759310.03412463,1789187.08451634,0,3.2614,SGC,"Puerto Rico - Caquetá, Colombia",2018/04/15 17:17:31+00,3.3,MLr_2,convertida,2009,Cortical
4.7095,-74.8331,4796752.86236154,2078661.24892728,8,3.2614,SGC,"Venadillo - Tolima, Colombia",2018/04/19 11:50:11+00,3.3,MLr_2,convertida,2010,Cortical
5.1055,-75.597,4712175.33532799,2122730.61833359,117,5.5,SGC,"Manizales - Caldas, Colombia",2018/04/23 10:42:10+00,5.5,Mwp,directa,2011,Subducción intraplaca
5.1143,-75.7988,4689797.14317637,2123797.98129529,37,3.1656,SGC,"San José - Caldas, Colombia",2018/04/24 18:25:35+00,3.2,MLr_2,convertida,2012,Subducción interplaca
1.967,-76.081,4657333.70688558,1775692.45451712,3,4.1,SGC,"Pitalito - Huila, Colombia",2018/04/30 20:58:29+00,4.1,Mw,directa,2013,Cortical
3.2845,-74.3518,4849870.10820999,1921045.66837161,4,4.1236,SGC,"Uribe - Meta, Colombia",2018/05/01 14:19:48+00,4.2,MLr_3,convertida,2014,Cortical
4.3328,-76.3391,4629436.02654981,2037588.10945705,127,3.2614,SGC,"Bolívar - Valle del Cauca, Colombia",2018/05/07 04:03:25+00,3.3,MLr_1,convertida,2015,Subducción intraplaca
2.1806,-75.9645,4670346.87962207,1799300.78346345,4,3.0698,SGC,"La Argentina - Huila, Colombia",2018/05/08 00:20:16+00,3.1,MLr_2,convertida,2016,Cortical
3.6426,-76.5836,4601935.25431848,1961302.28275335,6,3.453,SGC,"La Cumbre - Valle del Cauca, Colombia",2018/05/13 03:25:45+00,3.5,MLr_1,convertida,2017,Subducción interplaca
4.8893,-76.2838,4635863.90671352,2099151.09521371,108,3.0698,SGC,"San José del Palmar - Chocó, Colombia",2018/05/13 04:38:09+00,3.1,MLr_1,convertida,2018,Subducción intraplaca
3.8518,-76.1168,4653924.53704644,1984258.03133679,166,3.3572,SGC,"Buga - Valle del Cauca, Colombia",2018/05/21 13:54:29+00,3.4,MLr_2,convertida,2019,Subducción intraplaca
4.6606,-76.0281,4664134.02143743,2073712.77357466,49,3.0698,SGC,"Toro - Valle del Cauca, Colombia",2018/06/12 01:13:03+00,3.1,MLr_1,convertida,2020,Subducción interplaca
3.5584,-74.2922,4856531.13866233,1951307.75796739,13,3.0698,SGC,"Uribe - Meta, Colombia",2018/06/14 08:14:40+00,3.1,MLr_3,convertida,2021,Cortical
4.9885,-76.0103,4666270.61355014,2109984.86518271,109,3.5488,SGC,"La Celia - Risaralda, Colombia",2018/06/16 12:46:22+00,3.6,MLr_1,convertida,2022,Subducción intraplaca
3.5311,-76.9523,4560864.90128366,1949124.92161953,73,3.1656,SGC,"Buenaventura - Valle del Cauca, Colombia",2018/06/19 22:47:41+00,3.2,MLr_1,convertida,2023,Subducción intraplaca
4.4618,-76.3016,4633665.43646538,2051846.93581029,126,3.1656,SGC,"Bolívar - Valle del Cauca, Colombia",2018/06/19 23:23:10+00,3.2,MLr_1,convertida,2024,Subducción intraplaca
3.8013,-76.2858,4635118.10605948,1978739.66217629,70,3.932,SGC,"Guacarí - Valle del Cauca, Colombia",2018/06/22 15:08:55+00,4,MLr_2,convertida,2025,Subducción intraplaca
3.6286,-76.9025,4566452.72758563,1959899.28555837,108,3.1656,SGC,"Buenaventura - Valle del Cauca, Colombia",2018/07/06 18:12:34+00,3.2,MLr_1,convertida,2026,Subducción intraplaca
2.9213,-76.0284,4663427.58133221,1881268.1949063,8,3.3572,SGC,"Planadas - Tolima, Colombia",2018/07/07 06:43:32+00,3.4,MLr_2,convertida,2027,Cortical
3.0305,-75.941,4673182.00548234,1893323.67080441,9,3.3572,SGC,"Planadas - Tolima, Colombia",2018/07/07 11:05:55+00,3.4,MLr_2,convertida,2028,Subducción interplaca
2.9213,-76.0284,4663427.58133221,1881268.1949063,9,3.2614,SGC,"Planadas - Tolima, Colombia",2018/07/07 17:14:27+00,3.3,MLr_2,convertida,2029,Cortical
3.0308,-75.9348,4673871.67350397,1893354.99005158,10,3.2614,SGC,"Planadas - Tolima, Colombia",2018/07/08 15:40:45+00,3.3,MLr_2,convertida,2030,Subducción interplaca
3.0308,-75.9288,4674539.00327767,1893353.18299711,8,3.932,SGC,"Planadas - Tolima, Colombia",2018/07/10 00:16:34+00,4,MLr_2,convertida,2031,Subducción interplaca
2.9213,-76.0284,4663427.58133221,1881268.1949063,11,3.0698,SGC,"Planadas - Tolima, Colombia",2018/07/11 14:01:09+00,3.1,MLr_2,convertida,2032,Cortical
3.0475,-75.9491,4672286.23629799,1895206.92661776,8,3.2614,SGC,"Planadas - Tolima, Colombia",2018/07/12 06:24:12+00,3.3,MLr_2,convertida,2033,Subducción interplaca
3.0275,-75.9316,4674226.59514007,1892988.93408,10,3.0698,SGC,"Planadas - Tolima, Colombia",2018/07/13 19:27:10+00,3.1,MLr_2,convertida,2034,Subducción interplaca
3.6191,-76.8838,4568528.87507723,1958838.25357282,108,3.453,SGC,"Buenaventura - Valle del Cauca, Colombia",2018/07/15 20:24:10+00,3.5,MLr_1,convertida,2035,Subducción intraplaca
3.4521,-74.7069,4810454.94882586,1939632.2942308,44,5.2,SGC,"Colombia - Huila, Colombia",2018/07/19 00:39:33+00,5.2,Mw(mB),directa,2036,Cortical
4.8466,-76.0901,4657342.71892244,2094324.15661152,116,4.1236,SGC,"El Águila - Valle del Cauca, Colombia",2018/07/23 20:59:14+00,4.2,MLr_1,convertida,2037,Subducción intraplaca
3.7231,-74.1693,4870201.91858664,1969491.09641248,3,3.0698,SGC,"Lejanías - Meta, Colombia",2018/07/25 03:55:11+00,3.1,MLr_3,convertida,2038,Cortical
2.1608,-77.0608,4548254.6464352,1797392.77980962,129,3.2614,SGC,"Patía (El Bordo) - Cauca, Colombia",2018/07/27 20:43:25+00,3.3,MLr_1,convertida,2039,Subducción intraplaca
3.0116,-75.9496,4672219.80926498,1891235.25908108,11,3.0698,SGC,"Planadas - Tolima, Colombia",2018/07/30 11:31:29+00,3.1,MLr_2,convertida,2040,Subducción interplaca
3.024,-75.9511,4672056.69447917,1892607.59455005,8,3.0698,SGC,"Planadas - Tolima, Colombia",2018/08/21 11:19:53+00,3.1,MLr_2,convertida,2041,Subducción interplaca
4.3501,-76.3411,4629222.28366903,2039503.8427836,124,3.453,SGC,"Bolívar - Valle del Cauca, Colombia",2018/08/25 18:51:27+00,3.5,MLr_1,convertida,2042,Subducción intraplaca
4.0773,-77.0345,4551999.93163377,2009663.88694494,0,3.0698,SGC,"Buenaventura - Valle del Cauca, Colombia",2018/09/04 22:55:55+00,3.1,MLr_1,convertida,2043,Cortical
1.7768,-76.2315,4640538.9717933,1754675.91967813,3,3.3572,SGC,"Pitalito - Huila, Colombia",2018/09/14 22:52:33+00,3.4,MLr_2,convertida,2044,Cortical
3.7516,-76.641,4595600.29008203,1973395.6658083,124,3.2614,SGC,"La Cumbre - Valle del Cauca, Colombia",2018/09/20 10:23:50+00,3.3,MLr_1,convertida,2045,Subducción intraplaca
4.2611,-76.3298,4630434.67945885,2029647.94546886,119,3.1656,SGC,"Trujillo - Valle del Cauca, Colombia",2018/10/05 00:22:14+00,3.2,MLr_1,convertida,2046,Subducción intraplaca
2.4033,-76.7576,4582105.05637627,1824156.90809222,132,3.1656,SGC,"El Tambo - Cauca, Colombia",2018/10/09 20:04:15+00,3.2,MLr_2,convertida,2047,Subducción intraplaca
3.3855,-74.6995,4811263.90749103,1932268.96734627,9,3.0698,SGC,"Colombia - Huila, Colombia",2018/10/12 02:37:25+00,3.1,MLr_2,convertida,2048,Cortical
4.7541,-76.1386,4651912.34253547,2084113.00694305,89,3.1656,SGC,"Argelia - Valle del Cauca, Colombia",2018/10/22 11:25:08+00,3.2,MLr_1,convertida,2049,Subducción intraplaca
4.736,-76.3516,4628253.85757418,2082220.80514398,103,4.5068,SGC,"Sipí - Chocó, Colombia",2018/10/24 15:02:47+00,4.6,MLr_1,convertida,2050,Subducción intraplaca
4.887,-75.364,4737927.01547491,2098467.62940609,6,3.0698,SGC,Volcán Nevado del Ruiz,2018/10/26 20:10:57+00,3.1,MLr_2,convertida,2051,Subducción interplaca
5.0435,-75.4753,4725645.61150802,2115820.42012954,120,4.1,SGC,"Manizales - Caldas, Colombia",2018/11/05 17:45:00+00,4.1,Mw,directa,2052,Subducción intraplaca
1.8726,-76.0301,4662981.5912527,1765237.42554911,-1,3.0698,SGC,"Pitalito - Huila, Colombia",2018/11/07 10:23:11+00,3.1,MLr_2,convertida,2053,Cortical
1.6275,-76.8365,4573114.67973717,1738272.05961236,21,3.0698,SGC,Volcán Las Animas,2018/12/05 01:21:00+00,3.1,MLr_2,convertida,2054,Cortical
3.8705,-76.6943,4589728.70703135,1986585.17271579,26,3.6446,SGC,"Calima (El Darién) - Valle del Cauca, Colombia",2018/12/09 00:32:49+00,3.7,MLr_1,convertida,2055,Subducción interplaca
2.2413,-75.9941,4667065.90862489,1806023.09896524,4,3.1656,SGC,"La Plata - Huila, Colombia",2018/12/22 08:18:50+00,3.2,MLr_2,convertida,2056,Cortical
2.3555,-75.5213,4719699.29998591,1818553.94285632,14,3.453,SGC,"Gigante - Huila, Colombia",2019/01/05 14:54:45+00,3.5,MLr_2,convertida,2057,Cortical
2.7406,-75.0183,4775712.1763962,1861038.22164781,3,3.9,SGC,"San Vicente del Caguán - Caquetá, Colombia",2019/01/19 17:03:36+00,3.9,Mw,directa,2058,Cortical
2.9806,-75.9698,4669963.73590022,1887811.59600119,1,5.5,SGC,"Planadas - Tolima, Colombia",2019/01/26 07:32:26+00,5.5,Mw(mB),directa,2059,Cortical
3.0163,-75.9518,4671976.52302673,1891755.91022798,8,3.453,SGC,Área de Influencia Volcán Nevado del Huila,2019/01/26 07:35:25+00,3.5,MLr_2,convertida,2060,Subducción interplaca
3.0111,-75.964,4670618.003058,1891184.2870208,9,3.3572,SGC,Área de Influencia Volcán Nevado del Huila,2019/01/26 09:35:48+00,3.4,MLr_2,convertida,2061,Subducción interplaca
3.0485,-75.9358,4673765.77692458,1895313.51860366,10,3.1656,SGC,Área de Influencia Volcán Nevado del Huila,2019/01/26 10:47:35+00,3.2,MLr_2,convertida,2062,Subducción interplaca
3.02,-75.952,4671955.38948091,1892165.32331814,8,3.1656,SGC,Area de Influencia Volcán Nevado del Huila,2019/01/26 16:44:30+00,3.2,M_MLr,convertida,2063,Subducción interplaca
3.0155,-75.9565,4671453.52338901,1891668.82073959,8,3.0698,SGC,Area de Influencia Volcán Nevado del Huila,2019/01/27 01:25:34+00,3.1,MLr_2,convertida,2064,Subducción interplaca
3.0398,-75.9285,4674575.06687709,1894348.79482946,10,3.3572,SGC,Area de Influencia Volcán Nevado del Huila,2019/01/27 03:22:26+00,3.4,MLr_2,convertida,2065,Subducción interplaca
3.0041,-75.956,4671505.71647128,1890407.41629724,0,5.6,SGC,"Planadas - Tolima, Colombia",2019/01/28 16:07:09+00,5.6,Mw(mB),directa,2066,Cortical
3.0215,-75.9256,4674892.13507284,1892323.33139065,2,3.3572,SGC,Área de Influencia Volcán Nevado del Huila,2019/01/28 17:09:12+00,3.4,MLr_2,convertida,2067,Subducción interplaca
3.0431,-75.909,4676744.82969234,1894708.0153157,9,3.0698,SGC,Área de Influencia Volcán Nevado del Huila,2019/01/28 18:19:15+00,3.1,MLr_2,convertida,2068,Subducción interplaca
3.0446,-75.9105,4676578.45044203,1894874.41318525,10,3.453,SGC,Área de Influencia Volcán Nevado del Huila,2019/01/28 19:34:48+00,3.5,MLr_2,convertida,2069,Subducción interplaca
3.0365,-75.9353,4673817.77381147,1893985.75595239,10,3.0698,SGC,Area de Influencia Volcán Nevado del Huila,2019/01/28 22:17:11+00,3.1,MLr_2,convertida,2070,Subducción interplaca
3.041,-75.9293,4674486.45087467,1894481.79662531,8,3.2614,SGC,Area de Influencia Volcán Nevado del Huila,2019/01/29 00:29:35+00,3.3,MLr_2,convertida,2071,Subducción interplaca
2.9903,-75.962,4670834.22323527,1888882.43578771,0,4,SGC,"Planadas - Tolima, Colombia",2019/01/29 01:10:52+00,4,Mw,directa,2072,Cortical
3.04,-75.9316,4674230.34332743,1894371.85745073,10,3.0698,SGC,Área de Influencia Volcán Nevado del Huila,2019/01/29 03:35:18+00,3.1,MLr_2,convertida,2073,Subducción interplaca
3.0241,-75.9498,4672201.31599993,1892618.26496689,8,3.1656,SGC,Área de Influencia Volcán Nevado del Huila,2019/01/29 14:35:44+00,3.2,MLr_2,convertida,2074,Subducción interplaca
3.0108,-75.9601,4671051.69692135,1891149.91694607,10,3.1656,SGC,Área de Influencia Volcán Nevado del Huila,2019/01/30 22:18:54+00,3.2,MLr_2,convertida,2075,Subducción interplaca
3.055,-75.9223,4675269.19499349,1896028.54728419,9,3.2614,SGC,Área de Influencia Volcán Nevado del Huila,2019/02/02 22:20:49+00,3.3,MLr_2,convertida,2076,Subducción interplaca
3.0156,-75.972,4669729.5437343,1891684.58091158,10,3.2614,SGC,Área de Influencia Volcán Nevado del Huila,2019/02/08 15:49:19+00,3.3,MLr_2,convertida,2077,Subducción interplaca
1.9311,-75.8623,4681671.70573561,1771677.61250257,1,3.0698,SGC,"Suaza - Huila, Colombia",2019/02/08 23:26:54+00,3.1,MLr_2,convertida,2078,Cortical
4.923,-75.4951,4723399.22646306,2102501.72137273,138,4.1,SGC,"Villamaria - Caldas, Colombia",2019/02/09 21:21:47+00,4.1,Mw,directa,2079,Subducción intraplaca
3.0136,-75.9496,4672220.40847056,1891456.53033174,8,3.2614,SGC,Área de Influencia Volcán Nevado del Huila,2019/02/17 16:47:04+00,3.3,MLr_2,convertida,2080,Subducción interplaca
2.9863,-75.9726,4669653.99444913,1888443.07250137,11,3.3572,SGC,Área de Influencia Volcán Nevado del Huila,2019/02/18 06:19:22+00,3.4,MLr_2,convertida,2081,Cortical
3.0911,-75.9146,4676136.47313155,1900020.04476056,9,3.3572,SGC,Área de Influencia Volcán Nevado del Huila,2019/02/19 05:02:02+00,3.4,MLr_2,convertida,2082,Subducción interplaca
4.1981,-76.8736,4569959.72791255,2022953.77038259,31,4.4,SGC,"El Litoral del San Juán (Docordó) - Chocó, Colombia",2019/02/19 06:06:28+00,4.4,Mw,directa,2083,Cortical
3.0326,-75.9675,4670235.2090147,1893564.05118466,4,3.2614,SGC,Área de Influencia Volcán Nevado del Huila,2019/03/04 01:55:07+00,3.3,MLr_2,convertida,2084,Subducción interplaca
3.439,-74.3048,4855113.61801365,1938113.80749456,4,3.0698,SGC,"Uribe - Meta, Colombia",2019/03/08 23:00:44+00,3.1,MLr_3,convertida,2085,Cortical
4.6273,-76.2861,4635470.47647591,2070155.72163707,126,5.9438,SGC,"Versalles - Valle del Cauca, Colombia",2019/03/23 14:21:17+00,6.1,MLr_1,convertida,2086,Subducción intraplaca
4.6231,-76.2643,4637889.24025756,2069679.72497009,122,3.2614,SGC,"Versalles - Valle del Cauca, Colombia",2019/03/23 23:34:50+00,3.3,MLr_1,convertida,2087,Subducción intraplaca
3.0018,-75.9623,4670804.29593736,1890154.8498529,9,3.1656,SGC,"Planadas - Tolima, Colombia",2019/03/30 16:27:39+00,3.2,MLr_2,convertida,2088,Cortical
3.0113,-75.9561,4671496.75219494,1891204.02751527,7,3.3572,SGC,"Planadas - Tolima, Colombia",2019/04/14 09:25:44+00,3.4,MLr_2,convertida,2089,Subducción interplaca
1.9576,-75.9995,4666404.64175199,1774635.90434936,3,3.0698,SGC,"Pitalito - Huila, Colombia",2019/05/03 08:17:37+00,3.1,MLr_2,convertida,2090,Cortical
4.9748,-76.336,4630116.49943154,2108642.80305752,90,3.453,SGC,"San José del Palmar - Chocó, Colombia",2019/05/07 17:32:20+00,3.5,MLr_1,convertida,2091,Subducción intraplaca
3.9213,-74.1041,4877468.50144482,1991385.09411164,2,4.4,SGC,"Cubarral - Meta, Colombia",2019/05/12 02:28:09+00,4.4,Mw(mB),directa,2092,Cortical
2.938,-74.778,4802458.74534667,1882816.85371647,4,3.1656,SGC,"Uribe - Meta, Colombia",2019/05/12 10:45:33+00,3.2,MLr_2,convertida,2093,Cortical
3.6325,-74.163,4870888.30740203,1959477.68391661,1,3.3572,SGC,"Lejanías - Meta, Colombia",2019/05/19 21:04:03+00,3.4,MLr_3,convertida,2094,Cortical
2.9826,-75.9713,4669797.48739537,1888033.32170635,3,3.1656,SGC,"Planadas - Tolima, Colombia",2019/05/24 07:56:40+00,3.2,MLr_2,convertida,2095,Cortical
4.7616,-76.1268,4653226.08031302,2084936.99233953,119,3.1656,SGC,"Ansermanuevo - Valle del Cauca, Colombia",2019/05/25 16:24:47+00,3.2,MLr_1,convertida,2096,Subducción intraplaca
3.0053,-75.9598,4671083.41382441,1890541.32482174,7,3.2614,SGC,"Planadas - Tolima, Colombia",2019/06/03 05:49:43+00,3.3,MLr_2,convertida,2097,Cortical
4.8185,-76.5978,4600959.69735675,2091491.46755578,68,3.1656,SGC,"Nóvita - Chocó, Colombia",2019/06/20 17:38:50+00,3.2,MLr_1,convertida,2098,Subducción intraplaca
3.059,-75.9255,4674914.50235092,1896472.04929072,5,3.0698,SGC,"Planadas - Tolima, Colombia",2019/07/15 18:14:14+00,3.1,MLr_2,convertida,2099,Subducción interplaca
4.9811,-75.2001,4756140.54209622,2108811.00777303,138,3.0698,SGC,"Villahermosa - Tolima, Colombia",2019/07/22 22:44:25+00,3.1,MLr_2,convertida,2100,Subducción intraplaca
4.693,-74.8531,4794529.73754563,2076843.02333755,9,3.0698,SGC,"Venadillo - Tolima, Colombia",2019/07/29 07:25:15+00,3.1,MLr_2,convertida,2101,Cortical
1.9203,-75.7803,4690796.61911217,1770467.78282482,1,3.2614,SGC,"Suaza - Huila, Colombia",2019/08/27 05:36:02+00,3.3,MLr_2,convertida,2102,Cortical
5.0308,-75.933,4674868.75003929,2114626.13246789,111,3.453,SGC,"Santuario - Risaralda, Colombia",2019/09/23 09:01:50+00,3.5,MLr_1,convertida,2103,Subducción intraplaca
2.4411,-75.5285,4718915.82702607,1828022.39340083,4,3.3572,SGC,"Gigante - Huila, Colombia",2019/10/01 08:35:40+00,3.4,MLr_2,convertida,2104,Cortical
4.749,-76.202,4644871.12173467,2083580.92759185,85,3.2614,SGC,"El Cairo - Valle del Cauca, Colombia",2019/10/14 09:03:43+00,3.3,MLr_1,convertida,2105,Subducción intraplaca
2.0743,-73.9831,4890715.14963766,1787265.20403581,0,3.2614,SGC,"La Macarena - Meta, Colombia",2019/10/18 04:53:49+00,3.3,MLr_2,convertida,2106,Cortical
3.7606,-75.8893,4679173.53308649,1974079.37867396,0,3.6446,SGC,"Chaparral - Tolima, Colombia",2019/11/10 01:22:56+00,3.7,MLr_2,convertida,2107,Subducción interplaca
3.787,-75.8663,4681739.20322869,1976991.55013885,3,3.0698,SGC,"Chaparral - Tolima, Colombia",2019/11/21 22:51:35+00,3.1,MLr_2,convertida,2108,Subducción interplaca
1.857,-76.172,4647180.00771895,1763539.14071499,0,3.5488,SGC,"Pitalito - Huila, Colombia",2019/12/08 19:49:47+00,3.6,MLr_2,convertida,2109,Cortical
2.7918,-76.918,4564372.63643697,1867232.61083692,112,3.1656,SGC,"El Tambo - Cauca, Colombia",2019/12/09 22:55:55+00,3.2,MLr_1,convertida,2110,Subducción intraplaca
3.0666,-75.9146,4676129.0609939,1897309.55437584,11,3.6446,SGC,"Planadas - Tolima, Colombia",2019/12/11 18:54:41+00,3.7,MLr_2,convertida,2111,Subducción interplaca
3.0766,-75.9118,4676443.48137268,1898415.02633765,12,4.8084,SGC,"Planadas - Tolima, Colombia",2019/12/11 19:09:02+00,4.6,mB,convertida,2112,Subducción interplaca
3.609,-74.3888,4845812.39659766,1956915.78049036,14,3.1656,SGC,"Uribe - Meta, Colombia",2019/12/11 19:10:33+00,3.2,MLr_3,convertida,2113,Cortical
2.9291,-76.0281,4663463.28389366,1882131.12362885,1,3.5488,SGC,"Páez (Belalcázar) - Cauca, Colombia",2019/12/12 07:55:37+00,3.6,MLr_2,convertida,2114,Cortical
3.0736,-75.8781,4680190.47281844,1898072.96791752,4,3.1656,SGC,"Planadas - Tolima, Colombia",2019/12/12 15:39:37+00,3.2,MLr_2,convertida,2115,Subducción interplaca
4.8423,-76.4405,4618440.85512001,2094035.69166945,76,3.0698,SGC,"San José del Palmar - Chocó, Colombia",2019/12/14 13:02:13+00,3.1,MLr_1,convertida,2116,Subducción intraplaca
5.04,-76.0113,4666185.85030971,2115683.62890211,109,3.0698,SGC,"Santuario - Risaralda, Colombia",2019/12/23 09:38:57+00,3.1,MLr_1,convertida,2117,Subducción intraplaca
3.475,-74.186,4868312.24089414,1942075.08830975,0,4.3152,SGC,"Mesetas - Meta, Colombia",2019/12/24 14:11:00+00,4.4,MLr_3,convertida,2118,Cortical
3.9033,-76.3406,4629070.10998013,1990052.24647649,119,3.0698,SGC,"Buga - Valle del Cauca, Colombia",2019/12/24 14:53:39+00,3.1,MLr_2,convertida,2119,Subducción intraplaca
3.462,-74.2136,4865245.37488558,1940642.28874211,14,4.3,SGC,"Mesetas - Meta, Colombia",2019/12/24 15:11:14+00,4.3,Mw,directa,2120,Cortical
3.422,-74.1903,4867827.40056439,1936218.46436577,4,3.3572,SGC,"Mesetas - Meta, Colombia",2019/12/24 15:26:21+00,3.4,MLr_3,convertida,2121,Cortical
3.4473,-74.2025,4866476.01356374,1939016.16072245,6,3.0698,SGC,"Mesetas - Meta, Colombia",2019/12/24 16:45:48+00,3.1,MLr_3,convertida,2122,Cortical
3.4251,-74.1595,4871248.36324793,1936556.86546838,4,3.2614,SGC,"Mesetas - Meta, Colombia",2019/12/24 18:51:14+00,3.3,MLr_3,convertida,2123,Cortical
3.4191,-74.1461,4872735.7157194,1935892.00518298,16,3.9,SGC,"Mesetas - Meta, Colombia",2019/12/24 19:12:06+00,3.9,Mw,directa,2124,Cortical
3.4255,-74.161,4871081.83301934,1936601.27201459,10,4.7942,SGC,"Mesetas - Meta, Colombia",2019/12/24 21:11:22+00,4.9,MLr_2,convertida,2125,Cortical
3.4043,-74.192,4867636.17978428,1934262.60699192,0,3.8362,SGC,"Mesetas - Meta, Colombia",2019/12/24 21:23:12+00,3.9,MLr_3,convertida,2126,Cortical
3.4441,-74.1745,4869585.1007293,1938658.63995043,4,3.2614,SGC,"Mesetas - Meta, Colombia",2019/12/24 23:29:31+00,3.3,MLr_3,convertida,2127,Cortical
3.437,-74.1981,4866963.22563401,1937877.25126478,6,3.932,SGC,"Mesetas - Meta, Colombia",2019/12/25 00:22:25+00,4,MLr_3,convertida,2128,Cortical
3.4366,-74.1695,4870139.35585092,1937829.11135577,5,3.2614,SGC,"Mesetas - Meta, Colombia",2019/12/25 02:05:01+00,3.3,MLr_3,convertida,2129,Cortical
3.4205,-74.1738,4869659.63931184,1936050.43807982,0,3.8362,SGC,"Mesetas - Meta, Colombia",2019/12/25 03:52:49+00,3.9,MLr_3,convertida,2130,Cortical
3.438,-74.1658,4870550.44737772,1937983.32705431,5,3.1656,SGC,"Mesetas - Meta, Colombia",2019/12/25 04:31:13+00,3.2,MLr_3,convertida,2131,Cortical
3.4391,-74.1603,4871161.39455632,1938104.14712456,4,4.2194,SGC,"Mesetas - Meta, Colombia",2019/12/25 05:25:54+00,4.3,MLr_3,convertida,2132,Cortical
3.4281,-74.1903,4867828.23737804,1936892.59740466,2,3.2614,SGC,"Mesetas - Meta, Colombia",2019/12/25 08:13:08+00,3.3,MLr_3,convertida,2133,Cortical
3.4303,-74.1976,4867017.82653056,1937136.73835846,0,3.1656,SGC,"Mesetas - Meta, Colombia",2019/12/25 14:09:20+00,3.2,MLr_3,convertida,2134,Cortical
3.4858,-74.167,4870423.67983925,1943266.00021287,4,3.1656,SGC,"Mesetas - Meta, Colombia",2019/12/25 18:26:24+00,3.2,MLr_3,convertida,2135,Cortical
3.4695,-74.2303,4863391.84846631,1941473.54258578,13,4.6026,SGC,"Mesetas - Meta, Colombia",2019/12/25 22:48:28+00,4.7,MLr_2,convertida,2136,Cortical
3.4293,-74.1808,4868883.43754371,1937023.90772628,3,3.8362,SGC,"Mesetas - Meta, Colombia",2019/12/25 22:50:47+00,3.9,MLr_3,convertida,2137,Cortical
3.429,-74.196,4867195.33780614,1936992.84823577,18,4,SGC,"Mesetas - Meta, Colombia",2019/12/26 00:03:56+00,4,Mw,directa,2138,Cortical
3.4298,-74.206,4866084.87901162,1937082.65220961,2,3.0698,SGC,"Mesetas - Meta, Colombia",2019/12/26 05:59:12+00,3.1,MLr_3,convertida,2139,Cortical
3.4268,-74.149,4872414.6722329,1936743.33219987,3,3.453,SGC,"Mesetas - Meta, Colombia",2019/12/26 09:57:06+00,3.5,MLr_3,convertida,2140,Cortical
3.4155,-74.171,4869969.92508282,1935497.49423897,16,4,SGC,"Mesetas - Meta, Colombia",2019/12/26 17:07:47+00,4,Mw,directa,2141,Cortical
3.4045,-74.1531,4871956.39021013,1934279.45864791,5,3.2614,SGC,"Mesetas - Meta, Colombia",2019/12/26 18:17:36+00,3.3,MLr_3,convertida,2142,Cortical
3.4223,-74.1733,4869715.41089766,1936249.29348348,6,3.7404,SGC,"Mesetas - Meta, Colombia",2019/12/26 20:03:52+00,3.8,MLr_3,convertida,2143,Cortical
3.4278,-74.183,4868638.90916499,1936858.4392483,2,3.453,SGC,"Mesetas - Meta, Colombia",2019/12/26 22:14:54+00,3.5,MLr_3,convertida,2144,Cortical
3.4221,-74.149,4872414.04997039,1936223.92586612,0,4.5,SGC,"Mesetas - Meta, Colombia",2019/12/26 22:20:38+00,4.5,Mw(mB),directa,2145,Cortical
3.4365,-74.1566,4871571.94704372,1937816.31667753,4,3.5488,SGC,"Mesetas - Meta, Colombia",2019/12/28 02:20:56+00,3.6,MLr_3,convertida,2146,Cortical
3.4313,-74.1993,4866829.16849214,1937247.4886689,5,3.1656,SGC,"Mesetas - Meta, Colombia",2019/12/28 08:24:49+00,3.2,MLr_3,convertida,2147,Cortical
2.4613,-76.9531,4560347.89665257,1830642.07055436,134,3.453,SGC,"El Tambo - Cauca, Colombia",2019/12/28 08:38:27+00,3.5,MLr_1,convertida,2148,Subducción intraplaca
3.4611,-74.1688,4870220.41737989,1940536.58015594,4,3.1656,SGC,"Mesetas - Meta, Colombia",2019/12/31 00:32:21+00,3.2,MLr_3,convertida,2149,Cortical
3.4726,-74.1735,4869700.046825,1941808.12426481,0,3.5488,SGC,"Mesetas - Meta, Colombia",2019/12/31 04:22:47+00,3.6,MLr_3,convertida,2150,Cortical
3.4713,-74.1838,4868556.04124726,1941665.88221602,0,3.453,SGC,"Mesetas - Meta, Colombia",2020/01/01 06:15:29+00,3.5,MLr_3,convertida,2151,Cortical
3.4356,-74.208,4865863.57398281,1937723.91537697,0,3.2614,SGC,"Mesetas - Meta, Colombia",2020/01/01 13:13:43+00,3.3,MLr_3,convertida,2152,Cortical
4.7606,-76.1975,4645376.66978062,2084862.32338813,99,3.2614,SGC,"El Cairo - Valle del Cauca, Colombia",2020/01/01 20:33:17+00,3.3,MLr_1,convertida,2153,Subducción intraplaca
4.319,-76.3211,4631429.1657527,2036051.97369088,130,3.8362,SGC,"Bolívar - Valle del Cauca, Colombia",2020/01/05 08:47:50+00,3.9,MLr_1,convertida,2154,Subducción intraplaca
3.4338,-74.1888,4867995.60465725,1937522.31789204,0,3.7404,SGC,"Mesetas - Meta, Colombia",2020/01/08 21:42:04+00,3.8,MLr_3,convertida,2155,Cortical
3.4678,-74.273,4858649.57249406,1941291.93353557,19,3.1656,SGC,"Mesetas - Meta, Colombia",2020/01/11 10:55:29+00,3.2,MLr_3,convertida,2156,Cortical
4.5615,-76.3361,4629883.74524053,2062898.93804446,113,3.3572,SGC,"El Dovio - Valle del Cauca, Colombia",2020/01/12 02:44:12+00,3.4,MLr_1,convertida,2157,Subducción intraplaca
2.9521,-74.8008,4799927.28288208,1884379.57352471,25,3.3572,SGC,"Uribe - Meta, Colombia",2020/01/14 20:21:11+00,3.4,MLr_2,convertida,2158,Cortical
3.4088,-74.1838,4868547.47688945,1934758.795553,4,3.0698,SGC,"Mesetas - Meta, Colombia",2020/01/14 23:32:09+00,3.1,MLr_3,convertida,2159,Cortical
3.024,-75.9596,4671111.28470321,1892610.16943052,10,3.3572,SGC,"Planadas - Tolima, Colombia",2020/01/24 19:04:24+00,3.4,MLr_2,convertida,2160,Subducción interplaca
4.3323,-76.7473,4584073.99405742,2037744.95462374,24,3.1656,SGC,"El Litoral del San Juán (Docordó) - Chocó, Colombia",2020/01/28 14:49:21+00,3.2,MLr_1,convertida,2161,Cortical
3.4251,-74.1653,4870604.23890974,1936557.64629642,-2,3.0698,SGC,"Mesetas - Meta, Colombia",2020/02/01 23:47:09+00,3.1,MLr_3,convertida,2162,Cortical
1.9663,-75.8906,4678528.36001298,1775577.06859272,1,3.3572,SGC,"Timaná - Huila, Colombia",2020/02/03 12:38:53+00,3.4,MLr_2,convertida,2163,Cortical
3.9651,-77.1816,4535573.43788271,1997317.34425967,66,3.2614,SGC,"Buenaventura - Valle del Cauca, Colombia",2020/02/04 04:09:23+00,3.3,MLr_1,convertida,2164,Subducción intraplaca
3.4106,-74.1661,4870513.449484,1934955.32105969,-2,3.3572,SGC,"Mesetas - Meta, Colombia",2020/02/05 06:22:47+00,3.4,MLr_3,convertida,2165,Cortical
3.5808,-74.4483,4839200.25920257,1953809.26220851,19,3.0698,SGC,"Uribe - Meta, Colombia",2020/02/06 12:21:17+00,3.1,MLr_3,convertida,2166,Cortical
2.0781,-75.7195,4697592.40828817,1787911.50832175,2,3.0698,SGC,"Altamira - Huila, Colombia",2020/02/11 13:29:04+00,3.1,MLr_2,convertida,2167,Cortical
3.4851,-74.1771,4869301.98589256,1943190.03615014,0,3.453,SGC,"Mesetas - Meta, Colombia",2020/02/13 10:29:10+00,3.5,MLr_3,convertida,2168,Cortical
3.8606,-76.5523,4605514.54766619,1985421.71608455,128,3.7404,SGC,"Calima (El Darién) - Valle del Cauca, Colombia",2020/02/15 10:51:56+00,3.8,MLr_1,convertida,2169,Subducción intraplaca
4.7353,-76.2238,4642443.72978955,2082076.03411564,86,3.3572,SGC,"El Cairo - Valle del Cauca, Colombia",2020/02/19 05:25:50+00,3.4,MLr_1,convertida,2170,Subducción intraplaca
3.4318,-74.1821,4868739.40563425,1937300.36907118,0,3.1656,SGC,"Mesetas - Meta, Colombia",2020/03/01 06:12:08+00,3.2,MLr_3,convertida,2171,Cortical
3.406,-74.1956,4867236.59824705,1934450.97516581,-1,3.2614,SGC,"Mesetas - Meta, Colombia",2020/03/09 17:49:59+00,3.3,MLr_3,convertida,2172,Cortical
2.897,-74.7981,4800217.60144006,1878288.156721,4,3.0698,SGC,"San Vicente del Caguán - Caquetá, Colombia",2020/03/11 12:31:59+00,3.1,MLr_2,convertida,2173,Cortical
3.7948,-75.682,4702221.14150244,1977788.77760086,3,3.6446,SGC,"Chaparral - Tolima, Colombia",2020/03/19 15:37:56+00,3.7,MLr_2,convertida,2174,Subducción interplaca
4.2633,-76.304,4633302.37096257,2029879.08606884,127,3.1656,SGC,"Trujillo - Valle del Cauca, Colombia",2020/03/23 22:16:54+00,3.2,MLr_1,convertida,2175,Subducción intraplaca
3.3573,-74.6351,4818412.52528629,1929139.59307408,16,3.3572,SGC,"Colombia - Huila, Colombia",2020/03/24 05:08:32+00,3.4,MLr_2,convertida,2176,Cortical
3.5031,-74.1625,4870925.76481658,1945177.25161597,8,3.6446,SGC,"Mesetas - Meta, Colombia",2020/03/26 20:43:36+00,3.7,MLr_3,convertida,2177,Cortical
5.0433,-76.2748,4636947.41098374,2116189.91155278,96,3.7404,SGC,"San José del Palmar - Chocó, Colombia",2020/04/03 13:52:50+00,3.8,MLr_1,convertida,2178,Subducción intraplaca
4.7,-76.146,4651063.70696509,2078130.09490693,93,3.1656,SGC,"Argelia - Valle del Cauca, Colombia",2020/04/04 01:44:28+00,3.2,MLr_1,convertida,2179,Subducción intraplaca
4.1071,-76.2416,4640163.87783572,2012563.25734705,145,4.0278,SGC,"Tuluá - Valle del Cauca, Colombia",2020/04/13 15:44:19+00,4.1,MLr_2,convertida,2180,Subducción intraplaca
3.4483,-74.1548,4871773.42324581,1939120.11950858,0,3.0698,SGC,"Mesetas - Meta, Colombia",2020/04/19 00:00:32+00,3.1,MLr_3,convertida,2181,Cortical
3.0496,-75.9355,4673799.47492711,1895435.12531244,8,3.2614,SGC,"Planadas - Tolima, Colombia",2020/04/20 04:34:53+00,3.3,MLr_2,convertida,2182,Subducción interplaca
4.454,-76.465,4615509.56262215,2051067.00812724,111,3.453,SGC,"Sipí - Chocó, Colombia",2020/04/30 05:13:04+00,3.5,MLr_1,convertida,2183,Subducción intraplaca
2.2468,-76.564,4603620.81951141,1806774.12680353,8,3.1656,SGC,"Sotará (Paispamba) - Cauca, Colombia",2020/04/30 22:31:17+00,3.2,MLr_2,convertida,2184,Cortical
3.4048,-74.1306,4874455.22256738,1934309.65434293,0,3.3572,SGC,"Mesetas - Meta, Colombia",2020/05/06 18:02:54+00,3.4,MLr_3,convertida,2185,Cortical
2.5215,-77.3981,4510785.87328911,1837468.61223422,37,4.0278,SGC,"Timbiquí - Cauca, Colombia",2020/05/10 18:09:59+00,4.1,MLr_1,convertida,2186,Cortical
2.7668,-76.7267,4585664.67560823,1864395.21623903,19,4.2,SGC,"Morales - Cauca, Colombia",2020/05/24 07:22:01+00,4.2,Mw,directa,2187,Cortical
3.566,-77.4108,4509844.50706304,1953222.30561995,10,3.3572,SGC,Océano Pacífico,2020/06/09 17:48:13+00,3.4,MLr_1,convertida,2188,Cortical
1.935,-75.0888,4767741.78313837,1771983.40272694,0,3.2614,SGC,"Puerto Rico - Caquetá, Colombia",2020/06/20 06:02:03+00,3.3,MLr_2,convertida,2189,Cortical
3.439,-74.184,4868529.38474769,1938096.3262797,-1,3.453,SGC,"Mesetas - Meta, Colombia",2020/06/29 12:26:08+00,3.5,MLr_3,convertida,2190,Cortical
4.0206,-76.3831,4624398.63031129,2003054.30780067,132,3.453,SGC,"Riofrío - Valle del Cauca, Colombia",2020/07/08 17:15:36+00,3.5,MLr_1,convertida,2191,Subducción intraplaca
3.9031,-76.403,4622133.25645917,1990057.93090454,2,3.453,SGC,"Yotoco - Valle del Cauca, Colombia",2020/07/19 06:59:55+00,3.5,MLr_1,convertida,2192,Subducción interplaca
3.2225,-74.4828,4835308.17377133,1914213.6589263,0,3.2614,SGC,"Uribe - Meta, Colombia",2020/07/20 20:03:33+00,3.3,MLr_3,convertida,2193,Cortical
3.9243,-76.7516,4583382.77876695,1992570.3087859,101,3.0698,SGC,"Calima (El Darién) - Valle del Cauca, Colombia",2020/08/03 14:38:19+00,3.1,MLr_1,convertida,2194,Subducción intraplaca
3.955,-76.1133,4654355.82643227,1995676.08646435,157,3.0698,SGC,"San Pedro - Valle del Cauca, Colombia",2020/08/04 23:07:04+00,3.1,MLr_2,convertida,2195,Subducción intraplaca
4.1308,-73.8096,4910177.23874683,2014497.98953581,1,4.2,SGC,"Acacías - Meta, Colombia",2020/08/13 21:34:38+00,4.2,Mw,directa,2196,Cortical
3.5251,-74.2085,4865820.71245585,1947615.03069895,14,3.932,SGC,"Mesetas - Meta, Colombia",2020/08/21 06:01:25+00,4,MLr_3,convertida,2197,Cortical
3.4396,-74.7575,4804831.71759207,1938260.75699202,26,3.7404,SGC,"Colombia - Huila, Colombia",2020/08/23 04:53:18+00,3.8,MLr_2,convertida,2198,Cortical
2.6768,-75.048,4772398.38223939,1853990.15743243,7,3.8362,SGC,"San Vicente del Caguán - Caquetá, Colombia",2020/08/27 00:44:29+00,3.9,MLr_2,convertida,2199,Cortical
4.6062,-76.3035,4633527.30973827,2067829.43764439,104,3.1656,SGC,"Versalles - Valle del Cauca, Colombia",2020/10/02 14:41:01+00,3.2,MLr_1,convertida,2200,Subducción intraplaca
1.5425,-76.8823,4567993.06344255,1728868.75933848,5,3.1656,SGC,"La Cruz - Nariño, Colombia",2020/10/16 06:44:00+00,3.2,MLr_2,convertida,2201,Cortical
4.4945,-73.5754,4936192.44458505,2054663.35699256,39,3.1656,SGC,"Medina - Cundinamarca, Colombia",2020/10/20 05:46:16+00,3.2,MLr_3,convertida,2202,Cortical
1.7424,-76.1561,4648928.39985944,1750854.84366518,34,4.0278,SGC,"Pitalito - Huila, Colombia",2020/11/03 00:14:14+00,4.1,MLr_2,convertida,2203,Cortical
2.7075,-75.0724,4769691.31248553,1857388.9299063,29,3.3572,SGC,"San Vicente del Caguán - Caquetá, Colombia",2020/11/10 18:03:24+00,3.4,MLr_2,convertida,2204,Cortical
3.9146,-76.741,4584556.78708349,1991490.98091297,109,3.7404,SGC,"Calima (El Darién) - Valle del Cauca, Colombia",2020/11/20 15:31:19+00,3.8,MLr_1,convertida,2205,Subducción intraplaca
2.4107,-75.7631,4692809.89284721,1824711.0120572,16,3.0698,SGC,"Paicol - Huila, Colombia",2020/11/24 01:20:58+00,3.1,MLr_2,convertida,2206,Cortical
2.4625,-75.4738,4725004.83616171,1830377.7251529,33,3.3572,SGC,"Gigante - Huila, Colombia",2020/12/08 03:29:37+00,3.4,MLr_2,convertida,2207,Cortical
3.3118,-77.3013,4521908.91975316,1924998.74097087,80,3.0698,SGC,"Buenaventura - Valle del Cauca, Colombia",2020/12/14 11:08:35+00,3.1,MLr_1,convertida,2208,Subducción intraplaca
4.902,-75.322,4742591.4265746,2100110.15028305,3,3.5488,SGC,"Casabianca - Tolima, Colombia",2020/12/28 09:42:02+00,3.6,MLr_2,convertida,2209,Subducción interplaca
3.58,-77.4053,4510464.35634669,1954770.8095252,20,4.2194,SGC,Océano Pacífico,2020/12/28 16:47:35+00,4.3,MLr_1,convertida,2210,Cortical
2.7139,-74.9788,4780098.6112613,1858079.09227997,32,3.2614,SGC,"San Vicente del Caguán - Caquetá, Colombia",2020/12/31 14:09:03+00,3.3,MLr_2,convertida,2211,Cortical
1.9239,-76.0229,4663793.07755807,1770911.95914181,31,3.3572,SGC,"Pitalito - Huila, Colombia",2021/01/06 07:09:49+00,3.4,MLr_2,convertida,2212,Cortical
3.45,-74.1658,4870552.06857136,1939309.47925852,11,3.5488,SGC,"Mesetas - Meta, Colombia",2021/01/13 22:46:44+00,3.6,MLr_3,convertida,2213,Cortical
4.3313,-76.6091,4599433.37623615,2037559.65183064,34,3.7404,SGC,"El Litoral del San Juán (Docordó) - Chocó, Colombia",2021/01/23 07:12:33+00,3.8,MLr_1,convertida,2214,Subducción interplaca
3.087,-74.8873,4790339.43238736,1899308.56543428,30,4.89,SGC,"Baraya - Huila, Colombia",2021/01/23 16:12:17+00,5,MLr_2,convertida,2215,Cortical
4.458,-75.8997,4678297.79475245,2051238.43229638,157,4.9858,SGC,"La Victoria - Valle del Cauca, Colombia",2021/01/27 02:57:31+00,5.1,MLr_2,convertida,2216,Subducción intraplaca
4.4337,-75.922,4675810.99539975,2048559.77504758,150,3.0698,SGC,"La Victoria - Valle del Cauca, Colombia",2021/01/27 03:01:11+00,3.1,MLr_2,convertida,2217,Subducción intraplaca
4.3818,-76.6587,4593948.1263216,2043177.2891901,84,3.1656,SGC,"El Litoral del San Juán (Docordó) - Chocó, Colombia",2021/02/08 21:48:31+00,3.2,MLr_1,convertida,2218,Subducción intraplaca
4.7745,-76.1603,4649513.63087115,2086381.4687023,96,3.2614,SGC,"El Cairo - Valle del Cauca, Colombia",2021/02/13 17:54:26+00,3.3,MLr_1,convertida,2219,Subducción intraplaca
3.4891,-74.1936,4867470.22355759,1943634.39638204,11,4.2194,SGC,"Mesetas - Meta, Colombia",2021/02/19 10:55:38+00,4.3,MLr_3,convertida,2220,Cortical
4.7628,-76.1634,4649163.53609543,2085088.31860598,90,3.8362,SGC,"El Cairo - Valle del Cauca, Colombia",2021/02/24 02:55:04+00,3.9,MLr_1,convertida,2221,Subducción intraplaca
4.1929,-73.5656,4937254.30910583,2021336.45047552,21,3.1656,SGC,"Restrepo - Meta, Colombia",2021/03/03 18:28:50+00,3.2,MLr_3,convertida,2222,Cortical
4.2146,-76.2805,4635890.55646687,2024478.17152395,128,3.2614,SGC,"Trujillo - Valle del Cauca, Colombia",2021/03/09 18:05:30+00,3.3,MLr_1,convertida,2223,Subducción intraplaca
4.3649,-76.296,4634239.94977004,2041119.78643622,121,3.0698,SGC,"Bolívar - Valle del Cauca, Colombia",2021/03/21 05:12:41+00,3.1,MLr_1,convertida,2224,Subducción intraplaca
2.9848,-74.8089,4799032.96878008,1887995.82173285,29,3.0698,SGC,"Uribe - Meta, Colombia",2021/03/27 11:45:26+00,3.1,MLr_2,convertida,2225,Cortical
4.4138,-73.5585,4938059.83741519,2045744.73693137,0,4.3152,SGC,"Medina - Cundinamarca, Colombia",2021/04/04 19:46:19+00,4.4,MLr_3,convertida,2226,Cortical
2.2821,-75.6081,4710027.93363284,1810453.48956563,32,3.0698,SGC,"Garzón - Huila, Colombia",2021/04/06 20:41:44+00,3.1,MLr_2,convertida,2227,Cortical
3.1463,-73.483,4946355.50474842,1905686.97264677,-1,3.1656,SGC,"San Juan de Arama - Meta, Colombia",2021/04/10 08:41:11+00,3.2,MLr_3,convertida,2228,Cortical
4.1596,-76.3378,4629497.67834077,2018417.89700454,136,3.453,SGC,"Riofrío - Valle del Cauca, Colombia",2021/04/13 14:01:37+00,3.5,MLr_1,convertida,2229,Subducción intraplaca
3.1314,-74.6319,4818727.74007144,1904169.32014763,29,3.1656,SGC,"Uribe - Meta, Colombia",2021/04/18 03:18:50+00,3.2,MLr_2,convertida,2230,Cortical
4.6252,-76.8028,4578073.25986891,2070209.99922485,55,3.8362,SGC,"Medio San Juan (Andagoya) - Chocó, Colombia",2021/04/25 01:52:40+00,3.9,MLr_1,convertida,2231,Subducción intraplaca
1.2153,-75.3684,4736545.22366277,1692438.68445226,14,3.1656,SGC,"Milán - Caquetá, Colombia",2021/04/25 15:50:01+00,3.2,MLr_2,convertida,2232,Cortical
4.0622,-76.3651,4626418.42180966,2007650.38934477,128,3.8362,SGC,"Riofrío - Valle del Cauca, Colombia",2021/05/06 06:10:53+00,3.9,MLr_1,convertida,2233,Subducción intraplaca
3.6198,-74.4841,4835231.64456916,1958126.17938591,45,3.2614,SGC,"Uribe - Meta, Colombia",2021/05/13 00:28:38+00,3.3,MLr_3,convertida,2234,Cortical
2.9066,-74.7758,4802697.76419725,1879345.45024141,2,3.0698,SGC,"Uribe - Meta, Colombia",2021/05/15 04:13:46+00,3.1,MLr_2,convertida,2235,Cortical
5.0221,-76.0227,4664911.78386521,2113708.90548143,104,3.1656,SGC,"La Celia - Risaralda, Colombia",2021/05/21 04:30:08+00,3.2,MLr_1,convertida,2236,Subducción intraplaca
3.4288,-74.2968,4856000.57014469,1936985.31277068,13,3.2614,SGC,"Uribe - Meta, Colombia",2021/06/13 12:04:27+00,3.3,MLr_3,convertida,2237,Cortical
2.9494,-74.836,4796014.66730419,1884087.49696829,30,3.0698,SGC,"Uribe - Meta, Colombia",2021/06/14 17:41:10+00,3.1,MLr_2,convertida,2238,Cortical
2.3498,-75.3698,4736550.90196308,1817894.03996324,24,3.932,SGC,"Algeciras - Huila, Colombia",2021/06/16 15:37:16+00,4,MLr_2,convertida,2239,Cortical
4.6168,-76.214,4643471.76306613,2068957.0495045,96,3.6446,SGC,"Versalles - Valle del Cauca, Colombia",2021/06/20 01:10:47+00,3.7,MLr_1,convertida,2240,Subducción intraplaca
2.2038,-75.6888,4701033.16512948,1801809.2860357,16,3.0698,SGC,"Agrado - Huila, Colombia",2021/06/21 13:15:43+00,3.1,MLr_2,convertida,2241,Cortical
4.0823,-76.5389,4607109.64640508,2009958.04855482,66,3.453,SGC,"El Litoral del San Juán (Docordó) - Chocó, Colombia",2021/06/24 19:11:19+00,3.5,MLr_1,convertida,2242,Subducción intraplaca
3.813,-76.5485,4605915.21329721,1980150.50984508,8,3.5488,SGC,"Restrepo - Valle del Cauca, Colombia",2021/07/13 10:37:05+00,3.6,MLr_1,convertida,2243,Subducción interplaca
4.487,-75.393,4734559.17613485,2054243.40353089,4,3.6446,SGC,"Ibagué - Tolima, Colombia",2021/07/21 10:38:15+00,3.7,MLr_2,convertida,2244,Subducción interplaca
4.847,-75.338,4740795.64889001,2094034.13665864,4,3.1656,SGC,"Murillo - Tolima, Colombia",2021/07/24 08:03:57+00,3.2,MLr,convertida,2245,Subducción interplaca
4.2934,-73.6744,4925193.57812355,2032451.2016566,39,3.453,SGC,"El Calvario - Meta, Colombia",2021/07/25 02:51:21+00,3.5,MLr_3,convertida,2246,Cortical
2.7033,-75.2002,4755481.08214093,1856949.57427012,32,3.5488,SGC,"Rivera - Huila, Colombia",2021/07/25 22:11:25+00,3.6,MLr_2,convertida,2247,Cortical
4.7628,-76.14,4651761.3017796,2085076.44155024,112,3.0698,SGC,"Argelia - Valle del Cauca, Colombia",2021/08/08 03:56:47+00,3.1,MLr_1,convertida,2248,Subducción intraplaca
3.9161,-76.7652,4581866.23865985,1991669.12780917,41,3.3572,SGC,"Calima (El Darién) - Valle del Cauca, Colombia",2021/08/12 13:22:19+00,3.4,MLr_1,convertida,2249,Cortical
4.9173,-76.2325,4641573.49443275,2102222.18547049,94,3.0698,SGC,"San José del Palmar - Chocó, Colombia",2021/08/19 17:37:35+00,3.1,MLr_1,convertida,2250,Subducción intraplaca
1.6005,-76.2431,4639214.66549846,1735167.96383957,30,3.3572,SGC,"Santa Rosa - Cauca, Colombia",2021/09/10 15:04:50+00,3.4,MLr_2,convertida,2251,Cortical
3.5727,-74.2672,4859309.44002279,1952884.30357977,11,3.2614,SGC,"Uribe - Meta, Colombia",2021/09/14 19:24:24+00,3.3,MLr_3,convertida,2252,Cortical
3.4616,-74.2511,4861080.77374621,1940603.49214073,13,3.932,SGC,"Mesetas - Meta, Colombia",2021/09/26 15:47:56+00,4,MLr_3,convertida,2253,Cortical
2.8528,-76.0763,4658078.4326038,1873703.26502303,8,3.0698,SGC,"Páez (Belalcázar) - Cauca, Colombia",2021/10/09 05:47:16+00,3.1,MLr_2,convertida,2254,Cortical
2.1483,-76.5888,4600832.78762517,1795876.41586011,7,4.7942,SGC,"La Sierra - Cauca, Colombia",2021/10/29 16:43:45+00,4.9,MLr_2,convertida,2255,Cortical
3.484,-74.2021,4866525.5802922,1943071.97500255,0,3.0698,SGC,"Mesetas - Meta, Colombia",2021/10/29 17:46:44+00,3.1,MLr_3,convertida,2256,Cortical
4.1077,-76.3941,4623216.47949561,2012700.03728582,112,3.3572,SGC,"Riofrío - Valle del Cauca, Colombia",2021/10/29 20:50:56+00,3.4,MLr_1,convertida,2257,Subducción intraplaca
3.4415,-74.1839,4868540.83288777,1938372.59598934,9,3.2614,SGC,"Mesetas - Meta, Colombia",2021/10/30 10:00:35+00,3.3,MLr_3,convertida,2258,Cortical
4.2569,-76.0056,4666449.59770581,2029035.13492306,155,3.0698,SGC,"Sevilla - Valle del Cauca, Colombia",2021/10/31 01:11:21+00,3.1,MLr_2,convertida,2259,Subducción intraplaca
2.652,-75.0931,4767379.38652471,1851256.68245118,28,3.0698,SGC,"San Vicente del Caguán - Caquetá, Colombia",2021/11/03 21:48:09+00,3.1,MLr_2,convertida,2260,Cortical
4.5617,-76.2841,4635659.2081199,2062894.50729415,106,3.0698,SGC,"El Dovio - Valle del Cauca, Colombia",2021/11/06 16:00:41+00,3.1,MLr_1,convertida,2261,Subducción intraplaca
4.2919,-76.6614,4593599.90130982,2033225.29116092,87,3.2614,SGC,"El Litoral del San Juán (Docordó) - Chocó, Colombia",2021/11/16 03:00:07+00,3.3,MLr_1,convertida,2262,Subducción intraplaca
3.13,-75.9995,4666706.31003472,1904350.27349306,9,4.2194,SGC,"Planadas - Tolima, Colombia",2021/11/18 11:53:05+00,4.3,MLr_2,convertida,2263,Subducción interplaca
1.9694,-76.006,4665683.41427906,1775942.75318731,28,3.6446,SGC,"Elías - Huila, Colombia",2021/11/19 08:39:43+00,3.7,MLr_2,convertida,2264,Cortical
3.6992,-74.1954,4867300.70699718,1966853.68379627,14,4.1236,SGC,"Lejanías - Meta, Colombia",2021/11/29 02:53:39+00,4.2,MLr_3,convertida,2265,Cortical
4.3204,-76.4046,4622152.41709938,2036247.990389,124,4.6984,SGC,"Bolívar - Valle del Cauca, Colombia",2021/11/29 15:33:31+00,4.8,MLr_1,convertida,2266,Subducción intraplaca
4.3866,-73.6606,4926733.36867978,2042748.41797725,19,3.5488,SGC,"San Juanito - Meta, Colombia",2021/12/08 17:54:40+00,3.6,MLr_3,convertida,2267,Cortical
4.4221,-73.6515,4927746.11172691,2046670.26505614,0,4.5068,SGC,"San Juanito - Meta, Colombia",2021/12/08 19:07:15+00,4.6,MLr_3,convertida,2268,Cortical
4.041,-76.9598,4560288.39581226,2005602.20482508,40,3.0698,SGC,"Buenaventura - Valle del Cauca, Colombia",2021/12/12 03:30:17+00,3.1,MLr_1,convertida,2269,Cortical
2.8478,-74.9036,4788482.49934737,1872868.26194734,4,3.5488,SGC,"San Vicente del Caguán - Caquetá, Colombia",2021/12/21 17:26:15+00,3.6,MLr_2,convertida,2270,Cortical
2.2255,-76.5078,4609873.51422879,1804401.14820592,12,4.411,SGC,"Puracé (Coconuco) - Cauca, Colombia",2021/12/21 19:08:20+00,4.5,MLr_2,convertida,2271,Cortical
2.2173,-76.4998,4610762.21058108,1803491.33349603,12,3.932,SGC,"Sotará (Paispamba) - Cauca, Colombia",2021/12/23 20:10:13+00,4,MLr_2,convertida,2272,Cortical
4.1744,-77.0031,4555546.49663836,2020401.31299089,74,3.8362,SGC,"El Litoral del San Juán (Docordó) - Chocó, Colombia",2022/01/06 09:07:53+00,3.9,MLr_1,convertida,2273,Subducción intraplaca
2.87,-74.8508,4794355.37268617,1875312.83403251,34,3.1656,SGC,"San Vicente del Caguán - Caquetá, Colombia",2022/01/10 22:19:33+00,3.2,MLr_2,convertida,2274,Cortical
2.3937,-75.5982,4711152.23683442,1822794.65050655,32,3.3572,SGC,"Gigante - Huila, Colombia",2022/01/25 18:16:03+00,3.4,MLr_2,convertida,2275,Cortical
2.7308,-75.932,4674097.65790975,1860164.04053005,13,3.453,SGC,"Páez (Belalcázar) - Cauca, Colombia",2022/02/05 00:21:49+00,3.5,MLr_2,convertida,2276,Cortical
3.4489,-74.7772,4802645.27484851,1939292.85777487,45,4.5,SGC,"Dolores - Tolima, Colombia",2022/02/06 19:31:20+00,4.5,Mw,directa,2277,Cortical
4.3797,-76.3324,4630203.36841708,2042775.65081654,107,3.0698,SGC,"Bolívar - Valle del Cauca, Colombia",2022/02/10 08:22:47+00,3.1,MLr_1,convertida,2278,Subducción intraplaca
5.1708,-74.6841,4813407.45967108,2129612.3414355,25,3.453,SGC,"Guaduas - Cundinamarca, Colombia",2022/02/11 09:39:46+00,3.5,MLr_2,convertida,2279,Cortical
3.6203,-74.1043,4877404.13444145,1958121.28153467,9,3.453,SGC,"Lejanías - Meta, Colombia",2022/03/02 06:02:59+00,3.5,MLr_3,convertida,2280,Cortical
2.0212,-75.8965,4677882.33463998,1781651.74526958,22,3.0698,SGC,"Elías - Huila, Colombia",2022/03/09 23:48:02+00,3.1,MLr_2,convertida,2281,Cortical
4.912,-75.326,4742151.6016296,2101217.53210011,4,3.3572,SGC,"Casabianca - Tolima, Colombia",2022/03/27 17:24:51+00,3.4,MLr_2,convertida,2282,Subducción interplaca
2.307,-76.3907,4622933.68424182,1813391.21182589,3,3.2614,SGC,"Puracé (Coconuco) - Cauca, Colombia",2022/03/29 12:14:46+00,3.3,MLr,convertida,2283,Cortical
3.8777,-77.0332,4552036.39120765,1987554.53612343,33,3.7404,SGC,"Buenaventura - Valle del Cauca, Colombia",2022/04/08 01:39:51+00,3.8,MLr_1,convertida,2284,Cortical
2.3451,-75.6172,4709028.33611223,1817423.34301252,22,3.2614,SGC,"Gigante - Huila, Colombia",2022/04/09 10:45:44+00,3.3,MLr_2,convertida,2285,Cortical
3.6918,-77.0543,4549592.59294773,1966974.12147728,30,3.1656,SGC,"Buenaventura - Valle del Cauca, Colombia",2022/04/09 19:08:44+00,3.2,MLr_1,convertida,2286,Cortical
2.0022,-76.0826,4657162.84755949,1779587.59125847,26,4.6,SGC,"Saladoblanco - Huila, Colombia",2022/04/19 14:32:25+00,4.6,Mw,directa,2287,Cortical
1.9895,-76.0815,4657282.67002496,1778182.13334515,21,3.0698,SGC,"Saladoblanco - Huila, Colombia",2022/04/19 14:35:14+00,3.1,MLr_2,convertida,2288,Cortical
3.9733,-76.3626,4626655.77300755,1997809.67189742,112,3.1656,SGC,"Yotoco - Valle del Cauca, Colombia",2022/04/25 04:21:43+00,3.2,MLr_1,convertida,2289,Subducción intraplaca
3.5844,-74.4739,4836357.99851693,1954211.68710972,30,3.0698,SGC,"Uribe - Meta, Colombia",2022/05/08 11:34:23+00,3.1,MLr_3,convertida,2290,Cortical
4.53,-76.2776,4636365.18298108,2059382.88983579,113,3.2614,SGC,"El Dovio - Valle del Cauca, Colombia",2022/05/12 12:49:39+00,3.3,MLr_1,convertida,2291,Subducción intraplaca
4.0918,-76.5827,4602245.35781145,2011031.33554062,66,5.1774,SGC,"El Litoral del San Juán (Docordó) - Chocó, Colombia",2022/05/12 16:23:28+00,5.3,MLr_1,convertida,2292,Subducción intraplaca
4.4982,-76.126,4653186.39904796,2055789.62812992,96,3.5488,SGC,"Roldanillo - Valle del Cauca, Colombia",2022/05/22 17:47:02+00,3.6,MLr_1,convertida,2293,Subducción intraplaca
3.8082,-76.5623,4604378.46274985,1979625.47064431,128,3.6446,SGC,"Restrepo - Valle del Cauca, Colombia",2022/05/29 19:38:49+00,3.7,MLr_1,convertida,2294,Subducción intraplaca
4.3797,-73.6323,4929871.58616881,2041983.26608904,40,4.0278,SGC,"El Calvario - Meta, Colombia",2022/06/12 04:00:16+00,4.1,MLr_3,convertida,2295,Cortical
1.9895,-76.0751,4657995.15105665,1778180.80312879,21,3.1656,SGC,"Saladoblanco - Huila, Colombia",2022/06/13 15:27:21+00,3.2,MLr_2,convertida,2296,Cortical
4.3499,-75.3711,4736941.42946015,2039074.0718212,0,3.0698,SGC,"Ibagué - Tolima, Colombia",2022/06/22 01:26:21+00,3.1,MLr_2,convertida,2297,Subducción interplaca
4.9501,-76.2273,4642168.29087493,2105849.30721834,103,4.2194,SGC,"San José del Palmar - Chocó, Colombia",2022/06/30 18:37:45+00,4.3,MLr_1,convertida,2298,Subducción intraplaca
5.0147,-76.3034,4633757.25595602,2113040.59587541,91,3.0698,SGC,"San José del Palmar - Chocó, Colombia",2022/07/02 08:25:41+00,3.1,MLr_1,convertida,2299,Subducción intraplaca
4.4707,-76.2752,4636602.27156834,2052818.81175887,120,3.1656,SGC,"Roldanillo - Valle del Cauca, Colombia",2022/07/16 16:38:25+00,3.2,MLr_1,convertida,2300,Subducción intraplaca
5.1602,-74.6958,4812107.64251068,2128444.03613866,24,3.0698,SGC,"Guaduas - Cundinamarca, Colombia",2022/07/22 16:52:43+00,3.1,MLr_2,convertida,2301,Cortical
4.2273,-76.7667,4581860.51064324,2026128.98874783,36,3.1656,SGC,"El Litoral del San Juán (Docordó) - Chocó, Colombia",2022/08/03 02:47:28+00,3.2,MLr_1,convertida,2302,Cortical
4.8708,-76.1042,4655789.97213113,2097009.15965469,108,4.0278,SGC,"El Águila - Valle del Cauca, Colombia",2022/08/17 10:46:50+00,4.1,MLr_1,convertida,2303,Subducción intraplaca
3.61,-77.3685,4514577.61737367,1958075.53322273,5,3.1656,SGC,Océano Pacífico,2022/08/23 02:42:30+00,3.2,MLr_1,convertida,2304,Cortical
4.869,-75.333,4741358.67664377,2096465.0893534,4,3.2614,SGC,"Murillo - Tolima, Colombia",2022/08/28 23:41:34+00,3.3,MLr_2,convertida,2305,Subducción interplaca
2.9827,-76.7381,4584473.7530827,1888304.64804409,106,3.0698,SGC,"Suárez - Cauca, Colombia",2022/09/28 22:51:10+00,3.1,MLr_1,convertida,2306,Subducción intraplaca
2.9343,-76.0297,4663286.85463666,1882706.95159533,1,3.1656,SGC,"Páez (Belalcázar) - Cauca, Colombia",2022/09/30 11:59:22+00,3.2,MLr,convertida,2307,Cortical
2.2203,-76.5113,4609482.39573111,1803826.45692715,12,3.1656,SGC,"Puracé (Coconuco) - Cauca, Colombia",2022/10/18 08:04:23+00,3.2,MLr_2,convertida,2308,Cortical
2.8368,-76.11,4654324.33525135,1871942.9200947,4,3.7404,SGC,"Páez (Belalcázar) - Cauca, Colombia",2022/10/21 18:43:09+00,3.8,MLr_2,convertida,2309,Cortical
4.7099,-76.1504,4650580.14158739,2079227.82441974,91,3.3572,SGC,"Argelia - Valle del Cauca, Colombia",2022/10/23 07:20:40+00,3.4,MLr_1,convertida,2310,Subducción intraplaca
3.7934,-76.0039,4666449.52492651,1977751.44742969,68,3.1656,SGC,"Buga - Valle del Cauca, Colombia",2022/10/29 22:40:18+00,3.2,MLr_2,convertida,2311,Subducción intraplaca
2.0509,-76.1072,4654434.57120419,1784981.44712518,19,3.5488,SGC,"Oporapa - Huila, Colombia",2022/11/08 05:11:55+00,3.6,MLr_2,convertida,2312,Cortical
4.876,-75.337,4740917.6676131,2097240.72055105,4,3.0698,SGC,"Villamaria - Caldas, Colombia",2022/11/10 02:25:11+00,3.1,MLr_2,convertida,2313,Subducción interplaca
2.4064,-75.4524,4727373.90332007,1824169.25927266,22,3.0698,SGC,"Gigante - Huila, Colombia",2022/11/22 19:23:05+00,3.1,MLr_2,convertida,2314,Cortical
4.482,-75.395,4734335.39158666,2053691.18624978,3,4.411,SGC,"Ibagué - Tolima, Colombia",2022/12/02 12:36:00+00,4.5,MLr_2,convertida,2315,Subducción interplaca
3.6521,-75.794,4689726.2544912,1962042.44151425,20,3.2614,SGC,"Rioblanco - Tolima, Colombia",2022/12/05 08:11:04+00,3.3,MLr_2,convertida,2316,Subducción interplaca
3.7511,-76.7602,4582342.01245823,1973396.41015323,64,4.0278,SGC,"Dagua - Valle del Cauca, Colombia",2022/12/12 09:49:08+00,4.1,MLr_1,convertida,2317,Subducción intraplaca
1.9473,-76.0043,4665868.27100262,1773497.27123973,9,3.6446,SGC,"Pitalito - Huila, Colombia",2022/12/20 15:05:35+00,3.7,MLr_2,convertida,2318,Cortical
1.9514,-76.0219,4663909.83238019,1773954.40635226,32,3.453,SGC,"Pitalito - Huila, Colombia",2022/12/20 23:34:20+00,3.5,MLr_2,convertida,2319,Cortical
3.2181,-75.2096,4754549.33671767,1913873.47862914,4,3.0698,SGC,"Villavieja - Huila, Colombia",2022/12/25 10:55:54+00,3.1,MLr_2,convertida,2320,Cortical
3.4986,-74.2096,4865694.7739165,1944686.55267173,10,3.5488,SGC,"Mesetas - Meta, Colombia",2022/12/28 04:19:12+00,3.6,MLr_3,convertida,2321,Cortical
2.8763,-74.8093,4798969.1440513,1876001.88062669,28,4.0278,SGC,"San Vicente del Caguán - Caquetá, Colombia",2022/12/29 20:07:50+00,4.1,MLr_2,convertida,2322,Cortical
1.9313,-75.5825,4712811.79114325,1771649.83439311,13,3.3572,SGC,"Florencia - Caquetá, Colombia",2023/01/05 21:00:17+00,3.4,MLr_2,convertida,2323,Cortical
3.4695,-74.2026,4866468.01494076,1941469.58958525,14,3.8362,SGC,"Mesetas - Meta, Colombia",2023/01/05 23:37:12+00,3.9,MLr_3,convertida,2324,Cortical
4.49,-75.396,4734227.29803385,2054576.25906431,4,3.1656,SGC,"Cajamarca - Tolima, Colombia",2023/01/21 06:57:29+00,3.2,MLr_2,convertida,2325,Subducción interplaca
4.6956,-74.8387,4796127.70004237,2077126.2412216,36,3.0698,SGC,"Venadillo - Tolima, Colombia",2023/01/25 21:41:52+00,3.1,MLr_2,convertida,2326,Cortical
4.394,-74.2461,4861789.58702829,2043648.91557406,16,3.6446,SGC,"Pasca - Cundinamarca, Colombia",2023/02/06 19:44:12+00,3.7,MLr_3,convertida,2327,Cortical
3.1405,-75.9623,4670846.84093782,1905500.19919283,4,3.1656,SGC,"Planadas - Tolima, Colombia",2023/02/20 10:46:08+00,3.2,MLr_2,convertida,2328,Subducción interplaca
3.132,-75.964,4670655.11427426,1904560.31871431,7,3.453,SGC,"Planadas - Tolima, Colombia",2023/02/20 23:45:59+00,3.5,MLr_2,convertida,2329,Subducción interplaca
2.9255,-75.9872,4668011.91980729,1881720.60659892,11,3.2614,SGC,"Páez (Belalcázar) - Cauca, Colombia",2023/02/22 19:02:36+00,3.3,MLr_2,convertida,2330,Cortical
2.035,-75.9125,4676104.19893372,1783181.63592877,24,3.7404,SGC,"Elías - Huila, Colombia",2023/02/27 08:47:59+00,3.8,MLr_2,convertida,2331,Cortical
2.4335,-77.2781,4524127.58381685,1827673.79703043,13,3.3572,SGC,"Argelia - Cauca, Colombia",2023/03/10 14:29:26+00,3.4,MLr_1,convertida,2332,Cortical
3.9796,-76.0834,4657688.73733321,1998385.69180614,165,4.0278,SGC,"Tuluá - Valle del Cauca, Colombia",2023/03/15 16:50:41+00,4.1,MLr_2,convertida,2333,Subducción intraplaca
4.8554,-74.7761,4803116.54584265,2094773.59330536,28,3.453,SGC,"Ambalema - Tolima, Colombia",2023/03/17 13:44:48+00,3.5,MLr_2,convertida,2334,Cortical
4.5363,-76.3288,4630681.66907547,2060106.08692175,116,3.453,SGC,"El Dovio - Valle del Cauca, Colombia",2023/03/21 08:57:22+00,3.5,MLr_1,convertida,2335,Subducción intraplaca
4.875,-75.338,4740806.36172619,2097130.5202495,3,3.0698,SGC,"Villamaria - Caldas, Colombia",2023/03/30 15:46:01+00,3.1,MLr_2,convertida,2336,Subducción interplaca
4.874,-75.341,4740473.2101658,2097021.09020443,3,3.0698,SGC,"Villamaria - Caldas, Colombia",2023/04/01 10:40:43+00,3.1,MLr_2,convertida,2337,Subducción interplaca
3.9595,-76.2528,4638853.98539793,1996233.56597334,108,3.453,SGC,"San Pedro - Valle del Cauca, Colombia",2023/04/02 02:21:09+00,3.5,MLr_2,convertida,2338,Subducción intraplaca
4.874,-75.344,4740140.4415601,2097022.24680981,4,3.0698,SGC,"Villamaria - Caldas, Colombia",2023/04/04 23:24:25+00,3.1,MLr_2,convertida,2339,Subducción interplaca
4.879,-75.34,4740586.0536159,2097573.63163431,4,3.8362,SGC,"Villamaria - Caldas, Colombia",2023/04/05 02:16:35+00,3.9,MLr_2,convertida,2340,Subducción interplaca
4.9586,-76.095,4656856.10970266,2106719.89123962,104,3.1656,SGC,"San José del Palmar - Chocó, Colombia",2023/04/12 12:02:28+00,3.2,MLr_1,convertida,2341,Subducción intraplaca
3.0468,-75.9485,4672352.75721662,1895129.29896472,9,3.6446,SGC,"Planadas - Tolima, Colombia",2023/04/13 03:27:23+00,3.7,MLr_2,convertida,2342,Subducción interplaca
4.6824,-76.21,4643948.94911785,2076214.70726328,98,3.5488,SGC,"El Cairo - Valle del Cauca, Colombia",2023/04/14 05:08:38+00,3.6,MLr_1,convertida,2343,Subducción intraplaca
3.4637,-74.3065,4854928.56351555,1940843.87388171,18,4.0278,SGC,"Uribe - Meta, Colombia",2023/04/15 15:52:53+00,4.1,MLr_3,convertida,2344,Cortical
2.9531,-76.0728,4658497.99392265,1884800.21838597,3,3.0698,SGC,"Páez (Belalcázar) - Cauca, Colombia",2023/04/17 15:32:02+00,3.1,MLr_2,convertida,2345,Cortical
3.7413,-77.2555,4527226.84648844,1972563.23790674,11,3.0698,SGC,Océano Pacífico,2023/04/23 00:51:01+00,3.1,MLr_1,convertida,2346,Cortical
4.2008,-76.2921,4634595.19249993,2022956.3139807,122,3.5488,SGC,"Riofrío - Valle del Cauca, Colombia",2023/05/04 14:09:19+00,3.6,MLr_1,convertida,2347,Subducción intraplaca
2.8451,-77.2678,4525432.14758918,1873273.85328285,43,3.0698,SGC,"López - Cauca, Colombia",2023/05/05 07:54:04+00,3.1,MLr_1,convertida,2348,Cortical
3.7892,-76.445,4617413.11683,1977469.31466986,128,3.1656,SGC,"Yotoco - Valle del Cauca, Colombia",2023/05/09 07:40:28+00,3.2,MLr_1,convertida,2349,Subducción intraplaca
2.208,-76.9039,4565750.35216071,1802574.07202333,140,3.5488,SGC,"La Sierra - Cauca, Colombia",2023/05/10 13:30:53+00,3.6,MLr_2,convertida,2350,Subducción intraplaca
4.0977,-73.848,4905912.68346546,2010844.76070701,10,5.3,SGC,"Acacías - Meta, Colombia",2023/05/14 01:04:17+00,5.3,Mw(mB),directa,2351,Cortical
4.8496,-76.2321,4641581.87570073,2094729.71237848,112,3.0698,SGC,"San José del Palmar - Chocó, Colombia",2023/05/20 07:17:23+00,3.1,MLr_1,convertida,2352,Subducción intraplaca
4.4081,-76.3006,4633750.01101666,2045903.18648664,98,4.2194,SGC,"Bolívar - Valle del Cauca, Colombia",2023/05/22 12:14:15+00,4.3,MLr_1,convertida,2353,Subducción intraplaca
3.9183,-76.8739,4569777.87573552,1991967.88807613,56,3.5488,SGC,"Buenaventura - Valle del Cauca, Colombia",2023/05/23 21:38:42+00,3.6,MLr_1,convertida,2354,Subducción intraplaca
4.864,-75.51,4721722.00173744,2095982.57022444,8,3.0698,SGC,"Santa Rosa de Cabal - Risaralda, Colombia",2023/05/25 09:29:40+00,3.1,MLr_2,convertida,2355,Subducción interplaca
3.9373,-76.452,4616701.41561736,1993865.7824835,128,4.2194,SGC,"Calima (El Darién) - Valle del Cauca, Colombia",2023/06/10 01:53:56+00,4.3,MLr_1,convertida,2356,Subducción intraplaca
4.3204,-76.9335,4563368.56673461,2036531.97258722,64,3.3572,SGC,"El Litoral del San Juán (Docordó) - Chocó, Colombia",2023/06/11 15:50:57+00,3.4,MLr_1,convertida,2357,Subducción intraplaca
1.527,-76.2382,4639747.80202633,1727033.27742514,23,3.0698,SGC,"Santa Rosa - Cauca, Colombia",2023/06/12 16:35:22+00,3.1,MLr_2,convertida,2358,Cortical
2.5483,-75.458,4726780.10265586,1839863.0937272,32,3.0698,SGC,"Hobo - Huila, Colombia",2023/06/16 11:14:36+00,3.1,MLr_2,convertida,2359,Cortical
2.7504,-75.0677,4770222.01073019,1862131.08208213,33,3.3572,SGC,"Rivera - Huila, Colombia",2023/06/22 04:16:49+00,3.4,MLr_2,convertida,2360,Cortical
3.2034,-73.8599,4904497.81702779,1912023.54602724,23,5.0816,SGC,"Vistahermosa - Meta, Colombia",2023/06/29 20:52:29+00,5.2,MLr_3,convertida,2361,Cortical
3.1938,-73.8429,4906385.13723714,1910961.1661641,19,4.0278,SGC,"Vistahermosa - Meta, Colombia",2023/07/02 04:37:51+00,4.1,MLr_3,convertida,2362,Cortical
4.4363,-73.5263,4941632.82731304,2048228.31885861,7,3.0698,SGC,"Medina - Cundinamarca, Colombia",2023/07/16 07:06:44+00,3.1,MLr_3,convertida,2363,Cortical
3.6468,-76.2638,4637500.48104157,1961631.91739735,153,4.6026,SGC,"El Cerrito - Valle del Cauca, Colombia",2023/08/03 17:09:35+00,4.7,MLr_2,convertida,2364,Subducción intraplaca
4.1675,-74.9962,4778500.34960788,2018787.81363383,39,3.1656,SGC,"Guamo - Tolima, Colombia",2023/08/08 09:05:53+00,3.2,MLr_2,convertida,2365,Cortical
4.2628,-73.7501,4916792.95664478,2029077.6735732,17,3.932,SGC,"Guayabetal - Cundinamarca, Colombia",2023/08/17 12:14:26+00,4,MLr_3,convertida,2366,Cortical
4.2659,-73.7522,4916560.3290986,2029420.45504296,13,5.4648,SGC,"Guayabetal - Cundinamarca, Colombia",2023/08/17 12:17:18+00,5.6,MLr_3,convertida,2367,Cortical
4.3786,-73.6825,4924303.53955857,2041866.5948681,-2,3.3572,SGC,"San Juanito - Meta, Colombia",2023/08/17 12:20:02+00,3.4,MLr_3,convertida,2368,Cortical
4.4099,-73.6745,4925193.98487318,2045324.44095795,16,3.2614,SGC,"San Juanito - Meta, Colombia",2023/08/17 15:19:21+00,3.3,MLr_3,convertida,2369,Cortical
4.4204,-73.6137,4931938.28828261,2046478.84817156,13,4.9858,SGC,"Restrepo - Meta, Colombia",2023/08/17 20:15:26+00,5.1,MLr_3,convertida,2370,Cortical
4.4046,-73.6734,4925315.45796943,2044738.68081662,17,3.1656,SGC,"San Juanito - Meta, Colombia",2023/08/17 22:39:13+00,3.2,MLr_3,convertida,2371,Cortical
4.2887,-73.7581,4915908.30536092,2031940.5336361,14,3.1656,SGC,"El Calvario - Meta, Colombia",2023/08/18 14:46:02+00,3.2,MLr_3,convertida,2372,Cortical
4.4792,-76.3392,4629497.54746187,2053791.60925182,108,3.0698,SGC,"Bolívar - Valle del Cauca, Colombia",2023/08/19 08:56:21+00,3.1,MLr_1,convertida,2373,Subducción intraplaca
4.4903,-73.5637,4937489.57147024,2054198.25490048,17,3.453,SGC,"Medina - Cundinamarca, Colombia",2023/08/22 05:23:04+00,3.5,MLr_3,convertida,2374,Cortical
4.3662,-73.6914,4923315.12752937,2040497.29515681,5,3.2614,SGC,"El Calvario - Meta, Colombia",2023/08/25 22:33:57+00,3.3,MLr_3,convertida,2375,Cortical
3.1642,-73.9153,4898340.63276734,1907697.14211161,18,3.0698,SGC,"Vistahermosa - Meta, Colombia",2023/08/31 18:47:47+00,3.1,MLr_3,convertida,2376,Cortical
4.2768,-73.7407,4917837.2265227,2030623.6813505,14,3.3572,SGC,"Villavicencio - Meta, Colombia",2023/09/01 07:43:00+00,3.4,MLr_3,convertida,2377,Cortical
4.3395,-73.7134,4920872.14161619,2037549.20318097,16,3.453,SGC,"El Calvario - Meta, Colombia",2023/09/24 01:47:03+00,3.5,MLr_3,convertida,2378,Cortical
4.4691,-73.601,4933351.1941451,2051858.97558816,13,3.1656,SGC,"Medina - Cundinamarca, Colombia",2023/09/25 06:00:35+00,3.2,MLr_3,convertida,2379,Cortical
4.877,-75.314,4743469.23529302,2097342.49749916,4,3.453,SGC,"Murillo - Tolima, Colombia",2023/09/28 05:12:09+00,3.5,MLr_2,convertida,2380,Subducción interplaca
4.877,-75.314,4743469.23529302,2097342.49749916,3,3.7404,SGC,"Murillo - Tolima, Colombia",2023/09/28 06:14:05+00,3.8,MLr_2,convertida,2381,Subducción interplaca
2.7483,-75.1667,4759214.8455777,1861918.41584765,41,3.0698,SGC,"Rivera - Huila, Colombia",2023/10/09 21:54:07+00,3.1,MLr_2,convertida,2382,Cortical
2.1847,-74.3098,4854402.8346993,1799492.51820389,24,3.3572,SGC,"La Macarena - Meta, Colombia",2023/10/16 20:05:50+00,3.4,MLr_2,convertida,2383,Cortical
2.9233,-76.026,4663695.15928441,1881488.76173731,1,3.5488,SGC,"Páez (Belalcázar) - Cauca, Colombia",2023/10/21 00:38:20+00,3.6,MLr_2,convertida,2384,Cortical
4.848,-75.225,4753330.26407492,2094102.51792915,4,3.1656,SGC,"Murillo - Tolima, Colombia",2023/10/22 08:37:54+00,3.2,MLr_2,convertida,2385,Subducción interplaca
4.4035,-76.1784,4647321.84034763,2045335.09037393,109,3.8362,SGC,"Roldanillo - Valle del Cauca, Colombia",2023/10/31 04:52:02+00,3.9,MLr_1,convertida,2386,Subducción intraplaca
1.1724,-76.4621,4614753.2972112,1687821.65419814,17,3.5488,SGC,"Santa Rosa - Cauca, Colombia",2023/11/01 10:28:24+00,3.6,MLr_2,convertida,2387,Cortical
4.4024,-73.6702,4925670.15707003,2044495.26147502,15,3.5488,SGC,"San Juanito - Meta, Colombia",2023/11/04 00:25:29+00,3.6,MLr_3,convertida,2388,Cortical
4.3696,-76.4373,4618543.78741059,2041710.31860711,70,3.932,SGC,"Bolívar - Valle del Cauca, Colombia",2023/11/06 15:58:31+00,4,MLr_1,convertida,2389,Subducción intraplaca
4.3546,-73.591,4934450.15929222,2039206.02930072,12,4.2194,SGC,"Restrepo - Meta, Colombia",2023/11/10 02:48:02+00,4.3,MLr_3,convertida,2390,Cortical
3.6193,-74.4558,4838374.17202268,1958065.8250018,30,3.1656,SGC,"Uribe - Meta, Colombia",2023/11/19 02:23:07+00,3.2,MLr_3,convertida,2391,Cortical
4.3771,-76.1291,4652785.44657086,2042390.59379001,136,3.932,SGC,"Zarzal - Valle del Cauca, Colombia",2023/11/26 09:30:58+00,4,MLr_2,convertida,2392,Subducción intraplaca
4.5411,-75.8793,4680599.21647391,2060423.02465975,141,3.1656,SGC,"Obando - Valle del Cauca, Colombia",2023/11/27 21:42:53+00,3.2,MLr_2,convertida,2393,Subducción intraplaca
3.7976,-76.9586,4560294.34742739,1978643.90031046,40,3.7404,SGC,"Buenaventura - Valle del Cauca, Colombia",2023/12/13 08:31:02+00,3.8,MLr_1,convertida,2394,Cortical
4.917,-75.336,4741044.37707605,2101774.32368319,5,3.8362,SGC,"Casabianca - Tolima, Colombia",2024/01/03 11:03:31+00,3.9,MLr_2,convertida,2395,Subducción interplaca
2.9441,-74.8413,4795424.64969496,1883502.57662151,38,4.0278,SGC,"Uribe - Meta, Colombia",2024/01/04 14:25:35+00,4.1,MLr_2,convertida,2396,Cortical
2.6462,-75.166,4759272.58097676,1850629.33783186,29,3.2614,SGC,"Algeciras - Huila, Colombia",2024/01/16 13:03:06+00,3.3,MLr_2,convertida,2397,Cortical
4.7845,-76.036,4663316.83187698,2087425.78138893,52,5.6,SGC,"Ansermanuevo - Valle del Cauca, Colombia",2024/01/19 06:26:03+00,5.6,Mw(mB),directa,2398,Subducción intraplaca
4.7963,-76.061,4660547.62862078,2088743.78163963,30,3.6446,SGC,"Ansermanuevo - Valle del Cauca, Colombia",2024/01/19 06:47:28+00,3.7,MLr_1,convertida,2399,Subducción interplaca
4.7549,-76.006,4666632.48798038,2084136.04178696,46,3.2614,SGC,"Ansermanuevo - Valle del Cauca, Colombia",2024/01/19 17:00:43+00,3.3,MLr_1,convertida,2400,Subducción interplaca
4.7771,-76.0189,4665211.31956816,2086598.6280562,49,3.2614,SGC,"Ansermanuevo - Valle del Cauca, Colombia",2024/01/20 03:25:35+00,3.3,MLr_1,convertida,2401,Subducción interplaca
5.0459,-75.8803,4680723.00091235,2116270.65602787,109,3.3572,SGC,"Viterbo - Caldas, Colombia",2024/01/25 00:36:27+00,3.4,MLr_2,convertida,2402,Subducción intraplaca
4.4571,-73.749,4916936.32286993,2050548.02066784,0,3.1656,SGC,"Fómeque - Cundinamarca, Colombia",2024/02/02 13:40:50+00,3.2,MLr_3,convertida,2403,Cortical
2.3865,-75.399,4733309.89015227,1821958.05293014,3,3.1656,SGC,"Algeciras - Huila, Colombia",2024/02/07 23:18:40+00,3.2,MLr_2,convertida,2404,Cortical
4.7656,-75.9915,4668247.13817797,2085312.93419888,48,3.8362,SGC,"Ansermanuevo - Valle del Cauca, Colombia",2024/02/10 08:57:07+00,3.9,MLr_1,convertida,2405,Subducción interplaca
1.5407,-76.0585,4659761.40099922,1728519.78203906,33,3.6446,SGC,"Belén de los Andaquíes - Caquetá, Colombia",2024/02/22 22:42:11+00,3.7,MLr_2,convertida,2406,Cortical
4.3183,-76.2766,4636372.77759809,2035953.04202207,118,3.1656,SGC,"Bolívar - Valle del Cauca, Colombia",2024/03/01 12:42:27+00,3.2,MLr_1,convertida,2407,Subducción intraplaca
4.9025,-76.4949,4612434.96650013,2100730.61549242,87,3.8362,SGC,"Nóvita - Chocó, Colombia",2024/03/09 06:18:38+00,3.9,MLr_1,convertida,2408,Subducción intraplaca
4.7707,-76.0125,4665918.61308715,2085887.38130558,51,3.6446,SGC,"Ansermanuevo - Valle del Cauca, Colombia",2024/03/16 21:48:56+00,3.7,MLr_1,convertida,2409,Subducción intraplaca
4.49,-75.396,4734227.29803385,2054576.25906431,3,4.1236,SGC,"Ibagué - Tolima, Colombia",2024/03/23 02:25:21+00,4.2,MLr,convertida,2410,Subducción interplaca
2.4149,-75.3662,4736963.70548964,1825092.2705753,27,4.0278,SGC,"Algeciras - Huila, Colombia",2024/03/30 17:41:35+00,4.1,MLr_2,convertida,2411,Cortical
2.027,-75.9513,4671783.86760845,1782304.4138883,29,3.2614,SGC,"Elías - Huila, Colombia",2024/03/31 23:23:46+00,3.3,MLr_2,convertida,2412,Cortical
3.2536,-77.4375,4506711.71266781,1918615.87571477,94,3.0698,SGC,"Buenaventura - Valle del Cauca, Colombia",2024/04/07 01:26:07+00,3.1,MLr_1,convertida,2413,Subducción intraplaca
3.8483,-76.228,4641563.10017196,1983916.72071597,115,3.3572,SGC,"Buga - Valle del Cauca, Colombia",2024/04/07 05:45:25+00,3.4,MLr_2,convertida,2414,Subducción intraplaca
4.3347,-73.6232,4930876.79815281,2037009.9789441,10,3.0698,SGC,"El Calvario - Meta, Colombia",2024/04/11 18:46:12+00,3.1,MLr_3,convertida,2415,Cortical
4.4644,-76.5439,4606749.048176,2052260.01125201,96,3.5488,SGC,"Sipí - Chocó, Colombia",2024/04/14 13:54:14+00,3.6,MLr_1,convertida,2416,Subducción intraplaca
3.7622,-74.1801,4869008.70703278,1973813.78801032,14,3.453,SGC,"Lejanías - Meta, Colombia",2024/04/17 09:42:31+00,3.5,MLr_3,convertida,2417,Cortical
3.9722,-76.1931,4645494.58575966,1997613.17865295,105,3.0698,SGC,"San Pedro - Valle del Cauca, Colombia",2024/04/18 17:28:23+00,3.1,MLr_2,convertida,2418,Subducción intraplaca
4.7035,-75.5807,4713811.73476877,2078260.0496763,144,3.3572,SGC,"Pereira - Risaralda, Colombia",2024/04/21 06:59:57+00,3.4,MLr_2,convertida,2419,Subducción intraplaca
4.494,-75.3453,4739855.6971815,2055000.36104401,183,3.2614,SGC,"Ibagué - Tolima, Colombia",2024/04/23 13:52:22+00,3.3,MLr_2,convertida,2420,Subducción intraplaca
3.8627,-74.0417,4884386.3589748,1984900.3880406,11,3.453,SGC,"Cubarral - Meta, Colombia",2024/04/28 17:38:22+00,3.5,MLr_3,convertida,2421,Cortical
4.9136,-76.1081,4655379.03052455,2101747.20408965,113,3.7404,SGC,"El Águila - Valle del Cauca, Colombia",2024/04/30 10:44:50+00,3.8,MLr_1,convertida,2422,Subducción intraplaca
1.9863,-76.0975,4655500.78393257,1777831.39262746,18,3.453,SGC,"Saladoblanco - Huila, Colombia",2024/05/05 01:11:04+00,3.5,MLr_2,convertida,2423,Cortical
4.7707,-75.9933,4668049.79320878,2085878.08304272,49,3.3572,SGC,"Ansermanuevo - Valle del Cauca, Colombia",2024/05/15 23:14:29+00,3.4,MLr_1,convertida,2424,Subducción interplaca
4.0648,-74.9661,4781813.60420947,2007425.27393059,19,3.1656,SGC,"Guamo - Tolima, Colombia",2024/05/27 03:44:48+00,3.2,MLr_2,convertida,2425,Cortical
4.4543,-73.6116,4932174.28899905,2050224.56281502,15,3.8362,SGC,"San Juanito - Meta, Colombia",2024/06/03 06:52:40+00,3.9,MLr_3,convertida,2426,Cortical
4.2162,-75.7938,4689957.41532646,2024444.33804555,16,4.2194,SGC,"Génova - Quindío, Colombia",2024/06/07 02:55:53+00,4.3,MLr_2,convertida,2427,Subducción interplaca
4.7543,-75.9927,4668108.51564418,2084063.24360422,53,3.2614,SGC,"Ansermanuevo - Valle del Cauca, Colombia",2024/07/05 04:37:26+00,3.3,MLr_1,convertida,2428,Subducción intraplaca
4.2675,-76.4662,4615281.16323222,2030423.25320037,74,3.453,SGC,"Bolívar - Valle del Cauca, Colombia",2024/07/09 08:11:17+00,3.5,MLr_1,convertida,2429,Subducción intraplaca
2.8256,-76.1053,4654843.93137011,1870702.22051126,6,3.3572,SGC,"Páez (Belalcázar) - Cauca, Colombia",2024/07/18 14:59:07+00,3.4,MLr_2,convertida,2430,Cortical
4.7586,-76.1293,4652947.04087871,2084606.27952306,96,3.1656,SGC,"Argelia - Valle del Cauca, Colombia",2024/07/18 21:06:28+00,3.2,MLr_1,convertida,2431,Subducción intraplaca
3.5886,-74.3642,4848540.69215435,1954657.01052885,22,4.1236,SGC,"Uribe - Meta, Colombia",2024/07/30 00:32:17+00,4.2,MLr_3,convertida,2432,Cortical
2.0577,-74.7395,4806608.75331996,1785502.61006245,22,3.0698,SGC,"San Vicente del Caguán - Caquetá, Colombia",2024/07/31 01:14:42+00,3.1,MLr_2,convertida,2433,Cortical
4.9263,-76.233,4641522.82206011,2103218.47242315,102,3.3572,SGC,"San José del Palmar - Chocó, Colombia",2024/07/31 19:28:15+00,3.4,MLr_1,convertida,2434,Subducción intraplaca
4.8073,-75.963,4671430.4855956,2089912.96871537,54,3.2614,SGC,"Ansermanuevo - Valle del Cauca, Colombia",2024/08/02 22:49:27+00,3.3,MLr_1,convertida,2435,Subducción intraplaca
2.598,-75.4868,4723587.53974073,1845365.68979569,36,3.0698,SGC,"Yaguará - Huila, Colombia",2024/08/08 13:22:03+00,3.1,MLr_2,convertida,2436,Cortical
4.0061,-76.5514,4605683.19622179,2001528.59106712,56,3.1656,SGC,"Calima (El Darién) - Valle del Cauca, Colombia",2024/08/10 16:33:51+00,3.2,MLr_1,convertida,2437,Subducción intraplaca
4.8469,-76.0971,4656565.89942518,2094360.90076799,113,3.8362,SGC,"El Águila - Valle del Cauca, Colombia",2024/09/11 07:59:17+00,3.9,MLr_1,convertida,2438,Subducción intraplaca
2.5229,-75.5697,4714350.29827008,1837078.11846736,26,3.0698,SGC,"Yaguará - Huila, Colombia",2024/09/21 06:32:48+00,3.1,MLr_2,convertida,2439,Cortical
2.7245,-74.3125,4854161.18870016,1859149.82603931,30,3.6446,SGC,"Uribe - Meta, Colombia",2024/10/01 20:08:23+00,3.7,MLr_2,convertida,2440,Cortical
3.0146,-75.962,4670841.50971591,1891570.91119512,10,3.3572,SGC,"Planadas - Tolima, Colombia",2024/10/04 01:04:55+00,3.4,MLr_2,convertida,2441,Subducción interplaca
2.8552,-74.9359,4784893.52038866,1873692.32411718,29,3.0698,SGC,"San Vicente del Caguán - Caquetá, Colombia",2024/10/19 14:50:15+00,3.1,MLr_2,convertida,2442,Cortical
3.6119,-74.3993,4844646.92608676,1957238.08367754,22,3.453,SGC,"Uribe - Meta, Colombia",2024/10/25 12:03:44+00,3.5,MLr_3,convertida,2443,Cortical
2.3874,-75.4066,4732464.69567512,1822059.05707966,36,3.1656,SGC,"Algeciras - Huila, Colombia",2024/10/28 13:39:42+00,3.2,MLr_2,convertida,2444,Cortical
4.2146,-76.4532,4616699.66648087,2024561.1469083,76,3.2614,SGC,"El Litoral del San Juán (Docordó) - Chocó, Colombia",2024/10/30 04:47:19+00,3.3,MLr_1,convertida,2445,Subducción intraplaca
4.376,-73.699,4922473.15843274,2041580.97823188,16,4,SGC,"El Calvario - Meta, Colombia",2024/10/31 11:08:01+00,4,Mw,directa,2446,Cortical
3.2907,-76.4378,4618009.00638148,1922287.64135752,136,3.3572,SGC,"Puerto Tejada - Cauca, Colombia",2024/11/13 14:38:40+00,3.4,MLr_2,convertida,2447,Subducción intraplaca
3.8288,-74.94,4784650.31254145,1981327.46377801,26,3.1656,SGC,"Purificación - Tolima, Colombia",2024/11/16 06:41:35+00,3.2,MLr_2,convertida,2448,Cortical
4.3278,-76.2713,4636966.1229706,2037001.88606666,121,3.1656,SGC,"Bolívar - Valle del Cauca, Colombia",2024/11/20 06:50:10+00,3.2,MLr_1,convertida,2449,Subducción intraplaca
4.4326,-74.9185,4787198.87695334,2048074.18939367,25,3.0698,SGC,"Piedras - Tolima, Colombia",2024/11/27 06:49:01+00,3.1,MLr_2,convertida,2450,Cortical
2.8303,-74.3914,4845406.27655329,1870852.79258367,17,3.453,SGC,"Uribe - Meta, Colombia",2024/12/12 06:18:07+00,3.5,MLr_2,convertida,2451,Cortical
3.9336,-74.1036,4877525.79111455,1992744.31200933,11,3.2614,SGC,"Guamal - Meta, Colombia",2024/12/16 17:38:13+00,3.3,MLr_3,convertida,2452,Cortical
2.0973,-76.2351,4640205.85742641,1790144.50635255,0,3.3572,SGC,"Saladoblanco - Huila, Colombia",2024/12/18 20:30:39+00,3.4,MLr_2,convertida,2453,Cortical
2.797,-75.1115,4765361.63979947,1867291.87334324,27,3.453,SGC,"Neiva - Huila, Colombia",2024/12/24 21:15:46+00,3.5,MLr_2,convertida,2454,Cortical
4.2299,-76.2246,4642108.62312962,2026145.42530646,135,3.5488,SGC,"Bugalagrande - Valle del Cauca, Colombia",2024/12/27 02:14:32+00,3.6,MLr_1,convertida,2455,Subducción intraplaca
4.811,-74.6928,4812340.99194273,2089841.87351625,30,3.0698,SGC,"Beltrán - Cundinamarca, Colombia",2025/01/01 10:20:36+00,3.1,MLr_2,convertida,2456,Cortical
4.5072,-76.2855,4635476.34660761,2056863.50610666,24,4.4,SGC,"El Dovio - Valle del Cauca, Colombia",2025/01/04 03:17:19+00,4.4,Mw,directa,2457,Subducción interplaca
3.8362,-75.6614,4704524.14563786,1982360.95341221,13,3.1656,SGC,"Chaparral - Tolima, Colombia",2025/01/12 11:33:16+00,3.2,MLr_2,convertida,2458,Subducción interplaca
4.9136,-76.0291,4664146.62786299,2101706.9447243,110,3.2614,SGC,"El Águila - Valle del Cauca, Colombia",2025/01/20 22:14:55+00,3.3,MLr_1,convertida,2459,Subducción intraplaca
3.2351,-76.4318,4618655.48873965,1916131.09192088,49,3.0698,SGC,"Puerto Tejada - Cauca, Colombia",2025/01/21 14:47:47+00,3.1,MLr_2,convertida,2460,Cortical
4.1045,-76.5166,4609599.29535544,2012404.69085264,72,3.1656,SGC,"El Litoral del San Juán (Docordó) - Chocó, Colombia",2025/01/24 20:53:08+00,3.2,MLr_1,convertida,2461,Subducción intraplaca
4.712,-76.3595,4627363.78154894,2079568.67832813,100,3.3572,SGC,"Sipí - Chocó, Colombia",2025/01/28 09:53:21+00,3.4,MLr_1,convertida,2462,Subducción intraplaca
2.7917,-75.0678,4770218.86357546,1866697.25204834,23,3.1656,SGC,"Rivera - Huila, Colombia",2025/02/18 08:57:31+00,3.2,MLr_2,convertida,2463,Cortical
4.7464,-76.1596,4649577.09541583,2083271.55223929,93,3.1656,SGC,"El Cairo - Valle del Cauca, Colombia",2025/02/21 04:28:04+00,3.2,MLr_1,convertida,2464,Subducción intraplaca
2.9306,-76.028,4663474.85679864,1882297.0586876,0,3.3572,SGC,"Páez (Belalcázar) - Cauca, Colombia",2025/03/04 17:20:24+00,3.4,MLr_2,convertida,2465,Cortical
4.467,-76.4666,4615338.58417596,2052506.86581131,107,3.7404,SGC,"Sipí - Chocó, Colombia",2025/03/10 02:57:09+00,3.8,MLr_1,convertida,2466,Subducción intraplaca
4.6893,-76.1615,4649337.45242941,2076953.79678297,90,3.5488,SGC,"Argelia - Valle del Cauca, Colombia",2025/03/18 07:41:01+00,3.6,MLr_1,convertida,2467,Subducción intraplaca
4.2299,-73.7746,4914071.42049548,2025444.84748531,13,3.1656,SGC,"Guayabetal - Cundinamarca, Colombia",2025/03/19 02:54:27+00,3.2,MLr_3,convertida,2468,Cortical
3.7225,-76.9849,4557330.35491471,1970339.44228558,37,3.0698,SGC,"Buenaventura - Valle del Cauca, Colombia",2025/03/25 04:11:06+00,3.1,MLr_1,convertida,2469,Cortical
4.3633,-73.7022,4922116.91486751,2040177.9528636,13,3.6446,SGC,"El Calvario - Meta, Colombia",2025/03/27 08:52:38+00,3.7,MLr_3,convertida,2470,Cortical
3.8595,-75.6284,4708198.41674889,1984926.76278908,13,3.0698,SGC,"Chaparral - Tolima, Colombia",2025/03/28 21:38:24+00,3.1,MLr_2,convertida,2471,Subducción interplaca
4.6824,-76.1929,4645847.62717563,2076206.03766136,96,4.3152,SGC,"Argelia - Valle del Cauca, Colombia",2025/03/31 21:04:04+00,4.4,MLr_1,convertida,2472,Subducción intraplaca
4.504,-75.6605,4704873.73502109,2056226.30264295,161,3.8362,SGC,"Calarcá - Quindío, Colombia",2025/04/09 07:40:59+00,3.9,MLr_2,convertida,2473,Subducción intraplaca
4.5919,-76.2763,4636540.75379249,2066232.87312971,114,3.6446,SGC,"Versalles - Valle del Cauca, Colombia",2025/04/16 02:10:25+00,3.7,MLr_1,convertida,2474,Subducción intraplaca
3.8426,-75.6699,4703581.98212808,1983071.80286026,12,3.7404,SGC,"Chaparral - Tolima, Colombia",2025/05/01 18:54:12+00,3.8,MLr_2,convertida,2475,Subducción interplaca
2.7774,-75.0726,4769682.45829909,1865117.17056812,30,3.2614,SGC,"Rivera - Huila, Colombia",2025/05/15 20:46:05+00,3.3,MLr_2,convertida,2476,Cortical
4.1368,-75.398,4733882.29474302,2015517.13242616,25,3.7404,SGC,"Roncesvalles - Tolima, Colombia",2025/05/18 01:17:27+00,3.8,MLr_2,convertida,2477,Cortical
4.5046,-76.4353,4618835.40344429,2056652.49236555,100,3.2614,SGC,"Sipí - Chocó, Colombia",2025/05/18 19:44:42+00,3.3,MLr_1,convertida,2478,Subducción intraplaca
3.5939,-74.1863,4868295.70035456,1955215.20893857,9,3.0698,SGC,"Lejanías - Meta, Colombia",2025/05/21 09:57:45+00,3.1,MLr_3,convertida,2479,Cortical
3.2983,-77.5324,4496162.90982897,1923617.31207054,17,4.8,SGC,Océano Pacífico,2025/05/22 23:56:44+00,4.8,Mw,directa,2480,Cortical
2.4805,-75.3685,4736720.69651351,1832346.93480458,35,3.7404,SGC,"Algeciras - Huila, Colombia",2025/05/24 15:12:42+00,3.8,MLr_2,convertida,2481,Cortical
2.0572,-75.7274,4696709.29134064,1785601.21152667,27,3.2614,SGC,"Guadalupe - Huila, Colombia",2025/05/28 18:02:54+00,3.3,MLr_2,convertida,2482,Cortical
4.013,-74.2454,4861800.14102686,2001541.5113038,18,3.5488,SGC,"Bogotá - Cundinamarca, Colombia",2025/05/31 08:21:52+00,3.6,MLr_3,convertida,2483,Cortical
3.7934,-77.1866,4534922.92425254,1978298.23925761,72,3.2614,SGC,Océano Pacífico,2025/06/02 03:41:47+00,3.3,MLr_1,convertida,2484,Subducción intraplaca
4.158,-73.7926,4912066.46548055,2017501.74800553,9,3.6446,SGC,"Acacías - Meta, Colombia",2025/06/05 23:34:56+00,3.7,MLr_3,convertida,2485,Cortical
4.3839,-73.5876,4934829.80781804,2042443.327296,20,3.8362,SGC,"Restrepo - Meta, Colombia",2025/06/08 08:14:24+00,3.9,MLr_3,convertida,2486,Cortical
3.6706,-76.9772,4558161.33018367,1964587.29705593,92,3.0698,SGC,"Buenaventura - Valle del Cauca, Colombia",2025/06/19 15:06:20+00,3.1,MLr_1,convertida,2487,Subducción intraplaca
2.3415,-76.271,4636268.6906276,1817178.05622472,6,3.5488,SGC,"Inzá - Cauca, Colombia",2025/06/20 14:58:27+00,3.6,MLr_2,convertida,2488,Cortical
1.9789,-75.8858,4679065.05417404,1776970.05692929,13,3.1656,SGC,"Timaná - Huila, Colombia",2025/06/26 16:04:40+00,3.2,MLr_2,convertida,2489,Cortical
4.5342,-75.8808,4680429.64286903,2059660.32892176,143,3.2614,SGC,"Obando - Valle del Cauca, Colombia",2025/06/29 17:15:33+00,3.3,MLr_2,convertida,2490,Subducción intraplaca
4.7469,-76.1196,4654018.02459294,2083306.72503613,115,3.3572,SGC,"Ansermanuevo - Valle del Cauca, Colombia",2025/07/05 01:44:08+00,3.4,MLr_1,convertida,2491,Subducción intraplaca
4.458,-76.1045,4655555.20718733,2051331.14263346,92,3.1656,SGC,"Roldanillo - Valle del Cauca, Colombia",2025/07/09 06:40:24+00,3.2,MLr_2,convertida,2492,Subducción intraplaca
4.4776,-73.5871,4934893.46067154,2052796.96599905,32,3.0698,SGC,"Medina - Cundinamarca, Colombia",2025/07/09 06:41:15+00,3.1,MLr_3,convertida,2493,Cortical
3.4563,-74.7027,4810922.31253259,1940095.72034298,35,3.0698,SGC,"Colombia - Huila, Colombia",2025/07/11 07:10:44+00,3.1,MLr_2,convertida,2494,Cortical
2.3271,-76.0663,4659050.16548062,1815533.20994089,10,3.0698,SGC,"La Plata - Huila, Colombia",2025/07/15 22:48:05+00,3.1,MLr_2,convertida,2495,Cortical
4.1283,-73.832,4907691.56340484,2014224.29651515,9,3.1656,SGC,"Acacías - Meta, Colombia",2025/08/08 12:14:55+00,3.2,MLr_3,convertida,2496,Cortical
3.3912,-74.4624,4837601.91735588,1932856.0373803,26,3.8362,SGC,"Uribe - Meta, Colombia",2025/08/10 13:55:07+00,3.9,MLr_3,convertida,2497,Cortical
4.5136,-76.2108,4643776.1134895,2057534.7625361,128,4.7942,SGC,"El Dovio - Valle del Cauca, Colombia",2025/08/10 19:16:30+00,4.9,MLr_1,convertida,2498,Subducción intraplaca
5.0512,-75.9305,4675156.27438,2116881.89771017,108,3.2614,SGC,"Apía - Risaralda, Colombia",2025/08/23 12:04:06+00,3.3,MLr_1,convertida,2499,Subducción intraplaca
4.067,-73.7094,4921288.50330586,2007437.4780258,12,3.1656,SGC,"Villavicencio - Meta, Colombia",2025/08/24 20:29:52+00,3.2,MLr_3,convertida,2500,Cortical
2.7239,-76.7399,4584180.13659101,1859649.75761049,16,4.0278,SGC,"Cajibío - Cauca, Colombia",2025/08/27 04:31:32+00,4.1,MLr_2,convertida,2501,Cortical
2.3461,-75.5949,4711509.49100468,1817529.32384892,19,3.7404,SGC,"Gigante - Huila, Colombia",2025/09/12 10:02:58+00,3.8,MLr_2,convertida,2502,Cortical
2.2466,-75.6319,4707372.82570902,1806531.84991751,24,3.1656,SGC,"Garzón - Huila, Colombia",2025/09/16 20:51:23+00,3.2,MLr_2,convertida,2503,Cortical
4.7755,-76.1443,4651290.35771666,2086483.98520867,99,3.3572,SGC,"Argelia - Valle del Cauca, Colombia",2025/09/19 12:39:10+00,3.4,MLr_1,convertida,2504,Subducción intraplaca
4.8441,-75.326,4742125.66626597,2093708.86226586,5,3.1656,SGC,"Murillo - Tolima, Colombia",2025/10/05 15:33:22+00,3.2,MLr_2,convertida,2505,Subducción interplaca
2.1699,-74.5183,4831219.28679468,1797878.54245404,16,3.453,SGC,"La Macarena - Meta, Colombia",2025/10/11 16:00:41+00,3.5,MLr_2,convertida,2506,Cortical
3.4193,-73.2157,4976049.96483197,1935840.87272069,13,3.0698,SGC,"San Martín - Meta, Colombia",2025/10/21 06:59:30+00,3.1,MLr_3,convertida,2507,Cortical
4.6078,-74.9814,4780272.061556,2067462.39193485,13,3.0698,SGC,"Alvarado - Tolima, Colombia",2025/10/23 19:28:19+00,3.1,MLr_2,convertida,2508,Cortical
4.3786,-74.9706,4781401.89822707,2042119.25928867,29,3.0698,SGC,"Piedras - Tolima, Colombia",2025/10/27 23:13:20+00,3.1,MLr_2,convertida,2509,Cortical
4.877,-75.3577,4738621.95019986,2097359.30766527,5,3.0698,SGC,"Villamaria - Caldas, Colombia",2025/10/29 05:17:56+00,3.1,MLr_2,convertida,2510,Subducción interplaca
3.95,-76.5416,4606746.02280514,1995313.49420873,119,3.8362,SGC,"Calima (El Darién) - Valle del Cauca, Colombia",2025/11/01 14:52:40+00,3.9,MLr_1,convertida,2511,Subducción intraplaca
4.6025,-75.952,4672555.51517622,2067248.79560126,44,3.2614,SGC,"Obando - Valle del Cauca, Colombia",2025/11/02 21:50:38+00,3.3,MLr_2,convertida,2512,Subducción interplaca
5.0258,-75.9037,4678117.0502627,2114058.42428142,113,3.2614,SGC,"Viterbo - Caldas, Colombia",2025/11/03 15:46:49+00,3.3,MLr_1,convertida,2513,Subducción intraplaca
2.316,-73.8119,4909762.2541757,1813961.91920845,2,3.1656,SGC,"La Macarena - Meta, Colombia",2025/11/05 06:52:29+00,3.2,MLr_3,convertida,2514,Cortical
2.4832,-75.4786,4724475.19532238,1832667.96448138,28,3.1656,SGC,"Hobo - Huila, Colombia",2025/11/10 19:58:42+00,3.2,MLr_2,convertida,2515,Cortical
2.9523,-76.0322,4663014.16823471,1884699.29505403,0,3.3572,SGC,"Páez (Belalcázar) - Cauca, Colombia",2025/11/25 14:15:44+00,3.4,MLr_2,convertida,2516,Cortical
3.7436,-76.8998,4566808.96523421,1972633.82811464,37,3.3572,SGC,"Buenaventura - Valle del Cauca, Colombia",2025/11/26 17:22:22+00,3.4,MLr_1,convertida,2517,Cortical
1.9302,-76.058,4659886.80248063,1771615.99277002,23,3.0698,SGC,"Pitalito - Huila, Colombia",2025/11/27 16:55:38+00,3.1,MLr_2,convertida,2518,Cortical
2.7271,-75.0762,4769272.55240108,1859556.6493353,30,3.453,SGC,"San Vicente del Caguán - Caquetá, Colombia",2025/12/02 03:35:14+00,3.5,MLr_2,convertida,2519,Cortical
4.4931,-75.386,4735338.29100516,2054915.45373844,5,3.5488,SGC,"Ibagué - Tolima, Colombia",2025/12/20 23:24:29+00,3.6,MLr_2,convertida,2520,Subducción interplaca
3.0118,-75.2982,4744652.38564306,1891082.97231626,51,4.4,SGC,"Neiva - Huila, Colombia",2025/12/21 09:05:29+00,4.4,Mw,directa,2521,Subducción intraplaca
4.9681,-76.2562,4638970.34787468,2107857.06819362,92,3.0698,SGC,"San José del Palmar - Chocó, Colombia",2025/12/21 09:36:12+00,3.1,MLr_1,convertida,2522,Subducción intraplaca
5.0523,-75.6434,4707005.20105217,2116867.06280069,120,3.6446,SGC,"Palestina - Caldas, Colombia",2025/12/30 12:04:05+00,3.7,MLr_2,convertida,2523,Subducción intraplaca
1.1926,-76.8577,4570672.27286954,1690116.27316049,16,3.0698,SGC,"San Francisco - Putumayo, Colombia",2025/12/31 15:19:11+00,3.1,MLr_2,convertida,2524,Cortical
1.5132,-75.6,4710801.24607943,1725410.42654044,19,3.3572,SGC,"Florencia - Caquetá, Colombia",2026/01/16 21:31:53+00,3.4,MLr_2,convertida,2525,Cortical
3.4468,-74.7218,4808798.80248346,1939049.41657111,24,3.1656,SGC,"Colombia - Huila, Colombia",2026/01/19 15:06:15+00,3.2,MLr_2,convertida,2526,Cortical
4.413,-76.3245,4631097.42457856,2046457.31844927,120,3.7404,SGC,"Bolívar - Valle del Cauca, Colombia",2026/02/07 15:46:51+00,3.8,MLr_1,convertida,2527,Subducción intraplaca
4.9443,-76.3719,4626114.30497374,2105287.18938272,97,4.8,SGC,"San José del Palmar - Chocó, Colombia",2026/02/13 06:40:52+00,4.8,Mw,directa,2528,Subducción intraplaca
3.9008,-75.4911,4723464.58520444,1989448.44415814,19,3.3572,SGC,"San Antonio - Tolima, Colombia",2026/02/17 03:24:21+00,3.4,MLr_2,convertida,2529,Subducción interplaca
3.5187,-74.2085,4865819.79587646,1946907.73748715,10,3.932,SGC,"Mesetas - Meta, Colombia",2026/03/02 07:25:46+00,4,MLr_3,convertida,2530,Cortical
2.9348,-76.0183,4664555.14796884,1882758.84330822,1,3.7404,SGC,"Planadas - Tolima, Colombia",2026/03/03 07:38:23+00,3.8,MLr_2,convertida,2531,Cortical
4.7401,-76.1351,4652293.87416864,2082562.03199919,89,4.6026,SGC,"Argelia - Valle del Cauca, Colombia",2026/03/09 17:11:20+00,4.7,MLr_1,convertida,2532,Subducción intraplaca
3.3766,-76.9379,4562396.42932706,1932007.05895676,69,3.0698,SGC,"Buenaventura - Valle del Cauca, Colombia",2026/04/04 18:04:50+00,3.1,MLr_1,convertida,2533,Subducción intraplaca
2.7373,-75.0491,4772287.38597068,1860679.19012915,29,3.0698,SGC,"San Vicente del Caguán - Caquetá, Colombia",2026/04/08 16:31:45+00,3.1,MLr_2,convertida,2534,Cortical
4.5774,-75.679,4702850.14394775,2064352.8134031,10,3.0698,SGC,"Circasia - Quindío, Colombia",2026/04/09 06:44:37+00,3.1,MLr_2,convertida,2535,Subducción interplaca
3.5156,-74.1948,4867340.69522539,1946563.18554753,13,3.0698,SGC,"Mesetas - Meta, Colombia",2026/04/23 04:22:28+00,3.1,MLr_3,convertida,2536,Cortical
4.2538,-73.7303,4918988.5084813,2028081.05636907,15,3.8362,SGC,"Villavicencio - Meta, Colombia",2026/04/29 11:40:45+00,3.9,MLr_3,convertida,2537,Cortical
4.2104,-76.6482,4595024.37470849,2024194.98074488,100,5.4648,SGC,"El Litoral del San Juán (Docordó) - Chocó, Colombia",2026/05/14 07:48:20+00,5.6,MLr_1,convertida,2538,Subducción intraplaca
4.23,-76.6104,4599236.08121181,2026345.34232934,94,3.2614,SGC,"El Litoral del San Juán (Docordó) - Chocó, Colombia",2026/05/14 16:30:29+00,3.3,MLr_1,convertida,2539,Subducción intraplaca
4.7466,-76.0027,4666994.80371787,2083216.10076914,51,3.2614,SGC,"Ansermanuevo - Valle del Cauca, Colombia",2026/05/19 11:40:37+00,3.3,MLr_1,convertida,2540,Subducción intraplaca
4.2406,-76.6531,4594495.43566142,2027541.15114257,99,3.3572,SGC,"El Litoral del San Juán (Docordó) - Chocó, Colombia",2026/05/20 03:24:29+00,3.4,MLr_1,convertida,2541,Subducción intraplaca
3.1603,-73.3006,4966614.48746231,1907226.23882329,13,3.0698,SGC,"Puerto Lleras - Meta, Colombia",2026/05/24 11:13:10+00,3.1,MLr_3,convertida,2542,Cortical
3.1931,-74.1753,4869463.3143222,1910920.04021649,13,3.3572,SGC,"Mesetas - Meta, Colombia",2026/05/27 09:29:27+00,3.4,MLr_3,convertida,2543,Cortical
3.8297,-76.6209,4597871.91608493,1982032.92982382,40,3.7404,SGC,"Dagua - Valle del Cauca, Colombia",2026/06/26 03:31:47+00,3.8,MLr_1,convertida,2544,Subducción interplaca
3.4469,-74.3086,4854692.78648926,1938987.48210588,16,3.0698,SGC,"Uribe - Meta, Colombia",2026/06/27 20:51:37+00,3.1,MLr_3,convertida,2545,Cortical
4.7672,-76.1952,4645635.40379728,2085591.52410423,97,3.2614,SGC,"El Cairo - Valle del Cauca, Colombia",2026/06/30 23:57:58+00,3.3,MLr_1,convertida,2546,Subducción intraplaca
4.4859,-76.2131,4643507.1712625,2054470.45268751,101,3.1656,SGC,"Roldanillo - Valle del Cauca, Colombia",2026/07/03 06:07:15+00,3.2,MLr_1,convertida,2547,Subducción intraplaca
3.5442,-74.2045,4866267.63260917,1949725.28114561,13,3.6446,SGC,"Lejanías - Meta, Colombia",2026/07/12 07:02:38+00,3.7,MLr_3,convertida,2548,Cortical
3.9106,-76.0872,4657238.13232486,1990752.3383357,159,3.2614,SGC,"Buga - Valle del Cauca, Colombia",2026/07/18 02:54:44+00,3.3,MLr_2,convertida,2549,Subducción intraplaca
5.0469,-76.0168,4665579.13299075,2116449.91180495,80,3.453,SGC,"Santuario - Risaralda, Colombia",2026/07/30 13:38:16+00,3.5,MLr_1,convertida,2550,Subducción intraplaca
3.0694,-74.9721,4780911.73926944,1897379.90451774,26,3.6446,SGC,"Baraya - Huila, Colombia",2026/07/31 06:05:40+00,3.7,MLr_2,convertida,2551,Cortical
3.955,-76.6624,4593317.0729938,1995925.32178563,96,3.0698,SGC,"Calima (El Darién) - Valle del Cauca, Colombia",2026/08/04 11:25:50+00,3.1,MLr_1,convertida,2552,Subducción intraplaca
3.8831,-76.4747,4614152.9652373,1987876.65866485,113,3.2614,SGC,"Calima (El Darién) - Valle del Cauca, Colombia",2026/08/06 07:50:56+00,3.3,MLr_1,convertida,2553,Subducción intraplaca
4.9909,-76.2917,4635042.6238622,2110399.9838296,103,7.4,SGC,"San José del Palmar - Chocó, Colombia",2026/08/10 07:34:27+00,7.4,Mw,directa,2554,Subducción intraplaca
4.8841,-76.3861,4624504.17929491,2098631.93568617,95,4.6984,SGC,"San José del Palmar - Chocó, Colombia",2026/08/10 08:18:09+00,4.8,MLr_1,convertida,2555,Subducción intraplaca
4.8709,-76.3428,4629304.05003749,2097146.88918173,93,3.453,SGC,"San José del Palmar - Chocó, Colombia",2026/08/10 08:31:55+00,3.5,MLr_1,convertida,2556,Subducción intraplaca
4.8735,-76.3743,4625808.34214066,2097452.09481318,92,3.8362,SGC,"San José del Palmar - Chocó, Colombia",2026/08/10 10:01:29+00,3.9,MLr_1,convertida,2557,Subducción intraplaca
4.8471,-76.3955,4623439.9612749,2094541.79598589,96,3.5488,SGC,"San José del Palmar - Chocó, Colombia",2026/08/11 00:12:48+00,3.6,MLr_1,convertida,2558,Subducción intraplaca
4.4288,-76.7435,4584549.76911304,2048428.05611554,92,3.1656,SGC,"Istmina - Chocó, Colombia",2026/08/11 02:52:56+00,3.2,MLr_1,convertida,2559,Subducción intraplaca
4.8434,-76.4194,4620784.27528006,2094145.59647883,91,3.1656,SGC,"San José del Palmar - Chocó, Colombia",2026/08/11 10:10:34+00,3.2,MLr_1,convertida,2560,Subducción intraplaca
4.8883,-76.3786,4625339.17534839,2099092.62156068,92,3.8362,SGC,"San José del Palmar - Chocó, Colombia",2026/08/11 10:43:39+00,3.9,MLr_1,convertida,2561,Subducción intraplaca
4.8984,-76.3856,4624567.6741432,2100214.45920897,88,3.453,SGC,"San José del Palmar - Chocó, Colombia",2026/08/11 17:24:02+00,3.5,MLr_1,convertida,2562,Subducción intraplaca
4.9549,-76.283,4635988.44766758,2106410.88506456,94,3.1656,SGC,"San José del Palmar - Chocó, Colombia",2026/08/11 23:09:23+00,3.2,MLr_1,convertida,2563,Subducción intraplaca
4.9597,-76.3497,4628587.30882119,2106979.21300747,92,3.453,SGC,"San José del Palmar - Chocó, Colombia",2026/08/12 13:32:19+00,3.5,MLr_1,convertida,2564,Subducción intraplaca
4.837,-76.477,4614385.00467581,2093469.68115193,97,3.5488,SGC,"San José del Palmar - Chocó, Colombia",2026/08/13 06:22:49+00,3.6,MLr_1,convertida,2565,Subducción intraplaca
4.8555,-76.3571,4627707.9925835,2095450.27321028,99,4.1236,SGC,"San José del Palmar - Chocó, Colombia",2026/08/13 09:42:30+00,4.2,MLr_1,convertida,2566,Subducción intraplaca
4.3262,-76.6759,4592006.59729213,2037030.67985209,50,3.0698,SGC,"El Litoral del San Juán (Docordó) - Chocó, Colombia",2026/08/13 21:26:45+00,3.1,MLr_1,convertida,2567,Subducción interplaca
4.8661,-76.402,4622728.85678117,2096648.47682655,91,3.8362,SGC,"San José del Palmar - Chocó, Colombia",2026/08/13 22:21:44+00,3.9,MLr_1,convertida,2568,Subducción intraplaca
4.5102,-76.6704,4592718.55920892,2057399.89036236,46,3.0698,SGC,"Medio San Juan (Andagoya) - Chocó, Colombia",2026/08/14 03:44:24+00,3.1,MLr_1,convertida,2569,Subducción interplaca
4.8793,-76.3407,4629541.80149236,2098075.4489693,93,3.1656,SGC,"San José del Palmar - Chocó, Colombia",2026/08/14 05:01:38+00,3.2,MLr_1,convertida,2570,Subducción intraplaca
4.4648,-76.7053,4588815.1023636,2052392.73281262,45,3.1656,SGC,"Istmina - Chocó, Colombia",2026/08/14 08:08:08+00,3.2,MLr_1,convertida,2571,Subducción interplaca
3.9241,-77.3866,4512737.87258397,1992892.10793839,57,3.1656,SGC,Océano Pacífico,2026/08/14 08:28:46+00,3.2,MLr_1,convertida,2572,Subducción intraplaca
4.4521,-76.6904,4590463.81782398,2050978.24716738,48,3.1656,SGC,"Istmina - Chocó, Colombia",2026/08/15 20:23:20+00,3.2,MLr_1,convertida,2573,Subducción interplaca
4.5832,-76.7038,4589048.73047255,2065501.45342988,41,3.2614,SGC,"Medio San Juan (Andagoya) - Chocó, Colombia",2026/08/16 03:26:04+00,3.3,MLr_1,convertida,2574,Subducción interplaca
4.533,-76.719,4587331.16495707,2059951.83276623,43,3.453,SGC,"Istmina - Chocó, Colombia",2026/08/16 08:30:27+00,3.5,MLr_1,convertida,2575,Cortical
4.5642,-76.6803,4591648.93851323,2063384.31369616,44,3.1656,SGC,"Sipí - Chocó, Colombia",2026/08/16 12:42:05+00,3.2,MLr_1,convertida,2576,Subducción interplaca
4.4627,-76.7096,4588336.08538282,2052162.62441558,43,3.3572,SGC,"Istmina - Chocó, Colombia",2026/08/17 13:21:52+00,3.4,MLr_1,convertida,2577,Subducción interplaca
4.1369,-76.7634,4582179.34854724,2016117.25819352,52,3.0698,SGC,"El Litoral del San Juán (Docordó) - Chocó, Colombia",2026/08/17 22:59:37+00,3.1,MLr_1,convertida,2578,Subducción intraplaca
4.4034,-76.7839,4580045.43144211,2045638.25900292,44,3.1656,SGC,"Istmina - Chocó, Colombia",2026/08/18 03:42:13+00,3.2,MLr_1,convertida,2579,Cortical
4.5478,-76.7383,4585195.05121422,2061601.63819635,40,3.3572,SGC,"Istmina - Chocó, Colombia",2026/08/18 05:49:03+00,3.4,MLr_1,convertida,2580,Cortical
4.4796,-76.6798,4591656.99675889,2054017.14586846,46,3.0698,SGC,"Istmina - Chocó, Colombia",2026/08/18 12:03:08+00,3.1,MLr_1,convertida,2581,Subducción interplaca
4.4478,-76.6925,4590228.06846918,2050503.31517429,45,3.2614,SGC,"Istmina - Chocó, Colombia",2026/08/18 17:38:54+00,3.3,MLr_1,convertida,2582,Subducción interplaca
4.4394,-76.7073,4588578.70389311,2049581.49063969,43,3.1656,SGC,"Istmina - Chocó, Colombia",2026/08/19 18:10:20+00,3.2,MLr_1,convertida,2583,Subducción interplaca
4.4203,-76.7818,4580288.35226998,2047508.44919988,40,3.1656,SGC,"Istmina - Chocó, Colombia",2026/08/20 01:52:02+00,3.2,MLr_1,convertida,2584,Cortical
4.4563,-76.6989,4589521.57523353,2051448.01405886,46,3.0698,SGC,"Istmina - Chocó, Colombia",2026/08/20 03:38:39+00,3.1,MLr_1,convertida,2585,Subducción interplaca
4.5182,-76.6646,4593367.48859385,2058282.38410815,45,3.453,SGC,"Sipí - Chocó, Colombia",2026/08/20 20:38:35+00,3.5,MLr_1,convertida,2586,Subducción interplaca
4.4584,-76.6861,4590945.15034304,2051673.39410024,45,3.2614,SGC,"Istmina - Chocó, Colombia",2026/08/21 03:37:59+00,3.3,MLr_1,convertida,2587,Subducción interplaca
4.4267,-76.7691,4581703.45314922,2048209.94639704,40,3.2614,SGC,"Istmina - Chocó, Colombia",2026/08/21 05:46:55+00,3.3,MLr_1,convertida,2588,Cortical
4.5626,-76.7,4589459.17916381,2063218.3920693,43,3.6446,SGC,"Medio San Juan (Andagoya) - Chocó, Colombia",2026/08/21 06:59:45+00,3.7,MLr_1,convertida,2589,Subducción interplaca
4.3844,-76.7731,4581235.16346871,2043528.28089215,43,3.0698,SGC,"El Litoral del San Juán (Docordó) - Chocó, Colombia",2026/08/21 07:34:18+00,3.1,MLr_1,convertida,2590,Cortical
4.4087,-76.802,4578036.67624203,2046235.39389257,47,3.1656,SGC,"El Litoral del San Juán (Docordó) - Chocó, Colombia",2026/08/22 05:32:09+00,3.2,MLr_1,convertida,2591,Cortical
4.4944,-76.7097,4588342.74346301,2055672.60897135,44,3.0698,SGC,"Istmina - Chocó, Colombia",2026/08/22 21:23:59+00,3.1,MLr_1,convertida,2592,Subducción interplaca
4.4627,-76.7181,4587391.50121035,2052167.39530452,48,3.3572,SGC,"Istmina - Chocó, Colombia",2026/08/23 13:37:44+00,3.4,MLr_1,convertida,2593,Cortical
4.4531,-76.7021,4589164.18863037,2051095.48972352,52,3.7404,SGC,"Istmina - Chocó, Colombia",2026/08/23 21:28:05+00,3.8,MLr_1,convertida,2594,Subducción intraplaca
4.6028,-76.778,4580815.6646152,2067714.87803315,40,3.5488,SGC,"Medio San Juan (Andagoya) - Chocó, Colombia",2026/08/24 00:21:29+00,3.6,MLr_1,convertida,2595,Cortical
4.6361,-76.6806,4591656.67791494,2071345.24532071,45,3.1656,SGC,"Sipí - Chocó, Colombia",2026/08/24 05:20:57+00,3.2,MLr_1,convertida,2596,Subducción interplaca
4.4436,-76.7564,4583124.42171605,2050074.10280946,38,3.3572,SGC,"Istmina - Chocó, Colombia",2026/08/24 06:27:38+00,3.4,MLr_1,convertida,2597,Cortical
4.4203,-76.7435,4584545.01822118,2047486.87292255,45,3.453,SGC,"Istmina - Chocó, Colombia",2026/08/24 10:40:21+00,3.5,MLr_1,convertida,2598,Cortical
4.4166,-76.76,4582709.15497865,2047086.44189826,47,4.0278,SGC,"Istmina - Chocó, Colombia",2026/08/24 13:55:25+00,4.1,MLr_1,convertida,2599,Cortical
4.3717,-76.7091,4588341.34063142,2042086.54064432,48,3.6446,SGC,"El Litoral del San Juán (Docordó) - Chocó, Colombia",2026/08/24 17:05:34+00,3.7,MLr_1,convertida,2600,Subducción interplaca
4.3802,-76.7092,4588334.88201809,2043027.741548,46,3.3572,SGC,"El Litoral del San Juán (Docordó) - Chocó, Colombia",2026/08/24 18:17:59+00,3.4,MLr_1,convertida,2601,Subducción interplaca
4.524,-76.6992,4589526.17899837,2058944.06162446,44,3.0698,SGC,"Istmina - Chocó, Colombia",2026/08/24 23:00:51+00,3.1,MLr_1,convertida,2602,Subducción interplaca
4.433,-76.7563,4583129.57181046,2048900.31812735,43,3.0698,SGC,"Istmina - Chocó, Colombia",2026/08/25 00:49:54+00,3.1,MLr_1,convertida,2603,Cortical
4.4373,-76.7819,4580286.8471788,2049390.95486524,43,3.3572,SGC,"Istmina - Chocó, Colombia",2026/08/25 12:08:16+00,3.4,MLr_1,convertida,2604,Cortical
4.4309,-76.7201,4587151.49411471,2048647.47912914,44,3.3572,SGC,"Istmina - Chocó, Colombia",2026/08/25 22:22:09+00,3.4,MLr_1,convertida,2605,Cortical
4.8275,-76.3522,4628236.68282618,2092348.48756884,97,3.0698,SGC,"San José del Palmar - Chocó, Colombia",2026/08/26 17:16:28+00,3.1,MLr_1,convertida,2606,Subducción intraplaca
4.4299,-76.7467,4584194.74800662,2048551.65441684,45,3.453,SGC,"Istmina - Chocó, Colombia",2026/08/26 21:01:05+00,3.5,MLr_1,convertida,2607,Cortical
4.5393,-76.7393,4585079.06065864,2060661.03350581,43,4.2194,SGC,"Istmina - Chocó, Colombia",2026/08/27 10:25:26+00,4.3,MLr_1,convertida,2608,Cortical
4.5467,-76.7383,4585194.42026099,2061479.83850374,40,3.453,SGC,"Istmina - Chocó, Colombia",2026/08/27 20:59:03+00,3.5,MLr_1,convertida,2609,Cortical
4.4415,-76.7074,4588568.75738696,2049814.06455979,43,3.7404,SGC,"Istmina - Chocó, Colombia",2026/08/28 03:24:31+00,3.8,MLr_1,convertida,2610,Subducción interplaca
4.4722,-76.7341,4585618.78347513,2053228.30574304,44,3.6446,SGC,"Istmina - Chocó, Colombia",2026/08/28 23:30:18+00,3.7,MLr_1,convertida,2611,Cortical
4.4373,-76.7478,4584076.64693784,2049371.66000981,43,3.0698,SGC,"Istmina - Chocó, Colombia",2026/08/29 03:39:45+00,3.1,MLr_1,convertida,2612,Cortical
4.5594,-76.7341,4585668.39941012,2062883.64881984,41,4.0278,SGC,"Medio San Juan (Andagoya) - Chocó, Colombia",2026/08/29 05:50:21+00,4.1,MLr_1,convertida,2613,Cortical
4.4161,-76.7285,4586209.73451783,2047013.43569271,43,3.0698,SGC,"Istmina - Chocó, Colombia",2026/08/29 08:58:40+00,3.1,MLr_1,convertida,2614,Cortical
4.5621,-76.7144,4587858.88910676,2063171.27701651,43,3.453,SGC,"Medio San Juan (Andagoya) - Chocó, Colombia",2026/08/29 10:33:59+00,3.5,MLr_1,convertida,2615,Cortical
4.3929,-76.7114,4588097.35188762,2044435.13908491,52,3.1656,SGC,"Istmina - Chocó, Colombia",2026/08/29 14:47:06+00,3.2,MLr_1,convertida,2616,Subducción intraplaca
4.3929,-76.7497,4583840.68412391,2044456.39842607,52,3.453,SGC,"El Litoral del San Juán (Docordó) - Chocó, Colombia",2026/08/30 05:48:08+00,3.5,MLr_1,convertida,2617,Subducción intraplaca
2.4623,-76.3184,4631024.47702323,1830559.87757451,12,3.1656,SGC,"Totoró - Cauca, Colombia",2026/08/31 03:21:44+00,3.2,MLr,convertida,2618,Cortical
4.0925,-76.8335,4574361.57643665,2011237.80477527,53,3.0698,SGC,"El Litoral del San Juán (Docordó) - Chocó, Colombia",2026/08/31 20:48:46+00,3.1,MLr_1,convertida,2619,Subducción intraplaca
4.2808,-76.7556,4583123.32457937,2032046.99309753,54,3.1656,SGC,"El Litoral del San Juán (Docordó) - Chocó, Colombia",2026/09/01 03:48:15+00,3.2,MLr_1,convertida,2620,Subducción intraplaca
4.571,-76.6819,4591475.02420384,2064138.11987508,43,3.6446,SGC,"Sipí - Chocó, Colombia",2026/09/01 12:48:10+00,3.7,MLr_1,convertida,2621,Subducción interplaca
4.3992,-76.7348,4585500.184733,2045145.67734238,46,3.3572,SGC,"El Litoral del San Juán (Docordó) - Chocó, Colombia",2026/09/01 20:46:47+00,3.4,MLr_1,convertida,2622,Cortical
4.4198,-76.7429,4584611.4216693,2047431.17299714,54,4.2194,SGC,"Istmina - Chocó, Colombia",2026/09/03 00:17:13+00,4.3,MLr_1,convertida,2623,Subducción intraplaca
4.4753,-76.667,4593076.95004162,2053533.9261542,48,3.1656,SGC,"Sipí - Chocó, Colombia",2026/09/03 16:30:29+00,3.2,MLr_1,convertida,2624,Subducción interplaca
4.4801,-76.6889,4590646.07168957,2054077.59206042,49,3.7404,SGC,"Istmina - Chocó, Colombia",2026/09/03 18:32:39+00,3.8,MLr_1,convertida,2625,Subducción interplaca
4.45,-76.7543,4583361.41215654,2050781.58044346,43,3.0698,SGC,"Istmina - Chocó, Colombia",2026/09/05 09:24:47+00,3.1,MLr_1,convertida,2626,Cortical
4.5684,-76.7378,4585262.45256822,2063882.32553402,46,4,SGC,"Medio San Juan (Andagoya) - Chocó, Colombia",2026/09/06 17:15:36+00,4,Mw,directa,2627,Cortical
4.4907,-76.738,4585195.83817816,2055278.95912524,43,3.3572,SGC,"Istmina - Chocó, Colombia",2026/09/06 20:25:58+00,3.4,MLr_1,convertida,2628,Cortical
2.431,-76.3171,4631160.61612543,1827095.42622493,3,3.5488,SGC,"Inzá - Cauca, Colombia",2026/09/06 20:58:14+00,3.6,MLr_2,convertida,2629,Cortical
4.873,-76.3855,4624564.6109949,2097402.99113423,90,3.1656,SGC,"San José del Palmar - Chocó, Colombia",2026/09/06 21:05:19+00,3.2,MLr_1,convertida,2630,Subducción intraplaca
4.4669,-76.6883,4590705.39618557,2052615.74400568,43,3.0698,SGC,"Istmina - Chocó, Colombia",2026/09/07 00:13:25+00,3.1,MLr_1,convertida,2631,Subducción interplaca
4.5869,-76.7353,4585550.91166744,2065929.32393847,43,3.932,SGC,"Medio San Juan (Andagoya) - Chocó, Colombia",2026/09/07 21:01:31+00,4,MLr_1,convertida,2632,Cortical
4.5642,-76.6781,4591893.37538307,2063383.06289117,45,3.5488,SGC,"Sipí - Chocó, Colombia",2026/09/09 01:03:39+00,3.6,MLr_1,convertida,2633,Subducción interplaca
4.4542,-76.701,4589287.040625,2051216.67007348,48,3.0698,SGC,"Istmina - Chocó, Colombia",2026/09/09 09:52:09+00,3.1,MLr_1,convertida,2634,Subducción interplaca
4.5996,-76.6842,4591235.77860681,2067306.032017,43,3.1656,SGC,"Sipí - Chocó, Colombia",2026/09/10 01:17:09+00,3.2,MLr_1,convertida,2635,Subducción interplaca
4.5303,-76.6886,4590707.55495553,2059635.60441307,43,3.1656,SGC,"Istmina - Chocó, Colombia",2026/09/10 19:25:24+00,3.2,MLr_1,convertida,2636,Subducción interplaca
4.3971,-76.786,4579808.48395216,2044941.8281332,47,4.411,SGC,"Istmina - Chocó, Colombia",2026/09/11 11:42:28+00,4.5,MLr_1,convertida,2637,Cortical
4.4627,-76.7202,4587158.13196163,2052168.5756887,43,4.5068,SGC,"Istmina - Chocó, Colombia",2026/09/12 06:16:09+00,4.6,MLr_1,convertida,2638,Cortical
4.4563,-76.7202,4587154.5492175,2051459.93841945,55,3.8362,SGC,"Istmina - Chocó, Colombia",2026/09/12 10:05:40+00,3.9,MLv,convertida,2639,Subducción intraplaca
4.5303,-76.6929,4590229.76329713,2059638.0388337,44,3.1656,SGC,"Istmina - Chocó, Colombia",2026/09/12 21:07:52+00,3.2,MLr_1,convertida,2640,Subducción interplaca
4.5917,-76.6719,4592597.83578309,2066424.30863917,39,3.7404,SGC,"Sipí - Chocó, Colombia",2026/09/13 02:10:26+00,3.8,MLv,convertida,2641,Subducción interplaca
4.5134,-76.6992,4589520.20064004,2057770.40778208,43,3.0698,SGC,"Istmina - Chocó, Colombia",2026/09/13 07:59:06+00,3.1,MLr_1,convertida,2642,Subducción interplaca
4.892,-76.3472,4628827.18915113,2099484.68650217,93,3.3572,SGC,"San José del Palmar - Chocó, Colombia",2026/09/13 14:17:37+00,3.4,MLr_1,convertida,2643,Subducción intraplaca
4.6086,-76.6869,4590940.95503735,2068304.067786,43,4.2194,SGC,"Sipí - Chocó, Colombia",2026/09/14 09:57:09+00,4.3,MLv,convertida,2644,Subducción interplaca
4.5652,-76.6835,4591293.96019503,2063496.85459017,46,3.6446,SGC,"Sipí - Chocó, Colombia",2026/09/14 10:01:09+00,3.7,MLv,convertida,2645,Subducción interplaca
4.5485,-76.6686,4592940.03734772,2061639.39234796,26,3.2614,SGC,"Sipí - Chocó, Colombia",2026/09/14 12:24:18+00,3.3,MLr_1,convertida,2646,Subducción interplaca
4.5473,-76.7569,4583127.95393321,2061557.00813165,39,4.7942,SGC,"Istmina - Chocó, Colombia",2026/09/14 15:02:01+00,4.9,MLv,convertida,2647,Cortical
4.524,-76.7589,4582892.30894475,2058978.16657117,41,4.0278,SGC,"Istmina - Chocó, Colombia",2026/09/14 15:04:47+00,4.1,MLv,convertida,2648,Cortical
4.5113,-76.7674,4581940.45746946,2057576.78837172,47,4.7942,SGC,"Istmina - Chocó, Colombia",2026/09/14 16:13:14+00,4.9,MLv,convertida,2649,Cortical
4.506,-76.7642,4582293.02754252,2056988.07729461,49,4.411,SGC,"Istmina - Chocó, Colombia",2026/09/14 17:39:00+00,4.5,MLv,convertida,2650,Cortical
4.5002,-76.754,4583423.21083263,2056339.99863464,41,3.1656,SGC,"Istmina - Chocó, Colombia",2026/09/14 19:09:44+00,3.2,MLr_1,convertida,2651,Cortical
4.4727,-76.7027,4589108.44057434,2053265.98372121,44,3.2614,SGC,"Istmina - Chocó, Colombia",2026/09/14 23:18:31+00,3.3,MLr_1,convertida,2652,Subducción interplaca
4.5023,-76.7444,4584491.21751769,2056567.04147244,40,3.3572,SGC,"Istmina - Chocó, Colombia",2026/09/15 03:18:36+00,3.4,MLr_1,convertida,2653,Cortical
4.5124,-76.7365,4585374.84368971,2057680.87570891,43,3.7404,SGC,"Istmina - Chocó, Colombia",2026/09/15 10:50:08+00,3.8,MLv,convertida,2654,Cortical
4.4632,-76.7133,4587925.19415549,2052220.06166289,44,3.5488,SGC,"Istmina - Chocó, Colombia",2026/09/15 19:20:09+00,3.6,MLr_1,convertida,2655,Subducción interplaca
4.4478,-76.718,4587394.28583827,2050517.54717503,43,4.5,SGC,"Istmina - Chocó, Colombia",2026/09/16 01:18:04+00,4.5,Mw,directa,2656,Cortical
4.4801,-76.69,4590523.83764213,2054078.20775672,45,3.3572,SGC,"Istmina - Chocó, Colombia",2026/09/16 03:45:36+00,3.4,MLr_1,convertida,2657,Subducción interplaca
4.4045,-76.7125,4587981.49229997,2045720.13928269,46,3.5488,SGC,"Istmina - Chocó, Colombia",2026/09/16 11:59:15+00,3.6,MLv,convertida,2658,Subducción interplaca
4.5769,-76.723,4586911.81350959,2064814.94885424,40,4.6026,SGC,"Medio San Juan (Andagoya) - Chocó, Colombia",2026/09/16 15:12:50+00,4.7,MLv,convertida,2659,Cortical
4.5822,-76.7347,4585614.86300849,2065408.56083683,38,3.5488,SGC,"Medio San Juan (Andagoya) - Chocó, Colombia",2026/09/16 15:18:42+00,3.6,MLv,convertida,2660,Cortical
4.4738,-76.7485,4584019.42312643,2053413.63058252,40,3.453,SGC,"Istmina - Chocó, Colombia",2026/09/16 16:56:58+00,3.5,MLv,convertida,2661,Cortical
4.5837,-76.7662,4582115.65230856,2065592.98663121,40,4.0278,SGC,"Medio San Juan (Andagoya) - Chocó, Colombia",2026/09/16 20:12:47+00,4.1,MLv,convertida,2662,Cortical
4.4759,-76.724,4586743.25657812,2053632.2841918,46,3.5488,SGC,"Istmina - Chocó, Colombia",2026/09/17 04:46:30+00,3.6,MLr_1,convertida,2663,Cortical
4.598,-76.6762,4592123.68425471,2067124.29643535,42,3.1656,SGC,"Sipí - Chocó, Colombia",2026/09/17 06:33:02+00,3.2,MLr_1,convertida,2664,Subducción interplaca
4.4225,-76.7115,4588102.57762786,2047712.60688123,47,3.7404,SGC,"Istmina - Chocó, Colombia",2026/09/17 12:22:04+00,3.8,MLv,convertida,2665,Subducción interplaca
4.4695,-76.7293,4586150.68050153,2052926.63336186,40,3.6446,SGC,"Istmina - Chocó, Colombia",2026/09/17 13:52:58+00,3.7,MLv,convertida,2666,Cortical
4.5769,-76.691,4590467.30650194,2064796.56632021,37,4.5068,SGC,"Sipí - Chocó, Colombia",2026/09/17 16:10:23+00,4.6,MLv,convertida,2667,Subducción interplaca
4.5245,-76.7211,4587092.98478307,2059011.87102526,40,3.5488,SGC,"Istmina - Chocó, Colombia",2026/09/17 16:20:52+00,3.6,MLv,convertida,2668,Cortical
4.4907,-76.7412,4584840.23329822,2055280.77902142,40,3.2614,SGC,"Istmina - Chocó, Colombia",2026/09/17 21:44:35+00,3.3,MLr_1,convertida,2669,Cortical
3.7626,-77.0045,4555169.81434177,1974790.82474753,41,3.3572,SGC,"Buenaventura - Valle del Cauca, Colombia",2026/09/18 00:46:26+00,3.4,MLr_1,convertida,2670,Cortical
4.4077,-76.7242,4586682.96265923,2046080.94916014,42,4.5068,SGC,"Istmina - Chocó, Colombia",2026/09/18 01:17:02+00,4.6,MLv,convertida,2671,Cortical
4.6445,-76.6444,4595683.08633322,2072254.44844581,39,3.0698,SGC,"Sipí - Chocó, Colombia",2026/09/18 08:01:06+00,3.1,MLr_1,convertida,2672,Subducción interplaca
4.3971,-76.7071,4588577.55205138,2044897.80186581,46,3.5488,SGC,"Istmina - Chocó, Colombia",2026/09/18 09:08:33+00,3.6,MLv,convertida,2673,Subducción interplaca
4.4226,-76.7481,4584035.06979622,2047744.12705942,48,4.411,SGC,"Istmina - Chocó, Colombia",2026/09/18 13:41:22+00,4.5,MLv,convertida,2674,Cortical
4.45,-76.7053,4588806.85456239,2050754.03668403,45,3.932,SGC,"Istmina - Chocó, Colombia",2026/09/19 00:01:47+00,4,MLv,convertida,2675,Subducción interplaca
4.5536,-76.7676,4581942.60721798,2062260.81040588,39,4.5068,SGC,"Istmina - Chocó, Colombia",2026/09/19 08:44:34+00,4.6,MLv,convertida,2676,Cortical
4.4267,-76.7115,4588104.90494498,2048177.64527424,43,3.0698,SGC,"Istmina - Chocó, Colombia",2026/09/19 09:10:18+00,3.1,MLr_1,convertida,2677,Subducción interplaca
4.4685,-76.7165,4587572.55401916,2052808.69632095,40,4.2194,SGC,"Istmina - Chocó, Colombia",2026/09/19 18:20:11+00,4.3,MLv,convertida,2678,Cortical
3.8361,-75.6125,4709956.9142823,1982333.15229315,19,4.0278,SGC,"Chaparral - Tolima, Colombia",2026/09/20 04:52:31+00,4.1,MLv,convertida,2679,Subducción interplaca
3.8488,-75.6136,4709839.00331828,1983738.21641087,16,3.0698,SGC,"Chaparral - Tolima, Colombia",2026/09/20 10:15:35+00,3.1,MLr_2,convertida,2680,Subducción interplaca
4.4642,-76.7112,4588159.12039468,2052329.60681042,46,3.453,SGC,"Istmina - Chocó, Colombia",2026/09/21 01:20:18+00,3.5,MLv,convertida,2681,Subducción interplaca
3.8551,-75.6264,4708419.10767602,1984439.40678583,17,3.932,SGC,"Chaparral - Tolima, Colombia",2026/09/21 11:23:18+00,4,MLr_2,convertida,2682,Subducción interplaca
3.8773,-75.6095,4710304.17762132,1986889.07205305,19,3.2614,SGC,"Chaparral - Tolima, Colombia",2026/09/21 11:52:38+00,3.3,MLr_2,convertida,2683,Subducción interplaca
3.8456,-75.6275,4708293.66300618,1983389.01888136,19,4.0278,SGC,"Chaparral - Tolima, Colombia",2026/09/21 13:48:40+00,4.1,MLr_2,convertida,2684,Subducción interplaca
3.8593,-75.6233,4708764.93931284,1984902.89242409,16,3.1656,SGC,"Chaparral - Tolima, Colombia",2026/09/21 14:42:22+00,3.2,MLr_2,convertida,2685,Subducción interplaca
3.8699,-75.6126,4709957.26751752,1986071.65286565,19,3.932,SGC,"Chaparral - Tolima, Colombia",2026/09/21 15:02:35+00,4,MLr,convertida,2686,Subducción interplaca
4.4077,-76.7136,4587861.00926082,2046075.06427423,44,3.453,SGC,"Istmina - Chocó, Colombia",2026/09/21 15:50:44+00,3.5,MLv,convertida,2687,Subducción interplaca
3.8445,-75.636,4707348.94955235,1983270.26178216,19,3.3572,SGC,"Chaparral - Tolima, Colombia",2026/09/21 16:11:46+00,3.4,MLr_2,convertida,2688,Subducción interplaca
3.8488,-75.6296,4708061.44731645,1983743.67967844,19,4.0278,SGC,"Chaparral - Tolima, Colombia",2026/09/21 16:30:31+00,4.1,MLv,convertida,2689,Subducción interplaca
3.8488,-75.6275,4708294.75283542,1983742.96071693,19,3.2614,SGC,"Chaparral - Tolima, Colombia",2026/09/21 17:31:54+00,3.3,MLr_2,convertida,2690,Subducción interplaca
3.8488,-75.6264,4708416.96033194,1983742.58434809,19,4.1236,SGC,"Chaparral - Tolima, Colombia",2026/09/21 18:15:31+00,4.2,MLr,convertida,2691,Subducción interplaca
