fuente,id,fecha_utc,fecha_local,latitude,longitude,depth,magnitude,mag_type,place,status,rms,gap,nst,agency,magnitude_error,latitude_error,longitude_error,depth_error,net,type,horizontalError,depthError,magError,magNst,locationSource,magSource,dmin,magnitude_mw,conversion_relation,conversion_sigma,conversion_status,tarea1_clasificacion,tarea1_mainshock_id,tarea1_mainshock_mw,tarea1_distancia_km,tarea1_motivo
USGS,iscgem829110,1967-11-05T14:23:53.890000Z,,3.075,-74.895,23.9,5.2,mw,"19 km ESE of Baraya, Colombia",reviewed,,,,,,,,,iscgem,earthquake,,17.6,0.2,,iscgem,iscgem,,5.2,directa: mw,0.0,directa,principal,,,,
USGS,iscgem827722,1968-01-28T01:50:47.330000Z,,2.916,-74.943,51.5,5.19,mw,"27 km SE of Tello, Colombia",reviewed,,,,,,,,,iscgem,earthquake,,5.2,0.2,,iscgem,iscgem,,5.19,directa: mw,0.0,directa,principal,,,,
USGS,usp00003v4,1973-10-18T09:18:32.600000Z,,2.968,-74.86,42.0,5.2,mb,"29 km SE of Baraya, Colombia",reviewed,,,,,,,,,us,earthquake,,,,,us,us,,5.44,Scordilis: Mw=0.85 mb+1.02 (3.5<=mb<=6.2),0.29,dentro_de_rango,principal,,,,
USGS,usp000091y,1974-12-08T14:54:34.600000Z,,2.774,-75.283,86.0,4.6,mb,"2 km W of Rivera, Colombia",reviewed,,,,,,,,,us,earthquake,,,,,us,us,,4.93,Scordilis: Mw=0.85 mb+1.02 (3.5<=mb<=6.2),0.29,dentro_de_rango,principal,,,,
USGS,usp0000aeb,1975-03-31T01:42:32.300000Z,,2.852,-75.367,83.0,4.0,mb,"8 km ESE of Palermo, Colombia",reviewed,,,,,,,,,us,earthquake,,,,,us,us,,4.42,Scordilis: Mw=0.85 mb+1.02 (3.5<=mb<=6.2),0.29,dentro_de_rango,principal,,,,
USGS,usp0003c1q,1988-01-14T04:48:42.580000Z,,2.747,-75.084,33.0,3.7,md,"19 km E of Rivera, Colombia",reviewed,0.7,,,,,,,,us,earthquake,,,,,us,uvc,,4.28239,Senel et al.: Mw=0.7947 Md+1.3420 (3.5<=Md<=7.4),,dentro_de_rango,principal,,,,
USGS,usp0003cay,1988-01-23T15:10:47.130000Z,,2.983,-75.671,10.0,3.5,md,"4 km NNW of Santa María, Colombia",reviewed,0.2,,,,,,,,us,earthquake,,,,,us,uvc,,4.12345,Senel et al.: Mw=0.7947 Md+1.3420 (3.5<=Md<=7.4),,dentro_de_rango,principal,,,,
USGS,usp0004g2g,1990-10-23T09:13:04.240000Z,,3.12,-75.282,33.0,4.2,mb,"12 km SSW of Aipe, Colombia",reviewed,1.5,,,,,,,,us,earthquake,,,,2.0,us,us,,4.59,Scordilis: Mw=0.85 mb+1.02 (3.5<=mb<=6.2),0.29,dentro_de_rango,principal,,,,
USGS,usp0004k36,1991-01-02T01:42:30.790000Z,,2.889,-74.863,33.0,3.7,md,"36 km SE of Baraya, Colombia",reviewed,0.6,,,,,,,,us,earthquake,,,,,us,uvc,,4.28239,Senel et al.: Mw=0.7947 Md+1.3420 (3.5<=Md<=7.4),,dentro_de_rango,principal,,,,
USGS,usp0004kde,1991-01-08T15:41:52.150000Z,,2.804,-75.044,33.0,3.4,md,"23 km E of Rivera, Colombia",reviewed,0.6,,,,,,,,us,earthquake,,,,,us,uvc,,4.04398,Senel et al.: Mw=0.7947 Md+1.3420 (3.5<=Md<=7.4),,extrapolada,principal,,,,
USGS,usp0004m76,1991-01-27T14:25:11.180000Z,,3.077,-75.365,33.0,3.6,md,"18 km NNW of Neiva, Colombia",reviewed,0.8,,,,,,,,us,earthquake,,,,,us,uvc,,4.202920000000001,Senel et al.: Mw=0.7947 Md+1.3420 (3.5<=Md<=7.4),,dentro_de_rango,principal,,,,
USGS,usp0004xmd,1991-10-10T08:29:08.250000Z,,2.73,-75.031,10.0,3.9,md,"25 km ESE of Rivera, Colombia",reviewed,0.6,,,,,,,,us,earthquake,,,,,us,uvc,,4.44133,Senel et al.: Mw=0.7947 Md+1.3420 (3.5<=Md<=7.4),,dentro_de_rango,principal,,,,
USGS,usp0004yfu,1991-10-27T13:55:12.960000Z,,2.814,-75.255,60.0,3.7,md,"4 km N of Rivera, Colombia",reviewed,1.1,,,,,,,,us,earthquake,,,,,us,uvc,,4.28239,Senel et al.: Mw=0.7947 Md+1.3420 (3.5<=Md<=7.4),,dentro_de_rango,principal,,,,
SGC,SGC1993lmmcdq,,1993-06-07T10:44:35+00:00,2.821,-74.858,0.0,2.2,ML,"Tello - Huila, Colombia",manual,0.5,179.0,5.0,SGC,,0.0,0.1,12.0,,,,,,,,,,3.0812,Senel et al.: Mw=0.8095 ML+1.3003 (3.3<=ML<=6.6),,extrapolada,principal,,,,
SGC,SGC1993emkmvs,,1993-06-30T07:01:46+00:00,2.643,-75.605,4.0,3.0,ML,"Íquira - Huila, Colombia",manual,0.8,105.0,8.0,SGC,,0.1,0.1,20.0,,,,,,,,,,3.7288,Senel et al.: Mw=0.8095 ML+1.3003 (3.3<=ML<=6.6),,extrapolada,principal,,,,
SGC,SGC1993hexppy,,1993-07-26T00:11:59+00:00,2.663,-75.015,11.0,2.1,ML,"Rivera - Huila, Colombia",manual,0.2,202.0,4.0,SGC,,0.0,0.1,7.0,,,,,,,,,,3.0002500000000003,Senel et al.: Mw=0.8095 ML+1.3003 (3.3<=ML<=6.6),,extrapolada,principal,,,,
SGC,SGC1993inotyo,,1993-07-26T09:31:54+00:00,2.885,-75.024,6.0,2.3,ML,"Tello - Huila, Colombia",manual,0.4,195.0,3.0,SGC,,0.2,0.7,41.0,,,,,,,,,,3.16215,Senel et al.: Mw=0.8095 ML+1.3003 (3.3<=ML<=6.6),,extrapolada,principal,,,,
SGC,SGC1993xfnwkh,,1993-07-30T11:36:45+00:00,2.842,-74.881,12.0,2.7,ML,"Tello - Huila, Colombia",manual,0.6,177.0,5.0,SGC,,0.1,0.1,13.0,,,,,,,,,,3.4859500000000003,Senel et al.: Mw=0.8095 ML+1.3003 (3.3<=ML<=6.6),,extrapolada,principal,,,,
SGC,SGC1993zkxtjj,,1993-08-11T17:15:51+00:00,2.957,-74.851,0.0,2.5,ML,"Baraya - Huila, Colombia",manual,1.1,175.0,6.0,SGC,,0.1,0.2,26.0,,,,,,,,,,3.32405,Senel et al.: Mw=0.8095 ML+1.3003 (3.3<=ML<=6.6),,extrapolada,principal,,,,
SGC,SGC1993lishkz,,1993-09-07T21:02:12+00:00,2.808,-74.983,4.0,2.4,ML,"Rivera - Huila, Colombia",manual,1.1,172.0,6.0,SGC,,0.1,0.2,28.0,,,,,,,,,,3.2431,Senel et al.: Mw=0.8095 ML+1.3003 (3.3<=ML<=6.6),,extrapolada,principal,,,,
SGC,SGC1993rotesi,,1993-09-08T13:24:11+00:00,2.861,-74.884,18.0,2.1,ML,"Tello - Huila, Colombia",manual,0.5,176.0,4.0,SGC,,0.0,0.1,10.0,,,,,,,,,,3.0002500000000003,Senel et al.: Mw=0.8095 ML+1.3003 (3.3<=ML<=6.6),,extrapolada,principal,,,,
SGC,SGC1993bgxnrc,,1993-09-12T13:32:08+00:00,2.488,-75.296,8.0,3.1,ML,"Algeciras - Huila, Colombia",manual,0.8,163.0,7.0,SGC,,0.0,0.1,10.0,,,,,,,,,,3.80975,Senel et al.: Mw=0.8095 ML+1.3003 (3.3<=ML<=6.6),,extrapolada,principal,,,,
SGC,SGC1993hpmqsm,,1993-10-28T05:24:23+00:00,2.633,-75.047,0.0,2.4,ML,"Rivera - Huila, Colombia",manual,1.0,174.0,9.0,SGC,,0.1,0.1,16.0,,,,,,,,,,3.2431,Senel et al.: Mw=0.8095 ML+1.3003 (3.3<=ML<=6.6),,extrapolada,principal,,,,
SGC,SGC1994cfzkve,,1994-01-05T17:47:16+00:00,2.922,-74.968,10.0,2.5,ML,"Tello - Huila, Colombia",manual,0.8,169.0,5.0,SGC,,0.1,0.1,13.0,,,,,,,,,,3.32405,Senel et al.: Mw=0.8095 ML+1.3003 (3.3<=ML<=6.6),,extrapolada,principal,,,,
SGC,SGC1994aphmhj,,1994-01-16T14:02:42+00:00,3.16,-75.618,18.0,2.2,ML,"Planadas - Tolima, Colombia",manual,0.9,181.0,4.0,SGC,,0.1,0.4,42.0,,,,,,,,,,3.0812,Senel et al.: Mw=0.8095 ML+1.3003 (3.3<=ML<=6.6),,extrapolada,principal,,,,
SGC,SGC1994auouaa,,1994-02-26T09:23:30+00:00,2.922,-74.959,4.0,2.4,ML,"Tello - Huila, Colombia",manual,1.2,170.0,6.0,SGC,,0.1,0.2,44.0,,,,,,,,,,3.2431,Senel et al.: Mw=0.8095 ML+1.3003 (3.3<=ML<=6.6),,extrapolada,principal,,,,
SGC,SGC1994fvumfx,,1994-03-14T21:06:44+00:00,2.592,-75.156,4.0,2.4,ML,"Algeciras - Huila, Colombia",manual,1.1,169.0,6.0,SGC,,0.1,0.1,39.0,,,,,,,,,,3.2431,Senel et al.: Mw=0.8095 ML+1.3003 (3.3<=ML<=6.6),,extrapolada,principal,,,,
SGC,SGC1994yjumwu,,1994-03-25T10:50:51+00:00,2.681,-74.996,10.0,2.3,ML,"Rivera - Huila, Colombia",manual,0.5,203.0,4.0,SGC,,0.0,0.1,9.0,,,,,,,,,,3.16215,Senel et al.: Mw=0.8095 ML+1.3003 (3.3<=ML<=6.6),,extrapolada,principal,,,,
SGC,SGC1994ylzkfz,,1994-04-22T05:00:53+00:00,2.666,-75.029,2.0,3.6,ML,"Rivera - Huila, Colombia",manual,0.8,177.0,8.0,SGC,,0.1,0.1,16.0,,,,,,,,,,4.2145,Senel et al.: Mw=0.8095 ML+1.3003 (3.3<=ML<=6.6),,dentro_de_rango,principal,,,,
SGC,SGC1994eypeqc,,1994-04-26T20:02:11+00:00,3.034,-75.258,4.0,2.3,ML,"Neiva - Huila, Colombia",manual,0.8,166.0,6.0,SGC,,0.1,0.2,28.0,,,,,,,,,,3.16215,Senel et al.: Mw=0.8095 ML+1.3003 (3.3<=ML<=6.6),,extrapolada,principal,,,,
SGC,SGC1994bvillg,,1994-05-19T15:48:29+00:00,2.676,-74.956,4.0,2.3,ML,"Rivera - Huila, Colombia",manual,0.5,207.0,5.0,SGC,,0.1,0.1,13.0,,,,,,,,,,3.16215,Senel et al.: Mw=0.8095 ML+1.3003 (3.3<=ML<=6.6),,extrapolada,principal,,,,
SGC,SGC1994pampka,,1994-05-24T22:14:04+00:00,2.511,-75.268,19.0,2.3,ML,"Algeciras - Huila, Colombia",manual,0.4,183.0,5.0,SGC,,0.0,0.1,5.0,,,,,,,,,,3.16215,Senel et al.: Mw=0.8095 ML+1.3003 (3.3<=ML<=6.6),,extrapolada,principal,,,,
SGC,SGC1994atuajh,,1994-06-12T15:55:49+00:00,2.662,-74.959,0.0,3.0,ML,"Rivera - Huila, Colombia",manual,1.0,179.0,8.0,SGC,,0.1,0.1,22.0,,,,,,,,,,3.7288,Senel et al.: Mw=0.8095 ML+1.3003 (3.3<=ML<=6.6),,extrapolada,principal,,,,
SGC,SGC1994ncsosb,,1994-06-15T23:25:48+00:00,2.683,-74.981,4.0,2.8,ML,"Rivera - Huila, Colombia",manual,0.7,177.0,6.0,SGC,,0.1,0.1,14.0,,,,,,,,,,3.5669,Senel et al.: Mw=0.8095 ML+1.3003 (3.3<=ML<=6.6),,extrapolada,principal,,,,
SGC,SGC1994grdjyj,,1994-07-11T19:03:42+00:00,2.864,-74.845,12.0,3.2,ML,"Baraya - Huila, Colombia",manual,0.6,178.0,8.0,SGC,,0.1,0.1,11.0,,,,,,,,,,3.8907,Senel et al.: Mw=0.8095 ML+1.3003 (3.3<=ML<=6.6),,extrapolada,principal,,,,
SGC,SGC1994ojcolw,,1994-07-21T02:38:01+00:00,2.651,-74.999,7.0,2.3,ML,"Rivera - Huila, Colombia",manual,0.4,204.0,5.0,SGC,,0.0,0.0,6.0,,,,,,,,,,3.16215,Senel et al.: Mw=0.8095 ML+1.3003 (3.3<=ML<=6.6),,extrapolada,principal,,,,
SGC,SGC1994nuqazu,,1994-07-23T12:55:59+00:00,2.938,-74.985,4.0,2.4,ML,"Tello - Huila, Colombia",manual,0.2,198.0,3.0,SGC,,0.0,0.2,11.0,,,,,,,,,,3.2431,Senel et al.: Mw=0.8095 ML+1.3003 (3.3<=ML<=6.6),,extrapolada,principal,,,,
SGC,SGC1994gfdvrt,,1994-07-26T05:23:15+00:00,2.883,-74.966,16.0,2.8,ML,"Tello - Huila, Colombia",manual,0.8,171.0,9.0,SGC,,0.1,0.1,14.0,,,,,,,,,,3.5669,Senel et al.: Mw=0.8095 ML+1.3003 (3.3<=ML<=6.6),,extrapolada,principal,,,,
SGC,SGC1994dgzsme,,1994-08-24T06:58:09+00:00,2.868,-74.859,16.0,3.2,ML,"Tello - Huila, Colombia",manual,0.7,177.0,8.0,SGC,,0.1,0.1,13.0,,,,,,,,,,3.8907,Senel et al.: Mw=0.8095 ML+1.3003 (3.3<=ML<=6.6),,extrapolada,principal,,,,
SGC,SGC1994lktthg,,1994-09-04T05:31:24+00:00,2.621,-75.073,0.0,3.0,ML,"Rivera - Huila, Colombia",manual,0.8,173.0,9.0,SGC,,0.1,0.1,18.0,,,,,,,,,,3.7288,Senel et al.: Mw=0.8095 ML+1.3003 (3.3<=ML<=6.6),,extrapolada,principal,,,,
SGC,SGC1994fcwzis,,1994-09-28T02:29:45+00:00,2.861,-74.849,18.0,3.1,ML,"Tello - Huila, Colombia",manual,0.9,178.0,7.0,SGC,,0.1,0.2,22.0,,,,,,,,,,3.80975,Senel et al.: Mw=0.8095 ML+1.3003 (3.3<=ML<=6.6),,extrapolada,principal,,,,
SGC,SGC1994lltocb,,1994-10-15T12:58:04+00:00,2.507,-75.311,8.0,2.8,ML,"Algeciras - Huila, Colombia",manual,0.7,161.0,6.0,SGC,,0.0,0.1,11.0,,,,,,,,,,3.5669,Senel et al.: Mw=0.8095 ML+1.3003 (3.3<=ML<=6.6),,extrapolada,principal,,,,
SGC,SGC1994eedhsd,,1994-11-20T12:15:08+00:00,2.924,-74.85,12.0,2.9,ML,"Baraya - Huila, Colombia",manual,0.5,176.0,5.0,SGC,,0.0,0.1,12.0,,,,,,,,,,3.64785,Senel et al.: Mw=0.8095 ML+1.3003 (3.3<=ML<=6.6),,extrapolada,principal,,,,
SGC,SGC1994meyndr,,1994-11-30T09:48:02+00:00,2.913,-75.071,3.0,2.4,ML,"Tello - Huila, Colombia",manual,0.4,164.0,4.0,SGC,,0.0,0.1,12.0,,,,,,,,,,3.2431,Senel et al.: Mw=0.8095 ML+1.3003 (3.3<=ML<=6.6),,extrapolada,principal,,,,
SGC,SGC1994enmwmf,,1994-12-01T10:42:31+00:00,2.965,-74.944,7.0,2.1,ML,"Baraya - Huila, Colombia",manual,0.5,202.0,3.0,SGC,,0.2,2.4,105.0,,,,,,,,,,3.0002500000000003,Senel et al.: Mw=0.8095 ML+1.3003 (3.3<=ML<=6.6),,extrapolada,principal,,,,
SGC,SGC1994rvvbac,,1994-12-04T10:55:44+00:00,2.903,-75.724,22.0,2.8,ML,"Santa María - Huila, Colombia",manual,0.6,197.0,4.0,SGC,,0.1,0.2,13.0,,,,,,,,,,3.5669,Senel et al.: Mw=0.8095 ML+1.3003 (3.3<=ML<=6.6),,extrapolada,principal,,,,
SGC,SGC1994oxfcrp,,1994-12-07T10:38:06+00:00,3.328,-75.35,4.0,2.6,ML,"Aipe - Huila, Colombia",manual,0.1,172.0,4.0,SGC,,0.0,0.0,6.0,,,,,,,,,,3.405,Senel et al.: Mw=0.8095 ML+1.3003 (3.3<=ML<=6.6),,extrapolada,principal,,,,
SGC,SGC1995ggdplv,,1995-01-17T03:36:09+00:00,2.669,-75.158,22.0,3.0,ML,"Rivera - Huila, Colombia",manual,0.3,166.0,4.0,SGC,,0.0,0.1,7.0,,,,,,,,,,3.7288,Senel et al.: Mw=0.8095 ML+1.3003 (3.3<=ML<=6.6),,extrapolada,principal,,,,
SGC,SGC1995kzblwx,,1995-01-23T00:58:51+00:00,2.625,-74.977,1.0,2.8,ML,"Rivera - Huila, Colombia",manual,1.0,179.0,7.0,SGC,,0.1,0.1,17.0,,,,,,,,,,3.5669,Senel et al.: Mw=0.8095 ML+1.3003 (3.3<=ML<=6.6),,extrapolada,principal,,,,
SGC,SGC1995tkbgmg,,1995-02-19T02:15:52+00:00,2.879,-74.862,4.0,2.7,ML,"Baraya - Huila, Colombia",manual,1.0,177.0,6.0,SGC,,0.1,0.1,24.0,,,,,,,,,,3.4859500000000003,Senel et al.: Mw=0.8095 ML+1.3003 (3.3<=ML<=6.6),,extrapolada,principal,,,,
SGC,SGC1995awulhc,,1995-03-05T06:15:10+00:00,2.506,-75.357,4.0,3.2,ML,"Algeciras - Huila, Colombia",manual,0.3,158.0,4.0,SGC,,0.0,0.1,6.0,,,,,,,,,,3.8907,Senel et al.: Mw=0.8095 ML+1.3003 (3.3<=ML<=6.6),,extrapolada,principal,,,,
SGC,SGC1995burbbu,,1995-04-11T14:25:03+00:00,2.908,-74.934,8.0,2.5,ML,"Tello - Huila, Colombia",manual,0.5,172.0,4.0,SGC,,0.1,0.1,9.0,,,,,,,,,,3.32405,Senel et al.: Mw=0.8095 ML+1.3003 (3.3<=ML<=6.6),,extrapolada,principal,,,,
SGC,SGC1995ebwttt,,1995-04-24T00:16:52+00:00,2.621,-75.001,10.0,2.5,ML,"Rivera - Huila, Colombia",manual,0.3,178.0,5.0,SGC,,0.0,0.1,7.0,,,,,,,,,,3.32405,Senel et al.: Mw=0.8095 ML+1.3003 (3.3<=ML<=6.6),,extrapolada,principal,,,,
SGC,SGC1995fzijgj,,1995-05-22T20:17:47+00:00,2.651,-74.994,10.0,2.2,ML,"Rivera - Huila, Colombia",manual,0.3,204.0,4.0,SGC,,0.0,0.0,9.0,,,,,,,,,,3.0812,Senel et al.: Mw=0.8095 ML+1.3003 (3.3<=ML<=6.6),,extrapolada,principal,,,,
SGC,SGC1995frzcna,,1995-07-24T00:53:01+00:00,2.9,-75.051,100.0,3.3,ML,"Tello - Huila, Colombia",manual,1.0,166.0,7.0,SGC,,0.2,0.4,71.0,,,,,,,,,,3.97165,Senel et al.: Mw=0.8095 ML+1.3003 (3.3<=ML<=6.6),,dentro_de_rango,principal,,,,
SGC,SGC1995fmlwli,,1995-07-26T13:26:56+00:00,2.596,-75.017,4.0,2.1,ML,"Rivera - Huila, Colombia",manual,0.7,177.0,4.0,SGC,,0.1,0.2,13.0,,,,,,,,,,3.0002500000000003,Senel et al.: Mw=0.8095 ML+1.3003 (3.3<=ML<=6.6),,extrapolada,principal,,,,
SGC,SGC1995ljtamq,,1995-08-15T11:00:32+00:00,3.047,-74.907,4.0,2.6,ML,"Baraya - Huila, Colombia",manual,1.1,169.0,6.0,SGC,,0.2,0.3,38.0,,,,,,,,,,3.405,Senel et al.: Mw=0.8095 ML+1.3003 (3.3<=ML<=6.6),,extrapolada,principal,,,,
SGC,SGC1995usarno,,1995-08-22T05:41:05+00:00,2.944,-74.957,8.0,3.0,ML,"Tello - Huila, Colombia",manual,0.7,198.0,10.0,SGC,,0.1,0.1,12.0,,,,,,,,,,3.7288,Senel et al.: Mw=0.8095 ML+1.3003 (3.3<=ML<=6.6),,extrapolada,principal,,,,
SGC,SGC1995xudvxw,,1995-08-22T15:34:20+00:00,2.656,-75.62,2.0,2.7,ML,"Íquira - Huila, Colombia",manual,0.5,147.0,5.0,SGC,,0.1,0.1,13.0,,,,,,,,,,3.4859500000000003,Senel et al.: Mw=0.8095 ML+1.3003 (3.3<=ML<=6.6),,extrapolada,principal,,,,
SGC,SGC1995swjvuf,,1995-08-26T13:00:14+00:00,2.985,-74.896,0.0,2.2,ML,"Baraya - Huila, Colombia",manual,0.2,206.0,4.0,SGC,,0.0,0.1,6.0,,,,,,,,,,3.0812,Senel et al.: Mw=0.8095 ML+1.3003 (3.3<=ML<=6.6),,extrapolada,principal,,,,
SGC,SGC1995mcjdqs,,1995-09-25T19:21:06+00:00,2.489,-75.213,9.0,3.1,ML,"Algeciras - Huila, Colombia",manual,0.3,189.0,5.0,SGC,,0.0,0.0,10.0,,,,,,,,,,3.80975,Senel et al.: Mw=0.8095 ML+1.3003 (3.3<=ML<=6.6),,extrapolada,principal,,,,
SGC,SGC1995jionhc,,1995-09-27T03:07:39+00:00,2.692,-75.026,17.0,3.0,ML,"Rivera - Huila, Colombia",manual,0.4,200.0,4.0,SGC,,0.0,0.1,7.0,,,,,,,,,,3.7288,Senel et al.: Mw=0.8095 ML+1.3003 (3.3<=ML<=6.6),,extrapolada,principal,,,,
SGC,SGC1995jtfggi,,1995-10-28T20:23:54+00:00,2.838,-75.532,18.0,2.7,ML,"Teruel - Huila, Colombia",manual,0.5,139.0,6.0,SGC,,0.1,0.1,12.0,,,,,,,,,,3.4859500000000003,Senel et al.: Mw=0.8095 ML+1.3003 (3.3<=ML<=6.6),,extrapolada,principal,,,,
SGC,SGC1995xynqwa,,1995-10-31T00:00:38+00:00,2.903,-74.863,4.0,2.1,ML,"Baraya - Huila, Colombia",manual,0.1,176.0,4.0,SGC,,0.0,0.1,5.0,,,,,,,,,,3.0002500000000003,Senel et al.: Mw=0.8095 ML+1.3003 (3.3<=ML<=6.6),,extrapolada,principal,,,,
SGC,SGC1995uwelxi,,1995-11-17T21:35:56+00:00,2.683,-75.034,9.0,2.4,ML,"Rivera - Huila, Colombia",manual,0.5,200.0,4.0,SGC,,0.1,0.1,15.0,,,,,,,,,,3.2431,Senel et al.: Mw=0.8095 ML+1.3003 (3.3<=ML<=6.6),,extrapolada,principal,,,,
SGC,SGC1995bofjrz,,1995-11-29T07:03:42+00:00,2.948,-74.875,6.0,2.7,ML,"Baraya - Huila, Colombia",manual,0.1,174.0,4.0,SGC,,0.0,0.0,4.0,,,,,,,,,,3.4859500000000003,Senel et al.: Mw=0.8095 ML+1.3003 (3.3<=ML<=6.6),,extrapolada,principal,,,,
SGC,SGC1995jistjv,,1995-12-22T09:28:03+00:00,3.172,-74.929,0.0,3.1,ML,"Baraya - Huila, Colombia",manual,0.2,187.0,4.0,SGC,,0.0,0.1,15.0,,,,,,,,,,3.80975,Senel et al.: Mw=0.8095 ML+1.3003 (3.3<=ML<=6.6),,extrapolada,principal,,,,
SGC,SGC1995xoozlu,,1995-12-31T12:32:48+00:00,2.752,-75.072,8.0,3.2,ML,"Rivera - Huila, Colombia",manual,0.3,249.0,4.0,SGC,,0.1,0.1,8.0,,,,,,,,,,3.8907,Senel et al.: Mw=0.8095 ML+1.3003 (3.3<=ML<=6.6),,extrapolada,principal,,,,
SGC,SGC1996lkusoh,,1996-01-02T05:48:51+00:00,2.717,-75.589,14.0,2.9,ML,"Teruel - Huila, Colombia",manual,0.6,125.0,10.0,SGC,,0.1,0.1,13.0,,,,,,,,,,3.64785,Senel et al.: Mw=0.8095 ML+1.3003 (3.3<=ML<=6.6),,extrapolada,principal,,,,
SGC,SGC1996wrpjje,,1996-01-09T17:15:10+00:00,2.708,-75.13,4.0,2.8,ML,"Rivera - Huila, Colombia",manual,0.5,200.0,8.0,SGC,,0.1,0.1,8.0,,,,,,,,,,3.5669,Senel et al.: Mw=0.8095 ML+1.3003 (3.3<=ML<=6.6),,extrapolada,principal,,,,
SGC,SGC1996ksddvw,,1996-02-04T22:27:50+00:00,2.803,-75.007,4.0,2.1,ML,"Rivera - Huila, Colombia",manual,0.3,199.0,3.0,SGC,,0.1,0.3,11.0,,,,,,,,,,3.0002500000000003,Senel et al.: Mw=0.8095 ML+1.3003 (3.3<=ML<=6.6),,extrapolada,principal,,,,
SGC,SGC1996loqlyx,,1996-02-08T15:26:09+00:00,2.636,-75.345,30.0,2.2,ML,"Campoalegre - Huila, Colombia",manual,0.2,172.0,3.0,SGC,,0.2,0.5,19.0,,,,,,,,,,3.0812,Senel et al.: Mw=0.8095 ML+1.3003 (3.3<=ML<=6.6),,extrapolada,principal,,,,
SGC,SGC1996mfxabt,,1996-02-28T23:33:10+00:00,2.974,-74.921,9.0,2.4,ML,"Baraya - Huila, Colombia",manual,0.6,170.0,5.0,SGC,,0.1,0.1,10.0,,,,,,,,,,3.2431,Senel et al.: Mw=0.8095 ML+1.3003 (3.3<=ML<=6.6),,extrapolada,principal,,,,
SGC,SGC1996igbtfh,,1996-03-18T07:20:17+00:00,3.128,-75.51,61.0,2.2,ML,"Planadas - Tolima, Colombia",manual,0.2,223.0,4.0,SGC,,0.1,0.2,7.0,,,,,,,,,,3.0812,Senel et al.: Mw=0.8095 ML+1.3003 (3.3<=ML<=6.6),,extrapolada,principal,,,,
SGC,SGC1996uridlg,,1996-03-30T01:33:05+00:00,2.61,-75.014,4.0,3.0,ML,"Rivera - Huila, Colombia",manual,0.7,177.0,11.0,SGC,,0.0,0.1,9.0,,,,,,,,,,3.7288,Senel et al.: Mw=0.8095 ML+1.3003 (3.3<=ML<=6.6),,extrapolada,principal,,,,
SGC,SGC1996rkqrqz,,1996-04-11T02:08:27+00:00,2.916,-74.849,8.0,2.3,ML,"Baraya - Huila, Colombia",manual,0.7,176.0,6.0,SGC,,0.1,0.1,12.0,,,,,,,,,,3.16215,Senel et al.: Mw=0.8095 ML+1.3003 (3.3<=ML<=6.6),,extrapolada,principal,,,,
SGC,SGC1996vmvefl,,1996-04-11T14:16:08+00:00,3.187,-75.073,28.0,2.3,ML,"Baraya - Huila, Colombia",manual,0.7,180.0,5.0,SGC,,0.1,0.1,12.0,,,,,,,,,,3.16215,Senel et al.: Mw=0.8095 ML+1.3003 (3.3<=ML<=6.6),,extrapolada,principal,,,,
SGC,SGC1996awwjdl,,1996-06-25T01:40:23+00:00,3.206,-75.24,4.0,3.4,ML,"Aipe - Huila, Colombia",manual,1.0,146.0,6.0,SGC,,0.1,0.2,32.0,,,,,,,,,,4.0526,Senel et al.: Mw=0.8095 ML+1.3003 (3.3<=ML<=6.6),,dentro_de_rango,principal,,,,
SGC,SGC1996ontmzc,,1996-07-31T10:31:43+00:00,2.96,-74.842,7.0,3.3,ML,"Baraya - Huila, Colombia",manual,1.1,175.0,8.0,SGC,,0.1,0.1,25.0,,,,,,,,,,3.97165,Senel et al.: Mw=0.8095 ML+1.3003 (3.3<=ML<=6.6),,dentro_de_rango,principal,,,,
SGC,SGC1996orotxk,,1996-08-03T07:51:03+00:00,2.707,-75.262,0.0,2.4,ML,"Campoalegre - Huila, Colombia",manual,0.4,159.0,4.0,SGC,,0.0,0.1,10.0,,,,,,,,,,3.2431,Senel et al.: Mw=0.8095 ML+1.3003 (3.3<=ML<=6.6),,extrapolada,principal,,,,
SGC,SGC1996xsldtm,,1996-08-18T16:56:21+00:00,2.84,-74.85,13.0,3.0,ML,"Tello - Huila, Colombia",manual,1.1,179.0,10.0,SGC,,0.1,0.2,21.0,,,,,,,,,,3.7288,Senel et al.: Mw=0.8095 ML+1.3003 (3.3<=ML<=6.6),,extrapolada,principal,,,,
SGC,SGC1996npxrae,,1996-08-19T22:29:31+00:00,2.683,-75.14,0.0,3.8,ML,"Rivera - Huila, Colombia",manual,1.1,167.0,12.0,SGC,,0.1,0.1,18.0,,,,,,,,,,4.3764,Senel et al.: Mw=0.8095 ML+1.3003 (3.3<=ML<=6.6),,dentro_de_rango,principal,,,,
SGC,SGC1996hcxpdw,,1996-08-23T01:41:16+00:00,2.871,-74.904,0.0,2.5,ML,"Tello - Huila, Colombia",manual,1.0,175.0,6.0,SGC,,0.1,0.1,19.0,,,,,,,,,,3.32405,Senel et al.: Mw=0.8095 ML+1.3003 (3.3<=ML<=6.6),,extrapolada,principal,,,,
SGC,SGC1996lcduug,,1996-11-27T22:41:01+00:00,2.629,-74.997,29.0,2.5,ML,"Rivera - Huila, Colombia",manual,0.6,177.0,4.0,SGC,,0.1,0.1,30.0,,,,,,,,,,3.32405,Senel et al.: Mw=0.8095 ML+1.3003 (3.3<=ML<=6.6),,extrapolada,principal,,,,
SGC,SGC1996qwrpdi,,1996-12-23T14:00:55+00:00,2.871,-74.894,20.0,3.2,ML,"Tello - Huila, Colombia",manual,0.9,175.0,6.0,SGC,,0.1,0.1,16.0,,,,,,,,,,3.8907,Senel et al.: Mw=0.8095 ML+1.3003 (3.3<=ML<=6.6),,extrapolada,principal,,,,
SGC,SGC1997devkpj,,1997-01-22T14:58:10+00:00,2.684,-75.002,7.0,2.3,ML,"Rivera - Huila, Colombia",manual,0.8,175.0,5.0,SGC,,0.1,0.1,14.0,,,,,,,,,,3.16215,Senel et al.: Mw=0.8095 ML+1.3003 (3.3<=ML<=6.6),,extrapolada,principal,,,,
SGC,SGC1997bwgpgl,,1997-03-25T14:02:39+00:00,2.915,-75.053,16.0,3.0,ML,"Tello - Huila, Colombia",manual,0.1,212.0,3.0,SGC,,0.0,0.1,5.0,,,,,,,,,,3.7288,Senel et al.: Mw=0.8095 ML+1.3003 (3.3<=ML<=6.6),,extrapolada,principal,,,,
SGC,SGC1997xhrxru,,1997-03-29T08:54:48+00:00,2.811,-75.623,37.0,2.1,ML,"Teruel - Huila, Colombia",manual,0.6,189.0,5.0,SGC,,0.1,0.2,19.0,,,,,,,,,,3.0002500000000003,Senel et al.: Mw=0.8095 ML+1.3003 (3.3<=ML<=6.6),,extrapolada,principal,,,,
SGC,SGC1997wwtval,,1997-05-01T01:21:52+00:00,2.923,-75.036,2.0,2.1,ML,"Tello - Huila, Colombia",manual,0.5,166.0,4.0,SGC,,0.0,0.1,9.0,,,,,,,,,,3.0002500000000003,Senel et al.: Mw=0.8095 ML+1.3003 (3.3<=ML<=6.6),,extrapolada,principal,,,,
SGC,SGC1997aatmzl,,1997-05-03T03:34:15+00:00,2.852,-74.876,18.0,3.2,ML,"Tello - Huila, Colombia",manual,0.6,177.0,7.0,SGC,,0.0,0.1,10.0,,,,,,,,,,3.8907,Senel et al.: Mw=0.8095 ML+1.3003 (3.3<=ML<=6.6),,extrapolada,principal,,,,
SGC,SGC1997tqlqzr,,1997-06-01T01:47:19+00:00,3.265,-75.281,8.0,2.8,ML,"Aipe - Huila, Colombia",manual,0.3,162.0,4.0,SGC,,0.0,0.1,9.0,,,,,,,,,,3.5669,Senel et al.: Mw=0.8095 ML+1.3003 (3.3<=ML<=6.6),,extrapolada,principal,,,,
SGC,SGC1997ndlocd,,1997-06-02T08:16:12+00:00,2.941,-75.003,2.0,2.6,ML,"Tello - Huila, Colombia",manual,0.3,167.0,4.0,SGC,,0.0,0.1,5.0,,,,,,,,,,3.405,Senel et al.: Mw=0.8095 ML+1.3003 (3.3<=ML<=6.6),,extrapolada,principal,,,,
SGC,SGC1997hzggwh,,1997-06-05T09:33:57+00:00,2.976,-74.957,23.0,2.4,ML,"Baraya - Huila, Colombia",manual,0.4,168.0,5.0,SGC,,0.0,0.1,7.0,,,,,,,,,,3.2431,Senel et al.: Mw=0.8095 ML+1.3003 (3.3<=ML<=6.6),,extrapolada,principal,,,,
SGC,SGC1997foypyi,,1997-06-06T23:13:13+00:00,2.969,-74.928,10.0,2.3,ML,"Baraya - Huila, Colombia",manual,0.9,204.0,4.0,SGC,,0.1,1.3,55.0,,,,,,,,,,3.16215,Senel et al.: Mw=0.8095 ML+1.3003 (3.3<=ML<=6.6),,extrapolada,principal,,,,
SGC,SGC1997pipbrw,,1997-07-02T06:30:05+00:00,2.573,-75.437,21.0,2.5,ML,"Hobo - Huila, Colombia",manual,0.5,165.0,5.0,SGC,,0.0,0.1,4.0,,,,,,,,,,3.32405,Senel et al.: Mw=0.8095 ML+1.3003 (3.3<=ML<=6.6),,extrapolada,principal,,,,
SGC,SGC1997yhhtyn,,1997-07-10T13:04:38+00:00,2.582,-75.081,4.0,3.3,ML,"Algeciras - Huila, Colombia",manual,0.7,176.0,6.0,SGC,,0.1,0.1,15.0,,,,,,,,,,3.97165,Senel et al.: Mw=0.8095 ML+1.3003 (3.3<=ML<=6.6),,dentro_de_rango,principal,,,,
SGC,SGC1997tnsfle,,1997-07-22T02:35:58+00:00,2.661,-75.101,0.0,3.0,ML,"Rivera - Huila, Colombia",manual,0.4,145.0,4.0,SGC,,0.1,0.0,7.0,,,,,,,,,,3.7288,Senel et al.: Mw=0.8095 ML+1.3003 (3.3<=ML<=6.6),,extrapolada,principal,,,,
SGC,SGC1997xpvosw,,1997-08-25T13:17:30+00:00,2.931,-75.159,22.0,2.3,ML,"Neiva - Huila, Colombia",manual,0.4,159.0,4.0,SGC,,0.1,0.1,12.0,,,,,,,,,,3.16215,Senel et al.: Mw=0.8095 ML+1.3003 (3.3<=ML<=6.6),,extrapolada,principal,,,,
SGC,SGC1997ryfmgh,,1997-09-06T20:14:07+00:00,3.313,-75.405,6.0,2.8,ML,"Aipe - Huila, Colombia",manual,0.3,130.0,5.0,SGC,,0.0,0.0,10.0,,,,,,,,,,3.5669,Senel et al.: Mw=0.8095 ML+1.3003 (3.3<=ML<=6.6),,extrapolada,principal,,,,
SGC,SGC1997oholft,,1997-09-11T15:46:51+00:00,2.634,-74.954,9.0,2.4,ML,"Rivera - Huila, Colombia",manual,0.7,180.0,5.0,SGC,,0.1,0.1,14.0,,,,,,,,,,3.2431,Senel et al.: Mw=0.8095 ML+1.3003 (3.3<=ML<=6.6),,extrapolada,principal,,,,
SGC,SGC1997owvwjx,,1997-10-05T21:02:37+00:00,2.784,-75.105,0.0,2.4,ML,"Rivera - Huila, Colombia",manual,0.2,199.0,5.0,SGC,,0.0,0.0,4.0,,,,,,,,,,3.2431,Senel et al.: Mw=0.8095 ML+1.3003 (3.3<=ML<=6.6),,extrapolada,principal,,,,
SGC,SGC1997lpoefb,,1997-10-19T07:58:06+00:00,2.652,-75.02,5.0,3.7,ML,"Rivera - Huila, Colombia",manual,0.9,145.0,10.0,SGC,,0.1,0.1,13.0,,,,,,,,,,4.295450000000001,Senel et al.: Mw=0.8095 ML+1.3003 (3.3<=ML<=6.6),,dentro_de_rango,principal,,,,
SGC,SGC1997hzqizf,,1997-11-08T18:05:46+00:00,2.665,-75.013,4.0,2.1,ML,"Rivera - Huila, Colombia",manual,0.4,202.0,4.0,SGC,,0.0,0.1,8.0,,,,,,,,,,3.0002500000000003,Senel et al.: Mw=0.8095 ML+1.3003 (3.3<=ML<=6.6),,extrapolada,principal,,,,
SGC,SGC1997flejfs,,1997-11-24T18:09:41+00:00,2.981,-74.902,5.0,2.1,ML,"Baraya - Huila, Colombia",manual,0.3,171.0,4.0,SGC,,0.0,0.1,7.0,,,,,,,,,,3.0002500000000003,Senel et al.: Mw=0.8095 ML+1.3003 (3.3<=ML<=6.6),,extrapolada,principal,,,,
SGC,SGC1997zhxmdk,,1997-11-25T07:10:19+00:00,3.043,-75.236,4.0,2.1,ML,"Tello - Huila, Colombia",manual,0.4,161.0,4.0,SGC,,0.0,0.2,15.0,,,,,,,,,,3.0002500000000003,Senel et al.: Mw=0.8095 ML+1.3003 (3.3<=ML<=6.6),,extrapolada,principal,,,,
SGC,SGC1997nunxrw,,1997-12-06T02:40:59+00:00,2.671,-75.148,4.0,2.3,ML,"Rivera - Huila, Colombia",manual,0.5,151.0,5.0,SGC,,0.0,0.1,7.0,,,,,,,,,,3.16215,Senel et al.: Mw=0.8095 ML+1.3003 (3.3<=ML<=6.6),,extrapolada,principal,,,,
SGC,SGC1998lcilwq,,1998-01-05T23:29:22+00:00,2.913,-75.259,4.0,3.6,ML,"Neiva - Huila, Colombia",manual,0.9,97.0,10.0,SGC,,0.1,0.1,17.0,,,,,,,,,,4.2145,Senel et al.: Mw=0.8095 ML+1.3003 (3.3<=ML<=6.6),,dentro_de_rango,principal,,,,
SGC,SGC1998wotjvo,,1998-01-17T03:58:56+00:00,2.57,-75.265,10.0,3.0,ML,"Algeciras - Huila, Colombia",manual,0.7,109.0,7.0,SGC,,0.0,0.1,9.0,,,,,,,,,,3.7288,Senel et al.: Mw=0.8095 ML+1.3003 (3.3<=ML<=6.6),,extrapolada,principal,,,,
SGC,SGC1998haboso,,1998-01-21T19:49:18+00:00,2.614,-75.052,2.0,2.7,ML,"Rivera - Huila, Colombia",manual,0.8,116.0,8.0,SGC,,0.0,0.1,16.0,,,,,,,,,,3.4859500000000003,Senel et al.: Mw=0.8095 ML+1.3003 (3.3<=ML<=6.6),,extrapolada,principal,,,,
SGC,SGC1998tjdfem,,1998-02-08T12:06:45+00:00,2.846,-74.875,11.0,2.3,ML,"Tello - Huila, Colombia",manual,0.7,177.0,5.0,SGC,,0.1,0.1,12.0,,,,,,,,,,3.16215,Senel et al.: Mw=0.8095 ML+1.3003 (3.3<=ML<=6.6),,extrapolada,principal,,,,
SGC,SGC1998sapssx,,1998-02-11T02:49:28+00:00,2.991,-74.846,18.0,2.1,ML,"Baraya - Huila, Colombia",manual,0.1,135.0,4.0,SGC,,0.0,0.0,9.0,,,,,,,,,,3.0002500000000003,Senel et al.: Mw=0.8095 ML+1.3003 (3.3<=ML<=6.6),,extrapolada,principal,,,,
SGC,SGC1998lvvtdi,,1998-02-16T19:05:14+00:00,2.601,-75.123,0.0,3.0,ML,"Algeciras - Huila, Colombia",manual,0.9,114.0,8.0,SGC,,0.1,0.1,13.0,,,,,,,,,,3.7288,Senel et al.: Mw=0.8095 ML+1.3003 (3.3<=ML<=6.6),,extrapolada,principal,,,,
SGC,SGC1998zaeosa,,1998-03-01T19:29:11+00:00,2.865,-74.852,12.0,2.4,ML,"Tello - Huila, Colombia",manual,0.5,178.0,6.0,SGC,,0.1,0.1,10.0,,,,,,,,,,3.2431,Senel et al.: Mw=0.8095 ML+1.3003 (3.3<=ML<=6.6),,extrapolada,principal,,,,
SGC,SGC1998pnyket,,1998-03-10T06:17:44+00:00,2.931,-75.187,0.0,2.1,ML,"Neiva - Huila, Colombia",manual,0.4,185.0,4.0,SGC,,0.1,0.1,14.0,,,,,,,,,,3.0002500000000003,Senel et al.: Mw=0.8095 ML+1.3003 (3.3<=ML<=6.6),,extrapolada,principal,,,,
SGC,SGC1998mwfsqj,,1998-04-05T10:42:01+00:00,2.652,-74.966,4.0,2.4,ML,"Rivera - Huila, Colombia",manual,0.4,207.0,4.0,SGC,,0.0,0.1,13.0,,,,,,,,,,3.2431,Senel et al.: Mw=0.8095 ML+1.3003 (3.3<=ML<=6.6),,extrapolada,principal,,,,
SGC,SGC1998wqmpqf,,1998-04-25T16:45:02+00:00,2.731,-74.902,0.0,3.3,ML,"Rivera - Huila, Colombia",manual,1.1,145.0,7.0,SGC,,0.1,0.1,35.0,,,,,,,,,,3.97165,Senel et al.: Mw=0.8095 ML+1.3003 (3.3<=ML<=6.6),,dentro_de_rango,principal,,,,
SGC,SGC1998hjoldt,,1998-05-07T21:06:28+00:00,3.131,-75.159,0.0,3.5,ML,"Tello - Huila, Colombia",manual,0.8,109.0,9.0,SGC,,0.1,0.1,12.0,,,,,,,,,,4.13355,Senel et al.: Mw=0.8095 ML+1.3003 (3.3<=ML<=6.6),,dentro_de_rango,principal,,,,
SGC,SGC1998vskjjj,,1998-05-08T00:53:54+00:00,2.79,-74.991,0.0,2.5,ML,"Rivera - Huila, Colombia",manual,0.6,141.0,7.0,SGC,,0.0,0.0,9.0,,,,,,,,,,3.32405,Senel et al.: Mw=0.8095 ML+1.3003 (3.3<=ML<=6.6),,extrapolada,principal,,,,
SGC,SGC1998uuorts,,1998-05-15T07:10:19+00:00,2.916,-74.992,0.0,2.5,ML,"Tello - Huila, Colombia",manual,0.6,206.0,4.0,SGC,,0.1,0.1,12.0,,,,,,,,,,3.32405,Senel et al.: Mw=0.8095 ML+1.3003 (3.3<=ML<=6.6),,extrapolada,principal,,,,
SGC,SGC1998zarihc,,1998-05-19T20:34:35+00:00,2.542,-75.515,18.0,2.8,ML,"Hobo - Huila, Colombia",manual,1.0,144.0,6.0,SGC,,0.2,0.1,9.0,,,,,,,,,,3.5669,Senel et al.: Mw=0.8095 ML+1.3003 (3.3<=ML<=6.6),,extrapolada,principal,,,,
SGC,SGC1998xlzfqz,,1998-06-10T05:59:11+00:00,2.778,-75.192,40.0,2.4,ML,"Rivera - Huila, Colombia",manual,0.1,182.0,3.0,SGC,,2.1,6.1,534.0,,,,,,,,,,3.2431,Senel et al.: Mw=0.8095 ML+1.3003 (3.3<=ML<=6.6),,extrapolada,principal,,,,
SGC,SGC1998uculep,,1998-07-07T03:30:28+00:00,2.517,-75.396,23.0,2.1,ML,"Algeciras - Huila, Colombia",manual,0.2,170.0,4.0,SGC,,0.0,0.1,4.0,,,,,,,,,,3.0002500000000003,Senel et al.: Mw=0.8095 ML+1.3003 (3.3<=ML<=6.6),,extrapolada,principal,,,,
SGC,SGC1998ggijja,,1998-07-24T01:22:51+00:00,2.972,-74.969,6.0,2.2,ML,"Tello - Huila, Colombia",manual,0.2,199.0,3.0,SGC,,0.2,1.5,69.0,,,,,,,,,,3.0812,Senel et al.: Mw=0.8095 ML+1.3003 (3.3<=ML<=6.6),,extrapolada,principal,,,,
SGC,SGC1998lvrcyq,,1998-07-24T23:47:07+00:00,2.693,-75.057,1.0,2.4,ML,"Rivera - Huila, Colombia",manual,0.9,113.0,8.0,SGC,,0.0,0.1,11.0,,,,,,,,,,3.2431,Senel et al.: Mw=0.8095 ML+1.3003 (3.3<=ML<=6.6),,extrapolada,principal,,,,
SGC,SGC1998ewaalq,,1998-07-25T22:39:29+00:00,2.663,-75.053,14.0,2.1,ML,"Rivera - Huila, Colombia",manual,0.3,215.0,3.0,SGC,,0.0,0.1,10.0,,,,,,,,,,3.0002500000000003,Senel et al.: Mw=0.8095 ML+1.3003 (3.3<=ML<=6.6),,extrapolada,principal,,,,
SGC,SGC1998biocsm,,1998-09-06T20:34:39+00:00,3.101,-75.207,161.0,2.8,ML,"Tello - Huila, Colombia",manual,0.6,184.0,4.0,SGC,,0.2,0.2,61.0,,,,,,,,,,3.5669,Senel et al.: Mw=0.8095 ML+1.3003 (3.3<=ML<=6.6),,extrapolada,principal,,,,
SGC,SGC1998icpsci,,1998-09-07T02:58:00+00:00,2.742,-75.207,5.0,2.7,ML,"Rivera - Huila, Colombia",manual,0.7,140.0,5.0,SGC,,0.1,0.1,59.0,,,,,,,,,,3.4859500000000003,Senel et al.: Mw=0.8095 ML+1.3003 (3.3<=ML<=6.6),,extrapolada,principal,,,,
SGC,SGC1998imieeg,,1998-10-03T23:05:13+00:00,2.576,-75.4,1.0,2.7,ML,"Hobo - Huila, Colombia",manual,0.3,196.0,4.0,SGC,,0.1,0.1,14.0,,,,,,,,,,3.4859500000000003,Senel et al.: Mw=0.8095 ML+1.3003 (3.3<=ML<=6.6),,extrapolada,principal,,,,
SGC,SGC1998lfksjx,,1998-10-21T03:45:30+00:00,2.754,-75.031,3.0,2.7,ML,"Rivera - Huila, Colombia",manual,0.8,142.0,5.0,SGC,,0.1,0.1,13.0,,,,,,,,,,3.4859500000000003,Senel et al.: Mw=0.8095 ML+1.3003 (3.3<=ML<=6.6),,extrapolada,principal,,,,
SGC,SGC1998qzagrk,,1998-11-14T02:10:21+00:00,3.265,-75.47,4.0,2.7,ML,"Planadas - Tolima, Colombia",manual,0.9,133.0,5.0,SGC,,0.1,0.1,16.0,,,,,,,,,,3.4859500000000003,Senel et al.: Mw=0.8095 ML+1.3003 (3.3<=ML<=6.6),,extrapolada,principal,,,,
SGC,SGC1999omfnge,,1999-02-15T03:28:51+00:00,2.502,-75.324,10.0,2.5,ML,"Algeciras - Huila, Colombia",manual,0.0,198.0,3.0,SGC,,0.1,0.1,17.0,,,,,,,,,,3.32405,Senel et al.: Mw=0.8095 ML+1.3003 (3.3<=ML<=6.6),,extrapolada,principal,,,,
SGC,SGC1999rbuksh,,1999-02-18T13:37:55+00:00,2.845,-75.137,32.0,2.5,ML,"Rivera - Huila, Colombia",manual,0.4,162.0,5.0,SGC,,0.0,0.1,17.0,,,,,,,,,,3.32405,Senel et al.: Mw=0.8095 ML+1.3003 (3.3<=ML<=6.6),,extrapolada,principal,,,,
SGC,SGC1999gxcuxk,,1999-02-19T19:18:18+00:00,2.993,-75.147,119.0,2.7,ML,"Tello - Huila, Colombia",manual,0.4,157.0,3.0,SGC,,0.0,0.1,25.0,,,,,,,,,,3.4859500000000003,Senel et al.: Mw=0.8095 ML+1.3003 (3.3<=ML<=6.6),,extrapolada,principal,,,,
SGC,SGC1999jyakmi,,1999-03-08T21:34:53+00:00,2.522,-75.157,3.0,2.3,ML,"Algeciras - Huila, Colombia",manual,0.8,193.0,5.0,SGC,,0.1,0.1,15.0,,,,,,,,,,3.16215,Senel et al.: Mw=0.8095 ML+1.3003 (3.3<=ML<=6.6),,extrapolada,principal,,,,
SGC,SGC1999qvdwxq,,1999-03-28T13:54:57+00:00,2.692,-75.05,4.0,3.1,ML,"Rivera - Huila, Colombia",manual,0.7,113.0,10.0,SGC,,0.0,0.1,13.0,,,,,,,,,,3.80975,Senel et al.: Mw=0.8095 ML+1.3003 (3.3<=ML<=6.6),,extrapolada,principal,,,,
SGC,SGC1999daoybh,,1999-04-08T20:41:20+00:00,3.206,-75.083,4.0,2.1,ML,"Baraya - Huila, Colombia",manual,0.5,135.0,6.0,SGC,,0.0,0.1,12.0,,,,,,,,,,3.0002500000000003,Senel et al.: Mw=0.8095 ML+1.3003 (3.3<=ML<=6.6),,extrapolada,principal,,,,
SGC,SGC1999xpjlds,,1999-04-10T12:27:39+00:00,2.614,-75.035,8.0,2.7,ML,"Rivera - Huila, Colombia",manual,0.5,202.0,4.0,SGC,,0.0,0.1,14.0,,,,,,,,,,3.4859500000000003,Senel et al.: Mw=0.8095 ML+1.3003 (3.3<=ML<=6.6),,extrapolada,principal,,,,
SGC,SGC1999pqlmei,,1999-04-14T20:05:24+00:00,2.676,-75.056,9.0,2.2,ML,"Rivera - Huila, Colombia",manual,0.4,114.0,7.0,SGC,,0.0,0.0,5.0,,,,,,,,,,3.0812,Senel et al.: Mw=0.8095 ML+1.3003 (3.3<=ML<=6.6),,extrapolada,principal,,,,
SGC,SGC1999qwsgid,,1999-06-21T10:00:01+00:00,2.704,-75.097,4.0,2.6,ML,"Rivera - Huila, Colombia",manual,0.2,255.0,3.0,SGC,,9.0,9.0,1000.0,,,,,,,,,,3.405,Senel et al.: Mw=0.8095 ML+1.3003 (3.3<=ML<=6.6),,extrapolada,principal,,,,
SGC,SGC1999bcqxra,,1999-07-01T22:07:07+00:00,2.745,-75.004,3.0,3.3,ML,"Rivera - Huila, Colombia",manual,0.8,204.0,10.0,SGC,,0.1,0.1,12.0,,,,,,,,,,3.97165,Senel et al.: Mw=0.8095 ML+1.3003 (3.3<=ML<=6.6),,dentro_de_rango,principal,,,,
SGC,SGC1999uldgcj,,1999-07-11T08:43:46+00:00,2.659,-75.206,0.0,2.2,ML,"Campoalegre - Huila, Colombia",manual,0.4,227.0,4.0,SGC,,0.1,0.1,8.0,,,,,,,,,,3.0812,Senel et al.: Mw=0.8095 ML+1.3003 (3.3<=ML<=6.6),,extrapolada,principal,,,,
SGC,SGC1999sweayt,,1999-10-29T23:53:08+00:00,2.668,-74.99,1.0,3.6,ML,"Rivera - Huila, Colombia",manual,0.4,146.0,6.0,SGC,,0.0,0.0,7.0,,,,,,,,,,4.2145,Senel et al.: Mw=0.8095 ML+1.3003 (3.3<=ML<=6.6),,dentro_de_rango,principal,,,,
SGC,SGC1999krrpyz,,1999-11-08T14:24:21+00:00,2.696,-75.129,3.0,3.0,ML,"Rivera - Huila, Colombia",manual,0.3,150.0,4.0,SGC,,0.0,0.1,6.0,,,,,,,,,,3.7288,Senel et al.: Mw=0.8095 ML+1.3003 (3.3<=ML<=6.6),,extrapolada,principal,,,,
SGC,SGC1999ivxixj,,1999-11-24T17:14:30+00:00,2.78,-75.157,25.0,2.9,ML,"Rivera - Huila, Colombia",manual,0.5,163.0,6.0,SGC,,0.1,0.1,8.0,,,,,,,,,,3.64785,Senel et al.: Mw=0.8095 ML+1.3003 (3.3<=ML<=6.6),,extrapolada,principal,,,,
SGC,SGC1999gpuqml,,1999-12-03T21:05:29+00:00,2.831,-75.11,4.0,2.4,ML,"Rivera - Huila, Colombia",manual,0.4,164.0,4.0,SGC,,0.0,0.2,10.0,,,,,,,,,,3.2431,Senel et al.: Mw=0.8095 ML+1.3003 (3.3<=ML<=6.6),,extrapolada,principal,,,,
SGC,SGC1999wmvyen,,1999-12-12T14:32:20+00:00,2.671,-75.189,4.0,2.2,ML,"Rivera - Huila, Colombia",manual,0.3,164.0,5.0,SGC,,0.0,0.1,7.0,,,,,,,,,,3.0812,Senel et al.: Mw=0.8095 ML+1.3003 (3.3<=ML<=6.6),,extrapolada,principal,,,,
SGC,SGC2000jxqjuq,,2000-02-14T05:31:33+00:00,2.847,-74.868,110.0,2.8,ML,"Tello - Huila, Colombia",manual,0.9,177.0,5.0,SGC,,0.1,0.2,66.0,,,,,,,,,,3.5669,Senel et al.: Mw=0.8095 ML+1.3003 (3.3<=ML<=6.6),,extrapolada,principal,,,,
SGC,SGC2000rrmjwd,,2000-03-03T11:14:36+00:00,2.858,-75.139,105.0,3.0,ML,"Rivera - Huila, Colombia",manual,0.5,195.0,3.0,SGC,,0.1,0.1,74.0,,,,,,,,,,3.7288,Senel et al.: Mw=0.8095 ML+1.3003 (3.3<=ML<=6.6),,extrapolada,principal,,,,
SGC,SGC2000wiemnt,,2000-04-06T20:20:06+00:00,2.824,-75.003,0.0,3.7,ML,"Rivera - Huila, Colombia",manual,1.0,200.0,8.0,SGC,,0.1,0.1,30.0,,,,,,,,,,4.295450000000001,Senel et al.: Mw=0.8095 ML+1.3003 (3.3<=ML<=6.6),,dentro_de_rango,principal,,,,
SGC,SGC2000neqruz,,2000-04-27T01:28:37+00:00,2.958,-75.333,3.0,2.7,ML,"Neiva - Huila, Colombia",manual,1.4,184.0,4.0,SGC,,0.2,0.3,54.0,,,,,,,,,,3.4859500000000003,Senel et al.: Mw=0.8095 ML+1.3003 (3.3<=ML<=6.6),,extrapolada,principal,,,,
SGC,SGC2000jwjgsl,,2000-05-27T04:00:57+00:00,3.037,-74.956,0.0,2.6,ML,"Baraya - Huila, Colombia",manual,0.4,195.0,5.0,SGC,,0.0,0.1,10.0,,,,,,,,,,3.405,Senel et al.: Mw=0.8095 ML+1.3003 (3.3<=ML<=6.6),,extrapolada,principal,,,,
SGC,SGC2000mqulsx,,2000-06-13T04:45:11+00:00,2.801,-75.128,0.0,2.2,ML,"Rivera - Huila, Colombia",manual,0.3,197.0,5.0,SGC,,0.1,0.1,10.0,,,,,,,,,,3.0812,Senel et al.: Mw=0.8095 ML+1.3003 (3.3<=ML<=6.6),,extrapolada,principal,,,,
SGC,SGC2000jwmoze,,2000-07-02T08:41:57+00:00,2.965,-75.182,1.0,2.8,ML,"Neiva - Huila, Colombia",manual,0.3,313.0,3.0,SGC,,0.1,0.1,17.0,,,,,,,,,,3.5669,Senel et al.: Mw=0.8095 ML+1.3003 (3.3<=ML<=6.6),,extrapolada,principal,,,,
SGC,SGC2000cqzwxk,,2000-08-02T08:40:57+00:00,2.677,-75.202,2.0,2.2,ML,"Rivera - Huila, Colombia",manual,0.6,199.0,4.0,SGC,,0.1,0.2,14.0,,,,,,,,,,3.0812,Senel et al.: Mw=0.8095 ML+1.3003 (3.3<=ML<=6.6),,extrapolada,principal,,,,
SGC,SGC2000zkweit,,2000-08-19T03:32:45+00:00,3.009,-74.983,0.0,2.5,ML,"Baraya - Huila, Colombia",manual,0.2,246.0,4.0,SGC,,0.1,0.1,17.0,,,,,,,,,,3.32405,Senel et al.: Mw=0.8095 ML+1.3003 (3.3<=ML<=6.6),,extrapolada,principal,,,,
SGC,SGC2000gzygkn,,2000-09-09T21:31:06+00:00,2.68,-75.413,0.0,3.0,ML,"Campoalegre - Huila, Colombia",manual,0.3,192.0,4.0,SGC,,0.1,0.1,8.0,,,,,,,,,,3.7288,Senel et al.: Mw=0.8095 ML+1.3003 (3.3<=ML<=6.6),,extrapolada,principal,,,,
SGC,SGC2000bhisfn,,2000-09-19T22:31:50+00:00,2.761,-75.154,0.0,2.8,ML,"Rivera - Huila, Colombia",manual,0.5,140.0,5.0,SGC,,0.1,0.1,13.0,,,,,,,,,,3.5669,Senel et al.: Mw=0.8095 ML+1.3003 (3.3<=ML<=6.6),,extrapolada,principal,,,,
SGC,SGC2000qqyhif,,2000-10-17T23:48:25+00:00,2.956,-75.027,9.0,2.1,ML,"Tello - Huila, Colombia",manual,0.4,311.0,3.0,SGC,,0.1,0.1,11.0,,,,,,,,,,3.0002500000000003,Senel et al.: Mw=0.8095 ML+1.3003 (3.3<=ML<=6.6),,extrapolada,principal,,,,
SGC,SGC2000ngocyj,,2000-12-30T21:10:35+00:00,2.888,-74.977,0.0,4.5,ML,"Tello - Huila, Colombia",manual,1.0,199.0,6.0,SGC,,0.2,0.1,23.0,,,,,,,,,,4.94305,Senel et al.: Mw=0.8095 ML+1.3003 (3.3<=ML<=6.6),,dentro_de_rango,principal,,,,
SGC,SGC2001qpoqpp,,2001-02-01T11:18:45+00:00,3.0,-75.072,120.0,3.1,ML,"Tello - Huila, Colombia",manual,0.8,250.0,3.0,SGC,,0.2,0.2,60.0,,,,,,,,,,3.80975,Senel et al.: Mw=0.8095 ML+1.3003 (3.3<=ML<=6.6),,extrapolada,principal,,,,
SGC,SGC2001bnkxqn,,2001-03-06T14:37:41+00:00,2.781,-75.09,84.0,3.9,ML,"Rivera - Huila, Colombia",manual,0.7,257.0,5.0,SGC,,0.1,0.1,85.0,,,,,,,,,,4.45735,Senel et al.: Mw=0.8095 ML+1.3003 (3.3<=ML<=6.6),,dentro_de_rango,principal,,,,
SGC,SGC2001xpmjyz,,2001-03-17T13:45:37+00:00,3.273,-75.426,1.0,2.2,ML,"Aipe - Huila, Colombia",manual,0.6,312.0,3.0,SGC,,0.2,0.1,24.0,,,,,,,,,,3.0812,Senel et al.: Mw=0.8095 ML+1.3003 (3.3<=ML<=6.6),,extrapolada,principal,,,,
SGC,SGC2001jcplwg,,2001-05-25T01:37:32+00:00,3.126,-74.956,0.0,2.3,ML,"Baraya - Huila, Colombia",manual,0.9,306.0,3.0,SGC,,0.4,0.3,45.0,,,,,,,,,,3.16215,Senel et al.: Mw=0.8095 ML+1.3003 (3.3<=ML<=6.6),,extrapolada,principal,,,,
SGC,SGC2001iucbfj,,2001-06-23T08:06:09+00:00,2.701,-75.145,0.0,2.8,ML,"Rivera - Huila, Colombia",manual,1.1,318.0,3.0,SGC,,0.4,0.3,45.0,,,,,,,,,,3.5669,Senel et al.: Mw=0.8095 ML+1.3003 (3.3<=ML<=6.6),,extrapolada,principal,,,,
SGC,SGC2001gujaiu,,2001-07-22T20:18:31+00:00,3.002,-75.059,0.0,2.4,ML,"Tello - Huila, Colombia",manual,0.4,311.0,3.0,SGC,,0.2,0.2,24.0,,,,,,,,,,3.2431,Senel et al.: Mw=0.8095 ML+1.3003 (3.3<=ML<=6.6),,extrapolada,principal,,,,
SGC,SGC2001ihoykf,,2001-09-04T20:09:29+00:00,2.698,-75.543,124.0,3.0,ML,"Yaguará - Huila, Colombia",manual,0.8,182.0,3.0,SGC,,0.1,0.2,58.0,,,,,,,,,,3.7288,Senel et al.: Mw=0.8095 ML+1.3003 (3.3<=ML<=6.6),,extrapolada,principal,,,,
SGC,SGC2001aigrzb,,2001-09-10T08:19:11+00:00,3.244,-75.156,4.0,3.1,ML,"Villavieja - Huila, Colombia",manual,0.6,157.0,4.0,SGC,,0.1,0.1,18.0,,,,,,,,,,3.80975,Senel et al.: Mw=0.8095 ML+1.3003 (3.3<=ML<=6.6),,extrapolada,principal,,,,
SGC,SGC2001tywswo,,2001-10-02T09:16:47+00:00,2.664,-75.268,1.0,3.0,ML,"Campoalegre - Huila, Colombia",manual,0.9,160.0,4.0,SGC,,0.1,0.2,16.0,,,,,,,,,,3.7288,Senel et al.: Mw=0.8095 ML+1.3003 (3.3<=ML<=6.6),,extrapolada,principal,,,,
SGC,SGC2001juaure,,2001-12-15T16:15:22+00:00,3.04,-75.158,0.0,2.8,ML,"Tello - Huila, Colombia",manual,0.8,156.0,6.0,SGC,,0.1,0.1,24.0,,,,,,,,,,3.5669,Senel et al.: Mw=0.8095 ML+1.3003 (3.3<=ML<=6.6),,extrapolada,principal,,,,
SGC,SGC2002vjsafd,,2002-01-02T12:26:38+00:00,2.951,-74.893,4.0,3.4,ML,"Baraya - Huila, Colombia",manual,0.6,137.0,9.0,SGC,,0.0,0.1,9.0,,,,,,,,,,4.0526,Senel et al.: Mw=0.8095 ML+1.3003 (3.3<=ML<=6.6),,dentro_de_rango,principal,,,,
SGC,SGC2002bsntmi,,2002-01-31T11:26:32+00:00,2.983,-74.963,6.0,2.4,ML,"Baraya - Huila, Colombia",manual,0.4,168.0,4.0,SGC,,0.0,0.1,9.0,,,,,,,,,,3.2431,Senel et al.: Mw=0.8095 ML+1.3003 (3.3<=ML<=6.6),,extrapolada,principal,,,,
SGC,SGC2002zzjpnh,,2002-02-11T09:23:06+00:00,2.95,-75.363,0.0,2.6,ML,"Neiva - Huila, Colombia",manual,1.5,170.0,6.0,SGC,,0.1,0.2,28.0,,,,,,,,,,3.405,Senel et al.: Mw=0.8095 ML+1.3003 (3.3<=ML<=6.6),,extrapolada,principal,,,,
SGC,SGC2002xbhsny,,2002-02-14T07:01:35+00:00,2.841,-75.163,1.0,2.2,ML,"Rivera - Huila, Colombia",manual,0.6,161.0,4.0,SGC,,0.1,0.2,15.0,,,,,,,,,,3.0812,Senel et al.: Mw=0.8095 ML+1.3003 (3.3<=ML<=6.6),,extrapolada,principal,,,,
SGC,SGC2002maaniv,,2002-03-09T08:26:06+00:00,2.931,-75.046,4.0,2.5,ML,"Tello - Huila, Colombia",manual,0.3,165.0,5.0,SGC,,0.0,0.1,12.0,,,,,,,,,,3.32405,Senel et al.: Mw=0.8095 ML+1.3003 (3.3<=ML<=6.6),,extrapolada,principal,,,,
SGC,SGC2002kpgyfa,,2002-03-15T11:20:05+00:00,2.928,-75.165,10.0,2.5,ML,"Neiva - Huila, Colombia",manual,0.6,158.0,4.0,SGC,,0.1,0.2,16.0,,,,,,,,,,3.32405,Senel et al.: Mw=0.8095 ML+1.3003 (3.3<=ML<=6.6),,extrapolada,principal,,,,
SGC,SGC2002wahorq,,2002-03-16T06:13:26+00:00,2.893,-74.987,4.0,2.2,ML,"Tello - Huila, Colombia",manual,0.2,169.0,4.0,SGC,,0.0,0.1,6.0,,,,,,,,,,3.0812,Senel et al.: Mw=0.8095 ML+1.3003 (3.3<=ML<=6.6),,extrapolada,principal,,,,
SGC,SGC2002swmhct,,2002-03-24T03:00:39+00:00,3.027,-75.071,4.0,2.1,ML,"Tello - Huila, Colombia",manual,0.7,161.0,4.0,SGC,,0.1,0.2,30.0,,,,,,,,,,3.0002500000000003,Senel et al.: Mw=0.8095 ML+1.3003 (3.3<=ML<=6.6),,extrapolada,principal,,,,
SGC,SGC2002uakkay,,2002-03-26T22:47:00+00:00,2.671,-75.366,2.0,3.1,ML,"Campoalegre - Huila, Colombia",manual,0.7,127.0,7.0,SGC,,0.1,0.1,13.0,,,,,,,,,,3.80975,Senel et al.: Mw=0.8095 ML+1.3003 (3.3<=ML<=6.6),,extrapolada,principal,,,,
SGC,SGC2002iutgiw,,2002-04-04T00:17:25+00:00,2.864,-74.965,3.0,2.1,ML,"Tello - Huila, Colombia",manual,0.4,172.0,4.0,SGC,,0.0,0.1,12.0,,,,,,,,,,3.0002500000000003,Senel et al.: Mw=0.8095 ML+1.3003 (3.3<=ML<=6.6),,extrapolada,principal,,,,
SGC,SGC2002wwnyyu,,2002-04-08T13:11:59+00:00,2.957,-75.068,3.0,2.3,ML,"Tello - Huila, Colombia",manual,0.4,163.0,4.0,SGC,,0.0,0.1,10.0,,,,,,,,,,3.16215,Senel et al.: Mw=0.8095 ML+1.3003 (3.3<=ML<=6.6),,extrapolada,principal,,,,
SGC,SGC2002ymatqh,,2002-04-14T19:29:04+00:00,2.848,-74.953,6.0,2.2,ML,"Tello - Huila, Colombia",manual,0.3,204.0,3.0,SGC,,0.1,0.9,42.0,,,,,,,,,,3.0812,Senel et al.: Mw=0.8095 ML+1.3003 (3.3<=ML<=6.6),,extrapolada,principal,,,,
SGC,SGC2002exbuxu,,2002-04-15T06:16:03+00:00,2.875,-75.052,20.0,4.0,ML,"Tello - Huila, Colombia",manual,1.2,106.0,10.0,SGC,,0.1,0.1,17.0,,,,,,,,,,4.5383,Senel et al.: Mw=0.8095 ML+1.3003 (3.3<=ML<=6.6),,dentro_de_rango,principal,,,,
SGC,SGC2002fblpyr,,2002-04-22T19:12:57+00:00,2.951,-74.967,1.0,2.7,ML,"Tello - Huila, Colombia",manual,0.8,142.0,7.0,SGC,,0.1,0.1,21.0,,,,,,,,,,3.4859500000000003,Senel et al.: Mw=0.8095 ML+1.3003 (3.3<=ML<=6.6),,extrapolada,principal,,,,
SGC,SGC2002rxblam,,2002-04-25T01:25:10+00:00,2.987,-74.983,0.0,2.1,ML,"Tello - Huila, Colombia",manual,0.4,167.0,4.0,SGC,,0.0,0.1,10.0,,,,,,,,,,3.0002500000000003,Senel et al.: Mw=0.8095 ML+1.3003 (3.3<=ML<=6.6),,extrapolada,principal,,,,
SGC,SGC2002jidhlo,,2002-04-27T03:51:12+00:00,2.698,-75.227,2.0,2.3,ML,"Rivera - Huila, Colombia",manual,0.5,158.0,4.0,SGC,,0.0,0.1,13.0,,,,,,,,,,3.16215,Senel et al.: Mw=0.8095 ML+1.3003 (3.3<=ML<=6.6),,extrapolada,principal,,,,
SGC,SGC2002spwkbu,,2002-05-04T17:19:02+00:00,2.691,-75.25,3.0,2.1,ML,"Campoalegre - Huila, Colombia",manual,0.8,160.0,4.0,SGC,,0.1,0.2,13.0,,,,,,,,,,3.0002500000000003,Senel et al.: Mw=0.8095 ML+1.3003 (3.3<=ML<=6.6),,extrapolada,principal,,,,
SGC,SGC2002smlkdv,,2002-05-09T11:05:46+00:00,2.979,-74.882,6.0,2.8,ML,"Baraya - Huila, Colombia",manual,0.4,137.0,5.0,SGC,,0.0,0.0,8.0,,,,,,,,,,3.5669,Senel et al.: Mw=0.8095 ML+1.3003 (3.3<=ML<=6.6),,extrapolada,principal,,,,
SGC,SGC2002rvmhdh,,2002-05-18T17:30:10+00:00,2.682,-75.032,4.0,2.2,ML,"Rivera - Huila, Colombia",manual,0.3,200.0,3.0,SGC,,0.1,0.3,13.0,,,,,,,,,,3.0812,Senel et al.: Mw=0.8095 ML+1.3003 (3.3<=ML<=6.6),,extrapolada,principal,,,,
SGC,SGC2002tygjur,,2002-06-13T16:08:02+00:00,2.861,-74.868,10.0,2.3,ML,"Tello - Huila, Colombia",manual,0.2,212.0,3.0,SGC,,0.1,0.5,15.0,,,,,,,,,,3.16215,Senel et al.: Mw=0.8095 ML+1.3003 (3.3<=ML<=6.6),,extrapolada,principal,,,,
SGC,SGC2002cedlho,,2002-07-06T07:43:37+00:00,2.699,-75.17,4.0,2.5,ML,"Rivera - Huila, Colombia",manual,0.5,165.0,4.0,SGC,,0.1,0.2,14.0,,,,,,,,,,3.32405,Senel et al.: Mw=0.8095 ML+1.3003 (3.3<=ML<=6.6),,extrapolada,principal,,,,
SGC,SGC2002uxaoqo,,2002-07-09T02:15:28+00:00,2.693,-75.14,0.0,2.6,ML,"Rivera - Huila, Colombia",manual,1.0,151.0,6.0,SGC,,0.1,0.1,23.0,,,,,,,,,,3.405,Senel et al.: Mw=0.8095 ML+1.3003 (3.3<=ML<=6.6),,extrapolada,principal,,,,
SGC,SGC2002aufwiu,,2002-08-03T15:31:29+00:00,2.69,-75.606,124.0,3.0,ML,"Íquira - Huila, Colombia",manual,0.7,187.0,4.0,SGC,,0.1,0.4,33.0,,,,,,,,,,3.7288,Senel et al.: Mw=0.8095 ML+1.3003 (3.3<=ML<=6.6),,extrapolada,principal,,,,
SGC,SGC2002guwjhb,,2002-08-31T19:24:13+00:00,2.845,-74.984,1.0,2.4,ML,"Tello - Huila, Colombia",manual,0.4,142.0,5.0,SGC,,0.0,0.1,7.0,,,,,,,,,,3.2431,Senel et al.: Mw=0.8095 ML+1.3003 (3.3<=ML<=6.6),,extrapolada,principal,,,,
SGC,SGC2002iofavs,,2002-09-01T00:06:28+00:00,2.957,-74.849,98.0,2.6,ML,"Baraya - Huila, Colombia",manual,0.7,135.0,4.0,SGC,,0.1,0.1,76.0,,,,,,,,,,3.405,Senel et al.: Mw=0.8095 ML+1.3003 (3.3<=ML<=6.6),,extrapolada,principal,,,,
SGC,SGC2002mzhatx,,2002-09-09T22:41:19+00:00,3.005,-74.986,3.0,2.1,ML,"Baraya - Huila, Colombia",manual,0.8,166.0,4.0,SGC,,0.1,0.2,19.0,,,,,,,,,,3.0002500000000003,Senel et al.: Mw=0.8095 ML+1.3003 (3.3<=ML<=6.6),,extrapolada,principal,,,,
SGC,SGC2002yrmkpu,,2002-09-30T18:15:57+00:00,2.952,-74.991,4.0,2.4,ML,"Tello - Huila, Colombia",manual,0.3,167.0,4.0,SGC,,0.0,0.1,8.0,,,,,,,,,,3.2431,Senel et al.: Mw=0.8095 ML+1.3003 (3.3<=ML<=6.6),,extrapolada,principal,,,,
SGC,SGC2002nkthxr,,2002-10-02T22:14:16+00:00,2.844,-74.893,7.0,2.1,ML,"Tello - Huila, Colombia",manual,0.8,136.0,5.0,SGC,,0.1,0.1,14.0,,,,,,,,,,3.0002500000000003,Senel et al.: Mw=0.8095 ML+1.3003 (3.3<=ML<=6.6),,extrapolada,principal,,,,
SGC,SGC2002pbtnfn,,2002-11-18T18:52:08+00:00,2.897,-75.202,0.0,3.6,ML,"Neiva - Huila, Colombia",manual,1.0,104.0,8.0,SGC,,0.1,0.1,16.0,,,,,,,,,,4.2145,Senel et al.: Mw=0.8095 ML+1.3003 (3.3<=ML<=6.6),,dentro_de_rango,principal,,,,
SGC,SGC2002tbtibc,,2002-12-04T04:51:36+00:00,2.66,-75.08,0.0,2.9,ML,"Rivera - Huila, Colombia",manual,1.1,113.0,7.0,SGC,,0.1,0.1,19.0,,,,,,,,,,3.64785,Senel et al.: Mw=0.8095 ML+1.3003 (3.3<=ML<=6.6),,extrapolada,principal,,,,
SGC,SGC2002pxfefm,,2002-12-06T12:22:17+00:00,2.728,-75.237,1.0,2.3,ML,"Rivera - Huila, Colombia",manual,0.9,160.0,4.0,SGC,,0.1,0.2,24.0,,,,,,,,,,3.16215,Senel et al.: Mw=0.8095 ML+1.3003 (3.3<=ML<=6.6),,extrapolada,principal,,,,
SGC,SGC2002kmgtko,,2002-12-27T05:01:40+00:00,2.632,-75.154,0.0,2.2,ML,"Rivera - Huila, Colombia",manual,1.3,111.0,7.0,SGC,,0.1,0.1,23.0,,,,,,,,,,3.0812,Senel et al.: Mw=0.8095 ML+1.3003 (3.3<=ML<=6.6),,extrapolada,principal,,,,
SGC,SGC2003ziwfio,,2003-01-09T08:23:54+00:00,2.651,-75.135,5.0,2.5,ML,"Rivera - Huila, Colombia",manual,0.6,168.0,5.0,SGC,,0.1,0.1,14.0,,,,,,,,,,3.32405,Senel et al.: Mw=0.8095 ML+1.3003 (3.3<=ML<=6.6),,extrapolada,principal,,,,
SGC,SGC2003pvsiir,,2003-01-17T16:35:31+00:00,2.553,-75.252,2.0,2.7,ML,"Algeciras - Huila, Colombia",manual,0.5,175.0,5.0,SGC,,0.1,0.1,12.0,,,,,,,,,,3.4859500000000003,Senel et al.: Mw=0.8095 ML+1.3003 (3.3<=ML<=6.6),,extrapolada,principal,,,,
SGC,SGC2003trrjra,,2003-03-07T16:50:23+00:00,2.84,-75.458,0.0,2.7,ML,"Palermo - Huila, Colombia",manual,1.0,206.0,4.0,SGC,,0.2,0.2,28.0,,,,,,,,,,3.4859500000000003,Senel et al.: Mw=0.8095 ML+1.3003 (3.3<=ML<=6.6),,extrapolada,principal,,,,
SGC,SGC2003sosepz,,2003-03-10T09:58:33+00:00,2.708,-75.052,8.0,2.7,ML,"Rivera - Huila, Colombia",manual,0.3,197.0,4.0,SGC,,0.1,0.1,14.0,,,,,,,,,,3.4859500000000003,Senel et al.: Mw=0.8095 ML+1.3003 (3.3<=ML<=6.6),,extrapolada,principal,,,,
SGC,SGC2003hmckzq,,2003-03-23T21:47:21+00:00,2.531,-75.324,20.0,2.6,ML,"Algeciras - Huila, Colombia",manual,0.1,183.0,3.0,SGC,,0.1,0.1,30.0,,,,,,,,,,3.405,Senel et al.: Mw=0.8095 ML+1.3003 (3.3<=ML<=6.6),,extrapolada,principal,,,,
SGC,SGC2003ionlkl,,2003-03-28T10:55:30+00:00,2.562,-75.121,4.0,2.3,ML,"Algeciras - Huila, Colombia",manual,0.3,195.0,3.0,SGC,,0.3,0.8,35.0,,,,,,,,,,3.16215,Senel et al.: Mw=0.8095 ML+1.3003 (3.3<=ML<=6.6),,extrapolada,principal,,,,
SGC,SGC2003dxvqwd,,2003-03-29T07:46:32+00:00,2.706,-75.117,4.0,2.3,ML,"Rivera - Huila, Colombia",manual,0.3,191.0,3.0,SGC,,0.2,0.6,32.0,,,,,,,,,,3.16215,Senel et al.: Mw=0.8095 ML+1.3003 (3.3<=ML<=6.6),,extrapolada,principal,,,,
SGC,SGC2003jblpzs,,2003-04-13T00:04:52+00:00,2.847,-75.164,0.0,3.3,ML,"Rivera - Huila, Colombia",manual,1.0,124.0,6.0,SGC,,0.1,0.1,19.0,,,,,,,,,,3.97165,Senel et al.: Mw=0.8095 ML+1.3003 (3.3<=ML<=6.6),,dentro_de_rango,principal,,,,
SGC,SGC2003zbprsz,,2003-04-16T11:20:41+00:00,2.676,-75.125,0.0,2.7,ML,"Rivera - Huila, Colombia",manual,0.9,169.0,5.0,SGC,,0.1,0.2,17.0,,,,,,,,,,3.4859500000000003,Senel et al.: Mw=0.8095 ML+1.3003 (3.3<=ML<=6.6),,extrapolada,principal,,,,
SGC,SGC2003rkysqb,,2003-05-30T23:55:10+00:00,2.886,-75.027,0.0,2.5,ML,"Tello - Huila, Colombia",manual,0.5,167.0,4.0,SGC,,0.1,0.1,9.0,,,,,,,,,,3.32405,Senel et al.: Mw=0.8095 ML+1.3003 (3.3<=ML<=6.6),,extrapolada,principal,,,,
SGC,SGC2003wldfft,,2003-06-08T02:38:22+00:00,2.838,-74.889,1.0,2.3,ML,"Tello - Huila, Colombia",manual,0.4,150.0,5.0,SGC,,0.0,0.0,8.0,,,,,,,,,,3.16215,Senel et al.: Mw=0.8095 ML+1.3003 (3.3<=ML<=6.6),,extrapolada,principal,,,,
SGC,SGC2003oaxouz,,2003-06-14T03:17:03+00:00,2.721,-75.219,4.0,2.2,ML,"Rivera - Huila, Colombia",manual,0.9,157.0,4.0,SGC,,0.1,0.2,16.0,,,,,,,,,,3.0812,Senel et al.: Mw=0.8095 ML+1.3003 (3.3<=ML<=6.6),,extrapolada,principal,,,,
SGC,SGC2003fswxvy,,2003-07-04T09:45:20+00:00,2.497,-75.397,16.0,2.9,ML,"Algeciras - Huila, Colombia",manual,0.3,156.0,4.0,SGC,,0.1,0.1,32.0,,,,,,,,,,3.64785,Senel et al.: Mw=0.8095 ML+1.3003 (3.3<=ML<=6.6),,extrapolada,principal,,,,
SGC,SGC2003mhaqys,,2003-07-07T01:09:36+00:00,2.823,-74.911,4.0,2.4,ML,"Tello - Huila, Colombia",manual,0.9,112.0,7.0,SGC,,0.1,0.1,14.0,,,,,,,,,,3.2431,Senel et al.: Mw=0.8095 ML+1.3003 (3.3<=ML<=6.6),,extrapolada,principal,,,,
SGC,SGC2003saqeya,,2003-07-20T20:05:23+00:00,2.67,-74.964,6.0,2.1,ML,"Rivera - Huila, Colombia",manual,0.3,207.0,4.0,SGC,,0.1,0.2,13.0,,,,,,,,,,3.0002500000000003,Senel et al.: Mw=0.8095 ML+1.3003 (3.3<=ML<=6.6),,extrapolada,principal,,,,
SGC,SGC2003scmnwj,,2003-07-23T23:56:35+00:00,2.638,-75.037,5.0,2.2,ML,"Rivera - Huila, Colombia",manual,0.4,175.0,6.0,SGC,,0.0,0.1,9.0,,,,,,,,,,3.0812,Senel et al.: Mw=0.8095 ML+1.3003 (3.3<=ML<=6.6),,extrapolada,principal,,,,
SGC,SGC2003spknle,,2003-08-12T00:37:05+00:00,2.683,-75.032,4.0,4.7,ML,"Rivera - Huila, Colombia",manual,1.0,174.0,14.0,SGC,,0.1,0.1,16.0,,,,,,,,,,5.1049500000000005,Senel et al.: Mw=0.8095 ML+1.3003 (3.3<=ML<=6.6),,dentro_de_rango,principal,,,,
USGS,usp000c4p4,2003-08-12T05:37:06.630000Z,,2.855,-75.011,60.2,4.4,mb,"27 km SSE of Tello, Colombia",reviewed,0.92,130.6,43.0,,,,,,us,earthquake,,7.9,,19.0,us,us,,4.76,Scordilis: Mw=0.85 mb+1.02 (3.5<=mb<=6.2),0.29,dentro_de_rango,principal,,,,
SGC,SGC2003xzlnbb,,2003-08-24T04:20:42+00:00,2.867,-75.005,0.0,2.1,ML,"Tello - Huila, Colombia",manual,0.6,169.0,4.0,SGC,,0.0,0.1,14.0,,,,,,,,,,3.0002500000000003,Senel et al.: Mw=0.8095 ML+1.3003 (3.3<=ML<=6.6),,extrapolada,principal,,,,
SGC,SGC2003mbhpgc,,2003-08-24T12:43:10+00:00,2.856,-75.036,3.0,2.3,ML,"Tello - Huila, Colombia",manual,0.2,168.0,4.0,SGC,,0.0,0.0,5.0,,,,,,,,,,3.16215,Senel et al.: Mw=0.8095 ML+1.3003 (3.3<=ML<=6.6),,extrapolada,principal,,,,
SGC,SGC2003dkgimx,,2003-09-13T10:10:09+00:00,2.948,-75.036,5.0,2.1,ML,"Tello - Huila, Colombia",manual,0.4,165.0,4.0,SGC,,0.0,0.1,9.0,,,,,,,,,,3.0002500000000003,Senel et al.: Mw=0.8095 ML+1.3003 (3.3<=ML<=6.6),,extrapolada,principal,,,,
SGC,SGC2003tbijce,,2003-10-07T16:26:28+00:00,3.159,-75.037,76.0,2.1,ML,"Baraya - Huila, Colombia",manual,0.5,186.0,3.0,SGC,,0.1,0.3,25.0,,,,,,,,,,3.0002500000000003,Senel et al.: Mw=0.8095 ML+1.3003 (3.3<=ML<=6.6),,extrapolada,principal,,,,
SGC,SGC2003mwlsrq,,2003-10-21T13:24:51+00:00,2.691,-75.201,0.0,2.3,ML,"Rivera - Huila, Colombia",manual,0.9,163.0,4.0,SGC,,0.1,0.3,28.0,,,,,,,,,,3.16215,Senel et al.: Mw=0.8095 ML+1.3003 (3.3<=ML<=6.6),,extrapolada,principal,,,,
SGC,SGC2003dkdbca,,2003-10-25T04:54:53+00:00,3.239,-75.482,14.0,2.5,ML,"Planadas - Tolima, Colombia",manual,0.6,133.0,5.0,SGC,,0.1,0.1,16.0,,,,,,,,,,3.32405,Senel et al.: Mw=0.8095 ML+1.3003 (3.3<=ML<=6.6),,extrapolada,principal,,,,
SGC,SGC2003nwdmhb,,2003-10-27T06:04:42+00:00,2.809,-74.923,4.0,2.6,ML,"Tello - Huila, Colombia",manual,0.6,178.0,6.0,SGC,,0.1,0.2,12.0,,,,,,,,,,3.405,Senel et al.: Mw=0.8095 ML+1.3003 (3.3<=ML<=6.6),,extrapolada,principal,,,,
SGC,SGC2003qunvgx,,2003-11-17T05:09:19+00:00,2.707,-75.155,0.0,2.5,ML,"Rivera - Huila, Colombia",manual,1.6,166.0,6.0,SGC,,0.2,0.2,27.0,,,,,,,,,,3.32405,Senel et al.: Mw=0.8095 ML+1.3003 (3.3<=ML<=6.6),,extrapolada,principal,,,,
SGC,SGC2003nomaij,,2003-11-22T18:47:16+00:00,2.54,-75.497,4.0,3.2,ML,"Hobo - Huila, Colombia",manual,0.4,147.0,7.0,SGC,,0.0,0.0,14.0,,,,,,,,,,3.8907,Senel et al.: Mw=0.8095 ML+1.3003 (3.3<=ML<=6.6),,extrapolada,principal,,,,
SGC,SGC2003yenzui,,2003-12-06T12:41:52+00:00,2.561,-75.051,19.0,2.6,ML,"Algeciras - Huila, Colombia",manual,0.6,177.0,7.0,SGC,,0.1,0.1,25.0,,,,,,,,,,3.405,Senel et al.: Mw=0.8095 ML+1.3003 (3.3<=ML<=6.6),,extrapolada,principal,,,,
SGC,SGC2003oiqnin,,2003-12-07T17:49:15+00:00,2.705,-75.013,4.0,2.3,ML,"Rivera - Huila, Colombia",manual,0.5,174.0,6.0,SGC,,0.0,0.1,9.0,,,,,,,,,,3.16215,Senel et al.: Mw=0.8095 ML+1.3003 (3.3<=ML<=6.6),,extrapolada,principal,,,,
SGC,SGC2003tkjgnx,,2003-12-12T19:57:54+00:00,2.626,-75.048,4.0,3.1,ML,"Rivera - Huila, Colombia",manual,0.7,116.0,8.0,SGC,,0.1,0.1,18.0,,,,,,,,,,3.80975,Senel et al.: Mw=0.8095 ML+1.3003 (3.3<=ML<=6.6),,extrapolada,principal,,,,
SGC,SGC2003dfjgww,,2003-12-17T05:18:01+00:00,2.905,-74.959,0.0,2.4,ML,"Tello - Huila, Colombia",manual,0.9,171.0,5.0,SGC,,0.1,0.2,17.0,,,,,,,,,,3.2431,Senel et al.: Mw=0.8095 ML+1.3003 (3.3<=ML<=6.6),,extrapolada,principal,,,,
SGC,SGC2004arpvio,,2004-01-03T06:05:48+00:00,2.958,-74.871,4.0,2.6,ML,"Baraya - Huila, Colombia",manual,0.5,244.0,5.0,SGC,,0.1,0.1,11.0,,,,,,,,,,3.405,Senel et al.: Mw=0.8095 ML+1.3003 (3.3<=ML<=6.6),,extrapolada,principal,,,,
SGC,SGC2004azxrmp,,2004-01-07T10:26:51+00:00,2.634,-75.384,0.0,2.5,ML,"Campoalegre - Huila, Colombia",manual,0.7,270.0,4.0,SGC,,0.2,0.2,23.0,,,,,,,,,,3.32405,Senel et al.: Mw=0.8095 ML+1.3003 (3.3<=ML<=6.6),,extrapolada,principal,,,,
SGC,SGC2004ptxwic,,2004-02-19T18:05:28+00:00,2.892,-74.876,0.0,3.1,ML,"Baraya - Huila, Colombia",manual,1.2,156.0,5.0,SGC,,0.1,0.1,18.0,,,,,,,,,,3.80975,Senel et al.: Mw=0.8095 ML+1.3003 (3.3<=ML<=6.6),,extrapolada,principal,,,,
SGC,SGC2004yiylqd,,2004-03-11T09:31:11+00:00,2.651,-75.17,0.0,2.2,ML,"Rivera - Huila, Colombia",manual,0.9,166.0,4.0,SGC,,0.1,0.3,17.0,,,,,,,,,,3.0812,Senel et al.: Mw=0.8095 ML+1.3003 (3.3<=ML<=6.6),,extrapolada,principal,,,,
SGC,SGC2004bumjxw,,2004-03-13T06:46:27+00:00,2.625,-75.399,9.0,2.6,ML,"Hobo - Huila, Colombia",manual,0.7,152.0,6.0,SGC,,0.0,0.1,15.0,,,,,,,,,,3.405,Senel et al.: Mw=0.8095 ML+1.3003 (3.3<=ML<=6.6),,extrapolada,principal,,,,
SGC,SGC2004twrzpa,,2004-03-14T12:57:49+00:00,3.05,-74.925,16.0,3.1,ML,"Baraya - Huila, Colombia",manual,0.8,103.0,7.0,SGC,,0.1,0.1,37.0,,,,,,,,,,3.80975,Senel et al.: Mw=0.8095 ML+1.3003 (3.3<=ML<=6.6),,extrapolada,principal,,,,
SGC,SGC2004iuysbm,,2004-03-16T13:06:07+00:00,2.595,-75.251,122.0,2.9,ML,"Algeciras - Huila, Colombia",manual,0.8,158.0,5.0,SGC,,0.1,0.2,39.0,,,,,,,,,,3.64785,Senel et al.: Mw=0.8095 ML+1.3003 (3.3<=ML<=6.6),,extrapolada,principal,,,,
SGC,SGC2004qqtjjs,,2004-05-13T06:55:48+00:00,2.924,-74.964,2.0,2.6,ML,"Tello - Huila, Colombia",manual,0.4,248.0,5.0,SGC,,0.1,0.1,11.0,,,,,,,,,,3.405,Senel et al.: Mw=0.8095 ML+1.3003 (3.3<=ML<=6.6),,extrapolada,principal,,,,
SGC,SGC2004uyjxtg,,2004-06-14T22:58:36+00:00,2.777,-75.201,0.0,2.3,ML,"Rivera - Huila, Colombia",manual,0.6,261.0,5.0,SGC,,0.1,0.1,14.0,,,,,,,,,,3.16215,Senel et al.: Mw=0.8095 ML+1.3003 (3.3<=ML<=6.6),,extrapolada,principal,,,,
SGC,SGC2004yuagag,,2004-07-03T03:46:17+00:00,2.847,-75.056,3.0,2.2,ML,"Rivera - Huila, Colombia",manual,0.6,147.0,6.0,SGC,,0.0,0.1,9.0,,,,,,,,,,3.0812,Senel et al.: Mw=0.8095 ML+1.3003 (3.3<=ML<=6.6),,extrapolada,principal,,,,
SGC,SGC2004bhveij,,2004-07-24T18:09:02+00:00,2.849,-74.848,4.0,2.8,ML,"Tello - Huila, Colombia",manual,1.0,113.0,7.0,SGC,,0.1,0.1,13.0,,,,,,,,,,3.5669,Senel et al.: Mw=0.8095 ML+1.3003 (3.3<=ML<=6.6),,extrapolada,principal,,,,
SGC,SGC2004diuypl,,2004-07-26T20:17:05+00:00,2.98,-75.009,0.0,2.4,ML,"Tello - Huila, Colombia",manual,0.4,165.0,5.0,SGC,,0.0,0.1,7.0,,,,,,,,,,3.2431,Senel et al.: Mw=0.8095 ML+1.3003 (3.3<=ML<=6.6),,extrapolada,principal,,,,
SGC,SGC2004oftwka,,2004-08-29T13:38:14+00:00,2.662,-75.057,0.0,3.0,ML,"Rivera - Huila, Colombia",manual,0.7,114.0,8.0,SGC,,0.0,0.1,11.0,,,,,,,,,,3.7288,Senel et al.: Mw=0.8095 ML+1.3003 (3.3<=ML<=6.6),,extrapolada,principal,,,,
SGC,SGC2004jsuzxs,,2004-09-01T14:18:56+00:00,2.826,-75.635,16.0,2.4,ML,"Teruel - Huila, Colombia",manual,0.3,140.0,4.0,SGC,,0.0,0.0,5.0,,,,,,,,,,3.2431,Senel et al.: Mw=0.8095 ML+1.3003 (3.3<=ML<=6.6),,extrapolada,principal,,,,
SGC,SGC2004fwoyla,,2004-09-05T16:47:08+00:00,2.584,-75.024,0.0,2.9,ML,"Algeciras - Huila, Colombia",manual,0.7,119.0,7.0,SGC,,0.0,0.1,10.0,,,,,,,,,,3.64785,Senel et al.: Mw=0.8095 ML+1.3003 (3.3<=ML<=6.6),,extrapolada,principal,,,,
SGC,SGC2004qfrpee,,2004-09-08T11:24:07+00:00,2.938,-75.166,20.0,2.6,ML,"Neiva - Huila, Colombia",manual,0.3,181.0,5.0,SGC,,0.2,0.3,14.0,,,,,,,,,,3.405,Senel et al.: Mw=0.8095 ML+1.3003 (3.3<=ML<=6.6),,extrapolada,principal,,,,
SGC,SGC2004ahzucg,,2004-09-15T07:43:15+00:00,2.845,-75.248,102.0,3.0,ML,"Rivera - Huila, Colombia",manual,0.4,102.0,7.0,SGC,,0.0,0.1,25.0,,,,,,,,,,3.7288,Senel et al.: Mw=0.8095 ML+1.3003 (3.3<=ML<=6.6),,extrapolada,principal,,,,
SGC,SGC2004vxlwik,,2004-09-18T09:29:08+00:00,2.618,-75.093,102.0,4.6,ML,"Rivera - Huila, Colombia",manual,1.2,115.0,10.0,SGC,,0.1,0.1,49.0,,,,,,,,,,5.023999999999999,Senel et al.: Mw=0.8095 ML+1.3003 (3.3<=ML<=6.6),,dentro_de_rango,principal,,,,
SGC,SGC2004qpmiez,,2004-09-22T14:59:34+00:00,2.617,-75.171,4.0,2.3,ML,"Campoalegre - Huila, Colombia",manual,0.3,167.0,4.0,SGC,,0.0,0.1,7.0,,,,,,,,,,3.16215,Senel et al.: Mw=0.8095 ML+1.3003 (3.3<=ML<=6.6),,extrapolada,principal,,,,
SGC,SGC2004cwvqkp,,2004-10-09T02:22:53+00:00,2.938,-74.864,6.0,2.4,ML,"Baraya - Huila, Colombia",manual,0.7,109.0,7.0,SGC,,0.0,0.1,10.0,,,,,,,,,,3.2431,Senel et al.: Mw=0.8095 ML+1.3003 (3.3<=ML<=6.6),,extrapolada,principal,,,,
SGC,SGC2004ftizss,,2004-10-24T17:43:12+00:00,2.673,-75.092,9.0,2.8,ML,"Rivera - Huila, Colombia",manual,0.5,112.0,6.0,SGC,,0.0,0.1,18.0,,,,,,,,,,3.5669,Senel et al.: Mw=0.8095 ML+1.3003 (3.3<=ML<=6.6),,extrapolada,principal,,,,
SGC,SGC2004bqaiyv,,2004-12-30T11:37:33+00:00,2.833,-74.947,0.0,2.2,ML,"Tello - Huila, Colombia",manual,0.3,174.0,4.0,SGC,,0.0,0.1,10.0,,,,,,,,,,3.0812,Senel et al.: Mw=0.8095 ML+1.3003 (3.3<=ML<=6.6),,extrapolada,principal,,,,
SGC,SGC2004jqlrye,,2004-12-31T08:28:17+00:00,3.003,-74.924,8.0,2.7,ML,"Baraya - Huila, Colombia",manual,0.8,104.0,7.0,SGC,,0.1,0.1,17.0,,,,,,,,,,3.4859500000000003,Senel et al.: Mw=0.8095 ML+1.3003 (3.3<=ML<=6.6),,extrapolada,principal,,,,
SGC,SGC2005rwwnmd,,2005-01-07T08:04:42+00:00,2.999,-74.924,8.0,2.2,ML,"Baraya - Huila, Colombia",manual,0.5,169.0,4.0,SGC,,0.0,0.1,10.0,,,,,,,,,,3.0812,Senel et al.: Mw=0.8095 ML+1.3003 (3.3<=ML<=6.6),,extrapolada,principal,,,,
SGC,SGC2005sczjps,,2005-01-16T03:26:46+00:00,2.67,-75.089,6.0,2.2,ML,"Rivera - Huila, Colombia",manual,0.3,171.0,4.0,SGC,,0.1,0.2,11.0,,,,,,,,,,3.0812,Senel et al.: Mw=0.8095 ML+1.3003 (3.3<=ML<=6.6),,extrapolada,principal,,,,
SGC,SGC2005lqqzgn,,2005-02-26T16:47:08+00:00,3.177,-75.25,0.0,2.7,ML,"Aipe - Huila, Colombia",manual,0.2,137.0,5.0,SGC,,0.0,0.0,6.0,,,,,,,,,,3.4859500000000003,Senel et al.: Mw=0.8095 ML+1.3003 (3.3<=ML<=6.6),,extrapolada,principal,,,,
SGC,SGC2005tlwwwn,,2005-03-03T01:12:15+00:00,2.859,-75.055,23.0,2.5,ML,"Rivera - Huila, Colombia",manual,0.7,253.0,5.0,SGC,,0.1,0.1,13.0,,,,,,,,,,3.32405,Senel et al.: Mw=0.8095 ML+1.3003 (3.3<=ML<=6.6),,extrapolada,principal,,,,
SGC,SGC2005ldyzen,,2005-03-13T11:43:27+00:00,2.907,-74.945,4.0,3.0,ML,"Tello - Huila, Colombia",manual,0.8,108.0,8.0,SGC,,0.0,0.1,13.0,,,,,,,,,,3.7288,Senel et al.: Mw=0.8095 ML+1.3003 (3.3<=ML<=6.6),,extrapolada,principal,,,,
SGC,SGC2005yznysq,,2005-03-21T16:34:42+00:00,3.01,-75.371,0.0,2.5,ML,"Neiva - Huila, Colombia",manual,0.2,316.0,4.0,SGC,,0.1,0.1,19.0,,,,,,,,,,3.32405,Senel et al.: Mw=0.8095 ML+1.3003 (3.3<=ML<=6.6),,extrapolada,principal,,,,
SGC,SGC2005cbzean,,2005-05-15T18:25:00+00:00,3.025,-74.899,2.0,2.6,ML,"Baraya - Huila, Colombia",manual,0.4,214.0,4.0,SGC,,0.1,0.1,9.0,,,,,,,,,,3.405,Senel et al.: Mw=0.8095 ML+1.3003 (3.3<=ML<=6.6),,extrapolada,principal,,,,
SGC,SGC2005fcqukq,,2005-06-10T14:02:16+00:00,2.931,-74.997,4.0,2.2,ML,"Tello - Huila, Colombia",manual,0.4,168.0,4.0,SGC,,0.0,0.1,10.0,,,,,,,,,,3.0812,Senel et al.: Mw=0.8095 ML+1.3003 (3.3<=ML<=6.6),,extrapolada,principal,,,,
SGC,SGC2005lzekii,,2005-06-15T10:28:37+00:00,2.738,-75.229,4.0,2.5,ML,"Rivera - Huila, Colombia",manual,0.4,160.0,4.0,SGC,,0.1,0.2,13.0,,,,,,,,,,3.32405,Senel et al.: Mw=0.8095 ML+1.3003 (3.3<=ML<=6.6),,extrapolada,principal,,,,
SGC,SGC2005ftpqio,,2005-06-17T11:59:04+00:00,2.941,-75.016,1.0,2.6,ML,"Tello - Huila, Colombia",manual,0.2,166.0,4.0,SGC,,0.0,0.1,6.0,,,,,,,,,,3.405,Senel et al.: Mw=0.8095 ML+1.3003 (3.3<=ML<=6.6),,extrapolada,principal,,,,
SGC,SGC2005sgnckq,,2005-07-12T03:15:42+00:00,2.538,-75.134,4.0,2.9,ML,"Algeciras - Huila, Colombia",manual,0.5,172.0,6.0,SGC,,0.0,0.0,8.0,,,,,,,,,,3.64785,Senel et al.: Mw=0.8095 ML+1.3003 (3.3<=ML<=6.6),,extrapolada,principal,,,,
SGC,SGC2005iwsguo,,2005-07-12T18:51:54+00:00,3.273,-75.512,10.0,2.5,ML,"Planadas - Tolima, Colombia",manual,0.4,184.0,4.0,SGC,,0.0,0.1,11.0,,,,,,,,,,3.32405,Senel et al.: Mw=0.8095 ML+1.3003 (3.3<=ML<=6.6),,extrapolada,principal,,,,
SGC,SGC2005hihohf,,2005-07-13T15:06:18+00:00,2.665,-75.114,4.0,3.8,ML,"Rivera - Huila, Colombia",manual,0.6,112.0,9.0,SGC,,0.0,0.0,11.0,,,,,,,,,,4.3764,Senel et al.: Mw=0.8095 ML+1.3003 (3.3<=ML<=6.6),,dentro_de_rango,principal,,,,
SGC,SGC2005vvybjw,,2005-07-28T05:04:20+00:00,2.835,-75.117,10.0,2.7,ML,"Rivera - Huila, Colombia",manual,0.6,164.0,5.0,SGC,,0.0,0.1,13.0,,,,,,,,,,3.4859500000000003,Senel et al.: Mw=0.8095 ML+1.3003 (3.3<=ML<=6.6),,extrapolada,principal,,,,
SGC,SGC2005eidedr,,2005-07-30T16:38:49+00:00,2.934,-74.99,4.0,2.5,ML,"Tello - Huila, Colombia",manual,0.3,168.0,6.0,SGC,,0.0,0.1,6.0,,,,,,,,,,3.32405,Senel et al.: Mw=0.8095 ML+1.3003 (3.3<=ML<=6.6),,extrapolada,principal,,,,
SGC,SGC2005qyuggu,,2005-08-25T02:04:08+00:00,2.814,-74.916,6.0,2.5,ML,"Tello - Huila, Colombia",manual,0.4,328.0,4.0,SGC,,0.1,0.3,17.0,,,,,,,,,,3.32405,Senel et al.: Mw=0.8095 ML+1.3003 (3.3<=ML<=6.6),,extrapolada,principal,,,,
SGC,SGC2005qzgbnl,,2005-09-07T06:19:46+00:00,2.858,-74.891,3.0,2.5,ML,"Tello - Huila, Colombia",manual,0.7,176.0,5.0,SGC,,0.1,0.1,13.0,,,,,,,,,,3.32405,Senel et al.: Mw=0.8095 ML+1.3003 (3.3<=ML<=6.6),,extrapolada,principal,,,,
SGC,SGC2005yylezg,,2005-09-15T18:29:03+00:00,2.696,-75.098,4.0,2.5,ML,"Rivera - Huila, Colombia",manual,0.5,169.0,6.0,SGC,,0.0,0.1,11.0,,,,,,,,,,3.32405,Senel et al.: Mw=0.8095 ML+1.3003 (3.3<=ML<=6.6),,extrapolada,principal,,,,
SGC,SGC2005ryurip,,2005-09-23T19:00:35+00:00,2.717,-75.172,4.0,2.2,ML,"Rivera - Huila, Colombia",manual,0.4,164.0,4.0,SGC,,0.0,0.1,8.0,,,,,,,,,,3.0812,Senel et al.: Mw=0.8095 ML+1.3003 (3.3<=ML<=6.6),,extrapolada,principal,,,,
SGC,SGC2005scwdkq,,2005-11-06T20:21:46+00:00,2.951,-75.069,2.0,2.4,ML,"Tello - Huila, Colombia",manual,0.6,180.0,4.0,SGC,,0.1,0.2,11.0,,,,,,,,,,3.2431,Senel et al.: Mw=0.8095 ML+1.3003 (3.3<=ML<=6.6),,extrapolada,principal,,,,
SGC,SGC2005pwalcu,,2005-12-09T01:21:18+00:00,3.237,-75.535,1.0,2.4,ML,"Planadas - Tolima, Colombia",manual,0.5,185.0,5.0,SGC,,0.0,0.1,8.0,,,,,,,,,,3.2431,Senel et al.: Mw=0.8095 ML+1.3003 (3.3<=ML<=6.6),,extrapolada,principal,,,,
SGC,SGC2005htwklu,,2005-12-12T14:20:03+00:00,2.976,-74.944,2.0,2.6,ML,"Baraya - Huila, Colombia",manual,0.3,169.0,7.0,SGC,,0.0,0.1,5.0,,,,,,,,,,3.405,Senel et al.: Mw=0.8095 ML+1.3003 (3.3<=ML<=6.6),,extrapolada,principal,,,,
SGC,SGC2005mlllqt,,2005-12-13T19:47:24+00:00,2.738,-75.191,1.0,2.4,ML,"Rivera - Huila, Colombia",manual,0.5,261.0,4.0,SGC,,0.1,0.1,14.0,,,,,,,,,,3.2431,Senel et al.: Mw=0.8095 ML+1.3003 (3.3<=ML<=6.6),,extrapolada,principal,,,,
SGC,SGC2005domggx,,2005-12-21T02:39:57+00:00,2.931,-75.007,4.0,2.6,ML,"Tello - Huila, Colombia",manual,0.7,145.0,6.0,SGC,,0.0,0.1,11.0,,,,,,,,,,3.405,Senel et al.: Mw=0.8095 ML+1.3003 (3.3<=ML<=6.6),,extrapolada,principal,,,,
SGC,SGC2006ppksnw,,2006-01-07T10:30:42+00:00,2.689,-75.095,4.0,2.6,ML,"Rivera - Huila, Colombia",manual,0.4,173.0,5.0,SGC,,0.0,0.1,9.0,,,,,,,,,,3.405,Senel et al.: Mw=0.8095 ML+1.3003 (3.3<=ML<=6.6),,extrapolada,principal,,,,
SGC,SGC2006deakdy,,2006-01-15T06:10:56+00:00,3.021,-75.018,4.0,2.2,ML,"Tello - Huila, Colombia",manual,0.5,164.0,4.0,SGC,,0.0,0.1,11.0,,,,,,,,,,3.0812,Senel et al.: Mw=0.8095 ML+1.3003 (3.3<=ML<=6.6),,extrapolada,principal,,,,
SGC,SGC2006spojso,,2006-01-22T14:43:00+00:00,2.966,-74.993,4.0,2.2,ML,"Tello - Huila, Colombia",manual,0.4,167.0,4.0,SGC,,0.0,0.1,9.0,,,,,,,,,,3.0812,Senel et al.: Mw=0.8095 ML+1.3003 (3.3<=ML<=6.6),,extrapolada,principal,,,,
SGC,SGC2006iuqlmw,,2006-01-25T12:11:28+00:00,2.945,-74.903,11.0,2.5,ML,"Baraya - Huila, Colombia",manual,0.4,172.0,4.0,SGC,,0.0,0.1,9.0,,,,,,,,,,3.32405,Senel et al.: Mw=0.8095 ML+1.3003 (3.3<=ML<=6.6),,extrapolada,principal,,,,
SGC,SGC2006ufkxol,,2006-01-26T16:49:41+00:00,2.696,-75.087,7.0,2.5,ML,"Rivera - Huila, Colombia",manual,0.4,194.0,4.0,SGC,,0.0,0.1,10.0,,,,,,,,,,3.32405,Senel et al.: Mw=0.8095 ML+1.3003 (3.3<=ML<=6.6),,extrapolada,principal,,,,
SGC,SGC2006htzgic,,2006-02-13T13:27:26+00:00,3.124,-75.025,2.0,3.2,ML,"Baraya - Huila, Colombia",manual,0.5,160.0,5.0,SGC,,0.0,0.1,9.0,,,,,,,,,,3.8907,Senel et al.: Mw=0.8095 ML+1.3003 (3.3<=ML<=6.6),,extrapolada,principal,,,,
SGC,SGC2006nojcma,,2006-02-23T04:02:22+00:00,2.653,-75.002,4.0,3.7,ML,"Rivera - Huila, Colombia",manual,0.8,176.0,10.0,SGC,,0.1,0.1,15.0,,,,,,,,,,4.295450000000001,Senel et al.: Mw=0.8095 ML+1.3003 (3.3<=ML<=6.6),,dentro_de_rango,principal,,,,
SGC,SGC2006bndlox,,2006-02-23T20:24:12+00:00,2.868,-74.871,0.0,4.0,ML,"Tello - Huila, Colombia",manual,0.8,177.0,10.0,SGC,,0.1,0.1,16.0,,,,,,,,,,4.5383,Senel et al.: Mw=0.8095 ML+1.3003 (3.3<=ML<=6.6),,dentro_de_rango,principal,,,,
SGC,SGC2006blcfyr,,2006-03-19T13:03:39+00:00,2.63,-75.161,4.0,3.5,ML,"Campoalegre - Huila, Colombia",manual,0.6,111.0,8.0,SGC,,0.1,0.1,14.0,,,,,,,,,,4.13355,Senel et al.: Mw=0.8095 ML+1.3003 (3.3<=ML<=6.6),,dentro_de_rango,principal,,,,
SGC,SGC2006zafmmo,,2006-05-01T23:29:03+00:00,2.937,-75.018,4.0,2.2,ML,"Tello - Huila, Colombia",manual,0.9,144.0,6.0,SGC,,0.0,0.1,14.0,,,,,,,,,,3.0812,Senel et al.: Mw=0.8095 ML+1.3003 (3.3<=ML<=6.6),,extrapolada,principal,,,,
SGC,SGC2006bdfvli,,2006-05-02T23:23:27+00:00,3.011,-74.892,8.0,2.4,ML,"Baraya - Huila, Colombia",manual,0.8,135.0,8.0,SGC,,0.1,0.1,13.0,,,,,,,,,,3.2431,Senel et al.: Mw=0.8095 ML+1.3003 (3.3<=ML<=6.6),,extrapolada,principal,,,,
SGC,SGC2006zwnzhi,,2006-05-03T12:25:32+00:00,2.86,-74.964,6.0,2.8,ML,"Tello - Huila, Colombia",manual,0.1,172.0,4.0,SGC,,0.0,0.0,4.0,,,,,,,,,,3.5669,Senel et al.: Mw=0.8095 ML+1.3003 (3.3<=ML<=6.6),,extrapolada,principal,,,,
SGC,SGC2006zsqyre,,2006-05-15T07:52:51+00:00,2.696,-75.036,4.0,2.5,ML,"Rivera - Huila, Colombia",manual,0.7,173.0,5.0,SGC,,0.1,0.1,14.0,,,,,,,,,,3.32405,Senel et al.: Mw=0.8095 ML+1.3003 (3.3<=ML<=6.6),,extrapolada,principal,,,,
SGC,SGC2006pnfleo,,2006-05-21T14:47:38+00:00,2.672,-75.03,4.0,3.5,ML,"Rivera - Huila, Colombia",manual,1.1,115.0,9.0,SGC,,0.1,0.1,18.0,,,,,,,,,,4.13355,Senel et al.: Mw=0.8095 ML+1.3003 (3.3<=ML<=6.6),,dentro_de_rango,principal,,,,
SGC,SGC2006abcsee,,2006-05-27T11:04:56+00:00,2.941,-74.998,4.0,2.1,ML,"Tello - Huila, Colombia",manual,0.3,167.0,4.0,SGC,,0.0,0.1,7.0,,,,,,,,,,3.0002500000000003,Senel et al.: Mw=0.8095 ML+1.3003 (3.3<=ML<=6.6),,extrapolada,principal,,,,
SGC,SGC2006gopolz,,2006-06-01T03:49:10+00:00,2.604,-75.19,6.0,2.1,ML,"Algeciras - Huila, Colombia",manual,0.4,153.0,4.0,SGC,,0.0,0.1,11.0,,,,,,,,,,3.0002500000000003,Senel et al.: Mw=0.8095 ML+1.3003 (3.3<=ML<=6.6),,extrapolada,principal,,,,
SGC,SGC2006evpror,,2006-06-05T06:17:05+00:00,2.835,-75.038,5.0,2.4,ML,"Rivera - Huila, Colombia",manual,0.3,168.0,4.0,SGC,,0.0,0.1,9.0,,,,,,,,,,3.2431,Senel et al.: Mw=0.8095 ML+1.3003 (3.3<=ML<=6.6),,extrapolada,principal,,,,
SGC,SGC2006mfjzel,,2006-06-16T15:31:05+00:00,2.708,-75.033,7.0,2.5,ML,"Rivera - Huila, Colombia",manual,0.2,199.0,4.0,SGC,,0.0,0.1,9.0,,,,,,,,,,3.32405,Senel et al.: Mw=0.8095 ML+1.3003 (3.3<=ML<=6.6),,extrapolada,principal,,,,
SGC,SGC2006eiyhcj,,2006-06-27T17:28:00+00:00,2.701,-75.064,8.0,2.6,ML,"Rivera - Huila, Colombia",manual,0.4,112.0,4.0,SGC,,0.0,0.1,9.0,,,,,,,,,,3.405,Senel et al.: Mw=0.8095 ML+1.3003 (3.3<=ML<=6.6),,extrapolada,principal,,,,
SGC,SGC2006rcvznp,,2006-07-21T19:06:06+00:00,2.672,-75.0,6.0,2.9,ML,"Rivera - Huila, Colombia",manual,0.4,192.0,5.0,SGC,,0.0,0.1,9.0,,,,,,,,,,3.64785,Senel et al.: Mw=0.8095 ML+1.3003 (3.3<=ML<=6.6),,extrapolada,principal,,,,
SGC,SGC2006qzlyfu,,2006-08-18T03:57:58+00:00,2.686,-75.115,4.0,2.9,ML,"Rivera - Huila, Colombia",manual,0.7,116.0,6.0,SGC,,0.0,0.1,12.0,,,,,,,,,,3.64785,Senel et al.: Mw=0.8095 ML+1.3003 (3.3<=ML<=6.6),,extrapolada,principal,,,,
SGC,SGC2006ucobxp,,2006-09-20T06:10:35+00:00,2.689,-75.016,4.0,3.1,ML,"Rivera - Huila, Colombia",manual,0.7,190.0,6.0,SGC,,0.1,0.1,14.0,,,,,,,,,,3.80975,Senel et al.: Mw=0.8095 ML+1.3003 (3.3<=ML<=6.6),,extrapolada,principal,,,,
SGC,SGC2006zpqbtt,,2006-09-20T07:45:35+00:00,2.672,-74.991,6.0,2.9,ML,"Rivera - Huila, Colombia",manual,0.4,204.0,4.0,SGC,,0.0,0.1,9.0,,,,,,,,,,3.64785,Senel et al.: Mw=0.8095 ML+1.3003 (3.3<=ML<=6.6),,extrapolada,principal,,,,
SGC,SGC2006vplmqu,,2006-09-29T14:36:37+00:00,2.76,-75.153,4.0,2.7,ML,"Rivera - Huila, Colombia",manual,0.6,338.0,4.0,SGC,,6.4,4.5,577.0,,,,,,,,,,3.4859500000000003,Senel et al.: Mw=0.8095 ML+1.3003 (3.3<=ML<=6.6),,extrapolada,principal,,,,
SGC,SGC2006lvwnwy,,2006-12-24T23:03:36+00:00,2.921,-75.108,4.0,2.4,ML,"Tello - Huila, Colombia",manual,0.4,166.0,5.0,SGC,,0.1,0.2,11.0,,,,,,,,,,3.2431,Senel et al.: Mw=0.8095 ML+1.3003 (3.3<=ML<=6.6),,extrapolada,principal,,,,
SGC,SGC2007yjfsfs,,2007-02-20T21:58:56+00:00,2.707,-75.051,4.0,2.2,ML,"Rivera - Huila, Colombia",manual,0.7,145.0,5.0,SGC,,0.1,0.1,18.0,,,,,,,,,,3.0812,Senel et al.: Mw=0.8095 ML+1.3003 (3.3<=ML<=6.6),,extrapolada,principal,,,,
SGC,SGC2007wiwidx,,2007-03-17T13:04:43+00:00,2.879,-74.95,4.0,2.9,ML,"Tello - Huila, Colombia",manual,0.8,189.0,5.0,SGC,,0.1,0.2,16.0,,,,,,,,,,3.64785,Senel et al.: Mw=0.8095 ML+1.3003 (3.3<=ML<=6.6),,extrapolada,principal,,,,
SGC,SGC2007vpkejt,,2007-04-11T12:46:01+00:00,2.637,-75.007,4.0,4.0,ML,"Rivera - Huila, Colombia",manual,0.7,117.0,10.0,SGC,,0.0,0.1,11.0,,,,,,,,,,4.5383,Senel et al.: Mw=0.8095 ML+1.3003 (3.3<=ML<=6.6),,dentro_de_rango,principal,,,,
SGC,SGC2007wfxkjt,,2007-04-18T03:07:50+00:00,2.802,-75.697,168.0,3.4,ML,"Teruel - Huila, Colombia",manual,0.5,155.0,5.0,SGC,,0.1,0.1,16.0,,,,,,,,,,4.0526,Senel et al.: Mw=0.8095 ML+1.3003 (3.3<=ML<=6.6),,dentro_de_rango,principal,,,,
SGC,SGC2007exozvy,,2007-04-20T03:40:11+00:00,2.809,-74.894,4.0,2.4,ML,"Tello - Huila, Colombia",manual,0.8,113.0,7.0,SGC,,0.1,0.1,11.0,,,,,,,,,,3.2431,Senel et al.: Mw=0.8095 ML+1.3003 (3.3<=ML<=6.6),,extrapolada,principal,,,,
SGC,SGC2007pgguql,,2007-05-27T11:01:19+00:00,2.602,-75.196,4.0,2.1,ML,"Algeciras - Huila, Colombia",manual,0.3,166.0,4.0,SGC,,0.1,0.2,8.0,,,,,,,,,,3.0002500000000003,Senel et al.: Mw=0.8095 ML+1.3003 (3.3<=ML<=6.6),,extrapolada,principal,,,,
SGC,SGC2007rtkbkh,,2007-07-07T17:23:47+00:00,2.686,-75.21,4.0,2.6,ML,"Rivera - Huila, Colombia",manual,0.4,163.0,5.0,SGC,,0.0,0.1,6.0,,,,,,,,,,3.405,Senel et al.: Mw=0.8095 ML+1.3003 (3.3<=ML<=6.6),,extrapolada,principal,,,,
SGC,SGC2007bqdcgj,,2007-07-10T19:11:23+00:00,2.82,-75.125,19.0,2.2,ML,"Rivera - Huila, Colombia",manual,0.2,187.0,4.0,SGC,,0.0,0.1,7.0,,,,,,,,,,3.0812,Senel et al.: Mw=0.8095 ML+1.3003 (3.3<=ML<=6.6),,extrapolada,principal,,,,
SGC,SGC2007oqqpfm,,2007-07-18T08:16:27+00:00,2.622,-75.162,4.0,3.7,ML,"Campoalegre - Huila, Colombia",manual,0.6,111.0,7.0,SGC,,0.0,0.1,9.0,,,,,,,,,,4.295450000000001,Senel et al.: Mw=0.8095 ML+1.3003 (3.3<=ML<=6.6),,dentro_de_rango,principal,,,,
SGC,SGC2007odeykx,,2007-09-08T15:19:32+00:00,2.887,-74.98,8.0,2.2,ML,"Tello - Huila, Colombia",manual,0.5,170.0,4.0,SGC,,0.0,0.1,10.0,,,,,,,,,,3.0812,Senel et al.: Mw=0.8095 ML+1.3003 (3.3<=ML<=6.6),,extrapolada,principal,,,,
SGC,SGC2007assggn,,2007-09-18T23:21:21+00:00,2.708,-75.199,6.0,2.5,ML,"Rivera - Huila, Colombia",manual,0.1,163.0,4.0,SGC,,0.0,0.1,6.0,,,,,,,,,,3.32405,Senel et al.: Mw=0.8095 ML+1.3003 (3.3<=ML<=6.6),,extrapolada,principal,,,,
SGC,SGC2007wthhfo,,2007-10-20T09:16:06+00:00,2.672,-75.63,2.0,2.5,ML,"Íquira - Huila, Colombia",manual,0.4,186.0,6.0,SGC,,0.1,0.1,9.0,,,,,,,,,,3.32405,Senel et al.: Mw=0.8095 ML+1.3003 (3.3<=ML<=6.6),,extrapolada,principal,,,,
SGC,SGC2007ynrtrq,,2007-10-23T02:13:07+00:00,2.821,-75.059,21.0,2.6,ML,"Rivera - Huila, Colombia",manual,0.7,107.0,7.0,SGC,,0.1,0.1,13.0,,,,,,,,,,3.405,Senel et al.: Mw=0.8095 ML+1.3003 (3.3<=ML<=6.6),,extrapolada,principal,,,,
SGC,SGC2007zgdhpf,,2007-11-10T20:22:56+00:00,2.835,-75.004,32.0,2.1,ML,"Rivera - Huila, Colombia",manual,0.2,170.0,4.0,SGC,,0.0,0.0,10.0,,,,,,,,,,3.0002500000000003,Senel et al.: Mw=0.8095 ML+1.3003 (3.3<=ML<=6.6),,extrapolada,principal,,,,
SGC,SGC2007rxmdux,,2007-11-12T04:55:29+00:00,2.587,-75.026,6.0,2.2,ML,"Algeciras - Huila, Colombia",manual,0.5,177.0,4.0,SGC,,0.1,0.1,19.0,,,,,,,,,,3.0812,Senel et al.: Mw=0.8095 ML+1.3003 (3.3<=ML<=6.6),,extrapolada,principal,,,,
SGC,SGC2007jbqqwy,,2007-11-20T22:36:42+00:00,2.611,-75.204,22.0,2.1,ML,"Algeciras - Huila, Colombia",manual,0.8,155.0,5.0,SGC,,0.1,0.1,25.0,,,,,,,,,,3.0002500000000003,Senel et al.: Mw=0.8095 ML+1.3003 (3.3<=ML<=6.6),,extrapolada,principal,,,,
SGC,SGC2007zfwjag,,2007-12-08T19:12:05+00:00,2.605,-75.316,4.0,2.1,ML,"Campoalegre - Huila, Colombia",manual,0.7,163.0,4.0,SGC,,0.1,0.1,14.0,,,,,,,,,,3.0002500000000003,Senel et al.: Mw=0.8095 ML+1.3003 (3.3<=ML<=6.6),,extrapolada,principal,,,,
SGC,SGC2007wxnghs,,2007-12-10T17:57:47+00:00,2.671,-75.292,4.0,2.5,ML,"Campoalegre - Huila, Colombia",manual,0.7,162.0,5.0,SGC,,0.1,0.2,13.0,,,,,,,,,,3.32405,Senel et al.: Mw=0.8095 ML+1.3003 (3.3<=ML<=6.6),,extrapolada,principal,,,,
SGC,SGC2008svvafi,,2008-02-28T11:20:22+00:00,2.727,-75.0,33.0,2.8,ML,"Rivera - Huila, Colombia",manual,0.5,316.0,4.0,SGC,,0.1,0.3,131.0,,,,,,,,,,3.5669,Senel et al.: Mw=0.8095 ML+1.3003 (3.3<=ML<=6.6),,extrapolada,principal,,,,
SGC,SGC2008ucbekd,,2008-03-13T07:58:45+00:00,2.712,-75.033,2.0,3.4,ML,"Rivera - Huila, Colombia",manual,0.8,113.0,7.0,SGC,,0.1,0.1,13.0,,,,,,,,,,4.0526,Senel et al.: Mw=0.8095 ML+1.3003 (3.3<=ML<=6.6),,dentro_de_rango,principal,,,,
SGC,SGC2008ylcajh,,2008-05-16T01:39:51+00:00,2.899,-74.928,24.0,3.6,ML,"Tello - Huila, Colombia",manual,0.7,172.0,12.0,SGC,,0.1,0.1,9.0,,,,,,,,,,4.2145,Senel et al.: Mw=0.8095 ML+1.3003 (3.3<=ML<=6.6),,dentro_de_rango,principal,,,,
SGC,SGC2008mqnuoj,,2008-06-12T15:38:30+00:00,2.91,-75.287,0.0,2.7,ML,"Neiva - Huila, Colombia",manual,0.6,172.0,7.0,SGC,,0.0,0.1,7.0,,,,,,,,,,3.4859500000000003,Senel et al.: Mw=0.8095 ML+1.3003 (3.3<=ML<=6.6),,extrapolada,principal,,,,
SGC,SGC2008frphow,,2008-06-27T15:14:02+00:00,2.673,-75.65,16.0,2.4,ML,"Íquira - Huila, Colombia",manual,0.2,159.0,4.0,SGC,,0.1,0.0,4.0,,,,,,,,,,3.2431,Senel et al.: Mw=0.8095 ML+1.3003 (3.3<=ML<=6.6),,extrapolada,principal,,,,
SGC,SGC2008idzqav,,2008-08-04T01:56:47+00:00,2.867,-75.02,0.0,2.7,ML,"Tello - Huila, Colombia",manual,0.6,209.0,6.0,SGC,,0.1,0.1,10.0,,,,,,,,,,3.4859500000000003,Senel et al.: Mw=0.8095 ML+1.3003 (3.3<=ML<=6.6),,extrapolada,principal,,,,
SGC,SGC2008uqgfby,,2008-08-21T10:01:38+00:00,3.125,-75.06,0.0,2.7,ML,"Baraya - Huila, Colombia",manual,0.4,196.0,6.0,SGC,,0.0,0.0,6.0,,,,,,,,,,3.4859500000000003,Senel et al.: Mw=0.8095 ML+1.3003 (3.3<=ML<=6.6),,extrapolada,principal,,,,
SGC,SGC2008fiavjw,,2008-09-25T15:42:40+00:00,2.842,-74.88,5.0,2.3,ML,"Tello - Huila, Colombia",manual,0.4,179.0,6.0,SGC,,0.1,0.1,15.0,,,,,,,,,,3.16215,Senel et al.: Mw=0.8095 ML+1.3003 (3.3<=ML<=6.6),,extrapolada,principal,,,,
SGC,SGC2008ljrwqo,,2008-10-25T19:23:45+00:00,2.736,-75.037,5.0,2.6,ML,"Rivera - Huila, Colombia",manual,0.4,216.0,7.0,SGC,,0.0,0.1,14.0,,,,,,,,,,3.405,Senel et al.: Mw=0.8095 ML+1.3003 (3.3<=ML<=6.6),,extrapolada,principal,,,,
SGC,SGC2008rdjdhk,,2008-11-29T05:10:42+00:00,2.766,-75.167,0.0,2.3,ML,"Rivera - Huila, Colombia",manual,0.6,213.0,7.0,SGC,,0.1,0.1,10.0,,,,,,,,,,3.16215,Senel et al.: Mw=0.8095 ML+1.3003 (3.3<=ML<=6.6),,extrapolada,principal,,,,
SGC,SGC2008ickuxe,,2008-12-10T05:53:41+00:00,3.177,-75.301,1.0,2.4,ML,"Aipe - Huila, Colombia",manual,0.6,149.0,8.0,SGC,,0.0,0.1,8.0,,,,,,,,,,3.2431,Senel et al.: Mw=0.8095 ML+1.3003 (3.3<=ML<=6.6),,extrapolada,principal,,,,
SGC,SGC2008eappxc,,2008-12-19T02:27:14+00:00,3.015,-74.923,5.0,3.6,ML,"Baraya - Huila, Colombia",manual,0.9,197.0,15.0,SGC,,0.1,0.1,10.0,,,,,,,,,,4.2145,Senel et al.: Mw=0.8095 ML+1.3003 (3.3<=ML<=6.6),,dentro_de_rango,principal,,,,
SGC,SGC2009vqdsnw,,2009-01-11T20:19:32+00:00,2.581,-75.303,0.0,2.3,ML,"Algeciras - Huila, Colombia",manual,0.5,237.0,9.0,SGC,,0.0,0.0,5.0,,,,,,,,,,3.16215,Senel et al.: Mw=0.8095 ML+1.3003 (3.3<=ML<=6.6),,extrapolada,principal,,,,
SGC,SGC2009wlyujt,,2009-03-01T00:10:05+00:00,2.781,-75.133,1.0,2.9,ML,"Rivera - Huila, Colombia",manual,0.4,213.0,7.0,SGC,,0.1,0.0,6.0,,,,,,,,,,3.64785,Senel et al.: Mw=0.8095 ML+1.3003 (3.3<=ML<=6.6),,extrapolada,principal,,,,
SGC,SGC2009cmzaso,,2009-03-24T10:43:09+00:00,2.541,-75.263,4.0,2.1,ML,"Algeciras - Huila, Colombia",manual,0.7,263.0,5.0,SGC,,0.1,0.2,22.0,,,,,,,,,,3.0002500000000003,Senel et al.: Mw=0.8095 ML+1.3003 (3.3<=ML<=6.6),,extrapolada,principal,,,,
SGC,SGC2009rydtea,,2009-04-15T11:36:47+00:00,2.707,-75.1,0.0,2.7,ML,"Rivera - Huila, Colombia",manual,0.4,218.0,7.0,SGC,,0.1,0.1,10.0,,,,,,,,,,3.4859500000000003,Senel et al.: Mw=0.8095 ML+1.3003 (3.3<=ML<=6.6),,extrapolada,principal,,,,
SGC,SGC2009hjrzvm,,2009-05-08T01:01:24+00:00,2.739,-75.074,4.0,3.1,ML,"Rivera - Huila, Colombia",manual,0.4,171.0,8.0,SGC,,0.0,0.0,7.0,,,,,,,,,,3.80975,Senel et al.: Mw=0.8095 ML+1.3003 (3.3<=ML<=6.6),,extrapolada,principal,,,,
SGC,SGC2009buzsgu,,2009-05-11T15:01:31+00:00,3.037,-74.9,6.0,2.7,ML,"Baraya - Huila, Colombia",manual,0.4,171.0,9.0,SGC,,0.0,0.0,5.0,,,,,,,,,,3.4859500000000003,Senel et al.: Mw=0.8095 ML+1.3003 (3.3<=ML<=6.6),,extrapolada,principal,,,,
SGC,SGC2009tmggfy,,2009-05-18T18:06:53+00:00,2.735,-75.106,2.0,2.5,ML,"Rivera - Huila, Colombia",manual,0.5,169.0,8.0,SGC,,0.0,0.0,7.0,,,,,,,,,,3.32405,Senel et al.: Mw=0.8095 ML+1.3003 (3.3<=ML<=6.6),,extrapolada,principal,,,,
SGC,SGC2009mrbjjp,,2009-05-23T04:12:46+00:00,2.683,-75.139,3.0,2.1,ML,"Rivera - Huila, Colombia",manual,0.3,191.0,6.0,SGC,,0.0,0.0,6.0,,,,,,,,,,3.0002500000000003,Senel et al.: Mw=0.8095 ML+1.3003 (3.3<=ML<=6.6),,extrapolada,principal,,,,
SGC,SGC2009uhabcg,,2009-05-28T04:28:12+00:00,2.739,-75.121,2.0,2.5,ML,"Rivera - Huila, Colombia",manual,0.3,239.0,7.0,SGC,,0.1,0.1,9.0,,,,,,,,,,3.32405,Senel et al.: Mw=0.8095 ML+1.3003 (3.3<=ML<=6.6),,extrapolada,principal,,,,
SGC,SGC2009btkngz,,2009-06-07T16:40:11+00:00,3.228,-75.206,595.0,2.7,ML,"Villavieja - Huila, Colombia",manual,0.2,305.0,4.0,SGC,,0.8,0.2,25.0,,,,,,,,,,3.4859500000000003,Senel et al.: Mw=0.8095 ML+1.3003 (3.3<=ML<=6.6),,extrapolada,principal,,,,
SGC,SGC2009hihqfs,,2009-06-20T16:21:07+00:00,2.496,-75.193,7.0,2.2,ML,"Algeciras - Huila, Colombia",manual,0.5,193.0,5.0,SGC,,0.0,0.1,9.0,,,,,,,,,,3.0812,Senel et al.: Mw=0.8095 ML+1.3003 (3.3<=ML<=6.6),,extrapolada,principal,,,,
SGC,SGC2009eflpvg,,2009-07-20T06:57:39+00:00,2.671,-75.09,4.0,2.2,ML,"Rivera - Huila, Colombia",manual,0.5,173.0,10.0,SGC,,0.0,0.0,7.0,,,,,,,,,,3.0812,Senel et al.: Mw=0.8095 ML+1.3003 (3.3<=ML<=6.6),,extrapolada,principal,,,,
SGC,SGC2009fktiqq,,2009-09-05T06:37:09+00:00,2.861,-75.012,8.0,2.4,ML,"Tello - Huila, Colombia",manual,0.3,239.0,4.0,SGC,,0.1,0.1,6.0,,,,,,,,,,3.2431,Senel et al.: Mw=0.8095 ML+1.3003 (3.3<=ML<=6.6),,extrapolada,principal,,,,
SGC,SGC2009gxxxvt,,2009-09-06T01:16:59+00:00,2.967,-74.945,1.0,2.6,ML,"Baraya - Huila, Colombia",manual,0.4,204.0,9.0,SGC,,0.0,0.0,6.0,,,,,,,,,,3.405,Senel et al.: Mw=0.8095 ML+1.3003 (3.3<=ML<=6.6),,extrapolada,principal,,,,
SGC,SGC2009yxjjqe,,2009-09-12T01:43:24+00:00,2.663,-75.365,4.0,2.2,ML,"Campoalegre - Huila, Colombia",manual,0.3,170.0,6.0,SGC,,0.0,0.0,6.0,,,,,,,,,,3.0812,Senel et al.: Mw=0.8095 ML+1.3003 (3.3<=ML<=6.6),,extrapolada,principal,,,,
SGC,SGC2009xeqwbq,,2009-10-02T01:14:53+00:00,3.025,-74.886,6.0,2.6,ML,"Baraya - Huila, Colombia",manual,0.4,210.0,9.0,SGC,,0.0,0.1,7.0,,,,,,,,,,3.405,Senel et al.: Mw=0.8095 ML+1.3003 (3.3<=ML<=6.6),,extrapolada,principal,,,,
SGC,SGC2009dwpjrl,,2009-10-03T19:41:33+00:00,2.9,-74.901,9.0,2.5,ML,"Tello - Huila, Colombia",manual,0.3,214.0,8.0,SGC,,0.0,0.0,4.0,,,,,,,,,,3.32405,Senel et al.: Mw=0.8095 ML+1.3003 (3.3<=ML<=6.6),,extrapolada,principal,,,,
SGC,SGC2009ccbmqo,,2009-10-05T07:52:54+00:00,3.314,-75.266,160.0,3.0,ML,"Aipe - Huila, Colombia",manual,0.1,296.0,5.0,SGC,,0.1,0.3,17.0,,,,,,,,,,3.7288,Senel et al.: Mw=0.8095 ML+1.3003 (3.3<=ML<=6.6),,extrapolada,principal,,,,
SGC,SGC2009xaijog,,2009-10-14T22:58:24+00:00,3.181,-75.256,10.0,2.6,ML,"Aipe - Huila, Colombia",manual,0.6,147.0,8.0,SGC,,0.0,0.1,9.0,,,,,,,,,,3.405,Senel et al.: Mw=0.8095 ML+1.3003 (3.3<=ML<=6.6),,extrapolada,principal,,,,
SGC,SGC2009lwzhhw,,2009-10-16T20:46:09+00:00,2.685,-74.997,11.0,2.9,ML,"Rivera - Huila, Colombia",manual,0.6,205.0,8.0,SGC,,0.1,0.1,7.0,,,,,,,,,,3.64785,Senel et al.: Mw=0.8095 ML+1.3003 (3.3<=ML<=6.6),,extrapolada,principal,,,,
SGC,SGC2009gkyqsk,,2009-10-18T07:54:50+00:00,3.118,-74.979,9.0,2.1,ML,"Baraya - Huila, Colombia",manual,0.7,201.0,6.0,SGC,,0.1,0.1,10.0,,,,,,,,,,3.0002500000000003,Senel et al.: Mw=0.8095 ML+1.3003 (3.3<=ML<=6.6),,extrapolada,principal,,,,
SGC,SGC2009qjrzde,,2009-10-25T06:25:27+00:00,3.022,-74.917,0.0,3.1,ML,"Baraya - Huila, Colombia",manual,0.3,201.0,8.0,SGC,,0.0,0.0,6.0,,,,,,,,,,3.80975,Senel et al.: Mw=0.8095 ML+1.3003 (3.3<=ML<=6.6),,extrapolada,principal,,,,
SGC,SGC2009fdgqyq,,2009-11-04T04:21:19+00:00,2.611,-75.131,4.0,2.2,ML,"Algeciras - Huila, Colombia",manual,0.5,195.0,7.0,SGC,,0.1,0.0,25.0,,,,,,,,,,3.0812,Senel et al.: Mw=0.8095 ML+1.3003 (3.3<=ML<=6.6),,extrapolada,principal,,,,
SGC,SGC2010xqbtci,,2010-04-30T04:18:40+00:00,2.683,-75.098,0.0,2.6,ML,"Rivera - Huila, Colombia",manual,0.2,239.0,6.0,SGC,,0.0,0.0,5.0,,,,,,,,,,3.405,Senel et al.: Mw=0.8095 ML+1.3003 (3.3<=ML<=6.6),,extrapolada,principal,,,,
SGC,SGC2010lbettb,,2010-05-19T02:25:13+00:00,3.151,-75.157,0.0,2.2,ML,"Tello - Huila, Colombia",manual,0.4,191.0,6.0,SGC,,0.1,0.1,9.0,,,,,,,,,,3.0812,Senel et al.: Mw=0.8095 ML+1.3003 (3.3<=ML<=6.6),,extrapolada,principal,,,,
SGC,SGC2010kmiaht,,2010-05-22T03:33:38+00:00,2.909,-74.879,9.0,2.9,ML,"Baraya - Huila, Colombia",manual,0.3,147.0,12.0,SGC,,0.0,0.0,3.0,,,,,,,,,,3.64785,Senel et al.: Mw=0.8095 ML+1.3003 (3.3<=ML<=6.6),,extrapolada,principal,,,,
SGC,SGC2010nftwez,,2010-06-17T09:49:09+00:00,2.704,-75.201,16.0,2.3,ML,"Rivera - Huila, Colombia",manual,0.3,332.0,3.0,SGC,,0.1,0.1,5.0,,,,,,,,,,3.16215,Senel et al.: Mw=0.8095 ML+1.3003 (3.3<=ML<=6.6),,extrapolada,principal,,,,
SGC,SGC2010elmzbr,,2010-06-19T22:55:27+00:00,2.531,-75.382,1.0,2.6,ML,"Algeciras - Huila, Colombia",manual,0.6,163.0,10.0,SGC,,0.0,0.0,7.0,,,,,,,,,,3.405,Senel et al.: Mw=0.8095 ML+1.3003 (3.3<=ML<=6.6),,extrapolada,principal,,,,
SGC,SGC2010fqpouy,,2010-07-07T11:22:52+00:00,2.697,-75.019,1.0,2.3,ML,"Rivera - Huila, Colombia",manual,0.3,243.0,5.0,SGC,,0.0,0.1,6.0,,,,,,,,,,3.16215,Senel et al.: Mw=0.8095 ML+1.3003 (3.3<=ML<=6.6),,extrapolada,principal,,,,
SGC,SGC2010mmuals,,2010-07-11T03:16:42+00:00,2.795,-75.125,0.0,2.9,ML,"Rivera - Huila, Colombia",manual,0.4,199.0,13.0,SGC,,0.0,0.0,6.0,,,,,,,,,,3.64785,Senel et al.: Mw=0.8095 ML+1.3003 (3.3<=ML<=6.6),,extrapolada,principal,,,,
SGC,SGC2010mqesty,,2010-07-14T18:48:20+00:00,3.016,-74.918,0.0,2.8,ML,"Baraya - Huila, Colombia",manual,0.4,208.0,12.0,SGC,,0.0,0.1,6.0,,,,,,,,,,3.5669,Senel et al.: Mw=0.8095 ML+1.3003 (3.3<=ML<=6.6),,extrapolada,principal,,,,
SGC,SGC2010uvfgdt,,2010-08-21T00:45:05+00:00,2.735,-75.033,3.0,2.5,ML,"Rivera - Huila, Colombia",manual,0.5,200.0,10.0,SGC,,0.0,0.1,7.0,,,,,,,,,,3.32405,Senel et al.: Mw=0.8095 ML+1.3003 (3.3<=ML<=6.6),,extrapolada,principal,,,,
SGC,SGC2010xthkew,,2010-09-10T01:08:05+00:00,2.814,-74.933,4.0,2.4,ML,"Tello - Huila, Colombia",manual,0.4,177.0,11.0,SGC,,0.0,0.0,4.0,,,,,,,,,,3.2431,Senel et al.: Mw=0.8095 ML+1.3003 (3.3<=ML<=6.6),,extrapolada,principal,,,,
SGC,SGC2010hsmrpg,,2010-09-15T18:09:33+00:00,2.936,-74.905,3.0,2.2,ML,"Baraya - Huila, Colombia",manual,0.5,174.0,8.0,SGC,,0.1,0.1,9.0,,,,,,,,,,3.0812,Senel et al.: Mw=0.8095 ML+1.3003 (3.3<=ML<=6.6),,extrapolada,principal,,,,
SGC,SGC2010jpdlhj,,2010-09-29T06:46:24+00:00,2.874,-74.858,9.0,2.1,ML,"Baraya - Huila, Colombia",manual,0.2,227.0,6.0,SGC,,0.0,0.0,4.0,,,,,,,,,,3.0002500000000003,Senel et al.: Mw=0.8095 ML+1.3003 (3.3<=ML<=6.6),,extrapolada,principal,,,,
SGC,SGC2010muihls,,2010-10-28T07:14:07+00:00,2.698,-75.071,4.0,2.1,ML,"Rivera - Huila, Colombia",manual,0.4,197.0,8.0,SGC,,0.0,0.0,6.0,,,,,,,,,,3.0002500000000003,Senel et al.: Mw=0.8095 ML+1.3003 (3.3<=ML<=6.6),,extrapolada,principal,,,,
SGC,SGC2010biopxt,,2010-11-12T00:02:05+00:00,3.065,-74.897,4.0,2.7,ML,"Baraya - Huila, Colombia",manual,0.4,191.0,10.0,SGC,,0.0,0.0,6.0,,,,,,,,,,3.4859500000000003,Senel et al.: Mw=0.8095 ML+1.3003 (3.3<=ML<=6.6),,extrapolada,principal,,,,
SGC,SGC2010kpyctj,,2010-12-04T00:45:27+00:00,2.514,-75.387,2.0,2.7,ML,"Algeciras - Huila, Colombia",manual,0.5,191.0,11.0,SGC,,0.0,0.0,6.0,,,,,,,,,,3.4859500000000003,Senel et al.: Mw=0.8095 ML+1.3003 (3.3<=ML<=6.6),,extrapolada,principal,,,,
SGC,SGC2011vmylby,,2011-01-03T13:13:08+00:00,3.031,-75.191,8.0,2.1,ML,"Tello - Huila, Colombia",manual,0.5,159.0,7.0,SGC,,0.0,0.0,8.0,,,,,,,,,,3.0002500000000003,Senel et al.: Mw=0.8095 ML+1.3003 (3.3<=ML<=6.6),,extrapolada,principal,,,,
SGC,SGC2011zeuclv,,2011-01-14T13:39:53+00:00,2.781,-74.937,13.0,3.5,ML,"Rivera - Huila, Colombia",manual,0.5,153.0,12.0,SGC,,0.1,0.0,6.0,,,,,,,,,,4.13355,Senel et al.: Mw=0.8095 ML+1.3003 (3.3<=ML<=6.6),,dentro_de_rango,principal,,,,
SGC,SGC2011cwayem,,2011-01-17T08:00:34+00:00,2.966,-74.861,2.0,2.5,ML,"Baraya - Huila, Colombia",manual,0.5,197.0,8.0,SGC,,0.1,0.1,8.0,,,,,,,,,,3.32405,Senel et al.: Mw=0.8095 ML+1.3003 (3.3<=ML<=6.6),,extrapolada,principal,,,,
SGC,SGC2011ykqvby,,2011-01-18T10:34:42+00:00,2.747,-75.155,4.0,2.4,ML,"Rivera - Huila, Colombia",manual,0.4,188.0,10.0,SGC,,0.0,0.0,6.0,,,,,,,,,,3.2431,Senel et al.: Mw=0.8095 ML+1.3003 (3.3<=ML<=6.6),,extrapolada,principal,,,,
SGC,SGC2011bzimrv,,2011-02-08T05:02:51+00:00,2.753,-75.147,0.0,4.2,ML,"Rivera - Huila, Colombia",manual,0.4,188.0,18.0,SGC,,0.0,0.0,5.0,,,,,,,,,,4.700200000000001,Senel et al.: Mw=0.8095 ML+1.3003 (3.3<=ML<=6.6),,dentro_de_rango,principal,,,,
SGC,SGC2011zielrw,,2011-02-24T13:02:39+00:00,2.552,-75.285,4.0,2.3,ML,"Algeciras - Huila, Colombia",manual,0.4,178.0,6.0,SGC,,0.1,0.0,9.0,,,,,,,,,,3.16215,Senel et al.: Mw=0.8095 ML+1.3003 (3.3<=ML<=6.6),,extrapolada,principal,,,,
SGC,SGC2011iwfwkd,,2011-03-04T13:09:34+00:00,2.684,-75.041,4.0,2.8,ML,"Rivera - Huila, Colombia",manual,0.4,189.0,7.0,SGC,,0.1,0.0,7.0,,,,,,,,,,3.5669,Senel et al.: Mw=0.8095 ML+1.3003 (3.3<=ML<=6.6),,extrapolada,principal,,,,
SGC,SGC2011qzeoxz,,2011-03-08T05:56:52+00:00,3.019,-74.901,4.0,2.2,ML,"Baraya - Huila, Colombia",manual,0.4,195.0,9.0,SGC,,0.1,0.1,10.0,,,,,,,,,,3.0812,Senel et al.: Mw=0.8095 ML+1.3003 (3.3<=ML<=6.6),,extrapolada,principal,,,,
SGC,SGC2011zzpplg,,2011-03-12T22:26:17+00:00,2.718,-75.079,4.0,2.4,ML,"Rivera - Huila, Colombia",manual,0.5,162.0,11.0,SGC,,0.0,0.0,5.0,,,,,,,,,,3.2431,Senel et al.: Mw=0.8095 ML+1.3003 (3.3<=ML<=6.6),,extrapolada,principal,,,,
SGC,SGC2011cnsxnz,,2011-04-03T12:25:09+00:00,3.193,-75.039,0.0,2.2,ML,"Baraya - Huila, Colombia",manual,0.4,185.0,7.0,SGC,,0.0,0.1,8.0,,,,,,,,,,3.0812,Senel et al.: Mw=0.8095 ML+1.3003 (3.3<=ML<=6.6),,extrapolada,principal,,,,
SGC,SGC2011bfnbcf,,2011-04-13T01:25:24+00:00,2.674,-75.085,4.0,2.1,ML,"Rivera - Huila, Colombia",manual,0.5,145.0,7.0,SGC,,0.1,0.0,11.0,,,,,,,,,,3.0002500000000003,Senel et al.: Mw=0.8095 ML+1.3003 (3.3<=ML<=6.6),,extrapolada,principal,,,,
SGC,SGC2011ujfkmo,,2011-05-05T12:42:53+00:00,2.715,-75.11,6.0,2.3,ML,"Rivera - Huila, Colombia",manual,0.2,236.0,6.0,SGC,,0.0,0.0,4.0,,,,,,,,,,3.16215,Senel et al.: Mw=0.8095 ML+1.3003 (3.3<=ML<=6.6),,extrapolada,principal,,,,
SGC,SGC2011mddham,,2011-06-06T15:05:31+00:00,3.0,-75.186,4.0,2.5,ML,"Tello - Huila, Colombia",manual,0.5,161.0,9.0,SGC,,0.0,0.0,7.0,,,,,,,,,,3.32405,Senel et al.: Mw=0.8095 ML+1.3003 (3.3<=ML<=6.6),,extrapolada,principal,,,,
SGC,SGC2011zyjdog,,2011-06-30T09:28:42+00:00,2.829,-74.892,4.0,2.8,ML,"Tello - Huila, Colombia",manual,0.5,183.0,8.0,SGC,,0.1,0.0,7.0,,,,,,,,,,3.5669,Senel et al.: Mw=0.8095 ML+1.3003 (3.3<=ML<=6.6),,extrapolada,principal,,,,
SGC,SGC2011xyrcmg,,2011-06-30T19:06:41+00:00,2.702,-75.054,4.0,2.2,ML,"Rivera - Huila, Colombia",manual,0.4,187.0,7.0,SGC,,0.0,0.0,5.0,,,,,,,,,,3.0812,Senel et al.: Mw=0.8095 ML+1.3003 (3.3<=ML<=6.6),,extrapolada,principal,,,,
SGC,SGC2011sjwkvp,,2011-07-04T07:46:10+00:00,2.561,-75.314,4.0,2.9,ML,"Algeciras - Huila, Colombia",manual,0.4,189.0,7.0,SGC,,0.1,0.0,9.0,,,,,,,,,,3.64785,Senel et al.: Mw=0.8095 ML+1.3003 (3.3<=ML<=6.6),,extrapolada,principal,,,,
SGC,SGC2011jsptcy,,2011-07-05T13:28:29+00:00,2.818,-74.909,14.0,2.6,ML,"Tello - Huila, Colombia",manual,0.5,184.0,9.0,SGC,,0.0,0.0,5.0,,,,,,,,,,3.405,Senel et al.: Mw=0.8095 ML+1.3003 (3.3<=ML<=6.6),,extrapolada,principal,,,,
SGC,SGC2011kwldzt,,2011-07-09T18:04:42+00:00,2.983,-74.851,4.0,3.0,ML,"Baraya - Huila, Colombia",manual,0.5,172.0,10.0,SGC,,0.0,0.0,5.0,,,,,,,,,,3.7288,Senel et al.: Mw=0.8095 ML+1.3003 (3.3<=ML<=6.6),,extrapolada,principal,,,,
SGC,SGC2011jsumqn,,2011-07-10T21:18:17+00:00,3.033,-75.009,6.0,2.2,ML,"Baraya - Huila, Colombia",manual,0.3,166.0,5.0,SGC,,0.0,0.0,7.0,,,,,,,,,,3.0812,Senel et al.: Mw=0.8095 ML+1.3003 (3.3<=ML<=6.6),,extrapolada,principal,,,,
SGC,SGC2011kxobby,,2011-07-17T08:51:03+00:00,2.877,-74.859,7.0,2.2,ML,"Baraya - Huila, Colombia",manual,0.5,184.0,5.0,SGC,,0.0,0.0,7.0,,,,,,,,,,3.0812,Senel et al.: Mw=0.8095 ML+1.3003 (3.3<=ML<=6.6),,extrapolada,principal,,,,
SGC,SGC2011sdjbcm,,2011-07-28T03:57:14+00:00,2.688,-75.036,6.0,2.2,ML,"Rivera - Huila, Colombia",manual,0.5,148.0,8.0,SGC,,0.0,0.0,7.0,,,,,,,,,,3.0812,Senel et al.: Mw=0.8095 ML+1.3003 (3.3<=ML<=6.6),,extrapolada,principal,,,,
SGC,SGC2011uejzlx,,2011-07-29T14:44:17+00:00,2.675,-74.937,74.0,2.1,ML,"Rivera - Huila, Colombia",manual,0.5,193.0,6.0,SGC,,0.1,0.0,28.0,,,,,,,,,,3.0002500000000003,Senel et al.: Mw=0.8095 ML+1.3003 (3.3<=ML<=6.6),,extrapolada,principal,,,,
SGC,SGC2011ecmngi,,2011-08-06T14:47:26+00:00,2.726,-75.215,4.0,2.2,ML,"Rivera - Huila, Colombia",manual,0.4,134.0,10.0,SGC,,0.0,0.0,4.0,,,,,,,,,,3.0812,Senel et al.: Mw=0.8095 ML+1.3003 (3.3<=ML<=6.6),,extrapolada,principal,,,,
SGC,SGC2011vohvlb,,2011-08-09T14:15:35+00:00,3.006,-74.862,8.0,2.4,ML,"Baraya - Huila, Colombia",manual,0.3,136.0,6.0,SGC,,0.0,0.0,7.0,,,,,,,,,,3.2431,Senel et al.: Mw=0.8095 ML+1.3003 (3.3<=ML<=6.6),,extrapolada,principal,,,,
SGC,SGC2011pdhxvk,,2011-08-10T07:00:26+00:00,2.627,-75.148,4.0,2.1,ML,"Rivera - Huila, Colombia",manual,0.4,144.0,5.0,SGC,,0.0,0.0,5.0,,,,,,,,,,3.0002500000000003,Senel et al.: Mw=0.8095 ML+1.3003 (3.3<=ML<=6.6),,extrapolada,principal,,,,
SGC,SGC2011cdtqcw,,2011-08-11T08:42:38+00:00,2.88,-74.874,4.0,2.1,ML,"Tello - Huila, Colombia",manual,0.5,144.0,8.0,SGC,,0.0,0.0,7.0,,,,,,,,,,3.0002500000000003,Senel et al.: Mw=0.8095 ML+1.3003 (3.3<=ML<=6.6),,extrapolada,principal,,,,
SGC,SGC2011cyltyg,,2011-09-01T23:46:03+00:00,2.979,-74.965,0.0,2.8,ML,"Tello - Huila, Colombia",manual,0.3,195.0,11.0,SGC,,0.0,0.0,3.0,,,,,,,,,,3.5669,Senel et al.: Mw=0.8095 ML+1.3003 (3.3<=ML<=6.6),,extrapolada,principal,,,,
SGC,SGC2011eljtcj,,2011-09-03T13:14:18+00:00,3.141,-75.324,7.0,2.7,ML,"Aipe - Huila, Colombia",manual,0.3,110.0,8.0,SGC,,0.0,0.0,6.0,,,,,,,,,,3.4859500000000003,Senel et al.: Mw=0.8095 ML+1.3003 (3.3<=ML<=6.6),,extrapolada,principal,,,,
SGC,SGC2011mquvhz,,2011-09-07T10:40:27+00:00,2.73,-75.097,28.0,2.1,ML,"Rivera - Huila, Colombia",manual,0.4,141.0,6.0,SGC,,0.0,0.0,4.0,,,,,,,,,,3.0002500000000003,Senel et al.: Mw=0.8095 ML+1.3003 (3.3<=ML<=6.6),,extrapolada,principal,,,,
SGC,SGC2011gzjbvw,,2011-09-18T03:12:44+00:00,2.727,-75.041,0.0,2.1,ML,"Rivera - Huila, Colombia",manual,0.3,205.0,7.0,SGC,,0.0,0.0,6.0,,,,,,,,,,3.0002500000000003,Senel et al.: Mw=0.8095 ML+1.3003 (3.3<=ML<=6.6),,extrapolada,principal,,,,
SGC,SGC2011xuikac,,2011-11-01T00:51:46+00:00,2.983,-74.893,3.0,2.6,ML,"Baraya - Huila, Colombia",manual,0.5,216.0,7.0,SGC,,0.0,0.0,8.0,,,,,,,,,,3.405,Senel et al.: Mw=0.8095 ML+1.3003 (3.3<=ML<=6.6),,extrapolada,principal,,,,
SGC,SGC2011qnsdfe,,2011-11-15T21:43:34+00:00,2.79,-75.126,0.0,2.3,ML,"Rivera - Huila, Colombia",manual,0.4,203.0,8.0,SGC,,0.1,0.0,6.0,,,,,,,,,,3.16215,Senel et al.: Mw=0.8095 ML+1.3003 (3.3<=ML<=6.6),,extrapolada,principal,,,,
SGC,SGC2011fxqqzp,,2011-11-28T05:24:41+00:00,2.533,-75.423,0.0,3.5,ML,"Hobo - Huila, Colombia",manual,0.5,188.0,12.0,SGC,,0.0,0.0,5.0,,,,,,,,,,4.13355,Senel et al.: Mw=0.8095 ML+1.3003 (3.3<=ML<=6.6),,dentro_de_rango,principal,,,,
SGC,SGC2011pxlglo,,2011-12-01T15:27:23+00:00,2.739,-75.05,4.0,2.6,ML,"Rivera - Huila, Colombia",manual,0.4,189.0,9.0,SGC,,0.0,0.0,6.0,,,,,,,,,,3.405,Senel et al.: Mw=0.8095 ML+1.3003 (3.3<=ML<=6.6),,extrapolada,principal,,,,
SGC,SGC2011zoeqco,,2011-12-02T04:47:01+00:00,2.914,-74.871,4.0,2.1,ML,"Baraya - Huila, Colombia",manual,0.4,204.0,6.0,SGC,,0.0,0.0,5.0,,,,,,,,,,3.0002500000000003,Senel et al.: Mw=0.8095 ML+1.3003 (3.3<=ML<=6.6),,extrapolada,principal,,,,
SGC,SGC2012frfmig,,2012-01-03T19:58:06+00:00,2.702,-75.053,4.0,2.1,ML,"Rivera - Huila, Colombia",manual,0.3,174.0,12.0,SGC,,0.0,0.0,4.0,,,,,,,,,,3.0002500000000003,Senel et al.: Mw=0.8095 ML+1.3003 (3.3<=ML<=6.6),,extrapolada,principal,,,,
SGC,SGC2012krekvj,,2012-01-12T20:16:09+00:00,2.677,-75.083,2.0,2.2,ML,"Rivera - Huila, Colombia",manual,0.4,145.0,13.0,SGC,,0.0,0.0,5.0,,,,,,,,,,3.0812,Senel et al.: Mw=0.8095 ML+1.3003 (3.3<=ML<=6.6),,extrapolada,principal,,,,
SGC,SGC2012vvxoal,,2012-01-23T22:41:24+00:00,2.638,-75.134,10.0,2.2,ML,"Rivera - Huila, Colombia",manual,0.4,193.0,8.0,SGC,,0.0,0.0,6.0,,,,,,,,,,3.0812,Senel et al.: Mw=0.8095 ML+1.3003 (3.3<=ML<=6.6),,extrapolada,principal,,,,
SGC,SGC2012jbuiql,,2012-03-03T14:42:49+00:00,3.267,-75.199,5.0,2.2,ML,"Villavieja - Huila, Colombia",manual,0.3,105.0,10.0,SGC,,0.0,0.0,5.0,,,,,,,,,,3.0812,Senel et al.: Mw=0.8095 ML+1.3003 (3.3<=ML<=6.6),,extrapolada,principal,,,,
SGC,SGC2012vtktnr,,2012-03-19T07:55:37+00:00,2.69,-75.197,18.0,2.9,ML,"Rivera - Huila, Colombia",manual,0.5,138.0,11.0,SGC,,0.0,0.0,4.0,,,,,,,,,,3.64785,Senel et al.: Mw=0.8095 ML+1.3003 (3.3<=ML<=6.6),,extrapolada,principal,,,,
SGC,SGC2012kcmgyt,,2012-04-11T04:52:18+00:00,2.882,-74.885,9.0,2.9,ML,"Tello - Huila, Colombia",manual,0.3,167.0,8.0,SGC,,0.0,0.0,5.0,,,,,,,,,,3.64785,Senel et al.: Mw=0.8095 ML+1.3003 (3.3<=ML<=6.6),,extrapolada,principal,,,,
SGC,SGC2012nudfmm,,2012-05-08T07:20:28+00:00,2.731,-75.058,1.0,2.2,ML,"Rivera - Huila, Colombia",manual,0.4,198.0,8.0,SGC,,0.0,0.0,6.0,,,,,,,,,,3.0812,Senel et al.: Mw=0.8095 ML+1.3003 (3.3<=ML<=6.6),,extrapolada,principal,,,,
SGC,SGC2012kmixgg,,2012-05-18T07:27:45+00:00,2.671,-75.096,4.0,2.1,ML,"Rivera - Huila, Colombia",manual,0.4,196.0,7.0,SGC,,0.0,0.0,7.0,,,,,,,,,,3.0002500000000003,Senel et al.: Mw=0.8095 ML+1.3003 (3.3<=ML<=6.6),,extrapolada,principal,,,,
SGC,SGC2012akjucw,,2012-07-05T00:07:25+00:00,2.667,-75.078,4.0,2.2,ML,"Rivera - Huila, Colombia",manual,0.4,146.0,10.0,SGC,,0.0,0.0,6.0,,,,,,,,,,3.0812,Senel et al.: Mw=0.8095 ML+1.3003 (3.3<=ML<=6.6),,extrapolada,principal,,,,
SGC,SGC2012ptbxyu,,2012-07-13T09:02:15+00:00,2.691,-75.017,7.0,2.6,ML,"Rivera - Huila, Colombia",manual,0.4,203.0,10.0,SGC,,0.0,0.0,5.0,,,,,,,,,,3.405,Senel et al.: Mw=0.8095 ML+1.3003 (3.3<=ML<=6.6),,extrapolada,principal,,,,
SGC,SGC2012twfbpm,,2012-07-17T13:26:12+00:00,2.89,-74.86,8.0,2.4,ML,"Baraya - Huila, Colombia",manual,0.3,217.0,6.0,SGC,,0.0,0.0,4.0,,,,,,,,,,3.2431,Senel et al.: Mw=0.8095 ML+1.3003 (3.3<=ML<=6.6),,extrapolada,principal,,,,
SGC,SGC2012kauqyn,,2012-09-12T04:27:22+00:00,2.786,-75.06,23.0,2.1,ML,"Rivera - Huila, Colombia",manual,0.3,196.0,5.0,SGC,,0.0,0.0,5.0,,,,,,,,,,3.0002500000000003,Senel et al.: Mw=0.8095 ML+1.3003 (3.3<=ML<=6.6),,extrapolada,principal,,,,
SGC,SGC2012rcimrz,,2012-09-23T10:36:34+00:00,3.118,-75.43,22.0,2.1,ML,"Aipe - Huila, Colombia",manual,0.4,139.0,6.0,SGC,,0.0,0.0,6.0,,,,,,,,,,3.0002500000000003,Senel et al.: Mw=0.8095 ML+1.3003 (3.3<=ML<=6.6),,extrapolada,principal,,,,
SGC,SGC2012sbgxwp,,2012-09-28T06:28:36+00:00,2.718,-75.079,6.0,2.5,ML,"Rivera - Huila, Colombia",manual,0.4,196.0,9.0,SGC,,0.0,0.0,5.0,,,,,,,,,,3.32405,Senel et al.: Mw=0.8095 ML+1.3003 (3.3<=ML<=6.6),,extrapolada,principal,,,,
SGC,SGC2012tphtxy,,2012-11-27T23:35:08+00:00,2.79,-75.073,0.0,4.1,MW,"Rivera - Huila, Colombia",manual,0.6,110.0,19.0,SGC,,0.0,0.0,5.0,,,,,,,,,,4.1,directa: MW,0.0,directa,principal,,,,
SGC,SGC2012frqqdg,,2012-12-01T13:11:45+00:00,2.536,-75.274,4.0,2.2,ML,"Algeciras - Huila, Colombia",manual,0.5,184.0,8.0,SGC,,0.0,0.0,7.0,,,,,,,,,,3.0812,Senel et al.: Mw=0.8095 ML+1.3003 (3.3<=ML<=6.6),,extrapolada,principal,,,,
SGC,SGC2013hzfwes,,2012-12-31T21:50:31+00:00,2.855,-74.863,9.0,2.4,ML,"Tello - Huila, Colombia",manual,0.5,147.0,6.0,SGC,,0.1,0.0,7.0,,,,,,,,,,3.2431,Senel et al.: Mw=0.8095 ML+1.3003 (3.3<=ML<=6.6),,extrapolada,principal,,,,
SGC,SGC2013lgemjj,,2013-01-02T01:07:37+00:00,2.68,-75.056,7.0,2.3,ML,"Rivera - Huila, Colombia",manual,0.5,147.0,11.0,SGC,,0.0,0.0,6.0,,,,,,,,,,3.16215,Senel et al.: Mw=0.8095 ML+1.3003 (3.3<=ML<=6.6),,extrapolada,principal,,,,
SGC,SGC2013ydncvd,,2013-02-12T17:40:43+00:00,3.019,-74.866,4.0,2.3,ML,"Baraya - Huila, Colombia",manual,0.3,204.0,7.0,SGC,,0.0,0.0,4.0,,,,,,,,,,3.16215,Senel et al.: Mw=0.8095 ML+1.3003 (3.3<=ML<=6.6),,extrapolada,principal,,,,
SGC,SGC2013kdfoqg,,2013-03-10T16:04:41+00:00,3.038,-74.915,0.0,2.1,ML,"Baraya - Huila, Colombia",manual,0.5,158.0,11.0,SGC,,0.0,0.0,5.0,,,,,,,,,,3.0002500000000003,Senel et al.: Mw=0.8095 ML+1.3003 (3.3<=ML<=6.6),,extrapolada,principal,,,,
SGC,SGC2013xnqhvd,,2013-04-22T06:09:51+00:00,2.677,-75.159,0.0,2.6,ML,"Rivera - Huila, Colombia",manual,0.5,159.0,5.0,SGC,,0.0,0.1,9.0,,,,,,,,,,3.405,Senel et al.: Mw=0.8095 ML+1.3003 (3.3<=ML<=6.6),,extrapolada,principal,,,,
SGC,SGC2013sjybvy,,2013-05-16T18:40:05+00:00,2.88,-74.887,4.0,2.8,ML,"Tello - Huila, Colombia",manual,0.5,167.0,11.0,SGC,,0.0,0.0,6.0,,,,,,,,,,3.5669,Senel et al.: Mw=0.8095 ML+1.3003 (3.3<=ML<=6.6),,extrapolada,principal,,,,
SGC,SGC2013daxvwa,,2013-06-09T23:01:37+00:00,2.505,-75.395,4.0,3.6,MW,"Algeciras - Huila, Colombia",manual,0.4,149.0,11.0,SGC,,0.0,0.0,4.0,,,,,,,,,,3.6,directa: MW,0.0,directa,principal,,,,
SGC,SGC2013bxgzzl,,2013-10-23T11:17:49+00:00,2.717,-75.007,8.0,2.1,ML,"Rivera - Huila, Colombia",manual,0.2,109.0,8.0,SGC,,0.0,0.0,4.0,,,,,,,,,,3.0002500000000003,Senel et al.: Mw=0.8095 ML+1.3003 (3.3<=ML<=6.6),,extrapolada,principal,,,,
SGC,SGC2013kylkux,,2013-11-26T15:45:42+00:00,2.731,-75.156,0.0,2.6,ML,"Rivera - Huila, Colombia",manual,0.7,126.0,11.0,SGC,,0.0,0.0,8.0,,,,,,,,,,3.405,Senel et al.: Mw=0.8095 ML+1.3003 (3.3<=ML<=6.6),,extrapolada,principal,,,,
SGC,SGC2014juksxy,,2014-02-25T20:36:27+00:00,2.84,-74.852,4.0,2.2,ML,"Tello - Huila, Colombia",manual,0.5,92.0,10.0,SGC,,0.0,0.0,6.0,,,,,,,,,,3.0812,Senel et al.: Mw=0.8095 ML+1.3003 (3.3<=ML<=6.6),,extrapolada,principal,,,,
SGC,SGC2014efveqk,,2014-04-07T19:11:44+00:00,3.259,-75.3,18.0,2.4,ML,"Aipe - Huila, Colombia",manual,0.4,256.0,10.0,SGC,,0.0,0.0,4.0,,,,,,,,,,3.2431,Senel et al.: Mw=0.8095 ML+1.3003 (3.3<=ML<=6.6),,extrapolada,principal,,,,
SGC,SGC2014obzunm,,2014-05-15T07:46:17+00:00,2.511,-75.243,4.0,2.5,ML,"Algeciras - Huila, Colombia",manual,0.4,110.0,17.0,SGC,,0.0,0.0,4.0,,,,,,,,,,3.32405,Senel et al.: Mw=0.8095 ML+1.3003 (3.3<=ML<=6.6),,extrapolada,principal,,,,
SGC,SGC2014vfvcgm,,2014-06-07T18:45:13+00:00,2.644,-75.081,8.0,2.6,ML,"Rivera - Huila, Colombia",manual,0.5,110.0,13.0,SGC,,0.0,0.0,4.0,,,,,,,,,,3.405,Senel et al.: Mw=0.8095 ML+1.3003 (3.3<=ML<=6.6),,extrapolada,principal,,,,
SGC,SGC2014gdyfeb,,2014-06-14T07:48:20+00:00,2.737,-75.066,8.0,2.3,ML,"Rivera - Huila, Colombia",manual,0.5,105.0,14.0,SGC,,0.0,0.0,5.0,,,,,,,,,,3.16215,Senel et al.: Mw=0.8095 ML+1.3003 (3.3<=ML<=6.6),,extrapolada,principal,,,,
SGC,SGC2014hkcmjq,,2014-07-24T05:59:25+00:00,2.67,-75.054,4.0,3.3,MW,"Rivera - Huila, Colombia",manual,0.4,96.0,26.0,SGC,,0.0,0.0,4.0,,,,,,,,,,3.3,directa: MW,0.0,directa,principal,,,,
SGC,SGC2014qeugee,,2014-08-04T04:51:07+00:00,2.814,-74.935,4.0,2.4,ML,"Tello - Huila, Colombia",manual,0.5,88.0,13.0,SGC,,0.0,0.0,4.0,,,,,,,,,,3.2431,Senel et al.: Mw=0.8095 ML+1.3003 (3.3<=ML<=6.6),,extrapolada,principal,,,,
SGC,SGC2014brqlao,,2014-08-19T03:15:48+00:00,2.698,-74.957,12.0,2.5,ML,"Rivera - Huila, Colombia",manual,0.4,112.0,12.0,SGC,,0.0,0.0,4.0,,,,,,,,,,3.32405,Senel et al.: Mw=0.8095 ML+1.3003 (3.3<=ML<=6.6),,extrapolada,principal,,,,
SGC,SGC2014aluiyn,,2014-09-16T18:48:06+00:00,2.892,-74.873,2.0,3.2,MW,"Baraya - Huila, Colombia",manual,0.7,85.0,21.0,SGC,,0.0,0.0,6.0,,,,,,,,,,3.2,directa: MW,0.0,directa,principal,,,,
SGC,SGC2014rfqodi,,2014-09-26T21:26:07+00:00,2.723,-75.023,4.0,2.1,ML,"Rivera - Huila, Colombia",manual,0.4,93.0,13.0,SGC,,0.0,0.0,5.0,,,,,,,,,,3.0002500000000003,Senel et al.: Mw=0.8095 ML+1.3003 (3.3<=ML<=6.6),,extrapolada,principal,,,,
SGC,SGC2014mkcvsx,,2014-10-12T04:32:01+00:00,3.03,-75.101,10.0,2.1,ML,"Tello - Huila, Colombia",manual,0.5,108.0,13.0,SGC,,0.0,0.0,7.0,,,,,,,,,,3.0002500000000003,Senel et al.: Mw=0.8095 ML+1.3003 (3.3<=ML<=6.6),,extrapolada,principal,,,,
SGC,SGC2014caetpf,,2014-10-13T16:52:52+00:00,2.856,-74.874,4.0,2.8,ML,"Tello - Huila, Colombia",manual,0.7,54.0,20.0,SGC,,0.0,0.0,6.0,,,,,,,,,,3.5669,Senel et al.: Mw=0.8095 ML+1.3003 (3.3<=ML<=6.6),,extrapolada,principal,,,,
SGC,SGC2014vygwla,,2014-11-04T21:51:00+00:00,2.634,-75.1,6.0,2.6,ML,"Rivera - Huila, Colombia",manual,0.4,110.0,16.0,SGC,,0.0,0.0,4.0,,,,,,,,,,3.405,Senel et al.: Mw=0.8095 ML+1.3003 (3.3<=ML<=6.6),,extrapolada,principal,,,,
SGC,SGC2014bvqenb,,2014-11-07T16:15:11+00:00,2.717,-75.004,6.0,2.1,ML,"Rivera - Huila, Colombia",manual,0.4,109.0,14.0,SGC,,0.0,0.0,5.0,,,,,,,,,,3.0002500000000003,Senel et al.: Mw=0.8095 ML+1.3003 (3.3<=ML<=6.6),,extrapolada,principal,,,,
SGC,SGC2014crpxyh,,2014-11-14T01:21:25+00:00,2.967,-74.87,4.0,2.7,ML,"Baraya - Huila, Colombia",manual,0.8,87.0,15.0,SGC,,0.0,0.0,6.0,,,,,,,,,,3.4859500000000003,Senel et al.: Mw=0.8095 ML+1.3003 (3.3<=ML<=6.6),,extrapolada,principal,,,,
SGC,SGC2014obzwwe,,2014-11-22T05:40:32+00:00,2.708,-75.03,6.0,2.2,ML,"Rivera - Huila, Colombia",manual,0.5,94.0,14.0,SGC,,0.0,0.0,6.0,,,,,,,,,,3.0812,Senel et al.: Mw=0.8095 ML+1.3003 (3.3<=ML<=6.6),,extrapolada,principal,,,,
SGC,SGC2014clhabv,,2014-12-23T10:38:40+00:00,2.978,-75.051,4.0,2.5,ML,"Tello - Huila, Colombia",manual,0.5,110.0,12.0,SGC,,0.0,0.0,5.0,,,,,,,,,,3.32405,Senel et al.: Mw=0.8095 ML+1.3003 (3.3<=ML<=6.6),,extrapolada,principal,,,,
SGC,SGC2015edkeqi,,2015-01-27T08:47:11+00:00,2.712,-75.022,6.0,2.1,ML,"Rivera - Huila, Colombia",manual,0.4,113.0,12.0,SGC,,0.0,0.0,6.0,,,,,,,,,,3.0002500000000003,Senel et al.: Mw=0.8095 ML+1.3003 (3.3<=ML<=6.6),,extrapolada,principal,,,,
SGC,SGC2015suoosv,,2015-01-27T23:23:30+00:00,2.71,-75.065,4.0,2.3,ML,"Rivera - Huila, Colombia",manual,0.5,105.0,14.0,SGC,,0.0,0.0,5.0,,,,,,,,,,3.16215,Senel et al.: Mw=0.8095 ML+1.3003 (3.3<=ML<=6.6),,extrapolada,principal,,,,
SGC,SGC2015quaxuc,,2015-04-11T13:05:53+00:00,2.79,-74.93,4.0,2.6,ML,"Rivera - Huila, Colombia",manual,0.4,132.0,9.0,SGC,,0.0,0.0,6.0,,,,,,,,,,3.405,Senel et al.: Mw=0.8095 ML+1.3003 (3.3<=ML<=6.6),,extrapolada,principal,,,,
SGC,SGC2015aikioo,,2015-04-25T09:23:06+00:00,3.245,-75.041,17.0,2.7,ML,"Baraya - Huila, Colombia",manual,0.4,140.0,5.0,SGC,,0.0,0.0,6.0,,,,,,,,,,3.4859500000000003,Senel et al.: Mw=0.8095 ML+1.3003 (3.3<=ML<=6.6),,extrapolada,principal,,,,
SGC,SGC2015wixxzz,,2015-05-07T05:43:41+00:00,2.904,-74.893,8.0,2.1,ML,"Tello - Huila, Colombia",manual,0.6,175.0,7.0,SGC,,0.0,0.0,7.0,,,,,,,,,,3.0002500000000003,Senel et al.: Mw=0.8095 ML+1.3003 (3.3<=ML<=6.6),,extrapolada,principal,,,,
SGC,SGC2015gmpdsu,,2015-05-30T06:42:57+00:00,2.881,-74.843,4.0,2.9,ML,"Baraya - Huila, Colombia",manual,0.4,129.0,7.0,SGC,,0.0,0.0,10.0,,,,,,,,,,3.64785,Senel et al.: Mw=0.8095 ML+1.3003 (3.3<=ML<=6.6),,extrapolada,principal,,,,
SGC,SGC2015qnazfq,,2015-06-02T10:41:59+00:00,2.67,-75.021,20.0,2.4,ML,"Rivera - Huila, Colombia",manual,0.5,233.0,8.0,SGC,,0.0,0.1,5.0,,,,,,,,,,3.2431,Senel et al.: Mw=0.8095 ML+1.3003 (3.3<=ML<=6.6),,extrapolada,principal,,,,
SGC,SGC2015bdnlnv,,2015-06-09T03:34:22+00:00,2.701,-75.068,9.0,2.1,ML,"Rivera - Huila, Colombia",manual,0.2,104.0,12.0,SGC,,0.0,0.0,3.0,,,,,,,,,,3.0002500000000003,Senel et al.: Mw=0.8095 ML+1.3003 (3.3<=ML<=6.6),,extrapolada,principal,,,,
SGC,SGC2015blexgb,,2015-06-12T13:01:45+00:00,2.526,-75.259,4.0,2.2,ML,"Algeciras - Huila, Colombia",manual,0.6,110.0,11.0,SGC,,0.0,0.0,6.0,,,,,,,,,,3.0812,Senel et al.: Mw=0.8095 ML+1.3003 (3.3<=ML<=6.6),,extrapolada,principal,,,,
SGC,SGC2015dhcirv,,2015-07-14T22:06:52+00:00,2.709,-75.066,4.0,2.2,ML,"Rivera - Huila, Colombia",manual,0.5,105.0,15.0,SGC,,0.0,0.0,4.0,,,,,,,,,,3.0812,Senel et al.: Mw=0.8095 ML+1.3003 (3.3<=ML<=6.6),,extrapolada,principal,,,,
SGC,SGC2015tcxofr,,2015-07-20T15:47:19+00:00,2.641,-75.06,5.0,3.9,MW,"Rivera - Huila, Colombia",manual,0.5,112.0,32.0,SGC,,0.0,0.0,4.0,,,,,,,,,,3.9,directa: MW,0.0,directa,principal,,,,
SGC,SGC2015lesylq,,2015-08-28T14:20:19+00:00,3.258,-75.585,3.0,2.1,ML,"Planadas - Tolima, Colombia",manual,0.4,77.0,12.0,SGC,,0.0,0.0,4.0,,,,,,,,,,3.0002500000000003,Senel et al.: Mw=0.8095 ML+1.3003 (3.3<=ML<=6.6),,extrapolada,principal,,,,
SGC,SGC2015kdeicj,,2015-09-14T02:57:24+00:00,2.765,-75.09,15.0,2.3,ML,"Rivera - Huila, Colombia",manual,0.4,104.0,11.0,SGC,,0.0,0.0,4.0,,,,,,,,,,3.16215,Senel et al.: Mw=0.8095 ML+1.3003 (3.3<=ML<=6.6),,extrapolada,principal,,,,
SGC,SGC2015wgnwok,,2015-09-21T23:59:28+00:00,2.702,-75.056,4.0,2.7,ML,"Rivera - Huila, Colombia",manual,0.5,80.0,19.0,SGC,,0.0,0.0,5.0,,,,,,,,,,3.4859500000000003,Senel et al.: Mw=0.8095 ML+1.3003 (3.3<=ML<=6.6),,extrapolada,principal,,,,
SGC,SGC2015ffbvrg,,2015-09-26T17:31:52+00:00,2.681,-75.036,5.0,2.4,ML,"Rivera - Huila, Colombia",manual,0.5,95.0,13.0,SGC,,0.0,0.0,5.0,,,,,,,,,,3.2431,Senel et al.: Mw=0.8095 ML+1.3003 (3.3<=ML<=6.6),,extrapolada,principal,,,,
SGC,SGC2015iwcwfl,,2015-10-31T07:26:44+00:00,2.492,-75.302,4.0,2.4,ML,"Algeciras - Huila, Colombia",manual,0.4,210.0,10.0,SGC,,0.0,0.0,6.0,,,,,,,,,,3.2431,Senel et al.: Mw=0.8095 ML+1.3003 (3.3<=ML<=6.6),,extrapolada,principal,,,,
SGC,SGC2015rvrjwm,,2015-12-26T19:44:53+00:00,2.534,-75.371,22.0,2.1,ML,"Algeciras - Huila, Colombia",manual,0.5,92.0,11.0,SGC,,0.0,0.0,3.0,,,,,,,,,,3.0002500000000003,Senel et al.: Mw=0.8095 ML+1.3003 (3.3<=ML<=6.6),,extrapolada,principal,,,,
SGC,SGC2016hpjtmo,,2016-01-05T08:21:07+00:00,2.653,-75.064,0.0,3.6,MW,"Rivera - Huila, Colombia",manual,0.6,62.0,23.0,SGC,,0.0,0.0,4.0,,,,,,,,,,3.6,directa: MW,0.0,directa,principal,,,,
SGC,SGC2016hoggbe,,2016-01-13T15:26:05+00:00,2.721,-75.07,4.0,2.1,ML,"Rivera - Huila, Colombia",manual,0.3,197.0,10.0,SGC,,0.0,0.0,3.0,,,,,,,,,,3.0002500000000003,Senel et al.: Mw=0.8095 ML+1.3003 (3.3<=ML<=6.6),,extrapolada,principal,,,,
SGC,SGC2016wdtfuv,,2016-02-16T02:51:42+00:00,2.585,-75.144,4.0,2.1,ML,"Algeciras - Huila, Colombia",manual,0.4,113.0,9.0,SGC,,0.0,0.0,6.0,,,,,,,,,,3.0002500000000003,Senel et al.: Mw=0.8095 ML+1.3003 (3.3<=ML<=6.6),,extrapolada,principal,,,,
SGC,SGC2016gyocqh,,2016-03-29T01:03:53+00:00,3.25,-75.401,11.0,2.3,ML,"Aipe - Huila, Colombia",manual,0.5,67.0,16.0,SGC,,0.0,0.0,4.0,,,,,,,,,,3.16215,Senel et al.: Mw=0.8095 ML+1.3003 (3.3<=ML<=6.6),,extrapolada,principal,,,,
SGC,SGC2016emoxxt,,2016-06-05T02:10:12+00:00,2.742,-75.008,3.0,2.1,ML,"Rivera - Huila, Colombia",manual,0.3,177.0,9.0,SGC,,0.0,0.0,4.0,,,,,,,,,,3.0002500000000003,Senel et al.: Mw=0.8095 ML+1.3003 (3.3<=ML<=6.6),,extrapolada,principal,,,,
SGC,SGC2016pskadu,,2016-06-06T21:20:44+00:00,3.19,-74.931,0.0,2.5,ML,"Baraya - Huila, Colombia",manual,0.4,99.0,22.0,SGC,,0.0,0.0,4.0,,,,,,,,,,3.32405,Senel et al.: Mw=0.8095 ML+1.3003 (3.3<=ML<=6.6),,extrapolada,principal,,,,
SGC,SGC2016qfqmgi,,2016-07-15T03:25:08+00:00,2.784,-74.953,5.0,2.4,ML,"Rivera - Huila, Colombia",manual,0.6,86.0,21.0,SGC,,0.0,0.0,5.0,,,,,,,,,,3.2431,Senel et al.: Mw=0.8095 ML+1.3003 (3.3<=ML<=6.6),,extrapolada,principal,,,,
SGC,SGC2016qnysws,,2016-07-18T07:12:17+00:00,2.69,-74.996,10.0,2.3,ML,"Rivera - Huila, Colombia",manual,0.3,96.0,9.0,SGC,,0.0,0.0,5.0,,,,,,,,,,3.16215,Senel et al.: Mw=0.8095 ML+1.3003 (3.3<=ML<=6.6),,extrapolada,principal,,,,
SGC,SGC2016aihdeb,,2016-07-21T08:07:05+00:00,2.75,-75.022,5.0,2.3,ML,"Rivera - Huila, Colombia",manual,0.2,200.0,6.0,SGC,,0.0,0.0,4.0,,,,,,,,,,3.16215,Senel et al.: Mw=0.8095 ML+1.3003 (3.3<=ML<=6.6),,extrapolada,principal,,,,
SGC,SGC2016rzisox,,2016-08-12T01:03:48+00:00,2.607,-75.157,4.0,2.7,ML,"Algeciras - Huila, Colombia",manual,0.6,97.0,17.0,SGC,,0.0,0.0,5.0,,,,,,,,,,3.4859500000000003,Senel et al.: Mw=0.8095 ML+1.3003 (3.3<=ML<=6.6),,extrapolada,principal,,,,
SGC,SGC2016feywei,,2016-08-16T16:24:30+00:00,2.865,-74.878,0.0,2.3,ML,"Tello - Huila, Colombia",manual,0.3,179.0,6.0,SGC,,0.0,0.0,4.0,,,,,,,,,,3.16215,Senel et al.: Mw=0.8095 ML+1.3003 (3.3<=ML<=6.6),,extrapolada,principal,,,,
SGC,SGC2016knqeyr,,2016-09-04T20:29:54+00:00,3.123,-75.271,4.0,2.1,ML,"Aipe - Huila, Colombia",manual,0.4,127.0,9.0,SGC,,0.0,0.0,4.0,,,,,,,,,,3.0002500000000003,Senel et al.: Mw=0.8095 ML+1.3003 (3.3<=ML<=6.6),,extrapolada,principal,,,,
SGC,SGC2016wifxnb,,2016-09-26T04:31:10+00:00,3.128,-75.301,2.0,2.7,ML,"Aipe - Huila, Colombia",manual,0.5,120.0,26.0,SGC,,0.0,0.0,4.0,,,,,,,,,,3.4859500000000003,Senel et al.: Mw=0.8095 ML+1.3003 (3.3<=ML<=6.6),,extrapolada,principal,,,,
SGC,SGC2016cjvwkl,,2016-10-13T00:11:25+00:00,2.616,-75.106,4.0,2.5,ML,"Rivera - Huila, Colombia",manual,0.7,155.0,22.0,SGC,,0.0,0.1,7.0,,,,,,,,,,3.32405,Senel et al.: Mw=0.8095 ML+1.3003 (3.3<=ML<=6.6),,extrapolada,principal,,,,
SGC,SGC2016hbvems,,2016-11-14T08:46:17+00:00,2.917,-74.843,2.0,2.2,ML,"Baraya - Huila, Colombia",manual,0.5,95.0,12.0,SGC,,0.0,0.0,4.0,,,,,,,,,,3.0812,Senel et al.: Mw=0.8095 ML+1.3003 (3.3<=ML<=6.6),,extrapolada,principal,,,,
SGC,SGC2016xicfzu,,2016-11-26T11:49:14+00:00,2.621,-75.148,4.0,2.2,ML,"Campoalegre - Huila, Colombia",manual,0.3,193.0,10.0,SGC,,0.0,0.0,5.0,,,,,,,,,,3.0812,Senel et al.: Mw=0.8095 ML+1.3003 (3.3<=ML<=6.6),,extrapolada,principal,,,,
SGC,SGC2016syxoyw,,2016-11-28T10:04:51+00:00,3.021,-75.106,2.0,2.1,ML,"Tello - Huila, Colombia",manual,0.5,100.0,16.0,SGC,,0.0,0.0,4.0,,,,,,,,,,3.0002500000000003,Senel et al.: Mw=0.8095 ML+1.3003 (3.3<=ML<=6.6),,extrapolada,principal,,,,
SGC,SGC2016uzxfhk,,2016-12-22T22:43:49+00:00,2.718,-75.673,4.0,4.4,MW,"Íquira - Huila, Colombia",manual,0.5,54.0,28.0,SGC,,0.0,0.0,3.0,,,,,,,,,,4.4,directa: MW,0.0,directa,principal,,,,
USGS,us10007m63,2016-12-23T03:43:51.310000Z,,2.6595,-75.5794,10.0,4.4,mb,"6 km E of Íquira, Colombia",reviewed,1.05,100.0,,,,,,,us,earthquake,7.7,1.9,0.112,23.0,us,us,2.507,4.76,Scordilis: Mw=0.85 mb+1.02 (3.5<=mb<=6.2),0.29,dentro_de_rango,principal,,,,
SGC,SGC2016iaukga,,2016-12-22T22:51:03+00:00,2.715,-75.662,4.0,2.4,ML,"Íquira - Huila, Colombia",manual,0.6,74.0,11.0,SGC,,0.0,0.0,6.0,,,,,,,,,,3.2431,Senel et al.: Mw=0.8095 ML+1.3003 (3.3<=ML<=6.6),,extrapolada,principal,,,,
SGC,SGC2016hckauj,,2016-12-22T22:58:36+00:00,2.705,-75.68,4.0,2.3,ML,"Íquira - Huila, Colombia",manual,0.4,90.0,9.0,SGC,,0.0,0.0,6.0,,,,,,,,,,3.16215,Senel et al.: Mw=0.8095 ML+1.3003 (3.3<=ML<=6.6),,extrapolada,principal,,,,
SGC,SGC2016vlgvix,,2016-12-23T00:43:10+00:00,2.722,-75.686,4.0,2.3,ML,"Íquira - Huila, Colombia",manual,0.4,87.0,10.0,SGC,,0.0,0.0,6.0,,,,,,,,,,3.16215,Senel et al.: Mw=0.8095 ML+1.3003 (3.3<=ML<=6.6),,extrapolada,principal,,,,
SGC,SGC2017gqbfsv,,2017-02-28T18:26:38+00:00,2.666,-74.992,0.0,2.8,ML,"Rivera - Huila, Colombia",manual,0.6,97.0,19.0,SGC,,0.0,0.0,5.0,,,,,,,,,,3.5669,Senel et al.: Mw=0.8095 ML+1.3003 (3.3<=ML<=6.6),,extrapolada,principal,,,,
SGC,SGC2017jfdtlx,,2017-04-20T11:12:24+00:00,2.653,-75.054,5.0,2.3,ML,"Rivera - Huila, Colombia",manual,0.6,104.0,13.0,SGC,,0.0,0.0,5.0,,,,,,,,,,3.16215,Senel et al.: Mw=0.8095 ML+1.3003 (3.3<=ML<=6.6),,extrapolada,principal,,,,
SGC,SGC2017xgvfeq,,2017-04-24T00:05:47+00:00,2.579,-75.329,14.0,2.2,ML,"Algeciras - Huila, Colombia",manual,0.7,92.0,12.0,SGC,,0.0,0.0,5.0,,,,,,,,,,3.0812,Senel et al.: Mw=0.8095 ML+1.3003 (3.3<=ML<=6.6),,extrapolada,principal,,,,
SGC,SGC2017pemraq,,2017-05-06T12:12:55+00:00,2.657,-75.11,9.0,2.4,ML,"Rivera - Huila, Colombia",manual,0.6,118.0,13.0,SGC,,0.0,0.0,6.0,,,,,,,,,,3.2431,Senel et al.: Mw=0.8095 ML+1.3003 (3.3<=ML<=6.6),,extrapolada,principal,,,,
SGC,SGC2017kasrbr,,2017-05-21T11:43:45+00:00,3.056,-75.129,1.0,2.6,ML,"Tello - Huila, Colombia",manual,0.7,74.0,19.0,SGC,,0.0,0.0,5.0,,,,,,,,,,3.405,Senel et al.: Mw=0.8095 ML+1.3003 (3.3<=ML<=6.6),,extrapolada,principal,,,,
SGC,SGC2017shmhbd,,2017-06-22T21:02:02+00:00,2.547,-75.202,1.0,2.5,ML,"Algeciras - Huila, Colombia",manual,0.7,99.0,16.0,SGC,,0.0,0.0,5.0,,,,,,,,,,3.32405,Senel et al.: Mw=0.8095 ML+1.3003 (3.3<=ML<=6.6),,extrapolada,principal,,,,
SGC,SGC2017efgblc,,2017-06-27T22:06:15+00:00,2.486,-75.38,1.0,2.2,ML,"Algeciras - Huila, Colombia",manual,0.7,65.0,14.0,SGC,,0.0,0.0,6.0,,,,,,,,,,3.0812,Senel et al.: Mw=0.8095 ML+1.3003 (3.3<=ML<=6.6),,extrapolada,principal,,,,
SGC,SGC2017fsrewi,,2017-06-29T09:55:39+00:00,2.62,-75.175,0.0,2.3,ML,"Campoalegre - Huila, Colombia",manual,0.6,127.0,16.0,SGC,,0.0,0.0,5.0,,,,,,,,,,3.16215,Senel et al.: Mw=0.8095 ML+1.3003 (3.3<=ML<=6.6),,extrapolada,principal,,,,
SGC,SGC2017tnsnhm,,2017-08-05T06:13:15+00:00,3.211,-75.462,3.0,3.4,MW,"Planadas - Tolima, Colombia",manual,0.6,69.0,35.0,SGC,,0.0,0.0,3.0,,,,,,,,,,3.4,directa: MW,0.0,directa,principal,,,,
SGC,SGC2017vagife,,2017-10-17T19:46:53+00:00,2.564,-75.399,4.0,2.8,ML,"Hobo - Huila, Colombia",manual,0.6,63.0,23.0,SGC,,0.0,0.0,5.0,,,,,,,,,,3.5669,Senel et al.: Mw=0.8095 ML+1.3003 (3.3<=ML<=6.6),,extrapolada,principal,,,,
SGC,SGC2017jzlrns,,2017-10-25T00:58:04+00:00,2.558,-75.39,7.0,2.2,ML,"Hobo - Huila, Colombia",manual,0.6,90.0,14.0,SGC,,0.0,0.0,6.0,,,,,,,,,,3.0812,Senel et al.: Mw=0.8095 ML+1.3003 (3.3<=ML<=6.6),,extrapolada,principal,,,,
SGC,SGC2017ahncrt,,2017-11-11T09:45:20+00:00,2.73,-75.056,2.0,4.8,MW,"Rivera - Huila, Colombia",manual,0.8,111.0,56.0,SGC,,0.0,0.0,4.0,,,,,,,,,,4.8,directa: MW,0.0,directa,principal,,,,
USGS,us2000bm1j,2017-11-11T14:45:22.240000Z,,2.7641,-74.9148,46.1,4.7,mb,"38 km E of Rivera, Colombia",reviewed,1.15,100.0,,,,,,,us,earthquake,6.7,7.3,0.063,77.0,us,us,0.925,5.015000000000001,Scordilis: Mw=0.85 mb+1.02 (3.5<=mb<=6.2),0.29,dentro_de_rango,principal,,,,
SGC,SGC2017ahdmyq,,2017-11-11T10:04:55+00:00,2.714,-75.017,4.0,2.1,ML,"Rivera - Huila, Colombia",manual,0.6,94.0,14.0,SGC,,0.0,0.0,4.0,,,,,,,,,,3.0002500000000003,Senel et al.: Mw=0.8095 ML+1.3003 (3.3<=ML<=6.6),,extrapolada,principal,,,,
SGC,SGC2017nhxcad,,2017-11-11T14:45:20+00:00,2.73,-75.056,2.0,4.8,MW,"Rivera - Huila, Colombia",manual,0.8,111.0,56.0,RSN,0.0,0.0,0.0,0.0,,,,,,,,,,4.8,directa: MW,0.0,directa,principal,,,,
SGC,SGC2017fhvyyl,,2017-11-12T17:17:52+00:00,2.682,-74.988,5.0,2.4,ML,"Rivera - Huila, Colombia",manual,0.7,109.0,13.0,SGC,,0.0,0.1,7.0,,,,,,,,,,3.2431,Senel et al.: Mw=0.8095 ML+1.3003 (3.3<=ML<=6.6),,extrapolada,principal,,,,
SGC,SGC2017nsdiqe,,2017-11-25T08:16:17+00:00,2.844,-74.913,15.0,2.2,ML,"Tello - Huila, Colombia",manual,0.7,167.0,13.0,SGC,,0.0,0.0,7.0,,,,,,,,,,3.0812,Senel et al.: Mw=0.8095 ML+1.3003 (3.3<=ML<=6.6),,extrapolada,principal,,,,
SGC,SGC2017yidkpg,,2017-11-25T08:48:12+00:00,2.732,-75.078,1.0,2.1,ML,"Rivera - Huila, Colombia",manual,0.8,129.0,19.0,SGC,,0.0,0.0,6.0,,,,,,,,,,3.0002500000000003,Senel et al.: Mw=0.8095 ML+1.3003 (3.3<=ML<=6.6),,extrapolada,principal,,,,
SGC,SGC2017wmbhzt,,2017-12-08T05:26:31+00:00,3.298,-75.377,3.0,2.3,ML,"Aipe - Huila, Colombia",manual,0.8,63.0,24.0,SGC,,0.0,0.0,5.0,,,,,,,,,,3.16215,Senel et al.: Mw=0.8095 ML+1.3003 (3.3<=ML<=6.6),,extrapolada,principal,,,,
SGC,SGC2017srrtpj,,2017-12-27T20:29:09+00:00,2.717,-75.066,2.0,2.1,ML,"Rivera - Huila, Colombia",manual,1.1,104.0,16.0,SGC,,0.0,0.1,8.0,,,,,,,,,,3.0002500000000003,Senel et al.: Mw=0.8095 ML+1.3003 (3.3<=ML<=6.6),,extrapolada,principal,,,,
SGC,SGC2018ifcfip,,2018-01-14T12:26:19+00:00,2.629,-75.206,0.0,2.9,ML,"Campoalegre - Huila, Colombia",manual,1.1,62.0,25.0,SGC,,0.0,0.0,7.0,,,,,,,,,,3.64785,Senel et al.: Mw=0.8095 ML+1.3003 (3.3<=ML<=6.6),,extrapolada,principal,,,,
SGC,SGC2018ljczni,,2018-01-18T14:57:47+00:00,2.712,-75.053,2.0,2.1,ML,"Rivera - Huila, Colombia",manual,0.7,87.0,12.0,SGC,,0.0,0.0,7.0,,,,,,,,,,3.0002500000000003,Senel et al.: Mw=0.8095 ML+1.3003 (3.3<=ML<=6.6),,extrapolada,principal,,,,
SGC,SGC2018nqywpe,,2018-02-07T22:53:48+00:00,2.604,-75.543,13.0,2.2,ML,"Yaguará - Huila, Colombia",manual,0.9,61.0,20.0,SGC,,0.0,0.0,5.0,,,,,,,,,,3.0812,Senel et al.: Mw=0.8095 ML+1.3003 (3.3<=ML<=6.6),,extrapolada,principal,,,,
SGC,SGC2018pmyovw,,2018-02-27T14:16:46+00:00,2.492,-75.273,4.0,2.3,ML,"Algeciras - Huila, Colombia",manual,0.7,99.0,17.0,SGC,,0.0,0.0,5.0,,,,,,,,,,3.16215,Senel et al.: Mw=0.8095 ML+1.3003 (3.3<=ML<=6.6),,extrapolada,principal,,,,
SGC,SGC2018ehsb,,2018-03-02T22:13:27+00:00,2.6501,-75.1051,5.0,2.1,MLr_2,"San Vicente del Caguán - Caquetá, Colombia",manual,0.5,227.0,16.0,SGC,0.3,1.8,1.8,3.0,,,,,,,,,,3.0002500000000003,Senel et al.: Mw=0.8095 ML+1.3003 (3.3<=ML<=6.6),,extrapolada,principal,,,,
SGC,SGC2018eklf,,2018-03-04T10:10:26+00:00,2.6823,-74.9871,6.0,2.4,MLr_2,"San Vicente del Caguán - Caquetá, Colombia",manual,0.5,96.0,34.0,SGC,0.2,0.7,0.7,2.0,,,,,,,,,,3.2431,Senel et al.: Mw=0.8095 ML+1.3003 (3.3<=ML<=6.6),,extrapolada,principal,,,,
SGC,SGC2018gkyl,,2018-04-02T03:54:59+00:00,2.7,-75.0285,4.0,2.2,MLr_2,"San Vicente del Caguán - Caquetá, Colombia",manual,0.3,125.0,24.0,SGC,0.2,0.4,0.4,1.0,,,,,,,,,,3.0812,Senel et al.: Mw=0.8095 ML+1.3003 (3.3<=ML<=6.6),,extrapolada,principal,,,,
SGC,SGC2018ioeb,,2018-05-02T09:14:57+00:00,3.2165,-74.9798,5.0,2.6,MLr_2,"Baraya - Huila, Colombia",manual,1.0,69.0,38.0,SGC,0.3,1.1,1.1,3.0,,,,,,,,,,3.405,Senel et al.: Mw=0.8095 ML+1.3003 (3.3<=ML<=6.6),,extrapolada,principal,,,,
SGC,SGC2018jejk,,2018-05-11T06:07:01+00:00,2.6306,-75.124,4.0,2.2,MLr_2,"San Vicente del Caguán - Caquetá, Colombia",manual,0.8,96.0,23.0,SGC,0.2,0.8,0.8,4.0,,,,,,,,,,3.0812,Senel et al.: Mw=0.8095 ML+1.3003 (3.3<=ML<=6.6),,extrapolada,principal,,,,
SGC,SGC2018kgtk,,2018-05-26T18:58:48+00:00,2.7096,-75.0231,3.0,2.1,MLr_2,"San Vicente del Caguán - Caquetá, Colombia",manual,0.4,107.0,27.0,SGC,0.2,0.6,0.6,1.0,,,,,,,,,,3.0002500000000003,Senel et al.: Mw=0.8095 ML+1.3003 (3.3<=ML<=6.6),,extrapolada,principal,,,,
USGS,us2000fyt3,2018-07-07T00:19:52.490000Z,,2.9425,-75.621,65.81,4.5,mb,"3 km ESE of Santa María, Colombia",reviewed,0.6,85.0,,,,,,,us,earthquake,5.9,10.7,0.127,18.0,us,us,2.292,4.845,Scordilis: Mw=0.85 mb+1.02 (3.5<=mb<=6.2),0.29,dentro_de_rango,principal,,,,
SGC,SGC2018niph,,2018-07-09T11:46:20+00:00,3.0515,-75.0523,2.0,2.2,MLr_2,"Tello - Huila, Colombia",manual,0.6,155.0,23.0,SGC,0.2,1.2,1.2,2.0,,,,,,,,,,3.0812,Senel et al.: Mw=0.8095 ML+1.3003 (3.3<=ML<=6.6),,extrapolada,principal,,,,
SGC,SGC2018ntxe,,2018-07-15T16:15:54+00:00,2.7036,-75.3881,0.0,2.5,MLr_2,"Campoalegre - Huila, Colombia",manual,0.8,141.0,21.0,SGC,0.2,1.3,1.3,3.0,,,,,,,,,,3.32405,Senel et al.: Mw=0.8095 ML+1.3003 (3.3<=ML<=6.6),,extrapolada,principal,,,,
SGC,SGC2018pejl,,2018-08-04T15:21:36+00:00,2.6931,-75.126,1.0,2.5,MLr_2,"San Vicente del Caguán - Caquetá, Colombia",manual,0.8,112.0,33.0,SGC,0.2,1.2,1.2,2.0,,,,,,,,,,3.32405,Senel et al.: Mw=0.8095 ML+1.3003 (3.3<=ML<=6.6),,extrapolada,principal,,,,
SGC,SGC2018tfbt,,2018-09-30T22:44:51+00:00,2.5256,-75.4118,0.0,2.1,MLr_2,"Hobo - Huila, Colombia",manual,0.8,90.0,32.0,SGC,0.3,1.1,1.1,2.0,,,,,,,,,,3.0002500000000003,Senel et al.: Mw=0.8095 ML+1.3003 (3.3<=ML<=6.6),,extrapolada,principal,,,,
SGC,SGC2018vtmn,,2018-11-06T07:09:38+00:00,2.6626,-75.0066,3.0,2.3,MLr_2,"San Vicente del Caguán - Caquetá, Colombia",manual,0.7,112.0,30.0,SGC,0.3,0.9,0.9,2.0,,,,,,,,,,3.16215,Senel et al.: Mw=0.8095 ML+1.3003 (3.3<=ML<=6.6),,extrapolada,principal,,,,
SGC,SGC2018yeyhn,,2018-12-10T22:54:17+00:00,2.7055,-75.0436,4.0,2.7,MLr_2,"San Vicente del Caguán - Caquetá, Colombia",manual,0.8,94.0,50.0,SGC,0.4,0.8,0.8,2.0,,,,,,,,,,3.4859500000000003,Senel et al.: Mw=0.8095 ML+1.3003 (3.3<=ML<=6.6),,extrapolada,principal,,,,
SGC,SGC2019bioxr,,2019-01-19T17:03:36+00:00,2.7406,-75.0183,3.0,3.9,Mw,"San Vicente del Caguán - Caquetá, Colombia",manual,1.2,92.0,65.0,SGC,,1.2,1.2,3.0,,,,,,,,,,3.9,directa: Mw,0.0,directa,principal,,,,
USGS,us2000j9um,2019-01-28T21:07:09.960000Z,,3.0835,-75.6461,13.06,5.5,mww,"12 km S of Planadas, Colombia",reviewed,1.13,73.0,,,,,,,us,earthquake,5.3,3.4,0.05,39.0,us,us,1.49,5.5,directa: mww,0.0,directa,principal,,,,
USGS,us2000j9z4,2019-01-29T06:10:56.080000Z,,2.8793,-75.5748,27.74,4.3,mb,"11 km SE of Santa María, Colombia",reviewed,0.95,94.0,,,,,,,us,earthquake,7.6,7.6,0.137,15.0,us,us,1.29,4.675,Scordilis: Mw=0.85 mb+1.02 (3.5<=mb<=6.2),0.29,dentro_de_rango,principal,,,,
SGC,SGC2019cfzvm,,2019-02-01T12:38:11+00:00,2.6435,-75.6213,0.0,2.8,MLr_2,"Íquira - Huila, Colombia",manual,1.9,56.0,55.0,SGC,0.2,1.8,1.8,4.0,,,,,,,,,,3.5669,Senel et al.: Mw=0.8095 ML+1.3003 (3.3<=ML<=6.6),,extrapolada,principal,,,,
SGC,SGC2019ndpyx,,2019-07-06T17:28:28+00:00,2.561,-75.3286,3.0,2.1,MLr_2,"Campoalegre - Huila, Colombia",manual,0.6,144.0,28.0,SGC,0.1,0.8,0.8,2.0,,,,,,,,,,3.0002500000000003,Senel et al.: Mw=0.8095 ML+1.3003 (3.3<=ML<=6.6),,extrapolada,principal,,,,
SGC,SGC2019usixxj,,2019-10-21T01:36:53+00:00,2.4901,-75.2593,4.0,2.6,MLr_2,"Algeciras - Huila, Colombia",manual,0.7,100.0,36.0,SGC,0.4,0.7,0.7,2.0,,,,,,,,,,3.405,Senel et al.: Mw=0.8095 ML+1.3003 (3.3<=ML<=6.6),,extrapolada,principal,,,,
SGC,SGC2019vmivry,,2019-10-31T23:03:51+00:00,2.9848,-75.005,4.0,2.1,MLr_2,"Tello - Huila, Colombia",manual,0.7,79.0,39.0,SGC,0.3,0.8,0.8,2.0,,,,,,,,,,3.0002500000000003,Senel et al.: Mw=0.8095 ML+1.3003 (3.3<=ML<=6.6),,extrapolada,principal,,,,
SGC,SGC2019vnixdd,,2019-11-01T12:09:54+00:00,2.5201,-75.3476,4.0,2.5,MLr_2,"Algeciras - Huila, Colombia",manual,0.6,94.0,42.0,SGC,0.3,0.6,0.6,2.0,,,,,,,,,,3.32405,Senel et al.: Mw=0.8095 ML+1.3003 (3.3<=ML<=6.6),,extrapolada,principal,,,,
SGC,SGC2019woqfpb,,2019-11-16T08:51:51+00:00,2.4965,-75.353,15.0,2.2,MLr_2,"Algeciras - Huila, Colombia",manual,0.6,95.0,33.0,SGC,0.3,0.9,0.9,2.0,,,,,,,,,,3.0812,Senel et al.: Mw=0.8095 ML+1.3003 (3.3<=ML<=6.6),,extrapolada,principal,,,,
SGC,SGC2019ylizqj,,2019-12-12T21:53:02+00:00,2.8065,-74.8616,3.0,2.1,MLr_2,"San Vicente del Caguán - Caquetá, Colombia",manual,0.6,90.0,38.0,SGC,0.3,0.6,0.6,2.0,,,,,,,,,,3.0002500000000003,Senel et al.: Mw=0.8095 ML+1.3003 (3.3<=ML<=6.6),,extrapolada,principal,,,,
SGC,SGC2020ayivjt,,2020-01-14T01:13:31+00:00,2.5806,-75.1385,5.0,2.2,MLr_2,"Puerto Rico - Caquetá, Colombia",manual,0.6,99.0,41.0,SGC,0.2,0.7,0.7,3.0,,,,,,,,,,3.0812,Senel et al.: Mw=0.8095 ML+1.3003 (3.3<=ML<=6.6),,extrapolada,principal,,,,
SGC,SGC2020begkyr,,2020-01-17T06:27:59+00:00,2.737,-75.0056,4.0,2.4,MLr_2,"San Vicente del Caguán - Caquetá, Colombia",manual,0.5,92.0,32.0,SGC,0.2,0.6,0.6,1.0,,,,,,,,,,3.2431,Senel et al.: Mw=0.8095 ML+1.3003 (3.3<=ML<=6.6),,extrapolada,principal,,,,
SGC,SGC2020cqoxnm,,2020-02-07T03:34:03+00:00,2.603,-75.1553,4.0,2.1,MLr_2,"Algeciras - Huila, Colombia",manual,0.5,97.0,34.0,SGC,0.2,0.6,0.6,3.0,,,,,,,,,,3.0002500000000003,Senel et al.: Mw=0.8095 ML+1.3003 (3.3<=ML<=6.6),,extrapolada,principal,,,,
SGC,SGC2020csctxj,,2020-02-07T23:36:43+00:00,2.6626,-75.0513,4.0,2.6,MLr_2,"San Vicente del Caguán - Caquetá, Colombia",manual,0.5,96.0,42.0,SGC,0.3,0.5,0.5,1.0,,,,,,,,,,3.405,Senel et al.: Mw=0.8095 ML+1.3003 (3.3<=ML<=6.6),,extrapolada,principal,,,,
SGC,SGC2020dodzzo,,2020-02-19T23:53:03+00:00,2.708,-75.0258,4.0,2.2,MLr_2,"San Vicente del Caguán - Caquetá, Colombia",manual,0.6,65.0,53.0,SGC,0.2,0.6,0.6,2.0,,,,,,,,,,3.0812,Senel et al.: Mw=0.8095 ML+1.3003 (3.3<=ML<=6.6),,extrapolada,principal,,,,
SGC,SGC2020eeqarh,,2020-02-28T23:06:52+00:00,2.7006,-75.0275,4.0,2.6,MLr_2,"San Vicente del Caguán - Caquetá, Colombia",manual,0.8,94.0,56.0,SGC,0.4,0.7,0.7,2.0,,,,,,,,,,3.405,Senel et al.: Mw=0.8095 ML+1.3003 (3.3<=ML<=6.6),,extrapolada,principal,,,,
SGC,SGC2020gzhmyw,,2020-04-08T13:16:18+00:00,2.6416,-75.0823,3.0,2.2,MLr_2,"San Vicente del Caguán - Caquetá, Colombia",manual,0.7,97.0,45.0,SGC,0.3,0.7,0.7,2.0,,,,,,,,,,3.0812,Senel et al.: Mw=0.8095 ML+1.3003 (3.3<=ML<=6.6),,extrapolada,principal,,,,
SGC,SGC2020lggxke,,2020-06-08T00:15:00+00:00,2.7055,-75.03,5.0,2.1,MLr_2,"San Vicente del Caguán - Caquetá, Colombia",manual,0.5,94.0,43.0,SGC,0.2,0.6,0.6,2.0,,,,,,,,,,3.0002500000000003,Senel et al.: Mw=0.8095 ML+1.3003 (3.3<=ML<=6.6),,extrapolada,principal,,,,
SGC,SGC2020lnhtxr,,2020-06-11T20:12:28+00:00,2.7341,-74.993,3.0,2.1,MLr_2,"San Vicente del Caguán - Caquetá, Colombia",manual,0.9,106.0,33.0,SGC,0.3,1.3,1.3,3.0,,,,,,,,,,3.0002500000000003,Senel et al.: Mw=0.8095 ML+1.3003 (3.3<=ML<=6.6),,extrapolada,principal,,,,
SGC,SGC2020ntqwzr,,2020-07-13T15:07:11+00:00,2.7136,-75.0225,4.0,2.4,MLr_2,"San Vicente del Caguán - Caquetá, Colombia",manual,0.7,106.0,48.0,SGC,0.3,0.8,0.8,2.0,,,,,,,,,,3.2431,Senel et al.: Mw=0.8095 ML+1.3003 (3.3<=ML<=6.6),,extrapolada,principal,,,,
SGC,SGC2020qfinuu,,2020-08-17T07:41:32+00:00,2.6333,-75.127,4.0,2.3,MLr_2,"San Vicente del Caguán - Caquetá, Colombia",manual,0.4,109.0,41.0,SGC,0.2,0.4,0.4,1.0,,,,,,,,,,3.16215,Senel et al.: Mw=0.8095 ML+1.3003 (3.3<=ML<=6.6),,extrapolada,principal,,,,
SGC,SGC2020qxdzfg,,2020-08-27T00:44:29+00:00,2.6768,-75.048,7.0,3.9,MLr_2,"San Vicente del Caguán - Caquetá, Colombia",manual,0.7,173.0,38.0,SGC,0.2,1.1,1.1,3.0,,,,,,,,,,4.45735,Senel et al.: Mw=0.8095 ML+1.3003 (3.3<=ML<=6.6),,dentro_de_rango,principal,,,,
SGC,SGC2020tkqjqk,,2020-10-01T16:49:33+00:00,2.6229,-75.1979,28.0,2.6,MLr_2,"Algeciras - Huila, Colombia",manual,1.0,105.0,15.0,SGC,0.4,3.3,2.7,5.0,,,,,,,,,,3.405,Senel et al.: Mw=0.8095 ML+1.3003 (3.3<=ML<=6.6),,extrapolada,principal,,,,
SGC,SGC2020wgdwmk,,2020-11-10T18:03:24+00:00,2.7075,-75.0724,29.0,3.4,MLr_2,"San Vicente del Caguán - Caquetá, Colombia",manual,1.0,106.0,42.0,SGC,0.2,2.8,2.1,4.0,,,,,,,,,,4.0526,Senel et al.: Mw=0.8095 ML+1.3003 (3.3<=ML<=6.6),,dentro_de_rango,principal,,,,
SGC,SGC2020wynyxh,,2020-11-20T18:28:26+00:00,2.5551,-75.4298,27.0,2.3,MLr_2,"Hobo - Huila, Colombia",manual,0.8,85.0,17.0,SGC,0.2,3.0,2.3,4.0,,,,,,,,,,3.16215,Senel et al.: Mw=0.8095 ML+1.3003 (3.3<=ML<=6.6),,extrapolada,principal,,,,
SGC,SGC2020xhxozr,,2020-11-25T20:59:00+00:00,2.7165,-75.6787,21.0,2.5,MLr_2,"Íquira - Huila, Colombia",manual,0.9,67.0,23.0,SGC,0.2,2.2,1.5,4.0,,,,,,,,,,3.32405,Senel et al.: Mw=0.8095 ML+1.3003 (3.3<=ML<=6.6),,extrapolada,principal,,,,
SGC,SGC2020yadiwz,,2020-12-05T19:13:30+00:00,2.7202,-75.0341,24.0,2.3,MLr_2,"San Vicente del Caguán - Caquetá, Colombia",manual,1.0,93.0,25.0,SGC,0.3,3.0,2.2,4.0,,,,,,,,,,3.16215,Senel et al.: Mw=0.8095 ML+1.3003 (3.3<=ML<=6.6),,extrapolada,principal,,,,
SGC,SGC2020ylmhno,,2020-12-11T23:32:37+00:00,2.8674,-74.8609,28.0,2.1,MLr_2,"San Vicente del Caguán - Caquetá, Colombia",manual,1.0,86.0,20.0,SGC,0.2,3.0,2.9,6.0,,,,,,,,,,3.0002500000000003,Senel et al.: Mw=0.8095 ML+1.3003 (3.3<=ML<=6.6),,extrapolada,principal,,,,
SGC,SGC2020zhnoek,,2020-12-23T23:49:02+00:00,2.6366,-75.0781,4.0,2.6,MLr_2,"San Vicente del Caguán - Caquetá, Colombia",manual,0.4,97.0,38.0,SGC,0.2,0.5,0.5,2.0,,,,,,,,,,3.405,Senel et al.: Mw=0.8095 ML+1.3003 (3.3<=ML<=6.6),,extrapolada,principal,,,,
SGC,SGC2020zvmdkz,,2020-12-31T14:09:03+00:00,2.7139,-74.9788,32.0,3.3,MLr_2,"San Vicente del Caguán - Caquetá, Colombia",manual,0.8,94.0,37.0,SGC,0.3,2.6,2.2,4.0,,,,,,,,,,3.97165,Senel et al.: Mw=0.8095 ML+1.3003 (3.3<=ML<=6.6),,dentro_de_rango,principal,,,,
SGC,SGC2021bqadtv,,2021-01-23T16:12:17+00:00,3.087,-74.8873,30.0,5.0,MLr_2,"Baraya - Huila, Colombia",manual,1.0,75.0,61.0,SGC,0.2,2.1,2.0,4.0,,,,,,,,,,5.3478,Senel et al.: Mw=0.8095 ML+1.3003 (3.3<=ML<=6.6),,dentro_de_rango,principal,,,,
SGC,SGC2021browww,,2021-01-24T12:41:22+00:00,3.0843,-74.9006,26.0,2.2,MLr_2,"Baraya - Huila, Colombia",manual,1.0,75.0,23.0,SGC,0.2,2.4,2.6,5.0,,,,,,,,,,3.0812,Senel et al.: Mw=0.8095 ML+1.3003 (3.3<=ML<=6.6),,extrapolada,principal,,,,
SGC,SGC2021bwiwhk,,2021-01-27T03:02:02+00:00,2.6462,-75.1,33.0,2.3,MLr_2,"San Vicente del Caguán - Caquetá, Colombia",manual,0.8,96.0,10.0,SGC,0.1,3.0,3.4,9.0,,,,,,,,,,3.16215,Senel et al.: Mw=0.8095 ML+1.3003 (3.3<=ML<=6.6),,extrapolada,principal,,,,
SGC,SGC2021gqcxqs,,2021-04-04T13:17:32+00:00,2.6382,-75.6316,22.0,2.2,MLr_2,"Íquira - Huila, Colombia",manual,1.0,67.0,20.0,SGC,0.1,2.4,1.9,4.0,,,,,,,,,,3.0812,Senel et al.: Mw=0.8095 ML+1.3003 (3.3<=ML<=6.6),,extrapolada,principal,,,,
SGC,SGC2021hqxhdt,,2021-04-19T03:28:22+00:00,2.8674,-74.9503,32.0,2.1,MLr_2,"San Vicente del Caguán - Caquetá, Colombia",manual,1.0,85.0,20.0,SGC,0.2,2.6,2.7,5.0,,,,,,,,,,3.0002500000000003,Senel et al.: Mw=0.8095 ML+1.3003 (3.3<=ML<=6.6),,extrapolada,principal,,,,
SGC,SGC2021htspiq,,2021-04-20T16:20:21+00:00,2.7202,-75.0682,30.0,2.7,MLr_2,"San Vicente del Caguán - Caquetá, Colombia",manual,1.0,92.0,22.0,SGC,0.2,3.0,2.4,5.0,,,,,,,,,,3.4859500000000003,Senel et al.: Mw=0.8095 ML+1.3003 (3.3<=ML<=6.6),,extrapolada,principal,,,,
SGC,SGC2021jlscjo,,2021-05-14T15:23:45+00:00,2.6806,-75.2706,11.0,2.2,MLr_2,"Campoalegre - Huila, Colombia",manual,0.7,89.0,31.0,SGC,0.3,1.1,1.1,2.0,,,,,,,,,,3.0812,Senel et al.: Mw=0.8095 ML+1.3003 (3.3<=ML<=6.6),,extrapolada,principal,,,,
SGC,SGC2021kcqbbr,,2021-05-23T20:36:33+00:00,2.6726,-75.0862,28.0,2.4,MLr_2,"San Vicente del Caguán - Caquetá, Colombia",manual,1.1,94.0,22.0,SGC,0.2,3.1,2.7,5.0,,,,,,,,,,3.2431,Senel et al.: Mw=0.8095 ML+1.3003 (3.3<=ML<=6.6),,extrapolada,principal,,,,
SGC,SGC2021mtmugz,,2021-06-30T09:06:56+00:00,2.7478,-75.0448,35.0,2.1,MLr_2,"San Vicente del Caguán - Caquetá, Colombia",manual,0.8,58.0,17.0,SGC,0.3,3.5,2.4,5.0,,,,,,,,,,3.0002500000000003,Senel et al.: Mw=0.8095 ML+1.3003 (3.3<=ML<=6.6),,extrapolada,principal,,,,
SGC,SGC2021oiexpq,,2021-07-22T13:12:53+00:00,2.7541,-75.0534,29.0,2.1,MLr_2,"San Vicente del Caguán - Caquetá, Colombia",manual,1.1,90.0,18.0,SGC,0.2,4.9,3.9,6.0,,,,,,,,,,3.0002500000000003,Senel et al.: Mw=0.8095 ML+1.3003 (3.3<=ML<=6.6),,extrapolada,principal,,,,
SGC,SGC2021oojygp,,2021-07-25T22:11:25+00:00,2.7033,-75.2002,32.0,3.6,MLr_2,"Rivera - Huila, Colombia",manual,1.1,59.0,52.0,SGC,0.3,2.9,2.2,3.0,,,,,,,,,,4.2145,Senel et al.: Mw=0.8095 ML+1.3003 (3.3<=ML<=6.6),,dentro_de_rango,principal,,,,
SGC,SGC2021qcojux,,2021-08-16T19:24:31+00:00,2.8684,-74.8939,23.0,2.4,MLr_2,"San Vicente del Caguán - Caquetá, Colombia",manual,1.1,86.0,28.0,SGC,0.3,2.7,2.3,5.0,,,,,,,,,,3.2431,Senel et al.: Mw=0.8095 ML+1.3003 (3.3<=ML<=6.6),,extrapolada,principal,,,,
SGC,SGC2021qltjfl,,2021-08-21T19:35:00+00:00,2.7689,-75.0725,16.0,2.9,MLr_2,"Rivera - Huila, Colombia",manual,1.1,62.0,31.0,SGC,0.2,3.6,2.7,5.0,,,,,,,,,,3.64785,Senel et al.: Mw=0.8095 ML+1.3003 (3.3<=ML<=6.6),,extrapolada,principal,,,,
SGC,SGC2021twbjrq,,2021-10-08T22:10:44+00:00,2.898,-74.845,33.0,2.1,MLr_2,"San Vicente del Caguán - Caquetá, Colombia",manual,1.0,74.0,19.0,SGC,0.2,2.8,2.6,5.0,,,,,,,,,,3.0002500000000003,Senel et al.: Mw=0.8095 ML+1.3003 (3.3<=ML<=6.6),,extrapolada,principal,,,,
SGC,SGC2021udsloi,,2021-10-13T02:17:09+00:00,2.4895,-75.3679,37.0,2.1,MLr_2,"Algeciras - Huila, Colombia",manual,1.1,63.0,24.0,SGC,0.2,2.8,2.6,4.0,,,,,,,,,,3.0002500000000003,Senel et al.: Mw=0.8095 ML+1.3003 (3.3<=ML<=6.6),,extrapolada,principal,,,,
SGC,SGC2021vrtncg,,2021-11-03T21:48:09+00:00,2.652,-75.0931,28.0,3.1,MLr_2,"San Vicente del Caguán - Caquetá, Colombia",manual,1.1,96.0,34.0,SGC,0.3,2.4,2.0,3.0,,,,,,,,,,3.80975,Senel et al.: Mw=0.8095 ML+1.3003 (3.3<=ML<=6.6),,extrapolada,principal,,,,
SGC,SGC2021wicqth,,2021-11-12T19:35:23+00:00,2.7372,-75.0533,19.0,2.3,MLr_2,"San Vicente del Caguán - Caquetá, Colombia",manual,1.1,91.0,26.0,SGC,0.2,3.1,2.3,5.0,,,,,,,,,,3.16215,Senel et al.: Mw=0.8095 ML+1.3003 (3.3<=ML<=6.6),,extrapolada,principal,,,,
SGC,SGC2021wzuofe,,2021-11-22T10:51:46+00:00,2.8843,-74.8524,35.0,2.4,MLr_2,"San Vicente del Caguán - Caquetá, Colombia",manual,1.0,52.0,25.0,SGC,0.3,2.5,2.5,5.0,,,,,,,,,,3.2431,Senel et al.: Mw=0.8095 ML+1.3003 (3.3<=ML<=6.6),,extrapolada,principal,,,,
SGC,SGC2021zbnrqm,,2021-12-21T17:26:15+00:00,2.8478,-74.9036,4.0,3.6,MLr_2,"San Vicente del Caguán - Caquetá, Colombia",manual,1.1,54.0,70.0,SGC,0.2,1.1,1.1,2.0,,,,,,,,,,4.2145,Senel et al.: Mw=0.8095 ML+1.3003 (3.3<=ML<=6.6),,dentro_de_rango,principal,,,,
SGC,SGC2021zgrruv,,2021-12-24T12:49:28+00:00,2.5001,-75.3807,32.0,2.3,MLr_3,"Algeciras - Huila, Colombia",manual,0.9,94.0,18.0,SGC,0.1,2.3,2.5,5.0,,,,,,,,,,3.16215,Senel et al.: Mw=0.8095 ML+1.3003 (3.3<=ML<=6.6),,extrapolada,principal,,,,
SGC,SGC2021ztfceg,,2021-12-31T08:27:27+00:00,2.7075,-74.9873,31.0,2.6,MLr_2,"San Vicente del Caguán - Caquetá, Colombia",manual,1.0,94.0,19.0,SGC,0.3,3.1,2.6,5.0,,,,,,,,,,3.405,Senel et al.: Mw=0.8095 ML+1.3003 (3.3<=ML<=6.6),,extrapolada,principal,,,,
SGC,SGC2022aspwub,,2022-01-10T22:19:33+00:00,2.87,-74.8508,34.0,3.2,MLr_2,"San Vicente del Caguán - Caquetá, Colombia",manual,1.0,53.0,43.0,SGC,0.2,2.3,2.1,4.0,,,,,,,,,,3.8907,Senel et al.: Mw=0.8095 ML+1.3003 (3.3<=ML<=6.6),,extrapolada,principal,,,,
SGC,SGC2022aysrpe,,2022-01-14T06:10:55+00:00,2.6906,-75.0724,33.0,2.3,MLr_3,"San Vicente del Caguán - Caquetá, Colombia",manual,0.9,94.0,22.0,SGC,0.2,2.8,2.2,4.0,,,,,,,,,,3.16215,Senel et al.: Mw=0.8095 ML+1.3003 (3.3<=ML<=6.6),,extrapolada,principal,,,,
SGC,SGC2022dsjobw,,2022-02-22T06:57:38+00:00,2.4925,-75.3596,3.0,2.4,MLr_2,"Algeciras - Huila, Colombia",manual,0.6,101.0,38.0,SGC,0.3,0.7,0.7,2.0,,,,,,,,,,3.2431,Senel et al.: Mw=0.8095 ML+1.3003 (3.3<=ML<=6.6),,extrapolada,principal,,,,
SGC,SGC2022felvll,,2022-03-15T00:56:28+00:00,2.579,-75.3303,33.0,2.3,MLr_2,"Campoalegre - Huila, Colombia",manual,0.8,92.0,23.0,SGC,0.3,2.2,2.2,3.0,,,,,,,,,,3.16215,Senel et al.: Mw=0.8095 ML+1.3003 (3.3<=ML<=6.6),,extrapolada,principal,,,,
SGC,SGC2022ffjcng,,2022-03-15T12:38:38+00:00,2.7229,-75.5382,20.0,2.3,MLr_2,"Yaguará - Huila, Colombia",manual,0.9,55.0,24.0,SGC,0.4,1.8,1.6,3.0,,,,,,,,,,3.16215,Senel et al.: Mw=0.8095 ML+1.3003 (3.3<=ML<=6.6),,extrapolada,principal,,,,
SGC,SGC2022fhdkfq,,2022-03-16T11:55:30+00:00,2.5497,-75.3579,1.0,2.1,MLr_2,"Campoalegre - Huila, Colombia",manual,0.6,92.0,16.0,SGC,0.2,0.7,0.7,3.0,,,,,,,,,,3.0002500000000003,Senel et al.: Mw=0.8095 ML+1.3003 (3.3<=ML<=6.6),,extrapolada,principal,,,,
SGC,SGC2022gszznl,,2022-04-06T03:02:39+00:00,2.6795,-75.1368,30.0,2.2,MLr_2,"San Vicente del Caguán - Caquetá, Colombia",manual,0.9,93.0,27.0,SGC,0.2,2.2,2.1,3.0,,,,,,,,,,3.0812,Senel et al.: Mw=0.8095 ML+1.3003 (3.3<=ML<=6.6),,extrapolada,principal,,,,
SGC,SGC2022kaxfqw,,2022-05-22T22:04:09+00:00,2.9536,-74.8552,30.0,2.7,MLr_2,"Uribe - Meta, Colombia",manual,1.0,81.0,35.0,SGC,0.2,2.4,2.0,4.0,,,,,,,,,,3.4859500000000003,Senel et al.: Mw=0.8095 ML+1.3003 (3.3<=ML<=6.6),,extrapolada,principal,,,,
SGC,SGC2022kxrdfy,,2022-06-04T07:43:13+00:00,3.169,-74.9114,27.0,2.1,MLr_2,"Baraya - Huila, Colombia",manual,1.0,71.0,19.0,SGC,0.2,2.3,2.5,6.0,,,,,,,,,,3.0002500000000003,Senel et al.: Mw=0.8095 ML+1.3003 (3.3<=ML<=6.6),,extrapolada,principal,,,,
SGC,SGC2022lrwsii,,2022-06-15T08:01:06+00:00,2.8726,-74.8832,29.0,2.3,MLr_2,"San Vicente del Caguán - Caquetá, Colombia",manual,1.0,86.0,23.0,SGC,0.2,2.7,2.4,5.0,,,,,,,,,,3.16215,Senel et al.: Mw=0.8095 ML+1.3003 (3.3<=ML<=6.6),,extrapolada,principal,,,,
SGC,SGC2022nbbkah,,2022-07-04T11:59:00+00:00,2.9713,-74.9545,3.0,2.8,MLr_2,"Tello - Huila, Colombia",manual,1.2,50.0,77.0,SGC,0.3,1.1,1.1,2.0,,,,,,,,,,3.5669,Senel et al.: Mw=0.8095 ML+1.3003 (3.3<=ML<=6.6),,extrapolada,principal,,,,
SGC,SGC2022qakiky,,2022-08-15T15:13:15+00:00,2.5165,-75.4388,33.0,2.4,MLr_2,"Hobo - Huila, Colombia",manual,0.8,86.0,18.0,SGC,0.1,2.2,2.3,4.0,,,,,,,,,,3.2431,Senel et al.: Mw=0.8095 ML+1.3003 (3.3<=ML<=6.6),,extrapolada,principal,,,,
SGC,SGC2022sobvde,,2022-09-20T09:51:51+00:00,2.7605,-75.0534,31.0,2.2,MLr_2,"San Vicente del Caguán - Caquetá, Colombia",manual,0.9,90.0,23.0,SGC,0.2,2.7,2.3,4.0,,,,,,,,,,3.0812,Senel et al.: Mw=0.8095 ML+1.3003 (3.3<=ML<=6.6),,extrapolada,principal,,,,
SGC,SGC2022uxejqa,,2022-10-23T16:42:01+00:00,2.8726,-74.8556,33.0,2.1,MLr_2,"San Vicente del Caguán - Caquetá, Colombia",manual,0.8,86.0,18.0,SGC,0.2,2.7,2.5,5.0,,,,,,,,,,3.0002500000000003,Senel et al.: Mw=0.8095 ML+1.3003 (3.3<=ML<=6.6),,extrapolada,principal,,,,
SGC,SGC2022wykmqj,,2022-11-21T16:43:45+00:00,2.7176,-75.1507,32.0,2.3,MLr_2,"Rivera - Huila, Colombia",manual,0.9,90.0,24.0,SGC,0.2,2.5,2.1,4.0,,,,,,,,,,3.16215,Senel et al.: Mw=0.8095 ML+1.3003 (3.3<=ML<=6.6),,extrapolada,principal,,,,
SGC,SGC2022xweyqo,,2022-12-04T15:44:03+00:00,2.7033,-75.0213,39.0,2.3,MLr_2,"San Vicente del Caguán - Caquetá, Colombia",manual,0.9,94.0,28.0,SGC,0.2,2.7,2.2,4.0,,,,,,,,,,3.16215,Senel et al.: Mw=0.8095 ML+1.3003 (3.3<=ML<=6.6),,extrapolada,principal,,,,
SGC,SGC2022zhwrlb,,2022-12-25T04:24:23+00:00,3.2436,-75.2284,19.0,2.3,MLr_2,"Villavieja - Huila, Colombia",manual,1.1,66.0,39.0,SGC,0.3,1.6,1.6,4.0,,,,,,,,,,3.16215,Senel et al.: Mw=0.8095 ML+1.3003 (3.3<=ML<=6.6),,extrapolada,principal,,,,
SGC,SGC2022zijqun,,2022-12-25T10:55:54+00:00,3.2181,-75.2096,4.0,3.1,MLr_2,"Villavieja - Huila, Colombia",manual,0.6,67.0,93.0,SGC,0.3,0.5,0.5,1.0,,,,,,,,,,3.80975,Senel et al.: Mw=0.8095 ML+1.3003 (3.3<=ML<=6.6),,extrapolada,principal,,,,
SGC,SGC2023axlrla,,2023-01-13T13:35:02+00:00,2.7451,-75.0677,32.0,2.3,MLr_2,"San Vicente del Caguán - Caquetá, Colombia",manual,0.9,58.0,26.0,SGC,0.2,2.5,1.9,4.0,,,,,,,,,,3.16215,Senel et al.: Mw=0.8095 ML+1.3003 (3.3<=ML<=6.6),,extrapolada,principal,,,,
SGC,SGC2023bootht,,2023-01-22T21:23:49+00:00,2.697,-75.0788,32.0,2.3,MLr_2,"San Vicente del Caguán - Caquetá, Colombia",manual,0.9,105.0,22.0,SGC,0.2,3.1,2.0,4.0,,,,,,,,,,3.16215,Senel et al.: Mw=0.8095 ML+1.3003 (3.3<=ML<=6.6),,extrapolada,principal,,,,
SGC,SGC2023cnkrje,,2023-02-05T10:12:45+00:00,2.7435,-75.0619,31.0,2.2,MLr_2,"San Vicente del Caguán - Caquetá, Colombia",manual,0.9,102.0,20.0,SGC,0.2,2.9,2.1,5.0,,,,,,,,,,3.0812,Senel et al.: Mw=0.8095 ML+1.3003 (3.3<=ML<=6.6),,extrapolada,principal,,,,
SGC,SGC2023edsddn,,2023-02-28T11:05:36+00:00,2.7472,-75.0635,30.0,2.5,MLr_2,"San Vicente del Caguán - Caquetá, Colombia",manual,0.9,58.0,32.0,SGC,0.2,2.5,2.0,3.0,,,,,,,,,,3.32405,Senel et al.: Mw=0.8095 ML+1.3003 (3.3<=ML<=6.6),,extrapolada,principal,,,,
SGC,SGC2023fflyvq,,2023-03-15T14:04:53+00:00,2.843,-74.9449,31.0,2.2,MLr_2,"San Vicente del Caguán - Caquetá, Colombia",manual,1.0,97.0,20.0,SGC,0.1,3.1,2.1,5.0,,,,,,,,,,3.0812,Senel et al.: Mw=0.8095 ML+1.3003 (3.3<=ML<=6.6),,extrapolada,principal,,,,
SGC,SGC2023ggiquc,,2023-03-30T05:25:50+00:00,2.8351,-74.9497,35.0,2.3,MLr_2,"San Vicente del Caguán - Caquetá, Colombia",manual,0.9,98.0,28.0,SGC,0.2,2.6,2.0,4.0,,,,,,,,,,3.16215,Senel et al.: Mw=0.8095 ML+1.3003 (3.3<=ML<=6.6),,extrapolada,principal,,,,
SGC,SGC2023gjmvfj,,2023-03-31T22:45:08+00:00,2.706,-75.0751,29.0,2.1,MLr_2,"San Vicente del Caguán - Caquetá, Colombia",manual,1.0,104.0,26.0,SGC,0.2,2.5,1.9,4.0,,,,,,,,,,3.0002500000000003,Senel et al.: Mw=0.8095 ML+1.3003 (3.3<=ML<=6.6),,extrapolada,principal,,,,
SGC,SGC2023iytazx,,2023-05-07T13:52:43+00:00,2.8721,-74.8582,43.0,2.3,MLr_2,"San Vicente del Caguán - Caquetá, Colombia",manual,0.9,86.0,34.0,SGC,0.2,2.3,2.0,3.0,,,,,,,,,,3.16215,Senel et al.: Mw=0.8095 ML+1.3003 (3.3<=ML<=6.6),,extrapolada,principal,,,,
SGC,SGC2023lchvew,,2023-06-06T20:24:43+00:00,2.7462,-75.1007,33.0,2.7,MLr_2,"Rivera - Huila, Colombia",manual,1.0,99.0,42.0,SGC,0.2,2.1,2.0,3.0,,,,,,,,,,3.4859500000000003,Senel et al.: Mw=0.8095 ML+1.3003 (3.3<=ML<=6.6),,extrapolada,principal,,,,
SGC,SGC2023liliix,,2023-06-10T04:37:22+00:00,3.0679,-75.0396,26.0,2.5,MLr_2,"Tello - Huila, Colombia",manual,1.0,127.0,37.0,SGC,0.3,2.0,1.9,3.0,,,,,,,,,,3.32405,Senel et al.: Mw=0.8095 ML+1.3003 (3.3<=ML<=6.6),,extrapolada,principal,,,,
SGC,SGC2023ltyvyn,,2023-06-16T11:14:36+00:00,2.5483,-75.458,32.0,3.1,MLr_2,"Hobo - Huila, Colombia",manual,1.0,102.0,35.0,SGC,0.3,2.0,2.0,3.0,,,,,,,,,,3.80975,Senel et al.: Mw=0.8095 ML+1.3003 (3.3<=ML<=6.6),,extrapolada,principal,,,,
SGC,SGC2023meljez,,2023-06-22T04:16:49+00:00,2.7504,-75.0677,33.0,3.4,MLr_2,"Rivera - Huila, Colombia",manual,1.0,132.0,58.0,SGC,0.3,2.1,2.0,3.0,,,,,,,,,,4.0526,Senel et al.: Mw=0.8095 ML+1.3003 (3.3<=ML<=6.6),,dentro_de_rango,principal,,,,
SGC,SGC2023nvtynl,,2023-07-15T18:48:22+00:00,2.5049,-75.4345,37.0,2.1,MLr_2,"Hobo - Huila, Colombia",manual,0.7,88.0,17.0,SGC,0.2,2.0,2.3,4.0,,,,,,,,,,3.0002500000000003,Senel et al.: Mw=0.8095 ML+1.3003 (3.3<=ML<=6.6),,extrapolada,principal,,,,
SGC,SGC2023ouajdg,,2023-07-28T23:49:09+00:00,2.6393,-75.1463,28.0,2.6,MLr_2,"San Vicente del Caguán - Caquetá, Colombia",manual,0.9,61.0,41.0,SGC,0.2,2.1,1.9,3.0,,,,,,,,,,3.405,Senel et al.: Mw=0.8095 ML+1.3003 (3.3<=ML<=6.6),,extrapolada,principal,,,,
SGC,SGC2023pecjyd,,2023-08-03T11:35:12+00:00,2.7335,-75.0645,31.0,2.5,MLr_2,"San Vicente del Caguán - Caquetá, Colombia",manual,1.0,58.0,35.0,SGC,0.1,2.2,1.8,3.0,,,,,,,,,,3.32405,Senel et al.: Mw=0.8095 ML+1.3003 (3.3<=ML<=6.6),,extrapolada,principal,,,,
SGC,SGC2023qbnftb,,2023-08-16T05:45:09+00:00,2.7483,-75.0539,31.0,2.7,MLr_2,"San Vicente del Caguán - Caquetá, Colombia",manual,1.0,91.0,42.0,SGC,0.2,2.2,1.9,3.0,,,,,,,,,,3.4859500000000003,Senel et al.: Mw=0.8095 ML+1.3003 (3.3<=ML<=6.6),,extrapolada,principal,,,,
SGC,SGC2023qdfkam,,2023-08-17T03:57:42+00:00,2.7123,-75.123,34.0,2.3,MLr_2,"San Vicente del Caguán - Caquetá, Colombia",manual,1.0,91.0,29.0,SGC,0.2,2.2,2.0,3.0,,,,,,,,,,3.16215,Senel et al.: Mw=0.8095 ML+1.3003 (3.3<=ML<=6.6),,extrapolada,principal,,,,
SGC,SGC2023rdgkju,,2023-08-31T08:24:37+00:00,2.9065,-74.8492,34.0,2.5,MLr_2,"San Vicente del Caguán - Caquetá, Colombia",manual,1.0,84.0,36.0,SGC,0.2,2.7,2.1,5.0,,,,,,,,,,3.32405,Senel et al.: Mw=0.8095 ML+1.3003 (3.3<=ML<=6.6),,extrapolada,principal,,,,
SGC,SGC2023rhdvrd,,2023-09-02T11:25:08+00:00,2.5483,-75.3877,30.0,2.8,MLr_2,"Hobo - Huila, Colombia",manual,1.1,91.0,51.0,SGC,0.3,1.9,2.0,3.0,,,,,,,,,,3.5669,Senel et al.: Mw=0.8095 ML+1.3003 (3.3<=ML<=6.6),,extrapolada,principal,,,,
SGC,SGC2023rwhwuz,,2023-09-10T17:34:17+00:00,3.1822,-75.2613,30.0,2.8,MLr_2,"Aipe - Huila, Colombia",manual,1.1,57.0,46.0,SGC,0.2,1.8,1.8,3.0,,,,,,,,,,3.5669,Senel et al.: Mw=0.8095 ML+1.3003 (3.3<=ML<=6.6),,extrapolada,principal,,,,
SGC,SGC2023sogzwl,,2023-09-20T12:28:12+00:00,2.6425,-75.6285,33.0,2.1,MLr_2,"Íquira - Huila, Colombia",manual,0.7,68.0,20.0,SGC,0.2,2.1,2.6,4.0,,,,,,,,,,3.0002500000000003,Senel et al.: Mw=0.8095 ML+1.3003 (3.3<=ML<=6.6),,extrapolada,principal,,,,
SGC,SGC2023swssqp,,2023-09-25T02:57:42+00:00,2.725,-75.0187,35.0,2.2,MLr_2,"San Vicente del Caguán - Caquetá, Colombia",manual,0.9,93.0,32.0,SGC,0.2,2.1,1.9,5.0,,,,,,,,,,3.0812,Senel et al.: Mw=0.8095 ML+1.3003 (3.3<=ML<=6.6),,extrapolada,principal,,,,
SGC,SGC2023txwogi,,2023-10-09T21:54:07+00:00,2.7483,-75.1667,41.0,3.1,MLr_2,"Rivera - Huila, Colombia",manual,0.9,88.0,57.0,SGC,0.2,1.7,1.8,2.0,,,,,,,,,,3.80975,Senel et al.: Mw=0.8095 ML+1.3003 (3.3<=ML<=6.6),,extrapolada,principal,,,,
SGC,SGC2023uxcpfa,,2023-10-23T15:48:08+00:00,2.6223,-75.1622,28.0,2.2,MLr_2,"Algeciras - Huila, Colombia",manual,1.0,95.0,28.0,SGC,0.2,2.1,2.4,3.0,,,,,,,,,,3.0812,Senel et al.: Mw=0.8095 ML+1.3003 (3.3<=ML<=6.6),,extrapolada,principal,,,,
SGC,SGC2023uycvmf,,2023-10-24T04:59:56+00:00,3.3198,-75.2605,19.0,2.3,MLr_2,"Aipe - Huila, Colombia",manual,1.2,77.0,48.0,SGC,0.3,1.5,1.9,4.0,,,,,,,,,,3.16215,Senel et al.: Mw=0.8095 ML+1.3003 (3.3<=ML<=6.6),,extrapolada,principal,,,,
SGC,SGC2023vfauwn,,2023-10-27T23:30:12+00:00,2.9277,-74.8642,29.0,2.3,MLr_2,"Uribe - Meta, Colombia",manual,1.2,62.0,42.0,SGC,0.1,2.7,2.2,6.0,,,,,,,,,,3.16215,Senel et al.: Mw=0.8095 ML+1.3003 (3.3<=ML<=6.6),,extrapolada,principal,,,,
SGC,SGC2023xklkcp,,2023-11-28T06:04:41+00:00,2.915,-74.8535,37.0,2.3,MLr_2,"Uribe - Meta, Colombia",manual,0.8,147.0,30.0,SGC,0.2,2.5,2.2,4.0,,,,,,,,,,3.16215,Senel et al.: Mw=0.8095 ML+1.3003 (3.3<=ML<=6.6),,extrapolada,principal,,,,
SGC,SGC2023xmvrmx,,2023-11-29T13:23:57+00:00,2.9758,-74.8669,31.0,2.5,MLr_2,"Uribe - Meta, Colombia",manual,1.1,80.0,39.0,SGC,0.1,2.3,2.0,4.0,,,,,,,,,,3.32405,Senel et al.: Mw=0.8095 ML+1.3003 (3.3<=ML<=6.6),,extrapolada,principal,,,,
SGC,SGC2023xqsxeo,,2023-12-01T16:17:55+00:00,3.2478,-75.2401,32.0,2.3,MLr_2,"Aipe - Huila, Colombia",manual,1.2,65.0,39.0,SGC,0.2,1.8,1.8,5.0,,,,,,,,,,3.16215,Senel et al.: Mw=0.8095 ML+1.3003 (3.3<=ML<=6.6),,extrapolada,principal,,,,
SGC,SGC2023ytdwoc,,2023-12-17T03:54:24+00:00,3.0203,-74.8659,23.0,2.3,MLr_2,"Baraya - Huila, Colombia",manual,1.0,134.0,50.0,SGC,0.3,2.0,1.8,4.0,,,,,,,,,,3.16215,Senel et al.: Mw=0.8095 ML+1.3003 (3.3<=ML<=6.6),,extrapolada,principal,,,,
SGC,SGC2024agzvbp,,2024-01-04T14:25:35+00:00,2.9441,-74.8413,38.0,4.1,MLr_2,"Uribe - Meta, Colombia",manual,1.3,82.0,88.0,SGC,0.2,2.0,1.8,3.0,,,,,,,,,,4.619249999999999,Senel et al.: Mw=0.8095 ML+1.3003 (3.3<=ML<=6.6),,dentro_de_rango,principal,,,,
SGC,SGC2024bcxuop,,2024-01-16T13:03:06+00:00,2.6462,-75.166,29.0,3.3,MLr_2,"Algeciras - Huila, Colombia",manual,1.2,94.0,58.0,SGC,0.2,2.0,2.1,3.0,,,,,,,,,,3.97165,Senel et al.: Mw=0.8095 ML+1.3003 (3.3<=ML<=6.6),,dentro_de_rango,principal,,,,
SGC,SGC2024fzpbiw,,2024-03-25T13:07:43+00:00,2.9615,-74.8791,25.0,2.1,MLr_2,"Uribe - Meta, Colombia",manual,1.1,90.0,24.0,SGC,0.2,3.3,2.6,6.0,,,,,,,,,,3.0002500000000003,Senel et al.: Mw=0.8095 ML+1.3003 (3.3<=ML<=6.6),,extrapolada,principal,,,,
SGC,SGC2024ghnold,,2024-03-29T20:58:27+00:00,2.9689,-74.8483,23.0,2.1,MLr_2,"Uribe - Meta, Colombia",manual,1.1,90.0,29.0,SGC,0.2,3.5,2.5,7.0,,,,,,,,,,3.0002500000000003,Senel et al.: Mw=0.8095 ML+1.3003 (3.3<=ML<=6.6),,extrapolada,principal,,,,
SGC,SGC2024igzvoj,,2024-04-26T21:57:03+00:00,2.6885,-75.1703,28.0,2.2,MLr_2,"Algeciras - Huila, Colombia",manual,0.9,151.0,18.0,SGC,0.1,3.0,2.7,5.0,,,,,,,,,,3.0812,Senel et al.: Mw=0.8095 ML+1.3003 (3.3<=ML<=6.6),,extrapolada,principal,,,,
SGC,SGC2024jvaecv,,2024-05-18T17:05:58+00:00,2.9107,-75.7201,31.0,2.5,MLr_2,"Santa María - Huila, Colombia",manual,0.8,85.0,17.0,SGC,0.3,2.8,2.2,5.0,,,,,,,,,,3.32405,Senel et al.: Mw=0.8095 ML+1.3003 (3.3<=ML<=6.6),,extrapolada,principal,,,,
SGC,SGC2024jvaeio,,2024-05-18T17:06:14+00:00,2.9261,-75.7292,29.0,2.5,MLr_2,"Santa María - Huila, Colombia",manual,0.8,82.0,20.0,SGC,0.3,2.5,2.3,4.0,,,,,,,,,,3.32405,Senel et al.: Mw=0.8095 ML+1.3003 (3.3<=ML<=6.6),,extrapolada,principal,,,,
SGC,SGC2024jvatkn,,2024-05-18T17:23:45+00:00,2.8811,-75.6838,29.0,2.3,MLr_2,"Santa María - Huila, Colombia",manual,1.0,83.0,20.0,SGC,0.3,3.0,2.4,5.0,,,,,,,,,,3.16215,Senel et al.: Mw=0.8095 ML+1.3003 (3.3<=ML<=6.6),,extrapolada,principal,,,,
SGC,SGC2024jvbeca,,2024-05-18T17:36:08+00:00,2.8811,-75.6966,30.0,2.4,MLr_2,"Santa María - Huila, Colombia",manual,1.0,82.0,24.0,SGC,0.2,3.0,2.3,5.0,,,,,,,,,,3.2431,Senel et al.: Mw=0.8095 ML+1.3003 (3.3<=ML<=6.6),,extrapolada,principal,,,,
SGC,SGC2024kfptis,,2024-05-24T11:40:59+00:00,2.6419,-75.1405,33.0,2.2,MLr_2,"San Vicente del Caguán - Caquetá, Colombia",manual,1.1,107.0,17.0,SGC,0.1,3.3,2.6,6.0,,,,,,,,,,3.0812,Senel et al.: Mw=0.8095 ML+1.3003 (3.3<=ML<=6.6),,extrapolada,principal,,,,
SGC,SGC2024kghynn,,2024-05-24T20:50:07+00:00,2.6234,-75.6018,25.0,2.3,MLr_2,"Íquira - Huila, Colombia",manual,0.9,84.0,26.0,SGC,0.2,2.2,2.2,4.0,,,,,,,,,,3.16215,Senel et al.: Mw=0.8095 ML+1.3003 (3.3<=ML<=6.6),,extrapolada,principal,,,,
SGC,SGC2024knaqek,,2024-05-28T12:40:33+00:00,2.8769,-74.8577,38.0,2.1,MLr_2,"San Vicente del Caguán - Caquetá, Colombia",manual,0.9,97.0,15.0,SGC,0.1,3.3,2.6,6.0,,,,,,,,,,3.0002500000000003,Senel et al.: Mw=0.8095 ML+1.3003 (3.3<=ML<=6.6),,extrapolada,principal,,,,
SGC,SGC2024mxazyu,,2024-07-01T07:29:29+00:00,2.9107,-74.911,33.0,2.6,MLr_2,"San Vicente del Caguán - Caquetá, Colombia",manual,1.0,83.0,36.0,SGC,0.2,2.4,2.1,4.0,,,,,,,,,,3.405,Senel et al.: Mw=0.8095 ML+1.3003 (3.3<=ML<=6.6),,extrapolada,principal,,,,
SGC,SGC2024nebjjh,,2024-07-05T03:11:38+00:00,2.6763,-75.0868,32.0,2.1,MLr_2,"San Vicente del Caguán - Caquetá, Colombia",manual,1.1,94.0,30.0,SGC,0.2,2.6,2.4,4.0,,,,,,,,,,3.0002500000000003,Senel et al.: Mw=0.8095 ML+1.3003 (3.3<=ML<=6.6),,extrapolada,principal,,,,
SGC,SGC2024nsllsl,,2024-07-12T23:18:43+00:00,2.7515,-75.0347,38.0,2.2,MLr_2,"San Vicente del Caguán - Caquetá, Colombia",manual,1.0,113.0,26.0,SGC,0.2,2.5,2.5,4.0,,,,,,,,,,3.0812,Senel et al.: Mw=0.8095 ML+1.3003 (3.3<=ML<=6.6),,extrapolada,principal,,,,
SGC,SGC2024ovhugu,,2024-07-28T16:37:46+00:00,2.7377,-75.0081,35.0,2.7,MLr_2,"San Vicente del Caguán - Caquetá, Colombia",manual,0.9,92.0,44.0,SGC,0.2,2.1,1.9,3.0,,,,,,,,,,3.4859500000000003,Senel et al.: Mw=0.8095 ML+1.3003 (3.3<=ML<=6.6),,extrapolada,principal,,,,
SGC,SGC2024ppgeuf,,2024-08-08T13:22:03+00:00,2.598,-75.4868,36.0,3.1,MLr_2,"Yaguará - Huila, Colombia",manual,1.1,76.0,48.0,SGC,0.2,1.8,1.8,3.0,,,,,,,,,,3.80975,Senel et al.: Mw=0.8095 ML+1.3003 (3.3<=ML<=6.6),,extrapolada,principal,,,,
SGC,SGC2024tuxhjz,,2024-10-07T07:02:54+00:00,2.8531,-74.9487,30.0,2.1,MLr_2,"San Vicente del Caguán - Caquetá, Colombia",manual,0.9,86.0,28.0,SGC,0.2,2.2,1.9,4.0,,,,,,,,,,3.0002500000000003,Senel et al.: Mw=0.8095 ML+1.3003 (3.3<=ML<=6.6),,extrapolada,principal,,,,
SGC,SGC2024urnmrg,,2024-10-19T14:50:15+00:00,2.8552,-74.9359,29.0,3.1,MLr_2,"San Vicente del Caguán - Caquetá, Colombia",manual,1.3,86.0,56.0,SGC,0.1,2.2,2.0,4.0,,,,,,,,,,3.80975,Senel et al.: Mw=0.8095 ML+1.3003 (3.3<=ML<=6.6),,extrapolada,principal,,,,
SGC,SGC2024uwrknp,,2024-10-22T10:10:48+00:00,3.1161,-75.0902,24.0,2.2,MLr_2,"Baraya - Huila, Colombia",manual,1.0,72.0,31.0,SGC,0.2,2.3,1.9,6.0,,,,,,,,,,3.0812,Senel et al.: Mw=0.8095 ML+1.3003 (3.3<=ML<=6.6),,extrapolada,principal,,,,
SGC,SGC2024uxpizm,,2024-10-22T22:13:10+00:00,2.7261,-75.0879,27.0,3.0,MLr_2,"San Vicente del Caguán - Caquetá, Colombia",manual,1.1,91.0,59.0,SGC,0.2,2.0,1.9,3.0,,,,,,,,,,3.7288,Senel et al.: Mw=0.8095 ML+1.3003 (3.3<=ML<=6.6),,extrapolada,principal,,,,
SGC,SGC2024yxeusa,,2024-12-18T08:40:19+00:00,2.7499,-75.0235,32.0,2.1,MLr_2,"San Vicente del Caguán - Caquetá, Colombia",manual,0.8,167.0,16.0,SGC,0.2,3.8,3.2,7.0,,,,,,,,,,3.0002500000000003,Senel et al.: Mw=0.8095 ML+1.3003 (3.3<=ML<=6.6),,extrapolada,principal,,,,
SGC,SGC2024zjeeyp,,2024-12-24T21:15:46+00:00,2.797,-75.1115,27.0,3.5,MLr_2,"Neiva - Huila, Colombia",manual,1.1,116.0,68.0,SGC,0.2,1.9,1.6,3.0,,,,,,,,,,4.13355,Senel et al.: Mw=0.8095 ML+1.3003 (3.3<=ML<=6.6),,dentro_de_rango,principal,,,,
SGC,SGC2025arnifs,,2025-01-10T07:57:53+00:00,2.9491,-74.8605,5.0,2.4,MLr_2,"Uribe - Meta, Colombia",manual,0.9,153.0,43.0,SGC,0.2,1.6,1.6,3.0,,,,,,,,,,3.2431,Senel et al.: Mw=0.8095 ML+1.3003 (3.3<=ML<=6.6),,extrapolada,principal,,,,
SGC,SGC2025buhrng,,2025-01-26T00:17:22+00:00,2.5324,-75.4931,29.0,2.1,MLr_2,"Hobo - Huila, Colombia",manual,0.9,118.0,21.0,SGC,0.1,2.1,2.1,4.0,,,,,,,,,,3.0002500000000003,Senel et al.: Mw=0.8095 ML+1.3003 (3.3<=ML<=6.6),,extrapolada,principal,,,,
SGC,SGC2025dcvdii,,2025-02-13T19:35:30+00:00,3.2409,-75.165,35.0,2.1,MLr_2,"Villavieja - Huila, Colombia",manual,1.0,96.0,18.0,SGC,0.2,2.5,2.3,6.0,,,,,,,,,,3.0002500000000003,Senel et al.: Mw=0.8095 ML+1.3003 (3.3<=ML<=6.6),,extrapolada,principal,,,,
SGC,SGC2025dlepyz,,2025-02-18T08:57:31+00:00,2.7917,-75.0678,23.0,3.2,MLr_2,"Rivera - Huila, Colombia",manual,1.3,97.0,66.0,SGC,0.2,2.3,1.9,3.0,,,,,,,,,,3.8907,Senel et al.: Mw=0.8095 ML+1.3003 (3.3<=ML<=6.6),,extrapolada,principal,,,,
SGC,SGC2025epzhvw,,2025-03-07T03:35:57+00:00,2.9023,-74.8854,38.0,2.1,MLr_2,"San Vicente del Caguán - Caquetá, Colombia",manual,0.8,169.0,19.0,SGC,0.2,3.5,2.4,4.0,,,,,,,,,,3.0002500000000003,Senel et al.: Mw=0.8095 ML+1.3003 (3.3<=ML<=6.6),,extrapolada,principal,,,,
SGC,SGC2025fnluue,,2025-03-19T22:35:58+00:00,2.5207,-75.3632,23.0,2.4,MLr_2,"Campoalegre - Huila, Colombia",manual,1.1,142.0,40.0,SGC,0.2,2.1,2.3,3.0,,,,,,,,,,3.2431,Senel et al.: Mw=0.8095 ML+1.3003 (3.3<=ML<=6.6),,extrapolada,principal,,,,
SGC,SGC2025gblxxt,,2025-03-27T13:42:58+00:00,2.8282,-75.0939,27.0,2.1,MLr_2,"Neiva - Huila, Colombia",manual,0.8,108.0,19.0,SGC,0.2,3.8,2.5,6.0,,,,,,,,,,3.0002500000000003,Senel et al.: Mw=0.8095 ML+1.3003 (3.3<=ML<=6.6),,extrapolada,principal,,,,
SGC,SGC2025gxlweh,,2025-04-08T13:18:43+00:00,2.6038,-75.4597,29.0,2.1,MLr_2,"Hobo - Huila, Colombia",manual,0.8,157.0,13.0,SGC,0.2,3.2,5.1,6.0,,,,,,,,,,3.0002500000000003,Senel et al.: Mw=0.8095 ML+1.3003 (3.3<=ML<=6.6),,extrapolada,principal,,,,
SGC,SGC2025iygrat,,2025-05-07T07:39:06+00:00,2.7711,-75.0048,0.0,2.8,MLr_2,"San Vicente del Caguán - Caquetá, Colombia",manual,1.3,158.0,42.0,SGC,0.3,1.8,1.8,4.0,,,,,,,,,,3.5669,Senel et al.: Mw=0.8095 ML+1.3003 (3.3<=ML<=6.6),,extrapolada,principal,,,,
SGC,SGC2025jnyogn,,2025-05-15T20:46:05+00:00,2.7774,-75.0726,30.0,3.3,MLr_2,"Rivera - Huila, Colombia",manual,1.0,79.0,52.0,SGC,0.2,2.3,2.0,3.0,,,,,,,,,,3.97165,Senel et al.: Mw=0.8095 ML+1.3003 (3.3<=ML<=6.6),,dentro_de_rango,principal,,,,
SGC,SGC2025jrnvls,,2025-05-17T19:40:28+00:00,2.7235,-75.0198,4.0,2.4,MLr_2,"San Vicente del Caguán - Caquetá, Colombia",manual,0.6,160.0,41.0,SGC,0.2,1.1,1.1,2.0,,,,,,,,,,3.2431,Senel et al.: Mw=0.8095 ML+1.3003 (3.3<=ML<=6.6),,extrapolada,principal,,,,
SGC,SGC2025labrvc,,2025-06-05T15:10:50+00:00,2.7054,-75.115,23.0,2.6,MLr_2,"San Vicente del Caguán - Caquetá, Colombia",manual,1.1,59.0,30.0,SGC,0.2,2.5,2.5,4.0,,,,,,,,,,3.405,Senel et al.: Mw=0.8095 ML+1.3003 (3.3<=ML<=6.6),,extrapolada,principal,,,,
SGC,SGC2025ncptsx,,2025-07-05T08:17:47+00:00,2.9134,-74.8668,30.0,2.4,MLr_2,"San Vicente del Caguán - Caquetá, Colombia",manual,0.9,62.0,31.0,SGC,0.2,2.2,2.3,4.0,,,,,,,,,,3.2431,Senel et al.: Mw=0.8095 ML+1.3003 (3.3<=ML<=6.6),,extrapolada,principal,,,,
SGC,SGC2025obsypo,,2025-07-19T00:45:10+00:00,2.688,-75.0772,28.0,2.2,MLr_2,"San Vicente del Caguán - Caquetá, Colombia",manual,0.8,94.0,23.0,SGC,0.2,2.0,2.3,4.0,,,,,,,,,,3.0812,Senel et al.: Mw=0.8095 ML+1.3003 (3.3<=ML<=6.6),,extrapolada,principal,,,,
SGC,SGC2025okstvq,,2025-07-23T22:19:55+00:00,2.5514,-75.2568,26.0,2.3,MLr_2,"Algeciras - Huila, Colombia",manual,0.8,96.0,24.0,SGC,0.2,2.0,2.5,4.0,,,,,,,,,,3.16215,Senel et al.: Mw=0.8095 ML+1.3003 (3.3<=ML<=6.6),,extrapolada,principal,,,,
SGC,SGC2025oshzjg,,2025-07-28T01:30:10+00:00,2.9266,-74.9248,23.0,2.1,MLr_2,"Tello - Huila, Colombia",manual,1.0,82.0,26.0,SGC,0.1,2.7,2.3,4.0,,,,,,,,,,3.0002500000000003,Senel et al.: Mw=0.8095 ML+1.3003 (3.3<=ML<=6.6),,extrapolada,principal,,,,
SGC,SGC2025pohqhl,,2025-08-09T00:58:10+00:00,2.5959,-75.2931,28.0,2.5,MLr_2,"Campoalegre - Huila, Colombia",manual,1.0,92.0,36.0,SGC,0.2,2.0,2.2,4.0,,,,,,,,,,3.32405,Senel et al.: Mw=0.8095 ML+1.3003 (3.3<=ML<=6.6),,extrapolada,principal,,,,
SGC,SGC2025pvyzwq,,2025-08-13T05:13:25+00:00,2.9388,-74.903,23.0,2.3,MLr_2,"San Vicente del Caguán - Caquetá, Colombia",manual,1.1,82.0,28.0,SGC,0.2,2.4,2.2,4.0,,,,,,,,,,3.16215,Senel et al.: Mw=0.8095 ML+1.3003 (3.3<=ML<=6.6),,extrapolada,principal,,,,
SGC,SGC2025qdfvuk,,2025-08-17T04:11:20+00:00,3.3589,-75.1978,39.0,2.1,MLr_2,"Aipe - Huila, Colombia",manual,0.9,78.0,21.0,SGC,0.2,2.0,2.4,5.0,,,,,,,,,,3.0002500000000003,Senel et al.: Mw=0.8095 ML+1.3003 (3.3<=ML<=6.6),,extrapolada,principal,,,,
SGC,SGC2025qkbyae,,2025-08-20T21:44:33+00:00,2.7414,-75.1066,22.0,2.4,MLr_2,"Rivera - Huila, Colombia",manual,1.2,90.0,25.0,SGC,0.2,2.5,2.2,4.0,,,,,,,,,,3.2431,Senel et al.: Mw=0.8095 ML+1.3003 (3.3<=ML<=6.6),,extrapolada,principal,,,,
SGC,SGC2025rgltqm,,2025-09-02T02:19:41+00:00,2.8753,-74.9764,20.0,2.3,MLr_2,"Neiva - Huila, Colombia",manual,1.0,85.0,34.0,SGC,0.2,2.0,2.0,4.0,,,,,,,,,,3.16215,Senel et al.: Mw=0.8095 ML+1.3003 (3.3<=ML<=6.6),,extrapolada,principal,,,,
SGC,SGC2025rhnqch,,2025-09-02T16:20:26+00:00,2.8599,-74.9386,32.0,2.2,MLr_2,"San Vicente del Caguán - Caquetá, Colombia",manual,0.9,86.0,20.0,SGC,0.2,2.5,2.9,6.0,,,,,,,,,,3.0812,Senel et al.: Mw=0.8095 ML+1.3003 (3.3<=ML<=6.6),,extrapolada,principal,,,,
SGC,SGC2025rvekuc,,2025-09-10T02:45:18+00:00,2.5112,-75.2866,25.0,2.1,MLr_2,"Algeciras - Huila, Colombia",manual,0.7,97.0,22.0,SGC,0.2,1.7,2.2,3.0,,,,,,,,,,3.0002500000000003,Senel et al.: Mw=0.8095 ML+1.3003 (3.3<=ML<=6.6),,extrapolada,principal,,,,
SGC,SGC2025sxxwec,,2025-09-25T18:37:06+00:00,2.689,-75.3923,32.0,2.6,MLr_2,"Campoalegre - Huila, Colombia",manual,1.1,134.0,30.0,SGC,0.1,2.0,2.4,4.0,,,,,,,,,,3.405,Senel et al.: Mw=0.8095 ML+1.3003 (3.3<=ML<=6.6),,extrapolada,principal,,,,
SGC,SGC2025tlcepj,,2025-10-02T22:45:46+00:00,2.907,-74.8487,38.0,2.2,MLr_2,"San Vicente del Caguán - Caquetá, Colombia",manual,0.9,84.0,26.0,SGC,0.3,2.4,2.7,3.0,,,,,,,,,,3.0812,Senel et al.: Mw=0.8095 ML+1.3003 (3.3<=ML<=6.6),,extrapolada,principal,,,,
SGC,SGC2025tnzano,,2025-10-04T12:23:58+00:00,2.7409,-75.006,33.0,2.9,MLr_2,"San Vicente del Caguán - Caquetá, Colombia",manual,1.2,92.0,63.0,SGC,0.3,2.0,1.9,3.0,,,,,,,,,,3.64785,Senel et al.: Mw=0.8095 ML+1.3003 (3.3<=ML<=6.6),,extrapolada,principal,,,,
SGC,SGC2025twdimu,,2025-10-08T23:09:43+00:00,2.5093,-75.4223,6.0,2.2,MLr_2,"Hobo - Huila, Colombia",manual,0.6,90.0,53.0,SGC,0.2,0.8,0.8,2.0,,,,,,,,,,3.0812,Senel et al.: Mw=0.8095 ML+1.3003 (3.3<=ML<=6.6),,extrapolada,principal,,,,
SGC,SGC2025tzxuqw,,2025-10-11T00:40:40+00:00,2.7599,-75.0326,33.0,2.2,MLr_2,"San Vicente del Caguán - Caquetá, Colombia",manual,1.0,90.0,35.0,SGC,0.2,2.2,1.9,3.0,,,,,,,,,,3.0812,Senel et al.: Mw=0.8095 ML+1.3003 (3.3<=ML<=6.6),,extrapolada,principal,,,,
SGC,SGC2025whaniq,,2025-11-12T05:26:45+00:00,2.706,-75.0527,32.0,2.1,MLr_2,"San Vicente del Caguán - Caquetá, Colombia",manual,0.9,93.0,25.0,SGC,0.2,2.4,2.1,4.0,,,,,,,,,,3.0002500000000003,Senel et al.: Mw=0.8095 ML+1.3003 (3.3<=ML<=6.6),,extrapolada,principal,,,,
SGC,SGC2025xrpivj,,2025-12-02T03:35:14+00:00,2.7271,-75.0762,30.0,3.5,MLr_2,"San Vicente del Caguán - Caquetá, Colombia",manual,0.9,113.0,66.0,SGC,0.3,1.8,1.6,2.0,,,,,,,,,,4.13355,Senel et al.: Mw=0.8095 ML+1.3003 (3.3<=ML<=6.6),,dentro_de_rango,principal,,,,
SGC,SGC2025ydacyq,,2025-12-08T08:49:32+00:00,2.9261,-74.9169,22.0,2.7,MLr_2,"Tello - Huila, Colombia",manual,1.1,109.0,48.0,SGC,0.2,2.1,1.9,4.0,,,,,,,,,,3.4859500000000003,Senel et al.: Mw=0.8095 ML+1.3003 (3.3<=ML<=6.6),,extrapolada,principal,,,,
USGS,us7000rpwp,2025-12-21T14:05:26.416000Z,,3.0699,-75.1055,10.0,4.4,mb,"3 km E of Tello, Colombia",reviewed,0.7,73.0,43.0,,,,,,us,earthquake,8.56,1.931,0.101,28.0,us,us,1.929,4.76,Scordilis: Mw=0.85 mb+1.02 (3.5<=mb<=6.2),0.29,dentro_de_rango,principal,,,,
SGC,SGC2025zaxcea,,2025-12-21T09:05:29+00:00,3.0118,-75.2982,51.0,4.4,Mw,"Neiva - Huila, Colombia",manual,1.3,61.0,114.0,SGC,,1.6,1.7,3.0,,,,,,,,,,4.4,directa: Mw,0.0,directa,principal,,,,
SGC,SGC2025ztrqay,,2025-12-31T14:45:37+00:00,2.7202,-75.0107,36.0,2.3,MLr_2,"San Vicente del Caguán - Caquetá, Colombia",manual,1.0,150.0,25.0,SGC,0.2,2.8,2.9,5.0,,,,,,,,,,3.16215,Senel et al.: Mw=0.8095 ML+1.3003 (3.3<=ML<=6.6),,extrapolada,principal,,,,
SGC,SGC2026bejtnt,,2026-01-17T08:08:23+00:00,2.5229,-75.3813,33.0,2.3,MLr_2,"Campoalegre - Huila, Colombia",manual,0.7,136.0,17.0,SGC,0.2,2.0,2.5,3.0,,,,,,,,,,3.16215,Senel et al.: Mw=0.8095 ML+1.3003 (3.3<=ML<=6.6),,extrapolada,principal,,,,
SGC,SGC2026cthbby,,2026-02-08T14:50:13+00:00,2.6806,-75.0782,31.0,2.4,MLr_2,"San Vicente del Caguán - Caquetá, Colombia",manual,1.1,148.0,31.0,SGC,0.2,2.4,2.5,4.0,,,,,,,,,,3.2431,Senel et al.: Mw=0.8095 ML+1.3003 (3.3<=ML<=6.6),,extrapolada,principal,,,,
SGC,SGC2026enpjwv,,2026-03-05T20:27:40+00:00,2.6557,-75.1415,34.0,2.3,MLr_2,"San Vicente del CaguÃ¡n - CaquetÃ¡, Colombia",manual,0.8,146.0,20.0,SGC,0.2,2.8,3.0,4.0,,,,,,,,,,3.16215,Senel et al.: Mw=0.8095 ML+1.3003 (3.3<=ML<=6.6),,extrapolada,principal,,,,
SGC,SGC2026gxsgnj,,2026-04-08T16:31:45+00:00,2.7373,-75.0491,29.0,3.1,MLr_2,"San Vicente del Caguán - Caquetá, Colombia",manual,1.0,91.0,46.0,SGC,0.2,2.0,1.8,3.0,,,,,,,,,,3.80975,Senel et al.: Mw=0.8095 ML+1.3003 (3.3<=ML<=6.6),,extrapolada,principal,,,,
SGC,SGC2026jvbotq,,2026-05-19T17:48:32+00:00,2.7415,-75.0491,30.0,2.3,MLr_2,"San Vicente del Caguán - Caquetá, Colombia",manual,0.9,91.0,25.0,SGC,0.2,2.6,2.2,4.0,,,,,,,,,,3.16215,Senel et al.: Mw=0.8095 ML+1.3003 (3.3<=ML<=6.6),,extrapolada,principal,,,,
SGC,SGC2026jvecxn,,2026-05-19T19:05:18+00:00,2.7558,-75.0327,29.0,2.1,MLr_2,"San Vicente del Caguán - Caquetá, Colombia",manual,0.9,91.0,19.0,SGC,0.1,2.6,2.3,5.0,,,,,,,,,,3.0002500000000003,Senel et al.: Mw=0.8095 ML+1.3003 (3.3<=ML<=6.6),,extrapolada,principal,,,,
SGC,SGC2026mpitoe,,2026-06-28T02:47:31+00:00,2.5343,-75.2689,25.0,2.3,MLr_2,"Algeciras - Huila, Colombia",manual,1.0,97.0,29.0,SGC,0.1,2.0,2.3,3.0,,,,,,,,,,3.16215,Senel et al.: Mw=0.8095 ML+1.3003 (3.3<=ML<=6.6),,extrapolada,principal,,,,
SGC,SGC2026nngjyv,,2026-07-11T03:23:28+00:00,2.6791,-75.1213,29.0,3.0,MLr_2,"San Vicente del Caguán - Caquetá, Colombia",manual,1.0,93.0,69.0,SGC,0.2,1.7,1.7,2.0,,,,,,,,,,3.7288,Senel et al.: Mw=0.8095 ML+1.3003 (3.3<=ML<=6.6),,extrapolada,principal,,,,
SGC,SGC2026notilw,,2026-07-11T22:58:26+00:00,2.9118,-75.2133,39.0,3.0,MLr_2,"Neiva - Huila, Colombia",manual,1.1,79.0,56.0,SGC,0.3,1.7,1.8,2.0,,,,,,,,,,3.7288,Senel et al.: Mw=0.8095 ML+1.3003 (3.3<=ML<=6.6),,extrapolada,principal,,,,
SGC,SGC2026osypwl,,2026-07-28T09:52:08+00:00,3.1487,-75.0488,26.0,2.4,MLr_2,"Baraya - Huila, Colombia",manual,1.0,120.0,32.0,SGC,0.2,2.0,2.1,5.0,,,,,,,,,,3.2431,Senel et al.: Mw=0.8095 ML+1.3003 (3.3<=ML<=6.6),,extrapolada,principal,,,,
SGC,SGC2026oyehic,,2026-07-31T06:05:40+00:00,3.0694,-74.9721,26.0,3.7,MLr_2,"Baraya - Huila, Colombia",manual,1.0,102.0,90.0,SGC,0.2,1.5,1.5,3.0,,,,,,,,,,4.295450000000001,Senel et al.: Mw=0.8095 ML+1.3003 (3.3<=ML<=6.6),,dentro_de_rango,principal,,,,
