latitud,longitud,X,Y,Z
3.179,-73.214,4976233.016494492,1909290.0202443656,0.0
4.822,-74.63,4819307.627783197,2091040.851623146,21.0
4.047,-75.272,4747844.522410415,2005546.067080434,0.0
3.369,-73.696,4922714.616742724,1930308.1383257813,0.0
4.947,-76.389,4624217.544895182,2105595.705996224,100.0
4.639,-76.235,4641150.988169669,2071424.4600563156,128.0
1.838,-75.986,4667884.581987922,1761400.924189388,0.0
4.053,-75.194,4756507.358047761,2006185.665198562,0.0
4.427,-77.061,4549256.325283265,2048414.5771327082,40.0
1.873,-76.007,4665553.311742376,1765277.2501536568,0.0
2.275,-73.582,4935313.453460156,1809419.1317010187,6.0
3.748,-74.22,4864576.954493129,1972250.5552612352,3.0
2.363,-75.441,4728633.465945545,1819367.447195143,0.0
4.078,-75.424,4730975.524673784,2009023.203127628,4.0
4.843,-76.38,4625158.6289121555,2094079.380141904,94.0
2.488,-75.296,4744785.538480425,1833162.0484645262,8.0
4.889,-76.335,4630179.924400049,2099145.9040728156,100.0
4.202,-76.794,4578811.895615356,2023342.2141687635,100.0
4.729,-74.683,4813405.5560545195,2080774.8395663432,6.0
3.778,-74.11,4876793.045412684,1975549.660477756,0.0
3.437,-74.161,4871083.374540369,1937872.1653899313,0.0
4.389,-76.378,4625141.977581002,2043827.6900795905,121.0
4.276,-75.798,4689514.888773897,2031061.2809693934,185.0
1.876,-75.92,4675238.7901165625,1765592.7565909831,0.0
2.45,-75.44,4728761.918353973,1828988.4388052893,10.0
2.31,-75.37,4736521.250056211,1813492.8917012908,8.0
2.813,-74.485,4835001.998753261,1868953.5934150596,0.0
3.738,-77.263,4526390.3053512275,1972201.6662076786,32.0
3.706,-75.904,4677519.907324252,1968044.2748539457,4.0
3.352,-74.467,4837084.454886575,1928524.1959907745,1.0
2.794,-74.5,4833332.282969788,1866855.7230784916,0.0
4.484,-76.072,4659176.58191649,2054192.9240984032,133.0
5.105,-76.123,4653826.227146283,2122934.701984556,108.0
5.103,-76.134,4652604.633131309,2122719.320861342,115.0
3.485,-74.758,4804785.47818248,1943279.4597740364,28.0
4.154,-76.393,4623360.62152211,2017824.2277736114,4.0
3.329,-74.466,4837191.741774067,1925981.9373088507,0.0
4.374,-76.585,4602134.154550963,2042274.1587253953,32.0
3.897,-76.323,4631023.79950991,1989347.2306809314,128.0
2.505,-75.698,4700073.957982286,1835127.0839712583,0.0
1.883,-76.182,4646071.783989321,1766418.2616168247,0.0
4.097,-76.495,4611996.602538658,2011563.93761616,127.0
2.666,-75.029,4774508.838353055,1852792.6227071972,2.0
1.877,-76.023,4663772.857089048,1765722.8832533797,0.0
4.617,-74.9,4789305.011688219,2068454.9016828449,4.0
3.982,-76.624,4597599.925004945,1998895.7907151938,2.0
3.864,-76.522,4608885.196301299,1985784.0721377265,131.0
3.227,-74.793,4800845.434382608,1914766.5019889453,0.0
4.351,-76.102,4655783.575092863,2039490.0311177322,144.0
3.8,-76.959,4560251.065176144,1978909.9149051006,85.0
3.945,-76.358,4627154.398074593,1994675.330679112,100.0
3.623,-73.72,4920070.973746668,1958376.733851749,0.0
3.433,-74.673,4814216.798371246,1937514.3495335688,0.0
4.948,-75.632,4708223.438514051,2105325.316898027,134.0
2.864,-74.845,4794998.972582599,1874648.5166261024,12.0
4.742,-74.62,4820395.614782252,2082195.2163134348,21.0
4.781,-76.336,4630010.1800769055,2087193.0337299241,88.0
4.493,-73.611,4932244.387942006,2054500.8118189052,0.0
2.674,-76.121,4653053.258215405,1853931.9336703585,14.0
4.523,-73.624,4930805.560828387,2057817.0046178966,0.0
2.669,-76.13,4652050.363636827,1853381.2165299982,7.0
2.715,-76.092,4656291.725794039,1858460.4015509863,4.0
1.998,-77.021,4552643.565077608,1779349.0691762783,140.0
3.346,-76.262,4637584.906519889,1928341.9206638976,141.0
2.858,-75.975,4669349.433107046,1874248.935172017,3.0
2.868,-74.859,4793443.581919769,1875093.2182103386,16.0
2.693,-76.065,4659289.794900863,1856018.515787367,12.0
4.103,-76.551,4605774.734774845,2012255.5382193802,102.0
4.542,-76.191,4645988.934785208,2060667.922687756,132.0
2.819,-76.017,4664665.866855532,1869946.0837153909,4.0
3.709,-74.183,4868678.850813715,1967934.8768195976,1.0
2.861,-74.849,4794553.83681635,1874317.5942763821,18.0
3.845,-75.62,4709126.693273386,1983320.0942905862,0.0
2.342,-75.381,4735303.619460777,1817033.6078030546,13.0
4.756,-76.344,4629108.473739525,2084430.3398850926,83.0
1.658,-76.354,4626874.024253785,1741551.7891120636,4.0
2.248,-75.371,4736398.725092893,1806636.9574894253,3.0
4.757,-74.687,4812969.486001363,2083871.06280839,6.0
1.907,-75.822,4686152.904980221,1769004.12255129,4.0
2.366,-75.512,4720735.974499186,1819713.3143830376,4.0
4.624,-76.766,4582161.453039417,2070055.3121772534,62.0
3.534,-75.379,4735806.778455821,1948849.612523954,0.0
2.614,-76.123,4652813.9964561155,1847293.3251588265,4.0
4.913,-76.358,4627639.867031624,2101815.0075953193,100.0
5.109,-74.729,4808412.741233502,2122794.048706351,2.0
3.48,-74.801,4800007.997518686,1942735.757926635,15.0
3.011,-75.841,4684298.128187226,1891136.789184397,17.0
3.325,-74.426,4841634.277745945,1925533.3292021258,0.0
1.567,-75.806,4687877.8917644005,1731390.369167722,51.0
2.712,-74.644,4817315.479426687,1857813.3472513335,10.0
0.964,-76.537,4606381.632390537,1664762.5625354107,0.0
2.342,-75.475,4724847.213511633,1817051.7260985966,4.0
5.063,-75.503,4722581.80924496,2117988.8413773514,138.0
4.234,-74.166,4870648.019167378,2025952.204153139,4.0
4.298,-75.901,4678084.969550515,2033537.6642233958,0.0
4.693,-75.105,4766587.5248207105,2076922.021095904,148.0
5.151,-74.672,4814742.729748085,2127420.0808450556,18.0
1.582,-76.569,4602910.663248296,1733180.3128834392,1.0
2.369,-75.393,4733973.927874659,1820021.6617258694,0.0
4.716,-76.441,4618315.299164587,2080055.6199503683,105.0
2.338,-74.16,4871070.54661983,1816420.0575524478,2.0
4.454,-75.806,4688699.904861405,2050755.6356153402,166.0
4.12,-76.758,4582770.877094412,2014243.0948967556,94.0
4.182,-76.491,4612482.653670039,2020971.1787317665,60.0
4.111,-76.759,4582654.994818136,2013247.059718493,95.0
4.096,-76.737,4585093.259804697,2011574.6809497648,90.0
4.117,-76.621,4598000.275039147,2013840.3954611854,80.0
4.114,-76.664,4593218.478018436,2013530.0923903943,82.0
3.732,-73.902,4899877.356669311,1970439.749914881,1.0
4.135,-76.734,4585447.037037523,2015891.4289008803,100.0
4.081,-76.687,4590644.661748476,2009888.1220994839,4.0
2.858,-76.727,4585663.550017142,1874493.2679517716,108.0
2.506,-75.357,4738004.795734196,1835164.4852014207,4.0
4.393,-74.815,4798672.412929787,2043667.5776754317,84.0
4.05,-76.614,4598745.074464356,2006419.2369650062,71.0
2.835,-75.874,4680578.142346794,1871675.8737851204,4.0
1.896,-75.819,4686484.830856813,1767786.738506461,0.0
3.278,-74.488,4834739.524224263,1920348.7308618857,0.0
3.612,-74.443,4839794.273362051,1957256.7204806411,0.0
4.313,-76.434,4618881.985062935,2035443.5892616715,113.0
4.311,-75.879,4680533.72532985,2034966.6237871842,7.0
4.582,-76.358,4627461.950697552,2065179.2276814685,122.0
4.149,-76.732,4585676.696200971,2017440.540073927,98.0
2.822,-75.893,4678461.0660142815,1870242.9520796477,17.0
4.542,-74.642,4817904.595459844,2060093.3231015652,1.0
3.758,-77.248,4528070.589919886,1974409.4542786835,62.0
4.088,-76.641,4595762.304951497,2010639.814104124,82.0
2.838,-75.841,4684249.67179564,1871998.6857931437,19.0
4.417,-76.825,4575484.992767856,2047167.6166958215,141.0
3.599,-76.072,4658806.1802100595,1956267.8243891755,4.0
3.64,-75.989,4668048.0628465535,1960773.4230053811,2.0
4.567,-75.817,4687526.95201015,2063260.9857047077,153.0
4.905,-74.613,4821214.550151714,2100210.9580243975,22.0
4.312,-73.971,4892293.795003213,2034542.0191073637,3.0
3.446,-74.654,4816329.787949555,1938947.645162702,4.0
4.118,-76.676,4591886.445573034,2013979.1054032291,89.0
3.442,-76.433,4618601.991835719,1939032.9306599959,120.0
3.913,-76.119,4653705.004014824,1991030.9758965748,171.0
2.868,-75.985,4668239.877810274,1875358.2122823503,0.0
2.662,-76.104,4654941.575754822,1852599.3233676746,0.0
4.063,-75.697,4700650.241139892,2007460.423787579,72.0
4.161,-73.92,4897931.568941141,2017848.584231794,0.0
3.71,-76.668,4592578.153306304,1968802.392019949,132.0
3.39,-74.851,4794434.578656699,1932797.2352218414,25.0
2.592,-76.149,4649914.56770536,1844866.1313401512,4.0
2.9,-75.051,4772107.8302711705,1878667.5754649285,100.0
2.793,-76.029,4663323.392709079,1867072.8241026702,4.0
3.994,-75.234,4752048.0314628,1999673.873564167,3.0
1.861,-75.954,4671451.182207961,1763939.5933092812,0.0
4.869,-74.57,4825972.592700229,2096220.3711378486,6.0
4.956,-74.62,4820452.166390969,2105850.2602582197,16.0
2.548,-76.121,4653018.626347205,1839989.698291913,2.0
3.488,-76.449,4616840.834591074,1944131.1063845109,152.0
4.79,-74.623,4820075.416749436,2087501.795022726,100.0
5.044,-74.653,4816818.180392523,2115586.796966055,2.0
3.544,-74.558,4827010.879572086,1949761.6904584174,4.0
4.679,-74.782,4802411.891699852,2075274.900137225,10.0
3.406,-77.472,4502945.5237257015,1935522.8953353295,103.0
2.587,-75.712,4698535.555260538,1844200.5035302727,2.0
2.053,-76.04,4661915.748655465,1785199.4231431286,3.0
2.384,-75.413,4731752.143506426,1821684.312281838,8.0
3.267,-74.783,4801964.324277354,1919186.2659787768,0.0
2.489,-75.213,4754016.372352573,1833256.8436956813,9.0
4.737,-74.897,4789673.636881812,2081720.4192240322,16.0
3.034,-74.296,4856033.776880343,1893352.8334050453,3.0
3.986,-74.152,4872161.839496933,1998542.4680125853,0.0
4.199,-75.804,4688817.731361041,2022545.6824082546,178.0
4.834,-74.783,4802345.205932267,2092409.9028885937,53.0
2.398,-75.432,4729641.430526297,1823236.2590307337,4.0
3.985,-76.646,4595155.287277748,1999238.7259728326,92.0
3.038,-77.547,4494409.703097129,1894773.54298663,5.0
4.183,-76.526,4608593.12029493,2021099.2724690773,90.0
2.302,-75.361,4737520.9043358285,1812606.5703003318,4.0
1.533,-76.139,4650796.136399054,1727680.7979125835,3.0
4.89,-76.288,4635398.046389763,2099230.8489695275,0.0
4.055,-76.741,4584627.426521537,2007036.9685022987,94.0
3.697,-74.989,4779175.702963391,1966768.5043457523,4.0
5.144,-75.06,4771733.28171762,2126771.9194840416,4.0
1.932,-76.067,4658885.215065549,1771816.961634965,2.0
4.494,-74.905,4788714.42564999,2054858.2978115373,42.0
3.172,-74.929,4785722.51492352,1908713.7844294256,0.0
4.019,-74.169,4870280.274202099,2002192.091887565,0.0
2.752,-75.072,4769744.261768354,1862308.8084559247,8.0
4.108,-77.088,4546066.5195734585,2013094.6393256153,70.0
4.185,-76.653,4594477.679453806,2021385.298795301,100.0
4.952,-75.916,4676716.227868203,2105899.546336448,94.0
4.422,-75.964,4671141.910726583,2047283.827084733,169.0
2.114,-75.549,4716571.411050758,1791850.2933814037,4.0
4.676,-75.664,4704556.04695664,2075252.9384042888,135.0
4.698,-74.664,4815504.500124382,2077343.0364460722,10.0
3.518,-74.65,4816788.0189628815,1946905.4459899932,3.0
3.296,-74.833,4796414.887141694,1922402.0943375581,3.0
4.706,-74.686,4813066.695587828,2078233.2067391821,13.0
2.902,-75.874,4680596.764354213,1879087.9482961798,21.0
4.743,-74.74,4807087.941575805,2082338.0280366403,1.0
4.744,-76.2,4645090.608070454,2083026.5757133001,100.0
2.33,-75.345,4739305.794467067,1815699.888252036,15.0
4.492,-75.975,4669951.641583338,2055033.5703543262,146.0
3.861,-76.389,4623670.938085595,1985391.8484106045,106.0
3.701,-77.208,4532492.173273698,1968072.9306093366,32.0
4.827,-76.218,4643135.2468650015,2092221.184402726,120.0
4.991,-75.957,4672186.08081587,2110234.6604619483,119.0
3.492,-76.896,4567111.9779176405,1944768.29437215,0.0
4.45,-74.375,4847501.574351451,2049863.3269296908,24.0
3.6,-76.241,4640016.976246498,1956443.537792542,156.0
3.764,-75.817,4687209.448873318,1974429.2363178919,0.0
4.713,-74.679,4813844.895923196,2079005.1188451198,2.0
2.577,-76.672,4591691.782171379,1843362.3003486753,130.0
4.098,-74.173,4869848.998981613,2010923.3698891234,0.0
3.626,-74.43,4841240.307127953,1958801.7844338464,8.0
3.68,-77.181,4535486.261997801,1965732.2240584667,4.0
4.681,-75.563,4715766.779862541,2075764.244611494,152.0
3.901,-75.881,4680148.163072371,1989608.8212855293,109.0
3.206,-75.24,4751167.747843239,1912542.9038956459,4.0
2.53,-75.679,4702193.346952907,1837887.9755772105,4.0
4.699,-76.356,4627745.521879778,2078127.9416681184,72.0
3.54,-74.329,4852441.708970072,1949279.9969141164,0.0
2.318,-75.607,4710157.573626603,1814423.8964818828,4.0
2.811,-73.924,4897341.460436076,1868668.2606414207,16.0
4.056,-77.143,4539919.035810452,2007365.618468771,4.0
2.96,-74.842,4795349.761404423,1885260.385898807,7.0
3.479,-74.893,4789788.012193577,1942645.2122631848,10.0
2.683,-75.14,4762170.623267184,1854693.1307391084,0.0
3.979,-76.419,4620389.02446395,1998466.330686832,104.0
4.707,-75.798,4689697.373293664,2078740.1238838376,150.0
4.487,-76.655,4594416.844147389,2054822.6521686162,88.0
3.537,-74.047,4883755.623406582,1948908.3750379907,2.0
4.288,-76.448,4617313.844684507,2032683.3362664669,130.0
3.443,-74.164,4870751.019297415,1938535.6463232185,4.0
2.087,-76.574,4602465.417864036,1789086.4241869831,2.0
4.13,-76.638,4596117.008197066,2015288.2818736783,76.0
3.263,-77.042,4550757.737910091,1919471.7541094865,106.0
1.781,-76.123,4652621.159432352,1755119.8636687181,0.0
4.501,-76.278,4636306.284157881,2056173.5816056118,109.0
4.226,-76.722,4586828.947415124,2025961.0746149912,98.0
4.011,-76.317,4631741.190811788,2001961.6630788187,138.0
2.397,-75.635,4707058.924353731,1823167.4616147054,38.0
3.577,-74.256,4860553.766742909,1953357.8184388904,0.0
2.871,-74.894,4789553.819504321,1875431.2428966549,20.0
3.475,-74.607,4821555.76995663,1942144.178695279,4.0
4.769,-74.876,4792012.405515497,2085251.7563161287,8.0
4.86,-76.213,4643707.617160197,2095870.5502334281,105.0
3.888,-74.265,4859603.796831945,1987730.1041353361,4.0
3.994,-74.165,4870720.275268898,1999428.6079142087,6.0
4.029,-76.587,4601736.485109136,2004081.0394292867,116.0
1.864,-76.024,4663659.050031051,1764284.7328113243,2.0
4.411,-73.594,4934122.344790329,2045438.3893043792,18.0
4.601,-76.48,4613921.182902776,2067347.1237313836,115.0
4.594,-76.533,4608030.052254623,2066601.1485006453,116.0
4.995,-75.115,4765582.311250006,2110317.045822612,54.0
4.489,-75.853,4683496.47368563,2054647.6781003962,132.0
4.626,-76.035,4663351.555036076,2069887.6740819567,95.0
3.586,-77.151,4538777.258506897,1955303.24832208,84.0
3.199,-77.183,4535029.840986969,1912445.7918848663,101.0
4.805,-76.316,4632243.673095066,2089838.5376411816,103.0
4.702,-74.723,4808962.057127273,2077801.0536315262,0.0
4.059,-76.396,4622982.534017904,2007310.568636516,171.0
3.604,-74.467,4837127.727146148,1956376.7740594062,1.0
2.852,-74.876,4791551.121119628,1873327.5339989683,18.0
3.657,-77.286,4523786.926066531,1963239.3585803688,90.0
4.676,-75.297,4745280.626468483,2075109.1172538293,139.0
4.479,-74.758,4805019.67279406,2053159.2692483764,18.0
4.394,-76.3,4633809.758261147,2044342.3745668912,4.0
2.415,-76.134,4651537.000692776,1825276.2463897148,4.0
2.582,-75.081,4768711.897267956,1843515.1277786568,4.0
4.629,-76.787,4579831.087608966,2070621.395327988,53.0
3.52,-73.994,4889638.608785717,1947023.2950182057,16.0
3.822,-74.107,4877132.305638012,1980411.7318495982,0.0
3.737,-77.237,4529283.593243706,1972076.8530266464,78.0
3.977,-75.519,4720390.911902247,1997885.2071962534,4.0
3.853,-76.78,4580189.0140442,1984689.4018843048,126.0
3.124,-74.778,4802492.493729097,1903377.7027604259,2.0
3.71,-76.879,4569106.574358569,1968902.5657893475,72.0
4.703,-75.687,4702014.900588488,2078249.2415279148,142.0
4.168,-73.88,4902370.5451856805,2018617.0579797823,4.0
4.68,-75.715,4698897.567801081,2075717.0803517269,156.0
4.469,-76.242,4640289.059793118,2052614.308893572,10.0
3.359,-74.388,4845860.547010516,1929285.064540357,4.0
4.698,-76.175,4647842.928997263,2077923.3388271995,101.0
2.972,-74.43,4841136.468991642,1886519.1369478188,4.0
4.901,-76.375,4625745.919927744,2100496.3031168496,94.0
2.652,-75.02,4775506.929468038,1851243.1784590937,5.0
4.974,-76.32,4631892.051362214,2108545.3044852256,104.0
4.198,-75.915,4676488.37008717,2022480.1397360547,178.0
3.36,-74.495,4833975.607523235,1929413.115550578,12.0
3.969,-76.307,4632833.949859813,1997308.8168410824,154.0
3.269,-76.503,4610746.943380119,1919910.782808525,95.0
2.961,-74.077,4880356.632486562,1885259.04841224,0.0
4.573,-74.999,4778308.772981576,2063620.361935045,74.0
1.906,-75.946,4672350.16613709,1768916.6281683743,2.0
4.083,-77.261,4526807.1437346535,2010425.3498859787,88.0
4.747,-76.177,4647645.651841631,2083346.797734322,98.0
4.342,-76.355,4627673.999093019,2038614.179698547,135.0
2.515,-75.629,4707752.11406866,1836217.5236155072,4.0
2.913,-75.259,4748987.813782016,1880149.0687153437,4.0
4.936,-74.559,4827209.418148386,2103623.3559489036,40.0
4.966,-74.567,4826330.354487262,2106941.490471315,4.0
4.151,-76.682,4591236.357288949,2017635.9214713944,86.0
3.73,-74.281,4857801.801846673,1970270.8928089645,0.0
4.379,-73.579,4935783.240681372,2041901.145258783,16.0
1.874,-75.992,4667223.370130869,1765385.0287622495,1.0
4.757,-76.266,4637769.600123872,2084499.5441797306,90.0
3.717,-77.281,4524375.50845403,1969884.6423940184,31.0
4.987,-76.272,4637227.020211086,2109957.4507608493,94.0
4.176,-76.596,4600809.079924574,2020359.6295954646,74.0
4.795,-76.567,4604366.611577208,2088871.876537031,5.0
3.922,-76.597,4600573.10620813,1992240.122628417,86.0
3.232,-74.404,4844063.5933154505,1915251.2234129817,14.0
2.731,-74.902,4788639.480646126,1859955.790211992,0.0
3.996,-74.062,4882151.810395337,1999634.152444793,0.0
3.131,-75.159,4760152.762656318,1904230.9864348425,0.0
4.839,-76.315,4632373.022213492,2093601.0326303341,103.0
4.784,-76.253,4639227.090929073,2087480.8314953048,76.0
3.673,-77.175,4536150.419562362,1964953.6056017878,4.0
2.446,-75.374,4736102.175295304,1828532.9154772663,11.0
2.447,-76.487,4612250.607930246,1828914.2151315575,4.0
2.758,-76.85,4571932.620117392,1863464.5976083276,136.0
3.66,-74.259,4860233.364293555,1962531.1758563647,0.0
3.66,-74.044,4884104.285533491,1962500.5467568946,0.0
1.874,-75.901,4677353.417075538,1765367.977527424,0.0
4.446,-75.996,4667599.026113549,2049953.519719943,160.0
3.336,-74.549,4827973.114854627,1926769.7368676255,2.0
1.928,-75.871,4680702.750568204,1771336.3042565593,0.0
3.663,-75.691,4701176.5867580185,1963213.1860613143,5.0
4.96,-76.07,4659631.231722271,2106861.8891315637,124.0
3.557,-73.816,4909406.5886902865,1951092.672107617,0.0
4.398,-76.496,4612036.218034249,2044884.224886801,118.0
2.177,-75.65,4705345.193902637,1798837.300312552,131.0
2.355,-75.347,4739087.960396178,1818464.7774135766,10.0
3.656,-74.296,4856124.518294467,1962094.949871079,2.0
5.191,-74.827,4797575.950611908,2131889.211479195,4.0
4.04,-76.743,4584397.376676434,2005377.0956821572,117.0
3.938,-75.312,4743368.900218169,1993505.2914042734,4.0
4.432,-75.703,4700126.513135388,2048279.3806264903,0.0
4.523,-75.7,4700496.640517949,2058344.1033984937,6.0
4.435,-75.712,4699128.518350307,2048614.8792135662,4.0
4.354,-75.632,4707978.5339585,2039623.5446143993,4.0
4.472,-75.665,4704361.304890172,2052688.5567726989,4.0
4.5,-75.709,4699488.087909039,2055803.6665649267,0.0
4.407,-75.732,4696896.641211401,2045525.7534531832,4.0
4.495,-75.661,4704814.601149017,2055231.004029231,4.0
3.718,-76.61,4599032.693402939,1969661.5225921327,4.0
4.394,-75.598,4711768.749655033,2044034.6710845244,0.0
2.763,-76.078,4657863.125918966,1863767.5439004046,4.0
4.384,-75.697,4700773.425665706,2042967.4684766096,4.0
4.558,-75.674,4703397.154361301,2062204.859043835,5.0
4.525,-75.668,4704049.691031665,2058552.195006235,4.0
4.47,-75.686,4702029.193303291,2052475.824509274,4.0
4.461,-75.694,4701137.417947904,2051483.5495773505,4.0
4.978,-75.581,4713893.936647097,2108621.264018266,122.0
4.506,-75.685,4702154.8220083695,2056457.4998187402,3.0
4.516,-75.71,4699383.6592331445,2057573.9295479262,4.0
4.147,-73.851,4905585.620199807,2016292.9455179558,0.0
4.484,-75.707,4699703.560165213,2054032.996794671,8.0
4.699,-75.49,4723874.599231529,2077725.819461616,51.0
4.417,-75.694,4701119.692689813,2046616.5308392672,7.0
4.455,-75.637,4707462.9068705365,2050796.9813565474,4.0
1.819,-76.044,4661423.966709262,1759309.6004341145,1.0
4.418,-75.749,4695013.624895115,2046749.5053708283,4.0
2.856,-74.631,4818782.470939069,1873728.1885845545,6.0
4.419,-75.667,4704118.110784454,2046826.945439874,4.0
4.506,-75.73,4697159.275450703,2056476.0598880402,0.0
5.143,-74.892,4790355.8835566975,2126603.756976958,4.0
4.499,-75.666,4704261.1673181215,2055675.474439771,4.0
4.459,-75.708,4699582.346999113,2051268.0220884143,4.0
3.257,-74.807,4799295.8101354195,1918085.584434021,5.0
4.49,-75.654,4705589.658187397,2054675.1242734406,4.0
1.822,-76.002,4666100.397137788,1759633.6804810232,5.0
2.692,-75.05,4772178.837215774,1855671.0284056808,4.0
1.947,-77.381,4512501.542841887,1773800.4071344484,115.0
4.5,-75.662,4704705.607886226,2055784.4650906646,4.0
1.879,-76.011,4665109.1524893865,1765941.8579114084,0.0
4.425,-75.675,4703232.3258565245,2047493.8118921593,0.0
4.497,-75.684,4702262.169192945,2055461.5711253413,4.0
5.08,-74.924,4786787.949997663,2119649.2979599047,19.0
4.646,-76.747,4584285.397518291,2072480.1592286818,62.0
3.396,-76.672,4591994.977711905,1934039.0530753033,1.0
4.678,-74.729,4808290.057645394,2075149.6600217943,22.0
4.789,-75.573,4714701.36501705,2087713.5497758908,40.0
4.288,-73.732,4918803.514707514,2031860.3673036988,0.0
4.297,-73.749,4916918.671401385,2032856.7026219363,0.0
4.705,-74.698,4811735.555012795,2078125.8906477652,3.0
4.522,-76.386,4624320.849801152,2058552.7733691204,123.0
2.592,-75.656,4704766.164944862,1844740.3582355618,10.0
4.366,-75.613,4710092.6573399445,2040943.4890721072,3.0
4.121,-76.279,4636014.091953682,2014118.5556258939,124.0
2.745,-75.004,4777302.760404797,1861521.9992807417,3.0
4.528,-76.253,4639096.377353189,2059149.2382112392,119.0
3.777,-76.749,4583600.147854023,1976258.892991447,32.0
4.688,-74.696,4811952.811984468,2076246.1486171577,0.0
4.688,-74.698,4811730.99375982,2076246.6857309272,1.0
4.253,-76.433,4618963.346039309,2028801.7032303796,130.0
3.319,-74.154,4871845.2768246755,1924830.7985600722,0.0
3.901,-75.71,4699147.351230561,1989545.7049111722,4.0
4.212,-76.346,4628611.181710656,2024221.370516476,124.0
2.006,-75.772,4691736.129840261,1779946.1688839912,2.0
2.462,-75.452,4727429.58042969,1830317.949169289,126.0
3.689,-74.318,4853687.135775701,1965745.649327295,0.0
4.791,-76.265,4637898.49439716,2088261.8616861326,102.0
4.963,-74.658,4816241.334068091,2106634.4541410776,12.0
4.293,-76.44,4618205.301182076,2033232.788848861,132.0
4.705,-74.718,4809517.413987734,2078131.3160811528,7.0
4.369,-76.486,4613132.373125761,2041668.8402598556,96.0
4.11,-76.316,4631897.290261762,2012918.142670217,148.0
4.426,-75.966,4670921.580688776,2047727.2734633142,142.0
4.787,-76.333,4630346.50338766,2087855.492446091,56.0
4.427,-76.357,4627493.982540811,2048023.074021272,80.0
4.313,-75.727,4697414.134324646,2035125.732858158,4.0
4.326,-73.748,4917032.7460091235,2036061.1363751302,4.0
4.7,-76.211,4643846.851176443,2078162.9339535101,95.0
4.477,-75.719,4698368.495551986,2053263.6172249224,4.0
4.475,-75.708,4699588.866958616,2053037.868419219,4.0
2.848,-77.265,4525745.267418894,1873594.0063681784,18.0
2.436,-75.539,4717746.75059403,1827460.551508947,14.0
4.833,-76.191,4646135.656421333,2092871.0470836991,122.0
3.394,-74.221,4864413.998966513,1933128.3324077523,4.0
3.719,-76.162,4648847.082547172,1969581.055913491,191.0
2.668,-74.99,4778845.191948126,1853006.6563403886,1.0
4.364,-75.729,4697212.39150038,2040767.9964972213,4.0
4.447,-75.671,4703685.191611402,2049925.67593952,4.0
4.704,-76.171,4648290.05687242,2078585.291648652,120.0
4.74,-74.685,4813186.704730444,2081991.3264211984,4.0
3.671,-76.873,4569755.270914682,1964580.6654185895,131.0
3.29,-74.338,4851403.820078149,1921651.464268223,0.0
3.289,-74.509,4832408.517876235,1921568.0261284227,0.0
2.023,-76.518,4608686.588999546,1781987.7597922026,0.0
4.466,-75.705,4699918.250970731,2052041.103795987,4.0
4.451,-76.182,4646944.530545892,2050593.2480606588,124.0
2.817,-75.963,4670672.721035825,1869709.377856234,4.0
2.892,-76.341,4628638.393712132,1878123.9833477805,0.0
4.712,-75.068,4770698.266940452,2079010.5174013013,8.0
4.651,-76.335,4630052.276985986,2072804.1636592862,126.0
2.338,-75.432,4729629.786573753,1816601.0001890738,0.0
4.63,-75.739,4696212.40754294,2070196.498639372,155.0
4.917,-74.633,4819000.388990116,2101542.791895787,2.0
3.732,-75.92,4675751.141806735,1970926.6026664763,202.0
3.848,-76.11,4654678.7858135775,1983834.7868039608,15.0
2.824,-75.003,4777428.771089343,1870255.746445187,0.0
4.529,-75.673,4703496.291970513,2058996.686975457,0.0
3.745,-76.071,4658972.861434212,1972422.2079342948,88.0
4.416,-75.83,4686019.108129043,2046562.0091498038,174.0
4.287,-73.85,4905713.451618157,2031763.3760209903,0.0
3.84,-76.15,4650229.648725151,1982965.8416230832,119.0
4.933,-76.111,4655067.183269914,2103895.4232330774,117.0
4.759,-74.663,4815631.54375353,2084085.6876942816,7.0
2.524,-74.242,4861974.085688994,1836983.4309623516,0.0
4.23,-73.712,4921016.1981626935,2025449.2518765088,0.0
1.821,-76.065,4659086.335806935,1759534.8525816416,0.0
4.734,-76.434,4619102.531503212,2082044.2135984658,100.0
3.373,-74.494,4834088.886437128,1930849.79939191,51.0
4.48,-75.633,4707916.865655553,2053560.6109439621,3.0
4.734,-76.25,4639534.090376641,2081945.7444337206,100.0
4.665,-76.347,4628726.986740614,2074360.0017175116,100.0
2.19,-75.052,4771871.783107459,1800170.8090741187,32.0
4.623,-75.899,4678448.702429922,2069492.65737382,127.0
1.856,-76.125,4652412.8510530405,1763419.1602987293,0.0
2.649,-76.162,4648483.773687281,1851177.1890466798,0.0
4.674,-74.875,4792095.011982071,2074749.0033337616,2.0
4.334,-76.379,4625003.54400745,2037740.5878298688,118.0
3.315,-74.737,4807084.313215008,1924483.2494001973,0.0
1.714,-75.903,4677102.686457413,1747667.6183518195,0.0
4.826,-74.646,4817534.546767766,2091487.2721042312,18.0
3.609,-74.106,4877213.862526003,1956872.7395406985,0.0
4.037,-77.332,4518880.231001788,2005370.4922118578,0.0
4.224,-76.895,4567594.637825705,2025833.9331745354,32.0
3.841,-76.456,4616213.066907836,1983208.0130541464,124.0
3.326,-76.471,4614329.170386434,1926207.887640042,144.0
4.096,-76.115,4654226.511079315,2011279.0457559817,168.0
3.356,-74.322,4853190.829657119,1928943.347635875,14.0
3.61,-74.391,4845568.26886189,1957026.676347897,0.0
3.802,-76.093,4656549.881839589,1978737.943172241,180.0
4.435,-76.019,4665039.904165282,2048746.8251519317,162.0
4.254,-76.601,4600293.246556647,2028997.5147886332,46.0
2.888,-74.977,4780331.189636947,1877326.2861807842,0.0
1.271,-76.062,4659332.511204604,1698679.297863036,100.0
4.424,-76.933,4563484.295394722,2048005.5707147706,60.0
1.351,-75.734,4695863.871873369,1707487.328965327,42.0
4.009,-76.128,4652744.868088923,2001657.6288197578,168.0
3.0,-75.072,4769794.035198276,1889727.9410626537,120.0
1.917,-75.908,4676582.205221656,1770126.36628341,42.0
3.531,-74.491,4834449.486051546,1948312.5925344496,0.0
4.11,-73.859,4904693.579081161,2012205.257681145,0.0
3.358,-73.762,4915384.468600909,1929098.1252790703,0.0
3.838,-76.74,4584630.514161423,1983008.8640188896,104.0
2.781,-75.09,4767748.73258316,1865518.600683305,84.0
4.047,-75.877,4680648.876930651,2005759.3063785944,205.0
3.885,-76.494,4612008.026375934,1988095.8296692255,104.0
2.473,-75.65,4705406.667936739,1831576.7745142637,0.0
3.895,-76.874,4569754.848108005,1989387.6194876828,56.0
3.872,-76.782,4579975.938413056,1986794.2867062227,32.0
4.606,-76.22,4642800.082084537,2067764.8644926564,92.0
4.522,-75.99,4668299.656683892,2058359.640098523,146.0
4.2,-76.493,4612269.258822637,2022964.706054022,117.0
3.627,-74.315,4854010.19261271,1958892.9541774644,0.0
4.711,-76.371,4626086.203468508,2079464.1636558585,96.0
3.27,-74.911,4787743.050345739,1919544.0552153422,26.0
2.379,-73.502,4944209.409507503,1820906.9503351208,12.0
4.483,-75.787,4690821.609500814,2053955.6908699085,0.0
1.858,-75.847,4683361.398621212,1763588.1226594474,0.0
4.807,-76.096,4656667.900287012,2089945.2495349513,120.0
3.424,-74.831,4796663.607761433,1936551.5814630243,23.0
3.304,-74.81,4798971.883636632,1923281.779173507,22.0
3.449,-74.82,4797890.856861183,1939312.8939070727,47.0
3.439,-74.314,4854091.861799064,1938115.2084453527,0.0
4.07,-75.532,4718978.891143904,2008175.3233016136,0.0
2.412,-76.6,4599658.48895382,1825072.737702687,145.0
2.006,-76.505,4610130.367397574,1780102.8062667255,0.0
3.244,-75.156,4760512.350124702,1916724.4343653633,4.0
3.6,-74.472,4836571.771372903,1955935.562926585,0.0
3.989,-76.085,4657514.833262347,1999426.4765657687,180.0
5.106,-74.897,4789789.554038673,2122514.876707334,4.0
2.64,-73.836,4907106.085059017,1849765.3757563254,4.0
3.286,-75.941,4673262.016309356,1921590.911903007,0.0
2.19,-75.369,4736610.933014217,1800222.8204757895,0.0
2.345,-75.511,4720843.031967538,1817390.634021065,0.0
1.525,-76.704,4587858.717654394,1726895.7136583307,0.0
3.969,-75.48,4724719.976609665,1996987.3371718884,0.0
5.124,-75.976,4670145.303343773,2124959.594591709,0.0
3.269,-74.77,4803409.069432242,1919404.797334717,0.0
4.748,-76.344,4629104.187621486,2083544.8954875092,114.0
1.953,-74.728,4807875.454165076,1773927.927305332,3.0
3.52,-74.44,4840111.5129001755,1947087.8944469076,4.0
3.686,-75.127,4763844.850096223,1965587.789077726,96.0
2.351,-75.628,4707828.011179178,1818078.1609946464,0.0
2.951,-74.893,4789679.816608211,1884274.987037949,4.0
2.069,-75.944,4672604.964701053,1786949.5559090276,0.0
4.735,-74.696,4811965.447775137,2081441.5942070107,2.0
3.425,-74.676,4813882.012029966,1936630.6364804516,0.0
4.817,-74.705,4810989.796442823,2090508.4920879551,14.0
3.641,-73.944,4895204.261116757,1960388.6497778608,2.0
2.836,-74.446,4839339.375995284,1871490.1983580028,4.0
4.823,-74.553,4827845.781015023,2091131.444850378,0.0
3.64,-77.046,4550490.255377162,1961232.2316583316,72.0
2.671,-75.366,4737037.868317826,1853412.4190478853,2.0
4.567,-75.69,4701624.845280356,2063206.9965340209,166.0
2.875,-75.052,4771991.681166765,1875903.7858008647,20.0
4.383,-74.932,4785686.670240385,2042594.5584975816,24.0
2.262,-75.509,4721049.355332312,1808210.9330548395,4.0
4.487,-76.234,4641186.414877699,2054602.413035747,108.0
3.591,-75.355,4738489.647424764,1955146.071527949,123.0
4.689,-74.728,4808403.965472841,2076365.361674922,0.0
2.417,-75.162,4759675.090923431,1825286.6261390424,4.0
4.817,-76.278,4636468.984985147,2091146.2592007073,68.0
2.317,-75.904,4677110.379660491,1814377.5980592533,0.0
4.675,-74.656,4816385.738235801,2074798.5316077056,13.0
2.334,-75.608,4710049.589489349,1816193.7429378536,0.0
4.658,-76.558,4605288.414392368,2073700.0548308038,52.0
3.465,-76.946,4561535.1824863525,1941801.2133378058,78.0
3.855,-75.779,4691464.638276949,1984482.1559719066,0.0
4.056,-76.508,4610531.81002558,2007031.631584495,128.0
2.346,-75.517,4720175.7588853305,1817502.4278633837,0.0
0.892,-76.199,4644030.51814461,1656757.7853592364,22.0
4.755,-74.68,4813745.229940754,2083648.0894449493,4.0
2.847,-74.796,4800442.320001859,1872760.6367397585,7.0
2.897,-75.202,4755321.172195345,1878367.398547867,0.0
5.074,-74.753,4805742.020360853,2118932.1455810242,3.0
3.299,-74.415,4842852.041206003,1922657.9680501653,4.0
2.645,-76.625,4596946.723506216,1850875.5894525342,71.0
4.409,-75.697,4700783.4117421275,2045732.8243521038,1.0
4.832,-74.655,4816538.200510317,2092152.9280061424,2.0
4.777,-74.523,4831160.834772769,2086039.447816099,0.0
3.322,-75.912,4676498.313268743,1925564.2277783223,0.0
3.932,-75.545,4717487.770732583,1992917.070040624,0.0
1.917,-75.901,4677361.3908711085,1770125.0438069976,0.0
2.269,-76.539,4606410.811170272,1809224.879392715,0.0
1.947,-76.733,4584719.688328535,1773626.3710571777,72.0
3.818,-76.368,4625986.80330579,1980623.2622384392,0.0
5.049,-74.746,4806510.52857611,2116166.4165059603,4.0
3.571,-74.567,4826016.401822237,1952747.723162957,0.0
4.381,-75.337,4740737.3970015645,2042501.4243124481,0.0
4.868,-76.357,4627725.97304765,2096833.7461151641,107.0
4.782,-76.493,4612577.193349341,2087390.4291446595,100.0
4.057,-75.251,4750179.457547073,2006645.3319236783,0.0
4.054,-75.254,4749845.416879795,2006314.52903546,0.0
1.932,-75.91,4676362.41275578,1771786.2001530314,0.0
4.375,-75.341,4740291.327913518,2041839.3050016116,0.0
2.86,-74.49,4834453.0112853255,1874149.0222620252,5.0
4.571,-76.565,4604462.5879578125,2064072.5738142165,72.0
3.991,-73.984,4890807.548317797,1999070.8434225763,0.0
4.477,-76.334,4630074.057106716,2053545.4857266513,142.0
2.847,-75.164,4759535.166854423,1872830.8804378214,0.0
1.953,-75.986,4667906.5349091105,1774124.2857141122,0.0
2.045,-76.086,4656793.358552044,1784324.0525721654,0.0
1.844,-76.005,4665770.499688569,1762068.313202578,13.0
4.751,-74.842,4795777.894672667,2083251.6778389574,0.0
1.286,-74.476,4835846.691886328,1700181.9921046621,1.0
1.863,-76.097,4655531.655713399,1764188.2179313211,11.0
4.625,-76.245,4640033.445764326,2069880.1731533199,100.0
4.702,-76.297,4634298.738260318,2078428.7705312106,32.0
4.918,-76.449,4617540.020379997,2102419.929963906,4.0
4.732,-74.799,4800541.415988337,2081138.7205709235,0.0
4.89,-76.515,4610195.963513591,2099358.541403424,9.0
4.214,-75.773,4692266.636543153,2024192.7149984047,192.0
4.444,-76.801,4578167.866624448,2050143.761986521,21.0
4.8,-76.321,4631685.849988611,2089287.8435386214,122.0
2.486,-74.36,4848853.79162697,1832796.820596716,2.0
4.363,-76.834,4574453.97411373,2041192.873179973,98.0
3.611,-74.397,4844902.174457233,1957138.2202460233,4.0
4.126,-76.767,4581773.369216839,2014912.202318553,60.0
4.724,-74.705,4810964.346756074,2080228.0787185433,0.0
3.299,-74.447,4839297.41768317,1922663.0780685362,2.0
4.813,-76.654,4594714.826850018,2090915.74839309,104.0
5.053,-74.786,4802077.586536285,2116620.6391390273,1.0
4.475,-75.785,4691040.293263955,2053069.8661397286,174.0
2.683,-75.032,4774178.407504973,1854672.6573402393,4.0
3.591,-74.358,4849229.565402916,1954921.237435682,0.0
1.918,-76.236,4640066.353619107,1770302.5889744782,4.0
2.744,-76.819,4575379.572852559,1861903.1776269998,122.0
4.375,-76.951,4561454.610124808,2042589.2499599461,40.0
5.109,-74.821,4798215.077163,2122822.190771156,17.0
1.726,-75.102,4766246.295293415,1748877.8228712445,0.0
2.373,-75.358,4737867.798309143,1820457.312569216,2.0
2.648,-76.134,4651599.353365805,1851058.6146792462,3.0
4.52,-76.224,4642313.239277974,2058249.5157535856,107.0
4.202,-76.196,4645273.497116273,2023044.775564626,158.0
2.117,-75.565,4714791.69626085,1792185.0218424287,0.0
1.579,-76.093,4655925.999319363,1732763.1763721535,4.0
3.728,-76.568,4603708.2324561365,1970749.570753092,148.0
4.894,-76.366,4626741.182139654,2099716.4923449,113.0
4.06,-76.632,4596748.87642657,2007535.3162026026,86.0
4.61,-76.612,4599262.913135703,2068416.4190247457,98.0
3.36,-74.752,4805426.715546688,1929460.5404786775,0.0
2.54,-75.497,4722440.534045878,1838953.5142166354,4.0
3.623,-74.565,4826248.368484953,1958494.975897612,2.0
4.694,-75.588,4712997.759922245,2077212.297503008,146.0
3.816,-76.751,4583396.438120855,1980578.221582085,70.0
2.626,-75.048,4772389.0914756,1848373.7610900928,4.0
3.333,-74.704,4810753.901531234,1926466.5731988193,0.0
4.779,-76.184,4646884.860690678,2086891.5899187564,100.0
1.785,-75.952,4671660.029833504,1755531.0029874716,144.0
4.439,-76.157,4649715.508653211,2049253.4010748917,104.0
4.221,-76.227,4641837.879922789,2025161.6012349874,152.0
3.648,-73.946,4894983.028036993,1961162.4197525177,0.0
4.731,-76.237,4640975.932824873,2081606.987426896,100.0
4.698,-76.37,4626190.302006198,2078024.742617122,128.0
3.764,-75.836,4685098.035229305,1974436.0797482403,215.0
2.892,-74.876,4791558.378154095,1877749.4521398072,0.0
3.05,-74.925,4786142.409481847,1895225.6709366413,16.0
2.352,-75.545,4717062.059580908,1818171.6468741207,0.0
3.997,-75.684,4702070.161010787,2000155.207395384,0.0
4.347,-73.853,4905388.081971838,2038394.00329025,4.0
4.622,-74.899,4789417.42023612,2069007.3722663862,7.0
3.812,-74.101,4877796.923371994,1979305.765390953,0.0
3.561,-76.136,4651676.565667857,1952087.130283093,175.0
4.026,-76.428,4619410.319599209,2003672.8511058174,137.0
2.661,-74.249,4861210.969899227,1852124.6504867962,0.0
3.56,-76.984,4557350.883016181,1952340.8845989958,33.0
4.647,-76.046,4662140.2662280435,2072216.5221868162,0.0
3.96,-76.126,4652946.541431185,1996234.6685644423,130.0
4.408,-76.215,4643258.599237952,2045850.519451502,126.0
4.686,-74.807,4799640.978484559,2076055.821627613,22.0
3.696,-74.208,4865901.315936292,1966501.929213862,0.0
3.657,-76.824,4575200.105900878,1963006.8732866363,118.0
3.477,-74.245,4861760.448625562,1942304.5466859143,0.0
1.978,-75.797,4688948.502479128,1776853.5597481576,0.0
2.208,-76.053,4660502.626518389,1802352.1590012955,20.0
4.764,-76.404,4622450.377855131,2085348.4066445325,85.0
4.384,-76.728,4586247.534669065,2043458.8700241323,68.0
2.401,-75.72,4697603.076449616,1823628.4092257093,2.0
2.272,-75.336,4740296.379720563,1809284.5952134,31.0
2.845,-75.997,4666898.312078351,1872816.9786171806,3.0
4.663,-74.811,4799190.762724782,2073514.36154857,23.0
4.648,-74.593,4823366.141975452,2071797.9200824716,23.0
4.73,-76.569,4604107.23211265,2081677.1027130228,82.0
3.479,-77.243,4528482.33561063,1943495.3582813886,78.0
4.227,-76.529,4608281.70930162,2025971.6086436904,79.0
2.14,-76.633,4595907.840642112,1794969.1623642717,0.0
2.145,-76.668,4592010.858271059,1795532.0250984798,0.0
4.65,-76.254,4639046.731453939,2072651.5075438495,82.0
2.383,-75.542,4717402.089255164,1821599.5423250976,4.0
4.126,-76.997,4556197.750514356,2015037.075753777,64.0
2.618,-75.093,4767384.189291447,1847497.5520909317,102.0
3.312,-74.498,4833634.298918532,1924108.3132541126,18.0
1.742,-76.298,4633126.789637241,1750837.6653108767,4.0
3.755,-76.801,4577805.488512145,1973847.892060332,121.0
4.359,-76.488,4612905.010753739,2040562.9089781127,117.0
3.183,-77.148,4538920.024772489,1910657.4783730046,75.0
2.004,-75.707,4698969.643920971,1779712.8301119297,0.0
2.806,-76.477,4613474.6137366,1868649.901655434,136.0
2.845,-74.813,4798552.434729724,1872542.505568724,15.0
4.583,-75.138,4762889.936428763,2064770.4665001542,0.0
4.897,-76.064,4660265.019305311,2099887.797732681,12.0
3.515,-74.552,4827671.893028321,1946555.1868118967,0.0
3.92,-76.4,4622474.346265357,1991927.1629765988,124.0
3.234,-74.597,4822623.019537986,1915503.9528409624,3.0
3.981,-76.615,4598600.102786775,1998780.684169471,136.0
4.577,-76.719,4587356.314567268,2064823.714761327,94.0
3.971,-76.603,4599929.473179683,1997667.7484440696,78.0
4.68,-76.432,4619295.217750437,2076065.829629919,118.0
4.572,-76.084,4657885.381560865,2063935.907264001,5.0
3.803,-75.79,4690223.693370604,1978733.8296609556,0.0
1.566,-76.168,4647572.149781493,1731337.2266591338,4.0
3.394,-73.802,4910945.704853219,1933079.6942227958,0.0
3.136,-74.844,4795160.787195061,1904716.8971840823,0.0
2.366,-77.409,4509514.377018139,1820240.7179231034,72.0
4.837,-74.85,4794916.295504448,2092761.4122862783,4.0
3.789,-77.254,4527419.613470389,1977847.3606790865,86.0
1.744,-76.399,4621878.773529667,1751079.037345077,2.0
4.64,-75.702,4700323.41068613,2071286.8987546086,148.0
4.382,-75.302,4744622.669778242,2042599.9848344212,1.0
4.047,-76.441,4617975.120231458,2006003.4348598265,144.0
4.43,-75.707,4699681.612606697,2048059.771588186,2.0
2.665,-75.114,4765058.034719888,1852697.9590363633,4.0
2.815,-74.817,4798102.639976095,1869226.878709436,11.0
4.931,-75.756,4694459.046018317,2103500.59246753,4.0
3.649,-77.056,4549381.896982027,1962234.141549851,32.0
3.681,-77.36,4515562.094908175,1965938.5331973974,22.0
2.345,-75.566,4714724.42216675,1817401.7333411754,4.0
1.844,-76.116,4653412.562373962,1762089.575051884,2.0
4.542,-76.713,4588002.983592559,2060944.9247768538,112.0
3.907,-76.222,4642254.772398236,1990410.2569979383,118.0
3.763,-75.837,4684986.547395692,1974325.815289407,0.0
4.604,-76.107,4655346.838907252,2067487.8630873614,104.0
1.997,-76.11,4654111.418901807,1779017.9718979907,4.0
4.357,-75.351,4739175.095952272,2039852.2464298138,4.0
2.059,-77.365,4514318.537545789,1786206.4878650017,4.0
1.847,-75.875,4680242.694488397,1762376.277373273,0.0
3.55,-74.123,4875318.333655943,1950354.8817106145,13.0
2.344,-75.537,4717950.430335686,1817285.2544623904,0.0
4.709,-74.695,4812069.347920934,2078567.247623242,20.0
4.698,-76.164,4649064.2359266225,2077917.7996051065,97.0
1.907,-76.087,4656653.641096232,1769054.788359286,0.0
5.122,-75.947,4673361.4203902045,2124723.450507288,124.0
1.829,-74.188,4867915.6053835815,1760172.4887202927,6.0
2.431,-75.597,4711293.611417171,1826919.8423292537,0.0
3.681,-74.103,4877556.697574508,1964829.1092345882,0.0
3.382,-74.476,4836089.770442942,1931841.4867878077,18.0
1.872,-76.242,4639388.734979162,1765213.2669415756,4.0
3.124,-75.025,4775043.984300065,1903427.3653908079,2.0
1.752,-76.346,4627783.125821434,1751953.8623155996,4.0
2.653,-75.002,4777508.361714677,1851350.4829058752,4.0
2.868,-74.871,4792109.7696296675,1875095.3913246968,0.0
4.439,-76.35,4628277.621922798,2049347.7236098652,134.0
4.848,-76.235,4641259.099929199,2094554.1800186192,120.0
1.615,-76.758,4581859.500602146,1736871.4946901528,4.0
3.801,-74.091,4878905.449025519,1978088.7358355594,0.0
3.954,-76.223,4642163.700516123,1995611.9663864733,4.0
2.63,-75.161,4759825.430364256,1848837.1828186996,4.0
4.634,-76.428,4619714.692596824,2070971.9222175502,123.0
3.251,-76.848,4572347.803852683,1918058.114858591,5.0
4.43,-73.589,4934678.553570042,2047537.415081022,2.0
4.899,-76.197,4645504.210780023,2100178.0483950484,114.0
3.744,-74.256,4860579.601543704,1971814.1329976814,0.0
4.248,-75.127,4764004.512069714,2027726.49505208,4.0
3.988,-75.488,4723837.75551415,1999091.3122404113,4.0
4.063,-76.652,4594526.839268852,2007877.4832847593,60.0
3.297,-74.332,4852071.324470876,1922424.2083231332,5.0
2.672,-75.03,4774398.752480445,1853456.1525915528,4.0
2.354,-75.569,4714392.503167574,1818397.7385878256,1.0
4.419,-76.392,4623601.70103405,2047155.2888336198,135.0
4.076,-77.103,4544379.930303581,2009558.4175292368,50.0
4.243,-75.878,4680616.576762875,2027443.3026496887,180.0
3.588,-74.45,4839012.733193859,1954605.3441238205,4.0
3.72,-77.102,4544298.899472961,1970122.3108201874,47.0
4.489,-76.115,4654403.650604566,2054766.3770705669,104.0
3.39,-74.651,4816652.381200567,1932757.07213192,4.0
3.649,-76.957,4560398.42056755,1962185.0317816709,6.0
4.818,-76.222,4642686.48305597,2091227.2810483899,100.0
2.21,-76.642,4594924.1542914165,1802721.372473994,7.0
4.857,-76.392,4623834.0547657,2095635.6419046766,103.0
2.729,-74.184,4868442.139485435,1859632.339104794,0.0
4.906,-74.7,4811568.9860185385,2100345.3518715873,16.0
4.027,-76.555,4605293.040146355,2003844.032847025,137.0
3.379,-74.947,4783766.719481657,1931602.057425627,2.0
3.281,-74.985,4779522.965224916,1920776.121462079,2.0
2.689,-75.016,4775958.363250842,1855333.055637382,4.0
4.338,-75.614,4709970.903140675,2037846.8862273474,1.0
3.988,-76.431,4619059.228820513,1999468.0714523864,91.0
3.792,-77.2,4533430.943028421,1978150.370309194,51.0
4.723,-76.121,4653850.700057834,2080662.7392432985,99.0
4.461,-76.265,4637730.458996855,2051740.2551233226,109.0
4.287,-76.249,4639424.274793418,2032475.9360046098,2.0
3.508,-76.848,4572460.651274079,1946518.104536972,76.0
4.832,-74.647,4817425.2679934185,2092150.7742669915,22.0
1.842,-75.948,4672115.607418624,1761836.4278989432,0.0
4.685,-75.899,4678476.88686598,2076351.951880826,143.0
2.476,-77.318,4519696.150404032,1832397.128619669,65.0
4.644,-75.398,4734062.111529166,2071607.709639385,0.0
4.678,-76.283,4635840.845044466,2075765.2775005002,156.0
2.816,-76.917,4564492.973595418,1869912.3329907618,117.0
2.951,-76.067,4659142.565479459,1884566.075949546,47.0
2.211,-76.484,4612519.98274599,1802789.814902227,4.0
3.715,-74.796,4800614.5168126635,1968712.6395198153,38.0
2.211,-76.483,4612631.337443599,1802789.5533812768,4.0
4.802,-76.023,4664768.36926185,2089355.7235680914,32.0
2.637,-75.007,4776949.6000544075,1849582.484835718,4.0
2.289,-75.334,4740521.901141599,1811164.0893836082,423.0
2.802,-75.697,4700256.850706006,1867978.325676574,168.0
3.812,-75.647,4706115.758019358,1979679.26545107,4.0
3.494,-74.571,4825557.789590985,1944237.552651702,4.0
3.833,-76.28,4635776.273863168,1982245.5009540247,118.0
4.689,-76.227,4642064.707311106,2076953.777971026,100.0
3.833,-75.649,4705900.713793884,1982002.7310156906,4.0
3.908,-76.225,4641921.750163186,1990522.2023976156,96.0
4.427,-75.624,4708895.08473181,2047694.8119849204,4.0
4.739,-76.062,4660408.438012936,2082404.0146380758,129.0
2.063,-75.644,4705991.272936283,1786227.0950539254,7.0
4.603,-74.963,4782311.871979785,2066926.0693460808,20.0
3.834,-75.638,4707123.168263421,1982109.5667121287,3.0
3.067,-76.153,4649612.354928317,1897429.0016219644,172.0
2.174,-75.655,4704788.257968128,1798506.459619371,4.0
3.709,-77.211,4532162.491046846,1968960.8293081357,32.0
3.836,-75.655,4705235.130776142,1982336.6228488644,0.0
4.563,-74.9,4789289.163326079,2062485.0219688765,23.0
3.623,-74.391,4845570.469578091,1958463.4722123882,2.0
3.588,-76.366,4626112.455670882,1955165.7450167711,151.0
2.769,-74.83,4796649.730371199,1864144.0708011228,10.0
4.498,-76.212,4643635.228827506,2055808.9688354353,106.0
3.335,-74.241,4862184.463838852,1926610.7404143265,3.0
3.875,-75.642,4706692.832405991,1986645.8699625863,4.0
3.88,-75.631,4707916.597626202,1987195.1029622064,4.0
2.622,-75.162,4759712.707036781,1847952.8389977799,4.0
1.881,-75.91,4676352.870961531,1766144.0525653407,4.0
3.209,-76.41,4621071.121453156,1913234.0220645985,27.0
4.637,-76.331,4630489.187963507,2071252.561747626,123.0
4.72,-76.713,4588106.251120029,2080653.792995825,43.0
2.235,-75.593,4711698.629000461,1805241.134934545,4.0
4.199,-76.278,4636161.084643778,2022750.5167117298,140.0
3.514,-74.61,4821229.942247541,1946455.5539817833,5.0
1.891,-75.889,4678692.303572828,1767246.448886735,3.0
4.265,-76.677,4591851.722446864,2030255.2743862644,88.0
2.419,-75.312,4742992.887904258,1825535.2648971963,4.0
2.06,-75.611,4709662.846363019,1785889.2210156787,0.0
1.895,-76.013,4664889.569696686,1767712.4926545112,4.0
3.901,-76.918,4564863.750307549,1990074.755989495,97.0
4.636,-75.911,4677122.452791509,2070936.359620992,20.0
4.216,-77.089,4546017.363682758,2025058.643379278,40.0
3.709,-75.84,4684633.852266198,1968353.0878788007,191.0
2.054,-76.243,4639316.476844726,1785354.524022346,0.0
3.811,-76.86,4571269.860704821,1980078.1875531364,64.0
2.934,-76.381,4624201.093161066,1882785.8011715768,152.0
3.496,-74.388,4845882.481082552,1944426.6054711351,0.0
4.08,-76.188,4646108.035835171,2009540.3531763535,161.0
2.565,-77.592,4489189.539199861,1842365.1165636135,68.0
4.084,-76.702,4588978.483763237,2010227.9509252205,0.0
4.556,-74.622,4820126.634596713,2061635.8329924438,59.0
3.983,-76.663,4593264.093995047,1999025.6828000601,94.0
1.782,-75.997,4666649.75007564,1755207.1948469232,0.0
3.611,-77.203,4533001.943546762,1958099.3831557548,21.0
4.613,-76.215,4643358.816913409,2068537.0204134814,114.0
2.712,-75.033,4774072.584406214,1857879.0246765495,2.0
4.88,-74.821,4798145.004593319,2097506.3366991812,4.0
4.202,-76.709,4588261.404031183,2023296.8127444996,22.0
5.049,-74.68,4813826.68251833,2116147.160323612,26.0
4.076,-76.295,4634215.568002802,2009145.5732971064,146.0
5.149,-74.685,4813301.338670764,2127202.7873029793,12.0
4.63,-75.876,4681005.094006651,2070256.6977950782,32.0
4.014,-76.649,4594836.005577067,2002450.9382660263,12.0
5.104,-74.668,4815172.5317082675,2122223.489631148,28.0
0.693,-75.225,4752467.6389741935,1634674.393225339,0.0
1.929,-75.519,4719877.594293774,1771384.85839325,0.0
4.626,-76.479,4614045.793521387,2070113.9747205628,70.0
2.899,-74.928,4785779.8389326995,1878532.9955526853,24.0
4.4,-73.813,4909831.390066187,2044245.7903898908,0.0
4.339,-73.641,4928902.804487751,2037486.771236644,4.0
4.393,-73.809,4910274.216158099,2043471.7855023697,4.0
4.411,-73.852,4905507.03721009,2045466.1624078995,4.0
4.384,-73.833,4907611.097812608,2042480.172069785,4.0
4.447,-73.802,4911057.070825456,2049438.1208117856,0.0
4.394,-73.817,4909387.001349146,2043583.2534986136,3.0
4.365,-73.821,4908939.826775231,2040379.1357746546,0.0
3.602,-74.384,4846344.2313291505,1956141.311625098,0.0
4.565,-73.729,4919166.364575846,2062468.9170063094,20.0
4.525,-75.089,4768308.020520351,2058341.615362596,4.0
2.326,-75.671,4703038.706324822,1815322.036633908,3.0
3.48,-74.702,4811004.77657493,1942715.346149207,4.0
2.038,-76.175,4646883.733634574,1783568.785558517,0.0
3.543,-74.454,4838560.684184905,1949632.394175155,32.0
2.924,-76.351,4627536.1173845,1881668.968528868,2.0
1.959,-76.022,4663900.214800891,1774795.3028797787,16.0
2.923,-76.046,4661470.208642033,1881461.5862576182,0.0
4.457,-76.747,4584176.632871679,2051552.5493531413,40.0
4.242,-76.496,4611956.746880068,2027615.469932434,117.0
4.994,-75.697,4701033.26208166,2110442.581451246,137.0
2.809,-76.099,4655539.977886725,1868863.5476373169,3.0
1.856,-77.059,4548371.25997191,1763630.704279837,143.0
4.463,-73.683,4924256.651486149,2051192.863780282,0.0
4.245,-76.399,4622737.623433054,2027899.4916106698,112.0
3.699,-74.134,4874117.499611969,1966822.639733673,0.0
4.344,-75.94,4673773.194107537,2038643.5297765655,158.0
4.043,-76.227,4641757.851929037,2005462.981421978,1.0
3.771,-75.556,4716212.495269893,1975114.105723182,2.0
4.529,-75.359,4738347.762333903,2058875.7599095139,0.0
4.946,-76.162,4649413.736432435,2105360.6900254325,100.0
3.677,-76.925,4563972.627768553,1965270.411765908,30.0
4.963,-75.409,4732965.782491295,2106890.263278201,128.0
3.015,-74.923,4786357.810032947,1891355.9799014046,5.0
4.833,-75.976,4670000.04160407,2092762.7343296374,125.0
4.404,-73.866,4903953.320693044,2044694.4185705706,0.0
4.975,-76.108,4655421.925524239,2108541.3990575457,106.0
4.638,-75.424,4731174.741096002,2070953.9966120634,164.0
3.974,-76.314,4632058.116523672,1997865.3104227823,121.0
4.643,-74.886,4790865.700763469,2071325.1361973023,3.0
4.743,-76.298,4634209.225388059,2082966.9850462684,108.0
4.632,-75.618,4709643.060940038,2070366.9977352007,6.0
4.293,-76.315,4632094.373356433,2033171.4279503233,121.0
4.493,-76.032,4663622.6652369,2055170.227468154,25.0
4.899,-76.208,4644283.224445023,2100183.8827719293,100.0
2.739,-75.074,4769519.416720099,1860871.9026404715,4.0
4.122,-75.019,4775956.5916688405,2013763.7815966867,4.0
4.892,-76.467,4615526.67594466,2099552.2153875493,96.0
3.289,-74.141,4873285.347204602,1921513.7816975457,8.0
3.479,-74.347,4850433.107363494,1942541.1297695595,15.0
3.678,-75.626,4708404.5276792785,1964850.8535772034,0.0
3.9,-74.125,4875145.601077191,1989034.2700804754,0.0
3.792,-76.817,4576043.663497048,1977952.876225979,7.0
4.685,-76.715,4587863.446830311,2076779.6272455903,2.0
4.405,-73.648,4928132.647260669,2044780.3855911617,20.0
3.788,-75.657,4704996.546222525,1977028.0624940714,0.0
3.949,-76.596,4600697.189446001,1995228.771847164,13.0
3.983,-76.585,4601936.543647387,1998987.5290981831,70.0
4.75,-74.787,4801877.440168434,2083125.1256882567,15.0
4.813,-76.652,4594936.956472878,2090914.5584760075,12.0
3.443,-74.386,4846096.0188423265,1938568.601207507,0.0
3.027,-77.606,4487830.087534329,1893582.1142802685,16.0
3.914,-76.221,4642368.894391978,1991184.4881168655,102.0
4.082,-76.585,4601984.8327971045,2009947.546339276,62.0
4.692,-76.671,4592755.48922148,2077528.890092673,63.0
3.807,-75.715,4698558.716042762,1979149.7135863716,4.0
3.698,-76.958,4560311.208011503,1967612.4738560356,9.0
3.688,-75.936,4673956.730951025,1966064.5635921943,170.0
4.616,-76.172,4648135.183982786,2068847.5779929992,117.0
3.822,-76.581,4602305.347017001,1981161.840028727,128.0
3.022,-74.917,4787026.01376966,1892128.6599615053,0.0
4.722,-76.14,4651740.824380521,2080561.580175913,92.0
4.691,-76.127,4653168.710710717,2077124.7112059798,83.0
3.839,-75.703,4699903.184607974,1982685.158159794,4.0
3.244,-74.446,4839399.743534008,1916584.0618637807,9.0
4.554,-76.816,4576564.465115897,2062333.4058018725,18.0
3.5,-77.517,4497983.103978331,1945964.688497092,12.0
5.007,-74.745,4806608.984346704,2111523.2226260724,16.0
3.837,-75.662,4704457.759446382,1982449.648649955,3.0
3.051,-76.388,4623462.156943549,1895738.0153000532,151.0
1.939,-76.002,4666122.674442938,1772578.5061629934,4.0
4.445,-75.945,4673261.949609892,2049820.10002166,146.0
3.311,-76.949,4561131.721584721,1924746.7102098037,79.0
3.872,-76.053,4661023.396517802,1986467.4392542662,109.0
4.301,-75.76,4693744.868803991,2033811.5014443193,180.0
4.251,-76.413,4621184.838618533,2028570.4697083551,115.0
4.775,-76.12,4653987.686383576,2086416.3676819028,116.0
4.818,-75.968,4670880.688960456,2091099.236020626,32.0
4.721,-76.124,4653516.648864885,2080442.9219888374,96.0
3.667,-76.162,4648826.607078994,1963826.8077969132,168.0
4.801,-76.221,4642788.620122602,2089345.4147360933,108.0
4.938,-75.446,4728851.739575,2104140.4642460765,130.0
4.253,-76.279,4636075.201478432,2028727.2852522233,127.0
1.853,-75.984,4668110.018715043,1763060.1169674092,3.0
2.567,-74.93,4785498.56136537,1841830.3788860133,4.0
3.37,-74.528,4830311.72616066,1930524.073836819,19.0
3.66,-74.088,4879219.217368943,1962506.3493139844,4.0
4.188,-77.152,4538994.145810001,2021993.8761362417,79.0
4.627,-76.445,4617822.776071653,2070206.2402026046,103.0
3.594,-74.399,4844677.203039924,1955259.6688725096,15.0
3.961,-76.266,4637387.512572299,1996405.3409209547,76.0
2.243,-76.108,4654388.750658978,1806237.6324612533,4.0
1.991,-75.98,4668581.972860558,1778327.3204689587,12.0
2.579,-76.617,4597816.358249409,1843566.1802882303,135.0
2.264,-76.551,4605073.160917983,1808674.6527464138,2.0
2.958,-74.082,4879800.7958456585,1884928.0636126362,0.0
1.996,-74.969,4781075.987222603,1778711.175589241,3.0
4.218,-73.696,4922790.01651909,2024121.643651876,2.0
4.974,-76.341,4629561.046178579,2108557.06609855,106.0
2.493,-75.996,4666914.641371431,1833871.4771985025,4.0
3.959,-75.158,4760477.217780843,1995781.406051526,2.0
4.455,-76.315,4632173.579763608,2051101.027838587,115.0
1.992,-76.069,4658674.7457513735,1778456.1541797677,2.0
2.314,-77.449,4505037.260261826,1814492.1937766795,4.0
4.476,-76.281,4635960.65930416,2053408.2548639388,109.0
2.277,-75.563,4715044.596276739,1809880.4141259862,4.0
4.376,-75.806,4688667.347973423,2042126.9371694443,164.0
3.798,-76.144,4650879.542929646,1978315.794996629,32.0
4.757,-74.544,4828827.275506383,2083833.9728533544,14.0
2.212,-76.515,4609068.190431439,1802908.656015273,1.0
3.958,-76.211,4643499.118901776,1996049.4545557618,104.0
2.318,-75.657,4704594.683399106,1814434.239515768,4.0
3.687,-76.937,4562642.350522887,1966383.809346875,28.0
3.546,-75.649,4705806.201238217,1950258.1148925086,6.0
3.817,-77.06,4549022.756586184,1980845.1750547378,17.0
3.977,-77.0,4555782.571298307,1998535.474029677,20.0
3.324,-77.47,4503126.569946513,1926434.0730810545,75.0
2.033,-77.05,4549421.437298332,1783233.7924768256,10.0
3.868,-77.247,4528242.07530155,1986596.2852099598,32.0
4.715,-74.805,4799871.089260167,2079261.1348691261,15.0
4.157,-76.446,4617471.794031974,2018181.7964360837,119.0
4.61,-75.959,4671781.813527178,2068081.8119665023,12.0
2.781,-74.937,4784757.608156158,1865489.5874991377,13.0
3.883,-76.13,4652470.149201868,1987715.8621589965,157.0
4.371,-73.676,4925023.735828525,2041026.1428736283,4.0
4.874,-76.113,4654814.865294296,2097367.7624651715,108.0
4.028,-76.568,4603848.293311854,2003961.05517407,71.0
3.638,-76.817,4575969.941734424,1960899.5797381448,93.0
2.753,-75.147,4761406.071602781,1862434.121426858,0.0
4.345,-73.572,4936556.782172741,2038143.6275262749,36.0
2.866,-73.08,4991112.618049287,1874704.8421970487,0.0
4.729,-76.737,4585445.481043494,2081664.6209328778,78.0
4.426,-73.573,4936452.708531557,2047094.0334476023,0.0
4.885,-76.281,4636172.4078216525,2098673.678273782,96.0
2.83,-76.767,4581200.164768672,1871407.4204043527,6.0
1.919,-76.005,4665784.801949675,1770366.3013413497,10.0
3.62,-75.257,4749385.726860224,1958325.3096903756,4.0
4.929,-74.622,4820223.162425343,2102866.2768948814,4.0
4.371,-73.666,4926132.902242984,2041025.1528314713,4.0
4.966,-76.352,4628335.530679369,2107677.8013823307,92.0
4.125,-76.264,4637682.785154901,2014554.3900813982,130.0
2.46,-75.421,4730877.287522826,1830090.4727734902,15.0
2.43,-75.529,4718857.903414017,1826794.88383354,4.0
4.875,-75.955,4672351.0261443835,2097399.430955099,20.0
3.931,-76.737,4585009.736446856,1993304.8995053775,124.0
2.517,-75.562,4715205.525388144,1836423.8958250603,2.0
3.407,-75.945,4672857.437177429,1934979.1416734422,183.0
2.977,-74.805,4799464.985658861,1887132.8685683506,4.0
4.354,-73.715,4920696.181528325,2039151.6314916005,4.0
3.329,-74.685,4812863.896101041,1926020.7933873641,4.0
3.903,-76.334,4629803.648631283,1990016.1307558555,109.0
4.634,-76.248,4639704.864778254,2070877.7240656377,80.0
4.291,-76.297,4634093.299975986,2032941.4313312494,118.0
3.725,-74.186,4868348.155885095,1969703.548132587,5.0
2.629,-76.602,4599502.289398382,1849096.8081876943,132.0
3.868,-76.163,4648796.199431503,1986069.630536766,158.0
2.297,-75.596,4711377.139547071,1812099.015635757,8.0
3.545,-74.565,4826233.643867835,1949873.531732808,2.0
4.284,-76.202,4644644.422644349,2032121.9468433247,1.0
4.784,-76.146,4651105.943724078,2087425.450744191,116.0
4.961,-74.691,4812582.2861416,2106422.6231219186,3.0
4.253,-76.498,4611739.992313076,2028834.1444237372,24.0
4.705,-76.334,4630191.726463046,2078780.3198683716,96.0
3.147,-77.504,4499252.2285849415,1906834.0897454973,69.0
3.713,-77.196,4533834.06390584,1969396.0392899867,4.0
3.316,-74.63,4818971.502433638,1924573.5809564341,14.0
2.533,-75.423,4730669.710653247,1838163.7336157367,0.0
3.674,-74.111,4876667.549868716,1964056.6332313537,4.0
3.584,-74.422,4842121.410372783,1954158.3694984966,8.0
2.87,-74.839,4795666.937560741,1875310.71873831,4.0
4.793,-76.349,4628573.230640006,2088528.2344763228,93.0
3.988,-76.764,4582035.793177618,1999629.9621535977,96.0
2.601,-74.325,4852757.334246488,1845502.3938031988,6.0
3.751,-74.211,4865576.584343144,1972580.7150409608,5.0
2.448,-75.588,4712298.435762521,1828798.1361500854,3.0
4.62,-74.521,4831344.861735446,2068685.4421728065,0.0
3.741,-77.303,4521939.7103363,1972555.8119899526,14.0
3.29,-74.467,4837074.288595225,1921671.5985286813,4.0
3.537,-76.513,4609742.462298555,1949581.6457808453,132.0
3.283,-76.417,4620320.031636794,1921427.4019121714,38.0
3.583,-74.296,4856112.995635719,1954027.1012962675,19.0
4.741,-76.177,4647642.603767465,2082682.8240175596,90.0
4.611,-74.535,4829789.967875803,2067693.9866589392,0.0
3.882,-76.367,4626125.963235361,1987706.4379790802,105.0
4.373,-76.548,4606245.173865376,2042143.9105208635,94.0
4.335,-76.762,4582441.542571678,2038052.02484366,31.0
2.021,-75.935,4673596.9980692025,1781637.316859933,4.0
2.063,-77.334,4517775.672177807,1786640.2651393986,120.0
3.593,-74.218,4864775.677068516,1955120.3754172965,0.0
2.042,-77.231,4529251.056988804,1784282.7143509442,115.0
5.209,-75.567,4715548.578243117,2134164.854166675,0.0
4.755,-76.169,4648537.875110445,2084228.0146662581,96.0
3.501,-76.388,4623630.662508971,1945545.3309289303,123.0
3.82,-74.169,4870249.598638415,1980199.8175207698,0.0
3.748,-77.283,4524169.638467487,1973320.5040364626,32.0
3.366,-74.327,4852636.977449366,1930049.2919572727,6.0
4.361,-75.476,4725300.407310089,2040339.058962937,180.0
4.578,-76.279,4636233.856263143,2064695.8934445232,120.0
3.84,-75.954,4672013.032845219,1982888.05752218,10.0
4.075,-76.681,4591308.697748698,2009220.75100556,60.0
4.788,-76.165,4648998.746504817,2087877.7931913235,114.0
3.981,-75.01,4776917.054052725,1998172.4146529003,4.0
2.361,-76.479,4613117.01967868,1819392.3527591105,155.0
5.043,-74.752,4805843.626736848,2115504.9301907197,0.0
5.084,-75.886,4680109.395397461,2120488.594506059,107.0
3.755,-76.343,4628739.290318147,1973639.658610594,143.0
2.858,-74.821,4797665.505736893,1873980.9840150368,4.0
4.553,-75.985,4668868.988948167,2061787.2576156254,17.0
3.668,-74.659,4815818.497507019,1963487.6857485783,10.0
4.6,-76.573,4603589.869871772,2067287.4881549496,84.0
3.978,-76.907,4566127.327255389,1998596.6373425953,22.0
4.049,-76.174,4647650.246631142,2006103.7238287886,148.0
3.867,-76.169,4648128.898252197,1985961.4592991318,154.0
4.265,-76.401,4622525.140519243,2030114.1893429682,124.0
2.936,-77.544,4494697.159176075,1883466.693232009,18.0
2.969,-76.833,4573903.830881129,1886823.9279426404,94.0
4.424,-73.715,4920703.568871363,2046886.6927263613,0.0
3.666,-75.778,4691509.21180853,1963574.549458827,4.0
4.708,-74.843,4795654.37497804,2078498.3169470704,11.0
5.106,-74.648,4817389.863756986,2122438.86097705,14.0
4.394,-73.8,4911272.584749035,2043581.214841521,1.0
2.738,-76.879,4568696.090602284,1861260.2425013024,125.0
1.971,-76.555,4604553.2675598245,1776240.2932471365,172.0
4.695,-74.877,4791879.381467658,2077071.190319398,15.0
4.784,-76.33,4630677.9855037695,2087521.837130069,106.0
1.594,-74.475,4835979.9591101445,1734223.1169918969,4.0
3.872,-75.52,4720244.860373269,1986272.789670368,4.0
3.335,-77.508,4498899.475761478,1927672.4980101835,0.0
4.49,-75.971,4670394.900913881,2054810.4826837403,140.0
3.599,-74.411,4843345.499088918,1955814.3359479879,2.0
4.703,-74.615,4820940.088510143,2077882.9811726166,11.0
4.754,-76.164,4649092.460348751,2084114.808064667,94.0
4.411,-73.814,4909721.80076156,2045461.4492480697,4.0
3.684,-74.15,4872339.000701942,1965167.2346474703,4.0
2.954,-74.837,4795904.365893515,1884596.190326581,4.0
4.58,-76.786,4579913.373647951,2065194.8790507375,4.0
3.05,-75.757,4693650.814194244,1895426.8650310924,5.0
2.79,-75.073,4769640.437784559,1866510.3163235213,0.0
2.043,-75.799,4688738.239821022,1784044.2167350692,2.0
1.921,-76.112,4653873.13304903,1770608.9173142053,4.0
2.19,-76.081,4657381.876839281,1800366.9290069558,4.0
4.59,-76.488,4613026.609056617,2066133.799671609,80.0
1.454,-74.727,4807937.232453596,1718769.7193887138,4.0
4.15,-76.435,4618690.957694293,2017401.6402071852,122.0
2.158,-75.674,4702670.972260502,1796740.4591353475,0.0
3.727,-76.93,4563440.871962311,1970810.3831474436,22.0
4.295,-75.102,4766793.772336563,2032915.5092941492,14.0
4.998,-76.041,4662868.839729963,2111051.6857472416,113.0
4.48,-76.15,4650512.387315441,2053787.0969491738,132.0
4.166,-76.042,4662367.046821866,2018993.170629548,158.0
3.379,-74.341,4851083.977071448,1931488.1769750484,4.0
2.398,-75.657,4704611.57838499,1823282.7994632886,4.0
2.195,-76.07,4658607.429332769,1800917.649202434,4.0
2.021,-76.033,4662688.295554488,1781657.370997811,0.0
4.703,-74.616,4820829.1863015,2077883.2376248562,7.0
3.604,-74.471,4836683.533624821,1956377.4901108101,20.0
4.655,-75.872,4681460.359102169,2073020.6769706532,4.0
3.605,-74.44,4840126.187451127,1956482.5168302774,21.0
3.249,-74.664,4815182.077701982,1917173.946100361,5.0
4.115,-76.235,4640900.83552224,2013434.5564258613,140.0
5.014,-76.282,4636132.035568676,2112951.1790834977,100.0
4.62,-76.492,4612598.556173659,2069456.8846932047,32.0
2.573,-75.663,4703983.097987725,1842640.4451366952,8.0
0.906,-74.829,4796550.0257664835,1658201.1241537263,3.0
2.352,-75.575,4713724.596875719,1818177.7706807973,2.0
4.189,-76.155,4649822.932499467,2021587.6929409788,109.0
5.079,-75.689,4701959.489800974,2119841.230801037,109.0
4.349,-76.466,4615344.4368962785,2039444.6827385672,103.0
3.939,-75.585,4713046.915707516,1993704.9423660436,0.0
1.904,-75.711,4698506.633945692,1768652.4220523648,0.0
3.378,-73.691,4923270.5606374545,1931302.222595192,0.0
4.912,-76.259,4638629.122444031,2101649.92557757,95.0
2.536,-75.66,4704308.341783964,1838547.2703009339,2.0
4.571,-76.088,4657440.750165819,2063827.1634988834,56.0
3.391,-74.348,4850308.337314456,1932815.4956536796,4.0
4.786,-75.312,4743656.855429974,2087278.680316489,151.0
4.569,-74.377,4847304.573594258,2063016.1453110029,0.0
4.64,-74.51,4832569.5754718445,2070893.4659979427,2.0
3.848,-76.899,4566950.1351585295,1984195.3635154914,5.0
4.33,-76.273,4636778.311366181,2037246.1788779304,3.0
3.963,-76.238,4640500.437125683,1996614.4606375676,107.0
4.623,-75.621,4709306.43004767,2069372.7558002486,144.0
2.505,-75.395,4733778.2081678705,1835061.5681203306,4.0
1.989,-75.958,4671030.47931045,1778101.6372434136,2.0
1.872,-76.027,4663326.592217351,1765170.4436291377,7.0
4.107,-76.208,4643897.533327008,2012537.123860887,2.0
2.491,-73.541,4939879.920797594,1833283.7771421662,4.0
4.903,-76.214,4643619.350127181,2100629.7400371404,104.0
4.754,-76.265,4637879.058692397,2084167.0033963562,110.0
3.962,-76.305,4633053.155662904,1996533.205345757,142.0
5.163,-75.472,4726062.3510735845,2129035.3200633447,112.0
4.629,-74.514,4832123.352197966,2069678.5678682951,0.0
4.171,-76.897,4567342.998450257,2019965.4689486653,4.0
4.369,-76.364,4626687.409842404,2041607.037827639,122.0
4.47,-76.253,4639067.759140813,2052730.3806769312,110.0
4.635,-74.53,4830350.240043083,2070345.5662850176,0.0
4.559,-75.057,4771869.37622236,2062090.638101358,4.0
4.871,-76.147,4651039.478485129,2097053.3184232619,108.0
2.295,-73.823,4908527.131185239,1811642.1505280084,11.0
4.666,-75.722,4698114.666449817,2074171.4499570902,143.0
4.104,-76.274,4636562.002216885,2012234.8541552231,136.0
4.47,-76.732,4585850.914652009,2052983.5210595008,16.0
4.486,-76.723,4586860.068799164,2054750.0418930613,16.0
4.447,-76.89,4568277.5195974065,2050527.523694821,19.0
4.485,-76.843,4573523.555185448,2054708.2739670086,19.0
4.484,-76.745,4584414.151424681,2054541.0663883598,18.0
4.456,-76.681,4591510.55631153,2051404.8305255931,64.0
4.489,-76.281,4635967.105563551,2054847.003781415,126.0
2.558,-76.665,4592465.178298092,1841256.4668061794,2.0
4.288,-76.164,4648867.760545001,2032547.049407124,135.0
3.904,-76.809,4576988.9529244285,1990351.2571401026,56.0
3.968,-76.689,4590365.686804118,1997377.786126996,44.0
3.86,-76.745,4584085.121480716,1985447.2864373587,26.0
4.954,-75.721,4698352.615042438,2106028.834898034,115.0
4.978,-76.027,4664412.168337552,2108831.5666007716,112.0
2.924,-76.019,4664474.059100238,1881564.1145573424,4.0
2.432,-75.488,4723419.069558918,1827007.5970153664,19.0
1.932,-75.935,4673579.586594863,1771790.9898129636,3.0
4.209,-76.289,4634943.4763585,2023862.3845517123,132.0
4.882,-74.647,4817438.723624346,2097677.7285420178,14.0
3.434,-74.225,4863975.380415696,1937549.4938427412,4.0
4.251,-76.496,4611961.253887897,2028611.7430565187,51.0
4.786,-76.198,4645334.228629747,2087673.4614570588,1.0
4.933,-75.964,4671380.632596648,2103820.9831203325,115.0
1.872,-76.044,4661434.009593873,1765173.722189975,12.0
3.833,-76.99,4556819.144730412,1982580.8303086674,12.0
3.638,-74.316,4853900.923688523,1960108.8286864217,0.0
3.218,-77.468,4503296.956920669,1914685.476568958,11.0
1.968,-75.938,4673252.598849714,1775774.3611184873,8.0
4.653,-76.734,4585733.830884154,2073247.597026405,21.0
4.118,-76.751,4583548.112791012,2014017.9697036094,42.0
2.926,-76.054,4660581.156179538,1881795.9426527286,7.0
4.382,-75.901,4678120.608148552,2042830.8589042844,157.0
3.749,-76.886,4568346.881849489,1973225.0280754843,27.0
4.749,-76.157,4649867.058229206,2083557.950748219,97.0
2.077,-73.257,4971432.336855557,1787531.9033311135,0.0
4.673,-76.106,4655491.380150309,2075122.5452582373,93.0
4.775,-76.161,4649436.174945813,2086437.156207951,101.0
3.351,-74.124,4875181.324853123,1928363.3098650018,22.0
4.145,-76.339,4629357.499130951,2016802.5507153394,0.0
4.811,-74.608,4821744.194547871,2089819.1504284686,2.0
4.309,-75.88,4680421.831370681,2034745.781367454,162.0
4.07,-76.36,4626988.848017076,2008511.341933876,129.0
4.411,-73.736,4918373.035768671,2045452.4486851979,0.0
4.65,-76.686,4591064.780327108,2072887.3839318084,8.0
4.642,-76.774,4581283.1954078,2072053.2037803705,19.0
4.625,-76.688,4590828.1642016005,2070120.5225503494,18.0
4.654,-76.687,4590955.999865615,2073330.8473843846,23.0
4.651,-76.19,4646153.865321734,2072729.7379681733,116.0
2.989,-75.93,4674393.108937374,1888729.0564772913,0.0
3.003,-75.967,4670281.885334497,1890289.032482379,4.0
3.779,-77.167,4537096.402156714,1976692.4267665728,0.0
3.019,-75.956,4671510.188724387,1892055.8966006602,4.0
3.024,-75.982,4668619.817053699,1892616.9906318074,4.0
4.832,-74.624,4819975.567379234,2092144.6404784117,4.0
4.62,-76.712,4588158.85121055,2069580.8074039803,21.0
4.358,-73.814,4909715.439305152,2039604.7692273075,0.0
4.255,-76.354,4627742.803352151,2028984.4601080592,120.0
3.012,-75.983,4668504.9469967075,1891289.6286030947,4.0
3.028,-75.776,4691531.688455714,1892998.6820306587,4.0
4.849,-74.662,4815766.61454054,2094033.9988158518,4.0
1.398,-74.776,4802481.3468088005,1712583.7149112648,1.0
4.143,-76.414,4621021.522475158,2016616.7218269506,125.0
4.441,-75.685,4702128.522332441,2049267.633290289,164.0
4.124,-75.929,4674902.885424268,2014298.9137134762,172.0
3.25,-76.408,4621308.854675468,1917771.3711716149,56.0
3.579,-74.045,4883982.954347145,1953549.4798129837,15.0
3.772,-76.339,4629191.223205466,1975519.4863363071,139.0
1.771,-76.488,4611971.420875251,1754085.8997503356,4.0
3.572,-76.372,4625438.705148129,1953397.29834939,122.0
3.608,-76.916,4564940.76042071,1957624.3636045181,105.0
1.939,-75.904,4677031.6086079385,1772559.4652305082,8.0
1.938,-75.903,4677142.729534328,1772448.6445201677,8.0
4.242,-75.879,4680505.098020146,2027333.084920078,172.0
3.909,-76.785,4579660.669546849,1990892.854927421,27.0
2.349,-75.656,4704712.419778753,1817862.8439682634,0.0
1.948,-76.024,4663675.380156589,1773578.6444715294,5.0
4.449,-76.226,4642056.487363158,2050393.1456412433,99.0
2.454,-75.243,4750673.5201634085,1829392.430902277,4.0
2.473,-75.275,4747118.201950899,1831499.3724613131,3.0
4.389,-73.786,4912824.83188315,2043027.0548116248,5.0
2.112,-75.674,4702662.119457763,1791652.478824999,3.0
5.032,-75.939,4674203.65291484,2114761.8927964023,112.0
3.843,-76.012,4665568.510664428,1983242.4823098925,173.0
4.673,-76.657,4594299.712969918,2075417.1177216724,13.0
5.04,-75.938,4674318.589768568,2115646.501362905,100.0
2.567,-76.928,4563179.112539751,1842339.953306307,131.0
3.194,-76.325,4630521.93174407,1911542.7388146257,141.0
4.189,-73.705,4921788.671364577,2020918.0384110385,0.0
4.597,-76.659,4594034.053460785,2067003.7596522495,4.0
4.505,-75.291,4745885.7863406,2056197.631903016,180.0
4.236,-74.973,4781094.771643872,2026354.4861918525,8.0
4.183,-76.322,4631264.408569087,2021000.3271048323,127.0
5.099,-76.009,4666471.369550471,2122210.543637233,109.0
4.069,-76.011,4665770.38990169,2008247.5011529713,4.0
4.803,-76.018,4665323.836031443,2089463.9179788318,32.0
1.935,-75.976,4669016.198269416,1772130.8448036644,15.0
2.67,-75.054,4771730.036962193,1853239.468994995,4.0
4.77,-76.216,4643327.6211873945,2085912.139054018,117.0
1.92,-76.008,4665451.0295426855,1770477.5289057752,3.0
3.399,-74.67,4814543.507655618,1933755.5198953024,5.0
2.427,-74.033,4885195.099995174,1826244.0467450072,4.0
4.029,-74.075,4880713.844941509,2003282.878721418,4.0
4.046,-76.032,4663427.628860942,2005711.3882210464,163.0
3.631,-74.069,4881324.884888031,1959299.0385099992,4.0
4.589,-76.663,4593585.111384561,2066120.2968736186,5.0
2.892,-74.873,4791891.826039027,1877748.9015348325,2.0
3.825,-76.926,4563934.957946628,1981661.897297697,95.0
4.72,-76.165,4648964.260433321,2080352.8429171103,90.0
3.876,-76.748,4583759.299960506,1987220.3910826666,31.0
4.966,-75.976,4670065.3817294175,2107478.1121536097,114.0
4.837,-76.422,4620492.017194984,2093438.6401625378,97.0
3.7,-76.41,4621266.252543828,1967580.7058083233,117.0
3.603,-76.95,4561155.067768047,1957086.967830363,104.0
3.117,-74.728,4808047.137516098,1902594.660152848,3.0
1.726,-76.284,4634682.810113756,1749064.2286163853,4.0
3.876,-76.277,4636128.085493752,1987003.0926915496,114.0
4.849,-74.833,4796805.074008497,2094082.8997557499,0.0
4.633,-76.294,4634596.095300204,2070790.6362890059,113.0
4.455,-76.328,4630729.511157549,2051107.5378763175,111.0
4.617,-74.644,4817701.735848339,2068384.185438248,0.0
4.628,-74.653,4816706.306079401,2069602.4240628954,0.0
2.357,-75.382,4735195.213619538,1818692.5501428784,4.0
4.755,-74.767,4804096.931271671,2083672.1553640934,0.0
4.392,-75.87,4681567.324509968,2043923.9048514727,160.0
4.674,-76.186,4646609.531300684,2075272.9825290926,96.0
2.785,-76.529,4607679.692340731,1866342.5727896076,139.0
4.319,-76.541,4606994.982864312,2036162.3008713545,104.0
3.8,-74.851,4794526.42508703,1978121.8324694955,42.0
1.981,-73.345,4961648.048403766,1776926.800818651,11.0
2.503,-75.838,4684497.769827704,1834938.7501635805,4.0
4.914,-74.834,4796713.762354999,2101268.952192256,4.0
4.441,-76.515,4609947.623035889,2049654.223751442,92.0
2.064,-76.05,4660804.90474879,1786418.6354244244,4.0
2.458,-75.531,4718641.260880854,1829891.990185885,0.0
3.222,-74.517,4831508.68325475,1914163.987288327,9.0
3.399,-74.802,4799880.014967029,1933781.869510543,3.0
3.634,-76.303,4633136.681999039,1960231.1965229644,11.0
3.552,-74.123,4875318.602005225,1950575.9042668694,4.0
4.778,-76.361,4627232.70065837,2086874.5231377361,94.0
4.075,-76.619,4598201.600633606,2009189.503802164,58.0
4.233,-76.26,4638176.892136514,2026504.937522616,137.0
4.237,-76.168,4648400.18315646,2026905.2110740908,147.0
1.968,-75.068,4770060.081037313,1775629.0284881936,4.0
1.925,-76.038,4662112.294089649,1771036.6544767362,4.0
4.684,-74.709,4810509.911652618,2075807.482939018,2.0
2.006,-76.142,4650550.777825192,1780020.639981815,4.0
3.605,-74.302,4855450.201932414,1956459.4563461565,9.0
3.63,-74.199,4866890.788601476,1959206.618585765,1.0
4.006,-76.912,4565585.978891554,2001700.2307027774,85.0
2.641,-75.06,4771057.59996035,1850034.3503030036,5.0
3.726,-74.253,4860909.830714449,1969824.352473307,3.0
4.149,-73.755,4916237.2249182975,2016503.1519284516,4.0
5.025,-75.526,4720014.688869238,2113795.8925343263,3.0
3.742,-77.015,4553991.059995297,1972514.5039989722,17.0
3.788,-77.009,4554682.11061776,1977606.4584461222,28.0
2.022,-75.983,4668254.285506854,1781757.6943701557,6.0
3.659,-73.942,4895428.388079802,1962377.5117547712,0.0
4.432,-75.688,4701791.8466446055,2048273.3217950424,1.0
3.662,-76.117,4653827.368648321,1963255.9887696824,166.0
1.872,-76.016,4664551.188596518,1765168.3320376298,7.0
4.002,-76.412,4621177.71429409,2001008.9045388321,136.0
4.166,-76.208,4643923.931133243,2019066.3208773786,142.0
1.898,-76.023,4663776.898665491,1768046.3586549382,6.0
4.105,-75.872,4681227.229390874,2012173.8721335072,0.0
3.443,-76.266,4637176.288613265,1939078.33314002,153.0
1.594,-76.652,4593665.932474591,1734524.973655691,2.0
3.12,-74.728,4808047.681771221,1902926.278375948,4.0
4.456,-76.775,4581064.303176521,2051457.7145482409,18.0
3.705,-76.905,4566211.499177416,1968361.5643321392,100.0
4.614,-76.317,4632032.052072883,2068699.6842290019,115.0
3.01,-76.761,4581934.927375311,1891336.205193639,47.0
4.965,-76.054,4661409.365965642,2107406.926684855,110.0
1.694,-76.286,4634454.014100294,1745523.1844772806,0.0
3.213,-74.882,4790953.573559973,1913236.675337949,0.0
5.062,-74.683,4813497.856252866,2117585.0615014033,12.0
3.953,-76.606,4599587.242281274,1995676.4294865096,30.0
4.679,-76.21,4643947.227078321,2075838.4439525264,121.0
4.387,-76.328,4630695.77491812,2043581.4281379434,125.0
4.553,-74.963,4782296.749615649,2061398.2008654128,6.0
3.727,-77.228,4530279.948348958,1970964.1063872373,37.0
4.078,-75.086,4768505.877421359,2008918.1048041703,1.0
4.408,-76.29,4634927.477181672,2045886.9080205497,105.0
4.09,-76.116,4654112.819439849,2010615.5507897204,4.0
2.37,-76.36,4626368.3634911515,1820355.8465595627,6.0
2.489,-75.485,4723764.522357644,1833310.7361525558,1.0
4.357,-73.744,4917479.813541967,2039486.2454048693,4.0
4.165,-76.721,4586907.973826556,2019206.3637901112,91.0
2.653,-75.064,4770615.067126947,1851361.8091805768,0.0
4.414,-75.479,4724986.779816996,2046201.7050240086,1.0
4.187,-73.702,4922121.304397826,2020696.739892337,0.0
3.77,-76.704,4588601.977569041,1975462.3680533597,48.0
3.545,-73.131,4985456.495550629,1949727.7935872723,4.0
1.976,-76.14,4650767.1121675465,1776700.5922720772,4.0
3.841,-76.844,4573064.545873998,1983392.4023682566,36.0
3.434,-75.623,4708661.199905893,1937862.0451420862,3.0
4.04,-74.048,4883711.771228988,2004494.5849542515,0.0
4.168,-76.253,4638924.6979625495,2019308.162303592,144.0
3.502,-74.577,4824892.873317436,1945122.9228801122,0.0
2.389,-75.672,4702940.822939926,1822290.573431525,4.0
3.972,-76.365,4626388.412902201,1997666.8725897134,112.0
3.446,-74.331,4852204.903445631,1938891.4604263639,0.0
4.036,-76.387,4623972.2250713995,2004760.6393867892,132.0
4.145,-76.26,4638136.370485228,2016765.9678718226,142.0
3.952,-73.966,4892800.128595636,1994758.7121200545,0.0
2.024,-75.803,4688289.413411496,1781943.2109611058,4.0
2.284,-75.77,4692014.406063205,1810697.3529509134,2.0
3.118,-74.52,4831158.531501586,1902669.5589704004,3.0
3.659,-76.121,4653381.535914008,1962925.573763246,159.0
4.352,-76.407,4621901.493244899,2039746.8906098267,119.0
4.674,-74.586,4824148.974424091,2074670.0897866604,4.0
3.946,-76.346,4628488.742706669,1994780.6347368597,142.0
4.537,-76.204,4644542.764041421,2060120.9860711235,64.0
4.232,-76.399,4622731.306923559,2026460.5767519495,123.0
2.041,-75.88,4679722.751020935,1783838.9023180038,2.0
3.725,-76.844,4573007.597162741,1970546.6466403783,105.0
2.372,-75.554,4716064.895328538,1820385.4349801778,1.0
2.285,-75.697,4700137.3035896355,1810792.5076922337,1.0
3.925,-76.221,4642373.577226377,1992401.8070603104,124.0
4.053,-76.446,4617422.170060919,2006669.9400971965,132.0
4.826,-74.611,4821415.457925964,2091477.989513361,2.0
4.563,-75.192,4756891.56992308,2062577.0997109017,6.0
3.381,-74.472,4836533.901939366,1931730.2862019637,0.0
3.405,-74.636,4818321.429364713,1934412.266425951,13.0
4.627,-75.906,4677673.42650716,2069938.3705774567,17.0
3.835,-76.443,4617655.77428294,1982538.035875966,132.0
3.83,-75.997,4667230.488073273,1981798.275021378,177.0
4.068,-76.53,4608092.0376989385,2008370.6778043145,66.0
5.015,-75.9,4678522.255929315,2112861.7458643857,114.0
5.075,-75.625,4709056.240046197,2119369.629007608,120.0
3.431,-74.645,4817326.62203184,1937287.8846752578,0.0
3.861,-76.291,4634565.407789808,1985349.0349015354,145.0
4.833,-76.268,4637587.688956059,2092911.6843203711,101.0
2.718,-75.673,4702905.2594880685,1858681.0514341635,4.0
3.751,-76.523,4608722.866337427,1973275.4944507575,128.0
1.817,-77.077,4546355.20929765,1759315.3509404224,150.0
4.464,-76.458,4616292.451480025,2052170.2845772333,96.0
4.757,-76.187,4646540.542640282,2084458.5393015917,105.0
3.732,-74.154,4871901.813113531,1970472.4244817053,0.0
4.453,-74.348,4850497.2496102145,2050189.3725570207,25.0
4.116,-76.82,4575875.155543199,2013832.9498073952,88.0
3.3976,-74.7661,4803867.859686147,1933619.7454583084,42.0
3.384,-74.823,4797543.968426623,1932128.0620346603,24.0
3.563,-76.573,4603079.648382294,1952485.4706957836,134.0
3.425,-74.804,4799663.220525571,1936656.441557796,26.0
3.409,-74.805,4799548.810189768,1934887.937274822,20.0
3.393,-74.825,4797323.65403887,1933123.391441762,25.0
3.942,-75.54,4718046.536425345,1994021.3729733867,4.0
3.389,-74.784,4801877.604608659,1932672.7255262933,12.0
2.45,-75.552,4716303.563219294,1829011.6541132533,0.0
3.65,-74.389,4845797.1434295885,1961447.244890394,2.0
3.38,-74.753,4805319.600579033,1931671.567163042,0.0
3.618,-76.529,4607997.292565846,1958555.0868250406,132.0
4.721,-76.06,4660621.678090136,2080411.333198743,44.0
4.933,-76.034,4663612.598014679,2103855.979386751,112.0
4.521,-75.777,4691947.839886245,2058155.1032037844,151.0
3.531,-74.408,4843667.150830242,1948298.227345935,0.0
4.351,-76.229,4641676.327044919,2039549.2230322768,4.0
3.82,-76.061,4660113.670376045,1980716.9335925202,49.0
3.802,-76.795,4578495.661660091,1979049.4393074461,31.0
3.37,-75.107,4765987.301508709,1930644.0626190244,2.0
4.833,-76.234,4641362.1954970965,2092893.6205110024,110.0
4.207,-76.07,4659274.12539556,2023541.881127548,3.0
3.483,-74.13,4874532.096610065,1942951.5599820125,0.0
3.5095,-74.1631,4870860.014932829,1945884.6156445344,17.0
3.564,-74.395,4845116.34701673,1951943.304013007,0.0
4.23,-76.264,4637731.061827173,2026174.7953574152,110.0
3.131,-75.92,4675548.137879354,1904435.94550905,2.0
2.238,-75.683,4701685.409021425,1805590.9558195982,1.0
2.384,-75.376,4735867.736700231,1821677.153468403,2.0
4.838,-75.338,4740792.218553575,2093038.8709576128,4.0
3.211,-75.462,4726493.516111809,1913152.518981483,3.0
3.932,-76.217,4642821.145031729,1993174.75007245,114.0
4.783,-76.383,4624792.606003268,2087439.9373191334,18.0
3.864,-73.658,4926974.035671824,1985001.4779585856,2.0
4.533,-75.713,4699057.655742677,2059455.6431957993,1.0
3.286,-74.386,4846071.379821741,1921216.6523085427,0.0
3.622,-77.307,4521430.710479681,1959372.4642313793,64.0
1.846,-76.085,4656864.391977508,1762304.8552029792,2.0
3.413,-74.808,4799216.370302195,1935330.7413363336,23.0
3.425,-77.093,4545154.721997767,1937439.8141942357,92.0
4.492,-76.514,4610085.729083889,2055299.3717355563,90.0
4.304,-75.947,4672978.604571624,2034221.0475931629,158.0
4.14,-76.212,4643467.7886221,2016190.8464198348,148.0
4.639,-76.292,4634821.285749214,2071453.651188375,116.0
2.533,-76.124,4652680.750247287,1838330.7145967875,170.0
2.73,-75.056,4771518.8907192955,1859873.4175246535,2.0
2.73,-75.056,4771518.8907192955,1859873.4175246535,2.0
3.816,-76.149,4650331.043892796,1980309.6526401492,160.0
4.755,-76.187,4646539.5208284445,2084237.212544039,89.0
3.839,-76.849,4572507.386689795,1983173.4273571398,107.0
4.509,-76.315,4632200.632549382,2057077.572669676,120.0
4.093,-74.074,4880834.211747886,2010355.4192056546,0.0
3.603,-74.484,4835239.7192083625,1956269.303532989,10.0
4.257,-76.228,4641743.382706255,2029146.0642120598,146.0
3.706,-74.302,4855466.377207021,1967621.8571242888,0.0
4.553,-75.809,4688409.011103501,2061708.7616733445,147.0
3.865,-76.765,4581863.216065858,1986010.7606826816,103.0
1.702,-76.323,4630334.91231462,1746415.6082812252,1.0
2.729,-75.758,4693453.381793322,1859919.1006789752,3.0
3.939,-77.259,4526946.544169523,1994469.5094374153,58.0
4.399,-76.324,4631146.055181581,2044907.583685459,124.0
2.275,-76.55,4605187.511267453,1809892.0878893614,8.0
3.585,-75.23,4752375.823327689,1954447.8057731006,1.0
4.267,-76.138,4651746.555133806,2030211.3599691938,147.0
3.026,-74.378,4846921.972386056,1892479.9206874461,0.0
4.176,-73.95,4894604.949482834,2019510.1280891309,0.0
4.179,-76.672,4592362.49317376,2020730.856434983,106.0
4.134,-73.96,4893489.789976164,2014870.1770171493,0.0
4.501,-75.4,4733787.342399111,2055794.194533748,0.0
4.1958,-75.8771,4680697.228192208,2022221.1622224671,173.0
2.9213,-76.0284,4663427.58133221,1881268.1949063046,16.0
3.7035,-77.1148,4542865.962956558,1968301.1530197912,107.0
4.367,-76.5306,4608175.533351939,2041470.583863442,116.0
4.0448,-74.0235,4886431.301217307,2005021.5645805772,2.0
5.1058,-75.9355,4674628.968883175,2122925.255444861,109.0
3.6076,-77.1511,4538777.023301488,1957696.1567273722,97.0
2.0905,-75.1648,4759310.034124628,1789187.0845163441,0.0
4.7095,-74.8331,4796752.862361536,2078661.2489272833,8.0
5.1055,-75.597,4712175.335327989,2122730.618333594,117.0
5.1143,-75.7988,4689797.14317637,2123797.981295287,37.0
1.967,-76.081,4657333.706885575,1775692.4545171196,3.0
3.2845,-74.3518,4849870.108209993,1921045.6683716099,4.0
4.3328,-76.3391,4629436.026549814,2037588.1094570453,127.0
2.1806,-75.9645,4670346.879622068,1799300.7834634536,4.0
3.6426,-76.5836,4601935.25431848,1961302.282753345,6.0
4.8893,-76.2838,4635863.906713517,2099151.0952137085,108.0
3.8518,-76.1168,4653924.53704644,1984258.0313367925,166.0
4.6606,-76.0281,4664134.0214374345,2073712.7735746652,49.0
3.5584,-74.2922,4856531.138662332,1951307.75796739,13.0
4.9885,-76.0103,4666270.613550144,2109984.86518271,109.0
3.5311,-76.9523,4560864.90128366,1949124.921619529,73.0
4.4618,-76.3016,4633665.436465378,2051846.9358102882,126.0
3.8013,-76.2858,4635118.106059478,1978739.6621762882,70.0
3.6286,-76.9025,4566452.7275856305,1959899.2855583697,108.0
2.9213,-76.0284,4663427.58133221,1881268.1949063046,8.0
3.0305,-75.941,4673182.005482337,1893323.6708044119,9.0
3.0308,-75.9348,4673871.673503973,1893354.9900515813,10.0
3.0308,-75.9288,4674539.003277672,1893353.1829971122,8.0
2.9213,-76.0284,4663427.58133221,1881268.1949063046,11.0
3.0475,-75.9491,4672286.236297995,1895206.9266177644,8.0
3.0275,-75.9316,4674226.595140067,1892988.9340800038,10.0
3.6191,-76.8838,4568528.875077229,1958838.253572819,108.0
3.4521,-74.7069,4810454.9488258585,1939632.2942308038,44.0
4.8466,-76.0901,4657342.718922443,2094324.1566115231,116.0
3.7231,-74.1693,4870201.91858664,1969491.0964124796,3.0
2.1608,-77.0608,4548254.6464351965,1797392.779809618,129.0
3.0116,-75.9496,4672219.80926498,1891235.2590810817,11.0
3.024,-75.9511,4672056.694479168,1892607.5945500464,8.0
4.3501,-76.3411,4629222.283669028,2039503.8427835994,124.0
4.0773,-77.0345,4551999.93163377,2009663.8869449375,0.0
1.7768,-76.2315,4640538.9717933,1754675.9196781293,3.0
3.7516,-76.641,4595600.290082025,1973395.665808297,124.0
4.2611,-76.3298,4630434.679458853,2029647.9454688567,119.0
2.4033,-76.7576,4582105.056376268,1824156.9080922152,132.0
3.3855,-74.6995,4811263.907491032,1932268.9673462731,9.0
4.7541,-76.1386,4651912.342535467,2084113.006943054,89.0
4.736,-76.3516,4628253.857574179,2082220.8051439852,103.0
4.887,-75.364,4737927.015474905,2098467.6294060936,6.0
5.0435,-75.4753,4725645.611508024,2115820.4201295427,120.0
1.8726,-76.0301,4662981.591252702,1765237.4255491104,-1.0
1.6275,-76.8365,4573114.679737174,1738272.0596123622,21.0
3.8705,-76.6943,4589728.7070313515,1986585.1727157892,26.0
2.2413,-75.9941,4667065.908624895,1806023.0989652425,4.0
2.3555,-75.5213,4719699.299985906,1818553.9428563234,14.0
2.7406,-75.0183,4775712.1763961995,1861038.221647813,3.0
2.9806,-75.9698,4669963.735900216,1887811.5960011887,1.0
3.0398,-75.9285,4674575.066877089,1894348.7948294552,10.0
3.0041,-75.956,4671505.716471278,1890407.4162972374,0.0
2.9903,-75.962,4670834.223235266,1888882.4357877113,0.0
3.0108,-75.9601,4671051.696921352,1891149.916946074,10.0
3.055,-75.9223,4675269.194993487,1896028.5472841854,9.0
3.0156,-75.972,4669729.543734305,1891684.5809115823,10.0
1.9311,-75.8623,4681671.705735607,1771677.6125025698,1.0
4.923,-75.4951,4723399.226463063,2102501.7213727343,138.0
3.0136,-75.9496,4672220.408470562,1891456.530331737,8.0
2.9863,-75.9726,4669653.994449126,1888443.0725013693,11.0
3.0911,-75.9146,4676136.473131548,1900020.044760559,9.0
4.1981,-76.8736,4569959.727912547,2022953.7703825927,31.0
3.0326,-75.9675,4670235.209014697,1893564.0511846615,4.0
3.439,-74.3048,4855113.618013652,1938113.8074945621,4.0
4.6273,-76.2861,4635470.4764759075,2070155.721637066,126.0
3.0018,-75.9623,4670804.295937365,1890154.8498529047,9.0
3.0113,-75.9561,4671496.752194939,1891204.0275152705,7.0
1.9576,-75.9995,4666404.64175199,1774635.9043493553,3.0
4.9748,-76.336,4630116.499431539,2108642.803057525,90.0
3.9213,-74.1041,4877468.501444818,1991385.0941116447,2.0
2.938,-74.778,4802458.745346674,1882816.8537164663,4.0
3.6325,-74.163,4870888.3074020315,1959477.6839166072,1.0
2.9826,-75.9713,4669797.487395374,1888033.321706348,3.0
4.7616,-76.1268,4653226.080313017,2084936.9923395321,119.0
3.0053,-75.9598,4671083.413824415,1890541.3248217392,7.0
4.8185,-76.5978,4600959.697356748,2091491.4675557755,68.0
3.059,-75.9255,4674914.502350916,1896472.0492907204,5.0
4.9811,-75.2001,4756140.54209622,2108811.0077730264,138.0
4.693,-74.8531,4794529.737545628,2076843.0233375533,9.0
1.9203,-75.7803,4690796.619112169,1770467.78282482,1.0
5.0308,-75.933,4674868.750039291,2114626.1324678855,111.0
2.4411,-75.5285,4718915.827026071,1828022.3934008344,4.0
4.749,-76.202,4644871.12173467,2083580.9275918524,85.0
2.0743,-73.9831,4890715.149637658,1787265.204035807,0.0
3.7606,-75.8893,4679173.533086493,1974079.3786739605,0.0
3.787,-75.8663,4681739.2032286925,1976991.550138846,3.0
1.857,-76.172,4647180.007718953,1763539.1407149888,0.0
2.7918,-76.918,4564372.636436965,1867232.610836917,112.0
3.0766,-75.9118,4676443.481372681,1898415.026337651,12.0
3.609,-74.3888,4845812.396597658,1956915.7804903574,14.0
2.9291,-76.0281,4663463.28389366,1882131.123628855,1.0
3.0736,-75.8781,4680190.47281844,1898072.9679175196,4.0
4.8423,-76.4405,4618440.855120006,2094035.6916694476,76.0
5.04,-76.0113,4666185.850309705,2115683.628902115,109.0
3.9033,-76.3406,4629070.109980126,1990052.246476489,119.0
3.4971,-74.2346,4862918.311950041,1944524.3934854467,16.0
3.4255,-74.161,4871081.833019341,1936601.2720145874,10.0
3.4178,-74.1416,4873235.296510137,1935747.7448882116,5.0
3.4695,-74.2303,4863391.848466314,1941473.542585782,13.0
3.4221,-74.149,4872414.049970393,1936223.9258661156,0.0
3.4365,-74.1566,4871571.947043723,1937816.3166775345,4.0
2.4613,-76.9531,4560347.896652574,1830642.0705543626,134.0
3.4726,-74.1735,4869700.046824999,1941808.1242648123,0.0
3.4713,-74.1838,4868556.04124726,1941665.8822160172,0.0
4.7606,-76.1975,4645376.669780624,2084862.3233881304,99.0
4.319,-76.3211,4631429.165752704,2036051.9736908802,130.0
3.4338,-74.1888,4867995.604657246,1937522.3178920362,0.0
3.4678,-74.273,4858649.57249406,1941291.9335355659,19.0
4.5615,-76.3361,4629883.745240531,2062898.9380444556,113.0
2.9521,-74.8008,4799927.282882083,1884379.573524715,25.0
3.4088,-74.1838,4868547.476889449,1934758.795552995,4.0
3.024,-75.9596,4671111.284703205,1892610.1694305202,10.0
4.3323,-76.7473,4584073.99405742,2037744.9546237423,24.0
3.4251,-74.1653,4870604.238909744,1936557.646296417,-2.0
1.9663,-75.8906,4678528.360012981,1775577.0685927244,1.0
3.9651,-77.1816,4535573.437882712,1997317.3442596686,66.0
3.4106,-74.1661,4870513.449484004,1934955.3210596873,-2.0
3.5808,-74.4483,4839200.259202571,1953809.2622085114,19.0
2.0781,-75.7195,4697592.408288167,1787911.5083217535,2.0
3.4851,-74.1771,4869301.9858925585,1943190.0361501353,0.0
3.8606,-76.5523,4605514.547666195,1985421.716084547,128.0
4.7353,-76.2238,4642443.729789548,2082076.0341156386,86.0
3.4318,-74.1821,4868739.405634253,1937300.369071176,0.0
3.406,-74.1956,4867236.598247049,1934450.9751658137,-1.0
2.897,-74.7981,4800217.601440055,1878288.1567210022,4.0
3.7948,-75.682,4702221.14150244,1977788.7776008623,3.0
4.2633,-76.304,4633302.370962569,2029879.0860688388,127.0
3.3573,-74.6351,4818412.525286291,1929139.5930740768,16.0
3.5031,-74.1625,4870925.764816585,1945177.2516159695,8.0
5.0433,-76.2748,4636947.410983737,2116189.911552779,96.0
4.7,-76.146,4651063.706965094,2078130.0949069262,93.0
4.1071,-76.2416,4640163.877835717,2012563.2573470515,145.0
3.4483,-74.1548,4871773.423245807,1939120.1195085824,0.0
3.0496,-75.9355,4673799.474927108,1895435.125312442,8.0
4.454,-76.465,4615509.562622154,2051067.008127237,111.0
2.2468,-76.564,4603620.819511408,1806774.126803529,8.0
3.4048,-74.1306,4874455.2225673795,1934309.6543429263,0.0
2.5215,-77.3981,4510785.873289115,1837468.6122342232,37.0
2.7668,-76.7267,4585664.675608233,1864395.2162390254,19.0
3.566,-77.4108,4509844.507063044,1953222.3056199467,10.0
1.935,-75.0888,4767741.783138371,1771983.402726941,0.0
3.439,-74.184,4868529.384747692,1938096.3262797042,-1.0
4.0206,-76.3831,4624398.630311289,2003054.30780067,132.0
3.9031,-76.403,4622133.256459165,1990057.9309045367,2.0
3.2225,-74.4828,4835308.173771329,1914213.658926301,0.0
3.9243,-76.7516,4583382.778766948,1992570.3087859012,101.0
3.955,-76.1133,4654355.826432267,1995676.086464351,157.0
4.1308,-73.8096,4910177.238746832,2014497.9895358088,1.0
3.5251,-74.2085,4865820.712455847,1947615.0306989483,14.0
3.4396,-74.7575,4804831.717592071,1938260.7569920232,26.0
2.6768,-75.048,4772398.382239393,1853990.1574324304,7.0
4.6062,-76.3035,4633527.30973827,2067829.4376443885,104.0
1.5425,-76.8823,4567993.06344255,1728868.7593384837,5.0
4.4945,-73.5754,4936192.444585051,2054663.356992557,39.0
1.7424,-76.1561,4648928.399859441,1750854.8436651789,34.0
2.7075,-75.0724,4769691.312485529,1857388.9299063028,29.0
3.9146,-76.741,4584556.787083491,1991490.9809129706,109.0
2.4107,-75.7631,4692809.892847209,1824711.0120572029,16.0
2.4625,-75.4738,4725004.836161712,1830377.7251528953,33.0
3.3118,-77.3013,4521908.91975316,1924998.740970874,80.0
4.902,-75.322,4742591.426574599,2100110.150283046,3.0
3.58,-77.4053,4510464.356346686,1954770.8095252023,20.0
2.7139,-74.9788,4780098.6112613045,1858079.092279966,32.0
1.9239,-76.0229,4663793.077558074,1770911.9591418132,31.0
3.45,-74.1658,4870552.068571357,1939309.4792585226,11.0
4.3313,-76.6091,4599433.376236152,2037559.6518306397,34.0
3.087,-74.8873,4790339.4323873585,1899308.565434285,30.0
4.458,-75.8997,4678297.79475245,2051238.4322963841,157.0
4.3818,-76.6587,4593948.126321596,2043177.2891901012,84.0
4.7745,-76.1603,4649513.630871148,2086381.4687022953,96.0
3.4891,-74.1936,4867470.223557594,1943634.3963820408,11.0
4.7628,-76.1634,4649163.536095429,2085088.3186059836,90.0
4.1929,-73.5656,4937254.309105828,2021336.4504755242,21.0
4.2146,-76.2805,4635890.556466872,2024478.171523946,128.0
4.3649,-76.296,4634239.949770035,2041119.786436224,121.0
2.9848,-74.8089,4799032.968780079,1887995.8217328526,29.0
4.4138,-73.5585,4938059.837415193,2045744.73693137,0.0
2.2821,-75.6081,4710027.933632841,1810453.4895656276,32.0
3.1463,-73.483,4946355.50474842,1905686.9726467705,-1.0
4.1596,-76.3378,4629497.678340767,2018417.8970045445,136.0
3.1314,-74.6319,4818727.740071443,1904169.3201476303,29.0
4.6252,-76.8028,4578073.2598689115,2070209.9992248474,55.0
1.2153,-75.3684,4736545.223662769,1692438.6844522597,14.0
4.0622,-76.3651,4626418.421809662,2007650.3893447686,128.0
3.6198,-74.4841,4835231.644569159,1958126.1793859084,45.0
2.9066,-74.7758,4802697.764197252,1879345.4502414123,2.0
5.0221,-76.0227,4664911.78386521,2113708.9054814274,104.0
3.4288,-74.2968,4856000.570144694,1936985.3127706794,13.0
2.9494,-74.836,4796014.667304192,1884087.4969682882,30.0
2.3498,-75.3698,4736550.901963081,1817894.0399632435,24.0
4.6168,-76.214,4643471.763066128,2068957.049504497,96.0
2.2038,-75.6888,4701033.165129479,1801809.2860357035,16.0
4.0823,-76.5389,4607109.646405083,2009958.0485548214,66.0
3.813,-76.5485,4605915.213297209,1980150.5098450792,8.0
4.487,-75.393,4734559.17613485,2054243.4035308922,4.0
4.847,-75.338,4740795.648890014,2094034.136658642,4.0
4.2934,-73.6744,4925193.578123554,2032451.2016566007,39.0
2.7033,-75.2002,4755481.082140929,1856949.574270118,32.0
4.7628,-76.14,4651761.301779596,2085076.4415502355,112.0
3.9161,-76.7652,4581866.2386598475,1991669.1278091746,41.0
4.9173,-76.2325,4641573.494432747,2102222.1854704907,94.0
1.6005,-76.2431,4639214.6654984625,1735167.9638395733,30.0
3.5727,-74.2672,4859309.440022786,1952884.303579771,11.0
3.4616,-74.2511,4861080.7737462055,1940603.492140725,13.0
2.8528,-76.0763,4658078.432603802,1873703.2650230327,8.0
2.1483,-76.5888,4600832.787625169,1795876.4158601076,7.0
3.484,-74.2021,4866525.580292203,1943071.9750025528,0.0
4.1077,-76.3941,4623216.479495613,2012700.037285817,112.0
3.4415,-74.1839,4868540.832887772,1938372.5959893365,9.0
4.2569,-76.0056,4666449.59770581,2029035.1349230635,155.0
2.652,-75.0931,4767379.386524707,1851256.682451179,28.0
4.5617,-76.2841,4635659.208119895,2062894.5072941512,106.0
4.2919,-76.6614,4593599.901309825,2033225.2911609244,87.0
3.13,-75.9995,4666706.310034722,1904350.2734930585,9.0
1.9694,-76.006,4665683.414279063,1775942.7531873093,28.0
3.6992,-74.1954,4867300.706997184,1966853.6837962735,14.0
4.3204,-76.4046,4622152.417099376,2036247.990388995,124.0
4.4221,-73.6515,4927746.111726905,2046670.2650561358,0.0
4.041,-76.9598,4560288.395812257,2005602.204825081,40.0
2.8478,-74.9036,4788482.499347373,1872868.261947344,4.0
2.2255,-76.5078,4609873.51422879,1804401.1482059215,12.0
2.2173,-76.4998,4610762.210581077,1803491.3334960258,12.0
4.1744,-77.0031,4555546.496638358,2020401.312990893,74.0
2.87,-74.8508,4794355.372686175,1875312.834032509,34.0
2.3937,-75.5982,4711152.236834415,1822794.6505065532,32.0
2.7308,-75.932,4674097.657909747,1860164.0405300523,13.0
3.4489,-74.7772,4802645.274848508,1939292.8577748744,45.0
4.3797,-76.3324,4630203.368417082,2042775.6508165388,107.0
5.1708,-74.6841,4813407.459671084,2129612.341435497,25.0
3.6203,-74.1043,4877404.134441447,1958121.2815346704,9.0
2.0212,-75.8965,4677882.334639977,1781651.7452695805,22.0
4.912,-75.326,4742151.6016296,2101217.532100111,4.0
2.307,-76.3907,4622933.684241823,1813391.2118258935,3.0
3.8777,-77.0332,4552036.391207647,1987554.5361234285,33.0
2.3451,-75.6172,4709028.33611223,1817423.3430125248,22.0
3.6918,-77.0543,4549592.592947727,1966974.1214772828,30.0
2.0022,-76.0826,4657162.847559487,1779587.5912584683,26.0
3.9733,-76.3626,4626655.773007552,1997809.6718974179,112.0
3.5844,-74.4739,4836357.998516927,1954211.6871097211,30.0
4.53,-76.2776,4636365.182981077,2059382.889835794,113.0
4.0918,-76.5827,4602245.357811449,2011031.335540616,66.0
4.4982,-76.126,4653186.399047964,2055789.628129921,96.0
3.8082,-76.5623,4604378.462749847,1979625.4706443117,128.0
4.3797,-73.6323,4929871.586168806,2041983.2660890417,40.0
1.9895,-76.0751,4657995.151056653,1778180.8031287908,21.0
4.3499,-75.3711,4736941.429460147,2039074.0718212023,0.0
4.9501,-76.2273,4642168.290874931,2105849.3072183426,103.0
5.0147,-76.3034,4633757.255956019,2113040.595875408,91.0
4.4707,-76.2752,4636602.27156834,2052818.8117588672,120.0
5.1602,-74.6958,4812107.642510677,2128444.0361386635,24.0
4.2273,-76.7667,4581860.51064324,2026128.988747828,36.0
4.8708,-76.1042,4655789.972131135,2097009.159654689,108.0
3.61,-77.3685,4514577.617373668,1958075.53322273,5.0
4.869,-75.333,4741358.676643775,2096465.0893534035,4.0
2.9827,-76.7381,4584473.753082703,1888304.6480440872,106.0
2.9343,-76.0297,4663286.854636658,1882706.951595327,1.0
2.2203,-76.5113,4609482.395731113,1803826.456927155,12.0
2.8368,-76.11,4654324.335251353,1871942.9200946987,4.0
4.7099,-76.1504,4650580.141587386,2079227.8244197406,91.0
3.7934,-76.0039,4666449.524926513,1977751.4474296898,68.0
2.0509,-76.1072,4654434.571204191,1784981.4471251827,19.0
4.876,-75.337,4740917.6676130975,2097240.7205510517,4.0
2.4064,-75.4524,4727373.90332007,1824169.2592726634,22.0
4.482,-75.395,4734335.391586657,2053691.186249778,3.0
3.6521,-75.794,4689726.254491204,1962042.4415142487,20.0
3.7511,-76.7602,4582342.012458233,1973396.4101532348,64.0
1.9473,-76.0043,4665868.2710026195,1773497.2712397273,9.0
3.2181,-75.2096,4754549.3367176745,1913873.4786291355,4.0
3.4986,-74.2096,4865694.773916496,1944686.5526717335,10.0
2.8763,-74.8093,4798969.144051301,1876001.880626688,28.0
1.9313,-75.5825,4712811.791143251,1771649.8343931092,13.0
3.4695,-74.2026,4866468.014940758,1941469.5895852465,14.0
4.49,-75.396,4734227.298033849,2054576.2590643067,4.0
4.6956,-74.8387,4796127.700042372,2077126.2412215997,36.0
4.394,-74.2461,4861789.587028286,2043648.9155740647,16.0
3.132,-75.964,4670655.114274258,1904560.318714306,7.0
2.9255,-75.9872,4668011.919807292,1881720.6065989174,11.0
2.035,-75.9125,4676104.198933717,1783181.635928766,24.0
2.4335,-77.2781,4524127.5838168515,1827673.7970304303,13.0
3.9796,-76.0834,4657688.7373332055,1998385.6918061452,165.0
4.8554,-74.7761,4803116.545842654,2094773.5933053591,28.0
4.5363,-76.3288,4630681.669075467,2060106.0869217506,116.0
4.875,-75.338,4740806.361726195,2097130.5202494983,3.0
4.874,-75.341,4740473.2101658005,2097021.0902044259,3.0
3.9595,-76.2528,4638853.985397926,1996233.565973339,108.0
4.874,-75.344,4740140.441560095,2097022.246809812,4.0
4.879,-75.34,4740586.053615898,2097573.63163431,4.0
4.9586,-76.095,4656856.109702657,2106719.8912396184,104.0
3.0468,-75.9485,4672352.757216624,1895129.2989647244,9.0
4.6824,-76.21,4643948.949117852,2076214.7072632846,98.0
3.4637,-74.3065,4854928.563515548,1940843.8738817072,18.0
2.9531,-76.0728,4658497.993922646,1884800.2183859725,3.0
3.7413,-77.2555,4527226.846488443,1972563.2379067384,11.0
4.2008,-76.2921,4634595.192499933,2022956.3139806953,122.0
2.8451,-77.2678,4525432.147589182,1873273.8532828519,43.0
3.7892,-76.445,4617413.116829998,1977469.314669858,128.0
2.208,-76.9039,4565750.35216071,1802574.0720233289,140.0
4.0977,-73.848,4905912.683465457,2010844.7607070105,10.0
4.8496,-76.2321,4641581.875700728,2094729.7123784756,112.0
4.4081,-76.3006,4633750.01101666,2045903.1864866435,98.0
3.9183,-76.8739,4569777.8757355185,1991967.8880761259,56.0
4.864,-75.51,4721722.001737443,2095982.570224436,8.0
3.9373,-76.452,4616701.415617358,1993865.782483502,128.0
4.3204,-76.9335,4563368.566734613,2036531.9725872201,64.0
1.527,-76.2382,4639747.802026334,1727033.277425136,23.0
2.5483,-75.458,4726780.102655855,1839863.0937272047,32.0
2.7504,-75.0677,4770222.01073019,1862131.0820821298,33.0
3.2034,-73.8599,4904497.817027789,1912023.5460272445,23.0
3.1938,-73.8429,4906385.137237135,1910961.1661640974,19.0
4.4363,-73.5263,4941632.827313039,2048228.3188586081,7.0
3.6468,-76.2638,4637500.481041569,1961631.9173973526,153.0
4.1675,-74.9962,4778500.349607881,2018787.8136338326,39.0
4.2659,-73.7522,4916560.329098595,2029420.4550429648,13.0
4.4204,-73.6137,4931938.2882826105,2046478.8481715592,13.0
4.2887,-73.7581,4915908.30536092,2031940.533636101,14.0
4.4792,-76.3392,4629497.547461869,2053791.6092518233,108.0
4.4903,-73.5637,4937489.571470236,2054198.2549004788,17.0
4.3662,-73.6914,4923315.127529373,2040497.2951568074,5.0
3.1642,-73.9153,4898340.632767338,1907697.1421116134,18.0
4.2768,-73.7407,4917837.226522695,2030623.6813505027,14.0
4.3395,-73.7134,4920872.141616193,2037549.203180969,16.0
4.4691,-73.601,4933351.1941451,2051858.9755881578,13.0
4.877,-75.314,4743469.235293016,2097342.4974991637,3.0
2.7483,-75.1667,4759214.845577698,1861918.415847648,41.0
2.1847,-74.3098,4854402.834699295,1799492.51820389,24.0
2.9233,-76.026,4663695.159284406,1881488.7617373127,1.0
4.848,-75.225,4753330.26407492,2094102.517929151,4.0
4.4035,-76.1784,4647321.840347627,2045335.0903739305,109.0
1.1724,-76.4621,4614753.297211196,1687821.654198142,17.0
4.4024,-73.6702,4925670.157070031,2044495.261475024,15.0
4.3696,-76.4373,4618543.787410593,2041710.3186071124,70.0
4.3546,-73.591,4934450.159292224,2039206.0293007195,12.0
3.6193,-74.4558,4838374.17202268,1958065.8250017962,30.0
4.3771,-76.1291,4652785.446570863,2042390.5937900103,136.0
4.5411,-75.8793,4680599.21647391,2060423.0246597524,141.0
3.7976,-76.9586,4560294.347427388,1978643.9003104551,40.0
4.917,-75.336,4741044.377076048,2101774.323683187,5.0
2.9441,-74.8413,4795424.649694959,1883502.576621513,38.0
2.6462,-75.166,4759272.580976755,1850629.3378318597,29.0
4.7845,-76.036,4663316.831876982,2087425.781388932,52.0
4.7771,-76.0189,4665211.319568157,2086598.6280561965,49.0
5.0459,-75.8803,4680723.0009123515,2116270.6560278693,109.0
4.4571,-73.749,4916936.32286993,2050548.0206678351,0.0
2.3865,-75.399,4733309.890152266,1821958.0529301402,3.0
4.7656,-75.9915,4668247.138177969,2085312.9341988813,48.0
1.5407,-76.0585,4659761.400999217,1728519.7820390635,33.0
4.3183,-76.2766,4636372.777598093,2035953.0420220713,118.0
4.9025,-76.4949,4612434.96650013,2100730.6154924165,87.0
4.7707,-76.0125,4665918.613087149,2085887.3813055833,51.0
4.49,-75.396,4734227.298033849,2054576.2590643067,3.0
2.4149,-75.3662,4736963.705489644,1825092.2705753008,27.0
2.027,-75.9513,4671783.8676084485,1782304.413888299,29.0
3.2536,-77.4375,4506711.712667813,1918615.875714771,94.0
3.8483,-76.228,4641563.100171965,1983916.7207159735,115.0
4.3347,-73.6232,4930876.798152808,2037009.9789440972,10.0
4.4644,-76.5439,4606749.048176005,2052260.0112520088,96.0
3.7622,-74.1801,4869008.707032777,1973813.7880103176,14.0
3.9722,-76.1931,4645494.585759662,1997613.1786529548,105.0
4.7035,-75.5807,4713811.734768767,2078260.0496763024,144.0
4.494,-75.3453,4739855.6971815005,2055000.361044008,183.0
3.8627,-74.0417,4884386.358974798,1984900.3880405964,11.0
4.9136,-76.1081,4655379.030524552,2101747.2040896537,113.0
1.9863,-76.0975,4655500.783932571,1777831.3926274555,18.0
4.7707,-75.9933,4668049.793208776,2085878.083042725,49.0
4.0648,-74.9661,4781813.604209466,2007425.2739305939,19.0
4.4543,-73.6116,4932174.288999053,2050224.5628150243,15.0
4.2162,-75.7938,4689957.41532646,2024444.3380455496,16.0
4.7543,-75.9927,4668108.515644184,2084063.2436042165,53.0
4.2675,-76.4662,4615281.163232225,2030423.2532003676,74.0
2.8256,-76.1053,4654843.93137011,1870702.2205112644,6.0
4.7586,-76.1293,4652947.0408787085,2084606.2795230602,96.0
3.5886,-74.3642,4848540.6921543535,1954657.010528849,22.0
2.0577,-74.7395,4806608.753319963,1785502.6100624516,22.0
4.9263,-76.233,4641522.822060115,2103218.4724231497,102.0
4.8073,-75.963,4671430.485595596,2089912.968715374,54.0
2.598,-75.4868,4723587.539740733,1845365.6897956925,36.0
4.0061,-76.5514,4605683.196221795,2001528.5910671167,56.0
4.8469,-76.0971,4656565.899425177,2094360.9007679918,113.0
2.5229,-75.5697,4714350.2982700765,1837078.1184673617,26.0
2.7245,-74.3125,4854161.188700156,1859149.826039309,30.0
3.0146,-75.962,4670841.509715907,1891570.9111951243,10.0
2.8552,-74.9359,4784893.520388658,1873692.3241171828,29.0
3.6119,-74.3993,4844646.926086758,1957238.0836775433,22.0
2.3874,-75.4066,4732464.695675115,1822059.0570796616,36.0
4.2146,-76.4532,4616699.666480866,2024561.1469083014,76.0
4.376,-73.699,4922473.158432735,2041580.9782318783,16.0
3.2907,-76.4378,4618009.00638148,1922287.6413575248,136.0
3.8288,-74.94,4784650.312541454,1981327.4637780145,26.0
4.3278,-76.2713,4636966.122970601,2037001.8860666582,121.0
4.4326,-74.9185,4787198.876953336,2048074.189393669,25.0
2.8303,-74.3914,4845406.276553294,1870852.7925836688,17.0
3.9336,-74.1036,4877525.791114547,1992744.3120093278,11.0
2.0973,-76.2351,4640205.857426408,1790144.5063525524,0.0
2.797,-75.1115,4765361.639799472,1867291.8733432398,27.0
4.2299,-76.2246,4642108.623129624,2026145.425306456,135.0
4.811,-74.6928,4812340.9919427335,2089841.8735162509,30.0
4.5072,-76.2855,4635476.346607611,2056863.5061066563,24.0
3.8362,-75.6614,4704524.145637857,1982360.953412214,13.0
4.9136,-76.0291,4664146.627862989,2101706.944724298,110.0
3.2351,-76.4318,4618655.488739652,1916131.0919208766,49.0
4.1045,-76.5166,4609599.295355435,2012404.690852643,72.0
4.712,-76.3595,4627363.781548938,2079568.678328134,100.0
2.7917,-75.0678,4770218.863575464,1866697.252048341,23.0
4.7464,-76.1596,4649577.095415825,2083271.5522392911,93.0
2.9306,-76.028,4663474.856798636,1882297.058687603,0.0
4.467,-76.4666,4615338.584175963,2052506.8658113077,107.0
4.6893,-76.1615,4649337.452429415,2076953.7967829704,90.0
4.2299,-73.7746,4914071.420495485,2025444.8474853141,13.0
3.7225,-76.9849,4557330.354914713,1970339.4422855773,37.0
4.3633,-73.7022,4922116.914867515,2040177.9528635996,13.0
3.8595,-75.6284,4708198.4167488925,1984926.762789082,13.0
4.6824,-76.1929,4645847.627175633,2076206.0376613552,96.0
4.504,-75.6605,4704873.735021088,2056226.3026429478,161.0
4.5919,-76.2763,4636540.753792495,2066232.8731297092,114.0
3.8426,-75.6699,4703581.982128079,1983071.8028602593,12.0
2.7774,-75.0726,4769682.458299087,1865117.170568123,30.0
4.1368,-75.398,4733882.294743022,2015517.132426158,25.0
4.5046,-76.4353,4618835.403444289,2056652.4923655507,100.0
3.5939,-74.1863,4868295.700354556,1955215.208938565,9.0
3.2983,-77.5324,4496162.909828966,1923617.312070543,17.0
2.4805,-75.3685,4736720.696513511,1832346.9348045844,35.0
2.0572,-75.7274,4696709.291340644,1785601.2115266675,27.0
4.013,-74.2454,4861800.1410268545,2001541.511303803,18.0
3.7934,-77.1866,4534922.924252536,1978298.2392576134,72.0
4.158,-73.7926,4912066.465480551,2017501.7480055317,9.0
4.3839,-73.5876,4934829.807818042,2042443.3272959993,20.0
3.6706,-76.9772,4558161.330183672,1964587.2970559257,92.0
2.3415,-76.271,4636268.690627595,1817178.0562247185,6.0
1.9789,-75.8858,4679065.054174041,1776970.056929294,13.0
4.5342,-75.8808,4680429.642869035,2059660.3289217628,143.0
4.7469,-76.1196,4654018.024592938,2083306.7250361305,115.0
4.458,-76.1045,4655555.207187334,2051331.1426334565,92.0
4.4776,-73.5871,4934893.46067154,2052796.965999053,32.0
3.4563,-74.7027,4810922.312532586,1940095.720342977,35.0
2.3271,-76.0663,4659050.165480621,1815533.2099408945,10.0
4.1283,-73.832,4907691.563404842,2014224.2965151477,9.0
3.3912,-74.4624,4837601.91735588,1932856.0373802984,26.0
4.5136,-76.2108,4643776.113489497,2057534.7625361022,128.0
5.0512,-75.9305,4675156.274380001,2116881.8977101664,108.0
4.067,-73.7094,4921288.503305856,2007437.4780257987,12.0
2.7239,-76.7399,4584180.136591008,1859649.7576104864,16.0
2.3461,-75.5949,4711509.4910046775,1817529.3238489158,19.0
2.2466,-75.6319,4707372.825709022,1806531.849917512,24.0
4.7755,-76.1443,4651290.357716665,2086483.9852086736,99.0
4.8441,-75.326,4742125.666265974,2093708.8622658611,5.0
2.1699,-74.5183,4831219.286794676,1797878.542454042,16.0
3.4193,-73.2157,4976049.96483197,1935840.872720694,13.0
4.6078,-74.9814,4780272.061556004,2067462.3919348498,13.0
4.3786,-74.9706,4781401.898227074,2042119.2592886742,29.0
4.877,-75.3577,4738621.950199865,2097359.307665272,5.0
3.95,-76.5416,4606746.022805139,1995313.4942087259,119.0
4.6025,-75.952,4672555.515176218,2067248.795601259,44.0
5.0258,-75.9037,4678117.0502627045,2114058.424281421,113.0
2.316,-73.8119,4909762.2541757,1813961.9192084514,2.0
2.4832,-75.4786,4724475.195322384,1832667.9644813763,28.0
2.9523,-76.0322,4663014.16823471,1884699.2950540308,0.0
3.7436,-76.8998,4566808.965234211,1972633.8281146414,37.0
1.9302,-76.058,4659886.802480626,1771615.9927700234,23.0
2.7271,-75.0762,4769272.552401082,1859556.6493352985,30.0
4.4931,-75.386,4735338.291005159,2054915.4537384391,5.0
3.0118,-75.2982,4744652.385643056,1891082.9723162577,51.0
4.9681,-76.2562,4638970.347874682,2107857.0681936243,92.0
5.0523,-75.6434,4707005.20105217,2116867.062800691,120.0
1.1926,-76.8577,4570672.272869536,1690116.2731604897,16.0
1.5132,-75.6,4710801.246079435,1725410.4265404362,19.0
3.4468,-74.7218,4808798.802483465,1939049.4165711123,24.0
4.413,-76.3245,4631097.4245785605,2046457.3184492723,120.0
4.9443,-76.3719,4626114.304973744,2105287.189382718,97.0
3.9008,-75.4911,4723464.585204444,1989448.4441581436,19.0
3.5187,-74.2085,4865819.795876464,1946907.7374871508,10.0
2.9348,-76.0183,4664555.14796884,1882758.843308217,1.0
4.7401,-76.1351,4652293.874168639,2082562.0319991915,89.0
3.3766,-76.9379,4562396.429327057,1932007.058956757,69.0
2.7373,-75.0491,4772287.385970677,1860679.1901291525,29.0
4.5774,-75.679,4702850.143947753,2064352.8134030998,10.0
3.5156,-74.1948,4867340.695225393,1946563.1855475348,13.0
4.2538,-73.7303,4918988.5084813,2028081.0563690714,15.0
4.2104,-76.6482,4595024.3747084895,2024194.9807448848,100.0
4.7466,-76.0027,4666994.803717871,2083216.100769138,51.0
4.2406,-76.6531,4594495.4356614165,2027541.151142569,99.0
3.1603,-73.3006,4966614.487462312,1907226.238823292,13.0
3.1931,-74.1753,4869463.314322198,1910920.0402164867,13.0
3.8297,-76.6209,4597871.916084932,1982032.9298238237,40.0
3.4469,-74.3086,4854692.7864892585,1938987.4821058784,16.0
4.7672,-76.1952,4645635.403797285,2085591.5241042292,97.0
4.4859,-76.2131,4643507.171262502,2054470.4526875105,101.0
3.5442,-74.2045,4866267.632609172,1949725.2811456053,13.0
3.9106,-76.0872,4657238.132324858,1990752.3383357003,159.0
5.0469,-76.0168,4665579.132990751,2116449.9118049457,80.0
3.0694,-74.9721,4780911.739269443,1897379.9045177426,26.0
3.955,-76.6624,4593317.072993796,1995925.321785626,96.0
3.8831,-76.4747,4614152.9652373,1987876.6586648545,113.0
4.9909,-76.2917,4635042.623862198,2110399.9838296003,103.0
4.8841,-76.3861,4624504.17929491,2098631.935686168,95.0
4.4288,-76.7435,4584549.769113037,2048428.0561155444,92.0
4.8883,-76.3786,4625339.175348389,2099092.6215606756,92.0
4.9549,-76.283,4635988.447667576,2106410.885064561,94.0
4.9597,-76.3497,4628587.308821187,2106979.213007466,92.0
4.837,-76.477,4614385.004675812,2093469.6811519284,97.0
4.8555,-76.3571,4627707.9925835,2095450.2732102836,99.0
4.3262,-76.6759,4592006.597292133,2037030.6798520873,50.0
4.8793,-76.3407,4629541.801492363,2098075.4489692966,93.0
4.4648,-76.7053,4588815.1023635985,2052392.7328126244,45.0
3.9241,-77.3866,4512737.872583974,1992892.1079383914,57.0
4.4521,-76.6904,4590463.817823981,2050978.2471673817,48.0
4.533,-76.719,4587331.164957065,2059951.8327662281,43.0
4.4627,-76.7096,4588336.085382822,2052162.624415582,43.0
4.1369,-76.7634,4582179.348547239,2016117.2581935204,52.0
4.4034,-76.7839,4580045.431442112,2045638.259002921,44.0
4.5478,-76.7383,4585195.051214215,2061601.6381963454,40.0
4.4478,-76.6925,4590228.068469177,2050503.3151742867,45.0
4.4394,-76.7073,4588578.703893107,2049581.4906396905,43.0
4.4203,-76.7818,4580288.352269985,2047508.4491998833,40.0
4.5182,-76.6646,4593367.48859385,2058282.3841081504,45.0
4.4584,-76.6861,4590945.150343045,2051673.394100236,45.0
4.4267,-76.7691,4581703.453149216,2048209.9463970417,40.0
4.5626,-76.7,4589459.179163812,2063218.3920692985,43.0
4.4087,-76.802,4578036.676242029,2046235.3938925718,47.0
4.4944,-76.7097,4588342.743463012,2055672.6089713513,44.0
4.4531,-76.7021,4589164.188630372,2051095.489723516,52.0
4.6028,-76.778,4580815.664615199,2067714.8780331535,40.0
4.4166,-76.76,4582709.154978653,2047086.441898262,47.0
4.524,-76.6992,4589526.178998366,2058944.061624456,44.0
4.4373,-76.7819,4580286.847178798,2049390.95486524,43.0
4.4309,-76.7201,4587151.494114705,2048647.4791291424,44.0
4.8275,-76.3522,4628236.68282618,2092348.4875688413,97.0
4.4299,-76.7467,4584194.74800662,2048551.6544168442,45.0
4.5393,-76.7393,4585079.060658642,2060661.0335058111,43.0
4.4415,-76.7074,4588568.757386955,2049814.0645597884,43.0
4.5594,-76.7341,4585668.399410117,2062883.6488198354,41.0
4.3929,-76.7114,4588097.351887617,2044435.1390849084,52.0
2.4165,-76.3206,4630767.064455254,1825491.608680938,12.0
4.3929,-76.7497,4583840.684123911,2044456.398426067,52.0
2.4623,-76.3184,4631024.477023225,1830559.8775745134,12.0
4.0925,-76.8335,4574361.576436653,2011237.8047752732,53.0
4.2808,-76.7556,4583123.324579375,2032046.993097529,54.0
4.571,-76.6819,4591475.024203835,2064138.1198750846,43.0
4.3992,-76.7348,4585500.184732998,2045145.6773423776,46.0
4.4198,-76.7429,4584611.421669295,2047431.1729971387,54.0
4.4753,-76.667,4593076.95004162,2053533.9261542007,48.0
4.45,-76.7543,4583361.412156537,2050781.5804434575,43.0
4.5684,-76.7378,4585262.452568225,2063882.3255340154,46.0
2.431,-76.3171,4631160.616125425,1827095.426224932,3.0
4.873,-76.3855,4624564.6109949,2097402.9911342273,90.0
4.4669,-76.6883,4590705.39618557,2052615.7440056822,43.0
4.5869,-76.7353,4585550.911667442,2065929.323938466,43.0
4.5642,-76.6781,4591893.375383069,2063383.062891174,45.0
4.4542,-76.701,4589287.040625003,2051216.6700734787,48.0
4.5996,-76.6842,4591235.778606811,2067306.032017001,43.0
4.5303,-76.6886,4590707.554955526,2059635.604413073,43.0
4.3971,-76.786,4579808.483952165,2044941.8281332024,47.0
4.4627,-76.7202,4587158.131961631,2052168.5756887007,43.0
4.5917,-76.6719,4592597.835783086,2066424.3086391748,39.0
4.892,-76.3472,4628827.189151125,2099484.686502172,93.0
4.6086,-76.6869,4590940.955037345,2068304.067786001,43.0
4.5473,-76.7569,4583127.953933208,2061557.0081316466,39.0
4.5113,-76.7674,4581940.457469459,2057576.7883717204,47.0
4.5124,-76.7365,4585374.84368971,2057680.8757089062,43.0
4.4478,-76.718,4587394.285838269,2050517.547175029,43.0
4.5769,-76.723,4586911.813509585,2064814.9488542373,40.0
4.4225,-76.7115,4588102.577627862,2047712.6068812304,47.0
4.5769,-76.691,4590467.306501944,2064796.5663202058,37.0
3.7626,-77.0045,4555169.814341769,1974790.8247475342,41.0
4.4077,-76.7242,4586682.962659232,2046080.9491601358,42.0
4.6445,-76.6444,4595683.086333222,2072254.4484458067,39.0
4.5176,-76.7376,4585255.569535511,2058257.2834794,34.0
4.5536,-76.7676,4581942.6072179815,2062260.8104058753,39.0
4.4685,-76.7165,4587572.554019159,2052808.6963209505,40.0
3.8361,-75.6125,4709956.914282301,1982333.1522931466,19.0
4.4642,-76.7112,4588159.120394681,2052329.6068104175,46.0
4.4077,-76.7136,4587861.009260816,2046075.064274229,44.0
4.8836,-76.2182,4643142.854576379,2098485.038614714,108.174
4.3463,-73.6199,4931243.88668341,2038291.4626584274,10.0
3.0345,-75.7383,4695725.937578511,1893707.0165007408,10.0
2.4828,-76.0318,4662928.214089953,1832752.040148089,157.28
3.5937,-73.9848,4890668.848648671,1955166.533013281,27.64
3.4466,-74.4951,4833979.330265757,1938984.8002740107,33.0
4.557,-76.644,4595678.033626973,2062566.621323543,53.91
1.929,-76.362,4626038.160418563,1771547.1203287342,170.0
3.924,-74.999,4778123.240008058,1991867.6307004306,51.4
3.737,-75.642,4706646.078630698,1971381.962445924,51.9
2.953,-75.983,4668487.247829835,1884761.9319113092,23.1
1.544,-76.644,4594547.596278765,1728987.8101051846,48.7
3.456,-74.953,4783117.4073541155,1940116.0494035457,33.0
4.368,-76.505,4611020.670444369,2041567.9662699823,33.0
5.221,-75.583,4713779.86090957,2135499.3731510104,128.7
3.882,-74.819,4798099.129016691,1987179.090137173,33.0
3.292,-74.417,4842628.77854255,1921884.621086495,33.0
3.405,-77.486,4501385.753222903,1935419.323003481,76.0
2.808,-72.993,5000777.684420243,1868296.1992988437,33.0
4.32,-73.76,4915700.980496831,2035399.4470073816,10.0
4.826,-74.618,4820639.28103429,2091479.8300498612,13.0
3.384,-76.606,4599333.231554047,1932682.8821751361,10.0
5.137,-74.949,4784035.565669971,2125959.4004015503,33.0
2.722,-76.81,4576373.995561259,1859463.8394644214,142.4
3.849,-75.749,4694795.779334724,1983807.6295910724,198.7
2.181,-74.595,4822692.125628301,1799114.2052326512,61.5
5.139,-75.577,4714408.30567806,2126426.98318683,119.6
4.104,-76.622,4597882.577931575,2012401.64641489,73.5
2.917,-76.057,4660244.711228538,1880801.034529614,12.1
1.808,-75.39,4734213.264644039,1757983.5274411554,18.1
5.111,-75.607,4711068.748034523,2123343.447724405,119.0
1.901,-77.156,4537571.504080691,1768640.9353515871,110.0
4.557,-76.724,4586789.282586128,2062612.0936739699,33.0
2.265,-76.506,4610084.45117533,1808773.1416018517,10.0
2.891,-74.797,4800338.809237505,1877624.7042210451,33.0
2.551,-74.246,4861532.36096177,1839967.7394080122,33.0
4.946,-76.216,4643420.304788747,2105389.4810586986,110.0
3.12,-75.282,4746478.786806729,1903043.5946238502,33.0
3.807,-75.375,4736331.402222997,1979038.238517267,33.0
4.412,-73.673,4925360.56095151,2045556.3404475746,10.0
2.754,-76.667,4592306.928418624,1862957.3267546333,33.0
3.741,-76.93,4563447.80914889,1972360.8898542034,33.0
5.158,-74.848,4795237.826534791,2128247.758431885,11.1
1.56,-77.017,4552983.552842008,1730834.9659932451,10.0
1.978,-76.011,4665128.5417193035,1776895.2671454875,16.5
1.17,-75.253,4749384.75257087,1687418.7684410182,33.0
3.788,-76.92,4564583.7827831935,1977561.1213923094,64.0
3.417,-76.53,4607801.85563853,1936304.8502679502,65.9
2.461,-76.686,4590096.534134018,1830523.5599983272,22.2
4.06,-77.227,4530576.40771176,2007857.1526292313,80.0
3.895,-76.409,4621462.60460909,1989164.0741634478,58.4
2.126,-77.215,4531059.425430245,1793584.2272762712,97.7
3.633,-73.702,4922070.15728445,1959480.152184075,65.0
4.269,-73.825,4908484.642478317,2029771.2843808774,49.0
4.805,-76.217,4643234.76999396,2089785.991215005,108.0
4.558,-74.743,4806704.776159819,2061888.238270401,33.0
4.235,-75.559,4716039.304015396,2026434.0338962756,38.0
3.934,-76.026,4664048.704108304,1993316.6593664242,127.0
2.626,-77.347,4516520.43321095,1849028.8550812365,111.0
3.301,-73.441,4951027.738544689,1922778.1132601046,44.0
1.947,-75.863,4681596.767184974,1773436.693697901,47.0
3.254,-76.972,4558546.448939477,1918443.882979868,90.0
3.106,-77.005,4554809.154459986,1902065.9638275553,181.0
4.813,-75.757,4694294.710079769,2090447.7896600885,144.0
4.861,-74.144,4873198.657561711,2095241.2873872297,33.0
3.977,-74.302,4855511.983449866,1997572.5784784218,66.0
3.103,-76.142,4650847.765208894,1901409.0002356484,176.0
3.326,-74.12,4875622.430681024,1925600.0340297832,157.0
2.968,-74.86,4793350.706685825,1886148.1013294007,42.0
4.819,-76.38,4625145.415737208,2091422.9456142685,121.0
4.691,-75.628,4708557.553127551,2076897.0176714214,158.0
2.44,-75.362,4737435.709206819,1827867.067455816,15.0
2.906,-74.772,4803119.998399304,1879278.4620118767,35.0
4.437,-74.636,4818544.218458243,2048485.3858083875,15.0
5.099,-76.078,4658815.9406033745,2122246.7201077063,15.0
3.156,-77.469,4503155.7041668845,1907814.7302018818,35.0
3.792,-73.649,4927966.897332046,1977044.8660916605,15.0
3.725,-73.866,4903872.932097381,1969662.2145188742,15.0
