fuente,id,fecha_utc,magnitude,mag_type,magnitude_mw,conversion_relation,conversion_status,place
SGC,SGC2023ixxphu,2023-05-07T08:05:33+00:00,4.3,M,,sin correlacion verificable,no_convertida,"San Vicente del Caguán - Caquetá, Colombia"
SGC,SGC2026lbgxng,2026-06-06T11:52:46+00:00,1.9,M,,sin correlacion verificable,no_convertida,"Uribe - Meta, Colombia"
SGC,SGC2026ljplhk,2026-06-11T00:45:56+00:00,1.9,M,,sin correlacion verificable,no_convertida,"San Vicente del Caguán - Caquetá, Colombia"
USGS,usp0004kde,1991-01-08T15:41:52.150Z,3.4,md,4.04398,Senel et al.: Mw=0.7947 Md+1.3420 (3.5<=Md<=7.4),extrapolada,"23 km E of Rivera, Colombia"
SGC,SGC1993lmmcdq,1993-06-07T15:44:35+00:00,2.2,ML,3.0812,Senel et al.: Mw=0.8095 ML+1.3003 (3.3<=ML<=6.6),extrapolada,"Tello - Huila, Colombia"
SGC,SGC1993eyjcrq,1993-06-25T07:13:34+00:00,2.0,ML,2.9193,Senel et al.: Mw=0.8095 ML+1.3003 (3.3<=ML<=6.6),extrapolada,"Rivera - Huila, Colombia"
SGC,SGC1993emkmvs,1993-06-30T12:01:46+00:00,3.0,ML,3.7288,Senel et al.: Mw=0.8095 ML+1.3003 (3.3<=ML<=6.6),extrapolada,"Íquira - Huila, Colombia"
SGC,SGC1993bfxmcj,1993-07-05T08:23:24+00:00,2.0,ML,2.9193,Senel et al.: Mw=0.8095 ML+1.3003 (3.3<=ML<=6.6),extrapolada,"Rivera - Huila, Colombia"
SGC,SGC1993ytpsyf,1993-07-10T01:54:23+00:00,1.7,ML,2.67645,Senel et al.: Mw=0.8095 ML+1.3003 (3.3<=ML<=6.6),extrapolada,"Rivera - Huila, Colombia"
SGC,SGC1993hexppy,1993-07-26T05:11:59+00:00,2.1,ML,3.0002500000000003,Senel et al.: Mw=0.8095 ML+1.3003 (3.3<=ML<=6.6),extrapolada,"Rivera - Huila, Colombia"
SGC,SGC1993inotyo,1993-07-26T14:31:54+00:00,2.3,ML,3.16215,Senel et al.: Mw=0.8095 ML+1.3003 (3.3<=ML<=6.6),extrapolada,"Tello - Huila, Colombia"
SGC,SGC1993xfnwkh,1993-07-30T16:36:45+00:00,2.7,ML,3.4859500000000003,Senel et al.: Mw=0.8095 ML+1.3003 (3.3<=ML<=6.6),extrapolada,"Tello - Huila, Colombia"
SGC,SGC1993zkxtjj,1993-08-11T22:15:51+00:00,2.5,ML,3.32405,Senel et al.: Mw=0.8095 ML+1.3003 (3.3<=ML<=6.6),extrapolada,"Baraya - Huila, Colombia"
SGC,SGC1993slmkql,1993-09-02T09:43:01+00:00,2.0,ML,2.9193,Senel et al.: Mw=0.8095 ML+1.3003 (3.3<=ML<=6.6),extrapolada,"Tello - Huila, Colombia"
SGC,SGC1993vsgazj,1993-09-05T01:13:35+00:00,2.0,ML,2.9193,Senel et al.: Mw=0.8095 ML+1.3003 (3.3<=ML<=6.6),extrapolada,"Rivera - Huila, Colombia"
SGC,SGC1993lishkz,1993-09-08T02:02:12+00:00,2.4,ML,3.2431,Senel et al.: Mw=0.8095 ML+1.3003 (3.3<=ML<=6.6),extrapolada,"Rivera - Huila, Colombia"
SGC,SGC1993rotesi,1993-09-08T18:24:11+00:00,2.1,ML,3.0002500000000003,Senel et al.: Mw=0.8095 ML+1.3003 (3.3<=ML<=6.6),extrapolada,"Tello - Huila, Colombia"
SGC,SGC1993bgxnrc,1993-09-12T18:32:08+00:00,3.1,ML,3.80975,Senel et al.: Mw=0.8095 ML+1.3003 (3.3<=ML<=6.6),extrapolada,"Algeciras - Huila, Colombia"
SGC,SGC1993tzfcnc,1993-09-20T03:33:37+00:00,1.5,ML,2.51455,Senel et al.: Mw=0.8095 ML+1.3003 (3.3<=ML<=6.6),extrapolada,"Rivera - Huila, Colombia"
SGC,SGC1993dkvbuv,1993-10-08T06:53:30+00:00,1.6,ML,2.5955000000000004,Senel et al.: Mw=0.8095 ML+1.3003 (3.3<=ML<=6.6),extrapolada,"Algeciras - Huila, Colombia"
SGC,SGC1993hpmqsm,1993-10-28T10:24:23+00:00,2.4,ML,3.2431,Senel et al.: Mw=0.8095 ML+1.3003 (3.3<=ML<=6.6),extrapolada,"Rivera - Huila, Colombia"
SGC,SGC1993vaxtwn,1993-10-31T07:39:05+00:00,1.7,ML,2.67645,Senel et al.: Mw=0.8095 ML+1.3003 (3.3<=ML<=6.6),extrapolada,"Rivera - Huila, Colombia"
SGC,SGC1994cfzkve,1994-01-05T22:47:16+00:00,2.5,ML,3.32405,Senel et al.: Mw=0.8095 ML+1.3003 (3.3<=ML<=6.6),extrapolada,"Tello - Huila, Colombia"
SGC,SGC1994aphmhj,1994-01-16T19:02:42+00:00,2.2,ML,3.0812,Senel et al.: Mw=0.8095 ML+1.3003 (3.3<=ML<=6.6),extrapolada,"Planadas - Tolima, Colombia"
SGC,SGC1994cjgkau,1994-02-09T15:00:20+00:00,1.9,ML,2.83835,Senel et al.: Mw=0.8095 ML+1.3003 (3.3<=ML<=6.6),extrapolada,"Tello - Huila, Colombia"
SGC,SGC1994auouaa,1994-02-26T14:23:30+00:00,2.4,ML,3.2431,Senel et al.: Mw=0.8095 ML+1.3003 (3.3<=ML<=6.6),extrapolada,"Tello - Huila, Colombia"
SGC,SGC1994fvumfx,1994-03-15T02:06:44+00:00,2.4,ML,3.2431,Senel et al.: Mw=0.8095 ML+1.3003 (3.3<=ML<=6.6),extrapolada,"Algeciras - Huila, Colombia"
SGC,SGC1994yjumwu,1994-03-25T15:50:51+00:00,2.3,ML,3.16215,Senel et al.: Mw=0.8095 ML+1.3003 (3.3<=ML<=6.6),extrapolada,"Rivera - Huila, Colombia"
SGC,SGC1994eypeqc,1994-04-27T01:02:11+00:00,2.3,ML,3.16215,Senel et al.: Mw=0.8095 ML+1.3003 (3.3<=ML<=6.6),extrapolada,"Neiva - Huila, Colombia"
SGC,SGC1994bvillg,1994-05-19T20:48:29+00:00,2.3,ML,3.16215,Senel et al.: Mw=0.8095 ML+1.3003 (3.3<=ML<=6.6),extrapolada,"Rivera - Huila, Colombia"
SGC,SGC1994pampka,1994-05-25T03:14:04+00:00,2.3,ML,3.16215,Senel et al.: Mw=0.8095 ML+1.3003 (3.3<=ML<=6.6),extrapolada,"Algeciras - Huila, Colombia"
SGC,SGC1994atuajh,1994-06-12T20:55:49+00:00,3.0,ML,3.7288,Senel et al.: Mw=0.8095 ML+1.3003 (3.3<=ML<=6.6),extrapolada,"Rivera - Huila, Colombia"
SGC,SGC1994ncsosb,1994-06-16T04:25:48+00:00,2.8,ML,3.5669,Senel et al.: Mw=0.8095 ML+1.3003 (3.3<=ML<=6.6),extrapolada,"Rivera - Huila, Colombia"
SGC,SGC1994grdjyj,1994-07-12T00:03:42+00:00,3.2,ML,3.8907,Senel et al.: Mw=0.8095 ML+1.3003 (3.3<=ML<=6.6),extrapolada,"Baraya - Huila, Colombia"
SGC,SGC1994ojcolw,1994-07-21T07:38:01+00:00,2.3,ML,3.16215,Senel et al.: Mw=0.8095 ML+1.3003 (3.3<=ML<=6.6),extrapolada,"Rivera - Huila, Colombia"
SGC,SGC1994nuqazu,1994-07-23T17:55:59+00:00,2.4,ML,3.2431,Senel et al.: Mw=0.8095 ML+1.3003 (3.3<=ML<=6.6),extrapolada,"Tello - Huila, Colombia"
SGC,SGC1994gfdvrt,1994-07-26T10:23:15+00:00,2.8,ML,3.5669,Senel et al.: Mw=0.8095 ML+1.3003 (3.3<=ML<=6.6),extrapolada,"Tello - Huila, Colombia"
SGC,SGC1994dgzsme,1994-08-24T11:58:09+00:00,3.2,ML,3.8907,Senel et al.: Mw=0.8095 ML+1.3003 (3.3<=ML<=6.6),extrapolada,"Tello - Huila, Colombia"
SGC,SGC1994anaajb,1994-08-26T11:19:13+00:00,1.9,ML,2.83835,Senel et al.: Mw=0.8095 ML+1.3003 (3.3<=ML<=6.6),extrapolada,"Baraya - Huila, Colombia"
SGC,SGC1994lktthg,1994-09-04T10:31:24+00:00,3.0,ML,3.7288,Senel et al.: Mw=0.8095 ML+1.3003 (3.3<=ML<=6.6),extrapolada,"Rivera - Huila, Colombia"
SGC,SGC1994hkwhge,1994-09-07T01:22:28+00:00,1.8,ML,2.7574,Senel et al.: Mw=0.8095 ML+1.3003 (3.3<=ML<=6.6),extrapolada,"Tello - Huila, Colombia"
SGC,SGC1994fcwzis,1994-09-28T07:29:45+00:00,3.1,ML,3.80975,Senel et al.: Mw=0.8095 ML+1.3003 (3.3<=ML<=6.6),extrapolada,"Tello - Huila, Colombia"
SGC,SGC1994aqxfkz,1994-10-11T03:03:13+00:00,1.8,ML,2.7574,Senel et al.: Mw=0.8095 ML+1.3003 (3.3<=ML<=6.6),extrapolada,"Aipe - Huila, Colombia"
SGC,SGC1994jizxxj,1994-10-14T12:42:25+00:00,1.7,ML,2.67645,Senel et al.: Mw=0.8095 ML+1.3003 (3.3<=ML<=6.6),extrapolada,"Santa María - Huila, Colombia"
SGC,SGC1994lltocb,1994-10-15T17:58:04+00:00,2.8,ML,3.5669,Senel et al.: Mw=0.8095 ML+1.3003 (3.3<=ML<=6.6),extrapolada,"Algeciras - Huila, Colombia"
SGC,SGC1994eedhsd,1994-11-20T17:15:08+00:00,2.9,ML,3.64785,Senel et al.: Mw=0.8095 ML+1.3003 (3.3<=ML<=6.6),extrapolada,"Baraya - Huila, Colombia"
SGC,SGC1994meyndr,1994-11-30T14:48:02+00:00,2.4,ML,3.2431,Senel et al.: Mw=0.8095 ML+1.3003 (3.3<=ML<=6.6),extrapolada,"Tello - Huila, Colombia"
SGC,SGC1994enmwmf,1994-12-01T15:42:31+00:00,2.1,ML,3.0002500000000003,Senel et al.: Mw=0.8095 ML+1.3003 (3.3<=ML<=6.6),extrapolada,"Baraya - Huila, Colombia"
SGC,SGC1994rvvbac,1994-12-04T15:55:44+00:00,2.8,ML,3.5669,Senel et al.: Mw=0.8095 ML+1.3003 (3.3<=ML<=6.6),extrapolada,"Santa María - Huila, Colombia"
SGC,SGC1994oxfcrp,1994-12-07T15:38:06+00:00,2.6,ML,3.405,Senel et al.: Mw=0.8095 ML+1.3003 (3.3<=ML<=6.6),extrapolada,"Aipe - Huila, Colombia"
SGC,SGC1995ggdplv,1995-01-17T08:36:09+00:00,3.0,ML,3.7288,Senel et al.: Mw=0.8095 ML+1.3003 (3.3<=ML<=6.6),extrapolada,"Rivera - Huila, Colombia"
SGC,SGC1995kzblwx,1995-01-23T05:58:51+00:00,2.8,ML,3.5669,Senel et al.: Mw=0.8095 ML+1.3003 (3.3<=ML<=6.6),extrapolada,"Rivera - Huila, Colombia"
SGC,SGC1995tkbgmg,1995-02-19T07:15:52+00:00,2.7,ML,3.4859500000000003,Senel et al.: Mw=0.8095 ML+1.3003 (3.3<=ML<=6.6),extrapolada,"Baraya - Huila, Colombia"
SGC,SGC1995awulhc,1995-03-05T11:15:10+00:00,3.2,ML,3.8907,Senel et al.: Mw=0.8095 ML+1.3003 (3.3<=ML<=6.6),extrapolada,"Algeciras - Huila, Colombia"
SGC,SGC1995burbbu,1995-04-11T19:25:03+00:00,2.5,ML,3.32405,Senel et al.: Mw=0.8095 ML+1.3003 (3.3<=ML<=6.6),extrapolada,"Tello - Huila, Colombia"
SGC,SGC1995ebwttt,1995-04-24T05:16:52+00:00,2.5,ML,3.32405,Senel et al.: Mw=0.8095 ML+1.3003 (3.3<=ML<=6.6),extrapolada,"Rivera - Huila, Colombia"
SGC,SGC1995fzijgj,1995-05-23T01:17:47+00:00,2.2,ML,3.0812,Senel et al.: Mw=0.8095 ML+1.3003 (3.3<=ML<=6.6),extrapolada,"Rivera - Huila, Colombia"
SGC,SGC1995fmlwli,1995-07-26T18:26:56+00:00,2.1,ML,3.0002500000000003,Senel et al.: Mw=0.8095 ML+1.3003 (3.3<=ML<=6.6),extrapolada,"Rivera - Huila, Colombia"
SGC,SGC1995ljtamq,1995-08-15T16:00:32+00:00,2.6,ML,3.405,Senel et al.: Mw=0.8095 ML+1.3003 (3.3<=ML<=6.6),extrapolada,"Baraya - Huila, Colombia"
SGC,SGC1995usarno,1995-08-22T10:41:05+00:00,3.0,ML,3.7288,Senel et al.: Mw=0.8095 ML+1.3003 (3.3<=ML<=6.6),extrapolada,"Tello - Huila, Colombia"
SGC,SGC1995xudvxw,1995-08-22T20:34:20+00:00,2.7,ML,3.4859500000000003,Senel et al.: Mw=0.8095 ML+1.3003 (3.3<=ML<=6.6),extrapolada,"Íquira - Huila, Colombia"
SGC,SGC1995swjvuf,1995-08-26T18:00:14+00:00,2.2,ML,3.0812,Senel et al.: Mw=0.8095 ML+1.3003 (3.3<=ML<=6.6),extrapolada,"Baraya - Huila, Colombia"
SGC,SGC1995mcjdqs,1995-09-26T00:21:06+00:00,3.1,ML,3.80975,Senel et al.: Mw=0.8095 ML+1.3003 (3.3<=ML<=6.6),extrapolada,"Algeciras - Huila, Colombia"
SGC,SGC1995jionhc,1995-09-27T08:07:39+00:00,3.0,ML,3.7288,Senel et al.: Mw=0.8095 ML+1.3003 (3.3<=ML<=6.6),extrapolada,"Rivera - Huila, Colombia"
SGC,SGC1995jtfggi,1995-10-29T01:23:54+00:00,2.7,ML,3.4859500000000003,Senel et al.: Mw=0.8095 ML+1.3003 (3.3<=ML<=6.6),extrapolada,"Teruel - Huila, Colombia"
SGC,SGC1995xynqwa,1995-10-31T05:00:38+00:00,2.1,ML,3.0002500000000003,Senel et al.: Mw=0.8095 ML+1.3003 (3.3<=ML<=6.6),extrapolada,"Baraya - Huila, Colombia"
SGC,SGC1995uwelxi,1995-11-18T02:35:56+00:00,2.4,ML,3.2431,Senel et al.: Mw=0.8095 ML+1.3003 (3.3<=ML<=6.6),extrapolada,"Rivera - Huila, Colombia"
SGC,SGC1995bofjrz,1995-11-29T12:03:42+00:00,2.7,ML,3.4859500000000003,Senel et al.: Mw=0.8095 ML+1.3003 (3.3<=ML<=6.6),extrapolada,"Baraya - Huila, Colombia"
SGC,SGC1995wlajfa,1995-12-12T00:40:58+00:00,1.9,ML,2.83835,Senel et al.: Mw=0.8095 ML+1.3003 (3.3<=ML<=6.6),extrapolada,"Rivera - Huila, Colombia"
SGC,SGC1995jistjv,1995-12-22T14:28:03+00:00,3.1,ML,3.80975,Senel et al.: Mw=0.8095 ML+1.3003 (3.3<=ML<=6.6),extrapolada,"Baraya - Huila, Colombia"
SGC,SGC1995xoozlu,1995-12-31T17:32:48+00:00,3.2,ML,3.8907,Senel et al.: Mw=0.8095 ML+1.3003 (3.3<=ML<=6.6),extrapolada,"Rivera - Huila, Colombia"
SGC,SGC1996lkusoh,1996-01-02T10:48:51+00:00,2.9,ML,3.64785,Senel et al.: Mw=0.8095 ML+1.3003 (3.3<=ML<=6.6),extrapolada,"Teruel - Huila, Colombia"
SGC,SGC1996wrpjje,1996-01-09T22:15:10+00:00,2.8,ML,3.5669,Senel et al.: Mw=0.8095 ML+1.3003 (3.3<=ML<=6.6),extrapolada,"Rivera - Huila, Colombia"
SGC,SGC1996gqakuc,1996-01-11T11:49:07+00:00,1.8,ML,2.7574,Senel et al.: Mw=0.8095 ML+1.3003 (3.3<=ML<=6.6),extrapolada,"Baraya - Huila, Colombia"
SGC,SGC1996meyjyt,1996-01-16T00:37:39+00:00,2.0,ML,2.9193,Senel et al.: Mw=0.8095 ML+1.3003 (3.3<=ML<=6.6),extrapolada,"Íquira - Huila, Colombia"
SGC,SGC1996ahvxht,1996-02-05T03:01:54+00:00,1.9,ML,2.83835,Senel et al.: Mw=0.8095 ML+1.3003 (3.3<=ML<=6.6),extrapolada,"Rivera - Huila, Colombia"
SGC,SGC1996ksddvw,1996-02-05T03:27:50+00:00,2.1,ML,3.0002500000000003,Senel et al.: Mw=0.8095 ML+1.3003 (3.3<=ML<=6.6),extrapolada,"Rivera - Huila, Colombia"
SGC,SGC1996loqlyx,1996-02-08T20:26:09+00:00,2.2,ML,3.0812,Senel et al.: Mw=0.8095 ML+1.3003 (3.3<=ML<=6.6),extrapolada,"Campoalegre - Huila, Colombia"
SGC,SGC1996pbdjqw,1996-02-18T08:30:32+00:00,1.5,ML,2.51455,Senel et al.: Mw=0.8095 ML+1.3003 (3.3<=ML<=6.6),extrapolada,"Baraya - Huila, Colombia"
SGC,SGC1996qglhoj,1996-02-28T07:40:40+00:00,1.9,ML,2.83835,Senel et al.: Mw=0.8095 ML+1.3003 (3.3<=ML<=6.6),extrapolada,"Algeciras - Huila, Colombia"
SGC,SGC1996mfxabt,1996-02-29T04:33:10+00:00,2.4,ML,3.2431,Senel et al.: Mw=0.8095 ML+1.3003 (3.3<=ML<=6.6),extrapolada,"Baraya - Huila, Colombia"
SGC,SGC1996igbtfh,1996-03-18T12:20:17+00:00,2.2,ML,3.0812,Senel et al.: Mw=0.8095 ML+1.3003 (3.3<=ML<=6.6),extrapolada,"Planadas - Tolima, Colombia"
SGC,SGC1996uridlg,1996-03-30T06:33:05+00:00,3.0,ML,3.7288,Senel et al.: Mw=0.8095 ML+1.3003 (3.3<=ML<=6.6),extrapolada,"Rivera - Huila, Colombia"
SGC,SGC1996rkqrqz,1996-04-11T07:08:27+00:00,2.3,ML,3.16215,Senel et al.: Mw=0.8095 ML+1.3003 (3.3<=ML<=6.6),extrapolada,"Baraya - Huila, Colombia"
SGC,SGC1996vmvefl,1996-04-11T19:16:08+00:00,2.3,ML,3.16215,Senel et al.: Mw=0.8095 ML+1.3003 (3.3<=ML<=6.6),extrapolada,"Baraya - Huila, Colombia"
SGC,SGC1996dsrxgn,1996-04-30T00:36:20+00:00,2.0,ML,2.9193,Senel et al.: Mw=0.8095 ML+1.3003 (3.3<=ML<=6.6),extrapolada,"Tello - Huila, Colombia"
SGC,SGC1996exekmc,1996-05-16T13:26:20+00:00,1.8,ML,2.7574,Senel et al.: Mw=0.8095 ML+1.3003 (3.3<=ML<=6.6),extrapolada,"Rivera - Huila, Colombia"
SGC,SGC1996orotxk,1996-08-03T12:51:03+00:00,2.4,ML,3.2431,Senel et al.: Mw=0.8095 ML+1.3003 (3.3<=ML<=6.6),extrapolada,"Campoalegre - Huila, Colombia"
SGC,SGC1996xsldtm,1996-08-18T21:56:21+00:00,3.0,ML,3.7288,Senel et al.: Mw=0.8095 ML+1.3003 (3.3<=ML<=6.6),extrapolada,"Tello - Huila, Colombia"
SGC,SGC1996hcxpdw,1996-08-23T06:41:16+00:00,2.5,ML,3.32405,Senel et al.: Mw=0.8095 ML+1.3003 (3.3<=ML<=6.6),extrapolada,"Tello - Huila, Colombia"
SGC,SGC1996lcduug,1996-11-28T03:41:01+00:00,2.5,ML,3.32405,Senel et al.: Mw=0.8095 ML+1.3003 (3.3<=ML<=6.6),extrapolada,"Rivera - Huila, Colombia"
SGC,SGC1996qwrpdi,1996-12-23T19:00:55+00:00,3.2,ML,3.8907,Senel et al.: Mw=0.8095 ML+1.3003 (3.3<=ML<=6.6),extrapolada,"Tello - Huila, Colombia"
SGC,SGC1997fmtgrc,1997-01-15T21:18:22+00:00,1.7,ML,2.67645,Senel et al.: Mw=0.8095 ML+1.3003 (3.3<=ML<=6.6),extrapolada,"Rivera - Huila, Colombia"
SGC,SGC1997ghxgir,1997-01-16T03:45:18+00:00,1.7,ML,2.67645,Senel et al.: Mw=0.8095 ML+1.3003 (3.3<=ML<=6.6),extrapolada,"Tello - Huila, Colombia"
SGC,SGC1997devkpj,1997-01-22T19:58:10+00:00,2.3,ML,3.16215,Senel et al.: Mw=0.8095 ML+1.3003 (3.3<=ML<=6.6),extrapolada,"Rivera - Huila, Colombia"
SGC,SGC1997bwgpgl,1997-03-25T19:02:39+00:00,3.0,ML,3.7288,Senel et al.: Mw=0.8095 ML+1.3003 (3.3<=ML<=6.6),extrapolada,"Tello - Huila, Colombia"
SGC,SGC1997xhrxru,1997-03-29T13:54:48+00:00,2.1,ML,3.0002500000000003,Senel et al.: Mw=0.8095 ML+1.3003 (3.3<=ML<=6.6),extrapolada,"Teruel - Huila, Colombia"
SGC,SGC1997wwtval,1997-05-01T06:21:52+00:00,2.1,ML,3.0002500000000003,Senel et al.: Mw=0.8095 ML+1.3003 (3.3<=ML<=6.6),extrapolada,"Tello - Huila, Colombia"
SGC,SGC1997aatmzl,1997-05-03T08:34:15+00:00,3.2,ML,3.8907,Senel et al.: Mw=0.8095 ML+1.3003 (3.3<=ML<=6.6),extrapolada,"Tello - Huila, Colombia"
SGC,SGC1997tqlqzr,1997-06-01T06:47:19+00:00,2.8,ML,3.5669,Senel et al.: Mw=0.8095 ML+1.3003 (3.3<=ML<=6.6),extrapolada,"Aipe - Huila, Colombia"
SGC,SGC1997ndlocd,1997-06-02T13:16:12+00:00,2.6,ML,3.405,Senel et al.: Mw=0.8095 ML+1.3003 (3.3<=ML<=6.6),extrapolada,"Tello - Huila, Colombia"
SGC,SGC1997hzggwh,1997-06-05T14:33:57+00:00,2.4,ML,3.2431,Senel et al.: Mw=0.8095 ML+1.3003 (3.3<=ML<=6.6),extrapolada,"Baraya - Huila, Colombia"
SGC,SGC1997foypyi,1997-06-07T04:13:13+00:00,2.3,ML,3.16215,Senel et al.: Mw=0.8095 ML+1.3003 (3.3<=ML<=6.6),extrapolada,"Baraya - Huila, Colombia"
SGC,SGC1997pipbrw,1997-07-02T11:30:05+00:00,2.5,ML,3.32405,Senel et al.: Mw=0.8095 ML+1.3003 (3.3<=ML<=6.6),extrapolada,"Hobo - Huila, Colombia"
SGC,SGC1997tnsfle,1997-07-22T07:35:58+00:00,3.0,ML,3.7288,Senel et al.: Mw=0.8095 ML+1.3003 (3.3<=ML<=6.6),extrapolada,"Rivera - Huila, Colombia"
SGC,SGC1997xpvosw,1997-08-25T18:17:30+00:00,2.3,ML,3.16215,Senel et al.: Mw=0.8095 ML+1.3003 (3.3<=ML<=6.6),extrapolada,"Neiva - Huila, Colombia"
SGC,SGC1997ryfmgh,1997-09-07T01:14:07+00:00,2.8,ML,3.5669,Senel et al.: Mw=0.8095 ML+1.3003 (3.3<=ML<=6.6),extrapolada,"Aipe - Huila, Colombia"
SGC,SGC1997oholft,1997-09-11T20:46:51+00:00,2.4,ML,3.2431,Senel et al.: Mw=0.8095 ML+1.3003 (3.3<=ML<=6.6),extrapolada,"Rivera - Huila, Colombia"
SGC,SGC1997owvwjx,1997-10-06T02:02:37+00:00,2.4,ML,3.2431,Senel et al.: Mw=0.8095 ML+1.3003 (3.3<=ML<=6.6),extrapolada,"Rivera - Huila, Colombia"
SGC,SGC1997hzqizf,1997-11-08T23:05:46+00:00,2.1,ML,3.0002500000000003,Senel et al.: Mw=0.8095 ML+1.3003 (3.3<=ML<=6.6),extrapolada,"Rivera - Huila, Colombia"
SGC,SGC1997flejfs,1997-11-24T23:09:41+00:00,2.1,ML,3.0002500000000003,Senel et al.: Mw=0.8095 ML+1.3003 (3.3<=ML<=6.6),extrapolada,"Baraya - Huila, Colombia"
SGC,SGC1997zhxmdk,1997-11-25T12:10:19+00:00,2.1,ML,3.0002500000000003,Senel et al.: Mw=0.8095 ML+1.3003 (3.3<=ML<=6.6),extrapolada,"Tello - Huila, Colombia"
SGC,SGC1997nunxrw,1997-12-06T07:40:59+00:00,2.3,ML,3.16215,Senel et al.: Mw=0.8095 ML+1.3003 (3.3<=ML<=6.6),extrapolada,"Rivera - Huila, Colombia"
SGC,SGC1997rvbobw,1997-12-25T01:09:26+00:00,2.0,ML,2.9193,Senel et al.: Mw=0.8095 ML+1.3003 (3.3<=ML<=6.6),extrapolada,"Baraya - Huila, Colombia"
SGC,SGC1998yiixtv,1998-01-04T06:57:46+00:00,1.8,ML,2.7574,Senel et al.: Mw=0.8095 ML+1.3003 (3.3<=ML<=6.6),extrapolada,"Hobo - Huila, Colombia"
SGC,SGC1998wotjvo,1998-01-17T08:58:56+00:00,3.0,ML,3.7288,Senel et al.: Mw=0.8095 ML+1.3003 (3.3<=ML<=6.6),extrapolada,"Algeciras - Huila, Colombia"
SGC,SGC1998haboso,1998-01-22T00:49:18+00:00,2.7,ML,3.4859500000000003,Senel et al.: Mw=0.8095 ML+1.3003 (3.3<=ML<=6.6),extrapolada,"Rivera - Huila, Colombia"
SGC,SGC1998viixzx,1998-01-25T16:35:30+00:00,2.0,ML,2.9193,Senel et al.: Mw=0.8095 ML+1.3003 (3.3<=ML<=6.6),extrapolada,"Rivera - Huila, Colombia"
SGC,SGC1998nzqngy,1998-01-29T08:45:15+00:00,1.7,ML,2.67645,Senel et al.: Mw=0.8095 ML+1.3003 (3.3<=ML<=6.6),extrapolada,"Tello - Huila, Colombia"
SGC,SGC1998tjdfem,1998-02-08T17:06:45+00:00,2.3,ML,3.16215,Senel et al.: Mw=0.8095 ML+1.3003 (3.3<=ML<=6.6),extrapolada,"Tello - Huila, Colombia"
SGC,SGC1998hbdjqr,1998-02-11T06:57:47+00:00,1.7,ML,2.67645,Senel et al.: Mw=0.8095 ML+1.3003 (3.3<=ML<=6.6),extrapolada,"Rivera - Huila, Colombia"
SGC,SGC1998sapssx,1998-02-11T07:49:28+00:00,2.1,ML,3.0002500000000003,Senel et al.: Mw=0.8095 ML+1.3003 (3.3<=ML<=6.6),extrapolada,"Baraya - Huila, Colombia"
SGC,SGC1998lvvtdi,1998-02-17T00:05:14+00:00,3.0,ML,3.7288,Senel et al.: Mw=0.8095 ML+1.3003 (3.3<=ML<=6.6),extrapolada,"Algeciras - Huila, Colombia"
SGC,SGC1998zaeosa,1998-03-02T00:29:11+00:00,2.4,ML,3.2431,Senel et al.: Mw=0.8095 ML+1.3003 (3.3<=ML<=6.6),extrapolada,"Tello - Huila, Colombia"
SGC,SGC1998pnyket,1998-03-10T11:17:44+00:00,2.1,ML,3.0002500000000003,Senel et al.: Mw=0.8095 ML+1.3003 (3.3<=ML<=6.6),extrapolada,"Neiva - Huila, Colombia"
SGC,SGC1998gxleij,1998-03-13T06:42:29+00:00,2.0,ML,2.9193,Senel et al.: Mw=0.8095 ML+1.3003 (3.3<=ML<=6.6),extrapolada,"Campoalegre - Huila, Colombia"
SGC,SGC1998mwfsqj,1998-04-05T15:42:01+00:00,2.4,ML,3.2431,Senel et al.: Mw=0.8095 ML+1.3003 (3.3<=ML<=6.6),extrapolada,"Rivera - Huila, Colombia"
SGC,SGC1998fnnnoc,1998-04-12T09:32:15+00:00,1.9,ML,2.83835,Senel et al.: Mw=0.8095 ML+1.3003 (3.3<=ML<=6.6),extrapolada,"Tello - Huila, Colombia"
SGC,SGC1998jgjpyw,1998-04-26T06:49:53+00:00,1.8,ML,2.7574,Senel et al.: Mw=0.8095 ML+1.3003 (3.3<=ML<=6.6),extrapolada,"Planadas - Tolima, Colombia"
SGC,SGC1998vskjjj,1998-05-08T05:53:54+00:00,2.5,ML,3.32405,Senel et al.: Mw=0.8095 ML+1.3003 (3.3<=ML<=6.6),extrapolada,"Rivera - Huila, Colombia"
SGC,SGC1998uuorts,1998-05-15T12:10:19+00:00,2.5,ML,3.32405,Senel et al.: Mw=0.8095 ML+1.3003 (3.3<=ML<=6.6),extrapolada,"Tello - Huila, Colombia"
SGC,SGC1998zarihc,1998-05-20T01:34:35+00:00,2.8,ML,3.5669,Senel et al.: Mw=0.8095 ML+1.3003 (3.3<=ML<=6.6),extrapolada,"Hobo - Huila, Colombia"
SGC,SGC1998xlzfqz,1998-06-10T10:59:11+00:00,2.4,ML,3.2431,Senel et al.: Mw=0.8095 ML+1.3003 (3.3<=ML<=6.6),extrapolada,"Rivera - Huila, Colombia"
SGC,SGC1998uculep,1998-07-07T08:30:28+00:00,2.1,ML,3.0002500000000003,Senel et al.: Mw=0.8095 ML+1.3003 (3.3<=ML<=6.6),extrapolada,"Algeciras - Huila, Colombia"
SGC,SGC1998jslccy,1998-07-19T09:13:28+00:00,1.6,ML,2.5955000000000004,Senel et al.: Mw=0.8095 ML+1.3003 (3.3<=ML<=6.6),extrapolada,"Tello - Huila, Colombia"
SGC,SGC1998ggijja,1998-07-24T06:22:51+00:00,2.2,ML,3.0812,Senel et al.: Mw=0.8095 ML+1.3003 (3.3<=ML<=6.6),extrapolada,"Tello - Huila, Colombia"
SGC,SGC1998lvrcyq,1998-07-25T04:47:07+00:00,2.4,ML,3.2431,Senel et al.: Mw=0.8095 ML+1.3003 (3.3<=ML<=6.6),extrapolada,"Rivera - Huila, Colombia"
SGC,SGC1998ewaalq,1998-07-26T03:39:29+00:00,2.1,ML,3.0002500000000003,Senel et al.: Mw=0.8095 ML+1.3003 (3.3<=ML<=6.6),extrapolada,"Rivera - Huila, Colombia"
SGC,SGC1998biocsm,1998-09-07T01:34:39+00:00,2.8,ML,3.5669,Senel et al.: Mw=0.8095 ML+1.3003 (3.3<=ML<=6.6),extrapolada,"Tello - Huila, Colombia"
SGC,SGC1998icpsci,1998-09-07T07:58:00+00:00,2.7,ML,3.4859500000000003,Senel et al.: Mw=0.8095 ML+1.3003 (3.3<=ML<=6.6),extrapolada,"Rivera - Huila, Colombia"
SGC,SGC1998imieeg,1998-10-04T04:05:13+00:00,2.7,ML,3.4859500000000003,Senel et al.: Mw=0.8095 ML+1.3003 (3.3<=ML<=6.6),extrapolada,"Hobo - Huila, Colombia"
SGC,SGC1998lfksjx,1998-10-21T08:45:30+00:00,2.7,ML,3.4859500000000003,Senel et al.: Mw=0.8095 ML+1.3003 (3.3<=ML<=6.6),extrapolada,"Rivera - Huila, Colombia"
SGC,SGC1998qzagrk,1998-11-14T07:10:21+00:00,2.7,ML,3.4859500000000003,Senel et al.: Mw=0.8095 ML+1.3003 (3.3<=ML<=6.6),extrapolada,"Planadas - Tolima, Colombia"
SGC,SGC1999omfnge,1999-02-15T08:28:51+00:00,2.5,ML,3.32405,Senel et al.: Mw=0.8095 ML+1.3003 (3.3<=ML<=6.6),extrapolada,"Algeciras - Huila, Colombia"
SGC,SGC1999rbuksh,1999-02-18T18:37:55+00:00,2.5,ML,3.32405,Senel et al.: Mw=0.8095 ML+1.3003 (3.3<=ML<=6.6),extrapolada,"Rivera - Huila, Colombia"
SGC,SGC1999gxcuxk,1999-02-20T00:18:18+00:00,2.7,ML,3.4859500000000003,Senel et al.: Mw=0.8095 ML+1.3003 (3.3<=ML<=6.6),extrapolada,"Tello - Huila, Colombia"
SGC,SGC1999jyakmi,1999-03-09T02:34:53+00:00,2.3,ML,3.16215,Senel et al.: Mw=0.8095 ML+1.3003 (3.3<=ML<=6.6),extrapolada,"Algeciras - Huila, Colombia"
SGC,SGC1999qvdwxq,1999-03-28T18:54:57+00:00,3.1,ML,3.80975,Senel et al.: Mw=0.8095 ML+1.3003 (3.3<=ML<=6.6),extrapolada,"Rivera - Huila, Colombia"
SGC,SGC1999daoybh,1999-04-09T01:41:20+00:00,2.1,ML,3.0002500000000003,Senel et al.: Mw=0.8095 ML+1.3003 (3.3<=ML<=6.6),extrapolada,"Baraya - Huila, Colombia"
SGC,SGC1999xpjlds,1999-04-10T17:27:39+00:00,2.7,ML,3.4859500000000003,Senel et al.: Mw=0.8095 ML+1.3003 (3.3<=ML<=6.6),extrapolada,"Rivera - Huila, Colombia"
SGC,SGC1999wnjonv,1999-04-13T07:30:37+00:00,1.8,ML,2.7574,Senel et al.: Mw=0.8095 ML+1.3003 (3.3<=ML<=6.6),extrapolada,"Campoalegre - Huila, Colombia"
SGC,SGC1999pqlmei,1999-04-15T01:05:24+00:00,2.2,ML,3.0812,Senel et al.: Mw=0.8095 ML+1.3003 (3.3<=ML<=6.6),extrapolada,"Rivera - Huila, Colombia"
SGC,SGC1999axxpga,1999-04-23T17:57:56+00:00,1.9,ML,2.83835,Senel et al.: Mw=0.8095 ML+1.3003 (3.3<=ML<=6.6),extrapolada,"Tello - Huila, Colombia"
SGC,SGC1999qwsgid,1999-06-21T15:00:01+00:00,2.6,ML,3.405,Senel et al.: Mw=0.8095 ML+1.3003 (3.3<=ML<=6.6),extrapolada,"Rivera - Huila, Colombia"
SGC,SGC1999uldgcj,1999-07-11T13:43:46+00:00,2.2,ML,3.0812,Senel et al.: Mw=0.8095 ML+1.3003 (3.3<=ML<=6.6),extrapolada,"Campoalegre - Huila, Colombia"
SGC,SGC1999krrpyz,1999-11-08T19:24:21+00:00,3.0,ML,3.7288,Senel et al.: Mw=0.8095 ML+1.3003 (3.3<=ML<=6.6),extrapolada,"Rivera - Huila, Colombia"
SGC,SGC1999wpdwwf,1999-11-16T12:03:16+00:00,2.0,ML,2.9193,Senel et al.: Mw=0.8095 ML+1.3003 (3.3<=ML<=6.6),extrapolada,"Rivera - Huila, Colombia"
SGC,SGC1999ivxixj,1999-11-24T22:14:30+00:00,2.9,ML,3.64785,Senel et al.: Mw=0.8095 ML+1.3003 (3.3<=ML<=6.6),extrapolada,"Rivera - Huila, Colombia"
SGC,SGC1999gpuqml,1999-12-04T02:05:29+00:00,2.4,ML,3.2431,Senel et al.: Mw=0.8095 ML+1.3003 (3.3<=ML<=6.6),extrapolada,"Rivera - Huila, Colombia"
SGC,SGC1999wmvyen,1999-12-12T19:32:20+00:00,2.2,ML,3.0812,Senel et al.: Mw=0.8095 ML+1.3003 (3.3<=ML<=6.6),extrapolada,"Rivera - Huila, Colombia"
SGC,SGC2000jxqjuq,2000-02-14T10:31:33+00:00,2.8,ML,3.5669,Senel et al.: Mw=0.8095 ML+1.3003 (3.3<=ML<=6.6),extrapolada,"Tello - Huila, Colombia"
SGC,SGC2000rrmjwd,2000-03-03T16:14:36+00:00,3.0,ML,3.7288,Senel et al.: Mw=0.8095 ML+1.3003 (3.3<=ML<=6.6),extrapolada,"Rivera - Huila, Colombia"
SGC,SGC2000neqruz,2000-04-27T06:28:37+00:00,2.7,ML,3.4859500000000003,Senel et al.: Mw=0.8095 ML+1.3003 (3.3<=ML<=6.6),extrapolada,"Neiva - Huila, Colombia"
SGC,SGC2000jwjgsl,2000-05-27T09:00:57+00:00,2.6,ML,3.405,Senel et al.: Mw=0.8095 ML+1.3003 (3.3<=ML<=6.6),extrapolada,"Baraya - Huila, Colombia"
SGC,SGC2000mqulsx,2000-06-13T09:45:11+00:00,2.2,ML,3.0812,Senel et al.: Mw=0.8095 ML+1.3003 (3.3<=ML<=6.6),extrapolada,"Rivera - Huila, Colombia"
SGC,SGC2000jrelgc,2000-06-15T07:58:04+00:00,1.9,ML,2.83835,Senel et al.: Mw=0.8095 ML+1.3003 (3.3<=ML<=6.6),extrapolada,"Tello - Huila, Colombia"
SGC,SGC2000jwmoze,2000-07-02T13:41:57+00:00,2.8,ML,3.5669,Senel et al.: Mw=0.8095 ML+1.3003 (3.3<=ML<=6.6),extrapolada,"Neiva - Huila, Colombia"
SGC,SGC2000cqzwxk,2000-08-02T13:40:57+00:00,2.2,ML,3.0812,Senel et al.: Mw=0.8095 ML+1.3003 (3.3<=ML<=6.6),extrapolada,"Rivera - Huila, Colombia"
SGC,SGC2000zkweit,2000-08-19T08:32:45+00:00,2.5,ML,3.32405,Senel et al.: Mw=0.8095 ML+1.3003 (3.3<=ML<=6.6),extrapolada,"Baraya - Huila, Colombia"
SGC,SGC2000gzygkn,2000-09-10T02:31:06+00:00,3.0,ML,3.7288,Senel et al.: Mw=0.8095 ML+1.3003 (3.3<=ML<=6.6),extrapolada,"Campoalegre - Huila, Colombia"
SGC,SGC2000bhisfn,2000-09-20T03:31:50+00:00,2.8,ML,3.5669,Senel et al.: Mw=0.8095 ML+1.3003 (3.3<=ML<=6.6),extrapolada,"Rivera - Huila, Colombia"
SGC,SGC2000qqyhif,2000-10-18T04:48:25+00:00,2.1,ML,3.0002500000000003,Senel et al.: Mw=0.8095 ML+1.3003 (3.3<=ML<=6.6),extrapolada,"Tello - Huila, Colombia"
SGC,SGC2001qpoqpp,2001-02-01T16:18:45+00:00,3.1,ML,3.80975,Senel et al.: Mw=0.8095 ML+1.3003 (3.3<=ML<=6.6),extrapolada,"Tello - Huila, Colombia"
SGC,SGC2001xpmjyz,2001-03-17T18:45:37+00:00,2.2,ML,3.0812,Senel et al.: Mw=0.8095 ML+1.3003 (3.3<=ML<=6.6),extrapolada,"Aipe - Huila, Colombia"
SGC,SGC2001itmxqe,2001-04-01T06:28:22+00:00,2.0,ML,2.9193,Senel et al.: Mw=0.8095 ML+1.3003 (3.3<=ML<=6.6),extrapolada,"Baraya - Huila, Colombia"
SGC,SGC2001jcplwg,2001-05-25T06:37:32+00:00,2.3,ML,3.16215,Senel et al.: Mw=0.8095 ML+1.3003 (3.3<=ML<=6.6),extrapolada,"Baraya - Huila, Colombia"
SGC,SGC2001iucbfj,2001-06-23T13:06:09+00:00,2.8,ML,3.5669,Senel et al.: Mw=0.8095 ML+1.3003 (3.3<=ML<=6.6),extrapolada,"Rivera - Huila, Colombia"
SGC,SGC2001gujaiu,2001-07-23T01:18:31+00:00,2.4,ML,3.2431,Senel et al.: Mw=0.8095 ML+1.3003 (3.3<=ML<=6.6),extrapolada,"Tello - Huila, Colombia"
SGC,SGC2001ihoykf,2001-09-05T01:09:29+00:00,3.0,ML,3.7288,Senel et al.: Mw=0.8095 ML+1.3003 (3.3<=ML<=6.6),extrapolada,"Yaguará - Huila, Colombia"
SGC,SGC2001aigrzb,2001-09-10T13:19:11+00:00,3.1,ML,3.80975,Senel et al.: Mw=0.8095 ML+1.3003 (3.3<=ML<=6.6),extrapolada,"Villavieja - Huila, Colombia"
SGC,SGC2001tywswo,2001-10-02T14:16:47+00:00,3.0,ML,3.7288,Senel et al.: Mw=0.8095 ML+1.3003 (3.3<=ML<=6.6),extrapolada,"Campoalegre - Huila, Colombia"
SGC,SGC2001juaure,2001-12-15T21:15:22+00:00,2.8,ML,3.5669,Senel et al.: Mw=0.8095 ML+1.3003 (3.3<=ML<=6.6),extrapolada,"Tello - Huila, Colombia"
SGC,SGC2002avugdf,2002-01-13T05:01:05+00:00,1.8,ML,2.7574,Senel et al.: Mw=0.8095 ML+1.3003 (3.3<=ML<=6.6),extrapolada,"Tello - Huila, Colombia"
SGC,SGC2002bsntmi,2002-01-31T16:26:32+00:00,2.4,ML,3.2431,Senel et al.: Mw=0.8095 ML+1.3003 (3.3<=ML<=6.6),extrapolada,"Baraya - Huila, Colombia"
SGC,SGC2002zzjpnh,2002-02-11T14:23:06+00:00,2.6,ML,3.405,Senel et al.: Mw=0.8095 ML+1.3003 (3.3<=ML<=6.6),extrapolada,"Neiva - Huila, Colombia"
SGC,SGC2002xbhsny,2002-02-14T12:01:35+00:00,2.2,ML,3.0812,Senel et al.: Mw=0.8095 ML+1.3003 (3.3<=ML<=6.6),extrapolada,"Rivera - Huila, Colombia"
SGC,SGC2002maaniv,2002-03-09T13:26:06+00:00,2.5,ML,3.32405,Senel et al.: Mw=0.8095 ML+1.3003 (3.3<=ML<=6.6),extrapolada,"Tello - Huila, Colombia"
SGC,SGC2002kpgyfa,2002-03-15T16:20:05+00:00,2.5,ML,3.32405,Senel et al.: Mw=0.8095 ML+1.3003 (3.3<=ML<=6.6),extrapolada,"Neiva - Huila, Colombia"
SGC,SGC2002wahorq,2002-03-16T11:13:26+00:00,2.2,ML,3.0812,Senel et al.: Mw=0.8095 ML+1.3003 (3.3<=ML<=6.6),extrapolada,"Tello - Huila, Colombia"
SGC,SGC2002swmhct,2002-03-24T08:00:39+00:00,2.1,ML,3.0002500000000003,Senel et al.: Mw=0.8095 ML+1.3003 (3.3<=ML<=6.6),extrapolada,"Tello - Huila, Colombia"
SGC,SGC2002rkfjpm,2002-03-25T07:30:18+00:00,1.7,ML,2.67645,Senel et al.: Mw=0.8095 ML+1.3003 (3.3<=ML<=6.6),extrapolada,"Tello - Huila, Colombia"
SGC,SGC2002uakkay,2002-03-27T03:47:00+00:00,3.1,ML,3.80975,Senel et al.: Mw=0.8095 ML+1.3003 (3.3<=ML<=6.6),extrapolada,"Campoalegre - Huila, Colombia"
SGC,SGC2002iutgiw,2002-04-04T05:17:25+00:00,2.1,ML,3.0002500000000003,Senel et al.: Mw=0.8095 ML+1.3003 (3.3<=ML<=6.6),extrapolada,"Tello - Huila, Colombia"
SGC,SGC2002wwnyyu,2002-04-08T18:11:59+00:00,2.3,ML,3.16215,Senel et al.: Mw=0.8095 ML+1.3003 (3.3<=ML<=6.6),extrapolada,"Tello - Huila, Colombia"
SGC,SGC2002ymatqh,2002-04-15T00:29:04+00:00,2.2,ML,3.0812,Senel et al.: Mw=0.8095 ML+1.3003 (3.3<=ML<=6.6),extrapolada,"Tello - Huila, Colombia"
SGC,SGC2002mnafwg,2002-04-15T05:06:03+00:00,1.9,ML,2.83835,Senel et al.: Mw=0.8095 ML+1.3003 (3.3<=ML<=6.6),extrapolada,"Baraya - Huila, Colombia"
SGC,SGC2002fblpyr,2002-04-23T00:12:57+00:00,2.7,ML,3.4859500000000003,Senel et al.: Mw=0.8095 ML+1.3003 (3.3<=ML<=6.6),extrapolada,"Tello - Huila, Colombia"
SGC,SGC2002rxblam,2002-04-25T06:25:10+00:00,2.1,ML,3.0002500000000003,Senel et al.: Mw=0.8095 ML+1.3003 (3.3<=ML<=6.6),extrapolada,"Tello - Huila, Colombia"
SGC,SGC2002jidhlo,2002-04-27T08:51:12+00:00,2.3,ML,3.16215,Senel et al.: Mw=0.8095 ML+1.3003 (3.3<=ML<=6.6),extrapolada,"Rivera - Huila, Colombia"
SGC,SGC2002reolbz,2002-05-01T12:32:30+00:00,1.9,ML,2.83835,Senel et al.: Mw=0.8095 ML+1.3003 (3.3<=ML<=6.6),extrapolada,"Rivera - Huila, Colombia"
SGC,SGC2002spwkbu,2002-05-04T22:19:02+00:00,2.1,ML,3.0002500000000003,Senel et al.: Mw=0.8095 ML+1.3003 (3.3<=ML<=6.6),extrapolada,"Campoalegre - Huila, Colombia"
SGC,SGC2002smlkdv,2002-05-09T16:05:46+00:00,2.8,ML,3.5669,Senel et al.: Mw=0.8095 ML+1.3003 (3.3<=ML<=6.6),extrapolada,"Baraya - Huila, Colombia"
SGC,SGC2002rvmhdh,2002-05-18T22:30:10+00:00,2.2,ML,3.0812,Senel et al.: Mw=0.8095 ML+1.3003 (3.3<=ML<=6.6),extrapolada,"Rivera - Huila, Colombia"
SGC,SGC2002oqhsfs,2002-05-24T04:43:35+00:00,2.0,ML,2.9193,Senel et al.: Mw=0.8095 ML+1.3003 (3.3<=ML<=6.6),extrapolada,"Neiva - Huila, Colombia"
SGC,SGC2002xomrmf,2002-05-31T06:29:28+00:00,2.0,ML,2.9193,Senel et al.: Mw=0.8095 ML+1.3003 (3.3<=ML<=6.6),extrapolada,"Tello - Huila, Colombia"
SGC,SGC2002tygjur,2002-06-13T21:08:02+00:00,2.3,ML,3.16215,Senel et al.: Mw=0.8095 ML+1.3003 (3.3<=ML<=6.6),extrapolada,"Tello - Huila, Colombia"
SGC,SGC2002cedlho,2002-07-06T12:43:37+00:00,2.5,ML,3.32405,Senel et al.: Mw=0.8095 ML+1.3003 (3.3<=ML<=6.6),extrapolada,"Rivera - Huila, Colombia"
SGC,SGC2002uxaoqo,2002-07-09T07:15:28+00:00,2.6,ML,3.405,Senel et al.: Mw=0.8095 ML+1.3003 (3.3<=ML<=6.6),extrapolada,"Rivera - Huila, Colombia"
SGC,SGC2002aufwiu,2002-08-03T20:31:29+00:00,3.0,ML,3.7288,Senel et al.: Mw=0.8095 ML+1.3003 (3.3<=ML<=6.6),extrapolada,"Íquira - Huila, Colombia"
SGC,SGC2002guwjhb,2002-09-01T00:24:13+00:00,2.4,ML,3.2431,Senel et al.: Mw=0.8095 ML+1.3003 (3.3<=ML<=6.6),extrapolada,"Tello - Huila, Colombia"
SGC,SGC2002iofavs,2002-09-01T05:06:28+00:00,2.6,ML,3.405,Senel et al.: Mw=0.8095 ML+1.3003 (3.3<=ML<=6.6),extrapolada,"Baraya - Huila, Colombia"
SGC,SGC2002mzhatx,2002-09-10T03:41:19+00:00,2.1,ML,3.0002500000000003,Senel et al.: Mw=0.8095 ML+1.3003 (3.3<=ML<=6.6),extrapolada,"Baraya - Huila, Colombia"
SGC,SGC2002yrmkpu,2002-09-30T23:15:57+00:00,2.4,ML,3.2431,Senel et al.: Mw=0.8095 ML+1.3003 (3.3<=ML<=6.6),extrapolada,"Tello - Huila, Colombia"
SGC,SGC2002nkthxr,2002-10-03T03:14:16+00:00,2.1,ML,3.0002500000000003,Senel et al.: Mw=0.8095 ML+1.3003 (3.3<=ML<=6.6),extrapolada,"Tello - Huila, Colombia"
SGC,SGC2002qhsfqu,2002-10-05T23:16:15+00:00,1.8,ML,2.7574,Senel et al.: Mw=0.8095 ML+1.3003 (3.3<=ML<=6.6),extrapolada,"Baraya - Huila, Colombia"
SGC,SGC2002otxcbh,2002-10-22T06:30:29+00:00,1.9,ML,2.83835,Senel et al.: Mw=0.8095 ML+1.3003 (3.3<=ML<=6.6),extrapolada,"Palermo - Huila, Colombia"
SGC,SGC2002hqiote,2002-11-15T01:34:25+00:00,1.6,ML,2.5955000000000004,Senel et al.: Mw=0.8095 ML+1.3003 (3.3<=ML<=6.6),extrapolada,"Baraya - Huila, Colombia"
SGC,SGC2002mpzkcu,2002-12-04T02:44:50+00:00,1.7,ML,2.67645,Senel et al.: Mw=0.8095 ML+1.3003 (3.3<=ML<=6.6),extrapolada,"Baraya - Huila, Colombia"
SGC,SGC2002tbtibc,2002-12-04T09:51:36+00:00,2.9,ML,3.64785,Senel et al.: Mw=0.8095 ML+1.3003 (3.3<=ML<=6.6),extrapolada,"Rivera - Huila, Colombia"
SGC,SGC2002pxfefm,2002-12-06T17:22:17+00:00,2.3,ML,3.16215,Senel et al.: Mw=0.8095 ML+1.3003 (3.3<=ML<=6.6),extrapolada,"Rivera - Huila, Colombia"
SGC,SGC2002kmgtko,2002-12-27T10:01:40+00:00,2.2,ML,3.0812,Senel et al.: Mw=0.8095 ML+1.3003 (3.3<=ML<=6.6),extrapolada,"Rivera - Huila, Colombia"
SGC,SGC2003ziwfio,2003-01-09T13:23:54+00:00,2.5,ML,3.32405,Senel et al.: Mw=0.8095 ML+1.3003 (3.3<=ML<=6.6),extrapolada,"Rivera - Huila, Colombia"
SGC,SGC2003pvsiir,2003-01-17T21:35:31+00:00,2.7,ML,3.4859500000000003,Senel et al.: Mw=0.8095 ML+1.3003 (3.3<=ML<=6.6),extrapolada,"Algeciras - Huila, Colombia"
SGC,SGC2003tjzpmw,2003-01-18T06:07:55+00:00,1.9,ML,2.83835,Senel et al.: Mw=0.8095 ML+1.3003 (3.3<=ML<=6.6),extrapolada,"Rivera - Huila, Colombia"
SGC,SGC2003weyxvp,2003-02-03T06:58:57+00:00,1.6,ML,2.5955000000000004,Senel et al.: Mw=0.8095 ML+1.3003 (3.3<=ML<=6.6),extrapolada,"Rivera - Huila, Colombia"
SGC,SGC2003opooin,2003-02-25T01:24:19+00:00,1.6,ML,2.5955000000000004,Senel et al.: Mw=0.8095 ML+1.3003 (3.3<=ML<=6.6),extrapolada,"Baraya - Huila, Colombia"
SGC,SGC2003trrjra,2003-03-07T21:50:23+00:00,2.7,ML,3.4859500000000003,Senel et al.: Mw=0.8095 ML+1.3003 (3.3<=ML<=6.6),extrapolada,"Palermo - Huila, Colombia"
SGC,SGC2003zruagg,2003-03-08T22:03:00+00:00,1.9,ML,2.83835,Senel et al.: Mw=0.8095 ML+1.3003 (3.3<=ML<=6.6),extrapolada,"Rivera - Huila, Colombia"
SGC,SGC2003sosepz,2003-03-10T14:58:33+00:00,2.7,ML,3.4859500000000003,Senel et al.: Mw=0.8095 ML+1.3003 (3.3<=ML<=6.6),extrapolada,"Rivera - Huila, Colombia"
SGC,SGC2003psjgwe,2003-03-15T19:13:41+00:00,1.9,ML,2.83835,Senel et al.: Mw=0.8095 ML+1.3003 (3.3<=ML<=6.6),extrapolada,"Tello - Huila, Colombia"
SGC,SGC2003hmckzq,2003-03-24T02:47:21+00:00,2.6,ML,3.405,Senel et al.: Mw=0.8095 ML+1.3003 (3.3<=ML<=6.6),extrapolada,"Algeciras - Huila, Colombia"
SGC,SGC2003ionlkl,2003-03-28T15:55:30+00:00,2.3,ML,3.16215,Senel et al.: Mw=0.8095 ML+1.3003 (3.3<=ML<=6.6),extrapolada,"Algeciras - Huila, Colombia"
SGC,SGC2003dxvqwd,2003-03-29T12:46:32+00:00,2.3,ML,3.16215,Senel et al.: Mw=0.8095 ML+1.3003 (3.3<=ML<=6.6),extrapolada,"Rivera - Huila, Colombia"
SGC,SGC2003aqesal,2003-04-06T05:08:27+00:00,2.0,ML,2.9193,Senel et al.: Mw=0.8095 ML+1.3003 (3.3<=ML<=6.6),extrapolada,"Algeciras - Huila, Colombia"
SGC,SGC2003zbprsz,2003-04-16T16:20:41+00:00,2.7,ML,3.4859500000000003,Senel et al.: Mw=0.8095 ML+1.3003 (3.3<=ML<=6.6),extrapolada,"Rivera - Huila, Colombia"
SGC,SGC2003rkysqb,2003-05-31T04:55:10+00:00,2.5,ML,3.32405,Senel et al.: Mw=0.8095 ML+1.3003 (3.3<=ML<=6.6),extrapolada,"Tello - Huila, Colombia"
SGC,SGC2003wldfft,2003-06-08T07:38:22+00:00,2.3,ML,3.16215,Senel et al.: Mw=0.8095 ML+1.3003 (3.3<=ML<=6.6),extrapolada,"Tello - Huila, Colombia"
SGC,SGC2003oaxouz,2003-06-14T08:17:03+00:00,2.2,ML,3.0812,Senel et al.: Mw=0.8095 ML+1.3003 (3.3<=ML<=6.6),extrapolada,"Rivera - Huila, Colombia"
SGC,SGC2003fswxvy,2003-07-04T14:45:20+00:00,2.9,ML,3.64785,Senel et al.: Mw=0.8095 ML+1.3003 (3.3<=ML<=6.6),extrapolada,"Algeciras - Huila, Colombia"
SGC,SGC2003mhaqys,2003-07-07T06:09:36+00:00,2.4,ML,3.2431,Senel et al.: Mw=0.8095 ML+1.3003 (3.3<=ML<=6.6),extrapolada,"Tello - Huila, Colombia"
SGC,SGC2003dtsxsg,2003-07-14T07:42:58+00:00,2.0,ML,2.9193,Senel et al.: Mw=0.8095 ML+1.3003 (3.3<=ML<=6.6),extrapolada,"Rivera - Huila, Colombia"
SGC,SGC2003saqeya,2003-07-21T01:05:23+00:00,2.1,ML,3.0002500000000003,Senel et al.: Mw=0.8095 ML+1.3003 (3.3<=ML<=6.6),extrapolada,"Rivera - Huila, Colombia"
SGC,SGC2003scmnwj,2003-07-24T04:56:35+00:00,2.2,ML,3.0812,Senel et al.: Mw=0.8095 ML+1.3003 (3.3<=ML<=6.6),extrapolada,"Rivera - Huila, Colombia"
SGC,SGC2003dexqsh,2003-07-30T13:09:38+00:00,1.9,ML,2.83835,Senel et al.: Mw=0.8095 ML+1.3003 (3.3<=ML<=6.6),extrapolada,"Rivera - Huila, Colombia"
SGC,SGC2003dlblhz,2003-08-01T05:29:24+00:00,2.0,ML,2.9193,Senel et al.: Mw=0.8095 ML+1.3003 (3.3<=ML<=6.6),extrapolada,"Tello - Huila, Colombia"
SGC,SGC2003mpvhsp,2003-08-13T12:05:10+00:00,2.0,ML,2.9193,Senel et al.: Mw=0.8095 ML+1.3003 (3.3<=ML<=6.6),extrapolada,"Rivera - Huila, Colombia"
SGC,SGC2003rbgslt,2003-08-14T07:34:30+00:00,2.0,ML,2.9193,Senel et al.: Mw=0.8095 ML+1.3003 (3.3<=ML<=6.6),extrapolada,"Campoalegre - Huila, Colombia"
SGC,SGC2003xzlnbb,2003-08-24T09:20:42+00:00,2.1,ML,3.0002500000000003,Senel et al.: Mw=0.8095 ML+1.3003 (3.3<=ML<=6.6),extrapolada,"Tello - Huila, Colombia"
SGC,SGC2003mbhpgc,2003-08-24T17:43:10+00:00,2.3,ML,3.16215,Senel et al.: Mw=0.8095 ML+1.3003 (3.3<=ML<=6.6),extrapolada,"Tello - Huila, Colombia"
SGC,SGC2003dkgimx,2003-09-13T15:10:09+00:00,2.1,ML,3.0002500000000003,Senel et al.: Mw=0.8095 ML+1.3003 (3.3<=ML<=6.6),extrapolada,"Tello - Huila, Colombia"
SGC,SGC2003tbijce,2003-10-07T21:26:28+00:00,2.1,ML,3.0002500000000003,Senel et al.: Mw=0.8095 ML+1.3003 (3.3<=ML<=6.6),extrapolada,"Baraya - Huila, Colombia"
SGC,SGC2003zedhyt,2003-10-09T06:10:44+00:00,2.0,ML,2.9193,Senel et al.: Mw=0.8095 ML+1.3003 (3.3<=ML<=6.6),extrapolada,"Planadas - Tolima, Colombia"
SGC,SGC2003mwlsrq,2003-10-21T18:24:51+00:00,2.3,ML,3.16215,Senel et al.: Mw=0.8095 ML+1.3003 (3.3<=ML<=6.6),extrapolada,"Rivera - Huila, Colombia"
SGC,SGC2003dkdbca,2003-10-25T09:54:53+00:00,2.5,ML,3.32405,Senel et al.: Mw=0.8095 ML+1.3003 (3.3<=ML<=6.6),extrapolada,"Planadas - Tolima, Colombia"
SGC,SGC2003nwdmhb,2003-10-27T11:04:42+00:00,2.6,ML,3.405,Senel et al.: Mw=0.8095 ML+1.3003 (3.3<=ML<=6.6),extrapolada,"Tello - Huila, Colombia"
SGC,SGC2003qunvgx,2003-11-17T10:09:19+00:00,2.5,ML,3.32405,Senel et al.: Mw=0.8095 ML+1.3003 (3.3<=ML<=6.6),extrapolada,"Rivera - Huila, Colombia"
SGC,SGC2003nomaij,2003-11-22T23:47:16+00:00,3.2,ML,3.8907,Senel et al.: Mw=0.8095 ML+1.3003 (3.3<=ML<=6.6),extrapolada,"Hobo - Huila, Colombia"
SGC,SGC2003yenzui,2003-12-06T17:41:52+00:00,2.6,ML,3.405,Senel et al.: Mw=0.8095 ML+1.3003 (3.3<=ML<=6.6),extrapolada,"Algeciras - Huila, Colombia"
SGC,SGC2003oiqnin,2003-12-07T22:49:15+00:00,2.3,ML,3.16215,Senel et al.: Mw=0.8095 ML+1.3003 (3.3<=ML<=6.6),extrapolada,"Rivera - Huila, Colombia"
SGC,SGC2003jxisxu,2003-12-08T10:30:55+00:00,1.7,ML,2.67645,Senel et al.: Mw=0.8095 ML+1.3003 (3.3<=ML<=6.6),extrapolada,"Tello - Huila, Colombia"
SGC,SGC2003tkjgnx,2003-12-13T00:57:54+00:00,3.1,ML,3.80975,Senel et al.: Mw=0.8095 ML+1.3003 (3.3<=ML<=6.6),extrapolada,"Rivera - Huila, Colombia"
SGC,SGC2003dfjgww,2003-12-17T10:18:01+00:00,2.4,ML,3.2431,Senel et al.: Mw=0.8095 ML+1.3003 (3.3<=ML<=6.6),extrapolada,"Tello - Huila, Colombia"
SGC,SGC2004arpvio,2004-01-03T11:05:48+00:00,2.6,ML,3.405,Senel et al.: Mw=0.8095 ML+1.3003 (3.3<=ML<=6.6),extrapolada,"Baraya - Huila, Colombia"
SGC,SGC2004azxrmp,2004-01-07T15:26:51+00:00,2.5,ML,3.32405,Senel et al.: Mw=0.8095 ML+1.3003 (3.3<=ML<=6.6),extrapolada,"Campoalegre - Huila, Colombia"
SGC,SGC2004mfyknr,2004-01-21T01:18:55+00:00,1.9,ML,2.83835,Senel et al.: Mw=0.8095 ML+1.3003 (3.3<=ML<=6.6),extrapolada,"Rivera - Huila, Colombia"
SGC,SGC2004wpgysp,2004-02-07T03:34:39+00:00,2.0,ML,2.9193,Senel et al.: Mw=0.8095 ML+1.3003 (3.3<=ML<=6.6),extrapolada,"Rivera - Huila, Colombia"
SGC,SGC2004ptxwic,2004-02-19T23:05:28+00:00,3.1,ML,3.80975,Senel et al.: Mw=0.8095 ML+1.3003 (3.3<=ML<=6.6),extrapolada,"Baraya - Huila, Colombia"
SGC,SGC2004dmqzlh,2004-02-25T05:48:58+00:00,1.6,ML,2.5955000000000004,Senel et al.: Mw=0.8095 ML+1.3003 (3.3<=ML<=6.6),extrapolada,"Baraya - Huila, Colombia"
SGC,SGC2004yiylqd,2004-03-11T14:31:11+00:00,2.2,ML,3.0812,Senel et al.: Mw=0.8095 ML+1.3003 (3.3<=ML<=6.6),extrapolada,"Rivera - Huila, Colombia"
SGC,SGC2004bumjxw,2004-03-13T11:46:27+00:00,2.6,ML,3.405,Senel et al.: Mw=0.8095 ML+1.3003 (3.3<=ML<=6.6),extrapolada,"Hobo - Huila, Colombia"
SGC,SGC2004twrzpa,2004-03-14T17:57:49+00:00,3.1,ML,3.80975,Senel et al.: Mw=0.8095 ML+1.3003 (3.3<=ML<=6.6),extrapolada,"Baraya - Huila, Colombia"
SGC,SGC2004iuysbm,2004-03-16T18:06:07+00:00,2.9,ML,3.64785,Senel et al.: Mw=0.8095 ML+1.3003 (3.3<=ML<=6.6),extrapolada,"Algeciras - Huila, Colombia"
SGC,SGC2004qqtjjs,2004-05-13T11:55:48+00:00,2.6,ML,3.405,Senel et al.: Mw=0.8095 ML+1.3003 (3.3<=ML<=6.6),extrapolada,"Tello - Huila, Colombia"
SGC,SGC2004uyjxtg,2004-06-15T03:58:36+00:00,2.3,ML,3.16215,Senel et al.: Mw=0.8095 ML+1.3003 (3.3<=ML<=6.6),extrapolada,"Rivera - Huila, Colombia"
SGC,SGC2004yuagag,2004-07-03T08:46:17+00:00,2.2,ML,3.0812,Senel et al.: Mw=0.8095 ML+1.3003 (3.3<=ML<=6.6),extrapolada,"Rivera - Huila, Colombia"
SGC,SGC2004bhveij,2004-07-24T23:09:02+00:00,2.8,ML,3.5669,Senel et al.: Mw=0.8095 ML+1.3003 (3.3<=ML<=6.6),extrapolada,"Tello - Huila, Colombia"
SGC,SGC2004diuypl,2004-07-27T01:17:05+00:00,2.4,ML,3.2431,Senel et al.: Mw=0.8095 ML+1.3003 (3.3<=ML<=6.6),extrapolada,"Tello - Huila, Colombia"
SGC,SGC2004oftwka,2004-08-29T18:38:14+00:00,3.0,ML,3.7288,Senel et al.: Mw=0.8095 ML+1.3003 (3.3<=ML<=6.6),extrapolada,"Rivera - Huila, Colombia"
SGC,SGC2004yshmln,2004-09-01T04:19:34+00:00,1.9,ML,2.83835,Senel et al.: Mw=0.8095 ML+1.3003 (3.3<=ML<=6.6),extrapolada,"Tello - Huila, Colombia"
SGC,SGC2004jsuzxs,2004-09-01T19:18:56+00:00,2.4,ML,3.2431,Senel et al.: Mw=0.8095 ML+1.3003 (3.3<=ML<=6.6),extrapolada,"Teruel - Huila, Colombia"
SGC,SGC2004fwoyla,2004-09-05T21:47:08+00:00,2.9,ML,3.64785,Senel et al.: Mw=0.8095 ML+1.3003 (3.3<=ML<=6.6),extrapolada,"Algeciras - Huila, Colombia"
SGC,SGC2004qfrpee,2004-09-08T16:24:07+00:00,2.6,ML,3.405,Senel et al.: Mw=0.8095 ML+1.3003 (3.3<=ML<=6.6),extrapolada,"Neiva - Huila, Colombia"
SGC,SGC2004ahzucg,2004-09-15T12:43:15+00:00,3.0,ML,3.7288,Senel et al.: Mw=0.8095 ML+1.3003 (3.3<=ML<=6.6),extrapolada,"Rivera - Huila, Colombia"
SGC,SGC2004qpmiez,2004-09-22T19:59:34+00:00,2.3,ML,3.16215,Senel et al.: Mw=0.8095 ML+1.3003 (3.3<=ML<=6.6),extrapolada,"Campoalegre - Huila, Colombia"
SGC,SGC2004cwvqkp,2004-10-09T07:22:53+00:00,2.4,ML,3.2431,Senel et al.: Mw=0.8095 ML+1.3003 (3.3<=ML<=6.6),extrapolada,"Baraya - Huila, Colombia"
SGC,SGC2004ftizss,2004-10-24T22:43:12+00:00,2.8,ML,3.5669,Senel et al.: Mw=0.8095 ML+1.3003 (3.3<=ML<=6.6),extrapolada,"Rivera - Huila, Colombia"
SGC,SGC2004bqaiyv,2004-12-30T16:37:33+00:00,2.2,ML,3.0812,Senel et al.: Mw=0.8095 ML+1.3003 (3.3<=ML<=6.6),extrapolada,"Tello - Huila, Colombia"
SGC,SGC2004jqlrye,2004-12-31T13:28:17+00:00,2.7,ML,3.4859500000000003,Senel et al.: Mw=0.8095 ML+1.3003 (3.3<=ML<=6.6),extrapolada,"Baraya - Huila, Colombia"
SGC,SGC2005wzbrle,2005-01-04T02:30:16+00:00,1.6,ML,2.5955000000000004,Senel et al.: Mw=0.8095 ML+1.3003 (3.3<=ML<=6.6),extrapolada,"Baraya - Huila, Colombia"
SGC,SGC2005rwwnmd,2005-01-07T13:04:42+00:00,2.2,ML,3.0812,Senel et al.: Mw=0.8095 ML+1.3003 (3.3<=ML<=6.6),extrapolada,"Baraya - Huila, Colombia"
SGC,SGC2005dduwew,2005-01-11T04:29:10+00:00,1.9,ML,2.83835,Senel et al.: Mw=0.8095 ML+1.3003 (3.3<=ML<=6.6),extrapolada,"Rivera - Huila, Colombia"
SGC,SGC2005sczjps,2005-01-16T08:26:46+00:00,2.2,ML,3.0812,Senel et al.: Mw=0.8095 ML+1.3003 (3.3<=ML<=6.6),extrapolada,"Rivera - Huila, Colombia"
SGC,SGC2005zrgdlh,2005-01-17T18:11:39+00:00,1.9,ML,2.83835,Senel et al.: Mw=0.8095 ML+1.3003 (3.3<=ML<=6.6),extrapolada,"Rivera - Huila, Colombia"
SGC,SGC2005lqqzgn,2005-02-26T21:47:08+00:00,2.7,ML,3.4859500000000003,Senel et al.: Mw=0.8095 ML+1.3003 (3.3<=ML<=6.6),extrapolada,"Aipe - Huila, Colombia"
SGC,SGC2005tlwwwn,2005-03-03T06:12:15+00:00,2.5,ML,3.32405,Senel et al.: Mw=0.8095 ML+1.3003 (3.3<=ML<=6.6),extrapolada,"Rivera - Huila, Colombia"
SGC,SGC2005ldyzen,2005-03-13T16:43:27+00:00,3.0,ML,3.7288,Senel et al.: Mw=0.8095 ML+1.3003 (3.3<=ML<=6.6),extrapolada,"Tello - Huila, Colombia"
SGC,SGC2005yznysq,2005-03-21T21:34:42+00:00,2.5,ML,3.32405,Senel et al.: Mw=0.8095 ML+1.3003 (3.3<=ML<=6.6),extrapolada,"Neiva - Huila, Colombia"
SGC,SGC2005cbzean,2005-05-15T23:25:00+00:00,2.6,ML,3.405,Senel et al.: Mw=0.8095 ML+1.3003 (3.3<=ML<=6.6),extrapolada,"Baraya - Huila, Colombia"
SGC,SGC2005fcqukq,2005-06-10T19:02:16+00:00,2.2,ML,3.0812,Senel et al.: Mw=0.8095 ML+1.3003 (3.3<=ML<=6.6),extrapolada,"Tello - Huila, Colombia"
SGC,SGC2005lzekii,2005-06-15T15:28:37+00:00,2.5,ML,3.32405,Senel et al.: Mw=0.8095 ML+1.3003 (3.3<=ML<=6.6),extrapolada,"Rivera - Huila, Colombia"
SGC,SGC2005ftpqio,2005-06-17T16:59:04+00:00,2.6,ML,3.405,Senel et al.: Mw=0.8095 ML+1.3003 (3.3<=ML<=6.6),extrapolada,"Tello - Huila, Colombia"
SGC,SGC2005sgnckq,2005-07-12T08:15:42+00:00,2.9,ML,3.64785,Senel et al.: Mw=0.8095 ML+1.3003 (3.3<=ML<=6.6),extrapolada,"Algeciras - Huila, Colombia"
SGC,SGC2005iwsguo,2005-07-12T23:51:54+00:00,2.5,ML,3.32405,Senel et al.: Mw=0.8095 ML+1.3003 (3.3<=ML<=6.6),extrapolada,"Planadas - Tolima, Colombia"
SGC,SGC2005fzivak,2005-07-16T04:38:20+00:00,1.9,ML,2.83835,Senel et al.: Mw=0.8095 ML+1.3003 (3.3<=ML<=6.6),extrapolada,"Tello - Huila, Colombia"
SGC,SGC2005vvybjw,2005-07-28T10:04:20+00:00,2.7,ML,3.4859500000000003,Senel et al.: Mw=0.8095 ML+1.3003 (3.3<=ML<=6.6),extrapolada,"Rivera - Huila, Colombia"
SGC,SGC2005eidedr,2005-07-30T21:38:49+00:00,2.5,ML,3.32405,Senel et al.: Mw=0.8095 ML+1.3003 (3.3<=ML<=6.6),extrapolada,"Tello - Huila, Colombia"
SGC,SGC2005qyuggu,2005-08-25T07:04:08+00:00,2.5,ML,3.32405,Senel et al.: Mw=0.8095 ML+1.3003 (3.3<=ML<=6.6),extrapolada,"Tello - Huila, Colombia"
SGC,SGC2005qzgbnl,2005-09-07T11:19:46+00:00,2.5,ML,3.32405,Senel et al.: Mw=0.8095 ML+1.3003 (3.3<=ML<=6.6),extrapolada,"Tello - Huila, Colombia"
SGC,SGC2005yylezg,2005-09-15T23:29:03+00:00,2.5,ML,3.32405,Senel et al.: Mw=0.8095 ML+1.3003 (3.3<=ML<=6.6),extrapolada,"Rivera - Huila, Colombia"
SGC,SGC2005ryurip,2005-09-24T00:00:35+00:00,2.2,ML,3.0812,Senel et al.: Mw=0.8095 ML+1.3003 (3.3<=ML<=6.6),extrapolada,"Rivera - Huila, Colombia"
SGC,SGC2005oybkue,2005-10-13T03:25:51+00:00,2.0,ML,2.9193,Senel et al.: Mw=0.8095 ML+1.3003 (3.3<=ML<=6.6),extrapolada,"Tello - Huila, Colombia"
SGC,SGC2005scwdkq,2005-11-07T01:21:46+00:00,2.4,ML,3.2431,Senel et al.: Mw=0.8095 ML+1.3003 (3.3<=ML<=6.6),extrapolada,"Tello - Huila, Colombia"
SGC,SGC2005wwoost,2005-11-17T02:42:44+00:00,2.0,ML,2.9193,Senel et al.: Mw=0.8095 ML+1.3003 (3.3<=ML<=6.6),extrapolada,"Tello - Huila, Colombia"
SGC,SGC2005pwalcu,2005-12-09T06:21:18+00:00,2.4,ML,3.2431,Senel et al.: Mw=0.8095 ML+1.3003 (3.3<=ML<=6.6),extrapolada,"Planadas - Tolima, Colombia"
SGC,SGC2005htwklu,2005-12-12T19:20:03+00:00,2.6,ML,3.405,Senel et al.: Mw=0.8095 ML+1.3003 (3.3<=ML<=6.6),extrapolada,"Baraya - Huila, Colombia"
SGC,SGC2005mlllqt,2005-12-14T00:47:24+00:00,2.4,ML,3.2431,Senel et al.: Mw=0.8095 ML+1.3003 (3.3<=ML<=6.6),extrapolada,"Rivera - Huila, Colombia"
SGC,SGC2005lmbyxf,2005-12-14T06:22:05+00:00,2.0,ML,2.9193,Senel et al.: Mw=0.8095 ML+1.3003 (3.3<=ML<=6.6),extrapolada,"Tello - Huila, Colombia"
SGC,SGC2005domggx,2005-12-21T07:39:57+00:00,2.6,ML,3.405,Senel et al.: Mw=0.8095 ML+1.3003 (3.3<=ML<=6.6),extrapolada,"Tello - Huila, Colombia"
SGC,SGC2006ppksnw,2006-01-07T15:30:42+00:00,2.6,ML,3.405,Senel et al.: Mw=0.8095 ML+1.3003 (3.3<=ML<=6.6),extrapolada,"Rivera - Huila, Colombia"
SGC,SGC2006deakdy,2006-01-15T11:10:56+00:00,2.2,ML,3.0812,Senel et al.: Mw=0.8095 ML+1.3003 (3.3<=ML<=6.6),extrapolada,"Tello - Huila, Colombia"
SGC,SGC2006spojso,2006-01-22T19:43:00+00:00,2.2,ML,3.0812,Senel et al.: Mw=0.8095 ML+1.3003 (3.3<=ML<=6.6),extrapolada,"Tello - Huila, Colombia"
SGC,SGC2006iuqlmw,2006-01-25T17:11:28+00:00,2.5,ML,3.32405,Senel et al.: Mw=0.8095 ML+1.3003 (3.3<=ML<=6.6),extrapolada,"Baraya - Huila, Colombia"
SGC,SGC2006ufkxol,2006-01-26T21:49:41+00:00,2.5,ML,3.32405,Senel et al.: Mw=0.8095 ML+1.3003 (3.3<=ML<=6.6),extrapolada,"Rivera - Huila, Colombia"
SGC,SGC2006htzgic,2006-02-13T18:27:26+00:00,3.2,ML,3.8907,Senel et al.: Mw=0.8095 ML+1.3003 (3.3<=ML<=6.6),extrapolada,"Baraya - Huila, Colombia"
SGC,SGC2006zafmmo,2006-05-02T04:29:03+00:00,2.2,ML,3.0812,Senel et al.: Mw=0.8095 ML+1.3003 (3.3<=ML<=6.6),extrapolada,"Tello - Huila, Colombia"
SGC,SGC2006bdfvli,2006-05-03T04:23:27+00:00,2.4,ML,3.2431,Senel et al.: Mw=0.8095 ML+1.3003 (3.3<=ML<=6.6),extrapolada,"Baraya - Huila, Colombia"
SGC,SGC2006zwnzhi,2006-05-03T17:25:32+00:00,2.8,ML,3.5669,Senel et al.: Mw=0.8095 ML+1.3003 (3.3<=ML<=6.6),extrapolada,"Tello - Huila, Colombia"
SGC,SGC2006zsqyre,2006-05-15T12:52:51+00:00,2.5,ML,3.32405,Senel et al.: Mw=0.8095 ML+1.3003 (3.3<=ML<=6.6),extrapolada,"Rivera - Huila, Colombia"
SGC,SGC2006abcsee,2006-05-27T16:04:56+00:00,2.1,ML,3.0002500000000003,Senel et al.: Mw=0.8095 ML+1.3003 (3.3<=ML<=6.6),extrapolada,"Tello - Huila, Colombia"
SGC,SGC2006gopolz,2006-06-01T08:49:10+00:00,2.1,ML,3.0002500000000003,Senel et al.: Mw=0.8095 ML+1.3003 (3.3<=ML<=6.6),extrapolada,"Algeciras - Huila, Colombia"
SGC,SGC2006evpror,2006-06-05T11:17:05+00:00,2.4,ML,3.2431,Senel et al.: Mw=0.8095 ML+1.3003 (3.3<=ML<=6.6),extrapolada,"Rivera - Huila, Colombia"
SGC,SGC2006ijkmdy,2006-06-09T08:19:26+00:00,1.7,ML,2.67645,Senel et al.: Mw=0.8095 ML+1.3003 (3.3<=ML<=6.6),extrapolada,"Tello - Huila, Colombia"
SGC,SGC2006mfjzel,2006-06-16T20:31:05+00:00,2.5,ML,3.32405,Senel et al.: Mw=0.8095 ML+1.3003 (3.3<=ML<=6.6),extrapolada,"Rivera - Huila, Colombia"
SGC,SGC2006eiyhcj,2006-06-27T22:28:00+00:00,2.6,ML,3.405,Senel et al.: Mw=0.8095 ML+1.3003 (3.3<=ML<=6.6),extrapolada,"Rivera - Huila, Colombia"
SGC,SGC2006rcvznp,2006-07-22T00:06:06+00:00,2.9,ML,3.64785,Senel et al.: Mw=0.8095 ML+1.3003 (3.3<=ML<=6.6),extrapolada,"Rivera - Huila, Colombia"
SGC,SGC2006qzlyfu,2006-08-18T08:57:58+00:00,2.9,ML,3.64785,Senel et al.: Mw=0.8095 ML+1.3003 (3.3<=ML<=6.6),extrapolada,"Rivera - Huila, Colombia"
SGC,SGC2006ucobxp,2006-09-20T11:10:35+00:00,3.1,ML,3.80975,Senel et al.: Mw=0.8095 ML+1.3003 (3.3<=ML<=6.6),extrapolada,"Rivera - Huila, Colombia"
SGC,SGC2006zpqbtt,2006-09-20T12:45:35+00:00,2.9,ML,3.64785,Senel et al.: Mw=0.8095 ML+1.3003 (3.3<=ML<=6.6),extrapolada,"Rivera - Huila, Colombia"
SGC,SGC2006vplmqu,2006-09-29T19:36:37+00:00,2.7,ML,3.4859500000000003,Senel et al.: Mw=0.8095 ML+1.3003 (3.3<=ML<=6.6),extrapolada,"Rivera - Huila, Colombia"
SGC,SGC2006lvwnwy,2006-12-25T04:03:36+00:00,2.4,ML,3.2431,Senel et al.: Mw=0.8095 ML+1.3003 (3.3<=ML<=6.6),extrapolada,"Tello - Huila, Colombia"
SGC,SGC2007yjfsfs,2007-02-21T02:58:56+00:00,2.2,ML,3.0812,Senel et al.: Mw=0.8095 ML+1.3003 (3.3<=ML<=6.6),extrapolada,"Rivera - Huila, Colombia"
SGC,SGC2007nridcs,2007-02-27T08:28:32+00:00,1.9,ML,2.83835,Senel et al.: Mw=0.8095 ML+1.3003 (3.3<=ML<=6.6),extrapolada,"Baraya - Huila, Colombia"
SGC,SGC2007wiwidx,2007-03-17T18:04:43+00:00,2.9,ML,3.64785,Senel et al.: Mw=0.8095 ML+1.3003 (3.3<=ML<=6.6),extrapolada,"Tello - Huila, Colombia"
SGC,SGC2007vdpvbg,2007-03-22T02:04:17+00:00,1.8,ML,2.7574,Senel et al.: Mw=0.8095 ML+1.3003 (3.3<=ML<=6.6),extrapolada,"Tello - Huila, Colombia"
SGC,SGC2007exozvy,2007-04-20T08:40:11+00:00,2.4,ML,3.2431,Senel et al.: Mw=0.8095 ML+1.3003 (3.3<=ML<=6.6),extrapolada,"Tello - Huila, Colombia"
SGC,SGC2007ufbuvb,2007-05-13T02:50:28+00:00,1.3,ML,2.35265,Senel et al.: Mw=0.8095 ML+1.3003 (3.3<=ML<=6.6),extrapolada,"Neiva - Huila, Colombia"
SGC,SGC2007pgguql,2007-05-27T16:01:19+00:00,2.1,ML,3.0002500000000003,Senel et al.: Mw=0.8095 ML+1.3003 (3.3<=ML<=6.6),extrapolada,"Algeciras - Huila, Colombia"
SGC,SGC2007rtkbkh,2007-07-07T22:23:47+00:00,2.6,ML,3.405,Senel et al.: Mw=0.8095 ML+1.3003 (3.3<=ML<=6.6),extrapolada,"Rivera - Huila, Colombia"
SGC,SGC2007bqdcgj,2007-07-11T00:11:23+00:00,2.2,ML,3.0812,Senel et al.: Mw=0.8095 ML+1.3003 (3.3<=ML<=6.6),extrapolada,"Rivera - Huila, Colombia"
SGC,SGC2007odeykx,2007-09-08T20:19:32+00:00,2.2,ML,3.0812,Senel et al.: Mw=0.8095 ML+1.3003 (3.3<=ML<=6.6),extrapolada,"Tello - Huila, Colombia"
SGC,SGC2007irqhwf,2007-09-11T06:33:28+00:00,1.8,ML,2.7574,Senel et al.: Mw=0.8095 ML+1.3003 (3.3<=ML<=6.6),extrapolada,"Baraya - Huila, Colombia"
SGC,SGC2007assggn,2007-09-19T04:21:21+00:00,2.5,ML,3.32405,Senel et al.: Mw=0.8095 ML+1.3003 (3.3<=ML<=6.6),extrapolada,"Rivera - Huila, Colombia"
SGC,SGC2007wthhfo,2007-10-20T14:16:06+00:00,2.5,ML,3.32405,Senel et al.: Mw=0.8095 ML+1.3003 (3.3<=ML<=6.6),extrapolada,"Íquira - Huila, Colombia"
SGC,SGC2007ynrtrq,2007-10-23T07:13:07+00:00,2.6,ML,3.405,Senel et al.: Mw=0.8095 ML+1.3003 (3.3<=ML<=6.6),extrapolada,"Rivera - Huila, Colombia"
SGC,SGC2007zgdhpf,2007-11-11T01:22:56+00:00,2.1,ML,3.0002500000000003,Senel et al.: Mw=0.8095 ML+1.3003 (3.3<=ML<=6.6),extrapolada,"Rivera - Huila, Colombia"
SGC,SGC2007rxmdux,2007-11-12T09:55:29+00:00,2.2,ML,3.0812,Senel et al.: Mw=0.8095 ML+1.3003 (3.3<=ML<=6.6),extrapolada,"Algeciras - Huila, Colombia"
SGC,SGC2007jbqqwy,2007-11-21T03:36:42+00:00,2.1,ML,3.0002500000000003,Senel et al.: Mw=0.8095 ML+1.3003 (3.3<=ML<=6.6),extrapolada,"Algeciras - Huila, Colombia"
SGC,SGC2007zfwjag,2007-12-09T00:12:05+00:00,2.1,ML,3.0002500000000003,Senel et al.: Mw=0.8095 ML+1.3003 (3.3<=ML<=6.6),extrapolada,"Campoalegre - Huila, Colombia"
SGC,SGC2007wxnghs,2007-12-10T22:57:47+00:00,2.5,ML,3.32405,Senel et al.: Mw=0.8095 ML+1.3003 (3.3<=ML<=6.6),extrapolada,"Campoalegre - Huila, Colombia"
SGC,SGC2008svvafi,2008-02-28T16:20:22+00:00,2.8,ML,3.5669,Senel et al.: Mw=0.8095 ML+1.3003 (3.3<=ML<=6.6),extrapolada,"Rivera - Huila, Colombia"
SGC,SGC2008mqnuoj,2008-06-12T20:38:30+00:00,2.7,ML,3.4859500000000003,Senel et al.: Mw=0.8095 ML+1.3003 (3.3<=ML<=6.6),extrapolada,"Neiva - Huila, Colombia"
SGC,SGC2008frphow,2008-06-27T20:14:02+00:00,2.4,ML,3.2431,Senel et al.: Mw=0.8095 ML+1.3003 (3.3<=ML<=6.6),extrapolada,"Íquira - Huila, Colombia"
SGC,SGC2008idzqav,2008-08-04T06:56:47+00:00,2.7,ML,3.4859500000000003,Senel et al.: Mw=0.8095 ML+1.3003 (3.3<=ML<=6.6),extrapolada,"Tello - Huila, Colombia"
SGC,SGC2008uqgfby,2008-08-21T15:01:38+00:00,2.7,ML,3.4859500000000003,Senel et al.: Mw=0.8095 ML+1.3003 (3.3<=ML<=6.6),extrapolada,"Baraya - Huila, Colombia"
SGC,SGC2008fiavjw,2008-09-25T20:42:40+00:00,2.3,ML,3.16215,Senel et al.: Mw=0.8095 ML+1.3003 (3.3<=ML<=6.6),extrapolada,"Tello - Huila, Colombia"
SGC,SGC2008viinls,2008-10-21T21:21:38+00:00,1.6,ML,2.5955000000000004,Senel et al.: Mw=0.8095 ML+1.3003 (3.3<=ML<=6.6),extrapolada,"Baraya - Huila, Colombia"
SGC,SGC2008ljrwqo,2008-10-26T00:23:45+00:00,2.6,ML,3.405,Senel et al.: Mw=0.8095 ML+1.3003 (3.3<=ML<=6.6),extrapolada,"Rivera - Huila, Colombia"
SGC,SGC2008llcnpc,2008-11-06T21:01:04+00:00,1.2,ML,2.2717,Senel et al.: Mw=0.8095 ML+1.3003 (3.3<=ML<=6.6),extrapolada,"Campoalegre - Huila, Colombia"
SGC,SGC2008rdjdhk,2008-11-29T10:10:42+00:00,2.3,ML,3.16215,Senel et al.: Mw=0.8095 ML+1.3003 (3.3<=ML<=6.6),extrapolada,"Rivera - Huila, Colombia"
SGC,SGC2008ickuxe,2008-12-10T10:53:41+00:00,2.4,ML,3.2431,Senel et al.: Mw=0.8095 ML+1.3003 (3.3<=ML<=6.6),extrapolada,"Aipe - Huila, Colombia"
SGC,SGC2009vdrrjb,2009-01-08T00:56:24+00:00,2.0,ML,2.9193,Senel et al.: Mw=0.8095 ML+1.3003 (3.3<=ML<=6.6),extrapolada,"Rivera - Huila, Colombia"
SGC,SGC2009vqdsnw,2009-01-12T01:19:32+00:00,2.3,ML,3.16215,Senel et al.: Mw=0.8095 ML+1.3003 (3.3<=ML<=6.6),extrapolada,"Algeciras - Huila, Colombia"
SGC,SGC2009qsqgbm,2009-01-28T22:25:14+00:00,1.9,ML,2.83835,Senel et al.: Mw=0.8095 ML+1.3003 (3.3<=ML<=6.6),extrapolada,"Campoalegre - Huila, Colombia"
SGC,SGC2009wlyujt,2009-03-01T05:10:05+00:00,2.9,ML,3.64785,Senel et al.: Mw=0.8095 ML+1.3003 (3.3<=ML<=6.6),extrapolada,"Rivera - Huila, Colombia"
SGC,SGC2009myikpj,2009-03-01T08:24:12+00:00,1.5,ML,2.51455,Senel et al.: Mw=0.8095 ML+1.3003 (3.3<=ML<=6.6),extrapolada,"Rivera - Huila, Colombia"
SGC,SGC2009bijbwu,2009-03-20T20:27:27+00:00,1.8,ML,2.7574,Senel et al.: Mw=0.8095 ML+1.3003 (3.3<=ML<=6.6),extrapolada,"Rivera - Huila, Colombia"
SGC,SGC2009okclmm,2009-03-23T01:12:32+00:00,2.0,ML,2.9193,Senel et al.: Mw=0.8095 ML+1.3003 (3.3<=ML<=6.6),extrapolada,"Hobo - Huila, Colombia"
SGC,SGC2009cmzaso,2009-03-24T15:43:09+00:00,2.1,ML,3.0002500000000003,Senel et al.: Mw=0.8095 ML+1.3003 (3.3<=ML<=6.6),extrapolada,"Algeciras - Huila, Colombia"
SGC,SGC2009xltmll,2009-03-26T06:22:56+00:00,1.5,ML,2.51455,Senel et al.: Mw=0.8095 ML+1.3003 (3.3<=ML<=6.6),extrapolada,"Baraya - Huila, Colombia"
SGC,SGC2009lhgdnh,2009-03-28T20:49:05+00:00,1.8,ML,2.7574,Senel et al.: Mw=0.8095 ML+1.3003 (3.3<=ML<=6.6),extrapolada,"Baraya - Huila, Colombia"
SGC,SGC2009jdavmz,2009-04-03T08:27:52+00:00,1.7,ML,2.67645,Senel et al.: Mw=0.8095 ML+1.3003 (3.3<=ML<=6.6),extrapolada,"Baraya - Huila, Colombia"
SGC,SGC2009sxkmff,2009-04-05T04:39:44+00:00,1.9,ML,2.83835,Senel et al.: Mw=0.8095 ML+1.3003 (3.3<=ML<=6.6),extrapolada,"Aipe - Huila, Colombia"
SGC,SGC2009rydtea,2009-04-15T16:36:47+00:00,2.7,ML,3.4859500000000003,Senel et al.: Mw=0.8095 ML+1.3003 (3.3<=ML<=6.6),extrapolada,"Rivera - Huila, Colombia"
SGC,SGC2009otyifo,2009-04-19T14:11:08+00:00,1.8,ML,2.7574,Senel et al.: Mw=0.8095 ML+1.3003 (3.3<=ML<=6.6),extrapolada,"Algeciras - Huila, Colombia"
SGC,SGC2009gwhuqv,2009-04-26T06:58:12+00:00,1.8,ML,2.7574,Senel et al.: Mw=0.8095 ML+1.3003 (3.3<=ML<=6.6),extrapolada,"Rivera - Huila, Colombia"
SGC,SGC2009tcdwkg,2009-04-26T18:51:08+00:00,1.5,ML,2.51455,Senel et al.: Mw=0.8095 ML+1.3003 (3.3<=ML<=6.6),extrapolada,"Baraya - Huila, Colombia"
SGC,SGC2009lprxvm,2009-04-30T23:08:36+00:00,1.6,ML,2.5955000000000004,Senel et al.: Mw=0.8095 ML+1.3003 (3.3<=ML<=6.6),extrapolada,"Tello - Huila, Colombia"
SGC,SGC2009hjrzvm,2009-05-08T06:01:24+00:00,3.1,ML,3.80975,Senel et al.: Mw=0.8095 ML+1.3003 (3.3<=ML<=6.6),extrapolada,"Rivera - Huila, Colombia"
SGC,SGC2009oomatw,2009-05-09T22:34:48+00:00,2.0,ML,2.9193,Senel et al.: Mw=0.8095 ML+1.3003 (3.3<=ML<=6.6),extrapolada,"Rivera - Huila, Colombia"
SGC,SGC2009buzsgu,2009-05-11T20:01:31+00:00,2.7,ML,3.4859500000000003,Senel et al.: Mw=0.8095 ML+1.3003 (3.3<=ML<=6.6),extrapolada,"Baraya - Huila, Colombia"
SGC,SGC2009tychsl,2009-05-13T02:43:10+00:00,1.7,ML,2.67645,Senel et al.: Mw=0.8095 ML+1.3003 (3.3<=ML<=6.6),extrapolada,"Baraya - Huila, Colombia"
SGC,SGC2009ahfkji,2009-05-16T04:11:34+00:00,1.3,ML,2.35265,Senel et al.: Mw=0.8095 ML+1.3003 (3.3<=ML<=6.6),extrapolada,"Baraya - Huila, Colombia"
SGC,SGC2009tmggfy,2009-05-18T23:06:53+00:00,2.5,ML,3.32405,Senel et al.: Mw=0.8095 ML+1.3003 (3.3<=ML<=6.6),extrapolada,"Rivera - Huila, Colombia"
SGC,SGC2009rdrknt,2009-05-18T23:08:45+00:00,1.5,ML,2.51455,Senel et al.: Mw=0.8095 ML+1.3003 (3.3<=ML<=6.6),extrapolada,"Rivera - Huila, Colombia"
SGC,SGC2009icmeyy,2009-05-21T07:27:45+00:00,1.6,ML,2.5955000000000004,Senel et al.: Mw=0.8095 ML+1.3003 (3.3<=ML<=6.6),extrapolada,"Rivera - Huila, Colombia"
SGC,SGC2009lvssht,2009-05-21T18:42:12+00:00,1.8,ML,2.7574,Senel et al.: Mw=0.8095 ML+1.3003 (3.3<=ML<=6.6),extrapolada,"Aipe - Huila, Colombia"
SGC,SGC2009uqmfxq,2009-05-23T03:06:27+00:00,2.0,ML,2.9193,Senel et al.: Mw=0.8095 ML+1.3003 (3.3<=ML<=6.6),extrapolada,"Tello - Huila, Colombia"
SGC,SGC2009mrbjjp,2009-05-23T09:12:46+00:00,2.1,ML,3.0002500000000003,Senel et al.: Mw=0.8095 ML+1.3003 (3.3<=ML<=6.6),extrapolada,"Rivera - Huila, Colombia"
SGC,SGC2009wtzzcb,2009-05-25T20:23:52+00:00,1.6,ML,2.5955000000000004,Senel et al.: Mw=0.8095 ML+1.3003 (3.3<=ML<=6.6),extrapolada,"Baraya - Huila, Colombia"
SGC,SGC2009amsgil,2009-05-28T06:27:29+00:00,1.9,ML,2.83835,Senel et al.: Mw=0.8095 ML+1.3003 (3.3<=ML<=6.6),extrapolada,"Neiva - Huila, Colombia"
SGC,SGC2009uhabcg,2009-05-28T09:28:12+00:00,2.5,ML,3.32405,Senel et al.: Mw=0.8095 ML+1.3003 (3.3<=ML<=6.6),extrapolada,"Rivera - Huila, Colombia"
SGC,SGC2009nbnlpn,2009-06-03T20:56:00+00:00,1.8,ML,2.7574,Senel et al.: Mw=0.8095 ML+1.3003 (3.3<=ML<=6.6),extrapolada,"Tello - Huila, Colombia"
SGC,SGC2009btkngz,2009-06-07T21:40:11+00:00,2.7,ML,3.4859500000000003,Senel et al.: Mw=0.8095 ML+1.3003 (3.3<=ML<=6.6),extrapolada,"Villavieja - Huila, Colombia"
SGC,SGC2009nvdxir,2009-06-09T12:39:04+00:00,1.9,ML,2.83835,Senel et al.: Mw=0.8095 ML+1.3003 (3.3<=ML<=6.6),extrapolada,"Rivera - Huila, Colombia"
SGC,SGC2009tdwbgf,2009-06-17T01:34:18+00:00,1.4,ML,2.4336,Senel et al.: Mw=0.8095 ML+1.3003 (3.3<=ML<=6.6),extrapolada,"Baraya - Huila, Colombia"
SGC,SGC2009hihqfs,2009-06-20T21:21:07+00:00,2.2,ML,3.0812,Senel et al.: Mw=0.8095 ML+1.3003 (3.3<=ML<=6.6),extrapolada,"Algeciras - Huila, Colombia"
SGC,SGC2009wqbjqr,2009-07-08T12:03:14+00:00,1.5,ML,2.51455,Senel et al.: Mw=0.8095 ML+1.3003 (3.3<=ML<=6.6),extrapolada,"Rivera - Huila, Colombia"
SGC,SGC2009ucfjiz,2009-07-13T21:20:11+00:00,1.6,ML,2.5955000000000004,Senel et al.: Mw=0.8095 ML+1.3003 (3.3<=ML<=6.6),extrapolada,"Baraya - Huila, Colombia"
SGC,SGC2009eflpvg,2009-07-20T11:57:39+00:00,2.2,ML,3.0812,Senel et al.: Mw=0.8095 ML+1.3003 (3.3<=ML<=6.6),extrapolada,"Rivera - Huila, Colombia"
SGC,SGC2009qlbdil,2009-07-30T00:40:35+00:00,1.3,ML,2.35265,Senel et al.: Mw=0.8095 ML+1.3003 (3.3<=ML<=6.6),extrapolada,"Tello - Huila, Colombia"
SGC,SGC2009prbzhx,2009-08-02T15:23:44+00:00,1.9,ML,2.83835,Senel et al.: Mw=0.8095 ML+1.3003 (3.3<=ML<=6.6),extrapolada,"Campoalegre - Huila, Colombia"
SGC,SGC2009oqftcl,2009-08-17T06:23:03+00:00,1.9,ML,2.83835,Senel et al.: Mw=0.8095 ML+1.3003 (3.3<=ML<=6.6),extrapolada,"Teruel - Huila, Colombia"
SGC,SGC2009pxxqiy,2009-08-24T02:34:50+00:00,1.6,ML,2.5955000000000004,Senel et al.: Mw=0.8095 ML+1.3003 (3.3<=ML<=6.6),extrapolada,"Baraya - Huila, Colombia"
SGC,SGC2009fktiqq,2009-09-05T11:37:09+00:00,2.4,ML,3.2431,Senel et al.: Mw=0.8095 ML+1.3003 (3.3<=ML<=6.6),extrapolada,"Tello - Huila, Colombia"
SGC,SGC2009gxxxvt,2009-09-06T06:16:59+00:00,2.6,ML,3.405,Senel et al.: Mw=0.8095 ML+1.3003 (3.3<=ML<=6.6),extrapolada,"Baraya - Huila, Colombia"
SGC,SGC2009yxjjqe,2009-09-12T06:43:24+00:00,2.2,ML,3.0812,Senel et al.: Mw=0.8095 ML+1.3003 (3.3<=ML<=6.6),extrapolada,"Campoalegre - Huila, Colombia"
SGC,SGC2009hlldid,2009-09-14T03:10:59+00:00,1.5,ML,2.51455,Senel et al.: Mw=0.8095 ML+1.3003 (3.3<=ML<=6.6),extrapolada,"Algeciras - Huila, Colombia"
SGC,SGC2009fgyyky,2009-09-14T04:35:03+00:00,1.6,ML,2.5955000000000004,Senel et al.: Mw=0.8095 ML+1.3003 (3.3<=ML<=6.6),extrapolada,"Baraya - Huila, Colombia"
SGC,SGC2009nrcvpl,2009-09-15T14:05:44+00:00,1.3,ML,2.35265,Senel et al.: Mw=0.8095 ML+1.3003 (3.3<=ML<=6.6),extrapolada,"Campoalegre - Huila, Colombia"
SGC,SGC2009hznlvk,2009-09-17T04:23:45+00:00,1.6,ML,2.5955000000000004,Senel et al.: Mw=0.8095 ML+1.3003 (3.3<=ML<=6.6),extrapolada,"Algeciras - Huila, Colombia"
SGC,SGC2009jnphuc,2009-09-18T01:44:50+00:00,1.6,ML,2.5955000000000004,Senel et al.: Mw=0.8095 ML+1.3003 (3.3<=ML<=6.6),extrapolada,"Rivera - Huila, Colombia"
SGC,SGC2009vzysqc,2009-09-20T12:41:45+00:00,1.9,ML,2.83835,Senel et al.: Mw=0.8095 ML+1.3003 (3.3<=ML<=6.6),extrapolada,"Baraya - Huila, Colombia"
SGC,SGC2009tjfuoh,2009-09-24T02:46:26+00:00,1.5,ML,2.51455,Senel et al.: Mw=0.8095 ML+1.3003 (3.3<=ML<=6.6),extrapolada,"Algeciras - Huila, Colombia"
SGC,SGC2009fcteuo,2009-09-27T13:04:23+00:00,1.2,ML,2.2717,Senel et al.: Mw=0.8095 ML+1.3003 (3.3<=ML<=6.6),extrapolada,"Baraya - Huila, Colombia"
SGC,SGC2009xeqwbq,2009-10-02T06:14:53+00:00,2.6,ML,3.405,Senel et al.: Mw=0.8095 ML+1.3003 (3.3<=ML<=6.6),extrapolada,"Baraya - Huila, Colombia"
SGC,SGC2009dwpjrl,2009-10-04T00:41:33+00:00,2.5,ML,3.32405,Senel et al.: Mw=0.8095 ML+1.3003 (3.3<=ML<=6.6),extrapolada,"Tello - Huila, Colombia"
SGC,SGC2009ccbmqo,2009-10-05T12:52:54+00:00,3.0,ML,3.7288,Senel et al.: Mw=0.8095 ML+1.3003 (3.3<=ML<=6.6),extrapolada,"Aipe - Huila, Colombia"
SGC,SGC2009shkjge,2009-10-09T11:16:03+00:00,1.5,ML,2.51455,Senel et al.: Mw=0.8095 ML+1.3003 (3.3<=ML<=6.6),extrapolada,"Rivera - Huila, Colombia"
SGC,SGC2009jrqqrh,2009-10-14T20:16:45+00:00,1.6,ML,2.5955000000000004,Senel et al.: Mw=0.8095 ML+1.3003 (3.3<=ML<=6.6),extrapolada,"Baraya - Huila, Colombia"
SGC,SGC2009xaijog,2009-10-15T03:58:24+00:00,2.6,ML,3.405,Senel et al.: Mw=0.8095 ML+1.3003 (3.3<=ML<=6.6),extrapolada,"Aipe - Huila, Colombia"
SGC,SGC2009lwzhhw,2009-10-17T01:46:09+00:00,2.9,ML,3.64785,Senel et al.: Mw=0.8095 ML+1.3003 (3.3<=ML<=6.6),extrapolada,"Rivera - Huila, Colombia"
SGC,SGC2009gkyqsk,2009-10-18T12:54:50+00:00,2.1,ML,3.0002500000000003,Senel et al.: Mw=0.8095 ML+1.3003 (3.3<=ML<=6.6),extrapolada,"Baraya - Huila, Colombia"
SGC,SGC2009eontgv,2009-10-22T01:23:40+00:00,1.4,ML,2.4336,Senel et al.: Mw=0.8095 ML+1.3003 (3.3<=ML<=6.6),extrapolada,"Rivera - Huila, Colombia"
SGC,SGC2009qjrzde,2009-10-25T11:25:27+00:00,3.1,ML,3.80975,Senel et al.: Mw=0.8095 ML+1.3003 (3.3<=ML<=6.6),extrapolada,"Baraya - Huila, Colombia"
SGC,SGC2009tcgmrv,2009-10-28T04:21:48+00:00,1.5,ML,2.51455,Senel et al.: Mw=0.8095 ML+1.3003 (3.3<=ML<=6.6),extrapolada,"Algeciras - Huila, Colombia"
SGC,SGC2009yduxel,2009-10-30T04:44:40+00:00,1.0,ML,2.1098,Senel et al.: Mw=0.8095 ML+1.3003 (3.3<=ML<=6.6),extrapolada,"Rivera - Huila, Colombia"
SGC,SGC2009fdgqyq,2009-11-04T09:21:19+00:00,2.2,ML,3.0812,Senel et al.: Mw=0.8095 ML+1.3003 (3.3<=ML<=6.6),extrapolada,"Algeciras - Huila, Colombia"
SGC,SGC2009wmrcux,2009-11-06T22:50:03+00:00,1.2,ML,2.2717,Senel et al.: Mw=0.8095 ML+1.3003 (3.3<=ML<=6.6),extrapolada,"Rivera - Huila, Colombia"
SGC,SGC2009lteueg,2009-11-07T16:38:01+00:00,1.7,ML,2.67645,Senel et al.: Mw=0.8095 ML+1.3003 (3.3<=ML<=6.6),extrapolada,"Baraya - Huila, Colombia"
SGC,SGC2009ibjqpv,2009-11-17T18:55:56+00:00,1.6,ML,2.5955000000000004,Senel et al.: Mw=0.8095 ML+1.3003 (3.3<=ML<=6.6),extrapolada,"Hobo - Huila, Colombia"
SGC,SGC2009veuuav,2009-11-18T06:47:06+00:00,1.9,ML,2.83835,Senel et al.: Mw=0.8095 ML+1.3003 (3.3<=ML<=6.6),extrapolada,"Rivera - Huila, Colombia"
SGC,SGC2009ldnknv,2009-11-25T06:36:27+00:00,1.4,ML,2.4336,Senel et al.: Mw=0.8095 ML+1.3003 (3.3<=ML<=6.6),extrapolada,"Tello - Huila, Colombia"
SGC,SGC2009hgnclf,2009-11-27T22:27:33+00:00,1.7,ML,2.67645,Senel et al.: Mw=0.8095 ML+1.3003 (3.3<=ML<=6.6),extrapolada,"Baraya - Huila, Colombia"
SGC,SGC2009rpyfeu,2009-12-09T01:36:24+00:00,1.7,ML,2.67645,Senel et al.: Mw=0.8095 ML+1.3003 (3.3<=ML<=6.6),extrapolada,"Rivera - Huila, Colombia"
SGC,SGC2009eieuqp,2009-12-15T02:15:53+00:00,1.0,ML,2.1098,Senel et al.: Mw=0.8095 ML+1.3003 (3.3<=ML<=6.6),extrapolada,"Baraya - Huila, Colombia"
SGC,SGC2009jtwvyj,2009-12-18T23:37:43+00:00,1.4,ML,2.4336,Senel et al.: Mw=0.8095 ML+1.3003 (3.3<=ML<=6.6),extrapolada,"Yaguará - Huila, Colombia"
SGC,SGC2009gibjfz,2009-12-20T23:42:46+00:00,1.6,ML,2.5955000000000004,Senel et al.: Mw=0.8095 ML+1.3003 (3.3<=ML<=6.6),extrapolada,"Baraya - Huila, Colombia"
SGC,SGC2009zxynog,2009-12-25T08:20:14+00:00,1.9,ML,2.83835,Senel et al.: Mw=0.8095 ML+1.3003 (3.3<=ML<=6.6),extrapolada,"Rivera - Huila, Colombia"
SGC,SGC2009ccnyss,2009-12-31T10:38:47+00:00,1.4,ML,2.4336,Senel et al.: Mw=0.8095 ML+1.3003 (3.3<=ML<=6.6),extrapolada,"Tello - Huila, Colombia"
SGC,SGC2010oewyjt,2010-01-10T16:20:28+00:00,1.7,ML,2.67645,Senel et al.: Mw=0.8095 ML+1.3003 (3.3<=ML<=6.6),extrapolada,"Baraya - Huila, Colombia"
SGC,SGC2010ronkkk,2010-01-15T12:49:14+00:00,1.2,ML,2.2717,Senel et al.: Mw=0.8095 ML+1.3003 (3.3<=ML<=6.6),extrapolada,"Tello - Huila, Colombia"
SGC,SGC2010htkdqf,2010-01-28T07:00:54+00:00,1.6,ML,2.5955000000000004,Senel et al.: Mw=0.8095 ML+1.3003 (3.3<=ML<=6.6),extrapolada,"Tello - Huila, Colombia"
SGC,SGC2010hzbvhb,2010-02-08T00:23:14+00:00,1.8,ML,2.7574,Senel et al.: Mw=0.8095 ML+1.3003 (3.3<=ML<=6.6),extrapolada,"Tello - Huila, Colombia"
SGC,SGC2010ovirob,2010-02-12T23:52:03+00:00,1.5,ML,2.51455,Senel et al.: Mw=0.8095 ML+1.3003 (3.3<=ML<=6.6),extrapolada,"Baraya - Huila, Colombia"
SGC,SGC2010pjvmke,2010-02-13T06:16:48+00:00,1.1,ML,2.19075,Senel et al.: Mw=0.8095 ML+1.3003 (3.3<=ML<=6.6),extrapolada,"Tello - Huila, Colombia"
SGC,SGC2010axecin,2010-04-13T11:12:08+00:00,1.8,ML,2.7574,Senel et al.: Mw=0.8095 ML+1.3003 (3.3<=ML<=6.6),extrapolada,"Rivera - Huila, Colombia"
SGC,SGC2010diyugq,2010-04-18T20:58:05+00:00,1.7,ML,2.67645,Senel et al.: Mw=0.8095 ML+1.3003 (3.3<=ML<=6.6),extrapolada,"Rivera - Huila, Colombia"
SGC,SGC2010vqhuog,2010-04-20T02:03:45+00:00,2.0,ML,2.9193,Senel et al.: Mw=0.8095 ML+1.3003 (3.3<=ML<=6.6),extrapolada,"Hobo - Huila, Colombia"
SGC,SGC2010afxknb,2010-04-26T06:04:03+00:00,1.8,ML,2.7574,Senel et al.: Mw=0.8095 ML+1.3003 (3.3<=ML<=6.6),extrapolada,"Yaguará - Huila, Colombia"
SGC,SGC2010xqbtci,2010-04-30T09:18:40+00:00,2.6,ML,3.405,Senel et al.: Mw=0.8095 ML+1.3003 (3.3<=ML<=6.6),extrapolada,"Rivera - Huila, Colombia"
SGC,SGC2010fuqukp,2010-05-10T22:20:08+00:00,2.0,ML,2.9193,Senel et al.: Mw=0.8095 ML+1.3003 (3.3<=ML<=6.6),extrapolada,"Algeciras - Huila, Colombia"
SGC,SGC2010tnwcwf,2010-05-14T02:42:26+00:00,1.7,ML,2.67645,Senel et al.: Mw=0.8095 ML+1.3003 (3.3<=ML<=6.6),extrapolada,"Baraya - Huila, Colombia"
SGC,SGC2010lbettb,2010-05-19T07:25:13+00:00,2.2,ML,3.0812,Senel et al.: Mw=0.8095 ML+1.3003 (3.3<=ML<=6.6),extrapolada,"Tello - Huila, Colombia"
SGC,SGC2010kmiaht,2010-05-22T08:33:38+00:00,2.9,ML,3.64785,Senel et al.: Mw=0.8095 ML+1.3003 (3.3<=ML<=6.6),extrapolada,"Baraya - Huila, Colombia"
SGC,SGC2010belnzs,2010-05-22T23:33:48+00:00,1.8,ML,2.7574,Senel et al.: Mw=0.8095 ML+1.3003 (3.3<=ML<=6.6),extrapolada,"Rivera - Huila, Colombia"
SGC,SGC2010mslimp,2010-05-24T18:06:02+00:00,1.6,ML,2.5955000000000004,Senel et al.: Mw=0.8095 ML+1.3003 (3.3<=ML<=6.6),extrapolada,"Baraya - Huila, Colombia"
SGC,SGC2010uaahmb,2010-05-26T23:51:06+00:00,1.8,ML,2.7574,Senel et al.: Mw=0.8095 ML+1.3003 (3.3<=ML<=6.6),extrapolada,"Rivera - Huila, Colombia"
SGC,SGC2010wsrznd,2010-06-16T01:12:33+00:00,1.9,ML,2.83835,Senel et al.: Mw=0.8095 ML+1.3003 (3.3<=ML<=6.6),extrapolada,"Rivera - Huila, Colombia"
SGC,SGC2010nftwez,2010-06-17T14:49:09+00:00,2.3,ML,3.16215,Senel et al.: Mw=0.8095 ML+1.3003 (3.3<=ML<=6.6),extrapolada,"Rivera - Huila, Colombia"
SGC,SGC2010wgxban,2010-06-18T12:05:38+00:00,1.8,ML,2.7574,Senel et al.: Mw=0.8095 ML+1.3003 (3.3<=ML<=6.6),extrapolada,"Aipe - Huila, Colombia"
SGC,SGC2010elmzbr,2010-06-20T03:55:27+00:00,2.6,ML,3.405,Senel et al.: Mw=0.8095 ML+1.3003 (3.3<=ML<=6.6),extrapolada,"Algeciras - Huila, Colombia"
SGC,SGC2010gvwwaz,2010-06-26T22:23:22+00:00,2.0,ML,2.9193,Senel et al.: Mw=0.8095 ML+1.3003 (3.3<=ML<=6.6),extrapolada,"Rivera - Huila, Colombia"
SGC,SGC2010qporzr,2010-06-27T04:56:35+00:00,1.9,ML,2.83835,Senel et al.: Mw=0.8095 ML+1.3003 (3.3<=ML<=6.6),extrapolada,"Baraya - Huila, Colombia"
SGC,SGC2010qbpimd,2010-07-01T10:55:38+00:00,1.9,ML,2.83835,Senel et al.: Mw=0.8095 ML+1.3003 (3.3<=ML<=6.6),extrapolada,"Villavieja - Huila, Colombia"
SGC,SGC2010fqpouy,2010-07-07T16:22:52+00:00,2.3,ML,3.16215,Senel et al.: Mw=0.8095 ML+1.3003 (3.3<=ML<=6.6),extrapolada,"Rivera - Huila, Colombia"
SGC,SGC2010mmuals,2010-07-11T08:16:42+00:00,2.9,ML,3.64785,Senel et al.: Mw=0.8095 ML+1.3003 (3.3<=ML<=6.6),extrapolada,"Rivera - Huila, Colombia"
SGC,SGC2010mqesty,2010-07-14T23:48:20+00:00,2.8,ML,3.5669,Senel et al.: Mw=0.8095 ML+1.3003 (3.3<=ML<=6.6),extrapolada,"Baraya - Huila, Colombia"
SGC,SGC2010inovvf,2010-08-03T01:49:28+00:00,1.3,ML,2.35265,Senel et al.: Mw=0.8095 ML+1.3003 (3.3<=ML<=6.6),extrapolada,"Baraya - Huila, Colombia"
SGC,SGC2010uyjhbh,2010-08-10T12:57:37+00:00,1.9,ML,2.83835,Senel et al.: Mw=0.8095 ML+1.3003 (3.3<=ML<=6.6),extrapolada,"Tello - Huila, Colombia"
SGC,SGC2010uqhbfq,2010-08-11T04:21:26+00:00,1.9,ML,2.83835,Senel et al.: Mw=0.8095 ML+1.3003 (3.3<=ML<=6.6),extrapolada,"Hobo - Huila, Colombia"
SGC,SGC2010sxmzlx,2010-08-20T03:58:33+00:00,1.8,ML,2.7574,Senel et al.: Mw=0.8095 ML+1.3003 (3.3<=ML<=6.6),extrapolada,"Rivera - Huila, Colombia"
SGC,SGC2010uvfgdt,2010-08-21T05:45:05+00:00,2.5,ML,3.32405,Senel et al.: Mw=0.8095 ML+1.3003 (3.3<=ML<=6.6),extrapolada,"Rivera - Huila, Colombia"
SGC,SGC2010oxhamj,2010-08-28T22:18:26+00:00,1.8,ML,2.7574,Senel et al.: Mw=0.8095 ML+1.3003 (3.3<=ML<=6.6),extrapolada,"Baraya - Huila, Colombia"
SGC,SGC2010gxbbjl,2010-09-01T01:03:27+00:00,1.1,ML,2.19075,Senel et al.: Mw=0.8095 ML+1.3003 (3.3<=ML<=6.6),extrapolada,"Rivera - Huila, Colombia"
SGC,SGC2010xthkew,2010-09-10T06:08:05+00:00,2.4,ML,3.2431,Senel et al.: Mw=0.8095 ML+1.3003 (3.3<=ML<=6.6),extrapolada,"Tello - Huila, Colombia"
SGC,SGC2010hsmrpg,2010-09-15T23:09:33+00:00,2.2,ML,3.0812,Senel et al.: Mw=0.8095 ML+1.3003 (3.3<=ML<=6.6),extrapolada,"Baraya - Huila, Colombia"
SGC,SGC2010iosxam,2010-09-28T17:28:28+00:00,2.0,ML,2.9193,Senel et al.: Mw=0.8095 ML+1.3003 (3.3<=ML<=6.6),extrapolada,"Baraya - Huila, Colombia"
SGC,SGC2010jpdlhj,2010-09-29T11:46:24+00:00,2.1,ML,3.0002500000000003,Senel et al.: Mw=0.8095 ML+1.3003 (3.3<=ML<=6.6),extrapolada,"Baraya - Huila, Colombia"
SGC,SGC2010psuidy,2010-10-03T09:15:54+00:00,1.7,ML,2.67645,Senel et al.: Mw=0.8095 ML+1.3003 (3.3<=ML<=6.6),extrapolada,"Campoalegre - Huila, Colombia"
SGC,SGC2010bvoope,2010-10-24T08:48:13+00:00,1.7,ML,2.67645,Senel et al.: Mw=0.8095 ML+1.3003 (3.3<=ML<=6.6),extrapolada,"Baraya - Huila, Colombia"
SGC,SGC2010abpzwe,2010-10-24T11:27:14+00:00,1.6,ML,2.5955000000000004,Senel et al.: Mw=0.8095 ML+1.3003 (3.3<=ML<=6.6),extrapolada,"Baraya - Huila, Colombia"
SGC,SGC2010muihls,2010-10-28T12:14:07+00:00,2.1,ML,3.0002500000000003,Senel et al.: Mw=0.8095 ML+1.3003 (3.3<=ML<=6.6),extrapolada,"Rivera - Huila, Colombia"
SGC,SGC2010kdteei,2010-11-04T05:40:39+00:00,1.8,ML,2.7574,Senel et al.: Mw=0.8095 ML+1.3003 (3.3<=ML<=6.6),extrapolada,"Hobo - Huila, Colombia"
SGC,SGC2010hfmfqx,2010-11-05T05:49:25+00:00,1.3,ML,2.35265,Senel et al.: Mw=0.8095 ML+1.3003 (3.3<=ML<=6.6),extrapolada,"Rivera - Huila, Colombia"
SGC,SGC2010dmredj,2010-11-09T07:51:55+00:00,1.5,ML,2.51455,Senel et al.: Mw=0.8095 ML+1.3003 (3.3<=ML<=6.6),extrapolada,"Yaguará - Huila, Colombia"
SGC,SGC2010biopxt,2010-11-12T05:02:05+00:00,2.7,ML,3.4859500000000003,Senel et al.: Mw=0.8095 ML+1.3003 (3.3<=ML<=6.6),extrapolada,"Baraya - Huila, Colombia"
SGC,SGC2010ytbhvb,2010-11-13T05:51:48+00:00,2.0,ML,2.9193,Senel et al.: Mw=0.8095 ML+1.3003 (3.3<=ML<=6.6),extrapolada,"Rivera - Huila, Colombia"
SGC,SGC2010yeorkn,2010-11-18T03:37:19+00:00,1.9,ML,2.83835,Senel et al.: Mw=0.8095 ML+1.3003 (3.3<=ML<=6.6),extrapolada,"Neiva - Huila, Colombia"
SGC,SGC2010gawsbw,2010-11-19T07:17:36+00:00,1.6,ML,2.5955000000000004,Senel et al.: Mw=0.8095 ML+1.3003 (3.3<=ML<=6.6),extrapolada,"Rivera - Huila, Colombia"
SGC,SGC2010qqugce,2010-11-27T07:46:54+00:00,1.9,ML,2.83835,Senel et al.: Mw=0.8095 ML+1.3003 (3.3<=ML<=6.6),extrapolada,"Rivera - Huila, Colombia"
SGC,SGC2010izvhme,2010-11-29T04:05:32+00:00,1.5,ML,2.51455,Senel et al.: Mw=0.8095 ML+1.3003 (3.3<=ML<=6.6),extrapolada,"Rivera - Huila, Colombia"
SGC,SGC2010kpyctj,2010-12-04T05:45:27+00:00,2.7,ML,3.4859500000000003,Senel et al.: Mw=0.8095 ML+1.3003 (3.3<=ML<=6.6),extrapolada,"Algeciras - Huila, Colombia"
SGC,SGC2010udxldp,2010-12-08T17:19:38+00:00,1.7,ML,2.67645,Senel et al.: Mw=0.8095 ML+1.3003 (3.3<=ML<=6.6),extrapolada,"Baraya - Huila, Colombia"
SGC,SGC2010iepbab,2010-12-12T23:47:06+00:00,1.5,ML,2.51455,Senel et al.: Mw=0.8095 ML+1.3003 (3.3<=ML<=6.6),extrapolada,"Baraya - Huila, Colombia"
SGC,SGC2010qjpifs,2010-12-19T01:14:47+00:00,1.7,ML,2.67645,Senel et al.: Mw=0.8095 ML+1.3003 (3.3<=ML<=6.6),extrapolada,"Tello - Huila, Colombia"
SGC,SGC2011vmylby,2011-01-03T18:13:08+00:00,2.1,ML,3.0002500000000003,Senel et al.: Mw=0.8095 ML+1.3003 (3.3<=ML<=6.6),extrapolada,"Tello - Huila, Colombia"
SGC,SGC2011cwayem,2011-01-17T13:00:34+00:00,2.5,ML,3.32405,Senel et al.: Mw=0.8095 ML+1.3003 (3.3<=ML<=6.6),extrapolada,"Baraya - Huila, Colombia"
SGC,SGC2011ykqvby,2011-01-18T15:34:42+00:00,2.4,ML,3.2431,Senel et al.: Mw=0.8095 ML+1.3003 (3.3<=ML<=6.6),extrapolada,"Rivera - Huila, Colombia"
SGC,SGC2011hwvhja,2011-01-23T02:35:40+00:00,1.2,ML,2.2717,Senel et al.: Mw=0.8095 ML+1.3003 (3.3<=ML<=6.6),extrapolada,"Aipe - Huila, Colombia"
SGC,SGC2011jwzshh,2011-01-24T21:31:11+00:00,1.9,ML,2.83835,Senel et al.: Mw=0.8095 ML+1.3003 (3.3<=ML<=6.6),extrapolada,"Planadas - Tolima, Colombia"
SGC,SGC2011lqjkpu,2011-02-01T11:42:21+00:00,1.8,ML,2.7574,Senel et al.: Mw=0.8095 ML+1.3003 (3.3<=ML<=6.6),extrapolada,"Rivera - Huila, Colombia"
SGC,SGC2011hrfkzf,2011-02-04T00:35:19+00:00,1.3,ML,2.35265,Senel et al.: Mw=0.8095 ML+1.3003 (3.3<=ML<=6.6),extrapolada,"Baraya - Huila, Colombia"
SGC,SGC2011ykemdd,2011-02-20T05:26:20+00:00,1.9,ML,2.83835,Senel et al.: Mw=0.8095 ML+1.3003 (3.3<=ML<=6.6),extrapolada,"Rivera - Huila, Colombia"
SGC,SGC2011gliyli,2011-02-21T11:03:22+00:00,2.0,ML,2.9193,Senel et al.: Mw=0.8095 ML+1.3003 (3.3<=ML<=6.6),extrapolada,"Aipe - Huila, Colombia"
SGC,SGC2011zielrw,2011-02-24T18:02:39+00:00,2.3,ML,3.16215,Senel et al.: Mw=0.8095 ML+1.3003 (3.3<=ML<=6.6),extrapolada,"Algeciras - Huila, Colombia"
SGC,SGC2011vghnhv,2011-02-26T17:07:06+00:00,1.9,ML,2.83835,Senel et al.: Mw=0.8095 ML+1.3003 (3.3<=ML<=6.6),extrapolada,"Algeciras - Huila, Colombia"
SGC,SGC2011iwfwkd,2011-03-04T18:09:34+00:00,2.8,ML,3.5669,Senel et al.: Mw=0.8095 ML+1.3003 (3.3<=ML<=6.6),extrapolada,"Rivera - Huila, Colombia"
SGC,SGC2011qzeoxz,2011-03-08T10:56:52+00:00,2.2,ML,3.0812,Senel et al.: Mw=0.8095 ML+1.3003 (3.3<=ML<=6.6),extrapolada,"Baraya - Huila, Colombia"
SGC,SGC2011zzpplg,2011-03-13T03:26:17+00:00,2.4,ML,3.2431,Senel et al.: Mw=0.8095 ML+1.3003 (3.3<=ML<=6.6),extrapolada,"Rivera - Huila, Colombia"
SGC,SGC2011tawyfn,2011-03-19T00:23:54+00:00,1.4,ML,2.4336,Senel et al.: Mw=0.8095 ML+1.3003 (3.3<=ML<=6.6),extrapolada,"Campoalegre - Huila, Colombia"
SGC,SGC2011cggxuj,2011-03-21T15:57:38+00:00,1.9,ML,2.83835,Senel et al.: Mw=0.8095 ML+1.3003 (3.3<=ML<=6.6),extrapolada,"Rivera - Huila, Colombia"
SGC,SGC2011zlrgjv,2011-03-24T02:10:18+00:00,2.0,ML,2.9193,Senel et al.: Mw=0.8095 ML+1.3003 (3.3<=ML<=6.6),extrapolada,"Baraya - Huila, Colombia"
SGC,SGC2011tpsvft,2011-04-01T07:26:23+00:00,1.8,ML,2.7574,Senel et al.: Mw=0.8095 ML+1.3003 (3.3<=ML<=6.6),extrapolada,"Aipe - Huila, Colombia"
SGC,SGC2011cnsxnz,2011-04-03T17:25:09+00:00,2.2,ML,3.0812,Senel et al.: Mw=0.8095 ML+1.3003 (3.3<=ML<=6.6),extrapolada,"Baraya - Huila, Colombia"
SGC,SGC2011malvqc,2011-04-08T03:22:31+00:00,1.8,ML,2.7574,Senel et al.: Mw=0.8095 ML+1.3003 (3.3<=ML<=6.6),extrapolada,"Baraya - Huila, Colombia"
SGC,SGC2011bfnbcf,2011-04-13T06:25:24+00:00,2.1,ML,3.0002500000000003,Senel et al.: Mw=0.8095 ML+1.3003 (3.3<=ML<=6.6),extrapolada,"Rivera - Huila, Colombia"
SGC,SGC2011jdfcai,2011-04-29T06:12:52+00:00,1.4,ML,2.4336,Senel et al.: Mw=0.8095 ML+1.3003 (3.3<=ML<=6.6),extrapolada,"Rivera - Huila, Colombia"
SGC,SGC2011tqqdqv,2011-05-01T05:58:53+00:00,1.4,ML,2.4336,Senel et al.: Mw=0.8095 ML+1.3003 (3.3<=ML<=6.6),extrapolada,"Algeciras - Huila, Colombia"
SGC,SGC2011knrlsi,2011-05-01T18:23:10+00:00,1.8,ML,2.7574,Senel et al.: Mw=0.8095 ML+1.3003 (3.3<=ML<=6.6),extrapolada,"Hobo - Huila, Colombia"
SGC,SGC2011ujfkmo,2011-05-05T17:42:53+00:00,2.3,ML,3.16215,Senel et al.: Mw=0.8095 ML+1.3003 (3.3<=ML<=6.6),extrapolada,"Rivera - Huila, Colombia"
SGC,SGC2011cytjyc,2011-05-07T14:27:15+00:00,1.8,ML,2.7574,Senel et al.: Mw=0.8095 ML+1.3003 (3.3<=ML<=6.6),extrapolada,"Hobo - Huila, Colombia"
SGC,SGC2011mwsfmf,2011-05-16T21:32:25+00:00,1.8,ML,2.7574,Senel et al.: Mw=0.8095 ML+1.3003 (3.3<=ML<=6.6),extrapolada,"Tello - Huila, Colombia"
SGC,SGC2011gbndha,2011-06-06T00:23:52+00:00,1.8,ML,2.7574,Senel et al.: Mw=0.8095 ML+1.3003 (3.3<=ML<=6.6),extrapolada,"Santa María - Huila, Colombia"
SGC,SGC2011mddham,2011-06-06T20:05:31+00:00,2.5,ML,3.32405,Senel et al.: Mw=0.8095 ML+1.3003 (3.3<=ML<=6.6),extrapolada,"Tello - Huila, Colombia"
SGC,SGC2011zyjdog,2011-06-30T14:28:42+00:00,2.8,ML,3.5669,Senel et al.: Mw=0.8095 ML+1.3003 (3.3<=ML<=6.6),extrapolada,"Tello - Huila, Colombia"
SGC,SGC2011xyrcmg,2011-07-01T00:06:41+00:00,2.2,ML,3.0812,Senel et al.: Mw=0.8095 ML+1.3003 (3.3<=ML<=6.6),extrapolada,"Rivera - Huila, Colombia"
SGC,SGC2011sjwkvp,2011-07-04T12:46:10+00:00,2.9,ML,3.64785,Senel et al.: Mw=0.8095 ML+1.3003 (3.3<=ML<=6.6),extrapolada,"Algeciras - Huila, Colombia"
SGC,SGC2011ajnfsj,2011-07-04T14:14:19+00:00,1.8,ML,2.7574,Senel et al.: Mw=0.8095 ML+1.3003 (3.3<=ML<=6.6),extrapolada,"Algeciras - Huila, Colombia"
SGC,SGC2011jsptcy,2011-07-05T18:28:29+00:00,2.6,ML,3.405,Senel et al.: Mw=0.8095 ML+1.3003 (3.3<=ML<=6.6),extrapolada,"Tello - Huila, Colombia"
SGC,SGC2011agolcu,2011-07-09T09:25:06+00:00,2.0,ML,2.9193,Senel et al.: Mw=0.8095 ML+1.3003 (3.3<=ML<=6.6),extrapolada,"Palermo - Huila, Colombia"
SGC,SGC2011kwldzt,2011-07-09T23:04:42+00:00,3.0,ML,3.7288,Senel et al.: Mw=0.8095 ML+1.3003 (3.3<=ML<=6.6),extrapolada,"Baraya - Huila, Colombia"
SGC,SGC2011jsumqn,2011-07-11T02:18:17+00:00,2.2,ML,3.0812,Senel et al.: Mw=0.8095 ML+1.3003 (3.3<=ML<=6.6),extrapolada,"Baraya - Huila, Colombia"
SGC,SGC2011kxobby,2011-07-17T13:51:03+00:00,2.2,ML,3.0812,Senel et al.: Mw=0.8095 ML+1.3003 (3.3<=ML<=6.6),extrapolada,"Baraya - Huila, Colombia"
SGC,SGC2011sdjbcm,2011-07-28T08:57:14+00:00,2.2,ML,3.0812,Senel et al.: Mw=0.8095 ML+1.3003 (3.3<=ML<=6.6),extrapolada,"Rivera - Huila, Colombia"
SGC,SGC2011dcrmls,2011-07-29T06:49:30+00:00,1.5,ML,2.51455,Senel et al.: Mw=0.8095 ML+1.3003 (3.3<=ML<=6.6),extrapolada,"Rivera - Huila, Colombia"
SGC,SGC2011uejzlx,2011-07-29T19:44:17+00:00,2.1,ML,3.0002500000000003,Senel et al.: Mw=0.8095 ML+1.3003 (3.3<=ML<=6.6),extrapolada,"Rivera - Huila, Colombia"
SGC,SGC2011ecmngi,2011-08-06T19:47:26+00:00,2.2,ML,3.0812,Senel et al.: Mw=0.8095 ML+1.3003 (3.3<=ML<=6.6),extrapolada,"Rivera - Huila, Colombia"
SGC,SGC2011udisnr,2011-08-09T09:12:14+00:00,1.7,ML,2.67645,Senel et al.: Mw=0.8095 ML+1.3003 (3.3<=ML<=6.6),extrapolada,"Rivera - Huila, Colombia"
SGC,SGC2011vohvlb,2011-08-09T19:15:35+00:00,2.4,ML,3.2431,Senel et al.: Mw=0.8095 ML+1.3003 (3.3<=ML<=6.6),extrapolada,"Baraya - Huila, Colombia"
SGC,SGC2011pdhxvk,2011-08-10T12:00:26+00:00,2.1,ML,3.0002500000000003,Senel et al.: Mw=0.8095 ML+1.3003 (3.3<=ML<=6.6),extrapolada,"Rivera - Huila, Colombia"
SGC,SGC2011cdtqcw,2011-08-11T13:42:38+00:00,2.1,ML,3.0002500000000003,Senel et al.: Mw=0.8095 ML+1.3003 (3.3<=ML<=6.6),extrapolada,"Tello - Huila, Colombia"
SGC,SGC2011zlxaxk,2011-08-14T10:56:23+00:00,1.9,ML,2.83835,Senel et al.: Mw=0.8095 ML+1.3003 (3.3<=ML<=6.6),extrapolada,"Rivera - Huila, Colombia"
SGC,SGC2011tienxv,2011-08-25T07:40:10+00:00,1.8,ML,2.7574,Senel et al.: Mw=0.8095 ML+1.3003 (3.3<=ML<=6.6),extrapolada,"Rivera - Huila, Colombia"
SGC,SGC2011cyltyg,2011-09-02T04:46:03+00:00,2.8,ML,3.5669,Senel et al.: Mw=0.8095 ML+1.3003 (3.3<=ML<=6.6),extrapolada,"Tello - Huila, Colombia"
SGC,SGC2011eljtcj,2011-09-03T18:14:18+00:00,2.7,ML,3.4859500000000003,Senel et al.: Mw=0.8095 ML+1.3003 (3.3<=ML<=6.6),extrapolada,"Aipe - Huila, Colombia"
SGC,SGC2011mquvhz,2011-09-07T15:40:27+00:00,2.1,ML,3.0002500000000003,Senel et al.: Mw=0.8095 ML+1.3003 (3.3<=ML<=6.6),extrapolada,"Rivera - Huila, Colombia"
SGC,SGC2011gzjbvw,2011-09-18T08:12:44+00:00,2.1,ML,3.0002500000000003,Senel et al.: Mw=0.8095 ML+1.3003 (3.3<=ML<=6.6),extrapolada,"Rivera - Huila, Colombia"
SGC,SGC2011logpnz,2011-09-25T05:53:14+00:00,1.5,ML,2.51455,Senel et al.: Mw=0.8095 ML+1.3003 (3.3<=ML<=6.6),extrapolada,"Hobo - Huila, Colombia"
SGC,SGC2011xuuhrp,2011-10-14T20:56:13+00:00,1.7,ML,2.67645,Senel et al.: Mw=0.8095 ML+1.3003 (3.3<=ML<=6.6),extrapolada,"Íquira - Huila, Colombia"
SGC,SGC2011bpiqcw,2011-10-23T13:56:24+00:00,2.0,ML,2.9193,Senel et al.: Mw=0.8095 ML+1.3003 (3.3<=ML<=6.6),extrapolada,"Rivera - Huila, Colombia"
SGC,SGC2011dlimyz,2011-10-27T08:43:36+00:00,1.4,ML,2.4336,Senel et al.: Mw=0.8095 ML+1.3003 (3.3<=ML<=6.6),extrapolada,"Aipe - Huila, Colombia"
SGC,SGC2011xuikac,2011-11-01T05:51:46+00:00,2.6,ML,3.405,Senel et al.: Mw=0.8095 ML+1.3003 (3.3<=ML<=6.6),extrapolada,"Baraya - Huila, Colombia"
SGC,SGC2011mufpxn,2011-11-03T03:57:03+00:00,1.7,ML,2.67645,Senel et al.: Mw=0.8095 ML+1.3003 (3.3<=ML<=6.6),extrapolada,"Rivera - Huila, Colombia"
SGC,SGC2011qnsdfe,2011-11-16T02:43:34+00:00,2.3,ML,3.16215,Senel et al.: Mw=0.8095 ML+1.3003 (3.3<=ML<=6.6),extrapolada,"Rivera - Huila, Colombia"
SGC,SGC2011pxlglo,2011-12-01T20:27:23+00:00,2.6,ML,3.405,Senel et al.: Mw=0.8095 ML+1.3003 (3.3<=ML<=6.6),extrapolada,"Rivera - Huila, Colombia"
SGC,SGC2011zoeqco,2011-12-02T09:47:01+00:00,2.1,ML,3.0002500000000003,Senel et al.: Mw=0.8095 ML+1.3003 (3.3<=ML<=6.6),extrapolada,"Baraya - Huila, Colombia"
SGC,SGC2011kbjada,2011-12-31T04:31:14+00:00,1.4,ML,2.4336,Senel et al.: Mw=0.8095 ML+1.3003 (3.3<=ML<=6.6),extrapolada,"Hobo - Huila, Colombia"
SGC,SGC2012bpuvat,2012-01-02T05:27:55+00:00,1.9,ML,2.83835,Senel et al.: Mw=0.8095 ML+1.3003 (3.3<=ML<=6.6),extrapolada,"Rivera - Huila, Colombia"
SGC,SGC2012frfmig,2012-01-04T00:58:06+00:00,2.1,ML,3.0002500000000003,Senel et al.: Mw=0.8095 ML+1.3003 (3.3<=ML<=6.6),extrapolada,"Rivera - Huila, Colombia"
SGC,SGC2012xmoixo,2012-01-06T12:04:43+00:00,1.2,ML,2.2717,Senel et al.: Mw=0.8095 ML+1.3003 (3.3<=ML<=6.6),extrapolada,"Algeciras - Huila, Colombia"
SGC,SGC2012efsfyg,2012-01-10T23:00:39+00:00,1.5,ML,2.51455,Senel et al.: Mw=0.8095 ML+1.3003 (3.3<=ML<=6.6),extrapolada,"Rivera - Huila, Colombia"
SGC,SGC2012krekvj,2012-01-13T01:16:09+00:00,2.2,ML,3.0812,Senel et al.: Mw=0.8095 ML+1.3003 (3.3<=ML<=6.6),extrapolada,"Rivera - Huila, Colombia"
SGC,SGC2012vvxoal,2012-01-24T03:41:24+00:00,2.2,ML,3.0812,Senel et al.: Mw=0.8095 ML+1.3003 (3.3<=ML<=6.6),extrapolada,"Rivera - Huila, Colombia"
SGC,SGC2012eydgll,2012-02-02T17:28:39+00:00,1.4,ML,2.4336,Senel et al.: Mw=0.8095 ML+1.3003 (3.3<=ML<=6.6),extrapolada,"Hobo - Huila, Colombia"
SGC,SGC2012onedqp,2012-02-24T00:27:38+00:00,2.0,ML,2.9193,Senel et al.: Mw=0.8095 ML+1.3003 (3.3<=ML<=6.6),extrapolada,"Rivera - Huila, Colombia"
SGC,SGC2012ixauwg,2012-02-24T15:43:04+00:00,1.4,ML,2.4336,Senel et al.: Mw=0.8095 ML+1.3003 (3.3<=ML<=6.6),extrapolada,"Rivera - Huila, Colombia"
SGC,SGC2012jbuiql,2012-03-03T19:42:49+00:00,2.2,ML,3.0812,Senel et al.: Mw=0.8095 ML+1.3003 (3.3<=ML<=6.6),extrapolada,"Villavieja - Huila, Colombia"
SGC,SGC2012jkmvxb,2012-03-04T14:16:28+00:00,1.8,ML,2.7574,Senel et al.: Mw=0.8095 ML+1.3003 (3.3<=ML<=6.6),extrapolada,"Baraya - Huila, Colombia"
SGC,SGC2012awliyc,2012-03-09T01:21:23+00:00,1.9,ML,2.83835,Senel et al.: Mw=0.8095 ML+1.3003 (3.3<=ML<=6.6),extrapolada,"Rivera - Huila, Colombia"
SGC,SGC2012nnqtez,2012-03-09T02:49:59+00:00,1.8,ML,2.7574,Senel et al.: Mw=0.8095 ML+1.3003 (3.3<=ML<=6.6),extrapolada,"Rivera - Huila, Colombia"
SGC,SGC2012vtktnr,2012-03-19T12:55:37+00:00,2.9,ML,3.64785,Senel et al.: Mw=0.8095 ML+1.3003 (3.3<=ML<=6.6),extrapolada,"Rivera - Huila, Colombia"
SGC,SGC2012zinrvz,2012-03-26T07:02:36+00:00,1.5,ML,2.51455,Senel et al.: Mw=0.8095 ML+1.3003 (3.3<=ML<=6.6),extrapolada,"Villavieja - Huila, Colombia"
SGC,SGC2012ezsxtl,2012-03-27T15:59:32+00:00,1.5,ML,2.51455,Senel et al.: Mw=0.8095 ML+1.3003 (3.3<=ML<=6.6),extrapolada,"Hobo - Huila, Colombia"
SGC,SGC2012zcngqv,2012-03-30T21:26:15+00:00,2.0,ML,2.9193,Senel et al.: Mw=0.8095 ML+1.3003 (3.3<=ML<=6.6),extrapolada,"Aipe - Huila, Colombia"
SGC,SGC2012rbfqoq,2012-04-04T11:13:17+00:00,1.5,ML,2.51455,Senel et al.: Mw=0.8095 ML+1.3003 (3.3<=ML<=6.6),extrapolada,"Rivera - Huila, Colombia"
SGC,SGC2012korrbk,2012-04-09T06:14:28+00:00,1.2,ML,2.2717,Senel et al.: Mw=0.8095 ML+1.3003 (3.3<=ML<=6.6),extrapolada,"Hobo - Huila, Colombia"
SGC,SGC2012kcmgyt,2012-04-11T09:52:18+00:00,2.9,ML,3.64785,Senel et al.: Mw=0.8095 ML+1.3003 (3.3<=ML<=6.6),extrapolada,"Tello - Huila, Colombia"
SGC,SGC2012jtzptx,2012-04-15T07:43:39+00:00,1.8,ML,2.7574,Senel et al.: Mw=0.8095 ML+1.3003 (3.3<=ML<=6.6),extrapolada,"Aipe - Huila, Colombia"
SGC,SGC2012berghg,2012-04-19T00:24:59+00:00,1.4,ML,2.4336,Senel et al.: Mw=0.8095 ML+1.3003 (3.3<=ML<=6.6),extrapolada,"Íquira - Huila, Colombia"
SGC,SGC2012lztuzq,2012-04-19T08:33:15+00:00,1.8,ML,2.7574,Senel et al.: Mw=0.8095 ML+1.3003 (3.3<=ML<=6.6),extrapolada,"Hobo - Huila, Colombia"
SGC,SGC2012fojmge,2012-04-19T08:44:43+00:00,1.4,ML,2.4336,Senel et al.: Mw=0.8095 ML+1.3003 (3.3<=ML<=6.6),extrapolada,"Tello - Huila, Colombia"
SGC,SGC2012glucgf,2012-05-03T04:28:22+00:00,1.4,ML,2.4336,Senel et al.: Mw=0.8095 ML+1.3003 (3.3<=ML<=6.6),extrapolada,"Rivera - Huila, Colombia"
SGC,SGC2012koswaq,2012-05-08T09:55:23+00:00,1.4,ML,2.4336,Senel et al.: Mw=0.8095 ML+1.3003 (3.3<=ML<=6.6),extrapolada,"Algeciras - Huila, Colombia"
SGC,SGC2012nudfmm,2012-05-08T12:20:28+00:00,2.2,ML,3.0812,Senel et al.: Mw=0.8095 ML+1.3003 (3.3<=ML<=6.6),extrapolada,"Rivera - Huila, Colombia"
SGC,SGC2012xdtbzk,2012-05-18T11:54:55+00:00,1.4,ML,2.4336,Senel et al.: Mw=0.8095 ML+1.3003 (3.3<=ML<=6.6),extrapolada,"Algeciras - Huila, Colombia"
SGC,SGC2012kmixgg,2012-05-18T12:27:45+00:00,2.1,ML,3.0002500000000003,Senel et al.: Mw=0.8095 ML+1.3003 (3.3<=ML<=6.6),extrapolada,"Rivera - Huila, Colombia"
SGC,SGC2012xpwudw,2012-05-23T10:56:36+00:00,1.8,ML,2.7574,Senel et al.: Mw=0.8095 ML+1.3003 (3.3<=ML<=6.6),extrapolada,"Algeciras - Huila, Colombia"
SGC,SGC2012cyzktp,2012-06-05T12:06:04+00:00,1.7,ML,2.67645,Senel et al.: Mw=0.8095 ML+1.3003 (3.3<=ML<=6.6),extrapolada,"Hobo - Huila, Colombia"
SGC,SGC2012gmxbbr,2012-07-01T12:36:13+00:00,1.2,ML,2.2717,Senel et al.: Mw=0.8095 ML+1.3003 (3.3<=ML<=6.6),extrapolada,"Rivera - Huila, Colombia"
SGC,SGC2012zakifo,2012-07-02T01:16:33+00:00,2.0,ML,2.9193,Senel et al.: Mw=0.8095 ML+1.3003 (3.3<=ML<=6.6),extrapolada,"Rivera - Huila, Colombia"
SGC,SGC2012ajlffc,2012-07-04T06:43:05+00:00,1.7,ML,2.67645,Senel et al.: Mw=0.8095 ML+1.3003 (3.3<=ML<=6.6),extrapolada,"Algeciras - Huila, Colombia"
SGC,SGC2012akjucw,2012-07-05T05:07:25+00:00,2.2,ML,3.0812,Senel et al.: Mw=0.8095 ML+1.3003 (3.3<=ML<=6.6),extrapolada,"Rivera - Huila, Colombia"
SGC,SGC2012hjcrfr,2012-07-07T12:12:51+00:00,1.8,ML,2.7574,Senel et al.: Mw=0.8095 ML+1.3003 (3.3<=ML<=6.6),extrapolada,"Baraya - Huila, Colombia"
SGC,SGC2012ptbxyu,2012-07-13T14:02:15+00:00,2.6,ML,3.405,Senel et al.: Mw=0.8095 ML+1.3003 (3.3<=ML<=6.6),extrapolada,"Rivera - Huila, Colombia"
SGC,SGC2012twfbpm,2012-07-17T18:26:12+00:00,2.4,ML,3.2431,Senel et al.: Mw=0.8095 ML+1.3003 (3.3<=ML<=6.6),extrapolada,"Baraya - Huila, Colombia"
SGC,SGC2012cdgdiy,2012-07-25T13:08:26+00:00,1.8,ML,2.7574,Senel et al.: Mw=0.8095 ML+1.3003 (3.3<=ML<=6.6),extrapolada,"Baraya - Huila, Colombia"
SGC,SGC2012msmykx,2012-07-26T10:32:46+00:00,1.7,ML,2.67645,Senel et al.: Mw=0.8095 ML+1.3003 (3.3<=ML<=6.6),extrapolada,"Baraya - Huila, Colombia"
SGC,SGC2012eyprvh,2012-07-28T05:49:42+00:00,1.3,ML,2.35265,Senel et al.: Mw=0.8095 ML+1.3003 (3.3<=ML<=6.6),extrapolada,"Baraya - Huila, Colombia"
SGC,SGC2012rgtxpy,2012-09-02T22:11:37+00:00,1.4,ML,2.4336,Senel et al.: Mw=0.8095 ML+1.3003 (3.3<=ML<=6.6),extrapolada,"Baraya - Huila, Colombia"
SGC,SGC2012uzecff,2012-09-04T21:15:38+00:00,1.8,ML,2.7574,Senel et al.: Mw=0.8095 ML+1.3003 (3.3<=ML<=6.6),extrapolada,"Rivera - Huila, Colombia"
SGC,SGC2012kauqyn,2012-09-12T09:27:22+00:00,2.1,ML,3.0002500000000003,Senel et al.: Mw=0.8095 ML+1.3003 (3.3<=ML<=6.6),extrapolada,"Rivera - Huila, Colombia"
SGC,SGC2012azxkyu,2012-09-16T20:13:47+00:00,1.7,ML,2.67645,Senel et al.: Mw=0.8095 ML+1.3003 (3.3<=ML<=6.6),extrapolada,"Algeciras - Huila, Colombia"
SGC,SGC2012mfmziv,2012-09-18T10:20:01+00:00,1.5,ML,2.51455,Senel et al.: Mw=0.8095 ML+1.3003 (3.3<=ML<=6.6),extrapolada,"Rivera - Huila, Colombia"
SGC,SGC2012rcimrz,2012-09-23T15:36:34+00:00,2.1,ML,3.0002500000000003,Senel et al.: Mw=0.8095 ML+1.3003 (3.3<=ML<=6.6),extrapolada,"Aipe - Huila, Colombia"
SGC,SGC2012sbgxwp,2012-09-28T11:28:36+00:00,2.5,ML,3.32405,Senel et al.: Mw=0.8095 ML+1.3003 (3.3<=ML<=6.6),extrapolada,"Rivera - Huila, Colombia"
SGC,SGC2012akgcnv,2012-10-01T07:37:18+00:00,2.0,ML,2.9193,Senel et al.: Mw=0.8095 ML+1.3003 (3.3<=ML<=6.6),extrapolada,"Villavieja - Huila, Colombia"
SGC,SGC2012zbqrtf,2012-10-11T15:23:20+00:00,1.4,ML,2.4336,Senel et al.: Mw=0.8095 ML+1.3003 (3.3<=ML<=6.6),extrapolada,"Algeciras - Huila, Colombia"
SGC,SGC2012rjzhfx,2012-10-14T07:26:02+00:00,1.4,ML,2.4336,Senel et al.: Mw=0.8095 ML+1.3003 (3.3<=ML<=6.6),extrapolada,"Rivera - Huila, Colombia"
SGC,SGC2012sbxmwx,2012-11-01T09:22:00+00:00,1.5,ML,2.51455,Senel et al.: Mw=0.8095 ML+1.3003 (3.3<=ML<=6.6),extrapolada,"Hobo - Huila, Colombia"
SGC,SGC2012lcghsl,2012-11-16T04:47:03+00:00,1.5,ML,2.51455,Senel et al.: Mw=0.8095 ML+1.3003 (3.3<=ML<=6.6),extrapolada,"Rivera - Huila, Colombia"
SGC,SGC2012frqqdg,2012-12-01T18:11:45+00:00,2.2,ML,3.0812,Senel et al.: Mw=0.8095 ML+1.3003 (3.3<=ML<=6.6),extrapolada,"Algeciras - Huila, Colombia"
SGC,SGC2012uhskgt,2012-12-09T13:44:23+00:00,2.0,ML,2.9193,Senel et al.: Mw=0.8095 ML+1.3003 (3.3<=ML<=6.6),extrapolada,"Algeciras - Huila, Colombia"
SGC,SGC2012uxctre,2012-12-31T23:04:13+00:00,2.0,ML,2.9193,Senel et al.: Mw=0.8095 ML+1.3003 (3.3<=ML<=6.6),extrapolada,"Baraya - Huila, Colombia"
SGC,SGC2013hzfwes,2013-01-01T02:50:31+00:00,2.4,ML,3.2431,Senel et al.: Mw=0.8095 ML+1.3003 (3.3<=ML<=6.6),extrapolada,"Tello - Huila, Colombia"
SGC,SGC2013lgemjj,2013-01-02T06:07:37+00:00,2.3,ML,3.16215,Senel et al.: Mw=0.8095 ML+1.3003 (3.3<=ML<=6.6),extrapolada,"Rivera - Huila, Colombia"
SGC,SGC2013igoztj,2013-01-03T11:29:23+00:00,1.9,ML,2.83835,Senel et al.: Mw=0.8095 ML+1.3003 (3.3<=ML<=6.6),extrapolada,"Tello - Huila, Colombia"
SGC,SGC2013andgst,2013-01-04T03:38:01+00:00,1.4,ML,2.4336,Senel et al.: Mw=0.8095 ML+1.3003 (3.3<=ML<=6.6),extrapolada,"Rivera - Huila, Colombia"
SGC,SGC2013lqorlt,2013-01-18T01:19:53+00:00,1.1,ML,2.19075,Senel et al.: Mw=0.8095 ML+1.3003 (3.3<=ML<=6.6),extrapolada,"Algeciras - Huila, Colombia"
SGC,SGC2013gioqsw,2013-01-28T14:13:39+00:00,1.8,ML,2.7574,Senel et al.: Mw=0.8095 ML+1.3003 (3.3<=ML<=6.6),extrapolada,"Baraya - Huila, Colombia"
SGC,SGC2013pfqlag,2013-02-01T15:50:33+00:00,2.0,ML,2.9193,Senel et al.: Mw=0.8095 ML+1.3003 (3.3<=ML<=6.6),extrapolada,"Tello - Huila, Colombia"
SGC,SGC2013ydncvd,2013-02-12T22:40:43+00:00,2.3,ML,3.16215,Senel et al.: Mw=0.8095 ML+1.3003 (3.3<=ML<=6.6),extrapolada,"Baraya - Huila, Colombia"
SGC,SGC2013vkpwey,2013-02-16T02:15:26+00:00,1.9,ML,2.83835,Senel et al.: Mw=0.8095 ML+1.3003 (3.3<=ML<=6.6),extrapolada,"Rivera - Huila, Colombia"
SGC,SGC2013hzcgbe,2013-02-17T16:12:46+00:00,1.4,ML,2.4336,Senel et al.: Mw=0.8095 ML+1.3003 (3.3<=ML<=6.6),extrapolada,"Hobo - Huila, Colombia"
SGC,SGC2013agibsg,2013-02-19T18:03:49+00:00,1.5,ML,2.51455,Senel et al.: Mw=0.8095 ML+1.3003 (3.3<=ML<=6.6),extrapolada,"Santa María - Huila, Colombia"
SGC,SGC2013ydizaq,2013-02-20T05:59:36+00:00,1.6,ML,2.5955000000000004,Senel et al.: Mw=0.8095 ML+1.3003 (3.3<=ML<=6.6),extrapolada,"Rivera - Huila, Colombia"
SGC,SGC2013lttoga,2013-03-08T05:18:14+00:00,1.6,ML,2.5955000000000004,Senel et al.: Mw=0.8095 ML+1.3003 (3.3<=ML<=6.6),extrapolada,"Tello - Huila, Colombia"
SGC,SGC2013jtwzsf,2013-03-08T20:12:19+00:00,1.8,ML,2.7574,Senel et al.: Mw=0.8095 ML+1.3003 (3.3<=ML<=6.6),extrapolada,"Villavieja - Huila, Colombia"
SGC,SGC2013kdfoqg,2013-03-10T21:04:41+00:00,2.1,ML,3.0002500000000003,Senel et al.: Mw=0.8095 ML+1.3003 (3.3<=ML<=6.6),extrapolada,"Baraya - Huila, Colombia"
SGC,SGC2013njiubs,2013-03-14T08:18:16+00:00,1.6,ML,2.5955000000000004,Senel et al.: Mw=0.8095 ML+1.3003 (3.3<=ML<=6.6),extrapolada,"Baraya - Huila, Colombia"
SGC,SGC2013ghvbwy,2013-03-23T03:15:19+00:00,1.4,ML,2.4336,Senel et al.: Mw=0.8095 ML+1.3003 (3.3<=ML<=6.6),extrapolada,"Campoalegre - Huila, Colombia"
SGC,SGC2013rerjjm,2013-03-28T21:14:52+00:00,2.0,ML,2.9193,Senel et al.: Mw=0.8095 ML+1.3003 (3.3<=ML<=6.6),extrapolada,"Tello - Huila, Colombia"
SGC,SGC2013sxcibc,2013-03-29T11:13:07+00:00,1.4,ML,2.4336,Senel et al.: Mw=0.8095 ML+1.3003 (3.3<=ML<=6.6),extrapolada,"Yaguará - Huila, Colombia"
SGC,SGC2013ocgvps,2013-03-31T05:01:25+00:00,1.5,ML,2.51455,Senel et al.: Mw=0.8095 ML+1.3003 (3.3<=ML<=6.6),extrapolada,"Tello - Huila, Colombia"
SGC,SGC2013dhvthf,2013-04-06T20:01:13+00:00,1.7,ML,2.67645,Senel et al.: Mw=0.8095 ML+1.3003 (3.3<=ML<=6.6),extrapolada,"Rivera - Huila, Colombia"
SGC,SGC2013lgpqki,2013-04-08T09:05:29+00:00,1.9,ML,2.83835,Senel et al.: Mw=0.8095 ML+1.3003 (3.3<=ML<=6.6),extrapolada,"Hobo - Huila, Colombia"
SGC,SGC2013vqhhyz,2013-04-10T11:44:47+00:00,1.5,ML,2.51455,Senel et al.: Mw=0.8095 ML+1.3003 (3.3<=ML<=6.6),extrapolada,"Baraya - Huila, Colombia"
SGC,SGC2013lfmlhu,2013-04-18T10:34:48+00:00,1.6,ML,2.5955000000000004,Senel et al.: Mw=0.8095 ML+1.3003 (3.3<=ML<=6.6),extrapolada,"Hobo - Huila, Colombia"
SGC,SGC2013xnqhvd,2013-04-22T11:09:51+00:00,2.6,ML,3.405,Senel et al.: Mw=0.8095 ML+1.3003 (3.3<=ML<=6.6),extrapolada,"Rivera - Huila, Colombia"
SGC,SGC2013uuzeyw,2013-04-26T03:06:08+00:00,1.8,ML,2.7574,Senel et al.: Mw=0.8095 ML+1.3003 (3.3<=ML<=6.6),extrapolada,"Baraya - Huila, Colombia"
SGC,SGC2013xnrqwg,2013-04-27T01:48:22+00:00,1.6,ML,2.5955000000000004,Senel et al.: Mw=0.8095 ML+1.3003 (3.3<=ML<=6.6),extrapolada,"Villavieja - Huila, Colombia"
SGC,SGC2013nhvljh,2013-05-05T05:14:43+00:00,1.3,ML,2.35265,Senel et al.: Mw=0.8095 ML+1.3003 (3.3<=ML<=6.6),extrapolada,"Rivera - Huila, Colombia"
SGC,SGC2013sjybvy,2013-05-16T23:40:05+00:00,2.8,ML,3.5669,Senel et al.: Mw=0.8095 ML+1.3003 (3.3<=ML<=6.6),extrapolada,"Tello - Huila, Colombia"
SGC,SGC2013mcfecj,2013-05-31T14:45:27+00:00,1.9,ML,2.83835,Senel et al.: Mw=0.8095 ML+1.3003 (3.3<=ML<=6.6),extrapolada,"Rivera - Huila, Colombia"
SGC,SGC2013jpxolg,2013-06-02T12:46:26+00:00,1.7,ML,2.67645,Senel et al.: Mw=0.8095 ML+1.3003 (3.3<=ML<=6.6),extrapolada,"Rivera - Huila, Colombia"
SGC,SGC2013caoaez,2013-06-10T08:15:31+00:00,2.0,ML,2.9193,Senel et al.: Mw=0.8095 ML+1.3003 (3.3<=ML<=6.6),extrapolada,"Rivera - Huila, Colombia"
SGC,SGC2013avcmcu,2013-06-21T03:32:00+00:00,1.6,ML,2.5955000000000004,Senel et al.: Mw=0.8095 ML+1.3003 (3.3<=ML<=6.6),extrapolada,"Rivera - Huila, Colombia"
SGC,SGC2013pysujz,2013-07-07T06:25:54+00:00,1.5,ML,2.51455,Senel et al.: Mw=0.8095 ML+1.3003 (3.3<=ML<=6.6),extrapolada,"Campoalegre - Huila, Colombia"
SGC,SGC2013bruikr,2013-07-15T06:27:40+00:00,1.6,ML,2.5955000000000004,Senel et al.: Mw=0.8095 ML+1.3003 (3.3<=ML<=6.6),extrapolada,"Rivera - Huila, Colombia"
SGC,SGC2013xxvoyu,2013-08-20T23:52:14+00:00,1.9,ML,2.83835,Senel et al.: Mw=0.8095 ML+1.3003 (3.3<=ML<=6.6),extrapolada,"Algeciras - Huila, Colombia"
SGC,SGC2013axqkso,2013-09-02T15:38:41+00:00,1.6,ML,2.5955000000000004,Senel et al.: Mw=0.8095 ML+1.3003 (3.3<=ML<=6.6),extrapolada,"Rivera - Huila, Colombia"
SGC,SGC2013jcdzry,2013-09-06T22:57:59+00:00,2.0,ML,2.9193,Senel et al.: Mw=0.8095 ML+1.3003 (3.3<=ML<=6.6),extrapolada,"Algeciras - Huila, Colombia"
SGC,SGC2013maksnz,2013-09-29T07:13:10+00:00,1.3,ML,2.35265,Senel et al.: Mw=0.8095 ML+1.3003 (3.3<=ML<=6.6),extrapolada,"Rivera - Huila, Colombia"
SGC,SGC2013eykaio,2013-09-29T09:35:25+00:00,1.8,ML,2.7574,Senel et al.: Mw=0.8095 ML+1.3003 (3.3<=ML<=6.6),extrapolada,"Rivera - Huila, Colombia"
SGC,SGC2013sevjuf,2013-10-02T11:48:58+00:00,1.2,ML,2.2717,Senel et al.: Mw=0.8095 ML+1.3003 (3.3<=ML<=6.6),extrapolada,"Algeciras - Huila, Colombia"
SGC,SGC2013jcsvlv,2013-10-05T03:33:53+00:00,1.4,ML,2.4336,Senel et al.: Mw=0.8095 ML+1.3003 (3.3<=ML<=6.6),extrapolada,"Rivera - Huila, Colombia"
SGC,SGC2013vdmqvy,2013-10-12T23:10:26+00:00,1.4,ML,2.4336,Senel et al.: Mw=0.8095 ML+1.3003 (3.3<=ML<=6.6),extrapolada,"Rivera - Huila, Colombia"
SGC,SGC2013ygniso,2013-10-13T03:05:48+00:00,1.9,ML,2.83835,Senel et al.: Mw=0.8095 ML+1.3003 (3.3<=ML<=6.6),extrapolada,"Algeciras - Huila, Colombia"
SGC,SGC2013dzzeon,2013-10-16T21:26:19+00:00,1.3,ML,2.35265,Senel et al.: Mw=0.8095 ML+1.3003 (3.3<=ML<=6.6),extrapolada,"Rivera - Huila, Colombia"
SGC,SGC2013bxgzzl,2013-10-23T16:17:49+00:00,2.1,ML,3.0002500000000003,Senel et al.: Mw=0.8095 ML+1.3003 (3.3<=ML<=6.6),extrapolada,"Rivera - Huila, Colombia"
SGC,SGC2013ivrqjt,2013-10-28T07:01:17+00:00,1.4,ML,2.4336,Senel et al.: Mw=0.8095 ML+1.3003 (3.3<=ML<=6.6),extrapolada,"Tello - Huila, Colombia"
SGC,SGC2013zzcvjs,2013-10-28T09:31:30+00:00,1.8,ML,2.7574,Senel et al.: Mw=0.8095 ML+1.3003 (3.3<=ML<=6.6),extrapolada,"Rivera - Huila, Colombia"
SGC,SGC2013kylkux,2013-11-26T20:45:42+00:00,2.6,ML,3.405,Senel et al.: Mw=0.8095 ML+1.3003 (3.3<=ML<=6.6),extrapolada,"Rivera - Huila, Colombia"
SGC,SGC2013mjaycq,2013-11-30T08:51:40+00:00,1.4,ML,2.4336,Senel et al.: Mw=0.8095 ML+1.3003 (3.3<=ML<=6.6),extrapolada,"Rivera - Huila, Colombia"
SGC,SGC2014ouykqg,2014-01-10T13:45:36+00:00,2.0,ML,2.9193,Senel et al.: Mw=0.8095 ML+1.3003 (3.3<=ML<=6.6),extrapolada,"Rivera - Huila, Colombia"
SGC,SGC2014yledsl,2014-01-11T04:42:55+00:00,1.6,ML,2.5955000000000004,Senel et al.: Mw=0.8095 ML+1.3003 (3.3<=ML<=6.6),extrapolada,"Planadas - Tolima, Colombia"
SGC,SGC2014odqaqu,2014-01-17T10:21:01+00:00,1.5,ML,2.51455,Senel et al.: Mw=0.8095 ML+1.3003 (3.3<=ML<=6.6),extrapolada,"Rivera - Huila, Colombia"
SGC,SGC2014utmiuy,2014-01-21T04:22:03+00:00,2.0,ML,2.9193,Senel et al.: Mw=0.8095 ML+1.3003 (3.3<=ML<=6.6),extrapolada,"Rivera - Huila, Colombia"
SGC,SGC2014xusmbw,2014-01-21T09:29:27+00:00,1.9,ML,2.83835,Senel et al.: Mw=0.8095 ML+1.3003 (3.3<=ML<=6.6),extrapolada,"Tello - Huila, Colombia"
SGC,SGC2014bypxez,2014-02-12T05:21:20+00:00,2.0,ML,2.9193,Senel et al.: Mw=0.8095 ML+1.3003 (3.3<=ML<=6.6),extrapolada,"Rivera - Huila, Colombia"
SGC,SGC2014pzoabr,2014-02-12T09:34:30+00:00,1.3,ML,2.35265,Senel et al.: Mw=0.8095 ML+1.3003 (3.3<=ML<=6.6),extrapolada,"Villavieja - Huila, Colombia"
SGC,SGC2014jiswos,2014-02-12T22:57:29+00:00,1.8,ML,2.7574,Senel et al.: Mw=0.8095 ML+1.3003 (3.3<=ML<=6.6),extrapolada,"Algeciras - Huila, Colombia"
SGC,SGC2014ynhznl,2014-02-20T02:02:27+00:00,1.8,ML,2.7574,Senel et al.: Mw=0.8095 ML+1.3003 (3.3<=ML<=6.6),extrapolada,"Rivera - Huila, Colombia"
SGC,SGC2014juksxy,2014-02-26T01:36:27+00:00,2.2,ML,3.0812,Senel et al.: Mw=0.8095 ML+1.3003 (3.3<=ML<=6.6),extrapolada,"Tello - Huila, Colombia"
SGC,SGC2014ephfmj,2014-03-04T14:30:02+00:00,1.5,ML,2.51455,Senel et al.: Mw=0.8095 ML+1.3003 (3.3<=ML<=6.6),extrapolada,"Villavieja - Huila, Colombia"
SGC,SGC2014lqyeco,2014-03-13T08:58:38+00:00,1.5,ML,2.51455,Senel et al.: Mw=0.8095 ML+1.3003 (3.3<=ML<=6.6),extrapolada,"Campoalegre - Huila, Colombia"
SGC,SGC2014orbcvw,2014-03-14T05:22:16+00:00,1.3,ML,2.35265,Senel et al.: Mw=0.8095 ML+1.3003 (3.3<=ML<=6.6),extrapolada,"Rivera - Huila, Colombia"
SGC,SGC2014wxnyuw,2014-03-14T22:51:24+00:00,1.3,ML,2.35265,Senel et al.: Mw=0.8095 ML+1.3003 (3.3<=ML<=6.6),extrapolada,"Rivera - Huila, Colombia"
SGC,SGC2014nizscm,2014-04-07T02:30:23+00:00,1.1,ML,2.19075,Senel et al.: Mw=0.8095 ML+1.3003 (3.3<=ML<=6.6),extrapolada,"Rivera - Huila, Colombia"
SGC,SGC2014ubokzk,2014-04-07T11:36:15+00:00,1.4,ML,2.4336,Senel et al.: Mw=0.8095 ML+1.3003 (3.3<=ML<=6.6),extrapolada,"Rivera - Huila, Colombia"
SGC,SGC2014efveqk,2014-04-08T00:11:44+00:00,2.4,ML,3.2431,Senel et al.: Mw=0.8095 ML+1.3003 (3.3<=ML<=6.6),extrapolada,"Aipe - Huila, Colombia"
SGC,SGC2014gwonju,2014-04-11T00:44:41+00:00,1.4,ML,2.4336,Senel et al.: Mw=0.8095 ML+1.3003 (3.3<=ML<=6.6),extrapolada,"Baraya - Huila, Colombia"
SGC,SGC2014wmftdc,2014-04-12T10:32:33+00:00,2.0,ML,2.9193,Senel et al.: Mw=0.8095 ML+1.3003 (3.3<=ML<=6.6),extrapolada,"Algeciras - Huila, Colombia"
SGC,SGC2014bgvbtg,2014-04-22T02:54:00+00:00,1.6,ML,2.5955000000000004,Senel et al.: Mw=0.8095 ML+1.3003 (3.3<=ML<=6.6),extrapolada,"Campoalegre - Huila, Colombia"
SGC,SGC2014obzunm,2014-05-15T12:46:17+00:00,2.5,ML,3.32405,Senel et al.: Mw=0.8095 ML+1.3003 (3.3<=ML<=6.6),extrapolada,"Algeciras - Huila, Colombia"
SGC,SGC2014qvvloz,2014-05-28T08:06:34+00:00,1.8,ML,2.7574,Senel et al.: Mw=0.8095 ML+1.3003 (3.3<=ML<=6.6),extrapolada,"Algeciras - Huila, Colombia"
SGC,SGC2014vaqxne,2014-05-28T08:46:51+00:00,1.6,ML,2.5955000000000004,Senel et al.: Mw=0.8095 ML+1.3003 (3.3<=ML<=6.6),extrapolada,"Rivera - Huila, Colombia"
SGC,SGC2014xwkfio,2014-06-01T00:18:49+00:00,1.6,ML,2.5955000000000004,Senel et al.: Mw=0.8095 ML+1.3003 (3.3<=ML<=6.6),extrapolada,"Tello - Huila, Colombia"
SGC,SGC2014ykqwjk,2014-06-05T00:53:41+00:00,1.3,ML,2.35265,Senel et al.: Mw=0.8095 ML+1.3003 (3.3<=ML<=6.6),extrapolada,"Rivera - Huila, Colombia"
SGC,SGC2014vfvcgm,2014-06-07T23:45:13+00:00,2.6,ML,3.405,Senel et al.: Mw=0.8095 ML+1.3003 (3.3<=ML<=6.6),extrapolada,"Rivera - Huila, Colombia"
SGC,SGC2014wjcbru,2014-06-14T01:13:03+00:00,1.1,ML,2.19075,Senel et al.: Mw=0.8095 ML+1.3003 (3.3<=ML<=6.6),extrapolada,"Santa María - Huila, Colombia"
SGC,SGC2014gdyfeb,2014-06-14T12:48:20+00:00,2.3,ML,3.16215,Senel et al.: Mw=0.8095 ML+1.3003 (3.3<=ML<=6.6),extrapolada,"Rivera - Huila, Colombia"
SGC,SGC2014bspqak,2014-06-17T01:32:46+00:00,1.9,ML,2.83835,Senel et al.: Mw=0.8095 ML+1.3003 (3.3<=ML<=6.6),extrapolada,"Rivera - Huila, Colombia"
SGC,SGC2014pewiix,2014-07-01T09:43:10+00:00,1.5,ML,2.51455,Senel et al.: Mw=0.8095 ML+1.3003 (3.3<=ML<=6.6),extrapolada,"Palermo - Huila, Colombia"
SGC,SGC2014valrjo,2014-07-09T06:57:07+00:00,1.9,ML,2.83835,Senel et al.: Mw=0.8095 ML+1.3003 (3.3<=ML<=6.6),extrapolada,"Tello - Huila, Colombia"
SGC,SGC2014zbyelg,2014-07-11T00:11:37+00:00,1.9,ML,2.83835,Senel et al.: Mw=0.8095 ML+1.3003 (3.3<=ML<=6.6),extrapolada,"Rivera - Huila, Colombia"
SGC,SGC2014hojuft,2014-07-12T23:39:03+00:00,2.0,ML,2.9193,Senel et al.: Mw=0.8095 ML+1.3003 (3.3<=ML<=6.6),extrapolada,"Rivera - Huila, Colombia"
SGC,SGC2014mdbixh,2014-07-15T06:47:09+00:00,1.8,ML,2.7574,Senel et al.: Mw=0.8095 ML+1.3003 (3.3<=ML<=6.6),extrapolada,"Rivera - Huila, Colombia"
SGC,SGC2014oxawqs,2014-07-17T09:07:11+00:00,1.6,ML,2.5955000000000004,Senel et al.: Mw=0.8095 ML+1.3003 (3.3<=ML<=6.6),extrapolada,"Rivera - Huila, Colombia"
SGC,SGC2014cagibi,2014-07-19T05:40:47+00:00,1.6,ML,2.5955000000000004,Senel et al.: Mw=0.8095 ML+1.3003 (3.3<=ML<=6.6),extrapolada,"Algeciras - Huila, Colombia"
SGC,SGC2014zjmxwk,2014-07-24T03:35:39+00:00,1.6,ML,2.5955000000000004,Senel et al.: Mw=0.8095 ML+1.3003 (3.3<=ML<=6.6),extrapolada,"Hobo - Huila, Colombia"
SGC,SGC2014qeugee,2014-08-04T09:51:07+00:00,2.4,ML,3.2431,Senel et al.: Mw=0.8095 ML+1.3003 (3.3<=ML<=6.6),extrapolada,"Tello - Huila, Colombia"
SGC,SGC2014eqbfej,2014-08-11T07:11:54+00:00,1.5,ML,2.51455,Senel et al.: Mw=0.8095 ML+1.3003 (3.3<=ML<=6.6),extrapolada,"Rivera - Huila, Colombia"
SGC,SGC2014uxrauf,2014-08-11T09:13:23+00:00,1.3,ML,2.35265,Senel et al.: Mw=0.8095 ML+1.3003 (3.3<=ML<=6.6),extrapolada,"Tello - Huila, Colombia"
SGC,SGC2014aozqof,2014-08-13T04:13:33+00:00,1.6,ML,2.5955000000000004,Senel et al.: Mw=0.8095 ML+1.3003 (3.3<=ML<=6.6),extrapolada,"Tello - Huila, Colombia"
SGC,SGC2014ueruoy,2014-08-15T02:36:21+00:00,1.8,ML,2.7574,Senel et al.: Mw=0.8095 ML+1.3003 (3.3<=ML<=6.6),extrapolada,"Baraya - Huila, Colombia"
SGC,SGC2014brqlao,2014-08-19T08:15:48+00:00,2.5,ML,3.32405,Senel et al.: Mw=0.8095 ML+1.3003 (3.3<=ML<=6.6),extrapolada,"Rivera - Huila, Colombia"
SGC,SGC2014hwlcrk,2014-08-20T23:14:33+00:00,1.5,ML,2.51455,Senel et al.: Mw=0.8095 ML+1.3003 (3.3<=ML<=6.6),extrapolada,"Tello - Huila, Colombia"
SGC,SGC2014nqjzyr,2014-08-22T13:54:57+00:00,1.4,ML,2.4336,Senel et al.: Mw=0.8095 ML+1.3003 (3.3<=ML<=6.6),extrapolada,"Baraya - Huila, Colombia"
SGC,SGC2014hubgho,2014-08-25T15:20:16+00:00,1.4,ML,2.4336,Senel et al.: Mw=0.8095 ML+1.3003 (3.3<=ML<=6.6),extrapolada,"Baraya - Huila, Colombia"
SGC,SGC2014nvdeqs,2014-08-26T05:49:04+00:00,1.8,ML,2.7574,Senel et al.: Mw=0.8095 ML+1.3003 (3.3<=ML<=6.6),extrapolada,"Rivera - Huila, Colombia"
SGC,SGC2014pvrunk,2014-08-26T07:20:03+00:00,1.3,ML,2.35265,Senel et al.: Mw=0.8095 ML+1.3003 (3.3<=ML<=6.6),extrapolada,"Rivera - Huila, Colombia"
SGC,SGC2014ewlwru,2014-08-31T08:54:38+00:00,2.0,ML,2.9193,Senel et al.: Mw=0.8095 ML+1.3003 (3.3<=ML<=6.6),extrapolada,"Rivera - Huila, Colombia"
SGC,SGC2014ukpphe,2014-08-31T11:43:40+00:00,1.9,ML,2.83835,Senel et al.: Mw=0.8095 ML+1.3003 (3.3<=ML<=6.6),extrapolada,"Rivera - Huila, Colombia"
SGC,SGC2014iauclo,2014-09-04T07:14:20+00:00,0.9,ML,2.0288500000000003,Senel et al.: Mw=0.8095 ML+1.3003 (3.3<=ML<=6.6),extrapolada,"Íquira - Huila, Colombia"
SGC,SGC2014xheetw,2014-09-04T13:24:17+00:00,1.4,ML,2.4336,Senel et al.: Mw=0.8095 ML+1.3003 (3.3<=ML<=6.6),extrapolada,"Baraya - Huila, Colombia"
SGC,SGC2014xrolut,2014-09-05T11:07:29+00:00,1.6,ML,2.5955000000000004,Senel et al.: Mw=0.8095 ML+1.3003 (3.3<=ML<=6.6),extrapolada,"Rivera - Huila, Colombia"
SGC,SGC2014gvqskw,2014-09-10T05:51:51+00:00,1.3,ML,2.35265,Senel et al.: Mw=0.8095 ML+1.3003 (3.3<=ML<=6.6),extrapolada,"Tello - Huila, Colombia"
SGC,SGC2014gbvkit,2014-09-16T00:04:28+00:00,1.5,ML,2.51455,Senel et al.: Mw=0.8095 ML+1.3003 (3.3<=ML<=6.6),extrapolada,"Algeciras - Huila, Colombia"
SGC,SGC2014pitfus,2014-09-22T09:07:29+00:00,1.3,ML,2.35265,Senel et al.: Mw=0.8095 ML+1.3003 (3.3<=ML<=6.6),extrapolada,"Rivera - Huila, Colombia"
SGC,SGC2014vnurvf,2014-09-23T10:09:39+00:00,1.1,ML,2.19075,Senel et al.: Mw=0.8095 ML+1.3003 (3.3<=ML<=6.6),extrapolada,"Rivera - Huila, Colombia"
SGC,SGC2014miixlt,2014-09-25T10:52:35+00:00,1.3,ML,2.35265,Senel et al.: Mw=0.8095 ML+1.3003 (3.3<=ML<=6.6),extrapolada,"Tello - Huila, Colombia"
SGC,SGC2014rfqodi,2014-09-27T02:26:07+00:00,2.1,ML,3.0002500000000003,Senel et al.: Mw=0.8095 ML+1.3003 (3.3<=ML<=6.6),extrapolada,"Rivera - Huila, Colombia"
SGC,SGC2014wrlegf,2014-09-27T10:34:19+00:00,1.3,ML,2.35265,Senel et al.: Mw=0.8095 ML+1.3003 (3.3<=ML<=6.6),extrapolada,"Rivera - Huila, Colombia"
SGC,SGC2014bvqpjw,2014-09-29T14:38:37+00:00,1.9,ML,2.83835,Senel et al.: Mw=0.8095 ML+1.3003 (3.3<=ML<=6.6),extrapolada,"Planadas - Tolima, Colombia"
SGC,SGC2014lqgpcy,2014-10-12T08:04:17+00:00,1.3,ML,2.35265,Senel et al.: Mw=0.8095 ML+1.3003 (3.3<=ML<=6.6),extrapolada,"Algeciras - Huila, Colombia"
SGC,SGC2014mkcvsx,2014-10-12T09:32:01+00:00,2.1,ML,3.0002500000000003,Senel et al.: Mw=0.8095 ML+1.3003 (3.3<=ML<=6.6),extrapolada,"Tello - Huila, Colombia"
SGC,SGC2014caetpf,2014-10-13T21:52:52+00:00,2.8,ML,3.5669,Senel et al.: Mw=0.8095 ML+1.3003 (3.3<=ML<=6.6),extrapolada,"Tello - Huila, Colombia"
SGC,SGC2014eukogy,2014-10-19T04:46:21+00:00,1.6,ML,2.5955000000000004,Senel et al.: Mw=0.8095 ML+1.3003 (3.3<=ML<=6.6),extrapolada,"Baraya - Huila, Colombia"
SGC,SGC2014nocvfp,2014-10-25T09:53:36+00:00,1.6,ML,2.5955000000000004,Senel et al.: Mw=0.8095 ML+1.3003 (3.3<=ML<=6.6),extrapolada,"Campoalegre - Huila, Colombia"
SGC,SGC2014vygwla,2014-11-05T02:51:00+00:00,2.6,ML,3.405,Senel et al.: Mw=0.8095 ML+1.3003 (3.3<=ML<=6.6),extrapolada,"Rivera - Huila, Colombia"
SGC,SGC2014zvxfko,2014-11-05T02:55:42+00:00,1.3,ML,2.35265,Senel et al.: Mw=0.8095 ML+1.3003 (3.3<=ML<=6.6),extrapolada,"Rivera - Huila, Colombia"
SGC,SGC2014bvqenb,2014-11-07T21:15:11+00:00,2.1,ML,3.0002500000000003,Senel et al.: Mw=0.8095 ML+1.3003 (3.3<=ML<=6.6),extrapolada,"Rivera - Huila, Colombia"
SGC,SGC2014crpxyh,2014-11-14T06:21:25+00:00,2.7,ML,3.4859500000000003,Senel et al.: Mw=0.8095 ML+1.3003 (3.3<=ML<=6.6),extrapolada,"Baraya - Huila, Colombia"
SGC,SGC2014nfxckh,2014-11-15T09:33:16+00:00,1.1,ML,2.19075,Senel et al.: Mw=0.8095 ML+1.3003 (3.3<=ML<=6.6),extrapolada,"Algeciras - Huila, Colombia"
SGC,SGC2014yrawgk,2014-11-15T11:25:47+00:00,1.8,ML,2.7574,Senel et al.: Mw=0.8095 ML+1.3003 (3.3<=ML<=6.6),extrapolada,"Neiva - Huila, Colombia"
SGC,SGC2014buovxv,2014-11-18T08:59:48+00:00,1.0,ML,2.1098,Senel et al.: Mw=0.8095 ML+1.3003 (3.3<=ML<=6.6),extrapolada,"Algeciras - Huila, Colombia"
SGC,SGC2014bjgaqc,2014-11-20T13:10:43+00:00,1.3,ML,2.35265,Senel et al.: Mw=0.8095 ML+1.3003 (3.3<=ML<=6.6),extrapolada,"Algeciras - Huila, Colombia"
SGC,SGC2014qoskra,2014-11-21T04:53:34+00:00,1.2,ML,2.2717,Senel et al.: Mw=0.8095 ML+1.3003 (3.3<=ML<=6.6),extrapolada,"Rivera - Huila, Colombia"
SGC,SGC2014obzwwe,2014-11-22T10:40:32+00:00,2.2,ML,3.0812,Senel et al.: Mw=0.8095 ML+1.3003 (3.3<=ML<=6.6),extrapolada,"Rivera - Huila, Colombia"
SGC,SGC2014lakepu,2014-11-23T03:12:34+00:00,1.4,ML,2.4336,Senel et al.: Mw=0.8095 ML+1.3003 (3.3<=ML<=6.6),extrapolada,"Rivera - Huila, Colombia"
SGC,SGC2014xcixyo,2014-11-23T07:56:19+00:00,1.2,ML,2.2717,Senel et al.: Mw=0.8095 ML+1.3003 (3.3<=ML<=6.6),extrapolada,"Rivera - Huila, Colombia"
SGC,SGC2014nludtz,2014-11-24T12:12:54+00:00,1.7,ML,2.67645,Senel et al.: Mw=0.8095 ML+1.3003 (3.3<=ML<=6.6),extrapolada,"Rivera - Huila, Colombia"
SGC,SGC2014fkrulk,2014-11-25T16:13:27+00:00,2.0,ML,2.9193,Senel et al.: Mw=0.8095 ML+1.3003 (3.3<=ML<=6.6),extrapolada,"Villavieja - Huila, Colombia"
SGC,SGC2014oqukme,2014-12-02T10:11:48+00:00,1.5,ML,2.51455,Senel et al.: Mw=0.8095 ML+1.3003 (3.3<=ML<=6.6),extrapolada,"Rivera - Huila, Colombia"
SGC,SGC2014hmcwjy,2014-12-04T20:29:12+00:00,1.6,ML,2.5955000000000004,Senel et al.: Mw=0.8095 ML+1.3003 (3.3<=ML<=6.6),extrapolada,"Aipe - Huila, Colombia"
SGC,SGC2014sffuvc,2014-12-06T21:00:55+00:00,1.6,ML,2.5955000000000004,Senel et al.: Mw=0.8095 ML+1.3003 (3.3<=ML<=6.6),extrapolada,"Algeciras - Huila, Colombia"
SGC,SGC2014abpcto,2014-12-10T21:29:02+00:00,1.7,ML,2.67645,Senel et al.: Mw=0.8095 ML+1.3003 (3.3<=ML<=6.6),extrapolada,"Villavieja - Huila, Colombia"
SGC,SGC2014utpqoq,2014-12-13T07:51:33+00:00,1.6,ML,2.5955000000000004,Senel et al.: Mw=0.8095 ML+1.3003 (3.3<=ML<=6.6),extrapolada,"Tello - Huila, Colombia"
SGC,SGC2014byyrhc,2014-12-22T20:18:46+00:00,1.3,ML,2.35265,Senel et al.: Mw=0.8095 ML+1.3003 (3.3<=ML<=6.6),extrapolada,"Tello - Huila, Colombia"
SGC,SGC2014clhabv,2014-12-23T15:38:40+00:00,2.5,ML,3.32405,Senel et al.: Mw=0.8095 ML+1.3003 (3.3<=ML<=6.6),extrapolada,"Tello - Huila, Colombia"
SGC,SGC2015kutxcm,2015-01-16T05:04:30+00:00,1.6,ML,2.5955000000000004,Senel et al.: Mw=0.8095 ML+1.3003 (3.3<=ML<=6.6),extrapolada,"Rivera - Huila, Colombia"
SGC,SGC2015qsnysy,2015-01-22T05:26:03+00:00,1.8,ML,2.7574,Senel et al.: Mw=0.8095 ML+1.3003 (3.3<=ML<=6.6),extrapolada,"Tello - Huila, Colombia"
SGC,SGC2015edkeqi,2015-01-27T13:47:11+00:00,2.1,ML,3.0002500000000003,Senel et al.: Mw=0.8095 ML+1.3003 (3.3<=ML<=6.6),extrapolada,"Rivera - Huila, Colombia"
SGC,SGC2015suoosv,2015-01-28T04:23:30+00:00,2.3,ML,3.16215,Senel et al.: Mw=0.8095 ML+1.3003 (3.3<=ML<=6.6),extrapolada,"Rivera - Huila, Colombia"
SGC,SGC2015cfseiv,2015-01-28T04:54:26+00:00,1.3,ML,2.35265,Senel et al.: Mw=0.8095 ML+1.3003 (3.3<=ML<=6.6),extrapolada,"Algeciras - Huila, Colombia"
SGC,SGC2015lzahju,2015-02-02T19:21:24+00:00,1.8,ML,2.7574,Senel et al.: Mw=0.8095 ML+1.3003 (3.3<=ML<=6.6),extrapolada,"Neiva - Huila, Colombia"
SGC,SGC2015xrsnhd,2015-02-08T11:02:05+00:00,1.4,ML,2.4336,Senel et al.: Mw=0.8095 ML+1.3003 (3.3<=ML<=6.6),extrapolada,"Algeciras - Huila, Colombia"
SGC,SGC2015zdalzf,2015-02-08T11:02:35+00:00,1.6,ML,2.5955000000000004,Senel et al.: Mw=0.8095 ML+1.3003 (3.3<=ML<=6.6),extrapolada,"Rivera - Huila, Colombia"
SGC,SGC2015qaisrw,2015-02-10T05:13:59+00:00,1.2,ML,2.2717,Senel et al.: Mw=0.8095 ML+1.3003 (3.3<=ML<=6.6),extrapolada,"Rivera - Huila, Colombia"
SGC,SGC2015xebxap,2015-02-10T16:49:09+00:00,1.7,ML,2.67645,Senel et al.: Mw=0.8095 ML+1.3003 (3.3<=ML<=6.6),extrapolada,"Rivera - Huila, Colombia"
SGC,SGC2015aflmgo,2015-02-16T09:39:17+00:00,1.4,ML,2.4336,Senel et al.: Mw=0.8095 ML+1.3003 (3.3<=ML<=6.6),extrapolada,"Rivera - Huila, Colombia"
SGC,SGC2015tzwlyh,2015-02-18T00:59:09+00:00,1.8,ML,2.7574,Senel et al.: Mw=0.8095 ML+1.3003 (3.3<=ML<=6.6),extrapolada,"Tello - Huila, Colombia"
SGC,SGC2015vngyso,2015-02-20T16:07:59+00:00,1.8,ML,2.7574,Senel et al.: Mw=0.8095 ML+1.3003 (3.3<=ML<=6.6),extrapolada,"Baraya - Huila, Colombia"
SGC,SGC2015xodrba,2015-03-03T20:51:03+00:00,1.5,ML,2.51455,Senel et al.: Mw=0.8095 ML+1.3003 (3.3<=ML<=6.6),extrapolada,"Rivera - Huila, Colombia"
SGC,SGC2015rgdjtn,2015-03-04T01:19:32+00:00,1.8,ML,2.7574,Senel et al.: Mw=0.8095 ML+1.3003 (3.3<=ML<=6.6),extrapolada,"Yaguará - Huila, Colombia"
SGC,SGC2015psyxac,2015-03-10T00:23:43+00:00,1.8,ML,2.7574,Senel et al.: Mw=0.8095 ML+1.3003 (3.3<=ML<=6.6),extrapolada,"Rivera - Huila, Colombia"
SGC,SGC2015lmdjum,2015-03-16T04:58:23+00:00,1.3,ML,2.35265,Senel et al.: Mw=0.8095 ML+1.3003 (3.3<=ML<=6.6),extrapolada,"Algeciras - Huila, Colombia"
SGC,SGC2015szcsph,2015-03-19T00:38:55+00:00,1.5,ML,2.51455,Senel et al.: Mw=0.8095 ML+1.3003 (3.3<=ML<=6.6),extrapolada,"Villavieja - Huila, Colombia"
SGC,SGC2015peuaht,2015-03-20T08:30:32+00:00,1.2,ML,2.2717,Senel et al.: Mw=0.8095 ML+1.3003 (3.3<=ML<=6.6),extrapolada,"Tello - Huila, Colombia"
SGC,SGC2015uanojy,2015-03-21T14:57:32+00:00,1.5,ML,2.51455,Senel et al.: Mw=0.8095 ML+1.3003 (3.3<=ML<=6.6),extrapolada,"Rivera - Huila, Colombia"
SGC,SGC2015xidaio,2015-03-23T05:52:16+00:00,1.7,ML,2.67645,Senel et al.: Mw=0.8095 ML+1.3003 (3.3<=ML<=6.6),extrapolada,"Baraya - Huila, Colombia"
SGC,SGC2015ztgcca,2015-03-25T15:24:16+00:00,1.7,ML,2.67645,Senel et al.: Mw=0.8095 ML+1.3003 (3.3<=ML<=6.6),extrapolada,"Rivera - Huila, Colombia"
SGC,SGC2015tyhqsu,2015-03-27T17:04:29+00:00,1.5,ML,2.51455,Senel et al.: Mw=0.8095 ML+1.3003 (3.3<=ML<=6.6),extrapolada,"Baraya - Huila, Colombia"
SGC,SGC2015jvrowz,2015-04-07T23:20:18+00:00,1.9,ML,2.83835,Senel et al.: Mw=0.8095 ML+1.3003 (3.3<=ML<=6.6),extrapolada,"Algeciras - Huila, Colombia"
SGC,SGC2015quaxuc,2015-04-11T18:05:53+00:00,2.6,ML,3.405,Senel et al.: Mw=0.8095 ML+1.3003 (3.3<=ML<=6.6),extrapolada,"Rivera - Huila, Colombia"
SGC,SGC2015upotdp,2015-04-14T04:17:24+00:00,1.6,ML,2.5955000000000004,Senel et al.: Mw=0.8095 ML+1.3003 (3.3<=ML<=6.6),extrapolada,"Santa María - Huila, Colombia"
SGC,SGC2015aintzg,2015-04-16T13:30:03+00:00,2.0,ML,2.9193,Senel et al.: Mw=0.8095 ML+1.3003 (3.3<=ML<=6.6),extrapolada,"Rivera - Huila, Colombia"
SGC,SGC2015hwqskb,2015-04-21T03:47:14+00:00,1.6,ML,2.5955000000000004,Senel et al.: Mw=0.8095 ML+1.3003 (3.3<=ML<=6.6),extrapolada,"Rivera - Huila, Colombia"
SGC,SGC2015aikioo,2015-04-25T14:23:06+00:00,2.7,ML,3.4859500000000003,Senel et al.: Mw=0.8095 ML+1.3003 (3.3<=ML<=6.6),extrapolada,"Baraya - Huila, Colombia"
SGC,SGC2015siprsn,2015-05-02T18:00:42+00:00,1.7,ML,2.67645,Senel et al.: Mw=0.8095 ML+1.3003 (3.3<=ML<=6.6),extrapolada,"Hobo - Huila, Colombia"
SGC,SGC2015wixxzz,2015-05-07T10:43:41+00:00,2.1,ML,3.0002500000000003,Senel et al.: Mw=0.8095 ML+1.3003 (3.3<=ML<=6.6),extrapolada,"Tello - Huila, Colombia"
SGC,SGC2015hsaydt,2015-05-13T20:01:18+00:00,1.7,ML,2.67645,Senel et al.: Mw=0.8095 ML+1.3003 (3.3<=ML<=6.6),extrapolada,"Rivera - Huila, Colombia"
SGC,SGC2015xgttkv,2015-05-16T17:01:27+00:00,1.7,ML,2.67645,Senel et al.: Mw=0.8095 ML+1.3003 (3.3<=ML<=6.6),extrapolada,"Baraya - Huila, Colombia"
SGC,SGC2015nlkrbv,2015-05-18T01:06:27+00:00,1.5,ML,2.51455,Senel et al.: Mw=0.8095 ML+1.3003 (3.3<=ML<=6.6),extrapolada,"Rivera - Huila, Colombia"
SGC,SGC2015rvypys,2015-05-20T01:55:33+00:00,1.4,ML,2.4336,Senel et al.: Mw=0.8095 ML+1.3003 (3.3<=ML<=6.6),extrapolada,"Algeciras - Huila, Colombia"
SGC,SGC2015yoiflq,2015-05-24T05:47:15+00:00,1.5,ML,2.51455,Senel et al.: Mw=0.8095 ML+1.3003 (3.3<=ML<=6.6),extrapolada,"Algeciras - Huila, Colombia"
SGC,SGC2015gmpdsu,2015-05-30T11:42:57+00:00,2.9,ML,3.64785,Senel et al.: Mw=0.8095 ML+1.3003 (3.3<=ML<=6.6),extrapolada,"Baraya - Huila, Colombia"
SGC,SGC2015uomgpn,2015-06-01T23:33:06+00:00,1.6,ML,2.5955000000000004,Senel et al.: Mw=0.8095 ML+1.3003 (3.3<=ML<=6.6),extrapolada,"Baraya - Huila, Colombia"
SGC,SGC2015qnazfq,2015-06-02T15:41:59+00:00,2.4,ML,3.2431,Senel et al.: Mw=0.8095 ML+1.3003 (3.3<=ML<=6.6),extrapolada,"Rivera - Huila, Colombia"
SGC,SGC2015oltxiw,2015-06-02T20:06:40+00:00,1.8,ML,2.7574,Senel et al.: Mw=0.8095 ML+1.3003 (3.3<=ML<=6.6),extrapolada,"Rivera - Huila, Colombia"
SGC,SGC2015bdnlnv,2015-06-09T08:34:22+00:00,2.1,ML,3.0002500000000003,Senel et al.: Mw=0.8095 ML+1.3003 (3.3<=ML<=6.6),extrapolada,"Rivera - Huila, Colombia"
SGC,SGC2015aqconu,2015-06-12T12:53:42+00:00,1.9,ML,2.83835,Senel et al.: Mw=0.8095 ML+1.3003 (3.3<=ML<=6.6),extrapolada,"Algeciras - Huila, Colombia"
SGC,SGC2015blexgb,2015-06-12T18:01:45+00:00,2.2,ML,3.0812,Senel et al.: Mw=0.8095 ML+1.3003 (3.3<=ML<=6.6),extrapolada,"Algeciras - Huila, Colombia"
SGC,SGC2015nbsulv,2015-06-13T05:26:21+00:00,1.3,ML,2.35265,Senel et al.: Mw=0.8095 ML+1.3003 (3.3<=ML<=6.6),extrapolada,"Baraya - Huila, Colombia"
SGC,SGC2015wkghan,2015-06-16T19:42:07+00:00,1.6,ML,2.5955000000000004,Senel et al.: Mw=0.8095 ML+1.3003 (3.3<=ML<=6.6),extrapolada,"Tello - Huila, Colombia"
SGC,SGC2015epuugy,2015-06-22T02:03:29+00:00,1.1,ML,2.19075,Senel et al.: Mw=0.8095 ML+1.3003 (3.3<=ML<=6.6),extrapolada,"Rivera - Huila, Colombia"
SGC,SGC2015ahjglk,2015-06-26T01:14:59+00:00,1.1,ML,2.19075,Senel et al.: Mw=0.8095 ML+1.3003 (3.3<=ML<=6.6),extrapolada,"Villavieja - Huila, Colombia"
SGC,SGC2015byyuix,2015-06-27T07:56:36+00:00,1.4,ML,2.4336,Senel et al.: Mw=0.8095 ML+1.3003 (3.3<=ML<=6.6),extrapolada,"Rivera - Huila, Colombia"
SGC,SGC2015vusthw,2015-06-29T06:32:21+00:00,1.2,ML,2.2717,Senel et al.: Mw=0.8095 ML+1.3003 (3.3<=ML<=6.6),extrapolada,"Rivera - Huila, Colombia"
SGC,SGC2015ubeyfz,2015-07-05T21:59:08+00:00,1.3,ML,2.35265,Senel et al.: Mw=0.8095 ML+1.3003 (3.3<=ML<=6.6),extrapolada,"Algeciras - Huila, Colombia"
SGC,SGC2015pmsikr,2015-07-06T07:17:25+00:00,1.4,ML,2.4336,Senel et al.: Mw=0.8095 ML+1.3003 (3.3<=ML<=6.6),extrapolada,"Algeciras - Huila, Colombia"
SGC,SGC2015fdknsc,2015-07-07T11:17:36+00:00,1.7,ML,2.67645,Senel et al.: Mw=0.8095 ML+1.3003 (3.3<=ML<=6.6),extrapolada,"Aipe - Huila, Colombia"
SGC,SGC2015dhcirv,2015-07-15T03:06:52+00:00,2.2,ML,3.0812,Senel et al.: Mw=0.8095 ML+1.3003 (3.3<=ML<=6.6),extrapolada,"Rivera - Huila, Colombia"
SGC,SGC2015gvsmpd,2015-07-21T20:45:38+00:00,2.0,ML,2.9193,Senel et al.: Mw=0.8095 ML+1.3003 (3.3<=ML<=6.6),extrapolada,"Rivera - Huila, Colombia"
SGC,SGC2015akbavp,2015-08-01T23:15:21+00:00,1.6,ML,2.5955000000000004,Senel et al.: Mw=0.8095 ML+1.3003 (3.3<=ML<=6.6),extrapolada,"Rivera - Huila, Colombia"
SGC,SGC2015fvydrp,2015-08-28T13:07:49+00:00,2.0,ML,2.9193,Senel et al.: Mw=0.8095 ML+1.3003 (3.3<=ML<=6.6),extrapolada,"Planadas - Tolima, Colombia"
SGC,SGC2015lesylq,2015-08-28T19:20:19+00:00,2.1,ML,3.0002500000000003,Senel et al.: Mw=0.8095 ML+1.3003 (3.3<=ML<=6.6),extrapolada,"Planadas - Tolima, Colombia"
SGC,SGC2015segsxu,2015-09-11T06:24:36+00:00,1.8,ML,2.7574,Senel et al.: Mw=0.8095 ML+1.3003 (3.3<=ML<=6.6),extrapolada,"Rivera - Huila, Colombia"
SGC,SGC2015ucmihs,2015-09-11T17:41:31+00:00,1.2,ML,2.2717,Senel et al.: Mw=0.8095 ML+1.3003 (3.3<=ML<=6.6),extrapolada,"Algeciras - Huila, Colombia"
SGC,SGC2015kdeicj,2015-09-14T07:57:24+00:00,2.3,ML,3.16215,Senel et al.: Mw=0.8095 ML+1.3003 (3.3<=ML<=6.6),extrapolada,"Rivera - Huila, Colombia"
SGC,SGC2015cxyhao,2015-09-15T23:28:40+00:00,1.2,ML,2.2717,Senel et al.: Mw=0.8095 ML+1.3003 (3.3<=ML<=6.6),extrapolada,"Algeciras - Huila, Colombia"
SGC,SGC2015htnynl,2015-09-17T21:13:34+00:00,1.2,ML,2.2717,Senel et al.: Mw=0.8095 ML+1.3003 (3.3<=ML<=6.6),extrapolada,"Baraya - Huila, Colombia"
SGC,SGC2015oltedl,2015-09-18T13:32:45+00:00,1.3,ML,2.35265,Senel et al.: Mw=0.8095 ML+1.3003 (3.3<=ML<=6.6),extrapolada,"Hobo - Huila, Colombia"
SGC,SGC2015wgnwok,2015-09-22T04:59:28+00:00,2.7,ML,3.4859500000000003,Senel et al.: Mw=0.8095 ML+1.3003 (3.3<=ML<=6.6),extrapolada,"Rivera - Huila, Colombia"
SGC,SGC2015ffbvrg,2015-09-26T22:31:52+00:00,2.4,ML,3.2431,Senel et al.: Mw=0.8095 ML+1.3003 (3.3<=ML<=6.6),extrapolada,"Rivera - Huila, Colombia"
SGC,SGC2015uhhfbx,2015-10-09T03:52:31+00:00,1.8,ML,2.7574,Senel et al.: Mw=0.8095 ML+1.3003 (3.3<=ML<=6.6),extrapolada,"Rivera - Huila, Colombia"
SGC,SGC2015gongpo,2015-10-25T06:39:14+00:00,2.0,ML,2.9193,Senel et al.: Mw=0.8095 ML+1.3003 (3.3<=ML<=6.6),extrapolada,"Rivera - Huila, Colombia"
SGC,SGC2015iwcwfl,2015-10-31T12:26:44+00:00,2.4,ML,3.2431,Senel et al.: Mw=0.8095 ML+1.3003 (3.3<=ML<=6.6),extrapolada,"Algeciras - Huila, Colombia"
SGC,SGC2015ctozgt,2015-11-11T06:07:38+00:00,2.0,ML,2.9193,Senel et al.: Mw=0.8095 ML+1.3003 (3.3<=ML<=6.6),extrapolada,"Tello - Huila, Colombia"
SGC,SGC2015khdxis,2015-11-24T04:16:23+00:00,1.5,ML,2.51455,Senel et al.: Mw=0.8095 ML+1.3003 (3.3<=ML<=6.6),extrapolada,"Aipe - Huila, Colombia"
SGC,SGC2015qnltqc,2015-11-28T01:44:59+00:00,1.4,ML,2.4336,Senel et al.: Mw=0.8095 ML+1.3003 (3.3<=ML<=6.6),extrapolada,"Hobo - Huila, Colombia"
SGC,SGC2015aosxsp,2015-11-30T23:11:16+00:00,1.4,ML,2.4336,Senel et al.: Mw=0.8095 ML+1.3003 (3.3<=ML<=6.6),extrapolada,"Hobo - Huila, Colombia"
SGC,SGC2015inavye,2015-12-07T01:16:41+00:00,1.9,ML,2.83835,Senel et al.: Mw=0.8095 ML+1.3003 (3.3<=ML<=6.6),extrapolada,"Rivera - Huila, Colombia"
SGC,SGC2015ntvfbm,2015-12-11T05:58:15+00:00,1.1,ML,2.19075,Senel et al.: Mw=0.8095 ML+1.3003 (3.3<=ML<=6.6),extrapolada,"Íquira - Huila, Colombia"
SGC,SGC2015rsbinv,2015-12-11T10:34:29+00:00,1.2,ML,2.2717,Senel et al.: Mw=0.8095 ML+1.3003 (3.3<=ML<=6.6),extrapolada,"Algeciras - Huila, Colombia"
SGC,SGC2015zllibe,2015-12-23T22:56:21+00:00,2.0,ML,2.9193,Senel et al.: Mw=0.8095 ML+1.3003 (3.3<=ML<=6.6),extrapolada,"Algeciras - Huila, Colombia"
SGC,SGC2015rvrjwm,2015-12-27T00:44:53+00:00,2.1,ML,3.0002500000000003,Senel et al.: Mw=0.8095 ML+1.3003 (3.3<=ML<=6.6),extrapolada,"Algeciras - Huila, Colombia"
SGC,SGC2015qlqfvc,2015-12-29T14:00:19+00:00,1.8,ML,2.7574,Senel et al.: Mw=0.8095 ML+1.3003 (3.3<=ML<=6.6),extrapolada,"Palermo - Huila, Colombia"
SGC,SGC2016kcooyz,2016-01-03T00:34:53+00:00,1.5,ML,2.51455,Senel et al.: Mw=0.8095 ML+1.3003 (3.3<=ML<=6.6),extrapolada,"Rivera - Huila, Colombia"
SGC,SGC2016xmklex,2016-01-03T08:41:49+00:00,1.5,ML,2.51455,Senel et al.: Mw=0.8095 ML+1.3003 (3.3<=ML<=6.6),extrapolada,"Rivera - Huila, Colombia"
SGC,SGC2016gvozgg,2016-01-09T20:44:09+00:00,1.4,ML,2.4336,Senel et al.: Mw=0.8095 ML+1.3003 (3.3<=ML<=6.6),extrapolada,"Rivera - Huila, Colombia"
SGC,SGC2016yygtwv,2016-01-10T18:54:58+00:00,1.8,ML,2.7574,Senel et al.: Mw=0.8095 ML+1.3003 (3.3<=ML<=6.6),extrapolada,"Rivera - Huila, Colombia"
SGC,SGC2016hoggbe,2016-01-13T20:26:05+00:00,2.1,ML,3.0002500000000003,Senel et al.: Mw=0.8095 ML+1.3003 (3.3<=ML<=6.6),extrapolada,"Rivera - Huila, Colombia"
SGC,SGC2016svptal,2016-01-16T11:27:57+00:00,2.0,ML,2.9193,Senel et al.: Mw=0.8095 ML+1.3003 (3.3<=ML<=6.6),extrapolada,"Rivera - Huila, Colombia"
SGC,SGC2016ltjxft,2016-01-18T07:25:04+00:00,1.4,ML,2.4336,Senel et al.: Mw=0.8095 ML+1.3003 (3.3<=ML<=6.6),extrapolada,"Algeciras - Huila, Colombia"
SGC,SGC2016wrwspo,2016-01-19T13:17:05+00:00,1.3,ML,2.35265,Senel et al.: Mw=0.8095 ML+1.3003 (3.3<=ML<=6.6),extrapolada,"Algeciras - Huila, Colombia"
SGC,SGC2016luwoni,2016-01-28T01:54:33+00:00,1.0,ML,2.1098,Senel et al.: Mw=0.8095 ML+1.3003 (3.3<=ML<=6.6),extrapolada,"Baraya - Huila, Colombia"
SGC,SGC2016vckxxp,2016-02-01T05:47:19+00:00,1.3,ML,2.35265,Senel et al.: Mw=0.8095 ML+1.3003 (3.3<=ML<=6.6),extrapolada,"Algeciras - Huila, Colombia"
SGC,SGC2016fjglnv,2016-02-01T11:31:29+00:00,1.5,ML,2.51455,Senel et al.: Mw=0.8095 ML+1.3003 (3.3<=ML<=6.6),extrapolada,"Algeciras - Huila, Colombia"
SGC,SGC2016qnsvnk,2016-02-07T01:05:46+00:00,1.8,ML,2.7574,Senel et al.: Mw=0.8095 ML+1.3003 (3.3<=ML<=6.6),extrapolada,"Rivera - Huila, Colombia"
SGC,SGC2016jlmmub,2016-02-08T13:58:36+00:00,1.8,ML,2.7574,Senel et al.: Mw=0.8095 ML+1.3003 (3.3<=ML<=6.6),extrapolada,"Aipe - Huila, Colombia"
SGC,SGC2016rjvnbj,2016-02-08T21:16:19+00:00,1.9,ML,2.83835,Senel et al.: Mw=0.8095 ML+1.3003 (3.3<=ML<=6.6),extrapolada,"Íquira - Huila, Colombia"
SGC,SGC2016ktbxiv,2016-02-10T20:46:54+00:00,1.3,ML,2.35265,Senel et al.: Mw=0.8095 ML+1.3003 (3.3<=ML<=6.6),extrapolada,"Rivera - Huila, Colombia"
SGC,SGC2016wdtfuv,2016-02-16T07:51:42+00:00,2.1,ML,3.0002500000000003,Senel et al.: Mw=0.8095 ML+1.3003 (3.3<=ML<=6.6),extrapolada,"Algeciras - Huila, Colombia"
SGC,SGC2016nxnwzo,2016-02-20T01:04:46+00:00,1.9,ML,2.83835,Senel et al.: Mw=0.8095 ML+1.3003 (3.3<=ML<=6.6),extrapolada,"Baraya - Huila, Colombia"
SGC,SGC2016qxvwmq,2016-03-04T00:38:30+00:00,1.8,ML,2.7574,Senel et al.: Mw=0.8095 ML+1.3003 (3.3<=ML<=6.6),extrapolada,"Rivera - Huila, Colombia"
SGC,SGC2016rcdqvs,2016-03-05T18:50:39+00:00,2.0,ML,2.9193,Senel et al.: Mw=0.8095 ML+1.3003 (3.3<=ML<=6.6),extrapolada,"Tello - Huila, Colombia"
SGC,SGC2016frvthn,2016-03-10T12:32:25+00:00,1.6,ML,2.5955000000000004,Senel et al.: Mw=0.8095 ML+1.3003 (3.3<=ML<=6.6),extrapolada,"Rivera - Huila, Colombia"
SGC,SGC2016ssdndy,2016-03-23T23:54:33+00:00,1.5,ML,2.51455,Senel et al.: Mw=0.8095 ML+1.3003 (3.3<=ML<=6.6),extrapolada,"Hobo - Huila, Colombia"
SGC,SGC2016lwwrkz,2016-03-25T03:05:52+00:00,1.6,ML,2.5955000000000004,Senel et al.: Mw=0.8095 ML+1.3003 (3.3<=ML<=6.6),extrapolada,"Algeciras - Huila, Colombia"
SGC,SGC2016gyocqh,2016-03-29T06:03:53+00:00,2.3,ML,3.16215,Senel et al.: Mw=0.8095 ML+1.3003 (3.3<=ML<=6.6),extrapolada,"Aipe - Huila, Colombia"
SGC,SGC2016vmlhdl,2016-03-31T18:55:37+00:00,1.9,ML,2.83835,Senel et al.: Mw=0.8095 ML+1.3003 (3.3<=ML<=6.6),extrapolada,"Hobo - Huila, Colombia"
SGC,SGC2016jaszqi,2016-04-07T02:10:25+00:00,1.5,ML,2.51455,Senel et al.: Mw=0.8095 ML+1.3003 (3.3<=ML<=6.6),extrapolada,"Tello - Huila, Colombia"
SGC,SGC2016gopljf,2016-04-23T01:14:50+00:00,1.5,ML,2.51455,Senel et al.: Mw=0.8095 ML+1.3003 (3.3<=ML<=6.6),extrapolada,"Villavieja - Huila, Colombia"
SGC,SGC2016awtktd,2016-04-23T05:27:02+00:00,1.6,ML,2.5955000000000004,Senel et al.: Mw=0.8095 ML+1.3003 (3.3<=ML<=6.6),extrapolada,"Rivera - Huila, Colombia"
SGC,SGC2016tmpdew,2016-04-23T09:23:36+00:00,1.7,ML,2.67645,Senel et al.: Mw=0.8095 ML+1.3003 (3.3<=ML<=6.6),extrapolada,"Aipe - Huila, Colombia"
SGC,SGC2016edoqlm,2016-04-25T09:36:21+00:00,1.6,ML,2.5955000000000004,Senel et al.: Mw=0.8095 ML+1.3003 (3.3<=ML<=6.6),extrapolada,"Rivera - Huila, Colombia"
SGC,SGC2016rcyezk,2016-04-26T10:20:54+00:00,1.1,ML,2.19075,Senel et al.: Mw=0.8095 ML+1.3003 (3.3<=ML<=6.6),extrapolada,"Algeciras - Huila, Colombia"
SGC,SGC2016igpflt,2016-05-11T00:50:06+00:00,1.6,ML,2.5955000000000004,Senel et al.: Mw=0.8095 ML+1.3003 (3.3<=ML<=6.6),extrapolada,"Rivera - Huila, Colombia"
SGC,SGC2016axhshi,2016-05-13T01:17:49+00:00,1.4,ML,2.4336,Senel et al.: Mw=0.8095 ML+1.3003 (3.3<=ML<=6.6),extrapolada,"Rivera - Huila, Colombia"
SGC,SGC2016afagdc,2016-05-20T21:09:26+00:00,1.3,ML,2.35265,Senel et al.: Mw=0.8095 ML+1.3003 (3.3<=ML<=6.6),extrapolada,"Rivera - Huila, Colombia"
SGC,SGC2016hbmoea,2016-05-22T03:24:12+00:00,1.6,ML,2.5955000000000004,Senel et al.: Mw=0.8095 ML+1.3003 (3.3<=ML<=6.6),extrapolada,"Algeciras - Huila, Colombia"
SGC,SGC2016rmmvnx,2016-05-30T17:01:27+00:00,1.8,ML,2.7574,Senel et al.: Mw=0.8095 ML+1.3003 (3.3<=ML<=6.6),extrapolada,"Rivera - Huila, Colombia"
SGC,SGC2016emoxxt,2016-06-05T07:10:12+00:00,2.1,ML,3.0002500000000003,Senel et al.: Mw=0.8095 ML+1.3003 (3.3<=ML<=6.6),extrapolada,"Rivera - Huila, Colombia"
SGC,SGC2016qhrmrq,2016-06-05T21:43:04+00:00,2.0,ML,2.9193,Senel et al.: Mw=0.8095 ML+1.3003 (3.3<=ML<=6.6),extrapolada,"Tello - Huila, Colombia"
SGC,SGC2016pskadu,2016-06-07T02:20:44+00:00,2.5,ML,3.32405,Senel et al.: Mw=0.8095 ML+1.3003 (3.3<=ML<=6.6),extrapolada,"Baraya - Huila, Colombia"
SGC,SGC2016tziyml,2016-06-08T13:05:38+00:00,1.8,ML,2.7574,Senel et al.: Mw=0.8095 ML+1.3003 (3.3<=ML<=6.6),extrapolada,"Baraya - Huila, Colombia"
SGC,SGC2016ifxyuk,2016-06-08T16:40:54+00:00,1.4,ML,2.4336,Senel et al.: Mw=0.8095 ML+1.3003 (3.3<=ML<=6.6),extrapolada,"Rivera - Huila, Colombia"
SGC,SGC2016yrxyrd,2016-06-11T21:05:16+00:00,1.9,ML,2.83835,Senel et al.: Mw=0.8095 ML+1.3003 (3.3<=ML<=6.6),extrapolada,"Neiva - Huila, Colombia"
SGC,SGC2016drwhkc,2016-06-12T08:28:45+00:00,1.6,ML,2.5955000000000004,Senel et al.: Mw=0.8095 ML+1.3003 (3.3<=ML<=6.6),extrapolada,"Campoalegre - Huila, Colombia"
SGC,SGC2016okppaw,2016-06-21T03:55:50+00:00,1.3,ML,2.35265,Senel et al.: Mw=0.8095 ML+1.3003 (3.3<=ML<=6.6),extrapolada,"Rivera - Huila, Colombia"
SGC,SGC2016nqlhwb,2016-06-25T15:48:16+00:00,1.4,ML,2.4336,Senel et al.: Mw=0.8095 ML+1.3003 (3.3<=ML<=6.6),extrapolada,"Baraya - Huila, Colombia"
SGC,SGC2016xfivqo,2016-06-28T07:00:55+00:00,1.1,ML,2.19075,Senel et al.: Mw=0.8095 ML+1.3003 (3.3<=ML<=6.6),extrapolada,"Rivera - Huila, Colombia"
SGC,SGC2016uajncy,2016-07-14T05:43:35+00:00,1.3,ML,2.35265,Senel et al.: Mw=0.8095 ML+1.3003 (3.3<=ML<=6.6),extrapolada,"Baraya - Huila, Colombia"
SGC,SGC2016qfqmgi,2016-07-15T08:25:08+00:00,2.4,ML,3.2431,Senel et al.: Mw=0.8095 ML+1.3003 (3.3<=ML<=6.6),extrapolada,"Rivera - Huila, Colombia"
SGC,SGC2016rldphe,2016-07-15T23:22:28+00:00,1.5,ML,2.51455,Senel et al.: Mw=0.8095 ML+1.3003 (3.3<=ML<=6.6),extrapolada,"Rivera - Huila, Colombia"
SGC,SGC2016qnysws,2016-07-18T12:12:17+00:00,2.3,ML,3.16215,Senel et al.: Mw=0.8095 ML+1.3003 (3.3<=ML<=6.6),extrapolada,"Rivera - Huila, Colombia"
SGC,SGC2016aihdeb,2016-07-21T13:07:05+00:00,2.3,ML,3.16215,Senel et al.: Mw=0.8095 ML+1.3003 (3.3<=ML<=6.6),extrapolada,"Rivera - Huila, Colombia"
SGC,SGC2016yklajj,2016-07-23T01:30:09+00:00,1.7,ML,2.67645,Senel et al.: Mw=0.8095 ML+1.3003 (3.3<=ML<=6.6),extrapolada,"Rivera - Huila, Colombia"
SGC,SGC2016rzisox,2016-08-12T06:03:48+00:00,2.7,ML,3.4859500000000003,Senel et al.: Mw=0.8095 ML+1.3003 (3.3<=ML<=6.6),extrapolada,"Algeciras - Huila, Colombia"
SGC,SGC2016kcdvjm,2016-08-15T03:39:08+00:00,1.7,ML,2.67645,Senel et al.: Mw=0.8095 ML+1.3003 (3.3<=ML<=6.6),extrapolada,"Rivera - Huila, Colombia"
SGC,SGC2016feywei,2016-08-16T21:24:30+00:00,2.3,ML,3.16215,Senel et al.: Mw=0.8095 ML+1.3003 (3.3<=ML<=6.6),extrapolada,"Tello - Huila, Colombia"
SGC,SGC2016qcvakc,2016-08-17T05:16:29+00:00,1.7,ML,2.67645,Senel et al.: Mw=0.8095 ML+1.3003 (3.3<=ML<=6.6),extrapolada,"Rivera - Huila, Colombia"
SGC,SGC2016avevbx,2016-08-24T05:34:51+00:00,1.5,ML,2.51455,Senel et al.: Mw=0.8095 ML+1.3003 (3.3<=ML<=6.6),extrapolada,"Rivera - Huila, Colombia"
SGC,SGC2016halbsq,2016-09-03T03:50:18+00:00,1.3,ML,2.35265,Senel et al.: Mw=0.8095 ML+1.3003 (3.3<=ML<=6.6),extrapolada,"Algeciras - Huila, Colombia"
SGC,SGC2016knqeyr,2016-09-05T01:29:54+00:00,2.1,ML,3.0002500000000003,Senel et al.: Mw=0.8095 ML+1.3003 (3.3<=ML<=6.6),extrapolada,"Aipe - Huila, Colombia"
SGC,SGC2016apinns,2016-09-07T13:28:21+00:00,1.7,ML,2.67645,Senel et al.: Mw=0.8095 ML+1.3003 (3.3<=ML<=6.6),extrapolada,"Rivera - Huila, Colombia"
SGC,SGC2016wotvoj,2016-09-18T01:45:45+00:00,1.4,ML,2.4336,Senel et al.: Mw=0.8095 ML+1.3003 (3.3<=ML<=6.6),extrapolada,"Rivera - Huila, Colombia"
SGC,SGC2016vfrrst,2016-09-19T07:21:57+00:00,1.1,ML,2.19075,Senel et al.: Mw=0.8095 ML+1.3003 (3.3<=ML<=6.6),extrapolada,"Algeciras - Huila, Colombia"
SGC,SGC2016sawolw,2016-09-22T05:03:30+00:00,1.0,ML,2.1098,Senel et al.: Mw=0.8095 ML+1.3003 (3.3<=ML<=6.6),extrapolada,"Algeciras - Huila, Colombia"
SGC,SGC2016wifxnb,2016-09-26T09:31:10+00:00,2.7,ML,3.4859500000000003,Senel et al.: Mw=0.8095 ML+1.3003 (3.3<=ML<=6.6),extrapolada,"Aipe - Huila, Colombia"
SGC,SGC2016cjejfr,2016-09-27T15:14:26+00:00,1.6,ML,2.5955000000000004,Senel et al.: Mw=0.8095 ML+1.3003 (3.3<=ML<=6.6),extrapolada,"Rivera - Huila, Colombia"
SGC,SGC2016rdmrfl,2016-09-30T02:36:17+00:00,1.8,ML,2.7574,Senel et al.: Mw=0.8095 ML+1.3003 (3.3<=ML<=6.6),extrapolada,"Rivera - Huila, Colombia"
SGC,SGC2016obedkt,2016-09-30T08:35:02+00:00,1.1,ML,2.19075,Senel et al.: Mw=0.8095 ML+1.3003 (3.3<=ML<=6.6),extrapolada,"Algeciras - Huila, Colombia"
SGC,SGC2016gmxcwv,2016-10-01T09:22:36+00:00,1.7,ML,2.67645,Senel et al.: Mw=0.8095 ML+1.3003 (3.3<=ML<=6.6),extrapolada,"Rivera - Huila, Colombia"
SGC,SGC2016cjvwkl,2016-10-13T05:11:25+00:00,2.5,ML,3.32405,Senel et al.: Mw=0.8095 ML+1.3003 (3.3<=ML<=6.6),extrapolada,"Rivera - Huila, Colombia"
SGC,SGC2016xueota,2016-10-23T08:29:46+00:00,1.0,ML,2.1098,Senel et al.: Mw=0.8095 ML+1.3003 (3.3<=ML<=6.6),extrapolada,"Rivera - Huila, Colombia"
SGC,SGC2016mvbfuq,2016-10-29T16:26:09+00:00,1.3,ML,2.35265,Senel et al.: Mw=0.8095 ML+1.3003 (3.3<=ML<=6.6),extrapolada,"Baraya - Huila, Colombia"
SGC,SGC2016arotag,2016-11-01T08:53:27+00:00,1.7,ML,2.67645,Senel et al.: Mw=0.8095 ML+1.3003 (3.3<=ML<=6.6),extrapolada,"Tello - Huila, Colombia"
SGC,SGC2016leqvtl,2016-11-03T11:05:50+00:00,2.0,ML,2.9193,Senel et al.: Mw=0.8095 ML+1.3003 (3.3<=ML<=6.6),extrapolada,"Baraya - Huila, Colombia"
SGC,SGC2016nizdmv,2016-11-08T21:05:49+00:00,1.8,ML,2.7574,Senel et al.: Mw=0.8095 ML+1.3003 (3.3<=ML<=6.6),extrapolada,"Baraya - Huila, Colombia"
SGC,SGC2016apdufg,2016-11-10T13:01:23+00:00,1.5,ML,2.51455,Senel et al.: Mw=0.8095 ML+1.3003 (3.3<=ML<=6.6),extrapolada,"Rivera - Huila, Colombia"
SGC,SGC2016hbvems,2016-11-14T13:46:17+00:00,2.2,ML,3.0812,Senel et al.: Mw=0.8095 ML+1.3003 (3.3<=ML<=6.6),extrapolada,"Baraya - Huila, Colombia"
SGC,SGC2016akmjtd,2016-11-16T16:38:50+00:00,1.2,ML,2.2717,Senel et al.: Mw=0.8095 ML+1.3003 (3.3<=ML<=6.6),extrapolada,"Algeciras - Huila, Colombia"
SGC,SGC2016khalsn,2016-11-21T01:57:57+00:00,0.9,ML,2.0288500000000003,Senel et al.: Mw=0.8095 ML+1.3003 (3.3<=ML<=6.6),extrapolada,"Rivera - Huila, Colombia"
SGC,SGC2016cwvxkt,2016-11-21T10:30:45+00:00,1.3,ML,2.35265,Senel et al.: Mw=0.8095 ML+1.3003 (3.3<=ML<=6.6),extrapolada,"Rivera - Huila, Colombia"
SGC,SGC2016qjcesa,2016-11-24T00:00:09+00:00,1.4,ML,2.4336,Senel et al.: Mw=0.8095 ML+1.3003 (3.3<=ML<=6.6),extrapolada,"Tello - Huila, Colombia"
SGC,SGC2016ppjmwr,2016-11-26T07:31:02+00:00,1.3,ML,2.35265,Senel et al.: Mw=0.8095 ML+1.3003 (3.3<=ML<=6.6),extrapolada,"Campoalegre - Huila, Colombia"
SGC,SGC2016yywbug,2016-11-26T09:11:43+00:00,1.9,ML,2.83835,Senel et al.: Mw=0.8095 ML+1.3003 (3.3<=ML<=6.6),extrapolada,"Baraya - Huila, Colombia"
SGC,SGC2016kvyhwc,2016-11-26T09:19:11+00:00,1.5,ML,2.51455,Senel et al.: Mw=0.8095 ML+1.3003 (3.3<=ML<=6.6),extrapolada,"Baraya - Huila, Colombia"
SGC,SGC2016xicfzu,2016-11-26T16:49:14+00:00,2.2,ML,3.0812,Senel et al.: Mw=0.8095 ML+1.3003 (3.3<=ML<=6.6),extrapolada,"Campoalegre - Huila, Colombia"
SGC,SGC2016syxoyw,2016-11-28T15:04:51+00:00,2.1,ML,3.0002500000000003,Senel et al.: Mw=0.8095 ML+1.3003 (3.3<=ML<=6.6),extrapolada,"Tello - Huila, Colombia"
SGC,SGC2016qkpesu,2016-12-11T06:50:16+00:00,1.9,ML,2.83835,Senel et al.: Mw=0.8095 ML+1.3003 (3.3<=ML<=6.6),extrapolada,"Algeciras - Huila, Colombia"
SGC,SGC2016ubvrqn,2016-12-12T19:50:21+00:00,1.7,ML,2.67645,Senel et al.: Mw=0.8095 ML+1.3003 (3.3<=ML<=6.6),extrapolada,"Campoalegre - Huila, Colombia"
SGC,SGC2016bkyuko,2016-12-20T22:51:31+00:00,1.5,ML,2.51455,Senel et al.: Mw=0.8095 ML+1.3003 (3.3<=ML<=6.6),extrapolada,"Rivera - Huila, Colombia"
SGC,SGC2016yknwqg,2016-12-22T15:39:20+00:00,1.4,ML,2.4336,Senel et al.: Mw=0.8095 ML+1.3003 (3.3<=ML<=6.6),extrapolada,"Hobo - Huila, Colombia"
SGC,SGC2016rzxcgw,2016-12-23T01:13:01+00:00,1.3,ML,2.35265,Senel et al.: Mw=0.8095 ML+1.3003 (3.3<=ML<=6.6),extrapolada,"Baraya - Huila, Colombia"
SGC,SGC2016iaukga,2016-12-23T03:51:03+00:00,2.4,ML,3.2431,Senel et al.: Mw=0.8095 ML+1.3003 (3.3<=ML<=6.6),extrapolada,"Íquira - Huila, Colombia"
SGC,SGC2016hckauj,2016-12-23T03:58:36+00:00,2.3,ML,3.16215,Senel et al.: Mw=0.8095 ML+1.3003 (3.3<=ML<=6.6),extrapolada,"Íquira - Huila, Colombia"
SGC,SGC2016vlgvix,2016-12-23T05:43:10+00:00,2.3,ML,3.16215,Senel et al.: Mw=0.8095 ML+1.3003 (3.3<=ML<=6.6),extrapolada,"Íquira - Huila, Colombia"
SGC,SGC2016viqfwc,2016-12-23T09:57:47+00:00,1.1,ML,2.19075,Senel et al.: Mw=0.8095 ML+1.3003 (3.3<=ML<=6.6),extrapolada,"Íquira - Huila, Colombia"
SGC,SGC2016mlwwzm,2016-12-24T05:28:36+00:00,1.8,ML,2.7574,Senel et al.: Mw=0.8095 ML+1.3003 (3.3<=ML<=6.6),extrapolada,"Íquira - Huila, Colombia"
SGC,SGC2016hzqhop,2016-12-25T06:45:51+00:00,1.2,ML,2.2717,Senel et al.: Mw=0.8095 ML+1.3003 (3.3<=ML<=6.6),extrapolada,"Algeciras - Huila, Colombia"
SGC,SGC2016buwskz,2016-12-26T02:51:48+00:00,1.2,ML,2.2717,Senel et al.: Mw=0.8095 ML+1.3003 (3.3<=ML<=6.6),extrapolada,"Baraya - Huila, Colombia"
SGC,SGC2017wortop,2017-01-01T10:11:43+00:00,1.6,ML,2.5955000000000004,Senel et al.: Mw=0.8095 ML+1.3003 (3.3<=ML<=6.6),extrapolada,"Rivera - Huila, Colombia"
SGC,SGC2017bdpgpg,2017-01-01T10:12:38+00:00,2.0,ML,2.9193,Senel et al.: Mw=0.8095 ML+1.3003 (3.3<=ML<=6.6),extrapolada,"Rivera - Huila, Colombia"
SGC,SGC2017xfqioa,2017-01-02T00:21:56+00:00,1.6,ML,2.5955000000000004,Senel et al.: Mw=0.8095 ML+1.3003 (3.3<=ML<=6.6),extrapolada,"Tello - Huila, Colombia"
SGC,SGC2017nrgolo,2017-01-04T04:19:53+00:00,1.7,ML,2.67645,Senel et al.: Mw=0.8095 ML+1.3003 (3.3<=ML<=6.6),extrapolada,"Baraya - Huila, Colombia"
SGC,SGC2017weebqu,2017-01-05T16:02:56+00:00,1.6,ML,2.5955000000000004,Senel et al.: Mw=0.8095 ML+1.3003 (3.3<=ML<=6.6),extrapolada,"Íquira - Huila, Colombia"
SGC,SGC2017glhdqi,2017-01-07T07:15:35+00:00,1.2,ML,2.2717,Senel et al.: Mw=0.8095 ML+1.3003 (3.3<=ML<=6.6),extrapolada,"Campoalegre - Huila, Colombia"
SGC,SGC2017xbxncu,2017-01-08T20:48:57+00:00,1.8,ML,2.7574,Senel et al.: Mw=0.8095 ML+1.3003 (3.3<=ML<=6.6),extrapolada,"Campoalegre - Huila, Colombia"
SGC,SGC2017qejpbg,2017-01-15T18:31:35+00:00,1.5,ML,2.51455,Senel et al.: Mw=0.8095 ML+1.3003 (3.3<=ML<=6.6),extrapolada,"Íquira - Huila, Colombia"
SGC,SGC2017vtplbv,2017-01-22T09:44:18+00:00,1.7,ML,2.67645,Senel et al.: Mw=0.8095 ML+1.3003 (3.3<=ML<=6.6),extrapolada,"Rivera - Huila, Colombia"
SGC,SGC2017glizbc,2017-01-22T22:13:34+00:00,2.0,ML,2.9193,Senel et al.: Mw=0.8095 ML+1.3003 (3.3<=ML<=6.6),extrapolada,"Baraya - Huila, Colombia"
SGC,SGC2017gncrwe,2017-01-25T12:43:54+00:00,2.0,ML,2.9193,Senel et al.: Mw=0.8095 ML+1.3003 (3.3<=ML<=6.6),extrapolada,"Rivera - Huila, Colombia"
SGC,SGC2017hqxltn,2017-02-01T22:01:33+00:00,1.6,ML,2.5955000000000004,Senel et al.: Mw=0.8095 ML+1.3003 (3.3<=ML<=6.6),extrapolada,"Algeciras - Huila, Colombia"
SGC,SGC2017taxmqj,2017-02-06T15:02:42+00:00,1.9,ML,2.83835,Senel et al.: Mw=0.8095 ML+1.3003 (3.3<=ML<=6.6),extrapolada,"Baraya - Huila, Colombia"
SGC,SGC2017mykpqk,2017-02-09T12:00:13+00:00,1.7,ML,2.67645,Senel et al.: Mw=0.8095 ML+1.3003 (3.3<=ML<=6.6),extrapolada,"Rivera - Huila, Colombia"
SGC,SGC2017bnzghz,2017-02-13T09:42:46+00:00,1.2,ML,2.2717,Senel et al.: Mw=0.8095 ML+1.3003 (3.3<=ML<=6.6),extrapolada,"Campoalegre - Huila, Colombia"
SGC,SGC2017hxojlv,2017-02-15T12:23:36+00:00,1.9,ML,2.83835,Senel et al.: Mw=0.8095 ML+1.3003 (3.3<=ML<=6.6),extrapolada,"Baraya - Huila, Colombia"
SGC,SGC2017kbthxs,2017-02-19T11:52:59+00:00,1.1,ML,2.19075,Senel et al.: Mw=0.8095 ML+1.3003 (3.3<=ML<=6.6),extrapolada,"Algeciras - Huila, Colombia"
SGC,SGC2017ipwmja,2017-02-20T08:00:21+00:00,2.0,ML,2.9193,Senel et al.: Mw=0.8095 ML+1.3003 (3.3<=ML<=6.6),extrapolada,"Tello - Huila, Colombia"
SGC,SGC2017vamfuz,2017-02-21T22:37:41+00:00,1.3,ML,2.35265,Senel et al.: Mw=0.8095 ML+1.3003 (3.3<=ML<=6.6),extrapolada,"Hobo - Huila, Colombia"
SGC,SGC2017hkhxje,2017-02-28T23:20:52+00:00,1.3,ML,2.35265,Senel et al.: Mw=0.8095 ML+1.3003 (3.3<=ML<=6.6),extrapolada,"Rivera - Huila, Colombia"
SGC,SGC2017gqbfsv,2017-02-28T23:26:38+00:00,2.8,ML,3.5669,Senel et al.: Mw=0.8095 ML+1.3003 (3.3<=ML<=6.6),extrapolada,"Rivera - Huila, Colombia"
SGC,SGC2017xolzvi,2017-03-01T09:17:04+00:00,1.5,ML,2.51455,Senel et al.: Mw=0.8095 ML+1.3003 (3.3<=ML<=6.6),extrapolada,"Rivera - Huila, Colombia"
SGC,SGC2017xxmjgw,2017-03-01T15:30:13+00:00,1.8,ML,2.7574,Senel et al.: Mw=0.8095 ML+1.3003 (3.3<=ML<=6.6),extrapolada,"Rivera - Huila, Colombia"
SGC,SGC2017ushsub,2017-03-08T08:21:15+00:00,1.0,ML,2.1098,Senel et al.: Mw=0.8095 ML+1.3003 (3.3<=ML<=6.6),extrapolada,"Hobo - Huila, Colombia"
SGC,SGC2017yvzkcr,2017-03-09T01:19:56+00:00,1.6,ML,2.5955000000000004,Senel et al.: Mw=0.8095 ML+1.3003 (3.3<=ML<=6.6),extrapolada,"Algeciras - Huila, Colombia"
SGC,SGC2017tkgdgi,2017-03-09T01:36:12+00:00,1.7,ML,2.67645,Senel et al.: Mw=0.8095 ML+1.3003 (3.3<=ML<=6.6),extrapolada,"Algeciras - Huila, Colombia"
SGC,SGC2017krvhmj,2017-03-16T01:59:19+00:00,1.4,ML,2.4336,Senel et al.: Mw=0.8095 ML+1.3003 (3.3<=ML<=6.6),extrapolada,"Algeciras - Huila, Colombia"
SGC,SGC2017iualbl,2017-03-17T12:01:40+00:00,2.0,ML,2.9193,Senel et al.: Mw=0.8095 ML+1.3003 (3.3<=ML<=6.6),extrapolada,"Baraya - Huila, Colombia"
SGC,SGC2017rkvvei,2017-03-18T04:53:41+00:00,1.3,ML,2.35265,Senel et al.: Mw=0.8095 ML+1.3003 (3.3<=ML<=6.6),extrapolada,"Tello - Huila, Colombia"
SGC,SGC2017myudcd,2017-03-21T13:14:29+00:00,1.2,ML,2.2717,Senel et al.: Mw=0.8095 ML+1.3003 (3.3<=ML<=6.6),extrapolada,"Hobo - Huila, Colombia"
SGC,SGC2017gmmupu,2017-03-30T08:07:39+00:00,1.6,ML,2.5955000000000004,Senel et al.: Mw=0.8095 ML+1.3003 (3.3<=ML<=6.6),extrapolada,"Algeciras - Huila, Colombia"
SGC,SGC2017cwszkd,2017-03-30T11:38:27+00:00,1.6,ML,2.5955000000000004,Senel et al.: Mw=0.8095 ML+1.3003 (3.3<=ML<=6.6),extrapolada,"Íquira - Huila, Colombia"
SGC,SGC2017cmrxcl,2017-04-05T11:08:42+00:00,1.7,ML,2.67645,Senel et al.: Mw=0.8095 ML+1.3003 (3.3<=ML<=6.6),extrapolada,"Hobo - Huila, Colombia"
SGC,SGC2017zqphez,2017-04-06T10:07:19+00:00,1.5,ML,2.51455,Senel et al.: Mw=0.8095 ML+1.3003 (3.3<=ML<=6.6),extrapolada,"Algeciras - Huila, Colombia"
SGC,SGC2017lgzoik,2017-04-07T11:28:28+00:00,1.7,ML,2.67645,Senel et al.: Mw=0.8095 ML+1.3003 (3.3<=ML<=6.6),extrapolada,"Baraya - Huila, Colombia"
SGC,SGC2017mmpfez,2017-04-09T09:14:25+00:00,1.3,ML,2.35265,Senel et al.: Mw=0.8095 ML+1.3003 (3.3<=ML<=6.6),extrapolada,"Rivera - Huila, Colombia"
SGC,SGC2017ehbepz,2017-04-16T10:16:52+00:00,1.4,ML,2.4336,Senel et al.: Mw=0.8095 ML+1.3003 (3.3<=ML<=6.6),extrapolada,"Rivera - Huila, Colombia"
SGC,SGC2017usgupv,2017-04-17T04:00:19+00:00,1.3,ML,2.35265,Senel et al.: Mw=0.8095 ML+1.3003 (3.3<=ML<=6.6),extrapolada,"Rivera - Huila, Colombia"
SGC,SGC2017hlrxaw,2017-04-18T03:05:13+00:00,1.5,ML,2.51455,Senel et al.: Mw=0.8095 ML+1.3003 (3.3<=ML<=6.6),extrapolada,"Tello - Huila, Colombia"
SGC,SGC2017jfdtlx,2017-04-20T16:12:24+00:00,2.3,ML,3.16215,Senel et al.: Mw=0.8095 ML+1.3003 (3.3<=ML<=6.6),extrapolada,"Rivera - Huila, Colombia"
SGC,SGC2017oisylr,2017-04-22T12:45:09+00:00,1.7,ML,2.67645,Senel et al.: Mw=0.8095 ML+1.3003 (3.3<=ML<=6.6),extrapolada,"Hobo - Huila, Colombia"
SGC,SGC2017xgvfeq,2017-04-24T05:05:47+00:00,2.2,ML,3.0812,Senel et al.: Mw=0.8095 ML+1.3003 (3.3<=ML<=6.6),extrapolada,"Algeciras - Huila, Colombia"
SGC,SGC2017ewcvdm,2017-05-03T06:12:01+00:00,2.0,ML,2.9193,Senel et al.: Mw=0.8095 ML+1.3003 (3.3<=ML<=6.6),extrapolada,"Tello - Huila, Colombia"
SGC,SGC2017xgaztl,2017-05-04T16:10:15+00:00,1.5,ML,2.51455,Senel et al.: Mw=0.8095 ML+1.3003 (3.3<=ML<=6.6),extrapolada,"Rivera - Huila, Colombia"
SGC,SGC2017pemraq,2017-05-06T17:12:55+00:00,2.4,ML,3.2431,Senel et al.: Mw=0.8095 ML+1.3003 (3.3<=ML<=6.6),extrapolada,"Rivera - Huila, Colombia"
SGC,SGC2017zjxmfm,2017-05-08T08:01:07+00:00,1.2,ML,2.2717,Senel et al.: Mw=0.8095 ML+1.3003 (3.3<=ML<=6.6),extrapolada,"Rivera - Huila, Colombia"
SGC,SGC2017juxjzx,2017-05-12T08:47:42+00:00,0.7,ML,1.86695,Senel et al.: Mw=0.8095 ML+1.3003 (3.3<=ML<=6.6),extrapolada,"Algeciras - Huila, Colombia"
SGC,SGC2017wmntex,2017-05-14T03:36:48+00:00,1.3,ML,2.35265,Senel et al.: Mw=0.8095 ML+1.3003 (3.3<=ML<=6.6),extrapolada,"Algeciras - Huila, Colombia"
SGC,SGC2017kasrbr,2017-05-21T16:43:45+00:00,2.6,ML,3.405,Senel et al.: Mw=0.8095 ML+1.3003 (3.3<=ML<=6.6),extrapolada,"Tello - Huila, Colombia"
SGC,SGC2017ylocfv,2017-05-24T12:09:25+00:00,1.7,ML,2.67645,Senel et al.: Mw=0.8095 ML+1.3003 (3.3<=ML<=6.6),extrapolada,"Rivera - Huila, Colombia"
SGC,SGC2017plstnl,2017-05-28T05:32:42+00:00,1.1,ML,2.19075,Senel et al.: Mw=0.8095 ML+1.3003 (3.3<=ML<=6.6),extrapolada,"Algeciras - Huila, Colombia"
SGC,SGC2017ofvyea,2017-06-02T18:36:02+00:00,1.5,ML,2.51455,Senel et al.: Mw=0.8095 ML+1.3003 (3.3<=ML<=6.6),extrapolada,"Rivera - Huila, Colombia"
SGC,SGC2017phpaqk,2017-06-05T12:27:50+00:00,2.0,ML,2.9193,Senel et al.: Mw=0.8095 ML+1.3003 (3.3<=ML<=6.6),extrapolada,"Rivera - Huila, Colombia"
SGC,SGC2017dztcte,2017-06-08T22:48:09+00:00,1.4,ML,2.4336,Senel et al.: Mw=0.8095 ML+1.3003 (3.3<=ML<=6.6),extrapolada,"Tello - Huila, Colombia"
SGC,SGC2017njgjhj,2017-06-10T10:33:45+00:00,1.3,ML,2.35265,Senel et al.: Mw=0.8095 ML+1.3003 (3.3<=ML<=6.6),extrapolada,"Baraya - Huila, Colombia"
SGC,SGC2017wzyfsa,2017-06-15T01:19:45+00:00,1.2,ML,2.2717,Senel et al.: Mw=0.8095 ML+1.3003 (3.3<=ML<=6.6),extrapolada,"Íquira - Huila, Colombia"
SGC,SGC2017qkdmgp,2017-06-17T22:23:12+00:00,1.8,ML,2.7574,Senel et al.: Mw=0.8095 ML+1.3003 (3.3<=ML<=6.6),extrapolada,"Rivera - Huila, Colombia"
SGC,SGC2017fjsrdw,2017-06-21T09:10:06+00:00,1.5,ML,2.51455,Senel et al.: Mw=0.8095 ML+1.3003 (3.3<=ML<=6.6),extrapolada,"Hobo - Huila, Colombia"
SGC,SGC2017shmhbd,2017-06-23T02:02:02+00:00,2.5,ML,3.32405,Senel et al.: Mw=0.8095 ML+1.3003 (3.3<=ML<=6.6),extrapolada,"Algeciras - Huila, Colombia"
SGC,SGC2017fyrubt,2017-06-23T02:08:02+00:00,1.7,ML,2.67645,Senel et al.: Mw=0.8095 ML+1.3003 (3.3<=ML<=6.6),extrapolada,"Algeciras - Huila, Colombia"
SGC,SGC2017amnglr,2017-06-27T00:19:51+00:00,1.9,ML,2.83835,Senel et al.: Mw=0.8095 ML+1.3003 (3.3<=ML<=6.6),extrapolada,"Neiva - Huila, Colombia"
SGC,SGC2017dnokar,2017-06-27T05:21:37+00:00,1.7,ML,2.67645,Senel et al.: Mw=0.8095 ML+1.3003 (3.3<=ML<=6.6),extrapolada,"Algeciras - Huila, Colombia"
SGC,SGC2017efgblc,2017-06-28T03:06:15+00:00,2.2,ML,3.0812,Senel et al.: Mw=0.8095 ML+1.3003 (3.3<=ML<=6.6),extrapolada,"Algeciras - Huila, Colombia"
SGC,SGC2017xttsnd,2017-06-29T07:26:20+00:00,1.2,ML,2.2717,Senel et al.: Mw=0.8095 ML+1.3003 (3.3<=ML<=6.6),extrapolada,"Teruel - Huila, Colombia"
SGC,SGC2017fsrewi,2017-06-29T14:55:39+00:00,2.3,ML,3.16215,Senel et al.: Mw=0.8095 ML+1.3003 (3.3<=ML<=6.6),extrapolada,"Campoalegre - Huila, Colombia"
SGC,SGC2017ktpljp,2017-07-29T19:06:35+00:00,1.4,ML,2.4336,Senel et al.: Mw=0.8095 ML+1.3003 (3.3<=ML<=6.6),extrapolada,"Santa María - Huila, Colombia"
SGC,SGC2017wrphaf,2017-08-08T00:33:56+00:00,1.5,ML,2.51455,Senel et al.: Mw=0.8095 ML+1.3003 (3.3<=ML<=6.6),extrapolada,"Aipe - Huila, Colombia"
SGC,SGC2017nsbeba,2017-08-21T18:25:37+00:00,1.1,ML,2.19075,Senel et al.: Mw=0.8095 ML+1.3003 (3.3<=ML<=6.6),extrapolada,"Baraya - Huila, Colombia"
SGC,SGC2017srahro,2017-09-04T06:03:10+00:00,1.3,ML,2.35265,Senel et al.: Mw=0.8095 ML+1.3003 (3.3<=ML<=6.6),extrapolada,"Rivera - Huila, Colombia"
SGC,SGC2017buopgy,2017-09-05T13:11:42+00:00,1.9,ML,2.83835,Senel et al.: Mw=0.8095 ML+1.3003 (3.3<=ML<=6.6),extrapolada,"Hobo - Huila, Colombia"
SGC,SGC2017balwtq,2017-09-10T21:11:34+00:00,1.5,ML,2.51455,Senel et al.: Mw=0.8095 ML+1.3003 (3.3<=ML<=6.6),extrapolada,"Rivera - Huila, Colombia"
SGC,SGC2017jyohtr,2017-09-13T21:08:48+00:00,1.6,ML,2.5955000000000004,Senel et al.: Mw=0.8095 ML+1.3003 (3.3<=ML<=6.6),extrapolada,"Santa María - Huila, Colombia"
SGC,SGC2017xxfjlo,2017-09-22T07:09:04+00:00,1.0,ML,2.1098,Senel et al.: Mw=0.8095 ML+1.3003 (3.3<=ML<=6.6),extrapolada,"Rivera - Huila, Colombia"
SGC,SGC2017aeipcx,2017-09-23T04:02:38+00:00,1.7,ML,2.67645,Senel et al.: Mw=0.8095 ML+1.3003 (3.3<=ML<=6.6),extrapolada,"Hobo - Huila, Colombia"
SGC,SGC2017nkzjfr,2017-10-02T12:09:07+00:00,1.4,ML,2.4336,Senel et al.: Mw=0.8095 ML+1.3003 (3.3<=ML<=6.6),extrapolada,"Rivera - Huila, Colombia"
SGC,SGC2017ozajaa,2017-10-05T08:48:06+00:00,1.4,ML,2.4336,Senel et al.: Mw=0.8095 ML+1.3003 (3.3<=ML<=6.6),extrapolada,"Rivera - Huila, Colombia"
SGC,SGC2017dwprzx,2017-10-07T21:22:51+00:00,1.8,ML,2.7574,Senel et al.: Mw=0.8095 ML+1.3003 (3.3<=ML<=6.6),extrapolada,"Algeciras - Huila, Colombia"
SGC,SGC2017ruccti,2017-10-14T19:02:35+00:00,1.4,ML,2.4336,Senel et al.: Mw=0.8095 ML+1.3003 (3.3<=ML<=6.6),extrapolada,"Baraya - Huila, Colombia"
SGC,SGC2017vagife,2017-10-18T00:46:53+00:00,2.8,ML,3.5669,Senel et al.: Mw=0.8095 ML+1.3003 (3.3<=ML<=6.6),extrapolada,"Hobo - Huila, Colombia"
SGC,SGC2017nuphhy,2017-10-19T10:30:17+00:00,1.3,ML,2.35265,Senel et al.: Mw=0.8095 ML+1.3003 (3.3<=ML<=6.6),extrapolada,"Rivera - Huila, Colombia"
SGC,SGC2017muluys,2017-10-22T05:24:20+00:00,1.4,ML,2.4336,Senel et al.: Mw=0.8095 ML+1.3003 (3.3<=ML<=6.6),extrapolada,"Rivera - Huila, Colombia"
SGC,SGC2017gjvkbm,2017-10-24T01:12:24+00:00,1.1,ML,2.19075,Senel et al.: Mw=0.8095 ML+1.3003 (3.3<=ML<=6.6),extrapolada,"Santa María - Huila, Colombia"
SGC,SGC2017jzlrns,2017-10-25T05:58:04+00:00,2.2,ML,3.0812,Senel et al.: Mw=0.8095 ML+1.3003 (3.3<=ML<=6.6),extrapolada,"Hobo - Huila, Colombia"
SGC,SGC2017ypolqz,2017-10-25T06:32:01+00:00,1.2,ML,2.2717,Senel et al.: Mw=0.8095 ML+1.3003 (3.3<=ML<=6.6),extrapolada,"Tello - Huila, Colombia"
SGC,SGC2017ffgoqk,2017-10-26T00:42:25+00:00,1.6,ML,2.5955000000000004,Senel et al.: Mw=0.8095 ML+1.3003 (3.3<=ML<=6.6),extrapolada,"Rivera - Huila, Colombia"
SGC,SGC2017dhvizd,2017-10-30T09:31:37+00:00,1.4,ML,2.4336,Senel et al.: Mw=0.8095 ML+1.3003 (3.3<=ML<=6.6),extrapolada,"Campoalegre - Huila, Colombia"
SGC,SGC2017wenvjy,2017-10-30T20:54:23+00:00,1.2,ML,2.2717,Senel et al.: Mw=0.8095 ML+1.3003 (3.3<=ML<=6.6),extrapolada,"Aipe - Huila, Colombia"
SGC,SGC2017lxlnpw,2017-10-31T09:24:17+00:00,1.8,ML,2.7574,Senel et al.: Mw=0.8095 ML+1.3003 (3.3<=ML<=6.6),extrapolada,"Baraya - Huila, Colombia"
SGC,SGC2017mbjoef,2017-10-31T21:10:18+00:00,1.7,ML,2.67645,Senel et al.: Mw=0.8095 ML+1.3003 (3.3<=ML<=6.6),extrapolada,"Hobo - Huila, Colombia"
SGC,SGC2017tupeqp,2017-11-04T21:11:25+00:00,1.1,ML,2.19075,Senel et al.: Mw=0.8095 ML+1.3003 (3.3<=ML<=6.6),extrapolada,"Algeciras - Huila, Colombia"
SGC,SGC2017lcjrxc,2017-11-11T14:58:51+00:00,1.7,ML,2.67645,Senel et al.: Mw=0.8095 ML+1.3003 (3.3<=ML<=6.6),extrapolada,"Rivera - Huila, Colombia"
SGC,SGC2017xclrmt,2017-11-11T15:00:28+00:00,1.2,ML,2.2717,Senel et al.: Mw=0.8095 ML+1.3003 (3.3<=ML<=6.6),extrapolada,"Rivera - Huila, Colombia"
SGC,SGC2017ahdmyq,2017-11-11T15:04:55+00:00,2.1,ML,3.0002500000000003,Senel et al.: Mw=0.8095 ML+1.3003 (3.3<=ML<=6.6),extrapolada,"Rivera - Huila, Colombia"
SGC,SGC2017ajrrzn,2017-11-11T16:44:33+00:00,1.5,ML,2.51455,Senel et al.: Mw=0.8095 ML+1.3003 (3.3<=ML<=6.6),extrapolada,"Rivera - Huila, Colombia"
SGC,SGC2017wnjnkc,2017-11-12T14:31:49+00:00,1.6,ML,2.5955000000000004,Senel et al.: Mw=0.8095 ML+1.3003 (3.3<=ML<=6.6),extrapolada,"Rivera - Huila, Colombia"
SGC,SGC2017obsxkc,2017-11-12T21:49:06+00:00,1.8,ML,2.7574,Senel et al.: Mw=0.8095 ML+1.3003 (3.3<=ML<=6.6),extrapolada,"Rivera - Huila, Colombia"
SGC,SGC2017fhvyyl,2017-11-12T22:17:52+00:00,2.4,ML,3.2431,Senel et al.: Mw=0.8095 ML+1.3003 (3.3<=ML<=6.6),extrapolada,"Rivera - Huila, Colombia"
SGC,SGC2017mzwnkr,2017-11-13T20:36:54+00:00,1.7,ML,2.67645,Senel et al.: Mw=0.8095 ML+1.3003 (3.3<=ML<=6.6),extrapolada,"Rivera - Huila, Colombia"
SGC,SGC2017ljohjm,2017-11-14T05:01:19+00:00,1.9,ML,2.83835,Senel et al.: Mw=0.8095 ML+1.3003 (3.3<=ML<=6.6),extrapolada,"Tello - Huila, Colombia"
SGC,SGC2017kanowd,2017-11-18T02:27:00+00:00,1.5,ML,2.51455,Senel et al.: Mw=0.8095 ML+1.3003 (3.3<=ML<=6.6),extrapolada,"Rivera - Huila, Colombia"
SGC,SGC2017vkjysa,2017-11-19T14:58:47+00:00,1.4,ML,2.4336,Senel et al.: Mw=0.8095 ML+1.3003 (3.3<=ML<=6.6),extrapolada,"Rivera - Huila, Colombia"
SGC,SGC2017ochfab,2017-11-21T06:30:47+00:00,1.5,ML,2.51455,Senel et al.: Mw=0.8095 ML+1.3003 (3.3<=ML<=6.6),extrapolada,"Rivera - Huila, Colombia"
SGC,SGC2017vwkvzy,2017-11-21T10:02:58+00:00,1.0,ML,2.1098,Senel et al.: Mw=0.8095 ML+1.3003 (3.3<=ML<=6.6),extrapolada,"Hobo - Huila, Colombia"
SGC,SGC2017egtgez,2017-11-25T11:52:01+00:00,2.0,ML,2.9193,Senel et al.: Mw=0.8095 ML+1.3003 (3.3<=ML<=6.6),extrapolada,"Baraya - Huila, Colombia"
SGC,SGC2017nsdiqe,2017-11-25T13:16:17+00:00,2.2,ML,3.0812,Senel et al.: Mw=0.8095 ML+1.3003 (3.3<=ML<=6.6),extrapolada,"Tello - Huila, Colombia"
SGC,SGC2017yidkpg,2017-11-25T13:48:12+00:00,2.1,ML,3.0002500000000003,Senel et al.: Mw=0.8095 ML+1.3003 (3.3<=ML<=6.6),extrapolada,"Rivera - Huila, Colombia"
SGC,SGC2017erbuha,2017-11-25T19:51:12+00:00,1.7,ML,2.67645,Senel et al.: Mw=0.8095 ML+1.3003 (3.3<=ML<=6.6),extrapolada,"Rivera - Huila, Colombia"
SGC,SGC2017ewzzgs,2017-11-28T06:23:52+00:00,1.8,ML,2.7574,Senel et al.: Mw=0.8095 ML+1.3003 (3.3<=ML<=6.6),extrapolada,"Rivera - Huila, Colombia"
SGC,SGC2017sydqfz,2017-11-29T06:19:58+00:00,1.6,ML,2.5955000000000004,Senel et al.: Mw=0.8095 ML+1.3003 (3.3<=ML<=6.6),extrapolada,"Tello - Huila, Colombia"
SGC,SGC2017omjjvj,2017-11-30T05:12:33+00:00,1.5,ML,2.51455,Senel et al.: Mw=0.8095 ML+1.3003 (3.3<=ML<=6.6),extrapolada,"Tello - Huila, Colombia"
SGC,SGC2017wmidos,2017-12-06T12:39:50+00:00,1.3,ML,2.35265,Senel et al.: Mw=0.8095 ML+1.3003 (3.3<=ML<=6.6),extrapolada,"Rivera - Huila, Colombia"
SGC,SGC2017wmbhzt,2017-12-08T10:26:31+00:00,2.3,ML,3.16215,Senel et al.: Mw=0.8095 ML+1.3003 (3.3<=ML<=6.6),extrapolada,"Aipe - Huila, Colombia"
SGC,SGC2017tflukk,2017-12-10T11:24:22+00:00,1.3,ML,2.35265,Senel et al.: Mw=0.8095 ML+1.3003 (3.3<=ML<=6.6),extrapolada,"Rivera - Huila, Colombia"
SGC,SGC2017ngmbhp,2017-12-14T01:26:05+00:00,1.7,ML,2.67645,Senel et al.: Mw=0.8095 ML+1.3003 (3.3<=ML<=6.6),extrapolada,"Rivera - Huila, Colombia"
SGC,SGC2017wuxyrz,2017-12-17T00:27:08+00:00,1.8,ML,2.7574,Senel et al.: Mw=0.8095 ML+1.3003 (3.3<=ML<=6.6),extrapolada,"Rivera - Huila, Colombia"
SGC,SGC2017vbuytd,2017-12-18T09:10:19+00:00,1.0,ML,2.1098,Senel et al.: Mw=0.8095 ML+1.3003 (3.3<=ML<=6.6),extrapolada,"Rivera - Huila, Colombia"
SGC,SGC2017bctewi,2017-12-21T04:38:45+00:00,1.3,ML,2.35265,Senel et al.: Mw=0.8095 ML+1.3003 (3.3<=ML<=6.6),extrapolada,"Rivera - Huila, Colombia"
SGC,SGC2017noueuw,2017-12-22T08:30:15+00:00,1.4,ML,2.4336,Senel et al.: Mw=0.8095 ML+1.3003 (3.3<=ML<=6.6),extrapolada,"Algeciras - Huila, Colombia"
SGC,SGC2017yevpgn,2017-12-24T11:06:22+00:00,1.4,ML,2.4336,Senel et al.: Mw=0.8095 ML+1.3003 (3.3<=ML<=6.6),extrapolada,"Hobo - Huila, Colombia"
SGC,SGC2017tuqsmg,2017-12-26T17:02:32+00:00,1.8,ML,2.7574,Senel et al.: Mw=0.8095 ML+1.3003 (3.3<=ML<=6.6),extrapolada,"Rivera - Huila, Colombia"
SGC,SGC2017srrtpj,2017-12-28T01:29:09+00:00,2.1,ML,3.0002500000000003,Senel et al.: Mw=0.8095 ML+1.3003 (3.3<=ML<=6.6),extrapolada,"Rivera - Huila, Colombia"
SGC,SGC2017lffihm,2017-12-31T08:08:18+00:00,1.7,ML,2.67645,Senel et al.: Mw=0.8095 ML+1.3003 (3.3<=ML<=6.6),extrapolada,"Hobo - Huila, Colombia"
SGC,SGC2017cjweoc,2017-12-31T08:28:06+00:00,1.1,ML,2.19075,Senel et al.: Mw=0.8095 ML+1.3003 (3.3<=ML<=6.6),extrapolada,"Rivera - Huila, Colombia"
SGC,SGC2018izegdy,2018-01-07T12:13:14+00:00,1.6,ML,2.5955000000000004,Senel et al.: Mw=0.8095 ML+1.3003 (3.3<=ML<=6.6),extrapolada,"Hobo - Huila, Colombia"
SGC,SGC2018ifcfip,2018-01-14T17:26:19+00:00,2.9,ML,3.64785,Senel et al.: Mw=0.8095 ML+1.3003 (3.3<=ML<=6.6),extrapolada,"Campoalegre - Huila, Colombia"
SGC,SGC2018xvblge,2018-01-17T04:03:07+00:00,1.2,ML,2.2717,Senel et al.: Mw=0.8095 ML+1.3003 (3.3<=ML<=6.6),extrapolada,"Rivera - Huila, Colombia"
SGC,SGC2018aegwbp,2018-01-18T09:43:14+00:00,1.3,ML,2.35265,Senel et al.: Mw=0.8095 ML+1.3003 (3.3<=ML<=6.6),extrapolada,"Algeciras - Huila, Colombia"
SGC,SGC2018ljczni,2018-01-18T19:57:47+00:00,2.1,ML,3.0002500000000003,Senel et al.: Mw=0.8095 ML+1.3003 (3.3<=ML<=6.6),extrapolada,"Rivera - Huila, Colombia"
SGC,SGC2018cyrirg,2018-01-18T23:19:38+00:00,1.8,ML,2.7574,Senel et al.: Mw=0.8095 ML+1.3003 (3.3<=ML<=6.6),extrapolada,"Rivera - Huila, Colombia"
SGC,SGC2018rcfdxs,2018-02-02T04:54:38+00:00,1.2,ML,2.2717,Senel et al.: Mw=0.8095 ML+1.3003 (3.3<=ML<=6.6),extrapolada,"Rivera - Huila, Colombia"
SGC,SGC2018gvjctn,2018-02-02T06:03:23+00:00,1.2,ML,2.2717,Senel et al.: Mw=0.8095 ML+1.3003 (3.3<=ML<=6.6),extrapolada,"Rivera - Huila, Colombia"
SGC,SGC2018nqywpe,2018-02-08T03:53:48+00:00,2.2,ML,3.0812,Senel et al.: Mw=0.8095 ML+1.3003 (3.3<=ML<=6.6),extrapolada,"Yaguará - Huila, Colombia"
SGC,SGC2018oiuzba,2018-02-09T03:36:44+00:00,1.2,ML,2.2717,Senel et al.: Mw=0.8095 ML+1.3003 (3.3<=ML<=6.6),extrapolada,"Baraya - Huila, Colombia"
SGC,SGC2018ojnzsr,2018-02-10T17:29:59+00:00,1.9,ML,2.83835,Senel et al.: Mw=0.8095 ML+1.3003 (3.3<=ML<=6.6),extrapolada,"Rivera - Huila, Colombia"
SGC,SGC2018miervf,2018-02-16T13:31:39+00:00,1.9,ML,2.83835,Senel et al.: Mw=0.8095 ML+1.3003 (3.3<=ML<=6.6),extrapolada,"Villavieja - Huila, Colombia"
SGC,SGC2018sqluba,2018-02-18T07:45:23+00:00,0.8,ML,1.9479,Senel et al.: Mw=0.8095 ML+1.3003 (3.3<=ML<=6.6),extrapolada,"Algeciras - Huila, Colombia"
SGC,SGC2018qbetng,2018-02-18T15:21:38+00:00,1.9,ML,2.83835,Senel et al.: Mw=0.8095 ML+1.3003 (3.3<=ML<=6.6),extrapolada,"Tello - Huila, Colombia"
SGC,SGC2018hqlgpu,2018-02-19T23:18:49+00:00,1.6,ML,2.5955000000000004,Senel et al.: Mw=0.8095 ML+1.3003 (3.3<=ML<=6.6),extrapolada,"Rivera - Huila, Colombia"
SGC,SGC2018yyjcsn,2018-02-23T05:35:12+00:00,1.2,ML,2.2717,Senel et al.: Mw=0.8095 ML+1.3003 (3.3<=ML<=6.6),extrapolada,"Tello - Huila, Colombia"
SGC,SGC2018tfrzum,2018-02-23T18:00:21+00:00,1.8,ML,2.7574,Senel et al.: Mw=0.8095 ML+1.3003 (3.3<=ML<=6.6),extrapolada,"Rivera - Huila, Colombia"
SGC,SGC2018pmyovw,2018-02-27T19:16:46+00:00,2.3,ML,3.16215,Senel et al.: Mw=0.8095 ML+1.3003 (3.3<=ML<=6.6),extrapolada,"Algeciras - Huila, Colombia"
SGC,SGC2018egzc,2018-03-02T17:37:51+00:00,1.4,MLr_2,2.4336,Senel et al.: Mw=0.8095 ML+1.3003 (3.3<=ML<=6.6),extrapolada,"San Vicente del Caguán - Caquetá, Colombia"
SGC,SGC2018ehem,2018-03-02T20:22:02+00:00,1.5,MLr_2,2.51455,Senel et al.: Mw=0.8095 ML+1.3003 (3.3<=ML<=6.6),extrapolada,"Aipe - Huila, Colombia"
SGC,SGC2018ehsb,2018-03-03T03:13:27+00:00,2.1,MLr_2,3.0002500000000003,Senel et al.: Mw=0.8095 ML+1.3003 (3.3<=ML<=6.6),extrapolada,"San Vicente del Caguán - Caquetá, Colombia"
SGC,SGC2018eklf,2018-03-04T15:10:26+00:00,2.4,MLr_2,3.2431,Senel et al.: Mw=0.8095 ML+1.3003 (3.3<=ML<=6.6),extrapolada,"San Vicente del Caguán - Caquetá, Colombia"
SGC,SGC2018evuu,2018-03-10T20:28:55+00:00,1.7,MLr_2,2.67645,Senel et al.: Mw=0.8095 ML+1.3003 (3.3<=ML<=6.6),extrapolada,"San Vicente del Caguán - Caquetá, Colombia"
SGC,SGC2018eyea,2018-03-12T03:26:59+00:00,1.5,MLr_2,2.51455,Senel et al.: Mw=0.8095 ML+1.3003 (3.3<=ML<=6.6),extrapolada,"Teruel - Huila, Colombia"
SGC,SGC2018fomz,2018-03-21T02:08:18+00:00,1.5,MLr_2,2.51455,Senel et al.: Mw=0.8095 ML+1.3003 (3.3<=ML<=6.6),extrapolada,"Yaguará - Huila, Colombia"
SGC,SGC2018fwkh,2018-03-25T09:52:24+00:00,1.3,MLr_2,2.35265,Senel et al.: Mw=0.8095 ML+1.3003 (3.3<=ML<=6.6),extrapolada,"San Vicente del Caguán - Caquetá, Colombia"
SGC,SGC2018gacn,2018-03-27T10:29:25+00:00,1.1,MLr_2,2.19075,Senel et al.: Mw=0.8095 ML+1.3003 (3.3<=ML<=6.6),extrapolada,"San Vicente del Caguán - Caquetá, Colombia"
SGC,SGC2018gkyl,2018-04-02T08:54:59+00:00,2.2,MLr_2,3.0812,Senel et al.: Mw=0.8095 ML+1.3003 (3.3<=ML<=6.6),extrapolada,"San Vicente del Caguán - Caquetá, Colombia"
SGC,SGC2018gqzo,2018-04-05T16:18:11+00:00,1.1,MLr_2,2.19075,Senel et al.: Mw=0.8095 ML+1.3003 (3.3<=ML<=6.6),extrapolada,"Teruel - Huila, Colombia"
SGC,SGC2018gsqp,2018-04-06T14:02:30+00:00,1.4,MLr_2,2.4336,Senel et al.: Mw=0.8095 ML+1.3003 (3.3<=ML<=6.6),extrapolada,"San Vicente del Caguán - Caquetá, Colombia"
SGC,SGC2018hiyq,2018-04-15T12:16:40+00:00,1.3,MLr_2,2.35265,Senel et al.: Mw=0.8095 ML+1.3003 (3.3<=ML<=6.6),extrapolada,"Campoalegre - Huila, Colombia"
SGC,SGC2018hmjh,2018-04-17T09:05:02+00:00,1.2,MLr_2,2.2717,Senel et al.: Mw=0.8095 ML+1.3003 (3.3<=ML<=6.6),extrapolada,"Algeciras - Huila, Colombia"
SGC,SGC2018hrwr,2018-04-20T09:30:34+00:00,1.7,MLr_2,2.67645,Senel et al.: Mw=0.8095 ML+1.3003 (3.3<=ML<=6.6),extrapolada,"San Vicente del Caguán - Caquetá, Colombia"
SGC,SGC2018hxeo,2018-04-23T07:11:19+00:00,1.4,MLr_2,2.4336,Senel et al.: Mw=0.8095 ML+1.3003 (3.3<=ML<=6.6),extrapolada,"San Vicente del Caguán - Caquetá, Colombia"
SGC,SGC2018hzbb,2018-04-24T07:40:57+00:00,1.7,MLr_2,2.67645,Senel et al.: Mw=0.8095 ML+1.3003 (3.3<=ML<=6.6),extrapolada,"San Vicente del Caguán - Caquetá, Colombia"
SGC,SGC2018ioeb,2018-05-02T14:14:57+00:00,2.6,MLr_2,3.405,Senel et al.: Mw=0.8095 ML+1.3003 (3.3<=ML<=6.6),extrapolada,"Baraya - Huila, Colombia"
SGC,SGC2018izpc,2018-05-08T20:18:28+00:00,1.2,MLr_2,2.2717,Senel et al.: Mw=0.8095 ML+1.3003 (3.3<=ML<=6.6),extrapolada,"San Vicente del Caguán - Caquetá, Colombia"
SGC,SGC2018jejk,2018-05-11T11:07:01+00:00,2.2,MLr_2,3.0812,Senel et al.: Mw=0.8095 ML+1.3003 (3.3<=ML<=6.6),extrapolada,"San Vicente del Caguán - Caquetá, Colombia"
SGC,SGC2018jppq,2018-05-17T14:45:36+00:00,1.8,MLr_2,2.7574,Senel et al.: Mw=0.8095 ML+1.3003 (3.3<=ML<=6.6),extrapolada,"San Vicente del Caguán - Caquetá, Colombia"
SGC,SGC2018kapa,2018-05-23T14:56:27+00:00,1.4,MLr_2,2.4336,Senel et al.: Mw=0.8095 ML+1.3003 (3.3<=ML<=6.6),extrapolada,"San Vicente del Caguán - Caquetá, Colombia"
SGC,SGC2018kczg,2018-05-24T22:22:50+00:00,1.7,MLr_2,2.67645,Senel et al.: Mw=0.8095 ML+1.3003 (3.3<=ML<=6.6),extrapolada,"San Vicente del Caguán - Caquetá, Colombia"
SGC,SGC2018kgtk,2018-05-26T23:58:48+00:00,2.1,MLr_2,3.0002500000000003,Senel et al.: Mw=0.8095 ML+1.3003 (3.3<=ML<=6.6),extrapolada,"San Vicente del Caguán - Caquetá, Colombia"
SGC,SGC2018kofk,2018-05-31T01:59:28+00:00,1.4,MLr_2,2.4336,Senel et al.: Mw=0.8095 ML+1.3003 (3.3<=ML<=6.6),extrapolada,"Hobo - Huila, Colombia"
SGC,SGC2018lsfb,2018-06-16T11:54:01+00:00,1.9,MLr_2,2.83835,Senel et al.: Mw=0.8095 ML+1.3003 (3.3<=ML<=6.6),extrapolada,"San Vicente del Caguán - Caquetá, Colombia"
SGC,SGC2018luuc,2018-06-17T21:46:14+00:00,2.0,MLr_2,2.9193,Senel et al.: Mw=0.8095 ML+1.3003 (3.3<=ML<=6.6),extrapolada,"Campoalegre - Huila, Colombia"
SGC,SGC2018mejb,2018-06-23T03:33:07+00:00,1.8,MLr_2,2.7574,Senel et al.: Mw=0.8095 ML+1.3003 (3.3<=ML<=6.6),extrapolada,"Villavieja - Huila, Colombia"
SGC,SGC2018mfzi,2018-06-24T00:54:26+00:00,1.4,MLr_2,2.4336,Senel et al.: Mw=0.8095 ML+1.3003 (3.3<=ML<=6.6),extrapolada,"Campoalegre - Huila, Colombia"
SGC,SGC2018niph,2018-07-09T16:46:20+00:00,2.2,MLr_2,3.0812,Senel et al.: Mw=0.8095 ML+1.3003 (3.3<=ML<=6.6),extrapolada,"Tello - Huila, Colombia"
SGC,SGC2018ntxe,2018-07-15T21:15:54+00:00,2.5,MLr_2,3.32405,Senel et al.: Mw=0.8095 ML+1.3003 (3.3<=ML<=6.6),extrapolada,"Campoalegre - Huila, Colombia"
SGC,SGC2018oyxs,2018-08-01T20:45:00+00:00,1.6,MLr_2,2.5955000000000004,Senel et al.: Mw=0.8095 ML+1.3003 (3.3<=ML<=6.6),extrapolada,"San Vicente del Caguán - Caquetá, Colombia"
SGC,SGC2018pejl,2018-08-04T20:21:36+00:00,2.5,MLr_2,3.32405,Senel et al.: Mw=0.8095 ML+1.3003 (3.3<=ML<=6.6),extrapolada,"San Vicente del Caguán - Caquetá, Colombia"
SGC,SGC2018qbwz,2018-08-17T17:18:56+00:00,1.4,MLr_2,2.4336,Senel et al.: Mw=0.8095 ML+1.3003 (3.3<=ML<=6.6),extrapolada,"San Vicente del Caguán - Caquetá, Colombia"
SGC,SGC2018qcvr,2018-08-18T05:47:42+00:00,1.3,MLr_2,2.35265,Senel et al.: Mw=0.8095 ML+1.3003 (3.3<=ML<=6.6),extrapolada,"Algeciras - Huila, Colombia"
SGC,SGC2018qecg,2018-08-18T22:14:55+00:00,1.2,MLr_2,2.2717,Senel et al.: Mw=0.8095 ML+1.3003 (3.3<=ML<=6.6),extrapolada,"Hobo - Huila, Colombia"
SGC,SGC2018rayk,2018-08-31T10:26:15+00:00,1.2,MLr_2,2.2717,Senel et al.: Mw=0.8095 ML+1.3003 (3.3<=ML<=6.6),extrapolada,"Planadas - Tolima, Colombia"
SGC,SGC2018rinz,2018-09-04T14:15:09+00:00,2.0,MLr_2,2.9193,Senel et al.: Mw=0.8095 ML+1.3003 (3.3<=ML<=6.6),extrapolada,"Yaguará - Huila, Colombia"
SGC,SGC2018sjde,2018-09-19T03:28:12+00:00,1.6,MLr_2,2.5955000000000004,Senel et al.: Mw=0.8095 ML+1.3003 (3.3<=ML<=6.6),extrapolada,"Hobo - Huila, Colombia"
SGC,SGC2018sski,2018-09-24T05:18:48+00:00,1.1,MLr_2,2.19075,Senel et al.: Mw=0.8095 ML+1.3003 (3.3<=ML<=6.6),extrapolada,"Neiva - Huila, Colombia"
SGC,SGC2018subb,2018-09-25T02:54:05+00:00,1.2,MLr_2,2.2717,Senel et al.: Mw=0.8095 ML+1.3003 (3.3<=ML<=6.6),extrapolada,"Algeciras - Huila, Colombia"
SGC,SGC2018tbci,2018-09-28T23:29:40+00:00,1.8,MLr_2,2.7574,Senel et al.: Mw=0.8095 ML+1.3003 (3.3<=ML<=6.6),extrapolada,"San Vicente del Caguán - Caquetá, Colombia"
SGC,SGC2018tfbt,2018-10-01T03:44:51+00:00,2.1,MLr_2,3.0002500000000003,Senel et al.: Mw=0.8095 ML+1.3003 (3.3<=ML<=6.6),extrapolada,"Hobo - Huila, Colombia"
SGC,SGC2018tffx,2018-10-01T05:50:50+00:00,1.1,MLr_2,2.19075,Senel et al.: Mw=0.8095 ML+1.3003 (3.3<=ML<=6.6),extrapolada,"Hobo - Huila, Colombia"
SGC,SGC2018twnm,2018-10-10T16:59:08+00:00,1.4,MLr_2,2.4336,Senel et al.: Mw=0.8095 ML+1.3003 (3.3<=ML<=6.6),extrapolada,"Hobo - Huila, Colombia"
SGC,SGC2018ubkt,2018-10-13T09:17:08+00:00,1.3,MLr_2,2.35265,Senel et al.: Mw=0.8095 ML+1.3003 (3.3<=ML<=6.6),extrapolada,"Rivera - Huila, Colombia"
SGC,SGC2018uffk,2018-10-15T11:07:58+00:00,1.7,MLr_2,2.67645,Senel et al.: Mw=0.8095 ML+1.3003 (3.3<=ML<=6.6),extrapolada,"Hobo - Huila, Colombia"
SGC,SGC2018urpb,2018-10-22T05:38:00+00:00,1.2,MLr_2,2.2717,Senel et al.: Mw=0.8095 ML+1.3003 (3.3<=ML<=6.6),extrapolada,"San Vicente del Caguán - Caquetá, Colombia"
SGC,SGC2018uskr,2018-10-22T16:33:00+00:00,1.4,MLr_2,2.4336,Senel et al.: Mw=0.8095 ML+1.3003 (3.3<=ML<=6.6),extrapolada,"San Vicente del Caguán - Caquetá, Colombia"
SGC,SGC2018utlo,2018-10-23T06:07:54+00:00,1.4,MLr_2,2.4336,Senel et al.: Mw=0.8095 ML+1.3003 (3.3<=ML<=6.6),extrapolada,"San Vicente del Caguán - Caquetá, Colombia"
SGC,SGC2018uvhb,2018-10-24T06:08:30+00:00,1.2,MLr_2,2.2717,Senel et al.: Mw=0.8095 ML+1.3003 (3.3<=ML<=6.6),extrapolada,"Puerto Rico - Caquetá, Colombia"
SGC,SGC2018vedp,2018-10-29T02:36:33+00:00,1.4,MLr_2,2.4336,Senel et al.: Mw=0.8095 ML+1.3003 (3.3<=ML<=6.6),extrapolada,"San Vicente del Caguán - Caquetá, Colombia"
SGC,SGC2018viaf,2018-10-31T05:26:48+00:00,1.8,MLr_2,2.7574,Senel et al.: Mw=0.8095 ML+1.3003 (3.3<=ML<=6.6),extrapolada,"Baraya - Huila, Colombia"
SGC,SGC2018vijs,2018-10-31T10:15:13+00:00,1.0,MLr_2,2.1098,Senel et al.: Mw=0.8095 ML+1.3003 (3.3<=ML<=6.6),extrapolada,"Algeciras - Huila, Colombia"
SGC,SGC2018voeq,2018-11-03T14:29:20+00:00,1.4,MLr_2,2.4336,Senel et al.: Mw=0.8095 ML+1.3003 (3.3<=ML<=6.6),extrapolada,"San Vicente del Caguán - Caquetá, Colombia"
SGC,SGC2018vtje,2018-11-06T10:28:41+00:00,1.6,MLr_2,2.5955000000000004,Senel et al.: Mw=0.8095 ML+1.3003 (3.3<=ML<=6.6),extrapolada,"San Vicente del Caguán - Caquetá, Colombia"
SGC,SGC2018vtmn,2018-11-06T12:09:38+00:00,2.3,MLr_2,3.16215,Senel et al.: Mw=0.8095 ML+1.3003 (3.3<=ML<=6.6),extrapolada,"San Vicente del Caguán - Caquetá, Colombia"
SGC,SGC2018wdfi,2018-11-11T19:53:29+00:00,2.0,MLr_2,2.9193,Senel et al.: Mw=0.8095 ML+1.3003 (3.3<=ML<=6.6),extrapolada,"San Vicente del Caguán - Caquetá, Colombia"
SGC,SGC2018wdol,2018-11-12T00:29:28+00:00,1.7,MLr_2,2.67645,Senel et al.: Mw=0.8095 ML+1.3003 (3.3<=ML<=6.6),extrapolada,"Hobo - Huila, Colombia"
SGC,SGC2018xnoy,2018-12-01T17:38:37+00:00,1.9,MLr_2,2.83835,Senel et al.: Mw=0.8095 ML+1.3003 (3.3<=ML<=6.6),extrapolada,"San Vicente del Caguán - Caquetá, Colombia"
SGC,SGC2018xwdcr,2018-12-06T08:08:14+00:00,1.2,MLr_2,2.2717,Senel et al.: Mw=0.8095 ML+1.3003 (3.3<=ML<=6.6),extrapolada,"Campoalegre - Huila, Colombia"
SGC,SGC2018xzeob,2018-12-08T00:15:48+00:00,1.7,MLr_2,2.67645,Senel et al.: Mw=0.8095 ML+1.3003 (3.3<=ML<=6.6),extrapolada,"San Vicente del Caguán - Caquetá, Colombia"
SGC,SGC2018xzsib,2018-12-08T07:13:06+00:00,1.3,MLr_2,2.35265,Senel et al.: Mw=0.8095 ML+1.3003 (3.3<=ML<=6.6),extrapolada,"San Vicente del Caguán - Caquetá, Colombia"
SGC,SGC2018yeyhn,2018-12-11T03:54:17+00:00,2.7,MLr_2,3.4859500000000003,Senel et al.: Mw=0.8095 ML+1.3003 (3.3<=ML<=6.6),extrapolada,"San Vicente del Caguán - Caquetá, Colombia"
SGC,SGC2018yfpqb,2018-12-11T12:39:26+00:00,1.3,MLr_2,2.35265,Senel et al.: Mw=0.8095 ML+1.3003 (3.3<=ML<=6.6),extrapolada,"Villavieja - Huila, Colombia"
SGC,SGC2018ygala,2018-12-11T18:06:57+00:00,1.9,MLr_2,2.83835,Senel et al.: Mw=0.8095 ML+1.3003 (3.3<=ML<=6.6),extrapolada,"San Vicente del Caguán - Caquetá, Colombia"
SGC,SGC2018ygnrt,2018-12-12T00:48:48+00:00,1.3,MLr_2,2.35265,Senel et al.: Mw=0.8095 ML+1.3003 (3.3<=ML<=6.6),extrapolada,"San Vicente del Caguán - Caquetá, Colombia"
SGC,SGC2018ywfys,2018-12-20T15:02:17+00:00,1.4,MLr_2,2.4336,Senel et al.: Mw=0.8095 ML+1.3003 (3.3<=ML<=6.6),extrapolada,"San Vicente del Caguán - Caquetá, Colombia"
SGC,SGC2018yzfpj,2018-12-22T06:15:23+00:00,1.2,MLr_2,2.2717,Senel et al.: Mw=0.8095 ML+1.3003 (3.3<=ML<=6.6),extrapolada,"San Vicente del Caguán - Caquetá, Colombia"
SGC,SGC2018zduvq,2018-12-24T18:29:11+00:00,1.8,MLr_2,2.7574,Senel et al.: Mw=0.8095 ML+1.3003 (3.3<=ML<=6.6),extrapolada,"Campoalegre - Huila, Colombia"
SGC,SGC2018zllxn,2018-12-28T23:02:36+00:00,1.4,MLr_2,2.4336,Senel et al.: Mw=0.8095 ML+1.3003 (3.3<=ML<=6.6),extrapolada,"Algeciras - Huila, Colombia"
SGC,SGC2019achme,2019-01-02T06:02:19+00:00,1.0,MLr_2,2.1098,Senel et al.: Mw=0.8095 ML+1.3003 (3.3<=ML<=6.6),extrapolada,"Algeciras - Huila, Colombia"
SGC,SGC2019apjsc,2019-01-09T09:53:43+00:00,1.3,MLr_2,2.35265,Senel et al.: Mw=0.8095 ML+1.3003 (3.3<=ML<=6.6),extrapolada,"San Vicente del Caguán - Caquetá, Colombia"
SGC,SGC2019aunqs,2019-01-12T05:33:18+00:00,1.3,MLr_2,2.35265,Senel et al.: Mw=0.8095 ML+1.3003 (3.3<=ML<=6.6),extrapolada,"Villavieja - Huila, Colombia"
SGC,SGC2019basrd,2019-01-15T14:53:16+00:00,1.2,MLr_2,2.2717,Senel et al.: Mw=0.8095 ML+1.3003 (3.3<=ML<=6.6),extrapolada,"San Vicente del Caguán - Caquetá, Colombia"
SGC,SGC2019bfixe,2019-01-18T03:37:09+00:00,1.5,MLr_2,2.51455,Senel et al.: Mw=0.8095 ML+1.3003 (3.3<=ML<=6.6),extrapolada,"San Vicente del Caguán - Caquetá, Colombia"
SGC,SGC2019bftqm,2019-01-18T09:02:44+00:00,1.2,MLr_2,2.2717,Senel et al.: Mw=0.8095 ML+1.3003 (3.3<=ML<=6.6),extrapolada,"Neiva - Huila, Colombia"
SGC,SGC2019bgrwc,2019-01-18T21:16:42+00:00,1.4,MLr_2,2.4336,Senel et al.: Mw=0.8095 ML+1.3003 (3.3<=ML<=6.6),extrapolada,"San Vicente del Caguán - Caquetá, Colombia"
SGC,SGC2019birag,2019-01-19T23:07:12+00:00,1.2,MLr_2,2.2717,Senel et al.: Mw=0.8095 ML+1.3003 (3.3<=ML<=6.6),extrapolada,"San Vicente del Caguán - Caquetá, Colombia"
SGC,SGC2019bjbnq,2019-01-20T04:25:53+00:00,1.3,MLr_2,2.35265,Senel et al.: Mw=0.8095 ML+1.3003 (3.3<=ML<=6.6),extrapolada,"Hobo - Huila, Colombia"
SGC,SGC2019bjgwk,2019-01-20T07:07:38+00:00,1.4,MLr_2,2.4336,Senel et al.: Mw=0.8095 ML+1.3003 (3.3<=ML<=6.6),extrapolada,"San Vicente del Caguán - Caquetá, Colombia"
SGC,SGC2019bkjae,2019-01-20T21:20:39+00:00,1.9,MLr_2,2.83835,Senel et al.: Mw=0.8095 ML+1.3003 (3.3<=ML<=6.6),extrapolada,"San Vicente del Caguán - Caquetá, Colombia"
SGC,SGC2019bkjmn,2019-01-20T21:35:00+00:00,1.8,MLr_2,2.7574,Senel et al.: Mw=0.8095 ML+1.3003 (3.3<=ML<=6.6),extrapolada,"San Vicente del Caguán - Caquetá, Colombia"
SGC,SGC2019blijz,2019-01-21T10:09:42+00:00,1.2,MLr_2,2.2717,Senel et al.: Mw=0.8095 ML+1.3003 (3.3<=ML<=6.6),extrapolada,"Santa María - Huila, Colombia"
SGC,SGC2019btotd,2019-01-25T22:26:10+00:00,1.2,MLr_2,2.2717,Senel et al.: Mw=0.8095 ML+1.3003 (3.3<=ML<=6.6),extrapolada,"Hobo - Huila, Colombia"
SGC,SGC2019butjg,2019-01-26T13:54:12+00:00,1.4,MLr_2,2.4336,Senel et al.: Mw=0.8095 ML+1.3003 (3.3<=ML<=6.6),extrapolada,"Villavieja - Huila, Colombia"
SGC,SGC2019bwmat,2019-01-27T12:28:07+00:00,1.5,MLr_2,2.51455,Senel et al.: Mw=0.8095 ML+1.3003 (3.3<=ML<=6.6),extrapolada,"San Vicente del Caguán - Caquetá, Colombia"
SGC,SGC2019byhbz,2019-01-28T12:13:59+00:00,1.6,MLr_2,2.5955000000000004,Senel et al.: Mw=0.8095 ML+1.3003 (3.3<=ML<=6.6),extrapolada,"San Vicente del Caguán - Caquetá, Colombia"
SGC,SGC2019ccmru,2019-01-30T19:35:53+00:00,1.4,MLr_2,2.4336,Senel et al.: Mw=0.8095 ML+1.3003 (3.3<=ML<=6.6),extrapolada,"Villavieja - Huila, Colombia"
SGC,SGC2019cdmuc,2019-01-31T08:46:35+00:00,1.4,MLr_2,2.4336,Senel et al.: Mw=0.8095 ML+1.3003 (3.3<=ML<=6.6),extrapolada,"San Vicente del Caguán - Caquetá, Colombia"
SGC,SGC2019cfven,2019-02-01T15:17:07+00:00,1.8,MLr_2,2.7574,Senel et al.: Mw=0.8095 ML+1.3003 (3.3<=ML<=6.6),extrapolada,"San Vicente del Caguán - Caquetá, Colombia"
SGC,SGC2019cfzvm,2019-02-01T17:38:11+00:00,2.8,MLr_2,3.5669,Senel et al.: Mw=0.8095 ML+1.3003 (3.3<=ML<=6.6),extrapolada,"Íquira - Huila, Colombia"
SGC,SGC2019dhalv,2019-02-16T12:32:58+00:00,1.2,MLr_2,2.2717,Senel et al.: Mw=0.8095 ML+1.3003 (3.3<=ML<=6.6),extrapolada,"Algeciras - Huila, Colombia"
SGC,SGC2019doavc,2019-02-20T08:39:43+00:00,1.2,MLr_2,2.2717,Senel et al.: Mw=0.8095 ML+1.3003 (3.3<=ML<=6.6),extrapolada,"Algeciras - Huila, Colombia"
SGC,SGC2019dyrxe,2019-02-26T04:37:15+00:00,1.3,MLr_2,2.35265,Senel et al.: Mw=0.8095 ML+1.3003 (3.3<=ML<=6.6),extrapolada,"San Vicente del Caguán - Caquetá, Colombia"
SGC,SGC2019ebxjr,2019-02-27T22:47:22+00:00,1.9,MLr_2,2.83835,Senel et al.: Mw=0.8095 ML+1.3003 (3.3<=ML<=6.6),extrapolada,"Villavieja - Huila, Colombia"
SGC,SGC2019ewoaf,2019-03-11T05:51:19+00:00,1.3,MLr_2,2.35265,Senel et al.: Mw=0.8095 ML+1.3003 (3.3<=ML<=6.6),extrapolada,"Campoalegre - Huila, Colombia"
SGC,SGC2019ewspl,2019-03-11T08:10:21+00:00,1.4,MLr_2,2.4336,Senel et al.: Mw=0.8095 ML+1.3003 (3.3<=ML<=6.6),extrapolada,"Neiva - Huila, Colombia"
SGC,SGC2019eydft,2019-03-12T02:40:27+00:00,1.8,MLr_2,2.7574,Senel et al.: Mw=0.8095 ML+1.3003 (3.3<=ML<=6.6),extrapolada,"Algeciras - Huila, Colombia"
SGC,SGC2019ffsaz,2019-03-16T06:05:25+00:00,2.0,MLr_2,2.9193,Senel et al.: Mw=0.8095 ML+1.3003 (3.3<=ML<=6.6),extrapolada,"Campoalegre - Huila, Colombia"
SGC,SGC2019fhyat,2019-03-17T11:22:57+00:00,1.6,MLr_2,2.5955000000000004,Senel et al.: Mw=0.8095 ML+1.3003 (3.3<=ML<=6.6),extrapolada,"San Vicente del Caguán - Caquetá, Colombia"
SGC,SGC2019fotem,2019-03-21T04:51:42+00:00,1.5,MLr_2,2.51455,Senel et al.: Mw=0.8095 ML+1.3003 (3.3<=ML<=6.6),extrapolada,"Tello - Huila, Colombia"
SGC,SGC2019gqjtw,2019-04-05T07:50:20+00:00,1.3,MLr_2,2.35265,Senel et al.: Mw=0.8095 ML+1.3003 (3.3<=ML<=6.6),extrapolada,"San Vicente del Caguán - Caquetá, Colombia"
SGC,SGC2019gwbfs,2019-04-08T10:19:18+00:00,1.3,MLr_2,2.35265,Senel et al.: Mw=0.8095 ML+1.3003 (3.3<=ML<=6.6),extrapolada,"San Vicente del Caguán - Caquetá, Colombia"
SGC,SGC2019heyvf,2019-04-13T07:18:20+00:00,1.3,MLr_2,2.35265,Senel et al.: Mw=0.8095 ML+1.3003 (3.3<=ML<=6.6),extrapolada,"San Vicente del Caguán - Caquetá, Colombia"
SGC,SGC2019iacjy,2019-04-24T20:54:15+00:00,1.9,MLr_2,2.83835,Senel et al.: Mw=0.8095 ML+1.3003 (3.3<=ML<=6.6),extrapolada,"San Vicente del Caguán - Caquetá, Colombia"
SGC,SGC2019illfw,2019-05-01T01:50:10+00:00,1.4,MLr_2,2.4336,Senel et al.: Mw=0.8095 ML+1.3003 (3.3<=ML<=6.6),extrapolada,"San Vicente del Caguán - Caquetá, Colombia"
SGC,SGC2019iufqp,2019-05-05T21:12:45+00:00,1.3,MLr_2,2.35265,Senel et al.: Mw=0.8095 ML+1.3003 (3.3<=ML<=6.6),extrapolada,"San Vicente del Caguán - Caquetá, Colombia"
SGC,SGC2019jktts,2019-05-14T22:28:31+00:00,1.5,MLr_2,2.51455,Senel et al.: Mw=0.8095 ML+1.3003 (3.3<=ML<=6.6),extrapolada,"San Vicente del Caguán - Caquetá, Colombia"
SGC,SGC2019jlxdj,2019-05-15T13:18:42+00:00,1.9,MLr_2,2.83835,Senel et al.: Mw=0.8095 ML+1.3003 (3.3<=ML<=6.6),extrapolada,"San Vicente del Caguán - Caquetá, Colombia"
SGC,SGC2019jqwca,2019-05-18T06:26:47+00:00,1.2,MLr_2,2.2717,Senel et al.: Mw=0.8095 ML+1.3003 (3.3<=ML<=6.6),extrapolada,"Campoalegre - Huila, Colombia"
SGC,SGC2019jsjcq,2019-05-19T02:09:30+00:00,2.0,MLr_2,2.9193,Senel et al.: Mw=0.8095 ML+1.3003 (3.3<=ML<=6.6),extrapolada,"San Vicente del Caguán - Caquetá, Colombia"
SGC,SGC2019jzujt,2019-05-23T03:46:59+00:00,1.4,MLr_2,2.4336,Senel et al.: Mw=0.8095 ML+1.3003 (3.3<=ML<=6.6),extrapolada,"San Vicente del Caguán - Caquetá, Colombia"
SGC,SGC2019kbzap,2019-05-24T08:23:55+00:00,0.9,MLr_2,2.0288500000000003,Senel et al.: Mw=0.8095 ML+1.3003 (3.3<=ML<=6.6),extrapolada,"Neiva - Huila, Colombia"
SGC,SGC2019kcfvx,2019-05-24T11:50:36+00:00,1.2,MLr_2,2.2717,Senel et al.: Mw=0.8095 ML+1.3003 (3.3<=ML<=6.6),extrapolada,"Villavieja - Huila, Colombia"
SGC,SGC2019ksjew,2019-06-02T07:39:50+00:00,1.4,MLr_2,2.4336,Senel et al.: Mw=0.8095 ML+1.3003 (3.3<=ML<=6.6),extrapolada,"Aipe - Huila, Colombia"
SGC,SGC2019ktzkp,2019-06-03T04:59:26+00:00,1.4,MLr_2,2.4336,Senel et al.: Mw=0.8095 ML+1.3003 (3.3<=ML<=6.6),extrapolada,"San Vicente del Caguán - Caquetá, Colombia"
SGC,SGC2019kupsm,2019-06-03T13:14:01+00:00,1.5,MLr_2,2.51455,Senel et al.: Mw=0.8095 ML+1.3003 (3.3<=ML<=6.6),extrapolada,"Aipe - Huila, Colombia"
SGC,SGC2019lcrsl,2019-06-07T23:17:58+00:00,1.4,MLr_2,2.4336,Senel et al.: Mw=0.8095 ML+1.3003 (3.3<=ML<=6.6),extrapolada,"San Vicente del Caguán - Caquetá, Colombia"
SGC,SGC2019ljfmm,2019-06-11T13:03:19+00:00,1.7,MLr_2,2.67645,Senel et al.: Mw=0.8095 ML+1.3003 (3.3<=ML<=6.6),extrapolada,"San Vicente del Caguán - Caquetá, Colombia"
SGC,SGC2019llhar,2019-06-12T16:06:31+00:00,2.0,MLr_2,2.9193,Senel et al.: Mw=0.8095 ML+1.3003 (3.3<=ML<=6.6),extrapolada,"Baraya - Huila, Colombia"
SGC,SGC2019lwldb,2019-06-18T18:38:03+00:00,1.6,MLr_2,2.5955000000000004,Senel et al.: Mw=0.8095 ML+1.3003 (3.3<=ML<=6.6),extrapolada,"Neiva - Huila, Colombia"
SGC,SGC2019mgezy,2019-06-24T02:52:30+00:00,1.4,MLr_2,2.4336,Senel et al.: Mw=0.8095 ML+1.3003 (3.3<=ML<=6.6),extrapolada,"San Vicente del Caguán - Caquetá, Colombia"
SGC,SGC2019mhwhp,2019-06-25T00:44:39+00:00,1.4,MLr_2,2.4336,Senel et al.: Mw=0.8095 ML+1.3003 (3.3<=ML<=6.6),extrapolada,"San Vicente del Caguán - Caquetá, Colombia"
SGC,SGC2019mjllr,2019-06-25T21:31:53+00:00,1.6,MLr_2,2.5955000000000004,Senel et al.: Mw=0.8095 ML+1.3003 (3.3<=ML<=6.6),extrapolada,"San Vicente del Caguán - Caquetá, Colombia"
SGC,SGC2019mzise,2019-07-04T14:16:29+00:00,1.7,MLr_2,2.67645,Senel et al.: Mw=0.8095 ML+1.3003 (3.3<=ML<=6.6),extrapolada,"Villavieja - Huila, Colombia"
SGC,SGC2019nasmy,2019-07-05T08:22:03+00:00,1.8,MLr_2,2.7574,Senel et al.: Mw=0.8095 ML+1.3003 (3.3<=ML<=6.6),extrapolada,"Villavieja - Huila, Colombia"
SGC,SGC2019ndpyx,2019-07-06T22:28:28+00:00,2.1,MLr_2,3.0002500000000003,Senel et al.: Mw=0.8095 ML+1.3003 (3.3<=ML<=6.6),extrapolada,"Campoalegre - Huila, Colombia"
SGC,SGC2019nihot,2019-07-09T11:54:07+00:00,1.5,MLr_2,2.51455,Senel et al.: Mw=0.8095 ML+1.3003 (3.3<=ML<=6.6),extrapolada,"San Vicente del Caguán - Caquetá, Colombia"
SGC,SGC2019nqfmb,2019-07-13T19:54:16+00:00,1.3,MLr_2,2.35265,Senel et al.: Mw=0.8095 ML+1.3003 (3.3<=ML<=6.6),extrapolada,"San Vicente del Caguán - Caquetá, Colombia"
SGC,SGC2019oawbh,2019-07-19T15:36:51+00:00,1.4,MLr_2,2.4336,Senel et al.: Mw=0.8095 ML+1.3003 (3.3<=ML<=6.6),extrapolada,"San Vicente del Caguán - Caquetá, Colombia"
SGC,SGC2019oevuo,2019-07-21T20:00:58+00:00,1.5,MLr_2,2.51455,Senel et al.: Mw=0.8095 ML+1.3003 (3.3<=ML<=6.6),extrapolada,"Campoalegre - Huila, Colombia"
SGC,SGC2019oonvq,2019-07-27T03:19:40+00:00,1.1,MLr_2,2.19075,Senel et al.: Mw=0.8095 ML+1.3003 (3.3<=ML<=6.6),extrapolada,"San Vicente del Caguán - Caquetá, Colombia"
SGC,SGC2019oqxgf,2019-07-28T10:20:39+00:00,1.8,MLr_2,2.7574,Senel et al.: Mw=0.8095 ML+1.3003 (3.3<=ML<=6.6),extrapolada,"San Vicente del Caguán - Caquetá, Colombia"
SGC,SGC2019osplq,2019-07-29T08:40:36+00:00,1.1,MLr_2,2.19075,Senel et al.: Mw=0.8095 ML+1.3003 (3.3<=ML<=6.6),extrapolada,"San Vicente del Caguán - Caquetá, Colombia"
SGC,SGC2019oupgd,2019-07-30T10:50:10+00:00,1.1,MLr_2,2.19075,Senel et al.: Mw=0.8095 ML+1.3003 (3.3<=ML<=6.6),extrapolada,"Hobo - Huila, Colombia"
SGC,SGC2019ovkmy,2019-07-30T21:34:34+00:00,1.4,MLr_2,2.4336,Senel et al.: Mw=0.8095 ML+1.3003 (3.3<=ML<=6.6),extrapolada,"Baraya - Huila, Colombia"
SGC,SGC2019pkevd,2019-08-07T23:42:08+00:00,1.3,MLr_2,2.35265,Senel et al.: Mw=0.8095 ML+1.3003 (3.3<=ML<=6.6),extrapolada,"San Vicente del Caguán - Caquetá, Colombia"
SGC,SGC2019pwpwy,2019-08-14T18:53:31+00:00,1.7,MLr_2,2.67645,Senel et al.: Mw=0.8095 ML+1.3003 (3.3<=ML<=6.6),extrapolada,"Íquira - Huila, Colombia"
SGC,SGC2019qdkqk,2019-08-18T12:10:17+00:00,1.8,MLr_2,2.7574,Senel et al.: Mw=0.8095 ML+1.3003 (3.3<=ML<=6.6),extrapolada,"Campoalegre - Huila, Colombia"
SGC,SGC22019qtlzo,2019-08-27T06:59:06+00:00,1.6,MLr_2,2.5955000000000004,Senel et al.: Mw=0.8095 ML+1.3003 (3.3<=ML<=6.6),extrapolada,"San Vicente del Caguán - Caquetá, Colombia"
SGC,SGC22019quvlo,2019-08-28T00:53:52+00:00,2.0,MLr_2,2.9193,Senel et al.: Mw=0.8095 ML+1.3003 (3.3<=ML<=6.6),extrapolada,"Hobo - Huila, Colombia"
SGC,SGC22019qwxty,2019-08-29T04:20:17+00:00,1.8,MLr_2,2.7574,Senel et al.: Mw=0.8095 ML+1.3003 (3.3<=ML<=6.6),extrapolada,"San Vicente del Caguán - Caquetá, Colombia"
SGC,SGC22019rahbg,2019-08-31T00:25:29+00:00,1.1,MLr_2,2.19075,Senel et al.: Mw=0.8095 ML+1.3003 (3.3<=ML<=6.6),extrapolada,"San Vicente del Caguán - Caquetá, Colombia"
SGC,SGC22019rcntj,2019-09-01T06:04:24+00:00,1.0,MLr_2,2.1098,Senel et al.: Mw=0.8095 ML+1.3003 (3.3<=ML<=6.6),extrapolada,"Rivera - Huila, Colombia"
SGC,SGC22019rcobp,2019-09-01T06:14:00+00:00,0.9,MLr_2,2.0288500000000003,Senel et al.: Mw=0.8095 ML+1.3003 (3.3<=ML<=6.6),extrapolada,"Neiva - Huila, Colombia"
SGC,SGC2019rnncto,2019-09-06T03:31:46+00:00,1.3,MLr_2,2.35265,Senel et al.: Mw=0.8095 ML+1.3003 (3.3<=ML<=6.6),extrapolada,"San Vicente del Caguán - Caquetá, Colombia"
SGC,SGC2019ruypdj,2019-09-10T04:49:21+00:00,0.9,MLr_2,2.0288500000000003,Senel et al.: Mw=0.8095 ML+1.3003 (3.3<=ML<=6.6),extrapolada,"Neiva - Huila, Colombia"
SGC,SGC2019ryrygh,2019-09-12T05:46:37+00:00,1.5,MLr_2,2.51455,Senel et al.: Mw=0.8095 ML+1.3003 (3.3<=ML<=6.6),extrapolada,"San Vicente del Caguán - Caquetá, Colombia"
SGC,SGC2019sdghib,2019-09-14T17:17:27+00:00,1.4,MLr_2,2.4336,Senel et al.: Mw=0.8095 ML+1.3003 (3.3<=ML<=6.6),extrapolada,"San Vicente del Caguán - Caquetá, Colombia"
SGC,SGC2019soauaj,2019-09-20T14:20:24+00:00,1.5,MLr_2,2.51455,Senel et al.: Mw=0.8095 ML+1.3003 (3.3<=ML<=6.6),extrapolada,"San Vicente del Caguán - Caquetá, Colombia"
SGC,SGC2019subomr,2019-09-23T21:11:00+00:00,1.4,MLr_2,2.4336,Senel et al.: Mw=0.8095 ML+1.3003 (3.3<=ML<=6.6),extrapolada,"San Vicente del Caguán - Caquetá, Colombia"
SGC,SGC2019sxoobz,2019-09-25T18:56:11+00:00,1.5,MLr_2,2.51455,Senel et al.: Mw=0.8095 ML+1.3003 (3.3<=ML<=6.6),extrapolada,"San Vicente del Caguán - Caquetá, Colombia"
SGC,SGC2019tbnpan,2019-09-27T22:45:01+00:00,2.0,MLr_2,2.9193,Senel et al.: Mw=0.8095 ML+1.3003 (3.3<=ML<=6.6),extrapolada,"San Vicente del Caguán - Caquetá, Colombia"
SGC,SGC2019tegdhs,2019-09-29T10:13:38+00:00,1.3,MLr_2,2.35265,Senel et al.: Mw=0.8095 ML+1.3003 (3.3<=ML<=6.6),extrapolada,"Algeciras - Huila, Colombia"
SGC,SGC2019tmvbcx,2019-10-04T02:19:17+00:00,1.5,MLr_2,2.51455,Senel et al.: Mw=0.8095 ML+1.3003 (3.3<=ML<=6.6),extrapolada,"San Vicente del Caguán - Caquetá, Colombia"
SGC,SGC2019tneumv,2019-10-04T07:13:31+00:00,1.3,MLr_2,2.35265,Senel et al.: Mw=0.8095 ML+1.3003 (3.3<=ML<=6.6),extrapolada,"San Vicente del Caguán - Caquetá, Colombia"
SGC,SGC2019towmwz,2019-10-05T05:12:16+00:00,1.4,MLr_2,2.4336,Senel et al.: Mw=0.8095 ML+1.3003 (3.3<=ML<=6.6),extrapolada,"Baraya - Huila, Colombia"
SGC,SGC2019txuirq,2019-10-10T01:47:19+00:00,1.2,MLr_2,2.2717,Senel et al.: Mw=0.8095 ML+1.3003 (3.3<=ML<=6.6),extrapolada,"Algeciras - Huila, Colombia"
SGC,SGC2019ukargw,2019-10-16T17:52:01+00:00,1.4,MLr_2,2.4336,Senel et al.: Mw=0.8095 ML+1.3003 (3.3<=ML<=6.6),extrapolada,"San Vicente del Caguán - Caquetá, Colombia"
SGC,SGC2019usixxj,2019-10-21T06:36:53+00:00,2.6,MLr_2,3.405,Senel et al.: Mw=0.8095 ML+1.3003 (3.3<=ML<=6.6),extrapolada,"Algeciras - Huila, Colombia"
SGC,SGC2019uuklmx,2019-10-22T09:31:48+00:00,1.5,MLr_2,2.51455,Senel et al.: Mw=0.8095 ML+1.3003 (3.3<=ML<=6.6),extrapolada,"San Vicente del Caguán - Caquetá, Colombia"
SGC,SGC2019uyqyot,2019-10-24T17:05:55+00:00,1.4,MLr_2,2.4336,Senel et al.: Mw=0.8095 ML+1.3003 (3.3<=ML<=6.6),extrapolada,"Yaguará - Huila, Colombia"
SGC,SGC2019vhdbnc,2019-10-29T07:47:11+00:00,1.1,MLr_2,2.19075,Senel et al.: Mw=0.8095 ML+1.3003 (3.3<=ML<=6.6),extrapolada,"San Vicente del Caguán - Caquetá, Colombia"
SGC,SGC2019vhdydf,2019-10-29T08:13:26+00:00,1.6,MLr_2,2.5955000000000004,Senel et al.: Mw=0.8095 ML+1.3003 (3.3<=ML<=6.6),extrapolada,"San Vicente del Caguán - Caquetá, Colombia"
SGC,SGC2019vmivry,2019-11-01T04:03:51+00:00,2.1,MLr_2,3.0002500000000003,Senel et al.: Mw=0.8095 ML+1.3003 (3.3<=ML<=6.6),extrapolada,"Tello - Huila, Colombia"
SGC,SGC2019vnixdd,2019-11-01T17:09:54+00:00,2.5,MLr_2,3.32405,Senel et al.: Mw=0.8095 ML+1.3003 (3.3<=ML<=6.6),extrapolada,"Algeciras - Huila, Colombia"
SGC,SGC2019vpwklv,2019-11-03T02:06:39+00:00,1.9,MLr_2,2.83835,Senel et al.: Mw=0.8095 ML+1.3003 (3.3<=ML<=6.6),extrapolada,"San Vicente del Caguán - Caquetá, Colombia"
SGC,SGC2019wevjxc,2019-11-11T05:42:57+00:00,1.3,MLr_2,2.35265,Senel et al.: Mw=0.8095 ML+1.3003 (3.3<=ML<=6.6),extrapolada,"Yaguará - Huila, Colombia"
SGC,SGC2019wlcbph,2019-11-14T15:31:23+00:00,1.1,MLr_2,2.19075,Senel et al.: Mw=0.8095 ML+1.3003 (3.3<=ML<=6.6),extrapolada,"Yaguará - Huila, Colombia"
SGC,SGC2019womfzn,2019-11-16T11:51:37+00:00,1.6,MLr_2,2.5955000000000004,Senel et al.: Mw=0.8095 ML+1.3003 (3.3<=ML<=6.6),extrapolada,"San Vicente del Caguán - Caquetá, Colombia"
SGC,SGC2019woqfpb,2019-11-16T13:51:51+00:00,2.2,MLr_2,3.0812,Senel et al.: Mw=0.8095 ML+1.3003 (3.3<=ML<=6.6),extrapolada,"Algeciras - Huila, Colombia"
SGC,SGC2019xhcbyh,2019-11-26T15:10:14+00:00,1.6,MLr_2,2.5955000000000004,Senel et al.: Mw=0.8095 ML+1.3003 (3.3<=ML<=6.6),extrapolada,"San Vicente del Caguán - Caquetá, Colombia"
SGC,SGC2019xichal,2019-11-27T04:20:37+00:00,1.5,MLr_2,2.51455,Senel et al.: Mw=0.8095 ML+1.3003 (3.3<=ML<=6.6),extrapolada,"Hobo - Huila, Colombia"
SGC,SGC2019xntppu,2019-11-30T06:25:53+00:00,1.2,MLr_2,2.2717,Senel et al.: Mw=0.8095 ML+1.3003 (3.3<=ML<=6.6),extrapolada,"Rivera - Huila, Colombia"
SGC,SGC2019xrfmyj,2019-12-02T03:38:17+00:00,0.9,MLr_2,2.0288500000000003,Senel et al.: Mw=0.8095 ML+1.3003 (3.3<=ML<=6.6),extrapolada,"Villavieja - Huila, Colombia"
SGC,SGC2019xtdtqv,2019-12-03T04:54:40+00:00,1.2,MLr_2,2.2717,Senel et al.: Mw=0.8095 ML+1.3003 (3.3<=ML<=6.6),extrapolada,"Tello - Huila, Colombia"
SGC,SGC2019xwyknv,2019-12-05T06:31:08+00:00,1.8,MLr_2,2.7574,Senel et al.: Mw=0.8095 ML+1.3003 (3.3<=ML<=6.6),extrapolada,"Campoalegre - Huila, Colombia"
SGC,SGC2019xzceie,2019-12-06T10:33:05+00:00,2.0,MLr_2,2.9193,Senel et al.: Mw=0.8095 ML+1.3003 (3.3<=ML<=6.6),extrapolada,"San Vicente del Caguán - Caquetá, Colombia"
SGC,SGC2019yeozlc,2019-12-09T10:22:30+00:00,1.3,MLr_2,2.35265,Senel et al.: Mw=0.8095 ML+1.3003 (3.3<=ML<=6.6),extrapolada,"Algeciras - Huila, Colombia"
SGC,SGC2019ylizqj,2019-12-13T02:53:02+00:00,2.1,MLr_2,3.0002500000000003,Senel et al.: Mw=0.8095 ML+1.3003 (3.3<=ML<=6.6),extrapolada,"San Vicente del Caguán - Caquetá, Colombia"
SGC,SGC2019yntykl,2019-12-14T10:32:27+00:00,1.5,MLr_2,2.51455,Senel et al.: Mw=0.8095 ML+1.3003 (3.3<=ML<=6.6),extrapolada,"San Vicente del Caguán - Caquetá, Colombia"
SGC,SGC2019ypzlpj,2019-12-15T15:27:34+00:00,1.4,MLr_2,2.4336,Senel et al.: Mw=0.8095 ML+1.3003 (3.3<=ML<=6.6),extrapolada,"Campoalegre - Huila, Colombia"
SGC,SGC2019ysukrq,2019-12-17T04:09:05+00:00,1.2,MLr_2,2.2717,Senel et al.: Mw=0.8095 ML+1.3003 (3.3<=ML<=6.6),extrapolada,"Baraya - Huila, Colombia"
SGC,SGC2019zpeiov,2019-12-29T08:46:49+00:00,1.3,MLr_2,2.35265,Senel et al.: Mw=0.8095 ML+1.3003 (3.3<=ML<=6.6),extrapolada,"Tello - Huila, Colombia"
SGC,SGC2019ztjuzi,2019-12-31T15:49:58+00:00,1.8,MLr_2,2.7574,Senel et al.: Mw=0.8095 ML+1.3003 (3.3<=ML<=6.6),extrapolada,"Hobo - Huila, Colombia"
SGC,SGC2020aaachj,2020-01-01T00:02:38+00:00,1.8,MLr_2,2.7574,Senel et al.: Mw=0.8095 ML+1.3003 (3.3<=ML<=6.6),extrapolada,"San Vicente del Caguán - Caquetá, Colombia"
SGC,SGC2020ahwmds,2020-01-05T06:49:12+00:00,1.0,MLr_2,2.1098,Senel et al.: Mw=0.8095 ML+1.3003 (3.3<=ML<=6.6),extrapolada,"San Vicente del Caguán - Caquetá, Colombia"
SGC,SGC2020ahwunx,2020-01-05T06:58:56+00:00,1.5,MLr_2,2.51455,Senel et al.: Mw=0.8095 ML+1.3003 (3.3<=ML<=6.6),extrapolada,"San Vicente del Caguán - Caquetá, Colombia"
SGC,SGC2020asptep,2020-01-11T03:15:23+00:00,1.2,MLr_2,2.2717,Senel et al.: Mw=0.8095 ML+1.3003 (3.3<=ML<=6.6),extrapolada,"San Vicente del Caguán - Caquetá, Colombia"
SGC,SGC2020axvnus,2020-01-13T23:32:33+00:00,1.3,MLr_2,2.35265,Senel et al.: Mw=0.8095 ML+1.3003 (3.3<=ML<=6.6),extrapolada,"San Vicente del Caguán - Caquetá, Colombia"
SGC,SGC2020ayivjt,2020-01-14T06:13:31+00:00,2.2,MLr_2,3.0812,Senel et al.: Mw=0.8095 ML+1.3003 (3.3<=ML<=6.6),extrapolada,"Puerto Rico - Caquetá, Colombia"
SGC,SGC2020aytymg,2020-01-14T11:49:04+00:00,1.3,MLr_2,2.35265,Senel et al.: Mw=0.8095 ML+1.3003 (3.3<=ML<=6.6),extrapolada,"San Vicente del Caguán - Caquetá, Colombia"
SGC,SGC2020bcdltr,2020-01-16T07:49:28+00:00,1.0,MLr_2,2.1098,Senel et al.: Mw=0.8095 ML+1.3003 (3.3<=ML<=6.6),extrapolada,"San Vicente del Caguán - Caquetá, Colombia"
SGC,SGC2020begkyr,2020-01-17T11:27:59+00:00,2.4,MLr_2,3.2431,Senel et al.: Mw=0.8095 ML+1.3003 (3.3<=ML<=6.6),extrapolada,"San Vicente del Caguán - Caquetá, Colombia"
SGC,SGC2020bexduk,2020-01-17T19:52:36+00:00,1.3,MLr_2,2.35265,Senel et al.: Mw=0.8095 ML+1.3003 (3.3<=ML<=6.6),extrapolada,"Algeciras - Huila, Colombia"
SGC,SGC2020bhvftt,2020-01-19T10:07:59+00:00,1.1,MLr_2,2.19075,Senel et al.: Mw=0.8095 ML+1.3003 (3.3<=ML<=6.6),extrapolada,"Íquira - Huila, Colombia"
SGC,SGC2020bquxnz,2020-01-24T07:38:43+00:00,1.4,MLr_2,2.4336,Senel et al.: Mw=0.8095 ML+1.3003 (3.3<=ML<=6.6),extrapolada,"San Vicente del Caguán - Caquetá, Colombia"
SGC,SGC2020buabqo,2020-01-26T01:27:46+00:00,1.3,MLr_2,2.35265,Senel et al.: Mw=0.8095 ML+1.3003 (3.3<=ML<=6.6),extrapolada,"San Vicente del Caguán - Caquetá, Colombia"
SGC,SGC2020bvcgzg,2020-01-26T15:38:46+00:00,1.2,MLr_2,2.2717,Senel et al.: Mw=0.8095 ML+1.3003 (3.3<=ML<=6.6),extrapolada,"Algeciras - Huila, Colombia"
SGC,SGC2020cazgix,2020-01-29T20:34:23+00:00,1.6,MLr_2,2.5955000000000004,Senel et al.: Mw=0.8095 ML+1.3003 (3.3<=ML<=6.6),extrapolada,"Hobo - Huila, Colombia"
SGC,SGC2020cerize,2020-01-31T20:53:57+00:00,1.5,MLr_2,2.51455,Senel et al.: Mw=0.8095 ML+1.3003 (3.3<=ML<=6.6),extrapolada,"San Vicente del Caguán - Caquetá, Colombia"
SGC,SGC2020cgwegu,2020-02-02T01:28:19+00:00,1.7,MLr_2,2.67645,Senel et al.: Mw=0.8095 ML+1.3003 (3.3<=ML<=6.6),extrapolada,"Hobo - Huila, Colombia"
SGC,SGC2020chafvv,2020-02-02T03:30:49+00:00,1.3,MLr_2,2.35265,Senel et al.: Mw=0.8095 ML+1.3003 (3.3<=ML<=6.6),extrapolada,"Hobo - Huila, Colombia"
SGC,SGC2020cniydv,2020-02-05T14:20:18+00:00,1.5,MLr_2,2.51455,Senel et al.: Mw=0.8095 ML+1.3003 (3.3<=ML<=6.6),extrapolada,"San Vicente del Caguán - Caquetá, Colombia"
SGC,SGC2020cqoxnm,2020-02-07T08:34:03+00:00,2.1,MLr_2,3.0002500000000003,Senel et al.: Mw=0.8095 ML+1.3003 (3.3<=ML<=6.6),extrapolada,"Algeciras - Huila, Colombia"
SGC,SGC2020csctxj,2020-02-08T04:36:43+00:00,2.6,MLr_2,3.405,Senel et al.: Mw=0.8095 ML+1.3003 (3.3<=ML<=6.6),extrapolada,"San Vicente del Caguán - Caquetá, Colombia"
SGC,SGC2020cucutc,2020-02-09T06:46:37+00:00,1.4,MLr_2,2.4336,Senel et al.: Mw=0.8095 ML+1.3003 (3.3<=ML<=6.6),extrapolada,"San Vicente del Caguán - Caquetá, Colombia"
SGC,SGC2020cvggcd,2020-02-09T21:34:48+00:00,1.4,MLr_2,2.4336,Senel et al.: Mw=0.8095 ML+1.3003 (3.3<=ML<=6.6),extrapolada,"San Vicente del Caguán - Caquetá, Colombia"
SGC,SGC2020dbpoxv,2020-02-13T08:43:26+00:00,1.9,MLr_2,2.83835,Senel et al.: Mw=0.8095 ML+1.3003 (3.3<=ML<=6.6),extrapolada,"San Vicente del Caguán - Caquetá, Colombia"
SGC,SGC2020dodzzo,2020-02-20T04:53:03+00:00,2.2,MLr_2,3.0812,Senel et al.: Mw=0.8095 ML+1.3003 (3.3<=ML<=6.6),extrapolada,"San Vicente del Caguán - Caquetá, Colombia"
SGC,SGC2020doiaij,2020-02-20T06:53:29+00:00,1.6,MLr_2,2.5955000000000004,Senel et al.: Mw=0.8095 ML+1.3003 (3.3<=ML<=6.6),extrapolada,"Baraya - Huila, Colombia"
SGC,SGC2020duavry,2020-02-23T09:43:45+00:00,1.1,MLr_2,2.19075,Senel et al.: Mw=0.8095 ML+1.3003 (3.3<=ML<=6.6),extrapolada,"San Vicente del Caguán - Caquetá, Colombia"
SGC,SGC2020eeqarh,2020-02-29T04:06:52+00:00,2.6,MLr_2,3.405,Senel et al.: Mw=0.8095 ML+1.3003 (3.3<=ML<=6.6),extrapolada,"San Vicente del Caguán - Caquetá, Colombia"
SGC,SGC2020eflaxw,2020-02-29T14:40:47+00:00,1.2,MLr_2,2.2717,Senel et al.: Mw=0.8095 ML+1.3003 (3.3<=ML<=6.6),extrapolada,"San Vicente del Caguán - Caquetá, Colombia"
SGC,SGC2020efmmnw,2020-02-29T15:24:26+00:00,1.6,MLr_2,2.5955000000000004,Senel et al.: Mw=0.8095 ML+1.3003 (3.3<=ML<=6.6),extrapolada,"San Vicente del Caguán - Caquetá, Colombia"
SGC,SGC2020egimdt,2020-03-01T02:27:46+00:00,1.2,MLr_2,2.2717,Senel et al.: Mw=0.8095 ML+1.3003 (3.3<=ML<=6.6),extrapolada,"Campoalegre - Huila, Colombia"
SGC,SGC2020emesct,2020-03-04T07:00:51+00:00,1.2,MLr_2,2.2717,Senel et al.: Mw=0.8095 ML+1.3003 (3.3<=ML<=6.6),extrapolada,"Planadas - Tolima, Colombia"
SGC,SGC2020eoiakz,2020-03-05T10:49:58+00:00,1.6,MLr_2,2.5955000000000004,Senel et al.: Mw=0.8095 ML+1.3003 (3.3<=ML<=6.6),extrapolada,"San Vicente del Caguán - Caquetá, Colombia"
SGC,SGC2020exfyuk,2020-03-10T07:28:00+00:00,1.0,MLr_2,2.1098,Senel et al.: Mw=0.8095 ML+1.3003 (3.3<=ML<=6.6),extrapolada,"Villavieja - Huila, Colombia"
SGC,SGC2020eyuojp,2020-03-11T03:52:58+00:00,1.2,MLr_2,2.2717,Senel et al.: Mw=0.8095 ML+1.3003 (3.3<=ML<=6.6),extrapolada,"San Vicente del Caguán - Caquetá, Colombia"
SGC,SGC2020fiqirb,2020-03-16T12:30:24+00:00,1.4,MLr_2,2.4336,Senel et al.: Mw=0.8095 ML+1.3003 (3.3<=ML<=6.6),extrapolada,"Yaguará - Huila, Colombia"
SGC,SGC2020fnvxrk,2020-03-19T08:41:04+00:00,1.1,MLr_2,2.19075,Senel et al.: Mw=0.8095 ML+1.3003 (3.3<=ML<=6.6),extrapolada,"San Vicente del Caguán - Caquetá, Colombia"
SGC,SGC2020fsqilt,2020-03-21T23:14:55+00:00,1.2,MLr_2,2.2717,Senel et al.: Mw=0.8095 ML+1.3003 (3.3<=ML<=6.6),extrapolada,"Campoalegre - Huila, Colombia"
SGC,SGC2020fwsgzl,2020-03-24T04:31:28+00:00,1.4,MLr_2,2.4336,Senel et al.: Mw=0.8095 ML+1.3003 (3.3<=ML<=6.6),extrapolada,"Aipe - Huila, Colombia"
SGC,SGC2020gafkdq,2020-03-26T02:20:48+00:00,1.1,MLr_2,2.19075,Senel et al.: Mw=0.8095 ML+1.3003 (3.3<=ML<=6.6),extrapolada,"Hobo - Huila, Colombia"
SGC,SGC2020galgda,2020-03-26T05:17:09+00:00,1.2,MLr_2,2.2717,Senel et al.: Mw=0.8095 ML+1.3003 (3.3<=ML<=6.6),extrapolada,"San Vicente del Caguán - Caquetá, Colombia"
SGC,SGC2020gcaneb,2020-03-27T02:02:23+00:00,1.3,MLr_2,2.35265,Senel et al.: Mw=0.8095 ML+1.3003 (3.3<=ML<=6.6),extrapolada,"Algeciras - Huila, Colombia"
SGC,SGC2020gcyras,2020-03-27T14:11:06+00:00,1.5,MLr_2,2.51455,Senel et al.: Mw=0.8095 ML+1.3003 (3.3<=ML<=6.6),extrapolada,"San Vicente del Caguán - Caquetá, Colombia"
SGC,SGC2020ghpkos,2020-03-30T02:54:20+00:00,1.1,MLr_2,2.19075,Senel et al.: Mw=0.8095 ML+1.3003 (3.3<=ML<=6.6),extrapolada,"Hobo - Huila, Colombia"
SGC,SGC2020gnlkju,2020-04-02T07:20:17+00:00,1.2,MLr_2,2.2717,Senel et al.: Mw=0.8095 ML+1.3003 (3.3<=ML<=6.6),extrapolada,"Tello - Huila, Colombia"
SGC,SGC2020gogbtc,2020-04-02T17:43:52+00:00,1.0,MLr_2,2.1098,Senel et al.: Mw=0.8095 ML+1.3003 (3.3<=ML<=6.6),extrapolada,"Neiva - Huila, Colombia"
SGC,SGC2020grhejg,2020-04-04T09:30:30+00:00,1.1,MLr_2,2.19075,Senel et al.: Mw=0.8095 ML+1.3003 (3.3<=ML<=6.6),extrapolada,"Villavieja - Huila, Colombia"
SGC,SGC2020gygtso,2020-04-08T04:49:29+00:00,1.3,MLr_2,2.35265,Senel et al.: Mw=0.8095 ML+1.3003 (3.3<=ML<=6.6),extrapolada,"Campoalegre - Huila, Colombia"
SGC,SGC2020gzhmyw,2020-04-08T18:16:18+00:00,2.2,MLr_2,3.0812,Senel et al.: Mw=0.8095 ML+1.3003 (3.3<=ML<=6.6),extrapolada,"San Vicente del Caguán - Caquetá, Colombia"
SGC,SGC2020hiaijh,2020-04-13T12:20:02+00:00,1.4,MLr_2,2.4336,Senel et al.: Mw=0.8095 ML+1.3003 (3.3<=ML<=6.6),extrapolada,"Teruel - Huila, Colombia"
SGC,SGC2020hlaxrg,2020-04-15T03:51:13+00:00,0.9,MLr_2,2.0288500000000003,Senel et al.: Mw=0.8095 ML+1.3003 (3.3<=ML<=6.6),extrapolada,"Hobo - Huila, Colombia"
SGC,SGC2020hmzvux,2020-04-16T05:27:50+00:00,1.3,MLr_2,2.35265,Senel et al.: Mw=0.8095 ML+1.3003 (3.3<=ML<=6.6),extrapolada,"Neiva - Huila, Colombia"
SGC,SGC2020hswwkn,2020-04-19T10:24:52+00:00,1.2,MLr_2,2.2717,Senel et al.: Mw=0.8095 ML+1.3003 (3.3<=ML<=6.6),extrapolada,"San Vicente del Caguán - Caquetá, Colombia"
SGC,SGC2020huzkch,2020-04-20T13:49:56+00:00,1.3,MLr_2,2.35265,Senel et al.: Mw=0.8095 ML+1.3003 (3.3<=ML<=6.6),extrapolada,"San Vicente del Caguán - Caquetá, Colombia"
SGC,SGC2020hwkfcy,2020-04-21T08:20:33+00:00,1.1,MLr_2,2.19075,Senel et al.: Mw=0.8095 ML+1.3003 (3.3<=ML<=6.6),extrapolada,"Aipe - Huila, Colombia"
SGC,SGC2020ibeuyi,2020-04-23T23:00:21+00:00,1.2,MLr_2,2.2717,Senel et al.: Mw=0.8095 ML+1.3003 (3.3<=ML<=6.6),extrapolada,"Baraya - Huila, Colombia"
SGC,SGC2020ibthfq,2020-04-24T06:16:59+00:00,1.7,MLr_2,2.67645,Senel et al.: Mw=0.8095 ML+1.3003 (3.3<=ML<=6.6),extrapolada,"San Vicente del Caguán - Caquetá, Colombia"
SGC,SGC2020idabtt,2020-04-24T22:46:21+00:00,1.3,MLr_2,2.35265,Senel et al.: Mw=0.8095 ML+1.3003 (3.3<=ML<=6.6),extrapolada,"San Vicente del Caguán - Caquetá, Colombia"
SGC,SGC2020igieww,2020-04-26T18:04:47+00:00,1.1,MLr_2,2.19075,Senel et al.: Mw=0.8095 ML+1.3003 (3.3<=ML<=6.6),extrapolada,"Campoalegre - Huila, Colombia"
SGC,SGC2020ijnldf,2020-04-28T11:56:19+00:00,1.5,MLr_2,2.51455,Senel et al.: Mw=0.8095 ML+1.3003 (3.3<=ML<=6.6),extrapolada,"Hobo - Huila, Colombia"
SGC,SGC2020ijuldi,2020-04-28T15:28:13+00:00,1.5,MLr_2,2.51455,Senel et al.: Mw=0.8095 ML+1.3003 (3.3<=ML<=6.6),extrapolada,"San Vicente del Caguán - Caquetá, Colombia"
SGC,SGC2020iukkng,2020-05-04T10:14:19+00:00,1.3,MLr_2,2.35265,Senel et al.: Mw=0.8095 ML+1.3003 (3.3<=ML<=6.6),extrapolada,"Algeciras - Huila, Colombia"
SGC,SGC2020ixmfjs,2020-05-06T02:22:08+00:00,1.6,MLr_2,2.5955000000000004,Senel et al.: Mw=0.8095 ML+1.3003 (3.3<=ML<=6.6),extrapolada,"Algeciras - Huila, Colombia"
SGC,SGC2020jercac,2020-05-10T00:20:24+00:00,1.6,MLr_2,2.5955000000000004,Senel et al.: Mw=0.8095 ML+1.3003 (3.3<=ML<=6.6),extrapolada,"San Vicente del Caguán - Caquetá, Colombia"
SGC,SGC2020jhmwhm,2020-05-11T13:26:31+00:00,1.3,MLr_2,2.35265,Senel et al.: Mw=0.8095 ML+1.3003 (3.3<=ML<=6.6),extrapolada,"Hobo - Huila, Colombia"
SGC,SGC2020jsfyrh,2020-05-17T09:47:18+00:00,1.2,MLr_2,2.2717,Senel et al.: Mw=0.8095 ML+1.3003 (3.3<=ML<=6.6),extrapolada,"San Vicente del Caguán - Caquetá, Colombia"
SGC,SGC2020jwtpys,2020-05-19T20:57:30+00:00,1.3,MLr_2,2.35265,Senel et al.: Mw=0.8095 ML+1.3003 (3.3<=ML<=6.6),extrapolada,"Santa María - Huila, Colombia"
SGC,SGC2020kmhinv,2020-05-28T07:58:26+00:00,2.0,MLr_2,2.9193,Senel et al.: Mw=0.8095 ML+1.3003 (3.3<=ML<=6.6),extrapolada,"San Vicente del Caguán - Caquetá, Colombia"
SGC,SGC2020kmzdsl,2020-05-28T16:55:56+00:00,1.4,MLr_2,2.4336,Senel et al.: Mw=0.8095 ML+1.3003 (3.3<=ML<=6.6),extrapolada,"Villavieja - Huila, Colombia"
SGC,SGC2020kpbkui,2020-05-29T20:13:26+00:00,1.5,MLr_2,2.51455,Senel et al.: Mw=0.8095 ML+1.3003 (3.3<=ML<=6.6),extrapolada,"San Vicente del Caguán - Caquetá, Colombia"
SGC,SGC2020kpzdkq,2020-05-30T08:09:00+00:00,1.2,MLr_2,2.2717,Senel et al.: Mw=0.8095 ML+1.3003 (3.3<=ML<=6.6),extrapolada,"San Vicente del Caguán - Caquetá, Colombia"
SGC,SGC2020krfxwk,2020-05-31T00:38:15+00:00,0.9,MLr_2,2.0288500000000003,Senel et al.: Mw=0.8095 ML+1.3003 (3.3<=ML<=6.6),extrapolada,"Aipe - Huila, Colombia"
SGC,SGC2020krmkks,2020-05-31T03:53:51+00:00,1.3,MLr_2,2.35265,Senel et al.: Mw=0.8095 ML+1.3003 (3.3<=ML<=6.6),extrapolada,"San Vicente del Caguán - Caquetá, Colombia"
SGC,SGC2020krnzhs,2020-05-31T04:41:17+00:00,1.8,MLr_2,2.7574,Senel et al.: Mw=0.8095 ML+1.3003 (3.3<=ML<=6.6),extrapolada,"San Vicente del Caguán - Caquetá, Colombia"
SGC,SGC2020kzidmt,2020-06-04T10:20:56+00:00,1.2,MLr_2,2.2717,Senel et al.: Mw=0.8095 ML+1.3003 (3.3<=ML<=6.6),extrapolada,"Tello - Huila, Colombia"
SGC,SGC2020lggxke,2020-06-08T05:15:00+00:00,2.1,MLr_2,3.0002500000000003,Senel et al.: Mw=0.8095 ML+1.3003 (3.3<=ML<=6.6),extrapolada,"San Vicente del Caguán - Caquetá, Colombia"
SGC,SGC2020lkfqys,2020-06-10T08:55:16+00:00,1.0,MLr_2,2.1098,Senel et al.: Mw=0.8095 ML+1.3003 (3.3<=ML<=6.6),extrapolada,"Algeciras - Huila, Colombia"
SGC,SGC2020lnhtxr,2020-06-12T01:12:28+00:00,2.1,MLr_2,3.0002500000000003,Senel et al.: Mw=0.8095 ML+1.3003 (3.3<=ML<=6.6),extrapolada,"San Vicente del Caguán - Caquetá, Colombia"
SGC,SGC2020mgqrqf,2020-06-22T14:06:22+00:00,1.8,MLr_2,2.7574,Senel et al.: Mw=0.8095 ML+1.3003 (3.3<=ML<=6.6),extrapolada,"Algeciras - Huila, Colombia"
SGC,SGC2020mrklky,2020-06-28T10:47:24+00:00,1.2,MLr_2,2.2717,Senel et al.: Mw=0.8095 ML+1.3003 (3.3<=ML<=6.6),extrapolada,"Tello - Huila, Colombia"
SGC,SGC2020mvwgua,2020-06-30T21:01:58+00:00,1.3,MLr_2,2.35265,Senel et al.: Mw=0.8095 ML+1.3003 (3.3<=ML<=6.6),extrapolada,"Algeciras - Huila, Colombia"
SGC,SGC2020mzgvuw,2020-07-02T17:34:33+00:00,1.4,MLr_2,2.4336,Senel et al.: Mw=0.8095 ML+1.3003 (3.3<=ML<=6.6),extrapolada,"San Vicente del Caguán - Caquetá, Colombia"
SGC,SGC2020nhfwoi,2020-07-07T01:41:04+00:00,1.4,MLr_2,2.4336,Senel et al.: Mw=0.8095 ML+1.3003 (3.3<=ML<=6.6),extrapolada,"San Vicente del Caguán - Caquetá, Colombia"
SGC,SGC2020noxico,2020-07-11T05:58:43+00:00,1.7,MLr_2,2.67645,Senel et al.: Mw=0.8095 ML+1.3003 (3.3<=ML<=6.6),extrapolada,"Villavieja - Huila, Colombia"
SGC,SGC2020ntqwzr,2020-07-13T20:07:11+00:00,2.4,MLr_2,3.2431,Senel et al.: Mw=0.8095 ML+1.3003 (3.3<=ML<=6.6),extrapolada,"San Vicente del Caguán - Caquetá, Colombia"
SGC,SGC2020nzaols,2020-07-16T18:21:21+00:00,1.2,MLr_2,2.2717,Senel et al.: Mw=0.8095 ML+1.3003 (3.3<=ML<=6.6),extrapolada,"Baraya - Huila, Colombia"
SGC,SGC2020nznwnz,2020-07-17T01:02:59+00:00,1.3,MLr_2,2.35265,Senel et al.: Mw=0.8095 ML+1.3003 (3.3<=ML<=6.6),extrapolada,"San Vicente del Caguán - Caquetá, Colombia"
SGC,SGC2020oafhzd,2020-07-17T09:49:11+00:00,2.0,MLr_2,2.9193,Senel et al.: Mw=0.8095 ML+1.3003 (3.3<=ML<=6.6),extrapolada,"San Vicente del Caguán - Caquetá, Colombia"
SGC,SGC2020obfzbb,2020-07-17T23:13:27+00:00,1.5,MLr_2,2.51455,Senel et al.: Mw=0.8095 ML+1.3003 (3.3<=ML<=6.6),extrapolada,"San Vicente del Caguán - Caquetá, Colombia"
SGC,SGC2020oceqpo,2020-07-18T11:37:58+00:00,1.8,MLr_2,2.7574,Senel et al.: Mw=0.8095 ML+1.3003 (3.3<=ML<=6.6),extrapolada,"Campoalegre - Huila, Colombia"
SGC,SGC2020ocgdfp,2020-07-18T12:22:47+00:00,1.1,MLr_2,2.19075,Senel et al.: Mw=0.8095 ML+1.3003 (3.3<=ML<=6.6),extrapolada,"San Vicente del Caguán - Caquetá, Colombia"
SGC,SGC2020ocpyvn,2020-07-18T17:19:24+00:00,1.5,MLr_2,2.51455,Senel et al.: Mw=0.8095 ML+1.3003 (3.3<=ML<=6.6),extrapolada,"Algeciras - Huila, Colombia"
SGC,SGC2020ohhdgl,2020-07-21T06:15:22+00:00,1.5,MLr_2,2.51455,Senel et al.: Mw=0.8095 ML+1.3003 (3.3<=ML<=6.6),extrapolada,"Algeciras - Huila, Colombia"
SGC,SGC2020oitlde,2020-07-22T01:31:03+00:00,1.1,MLr_2,2.19075,Senel et al.: Mw=0.8095 ML+1.3003 (3.3<=ML<=6.6),extrapolada,"San Vicente del Caguán - Caquetá, Colombia"
SGC,SGC2020olajqv,2020-07-23T07:09:30+00:00,1.9,MLr_2,2.83835,Senel et al.: Mw=0.8095 ML+1.3003 (3.3<=ML<=6.6),extrapolada,"Campoalegre - Huila, Colombia"
SGC,SGC2020ooppyc,2020-07-25T06:02:47+00:00,1.3,MLr_2,2.35265,Senel et al.: Mw=0.8095 ML+1.3003 (3.3<=ML<=6.6),extrapolada,"Baraya - Huila, Colombia"
SGC,SGC2020opfwnf,2020-07-25T14:13:10+00:00,1.3,MLr_2,2.35265,Senel et al.: Mw=0.8095 ML+1.3003 (3.3<=ML<=6.6),extrapolada,"Algeciras - Huila, Colombia"
SGC,SGC2020oqfkfm,2020-07-26T03:03:23+00:00,1.1,MLr_2,2.19075,Senel et al.: Mw=0.8095 ML+1.3003 (3.3<=ML<=6.6),extrapolada,"Aipe - Huila, Colombia"
SGC,SGC2020orjwst,2020-07-26T18:23:04+00:00,0.9,MLr_2,2.0288500000000003,Senel et al.: Mw=0.8095 ML+1.3003 (3.3<=ML<=6.6),extrapolada,"Villavieja - Huila, Colombia"
SGC,SGC2020osgbmm,2020-07-27T05:32:22+00:00,1.2,MLr_2,2.2717,Senel et al.: Mw=0.8095 ML+1.3003 (3.3<=ML<=6.6),extrapolada,"Neiva - Huila, Colombia"
SGC,SGC2020ovyaoy,2020-07-29T05:47:51+00:00,1.7,MLr_2,2.67645,Senel et al.: Mw=0.8095 ML+1.3003 (3.3<=ML<=6.6),extrapolada,"San Vicente del Caguán - Caquetá, Colombia"
SGC,SGC2020oywnmf,2020-07-30T20:15:53+00:00,1.4,MLr_2,2.4336,Senel et al.: Mw=0.8095 ML+1.3003 (3.3<=ML<=6.6),extrapolada,"Villavieja - Huila, Colombia"
SGC,SGC2020ozznxm,2020-07-31T10:51:23+00:00,1.7,MLr_2,2.67645,Senel et al.: Mw=0.8095 ML+1.3003 (3.3<=ML<=6.6),extrapolada,"San Vicente del Caguán - Caquetá, Colombia"
SGC,SGC2020pvyjie,2020-08-12T09:54:21+00:00,1.4,MLr_2,2.4336,Senel et al.: Mw=0.8095 ML+1.3003 (3.3<=ML<=6.6),extrapolada,"Algeciras - Huila, Colombia"
SGC,SGC2020qfinuu,2020-08-17T12:41:32+00:00,2.3,MLr_2,3.16215,Senel et al.: Mw=0.8095 ML+1.3003 (3.3<=ML<=6.6),extrapolada,"San Vicente del Caguán - Caquetá, Colombia"
SGC,SGC2020qgkjte,2020-08-18T02:41:40+00:00,1.2,MLr_2,2.2717,Senel et al.: Mw=0.8095 ML+1.3003 (3.3<=ML<=6.6),extrapolada,"San Vicente del Caguán - Caquetá, Colombia"
SGC,SGC2020qhtchq,2020-08-18T20:09:03+00:00,1.2,MLr_2,2.2717,Senel et al.: Mw=0.8095 ML+1.3003 (3.3<=ML<=6.6),extrapolada,"San Vicente del Caguán - Caquetá, Colombia"
SGC,SGC2020qkymuh,2020-08-20T14:05:30+00:00,1.4,MLr_2,2.4336,Senel et al.: Mw=0.8095 ML+1.3003 (3.3<=ML<=6.6),extrapolada,"Hobo - Huila, Colombia"
SGC,SGC2020qlzkzs,2020-08-21T03:38:04+00:00,1.2,MLr_2,2.2717,Senel et al.: Mw=0.8095 ML+1.3003 (3.3<=ML<=6.6),extrapolada,"Campoalegre - Huila, Colombia"
SGC,SGC2020qmlepb,2020-08-21T09:32:42+00:00,1.4,MLr_2,2.4336,Senel et al.: Mw=0.8095 ML+1.3003 (3.3<=ML<=6.6),extrapolada,"Hobo - Huila, Colombia"
SGC,SGC2020qtpipe,2020-08-25T07:09:22+00:00,1.3,MLr_2,2.35265,Senel et al.: Mw=0.8095 ML+1.3003 (3.3<=ML<=6.6),extrapolada,"Algeciras - Huila, Colombia"
SGC,SGC2020qxegvb,2020-08-27T05:53:19+00:00,1.4,MLr_2,2.4336,Senel et al.: Mw=0.8095 ML+1.3003 (3.3<=ML<=6.6),extrapolada,"San Vicente del Caguán - Caquetá, Colombia"
SGC,SGC2020rchcin,2020-08-30T00:42:04+00:00,1.3,MLr_2,2.35265,Senel et al.: Mw=0.8095 ML+1.3003 (3.3<=ML<=6.6),extrapolada,"Hobo - Huila, Colombia"
SGC,SGC2020rewqqc,2020-08-31T10:39:07+00:00,1.3,MLr_2,2.35265,Senel et al.: Mw=0.8095 ML+1.3003 (3.3<=ML<=6.6),extrapolada,"San Vicente del Caguán - Caquetá, Colombia"
SGC,SGC2020rhvlzn,2020-09-02T01:17:00+00:00,1.1,MLr_2,2.19075,Senel et al.: Mw=0.8095 ML+1.3003 (3.3<=ML<=6.6),extrapolada,"Campoalegre - Huila, Colombia"
SGC,SGC2020rpzanq,2020-09-06T11:40:11+00:00,1.4,MLr_2,2.4336,Senel et al.: Mw=0.8095 ML+1.3003 (3.3<=ML<=6.6),extrapolada,"San Vicente del Caguán - Caquetá, Colombia"
SGC,SGC2020rutrxb,2020-09-09T02:21:41+00:00,1.7,MLr_2,2.67645,Senel et al.: Mw=0.8095 ML+1.3003 (3.3<=ML<=6.6),extrapolada,"San Vicente del Caguán - Caquetá, Colombia"
SGC,SGC2020ryhktl,2020-09-11T00:29:14+00:00,1.1,MLr_2,2.19075,Senel et al.: Mw=0.8095 ML+1.3003 (3.3<=ML<=6.6),extrapolada,"San Vicente del Caguán - Caquetá, Colombia"
SGC,SGC2020scpksa,2020-09-13T08:48:24+00:00,1.3,MLr_2,2.35265,Senel et al.: Mw=0.8095 ML+1.3003 (3.3<=ML<=6.6),extrapolada,"San Vicente del Caguán - Caquetá, Colombia"
SGC,SGC2020sdzdvw,2020-09-14T02:46:26+00:00,2.0,MLr_2,2.9193,Senel et al.: Mw=0.8095 ML+1.3003 (3.3<=ML<=6.6),extrapolada,"San Vicente del Caguán - Caquetá, Colombia"
SGC,SGC2020seoepl,2020-09-14T10:20:08+00:00,1.4,MLr_2,2.4336,Senel et al.: Mw=0.8095 ML+1.3003 (3.3<=ML<=6.6),extrapolada,"San Vicente del Caguán - Caquetá, Colombia"
SGC,SGC2020sfaqxw,2020-09-14T16:36:39+00:00,1.6,MLr_2,2.5955000000000004,Senel et al.: Mw=0.8095 ML+1.3003 (3.3<=ML<=6.6),extrapolada,"Algeciras - Huila, Colombia"
SGC,SGC2020sfwmxs,2020-09-15T03:35:40+00:00,1.6,MLr_2,2.5955000000000004,Senel et al.: Mw=0.8095 ML+1.3003 (3.3<=ML<=6.6),extrapolada,"Campoalegre - Huila, Colombia"
SGC,SGC2020sgleev,2020-09-15T10:58:05+00:00,1.4,MLr_2,2.4336,Senel et al.: Mw=0.8095 ML+1.3003 (3.3<=ML<=6.6),extrapolada,"San Vicente del Caguán - Caquetá, Colombia"
SGC,SGC2020sjjwgl,2020-09-17T01:32:08+00:00,1.2,MLr_2,2.2717,Senel et al.: Mw=0.8095 ML+1.3003 (3.3<=ML<=6.6),extrapolada,"San Vicente del Caguán - Caquetá, Colombia"
SGC,SGC2020ssxifk,2020-09-22T05:58:42+00:00,1.9,MLr_2,2.83835,Senel et al.: Mw=0.8095 ML+1.3003 (3.3<=ML<=6.6),extrapolada,"San Vicente del Caguán - Caquetá, Colombia"
SGC,SGC2020syedms,2020-09-25T02:46:43+00:00,1.8,MLr_2,2.7574,Senel et al.: Mw=0.8095 ML+1.3003 (3.3<=ML<=6.6),extrapolada,"San Vicente del Caguán - Caquetá, Colombia"
SGC,SGC2020tawxgr,2020-09-26T14:21:39+00:00,1.1,MLr_2,2.19075,Senel et al.: Mw=0.8095 ML+1.3003 (3.3<=ML<=6.6),extrapolada,"Campoalegre - Huila, Colombia"
SGC,SGC2020tbqvkx,2020-09-27T00:22:58+00:00,1.2,MLr_2,2.2717,Senel et al.: Mw=0.8095 ML+1.3003 (3.3<=ML<=6.6),extrapolada,"San Vicente del Caguán - Caquetá, Colombia"
SGC,SGC2020tcrsoz,2020-09-27T13:54:18+00:00,1.2,MLr_2,2.2717,Senel et al.: Mw=0.8095 ML+1.3003 (3.3<=ML<=6.6),extrapolada,"Yaguará - Huila, Colombia"
SGC,SGC2020tfwdzv,2020-09-29T07:21:38+00:00,1.5,MLr_2,2.51455,Senel et al.: Mw=0.8095 ML+1.3003 (3.3<=ML<=6.6),extrapolada,"Teruel - Huila, Colombia"
SGC,SGC2020thebfj,2020-09-30T00:24:17+00:00,1.5,MLr_2,2.51455,Senel et al.: Mw=0.8095 ML+1.3003 (3.3<=ML<=6.6),extrapolada,"San Vicente del Caguán - Caquetá, Colombia"
SGC,SGC2020tkqjqk,2020-10-01T21:49:33+00:00,2.6,MLr_2,3.405,Senel et al.: Mw=0.8095 ML+1.3003 (3.3<=ML<=6.6),extrapolada,"Algeciras - Huila, Colombia"
SGC,SGC2020trhvyr,2020-10-05T13:03:38+00:00,1.4,MLr_2,2.4336,Senel et al.: Mw=0.8095 ML+1.3003 (3.3<=ML<=6.6),extrapolada,"San Vicente del Caguán - Caquetá, Colombia"
SGC,SGC2020tsrilc,2020-10-06T06:54:08+00:00,1.1,MLr_2,2.19075,Senel et al.: Mw=0.8095 ML+1.3003 (3.3<=ML<=6.6),extrapolada,"Íquira - Huila, Colombia"
SGC,SGC2020ttllcr,2020-10-06T17:00:41+00:00,1.3,MLr_2,2.35265,Senel et al.: Mw=0.8095 ML+1.3003 (3.3<=ML<=6.6),extrapolada,"Uribe - Meta, Colombia"
SGC,SGC2020tuohjo,2020-10-07T07:31:18+00:00,1.5,MLr_2,2.51455,Senel et al.: Mw=0.8095 ML+1.3003 (3.3<=ML<=6.6),extrapolada,"San Vicente del Caguán - Caquetá, Colombia"
SGC,SGC2020twttlg,2020-10-08T12:25:07+00:00,1.0,MLr_2,2.1098,Senel et al.: Mw=0.8095 ML+1.3003 (3.3<=ML<=6.6),extrapolada,"Hobo - Huila, Colombia"
SGC,SGC2020tydrmm,2020-10-09T06:29:05+00:00,1.2,MLr_2,2.2717,Senel et al.: Mw=0.8095 ML+1.3003 (3.3<=ML<=6.6),extrapolada,"Aipe - Huila, Colombia"
SGC,SGC2020uawifc,2020-10-10T18:00:30+00:00,1.5,MLr_2,2.51455,Senel et al.: Mw=0.8095 ML+1.3003 (3.3<=ML<=6.6),extrapolada,"San Vicente del Caguán - Caquetá, Colombia"
SGC,SGC2020udzitk,2020-10-12T10:45:07+00:00,0.9,MLr_2,2.0288500000000003,Senel et al.: Mw=0.8095 ML+1.3003 (3.3<=ML<=6.6),extrapolada,"Planadas - Tolima, Colombia"
SGC,SGC2020ujqcds,2020-10-15T12:32:44+00:00,1.4,MLr_2,2.4336,Senel et al.: Mw=0.8095 ML+1.3003 (3.3<=ML<=6.6),extrapolada,"San Vicente del Caguán - Caquetá, Colombia"
SGC,SGC2020utyxco,2020-10-21T03:43:12+00:00,1.2,MLr_2,2.2717,Senel et al.: Mw=0.8095 ML+1.3003 (3.3<=ML<=6.6),extrapolada,"San Vicente del Caguán - Caquetá, Colombia"
SGC,SGC2020uvvcgq,2020-10-22T03:57:26+00:00,1.5,MLr_2,2.51455,Senel et al.: Mw=0.8095 ML+1.3003 (3.3<=ML<=6.6),extrapolada,"San Vicente del Caguán - Caquetá, Colombia"
SGC,SGC2020vduolz,2020-10-26T12:17:16+00:00,1.7,MLr_2,2.67645,Senel et al.: Mw=0.8095 ML+1.3003 (3.3<=ML<=6.6),extrapolada,"Campoalegre - Huila, Colombia"
SGC,SGC2020vkqxwl,2020-10-30T05:58:48+00:00,1.3,MLr_2,2.35265,Senel et al.: Mw=0.8095 ML+1.3003 (3.3<=ML<=6.6),extrapolada,"Villavieja - Huila, Colombia"
SGC,SGC2020vmewms,2020-10-31T02:04:05+00:00,1.7,MLr_2,2.67645,Senel et al.: Mw=0.8095 ML+1.3003 (3.3<=ML<=6.6),extrapolada,"Uribe - Meta, Colombia"
SGC,SGC2020vyojuv,2020-11-06T19:44:47+00:00,1.2,MLr_2,2.2717,Senel et al.: Mw=0.8095 ML+1.3003 (3.3<=ML<=6.6),extrapolada,"Algeciras - Huila, Colombia"
SGC,SGC2020vyowdb,2020-11-06T19:59:05+00:00,1.4,MLr_2,2.4336,Senel et al.: Mw=0.8095 ML+1.3003 (3.3<=ML<=6.6),extrapolada,"Hobo - Huila, Colombia"
SGC,SGC2020wbhblu,2020-11-08T07:17:15+00:00,1.3,MLr_2,2.35265,Senel et al.: Mw=0.8095 ML+1.3003 (3.3<=ML<=6.6),extrapolada,"Hobo - Huila, Colombia"
SGC,SGC2020wfihqm,2020-11-10T12:12:34+00:00,1.6,MLr_2,2.5955000000000004,Senel et al.: Mw=0.8095 ML+1.3003 (3.3<=ML<=6.6),extrapolada,"Algeciras - Huila, Colombia"
SGC,SGC2020wivnin,2020-11-12T10:04:51+00:00,1.0,MLr_2,2.1098,Senel et al.: Mw=0.8095 ML+1.3003 (3.3<=ML<=6.6),extrapolada,"Villavieja - Huila, Colombia"
SGC,SGC2020wjbubb,2020-11-12T13:13:40+00:00,1.1,MLr_2,2.19075,Senel et al.: Mw=0.8095 ML+1.3003 (3.3<=ML<=6.6),extrapolada,"Villavieja - Huila, Colombia"
SGC,SGC2020wscxop,2020-11-17T11:28:10+00:00,1.5,MLr_2,2.51455,Senel et al.: Mw=0.8095 ML+1.3003 (3.3<=ML<=6.6),extrapolada,"Yaguará - Huila, Colombia"
SGC,SGC2020wssogl,2020-11-17T19:20:09+00:00,1.4,MLr_2,2.4336,Senel et al.: Mw=0.8095 ML+1.3003 (3.3<=ML<=6.6),extrapolada,"San Vicente del Caguán - Caquetá, Colombia"
SGC,SGC2020wvreiv,2020-11-19T09:51:54+00:00,1.2,MLr_2,2.2717,Senel et al.: Mw=0.8095 ML+1.3003 (3.3<=ML<=6.6),extrapolada,"Hobo - Huila, Colombia"
SGC,SGC2020wwbjgl,2020-11-19T14:59:19+00:00,1.5,MLr_2,2.51455,Senel et al.: Mw=0.8095 ML+1.3003 (3.3<=ML<=6.6),extrapolada,"Hobo - Huila, Colombia"
SGC,SGC2020wwzcos,2020-11-20T02:55:43+00:00,1.1,MLr_2,2.19075,Senel et al.: Mw=0.8095 ML+1.3003 (3.3<=ML<=6.6),extrapolada,"San Vicente del Caguán - Caquetá, Colombia"
SGC,SGC2020wynyxh,2020-11-20T23:28:26+00:00,2.3,MLr_2,3.16215,Senel et al.: Mw=0.8095 ML+1.3003 (3.3<=ML<=6.6),extrapolada,"Hobo - Huila, Colombia"
SGC,SGC2020xcmgmh,2020-11-23T02:54:50+00:00,2.0,MLr_2,2.9193,Senel et al.: Mw=0.8095 ML+1.3003 (3.3<=ML<=6.6),extrapolada,"San Vicente del Caguán - Caquetá, Colombia"
SGC,SGC2020xfikmc,2020-11-24T16:12:13+00:00,1.3,MLr_2,2.35265,Senel et al.: Mw=0.8095 ML+1.3003 (3.3<=ML<=6.6),extrapolada,"Campoalegre - Huila, Colombia"
SGC,SGC2020xhxozr,2020-11-26T01:59:00+00:00,2.5,MLr_2,3.32405,Senel et al.: Mw=0.8095 ML+1.3003 (3.3<=ML<=6.6),extrapolada,"Íquira - Huila, Colombia"
SGC,SGC2020xkxetx,2020-11-27T17:00:21+00:00,1.2,MLr_2,2.2717,Senel et al.: Mw=0.8095 ML+1.3003 (3.3<=ML<=6.6),extrapolada,"Algeciras - Huila, Colombia"
SGC,SGC2020xldrkh,2020-11-27T20:16:15+00:00,1.4,MLr_2,2.4336,Senel et al.: Mw=0.8095 ML+1.3003 (3.3<=ML<=6.6),extrapolada,"Hobo - Huila, Colombia"
SGC,SGC2020xpqpah,2020-11-30T07:03:40+00:00,1.3,MLr_2,2.35265,Senel et al.: Mw=0.8095 ML+1.3003 (3.3<=ML<=6.6),extrapolada,"Hobo - Huila, Colombia"
SGC,SGC2020xzxtzg,2020-12-05T21:25:21+00:00,1.3,MLr_2,2.35265,Senel et al.: Mw=0.8095 ML+1.3003 (3.3<=ML<=6.6),extrapolada,"San Vicente del Caguán - Caquetá, Colombia"
SGC,SGC2020yadiwz,2020-12-06T00:13:30+00:00,2.3,MLr_2,3.16215,Senel et al.: Mw=0.8095 ML+1.3003 (3.3<=ML<=6.6),extrapolada,"San Vicente del Caguán - Caquetá, Colombia"
SGC,SGC2020ykersu,2020-12-11T11:38:40+00:00,1.4,MLr_2,2.4336,Senel et al.: Mw=0.8095 ML+1.3003 (3.3<=ML<=6.6),extrapolada,"Hobo - Huila, Colombia"
SGC,SGC2020ylmhno,2020-12-12T04:32:37+00:00,2.1,MLr_2,3.0002500000000003,Senel et al.: Mw=0.8095 ML+1.3003 (3.3<=ML<=6.6),extrapolada,"San Vicente del Caguán - Caquetá, Colombia"
SGC,SGC2020ymgikd,2020-12-12T14:37:09+00:00,1.2,MLr_2,2.2717,Senel et al.: Mw=0.8095 ML+1.3003 (3.3<=ML<=6.6),extrapolada,"Algeciras - Huila, Colombia"
SGC,SGC2020ynegna,2020-12-13T02:39:06+00:00,1.1,MLr_2,2.19075,Senel et al.: Mw=0.8095 ML+1.3003 (3.3<=ML<=6.6),extrapolada,"Campoalegre - Huila, Colombia"
SGC,SGC2020yospor,2020-12-13T22:56:30+00:00,1.4,MLr_2,2.4336,Senel et al.: Mw=0.8095 ML+1.3003 (3.3<=ML<=6.6),extrapolada,"San Vicente del Caguán - Caquetá, Colombia"
SGC,SGC2020zhnoek,2020-12-24T04:49:02+00:00,2.6,MLr_2,3.405,Senel et al.: Mw=0.8095 ML+1.3003 (3.3<=ML<=6.6),extrapolada,"San Vicente del Caguán - Caquetá, Colombia"
SGC,SGC2020zrwamd,2020-12-29T19:49:28+00:00,1.5,MLr_2,2.51455,Senel et al.: Mw=0.8095 ML+1.3003 (3.3<=ML<=6.6),extrapolada,"San Vicente del Caguán - Caquetá, Colombia"
SGC,SGC2021aefnwl,2021-01-03T07:04:49+00:00,1.5,MLr_2,2.51455,Senel et al.: Mw=0.8095 ML+1.3003 (3.3<=ML<=6.6),extrapolada,"Algeciras - Huila, Colombia"
SGC,SGC2021ahpomd,2021-01-05T03:20:41+00:00,1.5,MLr_2,2.51455,Senel et al.: Mw=0.8095 ML+1.3003 (3.3<=ML<=6.6),extrapolada,"Algeciras - Huila, Colombia"
SGC,SGC2021axubja,2021-01-13T22:47:53+00:00,1.2,MLr_2,2.2717,Senel et al.: Mw=0.8095 ML+1.3003 (3.3<=ML<=6.6),extrapolada,"Campoalegre - Huila, Colombia"
SGC,SGC2021azjtqu,2021-01-14T19:46:12+00:00,1.3,MLr_2,2.35265,Senel et al.: Mw=0.8095 ML+1.3003 (3.3<=ML<=6.6),extrapolada,"Algeciras - Huila, Colombia"
SGC,SGC2021bfiyxk,2021-01-18T01:49:08+00:00,1.6,MLr_2,2.5955000000000004,Senel et al.: Mw=0.8095 ML+1.3003 (3.3<=ML<=6.6),extrapolada,"Hobo - Huila, Colombia"
SGC,SGC2021brmwqc,2021-01-24T16:40:44+00:00,1.5,MLr_2,2.51455,Senel et al.: Mw=0.8095 ML+1.3003 (3.3<=ML<=6.6),extrapolada,"Baraya - Huila, Colombia"
SGC,SGC2021browww,2021-01-24T17:41:22+00:00,2.2,MLr_2,3.0812,Senel et al.: Mw=0.8095 ML+1.3003 (3.3<=ML<=6.6),extrapolada,"Baraya - Huila, Colombia"
SGC,SGC2021bwiwhk,2021-01-27T08:02:02+00:00,2.3,MLr_2,3.16215,Senel et al.: Mw=0.8095 ML+1.3003 (3.3<=ML<=6.6),extrapolada,"San Vicente del Caguán - Caquetá, Colombia"
SGC,SGC2021byjbbc,2021-01-28T10:16:31+00:00,1.4,MLr_2,2.4336,Senel et al.: Mw=0.8095 ML+1.3003 (3.3<=ML<=6.6),extrapolada,"Campoalegre - Huila, Colombia"
SGC,SGC2021bzlauj,2021-01-29T00:21:03+00:00,1.1,MLr_2,2.19075,Senel et al.: Mw=0.8095 ML+1.3003 (3.3<=ML<=6.6),extrapolada,"Campoalegre - Huila, Colombia"
SGC,SGC2021bzlfzt,2021-01-29T00:27:04+00:00,1.4,MLr_2,2.4336,Senel et al.: Mw=0.8095 ML+1.3003 (3.3<=ML<=6.6),extrapolada,"Algeciras - Huila, Colombia"
SGC,SGC2021bzpcmt,2021-01-29T02:23:43+00:00,1.1,MLr_2,2.19075,Senel et al.: Mw=0.8095 ML+1.3003 (3.3<=ML<=6.6),extrapolada,"San Vicente del Caguán - Caquetá, Colombia"
SGC,SGC2021cbyaid,2021-01-30T09:01:41+00:00,1.1,MLr_2,2.19075,Senel et al.: Mw=0.8095 ML+1.3003 (3.3<=ML<=6.6),extrapolada,"San Vicente del Caguán - Caquetá, Colombia"
SGC,SGC2021cccfvj,2021-01-30T11:08:46+00:00,1.2,MLr_2,2.2717,Senel et al.: Mw=0.8095 ML+1.3003 (3.3<=ML<=6.6),extrapolada,"Teruel - Huila, Colombia"
SGC,SGC2021ckcdud,2021-02-03T19:42:12+00:00,2.0,MLr_2,2.9193,Senel et al.: Mw=0.8095 ML+1.3003 (3.3<=ML<=6.6),extrapolada,"Campoalegre - Huila, Colombia"
SGC,SGC2021clxqrs,2021-02-04T19:35:16+00:00,1.4,MLr_2,2.4336,Senel et al.: Mw=0.8095 ML+1.3003 (3.3<=ML<=6.6),extrapolada,"San Vicente del Caguán - Caquetá, Colombia"
SGC,SGC2021cvlkxy,2021-02-10T00:13:44+00:00,1.8,MLr_2,2.7574,Senel et al.: Mw=0.8095 ML+1.3003 (3.3<=ML<=6.6),extrapolada,"San Vicente del Caguán - Caquetá, Colombia"
SGC,SGC2021datnxp,2021-02-12T21:38:28+00:00,1.3,MLr_2,2.35265,Senel et al.: Mw=0.8095 ML+1.3003 (3.3<=ML<=6.6),extrapolada,"Hobo - Huila, Colombia"
SGC,SGC2021dkmucy,2021-02-18T04:59:12+00:00,1.2,MLr_2,2.2717,Senel et al.: Mw=0.8095 ML+1.3003 (3.3<=ML<=6.6),extrapolada,"San Vicente del Caguán - Caquetá, Colombia"
SGC,SGC2021dutcma,2021-02-23T18:54:43+00:00,1.3,MLr_2,2.35265,Senel et al.: Mw=0.8095 ML+1.3003 (3.3<=ML<=6.6),extrapolada,"Íquira - Huila, Colombia"
SGC,SGC2021ednkry,2021-02-28T13:43:21+00:00,1.8,MLr_2,2.7574,Senel et al.: Mw=0.8095 ML+1.3003 (3.3<=ML<=6.6),extrapolada,"Villavieja - Huila, Colombia"
SGC,SGC2021egpvho,2021-03-02T06:09:35+00:00,1.3,MLr_2,2.35265,Senel et al.: Mw=0.8095 ML+1.3003 (3.3<=ML<=6.6),extrapolada,"Baraya - Huila, Colombia"
SGC,SGC2021ejwxir,2021-03-04T00:56:34+00:00,1.6,MLr_2,2.5955000000000004,Senel et al.: Mw=0.8095 ML+1.3003 (3.3<=ML<=6.6),extrapolada,"Íquira - Huila, Colombia"
SGC,SGC2021eocwqj,2021-03-06T08:14:46+00:00,1.9,MLr_2,2.83835,Senel et al.: Mw=0.8095 ML+1.3003 (3.3<=ML<=6.6),extrapolada,"San Vicente del Caguán - Caquetá, Colombia"
SGC,SGC2021errqaf,2021-03-08T06:53:03+00:00,1.8,MLr_2,2.7574,Senel et al.: Mw=0.8095 ML+1.3003 (3.3<=ML<=6.6),extrapolada,"San Vicente del Caguán - Caquetá, Colombia"
SGC,SGC2021eucguj,2021-03-09T14:23:10+00:00,1.6,MLr_2,2.5955000000000004,Senel et al.: Mw=0.8095 ML+1.3003 (3.3<=ML<=6.6),extrapolada,"Algeciras - Huila, Colombia"
SGC,SGC2021ewlwjp,2021-03-10T21:21:45+00:00,1.1,MLr_2,2.19075,Senel et al.: Mw=0.8095 ML+1.3003 (3.3<=ML<=6.6),extrapolada,"Neiva - Huila, Colombia"
SGC,SGC2021exxdwr,2021-03-11T16:06:48+00:00,1.5,MLr_2,2.51455,Senel et al.: Mw=0.8095 ML+1.3003 (3.3<=ML<=6.6),extrapolada,"Campoalegre - Huila, Colombia"
SGC,SGC2021fgpjwo,2021-03-16T09:52:41+00:00,1.7,MLr_2,2.67645,Senel et al.: Mw=0.8095 ML+1.3003 (3.3<=ML<=6.6),extrapolada,"Hobo - Huila, Colombia"
SGC,SGC2021fhioqw,2021-03-16T19:32:21+00:00,1.7,MLr_2,2.67645,Senel et al.: Mw=0.8095 ML+1.3003 (3.3<=ML<=6.6),extrapolada,"San Vicente del Caguán - Caquetá, Colombia"
SGC,SGC2021fllgvi,2021-03-19T01:10:49+00:00,1.3,MLr_2,2.35265,Senel et al.: Mw=0.8095 ML+1.3003 (3.3<=ML<=6.6),extrapolada,"Algeciras - Huila, Colombia"
SGC,SGC2021fqlapb,2021-03-21T18:25:58+00:00,1.4,MLr_2,2.4336,Senel et al.: Mw=0.8095 ML+1.3003 (3.3<=ML<=6.6),extrapolada,"Algeciras - Huila, Colombia"
SGC,SGC2021fvekov,2021-03-24T08:29:32+00:00,1.6,MLr_2,2.5955000000000004,Senel et al.: Mw=0.8095 ML+1.3003 (3.3<=ML<=6.6),extrapolada,"Hobo - Huila, Colombia"
SGC,SGC2021ghotyi,2021-03-31T02:35:00+00:00,1.3,MLr_2,2.35265,Senel et al.: Mw=0.8095 ML+1.3003 (3.3<=ML<=6.6),extrapolada,"Teruel - Huila, Colombia"
SGC,SGC2021gimqiy,2021-03-31T14:35:00+00:00,1.9,MLr_2,2.83835,Senel et al.: Mw=0.8095 ML+1.3003 (3.3<=ML<=6.6),extrapolada,"Baraya - Huila, Colombia"
SGC,SGC2021glqygw,2021-04-02T07:58:20+00:00,1.4,MLr_2,2.4336,Senel et al.: Mw=0.8095 ML+1.3003 (3.3<=ML<=6.6),extrapolada,"Campoalegre - Huila, Colombia"
SGC,SGC2021gmmmxx,2021-04-02T18:48:55+00:00,1.6,MLr_2,2.5955000000000004,Senel et al.: Mw=0.8095 ML+1.3003 (3.3<=ML<=6.6),extrapolada,"Algeciras - Huila, Colombia"
SGC,SGC2021gqcxqs,2021-04-04T18:17:32+00:00,2.2,MLr_2,3.0812,Senel et al.: Mw=0.8095 ML+1.3003 (3.3<=ML<=6.6),extrapolada,"Íquira - Huila, Colombia"
SGC,SGC2021gtyfuz,2021-04-06T20:14:05+00:00,1.5,MLr_2,2.51455,Senel et al.: Mw=0.8095 ML+1.3003 (3.3<=ML<=6.6),extrapolada,"Campoalegre - Huila, Colombia"
SGC,SGC2021gtyfzx,2021-04-06T20:14:15+00:00,1.6,MLr_2,2.5955000000000004,Senel et al.: Mw=0.8095 ML+1.3003 (3.3<=ML<=6.6),extrapolada,"Campoalegre - Huila, Colombia"
SGC,SGC2021hbumrp,2021-04-11T02:57:08+00:00,1.6,MLr_2,2.5955000000000004,Senel et al.: Mw=0.8095 ML+1.3003 (3.3<=ML<=6.6),extrapolada,"San Vicente del Caguán - Caquetá, Colombia"
SGC,SGC2021hcnrjf,2021-04-11T12:35:51+00:00,1.7,MLr_2,2.67645,Senel et al.: Mw=0.8095 ML+1.3003 (3.3<=ML<=6.6),extrapolada,"Rivera - Huila, Colombia"
SGC,SGC2021hqxhdt,2021-04-19T08:28:22+00:00,2.1,MLr_2,3.0002500000000003,Senel et al.: Mw=0.8095 ML+1.3003 (3.3<=ML<=6.6),extrapolada,"San Vicente del Caguán - Caquetá, Colombia"
SGC,SGC2021hrjuzt,2021-04-19T14:46:31+00:00,1.4,MLr_2,2.4336,Senel et al.: Mw=0.8095 ML+1.3003 (3.3<=ML<=6.6),extrapolada,"Uribe - Meta, Colombia"
SGC,SGC2021htspiq,2021-04-20T21:20:21+00:00,2.7,MLr_2,3.4859500000000003,Senel et al.: Mw=0.8095 ML+1.3003 (3.3<=ML<=6.6),extrapolada,"San Vicente del Caguán - Caquetá, Colombia"
SGC,SGC2021hxigka,2021-04-22T20:26:13+00:00,1.2,MLr_2,2.2717,Senel et al.: Mw=0.8095 ML+1.3003 (3.3<=ML<=6.6),extrapolada,"Neiva - Huila, Colombia"
SGC,SGC2021hzjgwv,2021-04-23T23:05:55+00:00,1.2,MLr_2,2.2717,Senel et al.: Mw=0.8095 ML+1.3003 (3.3<=ML<=6.6),extrapolada,"Hobo - Huila, Colombia"
SGC,SGC2021hzwcnr,2021-04-24T05:33:07+00:00,1.7,MLr_2,2.67645,Senel et al.: Mw=0.8095 ML+1.3003 (3.3<=ML<=6.6),extrapolada,"Algeciras - Huila, Colombia"
SGC,SGC2021ialign,2021-04-24T13:12:21+00:00,1.4,MLr_2,2.4336,Senel et al.: Mw=0.8095 ML+1.3003 (3.3<=ML<=6.6),extrapolada,"San Vicente del Caguán - Caquetá, Colombia"
SGC,SGC2021ibhzah,2021-04-25T00:35:36+00:00,1.3,MLr_2,2.35265,Senel et al.: Mw=0.8095 ML+1.3003 (3.3<=ML<=6.6),extrapolada,"Baraya - Huila, Colombia"
SGC,SGC2021iyjoxf,2021-05-07T14:07:08+00:00,1.2,MLr_2,2.2717,Senel et al.: Mw=0.8095 ML+1.3003 (3.3<=ML<=6.6),extrapolada,"Teruel - Huila, Colombia"
SGC,SGC2021jgubgx,2021-05-12T03:58:59+00:00,1.2,MLr_2,2.2717,Senel et al.: Mw=0.8095 ML+1.3003 (3.3<=ML<=6.6),extrapolada,"Algeciras - Huila, Colombia"
SGC,SGC2021jjvary,2021-05-13T19:41:57+00:00,1.7,MLr_2,2.67645,Senel et al.: Mw=0.8095 ML+1.3003 (3.3<=ML<=6.6),extrapolada,"San Vicente del Caguán - Caquetá, Colombia"
SGC,SGC2021jlscjo,2021-05-14T20:23:45+00:00,2.2,MLr_2,3.0812,Senel et al.: Mw=0.8095 ML+1.3003 (3.3<=ML<=6.6),extrapolada,"Campoalegre - Huila, Colombia"
SGC,SGC2021jlvkfw,2021-05-14T22:01:58+00:00,1.6,MLr_2,2.5955000000000004,Senel et al.: Mw=0.8095 ML+1.3003 (3.3<=ML<=6.6),extrapolada,"San Vicente del Caguán - Caquetá, Colombia"
SGC,SGC2021jmepqo,2021-05-15T02:39:47+00:00,1.8,MLr_2,2.7574,Senel et al.: Mw=0.8095 ML+1.3003 (3.3<=ML<=6.6),extrapolada,"San Vicente del Caguán - Caquetá, Colombia"
SGC,SGC2021jmkpju,2021-05-15T05:40:31+00:00,1.4,MLr_2,2.4336,Senel et al.: Mw=0.8095 ML+1.3003 (3.3<=ML<=6.6),extrapolada,"Campoalegre - Huila, Colombia"
SGC,SGC2021kcqbbr,2021-05-24T01:36:33+00:00,2.4,MLr_2,3.2431,Senel et al.: Mw=0.8095 ML+1.3003 (3.3<=ML<=6.6),extrapolada,"San Vicente del Caguán - Caquetá, Colombia"
SGC,SGC2021khcuad,2021-05-26T12:18:29+00:00,1.9,MLr_2,2.83835,Senel et al.: Mw=0.8095 ML+1.3003 (3.3<=ML<=6.6),extrapolada,"Hobo - Huila, Colombia"
SGC,SGC2021kuhoci,2021-06-02T16:40:39+00:00,1.4,MLr_2,2.4336,Senel et al.: Mw=0.8095 ML+1.3003 (3.3<=ML<=6.6),extrapolada,"Teruel - Huila, Colombia"
SGC,SGC2021lcgufa,2021-06-07T00:53:23+00:00,1.7,MLr_2,2.67645,Senel et al.: Mw=0.8095 ML+1.3003 (3.3<=ML<=6.6),extrapolada,"San Vicente del Caguán - Caquetá, Colombia"
SGC,SGC2021ledcfp,2021-06-08T01:10:57+00:00,1.3,MLr_2,2.35265,Senel et al.: Mw=0.8095 ML+1.3003 (3.3<=ML<=6.6),extrapolada,"San Vicente del Caguán - Caquetá, Colombia"
SGC,SGC2021lvtoos,2021-06-17T15:44:07+00:00,1.6,MLr_2,2.5955000000000004,Senel et al.: Mw=0.8095 ML+1.3003 (3.3<=ML<=6.6),extrapolada,"Yaguará - Huila, Colombia"
SGC,SGC2021miqctz,2021-06-24T15:58:05+00:00,1.4,MLr_2,2.4336,Senel et al.: Mw=0.8095 ML+1.3003 (3.3<=ML<=6.6),extrapolada,"Algeciras - Huila, Colombia"
SGC,SGC2021mnngla,2021-06-27T07:54:11+00:00,1.2,MLr_2,2.2717,Senel et al.: Mw=0.8095 ML+1.3003 (3.3<=ML<=6.6),extrapolada,"Íquira - Huila, Colombia"
SGC,SGC2021mryekz,2021-06-29T17:41:39+00:00,1.9,MLr_2,2.83835,Senel et al.: Mw=0.8095 ML+1.3003 (3.3<=ML<=6.6),extrapolada,"Algeciras - Huila, Colombia"
SGC,SGC2021mtmugz,2021-06-30T14:06:56+00:00,2.1,MLr_2,3.0002500000000003,Senel et al.: Mw=0.8095 ML+1.3003 (3.3<=ML<=6.6),extrapolada,"San Vicente del Caguán - Caquetá, Colombia"
SGC,SGC2021nevxij,2021-07-06T18:31:17+00:00,1.3,MLr_2,2.35265,Senel et al.: Mw=0.8095 ML+1.3003 (3.3<=ML<=6.6),extrapolada,"Aipe - Huila, Colombia"
SGC,SGC2021nmeslz,2021-07-10T18:28:31+00:00,1.7,MLr_2,2.67645,Senel et al.: Mw=0.8095 ML+1.3003 (3.3<=ML<=6.6),extrapolada,"Teruel - Huila, Colombia"
SGC,SGC2021nnzoaa,2021-07-11T18:01:26+00:00,1.3,MLr_2,2.35265,Senel et al.: Mw=0.8095 ML+1.3003 (3.3<=ML<=6.6),extrapolada,"Neiva - Huila, Colombia"
SGC,SGC2021noziob,2021-07-12T06:59:35+00:00,1.4,MLr_2,2.4336,Senel et al.: Mw=0.8095 ML+1.3003 (3.3<=ML<=6.6),extrapolada,"Baraya - Huila, Colombia"
SGC,SGC2021nxpclb,2021-07-16T23:31:02+00:00,1.3,MLr_2,2.35265,Senel et al.: Mw=0.8095 ML+1.3003 (3.3<=ML<=6.6),extrapolada,"Rivera - Huila, Colombia"
SGC,SGC2021oadzgl,2021-07-18T09:08:53+00:00,1.4,MLr_2,2.4336,Senel et al.: Mw=0.8095 ML+1.3003 (3.3<=ML<=6.6),extrapolada,"Hobo - Huila, Colombia"
SGC,SGC2021ofmqnt,2021-07-21T06:52:42+00:00,1.3,MLr_2,2.35265,Senel et al.: Mw=0.8095 ML+1.3003 (3.3<=ML<=6.6),extrapolada,"San Vicente del Caguán - Caquetá, Colombia"
SGC,SGC2021oiexpq,2021-07-22T18:12:53+00:00,2.1,MLr_2,3.0002500000000003,Senel et al.: Mw=0.8095 ML+1.3003 (3.3<=ML<=6.6),extrapolada,"San Vicente del Caguán - Caquetá, Colombia"
SGC,SGC2021onjajy,2021-07-25T13:39:07+00:00,1.7,MLr_2,2.67645,Senel et al.: Mw=0.8095 ML+1.3003 (3.3<=ML<=6.6),extrapolada,"Uribe - Meta, Colombia"
SGC,SGC2021oowoxu,2021-07-26T09:32:33+00:00,1.7,MLr_2,2.67645,Senel et al.: Mw=0.8095 ML+1.3003 (3.3<=ML<=6.6),extrapolada,"Rivera - Huila, Colombia"
SGC,SGC2021owapdl,2021-07-30T07:04:53+00:00,1.6,MLr_2,2.5955000000000004,Senel et al.: Mw=0.8095 ML+1.3003 (3.3<=ML<=6.6),extrapolada,"Campoalegre - Huila, Colombia"
SGC,SGC2021pdvilu,2021-08-03T13:02:15+00:00,1.6,MLr_2,2.5955000000000004,Senel et al.: Mw=0.8095 ML+1.3003 (3.3<=ML<=6.6),extrapolada,"San Vicente del Caguán - Caquetá, Colombia"
SGC,SGC2021pezkck,2021-08-04T04:09:20+00:00,1.4,MLr_2,2.4336,Senel et al.: Mw=0.8095 ML+1.3003 (3.3<=ML<=6.6),extrapolada,"Algeciras - Huila, Colombia"
SGC,SGC2021pivwrs,2021-08-06T06:41:10+00:00,1.3,MLr_2,2.35265,Senel et al.: Mw=0.8095 ML+1.3003 (3.3<=ML<=6.6),extrapolada,"Rivera - Huila, Colombia"
SGC,SGC2021plleox,2021-08-07T16:31:51+00:00,1.7,MLr_2,2.67645,Senel et al.: Mw=0.8095 ML+1.3003 (3.3<=ML<=6.6),extrapolada,"Algeciras - Huila, Colombia"
SGC,SGC2021pqkowr,2021-08-10T09:36:01+00:00,1.5,MLr_2,2.51455,Senel et al.: Mw=0.8095 ML+1.3003 (3.3<=ML<=6.6),extrapolada,"San Vicente del Caguán - Caquetá, Colombia"
SGC,SGC2021prydkv,2021-08-11T05:29:38+00:00,1.8,M_MLr,2.7574,Senel et al.: Mw=0.8095 ML+1.3003 (3.3<=ML<=6.6),extrapolada,"Campoalegre - Huila, Colombia"
SGC,SGC2021ptdvnh,2021-08-11T21:25:55+00:00,1.7,MLr_2,2.67645,Senel et al.: Mw=0.8095 ML+1.3003 (3.3<=ML<=6.6),extrapolada,"Campoalegre - Huila, Colombia"
SGC,SGC2021qcojux,2021-08-17T00:24:31+00:00,2.4,MLr_2,3.2431,Senel et al.: Mw=0.8095 ML+1.3003 (3.3<=ML<=6.6),extrapolada,"San Vicente del Caguán - Caquetá, Colombia"
SGC,SGC2021qftvjt,2021-08-18T18:22:14+00:00,1.4,MLr_2,2.4336,Senel et al.: Mw=0.8095 ML+1.3003 (3.3<=ML<=6.6),extrapolada,"San Vicente del Caguán - Caquetá, Colombia"
SGC,SGC2021qfwcrt,2021-08-18T19:31:02+00:00,1.6,MLr_2,2.5955000000000004,Senel et al.: Mw=0.8095 ML+1.3003 (3.3<=ML<=6.6),extrapolada,"Rivera - Huila, Colombia"
SGC,SGC2021qlimjk,2021-08-21T19:06:40+00:00,1.7,MLr_2,2.67645,Senel et al.: Mw=0.8095 ML+1.3003 (3.3<=ML<=6.6),extrapolada,"San Vicente del Caguán - Caquetá, Colombia"
SGC,SGC2021qltjfl,2021-08-22T00:35:00+00:00,2.9,MLr_2,3.64785,Senel et al.: Mw=0.8095 ML+1.3003 (3.3<=ML<=6.6),extrapolada,"Rivera - Huila, Colombia"
SGC,SGC2021qqytxt,2021-08-24T20:40:36+00:00,1.7,MLr_2,2.67645,Senel et al.: Mw=0.8095 ML+1.3003 (3.3<=ML<=6.6),extrapolada,"Villavieja - Huila, Colombia"
SGC,SGC2021qrvden,2021-08-25T07:55:05+00:00,1.1,MLr_2,2.19075,Senel et al.: Mw=0.8095 ML+1.3003 (3.3<=ML<=6.6),extrapolada,"Hobo - Huila, Colombia"
SGC,SGC2021qzsfls,2021-08-29T15:03:06+00:00,1.9,MLr_2,2.83835,Senel et al.: Mw=0.8095 ML+1.3003 (3.3<=ML<=6.6),extrapolada,"Santa María - Huila, Colombia"
SGC,SGC2021rgntqr,2021-09-02T08:20:01+00:00,1.9,MLr_2,2.83835,Senel et al.: Mw=0.8095 ML+1.3003 (3.3<=ML<=6.6),extrapolada,"Uribe - Meta, Colombia"
SGC,SGC2021rspihz,2021-09-08T22:00:55+00:00,1.8,MLr_2,2.7574,Senel et al.: Mw=0.8095 ML+1.3003 (3.3<=ML<=6.6),extrapolada,"Tello - Huila, Colombia"
SGC,SGC2021rtokgn,2021-09-09T10:37:29+00:00,1.3,MLr_2,2.35265,Senel et al.: Mw=0.8095 ML+1.3003 (3.3<=ML<=6.6),extrapolada,"San Vicente del Caguán - Caquetá, Colombia"
SGC,SGC2021rvwxbq,2021-09-10T17:02:41+00:00,1.1,MLr_2,2.19075,Senel et al.: Mw=0.8095 ML+1.3003 (3.3<=ML<=6.6),extrapolada,"Baraya - Huila, Colombia"
SGC,SGC2021sfzkan,2021-09-16T05:02:47+00:00,1.5,MLr_2,2.51455,Senel et al.: Mw=0.8095 ML+1.3003 (3.3<=ML<=6.6),extrapolada,"San Vicente del Caguán - Caquetá, Colombia"
SGC,SGC2021teoyuf,2021-09-29T14:39:55+00:00,1.4,MLr_2,2.4336,Senel et al.: Mw=0.8095 ML+1.3003 (3.3<=ML<=6.6),extrapolada,"San Vicente del Caguán - Caquetá, Colombia"
SGC,SGC2021tjqgxi,2021-10-02T08:41:55+00:00,1.3,MLr_2,2.35265,Senel et al.: Mw=0.8095 ML+1.3003 (3.3<=ML<=6.6),extrapolada,"Algeciras - Huila, Colombia"
SGC,SGC2021tonlxw,2021-10-05T00:39:34+00:00,1.4,MLr_2,2.4336,Senel et al.: Mw=0.8095 ML+1.3003 (3.3<=ML<=6.6),extrapolada,"Villavieja - Huila, Colombia"
SGC,SGC2021tpyowm,2021-10-05T19:19:21+00:00,1.4,MLr_2,2.4336,Senel et al.: Mw=0.8095 ML+1.3003 (3.3<=ML<=6.6),extrapolada,"Hobo - Huila, Colombia"
SGC,SGC2021tupatk,2021-10-08T07:53:48+00:00,1.3,MLr_2,2.35265,Senel et al.: Mw=0.8095 ML+1.3003 (3.3<=ML<=6.6),extrapolada,"Uribe - Meta, Colombia"
SGC,SGC2021twbjrq,2021-10-09T03:10:44+00:00,2.1,MLr_2,3.0002500000000003,Senel et al.: Mw=0.8095 ML+1.3003 (3.3<=ML<=6.6),extrapolada,"San Vicente del Caguán - Caquetá, Colombia"
SGC,SGC2021txlkqi,2021-10-09T21:18:01+00:00,1.1,MLr_2,2.19075,Senel et al.: Mw=0.8095 ML+1.3003 (3.3<=ML<=6.6),extrapolada,"Hobo - Huila, Colombia"
SGC,SGC2021tykvfb,2021-10-10T10:04:34+00:00,1.1,MLr_2,2.19075,Senel et al.: Mw=0.8095 ML+1.3003 (3.3<=ML<=6.6),extrapolada,"San Vicente del Caguán - Caquetá, Colombia"
SGC,SGC2021udsloi,2021-10-13T07:17:09+00:00,2.1,MLr_2,3.0002500000000003,Senel et al.: Mw=0.8095 ML+1.3003 (3.3<=ML<=6.6),extrapolada,"Algeciras - Huila, Colombia"
SGC,SGC2021umltyd,2021-10-18T01:35:58+00:00,1.3,MLr_2,2.35265,Senel et al.: Mw=0.8095 ML+1.3003 (3.3<=ML<=6.6),extrapolada,"Baraya - Huila, Colombia"
SGC,SGC2021urjsuh,2021-10-20T17:56:39+00:00,1.4,MLr_2,2.4336,Senel et al.: Mw=0.8095 ML+1.3003 (3.3<=ML<=6.6),extrapolada,"Algeciras - Huila, Colombia"
SGC,SGC2021uyeenr,2021-10-24T10:43:19+00:00,2.0,MLr_2,2.9193,Senel et al.: Mw=0.8095 ML+1.3003 (3.3<=ML<=6.6),extrapolada,"San Vicente del Caguán - Caquetá, Colombia"
SGC,SGC2021vapxsi,2021-10-25T18:43:41+00:00,1.8,MLr_2,2.7574,Senel et al.: Mw=0.8095 ML+1.3003 (3.3<=ML<=6.6),extrapolada,"San Vicente del Caguán - Caquetá, Colombia"
SGC,SGC2021vbtams,2021-10-26T09:21:55+00:00,1.4,MLr_2,2.4336,Senel et al.: Mw=0.8095 ML+1.3003 (3.3<=ML<=6.6),extrapolada,"Villavieja - Huila, Colombia"
SGC,SGC2021vgyazi,2021-10-29T05:15:41+00:00,1.5,MLr_2,2.51455,Senel et al.: Mw=0.8095 ML+1.3003 (3.3<=ML<=6.6),extrapolada,"Algeciras - Huila, Colombia"
SGC,SGC2021viqxnp,2021-10-30T03:49:26+00:00,1.3,MLr_2,2.35265,Senel et al.: Mw=0.8095 ML+1.3003 (3.3<=ML<=6.6),extrapolada,"Campoalegre - Huila, Colombia"
SGC,SGC2021vizxwh,2021-10-30T08:21:22+00:00,1.5,MLr_2,2.51455,Senel et al.: Mw=0.8095 ML+1.3003 (3.3<=ML<=6.6),extrapolada,"Algeciras - Huila, Colombia"
SGC,SGC2021vnfbip,2021-11-01T15:14:10+00:00,1.3,MLr_2,2.35265,Senel et al.: Mw=0.8095 ML+1.3003 (3.3<=ML<=6.6),extrapolada,"Neiva - Huila, Colombia"
SGC,SGC2021vrtncg,2021-11-04T02:48:09+00:00,3.1,MLr_2,3.80975,Senel et al.: Mw=0.8095 ML+1.3003 (3.3<=ML<=6.6),extrapolada,"San Vicente del Caguán - Caquetá, Colombia"
SGC,SGC2021vxkhsg,2021-11-07T04:37:10+00:00,1.3,MLr_2,2.35265,Senel et al.: Mw=0.8095 ML+1.3003 (3.3<=ML<=6.6),extrapolada,"Campoalegre - Huila, Colombia"
SGC,SGC2021vyytje,2021-11-08T00:57:37+00:00,1.3,MLr_2,2.35265,Senel et al.: Mw=0.8095 ML+1.3003 (3.3<=ML<=6.6),extrapolada,"San Vicente del Caguán - Caquetá, Colombia"
SGC,SGC2021vzjkah,2021-11-08T06:18:38+00:00,1.9,MLr_2,2.83835,Senel et al.: Mw=0.8095 ML+1.3003 (3.3<=ML<=6.6),extrapolada,"San Vicente del Caguán - Caquetá, Colombia"
SGC,SGC2021vzrlrx,2021-11-08T10:21:58+00:00,1.2,MLr_2,2.2717,Senel et al.: Mw=0.8095 ML+1.3003 (3.3<=ML<=6.6),extrapolada,"San Vicente del Caguán - Caquetá, Colombia"
SGC,SGC2021waiubz,2021-11-08T19:04:37+00:00,1.4,MLr_2,2.4336,Senel et al.: Mw=0.8095 ML+1.3003 (3.3<=ML<=6.6),extrapolada,"Campoalegre - Huila, Colombia"
SGC,SGC2021wfalds,2021-11-11T08:15:17+00:00,0.9,MLr_2,2.0288500000000003,Senel et al.: Mw=0.8095 ML+1.3003 (3.3<=ML<=6.6),extrapolada,"Yaguará - Huila, Colombia"
SGC,SGC2021wfqevo,2021-11-11T16:10:41+00:00,1.3,MLr_2,2.35265,Senel et al.: Mw=0.8095 ML+1.3003 (3.3<=ML<=6.6),extrapolada,"Campoalegre - Huila, Colombia"
SGC,SGC2021wicqth,2021-11-13T00:35:23+00:00,2.3,MLr_2,3.16215,Senel et al.: Mw=0.8095 ML+1.3003 (3.3<=ML<=6.6),extrapolada,"San Vicente del Caguán - Caquetá, Colombia"
SGC,SGC2021wlxybk,2021-11-15T02:31:03+00:00,1.9,MLr_2,2.83835,Senel et al.: Mw=0.8095 ML+1.3003 (3.3<=ML<=6.6),extrapolada,"San Vicente del Caguán - Caquetá, Colombia"
SGC,SGC2021wpgobb,2021-11-16T22:04:24+00:00,1.4,MLr_2,2.4336,Senel et al.: Mw=0.8095 ML+1.3003 (3.3<=ML<=6.6),extrapolada,"Santa María - Huila, Colombia"
SGC,SGC2021wtmeod,2021-11-19T05:12:20+00:00,1.1,MLr_2,2.19075,Senel et al.: Mw=0.8095 ML+1.3003 (3.3<=ML<=6.6),extrapolada,"Santa María - Huila, Colombia"
SGC,SGC2021wulpaj,2021-11-19T17:58:46+00:00,1.7,MLr_2,2.67645,Senel et al.: Mw=0.8095 ML+1.3003 (3.3<=ML<=6.6),extrapolada,"Uribe - Meta, Colombia"
SGC,SGC2021wywatc,2021-11-22T03:31:59+00:00,1.4,MLr_2,2.4336,Senel et al.: Mw=0.8095 ML+1.3003 (3.3<=ML<=6.6),extrapolada,"San Vicente del Caguán - Caquetá, Colombia"
SGC,SGC2021wzuofe,2021-11-22T15:51:46+00:00,2.4,MLr_2,3.2431,Senel et al.: Mw=0.8095 ML+1.3003 (3.3<=ML<=6.6),extrapolada,"San Vicente del Caguán - Caquetá, Colombia"
SGC,SGC2021xabaqg,2021-11-22T19:07:11+00:00,1.2,MLr_2,2.2717,Senel et al.: Mw=0.8095 ML+1.3003 (3.3<=ML<=6.6),extrapolada,"Hobo - Huila, Colombia"
SGC,SGC2021xcpkpr,2021-11-24T04:30:13+00:00,1.3,MLr_2,2.35265,Senel et al.: Mw=0.8095 ML+1.3003 (3.3<=ML<=6.6),extrapolada,"San Vicente del Caguán - Caquetá, Colombia"
SGC,SGC2021xrzhqm,2021-12-02T13:35:33+00:00,1.1,MLr_2,2.19075,Senel et al.: Mw=0.8095 ML+1.3003 (3.3<=ML<=6.6),extrapolada,"Algeciras - Huila, Colombia"
SGC,SGC2021yaloeb,2021-12-07T04:20:57+00:00,1.0,MLr_2,2.1098,Senel et al.: Mw=0.8095 ML+1.3003 (3.3<=ML<=6.6),extrapolada,"Santa María - Huila, Colombia"
SGC,SGC2021ydkoie,2021-12-08T19:04:26+00:00,1.5,MLr_2,2.51455,Senel et al.: Mw=0.8095 ML+1.3003 (3.3<=ML<=6.6),extrapolada,"San Vicente del Caguán - Caquetá, Colombia"
SGC,SGC2021yupitn,2021-12-18T03:44:54+00:00,1.2,MLr_2,2.2717,Senel et al.: Mw=0.8095 ML+1.3003 (3.3<=ML<=6.6),extrapolada,"Campoalegre - Huila, Colombia"
SGC,SGC2021ywvzvk,2021-12-19T09:14:43+00:00,1.1,MLr_2,2.19075,Senel et al.: Mw=0.8095 ML+1.3003 (3.3<=ML<=6.6),extrapolada,"San Vicente del Caguán - Caquetá, Colombia"
SGC,SGC2021zcyqsg,2021-12-22T17:01:29+00:00,1.6,MLr_2,2.5955000000000004,Senel et al.: Mw=0.8095 ML+1.3003 (3.3<=ML<=6.6),extrapolada,"San Vicente del Caguán - Caquetá, Colombia"
SGC,SGC2021zgrruv,2021-12-24T17:49:28+00:00,2.3,MLr_3,3.16215,Senel et al.: Mw=0.8095 ML+1.3003 (3.3<=ML<=6.6),extrapolada,"Algeciras - Huila, Colombia"
SGC,SGC2021zioggh,2021-12-25T18:14:30+00:00,1.3,MLr_2,2.35265,Senel et al.: Mw=0.8095 ML+1.3003 (3.3<=ML<=6.6),extrapolada,"Algeciras - Huila, Colombia"
SGC,SGC2021zjdqnk,2021-12-26T01:59:00+00:00,1.3,MLr_2,2.35265,Senel et al.: Mw=0.8095 ML+1.3003 (3.3<=ML<=6.6),extrapolada,"San Vicente del Caguán - Caquetá, Colombia"
SGC,SGC2021zllgyq,2021-12-27T07:58:13+00:00,1.2,MLr_2,2.2717,Senel et al.: Mw=0.8095 ML+1.3003 (3.3<=ML<=6.6),extrapolada,"San Vicente del Caguán - Caquetá, Colombia"
SGC,SGC2021ztfceg,2021-12-31T13:27:27+00:00,2.6,MLr_2,3.405,Senel et al.: Mw=0.8095 ML+1.3003 (3.3<=ML<=6.6),extrapolada,"San Vicente del Caguán - Caquetá, Colombia"
SGC,SGC2022acbsxg,2022-01-02T03:01:58+00:00,1.3,MLr_2,2.35265,Senel et al.: Mw=0.8095 ML+1.3003 (3.3<=ML<=6.6),extrapolada,"San Vicente del Caguán - Caquetá, Colombia"
SGC,SGC2022adlbsf,2022-01-02T20:47:17+00:00,1.7,MLr_2,2.67645,Senel et al.: Mw=0.8095 ML+1.3003 (3.3<=ML<=6.6),extrapolada,"Algeciras - Huila, Colombia"
SGC,SGC2022aecjph,2022-01-03T05:29:21+00:00,1.6,MLr_2,2.5955000000000004,Senel et al.: Mw=0.8095 ML+1.3003 (3.3<=ML<=6.6),extrapolada,"Yaguará - Huila, Colombia"
SGC,SGC2022afjgul,2022-01-03T22:01:48+00:00,1.3,MLr_2,2.35265,Senel et al.: Mw=0.8095 ML+1.3003 (3.3<=ML<=6.6),extrapolada,"San Vicente del Caguán - Caquetá, Colombia"
SGC,SGC2022ahnmau,2022-01-05T02:17:31+00:00,1.7,MLr_2,2.67645,Senel et al.: Mw=0.8095 ML+1.3003 (3.3<=ML<=6.6),extrapolada,"San Vicente del Caguán - Caquetá, Colombia"
SGC,SGC2022amvpdk,2022-01-07T23:44:51+00:00,1.2,MLr_2,2.2717,Senel et al.: Mw=0.8095 ML+1.3003 (3.3<=ML<=6.6),extrapolada,"Hobo - Huila, Colombia"
SGC,SGC2022aqbnkz,2022-01-09T17:57:20+00:00,1.9,MLr_2,2.83835,Senel et al.: Mw=0.8095 ML+1.3003 (3.3<=ML<=6.6),extrapolada,"Neiva - Huila, Colombia"
SGC,SGC2022aspwub,2022-01-11T03:19:33+00:00,3.2,MLr_2,3.8907,Senel et al.: Mw=0.8095 ML+1.3003 (3.3<=ML<=6.6),extrapolada,"San Vicente del Caguán - Caquetá, Colombia"
SGC,SGC2022awffqk,2022-01-13T02:15:50+00:00,1.1,MLr_2,2.19075,Senel et al.: Mw=0.8095 ML+1.3003 (3.3<=ML<=6.6),extrapolada,"San Vicente del Caguán - Caquetá, Colombia"
SGC,SGC2022aysrpe,2022-01-14T11:10:55+00:00,2.3,MLr_3,3.16215,Senel et al.: Mw=0.8095 ML+1.3003 (3.3<=ML<=6.6),extrapolada,"San Vicente del Caguán - Caquetá, Colombia"
SGC,SGC2022bcazuo,2022-01-16T06:35:14+00:00,1.2,MLr_2,2.2717,Senel et al.: Mw=0.8095 ML+1.3003 (3.3<=ML<=6.6),extrapolada,"San Vicente del Caguán - Caquetá, Colombia"
SGC,SGC2022bdimfe,2022-01-16T23:25:18+00:00,1.4,MLr_2,2.4336,Senel et al.: Mw=0.8095 ML+1.3003 (3.3<=ML<=6.6),extrapolada,"Algeciras - Huila, Colombia"
SGC,SGC2022bkyrpv,2022-01-21T03:05:39+00:00,1.3,MLr_2,2.35265,Senel et al.: Mw=0.8095 ML+1.3003 (3.3<=ML<=6.6),extrapolada,"San Vicente del Caguán - Caquetá, Colombia"
SGC,SGC2022brgjzb,2022-01-24T13:25:01+00:00,1.9,MLr_2,2.83835,Senel et al.: Mw=0.8095 ML+1.3003 (3.3<=ML<=6.6),extrapolada,"San Vicente del Caguán - Caquetá, Colombia"
SGC,SGC2022btrflb,2022-01-25T21:00:35+00:00,1.1,MLr_2,2.19075,Senel et al.: Mw=0.8095 ML+1.3003 (3.3<=ML<=6.6),extrapolada,"Hobo - Huila, Colombia"
SGC,SGC2022bvtywi,2022-01-27T00:32:28+00:00,1.4,MLr_2,2.4336,Senel et al.: Mw=0.8095 ML+1.3003 (3.3<=ML<=6.6),extrapolada,"Baraya - Huila, Colombia"
SGC,SGC2022cgjpwk,2022-02-01T19:09:30+00:00,1.4,MLr_2,2.4336,Senel et al.: Mw=0.8095 ML+1.3003 (3.3<=ML<=6.6),extrapolada,"Algeciras - Huila, Colombia"
SGC,SGC2022chlsch,2022-02-02T09:16:55+00:00,1.8,MLr_2,2.7574,Senel et al.: Mw=0.8095 ML+1.3003 (3.3<=ML<=6.6),extrapolada,"Campoalegre - Huila, Colombia"
SGC,SGC2022chopln,2022-02-02T10:44:23+00:00,1.9,MLr_2,2.83835,Senel et al.: Mw=0.8095 ML+1.3003 (3.3<=ML<=6.6),extrapolada,"Aipe - Huila, Colombia"
SGC,SGC2022cixlkx,2022-02-03T04:15:44+00:00,1.2,MLr_2,2.2717,Senel et al.: Mw=0.8095 ML+1.3003 (3.3<=ML<=6.6),extrapolada,"Hobo - Huila, Colombia"
SGC,SGC2022ckmtuz,2022-02-04T01:02:31+00:00,1.3,MLr_2,2.35265,Senel et al.: Mw=0.8095 ML+1.3003 (3.3<=ML<=6.6),extrapolada,"San Vicente del Caguán - Caquetá, Colombia"
SGC,SGC2022clggwk,2022-02-04T10:50:55+00:00,1.2,MLr_2,2.2717,Senel et al.: Mw=0.8095 ML+1.3003 (3.3<=ML<=6.6),extrapolada,"Santa María - Huila, Colombia"
SGC,SGC2022couzhd,2022-02-06T09:28:08+00:00,1.3,MLr_2,2.35265,Senel et al.: Mw=0.8095 ML+1.3003 (3.3<=ML<=6.6),extrapolada,"San Vicente del Caguán - Caquetá, Colombia"
SGC,SGC2022cuaswn,2022-02-09T05:44:06+00:00,1.6,MLr_2,2.5955000000000004,Senel et al.: Mw=0.8095 ML+1.3003 (3.3<=ML<=6.6),extrapolada,"Algeciras - Huila, Colombia"
SGC,SGC2022czcxwf,2022-02-12T00:12:36+00:00,1.4,MLr_2,2.4336,Senel et al.: Mw=0.8095 ML+1.3003 (3.3<=ML<=6.6),extrapolada,"San Vicente del Caguán - Caquetá, Colombia"
SGC,SGC2022ddqpug,2022-02-14T11:23:34+00:00,1.7,MLr_2,2.67645,Senel et al.: Mw=0.8095 ML+1.3003 (3.3<=ML<=6.6),extrapolada,"Neiva - Huila, Colombia"
SGC,SGC2022dexaka,2022-02-15T03:41:23+00:00,1.9,MLr_2,2.83835,Senel et al.: Mw=0.8095 ML+1.3003 (3.3<=ML<=6.6),extrapolada,"San Vicente del Caguán - Caquetá, Colombia"
SGC,SGC2022dldepc,2022-02-18T13:14:08+00:00,1.7,MLr_2,2.67645,Senel et al.: Mw=0.8095 ML+1.3003 (3.3<=ML<=6.6),extrapolada,"San Vicente del Caguán - Caquetá, Colombia"
SGC,SGC2022dmwlxh,2022-02-19T12:00:21+00:00,1.6,MLr_2,2.5955000000000004,Senel et al.: Mw=0.8095 ML+1.3003 (3.3<=ML<=6.6),extrapolada,"San Vicente del Caguán - Caquetá, Colombia"
SGC,SGC2022dsjobw,2022-02-22T11:57:38+00:00,2.4,MLr_2,3.2431,Senel et al.: Mw=0.8095 ML+1.3003 (3.3<=ML<=6.6),extrapolada,"Algeciras - Huila, Colombia"
SGC,SGC2022dyczao,2022-02-25T15:05:45+00:00,1.8,MLr_2,2.7574,Senel et al.: Mw=0.8095 ML+1.3003 (3.3<=ML<=6.6),extrapolada,"San Vicente del Caguán - Caquetá, Colombia"
SGC,SGC2022dyzvhd,2022-02-26T02:35:28+00:00,1.2,MLr_2,2.2717,Senel et al.: Mw=0.8095 ML+1.3003 (3.3<=ML<=6.6),extrapolada,"San Vicente del Caguán - Caquetá, Colombia"
SGC,SGC2022dzehhi,2022-02-26T04:50:06+00:00,1.2,MLr_2,2.2717,Senel et al.: Mw=0.8095 ML+1.3003 (3.3<=ML<=6.6),extrapolada,"San Vicente del Caguán - Caquetá, Colombia"
SGC,SGC2022dzgoqs,2022-02-26T05:58:59+00:00,1.4,MLr_2,2.4336,Senel et al.: Mw=0.8095 ML+1.3003 (3.3<=ML<=6.6),extrapolada,"San Vicente del Caguán - Caquetá, Colombia"
SGC,SGC2022ebnhlr,2022-02-27T11:30:50+00:00,1.9,MLr_2,2.83835,Senel et al.: Mw=0.8095 ML+1.3003 (3.3<=ML<=6.6),extrapolada,"Uribe - Meta, Colombia"
SGC,SGC2022ehnydu,2022-03-02T18:17:00+00:00,1.4,MLr_2,2.4336,Senel et al.: Mw=0.8095 ML+1.3003 (3.3<=ML<=6.6),extrapolada,"San Vicente del Caguán - Caquetá, Colombia"
SGC,SGC2022enewbd,2022-03-05T20:09:52+00:00,1.4,MLr_2,2.4336,Senel et al.: Mw=0.8095 ML+1.3003 (3.3<=ML<=6.6),extrapolada,"Campoalegre - Huila, Colombia"
SGC,SGC2022epzxus,2022-03-07T08:54:28+00:00,1.3,MLr_2,2.35265,Senel et al.: Mw=0.8095 ML+1.3003 (3.3<=ML<=6.6),extrapolada,"Aipe - Huila, Colombia"
SGC,SGC2022etqgmg,2022-03-09T08:20:43+00:00,1.3,MLr_2,2.35265,Senel et al.: Mw=0.8095 ML+1.3003 (3.3<=ML<=6.6),extrapolada,"San Vicente del Caguán - Caquetá, Colombia"
SGC,SGC2022etxifj,2022-03-09T11:53:56+00:00,1.7,MLr_2,2.67645,Senel et al.: Mw=0.8095 ML+1.3003 (3.3<=ML<=6.6),extrapolada,"San Vicente del Caguán - Caquetá, Colombia"
SGC,SGC2022eyrnxt,2022-03-12T02:22:06+00:00,1.5,MLr_2,2.51455,Senel et al.: Mw=0.8095 ML+1.3003 (3.3<=ML<=6.6),extrapolada,"Hobo - Huila, Colombia"
SGC,SGC2022fclqjt,2022-03-14T03:41:37+00:00,1.4,MLr_2,2.4336,Senel et al.: Mw=0.8095 ML+1.3003 (3.3<=ML<=6.6),extrapolada,"Campoalegre - Huila, Colombia"
SGC,SGC2022felvll,2022-03-15T05:56:28+00:00,2.3,MLr_2,3.16215,Senel et al.: Mw=0.8095 ML+1.3003 (3.3<=ML<=6.6),extrapolada,"Campoalegre - Huila, Colombia"
SGC,SGC2022ffjcng,2022-03-15T17:38:38+00:00,2.3,MLr_2,3.16215,Senel et al.: Mw=0.8095 ML+1.3003 (3.3<=ML<=6.6),extrapolada,"Yaguará - Huila, Colombia"
SGC,SGC2022fgamrc,2022-03-16T02:23:19+00:00,1.3,MLr_2,2.35265,Senel et al.: Mw=0.8095 ML+1.3003 (3.3<=ML<=6.6),extrapolada,"Algeciras - Huila, Colombia"
SGC,SGC2022fhdkfq,2022-03-16T16:55:30+00:00,2.1,MLr_2,3.0002500000000003,Senel et al.: Mw=0.8095 ML+1.3003 (3.3<=ML<=6.6),extrapolada,"Campoalegre - Huila, Colombia"
SGC,SGC2022fruzmq,2022-03-22T12:30:53+00:00,1.4,MLr_2,2.4336,Senel et al.: Mw=0.8095 ML+1.3003 (3.3<=ML<=6.6),extrapolada,"San Vicente del Caguán - Caquetá, Colombia"
SGC,SGC2022ftbszq,2022-03-23T04:59:03+00:00,1.3,MLr_2,2.35265,Senel et al.: Mw=0.8095 ML+1.3003 (3.3<=ML<=6.6),extrapolada,"Algeciras - Huila, Colombia"
SGC,SGC2022fwxbnk,2022-03-25T06:55:58+00:00,1.9,MLr_2,2.83835,Senel et al.: Mw=0.8095 ML+1.3003 (3.3<=ML<=6.6),extrapolada,"San Vicente del Caguán - Caquetá, Colombia"
SGC,SGC2022fyjmid,2022-03-26T02:15:03+00:00,1.8,MLr_2,2.7574,Senel et al.: Mw=0.8095 ML+1.3003 (3.3<=ML<=6.6),extrapolada,"San Vicente del Caguán - Caquetá, Colombia"
SGC,SGC2022gdcvys,2022-03-28T16:17:23+00:00,1.8,MLr_2,2.7574,Senel et al.: Mw=0.8095 ML+1.3003 (3.3<=ML<=6.6),extrapolada,"San Vicente del Caguán - Caquetá, Colombia"
SGC,SGC2022gehjno,2022-03-29T07:38:17+00:00,1.3,MLr_2,2.35265,Senel et al.: Mw=0.8095 ML+1.3003 (3.3<=ML<=6.6),extrapolada,"Campoalegre - Huila, Colombia"
SGC,SGC2022gnmmsu,2022-04-03T07:53:10+00:00,1.5,MLr_2,2.51455,Senel et al.: Mw=0.8095 ML+1.3003 (3.3<=ML<=6.6),extrapolada,"San Vicente del Caguán - Caquetá, Colombia"
SGC,SGC2022gohibz,2022-04-03T18:21:22+00:00,1.3,MLr_2,2.35265,Senel et al.: Mw=0.8095 ML+1.3003 (3.3<=ML<=6.6),extrapolada,"Rivera - Huila, Colombia"
SGC,SGC2022gszznl,2022-04-06T08:02:39+00:00,2.2,MLr_2,3.0812,Senel et al.: Mw=0.8095 ML+1.3003 (3.3<=ML<=6.6),extrapolada,"San Vicente del Caguán - Caquetá, Colombia"
SGC,SGC2022guozan,2022-04-07T04:39:05+00:00,1.2,MLr_2,2.2717,Senel et al.: Mw=0.8095 ML+1.3003 (3.3<=ML<=6.6),extrapolada,"Hobo - Huila, Colombia"
SGC,SGC2022hqyphu,2022-04-19T09:08:00+00:00,1.2,MLr_2,2.2717,Senel et al.: Mw=0.8095 ML+1.3003 (3.3<=ML<=6.6),extrapolada,"Campoalegre - Huila, Colombia"
SGC,SGC2022ibltyd,2022-04-25T02:30:24+00:00,1.8,MLr_2,2.7574,Senel et al.: Mw=0.8095 ML+1.3003 (3.3<=ML<=6.6),extrapolada,"Teruel - Huila, Colombia"
SGC,SGC2022imclub,2022-04-30T21:38:36+00:00,1.3,MLr_2,2.35265,Senel et al.: Mw=0.8095 ML+1.3003 (3.3<=ML<=6.6),extrapolada,"San Vicente del Caguán - Caquetá, Colombia"
SGC,SGC2022isojfc,2022-05-04T10:04:30+00:00,1.2,MLr_2,2.2717,Senel et al.: Mw=0.8095 ML+1.3003 (3.3<=ML<=6.6),extrapolada,"Yaguará - Huila, Colombia"
SGC,SGC2022ixyxiv,2022-05-07T08:45:02+00:00,0.8,MLr_2,1.9479,Senel et al.: Mw=0.8095 ML+1.3003 (3.3<=ML<=6.6),extrapolada,"Yaguará - Huila, Colombia"
SGC,SGC2022jdvokh,2022-05-10T13:30:58+00:00,1.4,MLr_2,2.4336,Senel et al.: Mw=0.8095 ML+1.3003 (3.3<=ML<=6.6),extrapolada,"Algeciras - Huila, Colombia"
SGC,SGC2022jfowzi,2022-05-11T12:18:41+00:00,1.1,MLr_2,2.19075,Senel et al.: Mw=0.8095 ML+1.3003 (3.3<=ML<=6.6),extrapolada,"Algeciras - Huila, Colombia"
SGC,SGC2022jfytxd,2022-05-11T17:16:51+00:00,1.9,MLr_2,2.83835,Senel et al.: Mw=0.8095 ML+1.3003 (3.3<=ML<=6.6),extrapolada,"Neiva - Huila, Colombia"
SGC,SGC2022jgdvpp,2022-05-11T19:49:43+00:00,1.8,MLr_2,2.7574,Senel et al.: Mw=0.8095 ML+1.3003 (3.3<=ML<=6.6),extrapolada,"San Vicente del Caguán - Caquetá, Colombia"
SGC,SGC2022jlftel,2022-05-14T14:09:35+00:00,1.4,MLr_2,2.4336,Senel et al.: Mw=0.8095 ML+1.3003 (3.3<=ML<=6.6),extrapolada,"Hobo - Huila, Colombia"
SGC,SGC2022kaxfqw,2022-05-23T03:04:09+00:00,2.7,MLr_2,3.4859500000000003,Senel et al.: Mw=0.8095 ML+1.3003 (3.3<=ML<=6.6),extrapolada,"Uribe - Meta, Colombia"
SGC,SGC2022kfniay,2022-05-25T15:27:32+00:00,1.9,MLr_2,2.83835,Senel et al.: Mw=0.8095 ML+1.3003 (3.3<=ML<=6.6),extrapolada,"Campoalegre - Huila, Colombia"
SGC,SGC2022khxvtj,2022-05-26T22:54:07+00:00,1.3,MLr_2,2.35265,Senel et al.: Mw=0.8095 ML+1.3003 (3.3<=ML<=6.6),extrapolada,"Algeciras - Huila, Colombia"
SGC,SGC2022kjcybb,2022-05-27T14:32:08+00:00,2.0,MLr_2,2.9193,Senel et al.: Mw=0.8095 ML+1.3003 (3.3<=ML<=6.6),extrapolada,"San Vicente del Caguán - Caquetá, Colombia"
SGC,SGC2022klxvan,2022-05-29T03:11:10+00:00,1.2,MLr_2,2.2717,Senel et al.: Mw=0.8095 ML+1.3003 (3.3<=ML<=6.6),extrapolada,"Algeciras - Huila, Colombia"
SGC,SGC2022kqjstx,2022-05-31T13:28:32+00:00,1.2,MLr_2,2.2717,Senel et al.: Mw=0.8095 ML+1.3003 (3.3<=ML<=6.6),extrapolada,"Santa María - Huila, Colombia"
SGC,SGC2022krllpw,2022-06-01T03:25:02+00:00,1.2,MLr_2,2.2717,Senel et al.: Mw=0.8095 ML+1.3003 (3.3<=ML<=6.6),extrapolada,"Campoalegre - Huila, Colombia"
SGC,SGC2022krouzq,2022-06-01T05:06:28+00:00,1.7,MLr_2,2.67645,Senel et al.: Mw=0.8095 ML+1.3003 (3.3<=ML<=6.6),extrapolada,"Algeciras - Huila, Colombia"
SGC,SGC2022kxrdfy,2022-06-04T12:43:13+00:00,2.1,MLr_2,3.0002500000000003,Senel et al.: Mw=0.8095 ML+1.3003 (3.3<=ML<=6.6),extrapolada,"Baraya - Huila, Colombia"
SGC,SGC2022kybnvs,2022-06-04T17:57:13+00:00,1.6,MLr_2,2.5955000000000004,Senel et al.: Mw=0.8095 ML+1.3003 (3.3<=ML<=6.6),extrapolada,"San Vicente del Caguán - Caquetá, Colombia"
SGC,SGC2022lagvme,2022-06-05T22:45:55+00:00,1.9,MLr_2,2.83835,Senel et al.: Mw=0.8095 ML+1.3003 (3.3<=ML<=6.6),extrapolada,"San Vicente del Caguán - Caquetá, Colombia"
SGC,SGC2022lalzii,2022-06-06T01:21:14+00:00,1.2,MLr_2,2.2717,Senel et al.: Mw=0.8095 ML+1.3003 (3.3<=ML<=6.6),extrapolada,"Algeciras - Huila, Colombia"
SGC,SGC2022lcymwe,2022-06-07T09:47:59+00:00,1.6,MLr_2,2.5955000000000004,Senel et al.: Mw=0.8095 ML+1.3003 (3.3<=ML<=6.6),extrapolada,"Algeciras - Huila, Colombia"
SGC,SGC2022lgfmno,2022-06-09T04:32:13+00:00,1.7,MLr_2,2.67645,Senel et al.: Mw=0.8095 ML+1.3003 (3.3<=ML<=6.6),extrapolada,"San Vicente del Caguán - Caquetá, Colombia"
SGC,SGC2022lrdswm,2022-06-15T03:28:27+00:00,1.3,MLr_2,2.35265,Senel et al.: Mw=0.8095 ML+1.3003 (3.3<=ML<=6.6),extrapolada,"Algeciras - Huila, Colombia"
SGC,SGC2022lrwsii,2022-06-15T13:01:06+00:00,2.3,MLr_2,3.16215,Senel et al.: Mw=0.8095 ML+1.3003 (3.3<=ML<=6.6),extrapolada,"San Vicente del Caguán - Caquetá, Colombia"
SGC,SGC2022lwbkzh,2022-06-17T19:41:19+00:00,1.3,MLr_2,2.35265,Senel et al.: Mw=0.8095 ML+1.3003 (3.3<=ML<=6.6),extrapolada,"Algeciras - Huila, Colombia"
SGC,SGC2022lzcebx,2022-06-19T11:16:54+00:00,1.3,MLr_2,2.35265,Senel et al.: Mw=0.8095 ML+1.3003 (3.3<=ML<=6.6),extrapolada,"San Vicente del Caguán - Caquetá, Colombia"
SGC,SGC2022mciuje,2022-06-21T05:50:16+00:00,1.5,MLr_2,2.51455,Senel et al.: Mw=0.8095 ML+1.3003 (3.3<=ML<=6.6),extrapolada,"San Vicente del Caguán - Caquetá, Colombia"
SGC,SGC2022mexfvf,2022-06-22T15:14:55+00:00,1.2,MLr_2,2.2717,Senel et al.: Mw=0.8095 ML+1.3003 (3.3<=ML<=6.6),extrapolada,"Campoalegre - Huila, Colombia"
SGC,SGC2022mkekml,2022-06-25T12:13:56+00:00,1.4,MLr_2,2.4336,Senel et al.: Mw=0.8095 ML+1.3003 (3.3<=ML<=6.6),extrapolada,"Uribe - Meta, Colombia"
SGC,SGC2022mmibeb,2022-06-26T16:12:45+00:00,1.4,MLr_2,2.4336,Senel et al.: Mw=0.8095 ML+1.3003 (3.3<=ML<=6.6),extrapolada,"Aipe - Huila, Colombia"
SGC,SGC2022msrzyz,2022-06-30T03:39:57+00:00,1.5,MLr_2,2.51455,Senel et al.: Mw=0.8095 ML+1.3003 (3.3<=ML<=6.6),extrapolada,"Campoalegre - Huila, Colombia"
SGC,SGC2022mxrevj,2022-07-02T20:37:46+00:00,1.4,MLr_2,2.4336,Senel et al.: Mw=0.8095 ML+1.3003 (3.3<=ML<=6.6),extrapolada,"Yaguará - Huila, Colombia"
SGC,SGC2022mzvoue,2022-07-04T00:58:58+00:00,1.4,MLr_2,2.4336,Senel et al.: Mw=0.8095 ML+1.3003 (3.3<=ML<=6.6),extrapolada,"Villavieja - Huila, Colombia"
SGC,SGC2022nbbkah,2022-07-04T16:59:00+00:00,2.8,MLr_2,3.5669,Senel et al.: Mw=0.8095 ML+1.3003 (3.3<=ML<=6.6),extrapolada,"Tello - Huila, Colombia"
SGC,SGC2022ndswrs,2022-07-06T03:55:32+00:00,1.6,MLr_2,2.5955000000000004,Senel et al.: Mw=0.8095 ML+1.3003 (3.3<=ML<=6.6),extrapolada,"Tello - Huila, Colombia"
SGC,SGC2022nfvfay,2022-07-07T07:14:32+00:00,1.4,MLr_2,2.4336,Senel et al.: Mw=0.8095 ML+1.3003 (3.3<=ML<=6.6),extrapolada,"Santa María - Huila, Colombia"
SGC,SGC2022ngkctl,2022-07-07T14:44:27+00:00,1.2,MLr_2,2.2717,Senel et al.: Mw=0.8095 ML+1.3003 (3.3<=ML<=6.6),extrapolada,"Santa María - Huila, Colombia"
SGC,SGC2022njncrw,2022-07-09T07:28:20+00:00,1.3,MLr_2,2.35265,Senel et al.: Mw=0.8095 ML+1.3003 (3.3<=ML<=6.6),extrapolada,"San Vicente del Caguán - Caquetá, Colombia"
SGC,SGC2022nmjqcm,2022-07-10T20:56:27+00:00,1.6,MLr_2,2.5955000000000004,Senel et al.: Mw=0.8095 ML+1.3003 (3.3<=ML<=6.6),extrapolada,"San Vicente del Caguán - Caquetá, Colombia"
SGC,SGC2022nvpixq,2022-07-15T21:29:35+00:00,1.3,MLr_2,2.35265,Senel et al.: Mw=0.8095 ML+1.3003 (3.3<=ML<=6.6),extrapolada,"San Vicente del Caguán - Caquetá, Colombia"
SGC,SGC2022nwuzwt,2022-07-16T13:24:36+00:00,1.4,MLr_2,2.4336,Senel et al.: Mw=0.8095 ML+1.3003 (3.3<=ML<=6.6),extrapolada,"San Vicente del Caguán - Caquetá, Colombia"
SGC,SGC2022oczqgb,2022-07-19T22:11:08+00:00,1.5,MLr_2,2.51455,Senel et al.: Mw=0.8095 ML+1.3003 (3.3<=ML<=6.6),extrapolada,"Hobo - Huila, Colombia"
SGC,SGC2022odamwa,2022-07-19T22:37:26+00:00,1.8,MLr_2,2.7574,Senel et al.: Mw=0.8095 ML+1.3003 (3.3<=ML<=6.6),extrapolada,"Campoalegre - Huila, Colombia"
SGC,SGC2022ofdeai,2022-07-21T02:06:36+00:00,1.5,MLr_2,2.51455,Senel et al.: Mw=0.8095 ML+1.3003 (3.3<=ML<=6.6),extrapolada,"Algeciras - Huila, Colombia"
SGC,SGC2022okvtfy,2022-07-24T04:49:44+00:00,1.3,MLr_2,2.35265,Senel et al.: Mw=0.8095 ML+1.3003 (3.3<=ML<=6.6),extrapolada,"Rivera - Huila, Colombia"
SGC,SGC2022olmyjs,2022-07-24T13:28:37+00:00,1.3,MLr_2,2.35265,Senel et al.: Mw=0.8095 ML+1.3003 (3.3<=ML<=6.6),extrapolada,"Algeciras - Huila, Colombia"
SGC,SGC2022oqmxqe,2022-07-27T06:50:07+00:00,1.2,MLr_2,2.2717,Senel et al.: Mw=0.8095 ML+1.3003 (3.3<=ML<=6.6),extrapolada,"Villavieja - Huila, Colombia"
SGC,SGC2022otvjbg,2022-07-29T02:18:11+00:00,1.2,MLr_2,2.2717,Senel et al.: Mw=0.8095 ML+1.3003 (3.3<=ML<=6.6),extrapolada,"Villavieja - Huila, Colombia"
SGC,SGC2022ovshjc,2022-07-30T02:54:43+00:00,1.5,MLr_2,2.51455,Senel et al.: Mw=0.8095 ML+1.3003 (3.3<=ML<=6.6),extrapolada,"Hobo - Huila, Colombia"
SGC,SGC2022owpqjj,2022-07-30T14:39:04+00:00,1.4,MLr_2,2.4336,Senel et al.: Mw=0.8095 ML+1.3003 (3.3<=ML<=6.6),extrapolada,"Hobo - Huila, Colombia"
SGC,SGC2022ptnfyn,2022-08-12T02:09:31+00:00,1.6,MLr_2,2.5955000000000004,Senel et al.: Mw=0.8095 ML+1.3003 (3.3<=ML<=6.6),extrapolada,"Algeciras - Huila, Colombia"
SGC,SGC2022qakiky,2022-08-15T20:13:15+00:00,2.4,MLr_2,3.2431,Senel et al.: Mw=0.8095 ML+1.3003 (3.3<=ML<=6.6),extrapolada,"Hobo - Huila, Colombia"
SGC,SGC2022qbcusu,2022-08-16T05:30:37+00:00,1.2,MLr_2,2.2717,Senel et al.: Mw=0.8095 ML+1.3003 (3.3<=ML<=6.6),extrapolada,"Algeciras - Huila, Colombia"
SGC,SGC2022qdcduo,2022-08-17T07:19:57+00:00,1.4,MLr_2,2.4336,Senel et al.: Mw=0.8095 ML+1.3003 (3.3<=ML<=6.6),extrapolada,"Hobo - Huila, Colombia"
SGC,SGC2022qepbnu,2022-08-18T02:54:03+00:00,1.6,MLr_2,2.5955000000000004,Senel et al.: Mw=0.8095 ML+1.3003 (3.3<=ML<=6.6),extrapolada,"Aipe - Huila, Colombia"
SGC,SGC2022qiozfc,2022-08-20T07:09:13+00:00,1.6,MLr_2,2.5955000000000004,Senel et al.: Mw=0.8095 ML+1.3003 (3.3<=ML<=6.6),extrapolada,"San Vicente del Caguán - Caquetá, Colombia"
SGC,SGC2022qluopr,2022-08-22T01:11:24+00:00,1.3,MLr_2,2.35265,Senel et al.: Mw=0.8095 ML+1.3003 (3.3<=ML<=6.6),extrapolada,"San Vicente del Caguán - Caquetá, Colombia"
SGC,SGC2022qpjmcn,2022-08-23T23:54:29+00:00,1.4,MLr_2,2.4336,Senel et al.: Mw=0.8095 ML+1.3003 (3.3<=ML<=6.6),extrapolada,"Campoalegre - Huila, Colombia"
SGC,SGC2022qugpiu,2022-08-26T15:50:08+00:00,1.1,MLr_2,2.19075,Senel et al.: Mw=0.8095 ML+1.3003 (3.3<=ML<=6.6),extrapolada,"Planadas - Tolima, Colombia"
SGC,SGC2022qynkwu,2022-08-28T23:34:04+00:00,1.7,MLr_2,2.67645,Senel et al.: Mw=0.8095 ML+1.3003 (3.3<=ML<=6.6),extrapolada,"San Vicente del Caguán - Caquetá, Colombia"
SGC,SGC2022rajzet,2022-08-29T23:59:44+00:00,1.8,MLr_2,2.7574,Senel et al.: Mw=0.8095 ML+1.3003 (3.3<=ML<=6.6),extrapolada,"Campoalegre - Huila, Colombia"
SGC,SGC2022rswwvw,2022-09-09T01:49:00+00:00,1.4,MLr_2,2.4336,Senel et al.: Mw=0.8095 ML+1.3003 (3.3<=ML<=6.6),extrapolada,"San Vicente del Caguán - Caquetá, Colombia"
SGC,SGC2022scaypl,2022-09-14T01:32:00+00:00,1.4,MLr_2,2.4336,Senel et al.: Mw=0.8095 ML+1.3003 (3.3<=ML<=6.6),extrapolada,"Aipe - Huila, Colombia"
SGC,SGC2022slsqkj,2022-09-19T08:05:51+00:00,1.4,MLr_2,2.4336,Senel et al.: Mw=0.8095 ML+1.3003 (3.3<=ML<=6.6),extrapolada,"San Vicente del Caguán - Caquetá, Colombia"
SGC,SGC2022smwhih,2022-09-19T23:00:29+00:00,1.4,MLr_2,2.4336,Senel et al.: Mw=0.8095 ML+1.3003 (3.3<=ML<=6.6),extrapolada,"Baraya - Huila, Colombia"
SGC,SGC2022sobvde,2022-09-20T14:51:51+00:00,2.2,MLr_2,3.0812,Senel et al.: Mw=0.8095 ML+1.3003 (3.3<=ML<=6.6),extrapolada,"San Vicente del Caguán - Caquetá, Colombia"
SGC,SGC2022sqabkd,2022-09-21T16:07:44+00:00,1.6,MLr_2,2.5955000000000004,Senel et al.: Mw=0.8095 ML+1.3003 (3.3<=ML<=6.6),extrapolada,"San Vicente del Caguán - Caquetá, Colombia"
SGC,SGC2022ssjghh,2022-09-22T22:54:07+00:00,1.6,MLr_2,2.5955000000000004,Senel et al.: Mw=0.8095 ML+1.3003 (3.3<=ML<=6.6),extrapolada,"San Vicente del Caguán - Caquetá, Colombia"
SGC,SGC2022tajqnt,2022-09-27T07:41:35+00:00,1.1,MLr_2,2.19075,Senel et al.: Mw=0.8095 ML+1.3003 (3.3<=ML<=6.6),extrapolada,"Hobo - Huila, Colombia"
SGC,SGC2022tcslhv,2022-09-28T14:16:01+00:00,1.3,MLr_2,2.35265,Senel et al.: Mw=0.8095 ML+1.3003 (3.3<=ML<=6.6),extrapolada,"Algeciras - Huila, Colombia"
SGC,SGC2022tcsqhu,2022-09-28T14:21:45+00:00,1.4,MLr_2,2.4336,Senel et al.: Mw=0.8095 ML+1.3003 (3.3<=ML<=6.6),extrapolada,"San Vicente del Caguán - Caquetá, Colombia"
SGC,SGC2022tjkapq,2022-10-02T05:33:34+00:00,1.2,MLr_2,2.2717,Senel et al.: Mw=0.8095 ML+1.3003 (3.3<=ML<=6.6),extrapolada,"San Vicente del Caguán - Caquetá, Colombia"
SGC,SGC2022tmxvxf,2022-10-04T03:43:57+00:00,1.4,MLr_2,2.4336,Senel et al.: Mw=0.8095 ML+1.3003 (3.3<=ML<=6.6),extrapolada,"San Vicente del Caguán - Caquetá, Colombia"
SGC,SGC2022ttnchm,2022-10-07T17:50:46+00:00,1.4,MLr_2,2.4336,Senel et al.: Mw=0.8095 ML+1.3003 (3.3<=ML<=6.6),extrapolada,"Íquira - Huila, Colombia"
SGC,SGC2022tunttc,2022-10-08T07:15:30+00:00,1.5,MLr_2,2.51455,Senel et al.: Mw=0.8095 ML+1.3003 (3.3<=ML<=6.6),extrapolada,"Baraya - Huila, Colombia"
SGC,SGC2022txdfjc,2022-10-09T17:10:32+00:00,1.5,MLr_2,2.51455,Senel et al.: Mw=0.8095 ML+1.3003 (3.3<=ML<=6.6),extrapolada,"San Vicente del Caguán - Caquetá, Colombia"
SGC,SGC2022uerqji,2022-10-13T19:57:01+00:00,1.1,MLr_2,2.19075,Senel et al.: Mw=0.8095 ML+1.3003 (3.3<=ML<=6.6),extrapolada,"Hobo - Huila, Colombia"
SGC,SGC2022ufbvdi,2022-10-14T01:04:17+00:00,1.4,MLr_2,2.4336,Senel et al.: Mw=0.8095 ML+1.3003 (3.3<=ML<=6.6),extrapolada,"Algeciras - Huila, Colombia"
SGC,SGC2022ulfmfk,2022-10-17T09:21:31+00:00,1.3,MLr_2,2.35265,Senel et al.: Mw=0.8095 ML+1.3003 (3.3<=ML<=6.6),extrapolada,"Algeciras - Huila, Colombia"
SGC,SGC2022uukqqw,2022-10-22T09:37:47+00:00,1.3,MLr_2,2.35265,Senel et al.: Mw=0.8095 ML+1.3003 (3.3<=ML<=6.6),extrapolada,"Santa María - Huila, Colombia"
SGC,SGC2022uvwpor,2022-10-23T04:43:16+00:00,2.0,MLr_2,2.9193,Senel et al.: Mw=0.8095 ML+1.3003 (3.3<=ML<=6.6),extrapolada,"Uribe - Meta, Colombia"
SGC,SGC2022uxejqa,2022-10-23T21:42:01+00:00,2.1,MLr_2,3.0002500000000003,Senel et al.: Mw=0.8095 ML+1.3003 (3.3<=ML<=6.6),extrapolada,"San Vicente del Caguán - Caquetá, Colombia"
SGC,SGC2022uymchq,2022-10-24T14:39:21+00:00,1.5,MLr_2,2.51455,Senel et al.: Mw=0.8095 ML+1.3003 (3.3<=ML<=6.6),extrapolada,"Villavieja - Huila, Colombia"
SGC,SGC2022uyotgz,2022-10-24T15:59:24+00:00,1.5,MLr_2,2.51455,Senel et al.: Mw=0.8095 ML+1.3003 (3.3<=ML<=6.6),extrapolada,"San Vicente del Caguán - Caquetá, Colombia"
SGC,SGC2022uzjamb,2022-10-25T02:11:12+00:00,1.4,MLr_2,2.4336,Senel et al.: Mw=0.8095 ML+1.3003 (3.3<=ML<=6.6),extrapolada,"Uribe - Meta, Colombia"
SGC,SGC2022vbthpc,2022-10-26T09:30:07+00:00,1.8,MLr_2,2.7574,Senel et al.: Mw=0.8095 ML+1.3003 (3.3<=ML<=6.6),extrapolada,"Neiva - Huila, Colombia"
SGC,SGC2022vcnhsb,2022-10-26T19:33:42+00:00,1.5,MLr_2,2.51455,Senel et al.: Mw=0.8095 ML+1.3003 (3.3<=ML<=6.6),extrapolada,"San Vicente del Caguán - Caquetá, Colombia"
SGC,SGC2022vtrbab,2022-11-05T03:42:43+00:00,1.6,MLr_2,2.5955000000000004,Senel et al.: Mw=0.8095 ML+1.3003 (3.3<=ML<=6.6),extrapolada,"San Vicente del Caguán - Caquetá, Colombia"
SGC,SGC2022vvpkeu,2022-11-06T05:01:57+00:00,1.6,MLr_2,2.5955000000000004,Senel et al.: Mw=0.8095 ML+1.3003 (3.3<=ML<=6.6),extrapolada,"Algeciras - Huila, Colombia"
SGC,SGC2022vxpkuf,2022-11-07T07:11:35+00:00,1.1,MLr_2,2.19075,Senel et al.: Mw=0.8095 ML+1.3003 (3.3<=ML<=6.6),extrapolada,"Hobo - Huila, Colombia"
SGC,SGC2022wbgnfr,2022-11-09T07:00:48+00:00,1.6,MLr_2,2.5955000000000004,Senel et al.: Mw=0.8095 ML+1.3003 (3.3<=ML<=6.6),extrapolada,"San Vicente del Caguán - Caquetá, Colombia"
SGC,SGC2022wbmrfq,2022-11-09T10:06:28+00:00,1.6,MLr_2,2.5955000000000004,Senel et al.: Mw=0.8095 ML+1.3003 (3.3<=ML<=6.6),extrapolada,"Yaguará - Huila, Colombia"
SGC,SGC2022wetxqp,2022-11-11T04:58:33+00:00,1.6,MLr_2,2.5955000000000004,Senel et al.: Mw=0.8095 ML+1.3003 (3.3<=ML<=6.6),extrapolada,"Íquira - Huila, Colombia"
SGC,SGC2022whcmzh,2022-11-12T11:26:41+00:00,1.3,MLr_2,2.35265,Senel et al.: Mw=0.8095 ML+1.3003 (3.3<=ML<=6.6),extrapolada,"San Vicente del Caguán - Caquetá, Colombia"
SGC,SGC2022wmsnap,2022-11-15T12:51:51+00:00,1.4,MLr_2,2.4336,Senel et al.: Mw=0.8095 ML+1.3003 (3.3<=ML<=6.6),extrapolada,"San Vicente del Caguán - Caquetá, Colombia"
SGC,SGC2022wwrato,2022-11-20T22:52:13+00:00,1.3,MLr_2,2.35265,Senel et al.: Mw=0.8095 ML+1.3003 (3.3<=ML<=6.6),extrapolada,"Hobo - Huila, Colombia"
SGC,SGC2022wwvhgh,2022-11-21T01:00:17+00:00,1.4,MLr_2,2.4336,Senel et al.: Mw=0.8095 ML+1.3003 (3.3<=ML<=6.6),extrapolada,"Campoalegre - Huila, Colombia"
SGC,SGC2022wxachh,2022-11-21T03:25:32+00:00,1.2,MLr_2,2.2717,Senel et al.: Mw=0.8095 ML+1.3003 (3.3<=ML<=6.6),extrapolada,"San Vicente del Caguán - Caquetá, Colombia"
SGC,SGC2022wxawkr,2022-11-21T03:49:41+00:00,1.0,MLr_2,2.1098,Senel et al.: Mw=0.8095 ML+1.3003 (3.3<=ML<=6.6),extrapolada,"Hobo - Huila, Colombia"
SGC,SGC2022wykmqj,2022-11-21T21:43:45+00:00,2.3,MLr_2,3.16215,Senel et al.: Mw=0.8095 ML+1.3003 (3.3<=ML<=6.6),extrapolada,"Rivera - Huila, Colombia"
SGC,SGC2022xfbxfp,2022-11-25T12:55:20+00:00,1.5,MLr_2,2.51455,Senel et al.: Mw=0.8095 ML+1.3003 (3.3<=ML<=6.6),extrapolada,"Algeciras - Huila, Colombia"
SGC,SGC2022xilouw,2022-11-27T09:01:02+00:00,1.3,MLr_2,2.35265,Senel et al.: Mw=0.8095 ML+1.3003 (3.3<=ML<=6.6),extrapolada,"Campoalegre - Huila, Colombia"
SGC,SGC2022xjfixd,2022-11-27T18:57:46+00:00,1.2,MLr_2,2.2717,Senel et al.: Mw=0.8095 ML+1.3003 (3.3<=ML<=6.6),extrapolada,"Hobo - Huila, Colombia"
SGC,SGC2022xweyqo,2022-12-04T20:44:03+00:00,2.3,MLr_2,3.16215,Senel et al.: Mw=0.8095 ML+1.3003 (3.3<=ML<=6.6),extrapolada,"San Vicente del Caguán - Caquetá, Colombia"
SGC,SGC2022ycnjek,2022-12-08T07:24:26+00:00,1.3,MLr_2,2.35265,Senel et al.: Mw=0.8095 ML+1.3003 (3.3<=ML<=6.6),extrapolada,"San Vicente del Caguán - Caquetá, Colombia"
SGC,SGC2022ydocxe,2022-12-08T20:51:52+00:00,1.3,MLr_2,2.35265,Senel et al.: Mw=0.8095 ML+1.3003 (3.3<=ML<=6.6),extrapolada,"Tello - Huila, Colombia"
SGC,SGC2022yedwdw,2022-12-09T04:46:47+00:00,1.2,MLr_2,2.2717,Senel et al.: Mw=0.8095 ML+1.3003 (3.3<=ML<=6.6),extrapolada,"San Vicente del Caguán - Caquetá, Colombia"
SGC,SGC2022yfiuyc,2022-12-09T20:20:33+00:00,1.8,MLr_2,2.7574,Senel et al.: Mw=0.8095 ML+1.3003 (3.3<=ML<=6.6),extrapolada,"Rivera - Huila, Colombia"
SGC,SGC2022yucahh,2022-12-17T21:02:51+00:00,1.9,MLr_2,2.83835,Senel et al.: Mw=0.8095 ML+1.3003 (3.3<=ML<=6.6),extrapolada,"San Vicente del Caguán - Caquetá, Colombia"
SGC,SGC2022yuztgg,2022-12-18T08:58:47+00:00,1.3,MLr_2,2.35265,Senel et al.: Mw=0.8095 ML+1.3003 (3.3<=ML<=6.6),extrapolada,"Campoalegre - Huila, Colombia"
SGC,SGC2022yvwgwb,2022-12-18T20:18:24+00:00,1.5,MLr_2,2.51455,Senel et al.: Mw=0.8095 ML+1.3003 (3.3<=ML<=6.6),extrapolada,"San Vicente del Caguán - Caquetá, Colombia"
SGC,SGC2022zfelrf,2022-12-23T22:05:38+00:00,1.3,MLr_2,2.35265,Senel et al.: Mw=0.8095 ML+1.3003 (3.3<=ML<=6.6),extrapolada,"San Vicente del Caguán - Caquetá, Colombia"
SGC,SGC2022zhaucc,2022-12-24T22:23:41+00:00,1.3,MLr_2,2.35265,Senel et al.: Mw=0.8095 ML+1.3003 (3.3<=ML<=6.6),extrapolada,"San Vicente del Caguán - Caquetá, Colombia"
SGC,SGC2022zhwrlb,2022-12-25T09:24:23+00:00,2.3,MLr_2,3.16215,Senel et al.: Mw=0.8095 ML+1.3003 (3.3<=ML<=6.6),extrapolada,"Villavieja - Huila, Colombia"
SGC,SGC2022zhwwqo,2022-12-25T09:30:25+00:00,1.6,MLr_2,2.5955000000000004,Senel et al.: Mw=0.8095 ML+1.3003 (3.3<=ML<=6.6),extrapolada,"Villavieja - Huila, Colombia"
SGC,SGC2022zijqun,2022-12-25T15:55:54+00:00,3.1,MLr_2,3.80975,Senel et al.: Mw=0.8095 ML+1.3003 (3.3<=ML<=6.6),extrapolada,"Villavieja - Huila, Colombia"
SGC,SGC2022zimcpk,2022-12-25T17:09:56+00:00,1.2,MLr_2,2.2717,Senel et al.: Mw=0.8095 ML+1.3003 (3.3<=ML<=6.6),extrapolada,"Yaguará - Huila, Colombia"
SGC,SGC2022zjxdgc,2022-12-26T11:47:02+00:00,1.9,MLr_2,2.83835,Senel et al.: Mw=0.8095 ML+1.3003 (3.3<=ML<=6.6),extrapolada,"Campoalegre - Huila, Colombia"
SGC,SGC2022zronob,2022-12-30T16:03:15+00:00,1.5,MLr_2,2.51455,Senel et al.: Mw=0.8095 ML+1.3003 (3.3<=ML<=6.6),extrapolada,"Hobo - Huila, Colombia"
SGC,SGC2022zrvzjb,2022-12-30T19:47:59+00:00,1.2,MLr_2,2.2717,Senel et al.: Mw=0.8095 ML+1.3003 (3.3<=ML<=6.6),extrapolada,"San Vicente del Caguán - Caquetá, Colombia"
SGC,SGC2022zsobey,2022-12-31T04:53:24+00:00,1.3,MLr_2,2.35265,Senel et al.: Mw=0.8095 ML+1.3003 (3.3<=ML<=6.6),extrapolada,"San Vicente del Caguán - Caquetá, Colombia"
SGC,SGC2023ajmzll,2023-01-06T04:11:51+00:00,1.4,MLr_2,2.4336,Senel et al.: Mw=0.8095 ML+1.3003 (3.3<=ML<=6.6),extrapolada,"San Vicente del Caguán - Caquetá, Colombia"
SGC,SGC2023angifi,2023-01-08T05:08:36+00:00,2.0,MLr_2,2.9193,Senel et al.: Mw=0.8095 ML+1.3003 (3.3<=ML<=6.6),extrapolada,"Uribe - Meta, Colombia"
SGC,SGC2023aoglah,2023-01-08T18:16:26+00:00,1.4,MLr_2,2.4336,Senel et al.: Mw=0.8095 ML+1.3003 (3.3<=ML<=6.6),extrapolada,"Algeciras - Huila, Colombia"
SGC,SGC2023apdlrc,2023-01-09T05:51:09+00:00,1.3,MLr_2,2.35265,Senel et al.: Mw=0.8095 ML+1.3003 (3.3<=ML<=6.6),extrapolada,"San Vicente del Caguán - Caquetá, Colombia"
SGC,SGC2023aqaagm,2023-01-09T17:11:54+00:00,1.8,MLr_2,2.7574,Senel et al.: Mw=0.8095 ML+1.3003 (3.3<=ML<=6.6),extrapolada,"Algeciras - Huila, Colombia"
SGC,SGC2023auqdme,2023-01-12T05:36:17+00:00,1.2,MLr_2,2.2717,Senel et al.: Mw=0.8095 ML+1.3003 (3.3<=ML<=6.6),extrapolada,"San Vicente del Caguán - Caquetá, Colombia"
SGC,SGC2023axlrla,2023-01-13T18:35:02+00:00,2.3,MLr_2,3.16215,Senel et al.: Mw=0.8095 ML+1.3003 (3.3<=ML<=6.6),extrapolada,"San Vicente del Caguán - Caquetá, Colombia"
SGC,SGC2023bkwuec,2023-01-21T02:08:17+00:00,1.8,MLr_2,2.7574,Senel et al.: Mw=0.8095 ML+1.3003 (3.3<=ML<=6.6),extrapolada,"San Vicente del Caguán - Caquetá, Colombia"
SGC,SGC2023blpbno,2023-01-21T11:19:54+00:00,1.3,MLr_2,2.35265,Senel et al.: Mw=0.8095 ML+1.3003 (3.3<=ML<=6.6),extrapolada,"Campoalegre - Huila, Colombia"
SGC,SGC2023bootht,2023-01-23T02:23:49+00:00,2.3,MLr_2,3.16215,Senel et al.: Mw=0.8095 ML+1.3003 (3.3<=ML<=6.6),extrapolada,"San Vicente del Caguán - Caquetá, Colombia"
SGC,SGC2023btkijo,2023-01-25T17:32:49+00:00,1.4,MLr_2,2.4336,Senel et al.: Mw=0.8095 ML+1.3003 (3.3<=ML<=6.6),extrapolada,"Uribe - Meta, Colombia"
SGC,SGC2023bvqjbp,2023-01-26T22:43:35+00:00,1.4,MLr_2,2.4336,Senel et al.: Mw=0.8095 ML+1.3003 (3.3<=ML<=6.6),extrapolada,"San Vicente del Caguán - Caquetá, Colombia"
SGC,SGC2023bykcsq,2023-01-28T10:48:37+00:00,1.5,MLr_2,2.51455,Senel et al.: Mw=0.8095 ML+1.3003 (3.3<=ML<=6.6),extrapolada,"Aipe - Huila, Colombia"
SGC,SGC2023bykhnz,2023-01-28T10:54:13+00:00,1.5,MLr_2,2.51455,Senel et al.: Mw=0.8095 ML+1.3003 (3.3<=ML<=6.6),extrapolada,"Aipe - Huila, Colombia"
SGC,SGC2023cauete,2023-01-29T18:01:39+00:00,1.2,MLr_2,2.2717,Senel et al.: Mw=0.8095 ML+1.3003 (3.3<=ML<=6.6),extrapolada,"Rivera - Huila, Colombia"
SGC,SGC2023cnkrje,2023-02-05T15:12:45+00:00,2.2,MLr_2,3.0812,Senel et al.: Mw=0.8095 ML+1.3003 (3.3<=ML<=6.6),extrapolada,"San Vicente del Caguán - Caquetá, Colombia"
SGC,SGC2023cuqdbh,2023-02-09T13:28:30+00:00,1.5,MLr_2,2.51455,Senel et al.: Mw=0.8095 ML+1.3003 (3.3<=ML<=6.6),extrapolada,"San Vicente del Caguán - Caquetá, Colombia"
SGC,SGC2023cynznk,2023-02-11T16:41:57+00:00,1.5,MLr_2,2.51455,Senel et al.: Mw=0.8095 ML+1.3003 (3.3<=ML<=6.6),extrapolada,"Hobo - Huila, Colombia"
SGC,SGC2023cznavs,2023-02-12T05:17:49+00:00,1.3,MLr_2,2.35265,Senel et al.: Mw=0.8095 ML+1.3003 (3.3<=ML<=6.6),extrapolada,"San Vicente del Caguán - Caquetá, Colombia"
SGC,SGC2023dfsfwq,2023-02-15T14:21:23+00:00,1.8,MLr_2,2.7574,Senel et al.: Mw=0.8095 ML+1.3003 (3.3<=ML<=6.6),extrapolada,"Hobo - Huila, Colombia"
SGC,SGC2023dfvmmh,2023-02-15T15:59:31+00:00,1.5,MLr_2,2.51455,Senel et al.: Mw=0.8095 ML+1.3003 (3.3<=ML<=6.6),extrapolada,"Campoalegre - Huila, Colombia"
SGC,SGC2023dmaayk,2023-02-19T00:43:51+00:00,1.3,MLr_2,2.35265,Senel et al.: Mw=0.8095 ML+1.3003 (3.3<=ML<=6.6),extrapolada,"Hobo - Huila, Colombia"
SGC,SGC2023dntvjg,2023-02-19T23:45:17+00:00,1.7,MLr_2,2.67645,Senel et al.: Mw=0.8095 ML+1.3003 (3.3<=ML<=6.6),extrapolada,"Campoalegre - Huila, Colombia"
SGC,SGC2023dtkocy,2023-02-23T01:32:11+00:00,1.4,MLr_2,2.4336,Senel et al.: Mw=0.8095 ML+1.3003 (3.3<=ML<=6.6),extrapolada,"San Vicente del Caguán - Caquetá, Colombia"
SGC,SGC2023dubbvr,2023-02-23T09:50:53+00:00,1.2,MLr_2,2.2717,Senel et al.: Mw=0.8095 ML+1.3003 (3.3<=ML<=6.6),extrapolada,"Algeciras - Huila, Colombia"
SGC,SGC2023eddfvz,2023-02-28T08:36:13+00:00,1.5,MLr_2,2.51455,Senel et al.: Mw=0.8095 ML+1.3003 (3.3<=ML<=6.6),extrapolada,"Tello - Huila, Colombia"
SGC,SGC2023edsddn,2023-02-28T16:05:36+00:00,2.5,MLr_2,3.32405,Senel et al.: Mw=0.8095 ML+1.3003 (3.3<=ML<=6.6),extrapolada,"San Vicente del Caguán - Caquetá, Colombia"
SGC,SGC2023efasyf,2023-03-01T09:30:26+00:00,1.5,MLr_2,2.51455,Senel et al.: Mw=0.8095 ML+1.3003 (3.3<=ML<=6.6),extrapolada,"Algeciras - Huila, Colombia"
SGC,SGC2023eghnje,2023-03-02T01:58:58+00:00,1.2,MLr_2,2.2717,Senel et al.: Mw=0.8095 ML+1.3003 (3.3<=ML<=6.6),extrapolada,"Villavieja - Huila, Colombia"
SGC,SGC2023ewrech,2023-03-11T00:01:33+00:00,1.8,MLr_2,2.7574,Senel et al.: Mw=0.8095 ML+1.3003 (3.3<=ML<=6.6),extrapolada,"Yaguará - Huila, Colombia"
SGC,SGC2023eyeehf,2023-03-11T19:38:30+00:00,1.5,MLr_2,2.51455,Senel et al.: Mw=0.8095 ML+1.3003 (3.3<=ML<=6.6),extrapolada,"Tello - Huila, Colombia"
SGC,SGC2023fedsub,2023-03-15T01:51:58+00:00,1.7,MLr_2,2.67645,Senel et al.: Mw=0.8095 ML+1.3003 (3.3<=ML<=6.6),extrapolada,"Campoalegre - Huila, Colombia"
SGC,SGC2023fflyvq,2023-03-15T19:04:53+00:00,2.2,MLr_2,3.0812,Senel et al.: Mw=0.8095 ML+1.3003 (3.3<=ML<=6.6),extrapolada,"San Vicente del Caguán - Caquetá, Colombia"
SGC,SGC2023fhkrsy,2023-03-16T20:35:25+00:00,1.6,MLr_2,2.5955000000000004,Senel et al.: Mw=0.8095 ML+1.3003 (3.3<=ML<=6.6),extrapolada,"San Vicente del Caguán - Caquetá, Colombia"
SGC,SGC2023fitqmu,2023-03-17T14:09:36+00:00,1.4,MLr_2,2.4336,Senel et al.: Mw=0.8095 ML+1.3003 (3.3<=ML<=6.6),extrapolada,"Campoalegre - Huila, Colombia"
SGC,SGC2023fmhnvz,2023-03-19T12:22:46+00:00,1.2,MLr_2,2.2717,Senel et al.: Mw=0.8095 ML+1.3003 (3.3<=ML<=6.6),extrapolada,"San Vicente del Caguán - Caquetá, Colombia"
SGC,SGC2023foyypp,2023-03-20T23:16:59+00:00,1.5,MLr_2,2.51455,Senel et al.: Mw=0.8095 ML+1.3003 (3.3<=ML<=6.6),extrapolada,"Algeciras - Huila, Colombia"
SGC,SGC2023fvdgvu,2023-03-24T07:54:13+00:00,1.3,MLr_2,2.35265,Senel et al.: Mw=0.8095 ML+1.3003 (3.3<=ML<=6.6),extrapolada,"Campoalegre - Huila, Colombia"
SGC,SGC2023fxxpqh,2023-03-25T20:16:50+00:00,1.6,MLr_2,2.5955000000000004,Senel et al.: Mw=0.8095 ML+1.3003 (3.3<=ML<=6.6),extrapolada,"Uribe - Meta, Colombia"
SGC,SGC2023ggiquc,2023-03-30T10:25:50+00:00,2.3,MLr_2,3.16215,Senel et al.: Mw=0.8095 ML+1.3003 (3.3<=ML<=6.6),extrapolada,"San Vicente del Caguán - Caquetá, Colombia"
SGC,SGC2023gjmvfj,2023-04-01T03:45:08+00:00,2.1,MLr_2,3.0002500000000003,Senel et al.: Mw=0.8095 ML+1.3003 (3.3<=ML<=6.6),extrapolada,"San Vicente del Caguán - Caquetá, Colombia"
SGC,SGC2023gpqwjq,2023-04-04T12:13:59+00:00,1.4,MLr_2,2.4336,Senel et al.: Mw=0.8095 ML+1.3003 (3.3<=ML<=6.6),extrapolada,"Uribe - Meta, Colombia"
SGC,SGC2023growfx,2023-04-05T13:22:25+00:00,1.4,MLr_2,2.4336,Senel et al.: Mw=0.8095 ML+1.3003 (3.3<=ML<=6.6),extrapolada,"Hobo - Huila, Colombia"
SGC,SGC2023herdec,2023-04-12T16:29:01+00:00,2.0,MLr_2,2.9193,Senel et al.: Mw=0.8095 ML+1.3003 (3.3<=ML<=6.6),extrapolada,"San Vicente del Caguán - Caquetá, Colombia"
SGC,SGC2023hqlzoi,2023-04-19T02:47:39+00:00,1.5,MLr_2,2.51455,Senel et al.: Mw=0.8095 ML+1.3003 (3.3<=ML<=6.6),extrapolada,"San Vicente del Caguán - Caquetá, Colombia"
SGC,SGC2023hucnqs,2023-04-21T02:20:11+00:00,1.5,MLr_2,2.51455,Senel et al.: Mw=0.8095 ML+1.3003 (3.3<=ML<=6.6),extrapolada,"Campoalegre - Huila, Colombia"
SGC,SGC2023huzdkk,2023-04-21T13:42:16+00:00,1.3,MLr_2,2.35265,Senel et al.: Mw=0.8095 ML+1.3003 (3.3<=ML<=6.6),extrapolada,"Campoalegre - Huila, Colombia"
SGC,SGC2023ieureq,2023-04-26T22:12:09+00:00,1.2,MLr_2,2.2717,Senel et al.: Mw=0.8095 ML+1.3003 (3.3<=ML<=6.6),extrapolada,"Algeciras - Huila, Colombia"
SGC,SGC2023ifnbex,2023-04-27T07:26:53+00:00,1.1,MLr_2,2.19075,Senel et al.: Mw=0.8095 ML+1.3003 (3.3<=ML<=6.6),extrapolada,"San Vicente del Caguán - Caquetá, Colombia"
SGC,SGC2023imnowe,2023-05-01T03:14:03+00:00,1.3,MLr_2,2.35265,Senel et al.: Mw=0.8095 ML+1.3003 (3.3<=ML<=6.6),extrapolada,"Íquira - Huila, Colombia"
SGC,SGC2023ivhiuw,2023-05-05T21:46:16+00:00,1.6,MLr_3,2.5955000000000004,Senel et al.: Mw=0.8095 ML+1.3003 (3.3<=ML<=6.6),extrapolada,"Hobo - Huila, Colombia"
SGC,SGC2023iyggsp,2023-05-07T12:27:06+00:00,1.2,MLr_2,2.2717,Senel et al.: Mw=0.8095 ML+1.3003 (3.3<=ML<=6.6),extrapolada,"San Vicente del Caguán - Caquetá, Colombia"
SGC,SGC2023iytazx,2023-05-07T18:52:43+00:00,2.3,MLr_2,3.16215,Senel et al.: Mw=0.8095 ML+1.3003 (3.3<=ML<=6.6),extrapolada,"San Vicente del Caguán - Caquetá, Colombia"
SGC,SGC2023jphapu,2023-05-16T19:09:10+00:00,1.9,MLr_2,2.83835,Senel et al.: Mw=0.8095 ML+1.3003 (3.3<=ML<=6.6),extrapolada,"San Vicente del Caguán - Caquetá, Colombia"
SGC,SGC2023jrxpbd,2023-05-18T05:34:45+00:00,1.3,MLr_2,2.35265,Senel et al.: Mw=0.8095 ML+1.3003 (3.3<=ML<=6.6),extrapolada,"San Vicente del Caguán - Caquetá, Colombia"
SGC,SGC2023jxtyqt,2023-05-21T10:12:02+00:00,1.4,MLr_2,2.4336,Senel et al.: Mw=0.8095 ML+1.3003 (3.3<=ML<=6.6),extrapolada,"San Vicente del Caguán - Caquetá, Colombia"
SGC,SGC2023jyqmjy,2023-05-21T21:31:47+00:00,1.4,MLr_2,2.4336,Senel et al.: Mw=0.8095 ML+1.3003 (3.3<=ML<=6.6),extrapolada,"San Vicente del Caguán - Caquetá, Colombia"
SGC,SGC2023kektet,2023-05-25T01:05:29+00:00,1.5,MLr_2,2.51455,Senel et al.: Mw=0.8095 ML+1.3003 (3.3<=ML<=6.6),extrapolada,"Villavieja - Huila, Colombia"
SGC,SGC2023kgpvih,2023-05-26T05:47:47+00:00,1.2,MLr_2,2.2717,Senel et al.: Mw=0.8095 ML+1.3003 (3.3<=ML<=6.6),extrapolada,"Algeciras - Huila, Colombia"
SGC,SGC2023khvplq,2023-05-26T21:46:27+00:00,1.3,MLr_2,2.35265,Senel et al.: Mw=0.8095 ML+1.3003 (3.3<=ML<=6.6),extrapolada,"San Vicente del Caguán - Caquetá, Colombia"
SGC,SGC2023kijrgv,2023-05-27T04:51:00+00:00,1.4,MLr_2,2.4336,Senel et al.: Mw=0.8095 ML+1.3003 (3.3<=ML<=6.6),extrapolada,"San Vicente del Caguán - Caquetá, Colombia"
SGC,SGC2023kjyovq,2023-05-28T01:25:14+00:00,1.3,MLr_2,2.35265,Senel et al.: Mw=0.8095 ML+1.3003 (3.3<=ML<=6.6),extrapolada,"San Vicente del Caguán - Caquetá, Colombia"
SGC,SGC2023knehjx,2023-05-29T19:31:01+00:00,1.4,MLr_2,2.4336,Senel et al.: Mw=0.8095 ML+1.3003 (3.3<=ML<=6.6),extrapolada,"Algeciras - Huila, Colombia"
SGC,SGC2023knfrrh,2023-05-29T20:13:08+00:00,1.9,MLr_2,2.83835,Senel et al.: Mw=0.8095 ML+1.3003 (3.3<=ML<=6.6),extrapolada,"Hobo - Huila, Colombia"
SGC,SGC2023kxdyph,2023-06-04T06:05:36+00:00,1.2,MLr_2,2.2717,Senel et al.: Mw=0.8095 ML+1.3003 (3.3<=ML<=6.6),extrapolada,"San Vicente del Caguán - Caquetá, Colombia"
SGC,SGC2023lchvew,2023-06-07T01:24:43+00:00,2.7,MLr_2,3.4859500000000003,Senel et al.: Mw=0.8095 ML+1.3003 (3.3<=ML<=6.6),extrapolada,"Rivera - Huila, Colombia"
SGC,SGC2023lewbpw,2023-06-08T10:43:34+00:00,1.8,MLr_2,2.7574,Senel et al.: Mw=0.8095 ML+1.3003 (3.3<=ML<=6.6),extrapolada,"Algeciras - Huila, Colombia"
SGC,SGC2023liliix,2023-06-10T09:37:22+00:00,2.5,MLr_2,3.32405,Senel et al.: Mw=0.8095 ML+1.3003 (3.3<=ML<=6.6),extrapolada,"Tello - Huila, Colombia"
SGC,SGC2023lkfjdm,2023-06-11T08:46:10+00:00,1.2,MLr_2,2.2717,Senel et al.: Mw=0.8095 ML+1.3003 (3.3<=ML<=6.6),extrapolada,"Uribe - Meta, Colombia"
SGC,SGC2023llnpxe,2023-06-12T01:59:53+00:00,1.2,MLr_2,2.2717,Senel et al.: Mw=0.8095 ML+1.3003 (3.3<=ML<=6.6),extrapolada,"Algeciras - Huila, Colombia"
SGC,SGC2023llrjwh,2023-06-12T03:53:34+00:00,1.4,MLr_2,2.4336,Senel et al.: Mw=0.8095 ML+1.3003 (3.3<=ML<=6.6),extrapolada,"San Vicente del Caguán - Caquetá, Colombia"
SGC,SGC2023lroqec,2023-06-15T08:57:13+00:00,1.8,MLr_2,2.7574,Senel et al.: Mw=0.8095 ML+1.3003 (3.3<=ML<=6.6),extrapolada,"San Vicente del Caguán - Caquetá, Colombia"
SGC,SGC2023ltusoc,2023-06-16T14:09:58+00:00,2.0,MLr_2,2.9193,Senel et al.: Mw=0.8095 ML+1.3003 (3.3<=ML<=6.6),extrapolada,"Rivera - Huila, Colombia"
SGC,SGC2023ltyvyn,2023-06-16T16:14:36+00:00,3.1,MLr_2,3.80975,Senel et al.: Mw=0.8095 ML+1.3003 (3.3<=ML<=6.6),extrapolada,"Hobo - Huila, Colombia"
SGC,SGC2023lwqaou,2023-06-18T03:01:49+00:00,1.4,MLr_2,2.4336,Senel et al.: Mw=0.8095 ML+1.3003 (3.3<=ML<=6.6),extrapolada,"Hobo - Huila, Colombia"
SGC,SGC2023lycfcm,2023-06-18T22:13:39+00:00,1.8,MLr_2,2.7574,Senel et al.: Mw=0.8095 ML+1.3003 (3.3<=ML<=6.6),extrapolada,"Rivera - Huila, Colombia"
SGC,SGC2023lzdmrp,2023-06-19T11:57:03+00:00,1.9,MLr_2,2.83835,Senel et al.: Mw=0.8095 ML+1.3003 (3.3<=ML<=6.6),extrapolada,"Tello - Huila, Colombia"
SGC,SGC2023lzpakx,2023-06-19T17:44:55+00:00,2.0,MLr_2,2.9193,Senel et al.: Mw=0.8095 ML+1.3003 (3.3<=ML<=6.6),extrapolada,"San Vicente del Caguán - Caquetá, Colombia"
SGC,SGC2023mxtqgx,2023-07-02T21:51:23+00:00,1.6,MLr_2,2.5955000000000004,Senel et al.: Mw=0.8095 ML+1.3003 (3.3<=ML<=6.6),extrapolada,"Hobo - Huila, Colombia"
SGC,SGC2023mxwtgr,2023-07-02T23:25:23+00:00,1.3,MLr_2,2.35265,Senel et al.: Mw=0.8095 ML+1.3003 (3.3<=ML<=6.6),extrapolada,"Campoalegre - Huila, Colombia"
SGC,SGC2023mzpuqf,2023-07-03T22:04:36+00:00,1.6,MLr_2,2.5955000000000004,Senel et al.: Mw=0.8095 ML+1.3003 (3.3<=ML<=6.6),extrapolada,"San Vicente del Caguán - Caquetá, Colombia"
SGC,SGC2023nchese,2023-07-05T08:58:20+00:00,1.3,MLr_2,2.35265,Senel et al.: Mw=0.8095 ML+1.3003 (3.3<=ML<=6.6),extrapolada,"Rivera - Huila, Colombia"
SGC,SGC2023nfmuwf,2023-07-07T03:01:17+00:00,1.2,MLr_2,2.2717,Senel et al.: Mw=0.8095 ML+1.3003 (3.3<=ML<=6.6),extrapolada,"Teruel - Huila, Colombia"
SGC,SGC2023nppfzt,2023-07-12T14:59:22+00:00,1.7,MLr_2,2.67645,Senel et al.: Mw=0.8095 ML+1.3003 (3.3<=ML<=6.6),extrapolada,"San Vicente del Caguán - Caquetá, Colombia"
SGC,SGC2023nvtynl,2023-07-15T23:48:22+00:00,2.1,MLr_2,3.0002500000000003,Senel et al.: Mw=0.8095 ML+1.3003 (3.3<=ML<=6.6),extrapolada,"Hobo - Huila, Colombia"
SGC,SGC2023oaosdo,2023-07-18T14:35:34+00:00,1.7,MLr_2,2.67645,Senel et al.: Mw=0.8095 ML+1.3003 (3.3<=ML<=6.6),extrapolada,"Campoalegre - Huila, Colombia"
SGC,SGC2023ocaqcw,2023-07-19T09:36:44+00:00,1.8,MLr_2,2.7574,Senel et al.: Mw=0.8095 ML+1.3003 (3.3<=ML<=6.6),extrapolada,"Rivera - Huila, Colombia"
SGC,SGC2023okngoq,2023-07-24T00:33:40+00:00,1.1,MLr_2,2.19075,Senel et al.: Mw=0.8095 ML+1.3003 (3.3<=ML<=6.6),extrapolada,"Tello - Huila, Colombia"
SGC,SGC2023olywte,2023-07-24T19:27:36+00:00,1.3,MLr_2,2.35265,Senel et al.: Mw=0.8095 ML+1.3003 (3.3<=ML<=6.6),extrapolada,"Neiva - Huila, Colombia"
SGC,SGC2023osokju,2023-07-28T09:44:03+00:00,1.6,MLr_2,2.5955000000000004,Senel et al.: Mw=0.8095 ML+1.3003 (3.3<=ML<=6.6),extrapolada,"San Vicente del Caguán - Caquetá, Colombia"
SGC,SGC2023ouajdg,2023-07-29T04:49:09+00:00,2.6,MLr_2,3.405,Senel et al.: Mw=0.8095 ML+1.3003 (3.3<=ML<=6.6),extrapolada,"San Vicente del Caguán - Caquetá, Colombia"
SGC,SGC2023peaumm,2023-08-03T15:47:06+00:00,1.3,MLr_2,2.35265,Senel et al.: Mw=0.8095 ML+1.3003 (3.3<=ML<=6.6),extrapolada,"Baraya - Huila, Colombia"
SGC,SGC2023pecjyd,2023-08-03T16:35:12+00:00,2.5,MLr_2,3.32405,Senel et al.: Mw=0.8095 ML+1.3003 (3.3<=ML<=6.6),extrapolada,"San Vicente del Caguán - Caquetá, Colombia"
SGC,SGC2023pefuvk,2023-08-03T18:18:21+00:00,1.9,MLr_2,2.83835,Senel et al.: Mw=0.8095 ML+1.3003 (3.3<=ML<=6.6),extrapolada,"Baraya - Huila, Colombia"
SGC,SGC2023pezzko,2023-08-04T04:27:06+00:00,1.3,MLr_2,2.35265,Senel et al.: Mw=0.8095 ML+1.3003 (3.3<=ML<=6.6),extrapolada,"Algeciras - Huila, Colombia"
SGC,SGC2023pfrswq,2023-08-04T13:22:36+00:00,1.5,MLr_2,2.51455,Senel et al.: Mw=0.8095 ML+1.3003 (3.3<=ML<=6.6),extrapolada,"San Vicente del Caguán - Caquetá, Colombia"
SGC,SGC2023pnhxoz,2023-08-08T17:02:10+00:00,1.1,MLr_2,2.19075,Senel et al.: Mw=0.8095 ML+1.3003 (3.3<=ML<=6.6),extrapolada,"Íquira - Huila, Colombia"
SGC,SGC2023ptuffe,2023-08-12T05:39:55+00:00,1.3,MLr_2,2.35265,Senel et al.: Mw=0.8095 ML+1.3003 (3.3<=ML<=6.6),extrapolada,"Algeciras - Huila, Colombia"
SGC,SGC2023pvhyfn,2023-08-13T01:38:41+00:00,1.6,MLr_2,2.5955000000000004,Senel et al.: Mw=0.8095 ML+1.3003 (3.3<=ML<=6.6),extrapolada,"Íquira - Huila, Colombia"
SGC,SGC2023pywjwi,2023-08-15T00:08:01+00:00,1.2,MLr_2,2.2717,Senel et al.: Mw=0.8095 ML+1.3003 (3.3<=ML<=6.6),extrapolada,"Algeciras - Huila, Colombia"
SGC,SGC2023qbnftb,2023-08-16T10:45:09+00:00,2.7,MLr_2,3.4859500000000003,Senel et al.: Mw=0.8095 ML+1.3003 (3.3<=ML<=6.6),extrapolada,"San Vicente del Caguán - Caquetá, Colombia"
SGC,SGC2023qdfkam,2023-08-17T08:57:42+00:00,2.3,MLr_2,3.16215,Senel et al.: Mw=0.8095 ML+1.3003 (3.3<=ML<=6.6),extrapolada,"San Vicente del Caguán - Caquetá, Colombia"
SGC,SGC2023qdfncx,2023-08-17T09:01:16+00:00,1.5,MLr_2,2.51455,Senel et al.: Mw=0.8095 ML+1.3003 (3.3<=ML<=6.6),extrapolada,"San Vicente del Caguán - Caquetá, Colombia"
SGC,SGC2023qfcgjb,2023-08-18T09:31:52+00:00,1.6,MLr_2,2.5955000000000004,Senel et al.: Mw=0.8095 ML+1.3003 (3.3<=ML<=6.6),extrapolada,"Algeciras - Huila, Colombia"
SGC,SGC2023qltdcd,2023-08-22T00:27:51+00:00,1.8,MLr_2,2.7574,Senel et al.: Mw=0.8095 ML+1.3003 (3.3<=ML<=6.6),extrapolada,"Villavieja - Huila, Colombia"
SGC,SGC2023qlvijs,2023-08-22T01:34:19+00:00,1.8,MLr_2,2.7574,Senel et al.: Mw=0.8095 ML+1.3003 (3.3<=ML<=6.6),extrapolada,"Aipe - Huila, Colombia"
SGC,SGC2023qrmyer,2023-08-25T03:48:00+00:00,1.3,MLr_2,2.35265,Senel et al.: Mw=0.8095 ML+1.3003 (3.3<=ML<=6.6),extrapolada,"Íquira - Huila, Colombia"
SGC,SGC2023quhygl,2023-08-26T16:30:39+00:00,1.4,MLr_2,2.4336,Senel et al.: Mw=0.8095 ML+1.3003 (3.3<=ML<=6.6),extrapolada,"San Vicente del Caguán - Caquetá, Colombia"
SGC,SGC2023qvwhof,2023-08-27T12:48:19+00:00,1.1,MLr_2,2.19075,Senel et al.: Mw=0.8095 ML+1.3003 (3.3<=ML<=6.6),extrapolada,"San Vicente del Caguán - Caquetá, Colombia"
SGC,SGC2023qxsbjs,2023-08-28T12:49:23+00:00,1.6,MLr_2,2.5955000000000004,Senel et al.: Mw=0.8095 ML+1.3003 (3.3<=ML<=6.6),extrapolada,"Tello - Huila, Colombia"
SGC,SGC2023qyjgtv,2023-08-28T21:28:33+00:00,1.9,MLr_2,2.83835,Senel et al.: Mw=0.8095 ML+1.3003 (3.3<=ML<=6.6),extrapolada,"Campoalegre - Huila, Colombia"
SGC,SGC2023qyvgij,2023-08-29T03:30:08+00:00,1.4,MLr_2,2.4336,Senel et al.: Mw=0.8095 ML+1.3003 (3.3<=ML<=6.6),extrapolada,"Algeciras - Huila, Colombia"
SGC,SGC2023rdgkju,2023-08-31T13:24:37+00:00,2.5,MLr_2,3.32405,Senel et al.: Mw=0.8095 ML+1.3003 (3.3<=ML<=6.6),extrapolada,"San Vicente del Caguán - Caquetá, Colombia"
SGC,SGC2023reoqev,2023-09-01T06:37:11+00:00,1.1,MLr_2,2.19075,Senel et al.: Mw=0.8095 ML+1.3003 (3.3<=ML<=6.6),extrapolada,"San Vicente del Caguán - Caquetá, Colombia"
SGC,SGC2023rhdvrd,2023-09-02T16:25:08+00:00,2.8,MLr_2,3.5669,Senel et al.: Mw=0.8095 ML+1.3003 (3.3<=ML<=6.6),extrapolada,"Hobo - Huila, Colombia"
SGC,SGC2023rifgxk,2023-09-03T06:12:47+00:00,1.5,MLr_2,2.51455,Senel et al.: Mw=0.8095 ML+1.3003 (3.3<=ML<=6.6),extrapolada,"Íquira - Huila, Colombia"
SGC,SGC2023rlvgvw,2023-09-05T05:28:55+00:00,1.7,MLr_2,2.67645,Senel et al.: Mw=0.8095 ML+1.3003 (3.3<=ML<=6.6),extrapolada,"San Vicente del Caguán - Caquetá, Colombia"
SGC,SGC2023rpwxrr,2023-09-07T10:36:31+00:00,1.5,MLr_2,2.51455,Senel et al.: Mw=0.8095 ML+1.3003 (3.3<=ML<=6.6),extrapolada,"Hobo - Huila, Colombia"
SGC,SGC2023rrnroy,2023-09-08T08:06:52+00:00,1.5,MLr_2,2.51455,Senel et al.: Mw=0.8095 ML+1.3003 (3.3<=ML<=6.6),extrapolada,"San Vicente del Caguán - Caquetá, Colombia"
SGC,SGC2023rvxuzo,2023-09-10T17:30:27+00:00,1.6,MLr_2,2.5955000000000004,Senel et al.: Mw=0.8095 ML+1.3003 (3.3<=ML<=6.6),extrapolada,"San Vicente del Caguán - Caquetá, Colombia"
SGC,SGC2023rwhwuz,2023-09-10T22:34:17+00:00,2.8,MLr_2,3.5669,Senel et al.: Mw=0.8095 ML+1.3003 (3.3<=ML<=6.6),extrapolada,"Aipe - Huila, Colombia"
SGC,SGC2023saachb,2023-09-12T22:57:08+00:00,1.9,MLr_2,2.83835,Senel et al.: Mw=0.8095 ML+1.3003 (3.3<=ML<=6.6),extrapolada,"Uribe - Meta, Colombia"
SGC,SGC2023sguptk,2023-09-16T15:43:01+00:00,2.0,MLr_2,2.9193,Senel et al.: Mw=0.8095 ML+1.3003 (3.3<=ML<=6.6),extrapolada,"Aipe - Huila, Colombia"
SGC,SGC2023sogzwl,2023-09-20T17:28:12+00:00,2.1,MLr_2,3.0002500000000003,Senel et al.: Mw=0.8095 ML+1.3003 (3.3<=ML<=6.6),extrapolada,"Íquira - Huila, Colombia"
SGC,SGC2023stmhto,2023-09-23T13:30:35+00:00,2.0,MLr_2,2.9193,Senel et al.: Mw=0.8095 ML+1.3003 (3.3<=ML<=6.6),extrapolada,"San Vicente del Caguán - Caquetá, Colombia"
SGC,SGC2023swssqp,2023-09-25T07:57:42+00:00,2.2,MLr_2,3.0812,Senel et al.: Mw=0.8095 ML+1.3003 (3.3<=ML<=6.6),extrapolada,"San Vicente del Caguán - Caquetá, Colombia"
SGC,SGC2023szzxxf,2023-09-27T02:48:26+00:00,1.6,MLr_2,2.5955000000000004,Senel et al.: Mw=0.8095 ML+1.3003 (3.3<=ML<=6.6),extrapolada,"Uribe - Meta, Colombia"
SGC,SGC2023tbwkkc,2023-09-28T03:11:12+00:00,1.4,MLr_2,2.4336,Senel et al.: Mw=0.8095 ML+1.3003 (3.3<=ML<=6.6),extrapolada,"Uribe - Meta, Colombia"
SGC,SGC2023tsgqgs,2023-10-07T01:31:10+00:00,1.3,MLr_2,2.35265,Senel et al.: Mw=0.8095 ML+1.3003 (3.3<=ML<=6.6),extrapolada,"Algeciras - Huila, Colombia"
SGC,SGC2023txwogi,2023-10-10T02:54:07+00:00,3.1,MLr_2,3.80975,Senel et al.: Mw=0.8095 ML+1.3003 (3.3<=ML<=6.6),extrapolada,"Rivera - Huila, Colombia"
SGC,SGC2023ujpyom,2023-10-16T12:28:35+00:00,1.9,MLr_2,2.83835,Senel et al.: Mw=0.8095 ML+1.3003 (3.3<=ML<=6.6),extrapolada,"Algeciras - Huila, Colombia"
SGC,SGC2023ukiyyi,2023-10-16T22:02:16+00:00,1.6,MLr_2,2.5955000000000004,Senel et al.: Mw=0.8095 ML+1.3003 (3.3<=ML<=6.6),extrapolada,"Uribe - Meta, Colombia"
SGC,SGC2023ukqpkq,2023-10-17T01:52:36+00:00,1.5,MLr_2,2.51455,Senel et al.: Mw=0.8095 ML+1.3003 (3.3<=ML<=6.6),extrapolada,"Baraya - Huila, Colombia"
SGC,SGC2023upeljz,2023-10-19T13:08:15+00:00,1.6,MLr_2,2.5955000000000004,Senel et al.: Mw=0.8095 ML+1.3003 (3.3<=ML<=6.6),extrapolada,"Campoalegre - Huila, Colombia"
SGC,SGC2023uxcpfa,2023-10-23T20:48:08+00:00,2.2,MLr_2,3.0812,Senel et al.: Mw=0.8095 ML+1.3003 (3.3<=ML<=6.6),extrapolada,"Algeciras - Huila, Colombia"
SGC,SGC2023uycvmf,2023-10-24T09:59:56+00:00,2.3,MLr_2,3.16215,Senel et al.: Mw=0.8095 ML+1.3003 (3.3<=ML<=6.6),extrapolada,"Aipe - Huila, Colombia"
SGC,SGC2023uzzfex,2023-10-25T10:19:26+00:00,1.8,MLr_2,2.7574,Senel et al.: Mw=0.8095 ML+1.3003 (3.3<=ML<=6.6),extrapolada,"Uribe - Meta, Colombia"
SGC,SGC2023vfauwn,2023-10-28T04:30:12+00:00,2.3,MLr_2,3.16215,Senel et al.: Mw=0.8095 ML+1.3003 (3.3<=ML<=6.6),extrapolada,"Uribe - Meta, Colombia"
SGC,SGC2023vhubdt,2023-10-29T16:19:39+00:00,1.6,MLr_2,2.5955000000000004,Senel et al.: Mw=0.8095 ML+1.3003 (3.3<=ML<=6.6),extrapolada,"Palermo - Huila, Colombia"
SGC,SGC2023vmfgtx,2023-11-01T02:16:01+00:00,1.6,MLr_2,2.5955000000000004,Senel et al.: Mw=0.8095 ML+1.3003 (3.3<=ML<=6.6),extrapolada,"Aipe - Huila, Colombia"
SGC,SGC2023wgspmi,2023-11-12T06:27:52+00:00,1.4,MLr_2,2.4336,Senel et al.: Mw=0.8095 ML+1.3003 (3.3<=ML<=6.6),extrapolada,"San Vicente del Caguán - Caquetá, Colombia"
SGC,SGC2023wofjen,2023-11-16T08:24:06+00:00,1.4,MLr_2,2.4336,Senel et al.: Mw=0.8095 ML+1.3003 (3.3<=ML<=6.6),extrapolada,"Rivera - Huila, Colombia"
SGC,SGC2023wooifn,2023-11-16T12:54:32+00:00,1.4,MLr_2,2.4336,Senel et al.: Mw=0.8095 ML+1.3003 (3.3<=ML<=6.6),extrapolada,"Hobo - Huila, Colombia"
SGC,SGC2023wpyawr,2023-11-17T06:52:17+00:00,1.1,MLr_2,2.19075,Senel et al.: Mw=0.8095 ML+1.3003 (3.3<=ML<=6.6),extrapolada,"Baraya - Huila, Colombia"
SGC,SGC2023wzfvad,2023-11-22T08:27:05+00:00,1.3,MLr_2,2.35265,Senel et al.: Mw=0.8095 ML+1.3003 (3.3<=ML<=6.6),extrapolada,"Uribe - Meta, Colombia"
SGC,SGC2023xadize,2023-11-22T20:17:14+00:00,1.3,MLr_2,2.35265,Senel et al.: Mw=0.8095 ML+1.3003 (3.3<=ML<=6.6),extrapolada,"San Vicente del Caguán - Caquetá, Colombia"
SGC,SGC2023xfsxjy,2023-11-25T21:28:54+00:00,1.4,MLr_2,2.4336,Senel et al.: Mw=0.8095 ML+1.3003 (3.3<=ML<=6.6),extrapolada,"Hobo - Huila, Colombia"
SGC,SGC2023xklkcp,2023-11-28T11:04:41+00:00,2.3,MLr_2,3.16215,Senel et al.: Mw=0.8095 ML+1.3003 (3.3<=ML<=6.6),extrapolada,"Uribe - Meta, Colombia"
SGC,SGC2023xletvp,2023-11-28T20:49:15+00:00,1.4,MLr_2,2.4336,Senel et al.: Mw=0.8095 ML+1.3003 (3.3<=ML<=6.6),extrapolada,"San Vicente del Caguán - Caquetá, Colombia"
SGC,SGC2023xmvrmx,2023-11-29T18:23:57+00:00,2.5,MLr_2,3.32405,Senel et al.: Mw=0.8095 ML+1.3003 (3.3<=ML<=6.6),extrapolada,"Uribe - Meta, Colombia"
SGC,SGC2023xqramf,2023-12-01T20:21:22+00:00,1.8,MLr_2,2.7574,Senel et al.: Mw=0.8095 ML+1.3003 (3.3<=ML<=6.6),extrapolada,"Rivera - Huila, Colombia"
SGC,SGC2023xqsxeo,2023-12-01T21:17:55+00:00,2.3,MLr_2,3.16215,Senel et al.: Mw=0.8095 ML+1.3003 (3.3<=ML<=6.6),extrapolada,"Aipe - Huila, Colombia"
SGC,SGC2023xtvhbf,2023-12-03T13:43:09+00:00,0.9,MLr_2,2.0288500000000003,Senel et al.: Mw=0.8095 ML+1.3003 (3.3<=ML<=6.6),extrapolada,"Villavieja - Huila, Colombia"
SGC,SGC2023xuykqs,2023-12-04T04:22:19+00:00,1.2,MLr_2,2.2717,Senel et al.: Mw=0.8095 ML+1.3003 (3.3<=ML<=6.6),extrapolada,"San Vicente del Caguán - Caquetá, Colombia"
SGC,SGC2023xybimt,2023-12-05T21:03:45+00:00,1.9,MLr_2,2.83835,Senel et al.: Mw=0.8095 ML+1.3003 (3.3<=ML<=6.6),extrapolada,"San Vicente del Caguán - Caquetá, Colombia"
SGC,SGC2023xywrms,2023-12-06T07:47:48+00:00,1.3,MLr_2,2.35265,Senel et al.: Mw=0.8095 ML+1.3003 (3.3<=ML<=6.6),extrapolada,"San Vicente del Caguán - Caquetá, Colombia"
SGC,SGC2023ybbzcd,2023-12-07T12:36:26+00:00,1.3,MLr_2,2.35265,Senel et al.: Mw=0.8095 ML+1.3003 (3.3<=ML<=6.6),extrapolada,"Neiva - Huila, Colombia"
SGC,SGC2023ycwguu,2023-12-08T11:53:17+00:00,1.2,MLr_2,2.2717,Senel et al.: Mw=0.8095 ML+1.3003 (3.3<=ML<=6.6),extrapolada,"San Vicente del Caguán - Caquetá, Colombia"
SGC,SGC2023yhbgqs,2023-12-10T18:41:54+00:00,1.6,MLr_2,2.5955000000000004,Senel et al.: Mw=0.8095 ML+1.3003 (3.3<=ML<=6.6),extrapolada,"Palermo - Huila, Colombia"
SGC,SGC2023yktclj,2023-12-12T18:53:31+00:00,1.6,MLr_2,2.5955000000000004,Senel et al.: Mw=0.8095 ML+1.3003 (3.3<=ML<=6.6),extrapolada,"Campoalegre - Huila, Colombia"
SGC,SGC2023ylhlbm,2023-12-13T02:05:55+00:00,1.3,MLr_2,2.35265,Senel et al.: Mw=0.8095 ML+1.3003 (3.3<=ML<=6.6),extrapolada,"Yaguará - Huila, Colombia"
SGC,SGC2023ylwbok,2023-12-13T09:27:29+00:00,1.5,MLr_2,2.51455,Senel et al.: Mw=0.8095 ML+1.3003 (3.3<=ML<=6.6),extrapolada,"San Vicente del Caguán - Caquetá, Colombia"
SGC,SGC2023ytdwoc,2023-12-17T08:54:24+00:00,2.3,MLr_2,3.16215,Senel et al.: Mw=0.8095 ML+1.3003 (3.3<=ML<=6.6),extrapolada,"Baraya - Huila, Colombia"
SGC,SGC2023yyuvwp,2023-12-20T10:48:54+00:00,1.7,MLr_2,2.67645,Senel et al.: Mw=0.8095 ML+1.3003 (3.3<=ML<=6.6),extrapolada,"San Vicente del Caguán - Caquetá, Colombia"
SGC,SGC2023zfoatp,2023-12-24T02:54:41+00:00,1.5,MLr_2,2.51455,Senel et al.: Mw=0.8095 ML+1.3003 (3.3<=ML<=6.6),extrapolada,"Hobo - Huila, Colombia"
SGC,SGC2023zglltj,2023-12-24T14:41:24+00:00,1.6,MLr_2,2.5955000000000004,Senel et al.: Mw=0.8095 ML+1.3003 (3.3<=ML<=6.6),extrapolada,"Villavieja - Huila, Colombia"
SGC,SGC2023zioaev,2023-12-25T18:07:27+00:00,1.7,MLr_2,2.67645,Senel et al.: Mw=0.8095 ML+1.3003 (3.3<=ML<=6.6),extrapolada,"San Vicente del Caguán - Caquetá, Colombia"
SGC,SGC2023zmhptg,2023-12-27T19:12:12+00:00,1.5,MLr_2,2.51455,Senel et al.: Mw=0.8095 ML+1.3003 (3.3<=ML<=6.6),extrapolada,"Neiva - Huila, Colombia"
SGC,SGC2023zpymre,2023-12-29T18:54:58+00:00,1.3,MLr_2,2.35265,Senel et al.: Mw=0.8095 ML+1.3003 (3.3<=ML<=6.6),extrapolada,"Algeciras - Huila, Colombia"
SGC,SGC2023zrgwqs,2023-12-30T12:12:26+00:00,1.6,MLr_2,2.5955000000000004,Senel et al.: Mw=0.8095 ML+1.3003 (3.3<=ML<=6.6),extrapolada,"Íquira - Huila, Colombia"
SGC,SGC2023ztvqfg,2023-12-31T21:46:28+00:00,1.4,MLr_2,2.4336,Senel et al.: Mw=0.8095 ML+1.3003 (3.3<=ML<=6.6),extrapolada,"Algeciras - Huila, Colombia"
SGC,SGC2024ackeed,2024-01-02T07:15:29+00:00,1.2,MLr_2,2.2717,Senel et al.: Mw=0.8095 ML+1.3003 (3.3<=ML<=6.6),extrapolada,"San Vicente del Caguán - Caquetá, Colombia"
SGC,SGC2024acknpc,2024-01-02T07:26:24+00:00,1.2,MLr_2,2.2717,Senel et al.: Mw=0.8095 ML+1.3003 (3.3<=ML<=6.6),extrapolada,"Rivera - Huila, Colombia"
SGC,SGC2024anlfwc,2024-01-08T07:36:50+00:00,1.7,MLr_2,2.67645,Senel et al.: Mw=0.8095 ML+1.3003 (3.3<=ML<=6.6),extrapolada,"Rivera - Huila, Colombia"
SGC,SGC2024aumfbx,2024-01-12T03:37:27+00:00,1.2,MLr_2,2.2717,Senel et al.: Mw=0.8095 ML+1.3003 (3.3<=ML<=6.6),extrapolada,"San Vicente del Caguán - Caquetá, Colombia"
SGC,SGC2024bternt,2024-01-25T14:42:23+00:00,1.6,MLr_2,2.5955000000000004,Senel et al.: Mw=0.8095 ML+1.3003 (3.3<=ML<=6.6),extrapolada,"Algeciras - Huila, Colombia"
SGC,SGC2024bteuju,2024-01-25T14:45:43+00:00,1.5,MLr_2,2.51455,Senel et al.: Mw=0.8095 ML+1.3003 (3.3<=ML<=6.6),extrapolada,"Campoalegre - Huila, Colombia"
SGC,SGC2024byzhab,2024-01-28T18:26:17+00:00,1.8,MLr_2,2.7574,Senel et al.: Mw=0.8095 ML+1.3003 (3.3<=ML<=6.6),extrapolada,"Rivera - Huila, Colombia"
SGC,SGC2024cbcana,2024-01-29T21:58:06+00:00,1.3,MLr_2,2.35265,Senel et al.: Mw=0.8095 ML+1.3003 (3.3<=ML<=6.6),extrapolada,"San Vicente del Caguán - Caquetá, Colombia"
SGC,SGC2024chfwif,2024-02-02T06:20:47+00:00,1.5,MLr_2,2.51455,Senel et al.: Mw=0.8095 ML+1.3003 (3.3<=ML<=6.6),extrapolada,"Baraya - Huila, Colombia"
SGC,SGC2024cicgxt,2024-02-02T17:36:53+00:00,1.4,MLr_2,2.4336,Senel et al.: Mw=0.8095 ML+1.3003 (3.3<=ML<=6.6),extrapolada,"San Vicente del Caguán - Caquetá, Colombia"
SGC,SGC2024cmjlpd,2024-02-05T01:31:23+00:00,1.7,MLr_2,2.67645,Senel et al.: Mw=0.8095 ML+1.3003 (3.3<=ML<=6.6),extrapolada,"San Vicente del Caguán - Caquetá, Colombia"
SGC,SGC2024cpalre,2024-02-06T12:13:21+00:00,1.4,MLr_2,2.4336,Senel et al.: Mw=0.8095 ML+1.3003 (3.3<=ML<=6.6),extrapolada,"Algeciras - Huila, Colombia"
SGC,SGC2024cznvva,2024-02-12T05:42:04+00:00,1.8,MLr_2,2.7574,Senel et al.: Mw=0.8095 ML+1.3003 (3.3<=ML<=6.6),extrapolada,"San Vicente del Caguán - Caquetá, Colombia"
SGC,SGC2024dhlatg,2024-02-16T12:53:09+00:00,1.6,MLr_2,2.5955000000000004,Senel et al.: Mw=0.8095 ML+1.3003 (3.3<=ML<=6.6),extrapolada,"Hobo - Huila, Colombia"
SGC,SGC2024dtfueb,2024-02-22T23:08:21+00:00,1.5,MLr_2,2.51455,Senel et al.: Mw=0.8095 ML+1.3003 (3.3<=ML<=6.6),extrapolada,"Rivera - Huila, Colombia"
SGC,SGC2024dujwtx,2024-02-23T14:16:31+00:00,1.8,MLr_2,2.7574,Senel et al.: Mw=0.8095 ML+1.3003 (3.3<=ML<=6.6),extrapolada,"Íquira - Huila, Colombia"
SGC,SGC2024elnwzv,2024-03-03T22:33:35+00:00,1.5,MLr_2,2.51455,Senel et al.: Mw=0.8095 ML+1.3003 (3.3<=ML<=6.6),extrapolada,"Aipe - Huila, Colombia"
SGC,SGC2024eoerln,2024-03-05T09:09:00+00:00,1.7,MLr_2,2.67645,Senel et al.: Mw=0.8095 ML+1.3003 (3.3<=ML<=6.6),extrapolada,"Hobo - Huila, Colombia"
SGC,SGC2024erkpdk,2024-03-07T03:20:48+00:00,1.5,MLr_2,2.51455,Senel et al.: Mw=0.8095 ML+1.3003 (3.3<=ML<=6.6),extrapolada,"San Vicente del Caguán - Caquetá, Colombia"
SGC,SGC2024fetdkr,2024-03-14T09:36:56+00:00,1.5,MLr_2,2.51455,Senel et al.: Mw=0.8095 ML+1.3003 (3.3<=ML<=6.6),extrapolada,"San Vicente del Caguán - Caquetá, Colombia"
SGC,SGC2024fjijud,2024-03-16T21:34:48+00:00,1.8,MLr_2,2.7574,Senel et al.: Mw=0.8095 ML+1.3003 (3.3<=ML<=6.6),extrapolada,"Baraya - Huila, Colombia"
SGC,SGC2024fkprtv,2024-03-17T14:19:43+00:00,1.6,MLr_2,2.5955000000000004,Senel et al.: Mw=0.8095 ML+1.3003 (3.3<=ML<=6.6),extrapolada,"Campoalegre - Huila, Colombia"
SGC,SGC2024fnsmnd,2024-03-19T06:57:33+00:00,1.9,MLr_2,2.83835,Senel et al.: Mw=0.8095 ML+1.3003 (3.3<=ML<=6.6),extrapolada,"Hobo - Huila, Colombia"
SGC,SGC2024fzpbiw,2024-03-25T18:07:43+00:00,2.1,MLr_2,3.0002500000000003,Senel et al.: Mw=0.8095 ML+1.3003 (3.3<=ML<=6.6),extrapolada,"Uribe - Meta, Colombia"
SGC,SGC2024gahvrj,2024-03-26T03:34:29+00:00,1.7,MLr_2,2.67645,Senel et al.: Mw=0.8095 ML+1.3003 (3.3<=ML<=6.6),extrapolada,"Neiva - Huila, Colombia"
SGC,SGC2024ghnold,2024-03-30T01:58:27+00:00,2.1,MLr_2,3.0002500000000003,Senel et al.: Mw=0.8095 ML+1.3003 (3.3<=ML<=6.6),extrapolada,"Uribe - Meta, Colombia"
SGC,SGC2024glnzna,2024-04-01T06:29:12+00:00,1.7,MLr_2,2.67645,Senel et al.: Mw=0.8095 ML+1.3003 (3.3<=ML<=6.6),extrapolada,"Rivera - Huila, Colombia"
SGC,SGC2024gpxpev,2024-04-03T15:36:53+00:00,1.7,MLr_2,2.67645,Senel et al.: Mw=0.8095 ML+1.3003 (3.3<=ML<=6.6),extrapolada,"Aipe - Huila, Colombia"
SGC,SGC2024gscyvd,2024-04-04T20:27:52+00:00,1.6,MLr_2,2.5955000000000004,Senel et al.: Mw=0.8095 ML+1.3003 (3.3<=ML<=6.6),extrapolada,"San Vicente del Caguán - Caquetá, Colombia"
SGC,SGC2024gulaed,2024-04-06T02:40:08+00:00,1.7,MLr_2,2.67645,Senel et al.: Mw=0.8095 ML+1.3003 (3.3<=ML<=6.6),extrapolada,"San Vicente del Caguán - Caquetá, Colombia"
SGC,SGC2024hacbgn,2024-04-09T04:36:19+00:00,2.0,MLr_2,2.9193,Senel et al.: Mw=0.8095 ML+1.3003 (3.3<=ML<=6.6),extrapolada,"Algeciras - Huila, Colombia"
SGC,SGC2024haeugi,2024-04-09T05:58:42+00:00,1.3,MLr_2,2.35265,Senel et al.: Mw=0.8095 ML+1.3003 (3.3<=ML<=6.6),extrapolada,"San Vicente del Caguán - Caquetá, Colombia"
SGC,SGC2024hjdskk,2024-04-14T03:06:41+00:00,1.8,MLr_2,2.7574,Senel et al.: Mw=0.8095 ML+1.3003 (3.3<=ML<=6.6),extrapolada,"Campoalegre - Huila, Colombia"
SGC,SGC2024hnjjuf,2024-04-16T10:15:35+00:00,1.7,MLr_2,2.67645,Senel et al.: Mw=0.8095 ML+1.3003 (3.3<=ML<=6.6),extrapolada,"Uribe - Meta, Colombia"
SGC,SGC2024igzvoj,2024-04-27T02:57:03+00:00,2.2,MLr_2,3.0812,Senel et al.: Mw=0.8095 ML+1.3003 (3.3<=ML<=6.6),extrapolada,"Algeciras - Huila, Colombia"
SGC,SGC2024imwgnh,2024-04-30T07:35:54+00:00,1.9,MLr_2,2.83835,Senel et al.: Mw=0.8095 ML+1.3003 (3.3<=ML<=6.6),extrapolada,"Villavieja - Huila, Colombia"
SGC,SGC2024irlegg,2024-05-02T19:23:47+00:00,2.0,MLr_2,2.9193,Senel et al.: Mw=0.8095 ML+1.3003 (3.3<=ML<=6.6),extrapolada,"San Vicente del Caguán - Caquetá, Colombia"
SGC,SGC2024ivnktf,2024-05-05T00:49:34+00:00,1.5,MLr_2,2.51455,Senel et al.: Mw=0.8095 ML+1.3003 (3.3<=ML<=6.6),extrapolada,"Campoalegre - Huila, Colombia"
SGC,SGC2024jgoqps,2024-05-11T01:15:46+00:00,1.7,MLr_2,2.67645,Senel et al.: Mw=0.8095 ML+1.3003 (3.3<=ML<=6.6),extrapolada,"Yaguará - Huila, Colombia"
SGC,SGC2024jjeqee,2024-05-12T11:26:57+00:00,1.6,MLr_2,2.5955000000000004,Senel et al.: Mw=0.8095 ML+1.3003 (3.3<=ML<=6.6),extrapolada,"Uribe - Meta, Colombia"
SGC,SGC2024jjxjfm,2024-05-12T20:52:09+00:00,1.6,MLr_2,2.5955000000000004,Senel et al.: Mw=0.8095 ML+1.3003 (3.3<=ML<=6.6),extrapolada,"Santa María - Huila, Colombia"
SGC,SGC2024jvaecv,2024-05-18T22:05:58+00:00,2.5,MLr_2,3.32405,Senel et al.: Mw=0.8095 ML+1.3003 (3.3<=ML<=6.6),extrapolada,"Santa María - Huila, Colombia"
SGC,SGC2024jvaeio,2024-05-18T22:06:14+00:00,2.5,MLr_2,3.32405,Senel et al.: Mw=0.8095 ML+1.3003 (3.3<=ML<=6.6),extrapolada,"Santa María - Huila, Colombia"
SGC,SGC2024jvahkk,2024-05-18T22:09:48+00:00,1.6,MLr_2,2.5955000000000004,Senel et al.: Mw=0.8095 ML+1.3003 (3.3<=ML<=6.6),extrapolada,"Santa María - Huila, Colombia"
SGC,SGC2024jvatkn,2024-05-18T22:23:45+00:00,2.3,MLr_2,3.16215,Senel et al.: Mw=0.8095 ML+1.3003 (3.3<=ML<=6.6),extrapolada,"Santa María - Huila, Colombia"
SGC,SGC2024jvbeca,2024-05-18T22:36:08+00:00,2.4,MLr_2,3.2431,Senel et al.: Mw=0.8095 ML+1.3003 (3.3<=ML<=6.6),extrapolada,"Santa María - Huila, Colombia"
SGC,SGC2024jxzxne,2024-05-20T13:11:43+00:00,1.8,MLr_2,2.7574,Senel et al.: Mw=0.8095 ML+1.3003 (3.3<=ML<=6.6),extrapolada,"Santa María - Huila, Colombia"
SGC,SGC2024kdxtnt,2024-05-23T18:33:40+00:00,1.7,MLr_2,2.67645,Senel et al.: Mw=0.8095 ML+1.3003 (3.3<=ML<=6.6),extrapolada,"San Vicente del Caguán - Caquetá, Colombia"
SGC,SGC2024kfptis,2024-05-24T16:40:59+00:00,2.2,MLr_2,3.0812,Senel et al.: Mw=0.8095 ML+1.3003 (3.3<=ML<=6.6),extrapolada,"San Vicente del Caguán - Caquetá, Colombia"
SGC,SGC2024kghynn,2024-05-25T01:50:07+00:00,2.3,MLr_2,3.16215,Senel et al.: Mw=0.8095 ML+1.3003 (3.3<=ML<=6.6),extrapolada,"Íquira - Huila, Colombia"
SGC,SGC2024kigfpb,2024-05-26T03:06:54+00:00,1.3,MLr_2,2.35265,Senel et al.: Mw=0.8095 ML+1.3003 (3.3<=ML<=6.6),extrapolada,"Villavieja - Huila, Colombia"
SGC,SGC2024kkczjm,2024-05-27T03:38:40+00:00,1.9,MLr_2,2.83835,Senel et al.: Mw=0.8095 ML+1.3003 (3.3<=ML<=6.6),extrapolada,"Hobo - Huila, Colombia"
SGC,SGC2024knaqek,2024-05-28T17:40:33+00:00,2.1,MLr_2,3.0002500000000003,Senel et al.: Mw=0.8095 ML+1.3003 (3.3<=ML<=6.6),extrapolada,"San Vicente del Caguán - Caquetá, Colombia"
SGC,SGC2024krgrvl,2024-05-31T01:01:24+00:00,1.9,MLr_2,2.83835,Senel et al.: Mw=0.8095 ML+1.3003 (3.3<=ML<=6.6),extrapolada,"Yaguará - Huila, Colombia"
SGC,SGC2024ktiyqu,2024-06-01T04:18:36+00:00,1.5,MLr_2,2.51455,Senel et al.: Mw=0.8095 ML+1.3003 (3.3<=ML<=6.6),extrapolada,"Hobo - Huila, Colombia"
SGC,SGC2024lejfnx,2024-06-07T04:15:50+00:00,1.3,MLr_2,2.35265,Senel et al.: Mw=0.8095 ML+1.3003 (3.3<=ML<=6.6),extrapolada,"San Vicente del Caguán - Caquetá, Colombia"
SGC,SGC2024lerkef,2024-06-07T08:22:34+00:00,1.6,MLr_2,2.5955000000000004,Senel et al.: Mw=0.8095 ML+1.3003 (3.3<=ML<=6.6),extrapolada,"Uribe - Meta, Colombia"
SGC,SGC2024lpigaz,2024-06-13T03:35:28+00:00,1.3,MLr_2,2.35265,Senel et al.: Mw=0.8095 ML+1.3003 (3.3<=ML<=6.6),extrapolada,"Uribe - Meta, Colombia"
SGC,SGC2024ltnnra,2024-06-15T10:33:06+00:00,1.5,MLr_2,2.51455,Senel et al.: Mw=0.8095 ML+1.3003 (3.3<=ML<=6.6),extrapolada,"Algeciras - Huila, Colombia"
SGC,SGC2024lwycfp,2024-06-17T07:05:06+00:00,1.7,MLr_2,2.67645,Senel et al.: Mw=0.8095 ML+1.3003 (3.3<=ML<=6.6),extrapolada,"Baraya - Huila, Colombia"
SGC,SGC2024lxmjha,2024-06-17T14:15:44+00:00,1.5,MLr_2,2.51455,Senel et al.: Mw=0.8095 ML+1.3003 (3.3<=ML<=6.6),extrapolada,"Tello - Huila, Colombia"
SGC,SGC2024mcogso,2024-06-20T08:35:29+00:00,1.3,MLr_2,2.35265,Senel et al.: Mw=0.8095 ML+1.3003 (3.3<=ML<=6.6),extrapolada,"Baraya - Huila, Colombia"
SGC,SGC2024mfxcvu,2024-06-22T04:15:58+00:00,1.9,MLr_2,2.83835,Senel et al.: Mw=0.8095 ML+1.3003 (3.3<=ML<=6.6),extrapolada,"San Vicente del Caguán - Caquetá, Colombia"
SGC,SGC2024mictaz,2024-06-23T09:14:34+00:00,1.5,MLr_2,2.51455,Senel et al.: Mw=0.8095 ML+1.3003 (3.3<=ML<=6.6),extrapolada,"San Vicente del Caguán - Caquetá, Colombia"
SGC,SGC2024mnqytl,2024-06-26T09:46:08+00:00,1.4,MLr_2,2.4336,Senel et al.: Mw=0.8095 ML+1.3003 (3.3<=ML<=6.6),extrapolada,"Santa María - Huila, Colombia"
SGC,SGC2024mozrpu,2024-06-27T03:13:42+00:00,1.6,MLr_2,2.5955000000000004,Senel et al.: Mw=0.8095 ML+1.3003 (3.3<=ML<=6.6),extrapolada,"San Vicente del Caguán - Caquetá, Colombia"
SGC,SGC2024mviebw,2024-06-30T13:56:24+00:00,1.7,MLr_2,2.67645,Senel et al.: Mw=0.8095 ML+1.3003 (3.3<=ML<=6.6),extrapolada,"Uribe - Meta, Colombia"
SGC,SGC2024mvjbcs,2024-06-30T14:23:09+00:00,1.2,MLr_2,2.2717,Senel et al.: Mw=0.8095 ML+1.3003 (3.3<=ML<=6.6),extrapolada,"Hobo - Huila, Colombia"
SGC,SGC2024mxazyu,2024-07-01T12:29:29+00:00,2.6,MLr_2,3.405,Senel et al.: Mw=0.8095 ML+1.3003 (3.3<=ML<=6.6),extrapolada,"San Vicente del Caguán - Caquetá, Colombia"
SGC,SGC2024myrkfw,2024-07-02T09:48:54+00:00,2.0,MLr_2,2.9193,Senel et al.: Mw=0.8095 ML+1.3003 (3.3<=ML<=6.6),extrapolada,"Neiva - Huila, Colombia"
SGC,SGC2024nafiwt,2024-07-03T05:53:55+00:00,1.8,MLr_2,2.7574,Senel et al.: Mw=0.8095 ML+1.3003 (3.3<=ML<=6.6),extrapolada,"Neiva - Huila, Colombia"
SGC,SGC2024nebjjh,2024-07-05T08:11:38+00:00,2.1,MLr_2,3.0002500000000003,Senel et al.: Mw=0.8095 ML+1.3003 (3.3<=ML<=6.6),extrapolada,"San Vicente del Caguán - Caquetá, Colombia"
SGC,SGC2024notzbb,2024-07-11T04:17:39+00:00,1.7,MLr_2,2.67645,Senel et al.: Mw=0.8095 ML+1.3003 (3.3<=ML<=6.6),extrapolada,"Hobo - Huila, Colombia"
SGC,SGC2024nsllsl,2024-07-13T04:18:43+00:00,2.2,MLr_2,3.0812,Senel et al.: Mw=0.8095 ML+1.3003 (3.3<=ML<=6.6),extrapolada,"San Vicente del Caguán - Caquetá, Colombia"
SGC,SGC2024oaoobr,2024-07-17T14:27:48+00:00,1.7,MLr_2,2.67645,Senel et al.: Mw=0.8095 ML+1.3003 (3.3<=ML<=6.6),extrapolada,"San Vicente del Caguán - Caquetá, Colombia"
SGC,SGC2024oaquwu,2024-07-17T15:36:02+00:00,1.8,MLr_2,2.7574,Senel et al.: Mw=0.8095 ML+1.3003 (3.3<=ML<=6.6),extrapolada,"Tello - Huila, Colombia"
SGC,SGC2024omsqdg,2024-07-24T05:24:33+00:00,1.5,MLr_2,2.51455,Senel et al.: Mw=0.8095 ML+1.3003 (3.3<=ML<=6.6),extrapolada,"Santa María - Huila, Colombia"
SGC,SGC2024omuwdv,2024-07-24T06:31:54+00:00,1.3,MLr_2,2.35265,Senel et al.: Mw=0.8095 ML+1.3003 (3.3<=ML<=6.6),extrapolada,"Santa María - Huila, Colombia"
SGC,SGC2024oourqh,2024-07-25T08:35:37+00:00,1.3,MLr_2,2.35265,Senel et al.: Mw=0.8095 ML+1.3003 (3.3<=ML<=6.6),extrapolada,"Santa María - Huila, Colombia"
SGC,SGC2024oqkspx,2024-07-26T05:43:59+00:00,1.5,MLr_2,2.51455,Senel et al.: Mw=0.8095 ML+1.3003 (3.3<=ML<=6.6),extrapolada,"Santa María - Huila, Colombia"
SGC,SGC2024ovhugu,2024-07-28T21:37:46+00:00,2.7,MLr_2,3.4859500000000003,Senel et al.: Mw=0.8095 ML+1.3003 (3.3<=ML<=6.6),extrapolada,"San Vicente del Caguán - Caquetá, Colombia"
SGC,SGC2024ppgeuf,2024-08-08T18:22:03+00:00,3.1,MLr_2,3.80975,Senel et al.: Mw=0.8095 ML+1.3003 (3.3<=ML<=6.6),extrapolada,"Yaguará - Huila, Colombia"
SGC,SGC2024psozel,2024-08-10T13:57:34+00:00,1.9,MLr_2,2.83835,Senel et al.: Mw=0.8095 ML+1.3003 (3.3<=ML<=6.6),extrapolada,"Campoalegre - Huila, Colombia"
SGC,SGC2024ptfptf,2024-08-10T22:19:35+00:00,1.5,MLr_2,2.51455,Senel et al.: Mw=0.8095 ML+1.3003 (3.3<=ML<=6.6),extrapolada,"San Vicente del Caguán - Caquetá, Colombia"
SGC,SGC2024pvixhb,2024-08-12T02:07:48+00:00,1.5,MLr_2,2.51455,Senel et al.: Mw=0.8095 ML+1.3003 (3.3<=ML<=6.6),extrapolada,"Campoalegre - Huila, Colombia"
SGC,SGC2024pvqpkh,2024-08-12T06:00:02+00:00,1.7,MLr_2,2.67645,Senel et al.: Mw=0.8095 ML+1.3003 (3.3<=ML<=6.6),extrapolada,"San Vicente del Caguán - Caquetá, Colombia"
SGC,SGC2024qcsumu,2024-08-16T02:37:35+00:00,2.0,MLr_2,2.9193,Senel et al.: Mw=0.8095 ML+1.3003 (3.3<=ML<=6.6),extrapolada,"Hobo - Huila, Colombia"
SGC,SGC2024qdbwqf,2024-08-16T07:11:38+00:00,1.7,MLr_2,2.67645,Senel et al.: Mw=0.8095 ML+1.3003 (3.3<=ML<=6.6),extrapolada,"Algeciras - Huila, Colombia"
SGC,SGC2024qhhvij,2024-08-18T14:29:02+00:00,1.5,MLr_2,2.51455,Senel et al.: Mw=0.8095 ML+1.3003 (3.3<=ML<=6.6),extrapolada,"Uribe - Meta, Colombia"
SGC,SGC2024qlzuiv,2024-08-21T03:48:55+00:00,1.3,MLr_2,2.35265,Senel et al.: Mw=0.8095 ML+1.3003 (3.3<=ML<=6.6),extrapolada,"San Vicente del Caguán - Caquetá, Colombia"
SGC,SGC2024rehhbl,2024-08-31T02:55:25+00:00,1.6,MLr_2,2.5955000000000004,Senel et al.: Mw=0.8095 ML+1.3003 (3.3<=ML<=6.6),extrapolada,"Yaguará - Huila, Colombia"
SGC,SGC2024rgoytm,2024-09-01T08:56:08+00:00,1.3,MLr_2,2.35265,Senel et al.: Mw=0.8095 ML+1.3003 (3.3<=ML<=6.6),extrapolada,"San Vicente del Caguán - Caquetá, Colombia"
SGC,SGC2024rtdifx,2024-09-08T05:03:14+00:00,1.9,MLr_2,2.83835,Senel et al.: Mw=0.8095 ML+1.3003 (3.3<=ML<=6.6),extrapolada,"Rivera - Huila, Colombia"
SGC,SGC2024ruoyjr,2024-09-08T23:58:21+00:00,1.2,MLr_2,2.2717,Senel et al.: Mw=0.8095 ML+1.3003 (3.3<=ML<=6.6),extrapolada,"San Vicente del Caguán - Caquetá, Colombia"
SGC,SGC2024sainkv,2024-09-12T03:11:26+00:00,1.3,MLr_2,2.35265,Senel et al.: Mw=0.8095 ML+1.3003 (3.3<=ML<=6.6),extrapolada,"Algeciras - Huila, Colombia"
SGC,SGC2024sfgctj,2024-09-14T19:21:05+00:00,1.9,MLr_2,2.83835,Senel et al.: Mw=0.8095 ML+1.3003 (3.3<=ML<=6.6),extrapolada,"San Vicente del Caguán - Caquetá, Colombia"
SGC,SGC2024sideaz,2024-09-16T09:05:29+00:00,1.6,MLr_2,2.5955000000000004,Senel et al.: Mw=0.8095 ML+1.3003 (3.3<=ML<=6.6),extrapolada,"Santa María - Huila, Colombia"
SGC,SGC2024sidmcm,2024-09-16T09:14:52+00:00,1.5,MLr_2,2.51455,Senel et al.: Mw=0.8095 ML+1.3003 (3.3<=ML<=6.6),extrapolada,"Santa María - Huila, Colombia"
SGC,SGC2024sidnab,2024-09-16T09:15:55+00:00,0.9,MLr_2,2.0288500000000003,Senel et al.: Mw=0.8095 ML+1.3003 (3.3<=ML<=6.6),extrapolada,"Santa María - Huila, Colombia"
SGC,SGC2024siejgf,2024-09-16T09:41:42+00:00,1.3,MLr_2,2.35265,Senel et al.: Mw=0.8095 ML+1.3003 (3.3<=ML<=6.6),extrapolada,"Santa María - Huila, Colombia"
SGC,SGC2024skiaui,2024-09-17T13:41:32+00:00,1.7,MLr_2,2.67645,Senel et al.: Mw=0.8095 ML+1.3003 (3.3<=ML<=6.6),extrapolada,"Neiva - Huila, Colombia"
SGC,SGC2024slqmya,2024-09-18T07:01:30+00:00,1.1,MLr_2,2.19075,Senel et al.: Mw=0.8095 ML+1.3003 (3.3<=ML<=6.6),extrapolada,"Santa María - Huila, Colombia"
SGC,SGC2024srchmv,2024-09-21T06:19:37+00:00,1.6,MLr_2,2.5955000000000004,Senel et al.: Mw=0.8095 ML+1.3003 (3.3<=ML<=6.6),extrapolada,"Ataco - Tolima, Colombia"
SGC,SGC2024srclbw,2024-09-21T06:23:47+00:00,1.4,MLr_2,2.4336,Senel et al.: Mw=0.8095 ML+1.3003 (3.3<=ML<=6.6),extrapolada,"Algeciras - Huila, Colombia"
SGC,SGC2024syvjoc,2024-09-25T11:26:37+00:00,1.7,MLr_2,2.67645,Senel et al.: Mw=0.8095 ML+1.3003 (3.3<=ML<=6.6),extrapolada,"San Vicente del Caguán - Caquetá, Colombia"
SGC,SGC2024thbgax,2024-09-29T22:59:23+00:00,1.8,MLr_2,2.7574,Senel et al.: Mw=0.8095 ML+1.3003 (3.3<=ML<=6.6),extrapolada,"San Vicente del Caguán - Caquetá, Colombia"
SGC,SGC2024tjoija,2024-10-01T07:43:15+00:00,1.6,MLr_2,2.5955000000000004,Senel et al.: Mw=0.8095 ML+1.3003 (3.3<=ML<=6.6),extrapolada,"San Vicente del Caguán - Caquetá, Colombia"
SGC,SGC2024tmfjbt,2024-10-02T18:25:58+00:00,1.5,MLr_2,2.51455,Senel et al.: Mw=0.8095 ML+1.3003 (3.3<=ML<=6.6),extrapolada,"Campoalegre - Huila, Colombia"
SGC,SGC2024tsjsij,2024-10-06T03:04:14+00:00,1.3,MLr_2,2.35265,Senel et al.: Mw=0.8095 ML+1.3003 (3.3<=ML<=6.6),extrapolada,"Hobo - Huila, Colombia"
SGC,SGC2024tuxhjz,2024-10-07T12:02:54+00:00,2.1,MLr_2,3.0002500000000003,Senel et al.: Mw=0.8095 ML+1.3003 (3.3<=ML<=6.6),extrapolada,"San Vicente del Caguán - Caquetá, Colombia"
SGC,SGC2024tyjnpq,2024-10-09T09:25:35+00:00,1.3,MLr_2,2.35265,Senel et al.: Mw=0.8095 ML+1.3003 (3.3<=ML<=6.6),extrapolada,"San Vicente del Caguán - Caquetá, Colombia"
SGC,SGC2024uarugk,2024-10-10T15:43:39+00:00,1.4,MLr_2,2.4336,Senel et al.: Mw=0.8095 ML+1.3003 (3.3<=ML<=6.6),extrapolada,"San Vicente del Caguán - Caquetá, Colombia"
SGC,SGC2024ufptmx,2024-10-13T08:04:49+00:00,1.5,MLr_2,2.51455,Senel et al.: Mw=0.8095 ML+1.3003 (3.3<=ML<=6.6),extrapolada,"Villavieja - Huila, Colombia"
SGC,SGC2024ukqhsx,2024-10-16T01:43:43+00:00,1.3,MLr_2,2.35265,Senel et al.: Mw=0.8095 ML+1.3003 (3.3<=ML<=6.6),extrapolada,"San Vicente del Caguán - Caquetá, Colombia"
SGC,SGC2024updddx,2024-10-18T12:28:32+00:00,1.3,MLr_2,2.35265,Senel et al.: Mw=0.8095 ML+1.3003 (3.3<=ML<=6.6),extrapolada,"San Vicente del Caguán - Caquetá, Colombia"
SGC,SGC2024urnmrg,2024-10-19T19:50:15+00:00,3.1,MLr_2,3.80975,Senel et al.: Mw=0.8095 ML+1.3003 (3.3<=ML<=6.6),extrapolada,"San Vicente del Caguán - Caquetá, Colombia"
SGC,SGC2024uruqrs,2024-10-19T23:26:06+00:00,1.2,MLr_2,2.2717,Senel et al.: Mw=0.8095 ML+1.3003 (3.3<=ML<=6.6),extrapolada,"Campoalegre - Huila, Colombia"
SGC,SGC2024uwrknp,2024-10-22T15:10:48+00:00,2.2,MLr_2,3.0812,Senel et al.: Mw=0.8095 ML+1.3003 (3.3<=ML<=6.6),extrapolada,"Baraya - Huila, Colombia"
SGC,SGC2024uxpizm,2024-10-23T03:13:10+00:00,3.0,MLr_2,3.7288,Senel et al.: Mw=0.8095 ML+1.3003 (3.3<=ML<=6.6),extrapolada,"San Vicente del Caguán - Caquetá, Colombia"
SGC,SGC2024uxwcby,2024-10-23T06:36:22+00:00,1.7,MLr_2,2.67645,Senel et al.: Mw=0.8095 ML+1.3003 (3.3<=ML<=6.6),extrapolada,"Algeciras - Huila, Colombia"
SGC,SGC2024vfozlf,2024-10-27T11:37:53+00:00,1.7,MLr_2,2.67645,Senel et al.: Mw=0.8095 ML+1.3003 (3.3<=ML<=6.6),extrapolada,"Rivera - Huila, Colombia"
SGC,SGC2024vgkeho,2024-10-27T22:17:09+00:00,1.8,MLr_2,2.7574,Senel et al.: Mw=0.8095 ML+1.3003 (3.3<=ML<=6.6),extrapolada,"Hobo - Huila, Colombia"
SGC,SGC2024vgkgsx,2024-10-27T22:19:57+00:00,1.3,MLr_2,2.35265,Senel et al.: Mw=0.8095 ML+1.3003 (3.3<=ML<=6.6),extrapolada,"Hobo - Huila, Colombia"
SGC,SGC2024vhqrep,2024-10-28T14:37:35+00:00,1.4,MLr_2,2.4336,Senel et al.: Mw=0.8095 ML+1.3003 (3.3<=ML<=6.6),extrapolada,"Hobo - Huila, Colombia"
SGC,SGC2024vibudx,2024-10-28T20:12:57+00:00,1.6,MLr_2,2.5955000000000004,Senel et al.: Mw=0.8095 ML+1.3003 (3.3<=ML<=6.6),extrapolada,"Yaguará - Huila, Colombia"
SGC,SGC2024vxqcvl,2024-11-06T07:32:33+00:00,1.4,MLr_2,2.4336,Senel et al.: Mw=0.8095 ML+1.3003 (3.3<=ML<=6.6),extrapolada,"San Vicente del Caguán - Caquetá, Colombia"
SGC,SGC2024vzdzxj,2024-11-07T03:36:03+00:00,2.0,MLr_2,2.9193,Senel et al.: Mw=0.8095 ML+1.3003 (3.3<=ML<=6.6),extrapolada,"Neiva - Huila, Colombia"
SGC,SGC2024wamvna,2024-11-07T21:06:59+00:00,1.4,MLr_2,2.4336,Senel et al.: Mw=0.8095 ML+1.3003 (3.3<=ML<=6.6),extrapolada,"San Vicente del Caguán - Caquetá, Colombia"
SGC,SGC2024wfxwqi,2024-11-10T20:02:30+00:00,2.0,MLr_2,2.9193,Senel et al.: Mw=0.8095 ML+1.3003 (3.3<=ML<=6.6),extrapolada,"Neiva - Huila, Colombia"
SGC,SGC2024wgrujj,2024-11-11T06:03:21+00:00,1.7,MLr_2,2.67645,Senel et al.: Mw=0.8095 ML+1.3003 (3.3<=ML<=6.6),extrapolada,"San Vicente del Caguán - Caquetá, Colombia"
SGC,SGC2024wgvddu,2024-11-11T07:44:05+00:00,1.4,MLr_2,2.4336,Senel et al.: Mw=0.8095 ML+1.3003 (3.3<=ML<=6.6),extrapolada,"Algeciras - Huila, Colombia"
SGC,SGC2024wlqegu,2024-11-13T22:36:52+00:00,1.6,MLr_2,2.5955000000000004,Senel et al.: Mw=0.8095 ML+1.3003 (3.3<=ML<=6.6),extrapolada,"Uribe - Meta, Colombia"
SGC,SGC2024wrzeta,2024-11-17T09:35:50+00:00,1.2,MLr_2,2.2717,Senel et al.: Mw=0.8095 ML+1.3003 (3.3<=ML<=6.6),extrapolada,"Puerto Rico - Caquetá, Colombia"
SGC,SGC2024wvrmqr,2024-11-19T10:01:31+00:00,1.3,MLr_2,2.35265,Senel et al.: Mw=0.8095 ML+1.3003 (3.3<=ML<=6.6),extrapolada,"San Vicente del Caguán - Caquetá, Colombia"
SGC,SGC2024wykvjb,2024-11-20T21:53:51+00:00,1.3,MLr_2,2.35265,Senel et al.: Mw=0.8095 ML+1.3003 (3.3<=ML<=6.6),extrapolada,"San Vicente del Caguán - Caquetá, Colombia"
SGC,SGC2024wzjvge,2024-11-21T10:28:01+00:00,1.3,MLr_2,2.35265,Senel et al.: Mw=0.8095 ML+1.3003 (3.3<=ML<=6.6),extrapolada,"San Vicente del Caguán - Caquetá, Colombia"
SGC,SGC2024xeatpu,2024-11-23T23:16:56+00:00,1.3,MLr_2,2.35265,Senel et al.: Mw=0.8095 ML+1.3003 (3.3<=ML<=6.6),extrapolada,"Rivera - Huila, Colombia"
SGC,SGC2024xfvbas,2024-11-24T22:33:22+00:00,1.4,MLr_2,2.4336,Senel et al.: Mw=0.8095 ML+1.3003 (3.3<=ML<=6.6),extrapolada,"Hobo - Huila, Colombia"
SGC,SGC2024xgekzd,2024-11-25T03:16:34+00:00,1.5,MLr_2,2.51455,Senel et al.: Mw=0.8095 ML+1.3003 (3.3<=ML<=6.6),extrapolada,"Íquira - Huila, Colombia"
SGC,SGC2024xkenyk,2024-11-27T07:37:54+00:00,1.4,MLr_2,2.4336,Senel et al.: Mw=0.8095 ML+1.3003 (3.3<=ML<=6.6),extrapolada,"San Vicente del Caguán - Caquetá, Colombia"
SGC,SGC2024xqzjtg,2024-12-01T00:33:32+00:00,1.1,MLr_2,2.19075,Senel et al.: Mw=0.8095 ML+1.3003 (3.3<=ML<=6.6),extrapolada,"Baraya - Huila, Colombia"
SGC,SGC2024xweuge,2024-12-03T20:38:58+00:00,1.2,MLr_2,2.2717,Senel et al.: Mw=0.8095 ML+1.3003 (3.3<=ML<=6.6),extrapolada,"Rivera - Huila, Colombia"
SGC,SGC2024xwmkiz,2024-12-04T00:28:51+00:00,1.2,MLr_2,2.2717,Senel et al.: Mw=0.8095 ML+1.3003 (3.3<=ML<=6.6),extrapolada,"Villavieja - Huila, Colombia"
SGC,SGC2024ydnqqb,2024-12-07T20:37:38+00:00,1.4,MLr_2,2.4336,Senel et al.: Mw=0.8095 ML+1.3003 (3.3<=ML<=6.6),extrapolada,"San Vicente del Caguán - Caquetá, Colombia"
SGC,SGC2024yfbmed,2024-12-08T16:39:21+00:00,1.5,MLr_2,2.51455,Senel et al.: Mw=0.8095 ML+1.3003 (3.3<=ML<=6.6),extrapolada,"Rivera - Huila, Colombia"
SGC,SGC2024yhigyh,2024-12-09T22:13:23+00:00,1.6,MLr_2,2.5955000000000004,Senel et al.: Mw=0.8095 ML+1.3003 (3.3<=ML<=6.6),extrapolada,"Íquira - Huila, Colombia"
SGC,SGC2024yipsdi,2024-12-10T15:02:06+00:00,1.3,MLr_2,2.35265,Senel et al.: Mw=0.8095 ML+1.3003 (3.3<=ML<=6.6),extrapolada,"San Vicente del Caguán - Caquetá, Colombia"
SGC,SGC2024ymyiaq,2024-12-12T23:39:49+00:00,1.6,MLr_2,2.5955000000000004,Senel et al.: Mw=0.8095 ML+1.3003 (3.3<=ML<=6.6),extrapolada,"Rivera - Huila, Colombia"
SGC,SGC2024ynbgjl,2024-12-13T01:08:24+00:00,1.3,MLr_2,2.35265,Senel et al.: Mw=0.8095 ML+1.3003 (3.3<=ML<=6.6),extrapolada,"Uribe - Meta, Colombia"
SGC,SGC2024ysyxpi,2024-12-16T06:24:43+00:00,1.3,MLr_2,2.35265,Senel et al.: Mw=0.8095 ML+1.3003 (3.3<=ML<=6.6),extrapolada,"Algeciras - Huila, Colombia"
SGC,SGC2024ytpidh,2024-12-16T14:39:44+00:00,1.4,MLr_2,2.4336,Senel et al.: Mw=0.8095 ML+1.3003 (3.3<=ML<=6.6),extrapolada,"San Vicente del Caguán - Caquetá, Colombia"
SGC,SGC2024yttzgk,2024-12-16T17:00:17+00:00,1.9,MLr_2,2.83835,Senel et al.: Mw=0.8095 ML+1.3003 (3.3<=ML<=6.6),extrapolada,"San Vicente del Caguán - Caquetá, Colombia"
SGC,SGC2024yvausc,2024-12-17T09:30:42+00:00,1.9,MLr_2,2.83835,Senel et al.: Mw=0.8095 ML+1.3003 (3.3<=ML<=6.6),extrapolada,"San Vicente del Caguán - Caquetá, Colombia"
SGC,SGC2024yxamgv,2024-12-18T11:29:50+00:00,1.9,MLr_2,2.83835,Senel et al.: Mw=0.8095 ML+1.3003 (3.3<=ML<=6.6),extrapolada,"Uribe - Meta, Colombia"
SGC,SGC2024yxeusa,2024-12-18T13:40:19+00:00,2.1,MLr_2,3.0002500000000003,Senel et al.: Mw=0.8095 ML+1.3003 (3.3<=ML<=6.6),extrapolada,"San Vicente del Caguán - Caquetá, Colombia"
SGC,SGC2024yxktyo,2024-12-18T16:40:28+00:00,1.5,MLr_2,2.51455,Senel et al.: Mw=0.8095 ML+1.3003 (3.3<=ML<=6.6),extrapolada,"Campoalegre - Huila, Colombia"
SGC,SGC2024zbkfrs,2024-12-20T20:41:50+00:00,1.6,MLr_2,2.5955000000000004,Senel et al.: Mw=0.8095 ML+1.3003 (3.3<=ML<=6.6),extrapolada,"Hobo - Huila, Colombia"
SGC,SGC2024znbogj,2024-12-27T05:13:56+00:00,1.1,MLr_2,2.19075,Senel et al.: Mw=0.8095 ML+1.3003 (3.3<=ML<=6.6),extrapolada,"San Vicente del Caguán - Caquetá, Colombia"
SGC,SGC2024zospix,2024-12-28T02:52:36+00:00,1.3,MLr_2,2.35265,Senel et al.: Mw=0.8095 ML+1.3003 (3.3<=ML<=6.6),extrapolada,"Uribe - Meta, Colombia"
SGC,SGC2025afumvv,2025-01-04T03:40:43+00:00,1.3,MLr_2,2.35265,Senel et al.: Mw=0.8095 ML+1.3003 (3.3<=ML<=6.6),extrapolada,"San Vicente del Caguán - Caquetá, Colombia"
SGC,SGC2025apaqvj,2025-01-09T04:26:39+00:00,1.4,MLr_2,2.4336,Senel et al.: Mw=0.8095 ML+1.3003 (3.3<=ML<=6.6),extrapolada,"Campoalegre - Huila, Colombia"
SGC,SGC2025arnifs,2025-01-10T12:57:53+00:00,2.4,MLr_2,3.2431,Senel et al.: Mw=0.8095 ML+1.3003 (3.3<=ML<=6.6),extrapolada,"Uribe - Meta, Colombia"
SGC,SGC2025aubkps,2025-01-11T22:11:59+00:00,1.3,MLr_2,2.35265,Senel et al.: Mw=0.8095 ML+1.3003 (3.3<=ML<=6.6),extrapolada,"San Vicente del Caguán - Caquetá, Colombia"
SGC,SGC2025bmuzih,2025-01-22T03:22:53+00:00,2.0,MLr_2,2.9193,Senel et al.: Mw=0.8095 ML+1.3003 (3.3<=ML<=6.6),extrapolada,"San Vicente del Caguán - Caquetá, Colombia"
SGC,SGC2025buhrng,2025-01-26T05:17:22+00:00,2.1,MLr_2,3.0002500000000003,Senel et al.: Mw=0.8095 ML+1.3003 (3.3<=ML<=6.6),extrapolada,"Hobo - Huila, Colombia"
SGC,SGC2025cafvsa,2025-01-29T10:48:45+00:00,1.2,MLr_2,2.2717,Senel et al.: Mw=0.8095 ML+1.3003 (3.3<=ML<=6.6),extrapolada,"San Vicente del Caguán - Caquetá, Colombia"
SGC,SGC2025ccnvok,2025-01-30T16:58:55+00:00,1.4,MLr_2,2.4336,Senel et al.: Mw=0.8095 ML+1.3003 (3.3<=ML<=6.6),extrapolada,"Aipe - Huila, Colombia"
SGC,SGC2025cjjrtf,2025-02-03T10:25:07+00:00,1.6,MLr_2,2.5955000000000004,Senel et al.: Mw=0.8095 ML+1.3003 (3.3<=ML<=6.6),extrapolada,"Campoalegre - Huila, Colombia"
SGC,SGC2025cmtasi,2025-02-05T06:20:31+00:00,1.2,MLr_2,2.2717,Senel et al.: Mw=0.8095 ML+1.3003 (3.3<=ML<=6.6),extrapolada,"San Vicente del Caguán - Caquetá, Colombia"
SGC,SGC2025cqbwla,2025-02-07T02:00:31+00:00,1.4,MLr_2,2.4336,Senel et al.: Mw=0.8095 ML+1.3003 (3.3<=ML<=6.6),extrapolada,"Campoalegre - Huila, Colombia"
SGC,SGC2025cvwdcs,2025-02-10T05:34:04+00:00,1.5,MLr_2,2.51455,Senel et al.: Mw=0.8095 ML+1.3003 (3.3<=ML<=6.6),extrapolada,"San Vicente del Caguán - Caquetá, Colombia"
SGC,SGC2025czkzay,2025-02-12T04:15:23+00:00,2.0,MLr_2,2.9193,Senel et al.: Mw=0.8095 ML+1.3003 (3.3<=ML<=6.6),extrapolada,"San Vicente del Caguán - Caquetá, Colombia"
SGC,SGC2025daqmqa,2025-02-12T20:06:27+00:00,1.4,MLr_2,2.4336,Senel et al.: Mw=0.8095 ML+1.3003 (3.3<=ML<=6.6),extrapolada,"San Vicente del Caguán - Caquetá, Colombia"
SGC,SGC2025dcvdii,2025-02-14T00:35:30+00:00,2.1,MLr_2,3.0002500000000003,Senel et al.: Mw=0.8095 ML+1.3003 (3.3<=ML<=6.6),extrapolada,"Villavieja - Huila, Colombia"
SGC,SGC2025ddmwii,2025-02-14T09:30:27+00:00,1.4,MLr_2,2.4336,Senel et al.: Mw=0.8095 ML+1.3003 (3.3<=ML<=6.6),extrapolada,"San Vicente del Caguán - Caquetá, Colombia"
SGC,SGC2025djguqz,2025-02-17T12:54:21+00:00,1.4,MLr_2,2.4336,Senel et al.: Mw=0.8095 ML+1.3003 (3.3<=ML<=6.6),extrapolada,"San Vicente del Caguán - Caquetá, Colombia"
SGC,SGC2025dlepyz,2025-02-18T13:57:31+00:00,3.2,MLr_2,3.8907,Senel et al.: Mw=0.8095 ML+1.3003 (3.3<=ML<=6.6),extrapolada,"Rivera - Huila, Colombia"
SGC,SGC2025dwcawa,2025-02-24T12:28:52+00:00,1.8,MLr_2,2.7574,Senel et al.: Mw=0.8095 ML+1.3003 (3.3<=ML<=6.6),extrapolada,"San Vicente del Caguán - Caquetá, Colombia"
SGC,SGC2025eoguih,2025-03-06T10:12:42+00:00,1.5,MLr_2,2.51455,Senel et al.: Mw=0.8095 ML+1.3003 (3.3<=ML<=6.6),extrapolada,"Rivera - Huila, Colombia"
SGC,SGC2025epzhvw,2025-03-07T08:35:57+00:00,2.1,MLr_2,3.0002500000000003,Senel et al.: Mw=0.8095 ML+1.3003 (3.3<=ML<=6.6),extrapolada,"San Vicente del Caguán - Caquetá, Colombia"
SGC,SGC2025etrltq,2025-03-09T08:57:02+00:00,1.8,MLr_2,2.7574,Senel et al.: Mw=0.8095 ML+1.3003 (3.3<=ML<=6.6),extrapolada,"Campoalegre - Huila, Colombia"
SGC,SGC2025etwqlg,2025-03-09T11:33:20+00:00,1.5,MLr_2,2.51455,Senel et al.: Mw=0.8095 ML+1.3003 (3.3<=ML<=6.6),extrapolada,"Campoalegre - Huila, Colombia"
SGC,SGC2025eunjfb,2025-03-09T19:57:50+00:00,1.5,MLr_2,2.51455,Senel et al.: Mw=0.8095 ML+1.3003 (3.3<=ML<=6.6),extrapolada,"Algeciras - Huila, Colombia"
SGC,SGC2025ewujzs,2025-03-11T01:38:56+00:00,1.2,MLr_2,2.2717,Senel et al.: Mw=0.8095 ML+1.3003 (3.3<=ML<=6.6),extrapolada,"Villavieja - Huila, Colombia"
SGC,SGC2025ffkhls,2025-03-15T18:14:32+00:00,1.6,MLr_2,2.5955000000000004,Senel et al.: Mw=0.8095 ML+1.3003 (3.3<=ML<=6.6),extrapolada,"Rivera - Huila, Colombia"
SGC,SGC2025ffrofy,2025-03-15T21:53:36+00:00,1.4,MLr_2,2.4336,Senel et al.: Mw=0.8095 ML+1.3003 (3.3<=ML<=6.6),extrapolada,"Hobo - Huila, Colombia"
SGC,SGC2025fmngvk,2025-03-19T15:15:40+00:00,1.4,MLr_2,2.4336,Senel et al.: Mw=0.8095 ML+1.3003 (3.3<=ML<=6.6),extrapolada,"San Vicente del Caguán - Caquetá, Colombia"
SGC,SGC2025fnluue,2025-03-20T03:35:58+00:00,2.4,MLr_2,3.2431,Senel et al.: Mw=0.8095 ML+1.3003 (3.3<=ML<=6.6),extrapolada,"Campoalegre - Huila, Colombia"
SGC,SGC2025fsjgox,2025-03-22T19:41:20+00:00,1.5,MLr_2,2.51455,Senel et al.: Mw=0.8095 ML+1.3003 (3.3<=ML<=6.6),extrapolada,"San Vicente del Caguán - Caquetá, Colombia"
SGC,SGC2025fvrlhb,2025-03-24T15:01:47+00:00,2.0,MLr_2,2.9193,Senel et al.: Mw=0.8095 ML+1.3003 (3.3<=ML<=6.6),extrapolada,"San Vicente del Caguán - Caquetá, Colombia"
SGC,SGC2025fzbgex,2025-03-26T11:11:03+00:00,1.3,MLr_2,2.35265,Senel et al.: Mw=0.8095 ML+1.3003 (3.3<=ML<=6.6),extrapolada,"Tello - Huila, Colombia"
SGC,SGC2025fzmqrd,2025-03-26T16:55:05+00:00,1.5,MLr_2,2.51455,Senel et al.: Mw=0.8095 ML+1.3003 (3.3<=ML<=6.6),extrapolada,"San Vicente del Caguán - Caquetá, Colombia"
SGC,SGC2025gblxxt,2025-03-27T18:42:58+00:00,2.1,MLr_2,3.0002500000000003,Senel et al.: Mw=0.8095 ML+1.3003 (3.3<=ML<=6.6),extrapolada,"Neiva - Huila, Colombia"
SGC,SGC2025gcrehu,2025-03-28T10:25:02+00:00,1.4,MLr_2,2.4336,Senel et al.: Mw=0.8095 ML+1.3003 (3.3<=ML<=6.6),extrapolada,"San Vicente del Caguán - Caquetá, Colombia"
SGC,SGC2025ggbzih,2025-03-30T07:04:34+00:00,1.4,MLr_2,2.4336,Senel et al.: Mw=0.8095 ML+1.3003 (3.3<=ML<=6.6),extrapolada,"San Vicente del Caguán - Caquetá, Colombia"
SGC,SGC2025ghpwri,2025-03-31T03:08:22+00:00,1.6,MLr_2,2.5955000000000004,Senel et al.: Mw=0.8095 ML+1.3003 (3.3<=ML<=6.6),extrapolada,"Neiva - Huila, Colombia"
SGC,SGC2025ghwtju,2025-03-31T06:35:43+00:00,1.3,MLr_2,2.35265,Senel et al.: Mw=0.8095 ML+1.3003 (3.3<=ML<=6.6),extrapolada,"San Vicente del Caguán - Caquetá, Colombia"
SGC,SGC2025gqnixy,2025-04-04T23:32:21+00:00,1.9,MLr_2,2.83835,Senel et al.: Mw=0.8095 ML+1.3003 (3.3<=ML<=6.6),extrapolada,"Baraya - Huila, Colombia"
SGC,SGC2025grhdgh,2025-04-05T09:29:14+00:00,1.5,MLr_2,2.51455,Senel et al.: Mw=0.8095 ML+1.3003 (3.3<=ML<=6.6),extrapolada,"San Vicente del Caguán - Caquetá, Colombia"
SGC,SGC2025gxlweh,2025-04-08T18:18:43+00:00,2.1,MLr_2,3.0002500000000003,Senel et al.: Mw=0.8095 ML+1.3003 (3.3<=ML<=6.6),extrapolada,"Hobo - Huila, Colombia"
SGC,SGC2025hdzbmm,2025-04-12T07:23:57+00:00,1.6,MLr_2,2.5955000000000004,Senel et al.: Mw=0.8095 ML+1.3003 (3.3<=ML<=6.6),extrapolada,"Aipe - Huila, Colombia"
SGC,SGC2025iyfjyp,2025-05-07T12:00:41+00:00,2.0,MLr_2,2.9193,Senel et al.: Mw=0.8095 ML+1.3003 (3.3<=ML<=6.6),extrapolada,"Rivera - Huila, Colombia"
SGC,SGC2025iygrat,2025-05-07T12:39:06+00:00,2.8,MLr_2,3.5669,Senel et al.: Mw=0.8095 ML+1.3003 (3.3<=ML<=6.6),extrapolada,"San Vicente del Caguán - Caquetá, Colombia"
SGC,SGC2025jgxrst,2025-05-12T05:48:38+00:00,1.9,MLr_2,2.83835,Senel et al.: Mw=0.8095 ML+1.3003 (3.3<=ML<=6.6),extrapolada,"Algeciras - Huila, Colombia"
SGC,SGC2025jkndjc,2025-05-14T04:48:06+00:00,1.8,MLr_2,2.7574,Senel et al.: Mw=0.8095 ML+1.3003 (3.3<=ML<=6.6),extrapolada,"Santa María - Huila, Colombia"
SGC,SGC2025jrnvls,2025-05-18T00:40:28+00:00,2.4,MLr_2,3.2431,Senel et al.: Mw=0.8095 ML+1.3003 (3.3<=ML<=6.6),extrapolada,"San Vicente del Caguán - Caquetá, Colombia"
SGC,SGC2025kaunlo,2025-05-23T01:42:39+00:00,1.6,MLr_2,2.5955000000000004,Senel et al.: Mw=0.8095 ML+1.3003 (3.3<=ML<=6.6),extrapolada,"Campoalegre - Huila, Colombia"
SGC,SGC2025kginfb,2025-05-26T02:07:10+00:00,1.6,MLr_2,2.5955000000000004,Senel et al.: Mw=0.8095 ML+1.3003 (3.3<=ML<=6.6),extrapolada,"San Vicente del Caguán - Caquetá, Colombia"
SGC,SGC2025kmpwkf,2025-05-29T12:15:51+00:00,1.8,MLr_2,2.7574,Senel et al.: Mw=0.8095 ML+1.3003 (3.3<=ML<=6.6),extrapolada,"Santa María - Huila, Colombia"
SGC,SGC2025kvnnbh,2025-06-03T08:45:03+00:00,2.0,MLr_2,2.9193,Senel et al.: Mw=0.8095 ML+1.3003 (3.3<=ML<=6.6),extrapolada,"San Vicente del Caguán - Caquetá, Colombia"
SGC,SGC2025kzrrsz,2025-06-05T15:08:58+00:00,1.6,MLr_2,2.5955000000000004,Senel et al.: Mw=0.8095 ML+1.3003 (3.3<=ML<=6.6),extrapolada,"Aipe - Huila, Colombia"
SGC,SGC2025labrvc,2025-06-05T20:10:50+00:00,2.6,MLr_2,3.405,Senel et al.: Mw=0.8095 ML+1.3003 (3.3<=ML<=6.6),extrapolada,"San Vicente del Caguán - Caquetá, Colombia"
SGC,SGC2025lavxum,2025-06-06T06:21:12+00:00,2.0,MLr_2,2.9193,Senel et al.: Mw=0.8095 ML+1.3003 (3.3<=ML<=6.6),extrapolada,"Teruel - Huila, Colombia"
SGC,SGC2025leiqej,2025-06-08T03:58:13+00:00,1.2,MLr_2,2.2717,Senel et al.: Mw=0.8095 ML+1.3003 (3.3<=ML<=6.6),extrapolada,"Campoalegre - Huila, Colombia"
SGC,SGC2025llcvie,2025-06-11T20:34:16+00:00,1.6,MLr_2,2.5955000000000004,Senel et al.: Mw=0.8095 ML+1.3003 (3.3<=ML<=6.6),extrapolada,"Uribe - Meta, Colombia"
SGC,SGC2025lliflc,2025-06-11T23:16:53+00:00,1.4,MLr_2,2.4336,Senel et al.: Mw=0.8095 ML+1.3003 (3.3<=ML<=6.6),extrapolada,"San Vicente del Caguán - Caquetá, Colombia"
SGC,SGC2025lpwyya,2025-06-14T10:59:49+00:00,1.5,MLr_2,2.51455,Senel et al.: Mw=0.8095 ML+1.3003 (3.3<=ML<=6.6),extrapolada,"San Vicente del Caguán - Caquetá, Colombia"
SGC,SGC2025lsyxau,2025-06-16T03:11:23+00:00,1.4,MLr_2,2.4336,Senel et al.: Mw=0.8095 ML+1.3003 (3.3<=ML<=6.6),extrapolada,"San Vicente del Caguán - Caquetá, Colombia"
SGC,SGC2025lvgdze,2025-06-17T08:59:29+00:00,1.8,MLr_2,2.7574,Senel et al.: Mw=0.8095 ML+1.3003 (3.3<=ML<=6.6),extrapolada,"Aipe - Huila, Colombia"
SGC,SGC2025lyvsvd,2025-06-19T08:02:51+00:00,1.8,MLr_2,2.7574,Senel et al.: Mw=0.8095 ML+1.3003 (3.3<=ML<=6.6),extrapolada,"San Vicente del Caguán - Caquetá, Colombia"
SGC,SGC2025mfiohi,2025-06-22T20:56:40+00:00,1.6,MLr_2,2.5955000000000004,Senel et al.: Mw=0.8095 ML+1.3003 (3.3<=ML<=6.6),extrapolada,"San Vicente del Caguán - Caquetá, Colombia"
SGC,SGC2025mhcgxa,2025-06-23T19:56:00+00:00,1.4,MLr_2,2.4336,Senel et al.: Mw=0.8095 ML+1.3003 (3.3<=ML<=6.6),extrapolada,"San Vicente del Caguán - Caquetá, Colombia"
SGC,SGC2025mjviqm,2025-06-25T07:40:14+00:00,1.9,MLr_2,2.83835,Senel et al.: Mw=0.8095 ML+1.3003 (3.3<=ML<=6.6),extrapolada,"San Vicente del Caguán - Caquetá, Colombia"
SGC,SGC2025mlqnsg,2025-06-26T07:24:13+00:00,1.3,MLr_2,2.35265,Senel et al.: Mw=0.8095 ML+1.3003 (3.3<=ML<=6.6),extrapolada,"Campoalegre - Huila, Colombia"
SGC,SGC2025mrdxnk,2025-06-29T07:30:14+00:00,1.3,MLr_2,2.35265,Senel et al.: Mw=0.8095 ML+1.3003 (3.3<=ML<=6.6),extrapolada,"San Vicente del Caguán - Caquetá, Colombia"
SGC,SGC2025mtlfcu,2025-06-30T13:19:10+00:00,1.9,MLr_2,2.83835,Senel et al.: Mw=0.8095 ML+1.3003 (3.3<=ML<=6.6),extrapolada,"Uribe - Meta, Colombia"
SGC,SGC2025ncptsx,2025-07-05T13:17:47+00:00,2.4,MLr_2,3.2431,Senel et al.: Mw=0.8095 ML+1.3003 (3.3<=ML<=6.6),extrapolada,"San Vicente del Caguán - Caquetá, Colombia"
SGC,SGC2025ngybfl,2025-07-07T21:45:04+00:00,1.9,MLr_2,2.83835,Senel et al.: Mw=0.8095 ML+1.3003 (3.3<=ML<=6.6),extrapolada,"Neiva - Huila, Colombia"
SGC,SGC2025nlgqja,2025-07-10T06:21:55+00:00,1.7,MLr_2,2.67645,Senel et al.: Mw=0.8095 ML+1.3003 (3.3<=ML<=6.6),extrapolada,"San Vicente del Caguán - Caquetá, Colombia"
SGC,SGC2025nviole,2025-07-15T18:04:48+00:00,1.5,MLr_2,2.51455,Senel et al.: Mw=0.8095 ML+1.3003 (3.3<=ML<=6.6),extrapolada,"San Vicente del Caguán - Caquetá, Colombia"
SGC,SGC2025obsypo,2025-07-19T05:45:10+00:00,2.2,MLr_2,3.0812,Senel et al.: Mw=0.8095 ML+1.3003 (3.3<=ML<=6.6),extrapolada,"San Vicente del Caguán - Caquetá, Colombia"
SGC,SGC2025ohhtso,2025-07-22T06:34:28+00:00,1.2,MLr_2,2.2717,Senel et al.: Mw=0.8095 ML+1.3003 (3.3<=ML<=6.6),extrapolada,"Campoalegre - Huila, Colombia"
SGC,SGC2025ojynew,2025-07-23T17:08:46+00:00,1.5,MLr_2,2.51455,Senel et al.: Mw=0.8095 ML+1.3003 (3.3<=ML<=6.6),extrapolada,"Puerto Rico - Caquetá, Colombia"
SGC,SGC2025okstvq,2025-07-24T03:19:55+00:00,2.3,MLr_2,3.16215,Senel et al.: Mw=0.8095 ML+1.3003 (3.3<=ML<=6.6),extrapolada,"Algeciras - Huila, Colombia"
SGC,SGC2025oshzjg,2025-07-28T06:30:10+00:00,2.1,MLr_2,3.0002500000000003,Senel et al.: Mw=0.8095 ML+1.3003 (3.3<=ML<=6.6),extrapolada,"Tello - Huila, Colombia"
SGC,SGC2025oubhbd,2025-07-29T05:16:55+00:00,1.5,MLr_2,2.51455,Senel et al.: Mw=0.8095 ML+1.3003 (3.3<=ML<=6.6),extrapolada,"San Vicente del Caguán - Caquetá, Colombia"
SGC,SGC2025pbiaql,2025-08-02T04:12:02+00:00,1.4,MLr_2,2.4336,Senel et al.: Mw=0.8095 ML+1.3003 (3.3<=ML<=6.6),extrapolada,"San Vicente del Caguán - Caquetá, Colombia"
SGC,SGC2025pgxiys,2025-08-05T05:16:36+00:00,1.8,MLr_2,2.7574,Senel et al.: Mw=0.8095 ML+1.3003 (3.3<=ML<=6.6),extrapolada,"San Vicente del Caguán - Caquetá, Colombia"
SGC,SGC2025pjzdgl,2025-08-06T21:23:27+00:00,1.6,MLr_2,2.5955000000000004,Senel et al.: Mw=0.8095 ML+1.3003 (3.3<=ML<=6.6),extrapolada,"Algeciras - Huila, Colombia"
SGC,SGC2025pohqhl,2025-08-09T05:58:10+00:00,2.5,MLr_2,3.32405,Senel et al.: Mw=0.8095 ML+1.3003 (3.3<=ML<=6.6),extrapolada,"Campoalegre - Huila, Colombia"
SGC,SGC2025pvyzwq,2025-08-13T10:13:25+00:00,2.3,MLr_2,3.16215,Senel et al.: Mw=0.8095 ML+1.3003 (3.3<=ML<=6.6),extrapolada,"San Vicente del Caguán - Caquetá, Colombia"
SGC,SGC2025pxqhvi,2025-08-14T08:00:11+00:00,1.8,MLr_2,2.7574,Senel et al.: Mw=0.8095 ML+1.3003 (3.3<=ML<=6.6),extrapolada,"Uribe - Meta, Colombia"
SGC,SGC2025qazxrq,2025-08-16T04:07:23+00:00,1.4,MLr_2,2.4336,Senel et al.: Mw=0.8095 ML+1.3003 (3.3<=ML<=6.6),extrapolada,"San Vicente del Caguán - Caquetá, Colombia"
SGC,SGC2025qdfvuk,2025-08-17T09:11:20+00:00,2.1,MLr_2,3.0002500000000003,Senel et al.: Mw=0.8095 ML+1.3003 (3.3<=ML<=6.6),extrapolada,"Aipe - Huila, Colombia"
SGC,SGC2025qkbegb,2025-08-21T02:21:36+00:00,1.5,MLr_2,2.51455,Senel et al.: Mw=0.8095 ML+1.3003 (3.3<=ML<=6.6),extrapolada,"Rivera - Huila, Colombia"
SGC,SGC2025qkbyae,2025-08-21T02:44:33+00:00,2.4,MLr_2,3.2431,Senel et al.: Mw=0.8095 ML+1.3003 (3.3<=ML<=6.6),extrapolada,"Rivera - Huila, Colombia"
SGC,SGC2025qkemjc,2025-08-21T04:01:33+00:00,2.0,MLr_2,2.9193,Senel et al.: Mw=0.8095 ML+1.3003 (3.3<=ML<=6.6),extrapolada,"San Vicente del Caguán - Caquetá, Colombia"
SGC,SGC2025rgltqm,2025-09-02T07:19:41+00:00,2.3,MLr_2,3.16215,Senel et al.: Mw=0.8095 ML+1.3003 (3.3<=ML<=6.6),extrapolada,"Neiva - Huila, Colombia"
SGC,SGC2025rhnqch,2025-09-02T21:20:26+00:00,2.2,MLr_2,3.0812,Senel et al.: Mw=0.8095 ML+1.3003 (3.3<=ML<=6.6),extrapolada,"San Vicente del Caguán - Caquetá, Colombia"
SGC,SGC2025rhvera,2025-09-03T01:08:29+00:00,1.2,MLr_2,2.2717,Senel et al.: Mw=0.8095 ML+1.3003 (3.3<=ML<=6.6),extrapolada,"San Vicente del Caguán - Caquetá, Colombia"
SGC,SGC2025rjibya,2025-09-03T20:42:02+00:00,1.8,MLr_2,2.7574,Senel et al.: Mw=0.8095 ML+1.3003 (3.3<=ML<=6.6),extrapolada,"San Vicente del Caguán - Caquetá, Colombia"
SGC,SGC2025rpcele,2025-09-07T00:10:42+00:00,1.6,MLr_2,2.5955000000000004,Senel et al.: Mw=0.8095 ML+1.3003 (3.3<=ML<=6.6),extrapolada,"San Vicente del Caguán - Caquetá, Colombia"
SGC,SGC2025rpinkh,2025-09-07T03:22:12+00:00,1.3,MLr_2,2.35265,Senel et al.: Mw=0.8095 ML+1.3003 (3.3<=ML<=6.6),extrapolada,"San Vicente del Caguán - Caquetá, Colombia"
SGC,SGC2025ruzsyc,2025-09-10T05:23:55+00:00,1.4,MLr_2,2.4336,Senel et al.: Mw=0.8095 ML+1.3003 (3.3<=ML<=6.6),extrapolada,"San Vicente del Caguán - Caquetá, Colombia"
SGC,SGC2025rvekuc,2025-09-10T07:45:18+00:00,2.1,MLr_2,3.0002500000000003,Senel et al.: Mw=0.8095 ML+1.3003 (3.3<=ML<=6.6),extrapolada,"Algeciras - Huila, Colombia"
SGC,SGC2025sadtpa,2025-09-13T00:47:43+00:00,2.0,MLr_2,2.9193,Senel et al.: Mw=0.8095 ML+1.3003 (3.3<=ML<=6.6),extrapolada,"San Vicente del Caguán - Caquetá, Colombia"
SGC,SGC2025sfqngg,2025-09-16T00:35:00+00:00,1.1,MLr_2,2.19075,Senel et al.: Mw=0.8095 ML+1.3003 (3.3<=ML<=6.6),extrapolada,"Villavieja - Huila, Colombia"
SGC,SGC2025sjulwc,2025-09-18T06:52:12+00:00,1.3,MLr_2,2.35265,Senel et al.: Mw=0.8095 ML+1.3003 (3.3<=ML<=6.6),extrapolada,"San Vicente del Caguán - Caquetá, Colombia"
SGC,SGC2025spifmb,2025-09-21T07:09:22+00:00,1.1,MLr_2,2.19075,Senel et al.: Mw=0.8095 ML+1.3003 (3.3<=ML<=6.6),extrapolada,"Hobo - Huila, Colombia"
SGC,SGC2025ssssmf,2025-09-23T03:39:35+00:00,1.4,MLr_2,2.4336,Senel et al.: Mw=0.8095 ML+1.3003 (3.3<=ML<=6.6),extrapolada,"San Vicente del Caguán - Caquetá, Colombia"
SGC,SGC2025svbamv,2025-09-24T09:59:14+00:00,2.0,MLr_2,2.9193,Senel et al.: Mw=0.8095 ML+1.3003 (3.3<=ML<=6.6),extrapolada,"Villavieja - Huila, Colombia"
SGC,SGC2025sxxwec,2025-09-25T23:37:06+00:00,2.6,MLr_2,3.405,Senel et al.: Mw=0.8095 ML+1.3003 (3.3<=ML<=6.6),extrapolada,"Campoalegre - Huila, Colombia"
SGC,SGC2025szzajl,2025-09-27T02:21:07+00:00,1.1,MLr_2,2.19075,Senel et al.: Mw=0.8095 ML+1.3003 (3.3<=ML<=6.6),extrapolada,"San Vicente del Caguán - Caquetá, Colombia"
SGC,SGC2025tiakvi,2025-10-01T11:39:13+00:00,2.0,MLr_2,2.9193,Senel et al.: Mw=0.8095 ML+1.3003 (3.3<=ML<=6.6),extrapolada,"Algeciras - Huila, Colombia"
SGC,SGC2025tlcepj,2025-10-03T03:45:46+00:00,2.2,MLr_2,3.0812,Senel et al.: Mw=0.8095 ML+1.3003 (3.3<=ML<=6.6),extrapolada,"San Vicente del Caguán - Caquetá, Colombia"
SGC,SGC2025tngzwf,2025-10-04T08:20:06+00:00,2.0,MLr_2,2.9193,Senel et al.: Mw=0.8095 ML+1.3003 (3.3<=ML<=6.6),extrapolada,"San Vicente del Caguán - Caquetá, Colombia"
SGC,SGC2025tnzano,2025-10-04T17:23:58+00:00,2.9,MLr_2,3.64785,Senel et al.: Mw=0.8095 ML+1.3003 (3.3<=ML<=6.6),extrapolada,"San Vicente del Caguán - Caquetá, Colombia"
SGC,SGC2025tqqqsl,2025-10-06T04:24:35+00:00,1.1,MLr_2,2.19075,Senel et al.: Mw=0.8095 ML+1.3003 (3.3<=ML<=6.6),extrapolada,"Campoalegre - Huila, Colombia"
SGC,SGC2025trduui,2025-10-06T11:01:34+00:00,1.5,MLr_2,2.51455,Senel et al.: Mw=0.8095 ML+1.3003 (3.3<=ML<=6.6),extrapolada,"Algeciras - Huila, Colombia"
SGC,SGC2025trpckc,2025-10-06T16:42:01+00:00,1.5,MLr_2,2.51455,Senel et al.: Mw=0.8095 ML+1.3003 (3.3<=ML<=6.6),extrapolada,"San Vicente del Caguán - Caquetá, Colombia"
SGC,SGC2025twdimu,2025-10-09T04:09:43+00:00,2.2,MLr_2,3.0812,Senel et al.: Mw=0.8095 ML+1.3003 (3.3<=ML<=6.6),extrapolada,"Hobo - Huila, Colombia"
SGC,SGC2025txaucm,2025-10-09T15:57:06+00:00,1.4,MLr_2,2.4336,Senel et al.: Mw=0.8095 ML+1.3003 (3.3<=ML<=6.6),extrapolada,"Santa María - Huila, Colombia"
SGC,SGC2025tzxuqw,2025-10-11T05:40:40+00:00,2.2,MLr_2,3.0812,Senel et al.: Mw=0.8095 ML+1.3003 (3.3<=ML<=6.6),extrapolada,"San Vicente del Caguán - Caquetá, Colombia"
SGC,SGC2025uhhovg,2025-10-15T06:06:57+00:00,2.0,MLr_2,2.9193,Senel et al.: Mw=0.8095 ML+1.3003 (3.3<=ML<=6.6),extrapolada,"Íquira - Huila, Colombia"
SGC,SGC2025ukzeco,2025-10-17T06:11:01+00:00,1.2,MLr_2,2.2717,Senel et al.: Mw=0.8095 ML+1.3003 (3.3<=ML<=6.6),extrapolada,"Hobo - Huila, Colombia"
SGC,SGC2025uplzoz,2025-10-19T16:55:56+00:00,1.5,MLr_2,2.51455,Senel et al.: Mw=0.8095 ML+1.3003 (3.3<=ML<=6.6),extrapolada,"Campoalegre - Huila, Colombia"
SGC,SGC2025uvubxc,2025-10-23T03:26:50+00:00,1.5,MLr_2,2.51455,Senel et al.: Mw=0.8095 ML+1.3003 (3.3<=ML<=6.6),extrapolada,"Planadas - Tolima, Colombia"
SGC,SGC2025uxwsdh,2025-10-24T06:54:54+00:00,1.3,MLr_2,2.35265,Senel et al.: Mw=0.8095 ML+1.3003 (3.3<=ML<=6.6),extrapolada,"Hobo - Huila, Colombia"
SGC,SGC2025vagbry,2025-10-25T13:46:34+00:00,1.4,MLr_2,2.4336,Senel et al.: Mw=0.8095 ML+1.3003 (3.3<=ML<=6.6),extrapolada,"Rivera - Huila, Colombia"
SGC,SGC2025vardmy,2025-10-25T19:21:30+00:00,1.6,MLr_2,2.5955000000000004,Senel et al.: Mw=0.8095 ML+1.3003 (3.3<=ML<=6.6),extrapolada,"Uribe - Meta, Colombia"
SGC,SGC2025vguhbb,2025-10-29T03:22:03+00:00,1.3,MLr_2,2.35265,Senel et al.: Mw=0.8095 ML+1.3003 (3.3<=ML<=6.6),extrapolada,"Santa María - Huila, Colombia"
SGC,SGC2025vljpfw,2025-10-31T15:22:02+00:00,1.5,MLr_2,2.51455,Senel et al.: Mw=0.8095 ML+1.3003 (3.3<=ML<=6.6),extrapolada,"San Vicente del Caguán - Caquetá, Colombia"
SGC,SGC2025vsafkp,2025-11-04T06:10:26+00:00,1.7,MLr_2,2.67645,Senel et al.: Mw=0.8095 ML+1.3003 (3.3<=ML<=6.6),extrapolada,"San Vicente del Caguán - Caquetá, Colombia"
SGC,SGC2025vtjoqm,2025-11-04T23:57:12+00:00,1.9,MLr_2,2.83835,Senel et al.: Mw=0.8095 ML+1.3003 (3.3<=ML<=6.6),extrapolada,"San Vicente del Caguán - Caquetá, Colombia"
SGC,SGC2025vzyvpb,2025-11-08T14:04:39+00:00,1.9,MLr_2,2.83835,Senel et al.: Mw=0.8095 ML+1.3003 (3.3<=ML<=6.6),extrapolada,"Hobo - Huila, Colombia"
SGC,SGC2025wbolca,2025-11-09T10:59:40+00:00,1.4,MLr_2,2.4336,Senel et al.: Mw=0.8095 ML+1.3003 (3.3<=ML<=6.6),extrapolada,"Campoalegre - Huila, Colombia"
SGC,SGC2025wejfag,2025-11-10T23:35:31+00:00,1.6,MLr_2,2.5955000000000004,Senel et al.: Mw=0.8095 ML+1.3003 (3.3<=ML<=6.6),extrapolada,"San Vicente del Caguán - Caquetá, Colombia"
SGC,SGC2025whaniq,2025-11-12T10:26:45+00:00,2.1,MLr_2,3.0002500000000003,Senel et al.: Mw=0.8095 ML+1.3003 (3.3<=ML<=6.6),extrapolada,"San Vicente del Caguán - Caquetá, Colombia"
SGC,SGC2025wtzswk,2025-11-19T12:01:11+00:00,1.5,MLr_2,2.51455,Senel et al.: Mw=0.8095 ML+1.3003 (3.3<=ML<=6.6),extrapolada,"San Vicente del Caguán - Caquetá, Colombia"
SGC,SGC2025xjqipt,2025-11-28T00:29:20+00:00,1.3,MLr_2,2.35265,Senel et al.: Mw=0.8095 ML+1.3003 (3.3<=ML<=6.6),extrapolada,"San Vicente del Caguán - Caquetá, Colombia"
SGC,SGC2025xmmgww,2025-11-29T13:40:27+00:00,1.5,MLr_2,2.51455,Senel et al.: Mw=0.8095 ML+1.3003 (3.3<=ML<=6.6),extrapolada,"Hobo - Huila, Colombia"
SGC,SGC2025xmsipc,2025-11-29T16:43:03+00:00,2.0,MLr_2,2.9193,Senel et al.: Mw=0.8095 ML+1.3003 (3.3<=ML<=6.6),extrapolada,"Hobo - Huila, Colombia"
SGC,SGC2025xrysve,2025-12-02T13:18:47+00:00,1.9,MLr_2,2.83835,Senel et al.: Mw=0.8095 ML+1.3003 (3.3<=ML<=6.6),extrapolada,"San Vicente del Caguán - Caquetá, Colombia"
SGC,SGC2025xvyzey,2025-12-04T17:43:38+00:00,1.6,MLr_2,2.5955000000000004,Senel et al.: Mw=0.8095 ML+1.3003 (3.3<=ML<=6.6),extrapolada,"Hobo - Huila, Colombia"
SGC,SGC2025xyyoox,2025-12-06T08:44:46+00:00,1.1,MLr_2,2.19075,Senel et al.: Mw=0.8095 ML+1.3003 (3.3<=ML<=6.6),extrapolada,"San Vicente del Caguán - Caquetá, Colombia"
SGC,SGC2025xzjiyv,2025-12-06T14:10:07+00:00,1.6,MLr_2,2.5955000000000004,Senel et al.: Mw=0.8095 ML+1.3003 (3.3<=ML<=6.6),extrapolada,"Campoalegre - Huila, Colombia"
SGC,SGC2025ycqzvr,2025-12-08T09:14:21+00:00,1.4,MLr_2,2.4336,Senel et al.: Mw=0.8095 ML+1.3003 (3.3<=ML<=6.6),extrapolada,"Algeciras - Huila, Colombia"
SGC,SGC2025ydacyq,2025-12-08T13:49:32+00:00,2.7,MLr_2,3.4859500000000003,Senel et al.: Mw=0.8095 ML+1.3003 (3.3<=ML<=6.6),extrapolada,"Tello - Huila, Colombia"
SGC,SGC2025yexmss,2025-12-09T14:39:18+00:00,1.4,MLr_2,2.4336,Senel et al.: Mw=0.8095 ML+1.3003 (3.3<=ML<=6.6),extrapolada,"San Vicente del Caguán - Caquetá, Colombia"
SGC,SGC2025yhcnwa,2025-12-10T19:20:24+00:00,2.0,MLr_2,2.9193,Senel et al.: Mw=0.8095 ML+1.3003 (3.3<=ML<=6.6),extrapolada,"Santa María - Huila, Colombia"
SGC,SGC2025ynauib,2025-12-14T00:54:26+00:00,1.2,MLr_2,2.2717,Senel et al.: Mw=0.8095 ML+1.3003 (3.3<=ML<=6.6),extrapolada,"Rivera - Huila, Colombia"
SGC,SGC2025ynlqpa,2025-12-14T06:21:59+00:00,1.6,MLr_2,2.5955000000000004,Senel et al.: Mw=0.8095 ML+1.3003 (3.3<=ML<=6.6),extrapolada,"San Vicente del Caguán - Caquetá, Colombia"
SGC,SGC2025yptdmu,2025-12-15T12:17:16+00:00,1.7,MLr_2,2.67645,Senel et al.: Mw=0.8095 ML+1.3003 (3.3<=ML<=6.6),extrapolada,"San Vicente del Caguán - Caquetá, Colombia"
SGC,SGC2025ytaemr,2025-12-17T07:02:55+00:00,1.6,MLr_2,2.5955000000000004,Senel et al.: Mw=0.8095 ML+1.3003 (3.3<=ML<=6.6),extrapolada,"Villavieja - Huila, Colombia"
SGC,SGC2025yucmvf,2025-12-17T21:17:24+00:00,1.7,MLr_2,2.67645,Senel et al.: Mw=0.8095 ML+1.3003 (3.3<=ML<=6.6),extrapolada,"San Vicente del Caguán - Caquetá, Colombia"
SGC,SGC2025zhhktm,2025-12-25T01:44:02+00:00,1.2,MLr_2,2.2717,Senel et al.: Mw=0.8095 ML+1.3003 (3.3<=ML<=6.6),extrapolada,"Campoalegre - Huila, Colombia"
SGC,SGC2025zosynr,2025-12-29T03:03:16+00:00,1.0,MLr_2,2.1098,Senel et al.: Mw=0.8095 ML+1.3003 (3.3<=ML<=6.6),extrapolada,"San Vicente del Caguán - Caquetá, Colombia"
SGC,SGC2025zpcmis,2025-12-29T07:50:49+00:00,2.0,MLr_2,2.9193,Senel et al.: Mw=0.8095 ML+1.3003 (3.3<=ML<=6.6),extrapolada,"San Vicente del Caguán - Caquetá, Colombia"
SGC,SGC2025ztpzkd,2025-12-31T18:56:06+00:00,1.7,MLr_2,2.67645,Senel et al.: Mw=0.8095 ML+1.3003 (3.3<=ML<=6.6),extrapolada,"Uribe - Meta, Colombia"
SGC,SGC2025ztrqay,2025-12-31T19:45:37+00:00,2.3,MLr_2,3.16215,Senel et al.: Mw=0.8095 ML+1.3003 (3.3<=ML<=6.6),extrapolada,"San Vicente del Caguán - Caquetá, Colombia"
SGC,SGC2026akqyjx,2026-01-06T19:15:46+00:00,1.4,MLr_2,2.4336,Senel et al.: Mw=0.8095 ML+1.3003 (3.3<=ML<=6.6),extrapolada,"Hobo - Huila, Colombia"
SGC,SGC2026akxyob,2026-01-06T22:47:11+00:00,1.3,MLr_2,2.35265,Senel et al.: Mw=0.8095 ML+1.3003 (3.3<=ML<=6.6),extrapolada,"San Vicente del Caguán - Caquetá, Colombia"
SGC,SGC2026ambdgg,2026-01-07T13:27:37+00:00,1.8,MLr_2,2.7574,Senel et al.: Mw=0.8095 ML+1.3003 (3.3<=ML<=6.6),extrapolada,"Aipe - Huila, Colombia"
SGC,SGC2026ancyvq,2026-01-08T03:27:20+00:00,1.2,MLr_2,2.2717,Senel et al.: Mw=0.8095 ML+1.3003 (3.3<=ML<=6.6),extrapolada,"San Vicente del Caguán - Caquetá, Colombia"
SGC,SGC2026atakby,2026-01-11T08:36:42+00:00,1.9,MLr_2,2.83835,Senel et al.: Mw=0.8095 ML+1.3003 (3.3<=ML<=6.6),extrapolada,"Campoalegre - Huila, Colombia"
SGC,SGC2026azjyxe,2026-01-14T19:52:44+00:00,1.9,MLr_2,2.83835,Senel et al.: Mw=0.8095 ML+1.3003 (3.3<=ML<=6.6),extrapolada,"Yaguará - Huila, Colombia"
SGC,SGC2026bejtnt,2026-01-17T13:08:23+00:00,2.3,MLr_2,3.16215,Senel et al.: Mw=0.8095 ML+1.3003 (3.3<=ML<=6.6),extrapolada,"Campoalegre - Huila, Colombia"
SGC,SGC2026bhtods,2026-01-19T09:17:20+00:00,1.3,MLr_2,2.35265,Senel et al.: Mw=0.8095 ML+1.3003 (3.3<=ML<=6.6),extrapolada,"San Vicente del Caguán - Caquetá, Colombia"
SGC,SGC2026blurli,2026-01-21T14:09:14+00:00,1.9,MLr_2,2.83835,Senel et al.: Mw=0.8095 ML+1.3003 (3.3<=ML<=6.6),extrapolada,"Algeciras - Huila, Colombia"
SGC,SGC2026bnaskb,2026-01-22T06:15:52+00:00,1.5,MLr_2,2.51455,Senel et al.: Mw=0.8095 ML+1.3003 (3.3<=ML<=6.6),extrapolada,"San Vicente del Caguán - Caquetá, Colombia"
SGC,SGC2026bnmprp,2026-01-22T12:14:46+00:00,1.3,MLr_2,2.35265,Senel et al.: Mw=0.8095 ML+1.3003 (3.3<=ML<=6.6),extrapolada,"Íquira - Huila, Colombia"
SGC,SGC2026bqkocz,2026-01-24T02:26:03+00:00,2.0,MLr_2,2.9193,Senel et al.: Mw=0.8095 ML+1.3003 (3.3<=ML<=6.6),extrapolada,"Aipe - Huila, Colombia"
SGC,SGC2026btjnhn,2026-01-25T17:08:02+00:00,1.3,MLr_2,2.35265,Senel et al.: Mw=0.8095 ML+1.3003 (3.3<=ML<=6.6),extrapolada,"Campoalegre - Huila, Colombia"
SGC,SGC2026bukoog,2026-01-26T06:44:18+00:00,1.3,MLr_2,2.35265,Senel et al.: Mw=0.8095 ML+1.3003 (3.3<=ML<=6.6),extrapolada,"Algeciras - Huila, Colombia"
SGC,SGC2026ccquvy,2026-01-30T18:28:36+00:00,1.3,MLr_2,2.35265,Senel et al.: Mw=0.8095 ML+1.3003 (3.3<=ML<=6.6),extrapolada,"Algeciras - Huila, Colombia"
SGC,SGC2026cdlthk,2026-01-31T05:00:24+00:00,1.5,MLr_2,2.51455,Senel et al.: Mw=0.8095 ML+1.3003 (3.3<=ML<=6.6),extrapolada,"Algeciras - Huila, Colombia"
SGC,SGC2026ciahwm,2026-02-02T16:37:38+00:00,1.9,MLr_2,2.83835,Senel et al.: Mw=0.8095 ML+1.3003 (3.3<=ML<=6.6),extrapolada,"Campoalegre - Huila, Colombia"
SGC,SGC2026couzuu,2026-02-06T09:28:45+00:00,1.9,MLr_2,2.83835,Senel et al.: Mw=0.8095 ML+1.3003 (3.3<=ML<=6.6),extrapolada,"San Vicente del Caguán - Caquetá, Colombia"
SGC,SGC2026cplvjl,2026-02-06T17:56:31+00:00,1.9,MLr_2,2.83835,Senel et al.: Mw=0.8095 ML+1.3003 (3.3<=ML<=6.6),extrapolada,"Tello - Huila, Colombia"
SGC,SGC2026cpthsc,2026-02-06T21:42:01+00:00,1.6,MLr_2,2.5955000000000004,Senel et al.: Mw=0.8095 ML+1.3003 (3.3<=ML<=6.6),extrapolada,"Villavieja - Huila, Colombia"
SGC,SGC2026cthbby,2026-02-08T19:50:13+00:00,2.4,MLr_2,3.2431,Senel et al.: Mw=0.8095 ML+1.3003 (3.3<=ML<=6.6),extrapolada,"San Vicente del Caguán - Caquetá, Colombia"
SGC,SGC2026dczpcc,2026-02-14T02:49:48+00:00,1.7,MLr_2,2.67645,Senel et al.: Mw=0.8095 ML+1.3003 (3.3<=ML<=6.6),extrapolada,"San Vicente del Caguán - Caquetá, Colombia"
SGC,SGC2026ddcqih,2026-02-14T04:21:47+00:00,1.4,MLr_2,2.4336,Senel et al.: Mw=0.8095 ML+1.3003 (3.3<=ML<=6.6),extrapolada,"San Vicente del Caguán - Caquetá, Colombia"
SGC,SGC2026dgutdt,2026-02-16T04:41:34+00:00,1.6,MLr_2,2.5955000000000004,Senel et al.: Mw=0.8095 ML+1.3003 (3.3<=ML<=6.6),extrapolada,"Neiva - Huila, Colombia"
SGC,SGC2026ebfxeq,2026-02-27T07:47:40+00:00,1.6,MLr_2,2.5955000000000004,Senel et al.: Mw=0.8095 ML+1.3003 (3.3<=ML<=6.6),extrapolada,"San Vicente del Caguán - Caquetá, Colombia"
SGC,SGC2026eirveo,2026-03-03T09:19:52+00:00,1.4,MLr_2,2.4336,Senel et al.: Mw=0.8095 ML+1.3003 (3.3<=ML<=6.6),extrapolada,"Hobo - Huila, Colombia"
SGC,SGC2026enpjwv,2026-03-06T01:27:40+00:00,2.3,MLr_2,3.16215,Senel et al.: Mw=0.8095 ML+1.3003 (3.3<=ML<=6.6),extrapolada,"San Vicente del CaguÃ¡n - CaquetÃ¡, Colombia"
SGC,SGC2026erhixj,2026-03-08T01:43:01+00:00,1.4,MLr_2,2.4336,Senel et al.: Mw=0.8095 ML+1.3003 (3.3<=ML<=6.6),extrapolada,"San Vicente del CaguÃ¡n - CaquetÃ¡, Colombia"
SGC,SGC2026eruuiq,2026-03-08T08:28:32+00:00,1.7,MLr_2,2.67645,Senel et al.: Mw=0.8095 ML+1.3003 (3.3<=ML<=6.6),extrapolada,"Algeciras - Huila, Colombia"
SGC,SGC2026eucrjx,2026-03-09T14:35:26+00:00,1.9,MLr_2,2.83835,Senel et al.: Mw=0.8095 ML+1.3003 (3.3<=ML<=6.6),extrapolada,"Algeciras - Huila, Colombia"
SGC,SGC2026fchuut,2026-03-14T01:46:01+00:00,1.6,MLr_2,2.5955000000000004,Senel et al.: Mw=0.8095 ML+1.3003 (3.3<=ML<=6.6),extrapolada,"Rivera - Huila, Colombia"
SGC,SGC2026folvpd,2026-03-20T16:41:22+00:00,1.2,MLr_2,2.2717,Senel et al.: Mw=0.8095 ML+1.3003 (3.3<=ML<=6.6),extrapolada,"Rivera - Huila, Colombia"
SGC,SGC2026fpjilf,2026-03-21T04:30:25+00:00,1.7,MLr_2,2.67645,Senel et al.: Mw=0.8095 ML+1.3003 (3.3<=ML<=6.6),extrapolada,"San Vicente del Caguán - Caquetá, Colombia"
SGC,SGC2026gdjwxc,2026-03-28T19:49:41+00:00,1.9,MLr_2,2.83835,Senel et al.: Mw=0.8095 ML+1.3003 (3.3<=ML<=6.6),extrapolada,"Villavieja - Huila, Colombia"
SGC,SGC2026gxsgnj,2026-04-08T21:31:45+00:00,3.1,MLr_2,3.80975,Senel et al.: Mw=0.8095 ML+1.3003 (3.3<=ML<=6.6),extrapolada,"San Vicente del Caguán - Caquetá, Colombia"
SGC,SGC2026hbszjz,2026-04-11T02:11:32+00:00,2.0,MLr_2,2.9193,Senel et al.: Mw=0.8095 ML+1.3003 (3.3<=ML<=6.6),extrapolada,"San Vicente del Caguán - Caquetá, Colombia"
SGC,SGC2026hkcani,2026-04-15T15:20:12+00:00,2.0,MLr_2,2.9193,Senel et al.: Mw=0.8095 ML+1.3003 (3.3<=ML<=6.6),extrapolada,"San Vicente del Caguán - Caquetá, Colombia"
SGC,SGC2026hsrfey,2026-04-20T07:33:54+00:00,1.4,MLr_2,2.4336,Senel et al.: Mw=0.8095 ML+1.3003 (3.3<=ML<=6.6),extrapolada,"San Vicente del Caguán - Caquetá, Colombia"
SGC,SGC2026hzlrkh,2026-04-24T00:18:28+00:00,1.3,MLr_2,2.35265,Senel et al.: Mw=0.8095 ML+1.3003 (3.3<=ML<=6.6),extrapolada,"Uribe - Meta, Colombia"
SGC,SGC2026igtgts,2026-04-27T23:38:47+00:00,1.5,MLr_2,2.51455,Senel et al.: Mw=0.8095 ML+1.3003 (3.3<=ML<=6.6),extrapolada,"Rivera - Huila, Colombia"
SGC,SGC2026incokf,2026-05-01T10:46:07+00:00,1.4,MLr_2,2.4336,Senel et al.: Mw=0.8095 ML+1.3003 (3.3<=ML<=6.6),extrapolada,"San Vicente del Caguán - Caquetá, Colombia"
SGC,SGC2026iufkdb,2026-05-05T07:42:59+00:00,1.7,MLr_2,2.67645,Senel et al.: Mw=0.8095 ML+1.3003 (3.3<=ML<=6.6),extrapolada,"Neiva - Huila, Colombia"
SGC,SGC2026iunhmn,2026-05-05T11:41:19+00:00,1.4,MLr_2,2.4336,Senel et al.: Mw=0.8095 ML+1.3003 (3.3<=ML<=6.6),extrapolada,"San Vicente del Caguán - Caquetá, Colombia"
SGC,SGC2026izmtzb,2026-05-08T04:47:58+00:00,1.7,MLr_2,2.67645,Senel et al.: Mw=0.8095 ML+1.3003 (3.3<=ML<=6.6),extrapolada,"San Vicente del Caguán - Caquetá, Colombia"
SGC,SGC2026jvbotq,2026-05-19T22:48:32+00:00,2.3,MLr_2,3.16215,Senel et al.: Mw=0.8095 ML+1.3003 (3.3<=ML<=6.6),extrapolada,"San Vicente del Caguán - Caquetá, Colombia"
SGC,SGC2026jvecxn,2026-05-20T00:05:18+00:00,2.1,MLr_2,3.0002500000000003,Senel et al.: Mw=0.8095 ML+1.3003 (3.3<=ML<=6.6),extrapolada,"San Vicente del Caguán - Caquetá, Colombia"
SGC,SGC2026jxsxoj,2026-05-21T09:40:36+00:00,1.8,MLr_2,2.7574,Senel et al.: Mw=0.8095 ML+1.3003 (3.3<=ML<=6.6),extrapolada,"San Vicente del Caguán - Caquetá, Colombia"
SGC,SGC2026kcprrn,2026-05-24T01:25:38+00:00,1.8,MLr_2,2.7574,Senel et al.: Mw=0.8095 ML+1.3003 (3.3<=ML<=6.6),extrapolada,"Algeciras - Huila, Colombia"
SGC,SGC2026kernpb,2026-05-25T04:30:05+00:00,1.9,MLr_2,2.83835,Senel et al.: Mw=0.8095 ML+1.3003 (3.3<=ML<=6.6),extrapolada,"Baraya - Huila, Colombia"
SGC,SGC2026kmayxl,2026-05-29T04:46:12+00:00,1.9,MLr_2,2.83835,Senel et al.: Mw=0.8095 ML+1.3003 (3.3<=ML<=6.6),extrapolada,"San Vicente del Caguán - Caquetá, Colombia"
SGC,SGC2026kmnxnk,2026-05-29T11:16:50+00:00,1.9,MLr_2,2.83835,Senel et al.: Mw=0.8095 ML+1.3003 (3.3<=ML<=6.6),extrapolada,"Íquira - Huila, Colombia"
SGC,SGC2026lbgxnn,2026-06-06T11:52:46+00:00,1.8,MLr_2,2.7574,Senel et al.: Mw=0.8095 ML+1.3003 (3.3<=ML<=6.6),extrapolada,"Uribe - Meta, Colombia"
SGC,SGC2026ljplhx,2026-06-11T00:45:56+00:00,1.8,MLr_2,2.7574,Senel et al.: Mw=0.8095 ML+1.3003 (3.3<=ML<=6.6),extrapolada,"San Vicente del Caguán - Caquetá, Colombia"
SGC,SGC2026ljunlf,2026-06-11T03:19:16+00:00,1.7,MLr_2,2.67645,Senel et al.: Mw=0.8095 ML+1.3003 (3.3<=ML<=6.6),extrapolada,"San Vicente del Caguán - Caquetá, Colombia"
SGC,SGC2026lpmozq,2026-06-14T05:46:32+00:00,1.3,MLr_2,2.35265,Senel et al.: Mw=0.8095 ML+1.3003 (3.3<=ML<=6.6),extrapolada,"San Vicente del Caguán - Caquetá, Colombia"
SGC,SGC2026lvxyqo,2026-06-17T17:56:29+00:00,2.0,MLr_2,2.9193,Senel et al.: Mw=0.8095 ML+1.3003 (3.3<=ML<=6.6),extrapolada,"Algeciras - Huila, Colombia"
SGC,SGC2026lxxujh,2026-06-18T20:00:28+00:00,1.6,MLr_2,2.5955000000000004,Senel et al.: Mw=0.8095 ML+1.3003 (3.3<=ML<=6.6),extrapolada,"San Vicente del Caguán - Caquetá, Colombia"
SGC,SGC2026mmivss,2026-06-26T16:36:37+00:00,1.7,MLr_2,2.67645,Senel et al.: Mw=0.8095 ML+1.3003 (3.3<=ML<=6.6),extrapolada,"Aipe - Huila, Colombia"
SGC,SGC2026mpitoe,2026-06-28T07:47:31+00:00,2.3,MLr_2,3.16215,Senel et al.: Mw=0.8095 ML+1.3003 (3.3<=ML<=6.6),extrapolada,"Algeciras - Huila, Colombia"
SGC,SGC2026mrfbvw,2026-06-29T08:05:25+00:00,2.0,MLr_2,2.9193,Senel et al.: Mw=0.8095 ML+1.3003 (3.3<=ML<=6.6),extrapolada,"Tello - Huila, Colombia"
SGC,SGC2026nebmqk,2026-07-06T08:15:26+00:00,1.4,MLr_2,2.4336,Senel et al.: Mw=0.8095 ML+1.3003 (3.3<=ML<=6.6),extrapolada,"San Vicente del Caguán - Caquetá, Colombia"
SGC,SGC2026nngjyv,2026-07-11T08:23:28+00:00,3.0,MLr_2,3.7288,Senel et al.: Mw=0.8095 ML+1.3003 (3.3<=ML<=6.6),extrapolada,"San Vicente del Caguán - Caquetá, Colombia"
SGC,SGC2026notilw,2026-07-12T03:58:26+00:00,3.0,MLr_2,3.7288,Senel et al.: Mw=0.8095 ML+1.3003 (3.3<=ML<=6.6),extrapolada,"Neiva - Huila, Colombia"
SGC,SGC2026nqgwph,2026-07-12T23:51:32+00:00,1.4,MLr_2,2.4336,Senel et al.: Mw=0.8095 ML+1.3003 (3.3<=ML<=6.6),extrapolada,"Neiva - Huila, Colombia"
SGC,SGC2026nxbdel,2026-07-16T16:29:28+00:00,1.8,MLr_2,2.7574,Senel et al.: Mw=0.8095 ML+1.3003 (3.3<=ML<=6.6),extrapolada,"Algeciras - Huila, Colombia"
SGC,SGC2026ojvhgu,2026-07-23T15:31:22+00:00,1.9,MLr_2,2.83835,Senel et al.: Mw=0.8095 ML+1.3003 (3.3<=ML<=6.6),extrapolada,"Uribe - Meta, Colombia"
SGC,SGC2026osggcy,2026-07-28T05:37:43+00:00,1.4,MLr_2,2.4336,Senel et al.: Mw=0.8095 ML+1.3003 (3.3<=ML<=6.6),extrapolada,"Algeciras - Huila, Colombia"
SGC,SGC2026osypwl,2026-07-28T14:52:08+00:00,2.4,MLr_2,3.2431,Senel et al.: Mw=0.8095 ML+1.3003 (3.3<=ML<=6.6),extrapolada,"Baraya - Huila, Colombia"
SGC,SGC2026owlsyw,2026-07-30T12:41:25+00:00,1.6,MLr_2,2.5955000000000004,Senel et al.: Mw=0.8095 ML+1.3003 (3.3<=ML<=6.6),extrapolada,"San Vicente del Caguán - Caquetá, Colombia"
SGC,SGC2026pkfsid,2026-08-07T00:42:16+00:00,1.6,MLr_2,2.5955000000000004,Senel et al.: Mw=0.8095 ML+1.3003 (3.3<=ML<=6.6),extrapolada,"Algeciras - Huila, Colombia"
SGC,SGC2026qbiotn,2026-08-16T08:24:44+00:00,1.8,MLr_2,2.7574,Senel et al.: Mw=0.8095 ML+1.3003 (3.3<=ML<=6.6),extrapolada,"Uribe - Meta, Colombia"
SGC,SGC2026qcqtnk,2026-08-17T01:36:06+00:00,1.6,MLr_2,2.5955000000000004,Senel et al.: Mw=0.8095 ML+1.3003 (3.3<=ML<=6.6),extrapolada,"Aipe - Huila, Colombia"
SGC,SGC2026qnyyuh,2026-08-23T05:32:51+00:00,1.3,MLr_2,2.35265,Senel et al.: Mw=0.8095 ML+1.3003 (3.3<=ML<=6.6),extrapolada,"Yaguará - Huila, Colombia"
SGC,SGC2026qogodz,2026-08-23T09:21:54+00:00,1.3,MLr_2,2.35265,Senel et al.: Mw=0.8095 ML+1.3003 (3.3<=ML<=6.6),extrapolada,"San Vicente del Caguán - Caquetá, Colombia"
SGC,SGC2026rdvjmd,2026-08-31T20:56:09+00:00,2.0,MLr_2,2.9193,Senel et al.: Mw=0.8095 ML+1.3003 (3.3<=ML<=6.6),extrapolada,"San Vicente del Caguán - Caquetá, Colombia"
SGC,SGC2026rijgnt,2026-09-03T08:13:48+00:00,2.0,MLr_2,2.9193,Senel et al.: Mw=0.8095 ML+1.3003 (3.3<=ML<=6.6),extrapolada,"Baraya - Huila, Colombia"
SGC,SGC2026rpnbev,2026-09-07T05:38:54+00:00,1.3,MLr_2,2.35265,Senel et al.: Mw=0.8095 ML+1.3003 (3.3<=ML<=6.6),extrapolada,"San Vicente del Caguán - Caquetá, Colombia"
SGC,SGC2026scnbdd,2026-09-14T07:36:58+00:00,1.7,MLr_2,2.67645,Senel et al.: Mw=0.8095 ML+1.3003 (3.3<=ML<=6.6),extrapolada,"San Vicente del Caguán - Caquetá, Colombia"
SGC,SGC2026scqpya,2026-09-14T09:24:40+00:00,1.1,MLr_2,2.19075,Senel et al.: Mw=0.8095 ML+1.3003 (3.3<=ML<=6.6),extrapolada,"Baraya - Huila, Colombia"
