fuente,id,fecha_utc,fecha_local,latitude,longitude,depth,magnitude,mag_type,place,status,rms,gap,nst,agency,magnitude_error,latitude_error,longitude_error,depth_error,net,type,horizontalError,depthError,magError,magNst,locationSource,magSource,dmin,magnitude_mw,conversion_relation,conversion_sigma,conversion_status,gk_tiempo_dias,gk_distancia_km,gk_clasificacion,gk_mainshock_id,gk_mainshock_mw
USGS,iscgem829110,1967-11-05T14:23:53.890000Z,,3.075,-74.895,23.9,5.2,mw,"19 km ESE of Baraya, Colombia",reviewed,,,,,,,,,iscgem,earthquake,,17.6,0.2,,iscgem,iscgem,,5.2,directa: mw,0.0,directa,12.000000000000002,24.000000000000004,principal,,
USGS,iscgem827722,1968-01-28T01:50:47.330000Z,,2.916,-74.943,51.5,5.19,mw,"27 km SE of Tello, Colombia",reviewed,,,,,,,,,iscgem,earthquake,,5.2,0.2,,iscgem,iscgem,,5.19,directa: mw,0.0,directa,11.900000000000004,23.800000000000008,principal,,
USGS,usp00003v4,1973-10-18T09:18:32.600000Z,,2.968,-74.86,42.0,5.2,mb,"29 km SE of Baraya, Colombia",reviewed,,,,,,,,,us,earthquake,,,,,us,us,,5.44,Scordilis: Mw=0.85 mb+1.02 (3.5<=mb<=6.2),0.29,dentro_de_rango,14.400000000000004,28.800000000000008,principal,,
USGS,usp000091y,1974-12-08T14:54:34.600000Z,,2.774,-75.283,86.0,4.6,mb,"2 km W of Rivera, Colombia",reviewed,,,,,,,,,us,earthquake,,,,,us,us,,4.93,Scordilis: Mw=0.85 mb+1.02 (3.5<=mb<=6.2),0.29,dentro_de_rango,9.439999999999998,19.299999999999997,principal,,
USGS,usp0000aeb,1975-03-31T01:42:32.300000Z,,2.852,-75.367,83.0,4.0,mb,"8 km ESE of Palermo, Colombia",reviewed,,,,,,,,,us,earthquake,,,,,us,us,,4.42,Scordilis: Mw=0.85 mb+1.02 (3.5<=mb<=6.2),0.29,dentro_de_rango,5.68,14.2,principal,,
USGS,usp0003c1q,1988-01-14T04:48:42.580000Z,,2.747,-75.084,33.0,3.7,md,"19 km E of Rivera, Colombia",reviewed,0.7,,,,,,,,us,earthquake,,,,,us,uvc,,4.28239,Senel et al.: Mw=0.7947 Md+1.3420 (3.5<=Md<=7.4),,dentro_de_rango,5.1295600000000015,12.823900000000004,principal,,
USGS,usp0003cay,1988-01-23T15:10:47.130000Z,,2.983,-75.671,10.0,3.5,md,"4 km NNW of Santa María, Colombia",reviewed,0.2,,,,,,,,us,earthquake,,,,,us,uvc,,4.12345,Senel et al.: Mw=0.7947 Md+1.3420 (3.5<=Md<=7.4),,dentro_de_rango,4.4938,11.2345,principal,,
USGS,usp0004g2g,1990-10-23T09:13:04.240000Z,,3.12,-75.282,33.0,4.2,mb,"12 km SSW of Aipe, Colombia",reviewed,1.5,,,,,,,,us,earthquake,,,,2.0,us,us,,4.59,Scordilis: Mw=0.85 mb+1.02 (3.5<=mb<=6.2),0.29,dentro_de_rango,6.719999999999999,15.899999999999999,principal,,
USGS,usp0004k36,1991-01-02T01:42:30.790000Z,,2.889,-74.863,33.0,3.7,md,"36 km SE of Baraya, Colombia",reviewed,0.6,,,,,,,,us,earthquake,,,,,us,uvc,,4.28239,Senel et al.: Mw=0.7947 Md+1.3420 (3.5<=Md<=7.4),,dentro_de_rango,5.1295600000000015,12.823900000000004,principal,,
USGS,usp0004kde,1991-01-08T15:41:52.150000Z,,2.804,-75.044,33.0,3.4,md,"23 km E of Rivera, Colombia",reviewed,0.6,,,,,,,,us,earthquake,,,,,us,uvc,,4.04398,Senel et al.: Mw=0.7947 Md+1.3420 (3.5<=Md<=7.4),,extrapolada,4.175920000000001,10.439800000000004,principal,,
USGS,usp0004m76,1991-01-27T14:25:11.180000Z,,3.077,-75.365,33.0,3.6,md,"18 km NNW of Neiva, Colombia",reviewed,0.8,,,,,,,,us,earthquake,,,,,us,uvc,,4.202920000000001,Senel et al.: Mw=0.7947 Md+1.3420 (3.5<=Md<=7.4),,dentro_de_rango,4.811680000000003,12.029200000000007,principal,,
USGS,usp0004xmd,1991-10-10T08:29:08.250000Z,,2.73,-75.031,10.0,3.9,md,"25 km ESE of Rivera, Colombia",reviewed,0.6,,,,,,,,us,earthquake,,,,,us,uvc,,4.44133,Senel et al.: Mw=0.7947 Md+1.3420 (3.5<=Md<=7.4),,dentro_de_rango,5.765319999999999,14.413299999999998,principal,,
USGS,usp0004yfu,1991-10-27T13:55:12.960000Z,,2.814,-75.255,60.0,3.7,md,"4 km N of Rivera, Colombia",reviewed,1.1,,,,,,,,us,earthquake,,,,,us,uvc,,4.28239,Senel et al.: Mw=0.7947 Md+1.3420 (3.5<=Md<=7.4),,dentro_de_rango,5.1295600000000015,12.823900000000004,principal,,
SGC,SGC1993lmmcdq,,1993-06-07T10:44:35+00:00,2.821,-74.858,0.0,2.2,ML,"Tello - Huila, Colombia",manual,0.5,179.0,5.0,SGC,,0.0,0.1,12.0,,,,,,,,,,3.0812,Senel et al.: Mw=0.8095 ML+1.3003 (3.3<=ML<=6.6),,extrapolada,,,principal,,
SGC,SGC1993eyjcrq,,1993-06-25T02:13:34+00:00,2.721,-74.937,3.0,2.0,ML,"Rivera - Huila, Colombia",manual,1.0,208.0,5.0,SGC,,0.1,0.2,30.0,,,,,,,,,,2.9193,Senel et al.: Mw=0.8095 ML+1.3003 (3.3<=ML<=6.6),,extrapolada,,,principal,,
SGC,SGC1993emkmvs,,1993-06-30T07:01:46+00:00,2.643,-75.605,4.0,3.0,ML,"Íquira - Huila, Colombia",manual,0.8,105.0,8.0,SGC,,0.1,0.1,20.0,,,,,,,,,,3.7288,Senel et al.: Mw=0.8095 ML+1.3003 (3.3<=ML<=6.6),,extrapolada,,,principal,,
SGC,SGC1993bfxmcj,,1993-07-05T03:23:24+00:00,2.708,-75.063,4.0,2.0,ML,"Rivera - Huila, Colombia",manual,0.1,196.0,3.0,SGC,,0.0,0.1,9.0,,,,,,,,,,2.9193,Senel et al.: Mw=0.8095 ML+1.3003 (3.3<=ML<=6.6),,extrapolada,,,principal,,
SGC,SGC1993ytpsyf,,1993-07-09T20:54:23+00:00,2.672,-75.069,4.0,1.7,ML,"Rivera - Huila, Colombia",manual,0.3,197.0,3.0,SGC,,0.1,0.2,14.0,,,,,,,,,,2.67645,Senel et al.: Mw=0.8095 ML+1.3003 (3.3<=ML<=6.6),,extrapolada,,,principal,,
SGC,SGC1993hexppy,,1993-07-26T00:11:59+00:00,2.663,-75.015,11.0,2.1,ML,"Rivera - Huila, Colombia",manual,0.2,202.0,4.0,SGC,,0.0,0.1,7.0,,,,,,,,,,3.0002500000000003,Senel et al.: Mw=0.8095 ML+1.3003 (3.3<=ML<=6.6),,extrapolada,,,principal,,
SGC,SGC1993inotyo,,1993-07-26T09:31:54+00:00,2.885,-75.024,6.0,2.3,ML,"Tello - Huila, Colombia",manual,0.4,195.0,3.0,SGC,,0.2,0.7,41.0,,,,,,,,,,3.16215,Senel et al.: Mw=0.8095 ML+1.3003 (3.3<=ML<=6.6),,extrapolada,,,principal,,
SGC,SGC1993xfnwkh,,1993-07-30T11:36:45+00:00,2.842,-74.881,12.0,2.7,ML,"Tello - Huila, Colombia",manual,0.6,177.0,5.0,SGC,,0.1,0.1,13.0,,,,,,,,,,3.4859500000000003,Senel et al.: Mw=0.8095 ML+1.3003 (3.3<=ML<=6.6),,extrapolada,,,principal,,
SGC,SGC1993zkxtjj,,1993-08-11T17:15:51+00:00,2.957,-74.851,0.0,2.5,ML,"Baraya - Huila, Colombia",manual,1.1,175.0,6.0,SGC,,0.1,0.2,26.0,,,,,,,,,,3.32405,Senel et al.: Mw=0.8095 ML+1.3003 (3.3<=ML<=6.6),,extrapolada,,,principal,,
SGC,SGC1993slmkql,,1993-09-02T04:43:01+00:00,3.027,-75.027,1.0,2.0,ML,"Tello - Huila, Colombia",manual,0.5,163.0,4.0,SGC,,0.0,0.1,15.0,,,,,,,,,,2.9193,Senel et al.: Mw=0.8095 ML+1.3003 (3.3<=ML<=6.6),,extrapolada,,,principal,,
SGC,SGC1993vsgazj,,1993-09-04T20:13:35+00:00,2.686,-74.953,4.0,2.0,ML,"Rivera - Huila, Colombia",manual,0.9,178.0,4.0,SGC,,0.1,0.2,24.0,,,,,,,,,,2.9193,Senel et al.: Mw=0.8095 ML+1.3003 (3.3<=ML<=6.6),,extrapolada,,,principal,,
SGC,SGC1993lishkz,,1993-09-07T21:02:12+00:00,2.808,-74.983,4.0,2.4,ML,"Rivera - Huila, Colombia",manual,1.1,172.0,6.0,SGC,,0.1,0.2,28.0,,,,,,,,,,3.2431,Senel et al.: Mw=0.8095 ML+1.3003 (3.3<=ML<=6.6),,extrapolada,,,principal,,
SGC,SGC1993rotesi,,1993-09-08T13:24:11+00:00,2.861,-74.884,18.0,2.1,ML,"Tello - Huila, Colombia",manual,0.5,176.0,4.0,SGC,,0.0,0.1,10.0,,,,,,,,,,3.0002500000000003,Senel et al.: Mw=0.8095 ML+1.3003 (3.3<=ML<=6.6),,extrapolada,,,principal,,
SGC,SGC1993bgxnrc,,1993-09-12T13:32:08+00:00,2.488,-75.296,8.0,3.1,ML,"Algeciras - Huila, Colombia",manual,0.8,163.0,7.0,SGC,,0.0,0.1,10.0,,,,,,,,,,3.80975,Senel et al.: Mw=0.8095 ML+1.3003 (3.3<=ML<=6.6),,extrapolada,,,principal,,
SGC,SGC1993tzfcnc,,1993-09-19T22:33:37+00:00,2.703,-75.014,56.0,1.5,ML,"Rivera - Huila, Colombia",manual,0.5,201.0,4.0,SGC,,0.1,0.1,18.0,,,,,,,,,,2.51455,Senel et al.: Mw=0.8095 ML+1.3003 (3.3<=ML<=6.6),,extrapolada,,,principal,,
SGC,SGC1993dkvbuv,,1993-10-08T01:53:30+00:00,2.542,-75.256,4.0,1.6,ML,"Algeciras - Huila, Colombia",manual,0.2,183.0,3.0,SGC,,0.1,0.3,72.0,,,,,,,,,,2.5955000000000004,Senel et al.: Mw=0.8095 ML+1.3003 (3.3<=ML<=6.6),,extrapolada,,,principal,,
SGC,SGC1993hpmqsm,,1993-10-28T05:24:23+00:00,2.633,-75.047,0.0,2.4,ML,"Rivera - Huila, Colombia",manual,1.0,174.0,9.0,SGC,,0.1,0.1,16.0,,,,,,,,,,3.2431,Senel et al.: Mw=0.8095 ML+1.3003 (3.3<=ML<=6.6),,extrapolada,,,principal,,
SGC,SGC1993vaxtwn,,1993-10-31T02:39:05+00:00,2.637,-75.114,4.0,1.7,ML,"Rivera - Huila, Colombia",manual,0.6,194.0,3.0,SGC,,0.1,0.3,20.0,,,,,,,,,,2.67645,Senel et al.: Mw=0.8095 ML+1.3003 (3.3<=ML<=6.6),,extrapolada,,,principal,,
SGC,SGC1994cfzkve,,1994-01-05T17:47:16+00:00,2.922,-74.968,10.0,2.5,ML,"Tello - Huila, Colombia",manual,0.8,169.0,5.0,SGC,,0.1,0.1,13.0,,,,,,,,,,3.32405,Senel et al.: Mw=0.8095 ML+1.3003 (3.3<=ML<=6.6),,extrapolada,,,principal,,
SGC,SGC1994aphmhj,,1994-01-16T14:02:42+00:00,3.16,-75.618,18.0,2.2,ML,"Planadas - Tolima, Colombia",manual,0.9,181.0,4.0,SGC,,0.1,0.4,42.0,,,,,,,,,,3.0812,Senel et al.: Mw=0.8095 ML+1.3003 (3.3<=ML<=6.6),,extrapolada,,,principal,,
SGC,SGC1994cjgkau,,1994-02-09T10:00:20+00:00,2.888,-74.922,2.0,1.9,ML,"Tello - Huila, Colombia",manual,0.6,173.0,4.0,SGC,,0.1,0.2,25.0,,,,,,,,,,2.83835,Senel et al.: Mw=0.8095 ML+1.3003 (3.3<=ML<=6.6),,extrapolada,,,principal,,
SGC,SGC1994auouaa,,1994-02-26T09:23:30+00:00,2.922,-74.959,4.0,2.4,ML,"Tello - Huila, Colombia",manual,1.2,170.0,6.0,SGC,,0.1,0.2,44.0,,,,,,,,,,3.2431,Senel et al.: Mw=0.8095 ML+1.3003 (3.3<=ML<=6.6),,extrapolada,,,principal,,
SGC,SGC1994fvumfx,,1994-03-14T21:06:44+00:00,2.592,-75.156,4.0,2.4,ML,"Algeciras - Huila, Colombia",manual,1.1,169.0,6.0,SGC,,0.1,0.1,39.0,,,,,,,,,,3.2431,Senel et al.: Mw=0.8095 ML+1.3003 (3.3<=ML<=6.6),,extrapolada,,,principal,,
SGC,SGC1994yjumwu,,1994-03-25T10:50:51+00:00,2.681,-74.996,10.0,2.3,ML,"Rivera - Huila, Colombia",manual,0.5,203.0,4.0,SGC,,0.0,0.1,9.0,,,,,,,,,,3.16215,Senel et al.: Mw=0.8095 ML+1.3003 (3.3<=ML<=6.6),,extrapolada,,,principal,,
SGC,SGC1994ylzkfz,,1994-04-22T05:00:53+00:00,2.666,-75.029,2.0,3.6,ML,"Rivera - Huila, Colombia",manual,0.8,177.0,8.0,SGC,,0.1,0.1,16.0,,,,,,,,,,4.2145,Senel et al.: Mw=0.8095 ML+1.3003 (3.3<=ML<=6.6),,dentro_de_rango,,,principal,,
SGC,SGC1994eypeqc,,1994-04-26T20:02:11+00:00,3.034,-75.258,4.0,2.3,ML,"Neiva - Huila, Colombia",manual,0.8,166.0,6.0,SGC,,0.1,0.2,28.0,,,,,,,,,,3.16215,Senel et al.: Mw=0.8095 ML+1.3003 (3.3<=ML<=6.6),,extrapolada,,,principal,,
SGC,SGC1994bvillg,,1994-05-19T15:48:29+00:00,2.676,-74.956,4.0,2.3,ML,"Rivera - Huila, Colombia",manual,0.5,207.0,5.0,SGC,,0.1,0.1,13.0,,,,,,,,,,3.16215,Senel et al.: Mw=0.8095 ML+1.3003 (3.3<=ML<=6.6),,extrapolada,,,principal,,
SGC,SGC1994pampka,,1994-05-24T22:14:04+00:00,2.511,-75.268,19.0,2.3,ML,"Algeciras - Huila, Colombia",manual,0.4,183.0,5.0,SGC,,0.0,0.1,5.0,,,,,,,,,,3.16215,Senel et al.: Mw=0.8095 ML+1.3003 (3.3<=ML<=6.6),,extrapolada,,,principal,,
SGC,SGC1994atuajh,,1994-06-12T15:55:49+00:00,2.662,-74.959,0.0,3.0,ML,"Rivera - Huila, Colombia",manual,1.0,179.0,8.0,SGC,,0.1,0.1,22.0,,,,,,,,,,3.7288,Senel et al.: Mw=0.8095 ML+1.3003 (3.3<=ML<=6.6),,extrapolada,,,principal,,
SGC,SGC1994ncsosb,,1994-06-15T23:25:48+00:00,2.683,-74.981,4.0,2.8,ML,"Rivera - Huila, Colombia",manual,0.7,177.0,6.0,SGC,,0.1,0.1,14.0,,,,,,,,,,3.5669,Senel et al.: Mw=0.8095 ML+1.3003 (3.3<=ML<=6.6),,extrapolada,,,principal,,
SGC,SGC1994grdjyj,,1994-07-11T19:03:42+00:00,2.864,-74.845,12.0,3.2,ML,"Baraya - Huila, Colombia",manual,0.6,178.0,8.0,SGC,,0.1,0.1,11.0,,,,,,,,,,3.8907,Senel et al.: Mw=0.8095 ML+1.3003 (3.3<=ML<=6.6),,extrapolada,,,principal,,
SGC,SGC1994ojcolw,,1994-07-21T02:38:01+00:00,2.651,-74.999,7.0,2.3,ML,"Rivera - Huila, Colombia",manual,0.4,204.0,5.0,SGC,,0.0,0.0,6.0,,,,,,,,,,3.16215,Senel et al.: Mw=0.8095 ML+1.3003 (3.3<=ML<=6.6),,extrapolada,,,principal,,
SGC,SGC1994nuqazu,,1994-07-23T12:55:59+00:00,2.938,-74.985,4.0,2.4,ML,"Tello - Huila, Colombia",manual,0.2,198.0,3.0,SGC,,0.0,0.2,11.0,,,,,,,,,,3.2431,Senel et al.: Mw=0.8095 ML+1.3003 (3.3<=ML<=6.6),,extrapolada,,,principal,,
SGC,SGC1994gfdvrt,,1994-07-26T05:23:15+00:00,2.883,-74.966,16.0,2.8,ML,"Tello - Huila, Colombia",manual,0.8,171.0,9.0,SGC,,0.1,0.1,14.0,,,,,,,,,,3.5669,Senel et al.: Mw=0.8095 ML+1.3003 (3.3<=ML<=6.6),,extrapolada,,,principal,,
SGC,SGC1994dgzsme,,1994-08-24T06:58:09+00:00,2.868,-74.859,16.0,3.2,ML,"Tello - Huila, Colombia",manual,0.7,177.0,8.0,SGC,,0.1,0.1,13.0,,,,,,,,,,3.8907,Senel et al.: Mw=0.8095 ML+1.3003 (3.3<=ML<=6.6),,extrapolada,,,principal,,
SGC,SGC1994anaajb,,1994-08-26T06:19:13+00:00,3.208,-74.996,16.0,1.9,ML,"Baraya - Huila, Colombia",manual,0.3,190.0,3.0,SGC,,0.5,8.6,442.0,,,,,,,,,,2.83835,Senel et al.: Mw=0.8095 ML+1.3003 (3.3<=ML<=6.6),,extrapolada,,,principal,,
SGC,SGC1994lktthg,,1994-09-04T05:31:24+00:00,2.621,-75.073,0.0,3.0,ML,"Rivera - Huila, Colombia",manual,0.8,173.0,9.0,SGC,,0.1,0.1,18.0,,,,,,,,,,3.7288,Senel et al.: Mw=0.8095 ML+1.3003 (3.3<=ML<=6.6),,extrapolada,,,principal,,
SGC,SGC1994hkwhge,,1994-09-06T20:22:28+00:00,2.948,-74.962,4.0,1.8,ML,"Tello - Huila, Colombia",manual,0.4,201.0,3.0,SGC,,0.1,0.3,16.0,,,,,,,,,,2.7574,Senel et al.: Mw=0.8095 ML+1.3003 (3.3<=ML<=6.6),,extrapolada,,,principal,,
SGC,SGC1994fcwzis,,1994-09-28T02:29:45+00:00,2.861,-74.849,18.0,3.1,ML,"Tello - Huila, Colombia",manual,0.9,178.0,7.0,SGC,,0.1,0.2,22.0,,,,,,,,,,3.80975,Senel et al.: Mw=0.8095 ML+1.3003 (3.3<=ML<=6.6),,extrapolada,,,principal,,
SGC,SGC1994aqxfkz,,1994-10-10T22:03:13+00:00,3.289,-75.259,7.0,1.8,ML,"Aipe - Huila, Colombia",manual,0.3,160.0,4.0,SGC,,0.0,0.0,6.0,,,,,,,,,,2.7574,Senel et al.: Mw=0.8095 ML+1.3003 (3.3<=ML<=6.6),,extrapolada,,,principal,,
SGC,SGC1994jizxxj,,1994-10-14T07:42:25+00:00,2.87,-75.695,38.0,1.7,ML,"Santa María - Huila, Colombia",manual,0.4,227.0,3.0,SGC,,0.2,0.5,48.0,,,,,,,,,,2.67645,Senel et al.: Mw=0.8095 ML+1.3003 (3.3<=ML<=6.6),,extrapolada,,,principal,,
SGC,SGC1994lltocb,,1994-10-15T12:58:04+00:00,2.507,-75.311,8.0,2.8,ML,"Algeciras - Huila, Colombia",manual,0.7,161.0,6.0,SGC,,0.0,0.1,11.0,,,,,,,,,,3.5669,Senel et al.: Mw=0.8095 ML+1.3003 (3.3<=ML<=6.6),,extrapolada,,,principal,,
SGC,SGC1994eedhsd,,1994-11-20T12:15:08+00:00,2.924,-74.85,12.0,2.9,ML,"Baraya - Huila, Colombia",manual,0.5,176.0,5.0,SGC,,0.0,0.1,12.0,,,,,,,,,,3.64785,Senel et al.: Mw=0.8095 ML+1.3003 (3.3<=ML<=6.6),,extrapolada,,,principal,,
SGC,SGC1994meyndr,,1994-11-30T09:48:02+00:00,2.913,-75.071,3.0,2.4,ML,"Tello - Huila, Colombia",manual,0.4,164.0,4.0,SGC,,0.0,0.1,12.0,,,,,,,,,,3.2431,Senel et al.: Mw=0.8095 ML+1.3003 (3.3<=ML<=6.6),,extrapolada,,,principal,,
SGC,SGC1994enmwmf,,1994-12-01T10:42:31+00:00,2.965,-74.944,7.0,2.1,ML,"Baraya - Huila, Colombia",manual,0.5,202.0,3.0,SGC,,0.2,2.4,105.0,,,,,,,,,,3.0002500000000003,Senel et al.: Mw=0.8095 ML+1.3003 (3.3<=ML<=6.6),,extrapolada,,,principal,,
SGC,SGC1994rvvbac,,1994-12-04T10:55:44+00:00,2.903,-75.724,22.0,2.8,ML,"Santa María - Huila, Colombia",manual,0.6,197.0,4.0,SGC,,0.1,0.2,13.0,,,,,,,,,,3.5669,Senel et al.: Mw=0.8095 ML+1.3003 (3.3<=ML<=6.6),,extrapolada,,,principal,,
SGC,SGC1994oxfcrp,,1994-12-07T10:38:06+00:00,3.328,-75.35,4.0,2.6,ML,"Aipe - Huila, Colombia",manual,0.1,172.0,4.0,SGC,,0.0,0.0,6.0,,,,,,,,,,3.405,Senel et al.: Mw=0.8095 ML+1.3003 (3.3<=ML<=6.6),,extrapolada,,,principal,,
SGC,SGC1995ggdplv,,1995-01-17T03:36:09+00:00,2.669,-75.158,22.0,3.0,ML,"Rivera - Huila, Colombia",manual,0.3,166.0,4.0,SGC,,0.0,0.1,7.0,,,,,,,,,,3.7288,Senel et al.: Mw=0.8095 ML+1.3003 (3.3<=ML<=6.6),,extrapolada,,,principal,,
SGC,SGC1995kzblwx,,1995-01-23T00:58:51+00:00,2.625,-74.977,1.0,2.8,ML,"Rivera - Huila, Colombia",manual,1.0,179.0,7.0,SGC,,0.1,0.1,17.0,,,,,,,,,,3.5669,Senel et al.: Mw=0.8095 ML+1.3003 (3.3<=ML<=6.6),,extrapolada,,,principal,,
SGC,SGC1995tkbgmg,,1995-02-19T02:15:52+00:00,2.879,-74.862,4.0,2.7,ML,"Baraya - Huila, Colombia",manual,1.0,177.0,6.0,SGC,,0.1,0.1,24.0,,,,,,,,,,3.4859500000000003,Senel et al.: Mw=0.8095 ML+1.3003 (3.3<=ML<=6.6),,extrapolada,,,principal,,
SGC,SGC1995awulhc,,1995-03-05T06:15:10+00:00,2.506,-75.357,4.0,3.2,ML,"Algeciras - Huila, Colombia",manual,0.3,158.0,4.0,SGC,,0.0,0.1,6.0,,,,,,,,,,3.8907,Senel et al.: Mw=0.8095 ML+1.3003 (3.3<=ML<=6.6),,extrapolada,,,principal,,
SGC,SGC1995burbbu,,1995-04-11T14:25:03+00:00,2.908,-74.934,8.0,2.5,ML,"Tello - Huila, Colombia",manual,0.5,172.0,4.0,SGC,,0.1,0.1,9.0,,,,,,,,,,3.32405,Senel et al.: Mw=0.8095 ML+1.3003 (3.3<=ML<=6.6),,extrapolada,,,principal,,
SGC,SGC1995ebwttt,,1995-04-24T00:16:52+00:00,2.621,-75.001,10.0,2.5,ML,"Rivera - Huila, Colombia",manual,0.3,178.0,5.0,SGC,,0.0,0.1,7.0,,,,,,,,,,3.32405,Senel et al.: Mw=0.8095 ML+1.3003 (3.3<=ML<=6.6),,extrapolada,,,principal,,
SGC,SGC1995fzijgj,,1995-05-22T20:17:47+00:00,2.651,-74.994,10.0,2.2,ML,"Rivera - Huila, Colombia",manual,0.3,204.0,4.0,SGC,,0.0,0.0,9.0,,,,,,,,,,3.0812,Senel et al.: Mw=0.8095 ML+1.3003 (3.3<=ML<=6.6),,extrapolada,,,principal,,
SGC,SGC1995frzcna,,1995-07-24T00:53:01+00:00,2.9,-75.051,100.0,3.3,ML,"Tello - Huila, Colombia",manual,1.0,166.0,7.0,SGC,,0.2,0.4,71.0,,,,,,,,,,3.97165,Senel et al.: Mw=0.8095 ML+1.3003 (3.3<=ML<=6.6),,dentro_de_rango,,,principal,,
SGC,SGC1995fmlwli,,1995-07-26T13:26:56+00:00,2.596,-75.017,4.0,2.1,ML,"Rivera - Huila, Colombia",manual,0.7,177.0,4.0,SGC,,0.1,0.2,13.0,,,,,,,,,,3.0002500000000003,Senel et al.: Mw=0.8095 ML+1.3003 (3.3<=ML<=6.6),,extrapolada,,,principal,,
SGC,SGC1995ljtamq,,1995-08-15T11:00:32+00:00,3.047,-74.907,4.0,2.6,ML,"Baraya - Huila, Colombia",manual,1.1,169.0,6.0,SGC,,0.2,0.3,38.0,,,,,,,,,,3.405,Senel et al.: Mw=0.8095 ML+1.3003 (3.3<=ML<=6.6),,extrapolada,,,principal,,
SGC,SGC1995usarno,,1995-08-22T05:41:05+00:00,2.944,-74.957,8.0,3.0,ML,"Tello - Huila, Colombia",manual,0.7,198.0,10.0,SGC,,0.1,0.1,12.0,,,,,,,,,,3.7288,Senel et al.: Mw=0.8095 ML+1.3003 (3.3<=ML<=6.6),,extrapolada,,,principal,,
SGC,SGC1995xudvxw,,1995-08-22T15:34:20+00:00,2.656,-75.62,2.0,2.7,ML,"Íquira - Huila, Colombia",manual,0.5,147.0,5.0,SGC,,0.1,0.1,13.0,,,,,,,,,,3.4859500000000003,Senel et al.: Mw=0.8095 ML+1.3003 (3.3<=ML<=6.6),,extrapolada,,,principal,,
SGC,SGC1995swjvuf,,1995-08-26T13:00:14+00:00,2.985,-74.896,0.0,2.2,ML,"Baraya - Huila, Colombia",manual,0.2,206.0,4.0,SGC,,0.0,0.1,6.0,,,,,,,,,,3.0812,Senel et al.: Mw=0.8095 ML+1.3003 (3.3<=ML<=6.6),,extrapolada,,,principal,,
SGC,SGC1995mcjdqs,,1995-09-25T19:21:06+00:00,2.489,-75.213,9.0,3.1,ML,"Algeciras - Huila, Colombia",manual,0.3,189.0,5.0,SGC,,0.0,0.0,10.0,,,,,,,,,,3.80975,Senel et al.: Mw=0.8095 ML+1.3003 (3.3<=ML<=6.6),,extrapolada,,,principal,,
SGC,SGC1995jionhc,,1995-09-27T03:07:39+00:00,2.692,-75.026,17.0,3.0,ML,"Rivera - Huila, Colombia",manual,0.4,200.0,4.0,SGC,,0.0,0.1,7.0,,,,,,,,,,3.7288,Senel et al.: Mw=0.8095 ML+1.3003 (3.3<=ML<=6.6),,extrapolada,,,principal,,
SGC,SGC1995jtfggi,,1995-10-28T20:23:54+00:00,2.838,-75.532,18.0,2.7,ML,"Teruel - Huila, Colombia",manual,0.5,139.0,6.0,SGC,,0.1,0.1,12.0,,,,,,,,,,3.4859500000000003,Senel et al.: Mw=0.8095 ML+1.3003 (3.3<=ML<=6.6),,extrapolada,,,principal,,
SGC,SGC1995xynqwa,,1995-10-31T00:00:38+00:00,2.903,-74.863,4.0,2.1,ML,"Baraya - Huila, Colombia",manual,0.1,176.0,4.0,SGC,,0.0,0.1,5.0,,,,,,,,,,3.0002500000000003,Senel et al.: Mw=0.8095 ML+1.3003 (3.3<=ML<=6.6),,extrapolada,,,principal,,
SGC,SGC1995uwelxi,,1995-11-17T21:35:56+00:00,2.683,-75.034,9.0,2.4,ML,"Rivera - Huila, Colombia",manual,0.5,200.0,4.0,SGC,,0.1,0.1,15.0,,,,,,,,,,3.2431,Senel et al.: Mw=0.8095 ML+1.3003 (3.3<=ML<=6.6),,extrapolada,,,principal,,
SGC,SGC1995bofjrz,,1995-11-29T07:03:42+00:00,2.948,-74.875,6.0,2.7,ML,"Baraya - Huila, Colombia",manual,0.1,174.0,4.0,SGC,,0.0,0.0,4.0,,,,,,,,,,3.4859500000000003,Senel et al.: Mw=0.8095 ML+1.3003 (3.3<=ML<=6.6),,extrapolada,,,principal,,
SGC,SGC1995wlajfa,,1995-12-11T19:40:58+00:00,2.725,-75.172,1.0,1.9,ML,"Rivera - Huila, Colombia",manual,0.2,164.0,4.0,SGC,,0.0,0.1,7.0,,,,,,,,,,2.83835,Senel et al.: Mw=0.8095 ML+1.3003 (3.3<=ML<=6.6),,extrapolada,,,principal,,
SGC,SGC1995jistjv,,1995-12-22T09:28:03+00:00,3.172,-74.929,0.0,3.1,ML,"Baraya - Huila, Colombia",manual,0.2,187.0,4.0,SGC,,0.0,0.1,15.0,,,,,,,,,,3.80975,Senel et al.: Mw=0.8095 ML+1.3003 (3.3<=ML<=6.6),,extrapolada,,,principal,,
SGC,SGC1995xoozlu,,1995-12-31T12:32:48+00:00,2.752,-75.072,8.0,3.2,ML,"Rivera - Huila, Colombia",manual,0.3,249.0,4.0,SGC,,0.1,0.1,8.0,,,,,,,,,,3.8907,Senel et al.: Mw=0.8095 ML+1.3003 (3.3<=ML<=6.6),,extrapolada,,,principal,,
SGC,SGC1996lkusoh,,1996-01-02T05:48:51+00:00,2.717,-75.589,14.0,2.9,ML,"Teruel - Huila, Colombia",manual,0.6,125.0,10.0,SGC,,0.1,0.1,13.0,,,,,,,,,,3.64785,Senel et al.: Mw=0.8095 ML+1.3003 (3.3<=ML<=6.6),,extrapolada,,,principal,,
SGC,SGC1996wrpjje,,1996-01-09T17:15:10+00:00,2.708,-75.13,4.0,2.8,ML,"Rivera - Huila, Colombia",manual,0.5,200.0,8.0,SGC,,0.1,0.1,8.0,,,,,,,,,,3.5669,Senel et al.: Mw=0.8095 ML+1.3003 (3.3<=ML<=6.6),,extrapolada,,,principal,,
SGC,SGC1996gqakuc,,1996-01-11T06:49:07+00:00,3.154,-75.012,4.0,1.8,ML,"Baraya - Huila, Colombia",manual,0.7,181.0,5.0,SGC,,0.1,0.1,13.0,,,,,,,,,,2.7574,Senel et al.: Mw=0.8095 ML+1.3003 (3.3<=ML<=6.6),,extrapolada,,,principal,,
SGC,SGC1996meyjyt,,1996-01-15T19:37:39+00:00,2.679,-75.582,2.0,2.0,ML,"Íquira - Huila, Colombia",manual,0.6,140.0,5.0,SGC,,0.1,0.1,11.0,,,,,,,,,,2.9193,Senel et al.: Mw=0.8095 ML+1.3003 (3.3<=ML<=6.6),,extrapolada,,,principal,,
SGC,SGC1996ahvxht,,1996-02-04T22:01:54+00:00,2.674,-75.027,6.0,1.9,ML,"Rivera - Huila, Colombia",manual,0.6,201.0,4.0,SGC,,0.1,0.1,14.0,,,,,,,,,,2.83835,Senel et al.: Mw=0.8095 ML+1.3003 (3.3<=ML<=6.6),,extrapolada,,,principal,,
SGC,SGC1996ksddvw,,1996-02-04T22:27:50+00:00,2.803,-75.007,4.0,2.1,ML,"Rivera - Huila, Colombia",manual,0.3,199.0,3.0,SGC,,0.1,0.3,11.0,,,,,,,,,,3.0002500000000003,Senel et al.: Mw=0.8095 ML+1.3003 (3.3<=ML<=6.6),,extrapolada,,,principal,,
SGC,SGC1996loqlyx,,1996-02-08T15:26:09+00:00,2.636,-75.345,30.0,2.2,ML,"Campoalegre - Huila, Colombia",manual,0.2,172.0,3.0,SGC,,0.2,0.5,19.0,,,,,,,,,,3.0812,Senel et al.: Mw=0.8095 ML+1.3003 (3.3<=ML<=6.6),,extrapolada,,,principal,,
SGC,SGC1996pbdjqw,,1996-02-18T03:30:32+00:00,3.271,-75.011,28.0,1.5,ML,"Baraya - Huila, Colombia",manual,0.9,185.0,3.0,SGC,,9.0,9.0,1000.0,,,,,,,,,,2.51455,Senel et al.: Mw=0.8095 ML+1.3003 (3.3<=ML<=6.6),,extrapolada,,,principal,,
SGC,SGC1996qglhoj,,1996-02-28T02:40:40+00:00,2.585,-75.126,4.0,1.9,ML,"Algeciras - Huila, Colombia",manual,0.4,194.0,4.0,SGC,,0.0,0.0,10.0,,,,,,,,,,2.83835,Senel et al.: Mw=0.8095 ML+1.3003 (3.3<=ML<=6.6),,extrapolada,,,principal,,
SGC,SGC1996mfxabt,,1996-02-28T23:33:10+00:00,2.974,-74.921,9.0,2.4,ML,"Baraya - Huila, Colombia",manual,0.6,170.0,5.0,SGC,,0.1,0.1,10.0,,,,,,,,,,3.2431,Senel et al.: Mw=0.8095 ML+1.3003 (3.3<=ML<=6.6),,extrapolada,,,principal,,
SGC,SGC1996igbtfh,,1996-03-18T07:20:17+00:00,3.128,-75.51,61.0,2.2,ML,"Planadas - Tolima, Colombia",manual,0.2,223.0,4.0,SGC,,0.1,0.2,7.0,,,,,,,,,,3.0812,Senel et al.: Mw=0.8095 ML+1.3003 (3.3<=ML<=6.6),,extrapolada,,,principal,,
SGC,SGC1996uridlg,,1996-03-30T01:33:05+00:00,2.61,-75.014,4.0,3.0,ML,"Rivera - Huila, Colombia",manual,0.7,177.0,11.0,SGC,,0.0,0.1,9.0,,,,,,,,,,3.7288,Senel et al.: Mw=0.8095 ML+1.3003 (3.3<=ML<=6.6),,extrapolada,,,principal,,
SGC,SGC1996rkqrqz,,1996-04-11T02:08:27+00:00,2.916,-74.849,8.0,2.3,ML,"Baraya - Huila, Colombia",manual,0.7,176.0,6.0,SGC,,0.1,0.1,12.0,,,,,,,,,,3.16215,Senel et al.: Mw=0.8095 ML+1.3003 (3.3<=ML<=6.6),,extrapolada,,,principal,,
SGC,SGC1996vmvefl,,1996-04-11T14:16:08+00:00,3.187,-75.073,28.0,2.3,ML,"Baraya - Huila, Colombia",manual,0.7,180.0,5.0,SGC,,0.1,0.1,12.0,,,,,,,,,,3.16215,Senel et al.: Mw=0.8095 ML+1.3003 (3.3<=ML<=6.6),,extrapolada,,,principal,,
SGC,SGC1996dsrxgn,,1996-04-29T19:36:20+00:00,3.007,-74.999,0.0,2.0,ML,"Tello - Huila, Colombia",manual,0.3,165.0,4.0,SGC,,0.0,0.1,7.0,,,,,,,,,,2.9193,Senel et al.: Mw=0.8095 ML+1.3003 (3.3<=ML<=6.6),,extrapolada,,,principal,,
SGC,SGC1996exekmc,,1996-05-16T08:26:20+00:00,2.7,-75.044,4.0,1.8,ML,"Rivera - Huila, Colombia",manual,0.8,198.0,5.0,SGC,,0.1,0.1,16.0,,,,,,,,,,2.7574,Senel et al.: Mw=0.8095 ML+1.3003 (3.3<=ML<=6.6),,extrapolada,,,principal,,
SGC,SGC1996awwjdl,,1996-06-25T01:40:23+00:00,3.206,-75.24,4.0,3.4,ML,"Aipe - Huila, Colombia",manual,1.0,146.0,6.0,SGC,,0.1,0.2,32.0,,,,,,,,,,4.0526,Senel et al.: Mw=0.8095 ML+1.3003 (3.3<=ML<=6.6),,dentro_de_rango,,,principal,,
SGC,SGC1996ontmzc,,1996-07-31T10:31:43+00:00,2.96,-74.842,7.0,3.3,ML,"Baraya - Huila, Colombia",manual,1.1,175.0,8.0,SGC,,0.1,0.1,25.0,,,,,,,,,,3.97165,Senel et al.: Mw=0.8095 ML+1.3003 (3.3<=ML<=6.6),,dentro_de_rango,,,principal,,
SGC,SGC1996orotxk,,1996-08-03T07:51:03+00:00,2.707,-75.262,0.0,2.4,ML,"Campoalegre - Huila, Colombia",manual,0.4,159.0,4.0,SGC,,0.0,0.1,10.0,,,,,,,,,,3.2431,Senel et al.: Mw=0.8095 ML+1.3003 (3.3<=ML<=6.6),,extrapolada,,,principal,,
SGC,SGC1996xsldtm,,1996-08-18T16:56:21+00:00,2.84,-74.85,13.0,3.0,ML,"Tello - Huila, Colombia",manual,1.1,179.0,10.0,SGC,,0.1,0.2,21.0,,,,,,,,,,3.7288,Senel et al.: Mw=0.8095 ML+1.3003 (3.3<=ML<=6.6),,extrapolada,,,principal,,
SGC,SGC1996npxrae,,1996-08-19T22:29:31+00:00,2.683,-75.14,0.0,3.8,ML,"Rivera - Huila, Colombia",manual,1.1,167.0,12.0,SGC,,0.1,0.1,18.0,,,,,,,,,,4.3764,Senel et al.: Mw=0.8095 ML+1.3003 (3.3<=ML<=6.6),,dentro_de_rango,,,principal,,
SGC,SGC1996hcxpdw,,1996-08-23T01:41:16+00:00,2.871,-74.904,0.0,2.5,ML,"Tello - Huila, Colombia",manual,1.0,175.0,6.0,SGC,,0.1,0.1,19.0,,,,,,,,,,3.32405,Senel et al.: Mw=0.8095 ML+1.3003 (3.3<=ML<=6.6),,extrapolada,,,principal,,
SGC,SGC1996lcduug,,1996-11-27T22:41:01+00:00,2.629,-74.997,29.0,2.5,ML,"Rivera - Huila, Colombia",manual,0.6,177.0,4.0,SGC,,0.1,0.1,30.0,,,,,,,,,,3.32405,Senel et al.: Mw=0.8095 ML+1.3003 (3.3<=ML<=6.6),,extrapolada,,,principal,,
SGC,SGC1996qwrpdi,,1996-12-23T14:00:55+00:00,2.871,-74.894,20.0,3.2,ML,"Tello - Huila, Colombia",manual,0.9,175.0,6.0,SGC,,0.1,0.1,16.0,,,,,,,,,,3.8907,Senel et al.: Mw=0.8095 ML+1.3003 (3.3<=ML<=6.6),,extrapolada,,,principal,,
SGC,SGC1997fmtgrc,,1997-01-15T16:18:22+00:00,2.659,-75.059,4.0,1.7,ML,"Rivera - Huila, Colombia",manual,0.7,173.0,5.0,SGC,,0.1,0.1,12.0,,,,,,,,,,2.67645,Senel et al.: Mw=0.8095 ML+1.3003 (3.3<=ML<=6.6),,extrapolada,,,principal,,
SGC,SGC1997ghxgir,,1997-01-15T22:45:18+00:00,2.922,-74.955,15.0,1.7,ML,"Tello - Huila, Colombia",manual,0.0,170.0,4.0,SGC,,0.0,0.0,4.0,,,,,,,,,,2.67645,Senel et al.: Mw=0.8095 ML+1.3003 (3.3<=ML<=6.6),,extrapolada,,,principal,,
SGC,SGC1997devkpj,,1997-01-22T14:58:10+00:00,2.684,-75.002,7.0,2.3,ML,"Rivera - Huila, Colombia",manual,0.8,175.0,5.0,SGC,,0.1,0.1,14.0,,,,,,,,,,3.16215,Senel et al.: Mw=0.8095 ML+1.3003 (3.3<=ML<=6.6),,extrapolada,,,principal,,
SGC,SGC1997bwgpgl,,1997-03-25T14:02:39+00:00,2.915,-75.053,16.0,3.0,ML,"Tello - Huila, Colombia",manual,0.1,212.0,3.0,SGC,,0.0,0.1,5.0,,,,,,,,,,3.7288,Senel et al.: Mw=0.8095 ML+1.3003 (3.3<=ML<=6.6),,extrapolada,,,principal,,
SGC,SGC1997xhrxru,,1997-03-29T08:54:48+00:00,2.811,-75.623,37.0,2.1,ML,"Teruel - Huila, Colombia",manual,0.6,189.0,5.0,SGC,,0.1,0.2,19.0,,,,,,,,,,3.0002500000000003,Senel et al.: Mw=0.8095 ML+1.3003 (3.3<=ML<=6.6),,extrapolada,,,principal,,
SGC,SGC1997wwtval,,1997-05-01T01:21:52+00:00,2.923,-75.036,2.0,2.1,ML,"Tello - Huila, Colombia",manual,0.5,166.0,4.0,SGC,,0.0,0.1,9.0,,,,,,,,,,3.0002500000000003,Senel et al.: Mw=0.8095 ML+1.3003 (3.3<=ML<=6.6),,extrapolada,,,principal,,
SGC,SGC1997aatmzl,,1997-05-03T03:34:15+00:00,2.852,-74.876,18.0,3.2,ML,"Tello - Huila, Colombia",manual,0.6,177.0,7.0,SGC,,0.0,0.1,10.0,,,,,,,,,,3.8907,Senel et al.: Mw=0.8095 ML+1.3003 (3.3<=ML<=6.6),,extrapolada,,,principal,,
SGC,SGC1997tqlqzr,,1997-06-01T01:47:19+00:00,3.265,-75.281,8.0,2.8,ML,"Aipe - Huila, Colombia",manual,0.3,162.0,4.0,SGC,,0.0,0.1,9.0,,,,,,,,,,3.5669,Senel et al.: Mw=0.8095 ML+1.3003 (3.3<=ML<=6.6),,extrapolada,,,principal,,
SGC,SGC1997ndlocd,,1997-06-02T08:16:12+00:00,2.941,-75.003,2.0,2.6,ML,"Tello - Huila, Colombia",manual,0.3,167.0,4.0,SGC,,0.0,0.1,5.0,,,,,,,,,,3.405,Senel et al.: Mw=0.8095 ML+1.3003 (3.3<=ML<=6.6),,extrapolada,,,principal,,
SGC,SGC1997hzggwh,,1997-06-05T09:33:57+00:00,2.976,-74.957,23.0,2.4,ML,"Baraya - Huila, Colombia",manual,0.4,168.0,5.0,SGC,,0.0,0.1,7.0,,,,,,,,,,3.2431,Senel et al.: Mw=0.8095 ML+1.3003 (3.3<=ML<=6.6),,extrapolada,,,principal,,
SGC,SGC1997foypyi,,1997-06-06T23:13:13+00:00,2.969,-74.928,10.0,2.3,ML,"Baraya - Huila, Colombia",manual,0.9,204.0,4.0,SGC,,0.1,1.3,55.0,,,,,,,,,,3.16215,Senel et al.: Mw=0.8095 ML+1.3003 (3.3<=ML<=6.6),,extrapolada,,,principal,,
SGC,SGC1997pipbrw,,1997-07-02T06:30:05+00:00,2.573,-75.437,21.0,2.5,ML,"Hobo - Huila, Colombia",manual,0.5,165.0,5.0,SGC,,0.0,0.1,4.0,,,,,,,,,,3.32405,Senel et al.: Mw=0.8095 ML+1.3003 (3.3<=ML<=6.6),,extrapolada,,,principal,,
SGC,SGC1997yhhtyn,,1997-07-10T13:04:38+00:00,2.582,-75.081,4.0,3.3,ML,"Algeciras - Huila, Colombia",manual,0.7,176.0,6.0,SGC,,0.1,0.1,15.0,,,,,,,,,,3.97165,Senel et al.: Mw=0.8095 ML+1.3003 (3.3<=ML<=6.6),,dentro_de_rango,,,principal,,
SGC,SGC1997tnsfle,,1997-07-22T02:35:58+00:00,2.661,-75.101,0.0,3.0,ML,"Rivera - Huila, Colombia",manual,0.4,145.0,4.0,SGC,,0.1,0.0,7.0,,,,,,,,,,3.7288,Senel et al.: Mw=0.8095 ML+1.3003 (3.3<=ML<=6.6),,extrapolada,,,principal,,
SGC,SGC1997xpvosw,,1997-08-25T13:17:30+00:00,2.931,-75.159,22.0,2.3,ML,"Neiva - Huila, Colombia",manual,0.4,159.0,4.0,SGC,,0.1,0.1,12.0,,,,,,,,,,3.16215,Senel et al.: Mw=0.8095 ML+1.3003 (3.3<=ML<=6.6),,extrapolada,,,principal,,
SGC,SGC1997ryfmgh,,1997-09-06T20:14:07+00:00,3.313,-75.405,6.0,2.8,ML,"Aipe - Huila, Colombia",manual,0.3,130.0,5.0,SGC,,0.0,0.0,10.0,,,,,,,,,,3.5669,Senel et al.: Mw=0.8095 ML+1.3003 (3.3<=ML<=6.6),,extrapolada,,,principal,,
SGC,SGC1997oholft,,1997-09-11T15:46:51+00:00,2.634,-74.954,9.0,2.4,ML,"Rivera - Huila, Colombia",manual,0.7,180.0,5.0,SGC,,0.1,0.1,14.0,,,,,,,,,,3.2431,Senel et al.: Mw=0.8095 ML+1.3003 (3.3<=ML<=6.6),,extrapolada,,,principal,,
SGC,SGC1997owvwjx,,1997-10-05T21:02:37+00:00,2.784,-75.105,0.0,2.4,ML,"Rivera - Huila, Colombia",manual,0.2,199.0,5.0,SGC,,0.0,0.0,4.0,,,,,,,,,,3.2431,Senel et al.: Mw=0.8095 ML+1.3003 (3.3<=ML<=6.6),,extrapolada,,,principal,,
SGC,SGC1997lpoefb,,1997-10-19T07:58:06+00:00,2.652,-75.02,5.0,3.7,ML,"Rivera - Huila, Colombia",manual,0.9,145.0,10.0,SGC,,0.1,0.1,13.0,,,,,,,,,,4.295450000000001,Senel et al.: Mw=0.8095 ML+1.3003 (3.3<=ML<=6.6),,dentro_de_rango,,,principal,,
SGC,SGC1997hzqizf,,1997-11-08T18:05:46+00:00,2.665,-75.013,4.0,2.1,ML,"Rivera - Huila, Colombia",manual,0.4,202.0,4.0,SGC,,0.0,0.1,8.0,,,,,,,,,,3.0002500000000003,Senel et al.: Mw=0.8095 ML+1.3003 (3.3<=ML<=6.6),,extrapolada,,,principal,,
SGC,SGC1997flejfs,,1997-11-24T18:09:41+00:00,2.981,-74.902,5.0,2.1,ML,"Baraya - Huila, Colombia",manual,0.3,171.0,4.0,SGC,,0.0,0.1,7.0,,,,,,,,,,3.0002500000000003,Senel et al.: Mw=0.8095 ML+1.3003 (3.3<=ML<=6.6),,extrapolada,,,principal,,
SGC,SGC1997zhxmdk,,1997-11-25T07:10:19+00:00,3.043,-75.236,4.0,2.1,ML,"Tello - Huila, Colombia",manual,0.4,161.0,4.0,SGC,,0.0,0.2,15.0,,,,,,,,,,3.0002500000000003,Senel et al.: Mw=0.8095 ML+1.3003 (3.3<=ML<=6.6),,extrapolada,,,principal,,
SGC,SGC1997nunxrw,,1997-12-06T02:40:59+00:00,2.671,-75.148,4.0,2.3,ML,"Rivera - Huila, Colombia",manual,0.5,151.0,5.0,SGC,,0.0,0.1,7.0,,,,,,,,,,3.16215,Senel et al.: Mw=0.8095 ML+1.3003 (3.3<=ML<=6.6),,extrapolada,,,principal,,
SGC,SGC1997rvbobw,,1997-12-24T20:09:26+00:00,3.066,-75.037,6.0,2.0,ML,"Baraya - Huila, Colombia",manual,0.8,161.0,4.0,SGC,,0.1,0.2,28.0,,,,,,,,,,2.9193,Senel et al.: Mw=0.8095 ML+1.3003 (3.3<=ML<=6.6),,extrapolada,,,principal,,
SGC,SGC1998yiixtv,,1998-01-04T01:57:46+00:00,2.619,-75.403,6.0,1.8,ML,"Hobo - Huila, Colombia",manual,0.3,167.0,4.0,SGC,,0.0,0.1,6.0,,,,,,,,,,2.7574,Senel et al.: Mw=0.8095 ML+1.3003 (3.3<=ML<=6.6),,extrapolada,,,principal,,
SGC,SGC1998lcilwq,,1998-01-05T23:29:22+00:00,2.913,-75.259,4.0,3.6,ML,"Neiva - Huila, Colombia",manual,0.9,97.0,10.0,SGC,,0.1,0.1,17.0,,,,,,,,,,4.2145,Senel et al.: Mw=0.8095 ML+1.3003 (3.3<=ML<=6.6),,dentro_de_rango,,,principal,,
SGC,SGC1998wotjvo,,1998-01-17T03:58:56+00:00,2.57,-75.265,10.0,3.0,ML,"Algeciras - Huila, Colombia",manual,0.7,109.0,7.0,SGC,,0.0,0.1,9.0,,,,,,,,,,3.7288,Senel et al.: Mw=0.8095 ML+1.3003 (3.3<=ML<=6.6),,extrapolada,,,principal,,
SGC,SGC1998haboso,,1998-01-21T19:49:18+00:00,2.614,-75.052,2.0,2.7,ML,"Rivera - Huila, Colombia",manual,0.8,116.0,8.0,SGC,,0.0,0.1,16.0,,,,,,,,,,3.4859500000000003,Senel et al.: Mw=0.8095 ML+1.3003 (3.3<=ML<=6.6),,extrapolada,,,principal,,
SGC,SGC1998viixzx,,1998-01-25T11:35:30+00:00,2.679,-75.063,4.0,2.0,ML,"Rivera - Huila, Colombia",manual,0.6,172.0,5.0,SGC,,0.0,0.1,14.0,,,,,,,,,,2.9193,Senel et al.: Mw=0.8095 ML+1.3003 (3.3<=ML<=6.6),,extrapolada,,,principal,,
SGC,SGC1998nzqngy,,1998-01-29T03:45:15+00:00,2.95,-74.948,3.0,1.7,ML,"Tello - Huila, Colombia",manual,0.1,170.0,4.0,SGC,,0.0,0.1,6.0,,,,,,,,,,2.67645,Senel et al.: Mw=0.8095 ML+1.3003 (3.3<=ML<=6.6),,extrapolada,,,principal,,
SGC,SGC1998tjdfem,,1998-02-08T12:06:45+00:00,2.846,-74.875,11.0,2.3,ML,"Tello - Huila, Colombia",manual,0.7,177.0,5.0,SGC,,0.1,0.1,12.0,,,,,,,,,,3.16215,Senel et al.: Mw=0.8095 ML+1.3003 (3.3<=ML<=6.6),,extrapolada,,,principal,,
SGC,SGC1998hbdjqr,,1998-02-11T01:57:47+00:00,2.71,-75.163,4.0,1.7,ML,"Rivera - Huila, Colombia",manual,0.4,153.0,4.0,SGC,,0.0,0.1,8.0,,,,,,,,,,2.67645,Senel et al.: Mw=0.8095 ML+1.3003 (3.3<=ML<=6.6),,extrapolada,,,principal,,
SGC,SGC1998sapssx,,1998-02-11T02:49:28+00:00,2.991,-74.846,18.0,2.1,ML,"Baraya - Huila, Colombia",manual,0.1,135.0,4.0,SGC,,0.0,0.0,9.0,,,,,,,,,,3.0002500000000003,Senel et al.: Mw=0.8095 ML+1.3003 (3.3<=ML<=6.6),,extrapolada,,,principal,,
SGC,SGC1998lvvtdi,,1998-02-16T19:05:14+00:00,2.601,-75.123,0.0,3.0,ML,"Algeciras - Huila, Colombia",manual,0.9,114.0,8.0,SGC,,0.1,0.1,13.0,,,,,,,,,,3.7288,Senel et al.: Mw=0.8095 ML+1.3003 (3.3<=ML<=6.6),,extrapolada,,,principal,,
SGC,SGC1998zaeosa,,1998-03-01T19:29:11+00:00,2.865,-74.852,12.0,2.4,ML,"Tello - Huila, Colombia",manual,0.5,178.0,6.0,SGC,,0.1,0.1,10.0,,,,,,,,,,3.2431,Senel et al.: Mw=0.8095 ML+1.3003 (3.3<=ML<=6.6),,extrapolada,,,principal,,
SGC,SGC1998pnyket,,1998-03-10T06:17:44+00:00,2.931,-75.187,0.0,2.1,ML,"Neiva - Huila, Colombia",manual,0.4,185.0,4.0,SGC,,0.1,0.1,14.0,,,,,,,,,,3.0002500000000003,Senel et al.: Mw=0.8095 ML+1.3003 (3.3<=ML<=6.6),,extrapolada,,,principal,,
SGC,SGC1998gxleij,,1998-03-13T01:42:29+00:00,2.71,-75.349,32.0,2.0,ML,"Campoalegre - Huila, Colombia",manual,0.2,209.0,4.0,SGC,,0.1,0.1,24.0,,,,,,,,,,2.9193,Senel et al.: Mw=0.8095 ML+1.3003 (3.3<=ML<=6.6),,extrapolada,,,principal,,
SGC,SGC1998mwfsqj,,1998-04-05T10:42:01+00:00,2.652,-74.966,4.0,2.4,ML,"Rivera - Huila, Colombia",manual,0.4,207.0,4.0,SGC,,0.0,0.1,13.0,,,,,,,,,,3.2431,Senel et al.: Mw=0.8095 ML+1.3003 (3.3<=ML<=6.6),,extrapolada,,,principal,,
SGC,SGC1998fnnnoc,,1998-04-12T04:32:15+00:00,3.008,-75.065,4.0,1.9,ML,"Tello - Huila, Colombia",manual,0.2,161.0,4.0,SGC,,0.0,0.1,5.0,,,,,,,,,,2.83835,Senel et al.: Mw=0.8095 ML+1.3003 (3.3<=ML<=6.6),,extrapolada,,,principal,,
SGC,SGC1998wqmpqf,,1998-04-25T16:45:02+00:00,2.731,-74.902,0.0,3.3,ML,"Rivera - Huila, Colombia",manual,1.1,145.0,7.0,SGC,,0.1,0.1,35.0,,,,,,,,,,3.97165,Senel et al.: Mw=0.8095 ML+1.3003 (3.3<=ML<=6.6),,dentro_de_rango,,,principal,,
SGC,SGC1998jgjpyw,,1998-04-26T01:49:53+00:00,3.113,-75.455,100.0,1.8,ML,"Planadas - Tolima, Colombia",manual,0.1,242.0,3.0,SGC,,1.9,2.2,1000.0,,,,,,,,,,2.7574,Senel et al.: Mw=0.8095 ML+1.3003 (3.3<=ML<=6.6),,extrapolada,,,principal,,
SGC,SGC1998hjoldt,,1998-05-07T21:06:28+00:00,3.131,-75.159,0.0,3.5,ML,"Tello - Huila, Colombia",manual,0.8,109.0,9.0,SGC,,0.1,0.1,12.0,,,,,,,,,,4.13355,Senel et al.: Mw=0.8095 ML+1.3003 (3.3<=ML<=6.6),,dentro_de_rango,,,principal,,
SGC,SGC1998vskjjj,,1998-05-08T00:53:54+00:00,2.79,-74.991,0.0,2.5,ML,"Rivera - Huila, Colombia",manual,0.6,141.0,7.0,SGC,,0.0,0.0,9.0,,,,,,,,,,3.32405,Senel et al.: Mw=0.8095 ML+1.3003 (3.3<=ML<=6.6),,extrapolada,,,principal,,
SGC,SGC1998uuorts,,1998-05-15T07:10:19+00:00,2.916,-74.992,0.0,2.5,ML,"Tello - Huila, Colombia",manual,0.6,206.0,4.0,SGC,,0.1,0.1,12.0,,,,,,,,,,3.32405,Senel et al.: Mw=0.8095 ML+1.3003 (3.3<=ML<=6.6),,extrapolada,,,principal,,
SGC,SGC1998zarihc,,1998-05-19T20:34:35+00:00,2.542,-75.515,18.0,2.8,ML,"Hobo - Huila, Colombia",manual,1.0,144.0,6.0,SGC,,0.2,0.1,9.0,,,,,,,,,,3.5669,Senel et al.: Mw=0.8095 ML+1.3003 (3.3<=ML<=6.6),,extrapolada,,,principal,,
SGC,SGC1998xlzfqz,,1998-06-10T05:59:11+00:00,2.778,-75.192,40.0,2.4,ML,"Rivera - Huila, Colombia",manual,0.1,182.0,3.0,SGC,,2.1,6.1,534.0,,,,,,,,,,3.2431,Senel et al.: Mw=0.8095 ML+1.3003 (3.3<=ML<=6.6),,extrapolada,,,principal,,
SGC,SGC1998uculep,,1998-07-07T03:30:28+00:00,2.517,-75.396,23.0,2.1,ML,"Algeciras - Huila, Colombia",manual,0.2,170.0,4.0,SGC,,0.0,0.1,4.0,,,,,,,,,,3.0002500000000003,Senel et al.: Mw=0.8095 ML+1.3003 (3.3<=ML<=6.6),,extrapolada,,,principal,,
SGC,SGC1998jslccy,,1998-07-19T04:13:28+00:00,3.114,-75.219,0.0,1.6,ML,"Tello - Huila, Colombia",manual,0.9,166.0,4.0,SGC,,0.1,0.1,17.0,,,,,,,,,,2.5955000000000004,Senel et al.: Mw=0.8095 ML+1.3003 (3.3<=ML<=6.6),,extrapolada,,,principal,,
SGC,SGC1998ggijja,,1998-07-24T01:22:51+00:00,2.972,-74.969,6.0,2.2,ML,"Tello - Huila, Colombia",manual,0.2,199.0,3.0,SGC,,0.2,1.5,69.0,,,,,,,,,,3.0812,Senel et al.: Mw=0.8095 ML+1.3003 (3.3<=ML<=6.6),,extrapolada,,,principal,,
SGC,SGC1998lvrcyq,,1998-07-24T23:47:07+00:00,2.693,-75.057,1.0,2.4,ML,"Rivera - Huila, Colombia",manual,0.9,113.0,8.0,SGC,,0.0,0.1,11.0,,,,,,,,,,3.2431,Senel et al.: Mw=0.8095 ML+1.3003 (3.3<=ML<=6.6),,extrapolada,,,principal,,
SGC,SGC1998ewaalq,,1998-07-25T22:39:29+00:00,2.663,-75.053,14.0,2.1,ML,"Rivera - Huila, Colombia",manual,0.3,215.0,3.0,SGC,,0.0,0.1,10.0,,,,,,,,,,3.0002500000000003,Senel et al.: Mw=0.8095 ML+1.3003 (3.3<=ML<=6.6),,extrapolada,,,principal,,
SGC,SGC1998biocsm,,1998-09-06T20:34:39+00:00,3.101,-75.207,161.0,2.8,ML,"Tello - Huila, Colombia",manual,0.6,184.0,4.0,SGC,,0.2,0.2,61.0,,,,,,,,,,3.5669,Senel et al.: Mw=0.8095 ML+1.3003 (3.3<=ML<=6.6),,extrapolada,,,principal,,
SGC,SGC1998icpsci,,1998-09-07T02:58:00+00:00,2.742,-75.207,5.0,2.7,ML,"Rivera - Huila, Colombia",manual,0.7,140.0,5.0,SGC,,0.1,0.1,59.0,,,,,,,,,,3.4859500000000003,Senel et al.: Mw=0.8095 ML+1.3003 (3.3<=ML<=6.6),,extrapolada,,,principal,,
SGC,SGC1998imieeg,,1998-10-03T23:05:13+00:00,2.576,-75.4,1.0,2.7,ML,"Hobo - Huila, Colombia",manual,0.3,196.0,4.0,SGC,,0.1,0.1,14.0,,,,,,,,,,3.4859500000000003,Senel et al.: Mw=0.8095 ML+1.3003 (3.3<=ML<=6.6),,extrapolada,,,principal,,
SGC,SGC1998lfksjx,,1998-10-21T03:45:30+00:00,2.754,-75.031,3.0,2.7,ML,"Rivera - Huila, Colombia",manual,0.8,142.0,5.0,SGC,,0.1,0.1,13.0,,,,,,,,,,3.4859500000000003,Senel et al.: Mw=0.8095 ML+1.3003 (3.3<=ML<=6.6),,extrapolada,,,principal,,
SGC,SGC1998qzagrk,,1998-11-14T02:10:21+00:00,3.265,-75.47,4.0,2.7,ML,"Planadas - Tolima, Colombia",manual,0.9,133.0,5.0,SGC,,0.1,0.1,16.0,,,,,,,,,,3.4859500000000003,Senel et al.: Mw=0.8095 ML+1.3003 (3.3<=ML<=6.6),,extrapolada,,,principal,,
SGC,SGC1999omfnge,,1999-02-15T03:28:51+00:00,2.502,-75.324,10.0,2.5,ML,"Algeciras - Huila, Colombia",manual,0.0,198.0,3.0,SGC,,0.1,0.1,17.0,,,,,,,,,,3.32405,Senel et al.: Mw=0.8095 ML+1.3003 (3.3<=ML<=6.6),,extrapolada,,,principal,,
SGC,SGC1999rbuksh,,1999-02-18T13:37:55+00:00,2.845,-75.137,32.0,2.5,ML,"Rivera - Huila, Colombia",manual,0.4,162.0,5.0,SGC,,0.0,0.1,17.0,,,,,,,,,,3.32405,Senel et al.: Mw=0.8095 ML+1.3003 (3.3<=ML<=6.6),,extrapolada,,,principal,,
SGC,SGC1999gxcuxk,,1999-02-19T19:18:18+00:00,2.993,-75.147,119.0,2.7,ML,"Tello - Huila, Colombia",manual,0.4,157.0,3.0,SGC,,0.0,0.1,25.0,,,,,,,,,,3.4859500000000003,Senel et al.: Mw=0.8095 ML+1.3003 (3.3<=ML<=6.6),,extrapolada,,,principal,,
SGC,SGC1999jyakmi,,1999-03-08T21:34:53+00:00,2.522,-75.157,3.0,2.3,ML,"Algeciras - Huila, Colombia",manual,0.8,193.0,5.0,SGC,,0.1,0.1,15.0,,,,,,,,,,3.16215,Senel et al.: Mw=0.8095 ML+1.3003 (3.3<=ML<=6.6),,extrapolada,,,principal,,
SGC,SGC1999qvdwxq,,1999-03-28T13:54:57+00:00,2.692,-75.05,4.0,3.1,ML,"Rivera - Huila, Colombia",manual,0.7,113.0,10.0,SGC,,0.0,0.1,13.0,,,,,,,,,,3.80975,Senel et al.: Mw=0.8095 ML+1.3003 (3.3<=ML<=6.6),,extrapolada,,,principal,,
SGC,SGC1999daoybh,,1999-04-08T20:41:20+00:00,3.206,-75.083,4.0,2.1,ML,"Baraya - Huila, Colombia",manual,0.5,135.0,6.0,SGC,,0.0,0.1,12.0,,,,,,,,,,3.0002500000000003,Senel et al.: Mw=0.8095 ML+1.3003 (3.3<=ML<=6.6),,extrapolada,,,principal,,
SGC,SGC1999xpjlds,,1999-04-10T12:27:39+00:00,2.614,-75.035,8.0,2.7,ML,"Rivera - Huila, Colombia",manual,0.5,202.0,4.0,SGC,,0.0,0.1,14.0,,,,,,,,,,3.4859500000000003,Senel et al.: Mw=0.8095 ML+1.3003 (3.3<=ML<=6.6),,extrapolada,,,principal,,
SGC,SGC1999wnjonv,,1999-04-13T02:30:37+00:00,2.647,-75.285,32.0,1.8,ML,"Campoalegre - Huila, Colombia",manual,0.1,177.0,3.0,SGC,,0.4,1.3,114.0,,,,,,,,,,2.7574,Senel et al.: Mw=0.8095 ML+1.3003 (3.3<=ML<=6.6),,extrapolada,,,principal,,
SGC,SGC1999pqlmei,,1999-04-14T20:05:24+00:00,2.676,-75.056,9.0,2.2,ML,"Rivera - Huila, Colombia",manual,0.4,114.0,7.0,SGC,,0.0,0.0,5.0,,,,,,,,,,3.0812,Senel et al.: Mw=0.8095 ML+1.3003 (3.3<=ML<=6.6),,extrapolada,,,principal,,
SGC,SGC1999axxpga,,1999-04-23T12:57:56+00:00,2.9,-74.941,4.0,1.9,ML,"Tello - Huila, Colombia",manual,0.3,204.0,3.0,SGC,,0.1,0.2,10.0,,,,,,,,,,2.83835,Senel et al.: Mw=0.8095 ML+1.3003 (3.3<=ML<=6.6),,extrapolada,,,principal,,
SGC,SGC1999qwsgid,,1999-06-21T10:00:01+00:00,2.704,-75.097,4.0,2.6,ML,"Rivera - Huila, Colombia",manual,0.2,255.0,3.0,SGC,,9.0,9.0,1000.0,,,,,,,,,,3.405,Senel et al.: Mw=0.8095 ML+1.3003 (3.3<=ML<=6.6),,extrapolada,,,principal,,
SGC,SGC1999bcqxra,,1999-07-01T22:07:07+00:00,2.745,-75.004,3.0,3.3,ML,"Rivera - Huila, Colombia",manual,0.8,204.0,10.0,SGC,,0.1,0.1,12.0,,,,,,,,,,3.97165,Senel et al.: Mw=0.8095 ML+1.3003 (3.3<=ML<=6.6),,dentro_de_rango,,,principal,,
SGC,SGC1999uldgcj,,1999-07-11T08:43:46+00:00,2.659,-75.206,0.0,2.2,ML,"Campoalegre - Huila, Colombia",manual,0.4,227.0,4.0,SGC,,0.1,0.1,8.0,,,,,,,,,,3.0812,Senel et al.: Mw=0.8095 ML+1.3003 (3.3<=ML<=6.6),,extrapolada,,,principal,,
SGC,SGC1999sweayt,,1999-10-29T23:53:08+00:00,2.668,-74.99,1.0,3.6,ML,"Rivera - Huila, Colombia",manual,0.4,146.0,6.0,SGC,,0.0,0.0,7.0,,,,,,,,,,4.2145,Senel et al.: Mw=0.8095 ML+1.3003 (3.3<=ML<=6.6),,dentro_de_rango,,,principal,,
SGC,SGC1999krrpyz,,1999-11-08T14:24:21+00:00,2.696,-75.129,3.0,3.0,ML,"Rivera - Huila, Colombia",manual,0.3,150.0,4.0,SGC,,0.0,0.1,6.0,,,,,,,,,,3.7288,Senel et al.: Mw=0.8095 ML+1.3003 (3.3<=ML<=6.6),,extrapolada,,,principal,,
SGC,SGC1999wpdwwf,,1999-11-16T07:03:16+00:00,2.675,-75.161,24.0,2.0,ML,"Rivera - Huila, Colombia",manual,0.3,208.0,3.0,SGC,,0.0,0.1,7.0,,,,,,,,,,2.9193,Senel et al.: Mw=0.8095 ML+1.3003 (3.3<=ML<=6.6),,extrapolada,,,principal,,
SGC,SGC1999ivxixj,,1999-11-24T17:14:30+00:00,2.78,-75.157,25.0,2.9,ML,"Rivera - Huila, Colombia",manual,0.5,163.0,6.0,SGC,,0.1,0.1,8.0,,,,,,,,,,3.64785,Senel et al.: Mw=0.8095 ML+1.3003 (3.3<=ML<=6.6),,extrapolada,,,principal,,
SGC,SGC1999gpuqml,,1999-12-03T21:05:29+00:00,2.831,-75.11,4.0,2.4,ML,"Rivera - Huila, Colombia",manual,0.4,164.0,4.0,SGC,,0.0,0.2,10.0,,,,,,,,,,3.2431,Senel et al.: Mw=0.8095 ML+1.3003 (3.3<=ML<=6.6),,extrapolada,,,principal,,
SGC,SGC1999wmvyen,,1999-12-12T14:32:20+00:00,2.671,-75.189,4.0,2.2,ML,"Rivera - Huila, Colombia",manual,0.3,164.0,5.0,SGC,,0.0,0.1,7.0,,,,,,,,,,3.0812,Senel et al.: Mw=0.8095 ML+1.3003 (3.3<=ML<=6.6),,extrapolada,,,principal,,
SGC,SGC2000jxqjuq,,2000-02-14T05:31:33+00:00,2.847,-74.868,110.0,2.8,ML,"Tello - Huila, Colombia",manual,0.9,177.0,5.0,SGC,,0.1,0.2,66.0,,,,,,,,,,3.5669,Senel et al.: Mw=0.8095 ML+1.3003 (3.3<=ML<=6.6),,extrapolada,,,principal,,
SGC,SGC2000rrmjwd,,2000-03-03T11:14:36+00:00,2.858,-75.139,105.0,3.0,ML,"Rivera - Huila, Colombia",manual,0.5,195.0,3.0,SGC,,0.1,0.1,74.0,,,,,,,,,,3.7288,Senel et al.: Mw=0.8095 ML+1.3003 (3.3<=ML<=6.6),,extrapolada,,,principal,,
SGC,SGC2000wiemnt,,2000-04-06T20:20:06+00:00,2.824,-75.003,0.0,3.7,ML,"Rivera - Huila, Colombia",manual,1.0,200.0,8.0,SGC,,0.1,0.1,30.0,,,,,,,,,,4.295450000000001,Senel et al.: Mw=0.8095 ML+1.3003 (3.3<=ML<=6.6),,dentro_de_rango,,,principal,,
SGC,SGC2000neqruz,,2000-04-27T01:28:37+00:00,2.958,-75.333,3.0,2.7,ML,"Neiva - Huila, Colombia",manual,1.4,184.0,4.0,SGC,,0.2,0.3,54.0,,,,,,,,,,3.4859500000000003,Senel et al.: Mw=0.8095 ML+1.3003 (3.3<=ML<=6.6),,extrapolada,,,principal,,
SGC,SGC2000jwjgsl,,2000-05-27T04:00:57+00:00,3.037,-74.956,0.0,2.6,ML,"Baraya - Huila, Colombia",manual,0.4,195.0,5.0,SGC,,0.0,0.1,10.0,,,,,,,,,,3.405,Senel et al.: Mw=0.8095 ML+1.3003 (3.3<=ML<=6.6),,extrapolada,,,principal,,
SGC,SGC2000mqulsx,,2000-06-13T04:45:11+00:00,2.801,-75.128,0.0,2.2,ML,"Rivera - Huila, Colombia",manual,0.3,197.0,5.0,SGC,,0.1,0.1,10.0,,,,,,,,,,3.0812,Senel et al.: Mw=0.8095 ML+1.3003 (3.3<=ML<=6.6),,extrapolada,,,principal,,
SGC,SGC2000jrelgc,,2000-06-15T02:58:04+00:00,3.042,-75.062,2.0,1.9,ML,"Tello - Huila, Colombia",manual,0.4,310.0,3.0,SGC,,0.2,0.1,23.0,,,,,,,,,,2.83835,Senel et al.: Mw=0.8095 ML+1.3003 (3.3<=ML<=6.6),,extrapolada,,,principal,,
SGC,SGC2000jwmoze,,2000-07-02T08:41:57+00:00,2.965,-75.182,1.0,2.8,ML,"Neiva - Huila, Colombia",manual,0.3,313.0,3.0,SGC,,0.1,0.1,17.0,,,,,,,,,,3.5669,Senel et al.: Mw=0.8095 ML+1.3003 (3.3<=ML<=6.6),,extrapolada,,,principal,,
SGC,SGC2000cqzwxk,,2000-08-02T08:40:57+00:00,2.677,-75.202,2.0,2.2,ML,"Rivera - Huila, Colombia",manual,0.6,199.0,4.0,SGC,,0.1,0.2,14.0,,,,,,,,,,3.0812,Senel et al.: Mw=0.8095 ML+1.3003 (3.3<=ML<=6.6),,extrapolada,,,principal,,
SGC,SGC2000zkweit,,2000-08-19T03:32:45+00:00,3.009,-74.983,0.0,2.5,ML,"Baraya - Huila, Colombia",manual,0.2,246.0,4.0,SGC,,0.1,0.1,17.0,,,,,,,,,,3.32405,Senel et al.: Mw=0.8095 ML+1.3003 (3.3<=ML<=6.6),,extrapolada,,,principal,,
SGC,SGC2000gzygkn,,2000-09-09T21:31:06+00:00,2.68,-75.413,0.0,3.0,ML,"Campoalegre - Huila, Colombia",manual,0.3,192.0,4.0,SGC,,0.1,0.1,8.0,,,,,,,,,,3.7288,Senel et al.: Mw=0.8095 ML+1.3003 (3.3<=ML<=6.6),,extrapolada,,,principal,,
SGC,SGC2000bhisfn,,2000-09-19T22:31:50+00:00,2.761,-75.154,0.0,2.8,ML,"Rivera - Huila, Colombia",manual,0.5,140.0,5.0,SGC,,0.1,0.1,13.0,,,,,,,,,,3.5669,Senel et al.: Mw=0.8095 ML+1.3003 (3.3<=ML<=6.6),,extrapolada,,,principal,,
SGC,SGC2000qqyhif,,2000-10-17T23:48:25+00:00,2.956,-75.027,9.0,2.1,ML,"Tello - Huila, Colombia",manual,0.4,311.0,3.0,SGC,,0.1,0.1,11.0,,,,,,,,,,3.0002500000000003,Senel et al.: Mw=0.8095 ML+1.3003 (3.3<=ML<=6.6),,extrapolada,,,principal,,
SGC,SGC2000ngocyj,,2000-12-30T21:10:35+00:00,2.888,-74.977,0.0,4.5,ML,"Tello - Huila, Colombia",manual,1.0,199.0,6.0,SGC,,0.2,0.1,23.0,,,,,,,,,,4.94305,Senel et al.: Mw=0.8095 ML+1.3003 (3.3<=ML<=6.6),,dentro_de_rango,,,principal,,
SGC,SGC2001qpoqpp,,2001-02-01T11:18:45+00:00,3.0,-75.072,120.0,3.1,ML,"Tello - Huila, Colombia",manual,0.8,250.0,3.0,SGC,,0.2,0.2,60.0,,,,,,,,,,3.80975,Senel et al.: Mw=0.8095 ML+1.3003 (3.3<=ML<=6.6),,extrapolada,,,principal,,
SGC,SGC2001bnkxqn,,2001-03-06T14:37:41+00:00,2.781,-75.09,84.0,3.9,ML,"Rivera - Huila, Colombia",manual,0.7,257.0,5.0,SGC,,0.1,0.1,85.0,,,,,,,,,,4.45735,Senel et al.: Mw=0.8095 ML+1.3003 (3.3<=ML<=6.6),,dentro_de_rango,,,principal,,
SGC,SGC2001xpmjyz,,2001-03-17T13:45:37+00:00,3.273,-75.426,1.0,2.2,ML,"Aipe - Huila, Colombia",manual,0.6,312.0,3.0,SGC,,0.2,0.1,24.0,,,,,,,,,,3.0812,Senel et al.: Mw=0.8095 ML+1.3003 (3.3<=ML<=6.6),,extrapolada,,,principal,,
SGC,SGC2001itmxqe,,2001-04-01T01:28:22+00:00,3.022,-74.859,1.0,2.0,ML,"Baraya - Huila, Colombia",manual,0.3,308.0,3.0,SGC,,0.1,0.1,10.0,,,,,,,,,,2.9193,Senel et al.: Mw=0.8095 ML+1.3003 (3.3<=ML<=6.6),,extrapolada,,,principal,,
SGC,SGC2001jcplwg,,2001-05-25T01:37:32+00:00,3.126,-74.956,0.0,2.3,ML,"Baraya - Huila, Colombia",manual,0.9,306.0,3.0,SGC,,0.4,0.3,45.0,,,,,,,,,,3.16215,Senel et al.: Mw=0.8095 ML+1.3003 (3.3<=ML<=6.6),,extrapolada,,,principal,,
SGC,SGC2001iucbfj,,2001-06-23T08:06:09+00:00,2.701,-75.145,0.0,2.8,ML,"Rivera - Huila, Colombia",manual,1.1,318.0,3.0,SGC,,0.4,0.3,45.0,,,,,,,,,,3.5669,Senel et al.: Mw=0.8095 ML+1.3003 (3.3<=ML<=6.6),,extrapolada,,,principal,,
SGC,SGC2001gujaiu,,2001-07-22T20:18:31+00:00,3.002,-75.059,0.0,2.4,ML,"Tello - Huila, Colombia",manual,0.4,311.0,3.0,SGC,,0.2,0.2,24.0,,,,,,,,,,3.2431,Senel et al.: Mw=0.8095 ML+1.3003 (3.3<=ML<=6.6),,extrapolada,,,principal,,
SGC,SGC2001ihoykf,,2001-09-04T20:09:29+00:00,2.698,-75.543,124.0,3.0,ML,"Yaguará - Huila, Colombia",manual,0.8,182.0,3.0,SGC,,0.1,0.2,58.0,,,,,,,,,,3.7288,Senel et al.: Mw=0.8095 ML+1.3003 (3.3<=ML<=6.6),,extrapolada,,,principal,,
SGC,SGC2001aigrzb,,2001-09-10T08:19:11+00:00,3.244,-75.156,4.0,3.1,ML,"Villavieja - Huila, Colombia",manual,0.6,157.0,4.0,SGC,,0.1,0.1,18.0,,,,,,,,,,3.80975,Senel et al.: Mw=0.8095 ML+1.3003 (3.3<=ML<=6.6),,extrapolada,,,principal,,
SGC,SGC2001tywswo,,2001-10-02T09:16:47+00:00,2.664,-75.268,1.0,3.0,ML,"Campoalegre - Huila, Colombia",manual,0.9,160.0,4.0,SGC,,0.1,0.2,16.0,,,,,,,,,,3.7288,Senel et al.: Mw=0.8095 ML+1.3003 (3.3<=ML<=6.6),,extrapolada,,,principal,,
SGC,SGC2001juaure,,2001-12-15T16:15:22+00:00,3.04,-75.158,0.0,2.8,ML,"Tello - Huila, Colombia",manual,0.8,156.0,6.0,SGC,,0.1,0.1,24.0,,,,,,,,,,3.5669,Senel et al.: Mw=0.8095 ML+1.3003 (3.3<=ML<=6.6),,extrapolada,,,principal,,
SGC,SGC2002vjsafd,,2002-01-02T12:26:38+00:00,2.951,-74.893,4.0,3.4,ML,"Baraya - Huila, Colombia",manual,0.6,137.0,9.0,SGC,,0.0,0.1,9.0,,,,,,,,,,4.0526,Senel et al.: Mw=0.8095 ML+1.3003 (3.3<=ML<=6.6),,dentro_de_rango,,,principal,,
SGC,SGC2002avugdf,,2002-01-13T00:01:05+00:00,2.983,-74.999,3.0,1.8,ML,"Tello - Huila, Colombia",manual,0.4,166.0,4.0,SGC,,0.0,0.2,11.0,,,,,,,,,,2.7574,Senel et al.: Mw=0.8095 ML+1.3003 (3.3<=ML<=6.6),,extrapolada,,,principal,,
SGC,SGC2002bsntmi,,2002-01-31T11:26:32+00:00,2.983,-74.963,6.0,2.4,ML,"Baraya - Huila, Colombia",manual,0.4,168.0,4.0,SGC,,0.0,0.1,9.0,,,,,,,,,,3.2431,Senel et al.: Mw=0.8095 ML+1.3003 (3.3<=ML<=6.6),,extrapolada,,,principal,,
SGC,SGC2002zzjpnh,,2002-02-11T09:23:06+00:00,2.95,-75.363,0.0,2.6,ML,"Neiva - Huila, Colombia",manual,1.5,170.0,6.0,SGC,,0.1,0.2,28.0,,,,,,,,,,3.405,Senel et al.: Mw=0.8095 ML+1.3003 (3.3<=ML<=6.6),,extrapolada,,,principal,,
SGC,SGC2002xbhsny,,2002-02-14T07:01:35+00:00,2.841,-75.163,1.0,2.2,ML,"Rivera - Huila, Colombia",manual,0.6,161.0,4.0,SGC,,0.1,0.2,15.0,,,,,,,,,,3.0812,Senel et al.: Mw=0.8095 ML+1.3003 (3.3<=ML<=6.6),,extrapolada,,,principal,,
SGC,SGC2002maaniv,,2002-03-09T08:26:06+00:00,2.931,-75.046,4.0,2.5,ML,"Tello - Huila, Colombia",manual,0.3,165.0,5.0,SGC,,0.0,0.1,12.0,,,,,,,,,,3.32405,Senel et al.: Mw=0.8095 ML+1.3003 (3.3<=ML<=6.6),,extrapolada,,,principal,,
SGC,SGC2002kpgyfa,,2002-03-15T11:20:05+00:00,2.928,-75.165,10.0,2.5,ML,"Neiva - Huila, Colombia",manual,0.6,158.0,4.0,SGC,,0.1,0.2,16.0,,,,,,,,,,3.32405,Senel et al.: Mw=0.8095 ML+1.3003 (3.3<=ML<=6.6),,extrapolada,,,principal,,
SGC,SGC2002wahorq,,2002-03-16T06:13:26+00:00,2.893,-74.987,4.0,2.2,ML,"Tello - Huila, Colombia",manual,0.2,169.0,4.0,SGC,,0.0,0.1,6.0,,,,,,,,,,3.0812,Senel et al.: Mw=0.8095 ML+1.3003 (3.3<=ML<=6.6),,extrapolada,,,principal,,
SGC,SGC2002swmhct,,2002-03-24T03:00:39+00:00,3.027,-75.071,4.0,2.1,ML,"Tello - Huila, Colombia",manual,0.7,161.0,4.0,SGC,,0.1,0.2,30.0,,,,,,,,,,3.0002500000000003,Senel et al.: Mw=0.8095 ML+1.3003 (3.3<=ML<=6.6),,extrapolada,,,principal,,
SGC,SGC2002rkfjpm,,2002-03-25T02:30:18+00:00,2.914,-74.977,4.0,1.7,ML,"Tello - Huila, Colombia",manual,0.1,200.0,3.0,SGC,,0.0,0.2,9.0,,,,,,,,,,2.67645,Senel et al.: Mw=0.8095 ML+1.3003 (3.3<=ML<=6.6),,extrapolada,,,principal,,
SGC,SGC2002uakkay,,2002-03-26T22:47:00+00:00,2.671,-75.366,2.0,3.1,ML,"Campoalegre - Huila, Colombia",manual,0.7,127.0,7.0,SGC,,0.1,0.1,13.0,,,,,,,,,,3.80975,Senel et al.: Mw=0.8095 ML+1.3003 (3.3<=ML<=6.6),,extrapolada,,,principal,,
SGC,SGC2002iutgiw,,2002-04-04T00:17:25+00:00,2.864,-74.965,3.0,2.1,ML,"Tello - Huila, Colombia",manual,0.4,172.0,4.0,SGC,,0.0,0.1,12.0,,,,,,,,,,3.0002500000000003,Senel et al.: Mw=0.8095 ML+1.3003 (3.3<=ML<=6.6),,extrapolada,,,principal,,
SGC,SGC2002wwnyyu,,2002-04-08T13:11:59+00:00,2.957,-75.068,3.0,2.3,ML,"Tello - Huila, Colombia",manual,0.4,163.0,4.0,SGC,,0.0,0.1,10.0,,,,,,,,,,3.16215,Senel et al.: Mw=0.8095 ML+1.3003 (3.3<=ML<=6.6),,extrapolada,,,principal,,
SGC,SGC2002ymatqh,,2002-04-14T19:29:04+00:00,2.848,-74.953,6.0,2.2,ML,"Tello - Huila, Colombia",manual,0.3,204.0,3.0,SGC,,0.1,0.9,42.0,,,,,,,,,,3.0812,Senel et al.: Mw=0.8095 ML+1.3003 (3.3<=ML<=6.6),,extrapolada,,,principal,,
SGC,SGC2002mnafwg,,2002-04-15T00:06:03+00:00,2.971,-74.914,4.0,1.9,ML,"Baraya - Huila, Colombia",manual,0.2,171.0,4.0,SGC,,0.0,0.1,7.0,,,,,,,,,,2.83835,Senel et al.: Mw=0.8095 ML+1.3003 (3.3<=ML<=6.6),,extrapolada,,,principal,,
SGC,SGC2002exbuxu,,2002-04-15T06:16:03+00:00,2.875,-75.052,20.0,4.0,ML,"Tello - Huila, Colombia",manual,1.2,106.0,10.0,SGC,,0.1,0.1,17.0,,,,,,,,,,4.5383,Senel et al.: Mw=0.8095 ML+1.3003 (3.3<=ML<=6.6),,dentro_de_rango,,,principal,,
SGC,SGC2002fblpyr,,2002-04-22T19:12:57+00:00,2.951,-74.967,1.0,2.7,ML,"Tello - Huila, Colombia",manual,0.8,142.0,7.0,SGC,,0.1,0.1,21.0,,,,,,,,,,3.4859500000000003,Senel et al.: Mw=0.8095 ML+1.3003 (3.3<=ML<=6.6),,extrapolada,,,principal,,
SGC,SGC2002rxblam,,2002-04-25T01:25:10+00:00,2.987,-74.983,0.0,2.1,ML,"Tello - Huila, Colombia",manual,0.4,167.0,4.0,SGC,,0.0,0.1,10.0,,,,,,,,,,3.0002500000000003,Senel et al.: Mw=0.8095 ML+1.3003 (3.3<=ML<=6.6),,extrapolada,,,principal,,
SGC,SGC2002jidhlo,,2002-04-27T03:51:12+00:00,2.698,-75.227,2.0,2.3,ML,"Rivera - Huila, Colombia",manual,0.5,158.0,4.0,SGC,,0.0,0.1,13.0,,,,,,,,,,3.16215,Senel et al.: Mw=0.8095 ML+1.3003 (3.3<=ML<=6.6),,extrapolada,,,principal,,
SGC,SGC2002reolbz,,2002-05-01T07:32:30+00:00,2.676,-75.078,4.0,1.9,ML,"Rivera - Huila, Colombia",manual,0.1,196.0,3.0,SGC,,0.0,0.1,9.0,,,,,,,,,,2.83835,Senel et al.: Mw=0.8095 ML+1.3003 (3.3<=ML<=6.6),,extrapolada,,,principal,,
SGC,SGC2002spwkbu,,2002-05-04T17:19:02+00:00,2.691,-75.25,3.0,2.1,ML,"Campoalegre - Huila, Colombia",manual,0.8,160.0,4.0,SGC,,0.1,0.2,13.0,,,,,,,,,,3.0002500000000003,Senel et al.: Mw=0.8095 ML+1.3003 (3.3<=ML<=6.6),,extrapolada,,,principal,,
SGC,SGC2002smlkdv,,2002-05-09T11:05:46+00:00,2.979,-74.882,6.0,2.8,ML,"Baraya - Huila, Colombia",manual,0.4,137.0,5.0,SGC,,0.0,0.0,8.0,,,,,,,,,,3.5669,Senel et al.: Mw=0.8095 ML+1.3003 (3.3<=ML<=6.6),,extrapolada,,,principal,,
SGC,SGC2002rvmhdh,,2002-05-18T17:30:10+00:00,2.682,-75.032,4.0,2.2,ML,"Rivera - Huila, Colombia",manual,0.3,200.0,3.0,SGC,,0.1,0.3,13.0,,,,,,,,,,3.0812,Senel et al.: Mw=0.8095 ML+1.3003 (3.3<=ML<=6.6),,extrapolada,,,principal,,
SGC,SGC2002oqhsfs,,2002-05-23T23:43:35+00:00,2.912,-75.161,1.0,2.0,ML,"Neiva - Huila, Colombia",manual,0.5,159.0,4.0,SGC,,0.0,0.1,14.0,,,,,,,,,,2.9193,Senel et al.: Mw=0.8095 ML+1.3003 (3.3<=ML<=6.6),,extrapolada,,,principal,,
SGC,SGC2002xomrmf,,2002-05-31T01:29:28+00:00,2.9,-75.001,4.0,2.0,ML,"Tello - Huila, Colombia",manual,0.9,197.0,3.0,SGC,,0.1,0.5,31.0,,,,,,,,,,2.9193,Senel et al.: Mw=0.8095 ML+1.3003 (3.3<=ML<=6.6),,extrapolada,,,principal,,
SGC,SGC2002tygjur,,2002-06-13T16:08:02+00:00,2.861,-74.868,10.0,2.3,ML,"Tello - Huila, Colombia",manual,0.2,212.0,3.0,SGC,,0.1,0.5,15.0,,,,,,,,,,3.16215,Senel et al.: Mw=0.8095 ML+1.3003 (3.3<=ML<=6.6),,extrapolada,,,principal,,
SGC,SGC2002cedlho,,2002-07-06T07:43:37+00:00,2.699,-75.17,4.0,2.5,ML,"Rivera - Huila, Colombia",manual,0.5,165.0,4.0,SGC,,0.1,0.2,14.0,,,,,,,,,,3.32405,Senel et al.: Mw=0.8095 ML+1.3003 (3.3<=ML<=6.6),,extrapolada,,,principal,,
SGC,SGC2002uxaoqo,,2002-07-09T02:15:28+00:00,2.693,-75.14,0.0,2.6,ML,"Rivera - Huila, Colombia",manual,1.0,151.0,6.0,SGC,,0.1,0.1,23.0,,,,,,,,,,3.405,Senel et al.: Mw=0.8095 ML+1.3003 (3.3<=ML<=6.6),,extrapolada,,,principal,,
SGC,SGC2002aufwiu,,2002-08-03T15:31:29+00:00,2.69,-75.606,124.0,3.0,ML,"Íquira - Huila, Colombia",manual,0.7,187.0,4.0,SGC,,0.1,0.4,33.0,,,,,,,,,,3.7288,Senel et al.: Mw=0.8095 ML+1.3003 (3.3<=ML<=6.6),,extrapolada,,,principal,,
SGC,SGC2002guwjhb,,2002-08-31T19:24:13+00:00,2.845,-74.984,1.0,2.4,ML,"Tello - Huila, Colombia",manual,0.4,142.0,5.0,SGC,,0.0,0.1,7.0,,,,,,,,,,3.2431,Senel et al.: Mw=0.8095 ML+1.3003 (3.3<=ML<=6.6),,extrapolada,,,principal,,
SGC,SGC2002iofavs,,2002-09-01T00:06:28+00:00,2.957,-74.849,98.0,2.6,ML,"Baraya - Huila, Colombia",manual,0.7,135.0,4.0,SGC,,0.1,0.1,76.0,,,,,,,,,,3.405,Senel et al.: Mw=0.8095 ML+1.3003 (3.3<=ML<=6.6),,extrapolada,,,principal,,
SGC,SGC2002mzhatx,,2002-09-09T22:41:19+00:00,3.005,-74.986,3.0,2.1,ML,"Baraya - Huila, Colombia",manual,0.8,166.0,4.0,SGC,,0.1,0.2,19.0,,,,,,,,,,3.0002500000000003,Senel et al.: Mw=0.8095 ML+1.3003 (3.3<=ML<=6.6),,extrapolada,,,principal,,
SGC,SGC2002yrmkpu,,2002-09-30T18:15:57+00:00,2.952,-74.991,4.0,2.4,ML,"Tello - Huila, Colombia",manual,0.3,167.0,4.0,SGC,,0.0,0.1,8.0,,,,,,,,,,3.2431,Senel et al.: Mw=0.8095 ML+1.3003 (3.3<=ML<=6.6),,extrapolada,,,principal,,
SGC,SGC2002nkthxr,,2002-10-02T22:14:16+00:00,2.844,-74.893,7.0,2.1,ML,"Tello - Huila, Colombia",manual,0.8,136.0,5.0,SGC,,0.1,0.1,14.0,,,,,,,,,,3.0002500000000003,Senel et al.: Mw=0.8095 ML+1.3003 (3.3<=ML<=6.6),,extrapolada,,,principal,,
SGC,SGC2002qhsfqu,,2002-10-05T18:16:15+00:00,2.919,-74.851,2.0,1.8,ML,"Baraya - Huila, Colombia",manual,0.5,176.0,4.0,SGC,,0.0,0.1,13.0,,,,,,,,,,2.7574,Senel et al.: Mw=0.8095 ML+1.3003 (3.3<=ML<=6.6),,extrapolada,,,principal,,
SGC,SGC2002otxcbh,,2002-10-22T01:30:29+00:00,2.791,-75.421,10.0,1.9,ML,"Palermo - Huila, Colombia",manual,0.3,201.0,4.0,SGC,,0.0,0.1,11.0,,,,,,,,,,2.83835,Senel et al.: Mw=0.8095 ML+1.3003 (3.3<=ML<=6.6),,extrapolada,,,principal,,
SGC,SGC2002hqiote,,2002-11-14T20:34:25+00:00,3.076,-74.921,0.0,1.6,ML,"Baraya - Huila, Colombia",manual,0.3,167.0,4.0,SGC,,0.0,0.1,9.0,,,,,,,,,,2.5955000000000004,Senel et al.: Mw=0.8095 ML+1.3003 (3.3<=ML<=6.6),,extrapolada,,,principal,,
SGC,SGC2002pbtnfn,,2002-11-18T18:52:08+00:00,2.897,-75.202,0.0,3.6,ML,"Neiva - Huila, Colombia",manual,1.0,104.0,8.0,SGC,,0.1,0.1,16.0,,,,,,,,,,4.2145,Senel et al.: Mw=0.8095 ML+1.3003 (3.3<=ML<=6.6),,dentro_de_rango,,,principal,,
SGC,SGC2002mpzkcu,,2002-12-03T21:44:50+00:00,3.193,-74.937,2.0,1.7,ML,"Baraya - Huila, Colombia",manual,0.5,163.0,4.0,SGC,,0.0,0.1,11.0,,,,,,,,,,2.67645,Senel et al.: Mw=0.8095 ML+1.3003 (3.3<=ML<=6.6),,extrapolada,,,principal,,
SGC,SGC2002tbtibc,,2002-12-04T04:51:36+00:00,2.66,-75.08,0.0,2.9,ML,"Rivera - Huila, Colombia",manual,1.1,113.0,7.0,SGC,,0.1,0.1,19.0,,,,,,,,,,3.64785,Senel et al.: Mw=0.8095 ML+1.3003 (3.3<=ML<=6.6),,extrapolada,,,principal,,
SGC,SGC2002pxfefm,,2002-12-06T12:22:17+00:00,2.728,-75.237,1.0,2.3,ML,"Rivera - Huila, Colombia",manual,0.9,160.0,4.0,SGC,,0.1,0.2,24.0,,,,,,,,,,3.16215,Senel et al.: Mw=0.8095 ML+1.3003 (3.3<=ML<=6.6),,extrapolada,,,principal,,
SGC,SGC2002kmgtko,,2002-12-27T05:01:40+00:00,2.632,-75.154,0.0,2.2,ML,"Rivera - Huila, Colombia",manual,1.3,111.0,7.0,SGC,,0.1,0.1,23.0,,,,,,,,,,3.0812,Senel et al.: Mw=0.8095 ML+1.3003 (3.3<=ML<=6.6),,extrapolada,,,principal,,
SGC,SGC2003ziwfio,,2003-01-09T08:23:54+00:00,2.651,-75.135,5.0,2.5,ML,"Rivera - Huila, Colombia",manual,0.6,168.0,5.0,SGC,,0.1,0.1,14.0,,,,,,,,,,3.32405,Senel et al.: Mw=0.8095 ML+1.3003 (3.3<=ML<=6.6),,extrapolada,,,principal,,
SGC,SGC2003pvsiir,,2003-01-17T16:35:31+00:00,2.553,-75.252,2.0,2.7,ML,"Algeciras - Huila, Colombia",manual,0.5,175.0,5.0,SGC,,0.1,0.1,12.0,,,,,,,,,,3.4859500000000003,Senel et al.: Mw=0.8095 ML+1.3003 (3.3<=ML<=6.6),,extrapolada,,,principal,,
SGC,SGC2003tjzpmw,,2003-01-18T01:07:55+00:00,2.771,-75.267,0.0,1.9,ML,"Rivera - Huila, Colombia",manual,0.6,318.0,3.0,SGC,,0.2,0.2,24.0,,,,,,,,,,2.83835,Senel et al.: Mw=0.8095 ML+1.3003 (3.3<=ML<=6.6),,extrapolada,,,principal,,
SGC,SGC2003weyxvp,,2003-02-03T01:58:57+00:00,2.609,-75.056,4.0,1.6,ML,"Rivera - Huila, Colombia",manual,0.4,200.0,3.0,SGC,,0.1,0.4,21.0,,,,,,,,,,2.5955000000000004,Senel et al.: Mw=0.8095 ML+1.3003 (3.3<=ML<=6.6),,extrapolada,,,principal,,
SGC,SGC2003opooin,,2003-02-24T20:24:19+00:00,3.143,-75.024,4.0,1.6,ML,"Baraya - Huila, Colombia",manual,0.3,188.0,3.0,SGC,,0.0,0.1,13.0,,,,,,,,,,2.5955000000000004,Senel et al.: Mw=0.8095 ML+1.3003 (3.3<=ML<=6.6),,extrapolada,,,principal,,
SGC,SGC2003trrjra,,2003-03-07T16:50:23+00:00,2.84,-75.458,0.0,2.7,ML,"Palermo - Huila, Colombia",manual,1.0,206.0,4.0,SGC,,0.2,0.2,28.0,,,,,,,,,,3.4859500000000003,Senel et al.: Mw=0.8095 ML+1.3003 (3.3<=ML<=6.6),,extrapolada,,,principal,,
SGC,SGC2003zruagg,,2003-03-08T17:03:00+00:00,2.706,-75.068,4.0,1.9,ML,"Rivera - Huila, Colombia",manual,0.4,196.0,3.0,SGC,,0.1,0.3,12.0,,,,,,,,,,2.83835,Senel et al.: Mw=0.8095 ML+1.3003 (3.3<=ML<=6.6),,extrapolada,,,principal,,
SGC,SGC2003sosepz,,2003-03-10T09:58:33+00:00,2.708,-75.052,8.0,2.7,ML,"Rivera - Huila, Colombia",manual,0.3,197.0,4.0,SGC,,0.1,0.1,14.0,,,,,,,,,,3.4859500000000003,Senel et al.: Mw=0.8095 ML+1.3003 (3.3<=ML<=6.6),,extrapolada,,,principal,,
SGC,SGC2003psjgwe,,2003-03-15T14:13:41+00:00,2.954,-74.951,4.0,1.9,ML,"Tello - Huila, Colombia",manual,0.7,169.0,4.0,SGC,,0.1,0.2,17.0,,,,,,,,,,2.83835,Senel et al.: Mw=0.8095 ML+1.3003 (3.3<=ML<=6.6),,extrapolada,,,principal,,
SGC,SGC2003hmckzq,,2003-03-23T21:47:21+00:00,2.531,-75.324,20.0,2.6,ML,"Algeciras - Huila, Colombia",manual,0.1,183.0,3.0,SGC,,0.1,0.1,30.0,,,,,,,,,,3.405,Senel et al.: Mw=0.8095 ML+1.3003 (3.3<=ML<=6.6),,extrapolada,,,principal,,
SGC,SGC2003ionlkl,,2003-03-28T10:55:30+00:00,2.562,-75.121,4.0,2.3,ML,"Algeciras - Huila, Colombia",manual,0.3,195.0,3.0,SGC,,0.3,0.8,35.0,,,,,,,,,,3.16215,Senel et al.: Mw=0.8095 ML+1.3003 (3.3<=ML<=6.6),,extrapolada,,,principal,,
SGC,SGC2003dxvqwd,,2003-03-29T07:46:32+00:00,2.706,-75.117,4.0,2.3,ML,"Rivera - Huila, Colombia",manual,0.3,191.0,3.0,SGC,,0.2,0.6,32.0,,,,,,,,,,3.16215,Senel et al.: Mw=0.8095 ML+1.3003 (3.3<=ML<=6.6),,extrapolada,,,principal,,
SGC,SGC2003aqesal,,2003-04-06T00:08:27+00:00,2.505,-75.201,83.0,2.0,ML,"Algeciras - Huila, Colombia",manual,0.1,189.0,3.0,SGC,,0.0,0.1,17.0,,,,,,,,,,2.9193,Senel et al.: Mw=0.8095 ML+1.3003 (3.3<=ML<=6.6),,extrapolada,,,principal,,
SGC,SGC2003jblpzs,,2003-04-13T00:04:52+00:00,2.847,-75.164,0.0,3.3,ML,"Rivera - Huila, Colombia",manual,1.0,124.0,6.0,SGC,,0.1,0.1,19.0,,,,,,,,,,3.97165,Senel et al.: Mw=0.8095 ML+1.3003 (3.3<=ML<=6.6),,dentro_de_rango,,,principal,,
SGC,SGC2003zbprsz,,2003-04-16T11:20:41+00:00,2.676,-75.125,0.0,2.7,ML,"Rivera - Huila, Colombia",manual,0.9,169.0,5.0,SGC,,0.1,0.2,17.0,,,,,,,,,,3.4859500000000003,Senel et al.: Mw=0.8095 ML+1.3003 (3.3<=ML<=6.6),,extrapolada,,,principal,,
SGC,SGC2003rkysqb,,2003-05-30T23:55:10+00:00,2.886,-75.027,0.0,2.5,ML,"Tello - Huila, Colombia",manual,0.5,167.0,4.0,SGC,,0.1,0.1,9.0,,,,,,,,,,3.32405,Senel et al.: Mw=0.8095 ML+1.3003 (3.3<=ML<=6.6),,extrapolada,,,principal,,
SGC,SGC2003wldfft,,2003-06-08T02:38:22+00:00,2.838,-74.889,1.0,2.3,ML,"Tello - Huila, Colombia",manual,0.4,150.0,5.0,SGC,,0.0,0.0,8.0,,,,,,,,,,3.16215,Senel et al.: Mw=0.8095 ML+1.3003 (3.3<=ML<=6.6),,extrapolada,,,principal,,
SGC,SGC2003oaxouz,,2003-06-14T03:17:03+00:00,2.721,-75.219,4.0,2.2,ML,"Rivera - Huila, Colombia",manual,0.9,157.0,4.0,SGC,,0.1,0.2,16.0,,,,,,,,,,3.0812,Senel et al.: Mw=0.8095 ML+1.3003 (3.3<=ML<=6.6),,extrapolada,,,principal,,
SGC,SGC2003fswxvy,,2003-07-04T09:45:20+00:00,2.497,-75.397,16.0,2.9,ML,"Algeciras - Huila, Colombia",manual,0.3,156.0,4.0,SGC,,0.1,0.1,32.0,,,,,,,,,,3.64785,Senel et al.: Mw=0.8095 ML+1.3003 (3.3<=ML<=6.6),,extrapolada,,,principal,,
SGC,SGC2003mhaqys,,2003-07-07T01:09:36+00:00,2.823,-74.911,4.0,2.4,ML,"Tello - Huila, Colombia",manual,0.9,112.0,7.0,SGC,,0.1,0.1,14.0,,,,,,,,,,3.2431,Senel et al.: Mw=0.8095 ML+1.3003 (3.3<=ML<=6.6),,extrapolada,,,principal,,
SGC,SGC2003dtsxsg,,2003-07-14T02:42:58+00:00,2.689,-75.14,3.0,2.0,ML,"Rivera - Huila, Colombia",manual,0.6,110.0,5.0,SGC,,0.1,0.1,14.0,,,,,,,,,,2.9193,Senel et al.: Mw=0.8095 ML+1.3003 (3.3<=ML<=6.6),,extrapolada,,,principal,,
SGC,SGC2003saqeya,,2003-07-20T20:05:23+00:00,2.67,-74.964,6.0,2.1,ML,"Rivera - Huila, Colombia",manual,0.3,207.0,4.0,SGC,,0.1,0.2,13.0,,,,,,,,,,3.0002500000000003,Senel et al.: Mw=0.8095 ML+1.3003 (3.3<=ML<=6.6),,extrapolada,,,principal,,
SGC,SGC2003scmnwj,,2003-07-23T23:56:35+00:00,2.638,-75.037,5.0,2.2,ML,"Rivera - Huila, Colombia",manual,0.4,175.0,6.0,SGC,,0.0,0.1,9.0,,,,,,,,,,3.0812,Senel et al.: Mw=0.8095 ML+1.3003 (3.3<=ML<=6.6),,extrapolada,,,principal,,
SGC,SGC2003dexqsh,,2003-07-30T08:09:38+00:00,2.698,-74.932,4.0,1.9,ML,"Rivera - Huila, Colombia",manual,0.5,179.0,4.0,SGC,,0.1,0.2,17.0,,,,,,,,,,2.83835,Senel et al.: Mw=0.8095 ML+1.3003 (3.3<=ML<=6.6),,extrapolada,,,principal,,
SGC,SGC2003dlblhz,,2003-08-01T00:29:24+00:00,2.938,-74.953,10.0,2.0,ML,"Tello - Huila, Colombia",manual,0.7,141.0,5.0,SGC,,0.1,0.1,20.0,,,,,,,,,,2.9193,Senel et al.: Mw=0.8095 ML+1.3003 (3.3<=ML<=6.6),,extrapolada,,,principal,,
SGC,SGC2003spknle,,2003-08-12T00:37:05+00:00,2.683,-75.032,4.0,4.7,ML,"Rivera - Huila, Colombia",manual,1.0,174.0,14.0,SGC,,0.1,0.1,16.0,,,,,,,,,,5.1049500000000005,Senel et al.: Mw=0.8095 ML+1.3003 (3.3<=ML<=6.6),,dentro_de_rango,,,principal,,
USGS,usp000c4p4,2003-08-12T05:37:06.630000Z,,2.855,-75.011,60.2,4.4,mb,"27 km SSE of Tello, Colombia",reviewed,0.92,130.6,43.0,,,,,,us,earthquake,,7.9,,19.0,us,us,,4.76,Scordilis: Mw=0.85 mb+1.02 (3.5<=mb<=6.2),0.29,dentro_de_rango,8.079999999999998,17.599999999999998,principal,,
SGC,SGC2003mpvhsp,,2003-08-13T07:05:10+00:00,2.768,-75.28,2.0,2.0,ML,"Rivera - Huila, Colombia",manual,0.9,162.0,4.0,SGC,,0.1,0.2,14.0,,,,,,,,,,2.9193,Senel et al.: Mw=0.8095 ML+1.3003 (3.3<=ML<=6.6),,extrapolada,,,principal,,
SGC,SGC2003rbgslt,,2003-08-14T02:34:30+00:00,2.692,-75.273,0.0,2.0,ML,"Campoalegre - Huila, Colombia",manual,0.9,161.0,4.0,SGC,,0.1,0.2,15.0,,,,,,,,,,2.9193,Senel et al.: Mw=0.8095 ML+1.3003 (3.3<=ML<=6.6),,extrapolada,,,principal,,
SGC,SGC2003xzlnbb,,2003-08-24T04:20:42+00:00,2.867,-75.005,0.0,2.1,ML,"Tello - Huila, Colombia",manual,0.6,169.0,4.0,SGC,,0.0,0.1,14.0,,,,,,,,,,3.0002500000000003,Senel et al.: Mw=0.8095 ML+1.3003 (3.3<=ML<=6.6),,extrapolada,,,principal,,
SGC,SGC2003mbhpgc,,2003-08-24T12:43:10+00:00,2.856,-75.036,3.0,2.3,ML,"Tello - Huila, Colombia",manual,0.2,168.0,4.0,SGC,,0.0,0.0,5.0,,,,,,,,,,3.16215,Senel et al.: Mw=0.8095 ML+1.3003 (3.3<=ML<=6.6),,extrapolada,,,principal,,
SGC,SGC2003dkgimx,,2003-09-13T10:10:09+00:00,2.948,-75.036,5.0,2.1,ML,"Tello - Huila, Colombia",manual,0.4,165.0,4.0,SGC,,0.0,0.1,9.0,,,,,,,,,,3.0002500000000003,Senel et al.: Mw=0.8095 ML+1.3003 (3.3<=ML<=6.6),,extrapolada,,,principal,,
SGC,SGC2003tbijce,,2003-10-07T16:26:28+00:00,3.159,-75.037,76.0,2.1,ML,"Baraya - Huila, Colombia",manual,0.5,186.0,3.0,SGC,,0.1,0.3,25.0,,,,,,,,,,3.0002500000000003,Senel et al.: Mw=0.8095 ML+1.3003 (3.3<=ML<=6.6),,extrapolada,,,principal,,
SGC,SGC2003zedhyt,,2003-10-09T01:10:44+00:00,3.206,-75.631,18.0,2.0,ML,"Planadas - Tolima, Colombia",manual,0.7,192.0,3.0,SGC,,0.1,0.2,26.0,,,,,,,,,,2.9193,Senel et al.: Mw=0.8095 ML+1.3003 (3.3<=ML<=6.6),,extrapolada,,,principal,,
SGC,SGC2003mwlsrq,,2003-10-21T13:24:51+00:00,2.691,-75.201,0.0,2.3,ML,"Rivera - Huila, Colombia",manual,0.9,163.0,4.0,SGC,,0.1,0.3,28.0,,,,,,,,,,3.16215,Senel et al.: Mw=0.8095 ML+1.3003 (3.3<=ML<=6.6),,extrapolada,,,principal,,
SGC,SGC2003dkdbca,,2003-10-25T04:54:53+00:00,3.239,-75.482,14.0,2.5,ML,"Planadas - Tolima, Colombia",manual,0.6,133.0,5.0,SGC,,0.1,0.1,16.0,,,,,,,,,,3.32405,Senel et al.: Mw=0.8095 ML+1.3003 (3.3<=ML<=6.6),,extrapolada,,,principal,,
SGC,SGC2003nwdmhb,,2003-10-27T06:04:42+00:00,2.809,-74.923,4.0,2.6,ML,"Tello - Huila, Colombia",manual,0.6,178.0,6.0,SGC,,0.1,0.2,12.0,,,,,,,,,,3.405,Senel et al.: Mw=0.8095 ML+1.3003 (3.3<=ML<=6.6),,extrapolada,,,principal,,
SGC,SGC2003qunvgx,,2003-11-17T05:09:19+00:00,2.707,-75.155,0.0,2.5,ML,"Rivera - Huila, Colombia",manual,1.6,166.0,6.0,SGC,,0.2,0.2,27.0,,,,,,,,,,3.32405,Senel et al.: Mw=0.8095 ML+1.3003 (3.3<=ML<=6.6),,extrapolada,,,principal,,
SGC,SGC2003nomaij,,2003-11-22T18:47:16+00:00,2.54,-75.497,4.0,3.2,ML,"Hobo - Huila, Colombia",manual,0.4,147.0,7.0,SGC,,0.0,0.0,14.0,,,,,,,,,,3.8907,Senel et al.: Mw=0.8095 ML+1.3003 (3.3<=ML<=6.6),,extrapolada,,,principal,,
SGC,SGC2003yenzui,,2003-12-06T12:41:52+00:00,2.561,-75.051,19.0,2.6,ML,"Algeciras - Huila, Colombia",manual,0.6,177.0,7.0,SGC,,0.1,0.1,25.0,,,,,,,,,,3.405,Senel et al.: Mw=0.8095 ML+1.3003 (3.3<=ML<=6.6),,extrapolada,,,principal,,
SGC,SGC2003oiqnin,,2003-12-07T17:49:15+00:00,2.705,-75.013,4.0,2.3,ML,"Rivera - Huila, Colombia",manual,0.5,174.0,6.0,SGC,,0.0,0.1,9.0,,,,,,,,,,3.16215,Senel et al.: Mw=0.8095 ML+1.3003 (3.3<=ML<=6.6),,extrapolada,,,principal,,
SGC,SGC2003jxisxu,,2003-12-08T05:30:55+00:00,2.992,-75.088,3.0,1.7,ML,"Tello - Huila, Colombia",manual,0.4,161.0,4.0,SGC,,0.0,0.1,13.0,,,,,,,,,,2.67645,Senel et al.: Mw=0.8095 ML+1.3003 (3.3<=ML<=6.6),,extrapolada,,,principal,,
SGC,SGC2003tkjgnx,,2003-12-12T19:57:54+00:00,2.626,-75.048,4.0,3.1,ML,"Rivera - Huila, Colombia",manual,0.7,116.0,8.0,SGC,,0.1,0.1,18.0,,,,,,,,,,3.80975,Senel et al.: Mw=0.8095 ML+1.3003 (3.3<=ML<=6.6),,extrapolada,,,principal,,
SGC,SGC2003dfjgww,,2003-12-17T05:18:01+00:00,2.905,-74.959,0.0,2.4,ML,"Tello - Huila, Colombia",manual,0.9,171.0,5.0,SGC,,0.1,0.2,17.0,,,,,,,,,,3.2431,Senel et al.: Mw=0.8095 ML+1.3003 (3.3<=ML<=6.6),,extrapolada,,,principal,,
SGC,SGC2004arpvio,,2004-01-03T06:05:48+00:00,2.958,-74.871,4.0,2.6,ML,"Baraya - Huila, Colombia",manual,0.5,244.0,5.0,SGC,,0.1,0.1,11.0,,,,,,,,,,3.405,Senel et al.: Mw=0.8095 ML+1.3003 (3.3<=ML<=6.6),,extrapolada,,,principal,,
SGC,SGC2004azxrmp,,2004-01-07T10:26:51+00:00,2.634,-75.384,0.0,2.5,ML,"Campoalegre - Huila, Colombia",manual,0.7,270.0,4.0,SGC,,0.2,0.2,23.0,,,,,,,,,,3.32405,Senel et al.: Mw=0.8095 ML+1.3003 (3.3<=ML<=6.6),,extrapolada,,,principal,,
SGC,SGC2004mfyknr,,2004-01-20T20:18:55+00:00,2.693,-75.092,0.0,1.9,ML,"Rivera - Huila, Colombia",manual,0.2,317.0,3.0,SGC,,0.1,0.1,11.0,,,,,,,,,,2.83835,Senel et al.: Mw=0.8095 ML+1.3003 (3.3<=ML<=6.6),,extrapolada,,,principal,,
SGC,SGC2004wpgysp,,2004-02-06T22:34:39+00:00,2.706,-75.195,4.0,2.0,ML,"Rivera - Huila, Colombia",manual,0.8,163.0,4.0,SGC,,0.1,0.3,21.0,,,,,,,,,,2.9193,Senel et al.: Mw=0.8095 ML+1.3003 (3.3<=ML<=6.6),,extrapolada,,,principal,,
SGC,SGC2004ptxwic,,2004-02-19T18:05:28+00:00,2.892,-74.876,0.0,3.1,ML,"Baraya - Huila, Colombia",manual,1.2,156.0,5.0,SGC,,0.1,0.1,18.0,,,,,,,,,,3.80975,Senel et al.: Mw=0.8095 ML+1.3003 (3.3<=ML<=6.6),,extrapolada,,,principal,,
SGC,SGC2004dmqzlh,,2004-02-25T00:48:58+00:00,3.073,-74.97,8.0,1.6,ML,"Baraya - Huila, Colombia",manual,0.2,197.0,3.0,SGC,,9.0,9.0,1000.0,,,,,,,,,,2.5955000000000004,Senel et al.: Mw=0.8095 ML+1.3003 (3.3<=ML<=6.6),,extrapolada,,,principal,,
SGC,SGC2004yiylqd,,2004-03-11T09:31:11+00:00,2.651,-75.17,0.0,2.2,ML,"Rivera - Huila, Colombia",manual,0.9,166.0,4.0,SGC,,0.1,0.3,17.0,,,,,,,,,,3.0812,Senel et al.: Mw=0.8095 ML+1.3003 (3.3<=ML<=6.6),,extrapolada,,,principal,,
SGC,SGC2004bumjxw,,2004-03-13T06:46:27+00:00,2.625,-75.399,9.0,2.6,ML,"Hobo - Huila, Colombia",manual,0.7,152.0,6.0,SGC,,0.0,0.1,15.0,,,,,,,,,,3.405,Senel et al.: Mw=0.8095 ML+1.3003 (3.3<=ML<=6.6),,extrapolada,,,principal,,
SGC,SGC2004twrzpa,,2004-03-14T12:57:49+00:00,3.05,-74.925,16.0,3.1,ML,"Baraya - Huila, Colombia",manual,0.8,103.0,7.0,SGC,,0.1,0.1,37.0,,,,,,,,,,3.80975,Senel et al.: Mw=0.8095 ML+1.3003 (3.3<=ML<=6.6),,extrapolada,,,principal,,
SGC,SGC2004iuysbm,,2004-03-16T13:06:07+00:00,2.595,-75.251,122.0,2.9,ML,"Algeciras - Huila, Colombia",manual,0.8,158.0,5.0,SGC,,0.1,0.2,39.0,,,,,,,,,,3.64785,Senel et al.: Mw=0.8095 ML+1.3003 (3.3<=ML<=6.6),,extrapolada,,,principal,,
SGC,SGC2004qqtjjs,,2004-05-13T06:55:48+00:00,2.924,-74.964,2.0,2.6,ML,"Tello - Huila, Colombia",manual,0.4,248.0,5.0,SGC,,0.1,0.1,11.0,,,,,,,,,,3.405,Senel et al.: Mw=0.8095 ML+1.3003 (3.3<=ML<=6.6),,extrapolada,,,principal,,
SGC,SGC2004uyjxtg,,2004-06-14T22:58:36+00:00,2.777,-75.201,0.0,2.3,ML,"Rivera - Huila, Colombia",manual,0.6,261.0,5.0,SGC,,0.1,0.1,14.0,,,,,,,,,,3.16215,Senel et al.: Mw=0.8095 ML+1.3003 (3.3<=ML<=6.6),,extrapolada,,,principal,,
SGC,SGC2004yuagag,,2004-07-03T03:46:17+00:00,2.847,-75.056,3.0,2.2,ML,"Rivera - Huila, Colombia",manual,0.6,147.0,6.0,SGC,,0.0,0.1,9.0,,,,,,,,,,3.0812,Senel et al.: Mw=0.8095 ML+1.3003 (3.3<=ML<=6.6),,extrapolada,,,principal,,
SGC,SGC2004bhveij,,2004-07-24T18:09:02+00:00,2.849,-74.848,4.0,2.8,ML,"Tello - Huila, Colombia",manual,1.0,113.0,7.0,SGC,,0.1,0.1,13.0,,,,,,,,,,3.5669,Senel et al.: Mw=0.8095 ML+1.3003 (3.3<=ML<=6.6),,extrapolada,,,principal,,
SGC,SGC2004diuypl,,2004-07-26T20:17:05+00:00,2.98,-75.009,0.0,2.4,ML,"Tello - Huila, Colombia",manual,0.4,165.0,5.0,SGC,,0.0,0.1,7.0,,,,,,,,,,3.2431,Senel et al.: Mw=0.8095 ML+1.3003 (3.3<=ML<=6.6),,extrapolada,,,principal,,
SGC,SGC2004oftwka,,2004-08-29T13:38:14+00:00,2.662,-75.057,0.0,3.0,ML,"Rivera - Huila, Colombia",manual,0.7,114.0,8.0,SGC,,0.0,0.1,11.0,,,,,,,,,,3.7288,Senel et al.: Mw=0.8095 ML+1.3003 (3.3<=ML<=6.6),,extrapolada,,,principal,,
SGC,SGC2004yshmln,,2004-08-31T23:19:34+00:00,2.872,-74.949,4.0,1.9,ML,"Tello - Huila, Colombia",manual,0.4,140.0,4.0,SGC,,0.0,0.0,6.0,,,,,,,,,,2.83835,Senel et al.: Mw=0.8095 ML+1.3003 (3.3<=ML<=6.6),,extrapolada,,,principal,,
SGC,SGC2004jsuzxs,,2004-09-01T14:18:56+00:00,2.826,-75.635,16.0,2.4,ML,"Teruel - Huila, Colombia",manual,0.3,140.0,4.0,SGC,,0.0,0.0,5.0,,,,,,,,,,3.2431,Senel et al.: Mw=0.8095 ML+1.3003 (3.3<=ML<=6.6),,extrapolada,,,principal,,
SGC,SGC2004fwoyla,,2004-09-05T16:47:08+00:00,2.584,-75.024,0.0,2.9,ML,"Algeciras - Huila, Colombia",manual,0.7,119.0,7.0,SGC,,0.0,0.1,10.0,,,,,,,,,,3.64785,Senel et al.: Mw=0.8095 ML+1.3003 (3.3<=ML<=6.6),,extrapolada,,,principal,,
SGC,SGC2004qfrpee,,2004-09-08T11:24:07+00:00,2.938,-75.166,20.0,2.6,ML,"Neiva - Huila, Colombia",manual,0.3,181.0,5.0,SGC,,0.2,0.3,14.0,,,,,,,,,,3.405,Senel et al.: Mw=0.8095 ML+1.3003 (3.3<=ML<=6.6),,extrapolada,,,principal,,
SGC,SGC2004ahzucg,,2004-09-15T07:43:15+00:00,2.845,-75.248,102.0,3.0,ML,"Rivera - Huila, Colombia",manual,0.4,102.0,7.0,SGC,,0.0,0.1,25.0,,,,,,,,,,3.7288,Senel et al.: Mw=0.8095 ML+1.3003 (3.3<=ML<=6.6),,extrapolada,,,principal,,
SGC,SGC2004vxlwik,,2004-09-18T09:29:08+00:00,2.618,-75.093,102.0,4.6,ML,"Rivera - Huila, Colombia",manual,1.2,115.0,10.0,SGC,,0.1,0.1,49.0,,,,,,,,,,5.023999999999999,Senel et al.: Mw=0.8095 ML+1.3003 (3.3<=ML<=6.6),,dentro_de_rango,,,principal,,
SGC,SGC2004qpmiez,,2004-09-22T14:59:34+00:00,2.617,-75.171,4.0,2.3,ML,"Campoalegre - Huila, Colombia",manual,0.3,167.0,4.0,SGC,,0.0,0.1,7.0,,,,,,,,,,3.16215,Senel et al.: Mw=0.8095 ML+1.3003 (3.3<=ML<=6.6),,extrapolada,,,principal,,
SGC,SGC2004cwvqkp,,2004-10-09T02:22:53+00:00,2.938,-74.864,6.0,2.4,ML,"Baraya - Huila, Colombia",manual,0.7,109.0,7.0,SGC,,0.0,0.1,10.0,,,,,,,,,,3.2431,Senel et al.: Mw=0.8095 ML+1.3003 (3.3<=ML<=6.6),,extrapolada,,,principal,,
SGC,SGC2004ftizss,,2004-10-24T17:43:12+00:00,2.673,-75.092,9.0,2.8,ML,"Rivera - Huila, Colombia",manual,0.5,112.0,6.0,SGC,,0.0,0.1,18.0,,,,,,,,,,3.5669,Senel et al.: Mw=0.8095 ML+1.3003 (3.3<=ML<=6.6),,extrapolada,,,principal,,
SGC,SGC2004bqaiyv,,2004-12-30T11:37:33+00:00,2.833,-74.947,0.0,2.2,ML,"Tello - Huila, Colombia",manual,0.3,174.0,4.0,SGC,,0.0,0.1,10.0,,,,,,,,,,3.0812,Senel et al.: Mw=0.8095 ML+1.3003 (3.3<=ML<=6.6),,extrapolada,,,principal,,
SGC,SGC2004jqlrye,,2004-12-31T08:28:17+00:00,3.003,-74.924,8.0,2.7,ML,"Baraya - Huila, Colombia",manual,0.8,104.0,7.0,SGC,,0.1,0.1,17.0,,,,,,,,,,3.4859500000000003,Senel et al.: Mw=0.8095 ML+1.3003 (3.3<=ML<=6.6),,extrapolada,,,principal,,
SGC,SGC2005wzbrle,,2005-01-03T21:30:16+00:00,3.033,-74.941,10.0,1.6,ML,"Baraya - Huila, Colombia",manual,0.5,167.0,4.0,SGC,,0.0,0.1,11.0,,,,,,,,,,2.5955000000000004,Senel et al.: Mw=0.8095 ML+1.3003 (3.3<=ML<=6.6),,extrapolada,,,principal,,
SGC,SGC2005rwwnmd,,2005-01-07T08:04:42+00:00,2.999,-74.924,8.0,2.2,ML,"Baraya - Huila, Colombia",manual,0.5,169.0,4.0,SGC,,0.0,0.1,10.0,,,,,,,,,,3.0812,Senel et al.: Mw=0.8095 ML+1.3003 (3.3<=ML<=6.6),,extrapolada,,,principal,,
SGC,SGC2005dduwew,,2005-01-10T23:29:10+00:00,2.698,-75.194,4.0,1.9,ML,"Rivera - Huila, Colombia",manual,0.3,163.0,4.0,SGC,,0.0,0.1,8.0,,,,,,,,,,2.83835,Senel et al.: Mw=0.8095 ML+1.3003 (3.3<=ML<=6.6),,extrapolada,,,principal,,
SGC,SGC2005sczjps,,2005-01-16T03:26:46+00:00,2.67,-75.089,6.0,2.2,ML,"Rivera - Huila, Colombia",manual,0.3,171.0,4.0,SGC,,0.1,0.2,11.0,,,,,,,,,,3.0812,Senel et al.: Mw=0.8095 ML+1.3003 (3.3<=ML<=6.6),,extrapolada,,,principal,,
SGC,SGC2005zrgdlh,,2005-01-17T13:11:39+00:00,2.665,-74.984,15.0,1.9,ML,"Rivera - Huila, Colombia",manual,0.4,177.0,4.0,SGC,,0.1,0.1,9.0,,,,,,,,,,2.83835,Senel et al.: Mw=0.8095 ML+1.3003 (3.3<=ML<=6.6),,extrapolada,,,principal,,
SGC,SGC2005lqqzgn,,2005-02-26T16:47:08+00:00,3.177,-75.25,0.0,2.7,ML,"Aipe - Huila, Colombia",manual,0.2,137.0,5.0,SGC,,0.0,0.0,6.0,,,,,,,,,,3.4859500000000003,Senel et al.: Mw=0.8095 ML+1.3003 (3.3<=ML<=6.6),,extrapolada,,,principal,,
SGC,SGC2005tlwwwn,,2005-03-03T01:12:15+00:00,2.859,-75.055,23.0,2.5,ML,"Rivera - Huila, Colombia",manual,0.7,253.0,5.0,SGC,,0.1,0.1,13.0,,,,,,,,,,3.32405,Senel et al.: Mw=0.8095 ML+1.3003 (3.3<=ML<=6.6),,extrapolada,,,principal,,
SGC,SGC2005ldyzen,,2005-03-13T11:43:27+00:00,2.907,-74.945,4.0,3.0,ML,"Tello - Huila, Colombia",manual,0.8,108.0,8.0,SGC,,0.0,0.1,13.0,,,,,,,,,,3.7288,Senel et al.: Mw=0.8095 ML+1.3003 (3.3<=ML<=6.6),,extrapolada,,,principal,,
SGC,SGC2005yznysq,,2005-03-21T16:34:42+00:00,3.01,-75.371,0.0,2.5,ML,"Neiva - Huila, Colombia",manual,0.2,316.0,4.0,SGC,,0.1,0.1,19.0,,,,,,,,,,3.32405,Senel et al.: Mw=0.8095 ML+1.3003 (3.3<=ML<=6.6),,extrapolada,,,principal,,
SGC,SGC2005cbzean,,2005-05-15T18:25:00+00:00,3.025,-74.899,2.0,2.6,ML,"Baraya - Huila, Colombia",manual,0.4,214.0,4.0,SGC,,0.1,0.1,9.0,,,,,,,,,,3.405,Senel et al.: Mw=0.8095 ML+1.3003 (3.3<=ML<=6.6),,extrapolada,,,principal,,
SGC,SGC2005fcqukq,,2005-06-10T14:02:16+00:00,2.931,-74.997,4.0,2.2,ML,"Tello - Huila, Colombia",manual,0.4,168.0,4.0,SGC,,0.0,0.1,10.0,,,,,,,,,,3.0812,Senel et al.: Mw=0.8095 ML+1.3003 (3.3<=ML<=6.6),,extrapolada,,,principal,,
SGC,SGC2005lzekii,,2005-06-15T10:28:37+00:00,2.738,-75.229,4.0,2.5,ML,"Rivera - Huila, Colombia",manual,0.4,160.0,4.0,SGC,,0.1,0.2,13.0,,,,,,,,,,3.32405,Senel et al.: Mw=0.8095 ML+1.3003 (3.3<=ML<=6.6),,extrapolada,,,principal,,
SGC,SGC2005ftpqio,,2005-06-17T11:59:04+00:00,2.941,-75.016,1.0,2.6,ML,"Tello - Huila, Colombia",manual,0.2,166.0,4.0,SGC,,0.0,0.1,6.0,,,,,,,,,,3.405,Senel et al.: Mw=0.8095 ML+1.3003 (3.3<=ML<=6.6),,extrapolada,,,principal,,
SGC,SGC2005sgnckq,,2005-07-12T03:15:42+00:00,2.538,-75.134,4.0,2.9,ML,"Algeciras - Huila, Colombia",manual,0.5,172.0,6.0,SGC,,0.0,0.0,8.0,,,,,,,,,,3.64785,Senel et al.: Mw=0.8095 ML+1.3003 (3.3<=ML<=6.6),,extrapolada,,,principal,,
SGC,SGC2005iwsguo,,2005-07-12T18:51:54+00:00,3.273,-75.512,10.0,2.5,ML,"Planadas - Tolima, Colombia",manual,0.4,184.0,4.0,SGC,,0.0,0.1,11.0,,,,,,,,,,3.32405,Senel et al.: Mw=0.8095 ML+1.3003 (3.3<=ML<=6.6),,extrapolada,,,principal,,
SGC,SGC2005hihohf,,2005-07-13T15:06:18+00:00,2.665,-75.114,4.0,3.8,ML,"Rivera - Huila, Colombia",manual,0.6,112.0,9.0,SGC,,0.0,0.0,11.0,,,,,,,,,,4.3764,Senel et al.: Mw=0.8095 ML+1.3003 (3.3<=ML<=6.6),,dentro_de_rango,,,principal,,
SGC,SGC2005fzivak,,2005-07-15T23:38:20+00:00,2.982,-75.013,12.0,1.9,ML,"Tello - Huila, Colombia",manual,0.3,166.0,4.0,SGC,,0.1,0.1,8.0,,,,,,,,,,2.83835,Senel et al.: Mw=0.8095 ML+1.3003 (3.3<=ML<=6.6),,extrapolada,,,principal,,
SGC,SGC2005vvybjw,,2005-07-28T05:04:20+00:00,2.835,-75.117,10.0,2.7,ML,"Rivera - Huila, Colombia",manual,0.6,164.0,5.0,SGC,,0.0,0.1,13.0,,,,,,,,,,3.4859500000000003,Senel et al.: Mw=0.8095 ML+1.3003 (3.3<=ML<=6.6),,extrapolada,,,principal,,
SGC,SGC2005eidedr,,2005-07-30T16:38:49+00:00,2.934,-74.99,4.0,2.5,ML,"Tello - Huila, Colombia",manual,0.3,168.0,6.0,SGC,,0.0,0.1,6.0,,,,,,,,,,3.32405,Senel et al.: Mw=0.8095 ML+1.3003 (3.3<=ML<=6.6),,extrapolada,,,principal,,
SGC,SGC2005qyuggu,,2005-08-25T02:04:08+00:00,2.814,-74.916,6.0,2.5,ML,"Tello - Huila, Colombia",manual,0.4,328.0,4.0,SGC,,0.1,0.3,17.0,,,,,,,,,,3.32405,Senel et al.: Mw=0.8095 ML+1.3003 (3.3<=ML<=6.6),,extrapolada,,,principal,,
SGC,SGC2005qzgbnl,,2005-09-07T06:19:46+00:00,2.858,-74.891,3.0,2.5,ML,"Tello - Huila, Colombia",manual,0.7,176.0,5.0,SGC,,0.1,0.1,13.0,,,,,,,,,,3.32405,Senel et al.: Mw=0.8095 ML+1.3003 (3.3<=ML<=6.6),,extrapolada,,,principal,,
SGC,SGC2005yylezg,,2005-09-15T18:29:03+00:00,2.696,-75.098,4.0,2.5,ML,"Rivera - Huila, Colombia",manual,0.5,169.0,6.0,SGC,,0.0,0.1,11.0,,,,,,,,,,3.32405,Senel et al.: Mw=0.8095 ML+1.3003 (3.3<=ML<=6.6),,extrapolada,,,principal,,
SGC,SGC2005ryurip,,2005-09-23T19:00:35+00:00,2.717,-75.172,4.0,2.2,ML,"Rivera - Huila, Colombia",manual,0.4,164.0,4.0,SGC,,0.0,0.1,8.0,,,,,,,,,,3.0812,Senel et al.: Mw=0.8095 ML+1.3003 (3.3<=ML<=6.6),,extrapolada,,,principal,,
SGC,SGC2005oybkue,,2005-10-12T22:25:51+00:00,2.988,-74.983,3.0,2.0,ML,"Tello - Huila, Colombia",manual,0.4,167.0,4.0,SGC,,0.0,0.1,7.0,,,,,,,,,,2.9193,Senel et al.: Mw=0.8095 ML+1.3003 (3.3<=ML<=6.6),,extrapolada,,,principal,,
SGC,SGC2005scwdkq,,2005-11-06T20:21:46+00:00,2.951,-75.069,2.0,2.4,ML,"Tello - Huila, Colombia",manual,0.6,180.0,4.0,SGC,,0.1,0.2,11.0,,,,,,,,,,3.2431,Senel et al.: Mw=0.8095 ML+1.3003 (3.3<=ML<=6.6),,extrapolada,,,principal,,
SGC,SGC2005wwoost,,2005-11-16T21:42:44+00:00,2.972,-75.018,2.0,2.0,ML,"Tello - Huila, Colombia",manual,0.3,183.0,4.0,SGC,,0.0,0.1,7.0,,,,,,,,,,2.9193,Senel et al.: Mw=0.8095 ML+1.3003 (3.3<=ML<=6.6),,extrapolada,,,principal,,
SGC,SGC2005pwalcu,,2005-12-09T01:21:18+00:00,3.237,-75.535,1.0,2.4,ML,"Planadas - Tolima, Colombia",manual,0.5,185.0,5.0,SGC,,0.0,0.1,8.0,,,,,,,,,,3.2431,Senel et al.: Mw=0.8095 ML+1.3003 (3.3<=ML<=6.6),,extrapolada,,,principal,,
SGC,SGC2005htwklu,,2005-12-12T14:20:03+00:00,2.976,-74.944,2.0,2.6,ML,"Baraya - Huila, Colombia",manual,0.3,169.0,7.0,SGC,,0.0,0.1,5.0,,,,,,,,,,3.405,Senel et al.: Mw=0.8095 ML+1.3003 (3.3<=ML<=6.6),,extrapolada,,,principal,,
SGC,SGC2005mlllqt,,2005-12-13T19:47:24+00:00,2.738,-75.191,1.0,2.4,ML,"Rivera - Huila, Colombia",manual,0.5,261.0,4.0,SGC,,0.1,0.1,14.0,,,,,,,,,,3.2431,Senel et al.: Mw=0.8095 ML+1.3003 (3.3<=ML<=6.6),,extrapolada,,,principal,,
SGC,SGC2005lmbyxf,,2005-12-14T01:22:05+00:00,2.852,-74.997,4.0,2.0,ML,"Tello - Huila, Colombia",manual,0.4,170.0,4.0,SGC,,0.0,0.1,9.0,,,,,,,,,,2.9193,Senel et al.: Mw=0.8095 ML+1.3003 (3.3<=ML<=6.6),,extrapolada,,,principal,,
SGC,SGC2005domggx,,2005-12-21T02:39:57+00:00,2.931,-75.007,4.0,2.6,ML,"Tello - Huila, Colombia",manual,0.7,145.0,6.0,SGC,,0.0,0.1,11.0,,,,,,,,,,3.405,Senel et al.: Mw=0.8095 ML+1.3003 (3.3<=ML<=6.6),,extrapolada,,,principal,,
SGC,SGC2006ppksnw,,2006-01-07T10:30:42+00:00,2.689,-75.095,4.0,2.6,ML,"Rivera - Huila, Colombia",manual,0.4,173.0,5.0,SGC,,0.0,0.1,9.0,,,,,,,,,,3.405,Senel et al.: Mw=0.8095 ML+1.3003 (3.3<=ML<=6.6),,extrapolada,,,principal,,
SGC,SGC2006deakdy,,2006-01-15T06:10:56+00:00,3.021,-75.018,4.0,2.2,ML,"Tello - Huila, Colombia",manual,0.5,164.0,4.0,SGC,,0.0,0.1,11.0,,,,,,,,,,3.0812,Senel et al.: Mw=0.8095 ML+1.3003 (3.3<=ML<=6.6),,extrapolada,,,principal,,
SGC,SGC2006spojso,,2006-01-22T14:43:00+00:00,2.966,-74.993,4.0,2.2,ML,"Tello - Huila, Colombia",manual,0.4,167.0,4.0,SGC,,0.0,0.1,9.0,,,,,,,,,,3.0812,Senel et al.: Mw=0.8095 ML+1.3003 (3.3<=ML<=6.6),,extrapolada,,,principal,,
SGC,SGC2006iuqlmw,,2006-01-25T12:11:28+00:00,2.945,-74.903,11.0,2.5,ML,"Baraya - Huila, Colombia",manual,0.4,172.0,4.0,SGC,,0.0,0.1,9.0,,,,,,,,,,3.32405,Senel et al.: Mw=0.8095 ML+1.3003 (3.3<=ML<=6.6),,extrapolada,,,principal,,
SGC,SGC2006ufkxol,,2006-01-26T16:49:41+00:00,2.696,-75.087,7.0,2.5,ML,"Rivera - Huila, Colombia",manual,0.4,194.0,4.0,SGC,,0.0,0.1,10.0,,,,,,,,,,3.32405,Senel et al.: Mw=0.8095 ML+1.3003 (3.3<=ML<=6.6),,extrapolada,,,principal,,
SGC,SGC2006htzgic,,2006-02-13T13:27:26+00:00,3.124,-75.025,2.0,3.2,ML,"Baraya - Huila, Colombia",manual,0.5,160.0,5.0,SGC,,0.0,0.1,9.0,,,,,,,,,,3.8907,Senel et al.: Mw=0.8095 ML+1.3003 (3.3<=ML<=6.6),,extrapolada,,,principal,,
SGC,SGC2006nojcma,,2006-02-23T04:02:22+00:00,2.653,-75.002,4.0,3.7,ML,"Rivera - Huila, Colombia",manual,0.8,176.0,10.0,SGC,,0.1,0.1,15.0,,,,,,,,,,4.295450000000001,Senel et al.: Mw=0.8095 ML+1.3003 (3.3<=ML<=6.6),,dentro_de_rango,,,principal,,
SGC,SGC2006bndlox,,2006-02-23T20:24:12+00:00,2.868,-74.871,0.0,4.0,ML,"Tello - Huila, Colombia",manual,0.8,177.0,10.0,SGC,,0.1,0.1,16.0,,,,,,,,,,4.5383,Senel et al.: Mw=0.8095 ML+1.3003 (3.3<=ML<=6.6),,dentro_de_rango,,,principal,,
SGC,SGC2006blcfyr,,2006-03-19T13:03:39+00:00,2.63,-75.161,4.0,3.5,ML,"Campoalegre - Huila, Colombia",manual,0.6,111.0,8.0,SGC,,0.1,0.1,14.0,,,,,,,,,,4.13355,Senel et al.: Mw=0.8095 ML+1.3003 (3.3<=ML<=6.6),,dentro_de_rango,,,principal,,
SGC,SGC2006zafmmo,,2006-05-01T23:29:03+00:00,2.937,-75.018,4.0,2.2,ML,"Tello - Huila, Colombia",manual,0.9,144.0,6.0,SGC,,0.0,0.1,14.0,,,,,,,,,,3.0812,Senel et al.: Mw=0.8095 ML+1.3003 (3.3<=ML<=6.6),,extrapolada,,,principal,,
SGC,SGC2006bdfvli,,2006-05-02T23:23:27+00:00,3.011,-74.892,8.0,2.4,ML,"Baraya - Huila, Colombia",manual,0.8,135.0,8.0,SGC,,0.1,0.1,13.0,,,,,,,,,,3.2431,Senel et al.: Mw=0.8095 ML+1.3003 (3.3<=ML<=6.6),,extrapolada,,,principal,,
SGC,SGC2006zwnzhi,,2006-05-03T12:25:32+00:00,2.86,-74.964,6.0,2.8,ML,"Tello - Huila, Colombia",manual,0.1,172.0,4.0,SGC,,0.0,0.0,4.0,,,,,,,,,,3.5669,Senel et al.: Mw=0.8095 ML+1.3003 (3.3<=ML<=6.6),,extrapolada,,,principal,,
SGC,SGC2006zsqyre,,2006-05-15T07:52:51+00:00,2.696,-75.036,4.0,2.5,ML,"Rivera - Huila, Colombia",manual,0.7,173.0,5.0,SGC,,0.1,0.1,14.0,,,,,,,,,,3.32405,Senel et al.: Mw=0.8095 ML+1.3003 (3.3<=ML<=6.6),,extrapolada,,,principal,,
SGC,SGC2006pnfleo,,2006-05-21T14:47:38+00:00,2.672,-75.03,4.0,3.5,ML,"Rivera - Huila, Colombia",manual,1.1,115.0,9.0,SGC,,0.1,0.1,18.0,,,,,,,,,,4.13355,Senel et al.: Mw=0.8095 ML+1.3003 (3.3<=ML<=6.6),,dentro_de_rango,,,principal,,
SGC,SGC2006abcsee,,2006-05-27T11:04:56+00:00,2.941,-74.998,4.0,2.1,ML,"Tello - Huila, Colombia",manual,0.3,167.0,4.0,SGC,,0.0,0.1,7.0,,,,,,,,,,3.0002500000000003,Senel et al.: Mw=0.8095 ML+1.3003 (3.3<=ML<=6.6),,extrapolada,,,principal,,
SGC,SGC2006gopolz,,2006-06-01T03:49:10+00:00,2.604,-75.19,6.0,2.1,ML,"Algeciras - Huila, Colombia",manual,0.4,153.0,4.0,SGC,,0.0,0.1,11.0,,,,,,,,,,3.0002500000000003,Senel et al.: Mw=0.8095 ML+1.3003 (3.3<=ML<=6.6),,extrapolada,,,principal,,
SGC,SGC2006evpror,,2006-06-05T06:17:05+00:00,2.835,-75.038,5.0,2.4,ML,"Rivera - Huila, Colombia",manual,0.3,168.0,4.0,SGC,,0.0,0.1,9.0,,,,,,,,,,3.2431,Senel et al.: Mw=0.8095 ML+1.3003 (3.3<=ML<=6.6),,extrapolada,,,principal,,
SGC,SGC2006ijkmdy,,2006-06-09T03:19:26+00:00,2.899,-75.034,2.0,1.7,ML,"Tello - Huila, Colombia",manual,0.4,166.0,4.0,SGC,,0.0,0.2,12.0,,,,,,,,,,2.67645,Senel et al.: Mw=0.8095 ML+1.3003 (3.3<=ML<=6.6),,extrapolada,,,principal,,
SGC,SGC2006mfjzel,,2006-06-16T15:31:05+00:00,2.708,-75.033,7.0,2.5,ML,"Rivera - Huila, Colombia",manual,0.2,199.0,4.0,SGC,,0.0,0.1,9.0,,,,,,,,,,3.32405,Senel et al.: Mw=0.8095 ML+1.3003 (3.3<=ML<=6.6),,extrapolada,,,principal,,
SGC,SGC2006eiyhcj,,2006-06-27T17:28:00+00:00,2.701,-75.064,8.0,2.6,ML,"Rivera - Huila, Colombia",manual,0.4,112.0,4.0,SGC,,0.0,0.1,9.0,,,,,,,,,,3.405,Senel et al.: Mw=0.8095 ML+1.3003 (3.3<=ML<=6.6),,extrapolada,,,principal,,
SGC,SGC2006rcvznp,,2006-07-21T19:06:06+00:00,2.672,-75.0,6.0,2.9,ML,"Rivera - Huila, Colombia",manual,0.4,192.0,5.0,SGC,,0.0,0.1,9.0,,,,,,,,,,3.64785,Senel et al.: Mw=0.8095 ML+1.3003 (3.3<=ML<=6.6),,extrapolada,,,principal,,
SGC,SGC2006qzlyfu,,2006-08-18T03:57:58+00:00,2.686,-75.115,4.0,2.9,ML,"Rivera - Huila, Colombia",manual,0.7,116.0,6.0,SGC,,0.0,0.1,12.0,,,,,,,,,,3.64785,Senel et al.: Mw=0.8095 ML+1.3003 (3.3<=ML<=6.6),,extrapolada,,,principal,,
SGC,SGC2006ucobxp,,2006-09-20T06:10:35+00:00,2.689,-75.016,4.0,3.1,ML,"Rivera - Huila, Colombia",manual,0.7,190.0,6.0,SGC,,0.1,0.1,14.0,,,,,,,,,,3.80975,Senel et al.: Mw=0.8095 ML+1.3003 (3.3<=ML<=6.6),,extrapolada,,,principal,,
SGC,SGC2006zpqbtt,,2006-09-20T07:45:35+00:00,2.672,-74.991,6.0,2.9,ML,"Rivera - Huila, Colombia",manual,0.4,204.0,4.0,SGC,,0.0,0.1,9.0,,,,,,,,,,3.64785,Senel et al.: Mw=0.8095 ML+1.3003 (3.3<=ML<=6.6),,extrapolada,,,principal,,
SGC,SGC2006vplmqu,,2006-09-29T14:36:37+00:00,2.76,-75.153,4.0,2.7,ML,"Rivera - Huila, Colombia",manual,0.6,338.0,4.0,SGC,,6.4,4.5,577.0,,,,,,,,,,3.4859500000000003,Senel et al.: Mw=0.8095 ML+1.3003 (3.3<=ML<=6.6),,extrapolada,,,principal,,
SGC,SGC2006lvwnwy,,2006-12-24T23:03:36+00:00,2.921,-75.108,4.0,2.4,ML,"Tello - Huila, Colombia",manual,0.4,166.0,5.0,SGC,,0.1,0.2,11.0,,,,,,,,,,3.2431,Senel et al.: Mw=0.8095 ML+1.3003 (3.3<=ML<=6.6),,extrapolada,,,principal,,
SGC,SGC2007yjfsfs,,2007-02-20T21:58:56+00:00,2.707,-75.051,4.0,2.2,ML,"Rivera - Huila, Colombia",manual,0.7,145.0,5.0,SGC,,0.1,0.1,18.0,,,,,,,,,,3.0812,Senel et al.: Mw=0.8095 ML+1.3003 (3.3<=ML<=6.6),,extrapolada,,,principal,,
SGC,SGC2007nridcs,,2007-02-27T03:28:32+00:00,2.975,-74.889,11.0,1.9,ML,"Baraya - Huila, Colombia",manual,0.1,137.0,4.0,SGC,,0.0,0.1,5.0,,,,,,,,,,2.83835,Senel et al.: Mw=0.8095 ML+1.3003 (3.3<=ML<=6.6),,extrapolada,,,principal,,
SGC,SGC2007wiwidx,,2007-03-17T13:04:43+00:00,2.879,-74.95,4.0,2.9,ML,"Tello - Huila, Colombia",manual,0.8,189.0,5.0,SGC,,0.1,0.2,16.0,,,,,,,,,,3.64785,Senel et al.: Mw=0.8095 ML+1.3003 (3.3<=ML<=6.6),,extrapolada,,,principal,,
SGC,SGC2007vdpvbg,,2007-03-21T21:04:17+00:00,3.001,-75.121,6.0,1.8,ML,"Tello - Huila, Colombia",manual,0.5,159.0,4.0,SGC,,0.1,0.1,15.0,,,,,,,,,,2.7574,Senel et al.: Mw=0.8095 ML+1.3003 (3.3<=ML<=6.6),,extrapolada,,,principal,,
SGC,SGC2007vpkejt,,2007-04-11T12:46:01+00:00,2.637,-75.007,4.0,4.0,ML,"Rivera - Huila, Colombia",manual,0.7,117.0,10.0,SGC,,0.0,0.1,11.0,,,,,,,,,,4.5383,Senel et al.: Mw=0.8095 ML+1.3003 (3.3<=ML<=6.6),,dentro_de_rango,,,principal,,
SGC,SGC2007wfxkjt,,2007-04-18T03:07:50+00:00,2.802,-75.697,168.0,3.4,ML,"Teruel - Huila, Colombia",manual,0.5,155.0,5.0,SGC,,0.1,0.1,16.0,,,,,,,,,,4.0526,Senel et al.: Mw=0.8095 ML+1.3003 (3.3<=ML<=6.6),,dentro_de_rango,,,principal,,
SGC,SGC2007exozvy,,2007-04-20T03:40:11+00:00,2.809,-74.894,4.0,2.4,ML,"Tello - Huila, Colombia",manual,0.8,113.0,7.0,SGC,,0.1,0.1,11.0,,,,,,,,,,3.2431,Senel et al.: Mw=0.8095 ML+1.3003 (3.3<=ML<=6.6),,extrapolada,,,principal,,
SGC,SGC2007ufbuvb,,2007-05-12T21:50:28+00:00,2.936,-75.351,3.0,1.3,ML,"Neiva - Huila, Colombia",manual,0.7,169.0,4.0,SGC,,0.1,0.3,29.0,,,,,,,,,,2.35265,Senel et al.: Mw=0.8095 ML+1.3003 (3.3<=ML<=6.6),,extrapolada,,,principal,,
SGC,SGC2007pgguql,,2007-05-27T11:01:19+00:00,2.602,-75.196,4.0,2.1,ML,"Algeciras - Huila, Colombia",manual,0.3,166.0,4.0,SGC,,0.1,0.2,8.0,,,,,,,,,,3.0002500000000003,Senel et al.: Mw=0.8095 ML+1.3003 (3.3<=ML<=6.6),,extrapolada,,,principal,,
SGC,SGC2007rtkbkh,,2007-07-07T17:23:47+00:00,2.686,-75.21,4.0,2.6,ML,"Rivera - Huila, Colombia",manual,0.4,163.0,5.0,SGC,,0.0,0.1,6.0,,,,,,,,,,3.405,Senel et al.: Mw=0.8095 ML+1.3003 (3.3<=ML<=6.6),,extrapolada,,,principal,,
SGC,SGC2007bqdcgj,,2007-07-10T19:11:23+00:00,2.82,-75.125,19.0,2.2,ML,"Rivera - Huila, Colombia",manual,0.2,187.0,4.0,SGC,,0.0,0.1,7.0,,,,,,,,,,3.0812,Senel et al.: Mw=0.8095 ML+1.3003 (3.3<=ML<=6.6),,extrapolada,,,principal,,
SGC,SGC2007oqqpfm,,2007-07-18T08:16:27+00:00,2.622,-75.162,4.0,3.7,ML,"Campoalegre - Huila, Colombia",manual,0.6,111.0,7.0,SGC,,0.0,0.1,9.0,,,,,,,,,,4.295450000000001,Senel et al.: Mw=0.8095 ML+1.3003 (3.3<=ML<=6.6),,dentro_de_rango,,,principal,,
SGC,SGC2007odeykx,,2007-09-08T15:19:32+00:00,2.887,-74.98,8.0,2.2,ML,"Tello - Huila, Colombia",manual,0.5,170.0,4.0,SGC,,0.0,0.1,10.0,,,,,,,,,,3.0812,Senel et al.: Mw=0.8095 ML+1.3003 (3.3<=ML<=6.6),,extrapolada,,,principal,,
SGC,SGC2007irqhwf,,2007-09-11T01:33:28+00:00,2.922,-74.886,8.0,1.8,ML,"Baraya - Huila, Colombia",manual,0.3,174.0,4.0,SGC,,0.0,0.1,6.0,,,,,,,,,,2.7574,Senel et al.: Mw=0.8095 ML+1.3003 (3.3<=ML<=6.6),,extrapolada,,,principal,,
SGC,SGC2007assggn,,2007-09-18T23:21:21+00:00,2.708,-75.199,6.0,2.5,ML,"Rivera - Huila, Colombia",manual,0.1,163.0,4.0,SGC,,0.0,0.1,6.0,,,,,,,,,,3.32405,Senel et al.: Mw=0.8095 ML+1.3003 (3.3<=ML<=6.6),,extrapolada,,,principal,,
SGC,SGC2007wthhfo,,2007-10-20T09:16:06+00:00,2.672,-75.63,2.0,2.5,ML,"Íquira - Huila, Colombia",manual,0.4,186.0,6.0,SGC,,0.1,0.1,9.0,,,,,,,,,,3.32405,Senel et al.: Mw=0.8095 ML+1.3003 (3.3<=ML<=6.6),,extrapolada,,,principal,,
SGC,SGC2007ynrtrq,,2007-10-23T02:13:07+00:00,2.821,-75.059,21.0,2.6,ML,"Rivera - Huila, Colombia",manual,0.7,107.0,7.0,SGC,,0.1,0.1,13.0,,,,,,,,,,3.405,Senel et al.: Mw=0.8095 ML+1.3003 (3.3<=ML<=6.6),,extrapolada,,,principal,,
SGC,SGC2007zgdhpf,,2007-11-10T20:22:56+00:00,2.835,-75.004,32.0,2.1,ML,"Rivera - Huila, Colombia",manual,0.2,170.0,4.0,SGC,,0.0,0.0,10.0,,,,,,,,,,3.0002500000000003,Senel et al.: Mw=0.8095 ML+1.3003 (3.3<=ML<=6.6),,extrapolada,,,principal,,
SGC,SGC2007rxmdux,,2007-11-12T04:55:29+00:00,2.587,-75.026,6.0,2.2,ML,"Algeciras - Huila, Colombia",manual,0.5,177.0,4.0,SGC,,0.1,0.1,19.0,,,,,,,,,,3.0812,Senel et al.: Mw=0.8095 ML+1.3003 (3.3<=ML<=6.6),,extrapolada,,,principal,,
SGC,SGC2007jbqqwy,,2007-11-20T22:36:42+00:00,2.611,-75.204,22.0,2.1,ML,"Algeciras - Huila, Colombia",manual,0.8,155.0,5.0,SGC,,0.1,0.1,25.0,,,,,,,,,,3.0002500000000003,Senel et al.: Mw=0.8095 ML+1.3003 (3.3<=ML<=6.6),,extrapolada,,,principal,,
SGC,SGC2007zfwjag,,2007-12-08T19:12:05+00:00,2.605,-75.316,4.0,2.1,ML,"Campoalegre - Huila, Colombia",manual,0.7,163.0,4.0,SGC,,0.1,0.1,14.0,,,,,,,,,,3.0002500000000003,Senel et al.: Mw=0.8095 ML+1.3003 (3.3<=ML<=6.6),,extrapolada,,,principal,,
SGC,SGC2007wxnghs,,2007-12-10T17:57:47+00:00,2.671,-75.292,4.0,2.5,ML,"Campoalegre - Huila, Colombia",manual,0.7,162.0,5.0,SGC,,0.1,0.2,13.0,,,,,,,,,,3.32405,Senel et al.: Mw=0.8095 ML+1.3003 (3.3<=ML<=6.6),,extrapolada,,,principal,,
SGC,SGC2008svvafi,,2008-02-28T11:20:22+00:00,2.727,-75.0,33.0,2.8,ML,"Rivera - Huila, Colombia",manual,0.5,316.0,4.0,SGC,,0.1,0.3,131.0,,,,,,,,,,3.5669,Senel et al.: Mw=0.8095 ML+1.3003 (3.3<=ML<=6.6),,extrapolada,,,principal,,
SGC,SGC2008ucbekd,,2008-03-13T07:58:45+00:00,2.712,-75.033,2.0,3.4,ML,"Rivera - Huila, Colombia",manual,0.8,113.0,7.0,SGC,,0.1,0.1,13.0,,,,,,,,,,4.0526,Senel et al.: Mw=0.8095 ML+1.3003 (3.3<=ML<=6.6),,dentro_de_rango,,,principal,,
SGC,SGC2008ylcajh,,2008-05-16T01:39:51+00:00,2.899,-74.928,24.0,3.6,ML,"Tello - Huila, Colombia",manual,0.7,172.0,12.0,SGC,,0.1,0.1,9.0,,,,,,,,,,4.2145,Senel et al.: Mw=0.8095 ML+1.3003 (3.3<=ML<=6.6),,dentro_de_rango,,,principal,,
SGC,SGC2008mqnuoj,,2008-06-12T15:38:30+00:00,2.91,-75.287,0.0,2.7,ML,"Neiva - Huila, Colombia",manual,0.6,172.0,7.0,SGC,,0.0,0.1,7.0,,,,,,,,,,3.4859500000000003,Senel et al.: Mw=0.8095 ML+1.3003 (3.3<=ML<=6.6),,extrapolada,,,principal,,
SGC,SGC2008frphow,,2008-06-27T15:14:02+00:00,2.673,-75.65,16.0,2.4,ML,"Íquira - Huila, Colombia",manual,0.2,159.0,4.0,SGC,,0.1,0.0,4.0,,,,,,,,,,3.2431,Senel et al.: Mw=0.8095 ML+1.3003 (3.3<=ML<=6.6),,extrapolada,,,principal,,
SGC,SGC2008idzqav,,2008-08-04T01:56:47+00:00,2.867,-75.02,0.0,2.7,ML,"Tello - Huila, Colombia",manual,0.6,209.0,6.0,SGC,,0.1,0.1,10.0,,,,,,,,,,3.4859500000000003,Senel et al.: Mw=0.8095 ML+1.3003 (3.3<=ML<=6.6),,extrapolada,,,principal,,
SGC,SGC2008uqgfby,,2008-08-21T10:01:38+00:00,3.125,-75.06,0.0,2.7,ML,"Baraya - Huila, Colombia",manual,0.4,196.0,6.0,SGC,,0.0,0.0,6.0,,,,,,,,,,3.4859500000000003,Senel et al.: Mw=0.8095 ML+1.3003 (3.3<=ML<=6.6),,extrapolada,,,principal,,
SGC,SGC2008fiavjw,,2008-09-25T15:42:40+00:00,2.842,-74.88,5.0,2.3,ML,"Tello - Huila, Colombia",manual,0.4,179.0,6.0,SGC,,0.1,0.1,15.0,,,,,,,,,,3.16215,Senel et al.: Mw=0.8095 ML+1.3003 (3.3<=ML<=6.6),,extrapolada,,,principal,,
SGC,SGC2008viinls,,2008-10-21T16:21:38+00:00,2.972,-74.939,19.0,1.6,ML,"Baraya - Huila, Colombia",manual,0.6,171.0,5.0,SGC,,0.0,0.1,21.0,,,,,,,,,,2.5955000000000004,Senel et al.: Mw=0.8095 ML+1.3003 (3.3<=ML<=6.6),,extrapolada,,,principal,,
SGC,SGC2008ljrwqo,,2008-10-25T19:23:45+00:00,2.736,-75.037,5.0,2.6,ML,"Rivera - Huila, Colombia",manual,0.4,216.0,7.0,SGC,,0.0,0.1,14.0,,,,,,,,,,3.405,Senel et al.: Mw=0.8095 ML+1.3003 (3.3<=ML<=6.6),,extrapolada,,,principal,,
SGC,SGC2008llcnpc,,2008-11-06T16:01:04+00:00,2.652,-75.186,4.0,1.2,ML,"Campoalegre - Huila, Colombia",manual,0.2,273.0,5.0,SGC,,0.0,0.1,15.0,,,,,,,,,,2.2717,Senel et al.: Mw=0.8095 ML+1.3003 (3.3<=ML<=6.6),,extrapolada,,,principal,,
SGC,SGC2008rdjdhk,,2008-11-29T05:10:42+00:00,2.766,-75.167,0.0,2.3,ML,"Rivera - Huila, Colombia",manual,0.6,213.0,7.0,SGC,,0.1,0.1,10.0,,,,,,,,,,3.16215,Senel et al.: Mw=0.8095 ML+1.3003 (3.3<=ML<=6.6),,extrapolada,,,principal,,
SGC,SGC2008ickuxe,,2008-12-10T05:53:41+00:00,3.177,-75.301,1.0,2.4,ML,"Aipe - Huila, Colombia",manual,0.6,149.0,8.0,SGC,,0.0,0.1,8.0,,,,,,,,,,3.2431,Senel et al.: Mw=0.8095 ML+1.3003 (3.3<=ML<=6.6),,extrapolada,,,principal,,
SGC,SGC2008eappxc,,2008-12-19T02:27:14+00:00,3.015,-74.923,5.0,3.6,ML,"Baraya - Huila, Colombia",manual,0.9,197.0,15.0,SGC,,0.1,0.1,10.0,,,,,,,,,,4.2145,Senel et al.: Mw=0.8095 ML+1.3003 (3.3<=ML<=6.6),,dentro_de_rango,,,principal,,
SGC,SGC2009vdrrjb,,2009-01-07T19:56:24+00:00,2.743,-74.889,57.0,2.0,ML,"Rivera - Huila, Colombia",manual,0.5,267.0,7.0,SGC,,0.1,0.1,32.0,,,,,,,,,,2.9193,Senel et al.: Mw=0.8095 ML+1.3003 (3.3<=ML<=6.6),,extrapolada,,,principal,,
SGC,SGC2009vqdsnw,,2009-01-11T20:19:32+00:00,2.581,-75.303,0.0,2.3,ML,"Algeciras - Huila, Colombia",manual,0.5,237.0,9.0,SGC,,0.0,0.0,5.0,,,,,,,,,,3.16215,Senel et al.: Mw=0.8095 ML+1.3003 (3.3<=ML<=6.6),,extrapolada,,,principal,,
SGC,SGC2009qsqgbm,,2009-01-28T17:25:14+00:00,2.633,-75.381,30.0,1.9,ML,"Campoalegre - Huila, Colombia",manual,0.2,287.0,5.0,SGC,,0.0,0.1,4.0,,,,,,,,,,2.83835,Senel et al.: Mw=0.8095 ML+1.3003 (3.3<=ML<=6.6),,extrapolada,,,principal,,
SGC,SGC2009wlyujt,,2009-03-01T00:10:05+00:00,2.781,-75.133,1.0,2.9,ML,"Rivera - Huila, Colombia",manual,0.4,213.0,7.0,SGC,,0.1,0.0,6.0,,,,,,,,,,3.64785,Senel et al.: Mw=0.8095 ML+1.3003 (3.3<=ML<=6.6),,extrapolada,,,principal,,
SGC,SGC2009myikpj,,2009-03-01T03:24:12+00:00,2.692,-75.2,5.0,1.5,ML,"Rivera - Huila, Colombia",manual,0.4,216.0,6.0,SGC,,0.0,0.0,6.0,,,,,,,,,,2.51455,Senel et al.: Mw=0.8095 ML+1.3003 (3.3<=ML<=6.6),,extrapolada,,,principal,,
SGC,SGC2009bijbwu,,2009-03-20T15:27:27+00:00,2.706,-75.044,4.0,1.8,ML,"Rivera - Huila, Colombia",manual,0.7,200.0,5.0,SGC,,0.1,0.1,13.0,,,,,,,,,,2.7574,Senel et al.: Mw=0.8095 ML+1.3003 (3.3<=ML<=6.6),,extrapolada,,,principal,,
SGC,SGC2009okclmm,,2009-03-22T20:12:32+00:00,2.526,-75.413,0.0,2.0,ML,"Hobo - Huila, Colombia",manual,0.4,235.0,6.0,SGC,,0.1,0.0,8.0,,,,,,,,,,2.9193,Senel et al.: Mw=0.8095 ML+1.3003 (3.3<=ML<=6.6),,extrapolada,,,principal,,
SGC,SGC2009cmzaso,,2009-03-24T10:43:09+00:00,2.541,-75.263,4.0,2.1,ML,"Algeciras - Huila, Colombia",manual,0.7,263.0,5.0,SGC,,0.1,0.2,22.0,,,,,,,,,,3.0002500000000003,Senel et al.: Mw=0.8095 ML+1.3003 (3.3<=ML<=6.6),,extrapolada,,,principal,,
SGC,SGC2009xltmll,,2009-03-26T01:22:56+00:00,3.041,-74.875,0.0,1.5,ML,"Baraya - Huila, Colombia",manual,0.4,209.0,6.0,SGC,,0.0,0.1,6.0,,,,,,,,,,2.51455,Senel et al.: Mw=0.8095 ML+1.3003 (3.3<=ML<=6.6),,extrapolada,,,principal,,
SGC,SGC2009lhgdnh,,2009-03-28T15:49:05+00:00,2.939,-74.857,0.0,1.8,ML,"Baraya - Huila, Colombia",manual,0.4,177.0,9.0,SGC,,0.0,0.0,6.0,,,,,,,,,,2.7574,Senel et al.: Mw=0.8095 ML+1.3003 (3.3<=ML<=6.6),,extrapolada,,,principal,,
SGC,SGC2009jdavmz,,2009-04-03T03:27:52+00:00,2.92,-74.859,3.0,1.7,ML,"Baraya - Huila, Colombia",manual,0.4,213.0,6.0,SGC,,0.0,0.1,7.0,,,,,,,,,,2.67645,Senel et al.: Mw=0.8095 ML+1.3003 (3.3<=ML<=6.6),,extrapolada,,,principal,,
SGC,SGC2009sxkmff,,2009-04-04T23:39:44+00:00,3.25,-75.294,76.0,1.9,ML,"Aipe - Huila, Colombia",manual,0.4,208.0,4.0,SGC,,0.1,0.1,22.0,,,,,,,,,,2.83835,Senel et al.: Mw=0.8095 ML+1.3003 (3.3<=ML<=6.6),,extrapolada,,,principal,,
SGC,SGC2009rydtea,,2009-04-15T11:36:47+00:00,2.707,-75.1,0.0,2.7,ML,"Rivera - Huila, Colombia",manual,0.4,218.0,7.0,SGC,,0.1,0.1,10.0,,,,,,,,,,3.4859500000000003,Senel et al.: Mw=0.8095 ML+1.3003 (3.3<=ML<=6.6),,extrapolada,,,principal,,
SGC,SGC2009otyifo,,2009-04-19T09:11:08+00:00,2.54,-75.314,2.0,1.8,ML,"Algeciras - Huila, Colombia",manual,0.6,179.0,6.0,SGC,,0.0,0.0,9.0,,,,,,,,,,2.7574,Senel et al.: Mw=0.8095 ML+1.3003 (3.3<=ML<=6.6),,extrapolada,,,principal,,
SGC,SGC2009gwhuqv,,2009-04-26T01:58:12+00:00,2.711,-75.095,3.0,1.8,ML,"Rivera - Huila, Colombia",manual,0.3,195.0,5.0,SGC,,0.0,0.0,8.0,,,,,,,,,,2.7574,Senel et al.: Mw=0.8095 ML+1.3003 (3.3<=ML<=6.6),,extrapolada,,,principal,,
SGC,SGC2009tcdwkg,,2009-04-26T13:51:08+00:00,3.227,-74.955,19.0,1.5,ML,"Baraya - Huila, Colombia",manual,0.5,195.0,6.0,SGC,,0.0,0.1,7.0,,,,,,,,,,2.51455,Senel et al.: Mw=0.8095 ML+1.3003 (3.3<=ML<=6.6),,extrapolada,,,principal,,
SGC,SGC2009lprxvm,,2009-04-30T18:08:36+00:00,2.857,-74.855,2.0,1.6,ML,"Tello - Huila, Colombia",manual,0.4,214.0,5.0,SGC,,0.0,0.1,7.0,,,,,,,,,,2.5955000000000004,Senel et al.: Mw=0.8095 ML+1.3003 (3.3<=ML<=6.6),,extrapolada,,,principal,,
SGC,SGC2009hjrzvm,,2009-05-08T01:01:24+00:00,2.739,-75.074,4.0,3.1,ML,"Rivera - Huila, Colombia",manual,0.4,171.0,8.0,SGC,,0.0,0.0,7.0,,,,,,,,,,3.80975,Senel et al.: Mw=0.8095 ML+1.3003 (3.3<=ML<=6.6),,extrapolada,,,principal,,
SGC,SGC2009oomatw,,2009-05-09T17:34:48+00:00,2.727,-75.107,0.0,2.0,ML,"Rivera - Huila, Colombia",manual,0.3,240.0,6.0,SGC,,0.1,0.1,7.0,,,,,,,,,,2.9193,Senel et al.: Mw=0.8095 ML+1.3003 (3.3<=ML<=6.6),,extrapolada,,,principal,,
SGC,SGC2009buzsgu,,2009-05-11T15:01:31+00:00,3.037,-74.9,6.0,2.7,ML,"Baraya - Huila, Colombia",manual,0.4,171.0,9.0,SGC,,0.0,0.0,5.0,,,,,,,,,,3.4859500000000003,Senel et al.: Mw=0.8095 ML+1.3003 (3.3<=ML<=6.6),,extrapolada,,,principal,,
SGC,SGC2009tychsl,,2009-05-12T21:43:10+00:00,3.165,-74.957,4.0,1.7,ML,"Baraya - Huila, Colombia",manual,0.4,233.0,5.0,SGC,,0.0,0.1,8.0,,,,,,,,,,2.67645,Senel et al.: Mw=0.8095 ML+1.3003 (3.3<=ML<=6.6),,extrapolada,,,principal,,
SGC,SGC2009ahfkji,,2009-05-15T23:11:34+00:00,2.919,-74.875,2.0,1.3,ML,"Baraya - Huila, Colombia",manual,0.3,211.0,6.0,SGC,,0.0,0.1,8.0,,,,,,,,,,2.35265,Senel et al.: Mw=0.8095 ML+1.3003 (3.3<=ML<=6.6),,extrapolada,,,principal,,
SGC,SGC2009tmggfy,,2009-05-18T18:06:53+00:00,2.735,-75.106,2.0,2.5,ML,"Rivera - Huila, Colombia",manual,0.5,169.0,8.0,SGC,,0.0,0.0,7.0,,,,,,,,,,3.32405,Senel et al.: Mw=0.8095 ML+1.3003 (3.3<=ML<=6.6),,extrapolada,,,principal,,
SGC,SGC2009rdrknt,,2009-05-18T18:08:45+00:00,2.795,-75.127,0.0,1.5,ML,"Rivera - Huila, Colombia",manual,0.3,235.0,5.0,SGC,,0.1,0.1,9.0,,,,,,,,,,2.51455,Senel et al.: Mw=0.8095 ML+1.3003 (3.3<=ML<=6.6),,extrapolada,,,principal,,
SGC,SGC2009icmeyy,,2009-05-21T02:27:45+00:00,2.74,-75.068,1.0,1.6,ML,"Rivera - Huila, Colombia",manual,0.4,196.0,7.0,SGC,,0.0,0.0,7.0,,,,,,,,,,2.5955000000000004,Senel et al.: Mw=0.8095 ML+1.3003 (3.3<=ML<=6.6),,extrapolada,,,principal,,
SGC,SGC2009lvssht,,2009-05-21T13:42:12+00:00,3.114,-75.292,65.0,1.8,ML,"Aipe - Huila, Colombia",manual,0.5,225.0,4.0,SGC,,0.2,0.1,23.0,,,,,,,,,,2.7574,Senel et al.: Mw=0.8095 ML+1.3003 (3.3<=ML<=6.6),,extrapolada,,,principal,,
SGC,SGC2009uqmfxq,,2009-05-22T22:06:27+00:00,2.876,-74.876,14.0,2.0,ML,"Tello - Huila, Colombia",manual,0.5,178.0,9.0,SGC,,0.0,0.0,7.0,,,,,,,,,,2.9193,Senel et al.: Mw=0.8095 ML+1.3003 (3.3<=ML<=6.6),,extrapolada,,,principal,,
SGC,SGC2009mrbjjp,,2009-05-23T04:12:46+00:00,2.683,-75.139,3.0,2.1,ML,"Rivera - Huila, Colombia",manual,0.3,191.0,6.0,SGC,,0.0,0.0,6.0,,,,,,,,,,3.0002500000000003,Senel et al.: Mw=0.8095 ML+1.3003 (3.3<=ML<=6.6),,extrapolada,,,principal,,
SGC,SGC2009wtzzcb,,2009-05-25T15:23:52+00:00,3.01,-74.888,4.0,1.6,ML,"Baraya - Huila, Colombia",manual,0.3,173.0,4.0,SGC,,0.0,0.1,7.0,,,,,,,,,,2.5955000000000004,Senel et al.: Mw=0.8095 ML+1.3003 (3.3<=ML<=6.6),,extrapolada,,,principal,,
SGC,SGC2009amsgil,,2009-05-28T01:27:29+00:00,2.976,-75.186,14.0,1.9,ML,"Neiva - Huila, Colombia",manual,0.3,176.0,7.0,SGC,,0.0,0.0,3.0,,,,,,,,,,2.83835,Senel et al.: Mw=0.8095 ML+1.3003 (3.3<=ML<=6.6),,extrapolada,,,principal,,
SGC,SGC2009uhabcg,,2009-05-28T04:28:12+00:00,2.739,-75.121,2.0,2.5,ML,"Rivera - Huila, Colombia",manual,0.3,239.0,7.0,SGC,,0.1,0.1,9.0,,,,,,,,,,3.32405,Senel et al.: Mw=0.8095 ML+1.3003 (3.3<=ML<=6.6),,extrapolada,,,principal,,
SGC,SGC2009nbnlpn,,2009-06-03T15:56:00+00:00,2.842,-74.852,16.0,1.8,ML,"Tello - Huila, Colombia",manual,0.5,279.0,5.0,SGC,,0.1,0.1,13.0,,,,,,,,,,2.7574,Senel et al.: Mw=0.8095 ML+1.3003 (3.3<=ML<=6.6),,extrapolada,,,principal,,
SGC,SGC2009btkngz,,2009-06-07T16:40:11+00:00,3.228,-75.206,595.0,2.7,ML,"Villavieja - Huila, Colombia",manual,0.2,305.0,4.0,SGC,,0.8,0.2,25.0,,,,,,,,,,3.4859500000000003,Senel et al.: Mw=0.8095 ML+1.3003 (3.3<=ML<=6.6),,extrapolada,,,principal,,
SGC,SGC2009nvdxir,,2009-06-09T07:39:04+00:00,2.646,-75.061,0.0,1.9,ML,"Rivera - Huila, Colombia",manual,0.4,247.0,5.0,SGC,,0.1,0.1,13.0,,,,,,,,,,2.83835,Senel et al.: Mw=0.8095 ML+1.3003 (3.3<=ML<=6.6),,extrapolada,,,principal,,
SGC,SGC2009tdwbgf,,2009-06-16T20:34:18+00:00,2.888,-74.866,6.0,1.4,ML,"Baraya - Huila, Colombia",manual,0.2,276.0,5.0,SGC,,0.0,0.0,4.0,,,,,,,,,,2.4336,Senel et al.: Mw=0.8095 ML+1.3003 (3.3<=ML<=6.6),,extrapolada,,,principal,,
SGC,SGC2009hihqfs,,2009-06-20T16:21:07+00:00,2.496,-75.193,7.0,2.2,ML,"Algeciras - Huila, Colombia",manual,0.5,193.0,5.0,SGC,,0.0,0.1,9.0,,,,,,,,,,3.0812,Senel et al.: Mw=0.8095 ML+1.3003 (3.3<=ML<=6.6),,extrapolada,,,principal,,
SGC,SGC2009wqbjqr,,2009-07-08T07:03:14+00:00,2.768,-75.096,0.0,1.5,ML,"Rivera - Huila, Colombia",manual,0.1,239.0,5.0,SGC,,0.0,0.0,4.0,,,,,,,,,,2.51455,Senel et al.: Mw=0.8095 ML+1.3003 (3.3<=ML<=6.6),,extrapolada,,,principal,,
SGC,SGC2009ucfjiz,,2009-07-13T16:20:11+00:00,3.195,-75.1,135.0,1.6,ML,"Baraya - Huila, Colombia",manual,0.5,193.0,4.0,SGC,,0.1,0.1,30.0,,,,,,,,,,2.5955000000000004,Senel et al.: Mw=0.8095 ML+1.3003 (3.3<=ML<=6.6),,extrapolada,,,principal,,
SGC,SGC2009eflpvg,,2009-07-20T06:57:39+00:00,2.671,-75.09,4.0,2.2,ML,"Rivera - Huila, Colombia",manual,0.5,173.0,10.0,SGC,,0.0,0.0,7.0,,,,,,,,,,3.0812,Senel et al.: Mw=0.8095 ML+1.3003 (3.3<=ML<=6.6),,extrapolada,,,principal,,
SGC,SGC2009qlbdil,,2009-07-29T19:40:35+00:00,2.849,-74.92,4.0,1.3,ML,"Tello - Huila, Colombia",manual,0.3,208.0,4.0,SGC,,0.0,0.1,8.0,,,,,,,,,,2.35265,Senel et al.: Mw=0.8095 ML+1.3003 (3.3<=ML<=6.6),,extrapolada,,,principal,,
SGC,SGC2009prbzhx,,2009-08-02T10:23:44+00:00,2.655,-75.271,17.0,1.9,ML,"Campoalegre - Huila, Colombia",manual,0.2,180.0,6.0,SGC,,0.0,0.0,6.0,,,,,,,,,,2.83835,Senel et al.: Mw=0.8095 ML+1.3003 (3.3<=ML<=6.6),,extrapolada,,,principal,,
SGC,SGC2009oqftcl,,2009-08-17T01:23:03+00:00,2.781,-75.526,8.0,1.9,ML,"Teruel - Huila, Colombia",manual,0.3,152.0,7.0,SGC,,0.0,0.0,8.0,,,,,,,,,,2.83835,Senel et al.: Mw=0.8095 ML+1.3003 (3.3<=ML<=6.6),,extrapolada,,,principal,,
SGC,SGC2009pxxqiy,,2009-08-23T21:34:50+00:00,3.027,-74.933,0.0,1.6,ML,"Baraya - Huila, Colombia",manual,0.4,208.0,7.0,SGC,,0.0,0.1,8.0,,,,,,,,,,2.5955000000000004,Senel et al.: Mw=0.8095 ML+1.3003 (3.3<=ML<=6.6),,extrapolada,,,principal,,
SGC,SGC2009fktiqq,,2009-09-05T06:37:09+00:00,2.861,-75.012,8.0,2.4,ML,"Tello - Huila, Colombia",manual,0.3,239.0,4.0,SGC,,0.1,0.1,6.0,,,,,,,,,,3.2431,Senel et al.: Mw=0.8095 ML+1.3003 (3.3<=ML<=6.6),,extrapolada,,,principal,,
SGC,SGC2009gxxxvt,,2009-09-06T01:16:59+00:00,2.967,-74.945,1.0,2.6,ML,"Baraya - Huila, Colombia",manual,0.4,204.0,9.0,SGC,,0.0,0.0,6.0,,,,,,,,,,3.405,Senel et al.: Mw=0.8095 ML+1.3003 (3.3<=ML<=6.6),,extrapolada,,,principal,,
SGC,SGC2009yxjjqe,,2009-09-12T01:43:24+00:00,2.663,-75.365,4.0,2.2,ML,"Campoalegre - Huila, Colombia",manual,0.3,170.0,6.0,SGC,,0.0,0.0,6.0,,,,,,,,,,3.0812,Senel et al.: Mw=0.8095 ML+1.3003 (3.3<=ML<=6.6),,extrapolada,,,principal,,
SGC,SGC2009hlldid,,2009-09-13T22:10:59+00:00,2.571,-75.244,5.0,1.5,ML,"Algeciras - Huila, Colombia",manual,0.2,185.0,5.0,SGC,,0.0,0.0,7.0,,,,,,,,,,2.51455,Senel et al.: Mw=0.8095 ML+1.3003 (3.3<=ML<=6.6),,extrapolada,,,principal,,
SGC,SGC2009fgyyky,,2009-09-13T23:35:03+00:00,2.988,-74.852,10.0,1.6,ML,"Baraya - Huila, Colombia",manual,0.4,175.0,8.0,SGC,,0.0,0.1,6.0,,,,,,,,,,2.5955000000000004,Senel et al.: Mw=0.8095 ML+1.3003 (3.3<=ML<=6.6),,extrapolada,,,principal,,
SGC,SGC2009nrcvpl,,2009-09-15T09:05:44+00:00,2.671,-75.339,4.0,1.3,ML,"Campoalegre - Huila, Colombia",manual,0.5,173.0,5.0,SGC,,0.0,0.0,8.0,,,,,,,,,,2.35265,Senel et al.: Mw=0.8095 ML+1.3003 (3.3<=ML<=6.6),,extrapolada,,,principal,,
SGC,SGC2009hznlvk,,2009-09-16T23:23:45+00:00,2.498,-75.349,1.0,1.6,ML,"Algeciras - Huila, Colombia",manual,0.5,178.0,6.0,SGC,,0.0,0.0,8.0,,,,,,,,,,2.5955000000000004,Senel et al.: Mw=0.8095 ML+1.3003 (3.3<=ML<=6.6),,extrapolada,,,principal,,
SGC,SGC2009jnphuc,,2009-09-17T20:44:50+00:00,2.696,-75.066,3.0,1.6,ML,"Rivera - Huila, Colombia",manual,0.5,198.0,7.0,SGC,,0.0,0.0,8.0,,,,,,,,,,2.5955000000000004,Senel et al.: Mw=0.8095 ML+1.3003 (3.3<=ML<=6.6),,extrapolada,,,principal,,
SGC,SGC2009vzysqc,,2009-09-20T07:41:45+00:00,2.938,-74.861,1.0,1.9,ML,"Baraya - Huila, Colombia",manual,0.5,215.0,5.0,SGC,,0.1,0.0,7.0,,,,,,,,,,2.83835,Senel et al.: Mw=0.8095 ML+1.3003 (3.3<=ML<=6.6),,extrapolada,,,principal,,
SGC,SGC2009tjfuoh,,2009-09-23T21:46:26+00:00,2.534,-75.347,0.0,1.5,ML,"Algeciras - Huila, Colombia",manual,0.1,177.0,4.0,SGC,,0.0,0.0,5.0,,,,,,,,,,2.51455,Senel et al.: Mw=0.8095 ML+1.3003 (3.3<=ML<=6.6),,extrapolada,,,principal,,
SGC,SGC2009fcteuo,,2009-09-27T08:04:23+00:00,2.978,-74.87,2.0,1.2,ML,"Baraya - Huila, Colombia",manual,0.2,306.0,4.0,SGC,,0.1,0.1,8.0,,,,,,,,,,2.2717,Senel et al.: Mw=0.8095 ML+1.3003 (3.3<=ML<=6.6),,extrapolada,,,principal,,
SGC,SGC2009xeqwbq,,2009-10-02T01:14:53+00:00,3.025,-74.886,6.0,2.6,ML,"Baraya - Huila, Colombia",manual,0.4,210.0,9.0,SGC,,0.0,0.1,7.0,,,,,,,,,,3.405,Senel et al.: Mw=0.8095 ML+1.3003 (3.3<=ML<=6.6),,extrapolada,,,principal,,
SGC,SGC2009dwpjrl,,2009-10-03T19:41:33+00:00,2.9,-74.901,9.0,2.5,ML,"Tello - Huila, Colombia",manual,0.3,214.0,8.0,SGC,,0.0,0.0,4.0,,,,,,,,,,3.32405,Senel et al.: Mw=0.8095 ML+1.3003 (3.3<=ML<=6.6),,extrapolada,,,principal,,
SGC,SGC2009ccbmqo,,2009-10-05T07:52:54+00:00,3.314,-75.266,160.0,3.0,ML,"Aipe - Huila, Colombia",manual,0.1,296.0,5.0,SGC,,0.1,0.3,17.0,,,,,,,,,,3.7288,Senel et al.: Mw=0.8095 ML+1.3003 (3.3<=ML<=6.6),,extrapolada,,,principal,,
SGC,SGC2009shkjge,,2009-10-09T06:16:03+00:00,2.713,-75.208,18.0,1.5,ML,"Rivera - Huila, Colombia",manual,0.5,234.0,5.0,SGC,,0.1,0.1,8.0,,,,,,,,,,2.51455,Senel et al.: Mw=0.8095 ML+1.3003 (3.3<=ML<=6.6),,extrapolada,,,principal,,
SGC,SGC2009jrqqrh,,2009-10-14T15:16:45+00:00,3.1,-74.877,5.0,1.6,ML,"Baraya - Huila, Colombia",manual,0.4,206.0,7.0,SGC,,0.0,0.1,7.0,,,,,,,,,,2.5955000000000004,Senel et al.: Mw=0.8095 ML+1.3003 (3.3<=ML<=6.6),,extrapolada,,,principal,,
SGC,SGC2009xaijog,,2009-10-14T22:58:24+00:00,3.181,-75.256,10.0,2.6,ML,"Aipe - Huila, Colombia",manual,0.6,147.0,8.0,SGC,,0.0,0.1,9.0,,,,,,,,,,3.405,Senel et al.: Mw=0.8095 ML+1.3003 (3.3<=ML<=6.6),,extrapolada,,,principal,,
SGC,SGC2009lwzhhw,,2009-10-16T20:46:09+00:00,2.685,-74.997,11.0,2.9,ML,"Rivera - Huila, Colombia",manual,0.6,205.0,8.0,SGC,,0.1,0.1,7.0,,,,,,,,,,3.64785,Senel et al.: Mw=0.8095 ML+1.3003 (3.3<=ML<=6.6),,extrapolada,,,principal,,
SGC,SGC2009gkyqsk,,2009-10-18T07:54:50+00:00,3.118,-74.979,9.0,2.1,ML,"Baraya - Huila, Colombia",manual,0.7,201.0,6.0,SGC,,0.1,0.1,10.0,,,,,,,,,,3.0002500000000003,Senel et al.: Mw=0.8095 ML+1.3003 (3.3<=ML<=6.6),,extrapolada,,,principal,,
SGC,SGC2009eontgv,,2009-10-21T20:23:40+00:00,2.71,-74.91,32.0,1.4,ML,"Rivera - Huila, Colombia",manual,0.3,212.0,4.0,SGC,,0.1,0.1,19.0,,,,,,,,,,2.4336,Senel et al.: Mw=0.8095 ML+1.3003 (3.3<=ML<=6.6),,extrapolada,,,principal,,
SGC,SGC2009qjrzde,,2009-10-25T06:25:27+00:00,3.022,-74.917,0.0,3.1,ML,"Baraya - Huila, Colombia",manual,0.3,201.0,8.0,SGC,,0.0,0.0,6.0,,,,,,,,,,3.80975,Senel et al.: Mw=0.8095 ML+1.3003 (3.3<=ML<=6.6),,extrapolada,,,principal,,
SGC,SGC2009tcgmrv,,2009-10-27T23:21:48+00:00,2.567,-75.162,4.0,1.5,ML,"Algeciras - Huila, Colombia",manual,0.5,193.0,5.0,SGC,,0.0,0.0,8.0,,,,,,,,,,2.51455,Senel et al.: Mw=0.8095 ML+1.3003 (3.3<=ML<=6.6),,extrapolada,,,principal,,
SGC,SGC2009yduxel,,2009-10-29T23:44:40+00:00,2.678,-74.982,4.0,1.0,ML,"Rivera - Huila, Colombia",manual,0.3,206.0,4.0,SGC,,0.0,0.1,9.0,,,,,,,,,,2.1098,Senel et al.: Mw=0.8095 ML+1.3003 (3.3<=ML<=6.6),,extrapolada,,,principal,,
SGC,SGC2009fdgqyq,,2009-11-04T04:21:19+00:00,2.611,-75.131,4.0,2.2,ML,"Algeciras - Huila, Colombia",manual,0.5,195.0,7.0,SGC,,0.1,0.0,25.0,,,,,,,,,,3.0812,Senel et al.: Mw=0.8095 ML+1.3003 (3.3<=ML<=6.6),,extrapolada,,,principal,,
SGC,SGC2009wmrcux,,2009-11-06T17:50:03+00:00,2.656,-75.049,7.0,1.2,ML,"Rivera - Huila, Colombia",manual,0.4,201.0,4.0,SGC,,0.0,0.0,9.0,,,,,,,,,,2.2717,Senel et al.: Mw=0.8095 ML+1.3003 (3.3<=ML<=6.6),,extrapolada,,,principal,,
SGC,SGC2009lteueg,,2009-11-07T11:38:01+00:00,2.98,-74.871,0.0,1.7,ML,"Baraya - Huila, Colombia",manual,0.5,248.0,5.0,SGC,,0.1,0.1,13.0,,,,,,,,,,2.67645,Senel et al.: Mw=0.8095 ML+1.3003 (3.3<=ML<=6.6),,extrapolada,,,principal,,
SGC,SGC2009ibjqpv,,2009-11-17T13:55:56+00:00,2.524,-75.396,16.0,1.6,ML,"Hobo - Huila, Colombia",manual,0.2,229.0,4.0,SGC,,0.0,0.0,5.0,,,,,,,,,,2.5955000000000004,Senel et al.: Mw=0.8095 ML+1.3003 (3.3<=ML<=6.6),,extrapolada,,,principal,,
SGC,SGC2009veuuav,,2009-11-18T01:47:06+00:00,2.665,-75.035,4.0,1.9,ML,"Rivera - Huila, Colombia",manual,0.6,176.0,9.0,SGC,,0.0,0.1,10.0,,,,,,,,,,2.83835,Senel et al.: Mw=0.8095 ML+1.3003 (3.3<=ML<=6.6),,extrapolada,,,principal,,
SGC,SGC2009ldnknv,,2009-11-25T01:36:27+00:00,2.93,-75.138,4.0,1.4,ML,"Tello - Huila, Colombia",manual,0.5,183.0,4.0,SGC,,0.1,0.1,10.0,,,,,,,,,,2.4336,Senel et al.: Mw=0.8095 ML+1.3003 (3.3<=ML<=6.6),,extrapolada,,,principal,,
SGC,SGC2009hgnclf,,2009-11-27T17:27:33+00:00,3.062,-74.901,0.0,1.7,ML,"Baraya - Huila, Colombia",manual,0.5,205.0,8.0,SGC,,0.0,0.1,7.0,,,,,,,,,,2.67645,Senel et al.: Mw=0.8095 ML+1.3003 (3.3<=ML<=6.6),,extrapolada,,,principal,,
SGC,SGC2009rpyfeu,,2009-12-08T20:36:24+00:00,2.71,-75.111,0.0,1.7,ML,"Rivera - Huila, Colombia",manual,0.5,170.0,6.0,SGC,,0.0,0.1,8.0,,,,,,,,,,2.67645,Senel et al.: Mw=0.8095 ML+1.3003 (3.3<=ML<=6.6),,extrapolada,,,principal,,
SGC,SGC2009eieuqp,,2009-12-14T21:15:53+00:00,3.162,-74.923,6.0,1.0,ML,"Baraya - Huila, Colombia",manual,0.2,301.0,5.0,SGC,,0.0,0.1,5.0,,,,,,,,,,2.1098,Senel et al.: Mw=0.8095 ML+1.3003 (3.3<=ML<=6.6),,extrapolada,,,principal,,
SGC,SGC2009jtwvyj,,2009-12-18T18:37:43+00:00,2.62,-75.546,36.0,1.4,ML,"Yaguará - Huila, Colombia",manual,0.3,186.0,4.0,SGC,,0.1,0.1,10.0,,,,,,,,,,2.4336,Senel et al.: Mw=0.8095 ML+1.3003 (3.3<=ML<=6.6),,extrapolada,,,principal,,
SGC,SGC2009gibjfz,,2009-12-20T18:42:46+00:00,3.005,-74.895,4.0,1.6,ML,"Baraya - Huila, Colombia",manual,0.4,208.0,8.0,SGC,,0.0,0.1,9.0,,,,,,,,,,2.5955000000000004,Senel et al.: Mw=0.8095 ML+1.3003 (3.3<=ML<=6.6),,extrapolada,,,principal,,
SGC,SGC2009zxynog,,2009-12-25T03:20:14+00:00,2.652,-75.037,4.0,1.9,ML,"Rivera - Huila, Colombia",manual,0.5,202.0,6.0,SGC,,0.0,0.1,9.0,,,,,,,,,,2.83835,Senel et al.: Mw=0.8095 ML+1.3003 (3.3<=ML<=6.6),,extrapolada,,,principal,,
SGC,SGC2009ccnyss,,2009-12-31T05:38:47+00:00,2.901,-74.942,4.0,1.4,ML,"Tello - Huila, Colombia",manual,0.5,173.0,5.0,SGC,,0.0,0.1,8.0,,,,,,,,,,2.4336,Senel et al.: Mw=0.8095 ML+1.3003 (3.3<=ML<=6.6),,extrapolada,,,principal,,
SGC,SGC2010oewyjt,,2010-01-10T11:20:28+00:00,2.996,-74.898,0.0,1.7,ML,"Baraya - Huila, Colombia",manual,0.2,243.0,5.0,SGC,,0.0,0.1,6.0,,,,,,,,,,2.67645,Senel et al.: Mw=0.8095 ML+1.3003 (3.3<=ML<=6.6),,extrapolada,,,principal,,
SGC,SGC2010ronkkk,,2010-01-15T07:49:14+00:00,2.981,-74.971,0.0,1.2,ML,"Tello - Huila, Colombia",manual,0.5,225.0,5.0,SGC,,0.1,0.1,10.0,,,,,,,,,,2.2717,Senel et al.: Mw=0.8095 ML+1.3003 (3.3<=ML<=6.6),,extrapolada,,,principal,,
SGC,SGC2010htkdqf,,2010-01-28T02:00:54+00:00,2.955,-75.006,0.0,1.6,ML,"Tello - Huila, Colombia",manual,0.2,237.0,4.0,SGC,,0.1,0.1,10.0,,,,,,,,,,2.5955000000000004,Senel et al.: Mw=0.8095 ML+1.3003 (3.3<=ML<=6.6),,extrapolada,,,principal,,
SGC,SGC2010hzbvhb,,2010-02-07T19:23:14+00:00,2.875,-74.928,7.0,1.8,ML,"Tello - Huila, Colombia",manual,0.3,215.0,6.0,SGC,,0.0,0.1,6.0,,,,,,,,,,2.7574,Senel et al.: Mw=0.8095 ML+1.3003 (3.3<=ML<=6.6),,extrapolada,,,principal,,
SGC,SGC2010ovirob,,2010-02-12T18:52:03+00:00,3.006,-74.921,0.0,1.5,ML,"Baraya - Huila, Colombia",manual,0.3,209.0,5.0,SGC,,0.0,0.1,9.0,,,,,,,,,,2.51455,Senel et al.: Mw=0.8095 ML+1.3003 (3.3<=ML<=6.6),,extrapolada,,,principal,,
SGC,SGC2010pjvmke,,2010-02-13T01:16:48+00:00,2.882,-75.058,0.0,1.1,ML,"Tello - Huila, Colombia",manual,0.4,167.0,4.0,SGC,,0.1,0.1,14.0,,,,,,,,,,2.19075,Senel et al.: Mw=0.8095 ML+1.3003 (3.3<=ML<=6.6),,extrapolada,,,principal,,
SGC,SGC2010axecin,,2010-04-13T06:12:08+00:00,2.747,-75.105,0.0,1.8,ML,"Rivera - Huila, Colombia",manual,0.5,235.0,7.0,SGC,,0.1,0.1,10.0,,,,,,,,,,2.7574,Senel et al.: Mw=0.8095 ML+1.3003 (3.3<=ML<=6.6),,extrapolada,,,principal,,
SGC,SGC2010diyugq,,2010-04-18T15:58:05+00:00,2.808,-75.076,4.0,1.7,ML,"Rivera - Huila, Colombia",manual,0.4,235.0,7.0,SGC,,0.1,0.1,6.0,,,,,,,,,,2.67645,Senel et al.: Mw=0.8095 ML+1.3003 (3.3<=ML<=6.6),,extrapolada,,,principal,,
SGC,SGC2010vqhuog,,2010-04-19T21:03:45+00:00,2.618,-75.458,24.0,2.0,ML,"Hobo - Huila, Colombia",manual,0.5,220.0,5.0,SGC,,0.1,0.1,4.0,,,,,,,,,,2.9193,Senel et al.: Mw=0.8095 ML+1.3003 (3.3<=ML<=6.6),,extrapolada,,,principal,,
SGC,SGC2010afxknb,,2010-04-26T01:04:03+00:00,2.674,-75.53,21.0,1.8,ML,"Yaguará - Huila, Colombia",manual,0.5,158.0,5.0,SGC,,0.1,0.0,4.0,,,,,,,,,,2.7574,Senel et al.: Mw=0.8095 ML+1.3003 (3.3<=ML<=6.6),,extrapolada,,,principal,,
SGC,SGC2010xqbtci,,2010-04-30T04:18:40+00:00,2.683,-75.098,0.0,2.6,ML,"Rivera - Huila, Colombia",manual,0.2,239.0,6.0,SGC,,0.0,0.0,5.0,,,,,,,,,,3.405,Senel et al.: Mw=0.8095 ML+1.3003 (3.3<=ML<=6.6),,extrapolada,,,principal,,
SGC,SGC2010fuqukp,,2010-05-10T17:20:08+00:00,2.525,-75.322,4.0,2.0,ML,"Algeciras - Huila, Colombia",manual,0.2,233.0,4.0,SGC,,0.0,0.1,10.0,,,,,,,,,,2.9193,Senel et al.: Mw=0.8095 ML+1.3003 (3.3<=ML<=6.6),,extrapolada,,,principal,,
SGC,SGC2010tnwcwf,,2010-05-13T21:42:26+00:00,2.944,-74.885,4.0,1.7,ML,"Baraya - Huila, Colombia",manual,0.5,230.0,5.0,SGC,,0.1,0.1,12.0,,,,,,,,,,2.67645,Senel et al.: Mw=0.8095 ML+1.3003 (3.3<=ML<=6.6),,extrapolada,,,principal,,
SGC,SGC2010lbettb,,2010-05-19T02:25:13+00:00,3.151,-75.157,0.0,2.2,ML,"Tello - Huila, Colombia",manual,0.4,191.0,6.0,SGC,,0.1,0.1,9.0,,,,,,,,,,3.0812,Senel et al.: Mw=0.8095 ML+1.3003 (3.3<=ML<=6.6),,extrapolada,,,principal,,
SGC,SGC2010kmiaht,,2010-05-22T03:33:38+00:00,2.909,-74.879,9.0,2.9,ML,"Baraya - Huila, Colombia",manual,0.3,147.0,12.0,SGC,,0.0,0.0,3.0,,,,,,,,,,3.64785,Senel et al.: Mw=0.8095 ML+1.3003 (3.3<=ML<=6.6),,extrapolada,,,principal,,
SGC,SGC2010belnzs,,2010-05-22T18:33:48+00:00,2.772,-75.064,0.0,1.8,ML,"Rivera - Huila, Colombia",manual,0.2,237.0,5.0,SGC,,0.0,0.0,5.0,,,,,,,,,,2.7574,Senel et al.: Mw=0.8095 ML+1.3003 (3.3<=ML<=6.6),,extrapolada,,,principal,,
SGC,SGC2010mslimp,,2010-05-24T13:06:02+00:00,3.052,-74.891,0.0,1.6,ML,"Baraya - Huila, Colombia",manual,0.4,242.0,6.0,SGC,,0.1,0.1,7.0,,,,,,,,,,2.5955000000000004,Senel et al.: Mw=0.8095 ML+1.3003 (3.3<=ML<=6.6),,extrapolada,,,principal,,
SGC,SGC2010uaahmb,,2010-05-26T18:51:06+00:00,2.789,-75.225,23.0,1.8,ML,"Rivera - Huila, Colombia",manual,0.3,329.0,4.0,SGC,,0.1,0.1,4.0,,,,,,,,,,2.7574,Senel et al.: Mw=0.8095 ML+1.3003 (3.3<=ML<=6.6),,extrapolada,,,principal,,
SGC,SGC2010wsrznd,,2010-06-15T20:12:33+00:00,2.726,-75.046,4.0,1.9,ML,"Rivera - Huila, Colombia",manual,0.6,217.0,8.0,SGC,,0.0,0.1,9.0,,,,,,,,,,2.83835,Senel et al.: Mw=0.8095 ML+1.3003 (3.3<=ML<=6.6),,extrapolada,,,principal,,
SGC,SGC2010nftwez,,2010-06-17T09:49:09+00:00,2.704,-75.201,16.0,2.3,ML,"Rivera - Huila, Colombia",manual,0.3,332.0,3.0,SGC,,0.1,0.1,5.0,,,,,,,,,,3.16215,Senel et al.: Mw=0.8095 ML+1.3003 (3.3<=ML<=6.6),,extrapolada,,,principal,,
SGC,SGC2010wgxban,,2010-06-18T07:05:38+00:00,3.262,-75.233,4.0,1.8,ML,"Aipe - Huila, Colombia",manual,0.2,204.0,5.0,SGC,,0.0,0.1,9.0,,,,,,,,,,2.7574,Senel et al.: Mw=0.8095 ML+1.3003 (3.3<=ML<=6.6),,extrapolada,,,principal,,
SGC,SGC2010elmzbr,,2010-06-19T22:55:27+00:00,2.531,-75.382,1.0,2.6,ML,"Algeciras - Huila, Colombia",manual,0.6,163.0,10.0,SGC,,0.0,0.0,7.0,,,,,,,,,,3.405,Senel et al.: Mw=0.8095 ML+1.3003 (3.3<=ML<=6.6),,extrapolada,,,principal,,
SGC,SGC2010gvwwaz,,2010-06-26T17:23:22+00:00,2.731,-75.084,2.0,2.0,ML,"Rivera - Huila, Colombia",manual,0.5,237.0,5.0,SGC,,0.1,0.1,12.0,,,,,,,,,,2.9193,Senel et al.: Mw=0.8095 ML+1.3003 (3.3<=ML<=6.6),,extrapolada,,,principal,,
SGC,SGC2010qporzr,,2010-06-26T23:56:35+00:00,3.14,-74.911,0.0,1.9,ML,"Baraya - Huila, Colombia",manual,0.5,237.0,6.0,SGC,,0.1,0.1,14.0,,,,,,,,,,2.83835,Senel et al.: Mw=0.8095 ML+1.3003 (3.3<=ML<=6.6),,extrapolada,,,principal,,
SGC,SGC2010qbpimd,,2010-07-01T05:55:38+00:00,3.322,-75.149,0.0,1.9,ML,"Villavieja - Huila, Colombia",manual,0.3,198.0,4.0,SGC,,0.0,0.0,7.0,,,,,,,,,,2.83835,Senel et al.: Mw=0.8095 ML+1.3003 (3.3<=ML<=6.6),,extrapolada,,,principal,,
SGC,SGC2010fqpouy,,2010-07-07T11:22:52+00:00,2.697,-75.019,1.0,2.3,ML,"Rivera - Huila, Colombia",manual,0.3,243.0,5.0,SGC,,0.0,0.1,6.0,,,,,,,,,,3.16215,Senel et al.: Mw=0.8095 ML+1.3003 (3.3<=ML<=6.6),,extrapolada,,,principal,,
SGC,SGC2010mmuals,,2010-07-11T03:16:42+00:00,2.795,-75.125,0.0,2.9,ML,"Rivera - Huila, Colombia",manual,0.4,199.0,13.0,SGC,,0.0,0.0,6.0,,,,,,,,,,3.64785,Senel et al.: Mw=0.8095 ML+1.3003 (3.3<=ML<=6.6),,extrapolada,,,principal,,
SGC,SGC2010mqesty,,2010-07-14T18:48:20+00:00,3.016,-74.918,0.0,2.8,ML,"Baraya - Huila, Colombia",manual,0.4,208.0,12.0,SGC,,0.0,0.1,6.0,,,,,,,,,,3.5669,Senel et al.: Mw=0.8095 ML+1.3003 (3.3<=ML<=6.6),,extrapolada,,,principal,,
SGC,SGC2010inovvf,,2010-08-02T20:49:28+00:00,2.958,-74.873,4.0,1.3,ML,"Baraya - Huila, Colombia",manual,0.4,211.0,4.0,SGC,,0.1,0.5,27.0,,,,,,,,,,2.35265,Senel et al.: Mw=0.8095 ML+1.3003 (3.3<=ML<=6.6),,extrapolada,,,principal,,
SGC,SGC2010uyjhbh,,2010-08-10T07:57:37+00:00,2.954,-74.953,0.0,1.9,ML,"Tello - Huila, Colombia",manual,0.6,208.0,7.0,SGC,,0.1,0.1,10.0,,,,,,,,,,2.83835,Senel et al.: Mw=0.8095 ML+1.3003 (3.3<=ML<=6.6),,extrapolada,,,principal,,
SGC,SGC2010uqhbfq,,2010-08-10T23:21:26+00:00,2.521,-75.471,3.0,1.9,ML,"Hobo - Huila, Colombia",manual,0.2,225.0,7.0,SGC,,0.0,0.0,3.0,,,,,,,,,,2.83835,Senel et al.: Mw=0.8095 ML+1.3003 (3.3<=ML<=6.6),,extrapolada,,,principal,,
SGC,SGC2010sxmzlx,,2010-08-19T22:58:33+00:00,2.679,-75.103,4.0,1.8,ML,"Rivera - Huila, Colombia",manual,0.4,172.0,9.0,SGC,,0.0,0.0,5.0,,,,,,,,,,2.7574,Senel et al.: Mw=0.8095 ML+1.3003 (3.3<=ML<=6.6),,extrapolada,,,principal,,
SGC,SGC2010uvfgdt,,2010-08-21T00:45:05+00:00,2.735,-75.033,3.0,2.5,ML,"Rivera - Huila, Colombia",manual,0.5,200.0,10.0,SGC,,0.0,0.1,7.0,,,,,,,,,,3.32405,Senel et al.: Mw=0.8095 ML+1.3003 (3.3<=ML<=6.6),,extrapolada,,,principal,,
SGC,SGC2010oxhamj,,2010-08-28T17:18:26+00:00,2.971,-74.902,0.0,1.8,ML,"Baraya - Huila, Colombia",manual,0.2,246.0,5.0,SGC,,0.0,0.1,7.0,,,,,,,,,,2.7574,Senel et al.: Mw=0.8095 ML+1.3003 (3.3<=ML<=6.6),,extrapolada,,,principal,,
SGC,SGC2010gxbbjl,,2010-08-31T20:03:27+00:00,2.7,-75.023,4.0,1.1,ML,"Rivera - Huila, Colombia",manual,0.5,202.0,4.0,SGC,,0.1,0.1,17.0,,,,,,,,,,2.19075,Senel et al.: Mw=0.8095 ML+1.3003 (3.3<=ML<=6.6),,extrapolada,,,principal,,
SGC,SGC2010xthkew,,2010-09-10T01:08:05+00:00,2.814,-74.933,4.0,2.4,ML,"Tello - Huila, Colombia",manual,0.4,177.0,11.0,SGC,,0.0,0.0,4.0,,,,,,,,,,3.2431,Senel et al.: Mw=0.8095 ML+1.3003 (3.3<=ML<=6.6),,extrapolada,,,principal,,
SGC,SGC2010hsmrpg,,2010-09-15T18:09:33+00:00,2.936,-74.905,3.0,2.2,ML,"Baraya - Huila, Colombia",manual,0.5,174.0,8.0,SGC,,0.1,0.1,9.0,,,,,,,,,,3.0812,Senel et al.: Mw=0.8095 ML+1.3003 (3.3<=ML<=6.6),,extrapolada,,,principal,,
SGC,SGC2010iosxam,,2010-09-28T12:28:28+00:00,2.996,-74.902,0.0,2.0,ML,"Baraya - Huila, Colombia",manual,0.3,258.0,5.0,SGC,,0.1,0.1,9.0,,,,,,,,,,2.9193,Senel et al.: Mw=0.8095 ML+1.3003 (3.3<=ML<=6.6),,extrapolada,,,principal,,
SGC,SGC2010jpdlhj,,2010-09-29T06:46:24+00:00,2.874,-74.858,9.0,2.1,ML,"Baraya - Huila, Colombia",manual,0.2,227.0,6.0,SGC,,0.0,0.0,4.0,,,,,,,,,,3.0002500000000003,Senel et al.: Mw=0.8095 ML+1.3003 (3.3<=ML<=6.6),,extrapolada,,,principal,,
SGC,SGC2010psuidy,,2010-10-03T04:15:54+00:00,2.662,-75.316,0.0,1.7,ML,"Campoalegre - Huila, Colombia",manual,0.4,231.0,4.0,SGC,,0.1,0.1,13.0,,,,,,,,,,2.67645,Senel et al.: Mw=0.8095 ML+1.3003 (3.3<=ML<=6.6),,extrapolada,,,principal,,
SGC,SGC2010bvoope,,2010-10-24T03:48:13+00:00,3.01,-74.878,0.0,1.7,ML,"Baraya - Huila, Colombia",manual,0.4,173.0,8.0,SGC,,0.0,0.0,6.0,,,,,,,,,,2.67645,Senel et al.: Mw=0.8095 ML+1.3003 (3.3<=ML<=6.6),,extrapolada,,,principal,,
SGC,SGC2010abpzwe,,2010-10-24T06:27:14+00:00,2.969,-74.93,4.0,1.6,ML,"Baraya - Huila, Colombia",manual,0.5,240.0,6.0,SGC,,0.1,0.2,14.0,,,,,,,,,,2.5955000000000004,Senel et al.: Mw=0.8095 ML+1.3003 (3.3<=ML<=6.6),,extrapolada,,,principal,,
SGC,SGC2010muihls,,2010-10-28T07:14:07+00:00,2.698,-75.071,4.0,2.1,ML,"Rivera - Huila, Colombia",manual,0.4,197.0,8.0,SGC,,0.0,0.0,6.0,,,,,,,,,,3.0002500000000003,Senel et al.: Mw=0.8095 ML+1.3003 (3.3<=ML<=6.6),,extrapolada,,,principal,,
SGC,SGC2010kdteei,,2010-11-04T00:40:39+00:00,2.504,-75.416,3.0,1.8,ML,"Hobo - Huila, Colombia",manual,0.2,171.0,5.0,SGC,,0.0,0.0,4.0,,,,,,,,,,2.7574,Senel et al.: Mw=0.8095 ML+1.3003 (3.3<=ML<=6.6),,extrapolada,,,principal,,
SGC,SGC2010hfmfqx,,2010-11-05T00:49:25+00:00,2.76,-75.044,0.0,1.3,ML,"Rivera - Huila, Colombia",manual,0.4,198.0,4.0,SGC,,0.0,0.1,10.0,,,,,,,,,,2.35265,Senel et al.: Mw=0.8095 ML+1.3003 (3.3<=ML<=6.6),,extrapolada,,,principal,,
SGC,SGC2010dmredj,,2010-11-09T02:51:55+00:00,2.659,-75.455,1.0,1.5,ML,"Yaguará - Huila, Colombia",manual,0.2,260.0,4.0,SGC,,0.0,0.0,7.0,,,,,,,,,,2.51455,Senel et al.: Mw=0.8095 ML+1.3003 (3.3<=ML<=6.6),,extrapolada,,,principal,,
SGC,SGC2010biopxt,,2010-11-12T00:02:05+00:00,3.065,-74.897,4.0,2.7,ML,"Baraya - Huila, Colombia",manual,0.4,191.0,10.0,SGC,,0.0,0.0,6.0,,,,,,,,,,3.4859500000000003,Senel et al.: Mw=0.8095 ML+1.3003 (3.3<=ML<=6.6),,extrapolada,,,principal,,
SGC,SGC2010ytbhvb,,2010-11-13T00:51:48+00:00,2.655,-75.074,4.0,2.0,ML,"Rivera - Huila, Colombia",manual,0.4,147.0,7.0,SGC,,0.0,0.0,5.0,,,,,,,,,,2.9193,Senel et al.: Mw=0.8095 ML+1.3003 (3.3<=ML<=6.6),,extrapolada,,,principal,,
SGC,SGC2010yeorkn,,2010-11-17T22:37:19+00:00,2.914,-75.209,4.0,1.9,ML,"Neiva - Huila, Colombia",manual,0.3,303.0,4.0,SGC,,0.3,0.3,40.0,,,,,,,,,,2.83835,Senel et al.: Mw=0.8095 ML+1.3003 (3.3<=ML<=6.6),,extrapolada,,,principal,,
SGC,SGC2010gawsbw,,2010-11-19T02:17:36+00:00,2.722,-75.015,4.0,1.6,ML,"Rivera - Huila, Colombia",manual,0.3,202.0,5.0,SGC,,0.0,0.0,5.0,,,,,,,,,,2.5955000000000004,Senel et al.: Mw=0.8095 ML+1.3003 (3.3<=ML<=6.6),,extrapolada,,,principal,,
SGC,SGC2010qqugce,,2010-11-27T02:46:54+00:00,2.774,-74.967,4.0,1.9,ML,"Rivera - Huila, Colombia",manual,0.4,146.0,7.0,SGC,,0.0,0.1,9.0,,,,,,,,,,2.83835,Senel et al.: Mw=0.8095 ML+1.3003 (3.3<=ML<=6.6),,extrapolada,,,principal,,
SGC,SGC2010izvhme,,2010-11-28T23:05:32+00:00,2.72,-75.064,6.0,1.5,ML,"Rivera - Huila, Colombia",manual,0.2,197.0,5.0,SGC,,0.0,0.0,9.0,,,,,,,,,,2.51455,Senel et al.: Mw=0.8095 ML+1.3003 (3.3<=ML<=6.6),,extrapolada,,,principal,,
SGC,SGC2010kpyctj,,2010-12-04T00:45:27+00:00,2.514,-75.387,2.0,2.7,ML,"Algeciras - Huila, Colombia",manual,0.5,191.0,11.0,SGC,,0.0,0.0,6.0,,,,,,,,,,3.4859500000000003,Senel et al.: Mw=0.8095 ML+1.3003 (3.3<=ML<=6.6),,extrapolada,,,principal,,
SGC,SGC2010udxldp,,2010-12-08T12:19:38+00:00,2.938,-74.863,4.0,1.7,ML,"Baraya - Huila, Colombia",manual,0.5,176.0,5.0,SGC,,0.0,0.0,10.0,,,,,,,,,,2.67645,Senel et al.: Mw=0.8095 ML+1.3003 (3.3<=ML<=6.6),,extrapolada,,,principal,,
SGC,SGC2010iepbab,,2010-12-12T18:47:06+00:00,3.012,-74.879,0.0,1.5,ML,"Baraya - Huila, Colombia",manual,0.4,197.0,6.0,SGC,,0.0,0.1,8.0,,,,,,,,,,2.51455,Senel et al.: Mw=0.8095 ML+1.3003 (3.3<=ML<=6.6),,extrapolada,,,principal,,
SGC,SGC2010qjpifs,,2010-12-18T20:14:47+00:00,2.979,-75.119,6.0,1.7,ML,"Tello - Huila, Colombia",manual,0.5,152.0,7.0,SGC,,0.0,0.0,11.0,,,,,,,,,,2.67645,Senel et al.: Mw=0.8095 ML+1.3003 (3.3<=ML<=6.6),,extrapolada,,,principal,,
SGC,SGC2011vmylby,,2011-01-03T13:13:08+00:00,3.031,-75.191,8.0,2.1,ML,"Tello - Huila, Colombia",manual,0.5,159.0,7.0,SGC,,0.0,0.0,8.0,,,,,,,,,,3.0002500000000003,Senel et al.: Mw=0.8095 ML+1.3003 (3.3<=ML<=6.6),,extrapolada,,,principal,,
SGC,SGC2011zeuclv,,2011-01-14T13:39:53+00:00,2.781,-74.937,13.0,3.5,ML,"Rivera - Huila, Colombia",manual,0.5,153.0,12.0,SGC,,0.1,0.0,6.0,,,,,,,,,,4.13355,Senel et al.: Mw=0.8095 ML+1.3003 (3.3<=ML<=6.6),,dentro_de_rango,,,principal,,
SGC,SGC2011cwayem,,2011-01-17T08:00:34+00:00,2.966,-74.861,2.0,2.5,ML,"Baraya - Huila, Colombia",manual,0.5,197.0,8.0,SGC,,0.1,0.1,8.0,,,,,,,,,,3.32405,Senel et al.: Mw=0.8095 ML+1.3003 (3.3<=ML<=6.6),,extrapolada,,,principal,,
SGC,SGC2011ykqvby,,2011-01-18T10:34:42+00:00,2.747,-75.155,4.0,2.4,ML,"Rivera - Huila, Colombia",manual,0.4,188.0,10.0,SGC,,0.0,0.0,6.0,,,,,,,,,,3.2431,Senel et al.: Mw=0.8095 ML+1.3003 (3.3<=ML<=6.6),,extrapolada,,,principal,,
SGC,SGC2011hwvhja,,2011-01-22T21:35:40+00:00,3.152,-75.369,32.0,1.2,ML,"Aipe - Huila, Colombia",manual,0.4,203.0,4.0,SGC,,0.3,0.1,26.0,,,,,,,,,,2.2717,Senel et al.: Mw=0.8095 ML+1.3003 (3.3<=ML<=6.6),,extrapolada,,,principal,,
SGC,SGC2011jwzshh,,2011-01-24T16:31:11+00:00,3.081,-75.611,32.0,1.9,ML,"Planadas - Tolima, Colombia",manual,0.2,143.0,4.0,SGC,,0.0,0.0,12.0,,,,,,,,,,2.83835,Senel et al.: Mw=0.8095 ML+1.3003 (3.3<=ML<=6.6),,extrapolada,,,principal,,
SGC,SGC2011lqjkpu,,2011-02-01T06:42:21+00:00,2.761,-75.098,4.0,1.8,ML,"Rivera - Huila, Colombia",manual,0.4,182.0,5.0,SGC,,0.1,0.0,14.0,,,,,,,,,,2.7574,Senel et al.: Mw=0.8095 ML+1.3003 (3.3<=ML<=6.6),,extrapolada,,,principal,,
SGC,SGC2011hrfkzf,,2011-02-03T19:35:19+00:00,3.069,-74.993,0.0,1.3,ML,"Baraya - Huila, Colombia",manual,0.2,251.0,5.0,SGC,,0.0,0.1,7.0,,,,,,,,,,2.35265,Senel et al.: Mw=0.8095 ML+1.3003 (3.3<=ML<=6.6),,extrapolada,,,principal,,
SGC,SGC2011bzimrv,,2011-02-08T05:02:51+00:00,2.753,-75.147,0.0,4.2,ML,"Rivera - Huila, Colombia",manual,0.4,188.0,18.0,SGC,,0.0,0.0,5.0,,,,,,,,,,4.700200000000001,Senel et al.: Mw=0.8095 ML+1.3003 (3.3<=ML<=6.6),,dentro_de_rango,,,principal,,
SGC,SGC2011ykemdd,,2011-02-20T00:26:20+00:00,2.745,-75.124,0.0,1.9,ML,"Rivera - Huila, Colombia",manual,0.5,211.0,9.0,SGC,,0.1,0.1,8.0,,,,,,,,,,2.83835,Senel et al.: Mw=0.8095 ML+1.3003 (3.3<=ML<=6.6),,extrapolada,,,principal,,
SGC,SGC2011gliyli,,2011-02-21T06:03:22+00:00,3.114,-75.274,2.0,2.0,ML,"Aipe - Huila, Colombia",manual,0.5,151.0,10.0,SGC,,0.1,0.0,9.0,,,,,,,,,,2.9193,Senel et al.: Mw=0.8095 ML+1.3003 (3.3<=ML<=6.6),,extrapolada,,,principal,,
SGC,SGC2011zielrw,,2011-02-24T13:02:39+00:00,2.552,-75.285,4.0,2.3,ML,"Algeciras - Huila, Colombia",manual,0.4,178.0,6.0,SGC,,0.1,0.0,9.0,,,,,,,,,,3.16215,Senel et al.: Mw=0.8095 ML+1.3003 (3.3<=ML<=6.6),,extrapolada,,,principal,,
SGC,SGC2011vghnhv,,2011-02-26T12:07:06+00:00,2.489,-75.332,48.0,1.9,ML,"Algeciras - Huila, Colombia",manual,0.2,254.0,4.0,SGC,,0.2,0.2,90.0,,,,,,,,,,2.83835,Senel et al.: Mw=0.8095 ML+1.3003 (3.3<=ML<=6.6),,extrapolada,,,principal,,
SGC,SGC2011iwfwkd,,2011-03-04T13:09:34+00:00,2.684,-75.041,4.0,2.8,ML,"Rivera - Huila, Colombia",manual,0.4,189.0,7.0,SGC,,0.1,0.0,7.0,,,,,,,,,,3.5669,Senel et al.: Mw=0.8095 ML+1.3003 (3.3<=ML<=6.6),,extrapolada,,,principal,,
SGC,SGC2011qzeoxz,,2011-03-08T05:56:52+00:00,3.019,-74.901,4.0,2.2,ML,"Baraya - Huila, Colombia",manual,0.4,195.0,9.0,SGC,,0.1,0.1,10.0,,,,,,,,,,3.0812,Senel et al.: Mw=0.8095 ML+1.3003 (3.3<=ML<=6.6),,extrapolada,,,principal,,
SGC,SGC2011zzpplg,,2011-03-12T22:26:17+00:00,2.718,-75.079,4.0,2.4,ML,"Rivera - Huila, Colombia",manual,0.5,162.0,11.0,SGC,,0.0,0.0,5.0,,,,,,,,,,3.2431,Senel et al.: Mw=0.8095 ML+1.3003 (3.3<=ML<=6.6),,extrapolada,,,principal,,
SGC,SGC2011tawyfn,,2011-03-18T19:23:54+00:00,2.611,-75.348,16.0,1.4,ML,"Campoalegre - Huila, Colombia",manual,0.4,132.0,6.0,SGC,,0.0,0.0,11.0,,,,,,,,,,2.4336,Senel et al.: Mw=0.8095 ML+1.3003 (3.3<=ML<=6.6),,extrapolada,,,principal,,
SGC,SGC2011cggxuj,,2011-03-21T10:57:38+00:00,2.731,-75.076,5.0,1.9,ML,"Rivera - Huila, Colombia",manual,0.3,196.0,6.0,SGC,,0.0,0.0,5.0,,,,,,,,,,2.83835,Senel et al.: Mw=0.8095 ML+1.3003 (3.3<=ML<=6.6),,extrapolada,,,principal,,
SGC,SGC2011zlrgjv,,2011-03-23T21:10:18+00:00,2.969,-74.882,0.0,2.0,ML,"Baraya - Huila, Colombia",manual,0.5,210.0,6.0,SGC,,0.1,0.1,10.0,,,,,,,,,,2.9193,Senel et al.: Mw=0.8095 ML+1.3003 (3.3<=ML<=6.6),,extrapolada,,,principal,,
SGC,SGC2011tpsvft,,2011-04-01T02:26:23+00:00,3.267,-75.271,8.0,1.8,ML,"Aipe - Huila, Colombia",manual,0.2,190.0,5.0,SGC,,0.0,0.0,9.0,,,,,,,,,,2.7574,Senel et al.: Mw=0.8095 ML+1.3003 (3.3<=ML<=6.6),,extrapolada,,,principal,,
SGC,SGC2011cnsxnz,,2011-04-03T12:25:09+00:00,3.193,-75.039,0.0,2.2,ML,"Baraya - Huila, Colombia",manual,0.4,185.0,7.0,SGC,,0.0,0.1,8.0,,,,,,,,,,3.0812,Senel et al.: Mw=0.8095 ML+1.3003 (3.3<=ML<=6.6),,extrapolada,,,principal,,
SGC,SGC2011malvqc,,2011-04-07T22:22:31+00:00,3.078,-74.898,0.0,1.8,ML,"Baraya - Huila, Colombia",manual,0.3,206.0,5.0,SGC,,0.0,0.1,8.0,,,,,,,,,,2.7574,Senel et al.: Mw=0.8095 ML+1.3003 (3.3<=ML<=6.6),,extrapolada,,,principal,,
SGC,SGC2011bfnbcf,,2011-04-13T01:25:24+00:00,2.674,-75.085,4.0,2.1,ML,"Rivera - Huila, Colombia",manual,0.5,145.0,7.0,SGC,,0.1,0.0,11.0,,,,,,,,,,3.0002500000000003,Senel et al.: Mw=0.8095 ML+1.3003 (3.3<=ML<=6.6),,extrapolada,,,principal,,
SGC,SGC2011jdfcai,,2011-04-29T01:12:52+00:00,2.694,-75.058,4.0,1.4,ML,"Rivera - Huila, Colombia",manual,0.2,188.0,4.0,SGC,,0.0,0.0,7.0,,,,,,,,,,2.4336,Senel et al.: Mw=0.8095 ML+1.3003 (3.3<=ML<=6.6),,extrapolada,,,principal,,
SGC,SGC2011tqqdqv,,2011-05-01T00:58:53+00:00,2.51,-75.387,4.0,1.4,ML,"Algeciras - Huila, Colombia",manual,0.3,256.0,4.0,SGC,,0.0,0.1,16.0,,,,,,,,,,2.4336,Senel et al.: Mw=0.8095 ML+1.3003 (3.3<=ML<=6.6),,extrapolada,,,principal,,
SGC,SGC2011knrlsi,,2011-05-01T13:23:10+00:00,2.565,-75.508,21.0,1.8,ML,"Hobo - Huila, Colombia",manual,0.5,159.0,5.0,SGC,,0.1,0.0,6.0,,,,,,,,,,2.7574,Senel et al.: Mw=0.8095 ML+1.3003 (3.3<=ML<=6.6),,extrapolada,,,principal,,
SGC,SGC2011ujfkmo,,2011-05-05T12:42:53+00:00,2.715,-75.11,6.0,2.3,ML,"Rivera - Huila, Colombia",manual,0.2,236.0,6.0,SGC,,0.0,0.0,4.0,,,,,,,,,,3.16215,Senel et al.: Mw=0.8095 ML+1.3003 (3.3<=ML<=6.6),,extrapolada,,,principal,,
SGC,SGC2011cytjyc,,2011-05-07T09:27:15+00:00,2.523,-75.453,23.0,1.8,ML,"Hobo - Huila, Colombia",manual,0.4,195.0,5.0,SGC,,0.1,0.0,4.0,,,,,,,,,,2.7574,Senel et al.: Mw=0.8095 ML+1.3003 (3.3<=ML<=6.6),,extrapolada,,,principal,,
SGC,SGC2011mwsfmf,,2011-05-16T16:32:25+00:00,2.866,-74.984,4.0,1.8,ML,"Tello - Huila, Colombia",manual,0.4,139.0,4.0,SGC,,0.0,0.0,8.0,,,,,,,,,,2.7574,Senel et al.: Mw=0.8095 ML+1.3003 (3.3<=ML<=6.6),,extrapolada,,,principal,,
SGC,SGC2011gbndha,,2011-06-05T19:23:52+00:00,2.902,-75.711,4.0,1.8,ML,"Santa María - Huila, Colombia",manual,0.2,152.0,5.0,SGC,,0.1,0.0,12.0,,,,,,,,,,2.7574,Senel et al.: Mw=0.8095 ML+1.3003 (3.3<=ML<=6.6),,extrapolada,,,principal,,
SGC,SGC2011mddham,,2011-06-06T15:05:31+00:00,3.0,-75.186,4.0,2.5,ML,"Tello - Huila, Colombia",manual,0.5,161.0,9.0,SGC,,0.0,0.0,7.0,,,,,,,,,,3.32405,Senel et al.: Mw=0.8095 ML+1.3003 (3.3<=ML<=6.6),,extrapolada,,,principal,,
SGC,SGC2011zyjdog,,2011-06-30T09:28:42+00:00,2.829,-74.892,4.0,2.8,ML,"Tello - Huila, Colombia",manual,0.5,183.0,8.0,SGC,,0.1,0.0,7.0,,,,,,,,,,3.5669,Senel et al.: Mw=0.8095 ML+1.3003 (3.3<=ML<=6.6),,extrapolada,,,principal,,
SGC,SGC2011xyrcmg,,2011-06-30T19:06:41+00:00,2.702,-75.054,4.0,2.2,ML,"Rivera - Huila, Colombia",manual,0.4,187.0,7.0,SGC,,0.0,0.0,5.0,,,,,,,,,,3.0812,Senel et al.: Mw=0.8095 ML+1.3003 (3.3<=ML<=6.6),,extrapolada,,,principal,,
SGC,SGC2011sjwkvp,,2011-07-04T07:46:10+00:00,2.561,-75.314,4.0,2.9,ML,"Algeciras - Huila, Colombia",manual,0.4,189.0,7.0,SGC,,0.1,0.0,9.0,,,,,,,,,,3.64785,Senel et al.: Mw=0.8095 ML+1.3003 (3.3<=ML<=6.6),,extrapolada,,,principal,,
SGC,SGC2011ajnfsj,,2011-07-04T09:14:19+00:00,2.56,-75.329,4.0,1.8,ML,"Algeciras - Huila, Colombia",manual,0.2,189.0,6.0,SGC,,0.0,0.0,5.0,,,,,,,,,,2.7574,Senel et al.: Mw=0.8095 ML+1.3003 (3.3<=ML<=6.6),,extrapolada,,,principal,,
SGC,SGC2011jsptcy,,2011-07-05T13:28:29+00:00,2.818,-74.909,14.0,2.6,ML,"Tello - Huila, Colombia",manual,0.5,184.0,9.0,SGC,,0.0,0.0,5.0,,,,,,,,,,3.405,Senel et al.: Mw=0.8095 ML+1.3003 (3.3<=ML<=6.6),,extrapolada,,,principal,,
SGC,SGC2011agolcu,,2011-07-09T04:25:06+00:00,2.915,-75.422,4.0,2.0,ML,"Palermo - Huila, Colombia",manual,0.2,177.0,5.0,SGC,,0.0,0.0,5.0,,,,,,,,,,2.9193,Senel et al.: Mw=0.8095 ML+1.3003 (3.3<=ML<=6.6),,extrapolada,,,principal,,
SGC,SGC2011kwldzt,,2011-07-09T18:04:42+00:00,2.983,-74.851,4.0,3.0,ML,"Baraya - Huila, Colombia",manual,0.5,172.0,10.0,SGC,,0.0,0.0,5.0,,,,,,,,,,3.7288,Senel et al.: Mw=0.8095 ML+1.3003 (3.3<=ML<=6.6),,extrapolada,,,principal,,
SGC,SGC2011jsumqn,,2011-07-10T21:18:17+00:00,3.033,-75.009,6.0,2.2,ML,"Baraya - Huila, Colombia",manual,0.3,166.0,5.0,SGC,,0.0,0.0,7.0,,,,,,,,,,3.0812,Senel et al.: Mw=0.8095 ML+1.3003 (3.3<=ML<=6.6),,extrapolada,,,principal,,
SGC,SGC2011kxobby,,2011-07-17T08:51:03+00:00,2.877,-74.859,7.0,2.2,ML,"Baraya - Huila, Colombia",manual,0.5,184.0,5.0,SGC,,0.0,0.0,7.0,,,,,,,,,,3.0812,Senel et al.: Mw=0.8095 ML+1.3003 (3.3<=ML<=6.6),,extrapolada,,,principal,,
SGC,SGC2011sdjbcm,,2011-07-28T03:57:14+00:00,2.688,-75.036,6.0,2.2,ML,"Rivera - Huila, Colombia",manual,0.5,148.0,8.0,SGC,,0.0,0.0,7.0,,,,,,,,,,3.0812,Senel et al.: Mw=0.8095 ML+1.3003 (3.3<=ML<=6.6),,extrapolada,,,principal,,
SGC,SGC2011dcrmls,,2011-07-29T01:49:30+00:00,2.722,-75.009,4.0,1.5,ML,"Rivera - Huila, Colombia",manual,0.3,147.0,8.0,SGC,,0.0,0.0,5.0,,,,,,,,,,2.51455,Senel et al.: Mw=0.8095 ML+1.3003 (3.3<=ML<=6.6),,extrapolada,,,principal,,
SGC,SGC2011uejzlx,,2011-07-29T14:44:17+00:00,2.675,-74.937,74.0,2.1,ML,"Rivera - Huila, Colombia",manual,0.5,193.0,6.0,SGC,,0.1,0.0,28.0,,,,,,,,,,3.0002500000000003,Senel et al.: Mw=0.8095 ML+1.3003 (3.3<=ML<=6.6),,extrapolada,,,principal,,
SGC,SGC2011ecmngi,,2011-08-06T14:47:26+00:00,2.726,-75.215,4.0,2.2,ML,"Rivera - Huila, Colombia",manual,0.4,134.0,10.0,SGC,,0.0,0.0,4.0,,,,,,,,,,3.0812,Senel et al.: Mw=0.8095 ML+1.3003 (3.3<=ML<=6.6),,extrapolada,,,principal,,
SGC,SGC2011udisnr,,2011-08-09T04:12:14+00:00,2.708,-74.954,66.0,1.7,ML,"Rivera - Huila, Colombia",manual,0.4,151.0,4.0,SGC,,0.0,0.1,18.0,,,,,,,,,,2.67645,Senel et al.: Mw=0.8095 ML+1.3003 (3.3<=ML<=6.6),,extrapolada,,,principal,,
SGC,SGC2011vohvlb,,2011-08-09T14:15:35+00:00,3.006,-74.862,8.0,2.4,ML,"Baraya - Huila, Colombia",manual,0.3,136.0,6.0,SGC,,0.0,0.0,7.0,,,,,,,,,,3.2431,Senel et al.: Mw=0.8095 ML+1.3003 (3.3<=ML<=6.6),,extrapolada,,,principal,,
SGC,SGC2011pdhxvk,,2011-08-10T07:00:26+00:00,2.627,-75.148,4.0,2.1,ML,"Rivera - Huila, Colombia",manual,0.4,144.0,5.0,SGC,,0.0,0.0,5.0,,,,,,,,,,3.0002500000000003,Senel et al.: Mw=0.8095 ML+1.3003 (3.3<=ML<=6.6),,extrapolada,,,principal,,
SGC,SGC2011cdtqcw,,2011-08-11T08:42:38+00:00,2.88,-74.874,4.0,2.1,ML,"Tello - Huila, Colombia",manual,0.5,144.0,8.0,SGC,,0.0,0.0,7.0,,,,,,,,,,3.0002500000000003,Senel et al.: Mw=0.8095 ML+1.3003 (3.3<=ML<=6.6),,extrapolada,,,principal,,
SGC,SGC2011zlxaxk,,2011-08-14T05:56:23+00:00,2.68,-75.031,4.0,1.9,ML,"Rivera - Huila, Colombia",manual,0.5,148.0,7.0,SGC,,0.0,0.0,9.0,,,,,,,,,,2.83835,Senel et al.: Mw=0.8095 ML+1.3003 (3.3<=ML<=6.6),,extrapolada,,,principal,,
SGC,SGC2011tienxv,,2011-08-25T02:40:10+00:00,2.713,-74.994,5.0,1.8,ML,"Rivera - Huila, Colombia",manual,0.4,149.0,5.0,SGC,,0.0,0.1,8.0,,,,,,,,,,2.7574,Senel et al.: Mw=0.8095 ML+1.3003 (3.3<=ML<=6.6),,extrapolada,,,principal,,
SGC,SGC2011cyltyg,,2011-09-01T23:46:03+00:00,2.979,-74.965,0.0,2.8,ML,"Tello - Huila, Colombia",manual,0.3,195.0,11.0,SGC,,0.0,0.0,3.0,,,,,,,,,,3.5669,Senel et al.: Mw=0.8095 ML+1.3003 (3.3<=ML<=6.6),,extrapolada,,,principal,,
SGC,SGC2011eljtcj,,2011-09-03T13:14:18+00:00,3.141,-75.324,7.0,2.7,ML,"Aipe - Huila, Colombia",manual,0.3,110.0,8.0,SGC,,0.0,0.0,6.0,,,,,,,,,,3.4859500000000003,Senel et al.: Mw=0.8095 ML+1.3003 (3.3<=ML<=6.6),,extrapolada,,,principal,,
SGC,SGC2011mquvhz,,2011-09-07T10:40:27+00:00,2.73,-75.097,28.0,2.1,ML,"Rivera - Huila, Colombia",manual,0.4,141.0,6.0,SGC,,0.0,0.0,4.0,,,,,,,,,,3.0002500000000003,Senel et al.: Mw=0.8095 ML+1.3003 (3.3<=ML<=6.6),,extrapolada,,,principal,,
SGC,SGC2011gzjbvw,,2011-09-18T03:12:44+00:00,2.727,-75.041,0.0,2.1,ML,"Rivera - Huila, Colombia",manual,0.3,205.0,7.0,SGC,,0.0,0.0,6.0,,,,,,,,,,3.0002500000000003,Senel et al.: Mw=0.8095 ML+1.3003 (3.3<=ML<=6.6),,extrapolada,,,principal,,
SGC,SGC2011logpnz,,2011-09-25T00:53:14+00:00,2.576,-75.376,16.0,1.5,ML,"Hobo - Huila, Colombia",manual,0.3,282.0,4.0,SGC,,0.1,0.0,5.0,,,,,,,,,,2.51455,Senel et al.: Mw=0.8095 ML+1.3003 (3.3<=ML<=6.6),,extrapolada,,,principal,,
SGC,SGC2011xuuhrp,,2011-10-14T15:56:13+00:00,2.654,-75.602,17.0,1.7,ML,"Íquira - Huila, Colombia",manual,0.4,132.0,6.0,SGC,,0.0,0.0,5.0,,,,,,,,,,2.67645,Senel et al.: Mw=0.8095 ML+1.3003 (3.3<=ML<=6.6),,extrapolada,,,principal,,
SGC,SGC2011bpiqcw,,2011-10-23T08:56:24+00:00,2.704,-75.013,4.0,2.0,ML,"Rivera - Huila, Colombia",manual,0.5,167.0,8.0,SGC,,0.0,0.1,7.0,,,,,,,,,,2.9193,Senel et al.: Mw=0.8095 ML+1.3003 (3.3<=ML<=6.6),,extrapolada,,,principal,,
SGC,SGC2011dlimyz,,2011-10-27T03:43:36+00:00,3.088,-75.304,0.0,1.4,ML,"Aipe - Huila, Colombia",manual,0.2,201.0,6.0,SGC,,0.0,0.0,5.0,,,,,,,,,,2.4336,Senel et al.: Mw=0.8095 ML+1.3003 (3.3<=ML<=6.6),,extrapolada,,,principal,,
SGC,SGC2011xuikac,,2011-11-01T00:51:46+00:00,2.983,-74.893,3.0,2.6,ML,"Baraya - Huila, Colombia",manual,0.5,216.0,7.0,SGC,,0.0,0.0,8.0,,,,,,,,,,3.405,Senel et al.: Mw=0.8095 ML+1.3003 (3.3<=ML<=6.6),,extrapolada,,,principal,,
SGC,SGC2011mufpxn,,2011-11-02T22:57:03+00:00,2.71,-75.037,5.0,1.7,ML,"Rivera - Huila, Colombia",manual,0.2,246.0,5.0,SGC,,0.0,0.0,5.0,,,,,,,,,,2.67645,Senel et al.: Mw=0.8095 ML+1.3003 (3.3<=ML<=6.6),,extrapolada,,,principal,,
SGC,SGC2011qnsdfe,,2011-11-15T21:43:34+00:00,2.79,-75.126,0.0,2.3,ML,"Rivera - Huila, Colombia",manual,0.4,203.0,8.0,SGC,,0.1,0.0,6.0,,,,,,,,,,3.16215,Senel et al.: Mw=0.8095 ML+1.3003 (3.3<=ML<=6.6),,extrapolada,,,principal,,
SGC,SGC2011fxqqzp,,2011-11-28T05:24:41+00:00,2.533,-75.423,0.0,3.5,ML,"Hobo - Huila, Colombia",manual,0.5,188.0,12.0,SGC,,0.0,0.0,5.0,,,,,,,,,,4.13355,Senel et al.: Mw=0.8095 ML+1.3003 (3.3<=ML<=6.6),,dentro_de_rango,,,principal,,
SGC,SGC2011pxlglo,,2011-12-01T15:27:23+00:00,2.739,-75.05,4.0,2.6,ML,"Rivera - Huila, Colombia",manual,0.4,189.0,9.0,SGC,,0.0,0.0,6.0,,,,,,,,,,3.405,Senel et al.: Mw=0.8095 ML+1.3003 (3.3<=ML<=6.6),,extrapolada,,,principal,,
SGC,SGC2011zoeqco,,2011-12-02T04:47:01+00:00,2.914,-74.871,4.0,2.1,ML,"Baraya - Huila, Colombia",manual,0.4,204.0,6.0,SGC,,0.0,0.0,5.0,,,,,,,,,,3.0002500000000003,Senel et al.: Mw=0.8095 ML+1.3003 (3.3<=ML<=6.6),,extrapolada,,,principal,,
SGC,SGC2011kbjada,,2011-12-30T23:31:14+00:00,2.567,-75.52,19.0,1.4,ML,"Hobo - Huila, Colombia",manual,0.3,122.0,6.0,SGC,,0.0,0.0,6.0,,,,,,,,,,2.4336,Senel et al.: Mw=0.8095 ML+1.3003 (3.3<=ML<=6.6),,extrapolada,,,principal,,
SGC,SGC2012bpuvat,,2012-01-02T00:27:55+00:00,2.719,-75.019,4.0,1.9,ML,"Rivera - Huila, Colombia",manual,0.4,147.0,8.0,SGC,,0.0,0.0,6.0,,,,,,,,,,2.83835,Senel et al.: Mw=0.8095 ML+1.3003 (3.3<=ML<=6.6),,extrapolada,,,principal,,
SGC,SGC2012frfmig,,2012-01-03T19:58:06+00:00,2.702,-75.053,4.0,2.1,ML,"Rivera - Huila, Colombia",manual,0.3,174.0,12.0,SGC,,0.0,0.0,4.0,,,,,,,,,,3.0002500000000003,Senel et al.: Mw=0.8095 ML+1.3003 (3.3<=ML<=6.6),,extrapolada,,,principal,,
SGC,SGC2012xmoixo,,2012-01-06T07:04:43+00:00,2.552,-75.338,14.0,1.2,ML,"Algeciras - Huila, Colombia",manual,0.4,136.0,5.0,SGC,,0.0,0.0,9.0,,,,,,,,,,2.2717,Senel et al.: Mw=0.8095 ML+1.3003 (3.3<=ML<=6.6),,extrapolada,,,principal,,
SGC,SGC2012efsfyg,,2012-01-10T18:00:39+00:00,2.654,-75.052,4.0,1.5,ML,"Rivera - Huila, Colombia",manual,0.5,149.0,5.0,SGC,,0.1,0.1,9.0,,,,,,,,,,2.51455,Senel et al.: Mw=0.8095 ML+1.3003 (3.3<=ML<=6.6),,extrapolada,,,principal,,
SGC,SGC2012krekvj,,2012-01-12T20:16:09+00:00,2.677,-75.083,2.0,2.2,ML,"Rivera - Huila, Colombia",manual,0.4,145.0,13.0,SGC,,0.0,0.0,5.0,,,,,,,,,,3.0812,Senel et al.: Mw=0.8095 ML+1.3003 (3.3<=ML<=6.6),,extrapolada,,,principal,,
SGC,SGC2012vvxoal,,2012-01-23T22:41:24+00:00,2.638,-75.134,10.0,2.2,ML,"Rivera - Huila, Colombia",manual,0.4,193.0,8.0,SGC,,0.0,0.0,6.0,,,,,,,,,,3.0812,Senel et al.: Mw=0.8095 ML+1.3003 (3.3<=ML<=6.6),,extrapolada,,,principal,,
SGC,SGC2012eydgll,,2012-02-02T12:28:39+00:00,2.621,-75.467,5.0,1.4,ML,"Hobo - Huila, Colombia",manual,0.3,162.0,5.0,SGC,,0.0,0.0,415.0,,,,,,,,,,2.4336,Senel et al.: Mw=0.8095 ML+1.3003 (3.3<=ML<=6.6),,extrapolada,,,principal,,
SGC,SGC2012onedqp,,2012-02-23T19:27:38+00:00,2.645,-75.097,4.0,2.0,ML,"Rivera - Huila, Colombia",manual,0.4,146.0,9.0,SGC,,0.0,0.0,8.0,,,,,,,,,,2.9193,Senel et al.: Mw=0.8095 ML+1.3003 (3.3<=ML<=6.6),,extrapolada,,,principal,,
SGC,SGC2012ixauwg,,2012-02-24T10:43:04+00:00,2.708,-75.027,4.0,1.4,ML,"Rivera - Huila, Colombia",manual,0.4,147.0,5.0,SGC,,0.0,0.0,6.0,,,,,,,,,,2.4336,Senel et al.: Mw=0.8095 ML+1.3003 (3.3<=ML<=6.6),,extrapolada,,,principal,,
SGC,SGC2012jbuiql,,2012-03-03T14:42:49+00:00,3.267,-75.199,5.0,2.2,ML,"Villavieja - Huila, Colombia",manual,0.3,105.0,10.0,SGC,,0.0,0.0,5.0,,,,,,,,,,3.0812,Senel et al.: Mw=0.8095 ML+1.3003 (3.3<=ML<=6.6),,extrapolada,,,principal,,
SGC,SGC2012jkmvxb,,2012-03-04T09:16:28+00:00,3.152,-75.03,4.0,1.8,ML,"Baraya - Huila, Colombia",manual,0.4,187.0,6.0,SGC,,0.0,0.1,8.0,,,,,,,,,,2.7574,Senel et al.: Mw=0.8095 ML+1.3003 (3.3<=ML<=6.6),,extrapolada,,,principal,,
SGC,SGC2012awliyc,,2012-03-08T20:21:23+00:00,2.732,-75.04,7.0,1.9,ML,"Rivera - Huila, Colombia",manual,0.4,145.0,10.0,SGC,,0.0,0.0,7.0,,,,,,,,,,2.83835,Senel et al.: Mw=0.8095 ML+1.3003 (3.3<=ML<=6.6),,extrapolada,,,principal,,
SGC,SGC2012nnqtez,,2012-03-08T21:49:59+00:00,2.72,-75.056,4.0,1.8,ML,"Rivera - Huila, Colombia",manual,0.4,144.0,5.0,SGC,,0.0,0.0,7.0,,,,,,,,,,2.7574,Senel et al.: Mw=0.8095 ML+1.3003 (3.3<=ML<=6.6),,extrapolada,,,principal,,
SGC,SGC2012vtktnr,,2012-03-19T07:55:37+00:00,2.69,-75.197,18.0,2.9,ML,"Rivera - Huila, Colombia",manual,0.5,138.0,11.0,SGC,,0.0,0.0,4.0,,,,,,,,,,3.64785,Senel et al.: Mw=0.8095 ML+1.3003 (3.3<=ML<=6.6),,extrapolada,,,principal,,
SGC,SGC2012zinrvz,,2012-03-26T02:02:36+00:00,3.244,-75.128,4.0,1.5,ML,"Villavieja - Huila, Colombia",manual,0.3,170.0,4.0,SGC,,0.1,0.1,17.0,,,,,,,,,,2.51455,Senel et al.: Mw=0.8095 ML+1.3003 (3.3<=ML<=6.6),,extrapolada,,,principal,,
SGC,SGC2012ezsxtl,,2012-03-27T10:59:32+00:00,2.52,-75.44,16.0,1.5,ML,"Hobo - Huila, Colombia",manual,0.2,168.0,5.0,SGC,,0.0,0.0,3.0,,,,,,,,,,2.51455,Senel et al.: Mw=0.8095 ML+1.3003 (3.3<=ML<=6.6),,extrapolada,,,principal,,
SGC,SGC2012zcngqv,,2012-03-30T16:26:15+00:00,3.161,-75.264,11.0,2.0,ML,"Aipe - Huila, Colombia",manual,0.2,109.0,8.0,SGC,,0.0,0.0,3.0,,,,,,,,,,2.9193,Senel et al.: Mw=0.8095 ML+1.3003 (3.3<=ML<=6.6),,extrapolada,,,principal,,
SGC,SGC2012rbfqoq,,2012-04-04T06:13:17+00:00,2.662,-75.134,4.0,1.5,ML,"Rivera - Huila, Colombia",manual,0.5,143.0,7.0,SGC,,0.0,0.0,7.0,,,,,,,,,,2.51455,Senel et al.: Mw=0.8095 ML+1.3003 (3.3<=ML<=6.6),,extrapolada,,,principal,,
SGC,SGC2012korrbk,,2012-04-09T01:14:28+00:00,2.502,-75.426,4.0,1.2,ML,"Hobo - Huila, Colombia",manual,0.2,134.0,4.0,SGC,,0.0,0.0,5.0,,,,,,,,,,2.2717,Senel et al.: Mw=0.8095 ML+1.3003 (3.3<=ML<=6.6),,extrapolada,,,principal,,
SGC,SGC2012kcmgyt,,2012-04-11T04:52:18+00:00,2.882,-74.885,9.0,2.9,ML,"Tello - Huila, Colombia",manual,0.3,167.0,8.0,SGC,,0.0,0.0,5.0,,,,,,,,,,3.64785,Senel et al.: Mw=0.8095 ML+1.3003 (3.3<=ML<=6.6),,extrapolada,,,principal,,
SGC,SGC2012jtzptx,,2012-04-15T02:43:39+00:00,3.237,-75.277,17.0,1.8,ML,"Aipe - Huila, Colombia",manual,0.5,104.0,8.0,SGC,,0.0,0.0,5.0,,,,,,,,,,2.7574,Senel et al.: Mw=0.8095 ML+1.3003 (3.3<=ML<=6.6),,extrapolada,,,principal,,
SGC,SGC2012berghg,,2012-04-18T19:24:59+00:00,2.596,-75.58,11.0,1.4,ML,"Íquira - Huila, Colombia",manual,0.3,126.0,6.0,SGC,,0.0,0.0,9.0,,,,,,,,,,2.4336,Senel et al.: Mw=0.8095 ML+1.3003 (3.3<=ML<=6.6),,extrapolada,,,principal,,
SGC,SGC2012lztuzq,,2012-04-19T03:33:15+00:00,2.511,-75.428,15.0,1.8,ML,"Hobo - Huila, Colombia",manual,0.2,131.0,6.0,SGC,,0.0,0.0,3.0,,,,,,,,,,2.7574,Senel et al.: Mw=0.8095 ML+1.3003 (3.3<=ML<=6.6),,extrapolada,,,principal,,
SGC,SGC2012fojmge,,2012-04-19T03:44:43+00:00,3.119,-75.206,4.0,1.4,ML,"Tello - Huila, Colombia",manual,0.5,113.0,7.0,SGC,,0.0,0.0,7.0,,,,,,,,,,2.4336,Senel et al.: Mw=0.8095 ML+1.3003 (3.3<=ML<=6.6),,extrapolada,,,principal,,
SGC,SGC2012glucgf,,2012-05-02T23:28:22+00:00,2.764,-74.983,4.0,1.4,ML,"Rivera - Huila, Colombia",manual,0.4,204.0,5.0,SGC,,0.0,0.1,8.0,,,,,,,,,,2.4336,Senel et al.: Mw=0.8095 ML+1.3003 (3.3<=ML<=6.6),,extrapolada,,,principal,,
SGC,SGC2012koswaq,,2012-05-08T04:55:23+00:00,2.524,-75.358,0.0,1.4,ML,"Algeciras - Huila, Colombia",manual,0.4,176.0,4.0,SGC,,0.0,0.0,8.0,,,,,,,,,,2.4336,Senel et al.: Mw=0.8095 ML+1.3003 (3.3<=ML<=6.6),,extrapolada,,,principal,,
SGC,SGC2012nudfmm,,2012-05-08T07:20:28+00:00,2.731,-75.058,1.0,2.2,ML,"Rivera - Huila, Colombia",manual,0.4,198.0,8.0,SGC,,0.0,0.0,6.0,,,,,,,,,,3.0812,Senel et al.: Mw=0.8095 ML+1.3003 (3.3<=ML<=6.6),,extrapolada,,,principal,,
SGC,SGC2012xdtbzk,,2012-05-18T06:54:55+00:00,2.505,-75.367,0.0,1.4,ML,"Algeciras - Huila, Colombia",manual,0.2,176.0,4.0,SGC,,0.0,0.0,5.0,,,,,,,,,,2.4336,Senel et al.: Mw=0.8095 ML+1.3003 (3.3<=ML<=6.6),,extrapolada,,,principal,,
SGC,SGC2012kmixgg,,2012-05-18T07:27:45+00:00,2.671,-75.096,4.0,2.1,ML,"Rivera - Huila, Colombia",manual,0.4,196.0,7.0,SGC,,0.0,0.0,7.0,,,,,,,,,,3.0002500000000003,Senel et al.: Mw=0.8095 ML+1.3003 (3.3<=ML<=6.6),,extrapolada,,,principal,,
SGC,SGC2012xpwudw,,2012-05-23T05:56:36+00:00,2.608,-75.229,15.0,1.8,ML,"Algeciras - Huila, Colombia",manual,0.4,185.0,4.0,SGC,,0.0,0.0,9.0,,,,,,,,,,2.7574,Senel et al.: Mw=0.8095 ML+1.3003 (3.3<=ML<=6.6),,extrapolada,,,principal,,
SGC,SGC2012cyzktp,,2012-06-05T07:06:04+00:00,2.532,-75.453,21.0,1.7,ML,"Hobo - Huila, Colombia",manual,0.4,166.0,5.0,SGC,,0.0,0.0,4.0,,,,,,,,,,2.67645,Senel et al.: Mw=0.8095 ML+1.3003 (3.3<=ML<=6.6),,extrapolada,,,principal,,
SGC,SGC2012gmxbbr,,2012-07-01T07:36:13+00:00,2.768,-75.12,24.0,1.2,ML,"Rivera - Huila, Colombia",manual,0.3,138.0,5.0,SGC,,0.0,0.0,6.0,,,,,,,,,,2.2717,Senel et al.: Mw=0.8095 ML+1.3003 (3.3<=ML<=6.6),,extrapolada,,,principal,,
SGC,SGC2012zakifo,,2012-07-01T20:16:33+00:00,2.742,-75.042,4.0,2.0,ML,"Rivera - Huila, Colombia",manual,0.4,199.0,7.0,SGC,,0.0,0.0,6.0,,,,,,,,,,2.9193,Senel et al.: Mw=0.8095 ML+1.3003 (3.3<=ML<=6.6),,extrapolada,,,principal,,
SGC,SGC2012ajlffc,,2012-07-04T01:43:05+00:00,2.506,-75.24,10.0,1.7,ML,"Algeciras - Huila, Colombia",manual,0.2,188.0,5.0,SGC,,0.0,0.0,5.0,,,,,,,,,,2.67645,Senel et al.: Mw=0.8095 ML+1.3003 (3.3<=ML<=6.6),,extrapolada,,,principal,,
SGC,SGC2012akjucw,,2012-07-05T00:07:25+00:00,2.667,-75.078,4.0,2.2,ML,"Rivera - Huila, Colombia",manual,0.4,146.0,10.0,SGC,,0.0,0.0,6.0,,,,,,,,,,3.0812,Senel et al.: Mw=0.8095 ML+1.3003 (3.3<=ML<=6.6),,extrapolada,,,principal,,
SGC,SGC2012hjcrfr,,2012-07-07T07:12:51+00:00,2.959,-74.851,10.0,1.8,ML,"Baraya - Huila, Colombia",manual,0.3,140.0,5.0,SGC,,0.0,0.0,13.0,,,,,,,,,,2.7574,Senel et al.: Mw=0.8095 ML+1.3003 (3.3<=ML<=6.6),,extrapolada,,,principal,,
SGC,SGC2012ptbxyu,,2012-07-13T09:02:15+00:00,2.691,-75.017,7.0,2.6,ML,"Rivera - Huila, Colombia",manual,0.4,203.0,10.0,SGC,,0.0,0.0,5.0,,,,,,,,,,3.405,Senel et al.: Mw=0.8095 ML+1.3003 (3.3<=ML<=6.6),,extrapolada,,,principal,,
SGC,SGC2012twfbpm,,2012-07-17T13:26:12+00:00,2.89,-74.86,8.0,2.4,ML,"Baraya - Huila, Colombia",manual,0.3,217.0,6.0,SGC,,0.0,0.0,4.0,,,,,,,,,,3.2431,Senel et al.: Mw=0.8095 ML+1.3003 (3.3<=ML<=6.6),,extrapolada,,,principal,,
SGC,SGC2012cdgdiy,,2012-07-25T08:08:26+00:00,3.117,-75.003,9.0,1.8,ML,"Baraya - Huila, Colombia",manual,0.4,201.0,5.0,SGC,,0.0,0.0,8.0,,,,,,,,,,2.7574,Senel et al.: Mw=0.8095 ML+1.3003 (3.3<=ML<=6.6),,extrapolada,,,principal,,
SGC,SGC2012msmykx,,2012-07-26T05:32:46+00:00,2.982,-74.856,6.0,1.7,ML,"Baraya - Huila, Colombia",manual,0.3,191.0,4.0,SGC,,0.0,0.0,6.0,,,,,,,,,,2.67645,Senel et al.: Mw=0.8095 ML+1.3003 (3.3<=ML<=6.6),,extrapolada,,,principal,,
SGC,SGC2012eyprvh,,2012-07-28T00:49:42+00:00,3.037,-74.879,0.0,1.3,ML,"Baraya - Huila, Colombia",manual,0.5,236.0,6.0,SGC,,0.1,0.1,17.0,,,,,,,,,,2.35265,Senel et al.: Mw=0.8095 ML+1.3003 (3.3<=ML<=6.6),,extrapolada,,,principal,,
SGC,SGC2012vrdsiw,,2012-08-03T16:53:13+00:00,2.907,-74.97,0.0,2.8,MW,"Tello - Huila, Colombia",manual,0.4,174.0,11.0,SGC,,0.0,0.0,5.0,,,,,,,,,,2.8,directa: MW,0.0,directa,,,principal,,
SGC,SGC2012rgtxpy,,2012-09-02T17:11:37+00:00,2.96,-74.921,3.0,1.4,ML,"Baraya - Huila, Colombia",manual,0.3,261.0,4.0,SGC,,0.1,0.1,12.0,,,,,,,,,,2.4336,Senel et al.: Mw=0.8095 ML+1.3003 (3.3<=ML<=6.6),,extrapolada,,,principal,,
SGC,SGC2012uzecff,,2012-09-04T16:15:38+00:00,2.688,-75.041,6.0,1.8,ML,"Rivera - Huila, Colombia",manual,0.4,271.0,5.0,SGC,,0.1,0.1,6.0,,,,,,,,,,2.7574,Senel et al.: Mw=0.8095 ML+1.3003 (3.3<=ML<=6.6),,extrapolada,,,principal,,
SGC,SGC2012kauqyn,,2012-09-12T04:27:22+00:00,2.786,-75.06,23.0,2.1,ML,"Rivera - Huila, Colombia",manual,0.3,196.0,5.0,SGC,,0.0,0.0,5.0,,,,,,,,,,3.0002500000000003,Senel et al.: Mw=0.8095 ML+1.3003 (3.3<=ML<=6.6),,extrapolada,,,principal,,
SGC,SGC2012azxkyu,,2012-09-16T15:13:47+00:00,2.537,-75.295,4.0,1.7,ML,"Algeciras - Huila, Colombia",manual,0.5,192.0,7.0,SGC,,0.1,0.0,8.0,,,,,,,,,,2.67645,Senel et al.: Mw=0.8095 ML+1.3003 (3.3<=ML<=6.6),,extrapolada,,,principal,,
SGC,SGC2012mfmziv,,2012-09-18T05:20:01+00:00,2.697,-75.074,9.0,1.5,ML,"Rivera - Huila, Colombia",manual,0.5,145.0,4.0,SGC,,0.0,0.0,10.0,,,,,,,,,,2.51455,Senel et al.: Mw=0.8095 ML+1.3003 (3.3<=ML<=6.6),,extrapolada,,,principal,,
SGC,SGC2012rcimrz,,2012-09-23T10:36:34+00:00,3.118,-75.43,22.0,2.1,ML,"Aipe - Huila, Colombia",manual,0.4,139.0,6.0,SGC,,0.0,0.0,6.0,,,,,,,,,,3.0002500000000003,Senel et al.: Mw=0.8095 ML+1.3003 (3.3<=ML<=6.6),,extrapolada,,,principal,,
SGC,SGC2012sbgxwp,,2012-09-28T06:28:36+00:00,2.718,-75.079,6.0,2.5,ML,"Rivera - Huila, Colombia",manual,0.4,196.0,9.0,SGC,,0.0,0.0,5.0,,,,,,,,,,3.32405,Senel et al.: Mw=0.8095 ML+1.3003 (3.3<=ML<=6.6),,extrapolada,,,principal,,
SGC,SGC2012akgcnv,,2012-10-01T02:37:18+00:00,3.33,-75.19,4.0,2.0,ML,"Villavieja - Huila, Colombia",manual,0.5,132.0,7.0,SGC,,0.0,0.0,6.0,,,,,,,,,,2.9193,Senel et al.: Mw=0.8095 ML+1.3003 (3.3<=ML<=6.6),,extrapolada,,,principal,,
SGC,SGC2012zbqrtf,,2012-10-11T10:23:20+00:00,2.514,-75.302,4.0,1.4,ML,"Algeciras - Huila, Colombia",manual,0.5,182.0,5.0,SGC,,0.0,0.0,10.0,,,,,,,,,,2.4336,Senel et al.: Mw=0.8095 ML+1.3003 (3.3<=ML<=6.6),,extrapolada,,,principal,,
SGC,SGC2012rjzhfx,,2012-10-14T02:26:02+00:00,2.673,-75.098,4.0,1.4,ML,"Rivera - Huila, Colombia",manual,0.6,145.0,7.0,SGC,,0.0,0.0,9.0,,,,,,,,,,2.4336,Senel et al.: Mw=0.8095 ML+1.3003 (3.3<=ML<=6.6),,extrapolada,,,principal,,
SGC,SGC2012sbxmwx,,2012-11-01T04:22:00+00:00,2.58,-75.409,15.0,1.5,ML,"Hobo - Huila, Colombia",manual,0.5,129.0,8.0,SGC,,0.0,0.0,4.0,,,,,,,,,,2.51455,Senel et al.: Mw=0.8095 ML+1.3003 (3.3<=ML<=6.6),,extrapolada,,,principal,,
SGC,SGC2012lcghsl,,2012-11-15T23:47:03+00:00,2.7,-75.088,4.0,1.5,ML,"Rivera - Huila, Colombia",manual,0.4,144.0,5.0,SGC,,0.0,0.0,7.0,,,,,,,,,,2.51455,Senel et al.: Mw=0.8095 ML+1.3003 (3.3<=ML<=6.6),,extrapolada,,,principal,,
SGC,SGC2012tphtxy,,2012-11-27T23:35:08+00:00,2.79,-75.073,0.0,4.1,MW,"Rivera - Huila, Colombia",manual,0.6,110.0,19.0,SGC,,0.0,0.0,5.0,,,,,,,,,,4.1,directa: MW,0.0,directa,,,principal,,
SGC,SGC2012frqqdg,,2012-12-01T13:11:45+00:00,2.536,-75.274,4.0,2.2,ML,"Algeciras - Huila, Colombia",manual,0.5,184.0,8.0,SGC,,0.0,0.0,7.0,,,,,,,,,,3.0812,Senel et al.: Mw=0.8095 ML+1.3003 (3.3<=ML<=6.6),,extrapolada,,,principal,,
SGC,SGC2012uhskgt,,2012-12-09T08:44:23+00:00,2.598,-75.073,14.0,2.0,ML,"Algeciras - Huila, Colombia",manual,0.4,151.0,6.0,SGC,,0.0,0.0,5.0,,,,,,,,,,2.9193,Senel et al.: Mw=0.8095 ML+1.3003 (3.3<=ML<=6.6),,extrapolada,,,principal,,
SGC,SGC2012uxctre,,2012-12-31T18:04:13+00:00,3.052,-74.872,0.0,2.0,ML,"Baraya - Huila, Colombia",manual,0.4,194.0,9.0,SGC,,0.0,0.0,6.0,,,,,,,,,,2.9193,Senel et al.: Mw=0.8095 ML+1.3003 (3.3<=ML<=6.6),,extrapolada,,,principal,,
SGC,SGC2013hzfwes,,2012-12-31T21:50:31+00:00,2.855,-74.863,9.0,2.4,ML,"Tello - Huila, Colombia",manual,0.5,147.0,6.0,SGC,,0.1,0.0,7.0,,,,,,,,,,3.2431,Senel et al.: Mw=0.8095 ML+1.3003 (3.3<=ML<=6.6),,extrapolada,,,principal,,
SGC,SGC2013lgemjj,,2013-01-02T01:07:37+00:00,2.68,-75.056,7.0,2.3,ML,"Rivera - Huila, Colombia",manual,0.5,147.0,11.0,SGC,,0.0,0.0,6.0,,,,,,,,,,3.16215,Senel et al.: Mw=0.8095 ML+1.3003 (3.3<=ML<=6.6),,extrapolada,,,principal,,
SGC,SGC2013igoztj,,2013-01-03T06:29:23+00:00,2.849,-74.905,5.0,1.9,ML,"Tello - Huila, Colombia",manual,0.4,145.0,7.0,SGC,,0.0,0.0,8.0,,,,,,,,,,2.83835,Senel et al.: Mw=0.8095 ML+1.3003 (3.3<=ML<=6.6),,extrapolada,,,principal,,
SGC,SGC2013andgst,,2013-01-03T22:38:01+00:00,2.681,-75.097,4.0,1.4,ML,"Rivera - Huila, Colombia",manual,0.6,144.0,6.0,SGC,,0.0,0.0,9.0,,,,,,,,,,2.4336,Senel et al.: Mw=0.8095 ML+1.3003 (3.3<=ML<=6.6),,extrapolada,,,principal,,
SGC,SGC2013lqorlt,,2013-01-17T20:19:53+00:00,2.497,-75.377,4.0,1.1,ML,"Algeciras - Huila, Colombia",manual,0.1,256.0,4.0,SGC,,0.0,0.0,5.0,,,,,,,,,,2.19075,Senel et al.: Mw=0.8095 ML+1.3003 (3.3<=ML<=6.6),,extrapolada,,,principal,,
SGC,SGC2013gioqsw,,2013-01-28T09:13:39+00:00,2.998,-74.93,14.0,1.8,ML,"Baraya - Huila, Colombia",manual,0.5,225.0,4.0,SGC,,0.0,0.1,8.0,,,,,,,,,,2.7574,Senel et al.: Mw=0.8095 ML+1.3003 (3.3<=ML<=6.6),,extrapolada,,,principal,,
SGC,SGC2013pfqlag,,2013-02-01T10:50:33+00:00,2.893,-74.946,0.0,2.0,ML,"Tello - Huila, Colombia",manual,0.5,211.0,8.0,SGC,,0.0,0.1,7.0,,,,,,,,,,2.9193,Senel et al.: Mw=0.8095 ML+1.3003 (3.3<=ML<=6.6),,extrapolada,,,principal,,
SGC,SGC2013ydncvd,,2013-02-12T17:40:43+00:00,3.019,-74.866,4.0,2.3,ML,"Baraya - Huila, Colombia",manual,0.3,204.0,7.0,SGC,,0.0,0.0,4.0,,,,,,,,,,3.16215,Senel et al.: Mw=0.8095 ML+1.3003 (3.3<=ML<=6.6),,extrapolada,,,principal,,
SGC,SGC2013vkpwey,,2013-02-15T21:15:26+00:00,2.661,-75.089,7.0,1.9,ML,"Rivera - Huila, Colombia",manual,0.5,146.0,8.0,SGC,,0.0,0.0,6.0,,,,,,,,,,2.83835,Senel et al.: Mw=0.8095 ML+1.3003 (3.3<=ML<=6.6),,extrapolada,,,principal,,
SGC,SGC2013hzcgbe,,2013-02-17T11:12:46+00:00,2.506,-75.405,16.0,1.4,ML,"Hobo - Huila, Colombia",manual,0.4,207.0,6.0,SGC,,0.0,0.0,6.0,,,,,,,,,,2.4336,Senel et al.: Mw=0.8095 ML+1.3003 (3.3<=ML<=6.6),,extrapolada,,,principal,,
SGC,SGC2013agibsg,,2013-02-19T13:03:49+00:00,2.869,-75.734,4.0,1.5,ML,"Santa María - Huila, Colombia",manual,0.5,219.0,5.0,SGC,,0.1,0.0,9.0,,,,,,,,,,2.51455,Senel et al.: Mw=0.8095 ML+1.3003 (3.3<=ML<=6.6),,extrapolada,,,principal,,
SGC,SGC2013ydizaq,,2013-02-20T00:59:36+00:00,2.772,-75.036,1.0,1.6,ML,"Rivera - Huila, Colombia",manual,0.4,142.0,6.0,SGC,,0.0,0.0,5.0,,,,,,,,,,2.5955000000000004,Senel et al.: Mw=0.8095 ML+1.3003 (3.3<=ML<=6.6),,extrapolada,,,principal,,
SGC,SGC2013lttoga,,2013-03-08T00:18:14+00:00,3.09,-75.097,12.0,1.6,ML,"Tello - Huila, Colombia",manual,0.3,182.0,5.0,SGC,,0.0,0.0,4.0,,,,,,,,,,2.5955000000000004,Senel et al.: Mw=0.8095 ML+1.3003 (3.3<=ML<=6.6),,extrapolada,,,principal,,
SGC,SGC2013jtwzsf,,2013-03-08T15:12:19+00:00,3.222,-75.223,9.0,1.8,ML,"Villavieja - Huila, Colombia",manual,0.2,160.0,6.0,SGC,,0.0,0.0,5.0,,,,,,,,,,2.7574,Senel et al.: Mw=0.8095 ML+1.3003 (3.3<=ML<=6.6),,extrapolada,,,principal,,
SGC,SGC2013kdfoqg,,2013-03-10T16:04:41+00:00,3.038,-74.915,0.0,2.1,ML,"Baraya - Huila, Colombia",manual,0.5,158.0,11.0,SGC,,0.0,0.0,5.0,,,,,,,,,,3.0002500000000003,Senel et al.: Mw=0.8095 ML+1.3003 (3.3<=ML<=6.6),,extrapolada,,,principal,,
SGC,SGC2013njiubs,,2013-03-14T03:18:16+00:00,2.887,-74.844,15.0,1.6,ML,"Baraya - Huila, Colombia",manual,0.2,215.0,4.0,SGC,,0.0,0.0,4.0,,,,,,,,,,2.5955000000000004,Senel et al.: Mw=0.8095 ML+1.3003 (3.3<=ML<=6.6),,extrapolada,,,principal,,
SGC,SGC2013ghvbwy,,2013-03-22T22:15:19+00:00,2.62,-75.18,7.0,1.4,ML,"Campoalegre - Huila, Colombia",manual,0.5,143.0,5.0,SGC,,0.0,0.0,8.0,,,,,,,,,,2.4336,Senel et al.: Mw=0.8095 ML+1.3003 (3.3<=ML<=6.6),,extrapolada,,,principal,,
SGC,SGC2013rerjjm,,2013-03-28T16:14:52+00:00,2.887,-74.875,13.0,2.0,ML,"Tello - Huila, Colombia",manual,0.5,144.0,8.0,SGC,,0.0,0.0,5.0,,,,,,,,,,2.9193,Senel et al.: Mw=0.8095 ML+1.3003 (3.3<=ML<=6.6),,extrapolada,,,principal,,
SGC,SGC2013sxcibc,,2013-03-29T06:13:07+00:00,2.605,-75.551,62.0,1.4,ML,"Yaguará - Huila, Colombia",manual,0.5,118.0,4.0,SGC,,0.0,0.1,17.0,,,,,,,,,,2.4336,Senel et al.: Mw=0.8095 ML+1.3003 (3.3<=ML<=6.6),,extrapolada,,,principal,,
SGC,SGC2013ocgvps,,2013-03-31T00:01:25+00:00,2.895,-74.885,4.0,1.5,ML,"Tello - Huila, Colombia",manual,0.4,182.0,5.0,SGC,,0.0,0.0,8.0,,,,,,,,,,2.51455,Senel et al.: Mw=0.8095 ML+1.3003 (3.3<=ML<=6.6),,extrapolada,,,principal,,
SGC,SGC2013dhvthf,,2013-04-06T15:01:13+00:00,2.666,-75.143,5.0,1.7,ML,"Rivera - Huila, Colombia",manual,0.4,142.0,6.0,SGC,,0.0,0.0,6.0,,,,,,,,,,2.67645,Senel et al.: Mw=0.8095 ML+1.3003 (3.3<=ML<=6.6),,extrapolada,,,principal,,
SGC,SGC2013lgpqki,,2013-04-08T04:05:29+00:00,2.593,-75.366,19.0,1.9,ML,"Hobo - Huila, Colombia",manual,0.6,173.0,6.0,SGC,,0.0,0.0,5.0,,,,,,,,,,2.83835,Senel et al.: Mw=0.8095 ML+1.3003 (3.3<=ML<=6.6),,extrapolada,,,principal,,
SGC,SGC2013vqhhyz,,2013-04-10T06:44:47+00:00,2.986,-74.848,4.0,1.5,ML,"Baraya - Huila, Colombia",manual,0.5,138.0,6.0,SGC,,0.0,0.0,7.0,,,,,,,,,,2.51455,Senel et al.: Mw=0.8095 ML+1.3003 (3.3<=ML<=6.6),,extrapolada,,,principal,,
SGC,SGC2013lfmlhu,,2013-04-18T05:34:48+00:00,2.5,-75.423,19.0,1.6,ML,"Hobo - Huila, Colombia",manual,0.4,170.0,6.0,SGC,,0.0,0.0,4.0,,,,,,,,,,2.5955000000000004,Senel et al.: Mw=0.8095 ML+1.3003 (3.3<=ML<=6.6),,extrapolada,,,principal,,
SGC,SGC2013xnqhvd,,2013-04-22T06:09:51+00:00,2.677,-75.159,0.0,2.6,ML,"Rivera - Huila, Colombia",manual,0.5,159.0,5.0,SGC,,0.0,0.1,9.0,,,,,,,,,,3.405,Senel et al.: Mw=0.8095 ML+1.3003 (3.3<=ML<=6.6),,extrapolada,,,principal,,
SGC,SGC2013uuzeyw,,2013-04-25T22:06:08+00:00,3.11,-74.914,3.0,1.8,ML,"Baraya - Huila, Colombia",manual,0.4,155.0,9.0,SGC,,0.0,0.0,7.0,,,,,,,,,,2.7574,Senel et al.: Mw=0.8095 ML+1.3003 (3.3<=ML<=6.6),,extrapolada,,,principal,,
SGC,SGC2013xnrqwg,,2013-04-26T20:48:22+00:00,3.211,-75.209,4.0,1.6,ML,"Villavieja - Huila, Colombia",manual,0.5,162.0,6.0,SGC,,0.0,0.0,6.0,,,,,,,,,,2.5955000000000004,Senel et al.: Mw=0.8095 ML+1.3003 (3.3<=ML<=6.6),,extrapolada,,,principal,,
SGC,SGC2013nhvljh,,2013-05-05T00:14:43+00:00,2.709,-75.029,4.0,1.3,ML,"Rivera - Huila, Colombia",manual,0.5,201.0,7.0,SGC,,0.0,0.0,6.0,,,,,,,,,,2.35265,Senel et al.: Mw=0.8095 ML+1.3003 (3.3<=ML<=6.6),,extrapolada,,,principal,,
SGC,SGC2013sjybvy,,2013-05-16T18:40:05+00:00,2.88,-74.887,4.0,2.8,ML,"Tello - Huila, Colombia",manual,0.5,167.0,11.0,SGC,,0.0,0.0,6.0,,,,,,,,,,3.5669,Senel et al.: Mw=0.8095 ML+1.3003 (3.3<=ML<=6.6),,extrapolada,,,principal,,
SGC,SGC2013mcfecj,,2013-05-31T09:45:27+00:00,2.818,-74.953,4.0,1.9,ML,"Rivera - Huila, Colombia",manual,0.4,205.0,8.0,SGC,,0.0,0.0,4.0,,,,,,,,,,2.83835,Senel et al.: Mw=0.8095 ML+1.3003 (3.3<=ML<=6.6),,extrapolada,,,principal,,
SGC,SGC2013jpxolg,,2013-06-02T07:46:26+00:00,2.651,-75.112,4.0,1.7,ML,"Rivera - Huila, Colombia",manual,0.3,144.0,7.0,SGC,,0.0,0.0,6.0,,,,,,,,,,2.67645,Senel et al.: Mw=0.8095 ML+1.3003 (3.3<=ML<=6.6),,extrapolada,,,principal,,
SGC,SGC2013daxvwa,,2013-06-09T23:01:37+00:00,2.505,-75.395,4.0,3.6,MW,"Algeciras - Huila, Colombia",manual,0.4,149.0,11.0,SGC,,0.0,0.0,4.0,,,,,,,,,,3.6,directa: MW,0.0,directa,,,principal,,
SGC,SGC2013caoaez,,2013-06-10T03:15:31+00:00,2.705,-75.054,4.0,2.0,ML,"Rivera - Huila, Colombia",manual,0.3,199.0,11.0,SGC,,0.0,0.0,5.0,,,,,,,,,,2.9193,Senel et al.: Mw=0.8095 ML+1.3003 (3.3<=ML<=6.6),,extrapolada,,,principal,,
SGC,SGC2013avcmcu,,2013-06-20T22:32:00+00:00,2.711,-75.028,6.0,1.6,ML,"Rivera - Huila, Colombia",manual,0.4,107.0,7.0,SGC,,0.0,0.0,6.0,,,,,,,,,,2.5955000000000004,Senel et al.: Mw=0.8095 ML+1.3003 (3.3<=ML<=6.6),,extrapolada,,,principal,,
SGC,SGC2013pysujz,,2013-07-07T01:25:54+00:00,2.62,-75.177,14.0,1.5,ML,"Campoalegre - Huila, Colombia",manual,0.5,95.0,5.0,SGC,,0.0,0.0,7.0,,,,,,,,,,2.51455,Senel et al.: Mw=0.8095 ML+1.3003 (3.3<=ML<=6.6),,extrapolada,,,principal,,
SGC,SGC2013bruikr,,2013-07-15T01:27:40+00:00,2.692,-75.053,10.0,1.6,ML,"Rivera - Huila, Colombia",manual,0.3,105.0,6.0,SGC,,0.0,0.0,6.0,,,,,,,,,,2.5955000000000004,Senel et al.: Mw=0.8095 ML+1.3003 (3.3<=ML<=6.6),,extrapolada,,,principal,,
SGC,SGC2013ugevov,,2013-08-16T00:40:50+00:00,2.561,-75.235,4.0,2.9,MW,"Algeciras - Huila, Colombia",manual,0.6,97.0,7.0,SGC,,0.0,0.0,7.0,,,,,,,,,,2.9,directa: MW,0.0,directa,,,principal,,
SGC,SGC2013xxvoyu,,2013-08-20T18:52:14+00:00,2.526,-75.351,13.0,1.9,ML,"Algeciras - Huila, Colombia",manual,0.4,100.0,9.0,SGC,,0.0,0.0,5.0,,,,,,,,,,2.83835,Senel et al.: Mw=0.8095 ML+1.3003 (3.3<=ML<=6.6),,extrapolada,,,principal,,
SGC,SGC2013axqkso,,2013-09-02T10:38:41+00:00,2.696,-75.097,1.0,1.6,ML,"Rivera - Huila, Colombia",manual,0.4,195.0,4.0,SGC,,0.0,0.0,8.0,,,,,,,,,,2.5955000000000004,Senel et al.: Mw=0.8095 ML+1.3003 (3.3<=ML<=6.6),,extrapolada,,,principal,,
SGC,SGC2013jcdzry,,2013-09-06T17:57:59+00:00,2.562,-75.227,4.0,2.0,ML,"Algeciras - Huila, Colombia",manual,0.5,97.0,8.0,SGC,,0.0,0.0,10.0,,,,,,,,,,2.9193,Senel et al.: Mw=0.8095 ML+1.3003 (3.3<=ML<=6.6),,extrapolada,,,principal,,
SGC,SGC2013maksnz,,2013-09-29T02:13:10+00:00,2.716,-74.951,32.0,1.3,ML,"Rivera - Huila, Colombia",manual,0.5,226.0,5.0,SGC,,0.0,0.1,19.0,,,,,,,,,,2.35265,Senel et al.: Mw=0.8095 ML+1.3003 (3.3<=ML<=6.6),,extrapolada,,,principal,,
SGC,SGC2013eykaio,,2013-09-29T04:35:25+00:00,2.722,-75.136,4.0,1.8,ML,"Rivera - Huila, Colombia",manual,0.4,190.0,7.0,SGC,,0.3,0.5,61.0,,,,,,,,,,2.7574,Senel et al.: Mw=0.8095 ML+1.3003 (3.3<=ML<=6.6),,extrapolada,,,principal,,
SGC,SGC2013sevjuf,,2013-10-02T06:48:58+00:00,2.51,-75.353,24.0,1.2,ML,"Algeciras - Huila, Colombia",manual,0.3,134.0,5.0,SGC,,0.0,0.0,4.0,,,,,,,,,,2.2717,Senel et al.: Mw=0.8095 ML+1.3003 (3.3<=ML<=6.6),,extrapolada,,,principal,,
SGC,SGC2013jcsvlv,,2013-10-04T22:33:53+00:00,2.707,-75.018,8.0,1.4,ML,"Rivera - Huila, Colombia",manual,0.4,108.0,5.0,SGC,,0.0,0.0,9.0,,,,,,,,,,2.4336,Senel et al.: Mw=0.8095 ML+1.3003 (3.3<=ML<=6.6),,extrapolada,,,principal,,
SGC,SGC2013vdmqvy,,2013-10-12T18:10:26+00:00,2.71,-74.976,19.0,1.4,ML,"Rivera - Huila, Colombia",manual,0.4,111.0,7.0,SGC,,0.0,0.0,4.0,,,,,,,,,,2.4336,Senel et al.: Mw=0.8095 ML+1.3003 (3.3<=ML<=6.6),,extrapolada,,,principal,,
SGC,SGC2013ygniso,,2013-10-12T22:05:48+00:00,2.547,-75.328,18.0,1.9,ML,"Algeciras - Huila, Colombia",manual,0.3,105.0,6.0,SGC,,0.0,0.0,7.0,,,,,,,,,,2.83835,Senel et al.: Mw=0.8095 ML+1.3003 (3.3<=ML<=6.6),,extrapolada,,,principal,,
SGC,SGC2013dzzeon,,2013-10-16T16:26:19+00:00,2.751,-75.05,17.0,1.3,ML,"Rivera - Huila, Colombia",manual,0.4,143.0,4.0,SGC,,0.0,0.0,7.0,,,,,,,,,,2.35265,Senel et al.: Mw=0.8095 ML+1.3003 (3.3<=ML<=6.6),,extrapolada,,,principal,,
SGC,SGC2013bxgzzl,,2013-10-23T11:17:49+00:00,2.717,-75.007,8.0,2.1,ML,"Rivera - Huila, Colombia",manual,0.2,109.0,8.0,SGC,,0.0,0.0,4.0,,,,,,,,,,3.0002500000000003,Senel et al.: Mw=0.8095 ML+1.3003 (3.3<=ML<=6.6),,extrapolada,,,principal,,
SGC,SGC2013ivrqjt,,2013-10-28T02:01:17+00:00,2.832,-74.91,5.0,1.4,ML,"Tello - Huila, Colombia",manual,0.3,121.0,6.0,SGC,,0.0,0.0,5.0,,,,,,,,,,2.4336,Senel et al.: Mw=0.8095 ML+1.3003 (3.3<=ML<=6.6),,extrapolada,,,principal,,
SGC,SGC2013zzcvjs,,2013-10-28T04:31:30+00:00,2.683,-75.058,4.0,1.8,ML,"Rivera - Huila, Colombia",manual,0.4,107.0,6.0,SGC,,0.0,0.0,7.0,,,,,,,,,,2.7574,Senel et al.: Mw=0.8095 ML+1.3003 (3.3<=ML<=6.6),,extrapolada,,,principal,,
SGC,SGC2013kylkux,,2013-11-26T15:45:42+00:00,2.731,-75.156,0.0,2.6,ML,"Rivera - Huila, Colombia",manual,0.7,126.0,11.0,SGC,,0.0,0.0,8.0,,,,,,,,,,3.405,Senel et al.: Mw=0.8095 ML+1.3003 (3.3<=ML<=6.6),,extrapolada,,,principal,,
SGC,SGC2013mjaycq,,2013-11-30T03:51:40+00:00,2.699,-75.008,12.0,1.4,ML,"Rivera - Huila, Colombia",manual,0.3,108.0,6.0,SGC,,0.0,0.0,6.0,,,,,,,,,,2.4336,Senel et al.: Mw=0.8095 ML+1.3003 (3.3<=ML<=6.6),,extrapolada,,,principal,,
SGC,SGC2014ouykqg,,2014-01-10T08:45:36+00:00,2.71,-75.029,4.0,2.0,ML,"Rivera - Huila, Colombia",manual,0.6,94.0,11.0,SGC,,0.0,0.0,6.0,,,,,,,,,,2.9193,Senel et al.: Mw=0.8095 ML+1.3003 (3.3<=ML<=6.6),,extrapolada,,,principal,,
SGC,SGC2014yledsl,,2014-01-10T23:42:55+00:00,3.128,-75.66,4.0,1.6,ML,"Planadas - Tolima, Colombia",manual,0.5,98.0,8.0,SGC,,0.0,0.0,7.0,,,,,,,,,,2.5955000000000004,Senel et al.: Mw=0.8095 ML+1.3003 (3.3<=ML<=6.6),,extrapolada,,,principal,,
SGC,SGC2014odqaqu,,2014-01-17T05:21:01+00:00,2.704,-74.979,78.0,1.5,ML,"Rivera - Huila, Colombia",manual,0.2,129.0,4.0,SGC,,0.0,0.0,11.0,,,,,,,,,,2.51455,Senel et al.: Mw=0.8095 ML+1.3003 (3.3<=ML<=6.6),,extrapolada,,,principal,,
SGC,SGC2014utmiuy,,2014-01-20T23:22:03+00:00,2.677,-75.038,9.0,2.0,ML,"Rivera - Huila, Colombia",manual,0.5,124.0,7.0,SGC,,0.0,0.0,6.0,,,,,,,,,,2.9193,Senel et al.: Mw=0.8095 ML+1.3003 (3.3<=ML<=6.6),,extrapolada,,,principal,,
SGC,SGC2014xusmbw,,2014-01-21T04:29:27+00:00,2.857,-74.85,4.0,1.9,ML,"Tello - Huila, Colombia",manual,0.6,87.0,10.0,SGC,,0.0,0.0,7.0,,,,,,,,,,2.83835,Senel et al.: Mw=0.8095 ML+1.3003 (3.3<=ML<=6.6),,extrapolada,,,principal,,
SGC,SGC2014bypxez,,2014-02-12T00:21:20+00:00,2.71,-75.054,12.0,2.0,ML,"Rivera - Huila, Colombia",manual,0.1,106.0,6.0,SGC,,0.0,0.0,3.0,,,,,,,,,,2.9193,Senel et al.: Mw=0.8095 ML+1.3003 (3.3<=ML<=6.6),,extrapolada,,,principal,,
SGC,SGC2014pzoabr,,2014-02-12T04:34:30+00:00,3.167,-75.196,0.0,1.3,ML,"Villavieja - Huila, Colombia",manual,0.4,160.0,4.0,SGC,,0.0,0.0,6.0,,,,,,,,,,2.35265,Senel et al.: Mw=0.8095 ML+1.3003 (3.3<=ML<=6.6),,extrapolada,,,principal,,
SGC,SGC2014jiswos,,2014-02-12T17:57:29+00:00,2.489,-75.364,10.0,1.8,ML,"Algeciras - Huila, Colombia",manual,0.2,167.0,4.0,SGC,,0.0,0.0,3.0,,,,,,,,,,2.7574,Senel et al.: Mw=0.8095 ML+1.3003 (3.3<=ML<=6.6),,extrapolada,,,principal,,
SGC,SGC2014ynhznl,,2014-02-19T21:02:27+00:00,2.706,-75.018,8.0,1.8,ML,"Rivera - Huila, Colombia",manual,0.3,108.0,6.0,SGC,,0.0,0.0,5.0,,,,,,,,,,2.7574,Senel et al.: Mw=0.8095 ML+1.3003 (3.3<=ML<=6.6),,extrapolada,,,principal,,
SGC,SGC2014juksxy,,2014-02-25T20:36:27+00:00,2.84,-74.852,4.0,2.2,ML,"Tello - Huila, Colombia",manual,0.5,92.0,10.0,SGC,,0.0,0.0,6.0,,,,,,,,,,3.0812,Senel et al.: Mw=0.8095 ML+1.3003 (3.3<=ML<=6.6),,extrapolada,,,principal,,
SGC,SGC2014ephfmj,,2014-03-04T09:30:02+00:00,3.236,-75.216,2.0,1.5,ML,"Villavieja - Huila, Colombia",manual,0.7,186.0,7.0,SGC,,0.0,0.1,8.0,,,,,,,,,,2.51455,Senel et al.: Mw=0.8095 ML+1.3003 (3.3<=ML<=6.6),,extrapolada,,,principal,,
SGC,SGC2014lqyeco,,2014-03-13T03:58:38+00:00,2.647,-75.306,21.0,1.5,ML,"Campoalegre - Huila, Colombia",manual,0.5,109.0,6.0,SGC,,0.0,0.0,5.0,,,,,,,,,,2.51455,Senel et al.: Mw=0.8095 ML+1.3003 (3.3<=ML<=6.6),,extrapolada,,,principal,,
SGC,SGC2014orbcvw,,2014-03-14T00:22:16+00:00,2.698,-75.035,23.0,1.3,ML,"Rivera - Huila, Colombia",manual,0.4,125.0,4.0,SGC,,0.0,0.0,13.0,,,,,,,,,,2.35265,Senel et al.: Mw=0.8095 ML+1.3003 (3.3<=ML<=6.6),,extrapolada,,,principal,,
SGC,SGC2014wxnyuw,,2014-03-14T17:51:24+00:00,2.748,-75.002,32.0,1.3,ML,"Rivera - Huila, Colombia",manual,0.1,221.0,4.0,SGC,,0.0,0.0,8.0,,,,,,,,,,2.35265,Senel et al.: Mw=0.8095 ML+1.3003 (3.3<=ML<=6.6),,extrapolada,,,principal,,
SGC,SGC2014nizscm,,2014-04-06T21:30:23+00:00,2.639,-75.038,4.0,1.1,ML,"Rivera - Huila, Colombia",manual,0.3,202.0,5.0,SGC,,0.0,0.0,6.0,,,,,,,,,,2.19075,Senel et al.: Mw=0.8095 ML+1.3003 (3.3<=ML<=6.6),,extrapolada,,,principal,,
SGC,SGC2014ubokzk,,2014-04-07T06:36:15+00:00,2.668,-75.054,16.0,1.4,ML,"Rivera - Huila, Colombia",manual,0.2,142.0,4.0,SGC,,0.0,0.0,4.0,,,,,,,,,,2.4336,Senel et al.: Mw=0.8095 ML+1.3003 (3.3<=ML<=6.6),,extrapolada,,,principal,,
SGC,SGC2014efveqk,,2014-04-07T19:11:44+00:00,3.259,-75.3,18.0,2.4,ML,"Aipe - Huila, Colombia",manual,0.4,256.0,10.0,SGC,,0.0,0.0,4.0,,,,,,,,,,3.2431,Senel et al.: Mw=0.8095 ML+1.3003 (3.3<=ML<=6.6),,extrapolada,,,principal,,
SGC,SGC2014gwonju,,2014-04-10T19:44:41+00:00,3.06,-74.864,4.0,1.4,ML,"Baraya - Huila, Colombia",manual,0.5,172.0,11.0,SGC,,0.0,0.1,6.0,,,,,,,,,,2.4336,Senel et al.: Mw=0.8095 ML+1.3003 (3.3<=ML<=6.6),,extrapolada,,,principal,,
SGC,SGC2014wmftdc,,2014-04-12T05:32:33+00:00,2.571,-75.202,4.0,2.0,ML,"Algeciras - Huila, Colombia",manual,0.4,97.0,10.0,SGC,,0.0,0.0,4.0,,,,,,,,,,2.9193,Senel et al.: Mw=0.8095 ML+1.3003 (3.3<=ML<=6.6),,extrapolada,,,principal,,
SGC,SGC2014bgvbtg,,2014-04-21T21:54:00+00:00,2.644,-75.389,22.0,1.6,ML,"Campoalegre - Huila, Colombia",manual,0.5,85.0,8.0,SGC,,0.0,0.0,2.0,,,,,,,,,,2.5955000000000004,Senel et al.: Mw=0.8095 ML+1.3003 (3.3<=ML<=6.6),,extrapolada,,,principal,,
SGC,SGC2014obzunm,,2014-05-15T07:46:17+00:00,2.511,-75.243,4.0,2.5,ML,"Algeciras - Huila, Colombia",manual,0.4,110.0,17.0,SGC,,0.0,0.0,4.0,,,,,,,,,,3.32405,Senel et al.: Mw=0.8095 ML+1.3003 (3.3<=ML<=6.6),,extrapolada,,,principal,,
SGC,SGC2014qvvloz,,2014-05-28T03:06:34+00:00,2.529,-75.279,10.0,1.8,ML,"Algeciras - Huila, Colombia",manual,0.3,107.0,7.0,SGC,,0.0,0.0,4.0,,,,,,,,,,2.7574,Senel et al.: Mw=0.8095 ML+1.3003 (3.3<=ML<=6.6),,extrapolada,,,principal,,
SGC,SGC2014vaqxne,,2014-05-28T03:46:51+00:00,2.702,-75.038,5.0,1.6,ML,"Rivera - Huila, Colombia",manual,0.3,107.0,7.0,SGC,,0.0,0.0,4.0,,,,,,,,,,2.5955000000000004,Senel et al.: Mw=0.8095 ML+1.3003 (3.3<=ML<=6.6),,extrapolada,,,principal,,
SGC,SGC2014xwkfio,,2014-05-31T19:18:49+00:00,2.818,-74.86,12.0,1.6,ML,"Tello - Huila, Colombia",manual,0.3,125.0,8.0,SGC,,0.0,0.0,4.0,,,,,,,,,,2.5955000000000004,Senel et al.: Mw=0.8095 ML+1.3003 (3.3<=ML<=6.6),,extrapolada,,,principal,,
SGC,SGC2014ykqwjk,,2014-06-04T19:53:41+00:00,2.643,-75.129,4.0,1.3,ML,"Rivera - Huila, Colombia",manual,0.3,136.0,4.0,SGC,,0.0,0.0,7.0,,,,,,,,,,2.35265,Senel et al.: Mw=0.8095 ML+1.3003 (3.3<=ML<=6.6),,extrapolada,,,principal,,
SGC,SGC2014vfvcgm,,2014-06-07T18:45:13+00:00,2.644,-75.081,8.0,2.6,ML,"Rivera - Huila, Colombia",manual,0.5,110.0,13.0,SGC,,0.0,0.0,4.0,,,,,,,,,,3.405,Senel et al.: Mw=0.8095 ML+1.3003 (3.3<=ML<=6.6),,extrapolada,,,principal,,
SGC,SGC2014wjcbru,,2014-06-13T20:13:03+00:00,2.962,-75.712,12.0,1.1,ML,"Santa María - Huila, Colombia",manual,0.4,196.0,4.0,SGC,,0.1,0.1,9.0,,,,,,,,,,2.19075,Senel et al.: Mw=0.8095 ML+1.3003 (3.3<=ML<=6.6),,extrapolada,,,principal,,
SGC,SGC2014gdyfeb,,2014-06-14T07:48:20+00:00,2.737,-75.066,8.0,2.3,ML,"Rivera - Huila, Colombia",manual,0.5,105.0,14.0,SGC,,0.0,0.0,5.0,,,,,,,,,,3.16215,Senel et al.: Mw=0.8095 ML+1.3003 (3.3<=ML<=6.6),,extrapolada,,,principal,,
SGC,SGC2014bspqak,,2014-06-16T20:32:46+00:00,2.715,-75.054,3.0,1.9,ML,"Rivera - Huila, Colombia",manual,0.4,106.0,10.0,SGC,,0.0,0.0,3.0,,,,,,,,,,2.83835,Senel et al.: Mw=0.8095 ML+1.3003 (3.3<=ML<=6.6),,extrapolada,,,principal,,
SGC,SGC2014pewiix,,2014-07-01T04:43:10+00:00,2.978,-75.404,4.0,1.5,ML,"Palermo - Huila, Colombia",manual,0.4,119.0,6.0,SGC,,0.0,0.0,5.0,,,,,,,,,,2.51455,Senel et al.: Mw=0.8095 ML+1.3003 (3.3<=ML<=6.6),,extrapolada,,,principal,,
SGC,SGC2014valrjo,,2014-07-09T01:57:07+00:00,2.844,-74.876,4.0,1.9,ML,"Tello - Huila, Colombia",manual,0.4,146.0,5.0,SGC,,0.0,0.0,7.0,,,,,,,,,,2.83835,Senel et al.: Mw=0.8095 ML+1.3003 (3.3<=ML<=6.6),,extrapolada,,,principal,,
SGC,SGC2014zbyelg,,2014-07-10T19:11:37+00:00,2.663,-75.126,5.0,1.9,ML,"Rivera - Huila, Colombia",manual,0.4,106.0,9.0,SGC,,0.0,0.0,5.0,,,,,,,,,,2.83835,Senel et al.: Mw=0.8095 ML+1.3003 (3.3<=ML<=6.6),,extrapolada,,,principal,,
SGC,SGC2014hojuft,,2014-07-12T18:39:03+00:00,2.696,-75.052,4.0,2.0,ML,"Rivera - Huila, Colombia",manual,0.4,107.0,13.0,SGC,,0.0,0.0,5.0,,,,,,,,,,2.9193,Senel et al.: Mw=0.8095 ML+1.3003 (3.3<=ML<=6.6),,extrapolada,,,principal,,
SGC,SGC2014mdbixh,,2014-07-15T01:47:09+00:00,2.699,-75.044,4.0,1.8,ML,"Rivera - Huila, Colombia",manual,0.2,213.0,6.0,SGC,,0.0,0.0,5.0,,,,,,,,,,2.7574,Senel et al.: Mw=0.8095 ML+1.3003 (3.3<=ML<=6.6),,extrapolada,,,principal,,
SGC,SGC2014oxawqs,,2014-07-17T04:07:11+00:00,2.644,-75.047,15.0,1.6,ML,"Rivera - Huila, Colombia",manual,0.3,104.0,5.0,SGC,,0.0,0.0,5.0,,,,,,,,,,2.5955000000000004,Senel et al.: Mw=0.8095 ML+1.3003 (3.3<=ML<=6.6),,extrapolada,,,principal,,
SGC,SGC2014cagibi,,2014-07-19T00:40:47+00:00,2.532,-75.331,11.0,1.6,ML,"Algeciras - Huila, Colombia",manual,0.6,94.0,9.0,SGC,,0.0,0.0,7.0,,,,,,,,,,2.5955000000000004,Senel et al.: Mw=0.8095 ML+1.3003 (3.3<=ML<=6.6),,extrapolada,,,principal,,
SGC,SGC2014zjmxwk,,2014-07-23T22:35:39+00:00,2.578,-75.448,5.0,1.6,ML,"Hobo - Huila, Colombia",manual,0.4,106.0,7.0,SGC,,0.0,0.0,6.0,,,,,,,,,,2.5955000000000004,Senel et al.: Mw=0.8095 ML+1.3003 (3.3<=ML<=6.6),,extrapolada,,,principal,,
SGC,SGC2014hkcmjq,,2014-07-24T05:59:25+00:00,2.67,-75.054,4.0,3.3,MW,"Rivera - Huila, Colombia",manual,0.4,96.0,26.0,SGC,,0.0,0.0,4.0,,,,,,,,,,3.3,directa: MW,0.0,directa,,,principal,,
SGC,SGC2014qeugee,,2014-08-04T04:51:07+00:00,2.814,-74.935,4.0,2.4,ML,"Tello - Huila, Colombia",manual,0.5,88.0,13.0,SGC,,0.0,0.0,4.0,,,,,,,,,,3.2431,Senel et al.: Mw=0.8095 ML+1.3003 (3.3<=ML<=6.6),,extrapolada,,,principal,,
SGC,SGC2014eqbfej,,2014-08-11T02:11:54+00:00,2.626,-75.08,4.0,1.5,ML,"Rivera - Huila, Colombia",manual,0.4,101.0,6.0,SGC,,0.0,0.0,5.0,,,,,,,,,,2.51455,Senel et al.: Mw=0.8095 ML+1.3003 (3.3<=ML<=6.6),,extrapolada,,,principal,,
SGC,SGC2014uxrauf,,2014-08-11T04:13:23+00:00,2.843,-74.857,4.0,1.3,ML,"Tello - Huila, Colombia",manual,0.3,145.0,4.0,SGC,,0.0,0.0,6.0,,,,,,,,,,2.35265,Senel et al.: Mw=0.8095 ML+1.3003 (3.3<=ML<=6.6),,extrapolada,,,principal,,
SGC,SGC2014aozqof,,2014-08-12T23:13:33+00:00,2.852,-74.846,5.0,1.6,ML,"Tello - Huila, Colombia",manual,0.4,128.0,7.0,SGC,,0.0,0.0,6.0,,,,,,,,,,2.5955000000000004,Senel et al.: Mw=0.8095 ML+1.3003 (3.3<=ML<=6.6),,extrapolada,,,principal,,
SGC,SGC2014ueruoy,,2014-08-14T21:36:21+00:00,3.032,-74.963,4.0,1.8,ML,"Baraya - Huila, Colombia",manual,0.4,122.0,18.0,SGC,,0.0,0.0,4.0,,,,,,,,,,2.7574,Senel et al.: Mw=0.8095 ML+1.3003 (3.3<=ML<=6.6),,extrapolada,,,principal,,
SGC,SGC2014brqlao,,2014-08-19T03:15:48+00:00,2.698,-74.957,12.0,2.5,ML,"Rivera - Huila, Colombia",manual,0.4,112.0,12.0,SGC,,0.0,0.0,4.0,,,,,,,,,,3.32405,Senel et al.: Mw=0.8095 ML+1.3003 (3.3<=ML<=6.6),,extrapolada,,,principal,,
SGC,SGC2014hwlcrk,,2014-08-20T18:14:33+00:00,2.83,-74.893,7.0,1.5,ML,"Tello - Huila, Colombia",manual,0.3,123.0,10.0,SGC,,0.0,0.0,3.0,,,,,,,,,,2.51455,Senel et al.: Mw=0.8095 ML+1.3003 (3.3<=ML<=6.6),,extrapolada,,,principal,,
SGC,SGC2014nqjzyr,,2014-08-22T08:54:57+00:00,3.019,-74.957,0.0,1.4,ML,"Baraya - Huila, Colombia",manual,0.4,267.0,6.0,SGC,,0.1,0.0,7.0,,,,,,,,,,2.4336,Senel et al.: Mw=0.8095 ML+1.3003 (3.3<=ML<=6.6),,extrapolada,,,principal,,
SGC,SGC2014hubgho,,2014-08-25T10:20:16+00:00,2.878,-74.848,8.0,1.4,ML,"Baraya - Huila, Colombia",manual,0.3,226.0,5.0,SGC,,0.0,0.0,7.0,,,,,,,,,,2.4336,Senel et al.: Mw=0.8095 ML+1.3003 (3.3<=ML<=6.6),,extrapolada,,,principal,,
SGC,SGC2014nvdeqs,,2014-08-26T00:49:04+00:00,2.726,-75.026,4.0,1.8,ML,"Rivera - Huila, Colombia",manual,0.3,108.0,12.0,SGC,,0.0,0.0,5.0,,,,,,,,,,2.7574,Senel et al.: Mw=0.8095 ML+1.3003 (3.3<=ML<=6.6),,extrapolada,,,principal,,
SGC,SGC2014pvrunk,,2014-08-26T02:20:03+00:00,2.716,-75.01,9.0,1.3,ML,"Rivera - Huila, Colombia",manual,0.5,109.0,8.0,SGC,,0.0,0.0,7.0,,,,,,,,,,2.35265,Senel et al.: Mw=0.8095 ML+1.3003 (3.3<=ML<=6.6),,extrapolada,,,principal,,
SGC,SGC2014ewlwru,,2014-08-31T03:54:38+00:00,2.712,-75.024,5.0,2.0,ML,"Rivera - Huila, Colombia",manual,0.5,108.0,14.0,SGC,,0.0,0.0,6.0,,,,,,,,,,2.9193,Senel et al.: Mw=0.8095 ML+1.3003 (3.3<=ML<=6.6),,extrapolada,,,principal,,
SGC,SGC2014ukpphe,,2014-08-31T06:43:40+00:00,2.635,-75.096,6.0,1.9,ML,"Rivera - Huila, Colombia",manual,0.6,97.0,13.0,SGC,,0.0,0.0,8.0,,,,,,,,,,2.83835,Senel et al.: Mw=0.8095 ML+1.3003 (3.3<=ML<=6.6),,extrapolada,,,principal,,
SGC,SGC2014iauclo,,2014-09-04T02:14:20+00:00,2.665,-75.629,13.0,0.9,ML,"Íquira - Huila, Colombia",manual,0.6,150.0,5.0,SGC,,0.1,0.1,14.0,,,,,,,,,,2.0288500000000003,Senel et al.: Mw=0.8095 ML+1.3003 (3.3<=ML<=6.6),,extrapolada,,,principal,,
SGC,SGC2014xheetw,,2014-09-04T08:24:17+00:00,2.913,-74.86,8.0,1.4,ML,"Baraya - Huila, Colombia",manual,0.4,213.0,6.0,SGC,,0.0,0.1,5.0,,,,,,,,,,2.4336,Senel et al.: Mw=0.8095 ML+1.3003 (3.3<=ML<=6.6),,extrapolada,,,principal,,
SGC,SGC2014xrolut,,2014-09-05T06:07:29+00:00,2.654,-75.057,4.0,1.6,ML,"Rivera - Huila, Colombia",manual,0.4,111.0,6.0,SGC,,0.0,0.0,5.0,,,,,,,,,,2.5955000000000004,Senel et al.: Mw=0.8095 ML+1.3003 (3.3<=ML<=6.6),,extrapolada,,,principal,,
SGC,SGC2014gvqskw,,2014-09-10T00:51:51+00:00,2.842,-74.876,8.0,1.3,ML,"Tello - Huila, Colombia",manual,0.4,125.0,6.0,SGC,,0.0,0.0,6.0,,,,,,,,,,2.35265,Senel et al.: Mw=0.8095 ML+1.3003 (3.3<=ML<=6.6),,extrapolada,,,principal,,
SGC,SGC2014gbvkit,,2014-09-15T19:04:28+00:00,2.501,-75.376,10.0,1.5,ML,"Algeciras - Huila, Colombia",manual,0.4,94.0,8.0,SGC,,0.0,0.0,6.0,,,,,,,,,,2.51455,Senel et al.: Mw=0.8095 ML+1.3003 (3.3<=ML<=6.6),,extrapolada,,,principal,,
SGC,SGC2014aluiyn,,2014-09-16T18:48:06+00:00,2.892,-74.873,2.0,3.2,MW,"Baraya - Huila, Colombia",manual,0.7,85.0,21.0,SGC,,0.0,0.0,6.0,,,,,,,,,,3.2,directa: MW,0.0,directa,,,principal,,
SGC,SGC2014pitfus,,2014-09-22T04:07:29+00:00,2.649,-75.053,4.0,1.3,ML,"Rivera - Huila, Colombia",manual,0.3,145.0,4.0,SGC,,0.0,0.0,5.0,,,,,,,,,,2.35265,Senel et al.: Mw=0.8095 ML+1.3003 (3.3<=ML<=6.6),,extrapolada,,,principal,,
SGC,SGC2014vnurvf,,2014-09-23T05:09:39+00:00,2.63,-75.119,4.0,1.1,ML,"Rivera - Huila, Colombia",manual,0.3,110.0,8.0,SGC,,0.0,0.0,6.0,,,,,,,,,,2.19075,Senel et al.: Mw=0.8095 ML+1.3003 (3.3<=ML<=6.6),,extrapolada,,,principal,,
SGC,SGC2014miixlt,,2014-09-25T05:52:35+00:00,2.859,-74.873,4.0,1.3,ML,"Tello - Huila, Colombia",manual,0.3,129.0,5.0,SGC,,0.0,0.0,4.0,,,,,,,,,,2.35265,Senel et al.: Mw=0.8095 ML+1.3003 (3.3<=ML<=6.6),,extrapolada,,,principal,,
SGC,SGC2014rfqodi,,2014-09-26T21:26:07+00:00,2.723,-75.023,4.0,2.1,ML,"Rivera - Huila, Colombia",manual,0.4,93.0,13.0,SGC,,0.0,0.0,5.0,,,,,,,,,,3.0002500000000003,Senel et al.: Mw=0.8095 ML+1.3003 (3.3<=ML<=6.6),,extrapolada,,,principal,,
SGC,SGC2014wrlegf,,2014-09-27T05:34:19+00:00,2.692,-75.037,4.0,1.3,ML,"Rivera - Huila, Colombia",manual,0.3,141.0,4.0,SGC,,0.0,0.0,7.0,,,,,,,,,,2.35265,Senel et al.: Mw=0.8095 ML+1.3003 (3.3<=ML<=6.6),,extrapolada,,,principal,,
SGC,SGC2014bvqpjw,,2014-09-29T09:38:37+00:00,3.293,-75.522,4.0,1.9,ML,"Planadas - Tolima, Colombia",manual,0.5,142.0,9.0,SGC,,0.0,0.0,5.0,,,,,,,,,,2.83835,Senel et al.: Mw=0.8095 ML+1.3003 (3.3<=ML<=6.6),,extrapolada,,,principal,,
SGC,SGC2014lqgpcy,,2014-10-12T03:04:17+00:00,2.541,-75.385,19.0,1.3,ML,"Algeciras - Huila, Colombia",manual,0.4,173.0,8.0,SGC,,0.0,0.0,3.0,,,,,,,,,,2.35265,Senel et al.: Mw=0.8095 ML+1.3003 (3.3<=ML<=6.6),,extrapolada,,,principal,,
SGC,SGC2014mkcvsx,,2014-10-12T04:32:01+00:00,3.03,-75.101,10.0,2.1,ML,"Tello - Huila, Colombia",manual,0.5,108.0,13.0,SGC,,0.0,0.0,7.0,,,,,,,,,,3.0002500000000003,Senel et al.: Mw=0.8095 ML+1.3003 (3.3<=ML<=6.6),,extrapolada,,,principal,,
SGC,SGC2014caetpf,,2014-10-13T16:52:52+00:00,2.856,-74.874,4.0,2.8,ML,"Tello - Huila, Colombia",manual,0.7,54.0,20.0,SGC,,0.0,0.0,6.0,,,,,,,,,,3.5669,Senel et al.: Mw=0.8095 ML+1.3003 (3.3<=ML<=6.6),,extrapolada,,,principal,,
SGC,SGC2014eukogy,,2014-10-18T23:46:21+00:00,2.891,-74.849,12.0,1.6,ML,"Baraya - Huila, Colombia",manual,0.3,253.0,4.0,SGC,,0.0,0.1,8.0,,,,,,,,,,2.5955000000000004,Senel et al.: Mw=0.8095 ML+1.3003 (3.3<=ML<=6.6),,extrapolada,,,principal,,
SGC,SGC2014nocvfp,,2014-10-25T04:53:36+00:00,2.604,-75.325,22.0,1.6,ML,"Campoalegre - Huila, Colombia",manual,0.4,91.0,9.0,SGC,,0.0,0.0,2.0,,,,,,,,,,2.5955000000000004,Senel et al.: Mw=0.8095 ML+1.3003 (3.3<=ML<=6.6),,extrapolada,,,principal,,
SGC,SGC2014vygwla,,2014-11-04T21:51:00+00:00,2.634,-75.1,6.0,2.6,ML,"Rivera - Huila, Colombia",manual,0.4,110.0,16.0,SGC,,0.0,0.0,4.0,,,,,,,,,,3.405,Senel et al.: Mw=0.8095 ML+1.3003 (3.3<=ML<=6.6),,extrapolada,,,principal,,
SGC,SGC2014zvxfko,,2014-11-04T21:55:42+00:00,2.722,-75.019,12.0,1.3,ML,"Rivera - Huila, Colombia",manual,0.4,108.0,5.0,SGC,,0.0,0.0,8.0,,,,,,,,,,2.35265,Senel et al.: Mw=0.8095 ML+1.3003 (3.3<=ML<=6.6),,extrapolada,,,principal,,
SGC,SGC2014bvqenb,,2014-11-07T16:15:11+00:00,2.717,-75.004,6.0,2.1,ML,"Rivera - Huila, Colombia",manual,0.4,109.0,14.0,SGC,,0.0,0.0,5.0,,,,,,,,,,3.0002500000000003,Senel et al.: Mw=0.8095 ML+1.3003 (3.3<=ML<=6.6),,extrapolada,,,principal,,
SGC,SGC2014crpxyh,,2014-11-14T01:21:25+00:00,2.967,-74.87,4.0,2.7,ML,"Baraya - Huila, Colombia",manual,0.8,87.0,15.0,SGC,,0.0,0.0,6.0,,,,,,,,,,3.4859500000000003,Senel et al.: Mw=0.8095 ML+1.3003 (3.3<=ML<=6.6),,extrapolada,,,principal,,
SGC,SGC2014nfxckh,,2014-11-15T04:33:16+00:00,2.507,-75.276,23.0,1.1,ML,"Algeciras - Huila, Colombia",manual,0.4,103.0,5.0,SGC,,0.0,0.0,4.0,,,,,,,,,,2.19075,Senel et al.: Mw=0.8095 ML+1.3003 (3.3<=ML<=6.6),,extrapolada,,,principal,,
SGC,SGC2014yrawgk,,2014-11-15T06:25:47+00:00,2.954,-75.245,14.0,1.8,ML,"Neiva - Huila, Colombia",manual,0.5,95.0,11.0,SGC,,0.0,0.0,4.0,,,,,,,,,,2.7574,Senel et al.: Mw=0.8095 ML+1.3003 (3.3<=ML<=6.6),,extrapolada,,,principal,,
SGC,SGC2014buovxv,,2014-11-18T03:59:48+00:00,2.494,-75.303,11.0,1.0,ML,"Algeciras - Huila, Colombia",manual,0.5,98.0,7.0,SGC,,0.0,0.0,8.0,,,,,,,,,,2.1098,Senel et al.: Mw=0.8095 ML+1.3003 (3.3<=ML<=6.6),,extrapolada,,,principal,,
SGC,SGC2014bjgaqc,,2014-11-20T08:10:43+00:00,2.487,-75.334,25.0,1.3,ML,"Algeciras - Huila, Colombia",manual,0.5,219.0,5.0,SGC,,0.0,0.1,4.0,,,,,,,,,,2.35265,Senel et al.: Mw=0.8095 ML+1.3003 (3.3<=ML<=6.6),,extrapolada,,,principal,,
SGC,SGC2014qoskra,,2014-11-20T23:53:34+00:00,2.692,-75.034,14.0,1.2,ML,"Rivera - Huila, Colombia",manual,0.4,125.0,5.0,SGC,,0.0,0.0,5.0,,,,,,,,,,2.2717,Senel et al.: Mw=0.8095 ML+1.3003 (3.3<=ML<=6.6),,extrapolada,,,principal,,
SGC,SGC2014obzwwe,,2014-11-22T05:40:32+00:00,2.708,-75.03,6.0,2.2,ML,"Rivera - Huila, Colombia",manual,0.5,94.0,14.0,SGC,,0.0,0.0,6.0,,,,,,,,,,3.0812,Senel et al.: Mw=0.8095 ML+1.3003 (3.3<=ML<=6.6),,extrapolada,,,principal,,
SGC,SGC2014lakepu,,2014-11-22T22:12:34+00:00,2.732,-75.006,6.0,1.4,ML,"Rivera - Huila, Colombia",manual,0.3,219.0,5.0,SGC,,0.0,0.1,7.0,,,,,,,,,,2.4336,Senel et al.: Mw=0.8095 ML+1.3003 (3.3<=ML<=6.6),,extrapolada,,,principal,,
SGC,SGC2014xcixyo,,2014-11-23T02:56:19+00:00,2.64,-75.048,4.0,1.2,ML,"Rivera - Huila, Colombia",manual,0.3,121.0,5.0,SGC,,0.0,0.0,5.0,,,,,,,,,,2.2717,Senel et al.: Mw=0.8095 ML+1.3003 (3.3<=ML<=6.6),,extrapolada,,,principal,,
SGC,SGC2014nludtz,,2014-11-24T07:12:54+00:00,2.661,-75.104,16.0,1.7,ML,"Rivera - Huila, Colombia",manual,0.5,119.0,10.0,SGC,,0.0,0.0,4.0,,,,,,,,,,2.67645,Senel et al.: Mw=0.8095 ML+1.3003 (3.3<=ML<=6.6),,extrapolada,,,principal,,
SGC,SGC2014fkrulk,,2014-11-25T11:13:27+00:00,3.276,-75.198,4.0,2.0,ML,"Villavieja - Huila, Colombia",manual,0.7,82.0,14.0,SGC,,0.0,0.0,6.0,,,,,,,,,,2.9193,Senel et al.: Mw=0.8095 ML+1.3003 (3.3<=ML<=6.6),,extrapolada,,,principal,,
SGC,SGC2014oqukme,,2014-12-02T05:11:48+00:00,2.713,-75.052,4.0,1.5,ML,"Rivera - Huila, Colombia",manual,0.3,216.0,7.0,SGC,,0.0,0.0,4.0,,,,,,,,,,2.51455,Senel et al.: Mw=0.8095 ML+1.3003 (3.3<=ML<=6.6),,extrapolada,,,principal,,
SGC,SGC2014hmcwjy,,2014-12-04T15:29:12+00:00,3.325,-75.318,22.0,1.6,ML,"Aipe - Huila, Colombia",manual,0.2,226.0,5.0,SGC,,0.0,0.0,3.0,,,,,,,,,,2.5955000000000004,Senel et al.: Mw=0.8095 ML+1.3003 (3.3<=ML<=6.6),,extrapolada,,,principal,,
SGC,SGC2014sffuvc,,2014-12-06T16:00:55+00:00,2.594,-75.239,2.0,1.6,ML,"Algeciras - Huila, Colombia",manual,0.2,212.0,4.0,SGC,,0.0,0.0,4.0,,,,,,,,,,2.5955000000000004,Senel et al.: Mw=0.8095 ML+1.3003 (3.3<=ML<=6.6),,extrapolada,,,principal,,
SGC,SGC2014abpcto,,2014-12-10T16:29:02+00:00,3.265,-75.193,10.0,1.7,ML,"Villavieja - Huila, Colombia",manual,0.4,200.0,7.0,SGC,,0.0,0.1,6.0,,,,,,,,,,2.67645,Senel et al.: Mw=0.8095 ML+1.3003 (3.3<=ML<=6.6),,extrapolada,,,principal,,
SGC,SGC2014utpqoq,,2014-12-13T02:51:33+00:00,2.805,-74.876,9.0,1.6,ML,"Tello - Huila, Colombia",manual,0.5,230.0,6.0,SGC,,0.0,0.1,8.0,,,,,,,,,,2.5955000000000004,Senel et al.: Mw=0.8095 ML+1.3003 (3.3<=ML<=6.6),,extrapolada,,,principal,,
SGC,SGC2014byyrhc,,2014-12-22T15:18:46+00:00,2.828,-74.925,13.0,1.3,ML,"Tello - Huila, Colombia",manual,0.4,149.0,4.0,SGC,,0.0,0.0,6.0,,,,,,,,,,2.35265,Senel et al.: Mw=0.8095 ML+1.3003 (3.3<=ML<=6.6),,extrapolada,,,principal,,
SGC,SGC2014clhabv,,2014-12-23T10:38:40+00:00,2.978,-75.051,4.0,2.5,ML,"Tello - Huila, Colombia",manual,0.5,110.0,12.0,SGC,,0.0,0.0,5.0,,,,,,,,,,3.32405,Senel et al.: Mw=0.8095 ML+1.3003 (3.3<=ML<=6.6),,extrapolada,,,principal,,
SGC,SGC2014gtvnov,,2014-12-28T02:00:12+00:00,2.657,-75.051,3.0,2.8,MW,"Rivera - Huila, Colombia",manual,0.6,111.0,10.0,SGC,,0.0,0.0,7.0,,,,,,,,,,2.8,directa: MW,0.0,directa,,,principal,,
SGC,SGC2015kutxcm,,2015-01-16T00:04:30+00:00,2.775,-74.883,4.0,1.6,ML,"Rivera - Huila, Colombia",manual,0.6,239.0,6.0,SGC,,0.0,0.1,8.0,,,,,,,,,,2.5955000000000004,Senel et al.: Mw=0.8095 ML+1.3003 (3.3<=ML<=6.6),,extrapolada,,,principal,,
SGC,SGC2015qsnysy,,2015-01-22T00:26:03+00:00,2.865,-74.87,4.0,1.8,ML,"Tello - Huila, Colombia",manual,0.5,98.0,12.0,SGC,,0.0,0.0,5.0,,,,,,,,,,2.7574,Senel et al.: Mw=0.8095 ML+1.3003 (3.3<=ML<=6.6),,extrapolada,,,principal,,
SGC,SGC2015edkeqi,,2015-01-27T08:47:11+00:00,2.712,-75.022,6.0,2.1,ML,"Rivera - Huila, Colombia",manual,0.4,113.0,12.0,SGC,,0.0,0.0,6.0,,,,,,,,,,3.0002500000000003,Senel et al.: Mw=0.8095 ML+1.3003 (3.3<=ML<=6.6),,extrapolada,,,principal,,
SGC,SGC2015suoosv,,2015-01-27T23:23:30+00:00,2.71,-75.065,4.0,2.3,ML,"Rivera - Huila, Colombia",manual,0.5,105.0,14.0,SGC,,0.0,0.0,5.0,,,,,,,,,,3.16215,Senel et al.: Mw=0.8095 ML+1.3003 (3.3<=ML<=6.6),,extrapolada,,,principal,,
SGC,SGC2015cfseiv,,2015-01-27T23:54:26+00:00,2.491,-75.372,0.0,1.3,ML,"Algeciras - Huila, Colombia",manual,0.1,197.0,4.0,SGC,,0.0,0.0,4.0,,,,,,,,,,2.35265,Senel et al.: Mw=0.8095 ML+1.3003 (3.3<=ML<=6.6),,extrapolada,,,principal,,
SGC,SGC2015lzahju,,2015-02-02T14:21:24+00:00,2.945,-75.225,17.0,1.8,ML,"Neiva - Huila, Colombia",manual,0.5,121.0,9.0,SGC,,0.0,0.0,4.0,,,,,,,,,,2.7574,Senel et al.: Mw=0.8095 ML+1.3003 (3.3<=ML<=6.6),,extrapolada,,,principal,,
SGC,SGC2015xrsnhd,,2015-02-08T06:02:05+00:00,2.528,-75.325,25.0,1.4,ML,"Algeciras - Huila, Colombia",manual,0.3,196.0,6.0,SGC,,0.0,0.0,11.0,,,,,,,,,,2.4336,Senel et al.: Mw=0.8095 ML+1.3003 (3.3<=ML<=6.6),,extrapolada,,,principal,,
SGC,SGC2015zdalzf,,2015-02-08T06:02:35+00:00,2.753,-75.009,4.0,1.6,ML,"Rivera - Huila, Colombia",manual,0.4,219.0,5.0,SGC,,0.0,0.0,6.0,,,,,,,,,,2.5955000000000004,Senel et al.: Mw=0.8095 ML+1.3003 (3.3<=ML<=6.6),,extrapolada,,,principal,,
SGC,SGC2015qaisrw,,2015-02-10T00:13:59+00:00,2.687,-75.052,4.0,1.2,ML,"Rivera - Huila, Colombia",manual,0.5,123.0,4.0,SGC,,0.0,0.0,8.0,,,,,,,,,,2.2717,Senel et al.: Mw=0.8095 ML+1.3003 (3.3<=ML<=6.6),,extrapolada,,,principal,,
SGC,SGC2015xebxap,,2015-02-10T11:49:09+00:00,2.682,-75.049,4.0,1.7,ML,"Rivera - Huila, Colombia",manual,0.6,231.0,6.0,SGC,,0.0,0.1,11.0,,,,,,,,,,2.67645,Senel et al.: Mw=0.8095 ML+1.3003 (3.3<=ML<=6.6),,extrapolada,,,principal,,
SGC,SGC2015aflmgo,,2015-02-16T04:39:17+00:00,2.656,-75.055,4.0,1.4,ML,"Rivera - Huila, Colombia",manual,0.2,128.0,4.0,SGC,,0.0,0.0,4.0,,,,,,,,,,2.4336,Senel et al.: Mw=0.8095 ML+1.3003 (3.3<=ML<=6.6),,extrapolada,,,principal,,
SGC,SGC2015tzwlyh,,2015-02-17T19:59:09+00:00,2.962,-74.963,0.0,1.8,ML,"Tello - Huila, Colombia",manual,0.4,240.0,5.0,SGC,,0.1,0.1,10.0,,,,,,,,,,2.7574,Senel et al.: Mw=0.8095 ML+1.3003 (3.3<=ML<=6.6),,extrapolada,,,principal,,
SGC,SGC2015vngyso,,2015-02-20T11:07:59+00:00,2.928,-74.852,8.0,1.8,ML,"Baraya - Huila, Colombia",manual,0.5,177.0,7.0,SGC,,0.0,0.0,6.0,,,,,,,,,,2.7574,Senel et al.: Mw=0.8095 ML+1.3003 (3.3<=ML<=6.6),,extrapolada,,,principal,,
SGC,SGC2015xodrba,,2015-03-03T15:51:03+00:00,2.74,-75.081,4.0,1.5,ML,"Rivera - Huila, Colombia",manual,0.3,241.0,5.0,SGC,,0.1,0.1,8.0,,,,,,,,,,2.51455,Senel et al.: Mw=0.8095 ML+1.3003 (3.3<=ML<=6.6),,extrapolada,,,principal,,
SGC,SGC2015rgdjtn,,2015-03-03T20:19:32+00:00,2.616,-75.562,4.0,1.8,ML,"Yaguará - Huila, Colombia",manual,0.5,66.0,13.0,SGC,,0.0,0.0,6.0,,,,,,,,,,2.7574,Senel et al.: Mw=0.8095 ML+1.3003 (3.3<=ML<=6.6),,extrapolada,,,principal,,
SGC,SGC2015psyxac,,2015-03-09T19:23:43+00:00,2.719,-75.032,4.0,1.8,ML,"Rivera - Huila, Colombia",manual,0.3,107.0,7.0,SGC,,0.0,0.0,4.0,,,,,,,,,,2.7574,Senel et al.: Mw=0.8095 ML+1.3003 (3.3<=ML<=6.6),,extrapolada,,,principal,,
SGC,SGC2015lmdjum,,2015-03-15T23:58:23+00:00,2.599,-75.185,13.0,1.3,ML,"Algeciras - Huila, Colombia",manual,0.3,108.0,5.0,SGC,,0.0,0.0,5.0,,,,,,,,,,2.35265,Senel et al.: Mw=0.8095 ML+1.3003 (3.3<=ML<=6.6),,extrapolada,,,principal,,
SGC,SGC2015szcsph,,2015-03-18T19:38:55+00:00,3.186,-75.225,15.0,1.5,ML,"Villavieja - Huila, Colombia",manual,0.5,94.0,9.0,SGC,,0.0,0.0,4.0,,,,,,,,,,2.51455,Senel et al.: Mw=0.8095 ML+1.3003 (3.3<=ML<=6.6),,extrapolada,,,principal,,
SGC,SGC2015peuaht,,2015-03-20T03:30:32+00:00,2.856,-74.873,12.0,1.2,ML,"Tello - Huila, Colombia",manual,0.6,183.0,5.0,SGC,,0.1,0.1,12.0,,,,,,,,,,2.2717,Senel et al.: Mw=0.8095 ML+1.3003 (3.3<=ML<=6.6),,extrapolada,,,principal,,
SGC,SGC2015uanojy,,2015-03-21T09:57:32+00:00,2.779,-74.867,2.0,1.5,ML,"Rivera - Huila, Colombia",manual,0.2,140.0,4.0,SGC,,0.0,0.0,6.0,,,,,,,,,,2.51455,Senel et al.: Mw=0.8095 ML+1.3003 (3.3<=ML<=6.6),,extrapolada,,,principal,,
SGC,SGC2015xidaio,,2015-03-23T00:52:16+00:00,2.882,-74.856,6.0,1.7,ML,"Baraya - Huila, Colombia",manual,0.4,147.0,7.0,SGC,,0.0,0.0,5.0,,,,,,,,,,2.67645,Senel et al.: Mw=0.8095 ML+1.3003 (3.3<=ML<=6.6),,extrapolada,,,principal,,
SGC,SGC2015ztgcca,,2015-03-25T10:24:16+00:00,2.661,-75.075,4.0,1.7,ML,"Rivera - Huila, Colombia",manual,0.5,229.0,6.0,SGC,,0.0,0.1,10.0,,,,,,,,,,2.67645,Senel et al.: Mw=0.8095 ML+1.3003 (3.3<=ML<=6.6),,extrapolada,,,principal,,
SGC,SGC2015tyhqsu,,2015-03-27T12:04:29+00:00,2.987,-74.889,12.0,1.5,ML,"Baraya - Huila, Colombia",manual,0.2,265.0,5.0,SGC,,0.0,0.0,3.0,,,,,,,,,,2.51455,Senel et al.: Mw=0.8095 ML+1.3003 (3.3<=ML<=6.6),,extrapolada,,,principal,,
SGC,SGC2015jvrowz,,2015-04-07T18:20:18+00:00,2.545,-75.317,22.0,1.9,ML,"Algeciras - Huila, Colombia",manual,0.4,101.0,9.0,SGC,,0.0,0.0,2.0,,,,,,,,,,2.83835,Senel et al.: Mw=0.8095 ML+1.3003 (3.3<=ML<=6.6),,extrapolada,,,principal,,
SGC,SGC2015quaxuc,,2015-04-11T13:05:53+00:00,2.79,-74.93,4.0,2.6,ML,"Rivera - Huila, Colombia",manual,0.4,132.0,9.0,SGC,,0.0,0.0,6.0,,,,,,,,,,3.405,Senel et al.: Mw=0.8095 ML+1.3003 (3.3<=ML<=6.6),,extrapolada,,,principal,,
SGC,SGC2015upotdp,,2015-04-13T23:17:24+00:00,2.955,-75.735,4.0,1.6,ML,"Santa María - Huila, Colombia",manual,0.2,141.0,6.0,SGC,,0.0,0.0,3.0,,,,,,,,,,2.5955000000000004,Senel et al.: Mw=0.8095 ML+1.3003 (3.3<=ML<=6.6),,extrapolada,,,principal,,
SGC,SGC2015aintzg,,2015-04-16T08:30:03+00:00,2.646,-75.068,4.0,2.0,ML,"Rivera - Huila, Colombia",manual,0.4,119.0,9.0,SGC,,0.0,0.0,4.0,,,,,,,,,,2.9193,Senel et al.: Mw=0.8095 ML+1.3003 (3.3<=ML<=6.6),,extrapolada,,,principal,,
SGC,SGC2015hwqskb,,2015-04-20T22:47:14+00:00,2.63,-75.059,6.0,1.6,ML,"Rivera - Huila, Colombia",manual,0.4,214.0,4.0,SGC,,0.1,0.0,8.0,,,,,,,,,,2.5955000000000004,Senel et al.: Mw=0.8095 ML+1.3003 (3.3<=ML<=6.6),,extrapolada,,,principal,,
SGC,SGC2015aikioo,,2015-04-25T09:23:06+00:00,3.245,-75.041,17.0,2.7,ML,"Baraya - Huila, Colombia",manual,0.4,140.0,5.0,SGC,,0.0,0.0,6.0,,,,,,,,,,3.4859500000000003,Senel et al.: Mw=0.8095 ML+1.3003 (3.3<=ML<=6.6),,extrapolada,,,principal,,
SGC,SGC2015siprsn,,2015-05-02T13:00:42+00:00,2.534,-75.39,0.0,1.7,ML,"Hobo - Huila, Colombia",manual,0.2,191.0,4.0,SGC,,0.0,0.0,3.0,,,,,,,,,,2.67645,Senel et al.: Mw=0.8095 ML+1.3003 (3.3<=ML<=6.6),,extrapolada,,,principal,,
SGC,SGC2015wixxzz,,2015-05-07T05:43:41+00:00,2.904,-74.893,8.0,2.1,ML,"Tello - Huila, Colombia",manual,0.6,175.0,7.0,SGC,,0.0,0.0,7.0,,,,,,,,,,3.0002500000000003,Senel et al.: Mw=0.8095 ML+1.3003 (3.3<=ML<=6.6),,extrapolada,,,principal,,
SGC,SGC2015hsaydt,,2015-05-13T15:01:18+00:00,2.705,-75.051,19.0,1.7,ML,"Rivera - Huila, Colombia",manual,0.5,140.0,5.0,SGC,,0.0,0.0,7.0,,,,,,,,,,2.67645,Senel et al.: Mw=0.8095 ML+1.3003 (3.3<=ML<=6.6),,extrapolada,,,principal,,
SGC,SGC2015xgttkv,,2015-05-16T12:01:27+00:00,3.117,-74.893,4.0,1.7,ML,"Baraya - Huila, Colombia",manual,0.4,145.0,7.0,SGC,,0.0,0.0,5.0,,,,,,,,,,2.67645,Senel et al.: Mw=0.8095 ML+1.3003 (3.3<=ML<=6.6),,extrapolada,,,principal,,
SGC,SGC2015nlkrbv,,2015-05-17T20:06:27+00:00,2.72,-75.053,6.0,1.5,ML,"Rivera - Huila, Colombia",manual,0.2,229.0,6.0,SGC,,0.0,0.0,4.0,,,,,,,,,,2.51455,Senel et al.: Mw=0.8095 ML+1.3003 (3.3<=ML<=6.6),,extrapolada,,,principal,,
SGC,SGC2015rvypys,,2015-05-19T20:55:33+00:00,2.54,-75.249,5.0,1.4,ML,"Algeciras - Huila, Colombia",manual,0.5,109.0,8.0,SGC,,0.0,0.0,9.0,,,,,,,,,,2.4336,Senel et al.: Mw=0.8095 ML+1.3003 (3.3<=ML<=6.6),,extrapolada,,,principal,,
SGC,SGC2015yoiflq,,2015-05-24T00:47:15+00:00,2.508,-75.396,7.0,1.5,ML,"Algeciras - Huila, Colombia",manual,0.4,97.0,7.0,SGC,,0.0,0.0,6.0,,,,,,,,,,2.51455,Senel et al.: Mw=0.8095 ML+1.3003 (3.3<=ML<=6.6),,extrapolada,,,principal,,
SGC,SGC2015gmpdsu,,2015-05-30T06:42:57+00:00,2.881,-74.843,4.0,2.9,ML,"Baraya - Huila, Colombia",manual,0.4,129.0,7.0,SGC,,0.0,0.0,10.0,,,,,,,,,,3.64785,Senel et al.: Mw=0.8095 ML+1.3003 (3.3<=ML<=6.6),,extrapolada,,,principal,,
SGC,SGC2015uomgpn,,2015-06-01T18:33:06+00:00,2.967,-74.885,8.0,1.6,ML,"Baraya - Huila, Colombia",manual,0.2,224.0,4.0,SGC,,0.0,0.1,4.0,,,,,,,,,,2.5955000000000004,Senel et al.: Mw=0.8095 ML+1.3003 (3.3<=ML<=6.6),,extrapolada,,,principal,,
SGC,SGC2015qnazfq,,2015-06-02T10:41:59+00:00,2.67,-75.021,20.0,2.4,ML,"Rivera - Huila, Colombia",manual,0.5,233.0,8.0,SGC,,0.0,0.1,5.0,,,,,,,,,,3.2431,Senel et al.: Mw=0.8095 ML+1.3003 (3.3<=ML<=6.6),,extrapolada,,,principal,,
SGC,SGC2015oltxiw,,2015-06-02T15:06:40+00:00,2.715,-75.034,4.0,1.8,ML,"Rivera - Huila, Colombia",manual,0.3,124.0,9.0,SGC,,0.0,0.0,3.0,,,,,,,,,,2.7574,Senel et al.: Mw=0.8095 ML+1.3003 (3.3<=ML<=6.6),,extrapolada,,,principal,,
SGC,SGC2015bdnlnv,,2015-06-09T03:34:22+00:00,2.701,-75.068,9.0,2.1,ML,"Rivera - Huila, Colombia",manual,0.2,104.0,12.0,SGC,,0.0,0.0,3.0,,,,,,,,,,3.0002500000000003,Senel et al.: Mw=0.8095 ML+1.3003 (3.3<=ML<=6.6),,extrapolada,,,principal,,
SGC,SGC2015aqconu,,2015-06-12T07:53:42+00:00,2.596,-75.147,5.0,1.9,ML,"Algeciras - Huila, Colombia",manual,0.5,207.0,8.0,SGC,,0.0,0.0,7.0,,,,,,,,,,2.83835,Senel et al.: Mw=0.8095 ML+1.3003 (3.3<=ML<=6.6),,extrapolada,,,principal,,
SGC,SGC2015blexgb,,2015-06-12T13:01:45+00:00,2.526,-75.259,4.0,2.2,ML,"Algeciras - Huila, Colombia",manual,0.6,110.0,11.0,SGC,,0.0,0.0,6.0,,,,,,,,,,3.0812,Senel et al.: Mw=0.8095 ML+1.3003 (3.3<=ML<=6.6),,extrapolada,,,principal,,
SGC,SGC2015nbsulv,,2015-06-13T00:26:21+00:00,3.061,-74.92,6.0,1.3,ML,"Baraya - Huila, Colombia",manual,0.5,204.0,7.0,SGC,,0.0,0.1,7.0,,,,,,,,,,2.35265,Senel et al.: Mw=0.8095 ML+1.3003 (3.3<=ML<=6.6),,extrapolada,,,principal,,
SGC,SGC2015wkghan,,2015-06-16T14:42:07+00:00,3.057,-75.176,14.0,1.6,ML,"Tello - Huila, Colombia",manual,0.3,174.0,7.0,SGC,,0.0,0.0,3.0,,,,,,,,,,2.5955000000000004,Senel et al.: Mw=0.8095 ML+1.3003 (3.3<=ML<=6.6),,extrapolada,,,principal,,
SGC,SGC2015epuugy,,2015-06-21T21:03:29+00:00,2.713,-75.043,4.0,1.1,ML,"Rivera - Huila, Colombia",manual,0.1,200.0,4.0,SGC,,0.0,0.0,4.0,,,,,,,,,,2.19075,Senel et al.: Mw=0.8095 ML+1.3003 (3.3<=ML<=6.6),,extrapolada,,,principal,,
SGC,SGC2015ahjglk,,2015-06-25T20:14:59+00:00,3.165,-75.187,18.0,1.1,ML,"Villavieja - Huila, Colombia",manual,0.1,218.0,4.0,SGC,,0.0,0.0,3.0,,,,,,,,,,2.19075,Senel et al.: Mw=0.8095 ML+1.3003 (3.3<=ML<=6.6),,extrapolada,,,principal,,
SGC,SGC2015byyuix,,2015-06-27T02:56:36+00:00,2.804,-74.914,6.0,1.4,ML,"Rivera - Huila, Colombia",manual,0.4,120.0,6.0,SGC,,0.0,0.0,6.0,,,,,,,,,,2.4336,Senel et al.: Mw=0.8095 ML+1.3003 (3.3<=ML<=6.6),,extrapolada,,,principal,,
SGC,SGC2015vusthw,,2015-06-29T01:32:21+00:00,2.79,-74.969,19.0,1.2,ML,"Rivera - Huila, Colombia",manual,0.5,136.0,4.0,SGC,,0.0,0.1,9.0,,,,,,,,,,2.2717,Senel et al.: Mw=0.8095 ML+1.3003 (3.3<=ML<=6.6),,extrapolada,,,principal,,
SGC,SGC2015ubeyfz,,2015-07-05T16:59:08+00:00,2.495,-75.404,22.0,1.3,ML,"Algeciras - Huila, Colombia",manual,0.4,172.0,7.0,SGC,,0.0,0.0,3.0,,,,,,,,,,2.35265,Senel et al.: Mw=0.8095 ML+1.3003 (3.3<=ML<=6.6),,extrapolada,,,principal,,
SGC,SGC2015pmsikr,,2015-07-06T02:17:25+00:00,2.497,-75.399,22.0,1.4,ML,"Algeciras - Huila, Colombia",manual,0.4,93.0,9.0,SGC,,0.0,0.0,4.0,,,,,,,,,,2.4336,Senel et al.: Mw=0.8095 ML+1.3003 (3.3<=ML<=6.6),,extrapolada,,,principal,,
SGC,SGC2015fdknsc,,2015-07-07T06:17:36+00:00,3.216,-75.29,14.0,1.7,ML,"Aipe - Huila, Colombia",manual,0.4,87.0,10.0,SGC,,0.0,0.0,4.0,,,,,,,,,,2.67645,Senel et al.: Mw=0.8095 ML+1.3003 (3.3<=ML<=6.6),,extrapolada,,,principal,,
SGC,SGC2015dhcirv,,2015-07-14T22:06:52+00:00,2.709,-75.066,4.0,2.2,ML,"Rivera - Huila, Colombia",manual,0.5,105.0,15.0,SGC,,0.0,0.0,4.0,,,,,,,,,,3.0812,Senel et al.: Mw=0.8095 ML+1.3003 (3.3<=ML<=6.6),,extrapolada,,,principal,,
SGC,SGC2015tcxofr,,2015-07-20T15:47:19+00:00,2.641,-75.06,5.0,3.9,MW,"Rivera - Huila, Colombia",manual,0.5,112.0,32.0,SGC,,0.0,0.0,4.0,,,,,,,,,,3.9,directa: MW,0.0,directa,,,principal,,
SGC,SGC2015gvsmpd,,2015-07-21T15:45:38+00:00,2.708,-75.013,5.0,2.0,ML,"Rivera - Huila, Colombia",manual,0.5,124.0,13.0,SGC,,0.0,0.0,5.0,,,,,,,,,,2.9193,Senel et al.: Mw=0.8095 ML+1.3003 (3.3<=ML<=6.6),,extrapolada,,,principal,,
SGC,SGC2015akbavp,,2015-08-01T18:15:21+00:00,2.81,-74.932,11.0,1.6,ML,"Rivera - Huila, Colombia",manual,0.4,223.0,4.0,SGC,,0.1,0.1,6.0,,,,,,,,,,2.5955000000000004,Senel et al.: Mw=0.8095 ML+1.3003 (3.3<=ML<=6.6),,extrapolada,,,principal,,
SGC,SGC2015fvydrp,,2015-08-28T08:07:49+00:00,3.254,-75.584,4.0,2.0,ML,"Planadas - Tolima, Colombia",manual,0.5,66.0,15.0,SGC,,0.0,0.0,5.0,,,,,,,,,,2.9193,Senel et al.: Mw=0.8095 ML+1.3003 (3.3<=ML<=6.6),,extrapolada,,,principal,,
SGC,SGC2015lesylq,,2015-08-28T14:20:19+00:00,3.258,-75.585,3.0,2.1,ML,"Planadas - Tolima, Colombia",manual,0.4,77.0,12.0,SGC,,0.0,0.0,4.0,,,,,,,,,,3.0002500000000003,Senel et al.: Mw=0.8095 ML+1.3003 (3.3<=ML<=6.6),,extrapolada,,,principal,,
SGC,SGC2015segsxu,,2015-09-11T01:24:36+00:00,2.716,-75.037,4.0,1.8,ML,"Rivera - Huila, Colombia",manual,0.5,107.0,10.0,SGC,,0.0,0.0,5.0,,,,,,,,,,2.7574,Senel et al.: Mw=0.8095 ML+1.3003 (3.3<=ML<=6.6),,extrapolada,,,principal,,
SGC,SGC2015ucmihs,,2015-09-11T12:41:31+00:00,2.549,-75.366,11.0,1.2,ML,"Algeciras - Huila, Colombia",manual,0.2,177.0,5.0,SGC,,0.0,0.0,4.0,,,,,,,,,,2.2717,Senel et al.: Mw=0.8095 ML+1.3003 (3.3<=ML<=6.6),,extrapolada,,,principal,,
SGC,SGC2015kdeicj,,2015-09-14T02:57:24+00:00,2.765,-75.09,15.0,2.3,ML,"Rivera - Huila, Colombia",manual,0.4,104.0,11.0,SGC,,0.0,0.0,4.0,,,,,,,,,,3.16215,Senel et al.: Mw=0.8095 ML+1.3003 (3.3<=ML<=6.6),,extrapolada,,,principal,,
SGC,SGC2015cxyhao,,2015-09-15T18:28:40+00:00,2.549,-75.303,4.0,1.2,ML,"Algeciras - Huila, Colombia",manual,0.4,180.0,5.0,SGC,,0.0,0.0,6.0,,,,,,,,,,2.2717,Senel et al.: Mw=0.8095 ML+1.3003 (3.3<=ML<=6.6),,extrapolada,,,principal,,
SGC,SGC2015htnynl,,2015-09-17T16:13:34+00:00,2.979,-74.853,4.0,1.2,ML,"Baraya - Huila, Colombia",manual,0.2,250.0,4.0,SGC,,0.0,0.1,6.0,,,,,,,,,,2.2717,Senel et al.: Mw=0.8095 ML+1.3003 (3.3<=ML<=6.6),,extrapolada,,,principal,,
SGC,SGC2015oltedl,,2015-09-18T08:32:45+00:00,2.504,-75.422,20.0,1.3,ML,"Hobo - Huila, Colombia",manual,0.4,169.0,7.0,SGC,,0.0,0.0,4.0,,,,,,,,,,2.35265,Senel et al.: Mw=0.8095 ML+1.3003 (3.3<=ML<=6.6),,extrapolada,,,principal,,
SGC,SGC2015wgnwok,,2015-09-21T23:59:28+00:00,2.702,-75.056,4.0,2.7,ML,"Rivera - Huila, Colombia",manual,0.5,80.0,19.0,SGC,,0.0,0.0,5.0,,,,,,,,,,3.4859500000000003,Senel et al.: Mw=0.8095 ML+1.3003 (3.3<=ML<=6.6),,extrapolada,,,principal,,
SGC,SGC2015ffbvrg,,2015-09-26T17:31:52+00:00,2.681,-75.036,5.0,2.4,ML,"Rivera - Huila, Colombia",manual,0.5,95.0,13.0,SGC,,0.0,0.0,5.0,,,,,,,,,,3.2431,Senel et al.: Mw=0.8095 ML+1.3003 (3.3<=ML<=6.6),,extrapolada,,,principal,,
SGC,SGC2015uhhfbx,,2015-10-08T22:52:31+00:00,2.677,-75.073,4.0,1.8,ML,"Rivera - Huila, Colombia",manual,0.4,121.0,9.0,SGC,,0.0,0.0,5.0,,,,,,,,,,2.7574,Senel et al.: Mw=0.8095 ML+1.3003 (3.3<=ML<=6.6),,extrapolada,,,principal,,
SGC,SGC2015gongpo,,2015-10-25T01:39:14+00:00,2.694,-74.986,11.0,2.0,ML,"Rivera - Huila, Colombia",manual,0.5,128.0,10.0,SGC,,0.0,0.0,4.0,,,,,,,,,,2.9193,Senel et al.: Mw=0.8095 ML+1.3003 (3.3<=ML<=6.6),,extrapolada,,,principal,,
SGC,SGC2015iwcwfl,,2015-10-31T07:26:44+00:00,2.492,-75.302,4.0,2.4,ML,"Algeciras - Huila, Colombia",manual,0.4,210.0,10.0,SGC,,0.0,0.0,6.0,,,,,,,,,,3.2431,Senel et al.: Mw=0.8095 ML+1.3003 (3.3<=ML<=6.6),,extrapolada,,,principal,,
SGC,SGC2015ctozgt,,2015-11-11T01:07:38+00:00,2.86,-74.849,3.0,2.0,ML,"Tello - Huila, Colombia",manual,0.5,99.0,8.0,SGC,,0.0,0.0,5.0,,,,,,,,,,2.9193,Senel et al.: Mw=0.8095 ML+1.3003 (3.3<=ML<=6.6),,extrapolada,,,principal,,
SGC,SGC2015khdxis,,2015-11-23T23:16:23+00:00,3.219,-75.241,4.0,1.5,ML,"Aipe - Huila, Colombia",manual,0.5,92.0,9.0,SGC,,0.0,0.0,6.0,,,,,,,,,,2.51455,Senel et al.: Mw=0.8095 ML+1.3003 (3.3<=ML<=6.6),,extrapolada,,,principal,,
SGC,SGC2015qnltqc,,2015-11-27T20:44:59+00:00,2.585,-75.498,15.0,1.4,ML,"Hobo - Huila, Colombia",manual,0.3,76.0,7.0,SGC,,0.0,0.0,7.0,,,,,,,,,,2.4336,Senel et al.: Mw=0.8095 ML+1.3003 (3.3<=ML<=6.6),,extrapolada,,,principal,,
SGC,SGC2015aosxsp,,2015-11-30T18:11:16+00:00,2.504,-75.428,18.0,1.4,ML,"Hobo - Huila, Colombia",manual,0.3,249.0,4.0,SGC,,0.0,0.0,3.0,,,,,,,,,,2.4336,Senel et al.: Mw=0.8095 ML+1.3003 (3.3<=ML<=6.6),,extrapolada,,,principal,,
SGC,SGC2015inavye,,2015-12-06T20:16:41+00:00,2.718,-75.034,4.0,1.9,ML,"Rivera - Huila, Colombia",manual,0.5,105.0,12.0,SGC,,0.0,0.0,4.0,,,,,,,,,,2.83835,Senel et al.: Mw=0.8095 ML+1.3003 (3.3<=ML<=6.6),,extrapolada,,,principal,,
SGC,SGC2015ntvfbm,,2015-12-11T00:58:15+00:00,2.639,-75.615,3.0,1.1,ML,"Íquira - Huila, Colombia",manual,0.2,230.0,4.0,SGC,,0.1,0.0,6.0,,,,,,,,,,2.19075,Senel et al.: Mw=0.8095 ML+1.3003 (3.3<=ML<=6.6),,extrapolada,,,principal,,
SGC,SGC2015rsbinv,,2015-12-11T05:34:29+00:00,2.57,-75.276,4.0,1.2,ML,"Algeciras - Huila, Colombia",manual,0.3,182.0,4.0,SGC,,0.0,0.0,6.0,,,,,,,,,,2.2717,Senel et al.: Mw=0.8095 ML+1.3003 (3.3<=ML<=6.6),,extrapolada,,,principal,,
SGC,SGC2015zllibe,,2015-12-23T17:56:21+00:00,2.604,-75.111,4.0,2.0,ML,"Algeciras - Huila, Colombia",manual,0.5,98.0,11.0,SGC,,0.0,0.0,5.0,,,,,,,,,,2.9193,Senel et al.: Mw=0.8095 ML+1.3003 (3.3<=ML<=6.6),,extrapolada,,,principal,,
SGC,SGC2015rvrjwm,,2015-12-26T19:44:53+00:00,2.534,-75.371,22.0,2.1,ML,"Algeciras - Huila, Colombia",manual,0.5,92.0,11.0,SGC,,0.0,0.0,3.0,,,,,,,,,,3.0002500000000003,Senel et al.: Mw=0.8095 ML+1.3003 (3.3<=ML<=6.6),,extrapolada,,,principal,,
SGC,SGC2015qlqfvc,,2015-12-29T09:00:19+00:00,2.955,-75.371,11.0,1.8,ML,"Palermo - Huila, Colombia",manual,0.4,85.0,11.0,SGC,,0.0,0.0,3.0,,,,,,,,,,2.7574,Senel et al.: Mw=0.8095 ML+1.3003 (3.3<=ML<=6.6),,extrapolada,,,principal,,
SGC,SGC2016kcooyz,,2016-01-02T19:34:53+00:00,2.657,-75.073,4.0,1.5,ML,"Rivera - Huila, Colombia",manual,0.3,102.0,8.0,SGC,,0.0,0.0,6.0,,,,,,,,,,2.51455,Senel et al.: Mw=0.8095 ML+1.3003 (3.3<=ML<=6.6),,extrapolada,,,principal,,
SGC,SGC2016xmklex,,2016-01-03T03:41:49+00:00,2.703,-75.069,5.0,1.5,ML,"Rivera - Huila, Colombia",manual,0.4,104.0,9.0,SGC,,0.0,0.0,5.0,,,,,,,,,,2.51455,Senel et al.: Mw=0.8095 ML+1.3003 (3.3<=ML<=6.6),,extrapolada,,,principal,,
SGC,SGC2016hpjtmo,,2016-01-05T08:21:07+00:00,2.653,-75.064,0.0,3.6,MW,"Rivera - Huila, Colombia",manual,0.6,62.0,23.0,SGC,,0.0,0.0,4.0,,,,,,,,,,3.6,directa: MW,0.0,directa,,,principal,,
SGC,SGC2016gvozgg,,2016-01-09T15:44:09+00:00,2.803,-75.19,16.0,1.4,ML,"Rivera - Huila, Colombia",manual,0.3,230.0,4.0,SGC,,0.0,0.0,6.0,,,,,,,,,,2.4336,Senel et al.: Mw=0.8095 ML+1.3003 (3.3<=ML<=6.6),,extrapolada,,,principal,,
SGC,SGC2016yygtwv,,2016-01-10T13:54:58+00:00,2.719,-75.03,6.0,1.8,ML,"Rivera - Huila, Colombia",manual,0.2,201.0,5.0,SGC,,0.0,0.1,7.0,,,,,,,,,,2.7574,Senel et al.: Mw=0.8095 ML+1.3003 (3.3<=ML<=6.6),,extrapolada,,,principal,,
SGC,SGC2016hoggbe,,2016-01-13T15:26:05+00:00,2.721,-75.07,4.0,2.1,ML,"Rivera - Huila, Colombia",manual,0.3,197.0,10.0,SGC,,0.0,0.0,3.0,,,,,,,,,,3.0002500000000003,Senel et al.: Mw=0.8095 ML+1.3003 (3.3<=ML<=6.6),,extrapolada,,,principal,,
SGC,SGC2016svptal,,2016-01-16T06:27:57+00:00,2.684,-75.043,6.0,2.0,ML,"Rivera - Huila, Colombia",manual,0.4,105.0,12.0,SGC,,0.0,0.0,5.0,,,,,,,,,,2.9193,Senel et al.: Mw=0.8095 ML+1.3003 (3.3<=ML<=6.6),,extrapolada,,,principal,,
SGC,SGC2016ltjxft,,2016-01-18T02:25:04+00:00,2.499,-75.371,18.0,1.4,ML,"Algeciras - Huila, Colombia",manual,0.4,192.0,5.0,SGC,,0.0,0.0,6.0,,,,,,,,,,2.4336,Senel et al.: Mw=0.8095 ML+1.3003 (3.3<=ML<=6.6),,extrapolada,,,principal,,
SGC,SGC2016wrwspo,,2016-01-19T08:17:05+00:00,2.55,-75.352,3.0,1.3,ML,"Algeciras - Huila, Colombia",manual,0.2,197.0,4.0,SGC,,0.0,0.0,4.0,,,,,,,,,,2.35265,Senel et al.: Mw=0.8095 ML+1.3003 (3.3<=ML<=6.6),,extrapolada,,,principal,,
SGC,SGC2016luwoni,,2016-01-27T20:54:33+00:00,3.007,-74.87,0.0,1.0,ML,"Baraya - Huila, Colombia",manual,0.4,211.0,5.0,SGC,,0.0,0.0,6.0,,,,,,,,,,2.1098,Senel et al.: Mw=0.8095 ML+1.3003 (3.3<=ML<=6.6),,extrapolada,,,principal,,
SGC,SGC2016vckxxp,,2016-02-01T00:47:19+00:00,2.477,-75.301,7.0,1.3,ML,"Algeciras - Huila, Colombia",manual,0.4,148.0,5.0,SGC,,0.0,0.1,10.0,,,,,,,,,,2.35265,Senel et al.: Mw=0.8095 ML+1.3003 (3.3<=ML<=6.6),,extrapolada,,,principal,,
SGC,SGC2016fjglnv,,2016-02-01T06:31:29+00:00,2.541,-75.341,11.0,1.5,ML,"Algeciras - Huila, Colombia",manual,0.3,177.0,6.0,SGC,,0.0,0.0,5.0,,,,,,,,,,2.51455,Senel et al.: Mw=0.8095 ML+1.3003 (3.3<=ML<=6.6),,extrapolada,,,principal,,
SGC,SGC2016qnsvnk,,2016-02-06T20:05:46+00:00,2.726,-75.025,4.0,1.8,ML,"Rivera - Huila, Colombia",manual,0.4,93.0,7.0,SGC,,0.0,0.0,6.0,,,,,,,,,,2.7574,Senel et al.: Mw=0.8095 ML+1.3003 (3.3<=ML<=6.6),,extrapolada,,,principal,,
SGC,SGC2016jlmmub,,2016-02-08T08:58:36+00:00,3.244,-75.225,6.0,1.8,ML,"Aipe - Huila, Colombia",manual,0.2,196.0,6.0,SGC,,0.0,0.0,5.0,,,,,,,,,,2.7574,Senel et al.: Mw=0.8095 ML+1.3003 (3.3<=ML<=6.6),,extrapolada,,,principal,,
SGC,SGC2016rjvnbj,,2016-02-08T16:16:19+00:00,2.739,-75.675,4.0,1.9,ML,"Íquira - Huila, Colombia",manual,0.3,73.0,9.0,SGC,,0.0,0.0,3.0,,,,,,,,,,2.83835,Senel et al.: Mw=0.8095 ML+1.3003 (3.3<=ML<=6.6),,extrapolada,,,principal,,
SGC,SGC2016ktbxiv,,2016-02-10T15:46:54+00:00,2.792,-75.149,15.0,1.3,ML,"Rivera - Huila, Colombia",manual,0.4,215.0,5.0,SGC,,0.0,0.0,6.0,,,,,,,,,,2.35265,Senel et al.: Mw=0.8095 ML+1.3003 (3.3<=ML<=6.6),,extrapolada,,,principal,,
SGC,SGC2016wdtfuv,,2016-02-16T02:51:42+00:00,2.585,-75.144,4.0,2.1,ML,"Algeciras - Huila, Colombia",manual,0.4,113.0,9.0,SGC,,0.0,0.0,6.0,,,,,,,,,,3.0002500000000003,Senel et al.: Mw=0.8095 ML+1.3003 (3.3<=ML<=6.6),,extrapolada,,,principal,,
SGC,SGC2016nxnwzo,,2016-02-19T20:04:46+00:00,3.096,-75.054,4.0,1.9,ML,"Baraya - Huila, Colombia",manual,0.5,87.0,12.0,SGC,,0.0,0.0,5.0,,,,,,,,,,2.83835,Senel et al.: Mw=0.8095 ML+1.3003 (3.3<=ML<=6.6),,extrapolada,,,principal,,
SGC,SGC2016qxvwmq,,2016-03-03T19:38:30+00:00,2.671,-75.06,8.0,1.8,ML,"Rivera - Huila, Colombia",manual,0.5,122.0,10.0,SGC,,0.0,0.0,6.0,,,,,,,,,,2.7574,Senel et al.: Mw=0.8095 ML+1.3003 (3.3<=ML<=6.6),,extrapolada,,,principal,,
SGC,SGC2016rcdqvs,,2016-03-05T13:50:39+00:00,2.872,-74.879,8.0,2.0,ML,"Tello - Huila, Colombia",manual,0.4,178.0,8.0,SGC,,0.0,0.0,5.0,,,,,,,,,,2.9193,Senel et al.: Mw=0.8095 ML+1.3003 (3.3<=ML<=6.6),,extrapolada,,,principal,,
SGC,SGC2016frvthn,,2016-03-10T07:32:25+00:00,2.72,-75.052,3.0,1.6,ML,"Rivera - Huila, Colombia",manual,0.4,217.0,6.0,SGC,,0.0,0.0,7.0,,,,,,,,,,2.5955000000000004,Senel et al.: Mw=0.8095 ML+1.3003 (3.3<=ML<=6.6),,extrapolada,,,principal,,
SGC,SGC2016ssdndy,,2016-03-23T18:54:33+00:00,2.588,-75.458,15.0,1.5,ML,"Hobo - Huila, Colombia",manual,0.4,168.0,5.0,SGC,,0.0,0.0,4.0,,,,,,,,,,2.51455,Senel et al.: Mw=0.8095 ML+1.3003 (3.3<=ML<=6.6),,extrapolada,,,principal,,
SGC,SGC2016lwwrkz,,2016-03-24T22:05:52+00:00,2.605,-75.111,8.0,1.6,ML,"Algeciras - Huila, Colombia",manual,0.3,152.0,5.0,SGC,,0.0,0.0,9.0,,,,,,,,,,2.5955000000000004,Senel et al.: Mw=0.8095 ML+1.3003 (3.3<=ML<=6.6),,extrapolada,,,principal,,
SGC,SGC2016gyocqh,,2016-03-29T01:03:53+00:00,3.25,-75.401,11.0,2.3,ML,"Aipe - Huila, Colombia",manual,0.5,67.0,16.0,SGC,,0.0,0.0,4.0,,,,,,,,,,3.16215,Senel et al.: Mw=0.8095 ML+1.3003 (3.3<=ML<=6.6),,extrapolada,,,principal,,
SGC,SGC2016vmlhdl,,2016-03-31T13:55:37+00:00,2.525,-75.452,0.0,1.9,ML,"Hobo - Huila, Colombia",manual,0.4,179.0,7.0,SGC,,0.0,0.0,5.0,,,,,,,,,,2.83835,Senel et al.: Mw=0.8095 ML+1.3003 (3.3<=ML<=6.6),,extrapolada,,,principal,,
SGC,SGC2016jaszqi,,2016-04-06T21:10:25+00:00,3.093,-75.117,17.0,1.5,ML,"Tello - Huila, Colombia",manual,0.4,212.0,5.0,SGC,,0.0,0.1,4.0,,,,,,,,,,2.51455,Senel et al.: Mw=0.8095 ML+1.3003 (3.3<=ML<=6.6),,extrapolada,,,principal,,
SGC,SGC2016gopljf,,2016-04-22T20:14:50+00:00,3.188,-75.169,15.0,1.5,ML,"Villavieja - Huila, Colombia",manual,0.2,204.0,4.0,SGC,,0.0,0.0,3.0,,,,,,,,,,2.51455,Senel et al.: Mw=0.8095 ML+1.3003 (3.3<=ML<=6.6),,extrapolada,,,principal,,
SGC,SGC2016awtktd,,2016-04-23T00:27:02+00:00,2.752,-75.005,4.0,1.6,ML,"Rivera - Huila, Colombia",manual,0.4,129.0,7.0,SGC,,0.0,0.0,4.0,,,,,,,,,,2.5955000000000004,Senel et al.: Mw=0.8095 ML+1.3003 (3.3<=ML<=6.6),,extrapolada,,,principal,,
SGC,SGC2016tmpdew,,2016-04-23T04:23:36+00:00,3.299,-75.37,13.0,1.7,ML,"Aipe - Huila, Colombia",manual,0.4,115.0,9.0,SGC,,0.0,0.0,4.0,,,,,,,,,,2.67645,Senel et al.: Mw=0.8095 ML+1.3003 (3.3<=ML<=6.6),,extrapolada,,,principal,,
SGC,SGC2016edoqlm,,2016-04-25T04:36:21+00:00,2.701,-75.015,5.0,1.6,ML,"Rivera - Huila, Colombia",manual,0.5,108.0,9.0,SGC,,0.0,0.0,6.0,,,,,,,,,,2.5955000000000004,Senel et al.: Mw=0.8095 ML+1.3003 (3.3<=ML<=6.6),,extrapolada,,,principal,,
SGC,SGC2016rcyezk,,2016-04-26T05:20:54+00:00,2.571,-75.326,13.0,1.1,ML,"Algeciras - Huila, Colombia",manual,0.4,173.0,5.0,SGC,,0.0,0.0,6.0,,,,,,,,,,2.19075,Senel et al.: Mw=0.8095 ML+1.3003 (3.3<=ML<=6.6),,extrapolada,,,principal,,
SGC,SGC2016igpflt,,2016-05-10T19:50:06+00:00,2.691,-74.991,4.0,1.6,ML,"Rivera - Huila, Colombia",manual,0.2,110.0,6.0,SGC,,0.0,0.0,4.0,,,,,,,,,,2.5955000000000004,Senel et al.: Mw=0.8095 ML+1.3003 (3.3<=ML<=6.6),,extrapolada,,,principal,,
SGC,SGC2016axhshi,,2016-05-12T20:17:49+00:00,2.688,-75.066,4.0,1.4,ML,"Rivera - Huila, Colombia",manual,0.3,141.0,6.0,SGC,,0.0,0.0,5.0,,,,,,,,,,2.4336,Senel et al.: Mw=0.8095 ML+1.3003 (3.3<=ML<=6.6),,extrapolada,,,principal,,
SGC,SGC2016afagdc,,2016-05-20T16:09:26+00:00,2.692,-75.067,2.0,1.3,ML,"Rivera - Huila, Colombia",manual,0.3,198.0,5.0,SGC,,0.0,0.0,5.0,,,,,,,,,,2.35265,Senel et al.: Mw=0.8095 ML+1.3003 (3.3<=ML<=6.6),,extrapolada,,,principal,,
SGC,SGC2016hbmoea,,2016-05-21T22:24:12+00:00,2.58,-75.246,19.0,1.6,ML,"Algeciras - Huila, Colombia",manual,0.3,195.0,4.0,SGC,,0.0,0.1,8.0,,,,,,,,,,2.5955000000000004,Senel et al.: Mw=0.8095 ML+1.3003 (3.3<=ML<=6.6),,extrapolada,,,principal,,
SGC,SGC2016rmmvnx,,2016-05-30T12:01:27+00:00,2.845,-75.024,4.0,1.8,ML,"Rivera - Huila, Colombia",manual,0.5,198.0,8.0,SGC,,0.0,0.1,7.0,,,,,,,,,,2.7574,Senel et al.: Mw=0.8095 ML+1.3003 (3.3<=ML<=6.6),,extrapolada,,,principal,,
SGC,SGC2016emoxxt,,2016-06-05T02:10:12+00:00,2.742,-75.008,3.0,2.1,ML,"Rivera - Huila, Colombia",manual,0.3,177.0,9.0,SGC,,0.0,0.0,4.0,,,,,,,,,,3.0002500000000003,Senel et al.: Mw=0.8095 ML+1.3003 (3.3<=ML<=6.6),,extrapolada,,,principal,,
SGC,SGC2016qhrmrq,,2016-06-05T16:43:04+00:00,2.86,-74.878,4.0,2.0,ML,"Tello - Huila, Colombia",manual,0.4,92.0,10.0,SGC,,0.0,0.0,4.0,,,,,,,,,,2.9193,Senel et al.: Mw=0.8095 ML+1.3003 (3.3<=ML<=6.6),,extrapolada,,,principal,,
SGC,SGC2016pskadu,,2016-06-06T21:20:44+00:00,3.19,-74.931,0.0,2.5,ML,"Baraya - Huila, Colombia",manual,0.4,99.0,22.0,SGC,,0.0,0.0,4.0,,,,,,,,,,3.32405,Senel et al.: Mw=0.8095 ML+1.3003 (3.3<=ML<=6.6),,extrapolada,,,principal,,
SGC,SGC2016tziyml,,2016-06-08T08:05:38+00:00,2.994,-74.934,0.0,1.8,ML,"Baraya - Huila, Colombia",manual,0.6,257.0,5.0,SGC,,0.1,0.0,9.0,,,,,,,,,,2.7574,Senel et al.: Mw=0.8095 ML+1.3003 (3.3<=ML<=6.6),,extrapolada,,,principal,,
SGC,SGC2016ifxyuk,,2016-06-08T11:40:54+00:00,2.68,-74.992,4.0,1.4,ML,"Rivera - Huila, Colombia",manual,0.3,141.0,5.0,SGC,,0.0,0.0,4.0,,,,,,,,,,2.4336,Senel et al.: Mw=0.8095 ML+1.3003 (3.3<=ML<=6.6),,extrapolada,,,principal,,
SGC,SGC2016yrxyrd,,2016-06-11T16:05:16+00:00,2.902,-75.129,14.0,1.9,ML,"Neiva - Huila, Colombia",manual,0.3,104.0,10.0,SGC,,0.0,0.0,3.0,,,,,,,,,,2.83835,Senel et al.: Mw=0.8095 ML+1.3003 (3.3<=ML<=6.6),,extrapolada,,,principal,,
SGC,SGC2016drwhkc,,2016-06-12T03:28:45+00:00,2.683,-75.356,3.0,1.6,ML,"Campoalegre - Huila, Colombia",manual,0.3,171.0,8.0,SGC,,0.0,0.0,4.0,,,,,,,,,,2.5955000000000004,Senel et al.: Mw=0.8095 ML+1.3003 (3.3<=ML<=6.6),,extrapolada,,,principal,,
SGC,SGC2016okppaw,,2016-06-20T22:55:50+00:00,2.726,-75.096,16.0,1.3,ML,"Rivera - Huila, Colombia",manual,0.2,194.0,4.0,SGC,,0.0,0.1,5.0,,,,,,,,,,2.35265,Senel et al.: Mw=0.8095 ML+1.3003 (3.3<=ML<=6.6),,extrapolada,,,principal,,
SGC,SGC2016nqlhwb,,2016-06-25T10:48:16+00:00,2.902,-74.844,10.0,1.4,ML,"Baraya - Huila, Colombia",manual,0.3,215.0,5.0,SGC,,0.0,0.1,8.0,,,,,,,,,,2.4336,Senel et al.: Mw=0.8095 ML+1.3003 (3.3<=ML<=6.6),,extrapolada,,,principal,,
SGC,SGC2016xfivqo,,2016-06-28T02:00:55+00:00,2.685,-75.124,0.0,1.1,ML,"Rivera - Huila, Colombia",manual,0.3,193.0,5.0,SGC,,0.0,0.0,6.0,,,,,,,,,,2.19075,Senel et al.: Mw=0.8095 ML+1.3003 (3.3<=ML<=6.6),,extrapolada,,,principal,,
SGC,SGC2016uajncy,,2016-07-14T00:43:35+00:00,2.924,-74.89,4.0,1.3,ML,"Baraya - Huila, Colombia",manual,0.5,126.0,9.0,SGC,,0.0,0.0,5.0,,,,,,,,,,2.35265,Senel et al.: Mw=0.8095 ML+1.3003 (3.3<=ML<=6.6),,extrapolada,,,principal,,
SGC,SGC2016qfqmgi,,2016-07-15T03:25:08+00:00,2.784,-74.953,5.0,2.4,ML,"Rivera - Huila, Colombia",manual,0.6,86.0,21.0,SGC,,0.0,0.0,5.0,,,,,,,,,,3.2431,Senel et al.: Mw=0.8095 ML+1.3003 (3.3<=ML<=6.6),,extrapolada,,,principal,,
SGC,SGC2016rldphe,,2016-07-15T18:22:28+00:00,2.708,-75.011,9.0,1.5,ML,"Rivera - Huila, Colombia",manual,0.3,109.0,6.0,SGC,,0.0,0.0,4.0,,,,,,,,,,2.51455,Senel et al.: Mw=0.8095 ML+1.3003 (3.3<=ML<=6.6),,extrapolada,,,principal,,
SGC,SGC2016qnysws,,2016-07-18T07:12:17+00:00,2.69,-74.996,10.0,2.3,ML,"Rivera - Huila, Colombia",manual,0.3,96.0,9.0,SGC,,0.0,0.0,5.0,,,,,,,,,,3.16215,Senel et al.: Mw=0.8095 ML+1.3003 (3.3<=ML<=6.6),,extrapolada,,,principal,,
SGC,SGC2016aihdeb,,2016-07-21T08:07:05+00:00,2.75,-75.022,5.0,2.3,ML,"Rivera - Huila, Colombia",manual,0.2,200.0,6.0,SGC,,0.0,0.0,4.0,,,,,,,,,,3.16215,Senel et al.: Mw=0.8095 ML+1.3003 (3.3<=ML<=6.6),,extrapolada,,,principal,,
SGC,SGC2016yklajj,,2016-07-22T20:30:09+00:00,2.701,-75.086,19.0,1.7,ML,"Rivera - Huila, Colombia",manual,0.3,153.0,4.0,SGC,,0.0,0.0,5.0,,,,,,,,,,2.67645,Senel et al.: Mw=0.8095 ML+1.3003 (3.3<=ML<=6.6),,extrapolada,,,principal,,
SGC,SGC2016rzisox,,2016-08-12T01:03:48+00:00,2.607,-75.157,4.0,2.7,ML,"Algeciras - Huila, Colombia",manual,0.6,97.0,17.0,SGC,,0.0,0.0,5.0,,,,,,,,,,3.4859500000000003,Senel et al.: Mw=0.8095 ML+1.3003 (3.3<=ML<=6.6),,extrapolada,,,principal,,
SGC,SGC2016kcdvjm,,2016-08-14T22:39:08+00:00,2.708,-75.038,4.0,1.7,ML,"Rivera - Huila, Colombia",manual,0.4,94.0,6.0,SGC,,0.0,0.0,5.0,,,,,,,,,,2.67645,Senel et al.: Mw=0.8095 ML+1.3003 (3.3<=ML<=6.6),,extrapolada,,,principal,,
SGC,SGC2016feywei,,2016-08-16T16:24:30+00:00,2.865,-74.878,0.0,2.3,ML,"Tello - Huila, Colombia",manual,0.3,179.0,6.0,SGC,,0.0,0.0,4.0,,,,,,,,,,3.16215,Senel et al.: Mw=0.8095 ML+1.3003 (3.3<=ML<=6.6),,extrapolada,,,principal,,
SGC,SGC2016qcvakc,,2016-08-17T00:16:29+00:00,2.628,-74.973,4.0,1.7,ML,"Rivera - Huila, Colombia",manual,0.5,108.0,7.0,SGC,,0.0,0.0,8.0,,,,,,,,,,2.67645,Senel et al.: Mw=0.8095 ML+1.3003 (3.3<=ML<=6.6),,extrapolada,,,principal,,
SGC,SGC2016avevbx,,2016-08-24T00:34:51+00:00,2.698,-74.979,4.0,1.5,ML,"Rivera - Huila, Colombia",manual,0.5,111.0,9.0,SGC,,0.0,0.0,5.0,,,,,,,,,,2.51455,Senel et al.: Mw=0.8095 ML+1.3003 (3.3<=ML<=6.6),,extrapolada,,,principal,,
SGC,SGC2016halbsq,,2016-09-02T22:50:18+00:00,2.55,-75.334,23.0,1.3,ML,"Algeciras - Huila, Colombia",manual,0.4,263.0,5.0,SGC,,0.0,0.1,3.0,,,,,,,,,,2.35265,Senel et al.: Mw=0.8095 ML+1.3003 (3.3<=ML<=6.6),,extrapolada,,,principal,,
SGC,SGC2016knqeyr,,2016-09-04T20:29:54+00:00,3.123,-75.271,4.0,2.1,ML,"Aipe - Huila, Colombia",manual,0.4,127.0,9.0,SGC,,0.0,0.0,4.0,,,,,,,,,,3.0002500000000003,Senel et al.: Mw=0.8095 ML+1.3003 (3.3<=ML<=6.6),,extrapolada,,,principal,,
SGC,SGC2016apinns,,2016-09-07T08:28:21+00:00,2.736,-75.014,4.0,1.7,ML,"Rivera - Huila, Colombia",manual,0.3,200.0,5.0,SGC,,0.0,0.0,5.0,,,,,,,,,,2.67645,Senel et al.: Mw=0.8095 ML+1.3003 (3.3<=ML<=6.6),,extrapolada,,,principal,,
SGC,SGC2016wotvoj,,2016-09-17T20:45:45+00:00,2.72,-75.082,4.0,1.4,ML,"Rivera - Huila, Colombia",manual,0.3,197.0,5.0,SGC,,0.0,0.0,4.0,,,,,,,,,,2.4336,Senel et al.: Mw=0.8095 ML+1.3003 (3.3<=ML<=6.6),,extrapolada,,,principal,,
SGC,SGC2016vfrrst,,2016-09-19T02:21:57+00:00,2.579,-75.341,28.0,1.1,ML,"Algeciras - Huila, Colombia",manual,0.3,264.0,4.0,SGC,,0.0,0.1,4.0,,,,,,,,,,2.19075,Senel et al.: Mw=0.8095 ML+1.3003 (3.3<=ML<=6.6),,extrapolada,,,principal,,
SGC,SGC2016sawolw,,2016-09-22T00:03:30+00:00,2.488,-75.299,26.0,1.0,ML,"Algeciras - Huila, Colombia",manual,0.3,263.0,4.0,SGC,,0.0,0.1,4.0,,,,,,,,,,2.1098,Senel et al.: Mw=0.8095 ML+1.3003 (3.3<=ML<=6.6),,extrapolada,,,principal,,
SGC,SGC2016wifxnb,,2016-09-26T04:31:10+00:00,3.128,-75.301,2.0,2.7,ML,"Aipe - Huila, Colombia",manual,0.5,120.0,26.0,SGC,,0.0,0.0,4.0,,,,,,,,,,3.4859500000000003,Senel et al.: Mw=0.8095 ML+1.3003 (3.3<=ML<=6.6),,extrapolada,,,principal,,
SGC,SGC2016cjejfr,,2016-09-27T10:14:26+00:00,2.659,-75.102,14.0,1.6,ML,"Rivera - Huila, Colombia",manual,0.5,190.0,5.0,SGC,,0.0,0.0,8.0,,,,,,,,,,2.5955000000000004,Senel et al.: Mw=0.8095 ML+1.3003 (3.3<=ML<=6.6),,extrapolada,,,principal,,
SGC,SGC2016rdmrfl,,2016-09-29T21:36:17+00:00,2.721,-75.022,4.0,1.8,ML,"Rivera - Huila, Colombia",manual,0.5,108.0,9.0,SGC,,0.0,0.0,5.0,,,,,,,,,,2.7574,Senel et al.: Mw=0.8095 ML+1.3003 (3.3<=ML<=6.6),,extrapolada,,,principal,,
SGC,SGC2016obedkt,,2016-09-30T03:35:02+00:00,2.51,-75.237,6.0,1.1,ML,"Algeciras - Huila, Colombia",manual,0.3,100.0,7.0,SGC,,0.0,0.0,7.0,,,,,,,,,,2.19075,Senel et al.: Mw=0.8095 ML+1.3003 (3.3<=ML<=6.6),,extrapolada,,,principal,,
SGC,SGC2016gmxcwv,,2016-10-01T04:22:36+00:00,2.707,-75.064,4.0,1.7,ML,"Rivera - Huila, Colombia",manual,0.4,219.0,10.0,SGC,,0.0,0.0,5.0,,,,,,,,,,2.67645,Senel et al.: Mw=0.8095 ML+1.3003 (3.3<=ML<=6.6),,extrapolada,,,principal,,
SGC,SGC2016cjvwkl,,2016-10-13T00:11:25+00:00,2.616,-75.106,4.0,2.5,ML,"Rivera - Huila, Colombia",manual,0.7,155.0,22.0,SGC,,0.0,0.1,7.0,,,,,,,,,,3.32405,Senel et al.: Mw=0.8095 ML+1.3003 (3.3<=ML<=6.6),,extrapolada,,,principal,,
SGC,SGC2016xueota,,2016-10-23T03:29:46+00:00,2.666,-75.065,3.0,1.0,ML,"Rivera - Huila, Colombia",manual,0.2,199.0,7.0,SGC,,0.0,0.0,4.0,,,,,,,,,,2.1098,Senel et al.: Mw=0.8095 ML+1.3003 (3.3<=ML<=6.6),,extrapolada,,,principal,,
SGC,SGC2016mvbfuq,,2016-10-29T11:26:09+00:00,2.93,-74.859,10.0,1.3,ML,"Baraya - Huila, Colombia",manual,0.1,177.0,4.0,SGC,,0.0,0.0,2.0,,,,,,,,,,2.35265,Senel et al.: Mw=0.8095 ML+1.3003 (3.3<=ML<=6.6),,extrapolada,,,principal,,
SGC,SGC2016arotag,,2016-11-01T03:53:27+00:00,2.831,-74.885,4.0,1.7,ML,"Tello - Huila, Colombia",manual,0.4,91.0,10.0,SGC,,0.0,0.0,7.0,,,,,,,,,,2.67645,Senel et al.: Mw=0.8095 ML+1.3003 (3.3<=ML<=6.6),,extrapolada,,,principal,,
SGC,SGC2016leqvtl,,2016-11-03T06:05:50+00:00,2.978,-74.937,9.0,2.0,ML,"Baraya - Huila, Colombia",manual,0.4,171.0,6.0,SGC,,0.0,0.0,6.0,,,,,,,,,,2.9193,Senel et al.: Mw=0.8095 ML+1.3003 (3.3<=ML<=6.6),,extrapolada,,,principal,,
SGC,SGC2016nizdmv,,2016-11-08T16:05:49+00:00,2.991,-74.851,4.0,1.8,ML,"Baraya - Huila, Colombia",manual,0.4,239.0,6.0,SGC,,0.0,0.1,9.0,,,,,,,,,,2.7574,Senel et al.: Mw=0.8095 ML+1.3003 (3.3<=ML<=6.6),,extrapolada,,,principal,,
SGC,SGC2016apdufg,,2016-11-10T08:01:23+00:00,2.756,-75.074,2.0,1.5,ML,"Rivera - Huila, Colombia",manual,0.2,241.0,5.0,SGC,,0.0,0.0,5.0,,,,,,,,,,2.51455,Senel et al.: Mw=0.8095 ML+1.3003 (3.3<=ML<=6.6),,extrapolada,,,principal,,
SGC,SGC2016hbvems,,2016-11-14T08:46:17+00:00,2.917,-74.843,2.0,2.2,ML,"Baraya - Huila, Colombia",manual,0.5,95.0,12.0,SGC,,0.0,0.0,4.0,,,,,,,,,,3.0812,Senel et al.: Mw=0.8095 ML+1.3003 (3.3<=ML<=6.6),,extrapolada,,,principal,,
SGC,SGC2016akmjtd,,2016-11-16T11:38:50+00:00,2.573,-75.369,22.0,1.2,ML,"Algeciras - Huila, Colombia",manual,0.3,193.0,4.0,SGC,,0.0,0.0,2.0,,,,,,,,,,2.2717,Senel et al.: Mw=0.8095 ML+1.3003 (3.3<=ML<=6.6),,extrapolada,,,principal,,
SGC,SGC2016khalsn,,2016-11-20T20:57:57+00:00,2.708,-74.987,4.0,0.9,ML,"Rivera - Huila, Colombia",manual,0.3,205.0,4.0,SGC,,0.0,0.1,6.0,,,,,,,,,,2.0288500000000003,Senel et al.: Mw=0.8095 ML+1.3003 (3.3<=ML<=6.6),,extrapolada,,,principal,,
SGC,SGC2016cwvxkt,,2016-11-21T05:30:45+00:00,2.677,-75.089,14.0,1.3,ML,"Rivera - Huila, Colombia",manual,0.3,196.0,5.0,SGC,,0.0,0.0,4.0,,,,,,,,,,2.35265,Senel et al.: Mw=0.8095 ML+1.3003 (3.3<=ML<=6.6),,extrapolada,,,principal,,
SGC,SGC2016qjcesa,,2016-11-23T19:00:09+00:00,3.034,-75.073,10.0,1.4,ML,"Tello - Huila, Colombia",manual,0.7,186.0,9.0,SGC,,0.0,0.1,7.0,,,,,,,,,,2.4336,Senel et al.: Mw=0.8095 ML+1.3003 (3.3<=ML<=6.6),,extrapolada,,,principal,,
SGC,SGC2016ppjmwr,,2016-11-26T02:31:02+00:00,2.626,-75.155,14.0,1.3,ML,"Campoalegre - Huila, Colombia",manual,0.2,192.0,5.0,SGC,,0.0,0.0,5.0,,,,,,,,,,2.35265,Senel et al.: Mw=0.8095 ML+1.3003 (3.3<=ML<=6.6),,extrapolada,,,principal,,
SGC,SGC2016yywbug,,2016-11-26T04:11:43+00:00,3.059,-74.895,4.0,1.9,ML,"Baraya - Huila, Colombia",manual,0.5,171.0,12.0,SGC,,0.0,0.0,5.0,,,,,,,,,,2.83835,Senel et al.: Mw=0.8095 ML+1.3003 (3.3<=ML<=6.6),,extrapolada,,,principal,,
SGC,SGC2016kvyhwc,,2016-11-26T04:19:11+00:00,2.96,-74.885,4.0,1.5,ML,"Baraya - Huila, Colombia",manual,0.5,209.0,7.0,SGC,,0.0,0.1,8.0,,,,,,,,,,2.51455,Senel et al.: Mw=0.8095 ML+1.3003 (3.3<=ML<=6.6),,extrapolada,,,principal,,
SGC,SGC2016xicfzu,,2016-11-26T11:49:14+00:00,2.621,-75.148,4.0,2.2,ML,"Campoalegre - Huila, Colombia",manual,0.3,193.0,10.0,SGC,,0.0,0.0,5.0,,,,,,,,,,3.0812,Senel et al.: Mw=0.8095 ML+1.3003 (3.3<=ML<=6.6),,extrapolada,,,principal,,
SGC,SGC2016syxoyw,,2016-11-28T10:04:51+00:00,3.021,-75.106,2.0,2.1,ML,"Tello - Huila, Colombia",manual,0.5,100.0,16.0,SGC,,0.0,0.0,4.0,,,,,,,,,,3.0002500000000003,Senel et al.: Mw=0.8095 ML+1.3003 (3.3<=ML<=6.6),,extrapolada,,,principal,,
SGC,SGC2016qkpesu,,2016-12-11T01:50:16+00:00,2.511,-75.395,11.0,1.9,ML,"Algeciras - Huila, Colombia",manual,0.5,92.0,10.0,SGC,,0.0,0.0,6.0,,,,,,,,,,2.83835,Senel et al.: Mw=0.8095 ML+1.3003 (3.3<=ML<=6.6),,extrapolada,,,principal,,
SGC,SGC2016ubvrqn,,2016-12-12T14:50:21+00:00,2.621,-75.177,16.0,1.7,ML,"Campoalegre - Huila, Colombia",manual,0.3,219.0,4.0,SGC,,0.0,0.0,7.0,,,,,,,,,,2.67645,Senel et al.: Mw=0.8095 ML+1.3003 (3.3<=ML<=6.6),,extrapolada,,,principal,,
SGC,SGC2016bkyuko,,2016-12-20T17:51:31+00:00,2.709,-75.049,3.0,1.5,ML,"Rivera - Huila, Colombia",manual,0.4,218.0,6.0,SGC,,0.0,0.0,6.0,,,,,,,,,,2.51455,Senel et al.: Mw=0.8095 ML+1.3003 (3.3<=ML<=6.6),,extrapolada,,,principal,,
SGC,SGC2016yknwqg,,2016-12-22T10:39:20+00:00,2.597,-75.378,16.0,1.4,ML,"Hobo - Huila, Colombia",manual,0.2,189.0,5.0,SGC,,0.0,0.0,6.0,,,,,,,,,,2.4336,Senel et al.: Mw=0.8095 ML+1.3003 (3.3<=ML<=6.6),,extrapolada,,,principal,,
SGC,SGC2016rzxcgw,,2016-12-22T20:13:01+00:00,3.15,-74.959,6.0,1.3,ML,"Baraya - Huila, Colombia",manual,0.5,164.0,5.0,SGC,,0.0,0.0,8.0,,,,,,,,,,2.35265,Senel et al.: Mw=0.8095 ML+1.3003 (3.3<=ML<=6.6),,extrapolada,,,principal,,
SGC,SGC2016uzxfhk,,2016-12-22T22:43:49+00:00,2.718,-75.673,4.0,4.4,MW,"Íquira - Huila, Colombia",manual,0.5,54.0,28.0,SGC,,0.0,0.0,3.0,,,,,,,,,,4.4,directa: MW,0.0,directa,,,principal,,
USGS,us10007m63,2016-12-23T03:43:51.310000Z,,2.6595,-75.5794,10.0,4.4,mb,"6 km E of Íquira, Colombia",reviewed,1.05,100.0,,,,,,,us,earthquake,7.7,1.9,0.112,23.0,us,us,2.507,4.76,Scordilis: Mw=0.85 mb+1.02 (3.5<=mb<=6.2),0.29,dentro_de_rango,8.079999999999998,17.599999999999998,principal,,
SGC,SGC2016iaukga,,2016-12-22T22:51:03+00:00,2.715,-75.662,4.0,2.4,ML,"Íquira - Huila, Colombia",manual,0.6,74.0,11.0,SGC,,0.0,0.0,6.0,,,,,,,,,,3.2431,Senel et al.: Mw=0.8095 ML+1.3003 (3.3<=ML<=6.6),,extrapolada,,,principal,,
SGC,SGC2016hckauj,,2016-12-22T22:58:36+00:00,2.705,-75.68,4.0,2.3,ML,"Íquira - Huila, Colombia",manual,0.4,90.0,9.0,SGC,,0.0,0.0,6.0,,,,,,,,,,3.16215,Senel et al.: Mw=0.8095 ML+1.3003 (3.3<=ML<=6.6),,extrapolada,,,principal,,
SGC,SGC2016vlgvix,,2016-12-23T00:43:10+00:00,2.722,-75.686,4.0,2.3,ML,"Íquira - Huila, Colombia",manual,0.4,87.0,10.0,SGC,,0.0,0.0,6.0,,,,,,,,,,3.16215,Senel et al.: Mw=0.8095 ML+1.3003 (3.3<=ML<=6.6),,extrapolada,,,principal,,
SGC,SGC2016viqfwc,,2016-12-23T04:57:47+00:00,2.673,-75.627,4.0,1.1,ML,"Íquira - Huila, Colombia",manual,0.6,147.0,5.0,SGC,,0.0,0.0,9.0,,,,,,,,,,2.19075,Senel et al.: Mw=0.8095 ML+1.3003 (3.3<=ML<=6.6),,extrapolada,,,principal,,
SGC,SGC2016mlwwzm,,2016-12-24T00:28:36+00:00,2.721,-75.688,14.0,1.8,ML,"Íquira - Huila, Colombia",manual,0.6,139.0,9.0,SGC,,0.0,0.0,11.0,,,,,,,,,,2.7574,Senel et al.: Mw=0.8095 ML+1.3003 (3.3<=ML<=6.6),,extrapolada,,,principal,,
SGC,SGC2016hzqhop,,2016-12-25T01:45:51+00:00,2.485,-75.362,27.0,1.2,ML,"Algeciras - Huila, Colombia",manual,0.4,297.0,4.0,SGC,,0.1,0.1,5.0,,,,,,,,,,2.2717,Senel et al.: Mw=0.8095 ML+1.3003 (3.3<=ML<=6.6),,extrapolada,,,principal,,
SGC,SGC2016buwskz,,2016-12-25T21:51:48+00:00,3.073,-74.963,0.0,1.2,ML,"Baraya - Huila, Colombia",manual,0.6,173.0,5.0,SGC,,0.0,0.1,8.0,,,,,,,,,,2.2717,Senel et al.: Mw=0.8095 ML+1.3003 (3.3<=ML<=6.6),,extrapolada,,,principal,,
SGC,SGC2017wortop,,2017-01-01T05:11:43+00:00,2.712,-75.042,5.0,1.6,ML,"Rivera - Huila, Colombia",manual,0.4,93.0,9.0,SGC,,0.0,0.0,5.0,,,,,,,,,,2.5955000000000004,Senel et al.: Mw=0.8095 ML+1.3003 (3.3<=ML<=6.6),,extrapolada,,,principal,,
SGC,SGC2017bdpgpg,,2017-01-01T05:12:38+00:00,2.705,-75.042,5.0,2.0,ML,"Rivera - Huila, Colombia",manual,0.4,94.0,11.0,SGC,,0.0,0.0,5.0,,,,,,,,,,2.9193,Senel et al.: Mw=0.8095 ML+1.3003 (3.3<=ML<=6.6),,extrapolada,,,principal,,
SGC,SGC2017xfqioa,,2017-01-01T19:21:56+00:00,3.105,-75.185,4.0,1.6,ML,"Tello - Huila, Colombia",manual,0.5,130.0,11.0,SGC,,0.0,0.0,5.0,,,,,,,,,,2.5955000000000004,Senel et al.: Mw=0.8095 ML+1.3003 (3.3<=ML<=6.6),,extrapolada,,,principal,,
SGC,SGC2017nrgolo,,2017-01-03T23:19:53+00:00,3.154,-74.923,6.0,1.7,ML,"Baraya - Huila, Colombia",manual,0.8,166.0,8.0,SGC,,0.0,0.1,9.0,,,,,,,,,,2.67645,Senel et al.: Mw=0.8095 ML+1.3003 (3.3<=ML<=6.6),,extrapolada,,,principal,,
SGC,SGC2017weebqu,,2017-01-05T11:02:56+00:00,2.726,-75.686,4.0,1.6,ML,"Íquira - Huila, Colombia",manual,0.3,158.0,5.0,SGC,,0.0,0.0,5.0,,,,,,,,,,2.5955000000000004,Senel et al.: Mw=0.8095 ML+1.3003 (3.3<=ML<=6.6),,extrapolada,,,principal,,
SGC,SGC2017glhdqi,,2017-01-07T02:15:35+00:00,2.69,-75.316,11.0,1.2,ML,"Campoalegre - Huila, Colombia",manual,0.3,107.0,7.0,SGC,,0.0,0.0,8.0,,,,,,,,,,2.2717,Senel et al.: Mw=0.8095 ML+1.3003 (3.3<=ML<=6.6),,extrapolada,,,principal,,
SGC,SGC2017xbxncu,,2017-01-08T15:48:57+00:00,2.625,-75.167,3.0,1.8,ML,"Campoalegre - Huila, Colombia",manual,0.4,169.0,8.0,SGC,,0.0,0.0,4.0,,,,,,,,,,2.7574,Senel et al.: Mw=0.8095 ML+1.3003 (3.3<=ML<=6.6),,extrapolada,,,principal,,
SGC,SGC2017qejpbg,,2017-01-15T13:31:35+00:00,2.625,-75.602,11.0,1.5,ML,"Íquira - Huila, Colombia",manual,0.4,150.0,7.0,SGC,,0.0,0.0,8.0,,,,,,,,,,2.51455,Senel et al.: Mw=0.8095 ML+1.3003 (3.3<=ML<=6.6),,extrapolada,,,principal,,
SGC,SGC2017vtplbv,,2017-01-22T04:44:18+00:00,2.659,-75.061,5.0,1.7,ML,"Rivera - Huila, Colombia",manual,0.5,96.0,9.0,SGC,,0.0,0.0,6.0,,,,,,,,,,2.67645,Senel et al.: Mw=0.8095 ML+1.3003 (3.3<=ML<=6.6),,extrapolada,,,principal,,
SGC,SGC2017glizbc,,2017-01-22T17:13:34+00:00,3.02,-74.853,4.0,2.0,ML,"Baraya - Huila, Colombia",manual,0.4,96.0,9.0,SGC,,0.0,0.0,5.0,,,,,,,,,,2.9193,Senel et al.: Mw=0.8095 ML+1.3003 (3.3<=ML<=6.6),,extrapolada,,,principal,,
SGC,SGC2017gncrwe,,2017-01-25T07:43:54+00:00,2.736,-75.103,6.0,2.0,ML,"Rivera - Huila, Colombia",manual,0.2,213.0,6.0,SGC,,0.0,0.0,4.0,,,,,,,,,,2.9193,Senel et al.: Mw=0.8095 ML+1.3003 (3.3<=ML<=6.6),,extrapolada,,,principal,,
SGC,SGC2017hqxltn,,2017-02-01T17:01:33+00:00,2.515,-75.359,17.0,1.6,ML,"Algeciras - Huila, Colombia",manual,0.4,99.0,7.0,SGC,,0.0,0.0,5.0,,,,,,,,,,2.5955000000000004,Senel et al.: Mw=0.8095 ML+1.3003 (3.3<=ML<=6.6),,extrapolada,,,principal,,
SGC,SGC2017taxmqj,,2017-02-06T10:02:42+00:00,2.897,-74.876,4.0,1.9,ML,"Baraya - Huila, Colombia",manual,0.4,231.0,6.0,SGC,,0.0,0.1,6.0,,,,,,,,,,2.83835,Senel et al.: Mw=0.8095 ML+1.3003 (3.3<=ML<=6.6),,extrapolada,,,principal,,
SGC,SGC2017mykpqk,,2017-02-09T07:00:13+00:00,2.648,-75.09,4.0,1.7,ML,"Rivera - Huila, Colombia",manual,0.4,101.0,8.0,SGC,,0.0,0.0,6.0,,,,,,,,,,2.67645,Senel et al.: Mw=0.8095 ML+1.3003 (3.3<=ML<=6.6),,extrapolada,,,principal,,
SGC,SGC2017bnzghz,,2017-02-13T04:42:46+00:00,2.721,-75.396,15.0,1.2,ML,"Campoalegre - Huila, Colombia",manual,0.4,85.0,7.0,SGC,,0.0,0.0,8.0,,,,,,,,,,2.2717,Senel et al.: Mw=0.8095 ML+1.3003 (3.3<=ML<=6.6),,extrapolada,,,principal,,
SGC,SGC2017hxojlv,,2017-02-15T07:23:36+00:00,2.889,-74.858,4.0,1.9,ML,"Baraya - Huila, Colombia",manual,0.4,93.0,10.0,SGC,,0.0,0.0,4.0,,,,,,,,,,2.83835,Senel et al.: Mw=0.8095 ML+1.3003 (3.3<=ML<=6.6),,extrapolada,,,principal,,
SGC,SGC2017kbthxs,,2017-02-19T06:52:59+00:00,2.507,-75.23,4.0,1.1,ML,"Algeciras - Huila, Colombia",manual,0.3,189.0,5.0,SGC,,0.0,0.0,6.0,,,,,,,,,,2.19075,Senel et al.: Mw=0.8095 ML+1.3003 (3.3<=ML<=6.6),,extrapolada,,,principal,,
SGC,SGC2017ipwmja,,2017-02-20T03:00:21+00:00,2.845,-74.858,2.0,2.0,ML,"Tello - Huila, Colombia",manual,0.5,145.0,6.0,SGC,,0.0,0.0,7.0,,,,,,,,,,2.9193,Senel et al.: Mw=0.8095 ML+1.3003 (3.3<=ML<=6.6),,extrapolada,,,principal,,
SGC,SGC2017vamfuz,,2017-02-21T17:37:41+00:00,2.517,-75.416,20.0,1.3,ML,"Hobo - Huila, Colombia",manual,0.4,245.0,5.0,SGC,,0.0,0.0,3.0,,,,,,,,,,2.35265,Senel et al.: Mw=0.8095 ML+1.3003 (3.3<=ML<=6.6),,extrapolada,,,principal,,
SGC,SGC2017hkhxje,,2017-02-28T18:20:52+00:00,2.805,-74.93,0.0,1.3,ML,"Rivera - Huila, Colombia",manual,0.4,151.0,4.0,SGC,,0.0,0.0,8.0,,,,,,,,,,2.35265,Senel et al.: Mw=0.8095 ML+1.3003 (3.3<=ML<=6.6),,extrapolada,,,principal,,
SGC,SGC2017gqbfsv,,2017-02-28T18:26:38+00:00,2.666,-74.992,0.0,2.8,ML,"Rivera - Huila, Colombia",manual,0.6,97.0,19.0,SGC,,0.0,0.0,5.0,,,,,,,,,,3.5669,Senel et al.: Mw=0.8095 ML+1.3003 (3.3<=ML<=6.6),,extrapolada,,,principal,,
SGC,SGC2017xolzvi,,2017-03-01T04:17:04+00:00,2.706,-75.057,16.0,1.5,ML,"Rivera - Huila, Colombia",manual,0.3,105.0,6.0,SGC,,0.0,0.0,5.0,,,,,,,,,,2.51455,Senel et al.: Mw=0.8095 ML+1.3003 (3.3<=ML<=6.6),,extrapolada,,,principal,,
SGC,SGC2017xxmjgw,,2017-03-01T10:30:13+00:00,2.724,-75.032,4.0,1.8,ML,"Rivera - Huila, Colombia",manual,0.4,93.0,14.0,SGC,,0.0,0.0,4.0,,,,,,,,,,2.7574,Senel et al.: Mw=0.8095 ML+1.3003 (3.3<=ML<=6.6),,extrapolada,,,principal,,
SGC,SGC2017ushsub,,2017-03-08T03:21:15+00:00,2.571,-75.375,15.0,1.0,ML,"Hobo - Huila, Colombia",manual,0.4,190.0,6.0,SGC,,0.0,0.0,5.0,,,,,,,,,,2.1098,Senel et al.: Mw=0.8095 ML+1.3003 (3.3<=ML<=6.6),,extrapolada,,,principal,,
SGC,SGC2017yvzkcr,,2017-03-08T20:19:56+00:00,2.529,-75.259,4.0,1.6,ML,"Algeciras - Huila, Colombia",manual,0.4,98.0,13.0,SGC,,0.0,0.0,4.0,,,,,,,,,,2.5955000000000004,Senel et al.: Mw=0.8095 ML+1.3003 (3.3<=ML<=6.6),,extrapolada,,,principal,,
SGC,SGC2017tkgdgi,,2017-03-08T20:36:12+00:00,2.518,-75.253,4.0,1.7,ML,"Algeciras - Huila, Colombia",manual,0.5,104.0,11.0,SGC,,0.0,0.0,5.0,,,,,,,,,,2.67645,Senel et al.: Mw=0.8095 ML+1.3003 (3.3<=ML<=6.6),,extrapolada,,,principal,,
SGC,SGC2017krvhmj,,2017-03-15T20:59:19+00:00,2.499,-75.394,18.0,1.4,ML,"Algeciras - Huila, Colombia",manual,0.3,94.0,8.0,SGC,,0.0,0.0,2.0,,,,,,,,,,2.4336,Senel et al.: Mw=0.8095 ML+1.3003 (3.3<=ML<=6.6),,extrapolada,,,principal,,
SGC,SGC2017iualbl,,2017-03-17T07:01:40+00:00,2.934,-74.891,0.0,2.0,ML,"Baraya - Huila, Colombia",manual,0.5,164.0,13.0,SGC,,0.0,0.0,6.0,,,,,,,,,,2.9193,Senel et al.: Mw=0.8095 ML+1.3003 (3.3<=ML<=6.6),,extrapolada,,,principal,,
SGC,SGC2017rkvvei,,2017-03-17T23:53:41+00:00,2.984,-74.984,0.0,1.3,ML,"Tello - Huila, Colombia",manual,0.5,175.0,5.0,SGC,,0.0,0.1,7.0,,,,,,,,,,2.35265,Senel et al.: Mw=0.8095 ML+1.3003 (3.3<=ML<=6.6),,extrapolada,,,principal,,
SGC,SGC2017myudcd,,2017-03-21T08:14:29+00:00,2.534,-75.428,17.0,1.2,ML,"Hobo - Huila, Colombia",manual,0.5,183.0,5.0,SGC,,0.0,0.0,4.0,,,,,,,,,,2.2717,Senel et al.: Mw=0.8095 ML+1.3003 (3.3<=ML<=6.6),,extrapolada,,,principal,,
SGC,SGC2017gmmupu,,2017-03-30T03:07:39+00:00,2.574,-75.138,4.0,1.6,ML,"Algeciras - Huila, Colombia",manual,0.4,99.0,12.0,SGC,,0.0,0.0,4.0,,,,,,,,,,2.5955000000000004,Senel et al.: Mw=0.8095 ML+1.3003 (3.3<=ML<=6.6),,extrapolada,,,principal,,
SGC,SGC2017cwszkd,,2017-03-30T06:38:27+00:00,2.706,-75.674,3.0,1.6,ML,"Íquira - Huila, Colombia",manual,0.4,92.0,6.0,SGC,,0.0,0.0,6.0,,,,,,,,,,2.5955000000000004,Senel et al.: Mw=0.8095 ML+1.3003 (3.3<=ML<=6.6),,extrapolada,,,principal,,
SGC,SGC2017cmrxcl,,2017-04-05T06:08:42+00:00,2.527,-75.427,19.0,1.7,ML,"Hobo - Huila, Colombia",manual,0.4,166.0,7.0,SGC,,0.0,0.0,4.0,,,,,,,,,,2.67645,Senel et al.: Mw=0.8095 ML+1.3003 (3.3<=ML<=6.6),,extrapolada,,,principal,,
SGC,SGC2017zqphez,,2017-04-06T05:07:19+00:00,2.487,-75.319,20.0,1.5,ML,"Algeciras - Huila, Colombia",manual,0.5,97.0,8.0,SGC,,0.0,0.0,4.0,,,,,,,,,,2.51455,Senel et al.: Mw=0.8095 ML+1.3003 (3.3<=ML<=6.6),,extrapolada,,,principal,,
SGC,SGC2017lgzoik,,2017-04-07T06:28:28+00:00,2.881,-74.848,11.0,1.7,ML,"Baraya - Huila, Colombia",manual,0.2,226.0,6.0,SGC,,0.0,0.0,3.0,,,,,,,,,,2.67645,Senel et al.: Mw=0.8095 ML+1.3003 (3.3<=ML<=6.6),,extrapolada,,,principal,,
SGC,SGC2017mmpfez,,2017-04-09T04:14:25+00:00,2.722,-75.157,18.0,1.3,ML,"Rivera - Huila, Colombia",manual,0.8,98.0,10.0,SGC,,0.1,0.1,7.0,,,,,,,,,,2.35265,Senel et al.: Mw=0.8095 ML+1.3003 (3.3<=ML<=6.6),,extrapolada,,,principal,,
SGC,SGC2017ehbepz,,2017-04-16T05:16:52+00:00,2.714,-75.036,11.0,1.4,ML,"Rivera - Huila, Colombia",manual,0.4,107.0,9.0,SGC,,0.0,0.0,4.0,,,,,,,,,,2.4336,Senel et al.: Mw=0.8095 ML+1.3003 (3.3<=ML<=6.6),,extrapolada,,,principal,,
SGC,SGC2017usgupv,,2017-04-16T23:00:19+00:00,2.668,-75.064,4.0,1.3,ML,"Rivera - Huila, Colombia",manual,0.4,103.0,7.0,SGC,,0.0,0.0,6.0,,,,,,,,,,2.35265,Senel et al.: Mw=0.8095 ML+1.3003 (3.3<=ML<=6.6),,extrapolada,,,principal,,
SGC,SGC2017hlrxaw,,2017-04-17T22:05:13+00:00,2.879,-74.867,4.0,1.5,ML,"Tello - Huila, Colombia",manual,0.3,265.0,6.0,SGC,,0.0,0.1,5.0,,,,,,,,,,2.51455,Senel et al.: Mw=0.8095 ML+1.3003 (3.3<=ML<=6.6),,extrapolada,,,principal,,
SGC,SGC2017jfdtlx,,2017-04-20T11:12:24+00:00,2.653,-75.054,5.0,2.3,ML,"Rivera - Huila, Colombia",manual,0.6,104.0,13.0,SGC,,0.0,0.0,5.0,,,,,,,,,,3.16215,Senel et al.: Mw=0.8095 ML+1.3003 (3.3<=ML<=6.6),,extrapolada,,,principal,,
SGC,SGC2017oisylr,,2017-04-22T07:45:09+00:00,2.513,-75.413,22.0,1.7,ML,"Hobo - Huila, Colombia",manual,0.3,91.0,10.0,SGC,,0.0,0.0,3.0,,,,,,,,,,2.67645,Senel et al.: Mw=0.8095 ML+1.3003 (3.3<=ML<=6.6),,extrapolada,,,principal,,
SGC,SGC2017xgvfeq,,2017-04-24T00:05:47+00:00,2.579,-75.329,14.0,2.2,ML,"Algeciras - Huila, Colombia",manual,0.7,92.0,12.0,SGC,,0.0,0.0,5.0,,,,,,,,,,3.0812,Senel et al.: Mw=0.8095 ML+1.3003 (3.3<=ML<=6.6),,extrapolada,,,principal,,
SGC,SGC2017ewcvdm,,2017-05-03T01:12:01+00:00,2.993,-75.155,1.0,2.0,ML,"Tello - Huila, Colombia",manual,0.6,82.0,15.0,SGC,,0.0,0.0,6.0,,,,,,,,,,2.9193,Senel et al.: Mw=0.8095 ML+1.3003 (3.3<=ML<=6.6),,extrapolada,,,principal,,
SGC,SGC2017xgaztl,,2017-05-04T11:10:15+00:00,2.668,-75.15,2.0,1.5,ML,"Rivera - Huila, Colombia",manual,0.4,259.0,6.0,SGC,,0.1,0.1,7.0,,,,,,,,,,2.51455,Senel et al.: Mw=0.8095 ML+1.3003 (3.3<=ML<=6.6),,extrapolada,,,principal,,
SGC,SGC2017pemraq,,2017-05-06T12:12:55+00:00,2.657,-75.11,9.0,2.4,ML,"Rivera - Huila, Colombia",manual,0.6,118.0,13.0,SGC,,0.0,0.0,6.0,,,,,,,,,,3.2431,Senel et al.: Mw=0.8095 ML+1.3003 (3.3<=ML<=6.6),,extrapolada,,,principal,,
SGC,SGC2017zjxmfm,,2017-05-08T03:01:07+00:00,2.674,-75.032,15.0,1.2,ML,"Rivera - Huila, Colombia",manual,0.3,159.0,6.0,SGC,,0.0,0.0,5.0,,,,,,,,,,2.2717,Senel et al.: Mw=0.8095 ML+1.3003 (3.3<=ML<=6.6),,extrapolada,,,principal,,
SGC,SGC2017juxjzx,,2017-05-12T03:47:42+00:00,2.521,-75.382,26.0,0.7,ML,"Algeciras - Huila, Colombia",manual,0.5,106.0,5.0,SGC,,0.0,0.0,6.0,,,,,,,,,,1.86695,Senel et al.: Mw=0.8095 ML+1.3003 (3.3<=ML<=6.6),,extrapolada,,,principal,,
SGC,SGC2017wmntex,,2017-05-13T22:36:48+00:00,2.516,-75.358,25.0,1.3,ML,"Algeciras - Huila, Colombia",manual,0.5,99.0,7.0,SGC,,0.0,0.0,3.0,,,,,,,,,,2.35265,Senel et al.: Mw=0.8095 ML+1.3003 (3.3<=ML<=6.6),,extrapolada,,,principal,,
SGC,SGC2017kasrbr,,2017-05-21T11:43:45+00:00,3.056,-75.129,1.0,2.6,ML,"Tello - Huila, Colombia",manual,0.7,74.0,19.0,SGC,,0.0,0.0,5.0,,,,,,,,,,3.405,Senel et al.: Mw=0.8095 ML+1.3003 (3.3<=ML<=6.6),,extrapolada,,,principal,,
SGC,SGC2017ylocfv,,2017-05-24T07:09:25+00:00,2.662,-75.066,4.0,1.7,ML,"Rivera - Huila, Colombia",manual,0.4,121.0,6.0,SGC,,0.0,0.0,7.0,,,,,,,,,,2.67645,Senel et al.: Mw=0.8095 ML+1.3003 (3.3<=ML<=6.6),,extrapolada,,,principal,,
SGC,SGC2017plstnl,,2017-05-28T00:32:42+00:00,2.566,-75.368,23.0,1.1,ML,"Algeciras - Huila, Colombia",manual,0.4,167.0,4.0,SGC,,0.0,0.0,4.0,,,,,,,,,,2.19075,Senel et al.: Mw=0.8095 ML+1.3003 (3.3<=ML<=6.6),,extrapolada,,,principal,,
SGC,SGC2017ofvyea,,2017-06-02T13:36:02+00:00,2.726,-74.951,16.0,1.5,ML,"Rivera - Huila, Colombia",manual,0.6,226.0,4.0,SGC,,0.0,0.1,9.0,,,,,,,,,,2.51455,Senel et al.: Mw=0.8095 ML+1.3003 (3.3<=ML<=6.6),,extrapolada,,,principal,,
SGC,SGC2017phpaqk,,2017-06-05T07:27:50+00:00,2.744,-75.009,10.0,2.0,ML,"Rivera - Huila, Colombia",manual,0.3,92.0,7.0,SGC,,0.0,0.0,8.0,,,,,,,,,,2.9193,Senel et al.: Mw=0.8095 ML+1.3003 (3.3<=ML<=6.6),,extrapolada,,,principal,,
SGC,SGC2017dztcte,,2017-06-08T17:48:09+00:00,3.028,-75.184,12.0,1.4,ML,"Tello - Huila, Colombia",manual,0.4,202.0,6.0,SGC,,0.0,0.0,4.0,,,,,,,,,,2.4336,Senel et al.: Mw=0.8095 ML+1.3003 (3.3<=ML<=6.6),,extrapolada,,,principal,,
SGC,SGC2017njgjhj,,2017-06-10T05:33:45+00:00,2.992,-74.872,4.0,1.3,ML,"Baraya - Huila, Colombia",manual,0.4,231.0,4.0,SGC,,0.0,0.1,6.0,,,,,,,,,,2.35265,Senel et al.: Mw=0.8095 ML+1.3003 (3.3<=ML<=6.6),,extrapolada,,,principal,,
SGC,SGC2017wzyfsa,,2017-06-14T20:19:45+00:00,2.663,-75.61,2.0,1.2,ML,"Íquira - Huila, Colombia",manual,0.1,166.0,5.0,SGC,,0.0,0.0,3.0,,,,,,,,,,2.2717,Senel et al.: Mw=0.8095 ML+1.3003 (3.3<=ML<=6.6),,extrapolada,,,principal,,
SGC,SGC2017qkdmgp,,2017-06-17T17:23:12+00:00,2.625,-75.107,0.0,1.8,ML,"Rivera - Huila, Colombia",manual,0.5,164.0,7.0,SGC,,0.0,0.0,6.0,,,,,,,,,,2.7574,Senel et al.: Mw=0.8095 ML+1.3003 (3.3<=ML<=6.6),,extrapolada,,,principal,,
SGC,SGC2017fjsrdw,,2017-06-21T04:10:06+00:00,2.536,-75.396,14.0,1.5,ML,"Hobo - Huila, Colombia",manual,0.4,98.0,7.0,SGC,,0.0,0.0,4.0,,,,,,,,,,2.51455,Senel et al.: Mw=0.8095 ML+1.3003 (3.3<=ML<=6.6),,extrapolada,,,principal,,
SGC,SGC2017shmhbd,,2017-06-22T21:02:02+00:00,2.547,-75.202,1.0,2.5,ML,"Algeciras - Huila, Colombia",manual,0.7,99.0,16.0,SGC,,0.0,0.0,5.0,,,,,,,,,,3.32405,Senel et al.: Mw=0.8095 ML+1.3003 (3.3<=ML<=6.6),,extrapolada,,,principal,,
SGC,SGC2017fyrubt,,2017-06-22T21:08:02+00:00,2.523,-75.349,14.0,1.7,ML,"Algeciras - Huila, Colombia",manual,0.4,100.0,8.0,SGC,,0.0,0.0,3.0,,,,,,,,,,2.67645,Senel et al.: Mw=0.8095 ML+1.3003 (3.3<=ML<=6.6),,extrapolada,,,principal,,
SGC,SGC2017amnglr,,2017-06-26T19:19:51+00:00,2.911,-75.171,20.0,1.9,ML,"Neiva - Huila, Colombia",manual,0.8,80.0,11.0,SGC,,0.0,0.0,5.0,,,,,,,,,,2.83835,Senel et al.: Mw=0.8095 ML+1.3003 (3.3<=ML<=6.6),,extrapolada,,,principal,,
SGC,SGC2017dnokar,,2017-06-27T00:21:37+00:00,2.485,-75.348,13.0,1.7,ML,"Algeciras - Huila, Colombia",manual,0.4,99.0,7.0,SGC,,0.0,0.0,5.0,,,,,,,,,,2.67645,Senel et al.: Mw=0.8095 ML+1.3003 (3.3<=ML<=6.6),,extrapolada,,,principal,,
SGC,SGC2017efgblc,,2017-06-27T22:06:15+00:00,2.486,-75.38,1.0,2.2,ML,"Algeciras - Huila, Colombia",manual,0.7,65.0,14.0,SGC,,0.0,0.0,6.0,,,,,,,,,,3.0812,Senel et al.: Mw=0.8095 ML+1.3003 (3.3<=ML<=6.6),,extrapolada,,,principal,,
SGC,SGC2017xttsnd,,2017-06-29T02:26:20+00:00,2.761,-75.633,28.0,1.2,ML,"Teruel - Huila, Colombia",manual,0.6,95.0,6.0,SGC,,0.0,0.0,5.0,,,,,,,,,,2.2717,Senel et al.: Mw=0.8095 ML+1.3003 (3.3<=ML<=6.6),,extrapolada,,,principal,,
SGC,SGC2017fsrewi,,2017-06-29T09:55:39+00:00,2.62,-75.175,0.0,2.3,ML,"Campoalegre - Huila, Colombia",manual,0.6,127.0,16.0,SGC,,0.0,0.0,5.0,,,,,,,,,,3.16215,Senel et al.: Mw=0.8095 ML+1.3003 (3.3<=ML<=6.6),,extrapolada,,,principal,,
SGC,SGC2017ktpljp,,2017-07-29T14:06:35+00:00,2.884,-75.697,3.0,1.4,ML,"Santa María - Huila, Colombia",manual,0.1,112.0,5.0,SGC,,0.0,0.0,2.0,,,,,,,,,,2.4336,Senel et al.: Mw=0.8095 ML+1.3003 (3.3<=ML<=6.6),,extrapolada,,,principal,,
SGC,SGC2017tnsnhm,,2017-08-05T06:13:15+00:00,3.211,-75.462,3.0,3.4,MW,"Planadas - Tolima, Colombia",manual,0.6,69.0,35.0,SGC,,0.0,0.0,3.0,,,,,,,,,,3.4,directa: MW,0.0,directa,,,principal,,
SGC,SGC2017wrphaf,,2017-08-07T19:33:56+00:00,3.266,-75.222,4.0,1.5,ML,"Aipe - Huila, Colombia",manual,0.6,157.0,8.0,SGC,,0.0,0.0,7.0,,,,,,,,,,2.51455,Senel et al.: Mw=0.8095 ML+1.3003 (3.3<=ML<=6.6),,extrapolada,,,principal,,
SGC,SGC2017nsbeba,,2017-08-21T13:25:37+00:00,3.008,-74.99,2.0,1.1,ML,"Baraya - Huila, Colombia",manual,0.3,118.0,6.0,SGC,,0.0,0.0,4.0,,,,,,,,,,2.19075,Senel et al.: Mw=0.8095 ML+1.3003 (3.3<=ML<=6.6),,extrapolada,,,principal,,
SGC,SGC2017srahro,,2017-09-04T01:03:10+00:00,2.713,-75.085,4.0,1.3,ML,"Rivera - Huila, Colombia",manual,0.3,196.0,7.0,SGC,,0.0,0.0,5.0,,,,,,,,,,2.35265,Senel et al.: Mw=0.8095 ML+1.3003 (3.3<=ML<=6.6),,extrapolada,,,principal,,
SGC,SGC2017buopgy,,2017-09-05T08:11:42+00:00,2.545,-75.401,24.0,1.9,ML,"Hobo - Huila, Colombia",manual,0.7,90.0,9.0,SGC,,0.0,0.0,4.0,,,,,,,,,,2.83835,Senel et al.: Mw=0.8095 ML+1.3003 (3.3<=ML<=6.6),,extrapolada,,,principal,,
SGC,SGC2017balwtq,,2017-09-10T16:11:34+00:00,2.705,-74.979,11.0,1.5,ML,"Rivera - Huila, Colombia",manual,0.4,95.0,8.0,SGC,,0.0,0.0,5.0,,,,,,,,,,2.51455,Senel et al.: Mw=0.8095 ML+1.3003 (3.3<=ML<=6.6),,extrapolada,,,principal,,
SGC,SGC2017jyohtr,,2017-09-13T16:08:48+00:00,2.974,-75.7,11.0,1.6,ML,"Santa María - Huila, Colombia",manual,0.4,85.0,10.0,SGC,,0.0,0.0,3.0,,,,,,,,,,2.5955000000000004,Senel et al.: Mw=0.8095 ML+1.3003 (3.3<=ML<=6.6),,extrapolada,,,principal,,
SGC,SGC2017xxfjlo,,2017-09-22T02:09:04+00:00,2.759,-75.077,17.0,1.0,ML,"Rivera - Huila, Colombia",manual,0.8,291.0,4.0,SGC,,0.1,0.1,7.0,,,,,,,,,,2.1098,Senel et al.: Mw=0.8095 ML+1.3003 (3.3<=ML<=6.6),,extrapolada,,,principal,,
SGC,SGC2017aeipcx,,2017-09-22T23:02:38+00:00,2.507,-75.407,22.0,1.7,ML,"Hobo - Huila, Colombia",manual,0.6,92.0,10.0,SGC,,0.0,0.0,4.0,,,,,,,,,,2.67645,Senel et al.: Mw=0.8095 ML+1.3003 (3.3<=ML<=6.6),,extrapolada,,,principal,,
SGC,SGC2017nkzjfr,,2017-10-02T07:09:07+00:00,2.691,-75.057,4.0,1.4,ML,"Rivera - Huila, Colombia",manual,0.2,199.0,5.0,SGC,,0.0,0.0,4.0,,,,,,,,,,2.4336,Senel et al.: Mw=0.8095 ML+1.3003 (3.3<=ML<=6.6),,extrapolada,,,principal,,
SGC,SGC2017ozajaa,,2017-10-05T03:48:06+00:00,2.645,-75.06,4.0,1.4,ML,"Rivera - Huila, Colombia",manual,0.4,103.0,8.0,SGC,,0.0,0.0,5.0,,,,,,,,,,2.4336,Senel et al.: Mw=0.8095 ML+1.3003 (3.3<=ML<=6.6),,extrapolada,,,principal,,
SGC,SGC2017dwprzx,,2017-10-07T16:22:51+00:00,2.513,-75.355,21.0,1.8,ML,"Algeciras - Huila, Colombia",manual,0.5,94.0,10.0,SGC,,0.0,0.0,4.0,,,,,,,,,,2.7574,Senel et al.: Mw=0.8095 ML+1.3003 (3.3<=ML<=6.6),,extrapolada,,,principal,,
SGC,SGC2017ruccti,,2017-10-14T14:02:35+00:00,2.904,-74.884,10.0,1.4,ML,"Baraya - Huila, Colombia",manual,0.3,177.0,6.0,SGC,,0.0,0.0,4.0,,,,,,,,,,2.4336,Senel et al.: Mw=0.8095 ML+1.3003 (3.3<=ML<=6.6),,extrapolada,,,principal,,
SGC,SGC2017vagife,,2017-10-17T19:46:53+00:00,2.564,-75.399,4.0,2.8,ML,"Hobo - Huila, Colombia",manual,0.6,63.0,23.0,SGC,,0.0,0.0,5.0,,,,,,,,,,3.5669,Senel et al.: Mw=0.8095 ML+1.3003 (3.3<=ML<=6.6),,extrapolada,,,principal,,
SGC,SGC2017nuphhy,,2017-10-19T05:30:17+00:00,2.639,-75.164,2.0,1.3,ML,"Rivera - Huila, Colombia",manual,0.3,190.0,7.0,SGC,,0.0,0.0,4.0,,,,,,,,,,2.35265,Senel et al.: Mw=0.8095 ML+1.3003 (3.3<=ML<=6.6),,extrapolada,,,principal,,
SGC,SGC2017muluys,,2017-10-22T00:24:20+00:00,2.666,-75.062,4.0,1.4,ML,"Rivera - Huila, Colombia",manual,0.6,104.0,9.0,SGC,,0.0,0.0,8.0,,,,,,,,,,2.4336,Senel et al.: Mw=0.8095 ML+1.3003 (3.3<=ML<=6.6),,extrapolada,,,principal,,
SGC,SGC2017gjvkbm,,2017-10-23T20:12:24+00:00,2.914,-75.693,4.0,1.1,ML,"Santa María - Huila, Colombia",manual,0.4,129.0,7.0,SGC,,0.0,0.0,5.0,,,,,,,,,,2.19075,Senel et al.: Mw=0.8095 ML+1.3003 (3.3<=ML<=6.6),,extrapolada,,,principal,,
SGC,SGC2017jzlrns,,2017-10-25T00:58:04+00:00,2.558,-75.39,7.0,2.2,ML,"Hobo - Huila, Colombia",manual,0.6,90.0,14.0,SGC,,0.0,0.0,6.0,,,,,,,,,,3.0812,Senel et al.: Mw=0.8095 ML+1.3003 (3.3<=ML<=6.6),,extrapolada,,,principal,,
SGC,SGC2017ypolqz,,2017-10-25T01:32:01+00:00,2.836,-74.873,6.0,1.2,ML,"Tello - Huila, Colombia",manual,0.2,302.0,5.0,SGC,,0.0,0.0,4.0,,,,,,,,,,2.2717,Senel et al.: Mw=0.8095 ML+1.3003 (3.3<=ML<=6.6),,extrapolada,,,principal,,
SGC,SGC2017ffgoqk,,2017-10-25T19:42:25+00:00,2.747,-75.034,4.0,1.6,ML,"Rivera - Huila, Colombia",manual,0.2,199.0,6.0,SGC,,0.0,0.0,3.0,,,,,,,,,,2.5955000000000004,Senel et al.: Mw=0.8095 ML+1.3003 (3.3<=ML<=6.6),,extrapolada,,,principal,,
SGC,SGC2017dhvizd,,2017-10-30T04:31:37+00:00,2.605,-75.326,12.0,1.4,ML,"Campoalegre - Huila, Colombia",manual,0.3,176.0,7.0,SGC,,0.0,0.0,4.0,,,,,,,,,,2.4336,Senel et al.: Mw=0.8095 ML+1.3003 (3.3<=ML<=6.6),,extrapolada,,,principal,,
SGC,SGC2017wenvjy,,2017-10-30T15:54:23+00:00,3.193,-75.358,4.0,1.2,ML,"Aipe - Huila, Colombia",manual,0.6,188.0,7.0,SGC,,0.0,0.0,9.0,,,,,,,,,,2.2717,Senel et al.: Mw=0.8095 ML+1.3003 (3.3<=ML<=6.6),,extrapolada,,,principal,,
SGC,SGC2017lxlnpw,,2017-10-31T04:24:17+00:00,2.883,-74.852,4.0,1.8,ML,"Baraya - Huila, Colombia",manual,0.6,86.0,13.0,SGC,,0.0,0.0,5.0,,,,,,,,,,2.7574,Senel et al.: Mw=0.8095 ML+1.3003 (3.3<=ML<=6.6),,extrapolada,,,principal,,
SGC,SGC2017mbjoef,,2017-10-31T16:10:18+00:00,2.555,-75.395,16.0,1.7,ML,"Hobo - Huila, Colombia",manual,0.5,90.0,11.0,SGC,,0.0,0.0,3.0,,,,,,,,,,2.67645,Senel et al.: Mw=0.8095 ML+1.3003 (3.3<=ML<=6.6),,extrapolada,,,principal,,
SGC,SGC2017tupeqp,,2017-11-04T16:11:25+00:00,2.49,-75.303,10.0,1.1,ML,"Algeciras - Huila, Colombia",manual,0.4,199.0,6.0,SGC,,0.0,0.0,5.0,,,,,,,,,,2.19075,Senel et al.: Mw=0.8095 ML+1.3003 (3.3<=ML<=6.6),,extrapolada,,,principal,,
SGC,SGC2017ahncrt,,2017-11-11T09:45:20+00:00,2.73,-75.056,2.0,4.8,MW,"Rivera - Huila, Colombia",manual,0.8,111.0,56.0,SGC,,0.0,0.0,4.0,,,,,,,,,,4.8,directa: MW,0.0,directa,,,principal,,
USGS,us2000bm1j,2017-11-11T14:45:22.240000Z,,2.7641,-74.9148,46.1,4.7,mb,"38 km E of Rivera, Colombia",reviewed,1.15,100.0,,,,,,,us,earthquake,6.7,7.3,0.063,77.0,us,us,0.925,5.015000000000001,Scordilis: Mw=0.85 mb+1.02 (3.5<=mb<=6.2),0.29,dentro_de_rango,10.150000000000006,20.30000000000001,principal,,
SGC,SGC2017lcjrxc,,2017-11-11T09:58:51+00:00,2.723,-75.044,4.0,1.7,ML,"Rivera - Huila, Colombia",manual,0.2,199.0,7.0,SGC,,0.0,0.0,4.0,,,,,,,,,,2.67645,Senel et al.: Mw=0.8095 ML+1.3003 (3.3<=ML<=6.6),,extrapolada,,,principal,,
SGC,SGC2017xclrmt,,2017-11-11T10:00:28+00:00,2.734,-75.055,4.0,1.2,ML,"Rivera - Huila, Colombia",manual,0.3,198.0,6.0,SGC,,0.0,0.0,4.0,,,,,,,,,,2.2717,Senel et al.: Mw=0.8095 ML+1.3003 (3.3<=ML<=6.6),,extrapolada,,,principal,,
SGC,SGC2017ahdmyq,,2017-11-11T10:04:55+00:00,2.714,-75.017,4.0,2.1,ML,"Rivera - Huila, Colombia",manual,0.6,94.0,14.0,SGC,,0.0,0.0,4.0,,,,,,,,,,3.0002500000000003,Senel et al.: Mw=0.8095 ML+1.3003 (3.3<=ML<=6.6),,extrapolada,,,principal,,
SGC,SGC2017ajrrzn,,2017-11-11T11:44:33+00:00,2.727,-75.074,4.0,1.5,ML,"Rivera - Huila, Colombia",manual,0.4,196.0,6.0,SGC,,0.0,0.0,6.0,,,,,,,,,,2.51455,Senel et al.: Mw=0.8095 ML+1.3003 (3.3<=ML<=6.6),,extrapolada,,,principal,,
SGC,SGC2017nhxcad,,2017-11-11T14:45:20+00:00,2.73,-75.056,2.0,4.8,MW,"Rivera - Huila, Colombia",manual,0.8,111.0,56.0,RSN,0.0,0.0,0.0,0.0,,,,,,,,,,4.8,directa: MW,0.0,directa,,,principal,,
SGC,SGC2017wnjnkc,,2017-11-12T09:31:49+00:00,2.714,-75.017,8.0,1.6,ML,"Rivera - Huila, Colombia",manual,0.5,108.0,13.0,SGC,,0.0,0.0,7.0,,,,,,,,,,2.5955000000000004,Senel et al.: Mw=0.8095 ML+1.3003 (3.3<=ML<=6.6),,extrapolada,,,principal,,
SGC,SGC2017obsxkc,,2017-11-12T16:49:06+00:00,2.719,-75.013,4.0,1.8,ML,"Rivera - Huila, Colombia",manual,0.7,109.0,12.0,SGC,,0.0,0.0,7.0,,,,,,,,,,2.7574,Senel et al.: Mw=0.8095 ML+1.3003 (3.3<=ML<=6.6),,extrapolada,,,principal,,
SGC,SGC2017fhvyyl,,2017-11-12T17:17:52+00:00,2.682,-74.988,5.0,2.4,ML,"Rivera - Huila, Colombia",manual,0.7,109.0,13.0,SGC,,0.0,0.1,7.0,,,,,,,,,,3.2431,Senel et al.: Mw=0.8095 ML+1.3003 (3.3<=ML<=6.6),,extrapolada,,,principal,,
SGC,SGC2017mzwnkr,,2017-11-13T15:36:54+00:00,2.72,-75.04,4.0,1.7,ML,"Rivera - Huila, Colombia",manual,0.4,200.0,8.0,SGC,,0.0,0.0,5.0,,,,,,,,,,2.67645,Senel et al.: Mw=0.8095 ML+1.3003 (3.3<=ML<=6.6),,extrapolada,,,principal,,
SGC,SGC2017ljohjm,,2017-11-14T00:01:19+00:00,2.825,-74.944,2.0,1.9,ML,"Tello - Huila, Colombia",manual,0.7,176.0,12.0,SGC,,0.0,0.0,6.0,,,,,,,,,,2.83835,Senel et al.: Mw=0.8095 ML+1.3003 (3.3<=ML<=6.6),,extrapolada,,,principal,,
SGC,SGC2017kanowd,,2017-11-17T21:27:00+00:00,2.721,-75.018,4.0,1.5,ML,"Rivera - Huila, Colombia",manual,0.5,202.0,10.0,SGC,,0.0,0.0,6.0,,,,,,,,,,2.51455,Senel et al.: Mw=0.8095 ML+1.3003 (3.3<=ML<=6.6),,extrapolada,,,principal,,
SGC,SGC2017vkjysa,,2017-11-19T09:58:47+00:00,2.721,-74.931,32.0,1.4,ML,"Rivera - Huila, Colombia",manual,0.4,227.0,4.0,SGC,,0.0,0.1,16.0,,,,,,,,,,2.4336,Senel et al.: Mw=0.8095 ML+1.3003 (3.3<=ML<=6.6),,extrapolada,,,principal,,
SGC,SGC2017ochfab,,2017-11-21T01:30:47+00:00,2.719,-75.019,5.0,1.5,ML,"Rivera - Huila, Colombia",manual,0.4,175.0,10.0,SGC,,0.0,0.0,5.0,,,,,,,,,,2.51455,Senel et al.: Mw=0.8095 ML+1.3003 (3.3<=ML<=6.6),,extrapolada,,,principal,,
SGC,SGC2017vwkvzy,,2017-11-21T05:02:58+00:00,2.553,-75.507,1.0,1.0,ML,"Hobo - Huila, Colombia",manual,0.3,150.0,7.0,SGC,,0.0,0.0,4.0,,,,,,,,,,2.1098,Senel et al.: Mw=0.8095 ML+1.3003 (3.3<=ML<=6.6),,extrapolada,,,principal,,
SGC,SGC2017egtgez,,2017-11-25T06:52:01+00:00,2.942,-74.904,0.0,2.0,ML,"Baraya - Huila, Colombia",manual,0.9,132.0,20.0,SGC,,0.0,0.0,7.0,,,,,,,,,,2.9193,Senel et al.: Mw=0.8095 ML+1.3003 (3.3<=ML<=6.6),,extrapolada,,,principal,,
SGC,SGC2017nsdiqe,,2017-11-25T08:16:17+00:00,2.844,-74.913,15.0,2.2,ML,"Tello - Huila, Colombia",manual,0.7,167.0,13.0,SGC,,0.0,0.0,7.0,,,,,,,,,,3.0812,Senel et al.: Mw=0.8095 ML+1.3003 (3.3<=ML<=6.6),,extrapolada,,,principal,,
SGC,SGC2017yidkpg,,2017-11-25T08:48:12+00:00,2.732,-75.078,1.0,2.1,ML,"Rivera - Huila, Colombia",manual,0.8,129.0,19.0,SGC,,0.0,0.0,6.0,,,,,,,,,,3.0002500000000003,Senel et al.: Mw=0.8095 ML+1.3003 (3.3<=ML<=6.6),,extrapolada,,,principal,,
SGC,SGC2017erbuha,,2017-11-25T14:51:12+00:00,2.697,-75.026,4.0,1.7,ML,"Rivera - Huila, Colombia",manual,0.5,202.0,8.0,SGC,,0.0,0.0,7.0,,,,,,,,,,2.67645,Senel et al.: Mw=0.8095 ML+1.3003 (3.3<=ML<=6.6),,extrapolada,,,principal,,
SGC,SGC2017ewzzgs,,2017-11-28T01:23:52+00:00,2.716,-75.033,7.0,1.8,ML,"Rivera - Huila, Colombia",manual,0.4,107.0,9.0,SGC,,0.0,0.0,6.0,,,,,,,,,,2.7574,Senel et al.: Mw=0.8095 ML+1.3003 (3.3<=ML<=6.6),,extrapolada,,,principal,,
SGC,SGC2017sydqfz,,2017-11-29T01:19:58+00:00,2.845,-74.882,4.0,1.6,ML,"Tello - Huila, Colombia",manual,0.7,88.0,10.0,SGC,,0.0,0.0,7.0,,,,,,,,,,2.5955000000000004,Senel et al.: Mw=0.8095 ML+1.3003 (3.3<=ML<=6.6),,extrapolada,,,principal,,
SGC,SGC2017omjjvj,,2017-11-30T00:12:33+00:00,2.896,-74.963,0.0,1.5,ML,"Tello - Huila, Colombia",manual,0.5,221.0,5.0,SGC,,0.1,0.0,8.0,,,,,,,,,,2.51455,Senel et al.: Mw=0.8095 ML+1.3003 (3.3<=ML<=6.6),,extrapolada,,,principal,,
SGC,SGC2017wmidos,,2017-12-06T07:39:50+00:00,2.712,-75.062,4.0,1.3,ML,"Rivera - Huila, Colombia",manual,0.4,198.0,6.0,SGC,,0.0,0.0,6.0,,,,,,,,,,2.35265,Senel et al.: Mw=0.8095 ML+1.3003 (3.3<=ML<=6.6),,extrapolada,,,principal,,
SGC,SGC2017wmbhzt,,2017-12-08T05:26:31+00:00,3.298,-75.377,3.0,2.3,ML,"Aipe - Huila, Colombia",manual,0.8,63.0,24.0,SGC,,0.0,0.0,5.0,,,,,,,,,,3.16215,Senel et al.: Mw=0.8095 ML+1.3003 (3.3<=ML<=6.6),,extrapolada,,,principal,,
SGC,SGC2017tflukk,,2017-12-10T06:24:22+00:00,2.82,-74.953,4.0,1.3,ML,"Rivera - Huila, Colombia",manual,0.4,205.0,7.0,SGC,,0.0,0.0,6.0,,,,,,,,,,2.35265,Senel et al.: Mw=0.8095 ML+1.3003 (3.3<=ML<=6.6),,extrapolada,,,principal,,
SGC,SGC2017ngmbhp,,2017-12-13T20:26:05+00:00,2.669,-75.06,6.0,1.7,ML,"Rivera - Huila, Colombia",manual,0.5,199.0,11.0,SGC,,0.0,0.0,5.0,,,,,,,,,,2.67645,Senel et al.: Mw=0.8095 ML+1.3003 (3.3<=ML<=6.6),,extrapolada,,,principal,,
SGC,SGC2017wuxyrz,,2017-12-16T19:27:08+00:00,2.723,-75.092,4.0,1.8,ML,"Rivera - Huila, Colombia",manual,0.4,195.0,15.0,SGC,,0.0,0.0,4.0,,,,,,,,,,2.7574,Senel et al.: Mw=0.8095 ML+1.3003 (3.3<=ML<=6.6),,extrapolada,,,principal,,
SGC,SGC2017vbuytd,,2017-12-18T04:10:19+00:00,2.727,-75.072,4.0,1.0,ML,"Rivera - Huila, Colombia",manual,0.2,196.0,5.0,SGC,,0.0,0.0,4.0,,,,,,,,,,2.1098,Senel et al.: Mw=0.8095 ML+1.3003 (3.3<=ML<=6.6),,extrapolada,,,principal,,
SGC,SGC2017bctewi,,2017-12-20T23:38:45+00:00,2.692,-75.082,4.0,1.3,ML,"Rivera - Huila, Colombia",manual,0.5,196.0,9.0,SGC,,0.0,0.0,6.0,,,,,,,,,,2.35265,Senel et al.: Mw=0.8095 ML+1.3003 (3.3<=ML<=6.6),,extrapolada,,,principal,,
SGC,SGC2017noueuw,,2017-12-22T03:30:15+00:00,2.519,-75.222,4.0,1.4,ML,"Algeciras - Huila, Colombia",manual,0.5,206.0,7.0,SGC,,0.0,0.0,7.0,,,,,,,,,,2.4336,Senel et al.: Mw=0.8095 ML+1.3003 (3.3<=ML<=6.6),,extrapolada,,,principal,,
SGC,SGC2017yevpgn,,2017-12-24T06:06:22+00:00,2.542,-75.401,18.0,1.4,ML,"Hobo - Huila, Colombia",manual,0.3,171.0,6.0,SGC,,0.0,0.0,3.0,,,,,,,,,,2.4336,Senel et al.: Mw=0.8095 ML+1.3003 (3.3<=ML<=6.6),,extrapolada,,,principal,,
SGC,SGC2017tuqsmg,,2017-12-26T12:02:32+00:00,2.734,-75.144,0.0,1.8,ML,"Rivera - Huila, Colombia",manual,0.3,201.0,5.0,SGC,,0.1,0.0,5.0,,,,,,,,,,2.7574,Senel et al.: Mw=0.8095 ML+1.3003 (3.3<=ML<=6.6),,extrapolada,,,principal,,
SGC,SGC2017srrtpj,,2017-12-27T20:29:09+00:00,2.717,-75.066,2.0,2.1,ML,"Rivera - Huila, Colombia",manual,1.1,104.0,16.0,SGC,,0.0,0.1,8.0,,,,,,,,,,3.0002500000000003,Senel et al.: Mw=0.8095 ML+1.3003 (3.3<=ML<=6.6),,extrapolada,,,principal,,
SGC,SGC2017lffihm,,2017-12-31T03:08:18+00:00,2.511,-75.41,19.0,1.7,ML,"Hobo - Huila, Colombia",manual,0.6,171.0,12.0,SGC,,0.0,0.0,3.0,,,,,,,,,,2.67645,Senel et al.: Mw=0.8095 ML+1.3003 (3.3<=ML<=6.6),,extrapolada,,,principal,,
SGC,SGC2017cjweoc,,2017-12-31T03:28:06+00:00,2.712,-75.096,60.0,1.1,ML,"Rivera - Huila, Colombia",manual,0.1,121.0,4.0,SGC,,0.0,0.0,13.0,,,,,,,,,,2.19075,Senel et al.: Mw=0.8095 ML+1.3003 (3.3<=ML<=6.6),,extrapolada,,,principal,,
SGC,SGC2018izegdy,,2018-01-07T07:13:14+00:00,2.527,-75.424,0.0,1.6,ML,"Hobo - Huila, Colombia",manual,0.3,88.0,8.0,SGC,,0.0,0.0,5.0,,,,,,,,,,2.5955000000000004,Senel et al.: Mw=0.8095 ML+1.3003 (3.3<=ML<=6.6),,extrapolada,,,principal,,
SGC,SGC2018ifcfip,,2018-01-14T12:26:19+00:00,2.629,-75.206,0.0,2.9,ML,"Campoalegre - Huila, Colombia",manual,1.1,62.0,25.0,SGC,,0.0,0.0,7.0,,,,,,,,,,3.64785,Senel et al.: Mw=0.8095 ML+1.3003 (3.3<=ML<=6.6),,extrapolada,,,principal,,
SGC,SGC2018xvblge,,2018-01-16T23:03:07+00:00,2.763,-75.23,19.0,1.2,ML,"Rivera - Huila, Colombia",manual,0.1,185.0,5.0,SGC,,0.0,0.0,2.0,,,,,,,,,,2.2717,Senel et al.: Mw=0.8095 ML+1.3003 (3.3<=ML<=6.6),,extrapolada,,,principal,,
SGC,SGC2018aegwbp,,2018-01-18T04:43:14+00:00,2.61,-75.152,4.0,1.3,ML,"Algeciras - Huila, Colombia",manual,0.7,148.0,5.0,SGC,,0.1,0.1,10.0,,,,,,,,,,2.35265,Senel et al.: Mw=0.8095 ML+1.3003 (3.3<=ML<=6.6),,extrapolada,,,principal,,
SGC,SGC2018ljczni,,2018-01-18T14:57:47+00:00,2.712,-75.053,2.0,2.1,ML,"Rivera - Huila, Colombia",manual,0.7,87.0,12.0,SGC,,0.0,0.0,7.0,,,,,,,,,,3.0002500000000003,Senel et al.: Mw=0.8095 ML+1.3003 (3.3<=ML<=6.6),,extrapolada,,,principal,,
SGC,SGC2018cyrirg,,2018-01-18T18:19:38+00:00,2.701,-74.971,11.0,1.8,ML,"Rivera - Huila, Colombia",manual,0.5,111.0,10.0,SGC,,0.0,0.0,5.0,,,,,,,,,,2.7574,Senel et al.: Mw=0.8095 ML+1.3003 (3.3<=ML<=6.6),,extrapolada,,,principal,,
SGC,SGC2018rcfdxs,,2018-02-01T23:54:38+00:00,2.651,-75.181,4.0,1.2,ML,"Rivera - Huila, Colombia",manual,0.3,217.0,4.0,SGC,,0.0,0.0,6.0,,,,,,,,,,2.2717,Senel et al.: Mw=0.8095 ML+1.3003 (3.3<=ML<=6.6),,extrapolada,,,principal,,
SGC,SGC2018gvjctn,,2018-02-02T01:03:23+00:00,2.727,-75.069,2.0,1.2,ML,"Rivera - Huila, Colombia",manual,0.5,208.0,8.0,SGC,,0.0,0.1,7.0,,,,,,,,,,2.2717,Senel et al.: Mw=0.8095 ML+1.3003 (3.3<=ML<=6.6),,extrapolada,,,principal,,
SGC,SGC2018nqywpe,,2018-02-07T22:53:48+00:00,2.604,-75.543,13.0,2.2,ML,"Yaguará - Huila, Colombia",manual,0.9,61.0,20.0,SGC,,0.0,0.0,5.0,,,,,,,,,,3.0812,Senel et al.: Mw=0.8095 ML+1.3003 (3.3<=ML<=6.6),,extrapolada,,,principal,,
SGC,SGC2018oiuzba,,2018-02-08T22:36:44+00:00,3.014,-74.859,0.0,1.2,ML,"Baraya - Huila, Colombia",manual,0.4,248.0,6.0,SGC,,0.0,0.1,7.0,,,,,,,,,,2.2717,Senel et al.: Mw=0.8095 ML+1.3003 (3.3<=ML<=6.6),,extrapolada,,,principal,,
SGC,SGC2018ojnzsr,,2018-02-10T12:29:59+00:00,2.711,-74.981,12.0,1.9,ML,"Rivera - Huila, Colombia",manual,0.6,111.0,8.0,SGC,,0.0,0.0,8.0,,,,,,,,,,2.83835,Senel et al.: Mw=0.8095 ML+1.3003 (3.3<=ML<=6.6),,extrapolada,,,principal,,
SGC,SGC2018miervf,,2018-02-16T08:31:39+00:00,3.165,-75.177,3.0,1.9,ML,"Villavieja - Huila, Colombia",manual,0.4,139.0,10.0,SGC,,0.0,0.0,4.0,,,,,,,,,,2.83835,Senel et al.: Mw=0.8095 ML+1.3003 (3.3<=ML<=6.6),,extrapolada,,,principal,,
SGC,SGC2018sqluba,,2018-02-18T02:45:23+00:00,2.531,-75.335,19.0,0.8,ML,"Algeciras - Huila, Colombia",manual,0.2,262.0,4.0,SGC,,0.0,0.0,9.0,,,,,,,,,,1.9479,Senel et al.: Mw=0.8095 ML+1.3003 (3.3<=ML<=6.6),,extrapolada,,,principal,,
SGC,SGC2018qbetng,,2018-02-18T10:21:38+00:00,2.802,-74.897,4.0,1.9,ML,"Tello - Huila, Colombia",manual,0.6,229.0,7.0,SGC,,0.0,0.1,8.0,,,,,,,,,,2.83835,Senel et al.: Mw=0.8095 ML+1.3003 (3.3<=ML<=6.6),,extrapolada,,,principal,,
SGC,SGC2018hqlgpu,,2018-02-19T18:18:49+00:00,2.677,-75.092,8.0,1.6,ML,"Rivera - Huila, Colombia",manual,0.2,244.0,5.0,SGC,,0.0,0.0,4.0,,,,,,,,,,2.5955000000000004,Senel et al.: Mw=0.8095 ML+1.3003 (3.3<=ML<=6.6),,extrapolada,,,principal,,
SGC,SGC2018yyjcsn,,2018-02-23T00:35:12+00:00,2.858,-74.918,4.0,1.2,ML,"Tello - Huila, Colombia",manual,0.6,90.0,8.0,SGC,,0.0,0.1,6.0,,,,,,,,,,2.2717,Senel et al.: Mw=0.8095 ML+1.3003 (3.3<=ML<=6.6),,extrapolada,,,principal,,
SGC,SGC2018tfrzum,,2018-02-23T13:00:21+00:00,2.676,-75.075,6.0,1.8,ML,"Rivera - Huila, Colombia",manual,0.3,198.0,8.0,SGC,,0.0,0.0,4.0,,,,,,,,,,2.7574,Senel et al.: Mw=0.8095 ML+1.3003 (3.3<=ML<=6.6),,extrapolada,,,principal,,
SGC,SGC2018pmyovw,,2018-02-27T14:16:46+00:00,2.492,-75.273,4.0,2.3,ML,"Algeciras - Huila, Colombia",manual,0.7,99.0,17.0,SGC,,0.0,0.0,5.0,,,,,,,,,,3.16215,Senel et al.: Mw=0.8095 ML+1.3003 (3.3<=ML<=6.6),,extrapolada,,,principal,,
SGC,SGC2018egzc,,2018-03-02T12:37:51+00:00,2.655,-75.1265,18.0,1.4,MLr_2,"San Vicente del Caguán - Caquetá, Colombia",manual,0.6,212.0,14.0,SGC,0.2,2.4,2.4,2.0,,,,,,,,,,2.4336,Senel et al.: Mw=0.8095 ML+1.3003 (3.3<=ML<=6.6),,extrapolada,,,principal,,
SGC,SGC2018ehem,,2018-03-02T15:22:02+00:00,3.0866,-75.3196,2.0,1.5,MLr_2,"Aipe - Huila, Colombia",manual,1.0,133.0,20.0,SGC,0.1,2.0,2.0,4.0,,,,,,,,,,2.51455,Senel et al.: Mw=0.8095 ML+1.3003 (3.3<=ML<=6.6),,extrapolada,,,principal,,
SGC,SGC2018ehsb,,2018-03-02T22:13:27+00:00,2.6501,-75.1051,5.0,2.1,MLr_2,"San Vicente del Caguán - Caquetá, Colombia",manual,0.5,227.0,16.0,SGC,0.3,1.8,1.8,3.0,,,,,,,,,,3.0002500000000003,Senel et al.: Mw=0.8095 ML+1.3003 (3.3<=ML<=6.6),,extrapolada,,,principal,,
SGC,SGC2018eklf,,2018-03-04T10:10:26+00:00,2.6823,-74.9871,6.0,2.4,MLr_2,"San Vicente del Caguán - Caquetá, Colombia",manual,0.5,96.0,34.0,SGC,0.2,0.7,0.7,2.0,,,,,,,,,,3.2431,Senel et al.: Mw=0.8095 ML+1.3003 (3.3<=ML<=6.6),,extrapolada,,,principal,,
SGC,SGC2018evuu,,2018-03-10T15:28:55+00:00,2.7101,-75.0183,5.0,1.7,MLr_2,"San Vicente del Caguán - Caquetá, Colombia",manual,0.4,126.0,19.0,SGC,0.2,0.9,0.9,3.0,,,,,,,,,,2.67645,Senel et al.: Mw=0.8095 ML+1.3003 (3.3<=ML<=6.6),,extrapolada,,,principal,,
SGC,SGC2018eyea,,2018-03-11T22:26:59+00:00,2.7456,-75.5965,54.0,1.5,MLr_2,"Teruel - Huila, Colombia",manual,0.1,153.0,7.0,SGC,0.2,0.8,0.8,5.0,,,,,,,,,,2.51455,Senel et al.: Mw=0.8095 ML+1.3003 (3.3<=ML<=6.6),,extrapolada,,,principal,,
SGC,SGC2018fomz,,2018-03-20T21:08:18+00:00,2.5783,-75.5475,7.0,1.5,MLr_2,"Yaguará - Huila, Colombia",manual,0.5,68.0,18.0,SGC,0.3,1.1,1.1,3.0,,,,,,,,,,2.51455,Senel et al.: Mw=0.8095 ML+1.3003 (3.3<=ML<=6.6),,extrapolada,,,principal,,
SGC,SGC2018fwkh,,2018-03-25T04:52:24+00:00,2.6928,-75.0231,8.0,1.3,MLr_2,"San Vicente del Caguán - Caquetá, Colombia",manual,0.4,125.0,18.0,SGC,0.1,0.7,0.7,3.0,,,,,,,,,,2.35265,Senel et al.: Mw=0.8095 ML+1.3003 (3.3<=ML<=6.6),,extrapolada,,,principal,,
SGC,SGC2018gacn,,2018-03-27T05:29:25+00:00,2.7201,-75.0263,4.0,1.1,MLr_2,"San Vicente del Caguán - Caquetá, Colombia",manual,0.5,126.0,14.0,SGC,0.1,1.0,1.0,5.0,,,,,,,,,,2.19075,Senel et al.: Mw=0.8095 ML+1.3003 (3.3<=ML<=6.6),,extrapolada,,,principal,,
SGC,SGC2018gkyl,,2018-04-02T03:54:59+00:00,2.7,-75.0285,4.0,2.2,MLr_2,"San Vicente del Caguán - Caquetá, Colombia",manual,0.3,125.0,24.0,SGC,0.2,0.4,0.4,1.0,,,,,,,,,,3.0812,Senel et al.: Mw=0.8095 ML+1.3003 (3.3<=ML<=6.6),,extrapolada,,,principal,,
SGC,SGC2018gqzo,,2018-04-05T11:18:11+00:00,2.7366,-75.6071,24.0,1.1,MLr_2,"Teruel - Huila, Colombia",manual,0.5,151.0,12.0,SGC,0.2,1.6,1.6,2.0,,,,,,,,,,2.19075,Senel et al.: Mw=0.8095 ML+1.3003 (3.3<=ML<=6.6),,extrapolada,,,principal,,
SGC,SGC2018gsqp,,2018-04-06T09:02:30+00:00,2.7485,-75.0301,4.0,1.4,MLr_2,"San Vicente del Caguán - Caquetá, Colombia",manual,0.7,156.0,14.0,SGC,0.1,2.2,2.2,5.0,,,,,,,,,,2.4336,Senel et al.: Mw=0.8095 ML+1.3003 (3.3<=ML<=6.6),,extrapolada,,,principal,,
SGC,SGC2018hiyq,,2018-04-15T07:16:40+00:00,2.5151,-75.3671,8.0,1.3,MLr_2,"Campoalegre - Huila, Colombia",manual,0.5,94.0,14.0,SGC,0.2,1.3,1.3,4.0,,,,,,,,,,2.35265,Senel et al.: Mw=0.8095 ML+1.3003 (3.3<=ML<=6.6),,extrapolada,,,principal,,
SGC,SGC2018hmjh,,2018-04-17T04:05:02+00:00,2.4845,-75.347,15.0,1.2,MLr_2,"Algeciras - Huila, Colombia",manual,0.3,297.0,8.0,SGC,0.2,2.8,2.8,3.0,,,,,,,,,,2.2717,Senel et al.: Mw=0.8095 ML+1.3003 (3.3<=ML<=6.6),,extrapolada,,,principal,,
SGC,SGC2018hrwr,,2018-04-20T04:30:34+00:00,2.8328,-74.893,8.0,1.7,MLr_2,"San Vicente del Caguán - Caquetá, Colombia",manual,0.3,138.0,13.0,SGC,0.3,1.1,1.1,3.0,,,,,,,,,,2.67645,Senel et al.: Mw=0.8095 ML+1.3003 (3.3<=ML<=6.6),,extrapolada,,,principal,,
SGC,SGC2018hxeo,,2018-04-23T02:11:19+00:00,2.8101,-74.9248,4.0,1.4,MLr_2,"San Vicente del Caguán - Caquetá, Colombia",manual,0.4,89.0,18.0,SGC,0.0,0.6,0.6,3.0,,,,,,,,,,2.4336,Senel et al.: Mw=0.8095 ML+1.3003 (3.3<=ML<=6.6),,extrapolada,,,principal,,
SGC,SGC2018hzbb,,2018-04-24T02:40:57+00:00,2.621,-74.9638,4.0,1.7,MLr_2,"San Vicente del Caguán - Caquetá, Colombia",manual,0.3,101.0,19.0,SGC,0.1,0.6,0.6,1.0,,,,,,,,,,2.67645,Senel et al.: Mw=0.8095 ML+1.3003 (3.3<=ML<=6.6),,extrapolada,,,principal,,
SGC,SGC2018ioeb,,2018-05-02T09:14:57+00:00,3.2165,-74.9798,5.0,2.6,MLr_2,"Baraya - Huila, Colombia",manual,1.0,69.0,38.0,SGC,0.3,1.1,1.1,3.0,,,,,,,,,,3.405,Senel et al.: Mw=0.8095 ML+1.3003 (3.3<=ML<=6.6),,extrapolada,,,principal,,
SGC,SGC2018izpc,,2018-05-08T15:18:28+00:00,2.6945,-74.9381,37.0,1.2,MLr_2,"San Vicente del Caguán - Caquetá, Colombia",manual,0.4,167.0,14.0,SGC,0.2,1.5,1.5,10.0,,,,,,,,,,2.2717,Senel et al.: Mw=0.8095 ML+1.3003 (3.3<=ML<=6.6),,extrapolada,,,principal,,
SGC,SGC2018jejk,,2018-05-11T06:07:01+00:00,2.6306,-75.124,4.0,2.2,MLr_2,"San Vicente del Caguán - Caquetá, Colombia",manual,0.8,96.0,23.0,SGC,0.2,0.8,0.8,4.0,,,,,,,,,,3.0812,Senel et al.: Mw=0.8095 ML+1.3003 (3.3<=ML<=6.6),,extrapolada,,,principal,,
SGC,SGC2018jppq,,2018-05-17T09:45:36+00:00,2.6601,-75.138,6.0,1.8,MLr_2,"San Vicente del Caguán - Caquetá, Colombia",manual,0.7,161.0,16.0,SGC,0.1,2.3,2.3,6.0,,,,,,,,,,2.7574,Senel et al.: Mw=0.8095 ML+1.3003 (3.3<=ML<=6.6),,extrapolada,,,principal,,
SGC,SGC2018kapa,,2018-05-23T09:56:27+00:00,2.6828,-75.0858,13.0,1.4,MLr_2,"San Vicente del Caguán - Caquetá, Colombia",manual,0.5,196.0,10.0,SGC,0.1,2.6,2.6,5.0,,,,,,,,,,2.4336,Senel et al.: Mw=0.8095 ML+1.3003 (3.3<=ML<=6.6),,extrapolada,,,principal,,
SGC,SGC2018kczg,,2018-05-24T17:22:50+00:00,2.7558,-75.0158,6.0,1.7,MLr_2,"San Vicente del Caguán - Caquetá, Colombia",manual,1.3,91.0,17.0,SGC,0.1,2.6,2.6,7.0,,,,,,,,,,2.67645,Senel et al.: Mw=0.8095 ML+1.3003 (3.3<=ML<=6.6),,extrapolada,,,principal,,
SGC,SGC2018kgtk,,2018-05-26T18:58:48+00:00,2.7096,-75.0231,3.0,2.1,MLr_2,"San Vicente del Caguán - Caquetá, Colombia",manual,0.4,107.0,27.0,SGC,0.2,0.6,0.6,1.0,,,,,,,,,,3.0002500000000003,Senel et al.: Mw=0.8095 ML+1.3003 (3.3<=ML<=6.6),,extrapolada,,,principal,,
SGC,SGC2018kofk,,2018-05-30T20:59:28+00:00,2.5688,-75.4648,20.0,1.4,MLr_2,"Hobo - Huila, Colombia",manual,0.5,80.0,14.0,SGC,0.2,1.3,1.3,2.0,,,,,,,,,,2.4336,Senel et al.: Mw=0.8095 ML+1.3003 (3.3<=ML<=6.6),,extrapolada,,,principal,,
SGC,SGC2018lsfb,,2018-06-16T06:54:01+00:00,2.7161,-75.0166,3.0,1.9,MLr_2,"San Vicente del Caguán - Caquetá, Colombia",manual,0.4,106.0,22.0,SGC,0.3,0.7,0.7,2.0,,,,,,,,,,2.83835,Senel et al.: Mw=0.8095 ML+1.3003 (3.3<=ML<=6.6),,extrapolada,,,principal,,
SGC,SGC2018luuc,,2018-06-17T16:46:14+00:00,2.5368,-75.3583,17.0,2.0,MLr_2,"Campoalegre - Huila, Colombia",manual,0.5,179.0,18.0,SGC,0.3,1.3,1.3,2.0,,,,,,,,,,2.9193,Senel et al.: Mw=0.8095 ML+1.3003 (3.3<=ML<=6.6),,extrapolada,,,principal,,
SGC,SGC2018mejb,,2018-06-22T22:33:07+00:00,3.2421,-75.1351,4.0,1.8,MLr_2,"Villavieja - Huila, Colombia",manual,0.6,109.0,21.0,SGC,0.2,0.8,0.8,2.0,,,,,,,,,,2.7574,Senel et al.: Mw=0.8095 ML+1.3003 (3.3<=ML<=6.6),,extrapolada,,,principal,,
SGC,SGC2018mfzi,,2018-06-23T19:54:26+00:00,2.5863,-75.3661,15.0,1.4,MLr_2,"Campoalegre - Huila, Colombia",manual,0.2,227.0,9.0,SGC,0.2,1.6,1.6,2.0,,,,,,,,,,2.4336,Senel et al.: Mw=0.8095 ML+1.3003 (3.3<=ML<=6.6),,extrapolada,,,principal,,
USGS,us2000fyt3,2018-07-07T00:19:52.490000Z,,2.9425,-75.621,65.81,4.5,mb,"3 km ESE of Santa María, Colombia",reviewed,0.6,85.0,,,,,,,us,earthquake,5.9,10.7,0.127,18.0,us,us,2.292,4.845,Scordilis: Mw=0.85 mb+1.02 (3.5<=mb<=6.2),0.29,dentro_de_rango,8.759999999999998,18.449999999999996,principal,,
SGC,SGC2018niph,,2018-07-09T11:46:20+00:00,3.0515,-75.0523,2.0,2.2,MLr_2,"Tello - Huila, Colombia",manual,0.6,155.0,23.0,SGC,0.2,1.2,1.2,2.0,,,,,,,,,,3.0812,Senel et al.: Mw=0.8095 ML+1.3003 (3.3<=ML<=6.6),,extrapolada,,,principal,,
SGC,SGC2018ntxe,,2018-07-15T16:15:54+00:00,2.7036,-75.3881,0.0,2.5,MLr_2,"Campoalegre - Huila, Colombia",manual,0.8,141.0,21.0,SGC,0.2,1.3,1.3,3.0,,,,,,,,,,3.32405,Senel et al.: Mw=0.8095 ML+1.3003 (3.3<=ML<=6.6),,extrapolada,,,principal,,
SGC,SGC2018oyxs,,2018-08-01T15:45:00+00:00,2.7073,-75.019,4.0,1.6,MLr_2,"San Vicente del Caguán - Caquetá, Colombia",manual,0.4,160.0,24.0,SGC,0.2,0.8,0.8,3.0,,,,,,,,,,2.5955000000000004,Senel et al.: Mw=0.8095 ML+1.3003 (3.3<=ML<=6.6),,extrapolada,,,principal,,
SGC,SGC2018pejl,,2018-08-04T15:21:36+00:00,2.6931,-75.126,1.0,2.5,MLr_2,"San Vicente del Caguán - Caquetá, Colombia",manual,0.8,112.0,33.0,SGC,0.2,1.2,1.2,2.0,,,,,,,,,,3.32405,Senel et al.: Mw=0.8095 ML+1.3003 (3.3<=ML<=6.6),,extrapolada,,,principal,,
SGC,SGC2018qbwz,,2018-08-17T12:18:56+00:00,2.7223,-75.0246,14.0,1.4,MLr_2,"San Vicente del Caguán - Caquetá, Colombia",manual,0.4,158.0,14.0,SGC,0.1,1.2,1.2,3.0,,,,,,,,,,2.4336,Senel et al.: Mw=0.8095 ML+1.3003 (3.3<=ML<=6.6),,extrapolada,,,principal,,
SGC,SGC2018qcvr,,2018-08-18T00:47:42+00:00,2.5043,-75.3678,23.0,1.3,MLr_2,"Algeciras - Huila, Colombia",manual,0.6,144.0,14.0,SGC,0.1,1.6,1.6,2.0,,,,,,,,,,2.35265,Senel et al.: Mw=0.8095 ML+1.3003 (3.3<=ML<=6.6),,extrapolada,,,principal,,
SGC,SGC2018qecg,,2018-08-18T17:14:55+00:00,2.4973,-75.4231,14.0,1.2,MLr_2,"Hobo - Huila, Colombia",manual,0.5,169.0,12.0,SGC,0.2,2.5,2.5,6.0,,,,,,,,,,2.2717,Senel et al.: Mw=0.8095 ML+1.3003 (3.3<=ML<=6.6),,extrapolada,,,principal,,
SGC,SGC2018rayk,,2018-08-31T05:26:15+00:00,3.2078,-75.603,8.0,1.2,MLr_2,"Planadas - Tolima, Colombia",manual,0.3,127.0,16.0,SGC,0.3,0.9,0.9,2.0,,,,,,,,,,2.2717,Senel et al.: Mw=0.8095 ML+1.3003 (3.3<=ML<=6.6),,extrapolada,,,principal,,
SGC,SGC2018rinz,,2018-09-04T09:15:09+00:00,2.622,-75.4965,17.0,2.0,MLr_2,"Yaguará - Huila, Colombia",manual,0.4,77.0,25.0,SGC,0.2,0.7,0.7,1.0,,,,,,,,,,2.9193,Senel et al.: Mw=0.8095 ML+1.3003 (3.3<=ML<=6.6),,extrapolada,,,principal,,
SGC,SGC2018sjde,,2018-09-18T22:28:12+00:00,2.5315,-75.4246,11.0,1.6,MLr_2,"Hobo - Huila, Colombia",manual,0.7,88.0,30.0,SGC,0.4,1.2,1.2,2.0,,,,,,,,,,2.5955000000000004,Senel et al.: Mw=0.8095 ML+1.3003 (3.3<=ML<=6.6),,extrapolada,,,principal,,
SGC,SGC2018sski,,2018-09-24T00:18:48+00:00,2.8918,-75.0805,2.0,1.1,MLr_2,"Neiva - Huila, Colombia",manual,0.4,140.0,18.0,SGC,0.2,0.9,0.9,2.0,,,,,,,,,,2.19075,Senel et al.: Mw=0.8095 ML+1.3003 (3.3<=ML<=6.6),,extrapolada,,,principal,,
SGC,SGC2018subb,,2018-09-24T21:54:05+00:00,2.5201,-75.3035,2.0,1.2,MLr_2,"Algeciras - Huila, Colombia",manual,0.4,96.0,16.0,SGC,0.1,0.9,0.9,2.0,,,,,,,,,,2.2717,Senel et al.: Mw=0.8095 ML+1.3003 (3.3<=ML<=6.6),,extrapolada,,,principal,,
SGC,SGC2018tbci,,2018-09-28T18:29:40+00:00,2.6065,-75.1233,3.0,1.8,MLr_2,"San Vicente del Caguán - Caquetá, Colombia",manual,0.8,98.0,28.0,SGC,0.2,1.3,1.3,3.0,,,,,,,,,,2.7574,Senel et al.: Mw=0.8095 ML+1.3003 (3.3<=ML<=6.6),,extrapolada,,,principal,,
SGC,SGC2018tfbt,,2018-09-30T22:44:51+00:00,2.5256,-75.4118,0.0,2.1,MLr_2,"Hobo - Huila, Colombia",manual,0.8,90.0,32.0,SGC,0.3,1.1,1.1,2.0,,,,,,,,,,3.0002500000000003,Senel et al.: Mw=0.8095 ML+1.3003 (3.3<=ML<=6.6),,extrapolada,,,principal,,
SGC,SGC2018tffx,,2018-10-01T00:50:50+00:00,2.521,-75.405,5.0,1.1,MLr_2,"Hobo - Huila, Colombia",manual,0.6,91.0,16.0,SGC,0.1,2.5,2.5,7.0,,,,,,,,,,2.19075,Senel et al.: Mw=0.8095 ML+1.3003 (3.3<=ML<=6.6),,extrapolada,,,principal,,
SGC,SGC2018twnm,,2018-10-10T11:59:08+00:00,2.542,-75.4268,18.0,1.4,MLr_2,"Hobo - Huila, Colombia",manual,0.6,134.0,15.0,SGC,0.3,1.6,1.6,2.0,,,,,,,,,,2.4336,Senel et al.: Mw=0.8095 ML+1.3003 (3.3<=ML<=6.6),,extrapolada,,,principal,,
SGC,SGC2018ubkt,,2018-10-13T04:17:08+00:00,2.7493,-75.108,13.0,1.3,MLr_2,"Rivera - Huila, Colombia",manual,0.8,105.0,14.0,SGC,0.3,3.0,3.0,4.0,,,,,,,,,,2.35265,Senel et al.: Mw=0.8095 ML+1.3003 (3.3<=ML<=6.6),,extrapolada,,,principal,,
SGC,SGC2018uffk,,2018-10-15T06:07:58+00:00,2.5463,-75.4973,10.0,1.7,MLr_2,"Hobo - Huila, Colombia",manual,0.6,76.0,24.0,SGC,0.4,1.2,1.2,2.0,,,,,,,,,,2.67645,Senel et al.: Mw=0.8095 ML+1.3003 (3.3<=ML<=6.6),,extrapolada,,,principal,,
SGC,SGC2018urpb,,2018-10-22T00:38:00+00:00,2.7245,-75.0223,15.0,1.2,MLr_2,"San Vicente del Caguán - Caquetá, Colombia",manual,0.3,159.0,8.0,SGC,0.1,2.6,2.6,7.0,,,,,,,,,,2.2717,Senel et al.: Mw=0.8095 ML+1.3003 (3.3<=ML<=6.6),,extrapolada,,,principal,,
SGC,SGC2018uskr,,2018-10-22T11:33:00+00:00,2.6456,-75.1048,7.0,1.4,MLr_2,"San Vicente del Caguán - Caquetá, Colombia",manual,0.5,96.0,20.0,SGC,0.2,0.8,0.8,3.0,,,,,,,,,,2.4336,Senel et al.: Mw=0.8095 ML+1.3003 (3.3<=ML<=6.6),,extrapolada,,,principal,,
SGC,SGC2018utlo,,2018-10-23T01:07:54+00:00,2.7411,-75.0036,82.0,1.4,MLr_2,"San Vicente del Caguán - Caquetá, Colombia",manual,0.4,92.0,14.0,SGC,0.0,1.4,1.4,5.0,,,,,,,,,,2.4336,Senel et al.: Mw=0.8095 ML+1.3003 (3.3<=ML<=6.6),,extrapolada,,,principal,,
SGC,SGC2018uvhb,,2018-10-24T01:08:30+00:00,2.625,-75.1001,3.0,1.2,MLr_2,"Puerto Rico - Caquetá, Colombia",manual,0.4,100.0,17.0,SGC,0.1,0.8,0.8,2.0,,,,,,,,,,2.2717,Senel et al.: Mw=0.8095 ML+1.3003 (3.3<=ML<=6.6),,extrapolada,,,principal,,
SGC,SGC2018vedp,,2018-10-28T21:36:33+00:00,2.657,-75.058,5.0,1.4,MLr_2,"San Vicente del Caguán - Caquetá, Colombia",manual,0.3,104.0,16.0,SGC,0.2,0.7,0.7,2.0,,,,,,,,,,2.4336,Senel et al.: Mw=0.8095 ML+1.3003 (3.3<=ML<=6.6),,extrapolada,,,principal,,
SGC,SGC2018viaf,,2018-10-31T00:26:48+00:00,3.2393,-74.9718,3.0,1.8,MLr_2,"Baraya - Huila, Colombia",manual,0.7,68.0,33.0,SGC,0.3,0.8,0.8,2.0,,,,,,,,,,2.7574,Senel et al.: Mw=0.8095 ML+1.3003 (3.3<=ML<=6.6),,extrapolada,,,principal,,
SGC,SGC2018vijs,,2018-10-31T05:15:13+00:00,2.5633,-75.2988,22.0,1.0,MLr_2,"Algeciras - Huila, Colombia",manual,0.2,180.0,8.0,SGC,0.0,1.3,1.3,2.0,,,,,,,,,,2.1098,Senel et al.: Mw=0.8095 ML+1.3003 (3.3<=ML<=6.6),,extrapolada,,,principal,,
SGC,SGC2018voeq,,2018-11-03T09:29:20+00:00,2.7066,-75.0295,4.0,1.4,MLr_2,"San Vicente del Caguán - Caquetá, Colombia",manual,0.4,107.0,18.0,SGC,0.2,0.7,0.7,2.0,,,,,,,,,,2.4336,Senel et al.: Mw=0.8095 ML+1.3003 (3.3<=ML<=6.6),,extrapolada,,,principal,,
SGC,SGC2018vtje,,2018-11-06T05:28:41+00:00,2.7158,-75.0313,4.0,1.6,MLr_2,"San Vicente del Caguán - Caquetá, Colombia",manual,0.5,106.0,17.0,SGC,0.3,0.8,0.8,2.0,,,,,,,,,,2.5955000000000004,Senel et al.: Mw=0.8095 ML+1.3003 (3.3<=ML<=6.6),,extrapolada,,,principal,,
SGC,SGC2018vtmn,,2018-11-06T07:09:38+00:00,2.6626,-75.0066,3.0,2.3,MLr_2,"San Vicente del Caguán - Caquetá, Colombia",manual,0.7,112.0,30.0,SGC,0.3,0.9,0.9,2.0,,,,,,,,,,3.16215,Senel et al.: Mw=0.8095 ML+1.3003 (3.3<=ML<=6.6),,extrapolada,,,principal,,
SGC,SGC2018wdfi,,2018-11-11T14:53:29+00:00,2.6888,-75.0388,4.0,2.0,MLr_2,"San Vicente del Caguán - Caquetá, Colombia",manual,0.7,95.0,30.0,SGC,0.2,1.0,1.0,3.0,,,,,,,,,,2.9193,Senel et al.: Mw=0.8095 ML+1.3003 (3.3<=ML<=6.6),,extrapolada,,,principal,,
SGC,SGC2018wdol,,2018-11-11T19:29:28+00:00,2.655,-75.4445,7.0,1.7,MLr_2,"Hobo - Huila, Colombia",manual,0.2,83.0,20.0,SGC,0.1,0.5,0.5,2.0,,,,,,,,,,2.67645,Senel et al.: Mw=0.8095 ML+1.3003 (3.3<=ML<=6.6),,extrapolada,,,principal,,
SGC,SGC2018xnoy,,2018-12-01T12:38:37+00:00,2.7505,-74.9813,3.0,1.9,MLr_2,"San Vicente del Caguán - Caquetá, Colombia",manual,0.7,92.0,34.0,SGC,0.2,1.0,1.0,2.0,,,,,,,,,,2.83835,Senel et al.: Mw=0.8095 ML+1.3003 (3.3<=ML<=6.6),,extrapolada,,,principal,,
SGC,SGC2018xwdcr,,2018-12-06T03:08:14+00:00,2.5701,-75.3635,10.0,1.2,MLr_2,"Campoalegre - Huila, Colombia",manual,0.4,108.0,12.0,SGC,0.2,1.6,1.6,4.0,,,,,,,,,,2.2717,Senel et al.: Mw=0.8095 ML+1.3003 (3.3<=ML<=6.6),,extrapolada,,,principal,,
SGC,SGC2018xzeob,,2018-12-07T19:15:48+00:00,2.6868,-75.0095,4.0,1.7,MLr_2,"San Vicente del Caguán - Caquetá, Colombia",manual,0.3,96.0,29.0,SGC,0.3,0.4,0.4,1.0,,,,,,,,,,2.67645,Senel et al.: Mw=0.8095 ML+1.3003 (3.3<=ML<=6.6),,extrapolada,,,principal,,
SGC,SGC2018xzsib,,2018-12-08T02:13:06+00:00,2.6826,-75.017,15.0,1.3,MLr_2,"San Vicente del Caguán - Caquetá, Colombia",manual,0.4,96.0,12.0,SGC,0.2,1.1,1.1,2.0,,,,,,,,,,2.35265,Senel et al.: Mw=0.8095 ML+1.3003 (3.3<=ML<=6.6),,extrapolada,,,principal,,
SGC,SGC2018yeyhn,,2018-12-10T22:54:17+00:00,2.7055,-75.0436,4.0,2.7,MLr_2,"San Vicente del Caguán - Caquetá, Colombia",manual,0.8,94.0,50.0,SGC,0.4,0.8,0.8,2.0,,,,,,,,,,3.4859500000000003,Senel et al.: Mw=0.8095 ML+1.3003 (3.3<=ML<=6.6),,extrapolada,,,principal,,
SGC,SGC2018yfpqb,,2018-12-11T07:39:26+00:00,3.2515,-75.1836,19.0,1.3,MLr_2,"Villavieja - Huila, Colombia",manual,0.3,105.0,16.0,SGC,0.3,1.1,1.1,3.0,,,,,,,,,,2.35265,Senel et al.: Mw=0.8095 ML+1.3003 (3.3<=ML<=6.6),,extrapolada,,,principal,,
SGC,SGC2018ygala,,2018-12-11T13:06:57+00:00,2.6898,-74.9683,6.0,1.9,MLr_2,"San Vicente del Caguán - Caquetá, Colombia",manual,0.6,96.0,29.0,SGC,0.3,0.8,0.8,2.0,,,,,,,,,,2.83835,Senel et al.: Mw=0.8095 ML+1.3003 (3.3<=ML<=6.6),,extrapolada,,,principal,,
SGC,SGC2018ygnrt,,2018-12-11T19:48:48+00:00,2.696,-75.0426,6.0,1.3,MLr_2,"San Vicente del Caguán - Caquetá, Colombia",manual,0.5,94.0,26.0,SGC,0.2,0.7,0.7,3.0,,,,,,,,,,2.35265,Senel et al.: Mw=0.8095 ML+1.3003 (3.3<=ML<=6.6),,extrapolada,,,principal,,
SGC,SGC2018ywfys,,2018-12-20T10:02:17+00:00,2.7131,-75.0396,15.0,1.4,MLr_2,"San Vicente del Caguán - Caquetá, Colombia",manual,0.2,93.0,10.0,SGC,0.1,0.8,0.8,2.0,,,,,,,,,,2.4336,Senel et al.: Mw=0.8095 ML+1.3003 (3.3<=ML<=6.6),,extrapolada,,,principal,,
SGC,SGC2018yzfpj,,2018-12-22T01:15:23+00:00,2.6645,-75.073,6.0,1.2,MLr_2,"San Vicente del Caguán - Caquetá, Colombia",manual,0.4,95.0,24.0,SGC,0.2,0.6,0.6,3.0,,,,,,,,,,2.2717,Senel et al.: Mw=0.8095 ML+1.3003 (3.3<=ML<=6.6),,extrapolada,,,principal,,
SGC,SGC2018zduvq,,2018-12-24T13:29:11+00:00,2.6446,-75.2233,29.0,1.8,MLr_2,"Campoalegre - Huila, Colombia",manual,0.5,92.0,32.0,SGC,1.0,0.9,0.9,1.0,,,,,,,,,,2.7574,Senel et al.: Mw=0.8095 ML+1.3003 (3.3<=ML<=6.6),,extrapolada,,,principal,,
SGC,SGC2018zllxn,,2018-12-28T18:02:36+00:00,2.4941,-75.377,19.0,1.4,MLr_2,"Algeciras - Huila, Colombia",manual,0.7,94.0,21.0,SGC,0.2,1.3,1.3,2.0,,,,,,,,,,2.4336,Senel et al.: Mw=0.8095 ML+1.3003 (3.3<=ML<=6.6),,extrapolada,,,principal,,
SGC,SGC2019achme,,2019-01-02T01:02:19+00:00,2.5623,-75.284,12.0,1.0,MLr_2,"Algeciras - Huila, Colombia",manual,0.3,148.0,11.0,SGC,0.2,0.7,0.7,2.0,,,,,,,,,,2.1098,Senel et al.: Mw=0.8095 ML+1.3003 (3.3<=ML<=6.6),,extrapolada,,,principal,,
SGC,SGC2019apjsc,,2019-01-09T04:53:43+00:00,2.724,-75.0606,3.0,1.3,MLr_2,"San Vicente del Caguán - Caquetá, Colombia",manual,0.5,92.0,26.0,SGC,0.2,0.7,0.7,2.0,,,,,,,,,,2.35265,Senel et al.: Mw=0.8095 ML+1.3003 (3.3<=ML<=6.6),,extrapolada,,,principal,,
SGC,SGC2019aunqs,,2019-01-12T00:33:18+00:00,3.248,-75.184,16.0,1.3,MLr_2,"Villavieja - Huila, Colombia",manual,0.5,66.0,20.0,SGC,0.3,1.3,1.3,3.0,,,,,,,,,,2.35265,Senel et al.: Mw=0.8095 ML+1.3003 (3.3<=ML<=6.6),,extrapolada,,,principal,,
SGC,SGC2019basrd,,2019-01-15T09:53:16+00:00,2.7258,-75.0753,13.0,1.2,MLr_2,"San Vicente del Caguán - Caquetá, Colombia",manual,0.7,103.0,16.0,SGC,0.2,1.8,1.8,4.0,,,,,,,,,,2.2717,Senel et al.: Mw=0.8095 ML+1.3003 (3.3<=ML<=6.6),,extrapolada,,,principal,,
SGC,SGC2019bfixe,,2019-01-17T22:37:09+00:00,2.6813,-74.9755,3.0,1.5,MLr_2,"San Vicente del Caguán - Caquetá, Colombia",manual,0.7,97.0,23.0,SGC,0.2,1.1,1.1,3.0,,,,,,,,,,2.51455,Senel et al.: Mw=0.8095 ML+1.3003 (3.3<=ML<=6.6),,extrapolada,,,principal,,
SGC,SGC2019bftqm,,2019-01-18T04:02:44+00:00,3.1968,-75.5598,3.0,1.2,MLr_2,"Neiva - Huila, Colombia",manual,0.6,81.0,16.0,SGC,0.4,1.1,1.1,3.0,,,,,,,,,,2.2717,Senel et al.: Mw=0.8095 ML+1.3003 (3.3<=ML<=6.6),,extrapolada,,,principal,,
SGC,SGC2019bgrwc,,2019-01-18T16:16:42+00:00,2.7098,-75.0435,3.0,1.4,MLr_2,"San Vicente del Caguán - Caquetá, Colombia",manual,0.6,93.0,18.0,SGC,0.4,0.8,0.8,2.0,,,,,,,,,,2.4336,Senel et al.: Mw=0.8095 ML+1.3003 (3.3<=ML<=6.6),,extrapolada,,,principal,,
SGC,SGC2019bioxr,,2019-01-19T17:03:36+00:00,2.7406,-75.0183,3.0,3.9,Mw,"San Vicente del Caguán - Caquetá, Colombia",manual,1.2,92.0,65.0,SGC,,1.2,1.2,3.0,,,,,,,,,,3.9,directa: Mw,0.0,directa,,,principal,,
SGC,SGC2019birag,,2019-01-19T18:07:12+00:00,2.826,-74.9596,13.0,1.2,MLr_2,"San Vicente del Caguán - Caquetá, Colombia",manual,0.7,88.0,14.0,SGC,0.2,2.1,2.1,4.0,,,,,,,,,,2.2717,Senel et al.: Mw=0.8095 ML+1.3003 (3.3<=ML<=6.6),,extrapolada,,,principal,,
SGC,SGC2019bjbnq,,2019-01-19T23:25:53+00:00,2.4913,-75.3918,26.0,1.3,MLr_2,"Hobo - Huila, Colombia",manual,0.5,103.0,14.0,SGC,0.2,1.4,1.4,3.0,,,,,,,,,,2.35265,Senel et al.: Mw=0.8095 ML+1.3003 (3.3<=ML<=6.6),,extrapolada,,,principal,,
SGC,SGC2019bjgwk,,2019-01-20T02:07:38+00:00,2.7551,-75.03,4.0,1.4,MLr_2,"San Vicente del Caguán - Caquetá, Colombia",manual,0.8,91.0,29.0,SGC,0.1,1.1,1.1,4.0,,,,,,,,,,2.4336,Senel et al.: Mw=0.8095 ML+1.3003 (3.3<=ML<=6.6),,extrapolada,,,principal,,
SGC,SGC2019bkjae,,2019-01-20T16:20:39+00:00,2.7841,-75.0348,4.0,1.9,MLr_2,"San Vicente del Caguán - Caquetá, Colombia",manual,0.6,89.0,22.0,SGC,0.3,1.0,1.0,3.0,,,,,,,,,,2.83835,Senel et al.: Mw=0.8095 ML+1.3003 (3.3<=ML<=6.6),,extrapolada,,,principal,,
SGC,SGC2019bkjmn,,2019-01-20T16:35:00+00:00,2.6945,-74.9875,10.0,1.8,MLr_2,"San Vicente del Caguán - Caquetá, Colombia",manual,0.4,95.0,24.0,SGC,0.2,0.6,0.6,2.0,,,,,,,,,,2.7574,Senel et al.: Mw=0.8095 ML+1.3003 (3.3<=ML<=6.6),,extrapolada,,,principal,,
SGC,SGC2019blijz,,2019-01-21T05:09:42+00:00,2.9923,-75.6031,74.0,1.2,MLr_2,"Santa María - Huila, Colombia",manual,0.3,202.0,7.0,SGC,0.1,2.2,2.2,8.0,,,,,,,,,,2.2717,Senel et al.: Mw=0.8095 ML+1.3003 (3.3<=ML<=6.6),,extrapolada,,,principal,,
SGC,SGC2019btotd,,2019-01-25T17:26:10+00:00,2.5115,-75.4188,3.0,1.2,MLr_2,"Hobo - Huila, Colombia",manual,0.4,139.0,10.0,SGC,0.1,1.1,1.1,4.0,,,,,,,,,,2.2717,Senel et al.: Mw=0.8095 ML+1.3003 (3.3<=ML<=6.6),,extrapolada,,,principal,,
SGC,SGC2019butjg,,2019-01-26T08:54:12+00:00,3.1945,-75.0925,1.0,1.4,MLr_2,"Villavieja - Huila, Colombia",manual,0.6,151.0,18.0,SGC,0.5,1.3,1.3,3.0,,,,,,,,,,2.4336,Senel et al.: Mw=0.8095 ML+1.3003 (3.3<=ML<=6.6),,extrapolada,,,principal,,
SGC,SGC2019bwmat,,2019-01-27T07:28:07+00:00,2.6606,-75.1361,4.0,1.5,MLr_2,"San Vicente del Caguán - Caquetá, Colombia",manual,0.8,94.0,32.0,SGC,0.3,1.1,1.1,3.0,,,,,,,,,,2.51455,Senel et al.: Mw=0.8095 ML+1.3003 (3.3<=ML<=6.6),,extrapolada,,,principal,,
SGC,SGC2019byhbz,,2019-01-28T07:13:59+00:00,2.7816,-75.0191,5.0,1.6,MLr_2,"San Vicente del Caguán - Caquetá, Colombia",manual,0.6,90.0,20.0,SGC,0.3,0.9,0.9,5.0,,,,,,,,,,2.5955000000000004,Senel et al.: Mw=0.8095 ML+1.3003 (3.3<=ML<=6.6),,extrapolada,,,principal,,
USGS,us2000j9um,2019-01-28T21:07:09.960000Z,,3.0835,-75.6461,13.06,5.5,mww,"12 km S of Planadas, Colombia",reviewed,1.13,73.0,,,,,,,us,earthquake,5.3,3.4,0.05,39.0,us,us,1.49,5.5,directa: mww,0.0,directa,15.0,30.0,principal,,
SGC,SGC2019ccmru,,2019-01-30T14:35:53+00:00,3.3031,-75.2281,24.0,1.4,MLr_2,"Villavieja - Huila, Colombia",manual,0.3,100.0,16.0,SGC,0.5,1.0,1.0,2.0,,,,,,,,,,2.4336,Senel et al.: Mw=0.8095 ML+1.3003 (3.3<=ML<=6.6),,extrapolada,,,principal,,
SGC,SGC2019cdmuc,,2019-01-31T03:46:35+00:00,2.7293,-75.0253,4.0,1.4,MLr_2,"San Vicente del Caguán - Caquetá, Colombia",manual,0.4,93.0,22.0,SGC,0.3,0.6,0.6,3.0,,,,,,,,,,2.4336,Senel et al.: Mw=0.8095 ML+1.3003 (3.3<=ML<=6.6),,extrapolada,,,principal,,
SGC,SGC2019cfven,,2019-02-01T10:17:07+00:00,2.7693,-75.0053,5.0,1.8,MLr_2,"San Vicente del Caguán - Caquetá, Colombia",manual,0.9,91.0,31.0,SGC,0.4,1.3,1.3,4.0,,,,,,,,,,2.7574,Senel et al.: Mw=0.8095 ML+1.3003 (3.3<=ML<=6.6),,extrapolada,,,principal,,
SGC,SGC2019cfzvm,,2019-02-01T12:38:11+00:00,2.6435,-75.6213,0.0,2.8,MLr_2,"Íquira - Huila, Colombia",manual,1.9,56.0,55.0,SGC,0.2,1.8,1.8,4.0,,,,,,,,,,3.5669,Senel et al.: Mw=0.8095 ML+1.3003 (3.3<=ML<=6.6),,extrapolada,,,principal,,
SGC,SGC2019dhalv,,2019-02-16T07:32:58+00:00,2.6075,-75.1923,4.0,1.2,MLr_2,"Algeciras - Huila, Colombia",manual,0.4,164.0,16.0,SGC,0.1,1.2,1.2,4.0,,,,,,,,,,2.2717,Senel et al.: Mw=0.8095 ML+1.3003 (3.3<=ML<=6.6),,extrapolada,,,principal,,
SGC,SGC2019doavc,,2019-02-20T03:39:43+00:00,2.4841,-75.3061,5.0,1.2,MLr_2,"Algeciras - Huila, Colombia",manual,0.4,98.0,24.0,SGC,0.2,0.7,0.7,7.0,,,,,,,,,,2.2717,Senel et al.: Mw=0.8095 ML+1.3003 (3.3<=ML<=6.6),,extrapolada,,,principal,,
SGC,SGC2019dyrxe,,2019-02-25T23:37:15+00:00,2.6861,-75.0141,4.0,1.3,MLr_2,"San Vicente del Caguán - Caquetá, Colombia",manual,0.5,95.0,21.0,SGC,0.1,0.8,0.8,3.0,,,,,,,,,,2.35265,Senel et al.: Mw=0.8095 ML+1.3003 (3.3<=ML<=6.6),,extrapolada,,,principal,,
SGC,SGC2019ebxjr,,2019-02-27T17:47:22+00:00,3.276,-75.0371,2.0,1.9,MLr_2,"Villavieja - Huila, Colombia",manual,0.5,67.0,32.0,SGC,0.3,0.7,0.7,2.0,,,,,,,,,,2.83835,Senel et al.: Mw=0.8095 ML+1.3003 (3.3<=ML<=6.6),,extrapolada,,,principal,,
SGC,SGC2019ewoaf,,2019-03-11T00:51:19+00:00,2.5183,-75.3738,17.0,1.3,MLr_2,"Campoalegre - Huila, Colombia",manual,0.6,143.0,16.0,SGC,0.3,1.8,1.8,4.0,,,,,,,,,,2.35265,Senel et al.: Mw=0.8095 ML+1.3003 (3.3<=ML<=6.6),,extrapolada,,,principal,,
SGC,SGC2019ewspl,,2019-03-11T03:10:21+00:00,2.9095,-74.9811,9.0,1.4,MLr_2,"Neiva - Huila, Colombia",manual,0.4,186.0,11.0,SGC,0.6,3.3,3.3,5.0,,,,,,,,,,2.4336,Senel et al.: Mw=0.8095 ML+1.3003 (3.3<=ML<=6.6),,extrapolada,,,principal,,
SGC,SGC2019eydft,,2019-03-11T21:40:27+00:00,2.4855,-75.3435,12.0,1.8,MLr_2,"Algeciras - Huila, Colombia",manual,0.5,96.0,30.0,SGC,0.4,0.8,0.8,2.0,,,,,,,,,,2.7574,Senel et al.: Mw=0.8095 ML+1.3003 (3.3<=ML<=6.6),,extrapolada,,,principal,,
SGC,SGC2019ffsaz,,2019-03-16T01:05:25+00:00,2.5918,-75.2946,15.0,2.0,MLr_2,"Campoalegre - Huila, Colombia",manual,0.5,93.0,29.0,SGC,0.4,0.8,0.8,1.0,,,,,,,,,,2.9193,Senel et al.: Mw=0.8095 ML+1.3003 (3.3<=ML<=6.6),,extrapolada,,,principal,,
SGC,SGC2019fhyat,,2019-03-17T06:22:57+00:00,2.6836,-75.0096,4.0,1.6,MLr_2,"San Vicente del Caguán - Caquetá, Colombia",manual,0.7,96.0,25.0,SGC,0.4,1.1,1.1,4.0,,,,,,,,,,2.5955000000000004,Senel et al.: Mw=0.8095 ML+1.3003 (3.3<=ML<=6.6),,extrapolada,,,principal,,
SGC,SGC2019fotem,,2019-03-20T23:51:42+00:00,3.1381,-75.2191,14.0,1.5,MLr_2,"Tello - Huila, Colombia",manual,0.4,70.0,29.0,SGC,0.3,0.6,0.6,1.0,,,,,,,,,,2.51455,Senel et al.: Mw=0.8095 ML+1.3003 (3.3<=ML<=6.6),,extrapolada,,,principal,,
SGC,SGC2019gqjtw,,2019-04-05T02:50:20+00:00,2.7163,-75.0178,4.0,1.3,MLr_2,"San Vicente del Caguán - Caquetá, Colombia",manual,0.4,159.0,20.0,SGC,0.2,0.8,0.8,1.0,,,,,,,,,,2.35265,Senel et al.: Mw=0.8095 ML+1.3003 (3.3<=ML<=6.6),,extrapolada,,,principal,,
SGC,SGC2019gwbfs,,2019-04-08T05:19:18+00:00,2.6818,-75.0716,13.0,1.3,MLr_2,"San Vicente del Caguán - Caquetá, Colombia",manual,0.6,107.0,14.0,SGC,0.1,1.6,1.6,3.0,,,,,,,,,,2.35265,Senel et al.: Mw=0.8095 ML+1.3003 (3.3<=ML<=6.6),,extrapolada,,,principal,,
SGC,SGC2019heyvf,,2019-04-13T02:18:20+00:00,2.732,-75.0178,4.0,1.3,MLr_2,"San Vicente del Caguán - Caquetá, Colombia",manual,0.4,98.0,18.0,SGC,0.1,0.6,0.6,2.0,,,,,,,,,,2.35265,Senel et al.: Mw=0.8095 ML+1.3003 (3.3<=ML<=6.6),,extrapolada,,,principal,,
SGC,SGC2019iacjy,,2019-04-24T15:54:15+00:00,2.6813,-75.0396,4.0,1.9,MLr_2,"San Vicente del Caguán - Caquetá, Colombia",manual,0.5,95.0,28.0,SGC,0.2,0.8,0.8,2.0,,,,,,,,,,2.83835,Senel et al.: Mw=0.8095 ML+1.3003 (3.3<=ML<=6.6),,extrapolada,,,principal,,
SGC,SGC2019illfw,,2019-04-30T20:50:10+00:00,2.6945,-75.0548,6.0,1.4,MLr_2,"San Vicente del Caguán - Caquetá, Colombia",manual,0.3,94.0,19.0,SGC,0.3,0.6,0.6,3.0,,,,,,,,,,2.4336,Senel et al.: Mw=0.8095 ML+1.3003 (3.3<=ML<=6.6),,extrapolada,,,principal,,
SGC,SGC2019iufqp,,2019-05-05T16:12:45+00:00,2.6855,-74.9901,4.0,1.3,MLr_2,"San Vicente del Caguán - Caquetá, Colombia",manual,0.2,164.0,10.0,SGC,0.1,0.6,0.6,1.0,,,,,,,,,,2.35265,Senel et al.: Mw=0.8095 ML+1.3003 (3.3<=ML<=6.6),,extrapolada,,,principal,,
SGC,SGC2019jktts,,2019-05-14T17:28:31+00:00,2.794,-74.925,10.0,1.5,MLr_2,"San Vicente del Caguán - Caquetá, Colombia",manual,0.4,118.0,15.0,SGC,0.3,1.0,1.0,3.0,,,,,,,,,,2.51455,Senel et al.: Mw=0.8095 ML+1.3003 (3.3<=ML<=6.6),,extrapolada,,,principal,,
SGC,SGC2019jlxdj,,2019-05-15T08:18:42+00:00,2.7081,-75.0695,6.0,1.9,MLr_2,"San Vicente del Caguán - Caquetá, Colombia",manual,0.4,93.0,30.0,SGC,0.2,0.6,0.6,2.0,,,,,,,,,,2.83835,Senel et al.: Mw=0.8095 ML+1.3003 (3.3<=ML<=6.6),,extrapolada,,,principal,,
SGC,SGC2019jqwca,,2019-05-18T01:26:47+00:00,2.5153,-75.3678,22.0,1.2,MLr_2,"Campoalegre - Huila, Colombia",manual,0.4,93.0,25.0,SGC,0.2,0.8,0.8,1.0,,,,,,,,,,2.2717,Senel et al.: Mw=0.8095 ML+1.3003 (3.3<=ML<=6.6),,extrapolada,,,principal,,
SGC,SGC2019jsjcq,,2019-05-18T21:09:30+00:00,2.7128,-75.0213,4.0,2.0,MLr_2,"San Vicente del Caguán - Caquetá, Colombia",manual,0.4,94.0,35.0,SGC,0.2,0.4,0.4,1.0,,,,,,,,,,2.9193,Senel et al.: Mw=0.8095 ML+1.3003 (3.3<=ML<=6.6),,extrapolada,,,principal,,
SGC,SGC2019jzujt,,2019-05-22T22:46:59+00:00,2.726,-75.0211,4.0,1.4,MLr_2,"San Vicente del Caguán - Caquetá, Colombia",manual,0.3,93.0,26.0,SGC,0.2,0.6,0.6,2.0,,,,,,,,,,2.4336,Senel et al.: Mw=0.8095 ML+1.3003 (3.3<=ML<=6.6),,extrapolada,,,principal,,
SGC,SGC2019kbzap,,2019-05-24T03:23:55+00:00,3.1961,-75.409,19.0,0.9,MLr_2,"Neiva - Huila, Colombia",manual,1.0,98.0,20.0,SGC,0.2,2.5,2.5,4.0,,,,,,,,,,2.0288500000000003,Senel et al.: Mw=0.8095 ML+1.3003 (3.3<=ML<=6.6),,extrapolada,,,principal,,
SGC,SGC2019kcfvx,,2019-05-24T06:50:36+00:00,3.2865,-75.1003,17.0,1.2,MLr_2,"Villavieja - Huila, Colombia",manual,0.8,141.0,16.0,SGC,0.3,2.5,2.5,5.0,,,,,,,,,,2.2717,Senel et al.: Mw=0.8095 ML+1.3003 (3.3<=ML<=6.6),,extrapolada,,,principal,,
SGC,SGC2019ksjew,,2019-06-02T02:39:50+00:00,3.3036,-75.2388,1.0,1.4,MLr_2,"Aipe - Huila, Colombia",manual,0.9,113.0,30.0,SGC,0.2,1.6,1.6,3.0,,,,,,,,,,2.4336,Senel et al.: Mw=0.8095 ML+1.3003 (3.3<=ML<=6.6),,extrapolada,,,principal,,
SGC,SGC2019ktzkp,,2019-06-02T23:59:26+00:00,2.7123,-75.0201,4.0,1.4,MLr_2,"San Vicente del Caguán - Caquetá, Colombia",manual,0.3,94.0,17.0,SGC,0.2,0.5,0.5,1.0,,,,,,,,,,2.4336,Senel et al.: Mw=0.8095 ML+1.3003 (3.3<=ML<=6.6),,extrapolada,,,principal,,
SGC,SGC2019kupsm,,2019-06-03T08:14:01+00:00,3.2501,-75.2275,6.0,1.5,MLr_2,"Aipe - Huila, Colombia",manual,0.3,66.0,16.0,SGC,0.2,0.8,0.8,2.0,,,,,,,,,,2.51455,Senel et al.: Mw=0.8095 ML+1.3003 (3.3<=ML<=6.6),,extrapolada,,,principal,,
SGC,SGC2019lcrsl,,2019-06-07T18:17:58+00:00,2.7465,-74.9956,16.0,1.4,MLr_2,"San Vicente del Caguán - Caquetá, Colombia",manual,0.5,92.0,21.0,SGC,0.1,1.2,1.2,2.0,,,,,,,,,,2.4336,Senel et al.: Mw=0.8095 ML+1.3003 (3.3<=ML<=6.6),,extrapolada,,,principal,,
SGC,SGC2019ljfmm,,2019-06-11T08:03:19+00:00,2.6545,-75.1053,8.0,1.7,MLr_2,"San Vicente del Caguán - Caquetá, Colombia",manual,0.6,95.0,28.0,SGC,0.3,0.8,0.8,2.0,,,,,,,,,,2.67645,Senel et al.: Mw=0.8095 ML+1.3003 (3.3<=ML<=6.6),,extrapolada,,,principal,,
SGC,SGC2019llhar,,2019-06-12T11:06:31+00:00,3.1411,-74.9116,4.0,2.0,MLr_2,"Baraya - Huila, Colombia",manual,0.6,73.0,39.0,SGC,0.3,0.7,0.7,2.0,,,,,,,,,,2.9193,Senel et al.: Mw=0.8095 ML+1.3003 (3.3<=ML<=6.6),,extrapolada,,,principal,,
SGC,SGC2019lwldb,,2019-06-18T13:38:03+00:00,2.9155,-75.1435,13.0,1.6,MLr_2,"Neiva - Huila, Colombia",manual,0.3,103.0,23.0,SGC,0.3,0.5,0.5,1.0,,,,,,,,,,2.5955000000000004,Senel et al.: Mw=0.8095 ML+1.3003 (3.3<=ML<=6.6),,extrapolada,,,principal,,
SGC,SGC2019mgezy,,2019-06-23T21:52:30+00:00,2.7145,-75.0088,6.0,1.4,MLr_2,"San Vicente del Caguán - Caquetá, Colombia",manual,0.5,94.0,29.0,SGC,0.2,0.8,0.8,3.0,,,,,,,,,,2.4336,Senel et al.: Mw=0.8095 ML+1.3003 (3.3<=ML<=6.6),,extrapolada,,,principal,,
SGC,SGC2019mhwhp,,2019-06-24T19:44:39+00:00,2.6983,-75.0318,6.0,1.4,MLr_2,"San Vicente del Caguán - Caquetá, Colombia",manual,0.4,94.0,33.0,SGC,0.1,0.6,0.6,2.0,,,,,,,,,,2.4336,Senel et al.: Mw=0.8095 ML+1.3003 (3.3<=ML<=6.6),,extrapolada,,,principal,,
SGC,SGC2019mjllr,,2019-06-25T16:31:53+00:00,2.6995,-75.0356,4.0,1.6,MLr_2,"San Vicente del Caguán - Caquetá, Colombia",manual,0.8,106.0,30.0,SGC,0.2,1.0,1.0,2.0,,,,,,,,,,2.5955000000000004,Senel et al.: Mw=0.8095 ML+1.3003 (3.3<=ML<=6.6),,extrapolada,,,principal,,
SGC,SGC2019mzise,,2019-07-04T09:16:29+00:00,3.2488,-75.0905,55.0,1.7,MLr_2,"Villavieja - Huila, Colombia",manual,0.1,211.0,7.0,SGC,0.9,1.6,1.6,3.0,,,,,,,,,,2.67645,Senel et al.: Mw=0.8095 ML+1.3003 (3.3<=ML<=6.6),,extrapolada,,,principal,,
SGC,SGC2019nasmy,,2019-07-05T03:22:03+00:00,3.2731,-75.2148,4.0,1.8,MLr_2,"Villavieja - Huila, Colombia",manual,0.6,65.0,41.0,SGC,0.4,0.6,0.6,2.0,,,,,,,,,,2.7574,Senel et al.: Mw=0.8095 ML+1.3003 (3.3<=ML<=6.6),,extrapolada,,,principal,,
SGC,SGC2019ndpyx,,2019-07-06T17:28:28+00:00,2.561,-75.3286,3.0,2.1,MLr_2,"Campoalegre - Huila, Colombia",manual,0.6,144.0,28.0,SGC,0.1,0.8,0.8,2.0,,,,,,,,,,3.0002500000000003,Senel et al.: Mw=0.8095 ML+1.3003 (3.3<=ML<=6.6),,extrapolada,,,principal,,
SGC,SGC2019nihot,,2019-07-09T06:54:07+00:00,2.6481,-75.048,4.0,1.5,MLr_2,"San Vicente del Caguán - Caquetá, Colombia",manual,0.5,97.0,31.0,SGC,0.1,0.6,0.6,3.0,,,,,,,,,,2.51455,Senel et al.: Mw=0.8095 ML+1.3003 (3.3<=ML<=6.6),,extrapolada,,,principal,,
SGC,SGC2019nqfmb,,2019-07-13T14:54:16+00:00,2.7038,-75.0195,9.0,1.3,MLr_2,"San Vicente del Caguán - Caquetá, Colombia",manual,0.5,94.0,26.0,SGC,0.3,0.6,0.6,3.0,,,,,,,,,,2.35265,Senel et al.: Mw=0.8095 ML+1.3003 (3.3<=ML<=6.6),,extrapolada,,,principal,,
SGC,SGC2019oawbh,,2019-07-19T10:36:51+00:00,2.6456,-75.0876,17.0,1.4,MLr_2,"San Vicente del Caguán - Caquetá, Colombia",manual,0.5,96.0,29.0,SGC,0.2,0.8,0.8,1.0,,,,,,,,,,2.4336,Senel et al.: Mw=0.8095 ML+1.3003 (3.3<=ML<=6.6),,extrapolada,,,principal,,
SGC,SGC2019oevuo,,2019-07-21T15:00:58+00:00,2.5606,-75.354,15.0,1.5,MLr_2,"Campoalegre - Huila, Colombia",manual,0.5,92.0,31.0,SGC,0.2,0.8,0.8,1.0,,,,,,,,,,2.51455,Senel et al.: Mw=0.8095 ML+1.3003 (3.3<=ML<=6.6),,extrapolada,,,principal,,
SGC,SGC2019oonvq,,2019-07-26T22:19:40+00:00,2.9108,-74.8421,6.0,1.1,MLr_2,"San Vicente del Caguán - Caquetá, Colombia",manual,0.4,168.0,11.0,SGC,0.1,1.6,1.6,3.0,,,,,,,,,,2.19075,Senel et al.: Mw=0.8095 ML+1.3003 (3.3<=ML<=6.6),,extrapolada,,,principal,,
SGC,SGC2019oqxgf,,2019-07-28T05:20:39+00:00,2.8793,-74.8945,10.0,1.8,MLr_2,"San Vicente del Caguán - Caquetá, Colombia",manual,0.6,166.0,16.0,SGC,0.7,1.6,1.6,3.0,,,,,,,,,,2.7574,Senel et al.: Mw=0.8095 ML+1.3003 (3.3<=ML<=6.6),,extrapolada,,,principal,,
SGC,SGC2019osplq,,2019-07-29T03:40:36+00:00,2.8783,-74.8498,13.0,1.1,MLr_2,"San Vicente del Caguán - Caquetá, Colombia",manual,0.1,129.0,9.0,SGC,0.1,0.8,0.8,2.0,,,,,,,,,,2.19075,Senel et al.: Mw=0.8095 ML+1.3003 (3.3<=ML<=6.6),,extrapolada,,,principal,,
SGC,SGC2019oupgd,,2019-07-30T05:50:10+00:00,2.5415,-75.5011,8.0,1.1,MLr_2,"Hobo - Huila, Colombia",manual,0.5,151.0,14.0,SGC,0.1,1.4,1.4,4.0,,,,,,,,,,2.19075,Senel et al.: Mw=0.8095 ML+1.3003 (3.3<=ML<=6.6),,extrapolada,,,principal,,
SGC,SGC2019ovkmy,,2019-07-30T16:34:34+00:00,3.1078,-75.0305,13.0,1.4,MLr_2,"Baraya - Huila, Colombia",manual,0.4,124.0,21.0,SGC,0.2,0.8,0.8,2.0,,,,,,,,,,2.4336,Senel et al.: Mw=0.8095 ML+1.3003 (3.3<=ML<=6.6),,extrapolada,,,principal,,
SGC,SGC2019pkevd,,2019-08-07T18:42:08+00:00,2.6748,-75.0103,6.0,1.3,MLr_2,"San Vicente del Caguán - Caquetá, Colombia",manual,0.4,163.0,16.0,SGC,0.2,1.1,1.1,3.0,,,,,,,,,,2.35265,Senel et al.: Mw=0.8095 ML+1.3003 (3.3<=ML<=6.6),,extrapolada,,,principal,,
SGC,SGC2019pwpwy,,2019-08-14T13:53:31+00:00,2.5975,-75.5941,5.0,1.7,MLr_2,"Íquira - Huila, Colombia",manual,0.5,62.0,26.0,SGC,0.4,0.8,0.8,2.0,,,,,,,,,,2.67645,Senel et al.: Mw=0.8095 ML+1.3003 (3.3<=ML<=6.6),,extrapolada,,,principal,,
SGC,SGC2019qdkqk,,2019-08-18T07:10:17+00:00,2.6445,-75.3356,23.0,1.8,MLr_2,"Campoalegre - Huila, Colombia",manual,0.5,88.0,24.0,SGC,0.4,1.0,1.0,2.0,,,,,,,,,,2.7574,Senel et al.: Mw=0.8095 ML+1.3003 (3.3<=ML<=6.6),,extrapolada,,,principal,,
SGC,SGC22019qtlzo,,2019-08-27T01:59:06+00:00,2.8135,-74.9188,7.0,1.6,MLr_2,"San Vicente del Caguán - Caquetá, Colombia",manual,0.5,89.0,25.0,SGC,0.2,0.8,0.8,2.0,,,,,,,,,,2.5955000000000004,Senel et al.: Mw=0.8095 ML+1.3003 (3.3<=ML<=6.6),,extrapolada,,,principal,,
SGC,SGC22019quvlo,,2019-08-27T19:53:52+00:00,2.5338,-75.3983,24.0,2.0,MLr_2,"Hobo - Huila, Colombia",manual,0.6,91.0,36.0,SGC,0.2,0.8,0.8,1.0,,,,,,,,,,2.9193,Senel et al.: Mw=0.8095 ML+1.3003 (3.3<=ML<=6.6),,extrapolada,,,principal,,
SGC,SGC22019qwxty,,2019-08-28T23:20:17+00:00,2.6483,-75.0486,4.0,1.8,MLr_2,"San Vicente del Caguán - Caquetá, Colombia",manual,0.4,97.0,29.0,SGC,0.3,0.6,0.6,1.0,,,,,,,,,,2.7574,Senel et al.: Mw=0.8095 ML+1.3003 (3.3<=ML<=6.6),,extrapolada,,,principal,,
SGC,SGC22019rahbg,,2019-08-30T19:25:29+00:00,2.658,-75.075,6.0,1.1,MLr_2,"San Vicente del Caguán - Caquetá, Colombia",manual,0.6,198.0,14.0,SGC,0.1,2.1,2.1,5.0,,,,,,,,,,2.19075,Senel et al.: Mw=0.8095 ML+1.3003 (3.3<=ML<=6.6),,extrapolada,,,principal,,
SGC,SGC22019rcntj,,2019-09-01T01:04:24+00:00,2.7473,-75.0775,16.0,1.0,MLr_2,"Rivera - Huila, Colombia",manual,0.4,195.0,10.0,SGC,0.1,1.8,1.8,3.0,,,,,,,,,,2.1098,Senel et al.: Mw=0.8095 ML+1.3003 (3.3<=ML<=6.6),,extrapolada,,,principal,,
SGC,SGC22019rcobp,,2019-09-01T01:14:00+00:00,2.9416,-75.2201,12.0,0.9,MLr_2,"Neiva - Huila, Colombia",manual,0.3,174.0,8.0,SGC,0.1,2.8,2.8,3.0,,,,,,,,,,2.0288500000000003,Senel et al.: Mw=0.8095 ML+1.3003 (3.3<=ML<=6.6),,extrapolada,,,principal,,
SGC,SGC2019rnncto,,2019-09-05T22:31:46+00:00,2.6211,-75.1293,15.0,1.3,MLr_2,"San Vicente del Caguán - Caquetá, Colombia",manual,0.6,97.0,19.0,SGC,0.1,1.1,1.1,2.0,,,,,,,,,,2.35265,Senel et al.: Mw=0.8095 ML+1.3003 (3.3<=ML<=6.6),,extrapolada,,,principal,,
SGC,SGC2019ruypdj,,2019-09-09T23:49:21+00:00,2.9756,-75.151,0.0,0.9,MLr_2,"Neiva - Huila, Colombia",manual,0.9,153.0,9.0,SGC,0.1,5.5,5.5,7.0,,,,,,,,,,2.0288500000000003,Senel et al.: Mw=0.8095 ML+1.3003 (3.3<=ML<=6.6),,extrapolada,,,principal,,
SGC,SGC2019ryrygh,,2019-09-12T00:46:37+00:00,2.8746,-74.8475,4.0,1.5,MLr_2,"San Vicente del Caguán - Caquetá, Colombia",manual,0.4,86.0,24.0,SGC,0.2,0.6,0.6,2.0,,,,,,,,,,2.51455,Senel et al.: Mw=0.8095 ML+1.3003 (3.3<=ML<=6.6),,extrapolada,,,principal,,
SGC,SGC2019sdghib,,2019-09-14T12:17:27+00:00,2.8283,-74.9515,6.0,1.4,MLr_2,"San Vicente del Caguán - Caquetá, Colombia",manual,0.4,117.0,16.0,SGC,0.2,0.8,0.8,4.0,,,,,,,,,,2.4336,Senel et al.: Mw=0.8095 ML+1.3003 (3.3<=ML<=6.6),,extrapolada,,,principal,,
SGC,SGC2019soauaj,,2019-09-20T09:20:24+00:00,2.8676,-74.8606,20.0,1.5,MLr_2,"San Vicente del Caguán - Caquetá, Colombia",manual,0.6,143.0,10.0,SGC,0.1,2.7,2.7,5.0,,,,,,,,,,2.51455,Senel et al.: Mw=0.8095 ML+1.3003 (3.3<=ML<=6.6),,extrapolada,,,principal,,
SGC,SGC2019subomr,,2019-09-23T16:11:00+00:00,2.6766,-75.0553,4.0,1.4,MLr_2,"San Vicente del Caguán - Caquetá, Colombia",manual,0.5,137.0,16.0,SGC,0.1,1.0,1.0,4.0,,,,,,,,,,2.4336,Senel et al.: Mw=0.8095 ML+1.3003 (3.3<=ML<=6.6),,extrapolada,,,principal,,
SGC,SGC2019sxoobz,,2019-09-25T13:56:11+00:00,2.745,-75.0516,6.0,1.5,MLr_2,"San Vicente del Caguán - Caquetá, Colombia",manual,0.4,154.0,16.0,SGC,0.1,1.0,1.0,5.0,,,,,,,,,,2.51455,Senel et al.: Mw=0.8095 ML+1.3003 (3.3<=ML<=6.6),,extrapolada,,,principal,,
SGC,SGC2019tbnpan,,2019-09-27T17:45:01+00:00,2.714,-75.0148,6.0,2.0,MLr_2,"San Vicente del Caguán - Caquetá, Colombia",manual,0.5,94.0,28.0,SGC,0.2,0.8,0.8,2.0,,,,,,,,,,2.9193,Senel et al.: Mw=0.8095 ML+1.3003 (3.3<=ML<=6.6),,extrapolada,,,principal,,
SGC,SGC2019tegdhs,,2019-09-29T05:13:38+00:00,2.5085,-75.3748,1.0,1.3,MLr_2,"Algeciras - Huila, Colombia",manual,0.3,175.0,16.0,SGC,0.2,0.6,0.6,1.0,,,,,,,,,,2.35265,Senel et al.: Mw=0.8095 ML+1.3003 (3.3<=ML<=6.6),,extrapolada,,,principal,,
SGC,SGC2019tmvbcx,,2019-10-03T21:19:17+00:00,2.7143,-75.0213,4.0,1.5,MLr_2,"San Vicente del Caguán - Caquetá, Colombia",manual,0.4,94.0,22.0,SGC,0.1,0.7,0.7,2.0,,,,,,,,,,2.51455,Senel et al.: Mw=0.8095 ML+1.3003 (3.3<=ML<=6.6),,extrapolada,,,principal,,
SGC,SGC2019tneumv,,2019-10-04T02:13:31+00:00,2.7201,-75.0145,9.0,1.3,MLr_2,"San Vicente del Caguán - Caquetá, Colombia",manual,0.3,138.0,20.0,SGC,0.2,0.6,0.6,2.0,,,,,,,,,,2.35265,Senel et al.: Mw=0.8095 ML+1.3003 (3.3<=ML<=6.6),,extrapolada,,,principal,,
SGC,SGC2019towmwz,,2019-10-05T00:12:16+00:00,3.191,-74.9756,18.0,1.4,MLr_2,"Baraya - Huila, Colombia",manual,0.3,70.0,23.0,SGC,0.2,0.7,0.7,1.0,,,,,,,,,,2.4336,Senel et al.: Mw=0.8095 ML+1.3003 (3.3<=ML<=6.6),,extrapolada,,,principal,,
SGC,SGC2019txuirq,,2019-10-09T20:47:19+00:00,2.5153,-75.3586,20.0,1.2,MLr_2,"Algeciras - Huila, Colombia",manual,0.3,94.0,13.0,SGC,0.3,1.0,1.0,2.0,,,,,,,,,,2.2717,Senel et al.: Mw=0.8095 ML+1.3003 (3.3<=ML<=6.6),,extrapolada,,,principal,,
SGC,SGC2019ukargw,,2019-10-16T12:52:01+00:00,2.6638,-75.1218,9.0,1.4,MLr_2,"San Vicente del Caguán - Caquetá, Colombia",manual,0.5,154.0,16.0,SGC,0.2,1.1,1.1,4.0,,,,,,,,,,2.4336,Senel et al.: Mw=0.8095 ML+1.3003 (3.3<=ML<=6.6),,extrapolada,,,principal,,
SGC,SGC2019usixxj,,2019-10-21T01:36:53+00:00,2.4901,-75.2593,4.0,2.6,MLr_2,"Algeciras - Huila, Colombia",manual,0.7,100.0,36.0,SGC,0.4,0.7,0.7,2.0,,,,,,,,,,3.405,Senel et al.: Mw=0.8095 ML+1.3003 (3.3<=ML<=6.6),,extrapolada,,,principal,,
SGC,SGC2019uuklmx,,2019-10-22T04:31:48+00:00,2.7091,-75.0293,5.0,1.5,MLr_2,"San Vicente del Caguán - Caquetá, Colombia",manual,0.4,159.0,18.0,SGC,0.4,0.9,0.9,3.0,,,,,,,,,,2.51455,Senel et al.: Mw=0.8095 ML+1.3003 (3.3<=ML<=6.6),,extrapolada,,,principal,,
SGC,SGC2019uyqyot,,2019-10-24T12:05:55+00:00,2.6088,-75.4891,21.0,1.4,MLr_2,"Yaguará - Huila, Colombia",manual,0.4,157.0,15.0,SGC,0.1,1.0,1.0,1.0,,,,,,,,,,2.4336,Senel et al.: Mw=0.8095 ML+1.3003 (3.3<=ML<=6.6),,extrapolada,,,principal,,
SGC,SGC2019vhdbnc,,2019-10-29T02:47:11+00:00,2.6695,-75.0308,6.0,1.1,MLr_2,"San Vicente del Caguán - Caquetá, Colombia",manual,0.6,96.0,20.0,SGC,0.1,1.1,1.1,4.0,,,,,,,,,,2.19075,Senel et al.: Mw=0.8095 ML+1.3003 (3.3<=ML<=6.6),,extrapolada,,,principal,,
SGC,SGC2019vhdydf,,2019-10-29T03:13:26+00:00,2.712,-75.0216,5.0,1.6,MLr_2,"San Vicente del Caguán - Caquetá, Colombia",manual,0.4,94.0,30.0,SGC,0.3,0.6,0.6,2.0,,,,,,,,,,2.5955000000000004,Senel et al.: Mw=0.8095 ML+1.3003 (3.3<=ML<=6.6),,extrapolada,,,principal,,
SGC,SGC2019vmivry,,2019-10-31T23:03:51+00:00,2.9848,-75.005,4.0,2.1,MLr_2,"Tello - Huila, Colombia",manual,0.7,79.0,39.0,SGC,0.3,0.8,0.8,2.0,,,,,,,,,,3.0002500000000003,Senel et al.: Mw=0.8095 ML+1.3003 (3.3<=ML<=6.6),,extrapolada,,,principal,,
SGC,SGC2019vnixdd,,2019-11-01T12:09:54+00:00,2.5201,-75.3476,4.0,2.5,MLr_2,"Algeciras - Huila, Colombia",manual,0.6,94.0,42.0,SGC,0.3,0.6,0.6,2.0,,,,,,,,,,3.32405,Senel et al.: Mw=0.8095 ML+1.3003 (3.3<=ML<=6.6),,extrapolada,,,principal,,
SGC,SGC2019vpwklv,,2019-11-02T21:06:39+00:00,2.6681,-75.1136,6.0,1.9,MLr_2,"San Vicente del Caguán - Caquetá, Colombia",manual,0.4,100.0,26.0,SGC,0.2,0.6,0.6,2.0,,,,,,,,,,2.83835,Senel et al.: Mw=0.8095 ML+1.3003 (3.3<=ML<=6.6),,extrapolada,,,principal,,
SGC,SGC2019wevjxc,,2019-11-11T00:42:57+00:00,2.566,-75.516,9.0,1.3,MLr_2,"Yaguará - Huila, Colombia",manual,0.3,84.0,17.0,SGC,0.2,0.7,0.7,2.0,,,,,,,,,,2.35265,Senel et al.: Mw=0.8095 ML+1.3003 (3.3<=ML<=6.6),,extrapolada,,,principal,,
SGC,SGC2019wlcbph,,2019-11-14T10:31:23+00:00,2.6721,-75.4458,20.0,1.1,MLr_2,"Yaguará - Huila, Colombia",manual,0.6,156.0,20.0,SGC,0.2,1.3,1.3,1.0,,,,,,,,,,2.19075,Senel et al.: Mw=0.8095 ML+1.3003 (3.3<=ML<=6.6),,extrapolada,,,principal,,
SGC,SGC2019womfzn,,2019-11-16T06:51:37+00:00,2.7125,-75.0271,4.0,1.6,MLr_2,"San Vicente del Caguán - Caquetá, Colombia",manual,0.5,158.0,22.0,SGC,0.2,0.8,0.8,2.0,,,,,,,,,,2.5955000000000004,Senel et al.: Mw=0.8095 ML+1.3003 (3.3<=ML<=6.6),,extrapolada,,,principal,,
SGC,SGC2019woqfpb,,2019-11-16T08:51:51+00:00,2.4965,-75.353,15.0,2.2,MLr_2,"Algeciras - Huila, Colombia",manual,0.6,95.0,33.0,SGC,0.3,0.9,0.9,2.0,,,,,,,,,,3.0812,Senel et al.: Mw=0.8095 ML+1.3003 (3.3<=ML<=6.6),,extrapolada,,,principal,,
SGC,SGC2019xhcbyh,,2019-11-26T10:10:14+00:00,2.7233,-75.0275,7.0,1.6,MLr_2,"San Vicente del Caguán - Caquetá, Colombia",manual,0.4,93.0,18.0,SGC,0.2,0.6,0.6,2.0,,,,,,,,,,2.5955000000000004,Senel et al.: Mw=0.8095 ML+1.3003 (3.3<=ML<=6.6),,extrapolada,,,principal,,
SGC,SGC2019xichal,,2019-11-26T23:20:37+00:00,2.5255,-75.398,16.0,1.5,MLr_2,"Hobo - Huila, Colombia",manual,0.5,92.0,26.0,SGC,0.4,0.8,0.8,1.0,,,,,,,,,,2.51455,Senel et al.: Mw=0.8095 ML+1.3003 (3.3<=ML<=6.6),,extrapolada,,,principal,,
SGC,SGC2019xntppu,,2019-11-30T01:25:53+00:00,2.746,-75.1723,4.0,1.2,MLr_2,"Rivera - Huila, Colombia",manual,0.4,145.0,22.0,SGC,0.1,0.8,0.8,3.0,,,,,,,,,,2.2717,Senel et al.: Mw=0.8095 ML+1.3003 (3.3<=ML<=6.6),,extrapolada,,,principal,,
SGC,SGC2019xrfmyj,,2019-12-01T22:38:17+00:00,3.2931,-75.2311,21.0,0.9,MLr_2,"Villavieja - Huila, Colombia",manual,0.2,262.0,8.0,SGC,0.3,2.1,2.1,2.0,,,,,,,,,,2.0288500000000003,Senel et al.: Mw=0.8095 ML+1.3003 (3.3<=ML<=6.6),,extrapolada,,,principal,,
SGC,SGC2019xtdtqv,,2019-12-02T23:54:40+00:00,3.151,-75.2265,1.0,1.2,MLr_2,"Tello - Huila, Colombia",manual,0.6,158.0,18.0,SGC,0.2,1.5,1.5,3.0,,,,,,,,,,2.2717,Senel et al.: Mw=0.8095 ML+1.3003 (3.3<=ML<=6.6),,extrapolada,,,principal,,
SGC,SGC2019xwyknv,,2019-12-05T01:31:08+00:00,2.6575,-75.3513,9.0,1.8,MLr_2,"Campoalegre - Huila, Colombia",manual,0.4,87.0,33.0,SGC,0.5,0.6,0.6,1.0,,,,,,,,,,2.7574,Senel et al.: Mw=0.8095 ML+1.3003 (3.3<=ML<=6.6),,extrapolada,,,principal,,
SGC,SGC2019xzceie,,2019-12-06T05:33:05+00:00,2.6715,-74.9863,172.0,2.0,MLr_2,"San Vicente del Caguán - Caquetá, Colombia",manual,0.4,180.0,11.0,SGC,0.5,3.0,3.0,4.0,,,,,,,,,,2.9193,Senel et al.: Mw=0.8095 ML+1.3003 (3.3<=ML<=6.6),,extrapolada,,,principal,,
SGC,SGC2019yeozlc,,2019-12-09T05:22:30+00:00,2.6165,-75.1573,3.0,1.3,MLr_2,"Algeciras - Huila, Colombia",manual,0.4,96.0,19.0,SGC,0.1,0.7,0.7,2.0,,,,,,,,,,2.35265,Senel et al.: Mw=0.8095 ML+1.3003 (3.3<=ML<=6.6),,extrapolada,,,principal,,
SGC,SGC2019ylizqj,,2019-12-12T21:53:02+00:00,2.8065,-74.8616,3.0,2.1,MLr_2,"San Vicente del Caguán - Caquetá, Colombia",manual,0.6,90.0,38.0,SGC,0.3,0.6,0.6,2.0,,,,,,,,,,3.0002500000000003,Senel et al.: Mw=0.8095 ML+1.3003 (3.3<=ML<=6.6),,extrapolada,,,principal,,
SGC,SGC2019yntykl,,2019-12-14T05:32:27+00:00,2.8861,-74.9061,8.0,1.5,MLr_2,"San Vicente del Caguán - Caquetá, Colombia",manual,0.6,85.0,18.0,SGC,1.9,1.4,1.4,4.0,,,,,,,,,,2.51455,Senel et al.: Mw=0.8095 ML+1.3003 (3.3<=ML<=6.6),,extrapolada,,,principal,,
SGC,SGC2019ypzlpj,,2019-12-15T10:27:34+00:00,2.5796,-75.3291,23.0,1.4,MLr_2,"Campoalegre - Huila, Colombia",manual,0.4,143.0,21.0,SGC,0.3,1.0,1.0,1.0,,,,,,,,,,2.4336,Senel et al.: Mw=0.8095 ML+1.3003 (3.3<=ML<=6.6),,extrapolada,,,principal,,
SGC,SGC2019ysukrq,,2019-12-16T23:09:05+00:00,3.0826,-75.0098,8.0,1.2,MLr_2,"Baraya - Huila, Colombia",manual,0.5,75.0,25.0,SGC,0.3,0.8,0.8,2.0,,,,,,,,,,2.2717,Senel et al.: Mw=0.8095 ML+1.3003 (3.3<=ML<=6.6),,extrapolada,,,principal,,
SGC,SGC2019zpeiov,,2019-12-29T03:46:49+00:00,3.0436,-75.2168,19.0,1.3,MLr_2,"Tello - Huila, Colombia",manual,0.6,74.0,32.0,SGC,0.2,0.8,0.8,3.0,,,,,,,,,,2.35265,Senel et al.: Mw=0.8095 ML+1.3003 (3.3<=ML<=6.6),,extrapolada,,,principal,,
SGC,SGC2019ztjuzi,,2019-12-31T10:49:58+00:00,2.5048,-75.4453,7.0,1.8,MLr_2,"Hobo - Huila, Colombia",manual,0.5,86.0,37.0,SGC,0.3,0.6,0.6,2.0,,,,,,,,,,2.7574,Senel et al.: Mw=0.8095 ML+1.3003 (3.3<=ML<=6.6),,extrapolada,,,principal,,
SGC,SGC2020aaachj,,2019-12-31T19:02:38+00:00,2.9108,-74.8428,4.0,1.8,MLr_2,"San Vicente del Caguán - Caquetá, Colombia",manual,0.7,84.0,35.0,SGC,0.1,0.8,0.8,2.0,,,,,,,,,,2.7574,Senel et al.: Mw=0.8095 ML+1.3003 (3.3<=ML<=6.6),,extrapolada,,,principal,,
SGC,SGC2020ahwmds,,2020-01-05T01:49:12+00:00,2.6518,-75.0258,16.0,1.0,MLr_2,"San Vicente del Caguán - Caquetá, Colombia",manual,0.4,203.0,8.0,SGC,0.3,3.7,3.7,5.0,,,,,,,,,,2.1098,Senel et al.: Mw=0.8095 ML+1.3003 (3.3<=ML<=6.6),,extrapolada,,,principal,,
SGC,SGC2020ahwunx,,2020-01-05T01:58:56+00:00,2.8211,-74.8653,5.0,1.5,MLr_2,"San Vicente del Caguán - Caquetá, Colombia",manual,0.3,89.0,29.0,SGC,0.3,0.5,0.5,2.0,,,,,,,,,,2.51455,Senel et al.: Mw=0.8095 ML+1.3003 (3.3<=ML<=6.6),,extrapolada,,,principal,,
SGC,SGC2020asptep,,2020-01-10T22:15:23+00:00,2.7188,-75.0236,15.0,1.2,MLr_2,"San Vicente del Caguán - Caquetá, Colombia",manual,0.5,93.0,16.0,SGC,0.2,1.3,1.3,3.0,,,,,,,,,,2.2717,Senel et al.: Mw=0.8095 ML+1.3003 (3.3<=ML<=6.6),,extrapolada,,,principal,,
SGC,SGC2020axvnus,,2020-01-13T18:32:33+00:00,2.8321,-74.892,13.0,1.3,MLr_2,"San Vicente del Caguán - Caquetá, Colombia",manual,0.1,291.0,8.0,SGC,0.2,1.2,1.2,2.0,,,,,,,,,,2.35265,Senel et al.: Mw=0.8095 ML+1.3003 (3.3<=ML<=6.6),,extrapolada,,,principal,,
SGC,SGC2020ayivjt,,2020-01-14T01:13:31+00:00,2.5806,-75.1385,5.0,2.2,MLr_2,"Puerto Rico - Caquetá, Colombia",manual,0.6,99.0,41.0,SGC,0.2,0.7,0.7,3.0,,,,,,,,,,3.0812,Senel et al.: Mw=0.8095 ML+1.3003 (3.3<=ML<=6.6),,extrapolada,,,principal,,
SGC,SGC2020aytymg,,2020-01-14T06:49:04+00:00,2.8143,-74.9331,10.0,1.3,MLr_2,"San Vicente del Caguán - Caquetá, Colombia",manual,0.5,222.0,9.0,SGC,0.1,3.0,3.0,6.0,,,,,,,,,,2.35265,Senel et al.: Mw=0.8095 ML+1.3003 (3.3<=ML<=6.6),,extrapolada,,,principal,,
SGC,SGC2020bcdltr,,2020-01-16T02:49:28+00:00,2.9076,-74.8538,2.0,1.0,MLr_2,"San Vicente del Caguán - Caquetá, Colombia",manual,0.2,284.0,8.0,SGC,0.2,2.3,2.3,7.0,,,,,,,,,,2.1098,Senel et al.: Mw=0.8095 ML+1.3003 (3.3<=ML<=6.6),,extrapolada,,,principal,,
SGC,SGC2020begkyr,,2020-01-17T06:27:59+00:00,2.737,-75.0056,4.0,2.4,MLr_2,"San Vicente del Caguán - Caquetá, Colombia",manual,0.5,92.0,32.0,SGC,0.2,0.6,0.6,1.0,,,,,,,,,,3.2431,Senel et al.: Mw=0.8095 ML+1.3003 (3.3<=ML<=6.6),,extrapolada,,,principal,,
SGC,SGC2020bexduk,,2020-01-17T14:52:36+00:00,2.6155,-75.1716,18.0,1.3,MLr_2,"Algeciras - Huila, Colombia",manual,0.1,279.0,8.0,SGC,0.2,1.1,1.1,1.0,,,,,,,,,,2.35265,Senel et al.: Mw=0.8095 ML+1.3003 (3.3<=ML<=6.6),,extrapolada,,,principal,,
SGC,SGC2020bhvftt,,2020-01-19T05:07:59+00:00,2.6415,-75.6091,5.0,1.1,MLr_2,"Íquira - Huila, Colombia",manual,0.3,98.0,16.0,SGC,0.2,0.5,0.5,2.0,,,,,,,,,,2.19075,Senel et al.: Mw=0.8095 ML+1.3003 (3.3<=ML<=6.6),,extrapolada,,,principal,,
SGC,SGC2020bquxnz,,2020-01-24T02:38:43+00:00,2.7058,-75.0608,3.0,1.4,MLr_2,"San Vicente del Caguán - Caquetá, Colombia",manual,0.4,93.0,22.0,SGC,0.2,0.5,0.5,1.0,,,,,,,,,,2.4336,Senel et al.: Mw=0.8095 ML+1.3003 (3.3<=ML<=6.6),,extrapolada,,,principal,,
SGC,SGC2020buabqo,,2020-01-25T20:27:46+00:00,2.8826,-74.842,3.0,1.3,MLr_2,"San Vicente del Caguán - Caquetá, Colombia",manual,0.2,228.0,11.0,SGC,0.2,1.2,1.2,2.0,,,,,,,,,,2.35265,Senel et al.: Mw=0.8095 ML+1.3003 (3.3<=ML<=6.6),,extrapolada,,,principal,,
SGC,SGC2020bvcgzg,,2020-01-26T10:38:46+00:00,2.494,-75.3201,20.0,1.2,MLr_2,"Algeciras - Huila, Colombia",manual,0.5,149.0,14.0,SGC,0.2,2.1,2.1,3.0,,,,,,,,,,2.2717,Senel et al.: Mw=0.8095 ML+1.3003 (3.3<=ML<=6.6),,extrapolada,,,principal,,
SGC,SGC2020cazgix,,2020-01-29T15:34:23+00:00,2.522,-75.4363,16.0,1.6,MLr_2,"Hobo - Huila, Colombia",manual,0.3,86.0,25.0,SGC,0.1,1.1,1.1,2.0,,,,,,,,,,2.5955000000000004,Senel et al.: Mw=0.8095 ML+1.3003 (3.3<=ML<=6.6),,extrapolada,,,principal,,
SGC,SGC2020cerize,,2020-01-31T15:53:57+00:00,2.7048,-75.0128,44.0,1.5,MLr_2,"San Vicente del Caguán - Caquetá, Colombia",manual,0.7,160.0,22.0,SGC,0.1,1.8,1.8,2.0,,,,,,,,,,2.51455,Senel et al.: Mw=0.8095 ML+1.3003 (3.3<=ML<=6.6),,extrapolada,,,principal,,
SGC,SGC2020cgwegu,,2020-02-01T20:28:19+00:00,2.5005,-75.3873,19.0,1.7,MLr_2,"Hobo - Huila, Colombia",manual,0.4,93.0,26.0,SGC,0.2,1.3,1.3,3.0,,,,,,,,,,2.67645,Senel et al.: Mw=0.8095 ML+1.3003 (3.3<=ML<=6.6),,extrapolada,,,principal,,
SGC,SGC2020chafvv,,2020-02-01T22:30:49+00:00,2.5395,-75.5048,6.0,1.3,MLr_2,"Hobo - Huila, Colombia",manual,0.7,140.0,19.0,SGC,0.2,1.6,1.6,3.0,,,,,,,,,,2.35265,Senel et al.: Mw=0.8095 ML+1.3003 (3.3<=ML<=6.6),,extrapolada,,,principal,,
SGC,SGC2020cniydv,,2020-02-05T09:20:18+00:00,2.8453,-74.8655,5.0,1.5,MLr_2,"San Vicente del Caguán - Caquetá, Colombia",manual,0.6,88.0,22.0,SGC,0.1,1.0,1.0,3.0,,,,,,,,,,2.51455,Senel et al.: Mw=0.8095 ML+1.3003 (3.3<=ML<=6.6),,extrapolada,,,principal,,
SGC,SGC2020cqoxnm,,2020-02-07T03:34:03+00:00,2.603,-75.1553,4.0,2.1,MLr_2,"Algeciras - Huila, Colombia",manual,0.5,97.0,34.0,SGC,0.2,0.6,0.6,3.0,,,,,,,,,,3.0002500000000003,Senel et al.: Mw=0.8095 ML+1.3003 (3.3<=ML<=6.6),,extrapolada,,,principal,,
SGC,SGC2020csctxj,,2020-02-07T23:36:43+00:00,2.6626,-75.0513,4.0,2.6,MLr_2,"San Vicente del Caguán - Caquetá, Colombia",manual,0.5,96.0,42.0,SGC,0.3,0.5,0.5,1.0,,,,,,,,,,3.405,Senel et al.: Mw=0.8095 ML+1.3003 (3.3<=ML<=6.6),,extrapolada,,,principal,,
SGC,SGC2020cucutc,,2020-02-09T01:46:37+00:00,2.8538,-74.8855,33.0,1.4,MLr_2,"San Vicente del Caguán - Caquetá, Colombia",manual,0.2,158.0,10.0,SGC,0.1,1.3,1.3,7.0,,,,,,,,,,2.4336,Senel et al.: Mw=0.8095 ML+1.3003 (3.3<=ML<=6.6),,extrapolada,,,principal,,
SGC,SGC2020cvggcd,,2020-02-09T16:34:48+00:00,2.65,-75.0596,4.0,1.4,MLr_2,"San Vicente del Caguán - Caquetá, Colombia",manual,0.5,97.0,19.0,SGC,0.1,0.8,0.8,3.0,,,,,,,,,,2.4336,Senel et al.: Mw=0.8095 ML+1.3003 (3.3<=ML<=6.6),,extrapolada,,,principal,,
SGC,SGC2020dbpoxv,,2020-02-13T03:43:26+00:00,2.6513,-75.079,4.0,1.9,MLr_2,"San Vicente del Caguán - Caquetá, Colombia",manual,0.3,96.0,34.0,SGC,0.2,0.4,0.4,1.0,,,,,,,,,,2.83835,Senel et al.: Mw=0.8095 ML+1.3003 (3.3<=ML<=6.6),,extrapolada,,,principal,,
SGC,SGC2020dodzzo,,2020-02-19T23:53:03+00:00,2.708,-75.0258,4.0,2.2,MLr_2,"San Vicente del Caguán - Caquetá, Colombia",manual,0.6,65.0,53.0,SGC,0.2,0.6,0.6,2.0,,,,,,,,,,3.0812,Senel et al.: Mw=0.8095 ML+1.3003 (3.3<=ML<=6.6),,extrapolada,,,principal,,
SGC,SGC2020doiaij,,2020-02-20T01:53:29+00:00,3.117,-74.9411,4.0,1.6,MLr_2,"Baraya - Huila, Colombia",manual,0.6,74.0,47.0,SGC,0.2,0.6,0.6,2.0,,,,,,,,,,2.5955000000000004,Senel et al.: Mw=0.8095 ML+1.3003 (3.3<=ML<=6.6),,extrapolada,,,principal,,
SGC,SGC2020duavry,,2020-02-23T04:43:45+00:00,2.7278,-74.9995,13.0,1.1,MLr_2,"San Vicente del Caguán - Caquetá, Colombia",manual,0.3,160.0,14.0,SGC,0.2,0.9,0.9,4.0,,,,,,,,,,2.19075,Senel et al.: Mw=0.8095 ML+1.3003 (3.3<=ML<=6.6),,extrapolada,,,principal,,
SGC,SGC2020eeqarh,,2020-02-28T23:06:52+00:00,2.7006,-75.0275,4.0,2.6,MLr_2,"San Vicente del Caguán - Caquetá, Colombia",manual,0.8,94.0,56.0,SGC,0.4,0.7,0.7,2.0,,,,,,,,,,3.405,Senel et al.: Mw=0.8095 ML+1.3003 (3.3<=ML<=6.6),,extrapolada,,,principal,,
SGC,SGC2020eflaxw,,2020-02-29T09:40:47+00:00,2.7203,-75.0131,8.0,1.2,MLr_2,"San Vicente del Caguán - Caquetá, Colombia",manual,0.3,159.0,19.0,SGC,0.1,0.7,0.7,3.0,,,,,,,,,,2.2717,Senel et al.: Mw=0.8095 ML+1.3003 (3.3<=ML<=6.6),,extrapolada,,,principal,,
SGC,SGC2020efmmnw,,2020-02-29T10:24:26+00:00,2.6546,-75.0838,5.0,1.6,MLr_2,"San Vicente del Caguán - Caquetá, Colombia",manual,0.4,158.0,30.0,SGC,0.3,0.8,0.8,2.0,,,,,,,,,,2.5955000000000004,Senel et al.: Mw=0.8095 ML+1.3003 (3.3<=ML<=6.6),,extrapolada,,,principal,,
SGC,SGC2020egimdt,,2020-02-29T21:27:46+00:00,2.6403,-75.314,4.0,1.2,MLr_2,"Campoalegre - Huila, Colombia",manual,0.8,141.0,20.0,SGC,0.2,1.5,1.5,4.0,,,,,,,,,,2.2717,Senel et al.: Mw=0.8095 ML+1.3003 (3.3<=ML<=6.6),,extrapolada,,,principal,,
SGC,SGC2020emesct,,2020-03-04T02:00:51+00:00,3.0486,-75.6886,4.0,1.2,MLr_2,"Planadas - Tolima, Colombia",manual,0.7,66.0,19.0,SGC,0.3,1.2,1.2,3.0,,,,,,,,,,2.2717,Senel et al.: Mw=0.8095 ML+1.3003 (3.3<=ML<=6.6),,extrapolada,,,principal,,
SGC,SGC2020eoiakz,,2020-03-05T05:49:58+00:00,2.6658,-75.0588,16.0,1.6,MLr_2,"San Vicente del Caguán - Caquetá, Colombia",manual,0.4,96.0,30.0,SGC,0.2,0.6,0.6,1.0,,,,,,,,,,2.5955000000000004,Senel et al.: Mw=0.8095 ML+1.3003 (3.3<=ML<=6.6),,extrapolada,,,principal,,
SGC,SGC2020exfyuk,,2020-03-10T02:28:00+00:00,3.1833,-75.1855,11.0,1.0,MLr_2,"Villavieja - Huila, Colombia",manual,0.2,268.0,9.0,SGC,0.4,1.1,1.1,2.0,,,,,,,,,,2.1098,Senel et al.: Mw=0.8095 ML+1.3003 (3.3<=ML<=6.6),,extrapolada,,,principal,,
SGC,SGC2020eyuojp,,2020-03-10T22:52:58+00:00,2.7191,-75.02,4.0,1.2,MLr_2,"San Vicente del Caguán - Caquetá, Colombia",manual,0.5,93.0,19.0,SGC,0.1,0.8,0.8,2.0,,,,,,,,,,2.2717,Senel et al.: Mw=0.8095 ML+1.3003 (3.3<=ML<=6.6),,extrapolada,,,principal,,
SGC,SGC2020fiqirb,,2020-03-16T07:30:24+00:00,2.5691,-75.5125,5.0,1.4,MLr_2,"Yaguará - Huila, Colombia",manual,0.7,118.0,18.0,SGC,0.2,1.2,1.2,6.0,,,,,,,,,,2.4336,Senel et al.: Mw=0.8095 ML+1.3003 (3.3<=ML<=6.6),,extrapolada,,,principal,,
SGC,SGC2020fnvxrk,,2020-03-19T03:41:04+00:00,2.6976,-75.082,4.0,1.1,MLr_2,"San Vicente del Caguán - Caquetá, Colombia",manual,0.4,215.0,18.0,SGC,0.2,1.2,1.2,2.0,,,,,,,,,,2.19075,Senel et al.: Mw=0.8095 ML+1.3003 (3.3<=ML<=6.6),,extrapolada,,,principal,,
SGC,SGC2020fsqilt,,2020-03-21T18:14:55+00:00,2.6273,-75.4353,31.0,1.2,MLr_2,"Campoalegre - Huila, Colombia",manual,0.8,177.0,13.0,SGC,0.1,4.0,4.0,4.0,,,,,,,,,,2.2717,Senel et al.: Mw=0.8095 ML+1.3003 (3.3<=ML<=6.6),,extrapolada,,,principal,,
SGC,SGC2020fwsgzl,,2020-03-23T23:31:28+00:00,3.2521,-75.2468,7.0,1.4,MLr_2,"Aipe - Huila, Colombia",manual,0.4,103.0,25.0,SGC,0.3,0.7,0.7,2.0,,,,,,,,,,2.4336,Senel et al.: Mw=0.8095 ML+1.3003 (3.3<=ML<=6.6),,extrapolada,,,principal,,
SGC,SGC2020gafkdq,,2020-03-25T21:20:48+00:00,2.5678,-75.4253,0.0,1.1,MLr_2,"Hobo - Huila, Colombia",manual,0.6,135.0,6.0,SGC,0.3,2.9,2.9,7.0,,,,,,,,,,2.19075,Senel et al.: Mw=0.8095 ML+1.3003 (3.3<=ML<=6.6),,extrapolada,,,principal,,
SGC,SGC2020galgda,,2020-03-26T00:17:09+00:00,2.6833,-75.0105,4.0,1.2,MLr_2,"San Vicente del Caguán - Caquetá, Colombia",manual,0.9,162.0,12.0,SGC,0.2,3.7,3.7,5.0,,,,,,,,,,2.2717,Senel et al.: Mw=0.8095 ML+1.3003 (3.3<=ML<=6.6),,extrapolada,,,principal,,
SGC,SGC2020gcaneb,,2020-03-26T21:02:23+00:00,2.5013,-75.339,34.0,1.3,MLr_2,"Algeciras - Huila, Colombia",manual,0.3,147.0,16.0,SGC,0.1,0.8,0.8,2.0,,,,,,,,,,2.35265,Senel et al.: Mw=0.8095 ML+1.3003 (3.3<=ML<=6.6),,extrapolada,,,principal,,
SGC,SGC2020gcyras,,2020-03-27T09:11:06+00:00,2.735,-75.0078,39.0,1.5,MLr_2,"San Vicente del Caguán - Caquetá, Colombia",manual,0.4,158.0,22.0,SGC,0.1,1.2,1.2,2.0,,,,,,,,,,2.51455,Senel et al.: Mw=0.8095 ML+1.3003 (3.3<=ML<=6.6),,extrapolada,,,principal,,
SGC,SGC2020ghpkos,,2020-03-29T21:54:20+00:00,2.5366,-75.4608,18.0,1.1,MLr_2,"Hobo - Huila, Colombia",manual,0.4,128.0,12.0,SGC,0.2,1.8,1.8,3.0,,,,,,,,,,2.19075,Senel et al.: Mw=0.8095 ML+1.3003 (3.3<=ML<=6.6),,extrapolada,,,principal,,
SGC,SGC2020gnlkju,,2020-04-02T02:20:17+00:00,3.0158,-75.1535,8.0,1.2,MLr_2,"Tello - Huila, Colombia",manual,0.8,102.0,18.0,SGC,0.2,1.6,1.6,3.0,,,,,,,,,,2.2717,Senel et al.: Mw=0.8095 ML+1.3003 (3.3<=ML<=6.6),,extrapolada,,,principal,,
SGC,SGC2020gogbtc,,2020-04-02T12:43:52+00:00,3.1706,-75.5191,51.0,1.0,MLr_2,"Neiva - Huila, Colombia",manual,0.5,192.0,12.0,SGC,0.1,2.3,2.3,5.0,,,,,,,,,,2.1098,Senel et al.: Mw=0.8095 ML+1.3003 (3.3<=ML<=6.6),,extrapolada,,,principal,,
SGC,SGC2020grhejg,,2020-04-04T04:30:30+00:00,3.3133,-75.1296,17.0,1.1,MLr_2,"Villavieja - Huila, Colombia",manual,0.4,103.0,16.0,SGC,0.2,0.9,0.9,2.0,,,,,,,,,,2.19075,Senel et al.: Mw=0.8095 ML+1.3003 (3.3<=ML<=6.6),,extrapolada,,,principal,,
SGC,SGC2020gygtso,,2020-04-07T23:49:29+00:00,2.6978,-75.3226,15.0,1.3,MLr_2,"Campoalegre - Huila, Colombia",manual,0.3,87.0,11.0,SGC,0.2,0.8,0.8,3.0,,,,,,,,,,2.35265,Senel et al.: Mw=0.8095 ML+1.3003 (3.3<=ML<=6.6),,extrapolada,,,principal,,
SGC,SGC2020gzhmyw,,2020-04-08T13:16:18+00:00,2.6416,-75.0823,3.0,2.2,MLr_2,"San Vicente del Caguán - Caquetá, Colombia",manual,0.7,97.0,45.0,SGC,0.3,0.7,0.7,2.0,,,,,,,,,,3.0812,Senel et al.: Mw=0.8095 ML+1.3003 (3.3<=ML<=6.6),,extrapolada,,,principal,,
SGC,SGC2020hiaijh,,2020-04-13T07:20:02+00:00,2.7611,-75.5383,18.0,1.4,MLr_2,"Teruel - Huila, Colombia",manual,0.4,66.0,27.0,SGC,0.2,0.8,0.8,1.0,,,,,,,,,,2.4336,Senel et al.: Mw=0.8095 ML+1.3003 (3.3<=ML<=6.6),,extrapolada,,,principal,,
SGC,SGC2020hlaxrg,,2020-04-14T22:51:13+00:00,2.5241,-75.4665,24.0,0.9,MLr_2,"Hobo - Huila, Colombia",manual,0.3,158.0,12.0,SGC,0.2,1.0,1.0,1.0,,,,,,,,,,2.0288500000000003,Senel et al.: Mw=0.8095 ML+1.3003 (3.3<=ML<=6.6),,extrapolada,,,principal,,
SGC,SGC2020hmzvux,,2020-04-16T00:27:50+00:00,2.8316,-75.1468,8.0,1.3,MLr_2,"Neiva - Huila, Colombia",manual,0.4,84.0,27.0,SGC,0.1,0.6,0.6,1.0,,,,,,,,,,2.35265,Senel et al.: Mw=0.8095 ML+1.3003 (3.3<=ML<=6.6),,extrapolada,,,principal,,
SGC,SGC2020hswwkn,,2020-04-19T05:24:52+00:00,2.6965,-75.0783,14.0,1.2,MLr_2,"San Vicente del Caguán - Caquetá, Colombia",manual,0.4,93.0,14.0,SGC,0.1,1.0,1.0,2.0,,,,,,,,,,2.2717,Senel et al.: Mw=0.8095 ML+1.3003 (3.3<=ML<=6.6),,extrapolada,,,principal,,
SGC,SGC2020huzkch,,2020-04-20T08:49:56+00:00,2.6921,-75.0105,16.0,1.3,MLr_2,"San Vicente del Caguán - Caquetá, Colombia",manual,0.2,136.0,14.0,SGC,0.1,0.8,0.8,1.0,,,,,,,,,,2.35265,Senel et al.: Mw=0.8095 ML+1.3003 (3.3<=ML<=6.6),,extrapolada,,,principal,,
SGC,SGC2020hwkfcy,,2020-04-21T03:20:33+00:00,3.3196,-75.2341,65.0,1.1,MLr_2,"Aipe - Huila, Colombia",manual,0.5,63.0,17.0,SGC,0.2,1.5,1.5,6.0,,,,,,,,,,2.19075,Senel et al.: Mw=0.8095 ML+1.3003 (3.3<=ML<=6.6),,extrapolada,,,principal,,
SGC,SGC2020ibeuyi,,2020-04-23T18:00:21+00:00,3.1363,-74.9381,5.0,1.2,MLr_2,"Baraya - Huila, Colombia",manual,0.5,74.0,17.0,SGC,0.2,1.3,1.3,4.0,,,,,,,,,,2.2717,Senel et al.: Mw=0.8095 ML+1.3003 (3.3<=ML<=6.6),,extrapolada,,,principal,,
SGC,SGC2020ibthfq,,2020-04-24T01:16:59+00:00,2.7531,-75.0353,32.0,1.7,MLr_2,"San Vicente del Caguán - Caquetá, Colombia",manual,0.9,91.0,20.0,SGC,0.2,2.6,2.0,5.0,,,,,,,,,,2.67645,Senel et al.: Mw=0.8095 ML+1.3003 (3.3<=ML<=6.6),,extrapolada,,,principal,,
SGC,SGC2020idabtt,,2020-04-24T17:46:21+00:00,2.6861,-75.077,8.0,1.3,MLr_2,"San Vicente del Caguán - Caquetá, Colombia",manual,0.4,156.0,15.0,SGC,0.1,0.8,0.8,4.0,,,,,,,,,,2.35265,Senel et al.: Mw=0.8095 ML+1.3003 (3.3<=ML<=6.6),,extrapolada,,,principal,,
SGC,SGC2020igieww,,2020-04-26T13:04:47+00:00,2.5601,-75.3395,22.0,1.1,MLr_2,"Campoalegre - Huila, Colombia",manual,0.4,176.0,10.0,SGC,0.1,1.3,1.3,2.0,,,,,,,,,,2.19075,Senel et al.: Mw=0.8095 ML+1.3003 (3.3<=ML<=6.6),,extrapolada,,,principal,,
SGC,SGC2020ijnldf,,2020-04-28T06:56:19+00:00,2.5201,-75.4493,25.0,1.5,MLr_2,"Hobo - Huila, Colombia",manual,0.3,132.0,16.0,SGC,0.1,0.7,0.7,1.0,,,,,,,,,,2.51455,Senel et al.: Mw=0.8095 ML+1.3003 (3.3<=ML<=6.6),,extrapolada,,,principal,,
SGC,SGC2020ijuldi,,2020-04-28T10:28:13+00:00,2.7706,-74.9871,4.0,1.5,MLr_2,"San Vicente del Caguán - Caquetá, Colombia",manual,0.4,157.0,25.0,SGC,0.3,0.6,0.6,1.0,,,,,,,,,,2.51455,Senel et al.: Mw=0.8095 ML+1.3003 (3.3<=ML<=6.6),,extrapolada,,,principal,,
SGC,SGC2020iukkng,,2020-05-04T05:14:19+00:00,2.4913,-75.241,4.0,1.3,MLr_2,"Algeciras - Huila, Colombia",manual,0.9,116.0,20.0,SGC,0.1,1.5,1.5,6.0,,,,,,,,,,2.35265,Senel et al.: Mw=0.8095 ML+1.3003 (3.3<=ML<=6.6),,extrapolada,,,principal,,
SGC,SGC2020ixmfjs,,2020-05-05T21:22:08+00:00,2.5426,-75.2071,4.0,1.6,MLr_2,"Algeciras - Huila, Colombia",manual,0.4,99.0,29.0,SGC,0.3,0.6,0.6,3.0,,,,,,,,,,2.5955000000000004,Senel et al.: Mw=0.8095 ML+1.3003 (3.3<=ML<=6.6),,extrapolada,,,principal,,
SGC,SGC2020jercac,,2020-05-09T19:20:24+00:00,2.6983,-75.04,6.0,1.6,MLr_2,"San Vicente del Caguán - Caquetá, Colombia",manual,0.4,94.0,29.0,SGC,0.2,0.6,0.6,2.0,,,,,,,,,,2.5955000000000004,Senel et al.: Mw=0.8095 ML+1.3003 (3.3<=ML<=6.6),,extrapolada,,,principal,,
SGC,SGC2020jhmwhm,,2020-05-11T08:26:31+00:00,2.5283,-75.413,20.0,1.3,MLr_2,"Hobo - Huila, Colombia",manual,0.4,169.0,20.0,SGC,0.3,1.0,1.0,1.0,,,,,,,,,,2.35265,Senel et al.: Mw=0.8095 ML+1.3003 (3.3<=ML<=6.6),,extrapolada,,,principal,,
SGC,SGC2020jsfyrh,,2020-05-17T04:47:18+00:00,2.7141,-75.028,4.0,1.2,MLr_2,"San Vicente del Caguán - Caquetá, Colombia",manual,0.4,107.0,16.0,SGC,0.1,0.6,0.6,2.0,,,,,,,,,,2.2717,Senel et al.: Mw=0.8095 ML+1.3003 (3.3<=ML<=6.6),,extrapolada,,,principal,,
SGC,SGC2020jwtpys,,2020-05-19T15:57:30+00:00,2.8953,-75.6513,4.0,1.3,MLr_2,"Santa María - Huila, Colombia",manual,1.1,145.0,11.0,SGC,0.2,3.0,3.0,0.0,,,,,,,,,,2.35265,Senel et al.: Mw=0.8095 ML+1.3003 (3.3<=ML<=6.6),,extrapolada,,,principal,,
SGC,SGC2020kmhinv,,2020-05-28T02:58:26+00:00,2.6543,-75.0266,5.0,2.0,MLr_2,"San Vicente del Caguán - Caquetá, Colombia",manual,0.4,97.0,40.0,SGC,0.2,0.5,0.5,2.0,,,,,,,,,,2.9193,Senel et al.: Mw=0.8095 ML+1.3003 (3.3<=ML<=6.6),,extrapolada,,,principal,,
SGC,SGC2020kmzdsl,,2020-05-28T11:55:56+00:00,3.333,-75.1231,22.0,1.4,MLr_2,"Villavieja - Huila, Colombia",manual,0.4,100.0,24.0,SGC,0.2,0.8,0.8,1.0,,,,,,,,,,2.4336,Senel et al.: Mw=0.8095 ML+1.3003 (3.3<=ML<=6.6),,extrapolada,,,principal,,
SGC,SGC2020kpbkui,,2020-05-29T15:13:26+00:00,2.878,-74.8565,6.0,1.5,MLr_2,"San Vicente del Caguán - Caquetá, Colombia",manual,0.4,86.0,27.0,SGC,0.1,0.8,0.8,2.0,,,,,,,,,,2.51455,Senel et al.: Mw=0.8095 ML+1.3003 (3.3<=ML<=6.6),,extrapolada,,,principal,,
SGC,SGC2020kpzdkq,,2020-05-30T03:09:00+00:00,2.659,-75.0588,10.0,1.2,MLr_2,"San Vicente del Caguán - Caquetá, Colombia",manual,0.3,104.0,17.0,SGC,0.1,0.6,0.6,2.0,,,,,,,,,,2.2717,Senel et al.: Mw=0.8095 ML+1.3003 (3.3<=ML<=6.6),,extrapolada,,,principal,,
SGC,SGC2020krfxwk,,2020-05-30T19:38:15+00:00,3.2355,-75.3485,17.0,0.9,MLr_2,"Aipe - Huila, Colombia",manual,0.4,271.0,7.0,SGC,0.4,4.2,4.2,5.0,,,,,,,,,,2.0288500000000003,Senel et al.: Mw=0.8095 ML+1.3003 (3.3<=ML<=6.6),,extrapolada,,,principal,,
SGC,SGC2020krmkks,,2020-05-30T22:53:51+00:00,2.7128,-75.0105,8.0,1.3,MLr_2,"San Vicente del Caguán - Caquetá, Colombia",manual,0.3,109.0,14.0,SGC,0.1,0.7,0.7,2.0,,,,,,,,,,2.35265,Senel et al.: Mw=0.8095 ML+1.3003 (3.3<=ML<=6.6),,extrapolada,,,principal,,
SGC,SGC2020krnzhs,,2020-05-30T23:41:17+00:00,2.7608,-75.0308,5.0,1.8,MLr_2,"San Vicente del Caguán - Caquetá, Colombia",manual,0.7,73.0,35.0,SGC,0.2,1.0,1.0,3.0,,,,,,,,,,2.7574,Senel et al.: Mw=0.8095 ML+1.3003 (3.3<=ML<=6.6),,extrapolada,,,principal,,
SGC,SGC2020kzidmt,,2020-06-04T05:20:56+00:00,3.0563,-75.1945,13.0,1.2,MLr_2,"Tello - Huila, Colombia",manual,0.3,99.0,20.0,SGC,0.1,0.7,0.7,1.0,,,,,,,,,,2.2717,Senel et al.: Mw=0.8095 ML+1.3003 (3.3<=ML<=6.6),,extrapolada,,,principal,,
SGC,SGC2020lggxke,,2020-06-08T00:15:00+00:00,2.7055,-75.03,5.0,2.1,MLr_2,"San Vicente del Caguán - Caquetá, Colombia",manual,0.5,94.0,43.0,SGC,0.2,0.6,0.6,2.0,,,,,,,,,,3.0002500000000003,Senel et al.: Mw=0.8095 ML+1.3003 (3.3<=ML<=6.6),,extrapolada,,,principal,,
SGC,SGC2020lkfqys,,2020-06-10T03:55:16+00:00,2.4845,-75.3153,25.0,1.0,MLr_2,"Algeciras - Huila, Colombia",manual,0.3,181.0,12.0,SGC,0.2,1.8,1.8,1.0,,,,,,,,,,2.1098,Senel et al.: Mw=0.8095 ML+1.3003 (3.3<=ML<=6.6),,extrapolada,,,principal,,
SGC,SGC2020lnhtxr,,2020-06-11T20:12:28+00:00,2.7341,-74.993,3.0,2.1,MLr_2,"San Vicente del Caguán - Caquetá, Colombia",manual,0.9,106.0,33.0,SGC,0.3,1.3,1.3,3.0,,,,,,,,,,3.0002500000000003,Senel et al.: Mw=0.8095 ML+1.3003 (3.3<=ML<=6.6),,extrapolada,,,principal,,
SGC,SGC2020mgqrqf,,2020-06-22T09:06:22+00:00,2.485,-75.2758,39.0,1.8,MLr_2,"Algeciras - Huila, Colombia",manual,0.4,153.0,26.0,SGC,0.2,0.8,0.8,2.0,,,,,,,,,,2.7574,Senel et al.: Mw=0.8095 ML+1.3003 (3.3<=ML<=6.6),,extrapolada,,,principal,,
SGC,SGC2020mrklky,,2020-06-28T05:47:24+00:00,3.0481,-75.1815,12.0,1.2,MLr_2,"Tello - Huila, Colombia",manual,0.3,176.0,14.0,SGC,0.1,1.3,1.3,2.0,,,,,,,,,,2.2717,Senel et al.: Mw=0.8095 ML+1.3003 (3.3<=ML<=6.6),,extrapolada,,,principal,,
SGC,SGC2020mvwgua,,2020-06-30T16:01:58+00:00,2.6283,-75.1766,4.0,1.3,MLr_2,"Algeciras - Huila, Colombia",manual,0.4,163.0,19.0,SGC,0.1,1.1,1.1,3.0,,,,,,,,,,2.35265,Senel et al.: Mw=0.8095 ML+1.3003 (3.3<=ML<=6.6),,extrapolada,,,principal,,
SGC,SGC2020mzgvuw,,2020-07-02T12:34:33+00:00,2.8866,-74.847,8.0,1.4,MLr_2,"San Vicente del Caguán - Caquetá, Colombia",manual,0.3,159.0,14.0,SGC,0.3,0.8,0.8,2.0,,,,,,,,,,2.4336,Senel et al.: Mw=0.8095 ML+1.3003 (3.3<=ML<=6.6),,extrapolada,,,principal,,
SGC,SGC2020nhfwoi,,2020-07-06T20:41:04+00:00,2.7308,-75.0185,6.0,1.4,MLr_2,"San Vicente del Caguán - Caquetá, Colombia",manual,0.5,93.0,26.0,SGC,0.1,0.8,0.8,2.0,,,,,,,,,,2.4336,Senel et al.: Mw=0.8095 ML+1.3003 (3.3<=ML<=6.6),,extrapolada,,,principal,,
SGC,SGC2020noxico,,2020-07-11T00:58:43+00:00,3.2366,-75.0773,7.0,1.7,MLr_2,"Villavieja - Huila, Colombia",manual,0.5,68.0,34.0,SGC,0.2,0.7,0.7,2.0,,,,,,,,,,2.67645,Senel et al.: Mw=0.8095 ML+1.3003 (3.3<=ML<=6.6),,extrapolada,,,principal,,
SGC,SGC2020ntqwzr,,2020-07-13T15:07:11+00:00,2.7136,-75.0225,4.0,2.4,MLr_2,"San Vicente del Caguán - Caquetá, Colombia",manual,0.7,106.0,48.0,SGC,0.3,0.8,0.8,2.0,,,,,,,,,,3.2431,Senel et al.: Mw=0.8095 ML+1.3003 (3.3<=ML<=6.6),,extrapolada,,,principal,,
SGC,SGC2020nzaols,,2020-07-16T13:21:21+00:00,3.0383,-74.8581,12.0,1.2,MLr_2,"Baraya - Huila, Colombia",manual,0.4,262.0,9.0,SGC,0.3,3.0,3.0,5.0,,,,,,,,,,2.2717,Senel et al.: Mw=0.8095 ML+1.3003 (3.3<=ML<=6.6),,extrapolada,,,principal,,
SGC,SGC2020nznwnz,,2020-07-16T20:02:59+00:00,2.7388,-75.0755,19.0,1.3,MLr_2,"San Vicente del Caguán - Caquetá, Colombia",manual,0.8,105.0,18.0,SGC,0.2,1.6,1.6,3.0,,,,,,,,,,2.35265,Senel et al.: Mw=0.8095 ML+1.3003 (3.3<=ML<=6.6),,extrapolada,,,principal,,
SGC,SGC2020oafhzd,,2020-07-17T04:49:11+00:00,2.6308,-75.1126,5.0,2.0,MLr_2,"San Vicente del Caguán - Caquetá, Colombia",manual,0.4,97.0,32.0,SGC,0.2,0.6,0.6,2.0,,,,,,,,,,2.9193,Senel et al.: Mw=0.8095 ML+1.3003 (3.3<=ML<=6.6),,extrapolada,,,principal,,
SGC,SGC2020obfzbb,,2020-07-17T18:13:27+00:00,2.6273,-75.084,3.0,1.5,MLr_2,"San Vicente del Caguán - Caquetá, Colombia",manual,0.8,112.0,18.0,SGC,0.1,1.4,1.4,4.0,,,,,,,,,,2.51455,Senel et al.: Mw=0.8095 ML+1.3003 (3.3<=ML<=6.6),,extrapolada,,,principal,,
SGC,SGC2020oceqpo,,2020-07-18T06:37:58+00:00,2.6718,-75.3878,13.0,1.8,MLr_2,"Campoalegre - Huila, Colombia",manual,0.3,84.0,22.0,SGC,0.2,0.5,0.5,1.0,,,,,,,,,,2.7574,Senel et al.: Mw=0.8095 ML+1.3003 (3.3<=ML<=6.6),,extrapolada,,,principal,,
SGC,SGC2020ocgdfp,,2020-07-18T07:22:47+00:00,2.6648,-75.1011,13.0,1.1,MLr_2,"San Vicente del Caguán - Caquetá, Colombia",manual,0.3,196.0,12.0,SGC,0.1,1.1,1.1,2.0,,,,,,,,,,2.19075,Senel et al.: Mw=0.8095 ML+1.3003 (3.3<=ML<=6.6),,extrapolada,,,principal,,
SGC,SGC2020ocpyvn,,2020-07-18T12:19:24+00:00,2.5318,-75.2426,18.0,1.5,MLr_2,"Algeciras - Huila, Colombia",manual,0.4,98.0,20.0,SGC,0.1,1.5,1.5,2.0,,,,,,,,,,2.51455,Senel et al.: Mw=0.8095 ML+1.3003 (3.3<=ML<=6.6),,extrapolada,,,principal,,
SGC,SGC2020ohhdgl,,2020-07-21T01:15:22+00:00,2.5006,-75.3753,13.0,1.5,MLr_2,"Algeciras - Huila, Colombia",manual,0.3,94.0,14.0,SGC,0.2,1.8,1.8,5.0,,,,,,,,,,2.51455,Senel et al.: Mw=0.8095 ML+1.3003 (3.3<=ML<=6.6),,extrapolada,,,principal,,
SGC,SGC2020oitlde,,2020-07-21T20:31:03+00:00,2.8736,-74.843,5.0,1.1,MLr_2,"San Vicente del Caguán - Caquetá, Colombia",manual,0.6,154.0,7.0,SGC,0.1,3.3,3.3,6.0,,,,,,,,,,2.19075,Senel et al.: Mw=0.8095 ML+1.3003 (3.3<=ML<=6.6),,extrapolada,,,principal,,
SGC,SGC2020olajqv,,2020-07-23T02:09:30+00:00,2.657,-75.3533,11.0,1.9,MLr_2,"Campoalegre - Huila, Colombia",manual,0.5,87.0,31.0,SGC,0.3,0.9,0.9,2.0,,,,,,,,,,2.83835,Senel et al.: Mw=0.8095 ML+1.3003 (3.3<=ML<=6.6),,extrapolada,,,principal,,
SGC,SGC2020ooppyc,,2020-07-25T01:02:47+00:00,3.0328,-74.8538,14.0,1.3,MLr_2,"Baraya - Huila, Colombia",manual,0.9,150.0,8.0,SGC,0.5,4.3,4.3,9.0,,,,,,,,,,2.35265,Senel et al.: Mw=0.8095 ML+1.3003 (3.3<=ML<=6.6),,extrapolada,,,principal,,
SGC,SGC2020opfwnf,,2020-07-25T09:13:10+00:00,2.5025,-75.3715,21.0,1.3,MLr_2,"Algeciras - Huila, Colombia",manual,0.7,175.0,16.0,SGC,0.2,2.8,2.8,5.0,,,,,,,,,,2.35265,Senel et al.: Mw=0.8095 ML+1.3003 (3.3<=ML<=6.6),,extrapolada,,,principal,,
SGC,SGC2020oqfkfm,,2020-07-25T22:03:23+00:00,3.3413,-75.2396,3.0,1.1,MLr_2,"Aipe - Huila, Colombia",manual,0.2,163.0,8.0,SGC,0.2,1.1,1.1,2.0,,,,,,,,,,2.19075,Senel et al.: Mw=0.8095 ML+1.3003 (3.3<=ML<=6.6),,extrapolada,,,principal,,
SGC,SGC2020orjwst,,2020-07-26T13:23:04+00:00,3.2956,-75.2123,21.0,0.9,MLr_2,"Villavieja - Huila, Colombia",manual,0.2,210.0,9.0,SGC,0.3,1.4,1.4,1.0,,,,,,,,,,2.0288500000000003,Senel et al.: Mw=0.8095 ML+1.3003 (3.3<=ML<=6.6),,extrapolada,,,principal,,
SGC,SGC2020osgbmm,,2020-07-27T00:32:22+00:00,2.9085,-75.0476,6.0,1.2,MLr_2,"Neiva - Huila, Colombia",manual,0.6,158.0,8.0,SGC,0.4,3.7,3.7,9.0,,,,,,,,,,2.2717,Senel et al.: Mw=0.8095 ML+1.3003 (3.3<=ML<=6.6),,extrapolada,,,principal,,
SGC,SGC2020ovyaoy,,2020-07-29T00:47:51+00:00,2.7107,-75.0113,0.0,1.7,MLr_2,"San Vicente del Caguán - Caquetá, Colombia",manual,1.0,94.0,14.0,SGC,0.3,1.5,1.4,0.0,,,,,,,,,,2.67645,Senel et al.: Mw=0.8095 ML+1.3003 (3.3<=ML<=6.6),,extrapolada,,,principal,,
SGC,SGC2020oywnmf,,2020-07-30T15:15:53+00:00,3.3403,-75.1703,18.0,1.4,MLr_2,"Villavieja - Huila, Colombia",manual,0.4,158.0,13.0,SGC,0.6,1.7,1.7,3.0,,,,,,,,,,2.4336,Senel et al.: Mw=0.8095 ML+1.3003 (3.3<=ML<=6.6),,extrapolada,,,principal,,
SGC,SGC2020ozznxm,,2020-07-31T05:51:23+00:00,2.7031,-75.0301,4.0,1.7,MLr_2,"San Vicente del Caguán - Caquetá, Colombia",manual,0.4,96.0,20.0,SGC,0.3,0.8,0.8,3.0,,,,,,,,,,2.67645,Senel et al.: Mw=0.8095 ML+1.3003 (3.3<=ML<=6.6),,extrapolada,,,principal,,
SGC,SGC2020pvyjie,,2020-08-12T04:54:21+00:00,2.5,-75.2598,4.0,1.4,MLr_2,"Algeciras - Huila, Colombia",manual,0.6,113.0,25.0,SGC,0.1,0.7,0.7,2.0,,,,,,,,,,2.4336,Senel et al.: Mw=0.8095 ML+1.3003 (3.3<=ML<=6.6),,extrapolada,,,principal,,
SGC,SGC2020qfinuu,,2020-08-17T07:41:32+00:00,2.6333,-75.127,4.0,2.3,MLr_2,"San Vicente del Caguán - Caquetá, Colombia",manual,0.4,109.0,41.0,SGC,0.2,0.4,0.4,1.0,,,,,,,,,,3.16215,Senel et al.: Mw=0.8095 ML+1.3003 (3.3<=ML<=6.6),,extrapolada,,,principal,,
SGC,SGC2020qgkjte,,2020-08-17T21:41:40+00:00,2.6338,-75.1016,16.0,1.2,MLr_2,"San Vicente del Caguán - Caquetá, Colombia",manual,0.8,141.0,10.0,SGC,0.2,3.1,3.1,6.0,,,,,,,,,,2.2717,Senel et al.: Mw=0.8095 ML+1.3003 (3.3<=ML<=6.6),,extrapolada,,,principal,,
SGC,SGC2020qhtchq,,2020-08-18T15:09:03+00:00,2.82,-74.9078,7.0,1.2,MLr_2,"San Vicente del Caguán - Caquetá, Colombia",manual,0.1,291.0,8.0,SGC,0.2,0.8,0.8,1.0,,,,,,,,,,2.2717,Senel et al.: Mw=0.8095 ML+1.3003 (3.3<=ML<=6.6),,extrapolada,,,principal,,
SGC,SGC2020qkymuh,,2020-08-20T09:05:30+00:00,2.5098,-75.4513,2.0,1.4,MLr_2,"Hobo - Huila, Colombia",manual,0.3,132.0,13.0,SGC,0.1,0.7,0.7,2.0,,,,,,,,,,2.4336,Senel et al.: Mw=0.8095 ML+1.3003 (3.3<=ML<=6.6),,extrapolada,,,principal,,
SGC,SGC2020qlzkzs,,2020-08-20T22:38:04+00:00,2.5536,-75.3743,18.0,1.2,MLr_2,"Campoalegre - Huila, Colombia",manual,0.3,143.0,11.0,SGC,0.2,1.8,1.8,4.0,,,,,,,,,,2.2717,Senel et al.: Mw=0.8095 ML+1.3003 (3.3<=ML<=6.6),,extrapolada,,,principal,,
SGC,SGC2020qmlepb,,2020-08-21T04:32:42+00:00,2.4976,-75.424,20.0,1.4,MLr_2,"Hobo - Huila, Colombia",manual,0.5,90.0,16.0,SGC,0.2,2.2,2.2,4.0,,,,,,,,,,2.4336,Senel et al.: Mw=0.8095 ML+1.3003 (3.3<=ML<=6.6),,extrapolada,,,principal,,
SGC,SGC2020qtpipe,,2020-08-25T02:09:22+00:00,2.6135,-75.2383,6.0,1.3,MLr_2,"Algeciras - Huila, Colombia",manual,0.2,214.0,15.0,SGC,0.2,1.1,1.1,3.0,,,,,,,,,,2.35265,Senel et al.: Mw=0.8095 ML+1.3003 (3.3<=ML<=6.6),,extrapolada,,,principal,,
SGC,SGC2020qxdzfg,,2020-08-27T00:44:29+00:00,2.6768,-75.048,7.0,3.9,MLr_2,"San Vicente del Caguán - Caquetá, Colombia",manual,0.7,173.0,38.0,SGC,0.2,1.1,1.1,3.0,,,,,,,,,,4.45735,Senel et al.: Mw=0.8095 ML+1.3003 (3.3<=ML<=6.6),,dentro_de_rango,,,principal,,
SGC,SGC2020qxegvb,,2020-08-27T00:53:19+00:00,2.6803,-75.0415,4.0,1.4,MLr_2,"San Vicente del Caguán - Caquetá, Colombia",manual,0.5,109.0,18.0,SGC,0.1,0.8,0.8,2.0,,,,,,,,,,2.4336,Senel et al.: Mw=0.8095 ML+1.3003 (3.3<=ML<=6.6),,extrapolada,,,principal,,
SGC,SGC2020rchcin,,2020-08-29T19:42:04+00:00,2.5041,-75.418,19.0,1.3,MLr_2,"Hobo - Huila, Colombia",manual,0.5,96.0,18.0,SGC,0.1,1.1,1.1,2.0,,,,,,,,,,2.35265,Senel et al.: Mw=0.8095 ML+1.3003 (3.3<=ML<=6.6),,extrapolada,,,principal,,
SGC,SGC2020rewqqc,,2020-08-31T05:39:07+00:00,2.8023,-74.9813,4.0,1.3,MLr_2,"San Vicente del Caguán - Caquetá, Colombia",manual,0.3,132.0,12.0,SGC,0.1,0.7,0.7,2.0,,,,,,,,,,2.35265,Senel et al.: Mw=0.8095 ML+1.3003 (3.3<=ML<=6.6),,extrapolada,,,principal,,
SGC,SGC2020rhvlzn,,2020-09-01T20:17:00+00:00,2.5981,-75.4095,8.0,1.1,MLr_2,"Campoalegre - Huila, Colombia",manual,0.4,184.0,12.0,SGC,0.1,1.5,1.5,4.0,,,,,,,,,,2.19075,Senel et al.: Mw=0.8095 ML+1.3003 (3.3<=ML<=6.6),,extrapolada,,,principal,,
SGC,SGC2020rpzanq,,2020-09-06T06:40:11+00:00,2.6685,-75.0645,14.0,1.4,MLr_2,"San Vicente del Caguán - Caquetá, Colombia",manual,0.3,109.0,10.0,SGC,0.1,1.6,1.6,5.0,,,,,,,,,,2.4336,Senel et al.: Mw=0.8095 ML+1.3003 (3.3<=ML<=6.6),,extrapolada,,,principal,,
SGC,SGC2020rutrxb,,2020-09-08T21:21:41+00:00,2.705,-75.0173,5.0,1.7,MLr_2,"San Vicente del Caguán - Caquetá, Colombia",manual,0.6,107.0,27.0,SGC,0.2,0.8,0.8,2.0,,,,,,,,,,2.67645,Senel et al.: Mw=0.8095 ML+1.3003 (3.3<=ML<=6.6),,extrapolada,,,principal,,
SGC,SGC2020ryhktl,,2020-09-10T19:29:14+00:00,2.8696,-74.8523,8.0,1.1,MLr_2,"San Vicente del Caguán - Caquetá, Colombia",manual,0.3,128.0,14.0,SGC,0.1,0.8,0.8,2.0,,,,,,,,,,2.19075,Senel et al.: Mw=0.8095 ML+1.3003 (3.3<=ML<=6.6),,extrapolada,,,principal,,
SGC,SGC2020scpksa,,2020-09-13T03:48:24+00:00,2.7648,-74.934,32.0,1.3,MLr_2,"San Vicente del Caguán - Caquetá, Colombia",manual,0.4,332.0,7.0,SGC,0.3,2.9,2.9,8.0,,,,,,,,,,2.35265,Senel et al.: Mw=0.8095 ML+1.3003 (3.3<=ML<=6.6),,extrapolada,,,principal,,
SGC,SGC2020sdzdvw,,2020-09-13T21:46:26+00:00,2.7078,-75.022,26.0,2.0,MLr_2,"San Vicente del Caguán - Caquetá, Colombia",manual,0.5,107.0,36.0,SGC,0.2,0.7,0.7,3.0,,,,,,,,,,2.9193,Senel et al.: Mw=0.8095 ML+1.3003 (3.3<=ML<=6.6),,extrapolada,,,principal,,
SGC,SGC2020seoepl,,2020-09-14T05:20:08+00:00,2.7313,-75.0073,0.0,1.4,MLr_2,"San Vicente del Caguán - Caquetá, Colombia",manual,0.3,110.0,11.0,SGC,0.2,0.6,0.6,4.0,,,,,,,,,,2.4336,Senel et al.: Mw=0.8095 ML+1.3003 (3.3<=ML<=6.6),,extrapolada,,,principal,,
SGC,SGC2020sfaqxw,,2020-09-14T11:36:39+00:00,2.5558,-75.2413,20.0,1.6,MLr_2,"Algeciras - Huila, Colombia",manual,0.6,197.0,18.0,SGC,0.1,1.8,1.8,2.0,,,,,,,,,,2.5955000000000004,Senel et al.: Mw=0.8095 ML+1.3003 (3.3<=ML<=6.6),,extrapolada,,,principal,,
SGC,SGC2020sfwmxs,,2020-09-14T22:35:40+00:00,2.6098,-75.33,21.0,1.6,MLr_2,"Campoalegre - Huila, Colombia",manual,0.4,94.0,18.0,SGC,0.1,1.1,1.1,2.0,,,,,,,,,,2.5955000000000004,Senel et al.: Mw=0.8095 ML+1.3003 (3.3<=ML<=6.6),,extrapolada,,,principal,,
SGC,SGC2020sgleev,,2020-09-15T05:58:05+00:00,2.6786,-75.03,38.0,1.4,MLr_2,"San Vicente del Caguán - Caquetá, Colombia",manual,0.2,109.0,12.0,SGC,0.3,0.6,0.6,3.0,,,,,,,,,,2.4336,Senel et al.: Mw=0.8095 ML+1.3003 (3.3<=ML<=6.6),,extrapolada,,,principal,,
SGC,SGC2020sjjwgl,,2020-09-16T20:32:08+00:00,2.7208,-75.033,0.0,1.2,MLr_2,"San Vicente del Caguán - Caquetá, Colombia",manual,0.2,107.0,15.0,SGC,0.2,0.4,0.4,2.0,,,,,,,,,,2.2717,Senel et al.: Mw=0.8095 ML+1.3003 (3.3<=ML<=6.6),,extrapolada,,,principal,,
SGC,SGC2020ssxifk,,2020-09-22T00:58:42+00:00,2.6826,-75.0606,5.0,1.9,MLr_2,"San Vicente del Caguán - Caquetá, Colombia",manual,0.6,107.0,27.0,SGC,0.3,0.8,0.8,3.0,,,,,,,,,,2.83835,Senel et al.: Mw=0.8095 ML+1.3003 (3.3<=ML<=6.6),,extrapolada,,,principal,,
SGC,SGC2020syedms,,2020-09-24T21:46:43+00:00,2.6645,-75.042,4.0,1.8,MLr_2,"San Vicente del Caguán - Caquetá, Colombia",manual,0.4,110.0,25.0,SGC,0.2,0.6,0.6,2.0,,,,,,,,,,2.7574,Senel et al.: Mw=0.8095 ML+1.3003 (3.3<=ML<=6.6),,extrapolada,,,principal,,
SGC,SGC2020tawxgr,,2020-09-26T09:21:39+00:00,2.6086,-75.4193,24.0,1.1,MLr_2,"Campoalegre - Huila, Colombia",manual,1.1,187.0,10.0,SGC,0.2,3.7,3.7,3.0,,,,,,,,,,2.19075,Senel et al.: Mw=0.8095 ML+1.3003 (3.3<=ML<=6.6),,extrapolada,,,principal,,
SGC,SGC2020tbqvkx,,2020-09-26T19:22:58+00:00,2.7108,-75.0191,4.0,1.2,MLr_2,"San Vicente del Caguán - Caquetá, Colombia",manual,0.6,215.0,19.0,SGC,0.2,2.1,2.1,3.0,,,,,,,,,,2.2717,Senel et al.: Mw=0.8095 ML+1.3003 (3.3<=ML<=6.6),,extrapolada,,,principal,,
SGC,SGC2020tcrsoz,,2020-09-27T08:54:18+00:00,2.6448,-75.4788,12.0,1.2,MLr_2,"Yaguará - Huila, Colombia",manual,0.3,177.0,12.0,SGC,0.2,1.6,1.6,4.0,,,,,,,,,,2.2717,Senel et al.: Mw=0.8095 ML+1.3003 (3.3<=ML<=6.6),,extrapolada,,,principal,,
SGC,SGC2020tfwdzv,,2020-09-29T02:21:38+00:00,2.6863,-75.5711,9.0,1.5,MLr_2,"Teruel - Huila, Colombia",manual,0.6,71.0,24.0,SGC,0.2,0.8,0.8,3.0,,,,,,,,,,2.51455,Senel et al.: Mw=0.8095 ML+1.3003 (3.3<=ML<=6.6),,extrapolada,,,principal,,
SGC,SGC2020thebfj,,2020-09-29T19:24:17+00:00,2.693,-75.0378,4.0,1.5,MLr_2,"San Vicente del Caguán - Caquetá, Colombia",manual,0.4,108.0,18.0,SGC,0.5,0.7,0.7,2.0,,,,,,,,,,2.51455,Senel et al.: Mw=0.8095 ML+1.3003 (3.3<=ML<=6.6),,extrapolada,,,principal,,
SGC,SGC2020tkqjqk,,2020-10-01T16:49:33+00:00,2.6229,-75.1979,28.0,2.6,MLr_2,"Algeciras - Huila, Colombia",manual,1.0,105.0,15.0,SGC,0.4,3.3,2.7,5.0,,,,,,,,,,3.405,Senel et al.: Mw=0.8095 ML+1.3003 (3.3<=ML<=6.6),,extrapolada,,,principal,,
SGC,SGC2020trhvyr,,2020-10-05T08:03:38+00:00,2.881,-74.861,10.0,1.4,MLr_2,"San Vicente del Caguán - Caquetá, Colombia",manual,0.2,224.0,11.0,SGC,0.2,0.8,0.8,1.0,,,,,,,,,,2.4336,Senel et al.: Mw=0.8095 ML+1.3003 (3.3<=ML<=6.6),,extrapolada,,,principal,,
SGC,SGC2020tsrilc,,2020-10-06T01:54:08+00:00,2.7054,-75.6706,58.0,1.1,MLr_2,"Íquira - Huila, Colombia",manual,0.9,123.0,7.0,SGC,0.3,4.9,5.5,9.0,,,,,,,,,,2.19075,Senel et al.: Mw=0.8095 ML+1.3003 (3.3<=ML<=6.6),,extrapolada,,,principal,,
SGC,SGC2020ttllcr,,2020-10-06T12:00:41+00:00,2.921,-74.8688,8.0,1.3,MLr_2,"Uribe - Meta, Colombia",manual,0.5,212.0,9.0,SGC,0.3,4.5,4.5,5.0,,,,,,,,,,2.35265,Senel et al.: Mw=0.8095 ML+1.3003 (3.3<=ML<=6.6),,extrapolada,,,principal,,
SGC,SGC2020tuohjo,,2020-10-07T02:31:18+00:00,2.8875,-74.8726,36.0,1.5,MLr_2,"San Vicente del Caguán - Caquetá, Colombia",manual,0.8,96.0,14.0,SGC,0.2,2.9,3.0,6.0,,,,,,,,,,2.51455,Senel et al.: Mw=0.8095 ML+1.3003 (3.3<=ML<=6.6),,extrapolada,,,principal,,
SGC,SGC2020twttlg,,2020-10-08T07:25:07+00:00,2.5043,-75.4084,32.0,1.0,MLr_2,"Hobo - Huila, Colombia",manual,0.6,172.0,6.0,SGC,0.2,3.6,4.8,5.0,,,,,,,,,,2.1098,Senel et al.: Mw=0.8095 ML+1.3003 (3.3<=ML<=6.6),,extrapolada,,,principal,,
SGC,SGC2020tydrmm,,2020-10-09T01:29:05+00:00,3.3108,-75.3079,27.0,1.2,MLr_2,"Aipe - Huila, Colombia",manual,0.8,105.0,10.0,SGC,0.3,2.6,2.7,8.0,,,,,,,,,,2.2717,Senel et al.: Mw=0.8095 ML+1.3003 (3.3<=ML<=6.6),,extrapolada,,,principal,,
SGC,SGC2020uawifc,,2020-10-10T13:00:30+00:00,2.6366,-74.9989,53.0,1.5,MLr_2,"San Vicente del Caguán - Caquetá, Colombia",manual,1.0,186.0,7.0,SGC,0.1,9.6,9.7,,,,,,,,,,,2.51455,Senel et al.: Mw=0.8095 ML+1.3003 (3.3<=ML<=6.6),,extrapolada,,,principal,,
SGC,SGC2020udzitk,,2020-10-12T05:45:07+00:00,3.0855,-75.6821,19.0,0.9,MLr_2,"Planadas - Tolima, Colombia",manual,0.6,173.0,10.0,SGC,0.6,3.4,3.4,6.0,,,,,,,,,,2.0288500000000003,Senel et al.: Mw=0.8095 ML+1.3003 (3.3<=ML<=6.6),,extrapolada,,,principal,,
SGC,SGC2020ujqcds,,2020-10-15T07:32:44+00:00,2.7499,-75.0491,32.0,1.4,MLr_2,"San Vicente del Caguán - Caquetá, Colombia",manual,0.8,102.0,14.0,SGC,0.2,3.7,2.7,7.0,,,,,,,,,,2.4336,Senel et al.: Mw=0.8095 ML+1.3003 (3.3<=ML<=6.6),,extrapolada,,,principal,,
SGC,SGC2020utyxco,,2020-10-20T22:43:12+00:00,2.8193,-74.8958,14.0,1.2,MLr_2,"San Vicente del Caguán - Caquetá, Colombia",manual,0.4,201.0,13.0,SGC,0.2,1.7,1.7,2.0,,,,,,,,,,2.2717,Senel et al.: Mw=0.8095 ML+1.3003 (3.3<=ML<=6.6),,extrapolada,,,principal,,
SGC,SGC2020uvvcgq,,2020-10-21T22:57:26+00:00,2.7012,-75.0916,29.0,1.5,MLr_2,"San Vicente del Caguán - Caquetá, Colombia",manual,0.9,104.0,17.0,SGC,0.2,3.6,2.3,5.0,,,,,,,,,,2.51455,Senel et al.: Mw=0.8095 ML+1.3003 (3.3<=ML<=6.6),,extrapolada,,,principal,,
SGC,SGC2020vduolz,,2020-10-26T07:17:16+00:00,2.57,-75.3745,35.0,1.7,MLr_2,"Campoalegre - Huila, Colombia",manual,0.8,145.0,12.0,SGC,0.2,4.0,2.8,4.0,,,,,,,,,,2.67645,Senel et al.: Mw=0.8095 ML+1.3003 (3.3<=ML<=6.6),,extrapolada,,,principal,,
SGC,SGC2020vkqxwl,,2020-10-30T00:58:48+00:00,3.314,-75.2046,40.0,1.3,MLr_2,"Villavieja - Huila, Colombia",manual,0.7,136.0,10.0,SGC,0.2,4.6,4.7,,,,,,,,,,,2.35265,Senel et al.: Mw=0.8095 ML+1.3003 (3.3<=ML<=6.6),,extrapolada,,,principal,,
SGC,SGC2020vmewms,,2020-10-30T21:04:05+00:00,2.9234,-74.8493,40.0,1.7,MLr_2,"Uribe - Meta, Colombia",manual,0.9,118.0,15.0,SGC,0.2,3.4,3.0,6.0,,,,,,,,,,2.67645,Senel et al.: Mw=0.8095 ML+1.3003 (3.3<=ML<=6.6),,extrapolada,,,principal,,
SGC,SGC2020vyojuv,,2020-11-06T14:44:47+00:00,2.6371,-75.2161,0.0,1.2,MLr_2,"Algeciras - Huila, Colombia",manual,0.3,233.0,10.0,SGC,0.2,2.1,2.1,3.0,,,,,,,,,,2.2717,Senel et al.: Mw=0.8095 ML+1.3003 (3.3<=ML<=6.6),,extrapolada,,,principal,,
SGC,SGC2020vyowdb,,2020-11-06T14:59:05+00:00,2.5319,-75.4553,30.0,1.4,MLr_2,"Hobo - Huila, Colombia",manual,0.5,147.0,8.0,SGC,0.1,4.1,3.7,11.0,,,,,,,,,,2.4336,Senel et al.: Mw=0.8095 ML+1.3003 (3.3<=ML<=6.6),,extrapolada,,,principal,,
SGC,SGC2020wbhblu,,2020-11-08T02:17:15+00:00,2.5467,-75.4383,33.0,1.3,MLr_2,"Hobo - Huila, Colombia",manual,0.5,194.0,9.0,SGC,0.1,4.9,3.4,4.0,,,,,,,,,,2.35265,Senel et al.: Mw=0.8095 ML+1.3003 (3.3<=ML<=6.6),,extrapolada,,,principal,,
SGC,SGC2020wfihqm,,2020-11-10T07:12:34+00:00,2.6843,-75.1469,33.0,1.6,MLr_2,"Algeciras - Huila, Colombia",manual,1.0,137.0,14.0,SGC,0.2,4.1,2.9,5.0,,,,,,,,,,2.5955000000000004,Senel et al.: Mw=0.8095 ML+1.3003 (3.3<=ML<=6.6),,extrapolada,,,principal,,
SGC,SGC2020wgdwmk,,2020-11-10T18:03:24+00:00,2.7075,-75.0724,29.0,3.4,MLr_2,"San Vicente del Caguán - Caquetá, Colombia",manual,1.0,106.0,42.0,SGC,0.2,2.8,2.1,4.0,,,,,,,,,,4.0526,Senel et al.: Mw=0.8095 ML+1.3003 (3.3<=ML<=6.6),,dentro_de_rango,,,principal,,
SGC,SGC2020wivnin,,2020-11-12T05:04:51+00:00,3.2576,-75.1966,23.0,1.0,MLr_2,"Villavieja - Huila, Colombia",manual,0.2,319.0,7.0,SGC,0.2,1.9,1.9,2.0,,,,,,,,,,2.1098,Senel et al.: Mw=0.8095 ML+1.3003 (3.3<=ML<=6.6),,extrapolada,,,principal,,
SGC,SGC2020wjbubb,,2020-11-12T08:13:40+00:00,3.2511,-75.2035,14.0,1.1,MLr_2,"Villavieja - Huila, Colombia",manual,0.5,103.0,17.0,SGC,0.1,1.1,1.1,2.0,,,,,,,,,,2.19075,Senel et al.: Mw=0.8095 ML+1.3003 (3.3<=ML<=6.6),,extrapolada,,,principal,,
SGC,SGC2020wscxop,,2020-11-17T06:28:10+00:00,2.5573,-75.5192,35.0,1.5,MLr_2,"Yaguará - Huila, Colombia",manual,0.4,190.0,8.0,SGC,0.2,4.8,3.3,4.0,,,,,,,,,,2.51455,Senel et al.: Mw=0.8095 ML+1.3003 (3.3<=ML<=6.6),,extrapolada,,,principal,,
SGC,SGC2020wssogl,,2020-11-17T14:20:09+00:00,2.7583,-75.0221,0.0,1.4,MLr_2,"San Vicente del Caguán - Caquetá, Colombia",manual,0.3,200.0,9.0,SGC,0.1,2.3,2.3,3.0,,,,,,,,,,2.4336,Senel et al.: Mw=0.8095 ML+1.3003 (3.3<=ML<=6.6),,extrapolada,,,principal,,
SGC,SGC2020wvreiv,,2020-11-19T04:51:54+00:00,2.5713,-75.4473,27.0,1.2,MLr_2,"Hobo - Huila, Colombia",manual,0.5,223.0,11.0,SGC,0.2,2.9,2.9,4.0,,,,,,,,,,2.2717,Senel et al.: Mw=0.8095 ML+1.3003 (3.3<=ML<=6.6),,extrapolada,,,principal,,
SGC,SGC2020wwbjgl,,2020-11-19T09:59:19+00:00,2.5296,-75.3936,23.0,1.5,MLr_2,"Hobo - Huila, Colombia",manual,0.7,197.0,18.0,SGC,0.2,2.6,2.6,2.0,,,,,,,,,,2.51455,Senel et al.: Mw=0.8095 ML+1.3003 (3.3<=ML<=6.6),,extrapolada,,,principal,,
SGC,SGC2020wwzcos,,2020-11-19T21:55:43+00:00,2.7295,-75.0056,8.0,1.1,MLr_2,"San Vicente del Caguán - Caquetá, Colombia",manual,0.3,232.0,10.0,SGC,0.1,1.7,1.7,3.0,,,,,,,,,,2.19075,Senel et al.: Mw=0.8095 ML+1.3003 (3.3<=ML<=6.6),,extrapolada,,,principal,,
SGC,SGC2020wynyxh,,2020-11-20T18:28:26+00:00,2.5551,-75.4298,27.0,2.3,MLr_2,"Hobo - Huila, Colombia",manual,0.8,85.0,17.0,SGC,0.2,3.0,2.3,4.0,,,,,,,,,,3.16215,Senel et al.: Mw=0.8095 ML+1.3003 (3.3<=ML<=6.6),,extrapolada,,,principal,,
SGC,SGC2020xcmgmh,,2020-11-22T21:54:50+00:00,2.7414,-75.0619,37.0,2.0,MLr_2,"San Vicente del Caguán - Caquetá, Colombia",manual,0.9,102.0,13.0,SGC,0.2,3.5,2.8,7.0,,,,,,,,,,2.9193,Senel et al.: Mw=0.8095 ML+1.3003 (3.3<=ML<=6.6),,extrapolada,,,principal,,
SGC,SGC2020xfikmc,,2020-11-24T11:12:13+00:00,2.6068,-75.3915,-2.0,1.3,MLr_2,"Campoalegre - Huila, Colombia",manual,0.3,136.0,19.0,SGC,0.2,0.5,0.5,2.0,,,,,,,,,,2.35265,Senel et al.: Mw=0.8095 ML+1.3003 (3.3<=ML<=6.6),,extrapolada,,,principal,,
SGC,SGC2020xhxozr,,2020-11-25T20:59:00+00:00,2.7165,-75.6787,21.0,2.5,MLr_2,"Íquira - Huila, Colombia",manual,0.9,67.0,23.0,SGC,0.2,2.2,1.5,4.0,,,,,,,,,,3.32405,Senel et al.: Mw=0.8095 ML+1.3003 (3.3<=ML<=6.6),,extrapolada,,,principal,,
SGC,SGC2020xkxetx,,2020-11-27T12:00:21+00:00,2.5091,-75.3718,10.0,1.2,MLr_2,"Algeciras - Huila, Colombia",manual,0.6,179.0,18.0,SGC,0.3,1.5,1.5,3.0,,,,,,,,,,2.2717,Senel et al.: Mw=0.8095 ML+1.3003 (3.3<=ML<=6.6),,extrapolada,,,principal,,
SGC,SGC2020xldrkh,,2020-11-27T15:16:15+00:00,2.5711,-75.4276,25.0,1.4,MLr_2,"Hobo - Huila, Colombia",manual,0.5,132.0,18.0,SGC,0.3,1.1,1.1,3.0,,,,,,,,,,2.4336,Senel et al.: Mw=0.8095 ML+1.3003 (3.3<=ML<=6.6),,extrapolada,,,principal,,
SGC,SGC2020xpqpah,,2020-11-30T02:03:40+00:00,2.525,-75.3936,23.0,1.3,MLr_2,"Hobo - Huila, Colombia",manual,0.6,141.0,24.0,SGC,0.2,1.2,1.2,1.0,,,,,,,,,,2.35265,Senel et al.: Mw=0.8095 ML+1.3003 (3.3<=ML<=6.6),,extrapolada,,,principal,,
SGC,SGC2020xzxtzg,,2020-12-05T16:25:21+00:00,2.8923,-74.8605,0.0,1.3,MLr_2,"San Vicente del Caguán - Caquetá, Colombia",manual,0.5,158.0,12.0,SGC,0.2,1.7,1.7,4.0,,,,,,,,,,2.35265,Senel et al.: Mw=0.8095 ML+1.3003 (3.3<=ML<=6.6),,extrapolada,,,principal,,
SGC,SGC2020yadiwz,,2020-12-05T19:13:30+00:00,2.7202,-75.0341,24.0,2.3,MLr_2,"San Vicente del Caguán - Caquetá, Colombia",manual,1.0,93.0,25.0,SGC,0.3,3.0,2.2,4.0,,,,,,,,,,3.16215,Senel et al.: Mw=0.8095 ML+1.3003 (3.3<=ML<=6.6),,extrapolada,,,principal,,
SGC,SGC2020ykersu,,2020-12-11T06:38:40+00:00,2.5234,-75.4446,30.0,1.4,MLr_2,"Hobo - Huila, Colombia",manual,0.6,132.0,7.0,SGC,0.1,3.1,3.0,8.0,,,,,,,,,,2.4336,Senel et al.: Mw=0.8095 ML+1.3003 (3.3<=ML<=6.6),,extrapolada,,,principal,,
SGC,SGC2020ylmhno,,2020-12-11T23:32:37+00:00,2.8674,-74.8609,28.0,2.1,MLr_2,"San Vicente del Caguán - Caquetá, Colombia",manual,1.0,86.0,20.0,SGC,0.2,3.0,2.9,6.0,,,,,,,,,,3.0002500000000003,Senel et al.: Mw=0.8095 ML+1.3003 (3.3<=ML<=6.6),,extrapolada,,,principal,,
SGC,SGC2020ymgikd,,2020-12-12T09:37:09+00:00,2.5086,-75.2828,24.0,1.2,MLr_2,"Algeciras - Huila, Colombia",manual,0.6,151.0,7.0,SGC,0.1,2.8,3.7,6.0,,,,,,,,,,2.2717,Senel et al.: Mw=0.8095 ML+1.3003 (3.3<=ML<=6.6),,extrapolada,,,principal,,
SGC,SGC2020ynegna,,2020-12-12T21:39:06+00:00,2.6976,-75.3141,8.0,1.1,MLr_2,"Campoalegre - Huila, Colombia",manual,0.4,137.0,14.0,SGC,0.1,0.9,0.9,4.0,,,,,,,,,,2.19075,Senel et al.: Mw=0.8095 ML+1.3003 (3.3<=ML<=6.6),,extrapolada,,,principal,,
SGC,SGC2020yospor,,2020-12-13T17:56:30+00:00,2.7499,-75.0044,31.0,1.4,MLr_2,"San Vicente del Caguán - Caquetá, Colombia",manual,0.8,158.0,9.0,SGC,0.1,3.7,4.2,10.0,,,,,,,,,,2.4336,Senel et al.: Mw=0.8095 ML+1.3003 (3.3<=ML<=6.6),,extrapolada,,,principal,,
SGC,SGC2020zhnoek,,2020-12-23T23:49:02+00:00,2.6366,-75.0781,4.0,2.6,MLr_2,"San Vicente del Caguán - Caquetá, Colombia",manual,0.4,97.0,38.0,SGC,0.2,0.5,0.5,2.0,,,,,,,,,,3.405,Senel et al.: Mw=0.8095 ML+1.3003 (3.3<=ML<=6.6),,extrapolada,,,principal,,
SGC,SGC2020zrwamd,,2020-12-29T14:49:28+00:00,2.6652,-75.0809,28.0,1.5,MLr_2,"San Vicente del Caguán - Caquetá, Colombia",manual,1.0,95.0,12.0,SGC,0.2,3.6,2.8,8.0,,,,,,,,,,2.51455,Senel et al.: Mw=0.8095 ML+1.3003 (3.3<=ML<=6.6),,extrapolada,,,principal,,
SGC,SGC2020zvmdkz,,2020-12-31T14:09:03+00:00,2.7139,-74.9788,32.0,3.3,MLr_2,"San Vicente del Caguán - Caquetá, Colombia",manual,0.8,94.0,37.0,SGC,0.3,2.6,2.2,4.0,,,,,,,,,,3.97165,Senel et al.: Mw=0.8095 ML+1.3003 (3.3<=ML<=6.6),,dentro_de_rango,,,principal,,
SGC,SGC2021aefnwl,,2021-01-03T02:04:49+00:00,2.4853,-75.3488,31.0,1.5,MLr_2,"Algeciras - Huila, Colombia",manual,0.6,96.0,12.0,SGC,0.2,2.2,2.5,5.0,,,,,,,,,,2.51455,Senel et al.: Mw=0.8095 ML+1.3003 (3.3<=ML<=6.6),,extrapolada,,,principal,,
SGC,SGC2021ahpomd,,2021-01-04T22:20:41+00:00,2.5001,-75.3594,35.0,1.5,MLr_2,"Algeciras - Huila, Colombia",manual,0.8,95.0,14.0,SGC,0.2,2.6,2.5,4.0,,,,,,,,,,2.51455,Senel et al.: Mw=0.8095 ML+1.3003 (3.3<=ML<=6.6),,extrapolada,,,principal,,
SGC,SGC2021axubja,,2021-01-13T17:47:53+00:00,2.5488,-75.3468,29.0,1.2,MLr_2,"Campoalegre - Huila, Colombia",manual,0.7,93.0,9.0,SGC,0.1,2.5,2.9,5.0,,,,,,,,,,2.2717,Senel et al.: Mw=0.8095 ML+1.3003 (3.3<=ML<=6.6),,extrapolada,,,principal,,
SGC,SGC2021azjtqu,,2021-01-14T14:46:12+00:00,2.5509,-75.2999,33.0,1.3,MLr_2,"Algeciras - Huila, Colombia",manual,1.0,180.0,8.0,SGC,0.2,3.0,4.6,5.0,,,,,,,,,,2.35265,Senel et al.: Mw=0.8095 ML+1.3003 (3.3<=ML<=6.6),,extrapolada,,,principal,,
SGC,SGC2021bfiyxk,,2021-01-17T20:49:08+00:00,2.5403,-75.3978,34.0,1.6,MLr_2,"Hobo - Huila, Colombia",manual,1.0,91.0,12.0,SGC,0.3,2.6,3.1,5.0,,,,,,,,,,2.5955000000000004,Senel et al.: Mw=0.8095 ML+1.3003 (3.3<=ML<=6.6),,extrapolada,,,principal,,
SGC,SGC2021bqadtv,,2021-01-23T16:12:17+00:00,3.087,-74.8873,30.0,5.0,MLr_2,"Baraya - Huila, Colombia",manual,1.0,75.0,61.0,SGC,0.2,2.1,2.0,4.0,,,,,,,,,,5.3478,Senel et al.: Mw=0.8095 ML+1.3003 (3.3<=ML<=6.6),,dentro_de_rango,,,principal,,
SGC,SGC2021brmwqc,,2021-01-24T11:40:44+00:00,3.078,-74.8836,31.0,1.5,MLr_2,"Baraya - Huila, Colombia",manual,1.0,75.0,12.0,SGC,0.1,2.9,3.2,9.0,,,,,,,,,,2.51455,Senel et al.: Mw=0.8095 ML+1.3003 (3.3<=ML<=6.6),,extrapolada,,,principal,,
SGC,SGC2021browww,,2021-01-24T12:41:22+00:00,3.0843,-74.9006,26.0,2.2,MLr_2,"Baraya - Huila, Colombia",manual,1.0,75.0,23.0,SGC,0.2,2.4,2.6,5.0,,,,,,,,,,3.0812,Senel et al.: Mw=0.8095 ML+1.3003 (3.3<=ML<=6.6),,extrapolada,,,principal,,
SGC,SGC2021bwiwhk,,2021-01-27T03:02:02+00:00,2.6462,-75.1,33.0,2.3,MLr_2,"San Vicente del Caguán - Caquetá, Colombia",manual,0.8,96.0,10.0,SGC,0.1,3.0,3.4,9.0,,,,,,,,,,3.16215,Senel et al.: Mw=0.8095 ML+1.3003 (3.3<=ML<=6.6),,extrapolada,,,principal,,
SGC,SGC2021byjbbc,,2021-01-28T05:16:31+00:00,2.589,-75.3362,28.0,1.4,MLr_2,"Campoalegre - Huila, Colombia",manual,0.5,163.0,7.0,SGC,0.2,3.0,3.6,10.0,,,,,,,,,,2.4336,Senel et al.: Mw=0.8095 ML+1.3003 (3.3<=ML<=6.6),,extrapolada,,,principal,,
SGC,SGC2021bzlauj,,2021-01-28T19:21:03+00:00,2.5488,-75.3766,30.0,1.1,MLr_2,"Campoalegre - Huila, Colombia",manual,0.6,141.0,7.0,SGC,0.2,2.5,3.5,5.0,,,,,,,,,,2.19075,Senel et al.: Mw=0.8095 ML+1.3003 (3.3<=ML<=6.6),,extrapolada,,,principal,,
SGC,SGC2021bzlfzt,,2021-01-28T19:27:04+00:00,2.517,-75.2445,22.0,1.4,MLr_2,"Algeciras - Huila, Colombia",manual,0.8,99.0,11.0,SGC,0.2,2.5,2.6,5.0,,,,,,,,,,2.4336,Senel et al.: Mw=0.8095 ML+1.3003 (3.3<=ML<=6.6),,extrapolada,,,principal,,
SGC,SGC2021bzpcmt,,2021-01-28T21:23:43+00:00,2.7295,-75.0456,21.0,1.1,MLr_2,"San Vicente del Caguán - Caquetá, Colombia",manual,0.7,92.0,14.0,SGC,0.1,0.8,0.8,2.0,,,,,,,,,,2.19075,Senel et al.: Mw=0.8095 ML+1.3003 (3.3<=ML<=6.6),,extrapolada,,,principal,,
SGC,SGC2021cbyaid,,2021-01-30T04:01:41+00:00,2.6855,-75.026,22.0,1.1,MLr_2,"San Vicente del Caguán - Caquetá, Colombia",manual,1.0,112.0,10.0,SGC,0.1,3.9,3.9,8.0,,,,,,,,,,2.19075,Senel et al.: Mw=0.8095 ML+1.3003 (3.3<=ML<=6.6),,extrapolada,,,principal,,
SGC,SGC2021cccfvj,,2021-01-30T06:08:46+00:00,2.8467,-75.7056,16.0,1.2,MLr_2,"Teruel - Huila, Colombia",manual,0.8,73.0,10.0,SGC,0.2,2.9,1.7,5.0,,,,,,,,,,2.2717,Senel et al.: Mw=0.8095 ML+1.3003 (3.3<=ML<=6.6),,extrapolada,,,principal,,
SGC,SGC2021ckcdud,,2021-02-03T14:42:12+00:00,2.5446,-75.3553,24.0,2.0,MLr_2,"Campoalegre - Huila, Colombia",manual,1.1,92.0,14.0,SGC,0.3,3.8,2.6,4.0,,,,,,,,,,2.9193,Senel et al.: Mw=0.8095 ML+1.3003 (3.3<=ML<=6.6),,extrapolada,,,principal,,
SGC,SGC2021clxqrs,,2021-02-04T14:35:16+00:00,2.7703,-75.0113,20.0,1.4,MLr_2,"San Vicente del Caguán - Caquetá, Colombia",manual,0.9,155.0,15.0,SGC,0.2,2.8,2.8,4.0,,,,,,,,,,2.4336,Senel et al.: Mw=0.8095 ML+1.3003 (3.3<=ML<=6.6),,extrapolada,,,principal,,
SGC,SGC2021cvlkxy,,2021-02-09T19:13:44+00:00,2.7054,-75.0959,31.0,1.8,MLr_2,"San Vicente del Caguán - Caquetá, Colombia",manual,1.1,92.0,18.0,SGC,0.2,3.5,2.6,5.0,,,,,,,,,,2.7574,Senel et al.: Mw=0.8095 ML+1.3003 (3.3<=ML<=6.6),,extrapolada,,,principal,,
SGC,SGC2021datnxp,,2021-02-12T16:38:28+00:00,2.4991,-75.401,29.0,1.3,MLr_2,"Hobo - Huila, Colombia",manual,0.6,142.0,8.0,SGC,0.1,2.2,3.5,5.0,,,,,,,,,,2.35265,Senel et al.: Mw=0.8095 ML+1.3003 (3.3<=ML<=6.6),,extrapolada,,,principal,,
SGC,SGC2021dkmucy,,2021-02-17T23:59:12+00:00,2.7075,-75.021,14.0,1.2,MLr_2,"San Vicente del Caguán - Caquetá, Colombia",manual,0.4,140.0,10.0,SGC,0.2,2.3,2.3,5.0,,,,,,,,,,2.2717,Senel et al.: Mw=0.8095 ML+1.3003 (3.3<=ML<=6.6),,extrapolada,,,principal,,
SGC,SGC2021dutcma,,2021-02-23T13:54:43+00:00,2.7615,-75.6953,15.0,1.3,MLr_2,"Íquira - Huila, Colombia",manual,0.5,140.0,8.0,SGC,0.1,4.4,1.8,6.0,,,,,,,,,,2.35265,Senel et al.: Mw=0.8095 ML+1.3003 (3.3<=ML<=6.6),,extrapolada,,,principal,,
SGC,SGC2021ednkry,,2021-02-28T08:43:21+00:00,3.2769,-75.1204,35.0,1.8,MLr_2,"Villavieja - Huila, Colombia",manual,0.8,66.0,14.0,SGC,0.2,2.4,3.0,7.0,,,,,,,,,,2.7574,Senel et al.: Mw=0.8095 ML+1.3003 (3.3<=ML<=6.6),,extrapolada,,,principal,,
SGC,SGC2021egpvho,,2021-03-02T01:09:35+00:00,3.097,-74.8794,29.0,1.3,MLr_2,"Baraya - Huila, Colombia",manual,0.8,89.0,9.0,SGC,0.2,2.8,4.0,6.0,,,,,,,,,,2.35265,Senel et al.: Mw=0.8095 ML+1.3003 (3.3<=ML<=6.6),,extrapolada,,,principal,,
SGC,SGC2021ejwxir,,2021-03-03T19:56:34+00:00,2.7462,-75.6894,15.0,1.6,MLr_2,"Íquira - Huila, Colombia",manual,0.8,61.0,15.0,SGC,0.3,2.4,1.5,4.0,,,,,,,,,,2.5955000000000004,Senel et al.: Mw=0.8095 ML+1.3003 (3.3<=ML<=6.6),,extrapolada,,,principal,,
SGC,SGC2021eocwqj,,2021-03-06T03:14:46+00:00,2.7329,-75.0682,38.0,1.9,MLr_2,"San Vicente del Caguán - Caquetá, Colombia",manual,0.9,91.0,22.0,SGC,0.2,2.7,2.2,4.0,,,,,,,,,,2.83835,Senel et al.: Mw=0.8095 ML+1.3003 (3.3<=ML<=6.6),,extrapolada,,,principal,,
SGC,SGC2021errqaf,,2021-03-08T01:53:03+00:00,2.6843,-75.0724,33.0,1.8,MLr_2,"San Vicente del Caguán - Caquetá, Colombia",manual,1.0,94.0,16.0,SGC,0.3,3.0,2.5,6.0,,,,,,,,,,2.7574,Senel et al.: Mw=0.8095 ML+1.3003 (3.3<=ML<=6.6),,extrapolada,,,principal,,
SGC,SGC2021eucguj,,2021-03-09T09:23:10+00:00,2.5003,-75.3698,23.0,1.6,MLr_2,"Algeciras - Huila, Colombia",manual,0.6,144.0,20.0,SGC,0.1,1.3,1.3,2.0,,,,,,,,,,2.5955000000000004,Senel et al.: Mw=0.8095 ML+1.3003 (3.3<=ML<=6.6),,extrapolada,,,principal,,
SGC,SGC2021ewlwjp,,2021-03-10T16:21:45+00:00,2.9586,-75.1183,20.0,1.1,MLr_2,"Neiva - Huila, Colombia",manual,0.2,167.0,8.0,SGC,0.3,2.2,2.2,2.0,,,,,,,,,,2.19075,Senel et al.: Mw=0.8095 ML+1.3003 (3.3<=ML<=6.6),,extrapolada,,,principal,,
SGC,SGC2021exxdwr,,2021-03-11T11:06:48+00:00,2.5795,-75.3968,36.0,1.5,MLr_2,"Campoalegre - Huila, Colombia",manual,0.7,88.0,8.0,SGC,0.1,2.7,4.0,6.0,,,,,,,,,,2.51455,Senel et al.: Mw=0.8095 ML+1.3003 (3.3<=ML<=6.6),,extrapolada,,,principal,,
SGC,SGC2021fgpjwo,,2021-03-16T04:52:41+00:00,2.5694,-75.3995,31.0,1.7,MLr_2,"Hobo - Huila, Colombia",manual,0.7,89.0,13.0,SGC,0.2,2.1,2.4,3.0,,,,,,,,,,2.67645,Senel et al.: Mw=0.8095 ML+1.3003 (3.3<=ML<=6.6),,extrapolada,,,principal,,
SGC,SGC2021fhioqw,,2021-03-16T14:32:21+00:00,2.897,-74.8737,41.0,1.7,MLr_2,"San Vicente del Caguán - Caquetá, Colombia",manual,1.4,156.0,12.0,SGC,0.1,3.9,4.8,8.0,,,,,,,,,,2.67645,Senel et al.: Mw=0.8095 ML+1.3003 (3.3<=ML<=6.6),,extrapolada,,,principal,,
SGC,SGC2021fllgvi,,2021-03-18T20:10:49+00:00,2.4938,-75.3786,30.0,1.3,MLr_2,"Algeciras - Huila, Colombia",manual,0.6,94.0,7.0,SGC,0.1,3.2,3.5,7.0,,,,,,,,,,2.35265,Senel et al.: Mw=0.8095 ML+1.3003 (3.3<=ML<=6.6),,extrapolada,,,principal,,
SGC,SGC2021fqlapb,,2021-03-21T13:25:58+00:00,2.5213,-75.3425,29.0,1.4,MLr_2,"Algeciras - Huila, Colombia",manual,0.6,145.0,7.0,SGC,0.2,2.6,3.5,6.0,,,,,,,,,,2.4336,Senel et al.: Mw=0.8095 ML+1.3003 (3.3<=ML<=6.6),,extrapolada,,,principal,,
SGC,SGC2021fvekov,,2021-03-24T03:29:32+00:00,2.5518,-75.4011,24.0,1.6,MLr_2,"Hobo - Huila, Colombia",manual,0.5,90.0,29.0,SGC,0.3,0.9,0.9,1.0,,,,,,,,,,2.5955000000000004,Senel et al.: Mw=0.8095 ML+1.3003 (3.3<=ML<=6.6),,extrapolada,,,principal,,
SGC,SGC2021ghotyi,,2021-03-30T21:35:00+00:00,2.7541,-75.5196,32.0,1.3,MLr_2,"Teruel - Huila, Colombia",manual,0.8,144.0,7.0,SGC,0.1,3.0,4.4,9.0,,,,,,,,,,2.35265,Senel et al.: Mw=0.8095 ML+1.3003 (3.3<=ML<=6.6),,extrapolada,,,principal,,
SGC,SGC2021gimqiy,,2021-03-31T09:35:00+00:00,3.0039,-74.8515,25.0,1.9,MLr_2,"Baraya - Huila, Colombia",manual,1.2,84.0,12.0,SGC,0.7,4.5,4.2,11.0,,,,,,,,,,2.83835,Senel et al.: Mw=0.8095 ML+1.3003 (3.3<=ML<=6.6),,extrapolada,,,principal,,
SGC,SGC2021glqygw,,2021-04-02T02:58:20+00:00,2.5403,-75.3829,32.0,1.4,MLr_2,"Campoalegre - Huila, Colombia",manual,0.7,173.0,10.0,SGC,0.1,2.7,3.7,4.0,,,,,,,,,,2.4336,Senel et al.: Mw=0.8095 ML+1.3003 (3.3<=ML<=6.6),,extrapolada,,,principal,,
SGC,SGC2021gmmmxx,,2021-04-02T13:48:55+00:00,2.625,-75.1724,28.0,1.6,MLr_2,"Algeciras - Huila, Colombia",manual,0.8,153.0,12.0,SGC,0.2,3.8,2.9,8.0,,,,,,,,,,2.5955000000000004,Senel et al.: Mw=0.8095 ML+1.3003 (3.3<=ML<=6.6),,extrapolada,,,principal,,
SGC,SGC2021gqcxqs,,2021-04-04T13:17:32+00:00,2.6382,-75.6316,22.0,2.2,MLr_2,"Íquira - Huila, Colombia",manual,1.0,67.0,20.0,SGC,0.1,2.4,1.9,4.0,,,,,,,,,,3.0812,Senel et al.: Mw=0.8095 ML+1.3003 (3.3<=ML<=6.6),,extrapolada,,,principal,,
SGC,SGC2021gtyfuz,,2021-04-06T15:14:05+00:00,2.6504,-75.3406,36.0,1.5,MLr_2,"Campoalegre - Huila, Colombia",manual,0.8,88.0,12.0,SGC,0.2,3.2,3.3,4.0,,,,,,,,,,2.51455,Senel et al.: Mw=0.8095 ML+1.3003 (3.3<=ML<=6.6),,extrapolada,,,principal,,
SGC,SGC2021gtyfzx,,2021-04-06T15:14:15+00:00,2.6059,-75.3873,32.0,1.6,MLr_2,"Campoalegre - Huila, Colombia",manual,0.7,88.0,10.0,SGC,0.2,2.2,2.8,4.0,,,,,,,,,,2.5955000000000004,Senel et al.: Mw=0.8095 ML+1.3003 (3.3<=ML<=6.6),,extrapolada,,,principal,,
SGC,SGC2021hbumrp,,2021-04-10T21:57:08+00:00,2.8779,-74.8588,35.0,1.6,MLr_2,"San Vicente del Caguán - Caquetá, Colombia",manual,0.8,86.0,15.0,SGC,0.2,2.5,2.9,6.0,,,,,,,,,,2.5955000000000004,Senel et al.: Mw=0.8095 ML+1.3003 (3.3<=ML<=6.6),,extrapolada,,,principal,,
SGC,SGC2021hcnrjf,,2021-04-11T07:35:51+00:00,2.752,-75.0895,29.0,1.7,MLr_2,"Rivera - Huila, Colombia",manual,0.8,153.0,13.0,SGC,0.2,3.4,3.5,8.0,,,,,,,,,,2.67645,Senel et al.: Mw=0.8095 ML+1.3003 (3.3<=ML<=6.6),,extrapolada,,,principal,,
SGC,SGC2021hqxhdt,,2021-04-19T03:28:22+00:00,2.8674,-74.9503,32.0,2.1,MLr_2,"San Vicente del Caguán - Caquetá, Colombia",manual,1.0,85.0,20.0,SGC,0.2,2.6,2.7,5.0,,,,,,,,,,3.0002500000000003,Senel et al.: Mw=0.8095 ML+1.3003 (3.3<=ML<=6.6),,extrapolada,,,principal,,
SGC,SGC2021hrjuzt,,2021-04-19T09:46:31+00:00,2.9181,-74.8737,21.0,1.4,MLr_2,"Uribe - Meta, Colombia",manual,0.7,154.0,10.0,SGC,0.1,3.0,4.7,10.0,,,,,,,,,,2.4336,Senel et al.: Mw=0.8095 ML+1.3003 (3.3<=ML<=6.6),,extrapolada,,,principal,,
SGC,SGC2021htspiq,,2021-04-20T16:20:21+00:00,2.7202,-75.0682,30.0,2.7,MLr_2,"San Vicente del Caguán - Caquetá, Colombia",manual,1.0,92.0,22.0,SGC,0.2,3.0,2.4,5.0,,,,,,,,,,3.4859500000000003,Senel et al.: Mw=0.8095 ML+1.3003 (3.3<=ML<=6.6),,extrapolada,,,principal,,
SGC,SGC2021hxigka,,2021-04-22T15:26:13+00:00,3.1721,-75.4662,26.0,1.2,MLr_2,"Neiva - Huila, Colombia",manual,0.8,88.0,12.0,SGC,0.2,2.2,2.8,8.0,,,,,,,,,,2.2717,Senel et al.: Mw=0.8095 ML+1.3003 (3.3<=ML<=6.6),,extrapolada,,,principal,,
SGC,SGC2021hzjgwv,,2021-04-23T18:05:55+00:00,2.5245,-75.4861,29.0,1.2,MLr_2,"Hobo - Huila, Colombia",manual,0.6,124.0,8.0,SGC,0.1,2.9,3.0,8.0,,,,,,,,,,2.2717,Senel et al.: Mw=0.8095 ML+1.3003 (3.3<=ML<=6.6),,extrapolada,,,principal,,
SGC,SGC2021hzwcnr,,2021-04-24T00:33:07+00:00,2.4916,-75.2913,31.0,1.7,MLr_2,"Algeciras - Huila, Colombia",manual,0.7,151.0,15.0,SGC,0.3,2.7,2.8,4.0,,,,,,,,,,2.67645,Senel et al.: Mw=0.8095 ML+1.3003 (3.3<=ML<=6.6),,extrapolada,,,principal,,
SGC,SGC2021ialign,,2021-04-24T08:12:21+00:00,2.6935,-75.0185,7.0,1.4,MLr_2,"San Vicente del Caguán - Caquetá, Colombia",manual,0.5,167.0,19.0,SGC,0.1,1.2,1.2,4.0,,,,,,,,,,2.4336,Senel et al.: Mw=0.8095 ML+1.3003 (3.3<=ML<=6.6),,extrapolada,,,principal,,
SGC,SGC2021ibhzah,,2021-04-24T19:35:36+00:00,2.9912,-74.877,43.0,1.3,MLr_2,"Baraya - Huila, Colombia",manual,1.1,79.0,13.0,SGC,0.1,3.0,4.3,7.0,,,,,,,,,,2.35265,Senel et al.: Mw=0.8095 ML+1.3003 (3.3<=ML<=6.6),,extrapolada,,,principal,,
SGC,SGC2021iyjoxf,,2021-05-07T09:07:08+00:00,2.7926,-75.5195,0.0,1.2,MLr_2,"Teruel - Huila, Colombia",manual,0.4,180.0,10.0,SGC,0.1,3.3,3.3,1.0,,,,,,,,,,2.2717,Senel et al.: Mw=0.8095 ML+1.3003 (3.3<=ML<=6.6),,extrapolada,,,principal,,
SGC,SGC2021jgubgx,,2021-05-11T22:58:59+00:00,2.5742,-75.2638,33.0,1.2,MLr_2,"Algeciras - Huila, Colombia",manual,0.7,106.0,9.0,SGC,0.1,2.6,3.9,4.0,,,,,,,,,,2.2717,Senel et al.: Mw=0.8095 ML+1.3003 (3.3<=ML<=6.6),,extrapolada,,,principal,,
SGC,SGC2021jjvary,,2021-05-13T14:41:57+00:00,2.6988,-75.096,17.0,1.7,MLr_2,"San Vicente del Caguán - Caquetá, Colombia",manual,0.6,212.0,22.0,SGC,0.4,1.6,1.6,2.0,,,,,,,,,,2.67645,Senel et al.: Mw=0.8095 ML+1.3003 (3.3<=ML<=6.6),,extrapolada,,,principal,,
SGC,SGC2021jlscjo,,2021-05-14T15:23:45+00:00,2.6806,-75.2706,11.0,2.2,MLr_2,"Campoalegre - Huila, Colombia",manual,0.7,89.0,31.0,SGC,0.3,1.1,1.1,2.0,,,,,,,,,,3.0812,Senel et al.: Mw=0.8095 ML+1.3003 (3.3<=ML<=6.6),,extrapolada,,,principal,,
SGC,SGC2021jlvkfw,,2021-05-14T17:01:58+00:00,2.6848,-75.0635,14.0,1.6,MLr_2,"San Vicente del Caguán - Caquetá, Colombia",manual,0.6,122.0,18.0,SGC,0.4,1.3,1.3,3.0,,,,,,,,,,2.5955000000000004,Senel et al.: Mw=0.8095 ML+1.3003 (3.3<=ML<=6.6),,extrapolada,,,principal,,
SGC,SGC2021jmepqo,,2021-05-14T21:39:47+00:00,2.6673,-75.1022,36.0,1.8,MLr_2,"San Vicente del Caguán - Caquetá, Colombia",manual,0.9,94.0,14.0,SGC,0.2,3.4,3.9,6.0,,,,,,,,,,2.7574,Senel et al.: Mw=0.8095 ML+1.3003 (3.3<=ML<=6.6),,extrapolada,,,principal,,
SGC,SGC2021jmkpju,,2021-05-15T00:40:31+00:00,2.5658,-75.3306,28.0,1.4,MLr_2,"Campoalegre - Huila, Colombia",manual,0.8,227.0,10.0,SGC,0.6,1.7,1.7,3.0,,,,,,,,,,2.4336,Senel et al.: Mw=0.8095 ML+1.3003 (3.3<=ML<=6.6),,extrapolada,,,principal,,
SGC,SGC2021kcqbbr,,2021-05-23T20:36:33+00:00,2.6726,-75.0862,28.0,2.4,MLr_2,"San Vicente del Caguán - Caquetá, Colombia",manual,1.1,94.0,22.0,SGC,0.2,3.1,2.7,5.0,,,,,,,,,,3.2431,Senel et al.: Mw=0.8095 ML+1.3003 (3.3<=ML<=6.6),,extrapolada,,,principal,,
SGC,SGC2021khcuad,,2021-05-26T07:18:29+00:00,2.6144,-75.4554,27.0,1.9,MLr_2,"Hobo - Huila, Colombia",manual,0.8,79.0,12.0,SGC,0.2,3.0,2.6,4.0,,,,,,,,,,2.83835,Senel et al.: Mw=0.8095 ML+1.3003 (3.3<=ML<=6.6),,extrapolada,,,principal,,
SGC,SGC2021kuhoci,,2021-06-02T11:40:39+00:00,2.6821,-75.5684,40.0,1.4,MLr_2,"Teruel - Huila, Colombia",manual,0.7,96.0,6.0,SGC,0.1,3.3,3.1,6.0,,,,,,,,,,2.4336,Senel et al.: Mw=0.8095 ML+1.3003 (3.3<=ML<=6.6),,extrapolada,,,principal,,
SGC,SGC2021lcgufa,,2021-06-06T19:53:23+00:00,2.6991,-75.0788,28.0,1.7,MLr_2,"San Vicente del Caguán - Caquetá, Colombia",manual,0.7,105.0,10.0,SGC,0.3,3.9,3.1,9.0,,,,,,,,,,2.67645,Senel et al.: Mw=0.8095 ML+1.3003 (3.3<=ML<=6.6),,extrapolada,,,principal,,
SGC,SGC2021ledcfp,,2021-06-07T20:10:57+00:00,2.898,-74.8897,25.0,1.3,MLr_2,"San Vicente del Caguán - Caquetá, Colombia",manual,0.8,94.0,9.0,SGC,0.2,3.5,3.0,9.0,,,,,,,,,,2.35265,Senel et al.: Mw=0.8095 ML+1.3003 (3.3<=ML<=6.6),,extrapolada,,,principal,,
SGC,SGC2021lvtoos,,2021-06-17T10:44:07+00:00,2.5678,-75.5213,25.0,1.6,MLr_2,"Yaguará - Huila, Colombia",manual,0.6,142.0,6.0,SGC,0.3,2.7,3.3,6.0,,,,,,,,,,2.5955000000000004,Senel et al.: Mw=0.8095 ML+1.3003 (3.3<=ML<=6.6),,extrapolada,,,principal,,
SGC,SGC2021miqctz,,2021-06-24T10:58:05+00:00,2.5192,-75.3446,36.0,1.4,MLr_2,"Algeciras - Huila, Colombia",manual,0.5,151.0,6.0,SGC,0.2,3.3,3.8,4.0,,,,,,,,,,2.4336,Senel et al.: Mw=0.8095 ML+1.3003 (3.3<=ML<=6.6),,extrapolada,,,principal,,
SGC,SGC2021mnngla,,2021-06-27T02:54:11+00:00,2.644,-75.6237,19.0,1.2,MLr_2,"Íquira - Huila, Colombia",manual,0.8,84.0,9.0,SGC,0.2,3.0,3.0,9.0,,,,,,,,,,2.2717,Senel et al.: Mw=0.8095 ML+1.3003 (3.3<=ML<=6.6),,extrapolada,,,principal,,
SGC,SGC2021mryekz,,2021-06-29T12:41:39+00:00,2.5192,-75.351,30.0,1.9,MLr_2,"Algeciras - Huila, Colombia",manual,0.7,150.0,11.0,SGC,0.3,3.6,3.3,4.0,,,,,,,,,,2.83835,Senel et al.: Mw=0.8095 ML+1.3003 (3.3<=ML<=6.6),,extrapolada,,,principal,,
SGC,SGC2021mtmugz,,2021-06-30T09:06:56+00:00,2.7478,-75.0448,35.0,2.1,MLr_2,"San Vicente del Caguán - Caquetá, Colombia",manual,0.8,58.0,17.0,SGC,0.3,3.5,2.4,5.0,,,,,,,,,,3.0002500000000003,Senel et al.: Mw=0.8095 ML+1.3003 (3.3<=ML<=6.6),,extrapolada,,,principal,,
SGC,SGC2021nevxij,,2021-07-06T13:31:17+00:00,3.2285,-75.2693,24.0,1.3,MLr_2,"Aipe - Huila, Colombia",manual,0.6,103.0,13.0,SGC,0.1,1.8,1.8,3.0,,,,,,,,,,2.35265,Senel et al.: Mw=0.8095 ML+1.3003 (3.3<=ML<=6.6),,extrapolada,,,principal,,
SGC,SGC2021nmeslz,,2021-07-10T13:28:31+00:00,2.7571,-75.5756,104.0,1.7,MLr_2,"Teruel - Huila, Colombia",manual,0.2,121.0,10.0,SGC,0.4,1.1,1.1,3.0,,,,,,,,,,2.67645,Senel et al.: Mw=0.8095 ML+1.3003 (3.3<=ML<=6.6),,extrapolada,,,principal,,
SGC,SGC2021nnzoaa,,2021-07-11T13:01:26+00:00,3.0921,-75.3628,31.0,1.3,MLr_2,"Neiva - Huila, Colombia",manual,1.4,151.0,14.0,SGC,0.2,5.7,5.7,9.0,,,,,,,,,,2.35265,Senel et al.: Mw=0.8095 ML+1.3003 (3.3<=ML<=6.6),,extrapolada,,,principal,,
SGC,SGC2021noziob,,2021-07-12T01:59:35+00:00,3.024,-74.908,30.0,1.4,MLr_2,"Baraya - Huila, Colombia",manual,0.8,190.0,10.0,SGC,0.1,4.9,9.0,10.0,,,,,,,,,,2.4336,Senel et al.: Mw=0.8095 ML+1.3003 (3.3<=ML<=6.6),,extrapolada,,,principal,,
SGC,SGC2021nxpclb,,2021-07-16T18:31:02+00:00,2.7541,-75.1023,16.0,1.3,MLr_2,"Rivera - Huila, Colombia",manual,0.6,196.0,8.0,SGC,0.2,4.7,3.0,8.0,,,,,,,,,,2.35265,Senel et al.: Mw=0.8095 ML+1.3003 (3.3<=ML<=6.6),,extrapolada,,,principal,,
SGC,SGC2021oadzgl,,2021-07-18T04:08:53+00:00,2.5213,-75.468,25.0,1.4,MLr_2,"Hobo - Huila, Colombia",manual,0.8,88.0,10.0,SGC,0.2,3.1,2.5,5.0,,,,,,,,,,2.4336,Senel et al.: Mw=0.8095 ML+1.3003 (3.3<=ML<=6.6),,extrapolada,,,principal,,
SGC,SGC2021ofmqnt,,2021-07-21T01:52:42+00:00,2.737,-75.0,18.0,1.3,MLr_2,"San Vicente del Caguán - Caquetá, Colombia",manual,0.6,110.0,18.0,SGC,0.2,1.6,1.6,4.0,,,,,,,,,,2.35265,Senel et al.: Mw=0.8095 ML+1.3003 (3.3<=ML<=6.6),,extrapolada,,,principal,,
SGC,SGC2021oiexpq,,2021-07-22T13:12:53+00:00,2.7541,-75.0534,29.0,2.1,MLr_2,"San Vicente del Caguán - Caquetá, Colombia",manual,1.1,90.0,18.0,SGC,0.2,4.9,3.9,6.0,,,,,,,,,,3.0002500000000003,Senel et al.: Mw=0.8095 ML+1.3003 (3.3<=ML<=6.6),,extrapolada,,,principal,,
SGC,SGC2021onjajy,,2021-07-25T08:39:07+00:00,2.9552,-74.8493,30.0,1.7,MLr_2,"Uribe - Meta, Colombia",manual,0.9,81.0,15.0,SGC,0.1,2.8,2.9,7.0,,,,,,,,,,2.67645,Senel et al.: Mw=0.8095 ML+1.3003 (3.3<=ML<=6.6),,extrapolada,,,principal,,
SGC,SGC2021oojygp,,2021-07-25T22:11:25+00:00,2.7033,-75.2002,32.0,3.6,MLr_2,"Rivera - Huila, Colombia",manual,1.1,59.0,52.0,SGC,0.3,2.9,2.2,3.0,,,,,,,,,,4.2145,Senel et al.: Mw=0.8095 ML+1.3003 (3.3<=ML<=6.6),,dentro_de_rango,,,principal,,
SGC,SGC2021oowoxu,,2021-07-26T04:32:33+00:00,2.771,-75.0491,29.0,1.7,MLr_2,"Rivera - Huila, Colombia",manual,0.9,89.0,18.0,SGC,0.2,3.6,2.8,5.0,,,,,,,,,,2.67645,Senel et al.: Mw=0.8095 ML+1.3003 (3.3<=ML<=6.6),,extrapolada,,,principal,,
SGC,SGC2021owapdl,,2021-07-30T02:04:53+00:00,2.6271,-75.2554,30.0,1.6,MLr_2,"Campoalegre - Huila, Colombia",manual,0.7,146.0,12.0,SGC,0.2,4.3,3.0,4.0,,,,,,,,,,2.5955000000000004,Senel et al.: Mw=0.8095 ML+1.3003 (3.3<=ML<=6.6),,extrapolada,,,principal,,
SGC,SGC2021pdvilu,,2021-08-03T08:02:15+00:00,2.9139,-74.8993,29.0,1.6,MLr_2,"San Vicente del Caguán - Caquetá, Colombia",manual,0.8,92.0,12.0,SGC,0.2,3.1,3.4,7.0,,,,,,,,,,2.5955000000000004,Senel et al.: Mw=0.8095 ML+1.3003 (3.3<=ML<=6.6),,extrapolada,,,principal,,
SGC,SGC2021pezkck,,2021-08-03T23:09:20+00:00,2.5356,-75.2443,4.0,1.4,MLr_2,"Algeciras - Huila, Colombia",manual,1.1,186.0,10.0,SGC,0.7,4.6,4.6,0.0,,,,,,,,,,2.4336,Senel et al.: Mw=0.8095 ML+1.3003 (3.3<=ML<=6.6),,extrapolada,,,principal,,
SGC,SGC2021pivwrs,,2021-08-06T01:41:10+00:00,2.7499,-75.1598,27.0,1.3,MLr_2,"Rivera - Huila, Colombia",manual,0.7,88.0,12.0,SGC,0.1,3.2,2.6,6.0,,,,,,,,,,2.35265,Senel et al.: Mw=0.8095 ML+1.3003 (3.3<=ML<=6.6),,extrapolada,,,principal,,
SGC,SGC2021plleox,,2021-08-07T11:31:51+00:00,2.5251,-75.2793,22.0,1.7,MLr_2,"Algeciras - Huila, Colombia",manual,1.0,112.0,21.0,SGC,0.8,2.3,2.3,4.0,,,,,,,,,,2.67645,Senel et al.: Mw=0.8095 ML+1.3003 (3.3<=ML<=6.6),,extrapolada,,,principal,,
SGC,SGC2021pqkowr,,2021-08-10T04:36:01+00:00,2.7393,-75.0512,34.0,1.5,MLr_2,"San Vicente del Caguán - Caquetá, Colombia",manual,0.8,91.0,15.0,SGC,0.1,3.2,2.6,5.0,,,,,,,,,,2.51455,Senel et al.: Mw=0.8095 ML+1.3003 (3.3<=ML<=6.6),,extrapolada,,,principal,,
SGC,SGC2021prydkv,,2021-08-11T00:29:38+00:00,2.7265,-75.3293,22.0,1.8,M_MLr,"Campoalegre - Huila, Colombia",manual,0.5,85.0,35.0,SGC,,0.8,0.8,1.0,,,,,,,,,,2.7574,Senel et al.: Mw=0.8095 ML+1.3003 (3.3<=ML<=6.6),,extrapolada,,,principal,,
SGC,SGC2021ptdvnh,,2021-08-11T16:25:55+00:00,2.7054,-75.4258,34.0,1.7,MLr_2,"Campoalegre - Huila, Colombia",manual,0.6,129.0,11.0,SGC,0.1,3.7,2.8,4.0,,,,,,,,,,2.67645,Senel et al.: Mw=0.8095 ML+1.3003 (3.3<=ML<=6.6),,extrapolada,,,principal,,
SGC,SGC2021qcojux,,2021-08-16T19:24:31+00:00,2.8684,-74.8939,23.0,2.4,MLr_2,"San Vicente del Caguán - Caquetá, Colombia",manual,1.1,86.0,28.0,SGC,0.3,2.7,2.3,5.0,,,,,,,,,,3.2431,Senel et al.: Mw=0.8095 ML+1.3003 (3.3<=ML<=6.6),,extrapolada,,,principal,,
SGC,SGC2021qftvjt,,2021-08-18T13:22:14+00:00,2.6681,-75.057,15.0,1.4,MLr_2,"San Vicente del Caguán - Caquetá, Colombia",manual,0.5,96.0,15.0,SGC,0.1,1.1,1.1,2.0,,,,,,,,,,2.4336,Senel et al.: Mw=0.8095 ML+1.3003 (3.3<=ML<=6.6),,extrapolada,,,principal,,
SGC,SGC2021qfwcrt,,2021-08-18T14:31:02+00:00,2.7478,-75.0917,37.0,1.6,MLr_2,"Rivera - Huila, Colombia",manual,0.7,151.0,8.0,SGC,0.1,5.0,3.9,7.0,,,,,,,,,,2.5955000000000004,Senel et al.: Mw=0.8095 ML+1.3003 (3.3<=ML<=6.6),,extrapolada,,,principal,,
SGC,SGC2021qlimjk,,2021-08-21T14:06:40+00:00,2.934,-74.8833,23.0,1.7,MLr_2,"San Vicente del Caguán - Caquetá, Colombia",manual,0.9,82.0,16.0,SGC,0.2,3.0,2.5,6.0,,,,,,,,,,2.67645,Senel et al.: Mw=0.8095 ML+1.3003 (3.3<=ML<=6.6),,extrapolada,,,principal,,
SGC,SGC2021qltjfl,,2021-08-21T19:35:00+00:00,2.7689,-75.0725,16.0,2.9,MLr_2,"Rivera - Huila, Colombia",manual,1.1,62.0,31.0,SGC,0.2,3.6,2.7,5.0,,,,,,,,,,3.64785,Senel et al.: Mw=0.8095 ML+1.3003 (3.3<=ML<=6.6),,extrapolada,,,principal,,
SGC,SGC2021qqytxt,,2021-08-24T15:40:36+00:00,3.2579,-75.1906,40.0,1.7,MLr_2,"Villavieja - Huila, Colombia",manual,0.7,108.0,12.0,SGC,0.1,2.4,2.9,6.0,,,,,,,,,,2.67645,Senel et al.: Mw=0.8095 ML+1.3003 (3.3<=ML<=6.6),,extrapolada,,,principal,,
SGC,SGC2021qrvden,,2021-08-25T02:55:05+00:00,2.5424,-75.4362,26.0,1.1,MLr_2,"Hobo - Huila, Colombia",manual,0.4,166.0,6.0,SGC,0.2,5.2,4.6,6.0,,,,,,,,,,2.19075,Senel et al.: Mw=0.8095 ML+1.3003 (3.3<=ML<=6.6),,extrapolada,,,principal,,
SGC,SGC2021qzsfls,,2021-08-29T10:03:06+00:00,2.961,-75.7156,121.0,1.9,MLr_2,"Santa María - Huila, Colombia",manual,0.7,102.0,10.0,SGC,0.1,6.6,6.6,5.0,,,,,,,,,,2.83835,Senel et al.: Mw=0.8095 ML+1.3003 (3.3<=ML<=6.6),,extrapolada,,,principal,,
SGC,SGC2021rgntqr,,2021-09-02T03:20:01+00:00,2.9171,-74.8791,20.0,1.9,MLr_2,"Uribe - Meta, Colombia",manual,1.1,83.0,20.0,SGC,0.2,2.9,2.3,6.0,,,,,,,,,,2.83835,Senel et al.: Mw=0.8095 ML+1.3003 (3.3<=ML<=6.6),,extrapolada,,,principal,,
SGC,SGC2021rspihz,,2021-09-08T17:00:55+00:00,2.9383,-74.9153,28.0,1.8,MLr_2,"Tello - Huila, Colombia",manual,0.9,149.0,14.0,SGC,0.2,3.8,3.3,7.0,,,,,,,,,,2.7574,Senel et al.: Mw=0.8095 ML+1.3003 (3.3<=ML<=6.6),,extrapolada,,,principal,,
SGC,SGC2021rtokgn,,2021-09-09T05:37:29+00:00,2.7216,-74.9928,5.0,1.3,MLr_2,"San Vicente del Caguán - Caquetá, Colombia",manual,0.2,231.0,11.0,SGC,0.1,1.3,1.3,3.0,,,,,,,,,,2.35265,Senel et al.: Mw=0.8095 ML+1.3003 (3.3<=ML<=6.6),,extrapolada,,,principal,,
SGC,SGC2021rvwxbq,,2021-09-10T12:02:41+00:00,3.1508,-75.1343,0.0,1.1,MLr_2,"Baraya - Huila, Colombia",manual,1.2,179.0,9.0,SGC,0.2,4.9,4.9,12.0,,,,,,,,,,2.19075,Senel et al.: Mw=0.8095 ML+1.3003 (3.3<=ML<=6.6),,extrapolada,,,principal,,
SGC,SGC2021sfzkan,,2021-09-16T00:02:47+00:00,2.8938,-74.8407,38.0,1.5,MLr_2,"San Vicente del Caguán - Caquetá, Colombia",manual,1.0,85.0,10.0,SGC,0.2,3.7,4.5,9.0,,,,,,,,,,2.51455,Senel et al.: Mw=0.8095 ML+1.3003 (3.3<=ML<=6.6),,extrapolada,,,principal,,
SGC,SGC2021teoyuf,,2021-09-29T09:39:55+00:00,2.771,-75.0406,32.0,1.4,MLr_2,"San Vicente del Caguán - Caquetá, Colombia",manual,0.8,153.0,9.0,SGC,0.2,3.2,3.4,8.0,,,,,,,,,,2.4336,Senel et al.: Mw=0.8095 ML+1.3003 (3.3<=ML<=6.6),,extrapolada,,,principal,,
SGC,SGC2021tjqgxi,,2021-10-02T03:41:55+00:00,2.592,-75.1443,7.0,1.3,MLr_2,"Algeciras - Huila, Colombia",manual,0.4,98.0,21.0,SGC,0.2,0.8,0.8,3.0,,,,,,,,,,2.35265,Senel et al.: Mw=0.8095 ML+1.3003 (3.3<=ML<=6.6),,extrapolada,,,principal,,
SGC,SGC2021tonlxw,,2021-10-04T19:39:34+00:00,3.2356,-75.0575,25.0,1.4,MLr_2,"Villavieja - Huila, Colombia",manual,0.8,111.0,12.0,SGC,0.2,3.1,2.7,10.0,,,,,,,,,,2.4336,Senel et al.: Mw=0.8095 ML+1.3003 (3.3<=ML<=6.6),,extrapolada,,,principal,,
SGC,SGC2021tpyowm,,2021-10-05T14:19:21+00:00,2.6642,-75.4438,29.0,1.4,MLr_2,"Hobo - Huila, Colombia",manual,0.8,78.0,11.0,SGC,0.1,2.4,2.8,4.0,,,,,,,,,,2.4336,Senel et al.: Mw=0.8095 ML+1.3003 (3.3<=ML<=6.6),,extrapolada,,,principal,,
SGC,SGC2021tupatk,,2021-10-08T02:53:48+00:00,2.9594,-74.8685,31.0,1.3,MLr_2,"Uribe - Meta, Colombia",manual,0.9,81.0,11.0,SGC,0.2,3.2,3.9,9.0,,,,,,,,,,2.35265,Senel et al.: Mw=0.8095 ML+1.3003 (3.3<=ML<=6.6),,extrapolada,,,principal,,
SGC,SGC2021twbjrq,,2021-10-08T22:10:44+00:00,2.898,-74.845,33.0,2.1,MLr_2,"San Vicente del Caguán - Caquetá, Colombia",manual,1.0,74.0,19.0,SGC,0.2,2.8,2.6,5.0,,,,,,,,,,3.0002500000000003,Senel et al.: Mw=0.8095 ML+1.3003 (3.3<=ML<=6.6),,extrapolada,,,principal,,
SGC,SGC2021txlkqi,,2021-10-09T16:18:01+00:00,2.5276,-75.4553,24.0,1.1,MLr_2,"Hobo - Huila, Colombia",manual,0.4,175.0,5.0,SGC,0.1,2.9,5.4,10.0,,,,,,,,,,2.19075,Senel et al.: Mw=0.8095 ML+1.3003 (3.3<=ML<=6.6),,extrapolada,,,principal,,
SGC,SGC2021tykvfb,,2021-10-10T05:04:34+00:00,2.6716,-75.1256,16.0,1.1,MLr_2,"San Vicente del Caguán - Caquetá, Colombia",manual,0.9,174.0,8.0,SGC,0.1,3.4,5.4,11.0,,,,,,,,,,2.19075,Senel et al.: Mw=0.8095 ML+1.3003 (3.3<=ML<=6.6),,extrapolada,,,principal,,
SGC,SGC2021udsloi,,2021-10-13T02:17:09+00:00,2.4895,-75.3679,37.0,2.1,MLr_2,"Algeciras - Huila, Colombia",manual,1.1,63.0,24.0,SGC,0.2,2.8,2.6,4.0,,,,,,,,,,3.0002500000000003,Senel et al.: Mw=0.8095 ML+1.3003 (3.3<=ML<=6.6),,extrapolada,,,principal,,
SGC,SGC2021umltyd,,2021-10-17T20:35:58+00:00,3.0471,-74.9331,5.0,1.3,MLr_2,"Baraya - Huila, Colombia",manual,0.9,77.0,15.0,SGC,0.2,2.1,2.1,7.0,,,,,,,,,,2.35265,Senel et al.: Mw=0.8095 ML+1.3003 (3.3<=ML<=6.6),,extrapolada,,,principal,,
SGC,SGC2021urjsuh,,2021-10-20T12:56:39+00:00,2.5075,-75.3456,23.0,1.4,MLr_2,"Algeciras - Huila, Colombia",manual,0.9,95.0,9.0,SGC,0.1,2.3,5.0,5.0,,,,,,,,,,2.4336,Senel et al.: Mw=0.8095 ML+1.3003 (3.3<=ML<=6.6),,extrapolada,,,principal,,
SGC,SGC2021uyeenr,,2021-10-24T05:43:19+00:00,2.7478,-75.0555,33.0,2.0,MLr_2,"San Vicente del Caguán - Caquetá, Colombia",manual,1.1,91.0,18.0,SGC,0.2,2.9,2.6,6.0,,,,,,,,,,2.9193,Senel et al.: Mw=0.8095 ML+1.3003 (3.3<=ML<=6.6),,extrapolada,,,principal,,
SGC,SGC2021vapxsi,,2021-10-25T13:43:41+00:00,2.9086,-74.8748,32.0,1.8,MLr_2,"San Vicente del Caguán - Caquetá, Colombia",manual,1.1,84.0,19.0,SGC,0.3,3.2,3.1,6.0,,,,,,,,,,2.7574,Senel et al.: Mw=0.8095 ML+1.3003 (3.3<=ML<=6.6),,extrapolada,,,principal,,
SGC,SGC2021vbtams,,2021-10-26T04:21:55+00:00,3.2949,-75.1257,35.0,1.4,MLr_2,"Villavieja - Huila, Colombia",manual,0.8,169.0,7.0,SGC,0.7,3.5,7.9,11.0,,,,,,,,,,2.4336,Senel et al.: Mw=0.8095 ML+1.3003 (3.3<=ML<=6.6),,extrapolada,,,principal,,
SGC,SGC2021vgyazi,,2021-10-29T00:15:41+00:00,2.5488,-75.3127,24.0,1.5,MLr_2,"Algeciras - Huila, Colombia",manual,0.7,94.0,10.0,SGC,0.2,2.3,2.9,5.0,,,,,,,,,,2.51455,Senel et al.: Mw=0.8095 ML+1.3003 (3.3<=ML<=6.6),,extrapolada,,,principal,,
SGC,SGC2021viqxnp,,2021-10-29T22:49:26+00:00,2.6292,-75.3746,32.0,1.3,MLr_2,"Campoalegre - Huila, Colombia",manual,0.8,87.0,8.0,SGC,0.2,3.2,3.5,10.0,,,,,,,,,,2.35265,Senel et al.: Mw=0.8095 ML+1.3003 (3.3<=ML<=6.6),,extrapolada,,,principal,,
SGC,SGC2021vizxwh,,2021-10-30T03:21:22+00:00,2.5742,-75.2702,28.0,1.5,MLr_2,"Algeciras - Huila, Colombia",manual,0.8,94.0,12.0,SGC,0.2,2.7,2.6,5.0,,,,,,,,,,2.51455,Senel et al.: Mw=0.8095 ML+1.3003 (3.3<=ML<=6.6),,extrapolada,,,principal,,
SGC,SGC2021vnfbip,,2021-11-01T10:14:10+00:00,2.8208,-75.0993,25.0,1.3,MLr_2,"Neiva - Huila, Colombia",manual,0.7,153.0,8.0,SGC,0.2,4.1,4.1,12.0,,,,,,,,,,2.35265,Senel et al.: Mw=0.8095 ML+1.3003 (3.3<=ML<=6.6),,extrapolada,,,principal,,
SGC,SGC2021vrtncg,,2021-11-03T21:48:09+00:00,2.652,-75.0931,28.0,3.1,MLr_2,"San Vicente del Caguán - Caquetá, Colombia",manual,1.1,96.0,34.0,SGC,0.3,2.4,2.0,3.0,,,,,,,,,,3.80975,Senel et al.: Mw=0.8095 ML+1.3003 (3.3<=ML<=6.6),,extrapolada,,,principal,,
SGC,SGC2021vxkhsg,,2021-11-06T23:37:10+00:00,2.7562,-75.3301,22.0,1.3,MLr_2,"Campoalegre - Huila, Colombia",manual,0.7,83.0,13.0,SGC,0.2,2.6,2.7,4.0,,,,,,,,,,2.35265,Senel et al.: Mw=0.8095 ML+1.3003 (3.3<=ML<=6.6),,extrapolada,,,principal,,
SGC,SGC2021vyytje,,2021-11-07T19:57:37+00:00,2.6923,-75.024,4.0,1.3,MLr_2,"San Vicente del Caguán - Caquetá, Colombia",manual,0.6,201.0,12.0,SGC,0.2,1.8,1.8,3.0,,,,,,,,,,2.35265,Senel et al.: Mw=0.8095 ML+1.3003 (3.3<=ML<=6.6),,extrapolada,,,principal,,
SGC,SGC2021vzjkah,,2021-11-08T01:18:38+00:00,2.6885,-75.1065,20.0,1.9,MLr_2,"San Vicente del Caguán - Caquetá, Colombia",manual,0.9,93.0,18.0,SGC,0.1,3.0,2.4,6.0,,,,,,,,,,2.83835,Senel et al.: Mw=0.8095 ML+1.3003 (3.3<=ML<=6.6),,extrapolada,,,principal,,
SGC,SGC2021vzrlrx,,2021-11-08T05:21:58+00:00,2.8071,-74.8555,8.0,1.2,MLr_2,"San Vicente del Caguán - Caquetá, Colombia",manual,0.4,90.0,15.0,SGC,0.1,0.8,0.8,3.0,,,,,,,,,,2.2717,Senel et al.: Mw=0.8095 ML+1.3003 (3.3<=ML<=6.6),,extrapolada,,,principal,,
SGC,SGC2021waiubz,,2021-11-08T14:04:37+00:00,2.5192,-75.3786,27.0,1.4,MLr_2,"Campoalegre - Huila, Colombia",manual,0.6,142.0,9.0,SGC,0.1,2.4,3.1,5.0,,,,,,,,,,2.4336,Senel et al.: Mw=0.8095 ML+1.3003 (3.3<=ML<=6.6),,extrapolada,,,principal,,
SGC,SGC2021wfalds,,2021-11-11T03:15:17+00:00,2.5869,-75.5703,26.0,0.9,MLr_2,"Yaguará - Huila, Colombia",manual,0.9,138.0,6.0,SGC,0.1,3.0,4.2,9.0,,,,,,,,,,2.0288500000000003,Senel et al.: Mw=0.8095 ML+1.3003 (3.3<=ML<=6.6),,extrapolada,,,principal,,
SGC,SGC2021wfqevo,,2021-11-11T11:10:41+00:00,2.6462,-75.2213,25.0,1.3,MLr_2,"Campoalegre - Huila, Colombia",manual,0.8,156.0,9.0,SGC,0.1,4.9,4.6,5.0,,,,,,,,,,2.35265,Senel et al.: Mw=0.8095 ML+1.3003 (3.3<=ML<=6.6),,extrapolada,,,principal,,
SGC,SGC2021wicqth,,2021-11-12T19:35:23+00:00,2.7372,-75.0533,19.0,2.3,MLr_2,"San Vicente del Caguán - Caquetá, Colombia",manual,1.1,91.0,26.0,SGC,0.2,3.1,2.3,5.0,,,,,,,,,,3.16215,Senel et al.: Mw=0.8095 ML+1.3003 (3.3<=ML<=6.6),,extrapolada,,,principal,,
SGC,SGC2021wlxybk,,2021-11-14T21:31:03+00:00,2.6651,-75.0393,0.0,1.9,MLr_2,"San Vicente del Caguán - Caquetá, Colombia",manual,1.2,62.0,26.0,SGC,0.2,0.8,0.6,0.0,,,,,,,,,,2.83835,Senel et al.: Mw=0.8095 ML+1.3003 (3.3<=ML<=6.6),,extrapolada,,,principal,,
SGC,SGC2021wpgobb,,2021-11-16T17:04:24+00:00,2.8748,-75.6327,16.0,1.4,MLr_2,"Santa María - Huila, Colombia",manual,0.7,92.0,10.0,SGC,0.1,3.0,2.0,5.0,,,,,,,,,,2.4336,Senel et al.: Mw=0.8095 ML+1.3003 (3.3<=ML<=6.6),,extrapolada,,,principal,,
SGC,SGC2021wtmeod,,2021-11-19T00:12:20+00:00,2.8684,-75.6369,19.0,1.1,MLr_2,"Santa María - Huila, Colombia",manual,0.7,115.0,9.0,SGC,0.1,3.2,2.0,5.0,,,,,,,,,,2.19075,Senel et al.: Mw=0.8095 ML+1.3003 (3.3<=ML<=6.6),,extrapolada,,,principal,,
SGC,SGC2021wulpaj,,2021-11-19T12:58:46+00:00,2.9256,-74.8706,33.0,1.7,MLr_2,"Uribe - Meta, Colombia",manual,0.9,83.0,18.0,SGC,0.1,2.8,2.4,5.0,,,,,,,,,,2.67645,Senel et al.: Mw=0.8095 ML+1.3003 (3.3<=ML<=6.6),,extrapolada,,,principal,,
SGC,SGC2021wywatc,,2021-11-21T22:31:59+00:00,2.7033,-75.0043,22.0,1.4,MLr_2,"San Vicente del Caguán - Caquetá, Colombia",manual,0.7,94.0,11.0,SGC,0.1,2.8,2.6,8.0,,,,,,,,,,2.4336,Senel et al.: Mw=0.8095 ML+1.3003 (3.3<=ML<=6.6),,extrapolada,,,principal,,
SGC,SGC2021wzuofe,,2021-11-22T10:51:46+00:00,2.8843,-74.8524,35.0,2.4,MLr_2,"San Vicente del Caguán - Caquetá, Colombia",manual,1.0,52.0,25.0,SGC,0.3,2.5,2.5,5.0,,,,,,,,,,3.2431,Senel et al.: Mw=0.8095 ML+1.3003 (3.3<=ML<=6.6),,extrapolada,,,principal,,
SGC,SGC2021xabaqg,,2021-11-22T14:07:11+00:00,2.5107,-75.3808,37.0,1.2,MLr_2,"Hobo - Huila, Colombia",manual,0.8,143.0,12.0,SGC,0.2,2.7,3.1,5.0,,,,,,,,,,2.2717,Senel et al.: Mw=0.8095 ML+1.3003 (3.3<=ML<=6.6),,extrapolada,,,principal,,
SGC,SGC2021xcpkpr,,2021-11-23T23:30:13+00:00,2.7708,-74.9463,75.0,1.3,MLr_2,"San Vicente del Caguán - Caquetá, Colombia",manual,0.7,91.0,15.0,SGC,0.1,2.6,2.6,11.0,,,,,,,,,,2.35265,Senel et al.: Mw=0.8095 ML+1.3003 (3.3<=ML<=6.6),,extrapolada,,,principal,,
SGC,SGC2021xrzhqm,,2021-12-02T08:35:33+00:00,2.4916,-75.3509,22.0,1.1,MLr_2,"Algeciras - Huila, Colombia",manual,0.6,194.0,5.0,SGC,0.2,2.2,9.9,7.0,,,,,,,,,,2.19075,Senel et al.: Mw=0.8095 ML+1.3003 (3.3<=ML<=6.6),,extrapolada,,,principal,,
SGC,SGC2021yaloeb,,2021-12-06T23:20:57+00:00,2.988,-75.5829,37.0,1.0,MLr_2,"Santa María - Huila, Colombia",manual,0.6,223.0,7.0,SGC,0.3,6.6,4.3,5.0,,,,,,,,,,2.1098,Senel et al.: Mw=0.8095 ML+1.3003 (3.3<=ML<=6.6),,extrapolada,,,principal,,
SGC,SGC2021ydkoie,,2021-12-08T14:04:26+00:00,2.8621,-74.945,42.0,1.5,MLr_2,"San Vicente del Caguán - Caquetá, Colombia",manual,0.8,121.0,13.0,SGC,0.2,3.4,3.2,8.0,,,,,,,,,,2.51455,Senel et al.: Mw=0.8095 ML+1.3003 (3.3<=ML<=6.6),,extrapolada,,,principal,,
SGC,SGC2021yupitn,,2021-12-17T22:44:54+00:00,2.5742,-75.3255,28.0,1.2,MLr_2,"Campoalegre - Huila, Colombia",manual,0.7,144.0,8.0,SGC,0.1,3.0,3.3,10.0,,,,,,,,,,2.2717,Senel et al.: Mw=0.8095 ML+1.3003 (3.3<=ML<=6.6),,extrapolada,,,principal,,
SGC,SGC2021ywvzvk,,2021-12-19T04:14:43+00:00,2.6811,-75.0947,22.0,1.1,MLr_2,"San Vicente del Caguán - Caquetá, Colombia",manual,1.0,94.0,9.0,SGC,0.1,3.4,2.9,11.0,,,,,,,,,,2.19075,Senel et al.: Mw=0.8095 ML+1.3003 (3.3<=ML<=6.6),,extrapolada,,,principal,,
SGC,SGC2021zbnrqm,,2021-12-21T17:26:15+00:00,2.8478,-74.9036,4.0,3.6,MLr_2,"San Vicente del Caguán - Caquetá, Colombia",manual,1.1,54.0,70.0,SGC,0.2,1.1,1.1,2.0,,,,,,,,,,4.2145,Senel et al.: Mw=0.8095 ML+1.3003 (3.3<=ML<=6.6),,dentro_de_rango,,,principal,,
SGC,SGC2021zcyqsg,,2021-12-22T12:01:29+00:00,2.9234,-74.8833,23.0,1.6,MLr_2,"San Vicente del Caguán - Caquetá, Colombia",manual,0.9,153.0,14.0,SGC,0.2,3.7,2.7,8.0,,,,,,,,,,2.5955000000000004,Senel et al.: Mw=0.8095 ML+1.3003 (3.3<=ML<=6.6),,extrapolada,,,principal,,
SGC,SGC2021zgrruv,,2021-12-24T12:49:28+00:00,2.5001,-75.3807,32.0,2.3,MLr_3,"Algeciras - Huila, Colombia",manual,0.9,94.0,18.0,SGC,0.1,2.3,2.5,5.0,,,,,,,,,,3.16215,Senel et al.: Mw=0.8095 ML+1.3003 (3.3<=ML<=6.6),,extrapolada,,,principal,,
SGC,SGC2021zioggh,,2021-12-25T13:14:30+00:00,2.6616,-75.1863,20.0,1.3,MLr_2,"Algeciras - Huila, Colombia",manual,0.5,149.0,7.0,SGC,0.2,3.9,3.9,7.0,,,,,,,,,,2.35265,Senel et al.: Mw=0.8095 ML+1.3003 (3.3<=ML<=6.6),,extrapolada,,,principal,,
SGC,SGC2021zjdqnk,,2021-12-25T20:59:00+00:00,2.6576,-74.9311,17.0,1.3,MLr_2,"San Vicente del Caguán - Caquetá, Colombia",manual,0.5,138.0,12.0,SGC,0.2,1.8,1.8,3.0,,,,,,,,,,2.35265,Senel et al.: Mw=0.8095 ML+1.3003 (3.3<=ML<=6.6),,extrapolada,,,principal,,
SGC,SGC2021zllgyq,,2021-12-27T02:58:13+00:00,2.7033,-75.0682,22.0,1.2,MLr_2,"San Vicente del Caguán - Caquetá, Colombia",manual,0.7,105.0,8.0,SGC,0.1,4.3,3.2,10.0,,,,,,,,,,2.2717,Senel et al.: Mw=0.8095 ML+1.3003 (3.3<=ML<=6.6),,extrapolada,,,principal,,
SGC,SGC2021ztfceg,,2021-12-31T08:27:27+00:00,2.7075,-74.9873,31.0,2.6,MLr_2,"San Vicente del Caguán - Caquetá, Colombia",manual,1.0,94.0,19.0,SGC,0.3,3.1,2.6,5.0,,,,,,,,,,3.405,Senel et al.: Mw=0.8095 ML+1.3003 (3.3<=ML<=6.6),,extrapolada,,,principal,,
SGC,SGC2022acbsxg,,2022-01-01T22:01:58+00:00,2.7054,-75.1086,22.0,1.3,MLr_2,"San Vicente del Caguán - Caquetá, Colombia",manual,0.7,92.0,12.0,SGC,0.0,2.6,2.4,8.0,,,,,,,,,,2.35265,Senel et al.: Mw=0.8095 ML+1.3003 (3.3<=ML<=6.6),,extrapolada,,,principal,,
SGC,SGC2022adlbsf,,2022-01-02T15:47:17+00:00,2.553,-75.3255,35.0,1.7,MLr_2,"Algeciras - Huila, Colombia",manual,0.8,93.0,13.0,SGC,0.1,2.3,2.8,5.0,,,,,,,,,,2.67645,Senel et al.: Mw=0.8095 ML+1.3003 (3.3<=ML<=6.6),,extrapolada,,,principal,,
SGC,SGC2022aecjph,,2022-01-03T00:29:21+00:00,2.6758,-75.5535,22.0,1.6,MLr_2,"Yaguará - Huila, Colombia",manual,0.8,66.0,11.0,SGC,0.2,2.1,2.6,6.0,,,,,,,,,,2.5955000000000004,Senel et al.: Mw=0.8095 ML+1.3003 (3.3<=ML<=6.6),,extrapolada,,,principal,,
SGC,SGC2022afjgul,,2022-01-03T17:01:48+00:00,2.7033,-75.0446,18.0,1.3,MLr_2,"San Vicente del Caguán - Caquetá, Colombia",manual,0.6,96.0,14.0,SGC,0.1,2.1,2.1,4.0,,,,,,,,,,2.35265,Senel et al.: Mw=0.8095 ML+1.3003 (3.3<=ML<=6.6),,extrapolada,,,principal,,
SGC,SGC2022ahnmau,,2022-01-04T21:17:31+00:00,2.7224,-75.0469,25.0,1.7,MLr_2,"San Vicente del Caguán - Caquetá, Colombia",manual,0.8,92.0,18.0,SGC,0.1,2.6,2.1,5.0,,,,,,,,,,2.67645,Senel et al.: Mw=0.8095 ML+1.3003 (3.3<=ML<=6.6),,extrapolada,,,principal,,
SGC,SGC2022amvpdk,,2022-01-07T18:44:51+00:00,2.5245,-75.4053,28.0,1.2,MLr_2,"Hobo - Huila, Colombia",manual,0.8,140.0,8.0,SGC,0.2,3.0,3.2,9.0,,,,,,,,,,2.2717,Senel et al.: Mw=0.8095 ML+1.3003 (3.3<=ML<=6.6),,extrapolada,,,principal,,
SGC,SGC2022aqbnkz,,2022-01-09T12:57:20+00:00,3.1007,-75.4006,20.0,1.9,MLr_2,"Neiva - Huila, Colombia",manual,0.8,61.0,19.0,SGC,0.2,2.0,1.9,5.0,,,,,,,,,,2.83835,Senel et al.: Mw=0.8095 ML+1.3003 (3.3<=ML<=6.6),,extrapolada,,,principal,,
SGC,SGC2022aspwub,,2022-01-10T22:19:33+00:00,2.87,-74.8508,34.0,3.2,MLr_2,"San Vicente del Caguán - Caquetá, Colombia",manual,1.0,53.0,43.0,SGC,0.2,2.3,2.1,4.0,,,,,,,,,,3.8907,Senel et al.: Mw=0.8095 ML+1.3003 (3.3<=ML<=6.6),,extrapolada,,,principal,,
SGC,SGC2022awffqk,,2022-01-12T21:15:50+00:00,2.6546,-75.149,25.0,1.1,MLr_2,"San Vicente del Caguán - Caquetá, Colombia",manual,0.7,94.0,10.0,SGC,0.1,2.8,2.7,11.0,,,,,,,,,,2.19075,Senel et al.: Mw=0.8095 ML+1.3003 (3.3<=ML<=6.6),,extrapolada,,,principal,,
SGC,SGC2022aysrpe,,2022-01-14T06:10:55+00:00,2.6906,-75.0724,33.0,2.3,MLr_3,"San Vicente del Caguán - Caquetá, Colombia",manual,0.9,94.0,22.0,SGC,0.2,2.8,2.2,4.0,,,,,,,,,,3.16215,Senel et al.: Mw=0.8095 ML+1.3003 (3.3<=ML<=6.6),,extrapolada,,,principal,,
SGC,SGC2022bcazuo,,2022-01-16T01:35:14+00:00,2.6366,-75.067,19.0,1.2,MLr_2,"San Vicente del Caguán - Caquetá, Colombia",manual,1.2,97.0,8.0,SGC,0.1,3.7,4.1,,,,,,,,,,,2.2717,Senel et al.: Mw=0.8095 ML+1.3003 (3.3<=ML<=6.6),,extrapolada,,,principal,,
SGC,SGC2022bdimfe,,2022-01-16T18:25:18+00:00,2.4853,-75.3509,25.0,1.4,MLr_2,"Algeciras - Huila, Colombia",manual,0.8,147.0,10.0,SGC,0.2,2.2,3.3,6.0,,,,,,,,,,2.4336,Senel et al.: Mw=0.8095 ML+1.3003 (3.3<=ML<=6.6),,extrapolada,,,principal,,
SGC,SGC2022bkyrpv,,2022-01-20T22:05:39+00:00,2.9076,-74.8631,30.0,1.3,MLr_2,"San Vicente del Caguán - Caquetá, Colombia",manual,0.6,166.0,7.0,SGC,0.1,4.3,4.2,,,,,,,,,,,2.35265,Senel et al.: Mw=0.8095 ML+1.3003 (3.3<=ML<=6.6),,extrapolada,,,principal,,
SGC,SGC2022brgjzb,,2022-01-24T08:25:01+00:00,2.7139,-75.049,31.0,1.9,MLr_2,"San Vicente del Caguán - Caquetá, Colombia",manual,0.9,93.0,16.0,SGC,0.1,3.3,2.5,6.0,,,,,,,,,,2.83835,Senel et al.: Mw=0.8095 ML+1.3003 (3.3<=ML<=6.6),,extrapolada,,,principal,,
SGC,SGC2022btrflb,,2022-01-25T16:00:35+00:00,2.5509,-75.4873,30.0,1.1,MLr_2,"Hobo - Huila, Colombia",manual,0.7,132.0,8.0,SGC,0.1,3.3,3.2,6.0,,,,,,,,,,2.19075,Senel et al.: Mw=0.8095 ML+1.3003 (3.3<=ML<=6.6),,extrapolada,,,principal,,
SGC,SGC2022bvtywi,,2022-01-26T19:32:28+00:00,3.0399,-74.8878,25.0,1.4,MLr_2,"Baraya - Huila, Colombia",manual,1.0,77.0,15.0,SGC,0.2,2.6,2.6,7.0,,,,,,,,,,2.4336,Senel et al.: Mw=0.8095 ML+1.3003 (3.3<=ML<=6.6),,extrapolada,,,principal,,
SGC,SGC2022cgjpwk,,2022-02-01T14:09:30+00:00,2.6483,-75.1703,29.0,1.4,MLr_2,"Algeciras - Huila, Colombia",manual,0.8,104.0,11.0,SGC,0.1,3.3,2.7,5.0,,,,,,,,,,2.4336,Senel et al.: Mw=0.8095 ML+1.3003 (3.3<=ML<=6.6),,extrapolada,,,principal,,
SGC,SGC2022chlsch,,2022-02-02T04:16:55+00:00,2.5488,-75.3638,33.0,1.8,MLr_2,"Campoalegre - Huila, Colombia",manual,1.0,92.0,15.0,SGC,0.1,2.3,2.5,4.0,,,,,,,,,,2.7574,Senel et al.: Mw=0.8095 ML+1.3003 (3.3<=ML<=6.6),,extrapolada,,,principal,,
SGC,SGC2022chopln,,2022-02-02T05:44:23+00:00,3.2981,-75.278,27.0,1.9,MLr_2,"Aipe - Huila, Colombia",manual,1.0,78.0,20.0,SGC,0.2,2.1,2.3,5.0,,,,,,,,,,2.83835,Senel et al.: Mw=0.8095 ML+1.3003 (3.3<=ML<=6.6),,extrapolada,,,principal,,
SGC,SGC2022cixlkx,,2022-02-02T23:15:44+00:00,2.5149,-75.4169,23.0,1.2,MLr_2,"Hobo - Huila, Colombia",manual,0.4,229.0,5.0,SGC,0.3,2.7,5.9,9.0,,,,,,,,,,2.2717,Senel et al.: Mw=0.8095 ML+1.3003 (3.3<=ML<=6.6),,extrapolada,,,principal,,
SGC,SGC2022ckmtuz,,2022-02-03T20:02:31+00:00,2.6903,-75.0643,3.0,1.3,MLr_2,"San Vicente del Caguán - Caquetá, Colombia",manual,0.5,125.0,16.0,SGC,0.1,0.9,0.9,2.0,,,,,,,,,,2.35265,Senel et al.: Mw=0.8095 ML+1.3003 (3.3<=ML<=6.6),,extrapolada,,,principal,,
SGC,SGC2022clggwk,,2022-02-04T05:50:55+00:00,2.9097,-75.7297,28.0,1.2,MLr_2,"Santa María - Huila, Colombia",manual,0.7,101.0,8.0,SGC,0.2,3.8,4.3,5.0,,,,,,,,,,2.2717,Senel et al.: Mw=0.8095 ML+1.3003 (3.3<=ML<=6.6),,extrapolada,,,principal,,
SGC,SGC2022couzhd,,2022-02-06T04:28:08+00:00,2.8091,-74.9981,32.0,1.3,MLr_2,"San Vicente del Caguán - Caquetá, Colombia",manual,0.7,153.0,10.0,SGC,0.1,3.1,2.9,10.0,,,,,,,,,,2.35265,Senel et al.: Mw=0.8095 ML+1.3003 (3.3<=ML<=6.6),,extrapolada,,,principal,,
SGC,SGC2022cuaswn,,2022-02-09T00:44:06+00:00,2.5805,-75.2106,29.0,1.6,MLr_2,"Algeciras - Huila, Colombia",manual,0.9,96.0,14.0,SGC,0.2,2.6,2.4,5.0,,,,,,,,,,2.5955000000000004,Senel et al.: Mw=0.8095 ML+1.3003 (3.3<=ML<=6.6),,extrapolada,,,principal,,
SGC,SGC2022czcxwf,,2022-02-11T19:12:36+00:00,2.6821,-75.0958,28.0,1.4,MLr_2,"San Vicente del Caguán - Caquetá, Colombia",manual,0.8,105.0,10.0,SGC,0.1,3.2,2.6,9.0,,,,,,,,,,2.4336,Senel et al.: Mw=0.8095 ML+1.3003 (3.3<=ML<=6.6),,extrapolada,,,principal,,
SGC,SGC2022ddqpug,,2022-02-14T06:23:34+00:00,2.8324,-75.1514,38.0,1.7,MLr_2,"Neiva - Huila, Colombia",manual,0.9,84.0,13.0,SGC,0.2,2.9,2.6,5.0,,,,,,,,,,2.67645,Senel et al.: Mw=0.8095 ML+1.3003 (3.3<=ML<=6.6),,extrapolada,,,principal,,
SGC,SGC2022dexaka,,2022-02-14T22:41:23+00:00,2.771,-75.0406,35.0,1.9,MLr_2,"San Vicente del Caguán - Caquetá, Colombia",manual,1.0,90.0,20.0,SGC,0.2,2.8,2.3,5.0,,,,,,,,,,2.83835,Senel et al.: Mw=0.8095 ML+1.3003 (3.3<=ML<=6.6),,extrapolada,,,principal,,
SGC,SGC2022dldepc,,2022-02-18T08:14:08+00:00,2.756,-74.9316,4.0,1.7,MLr_2,"San Vicente del Caguán - Caquetá, Colombia",manual,0.2,176.0,9.0,SGC,0.1,0.8,0.8,1.0,,,,,,,,,,2.67645,Senel et al.: Mw=0.8095 ML+1.3003 (3.3<=ML<=6.6),,extrapolada,,,principal,,
SGC,SGC2022dmwlxh,,2022-02-19T07:00:21+00:00,2.716,-75.0703,32.0,1.6,MLr_2,"San Vicente del Caguán - Caquetá, Colombia",manual,0.9,104.0,13.0,SGC,0.1,3.3,2.6,6.0,,,,,,,,,,2.5955000000000004,Senel et al.: Mw=0.8095 ML+1.3003 (3.3<=ML<=6.6),,extrapolada,,,principal,,
SGC,SGC2022dsjobw,,2022-02-22T06:57:38+00:00,2.4925,-75.3596,3.0,2.4,MLr_2,"Algeciras - Huila, Colombia",manual,0.6,101.0,38.0,SGC,0.3,0.7,0.7,2.0,,,,,,,,,,3.2431,Senel et al.: Mw=0.8095 ML+1.3003 (3.3<=ML<=6.6),,extrapolada,,,principal,,
SGC,SGC2022dyczao,,2022-02-25T10:05:45+00:00,2.7287,-75.0512,29.0,1.8,MLr_2,"San Vicente del Caguán - Caquetá, Colombia",manual,0.8,92.0,14.0,SGC,0.2,2.9,2.1,5.0,,,,,,,,,,2.7574,Senel et al.: Mw=0.8095 ML+1.3003 (3.3<=ML<=6.6),,extrapolada,,,principal,,
SGC,SGC2022dyzvhd,,2022-02-25T21:35:28+00:00,2.8373,-74.8505,20.0,1.2,MLr_2,"San Vicente del Caguán - Caquetá, Colombia",manual,0.4,127.0,8.0,SGC,0.2,2.5,2.5,4.0,,,,,,,,,,2.2717,Senel et al.: Mw=0.8095 ML+1.3003 (3.3<=ML<=6.6),,extrapolada,,,principal,,
SGC,SGC2022dzehhi,,2022-02-25T23:50:06+00:00,2.7271,-75.0766,73.0,1.2,MLr_2,"San Vicente del Caguán - Caquetá, Colombia",manual,1.1,104.0,12.0,SGC,0.1,3.7,3.7,11.0,,,,,,,,,,2.2717,Senel et al.: Mw=0.8095 ML+1.3003 (3.3<=ML<=6.6),,extrapolada,,,principal,,
SGC,SGC2022dzgoqs,,2022-02-26T00:58:59+00:00,2.6961,-75.033,16.0,1.4,MLr_2,"San Vicente del Caguán - Caquetá, Colombia",manual,0.5,94.0,14.0,SGC,0.1,1.5,1.5,3.0,,,,,,,,,,2.4336,Senel et al.: Mw=0.8095 ML+1.3003 (3.3<=ML<=6.6),,extrapolada,,,principal,,
SGC,SGC2022ebnhlr,,2022-02-27T06:30:50+00:00,2.9298,-74.8706,27.0,1.9,MLr_2,"Uribe - Meta, Colombia",manual,1.0,83.0,21.0,SGC,0.2,2.8,2.3,5.0,,,,,,,,,,2.83835,Senel et al.: Mw=0.8095 ML+1.3003 (3.3<=ML<=6.6),,extrapolada,,,principal,,
SGC,SGC2022ehnydu,,2022-03-02T13:17:00+00:00,2.7139,-75.0469,32.0,1.4,MLr_2,"San Vicente del Caguán - Caquetá, Colombia",manual,0.9,93.0,11.0,SGC,0.1,3.0,2.8,6.0,,,,,,,,,,2.4336,Senel et al.: Mw=0.8095 ML+1.3003 (3.3<=ML<=6.6),,extrapolada,,,principal,,
SGC,SGC2022enewbd,,2022-03-05T15:09:52+00:00,2.553,-75.3425,27.0,1.4,MLr_2,"Campoalegre - Huila, Colombia",manual,0.7,93.0,8.0,SGC,0.1,2.5,3.1,5.0,,,,,,,,,,2.4336,Senel et al.: Mw=0.8095 ML+1.3003 (3.3<=ML<=6.6),,extrapolada,,,principal,,
SGC,SGC2022epzxus,,2022-03-07T03:54:28+00:00,3.206,-75.5643,27.0,1.3,MLr_2,"Aipe - Huila, Colombia",manual,0.9,78.0,12.0,SGC,0.1,2.4,2.9,6.0,,,,,,,,,,2.35265,Senel et al.: Mw=0.8095 ML+1.3003 (3.3<=ML<=6.6),,extrapolada,,,principal,,
SGC,SGC2022etqgmg,,2022-03-09T03:20:43+00:00,2.7329,-75.0406,23.0,1.3,MLr_2,"San Vicente del Caguán - Caquetá, Colombia",manual,0.8,92.0,14.0,SGC,0.1,2.8,2.3,6.0,,,,,,,,,,2.35265,Senel et al.: Mw=0.8095 ML+1.3003 (3.3<=ML<=6.6),,extrapolada,,,principal,,
SGC,SGC2022etxifj,,2022-03-09T06:53:56+00:00,2.7869,-75.014,28.0,1.7,MLr_2,"San Vicente del Caguán - Caquetá, Colombia",manual,0.8,89.0,13.0,SGC,0.1,3.2,2.6,6.0,,,,,,,,,,2.67645,Senel et al.: Mw=0.8095 ML+1.3003 (3.3<=ML<=6.6),,extrapolada,,,principal,,
SGC,SGC2022eyrnxt,,2022-03-11T21:22:06+00:00,2.4901,-75.3951,28.0,1.5,MLr_2,"Hobo - Huila, Colombia",manual,0.6,93.0,11.0,SGC,0.1,2.0,2.5,4.0,,,,,,,,,,2.51455,Senel et al.: Mw=0.8095 ML+1.3003 (3.3<=ML<=6.6),,extrapolada,,,principal,,
SGC,SGC2022fclqjt,,2022-03-13T22:41:37+00:00,2.7414,-75.2726,36.0,1.4,MLr_2,"Campoalegre - Huila, Colombia",manual,0.6,85.0,11.0,SGC,0.2,2.6,2.6,4.0,,,,,,,,,,2.4336,Senel et al.: Mw=0.8095 ML+1.3003 (3.3<=ML<=6.6),,extrapolada,,,principal,,
SGC,SGC2022felvll,,2022-03-15T00:56:28+00:00,2.579,-75.3303,33.0,2.3,MLr_2,"Campoalegre - Huila, Colombia",manual,0.8,92.0,23.0,SGC,0.3,2.2,2.2,3.0,,,,,,,,,,3.16215,Senel et al.: Mw=0.8095 ML+1.3003 (3.3<=ML<=6.6),,extrapolada,,,principal,,
SGC,SGC2022ffjcng,,2022-03-15T12:38:38+00:00,2.7229,-75.5382,20.0,2.3,MLr_2,"Yaguará - Huila, Colombia",manual,0.9,55.0,24.0,SGC,0.4,1.8,1.6,3.0,,,,,,,,,,3.16215,Senel et al.: Mw=0.8095 ML+1.3003 (3.3<=ML<=6.6),,extrapolada,,,principal,,
SGC,SGC2022fgamrc,,2022-03-15T21:23:19+00:00,2.517,-75.3276,36.0,1.3,MLr_2,"Algeciras - Huila, Colombia",manual,0.6,95.0,11.0,SGC,0.1,2.3,2.7,4.0,,,,,,,,,,2.35265,Senel et al.: Mw=0.8095 ML+1.3003 (3.3<=ML<=6.6),,extrapolada,,,principal,,
SGC,SGC2022fhdkfq,,2022-03-16T11:55:30+00:00,2.5497,-75.3579,1.0,2.1,MLr_2,"Campoalegre - Huila, Colombia",manual,0.6,92.0,16.0,SGC,0.2,0.7,0.7,3.0,,,,,,,,,,3.0002500000000003,Senel et al.: Mw=0.8095 ML+1.3003 (3.3<=ML<=6.6),,extrapolada,,,principal,,
SGC,SGC2022fruzmq,,2022-03-22T07:30:53+00:00,2.7425,-75.0544,22.0,1.4,MLr_2,"San Vicente del Caguán - Caquetá, Colombia",manual,0.7,154.0,8.0,SGC,0.1,3.2,3.7,9.0,,,,,,,,,,2.4336,Senel et al.: Mw=0.8095 ML+1.3003 (3.3<=ML<=6.6),,extrapolada,,,principal,,
SGC,SGC2022ftbszq,,2022-03-22T23:59:03+00:00,2.5488,-75.3383,29.0,1.3,MLr_2,"Algeciras - Huila, Colombia",manual,0.8,144.0,9.0,SGC,0.2,2.4,3.8,6.0,,,,,,,,,,2.35265,Senel et al.: Mw=0.8095 ML+1.3003 (3.3<=ML<=6.6),,extrapolada,,,principal,,
SGC,SGC2022fwxbnk,,2022-03-25T01:55:58+00:00,2.6631,-75.066,23.0,1.9,MLr_2,"San Vicente del Caguán - Caquetá, Colombia",manual,1.0,95.0,17.0,SGC,0.2,2.8,2.5,6.0,,,,,,,,,,2.83835,Senel et al.: Mw=0.8095 ML+1.3003 (3.3<=ML<=6.6),,extrapolada,,,principal,,
SGC,SGC2022fyjmid,,2022-03-25T21:15:03+00:00,2.7012,-75.1278,27.0,1.8,MLr_2,"San Vicente del Caguán - Caquetá, Colombia",manual,0.9,92.0,15.0,SGC,0.2,2.9,2.6,6.0,,,,,,,,,,2.7574,Senel et al.: Mw=0.8095 ML+1.3003 (3.3<=ML<=6.6),,extrapolada,,,principal,,
SGC,SGC2022gdcvys,,2022-03-28T11:17:23+00:00,2.7224,-75.0789,32.0,1.8,MLr_2,"San Vicente del Caguán - Caquetá, Colombia",manual,1.0,92.0,16.0,SGC,0.2,3.1,2.6,5.0,,,,,,,,,,2.7574,Senel et al.: Mw=0.8095 ML+1.3003 (3.3<=ML<=6.6),,extrapolada,,,principal,,
SGC,SGC2022gehjno,,2022-03-29T02:38:17+00:00,2.5626,-75.384,31.0,1.3,MLr_2,"Campoalegre - Huila, Colombia",manual,0.9,90.0,11.0,SGC,0.1,2.7,2.9,5.0,,,,,,,,,,2.35265,Senel et al.: Mw=0.8095 ML+1.3003 (3.3<=ML<=6.6),,extrapolada,,,principal,,
SGC,SGC2022gnmmsu,,2022-04-03T02:53:10+00:00,2.7266,-75.0469,28.0,1.5,MLr_2,"San Vicente del Caguán - Caquetá, Colombia",manual,1.1,156.0,13.0,SGC,0.1,3.3,3.2,7.0,,,,,,,,,,2.51455,Senel et al.: Mw=0.8095 ML+1.3003 (3.3<=ML<=6.6),,extrapolada,,,principal,,
SGC,SGC2022gohibz,,2022-04-03T13:21:22+00:00,2.7732,-75.1577,32.0,1.3,MLr_2,"Rivera - Huila, Colombia",manual,0.7,186.0,7.0,SGC,0.2,3.6,4.8,8.0,,,,,,,,,,2.35265,Senel et al.: Mw=0.8095 ML+1.3003 (3.3<=ML<=6.6),,extrapolada,,,principal,,
SGC,SGC2022gszznl,,2022-04-06T03:02:39+00:00,2.6795,-75.1368,30.0,2.2,MLr_2,"San Vicente del Caguán - Caquetá, Colombia",manual,0.9,93.0,27.0,SGC,0.2,2.2,2.1,3.0,,,,,,,,,,3.0812,Senel et al.: Mw=0.8095 ML+1.3003 (3.3<=ML<=6.6),,extrapolada,,,principal,,
SGC,SGC2022guozan,,2022-04-06T23:39:05+00:00,2.5382,-75.4085,30.0,1.2,MLr_2,"Hobo - Huila, Colombia",manual,0.6,89.0,11.0,SGC,0.1,2.1,2.7,5.0,,,,,,,,,,2.2717,Senel et al.: Mw=0.8095 ML+1.3003 (3.3<=ML<=6.6),,extrapolada,,,principal,,
SGC,SGC2022hqyphu,,2022-04-19T04:08:00+00:00,2.6483,-75.4278,22.0,1.2,MLr_2,"Campoalegre - Huila, Colombia",manual,0.7,84.0,8.0,SGC,0.2,3.4,3.7,11.0,,,,,,,,,,2.2717,Senel et al.: Mw=0.8095 ML+1.3003 (3.3<=ML<=6.6),,extrapolada,,,principal,,
SGC,SGC2022ibltyd,,2022-04-24T21:30:24+00:00,2.7599,-75.535,13.0,1.8,MLr_2,"Teruel - Huila, Colombia",manual,1.0,76.0,17.0,SGC,0.4,2.2,1.7,4.0,,,,,,,,,,2.7574,Senel et al.: Mw=0.8095 ML+1.3003 (3.3<=ML<=6.6),,extrapolada,,,principal,,
SGC,SGC2022imclub,,2022-04-30T16:38:36+00:00,2.7121,-75.0268,6.0,1.3,MLr_2,"San Vicente del Caguán - Caquetá, Colombia",manual,0.2,94.0,13.0,SGC,0.1,0.5,0.5,3.0,,,,,,,,,,2.35265,Senel et al.: Mw=0.8095 ML+1.3003 (3.3<=ML<=6.6),,extrapolada,,,principal,,
SGC,SGC2022isojfc,,2022-05-04T05:04:30+00:00,2.6017,-75.4959,22.0,1.2,MLr_2,"Yaguará - Huila, Colombia",manual,0.6,120.0,5.0,SGC,0.1,3.9,4.5,11.0,,,,,,,,,,2.2717,Senel et al.: Mw=0.8095 ML+1.3003 (3.3<=ML<=6.6),,extrapolada,,,principal,,
SGC,SGC2022ixyxiv,,2022-05-07T03:45:02+00:00,2.603,-75.4826,21.0,0.8,MLr_2,"Yaguará - Huila, Colombia",manual,0.4,218.0,7.0,SGC,0.1,4.2,4.2,3.0,,,,,,,,,,1.9479,Senel et al.: Mw=0.8095 ML+1.3003 (3.3<=ML<=6.6),,extrapolada,,,principal,,
SGC,SGC2022jdvokh,,2022-05-10T08:30:58+00:00,2.4874,-75.3765,33.0,1.4,MLr_2,"Algeciras - Huila, Colombia",manual,0.6,175.0,7.0,SGC,0.1,3.0,4.1,9.0,,,,,,,,,,2.4336,Senel et al.: Mw=0.8095 ML+1.3003 (3.3<=ML<=6.6),,extrapolada,,,principal,,
SGC,SGC2022jfowzi,,2022-05-11T07:18:41+00:00,2.5456,-75.3116,29.0,1.1,MLr_2,"Algeciras - Huila, Colombia",manual,0.5,197.0,7.0,SGC,0.1,2.3,5.5,7.0,,,,,,,,,,2.19075,Senel et al.: Mw=0.8095 ML+1.3003 (3.3<=ML<=6.6),,extrapolada,,,principal,,
SGC,SGC2022jfytxd,,2022-05-11T12:16:51+00:00,2.8049,-75.03,27.0,1.9,MLr_2,"Neiva - Huila, Colombia",manual,0.9,88.0,16.0,SGC,0.3,2.9,2.4,6.0,,,,,,,,,,2.83835,Senel et al.: Mw=0.8095 ML+1.3003 (3.3<=ML<=6.6),,extrapolada,,,principal,,
SGC,SGC2022jgdvpp,,2022-05-11T14:49:43+00:00,2.7351,-75.0704,33.0,1.8,MLr_2,"San Vicente del Caguán - Caquetá, Colombia",manual,0.8,91.0,15.0,SGC,0.2,2.7,2.3,5.0,,,,,,,,,,2.7574,Senel et al.: Mw=0.8095 ML+1.3003 (3.3<=ML<=6.6),,extrapolada,,,principal,,
SGC,SGC2022jlftel,,2022-05-14T09:09:35+00:00,2.5043,-75.4297,23.0,1.4,MLr_2,"Hobo - Huila, Colombia",manual,0.6,137.0,8.0,SGC,0.3,2.1,3.1,5.0,,,,,,,,,,2.4336,Senel et al.: Mw=0.8095 ML+1.3003 (3.3<=ML<=6.6),,extrapolada,,,principal,,
SGC,SGC2022kaxfqw,,2022-05-22T22:04:09+00:00,2.9536,-74.8552,30.0,2.7,MLr_2,"Uribe - Meta, Colombia",manual,1.0,81.0,35.0,SGC,0.2,2.4,2.0,4.0,,,,,,,,,,3.4859500000000003,Senel et al.: Mw=0.8095 ML+1.3003 (3.3<=ML<=6.6),,extrapolada,,,principal,,
SGC,SGC2022kfniay,,2022-05-25T10:27:32+00:00,2.6694,-75.3236,40.0,1.9,MLr_2,"Campoalegre - Huila, Colombia",manual,1.1,87.0,16.0,SGC,0.3,2.8,3.2,6.0,,,,,,,,,,2.83835,Senel et al.: Mw=0.8095 ML+1.3003 (3.3<=ML<=6.6),,extrapolada,,,principal,,
SGC,SGC2022khxvtj,,2022-05-26T17:54:07+00:00,2.4969,-75.2583,12.0,1.3,MLr_2,"Algeciras - Huila, Colombia",manual,0.5,99.0,9.0,SGC,0.1,2.1,3.4,6.0,,,,,,,,,,2.35265,Senel et al.: Mw=0.8095 ML+1.3003 (3.3<=ML<=6.6),,extrapolada,,,principal,,
SGC,SGC2022kjcybb,,2022-05-27T09:32:08+00:00,2.898,-74.845,35.0,2.0,MLr_2,"San Vicente del Caguán - Caquetá, Colombia",manual,0.9,84.0,13.0,SGC,0.2,2.8,3.0,7.0,,,,,,,,,,2.9193,Senel et al.: Mw=0.8095 ML+1.3003 (3.3<=ML<=6.6),,extrapolada,,,principal,,
SGC,SGC2022klxvan,,2022-05-28T22:11:10+00:00,2.5001,-75.3403,27.0,1.2,MLr_2,"Algeciras - Huila, Colombia",manual,0.7,103.0,7.0,SGC,0.1,3.6,3.8,9.0,,,,,,,,,,2.2717,Senel et al.: Mw=0.8095 ML+1.3003 (3.3<=ML<=6.6),,extrapolada,,,principal,,
SGC,SGC2022kqjstx,,2022-05-31T08:28:32+00:00,2.9467,-75.6968,16.0,1.2,MLr_2,"Santa María - Huila, Colombia",manual,0.7,82.0,9.0,SGC,0.2,2.6,2.3,6.0,,,,,,,,,,2.2717,Senel et al.: Mw=0.8095 ML+1.3003 (3.3<=ML<=6.6),,extrapolada,,,principal,,
SGC,SGC2022krllpw,,2022-05-31T22:25:02+00:00,2.6737,-75.3725,27.0,1.2,MLr_2,"Campoalegre - Huila, Colombia",manual,0.7,169.0,7.0,SGC,0.1,2.9,4.0,10.0,,,,,,,,,,2.2717,Senel et al.: Mw=0.8095 ML+1.3003 (3.3<=ML<=6.6),,extrapolada,,,principal,,
SGC,SGC2022krouzq,,2022-06-01T00:06:28+00:00,2.5319,-75.2595,29.0,1.7,MLr_2,"Algeciras - Huila, Colombia",manual,0.7,97.0,11.0,SGC,0.2,2.6,2.9,5.0,,,,,,,,,,2.67645,Senel et al.: Mw=0.8095 ML+1.3003 (3.3<=ML<=6.6),,extrapolada,,,principal,,
SGC,SGC2022kxrdfy,,2022-06-04T07:43:13+00:00,3.169,-74.9114,27.0,2.1,MLr_2,"Baraya - Huila, Colombia",manual,1.0,71.0,19.0,SGC,0.2,2.3,2.5,6.0,,,,,,,,,,3.0002500000000003,Senel et al.: Mw=0.8095 ML+1.3003 (3.3<=ML<=6.6),,extrapolada,,,principal,,
SGC,SGC2022kybnvs,,2022-06-04T12:57:13+00:00,2.6948,-75.0682,28.0,1.6,MLr_2,"San Vicente del Caguán - Caquetá, Colombia",manual,0.9,93.0,16.0,SGC,0.1,2.9,2.6,6.0,,,,,,,,,,2.5955000000000004,Senel et al.: Mw=0.8095 ML+1.3003 (3.3<=ML<=6.6),,extrapolada,,,principal,,
SGC,SGC2022lagvme,,2022-06-05T17:45:55+00:00,2.7118,-75.0235,28.0,1.9,MLr_2,"San Vicente del Caguán - Caquetá, Colombia",manual,1.1,93.0,20.0,SGC,0.4,3.2,2.9,6.0,,,,,,,,,,2.83835,Senel et al.: Mw=0.8095 ML+1.3003 (3.3<=ML<=6.6),,extrapolada,,,principal,,
SGC,SGC2022lalzii,,2022-06-05T20:21:14+00:00,2.5128,-75.2488,23.0,1.2,MLr_2,"Algeciras - Huila, Colombia",manual,0.8,187.0,5.0,SGC,0.2,4.9,7.2,9.0,,,,,,,,,,2.2717,Senel et al.: Mw=0.8095 ML+1.3003 (3.3<=ML<=6.6),,extrapolada,,,principal,,
SGC,SGC2022lcymwe,,2022-06-07T04:47:59+00:00,2.5012,-75.2711,30.0,1.6,MLr_2,"Algeciras - Huila, Colombia",manual,0.9,99.0,11.0,SGC,0.1,3.7,4.2,,,,,,,,,,,2.5955000000000004,Senel et al.: Mw=0.8095 ML+1.3003 (3.3<=ML<=6.6),,extrapolada,,,principal,,
SGC,SGC2022lgfmno,,2022-06-08T23:32:13+00:00,2.7287,-75.0533,31.0,1.7,MLr_2,"San Vicente del Caguán - Caquetá, Colombia",manual,0.9,92.0,15.0,SGC,0.1,3.3,3.0,5.0,,,,,,,,,,2.67645,Senel et al.: Mw=0.8095 ML+1.3003 (3.3<=ML<=6.6),,extrapolada,,,principal,,
SGC,SGC2022lrdswm,,2022-06-14T22:28:27+00:00,2.6208,-75.1787,21.0,1.3,MLr_2,"Algeciras - Huila, Colombia",manual,0.9,95.0,10.0,SGC,0.1,2.9,3.1,9.0,,,,,,,,,,2.35265,Senel et al.: Mw=0.8095 ML+1.3003 (3.3<=ML<=6.6),,extrapolada,,,principal,,
SGC,SGC2022lrwsii,,2022-06-15T08:01:06+00:00,2.8726,-74.8832,29.0,2.3,MLr_2,"San Vicente del Caguán - Caquetá, Colombia",manual,1.0,86.0,23.0,SGC,0.2,2.7,2.4,5.0,,,,,,,,,,3.16215,Senel et al.: Mw=0.8095 ML+1.3003 (3.3<=ML<=6.6),,extrapolada,,,principal,,
SGC,SGC2022lwbkzh,,2022-06-17T14:41:19+00:00,2.5192,-75.3488,36.0,1.3,MLr_2,"Algeciras - Huila, Colombia",manual,0.6,177.0,8.0,SGC,0.2,2.6,4.2,5.0,,,,,,,,,,2.35265,Senel et al.: Mw=0.8095 ML+1.3003 (3.3<=ML<=6.6),,extrapolada,,,principal,,
SGC,SGC2022lzcebx,,2022-06-19T06:16:54+00:00,2.9076,-74.8631,15.0,1.3,MLr_2,"San Vicente del Caguán - Caquetá, Colombia",manual,0.8,128.0,5.0,SGC,0.1,5.4,5.6,,,,,,,,,,,2.35265,Senel et al.: Mw=0.8095 ML+1.3003 (3.3<=ML<=6.6),,extrapolada,,,principal,,
SGC,SGC2022mciuje,,2022-06-21T00:50:16+00:00,2.915,-74.8599,31.0,1.5,MLr_2,"San Vicente del Caguán - Caquetá, Colombia",manual,0.9,129.0,11.0,SGC,0.1,2.9,4.6,10.0,,,,,,,,,,2.51455,Senel et al.: Mw=0.8095 ML+1.3003 (3.3<=ML<=6.6),,extrapolada,,,principal,,
SGC,SGC2022mexfvf,,2022-06-22T10:14:55+00:00,2.5784,-75.3979,31.0,1.2,MLr_2,"Campoalegre - Huila, Colombia",manual,0.6,169.0,8.0,SGC,0.1,2.4,4.0,4.0,,,,,,,,,,2.2717,Senel et al.: Mw=0.8095 ML+1.3003 (3.3<=ML<=6.6),,extrapolada,,,principal,,
SGC,SGC2022mkekml,,2022-06-25T07:13:56+00:00,2.9591,-74.8518,6.0,1.4,MLr_2,"Uribe - Meta, Colombia",manual,0.2,213.0,11.0,SGC,0.1,1.2,1.2,1.0,,,,,,,,,,2.4336,Senel et al.: Mw=0.8095 ML+1.3003 (3.3<=ML<=6.6),,extrapolada,,,principal,,
SGC,SGC2022mmibeb,,2022-06-26T11:12:45+00:00,3.1235,-75.2936,16.0,1.4,MLr_2,"Aipe - Huila, Colombia",manual,0.6,110.0,13.0,SGC,0.2,1.9,2.3,7.0,,,,,,,,,,2.4336,Senel et al.: Mw=0.8095 ML+1.3003 (3.3<=ML<=6.6),,extrapolada,,,principal,,
SGC,SGC2022msrzyz,,2022-06-29T22:39:57+00:00,2.6186,-75.415,32.0,1.5,MLr_2,"Campoalegre - Huila, Colombia",manual,0.6,165.0,8.0,SGC,0.2,2.2,3.6,5.0,,,,,,,,,,2.51455,Senel et al.: Mw=0.8095 ML+1.3003 (3.3<=ML<=6.6),,extrapolada,,,principal,,
SGC,SGC2022mxrevj,,2022-07-02T15:37:46+00:00,2.5615,-75.5086,23.0,1.4,MLr_2,"Yaguará - Huila, Colombia",manual,0.8,149.0,7.0,SGC,0.3,3.9,4.7,10.0,,,,,,,,,,2.4336,Senel et al.: Mw=0.8095 ML+1.3003 (3.3<=ML<=6.6),,extrapolada,,,principal,,
SGC,SGC2022mzvoue,,2022-07-03T19:58:58+00:00,3.1923,-75.2139,34.0,1.4,MLr_2,"Villavieja - Huila, Colombia",manual,0.8,86.0,12.0,SGC,0.2,2.4,2.6,8.0,,,,,,,,,,2.4336,Senel et al.: Mw=0.8095 ML+1.3003 (3.3<=ML<=6.6),,extrapolada,,,principal,,
SGC,SGC2022nbbkah,,2022-07-04T11:59:00+00:00,2.9713,-74.9545,3.0,2.8,MLr_2,"Tello - Huila, Colombia",manual,1.2,50.0,77.0,SGC,0.3,1.1,1.1,2.0,,,,,,,,,,3.5669,Senel et al.: Mw=0.8095 ML+1.3003 (3.3<=ML<=6.6),,extrapolada,,,principal,,
SGC,SGC2022ndswrs,,2022-07-05T22:55:32+00:00,3.0314,-74.9708,28.0,1.6,MLr_2,"Tello - Huila, Colombia",manual,0.9,77.0,20.0,SGC,0.1,2.4,2.4,5.0,,,,,,,,,,2.5955000000000004,Senel et al.: Mw=0.8095 ML+1.3003 (3.3<=ML<=6.6),,extrapolada,,,principal,,
SGC,SGC2022nfvfay,,2022-07-07T02:14:32+00:00,2.9219,-75.7015,18.0,1.4,MLr_2,"Santa María - Huila, Colombia",manual,0.9,51.0,15.0,SGC,0.2,2.1,1.7,4.0,,,,,,,,,,2.4336,Senel et al.: Mw=0.8095 ML+1.3003 (3.3<=ML<=6.6),,extrapolada,,,principal,,
SGC,SGC2022ngkctl,,2022-07-07T09:44:27+00:00,2.9308,-75.7042,17.0,1.2,MLr_2,"Santa María - Huila, Colombia",manual,0.7,112.0,6.0,SGC,0.2,3.3,3.2,8.0,,,,,,,,,,2.2717,Senel et al.: Mw=0.8095 ML+1.3003 (3.3<=ML<=6.6),,extrapolada,,,principal,,
SGC,SGC2022njncrw,,2022-07-09T02:28:20+00:00,2.7224,-75.0512,36.0,1.3,MLr_2,"San Vicente del Caguán - Caquetá, Colombia",manual,0.9,106.0,11.0,SGC,0.1,3.0,3.3,6.0,,,,,,,,,,2.35265,Senel et al.: Mw=0.8095 ML+1.3003 (3.3<=ML<=6.6),,extrapolada,,,principal,,
SGC,SGC2022nmjqcm,,2022-07-10T15:56:27+00:00,2.861,-74.8587,27.0,1.6,MLr_2,"San Vicente del Caguán - Caquetá, Colombia",manual,0.9,127.0,10.0,SGC,0.2,4.6,7.3,11.0,,,,,,,,,,2.5955000000000004,Senel et al.: Mw=0.8095 ML+1.3003 (3.3<=ML<=6.6),,extrapolada,,,principal,,
SGC,SGC2022nvpixq,,2022-07-15T16:29:35+00:00,2.7753,-75.0385,34.0,1.3,MLr_2,"San Vicente del Caguán - Caquetá, Colombia",manual,0.7,153.0,11.0,SGC,0.3,3.6,3.4,6.0,,,,,,,,,,2.35265,Senel et al.: Mw=0.8095 ML+1.3003 (3.3<=ML<=6.6),,extrapolada,,,principal,,
SGC,SGC2022nwuzwt,,2022-07-16T08:24:36+00:00,2.6567,-75.083,31.0,1.4,MLr_2,"San Vicente del Caguán - Caquetá, Colombia",manual,0.8,158.0,9.0,SGC,0.1,3.1,3.5,8.0,,,,,,,,,,2.4336,Senel et al.: Mw=0.8095 ML+1.3003 (3.3<=ML<=6.6),,extrapolada,,,principal,,
SGC,SGC2022oczqgb,,2022-07-19T17:11:08+00:00,2.5149,-75.402,31.0,1.5,MLr_2,"Hobo - Huila, Colombia",manual,0.6,172.0,8.0,SGC,0.1,2.2,4.0,4.0,,,,,,,,,,2.51455,Senel et al.: Mw=0.8095 ML+1.3003 (3.3<=ML<=6.6),,extrapolada,,,principal,,
SGC,SGC2022odamwa,,2022-07-19T17:37:26+00:00,2.6446,-75.3709,33.0,1.8,MLr_2,"Campoalegre - Huila, Colombia",manual,0.6,87.0,16.0,SGC,0.2,2.1,2.3,3.0,,,,,,,,,,2.7574,Senel et al.: Mw=0.8095 ML+1.3003 (3.3<=ML<=6.6),,extrapolada,,,principal,,
SGC,SGC2022ofdeai,,2022-07-20T21:06:36+00:00,2.6758,-75.1405,33.0,1.5,MLr_2,"Algeciras - Huila, Colombia",manual,0.8,98.0,12.0,SGC,0.1,2.7,3.0,6.0,,,,,,,,,,2.51455,Senel et al.: Mw=0.8095 ML+1.3003 (3.3<=ML<=6.6),,extrapolada,,,principal,,
SGC,SGC2022okvtfy,,2022-07-23T23:49:44+00:00,2.7478,-75.0725,22.0,1.3,MLr_2,"Rivera - Huila, Colombia",manual,0.8,105.0,10.0,SGC,0.2,2.9,3.0,8.0,,,,,,,,,,2.35265,Senel et al.: Mw=0.8095 ML+1.3003 (3.3<=ML<=6.6),,extrapolada,,,principal,,
SGC,SGC2022olmyjs,,2022-07-24T08:28:37+00:00,2.5107,-75.3595,29.0,1.3,MLr_2,"Algeciras - Huila, Colombia",manual,0.7,176.0,6.0,SGC,0.2,4.6,5.6,10.0,,,,,,,,,,2.35265,Senel et al.: Mw=0.8095 ML+1.3003 (3.3<=ML<=6.6),,extrapolada,,,principal,,
SGC,SGC2022oqmxqe,,2022-07-27T01:50:07+00:00,3.2367,-75.0905,42.0,1.2,MLr_2,"Villavieja - Huila, Colombia",manual,0.8,108.0,9.0,SGC,0.2,3.8,5.0,11.0,,,,,,,,,,2.2717,Senel et al.: Mw=0.8095 ML+1.3003 (3.3<=ML<=6.6),,extrapolada,,,principal,,
SGC,SGC2022otvjbg,,2022-07-28T21:18:11+00:00,3.315,-75.178,30.0,1.2,MLr_2,"Villavieja - Huila, Colombia",manual,0.8,159.0,9.0,SGC,0.2,3.4,5.2,9.0,,,,,,,,,,2.2717,Senel et al.: Mw=0.8095 ML+1.3003 (3.3<=ML<=6.6),,extrapolada,,,principal,,
SGC,SGC2022ovshjc,,2022-07-29T21:54:43+00:00,2.5192,-75.4297,30.0,1.5,MLr_2,"Hobo - Huila, Colombia",manual,0.7,88.0,10.0,SGC,0.2,2.0,3.1,4.0,,,,,,,,,,2.51455,Senel et al.: Mw=0.8095 ML+1.3003 (3.3<=ML<=6.6),,extrapolada,,,principal,,
SGC,SGC2022owpqjj,,2022-07-30T09:39:04+00:00,2.5086,-75.4318,27.0,1.4,MLr_2,"Hobo - Huila, Colombia",manual,0.6,136.0,8.0,SGC,0.1,2.7,3.1,5.0,,,,,,,,,,2.4336,Senel et al.: Mw=0.8095 ML+1.3003 (3.3<=ML<=6.6),,extrapolada,,,principal,,
SGC,SGC2022ptnfyn,,2022-08-11T21:09:31+00:00,2.4895,-75.2785,29.0,1.6,MLr_2,"Algeciras - Huila, Colombia",manual,0.8,99.0,15.0,SGC,0.1,2.3,2.9,4.0,,,,,,,,,,2.5955000000000004,Senel et al.: Mw=0.8095 ML+1.3003 (3.3<=ML<=6.6),,extrapolada,,,principal,,
SGC,SGC2022qakiky,,2022-08-15T15:13:15+00:00,2.5165,-75.4388,33.0,2.4,MLr_2,"Hobo - Huila, Colombia",manual,0.8,86.0,18.0,SGC,0.1,2.2,2.3,4.0,,,,,,,,,,3.2431,Senel et al.: Mw=0.8095 ML+1.3003 (3.3<=ML<=6.6),,extrapolada,,,principal,,
SGC,SGC2022qbcusu,,2022-08-16T00:30:37+00:00,2.5065,-75.3765,25.0,1.2,MLr_2,"Algeciras - Huila, Colombia",manual,0.6,175.0,6.0,SGC,0.1,4.2,5.2,10.0,,,,,,,,,,2.2717,Senel et al.: Mw=0.8095 ML+1.3003 (3.3<=ML<=6.6),,extrapolada,,,principal,,
SGC,SGC2022qdcduo,,2022-08-17T02:19:57+00:00,2.5932,-75.4299,29.0,1.4,MLr_2,"Hobo - Huila, Colombia",manual,0.7,131.0,11.0,SGC,0.1,2.4,2.7,7.0,,,,,,,,,,2.4336,Senel et al.: Mw=0.8095 ML+1.3003 (3.3<=ML<=6.6),,extrapolada,,,principal,,
SGC,SGC2022qepbnu,,2022-08-17T21:54:03+00:00,3.3214,-75.2674,30.0,1.6,MLr_2,"Aipe - Huila, Colombia",manual,0.8,99.0,13.0,SGC,0.3,2.4,2.5,7.0,,,,,,,,,,2.5955000000000004,Senel et al.: Mw=0.8095 ML+1.3003 (3.3<=ML<=6.6),,extrapolada,,,principal,,
SGC,SGC2022qiozfc,,2022-08-20T02:09:13+00:00,2.8726,-74.8492,39.0,1.6,MLr_2,"San Vicente del Caguán - Caquetá, Colombia",manual,0.7,86.0,11.0,SGC,0.1,2.7,2.9,8.0,,,,,,,,,,2.5955000000000004,Senel et al.: Mw=0.8095 ML+1.3003 (3.3<=ML<=6.6),,extrapolada,,,principal,,
SGC,SGC2022qluopr,,2022-08-21T20:11:24+00:00,2.7277,-75.0821,35.0,1.3,MLr_2,"San Vicente del Caguán - Caquetá, Colombia",manual,0.7,195.0,8.0,SGC,0.1,3.3,4.7,8.0,,,,,,,,,,2.35265,Senel et al.: Mw=0.8095 ML+1.3003 (3.3<=ML<=6.6),,extrapolada,,,principal,,
SGC,SGC2022qpjmcn,,2022-08-23T18:54:29+00:00,2.5763,-75.3532,32.0,1.4,MLr_2,"Campoalegre - Huila, Colombia",manual,0.8,91.0,14.0,SGC,0.1,2.3,2.6,4.0,,,,,,,,,,2.4336,Senel et al.: Mw=0.8095 ML+1.3003 (3.3<=ML<=6.6),,extrapolada,,,principal,,
SGC,SGC2022qugpiu,,2022-08-26T10:50:08+00:00,3.1118,-75.6823,24.0,1.1,MLr_2,"Planadas - Tolima, Colombia",manual,0.7,93.0,9.0,SGC,0.1,2.3,2.7,4.0,,,,,,,,,,2.19075,Senel et al.: Mw=0.8095 ML+1.3003 (3.3<=ML<=6.6),,extrapolada,,,principal,,
SGC,SGC2022qynkwu,,2022-08-28T18:34:04+00:00,2.7097,-75.1001,31.0,1.7,MLr_2,"San Vicente del Caguán - Caquetá, Colombia",manual,1.0,92.0,18.0,SGC,0.1,3.6,2.8,5.0,,,,,,,,,,2.67645,Senel et al.: Mw=0.8095 ML+1.3003 (3.3<=ML<=6.6),,extrapolada,,,principal,,
SGC,SGC2022rajzet,,2022-08-29T18:59:44+00:00,2.7038,-75.3604,31.0,1.8,MLr_2,"Campoalegre - Huila, Colombia",manual,0.8,84.0,20.0,SGC,0.3,2.3,2.1,3.0,,,,,,,,,,2.7574,Senel et al.: Mw=0.8095 ML+1.3003 (3.3<=ML<=6.6),,extrapolada,,,principal,,
SGC,SGC2022rswwvw,,2022-09-08T20:49:00+00:00,2.7351,-75.0491,28.0,1.4,MLr_2,"San Vicente del Caguán - Caquetá, Colombia",manual,0.7,92.0,14.0,SGC,0.1,2.6,2.4,7.0,,,,,,,,,,2.4336,Senel et al.: Mw=0.8095 ML+1.3003 (3.3<=ML<=6.6),,extrapolada,,,principal,,
SGC,SGC2022scaypl,,2022-09-13T20:32:00+00:00,3.26,-75.4952,17.0,1.4,MLr_2,"Aipe - Huila, Colombia",manual,0.8,86.0,13.0,SGC,0.1,2.6,2.9,6.0,,,,,,,,,,2.4336,Senel et al.: Mw=0.8095 ML+1.3003 (3.3<=ML<=6.6),,extrapolada,,,principal,,
SGC,SGC2022slsqkj,,2022-09-19T03:05:51+00:00,2.7351,-75.0704,30.0,1.4,MLr_2,"San Vicente del Caguán - Caquetá, Colombia",manual,0.7,91.0,12.0,SGC,0.1,2.8,2.9,9.0,,,,,,,,,,2.4336,Senel et al.: Mw=0.8095 ML+1.3003 (3.3<=ML<=6.6),,extrapolada,,,principal,,
SGC,SGC2022smwhih,,2022-09-19T18:00:29+00:00,3.0801,-74.9837,33.0,1.4,MLr_2,"Baraya - Huila, Colombia",manual,0.8,75.0,15.0,SGC,0.3,2.6,4.3,9.0,,,,,,,,,,2.4336,Senel et al.: Mw=0.8095 ML+1.3003 (3.3<=ML<=6.6),,extrapolada,,,principal,,
SGC,SGC2022sobvde,,2022-09-20T09:51:51+00:00,2.7605,-75.0534,31.0,2.2,MLr_2,"San Vicente del Caguán - Caquetá, Colombia",manual,0.9,90.0,23.0,SGC,0.2,2.7,2.3,4.0,,,,,,,,,,3.0812,Senel et al.: Mw=0.8095 ML+1.3003 (3.3<=ML<=6.6),,extrapolada,,,principal,,
SGC,SGC2022sqabkd,,2022-09-21T11:07:44+00:00,2.7329,-75.0427,33.0,1.6,MLr_2,"San Vicente del Caguán - Caquetá, Colombia",manual,0.9,92.0,16.0,SGC,0.2,2.7,2.5,6.0,,,,,,,,,,2.5955000000000004,Senel et al.: Mw=0.8095 ML+1.3003 (3.3<=ML<=6.6),,extrapolada,,,principal,,
SGC,SGC2022ssjghh,,2022-09-22T17:54:07+00:00,2.8769,-74.8513,31.0,1.6,MLr_2,"San Vicente del Caguán - Caquetá, Colombia",manual,0.8,86.0,11.0,SGC,0.1,2.7,3.0,9.0,,,,,,,,,,2.5955000000000004,Senel et al.: Mw=0.8095 ML+1.3003 (3.3<=ML<=6.6),,extrapolada,,,principal,,
SGC,SGC2022tajqnt,,2022-09-27T02:41:35+00:00,2.5107,-75.402,29.0,1.1,MLr_2,"Hobo - Huila, Colombia",manual,0.7,92.0,9.0,SGC,0.2,2.2,2.8,5.0,,,,,,,,,,2.19075,Senel et al.: Mw=0.8095 ML+1.3003 (3.3<=ML<=6.6),,extrapolada,,,principal,,
SGC,SGC2022tcslhv,,2022-09-28T09:16:01+00:00,2.5223,-75.2584,32.0,1.3,MLr_2,"Algeciras - Huila, Colombia",manual,0.8,152.0,7.0,SGC,0.1,3.1,4.3,6.0,,,,,,,,,,2.35265,Senel et al.: Mw=0.8095 ML+1.3003 (3.3<=ML<=6.6),,extrapolada,,,principal,,
SGC,SGC2022tcsqhu,,2022-09-28T09:21:45+00:00,2.7041,-75.0363,5.0,1.4,MLr_2,"San Vicente del Caguán - Caquetá, Colombia",manual,0.5,158.0,14.0,SGC,0.1,1.2,1.2,6.0,,,,,,,,,,2.4336,Senel et al.: Mw=0.8095 ML+1.3003 (3.3<=ML<=6.6),,extrapolada,,,principal,,
SGC,SGC2022tjkapq,,2022-10-02T00:33:34+00:00,2.659,-75.0531,4.0,1.2,MLr_2,"San Vicente del Caguán - Caquetá, Colombia",manual,0.3,160.0,12.0,SGC,0.2,0.6,0.6,2.0,,,,,,,,,,2.2717,Senel et al.: Mw=0.8095 ML+1.3003 (3.3<=ML<=6.6),,extrapolada,,,principal,,
SGC,SGC2022tmxvxf,,2022-10-03T22:43:57+00:00,2.7266,-74.9531,4.0,1.4,MLr_2,"San Vicente del Caguán - Caquetá, Colombia",manual,0.6,164.0,22.0,SGC,0.4,1.4,1.4,3.0,,,,,,,,,,2.4336,Senel et al.: Mw=0.8095 ML+1.3003 (3.3<=ML<=6.6),,extrapolada,,,principal,,
SGC,SGC2022ttnchm,,2022-10-07T12:50:46+00:00,2.7605,-75.675,24.0,1.4,MLr_2,"Íquira - Huila, Colombia",manual,0.8,93.0,8.0,SGC,0.2,2.8,3.2,8.0,,,,,,,,,,2.4336,Senel et al.: Mw=0.8095 ML+1.3003 (3.3<=ML<=6.6),,extrapolada,,,principal,,
SGC,SGC2022tunttc,,2022-10-08T02:15:30+00:00,3.0441,-74.8601,30.0,1.5,MLr_2,"Baraya - Huila, Colombia",manual,1.0,141.0,9.0,SGC,0.1,3.5,4.4,10.0,,,,,,,,,,2.51455,Senel et al.: Mw=0.8095 ML+1.3003 (3.3<=ML<=6.6),,extrapolada,,,principal,,
SGC,SGC2022txdfjc,,2022-10-09T12:10:32+00:00,2.7318,-75.0428,3.0,1.5,MLr_2,"San Vicente del Caguán - Caquetá, Colombia",manual,0.3,156.0,8.0,SGC,0.2,0.6,0.6,2.0,,,,,,,,,,2.51455,Senel et al.: Mw=0.8095 ML+1.3003 (3.3<=ML<=6.6),,extrapolada,,,principal,,
SGC,SGC2022uerqji,,2022-10-13T14:57:01+00:00,2.5361,-75.4425,19.0,1.1,MLr_2,"Hobo - Huila, Colombia",manual,0.3,180.0,5.0,SGC,0.1,4.1,5.2,10.0,,,,,,,,,,2.19075,Senel et al.: Mw=0.8095 ML+1.3003 (3.3<=ML<=6.6),,extrapolada,,,principal,,
SGC,SGC2022ufbvdi,,2022-10-13T20:04:17+00:00,2.498,-75.3509,35.0,1.4,MLr_2,"Algeciras - Huila, Colombia",manual,0.6,146.0,10.0,SGC,0.2,2.3,3.6,4.0,,,,,,,,,,2.4336,Senel et al.: Mw=0.8095 ML+1.3003 (3.3<=ML<=6.6),,extrapolada,,,principal,,
SGC,SGC2022ulfmfk,,2022-10-17T04:21:31+00:00,2.5563,-75.3168,12.0,1.3,MLr_2,"Algeciras - Huila, Colombia",manual,0.3,94.0,15.0,SGC,0.1,0.6,0.6,1.0,,,,,,,,,,2.35265,Senel et al.: Mw=0.8095 ML+1.3003 (3.3<=ML<=6.6),,extrapolada,,,principal,,
SGC,SGC2022uukqqw,,2022-10-22T04:37:47+00:00,2.872,-75.6936,1.0,1.3,MLr_2,"Santa María - Huila, Colombia",manual,0.2,155.0,10.0,SGC,0.2,0.8,0.8,2.0,,,,,,,,,,2.35265,Senel et al.: Mw=0.8095 ML+1.3003 (3.3<=ML<=6.6),,extrapolada,,,principal,,
SGC,SGC2022uvwpor,,2022-10-22T23:43:16+00:00,2.9319,-74.8514,32.0,2.0,MLr_2,"Uribe - Meta, Colombia",manual,0.9,83.0,20.0,SGC,0.1,2.7,2.6,7.0,,,,,,,,,,2.9193,Senel et al.: Mw=0.8095 ML+1.3003 (3.3<=ML<=6.6),,extrapolada,,,principal,,
SGC,SGC2022uxejqa,,2022-10-23T16:42:01+00:00,2.8726,-74.8556,33.0,2.1,MLr_2,"San Vicente del Caguán - Caquetá, Colombia",manual,0.8,86.0,18.0,SGC,0.2,2.7,2.5,5.0,,,,,,,,,,3.0002500000000003,Senel et al.: Mw=0.8095 ML+1.3003 (3.3<=ML<=6.6),,extrapolada,,,principal,,
SGC,SGC2022uymchq,,2022-10-24T09:39:21+00:00,3.2939,-75.1332,22.0,1.5,MLr_2,"Villavieja - Huila, Colombia",manual,0.7,105.0,9.0,SGC,0.4,2.6,4.0,10.0,,,,,,,,,,2.51455,Senel et al.: Mw=0.8095 ML+1.3003 (3.3<=ML<=6.6),,extrapolada,,,principal,,
SGC,SGC2022uyotgz,,2022-10-24T10:59:24+00:00,2.7308,-75.0597,36.0,1.5,MLr_2,"San Vicente del Caguán - Caquetá, Colombia",manual,1.0,92.0,12.0,SGC,0.2,3.3,3.3,6.0,,,,,,,,,,2.51455,Senel et al.: Mw=0.8095 ML+1.3003 (3.3<=ML<=6.6),,extrapolada,,,principal,,
SGC,SGC2022uzjamb,,2022-10-24T21:11:12+00:00,2.9298,-74.8514,33.0,1.4,MLr_2,"Uribe - Meta, Colombia",manual,0.8,83.0,11.0,SGC,0.1,2.9,3.5,9.0,,,,,,,,,,2.4336,Senel et al.: Mw=0.8095 ML+1.3003 (3.3<=ML<=6.6),,extrapolada,,,principal,,
SGC,SGC2022vbthpc,,2022-10-26T04:30:07+00:00,2.9573,-75.2305,32.0,1.8,MLr_2,"Neiva - Huila, Colombia",manual,1.0,77.0,22.0,SGC,0.2,2.5,2.3,5.0,,,,,,,,,,2.7574,Senel et al.: Mw=0.8095 ML+1.3003 (3.3<=ML<=6.6),,extrapolada,,,principal,,
SGC,SGC2022vcnhsb,,2022-10-26T14:33:42+00:00,2.7075,-74.9937,38.0,1.5,MLr_2,"San Vicente del Caguán - Caquetá, Colombia",manual,0.7,162.0,10.0,SGC,0.1,3.4,3.7,6.0,,,,,,,,,,2.51455,Senel et al.: Mw=0.8095 ML+1.3003 (3.3<=ML<=6.6),,extrapolada,,,principal,,
SGC,SGC2022vtrbab,,2022-11-04T22:42:43+00:00,2.6261,-75.0223,19.0,1.6,MLr_2,"San Vicente del Caguán - Caquetá, Colombia",manual,0.9,99.0,16.0,SGC,0.2,3.1,2.2,6.0,,,,,,,,,,2.5955000000000004,Senel et al.: Mw=0.8095 ML+1.3003 (3.3<=ML<=6.6),,extrapolada,,,principal,,
SGC,SGC2022vvpkeu,,2022-11-06T00:01:57+00:00,2.517,-75.2892,25.0,1.6,MLr_2,"Algeciras - Huila, Colombia",manual,0.8,97.0,18.0,SGC,0.2,2.3,2.4,4.0,,,,,,,,,,2.5955000000000004,Senel et al.: Mw=0.8095 ML+1.3003 (3.3<=ML<=6.6),,extrapolada,,,principal,,
SGC,SGC2022vxpkuf,,2022-11-07T02:11:35+00:00,2.5075,-75.3882,32.0,1.1,MLr_2,"Hobo - Huila, Colombia",manual,0.6,190.0,5.0,SGC,0.2,5.3,6.0,9.0,,,,,,,,,,2.19075,Senel et al.: Mw=0.8095 ML+1.3003 (3.3<=ML<=6.6),,extrapolada,,,principal,,
SGC,SGC2022wbgnfr,,2022-11-09T02:00:48+00:00,2.7012,-75.1384,37.0,1.6,MLr_2,"San Vicente del Caguán - Caquetá, Colombia",manual,0.7,91.0,15.0,SGC,0.2,2.7,2.2,5.0,,,,,,,,,,2.5955000000000004,Senel et al.: Mw=0.8095 ML+1.3003 (3.3<=ML<=6.6),,extrapolada,,,principal,,
SGC,SGC2022wbmrfq,,2022-11-09T05:06:28+00:00,2.6086,-75.5092,24.0,1.6,MLr_2,"Yaguará - Huila, Colombia",manual,0.5,113.0,11.0,SGC,0.2,1.9,2.3,4.0,,,,,,,,,,2.5955000000000004,Senel et al.: Mw=0.8095 ML+1.3003 (3.3<=ML<=6.6),,extrapolada,,,principal,,
SGC,SGC2022wetxqp,,2022-11-10T23:58:33+00:00,2.7525,-75.6947,33.0,1.6,MLr_2,"Íquira - Huila, Colombia",manual,0.7,52.0,17.0,SGC,0.1,1.8,2.5,4.0,,,,,,,,,,2.5955000000000004,Senel et al.: Mw=0.8095 ML+1.3003 (3.3<=ML<=6.6),,extrapolada,,,principal,,
SGC,SGC2022whcmzh,,2022-11-12T06:26:41+00:00,2.7246,-75.0281,6.0,1.3,MLr_2,"San Vicente del Caguán - Caquetá, Colombia",manual,0.5,149.0,14.0,SGC,0.1,1.3,1.3,4.0,,,,,,,,,,2.35265,Senel et al.: Mw=0.8095 ML+1.3003 (3.3<=ML<=6.6),,extrapolada,,,principal,,
SGC,SGC2022wmsnap,,2022-11-15T07:51:51+00:00,2.7351,-75.0555,29.0,1.4,MLr_2,"San Vicente del Caguán - Caquetá, Colombia",manual,0.7,91.0,11.0,SGC,0.1,2.7,2.3,9.0,,,,,,,,,,2.4336,Senel et al.: Mw=0.8095 ML+1.3003 (3.3<=ML<=6.6),,extrapolada,,,principal,,
SGC,SGC2022wwrato,,2022-11-20T17:52:13+00:00,2.5403,-75.4468,33.0,1.3,MLr_2,"Hobo - Huila, Colombia",manual,0.6,88.0,13.0,SGC,0.1,2.8,3.2,8.0,,,,,,,,,,2.35265,Senel et al.: Mw=0.8095 ML+1.3003 (3.3<=ML<=6.6),,extrapolada,,,principal,,
SGC,SGC2022wwvhgh,,2022-11-20T20:00:17+00:00,2.7415,-75.2576,21.0,1.4,MLr_2,"Campoalegre - Huila, Colombia",manual,0.2,86.0,16.0,SGC,0.1,0.6,0.6,1.0,,,,,,,,,,2.4336,Senel et al.: Mw=0.8095 ML+1.3003 (3.3<=ML<=6.6),,extrapolada,,,principal,,
SGC,SGC2022wxachh,,2022-11-20T22:25:32+00:00,2.6173,-75.1181,4.0,1.2,MLr_2,"San Vicente del Caguán - Caquetá, Colombia",manual,0.3,102.0,16.0,SGC,0.1,0.7,0.7,2.0,,,,,,,,,,2.2717,Senel et al.: Mw=0.8095 ML+1.3003 (3.3<=ML<=6.6),,extrapolada,,,principal,,
SGC,SGC2022wxawkr,,2022-11-20T22:49:41+00:00,2.546,-75.4865,25.0,1.0,MLr_2,"Hobo - Huila, Colombia",manual,0.7,284.0,8.0,SGC,0.2,8.3,8.3,4.0,,,,,,,,,,2.1098,Senel et al.: Mw=0.8095 ML+1.3003 (3.3<=ML<=6.6),,extrapolada,,,principal,,
SGC,SGC2022wykmqj,,2022-11-21T16:43:45+00:00,2.7176,-75.1507,32.0,2.3,MLr_2,"Rivera - Huila, Colombia",manual,0.9,90.0,24.0,SGC,0.2,2.5,2.1,4.0,,,,,,,,,,3.16215,Senel et al.: Mw=0.8095 ML+1.3003 (3.3<=ML<=6.6),,extrapolada,,,principal,,
SGC,SGC2022xfbxfp,,2022-11-25T07:55:20+00:00,2.4895,-75.3743,30.0,1.5,MLr_2,"Algeciras - Huila, Colombia",manual,0.6,144.0,11.0,SGC,0.1,2.2,3.0,4.0,,,,,,,,,,2.51455,Senel et al.: Mw=0.8095 ML+1.3003 (3.3<=ML<=6.6),,extrapolada,,,principal,,
SGC,SGC2022xilouw,,2022-11-27T04:01:02+00:00,2.571,-75.3457,36.0,1.3,MLr_2,"Campoalegre - Huila, Colombia",manual,0.8,91.0,10.0,SGC,0.1,2.2,3.1,5.0,,,,,,,,,,2.35265,Senel et al.: Mw=0.8095 ML+1.3003 (3.3<=ML<=6.6),,extrapolada,,,principal,,
SGC,SGC2022xjfixd,,2022-11-27T13:57:46+00:00,2.5329,-75.4138,22.0,1.2,MLr_2,"Hobo - Huila, Colombia",manual,0.4,138.0,5.0,SGC,0.1,5.6,4.5,10.0,,,,,,,,,,2.2717,Senel et al.: Mw=0.8095 ML+1.3003 (3.3<=ML<=6.6),,extrapolada,,,principal,,
SGC,SGC2022xweyqo,,2022-12-04T15:44:03+00:00,2.7033,-75.0213,39.0,2.3,MLr_2,"San Vicente del Caguán - Caquetá, Colombia",manual,0.9,94.0,28.0,SGC,0.2,2.7,2.2,4.0,,,,,,,,,,3.16215,Senel et al.: Mw=0.8095 ML+1.3003 (3.3<=ML<=6.6),,extrapolada,,,principal,,
SGC,SGC2022ycnjek,,2022-12-08T02:24:26+00:00,2.7319,-75.0395,19.0,1.3,MLr_2,"San Vicente del Caguán - Caquetá, Colombia",manual,1.1,148.0,11.0,SGC,0.1,3.5,2.8,10.0,,,,,,,,,,2.35265,Senel et al.: Mw=0.8095 ML+1.3003 (3.3<=ML<=6.6),,extrapolada,,,principal,,
SGC,SGC2022ydocxe,,2022-12-08T15:51:52+00:00,3.0758,-75.1221,19.0,1.3,MLr_2,"Tello - Huila, Colombia",manual,0.9,126.0,11.0,SGC,0.1,3.2,2.4,10.0,,,,,,,,,,2.35265,Senel et al.: Mw=0.8095 ML+1.3003 (3.3<=ML<=6.6),,extrapolada,,,principal,,
SGC,SGC2022yedwdw,,2022-12-08T23:46:47+00:00,2.7372,-75.0555,19.0,1.2,MLr_2,"San Vicente del Caguán - Caquetá, Colombia",manual,0.7,146.0,8.0,SGC,0.1,3.4,3.7,11.0,,,,,,,,,,2.2717,Senel et al.: Mw=0.8095 ML+1.3003 (3.3<=ML<=6.6),,extrapolada,,,principal,,
SGC,SGC2022yfiuyc,,2022-12-09T15:20:33+00:00,2.7721,-75.0672,22.0,1.8,MLr_2,"Rivera - Huila, Colombia",manual,1.0,89.0,10.0,SGC,0.1,4.4,4.2,,,,,,,,,,,2.7574,Senel et al.: Mw=0.8095 ML+1.3003 (3.3<=ML<=6.6),,extrapolada,,,principal,,
SGC,SGC2022yucahh,,2022-12-17T16:02:51+00:00,2.9383,-74.8791,24.0,1.9,MLr_2,"San Vicente del Caguán - Caquetá, Colombia",manual,1.1,82.0,28.0,SGC,0.2,2.4,2.1,6.0,,,,,,,,,,2.83835,Senel et al.: Mw=0.8095 ML+1.3003 (3.3<=ML<=6.6),,extrapolada,,,principal,,
SGC,SGC2022yuztgg,,2022-12-18T03:58:47+00:00,2.5869,-75.3234,38.0,1.3,MLr_2,"Campoalegre - Huila, Colombia",manual,0.6,137.0,8.0,SGC,0.1,3.4,3.8,11.0,,,,,,,,,,2.35265,Senel et al.: Mw=0.8095 ML+1.3003 (3.3<=ML<=6.6),,extrapolada,,,principal,,
SGC,SGC2022yvwgwb,,2022-12-18T15:18:24+00:00,2.7106,-75.0355,4.0,1.5,MLr_2,"San Vicente del Caguán - Caquetá, Colombia",manual,0.6,94.0,36.0,SGC,0.1,0.6,0.6,2.0,,,,,,,,,,2.51455,Senel et al.: Mw=0.8095 ML+1.3003 (3.3<=ML<=6.6),,extrapolada,,,principal,,
SGC,SGC2022zfelrf,,2022-12-23T17:05:38+00:00,2.8451,-74.9577,21.0,1.3,MLr_2,"San Vicente del Caguán - Caquetá, Colombia",manual,0.9,87.0,12.0,SGC,0.1,3.0,2.3,9.0,,,,,,,,,,2.35265,Senel et al.: Mw=0.8095 ML+1.3003 (3.3<=ML<=6.6),,extrapolada,,,principal,,
SGC,SGC2022zhaucc,,2022-12-24T17:23:41+00:00,2.6376,-75.1246,13.0,1.3,MLr_2,"San Vicente del Caguán - Caquetá, Colombia",manual,0.6,148.0,16.0,SGC,0.1,1.5,1.5,5.0,,,,,,,,,,2.35265,Senel et al.: Mw=0.8095 ML+1.3003 (3.3<=ML<=6.6),,extrapolada,,,principal,,
SGC,SGC2022zhwrlb,,2022-12-25T04:24:23+00:00,3.2436,-75.2284,19.0,2.3,MLr_2,"Villavieja - Huila, Colombia",manual,1.1,66.0,39.0,SGC,0.3,1.6,1.6,4.0,,,,,,,,,,3.16215,Senel et al.: Mw=0.8095 ML+1.3003 (3.3<=ML<=6.6),,extrapolada,,,principal,,
SGC,SGC2022zhwwqo,,2022-12-25T04:30:25+00:00,3.2409,-75.2225,27.0,1.6,MLr_2,"Villavieja - Huila, Colombia",manual,0.9,66.0,24.0,SGC,0.2,2.1,1.9,5.0,,,,,,,,,,2.5955000000000004,Senel et al.: Mw=0.8095 ML+1.3003 (3.3<=ML<=6.6),,extrapolada,,,principal,,
SGC,SGC2022zijqun,,2022-12-25T10:55:54+00:00,3.2181,-75.2096,4.0,3.1,MLr_2,"Villavieja - Huila, Colombia",manual,0.6,67.0,93.0,SGC,0.3,0.5,0.5,1.0,,,,,,,,,,3.80975,Senel et al.: Mw=0.8095 ML+1.3003 (3.3<=ML<=6.6),,extrapolada,,,principal,,
SGC,SGC2022zimcpk,,2022-12-25T12:09:56+00:00,2.6376,-75.4671,14.0,1.2,MLr_2,"Yaguará - Huila, Colombia",manual,0.2,173.0,8.0,SGC,0.1,1.3,1.3,3.0,,,,,,,,,,2.2717,Senel et al.: Mw=0.8095 ML+1.3003 (3.3<=ML<=6.6),,extrapolada,,,principal,,
SGC,SGC2022zjxdgc,,2022-12-26T06:47:02+00:00,2.6313,-75.266,36.0,1.9,MLr_2,"Campoalegre - Huila, Colombia",manual,0.9,91.0,17.0,SGC,0.2,2.5,2.2,4.0,,,,,,,,,,2.83835,Senel et al.: Mw=0.8095 ML+1.3003 (3.3<=ML<=6.6),,extrapolada,,,principal,,
SGC,SGC2022zronob,,2022-12-30T11:03:15+00:00,2.5239,-75.4505,30.0,1.5,MLr_2,"Hobo - Huila, Colombia",manual,0.7,134.0,11.0,SGC,0.1,2.3,3.0,4.0,,,,,,,,,,2.51455,Senel et al.: Mw=0.8095 ML+1.3003 (3.3<=ML<=6.6),,extrapolada,,,principal,,
SGC,SGC2022zrvzjb,,2022-12-30T14:47:59+00:00,2.6911,-75.0051,21.0,1.2,MLr_2,"San Vicente del Caguán - Caquetá, Colombia",manual,0.5,202.0,10.0,SGC,0.2,3.1,3.1,5.0,,,,,,,,,,2.2717,Senel et al.: Mw=0.8095 ML+1.3003 (3.3<=ML<=6.6),,extrapolada,,,principal,,
SGC,SGC2022zsobey,,2022-12-30T23:53:24+00:00,2.6975,-75.0213,20.0,1.3,MLr_2,"San Vicente del Caguán - Caquetá, Colombia",manual,0.8,95.0,19.0,SGC,0.1,1.6,1.6,4.0,,,,,,,,,,2.35265,Senel et al.: Mw=0.8095 ML+1.3003 (3.3<=ML<=6.6),,extrapolada,,,principal,,
SGC,SGC2023ajmzll,,2023-01-05T23:11:51+00:00,2.8684,-74.9386,24.0,1.4,MLr_2,"San Vicente del Caguán - Caquetá, Colombia",manual,0.9,86.0,14.0,SGC,0.1,3.2,2.2,8.0,,,,,,,,,,2.4336,Senel et al.: Mw=0.8095 ML+1.3003 (3.3<=ML<=6.6),,extrapolada,,,principal,,
SGC,SGC2023angifi,,2023-01-08T00:08:36+00:00,2.952,-74.8653,31.0,2.0,MLr_2,"Uribe - Meta, Colombia",manual,0.9,81.0,21.0,SGC,0.1,2.6,2.2,6.0,,,,,,,,,,2.9193,Senel et al.: Mw=0.8095 ML+1.3003 (3.3<=ML<=6.6),,extrapolada,,,principal,,
SGC,SGC2023aoglah,,2023-01-08T13:16:26+00:00,2.4959,-75.3573,34.0,1.4,MLr_2,"Algeciras - Huila, Colombia",manual,0.7,146.0,8.0,SGC,0.1,2.9,3.9,7.0,,,,,,,,,,2.4336,Senel et al.: Mw=0.8095 ML+1.3003 (3.3<=ML<=6.6),,extrapolada,,,principal,,
SGC,SGC2023apdlrc,,2023-01-09T00:51:09+00:00,2.7372,-75.0959,29.0,1.3,MLr_2,"San Vicente del Caguán - Caquetá, Colombia",manual,0.7,90.0,12.0,SGC,0.1,2.8,2.5,10.0,,,,,,,,,,2.35265,Senel et al.: Mw=0.8095 ML+1.3003 (3.3<=ML<=6.6),,extrapolada,,,principal,,
SGC,SGC2023aqaagm,,2023-01-09T12:11:54+00:00,2.5006,-75.3142,25.0,1.8,MLr_2,"Algeciras - Huila, Colombia",manual,0.6,142.0,17.0,SGC,0.5,1.9,2.4,4.0,,,,,,,,,,2.7574,Senel et al.: Mw=0.8095 ML+1.3003 (3.3<=ML<=6.6),,extrapolada,,,principal,,
SGC,SGC2023auqdme,,2023-01-12T00:36:17+00:00,2.88,-74.8638,24.0,1.2,MLr_2,"San Vicente del Caguán - Caquetá, Colombia",manual,0.8,97.0,13.0,SGC,0.1,2.1,2.1,4.0,,,,,,,,,,2.2717,Senel et al.: Mw=0.8095 ML+1.3003 (3.3<=ML<=6.6),,extrapolada,,,principal,,
SGC,SGC2023axlrla,,2023-01-13T13:35:02+00:00,2.7451,-75.0677,32.0,2.3,MLr_2,"San Vicente del Caguán - Caquetá, Colombia",manual,0.9,58.0,26.0,SGC,0.2,2.5,1.9,4.0,,,,,,,,,,3.16215,Senel et al.: Mw=0.8095 ML+1.3003 (3.3<=ML<=6.6),,extrapolada,,,principal,,
SGC,SGC2023bkwuec,,2023-01-20T21:08:17+00:00,2.68,-75.132,31.0,1.8,MLr_2,"San Vicente del Caguán - Caquetá, Colombia",manual,0.8,104.0,12.0,SGC,0.2,3.5,2.2,6.0,,,,,,,,,,2.7574,Senel et al.: Mw=0.8095 ML+1.3003 (3.3<=ML<=6.6),,extrapolada,,,principal,,
SGC,SGC2023blpbno,,2023-01-21T06:19:54+00:00,2.5467,-75.3766,30.0,1.3,MLr_2,"Campoalegre - Huila, Colombia",manual,0.7,137.0,11.0,SGC,0.1,3.0,2.8,4.0,,,,,,,,,,2.35265,Senel et al.: Mw=0.8095 ML+1.3003 (3.3<=ML<=6.6),,extrapolada,,,principal,,
SGC,SGC2023bootht,,2023-01-22T21:23:49+00:00,2.697,-75.0788,32.0,2.3,MLr_2,"San Vicente del Caguán - Caquetá, Colombia",manual,0.9,105.0,22.0,SGC,0.2,3.1,2.0,4.0,,,,,,,,,,3.16215,Senel et al.: Mw=0.8095 ML+1.3003 (3.3<=ML<=6.6),,extrapolada,,,principal,,
SGC,SGC2023btkijo,,2023-01-25T12:32:49+00:00,2.9562,-74.8525,21.0,1.4,MLr_2,"Uribe - Meta, Colombia",manual,0.9,153.0,10.0,SGC,0.2,3.6,2.8,9.0,,,,,,,,,,2.4336,Senel et al.: Mw=0.8095 ML+1.3003 (3.3<=ML<=6.6),,extrapolada,,,principal,,
SGC,SGC2023bvqjbp,,2023-01-26T17:43:35+00:00,2.7435,-75.0427,32.0,1.4,MLr_2,"San Vicente del Caguán - Caquetá, Colombia",manual,0.9,158.0,8.0,SGC,0.2,4.8,3.3,9.0,,,,,,,,,,2.4336,Senel et al.: Mw=0.8095 ML+1.3003 (3.3<=ML<=6.6),,extrapolada,,,principal,,
SGC,SGC2023bykcsq,,2023-01-28T05:48:37+00:00,3.1203,-75.3096,14.0,1.5,MLr_2,"Aipe - Huila, Colombia",manual,0.7,70.0,16.0,SGC,0.2,2.2,2.1,6.0,,,,,,,,,,2.51455,Senel et al.: Mw=0.8095 ML+1.3003 (3.3<=ML<=6.6),,extrapolada,,,principal,,
SGC,SGC2023bykhnz,,2023-01-28T05:54:13+00:00,3.1097,-75.3053,15.0,1.5,MLr_2,"Aipe - Huila, Colombia",manual,0.8,110.0,15.0,SGC,0.1,2.6,2.2,6.0,,,,,,,,,,2.51455,Senel et al.: Mw=0.8095 ML+1.3003 (3.3<=ML<=6.6),,extrapolada,,,principal,,
SGC,SGC2023cauete,,2023-01-29T13:01:39+00:00,2.7305,-75.1105,3.0,1.2,MLr_2,"Rivera - Huila, Colombia",manual,0.2,160.0,8.0,SGC,0.1,0.9,0.9,2.0,,,,,,,,,,2.2717,Senel et al.: Mw=0.8095 ML+1.3003 (3.3<=ML<=6.6),,extrapolada,,,principal,,
SGC,SGC2023cnkrje,,2023-02-05T10:12:45+00:00,2.7435,-75.0619,31.0,2.2,MLr_2,"San Vicente del Caguán - Caquetá, Colombia",manual,0.9,102.0,20.0,SGC,0.2,2.9,2.1,5.0,,,,,,,,,,3.0812,Senel et al.: Mw=0.8095 ML+1.3003 (3.3<=ML<=6.6),,extrapolada,,,principal,,
SGC,SGC2023cuqdbh,,2023-02-09T08:28:30+00:00,2.6906,-75.1192,28.0,1.5,MLr_2,"San Vicente del Caguán - Caquetá, Colombia",manual,0.9,156.0,11.0,SGC,0.1,4.6,2.9,9.0,,,,,,,,,,2.51455,Senel et al.: Mw=0.8095 ML+1.3003 (3.3<=ML<=6.6),,extrapolada,,,principal,,
SGC,SGC2023cynznk,,2023-02-11T11:41:57+00:00,2.57,-75.4128,20.0,1.5,MLr_2,"Hobo - Huila, Colombia",manual,0.8,87.0,11.0,SGC,0.2,3.0,2.6,5.0,,,,,,,,,,2.51455,Senel et al.: Mw=0.8095 ML+1.3003 (3.3<=ML<=6.6),,extrapolada,,,principal,,
SGC,SGC2023cznavs,,2023-02-12T00:17:49+00:00,2.7043,-75.1401,4.0,1.3,MLr_2,"San Vicente del Caguán - Caquetá, Colombia",manual,0.2,192.0,15.0,SGC,0.1,0.8,0.8,1.0,,,,,,,,,,2.35265,Senel et al.: Mw=0.8095 ML+1.3003 (3.3<=ML<=6.6),,extrapolada,,,principal,,
SGC,SGC2023dfsfwq,,2023-02-15T09:21:23+00:00,2.526,-75.3866,38.0,1.8,MLr_2,"Hobo - Huila, Colombia",manual,0.6,94.0,15.0,SGC,0.1,2.5,2.5,4.0,,,,,,,,,,2.7574,Senel et al.: Mw=0.8095 ML+1.3003 (3.3<=ML<=6.6),,extrapolada,,,principal,,
SGC,SGC2023dfvmmh,,2023-02-15T10:59:31+00:00,2.5329,-75.384,33.0,1.5,MLr_2,"Campoalegre - Huila, Colombia",manual,0.6,137.0,10.0,SGC,0.1,2.9,2.7,5.0,,,,,,,,,,2.51455,Senel et al.: Mw=0.8095 ML+1.3003 (3.3<=ML<=6.6),,extrapolada,,,principal,,
SGC,SGC2023dmaayk,,2023-02-18T19:43:51+00:00,2.5361,-75.4553,21.0,1.3,MLr_2,"Hobo - Huila, Colombia",manual,0.8,83.0,9.0,SGC,0.1,2.9,3.3,8.0,,,,,,,,,,2.35265,Senel et al.: Mw=0.8095 ML+1.3003 (3.3<=ML<=6.6),,extrapolada,,,principal,,
SGC,SGC2023dntvjg,,2023-02-19T18:45:17+00:00,2.5382,-75.3659,36.0,1.7,MLr_2,"Campoalegre - Huila, Colombia",manual,0.7,95.0,15.0,SGC,0.2,2.6,2.5,4.0,,,,,,,,,,2.67645,Senel et al.: Mw=0.8095 ML+1.3003 (3.3<=ML<=6.6),,extrapolada,,,principal,,
SGC,SGC2023dtkocy,,2023-02-22T20:32:11+00:00,2.7245,-75.0576,22.0,1.4,MLr_2,"San Vicente del Caguán - Caquetá, Colombia",manual,0.8,103.0,10.0,SGC,0.2,3.3,2.7,10.0,,,,,,,,,,2.4336,Senel et al.: Mw=0.8095 ML+1.3003 (3.3<=ML<=6.6),,extrapolada,,,principal,,
SGC,SGC2023dubbvr,,2023-02-23T04:50:53+00:00,2.4985,-75.3333,26.0,1.2,MLr_2,"Algeciras - Huila, Colombia",manual,0.4,155.0,12.0,SGC,0.1,3.0,3.0,4.0,,,,,,,,,,2.2717,Senel et al.: Mw=0.8095 ML+1.3003 (3.3<=ML<=6.6),,extrapolada,,,principal,,
SGC,SGC2023eddfvz,,2023-02-28T03:36:13+00:00,3.0102,-75.0538,26.0,1.5,MLr_2,"Tello - Huila, Colombia",manual,0.9,82.0,18.0,SGC,0.1,2.7,2.2,5.0,,,,,,,,,,2.51455,Senel et al.: Mw=0.8095 ML+1.3003 (3.3<=ML<=6.6),,extrapolada,,,principal,,
SGC,SGC2023edsddn,,2023-02-28T11:05:36+00:00,2.7472,-75.0635,30.0,2.5,MLr_2,"San Vicente del Caguán - Caquetá, Colombia",manual,0.9,58.0,32.0,SGC,0.2,2.5,2.0,3.0,,,,,,,,,,3.32405,Senel et al.: Mw=0.8095 ML+1.3003 (3.3<=ML<=6.6),,extrapolada,,,principal,,
SGC,SGC2023efasyf,,2023-03-01T04:30:26+00:00,2.5551,-75.2893,27.0,1.5,MLr_2,"Algeciras - Huila, Colombia",manual,1.2,103.0,10.0,SGC,0.2,3.4,3.3,7.0,,,,,,,,,,2.51455,Senel et al.: Mw=0.8095 ML+1.3003 (3.3<=ML<=6.6),,extrapolada,,,principal,,
SGC,SGC2023eghnje,,2023-03-01T20:58:58+00:00,3.2134,-75.0627,22.0,1.2,MLr_2,"Villavieja - Huila, Colombia",manual,0.8,99.0,10.0,SGC,0.2,2.7,2.8,8.0,,,,,,,,,,2.2717,Senel et al.: Mw=0.8095 ML+1.3003 (3.3<=ML<=6.6),,extrapolada,,,principal,,
SGC,SGC2023ewrech,,2023-03-10T19:01:33+00:00,2.6292,-75.53,25.0,1.8,MLr_2,"Yaguará - Huila, Colombia",manual,0.7,69.0,15.0,SGC,0.2,2.0,1.8,3.0,,,,,,,,,,2.7574,Senel et al.: Mw=0.8095 ML+1.3003 (3.3<=ML<=6.6),,extrapolada,,,principal,,
SGC,SGC2023eyeehf,,2023-03-11T14:38:30+00:00,3.1288,-75.2025,3.0,1.5,MLr_2,"Tello - Huila, Colombia",manual,0.4,156.0,11.0,SGC,0.1,1.1,1.1,3.0,,,,,,,,,,2.51455,Senel et al.: Mw=0.8095 ML+1.3003 (3.3<=ML<=6.6),,extrapolada,,,principal,,
SGC,SGC2023fedsub,,2023-03-14T20:51:58+00:00,2.5895,-75.4048,26.0,1.7,MLr_2,"Campoalegre - Huila, Colombia",manual,0.8,87.0,17.0,SGC,0.1,2.3,2.2,4.0,,,,,,,,,,2.67645,Senel et al.: Mw=0.8095 ML+1.3003 (3.3<=ML<=6.6),,extrapolada,,,principal,,
SGC,SGC2023fflyvq,,2023-03-15T14:04:53+00:00,2.843,-74.9449,31.0,2.2,MLr_2,"San Vicente del Caguán - Caquetá, Colombia",manual,1.0,97.0,20.0,SGC,0.1,3.1,2.1,5.0,,,,,,,,,,3.0812,Senel et al.: Mw=0.8095 ML+1.3003 (3.3<=ML<=6.6),,extrapolada,,,principal,,
SGC,SGC2023fhkrsy,,2023-03-16T15:35:25+00:00,2.7329,-75.032,31.0,1.6,MLr_2,"San Vicente del Caguán - Caquetá, Colombia",manual,0.7,160.0,11.0,SGC,0.2,3.8,2.6,7.0,,,,,,,,,,2.5955000000000004,Senel et al.: Mw=0.8095 ML+1.3003 (3.3<=ML<=6.6),,extrapolada,,,principal,,
SGC,SGC2023fitqmu,,2023-03-17T09:09:36+00:00,2.6694,-75.2555,27.0,1.4,MLr_2,"Campoalegre - Huila, Colombia",manual,0.7,186.0,9.0,SGC,0.1,5.0,3.8,6.0,,,,,,,,,,2.4336,Senel et al.: Mw=0.8095 ML+1.3003 (3.3<=ML<=6.6),,extrapolada,,,principal,,
SGC,SGC2023fmhnvz,,2023-03-19T07:22:46+00:00,2.8896,-74.8492,19.0,1.2,MLr_2,"San Vicente del Caguán - Caquetá, Colombia",manual,0.6,159.0,8.0,SGC,0.2,3.4,2.8,10.0,,,,,,,,,,2.2717,Senel et al.: Mw=0.8095 ML+1.3003 (3.3<=ML<=6.6),,extrapolada,,,principal,,
SGC,SGC2023foyypp,,2023-03-20T18:16:59+00:00,2.5126,-75.2545,8.0,1.5,MLr_2,"Algeciras - Huila, Colombia",manual,0.3,197.0,12.0,SGC,0.2,2.3,2.3,4.0,,,,,,,,,,2.51455,Senel et al.: Mw=0.8095 ML+1.3003 (3.3<=ML<=6.6),,extrapolada,,,principal,,
SGC,SGC2023fvdgvu,,2023-03-24T02:54:13+00:00,2.6885,-75.413,27.0,1.3,MLr_2,"Campoalegre - Huila, Colombia",manual,0.8,136.0,10.0,SGC,0.1,3.7,2.5,4.0,,,,,,,,,,2.35265,Senel et al.: Mw=0.8095 ML+1.3003 (3.3<=ML<=6.6),,extrapolada,,,principal,,
SGC,SGC2023fxxpqh,,2023-03-25T15:16:50+00:00,2.934,-74.845,22.0,1.6,MLr_2,"Uribe - Meta, Colombia",manual,0.7,165.0,10.0,SGC,0.1,3.8,3.1,8.0,,,,,,,,,,2.5955000000000004,Senel et al.: Mw=0.8095 ML+1.3003 (3.3<=ML<=6.6),,extrapolada,,,principal,,
SGC,SGC2023ggiquc,,2023-03-30T05:25:50+00:00,2.8351,-74.9497,35.0,2.3,MLr_2,"San Vicente del Caguán - Caquetá, Colombia",manual,0.9,98.0,28.0,SGC,0.2,2.6,2.0,4.0,,,,,,,,,,3.16215,Senel et al.: Mw=0.8095 ML+1.3003 (3.3<=ML<=6.6),,extrapolada,,,principal,,
SGC,SGC2023gjmvfj,,2023-03-31T22:45:08+00:00,2.706,-75.0751,29.0,2.1,MLr_2,"San Vicente del Caguán - Caquetá, Colombia",manual,1.0,104.0,26.0,SGC,0.2,2.5,1.9,4.0,,,,,,,,,,3.0002500000000003,Senel et al.: Mw=0.8095 ML+1.3003 (3.3<=ML<=6.6),,extrapolada,,,principal,,
SGC,SGC2023gpqwjq,,2023-04-04T07:13:59+00:00,2.9478,-74.8695,34.0,1.4,MLr_2,"Uribe - Meta, Colombia",manual,0.9,181.0,8.0,SGC,0.0,5.6,4.3,10.0,,,,,,,,,,2.4336,Senel et al.: Mw=0.8095 ML+1.3003 (3.3<=ML<=6.6),,extrapolada,,,principal,,
SGC,SGC2023growfx,,2023-04-05T08:22:25+00:00,2.5001,-75.4318,27.0,1.4,MLr_2,"Hobo - Huila, Colombia",manual,0.8,131.0,11.0,SGC,0.1,2.9,3.1,4.0,,,,,,,,,,2.4336,Senel et al.: Mw=0.8095 ML+1.3003 (3.3<=ML<=6.6),,extrapolada,,,principal,,
SGC,SGC2023herdec,,2023-04-12T11:29:01+00:00,2.7245,-75.1065,29.0,2.0,MLr_2,"San Vicente del Caguán - Caquetá, Colombia",manual,0.9,132.0,22.0,SGC,0.2,3.6,2.2,5.0,,,,,,,,,,2.9193,Senel et al.: Mw=0.8095 ML+1.3003 (3.3<=ML<=6.6),,extrapolada,,,principal,,
SGC,SGC2023hqlzoi,,2023-04-18T21:47:39+00:00,2.8557,-74.8704,36.0,1.5,MLr_2,"San Vicente del Caguán - Caquetá, Colombia",manual,0.8,98.0,13.0,SGC,0.1,3.0,2.1,7.0,,,,,,,,,,2.51455,Senel et al.: Mw=0.8095 ML+1.3003 (3.3<=ML<=6.6),,extrapolada,,,principal,,
SGC,SGC2023hucnqs,,2023-04-20T21:20:11+00:00,2.5795,-75.3287,30.0,1.5,MLr_2,"Campoalegre - Huila, Colombia",manual,1.0,96.0,14.0,SGC,0.2,3.7,2.7,8.0,,,,,,,,,,2.51455,Senel et al.: Mw=0.8095 ML+1.3003 (3.3<=ML<=6.6),,extrapolada,,,principal,,
SGC,SGC2023huzdkk,,2023-04-21T08:42:16+00:00,2.6102,-75.3447,31.0,1.3,MLr_2,"Campoalegre - Huila, Colombia",manual,0.5,195.0,6.0,SGC,0.3,2.9,5.7,5.0,,,,,,,,,,2.35265,Senel et al.: Mw=0.8095 ML+1.3003 (3.3<=ML<=6.6),,extrapolada,,,principal,,
SGC,SGC2023ieureq,,2023-04-26T17:12:09+00:00,2.5033,-75.2732,22.0,1.2,MLr_2,"Algeciras - Huila, Colombia",manual,0.9,185.0,7.0,SGC,0.2,4.3,5.7,11.0,,,,,,,,,,2.2717,Senel et al.: Mw=0.8095 ML+1.3003 (3.3<=ML<=6.6),,extrapolada,,,principal,,
SGC,SGC2023ifnbex,,2023-04-27T02:26:53+00:00,2.701,-75.0483,11.0,1.1,MLr_2,"San Vicente del Caguán - Caquetá, Colombia",manual,0.8,94.0,18.0,SGC,0.1,1.7,1.7,6.0,,,,,,,,,,2.19075,Senel et al.: Mw=0.8095 ML+1.3003 (3.3<=ML<=6.6),,extrapolada,,,principal,,
SGC,SGC2023imnowe,,2023-04-30T22:14:03+00:00,2.7795,-75.6793,16.0,1.3,MLr_2,"Íquira - Huila, Colombia",manual,1.0,78.0,15.0,SGC,0.2,2.3,2.1,5.0,,,,,,,,,,2.35265,Senel et al.: Mw=0.8095 ML+1.3003 (3.3<=ML<=6.6),,extrapolada,,,principal,,
SGC,SGC2023ivhiuw,,2023-05-05T16:46:16+00:00,2.5827,-75.4128,30.0,1.6,MLr_3,"Hobo - Huila, Colombia",manual,0.7,129.0,10.0,SGC,0.2,2.4,3.1,5.0,,,,,,,,,,2.5955000000000004,Senel et al.: Mw=0.8095 ML+1.3003 (3.3<=ML<=6.6),,extrapolada,,,principal,,
SGC,SGC2023ixxphu,,2023-05-07T03:05:33+00:00,2.8516,-74.8458,8.0,4.3,M,"San Vicente del Caguán - Caquetá, Colombia",manual,1.1,64.0,100.0,SGC,,0.8,0.8,2.0,,,,,,,,,,,sin correlacion verificable,,no_convertida,,,principal,,
SGC,SGC2023iyggsp,,2023-05-07T07:27:06+00:00,2.8832,-74.9237,34.0,1.2,MLr_2,"San Vicente del Caguán - Caquetá, Colombia",manual,1.1,125.0,10.0,SGC,0.1,3.9,4.1,11.0,,,,,,,,,,2.2717,Senel et al.: Mw=0.8095 ML+1.3003 (3.3<=ML<=6.6),,extrapolada,,,principal,,
SGC,SGC2023iytazx,,2023-05-07T13:52:43+00:00,2.8721,-74.8582,43.0,2.3,MLr_2,"San Vicente del Caguán - Caquetá, Colombia",manual,0.9,86.0,34.0,SGC,0.2,2.3,2.0,3.0,,,,,,,,,,3.16215,Senel et al.: Mw=0.8095 ML+1.3003 (3.3<=ML<=6.6),,extrapolada,,,principal,,
SGC,SGC2023jphapu,,2023-05-16T14:09:10+00:00,2.6673,-75.1299,31.0,1.9,MLr_2,"San Vicente del Caguán - Caquetá, Colombia",manual,0.9,94.0,19.0,SGC,0.1,2.8,2.4,4.0,,,,,,,,,,2.83835,Senel et al.: Mw=0.8095 ML+1.3003 (3.3<=ML<=6.6),,extrapolada,,,principal,,
SGC,SGC2023jrxpbd,,2023-05-18T00:34:45+00:00,2.6615,-75.0316,17.0,1.3,MLr_2,"San Vicente del Caguán - Caquetá, Colombia",manual,0.8,152.0,18.0,SGC,0.1,2.3,2.3,3.0,,,,,,,,,,2.35265,Senel et al.: Mw=0.8095 ML+1.3003 (3.3<=ML<=6.6),,extrapolada,,,principal,,
SGC,SGC2023jxtyqt,,2023-05-21T05:12:02+00:00,2.7393,-75.0619,36.0,1.4,MLr_2,"San Vicente del Caguán - Caquetá, Colombia",manual,0.7,91.0,11.0,SGC,0.1,2.9,2.8,10.0,,,,,,,,,,2.4336,Senel et al.: Mw=0.8095 ML+1.3003 (3.3<=ML<=6.6),,extrapolada,,,principal,,
SGC,SGC2023jyqmjy,,2023-05-21T16:31:47+00:00,2.6876,-74.9816,15.0,1.4,MLr_2,"San Vicente del Caguán - Caquetá, Colombia",manual,0.4,246.0,10.0,SGC,0.1,5.9,5.9,5.0,,,,,,,,,,2.4336,Senel et al.: Mw=0.8095 ML+1.3003 (3.3<=ML<=6.6),,extrapolada,,,principal,,
SGC,SGC2023kektet,,2023-05-24T20:05:29+00:00,3.3044,-75.2227,40.0,1.5,MLr_2,"Villavieja - Huila, Colombia",manual,0.9,94.0,16.0,SGC,0.2,2.8,2.8,7.0,,,,,,,,,,2.51455,Senel et al.: Mw=0.8095 ML+1.3003 (3.3<=ML<=6.6),,extrapolada,,,principal,,
SGC,SGC2023kgpvih,,2023-05-26T00:47:47+00:00,2.5105,-75.3421,25.0,1.2,MLr_2,"Algeciras - Huila, Colombia",manual,0.4,178.0,10.0,SGC,0.1,2.3,2.3,2.0,,,,,,,,,,2.2717,Senel et al.: Mw=0.8095 ML+1.3003 (3.3<=ML<=6.6),,extrapolada,,,principal,,
SGC,SGC2023khvplq,,2023-05-26T16:46:27+00:00,2.6843,-75.066,28.0,1.3,MLr_2,"San Vicente del Caguán - Caquetá, Colombia",manual,0.9,149.0,9.0,SGC,0.1,3.7,3.9,8.0,,,,,,,,,,2.35265,Senel et al.: Mw=0.8095 ML+1.3003 (3.3<=ML<=6.6),,extrapolada,,,principal,,
SGC,SGC2023kijrgv,,2023-05-26T23:51:00+00:00,2.6821,-75.0809,34.0,1.4,MLr_2,"San Vicente del Caguán - Caquetá, Colombia",manual,0.9,94.0,13.0,SGC,0.2,2.9,3.2,8.0,,,,,,,,,,2.4336,Senel et al.: Mw=0.8095 ML+1.3003 (3.3<=ML<=6.6),,extrapolada,,,principal,,
SGC,SGC2023kjyovq,,2023-05-27T20:25:14+00:00,2.7023,-75.0271,6.0,1.3,MLr_2,"San Vicente del Caguán - Caquetá, Colombia",manual,0.5,95.0,19.0,SGC,0.1,1.1,1.1,3.0,,,,,,,,,,2.35265,Senel et al.: Mw=0.8095 ML+1.3003 (3.3<=ML<=6.6),,extrapolada,,,principal,,
SGC,SGC2023knehjx,,2023-05-29T14:31:01+00:00,2.4789,-75.3275,34.0,1.4,MLr_2,"Algeciras - Huila, Colombia",manual,0.9,107.0,10.0,SGC,0.1,3.8,3.7,5.0,,,,,,,,,,2.4336,Senel et al.: Mw=0.8095 ML+1.3003 (3.3<=ML<=6.6),,extrapolada,,,principal,,
SGC,SGC2023knfrrh,,2023-05-29T15:13:08+00:00,2.508,-75.4387,38.0,1.9,MLr_2,"Hobo - Huila, Colombia",manual,0.8,87.0,20.0,SGC,0.3,2.4,2.4,4.0,,,,,,,,,,2.83835,Senel et al.: Mw=0.8095 ML+1.3003 (3.3<=ML<=6.6),,extrapolada,,,principal,,
SGC,SGC2023kxdyph,,2023-06-04T01:05:36+00:00,2.7296,-75.0568,5.0,1.2,MLr_2,"San Vicente del Caguán - Caquetá, Colombia",manual,0.4,147.0,13.0,SGC,0.1,1.2,1.2,5.0,,,,,,,,,,2.2717,Senel et al.: Mw=0.8095 ML+1.3003 (3.3<=ML<=6.6),,extrapolada,,,principal,,
SGC,SGC2023lchvew,,2023-06-06T20:24:43+00:00,2.7462,-75.1007,33.0,2.7,MLr_2,"Rivera - Huila, Colombia",manual,1.0,99.0,42.0,SGC,0.2,2.1,2.0,3.0,,,,,,,,,,3.4859500000000003,Senel et al.: Mw=0.8095 ML+1.3003 (3.3<=ML<=6.6),,extrapolada,,,principal,,
SGC,SGC2023lewbpw,,2023-06-08T05:43:34+00:00,2.502,-75.3238,18.0,1.8,MLr_2,"Algeciras - Huila, Colombia",manual,0.5,141.0,35.0,SGC,0.3,0.8,0.8,1.0,,,,,,,,,,2.7574,Senel et al.: Mw=0.8095 ML+1.3003 (3.3<=ML<=6.6),,extrapolada,,,principal,,
SGC,SGC2023liliix,,2023-06-10T04:37:22+00:00,3.0679,-75.0396,26.0,2.5,MLr_2,"Tello - Huila, Colombia",manual,1.0,127.0,37.0,SGC,0.3,2.0,1.9,3.0,,,,,,,,,,3.32405,Senel et al.: Mw=0.8095 ML+1.3003 (3.3<=ML<=6.6),,extrapolada,,,principal,,
SGC,SGC2023lkfjdm,,2023-06-11T03:46:10+00:00,2.9605,-74.8781,36.0,1.2,MLr_2,"Uribe - Meta, Colombia",manual,1.0,142.0,10.0,SGC,0.1,4.8,4.2,10.0,,,,,,,,,,2.2717,Senel et al.: Mw=0.8095 ML+1.3003 (3.3<=ML<=6.6),,extrapolada,,,principal,,
SGC,SGC2023llnpxe,,2023-06-11T20:59:53+00:00,2.5101,-75.2995,24.0,1.2,MLr_2,"Algeciras - Huila, Colombia",manual,0.7,182.0,10.0,SGC,0.2,4.5,4.5,4.0,,,,,,,,,,2.2717,Senel et al.: Mw=0.8095 ML+1.3003 (3.3<=ML<=6.6),,extrapolada,,,principal,,
SGC,SGC2023llrjwh,,2023-06-11T22:53:34+00:00,2.7428,-74.9896,6.0,1.4,MLr_2,"San Vicente del Caguán - Caquetá, Colombia",manual,0.3,150.0,15.0,SGC,0.1,0.8,0.8,2.0,,,,,,,,,,2.4336,Senel et al.: Mw=0.8095 ML+1.3003 (3.3<=ML<=6.6),,extrapolada,,,principal,,
SGC,SGC2023lroqec,,2023-06-15T03:57:13+00:00,2.8451,-74.9556,32.0,1.8,MLr_2,"San Vicente del Caguán - Caquetá, Colombia",manual,0.9,145.0,16.0,SGC,0.2,3.1,2.9,7.0,,,,,,,,,,2.7574,Senel et al.: Mw=0.8095 ML+1.3003 (3.3<=ML<=6.6),,extrapolada,,,principal,,
SGC,SGC2023ltusoc,,2023-06-16T09:09:58+00:00,2.7351,-75.0853,33.0,2.0,MLr_2,"Rivera - Huila, Colombia",manual,0.8,155.0,15.0,SGC,0.2,3.4,3.0,4.0,,,,,,,,,,2.9193,Senel et al.: Mw=0.8095 ML+1.3003 (3.3<=ML<=6.6),,extrapolada,,,principal,,
SGC,SGC2023ltyvyn,,2023-06-16T11:14:36+00:00,2.5483,-75.458,32.0,3.1,MLr_2,"Hobo - Huila, Colombia",manual,1.0,102.0,35.0,SGC,0.3,2.0,2.0,3.0,,,,,,,,,,3.80975,Senel et al.: Mw=0.8095 ML+1.3003 (3.3<=ML<=6.6),,extrapolada,,,principal,,
SGC,SGC2023lwqaou,,2023-06-17T22:01:49+00:00,2.5213,-75.4744,28.0,1.4,MLr_2,"Hobo - Huila, Colombia",manual,0.9,137.0,8.0,SGC,0.4,2.8,6.3,7.0,,,,,,,,,,2.4336,Senel et al.: Mw=0.8095 ML+1.3003 (3.3<=ML<=6.6),,extrapolada,,,principal,,
SGC,SGC2023lycfcm,,2023-06-18T17:13:39+00:00,2.771,-75.1194,34.0,1.8,MLr_2,"Rivera - Huila, Colombia",manual,0.9,140.0,15.0,SGC,0.2,3.5,3.2,9.0,,,,,,,,,,2.7574,Senel et al.: Mw=0.8095 ML+1.3003 (3.3<=ML<=6.6),,extrapolada,,,principal,,
SGC,SGC2023lzdmrp,,2023-06-19T06:57:03+00:00,3.133,-75.2138,38.0,1.9,MLr_2,"Tello - Huila, Colombia",manual,0.8,114.0,16.0,SGC,0.2,2.3,2.5,5.0,,,,,,,,,,2.83835,Senel et al.: Mw=0.8095 ML+1.3003 (3.3<=ML<=6.6),,extrapolada,,,principal,,
SGC,SGC2023lzpakx,,2023-06-19T12:44:55+00:00,2.7478,-75.015,31.0,2.0,MLr_2,"San Vicente del Caguán - Caquetá, Colombia",manual,1.0,148.0,15.0,SGC,0.2,3.8,3.3,8.0,,,,,,,,,,2.9193,Senel et al.: Mw=0.8095 ML+1.3003 (3.3<=ML<=6.6),,extrapolada,,,principal,,
SGC,SGC2023meljez,,2023-06-22T04:16:49+00:00,2.7504,-75.0677,33.0,3.4,MLr_2,"Rivera - Huila, Colombia",manual,1.0,132.0,58.0,SGC,0.3,2.1,2.0,3.0,,,,,,,,,,4.0526,Senel et al.: Mw=0.8095 ML+1.3003 (3.3<=ML<=6.6),,dentro_de_rango,,,principal,,
SGC,SGC2023mxtqgx,,2023-07-02T16:51:23+00:00,2.5255,-75.4042,23.0,1.6,MLr_2,"Hobo - Huila, Colombia",manual,0.7,134.0,13.0,SGC,0.2,2.6,2.8,4.0,,,,,,,,,,2.5955000000000004,Senel et al.: Mw=0.8095 ML+1.3003 (3.3<=ML<=6.6),,extrapolada,,,principal,,
SGC,SGC2023mxwtgr,,2023-07-02T18:25:23+00:00,2.5594,-75.3787,25.0,1.3,MLr_2,"Campoalegre - Huila, Colombia",manual,0.6,143.0,10.0,SGC,0.1,2.2,3.2,7.0,,,,,,,,,,2.35265,Senel et al.: Mw=0.8095 ML+1.3003 (3.3<=ML<=6.6),,extrapolada,,,principal,,
SGC,SGC2023mzpuqf,,2023-07-03T17:04:36+00:00,2.7287,-74.8915,23.0,1.6,MLr_2,"San Vicente del Caguán - Caquetá, Colombia",manual,0.8,157.0,14.0,SGC,0.2,3.5,3.7,8.0,,,,,,,,,,2.5955000000000004,Senel et al.: Mw=0.8095 ML+1.3003 (3.3<=ML<=6.6),,extrapolada,,,principal,,
SGC,SGC2023nchese,,2023-07-05T03:58:20+00:00,2.7478,-75.0853,35.0,1.3,MLr_2,"Rivera - Huila, Colombia",manual,0.8,144.0,10.0,SGC,0.2,4.0,3.5,10.0,,,,,,,,,,2.35265,Senel et al.: Mw=0.8095 ML+1.3003 (3.3<=ML<=6.6),,extrapolada,,,principal,,
SGC,SGC2023nfmuwf,,2023-07-06T22:01:17+00:00,2.8007,-75.69,16.0,1.2,MLr_2,"Teruel - Huila, Colombia",manual,1.0,83.0,12.0,SGC,0.1,2.8,2.1,5.0,,,,,,,,,,2.2717,Senel et al.: Mw=0.8095 ML+1.3003 (3.3<=ML<=6.6),,extrapolada,,,principal,,
SGC,SGC2023nppfzt,,2023-07-12T09:59:22+00:00,2.771,-75.0449,32.0,1.7,MLr_2,"San Vicente del Caguán - Caquetá, Colombia",manual,0.7,163.0,13.0,SGC,0.3,3.8,3.0,6.0,,,,,,,,,,2.67645,Senel et al.: Mw=0.8095 ML+1.3003 (3.3<=ML<=6.6),,extrapolada,,,principal,,
SGC,SGC2023nvtynl,,2023-07-15T18:48:22+00:00,2.5049,-75.4345,37.0,2.1,MLr_2,"Hobo - Huila, Colombia",manual,0.7,88.0,17.0,SGC,0.2,2.0,2.3,4.0,,,,,,,,,,3.0002500000000003,Senel et al.: Mw=0.8095 ML+1.3003 (3.3<=ML<=6.6),,extrapolada,,,principal,,
SGC,SGC2023oaosdo,,2023-07-18T09:35:34+00:00,2.6377,-75.3022,34.0,1.7,MLr_2,"Campoalegre - Huila, Colombia",manual,0.8,90.0,15.0,SGC,0.3,2.3,3.0,3.0,,,,,,,,,,2.67645,Senel et al.: Mw=0.8095 ML+1.3003 (3.3<=ML<=6.6),,extrapolada,,,principal,,
SGC,SGC2023ocaqcw,,2023-07-19T04:36:44+00:00,2.7372,-75.1023,35.0,1.8,MLr_2,"Rivera - Huila, Colombia",manual,1.1,143.0,18.0,SGC,0.2,3.2,3.3,5.0,,,,,,,,,,2.7574,Senel et al.: Mw=0.8095 ML+1.3003 (3.3<=ML<=6.6),,extrapolada,,,principal,,
SGC,SGC2023okngoq,,2023-07-23T19:33:40+00:00,3.1001,-75.2125,16.0,1.1,MLr_2,"Tello - Huila, Colombia",manual,0.3,290.0,8.0,SGC,0.4,2.7,2.7,2.0,,,,,,,,,,2.19075,Senel et al.: Mw=0.8095 ML+1.3003 (3.3<=ML<=6.6),,extrapolada,,,principal,,
SGC,SGC2023olywte,,2023-07-24T14:27:36+00:00,2.8791,-75.1046,10.0,1.3,MLr_2,"Neiva - Huila, Colombia",manual,0.6,83.0,22.0,SGC,0.3,1.1,1.1,2.0,,,,,,,,,,2.35265,Senel et al.: Mw=0.8095 ML+1.3003 (3.3<=ML<=6.6),,extrapolada,,,principal,,
SGC,SGC2023osokju,,2023-07-28T04:44:03+00:00,2.7837,-75.0279,33.0,1.6,MLr_2,"San Vicente del Caguán - Caquetá, Colombia",manual,0.9,100.0,13.0,SGC,0.2,4.3,2.8,5.0,,,,,,,,,,2.5955000000000004,Senel et al.: Mw=0.8095 ML+1.3003 (3.3<=ML<=6.6),,extrapolada,,,principal,,
SGC,SGC2023ouajdg,,2023-07-28T23:49:09+00:00,2.6393,-75.1463,28.0,2.6,MLr_2,"San Vicente del Caguán - Caquetá, Colombia",manual,0.9,61.0,41.0,SGC,0.2,2.1,1.9,3.0,,,,,,,,,,3.405,Senel et al.: Mw=0.8095 ML+1.3003 (3.3<=ML<=6.6),,extrapolada,,,principal,,
SGC,SGC2023peaumm,,2023-08-03T10:47:06+00:00,3.019,-74.8766,6.0,1.3,MLr_2,"Baraya - Huila, Colombia",manual,0.7,262.0,14.0,SGC,0.1,3.6,3.6,5.0,,,,,,,,,,2.35265,Senel et al.: Mw=0.8095 ML+1.3003 (3.3<=ML<=6.6),,extrapolada,,,principal,,
SGC,SGC2023pecjyd,,2023-08-03T11:35:12+00:00,2.7335,-75.0645,31.0,2.5,MLr_2,"San Vicente del Caguán - Caquetá, Colombia",manual,1.0,58.0,35.0,SGC,0.1,2.2,1.8,3.0,,,,,,,,,,3.32405,Senel et al.: Mw=0.8095 ML+1.3003 (3.3<=ML<=6.6),,extrapolada,,,principal,,
SGC,SGC2023pefuvk,,2023-08-03T13:18:21+00:00,3.1669,-75.0946,27.0,1.9,MLr_2,"Baraya - Huila, Colombia",manual,0.9,70.0,20.0,SGC,0.2,1.8,2.0,6.0,,,,,,,,,,2.83835,Senel et al.: Mw=0.8095 ML+1.3003 (3.3<=ML<=6.6),,extrapolada,,,principal,,
SGC,SGC2023pezzko,,2023-08-03T23:27:06+00:00,2.5381,-75.3038,24.0,1.3,MLr_2,"Algeciras - Huila, Colombia",manual,0.5,95.0,19.0,SGC,0.2,1.3,1.3,2.0,,,,,,,,,,2.35265,Senel et al.: Mw=0.8095 ML+1.3003 (3.3<=ML<=6.6),,extrapolada,,,principal,,
SGC,SGC2023pfrswq,,2023-08-04T08:22:36+00:00,2.7435,-75.0576,34.0,1.5,MLr_2,"San Vicente del Caguán - Caquetá, Colombia",manual,0.8,91.0,16.0,SGC,0.3,2.8,2.5,5.0,,,,,,,,,,2.51455,Senel et al.: Mw=0.8095 ML+1.3003 (3.3<=ML<=6.6),,extrapolada,,,principal,,
SGC,SGC2023pnhxoz,,2023-08-08T12:02:10+00:00,2.7012,-75.6621,21.0,1.1,MLr_2,"Íquira - Huila, Colombia",manual,0.5,157.0,4.0,SGC,0.1,4.5,6.3,8.0,,,,,,,,,,2.19075,Senel et al.: Mw=0.8095 ML+1.3003 (3.3<=ML<=6.6),,extrapolada,,,principal,,
SGC,SGC2023ptuffe,,2023-08-12T00:39:55+00:00,2.5086,-75.2658,24.0,1.3,MLr_2,"Algeciras - Huila, Colombia",manual,0.8,98.0,9.0,SGC,0.2,2.4,4.3,6.0,,,,,,,,,,2.35265,Senel et al.: Mw=0.8095 ML+1.3003 (3.3<=ML<=6.6),,extrapolada,,,principal,,
SGC,SGC2023pvhyfn,,2023-08-12T20:38:41+00:00,2.7943,-75.6815,4.0,1.6,MLr_2,"Íquira - Huila, Colombia",manual,0.8,138.0,7.0,SGC,0.3,3.3,3.6,9.0,,,,,,,,,,2.5955000000000004,Senel et al.: Mw=0.8095 ML+1.3003 (3.3<=ML<=6.6),,extrapolada,,,principal,,
SGC,SGC2023pywjwi,,2023-08-14T19:08:01+00:00,2.5033,-75.3584,29.0,1.2,MLr_2,"Algeciras - Huila, Colombia",manual,0.5,176.0,5.0,SGC,0.1,4.7,7.1,10.0,,,,,,,,,,2.2717,Senel et al.: Mw=0.8095 ML+1.3003 (3.3<=ML<=6.6),,extrapolada,,,principal,,
SGC,SGC2023qbnftb,,2023-08-16T05:45:09+00:00,2.7483,-75.0539,31.0,2.7,MLr_2,"San Vicente del Caguán - Caquetá, Colombia",manual,1.0,91.0,42.0,SGC,0.2,2.2,1.9,3.0,,,,,,,,,,3.4859500000000003,Senel et al.: Mw=0.8095 ML+1.3003 (3.3<=ML<=6.6),,extrapolada,,,principal,,
SGC,SGC2023qdfkam,,2023-08-17T03:57:42+00:00,2.7123,-75.123,34.0,2.3,MLr_2,"San Vicente del Caguán - Caquetá, Colombia",manual,1.0,91.0,29.0,SGC,0.2,2.2,2.0,3.0,,,,,,,,,,3.16215,Senel et al.: Mw=0.8095 ML+1.3003 (3.3<=ML<=6.6),,extrapolada,,,principal,,
SGC,SGC2023qdfncx,,2023-08-17T04:01:16+00:00,2.7181,-75.1342,38.0,1.5,MLr_2,"San Vicente del Caguán - Caquetá, Colombia",manual,0.9,91.0,12.0,SGC,0.2,3.1,3.2,7.0,,,,,,,,,,2.51455,Senel et al.: Mw=0.8095 ML+1.3003 (3.3<=ML<=6.6),,extrapolada,,,principal,,
SGC,SGC2023qfcgjb,,2023-08-18T04:31:52+00:00,2.6419,-75.1958,31.0,1.6,MLr_2,"Algeciras - Huila, Colombia",manual,1.0,93.0,15.0,SGC,0.2,2.6,2.6,4.0,,,,,,,,,,2.5955000000000004,Senel et al.: Mw=0.8095 ML+1.3003 (3.3<=ML<=6.6),,extrapolada,,,principal,,
SGC,SGC2023qltdcd,,2023-08-21T19:27:51+00:00,3.2304,-75.1458,41.0,1.8,MLr_2,"Villavieja - Huila, Colombia",manual,0.9,73.0,16.0,SGC,0.3,2.6,2.7,7.0,,,,,,,,,,2.7574,Senel et al.: Mw=0.8095 ML+1.3003 (3.3<=ML<=6.6),,extrapolada,,,principal,,
SGC,SGC2023qlvijs,,2023-08-21T20:34:19+00:00,3.3023,-75.342,43.0,1.8,MLr_2,"Aipe - Huila, Colombia",manual,0.9,95.0,16.0,SGC,0.3,2.3,2.6,6.0,,,,,,,,,,2.7574,Senel et al.: Mw=0.8095 ML+1.3003 (3.3<=ML<=6.6),,extrapolada,,,principal,,
SGC,SGC2023qrmyer,,2023-08-24T22:48:00+00:00,2.7446,-75.668,19.0,1.3,MLr_2,"Íquira - Huila, Colombia",manual,0.2,192.0,9.0,SGC,0.4,2.1,2.1,2.0,,,,,,,,,,2.35265,Senel et al.: Mw=0.8095 ML+1.3003 (3.3<=ML<=6.6),,extrapolada,,,principal,,
SGC,SGC2023quhygl,,2023-08-26T11:30:39+00:00,2.6865,-75.0741,4.0,1.4,MLr_2,"San Vicente del Caguán - Caquetá, Colombia",manual,0.5,148.0,19.0,SGC,0.1,1.3,1.3,2.0,,,,,,,,,,2.4336,Senel et al.: Mw=0.8095 ML+1.3003 (3.3<=ML<=6.6),,extrapolada,,,principal,,
SGC,SGC2023qvwhof,,2023-08-27T07:48:19+00:00,2.7033,-75.1512,33.0,1.1,MLr_2,"San Vicente del Caguán - Caquetá, Colombia",manual,0.8,152.0,13.0,SGC,0.1,3.6,3.2,5.0,,,,,,,,,,2.19075,Senel et al.: Mw=0.8095 ML+1.3003 (3.3<=ML<=6.6),,extrapolada,,,principal,,
SGC,SGC2023qxsbjs,,2023-08-28T07:49:23+00:00,3.133,-75.2159,24.0,1.6,MLr_2,"Tello - Huila, Colombia",manual,0.8,146.0,8.0,SGC,0.1,2.8,4.4,11.0,,,,,,,,,,2.5955000000000004,Senel et al.: Mw=0.8095 ML+1.3003 (3.3<=ML<=6.6),,extrapolada,,,principal,,
SGC,SGC2023qyjgtv,,2023-08-28T16:28:33+00:00,2.5848,-75.3681,26.0,1.9,MLr_2,"Campoalegre - Huila, Colombia",manual,0.6,91.0,12.0,SGC,0.1,2.6,2.5,8.0,,,,,,,,,,2.83835,Senel et al.: Mw=0.8095 ML+1.3003 (3.3<=ML<=6.6),,extrapolada,,,principal,,
SGC,SGC2023qyvgij,,2023-08-28T22:30:08+00:00,2.498,-75.3829,29.0,1.4,MLr_2,"Algeciras - Huila, Colombia",manual,0.7,152.0,7.0,SGC,0.2,3.0,9.3,6.0,,,,,,,,,,2.4336,Senel et al.: Mw=0.8095 ML+1.3003 (3.3<=ML<=6.6),,extrapolada,,,principal,,
SGC,SGC2023rdgkju,,2023-08-31T08:24:37+00:00,2.9065,-74.8492,34.0,2.5,MLr_2,"San Vicente del Caguán - Caquetá, Colombia",manual,1.0,84.0,36.0,SGC,0.2,2.7,2.1,5.0,,,,,,,,,,3.32405,Senel et al.: Mw=0.8095 ML+1.3003 (3.3<=ML<=6.6),,extrapolada,,,principal,,
SGC,SGC2023reoqev,,2023-09-01T01:37:11+00:00,2.9076,-74.8631,8.0,1.1,MLr_2,"San Vicente del Caguán - Caquetá, Colombia",manual,1.1,128.0,7.0,SGC,0.1,5.6,4.6,,,,,,,,,,,2.19075,Senel et al.: Mw=0.8095 ML+1.3003 (3.3<=ML<=6.6),,extrapolada,,,principal,,
SGC,SGC2023rhdvrd,,2023-09-02T11:25:08+00:00,2.5483,-75.3877,30.0,2.8,MLr_2,"Hobo - Huila, Colombia",manual,1.1,91.0,51.0,SGC,0.3,1.9,2.0,3.0,,,,,,,,,,3.5669,Senel et al.: Mw=0.8095 ML+1.3003 (3.3<=ML<=6.6),,extrapolada,,,principal,,
SGC,SGC2023rifgxk,,2023-09-03T01:12:47+00:00,2.6462,-75.6237,24.0,1.5,MLr_2,"Íquira - Huila, Colombia",manual,1.0,71.0,15.0,SGC,0.2,2.3,2.9,6.0,,,,,,,,,,2.51455,Senel et al.: Mw=0.8095 ML+1.3003 (3.3<=ML<=6.6),,extrapolada,,,principal,,
SGC,SGC2023rlvgvw,,2023-09-05T00:28:55+00:00,2.7626,-75.0406,31.0,1.7,MLr_2,"San Vicente del Caguán - Caquetá, Colombia",manual,1.1,90.0,20.0,SGC,0.1,2.8,2.4,5.0,,,,,,,,,,2.67645,Senel et al.: Mw=0.8095 ML+1.3003 (3.3<=ML<=6.6),,extrapolada,,,principal,,
SGC,SGC2023rpwxrr,,2023-09-07T05:36:31+00:00,2.5001,-75.419,28.0,1.5,MLr_2,"Hobo - Huila, Colombia",manual,0.7,170.0,5.0,SGC,0.2,4.6,6.6,10.0,,,,,,,,,,2.51455,Senel et al.: Mw=0.8095 ML+1.3003 (3.3<=ML<=6.6),,extrapolada,,,principal,,
SGC,SGC2023rrnroy,,2023-09-08T03:06:52+00:00,2.6731,-75.057,4.0,1.5,MLr_2,"San Vicente del Caguán - Caquetá, Colombia",manual,0.4,95.0,17.0,SGC,0.1,0.8,0.8,3.0,,,,,,,,,,2.51455,Senel et al.: Mw=0.8095 ML+1.3003 (3.3<=ML<=6.6),,extrapolada,,,principal,,
SGC,SGC2023rvxuzo,,2023-09-10T12:30:27+00:00,2.6898,-74.9808,6.0,1.6,MLr_2,"San Vicente del Caguán - Caquetá, Colombia",manual,0.3,122.0,16.0,SGC,0.2,0.6,0.6,4.0,,,,,,,,,,2.5955000000000004,Senel et al.: Mw=0.8095 ML+1.3003 (3.3<=ML<=6.6),,extrapolada,,,principal,,
SGC,SGC2023rwhwuz,,2023-09-10T17:34:17+00:00,3.1822,-75.2613,30.0,2.8,MLr_2,"Aipe - Huila, Colombia",manual,1.1,57.0,46.0,SGC,0.2,1.8,1.8,3.0,,,,,,,,,,3.5669,Senel et al.: Mw=0.8095 ML+1.3003 (3.3<=ML<=6.6),,extrapolada,,,principal,,
SGC,SGC2023saachb,,2023-09-12T17:57:08+00:00,2.9615,-74.8621,29.0,1.9,MLr_2,"Uribe - Meta, Colombia",manual,0.9,116.0,18.0,SGC,0.2,3.3,2.6,7.0,,,,,,,,,,2.83835,Senel et al.: Mw=0.8095 ML+1.3003 (3.3<=ML<=6.6),,extrapolada,,,principal,,
SGC,SGC2023sguptk,,2023-09-16T10:43:01+00:00,3.1912,-75.2767,32.0,2.0,MLr_2,"Aipe - Huila, Colombia",manual,0.8,106.0,13.0,SGC,0.2,2.9,2.7,9.0,,,,,,,,,,2.9193,Senel et al.: Mw=0.8095 ML+1.3003 (3.3<=ML<=6.6),,extrapolada,,,principal,,
SGC,SGC2023sogzwl,,2023-09-20T12:28:12+00:00,2.6425,-75.6285,33.0,2.1,MLr_2,"Íquira - Huila, Colombia",manual,0.7,68.0,20.0,SGC,0.2,2.1,2.6,4.0,,,,,,,,,,3.0002500000000003,Senel et al.: Mw=0.8095 ML+1.3003 (3.3<=ML<=6.6),,extrapolada,,,principal,,
SGC,SGC2023stmhto,,2023-09-23T08:30:35+00:00,2.7329,-75.0576,34.0,2.0,MLr_2,"San Vicente del Caguán - Caquetá, Colombia",manual,0.8,91.0,21.0,SGC,0.2,3.0,2.5,6.0,,,,,,,,,,2.9193,Senel et al.: Mw=0.8095 ML+1.3003 (3.3<=ML<=6.6),,extrapolada,,,principal,,
SGC,SGC2023swssqp,,2023-09-25T02:57:42+00:00,2.725,-75.0187,35.0,2.2,MLr_2,"San Vicente del Caguán - Caquetá, Colombia",manual,0.9,93.0,32.0,SGC,0.2,2.1,1.9,5.0,,,,,,,,,,3.0812,Senel et al.: Mw=0.8095 ML+1.3003 (3.3<=ML<=6.6),,extrapolada,,,principal,,
SGC,SGC2023szzxxf,,2023-09-26T21:48:26+00:00,2.9742,-74.8536,30.0,1.6,MLr_2,"Uribe - Meta, Colombia",manual,0.8,127.0,16.0,SGC,0.1,3.8,3.4,7.0,,,,,,,,,,2.5955000000000004,Senel et al.: Mw=0.8095 ML+1.3003 (3.3<=ML<=6.6),,extrapolada,,,principal,,
SGC,SGC2023tbwkkc,,2023-09-27T22:11:12+00:00,2.9827,-74.8664,36.0,1.4,MLr_2,"Uribe - Meta, Colombia",manual,0.9,141.0,13.0,SGC,0.1,3.6,4.4,8.0,,,,,,,,,,2.4336,Senel et al.: Mw=0.8095 ML+1.3003 (3.3<=ML<=6.6),,extrapolada,,,principal,,
SGC,SGC2023tsgqgs,,2023-10-06T20:31:10+00:00,2.5128,-75.2956,25.0,1.3,MLr_2,"Algeciras - Huila, Colombia",manual,0.9,143.0,10.0,SGC,0.2,4.3,4.1,10.0,,,,,,,,,,2.35265,Senel et al.: Mw=0.8095 ML+1.3003 (3.3<=ML<=6.6),,extrapolada,,,principal,,
SGC,SGC2023txwogi,,2023-10-09T21:54:07+00:00,2.7483,-75.1667,41.0,3.1,MLr_2,"Rivera - Huila, Colombia",manual,0.9,88.0,57.0,SGC,0.2,1.7,1.8,2.0,,,,,,,,,,3.80975,Senel et al.: Mw=0.8095 ML+1.3003 (3.3<=ML<=6.6),,extrapolada,,,principal,,
SGC,SGC2023ujpyom,,2023-10-16T07:28:35+00:00,2.6996,-75.1581,36.0,1.9,MLr_2,"Algeciras - Huila, Colombia",manual,0.9,91.0,26.0,SGC,0.2,2.2,2.4,3.0,,,,,,,,,,2.83835,Senel et al.: Mw=0.8095 ML+1.3003 (3.3<=ML<=6.6),,extrapolada,,,principal,,
SGC,SGC2023ukiyyi,,2023-10-16T17:02:16+00:00,2.9679,-74.8493,40.0,1.6,MLr_2,"Uribe - Meta, Colombia",manual,1.0,81.0,15.0,SGC,0.2,3.2,3.9,8.0,,,,,,,,,,2.5955000000000004,Senel et al.: Mw=0.8095 ML+1.3003 (3.3<=ML<=6.6),,extrapolada,,,principal,,
SGC,SGC2023ukqpkq,,2023-10-16T20:52:36+00:00,3.0758,-74.8921,20.0,1.5,MLr_2,"Baraya - Huila, Colombia",manual,0.8,79.0,18.0,SGC,0.3,2.3,2.3,6.0,,,,,,,,,,2.51455,Senel et al.: Mw=0.8095 ML+1.3003 (3.3<=ML<=6.6),,extrapolada,,,principal,,
SGC,SGC2023upeljz,,2023-10-19T08:08:15+00:00,2.6186,-75.3724,30.0,1.6,MLr_2,"Campoalegre - Huila, Colombia",manual,1.1,133.0,11.0,SGC,0.2,3.8,3.7,4.0,,,,,,,,,,2.5955000000000004,Senel et al.: Mw=0.8095 ML+1.3003 (3.3<=ML<=6.6),,extrapolada,,,principal,,
SGC,SGC2023uxcpfa,,2023-10-23T15:48:08+00:00,2.6223,-75.1622,28.0,2.2,MLr_2,"Algeciras - Huila, Colombia",manual,1.0,95.0,28.0,SGC,0.2,2.1,2.4,3.0,,,,,,,,,,3.0812,Senel et al.: Mw=0.8095 ML+1.3003 (3.3<=ML<=6.6),,extrapolada,,,principal,,
SGC,SGC2023uycvmf,,2023-10-24T04:59:56+00:00,3.3198,-75.2605,19.0,2.3,MLr_2,"Aipe - Huila, Colombia",manual,1.2,77.0,48.0,SGC,0.3,1.5,1.9,4.0,,,,,,,,,,3.16215,Senel et al.: Mw=0.8095 ML+1.3003 (3.3<=ML<=6.6),,extrapolada,,,principal,,
SGC,SGC2023uzzfex,,2023-10-25T05:19:26+00:00,2.9594,-74.8813,27.0,1.8,MLr_2,"Uribe - Meta, Colombia",manual,0.8,142.0,25.0,SGC,0.3,2.3,2.4,5.0,,,,,,,,,,2.7574,Senel et al.: Mw=0.8095 ML+1.3003 (3.3<=ML<=6.6),,extrapolada,,,principal,,
SGC,SGC2023vfauwn,,2023-10-27T23:30:12+00:00,2.9277,-74.8642,29.0,2.3,MLr_2,"Uribe - Meta, Colombia",manual,1.2,62.0,42.0,SGC,0.1,2.7,2.2,6.0,,,,,,,,,,3.16215,Senel et al.: Mw=0.8095 ML+1.3003 (3.3<=ML<=6.6),,extrapolada,,,principal,,
SGC,SGC2023vhubdt,,2023-10-29T11:19:39+00:00,2.7779,-75.3605,28.0,1.6,MLr_2,"Palermo - Huila, Colombia",manual,0.7,125.0,17.0,SGC,0.1,2.7,2.4,3.0,,,,,,,,,,2.5955000000000004,Senel et al.: Mw=0.8095 ML+1.3003 (3.3<=ML<=6.6),,extrapolada,,,principal,,
SGC,SGC2023vmfgtx,,2023-10-31T21:16:01+00:00,3.3494,-75.4214,33.0,1.6,MLr_2,"Aipe - Huila, Colombia",manual,0.8,81.0,26.0,SGC,0.3,1.9,1.7,6.0,,,,,,,,,,2.5955000000000004,Senel et al.: Mw=0.8095 ML+1.3003 (3.3<=ML<=6.6),,extrapolada,,,principal,,
SGC,SGC2023wgspmi,,2023-11-12T01:27:52+00:00,2.709,-75.0546,5.0,1.4,MLr_2,"San Vicente del Caguán - Caquetá, Colombia",manual,0.4,148.0,11.0,SGC,0.1,1.2,1.2,10.0,,,,,,,,,,2.4336,Senel et al.: Mw=0.8095 ML+1.3003 (3.3<=ML<=6.6),,extrapolada,,,principal,,
SGC,SGC2023wofjen,,2023-11-16T03:24:06+00:00,2.7446,-75.0778,34.0,1.4,MLr_2,"Rivera - Huila, Colombia",manual,0.9,144.0,15.0,SGC,0.1,2.9,2.6,5.0,,,,,,,,,,2.4336,Senel et al.: Mw=0.8095 ML+1.3003 (3.3<=ML<=6.6),,extrapolada,,,principal,,
SGC,SGC2023wooifn,,2023-11-16T07:54:32+00:00,2.5424,-75.4021,31.0,1.4,MLr_2,"Hobo - Huila, Colombia",manual,0.8,134.0,12.0,SGC,0.1,3.5,3.2,4.0,,,,,,,,,,2.4336,Senel et al.: Mw=0.8095 ML+1.3003 (3.3<=ML<=6.6),,extrapolada,,,principal,,
SGC,SGC2023wpyawr,,2023-11-17T01:52:17+00:00,3.1446,-74.9657,20.0,1.1,MLr_2,"Baraya - Huila, Colombia",manual,0.8,131.0,7.0,SGC,0.3,5.1,5.2,,,,,,,,,,,2.19075,Senel et al.: Mw=0.8095 ML+1.3003 (3.3<=ML<=6.6),,extrapolada,,,principal,,
SGC,SGC2023wzfvad,,2023-11-22T03:27:05+00:00,2.9488,-74.8685,27.0,1.3,MLr_2,"Uribe - Meta, Colombia",manual,0.7,143.0,10.0,SGC,0.2,3.4,3.1,10.0,,,,,,,,,,2.35265,Senel et al.: Mw=0.8095 ML+1.3003 (3.3<=ML<=6.6),,extrapolada,,,principal,,
SGC,SGC2023xadize,,2023-11-22T15:17:14+00:00,2.915,-74.9131,34.0,1.3,MLr_2,"San Vicente del Caguán - Caquetá, Colombia",manual,1.0,93.0,11.0,SGC,0.1,3.2,3.1,9.0,,,,,,,,,,2.35265,Senel et al.: Mw=0.8095 ML+1.3003 (3.3<=ML<=6.6),,extrapolada,,,principal,,
SGC,SGC2023xfsxjy,,2023-11-25T16:28:54+00:00,2.5022,-75.3871,33.0,1.4,MLr_2,"Hobo - Huila, Colombia",manual,0.8,93.0,13.0,SGC,0.2,2.9,2.7,4.0,,,,,,,,,,2.4336,Senel et al.: Mw=0.8095 ML+1.3003 (3.3<=ML<=6.6),,extrapolada,,,principal,,
SGC,SGC2023xklkcp,,2023-11-28T06:04:41+00:00,2.915,-74.8535,37.0,2.3,MLr_2,"Uribe - Meta, Colombia",manual,0.8,147.0,30.0,SGC,0.2,2.5,2.2,4.0,,,,,,,,,,3.16215,Senel et al.: Mw=0.8095 ML+1.3003 (3.3<=ML<=6.6),,extrapolada,,,principal,,
SGC,SGC2023xletvp,,2023-11-28T15:49:15+00:00,2.8231,-74.8663,3.0,1.4,MLr_2,"San Vicente del Caguán - Caquetá, Colombia",manual,0.4,164.0,14.0,SGC,0.1,0.6,0.6,1.0,,,,,,,,,,2.4336,Senel et al.: Mw=0.8095 ML+1.3003 (3.3<=ML<=6.6),,extrapolada,,,principal,,
SGC,SGC2023xmvrmx,,2023-11-29T13:23:57+00:00,2.9758,-74.8669,31.0,2.5,MLr_2,"Uribe - Meta, Colombia",manual,1.1,80.0,39.0,SGC,0.1,2.3,2.0,4.0,,,,,,,,,,3.32405,Senel et al.: Mw=0.8095 ML+1.3003 (3.3<=ML<=6.6),,extrapolada,,,principal,,
SGC,SGC2023xqramf,,2023-12-01T15:21:22+00:00,2.7605,-75.0576,33.0,1.8,MLr_2,"Rivera - Huila, Colombia",manual,1.0,90.0,21.0,SGC,0.2,3.0,2.8,5.0,,,,,,,,,,2.7574,Senel et al.: Mw=0.8095 ML+1.3003 (3.3<=ML<=6.6),,extrapolada,,,principal,,
SGC,SGC2023xqsxeo,,2023-12-01T16:17:55+00:00,3.2478,-75.2401,32.0,2.3,MLr_2,"Aipe - Huila, Colombia",manual,1.2,65.0,39.0,SGC,0.2,1.8,1.8,5.0,,,,,,,,,,3.16215,Senel et al.: Mw=0.8095 ML+1.3003 (3.3<=ML<=6.6),,extrapolada,,,principal,,
SGC,SGC2023xtvhbf,,2023-12-03T08:43:09+00:00,3.1685,-75.2118,25.0,0.9,MLr_2,"Villavieja - Huila, Colombia",manual,0.1,257.0,8.0,SGC,0.1,1.1,1.1,1.0,,,,,,,,,,2.0288500000000003,Senel et al.: Mw=0.8095 ML+1.3003 (3.3<=ML<=6.6),,extrapolada,,,principal,,
SGC,SGC2023xuykqs,,2023-12-03T23:22:19+00:00,2.7166,-75.0706,5.0,1.2,MLr_2,"San Vicente del Caguán - Caquetá, Colombia",manual,0.5,146.0,14.0,SGC,0.1,1.3,1.3,5.0,,,,,,,,,,2.2717,Senel et al.: Mw=0.8095 ML+1.3003 (3.3<=ML<=6.6),,extrapolada,,,principal,,
SGC,SGC2023xybimt,,2023-12-05T16:03:45+00:00,2.6896,-75.099,36.0,1.9,MLr_2,"San Vicente del Caguán - Caquetá, Colombia",manual,1.0,93.0,22.0,SGC,0.2,3.1,2.5,5.0,,,,,,,,,,2.83835,Senel et al.: Mw=0.8095 ML+1.3003 (3.3<=ML<=6.6),,extrapolada,,,principal,,
SGC,SGC2023xywrms,,2023-12-06T02:47:48+00:00,2.8811,-74.8641,22.0,1.3,MLr_2,"San Vicente del Caguán - Caquetá, Colombia",manual,0.6,148.0,9.0,SGC,0.2,3.8,2.8,10.0,,,,,,,,,,2.35265,Senel et al.: Mw=0.8095 ML+1.3003 (3.3<=ML<=6.6),,extrapolada,,,principal,,
SGC,SGC2023ybbzcd,,2023-12-07T07:36:26+00:00,2.8558,-75.0641,9.0,1.3,MLr_2,"Neiva - Huila, Colombia",manual,0.9,284.0,12.0,SGC,0.2,5.2,5.2,6.0,,,,,,,,,,2.35265,Senel et al.: Mw=0.8095 ML+1.3003 (3.3<=ML<=6.6),,extrapolada,,,principal,,
SGC,SGC2023ycwguu,,2023-12-08T06:53:17+00:00,2.9065,-74.8535,19.0,1.2,MLr_2,"San Vicente del Caguán - Caquetá, Colombia",manual,0.6,147.0,8.0,SGC,0.1,3.8,2.8,11.0,,,,,,,,,,2.2717,Senel et al.: Mw=0.8095 ML+1.3003 (3.3<=ML<=6.6),,extrapolada,,,principal,,
SGC,SGC2023yhbgqs,,2023-12-10T13:41:54+00:00,2.9319,-75.3262,26.0,1.6,MLr_2,"Palermo - Huila, Colombia",manual,0.8,111.0,13.0,SGC,0.1,3.1,2.7,5.0,,,,,,,,,,2.5955000000000004,Senel et al.: Mw=0.8095 ML+1.3003 (3.3<=ML<=6.6),,extrapolada,,,principal,,
SGC,SGC2023yktclj,,2023-12-12T13:53:31+00:00,2.534,-75.3595,23.0,1.6,MLr_2,"Campoalegre - Huila, Colombia",manual,0.9,97.0,11.0,SGC,0.2,2.6,2.6,7.0,,,,,,,,,,2.5955000000000004,Senel et al.: Mw=0.8095 ML+1.3003 (3.3<=ML<=6.6),,extrapolada,,,principal,,
SGC,SGC2023ylhlbm,,2023-12-12T21:05:55+00:00,2.7044,-75.4759,29.0,1.3,MLr_2,"Yaguará - Huila, Colombia",manual,0.8,115.0,5.0,SGC,0.2,5.9,5.7,,,,,,,,,,,2.35265,Senel et al.: Mw=0.8095 ML+1.3003 (3.3<=ML<=6.6),,extrapolada,,,principal,,
SGC,SGC2023ylwbok,,2023-12-13T04:27:29+00:00,2.9065,-74.8769,35.0,1.5,MLr_2,"San Vicente del Caguán - Caquetá, Colombia",manual,0.8,146.0,15.0,SGC,0.2,3.0,2.6,7.0,,,,,,,,,,2.51455,Senel et al.: Mw=0.8095 ML+1.3003 (3.3<=ML<=6.6),,extrapolada,,,principal,,
SGC,SGC2023ytdwoc,,2023-12-17T03:54:24+00:00,3.0203,-74.8659,23.0,2.3,MLr_2,"Baraya - Huila, Colombia",manual,1.0,134.0,50.0,SGC,0.3,2.0,1.8,4.0,,,,,,,,,,3.16215,Senel et al.: Mw=0.8095 ML+1.3003 (3.3<=ML<=6.6),,extrapolada,,,principal,,
SGC,SGC2023yyuvwp,,2023-12-20T05:48:54+00:00,2.9076,-74.8631,29.0,1.7,MLr_2,"San Vicente del Caguán - Caquetá, Colombia",manual,1.0,147.0,11.0,SGC,0.1,4.3,4.4,,,,,,,,,,,2.67645,Senel et al.: Mw=0.8095 ML+1.3003 (3.3<=ML<=6.6),,extrapolada,,,principal,,
SGC,SGC2023zfoatp,,2023-12-23T21:54:41+00:00,2.5192,-75.4638,32.0,1.5,MLr_2,"Hobo - Huila, Colombia",manual,0.7,82.0,13.0,SGC,0.2,2.5,2.8,6.0,,,,,,,,,,2.51455,Senel et al.: Mw=0.8095 ML+1.3003 (3.3<=ML<=6.6),,extrapolada,,,principal,,
SGC,SGC2023zglltj,,2023-12-24T09:41:24+00:00,3.2134,-75.067,39.0,1.6,MLr_2,"Villavieja - Huila, Colombia",manual,0.8,117.0,10.0,SGC,0.3,2.9,3.0,10.0,,,,,,,,,,2.5955000000000004,Senel et al.: Mw=0.8095 ML+1.3003 (3.3<=ML<=6.6),,extrapolada,,,principal,,
SGC,SGC2023zioaev,,2023-12-25T13:07:27+00:00,2.8049,-74.9534,21.0,1.7,MLr_2,"San Vicente del Caguán - Caquetá, Colombia",manual,1.2,89.0,15.0,SGC,0.1,3.3,2.8,9.0,,,,,,,,,,2.67645,Senel et al.: Mw=0.8095 ML+1.3003 (3.3<=ML<=6.6),,extrapolada,,,principal,,
SGC,SGC2023zmhptg,,2023-12-27T14:12:12+00:00,2.8737,-74.9652,33.0,1.5,MLr_2,"Neiva - Huila, Colombia",manual,0.8,165.0,7.0,SGC,0.1,4.5,4.6,,,,,,,,,,,2.51455,Senel et al.: Mw=0.8095 ML+1.3003 (3.3<=ML<=6.6),,extrapolada,,,principal,,
SGC,SGC2023zpymre,,2023-12-29T13:54:58+00:00,2.5128,-75.2914,23.0,1.3,MLr_2,"Algeciras - Huila, Colombia",manual,0.6,199.0,6.0,SGC,0.1,3.3,5.1,9.0,,,,,,,,,,2.35265,Senel et al.: Mw=0.8095 ML+1.3003 (3.3<=ML<=6.6),,extrapolada,,,principal,,
SGC,SGC2023zrgwqs,,2023-12-30T07:12:26+00:00,2.653,-75.6019,21.0,1.6,MLr_2,"Íquira - Huila, Colombia",manual,0.7,98.0,14.0,SGC,0.2,2.0,1.9,4.0,,,,,,,,,,2.5955000000000004,Senel et al.: Mw=0.8095 ML+1.3003 (3.3<=ML<=6.6),,extrapolada,,,principal,,
SGC,SGC2023ztvqfg,,2023-12-31T16:46:28+00:00,2.6716,-75.1405,33.0,1.4,MLr_2,"Algeciras - Huila, Colombia",manual,0.7,145.0,9.0,SGC,0.1,3.2,3.6,11.0,,,,,,,,,,2.4336,Senel et al.: Mw=0.8095 ML+1.3003 (3.3<=ML<=6.6),,extrapolada,,,principal,,
SGC,SGC2024ackeed,,2024-01-02T02:15:29+00:00,2.6548,-75.0595,14.0,1.2,MLr_2,"San Vicente del Caguán - Caquetá, Colombia",manual,0.3,151.0,10.0,SGC,0.1,3.7,3.7,8.0,,,,,,,,,,2.2717,Senel et al.: Mw=0.8095 ML+1.3003 (3.3<=ML<=6.6),,extrapolada,,,principal,,
SGC,SGC2024acknpc,,2024-01-02T02:26:24+00:00,2.7372,-75.0853,29.0,1.2,MLr_2,"Rivera - Huila, Colombia",manual,0.8,144.0,8.0,SGC,0.1,3.5,4.5,11.0,,,,,,,,,,2.2717,Senel et al.: Mw=0.8095 ML+1.3003 (3.3<=ML<=6.6),,extrapolada,,,principal,,
SGC,SGC2024agzvbp,,2024-01-04T14:25:35+00:00,2.9441,-74.8413,38.0,4.1,MLr_2,"Uribe - Meta, Colombia",manual,1.3,82.0,88.0,SGC,0.2,2.0,1.8,3.0,,,,,,,,,,4.619249999999999,Senel et al.: Mw=0.8095 ML+1.3003 (3.3<=ML<=6.6),,dentro_de_rango,,,principal,,
SGC,SGC2024anlfwc,,2024-01-08T02:36:50+00:00,2.7361,-75.1161,36.0,1.7,MLr_2,"Rivera - Huila, Colombia",manual,0.8,143.0,17.0,SGC,0.1,2.9,3.0,4.0,,,,,,,,,,2.67645,Senel et al.: Mw=0.8095 ML+1.3003 (3.3<=ML<=6.6),,extrapolada,,,principal,,
SGC,SGC2024aumfbx,,2024-01-11T22:37:27+00:00,2.7265,-75.0445,4.0,1.2,MLr_2,"San Vicente del Caguán - Caquetá, Colombia",manual,0.5,92.0,20.0,SGC,0.1,0.8,0.8,2.0,,,,,,,,,,2.2717,Senel et al.: Mw=0.8095 ML+1.3003 (3.3<=ML<=6.6),,extrapolada,,,principal,,
SGC,SGC2024bcxuop,,2024-01-16T13:03:06+00:00,2.6462,-75.166,29.0,3.3,MLr_2,"Algeciras - Huila, Colombia",manual,1.2,94.0,58.0,SGC,0.2,2.0,2.1,3.0,,,,,,,,,,3.97165,Senel et al.: Mw=0.8095 ML+1.3003 (3.3<=ML<=6.6),,dentro_de_rango,,,principal,,
SGC,SGC2024bternt,,2024-01-25T09:42:23+00:00,2.5488,-75.3297,24.0,1.6,MLr_2,"Algeciras - Huila, Colombia",manual,0.7,144.0,9.0,SGC,0.1,3.8,3.6,10.0,,,,,,,,,,2.5955000000000004,Senel et al.: Mw=0.8095 ML+1.3003 (3.3<=ML<=6.6),,extrapolada,,,principal,,
SGC,SGC2024bteuju,,2024-01-25T09:45:43+00:00,2.526,-75.3648,12.0,1.5,MLr_2,"Campoalegre - Huila, Colombia",manual,0.2,196.0,8.0,SGC,0.2,1.8,1.8,5.0,,,,,,,,,,2.51455,Senel et al.: Mw=0.8095 ML+1.3003 (3.3<=ML<=6.6),,extrapolada,,,principal,,
SGC,SGC2024byzhab,,2024-01-28T13:26:17+00:00,2.7647,-75.0747,35.0,1.8,MLr_2,"Rivera - Huila, Colombia",manual,0.9,153.0,17.0,SGC,0.2,2.9,3.4,4.0,,,,,,,,,,2.7574,Senel et al.: Mw=0.8095 ML+1.3003 (3.3<=ML<=6.6),,extrapolada,,,principal,,
SGC,SGC2024cbcana,,2024-01-29T16:58:06+00:00,2.698,-75.0054,41.0,1.3,MLr_2,"San Vicente del Caguán - Caquetá, Colombia",manual,0.8,165.0,8.0,SGC,0.1,5.4,4.3,10.0,,,,,,,,,,2.35265,Senel et al.: Mw=0.8095 ML+1.3003 (3.3<=ML<=6.6),,extrapolada,,,principal,,
SGC,SGC2024chfwif,,2024-02-02T01:20:47+00:00,2.9933,-74.8813,23.0,1.5,MLr_2,"Baraya - Huila, Colombia",manual,1.1,140.0,19.0,SGC,0.2,2.8,3.1,8.0,,,,,,,,,,2.51455,Senel et al.: Mw=0.8095 ML+1.3003 (3.3<=ML<=6.6),,extrapolada,,,principal,,
SGC,SGC2024cicgxt,,2024-02-02T12:36:53+00:00,2.8495,-74.9245,5.0,1.4,MLr_2,"San Vicente del Caguán - Caquetá, Colombia",manual,0.4,184.0,18.0,SGC,0.2,1.1,1.1,2.0,,,,,,,,,,2.4336,Senel et al.: Mw=0.8095 ML+1.3003 (3.3<=ML<=6.6),,extrapolada,,,principal,,
SGC,SGC2024cmjlpd,,2024-02-04T20:31:23+00:00,2.6948,-75.1022,31.0,1.7,MLr_2,"San Vicente del Caguán - Caquetá, Colombia",manual,0.8,104.0,16.0,SGC,0.1,2.9,2.5,5.0,,,,,,,,,,2.67645,Senel et al.: Mw=0.8095 ML+1.3003 (3.3<=ML<=6.6),,extrapolada,,,principal,,
SGC,SGC2024cpalre,,2024-02-06T07:13:21+00:00,2.517,-75.351,27.0,1.4,MLr_2,"Algeciras - Huila, Colombia",manual,0.7,144.0,8.0,SGC,0.1,3.0,3.4,5.0,,,,,,,,,,2.4336,Senel et al.: Mw=0.8095 ML+1.3003 (3.3<=ML<=6.6),,extrapolada,,,principal,,
SGC,SGC2024cznvva,,2024-02-12T00:42:04+00:00,2.6948,-75.0682,32.0,1.8,MLr_2,"San Vicente del Caguán - Caquetá, Colombia",manual,0.8,160.0,11.0,SGC,0.1,4.1,3.3,6.0,,,,,,,,,,2.7574,Senel et al.: Mw=0.8095 ML+1.3003 (3.3<=ML<=6.6),,extrapolada,,,principal,,
SGC,SGC2024dhlatg,,2024-02-16T07:53:09+00:00,2.5001,-75.3892,31.0,1.6,MLr_2,"Hobo - Huila, Colombia",manual,0.6,139.0,6.0,SGC,0.2,3.0,3.7,5.0,,,,,,,,,,2.5955000000000004,Senel et al.: Mw=0.8095 ML+1.3003 (3.3<=ML<=6.6),,extrapolada,,,principal,,
SGC,SGC2024dtfueb,,2024-02-22T18:08:21+00:00,2.7372,-75.0831,22.0,1.5,MLr_2,"Rivera - Huila, Colombia",manual,0.8,101.0,8.0,SGC,0.1,3.9,2.9,11.0,,,,,,,,,,2.51455,Senel et al.: Mw=0.8095 ML+1.3003 (3.3<=ML<=6.6),,extrapolada,,,principal,,
SGC,SGC2024dujwtx,,2024-02-23T09:16:31+00:00,2.6382,-75.5976,25.0,1.8,MLr_2,"Íquira - Huila, Colombia",manual,0.8,100.0,13.0,SGC,0.3,2.5,2.1,4.0,,,,,,,,,,2.7574,Senel et al.: Mw=0.8095 ML+1.3003 (3.3<=ML<=6.6),,extrapolada,,,principal,,
SGC,SGC2024elnwzv,,2024-03-03T17:33:35+00:00,3.3373,-75.2371,16.0,1.5,MLr_2,"Aipe - Huila, Colombia",manual,0.3,254.0,12.0,SGC,0.3,2.2,2.2,3.0,,,,,,,,,,2.51455,Senel et al.: Mw=0.8095 ML+1.3003 (3.3<=ML<=6.6),,extrapolada,,,principal,,
SGC,SGC2024eoerln,,2024-03-05T04:09:00+00:00,2.5234,-75.4404,22.0,1.7,MLr_2,"Hobo - Huila, Colombia",manual,0.8,128.0,8.0,SGC,0.2,6.9,4.0,12.0,,,,,,,,,,2.67645,Senel et al.: Mw=0.8095 ML+1.3003 (3.3<=ML<=6.6),,extrapolada,,,principal,,
SGC,SGC2024erkpdk,,2024-03-06T22:20:48+00:00,2.6546,-75.0805,15.0,1.5,MLr_2,"San Vicente del Caguán - Caquetá, Colombia",manual,0.3,109.0,12.0,SGC,0.1,1.1,1.1,2.0,,,,,,,,,,2.51455,Senel et al.: Mw=0.8095 ML+1.3003 (3.3<=ML<=6.6),,extrapolada,,,principal,,
SGC,SGC2024fetdkr,,2024-03-14T04:36:56+00:00,2.6416,-75.061,60.0,1.5,MLr_2,"San Vicente del Caguán - Caquetá, Colombia",manual,0.4,166.0,8.0,SGC,0.2,4.1,4.1,11.0,,,,,,,,,,2.51455,Senel et al.: Mw=0.8095 ML+1.3003 (3.3<=ML<=6.6),,extrapolada,,,principal,,
SGC,SGC2024fjijud,,2024-03-16T16:34:48+00:00,3.1616,-75.0591,11.0,1.8,MLr_2,"Baraya - Huila, Colombia",manual,0.4,99.0,20.0,SGC,0.2,0.6,0.6,1.0,,,,,,,,,,2.7574,Senel et al.: Mw=0.8095 ML+1.3003 (3.3<=ML<=6.6),,extrapolada,,,principal,,
SGC,SGC2024fkprtv,,2024-03-17T09:19:43+00:00,2.5636,-75.3319,29.0,1.6,MLr_2,"Campoalegre - Huila, Colombia",manual,0.6,143.0,7.0,SGC,0.2,3.6,3.8,5.0,,,,,,,,,,2.5955000000000004,Senel et al.: Mw=0.8095 ML+1.3003 (3.3<=ML<=6.6),,extrapolada,,,principal,,
SGC,SGC2024fnsmnd,,2024-03-19T01:57:33+00:00,2.5255,-75.434,32.0,1.9,MLr_2,"Hobo - Huila, Colombia",manual,0.8,129.0,11.0,SGC,0.1,5.6,3.2,9.0,,,,,,,,,,2.83835,Senel et al.: Mw=0.8095 ML+1.3003 (3.3<=ML<=6.6),,extrapolada,,,principal,,
SGC,SGC2024fzpbiw,,2024-03-25T13:07:43+00:00,2.9615,-74.8791,25.0,2.1,MLr_2,"Uribe - Meta, Colombia",manual,1.1,90.0,24.0,SGC,0.2,3.3,2.6,6.0,,,,,,,,,,3.0002500000000003,Senel et al.: Mw=0.8095 ML+1.3003 (3.3<=ML<=6.6),,extrapolada,,,principal,,
SGC,SGC2024gahvrj,,2024-03-25T22:34:29+00:00,2.898,-75.2559,36.0,1.7,MLr_2,"Neiva - Huila, Colombia",manual,0.6,128.0,11.0,SGC,0.2,3.3,3.1,3.0,,,,,,,,,,2.67645,Senel et al.: Mw=0.8095 ML+1.3003 (3.3<=ML<=6.6),,extrapolada,,,principal,,
SGC,SGC2024ghnold,,2024-03-29T20:58:27+00:00,2.9689,-74.8483,23.0,2.1,MLr_2,"Uribe - Meta, Colombia",manual,1.1,90.0,29.0,SGC,0.2,3.5,2.5,7.0,,,,,,,,,,3.0002500000000003,Senel et al.: Mw=0.8095 ML+1.3003 (3.3<=ML<=6.6),,extrapolada,,,principal,,
SGC,SGC2024glnzna,,2024-04-01T01:29:12+00:00,2.7329,-75.0895,28.0,1.7,MLr_2,"Rivera - Huila, Colombia",manual,0.9,164.0,13.0,SGC,0.2,5.4,3.2,10.0,,,,,,,,,,2.67645,Senel et al.: Mw=0.8095 ML+1.3003 (3.3<=ML<=6.6),,extrapolada,,,principal,,
SGC,SGC2024gpxpev,,2024-04-03T10:36:53+00:00,3.2536,-75.2311,26.0,1.7,MLr_2,"Aipe - Huila, Colombia",manual,1.2,108.0,10.0,SGC,0.3,5.7,10.0,8.0,,,,,,,,,,2.67645,Senel et al.: Mw=0.8095 ML+1.3003 (3.3<=ML<=6.6),,extrapolada,,,principal,,
SGC,SGC2024gscyvd,,2024-04-04T15:27:52+00:00,2.8623,-74.8591,1.0,1.6,MLr_2,"San Vicente del Caguán - Caquetá, Colombia",manual,0.3,214.0,10.0,SGC,0.1,1.7,1.7,3.0,,,,,,,,,,2.5955000000000004,Senel et al.: Mw=0.8095 ML+1.3003 (3.3<=ML<=6.6),,extrapolada,,,principal,,
SGC,SGC2024gulaed,,2024-04-05T21:40:08+00:00,2.6948,-75.1256,29.0,1.7,MLr_2,"San Vicente del Caguán - Caquetá, Colombia",manual,0.9,155.0,11.0,SGC,0.2,3.8,3.3,9.0,,,,,,,,,,2.67645,Senel et al.: Mw=0.8095 ML+1.3003 (3.3<=ML<=6.6),,extrapolada,,,principal,,
SGC,SGC2024hacbgn,,2024-04-08T23:36:19+00:00,2.6509,-75.1676,24.0,2.0,MLr_2,"Algeciras - Huila, Colombia",manual,0.9,155.0,23.0,SGC,0.3,2.4,2.3,4.0,,,,,,,,,,2.9193,Senel et al.: Mw=0.8095 ML+1.3003 (3.3<=ML<=6.6),,extrapolada,,,principal,,
SGC,SGC2024haeugi,,2024-04-09T00:58:42+00:00,2.8113,-74.9198,2.0,1.3,MLr_2,"San Vicente del Caguán - Caquetá, Colombia",manual,0.3,161.0,9.0,SGC,0.1,0.7,0.7,2.0,,,,,,,,,,2.35265,Senel et al.: Mw=0.8095 ML+1.3003 (3.3<=ML<=6.6),,extrapolada,,,principal,,
SGC,SGC2024hjdskk,,2024-04-13T22:06:41+00:00,2.5303,-75.359,36.0,1.8,MLr_2,"Campoalegre - Huila, Colombia",manual,0.7,141.0,16.0,SGC,0.1,2.4,2.6,4.0,,,,,,,,,,2.7574,Senel et al.: Mw=0.8095 ML+1.3003 (3.3<=ML<=6.6),,extrapolada,,,principal,,
SGC,SGC2024hnjjuf,,2024-04-16T05:15:35+00:00,2.9425,-74.8493,29.0,1.7,MLr_2,"Uribe - Meta, Colombia",manual,0.9,155.0,11.0,SGC,0.1,4.3,3.0,10.0,,,,,,,,,,2.67645,Senel et al.: Mw=0.8095 ML+1.3003 (3.3<=ML<=6.6),,extrapolada,,,principal,,
SGC,SGC2024igzvoj,,2024-04-26T21:57:03+00:00,2.6885,-75.1703,28.0,2.2,MLr_2,"Algeciras - Huila, Colombia",manual,0.9,151.0,18.0,SGC,0.1,3.0,2.7,5.0,,,,,,,,,,3.0812,Senel et al.: Mw=0.8095 ML+1.3003 (3.3<=ML<=6.6),,extrapolada,,,principal,,
SGC,SGC2024imwgnh,,2024-04-30T02:35:54+00:00,3.1986,-75.1117,19.0,1.9,MLr_2,"Villavieja - Huila, Colombia",manual,0.9,115.0,24.0,SGC,0.2,2.9,2.2,6.0,,,,,,,,,,2.83835,Senel et al.: Mw=0.8095 ML+1.3003 (3.3<=ML<=6.6),,extrapolada,,,principal,,
SGC,SGC2024irlegg,,2024-05-02T14:23:47+00:00,2.7181,-75.1129,26.0,2.0,MLr_2,"San Vicente del Caguán - Caquetá, Colombia",manual,1.0,154.0,18.0,SGC,0.1,3.4,2.8,5.0,,,,,,,,,,2.9193,Senel et al.: Mw=0.8095 ML+1.3003 (3.3<=ML<=6.6),,extrapolada,,,principal,,
SGC,SGC2024ivnktf,,2024-05-04T19:49:34+00:00,2.57,-75.3702,30.0,1.5,MLr_2,"Campoalegre - Huila, Colombia",manual,0.8,137.0,7.0,SGC,0.1,4.9,3.8,10.0,,,,,,,,,,2.51455,Senel et al.: Mw=0.8095 ML+1.3003 (3.3<=ML<=6.6),,extrapolada,,,principal,,
SGC,SGC2024jgoqps,,2024-05-10T20:15:46+00:00,2.6398,-75.5023,29.0,1.7,MLr_2,"Yaguará - Huila, Colombia",manual,0.6,113.0,11.0,SGC,0.2,3.0,3.6,6.0,,,,,,,,,,2.67645,Senel et al.: Mw=0.8095 ML+1.3003 (3.3<=ML<=6.6),,extrapolada,,,principal,,
SGC,SGC2024jjeqee,,2024-05-12T06:26:57+00:00,2.9531,-74.8557,28.0,1.6,MLr_2,"Uribe - Meta, Colombia",manual,0.9,153.0,13.0,SGC,0.2,4.7,3.5,9.0,,,,,,,,,,2.5955000000000004,Senel et al.: Mw=0.8095 ML+1.3003 (3.3<=ML<=6.6),,extrapolada,,,principal,,
SGC,SGC2024jjxjfm,,2024-05-12T15:52:09+00:00,2.9171,-75.6818,19.0,1.6,MLr_2,"Santa María - Huila, Colombia",manual,0.7,127.0,8.0,SGC,0.3,4.5,3.8,7.0,,,,,,,,,,2.5955000000000004,Senel et al.: Mw=0.8095 ML+1.3003 (3.3<=ML<=6.6),,extrapolada,,,principal,,
SGC,SGC2024jvaecv,,2024-05-18T17:05:58+00:00,2.9107,-75.7201,31.0,2.5,MLr_2,"Santa María - Huila, Colombia",manual,0.8,85.0,17.0,SGC,0.3,2.8,2.2,5.0,,,,,,,,,,3.32405,Senel et al.: Mw=0.8095 ML+1.3003 (3.3<=ML<=6.6),,extrapolada,,,principal,,
SGC,SGC2024jvaeio,,2024-05-18T17:06:14+00:00,2.9261,-75.7292,29.0,2.5,MLr_2,"Santa María - Huila, Colombia",manual,0.8,82.0,20.0,SGC,0.3,2.5,2.3,4.0,,,,,,,,,,3.32405,Senel et al.: Mw=0.8095 ML+1.3003 (3.3<=ML<=6.6),,extrapolada,,,principal,,
SGC,SGC2024jvahkk,,2024-05-18T17:09:48+00:00,2.9404,-75.7116,23.0,1.6,MLr_2,"Santa María - Huila, Colombia",manual,0.8,122.0,8.0,SGC,0.3,4.3,4.0,7.0,,,,,,,,,,2.5955000000000004,Senel et al.: Mw=0.8095 ML+1.3003 (3.3<=ML<=6.6),,extrapolada,,,principal,,
SGC,SGC2024jvatkn,,2024-05-18T17:23:45+00:00,2.8811,-75.6838,29.0,2.3,MLr_2,"Santa María - Huila, Colombia",manual,1.0,83.0,20.0,SGC,0.3,3.0,2.4,5.0,,,,,,,,,,3.16215,Senel et al.: Mw=0.8095 ML+1.3003 (3.3<=ML<=6.6),,extrapolada,,,principal,,
SGC,SGC2024jvbeca,,2024-05-18T17:36:08+00:00,2.8811,-75.6966,30.0,2.4,MLr_2,"Santa María - Huila, Colombia",manual,1.0,82.0,24.0,SGC,0.2,3.0,2.3,5.0,,,,,,,,,,3.2431,Senel et al.: Mw=0.8095 ML+1.3003 (3.3<=ML<=6.6),,extrapolada,,,principal,,
SGC,SGC2024jxzxne,,2024-05-20T08:11:43+00:00,2.9319,-75.6967,22.0,1.8,MLr_2,"Santa María - Huila, Colombia",manual,1.2,124.0,12.0,SGC,0.3,3.5,4.4,7.0,,,,,,,,,,2.7574,Senel et al.: Mw=0.8095 ML+1.3003 (3.3<=ML<=6.6),,extrapolada,,,principal,,
SGC,SGC2024kdxtnt,,2024-05-23T13:33:40+00:00,2.682,-75.0271,5.0,1.7,MLr_2,"San Vicente del Caguán - Caquetá, Colombia",manual,0.5,109.0,22.0,SGC,0.1,1.1,1.1,3.0,,,,,,,,,,2.67645,Senel et al.: Mw=0.8095 ML+1.3003 (3.3<=ML<=6.6),,extrapolada,,,principal,,
SGC,SGC2024kfptis,,2024-05-24T11:40:59+00:00,2.6419,-75.1405,33.0,2.2,MLr_2,"San Vicente del Caguán - Caquetá, Colombia",manual,1.1,107.0,17.0,SGC,0.1,3.3,2.6,6.0,,,,,,,,,,3.0812,Senel et al.: Mw=0.8095 ML+1.3003 (3.3<=ML<=6.6),,extrapolada,,,principal,,
SGC,SGC2024kghynn,,2024-05-24T20:50:07+00:00,2.6234,-75.6018,25.0,2.3,MLr_2,"Íquira - Huila, Colombia",manual,0.9,84.0,26.0,SGC,0.2,2.2,2.2,4.0,,,,,,,,,,3.16215,Senel et al.: Mw=0.8095 ML+1.3003 (3.3<=ML<=6.6),,extrapolada,,,principal,,
SGC,SGC2024kigfpb,,2024-05-25T22:06:54+00:00,3.333,-75.1173,35.0,1.3,MLr_2,"Villavieja - Huila, Colombia",manual,0.5,148.0,6.0,SGC,0.2,5.6,5.2,10.0,,,,,,,,,,2.35265,Senel et al.: Mw=0.8095 ML+1.3003 (3.3<=ML<=6.6),,extrapolada,,,principal,,
SGC,SGC2024kkczjm,,2024-05-26T22:38:40+00:00,2.5276,-75.4085,31.0,1.9,MLr_2,"Hobo - Huila, Colombia",manual,0.7,90.0,17.0,SGC,0.2,2.8,2.6,5.0,,,,,,,,,,2.83835,Senel et al.: Mw=0.8095 ML+1.3003 (3.3<=ML<=6.6),,extrapolada,,,principal,,
SGC,SGC2024knaqek,,2024-05-28T12:40:33+00:00,2.8769,-74.8577,38.0,2.1,MLr_2,"San Vicente del Caguán - Caquetá, Colombia",manual,0.9,97.0,15.0,SGC,0.1,3.3,2.6,6.0,,,,,,,,,,3.0002500000000003,Senel et al.: Mw=0.8095 ML+1.3003 (3.3<=ML<=6.6),,extrapolada,,,principal,,
SGC,SGC2024krgrvl,,2024-05-30T20:01:24+00:00,2.6298,-75.588,21.0,1.9,MLr_2,"Yaguará - Huila, Colombia",manual,0.7,83.0,17.0,SGC,0.2,2.0,2.2,5.0,,,,,,,,,,2.83835,Senel et al.: Mw=0.8095 ML+1.3003 (3.3<=ML<=6.6),,extrapolada,,,principal,,
SGC,SGC2024ktiyqu,,2024-05-31T23:18:36+00:00,2.5022,-75.3999,19.0,1.5,MLr_2,"Hobo - Huila, Colombia",manual,0.4,148.0,4.0,SGC,0.2,9.9,4.9,10.0,,,,,,,,,,2.51455,Senel et al.: Mw=0.8095 ML+1.3003 (3.3<=ML<=6.6),,extrapolada,,,principal,,
SGC,SGC2024lejfnx,,2024-06-06T23:15:50+00:00,2.6991,-75.0724,27.0,1.3,MLr_2,"San Vicente del Caguán - Caquetá, Colombia",manual,0.7,105.0,8.0,SGC,0.1,4.8,3.3,10.0,,,,,,,,,,2.35265,Senel et al.: Mw=0.8095 ML+1.3003 (3.3<=ML<=6.6),,extrapolada,,,principal,,
SGC,SGC2024lerkef,,2024-06-07T03:22:34+00:00,2.9785,-74.843,33.0,1.6,MLr_2,"Uribe - Meta, Colombia",manual,1.1,85.0,15.0,SGC,0.2,2.8,3.5,7.0,,,,,,,,,,2.5955000000000004,Senel et al.: Mw=0.8095 ML+1.3003 (3.3<=ML<=6.6),,extrapolada,,,principal,,
SGC,SGC2024lpigaz,,2024-06-12T22:35:28+00:00,2.9435,-74.8567,35.0,1.3,MLr_2,"Uribe - Meta, Colombia",manual,0.9,148.0,7.0,SGC,0.1,5.3,3.5,12.0,,,,,,,,,,2.35265,Senel et al.: Mw=0.8095 ML+1.3003 (3.3<=ML<=6.6),,extrapolada,,,principal,,
SGC,SGC2024ltnnra,,2024-06-15T05:33:06+00:00,2.5234,-75.3403,45.0,1.5,MLr_2,"Algeciras - Huila, Colombia",manual,1.1,139.0,12.0,SGC,0.2,3.2,4.7,5.0,,,,,,,,,,2.51455,Senel et al.: Mw=0.8095 ML+1.3003 (3.3<=ML<=6.6),,extrapolada,,,principal,,
SGC,SGC2024lwycfp,,2024-06-17T02:05:06+00:00,3.2515,-74.9797,46.0,1.7,MLr_2,"Baraya - Huila, Colombia",manual,0.6,76.0,14.0,SGC,0.3,2.8,2.4,5.0,,,,,,,,,,2.67645,Senel et al.: Mw=0.8095 ML+1.3003 (3.3<=ML<=6.6),,extrapolada,,,principal,,
SGC,SGC2024lxmjha,,2024-06-17T09:15:44+00:00,2.9488,-74.9174,37.0,1.5,MLr_2,"Tello - Huila, Colombia",manual,1.2,149.0,16.0,SGC,0.2,3.9,3.3,8.0,,,,,,,,,,2.51455,Senel et al.: Mw=0.8095 ML+1.3003 (3.3<=ML<=6.6),,extrapolada,,,principal,,
SGC,SGC2024mcogso,,2024-06-20T03:35:29+00:00,2.9827,-74.877,34.0,1.3,MLr_2,"Baraya - Huila, Colombia",manual,1.1,140.0,11.0,SGC,0.1,3.9,4.3,9.0,,,,,,,,,,2.35265,Senel et al.: Mw=0.8095 ML+1.3003 (3.3<=ML<=6.6),,extrapolada,,,principal,,
SGC,SGC2024mfxcvu,,2024-06-21T23:15:58+00:00,2.716,-75.0299,33.0,1.9,MLr_2,"San Vicente del Caguán - Caquetá, Colombia",manual,1.0,93.0,24.0,SGC,0.2,2.7,2.6,4.0,,,,,,,,,,2.83835,Senel et al.: Mw=0.8095 ML+1.3003 (3.3<=ML<=6.6),,extrapolada,,,principal,,
SGC,SGC2024mictaz,,2024-06-23T04:14:34+00:00,2.7181,-75.0512,29.0,1.5,MLr_2,"San Vicente del Caguán - Caquetá, Colombia",manual,1.0,92.0,17.0,SGC,0.1,2.6,2.3,6.0,,,,,,,,,,2.51455,Senel et al.: Mw=0.8095 ML+1.3003 (3.3<=ML<=6.6),,extrapolada,,,principal,,
SGC,SGC2024mnqytl,,2024-06-26T04:46:08+00:00,2.9129,-75.6924,27.0,1.4,MLr_2,"Santa María - Huila, Colombia",manual,1.0,64.0,13.0,SGC,0.3,2.9,3.7,6.0,,,,,,,,,,2.4336,Senel et al.: Mw=0.8095 ML+1.3003 (3.3<=ML<=6.6),,extrapolada,,,principal,,
SGC,SGC2024mozrpu,,2024-06-26T22:13:42+00:00,2.6985,-75.046,4.0,1.6,MLr_2,"San Vicente del Caguán - Caquetá, Colombia",manual,1.1,94.0,27.0,SGC,0.1,1.8,1.8,5.0,,,,,,,,,,2.5955000000000004,Senel et al.: Mw=0.8095 ML+1.3003 (3.3<=ML<=6.6),,extrapolada,,,principal,,
SGC,SGC2024mviebw,,2024-06-30T08:56:24+00:00,2.9467,-74.8408,32.0,1.7,MLr_2,"Uribe - Meta, Colombia",manual,0.9,145.0,17.0,SGC,0.2,3.2,2.7,7.0,,,,,,,,,,2.67645,Senel et al.: Mw=0.8095 ML+1.3003 (3.3<=ML<=6.6),,extrapolada,,,principal,,
SGC,SGC2024mvjbcs,,2024-06-30T09:23:09+00:00,2.4978,-75.4156,16.0,1.2,MLr_2,"Hobo - Huila, Colombia",manual,0.2,252.0,8.0,SGC,0.0,1.1,1.1,4.0,,,,,,,,,,2.2717,Senel et al.: Mw=0.8095 ML+1.3003 (3.3<=ML<=6.6),,extrapolada,,,principal,,
SGC,SGC2024mxazyu,,2024-07-01T07:29:29+00:00,2.9107,-74.911,33.0,2.6,MLr_2,"San Vicente del Caguán - Caquetá, Colombia",manual,1.0,83.0,36.0,SGC,0.2,2.4,2.1,4.0,,,,,,,,,,3.405,Senel et al.: Mw=0.8095 ML+1.3003 (3.3<=ML<=6.6),,extrapolada,,,principal,,
SGC,SGC2024myrkfw,,2024-07-02T04:48:54+00:00,2.824,-75.0237,35.0,2.0,MLr_2,"Neiva - Huila, Colombia",manual,1.1,87.0,24.0,SGC,0.1,3.0,2.5,6.0,,,,,,,,,,2.9193,Senel et al.: Mw=0.8095 ML+1.3003 (3.3<=ML<=6.6),,extrapolada,,,principal,,
SGC,SGC2024nafiwt,,2024-07-03T00:53:55+00:00,2.9002,-75.0472,24.0,1.8,MLr_2,"Neiva - Huila, Colombia",manual,1.1,83.0,25.0,SGC,0.2,2.7,2.4,5.0,,,,,,,,,,2.7574,Senel et al.: Mw=0.8095 ML+1.3003 (3.3<=ML<=6.6),,extrapolada,,,principal,,
SGC,SGC2024nebjjh,,2024-07-05T03:11:38+00:00,2.6763,-75.0868,32.0,2.1,MLr_2,"San Vicente del Caguán - Caquetá, Colombia",manual,1.1,94.0,30.0,SGC,0.2,2.6,2.4,4.0,,,,,,,,,,3.0002500000000003,Senel et al.: Mw=0.8095 ML+1.3003 (3.3<=ML<=6.6),,extrapolada,,,principal,,
SGC,SGC2024notzbb,,2024-07-10T23:17:39+00:00,2.553,-75.3872,38.0,1.7,MLr_2,"Hobo - Huila, Colombia",manual,0.7,91.0,14.0,SGC,0.1,3.2,2.8,6.0,,,,,,,,,,2.67645,Senel et al.: Mw=0.8095 ML+1.3003 (3.3<=ML<=6.6),,extrapolada,,,principal,,
SGC,SGC2024nsllsl,,2024-07-12T23:18:43+00:00,2.7515,-75.0347,38.0,2.2,MLr_2,"San Vicente del Caguán - Caquetá, Colombia",manual,1.0,113.0,26.0,SGC,0.2,2.5,2.5,4.0,,,,,,,,,,3.0812,Senel et al.: Mw=0.8095 ML+1.3003 (3.3<=ML<=6.6),,extrapolada,,,principal,,
SGC,SGC2024oaoobr,,2024-07-17T09:27:48+00:00,2.675,-75.0683,5.0,1.7,MLr_2,"San Vicente del Caguán - Caquetá, Colombia",manual,0.9,108.0,30.0,SGC,0.2,1.4,1.4,4.0,,,,,,,,,,2.67645,Senel et al.: Mw=0.8095 ML+1.3003 (3.3<=ML<=6.6),,extrapolada,,,principal,,
SGC,SGC2024oaquwu,,2024-07-17T10:36:02+00:00,2.9044,-74.9727,32.0,1.8,MLr_2,"Tello - Huila, Colombia",manual,0.9,149.0,15.0,SGC,0.2,4.1,2.7,8.0,,,,,,,,,,2.7574,Senel et al.: Mw=0.8095 ML+1.3003 (3.3<=ML<=6.6),,extrapolada,,,principal,,
SGC,SGC2024omsqdg,,2024-07-24T00:24:33+00:00,2.9293,-75.7026,24.0,1.5,MLr_2,"Santa María - Huila, Colombia",manual,0.8,88.0,21.0,SGC,0.3,1.9,2.5,3.0,,,,,,,,,,2.51455,Senel et al.: Mw=0.8095 ML+1.3003 (3.3<=ML<=6.6),,extrapolada,,,principal,,
SGC,SGC2024omuwdv,,2024-07-24T01:31:54+00:00,2.8684,-75.6668,11.0,1.3,MLr_2,"Santa María - Huila, Colombia",manual,0.5,105.0,10.0,SGC,0.5,2.6,3.1,6.0,,,,,,,,,,2.35265,Senel et al.: Mw=0.8095 ML+1.3003 (3.3<=ML<=6.6),,extrapolada,,,principal,,
SGC,SGC2024oourqh,,2024-07-25T03:35:37+00:00,2.9256,-75.7393,27.0,1.3,MLr_2,"Santa María - Huila, Colombia",manual,0.8,83.0,9.0,SGC,0.2,5.5,5.1,7.0,,,,,,,,,,2.35265,Senel et al.: Mw=0.8095 ML+1.3003 (3.3<=ML<=6.6),,extrapolada,,,principal,,
SGC,SGC2024oqkspx,,2024-07-26T00:43:59+00:00,2.9277,-75.7137,29.0,1.5,MLr_2,"Santa María - Huila, Colombia",manual,1.0,74.0,15.0,SGC,0.2,3.2,4.2,4.0,,,,,,,,,,2.51455,Senel et al.: Mw=0.8095 ML+1.3003 (3.3<=ML<=6.6),,extrapolada,,,principal,,
SGC,SGC2024ovhugu,,2024-07-28T16:37:46+00:00,2.7377,-75.0081,35.0,2.7,MLr_2,"San Vicente del Caguán - Caquetá, Colombia",manual,0.9,92.0,44.0,SGC,0.2,2.1,1.9,3.0,,,,,,,,,,3.4859500000000003,Senel et al.: Mw=0.8095 ML+1.3003 (3.3<=ML<=6.6),,extrapolada,,,principal,,
SGC,SGC2024ppgeuf,,2024-08-08T13:22:03+00:00,2.598,-75.4868,36.0,3.1,MLr_2,"Yaguará - Huila, Colombia",manual,1.1,76.0,48.0,SGC,0.2,1.8,1.8,3.0,,,,,,,,,,3.80975,Senel et al.: Mw=0.8095 ML+1.3003 (3.3<=ML<=6.6),,extrapolada,,,principal,,
SGC,SGC2024psozel,,2024-08-10T08:57:34+00:00,2.5615,-75.3447,35.0,1.9,MLr_2,"Campoalegre - Huila, Colombia",manual,0.7,137.0,12.0,SGC,0.2,3.7,3.6,7.0,,,,,,,,,,2.83835,Senel et al.: Mw=0.8095 ML+1.3003 (3.3<=ML<=6.6),,extrapolada,,,principal,,
SGC,SGC2024ptfptf,,2024-08-10T17:19:35+00:00,2.6898,-75.0773,17.0,1.5,MLr_2,"San Vicente del Caguán - Caquetá, Colombia",manual,0.5,94.0,16.0,SGC,0.1,1.6,1.6,4.0,,,,,,,,,,2.51455,Senel et al.: Mw=0.8095 ML+1.3003 (3.3<=ML<=6.6),,extrapolada,,,principal,,
SGC,SGC2024pvixhb,,2024-08-11T21:07:48+00:00,2.6229,-75.4171,26.0,1.5,MLr_2,"Campoalegre - Huila, Colombia",manual,0.7,83.0,13.0,SGC,0.2,1.9,2.7,6.0,,,,,,,,,,2.51455,Senel et al.: Mw=0.8095 ML+1.3003 (3.3<=ML<=6.6),,extrapolada,,,principal,,
SGC,SGC2024pvqpkh,,2024-08-12T01:00:02+00:00,2.7097,-75.1044,30.0,1.7,MLr_2,"San Vicente del Caguán - Caquetá, Colombia",manual,1.1,92.0,20.0,SGC,0.2,3.3,2.4,7.0,,,,,,,,,,2.67645,Senel et al.: Mw=0.8095 ML+1.3003 (3.3<=ML<=6.6),,extrapolada,,,principal,,
SGC,SGC2024qcsumu,,2024-08-15T21:37:35+00:00,2.5197,-75.476,41.0,2.0,MLr_2,"Hobo - Huila, Colombia",manual,0.8,80.0,20.0,SGC,0.3,2.3,2.5,3.0,,,,,,,,,,2.9193,Senel et al.: Mw=0.8095 ML+1.3003 (3.3<=ML<=6.6),,extrapolada,,,principal,,
SGC,SGC2024qdbwqf,,2024-08-16T02:11:38+00:00,2.507,-75.3151,18.0,1.7,MLr_2,"Algeciras - Huila, Colombia",manual,0.4,96.0,23.0,SGC,0.3,1.2,1.2,2.0,,,,,,,,,,2.67645,Senel et al.: Mw=0.8095 ML+1.3003 (3.3<=ML<=6.6),,extrapolada,,,principal,,
SGC,SGC2024qhhvij,,2024-08-18T09:29:02+00:00,2.9361,-74.8684,28.0,1.5,MLr_2,"Uribe - Meta, Colombia",manual,1.0,82.0,13.0,SGC,0.1,2.8,2.8,7.0,,,,,,,,,,2.51455,Senel et al.: Mw=0.8095 ML+1.3003 (3.3<=ML<=6.6),,extrapolada,,,principal,,
SGC,SGC2024qlzuiv,,2024-08-20T22:48:55+00:00,2.6793,-75.1341,5.0,1.3,MLr_2,"San Vicente del Caguán - Caquetá, Colombia",manual,0.3,145.0,12.0,SGC,0.2,0.8,0.8,3.0,,,,,,,,,,2.35265,Senel et al.: Mw=0.8095 ML+1.3003 (3.3<=ML<=6.6),,extrapolada,,,principal,,
SGC,SGC2024rehhbl,,2024-08-30T21:55:25+00:00,2.598,-75.5698,31.0,1.6,MLr_2,"Yaguará - Huila, Colombia",manual,0.7,104.0,16.0,SGC,0.1,1.8,2.8,4.0,,,,,,,,,,2.5955000000000004,Senel et al.: Mw=0.8095 ML+1.3003 (3.3<=ML<=6.6),,extrapolada,,,principal,,
SGC,SGC2024rgoytm,,2024-09-01T03:56:08+00:00,2.7948,-74.9443,0.0,1.3,MLr_2,"San Vicente del Caguán - Caquetá, Colombia",manual,0.6,290.0,9.0,SGC,0.3,5.6,5.6,7.0,,,,,,,,,,2.35265,Senel et al.: Mw=0.8095 ML+1.3003 (3.3<=ML<=6.6),,extrapolada,,,principal,,
SGC,SGC2024rtdifx,,2024-09-08T00:03:14+00:00,2.788,-75.0662,30.0,1.9,MLr_2,"Rivera - Huila, Colombia",manual,0.9,143.0,21.0,SGC,0.2,2.7,2.6,4.0,,,,,,,,,,2.83835,Senel et al.: Mw=0.8095 ML+1.3003 (3.3<=ML<=6.6),,extrapolada,,,principal,,
SGC,SGC2024ruoyjr,,2024-09-08T18:58:21+00:00,2.7103,-75.0705,5.0,1.2,MLr_2,"San Vicente del Caguán - Caquetá, Colombia",manual,0.4,147.0,12.0,SGC,0.1,0.8,0.8,4.0,,,,,,,,,,2.2717,Senel et al.: Mw=0.8095 ML+1.3003 (3.3<=ML<=6.6),,extrapolada,,,principal,,
SGC,SGC2024sainkv,,2024-09-11T22:11:26+00:00,2.5245,-75.3329,22.0,1.3,MLr_2,"Algeciras - Huila, Colombia",manual,0.7,178.0,4.0,SGC,0.3,4.9,10.7,10.0,,,,,,,,,,2.35265,Senel et al.: Mw=0.8095 ML+1.3003 (3.3<=ML<=6.6),,extrapolada,,,principal,,
SGC,SGC2024sfgctj,,2024-09-14T14:21:05+00:00,2.7562,-75.0534,30.0,1.9,MLr_2,"San Vicente del Caguán - Caquetá, Colombia",manual,0.9,145.0,19.0,SGC,0.3,3.2,2.7,6.0,,,,,,,,,,2.83835,Senel et al.: Mw=0.8095 ML+1.3003 (3.3<=ML<=6.6),,extrapolada,,,principal,,
SGC,SGC2024sideaz,,2024-09-16T04:05:29+00:00,2.9118,-75.7105,27.0,1.6,MLr_2,"Santa María - Huila, Colombia",manual,1.1,70.0,19.0,SGC,0.2,2.6,2.5,4.0,,,,,,,,,,2.5955000000000004,Senel et al.: Mw=0.8095 ML+1.3003 (3.3<=ML<=6.6),,extrapolada,,,principal,,
SGC,SGC2024sidmcm,,2024-09-16T04:14:52+00:00,2.9192,-75.7158,27.0,1.5,MLr_2,"Santa María - Huila, Colombia",manual,1.0,87.0,14.0,SGC,0.2,2.5,3.7,5.0,,,,,,,,,,2.51455,Senel et al.: Mw=0.8095 ML+1.3003 (3.3<=ML<=6.6),,extrapolada,,,principal,,
SGC,SGC2024sidnab,,2024-09-16T04:15:55+00:00,2.9116,-75.7345,16.0,0.9,MLr_2,"Santa María - Huila, Colombia",manual,0.0,278.0,6.0,SGC,0.2,1.2,1.2,1.0,,,,,,,,,,2.0288500000000003,Senel et al.: Mw=0.8095 ML+1.3003 (3.3<=ML<=6.6),,extrapolada,,,principal,,
SGC,SGC2024siejgf,,2024-09-16T04:41:42+00:00,2.915,-75.7307,26.0,1.3,MLr_2,"Santa María - Huila, Colombia",manual,0.9,77.0,11.0,SGC,0.2,2.9,3.2,5.0,,,,,,,,,,2.35265,Senel et al.: Mw=0.8095 ML+1.3003 (3.3<=ML<=6.6),,extrapolada,,,principal,,
SGC,SGC2024skiaui,,2024-09-17T08:41:32+00:00,2.8663,-75.1409,34.0,1.7,MLr_2,"Neiva - Huila, Colombia",manual,0.8,83.0,16.0,SGC,0.1,2.6,2.2,7.0,,,,,,,,,,2.67645,Senel et al.: Mw=0.8095 ML+1.3003 (3.3<=ML<=6.6),,extrapolada,,,principal,,
SGC,SGC2024slqmya,,2024-09-18T02:01:30+00:00,2.9129,-75.6988,19.0,1.1,MLr_2,"Santa María - Huila, Colombia",manual,0.5,133.0,6.0,SGC,0.2,4.2,4.7,6.0,,,,,,,,,,2.19075,Senel et al.: Mw=0.8095 ML+1.3003 (3.3<=ML<=6.6),,extrapolada,,,principal,,
SGC,SGC2024srchmv,,2024-09-21T01:19:37+00:00,3.2452,-75.5953,28.0,1.6,MLr_2,"Ataco - Tolima, Colombia",manual,1.0,121.0,15.0,SGC,0.3,2.8,3.7,6.0,,,,,,,,,,2.5955000000000004,Senel et al.: Mw=0.8095 ML+1.3003 (3.3<=ML<=6.6),,extrapolada,,,principal,,
SGC,SGC2024srclbw,,2024-09-21T01:23:47+00:00,2.608,-75.1991,14.0,1.4,MLr_2,"Algeciras - Huila, Colombia",manual,0.8,95.0,16.0,SGC,0.2,2.1,2.1,4.0,,,,,,,,,,2.4336,Senel et al.: Mw=0.8095 ML+1.3003 (3.3<=ML<=6.6),,extrapolada,,,principal,,
SGC,SGC2024syvjoc,,2024-09-25T06:26:37+00:00,2.8896,-74.8769,29.0,1.7,MLr_2,"San Vicente del Caguán - Caquetá, Colombia",manual,0.7,160.0,9.0,SGC,0.1,3.2,3.8,8.0,,,,,,,,,,2.67645,Senel et al.: Mw=0.8095 ML+1.3003 (3.3<=ML<=6.6),,extrapolada,,,principal,,
SGC,SGC2024thbgax,,2024-09-29T17:59:23+00:00,2.691,-74.9946,5.0,1.8,MLr_2,"San Vicente del Caguán - Caquetá, Colombia",manual,0.5,96.0,28.0,SGC,0.2,0.8,0.8,3.0,,,,,,,,,,2.7574,Senel et al.: Mw=0.8095 ML+1.3003 (3.3<=ML<=6.6),,extrapolada,,,principal,,
SGC,SGC2024tjoija,,2024-10-01T02:43:15+00:00,2.7329,-75.0618,31.0,1.6,MLr_2,"San Vicente del Caguán - Caquetá, Colombia",manual,0.9,91.0,14.0,SGC,0.2,3.3,2.7,7.0,,,,,,,,,,2.5955000000000004,Senel et al.: Mw=0.8095 ML+1.3003 (3.3<=ML<=6.6),,extrapolada,,,principal,,
SGC,SGC2024tmfjbt,,2024-10-02T13:25:58+00:00,2.5175,-75.3655,15.0,1.5,MLr_2,"Campoalegre - Huila, Colombia",manual,0.2,237.0,10.0,SGC,0.2,1.5,1.5,2.0,,,,,,,,,,2.51455,Senel et al.: Mw=0.8095 ML+1.3003 (3.3<=ML<=6.6),,extrapolada,,,principal,,
SGC,SGC2024tsjsij,,2024-10-05T22:04:14+00:00,2.5424,-75.3957,25.0,1.3,MLr_2,"Hobo - Huila, Colombia",manual,0.7,144.0,7.0,SGC,0.2,2.8,4.8,7.0,,,,,,,,,,2.35265,Senel et al.: Mw=0.8095 ML+1.3003 (3.3<=ML<=6.6),,extrapolada,,,principal,,
SGC,SGC2024tuxhjz,,2024-10-07T07:02:54+00:00,2.8531,-74.9487,30.0,2.1,MLr_2,"San Vicente del Caguán - Caquetá, Colombia",manual,0.9,86.0,28.0,SGC,0.2,2.2,1.9,4.0,,,,,,,,,,3.0002500000000003,Senel et al.: Mw=0.8095 ML+1.3003 (3.3<=ML<=6.6),,extrapolada,,,principal,,
SGC,SGC2024tyjnpq,,2024-10-09T04:25:35+00:00,2.6864,-75.0873,28.0,1.3,MLr_2,"San Vicente del Caguán - Caquetá, Colombia",manual,0.7,94.0,10.0,SGC,0.2,3.9,2.7,11.0,,,,,,,,,,2.35265,Senel et al.: Mw=0.8095 ML+1.3003 (3.3<=ML<=6.6),,extrapolada,,,principal,,
SGC,SGC2024uarugk,,2024-10-10T10:43:39+00:00,2.6873,-75.0113,5.0,1.4,MLr_2,"San Vicente del Caguán - Caquetá, Colombia",manual,1.1,282.0,10.0,SGC,0.1,6.6,6.6,8.0,,,,,,,,,,2.4336,Senel et al.: Mw=0.8095 ML+1.3003 (3.3<=ML<=6.6),,extrapolada,,,principal,,
SGC,SGC2024ufptmx,,2024-10-13T03:04:49+00:00,3.2917,-75.2312,33.0,1.5,MLr_2,"Villavieja - Huila, Colombia",manual,0.7,94.0,8.0,SGC,0.2,3.1,3.2,9.0,,,,,,,,,,2.51455,Senel et al.: Mw=0.8095 ML+1.3003 (3.3<=ML<=6.6),,extrapolada,,,principal,,
SGC,SGC2024ukqhsx,,2024-10-15T20:43:43+00:00,2.6925,-75.057,10.0,1.3,MLr_2,"San Vicente del Caguán - Caquetá, Colombia",manual,0.6,94.0,17.0,SGC,0.1,1.8,1.8,4.0,,,,,,,,,,2.35265,Senel et al.: Mw=0.8095 ML+1.3003 (3.3<=ML<=6.6),,extrapolada,,,principal,,
SGC,SGC2024updddx,,2024-10-18T07:28:32+00:00,2.7146,-75.046,4.0,1.3,MLr_2,"San Vicente del Caguán - Caquetá, Colombia",manual,0.7,148.0,14.0,SGC,0.2,1.8,1.8,6.0,,,,,,,,,,2.35265,Senel et al.: Mw=0.8095 ML+1.3003 (3.3<=ML<=6.6),,extrapolada,,,principal,,
SGC,SGC2024urnmrg,,2024-10-19T14:50:15+00:00,2.8552,-74.9359,29.0,3.1,MLr_2,"San Vicente del Caguán - Caquetá, Colombia",manual,1.3,86.0,56.0,SGC,0.1,2.2,2.0,4.0,,,,,,,,,,3.80975,Senel et al.: Mw=0.8095 ML+1.3003 (3.3<=ML<=6.6),,extrapolada,,,principal,,
SGC,SGC2024uruqrs,,2024-10-19T18:26:06+00:00,2.6461,-75.3283,2.0,1.2,MLr_2,"Campoalegre - Huila, Colombia",manual,0.4,139.0,12.0,SGC,0.1,1.1,1.1,3.0,,,,,,,,,,2.2717,Senel et al.: Mw=0.8095 ML+1.3003 (3.3<=ML<=6.6),,extrapolada,,,principal,,
SGC,SGC2024uwrknp,,2024-10-22T10:10:48+00:00,3.1161,-75.0902,24.0,2.2,MLr_2,"Baraya - Huila, Colombia",manual,1.0,72.0,31.0,SGC,0.2,2.3,1.9,6.0,,,,,,,,,,3.0812,Senel et al.: Mw=0.8095 ML+1.3003 (3.3<=ML<=6.6),,extrapolada,,,principal,,
SGC,SGC2024uxpizm,,2024-10-22T22:13:10+00:00,2.7261,-75.0879,27.0,3.0,MLr_2,"San Vicente del Caguán - Caquetá, Colombia",manual,1.1,91.0,59.0,SGC,0.2,2.0,1.9,3.0,,,,,,,,,,3.7288,Senel et al.: Mw=0.8095 ML+1.3003 (3.3<=ML<=6.6),,extrapolada,,,principal,,
SGC,SGC2024uxwcby,,2024-10-23T01:36:22+00:00,2.4821,-75.3328,29.0,1.7,MLr_2,"Algeciras - Huila, Colombia",manual,0.9,97.0,18.0,SGC,0.1,2.6,2.4,6.0,,,,,,,,,,2.67645,Senel et al.: Mw=0.8095 ML+1.3003 (3.3<=ML<=6.6),,extrapolada,,,principal,,
SGC,SGC2024vfozlf,,2024-10-27T06:37:53+00:00,2.7605,-75.0619,34.0,1.7,MLr_2,"Rivera - Huila, Colombia",manual,1.0,144.0,12.0,SGC,0.1,3.4,3.2,8.0,,,,,,,,,,2.67645,Senel et al.: Mw=0.8095 ML+1.3003 (3.3<=ML<=6.6),,extrapolada,,,principal,,
SGC,SGC2024vgkeho,,2024-10-27T17:17:09+00:00,2.508,-75.3834,33.0,1.8,MLr_2,"Hobo - Huila, Colombia",manual,0.9,93.0,21.0,SGC,0.1,1.9,2.4,3.0,,,,,,,,,,2.7574,Senel et al.: Mw=0.8095 ML+1.3003 (3.3<=ML<=6.6),,extrapolada,,,principal,,
SGC,SGC2024vgkgsx,,2024-10-27T17:19:57+00:00,2.534,-75.3872,26.0,1.3,MLr_2,"Hobo - Huila, Colombia",manual,0.5,173.0,7.0,SGC,0.1,2.3,3.7,8.0,,,,,,,,,,2.35265,Senel et al.: Mw=0.8095 ML+1.3003 (3.3<=ML<=6.6),,extrapolada,,,principal,,
SGC,SGC2024vhqrep,,2024-10-28T09:37:35+00:00,2.5107,-75.4084,35.0,1.4,MLr_2,"Hobo - Huila, Colombia",manual,0.7,135.0,7.0,SGC,0.2,2.4,4.6,5.0,,,,,,,,,,2.4336,Senel et al.: Mw=0.8095 ML+1.3003 (3.3<=ML<=6.6),,extrapolada,,,principal,,
SGC,SGC2024vibudx,,2024-10-28T15:12:57+00:00,2.7663,-75.4365,76.0,1.6,MLr_2,"Yaguará - Huila, Colombia",manual,1.0,117.0,15.0,SGC,0.2,4.5,4.5,9.0,,,,,,,,,,2.5955000000000004,Senel et al.: Mw=0.8095 ML+1.3003 (3.3<=ML<=6.6),,extrapolada,,,principal,,
SGC,SGC2024vxqcvl,,2024-11-06T02:32:33+00:00,2.6652,-75.1128,31.0,1.4,MLr_2,"San Vicente del Caguán - Caquetá, Colombia",manual,0.8,94.0,16.0,SGC,0.1,2.7,2.2,7.0,,,,,,,,,,2.4336,Senel et al.: Mw=0.8095 ML+1.3003 (3.3<=ML<=6.6),,extrapolada,,,principal,,
SGC,SGC2024vzdzxj,,2024-11-06T22:36:03+00:00,2.7864,-75.0539,28.0,2.0,MLr_2,"Neiva - Huila, Colombia",manual,0.9,143.0,31.0,SGC,0.3,2.3,2.0,4.0,,,,,,,,,,2.9193,Senel et al.: Mw=0.8095 ML+1.3003 (3.3<=ML<=6.6),,extrapolada,,,principal,,
SGC,SGC2024wamvna,,2024-11-07T16:06:59+00:00,2.6505,-75.0761,6.0,1.4,MLr_2,"San Vicente del Caguán - Caquetá, Colombia",manual,0.1,193.0,10.0,SGC,0.0,0.6,0.6,1.0,,,,,,,,,,2.4336,Senel et al.: Mw=0.8095 ML+1.3003 (3.3<=ML<=6.6),,extrapolada,,,principal,,
SGC,SGC2024wfxwqi,,2024-11-10T15:02:30+00:00,2.7912,-75.0353,30.0,2.0,MLr_2,"Neiva - Huila, Colombia",manual,0.9,144.0,24.0,SGC,0.2,3.2,2.2,5.0,,,,,,,,,,2.9193,Senel et al.: Mw=0.8095 ML+1.3003 (3.3<=ML<=6.6),,extrapolada,,,principal,,
SGC,SGC2024wgrujj,,2024-11-11T01:03:21+00:00,2.7478,-75.0534,34.0,1.7,MLr_2,"San Vicente del Caguán - Caquetá, Colombia",manual,0.8,146.0,21.0,SGC,0.2,2.8,2.3,4.0,,,,,,,,,,2.67645,Senel et al.: Mw=0.8095 ML+1.3003 (3.3<=ML<=6.6),,extrapolada,,,principal,,
SGC,SGC2024wgvddu,,2024-11-11T02:44:05+00:00,2.5168,-75.2545,5.0,1.4,MLr_2,"Algeciras - Huila, Colombia",manual,0.7,145.0,15.0,SGC,0.2,1.9,1.9,5.0,,,,,,,,,,2.4336,Senel et al.: Mw=0.8095 ML+1.3003 (3.3<=ML<=6.6),,extrapolada,,,principal,,
SGC,SGC2024wlqegu,,2024-11-13T17:36:52+00:00,2.9562,-74.8738,36.0,1.6,MLr_2,"Uribe - Meta, Colombia",manual,1.0,143.0,16.0,SGC,0.2,3.2,2.9,7.0,,,,,,,,,,2.5955000000000004,Senel et al.: Mw=0.8095 ML+1.3003 (3.3<=ML<=6.6),,extrapolada,,,principal,,
SGC,SGC2024wrzeta,,2024-11-17T04:35:50+00:00,2.4916,-75.19,15.0,1.2,MLr_2,"Puerto Rico - Caquetá, Colombia",manual,0.5,193.0,10.0,SGC,0.1,5.0,5.0,6.0,,,,,,,,,,2.2717,Senel et al.: Mw=0.8095 ML+1.3003 (3.3<=ML<=6.6),,extrapolada,,,principal,,
SGC,SGC2024wvrmqr,,2024-11-19T05:01:31+00:00,2.915,-74.8982,33.0,1.3,MLr_2,"San Vicente del Caguán - Caquetá, Colombia",manual,0.9,154.0,7.0,SGC,0.2,4.1,4.6,8.0,,,,,,,,,,2.35265,Senel et al.: Mw=0.8095 ML+1.3003 (3.3<=ML<=6.6),,extrapolada,,,principal,,
SGC,SGC2024wykvjb,,2024-11-20T16:53:51+00:00,2.8674,-74.8736,34.0,1.3,MLr_2,"San Vicente del Caguán - Caquetá, Colombia",manual,0.9,160.0,8.0,SGC,0.1,6.2,4.6,10.0,,,,,,,,,,2.35265,Senel et al.: Mw=0.8095 ML+1.3003 (3.3<=ML<=6.6),,extrapolada,,,principal,,
SGC,SGC2024wzjvge,,2024-11-21T05:28:01+00:00,2.9044,-74.9025,35.0,1.3,MLr_2,"San Vicente del Caguán - Caquetá, Colombia",manual,0.8,145.0,14.0,SGC,0.1,2.9,2.8,6.0,,,,,,,,,,2.35265,Senel et al.: Mw=0.8095 ML+1.3003 (3.3<=ML<=6.6),,extrapolada,,,principal,,
SGC,SGC2024xeatpu,,2024-11-23T18:16:56+00:00,2.7721,-75.0672,20.0,1.3,MLr_2,"Rivera - Huila, Colombia",manual,0.9,143.0,5.0,SGC,0.1,6.2,6.8,,,,,,,,,,,2.35265,Senel et al.: Mw=0.8095 ML+1.3003 (3.3<=ML<=6.6),,extrapolada,,,principal,,
SGC,SGC2024xfvbas,,2024-11-24T17:33:22+00:00,2.5054,-75.4031,29.0,1.4,MLr_2,"Hobo - Huila, Colombia",manual,0.8,135.0,8.0,SGC,0.2,2.7,5.3,6.0,,,,,,,,,,2.4336,Senel et al.: Mw=0.8095 ML+1.3003 (3.3<=ML<=6.6),,extrapolada,,,principal,,
SGC,SGC2024xgekzd,,2024-11-24T22:16:34+00:00,2.644,-75.6386,29.0,1.5,MLr_2,"Íquira - Huila, Colombia",manual,0.8,57.0,15.0,SGC,0.1,2.0,2.7,5.0,,,,,,,,,,2.51455,Senel et al.: Mw=0.8095 ML+1.3003 (3.3<=ML<=6.6),,extrapolada,,,principal,,
SGC,SGC2024xkenyk,,2024-11-27T02:37:54+00:00,2.8726,-74.8726,42.0,1.4,MLr_2,"San Vicente del Caguán - Caquetá, Colombia",manual,1.0,148.0,11.0,SGC,0.2,3.5,4.5,7.0,,,,,,,,,,2.4336,Senel et al.: Mw=0.8095 ML+1.3003 (3.3<=ML<=6.6),,extrapolada,,,principal,,
SGC,SGC2024xqzjtg,,2024-11-30T19:33:32+00:00,3.1696,-75.1378,13.0,1.1,MLr_2,"Baraya - Huila, Colombia",manual,0.1,314.0,8.0,SGC,0.2,0.6,0.6,1.0,,,,,,,,,,2.19075,Senel et al.: Mw=0.8095 ML+1.3003 (3.3<=ML<=6.6),,extrapolada,,,principal,,
SGC,SGC2024xweuge,,2024-12-03T15:38:58+00:00,2.7575,-75.0715,1.0,1.2,MLr_2,"Rivera - Huila, Colombia",manual,0.4,237.0,10.0,SGC,0.2,2.8,2.8,3.0,,,,,,,,,,2.2717,Senel et al.: Mw=0.8095 ML+1.3003 (3.3<=ML<=6.6),,extrapolada,,,principal,,
SGC,SGC2024xwmkiz,,2024-12-03T19:28:51+00:00,3.3131,-75.2108,23.0,1.2,MLr_2,"Villavieja - Huila, Colombia",manual,0.3,143.0,10.0,SGC,0.2,1.0,1.0,2.0,,,,,,,,,,2.2717,Senel et al.: Mw=0.8095 ML+1.3003 (3.3<=ML<=6.6),,extrapolada,,,principal,,
SGC,SGC2024ydnqqb,,2024-12-07T15:37:38+00:00,2.6933,-75.0281,6.0,1.4,MLr_2,"San Vicente del Caguán - Caquetá, Colombia",manual,0.4,201.0,14.0,SGC,0.1,1.6,1.6,3.0,,,,,,,,,,2.4336,Senel et al.: Mw=0.8095 ML+1.3003 (3.3<=ML<=6.6),,extrapolada,,,principal,,
SGC,SGC2024yfbmed,,2024-12-08T11:39:21+00:00,2.752,-75.064,27.0,1.5,MLr_2,"Rivera - Huila, Colombia",manual,0.8,163.0,10.0,SGC,0.1,3.7,2.9,9.0,,,,,,,,,,2.51455,Senel et al.: Mw=0.8095 ML+1.3003 (3.3<=ML<=6.6),,extrapolada,,,principal,,
SGC,SGC2024yhigyh,,2024-12-09T17:13:23+00:00,2.6081,-75.6002,28.0,1.6,MLr_2,"Íquira - Huila, Colombia",manual,0.7,103.0,12.0,SGC,0.1,2.4,2.7,5.0,,,,,,,,,,2.5955000000000004,Senel et al.: Mw=0.8095 ML+1.3003 (3.3<=ML<=6.6),,extrapolada,,,principal,,
SGC,SGC2024yipsdi,,2024-12-10T10:02:06+00:00,2.8998,-74.842,20.0,1.3,MLr_2,"San Vicente del Caguán - Caquetá, Colombia",manual,0.4,225.0,10.0,SGC,0.1,1.3,1.3,1.0,,,,,,,,,,2.35265,Senel et al.: Mw=0.8095 ML+1.3003 (3.3<=ML<=6.6),,extrapolada,,,principal,,
SGC,SGC2024ymyiaq,,2024-12-12T18:39:49+00:00,2.7573,-75.0736,29.0,1.6,MLr_2,"Rivera - Huila, Colombia",manual,0.7,162.0,11.0,SGC,0.1,3.7,3.0,8.0,,,,,,,,,,2.5955000000000004,Senel et al.: Mw=0.8095 ML+1.3003 (3.3<=ML<=6.6),,extrapolada,,,principal,,
SGC,SGC2024ynbgjl,,2024-12-12T20:08:24+00:00,2.97,-74.8642,32.0,1.3,MLr_2,"Uribe - Meta, Colombia",manual,0.9,184.0,9.0,SGC,0.1,4.9,4.0,10.0,,,,,,,,,,2.35265,Senel et al.: Mw=0.8095 ML+1.3003 (3.3<=ML<=6.6),,extrapolada,,,principal,,
SGC,SGC2024ysyxpi,,2024-12-16T01:24:43+00:00,2.5382,-75.3404,30.0,1.3,MLr_2,"Algeciras - Huila, Colombia",manual,0.9,150.0,11.0,SGC,0.1,4.3,3.6,8.0,,,,,,,,,,2.35265,Senel et al.: Mw=0.8095 ML+1.3003 (3.3<=ML<=6.6),,extrapolada,,,principal,,
SGC,SGC2024ytpidh,,2024-12-16T09:39:44+00:00,2.7255,-75.1025,4.0,1.4,MLr_2,"San Vicente del Caguán - Caquetá, Colombia",manual,0.4,223.0,12.0,SGC,0.1,1.5,1.5,2.0,,,,,,,,,,2.4336,Senel et al.: Mw=0.8095 ML+1.3003 (3.3<=ML<=6.6),,extrapolada,,,principal,,
SGC,SGC2024yttzgk,,2024-12-16T12:00:17+00:00,2.7351,-75.081,31.0,1.9,MLr_2,"San Vicente del Caguán - Caquetá, Colombia",manual,0.8,163.0,15.0,SGC,0.2,3.9,3.0,7.0,,,,,,,,,,2.83835,Senel et al.: Mw=0.8095 ML+1.3003 (3.3<=ML<=6.6),,extrapolada,,,principal,,
SGC,SGC2024yvausc,,2024-12-17T04:30:42+00:00,2.7139,-75.0959,28.0,1.9,MLr_2,"San Vicente del Caguán - Caquetá, Colombia",manual,0.9,164.0,23.0,SGC,0.2,2.9,2.7,5.0,,,,,,,,,,2.83835,Senel et al.: Mw=0.8095 ML+1.3003 (3.3<=ML<=6.6),,extrapolada,,,principal,,
SGC,SGC2024yxamgv,,2024-12-18T06:29:50+00:00,2.9531,-74.8621,31.0,1.9,MLr_2,"Uribe - Meta, Colombia",manual,0.8,161.0,13.0,SGC,0.1,3.8,3.4,8.0,,,,,,,,,,2.83835,Senel et al.: Mw=0.8095 ML+1.3003 (3.3<=ML<=6.6),,extrapolada,,,principal,,
SGC,SGC2024yxeusa,,2024-12-18T08:40:19+00:00,2.7499,-75.0235,32.0,2.1,MLr_2,"San Vicente del Caguán - Caquetá, Colombia",manual,0.8,167.0,16.0,SGC,0.2,3.8,3.2,7.0,,,,,,,,,,3.0002500000000003,Senel et al.: Mw=0.8095 ML+1.3003 (3.3<=ML<=6.6),,extrapolada,,,principal,,
SGC,SGC2024yxktyo,,2024-12-18T11:40:28+00:00,2.6081,-75.349,29.0,1.5,MLr_2,"Campoalegre - Huila, Colombia",manual,0.8,142.0,9.0,SGC,0.1,5.2,4.3,9.0,,,,,,,,,,2.51455,Senel et al.: Mw=0.8095 ML+1.3003 (3.3<=ML<=6.6),,extrapolada,,,principal,,
SGC,SGC2024zbkfrs,,2024-12-20T15:41:50+00:00,2.5932,-75.4788,27.0,1.6,MLr_2,"Hobo - Huila, Colombia",manual,0.7,123.0,11.0,SGC,0.2,3.7,3.1,7.0,,,,,,,,,,2.5955000000000004,Senel et al.: Mw=0.8095 ML+1.3003 (3.3<=ML<=6.6),,extrapolada,,,principal,,
SGC,SGC2024zjeeyp,,2024-12-24T21:15:46+00:00,2.797,-75.1115,27.0,3.5,MLr_2,"Neiva - Huila, Colombia",manual,1.1,116.0,68.0,SGC,0.2,1.9,1.6,3.0,,,,,,,,,,4.13355,Senel et al.: Mw=0.8095 ML+1.3003 (3.3<=ML<=6.6),,dentro_de_rango,,,principal,,
SGC,SGC2024znbogj,,2024-12-27T00:13:56+00:00,2.7638,-74.902,10.0,1.1,MLr_2,"San Vicente del Caguán - Caquetá, Colombia",manual,0.3,302.0,8.0,SGC,0.3,2.1,2.1,3.0,,,,,,,,,,2.19075,Senel et al.: Mw=0.8095 ML+1.3003 (3.3<=ML<=6.6),,extrapolada,,,principal,,
SGC,SGC2024zospix,,2024-12-27T21:52:36+00:00,2.9213,-74.8535,37.0,1.3,MLr_2,"Uribe - Meta, Colombia",manual,1.2,156.0,8.0,SGC,0.2,5.0,4.2,10.0,,,,,,,,,,2.35265,Senel et al.: Mw=0.8095 ML+1.3003 (3.3<=ML<=6.6),,extrapolada,,,principal,,
SGC,SGC2025afumvv,,2025-01-03T22:40:43+00:00,2.6863,-75.0605,5.0,1.3,MLr_2,"San Vicente del Caguán - Caquetá, Colombia",manual,1.2,191.0,12.0,SGC,0.1,5.9,5.9,9.0,,,,,,,,,,2.35265,Senel et al.: Mw=0.8095 ML+1.3003 (3.3<=ML<=6.6),,extrapolada,,,principal,,
SGC,SGC2025apaqvj,,2025-01-08T23:26:39+00:00,2.5728,-75.3611,17.0,1.4,MLr_2,"Campoalegre - Huila, Colombia",manual,0.5,138.0,12.0,SGC,0.2,2.1,2.1,4.0,,,,,,,,,,2.4336,Senel et al.: Mw=0.8095 ML+1.3003 (3.3<=ML<=6.6),,extrapolada,,,principal,,
SGC,SGC2025arnifs,,2025-01-10T07:57:53+00:00,2.9491,-74.8605,5.0,2.4,MLr_2,"Uribe - Meta, Colombia",manual,0.9,153.0,43.0,SGC,0.2,1.6,1.6,3.0,,,,,,,,,,3.2431,Senel et al.: Mw=0.8095 ML+1.3003 (3.3<=ML<=6.6),,extrapolada,,,principal,,
SGC,SGC2025aubkps,,2025-01-11T17:11:59+00:00,2.6518,-75.0476,4.0,1.3,MLr_2,"San Vicente del Caguán - Caquetá, Colombia",manual,0.3,166.0,12.0,SGC,0.1,1.1,1.1,2.0,,,,,,,,,,2.35265,Senel et al.: Mw=0.8095 ML+1.3003 (3.3<=ML<=6.6),,extrapolada,,,principal,,
SGC,SGC2025bmuzih,,2025-01-21T22:22:53+00:00,2.7753,-75.0423,4.0,2.0,MLr_2,"San Vicente del Caguán - Caquetá, Colombia",manual,1.0,156.0,42.0,SGC,0.2,1.5,1.5,3.0,,,,,,,,,,2.9193,Senel et al.: Mw=0.8095 ML+1.3003 (3.3<=ML<=6.6),,extrapolada,,,principal,,
SGC,SGC2025buhrng,,2025-01-26T00:17:22+00:00,2.5324,-75.4931,29.0,2.1,MLr_2,"Hobo - Huila, Colombia",manual,0.9,118.0,21.0,SGC,0.1,2.1,2.1,4.0,,,,,,,,,,3.0002500000000003,Senel et al.: Mw=0.8095 ML+1.3003 (3.3<=ML<=6.6),,extrapolada,,,principal,,
SGC,SGC2025cafvsa,,2025-01-29T05:48:45+00:00,2.831,-74.9063,2.0,1.2,MLr_2,"San Vicente del Caguán - Caquetá, Colombia",manual,0.4,209.0,8.0,SGC,0.1,8.9,8.9,5.0,,,,,,,,,,2.2717,Senel et al.: Mw=0.8095 ML+1.3003 (3.3<=ML<=6.6),,extrapolada,,,principal,,
SGC,SGC2025ccnvok,,2025-01-30T11:58:55+00:00,3.3658,-75.2178,13.0,1.4,MLr_2,"Aipe - Huila, Colombia",manual,0.4,146.0,16.0,SGC,0.2,1.0,1.0,3.0,,,,,,,,,,2.4336,Senel et al.: Mw=0.8095 ML+1.3003 (3.3<=ML<=6.6),,extrapolada,,,principal,,
SGC,SGC2025cjjrtf,,2025-02-03T05:25:07+00:00,2.5784,-75.3596,22.0,1.6,MLr_2,"Campoalegre - Huila, Colombia",manual,0.5,137.0,9.0,SGC,0.2,3.5,2.6,9.0,,,,,,,,,,2.5955000000000004,Senel et al.: Mw=0.8095 ML+1.3003 (3.3<=ML<=6.6),,extrapolada,,,principal,,
SGC,SGC2025cmtasi,,2025-02-05T01:20:31+00:00,2.7591,-75.025,10.0,1.2,MLr_2,"San Vicente del Caguán - Caquetá, Colombia",manual,0.5,307.0,8.0,SGC,0.2,2.2,2.2,4.0,,,,,,,,,,2.2717,Senel et al.: Mw=0.8095 ML+1.3003 (3.3<=ML<=6.6),,extrapolada,,,principal,,
SGC,SGC2025cqbwla,,2025-02-06T21:00:31+00:00,2.5486,-75.3755,4.0,1.4,MLr_2,"Campoalegre - Huila, Colombia",manual,0.2,137.0,10.0,SGC,0.3,0.6,0.6,3.0,,,,,,,,,,2.4336,Senel et al.: Mw=0.8095 ML+1.3003 (3.3<=ML<=6.6),,extrapolada,,,principal,,
SGC,SGC2025cvwdcs,,2025-02-10T00:34:04+00:00,2.7456,-75.047,30.0,1.5,MLr_2,"San Vicente del Caguán - Caquetá, Colombia",manual,1.0,102.0,14.0,SGC,0.1,3.5,3.7,9.0,,,,,,,,,,2.51455,Senel et al.: Mw=0.8095 ML+1.3003 (3.3<=ML<=6.6),,extrapolada,,,principal,,
SGC,SGC2025czkzay,,2025-02-11T23:15:23+00:00,2.7091,-74.9878,34.0,2.0,MLr_2,"San Vicente del Caguán - Caquetá, Colombia",manual,0.8,104.0,28.0,SGC,0.2,2.3,2.1,4.0,,,,,,,,,,2.9193,Senel et al.: Mw=0.8095 ML+1.3003 (3.3<=ML<=6.6),,extrapolada,,,principal,,
SGC,SGC2025daqmqa,,2025-02-12T15:06:27+00:00,2.7023,-75.0437,19.0,1.4,MLr_2,"San Vicente del Caguán - Caquetá, Colombia",manual,0.8,162.0,6.0,SGC,0.2,6.7,4.3,11.0,,,,,,,,,,2.4336,Senel et al.: Mw=0.8095 ML+1.3003 (3.3<=ML<=6.6),,extrapolada,,,principal,,
SGC,SGC2025dcvdii,,2025-02-13T19:35:30+00:00,3.2409,-75.165,35.0,2.1,MLr_2,"Villavieja - Huila, Colombia",manual,1.0,96.0,18.0,SGC,0.2,2.5,2.3,6.0,,,,,,,,,,3.0002500000000003,Senel et al.: Mw=0.8095 ML+1.3003 (3.3<=ML<=6.6),,extrapolada,,,principal,,
SGC,SGC2025ddmwii,,2025-02-14T04:30:27+00:00,2.7065,-75.0437,19.0,1.4,MLr_2,"San Vicente del Caguán - Caquetá, Colombia",manual,0.9,135.0,9.0,SGC,0.1,5.3,4.8,11.0,,,,,,,,,,2.4336,Senel et al.: Mw=0.8095 ML+1.3003 (3.3<=ML<=6.6),,extrapolada,,,principal,,
SGC,SGC2025djguqz,,2025-02-17T07:54:21+00:00,2.6193,-75.0055,10.0,1.4,MLr_2,"San Vicente del Caguán - Caquetá, Colombia",manual,0.5,311.0,8.0,SGC,0.2,3.3,3.3,5.0,,,,,,,,,,2.4336,Senel et al.: Mw=0.8095 ML+1.3003 (3.3<=ML<=6.6),,extrapolada,,,principal,,
SGC,SGC2025dlepyz,,2025-02-18T08:57:31+00:00,2.7917,-75.0678,23.0,3.2,MLr_2,"Rivera - Huila, Colombia",manual,1.3,97.0,66.0,SGC,0.2,2.3,1.9,3.0,,,,,,,,,,3.8907,Senel et al.: Mw=0.8095 ML+1.3003 (3.3<=ML<=6.6),,extrapolada,,,principal,,
SGC,SGC2025dwcawa,,2025-02-24T07:28:52+00:00,2.7774,-75.0087,33.0,1.8,MLr_2,"San Vicente del Caguán - Caquetá, Colombia",manual,0.9,101.0,14.0,SGC,0.1,3.7,3.0,8.0,,,,,,,,,,2.7574,Senel et al.: Mw=0.8095 ML+1.3003 (3.3<=ML<=6.6),,extrapolada,,,principal,,
SGC,SGC2025eoguih,,2025-03-06T05:12:42+00:00,2.7595,-75.0911,0.0,1.5,MLr_2,"Rivera - Huila, Colombia",manual,0.4,213.0,10.0,SGC,0.2,2.9,2.9,3.0,,,,,,,,,,2.51455,Senel et al.: Mw=0.8095 ML+1.3003 (3.3<=ML<=6.6),,extrapolada,,,principal,,
SGC,SGC2025epzhvw,,2025-03-07T03:35:57+00:00,2.9023,-74.8854,38.0,2.1,MLr_2,"San Vicente del Caguán - Caquetá, Colombia",manual,0.8,169.0,19.0,SGC,0.2,3.5,2.4,4.0,,,,,,,,,,3.0002500000000003,Senel et al.: Mw=0.8095 ML+1.3003 (3.3<=ML<=6.6),,extrapolada,,,principal,,
SGC,SGC2025etrltq,,2025-03-09T03:57:02+00:00,2.5657,-75.3936,39.0,1.8,MLr_2,"Campoalegre - Huila, Colombia",manual,0.7,90.0,14.0,SGC,0.2,2.6,2.7,4.0,,,,,,,,,,2.7574,Senel et al.: Mw=0.8095 ML+1.3003 (3.3<=ML<=6.6),,extrapolada,,,principal,,
SGC,SGC2025etwqlg,,2025-03-09T06:33:20+00:00,2.6415,-75.3825,3.0,1.5,MLr_2,"Campoalegre - Huila, Colombia",manual,0.5,130.0,18.0,SGC,0.1,1.1,1.1,2.0,,,,,,,,,,2.51455,Senel et al.: Mw=0.8095 ML+1.3003 (3.3<=ML<=6.6),,extrapolada,,,principal,,
SGC,SGC2025eunjfb,,2025-03-09T14:57:50+00:00,2.4853,-75.3318,25.0,1.5,MLr_2,"Algeciras - Huila, Colombia",manual,0.8,157.0,8.0,SGC,0.2,5.5,3.5,9.0,,,,,,,,,,2.51455,Senel et al.: Mw=0.8095 ML+1.3003 (3.3<=ML<=6.6),,extrapolada,,,principal,,
SGC,SGC2025ewujzs,,2025-03-10T20:38:56+00:00,3.2365,-75.1793,18.0,1.2,MLr_2,"Villavieja - Huila, Colombia",manual,0.5,211.0,12.0,SGC,0.2,3.2,3.2,4.0,,,,,,,,,,2.2717,Senel et al.: Mw=0.8095 ML+1.3003 (3.3<=ML<=6.6),,extrapolada,,,principal,,
SGC,SGC2025ffkhls,,2025-03-15T13:14:32+00:00,2.7478,-75.081,25.0,1.6,MLr_2,"Rivera - Huila, Colombia",manual,0.8,154.0,12.0,SGC,0.2,3.7,2.9,7.0,,,,,,,,,,2.5955000000000004,Senel et al.: Mw=0.8095 ML+1.3003 (3.3<=ML<=6.6),,extrapolada,,,principal,,
SGC,SGC2025ffrofy,,2025-03-15T16:53:36+00:00,2.5149,-75.3999,19.0,1.4,MLr_2,"Hobo - Huila, Colombia",manual,0.7,142.0,7.0,SGC,0.3,3.5,3.4,8.0,,,,,,,,,,2.4336,Senel et al.: Mw=0.8095 ML+1.3003 (3.3<=ML<=6.6),,extrapolada,,,principal,,
SGC,SGC2025fmngvk,,2025-03-19T10:15:40+00:00,2.663,-75.0128,3.0,1.4,MLr_2,"San Vicente del Caguán - Caquetá, Colombia",manual,0.6,238.0,8.0,SGC,0.2,8.6,8.6,9.0,,,,,,,,,,2.4336,Senel et al.: Mw=0.8095 ML+1.3003 (3.3<=ML<=6.6),,extrapolada,,,principal,,
SGC,SGC2025fnluue,,2025-03-19T22:35:58+00:00,2.5207,-75.3632,23.0,2.4,MLr_2,"Campoalegre - Huila, Colombia",manual,1.1,142.0,40.0,SGC,0.2,2.1,2.3,3.0,,,,,,,,,,3.2431,Senel et al.: Mw=0.8095 ML+1.3003 (3.3<=ML<=6.6),,extrapolada,,,principal,,
SGC,SGC2025fsjgox,,2025-03-22T14:41:20+00:00,2.6685,-75.0736,4.0,1.5,MLr_2,"San Vicente del Caguán - Caquetá, Colombia",manual,0.6,231.0,12.0,SGC,0.2,4.1,4.1,5.0,,,,,,,,,,2.51455,Senel et al.: Mw=0.8095 ML+1.3003 (3.3<=ML<=6.6),,extrapolada,,,principal,,
SGC,SGC2025fvrlhb,,2025-03-24T10:01:47+00:00,2.8726,-74.9407,29.0,2.0,MLr_2,"San Vicente del Caguán - Caquetá, Colombia",manual,1.0,154.0,20.0,SGC,0.1,3.5,2.4,5.0,,,,,,,,,,2.9193,Senel et al.: Mw=0.8095 ML+1.3003 (3.3<=ML<=6.6),,extrapolada,,,principal,,
SGC,SGC2025fzbgex,,2025-03-26T06:11:03+00:00,3.0102,-75.0474,17.0,1.3,MLr_2,"Tello - Huila, Colombia",manual,1.1,180.0,8.0,SGC,0.1,8.4,3.2,11.0,,,,,,,,,,2.35265,Senel et al.: Mw=0.8095 ML+1.3003 (3.3<=ML<=6.6),,extrapolada,,,principal,,
SGC,SGC2025fzmqrd,,2025-03-26T11:55:05+00:00,2.8253,-74.9173,7.0,1.5,MLr_2,"San Vicente del Caguán - Caquetá, Colombia",manual,0.7,209.0,12.0,SGC,0.1,7.9,7.9,11.0,,,,,,,,,,2.51455,Senel et al.: Mw=0.8095 ML+1.3003 (3.3<=ML<=6.6),,extrapolada,,,principal,,
SGC,SGC2025gblxxt,,2025-03-27T13:42:58+00:00,2.8282,-75.0939,27.0,2.1,MLr_2,"Neiva - Huila, Colombia",manual,0.8,108.0,19.0,SGC,0.2,3.8,2.5,6.0,,,,,,,,,,3.0002500000000003,Senel et al.: Mw=0.8095 ML+1.3003 (3.3<=ML<=6.6),,extrapolada,,,principal,,
SGC,SGC2025gcrehu,,2025-03-28T05:25:02+00:00,2.9063,-74.867,5.0,1.4,MLr_2,"San Vicente del Caguán - Caquetá, Colombia",manual,0.4,214.0,13.0,SGC,0.1,3.7,3.7,5.0,,,,,,,,,,2.4336,Senel et al.: Mw=0.8095 ML+1.3003 (3.3<=ML<=6.6),,extrapolada,,,principal,,
SGC,SGC2025ggbzih,,2025-03-30T02:04:34+00:00,2.7028,-74.9903,0.0,1.4,MLr_2,"San Vicente del Caguán - Caquetá, Colombia",manual,0.5,166.0,10.0,SGC,0.1,0.8,0.8,2.0,,,,,,,,,,2.4336,Senel et al.: Mw=0.8095 ML+1.3003 (3.3<=ML<=6.6),,extrapolada,,,principal,,
SGC,SGC2025ghpwri,,2025-03-30T22:08:22+00:00,2.9679,-75.1389,33.0,1.6,MLr_2,"Neiva - Huila, Colombia",manual,0.9,161.0,11.0,SGC,0.1,6.7,3.4,7.0,,,,,,,,,,2.5955000000000004,Senel et al.: Mw=0.8095 ML+1.3003 (3.3<=ML<=6.6),,extrapolada,,,principal,,
SGC,SGC2025ghwtju,,2025-03-31T01:35:43+00:00,2.6908,-75.1118,10.0,1.3,MLr_2,"San Vicente del Caguán - Caquetá, Colombia",manual,0.5,157.0,10.0,SGC,0.1,0.8,0.8,3.0,,,,,,,,,,2.35265,Senel et al.: Mw=0.8095 ML+1.3003 (3.3<=ML<=6.6),,extrapolada,,,principal,,
SGC,SGC2025gqnixy,,2025-04-04T18:32:21+00:00,3.0081,-74.8473,31.0,1.9,MLr_2,"Baraya - Huila, Colombia",manual,0.8,170.0,13.0,SGC,0.2,5.0,2.9,9.0,,,,,,,,,,2.83835,Senel et al.: Mw=0.8095 ML+1.3003 (3.3<=ML<=6.6),,extrapolada,,,principal,,
SGC,SGC2025grhdgh,,2025-04-05T04:29:14+00:00,2.951,-74.8876,36.0,1.5,MLr_2,"San Vicente del Caguán - Caquetá, Colombia",manual,0.8,209.0,10.0,SGC,0.1,6.1,3.5,7.0,,,,,,,,,,2.51455,Senel et al.: Mw=0.8095 ML+1.3003 (3.3<=ML<=6.6),,extrapolada,,,principal,,
SGC,SGC2025gxlweh,,2025-04-08T13:18:43+00:00,2.6038,-75.4597,29.0,2.1,MLr_2,"Hobo - Huila, Colombia",manual,0.8,157.0,13.0,SGC,0.2,3.2,5.1,6.0,,,,,,,,,,3.0002500000000003,Senel et al.: Mw=0.8095 ML+1.3003 (3.3<=ML<=6.6),,extrapolada,,,principal,,
SGC,SGC2025hdzbmm,,2025-04-12T02:23:57+00:00,3.1108,-75.2723,15.0,1.6,MLr_2,"Aipe - Huila, Colombia",manual,1.2,152.0,7.0,SGC,0.2,10.2,7.8,,,,,,,,,,,2.5955000000000004,Senel et al.: Mw=0.8095 ML+1.3003 (3.3<=ML<=6.6),,extrapolada,,,principal,,
SGC,SGC2025iyfjyp,,2025-05-07T07:00:41+00:00,2.7721,-75.1354,20.0,2.0,MLr_2,"Rivera - Huila, Colombia",manual,0.9,153.0,5.0,SGC,0.2,7.4,7.3,,,,,,,,,,,2.9193,Senel et al.: Mw=0.8095 ML+1.3003 (3.3<=ML<=6.6),,extrapolada,,,principal,,
SGC,SGC2025iygrat,,2025-05-07T07:39:06+00:00,2.7711,-75.0048,0.0,2.8,MLr_2,"San Vicente del Caguán - Caquetá, Colombia",manual,1.3,158.0,42.0,SGC,0.3,1.8,1.8,4.0,,,,,,,,,,3.5669,Senel et al.: Mw=0.8095 ML+1.3003 (3.3<=ML<=6.6),,extrapolada,,,principal,,
SGC,SGC2025jgxrst,,2025-05-12T00:48:38+00:00,2.5636,-75.2404,22.0,1.9,MLr_2,"Algeciras - Huila, Colombia",manual,0.8,155.0,7.0,SGC,0.2,3.9,3.5,10.0,,,,,,,,,,2.83835,Senel et al.: Mw=0.8095 ML+1.3003 (3.3<=ML<=6.6),,extrapolada,,,principal,,
SGC,SGC2025jkndjc,,2025-05-13T23:48:06+00:00,2.9404,-75.6797,22.0,1.8,MLr_2,"Santa María - Huila, Colombia",manual,1.0,89.0,10.0,SGC,0.2,3.1,4.0,7.0,,,,,,,,,,2.7574,Senel et al.: Mw=0.8095 ML+1.3003 (3.3<=ML<=6.6),,extrapolada,,,principal,,
SGC,SGC2025jnyogn,,2025-05-15T20:46:05+00:00,2.7774,-75.0726,30.0,3.3,MLr_2,"Rivera - Huila, Colombia",manual,1.0,79.0,52.0,SGC,0.2,2.3,2.0,3.0,,,,,,,,,,3.97165,Senel et al.: Mw=0.8095 ML+1.3003 (3.3<=ML<=6.6),,dentro_de_rango,,,principal,,
SGC,SGC2025jrnvls,,2025-05-17T19:40:28+00:00,2.7235,-75.0198,4.0,2.4,MLr_2,"San Vicente del Caguán - Caquetá, Colombia",manual,0.6,160.0,41.0,SGC,0.2,1.1,1.1,2.0,,,,,,,,,,3.2431,Senel et al.: Mw=0.8095 ML+1.3003 (3.3<=ML<=6.6),,extrapolada,,,principal,,
SGC,SGC2025kaunlo,,2025-05-22T20:42:39+00:00,2.6988,-75.3375,3.0,1.6,MLr_2,"Campoalegre - Huila, Colombia",manual,0.1,142.0,7.0,SGC,0.2,0.4,0.4,1.0,,,,,,,,,,2.5955000000000004,Senel et al.: Mw=0.8095 ML+1.3003 (3.3<=ML<=6.6),,extrapolada,,,principal,,
SGC,SGC2025kginfb,,2025-05-25T21:07:10+00:00,2.6456,-75.0743,31.0,1.6,MLr_2,"San Vicente del Caguán - Caquetá, Colombia",manual,0.4,164.0,13.0,SGC,0.1,1.3,1.3,5.0,,,,,,,,,,2.5955000000000004,Senel et al.: Mw=0.8095 ML+1.3003 (3.3<=ML<=6.6),,extrapolada,,,principal,,
SGC,SGC2025kmpwkf,,2025-05-29T07:15:51+00:00,2.9086,-75.6732,22.0,1.8,MLr_2,"Santa María - Huila, Colombia",manual,1.0,90.0,10.0,SGC,0.2,2.8,4.1,8.0,,,,,,,,,,2.7574,Senel et al.: Mw=0.8095 ML+1.3003 (3.3<=ML<=6.6),,extrapolada,,,principal,,
SGC,SGC2025kvnnbh,,2025-06-03T03:45:03+00:00,2.6927,-75.1065,31.0,2.0,MLr_2,"San Vicente del Caguán - Caquetá, Colombia",manual,0.9,93.0,19.0,SGC,0.1,2.5,2.4,4.0,,,,,,,,,,2.9193,Senel et al.: Mw=0.8095 ML+1.3003 (3.3<=ML<=6.6),,extrapolada,,,principal,,
SGC,SGC2025kzrrsz,,2025-06-05T10:08:58+00:00,3.2536,-75.5442,52.0,1.6,MLr_2,"Aipe - Huila, Colombia",manual,0.8,138.0,7.0,SGC,0.3,5.5,4.4,10.0,,,,,,,,,,2.5955000000000004,Senel et al.: Mw=0.8095 ML+1.3003 (3.3<=ML<=6.6),,extrapolada,,,principal,,
SGC,SGC2025labrvc,,2025-06-05T15:10:50+00:00,2.7054,-75.115,23.0,2.6,MLr_2,"San Vicente del Caguán - Caquetá, Colombia",manual,1.1,59.0,30.0,SGC,0.2,2.5,2.5,4.0,,,,,,,,,,3.405,Senel et al.: Mw=0.8095 ML+1.3003 (3.3<=ML<=6.6),,extrapolada,,,principal,,
SGC,SGC2025lavxum,,2025-06-06T01:21:12+00:00,2.7218,-75.5765,32.0,2.0,MLr_2,"Teruel - Huila, Colombia",manual,0.8,63.0,23.0,SGC,0.2,1.7,2.1,3.0,,,,,,,,,,2.9193,Senel et al.: Mw=0.8095 ML+1.3003 (3.3<=ML<=6.6),,extrapolada,,,principal,,
SGC,SGC2025leiqej,,2025-06-07T22:58:13+00:00,2.5625,-75.3163,16.0,1.2,MLr_2,"Campoalegre - Huila, Colombia",manual,0.4,139.0,12.0,SGC,0.1,3.0,3.0,7.0,,,,,,,,,,2.2717,Senel et al.: Mw=0.8095 ML+1.3003 (3.3<=ML<=6.6),,extrapolada,,,principal,,
SGC,SGC2025llcvie,,2025-06-11T15:34:16+00:00,2.9753,-74.8632,30.0,1.6,MLr_2,"Uribe - Meta, Colombia",manual,1.1,119.0,5.0,SGC,0.2,7.0,5.0,,,,,,,,,,,2.5955000000000004,Senel et al.: Mw=0.8095 ML+1.3003 (3.3<=ML<=6.6),,extrapolada,,,principal,,
SGC,SGC2025lliflc,,2025-06-11T18:16:53+00:00,2.7255,-75.0376,27.0,1.4,MLr_2,"San Vicente del Caguán - Caquetá, Colombia",manual,0.3,142.0,10.0,SGC,0.1,1.3,1.3,5.0,,,,,,,,,,2.4336,Senel et al.: Mw=0.8095 ML+1.3003 (3.3<=ML<=6.6),,extrapolada,,,principal,,
SGC,SGC2025lpwyya,,2025-06-14T05:59:49+00:00,2.8223,-74.9081,5.0,1.5,MLr_2,"San Vicente del Caguán - Caquetá, Colombia",manual,0.2,132.0,12.0,SGC,0.1,0.5,0.5,2.0,,,,,,,,,,2.51455,Senel et al.: Mw=0.8095 ML+1.3003 (3.3<=ML<=6.6),,extrapolada,,,principal,,
SGC,SGC2025lsyxau,,2025-06-15T22:11:23+00:00,2.8463,-74.8756,5.0,1.4,MLr_2,"San Vicente del Caguán - Caquetá, Colombia",manual,0.3,217.0,10.0,SGC,0.1,1.2,1.2,4.0,,,,,,,,,,2.4336,Senel et al.: Mw=0.8095 ML+1.3003 (3.3<=ML<=6.6),,extrapolada,,,principal,,
SGC,SGC2025lvgdze,,2025-06-17T03:59:29+00:00,3.3372,-75.2494,39.0,1.8,MLr_2,"Aipe - Huila, Colombia",manual,0.7,103.0,11.0,SGC,0.3,2.5,2.9,6.0,,,,,,,,,,2.7574,Senel et al.: Mw=0.8095 ML+1.3003 (3.3<=ML<=6.6),,extrapolada,,,principal,,
SGC,SGC2025lyvsvd,,2025-06-19T03:02:51+00:00,2.7372,-75.0597,30.0,1.8,MLr_2,"San Vicente del Caguán - Caquetá, Colombia",manual,0.8,91.0,12.0,SGC,0.1,2.5,3.2,6.0,,,,,,,,,,2.7574,Senel et al.: Mw=0.8095 ML+1.3003 (3.3<=ML<=6.6),,extrapolada,,,principal,,
SGC,SGC2025mfiohi,,2025-06-22T15:56:40+00:00,2.7146,-75.032,12.0,1.6,MLr_2,"San Vicente del Caguán - Caquetá, Colombia",manual,0.2,100.0,13.0,SGC,0.1,0.6,0.6,2.0,,,,,,,,,,2.5955000000000004,Senel et al.: Mw=0.8095 ML+1.3003 (3.3<=ML<=6.6),,extrapolada,,,principal,,
SGC,SGC2025mhcgxa,,2025-06-23T14:56:00+00:00,2.6738,-74.9933,5.0,1.4,MLr_2,"San Vicente del Caguán - Caquetá, Colombia",manual,0.2,154.0,9.0,SGC,0.1,0.9,0.9,2.0,,,,,,,,,,2.4336,Senel et al.: Mw=0.8095 ML+1.3003 (3.3<=ML<=6.6),,extrapolada,,,principal,,
SGC,SGC2025mjviqm,,2025-06-25T02:40:14+00:00,2.6991,-75.0831,29.0,1.9,MLr_2,"San Vicente del Caguán - Caquetá, Colombia",manual,0.8,93.0,19.0,SGC,0.2,2.3,2.5,4.0,,,,,,,,,,2.83835,Senel et al.: Mw=0.8095 ML+1.3003 (3.3<=ML<=6.6),,extrapolada,,,principal,,
SGC,SGC2025mlqnsg,,2025-06-26T02:24:13+00:00,2.628,-75.3651,18.0,1.3,MLr_2,"Campoalegre - Huila, Colombia",manual,0.4,172.0,8.0,SGC,0.1,6.8,6.8,11.0,,,,,,,,,,2.35265,Senel et al.: Mw=0.8095 ML+1.3003 (3.3<=ML<=6.6),,extrapolada,,,principal,,
SGC,SGC2025mrdxnk,,2025-06-29T02:30:14+00:00,2.8475,-74.8751,3.0,1.3,MLr_2,"San Vicente del Caguán - Caquetá, Colombia",manual,0.4,117.0,12.0,SGC,0.1,0.7,0.7,2.0,,,,,,,,,,2.35265,Senel et al.: Mw=0.8095 ML+1.3003 (3.3<=ML<=6.6),,extrapolada,,,principal,,
SGC,SGC2025mtlfcu,,2025-06-30T08:19:10+00:00,2.9573,-74.86,34.0,1.9,MLr_2,"Uribe - Meta, Colombia",manual,0.8,143.0,13.0,SGC,0.1,2.9,3.2,6.0,,,,,,,,,,2.83835,Senel et al.: Mw=0.8095 ML+1.3003 (3.3<=ML<=6.6),,extrapolada,,,principal,,
SGC,SGC2025ncptsx,,2025-07-05T08:17:47+00:00,2.9134,-74.8668,30.0,2.4,MLr_2,"San Vicente del Caguán - Caquetá, Colombia",manual,0.9,62.0,31.0,SGC,0.2,2.2,2.3,4.0,,,,,,,,,,3.2431,Senel et al.: Mw=0.8095 ML+1.3003 (3.3<=ML<=6.6),,extrapolada,,,principal,,
SGC,SGC2025ngybfl,,2025-07-07T16:45:04+00:00,2.8853,-75.1302,39.0,1.9,MLr_2,"Neiva - Huila, Colombia",manual,1.0,104.0,12.0,SGC,0.1,3.0,4.1,8.0,,,,,,,,,,2.83835,Senel et al.: Mw=0.8095 ML+1.3003 (3.3<=ML<=6.6),,extrapolada,,,principal,,
SGC,SGC2025nlgqja,,2025-07-10T01:21:55+00:00,2.7245,-75.0576,27.0,1.7,MLr_2,"San Vicente del Caguán - Caquetá, Colombia",manual,0.9,92.0,15.0,SGC,0.1,2.5,2.5,6.0,,,,,,,,,,2.67645,Senel et al.: Mw=0.8095 ML+1.3003 (3.3<=ML<=6.6),,extrapolada,,,principal,,
SGC,SGC2025nviole,,2025-07-15T13:04:48+00:00,2.7278,-75.0673,0.0,1.5,MLr_2,"San Vicente del Caguán - Caquetá, Colombia",manual,0.3,146.0,10.0,SGC,0.1,0.5,0.5,1.0,,,,,,,,,,2.51455,Senel et al.: Mw=0.8095 ML+1.3003 (3.3<=ML<=6.6),,extrapolada,,,principal,,
SGC,SGC2025obsypo,,2025-07-19T00:45:10+00:00,2.688,-75.0772,28.0,2.2,MLr_2,"San Vicente del Caguán - Caquetá, Colombia",manual,0.8,94.0,23.0,SGC,0.2,2.0,2.3,4.0,,,,,,,,,,3.0812,Senel et al.: Mw=0.8095 ML+1.3003 (3.3<=ML<=6.6),,extrapolada,,,principal,,
SGC,SGC2025ohhtso,,2025-07-22T01:34:28+00:00,2.5991,-75.3726,4.0,1.2,MLr_2,"Campoalegre - Huila, Colombia",manual,0.2,169.0,12.0,SGC,0.1,2.3,2.3,5.0,,,,,,,,,,2.2717,Senel et al.: Mw=0.8095 ML+1.3003 (3.3<=ML<=6.6),,extrapolada,,,principal,,
SGC,SGC2025ojynew,,2025-07-23T12:08:46+00:00,2.5718,-75.1543,40.0,1.5,MLr_2,"Puerto Rico - Caquetá, Colombia",manual,1.0,288.0,8.0,SGC,0.2,8.8,8.8,0.0,,,,,,,,,,2.51455,Senel et al.: Mw=0.8095 ML+1.3003 (3.3<=ML<=6.6),,extrapolada,,,principal,,
SGC,SGC2025okstvq,,2025-07-23T22:19:55+00:00,2.5514,-75.2568,26.0,2.3,MLr_2,"Algeciras - Huila, Colombia",manual,0.8,96.0,24.0,SGC,0.2,2.0,2.5,4.0,,,,,,,,,,3.16215,Senel et al.: Mw=0.8095 ML+1.3003 (3.3<=ML<=6.6),,extrapolada,,,principal,,
SGC,SGC2025oshzjg,,2025-07-28T01:30:10+00:00,2.9266,-74.9248,23.0,2.1,MLr_2,"Tello - Huila, Colombia",manual,1.0,82.0,26.0,SGC,0.1,2.7,2.3,4.0,,,,,,,,,,3.0002500000000003,Senel et al.: Mw=0.8095 ML+1.3003 (3.3<=ML<=6.6),,extrapolada,,,principal,,
SGC,SGC2025oubhbd,,2025-07-29T00:16:55+00:00,2.668,-75.0845,14.0,1.5,MLr_2,"San Vicente del Caguán - Caquetá, Colombia",manual,0.3,145.0,9.0,SGC,0.2,3.5,3.5,7.0,,,,,,,,,,2.51455,Senel et al.: Mw=0.8095 ML+1.3003 (3.3<=ML<=6.6),,extrapolada,,,principal,,
SGC,SGC2025pbiaql,,2025-08-01T23:12:02+00:00,2.6908,-74.982,15.0,1.4,MLr_2,"San Vicente del Caguán - Caquetá, Colombia",manual,0.2,96.0,13.0,SGC,0.1,0.7,0.7,1.0,,,,,,,,,,2.4336,Senel et al.: Mw=0.8095 ML+1.3003 (3.3<=ML<=6.6),,extrapolada,,,principal,,
SGC,SGC2025pgxiys,,2025-08-05T00:16:36+00:00,2.7499,-75.047,22.0,1.8,MLr_2,"San Vicente del Caguán - Caquetá, Colombia",manual,0.8,91.0,15.0,SGC,0.1,2.4,2.4,8.0,,,,,,,,,,2.7574,Senel et al.: Mw=0.8095 ML+1.3003 (3.3<=ML<=6.6),,extrapolada,,,principal,,
SGC,SGC2025pjzdgl,,2025-08-06T16:23:27+00:00,2.537,-75.3205,26.0,1.6,MLr_2,"Algeciras - Huila, Colombia",manual,0.2,157.0,8.0,SGC,0.2,2.0,2.0,3.0,,,,,,,,,,2.5955000000000004,Senel et al.: Mw=0.8095 ML+1.3003 (3.3<=ML<=6.6),,extrapolada,,,principal,,
SGC,SGC2025pohqhl,,2025-08-09T00:58:10+00:00,2.5959,-75.2931,28.0,2.5,MLr_2,"Campoalegre - Huila, Colombia",manual,1.0,92.0,36.0,SGC,0.2,2.0,2.2,4.0,,,,,,,,,,3.32405,Senel et al.: Mw=0.8095 ML+1.3003 (3.3<=ML<=6.6),,extrapolada,,,principal,,
SGC,SGC2025pvyzwq,,2025-08-13T05:13:25+00:00,2.9388,-74.903,23.0,2.3,MLr_2,"San Vicente del Caguán - Caquetá, Colombia",manual,1.1,82.0,28.0,SGC,0.2,2.4,2.2,4.0,,,,,,,,,,3.16215,Senel et al.: Mw=0.8095 ML+1.3003 (3.3<=ML<=6.6),,extrapolada,,,principal,,
SGC,SGC2025pxqhvi,,2025-08-14T03:00:11+00:00,2.97,-74.8515,22.0,1.8,MLr_2,"Uribe - Meta, Colombia",manual,1.1,81.0,22.0,SGC,0.1,2.3,2.5,5.0,,,,,,,,,,2.7574,Senel et al.: Mw=0.8095 ML+1.3003 (3.3<=ML<=6.6),,extrapolada,,,principal,,
SGC,SGC2025qazxrq,,2025-08-15T23:07:23+00:00,2.8133,-74.9143,5.0,1.4,MLr_2,"San Vicente del Caguán - Caquetá, Colombia",manual,0.6,120.0,16.0,SGC,0.1,1.2,1.2,6.0,,,,,,,,,,2.4336,Senel et al.: Mw=0.8095 ML+1.3003 (3.3<=ML<=6.6),,extrapolada,,,principal,,
SGC,SGC2025qdfvuk,,2025-08-17T04:11:20+00:00,3.3589,-75.1978,39.0,2.1,MLr_2,"Aipe - Huila, Colombia",manual,0.9,78.0,21.0,SGC,0.2,2.0,2.4,5.0,,,,,,,,,,3.0002500000000003,Senel et al.: Mw=0.8095 ML+1.3003 (3.3<=ML<=6.6),,extrapolada,,,principal,,
SGC,SGC2025qkbegb,,2025-08-20T21:21:36+00:00,2.7658,-75.1162,28.0,1.5,MLr_2,"Rivera - Huila, Colombia",manual,0.6,141.0,7.0,SGC,0.1,3.4,5.0,11.0,,,,,,,,,,2.51455,Senel et al.: Mw=0.8095 ML+1.3003 (3.3<=ML<=6.6),,extrapolada,,,principal,,
SGC,SGC2025qkbyae,,2025-08-20T21:44:33+00:00,2.7414,-75.1066,22.0,2.4,MLr_2,"Rivera - Huila, Colombia",manual,1.2,90.0,25.0,SGC,0.2,2.5,2.2,4.0,,,,,,,,,,3.2431,Senel et al.: Mw=0.8095 ML+1.3003 (3.3<=ML<=6.6),,extrapolada,,,principal,,
SGC,SGC2025qkemjc,,2025-08-20T23:01:33+00:00,2.8896,-74.9195,22.0,2.0,MLr_2,"San Vicente del Caguán - Caquetá, Colombia",manual,1.2,85.0,21.0,SGC,0.1,2.6,3.0,6.0,,,,,,,,,,2.9193,Senel et al.: Mw=0.8095 ML+1.3003 (3.3<=ML<=6.6),,extrapolada,,,principal,,
SGC,SGC2025rgltqm,,2025-09-02T02:19:41+00:00,2.8753,-74.9764,20.0,2.3,MLr_2,"Neiva - Huila, Colombia",manual,1.0,85.0,34.0,SGC,0.2,2.0,2.0,4.0,,,,,,,,,,3.16215,Senel et al.: Mw=0.8095 ML+1.3003 (3.3<=ML<=6.6),,extrapolada,,,principal,,
SGC,SGC2025rhnqch,,2025-09-02T16:20:26+00:00,2.8599,-74.9386,32.0,2.2,MLr_2,"San Vicente del Caguán - Caquetá, Colombia",manual,0.9,86.0,20.0,SGC,0.2,2.5,2.9,6.0,,,,,,,,,,3.0812,Senel et al.: Mw=0.8095 ML+1.3003 (3.3<=ML<=6.6),,extrapolada,,,principal,,
SGC,SGC2025rhvera,,2025-09-02T20:08:29+00:00,2.8323,-74.9308,31.0,1.2,MLr_2,"San Vicente del Caguán - Caquetá, Colombia",manual,0.2,136.0,10.0,SGC,0.1,0.8,0.8,3.0,,,,,,,,,,2.2717,Senel et al.: Mw=0.8095 ML+1.3003 (3.3<=ML<=6.6),,extrapolada,,,principal,,
SGC,SGC2025rjibya,,2025-09-03T15:42:02+00:00,2.6405,-75.1091,14.0,1.8,MLr_2,"San Vicente del Caguán - Caquetá, Colombia",manual,0.1,158.0,9.0,SGC,0.2,0.8,0.8,2.0,,,,,,,,,,2.7574,Senel et al.: Mw=0.8095 ML+1.3003 (3.3<=ML<=6.6),,extrapolada,,,principal,,
SGC,SGC2025rpcele,,2025-09-06T19:10:42+00:00,2.7097,-75.0107,30.0,1.6,MLr_2,"San Vicente del Caguán - Caquetá, Colombia",manual,0.7,151.0,9.0,SGC,0.1,3.6,4.4,10.0,,,,,,,,,,2.5955000000000004,Senel et al.: Mw=0.8095 ML+1.3003 (3.3<=ML<=6.6),,extrapolada,,,principal,,
SGC,SGC2025rpinkh,,2025-09-06T22:22:12+00:00,2.6381,-75.1288,16.0,1.3,MLr_2,"San Vicente del Caguán - Caquetá, Colombia",manual,0.2,96.0,13.0,SGC,0.1,0.6,0.6,2.0,,,,,,,,,,2.35265,Senel et al.: Mw=0.8095 ML+1.3003 (3.3<=ML<=6.6),,extrapolada,,,principal,,
SGC,SGC2025ruzsyc,,2025-09-10T00:23:55+00:00,2.6781,-75.0385,14.0,1.4,MLr_2,"San Vicente del Caguán - Caquetá, Colombia",manual,0.5,102.0,12.0,SGC,0.1,1.9,1.9,5.0,,,,,,,,,,2.4336,Senel et al.: Mw=0.8095 ML+1.3003 (3.3<=ML<=6.6),,extrapolada,,,principal,,
SGC,SGC2025rvekuc,,2025-09-10T02:45:18+00:00,2.5112,-75.2866,25.0,2.1,MLr_2,"Algeciras - Huila, Colombia",manual,0.7,97.0,22.0,SGC,0.2,1.7,2.2,3.0,,,,,,,,,,3.0002500000000003,Senel et al.: Mw=0.8095 ML+1.3003 (3.3<=ML<=6.6),,extrapolada,,,principal,,
SGC,SGC2025sadtpa,,2025-09-12T19:47:43+00:00,2.8811,-74.8577,39.0,2.0,MLr_2,"San Vicente del Caguán - Caquetá, Colombia",manual,1.0,85.0,13.0,SGC,0.1,2.9,3.1,11.0,,,,,,,,,,2.9193,Senel et al.: Mw=0.8095 ML+1.3003 (3.3<=ML<=6.6),,extrapolada,,,principal,,
SGC,SGC2025sfqngg,,2025-09-15T19:35:00+00:00,3.2801,-75.2236,20.0,1.1,MLr_2,"Villavieja - Huila, Colombia",manual,0.2,190.0,8.0,SGC,0.3,1.3,1.3,2.0,,,,,,,,,,2.19075,Senel et al.: Mw=0.8095 ML+1.3003 (3.3<=ML<=6.6),,extrapolada,,,principal,,
SGC,SGC2025sjulwc,,2025-09-18T01:52:12+00:00,2.8106,-74.9366,20.0,1.3,MLr_2,"San Vicente del Caguán - Caquetá, Colombia",manual,0.2,256.0,6.0,SGC,0.1,3.0,3.0,3.0,,,,,,,,,,2.35265,Senel et al.: Mw=0.8095 ML+1.3003 (3.3<=ML<=6.6),,extrapolada,,,principal,,
SGC,SGC2025spifmb,,2025-09-21T02:09:22+00:00,2.5495,-75.3996,10.0,1.1,MLr_2,"Hobo - Huila, Colombia",manual,0.2,90.0,12.0,SGC,0.2,0.7,0.7,2.0,,,,,,,,,,2.19075,Senel et al.: Mw=0.8095 ML+1.3003 (3.3<=ML<=6.6),,extrapolada,,,principal,,
SGC,SGC2025ssssmf,,2025-09-22T22:39:35+00:00,2.8303,-74.9705,36.0,1.4,MLr_2,"San Vicente del Caguán - Caquetá, Colombia",manual,0.7,104.0,8.0,SGC,0.1,2.7,4.0,10.0,,,,,,,,,,2.4336,Senel et al.: Mw=0.8095 ML+1.3003 (3.3<=ML<=6.6),,extrapolada,,,principal,,
SGC,SGC2025svbamv,,2025-09-24T04:59:14+00:00,3.332,-75.1269,42.0,2.0,MLr_2,"Villavieja - Huila, Colombia",manual,0.7,90.0,13.0,SGC,0.2,2.3,3.2,6.0,,,,,,,,,,2.9193,Senel et al.: Mw=0.8095 ML+1.3003 (3.3<=ML<=6.6),,extrapolada,,,principal,,
SGC,SGC2025sxxwec,,2025-09-25T18:37:06+00:00,2.689,-75.3923,32.0,2.6,MLr_2,"Campoalegre - Huila, Colombia",manual,1.1,134.0,30.0,SGC,0.1,2.0,2.4,4.0,,,,,,,,,,3.405,Senel et al.: Mw=0.8095 ML+1.3003 (3.3<=ML<=6.6),,extrapolada,,,principal,,
SGC,SGC2025szzajl,,2025-09-26T21:21:07+00:00,2.6818,-74.9703,2.0,1.1,MLr_2,"San Vicente del Caguán - Caquetá, Colombia",manual,0.3,128.0,10.0,SGC,0.1,0.8,0.8,2.0,,,,,,,,,,2.19075,Senel et al.: Mw=0.8095 ML+1.3003 (3.3<=ML<=6.6),,extrapolada,,,principal,,
SGC,SGC2025tiakvi,,2025-10-01T06:39:13+00:00,2.6165,-75.1872,27.0,2.0,MLr_2,"Algeciras - Huila, Colombia",manual,0.7,112.0,16.0,SGC,0.2,2.5,3.2,4.0,,,,,,,,,,2.9193,Senel et al.: Mw=0.8095 ML+1.3003 (3.3<=ML<=6.6),,extrapolada,,,principal,,
SGC,SGC2025tlcepj,,2025-10-02T22:45:46+00:00,2.907,-74.8487,38.0,2.2,MLr_2,"San Vicente del Caguán - Caquetá, Colombia",manual,0.9,84.0,26.0,SGC,0.3,2.4,2.7,3.0,,,,,,,,,,3.0812,Senel et al.: Mw=0.8095 ML+1.3003 (3.3<=ML<=6.6),,extrapolada,,,principal,,
SGC,SGC2025tngzwf,,2025-10-04T03:20:06+00:00,2.697,-75.0451,4.0,2.0,MLr_2,"San Vicente del Caguán - Caquetá, Colombia",manual,0.8,94.0,59.0,SGC,0.2,0.8,0.8,2.0,,,,,,,,,,2.9193,Senel et al.: Mw=0.8095 ML+1.3003 (3.3<=ML<=6.6),,extrapolada,,,principal,,
SGC,SGC2025tnzano,,2025-10-04T12:23:58+00:00,2.7409,-75.006,33.0,2.9,MLr_2,"San Vicente del Caguán - Caquetá, Colombia",manual,1.2,92.0,63.0,SGC,0.3,2.0,1.9,3.0,,,,,,,,,,3.64785,Senel et al.: Mw=0.8095 ML+1.3003 (3.3<=ML<=6.6),,extrapolada,,,principal,,
SGC,SGC2025tqqqsl,,2025-10-05T23:24:35+00:00,2.5202,-75.3754,30.0,1.1,MLr_2,"Campoalegre - Huila, Colombia",manual,0.7,191.0,4.0,SGC,0.2,5.3,9.1,11.0,,,,,,,,,,2.19075,Senel et al.: Mw=0.8095 ML+1.3003 (3.3<=ML<=6.6),,extrapolada,,,principal,,
SGC,SGC2025trduui,,2025-10-06T06:01:34+00:00,2.4811,-75.3041,26.0,1.5,MLr_2,"Algeciras - Huila, Colombia",manual,0.6,144.0,7.0,SGC,0.1,3.1,4.3,10.0,,,,,,,,,,2.51455,Senel et al.: Mw=0.8095 ML+1.3003 (3.3<=ML<=6.6),,extrapolada,,,principal,,
SGC,SGC2025trpckc,,2025-10-06T11:42:01+00:00,2.715,-75.0348,4.0,1.5,MLr_2,"San Vicente del Caguán - Caquetá, Colombia",manual,0.6,204.0,10.0,SGC,0.2,2.6,2.6,4.0,,,,,,,,,,2.51455,Senel et al.: Mw=0.8095 ML+1.3003 (3.3<=ML<=6.6),,extrapolada,,,principal,,
SGC,SGC2025twdimu,,2025-10-08T23:09:43+00:00,2.5093,-75.4223,6.0,2.2,MLr_2,"Hobo - Huila, Colombia",manual,0.6,90.0,53.0,SGC,0.2,0.8,0.8,2.0,,,,,,,,,,3.0812,Senel et al.: Mw=0.8095 ML+1.3003 (3.3<=ML<=6.6),,extrapolada,,,principal,,
SGC,SGC2025txaucm,,2025-10-09T10:57:06+00:00,2.9134,-75.7132,23.0,1.4,MLr_2,"Santa María - Huila, Colombia",manual,0.7,58.0,12.0,SGC,0.2,2.3,2.1,4.0,,,,,,,,,,2.4336,Senel et al.: Mw=0.8095 ML+1.3003 (3.3<=ML<=6.6),,extrapolada,,,principal,,
SGC,SGC2025tzxuqw,,2025-10-11T00:40:40+00:00,2.7599,-75.0326,33.0,2.2,MLr_2,"San Vicente del Caguán - Caquetá, Colombia",manual,1.0,90.0,35.0,SGC,0.2,2.2,1.9,3.0,,,,,,,,,,3.0812,Senel et al.: Mw=0.8095 ML+1.3003 (3.3<=ML<=6.6),,extrapolada,,,principal,,
SGC,SGC2025uhhovg,,2025-10-15T01:06:57+00:00,2.7197,-75.635,17.0,2.0,MLr_2,"Íquira - Huila, Colombia",manual,0.7,57.0,27.0,SGC,0.2,1.5,1.4,3.0,,,,,,,,,,2.9193,Senel et al.: Mw=0.8095 ML+1.3003 (3.3<=ML<=6.6),,extrapolada,,,principal,,
SGC,SGC2025ukzeco,,2025-10-17T01:11:01+00:00,2.5149,-75.4553,28.0,1.2,MLr_2,"Hobo - Huila, Colombia",manual,0.6,126.0,7.0,SGC,0.1,2.9,3.3,8.0,,,,,,,,,,2.2717,Senel et al.: Mw=0.8095 ML+1.3003 (3.3<=ML<=6.6),,extrapolada,,,principal,,
SGC,SGC2025uplzoz,,2025-10-19T11:55:56+00:00,2.5932,-75.2958,27.0,1.5,MLr_2,"Campoalegre - Huila, Colombia",manual,0.7,139.0,8.0,SGC,0.2,2.9,3.8,6.0,,,,,,,,,,2.51455,Senel et al.: Mw=0.8095 ML+1.3003 (3.3<=ML<=6.6),,extrapolada,,,principal,,
SGC,SGC2025uvubxc,,2025-10-22T22:26:50+00:00,3.0922,-75.6497,22.0,1.5,MLr_2,"Planadas - Tolima, Colombia",manual,0.9,106.0,15.0,SGC,0.1,2.0,3.1,4.0,,,,,,,,,,2.51455,Senel et al.: Mw=0.8095 ML+1.3003 (3.3<=ML<=6.6),,extrapolada,,,principal,,
SGC,SGC2025uxwsdh,,2025-10-24T01:54:54+00:00,2.5765,-75.4521,24.0,1.3,MLr_2,"Hobo - Huila, Colombia",manual,0.1,177.0,8.0,SGC,0.2,0.5,0.5,1.0,,,,,,,,,,2.35265,Senel et al.: Mw=0.8095 ML+1.3003 (3.3<=ML<=6.6),,extrapolada,,,principal,,
SGC,SGC2025vagbry,,2025-10-25T08:46:34+00:00,2.7414,-75.1555,33.0,1.4,MLr_2,"Rivera - Huila, Colombia",manual,1.1,140.0,13.0,SGC,0.2,3.2,3.1,9.0,,,,,,,,,,2.4336,Senel et al.: Mw=0.8095 ML+1.3003 (3.3<=ML<=6.6),,extrapolada,,,principal,,
SGC,SGC2025vardmy,,2025-10-25T14:21:30+00:00,2.9192,-74.8663,30.0,1.6,MLr_2,"Uribe - Meta, Colombia",manual,0.8,119.0,9.0,SGC,0.1,3.5,3.6,9.0,,,,,,,,,,2.5955000000000004,Senel et al.: Mw=0.8095 ML+1.3003 (3.3<=ML<=6.6),,extrapolada,,,principal,,
SGC,SGC2025vguhbb,,2025-10-28T22:22:03+00:00,2.9256,-75.6946,21.0,1.3,MLr_2,"Santa María - Huila, Colombia",manual,0.5,139.0,5.0,SGC,0.2,4.1,4.7,7.0,,,,,,,,,,2.35265,Senel et al.: Mw=0.8095 ML+1.3003 (3.3<=ML<=6.6),,extrapolada,,,principal,,
SGC,SGC2025vljpfw,,2025-10-31T10:22:02+00:00,2.688,-75.0303,5.0,1.5,MLr_2,"San Vicente del Caguán - Caquetá, Colombia",manual,0.7,291.0,8.0,SGC,0.2,3.5,3.5,3.0,,,,,,,,,,2.51455,Senel et al.: Mw=0.8095 ML+1.3003 (3.3<=ML<=6.6),,extrapolada,,,principal,,
SGC,SGC2025vsafkp,,2025-11-04T01:10:26+00:00,2.6419,-75.1064,28.0,1.7,MLr_2,"San Vicente del Caguán - Caquetá, Colombia",manual,0.7,96.0,15.0,SGC,0.2,2.7,2.4,7.0,,,,,,,,,,2.67645,Senel et al.: Mw=0.8095 ML+1.3003 (3.3<=ML<=6.6),,extrapolada,,,principal,,
SGC,SGC2025vtjoqm,,2025-11-04T18:57:12+00:00,2.7795,-74.9855,6.0,1.9,MLr_2,"San Vicente del Caguán - Caquetá, Colombia",manual,0.9,288.0,12.0,SGC,0.3,5.2,5.2,8.0,,,,,,,,,,2.83835,Senel et al.: Mw=0.8095 ML+1.3003 (3.3<=ML<=6.6),,extrapolada,,,principal,,
SGC,SGC2025vzyvpb,,2025-11-08T09:04:39+00:00,2.5911,-75.432,27.0,1.9,MLr_2,"Hobo - Huila, Colombia",manual,0.9,126.0,9.0,SGC,0.2,3.3,9.3,5.0,,,,,,,,,,2.83835,Senel et al.: Mw=0.8095 ML+1.3003 (3.3<=ML<=6.6),,extrapolada,,,principal,,
SGC,SGC2025wbolca,,2025-11-09T05:59:40+00:00,2.5689,-75.3394,27.0,1.4,MLr_2,"Campoalegre - Huila, Colombia",manual,0.7,137.0,7.0,SGC,0.1,6.2,6.4,,,,,,,,,,,2.4336,Senel et al.: Mw=0.8095 ML+1.3003 (3.3<=ML<=6.6),,extrapolada,,,principal,,
SGC,SGC2025wejfag,,2025-11-10T18:35:31+00:00,2.9171,-74.8876,34.0,1.6,MLr_2,"San Vicente del Caguán - Caquetá, Colombia",manual,0.8,144.0,13.0,SGC,0.2,3.0,3.0,8.0,,,,,,,,,,2.5955000000000004,Senel et al.: Mw=0.8095 ML+1.3003 (3.3<=ML<=6.6),,extrapolada,,,principal,,
SGC,SGC2025whaniq,,2025-11-12T05:26:45+00:00,2.706,-75.0527,32.0,2.1,MLr_2,"San Vicente del Caguán - Caquetá, Colombia",manual,0.9,93.0,25.0,SGC,0.2,2.4,2.1,4.0,,,,,,,,,,3.0002500000000003,Senel et al.: Mw=0.8095 ML+1.3003 (3.3<=ML<=6.6),,extrapolada,,,principal,,
SGC,SGC2025wtzswk,,2025-11-19T07:01:11+00:00,2.6366,-75.067,10.0,1.5,MLr_2,"San Vicente del Caguán - Caquetá, Colombia",manual,0.9,166.0,5.0,SGC,0.2,8.7,6.4,,,,,,,,,,,2.51455,Senel et al.: Mw=0.8095 ML+1.3003 (3.3<=ML<=6.6),,extrapolada,,,principal,,
SGC,SGC2025xjqipt,,2025-11-27T19:29:20+00:00,2.8642,-74.9407,33.0,1.3,MLr_2,"San Vicente del Caguán - Caquetá, Colombia",manual,0.8,145.0,9.0,SGC,0.1,3.9,3.4,11.0,,,,,,,,,,2.35265,Senel et al.: Mw=0.8095 ML+1.3003 (3.3<=ML<=6.6),,extrapolada,,,principal,,
SGC,SGC2025xmmgww,,2025-11-29T08:40:27+00:00,2.5689,-75.4075,20.0,1.5,MLr_2,"Hobo - Huila, Colombia",manual,0.7,131.0,6.0,SGC,0.1,6.4,5.4,,,,,,,,,,,2.51455,Senel et al.: Mw=0.8095 ML+1.3003 (3.3<=ML<=6.6),,extrapolada,,,principal,,
SGC,SGC2025xmsipc,,2025-11-29T11:43:03+00:00,2.5112,-75.3951,29.0,2.0,MLr_2,"Hobo - Huila, Colombia",manual,0.7,136.0,19.0,SGC,0.2,1.8,2.6,3.0,,,,,,,,,,2.9193,Senel et al.: Mw=0.8095 ML+1.3003 (3.3<=ML<=6.6),,extrapolada,,,principal,,
SGC,SGC2025xrpivj,,2025-12-02T03:35:14+00:00,2.7271,-75.0762,30.0,3.5,MLr_2,"San Vicente del Caguán - Caquetá, Colombia",manual,0.9,113.0,66.0,SGC,0.3,1.8,1.6,2.0,,,,,,,,,,4.13355,Senel et al.: Mw=0.8095 ML+1.3003 (3.3<=ML<=6.6),,dentro_de_rango,,,principal,,
SGC,SGC2025xrysve,,2025-12-02T08:18:47+00:00,2.7351,-75.0342,26.0,1.9,MLr_2,"San Vicente del Caguán - Caquetá, Colombia",manual,1.0,148.0,19.0,SGC,0.3,2.8,2.7,5.0,,,,,,,,,,2.83835,Senel et al.: Mw=0.8095 ML+1.3003 (3.3<=ML<=6.6),,extrapolada,,,principal,,
SGC,SGC2025xvyzey,,2025-12-04T12:43:38+00:00,2.5255,-75.3872,23.0,1.6,MLr_2,"Hobo - Huila, Colombia",manual,0.6,136.0,8.0,SGC,0.1,3.9,4.5,8.0,,,,,,,,,,2.5955000000000004,Senel et al.: Mw=0.8095 ML+1.3003 (3.3<=ML<=6.6),,extrapolada,,,principal,,
SGC,SGC2025xyyoox,,2025-12-06T03:44:46+00:00,2.6685,-75.0506,0.0,1.1,MLr_2,"San Vicente del Caguán - Caquetá, Colombia",manual,0.3,151.0,8.0,SGC,0.1,1.1,1.1,2.0,,,,,,,,,,2.19075,Senel et al.: Mw=0.8095 ML+1.3003 (3.3<=ML<=6.6),,extrapolada,,,principal,,
SGC,SGC2025xzjiyv,,2025-12-06T09:10:07+00:00,2.5287,-75.384,22.0,1.6,MLr_2,"Campoalegre - Huila, Colombia",manual,0.7,168.0,6.0,SGC,0.2,6.2,9.0,9.0,,,,,,,,,,2.5955000000000004,Senel et al.: Mw=0.8095 ML+1.3003 (3.3<=ML<=6.6),,extrapolada,,,principal,,
SGC,SGC2025ycqzvr,,2025-12-08T04:14:21+00:00,2.5424,-75.3063,25.0,1.4,MLr_2,"Algeciras - Huila, Colombia",manual,0.6,141.0,10.0,SGC,0.2,2.8,3.0,8.0,,,,,,,,,,2.4336,Senel et al.: Mw=0.8095 ML+1.3003 (3.3<=ML<=6.6),,extrapolada,,,principal,,
SGC,SGC2025ydacyq,,2025-12-08T08:49:32+00:00,2.9261,-74.9169,22.0,2.7,MLr_2,"Tello - Huila, Colombia",manual,1.1,109.0,48.0,SGC,0.2,2.1,1.9,4.0,,,,,,,,,,3.4859500000000003,Senel et al.: Mw=0.8095 ML+1.3003 (3.3<=ML<=6.6),,extrapolada,,,principal,,
SGC,SGC2025yexmss,,2025-12-09T09:39:18+00:00,2.8421,-74.9376,0.0,1.4,MLr_2,"San Vicente del Caguán - Caquetá, Colombia",manual,0.6,195.0,10.0,SGC,0.2,1.6,1.6,2.0,,,,,,,,,,2.4336,Senel et al.: Mw=0.8095 ML+1.3003 (3.3<=ML<=6.6),,extrapolada,,,principal,,
SGC,SGC2025yhcnwa,,2025-12-10T14:20:24+00:00,2.9023,-75.6988,29.0,2.0,MLr_2,"Santa María - Huila, Colombia",manual,0.8,88.0,18.0,SGC,0.2,2.5,2.6,6.0,,,,,,,,,,2.9193,Senel et al.: Mw=0.8095 ML+1.3003 (3.3<=ML<=6.6),,extrapolada,,,principal,,
SGC,SGC2025ynauib,,2025-12-13T19:54:26+00:00,2.7721,-75.1354,4.0,1.2,MLr_2,"Rivera - Huila, Colombia",manual,0.7,196.0,5.0,SGC,0.1,9.9,5.7,,,,,,,,,,,2.2717,Senel et al.: Mw=0.8095 ML+1.3003 (3.3<=ML<=6.6),,extrapolada,,,principal,,
SGC,SGC2025ynlqpa,,2025-12-14T01:21:59+00:00,2.8853,-74.8641,32.0,1.6,MLr_2,"San Vicente del Caguán - Caquetá, Colombia",manual,0.8,148.0,13.0,SGC,0.1,2.8,3.1,6.0,,,,,,,,,,2.5955000000000004,Senel et al.: Mw=0.8095 ML+1.3003 (3.3<=ML<=6.6),,extrapolada,,,principal,,
SGC,SGC2025yptdmu,,2025-12-15T07:17:16+00:00,2.9054,-74.8396,36.0,1.7,MLr_2,"San Vicente del Caguán - Caquetá, Colombia",manual,0.7,148.0,11.0,SGC,0.3,3.0,3.5,7.0,,,,,,,,,,2.67645,Senel et al.: Mw=0.8095 ML+1.3003 (3.3<=ML<=6.6),,extrapolada,,,principal,,
SGC,SGC2025ytaemr,,2025-12-17T02:02:55+00:00,3.188,-75.2331,38.0,1.6,MLr_2,"Villavieja - Huila, Colombia",manual,0.9,109.0,18.0,SGC,0.1,2.4,2.2,6.0,,,,,,,,,,2.5955000000000004,Senel et al.: Mw=0.8095 ML+1.3003 (3.3<=ML<=6.6),,extrapolada,,,principal,,
SGC,SGC2025yucmvf,,2025-12-17T16:17:24+00:00,2.9065,-74.9025,33.0,1.7,MLr_2,"San Vicente del Caguán - Caquetá, Colombia",manual,0.6,180.0,8.0,SGC,0.1,5.2,3.8,11.0,,,,,,,,,,2.67645,Senel et al.: Mw=0.8095 ML+1.3003 (3.3<=ML<=6.6),,extrapolada,,,principal,,
USGS,us7000rpwp,2025-12-21T14:05:26.416000Z,,3.0699,-75.1055,10.0,4.4,mb,"3 km E of Tello, Colombia",reviewed,0.7,73.0,43.0,,,,,,us,earthquake,8.56,1.931,0.101,28.0,us,us,1.929,4.76,Scordilis: Mw=0.85 mb+1.02 (3.5<=mb<=6.2),0.29,dentro_de_rango,8.079999999999998,17.599999999999998,principal,,
SGC,SGC2025zaxcea,,2025-12-21T09:05:29+00:00,3.0118,-75.2982,51.0,4.4,Mw,"Neiva - Huila, Colombia",manual,1.3,61.0,114.0,SGC,,1.6,1.7,3.0,,,,,,,,,,4.4,directa: Mw,0.0,directa,,,principal,,
SGC,SGC2025zhhktm,,2025-12-24T20:44:02+00:00,2.5213,-75.3786,25.0,1.2,MLr_2,"Campoalegre - Huila, Colombia",manual,0.6,136.0,7.0,SGC,0.2,2.6,3.6,8.0,,,,,,,,,,2.2717,Senel et al.: Mw=0.8095 ML+1.3003 (3.3<=ML<=6.6),,extrapolada,,,principal,,
SGC,SGC2025zosynr,,2025-12-28T22:03:16+00:00,2.741,-75.0205,3.0,1.0,MLr_2,"San Vicente del Caguán - Caquetá, Colombia",manual,0.2,288.0,7.0,SGC,0.2,7.4,7.4,10.0,,,,,,,,,,2.1098,Senel et al.: Mw=0.8095 ML+1.3003 (3.3<=ML<=6.6),,extrapolada,,,principal,,
SGC,SGC2025zpcmis,,2025-12-29T02:50:49+00:00,2.7441,-75.0656,31.0,2.0,MLr_2,"San Vicente del Caguán - Caquetá, Colombia",manual,0.9,145.0,23.0,SGC,0.2,2.5,2.4,4.0,,,,,,,,,,2.9193,Senel et al.: Mw=0.8095 ML+1.3003 (3.3<=ML<=6.6),,extrapolada,,,principal,,
SGC,SGC2025ztpzkd,,2025-12-31T13:56:06+00:00,2.9298,-74.8706,29.0,1.7,MLr_2,"Uribe - Meta, Colombia",manual,0.8,154.0,13.0,SGC,0.1,3.8,3.3,8.0,,,,,,,,,,2.67645,Senel et al.: Mw=0.8095 ML+1.3003 (3.3<=ML<=6.6),,extrapolada,,,principal,,
SGC,SGC2025ztrqay,,2025-12-31T14:45:37+00:00,2.7202,-75.0107,36.0,2.3,MLr_2,"San Vicente del Caguán - Caquetá, Colombia",manual,1.0,150.0,25.0,SGC,0.2,2.8,2.9,5.0,,,,,,,,,,3.16215,Senel et al.: Mw=0.8095 ML+1.3003 (3.3<=ML<=6.6),,extrapolada,,,principal,,
SGC,SGC2026akqyjx,,2026-01-06T14:15:46+00:00,2.5393,-75.3946,28.0,1.4,MLr_2,"Hobo - Huila, Colombia",manual,0.9,140.0,8.0,SGC,0.2,3.4,3.8,10.0,,,,,,,,,,2.4336,Senel et al.: Mw=0.8095 ML+1.3003 (3.3<=ML<=6.6),,extrapolada,,,principal,,
SGC,SGC2026akxyob,,2026-01-06T17:47:11+00:00,2.8013,-74.9128,3.0,1.3,MLr_2,"San Vicente del Caguán - Caquetá, Colombia",manual,0.4,151.0,11.0,SGC,0.2,1.2,1.2,2.0,,,,,,,,,,2.35265,Senel et al.: Mw=0.8095 ML+1.3003 (3.3<=ML<=6.6),,extrapolada,,,principal,,
SGC,SGC2026ambdgg,,2026-01-07T08:27:37+00:00,3.3023,-75.2695,33.0,1.8,MLr_2,"Aipe - Huila, Colombia",manual,0.9,103.0,21.0,SGC,0.3,1.7,3.0,6.0,,,,,,,,,,2.7574,Senel et al.: Mw=0.8095 ML+1.3003 (3.3<=ML<=6.6),,extrapolada,,,principal,,
SGC,SGC2026ancyvq,,2026-01-07T22:27:20+00:00,2.6551,-75.0435,4.0,1.2,MLr_2,"San Vicente del Caguán - Caquetá, Colombia",manual,0.3,152.0,16.0,SGC,0.1,0.8,0.8,3.0,,,,,,,,,,2.2717,Senel et al.: Mw=0.8095 ML+1.3003 (3.3<=ML<=6.6),,extrapolada,,,principal,,
SGC,SGC2026atakby,,2026-01-11T03:36:42+00:00,2.525,-75.3632,35.0,1.9,MLr_2,"Campoalegre - Huila, Colombia",manual,0.7,137.0,21.0,SGC,0.2,2.0,2.5,3.0,,,,,,,,,,2.83835,Senel et al.: Mw=0.8095 ML+1.3003 (3.3<=ML<=6.6),,extrapolada,,,principal,,
SGC,SGC2026azjyxe,,2026-01-14T14:52:44+00:00,2.7271,-75.4546,12.0,1.9,MLr_2,"Yaguará - Huila, Colombia",manual,0.3,116.0,21.0,SGC,0.3,0.6,0.6,2.0,,,,,,,,,,2.83835,Senel et al.: Mw=0.8095 ML+1.3003 (3.3<=ML<=6.6),,extrapolada,,,principal,,
SGC,SGC2026bejtnt,,2026-01-17T08:08:23+00:00,2.5229,-75.3813,33.0,2.3,MLr_2,"Campoalegre - Huila, Colombia",manual,0.7,136.0,17.0,SGC,0.2,2.0,2.5,3.0,,,,,,,,,,3.16215,Senel et al.: Mw=0.8095 ML+1.3003 (3.3<=ML<=6.6),,extrapolada,,,principal,,
SGC,SGC2026bhtods,,2026-01-19T04:17:20+00:00,2.6846,-75.1246,18.0,1.3,MLr_2,"San Vicente del Caguán - Caquetá, Colombia",manual,0.5,145.0,12.0,SGC,0.1,1.9,1.9,3.0,,,,,,,,,,2.35265,Senel et al.: Mw=0.8095 ML+1.3003 (3.3<=ML<=6.6),,extrapolada,,,principal,,
SGC,SGC2026blurli,,2026-01-21T09:09:14+00:00,2.6821,-75.149,31.0,1.9,MLr_2,"Algeciras - Huila, Colombia",manual,0.9,144.0,16.0,SGC,0.2,3.1,2.9,5.0,,,,,,,,,,2.83835,Senel et al.: Mw=0.8095 ML+1.3003 (3.3<=ML<=6.6),,extrapolada,,,principal,,
SGC,SGC2026bnaskb,,2026-01-22T01:15:52+00:00,2.669,-75.0593,4.0,1.5,MLr_2,"San Vicente del Caguán - Caquetá, Colombia",manual,0.2,150.0,17.0,SGC,0.1,0.4,0.4,2.0,,,,,,,,,,2.51455,Senel et al.: Mw=0.8095 ML+1.3003 (3.3<=ML<=6.6),,extrapolada,,,principal,,
SGC,SGC2026bnmprp,,2026-01-22T07:14:46+00:00,2.6975,-75.6595,22.0,1.3,MLr_2,"Íquira - Huila, Colombia",manual,0.5,123.0,7.0,SGC,0.3,2.9,1.8,5.0,,,,,,,,,,2.35265,Senel et al.: Mw=0.8095 ML+1.3003 (3.3<=ML<=6.6),,extrapolada,,,principal,,
SGC,SGC2026bqkocz,,2026-01-23T21:26:03+00:00,3.279,-75.2375,29.0,2.0,MLr_2,"Aipe - Huila, Colombia",manual,0.9,101.0,18.0,SGC,0.3,2.0,2.5,7.0,,,,,,,,,,2.9193,Senel et al.: Mw=0.8095 ML+1.3003 (3.3<=ML<=6.6),,extrapolada,,,principal,,
SGC,SGC2026btjnhn,,2026-01-25T12:08:02+00:00,2.5615,-75.334,15.0,1.3,MLr_2,"Campoalegre - Huila, Colombia",manual,0.3,149.0,9.0,SGC,0.1,1.4,1.4,2.0,,,,,,,,,,2.35265,Senel et al.: Mw=0.8095 ML+1.3003 (3.3<=ML<=6.6),,extrapolada,,,principal,,
SGC,SGC2026bukoog,,2026-01-26T01:44:18+00:00,2.4768,-75.3041,31.0,1.3,MLr_2,"Algeciras - Huila, Colombia",manual,0.5,144.0,7.0,SGC,0.2,3.6,3.2,8.0,,,,,,,,,,2.35265,Senel et al.: Mw=0.8095 ML+1.3003 (3.3<=ML<=6.6),,extrapolada,,,principal,,
SGC,SGC2026ccquvy,,2026-01-30T13:28:36+00:00,2.4811,-75.3403,23.0,1.3,MLr_2,"Algeciras - Huila, Colombia",manual,0.4,148.0,4.0,SGC,0.1,3.9,4.8,9.0,,,,,,,,,,2.35265,Senel et al.: Mw=0.8095 ML+1.3003 (3.3<=ML<=6.6),,extrapolada,,,principal,,
SGC,SGC2026cdlthk,,2026-01-31T00:00:24+00:00,2.6504,-75.1618,19.0,1.5,MLr_2,"Algeciras - Huila, Colombia",manual,0.6,145.0,8.0,SGC,0.2,3.4,3.3,11.0,,,,,,,,,,2.51455,Senel et al.: Mw=0.8095 ML+1.3003 (3.3<=ML<=6.6),,extrapolada,,,principal,,
SGC,SGC2026ciahwm,,2026-02-02T11:37:38+00:00,2.5456,-75.3542,40.0,1.9,MLr_2,"Campoalegre - Huila, Colombia",manual,0.7,137.0,13.0,SGC,0.2,2.9,4.0,5.0,,,,,,,,,,2.83835,Senel et al.: Mw=0.8095 ML+1.3003 (3.3<=ML<=6.6),,extrapolada,,,principal,,
SGC,SGC2026couzuu,,2026-02-06T04:28:45+00:00,2.6948,-75.0831,32.0,1.9,MLr_2,"San Vicente del Caguán - Caquetá, Colombia",manual,0.9,147.0,17.0,SGC,0.2,2.6,3.0,4.0,,,,,,,,,,2.83835,Senel et al.: Mw=0.8095 ML+1.3003 (3.3<=ML<=6.6),,extrapolada,,,principal,,
SGC,SGC2026cplvjl,,2026-02-06T12:56:31+00:00,3.1499,-75.2223,35.0,1.9,MLr_2,"Tello - Huila, Colombia",manual,0.9,112.0,17.0,SGC,0.2,2.5,2.9,9.0,,,,,,,,,,2.83835,Senel et al.: Mw=0.8095 ML+1.3003 (3.3<=ML<=6.6),,extrapolada,,,principal,,
SGC,SGC2026cpthsc,,2026-02-06T16:42:01+00:00,3.2102,-75.1937,44.0,1.6,MLr_2,"Villavieja - Huila, Colombia",manual,0.4,149.0,8.0,SGC,0.1,4.6,5.4,9.0,,,,,,,,,,2.5955000000000004,Senel et al.: Mw=0.8095 ML+1.3003 (3.3<=ML<=6.6),,extrapolada,,,principal,,
SGC,SGC2026cthbby,,2026-02-08T14:50:13+00:00,2.6806,-75.0782,31.0,2.4,MLr_2,"San Vicente del Caguán - Caquetá, Colombia",manual,1.1,148.0,31.0,SGC,0.2,2.4,2.5,4.0,,,,,,,,,,3.2431,Senel et al.: Mw=0.8095 ML+1.3003 (3.3<=ML<=6.6),,extrapolada,,,principal,,
SGC,SGC2026dczpcc,,2026-02-13T21:49:48+00:00,2.7033,-75.032,34.0,1.7,MLr_2,"San Vicente del Caguán - Caquetá, Colombia",manual,0.9,100.0,10.0,SGC,0.1,3.8,3.9,11.0,,,,,,,,,,2.67645,Senel et al.: Mw=0.8095 ML+1.3003 (3.3<=ML<=6.6),,extrapolada,,,principal,,
SGC,SGC2026ddcqih,,2026-02-13T23:21:47+00:00,2.7058,-75.027,10.0,1.4,MLr_2,"San Vicente del Caguán - Caquetá, Colombia",manual,0.3,150.0,12.0,SGC,0.1,1.1,1.1,5.0,,,,,,,,,,2.4336,Senel et al.: Mw=0.8095 ML+1.3003 (3.3<=ML<=6.6),,extrapolada,,,principal,,
SGC,SGC2026dgutdt,,2026-02-15T23:41:34+00:00,2.9234,-75.2219,37.0,1.6,MLr_2,"Neiva - Huila, Colombia",manual,0.9,81.0,12.0,SGC,0.2,3.1,3.3,10.0,,,,,,,,,,2.5955000000000004,Senel et al.: Mw=0.8095 ML+1.3003 (3.3<=ML<=6.6),,extrapolada,,,principal,,
SGC,SGC2026ebfxeq,,2026-02-27T02:47:40+00:00,2.6943,-75.0233,4.0,1.6,MLr_2,"San Vicente del Caguán - Caquetá, Colombia",manual,0.4,99.0,18.0,SGC,0.2,0.8,0.8,5.0,,,,,,,,,,2.5955000000000004,Senel et al.: Mw=0.8095 ML+1.3003 (3.3<=ML<=6.6),,extrapolada,,,principal,,
SGC,SGC2026eirveo,,2026-03-03T04:19:52+00:00,2.5541,-75.4564,28.0,1.4,MLr_2,"Hobo - Huila, Colombia",manual,0.8,119.0,8.0,SGC,0.2,3.6,4.0,10.0,,,,,,,,,,2.4336,Senel et al.: Mw=0.8095 ML+1.3003 (3.3<=ML<=6.6),,extrapolada,,,principal,,
SGC,SGC2026enpjwv,,2026-03-05T20:27:40+00:00,2.6557,-75.1415,34.0,2.3,MLr_2,"San Vicente del CaguÃ¡n - CaquetÃ¡, Colombia",manual,0.8,146.0,20.0,SGC,0.2,2.8,3.0,4.0,,,,,,,,,,3.16215,Senel et al.: Mw=0.8095 ML+1.3003 (3.3<=ML<=6.6),,extrapolada,,,principal,,
SGC,SGC2026erhixj,,2026-03-07T20:43:01+00:00,2.7221,-75.0246,14.0,1.4,MLr_2,"San Vicente del CaguÃ¡n - CaquetÃ¡, Colombia",manual,0.3,158.0,13.0,SGC,0.2,1.0,1.0,2.0,,,,,,,,,,2.4336,Senel et al.: Mw=0.8095 ML+1.3003 (3.3<=ML<=6.6),,extrapolada,,,principal,,
SGC,SGC2026eruuiq,,2026-03-08T03:28:32+00:00,2.5245,-75.2648,28.0,1.7,MLr_2,"Algeciras - Huila, Colombia",manual,0.9,152.0,16.0,SGC,0.2,2.7,3.5,4.0,,,,,,,,,,2.67645,Senel et al.: Mw=0.8095 ML+1.3003 (3.3<=ML<=6.6),,extrapolada,,,principal,,
SGC,SGC2026eucrjx,,2026-03-09T09:35:26+00:00,2.5107,-75.368,30.0,1.9,MLr_2,"Algeciras - Huila, Colombia",manual,0.7,144.0,12.0,SGC,0.1,4.9,4.2,9.0,,,,,,,,,,2.83835,Senel et al.: Mw=0.8095 ML+1.3003 (3.3<=ML<=6.6),,extrapolada,,,principal,,
SGC,SGC2026fchuut,,2026-03-13T20:46:01+00:00,2.7372,-75.0917,31.0,1.6,MLr_2,"Rivera - Huila, Colombia",manual,0.6,152.0,11.0,SGC,0.1,3.5,4.1,8.0,,,,,,,,,,2.5955000000000004,Senel et al.: Mw=0.8095 ML+1.3003 (3.3<=ML<=6.6),,extrapolada,,,principal,,
SGC,SGC2026folvpd,,2026-03-20T11:41:22+00:00,2.7399,-75.0997,20.0,1.2,MLr_2,"Rivera - Huila, Colombia",manual,0.9,153.0,5.0,SGC,0.1,6.8,6.7,,,,,,,,,,,2.2717,Senel et al.: Mw=0.8095 ML+1.3003 (3.3<=ML<=6.6),,extrapolada,,,principal,,
SGC,SGC2026fpjilf,,2026-03-20T23:30:25+00:00,2.8658,-74.8499,25.0,1.7,MLr_2,"San Vicente del Caguán - Caquetá, Colombia",manual,0.7,150.0,9.0,SGC,0.1,3.5,3.6,10.0,,,,,,,,,,2.67645,Senel et al.: Mw=0.8095 ML+1.3003 (3.3<=ML<=6.6),,extrapolada,,,principal,,
SGC,SGC2026gdjwxc,,2026-03-28T14:49:41+00:00,3.164,-75.2505,37.0,1.9,MLr_2,"Villavieja - Huila, Colombia",manual,1.0,68.0,18.0,SGC,0.2,2.6,2.6,8.0,,,,,,,,,,2.83835,Senel et al.: Mw=0.8095 ML+1.3003 (3.3<=ML<=6.6),,extrapolada,,,principal,,
SGC,SGC2026gxsgnj,,2026-04-08T16:31:45+00:00,2.7373,-75.0491,29.0,3.1,MLr_2,"San Vicente del Caguán - Caquetá, Colombia",manual,1.0,91.0,46.0,SGC,0.2,2.0,1.8,3.0,,,,,,,,,,3.80975,Senel et al.: Mw=0.8095 ML+1.3003 (3.3<=ML<=6.6),,extrapolada,,,principal,,
SGC,SGC2026hbszjz,,2026-04-10T21:11:32+00:00,2.7389,-75.0433,35.0,2.0,MLr_2,"San Vicente del Caguán - Caquetá, Colombia",manual,0.9,91.0,15.0,SGC,0.2,2.6,2.7,5.0,,,,,,,,,,2.9193,Senel et al.: Mw=0.8095 ML+1.3003 (3.3<=ML<=6.6),,extrapolada,,,principal,,
SGC,SGC2026hkcani,,2026-04-15T10:20:12+00:00,2.7368,-75.0475,36.0,2.0,MLr_2,"San Vicente del Caguán - Caquetá, Colombia",manual,0.9,102.0,11.0,SGC,0.1,3.3,3.5,11.0,,,,,,,,,,2.9193,Senel et al.: Mw=0.8095 ML+1.3003 (3.3<=ML<=6.6),,extrapolada,,,principal,,
SGC,SGC2026hsrfey,,2026-04-20T02:33:54+00:00,2.6418,-75.0623,5.0,1.4,MLr_2,"San Vicente del Caguán - Caquetá, Colombia",manual,0.3,142.0,6.0,SGC,0.4,0.7,0.7,3.0,,,,,,,,,,2.4336,Senel et al.: Mw=0.8095 ML+1.3003 (3.3<=ML<=6.6),,extrapolada,,,principal,,
SGC,SGC2026hzlrkh,,2026-04-23T19:18:28+00:00,2.9451,-74.8639,33.0,1.3,MLr_2,"Uribe - Meta, Colombia",manual,0.8,144.0,9.0,SGC,0.2,5.6,4.1,10.0,,,,,,,,,,2.35265,Senel et al.: Mw=0.8095 ML+1.3003 (3.3<=ML<=6.6),,extrapolada,,,principal,,
SGC,SGC2026igtgts,,2026-04-27T18:38:47+00:00,2.7558,-75.0625,31.0,1.5,MLr_2,"Rivera - Huila, Colombia",manual,0.9,103.0,10.0,SGC,0.0,3.2,3.5,10.0,,,,,,,,,,2.51455,Senel et al.: Mw=0.8095 ML+1.3003 (3.3<=ML<=6.6),,extrapolada,,,principal,,
SGC,SGC2026incokf,,2026-05-01T05:46:07+00:00,2.8081,-74.8781,3.0,1.4,MLr_2,"San Vicente del Caguán - Caquetá, Colombia",manual,1.0,152.0,7.0,SGC,0.1,3.0,3.0,6.0,,,,,,,,,,2.4336,Senel et al.: Mw=0.8095 ML+1.3003 (3.3<=ML<=6.6),,extrapolada,,,principal,,
SGC,SGC2026iufkdb,,2026-05-05T02:42:59+00:00,2.7918,-75.0327,31.0,1.7,MLr_2,"Neiva - Huila, Colombia",manual,0.8,144.0,14.0,SGC,0.1,3.3,3.3,9.0,,,,,,,,,,2.67645,Senel et al.: Mw=0.8095 ML+1.3003 (3.3<=ML<=6.6),,extrapolada,,,principal,,
SGC,SGC2026iunhmn,,2026-05-05T06:41:19+00:00,2.73,-75.0246,21.0,1.4,MLr_2,"San Vicente del Caguán - Caquetá, Colombia",manual,0.4,149.0,4.0,SGC,0.1,2.3,2.3,4.0,,,,,,,,,,2.4336,Senel et al.: Mw=0.8095 ML+1.3003 (3.3<=ML<=6.6),,extrapolada,,,principal,,
SGC,SGC2026izmtzb,,2026-05-07T23:47:58+00:00,2.7368,-75.0156,30.0,1.7,MLr_2,"San Vicente del Caguán - Caquetá, Colombia",manual,0.7,149.0,11.0,SGC,0.1,3.4,3.7,9.0,,,,,,,,,,2.67645,Senel et al.: Mw=0.8095 ML+1.3003 (3.3<=ML<=6.6),,extrapolada,,,principal,,
SGC,SGC2026jvbotq,,2026-05-19T17:48:32+00:00,2.7415,-75.0491,30.0,2.3,MLr_2,"San Vicente del Caguán - Caquetá, Colombia",manual,0.9,91.0,25.0,SGC,0.2,2.6,2.2,4.0,,,,,,,,,,3.16215,Senel et al.: Mw=0.8095 ML+1.3003 (3.3<=ML<=6.6),,extrapolada,,,principal,,
SGC,SGC2026jvecxn,,2026-05-19T19:05:18+00:00,2.7558,-75.0327,29.0,2.1,MLr_2,"San Vicente del Caguán - Caquetá, Colombia",manual,0.9,91.0,19.0,SGC,0.1,2.6,2.3,5.0,,,,,,,,,,3.0002500000000003,Senel et al.: Mw=0.8095 ML+1.3003 (3.3<=ML<=6.6),,extrapolada,,,principal,,
SGC,SGC2026jxsxoj,,2026-05-21T04:40:36+00:00,2.7304,-75.0305,31.0,1.8,MLr_2,"San Vicente del Caguán - Caquetá, Colombia",manual,0.7,92.0,12.0,SGC,0.1,3.3,2.6,6.0,,,,,,,,,,2.7574,Senel et al.: Mw=0.8095 ML+1.3003 (3.3<=ML<=6.6),,extrapolada,,,principal,,
SGC,SGC2026kcprrn,,2026-05-23T20:25:38+00:00,2.4893,-75.3215,35.0,1.8,MLr_2,"Algeciras - Huila, Colombia",manual,0.8,97.0,10.0,SGC,0.2,3.5,3.4,6.0,,,,,,,,,,2.7574,Senel et al.: Mw=0.8095 ML+1.3003 (3.3<=ML<=6.6),,extrapolada,,,principal,,
SGC,SGC2026kernpb,,2026-05-24T23:30:05+00:00,3.0519,-74.9289,24.0,1.9,MLr_2,"Baraya - Huila, Colombia",manual,0.8,76.0,16.0,SGC,0.1,2.6,2.1,6.0,,,,,,,,,,2.83835,Senel et al.: Mw=0.8095 ML+1.3003 (3.3<=ML<=6.6),,extrapolada,,,principal,,
SGC,SGC2026kmayxl,,2026-05-28T23:46:12+00:00,2.6902,-75.09,26.0,1.9,MLr_2,"San Vicente del Caguán - Caquetá, Colombia",manual,0.8,147.0,16.0,SGC,0.2,2.6,2.8,5.0,,,,,,,,,,2.83835,Senel et al.: Mw=0.8095 ML+1.3003 (3.3<=ML<=6.6),,extrapolada,,,principal,,
SGC,SGC2026kmnxnk,,2026-05-29T06:16:50+00:00,2.6691,-75.6473,19.0,1.9,MLr_2,"Íquira - Huila, Colombia",manual,0.9,130.0,12.0,SGC,0.1,2.6,2.9,5.0,,,,,,,,,,2.83835,Senel et al.: Mw=0.8095 ML+1.3003 (3.3<=ML<=6.6),,extrapolada,,,principal,,
SGC,SGC2026lbgxng,,2026-06-06T06:52:46+00:00,2.9218,-74.8489,25.0,1.9,M,"Uribe - Meta, Colombia",manual,0.8,122.0,9.0,SGC,,3.6,3.8,10.0,,,,,,,,,,,sin correlacion verificable,,no_convertida,,,principal,,
SGC,SGC2026lbgxnn,,2026-06-06T06:52:46+00:00,2.9218,-74.8489,25.0,1.8,MLr_2,"Uribe - Meta, Colombia",manual,0.8,122.0,9.0,SGC,0.1,3.6,3.8,10.0,,,,,,,,,,2.7574,Senel et al.: Mw=0.8095 ML+1.3003 (3.3<=ML<=6.6),,extrapolada,,,principal,,
SGC,SGC2026ljplhx,,2026-06-10T19:45:56+00:00,2.8933,-74.8648,35.0,1.8,MLr_2,"San Vicente del Caguán - Caquetá, Colombia",manual,0.8,147.0,14.0,SGC,0.1,2.9,3.2,8.0,,,,,,,,,,2.7574,Senel et al.: Mw=0.8095 ML+1.3003 (3.3<=ML<=6.6),,extrapolada,,,principal,,
SGC,SGC2026ljplhk,,2026-06-10T19:45:56+00:00,2.8933,-74.8648,35.0,1.9,M,"San Vicente del Caguán - Caquetá, Colombia",manual,0.8,147.0,14.0,SGC,,2.9,3.2,8.0,,,,,,,,,,,sin correlacion verificable,,no_convertida,,,principal,,
SGC,SGC2026ljunlf,,2026-06-10T22:19:16+00:00,2.7579,-75.0135,28.0,1.7,MLr_2,"San Vicente del Caguán - Caquetá, Colombia",manual,1.0,148.0,11.0,SGC,0.1,3.3,4.0,9.0,,,,,,,,,,2.67645,Senel et al.: Mw=0.8095 ML+1.3003 (3.3<=ML<=6.6),,extrapolada,,,principal,,
SGC,SGC2026lpmozq,,2026-06-14T00:46:32+00:00,2.8393,-74.9615,27.0,1.3,MLr_2,"San Vicente del Caguán - Caquetá, Colombia",manual,0.8,145.0,7.0,SGC,0.1,4.0,4.3,10.0,,,,,,,,,,2.35265,Senel et al.: Mw=0.8095 ML+1.3003 (3.3<=ML<=6.6),,extrapolada,,,principal,,
SGC,SGC2026lvxyqo,,2026-06-17T12:56:29+00:00,2.5279,-75.3529,32.0,2.0,MLr_2,"Algeciras - Huila, Colombia",manual,0.8,93.0,19.0,SGC,0.2,2.0,2.5,3.0,,,,,,,,,,2.9193,Senel et al.: Mw=0.8095 ML+1.3003 (3.3<=ML<=6.6),,extrapolada,,,principal,,
SGC,SGC2026lxxujh,,2026-06-18T15:00:28+00:00,2.7643,-75.005,28.0,1.6,MLr_2,"San Vicente del Caguán - Caquetá, Colombia",manual,1.1,91.0,11.0,SGC,0.1,3.6,2.7,7.0,,,,,,,,,,2.5955000000000004,Senel et al.: Mw=0.8095 ML+1.3003 (3.3<=ML<=6.6),,extrapolada,,,principal,,
SGC,SGC2026mmivss,,2026-06-26T11:36:37+00:00,3.1871,-75.3093,17.0,1.7,MLr_2,"Aipe - Huila, Colombia",manual,0.4,155.0,5.0,SGC,0.2,2.1,2.1,2.0,,,,,,,,,,2.67645,Senel et al.: Mw=0.8095 ML+1.3003 (3.3<=ML<=6.6),,extrapolada,,,principal,,
SGC,SGC2026mpitoe,,2026-06-28T02:47:31+00:00,2.5343,-75.2689,25.0,2.3,MLr_2,"Algeciras - Huila, Colombia",manual,1.0,97.0,29.0,SGC,0.1,2.0,2.3,3.0,,,,,,,,,,3.16215,Senel et al.: Mw=0.8095 ML+1.3003 (3.3<=ML<=6.6),,extrapolada,,,principal,,
SGC,SGC2026mrfbvw,,2026-06-29T03:05:25+00:00,3.155,-75.1893,36.0,2.0,MLr_2,"Tello - Huila, Colombia",manual,0.9,70.0,20.0,SGC,0.2,2.2,2.5,4.0,,,,,,,,,,2.9193,Senel et al.: Mw=0.8095 ML+1.3003 (3.3<=ML<=6.6),,extrapolada,,,principal,,
SGC,SGC2026nebmqk,,2026-07-06T03:15:26+00:00,2.7201,-75.0481,7.0,1.4,MLr_2,"San Vicente del Caguán - Caquetá, Colombia",manual,0.4,148.0,7.0,SGC,0.1,1.3,1.3,3.0,,,,,,,,,,2.4336,Senel et al.: Mw=0.8095 ML+1.3003 (3.3<=ML<=6.6),,extrapolada,,,principal,,
SGC,SGC2026nngjyv,,2026-07-11T03:23:28+00:00,2.6791,-75.1213,29.0,3.0,MLr_2,"San Vicente del Caguán - Caquetá, Colombia",manual,1.0,93.0,69.0,SGC,0.2,1.7,1.7,2.0,,,,,,,,,,3.7288,Senel et al.: Mw=0.8095 ML+1.3003 (3.3<=ML<=6.6),,extrapolada,,,principal,,
SGC,SGC2026notilw,,2026-07-11T22:58:26+00:00,2.9118,-75.2133,39.0,3.0,MLr_2,"Neiva - Huila, Colombia",manual,1.1,79.0,56.0,SGC,0.3,1.7,1.8,2.0,,,,,,,,,,3.7288,Senel et al.: Mw=0.8095 ML+1.3003 (3.3<=ML<=6.6),,extrapolada,,,principal,,
SGC,SGC2026nqgwph,,2026-07-12T18:51:32+00:00,3.0858,-75.2673,15.0,1.4,MLr_2,"Neiva - Huila, Colombia",manual,0.5,143.0,10.0,SGC,0.1,2.1,3.1,5.0,,,,,,,,,,2.4336,Senel et al.: Mw=0.8095 ML+1.3003 (3.3<=ML<=6.6),,extrapolada,,,principal,,
SGC,SGC2026nxbdel,,2026-07-16T11:29:28+00:00,2.6141,-75.1856,28.0,1.8,MLr_2,"Algeciras - Huila, Colombia",manual,0.7,145.0,11.0,SGC,0.1,2.9,4.2,7.0,,,,,,,,,,2.7574,Senel et al.: Mw=0.8095 ML+1.3003 (3.3<=ML<=6.6),,extrapolada,,,principal,,
SGC,SGC2026ojvhgu,,2026-07-23T10:31:22+00:00,2.9356,-74.8394,35.0,1.9,MLr_2,"Uribe - Meta, Colombia",manual,0.9,112.0,10.0,SGC,0.1,3.2,3.8,11.0,,,,,,,,,,2.83835,Senel et al.: Mw=0.8095 ML+1.3003 (3.3<=ML<=6.6),,extrapolada,,,principal,,
SGC,SGC2026osggcy,,2026-07-28T00:37:43+00:00,2.5052,-75.3524,33.0,1.4,MLr_2,"Algeciras - Huila, Colombia",manual,0.7,95.0,11.0,SGC,0.1,2.4,4.1,4.0,,,,,,,,,,2.4336,Senel et al.: Mw=0.8095 ML+1.3003 (3.3<=ML<=6.6),,extrapolada,,,principal,,
SGC,SGC2026osypwl,,2026-07-28T09:52:08+00:00,3.1487,-75.0488,26.0,2.4,MLr_2,"Baraya - Huila, Colombia",manual,1.0,120.0,32.0,SGC,0.2,2.0,2.1,5.0,,,,,,,,,,3.2431,Senel et al.: Mw=0.8095 ML+1.3003 (3.3<=ML<=6.6),,extrapolada,,,principal,,
SGC,SGC2026owlsyw,,2026-07-30T07:41:25+00:00,2.618,-75.1356,20.0,1.6,MLr_2,"San Vicente del Caguán - Caquetá, Colombia",manual,0.6,148.0,6.0,SGC,0.1,2.7,2.7,8.0,,,,,,,,,,2.5955000000000004,Senel et al.: Mw=0.8095 ML+1.3003 (3.3<=ML<=6.6),,extrapolada,,,principal,,
SGC,SGC2026oyehic,,2026-07-31T06:05:40+00:00,3.0694,-74.9721,26.0,3.7,MLr_2,"Baraya - Huila, Colombia",manual,1.0,102.0,90.0,SGC,0.2,1.5,1.5,3.0,,,,,,,,,,4.295450000000001,Senel et al.: Mw=0.8095 ML+1.3003 (3.3<=ML<=6.6),,dentro_de_rango,,,principal,,
SGC,SGC2026pkfsid,,2026-08-06T19:42:16+00:00,2.4877,-75.3677,30.0,1.6,MLr_2,"Algeciras - Huila, Colombia",manual,0.8,95.0,15.0,SGC,0.2,2.2,3.0,4.0,,,,,,,,,,2.5955000000000004,Senel et al.: Mw=0.8095 ML+1.3003 (3.3<=ML<=6.6),,extrapolada,,,principal,,
SGC,SGC2026qbiotn,,2026-08-16T03:24:44+00:00,2.9335,-74.8521,32.0,1.8,MLr_2,"Uribe - Meta, Colombia",manual,1.0,113.0,14.0,SGC,0.2,2.7,3.0,9.0,,,,,,,,,,2.7574,Senel et al.: Mw=0.8095 ML+1.3003 (3.3<=ML<=6.6),,extrapolada,,,principal,,
SGC,SGC2026qcqtnk,,2026-08-16T20:36:06+00:00,3.1979,-75.2995,47.0,1.6,MLr_2,"Aipe - Huila, Colombia",manual,0.8,115.0,13.0,SGC,0.1,2.9,3.9,8.0,,,,,,,,,,2.5955000000000004,Senel et al.: Mw=0.8095 ML+1.3003 (3.3<=ML<=6.6),,extrapolada,,,principal,,
SGC,SGC2026qnyyuh,,2026-08-23T00:32:51+00:00,2.6398,-75.4976,19.0,1.3,MLr_2,"Yaguará - Huila, Colombia",manual,0.1,183.0,5.0,SGC,0.1,1.6,1.6,3.0,,,,,,,,,,2.35265,Senel et al.: Mw=0.8095 ML+1.3003 (3.3<=ML<=6.6),,extrapolada,,,principal,,
SGC,SGC2026qogodz,,2026-08-23T04:21:54+00:00,2.704,-75.007,0.0,1.3,MLr_2,"San Vicente del Caguán - Caquetá, Colombia",manual,0.6,139.0,5.0,SGC,0.1,1.6,1.6,4.0,,,,,,,,,,2.35265,Senel et al.: Mw=0.8095 ML+1.3003 (3.3<=ML<=6.6),,extrapolada,,,principal,,
SGC,SGC2026rdvjmd,,2026-08-31T15:56:09+00:00,2.7241,-75.0794,34.0,2.0,MLr_2,"San Vicente del Caguán - Caquetá, Colombia",manual,0.9,92.0,14.0,SGC,0.1,3.1,2.9,5.0,,,,,,,,,,2.9193,Senel et al.: Mw=0.8095 ML+1.3003 (3.3<=ML<=6.6),,extrapolada,,,principal,,
SGC,SGC2026rijgnt,,2026-09-03T03:13:48+00:00,3.2343,-75.0406,3.0,2.0,MLr_2,"Baraya - Huila, Colombia",manual,0.6,68.0,28.0,SGC,0.1,0.6,0.6,2.0,,,,,,,,,,2.9193,Senel et al.: Mw=0.8095 ML+1.3003 (3.3<=ML<=6.6),,extrapolada,,,principal,,
SGC,SGC2026rpnbev,,2026-09-07T00:38:54+00:00,2.8611,-74.9058,10.0,1.3,MLr_2,"San Vicente del Caguán - Caquetá, Colombia",manual,0.2,147.0,5.0,SGC,0.1,1.3,1.3,3.0,,,,,,,,,,2.35265,Senel et al.: Mw=0.8095 ML+1.3003 (3.3<=ML<=6.6),,extrapolada,,,principal,,
SGC,SGC2026scnbdd,,2026-09-14T02:36:58+00:00,2.6924,-75.0645,36.0,1.7,MLr_2,"San Vicente del Caguán - Caquetá, Colombia",manual,0.8,100.0,12.0,SGC,0.1,2.6,3.5,6.0,,,,,,,,,,2.67645,Senel et al.: Mw=0.8095 ML+1.3003 (3.3<=ML<=6.6),,extrapolada,,,principal,,
SGC,SGC2026scqpya,,2026-09-14T04:24:40+00:00,3.0466,-74.9066,19.0,1.1,MLr_2,"Baraya - Huila, Colombia",manual,0.6,208.0,6.0,SGC,0.2,5.1,4.4,12.0,,,,,,,,,,2.19075,Senel et al.: Mw=0.8095 ML+1.3003 (3.3<=ML<=6.6),,extrapolada,,,principal,,
