Tiempo_s,Aceleracion_g
0.0,-0.27142619290135017
0.05,0.04728439453299163
0.1,-0.038877273545253214
0.15000000000000002,0.002920414746039436
0.2,-0.005468915799482878
0.25,0.012757002417912038
0.30000000000000004,-0.0378495955187312
0.35000000000000003,0.016426050579561834
0.4,0.005837549414401807
0.45,-0.016025757215410736
0.5,-0.00946936090561311
0.55,0.010688507942433097
0.6000000000000001,0.012596236694986357
0.65,-0.0019164991224906395
0.7000000000000001,-0.007644080405973314
0.75,-0.003523481691435589
0.8,0.01199854773891447
0.8500000000000001,-0.0004596604465773247
0.9,-0.006417011960333754
0.9500000000000001,0.008693814165124807
1.0,0.0023951270487478165
1.05,0.002013904589670811
1.1,0.0008027720817829821
1.1500000000000001,-0.001539854854338672
1.2000000000000002,0.008112875211576207
1.25,0.006310028910410684
1.3,0.0033918280994144133
1.35,-0.005813084562275558
1.4000000000000001,0.00032430176826786635
1.4500000000000002,0.005606761125732392
1.5,0.0035376517579883506
1.55,-0.0006273815418600491
1.6,-0.009256018986479018
1.6500000000000001,-0.009403143672884882
1.7000000000000002,-0.002404646261822919
1.75,-0.004554384110779639
1.8,0.0061212681644130145
1.85,0.003127308349256721
1.9000000000000001,0.0033390454558135394
1.9500000000000002,-0.0014676608426430072
2.0,-0.0026704477285846018
2.0500000000000003,-0.0005123113367064747
2.1,-0.0029580819021696203
2.15,0.007099173936211114
2.2,0.0005466728537447215
2.25,-0.002163489320668914
2.3000000000000003,-0.001539179328098557
2.35,-0.007803759663003712
2.4000000000000004,-0.0024679345091141495
2.45,-0.004038746552410307
2.5,-0.0013628321313287372
2.5500000000000003,-0.003571033812574335
2.6,-0.0038513698846679785
2.6500000000000004,0.004069192117335027
2.7,-0.006247248634331258
2.75,0.001938508945114867
2.8000000000000003,0.001084477724617668
2.85,-0.0031745540743601296
2.9000000000000004,0.0025342231991039477
2.95,-0.0018513319258748062
3.0,0.004013595943625131
3.0500000000000003,0.0023053873409550865
3.1,0.0052071059437264824
3.1500000000000004,0.0033882733619549675
3.2,0.00012999028097277848
3.25,0.006997303579072762
3.3000000000000003,-9.670962354913821e-05
3.35,0.0028620464985815
3.4000000000000004,0.006486202144155077
3.45,0.0017612782748253272
3.5,0.0016576241214654648
3.5500000000000003,0.0028727124362008354
3.6,-0.0008905878165587093
3.6500000000000004,0.0014517916403680628
3.7,0.0014758215111311242
3.75,-0.0011889541801185653
3.8000000000000003,0.0008517673355066505
3.85,-0.0014357998068461183
3.9000000000000004,0.0012277828085968127
3.95,0.0007665643625273057
4.0,0.0026204825451050418
4.05,0.0012699294559707635
4.1000000000000005,-0.00031797142278572896
4.15,0.0025343418321150837
4.2,-0.0023389113383094043
4.25,0.001966616618850389
4.3,0.0023800647537093452
4.3500000000000005,-0.003056215266712863
4.4,-0.00032139605280067854
4.45,-0.0030108132593679292
4.5,-0.0005754021390871146
4.55,-0.0016037284105355671
4.6000000000000005,-0.0019400590539460025
4.65,-0.00018277906682156338
4.7,-0.003004862088688779
4.75,-6.749023314509448e-05
4.800000000000001,-0.004893426984611114
4.8500000000000005,-0.004565553305561233
4.9,-0.004499381168448023
4.95,-0.003907349633885531
5.0,-0.0013779804976683015
5.050000000000001,-0.004774751538726119
5.1000000000000005,-0.001771705027274064
5.15,-0.005851236934761188
5.2,-0.000879994255461014
5.25,-0.0031802399808933913
5.300000000000001,-0.0027284412665278604
5.3500000000000005,0.0007474462753322284
5.4,-0.0036120317116299185
5.45,0.0035762922045709505
5.5,-0.00040358499863501145
5.550000000000001,0.0006462027028930588
5.6000000000000005,0.0018654038544915054
5.65,-0.00036299268885899645
5.7,0.00038032417218919164
5.75,-0.002308380807429731
5.800000000000001,0.0034685436376816173
5.8500000000000005,0.0015985800119016661
5.9,0.0015536056958213153
5.95,0.00423128794949288
6.0,-0.0019313994661791097
6.050000000000001,0.0038952843950297356
6.1000000000000005,0.003381748896580245
6.15,-0.000530289601454772
6.2,0.007573952188199135
6.25,0.0016685633897815814
6.300000000000001,0.0017926511868070901
6.3500000000000005,0.005143058417138317
6.4,0.0027346322750357644
6.45,0.005386638073023862
6.5,0.0010341841960982616
6.550000000000001,0.005667380266294884
6.6000000000000005,0.004234283007972558
6.65,0.0038184753750708624
6.7,0.0058152629684704
6.75,-0.0034161553562079582
6.800000000000001,0.004484850959708244
6.8500000000000005,0.0017565078313206742
6.9,-0.0017142093049250483
6.95,0.00046744239942940626
7.0,-0.00267834845192309
7.050000000000001,-0.0005929035927360873
7.1000000000000005,-0.0021974760450306735
7.15,-0.002390612464185939
7.2,-0.004891749618853573
7.25,-0.000591381214576106
7.300000000000001,-0.0015121267819051968
7.3500000000000005,-0.0036655139270322383
7.4,-0.0039719642165372444
7.45,-0.0017590271315220088
7.5,-0.002440578357423889
7.550000000000001,-0.003586585531329318
7.6000000000000005,-0.0015342430304625745
7.65,-0.006355416680582127
7.7,-0.0009001753423969087
7.75,-0.0044908636614643645
7.800000000000001,-0.004095379282876997
7.8500000000000005,-0.003603789585862304
7.9,-0.003245410191548363
7.95,-7.44493588854232e-05
8.0,-0.0030753918826486645
8.05,-0.0021258815853313112
8.1,-0.004264889667758074
8.15,0.0020590439601783834
8.200000000000001,-0.0005823456642026907
8.25,-0.0034831156381783046
8.3,0.0024093620023144815
8.35,-0.0004986678358893624
8.4,0.0010758671683280575
8.450000000000001,0.00022240539981411526
8.5,-0.0014753425881495236
8.55,0.002607742409445836
8.6,0.0013897557689581438
8.65,0.004078542060519169
8.700000000000001,0.0011299241682164209
8.75,0.001678409172547857
8.8,0.004267824989100802
8.85,0.00070901407101581
8.9,0.005208670007722643
8.950000000000001,0.0009629073987016687
9.0,0.0047303601718757015
9.05,0.006097185999103121
9.1,0.0003684523320246235
9.15,0.004115836171147962
9.200000000000001,0.005124640645382666
9.25,0.0014673686713025584
9.3,0.00340060422706115
9.35,0.004375575498002829
9.4,0.002237382169594881
9.450000000000001,0.00372205062356474
9.5,0.002836244372524482
9.55,0.0020752538872454906
9.600000000000001,-0.0026598933070146615
9.65,0.0005369754987899396
9.700000000000001,0.0012652459529794572
9.75,-0.0020207755900297584
9.8,-0.0001606562862292874
9.850000000000001,-0.00039748409933428275
9.9,-0.004581087559662936
9.950000000000001,0.0006204977962429927
10.0,-0.0029086635388429058
10.05,-0.006307977690083868
10.100000000000001,0.0032093624624628227
10.15,-0.006811934164241662
10.200000000000001,-0.003760585702780901
10.25,-0.0013040112696154202
10.3,-0.006373408704995352
10.350000000000001,-0.0024774503634847674
10.4,-0.003227922892471107
10.450000000000001,-0.0035946418240805343
10.5,-0.005193651125621101
10.55,-0.0021506941416289433
10.600000000000001,-0.0017238666310280513
10.65,-0.006726998387012336
10.700000000000001,-0.0006614295379043216
10.75,0.0016174760117820795
10.8,-0.003262505003198408
10.850000000000001,0.0007719107523854054
10.9,-0.00020302725912649635
10.950000000000001,-0.0012526572393626563
11.0,0.0013021921243470639
11.05,0.00042273134270824565
11.100000000000001,0.001379171752393107
11.15,-0.0006286197229235925
11.200000000000001,0.0005148287048205249
11.25,0.0034867614438679655
11.3,0.0015547154756497792
11.350000000000001,0.0009684634744879696
11.4,0.002623273337990045
11.450000000000001,0.002870077682769675
11.5,0.0017795322776120099
11.55,0.002299133154383273
11.600000000000001,0.0038386123405125773
11.65,0.0020954605236769633
11.700000000000001,0.003148660095572795
11.75,0.00490671237507411
11.8,0.001794296875829371
11.850000000000001,0.0024190027396381432
11.9,0.002215778995705139
11.950000000000001,0.004352519299876252
12.0,0.0011018043954936255
12.05,0.0008272262094788039
12.100000000000001,0.0038742909253014148
12.15,-0.0026593258700458103
12.200000000000001,0.0055908965391842265
12.25,0.0008516282999291115
12.3,-0.005695730969727341
12.350000000000001,0.003870228515964463
12.4,-0.0019908291467882716
12.450000000000001,0.00029403663459851405
12.5,-0.002015154199359262
12.55,-0.00439734819559018
12.600000000000001,0.0014276715258516681
12.65,-0.0027012894161668496
12.700000000000001,-0.0022805136139673653
12.75,-0.0039559300929233885
12.8,-0.0019983734577949035
12.850000000000001,0.002389461533562422
12.9,-0.0037678660909271086
12.950000000000001,-0.005172591010436302
13.0,0.00040589994702557817
13.05,-0.0028147411362671074
13.100000000000001,-0.00158478692553676
13.15,-0.0001552527162388411
13.200000000000001,-0.004527407851623298
13.25,0.0009501923186348983
13.3,-0.0012764057205278572
13.350000000000001,-0.0014038000314620389
13.4,-0.0005170641518716263
13.450000000000001,-0.0033940480599897347
13.5,0.003276252623384829
13.55,-0.002516374878809875
13.600000000000001,-0.0011980092750278556
13.65,0.0017552249592425084
13.700000000000001,-0.0026176027867053854
13.75,0.0028159286485157746
13.8,-0.00208830091185392
13.850000000000001,0.0001795711672770474
13.9,0.0022651755482267335
13.950000000000001,-0.0005927161387781076
14.0,0.001971971785566531
14.05,-0.0013793196663184897
14.100000000000001,0.003074314988488765
14.15,0.0020213585707471162
14.200000000000001,-0.001643074785208716
14.25,0.0015929193645311656
14.3,0.002569650767821897
14.350000000000001,0.0021055014458060445
14.4,0.0022508345477116236
14.450000000000001,0.0008287819219356862
14.5,-0.0016790996211735157
14.55,0.005387513103633199
14.600000000000001,0.001452114159398141
14.65,-0.002183022997756707
14.700000000000001,0.004250990865190489
14.75,-0.0014813483535801098
14.8,0.0023589272984419402
14.850000000000001,4.64674852943306e-05
14.9,-0.0007069135494937682
14.950000000000001,0.0015049630757739054
15.0,-0.001260929834983187
15.05,0.0030797613675322844
15.100000000000001,-0.004762032312529173
15.15,0.001214652998060262
15.200000000000001,0.002632416679293186
15.25,-0.0016523309160287407
15.3,-0.0005416719480619807
15.350000000000001,-0.0013078600058512298
15.4,-0.00010698830688752395
15.450000000000001,-0.0030477682135884106
15.5,0.0026010234412009777
15.55,-0.0002132906815563847
15.600000000000001,-0.002325985251072606
15.65,0.000992121452128856
15.700000000000001,-0.0031416427323514382
15.75,-0.0014697330185521116
15.8,0.0018071774563681064
15.850000000000001,-0.000814746171216297
15.9,-0.00047274096488121993
15.950000000000001,-0.0015471394455830072
16.0,-0.002376528091809784
16.05,0.0019147837828768172
16.1,-0.001964964567852654
16.150000000000002,-0.001894017837641443
16.2,0.0023100693721939437
16.25,-0.0013208793254645417
16.3,0.0005346451120341635
16.35,-0.0011038604318398132
16.400000000000002,-0.002195305090305822
16.45,0.002205558106425606
16.5,0.00026708270786474217
16.55,0.00033205919800551286
16.6,-0.0025835425146395774
16.650000000000002,-0.0007457194152958735
16.7,0.0036512960225611045
16.75,0.0009390728139037918
16.8,-0.0010082875331050387
16.85,-0.0008052964421377477
16.900000000000002,0.0005965017429588255
16.95,0.002034422484148251
17.0,0.001009331168697973
17.05,-0.0009586303587817498
17.1,-0.001034433061674738
17.150000000000002,0.0024867365162794045
17.2,0.0010706889613251436
17.25,-0.0017540171459719802
17.3,0.0014535597054516044
17.35,-0.0012256540999699458
17.400000000000002,0.0007221860849095189
17.45,0.0011664038862488053
17.5,-0.0037507135540533042
17.55,0.0027701994694380536
17.6,0.0008799591445923561
17.650000000000002,-0.0017544215201829576
17.7,0.0013718480073679749
17.75,-0.0017651534257765139
17.8,0.00047524438869182405
17.85,-0.00011067390755151108
17.900000000000002,0.0016300716035743297
17.95,-0.001720464525288471
18.0,-0.002448483641765951
18.05,0.006104739932627907
18.1,-0.00412154493205446
18.150000000000002,-0.00025424508343548595
18.2,0.0028033873084226672
18.25,-0.0027308013028492124
18.3,0.0025892952576030887
18.35,-0.0014164219927801389
18.400000000000002,-0.0007643815185317808
18.45,0.0019610097133633667
18.5,0.000803020830739188
18.55,0.0019119983765078401
18.6,-0.002990331243928921
18.650000000000002,-0.0014059354024811516
18.7,0.0023413673487779605
18.75,0.0006584280504033218
18.8,0.0003281449325879892
18.85,0.00020314695146073932
18.900000000000002,9.232907995184728e-05
18.95,0.0005535930666895873
19.0,0.0018144667326717902
19.05,-0.001233044817243179
19.1,-0.001962620559961312
19.150000000000002,0.0019631037171312744
19.200000000000003,0.00043690905060921357
19.25,-0.0011832084390038993
19.3,0.0008571894536041105
19.35,-0.002574778074064345
19.400000000000002,0.0010236514969325786
19.450000000000003,0.0016909645978077073
19.5,-0.0022375959476306226
19.55,0.0014649445829409125
19.6,-0.0011728951291943338
19.650000000000002,0.0011089398356256908
19.700000000000003,-0.0018035828663905938
19.75,-0.002273595045872187
19.8,0.0020948058970595607
19.85,-0.001706888631957742
19.900000000000002,0.0029284440714271724
19.950000000000003,-0.0031379611830983064
20.0,-0.0017316475194052395
20.05,0.0037719677791622492
20.1,-0.0032147493545653
20.150000000000002,0.0011627799996658768
20.200000000000003,-0.0010371726604733646
20.25,-0.0015532698994419885
20.3,0.001235326009845055
20.35,0.0004627076120707645
20.400000000000002,-0.002392330352504983
20.450000000000003,-0.00032188575394266405
20.5,0.00136147578512971
20.55,-0.0019904264517587047
20.6,0.00350057247264281
20.650000000000002,-0.0045584470050642365
20.700000000000003,-0.000860665017826463
20.75,0.0052457456178389445
20.8,-0.002700344252826701
20.85,0.00036815200692266373
20.900000000000002,0.0005029721393505051
20.950000000000003,-0.0013613520678632213
21.0,0.0029532863620689285
21.05,-0.00034748844722050576
21.1,-0.0022697697164808005
21.150000000000002,0.004169547300869772
21.200000000000003,-0.0015699303572009862
21.25,-0.0009037088721953977
21.3,0.002308138699795291
21.35,-0.0024326243441168374
21.400000000000002,0.002228943047877685
21.450000000000003,0.0004987329146669515
21.5,-0.0010777643041267727
21.55,0.00048626828630283613
21.6,0.000501369996046499
21.650000000000002,0.002004584246191769
21.700000000000003,-0.0015468789679792927
21.75,0.0022638112109660863
21.8,0.0006878060825705509
21.85,-0.0001011892559995322
21.900000000000002,0.001665620269909481
21.950000000000003,-0.0031291018188958435
22.0,0.0017485345029746569
22.05,0.003999690188652738
22.1,-0.003346682194175605
22.150000000000002,0.002758205210653332
22.200000000000003,0.00027061034006258135
22.25,-0.004245936479650593
22.3,0.005897206582637254
22.35,-0.0017458914663335795
22.400000000000002,-0.002197435332346924
22.450000000000003,0.002485617351941344
22.5,0.0005442208587523664
22.55,-0.0027448389850406626
22.6,-0.0004001235604812889
22.650000000000002,0.00010086376280286504
22.700000000000003,-0.0008928297127663143
22.75,0.0014231637906864433
22.8,-0.003982469419158276
22.85,0.00020996174886111758
22.900000000000002,-1.9110036877681327e-05
22.950000000000003,-0.00021595340083973996
23.0,-0.0012354265467731226
23.05,-0.001440732667349975
23.1,0.0020343191746889666
23.150000000000002,-0.0022966157960627263
23.200000000000003,0.0005580888390015989
23.25,-0.0014348378931018698
23.3,-0.0016628301827137332
23.35,0.002208405684670512
23.400000000000002,-0.0022913669324940854
23.450000000000003,-0.0011288833188370796
23.5,0.002786216828776913
23.55,-0.0019868160091655778
23.6,-0.001983182118554545
23.650000000000002,0.003104392498520466
23.700000000000003,-0.0034723783827011545
23.75,0.0018918579209382278
23.8,0.001993729172345766
23.85,-0.004278774590028208
23.900000000000002,0.003093455503897218
23.950000000000003,-0.0005150825459217185
24.0,-0.0002833604002262103
24.05,0.0016075500720274228
24.1,-0.0008127706653884105
24.150000000000002,-0.0006904637413005875
24.200000000000003,0.0024749098706048065
24.25,0.0005831355703345853
24.3,-0.002142989674988999
24.35,0.003906969963367081
24.400000000000002,2.601891936578872e-05
24.450000000000003,-0.0010660114957061417
24.5,0.002842100972936291
24.55,-0.0016704354522798976
24.6,0.000686297720055465
24.650000000000002,0.0012879187724492529
24.700000000000003,-0.0008296627955488331
24.75,0.0028419591729044367
24.8,-0.0011119485194945908
24.85,-8.230260488752192e-06
24.900000000000002,0.0017606507071489268
24.950000000000003,-0.0019089481844085832
25.0,0.002248873368618551
25.05,0.0008638875397997845
25.1,-0.0015923922013550563
25.150000000000002,0.001805397044340295
25.200000000000003,-0.000564893905798694
25.25,-0.0017026037630887931
25.3,0.0007237321214214751
25.35,0.00023369303326868857
25.400000000000002,-0.00012772874611950865
25.450000000000003,-0.000450800154885091
25.5,-0.000689105057766195
25.55,-0.0002457684331868116
25.6,0.0011681182630971165
25.650000000000002,-0.0005092026767520983
25.700000000000003,-0.0018167067344761673
25.75,0.0010511192024368378
25.8,-0.0018711943559141335
25.85,-0.0004438250949598919
25.900000000000002,-0.00016780726208471224
25.950000000000003,-0.0012154582319135483
26.0,0.0008563865451371812
26.05,0.0001517162901135273
26.1,-0.0017199090215822346
26.150000000000002,-0.0015351861059328127
26.200000000000003,-0.0008173690365765217
26.25,0.0004786765553076933
26.3,0.001983384341464228
26.35,-0.002239383760291552
26.400000000000002,-0.0011204299901008655
26.450000000000003,-0.00022123056884461748
26.5,0.00231018316159732
26.55,-0.001518308991972231
26.6,-0.0005113305625462488
26.650000000000002,0.0009654865499018584
26.700000000000003,-0.0026272046533140146
26.75,0.0032066193848234587
26.8,-0.0010147231995960718
26.85,-0.0009301917212365632
26.900000000000002,0.0004904402149284313
26.950000000000003,0.0028142762670855556
27.0,-0.001637187065736963
27.05,-0.0010382505711220642
27.1,0.0032030712995010395
27.150000000000002,-0.00260974542489423
27.200000000000003,0.0028948660543288837
27.25,-0.0003935099458452266
27.3,-0.0008902345678536013
27.35,0.0007694335553182894
27.400000000000002,0.0005843195838861269
27.450000000000003,0.00056009083667313
27.5,-0.0013884442610960217
27.55,0.002542393525818905
27.6,-0.0007729543781692902
27.650000000000002,6.507012358159676e-05
27.700000000000003,0.00012251544171978506
27.75,-0.0007458557736988544
27.8,0.0029242344822574553
27.85,0.0024451871344448417
27.900000000000002,-0.003589448983097948
27.950000000000003,0.0002140472400289875
28.0,0.00022339686791268362
28.05,-0.0008349164455930434
28.1,0.004536640877504265
28.150000000000002,-0.003423587583925792
28.200000000000003,0.0006027744540576535
28.25,0.0005605023715275179
28.3,-0.0025089696893353087
28.35,0.0021147106333633996
28.400000000000002,-0.00021561294210848634
28.450000000000003,0.0012485439744095237
28.5,0.00020032284986559886
28.55,-0.003910844226505258
28.6,0.00030135303658369937
28.650000000000002,0.0014092784556462945
28.700000000000003,-0.0001546519066244024
28.75,0.00045973918950818304
28.8,-0.0016730493491470305
28.85,0.0004575693024049896
28.900000000000002,7.543962699319997e-05
28.950000000000003,-0.0015521322898079128
29.0,-0.0004593703019884524
29.05,0.000744010326413432
29.1,0.0007315874014124862
29.150000000000002,-0.00017845878810257982
29.200000000000003,-0.0014333803738775528
29.25,-0.00020225619324764247
29.3,0.0010951268851774958
29.35,-0.0005995944672049033
29.400000000000002,-0.0007542460051278788
29.450000000000003,-0.0016133393646848365
29.5,0.004871089495217467
29.55,-0.0029718131020877083
29.6,-0.0009719765378620654
29.650000000000002,0.0021884804333104787
29.700000000000003,-0.0028556713355196855
29.75,0.005643944403399433
29.8,-0.005466822763893602
29.85,0.0009590479328126043
29.900000000000002,0.0010433776787416348
29.950000000000003,-0.0011659269342635763
30.0,0.003456195666090025
30.05,-0.0032499467588442557
30.1,0.0012792631259402635
30.150000000000002,-0.0009904958639161481
30.200000000000003,0.0028031009637740113
30.25,-0.002906525637931148
30.3,0.00024868074968738545
30.35,0.0030905783055037105
30.400000000000002,-0.003822376246355752
30.450000000000003,0.0027894889013057996
30.5,-0.0018867675248731865
30.55,0.0010461788992761592
30.6,0.0036715354506428196
30.650000000000002,-0.004302102263877173
30.700000000000003,-0.0006912976753919705
30.75,0.0026308233131257
30.8,-0.0005895269916062349
30.85,0.001050365785036019
30.900000000000002,-0.000976656920734885
30.950000000000003,-0.0011627753392148006
31.0,0.0014895699729857664
31.05,0.0004248469087144161
31.1,-0.0001977126131330574
31.150000000000002,-0.002490976809835154
31.200000000000003,0.00330044728449074
31.25,0.0019118448028429273
31.3,-0.005026722737195458
31.35,0.0017009965840108737
31.400000000000002,0.00032759518944487024
31.450000000000003,-0.00175608412674307
31.5,0.005407776717383466
31.55,-0.004599866612392678
31.6,-0.0006060439078450229
31.650000000000002,0.002896665947169505
31.700000000000003,-0.002998516327906751
31.75,0.0024435981117531826
31.8,-0.0010082179542015505
31.85,-0.0005269395400975836
31.900000000000002,0.0026639469239466687
31.950000000000003,-0.0007016670712894858
32.0,-0.0028527167756174227
32.050000000000004,0.0016698662624713616
32.1,6.238062141557623e-05
32.15,-0.0004154281832146485
32.2,0.00041862040666503127
32.25,-0.0015470303420812806
32.300000000000004,0.00041994999948596586
32.35,0.0010274119280166971
32.4,0.0011028796584811415
32.45,-0.0027993269727925353
32.5,0.0004995199169748727
32.550000000000004,0.0018969255323502113
32.6,-0.0006455642117968688
32.65,-0.0002666019070557447
32.7,-0.0013522146020599872
32.75,7.322394611759447e-05
32.800000000000004,0.00044921878685858635
32.85,0.00042952493014845547
32.9,-0.000988531550013284
32.95,-0.002314044719964278
33.0,0.002115161488497225
33.050000000000004,0.0003183778110158445
33.1,-0.0015442183210880166
33.15,0.002562195311846566
33.2,-0.0012757967282526334
33.25,0.0008429217028502044
33.300000000000004,-0.0007058468356270866
33.35,-0.0008217946681105007
33.4,0.0016720836236504234
33.45,-0.0019215538638569
33.5,0.001942727778905785
33.550000000000004,-0.0025018154501726957
33.6,0.000138408491795999
33.65,0.0031597468534165884
33.7,-0.0012273082554036508
33.75,0.00012925980166462935
33.800000000000004,-0.0016649847844591094
33.85,0.0014995552065681138
33.9,0.001939508545816854
33.95,-0.002012279901966427
34.0,0.00020741159231108322
34.050000000000004,0.00038944541642028783
34.1,-0.0012111245281029267
34.15,0.002112401140867163
34.2,-0.000662135324851422
34.25,-0.001994472919101293
34.300000000000004,0.002230122369637589
34.35,0.00014778634164363527
34.4,-0.0008348215866945511
34.45,-0.00010988079530581151
34.5,-0.0005336875952265066
34.550000000000004,-5.9330798452778825e-05
34.6,-0.00011675333889420038
34.65,0.0018087345201969738
34.7,6.53618896683739e-05
34.75,-0.0008102541011864556
34.800000000000004,0.000440487958134575
34.85,-0.0023357076192102354
34.9,0.0024710816826989616
34.95,-0.0012745278432806056
35.0,-0.0009597549485738633
35.050000000000004,0.0032646152779692767
35.1,-0.002363390794689959
35.15,0.0011172195873301839
35.2,-0.001866601053424378
35.25,0.0017244306094754622
35.300000000000004,9.121895517802716e-05
35.35,-0.0013728430570679824
35.4,0.0025243547036074353
35.45,-0.002710087660289611
35.5,0.003168504686733128
35.550000000000004,-0.00394809113629917
35.6,-9.170997236777387e-06
35.65,0.002103691493243165
35.7,-0.001740607373009021
35.75,0.0034898016722374613
35.800000000000004,-0.004722346922322688
35.85,0.0006521498510470221
35.9,0.001126601051835156
35.95,0.0003560161152918795
36.0,4.1908765852706115e-05
36.050000000000004,-0.0014465747096975277
36.1,0.001472658948522542
36.15,-0.002649008321811338
36.2,0.0015674335645338151
36.25,-0.0008521702480825096
36.300000000000004,0.0008882687798355704
36.35,0.0015328703048337724
36.4,-0.0010597876453695716
36.45,-0.0014162067876149651
36.5,-0.0015159555969809684
36.550000000000004,0.005879265430367349
36.6,-0.0023686968734687457
36.65,0.000986301451256917
36.7,-0.0014116106195781262
36.75,-0.0019875700959690965
36.800000000000004,0.004236990158805835
36.85,-0.0027101909303286534
36.9,0.002433987577696579
36.95,-0.0006845601307954979
37.0,-0.0006298166666960548
37.050000000000004,-0.00021324559950380083
37.1,-0.001398299436121992
37.15,0.0004445615262458742
37.2,0.0012713192770423061
37.25,0.002678936496579719
37.300000000000004,-0.00399814887999704
37.35,-2.3076446629252703e-05
37.4,0.000783103382302902
37.45,-0.000344486132974211
37.5,0.0024946728728593194
37.550000000000004,-0.0012656558438141118
37.6,-0.0007094626891871226
37.65,-0.0012869723250136802
37.7,0.001525317358170734
37.75,0.0008723873871991798
37.800000000000004,-0.0012123913004175434
37.85,0.00382305287262032
37.9,-0.002161042611047791
37.95,-0.0025907570793680655
38.0,0.0003145020889928605
38.050000000000004,0.0003280786879212963
38.1,0.001503796182682099
38.15,0.00023809975077205913
38.2,0.0007337415504397645
38.25,-0.0018210669907916433
38.300000000000004,-0.0004306708760206766
38.35,-2.8128286601629903e-05
38.400000000000006,0.0013477534914152637
38.45,0.0007698530052678463
38.5,-0.0009749448441789434
38.550000000000004,0.00043267778005544804
38.6,-0.0011278288954491304
38.650000000000006,0.0015597573958330891
38.7,-0.001048557718037721
38.75,-0.0013838122505279514
38.800000000000004,0.0035256583571002566
38.85,-0.0009424153582652177
38.900000000000006,-0.000726102834588903
38.95,-0.0005149361982158298
39.0,-0.0024710607591569202
39.050000000000004,0.002721475320653413
39.1,0.0013227454479684652
39.150000000000006,-0.0022355246933162556
39.2,0.0009674207717453539
39.25,0.0003072865372600367
39.300000000000004,-0.0012863063828548011
39.35,0.0004466986837072856
39.400000000000006,-1.2846678393145755e-05
39.45,0.0010019253468831657
39.5,0.00035292021240621024
39.550000000000004,-0.0015885899116756738
39.6,-0.0012182143644015734
39.650000000000006,0.002159493179704312
39.7,0.0011152782003092632
39.75,-0.0016359385656854897
39.800000000000004,0.0004267976413988272
39.85,-0.0023403964136686165
39.900000000000006,0.001680700752301784
39.95,0.0019540576068202736
40.0,-0.0022961102847869515
40.050000000000004,0.0006977908340954148
40.1,0.0005076584064083968
40.150000000000006,-0.0006693520698660461
40.2,0.001118203719331859
40.25,-0.000705541311471105
40.300000000000004,-0.0027381789969683702
40.35,0.004409089586492855
40.400000000000006,-0.002424188403794486
40.45,-0.0012105813940787868
40.5,0.0030446605397273377
40.550000000000004,-0.0032365318935078176
40.6,0.0028505032280384747
40.650000000000006,0.0001056607926884389
40.7,-0.0027032559692974443
40.75,0.0018873235327259606
40.800000000000004,0.0002495756074484451
40.85,-0.0013314740367216435
40.900000000000006,0.002200853607307459
40.95,-0.0010955116508706592
41.0,0.0005632588347426953
41.050000000000004,0.0009207604437483151
41.1,-0.0040795243611612625
41.150000000000006,0.003654521995822277
41.2,-0.0020278971370168877
41.25,0.0008995634158235213
41.300000000000004,0.0017292635879619113
41.35,-0.002934180414931444
41.400000000000006,0.0029406460892644165
41.45,-0.002230860522283328
41.5,0.0010107369025537593
41.550000000000004,-0.0003577895093790396
41.6,0.0008893818150082784
41.650000000000006,-0.00018219420101916718
41.7,-0.0011756521798901294
41.75,0.0011974389764810764
41.800000000000004,-0.003675380130282774
41.85,0.0037213119858240536
41.900000000000006,-0.0003829494569977912
41.95,-0.0012247383995348414
42.0,0.0023278975563816493
42.050000000000004,-0.002263018369066795
42.1,0.00021073055050836037
42.150000000000006,-0.0003546690522759939
42.2,0.00045809621359253847
42.25,0.001899884298920609
42.300000000000004,-0.0016379891678988557
42.35,-0.0005659828236090547
42.400000000000006,-0.00027526441443069094
42.45,4.605215142678733e-05
42.5,0.0013890084762633059
42.550000000000004,-0.0011295648742583216
42.6,0.00031409082655985934
42.650000000000006,0.00020300091956723188
42.7,-0.0016150872787955351
42.75,0.0009490191272736916
42.800000000000004,7.634569096644349e-05
42.85,-0.00042818363401924715
42.900000000000006,-0.0002754761148984583
42.95,0.0003969835086030019
43.0,0.00064303201543724
43.050000000000004,-0.0015502386002934662
43.1,0.0007928954316083213
43.150000000000006,-0.0021803839756680747
43.2,0.00024251291273559716
43.25,0.0025800072505137214
43.300000000000004,-0.000838580783026279
43.35,0.0014290755692417455
43.400000000000006,-0.0032647098677459486
43.45,0.0005421635251732068
43.5,0.001125743201045257
43.550000000000004,-0.0015954052183438725
43.6,0.003491133570594006
43.650000000000006,-0.0011240545118162695
43.7,-0.0003662463279208595
43.75,-0.0013979913146436838
43.800000000000004,-0.00023525165072162398
43.85,0.00197261144508143
43.900000000000006,-0.002645605809026045
43.95,0.00238455093784303
44.0,0.0010002782463237954
44.050000000000004,-0.0014884606826075755
44.1,0.0014424776980843054
44.150000000000006,-0.002090103868495926
44.2,0.0014639371129223377
44.25,0.0006253680239756716
44.300000000000004,-0.0015710380029913098
44.35,0.0005597883571129264
44.400000000000006,-0.0007524780869228397
44.45,0.003791419750129279
44.5,-0.0029754446954708257
44.550000000000004,0.0003298650154055678
44.6,0.0005315988295599894
44.650000000000006,-0.0037940227538526806
44.7,0.005717645921313921
44.75,-0.0023420803438269316
44.800000000000004,0.0013699777381247734
44.85,0.00024190522142327828
44.900000000000006,-0.003599296063228772
44.95,0.0013919105114229622
45.0,-0.0016870889061749357
45.050000000000004,0.002701691871511173
45.1,0.0017466983693691749
45.150000000000006,-0.0011847631433991978
45.2,-0.0019726040680262753
45.25,-0.0012268986853111526
45.300000000000004,0.0032594523186936885
45.35,-0.0012126058937849057
45.400000000000006,0.0002866865063905902
45.45,0.0006366370628592518
45.5,-0.001862297921560175
45.550000000000004,0.0028266224047775916
45.6,-0.00272572240935776
45.650000000000006,0.0006763103130479189
45.7,0.0018793429028901236
45.75,-0.0004888733858296698
45.800000000000004,-0.0019089842580586039
45.85,-0.00039127963800724146
45.900000000000006,0.001740605626022875
45.95,-0.0017911344839167556
46.0,0.0034260603633378393
46.050000000000004,-0.001794033666865441
46.1,-0.002037516287001393
46.150000000000006,0.0023304807450503524
46.2,-0.0024323856839617137
46.25,0.0003372158096543368
46.300000000000004,0.0019462203891727993
46.35,-0.0013732540111342929
46.400000000000006,0.0016761052179943784
46.45,-0.0012025004381606397
46.5,-0.0024056333483031185
46.550000000000004,0.0003509885753066744
46.6,-0.0003689573043788622
46.650000000000006,0.0051290544704307925
46.7,-0.0009208559671072417
46.75,-0.003078993286988659
46.800000000000004,0.0015161458169607183
46.85,-0.0017469627502948348
46.900000000000006,-0.00012068300224235288
46.95,0.0016777382102108193
47.0,0.0013625752197165837
47.050000000000004,0.0002587675852985181
47.1,-0.0011208237660980756
47.150000000000006,-0.0020124872572662967
47.2,-0.00039096330954596756
47.25,0.003239424768415482
47.300000000000004,0.0002977538788288644
47.35,-0.0010515359143006245
47.400000000000006,0.0014104955397052147
47.45,-0.0013885951759483363
47.5,-0.0015361680483032237
47.550000000000004,0.0019132043826688477
47.6,0.0018865494214850055
47.650000000000006,-0.0013309820719978186
47.7,8.546154377227492e-05
47.75,-0.0008789587492649452
47.800000000000004,-0.0014336729766378396
47.85,0.00465872559752101
47.900000000000006,-0.001253155997666795
47.95,-0.0014111522777745932
48.0,-0.00028434427188089043
48.050000000000004,-0.0013516416766810755
48.1,0.0026432468188370283
48.150000000000006,-0.000374421326060433
48.2,4.02463306195146e-05
48.25,0.0007425099530109157
48.300000000000004,-0.00030971193863234774
48.35,-0.0011778482329555364
48.400000000000006,-0.0006338519146764593
48.45,0.0005648031755415052
48.5,0.000380425972185132
48.550000000000004,0.0003932671937157098
48.6,-0.0007050510545496013
48.650000000000006,-0.0012282004346434465
48.7,0.0016354257726622014
48.75,-0.00045900434330147253
48.800000000000004,0.00026688253735700153
48.85,0.000769035238328615
48.900000000000006,-0.0029471323649452705
48.95,0.0016545620909644997
49.0,0.0005667653408053663
49.050000000000004,-0.0021988013055283455
49.1,0.0016967252558953616
49.150000000000006,-0.0003648644400665511
49.2,-0.0005141907477079386
49.25,-0.00019214407994914927
49.300000000000004,-0.0012765325910118264
49.35,0.001626180849858956
49.400000000000006,0.0023527461271862214
49.45,-0.0010046261151677655
49.5,-0.003920914902065077
49.550000000000004,0.00044123732715832027
49.6,0.0019030498868702268
49.650000000000006,0.00017288938288432973
49.7,0.00018938040627909878
49.75,-0.0016928251524209318
49.800000000000004,0.0011494924112289617
49.85,0.0008750762278828125
49.900000000000006,-0.0018492415194341705
49.95,0.00046274487605787827
50.0,0.0014461312150492354
50.050000000000004,0.0007787988637406822
50.1,-0.00028569207283083304
50.150000000000006,-0.0019372579900793852
50.2,0.00048454141467641306
50.25,-0.0010198096555807683
50.300000000000004,0.00015531158689402645
50.35,0.002861129135754719
50.400000000000006,-0.0016465776626104183
50.45,-0.00030252769842230103
50.5,0.0007347165771399183
50.550000000000004,-0.0027397667346326
50.6,0.0011409302259817859
50.650000000000006,0.0030846178545718976
50.7,-0.0037983488569719114
50.75,0.0009179063695458462
50.800000000000004,0.0016128765017050166
50.85,-0.0016438593104439474
50.900000000000006,0.0013292249673804433
50.95,-0.0013924436757907473
51.0,0.0005277982859034271
51.050000000000004,0.0013424491277777308
51.1,0.0006257615104147019
51.150000000000006,-0.0011723163272892654
51.2,-5.015318595337383e-05
51.25,-0.00025571613006731924
51.300000000000004,0.0010867303412135836
51.35,-0.00019165848267994708
51.400000000000006,-0.0022041840871495685
51.45,0.0038358215848549614
51.5,-0.0035025734892417068
51.550000000000004,0.0013968856984689479
51.6,0.0012159315964243437
51.650000000000006,-0.003847855349363317
51.7,0.003576053448433739
51.75,-0.001317134776725134
51.800000000000004,-0.0006497019951677046
51.85,0.0006946194957193708
51.900000000000006,0.0016662325649163595
51.95,-0.001190735965215267
52.0,-0.001151208534239798
52.050000000000004,0.0011908337918059785
52.1,-0.0009701411881998615
52.150000000000006,0.0016343065177514247
52.2,-0.00100020129046229
52.25,-0.0005123598943084871
52.300000000000004,0.001107429485419576
52.35,-0.0005352420095455912
52.400000000000006,-0.0006372744365169937
52.45,0.0013029887088439986
52.5,-0.0018122572089843165
52.550000000000004,0.0006650191997671051
52.6,0.0020695310049014615
52.650000000000006,-0.0036981526758111814
52.7,0.0016235487595189775
52.75,0.0001755593207007521
52.800000000000004,-0.001113316465563147
52.85,0.0017303108565323673
52.900000000000006,-0.0009796761038729054
52.95,-0.0012475301085420254
53.0,0.0007124124946675334
53.050000000000004,0.0012808978523980111
53.1,-0.0021269756812085125
53.150000000000006,0.0008968719052896462
53.2,-0.0002500507440418411
53.25,6.81805529903728e-06
53.300000000000004,0.000261154396871641
53.35,-0.002088430659764864
53.400000000000006,0.004386075597290342
53.45,-0.0022842999335092964
53.5,-0.0013083780277398681
53.550000000000004,0.0014722629565771337
53.6,-0.0009243323638678053
53.650000000000006,0.0018172080118394006
53.7,0.0006629824480623794
53.75,2.5496015820433804e-05
53.800000000000004,-0.0018053395424519733
53.85,0.001335104166820422
53.900000000000006,0.000573439909357738
53.95,-0.0021501394035965443
54.0,0.0013745976054670213
54.050000000000004,-0.0001368507507829185
54.1,-0.00011092124887519732
54.150000000000006,0.0010863902527194233
54.2,-0.00034662829911903214
54.25,0.0005219669829249875
54.300000000000004,-0.00043696944692466795
54.35,-0.002176670380099022
54.400000000000006,0.002387888642613538
54.45,0.0017257731229232912
54.5,-0.0017270990645476565
54.550000000000004,2.6907661832975585e-05
54.6,-0.00043604890187524085
54.650000000000006,0.00012982682540760851
54.7,-0.0006680512101076827
54.75,0.00022024108566982413
54.800000000000004,0.0010032379471595638
54.85,-0.0013199535879254353
54.900000000000006,0.0020329616994700394
54.95,0.0009237324397321533
55.0,-0.0016237454762251433
55.050000000000004,-0.0004957329152591486
55.1,0.0003702663197446891
55.150000000000006,-0.0002523338538323511
55.2,-0.00035175107792110075
55.25,0.0025481708109815005
55.300000000000004,-0.001283342754469871
55.35,-0.0004557861283452445
55.400000000000006,0.0002635617544904692
55.45,-0.0014057635516760275
55.5,0.0018457600710229608
55.550000000000004,-0.0007676936845191268
55.6,-0.0007565312117435674
55.650000000000006,0.0008479633397782334
55.7,-0.0013298620983913088
55.75,0.0005167490756114093
55.800000000000004,-0.0013599035125932298
55.85,-0.0007102152480648508
55.900000000000006,0.0017496058845855424
55.95,-0.000234626227076747
56.0,0.0023202783623498904
56.050000000000004,-0.0029518351049318565
56.1,-0.0008681799026040949
56.150000000000006,0.001802658127552805
56.2,-0.002771862491969325
56.25,0.0018861599768864737
56.300000000000004,-0.0017308223788051592
56.35,0.002495858713823572
56.400000000000006,0.001269794601306755
56.45,-0.002300960750687925
56.5,0.0025227766504039312
56.550000000000004,-0.0040138523471326725
56.6,0.002029851091848618
56.650000000000006,0.0013030365056133715
56.7,-0.0013034840730486489
56.75,0.001450334297099749
56.800000000000004,-0.0015476676753088587
56.85,0.0019169035494938412
56.900000000000006,-0.0007860692301154811
56.95,0.0007291874529890086
57.0,-0.0003523881267377188
57.050000000000004,-0.0007228032556360592
57.1,0.0013008852022535124
57.150000000000006,-0.0007055101209998959
57.2,0.0002556757628778823
57.25,-0.0008578499168619282
57.300000000000004,0.0010407665016986872
57.35,0.0006607841338084657
57.400000000000006,-0.001794938532470495
57.45,-4.004243185433781e-05
57.5,0.0004726267670320026
57.550000000000004,0.00012965686478105023
57.6,6.258384752623616e-05
57.650000000000006,-0.001163326317205148
57.7,0.0019527328416695299
57.75,-0.0007933848395394231
57.800000000000004,-0.00012563662877459886
57.85,-2.3275656729491623e-05
57.900000000000006,-0.0010733074468185953
57.95,0.002671181357149758
58.0,-0.0017460607937214454
58.050000000000004,0.00020070306192934993
58.1,0.0004831823231433477
58.150000000000006,-0.0004038180795938551
58.2,-0.00023939571122446303
58.25,-0.0009403275609358274
58.300000000000004,0.0015440719098402727
58.35,-0.00026920925213300243
58.400000000000006,-0.00033374827754700765
58.45,-0.0005147767246620126
58.5,-0.001724004402212334
58.550000000000004,0.001980503954290796
58.6,0.0013591108683208772
58.650000000000006,-0.001465263063746056
58.7,-0.0013363906829082714
58.75,-8.025950867028714e-05
58.800000000000004,0.0021061618522241203
58.85,-0.0015958405282029296
58.900000000000006,-0.0012425215786949718
58.95,0.0014616996178412093
59.0,-0.0008234770904117086
59.050000000000004,0.0006345117393939661
59.1,-0.0001569444128890672
59.150000000000006,-0.0026417710499897023
59.2,0.0014350720450992495
59.25,0.001713259270587846
59.300000000000004,-0.0014184356974938537
59.35,7.671135602371911e-05
59.400000000000006,3.44307905505284e-05
59.45,0.001519568988384277
59.5,-0.0002885755595848769
59.550000000000004,-0.0019196324781057368
59.6,0.0028006916288685246
59.650000000000006,-0.0012566870460165348
59.7,0.0008177532749147323
59.75,0.0013713775579536295
59.800000000000004,-0.0030597524427104193
59.85,0.002488116931369299
59.900000000000006,3.820444749970445e-05
59.95,-0.0009491924398313283
60.0,0.0007057830765104765
60.050000000000004,-0.0006311466248653424
60.1,0.001622841250659837
60.150000000000006,-0.0019713987939998083
60.2,0.001728337674428126
60.25,-0.0004834679920220036
60.300000000000004,-0.00229300408493938
60.35,0.0019523913056346122
60.400000000000006,-0.0021601275640999143
60.45,0.002889141138163473
60.5,3.2453160806929976e-05
60.550000000000004,-0.0019064385001547497
60.6,0.0004255362834467944
60.650000000000006,-0.00016115637849392612
60.7,0.002516856557791635
60.75,-0.0025307393560825703
60.800000000000004,-0.0022305363845717993
60.85,0.003227455888595405
60.900000000000006,0.0011086324361293345
60.95,-0.002632897792841671
61.0,0.0007784157687161998
61.050000000000004,-0.00037787560560250647
61.1,-0.0012384958659582997
61.150000000000006,0.0019244617988650365
61.2,-0.00012632116247712665
61.25,-0.002986372071038651
61.300000000000004,0.0037740644394405366
61.35,0.00028807757793998203
61.400000000000006,-0.0027304748727961896
61.45,0.0020774187644391913
61.5,-0.0016603232030319504
61.550000000000004,0.001671798217953023
61.6,-0.000715617394793526
61.650000000000006,-0.0010278297588611964
61.7,0.0007407314588113392
61.75,0.0015792624837813207
61.800000000000004,-0.0020166245656539693
61.85,3.841776721526935e-05
61.900000000000006,0.00021570112796612882
61.95,-0.002096567258067702
62.0,0.003975443078369231
62.050000000000004,-0.001933550801959916
62.1,2.634864687436299e-05
62.150000000000006,0.0007808003662713
62.2,-0.0014455356752105597
62.25,0.000975894554829176
62.300000000000004,0.00039811554880734814
62.35,-0.0008022502744876232
62.400000000000006,0.0008510079949089889
62.45,0.00012666758951406803
62.5,-0.0013143245687416755
62.550000000000004,0.0018447600190233142
62.6,-0.00027897661750556064
62.650000000000006,-0.001282133423740124
62.7,0.0017871112134622811
62.75,0.0003734831887687386
62.800000000000004,-0.002095779445880978
62.85,0.0007987895659626895
62.900000000000006,0.00020844629917918136
62.95,-7.874861762586087e-05
63.0,0.0017973795490553663
63.050000000000004,-0.0017565850008177176
63.1,-0.0004219709076120814
63.150000000000006,-9.736829074287926e-05
63.2,0.0003307475699175062
63.25,0.002584915708357635
63.300000000000004,-0.0021352039856381093
63.35,0.0008922302837830494
63.400000000000006,-0.000343012539870496
63.45,-0.001671513943060607
63.5,0.0024148178568196973
63.550000000000004,-0.0011433367934664989
63.6,0.0010175986671707468
63.650000000000006,-0.0007501144849232647
63.7,-0.0016698063149015753
63.75,0.0015747518321551704
63.800000000000004,8.341675603072163e-05
63.85,0.00013964594678222557
63.900000000000006,-0.0012886031173251558
63.95,0.0005585936514282696
64.0,0.0019403969269514883
64.05,-0.002481216735245809
64.10000000000001,0.00021959038894678234
64.15,0.0014149373563758813
64.2,-0.0028800827778766667
64.25,0.0016594191900095121
64.3,0.0016305536087990122
64.35000000000001,-0.00296092422213909
64.4,0.0011450557727197956
64.45,0.0008871662826818868
64.5,-0.0030046900670167285
64.55,0.0024691399417275622
64.60000000000001,0.0007340651932008728
64.65,-0.0017588708938207286
64.7,0.001537418525527963
64.75,-0.0014574527888457942
64.8,0.0014325686434861723
64.85000000000001,-0.0006520296875856839
64.9,-0.0008864357872595502
64.95,0.0005280916630438515
65.0,-0.0017093089069240685
65.05,0.003489386728159911
65.10000000000001,-0.001302979585312334
65.15,-2.8150434032634113e-05
65.2,0.00018594392879304426
65.25,-0.0014365061759267128
65.3,0.003886046497026614
65.35000000000001,-0.004628514165011446
65.4,0.0010600778673127875
65.45,0.003461639066760202
65.5,-0.0026243560590913932
65.55,0.0017176084275254016
65.60000000000001,-0.0007807280923192334
65.65,-0.00021841443467557808
65.7,-1.98604104669242e-06
65.75,0.0006471100572700471
65.8,-0.0010977935718706117
65.85000000000001,-6.511660563163184e-05
65.9,0.002387028423547694
65.95,-0.00165697856675641
66.0,-0.001528555183744697
66.05,0.0014222845365289476
66.10000000000001,-0.00017110809824161832
66.15,0.00045095976955614815
66.2,-0.000992976504114038
66.25,-0.0019305073065360389
66.3,0.0042641989924403914
66.35000000000001,-0.0018746626223487162
66.4,-0.0005360510473215246
66.45,-0.0007769990797587292
66.5,0.0002167157744256739
66.55,0.0023048120330570326
66.60000000000001,-0.0029653779111077877
66.65,0.0005659580442449514
66.7,9.069821162437822e-05
66.75,0.0024957404039112536
66.8,-0.0006739663657724175
66.85000000000001,-0.002688179577608845
66.9,0.0004538137484475853
66.95,0.0012987154751970327
67.0,0.0010941278312862697
67.05,-0.0021356435584371247
67.10000000000001,0.0018087819830547142
67.15,-0.0009243788531141828
67.2,-0.000626971230423001
67.25,0.002778212929282008
67.3,-0.003788063444813642
67.35000000000001,-6.85422624574558e-05
67.4,0.002317679994309704
67.45,-0.0017622621027744807
67.5,0.002229552051037267
67.55,-0.00250908025424426
67.60000000000001,-0.0010161572487672327
67.65,0.004182878221857255
67.7,-0.004038891724453894
67.75,0.0018761749652077035
67.8,0.0002617248950510131
67.85000000000001,-0.0016269551829706439
67.9,0.00461994571703786
67.95,-0.004065847046413999
68.0,-0.001414509337732187
68.05,0.0012619193773753799
68.10000000000001,0.0013357760791160647
68.15,-0.00043223111400640646
68.2,-0.00047797879107484273
68.25,0.0024112005317603086
68.3,-0.0022423643967087437
68.35000000000001,0.0011020227755920943
68.4,-0.000923743174180256
68.45,-0.0025160302263349077
68.5,0.002465454147710464
68.55,0.0008970107090061694
68.60000000000001,-0.0014714548433389988
68.65,-0.0017474762799979842
68.7,0.0026336602512713092
68.75,-0.0014365816251349025
68.8,-0.00129841300614199
68.85000000000001,0.0024508780506464754
68.9,2.4358741362134808e-05
68.95,-0.0004632773170154141
69.0,-0.0003264506873685076
69.05,0.00010503094501026395
69.10000000000001,-0.0022101924898088716
69.15,0.0037037130857077182
69.2,0.0006570705827589417
69.25,-0.0039005972694814133
69.3,0.004875274692466264
69.35000000000001,-0.0030343857888051693
69.4,-0.0008763863867286679
69.45,0.002949111334557867
69.5,-0.003359895373600447
69.55,0.00472266317584951
69.60000000000001,-0.003917259374733718
69.65,-0.0016975399643275363
69.7,0.004469383256324898
69.75,-0.002236374959978296
69.8,0.0021664129594829284
69.85000000000001,-0.0009988170403021515
69.9,-1.004567753847295e-05
69.95,-0.00029140212991757503
70.0,0.0010557632901425508
70.05,-0.0005466924184188867
70.10000000000001,-0.001516180348732429
70.15,0.0034779975317915774
70.2,-0.0012573429211721195
70.25,-3.541398020478835e-05
70.3,0.00023927140775091815
70.35000000000001,0.00028885363654109224
70.4,0.0006706890576621512
70.45,-0.0021787087254107915
70.5,0.002520543406992683
70.55,-0.0018992930975849298
70.60000000000001,-0.0009143054899279098
70.65,0.0033303832240663637
70.7,-0.004298398431074736
70.75,0.0035694664047023397
70.8,-0.002344942878516376
70.85000000000001,-0.00042862700402887787
70.9,0.003458097016013129
70.95,-0.0037638299900751783
71.0,0.0029904202535194417
71.05,-0.0024174688487363896
71.10000000000001,-0.0003129631264959403
71.15,0.0007932744283486966
71.2,-0.0005383201213820612
71.25,-0.0007716777335809984
71.3,0.0008832593351401543
71.35000000000001,0.0003403705869605863
71.4,-0.0019004885688380293
71.45,0.0024438787296184434
71.5,-0.002034895581798505
71.55,0.002090887292279951
71.60000000000001,-0.0008638691105383403
71.65,-0.00404882138013956
71.7,0.003937073647241248
71.75,-0.0004000374948277496
71.8,-0.00022917948987003967
71.85000000000001,0.0023257713972777406
71.9,-0.004374062325743954
71.95,0.002089229705017696
72.0,0.00015142776925328904
72.05,-0.0021374920521348684
72.10000000000001,0.002618295136121251
72.15,-0.002286652688095202
72.2,0.0035424648264874964
72.25,2.2976437863528667e-05
72.3,-0.0023071268326909965
72.35000000000001,-0.00010519800219201707
72.4,0.0012193135623827169
72.45,0.00041988393236736725
72.5,-0.0013538381098345236
72.55,0.000705869036710488
72.60000000000001,-0.0012439861052276175
72.65,0.002441603349001483
72.7,1.4823425258641778e-05
72.75,-0.0004764139020352627
72.8,-0.0009433657773348772
72.85000000000001,0.0004993600019366953
72.9,0.0005377558098131353
72.95,-0.0009114227093486921
73.0,0.001100041331632564
73.05,0.00013815934397507258
73.10000000000001,-0.00015069523714451803
73.15,0.00016109645427466688
73.2,-0.00020649928481172232
73.25,-0.0013762069975185615
73.3,0.0028675130474049263
73.35000000000001,-0.00034421280586335233
73.4,-0.0026768165663745296
73.45,0.0015075125105834214
73.5,0.0009807770404262328
73.55,-0.0013707078450155346
73.60000000000001,0.0008446246060471335
73.65,1.858170283178968e-06
73.7,-0.0004562421137078784
73.75,0.0017428565783271408
73.8,-0.002804135719744399
73.85000000000001,0.00013653095381907106
73.9,0.001243851709415651
73.95,-0.0011789730002229317
74.0,0.000762041244585687
74.05,5.2200872878628205e-05
74.10000000000001,-0.00042934732958782454
74.15,0.0013015835760466783
74.2,-0.0017499701498614219
74.25,-0.0019206511658850624
74.3,0.002836155471671999
74.35000000000001,-7.15956513136934e-05
74.4,-0.0013877180622107429
74.45,0.0017916396619507048
74.5,-0.0019772896506817773
74.55,-0.0005169839367923985
74.60000000000001,0.0018165655460730434
74.65,-0.00045524177110436
74.7,-0.0008281842469947994
74.75,0.00021746229397726958
74.8,0.001065731689974009
74.85000000000001,-0.001799487460945672
74.9,0.0006361608399607771
74.95,0.0012568718222855876
75.0,-0.0006689424034510605
75.05,-0.00017966211517897
75.10000000000001,-0.0003584232166919898
75.15,-0.0001956327049927648
75.2,0.0007747814775954421
75.25,-0.0010937813068987701
75.3,0.0007960450495275259
75.35000000000001,0.0015077056537527137
75.4,-0.0014309870102510835
75.45,0.0005144180870610645
75.5,-0.0022860473384868542
75.55,0.00042608669049049383
75.60000000000001,0.0029601520723066027
75.65,-0.0007285511176168136
75.7,-0.0018122417546885612
75.75,0.0020461217051443983
75.8,-0.00017337828767141316
75.85000000000001,-0.0011336679081981485
75.9,0.0011602732233000563
75.95,-0.0023921458972837564
76.0,0.0031597238669159307
76.05,-0.002063421478167938
76.10000000000001,3.56388777833318e-05
76.15,0.0011257313882976423
76.2,-0.0013432852152700766
76.25,0.0015965506559202443
76.3,-0.0027199597141275766
76.35000000000001,0.0033533774083671216
76.4,-0.0019581163190023117
76.45,0.001824091309941546
76.5,0.00039164582008308345
76.55,-0.004696977180272353
76.60000000000001,0.0043958263080354915
76.65,-0.0017088538879308324
76.7,0.00024020564754482249
76.75,0.001913641793995653
76.80000000000001,-0.002261844856098989
76.85000000000001,0.00044450028746854605
76.9,0.0006505875339017169
76.95,-0.00010217812271020435
77.0,-0.000502481577718688
77.05000000000001,0.000756290682016522
77.10000000000001,-0.0008718108455338541
77.15,0.0004276938863874276
77.2,1.1080041095933958e-05
77.25,-0.002158079114914418
77.30000000000001,0.002103713580769669
77.35000000000001,0.0007497473917740333
77.4,-0.0006524170761328997
77.45,-0.0014567620764770024
77.5,0.0006741447094781706
77.55000000000001,9.703253611434097e-05
77.60000000000001,-0.0015054698584390912
77.65,0.0025128817633066408
77.7,-0.0006314585591069744
77.75,0.00021084686130728832
77.80000000000001,0.0008655370661711557
77.85000000000001,-0.003928722396530034
77.9,0.003391305660301711
77.95,0.000846449055351055
78.0,-0.0027403754521961015
78.05000000000001,0.0028995564630803954
78.10000000000001,-0.0030944046940328935
78.15,0.001007730081788579
78.2,0.0014562564963611713
78.25,-0.0014023645093249886
78.30000000000001,0.0003933667722400931
78.35000000000001,-0.0006511298792083784
78.4,0.002283803646337014
78.45,-0.002446804632158243
78.5,0.00017864257829777313
78.55000000000001,0.0009134071473550125
78.60000000000001,-0.0018543860577102814
78.65,0.0037360982221188027
78.7,-0.002050250900604702
78.75,-0.0003730219050609425
78.80000000000001,0.0008869255559549948
78.85000000000001,-0.0009033619769329586
78.9,0.0009950447073445664
78.95,0.0003688392407103382
79.0,-0.0004030497638066776
79.05000000000001,-0.0002525844658483972
79.10000000000001,0.0008867137550121937
79.15,-0.0015237529114075184
79.2,0.00031317715229286065
79.25,-0.0014779492691916354
79.30000000000001,0.0021027029837035255
79.35000000000001,0.0008130486285656325
79.4,-0.0028615154793760903
79.45,0.001997761027095236
79.5,-0.001143099985777888
79.55000000000001,-0.000546763682296611
79.60000000000001,-9.604112191985175e-05
79.65,0.0002843219063051569
79.7,0.0008606475968473937
79.75,-0.002188487216155445
79.80000000000001,0.00271871859646682
79.85000000000001,0.000868078719760415
79.9,-0.0038965007341113674
79.95,0.002950369264315912
80.0,-0.0007248616532841635
80.05000000000001,-0.0007978498138695657
80.10000000000001,0.0008416436519690507
80.15,-0.0005110015612335328
80.2,0.001324033696162022
80.25,-0.0011394156331549984
80.30000000000001,5.773978318121805e-05
80.35000000000001,-0.001787039155747615
80.4,0.0019453867977431117
80.45,0.0004254061893277713
80.5,-0.0022615331627719036
80.55000000000001,0.0022119827561664037
80.60000000000001,-0.00035657862276135824
80.65,4.4450767906900404e-05
80.7,-0.0007023072111802521
80.75,0.0008418888202841736
80.80000000000001,-0.0012554749149392367
80.85000000000001,-0.0013017745693794942
80.9,0.003505313243318532
80.95,-0.0008516165397664248
81.0,-0.001478504978207865
81.05000000000001,0.0031001873389686096
81.10000000000001,-0.001441483649530125
81.15,-0.002052845892405047
81.2,0.0033650813634249804
81.25,-0.0016858318796797828
81.30000000000001,-0.0014533140734143757
81.35000000000001,0.0039316212255456635
81.4,-0.00103034973706161
81.45,-0.0015192741371278945
81.5,0.0019888896595202177
81.55000000000001,-0.00197396837267936
81.60000000000001,-0.0013255100239374725
81.65,0.0037404968246168755
81.7,-0.0011340739319107326
81.75,5.8035666102860304e-05
81.80000000000001,0.0020836658420381195
81.85000000000001,-0.003185840120725568
81.9,0.0012845126368363424
81.95,0.00038348697341444545
82.0,-0.001741624275336488
82.05000000000001,0.001201754233348085
82.10000000000001,0.00037355718784817945
82.15,-0.002782162451151902
82.2,0.0011880790807355466
82.25,0.002142708220113288
82.30000000000001,-0.0026843786368539293
82.35000000000001,0.0010474262147641847
82.4,0.0002146287416759041
82.45,-0.0020769010405205534
82.5,0.003863408972339381
82.55000000000001,-0.0019323154838360502
82.60000000000001,-0.0017361787282822168
82.65,0.0019123662640001587
82.7,-0.002250862298813285
82.75,0.0018729872806982132
82.80000000000001,-0.00018088824542057103
82.85000000000001,0.0006450467227604845
82.9,-0.0016225898910526265
82.95,0.0001592155020278479
83.0,0.0010873273680778242
83.05000000000001,-0.0009518310523642498
83.10000000000001,0.0025622416099318735
83.15,-0.0032021787449799375
83.2,0.0031050078542860385
83.25,-0.00031871450699335284
83.30000000000001,-0.0031554258141087616
83.35000000000001,0.0028834689337561294
83.4,-0.0017817400296255414
83.45,-0.0001661107067819895
83.5,0.0009945226563359613
83.55000000000001,0.0004763721932782912
83.60000000000001,-0.0009466147883991738
83.65,0.0009565821677294887
83.7,-0.0015539647355191377
83.75,-0.00012363452054845283
83.80000000000001,0.0027046861644470185
83.85000000000001,-0.0014611876949380622
83.9,-0.0004661476296335366
83.95,-0.0008021187832656433
84.0,0.0020965554291023695
84.05000000000001,-0.0007667295524163108
84.10000000000001,-0.0012029525454233594
84.15,0.0019187853971455956
84.2,-0.0005882923845638683
84.25,-0.0004888001631596556
84.30000000000001,0.001415675155851136
84.35000000000001,-0.00045025516845246074
84.4,-0.0020435099067997817
84.45,0.0044392673888468005
84.5,-0.0026150831500750156
84.55000000000001,-0.0034303338266419518
84.60000000000001,0.00575491021990746
84.65,-0.000904159885483185
84.7,-0.0012757425475381772
84.75,-0.0003253320025621913
84.80000000000001,-0.0007247335543161126
84.85000000000001,2.888317821367698e-05
84.9,7.893839821672803e-05
84.95,0.00029943944933011427
85.0,-0.0006603112160348148
85.05000000000001,0.0015991516490789514
85.10000000000001,-0.002121917161511819
85.15,0.00037794024256752645
85.2,-4.768500325798498e-05
85.25,-0.0016577297005356012
85.30000000000001,0.003744120554233549
85.35000000000001,-0.0013606942080928025
85.4,-0.0008294776538785855
85.45,0.0006652069241361542
85.5,-0.001012288100079029
85.55000000000001,4.924964251078817e-05
85.60000000000001,0.001781276036814745
85.65,-0.0007389373442128062
85.7,-0.0002713401860184373
85.75,0.0027014566374462413
85.80000000000001,-0.0036040435875297205
85.85000000000001,0.0017633582576079318
85.9,0.00024453882007401427
85.95,-0.001065660257331401
86.0,0.0021880889360958574
86.05000000000001,-0.0031150729222288306
86.10000000000001,0.0009689475767948894
86.15,0.0016334758497127616
86.2,-0.002331700753150601
86.25,8.61524997728304e-05
86.30000000000001,-0.0003079143841569573
86.35000000000001,0.0013537536553142636
86.4,0.0003162721413214106
86.45,-0.001148826375156165
86.5,0.0016624906420411713
86.55000000000001,-0.003948473813582427
86.60000000000001,0.003535104195480131
86.65,-0.0015265287838611386
86.7,-0.0014062637129513829
86.75,0.003029192880662524
86.80000000000001,-0.0025565215671556193
86.85000000000001,0.0012364908234994982
86.9,-0.0008136316135717752
86.95,0.00013050535877001028
87.0,0.0019627396841267676
87.05000000000001,-0.00012781239289837504
87.10000000000001,-0.0046309184608990875
87.15,0.001860928167305046
87.2,0.001834564383951379
87.25,0.0003671466608626774
87.30000000000001,0.0002578576614744677
87.35000000000001,-0.0003556865086383748
87.4,0.0012048960449378616
87.45,0.00038579495938842755
87.5,-0.001865689212975299
87.55000000000001,-0.0029736135322950986
87.60000000000001,0.004229251321156743
87.65,0.000707381602057218
87.7,-0.0018413676742063008
87.75,-0.0010603435965298748
87.80000000000001,0.0008316932065340904
87.85000000000001,0.0004076009881029169
87.9,-0.00035935804642060114
87.95,0.00023547638184997057
88.0,0.0004616348799363519
88.05000000000001,0.002394615981067489
88.10000000000001,-0.004246409986123749
88.15,0.00024343071781192946
88.2,0.000595460725995262
88.25,0.0018296970521549166
88.30000000000001,0.0006263690754676797
88.35000000000001,-0.0019935769356660615
88.4,0.0007353298199272384
88.45,-0.0014848919308748402
88.5,0.0018180131762374667
88.55000000000001,-0.0031279060783097456
88.60000000000001,0.003073071319685389
88.65,0.0013579637571658212
88.7,0.00107829848080671
88.75,-0.0006723178953822048
88.80000000000001,-0.005889676493950151
88.85000000000001,0.005524701493829408
88.9,-0.0003261318979675367
88.95,-0.0017198410427088045
89.0,-0.00032161739339193053
89.05000000000001,-0.0012140318600002025
89.10000000000001,0.002688982335963518
89.15,-0.00015546909913302737
89.2,-0.002601099929179451
89.25,0.0007243823393414751
89.30000000000001,0.0012062716876365047
89.35000000000001,-0.0003139665756171212
89.4,-0.00029600431274128994
89.45,-0.002587472321669877
89.5,0.002316872421486084
89.55000000000001,0.0011616516584682618
89.60000000000001,0.00010709241219726178
89.65,-0.0036306778430399067
89.7,0.00013286028754478315
89.75,0.0032390729167445227
89.80000000000001,-0.002562465085487103
89.85000000000001,0.0013708345612883162
89.9,-0.00095562051269297
89.95,0.0014930965836401021
90.0,-0.000938694776459054
90.05000000000001,-0.0015230287963632508
90.10000000000001,0.0016705116698033093
90.15,-0.0004655228355690235
90.2,0.002009729674620636
90.25,-0.00122466333639297
90.30000000000001,-0.002237845061610555
90.35000000000001,0.0010542802676866358
90.4,0.0012943391627628466
90.45,0.002223685698416518
90.5,-0.0014477021722728164
90.55000000000001,-0.0009461986597670346
90.60000000000001,0.0015383271477858785
90.65,-0.0010206621717469943
90.7,0.0007247245980272655
90.75,0.00047098928659822367
90.80000000000001,-0.0029933269863187174
90.85000000000001,0.002609775316634245
90.9,0.0011703446765880937
90.95,-0.003113810617955585
91.0,0.002784675510911675
91.05000000000001,-0.0015499987147682415
91.10000000000001,0.0010387047245882938
91.15,0.000585230897258479
91.2,-0.001336438653201837
91.25,0.0013616564815649192
91.30000000000001,-0.0005790366126440983
91.35000000000001,-0.001300863571289858
91.4,0.0008280733342227463
91.45,0.0021312340602224937
91.5,-0.003321886599700833
91.55000000000001,0.001833242794039245
91.60000000000001,0.0002523868032595984
91.65,-0.001974558652866243
91.7,0.0017547732702841322
91.75,-0.0010803291535683179
91.80000000000001,0.0007423564788727709
91.85000000000001,-0.002230457200200829
91.9,0.0013806450176244193
91.95,-0.000408151072999519
92.0,-1.4542754692313646e-05
92.05000000000001,0.0025337907955744992
92.10000000000001,-0.0037190317662135343
92.15,0.001022422278513523
92.2,-0.00030624924855747276
92.25,0.0007520680093764466
92.30000000000001,0.0010845646656956317
92.35000000000001,-0.0014694863214767592
92.4,2.2301416449761014e-05
92.45,0.0014618785551977157
92.5,-0.0006830117691892252
92.55000000000001,-0.00229549074770814
92.60000000000001,0.00343594922311888
92.65,-0.00249211671881538
92.7,0.001563350751114601
92.75,0.0010669979127824586
92.80000000000001,-0.004398845563011062
92.85000000000001,0.0033811943874258845
92.9,0.0008931699660084311
92.95,-0.0026549215539643112
93.0,0.00027067575284518523
93.05000000000001,0.0014992308667228116
93.10000000000001,-0.0016042562158304818
93.15,0.0010568150238248186
93.2,-0.0012437711945669132
93.25,-0.0008250098096618864
93.30000000000001,0.0032817918134318605
93.35000000000001,-0.0021763509474136437
93.4,0.00039093402475946077
93.45,-0.0015499199565624463
93.5,0.0013120477533008041
93.55000000000001,0.004456996861534566
93.60000000000001,-0.004555228764819036
93.65,0.0014768553569572142
93.7,-0.0007461322164234553
93.75,-0.0021010532083295323
93.80000000000001,0.004787566830236211
93.85000000000001,-0.003251440308953901
93.9,0.0021010250019169994
93.95,-0.0008396899751724855
94.0,-2.2297211349022207e-05
94.05000000000001,0.0007611782009954086
94.10000000000001,-0.002231557074030223
94.15,0.002904089519924694
94.2,-0.0020545185797371346
94.25,0.0038634021889318226
94.30000000000001,-0.0007113379666478063
94.35000000000001,-0.0031880145658280965
94.4,0.0017226085573205077
94.45,-0.0021298165079268985
94.5,0.0010124562548178323
94.55000000000001,0.000762923254431824
94.60000000000001,-0.0006236225144860047
94.65,0.0004805363816963354
94.7,-0.000546410970393919
94.75,-0.00033773768194747094
94.80000000000001,-0.0018074203981222417
94.85000000000001,0.0015925649463014934
94.9,0.0003269069142390851
94.95,-0.000574813850097667
95.0,0.001153227600087104
95.05000000000001,-0.0010180128500413273
95.10000000000001,-0.00045573575439100005
95.15,-0.0005035514614405854
95.2,0.000697084449483868
95.25,0.0008437153243091721
95.30000000000001,-0.0003313822237993571
95.35000000000001,0.00010025100301324312
95.4,-0.0020143449196347654
95.45,0.001454701407389445
95.5,0.0017009964539147632
95.55000000000001,-0.002243223847426698
95.60000000000001,0.0006711566784621089
95.65,0.0009286495723114562
95.7,-0.0028879063829838902
95.75,0.0029234021306792594
95.80000000000001,0.0011754852261127151
95.85000000000001,-0.004452089265348069
95.9,0.003534673721418733
95.95,-0.0013374716032809452
96.0,-0.0029070713575264228
96.05000000000001,0.004079047195325853
96.10000000000001,-0.0022476558605129464
96.15,-0.0006624910056274026
96.2,0.0042730604416231855
96.25,-0.0033654012204618767
96.30000000000001,-0.000703237110387341
96.35000000000001,0.002151095243444987
96.4,-0.0021587914400952703
96.45,0.0010300641763490068
96.5,0.0007247739553285904
96.55000000000001,0.0013623664304136401
96.60000000000001,-0.0012582991763861553
96.65,-0.001290125446605205
96.7,-0.001414515554112295
96.75,0.0018330596262287734
96.80000000000001,0.00215607194479102
96.85000000000001,-0.0017988253641751533
96.9,0.0025269427888074646
96.95,-0.003244030553501552
97.0,0.0009361515653294856
97.05000000000001,0.0017045512664954844
97.10000000000001,-0.0026104884441027912
97.15,0.0018015406876896694
97.2,0.0017255028992715735
97.25,-0.001774388593209767
97.30000000000001,-0.000547483859750157
97.35000000000001,0.0004897742310861533
97.4,-0.0012831783604376865
97.45,0.0022212813267426927
97.5,-0.001571831165975382
97.55000000000001,0.0009178931955557582
97.60000000000001,-0.00012050066962686397
97.65,-0.0007412485047013817
97.7,0.0013612876745637535
97.75,-0.001926968786570641
97.80000000000001,0.0028607418799687185
97.85000000000001,-0.0007745845357034378
97.9,-0.001428245835261445
97.95,-0.0005881097733904441
98.0,-0.0002756784010967234
98.05000000000001,0.0004966048936390205
98.10000000000001,0.0025321063225935978
98.15,-0.0011220791360661128
98.2,-0.002040954563485021
98.25,0.002617381673238377
98.30000000000001,-0.0023632696066531347
98.35000000000001,0.0003078204519826184
98.4,4.696352813726074e-05
98.45,9.667439191904891e-05
98.5,-0.00013861370933407986
98.55000000000001,0.001305047036407198
98.60000000000001,-0.00011188325482639405
98.65,-0.002480025809805195
98.7,0.000800409989088495
98.75,-9.36624605060407e-05
98.80000000000001,0.0005048967879098577
98.85000000000001,-0.0007192568833278163
98.9,0.001280156115820069
98.95,-0.0006508837224916015
99.0,0.0001960216670679829
99.05000000000001,0.0005149026320759563
99.10000000000001,-0.0014744127062164068
99.15,0.00047158508311468956
99.2,-0.0004278266705316724
99.25,0.0019238391363367194
99.30000000000001,-0.0009550715130242161
99.35000000000001,0.000748193807579164
99.4,-0.0006036580292798396
99.45,-0.0030805913593392378
99.5,0.0030301594553017197
99.55000000000001,-0.0009454430719821675
99.60000000000001,0.0013633453731093207
99.65,0.001486347293470267
99.7,-0.003171281064849454
99.75,0.00041526396830389467
99.80000000000001,-0.0008041003666816396
99.85000000000001,-0.0001524337811315352
99.9,0.0014088394880758376
99.95,-0.0009355161008307099
100.0,0.0029116212093242074
100.05000000000001,-0.0006897248392803925
100.10000000000001,-0.003231558792368183
100.15,0.0016742183325750976
100.2,-4.609458583421219e-05
100.25,0.002008593989958466
100.30000000000001,0.0005232253044379951
100.35000000000001,-0.0007737691313551625
100.4,-0.001051203544916414
100.45,-7.136927844494596e-05
100.5,-0.0008058047121581444
100.55000000000001,0.0007962442041062504
100.60000000000001,0.0013348888698544038
100.65,-0.0014572653512456984
100.7,0.003403703002756762
100.75,-0.001978636550297974
100.80000000000001,-0.003256595626734743
100.85000000000001,0.002009446936562195
100.9,0.0022862694762938967
100.95,-0.0016274745873079905
101.0,0.0003509186017018746
101.05000000000001,0.0008388048495333806
101.10000000000001,-0.0023374244384701806
101.15,0.0014030909577634491
101.2,-0.0006818864439557693
101.25,-0.00013947674650970673
101.30000000000001,-0.0005762896744015173
101.35000000000001,0.0016607818760724779
101.4,-0.0013002640805236689
101.45,-0.00030068796957067624
101.5,0.002782517735848217
101.55000000000001,-0.005798846288735974
101.60000000000001,0.005110564493900568
101.65,3.518102156433325e-05
101.7,-0.004971440556080379
101.75,0.0036002730154040346
101.80000000000001,-0.00035587896980871387
101.85000000000001,-0.0012385406643238383
101.9,0.000677929714637268
101.95,0.002106696225535798
102.0,-0.0052587008282713775
102.05000000000001,0.0057028813758021124
102.10000000000001,-0.001928957538277274
102.15,-0.0031115683104787923
102.2,0.0037563533252879516
102.25,-0.00238818078600478
102.30000000000001,0.003148011019156862
102.35000000000001,-0.005009270862369042
102.4,0.00598413745532219
102.45,-0.004069110484675673
102.5,-0.0003209462329449763
102.55000000000001,0.0049942940012242506
102.60000000000001,-0.007850187412522006
102.65,0.005932105781253717
102.7,6.154615768503098e-05
102.75,-0.0038380651566761966
102.80000000000001,0.002511236721849156
102.85000000000001,-0.001253092723514726
102.9,0.0012524170227488105
102.95,0.001780083306787085
103.0,-0.0008767764096746491
103.05000000000001,-0.0005291712661151295
103.10000000000001,-0.001948726389701443
103.15,0.0027160575042250714
103.2,-0.0024965547844942055
103.25,0.0004680290768933265
103.30000000000001,0.0029874905339412512
103.35000000000001,-0.0014599916340867736
103.4,0.000915274071581192
103.45,0.002038604488973574
103.5,-0.0027725333522206695
103.55000000000001,-0.0014515435601688666
103.60000000000001,0.0026923715193647585
103.65,-0.0006079118324511414
103.7,0.0009010581596551819
103.75,-0.000550031368431411
103.80000000000001,1.4341174574512846e-05
103.85000000000001,-0.0013460061933996473
103.9,0.002258088553042386
103.95,-0.0008584885603045657
104.0,-0.0009377482290714174
104.05000000000001,0.0011669697873680502
104.10000000000001,-0.002770705040755254
104.15,0.003807963656050097
104.2,-0.0025409534565611126
104.25,-0.0001323313918389463
104.30000000000001,0.000936121588383454
104.35000000000001,-0.0012806397683203289
104.4,0.0013729662406892808
104.45,-1.9027631474328447e-05
104.5,-0.0004200602692942822
104.55000000000001,-0.0006309804154743364
104.60000000000001,0.0015422593223901673
104.65,-0.0034369883877622856
104.7,0.002162103978897528
104.75,-0.001452915849202429
104.80000000000001,0.003512431918940395
104.85000000000001,-0.0006938674858018403
104.9,-0.00568805920847594
104.95,0.007383620122260457
105.0,-0.0034572078640191743
105.05000000000001,-0.00033840740902407317
105.10000000000001,0.0008540647154161521
105.15,-0.002041882514533369
105.2,0.002482561343490113
105.25,-0.0004511583388735098
105.30000000000001,0.0005019807426894059
105.35000000000001,-0.0021128400983775227
105.4,0.00040170592650795817
105.45,0.0030169213054382087
105.5,-0.004299411058867686
105.55000000000001,0.0027629742411924675
105.60000000000001,-0.0006050034979869235
105.65,-0.0011300012147496237
105.7,0.0017283247971365118
105.75,-0.0014865886559052024
105.80000000000001,0.001464652378365453
105.85000000000001,-0.003243172462566242
105.9,0.0033755003531535897
105.95,0.000383196165876364
106.0,-0.0032080877612521517
106.05000000000001,0.0022289370834054365
106.10000000000001,-0.0005454983690904234
106.15,0.002175933632254906
106.2,-0.00019956647509204904
106.25,-0.0025876547464988497
106.30000000000001,0.004264242755186329
106.35000000000001,-0.0019357746142600908
106.4,-0.0013280025194040946
106.45,0.0012118483951472816
106.5,-0.00032930989915984685
106.55000000000001,0.002901714866792459
106.60000000000001,-0.005375439109214357
106.65,0.0034836712083638373
106.7,-0.000400716099993562
106.75,-0.004707440922701848
106.80000000000001,0.00760162682424323
106.85000000000001,-0.0037232683666816413
106.9,0.0003165396855535403
106.95,0.0011841018459959566
107.0,-0.005362265858819117
107.05000000000001,0.00299551932252982
107.10000000000001,-0.0003818995067610191
107.15,0.0008162605060762848
107.2,0.0015832064526010233
107.25,-0.0016592690748077634
107.30000000000001,0.0004551696964768029
107.35000000000001,-0.0009124215313795305
107.4,0.00020500799506906892
107.45,0.0007090899136766341
107.5,-0.0016744607422480146
107.55000000000001,0.0017510492278646102
107.60000000000001,0.00030901754556336204
107.65,-2.4982870380291073e-05
107.7,-0.0012567358849094015
107.75,-0.0023723332416230748
107.80000000000001,0.004254898852889717
107.85000000000001,-0.0016687485560526521
107.9,0.0010035573384106222
107.95,0.0005503087876626051
108.0,-0.0035435747462329243
108.05000000000001,0.003811479957483122
108.10000000000001,-0.001862751449003645
108.15,-0.0008256083160972055
108.2,0.002187201057477009
108.25,0.00023223723464984878
108.30000000000001,-0.00032039728937608195
108.35000000000001,-0.0009618516706331211
108.4,-0.0005968687844447887
108.45,0.0005047741543809787
108.5,0.0013581318503451713
108.55000000000001,-0.0018210156500676295
108.60000000000001,-0.0005052687051977559
108.65,0.0010568472256532334
108.7,0.0007555884861667314
108.75,-0.0005358241190397845
108.80000000000001,-0.0009234634759283249
108.85000000000001,0.00036846548709536096
108.9,-0.0006968336629964977
108.95,0.0016782062082868422
109.0,-0.0006537038531948803
109.05000000000001,-0.001015703727770075
109.10000000000001,0.0012325416193406842
109.15,-0.0004916984344972954
109.2,-0.00023764822619250242
109.25,9.916091082914535e-05
109.30000000000001,0.00027365506485391546
109.35000000000001,0.0010998134817273768
109.4,-0.0013691749905640883
109.45,-0.001048356753787745
109.5,0.00252128548206399
109.55000000000001,-0.0014086854935846085
109.60000000000001,-0.0001111970426554324
109.65,0.0010815760382236542
109.7,-0.0010287000776428832
109.75,-0.0008165746479320241
109.80000000000001,0.0013628322174510544
109.85000000000001,-0.0002462307275435272
109.9,-0.0024387341936470885
109.95,0.003409499402955547
110.0,-0.0009018801066212154
110.05000000000001,-0.0019418650981907841
110.10000000000001,0.00041596466302784037
110.15,-0.0006160110960016141
110.2,0.0016058343237705152
110.25,0.00022309377440932744
110.30000000000001,-0.002107692750107925
110.35000000000001,0.0020807137448580516
110.4,-0.0004678230146377752
110.45,-0.0012227880465060753
110.5,0.0019422845527364214
110.55000000000001,-0.002007250208073626
110.60000000000001,0.001638539481712008
110.65,-0.0006492190882186853
110.7,-0.0010955651348515665
110.75,0.0009881522658415302
110.80000000000001,-0.00096003981490766
110.85000000000001,0.0029218870248906115
110.9,-0.0013758408063991759
110.95,-0.0017313384610825407
111.0,0.002637305599144813
111.05000000000001,-0.0024964845053282282
111.10000000000001,0.0022127504544346643
111.15,2.1783310279054248e-05
111.2,-0.001856505305451574
111.25,0.0037740870132010307
111.30000000000001,-0.00346552733003621
111.35000000000001,0.001146857149446308
111.4,0.0010830210278492953
111.45,-0.0019243312115292848
111.5,0.0012826621341601157
111.55000000000001,0.0005472962040055684
111.60000000000001,-0.0016927282044697733
111.65,0.0017716635507538175
111.7,-0.0017488429344330076
111.75,-0.0003776554554904897
111.80000000000001,0.0024201428041226887
111.85000000000001,-0.002293033047669944
111.9,0.0032029451714470406
111.95,-0.0036708426367902114
112.0,0.0019361400686792867
112.05000000000001,0.00012583998811731533
112.10000000000001,-0.0012024712494639505
112.15,0.0017449469720801937
112.2,-0.0028406279537878023
112.25,0.0018751649407068567
112.30000000000001,-0.0011833014686892795
112.35000000000001,0.0023289073102378864
112.4,-0.002016302369793712
112.45,0.0007702415823035144
112.5,0.000577425020550167
112.55000000000001,-0.001459749608042089
112.60000000000001,0.000581777176513201
112.65,-0.0016990422293671258
112.7,0.002972971455651104
112.75,0.0001824813390818392
112.80000000000001,-3.7655474429541434e-05
112.85000000000001,-0.0021205331808920426
112.9,-0.0009985036448611339
112.95,0.0017153395107964069
113.0,0.001726514908820032
113.05000000000001,-0.00045673430320861456
113.10000000000001,-0.0030685687403008938
113.15,0.0008084900468686643
113.2,0.00018306756910877516
113.25,0.002364025226926394
113.30000000000001,-0.00173963233034462
113.35000000000001,-0.000551780894098284
113.4,0.0020266378749276242
113.45,-0.001869537410025368
113.5,0.0005223494717632783
113.55000000000001,-0.0012543050399929
113.60000000000001,0.0015737039534078868
113.65,0.001146265991876254
113.7,-0.0009608089440586928
113.75,-0.0009815257532308052
113.80000000000001,-0.00027086092019649
113.85000000000001,0.001930508427197779
113.9,-0.0006245879141024011
113.95,-0.0002987595820149261
114.0,-0.00017305823339627734
114.05000000000001,-0.00029638414914400884
114.10000000000001,0.0031824168377360233
114.15,-0.0030749885025974184
114.2,-0.001125461489353887
114.25,0.0006324882322422454
114.30000000000001,-0.0004151647753408206
114.35000000000001,0.005115768322888383
114.4,-0.004017488252590808
114.45,-0.00010082870690926561
114.5,0.000611897176914792
114.55000000000001,0.000315130902808658
114.60000000000001,0.002392622890711359
114.65,-0.0038414092970548196
114.7,0.0010567201785683519
114.75,0.0013943092301747853
114.80000000000001,-0.000949812709322213
114.85000000000001,-4.448676709395634e-05
114.9,0.0004294687366377383
114.95,-0.0006470810618457534
115.0,0.001589372228092694
115.05000000000001,-0.001029851299516612
115.10000000000001,0.00031438882522656864
115.15,0.0015335952221394342
115.2,-0.0021807051792313457
115.25,0.0010105090435385694
115.30000000000001,-0.0010021452373894333
115.35000000000001,-0.00031032064000807534
115.4,0.0029776132962658114
115.45,-0.0012648124380457422
115.5,-0.002317178973419287
115.55000000000001,0.002244333661943075
115.60000000000001,-0.0009826065990679133
115.65,0.000727930565061173
115.7,0.00044992518957503736
115.75,-0.0020970175242512015
115.80000000000001,-0.0005147714626020041
115.85000000000001,0.0012352386022545226
115.9,0.0013280609053324334
115.95,-0.0020083610643023874
116.0,0.0012276841658386672
116.05000000000001,-0.0030771720372007633
116.10000000000001,0.002378495098975901
116.15,0.0008784302091553147
116.2,-0.0030558136156952384
116.25,0.0026701198353855696
116.30000000000001,-0.0017670572582559846
116.35000000000001,0.0021431861223587334
116.4,-0.0022748115626346605
116.45,0.0012647003454866813
116.5,0.002120371809733091
116.55000000000001,-0.004717848186034631
116.60000000000001,0.004928226722010713
116.65,-0.004364135584511466
116.7,0.0005102499086051576
116.75,0.005607800133579343
116.80000000000001,-0.006587726228565434
116.85000000000001,0.003385978603076075
116.9,-0.0028551029493096712
116.95,0.0007697140052398667
117.0,0.0033446873069424084
117.05000000000001,-0.005111013452234583
117.10000000000001,0.004638124948772816
117.15,-0.003928356279469379
117.2,0.0022406339015827903
117.25,-0.0001433490220617312
117.30000000000001,-0.001963379089449096
117.35000000000001,0.0031072343934883495
117.4,-0.0024854193120321206
117.45,0.0009445463300824583
117.5,-0.0014040804368989908
117.55000000000001,0.0020584388612841465
117.60000000000001,-0.0012539748573369201
117.65,-0.0007393108254140855
117.7,0.0013993733969198156
117.75,0.0009875022907239442
117.80000000000001,-0.0018499530671497273
117.85000000000001,0.0025335747239002278
117.9,-0.0031038145472130235
117.95,0.0011627142710368815
118.0,0.0005447365938986041
118.05000000000001,-0.003099721552074875
118.10000000000001,0.007149060955552805
118.15,-0.007280344760599841
118.2,0.0042965169432698696
118.25,-0.0020683746133034453
118.30000000000001,-0.0005301950717657212
118.35000000000001,0.0027789313080440773
118.4,-0.002356232177186699
118.45,0.0019681020477716514
118.5,-0.0037487970164665927
118.55000000000001,0.0049337033491161815
118.60000000000001,-0.0037439145484193916
118.65,0.0031243461857150536
118.7,-0.0007430243994966822
118.75,-0.0025530323363919276
118.80000000000001,0.00352713580696384
118.85000000000001,-0.002607651944361709
118.9,0.0014390319325604218
118.95,-0.00018654096635778116
119.0,0.0018779827791501902
119.05000000000001,-0.002144638276240114
119.10000000000001,0.0012269266470180964
119.15,-0.004102987642389856
119.2,0.004867384099992114
119.25,-0.0020665279968066367
119.30000000000001,-0.000989813327057335
119.35000000000001,0.0017563711298465969
119.4,-0.002431311023431522
119.45,0.00350225073495175
119.5,-0.00402528668719005
119.55000000000001,0.0023297932439291084
119.60000000000001,-0.0028935950246894867
119.65,0.006220591378112585
119.7,-0.004310517644420451
119.75,-0.0002079619762478065
119.80000000000001,0.00029713051294647945
119.85000000000001,-0.0005361716907752791
119.9,0.0013703496853086515
119.95,-0.0015894674083413317
120.0,0.002878419829263533
120.05000000000001,-0.005209086454017235
120.10000000000001,0.005770708833614117
120.15,-0.0019783282928701575
120.2,-0.0006954823774966733
120.25,0.00028636685456873346
120.30000000000001,-0.0002672119211173917
120.35000000000001,0.0005750359936317216
120.4,7.752721973593388e-05
120.45,-0.0011270228514747673
120.5,0.00039213290665269997
120.55000000000001,0.003148297166155554
120.60000000000001,-0.006479582170540534
120.65,0.0038093836852458028
120.7,-0.0008269129760837361
120.75,0.0010256063072832807
120.80000000000001,0.0030566978367829734
120.85000000000001,-0.004574639097209532
120.9,0.0022990120465776463
120.95,-0.0023955028530584176
121.0,0.0025146659071332345
121.05000000000001,-0.0016659182405329392
121.10000000000001,0.0007718847050930775
121.15,-0.0005023017517027719
121.2,-0.0016170612603960076
121.25,0.005019242132976327
121.30000000000001,-0.006245109882726909
121.35000000000001,0.0040280740438063765
121.4,-0.000341331853805771
121.45,-0.00015824582865444782
121.5,0.0009754074736567257
121.55000000000001,-0.003026442996375449
121.60000000000001,0.005131282462347729
121.65,-0.004197152385530209
121.7,0.0012129269250405845
121.75,-0.00033400006753998564
121.80000000000001,0.00070827017545905
121.85000000000001,0.0010216923691150567
121.9,-0.002637540381391065
121.95,0.00397639402532179
122.0,-0.003416213287930131
122.05000000000001,0.0022898778287174615
122.10000000000001,0.0027560806406515957
122.15,-0.005929280142504183
122.2,0.002722006145387906
122.25,0.0019649702046610944
122.30000000000001,-0.002463370949729082
122.35000000000001,0.0024975518214904982
122.4,-0.0029813968858833717
122.45,0.0005598073771632055
122.5,-0.000736193673350848
122.55000000000001,-0.0003833016302920287
122.60000000000001,0.0035883407040986715
122.65,-0.0036946735651002204
122.7,0.0011570203645082087
122.75,-0.0009296003193990574
122.80000000000001,-0.000278032085215588
122.85000000000001,0.0014259475994097236
122.9,-0.0026831014441133466
122.95,0.002591086739856379
123.0,-0.0009473787410037744
123.05000000000001,0.00020166895307283206
123.10000000000001,0.0019107888488510403
123.15,-0.004685178912017786
123.2,0.002098474679989953
123.25,0.0006417919903488093
123.30000000000001,-0.00013634931484690562
123.35000000000001,0.0004368655185847474
123.4,-0.0018811226420160862
123.45,0.002227607499136175
123.5,-0.0006362911928475502
123.55000000000001,5.380143338728362e-05
123.60000000000001,-0.0014356106067911836
123.65,0.0009016976417912007
123.7,0.00044235189071987476
123.75,-0.0002960497588513651
123.80000000000001,0.0014507831863820838
123.85000000000001,-0.0034749209437430965
123.9,0.002188438189034966
123.95,0.0010318446904413233
124.0,-0.0037482083261887074
124.05000000000001,0.0014834829079123876
124.10000000000001,0.0018283274860789196
124.15,-0.00046999301971576194
124.2,0.0017429670544854483
124.25,-0.0043015774271604025
124.30000000000001,0.0013786853265266943
124.35000000000001,0.001381081395730573
124.4,-0.0019345916269592164
124.45,0.002506786711140264
124.5,-0.0030824550139000374
124.55000000000001,0.002798475568843867
124.60000000000001,0.0002860937273973778
124.65,-0.0035588684908059343
124.7,0.0019959450232299265
124.75,-0.0007463139486646488
124.80000000000001,0.0028945085287912517
124.85000000000001,-0.001719570408828951
124.9,-0.0005700458683031803
124.95,0.0021632271889356217
125.0,-0.002636984258487362
125.05000000000001,0.004918962910593905
125.10000000000001,-0.00690366927704022
125.15,0.004695188387902701
125.2,0.001187536692512465
125.25,-0.0020923218826259258
125.30000000000001,0.0022927909624832574
125.35000000000001,-0.003741958675100983
125.4,0.004399112895490259
125.45,-0.0052398074510072905
125.5,0.005304540555725998
125.55000000000001,-0.0038649319587146496
125.60000000000001,0.000304063301449842
125.65,0.0010159684305400872
125.7,-0.0024675099425353845
125.75,0.005743779214148936
125.80000000000001,-0.007089769612755504
125.85000000000001,0.0058413489949130535
125.9,-0.0023330955272752906
125.95,-0.0019410128863861394
126.0,0.0023903865894114376
126.05000000000001,-0.0019653861870314454
126.10000000000001,0.002308667551114595
126.15,-0.002858301642481405
126.2,0.0032952059586341697
126.25,-0.00411702006937624
126.30000000000001,0.0013713363395908887
126.35000000000001,0.0016353312584355194
126.4,-0.002128686940522735
126.45,0.00022996322535791033
126.5,-0.0007416947602812051
126.55000000000001,0.0015775021151015897
126.60000000000001,-0.0007765486545818827
126.65,0.0025458735282200963
126.7,-0.00538296711185982
126.75,0.004779963504498797
126.80000000000001,-0.0024115619174673677
126.85000000000001,-0.0010054282449975065
126.9,0.0027868641201465347
126.95,-0.0030691808288274953
127.0,0.003604912491727541
127.05000000000001,-0.002715907307213911
127.10000000000001,0.0010767426335878206
127.15,-0.0011244334580717257
127.2,0.003086600462002153
127.25,-0.00249993983725198
127.30000000000001,0.0009653098985671113
127.35000000000001,-0.000705534937926013
127.4,-0.0005502737201368527
127.45,0.005450819239127883
127.5,-0.007370853617379447
127.55000000000001,0.0028415821227294044
127.60000000000001,-0.0006304700113617848
127.65,0.0016154964146577653
127.7,0.0011119702325867683
127.75,-0.00507664950260721
127.80000000000001,0.0037779867151564255
127.85000000000001,-0.0023744217223218692
127.9,0.00274502603569927
127.95,-0.00039823308401675715
128.0,-0.0022755503245857926
128.05,0.004132214577168333
128.1,-0.004479921563459616
128.15,0.0018393953015607009
128.20000000000002,0.0001433665954414343
128.25,-0.0010241621771586403
128.3,0.004121981009777847
128.35,-0.00436719521903203
128.4,0.0013969297968056576
128.45000000000002,1.163936442618885e-05
128.5,5.197538598080899e-05
128.55,0.0007698238403621383
128.6,-0.0008569929771206682
128.65,0.0020057918408008125
128.70000000000002,-0.002208207066100777
128.75,0.0009680518035935709
128.8,-0.002701643024827505
128.85,0.0005476074313115634
128.9,0.003586797083892882
128.95000000000002,-0.0007997524294960816
129.0,-0.0011740168254189243
129.05,0.0006536755011842783
129.1,-0.0016110882816239326
129.15,0.0020105780299348205
129.20000000000002,0.001030325092311863
129.25,-0.004300039720442604
129.3,0.004684684329182822
129.35,-0.0013572520099286282
129.4,-0.0018177780842007804
129.45000000000002,0.002535915491531059
129.5,-0.001328208081175787
129.55,-0.00039981458594524764
129.6,0.0019089207003942191
129.65,-0.0011873425296983538
129.70000000000002,0.0001367017781263099
129.75,-0.0010803560360058916
129.8,0.0012325246990815251
129.85,0.00017233303170012312
129.9,-0.0009561944365330532
129.95000000000002,0.0025318855627454915
130.0,-0.005132083994265457
130.05,0.0032772559804848415
130.1,-0.0009482032520067523
130.15,-9.170425048547489e-05
130.20000000000002,0.0028858580668885084
130.25,-0.003783694454401083
130.3,0.0007608719389838568
130.35,3.676182337927736e-05
130.4,0.0010378882730002934
130.45000000000002,-0.002803033326736255
130.5,0.0020311440213077285
130.55,-0.00039294694647899135
130.6,-0.00040595479202531885
130.65,0.000524022035378808
130.70000000000002,-0.0003776390203560708
130.75,0.0016800823097408626
130.8,-0.0023973652094698315
130.85,0.0011095744305794806
130.9,-0.00035465827898803736
130.95000000000002,0.0019622866455628707
131.0,-0.0019482902559930112
131.05,0.0006258163520893076
131.1,-0.0024288571785874465
131.15,-3.829224641430474e-05
131.20000000000002,0.006172947204101845
131.25,-0.005037794272303064
131.3,0.0015060902309591187
131.35,-0.0016989225062126697
131.4,-0.0002525861602467877
131.45000000000002,0.0032763881517184224
131.5,-0.004121827648097343
131.55,0.004203728487702243
131.6,-0.0010955702549013127
131.65,-0.0005940957079700768
131.70000000000002,-4.303190765612557e-05
131.75,-0.0005278302162007294
131.8,0.0014493391694224587
131.85,-0.0011994229581231083
131.9,0.0030994512224154784
131.95000000000002,-0.004709753695800115
132.0,0.0037371594524543265
132.05,-0.0013391220454654004
132.1,0.00019249535216255413
132.15,0.0017131234614200825
132.20000000000002,-0.0033723107253649685
132.25,0.0035219527295573035
132.3,-0.002558556882848178
132.35,0.0019529971370059406
132.4,-0.001982313540261349
132.45000000000002,0.0010910505347637588
132.5,6.935737341137348e-05
132.55,-0.000355067144819766
132.6,0.001779289053901846
132.65,-0.002170087466260626
132.70000000000002,0.0020928454187777567
132.75,-0.001725040608625243
132.8,0.0015149653257106686
132.85,-0.0027359619657738835
132.9,0.004010797440165624
132.95000000000002,-0.0003959478755142114
133.0,-0.00333728650796949
133.05,0.0031723013896407556
133.1,-0.0027694252274884502
133.15,0.004674646122241074
133.20000000000002,-0.006589018293832579
133.25,0.004394199451402076
133.3,-0.0016460243930630448
133.35,-0.00031093746609748993
133.4,0.0013434988435190429
133.45000000000002,-0.0052312877768740705
133.5,0.008937662605905469
133.55,-0.007617138492800432
133.6,0.004940796160329684
133.65,-0.005078730671465503
133.70000000000002,0.00046451440481140696
133.75,0.005025950581604061
133.8,-0.004395002070957918
133.85,0.0021824457379904594
133.9,-0.0030274460184595824
133.95000000000002,0.003113139635048296
134.0,-0.0029791147840539604
134.05,0.0033476277407640115
134.1,-0.002368102382733605
134.15,0.0008367018526693506
134.20000000000002,0.0010626397454865128
134.25,-0.004156852068612279
134.3,0.004476985510011645
134.35,-0.00136864418853217
134.4,0.0015266240259092533
134.45000000000002,-0.0015084708051048142
134.5,-0.0006921660660928838
134.55,-0.00047041614415696103
134.6,0.0010856765746445982
134.65,0.00247462088041162
134.70000000000002,-0.004348976933726359
134.75,0.003284121778266596
134.8,0.0004150496240118528
134.85,-0.004097588983958242
134.9,0.0031903324982182723
134.95000000000002,-0.0029597941332431157
135.0,0.002809043419987963
135.05,0.0008519905445332022
135.1,-0.0026791400216261254
135.15,0.001442693383978357
135.20000000000002,-0.001213760353550532
135.25,0.002399656224381829
135.3,-0.0023776102116651503
135.35,-4.9024624771594896e-05
135.4,0.0016834061390652798
135.45000000000002,-0.0015068986168355774
135.5,5.597237386996667e-06
135.55,-0.0011173564917985148
135.6,0.0007621910440223544
135.65,0.003078722373603069
135.70000000000002,-0.002883983749036403
135.75,0.0003170415301543258
135.8,-1.2784160521754373e-05
135.85,0.0003517305955987205
135.9,0.002673048412560734
135.95000000000002,-0.0035587492263439795
136.0,0.0014683318162587926
136.05,-0.00027570800513162093
136.1,0.0006690231064563967
136.15,0.001915253881147054
136.20000000000002,-0.002621524941114009
136.25,0.0001243516546230497
136.3,0.0028705357979687926
136.35,-0.00202505977823282
136.4,-0.0010235630923220245
136.45000000000002,-0.001253522513241347
136.5,0.0011005965237121786
136.55,0.0031343299876894566
136.6,-0.0033645615783889906
136.65,-0.00016979655944955612
136.70000000000002,-0.0014714850321405374
136.75,0.0035473813469937966
136.8,-0.002220558320195197
136.85,-0.001994421366045612
136.9,0.0029376888669736634
136.95000000000002,-0.002202813511495258
137.0,0.004182186193357201
137.05,-0.0009901137796931713
137.1,-0.005658341262436668
137.15,0.004309345078597388
137.20000000000002,-0.0006673998111204209
137.25,-0.00030589172759731137
137.3,0.0014901551100799666
137.35,-0.003335451856110182
137.4,0.0044089837769269655
137.45000000000002,-0.004174663039844201
137.5,0.0035937858735797215
137.55,-0.00246241455815561
137.6,0.00025148214472431053
137.65,0.0036383914506421733
137.70000000000002,-0.005321832275653224
137.75,0.004312607515937153
137.8,-0.006072097998815302
137.85,0.006092851109834174
137.9,-0.002681524575418841
137.95000000000002,0.000213866267673352
138.0,0.002520346898855161
138.05,-0.005953462215569391
138.1,0.006286502936539404
138.15,-0.0035396074585469094
138.20000000000002,0.0038157010738740847
138.25,-0.0019260353183335867
138.3,-0.0021371435768722633
138.35,0.002405973028555394
138.4,-0.002775789184429319
138.45000000000002,0.003761283833412258
138.5,-0.003428689971861432
138.55,0.0008969621320865453
138.6,0.002784005692346443
138.65,-0.005019732878799634
138.70000000000002,0.003621689063192797
138.75,-0.001901268154101052
138.8,0.00044234512173923064
138.85,0.0031702566079114983
138.9,-0.004745667035514206
138.95000000000002,0.0014111567970311947
139.0,0.0005836963548913627
139.05,0.0031804177401614352
139.1,-0.005020969442658089
139.15,0.0017755270319483843
139.20000000000002,0.0008753412361012043
139.25,-0.0012616138799379447
139.3,0.00586732407523184
139.35,-0.007786738877093592
139.4,0.002869690536090309
139.45000000000002,0.0013985581063396019
139.5,-0.0021557180409993086
139.55,0.0009318570952648426
139.6,-0.001415006093039229
139.65,0.002399948778834254
139.70000000000002,0.0008460000737013453
139.75,-0.003019182205370555
139.8,0.0012806157361420192
139.85,-0.0015052059798790953
139.9,0.0015630942304266347
139.95000000000002,0.0017723610453607523
140.0,-0.0035241096772413044
140.05,0.003234870488250472
140.1,-0.002480694826667144
140.15,0.004184746101087023
140.20000000000002,-0.003969116157148014
140.25,-0.0005099362939358285
140.3,0.004272350373861485
140.35,-0.003802449898264797
140.4,0.00315819906399803
140.45000000000002,-0.0028877538207786753
140.5,0.0020162239919358426
140.55,0.0001196619342978641
140.6,0.00025259465380149577
140.65,-0.000751699756095198
140.70000000000002,-0.002449096888163531
140.75,0.005611823338769602
140.8,-0.004165079226264528
140.85,-0.0003318648253093534
140.9,0.0031099085125189676
140.95000000000002,-0.0035187063193190633
141.0,0.003265427509289635
141.05,-0.0013021844946535528
141.1,-0.0017856990617857093
141.15,0.0018821138860565323
141.20000000000002,-0.0002733176778295841
141.25,0.0012400204591286417
141.3,-0.0019407621346203916
141.35,0.0012776901358327523
141.4,0.00011201829013348039
141.45000000000002,0.00022998564752601823
141.5,-0.0005184547283923102
141.55,-0.002173426046234318
141.6,0.0007844076344606599
141.65,0.0012171253706491254
141.70000000000002,0.00032634830537397504
141.75,-0.002547462773628273
141.8,0.00041120439016567074
141.85,3.816491384834744e-05
141.9,-0.0001401709663624611
141.95000000000002,-0.00021722111779340713
142.0,0.0005895304368807963
142.05,-0.00026835432763467297
142.1,0.001155705857613144
142.15,-0.0006903628473737496
142.20000000000002,-0.002163669492933773
142.25,0.0032333190823862442
142.3,-0.0023846282295237734
142.35,-0.0001228948881637749
142.4,0.003806688340108789
142.45000000000002,-0.0035285726531361196
142.5,0.0015318394386075805
142.55,0.0014378753804366914
142.6,-0.004934450943558419
142.65,0.004055850279220961
142.70000000000002,-0.0008467453837420812
142.75,0.00081084875182493
142.8,-0.0011821139956842094
142.85,-0.00014839499199959858
142.9,0.0028884722358178947
142.95000000000002,-0.004119995111940923
143.0,0.0038144991642253758
143.05,-0.004375371884360629
143.1,0.003600519030914023
143.15,0.0004362096477648228
143.20000000000002,-0.001670763973667236
143.25,0.0023674809629205375
143.3,-0.004243815264616825
143.35,0.004276051196042553
143.4,-0.0029267441631186564
143.45000000000002,0.0012991897425374235
143.5,-0.001081875663740281
143.55,0.0011241826337719271
143.6,0.00012649734066920914
143.65,-0.0017795606208036417
143.70000000000002,0.004777035106183196
143.75,-0.006067430684814911
143.8,0.0014477566409639387
143.85,0.0018896685112593265
143.9,-0.00040288223733870465
143.95000000000002,-0.001049402283755367
144.0,0.0019658864396431726
144.05,-0.00038471806230930576
144.1,-0.0033518044639806828
144.15,0.005675496587812179
144.20000000000002,-0.006747125458094101
144.25,0.005221563394165641
144.3,0.0003104772924680591
144.35,-0.00451942459308506
144.4,0.005116584291864132
144.45000000000002,-0.0037444692848073884
144.5,0.0038047926669968726
144.55,-0.00465474724486504
144.6,0.004369951441233784
144.65,-0.002783167302997739
144.70000000000002,-0.0027027977182788494
144.75,0.00798717120551462
144.8,-0.008706508878748293
144.85,0.004385223748436713
144.9,-0.0014360746088126122
144.95000000000002,-0.0009738652179405665
145.0,0.003001263501711386
145.05,-0.0030770451133203805
145.1,0.002273757811961311
145.15,-0.0029298952437858006
145.20000000000002,0.0027120204418484227
145.25,-0.00028320181180171105
145.3,-0.0031667613843574215
145.35,0.003709917594027298
145.4,-0.0025957948709687015
145.45000000000002,0.0027932233608752364
145.5,-0.002363861370955911
145.55,0.0008863015233649918
145.6,-0.00047280181709492944
145.65,-0.00230924221741838
145.70000000000002,0.0031972106319605132
145.75,-0.0045970212946649155
145.8,0.007751602725253864
145.85,-0.006722233628387111
145.9,0.004354706743109712
145.95000000000002,-0.0003456472034241898
146.0,-0.006182746997293392
146.05,0.010470499069559982
146.1,-0.00868247471096541
146.15,0.004342556580817446
146.20000000000002,-0.0025032640745084917
146.25,0.002120401479541312
146.3,0.0007528500903829619
146.35,-0.004919835831123542
146.4,0.005163187523096592
146.45000000000002,-0.0033128682407783175
146.5,0.0038141806136642083
146.55,-0.0006608455218598369
146.6,-0.001697215781413724
146.65,-0.00032932645998333377
146.70000000000002,0.0031003733498026482
146.75,-0.0027240688965621757
146.8,0.0012258564991542975
146.85,0.00027809985040190777
146.9,-0.0035803958642356883
146.95000000000002,0.006512193460062416
147.0,-0.00646605416008597
147.05,0.003452941964742394
147.1,0.0016862624012360615
147.15,-0.003978507212093716
147.20000000000002,0.0032890331776110433
147.25,-0.0038961436302236505
147.3,0.004868969983907617
147.35,-0.0033394709266246557
147.4,0.0017753871291561532
147.45000000000002,-0.0001768084249545154
147.5,-0.005357928091075868
147.55,0.010648636728819803
147.6,-0.01008738623120686
147.65,0.0045534222662984075
147.70000000000002,0.0002577156964503067
147.75,-0.004173009968077437
147.8,0.0064009663501422235
147.85,-0.006296555274096344
147.9,0.0033282671956533488
147.95000000000002,-0.003228709419587113
148.0,0.004046518643000903
148.05,-0.001562672248105036
148.1,-0.0006294092772482133
148.15,0.002091211765937769
148.20000000000002,-0.0042174379305779455
148.25,0.004730685722825217
148.3,-0.0034710273594820763
148.35,0.0020874825083150995
148.4,-0.001342777064132375
148.45000000000002,0.0001723922871399491
148.5,0.0029584413498769833
148.55,-0.0031292478519289882
148.6,0.0016034390293220983
148.65,-0.001188741302591012
148.70000000000002,0.00107304023932399
148.75,-0.0013103392880175748
148.8,0.001419642291211163
148.85,-0.0020351098409688243
148.9,0.0009872976841233023
148.95000000000002,0.0015086879610658837
149.0,-0.0022878385271259717
149.05,0.0032878536741714212
149.1,-0.004314259915456396
149.15,0.0028947938497632443
149.20000000000002,-0.0007145952920079819
149.25,-0.00013921559522608043
149.3,0.0017565054794797597
149.35,-0.0029109251981767298
149.4,0.003450688633731747
149.45000000000002,-0.002302438435671795
149.5,0.00027414955192393506
149.55,0.0015105486024053702
149.6,-0.001982550198430649
149.65,0.001886456875318648
149.70000000000002,2.3969001445167215e-05
149.75,-0.0023443579717060655
149.8,0.0020236541279710567
149.85,0.0009348548286012666
149.9,-0.0010176963480008933
149.95000000000002,-0.00016410417796142455
150.0,0.00016890969499960487
150.05,-0.0005626415637064546
150.1,0.00023180658009459642
150.15,-0.0007285653433231686
150.20000000000002,0.0012514866178215762
150.25,0.001579326733764452
150.3,-0.002935140476024508
150.35,0.0009303243568916189
150.4,0.0004944070568141237
150.45000000000002,-0.0006030569342912607
150.5,0.000876925892937838
150.55,-0.0020865062541078933
150.6,0.0021981499562468915
150.65,-0.0006201799758652942
150.70000000000002,-0.0018932922395234067
150.75,0.002523311189617665
150.8,-0.0021232041698858455
150.85,0.0029916748773864336
150.9,-0.0017712427208013142
150.95000000000002,-0.0001694320211347586
151.0,-0.0008801742332610177
151.05,-0.001155479143363968
151.1,0.003922267955413557
151.15,-0.0034122806791776917
151.20000000000002,0.0011054317305620506
151.25,0.0014434730780128508
151.3,-0.0009135330251750122
151.35,-0.0018633108443947362
151.4,0.0016755735033158834
151.45000000000002,-0.0017926508692438956
151.5,-7.252919424311029e-06
151.55,0.004734644518280934
151.6,-0.0034774577110785643
151.65,0.0009864334457919375
151.70000000000002,-0.0007467135680216803
151.75,-0.0009100492113645784
151.8,0.0036281215161090685
151.85,-0.004322983789457524
151.9,0.0026756910986112242
151.95000000000002,0.0014053452619502554
152.0,-0.003532860824157807
152.05,0.0023601105691356023
152.1,-0.0011753604331459567
152.15,-0.00010434106050124436
152.20000000000002,-0.000472099539242961
152.25,0.0029375112928368766
152.3,-0.0020680413353901866
152.35,0.00013248064520735055
152.4,0.0016981126162603506
152.45000000000002,-0.004727506102942785
152.5,0.004361569854988991
152.55,-0.0013799065881889107
152.6,-0.00024521642166521054
152.65,-0.00030821837779701543
152.70000000000002,0.0006125908423879671
152.75,0.0010682625157897618
152.8,-0.0019200778623187592
152.85,0.0024712940983902774
152.9,-0.0036843131252160947
152.95000000000002,0.0044423152313797076
153.0,-0.001419288543905564
153.05,-0.0029376770300908856
153.1,0.0034769377797325162
153.15,-0.001197507770760748
153.20000000000002,0.0013093696782442146
153.25,-0.0029607571182019795
153.3,0.0006660955333118876
153.35,0.00033631925682310403
153.4,0.00017700641037273637
153.45000000000002,0.0007283416172055447
153.5,-0.00273270680467286
153.55,0.0020788534400655134
153.60000000000002,0.002347679954195642
153.65,-0.002012037489185475
153.70000000000002,-0.0009314851118707226
153.75,-0.001692585832260125
153.8,0.0034646649554514438
153.85000000000002,-0.0001445726525903189
153.9,-0.0030197072890164258
153.95000000000002,0.0029397034904343213
154.0,-0.0033265761965581833
154.05,0.003869337569039553
154.10000000000002,-0.0026613056948120097
154.15,-0.0012183949976832685
154.20000000000002,0.0026475310891258628
154.25,-0.0007384058293659339
154.3,0.0007460842069234413
154.35000000000002,-0.0033871942071797296
154.4,0.0016600565167951675
154.45000000000002,-0.0008895223676909817
154.5,0.001577823741974354
154.55,-0.0010045060196537234
154.60000000000002,0.0008748460226510148
154.65,0.001336837722813371
154.70000000000002,-0.0022862385612480098
154.75,0.0012299557986323053
154.8,-0.0017868662549452442
154.85000000000002,0.0024370110545713967
154.9,-0.00012663545453011217
154.95000000000002,-0.0011904875970847506
155.0,0.0007367757075364522
155.05,-0.0007683394144537203
155.10000000000002,0.0022785890764991084
155.15,-0.002344944677766397
155.20000000000002,0.0002420121975198026
155.25,0.0007332856684388833
155.3,0.0005852431175995044
155.35000000000002,0.00011734080931413362
155.4,-0.001961426822544657
155.45000000000002,0.0030424743787106794
155.5,-0.0005516204182946489
155.55,-0.0010277004971654573
155.60000000000002,-0.0011929666914292328
155.65,0.00044566116348734955
155.70000000000002,0.001794750995427455
155.75,-0.002703825955107738
155.8,0.0007947330196318999
155.85000000000002,0.0005812534901478452
155.9,0.00015755009462818298
155.95000000000002,0.000454141605201903
156.0,-0.0028890585222392474
156.05,0.0012950558934288888
156.10000000000002,0.0024705412397316314
156.15,-0.0005116913012699323
156.20000000000002,-6.153368825793656e-05
156.25,-0.00025291835267042073
156.3,-0.001950976254836346
156.35000000000002,0.003281393800766828
156.4,-0.0004375823544366339
156.45000000000002,-0.0032917208386357534
156.5,0.002369336690194073
156.55,0.00034551355376022294
156.60000000000002,0.0011535406443864045
156.65,-0.0023805217852803156
156.70000000000002,-0.0006259967925680337
156.75,0.0012248186299298248
156.8,0.0011178729652194935
156.85000000000002,0.0005712346949960197
156.9,-0.004003862439054793
156.95000000000002,0.002303807126352822
157.0,0.00042309443100715905
157.05,6.677409670141424e-06
157.10000000000002,0.002008497785781699
157.15,-0.003706559257088323
157.20000000000002,0.0028154691851310196
157.25,0.0009571746608132356
157.3,-0.0026361758503216258
157.35000000000002,0.0007905381586005945
157.4,-0.0014728416293539582
157.45000000000002,0.000390353389228457
157.5,-0.00033548191066864926
157.55,0.0001281965214772527
157.60000000000002,-0.0009368676146695757
157.65,0.0014464892860313657
157.70000000000002,0.00010773978739652558
157.75,-0.0026443791953924983
157.8,0.002447462265747069
157.85000000000002,0.00023875145352504273
157.9,-0.00041994077489029667
157.95000000000002,0.0005452067938932714
158.0,-0.0011579468347575014
158.05,0.00013948471104316618
158.10000000000002,0.0008168903065580649
158.15,-0.0010492013224012533
158.20000000000002,0.00027914234634741165
158.25,0.002234815969116105
158.3,-0.0033053359399803127
158.35000000000002,-0.0014840295387805863
158.4,0.0037843819386143055
158.45000000000002,-0.00231570292238567
158.5,0.00030092532381569334
158.55,0.002663872727277408
158.60000000000002,-0.0025348831022286296
158.65,0.001617208177482736
158.70000000000002,0.0014598818185236754
158.75,-0.0019486371660918374
158.8,0.0014251719690021839
158.85000000000002,0.0006083129427396569
158.9,-0.0003162947929187333
158.95000000000002,0.001682969553259413
159.0,-0.004733589522945536
159.05,0.0031632873617887846
159.10000000000002,0.0018555698541603267
159.15,-0.005334318144110745
159.20000000000002,0.002965448281201918
159.25,-0.0027103519969826255
159.3,0.0016317685462543688
159.35000000000002,0.0021372411347877424
159.4,-0.004006825739637693
159.45000000000002,0.002381920674078578
159.5,0.00048330591750044314
159.55,-0.00014148218680069903
159.60000000000002,-0.0005717755606479437
159.65,0.000776960077413068
159.70000000000002,0.001958615356695384
159.75,-0.0018565703388721507
159.8,0.0009807420810686216
159.85000000000002,-0.0013031755518821313
159.9,-0.0017452419859924578
159.95000000000002,0.0035313177029621784
160.0,-0.001148746662249835
160.05,-0.0015647204643036321
160.10000000000002,-0.0012605266341900842
160.15,-0.002974032745196396
160.20000000000002,0.0028349857142237153
160.25,0.0006479248538194425
160.3,-0.0020380977771117473
160.35000000000002,0.0022770160555289493
160.4,-0.0001081150573692113
160.45000000000002,-0.0028213755498975165
160.5,0.0027816123472425096
160.55,0.0007727797818280201
160.60000000000002,-0.0023710335540678
160.65,0.00035954050235209345
160.70000000000002,0.000873908946853486
160.75,-0.0008708330491554821
160.8,0.0005410775987779341
160.85000000000002,0.0014852878646488914
160.9,-0.005706562634372643
160.95000000000002,0.0031644268122572997
161.0,-0.0006195926716382456
161.05,-0.004924078218976063
161.10000000000002,0.003806923008571551
161.15,-0.001946583697100637
161.20000000000002,0.0036065636182780244
161.25,-0.0007786834207658118
161.3,-0.0008933153554236932
161.35000000000002,0.0012131314720900033
161.4,0.00029357935853578963
161.45000000000002,0.0028465961252663106
161.5,-0.0022642715193057603
161.55,0.0036987143037910722
161.60000000000002,-0.0018726228670335064
161.65,0.0006473609915725989
161.70000000000002,0.00010448707220547252
161.75,-0.0002366947517197716
161.8,0.003445803175709258
161.85000000000002,-0.00435301936211654
161.9,0.0014540842086239497
161.95000000000002,-0.0029182860591409486
162.0,0.0017517409370481829
162.05,0.0030404858442220116
162.10000000000002,-0.002532338381565646
162.15,0.003888105560422187
162.20000000000002,-0.0008809893987857631
162.25,0.0009534620572832411
162.3,-0.0011824141140874865
162.35000000000002,-0.0012415728237876698
162.4,0.001710175801665369
162.45000000000002,-0.0010411097617386651
162.5,0.00026012664001716823
162.55,-0.0004740315195598417
162.60000000000002,-0.0008835891788898427
162.65,7.245908212515045e-05
162.70000000000002,-0.00011315308684927024
162.75,-0.0013004407594654922
162.8,0.0011140366961126219
162.85000000000002,0.0021030317368968725
162.9,-0.0035061721214196327
162.95000000000002,-0.001693220965137965
163.0,0.0022805751174870535
163.05,-0.0022910887891825263
163.10000000000002,0.006123044465730799
163.15,-0.0021240889430872816
163.20000000000002,-0.005075507802874248
163.25,0.005764145527257466
163.3,-0.003211068531158047
163.35000000000002,-0.002350838104795822
163.4,0.003219798702257416
163.45000000000002,0.0017709321558011441
163.5,-0.002541163810123146
163.55,0.002945242924218481
163.60000000000002,-0.0018025695498976842
163.65,-0.002965211361559033
163.70000000000002,0.0029263411970371403
163.75,-0.004831482646926171
163.8,-0.001222500066392301
163.85000000000002,-0.003306141884203178
163.9,-0.00044208146189059027
163.95000000000002,0.0025567816010096294
164.0,0.002194324755079913
164.05,0.006352491908351773
164.10000000000002,-0.005308522072835896
164.15,-0.0015331085023781894
164.20000000000002,0.003761991894832837
164.25,0.005667106748962132
164.3,0.0002888183588993067
164.35000000000002,-0.010973725688903061
164.4,0.006770536083283127
164.45000000000002,0.00511037770840224
164.5,-0.0029762379273977598
164.55,-0.0033599245466248502
164.60000000000002,-0.004117438119975178
164.65,0.006985669105069013
164.70000000000002,-0.0032549330800827805
164.75,-0.0027078223261039233
164.8,0.005980016115851584
164.85000000000002,-0.000743322479093426
164.9,0.007287340686376702
164.95000000000002,0.00305124688754591
165.0,-0.004959960245796332
165.05,0.0032802797976857574
165.10000000000002,-0.005016735268661574
165.15,-0.009999430776662592
165.20000000000002,-0.005844448556780882
165.25,0.017185425939432133
165.3,0.019549162333421737
165.35000000000002,-0.019204954792488186
165.4,-0.01996360093694495
165.45000000000002,0.024568868683072138
165.5,0.0018798844936322014
165.55,-0.015869014891860704
165.60000000000002,0.015957713405013584
165.65,-0.017004612364600442
165.70000000000002,0.0008641751414903749
165.75,0.014555646417112978
165.8,-0.014515424239189388
165.85000000000002,-0.001512861670116387
165.9,0.012600949599046346
165.95000000000002,0.0069189169201196304
166.0,-0.006753953663951098
166.05,-0.012470996266295548
166.10000000000002,0.0009538896157919573
166.15,0.017149676425258355
166.20000000000002,-0.01517843806306774
166.25,0.0056787157225197124
166.3,0.017697284595979006
166.35000000000002,-0.021938559345900287
166.4,-0.00656284216222791
166.45000000000002,0.004361591375024744
166.5,0.004467274883476703
166.55,0.003133761332167728
166.60000000000002,-0.004900566887692876
166.65,-0.007943856771091565
166.70000000000002,-0.012267658691119745
166.75,0.00837172674327543
166.8,0.021273916892505806
166.85000000000002,-0.017265913445754212
166.9,0.017188094842728544
166.95000000000002,0.0003679282168644389
167.0,-0.04347986456209837
167.05,0.03467137848358118
167.10000000000002,-0.005049767196733966
167.15,-0.007146405102881845
167.20000000000002,0.02270981233353266
167.25,-0.03798883136257569
167.3,-0.0051168854588155175
167.35000000000002,0.027317667218756107
167.4,-0.0006644644009077144
167.45000000000002,0.0077524830604328914
167.5,0.0011798966610415452
167.55,-0.012658430818715214
167.60000000000002,0.03383841707865865
167.65,-0.012025852914945376
167.70000000000002,-0.028691523854461762
167.75,0.018748455851444357
167.8,-0.029898996273967717
167.85000000000002,0.023789246131321724
167.9,0.027037780434581087
167.95000000000002,-0.043211927495202654
168.0,-0.003700141554547148
168.05,-0.0024602749125196104
168.10000000000002,0.021585843983039185
168.15,0.004865150489384436
168.20000000000002,-0.021203608069086277
168.25,0.008004523498955836
168.3,0.002156538687945082
168.35000000000002,0.008033410053459877
168.4,0.0033546639655711273
168.45000000000002,0.026310411715909237
168.5,0.004888686956423854
168.55,-0.022906956080976152
168.60000000000002,-0.024967173975903836
168.65,-0.028849123674165703
168.70000000000002,0.038983335272722165
168.75,-0.00210865883764039
168.8,0.010965328087138286
168.85000000000002,-0.01229405138834043
168.9,-0.03434451123054743
168.95000000000002,0.0887654613765769
169.0,-0.050805574191968725
169.05,-0.03462994097976083
169.10000000000002,0.04248576712002566
169.15,0.0123123336739598
169.20000000000002,0.040990952521734535
169.25,-0.06255341190470462
169.3,-0.009206424581357628
169.35000000000002,0.04309014019567906
169.4,-0.001435528969594127
169.45000000000002,0.0006645490491782791
169.5,-0.04634378671437807
169.55,-0.007451087921164047
169.60000000000002,0.02778298183391625
169.65,-0.04092467724498737
169.70000000000002,0.02301475730822045
169.75,0.011380166205591699
169.8,-0.006937562359779887
169.85000000000002,0.055434905574068785
169.9,-0.032094224574677706
169.95000000000002,-0.04692588173355204
170.0,0.017702009503533126
170.05,0.03764155239574721
170.10000000000002,-0.018609710172197237
170.15,0.00910463440628632
170.20000000000002,0.04288571159981808
170.25,-0.02182519993813339
170.3,-0.040276561191907555
170.35000000000002,0.032761316508333756
170.4,-0.0026055417498446567
170.45000000000002,-0.07741178882701301
170.5,0.04127563413472552
170.55,-0.00684519652462955
170.60000000000002,-0.011209623316479692
170.65,-0.013492931427040554
170.70000000000002,-0.0023753804463286206
170.75,0.09443252530492567
170.8,-0.04685789438004362
170.85000000000002,0.011525665754389664
170.9,0.0349773645032129
170.95000000000002,-0.0669765379135717
171.0,0.021815062963405792
171.05,0.05325830695986381
171.10000000000002,-0.014527622369983204
171.15,-0.0487916825903523
171.20000000000002,0.009255063177696003
171.25,0.03870922540787816
171.3,-0.03755394345451508
171.35000000000002,-0.024059840111143024
171.4,0.028432907060548067
171.45000000000002,-0.025772234770194854
171.5,-0.03900887794444456
171.55,0.0436979252497045
171.60000000000002,0.05885806591658574
171.65,-0.05043332006490251
171.70000000000002,0.02842432369835876
171.75,0.03624164365997646
171.8,-0.04916476534145706
171.85000000000002,-0.013877318243049545
171.9,0.0036266955332162
171.95000000000002,0.0018958121026325732
172.0,-0.060984124620600884
172.05,0.10089757432144929
172.10000000000002,0.036013776465704334
172.15,-0.06080519278919718
172.20000000000002,0.022932756514268036
172.25,-0.07494601901225525
172.3,0.03341994179257644
172.35000000000002,-0.022916494357701572
172.4,-0.0016026269527951026
172.45000000000002,0.06844712742823762
172.5,-0.07166661583324226
172.55,0.03202944519050094
172.60000000000002,0.01809210786305041
172.65,-0.04644101498428718
172.70000000000002,0.010230796372437491
172.75,0.005942262351911912
172.8,0.031264496662981235
172.85000000000002,0.017035400000793167
172.9,-0.038063638999172755
172.95000000000002,0.0048359163536075105
173.0,-0.025876937298572524
173.05,-0.0017389318962867427
173.10000000000002,0.08867587242212302
173.15,-0.05546558909751332
173.20000000000002,-0.032803972008879724
173.25,0.049741230226628595
173.3,-0.04436572174868403
173.35000000000002,0.02934567390017094
173.4,-0.013656557427196674
173.45000000000002,-0.09333135662397984
173.5,0.04129952680167413
173.55,0.07739622434136363
173.60000000000002,0.0012716180347790936
173.65,-0.029170112236752373
173.70000000000002,0.035692079084285754
173.75,0.019517727337213596
173.8,-0.03514239676636587
173.85000000000002,-0.07234774274434727
173.9,-0.08426074480157954
173.95000000000002,0.08267651935548688
174.0,0.07349543356429893
174.05,-0.03781479936836305
174.10000000000002,0.027616735678391433
174.15,0.03178076349835652
174.20000000000002,0.017603498257197637
174.25,-0.06377548573374431
174.3,-0.025810108992630917
174.35000000000002,0.10472775696314449
174.4,0.01358213585228623
174.45000000000002,-0.018244196073072868
174.5,-0.10392614895134679
174.55,-0.05718967248585246
174.60000000000002,0.14866131081670858
174.65,0.006391556623193529
174.70000000000002,-0.0999364287758921
174.75,0.025983811332892633
174.8,0.012137248066298475
174.85000000000002,-0.010166784696541588
174.9,0.005632821617905482
174.95000000000002,-0.04687552383985755
175.0,0.037226464075981874
175.05,0.07639417399278488
175.10000000000002,-0.03939149492966654
175.15,-0.08357735465611732
175.20000000000002,0.05084892327897222
175.25,0.08146742271291263
175.3,-0.03526698073447243
175.35000000000002,-0.05612719665356906
175.4,0.004861216294446836
175.45000000000002,0.07580755604201567
175.5,-0.04582707732004969
175.55,-0.06790385368555321
175.60000000000002,0.018625047344635628
175.65,0.027721810951342175
175.70000000000002,0.11799891962955425
175.75,-0.01893148318102674
175.8,-0.12583884327783365
175.85000000000002,0.014894879858959346
175.9,0.03308203754454358
175.95000000000002,-0.05147376900474481
176.0,-0.05649771021135484
176.05,0.01965924526982448
176.10000000000002,0.06584660420262191
176.15,0.09088434738167248
176.20000000000002,-0.04733469885982388
176.25,-0.04828934750597978
176.3,0.03232266340510093
176.35000000000002,0.021839093066203345
176.4,0.0004499119307838692
176.45000000000002,-0.12124646280784793
176.5,0.06391897892401809
176.55,0.0961341820577802
176.60000000000002,-0.04188372784509996
176.65,-0.048561195937432064
176.70000000000002,-0.03833261399654156
176.75,0.0319407591545984
176.8,0.01443920167798891
176.85000000000002,0.011587590652865198
176.9,-0.04100072779022829
176.95000000000002,0.03358482664027908
177.0,0.04613053498661893
177.05,-0.049434509050441576
177.10000000000002,-0.007900517498453021
177.15,0.00020330745189699884
177.20000000000002,0.08355710765932975
177.25,0.046806920772980536
177.3,-0.10499068649654206
177.35000000000002,-0.06413992665554402
177.4,0.012485177317787737
177.45000000000002,0.028664514770487308
177.5,0.02590782171940482
177.55,0.02543533276837374
177.60000000000002,-0.0031958079075873396
177.65,0.018908892653890893
177.70000000000002,0.004994658757863605
177.75,-0.06689925262546985
177.8,0.007842436429690664
177.85000000000002,-0.03767752901368213
177.9,0.020148218282680277
177.95000000000002,0.04109149622796284
178.0,-0.05657791563434148
178.05,0.07349719843523765
178.10000000000002,-0.0006099438365764027
178.15,-0.07778226153996882
178.20000000000002,-0.058243211262349104
178.25,0.0480940058035027
178.3,0.05666498473042357
178.35000000000002,-0.05262345759171926
178.4,0.06617328573612681
178.45000000000002,0.011893095983633783
178.5,0.004291377828074019
178.55,-0.006024985004138819
178.60000000000002,-0.04646456902789842
178.65,0.03824547708431642
178.70000000000002,0.02724190391253567
178.75,-0.004255987580020522
178.8,-0.1082777511450704
178.85000000000002,-0.05155236948588276
178.9,0.0554623824001448
178.95000000000002,0.006743467286585326
179.0,-0.0024861717150520602
179.05,0.0841387014085384
179.10000000000002,0.03569341265139542
179.15,-0.05781922352423488
179.20000000000002,0.003948794134446774
179.25,-0.05877163703411951
179.3,-0.035699647935586366
179.35000000000002,0.050028482453423145
179.4,0.02046233225429581
179.45000000000002,0.002447565063162674
179.5,-0.017732619419350483
179.55,0.009956165324580145
179.60000000000002,0.016119095483519356
179.65,0.011640889805346126
179.70000000000002,-0.06129000028989754
179.75,-0.012886404219086591
179.8,0.06537213064717838
179.85000000000002,-0.022199782770817654
179.9,0.029267097028854085
179.95000000000002,-0.02318457547034278
180.0,-0.04653113517438473
180.05,0.08578739527409913
180.10000000000002,-0.0158959872649893
180.15,-0.07840042761791793
180.20000000000002,0.09607286700172746
180.25,0.08934053278429183
180.3,-0.1169522851819604
180.35000000000002,-0.0576931073260795
180.4,-0.021528205581814168
180.45000000000002,-0.008332813084702637
180.5,0.14165629547571812
180.55,-0.02492947047675355
180.60000000000002,-0.06738474509493173
180.65,0.0898882679387286
180.70000000000002,0.043144652292094306
180.75,-0.03035673327087389
180.8,-0.053862570156180095
180.85000000000002,-0.060572445219685266
180.9,-0.04581291421710598
180.95000000000002,0.017419895926605495
181.0,0.03881355057620601
181.05,0.0061848727371283056
181.10000000000002,-0.0034255086052142362
181.15,0.07658659083259316
181.20000000000002,0.01794962938893225
181.25,-0.08880290659645683
181.3,0.05553416647042989
181.35000000000002,0.003500764086235332
181.4,-0.0035282105455847874
181.45000000000002,0.09550063462731913
181.5,-0.06142929414910903
181.55,-0.06486839868158259
181.60000000000002,-0.023999527175729472
181.65,-0.014467983319411543
181.70000000000002,0.05347008870372558
181.75,0.01599255303221011
181.8,-0.03671744528836312
181.85000000000002,-0.0619201276595639
181.9,-0.020545685675564623
181.95000000000002,0.06473430914714658
182.0,0.05962045158249378
182.05,0.017978816360615595
182.10000000000002,0.029256684357409832
182.15,0.03355574746927697
182.20000000000002,-0.00213372539817544
182.25,-0.1008435121734152
182.3,-0.12449886732056255
182.35000000000002,-0.0053861132503268535
182.4,0.06202388896885478
182.45000000000002,0.1137629778491918
182.5,-0.01932981719149669
182.55,-0.08167934586952233
182.60000000000002,0.0905628199206999
182.65,0.06801260946692393
182.70000000000002,0.022280029939684247
182.75,-0.10578131852156931
182.8,-0.11566521099059764
182.85000000000002,0.03096825392268366
182.9,-0.003430751500790291
182.95000000000002,0.01595664903624414
183.0,0.006734976845309551
183.05,0.043615216235600815
183.10000000000002,0.07612207875946485
183.15,-0.053213116529019305
183.20000000000002,0.024442379756984628
183.25,-0.0482459203635318
183.3,-0.11742376722910906
183.35000000000002,0.0927805994410855
183.4,-0.057213212224494436
183.45000000000002,0.010682587948586873
183.5,0.12904508241611493
183.55,-0.04072097681165071
183.60000000000002,0.01616866255309356
183.65,0.012113474317466408
183.70000000000002,0.014529276698504989
183.75,-0.002647550262160469
183.8,-0.09457615797604862
183.85000000000002,-0.06702216741773147
183.9,0.058697319298973594
183.95000000000002,0.07034805384552523
184.0,0.013629419843505798
184.05,0.006344319406569517
184.10000000000002,-0.026148774463081167
184.15,0.015319189764442137
184.20000000000002,0.010867522371808604
184.25,-0.04634763488228278
184.3,-0.04342121720583645
184.35000000000002,-0.009242914201917623
184.4,0.01328558270169561
184.45000000000002,0.011797871412235898
184.5,0.00620322736491774
184.55,0.025478246826181845
184.60000000000002,0.010739752776720573
184.65,-0.025750958389483602
184.70000000000002,0.04381969149273059
184.75,0.0029254740345742744
184.8,-0.04367305936846962
184.85000000000002,0.04755494416320891
184.9,-0.019568484799368763
184.95000000000002,-0.05038839281988226
185.0,0.008415846528332513
185.05,0.008186277370177724
185.10000000000002,-0.03587583337380857
185.15,-0.009922164665987832
185.20000000000002,0.01964308361414848
185.25,-0.008057906686454187
185.3,0.08182643786338437
185.35000000000002,0.017513210143293635
185.4,-0.0710904488821162
185.45000000000002,-0.054905876811779955
185.5,0.03740018954383225
185.55,0.13315750235464538
185.60000000000002,-0.0567007524864314
185.65,-0.09861010392812926
185.70000000000002,-0.002040535234468561
185.75,0.0005398517488225667
185.8,0.05885060522086919
185.85000000000002,0.0008997207607457191
185.9,-0.0989427851652634
185.95000000000002,-0.018577272488474312
186.0,0.12923820538112418
186.05,0.019308584060348837
186.10000000000002,-0.025971266162486167
186.15,0.048666151008678465
186.20000000000002,-0.058357659758339515
186.25,-0.01504237465378619
186.3,-0.03622800794359229
186.35000000000002,-0.04514485479027553
186.4,0.017736606064984603
186.45000000000002,0.02480384559864081
186.5,0.05269404715152461
186.55,-0.021393112709700277
186.60000000000002,0.0454950169875609
186.65,0.015429208574146591
186.70000000000002,-0.024525874069247295
186.75,0.029593245833281875
186.8,-0.024594081691674898
186.85000000000002,0.06730729327474695
186.9,0.011778015865018006
186.95000000000002,-0.08601066524491241
187.0,-0.07180895142806255
187.05,-0.016680701686536153
187.10000000000002,0.12389152220078112
187.15,-0.011202104404116129
187.20000000000002,-0.04137489894027808
187.25,-0.04025844915481501
187.3,-0.0757053338319606
187.35000000000002,0.10124567469031881
187.4,0.02590674949513671
187.45000000000002,-0.0072980211855719354
187.5,0.0461552921616066
187.55,-0.04069370816366404
187.60000000000002,-0.03403936622012936
187.65,0.004391620954739053
187.70000000000002,0.010562780509259366
187.75,0.008322615804075437
187.8,-0.012568276395634107
187.85000000000002,0.007435799308802217
187.9,0.033482282388472374
187.95000000000002,-0.024559795396536258
188.0,0.020934599619683015
188.05,0.0707823815305452
188.10000000000002,-0.03900003315250444
188.15,-0.014120039479600426
188.20000000000002,0.01878986355856548
188.25,-0.06838891118503256
188.3,-0.0147003307831451
188.35000000000002,-0.004454926900618864
188.4,-0.030297984018422642
188.45000000000002,0.06980947765730927
188.5,0.0243783821294569
188.55,-0.011104074753868591
188.60000000000002,-0.05949944285521269
188.65,-0.04447468432484835
188.70000000000002,0.06848762841629026
188.75,0.032734974940630344
188.8,0.0628145706351471
188.85000000000002,-0.02591793152825503
188.9,-0.06293887255625769
188.95000000000002,-0.009991729495718527
189.0,-0.027037608573087173
189.05,-0.0031169149327399323
189.10000000000002,0.006381813262577498
189.15,0.049407568971339175
189.20000000000002,0.012648145008947079
189.25,0.004700809041545943
189.3,0.005631204472357653
189.35000000000002,0.006808454333681727
189.4,0.006240287436649695
189.45000000000002,-0.061657123857313235
189.5,0.05787830323859538
189.55,0.0348332470483479
189.60000000000002,-0.10275664790087842
189.65,0.035959169421133565
189.70000000000002,0.034598470444983556
189.75,-0.000194933333696774
189.8,0.026889000805157694
189.85000000000002,-0.06818898870918963
189.9,-0.05454060720676599
189.95000000000002,0.02749964247842539
190.0,0.06411844505946253
190.05,0.014643663216103863
190.10000000000002,-0.007867866456538867
190.15,-0.0331835944483548
190.20000000000002,-0.010830185429568871
190.25,0.04246295648574861
190.3,-0.08634891281665637
190.35000000000002,-0.019999883203547054
190.4,0.09645396098482195
190.45000000000002,-0.003238609797932058
190.5,0.015399782696361457
190.55,-0.002237087883453841
190.60000000000002,-0.08536605354035288
190.65,-0.008395066349406824
190.70000000000002,0.01740389878583521
190.75,-0.0591988713190692
190.8,0.03821145109563127
190.85000000000002,0.07838381699972785
190.9,-0.0183656221230667
190.95000000000002,-0.0016988133066743356
191.0,-0.012614514961330219
191.05,0.049863353189105813
191.10000000000002,0.06532720779732518
191.15,-0.008746847369119667
191.20000000000002,-0.10128017288991477
191.25,-0.12120227391563616
191.3,0.06981121583561625
191.35000000000002,0.005583681052970538
191.4,-0.02126744887835247
191.45000000000002,0.026134705929363223
191.5,-0.06262386144049241
191.55,0.0792202016149281
191.60000000000002,0.05091878426637413
191.65,-0.031961710814386556
191.70000000000002,0.02153270375323107
191.75,0.02755928395353324
191.8,0.020596823864364084
191.85000000000002,-0.08487694087869022
191.9,-0.03513013041520756
191.95000000000002,0.06810962218721711
192.0,0.014866000477345808
192.05,-0.0450583936682816
192.10000000000002,-0.027438846189576784
192.15,-0.003855245377299635
192.20000000000002,0.056321905999573665
192.25,0.03935021750202542
192.3,-0.0227354847262569
192.35000000000002,0.007297384986852147
192.4,-0.031321959221534586
192.45000000000002,0.0038760373547440234
192.5,0.02486592068224194
192.55,-0.048126188968617034
192.60000000000002,-0.028180321133320814
192.65,0.05684963400947689
192.70000000000002,-0.022516997104872184
192.75,-0.050144188133373624
192.8,0.06690624524028957
192.85000000000002,0.028638444958185023
192.9,0.0009457122769204871
192.95000000000002,-0.004853329527758004
193.0,0.0075948334276558825
193.05,0.022938631509300096
193.10000000000002,0.0022137959981923376
193.15,-0.022828818172972717
193.20000000000002,-0.08434623737458488
193.25,0.02983998295560603
193.3,0.046413476366275686
193.35000000000002,-0.08870040785351892
193.4,0.0015975937865627583
193.45000000000002,0.0665888902445268
193.5,0.06525365397953245
193.55,-0.014608032564735356
193.60000000000002,-0.01792134906601902
193.65,0.06746698251266106
193.70000000000002,-0.05243101010389237
193.75,0.02692452409599688
193.8,0.00234124502866442
193.85000000000002,-0.05173039955063164
193.9,0.02541424093982492
193.95000000000002,-0.1401190783642323
194.0,-0.029065819396972423
194.05,0.07557469430645605
194.10000000000002,0.03983082362291307
194.15,-0.004622444540037495
194.20000000000002,-0.05624839098380615
194.25,0.06331152669543809
194.3,0.011596501012436972
194.35000000000002,0.014488595040893431
194.4,-0.01598646655795223
194.45000000000002,-0.09860959732316013
194.5,0.03949566018455168
194.55,0.06643221774827839
194.60000000000002,0.029155338001585367
194.65,0.020898190348289308
194.70000000000002,-0.005203933564276753
194.75,-0.04455390082977978
194.8,-0.07188637268158567
194.85000000000002,0.015182169398971145
194.9,0.023248002267848306
194.95000000000002,-0.03985316160010358
195.0,0.0299014237176828
195.05,0.018944601507202036
195.10000000000002,-0.05926169620809323
195.15,-0.0036929165305401943
195.20000000000002,0.06381077546053698
195.25,0.06672863532390388
195.3,0.04991093795168905
195.35000000000002,-0.046734990358403714
195.4,-0.12345059239267064
195.45000000000002,-0.00033236638874458216
195.5,0.05861331079848308
195.55,-0.027897538465391173
195.60000000000002,0.010243593407988385
195.65,-0.02708458057624281
195.70000000000002,-0.059391326634849154
195.75,0.059786041118058804
195.8,0.01563083069154582
195.85000000000002,0.016876066923670757
195.9,0.04495460205680868
195.95000000000002,-0.01402382581013344
196.0,0.0031118587126437564
196.05,-0.06145736510700865
196.10000000000002,-0.04942442227811153
196.15,0.044885034222802586
196.20000000000002,0.015237776595852336
196.25,0.04092779591436601
196.3,0.09063309678438429
196.35000000000002,0.0034022950926268685
196.4,-0.033790727204368355
196.45000000000002,-0.015559853886792246
196.5,-0.058477555617456094
196.55,-0.027962781676319094
196.60000000000002,0.035722663224162246
196.65,-0.029743330370652025
196.70000000000002,-0.09336730667198195
196.75,0.04444353807100721
196.8,0.10636662972483046
196.85000000000002,0.003106105678910618
196.9,-0.013205670316331202
196.95000000000002,-0.06869166080623475
197.0,-0.035733352248256064
197.05,0.048719422140806094
197.10000000000002,-0.006791145954613521
197.15,0.06786055326283606
197.20000000000002,0.018880294882181212
197.25,-0.05137906881389947
197.3,0.02999586678040106
197.35000000000002,-0.035520207991088404
197.4,-0.006129052177618707
197.45000000000002,0.018185026228834236
197.5,-0.017780259182574743
197.55,-0.04624064070626134
197.60000000000002,-0.009479524259307759
197.65,0.07943204150602627
197.70000000000002,-0.049505703961589397
197.75,0.0399821661319079
197.8,0.08125248405165637
197.85000000000002,-0.050071674960862456
197.9,-0.02984710797166289
197.95000000000002,-0.05292291973622065
198.0,0.07518474487413267
198.05,0.04870866420867149
198.10000000000002,-0.06373272185884715
198.15,-0.03464210304935147
198.20000000000002,-0.036539967854963856
198.25,0.01858531604090528
198.3,-0.0007913783365975351
198.35000000000002,-0.053277249227485377
198.4,0.018121221778162198
198.45000000000002,0.08278766422678795
198.5,-0.004106210512013773
198.55,-0.061634874004888957
198.60000000000002,-0.04282951870036182
198.65,0.0493338156037491
198.70000000000002,0.10812966070867974
198.75,-0.015609263862303664
198.8,-0.0013334285705666577
198.85000000000002,0.04512160884266336
198.9,-0.027731330938939078
198.95000000000002,-0.006160914690396112
199.0,-0.005922933343901562
199.05,-0.04800643367893759
199.10000000000002,-0.006423815564308973
199.15,0.015141212345572655
199.20000000000002,-0.04237302884060505
199.25,0.03320386470034225
199.3,0.06200992956013219
199.35000000000002,-0.015888133032248827
199.4,0.0197178160998043
199.45000000000002,-0.032208150113275054
199.5,-0.0482968894086663
199.55,-0.010472606972989193
199.60000000000002,-0.014305541793272621
199.65,0.027246016472748342
199.70000000000002,0.023405551431473322
199.75,-0.026149506982348063
199.8,-0.001085551380727458
199.85000000000002,0.054074262984976085
199.9,0.011962631660745366
199.95000000000002,0.0049891621592071935
200.0,0.0024953281244702217
200.05,-0.019592942870882434
200.10000000000002,-0.042030405737169964
200.15,-0.03452154449394925
200.20000000000002,0.006778855509760661
200.25,-0.0323643379042383
200.3,0.023888767577740798
200.35000000000002,0.03381983903786848
200.4,0.022412496129072527
200.45000000000002,0.0831072533216161
200.5,0.024315652185549413
200.55,-0.020102796618196927
200.60000000000002,-0.009410514999201211
200.65,-0.0066537109949231935
200.70000000000002,-0.04715820357378544
200.75,-0.02882265145464988
200.8,-0.04826464717524216
200.85000000000002,-0.038623236381243195
200.9,-0.009929322180644209
200.95000000000002,-0.042994818071469765
201.0,0.07886616027539421
201.05,0.07994379772480048
201.10000000000002,-0.02546567987162809
201.15,0.00789517801093965
201.20000000000002,0.04287617113347205
201.25,0.014703018070548057
201.3,-0.04270545367463393
201.35000000000002,-0.10475053681792455
201.4,0.044606020585991515
201.45000000000002,0.10649190205036654
201.5,-0.015020086369989135
201.55,0.01688678177684989
201.60000000000002,-0.05591526113233362
201.65,-0.050387729176448216
201.70000000000002,0.021474223656487865
201.75,-0.03450663480480594
201.8,-0.0015173640775636165
201.85000000000002,0.07001306905350518
201.9,0.015330741489382358
201.95000000000002,-0.03107049153533449
202.0,0.061929881646286336
202.05,-0.0002836614252446957
202.10000000000002,-0.015456674653467289
202.15,-0.05132308018847714
202.20000000000002,-0.09831616399373033
202.25,0.08730425216906779
202.3,0.02769237766037037
202.35000000000002,-0.03876468901421884
202.4,-0.02958904183845349
202.45000000000002,-0.014600737026883494
202.5,0.07987371235977739
202.55,0.004831500513433144
202.60000000000002,-0.012234025668294216
202.65,0.0019200131983984094
202.70000000000002,-0.021093419377351933
202.75,-0.014315861220180527
202.8,0.03837646953270547
202.85000000000002,0.035036488694237665
202.9,-0.07175743547685014
202.95000000000002,-0.0024932381023315704
203.0,0.025234460776549922
203.05,-0.02502397237787462
203.10000000000002,0.036470818561609684
203.15,0.02729130802284385
203.20000000000002,-0.03815509401087248
203.25,-0.004934866016137159
203.3,0.03297666154884135
203.35000000000002,-0.046139129243989815
203.4,-0.03100046004424889
203.45000000000002,0.04710448779686252
203.5,-0.013317532292025126
203.55,-0.0704459870124442
203.60000000000002,0.017725000185852092
203.65,0.04206835243945012
203.70000000000002,-0.011126708783765383
203.75,0.06427470037668055
203.8,0.03634373613363249
203.85000000000002,-0.04018313074960619
203.9,0.01810628611879928
203.95000000000002,0.034442517335137764
204.0,-0.03436011191358269
204.05,-0.043677479517662696
204.10000000000002,-0.018260428175744213
204.15,-0.028154862712868944
204.20000000000002,0.020093448939339325
204.25,0.008571330325899473
204.3,-0.03284945147261239
204.35000000000002,-0.0006451100450316676
204.4,0.03980395132792803
204.45000000000002,0.00750084819021773
204.5,0.023020611752134334
204.55,0.030381274514427816
204.60000000000002,-0.03033956839022366
204.65,0.048897252132671
204.70000000000002,-0.018255168462982165
204.75,-0.06557220960645221
204.8,0.04831110093263662
204.85000000000002,0.00042143584144638805
204.9,-0.014349779990803368
204.95000000000002,0.029409693784475076
205.0,-0.025453019647628836
205.05,-0.01812589242499354
205.10000000000002,-0.003952207908666904
205.15,-0.03827589462362474
205.20000000000002,-0.007102652672004118
205.25,0.025930813411121897
205.3,0.0685139740129927
205.35000000000002,0.011923483476088452
205.4,-0.03810936842973265
205.45000000000002,-0.013936078834520424
205.5,-0.057642556903730685
205.55,0.007745133648012046
205.60000000000002,0.03582925586520812
205.65,-0.008679348158317357
205.70000000000002,0.039012692803677314
205.75,0.024109317646056568
205.8,-0.03238469786440448
205.85000000000002,-0.04236208040321039
205.9,0.012798679121688337
205.95000000000002,0.017244991005765705
206.0,0.010851075472424365
206.05,0.021547483246212938
206.10000000000002,-0.06070338360750079
206.15,-0.02398389756611185
206.20000000000002,0.01656045112326273
206.25,0.02069153048963367
206.3,0.06388732701962532
206.35000000000002,-0.02349333990029054
206.4,-0.006008830254167896
206.45000000000002,-0.007919485731337331
206.5,-0.031797162722247814
206.55,0.04424987188483329
206.60000000000002,-0.007540736143637905
206.65,-0.006260389117291021
206.70000000000002,-0.012205530077096157
206.75,-0.0434422159114811
206.8,-0.0005244722788770891
206.85000000000002,0.04424702541130959
206.9,0.030025975880250882
206.95000000000002,0.0006502664483646302
207.0,-0.007100671340596338
207.05,-0.028148502057880123
207.10000000000002,-0.006801190908355304
207.15,-0.02719305976591958
207.20000000000002,0.0018259449613183224
207.25,0.015964520603044235
207.3,-0.017478510239615313
207.35000000000002,-0.015080418336823371
207.4,0.006432360247731145
207.45000000000002,0.0473670721768931
207.5,0.004208338455816418
207.55,0.016520382093678822
207.60000000000002,0.002322333230754897
207.65,0.010082904547331562
207.70000000000002,0.059064204642819744
207.75,-0.0689206806904969
207.8,-0.03967011058411392
207.85000000000002,0.006778368534205189
207.9,-0.03879058865964516
207.95000000000002,0.03061869537126751
208.0,-0.015206261372818164
208.05,0.03304057045608394
208.10000000000002,0.059154333383861814
208.15,-0.07741906307079495
208.20000000000002,-0.007687732913027993
208.25,0.022498140008584595
208.3,-0.00879187148004481
208.35000000000002,0.01367861579885281
208.4,-0.02715335118811392
208.45000000000002,-0.006569553002367599
208.5,0.08408628310478873
208.55,0.051433389642282834
208.60000000000002,-0.0655057391779087
208.65,-0.04271241885450563
208.70000000000002,-0.014804666379183632
208.75,0.02201175436511064
208.8,0.018103132275244533
208.85000000000002,-0.0205984230041207
208.9,0.021904670031772978
208.95000000000002,-0.016067900568096455
209.0,0.02795550553664752
209.05,0.03348713682269939
209.10000000000002,0.019696389040896104
209.15,0.008459174492164228
209.20000000000002,-0.07481630047079865
209.25,0.006671731410675754
209.3,-0.014607048079314313
209.35000000000002,-0.005520557360050048
209.4,0.030121352241446644
209.45000000000002,-0.03631198334643634
209.5,0.043705967420887726
209.55,-0.004504286453787155
209.60000000000002,-0.05352181368854404
209.65,0.009471325145280322
209.70000000000002,-0.012814835651137857
209.75,0.004054502697299832
209.8,-0.03335171921882734
209.85000000000002,-0.02632044106021239
209.9,0.06264208281446022
209.95000000000002,0.0043650170712207035
210.0,-0.019967839542819273
210.05,0.01754987152906114
210.10000000000002,0.0017132692930118252
210.15,0.01048663958323278
210.20000000000002,0.009710317914193977
210.25,-0.02445372331212168
210.3,0.005989179210226309
210.35000000000002,0.03773991425316894
210.4,-0.03224000271627716
210.45000000000002,-0.050701017312474374
210.5,0.00572748526861194
210.55,0.014474095209206216
210.60000000000002,0.0045577771710232145
210.65,-0.005217874229518189
210.70000000000002,-0.00032850408284439755
210.75,0.0667048647718199
210.8,0.061375874275382644
210.85000000000002,-0.01863385422034231
210.9,-0.025649050094992815
210.95000000000002,-0.029405530764370233
211.0,-0.05630459524732221
211.05,-0.023381535693275293
211.10000000000002,0.0055212993703604735
211.15,0.02618980051989587
211.20000000000002,0.027294402161447736
211.25,-0.04744478252560845
211.3,-0.007173568380587953
211.35000000000002,0.03964934219303647
211.4,0.03568129479484385
211.45000000000002,0.054177049384135686
211.5,-0.05235937764180946
211.55,-0.09481609762310317
211.60000000000002,0.036497803120429176
211.65,0.06886938673228528
211.70000000000002,-0.001912274544550851
211.75,-0.007766013234675151
211.8,-0.011542410407688821
211.85000000000002,-0.018926037092483736
211.9,0.00414974841923986
211.95000000000002,0.03721023390908883
212.0,-0.0019366336180619826
212.05,-0.04414374760412466
212.10000000000002,0.0016143791188866056
212.15,0.05097160204704547
212.20000000000002,-0.019200921307320522
212.25,-0.019986674546582577
212.3,0.09156401422801884
212.35000000000002,-0.039357990732764664
212.4,-0.05315863876268756
212.45000000000002,0.011739347214078539
212.5,-0.02834357536127422
212.55,0.011149057846227177
212.60000000000002,0.026762545207341934
212.65,-0.012555600077323821
212.70000000000002,-0.08333510019004374
212.75,-0.00543314573519944
212.8,0.009644136686531787
212.85000000000002,0.016460556811732398
212.9,0.03118455535187264
212.95000000000002,-0.002459604119817929
213.0,0.06523549657100526
213.05,0.004484400279724225
213.10000000000002,-0.03449609057736913
213.15,-0.013251345424995323
213.20000000000002,-0.028816108955128473
213.25,-0.021452790145283604
213.3,0.05447706309035221
213.35000000000002,0.038781055266489804
213.4,-0.0595566201666218
213.45000000000002,-0.012131131320896419
213.5,-0.004654204761489207
213.55,0.014865334403266574
213.60000000000002,0.03453839918983913
213.65,-0.00958691809331925
213.70000000000002,0.012893964823071839
213.75,0.02703394133956428
213.8,-0.014210306147401595
213.85000000000002,-0.032550956946415285
213.9,-0.056252309350203804
213.95000000000002,-0.04751467946926213
214.0,0.07348797398125922
214.05,0.019996641939947202
214.10000000000002,-0.015309812118610874
214.15,0.04186476206709426
214.20000000000002,-0.027327234267754304
214.25,0.003284660721801617
214.3,0.018540862171445995
214.35000000000002,-0.008848317218263572
214.4,-0.013503144662554981
214.45000000000002,-0.029361223433784313
214.5,-0.023957353244904063
214.55,0.01955766220370888
214.60000000000002,0.06172525016961209
214.65,0.00914541427428749
214.70000000000002,-0.006910026214053894
214.75,-0.031188164755949457
214.8,-0.040874912933320205
214.85000000000002,0.02880549651175416
214.9,0.0176102424826448
214.95000000000002,0.02161978666199815
215.0,0.07445695933104232
215.05,-0.007032726436157514
215.10000000000002,-0.05032614783966874
215.15,0.0291025216909367
215.20000000000002,-0.04978589110164726
215.25,-0.08701467474571725
215.3,0.008129825279532817
215.35000000000002,0.03717622264687496
215.4,0.035235693811783826
215.45000000000002,-0.015873230809427003
215.5,-0.001972697798276651
215.55,0.005485816216999477
215.60000000000002,-0.011030444949879564
215.65,0.0654620228616409
215.70000000000002,0.03255667249122738
215.75,-0.035767114663616366
215.8,-0.02273451312653422
215.85000000000002,-0.008273757531588054
215.9,-0.012500862251749921
215.95000000000002,-0.004789821083339384
216.0,0.002140992137405285
216.05,-0.007848360099531515
216.10000000000002,0.038332432556143076
216.15,0.032987209137089274
216.20000000000002,-0.018856448348128628
216.25,-0.06078342511675455
216.3,-0.04051545564880442
216.35000000000002,0.034952635094873764
216.4,0.021049756062649166
216.45000000000002,0.006382601532146876
216.5,-0.01821652048500947
216.55,-0.012248966201793908
216.60000000000002,-0.007148518357074061
216.65,-0.015652263961094714
216.70000000000002,0.023306975460987162
216.75,0.037712236971874216
216.8,0.07742621979488075
216.85000000000002,-0.014688913573233394
216.9,-0.06035426502519886
216.95000000000002,0.03325727569068424
217.0,0.004640636843613009
217.05,-0.0147830713779421
217.10000000000002,-0.03239132494808986
217.15,-0.06557395672371533
217.20000000000002,0.014725576570038281
217.25,0.07524900016576903
217.3,0.007711625495050844
217.35000000000002,-0.04593917249705048
217.4,-0.027284845858907236
217.45000000000002,-0.012353412303301923
217.5,-0.0040223623273689
217.55,0.027301431652136037
217.60000000000002,0.05594618613240855
217.65,0.03670831560889396
217.70000000000002,-0.01915078125036883
217.75,-0.043970630627052906
217.8,-0.02107841587594522
217.85000000000002,0.017146312106525376
217.9,0.011039196429489776
217.95000000000002,0.03456940520732837
218.0,0.017721933214671148
218.05,-0.060583634596603354
218.10000000000002,-0.014198393339101842
218.15,0.023567960983717728
218.20000000000002,-0.0014418161741952598
218.25,-0.007297208409692544
218.3,0.016046066439055262
218.35000000000002,-0.04234310694302033
218.4,-0.025704521606542928
218.45000000000002,0.04673109315779599
218.5,0.000782918721615655
218.55,0.010235645924018889
218.60000000000002,0.0077029566007051
218.65,-0.02022647372136957
218.70000000000002,-0.04698475838081849
218.75,0.01210843705715744
218.8,0.0507187936779452
218.85000000000002,0.0012464826006033706
218.9,0.0027433928337536233
218.95000000000002,0.00810189111329292
219.0,-0.00023507765577882413
219.05,0.026777905300330068
219.10000000000002,0.013956691652194778
219.15,-0.061964947895773864
219.20000000000002,-0.0009822475131169319
219.25,-0.030562150814083196
219.3,0.02156382455832595
219.35000000000002,0.054152012535293684
219.4,-0.07702827278954923
219.45000000000002,0.0339584728190193
219.5,0.0070499781050491405
219.55,-0.06530213848985203
219.60000000000002,0.04197112240622387
219.65,0.06098107519133097
219.70000000000002,-0.0328918464249838
219.75,0.00044873997154678527
219.8,0.01606239341673896
219.85000000000002,-0.07599899395705749
219.9,0.01670512563971577
219.95000000000002,0.024186202735430175
220.0,-0.020107112348388384
220.05,-0.0077262283428006975
220.10000000000002,0.011346029603343688
220.15,0.053470379274104925
220.20000000000002,0.01178223427832305
220.25,0.006604776235264639
220.3,0.00926757535848826
220.35000000000002,-0.04128181936740875
220.4,-0.03285988438616259
220.45000000000002,0.010344536946499634
220.5,-0.04679293391030588
220.55,0.0137560782067403
220.60000000000002,0.06857655000988847
220.65,-0.0513621235865429
220.70000000000002,0.0026410394285609757
220.75,0.03988449618853507
220.8,-0.0019314437399872177
220.85000000000002,0.018537947768211688
220.9,-0.0892123244734713
220.95000000000002,-0.05719435669707369
221.0,0.11605225037518538
221.05,0.0395392006101286
221.10000000000002,-0.0017048301603748634
221.15,0.018952390612649854
221.20000000000002,-0.057240630066831395
221.25,-0.028368976375837733
221.3,0.026494731247115315
221.35000000000002,-0.02343283850796614
221.4,0.003401119844679717
221.45000000000002,0.0923602585043112
221.5,0.00997364436441446
221.55,-0.053002924658562815
221.60000000000002,-0.058330699002943145
221.65,-0.07995813669615753
221.70000000000002,0.010049870162553704
221.75,0.07061638566340618
221.8,-0.0045468621079956745
221.85000000000002,-0.011343028861022269
221.9,0.08422739459503865
221.95000000000002,-0.005949215852345134
222.0,-0.0669804105726475
222.05,0.012457352370096784
222.10000000000002,-0.007351985424760801
222.15,0.04732278019809464
222.20000000000002,0.012905762370016312
222.25,-0.06606597310031863
222.3,0.020125586822570946
222.35000000000002,0.0480896379171419
222.4,0.011404718184577308
222.45000000000002,-0.028049924622924265
222.5,-0.018322353470920233
222.55,0.0040363539412934515
222.60000000000002,0.011872340999109214
222.65,-0.007389466812702554
222.70000000000002,-0.060042635242147306
222.75,0.015644214612952154
222.8,0.022007695716592144
222.85000000000002,-0.05215075980699505
222.9,0.0441657215120572
222.95000000000002,0.044790282504433836
223.0,-0.04295323514618975
223.05,-0.005525838478430788
223.10000000000002,-0.0424866828170197
223.15,-0.050045638839685824
223.20000000000002,0.09842242807103749
223.25,0.025037039356147928
223.3,-0.017519210732907724
223.35000000000002,0.058725217086016857
223.4,-0.02519024489535154
223.45000000000002,-0.027399052902692386
223.5,-0.05110425735854381
223.55,-0.01780254721092643
223.60000000000002,0.07126768843695884
223.65,0.026861185301766666
223.70000000000002,0.01966576852658117
223.75,-0.049247175106837376
223.8,-0.029543367194905933
223.85000000000002,0.10177004277093302
223.9,-0.011844221233327937
223.95000000000002,-0.0650778011157192
224.0,-0.01480868596458359
224.05,-0.045221544181350166
224.10000000000002,-0.018482988986142347
224.15,0.006247906588263764
224.20000000000002,0.021630075241427404
224.25,0.03980390770502747
224.3,0.0739727146665878
224.35000000000002,-0.006945373483900107
224.4,-0.04353897376103469
224.45000000000002,0.04796432417880264
224.5,-0.0473279710531165
224.55,-0.029566418969760727
224.60000000000002,0.04085753039702935
224.65,-0.05913295904816935
224.70000000000002,-0.010300079867622967
224.75,0.027593085639593295
224.8,-0.030685237518129464
224.85000000000002,0.030694608604051928
224.9,0.08617447539104811
224.95000000000002,0.03371005146498807
225.0,-0.014076615722597706
225.05,-0.054691492750752975
225.10000000000002,-0.05380619036766987
225.15,0.01445158390641174
225.20000000000002,-0.026294918255498637
225.25,-0.027071255184980925
225.3,0.04567464093502348
225.35000000000002,0.0034866742857773817
225.4,0.025388568161207915
225.45000000000002,0.04669625174143914
225.5,-0.02685754638582575
225.55,-0.014868729108457919
225.60000000000002,0.023619095446474385
225.65,-0.015516851297813416
225.70000000000002,-0.019229159032771184
225.75,-0.020019922355774412
225.8,-0.039319390044732436
225.85000000000002,0.0519359818953527
225.9,0.05376664120784006
225.95000000000002,-0.0128201105839984
226.0,0.0038390472970028454
226.05,-0.04652305324120805
226.10000000000002,-0.07441970552699421
226.15,0.020174656140942982
226.20000000000002,0.025871036019823008
226.25,-0.059750422983690335
226.3,0.03430534838514619
226.35000000000002,0.06069046246236108
226.4,-0.018003159192854935
226.45000000000002,0.0630625826934357
226.5,-0.007784656708412908
226.55,-0.04934625311648493
226.60000000000002,0.04493758558947
226.65,-0.049896407428960295
226.70000000000002,-0.026795535864447235
226.75,0.053848909367754896
226.8,-0.00770093764019206
226.85000000000002,-0.008356197274978069
226.9,-0.028007361355517034
226.95000000000002,-0.015383834198554613
227.0,0.04496793819205261
227.05,0.026293075681557053
227.10000000000002,-0.0235960653663918
227.15,-0.03938983854158511
227.20000000000002,0.03226473573918367
227.25,0.011545543026271388
227.3,-0.0503163462655009
227.35000000000002,-0.0011845229162205711
227.4,0.03397931517275786
227.45000000000002,0.027021464081523432
227.5,0.013884500486485084
227.55,0.027386164924933752
227.60000000000002,-0.025817021505683914
227.65,-0.00018640867590359196
227.70000000000002,-0.006230920301891513
227.75,-0.09740683532146234
227.8,0.03428843444059433
227.85000000000002,0.05269135352072246
227.9,-0.01155873020536343
227.95000000000002,0.037346815616640834
228.0,0.007851199061740947
228.05,0.005451712943532526
228.10000000000002,-0.020149849232274284
228.15,-0.026004950298584968
228.20000000000002,-0.0005738460330190327
228.25,-0.011174617620604574
228.3,0.059304854864736
228.35000000000002,0.015377983487181151
228.4,-0.056323333696950945
228.45000000000002,-0.013201609851586625
228.5,0.02418410920741665
228.55,0.015044156516554245
228.60000000000002,-0.010948566443183885
228.65,-0.026947471514665373
228.70000000000002,0.004192524116748886
228.75,0.022808454715664582
228.8,-0.04341533487852329
228.85000000000002,-0.010868064853602715
228.9,0.009972001303167947
228.95000000000002,0.030820671928221466
229.0,0.03423182839448403
229.05,-0.03318029202113106
229.10000000000002,-0.000985102587513396
229.15,0.04298372807145044
229.20000000000002,0.022387930617946406
229.25,-0.04829936537476963
229.3,-0.038011232618123156
229.35000000000002,-0.020888592889035634
229.4,0.022842415954473328
229.45000000000002,0.04446435849572824
229.5,-0.06878802363616224
229.55,0.007330968197276473
229.60000000000002,0.07263323074252813
229.65,0.00921200000965062
229.70000000000002,0.011713443762055404
229.75,-0.06684320761689519
229.8,-0.04628551605815498
229.85000000000002,0.03987949296588526
229.9,-0.011995875515676574
229.95000000000002,-0.008027761430372576
230.0,-0.010110672836822153
230.05,-0.049037251161085434
230.10000000000002,0.005911378927265681
230.15,0.042355968195865214
230.20000000000002,0.045629626390144194
230.25,0.06271248443167618
230.3,-0.02207461372911536
230.35000000000002,-0.11085130560983922
230.4,-0.04893571305458838
230.45000000000002,0.02385487309677981
230.5,0.04542595036498746
230.55,0.06765717934847694
230.60000000000002,0.004642216657336904
230.65,-0.03412452977786673
230.70000000000002,0.029583899333485056
230.75,-0.019177822610521086
230.8,-0.028624082969576747
230.85000000000002,0.026634359765746726
230.9,-0.0214019680610343
230.95000000000002,-0.008502563773082243
231.0,0.05732531626182449
231.05,0.028324903614943636
231.10000000000002,-0.046549627800117996
231.15,-0.005228619525746626
231.20000000000002,-0.001681689864024226
231.25,-0.051448616467428473
231.3,0.037119686726600334
231.35000000000002,-0.002943897561726281
231.4,-0.053523955921245946
231.45000000000002,0.05085023636596069
231.5,0.023450318485166627
231.55,0.0073653507974532255
231.60000000000002,0.007008830814601734
231.65,-0.025453065613817636
231.70000000000002,-0.01224090873261775
231.75,-0.023353550337917743
231.8,0.01256158018209039
231.85000000000002,0.011560811543448892
231.9,-0.006891516423192849
231.95000000000002,0.013184704527459838
232.0,-0.03310653647529908
232.05,-0.013164937255321646
232.10000000000002,0.06118405309980439
232.15,0.011621999616285251
232.20000000000002,-0.008347334152258662
232.25,-0.006509072542404637
232.3,-0.05819624769636882
232.35000000000002,-0.0021415675824952266
232.4,0.04455398926430342
232.45000000000002,-0.014605526639221848
232.5,-0.0029997308589897157
232.55,0.04162056876264807
232.60000000000002,-0.0046190828859280445
232.65,-0.011576660141119206
232.70000000000002,-0.029221813831486216
232.75,-0.0395396233976452
232.8,0.05363039772457796
232.85000000000002,0.05785644555480819
232.9,-0.014572435670488262
232.95000000000002,-0.047130877173997214
233.0,-0.030651358917239115
233.05,-0.017009564370399227
233.10000000000002,0.032207658431957484
233.15,0.040148335686282226
233.20000000000002,-0.019557816208137423
233.25,0.011845394203317075
233.3,-0.005687987737067424
233.35000000000002,-0.011642050617660821
233.4,-0.007349697176586288
233.45000000000002,-0.014576801924365185
233.5,0.021461597893334187
233.55,-0.05503606102945384
233.60000000000002,-0.01039452775063118
233.65,0.07633614502682583
233.70000000000002,0.038690306095384486
233.75,0.03323178662032398
233.8,-0.0402880996777372
233.85000000000002,-0.050438876814241196
233.9,0.05165061519570721
233.95000000000002,-0.005623537644745359
234.0,-0.0686362117299458
234.05,0.03324496750975525
234.10000000000002,0.018216883986424213
234.15,-0.029760487500391855
234.20000000000002,0.017406945272708196
234.25,-0.057083084851208145
234.3,-0.009155694786108998
234.35000000000002,0.09263387005744739
234.4,0.012145984688414688
234.45000000000002,0.005742333115429504
234.5,-0.009655149787725636
234.55,-0.03206453087151533
234.60000000000002,0.0018319231955321947
234.65,-0.02228261020291104
234.70000000000002,-0.0014291526237692315
234.75,0.02051174567346323
234.8,-0.012060065907079271
234.85000000000002,-0.0017852457506048508
234.9,9.308693023992933e-05
234.95000000000002,-0.00493307127514443
235.0,0.03572708367082561
235.05,0.041115237766220517
235.10000000000002,-0.00887224510948282
235.15,-0.009472016140645198
235.20000000000002,-0.006079668420702858
235.25,0.010684680557267933
235.3,0.028126016823447533
235.35000000000002,-0.04617835694186308
235.4,-0.03204246015476853
235.45000000000002,0.005492260520282201
235.5,0.02418477228464499
235.55,-0.003942300450106169
235.60000000000002,-0.013465730274804048
235.65,0.011331000701862331
235.70000000000002,-0.019660586584963675
235.75,0.027737161108714506
235.8,-0.02421883524668002
235.85000000000002,0.001579554671782927
235.9,0.032539134002964355
235.95000000000002,-0.011269499747871888
236.0,0.0077511361942239395
236.05,-0.01750294106356727
236.10000000000002,0.013308249830507737
236.15,0.0014169603229501368
236.20000000000002,0.015499754045273213
236.25,-0.008998575418254334
236.3,-0.03642198007965438
236.35000000000002,0.015022058080173935
236.4,0.0012640129605866759
236.45000000000002,0.004690305676826893
236.5,-0.03929887575832
236.55,-0.058214299789001264
236.60000000000002,-0.015439630084874924
236.65,0.008918578025800821
236.70000000000002,0.023095747975604857
236.75,0.03446973196902706
236.8,0.03861336949379143
236.85000000000002,-0.012620382802495504
236.9,0.02045465172421885
236.95000000000002,0.032479414761180644
237.0,-0.03506351638327704
237.05,0.02088343163022014
237.10000000000002,0.02024122191637483
237.15,-0.01395178439160708
237.20000000000002,-0.005930711503490765
237.25,-0.01154629210622375
237.3,0.03102001000714249
237.35000000000002,0.012771770604316899
237.4,-0.004131405795405792
237.45000000000002,-0.021989549047676138
237.5,-0.025978825195122193
237.55,0.006654390276303171
237.60000000000002,-0.019269779173726072
237.65,-0.037156002741926236
237.70000000000002,-0.024476595632616387
237.75,0.059556811867991825
237.8,0.07385545437896412
237.85000000000002,-0.006632379782678544
237.9,-0.049870559906369884
237.95000000000002,-0.027808726871686215
238.0,0.03587367359695397
238.05,0.016926212203226907
238.10000000000002,-0.025519280819961656
238.15,-0.025598453723266686
238.20000000000002,0.028917312877263953
238.25,0.033778021356368676
238.3,-0.032329513541086215
238.35000000000002,-0.011235790915076658
238.4,0.011566005860862478
238.45000000000002,0.022956887316846284
238.5,0.02085132355477276
238.55,-0.033931887567034365
238.60000000000002,-0.01172346839812045
238.65,0.01513187200115107
238.70000000000002,-0.035497855019998394
238.75,-0.03458218441214799
238.8,0.022517727804558782
238.85000000000002,-0.002435340070546415
238.9,-0.0030893953638714113
238.95000000000002,0.03699091945194541
239.0,-0.03178970507313628
239.05,-0.003317334428100052
239.10000000000002,0.05743898303180545
239.15,0.009618145892486779
239.20000000000002,-0.0009812931357083936
239.25,-0.0015931742656283513
239.3,-0.01802607057272697
239.35000000000002,-0.012684390988909992
239.4,-0.02662413442477288
239.45000000000002,-0.06313658364977144
239.5,0.01452950162674844
239.55,0.033260039574123317
239.60000000000002,-0.02954147491428397
239.65,0.03530665620823869
239.70000000000002,0.010862056239831863
239.75,-0.010076364796002572
239.8,0.0009725739637832377
239.85000000000002,-0.05631252885162561
239.9,-0.03253051253132344
239.95000000000002,0.020264067007912202
240.0,0.0341948105396783
240.05,0.009094259404675889
240.10000000000002,0.03623481014544614
240.15,0.022143461621540458
240.20000000000002,-0.0018070989911516575
240.25,-0.020904160552120875
240.3,-0.0337521600580088
240.35000000000002,0.03250897763188132
240.4,0.0364795507149714
240.45000000000002,0.03825329552162397
240.5,-0.00823574627940227
240.55,-0.03657106170915788
240.60000000000002,-0.004886852336306886
240.65,-0.012101941736963285
240.70000000000002,0.012854759001275817
240.75,-0.02464857032039898
240.8,-0.07750330540063129
240.85000000000002,0.0036468655885733467
240.9,0.03382342491924675
240.95000000000002,0.027785462508569555
241.0,0.08673232637798274
241.05,-0.0018973961276871993
241.10000000000002,-0.06676160189511376
241.15,-0.004240572750436617
241.20000000000002,-0.026512594227267317
241.25,-0.022974645371997567
241.3,0.01119823108903822
241.35000000000002,0.048074326922401836
241.4,0.047791583050274256
241.45000000000002,-0.015395775408747826
241.5,0.02119061001006613
241.55,0.010563366945463502
241.60000000000002,-0.052726407287364135
241.65,-0.02582046122624599
241.70000000000002,0.016390859144235097
241.75,-0.009835494262775775
241.8,-0.0003486469005393629
241.85000000000002,0.029562851487543118
241.9,-0.049479495457236594
241.95000000000002,0.01799297281878794
242.0,0.09911507718558094
242.05,-0.017870226540324285
242.10000000000002,-0.07717990713713666
242.15,-0.0018010321159764632
242.20000000000002,0.03204444831316822
242.25,-0.04778792885389639
242.3,-0.04579824634658061
242.35000000000002,-0.03675942418642433
242.4,-0.023008897587072526
242.45000000000002,0.11400678195842263
242.5,0.05157511989076238
242.55,-0.03744557139332603
242.60000000000002,-0.006783168708190044
242.65,-0.03410811998309711
242.70000000000002,0.030472636667441228
242.75,-0.0011044613391358383
242.8,-0.05371247549361952
242.85000000000002,-0.026115107919124456
242.9,0.037604698537104415
242.95000000000002,0.06234451582412637
243.0,-0.0358145146133815
243.05,0.005230498365905194
243.10000000000002,0.007634067898147146
243.15,-0.030638749448784926
243.20000000000002,-0.060931791597768604
243.25,0.00012349746659277218
243.3,0.04894013756926895
243.35000000000002,0.016762799345953996
243.4,0.036415320176162856
243.45000000000002,-0.14302911341024893
243.5,-0.022083630559766008
243.55,0.1431837885341047
243.60000000000002,-0.03512712539258123
243.65,-0.009802466428691195
243.70000000000002,0.09148921618555063
243.75,0.03129042326796266
243.8,0.0031212677405674486
243.85000000000002,0.015942054054994048
243.9,-0.06477578294357847
243.95000000000002,-0.05833869181775804
244.0,0.02762520563034297
244.05,0.05357509617863594
244.10000000000002,-0.003284239645176758
244.15,0.04002443504352779
244.20000000000002,0.04019754190162007
244.25,-0.06217873828982573
244.3,-0.030961182527709484
244.35000000000002,-0.013841067332841281
244.4,-0.011497287774962683
244.45000000000002,0.010457373677343666
244.5,-0.02255964219348373
244.55,-0.10582277652577068
244.60000000000002,-0.0211936437590233
244.65,0.04264738893405475
244.70000000000002,0.08643648131852408
244.75,0.16077366021413592
244.8,0.036615518538361334
244.85000000000002,-0.02538139177738176
244.9,-0.03958196907755534
244.95000000000002,-0.0752085415382683
245.0,-0.10928246623418418
245.05,-0.03102234343563272
245.10000000000002,0.10625912496347442
245.15,0.00978574189269715
245.20000000000002,-0.03784460128931602
245.25,0.038027289275181585
245.3,-0.0016402515296723723
245.35000000000002,0.0694088600959458
245.4,0.14125035455493967
245.45000000000002,0.004131807817032104
245.5,-0.06042283152577447
245.55,-0.08579558343426716
245.60000000000002,-0.1263333485415326
245.65,-0.04581545043802894
245.70000000000002,0.09412402786089757
245.75,0.055187235748958154
245.8,-0.05361843667726259
245.85000000000002,-0.002241611398661247
245.9,-0.031426851572275004
245.95000000000002,-0.029000069954942906
246.0,0.026093359677558773
246.05,-0.01281350147746337
246.10000000000002,0.035062657334032826
246.15,0.01687500898157579
246.20000000000002,-0.024395888392058758
246.25,0.01963364980920509
246.3,0.043010689184802386
246.35000000000002,0.05433220887610597
246.4,-0.03136180586512098
246.45000000000002,-0.1016606449300197
246.5,0.022393743141316914
246.55,0.12382982635955612
246.60000000000002,-0.0010146443509448015
246.65,-0.10497591592391312
246.70000000000002,-0.09725405762023552
246.75,0.003095890121028854
246.8,0.07975054281531312
246.85000000000002,-0.024338280595053597
246.9,0.024374865923275972
246.95000000000002,0.14017000591985174
247.0,0.10280454271461807
247.05,-0.004652258750030103
247.10000000000002,-0.11720080674189973
247.15,-0.05173489986116388
247.20000000000002,0.02205984695898453
247.25,-0.07835575804988419
247.3,-0.1047576611097302
247.35000000000002,0.025465766750748933
247.4,0.07667862313386345
247.45000000000002,0.020897116681177653
247.5,-0.040352862095748475
247.55,-0.059274185437034756
247.60000000000002,-0.012273103080476033
247.65,0.08766542432638355
247.70000000000002,0.04286699392661325
247.75,-0.12960706843891326
247.8,0.0024819297352716933
247.85000000000002,0.03367902605211216
247.9,-0.017821898010429684
247.95000000000002,0.03533266232312885
248.0,-0.04111230843224879
248.05,0.16254664337176083
248.10000000000002,0.15023489245769273
248.15,-0.027629610407134075
248.20000000000002,0.041294924664214826
248.25,-0.06849026048329669
248.3,-0.1710815911787741
248.35000000000002,-0.08055944582262736
248.4,-0.0006394897798156831
248.45000000000002,0.06757243066612496
248.5,0.21106751494491485
248.55,0.11006749930622517
248.60000000000002,-0.18764015786525143
248.65,-0.1742654003216503
248.70000000000002,-0.014716483834803952
248.75,-0.0315881267770411
248.8,0.04272874905410613
248.85000000000002,0.04987135046615948
248.9,-0.08994507899684735
248.95000000000002,-0.06906697697521744
249.0,-0.008540619185882802
249.05,0.010479496639536165
249.10000000000002,-0.05297240429602229
249.15,0.022040822945253842
249.20000000000002,0.12255754255076669
249.25,0.05333828978797513
249.3,-0.006540187920769524
249.35000000000002,-0.07252953079153461
249.4,-0.0032345011602855026
249.45000000000002,-0.007691384925352745
249.5,0.009454563409194624
249.55,0.138861806396876
249.60000000000002,0.041694479167957134
249.65,0.0724579167378883
249.70000000000002,0.06309835148555525
249.75,-0.14941686361435919
249.8,-0.006214137509066053
249.85000000000002,0.06411074846334881
249.9,-0.07132650982393618
249.95000000000002,-0.11116731609125335
250.0,-0.21204171251003287
250.05,0.08319805776103473
250.10000000000002,0.21565950658343302
250.15,0.03687474817551494
250.20000000000002,0.04448080361812211
250.25,-0.12386176299694474
250.3,-0.0241552891961895
250.35000000000002,0.0706605114810604
250.4,-0.08833720118797259
250.45000000000002,-0.08014670857038396
250.5,-0.04904269416587395
250.55,0.006867711887552975
250.60000000000002,-0.011947229032973546
250.65,-0.09075914398484969
250.70000000000002,-0.0452635733037314
250.75,0.09798651998787976
250.8,0.16257076888819896
250.85000000000002,0.06464282099899081
250.9,0.00956879776875752
250.95000000000002,0.010727059695063398
251.0,-0.011558567174080218
251.05,0.028650944117555015
251.10000000000002,-0.04874170063299371
251.15,-0.15393798804030048
251.20000000000002,-0.02102563920529583
251.25,0.008976333844911567
251.3,-0.09115522506336167
251.35000000000002,0.018925817114610017
251.4,0.14797659156237056
251.45000000000002,0.11571428017394164
251.5,0.046617959126606226
251.55,0.011490561813271344
251.60000000000002,0.052268606341086515
251.65,0.0061520831414629325
251.70000000000002,-0.06652910279915727
251.75,-0.16060739147484512
251.8,-0.20418469194914476
251.85000000000002,0.02649120515150137
251.9,0.11168602405165279
251.95000000000002,0.08292595110664504
252.0,0.07671382512931645
252.05,-0.01198377325984309
252.10000000000002,-0.03394710115052048
252.15,0.08625671246521069
252.20000000000002,0.033656434398093224
252.25,-0.12719272644456592
252.3,0.058905047115956795
252.35000000000002,0.05837187641225401
252.4,-0.08585576683219023
252.45000000000002,0.030476843880443066
252.5,0.07998623641243133
252.55,0.13321653565679312
252.60000000000002,0.12338751242511609
252.65,-0.07551375558156989
252.70000000000002,-0.13991481008753523
252.75,-0.05491059657757898
252.8,-0.026370376770288428
252.85000000000002,-0.028272290538035903
252.9,-0.02253160186482404
252.95000000000002,-0.019697847932449556
253.0,0.053371908652429384
253.05,0.041956751530906285
253.10000000000002,-0.09713432197623749
253.15,-0.0897881907157888
253.20000000000002,-0.034298040295532586
253.25,0.052176440754065995
253.3,0.08490098746434803
253.35000000000002,-0.08368636547880226
253.4,-0.052770504577174235
253.45000000000002,0.15716057737463654
253.5,0.1190176269709993
253.55,-0.06696886736217862
253.60000000000002,0.01034029680600111
253.65,0.07498622119915428
253.70000000000002,0.011762319648950428
253.75,0.008388089748258559
253.8,-0.1363170814838179
253.85000000000002,-0.07481671735052439
253.9,0.10606172951142008
253.95000000000002,0.03423971392539482
254.0,-0.05295775828379427
254.05,-0.03929061692135589
254.10000000000002,0.08530933220642087
254.15,0.14852799529357055
254.20000000000002,0.00040797077379231246
254.25,-0.05548099613723519
254.3,-0.06879446055685881
254.35000000000002,-0.07569298397352808
254.4,0.015613208376377617
254.45000000000002,-0.15771142354825227
254.5,-0.16277078997830052
254.55,0.06995863366824955
254.60000000000002,0.08928475235401234
254.65,0.11458395389689541
254.70000000000002,0.05452718872235119
254.75,-0.04094892023224661
254.8,0.05012880602122591
254.85000000000002,0.13648852880293166
254.9,0.014849280284691142
254.95000000000002,-0.12871989813785775
255.0,-0.13290932444928738
255.05,0.01974375469319673
255.10000000000002,0.09686650096492205
255.15,-0.019686821369716067
255.20000000000002,0.07782381695581632
255.25,0.05972906257138897
255.3,-0.11778862535946225
255.35000000000002,-0.17431699803083614
255.4,-0.15675924600415725
255.45000000000002,0.058844659504860786
255.5,0.18997274453340632
255.55,0.17740376461906565
255.60000000000002,0.05595566605123976
255.65,-0.12103945555187587
255.70000000000002,-0.10757207403681095
255.75,0.016664716583755405
255.8,-0.06565445164982883
255.85000000000002,-0.09532171873987816
255.9,0.05769011012460012
255.95000000000002,-0.030377354377769106
256.0,-0.006632937510688534
256.05,0.08249950411599394
256.1,0.013957376377456173
256.15000000000003,0.024064989971645273
256.2,0.021781882931983517
256.25,0.0003477266599736595
256.3,-0.04512364316306907
256.35,-0.07933683886364157
256.40000000000003,0.03436738483989452
256.45,0.1512443357102953
256.5,0.021962390056258975
256.55,0.0012419184448973198
256.6,0.07117355211911958
256.65000000000003,-0.07750763293474289
256.7,-0.07101934284680073
256.75,-0.017755808382086367
256.8,-0.04757955812884423
256.85,0.03158708992652381
256.90000000000003,-0.02937003364254801
256.95,-0.05546811919338885
257.0,0.07292764946280542
257.05,-0.007531578385092112
257.1,-0.011521231122050344
257.15000000000003,0.016763729611212495
257.2,-0.08610944750264259
257.25,0.016527950026310627
257.3,-0.029387454681068764
257.35,-0.13073260876792034
257.40000000000003,0.019648975352037242
257.45,0.11041302741524388
257.5,0.18152794107800518
257.55,0.119696057905665
257.6,-0.08218806841133812
257.65000000000003,-0.1057081838516754
257.7,-0.07104153381801019
257.75,-0.05913541291585184
257.8,0.02013679740370196
257.85,-0.025188791257596384
257.90000000000003,-0.006273700903877544
257.95,0.11600047239070017
258.0,-0.0006293973950740808
258.05,-0.07034326705958026
258.1,-0.02127515007766271
258.15000000000003,0.04496985622312915
258.2,0.0711365297034401
258.25,0.0021182296175425897
258.3,-0.027182124554842275
258.35,-0.07279863359336007
258.40000000000003,-0.05601641470623109
258.45,-0.00908909119529609
258.5,0.02385465662405882
258.55,0.06621223187378525
258.6,0.04130291601629998
258.65000000000003,0.028673285945792902
258.7,0.05019366460922365
258.75,0.05188146293113906
258.8,0.0493929884221948
258.85,-0.010024465156338983
258.90000000000003,-0.16411692452256832
258.95,-0.17563404870662366
259.0,-0.0015571325425557268
259.05,0.10084487644574892
259.1,0.07061521280315573
259.15000000000003,0.12022620416592003
259.2,0.06353731768973307
259.25,-0.1233824836341889
259.3,0.02288580594093627
259.35,0.06354083186447933
259.40000000000003,-0.08780463896478265
259.45,0.007932626316213718
259.5,0.05364124422062608
259.55,-0.00048374917424548784
259.6,0.09270995832628497
259.65000000000003,0.01722746430025677
259.7,-0.17432258809485662
259.75,-0.08583945398535174
259.8,-0.0746714895302133
259.85,0.001460343976903556
259.90000000000003,0.05532868140768637
259.95,-0.023043194233712684
260.0,0.0789169491760199
260.05,0.07619608563749763
260.1,0.04513551381111728
260.15000000000003,-0.009488831425807073
260.2,-0.04063916337331559
260.25,-0.1278656624567364
260.3,-0.17307209225767697
260.35,-0.016602693880810877
260.40000000000003,0.06662708675069609
260.45,0.1729702814244925
260.5,0.1408826585157998
260.55,0.0005405057919813455
260.6,-0.009244873692587747
260.65000000000003,0.036475803788164445
260.7,0.050846230503709476
260.75,0.07134067162303451
260.8,0.01380028433311121
260.85,-0.07873981698428215
260.90000000000003,-0.11089887468044123
260.95,-0.1423808176176866
261.0,-0.04871851794558916
261.05,0.022792275798221538
261.1,0.00299139249189921
261.15000000000003,-0.04309744666353474
261.2,-0.06763580819528973
261.25,-0.001511171466331073
261.3,0.04277689261648506
261.35,0.06766944710031332
261.40000000000003,0.060760227553528494
261.45,-0.0004577606107812728
261.5,0.01666354117671043
261.55,-0.006043239129218728
261.6,-0.02717366056556489
261.65000000000003,-0.0014213288897773108
261.7,-0.03455602877086086
261.75,0.04302432768547242
261.8,0.0008428265983395949
261.85,-0.012784399752807747
261.90000000000003,0.03647219005765537
261.95,-0.021085773013962264
262.0,0.07924411123803823
262.05,0.033203913695737615
262.1,-0.07502845273361329
262.15000000000003,-0.05229351227335115
262.2,-0.03699870528418876
262.25,0.02685585084004575
262.3,0.04414348515632005
262.35,0.008911909610850909
262.40000000000003,-0.0074957970451584545
262.45,-0.03505677108593957
262.5,-0.0014984130685839
262.55,-0.002705397675154448
262.6,0.016707224072521207
262.65000000000003,0.103148288544864
262.7,-0.014537806280020323
262.75,-0.05898715448533158
262.8,0.0029626607851514957
262.85,0.017289501949951002
262.90000000000003,0.046312725908108046
262.95,0.07820746995972554
263.0,0.037380396413359496
263.05,0.009327371035163602
263.1,0.04598334257877497
263.15000000000003,-0.06406337694214258
263.2,-0.046448816756076046
263.25,-0.032175604998017304
263.3,-0.03912887422639548
263.35,0.029534932265640225
263.40000000000003,0.02723707864463761
263.45,0.060157290208839635
263.5,0.03389128590530941
263.55,0.07615835935375477
263.6,-0.03757749035814927
263.65000000000003,-0.12632501427263815
263.7,-0.06360901299645244
263.75,-0.1520525586395064
263.8,-0.000730885762608775
263.85,0.07130552710153462
263.90000000000003,-0.03659128020228519
263.95,0.010685464540147854
264.0,-0.00170788987066393
264.05,0.02893812618249683
264.1,0.05989143148815913
264.15000000000003,0.0344974425079805
264.2,0.016019347694522068
264.25,-0.09791866654933275
264.3,-0.0474002614936976
264.35,0.033629105941057114
264.40000000000003,-0.05563650254109534
264.45,-0.017821271374588662
264.5,0.0322272828968227
264.55,0.08981036307127646
264.6,0.0481166913433058
264.65000000000003,-0.06438852019803724
264.7,0.019175390808371755
264.75,0.004231590656244685
264.8,-0.05251136180250955
264.85,-0.06555547235153317
264.90000000000003,-0.049153167161252384
264.95,0.04526496277684116
265.0,0.08692801873075462
265.05,0.06404517894973816
265.1,-0.03277781270671549
265.15000000000003,0.026464661669125075
265.2,0.08406162300276161
265.25,-0.04788104224439345
265.3,-0.054602509392376784
265.35,-0.03852143547910455
265.40000000000003,-0.05819549556452079
265.45,-0.007232747503075104
265.5,0.05795740858344129
265.55,0.02101481532968613
265.6,-0.015613335157661772
265.65000000000003,-0.045144565604722846
265.7,-0.0436422711873273
265.75,0.08178242221306582
265.8,0.03898177725335041
265.85,0.049118777432102696
265.90000000000003,-0.020818914606683985
265.95,-0.14220202423960474
266.0,0.005589568917435006
266.05,0.006389953202156767
266.1,-0.05880279358132913
266.15000000000003,-0.023420355339114858
266.2,0.09414555640795275
266.25,0.10919842023229596
266.3,0.11044690042896571
266.35,0.12897838822968039
266.40000000000003,-0.018409693335995514
266.45,-0.01160041908173965
266.5,-0.06802041271796028
266.55,-0.13574853272075996
266.6,0.00025490422649450026
266.65000000000003,-0.04712132225630425
266.7,-0.13780561604895755
266.75,0.019624076943971606
266.8,0.061304043463124555
266.85,-0.023135373516524636
266.90000000000003,0.0353485275890693
266.95,-0.0011306911933693757
267.0,-0.03676637402777962
267.05,0.023524836642311656
267.1,-0.01459097602636054
267.15000000000003,-0.028555533086259667
267.2,0.12183432144603605
267.25,0.09046928398558911
267.3,-0.0445901639742849
267.35,-0.027532428453721676
267.40000000000003,-0.07497409986750535
267.45,-0.004791986245996222
267.5,0.039626434744060884
267.55,-0.09170124529671518
267.6,0.009379466989989215
267.65000000000003,0.028645860006680922
267.7,-0.09531277608549191
267.75,0.014928903717752936
267.8,0.017874706611448014
267.85,0.04833835549958756
267.90000000000003,0.10252734773595185
267.95,-0.02317118068840744
268.0,-0.11051807704386962
268.05,-0.1074587177606802
268.1,-0.00926761318724825
268.15000000000003,0.007242054745592882
268.2,0.08697552025811454
268.25,0.14408579992161796
268.3,0.041775135605877554
268.35,-0.01426480294487525
268.40000000000003,-0.039481575039563205
268.45,-0.05672767886872448
268.5,-0.010497231127021426
268.55,0.04041952382463127
268.6,-0.1027747506184541
268.65000000000003,-0.07995996261255936
268.7,0.07810844179135777
268.75,0.053450095344732544
268.8,0.048001630091804685
268.85,-0.0017026654892407982
268.90000000000003,-0.022420091995529832
268.95,0.030072829301789537
269.0,0.10420434577621669
269.05,0.060755330368717574
269.1,-0.08199565397816114
269.15000000000003,-0.07756675146367899
269.2,-0.03466163406914623
269.25,0.020785868841713604
269.3,0.015762547058675327
269.35,-0.00045300084856039047
269.40000000000003,0.0458263356176282
269.45,0.06271845438857071
269.5,0.06173671927161807
269.55,0.044050270514114004
269.6,-0.03190910327341685
269.65000000000003,-0.09388439863889056
269.7,-0.044794410739283426
269.75,-0.04230157787375096
269.8,-0.018869223189329383
269.85,0.013760724622997494
269.90000000000003,0.00854447546567204
269.95,0.047301357680439894
270.0,-0.013005054456016343
270.05,-0.04635693739889764
270.1,-0.018397497342896123
270.15000000000003,-0.02806830267156552
270.2,0.009365928586395154
270.25,0.04590458462433676
270.3,0.049250087321068635
270.35,0.019516527147557056
270.40000000000003,-0.021740234108254472
270.45,-0.04599011510831534
270.5,-0.037161524034635095
270.55,0.024250844089634183
270.6,0.04032522558282716
270.65000000000003,-0.025330207244723547
270.7,-0.04111472596293487
270.75,0.009346105928598964
270.8,0.058025817509681624
270.85,0.08827864152636625
270.90000000000003,0.05336592072567357
270.95,0.0029206210703183657
271.0,-0.07682338708094878
271.05,-0.07774686956870262
271.1,-0.09367098868724066
271.15000000000003,-0.06826829691002254
271.2,0.0854899795336519
271.25,0.005585103055542326
271.3,0.002569627070668806
271.35,0.06924890230706733
271.40000000000003,0.004173635830609291
271.45,0.008993818563584326
271.5,-0.04082264955513854
271.55,-0.12850770308249376
271.6,-0.035055437734179
271.65000000000003,0.09769315636995798
271.7,0.0633523860908964
271.75,0.04285805483696131
271.8,0.02015054951497648
271.85,0.048830457588841025
271.90000000000003,0.0715028459136452
271.95,-0.0656348595326332
272.0,-0.02616701499461707
272.05,0.057234030441122324
272.1,0.014118818782423277
272.15000000000003,0.047249436348076095
272.2,0.010491401950914993
272.25,-0.015921998872764426
272.3,-0.00688936993037384
272.35,-0.08879349495778062
272.40000000000003,-0.08625210453253267
272.45,-0.010984011644539132
272.5,0.06837448162184817
272.55,0.018657303999459723
272.6,-0.04644786212592034
272.65000000000003,0.023789601592821733
272.7,0.03202510986918815
272.75,-0.005622496391109537
272.8,-0.02813552257284
272.85,-0.014103737893156571
272.90000000000003,0.02878154206475188
272.95,0.003942646923022721
273.0,-0.04184511307411486
273.05,-0.023913951256288486
273.1,0.038532517738588165
273.15000000000003,0.05238403770247528
273.2,0.010591222842402945
273.25,0.007837819991601882
273.3,-0.0448588600181978
273.35,-0.0694157854951937
273.40000000000003,-0.07253789492670056
273.45,-0.14357366622013545
273.5,-0.06452052720668526
273.55,0.05535046208980596
273.6,0.07332280009754502
273.65000000000003,0.04940178342790479
273.7,0.003186134465159765
273.75,-0.07631516039729239
273.8,-0.025040753222489512
273.85,0.11478813894611811
273.90000000000003,0.12400580963585645
273.95,0.07315721765505681
274.0,-0.07315372487012006
274.05,-0.09509505283025418
274.1,0.027803142412905067
274.15000000000003,0.013005727353383149
274.2,0.0006918446035884074
274.25,-0.020230668946633067
274.3,-0.03596169683024733
274.35,0.06302952847821178
274.40000000000003,0.08585737824560723
274.45,0.059356015006054544
274.5,0.11525175945170438
274.55,0.04899657570376154
274.6,-0.06925264805882946
274.65000000000003,-0.11605709219744628
274.7,-0.1598265182143022
274.75,-0.040092493036460085
274.8,-0.012026621357785672
274.85,-0.022370815693161673
274.90000000000003,0.061726298354297986
274.95,0.001358440817924393
275.0,0.005810127270981946
275.05,-0.02047994354062304
275.1,-0.03460346122595087
275.15000000000003,0.02237416364042089
275.2,-0.05834435111985315
275.25,-0.047992493102188866
275.3,0.02217381403167065
275.35,0.04703348066881853
275.40000000000003,0.12888722914111106
275.45,0.08336386436660716
275.5,-0.018545984124408554
275.55,-0.055281048469351717
275.6,-0.09082617436179839
275.65000000000003,-0.003714286866302459
275.7,0.044972901353656676
275.75,0.028142054203827954
275.8,0.04970546501720957
275.85,0.05234275041965466
275.90000000000003,-0.0059781841622936465
275.95,-0.08035510318215577
276.0,-0.02225780250635846
276.05,-0.009423861965336957
276.1,-0.013088335130322471
276.15000000000003,0.010568274293895629
276.2,0.030177746075822322
276.25,0.05550400414083105
276.3,-0.04944721150961017
276.35,-0.06599141155139727
276.40000000000003,-0.0561723352378431
276.45,-0.03237761080923074
276.5,0.03713303478592099
276.55,-0.04628790540923481
276.6,-0.014015079022479452
276.65000000000003,0.05027092037993417
276.7,0.03303092906002376
276.75,0.0590820356568069
276.8,-0.0226538656301941
276.85,-0.061648707217363014
276.90000000000003,-0.035663807543652684
276.95,-0.00902069003253316
277.0,0.0027226606664914853
277.05,-0.017237664607859374
277.1,0.029821283539537325
277.15000000000003,0.05275991576209519
277.2,0.12157721421142716
277.25,0.15264845737137622
277.3,0.061853989847759264
277.35,-0.0005383399041164191
277.40000000000003,-0.060857185982707916
277.45,-0.13730167520733033
277.5,-0.12595949609941212
277.55,-0.05505125013440293
277.6,0.0062697685657108196
277.65000000000003,0.08812349213341918
277.7,0.021688271541968496
277.75,-0.06174265341190609
277.8,-0.01235278354205556
277.85,0.01752215310305894
277.90000000000003,0.035488408853622096
277.95,-0.05543861610887502
278.0,-0.08136731853317031
278.05,0.01776536227599764
278.1,0.05368997484606061
278.15000000000003,0.04613430422642518
278.2,-0.044276619657018255
278.25,-0.06261199467900506
278.3,-0.03881755699312009
278.35,0.0008991163617152844
278.40000000000003,0.012926635027924576
278.45,-0.03077501149351676
278.5,0.08398190978451005
278.55,0.11485249119044037
278.6,-9.182611583426144e-05
278.65000000000003,-0.061168893080439504
278.7,-0.024020884326543503
278.75,0.07214913327217307
278.8,0.04541298057122127
278.85,-0.009785516100071232
278.90000000000003,-0.009556535517973301
278.95,-0.004692129084834413
279.0,0.04281898615336857
279.05,-0.006279113908283382
279.1,-0.031228989264888003
279.15000000000003,0.055240932578377436
279.2,0.06711542883789649
279.25,0.007305666023108115
279.3,-0.05087207009552473
279.35,-0.04109659250067258
279.40000000000003,0.005239843131986038
279.45,-0.009939549368856698
279.5,-0.09434738173572141
279.55,-0.045862830326996076
279.6,0.03742801075039623
279.65000000000003,-0.011026611674373797
279.7,0.00267861332414331
279.75,0.019307086181921687
279.8,0.03477523316879816
279.85,0.09243408341046612
279.90000000000003,0.05962147014573127
279.95,0.011570348658961995
280.0,0.0004526120004200765
280.05,-0.04331093208713615
280.1,-0.09563219210878049
280.15000000000003,-0.06805766552271739
280.2,-0.06723945112520904
280.25,-0.045303848459986966
280.3,0.029211161369541005
280.35,-0.007903705245803739
280.40000000000003,0.09329921073796381
280.45,0.16324591026901905
280.5,0.036708435828340026
280.55,0.05719930140389808
280.6,0.03474008458163655
280.65000000000003,-0.004039100330487465
280.7,0.07293661093564739
280.75,0.024043342284856457
280.8,-0.06404482344347909
280.85,-0.14356278639668327
280.90000000000003,-0.09153354342683087
280.95,0.012622985824783033
281.0,-0.03310134494037542
281.05,0.006813933657606343
281.1,0.030881477276098586
281.15000000000003,0.013091872191160264
281.2,0.0921828903709248
281.25,0.04559437032591669
281.3,-0.0670340430586969
281.35,0.038763037455964454
281.40000000000003,0.01330353941487756
281.45,-0.06025615315376149
281.5,0.07570326005346444
281.55,0.019288456478657675
281.6,-0.005927620648675635
281.65000000000003,0.027530662068568763
281.7,-0.010844840589136968
281.75,-0.05293375091651798
281.8,-0.09188018110691724
281.85,-0.023590003910188968
281.90000000000003,0.0007333021526941745
281.95,0.05046843058656293
282.0,0.06500351576887821
282.05,0.037560709807993774
282.1,0.05637046770638675
282.15000000000003,0.06198853621647305
282.2,0.0584015862586488
282.25,-0.06228225024494755
282.3,-0.07900380628781023
282.35,-0.07552967033623292
282.40000000000003,-0.17060134955353107
282.45,-0.11435447262975869
282.5,-0.047087553075816566
282.55,0.0011096599437763189
282.6,0.055433389087340794
282.65000000000003,0.06394600165654028
282.7,0.07637001827685021
282.75,0.023258500827631364
282.8,-0.037791543382792066
282.85,-0.021642097397188798
282.90000000000003,-0.024406302752822333
282.95,0.001710762246261809
283.0,0.12691598388533862
283.05,0.13050215750674965
283.1,-0.0014232647733871035
283.15000000000003,-0.03599594624838456
283.2,-0.09394340316135479
283.25,-0.13227124327370993
283.3,-0.05919691048542129
283.35,-0.007119719794265925
283.40000000000003,0.06813424106444234
283.45,0.04970033452943874
283.5,0.029827254545599306
283.55,0.0269490682825601
283.6,-0.09880901725903933
283.65000000000003,-0.14608442518294593
283.7,-0.11771062059994612
283.75,-0.043431200839965496
283.8,0.059969600139830895
283.85,0.04267098532206964
283.90000000000003,-0.062475467909726634
283.95,-0.03917536127734302
284.0,0.05260287843270183
284.05,0.02339366319285979
284.1,0.0207170200767203
284.15000000000003,0.009050665962323892
284.2,-0.04364618968560654
284.25,-0.002323161332728724
284.3,0.026336759006914158
284.35,-0.013741679597199997
284.40000000000003,-0.017540573990166237
284.45,0.009733997955617215
284.5,0.053360242691880576
284.55,0.06690116423785139
284.6,0.058555761827074206
284.65000000000003,0.07515827577254593
284.7,-0.03895419964421238
284.75,-0.02538416876395546
284.8,0.06847958983838003
284.85,-0.013395685829294292
284.90000000000003,0.0063718284758550086
284.95,0.014852475262602253
285.0,-0.026851984549167023
285.05,0.04609098368849656
285.1,0.06701808025946228
285.15000000000003,0.015001200595746266
285.2,0.041344154751818255
285.25,0.013598034613070412
285.3,-0.07444189537193052
285.35,-0.10805119386168806
285.40000000000003,-0.11317210101881263
285.45,-0.08424880911649962
285.5,-0.06261711846690884
285.55,0.02922871545001181
285.6,0.10831319682319371
285.65000000000003,0.11667967733603474
285.7,0.06689933490822225
285.75,-0.06061425555890227
285.8,-0.06618773727366536
285.85,-0.05351216385564715
285.90000000000003,-0.11092820083459458
285.95,-0.06387020626083265
286.0,-0.03714791305222039
286.05,-0.028354651512039926
286.1,0.05775375826685343
286.15000000000003,0.07770298928017409
286.2,0.05445937987077539
286.25,0.04933668382661515
286.3,-0.013954821712833212
286.35,-0.1136834945318148
286.40000000000003,-0.05851274409391636
286.45,0.0024255866248821373
286.5,-0.007015815129137574
286.55,0.08305188846457387
286.6,0.03880156021223366
286.65000000000003,-0.007442664112718956
286.7,0.13186549835808364
286.75,0.14185877565896085
286.8,0.11634053729135889
286.85,0.0910549655092116
286.90000000000003,-0.03925707033191582
286.95,-0.08207118672815333
287.0,0.037179174780443185
287.05,0.11471128163309259
287.1,0.016274359407908296
287.15000000000003,0.04238328236457363
287.2,0.06407969170003541
287.25,-0.059083621894448594
287.3,-0.0956484357659185
287.35,-0.11832499752796329
287.40000000000003,-0.178078987724784
287.45,-0.10090027227269238
287.5,0.03261519844753199
287.55,-0.01908474287400733
287.6,-0.003308272842774458
287.65000000000003,0.023951994882177703
287.7,0.05347419426109962
287.75,0.15698091619343377
287.8,0.11083585425297501
287.85,0.06477929853969636
287.90000000000003,-0.032459127447055994
287.95,-0.06655489351200579
288.0,0.016472939735605457
288.05,0.0009325323381807375
288.1,0.018418981409792787
288.15000000000003,-0.006487919817892081
288.2,-0.032774907796628366
288.25,-0.01445131191336435
288.3,-0.017149184039357807
288.35,0.061283075742165176
288.40000000000003,0.037176210422797756
288.45,-0.0684310198072604
288.5,-0.15323878640657176
288.55,-0.1547620882203678
288.6,-0.05036774369211892
288.65000000000003,0.006026554566067808
288.7,0.02765387852960542
288.75,0.0014712001226366547
288.8,0.0517028691925589
288.85,0.09056488332034154
288.90000000000003,0.04582616649649416
288.95,0.030421546075009513
289.0,-0.03131760107424677
289.05,-0.014210255440964848
289.1,0.00242362976537329
289.15000000000003,-0.06549080006891084
289.2,-0.05104625953582843
289.25,-0.027056905647659373
289.3,-0.020679938590376052
289.35,0.05309299750162488
289.40000000000003,0.06864134040865098
289.45,0.07163365164162858
289.5,0.11716823117768908
289.55,0.052636457570177694
289.6,-0.005874193512786566
289.65000000000003,0.020506065457055564
289.7,0.06174661132671248
289.75,0.03611472099121706
289.8,-0.09281876289455253
289.85,-0.1516389071180663
289.90000000000003,-0.10469959040786474
289.95,-0.016263926630088434
290.0,0.05003811902191407
290.05,0.01000105301869236
290.1,-0.009147039397508595
290.15000000000003,0.0069750893438704255
290.2,-0.0048022570032976
290.25,0.04579727006361521
290.3,0.06881742862438296
290.35,0.030967083478114818
290.40000000000003,0.01939307773344519
290.45,-0.026955828564752173
290.5,-0.05512142642882286
290.55,0.006039856090811148
290.6,0.042296865189971763
290.65000000000003,0.00011939577998641258
290.7,-0.05794917287426217
290.75,-0.07705052647770012
290.8,-0.07565935634299267
290.85,-0.02780168486769161
290.90000000000003,0.05387779393103398
290.95,0.0416906734733812
291.0,0.011504644484869873
291.05,0.01808500634221603
291.1,-0.006183596011207197
291.15000000000003,-0.03996280690039891
291.2,-0.014790707581772462
291.25,0.07044343364340556
291.3,0.07307669252463812
291.35,0.010237253492295526
291.40000000000003,0.006585401524395653
291.45,-0.059842885285697825
291.5,-0.10981287967423599
291.55,-0.019165915622102226
291.6,-0.028470414183568153
291.65000000000003,-0.0206307052146653
291.7,0.02792172259031364
291.75,-0.015695282138803307
291.8,-0.016303255820509593
291.85,0.007224203589289491
291.90000000000003,0.03617938949100513
291.95,0.03786320006842576
292.0,0.05002399806628279
292.05,0.01970237702575701
292.1,-0.028462953347724272
292.15000000000003,0.06192027478751858
292.2,0.1322195820363739
292.25,0.06164416441147463
292.3,-0.0491753481555808
292.35,-0.07993188215526033
292.40000000000003,-0.09671371586396642
292.45,-0.08478271301760049
292.5,-0.02637640854184934
292.55,-0.024979988871821537
292.6,-0.006047416087697594
292.65000000000003,0.02265895247680565
292.7,-0.011674108487022165
292.75,-0.06191832545036905
292.8,-0.09530975092364144
292.85,-0.04711151839863405
292.90000000000003,-0.033296436264226244
292.95,-0.08421652845736204
293.0,0.01275800481599474
293.05,0.030428299728978835
293.1,-0.016339769882065796
293.15000000000003,0.08951965124689333
293.2,0.13483079357012503
293.25,0.10131737674931816
293.3,0.06695826567779875
293.35,-0.11242372700544188
293.40000000000003,-0.22697672421509174
293.45,-0.08574896957272797
293.5,0.059363212291055976
293.55,0.12949759047014958
293.6,0.09996263643611267
293.65000000000003,0.09804952291775898
293.7,0.0791329718961016
293.75,0.02238983195759356
293.8,0.0426075215087683
293.85,-0.004942773448362045
293.90000000000003,-0.007976421699685146
293.95,0.0014975386762724134
294.0,-0.05340353703171657
294.05,-0.005997674005070095
294.1,0.060896266832107575
294.15000000000003,0.039856210937003325
294.2,0.01061269933969843
294.25,-0.024553523593454186
294.3,-0.02966408812320186
294.35,-0.0302574311009116
294.40000000000003,-0.09281791098645112
294.45,-0.0971516965519601
294.5,0.020339488918091998
294.55,0.03952710486371237
294.6,-0.08257554027024387
294.65000000000003,-0.13474248031075584
294.7,-0.05335505178854676
294.75,0.10944691596575278
294.8,0.08715564954502163
294.85,-0.032155375176331026
294.90000000000003,-0.03502436327654639
294.95,0.0046415862850526304
295.0,0.09799629948803304
295.05,0.10455579431022849
295.1,0.06172691384338315
295.15000000000003,0.07128764985992983
295.2,0.003986873922584483
295.25,-0.07969716462287768
295.3,-0.0689809936231918
295.35,-0.048409135007550154
295.40000000000003,-0.08638666975742325
295.45,-0.041587947938300326
295.5,-0.04499983798691908
295.55,-0.08028238467022553
295.6,0.0484638144759656
295.65000000000003,0.07259162906674928
295.7,0.06527760361048307
295.75,0.05194799934057953
295.8,0.006820343586871975
295.85,0.062434950495572426
295.90000000000003,0.08621392560507694
295.95,0.050618929759746974
296.0,-0.017027738214370466
296.05,-0.01172802160138557
296.1,0.013814054168506337
296.15000000000003,-0.014161661045971377
296.2,-0.04446491085282945
296.25,-0.03310402409106964
296.3,0.023077259264930292
296.35,0.0009503134355465174
296.40000000000003,-0.055547262046905736
296.45,-0.06055239168896358
296.5,-0.00914271533041407
296.55,0.07569651391329844
296.6,0.07276289930445885
296.65000000000003,-0.009731373450666464
296.7,-0.03249124532319275
296.75,0.02051875611225253
296.8,0.04134068640718564
296.85,-0.004825902689002787
296.90000000000003,-0.026411801641151485
296.95,-0.022893538730696678
297.0,-0.04359952290116843
297.05,-0.06484345204326072
297.1,-0.042519045164691724
297.15000000000003,0.010857697780247033
297.2,0.022781645465149974
297.25,-0.02971697003993786
297.3,-0.050556148294611795
297.35,-0.013672714461130085
297.40000000000003,0.007168362316986937
297.45,7.676925327275761e-05
297.5,-0.04091239125123894
297.55,-0.038857782720216234
297.6,0.055279469857557106
297.65000000000003,0.1241773364532194
297.7,0.0724441464780671
297.75,0.02086495418853092
297.8,0.006531797957092285
297.85,-0.038382084368510754
297.90000000000003,0.026657280947623204
297.95,0.002992199803190353
298.0,-0.09106338675929604
298.05,-0.06231028944247496
298.1,-0.05650087866339095
298.15000000000003,0.055073177517882405
298.2,0.05666202492775765
298.25,-0.03623603689849396
298.3,0.004208516092397977
298.35,-0.022390720582662366
298.40000000000003,0.013051790806638392
298.45,0.0791141355813349
298.5,0.022261197847805534
298.55,-0.02151398217513244
298.6,0.05457382091283218
298.65000000000003,0.07567839728484302
298.7,0.01993377494656585
298.75,0.05145084300275666
298.8,0.040609256333858645
298.85,0.004325041909264492
298.90000000000003,0.019950264857090963
298.95,0.01903802920700966
299.0,-0.028954639645739605
299.05,-0.00934372298426911
299.1,0.03778459540816804
299.15000000000003,0.020765036955181126
299.2,0.0724357963783655
299.25,0.05828958005084151
299.3,0.0017764597435453243
299.35,0.05335003072566282
299.40000000000003,0.0009724952255606054
299.45,-0.10088577416491612
299.5,-0.06081950656821363
299.55,-0.07302964035642942
299.6,-0.11906693441349774
299.65000000000003,-0.06541268623690413
299.7,-0.03290047316411469
299.75,-0.019893492897094384
299.8,0.0076081687559740735
299.85,0.00931954125515975
299.90000000000003,-0.0204099093713923
299.95,0.025234717419051055
300.0,0.05727835983072346
300.05,-0.025114965696026583
300.1,-0.06276453719461535
300.15000000000003,-0.04165676183874388
300.2,-0.034057664702487576
300.25,-0.037220570699033714
300.3,0.013770849851781864
300.35,0.04160736111689321
300.40000000000003,0.0009192510300741851
300.45,-0.011619389017910065
300.5,-0.030812665383012815
300.55,-0.02804919612326694
300.6,0.026993064190107562
300.65000000000003,0.0503730766441817
300.7,0.007522526097344377
300.75,-0.033409635194928074
300.8,0.005546914600934652
300.85,0.03439831695504695
300.90000000000003,-0.02059701639051692
300.95,-0.023783150741385803
301.0,0.03835545369009831
301.05,0.020414597817480312
301.1,-0.015940263165703284
301.15000000000003,0.010735042887603656
301.2,0.035996888584360086
301.25,0.052862660185700794
301.3,0.029426587436360185
301.35,-0.025557286373438518
301.40000000000003,-0.07261235649524209
301.45,-0.09634279210507576
301.5,-0.04348672035406071
301.55,-0.03791343513549449
301.6,-0.05885549089388352
301.65000000000003,-0.015516197588165087
301.7,0.007203689462549411
301.75,0.03569849914560308
301.8,-0.006359593214032804
301.85,-0.05266281346138758
301.90000000000003,0.024708264508837344
301.95,0.06563476701919223
302.0,0.039700399943224454
302.05,0.016917853562359707
302.1,-0.015813736669413377
302.15000000000003,0.011833576332170475
302.2,0.07238301203001236
302.25,0.06632581692890704
302.3,0.06979473028592438
302.35,0.0334973146604554
302.40000000000003,-0.03901438945178737
302.45,-0.09696955335032982
302.5,-0.10742880821913253
302.55,-0.015363749207113173
302.6,0.061550107977283434
302.65000000000003,0.11167403477439396
302.7,0.11171625787936304
302.75,0.042875219851298954
302.8,0.015916628545956546
302.85,-0.046227729191446416
302.90000000000003,-0.10895552478620285
302.95,-0.05177887474447368
303.0,-0.037633947326096186
303.05,-0.0505310452678293
303.1,-0.02001924073024685
303.15000000000003,0.0016202073654456926
303.2,0.001230516914208176
303.25,0.013188366859000511
303.3,0.06546104493448118
303.35,0.047791472151538256
303.40000000000003,0.02209902177072864
303.45,-0.02533805086208152
303.5,-0.0926263897251366
303.55,-0.06103386267221723
303.6,-0.03168319504328927
303.65000000000003,-0.0017950129564021713
303.7,0.029819668190221076
303.75,0.009244610831709991
303.8,0.002875891406578172
303.85,0.03993329447847116
303.90000000000003,0.04576632748397718
303.95,-0.01645922290924682
304.0,-0.03159960383112681
304.05,-0.0121538758167462
304.1,-0.010853041990727027
304.15000000000003,0.0692835792209976
304.2,0.0896480343460419
304.25,0.04152803377083353
304.3,0.005589843719390513
304.35,-0.04550700547160345
304.40000000000003,-0.006830195357613633
304.45,-0.016489503213966025
304.5,-0.03584517196631683
304.55,0.005885611518855616
304.6,-0.013023828803479603
304.65000000000003,0.02873866565038266
304.7,0.10294958278808844
304.75,0.039538361900468666
304.8,-0.03650766752708201
304.85,-0.04876638668117329
304.90000000000003,-0.06819477670241943
304.95,0.021734041936480136
305.0,0.049405211104103675
305.05,0.016406126259732024
305.1,0.06274781043038444
305.15000000000003,0.004962581500315046
305.2,-0.013525823249648159
305.25,0.03828110302128517
305.3,0.021984937803507895
305.35,0.015067291989885748
305.40000000000003,0.032171110622553956
305.45,-0.034150810192350105
305.5,-0.07010982163554816
305.55,0.05554591824017696
305.6,0.04925817641405571
305.65000000000003,0.0008318304022743117
305.7,0.015103639087534919
305.75,-0.06938638416177527
305.8,-0.008039058747624847
305.85,0.04837860304666869
305.90000000000003,-0.030198168035909065
305.95,-0.12015100561911525
306.0,-0.15480703404127744
306.05,-0.028902292415034586
306.1,0.03937376003073682
306.15000000000003,0.029636258502914976
306.2,0.05020017853453279
306.25,0.04211177191555627
306.3,-0.00029533513423926904
306.35,0.039540281853205246
306.40000000000003,0.04838714022224512
306.45,-0.01873527896615977
306.5,0.005464784381675799
306.55,-0.02657906952810206
306.6,-0.07612255566307352
306.65000000000003,-0.033656390051490806
306.7,0.0008426966034450036
306.75,-0.004479048013343494
306.8,-0.0009261514619567418
306.85,0.009215191572756508
306.90000000000003,0.008415110683233376
306.95,0.035648410329242916
307.0,0.04454387690046674
307.05,0.001064875664874257
307.1,-0.034403964811563444
307.15000000000003,-0.022300089445803757
307.20000000000005,0.002310592492029228
307.25,0.0062683863760178565
307.3,-0.007993266105676767
307.35,-0.013633144226466476
307.40000000000003,-0.009265747789689943
307.45000000000005,0.009815975747719386
307.5,0.024359921007949814
307.55,0.02972916700958778
307.6,0.006942363206022901
307.65000000000003,-0.056583083005171106
307.70000000000005,-0.044039379168971875
307.75,-0.029601511865491554
307.8,-0.03429997632684124
307.85,0.03225738997014874
307.90000000000003,0.03843250279305559
307.95000000000005,-0.037093159769578145
308.0,-0.022512051182230847
308.05,0.03026387159000791
308.1,-0.00511412331803948
308.15000000000003,-0.007260214807923553
308.20000000000005,-0.02071428633742535
308.25,-0.01571712770537567
308.3,0.029982383424633177
308.35,-0.02238561688686474
308.40000000000003,-0.05071427397165608
308.45000000000005,-0.08905148710162503
308.5,-0.06451194814126683
308.55,0.03076443727543279
308.6,0.034445856486612976
308.65000000000003,0.077872244264806
308.70000000000005,0.06984926564023576
308.75,0.040142066766014874
308.8,0.046758516059752564
308.85,-0.0078446130885085
308.90000000000003,-0.010395341235577565
308.95000000000005,-0.00047378912857667867
309.0,-0.013628403538726803
309.05,-0.02364852539383168
309.1,-0.036212441774630705
309.15000000000003,-0.029462602204002566
309.20000000000005,-0.03750220491839219
309.25,0.009566751536275547
309.3,0.058477584602633026
309.35,0.033198847690981005
309.40000000000003,0.06806958585249921
309.45000000000005,0.06626424632863602
309.5,-0.002827620544164197
309.55,-0.028232952343817
309.6,-0.0170731000836715
309.65000000000003,0.027779261378584705
309.70000000000005,0.043089760790683884
309.75,-0.01673232652868325
309.8,-0.07308500331198133
309.85,-0.002711118987242218
309.90000000000003,0.04509985322929061
309.95000000000005,0.0279267155490328
310.0,0.011155918558987296
310.05,-0.013495189607032092
310.1,0.04197518016766237
310.15000000000003,0.03130018585685383
310.20000000000005,-0.08016538876698147
310.25,-0.10675626119777794
310.3,-0.056028931591075665
310.35,-0.01847299519646197
310.40000000000003,-0.013096209253303404
310.45000000000005,-0.04127458387472375
310.5,-0.007127653666202111
310.55,0.06980579992277916
310.6,0.059313775973769405
310.65000000000003,0.018978706069372724
310.70000000000005,0.004195389862048379
310.75,-0.0006224620791188795
310.8,-0.003080672865492514
310.85,0.022202691909503133
310.90000000000003,0.005420365878364416
310.95000000000005,-0.02537878966767708
311.0,-0.021179042935619508
311.05,-0.10422349124518275
311.1,-0.11494362393118533
311.15000000000003,-0.019569017669417585
311.20000000000005,0.021965766420251595
311.25,0.049260998588063626
311.3,0.02456999293230854
311.35,-0.009076400152250391
311.40000000000003,0.020692942428024306
311.45000000000005,0.015450105640643466
311.5,-0.009212325925786457
311.55,0.01090803175317467
311.6,0.04977739498687724
311.65000000000003,0.058573108322408356
311.70000000000005,-0.012547907030883926
311.75,-0.05982255551477821
311.8,-0.0550969728809892
311.85,-0.026526195021995585
311.90000000000003,0.052639107561324214
311.95000000000005,0.05053314659806276
312.0,0.024301248442372397
312.05,0.05212301228598587
312.1,0.06295112153628761
312.15000000000003,0.03216343760364249
312.20000000000005,0.013836045109399083
312.25,0.014913748356575983
312.3,-0.01320341804283157
312.35,0.013475651880973041
312.40000000000003,0.010840161978885156
312.45000000000005,-0.03552819630340185
312.5,-0.023716412523910293
312.55,0.01388094291257
312.6,0.008835376989350796
312.65000000000003,-0.017787143121027995
312.70000000000005,-0.00956574372404429
312.75,-0.02107002089393521
312.8,-0.010834697524336948
312.85,0.00917740516092322
312.90000000000003,-0.0031458378250880195
312.95000000000005,0.015432793226068919
313.0,0.04406181901045373
313.05,0.005621566018642466
313.1,-0.007947713418350773
313.15000000000003,0.05321198098004314
313.20000000000005,0.06356440488577958
313.25,0.02929790252762949
313.3,0.0014318794905886568
313.35,-0.021561686444038365
313.40000000000003,-0.04441272113938179
313.45000000000005,-0.024449458084460432
313.5,-0.00568153238703947
313.55,-0.051659756451304155
313.6,-0.06091781541401171
313.65000000000003,-0.04737226803898082
313.70000000000005,-0.07548556767662512
313.75,-0.06300999099772844
313.8,-0.030903192531337637
313.85,0.02948819246279987
313.90000000000003,0.08511048367647264
313.95000000000005,0.03426220894803455
314.0,0.033872345280799784
314.05,0.039253959765583914
314.1,-0.029479641036507426
314.15000000000003,0.009908657779392382
314.20000000000005,0.07630880376198351
314.25,0.02106146232084923
314.3,-0.021751135319652285
314.35,-0.027167790256343142
314.40000000000003,0.008108246353182804
314.45000000000005,0.06457474843769224
314.5,0.014946045287107962
314.55,-0.011858922260813103
314.6,-0.011341345827356615
314.65000000000003,0.010963180026966479
314.70000000000005,0.013031481734842244
314.75,-0.01150392594916856
314.8,0.028562062568938316
314.85,0.012010508131330038
314.90000000000003,0.03882094395677327
314.95000000000005,0.011808419992316514
315.0,-0.04475611050256006
315.05,0.016877774667076875
315.1,0.0036162225578347438
315.15000000000003,-0.04351759051435461
315.20000000000005,-0.07255492523193961
315.25,-0.06932080631411307
315.3,-0.03683404429327666
315.35,-0.038483849105774785
315.40000000000003,-0.03732506035531789
315.45000000000005,0.023272775898447628
315.5,0.05086125584788288
315.55,0.016495944012688283
315.6,0.012760500649467954
315.65000000000003,-0.015405219915900051
315.70000000000005,0.0008428099978803793
315.75,0.042996054467846795
315.8,0.01248467044923635
315.85,-0.01896391829247749
315.90000000000003,0.006955366219351779
315.95000000000005,0.029142076109901723
316.0,-0.02197065712987777
316.05,-0.00498797702500963
316.1,0.047662549472911216
316.15000000000003,0.06557887492799308
316.20000000000005,0.03891455312396734
316.25,-0.031382632451455804
316.3,-0.034153909079418406
316.35,-0.05379406028968652
316.40000000000003,-0.05448271662905635
316.45000000000005,-0.0065471757385738025
316.5,-0.02545916711763695
316.55,-0.033259609365080135
316.6,-0.04465424808334877
316.65000000000003,-0.06654808667918868
316.70000000000005,-0.011895733469087795
316.75,0.013442711610649818
316.8,0.0017198230028167252
316.85,-0.00935149790533482
316.90000000000003,-0.021656162656294612
316.95000000000005,-0.01982430986035181
317.0,-0.0032809145338852136
317.05,-0.010081464316058554
317.1,-0.028749490218592234
317.15000000000003,0.022121830372079803
317.20000000000005,0.043227528673303026
317.25,0.05019410630740879
317.3,0.015942641757975957
317.35,-0.004176280065972964
317.40000000000003,0.08465323219761864
317.45000000000005,0.03142485139043516
317.5,0.010302105392575606
317.55,0.06764193258272568
317.6,0.022834368456645698
317.65000000000003,0.04985620919601924
317.70000000000005,0.032967198737118925
317.75,-0.0040103359090458745
317.8,0.045466229427335775
317.85,0.025337738144003055
317.90000000000003,-0.03242416568718672
317.95000000000005,-0.051876180075887124
318.0,-0.07311272159398975
318.05,-0.07694447190745633
318.1,-0.06478943871748048
318.15000000000003,-0.06484676992417544
318.20000000000005,-0.019440593840454237
318.25,0.03276795842978032
318.3,0.021166521361386345
318.35,-0.0027381336136038745
318.40000000000003,0.02785956341034263
318.45000000000005,0.03758766596044737
318.5,0.03434072489725127
318.55,0.021396619366437747
318.6,-0.01021905530197552
318.65000000000003,0.0012713248399414804
318.70000000000005,-0.021899438725308515
318.75,-0.018217384169221185
318.8,0.010368931374488766
318.85,0.02456116968094729
318.90000000000003,0.036142775496374464
318.95000000000005,-0.010566700757277288
319.0,-0.04665470756904544
319.05,-0.05065247021967714
319.1,-0.04712060343794789
319.15000000000003,-0.04134382383547739
319.20000000000005,-0.05041516018449237
319.25,-0.036917518673539526
319.3,-0.011084797303274918
319.35,-0.010467508654931105
319.40000000000003,0.04796544480936403
319.45000000000005,0.08582605140559386
319.5,0.04665248884140556
319.55,0.04486247048980024
319.6,0.020961780518548332
319.65000000000003,-0.023785821248002163
319.70000000000005,-0.03402889857830508
319.75,0.003993035662419641
319.8,0.0464495741326703
319.85,0.08228024260099709
319.90000000000003,0.08818644022401192
319.95000000000005,0.015910947993602254
320.0,0.01926220486818905
320.05,0.02620142193224885
320.1,-0.024146746554395516
320.15000000000003,-0.023325409777948624
320.20000000000005,-0.015313336046999974
320.25,0.015173205170576241
320.3,-0.002590282553867471
320.35,-0.09217623952084188
320.40000000000003,-0.059569817707257076
320.45000000000005,-0.012637624363859151
320.5,-0.03844428594967399
320.55,-0.02830059218709703
320.6,-0.06690961033722458
320.65000000000003,-0.06222622386306762
320.70000000000005,0.010736038570943181
320.75,0.026341319963239542
320.8,0.014530308482456447
320.85,0.02493138119827438
320.90000000000003,0.05386142835026251
320.95000000000005,0.03650840245684181
321.0,-0.01881702398989415
321.05,-0.03489623439173724
321.1,0.006402928842264565
321.15000000000003,0.006388252186337467
321.20000000000005,-0.021752784262408342
321.25,-0.010423695452286186
321.3,0.0006336200620040245
321.35,0.02719595156689493
321.40000000000003,0.05423549258752825
321.45000000000005,0.018554588620496935
321.5,-0.007704263769675077
321.55,-0.011524203822764782
321.6,-0.007953570762728804
321.65000000000003,0.041517230881533085
321.70000000000005,0.03482602184792214
321.75,-0.000949274846054122
321.8,-0.026799516139549475
321.85,-0.015501667929152838
321.90000000000003,0.015239750383520346
321.95000000000005,0.028831441124802175
322.0,0.031547517261097016
322.05,-0.019969305289752184
322.1,-0.006223106567334867
322.15000000000003,-0.013555256895878609
322.20000000000005,-0.06507776306490332
322.25,-0.06347669687368135
322.3,-0.025084772159821998
322.35,-0.001603901451700237
322.40000000000003,-0.01834236110553703
322.45000000000005,0.014439599463690193
322.5,-0.0012781813883347177
322.55,-0.02186372693022042
322.6,-0.011301008358857325
322.65000000000003,0.00333459880005808
322.70000000000005,0.012652584012607309
322.75,-0.02628193123792347
322.8,0.015517058965549073
322.85,0.015589167068790374
322.90000000000003,-0.018187877783505918
322.95000000000005,0.03800841904881169
323.0,0.029932071799777284
323.05,-0.003224984506772558
323.1,0.01881678557971845
323.15000000000003,-0.020586195553732544
323.20000000000005,-0.03802991522601587
323.25,0.0010012496698811456
323.3,-0.00912076705066158
323.35,0.06662412855176972
323.40000000000003,0.07379341163796353
323.45000000000005,-0.0016868387407233973
323.5,-0.005232815293377939
323.55,-0.032832713004867946
323.6,0.012515856718359164
323.65000000000003,0.03957818592965669
323.70000000000005,-0.0314819037109076
323.75,-0.0599591537303732
323.8,-0.006627223710365872
323.85,0.04703641865850966
323.90000000000003,0.052503313518321465
323.95000000000005,0.02483196114220547
324.0,-0.018504757525903907
324.05,-0.027490380461441755
324.1,-0.024097229619097188
324.15000000000003,0.00016319820530430725
324.20000000000005,0.039039532671356625
324.25,0.03934479822825
324.3,0.03702778760559656
324.35,0.035624354531635385
324.40000000000003,-0.008703481784379016
324.45000000000005,-0.005067331279106823
324.5,0.02156258949715381
324.55,0.004375867806186135
324.6,-0.0042068990431141685
324.65000000000003,-0.018670014321135655
324.70000000000005,0.030406351369235356
324.75,0.09348815745686528
324.8,0.06347157583523752
324.85,0.029287885150068898
324.90000000000003,0.004964777032313779
324.95000000000005,-0.014994969048713455
325.0,0.005907575306815173
325.05,-0.024994707492020308
325.1,-0.0870114786309354
325.15000000000003,-0.06879349351683986
325.20000000000005,-0.04244822434542897
325.25,-0.04426443383984349
325.3,-0.043693950717581545
325.35,-0.04709537824545671
325.40000000000003,-0.031679989189491276
325.45000000000005,-0.03446277132436208
325.5,-0.06737469281555573
325.55,-0.02002039122981686
325.6,0.013604855535412545
325.65000000000003,-0.03169880520113883
325.70000000000005,-0.01922292975777893
325.75,-0.012703500438595812
325.8,0.007207104925128064
325.85,0.048955286642636105
325.90000000000003,0.01307715780608997
325.95000000000005,-0.011698920253667353
326.0,0.021102726153183392
326.05,0.040608200004083404
326.1,0.013067120105253086
326.15000000000003,0.05407041794755116
326.20000000000005,0.11074029581505099
326.25,0.08905215182228665
326.3,0.06317554007187579
326.35,-0.00476887698278063
326.40000000000003,-0.033138419210694915
326.45000000000005,0.02799042393216653
326.5,0.025581114991268174
326.55,-0.047234723283485575
326.6,-0.05065190572259694
326.65000000000003,0.006890342250987713
326.70000000000005,0.011023978033027456
326.75,-0.014302151713997912
326.8,-0.008690543119998452
326.85,-0.00992130016270531
326.90000000000003,-0.002254704173690784
326.95000000000005,0.005055414133795434
327.0,-0.03010692396016618
327.05,-0.038831137836702556
327.1,-0.010363437611924271
327.15000000000003,0.013530611984374247
327.20000000000005,-0.0024434303417400984
327.25,-0.01864531152282069
327.3,-0.01817332777585877
327.35,-0.0013357283725670438
327.40000000000003,0.03372088456182051
327.45000000000005,0.010697145319098562
327.5,0.00019346890194437807
327.55,0.03238467631747587
327.6,-0.0005831628181292163
327.65000000000003,-0.0514295805077315
327.70000000000005,-0.017662494027368598
327.75,0.04878950876273991
327.8,0.04329594465389297
327.85,0.01078507652078424
327.90000000000003,-0.02560906861102747
327.95000000000005,-0.060959780645429965
328.0,-0.000827420641506815
328.05,0.010774706656539543
328.1,-0.035348570466430855
328.15000000000003,-0.012565632826834382
328.20000000000005,-0.02753255914086913
328.25,-0.054060579904203904
328.3,-0.021300639946171544
328.35,0.011608376481964165
328.40000000000003,0.03283798498475563
328.45000000000005,0.024429976167908107
328.5,0.0009200519863412647
328.55,-0.0005973811647599492
328.6,-0.020788069056601292
328.65000000000003,-0.00043176881090927204
328.70000000000005,-0.006545814806908204
328.75,-0.026563522658401367
328.8,0.021285323210442676
328.85,-0.003790675924978499
328.90000000000003,0.010829965057001546
328.95000000000005,0.06430664885851851
329.0,0.04422604114828693
329.05,0.017374474168351223
329.1,-0.03955772117739469
329.15000000000003,-0.0575667704068397
329.20000000000005,-0.015684601742375237
329.25,0.004764681182148238
329.3,-0.0009050242763084625
329.35,-0.013317433266231624
329.40000000000003,-0.010876450401478985
329.45000000000005,-0.02596027618806091
329.5,-0.021706074032590207
329.55,-0.007432401896649878
329.6,-0.023343847030127485
329.65000000000003,0.027968382342997988
329.70000000000005,0.020977226376839093
329.75,-0.03604992017466529
329.8,-0.005942104197514
329.85,-0.01717750901423943
329.90000000000003,-0.012631571362988698
329.95000000000005,0.000608545298133127
330.0,-0.014530482345252614
330.05,0.001120373230839234
330.1,0.01784367079239619
330.15000000000003,0.041419706329176034
330.20000000000005,0.02358228799786311
330.25,0.017561348797776433
330.3,0.022669127866263485
330.35,0.004635322678223677
330.40000000000003,-0.017352933895216482
330.45000000000005,-0.04699211623828092
330.5,-0.020554854327928654
330.55,0.027348947029813928
330.6,0.040416320072138245
330.65000000000003,0.02437734808076236
330.70000000000005,0.0077829893725068055
330.75,-0.0014712850762536448
330.8,0.0019793758845293415
330.85,0.005445561703303981
330.90000000000003,-0.006467627037696957
330.95000000000005,0.0111781408795028
331.0,0.024644585770614905
331.05,0.007154500966651498
331.1,-0.011680543531339163
331.15000000000003,-0.004577147054877088
331.20000000000005,0.026529973791201613
331.25,0.018583245316593253
331.3,0.001768333787110138
331.35,-0.016215145446856274
331.40000000000003,-0.037251423381801915
331.45000000000005,-0.011508718439012924
331.5,0.03400422676558381
331.55,0.03597357024084117
331.6,-0.020096336111555438
331.65000000000003,-0.01772915393221308
331.70000000000005,-0.010240494017760863
331.75,-0.039538890050800225
331.8,-0.007066737538383357
331.85,0.005713429100372743
331.90000000000003,-0.02655179309619169
331.95000000000005,-0.029757840787501957
332.0,0.004177640811802673
332.05,-0.00534746852962996
332.1,-0.013615215799214021
332.15000000000003,0.02331356444324251
332.20000000000005,0.02676136967979748
332.25,0.015044312180122974
332.3,0.011083888297012269
332.35,0.00038846832304446834
332.40000000000003,3.48636266481532e-05
332.45000000000005,-0.009862479171735177
332.5,-0.020181543761186076
332.55,0.01054700958629762
332.6,-0.0029343937478017433
332.65000000000003,-0.026039029882061245
332.70000000000005,-0.009071673452777587
332.75,0.006855999055957569
332.8,0.05362605320665304
332.85,0.05610641321376767
332.90000000000003,0.009222868151001314
332.95000000000005,-0.018348924949582967
333.0,-0.022471029043133365
333.05,-0.01632333853428204
333.1,-0.003866612997830108
333.15000000000003,0.03037220021919631
333.20000000000005,0.048484385073996626
333.25,0.05427634166881147
333.3,0.023698972992204314
333.35,-0.005757143760204203
333.40000000000003,0.0199707700901446
333.45000000000005,0.0034222157884495315
333.5,-0.01954170878151739
333.55,-0.03824191045835528
333.6,-0.02817031027630139
333.65000000000003,0.035609614361160044
333.70000000000005,0.026972717779608628
333.75,0.004923843740311565
333.8,0.01335443616360433
333.85,0.04003773041550182
333.90000000000003,0.05565754556289131
333.95000000000005,0.01336216257837105
334.0,-0.034425889589132716
334.05,-0.021272188266580797
334.1,0.005053538294927869
334.15000000000003,-0.03386207441255714
334.20000000000005,-0.03587876426321393
334.25,-0.015790135584496837
334.3,0.001728917530507437
334.35,0.005076674415489713
334.40000000000003,-0.03954056895568199
334.45000000000005,-0.038468410928377765
334.5,-0.0010405825978342155
334.55,0.013672302530956772
334.6,-0.02361752887880145
334.65000000000003,-0.022897491935212292
334.70000000000005,0.019366038482598644
334.75,-0.02525866976850819
334.8,-0.0661536280954206
334.85,-0.04471236643949386
334.90000000000003,-0.019748701369075604
334.95000000000005,0.004206528765095689
335.0,0.008850694253695454
335.05,0.003065721954259556
335.1,-0.00016035334549879325
335.15000000000003,-0.003751761265111887
335.20000000000005,-0.002047735007255523
335.25,-0.007569315392069582
335.3,0.015847978041698723
335.35,0.02057837039685908
335.40000000000003,-0.025271222157690575
335.45000000000005,-0.019322690509519756
335.5,0.0011692349051739854
335.55,0.027558504632944552
335.6,0.014890476874460094
335.65000000000003,-0.011475341205292972
335.70000000000005,0.017448890835339226
335.75,0.028644675505171857
335.8,0.035367605878432726
335.85,0.006607186327789764
335.90000000000003,0.00012786091102606856
335.95000000000005,0.0087708500903996
336.0,-0.0024175770638354315
336.05,0.01271753952226292
336.1,-0.006545899926465319
336.15000000000003,-0.03270741061843815
336.20000000000005,-0.0179454966720058
336.25,-0.000719355034064213
336.3,0.008771975137866555
336.35,0.029732418430443188
336.40000000000003,0.004191530740600352
336.45000000000005,-0.02435290578959367
336.5,0.025892727137724007
336.55,0.03847601950352609
336.6,0.011167619885275077
336.65000000000003,0.009543062095764637
336.70000000000005,-0.012484251213664747
336.75,-0.04214878532499963
336.8,-0.05192255220583409
336.85,-0.00461600081842101
336.90000000000003,0.01568895052107623
336.95000000000005,0.020075778390220973
337.0,0.04373612562877825
337.05,-0.017070855191758046
337.1,-0.018969466351090047
337.15000000000003,0.011739426615662713
337.20000000000005,-0.010589403950613798
337.25,0.017959996727929063
337.3,0.03064903782171012
337.35,0.018165179090892426
337.40000000000003,0.02980577411460165
337.45000000000005,0.013213012192654772
337.5,-0.010361046529810968
337.55,0.0071961624694159305
337.6,-0.004464518155921434
337.65000000000003,-0.014559041095154596
337.70000000000005,0.01263178642494356
337.75,-0.015517453742900589
337.8,-0.012260890452782282
337.85,0.03489987733800599
337.90000000000003,0.01764593091389736
337.95000000000005,-0.004385997482356136
338.0,-0.00012218945757612606
338.05,-0.017861901020749187
338.1,-0.03845731554137687
338.15000000000003,-0.03337492129708659
338.20000000000005,-0.028293284224975068
338.25,-0.020607013881976423
338.3,-0.004488110831054115
338.35,0.02071768852850557
338.40000000000003,0.014154477241401446
338.45000000000005,-0.009757261157955045
338.5,0.011473815443042336
338.55,0.01428864751378395
338.6,-0.006711532100580911
338.65000000000003,0.0023861071079448438
338.70000000000005,-0.000545543905049721
338.75,0.0006814744112149709
338.8,0.02001985092688432
338.85,0.007326783286552102
338.90000000000003,-0.006425707950447978
338.95000000000005,0.0012323262580614073
339.0,-0.00018732746654126235
339.05,-0.022351085023729587
339.1,-0.02694476772814064
339.15000000000003,-0.03041371548428548
339.20000000000005,-0.04770805219691163
339.25,-0.011118580427665701
339.3,0.02052043956421344
339.35,0.009115343904775388
339.40000000000003,0.028799726377009997
339.45000000000005,0.004328091295111378
339.5,-0.010966811313326228
339.55,0.030305589615622578
339.6,0.018121268434102687
339.65000000000003,0.021714938946626825
339.70000000000005,0.004555163991964219
339.75,-0.01574352988197497
339.8,0.014301957715437512
339.85,0.031709246563726645
339.90000000000003,0.034254398671108105
339.95000000000005,0.02922263692261821
340.0,0.04963263486206691
340.05,0.022086947533671186
340.1,-0.010454494763637613
340.15000000000003,-0.006768485190599862
340.20000000000005,-0.026689263172032397
340.25,-0.042861136495024516
340.3,-0.04630434119837349
340.35,-0.02518495865321989
340.40000000000003,-0.001912774988135079
340.45000000000005,0.03935698812435127
340.5,0.04707931906553169
340.55,0.021018022510139272
340.6,0.006887431739473061
340.65000000000003,-0.02307348197585375
340.70000000000005,-0.012561537854049247
340.75,-0.013666752389896794
340.8,-0.037609939939024596
340.85,-0.04080563450551056
340.90000000000003,-0.0366147406064738
340.95000000000005,-0.007135675806969551
341.0,0.021206660259493564
341.05,0.046036897303184054
341.1,0.015821811381698452
341.15000000000003,-0.015444778305173554
341.20000000000005,0.008550717844254707
341.25,-0.008811786267579197
341.3,-0.015830159465928497
341.35,-0.003322038084407858
341.40000000000003,-0.025551488610485902
341.45000000000005,-0.02264963827386635
341.5,0.004536212306131817
341.55,0.021681310306016752
341.6,0.0358529164445142
341.65000000000003,0.017271702929529006
341.70000000000005,-0.012879184630616942
341.75,-0.03705475634776802
341.8,-0.05287271826262202
341.85,-0.02933665353997175
341.90000000000003,0.01016755035658231
341.95000000000005,0.003880742155655133
342.0,-0.04299991051790769
342.05,-0.0566892383609325
342.1,-0.02507504767383655
342.15000000000003,0.04291466179099568
342.20000000000005,0.04175237270863563
342.25,-0.0032430291796876356
342.3,-0.005245013713601663
342.35,-0.02575922401150709
342.40000000000003,-0.025924603654789734
342.45000000000005,-0.007430857480082107
342.5,-0.028086703952243372
342.55,-0.005110845861504212
342.6,0.03270725437995726
342.65000000000003,0.023600219617160505
342.70000000000005,0.0661741559077857
342.75,0.062326919249240005
342.8,0.022151906687745294
342.85,0.038067247083278036
342.90000000000003,0.007579657976871814
342.95000000000005,-0.020690880384708992
343.0,-0.017373486630683454
343.05,-0.015989514035831046
343.1,0.02233432185147132
343.15000000000003,0.015921079341987217
343.20000000000005,-0.0026434357774193337
343.25,0.028746129733622398
343.3,0.018126338964487766
343.35,0.00664277122642027
343.40000000000003,-0.024994277818066474
343.45000000000005,-0.04103993025911843
343.5,0.028232239230869254
343.55,0.02112791183876967
343.6,-0.005185449430954589
343.65000000000003,-0.003811513153631818
343.70000000000005,-0.04396401192619408
343.75,-0.018548791391017942
343.8,0.0034004742779564045
343.85,-0.013263727312560664
343.90000000000003,-0.006115943394742817
343.95000000000005,-0.021647585938720928
344.0,-0.033052682154100906
344.05,-0.015225728141316052
344.1,0.017200790212393506
344.15000000000003,0.03556834611506413
344.20000000000005,0.008001017994770035
344.25,-0.010192792906177356
344.3,0.009396066842793666
344.35,0.027768854226829263
344.40000000000003,0.03317984753384804
344.45000000000005,-0.006192519833130934
344.5,-0.025726664207078385
344.55,-0.0012206923288471648
344.6,0.011251111623303545
344.65000000000003,0.010253378741125216
344.70000000000005,-0.025549815284665295
344.75,-0.03262399541614234
344.8,-0.005324820505454571
344.85,-0.0010965148699549213
344.90000000000003,0.012854113078655765
344.95000000000005,-0.00015843532950538146
345.0,-0.025761572492681482
345.05,-0.02239336917552033
345.1,-0.02508103265104472
345.15000000000003,-0.0001346019280597262
345.20000000000005,0.0035999683318064333
345.25,0.027919624615902063
345.3,0.02353642681797605
345.35,-0.028747606944240806
345.40000000000003,0.04498655785261459
345.45000000000005,0.061742299151675374
345.5,0.005884985171216206
345.55,0.013358971984970793
345.6,-0.0068703998778056425
345.65000000000003,-0.03692575083770831
345.70000000000005,0.014055722414661579
345.75,0.03149686697361894
345.8,0.012477058038920715
345.85,0.0327288172773317
345.90000000000003,-0.00013737328441277912
345.95000000000005,-0.04653475489317189
346.0,-0.04581069048398362
346.05,-0.03165411143328829
346.1,-0.02872816168972156
346.15000000000003,0.012438955902579681
346.20000000000005,0.011866170645898289
346.25,-0.0035016757059158432
346.3,0.03303508233838073
346.35,0.02182333987786255
346.40000000000003,0.001829864718679127
346.45000000000005,0.038362621396815594
346.5,0.05808899821444104
346.55,-0.0017904350704607758
346.6,-0.012155573284233397
346.65000000000003,-0.011974660742175222
346.70000000000005,-0.020753404418020788
346.75,0.03267147072190592
346.8,0.02751277129015599
346.85,0.002171876072190863
346.90000000000003,0.017863310037556365
346.95000000000005,0.01740747238413996
347.0,-0.015140624920645425
347.05,-0.03146043285700908
347.1,-0.013316042578816006
347.15000000000003,-0.0059761586275903986
347.20000000000005,-0.02248240565848436
347.25,-0.050519085672007615
347.3,-0.047281750030880074
347.35,-0.013736686428524497
347.40000000000003,0.014331514755311147
347.45000000000005,0.011352438812618494
347.5,0.0022105034328961724
347.55,0.016122857263700413
347.6,0.027219056104598998
347.65000000000003,0.014534710192993879
347.70000000000005,-0.00378470080667796
347.75,0.011021754860040985
347.8,0.012624998162470176
347.85,-0.0018938365529633028
347.90000000000003,-0.018637692667163606
347.95000000000005,-0.04371416350044505
348.0,-0.03479107622056527
348.05,-0.007204936247477942
348.1,0.019323987266001978
348.15000000000003,0.01988062497146216
348.20000000000005,-0.006165267036951087
348.25,-0.02444486795950747
348.3,-0.030052835037902754
348.35,-0.015784638816749203
348.40000000000003,-0.0050641047052831295
348.45000000000005,-0.007759017266530168
348.5,-0.005202301101061761
348.55,-0.0022212597629094905
348.6,0.020062535553487137
348.65000000000003,0.035272334351339814
348.70000000000005,0.036380223165347385
348.75,0.01521308708531105
348.8,-0.004161297513877584
348.85,0.026920182821378806
348.90000000000003,0.015630248203595615
348.95000000000005,-0.00019903539459799327
349.0,0.012885199731823687
349.05,-0.006873231526911583
349.1,-0.007390780329230323
349.15000000000003,-0.002876112424674476
349.20000000000005,-0.014690366540455222
349.25,-0.028214664520283695
349.3,-0.02467350623983603
349.35,-0.012399976727051943
349.40000000000003,-0.005222774140834621
349.45000000000005,0.02307018876550036
349.5,0.011384480570290014
349.55,-0.005239362864819668
349.6,-0.017206055054517496
349.65000000000003,-0.028825200475762317
349.70000000000005,0.02310815106798299
349.75,0.028230802313540304
349.8,-0.020996613245078382
349.85,-0.024572258459478382
349.90000000000003,-0.013220453334058177
349.95000000000005,-0.006000798849105712
350.0,0.025288624039962935
350.05,0.0034765335638412332
350.1,-0.018462996758417727
350.15000000000003,0.0014108969257328788
350.20000000000005,-0.005627630733564007
350.25,0.032990299125866034
350.3,0.05488731644174493
350.35,0.03299290623343057
350.40000000000003,0.025637860408019388
350.45000000000005,-0.007513607130435164
350.5,-0.012973130868963463
350.55,0.0066713025225906344
350.6,0.010067442696595248
350.65000000000003,0.02707515272035643
350.70000000000005,0.025582214005652526
350.75,0.00427622830891458
350.8,-0.006004818375222316
350.85,-0.004068184282173511
350.90000000000003,0.02327176134841116
350.95000000000005,0.05758091471967142
351.0,0.04030096150550345
351.05,-0.01635386003978793
351.1,-0.04252124140714236
351.15000000000003,-0.020283704371207183
351.20000000000005,0.002032426821167135
351.25,-0.007858480318857917
351.3,0.0006958572130377128
351.35,0.0020322948338055862
351.40000000000003,-0.019972206233319658
351.45000000000005,-0.027990979719309306
351.5,-0.04340771566752184
351.55,-0.03405282903254806
351.6,-0.0021264719570146537
351.65000000000003,0.02016646741434883
351.70000000000005,0.017671422976061002
351.75,-0.00638885635349022
351.8,-0.020723983916961456
351.85,-0.02856783747370949
351.90000000000003,-0.011778007917113205
351.95000000000005,0.01580066379343346
352.0,0.021856988804897517
352.05,-0.0030593768641892106
352.1,-0.027430824657232847
352.15000000000003,-0.017073093381387336
352.20000000000005,-0.01897845585625797
352.25,-0.02697359199560292
352.3,0.0007540159571678445
352.35,-0.0028290652128757712
352.40000000000003,-0.04836676756705819
352.45000000000005,-0.03316014948772389
352.5,0.01906647953423999
352.55,0.02007436374440371
352.6,0.008382174535357407
352.65000000000003,-0.01220691662844314
352.70000000000005,-0.03424295774178184
352.75,0.0013880031197672242
352.8,0.005571518178451694
352.85,-0.019161006547252914
352.90000000000003,0.0023160495548386418
352.95000000000005,0.01823989687388295
353.0,0.0009444612382727069
353.05,0.000619630673026504
353.1,0.0028888620998709967
353.15000000000003,0.016414817335817965
353.20000000000005,0.031312231143500666
353.25,0.008093854012285857
353.3,-0.008293621894886883
353.35,-0.008079225530849419
353.40000000000003,0.02582499960512231
353.45000000000005,-0.0011047915136298961
353.5,-0.0069853742095819385
353.55,0.03076224622857034
353.6,0.02495370944992802
353.65000000000003,0.028375463407888768
353.70000000000005,-0.0012748294019475333
353.75,0.006658909971052391
353.8,0.01111825117367389
353.85,0.02188765787999828
353.90000000000003,0.020911407166258857
353.95000000000005,-0.01878326293757796
354.0,0.0044138584220832795
354.05,-0.0015106269528205206
354.1,0.013723800270451827
354.15000000000003,0.018585722383231286
354.20000000000005,0.006158457539492737
354.25,0.017422499343231118
354.3,-0.005944728001743906
354.35,0.0055006282998640525
354.40000000000003,-0.015143636533782864
354.45000000000005,-0.01674999397875097
354.5,0.016956641528757088
354.55,-0.0027229861495516225
354.6,-0.015935526546145877
354.65000000000003,-0.0249367752049011
354.70000000000005,-0.03279112459206838
354.75,-0.051946316189890575
354.8,-0.05602358539937827
354.85,-0.028202639111177732
354.90000000000003,-0.010925784099103606
354.95000000000005,-0.006440316121156495
355.0,-0.024375584179385797
355.05,-0.019416524239449697
355.1,0.005005533859695956
355.15000000000003,-0.010686055144208782
355.20000000000005,-0.0238633991996444
355.25,-0.009022661469797895
355.3,-0.0008681301703420551
355.35,0.0023950585418006038
355.40000000000003,0.01380402724063783
355.45000000000005,0.015612794117476755
355.5,0.01790314886542692
355.55,0.04037698283435944
355.6,0.030891814290697175
355.65000000000003,0.0047942149104007944
355.70000000000005,0.005389524559906516
355.75,-0.01036174277233569
355.8,-0.019540101378256895
355.85,0.007624457321824314
355.90000000000003,0.05299490801621261
355.95000000000005,0.0334531743296627
356.0,0.014059485160124502
356.05,0.030866308776907485
356.1,0.017588737259643248
356.15000000000003,0.024778579726044518
356.20000000000005,-0.016944952498271777
356.25,-0.03186560472917686
356.3,-0.009116223467525485
356.35,-0.01634159563668121
356.40000000000003,0.014093888678420586
356.45000000000005,0.027945451441600624
356.5,0.03682732880057726
356.55,0.06048301481596072
356.6,0.05243441934923488
356.65000000000003,0.005342379685642328
356.70000000000005,-0.00414636107657418
356.75,-0.0026688473512204813
356.8,-0.01006210854775886
356.85,-0.0006887957937141409
356.90000000000003,-0.031834023520037065
356.95000000000005,-0.000894151036459546
357.0,0.012646974470380618
357.05,-0.029119371121772316
357.1,-0.013436865850590195
357.15000000000003,0.004439726359569901
357.20000000000005,0.02214398296955682
357.25,0.008880232115217934
357.3,-0.02914185271611404
357.35,-0.037633174870127496
357.40000000000003,-0.015487460482175822
357.45000000000005,0.00031193704173063005
357.5,-0.033225612491934384
357.55,-0.04618118410486888
357.6,-0.020150940734048002
357.65000000000003,-0.020742009945156764
357.70000000000005,-0.023663112640316456
357.75,0.009128105298169919
357.8,0.01110642537928641
357.85,0.002572882467357576
357.90000000000003,0.023860382108517725
357.95000000000005,0.009283176930695995
358.0,0.004719832701785899
358.05,0.02516768009895498
358.1,0.0038845582403961806
358.15000000000003,-0.022567739283576947
358.20000000000005,-0.014817191364048354
358.25,-0.014539269665453772
358.3,-0.012984521576993239
358.35,-0.0014989988979226274
358.40000000000003,-0.012644539254712752
358.45000000000005,-0.009211378143334982
358.5,-0.006579834602771127
358.55,-0.019708967809903902
358.6,0.008177871358891585
358.65000000000003,0.018507099418650235
358.70000000000005,0.040761481712683054
358.75,0.03900255606023468
358.8,0.022137155910890334
358.85,0.011389038410002276
358.90000000000003,-0.018682737170489155
358.95000000000005,-0.026380060435689103
359.0,-0.022534941636388913
359.05,0.0018394439603420644
359.1,0.01920605369201463
359.15000000000003,0.0032261833405689256
359.20000000000005,0.005691341144387862
359.25,0.01522057351855473
359.3,0.0352259840319536
359.35,-0.010336345733767125
359.40000000000003,-0.041335060897974576
359.45000000000005,0.013660955318995976
359.5,0.014459378028614366
359.55,0.007839790348363152
359.6,-0.020909984391139155
359.65000000000003,0.007241765720993706
359.70000000000005,-0.012724528406935401
359.75,-0.017227598804851335
359.8,-0.014337536345843426
359.85,0.03213032769418411
359.90000000000003,-0.06065979521933884
359.95000000000005,0.3144453368648903
