Tiempo_s,Aceleracion_g
0.0,0.36603825745430946
0.05,-0.008727430633906902
0.1,-0.05322307183531971
0.15000000000000002,0.1385228111509114
0.2,-0.08714109963286445
0.25,-0.003356767280231055
0.30000000000000004,0.07760403752121367
0.35000000000000003,-0.02853485460915974
0.4,-0.008998394139516006
0.45,-0.010479559784822677
0.5,-0.03410597487547611
0.55,-0.006559922917720969
0.6000000000000001,-0.009185946079584789
0.65,0.002013019879668335
0.7000000000000001,0.013889770862905283
0.75,-0.010395550159459326
0.8,-0.016700973321206913
0.8500000000000001,0.007084987915509798
0.9,0.023329872787502443
0.9500000000000001,0.016821906349791197
1.0,0.016900936205971988
1.05,0.0013914854762017055
1.1,-0.015132418805628519
1.1500000000000001,-0.003331621158107636
1.2000000000000002,5.232652222599743e-05
1.25,-0.006054864687448706
1.3,0.005421063062092032
1.35,0.0019331850322424908
1.4000000000000001,-0.005787493900527731
1.4500000000000002,-0.010133639634428157
1.5,-0.010703197301978974
1.55,0.0038759689010260108
1.6,0.011287594127458486
1.6500000000000001,0.0023251510200986724
1.7000000000000002,3.7619913082543595e-05
1.75,-0.002893076124488156
1.8,-0.0006999195433887391
1.85,0.0017277986854797275
1.9000000000000001,-0.005027266382378149
1.9500000000000002,-0.010026399766513915
2.0,-0.007475462341168584
2.0500000000000003,-0.0037498772269432793
2.1,0.0011470825175364297
2.15,0.0048584058716231344
2.2,0.0049788641317887045
2.25,0.004507863425744184
2.3000000000000003,0.002516228664842287
2.35,-0.0018312878014109795
2.4000000000000004,-0.0018526994805959636
2.45,-6.967589976479117e-06
2.5,-0.0031478184533293096
2.5500000000000003,-0.0069396468163951276
2.6,-0.006535359427988084
2.6500000000000004,-0.0036803686967260022
2.7,0.003280613463720735
2.75,0.007436358091701329
2.8000000000000003,0.004519133737505984
2.85,0.003689893225197254
2.9000000000000004,0.0032086586292255958
2.95,0.002260133599631426
3.0,0.003394733548970373
3.0500000000000003,0.003773984951872617
3.1,0.0037698303249094306
3.1500000000000004,0.0034499488433236535
3.2,0.0010898193560226824
3.25,-0.0003678111080272669
3.3000000000000003,-6.39878761356547e-05
3.35,0.0011558118992606994
3.4000000000000004,0.002625309543892611
3.45,0.0031359688366237276
3.5,0.0014249687234993975
3.5500000000000003,0.0014763998256214943
3.6,0.004337050015849897
3.6500000000000004,0.004455529268989083
3.7,0.003106180465842798
3.75,0.001739469178833046
3.8000000000000003,-0.002762112406508924
3.85,-0.005560426396227697
3.9000000000000004,-0.005278944389442369
3.95,-0.005761711540806625
4.0,-0.00398236811923816
4.05,-0.0034713909445836825
4.1000000000000005,-0.004505283386585863
4.15,-0.0030126701614982525
4.2,-0.0014457270791572302
4.25,0.001133562112659696
4.3,0.003279243849794812
4.3500000000000005,0.00047780961909856353
4.4,-0.002028297032947307
4.45,-0.0036673902803248054
4.5,-0.005332238543650691
4.55,-0.004049325418282529
4.6000000000000005,-0.002515717666985289
4.65,-0.0015476486879677331
4.7,0.0005910948195231669
4.75,0.0012306459735510029
4.800000000000001,0.002443596306000598
4.8500000000000005,0.0039422343184588905
4.9,0.0046893577903512115
4.95,0.005438821285733183
5.0,0.0032704304415422628
5.050000000000001,0.001140361747086491
5.1000000000000005,0.0012206740586197167
5.15,-0.0005005925811464331
5.2,-0.0003591887473909484
5.25,-0.0018503890212916692
5.300000000000001,-0.004181438853023691
5.3500000000000005,-0.0033945495610209005
5.4,-0.0039347291008316595
5.45,-0.0023600978559243373
5.5,-0.001258261555569903
5.550000000000001,-0.0006016895035584605
5.6000000000000005,0.0016272219838379303
5.65,0.0011414075255554974
5.7,0.0015630654741155563
5.75,0.0021737926473457295
5.800000000000001,0.001656887208440428
5.8500000000000005,0.0020987351376211905
5.9,0.0007525029324972998
5.95,-0.000675499038539223
6.0,-7.44786707491189e-05
6.050000000000001,-0.00010211905958275075
6.1000000000000005,0.00015583569096507067
6.15,0.000891963421563246
6.2,0.0006213994704583058
6.25,0.0008988127767412025
6.300000000000001,0.0016092674099361186
6.3500000000000005,0.001182501445230173
6.4,0.0009663460079818956
6.45,0.00036061881178100694
6.5,-0.0007726183264809567
6.550000000000001,-0.0009242201281738398
6.6000000000000005,-0.001750307746225472
6.65,-0.0015707620266864847
6.7,-0.00028186620293014
6.75,0.00016148188199822036
6.800000000000001,0.0006051808921258032
6.8500000000000005,0.001049103876838239
6.9,0.0014368382864537487
6.95,0.0013372500571812562
7.0,0.0015172878807856963
7.050000000000001,0.0014869513083621952
7.1000000000000005,-0.0005924556488273857
7.15,-0.0009207805185265473
7.2,-0.0007861259340946583
7.25,-0.002316392354276877
7.300000000000001,-0.001390915187941179
7.3500000000000005,-0.001789562051627457
7.4,-0.0025436229595930952
7.45,-0.0019678866970559796
7.5,-0.003010328244364149
7.550000000000001,-0.002444362473311834
7.6000000000000005,-0.001064084478975672
7.65,-0.00032752754502490735
7.7,0.0006448323695001485
7.75,0.0009419403401075668
7.800000000000001,0.0013498572661340387
7.8500000000000005,0.0014405215194565537
7.9,0.0016990358090654132
7.95,0.0021336460200853994
8.0,0.0011948301292610906
8.05,0.0012025458898688255
8.1,0.0011759331724581735
8.15,0.0005582029007949057
8.200000000000001,0.0014170274570082853
8.25,0.0007090530329995797
8.3,0.0010855706408959757
8.35,0.0006084013614220515
8.4,0.0002336566147021578
8.450000000000001,0.001387748092067217
8.5,0.00042304836297351846
8.55,0.0010403159555119382
8.6,0.0006701565751234621
8.65,-0.0005719696290394871
8.700000000000001,0.00025611596168861796
8.75,0.0005488965468667258
8.8,-0.0006916843847397341
8.85,0.00020012757463566515
8.9,0.0008212238209864491
8.950000000000001,-0.0002032319206782259
9.0,0.0008143489945714659
9.05,0.0002787833069681512
9.1,-0.0008102296719030119
9.15,0.0005654314117564497
9.200000000000001,-0.00010340814206797519
9.25,-0.0015154759254767016
9.3,-0.0005179858628857993
9.35,-0.0018557992080062864
9.4,-0.0015330056731260614
9.450000000000001,-0.0010533501176174947
9.5,-0.0029811678084526922
9.55,-0.0015888546339542003
9.600000000000001,-0.002373426428995429
9.65,-0.0023735864568691927
9.700000000000001,-0.0010148112804209692
9.75,-0.002018396520094673
9.8,-0.0006420624745430221
9.850000000000001,-0.0005805909973070377
9.9,-0.0013237695465541815
9.950000000000001,-8.944723506199651e-06
10.0,-0.000608344022475763
10.05,-0.0003791740122162441
10.100000000000001,0.0008076939550536723
10.15,-0.0005767500900931644
10.200000000000001,-8.982034273438394e-05
10.25,0.0010685028772105436
10.3,0.00016331126805914616
10.350000000000001,0.0011530897532740563
10.4,0.0017636786634928775
10.450000000000001,0.0006064217264148812
10.5,0.001254757334448726
10.55,0.001209495860321464
10.600000000000001,0.0008218334040919563
10.65,0.0012747370486574086
10.700000000000001,0.0007475384177935892
10.75,0.0008496751452520002
10.8,0.0007908805160749044
10.850000000000001,0.0007223763455202302
10.9,0.001228881300234832
10.950000000000001,0.0013830540616351378
11.0,0.0015745716045328963
11.05,0.0013333935389953982
11.100000000000001,0.001146765861082094
11.15,0.0009216077676466879
11.200000000000001,0.0007615405278249495
11.25,0.0007443368581449841
11.3,0.00017785923265610482
11.350000000000001,0.00015694143326506994
11.4,-0.0005457306932093311
11.450000000000001,-0.00100069073727979
11.5,-0.0002826028633286013
11.55,-0.0012441463126761575
11.600000000000001,-0.0009046828720631891
11.65,1.667430880153307e-05
11.700000000000001,-0.0014482498689508815
11.75,-0.0007489802745595062
11.8,0.0002837376243717435
11.850000000000001,-0.0010258598146856378
11.9,0.0005770827647804568
11.950000000000001,0.001205972927745387
12.0,-0.0006655084431713001
12.05,0.0006902328069959495
12.100000000000001,0.0008319397389598355
12.15,-0.0006492361798433933
12.200000000000001,0.0005912361753854109
12.25,-2.8498355907511762e-05
12.3,-0.0012326319240747688
12.350000000000001,9.048941350007529e-05
12.4,-0.0005884363314707899
12.450000000000001,-0.0008010318949804871
12.5,0.0004518601188393866
12.55,-0.0005386549994006154
12.600000000000001,-0.0006715228095004771
12.65,0.0004849999468377755
12.700000000000001,-0.0006219070735583522
12.75,-0.0003133924196616532
12.8,0.0002622410115167788
12.850000000000001,-0.0012597548727387893
12.9,-0.00026550105859842263
12.950000000000001,-0.00046841390171888054
13.0,-0.0010316093527217834
13.05,0.00039386772800387615
13.100000000000001,-0.0004190512016311861
13.15,-0.0004692410230699155
13.200000000000001,0.0004718696876902792
13.25,-0.00020519900538610366
13.3,-7.403949112401944e-05
13.350000000000001,0.0002349018834085017
13.4,-0.0005945407960447349
13.450000000000001,-0.00017514567926124936
13.5,3.5935027170818506e-07
13.55,-0.00038872700009689873
13.600000000000001,-0.00044533188659007304
13.65,-0.0005500188684250219
13.700000000000001,-6.906382654536939e-05
13.75,-0.0007246465773400126
13.8,-0.0006276786837064838
13.850000000000001,-0.00018655915798764972
13.9,-0.0005954316585471156
13.950000000000001,-0.00015577838267734722
14.0,-8.48074059193246e-06
14.05,-0.0002915067685954693
14.100000000000001,-0.0001403036137772377
14.15,0.00025676813373282326
14.200000000000001,-0.0001687346210085788
14.25,0.00016524558581532283
14.3,0.00042454426809351446
14.350000000000001,0.0001397963301186739
14.4,0.0007741771169137954
14.450000000000001,0.0005717009712878075
14.5,0.0006194329320954614
14.55,0.0014257214575469686
14.600000000000001,0.0011658152608837646
14.65,0.000987616929408463
14.700000000000001,0.0013528593926178051
14.75,0.0005088773487203203
14.8,0.0008769235934250515
14.850000000000001,0.001074391022256391
14.9,2.8652916331965102e-05
14.950000000000001,0.0007051960023727767
15.0,0.0005333100828866084
15.05,8.839608719966535e-05
15.100000000000001,0.0004678824022240334
15.15,3.293767954824991e-05
15.200000000000001,2.7882224410476047e-05
15.25,0.0003436287177108593
15.3,-2.549119899222921e-05
15.350000000000001,-3.23422083017375e-05
15.4,-9.781411943556456e-05
15.450000000000001,-5.1065714436025564e-05
15.5,0.00041514533579000725
15.55,-9.358233057571701e-05
15.600000000000001,0.00030235577871100846
15.65,-0.00010664731395063053
15.700000000000001,-0.0005621728460860944
15.75,0.000370328100750549
15.8,-0.0003896997223266119
15.850000000000001,-0.00015759142765076964
15.9,-3.399878248776537e-05
15.950000000000001,-0.0008229521882332353
16.0,-0.00040904775580543457
16.05,-0.0003444998512318756
16.1,-0.0005446412266740195
16.150000000000002,-0.00014692444913760392
16.2,-0.0003878707260462534
16.25,-0.0004937022780175383
16.3,-0.0004524477820853078
16.35,-0.0007196248364389745
16.400000000000002,-0.0004916418752105236
16.45,-0.0003613540164307775
16.5,-0.0003661505687726357
16.55,-0.0007996193972839746
16.6,-0.0004521543648258101
16.650000000000002,-0.00033369000891255487
16.7,-0.000398600916354004
16.75,3.96979684170637e-05
16.8,-0.000937548358056297
16.85,-0.0002931427478106563
16.900000000000002,-0.00041475547724637734
16.95,-0.0012649145110705006
17.0,0.0002766231805854544
17.05,-0.0009630395335133219
17.1,-0.0008459575261289289
17.150000000000002,0.00042274857624759784
17.2,-0.001189245330052348
17.25,-0.00019346606267428682
17.3,0.00019608691890922686
17.35,-0.0005063006277317766
17.400000000000002,0.0005362589085482583
17.45,0.0003220535634405903
17.5,0.00014584980939767798
17.55,0.0005742584563798817
17.6,0.00045063848085445885
17.650000000000002,0.0005501485164026765
17.7,0.0011873182702517345
17.75,0.0006024382248868519
17.8,0.00026824424358204397
17.85,0.001011175325050791
17.900000000000002,0.00041598963727582366
17.95,0.0005696548392381672
18.0,0.0012007167770091225
18.05,0.00039077010144847443
18.1,0.0005852387550907464
18.150000000000002,0.0009698223658690512
18.2,0.00045332109139745104
18.25,0.0008107473008294265
18.3,0.0009153292708591832
18.35,0.00036719190707928
18.400000000000002,0.0006410349982081147
18.45,0.0004402351418769258
18.5,0.00019499330672835698
18.55,0.0008647935044277826
18.6,0.00022245212923784142
18.650000000000002,4.3529266696061515e-06
18.7,0.0005269793676791029
18.75,-0.00017997950985249812
18.8,-3.455903696367862e-05
18.85,0.0003848201205335776
18.900000000000002,-0.0005849592716765132
18.95,-0.0002205586533670355
19.0,-9.952731435931649e-05
19.05,-0.0009746223800414573
19.1,-0.00026039782364963346
19.150000000000002,-0.0005686290199575022
19.200000000000003,-0.0008414297270774775
19.25,-0.0003056567177773671
19.3,-0.0008688054027477527
19.35,-0.00039024739326238834
19.400000000000002,-0.0006029222520909192
19.450000000000003,-0.0007939712348736567
19.5,-0.0003893987048479195
19.55,-0.0006626930079188357
19.6,0.00022325953381181396
19.650000000000002,-0.0007661635237209195
19.700000000000003,-0.0005980816829498772
19.75,0.00012708050727082537
19.8,-0.000634038467739586
19.85,0.00016980612902674816
19.900000000000002,-0.0008176552489565894
19.950000000000003,-0.00019997747147870517
20.0,2.9088540842150013e-05
20.05,-0.0009392007936859087
20.1,0.0005369061077454006
20.150000000000002,-0.0005898653354786522
20.200000000000003,-0.0002526125213370751
20.25,0.0007310070385519312
20.3,-0.0008002773887320833
20.35,0.00011553647855819618
20.400000000000002,0.000573292512645302
20.450000000000003,2.0210280713632702e-05
20.5,0.00035205039679594416
20.55,0.00035273035150811026
20.6,0.00013913528494665438
20.650000000000002,0.00031571513723413714
20.700000000000003,0.0008182762316066298
20.75,0.00041951579617988355
20.8,9.927820863250909e-05
20.85,0.0006858347598824704
20.900000000000002,0.00030109473377836783
20.950000000000003,-3.1764010154146854e-05
21.0,0.0005049739593096981
21.05,-0.0003386283888413287
21.1,-8.744348391171542e-05
21.150000000000002,0.0006296756330331772
21.200000000000003,-0.0006043346052876192
21.25,-0.00017726278012426187
21.3,0.00013576751951999624
21.35,-0.00021899340685551107
21.400000000000002,0.00023833382102250857
21.450000000000003,-0.0002911953922074732
21.5,0.00015617136593970186
21.55,4.425446814736973e-05
21.6,-0.00027913551289501006
21.650000000000002,0.0007146518100041929
21.700000000000003,-0.00038389177405222805
21.75,4.3947673102396125e-05
21.8,0.000692506087738403
21.85,-0.0007034299283257459
21.900000000000002,0.00029330615833858244
21.950000000000003,0.00017877082365639227
22.0,-0.0003450775235888216
22.05,0.0003606632958892952
22.1,0.00017250586372640788
22.150000000000002,-0.0002782833570688422
22.200000000000003,-7.670466744002613e-05
22.25,0.000603781658731156
22.3,-0.0003813237142460776
22.35,0.0001684542019264474
22.400000000000002,0.0004514442030168174
22.450000000000003,-0.000934669719377048
22.5,0.0004814575325163242
22.55,1.1170297142454056e-05
22.6,-0.0008804756830329985
22.650000000000002,0.000431257705573685
22.700000000000003,-0.00019399677028747269
22.75,-0.00024866356129655116
22.8,0.0002909697248368846
22.85,-7.18559766442902e-05
22.900000000000002,-0.00012514732403781772
22.950000000000003,0.0003432266794830844
23.0,0.00025378929902997773
23.05,-0.0006894394778967298
23.1,0.0005076779409578929
23.150000000000002,0.00017339006312945207
23.200000000000003,-0.0007476020120242309
23.25,0.0008585866359725635
23.3,-0.0004917725303465678
23.35,-0.00032348272872937783
23.400000000000002,0.0009204565761773293
23.450000000000003,-0.0010173225839492062
23.5,0.00029144240668627666
23.55,0.0004054200150639927
23.6,-0.000700775755637595
23.650000000000002,0.0004816653452283406
23.700000000000003,-0.00044208382509333774
23.75,-0.00026980480892946986
23.8,0.00042502585437733775
23.85,-0.00030466221412729676
23.900000000000002,-8.777168232432083e-05
23.950000000000003,-3.757031158693231e-05
24.0,-0.0003991154020548313
24.05,0.00025184231376931474
24.1,8.312645167923934e-05
24.150000000000002,-0.00042475055681511924
24.200000000000003,0.0004341655537680626
24.25,0.0001814883840068267
24.3,-0.0004921678560691549
24.35,0.00063386904846083
24.400000000000002,0.00027077042777678344
24.450000000000003,-0.0007254776979448212
24.5,0.0007933862052500997
24.55,-0.00024049798707460616
24.6,-0.000534614424640129
24.650000000000002,0.0007454788206957
24.700000000000003,-0.0005608728412494358
24.75,-1.2843101907359645e-05
24.8,0.00029676571727464554
24.85,-0.0004752224839552423
24.900000000000002,0.00019746963218261106
24.950000000000003,7.045210628769491e-05
25.0,-0.0002326987397612453
25.05,0.0003196696990324969
25.1,-0.0003309776040772873
25.150000000000002,-8.255144486225369e-05
25.200000000000003,0.00033641814014909177
25.25,-0.0005514050631202389
25.3,0.00019756634180114466
25.35,8.284025866169002e-05
25.400000000000002,-0.0006290503300020263
25.450000000000003,0.00040086465893672605
25.5,-0.00022864621992108988
25.55,-0.0003937171664165637
25.6,0.0005871659779592619
25.650000000000002,-0.000366594644171485
25.700000000000003,8.214120760448188e-05
25.75,0.0002593246104169665
25.8,-0.00036176880977747543
25.85,0.000389549539611325
25.900000000000002,1.2879549261373732e-05
25.950000000000003,9.018913718932522e-05
26.0,0.0005194871254907213
26.05,-0.00010182741313392845
26.1,6.1006320962637305e-05
26.150000000000002,0.00030100716362209976
26.200000000000003,0.00016225188119984178
26.25,0.00014400844776488173
26.3,0.00010042614921994553
26.35,0.00033777853437206765
26.400000000000002,-0.000108846105965195
26.450000000000003,0.00027277792749690467
26.5,0.0003034544131381742
26.55,-0.00041313459039093943
26.6,0.0003536819139589338
26.650000000000002,-0.0001625956351424908
26.700000000000003,-0.00017215968547024897
26.75,0.0003434142591715963
26.8,-0.00032385291517847046
26.85,0.00016568742462079152
26.900000000000002,-0.000111504737486459
26.950000000000003,-0.00023513584091725735
27.0,0.0002933134512014373
27.05,-0.0005270414909633104
27.1,0.00013421000275284624
27.150000000000002,0.00014499041985434317
27.200000000000003,-0.0006505958982129555
27.25,0.0005736470712482561
27.3,-0.0004134774423655171
27.35,-0.0002312419851493825
27.400000000000002,0.0007208208725046966
27.450000000000003,-0.0009071351176598429
27.5,0.00034463184008368933
27.55,0.000265219614880331
27.6,-0.0007688045253771886
27.650000000000002,0.0012252968938064768
27.700000000000003,-0.0005552875771803263
27.75,-0.0006489863635941863
27.8,0.0010959280980085968
27.85,-0.000945289283149893
27.900000000000002,0.00017214511805139677
27.950000000000003,0.0003257292465271376
28.0,-0.00046292049984327703
28.05,0.00025494324574609105
28.1,-0.00048259175664581565
28.150000000000002,8.781850817729196e-05
28.200000000000003,-7.686312809231773e-05
28.25,0.00013630385667249783
28.3,0.00037021326973564575
28.35,-0.0001689458798076297
28.400000000000002,0.00036683994591172117
28.450000000000003,-0.00047341440476107336
28.5,0.0001008812151075411
28.55,0.0004197417838603142
28.6,-0.0007390750409449657
28.650000000000002,0.00034220739816068235
28.700000000000003,-0.00019432747753513928
28.75,-0.0007337024679972456
28.8,0.0003975362128516145
28.85,-0.0004488877042703008
28.900000000000002,4.748887856785533e-05
28.950000000000003,0.0002459607619926157
29.0,-0.0003117283335024485
29.05,0.00040730380554364505
29.1,-0.00037148223364597113
29.150000000000002,0.000506712216968491
29.200000000000003,0.0002677096223878753
29.25,-0.0004877520477080372
29.3,0.0007906203533377899
29.35,-0.0007550349811331929
29.400000000000002,8.212732037572432e-05
29.450000000000003,0.0007447353414304283
29.5,-0.0008005893002412278
29.55,0.0006762453715644294
29.6,0.00010576214623269851
29.650000000000002,-0.0005933017103611445
29.700000000000003,0.0004095127857377752
29.75,6.803264151113596e-06
29.8,0.0003709230515416215
29.85,0.0004422205630365758
29.900000000000002,-0.00041853260325698066
29.950000000000003,0.00020987833568016464
30.0,0.000227623248088443
30.05,-0.0003480324783071568
30.1,0.0007024043312097996
30.150000000000002,-0.0001511920411517387
30.200000000000003,-0.0004261960658152972
30.25,0.0007249202228518492
30.3,-0.0003037607404624745
30.35,-8.625311387369933e-05
30.400000000000002,9.611314287565649e-05
30.450000000000003,7.833326935564216e-05
30.5,8.284500665186883e-05
30.55,-0.0004230167574785425
30.6,0.0003851505089821849
30.650000000000002,-0.00037262477898755946
30.700000000000003,-0.0002473049882551256
30.75,0.0007832028123213085
30.8,-0.0008742942289953247
30.85,-0.00014700281333854853
30.900000000000002,0.0006303230905599932
30.950000000000003,-0.0010189554965195234
31.0,0.0002446228496852045
31.05,0.0005026021110740391
31.1,-0.0007946838087384635
31.150000000000002,9.090420873513421e-06
31.200000000000003,-1.1022055239777625e-05
31.25,-0.00031602572646039867
31.3,-0.0001199439040979062
31.35,0.00024737895445116
31.400000000000002,6.549965747481295e-05
31.450000000000003,-0.0007601217210520911
31.5,-4.733205982870922e-05
31.55,0.0002772920510307724
31.6,-0.00039046251874553806
31.650000000000002,0.0002141996468186295
31.700000000000003,0.0002790254484227323
31.75,-0.0006537482986302241
31.8,-0.0002127845843181179
31.85,0.0006854884854625434
31.900000000000002,-0.00037894899300163756
31.950000000000003,-0.00024362242154601146
32.0,0.00047137612853231
32.050000000000004,-0.0004232476574937669
32.1,-7.34731623158226e-05
32.15,0.00028702393346432674
32.2,-0.00019314072249882318
32.25,-6.288193929404547e-05
32.300000000000004,0.0001166660138214168
32.35,5.0743833545525306e-05
32.4,-0.00014698363815008825
32.45,8.047640092431176e-06
32.5,0.0005316848778740754
32.550000000000004,5.7541610930843515e-05
32.6,-0.0002705527897446478
32.65,0.0006223431540874203
32.7,8.30187826667474e-06
32.75,-0.000280624243878156
32.800000000000004,0.0005110144560379443
32.85,0.00023965101203941597
32.9,-1.9002088213830025e-05
32.95,-4.999982619688076e-05
33.0,0.00026424661795027335
33.050000000000004,-0.0002815679490872942
33.1,-0.00014371476214184505
33.15,0.0006910273153739749
33.2,-0.00029742564768936604
33.25,-0.00022703938732060485
33.300000000000004,0.0005297821450382323
33.35,-0.00023202566793971346
33.4,6.509092970676131e-05
33.45,0.0005920865805235486
33.5,-0.00034967914201043616
33.550000000000004,-0.00043397013235126346
33.6,0.0005471279545239939
33.65,0.00019997934119639964
33.7,-0.0007015214866043987
33.75,0.0005986032704767713
33.800000000000004,1.787948392886218e-05
33.85,-0.000910419172754465
33.9,0.0005744300121661796
33.95,-6.119439280969106e-05
34.0,-0.0003796849118675815
34.050000000000004,0.000277391932204299
34.1,-8.705351776058408e-05
34.15,-0.0001969165423639177
34.2,-0.000127438680395841
34.25,0.0004208269487503222
34.300000000000004,-0.00018160155419107848
34.35,-0.0002532227238088955
34.4,0.0006559718219523428
34.45,-0.0005840815334830137
34.5,0.00012351466328007406
34.550000000000004,0.0005234951206795321
34.6,-0.0006511057294766923
34.65,0.00026212900721816476
34.7,0.0002827045398306662
34.75,-0.0005213177918544352
34.800000000000004,0.00017682936877594428
34.85,0.0003122511998782498
34.9,-0.0002975212686190825
34.95,0.0003115574008058334
35.0,4.8862427679293694e-05
35.050000000000004,-0.0002530440564333779
35.1,0.00024085366275284346
35.15,-2.120742482991645e-05
35.2,0.0002660393065439475
35.25,-8.536789471703235e-05
35.300000000000004,-0.00011473465690173146
35.35,0.0002440864610148885
35.4,-0.00031849510629289497
35.45,7.809149764304627e-05
35.5,1.88342757601234e-05
35.550000000000004,-0.00044093650960584944
35.6,7.780657315064361e-05
35.65,0.000113395290917888
35.7,-1.9233267695013932e-05
35.75,2.3261461348954553e-05
35.800000000000004,3.4551235400918066e-05
35.85,-0.00010308051762075118
35.9,-0.00012679874035074757
35.95,0.000151036312432456
36.0,0.00018742342591515648
36.050000000000004,-0.0003436417988620692
36.1,-0.00023005901298120266
36.15,0.00018298984474957172
36.2,-0.00035318948735410603
36.25,-0.00025596719174166504
36.300000000000004,0.00030200053603504146
36.35,-0.00034737292686663036
36.4,-0.0003410362555374291
36.45,0.0004920903126023114
36.5,-0.00011204214197425333
36.550000000000004,-0.0001067412746404686
36.6,0.00031663368235237667
36.65,-0.00032994952740280156
36.7,3.254731447047969e-05
36.75,0.00023095981811646353
36.800000000000004,-7.175115003883498e-05
36.85,-7.050431488248924e-05
36.9,-0.00026561117694311133
36.95,4.641676172711752e-05
37.0,1.567010098040782e-05
37.050000000000004,7.47522903922547e-05
37.1,0.00026008043205573975
37.15,-0.0005691641294620709
37.2,0.0002524744373897964
37.25,0.0005640468078853033
37.300000000000004,-0.0006439619428573371
37.35,0.0007031491123747562
37.4,0.0005649573212061004
37.45,-0.0005778468136606956
37.5,0.0004183607244678496
37.550000000000004,0.0004525110008867097
37.6,0.00020416652890361726
37.65,-6.136517931348261e-05
37.7,-0.00017739532115837036
37.75,0.0004970903528605281
37.800000000000004,-0.00010560619579934509
37.85,-0.0004279713011587362
37.9,0.0007018990077236018
37.95,-7.247337566726318e-05
38.0,-0.0006361070800014642
38.050000000000004,0.000664102014695794
38.1,-0.0003071422242210688
38.15,-0.00035935706833262995
38.2,0.0004000133970981839
38.25,-0.0005103242740558676
38.300000000000004,8.58845197421154e-05
38.35,-5.428101609340505e-06
38.400000000000006,-9.518742538463016e-05
38.45,0.00029468947677190266
38.5,-0.000392364946985041
38.550000000000004,4.345710992067916e-05
38.6,-0.00014437102433900002
38.650000000000006,-0.00031870027765431045
38.7,0.0005066086962056776
38.75,-0.0002538100105758914
38.800000000000004,-0.0006086764409800574
38.85,0.00025083090690011377
38.900000000000006,-0.00038441413437765616
38.95,-0.00012560911760548904
39.0,0.00037670818155173763
39.050000000000004,-0.0007673908195786477
39.1,-0.00016053779287254983
39.150000000000006,0.00027579882013295146
39.2,-7.419652381211477e-05
39.25,0.00010958471656351391
39.300000000000004,4.318119393910171e-05
39.35,-5.177827222997807e-05
39.400000000000006,-0.00014228461915598729
39.45,0.00023402313819536415
39.5,0.0003009131986937065
39.550000000000004,0.0001563408463507898
39.6,-0.0005437226368586875
39.650000000000006,0.00016650443885611024
39.7,0.0004116166637782471
39.75,-0.0009310567172495135
39.800000000000004,0.00043055435036423826
39.85,0.00039650291841861467
39.900000000000006,-0.0007786917819399342
39.95,0.00017040082362708287
40.0,0.00031549408281041823
40.050000000000004,-4.7341360561843985e-05
40.1,0.00018003344918098504
40.150000000000006,0.0003552600956807952
40.2,-7.947767165460727e-05
40.25,-6.667323902445796e-05
40.300000000000004,0.00010739701622514029
40.35,0.00019816390463643757
40.400000000000006,0.0005544249194200903
40.45,-0.000994120271049535
40.5,0.0002256271862351443
40.550000000000004,0.0008082566279900445
40.6,-0.0006663908544324618
40.650000000000006,0.0007160498429998768
40.7,-0.00038172544158700727
40.75,-0.0001669881066202646
40.800000000000004,0.00040625717983395966
40.85,-0.0005873411992240087
40.900000000000006,0.0003488480934593321
40.95,-0.0003629637164441894
41.0,-0.0001294447119327596
41.050000000000004,0.00046653860547755884
41.1,-0.00019824710472627128
41.150000000000006,0.00014632129302187785
41.2,-0.0002591411182927513
41.25,0.00011541863141844773
41.300000000000004,-0.0001569560037866047
41.35,3.399705856940245e-05
41.400000000000006,0.0006086369075121687
41.45,-0.00104817811524633
41.5,0.0006865775618071842
41.550000000000004,9.743318481210484e-05
41.6,-0.0012604558051909995
41.650000000000006,0.00107091558811732
41.7,-0.00015599794328201937
41.75,-0.0003452072174805031
41.800000000000004,0.00025686115025967844
41.85,-0.00016672906923480103
41.900000000000006,0.00021747898905968052
41.95,-0.0001377954646475584
42.0,0.0005777150139611934
42.050000000000004,1.529331527740249e-05
42.1,-0.0006168840548394881
42.150000000000006,0.0005203555396379993
42.2,0.00010818546455030219
42.25,-0.00026404289369621407
42.300000000000004,0.0006463995520304878
42.35,-7.161425200638808e-05
42.400000000000006,-0.0007696528780567457
42.45,0.00028236142044276894
42.5,0.0001457942311624432
42.550000000000004,-0.00015144375944865324
42.6,0.0001965056113402826
42.650000000000006,6.598659229187131e-05
42.7,-0.0003363846796577025
42.75,0.00010078832251655091
42.800000000000004,0.0004085626209882777
42.85,-0.0005227549396021703
42.900000000000006,6.106418296902158e-05
42.95,0.00024922867835057866
43.0,-0.00020308526427943984
43.050000000000004,0.000589064357809689
43.1,-0.00040701198816897084
43.150000000000006,-0.0001439361676093772
43.2,0.00035233504128402287
43.25,-0.0005843778771910843
43.300000000000004,0.00034074717995738517
43.35,-0.00011214773176520657
43.400000000000006,-0.00041253440452929634
43.45,0.0003019252228232895
43.5,-0.00023216621840377677
43.550000000000004,-0.0002227351191638247
43.6,9.739034468319682e-05
43.650000000000006,-0.0001169425340116781
43.7,-0.0001278256840567829
43.75,0.00026055458138937455
43.800000000000004,-0.00031990949462077354
43.85,-0.00014171972101624725
43.900000000000006,0.00039692493456168737
43.95,-0.0001859615069728028
44.0,0.00016477750731916176
44.050000000000004,0.00011835457449458955
44.1,-0.00023507610092119623
44.150000000000006,0.00012641503417870119
44.2,0.00022170575467722595
44.25,8.47337820705127e-05
44.300000000000004,0.00023199680185293945
44.35,-0.0003345914387603012
44.400000000000006,-0.00020033674419112093
44.45,0.0004710272770501902
44.5,-3.184741812580515e-05
44.550000000000004,3.319966456034715e-05
44.6,0.0001467560476297753
44.650000000000006,-0.0002906279568672035
44.7,6.146516652989645e-05
44.75,0.0004770864103153175
44.800000000000004,-0.00015246219469325288
44.85,-4.113388714132535e-05
44.900000000000006,0.0001348851618469541
44.95,-0.00020990287807069367
45.0,2.777866186879102e-05
45.050000000000004,2.961524034044999e-05
45.1,3.5044916177605365e-05
45.150000000000006,-2.804093498071846e-05
45.2,0.00010954780303270213
45.25,5.0673279253917713e-05
45.300000000000004,-0.00018381027703753903
45.35,4.036390364494964e-05
45.400000000000006,-7.402660018979516e-05
45.45,-0.00023456841438187988
45.5,0.0001708411054862957
45.550000000000004,-0.00021135268440111637
45.6,-0.0006807275426998952
45.650000000000006,0.00028588365257979685
45.7,1.9555110639153487e-05
45.75,-0.00010188802491432121
45.800000000000004,0.00011107757413238388
45.85,-0.0005651092881033568
45.900000000000006,0.0001520192784302153
45.95,0.00022540194443483922
46.0,-0.0002042398219668129
46.050000000000004,-7.446858457698165e-05
46.1,6.91510411779107e-05
46.150000000000006,0.00010749607872088845
46.2,-0.00020940508053328934
46.25,0.00023285963473989416
46.300000000000004,0.00014857084167406705
46.35,-9.755843159314587e-05
46.400000000000006,0.00041423110059701004
46.45,-0.00010923541413810777
46.5,-0.00022816280048187514
46.550000000000004,0.0007697991308428028
46.6,-0.000217937054173747
46.650000000000006,-0.0002677713409622927
46.7,0.000517909847876956
46.75,-0.000325891712655899
46.800000000000004,0.00017330562930070365
46.85,0.0002220286665594135
46.900000000000006,-4.3748149962848944e-05
46.95,0.00018076801200180833
47.0,-0.00024050592355959438
47.050000000000004,7.523901617498544e-05
47.1,0.00028479930940633846
47.150000000000006,-0.00026044148026978643
47.2,-3.4137184441814817e-05
47.25,0.00022338311145915087
47.300000000000004,-0.0003850350685200454
47.35,4.57451882471698e-05
47.400000000000006,0.0005005549375195371
47.45,-0.0003725071452884974
47.5,-3.750307191159555e-05
47.550000000000004,0.0002456615394104278
47.6,-0.00019615955367723427
47.650000000000006,4.4938378629744496e-05
47.7,-0.00032159856521276063
47.75,4.440276522728552e-05
47.800000000000004,6.101448780014431e-05
47.85,-0.00037193769123263496
47.900000000000006,0.0004015605380966176
47.95,-0.00025482575123983025
48.0,-0.0004078205729135293
48.050000000000004,0.0005483648135629871
48.1,-0.00013927968323316456
48.150000000000006,-4.192305488082177e-05
48.2,7.231008620363112e-05
48.25,-0.0003015866626519148
48.300000000000004,0.00030011536935413484
48.35,-3.059780240761246e-05
48.400000000000006,-8.102597161290434e-05
48.45,0.00017260527073537693
48.5,0.00010141032206045402
48.550000000000004,-0.00035873960387957884
48.6,8.07299229791402e-06
48.650000000000006,0.000535652646901103
48.7,-0.0006744712692696492
48.75,6.407359374065507e-05
48.800000000000004,0.0006949482722741524
48.85,-0.0004536240802206926
48.900000000000006,0.00016733570152702677
48.95,0.00037640998860740966
49.0,-0.00027593361280585615
49.050000000000004,0.00019093710230715831
49.1,0.000373850653070202
49.150000000000006,-1.3713523938442588e-06
49.2,-0.00021552007522831327
49.25,-3.2846105567011286e-05
49.300000000000004,0.00031059827545987744
49.35,-0.00040615876837114107
49.400000000000006,-0.00018412021874802647
49.45,0.0005450563600257437
49.5,-0.0004998886312484301
49.550000000000004,-0.00041133362616969834
49.6,0.0005245070522190235
49.650000000000006,-0.0005319526781813354
49.7,-0.00027683292521994246
49.75,0.000510685083908352
49.800000000000004,-0.0004086952235016461
49.85,4.93861946947998e-05
49.900000000000006,0.00011792755042955133
49.95,-0.00041276997457651937
50.0,0.00012715719330553543
50.050000000000004,4.500778757986081e-05
50.1,-0.00045269719028704546
50.150000000000006,1.831929770183857e-05
50.2,-4.259424052881034e-05
50.25,-0.0003338331757285197
50.300000000000004,0.0003548354148071811
50.35,-0.00024702432193427653
50.400000000000006,-0.0005069152785282547
50.45,0.0005186564497627924
50.5,5.9996203144798305e-05
50.550000000000004,-0.00020393404546703022
50.6,-0.0001342029616346025
50.650000000000006,0.00020063732282436098
50.7,0.0004398531743587993
50.75,-0.0007223292965710474
50.800000000000004,0.0004141792127196671
50.85,0.00017200777308205202
50.900000000000006,-0.0006741071210561935
50.95,0.0005247363770415486
51.0,-0.00016327121864830147
51.050000000000004,0.0004229930581451265
51.1,4.5429106228593225e-05
51.150000000000006,-0.000325783300887797
51.2,0.00040884781834197144
51.25,-0.0003317072057565281
51.300000000000004,0.00046194893366134307
51.35,-9.808916150559246e-05
51.400000000000006,-0.00043041282598288617
51.45,0.0008298197531299403
51.5,3.141057142395207e-05
51.550000000000004,-0.00039610927239917007
51.6,0.0005892230308443881
51.650000000000006,-1.5198822426812248e-06
51.7,1.493233255743586e-05
51.75,2.8601063306534144e-05
51.800000000000004,0.0003384941147744701
51.85,0.0002346886453774054
51.900000000000006,-0.00041003725737059476
51.95,0.0005145303290539163
52.0,-0.00011552022371811708
52.050000000000004,0.00025974018873315676
52.1,-0.00017847504086092187
52.150000000000006,-0.00018704739762916004
52.2,0.0010125523123786391
52.25,-0.00032790705614586525
52.300000000000004,-0.0008207007708028018
52.35,0.0008390731161298052
52.400000000000006,0.00019130158670499015
52.45,-0.000549746527346016
52.5,-0.00018567971239217534
52.550000000000004,-5.785445017257235e-05
52.6,0.0001939308340566539
52.650000000000006,-9.490540244340461e-05
52.7,0.0004234912649264741
52.75,-0.0011688080758356673
52.800000000000004,0.000417517217961213
52.85,0.0003132063386052232
52.900000000000006,-0.0010359983589858757
52.95,0.0011539670026758327
53.0,-0.00084609605692318
53.050000000000004,-0.00047325663478199273
53.1,0.0013360327486584733
53.150000000000006,-0.0009833192227031824
53.2,-0.0003039097450288311
53.25,0.00087157115140987
53.300000000000004,-0.0012024166297116997
53.35,0.0005346460325607992
53.400000000000006,0.0006481931213045863
53.45,-0.002281426795662329
53.5,0.0012326378653630204
53.550000000000004,0.0010422974665683653
53.6,-0.0022606791526821133
53.650000000000006,0.0017068828693509828
53.7,-0.0005341559491659431
53.75,-0.00037357196997064857
53.800000000000004,0.0011585000571572943
53.85,-0.0016397433903019543
53.900000000000006,0.001883692370487423
53.95,-0.0011291885719731454
54.0,1.2929641904147265e-05
54.050000000000004,0.0014060077525943464
54.1,-0.002490117522279877
54.150000000000006,0.0017813411749537868
54.2,0.00026929510203430013
54.25,-0.001057559340609841
54.300000000000004,0.0011358106755392406
54.35,-0.0016444590960270548
54.400000000000006,0.0013011721665955292
54.45,0.0008526682345765786
54.5,-0.001690006433745166
54.550000000000004,0.0018946740242070624
54.6,-0.0016338783985851248
54.650000000000006,0.0005139653902749243
54.7,0.0014915920796845642
54.75,-0.002276864316950683
54.800000000000004,0.0017378910328527653
54.85,-0.00011762758481117853
54.900000000000006,-0.0002793850235181001
54.95,0.00043087802389074576
55.0,-0.0009329015100779889
55.050000000000004,0.0007429996907882598
55.1,4.163683566976998e-05
55.150000000000006,-0.00014809842663424162
55.2,-0.00016990748126815436
55.25,-0.0002729783516613071
55.300000000000004,0.0007124246691712069
55.35,-0.000254417218247504
55.400000000000006,-0.0005174217158083334
55.45,0.0008990731015460422
55.5,-0.0005516413379683883
55.550000000000004,-0.00026431496168955143
55.6,0.0006743070640699422
55.650000000000006,-0.0005918366326455288
55.7,0.00013378274646056663
55.75,-1.4318779344920918e-05
55.800000000000004,0.0004168605487699305
55.85,9.906087476174822e-06
55.900000000000006,-0.0011487790993551102
55.95,0.0006548772094077531
56.0,0.0004810013433901381
56.050000000000004,-0.0006131719308720482
56.1,-0.0006071714426200795
56.150000000000006,0.0007534701833656164
56.2,-0.00022509687409508504
56.25,-0.0008829350987531487
56.300000000000004,0.0012639470254965346
56.35,-0.0011195821730315143
56.400000000000006,-0.00032150985794970953
56.45,0.000970332937921816
56.5,-0.0006952196048422485
56.550000000000004,0.00020034519996798406
56.6,-0.0003495940732251678
56.650000000000006,0.0006773919012031323
56.7,-2.150925507280406e-05
56.75,-0.0008333922273504966
56.800000000000004,0.0012649312014005076
56.85,-0.0005117258628290638
56.900000000000006,-0.0004386384150238972
56.95,0.0007993523099505318
57.0,-0.0005756989310123511
57.050000000000004,-9.172769016972863e-05
57.1,0.0005778390268640678
57.150000000000006,0.00013631063202178487
57.2,-0.00040894462538116597
57.25,3.802031025542648e-05
57.300000000000004,0.0003620365299546357
57.35,-0.00020646793117905333
57.400000000000006,0.0004013275956790985
57.45,-0.00011589225920521931
57.5,4.291415608859013e-05
57.550000000000004,0.0002822300700810705
57.6,-0.0007975699559583146
57.650000000000006,0.0005251255617158062
57.7,-0.00016704807511855622
57.75,-0.0008204317489918524
57.800000000000004,0.0009120362262862259
57.85,-0.0005675498100600032
57.900000000000006,-0.00015866394564679028
57.95,0.000361182072620349
58.0,-0.0011229394755211944
58.050000000000004,0.000968201686138979
58.1,0.00035999259957826476
58.150000000000006,-0.0010866735840991766
58.2,0.00028713318085230624
58.25,9.336624831462264e-06
58.300000000000004,0.00011031717736431596
58.35,0.0003273120881593213
58.400000000000006,-0.00043107252855345644
58.45,-0.00028348907357800507
58.5,5.248616784763538e-05
58.550000000000004,-0.00025333607399451245
58.6,-3.5469035362003226e-07
58.650000000000006,0.000334957999647377
58.7,-0.0005373574442757779
58.75,-0.00029215991865916074
58.800000000000004,0.0007556140113678823
58.85,-4.779850526806495e-05
58.900000000000006,-3.508870052883919e-05
58.95,0.00039520401817505057
59.0,-1.681517555978305e-05
59.050000000000004,0.0002462392576070234
59.1,1.880935388950583e-05
59.150000000000006,0.0003586992893180786
59.2,0.000515018878297646
59.25,-0.0006096516508420179
59.300000000000004,2.9545855954094085e-05
59.35,0.0004908987203943148
59.400000000000006,-0.00047842957000565167
59.45,0.0003173878503678672
59.5,0.0002686625883614587
59.550000000000004,-0.0007499211687364097
59.6,0.000391798657437228
59.650000000000006,6.365081182467404e-05
59.7,-0.0005676857313906364
59.75,0.0004994287213554375
59.800000000000004,6.621382358689401e-05
59.85,-0.00013325935857036727
59.900000000000006,4.4518374438399414e-06
59.95,-0.00018123238953670186
60.0,0.0002021535362220128
60.050000000000004,-6.712199240081881e-05
60.1,-1.725858475073661e-05
60.150000000000006,5.8321203407221235e-05
60.2,-8.106701587728664e-05
60.25,0.00043844877568277607
60.300000000000004,-0.00037906957758443156
60.35,-0.00027619323270564885
60.400000000000006,0.0006634698877217461
60.45,-1.6141630843736536e-05
60.5,1.9189941103746297e-06
60.550000000000004,2.3776032758171336e-06
60.6,-1.702519326720154e-05
60.650000000000006,0.00024096401289916487
60.7,-1.8533009567052314e-05
60.75,7.923117864272132e-05
60.800000000000004,5.761337040435501e-05
60.85,-9.128681536117679e-05
60.900000000000006,6.352877886483605e-05
60.95,1.2951447727597332e-06
61.0,-0.00020684137489033973
61.050000000000004,0.00020409295292592215
61.1,-1.1316283526967706e-05
61.150000000000006,-0.00019605461302553794
61.2,9.84824025544701e-05
61.25,-0.00028656679648095214
61.300000000000004,-4.045797794221813e-05
61.35,-4.456713484759901e-06
61.400000000000006,6.082528072740356e-05
61.45,2.054668419481183e-05
61.5,-0.00025230655903495986
61.550000000000004,3.288669504463047e-05
61.6,1.7868776781892636e-05
61.650000000000006,-0.0002736565198916362
61.7,-2.4963700813637948e-05
61.75,0.00018887298600791733
61.800000000000004,-0.00040196369410435757
61.85,-5.7886328824727424e-05
61.900000000000006,0.00030284124169668316
61.95,-0.00035440518054586934
62.0,2.7927359552061744e-05
62.050000000000004,-7.71226520238756e-05
62.1,-0.0003355043794795588
62.150000000000006,0.0003649273166943583
62.2,-0.00029816829052547187
62.25,-9.811249466294835e-05
62.300000000000004,0.00013925556768691226
62.35,-0.0003758354568437619
62.400000000000006,0.0003941213196988338
62.45,-0.00026516308267746807
62.5,-5.2009119386494485e-06
62.550000000000004,0.0005934150156634665
62.6,-0.0006000731700523529
62.650000000000006,8.326972379630733e-05
62.7,0.0003142682403475208
62.75,-0.00025364675826633997
62.800000000000004,0.0003786084154681045
62.85,-0.00015447045511120578
62.900000000000006,0.000163308800017465
62.95,0.00018174477309884009
63.0,-0.0004680585895720292
63.050000000000004,0.0005486377399907462
63.1,-0.0001196222219563697
63.150000000000006,0.00013480478986558364
63.2,0.0004806845579645942
63.25,-0.0002742643473441001
63.300000000000004,0.0002328164191535484
63.35,-0.0001260866606599472
63.400000000000006,0.00021679405123268256
63.45,0.00023789341415069793
63.5,-7.651307612720249e-05
63.550000000000004,0.00011425705563241145
63.6,-0.0002110880711123828
63.650000000000006,0.00041403945336798833
63.7,0.00014086126499989672
63.75,0.0001236503889790482
63.800000000000004,0.00019172263621823138
63.85,-0.0004434683352814474
63.900000000000006,0.0001835806261924412
63.95,0.00021067909291500769
64.0,0.0001317344597713938
64.05,-0.00026075353458544467
64.10000000000001,0.00010597531385261377
64.15,0.00047794891260623403
64.2,-0.0005941566895765296
64.25,0.00039948200424133075
64.3,6.688336864208516e-05
64.35000000000001,-0.0008651796324821632
64.4,0.000708437501722162
64.45,3.7587565145938705e-05
64.5,-0.0005133385330232244
64.55,0.0002796636261283208
64.60000000000001,-0.00021302196632015874
64.65,-0.00038796706438472945
64.7,-2.3766751942301284e-05
64.75,-4.427522041468649e-06
64.8,-0.0002866970598238615
64.85000000000001,-1.799318754013897e-05
64.9,-0.00030427970245064655
64.95,-0.0005267415381435785
65.0,9.09007297370343e-05
65.05,-0.00029830567362694173
65.10000000000001,-0.00017659705651851303
65.15,0.0001799597018667657
65.2,-0.00031983818327238573
65.25,-0.00025343776816268626
65.3,-0.00029378638544822296
65.35000000000001,9.281928797422238e-05
65.4,0.00028805434413226385
65.45,-0.0003236184923612838
65.5,-3.208652230228903e-05
65.55,-7.082205809580214e-05
65.60000000000001,-0.00013600880782996434
65.65,0.0003247213924459264
65.7,-0.00012598414351196267
65.75,-4.505239451309912e-05
65.8,0.00024548653451627575
65.85000000000001,-0.0002639761068288808
65.9,0.00035039860222024457
65.95,-7.369285034595257e-05
66.0,-4.4196923441752646e-05
66.05,0.0007201924768154083
66.10000000000001,-0.0004064563730644148
66.15,0.00023204834814200966
66.2,0.0001857988102135149
66.25,-5.73232951437555e-05
66.3,0.000501950928949947
66.35000000000001,-0.0002931015507032242
66.4,5.957081470058996e-05
66.45,-9.374930922620676e-05
66.5,0.0001479284463197377
66.55,0.000449676584968274
66.60000000000001,-0.00034745374579159114
66.65,0.00029827289446300787
66.7,0.00023162971479312046
66.75,0.00014432572544848408
66.8,0.0006977892189397909
66.85000000000001,-0.0003978794000753557
66.9,0.000107332367946634
66.95,0.0003382438263887267
67.0,-0.00042826355923029317
67.05,0.0005685172800509581
67.10000000000001,-0.00031686771481917306
67.15,-0.00025737731536683116
67.2,0.00048741844593392075
67.25,-0.0005101497226101395
67.3,0.0002580935296519747
67.35000000000001,-2.5731584892103287e-06
67.4,-0.00024132945439168542
67.45,0.00015580816918346832
67.5,-3.1579740670869814e-05
67.55,0.00015188227991523552
67.60000000000001,-0.0003462388583713899
67.65,-2.0910414588731297e-05
67.7,0.0001961490282772064
67.75,-0.0003782528739237238
67.8,4.49333999572598e-06
67.85000000000001,-9.56650936724932e-05
67.9,-0.0003013351999871044
67.95,7.63609283565029e-05
68.0,-0.00011329268088877627
68.05,-0.00016905919902192432
68.10000000000001,-0.00036354244701591247
68.15,-7.940004525585336e-05
68.2,0.0002907632996644201
68.25,-0.0006865668360760323
68.3,-3.734161129835965e-06
68.35000000000001,0.00024356791758333026
68.4,-0.00048368706498236265
68.45,0.0003311869904121463
68.5,0.00015577694607359693
68.55,-0.00031780596849587686
68.60000000000001,-0.0002882401812869121
68.65,0.0004638670306382291
68.7,0.00030226063118024956
68.75,-0.0003806143404372145
68.8,9.612438558638036e-05
68.85000000000001,0.00026563491165220744
68.9,-0.00014221266716474021
68.95,0.0001514371987635225
69.0,0.0004248100206511534
69.05,-0.00038834846890626934
69.10000000000001,0.00020362203804957752
69.15,0.00035101437008445394
69.2,-0.00019533352367702336
69.25,0.0002508912507603632
69.3,-1.7814371091900755e-05
69.35000000000001,-9.147265187215846e-05
69.4,-4.019749861994063e-05
69.45,2.039062929224805e-05
69.5,0.00012349312171315962
69.55,7.709787549801468e-06
69.60000000000001,-0.0001503480462748561
69.65,-0.00012073534865201107
69.7,0.0001718225324340002
69.75,-0.00015135732367743028
69.8,6.99890393556087e-05
69.85000000000001,0.00024319074073752973
69.9,-0.00048383957341451527
69.95,0.0003457649566677508
70.0,0.00024122625199488637
70.05,-5.390152434505927e-05
70.10000000000001,0.00017371546106589788
70.15,-0.0004211089487830142
70.2,0.0005068335583524687
70.25,9.115525788413643e-05
70.3,-0.00020041223903188992
70.35000000000001,0.0004446635972272598
70.4,-0.0004571294876670724
70.45,0.0004596792587084133
70.5,0.00013681729866738568
70.55,-0.0005578097894464167
70.60000000000001,0.000577708451943677
70.65,-7.959885816133914e-05
70.7,0.0002361101926893542
70.75,0.00018810273945734472
70.8,-0.0006432115671844781
70.85000000000001,0.0005968211840447445
70.9,7.104515058012052e-05
70.95,-0.00017051715385955478
71.0,0.0002006872009634523
71.05,-0.0006042300100672982
71.10000000000001,0.00022778926553210504
71.15,0.00031036240647980257
71.2,-0.0005139938388338469
71.25,6.341293514154354e-05
71.3,-9.206872831367983e-05
71.35000000000001,5.386159426586179e-05
71.4,8.539133791399057e-05
71.45,-0.00043392339943386783
71.5,0.0002623371845726081
71.55,-8.737327233975999e-05
71.60000000000001,0.00011263767387911423
71.65,-0.0001186416001746376
71.7,-0.0006905039398140761
71.75,0.0002717919225557946
71.8,-0.00010432035328186165
71.85000000000001,-0.00022218484754280677
71.9,-0.00022016055584504407
71.95,-0.0003354117851859288
72.0,0.00013940259625500406
72.05,-4.827032044314045e-05
72.10000000000001,-0.00010524074791102488
72.15,-1.04731150493403e-05
72.2,-0.0001402133894423357
72.25,0.00012786150596405074
72.3,0.0002737727110741636
72.35000000000001,-0.00023563751742732572
72.4,-0.0002935090147715157
72.45,0.00030696053552705673
72.5,-9.959335809699823e-06
72.55,2.384954575888435e-05
72.60000000000001,-2.1878235190734302e-05
72.65,-0.0005517758867815182
72.7,0.0004968663512975231
72.75,-0.0001025551212485333
72.8,-0.0001541485322453715
72.85000000000001,0.0004441005088527133
72.9,-0.00021874992136687065
72.95,0.00019199614879030088
73.0,2.9416622184233755e-05
73.05,0.00011116605247435837
73.10000000000001,9.87213134733968e-06
73.15,0.00022685614896836043
73.2,0.00048547417985088446
73.25,-0.0005084915300430657
73.3,0.0002644109364633313
73.35000000000001,0.000473172938886669
73.4,-0.0005947450137367758
73.45,0.00035687151244474883
73.5,0.00014365867178140008
73.55,-0.0003410915299683578
73.60000000000001,0.0005172314476520701
73.65,-5.7046202217105286e-05
73.7,-0.0002114561676181459
73.75,0.00038681506364943434
73.8,-0.0001034122898016374
73.85000000000001,-0.00015368613899399946
73.9,0.0002474470779595805
73.95,-0.00046255164519594513
74.0,1.3144333896389648e-05
74.05,0.00027380053098920295
74.10000000000001,-0.0006286754079542697
74.15,0.00023962524125412503
74.2,0.0001325867192104626
74.25,-0.0004545075340472335
74.3,0.0001259741870642788
74.35000000000001,1.1205126879221858e-05
74.4,4.080296590628299e-05
74.45,2.8946000211060966e-05
74.5,6.603405543873298e-05
74.55,-0.00037945008667167286
74.60000000000001,2.3137100623249085e-05
74.65,0.00025231761399845484
74.7,-0.0003838214457937578
74.75,0.00020479792188414348
74.8,-0.0003196417002840668
74.85000000000001,-5.1380824040153915e-05
74.9,0.00028786088600907565
74.95,-0.00017963249104917768
75.0,0.00017638891645473435
75.05,-0.00029596791990200945
75.10000000000001,7.097113400845468e-06
75.15,0.00022979288445582895
75.2,7.538995445286576e-05
75.25,0.00021384966964838677
75.3,-0.00037681656837322867
75.35000000000001,-6.651059654380522e-05
75.4,0.0004214014555816962
75.45,0.0002488945727171516
75.5,0.0001480508782439888
75.55,-4.970352677962027e-05
75.60000000000001,-4.0316308708876135e-05
75.65,0.00032061966367273294
75.7,0.0005318286442844238
75.75,-0.00012991449846450968
75.8,-0.00020760602098694855
75.85000000000001,0.000408896957412767
75.9,-0.00012408448883267188
75.95,-2.6697059071696782e-05
76.0,1.9797479860756583e-05
76.05,-0.00019910072966935514
76.10000000000001,0.0003251397471791389
76.15,1.6367462736140964e-05
76.2,-0.00023446936033677375
76.25,-1.4772582458046809e-05
76.3,0.0001493438241981378
76.35000000000001,0.00014022859119753575
76.4,-7.42926090620106e-05
76.45,-0.0003172250917227629
76.5,0.00011926099115117092
76.55,3.1847571666760115e-05
76.60000000000001,-0.00022438000153503552
76.65,-9.66806718424503e-05
76.7,-0.00041097935193937305
76.75,0.00013050347235949418
76.80000000000001,-0.00023185925943700555
76.85000000000001,-0.0006784453161844083
76.9,-0.00013539465972560766
76.95,-0.00016147438286206266
77.0,6.786482896481685e-05
77.05000000000001,-0.00015935542572422445
77.10000000000001,-0.00032600787794374425
77.15,-0.0001011749511869621
77.2,7.57729624889959e-05
77.25,-0.00015097274557216274
77.30000000000001,-0.0002992790411079305
77.35000000000001,-8.832180858862642e-05
77.4,4.051501350826027e-05
77.45,0.00033697130375517985
77.5,-8.874453247390719e-05
77.55000000000001,-0.00021708736411815553
77.60000000000001,0.00017717912021740221
77.65,3.3368075960754617e-05
77.7,0.00025101482393630203
77.75,0.0002003713455538858
77.80000000000001,-0.00035304639138393165
77.85000000000001,0.0003787780582031255
77.9,0.0005554545626113931
77.95,-9.24407150054918e-05
78.0,0.00022185550142162896
78.05000000000001,-0.00010809896233147211
78.10000000000001,0.00018439808769814953
78.15,0.0003081320405770152
78.2,-0.0002520262398640305
78.25,0.00039889699598005135
78.30000000000001,-1.0410215796358955e-06
78.35000000000001,8.676738242729327e-06
78.4,0.00023199969018735062
78.45,-0.0001380543112751414
78.5,0.00032745372678480726
78.55000000000001,-6.013534938357079e-05
78.60000000000001,-6.6061263280499e-05
78.65,0.0002800146424251991
78.7,6.447996949979611e-05
78.75,0.0005311060042898498
78.80000000000001,-0.000255505749468337
78.85000000000001,-0.000456355895685263
78.9,0.000545729028536584
78.95,-0.0003649280826400734
79.0,0.00012346572688631607
79.05000000000001,5.729658863817684e-05
79.10000000000001,-0.00022179882801793828
79.15,0.0005692402843991386
79.2,-0.0005218359385276331
79.25,-6.269679193431393e-05
79.30000000000001,1.1544375121210122e-05
79.35000000000001,-0.0001569138268824074
79.4,0.00036298934911500516
79.45,-0.000721399977633501
79.5,-0.00023947882480170228
79.55000000000001,0.0002996701435305049
79.60000000000001,-0.00023030679904088508
79.65,7.302301870939559e-05
79.7,-8.664657302451277e-05
79.75,-0.00018680403275595628
79.80000000000001,0.0002171044118241996
79.85000000000001,-7.56746635857079e-05
79.9,-0.00013316186420140482
79.95,-0.00010152132794340365
80.0,0.0002732838236317303
80.05000000000001,0.00027624491786090895
80.10000000000001,-0.0005691642432489076
80.15,4.05190261909876e-05
80.2,0.00024309073703063997
80.25,-9.28592930896815e-05
80.30000000000001,0.0002371618092689451
80.35000000000001,-0.0005990659861198653
80.4,-0.00013351625271590064
80.45,0.0006356827288848699
80.5,-0.00027694006302876763
80.55000000000001,1.967517320530821e-05
80.60000000000001,-0.00016241026940184836
80.65,-0.00036893773046386166
80.7,0.0006906867365784781
80.75,5.7180253289500964e-05
80.80000000000001,-0.00048486328335112054
80.85000000000001,0.000136345895963667
80.9,-9.520261195584957e-06
80.95,9.177588268611036e-05
81.0,0.0003156675653817607
81.05000000000001,-0.00035942368505003454
81.10000000000001,-9.745046967586912e-05
81.15,0.000658214902579483
81.2,1.679777884584126e-05
81.25,-0.00032207718373001665
81.30000000000001,8.523864668663084e-05
81.35000000000001,-6.0174180563083145e-05
81.4,0.00019644639463055303
81.45,0.00024275536828238735
81.5,-0.0001679480971775898
81.55000000000001,3.372150717460453e-05
81.60000000000001,8.096749722176899e-05
81.65,-5.3361650520654196e-05
81.7,0.0002674910969548252
81.75,2.114357201640547e-05
81.80000000000001,6.610763199751535e-05
81.85000000000001,3.8066035745610334e-05
81.9,-0.00027208227292764645
81.95,0.000307501895095703
82.0,-1.7229370886282163e-05
82.05000000000001,-0.00012684303302760815
82.10000000000001,-2.5123712849654244e-05
82.15,-0.0004254724341698413
82.2,0.00020862079149382032
82.25,-0.00016376069370622491
82.30000000000001,-0.00010867034849155091
82.35000000000001,0.0002701546142413275
82.4,-0.0004079371542025612
82.45,-2.5373954316098526e-05
82.5,-7.28621087455571e-05
82.55000000000001,-0.0001494178971095412
82.60000000000001,0.0003204967623562718
82.65,3.385865602708677e-05
82.7,-0.0001590727722176133
82.75,3.171794985381668e-05
82.80000000000001,8.344133502616015e-05
82.85000000000001,-1.697038209058836e-07
82.9,-5.961703837974171e-05
82.95,-0.00021047876497434586
83.0,-6.960603381061359e-06
83.05000000000001,-1.5182298072872704e-05
83.10000000000001,-0.00014317499913907332
83.15,-4.51342873509612e-05
83.2,-6.964409411911739e-05
83.25,0.00020930092817432458
83.30000000000001,3.885752166880065e-05
83.35000000000001,-9.19027860657884e-05
83.4,6.561707628760329e-05
83.45,2.3258682382730006e-05
83.5,0.00021534434177540243
83.55000000000001,-0.00012936922573472554
83.60000000000001,-3.8610923985660876e-05
83.65,4.5494446019140236e-05
83.7,-9.098470921741914e-05
83.75,8.415138347982846e-05
83.80000000000001,-0.00025760856061458355
83.85000000000001,0.0001933323909060786
83.9,0.0002788013677197951
83.95,-0.00019476651839866565
84.0,-2.189887245891872e-05
84.05000000000001,-0.00031504471285193357
84.10000000000001,-5.133649173428415e-05
84.15,0.00017595810912015897
84.2,-7.945930579733771e-05
84.25,0.00015468899741306321
84.30000000000001,-0.00012432400254445722
84.35000000000001,-0.00013267845787690952
84.4,0.00018114722779146952
84.45,-0.00010577655240272878
84.5,0.00019740581828017325
84.55000000000001,3.069759508951532e-05
84.60000000000001,-0.00043931671163251006
84.65,0.00024785625152329527
84.7,0.00022427985235159073
84.75,7.47137869366279e-05
84.80000000000001,2.5307460965912797e-05
84.85000000000001,-0.00021970461930550289
84.9,4.1300383184089664e-05
84.95,5.489155848505226e-05
85.0,0.00016921144300997398
85.05000000000001,0.00016239897285463684
85.10000000000001,-0.00012289415859540072
85.15,0.00044122434013813114
85.2,0.00012053189391020377
85.25,-0.00031742265635662675
85.30000000000001,0.00045665485946474397
85.35000000000001,-0.0001292820742467123
85.4,0.00011276164754527183
85.45,0.00016790849999877614
85.5,-0.00031258347035067075
85.55000000000001,0.00040549278729423943
85.60000000000001,-0.00026472877013762
85.65,-0.00032751076190110307
85.7,0.0001945409472223247
85.75,2.834682252697018e-05
85.80000000000001,0.00019812669302254855
85.85000000000001,-0.00015785852849798537
85.9,-0.0003120116204460761
85.95,0.0001800393788589796
86.0,0.00031712340011559104
86.05000000000001,-0.0001247697512021358
86.10000000000001,-0.00038104759264117433
86.15,-5.555502714300894e-05
86.2,0.00017981660329003635
86.25,-2.6286588157782428e-05
86.30000000000001,1.990677324706614e-05
86.35000000000001,-0.0002463413289336694
86.4,-0.0003803366872255587
86.45,0.00023506226836436807
86.5,-6.864683998904129e-05
86.55000000000001,-0.0002845335582628491
86.60000000000001,-6.422886582578997e-05
86.65,0.00015042366571061836
86.7,2.8302197577679804e-05
86.75,-0.0004223895864883233
86.80000000000001,0.00012010937859249706
86.85000000000001,-0.00012318304489937848
86.9,-0.00015732045730546405
86.95,0.0002640114807625862
87.0,-0.00021464072398356856
87.05000000000001,9.2777439187349e-05
87.10000000000001,5.223861080582529e-05
87.15,-0.00012878195775771503
87.2,0.00011723452428039268
87.25,-0.00012800782563600056
87.30000000000001,0.0001470161391508641
87.35000000000001,8.824205306186499e-05
87.4,-5.551216925234441e-05
87.45,0.0001968706223333606
87.5,0.00012858233139243118
87.55000000000001,2.871769205788501e-05
87.60000000000001,-0.00018639671082100397
87.65,0.00015420014794209389
87.7,0.00027545620471232656
87.75,-4.193924804091459e-05
87.80000000000001,5.948701768354712e-05
87.85000000000001,0.00011558536637950341
87.9,5.50511332297375e-05
87.95,0.0001818582792513231
88.0,8.572432959589598e-05
88.05000000000001,-0.00012080726590551657
88.10000000000001,8.971764231314033e-05
88.15,-0.00017466637070931903
88.2,0.00011912318322021786
88.25,0.0003443598012823391
88.30000000000001,-0.0002775297613805388
88.35000000000001,6.545222514812043e-05
88.4,-0.00024659758292106194
88.45,-0.00013866109867034232
88.5,0.0003725876198899612
88.55000000000001,-0.00024610541515088284
88.60000000000001,0.0001167285764617967
88.65,-1.3307784711739122e-05
88.7,-0.0001950018690285501
88.75,0.00015185301218693435
88.80000000000001,-0.00022313112342183818
88.85000000000001,6.961662958529611e-05
88.9,0.0002464719852101629
88.95,1.7307407531795313e-05
89.0,2.2000111701480808e-05
89.05000000000001,-0.00028895517266364117
89.10000000000001,0.00016769171743545849
89.15,0.0002161266094301321
89.2,-0.000322348872285162
89.25,-0.00019225056119666532
89.30000000000001,6.125336316755034e-05
89.35000000000001,0.00021324268738833862
89.4,-0.0002959886529794865
89.45,-0.0003758615668115389
89.5,0.00015304442755757828
89.55000000000001,0.00026823533572787066
89.60000000000001,7.438737926940212e-05
89.65,-0.00027946834575226525
89.7,-0.00036746414475072076
89.75,-7.822692987269626e-05
89.80000000000001,0.00032128809863394094
89.85000000000001,0.00010992169333121156
89.9,-0.0002614991467749206
89.95,-0.0003102378304429956
90.0,0.00011071879098861448
90.05000000000001,0.0004064169194236181
90.10000000000001,-0.00017867818661450031
90.15,0.0002482782930352587
90.2,0.00026857400951478533
90.25,-0.00019784804497970722
90.30000000000001,0.0004380406724708774
90.35000000000001,-0.00021690916350402102
90.4,0.00012940114320451784
90.45,0.00045064366600316427
90.5,-0.0005047555360831009
90.55000000000001,0.0003332717871482614
90.60000000000001,-8.984689394459414e-05
90.65,-0.00045963931011441784
90.7,0.00042208304112681193
90.75,-6.250747964134559e-05
90.80000000000001,-9.209260842174797e-05
90.85000000000001,1.3660613275669148e-05
90.9,-0.00025700667251198783
90.95,-6.433663718806777e-05
91.0,0.00010067526160465404
91.05000000000001,3.822426165698831e-05
91.10000000000001,-0.00014462654699754916
91.15,3.2145225486536674e-05
91.2,-0.00012353216307722103
91.25,-0.00013078319832721428
91.30000000000001,0.00023644307085385574
91.35000000000001,-0.0002984193074316207
91.4,-5.813826097078382e-05
91.45,0.0003189606953558772
91.5,-0.00011500794027815183
91.55000000000001,-9.02852580640504e-06
91.60000000000001,-0.00021633557513087303
91.65,3.805365731249971e-05
91.7,0.00038031586779499027
91.75,0.00015838351974437626
91.80000000000001,6.225894664670852e-05
91.85000000000001,-0.00022364151606378798
91.9,-0.00010850199861664173
91.95,0.00024671041276702523
92.0,0.0001833408716524027
92.05000000000001,-0.00010794424576978053
92.10000000000001,0.0001266569786696941
92.15,5.206522503692959e-05
92.2,-0.0003566991450031625
92.25,0.0001404100243541321
92.30000000000001,0.00028201502144690723
92.35000000000001,1.8301691349470442e-05
92.4,6.659939988764634e-05
92.45,-0.00017644803154848166
92.5,-0.0003733029297011982
92.55000000000001,0.00020203671166717322
92.60000000000001,8.678129496657396e-05
92.65,-0.0003311588802516298
92.7,7.887388600653595e-05
92.75,-6.436138124435518e-05
92.80000000000001,-0.0002628289241585729
92.85000000000001,-8.138662866519246e-05
92.9,3.360422496991087e-05
92.95,-1.4013582305315841e-05
93.0,5.959230624179244e-05
93.05000000000001,0.00024369877445869442
93.10000000000001,-0.0003587487680301511
93.15,-0.0001730465483057268
93.2,0.00031332217790241176
93.25,-0.00010068820060211495
93.30000000000001,0.0003170663415690496
93.35000000000001,0.00014278288542322998
93.4,-0.0006063240617115854
93.45,0.00021618551024064057
93.5,8.31386643625129e-05
93.55000000000001,-0.000262969855382076
93.60000000000001,0.0005734087708143194
93.65,-0.0002546906213046233
93.7,-0.0004331645580037127
93.75,0.00024120405064102684
93.80000000000001,-0.00014772580962500105
93.85000000000001,0.0003691038807387899
93.9,0.0002737279483223873
93.95,-0.00041446845040867436
94.0,-9.655417086033373e-05
94.05000000000001,4.267180589623928e-05
94.10000000000001,0.00028969218706665847
94.15,0.0003217716631791688
94.2,-0.00024725804031448725
94.25,-0.00025035366789785316
94.30000000000001,0.0002173805042831668
94.35000000000001,7.86837384924689e-05
94.4,5.716627104601744e-05
94.45,0.00024066180522149802
94.5,-0.0001696932567714841
94.55000000000001,0.00013900528971097427
94.60000000000001,0.0002657410482051386
94.65,-0.00021717727646569022
94.7,0.00022340303534387168
94.75,0.00020917273875099745
94.80000000000001,-3.252953216522799e-05
94.85000000000001,0.00012865541653324798
94.9,-0.00025712729260187145
94.95,-0.0001775568338950109
95.0,0.00013516746131501467
95.05000000000001,7.717586945966038e-05
95.10000000000001,3.3204043666830015e-05
95.15,0.00011591595747414799
95.2,-0.00019802382374627678
95.25,-6.0638502073947024e-05
95.30000000000001,0.00021295749852719275
95.35000000000001,-0.0001684428955270433
95.4,0.0002547481732501104
95.45,-4.755243460141484e-05
95.5,-0.0003901494478604631
95.55000000000001,0.0002799024360968183
95.60000000000001,-0.00017886181191043734
95.65,-0.00010339788382640444
95.7,0.00012458642792345098
95.75,-0.0003775077041865138
95.80000000000001,-0.00017112914993916098
95.85000000000001,-0.00011451297617777326
95.9,-0.00026878811571471505
95.95,-0.00029031051161873225
96.0,8.834469611850882e-05
96.05000000000001,7.991082895492094e-05
96.10000000000001,-0.0003559300169427822
96.15,-0.0001426547192034158
96.2,-0.00016124964447182134
96.25,-4.9253413057280346e-05
96.30000000000001,-4.0134076153641626e-05
96.35000000000001,5.7246087076081196e-05
96.4,0.0003178884651294262
96.45,-0.0002455967150771066
96.5,-8.448293249523775e-05
96.55000000000001,0.0003399890817994294
96.60000000000001,-0.00012220468146160267
96.65,7.357132181454764e-05
96.7,0.0002661539940029537
96.75,-0.00012533527410347537
96.80000000000001,0.00022611299049124425
96.85000000000001,0.00027164733068777656
96.9,1.5637052722858973e-05
96.95,1.2460493960772453e-05
97.0,-0.00014783201998102817
97.05000000000001,0.00011340575499958395
97.10000000000001,5.8344625571272466e-05
97.15,-0.00017436667872820354
97.2,4.8233704470133436e-05
97.25,0.00011480792941889058
97.30000000000001,3.593525586896639e-05
97.35000000000001,-0.00011664295097393198
97.4,-1.1022539363169864e-05
97.45,0.00016522095614024708
97.5,0.0001469373224749188
97.55000000000001,0.00019308551652655768
97.60000000000001,0.00012944003754450557
97.65,0.00011990295610668049
97.7,9.083314437630711e-05
97.75,-0.00015929972294071278
97.80000000000001,0.00019670751589389085
97.85000000000001,-5.796334581623469e-05
97.9,-0.00032358132447738233
97.95,0.0004960335164221876
98.0,-9.951066767124109e-05
98.05000000000001,-0.0004801711690926897
98.10000000000001,0.00022753465921716625
98.15,-0.0001790470680075751
98.2,4.027762321767572e-06
98.25,0.00011285736217209172
98.30000000000001,-0.0003553450049135302
98.35000000000001,-0.00020691023966824405
98.4,-2.8518188620586544e-05
98.45,0.00030967784401861814
98.5,8.489308716690808e-05
98.55000000000001,-0.0003149919432396409
98.60000000000001,-5.802779670452423e-05
98.65,-6.24268916138366e-05
98.7,0.0002185550375449453
98.75,0.0002939628364685002
98.80000000000001,-0.0002707533057886848
98.85000000000001,-0.00011911613505015574
98.9,-1.222887433783127e-06
98.95,4.189647701377997e-05
99.0,4.6188336054279414e-05
99.05000000000001,-0.00024271365647813258
99.10000000000001,4.439153724035025e-05
99.15,-0.00011267402528657841
99.2,-0.0001694942712356271
99.25,0.0002093460354365463
99.30000000000001,-0.0001726572409989058
99.35000000000001,-4.203711716543671e-05
99.4,0.00030122264960177295
99.45,-2.0133301457937723e-05
99.5,-3.0795716423132325e-05
99.55000000000001,0.00012467283509300003
99.60000000000001,-5.4476175042436835e-05
99.65,6.215890094502888e-05
99.7,0.000371927891511428
99.75,8.684083582701746e-05
99.80000000000001,0.00017894202440016244
99.85000000000001,-9.114721836114516e-05
99.9,-0.00018030394503939175
99.95,0.0004491507950553332
100.0,5.0748691837010955e-05
100.05000000000001,0.0001510709937918759
100.10000000000001,0.0002658336032389821
100.15,-0.00036238013431529547
100.2,0.00025616700632611304
100.25,0.000300250683457876
100.30000000000001,-0.00011872972111839293
100.35000000000001,0.0003772156315639446
100.4,-0.00017149836967647036
100.45,-0.00014949215641342058
100.5,0.00045080025136620753
100.55000000000001,-0.00019737478146903805
100.60000000000001,1.9938174777388306e-05
100.65,8.539246591697344e-05
100.7,-0.00038763539133677375
100.75,-1.104555037837975e-06
100.80000000000001,1.91893686596404e-05
100.85000000000001,-0.00010497140004112073
100.9,-0.00012346894873929384
100.95,-0.00014438887651414855
101.0,-8.925241611363224e-05
101.05000000000001,-0.00021758683929836277
101.10000000000001,-0.0001298532554574055
101.15,7.059077836852653e-05
101.2,-8.945562603039509e-05
101.25,-0.00020532650448320695
101.30000000000001,-2.9547829058215444e-05
101.35000000000001,-0.0001883722810448358
101.4,-0.00026783291914548424
101.45,3.988871460868963e-05
101.5,-6.921133333515654e-05
101.55000000000001,-0.00038013096471603536
101.60000000000001,-0.00015178449608382007
101.65,8.294814682745522e-05
101.7,-0.00022098891013385064
101.75,-4.554069316371621e-06
101.80000000000001,-6.707091832584063e-05
101.85000000000001,-8.363340660740319e-05
101.9,3.211477882147791e-05
101.95,-7.473552116645097e-05
102.0,6.684564934564632e-05
102.05000000000001,-0.00021353828507890337
102.10000000000001,0.00030891140012185707
102.15,0.0003424386931747631
102.2,-0.0004319889180403668
102.25,0.00011159525187753488
102.30000000000001,0.00016372007805862145
102.35000000000001,-9.760586513790207e-05
102.4,0.0004072265115922847
102.45,0.00027829825952082005
102.5,-0.0002688488611005486
102.55000000000001,0.00014578161633980685
102.60000000000001,0.00020477204983186613
102.65,-0.00016681647144440218
102.7,0.0003181573345249571
102.75,0.00012973466658535996
102.80000000000001,-0.00014674903131538927
102.85000000000001,-7.821812418980829e-06
102.9,-0.00023677444230588374
102.95,0.00027203312542693753
103.0,0.0005317459725600356
103.05000000000001,-0.00014394252343609545
103.10000000000001,-0.00021310758468001198
103.15,-6.275819229022072e-05
103.2,0.00015797569330764752
103.25,0.0004671502491775166
103.30000000000001,7.226688641935071e-05
103.35000000000001,-0.0002876914623422511
103.4,-0.0003523479603848913
103.45,0.00010595504715117473
103.5,-0.0001284058262616324
103.55000000000001,-7.862058960762939e-05
103.60000000000001,5.1619043586179243e-05
103.65,-0.00030047151515836417
103.7,-0.00011939720889400135
103.75,-4.9975983952172854e-05
103.80000000000001,-8.552070053759021e-05
103.85000000000001,0.00023442397620939727
103.9,0.00020803611689647984
103.95,-0.00015069326384678828
104.0,2.8915277610075204e-06
104.05000000000001,-0.0001645316999383004
104.10000000000001,9.607803677261265e-05
104.15,0.00021079935687375785
104.2,-9.29609432577182e-05
104.25,0.0001484710737485046
104.30000000000001,-1.4803729457533555e-05
104.35000000000001,-0.00011359453596782021
104.4,0.00014569711958812735
104.45,-4.859518687759519e-05
104.5,-5.484035773787584e-05
104.55000000000001,0.0003140202319396728
104.60000000000001,-0.0001743725879212199
104.65,-0.0002425627367026114
104.7,0.00016844604905595263
104.75,-3.373353474725525e-05
104.80000000000001,0.00034141629593276856
104.85000000000001,0.00020495790311789237
104.9,-0.00034702223401916743
104.95,0.00015523056774195384
105.0,0.00013662385105096724
105.05000000000001,0.0001317343544621589
105.10000000000001,0.0003462612835926907
105.15,-0.00020986312025835898
105.2,-0.00010230153870530094
105.25,4.509822999072011e-05
105.30000000000001,-0.0002627999148587908
105.35000000000001,0.00012181807907797658
105.4,9.232644027026096e-05
105.45,-0.0003634182880204721
105.5,-0.00019012913740214178
105.55000000000001,-0.00023018811676350843
105.60000000000001,-0.00019908746269791175
105.65,0.00022293376088638214
105.7,6.628253893543118e-05
105.75,0.00012504828909566624
105.80000000000001,-8.114111278124462e-05
105.85000000000001,-0.000402189312823844
105.9,0.0002273388163970453
105.95,0.00016571966177457645
106.0,-8.602805814966032e-06
106.05000000000001,0.0002613205071022447
106.10000000000001,1.652964453141446e-05
106.15,-0.00014502617589429897
106.2,2.939049130946211e-05
106.25,7.425430333400786e-06
106.30000000000001,0.00012505560973869725
106.35000000000001,5.6662749494003665e-05
106.4,-0.00011635701047489543
106.45,2.970845929535681e-05
106.5,-0.00031305741800866343
106.55000000000001,5.9481382309430135e-05
106.60000000000001,0.0003724723319968526
106.65,-0.00016743636953185198
106.7,-0.00013226171815891095
106.75,-0.0003249836271154293
106.80000000000001,-0.00020050367501312383
106.85000000000001,0.00014719074880579453
106.9,-0.00010959697870621443
106.95,-7.815945901866654e-05
107.0,-6.675651510881417e-05
107.05000000000001,-0.0002641732250589473
107.10000000000001,-3.89406653208476e-05
107.15,5.724435758487317e-05
107.2,-3.302068475331163e-05
107.25,0.00020723326427215808
107.30000000000001,-9.082303611191249e-05
107.35000000000001,8.370574809597772e-05
107.4,0.0004480280995710375
107.45,-0.00010201163163690601
107.5,0.0001891091362324954
107.55000000000001,0.00014542569515002977
107.60000000000001,-8.15217299058149e-05
107.65,0.0005677796676223957
107.7,0.00011615535304916927
107.75,-3.903523556790124e-05
107.80000000000001,0.00010431121762178356
107.85000000000001,-0.00011999158912669896
107.9,0.00016799496296794963
107.95,0.00013110984900427774
108.0,0.00011352496759802172
108.05000000000001,4.069291197011824e-05
108.10000000000001,7.205786903887838e-06
108.15,3.254473117454055e-05
108.2,-7.837831510448061e-05
108.25,0.00022902765485802068
108.30000000000001,0.00042592533998618435
108.35000000000001,-0.00030671803289259385
108.4,-0.000209967570926225
108.45,0.0001870224306716159
108.5,-0.00043350104710339967
108.55000000000001,0.00024975745615018644
108.60000000000001,0.00013748571783157962
108.65,-0.0008440110871370481
108.7,7.454630333752856e-05
108.75,-0.00020243236816376952
108.80000000000001,-2.867131472914991e-05
108.85000000000001,0.000144061557030284
108.9,-0.000575245959862103
108.95,0.0002848459747753603
109.0,-9.849968309484532e-05
109.05000000000001,-0.00025412035886295323
109.10000000000001,0.00027265817471248504
109.15,-0.00027180437661858083
109.2,-0.00012378558681912574
109.25,0.0001150725720482785
109.30000000000001,-0.00022744508727578792
109.35000000000001,-2.952751014584441e-05
109.4,-7.008941535265941e-05
109.45,-0.00035317893117043167
109.5,7.694842902954127e-05
109.55000000000001,-9.655186545826695e-05
109.60000000000001,3.795774874901851e-05
109.65,0.00018996926018022335
109.7,-0.00011249948365991544
109.75,0.0001701282931775024
109.80000000000001,-4.3590756446896645e-05
109.85000000000001,5.038762012026105e-05
109.9,0.00030976236470125064
109.95,6.330455477386846e-06
110.0,0.00017072465737469095
110.05000000000001,-9.34043499458168e-05
110.10000000000001,-0.00012223459704601038
110.15,5.5254198543224325e-05
110.2,-0.00019133069140352067
110.25,0.00026709375768453717
110.30000000000001,-0.00011860676466317254
110.35000000000001,-0.00012155778356173394
110.4,0.000228635482713716
110.45,-0.0004368350470777077
110.5,0.0002286634497355502
110.55000000000001,0.00022450601048658146
110.60000000000001,-0.0001136734079192297
110.65,0.00021300458977709872
110.7,-0.00018040833153313768
110.75,5.202986391083937e-05
110.80000000000001,5.7976514864200585e-05
110.85000000000001,6.515243027547998e-05
110.9,0.00020463511950263177
110.95,-8.766497295828014e-05
111.0,0.0002876555820406523
111.05000000000001,-3.174334227025661e-05
111.10000000000001,-0.00019938966310556288
111.15,0.0004990975607558648
111.2,-4.767856025182867e-05
111.25,7.148593978950018e-05
111.30000000000001,0.00044451793653715665
111.35000000000001,-0.0003948888231121856
111.4,0.00012286786883673756
111.45,0.00021044378048645969
111.5,-0.0002143466751929107
111.55000000000001,0.00012328792078982283
111.60000000000001,-0.00015535021833288403
111.65,-0.00010959016583816694
111.7,9.463152835689225e-05
111.75,0.000174287837183316
111.80000000000001,-5.1222115917357986e-05
111.85000000000001,-0.00034337351960667746
111.9,0.0001708276033412776
111.95,1.5434934169477035e-05
112.0,-8.842845068841058e-05
112.05000000000001,0.00010024997762159061
112.10000000000001,-0.00021158422276001599
112.15,-2.5567702296942637e-05
112.2,0.00011571193121243746
112.25,-0.00022953530666467624
112.30000000000001,-0.00026642363290554916
112.35000000000001,9.90390642681307e-05
112.4,-0.00014017470869467206
112.45,-0.00011764105078227524
112.5,-0.00012219041176130425
112.55000000000001,-0.00021750646846362769
112.60000000000001,0.00022013459905349355
112.65,-0.0001975937888939524
112.7,-0.00010266763320330646
112.75,9.548259001564954e-06
112.80000000000001,-0.00019523392043186552
112.85000000000001,0.00024411749930579112
112.9,-0.0002084363252654616
112.95,-0.0002163200173825666
113.0,3.2462498060033085e-05
113.05000000000001,-0.0002669485172525051
113.10000000000001,1.3210029218330618e-05
113.15,-2.3705021731162975e-05
113.2,-0.00012434644106959494
113.25,0.00019502385110494252
113.30000000000001,-3.456146924446532e-06
113.35000000000001,-7.917770196941325e-05
113.4,0.000282282245449591
113.45,-6.834749662116429e-05
113.5,5.609858839498837e-05
113.55000000000001,0.0003437284110761665
113.60000000000001,2.635289686195454e-05
113.65,0.0003210247370014949
113.7,0.00011697127158946736
113.75,-0.0002465057550137453
113.80000000000001,0.0002788042569680619
113.85000000000001,0.00024013032261041467
113.9,-0.0001798547636669819
113.95,3.8529419024830475e-05
114.0,-6.651977413385513e-05
114.05000000000001,-7.752889842454309e-05
114.10000000000001,0.000493446858314886
114.15,0.00014065015343449233
114.2,-0.0003276142429869426
114.25,8.595979291089201e-05
114.30000000000001,-4.8776625006594285e-05
114.35000000000001,0.0002944881500430772
114.4,0.00034693430564365564
114.45,-0.0003200856698895643
114.5,4.867688579226233e-05
114.55000000000001,0.00010864600959283295
114.60000000000001,-9.242203428173675e-05
114.65,7.537975330136841e-05
114.7,-5.864793359432428e-05
114.75,-6.1490284259622e-05
114.80000000000001,9.14338543758428e-05
114.85000000000001,0.00015131636225048414
114.9,-0.00017785517912417178
114.95,-0.0002866035947862025
115.0,0.0003121837946381492
115.05000000000001,6.790660875131242e-06
115.10000000000001,5.5752498566867916e-05
115.15,0.0002870013040592762
115.2,-0.0004443288694193152
115.25,9.721139931730076e-06
115.30000000000001,7.921886785814192e-05
115.35000000000001,-0.0002817713177785375
115.4,0.0002487753736651785
115.45,-0.0001814263293632606
115.5,-0.0003008447592786609
115.55000000000001,0.00016490728907290109
115.60000000000001,-0.00024176341078514015
115.65,0.0002138220717683354
115.7,0.0005795868494473193
115.75,-0.0003525158959880275
115.80000000000001,-0.00010863448331992082
115.85000000000001,0.00014665637774855878
115.9,-2.137547770334914e-05
115.95,0.00027805095860401063
116.0,9.126412472688156e-05
116.05000000000001,-0.00041466884015578536
116.10000000000001,7.109073441355731e-05
116.15,3.7958093308577666e-05
116.2,-0.00034470667708706856
116.25,0.0004658507196393973
116.30000000000001,-0.00010308451324753173
116.35000000000001,-9.165609773362869e-05
116.4,0.0004112400975645564
116.45,-0.0004690106987307974
116.5,-0.00032106885670214925
116.55000000000001,0.0003105779291649866
116.60000000000001,0.00022776177960083575
116.65,-0.00036859796548863156
116.7,-0.0003709623368949206
116.75,-0.00015856839590647285
116.80000000000001,-0.00014872647565600881
116.85000000000001,0.0001505900257585229
116.9,0.00023166238905471807
116.95,-0.000342720313585238
117.0,-0.0005181178710757139
117.05000000000001,0.00015073035845636313
117.10000000000001,0.00010832265593422947
117.15,0.00018185581931818196
117.2,-3.564245765700224e-05
117.25,-0.0002724999704556739
117.30000000000001,-6.616508241861608e-06
117.35000000000001,-6.517967212790498e-05
117.4,0.00021970526627649938
117.45,0.00016302895225815008
117.5,-0.0002073565587539011
117.55000000000001,-0.00021357657845990383
117.60000000000001,0.0003205537558448473
117.65,0.0001519394009647871
117.7,-0.00013997706642294901
117.75,0.00015427449642090935
117.80000000000001,-0.0001331663961468753
117.85000000000001,8.44194353803514e-05
117.9,0.00015251310460293562
117.95,-0.00015572439542272586
118.0,-5.930102509546832e-05
118.05000000000001,-5.97157847127939e-07
118.10000000000001,0.00013453240616945796
118.15,-0.0002105918616732916
118.2,-5.822844365275435e-05
118.25,9.45517662430279e-05
118.30000000000001,-0.0001789810920135081
118.35000000000001,5.890088742235546e-05
118.4,0.00014550343964339133
118.45,-5.100749837217449e-05
118.5,-2.492704392725829e-05
118.55000000000001,2.461019252106756e-05
118.60000000000001,1.450291704516232e-05
118.65,0.00013939855753884798
118.7,8.647558071949598e-05
118.75,-4.509158568143837e-05
118.80000000000001,0.00011878203228116598
118.85000000000001,0.00011526970468400886
118.9,-1.90497426119554e-05
118.95,0.00012335329129627671
119.0,-7.720174030462572e-05
119.05000000000001,-0.0003538654714432047
119.10000000000001,6.693266515475266e-05
119.15,1.9810241179711227e-05
119.2,2.3994924446495036e-05
119.25,0.0002436371972827426
119.30000000000001,-7.049951420875957e-05
119.35000000000001,5.9056636104924687e-05
119.4,0.00010026760616105387
119.45,0.0001066807246349329
119.5,0.0003542285530383652
119.55000000000001,-6.360078482980326e-06
119.60000000000001,2.759028387827586e-05
119.65,0.00013636262295854164
119.7,-4.5887230873214036e-05
119.75,0.00018134383846388186
119.80000000000001,0.00036045100240602305
119.85000000000001,-0.0002483129066437604
119.9,-6.651566790286039e-05
119.95,0.000194756732024839
120.0,8.89097570731965e-06
120.05000000000001,0.0002315402950683017
120.10000000000001,-4.6886617261856894e-05
120.15,-1.0405108096581704e-05
120.2,-9.532040145551808e-05
120.25,-0.00027816174727025145
120.30000000000001,7.114531510280357e-05
120.35000000000001,-3.2524936601495466e-05
120.4,-0.00016786848541611526
120.45,-0.00013069543604142452
120.5,-7.963436510202755e-05
120.55000000000001,0.00011251703535167392
120.60000000000001,0.0002153287798824948
120.65,-1.5114645615193325e-05
120.7,7.735748479991248e-06
120.75,-2.6876184524340762e-05
120.80000000000001,-8.709882213209072e-05
120.85000000000001,0.00014465371595218606
120.9,-0.0002116990001556966
120.95,-0.00015205205809109114
121.0,5.8473167804158936e-05
121.05000000000001,-0.00032421846892805706
121.10000000000001,-0.00017600720016126942
121.15,-0.00012640470955225334
121.2,-0.0001000201142817915
121.25,-0.0002613150485492097
121.30000000000001,-8.496533226975808e-05
121.35000000000001,5.1062944453233245e-05
121.4,-0.0003839428676832361
121.45,0.00012453515542469934
121.5,-6.224219099373652e-05
121.55000000000001,-0.0003764016805476068
121.60000000000001,8.541568985499748e-05
121.65,-0.0002968977288437106
121.7,-9.00159425193909e-05
121.75,2.8600632084835794e-05
121.80000000000001,-0.0002484693942830693
121.85000000000001,8.257443366098916e-05
121.9,-6.822286541181697e-06
121.95,-0.00021666972101851782
122.0,-9.219574238300327e-06
122.05000000000001,0.00014252179538235183
122.10000000000001,-8.070816144991403e-05
122.15,9.816281561858763e-05
122.2,0.00016879141040809624
122.25,-0.00030148974381006893
122.30000000000001,0.0002957689393348569
122.35000000000001,0.000230402361602543
122.4,-0.0002335851716850622
122.45,0.00042571522657732847
122.5,-0.00013395572052281185
122.55000000000001,-0.00014625881088346727
122.60000000000001,0.0005806926693169799
122.65,9.232966793537293e-05
122.7,0.000254573242716294
122.75,0.00035698911237465157
122.80000000000001,-5.614530346362725e-05
122.85000000000001,0.00026493234677198304
122.9,0.0004973277157987256
122.95,0.0001413087249207243
123.0,0.00011808893889288888
123.05000000000001,0.0003891022911276359
123.10000000000001,-2.0792982076176668e-05
123.15,-8.674344712835719e-05
123.2,0.00024804936192002723
123.25,-3.694260789359147e-05
123.30000000000001,0.00010951692783331979
123.35000000000001,0.0004168643141462388
123.4,-0.0002490634586687119
123.45,1.6131701610815448e-05
123.5,0.0002532030889412292
123.55000000000001,-0.00013287514084886379
123.60000000000001,0.00039206500597002356
123.65,3.037221919374794e-05
123.7,-3.944761421318304e-05
123.75,0.00017110222038753452
123.80000000000001,-0.00039705784914926087
123.85000000000001,1.767620026276825e-05
123.9,-8.933022656443383e-05
123.95,-0.0002544496395597907
124.0,0.00020759061252799557
124.05000000000001,-0.00028199808926410944
124.10000000000001,-0.00019256613309315658
124.15,0.00010694159182943263
124.2,-0.0002640767780216169
124.25,-2.1362475933630752e-05
124.30000000000001,-0.00014501198144815507
124.35000000000001,-0.000352254198479113
124.4,-0.00018849950568923605
124.45,-0.0004534007114434116
124.5,-0.00012449454425465795
124.55000000000001,-3.7586752604134784e-05
124.60000000000001,-0.0002925172751397899
124.65,-8.48856279962302e-05
124.7,-0.000359730603928595
124.75,-0.0003809060014502493
124.80000000000001,0.00011264442510951068
124.85000000000001,-0.00019557812919171913
124.9,-0.00014753517195736983
124.95,0.00010657494137159783
125.0,-0.0005017921893330108
125.05000000000001,-1.8863897697742038e-05
125.10000000000001,-2.2360135418967326e-05
125.15,-0.0001799986164873018
125.2,0.00011819344836730761
125.25,-0.0003716251935629896
125.30000000000001,-4.184703686036433e-05
125.35000000000001,-4.876222661964736e-05
125.4,-0.00023304948454297994
125.45,0.00016613529415396213
125.5,-0.0001458103832537277
125.55000000000001,1.97494443250771e-05
125.60000000000001,0.00023588392054044516
125.65,-1.0235633007733209e-05
125.7,0.00028405109771138305
125.75,0.0003744691922408865
125.80000000000001,0.00040654459113783806
125.85000000000001,0.00015605039700596467
125.9,0.0001579912521336319
125.95,0.00021447316974783438
126.0,0.00013185087662577653
126.05000000000001,0.000646497388436504
126.10000000000001,0.0003090426108427914
126.15,0.00020397053355523145
126.2,0.000422568291425282
126.25,4.521755066375506e-05
126.30000000000001,0.0004501476238567609
126.35000000000001,0.0005176548230030085
126.4,8.11552666684989e-05
126.45,0.00013967912882544445
126.5,5.0774187798107386e-05
126.55000000000001,8.472297990336378e-05
126.60000000000001,0.00022914558213731696
126.65,0.000158878576114443
126.7,0.00018446516943336605
126.75,0.0001453055979378083
126.80000000000001,5.656225087887704e-05
126.85000000000001,0.00035882533418452354
126.9,0.00038741259206469746
126.95,-7.971623321346822e-05
127.0,0.0002536719030114655
127.05000000000001,0.00011090310364507014
127.10000000000001,-0.0002867267353893203
127.15,0.00033861458080500673
127.2,-0.00022539306995242932
127.25,-0.0006621483332543116
127.30000000000001,6.72894966831757e-05
127.35000000000001,-0.000545442173030299
127.4,-0.00045003416816321055
127.45,0.0001184094454688299
127.5,-0.0006823542906828252
127.55000000000001,-0.0002363301700913576
127.60000000000001,1.716759743363882e-06
127.65,-0.00048006456006375063
127.7,-1.91827030748948e-05
127.75,-0.0001602073494982903
127.80000000000001,-0.00041737491621590537
127.85000000000001,-5.9617357216912695e-05
127.9,-0.00034354846185133257
127.95,-0.0005174557556022562
128.0,-0.00023516387466248476
128.05,-0.0004442880057806873
128.1,-0.0007186930468779855
128.15,-0.00030071817343468854
128.20000000000002,-0.00030869271433283676
128.25,-0.0003263059909142501
128.3,5.0453268821552956e-05
128.35,-0.00019272901520923734
128.4,-5.379480341528688e-05
128.45000000000002,5.424145612274591e-05
128.5,-9.042264669106861e-05
128.55,-0.00019876861071314197
128.6,-0.00025644494129955484
128.65,-0.00018346324604543034
128.70000000000002,-0.00032400928757630873
128.75,2.2949689762008317e-06
128.8,6.014043808152092e-05
128.85,-0.00017203144361700365
128.9,0.0002269981862784725
128.95000000000002,0.0002535193571685687
129.0,0.0001336088346979431
129.05,0.0005596255495316942
129.1,0.0005584082740903395
129.15,0.000364080110248016
129.20000000000002,0.0005577982162254734
129.25,0.00017704614728247442
129.3,0.00010585099835301067
129.35,0.0005299754632852693
129.4,0.00021022817705468802
129.45000000000002,0.00013875033776388347
129.5,0.00039992348955103247
129.55,0.000101568045492747
129.6,0.00036244257889464504
129.65,0.0006536246283004114
129.70000000000002,0.0005931735883852124
129.75,0.0007509534929384486
129.8,0.0004731093034635889
129.85,0.0004930657871256057
129.9,0.0002861904331190089
129.95000000000002,5.851870665576807e-05
130.0,0.00036925321747628155
130.05,-7.093638604584255e-05
130.1,-0.0002151750586772018
130.15,0.00013732042625539236
130.20000000000002,-0.0002382412274594924
130.25,-0.00014783967458042695
130.3,0.0004654352924837045
130.35,0.00017796349901084805
130.4,0.00019361792482027035
130.45000000000002,0.0005352881318098924
130.5,-0.00012340320986562275
130.55,-0.0001277802274571074
130.6,3.559302619540045e-05
130.65,-0.0003233584030793777
130.70000000000002,-0.0006091251533133461
130.75,-0.000762051661129052
130.8,-0.0006937511306317102
130.85,-0.0007997271439986124
130.9,-0.00026715423944588827
130.95000000000002,-0.0007130188874003943
131.0,-0.0008919449049351117
131.05,-0.00031627757237338497
131.1,-0.0009899345943875319
131.15,-0.0004983174406498668
131.20000000000002,-0.00037065952093916416
131.25,-0.0009793799866961727
131.3,-0.0005373880610203505
131.35,-0.0006816351213640039
131.4,-0.0006909123746717731
131.45000000000002,-0.0003343875360921088
131.5,-0.0003404211639346933
131.55,-0.0004632700395240874
131.6,-0.00028881326784969995
131.65,0.00015494806377346285
131.70000000000002,-3.066164541151522e-05
131.75,0.00042037191317275665
131.8,0.0006078306165516208
131.85,6.65402944561244e-05
131.9,0.0005682560456921125
131.95000000000002,0.00020686893358257732
132.0,-9.816557716374329e-05
132.05,0.0007036709570810532
132.1,5.845571034232331e-05
132.15,8.046323222311067e-06
132.20000000000002,0.0005044311171880051
132.25,-2.225192547101655e-05
132.3,0.00038741300006250683
132.35,0.0007484470773954943
132.4,0.0006350750145269265
132.45000000000002,0.0009277237450294706
132.5,0.0007475421316741996
132.55,0.0004489792379289803
132.6,0.0006077085744365264
132.65,0.00041977548999777163
132.70000000000002,0.00018555063503921244
132.75,0.000342170168135887
132.8,-0.00023713628884728944
132.85,-0.000742430040387297
132.9,-0.00011722281130863354
132.95000000000002,-9.502832161764854e-05
133.0,-7.333957872486031e-05
133.05,0.00035957119163382425
133.1,-0.00010319027721221521
133.15,-0.0001193817745888933
133.20000000000002,0.0003721894917177615
133.25,0.00032561686840363154
133.3,0.0004843078086759316
133.35,0.0004004506847036964
133.4,-0.00012784242811374853
133.45000000000002,-0.0004714310709376689
133.5,-0.0006524049563376067
133.55,-0.000947782564610286
133.6,-0.0006291663788568196
133.65,-0.0001416978120769171
133.70000000000002,-0.0007172467426155194
133.75,-0.00016790582290974053
133.8,0.0004578741990924526
133.85,-0.00014075498413110537
133.9,0.000650729040190229
133.95000000000002,0.0006370188494894081
134.0,-0.0004451317360121492
134.05,-0.00015485633713961268
134.1,-0.000629295812344995
134.15,-0.0011365506875913134
134.20000000000002,-0.0006587423580825103
134.25,-0.0006495720283268339
134.3,-0.000629197160057756
134.35,-0.0005401014164727769
134.4,-0.0004347121072684975
134.45000000000002,0.00011349784446258633
134.5,0.000768718166999073
134.55,0.0010624164518224482
134.6,0.0011329993191581255
134.65,0.0008559464276722084
134.70000000000002,-2.1823014118024743e-05
134.75,0.00012937785127789214
134.8,0.0003839790596338579
134.85,-0.0007036528159215056
134.9,-0.000450857407653154
134.95000000000002,-0.0006966848003908766
135.0,-0.001300478057432682
135.05,-0.0001472323626627275
135.1,0.000305476180439409
135.15,0.0005543965294225552
135.20000000000002,0.0006914075724646888
135.25,0.000454350868673129
135.3,0.0008667829635107045
135.35,0.0009534431299709292
135.4,0.0010702001769165549
135.45000000000002,0.001267751495987332
135.5,0.00025076658346108823
135.55,-0.0005578637088043474
135.6,0.00016438651598225316
135.65,0.0004192328508013808
135.70000000000002,0.00029324947727595946
135.75,0.0008965392093359271
135.8,0.0013366770641382263
135.85,0.0011326765034321983
135.9,0.001292389734837769
135.95000000000002,0.0018046033611341904
136.0,0.0018057895093742083
136.05,0.0015649864942312657
136.1,0.0007057162089866204
136.15,-0.0008000369287548872
136.20000000000002,-0.0017010205298770664
136.25,-0.0021408285874334894
136.3,-0.0013287695955777135
136.35,-0.0005081869171694177
136.4,-0.0013393619500713515
136.45000000000002,-0.0009011404697014194
136.5,0.00022956865329325688
136.55,-0.00013114206172691397
136.6,0.0007779033734822727
136.65,0.0024053777574620443
136.70000000000002,0.0017830241696212942
136.75,0.0009674624271443665
136.8,0.0008331811072561094
136.85,-0.0004372069458923356
136.9,-0.0013826596777022438
136.95000000000002,-0.0010816603580554329
137.0,-0.0022100590974106736
137.05,-0.003168436536480511
137.1,-0.0023935846607463446
137.15,-0.0016127135817180212
137.20000000000002,0.00022995505122473515
137.25,0.001160778931948487
137.3,0.0007291932487761156
137.35,0.0015208801882067686
137.4,0.00033734349699014477
137.45000000000002,-0.0004443088489049706
137.5,0.0014560853340114495
137.55,-6.172674277998158e-05
137.6,-0.0020562204093708893
137.65,-0.000826224483921142
137.70000000000002,-0.0019021440808260387
137.75,-0.0033893830080339903
137.8,9.50428108797762e-06
137.85,0.0006990798258962076
137.9,-5.0327288750164554e-05
137.95000000000002,0.003458452649898354
138.0,0.0023039938969135637
138.05,0.00034130137731004407
138.1,0.002352710843413144
138.15,0.0022028901112080114
138.20000000000002,-0.0005465025143996389
138.25,-0.0036529214797967205
138.3,-0.0006724322675989982
138.35,-0.0003036260423171939
138.4,-0.005327576794264246
138.45000000000002,0.0005166580556915574
138.5,0.0033439871699362652
138.55,-0.002482441162693672
138.6,0.0034763486076736525
138.65,0.003986334311307944
138.70000000000002,0.001246612799389144
138.75,0.01060460710970961
138.8,0.0021112140459963414
138.85,-0.005181591247079773
138.9,0.004303011237624373
138.95000000000002,-0.007467019035828801
139.0,-0.010340510353906925
139.05,0.009647378183518148
139.1,-0.005329129100905937
139.15,-0.018104598708370494
139.20000000000002,0.009180917545404952
139.25,0.002662141178609103
139.3,-0.016991350137852607
139.35,0.01824462330777062
139.4,0.017731425530476918
139.45000000000002,-0.014251727080224985
139.5,0.004672260575442655
139.55,0.008209065345394801
139.6,-0.009583589826387502
139.65,-0.018362766291182612
139.70000000000002,0.010568548587871174
139.75,0.003970552432270595
139.8,-0.03947688410200306
139.85,0.0087965515867645
139.9,0.01196956550487665
139.95000000000002,-0.01016260549690686
140.0,0.005500770443971139
140.05,0.0006004880524638731
140.1,0.01228607748956917
140.15,-0.021780488208669502
140.20000000000002,0.006211873337513637
140.25,0.019204652943649456
140.3,-0.028413898835007178
140.35,0.018553853117840895
140.4,-0.000492036706362997
140.45000000000002,-0.029338073703236687
140.5,-0.01706513046862708
140.55,-0.001298250263620076
140.6,0.04135062698278904
140.65,-0.0023868790394384653
140.70000000000002,-0.04013239708550393
140.75,0.060519431410943354
140.8,0.005248549207162148
140.85,-0.06995594989311357
140.9,0.07101964832611497
140.95000000000002,-0.004114037537902806
141.0,-0.04527525663692821
141.05,0.03934398446314698
141.1,-0.027207007156782127
141.15,-0.0067391017828634815
141.20000000000002,-0.003461982044953777
141.25,0.02573097503356414
141.3,0.013791115985156706
141.35,-0.09915624215656034
141.4,0.10547955651736708
141.45000000000002,0.07761055673226475
141.5,-0.12663604576711981
141.55,0.08192253951383092
141.6,0.03623086361240256
141.65,-0.08877953004050394
141.70000000000002,0.0511282635076409
141.75,0.005086940769142046
141.8,-0.033722722487430384
141.85,-0.0005694315096323303
141.9,0.004467970301194946
141.95000000000002,0.029670818854890403
142.0,-0.061812719711374524
142.05,0.032588026608678496
142.1,0.08161008428394136
142.15,-0.1079259607515484
142.20000000000002,0.04434272944342919
142.25,0.09393248949767335
142.3,-0.09038495962711386
142.35,0.03620673675023782
142.4,0.03210192640690337
142.45000000000002,-0.08897672493084507
142.5,0.037230729918464135
142.55,-0.0031271945647785818
142.6,-0.07221917674944192
142.65,0.05734518415975622
142.70000000000002,-0.03038367366335465
142.75,-0.015439576379525859
142.8,0.08206429818136093
142.85,-0.10991400925094857
142.9,0.03217763905812572
142.95000000000002,0.08511952979170262
143.0,-0.1102653921739381
143.05,0.09164122159831693
143.1,0.0156290192738216
143.15,-0.13226166811397905
143.20000000000002,0.07357390193498706
143.25,-0.01537074719480272
143.3,-0.05884319311508302
143.35,0.08448832626068188
143.4,-0.018474947435790694
143.45000000000002,-0.08395974882937937
143.5,0.060240689112506726
143.55,0.09238539083513339
143.6,-0.07993745928291303
143.65,0.05458579338497585
143.70000000000002,0.03124296824381811
143.75,-0.18131605299306272
143.8,0.12670199142465327
143.85,0.03530839348736407
143.9,-0.1960081387464342
143.95000000000002,0.11509426217181332
144.0,0.04567269826780837
144.05,-0.1709991234731002
144.1,0.1342896535715353
144.15,0.0715227453112336
144.20000000000002,-0.14071898049766415
144.25,0.11652779969447538
144.3,-0.03218895781949318
144.35,-0.05654089070583071
144.4,0.14070864395552787
144.45000000000002,-0.08132220477506363
144.5,0.012803760482267706
144.55,0.03493830257871469
144.6,-0.11847401697763808
144.65,0.10169417730171504
144.70000000000002,-0.0619345712900235
144.75,-0.08799023078861767
144.8,0.15132973179061607
144.85,-0.05741432393978996
144.9,-0.004234683407047394
144.95000000000002,0.09246513395860124
145.0,-0.08324370234780826
145.05,-0.025333998235540927
145.1,0.1039924926116521
145.15,-0.048970197287383915
145.20000000000002,-0.0601925959132969
145.25,0.11151699004578394
145.3,-0.045523086565499235
145.35,-0.061787969762849525
145.4,0.09939269369898197
145.45000000000002,-0.03927690119695822
145.5,-0.0451667410413345
145.55,0.09049503017438724
145.6,-0.050302357050264375
145.65,-0.06691883842651526
145.70000000000002,0.07248740364414863
145.75,0.006744240155386364
145.8,-0.04687564420564094
145.85,0.04138310610473476
145.9,-0.013406846650298461
145.95000000000002,-0.011909707453019377
146.0,0.05807558125116049
146.05,-0.08585525360942317
146.1,0.06250990450410551
146.15,0.00631391372332476
146.20000000000002,-0.09537114692994313
146.25,0.12795985718867933
146.3,-0.11768808934707743
146.35,-0.019472206548293517
146.4,0.19994579683784974
146.45000000000002,-0.14187709649669522
146.5,-0.07347576707076921
146.55,0.1300684666578307
146.6,-0.11357790222467025
146.65,-0.027924025903276067
146.70000000000002,0.16393940527603446
146.75,-0.1368977208978321
146.8,-0.008242305788768048
146.85,0.13823912264097682
146.9,-0.11880205479651944
146.95000000000002,0.06710883360403809
147.0,0.06670580476915675
147.05,-0.1173008799027078
147.1,0.07711574721487423
147.15,9.468803694182853e-05
147.20000000000002,-0.13818382145107957
147.25,0.13895358972464342
147.3,-0.02260731762319414
147.35,-0.14663429840418674
147.4,0.19146183329603314
147.45000000000002,-0.06388295220511854
147.5,-0.06772940751220922
147.55,0.14823989427571765
147.6,-0.09385641602537752
147.65,0.029534343759067792
147.70000000000002,0.06609852230060854
147.75,-0.07820149505628717
147.8,0.012929949105745667
147.85,-0.007113053521316513
147.9,0.020671727633990382
147.95000000000002,0.01774417760318685
148.0,-0.05849228687150313
148.05,-0.0021680522515349966
148.1,0.013836017741883535
148.15,-0.00846641931908544
148.20000000000002,-0.00814187959610301
148.25,0.04784348502119094
148.3,0.009801175246897142
148.35,-0.03313725651361206
148.4,0.015011452261355805
148.45000000000002,0.00850375583058304
148.5,0.06947054131019856
148.55,-0.0015152632513467602
148.6,-0.07564281631240681
148.65,0.030384963958652863
148.70000000000002,-0.06783030446292655
148.75,-0.02976351306651452
148.8,0.10057090368704118
148.85,-0.09301457633022261
148.9,-0.017393598956340052
148.95000000000002,0.0671776996932886
149.0,-0.061974066198555056
149.05,0.009606873837280028
149.1,0.07172127141190013
149.15,0.02821251957657944
149.20000000000002,-0.06490642900237013
149.25,0.00852134168314791
149.3,0.004460448775627586
149.35,-0.08736009557970219
149.4,0.03635041514981736
149.45000000000002,0.06328593410318763
149.5,-0.06381613266518006
149.55,-0.022814686427543193
149.6,0.09171809623294433
149.65,-0.06862736119943455
149.70000000000002,-0.029835669369557814
149.75,0.08368909574260419
149.8,-0.007668812663749765
149.85,-0.036671478569891225
149.9,-0.0205434299455406
149.95000000000002,0.0868182403854347
150.0,-0.04391618586576468
150.05,-0.03520088683956108
150.1,0.1158339604482712
150.15,-0.053347211971070826
150.20000000000002,-0.10372801579536223
150.25,0.031018437235002822
150.3,0.0010804124801859357
150.35,-0.1021338500276821
150.4,0.16826090631002474
150.45000000000002,0.09748191394775822
150.5,-0.20035297846680375
150.55,0.16783411637289444
150.6,0.020727413254876672
150.65,-0.2357079368318985
150.70000000000002,0.23184841354547409
150.75,-0.03737920816632519
150.8,-0.20066453887371938
150.85,0.17976717143990692
150.9,-0.06938345732385756
150.95000000000002,-0.02293269751885316
151.0,0.11799125699253059
151.05,-0.033518155031927926
151.1,0.0006290558602526158
151.15,-0.016281155653968253
151.20000000000002,0.05610326200336794
151.25,0.019104898728720635
151.3,-0.07173893559637323
151.35,0.03526944006437458
151.4,-0.023910008226348665
151.45000000000002,-0.09893756287128334
151.5,0.05154022522572881
151.55,0.06784444851583471
151.6,-0.03726094992030541
151.65,0.05286687485074324
151.70000000000002,0.0053137616299403865
151.75,-0.09084286921452515
151.8,0.033987855802507294
151.85,0.0258259962936047
151.9,-0.0025686694219498544
151.95000000000002,-0.011312658192052885
152.0,-0.006093950004039081
152.05,-0.03966862515467135
152.1,-0.007012383039057711
152.15,0.08830693351836746
152.20000000000002,-0.08250920213400516
152.25,-0.03887301168383196
152.3,0.05599202112665433
152.35,-0.055384981447911895
152.4,-0.004417434986995137
152.45000000000002,0.16007324863881697
152.5,0.0034119650061994774
152.55,-0.1419765054221109
152.6,0.11385686635703962
152.65,-0.07483821430713093
152.70000000000002,-0.14821457873659816
152.75,0.18125909408336527
152.8,-0.020232523301203894
152.85,-0.11144338258501155
152.9,0.1181196004841441
152.95000000000002,-0.026666739160247005
153.0,-0.07710596416551854
153.05,0.12243624430492255
153.1,-0.0116208533999081
153.15,-0.019550223689891285
153.20000000000002,0.06147702829939812
153.25,-0.03351859287794961
153.3,-0.015053081513198568
153.35,0.016074664821884417
153.4,0.0341805713633273
153.45000000000002,-0.056183427434526596
153.5,-0.01215520219848642
153.55,-0.014936979546552591
153.60000000000002,-0.09182862013014831
153.65,0.07726852041509091
153.70000000000002,0.10869570720864165
153.75,-0.019264581816304742
153.8,-0.04164769082399536
153.85000000000002,0.07348667099660587
153.9,-0.11986198136029322
153.95000000000002,-0.020588039200943018
154.0,0.1767589868513421
154.05,-0.16713649040685166
154.10000000000002,0.07966467099322644
154.15,0.11430854234920124
154.20000000000002,-0.2031811557344255
154.25,0.12262831680724771
154.3,0.019565384705102076
154.35000000000002,-0.14090239092656892
154.4,0.07727792154771687
154.45000000000002,-0.03004542744969503
154.5,0.006140289894516683
154.55,0.016127037077631842
154.60000000000002,0.025309696079556004
154.65,0.001241791782445504
154.70000000000002,-0.12627492121985315
154.75,0.13125342276268406
154.8,0.03274543768698
154.85000000000002,-0.1801732170695514
154.9,0.14721180481725052
154.95000000000002,0.09169853195680887
155.0,-0.17889458546083858
155.05,0.14928398460526357
155.10000000000002,-0.010421228684554045
155.15,-0.23483527469673096
155.20000000000002,0.12156495567572798
155.25,-0.008375952745327422
155.3,-0.05396402553246464
155.35000000000002,0.05732039955467709
155.4,-0.014912365947540343
155.45000000000002,0.014559718855320558
155.5,-0.000598344659295075
155.55,-0.02229087890273007
155.60000000000002,0.01446580377606931
155.65,0.07864050414849615
155.70000000000002,-0.01608486002367482
155.75,-0.05110106525590296
155.8,0.04516401269822238
155.85000000000002,-0.05607735059692468
155.9,-0.018802506072467313
155.95000000000002,0.06451367480503027
156.0,-0.12972834460863283
156.05,-0.05583220016531843
156.10000000000002,0.191677812263872
156.15,-0.019404167043476323
156.20000000000002,-0.05825335330799306
156.25,0.10135147295128491
156.3,-0.09929778744747071
156.35000000000002,-0.023861840492277863
156.4,0.05584399399912887
156.45000000000002,-0.024461965434033502
156.5,0.03815468240492456
156.55,0.03414634595233853
156.60000000000002,0.04462421229926745
156.65,-0.06233209698494464
156.70000000000002,-0.08564791218895076
156.75,0.09366397264491942
156.8,0.050344613240627736
156.85000000000002,-0.11291964511563798
156.9,0.02203404577941584
156.95000000000002,0.009230626489572145
157.0,-0.09067860301421961
157.05,0.1257815372366828
157.10000000000002,0.06100197899733653
157.15,-0.06570663836368625
157.20000000000002,0.0037187277037494582
157.25,-0.008720466627018955
157.3,-0.05208788782385462
157.35000000000002,0.007209733481726946
157.4,0.11470018179417707
157.45000000000002,-0.028176452635839434
157.5,-0.025291765260014493
157.55,0.03402174906617808
157.60000000000002,-0.07727296159915514
157.65,0.06826555893131236
157.70000000000002,0.0034247249351455227
157.75,-0.062220306851809175
157.8,0.04573489118505001
157.85000000000002,-0.08983266042706871
157.9,0.02327298608471392
157.95000000000002,0.06506560305192648
158.0,-0.0528763626227806
158.05,0.07354828066217554
158.10000000000002,-0.04448496241801688
158.15,-0.08493695803225115
158.20000000000002,0.0739520243080369
158.25,-0.02140109092823679
158.3,0.023393972678541448
158.35000000000002,-0.006067459189612655
158.4,-0.11001605421053823
158.45000000000002,0.09337231299554807
158.5,0.024183083133020585
158.55,-0.012449095777289776
158.60000000000002,0.08268770819592583
158.65,-0.08906943628564107
158.70000000000002,0.010577469953411588
158.75,-0.004742519291537334
158.8,-0.010963556436337734
158.85000000000002,0.0675706655138085
158.9,-0.10689075994663651
158.95000000000002,0.05703054308160389
159.0,-0.023689936609592448
159.05,-0.06335987209163384
159.10000000000002,0.18897426248698349
159.15,-0.07043695234803374
159.20000000000002,-0.04740250497648879
159.25,0.1400071535299084
159.3,-0.17143073493379085
159.35000000000002,-0.018040349600149077
159.4,0.12751071591401264
159.45000000000002,-0.16866966619748983
159.5,0.06462598619217381
159.55,0.07040005825463509
159.60000000000002,-0.13562280071670657
159.65,0.10054654255701638
159.70000000000002,0.02263623514682862
159.75,-0.04961100260540431
159.8,0.08196898421673929
159.85000000000002,-0.0265992448109658
159.9,-0.019127608397518786
159.95000000000002,-0.004345998571343854
160.0,-0.04320202667822865
160.05,0.020198399730797886
160.10000000000002,0.062499338913919726
160.15,-0.00037730810189778776
160.20000000000002,-0.1089580885743197
160.25,0.01758914813604996
160.3,0.08524014719447795
160.35000000000002,-0.029871006211870867
160.4,0.050854191377435326
160.45000000000002,0.04567721523682228
160.5,-0.11649709950391819
160.55,-0.014927565379391123
160.60000000000002,0.03995632991030252
160.65,-0.02897705605540612
160.70000000000002,0.02384363173976775
160.75,0.025668122945615
160.8,-0.049999908192284524
160.85000000000002,-0.06328266764122477
160.9,0.07576713828134668
160.95000000000002,0.05903802349794907
161.0,-0.05434444988380754
161.05,0.07850932869733779
161.10000000000002,0.004587444566770103
161.15,-0.09164607788013573
161.20000000000002,0.06996843061780156
161.25,-0.010597232052537148
161.3,-0.05912096919269743
161.35000000000002,0.01912302177076457
161.4,0.017599586461938356
161.45000000000002,-0.04036164379195839
161.5,-0.05133226048082618
161.55,0.09838916763402727
161.60000000000002,-0.018255264311657783
161.65,-0.028035280683143798
161.70000000000002,0.11414825059655104
161.75,-0.14440351992003472
161.8,-0.05023878719343222
161.85000000000002,0.10211175032683562
161.9,-0.14697306931573942
161.95000000000002,0.05812184465331916
162.0,0.15155060989610583
162.05,-0.1063324455599343
162.10000000000002,0.05260664228963429
162.15,0.04518118006757911
162.20000000000002,-0.08879094582741055
162.25,0.07181740196285366
162.3,-0.018876361373502723
162.35000000000002,-0.09708187732915587
162.4,0.05139315829505398
162.45000000000002,0.048770700618840424
162.5,-0.040887315782044256
162.55,-0.030613268382185505
162.60000000000002,0.002064211496175257
162.65,-0.03460093774312977
162.70000000000002,0.004940097404895726
162.75,0.05395106251304338
162.8,-0.021808058864573824
162.85000000000002,0.012381022576531474
162.9,0.12888408921159145
162.95000000000002,-0.07029819518134715
163.0,-0.06427283288274718
163.05,0.1398793521743077
163.10000000000002,-0.062086117001562476
163.15,0.00326527435410664
163.20000000000002,0.05114755868938221
163.25,-0.11908921823532442
163.3,-0.00777111758886075
163.35000000000002,0.016999257898973125
163.4,-0.05109694813403986
163.45000000000002,-0.07562967361806211
163.5,0.10924025310882336
163.55,0.08600308515881178
163.60000000000002,-0.08149100797672075
163.65,0.0931745628191927
163.70000000000002,-0.01297656840003643
163.75,-0.07512816259394935
163.8,0.08613997442304139
163.85000000000002,-0.05241830228354271
163.9,-0.03808248119696856
163.95000000000002,0.08647792835278009
164.0,-0.06396648514922965
164.05,0.033608398902536994
164.10000000000002,0.04204758173155847
164.15,-0.12397892615940685
164.20000000000002,0.08568793572245231
164.25,0.010898568304733694
164.3,-0.08062750081077044
164.35000000000002,0.06003833872643773
164.4,0.01030118348957105
164.45000000000002,-0.022915797422269856
164.5,0.0003648322454154457
164.55,-0.006458702346732219
164.60000000000002,-0.07786921019671063
164.65,-0.0020038293480448507
164.70000000000002,0.01548141976196574
164.75,-0.04742790728659418
164.8,0.12079452630672786
164.85000000000002,0.02791445307069958
164.9,-0.06021976601260735
164.95000000000002,0.09130970822458433
165.0,0.014712925016684563
165.05,-0.07873154944946603
165.10000000000002,-0.04218679557789137
165.15,0.07465139977312185
165.20000000000002,-0.09693331476491841
165.25,-0.06833278341152753
165.3,0.15140443908859155
165.35000000000002,-0.16494716837300602
165.4,0.03210666418140804
165.45000000000002,0.17450208692057945
165.5,-0.18670771278584614
165.55,0.0628707062852438
165.60000000000002,0.03623969416465867
165.65,-0.0783271742289411
165.70000000000002,0.1579165914866084
165.75,-0.0743018754146946
165.8,0.03318984577041168
165.85000000000002,0.07419387151176274
165.9,-0.10156355021801218
165.95000000000002,0.11563407260780564
166.0,-0.07312209999837593
166.05,-0.05773502688637953
166.10000000000002,0.066446402321571
166.15,-0.11157792271975087
166.20000000000002,0.04717136898393682
166.25,0.09969200153929772
166.3,-0.042334966530800835
166.35000000000002,0.06607589976745945
166.4,-0.05188330764168777
166.45000000000002,-0.14535887628678804
166.5,0.13109599324218632
166.55,0.00450043587082232
166.60000000000002,-0.006055185187704571
166.65,0.09026111333436984
166.70000000000002,-0.19414919336444117
166.75,-0.029809951216398928
166.8,0.12445615725508292
166.85000000000002,-0.04337568665740664
166.9,0.014659747789249241
166.95000000000002,0.07338746614270975
167.0,0.009013352656921611
167.05,-0.0635635381001519
167.10000000000002,0.0681995934993752
167.15,0.010578001162091554
167.20000000000002,-0.09085592465079514
167.25,0.08507801179762196
167.3,-0.04765023490909113
167.35000000000002,-0.0737179533798971
167.4,0.011274496468804232
167.45000000000002,0.02884090980871447
167.5,0.007180622288135024
167.55,-0.04168949754643972
167.60000000000002,0.07164498360075369
167.65,-0.12395310345226518
167.70000000000002,-0.021449278320078157
167.75,0.041673658542690534
167.8,-0.09350794620630631
167.85000000000002,0.219620755356121
167.9,-0.03981816471843904
167.95000000000002,-0.05539648976534477
168.0,0.11067480672152029
168.05,-0.2505735962858821
168.10000000000002,0.05280993260734751
168.15,0.12270426445459577
168.20000000000002,-0.15593636191537347
168.25,0.007190837958352413
168.3,0.046400455172633887
168.35000000000002,-0.001812441855296814
168.4,0.07502495311580504
168.45000000000002,0.12652965620802614
168.5,-0.03096349818985032
168.55,-0.021100940079031544
168.60000000000002,0.005141836136912682
168.65,-0.09228030680772918
168.70000000000002,-0.03452576881413013
168.75,-0.03154929363512706
168.8,0.024159341837885494
168.85000000000002,0.03713401795027681
168.9,-0.04755995404031992
168.95000000000002,0.011475174748013094
169.0,0.09327295368877073
169.05,-0.026198803382676723
169.10000000000002,-0.037499128690578705
169.15,0.03896999043765096
169.20000000000002,-0.01821974266572288
169.25,-0.00044277615776672826
169.3,0.054813845420847204
169.35000000000002,0.005530861911359268
169.4,-0.055424736040730956
169.45000000000002,0.0954346799070588
169.5,-0.045425650288626225
169.55,-0.09302222945092688
169.60000000000002,0.1179860928633347
169.65,-0.058431185080640505
169.70000000000002,0.05198785783893323
169.75,0.040264094281075684
169.8,-0.12396728868777591
169.85000000000002,0.0673736241645599
169.9,0.023619823058160468
169.95000000000002,-0.04000752451463613
170.0,0.04693853877780627
170.05,0.049689391634064606
170.10000000000002,-0.06557762683399086
170.15,0.007476180965889531
170.20000000000002,-0.013789976011012242
170.25,-0.22053889974115826
170.3,0.01905007664270928
170.35000000000002,0.03219323473383015
170.4,-0.04225949522782998
170.45000000000002,0.14502853505380642
170.5,0.050105898195010073
170.55,0.0912232926491368
170.60000000000002,0.02594684418460284
170.65,-0.04817524064666158
170.70000000000002,0.008386884721239128
170.75,-0.15680197550967104
170.8,-0.018096072362591965
170.85000000000002,0.02183433074643368
170.9,-0.08821043793431102
170.95000000000002,0.07353267261786824
171.0,0.056365146334464274
171.05,-0.033100248029954885
171.10000000000002,-0.02373665955941886
171.15,-0.03507997949488296
171.20000000000002,0.0705582617114461
171.25,0.04040176219467462
171.3,-0.029242179479697986
171.35000000000002,0.08199174933491891
171.4,-0.01944101456172808
171.45000000000002,-0.030386742823785447
171.5,0.0541449298787368
171.55,-0.022421771288414872
171.60000000000002,-0.037258117230900736
171.65,0.003151158672781496
171.70000000000002,0.016505070030329288
171.75,-0.09971420111627981
171.8,-0.013205899716045685
171.85000000000002,0.04390799472331905
171.9,-0.09174501253607058
171.95000000000002,0.046915855359209266
172.0,0.012690278194552372
172.05,-0.007669071070005099
172.10000000000002,0.18901154401703787
172.15,0.011545356818070339
172.20000000000002,-0.021505299822210888
172.25,0.0650643597143273
172.3,-0.12503580097468767
172.35000000000002,-0.0493407930998895
172.4,0.03450285218536923
172.45000000000002,-0.04292208957170538
172.5,0.011509202944711257
172.55,0.07403495482205172
172.60000000000002,0.0057113811938563136
172.65,-0.05615030566881356
172.70000000000002,0.07830178238886464
172.75,0.0064003198298324075
172.8,-0.0961522425353793
172.85000000000002,0.07211877154671498
172.9,-0.035492770728068355
172.95000000000002,-0.13724045311199518
173.0,0.0670279536755725
173.05,0.0234808130223214
173.10000000000002,-0.038839376783845754
173.15,0.06781200867225733
173.20000000000002,0.021259868749481707
173.25,0.015121081217998595
173.3,-0.005106670507401224
173.35000000000002,0.024247673831146344
173.4,-0.019225347319328304
173.45000000000002,-0.1343845905170617
173.5,0.13061732143130064
173.55,-0.018336205809800867
173.60000000000002,-0.1539440082274126
173.65,0.20708459803653606
173.70000000000002,-0.07328182847378863
173.75,-0.10040641018529413
173.8,0.174788798542931
173.85000000000002,-0.15680385375490838
173.9,-0.05036184794007255
173.95000000000002,0.14253680195584867
174.0,-0.09835327833633468
174.05,0.005760770708877329
174.10000000000002,0.10790679890348782
174.15,-0.0857902024571499
174.20000000000002,-0.00043724419705727836
174.25,0.10243911382019465
174.3,-0.11635287433545251
174.35000000000002,-0.010492324206764513
174.4,0.08917790072790512
174.45000000000002,-0.12219704048063292
174.5,0.03929111412081413
174.55,0.10573300307280045
174.60000000000002,-0.07352400913088611
174.65,0.05246383105971827
174.70000000000002,0.04672084008799781
174.75,-0.09576949679254022
174.8,0.03624777592654697
174.85000000000002,0.10147669218236274
174.9,-0.06992801967306936
174.95000000000002,-0.09171106006224601
175.0,0.049573552137691816
175.05,-0.051209463715721604
175.10000000000002,-0.046793300302310256
175.15,0.1267759231844106
175.20000000000002,-0.09939136659193872
175.25,-0.0646464501279067
175.3,0.1218479221793835
175.35000000000002,-0.08242177144385926
175.4,0.038672554638206354
175.45000000000002,0.1720419375234716
175.5,-0.012677673145387381
175.55,-0.023781368550659716
175.60000000000002,0.052045851853819436
175.65,-0.06402288187787684
175.70000000000002,-0.10061715558912254
175.75,0.03725992370772726
175.8,-0.023238131076245616
175.85000000000002,-0.050668671369642294
175.9,0.07351379433737183
175.95000000000002,-0.019428782390840844
176.0,-0.07880545011705715
176.05,0.06842760523660808
176.10000000000002,0.06951163446880078
176.15,-0.013591319094528091
176.20000000000002,0.02710548342053854
176.25,0.06627695391834267
176.3,-0.048892394093028306
176.35000000000002,-0.020702935763639855
176.4,0.058873249939502485
176.45000000000002,-0.07005117121852189
176.5,-0.0572743920371168
176.55,0.00457881945852829
176.60000000000002,-0.05390287067615514
176.65,-0.08153270739653388
176.70000000000002,0.028965187719216655
176.75,0.06976211296126154
176.8,0.021411341959407002
176.85000000000002,-0.007493600745711401
176.9,-0.042754761038122584
176.95000000000002,-0.00312467265831458
177.0,-0.004277289845446401
177.05,0.030073949279909785
177.10000000000002,0.017295893778129585
177.15,-0.04637665743325771
177.20000000000002,-0.023317616201914235
177.25,0.06192850707049631
177.3,0.025343721115658052
177.35000000000002,0.05025248997699718
177.4,0.10488633209158277
177.45000000000002,-0.17599852523795492
177.5,-0.003383199787131055
177.55,0.0791870804126148
177.60000000000002,-0.1337496666809971
177.65,0.16212167736635746
177.70000000000002,0.037602634148401766
177.75,-0.10508442029801471
177.8,0.027944169704113526
177.85000000000002,-0.05361016605084574
177.9,0.030554116090157027
177.95000000000002,-0.036153691639219526
178.0,-0.03211760032519444
178.05,0.025819949539997337
178.10000000000002,-0.0294001009559361
178.15,0.12735247870764588
178.20000000000002,0.09715808559605547
178.25,0.010738981994965527
178.3,0.011315876847601661
178.35000000000002,-0.014906404014369858
178.4,-0.053258816378856516
178.45000000000002,-0.11693730774036673
178.5,0.04099968496469106
178.55,0.044281125882898086
178.60000000000002,-0.11694613500254919
178.65,0.057839718409463135
178.70000000000002,-0.008865819020412067
178.75,-0.13698934316578942
178.8,0.19179732392685753
178.85000000000002,0.06514563094667285
178.9,-0.1387780445398109
178.95000000000002,0.15572980546426365
179.0,0.004575624170494271
179.05,-0.13351614784852173
179.10000000000002,0.08564725590529558
179.15,-0.02757629072472931
179.20000000000002,-0.16194615686342598
179.25,-0.09607235002762717
179.3,0.03348064117379445
179.35000000000002,0.031107925510320957
179.4,0.053979618206901815
179.45000000000002,0.14197601303563814
179.5,-0.06698742898293808
179.55,-0.006272175466249352
179.60000000000002,0.1031404478378362
179.65,-0.08812310443959771
179.70000000000002,0.04321900717816078
179.75,-0.0077584443299092325
179.8,-0.1301391117619804
179.85000000000002,0.04814111280169938
179.9,-0.07428114821169916
179.95000000000002,-0.011822842342339502
180.0,0.06925296424334734
180.05,-0.11143947291356004
180.10000000000002,0.016685336732294272
180.15,0.03265721155391119
180.20000000000002,-0.00045038077921454077
180.25,0.09048343138252585
180.3,0.03404046790439495
180.35000000000002,-0.015574937422846
180.4,0.014402785273200583
180.45000000000002,-0.012844396279760448
180.5,-0.06309682270781738
180.55,-0.010075469561255454
180.60000000000002,-0.04692550682559061
180.65,0.026921235269229835
180.70000000000002,0.07724541315485553
180.75,-0.0801693599499354
180.8,0.06530271845486064
180.85000000000002,0.07901546914744408
180.9,-0.0659571258216916
180.95000000000002,0.1066943268378223
181.0,0.014472387513596495
181.05,-0.10061883793924623
181.10000000000002,0.10300674571298712
181.15,-0.08427080516380839
181.20000000000002,-0.0918015639876986
181.25,0.12078506748011383
181.3,-0.12749944397284432
181.35000000000002,0.03854768970966001
181.4,0.07483381745719037
181.45000000000002,-0.19238341002552653
181.5,0.1436956916431465
181.55,0.08239546668818777
181.60000000000002,-0.09391777237155467
181.65,0.13979055712309754
181.70000000000002,-0.0013153170031798133
181.75,-0.06561186647560897
181.8,0.0869294306176612
181.85000000000002,-0.053052593909204734
181.9,-0.10907248918133733
181.95000000000002,0.023783276357204897
182.0,-0.011638684706488645
182.05,-0.04929364062559678
182.10000000000002,0.00028333387982452046
182.15,0.04092075490146993
182.20000000000002,-0.02337772213813712
182.25,0.0045911874431821
182.3,0.1058886620215073
182.35000000000002,-0.003418434552306822
182.4,0.07027280373361619
182.45000000000002,0.0426876232656578
182.5,-0.1484358937084802
182.55,0.0009557127437276514
182.60000000000002,0.023477646788783085
182.65,-0.08632530712417298
182.70000000000002,-0.03284924112416109
182.75,-0.05919255472765118
182.8,-0.027868826769515374
182.85000000000002,0.1229474947409144
182.9,0.05343562381911682
182.95000000000002,0.03694341701658555
183.0,0.07127494183502493
183.05,-0.1060245566821465
183.10000000000002,-0.05400240175076533
183.15,0.005131007877297738
183.20000000000002,-0.0329870886522505
183.25,-0.0060391093304672855
183.3,-0.0696359731863346
183.35000000000002,0.013502972088750335
183.4,0.04292887292324148
183.45000000000002,0.01120776028560214
183.5,0.011421375064470836
183.55,-0.01880214574846877
183.60000000000002,0.04497174509871146
183.65,0.07790878686874243
183.70000000000002,0.0648945225766387
183.75,-0.015742708659217643
183.8,-0.026829562773102916
183.85000000000002,-0.05205323254928191
183.9,-0.07730422267552654
183.95000000000002,0.010402705196911043
184.0,-0.053649326510926285
184.05,-0.029177417596415754
184.10000000000002,0.015616669364547368
184.15,-0.013364650345370264
184.20000000000002,0.06154050688610885
184.25,0.029383691164483312
184.3,0.02949952572279189
184.35000000000002,0.040504458097285145
184.4,0.012980359074857423
184.45000000000002,0.048784868359094215
184.5,-0.021560705847167874
184.55,-0.03872871149265549
184.60000000000002,0.027394659365478066
184.65,-0.059259544982484945
184.70000000000002,-0.06717446399504652
184.75,0.0676892581756578
184.8,-0.05257521478586574
184.85000000000002,-0.015317778116850336
184.9,0.10501737986060646
184.95000000000002,-0.0411176183229358
185.0,0.08684171420419108
185.05,0.08607945387775814
185.10000000000002,-0.06554131469004787
185.15,-0.014012402032616176
185.20000000000002,0.014413319761877203
185.25,-0.051866167223719006
185.3,-0.04905703611305949
185.35000000000002,0.015286848180513428
185.4,-0.14134305009106085
185.45000000000002,0.011975535965555065
185.5,0.0938115641880391
185.55,-0.08004014854551214
185.60000000000002,0.1396769691841
185.65,0.07349607177789146
185.70000000000002,-0.0492433395039284
185.75,0.06997649283421019
185.8,-0.042838403679000894
185.85000000000002,0.013236387931101514
185.9,0.06725072185826449
185.95000000000002,-0.07635448896640687
186.0,-0.0793935022115067
186.05,-0.09197512386992894
186.10000000000002,-0.023639404244212365
186.15,0.022209332539392508
186.20000000000002,-0.022013162959642188
186.25,0.028481814553245072
186.3,0.0021404981908870646
186.35000000000002,0.024898558177019973
186.4,-0.031077601527129496
186.45000000000002,-0.06782877361086888
186.5,0.09915061045976155
186.55,0.01583158978600431
186.60000000000002,-0.007520758868693901
186.65,0.01611845156886465
186.70000000000002,-0.12745302542126483
186.75,0.012906953766659809
186.8,0.0896982403727724
186.85000000000002,0.010269584790745256
186.9,-0.03456256350329642
186.95000000000002,-0.023322515329465502
187.0,0.08016811165820467
187.05,-0.002857341979959729
187.10000000000002,-0.006773300225374707
187.15,0.08178384037078947
187.20000000000002,-0.006736008949598471
187.25,-0.055115180263744006
187.3,0.088750735856506
187.35000000000002,0.06254458103270712
187.4,-0.023156675996529687
187.45000000000002,0.12485345213741623
187.5,-0.04339112970113367
187.55,-0.11148066297922962
187.60000000000002,0.04114636986612386
187.65,-0.04338648874730373
187.70000000000002,0.013252231815812783
187.75,0.019120025899739747
187.8,-0.0603843121608081
187.85000000000002,-0.06571280450868855
187.9,-0.029279039957129355
187.95000000000002,0.009996948749990355
188.0,-0.07238158868682124
188.05,-0.050010520605079954
188.10000000000002,0.011896809430882848
188.15,0.05411308495148582
188.20000000000002,0.07988996982458392
188.25,0.03636434188896644
188.3,0.025508215370735738
188.35000000000002,-0.07850559089878897
188.4,-0.07934249492575819
188.45000000000002,0.013731727868377206
188.5,-0.0909654222587243
188.55,-0.02320247740179697
188.60000000000002,0.10847921167932535
188.65,-0.01498279355221495
188.70000000000002,-0.050077884069391974
188.75,0.02355873409719173
188.8,0.003541523148252763
188.85000000000002,0.04186450707313109
188.9,0.072919677121017
188.95000000000002,-0.04535880747867589
189.0,0.0030814090284745385
189.05,0.009239554235538761
189.10000000000002,-0.05496283070593731
189.15,0.002366042210025682
189.20000000000002,-0.051052349531816796
189.25,-0.002859474426274296
189.3,-0.03762872424006058
189.35000000000002,-0.03846488372526451
189.4,0.10165880422201638
189.45000000000002,0.0033149571600328523
189.5,0.07448814248541576
189.55,0.1222454356943821
189.60000000000002,-0.05961308211154108
189.65,0.05783728195898874
189.70000000000002,0.13080605973771847
189.75,-0.06778587675585683
189.8,0.02376316555208689
189.85000000000002,0.031497718916040245
189.9,-0.13236038896235186
189.95000000000002,0.017240831217982523
190.0,0.014851932812740809
190.05,-0.018598417163645596
190.10000000000002,0.021814387742932283
190.15,-0.03286849547683336
190.20000000000002,-0.02404137519945096
190.25,-0.012063556209774532
190.3,0.0034393362720476733
190.35000000000002,-0.05285521947300843
190.4,0.010330037089068088
190.45000000000002,0.014105077178359798
190.5,-0.013910086558604508
190.55,0.015623101248081537
190.60000000000002,-0.05651619976177894
190.65,0.03989564634222635
190.70000000000002,-0.01297894295529726
190.75,0.009207426711643056
190.8,0.06597444318301783
190.85000000000002,-0.08516401902100172
190.9,-0.01642999515014546
190.95000000000002,0.02151453347427167
191.0,0.0824116543224828
191.05,0.06356241543727692
191.10000000000002,-0.01287581563283465
191.15,0.012541311963624863
191.20000000000002,-0.09599265597230089
191.25,-0.00444855152911365
191.3,-0.015845320587154255
191.35000000000002,-0.1811178672748825
191.4,-0.03903083495391848
191.45000000000002,-0.07117696226404634
191.5,-0.11791451356730938
191.55,0.09857548217485858
191.60000000000002,0.02388332905243227
191.65,-0.026400564732949126
191.70000000000002,0.1831630437141355
191.75,0.09608133743947664
191.8,0.0023204318972816743
191.85000000000002,0.10205533921200258
191.9,-0.0008954903310577715
191.95000000000002,-0.06768893323978566
192.0,-0.026295954903362978
192.05,-0.030177897068901872
192.10000000000002,0.012947357054222276
192.15,0.0070931599408464285
192.20000000000002,0.0043050555304285495
192.25,-0.019069457621593917
192.3,-0.03747494259904685
192.35000000000002,0.04696798754214346
192.4,0.04652904988060818
192.45000000000002,0.041334044973235465
192.5,0.0588690791356866
192.55,0.01377130639914425
192.60000000000002,-0.05697097359277138
192.65,-0.05776345948835978
192.70000000000002,0.06572413116995775
192.75,0.05010732061303115
192.8,-0.02326250077887219
192.85000000000002,-0.006674441847505853
192.9,-0.07136229607252796
192.95000000000002,-0.030389043323369582
193.0,0.1063973029495554
193.05,0.018336787344055704
193.10000000000002,-0.08953505013397363
193.15,-0.02256823452605814
193.20000000000002,-0.03830299715371546
193.25,-0.04155858422630395
193.3,0.1284900388962542
193.35000000000002,0.06130407099037061
193.4,-0.02564270358325185
193.45000000000002,0.08698577983809681
193.5,-0.06296393616057894
193.55,-0.0463131924887339
193.60000000000002,0.13134189560733459
193.65,-0.04681568801386887
193.70000000000002,-0.07120240203523195
193.75,0.036615638440483524
193.8,-0.09577981146299418
193.85000000000002,-0.061198485599550594
193.9,0.026346302001137085
193.95000000000002,-0.095289892139781
194.0,-0.009307119552462323
194.05,0.02736665125657005
194.10000000000002,-0.07204666716332875
194.15,-0.010667526466931155
194.20000000000002,0.031933601645336235
194.25,0.09107436157422476
194.3,0.05937615450885676
194.35000000000002,0.06458499916865826
194.4,0.07392631719870793
194.45000000000002,-0.0634315483158076
194.5,-0.029465484185161248
194.55,-0.048660219982734454
194.60000000000002,-0.031613660489715034
194.65,0.05871904849840675
194.70000000000002,-0.06471950898676161
194.75,0.003032794933917443
194.8,0.03239180609600898
194.85000000000002,-0.01139789237341347
194.9,0.08819683069305494
194.95000000000002,0.001779970749591722
195.0,-0.0488674724513529
195.05,-0.029522138929118088
195.10000000000002,0.009508835632172993
195.15,0.007231350004089833
195.20000000000002,0.044930751478710125
195.25,0.04812168224787707
195.3,-0.06179960593967713
195.35000000000002,-0.03848950237754442
195.4,-0.04710376878744451
195.45000000000002,-0.020065580928910857
195.5,-0.05941403471114077
195.55,-0.03364412480621496
195.60000000000002,-0.02988462237062551
195.65,-0.07806291369777264
195.70000000000002,0.048405601590362675
195.75,-0.059916840678941985
195.8,0.0390463784784473
195.85000000000002,0.21591809956629976
195.9,0.009422040157450781
195.95000000000002,0.05100733159935682
196.0,0.08359113183555425
196.05,-0.10140782732972779
196.10000000000002,-0.016400831396721396
196.15,-0.015234390615641679
196.20000000000002,-0.0903983561214497
196.25,0.030538573632844405
196.3,-0.027197869634188288
196.35000000000002,-0.009950856379941687
196.4,0.04024639839639274
196.45000000000002,-0.006500927043598677
196.5,0.08263177732705027
196.55,-0.0628661855311708
196.60000000000002,-0.05300880416095595
196.65,0.07062051363077014
196.70000000000002,0.005783072510253642
196.75,0.05825501874637835
196.8,0.0010568136093305667
196.85000000000002,0.04746288683820776
196.9,0.0626328391836494
196.95000000000002,-0.027916330773306894
197.0,-0.0039958748700962745
197.05,-0.018742536462644968
197.10000000000002,0.02298735601226698
197.15,-0.014311986409240435
197.20000000000002,-0.009529966885662218
197.25,-0.09977921661108279
197.3,-0.11358260119255827
197.35000000000002,0.15027745947516968
197.4,0.02262803148089409
197.45000000000002,-0.012906681370340307
197.5,0.09262484079316012
197.55,-0.11247997307443318
197.60000000000002,-0.09749698393236125
197.65,0.04706392078071724
197.70000000000002,-0.08141675555347255
197.75,-0.12436612053449349
197.8,0.06803187159861288
197.85000000000002,-0.0033836636536933016
197.9,-0.04727543865783359
197.95000000000002,0.1439262473268824
198.0,0.08956516922781428
198.05,-0.03380742613558692
198.10000000000002,-0.011388157845151655
198.15,-0.06756964557286702
198.20000000000002,-0.010811226830916544
198.25,0.11831321439747453
198.3,-0.04245986899192244
198.35000000000002,0.005283184310892717
198.4,0.024275178808023407
198.45000000000002,-0.08111020592111409
198.5,0.09618729449317354
198.55,-0.01992340021673378
198.60000000000002,0.038918343506204815
198.65,0.0271287327293696
198.70000000000002,-0.16816522490508432
198.75,0.07384809626245138
198.8,-0.11834975472678087
198.85000000000002,-0.07000229236195749
198.9,0.19067426432156998
198.95000000000002,-0.08974074956071108
199.0,0.010536668094662771
199.05,0.1562891013387818
199.10000000000002,-0.08669257945375257
199.15,-0.044383253184277355
199.20000000000002,0.15642713366641758
199.25,-0.0690622688362303
199.3,-0.05934452702153391
199.35000000000002,0.050976044693084234
199.4,-0.06790254566407378
199.45000000000002,0.13778708091519773
199.5,0.028637637801805182
199.55,0.03131472173956833
199.60000000000002,0.17536928461028872
199.65,-0.17244623728392436
199.70000000000002,-0.08372391729538523
199.75,0.04527523257562226
199.8,-0.04486105823859249
199.85000000000002,0.08939790058701726
199.9,0.046100854907333164
199.95000000000002,-0.14217800105527523
200.0,-0.1782752935481283
200.05,0.03707710909149447
200.10000000000002,0.04322454314289415
200.15,0.06368826280853394
200.20000000000002,0.16060747967838002
200.25,-0.20463000165258283
200.3,-0.14318557740983964
200.35000000000002,0.15660493070730536
200.4,-0.04060512126121528
200.45000000000002,0.07698292265070267
200.5,0.04724369032379491
200.55,-0.2984606285761187
200.60000000000002,0.12707004204784955
200.65,0.12521773859102606
200.70000000000002,-0.11184332574826328
200.75,0.24116840943227164
200.8,-0.08337865877379279
200.85000000000002,-0.1745152272789401
200.9,0.13331126698658738
200.95000000000002,0.024201340543970058
201.0,0.07387643057091288
201.05,0.11524921973974576
201.10000000000002,-0.02641135960118575
201.15,-0.09990633923881345
201.20000000000002,0.024825480770468932
201.25,-0.04048086678303893
201.3,-0.17441644351807864
201.35000000000002,-0.0046936383263561894
201.4,-0.06135354775805463
201.45000000000002,0.07737855378680271
201.5,0.11693644329219646
201.55,-0.09648426391338653
201.60000000000002,0.11907196561044092
201.65,-0.1961815202522752
201.70000000000002,-0.15048386965965252
201.75,0.10975489326390984
201.8,-0.19125020424309283
201.85000000000002,0.140538722982716
201.9,0.07241783890335005
201.95000000000002,-0.011801351327862801
202.0,0.18786813174603373
202.05,-0.024037469972397085
202.10000000000002,0.13764674126209278
202.15,0.0021436592306478906
202.20000000000002,-0.07478277535439554
202.25,0.1360200994843035
202.3,-0.02313909015597525
202.35000000000002,0.1265993202119628
202.4,0.07457757147646403
202.45000000000002,-0.15693476123145628
202.5,0.04627806150451155
202.55,-0.08678771567723952
202.60000000000002,-0.048985209442942435
202.65,0.11606018609698349
202.70000000000002,-0.24893575698141815
202.75,-0.011735170141111
202.8,0.1049477039785166
202.85000000000002,-0.06612719343683456
202.9,0.2863938895008192
202.95000000000002,-0.09754146733171028
203.0,-0.29839978706210446
203.05,0.09160853407114325
203.10000000000002,-0.08521805966333756
203.15,-0.03351846950188673
203.20000000000002,0.05577292659704644
203.25,-0.20688255976541556
203.3,-0.08629069507886121
203.35000000000002,0.10018742028645924
203.4,-0.08705627177771523
203.45000000000002,0.07594717975929575
203.5,0.10332375232510578
203.55,-0.13293359117328352
203.60000000000002,0.20721132346264862
203.65,0.13787645314217664
203.70000000000002,-0.08875410576561137
203.75,0.12900757805392885
203.8,-0.0066297855482442
203.85000000000002,-0.2822837945209104
203.9,-0.04635246003052148
203.95000000000002,0.07426774570584352
204.0,-0.06691101697011788
204.05,0.09936324098063119
204.10000000000002,0.07835229221708662
204.15,-0.004174188352100975
204.20000000000002,0.05972389265830553
204.25,0.010922912206861706
204.3,-0.0980948024681821
204.35000000000002,-0.11246286503152285
204.4,0.010731107710273026
204.45000000000002,0.12645879857988568
204.5,0.16833482572438166
204.55,0.007809233162231393
204.60000000000002,-0.05025834022399269
204.65,0.04128395363508426
204.70000000000002,-0.08422844711409201
204.75,-0.09524575799296837
204.8,0.01584345535532832
204.85000000000002,-0.012460999102512717
204.9,0.053237741690516316
204.95000000000002,0.06888185633846096
205.0,0.020244175762571776
205.05,-0.007790947254163901
205.10000000000002,0.10000076358035426
205.15,0.2254361712978613
205.20000000000002,-0.14505852767188768
205.25,-0.19791626453498332
205.3,0.030019581623133926
205.35000000000002,-0.06767778241076508
205.4,0.023084770326473814
205.45000000000002,0.006324365623284901
205.5,-0.243295030455334
205.55,-0.06930980922528586
205.60000000000002,0.25711402627924335
205.65,0.03820991512362083
205.70000000000002,0.051562763784258316
205.75,0.11131434518118112
205.8,-0.20787546751156022
205.85000000000002,-0.055259998453397546
205.9,-0.028941196470428754
205.95000000000002,-0.12324507363143719
206.0,0.05899900710838269
206.05,-0.0050728826977879515
206.10000000000002,-0.039646393126151036
206.15,0.09957015764421437
206.20000000000002,0.14968780114608227
206.25,0.0505273782307744
206.3,-0.028105845389937087
206.35000000000002,-0.064601815805052
206.4,-0.15744136430931696
206.45000000000002,0.05976411552632314
206.5,0.14627545213381635
206.55,-0.013957589711668144
206.60000000000002,0.032837572442411686
206.65,-0.013830186178388087
206.70000000000002,-0.07430922646977905
206.75,0.0062371334689699095
206.8,-0.0042525396065621395
206.85000000000002,-0.11715635589637878
206.9,0.050826048848265255
206.95000000000002,0.044532741558935954
207.0,-0.02397172318437406
207.05,0.1760997905853133
207.10000000000002,0.02368484794810554
207.15,0.002545977178755814
207.20000000000002,0.14264794083664498
207.25,-0.08836147899472117
207.3,-0.20848537738246553
207.35000000000002,-0.023531129444936776
207.4,-0.04252538917552281
207.45000000000002,0.017359262254345285
207.5,0.09887938204469307
207.55,-0.08107750268252352
207.60000000000002,-0.02184482521959481
207.65,5.7104306146177075e-05
207.70000000000002,0.0606562081355839
207.75,0.13263858530099193
207.8,-0.01066819659129718
207.85000000000002,0.016084134375834593
207.9,-0.00366666380190853
207.95000000000002,-0.09317376643266799
208.0,-0.013384201112847731
208.05,0.02625676855791274
208.10000000000002,-0.038159306257214004
208.15,0.03290884410320499
208.20000000000002,0.044212648958935015
208.25,0.015298000505556294
208.3,0.04539848409355622
208.35000000000002,0.010688153897462043
208.4,-0.04400151642204091
208.45000000000002,-0.19034236748251745
208.5,-0.017496189294931165
208.55,0.11455689510303743
208.60000000000002,-0.013081155073275329
208.65,0.12276302563095504
208.70000000000002,0.028707490353287787
208.75,-0.027362452768220996
208.8,0.0076818778988085035
208.85000000000002,-0.19953326550219483
208.9,-0.11024937623114855
208.95000000000002,-0.12025348871826802
209.0,-0.06314781571841531
209.05,0.22548271691918798
209.10000000000002,0.06083716255890685
209.15,0.07352465378496935
209.20000000000002,0.16027884142678825
209.25,-0.1250855118497015
209.3,0.02443839668071633
209.35000000000002,0.0796626297137701
209.4,-0.15486031456467672
209.45000000000002,0.0010934828885195054
209.5,-0.03652147881149983
209.55,-0.072804657290297
209.60000000000002,0.15304292865228797
209.65,0.18015515411787156
209.70000000000002,0.05340107010928719
209.75,-0.030958813252466275
209.8,-0.09220838725953538
209.85000000000002,-0.2391518185967406
209.9,0.0027463096860229894
209.95000000000002,0.0753065336952412
210.0,-0.1328524047574808
210.05,0.1020760845768725
210.10000000000002,-0.1194695226978467
210.15,-0.08919225714363055
210.20000000000002,0.23757325377560162
210.25,-0.10069757078498127
210.3,0.027058249186222873
210.35000000000002,0.03880294686892245
210.4,-0.1793476800393675
210.45000000000002,0.13467788413758505
210.5,0.08442415222764109
210.55,-0.042763997480237854
210.60000000000002,0.08915947259866266
210.65,0.010807026556766791
210.70000000000002,-0.11523426021920107
210.75,-0.047083103476081974
210.8,0.08937859919376706
210.85000000000002,-0.0883640475041667
210.9,-0.06039260119613595
210.95000000000002,0.1904709710239758
211.0,-0.097305360109049
211.05,-0.08882464769355439
211.10000000000002,0.19751846989635113
211.15,0.05704363029090956
211.20000000000002,0.12500755293131502
211.25,0.17790503657574555
211.3,-0.04535463207444756
211.35000000000002,0.010630500707726571
211.4,-0.05426598516191567
211.45000000000002,-0.21765481862143132
211.5,-0.04502871199018584
211.55,-0.11164857645463196
211.60000000000002,-0.12946846392010064
211.65,0.11266605347412295
211.70000000000002,0.03600866435992352
211.75,0.02382097464483611
211.8,0.21308689241339213
211.85000000000002,-0.00011072119610579425
211.9,-0.1630719765645049
211.95000000000002,0.024061973996406954
212.0,-0.05761712183922779
212.05,0.05468045398508741
212.10000000000002,0.12662329712479745
212.15,-0.052016837356608316
212.20000000000002,-0.021990401758443953
212.25,-0.07020453144598937
212.3,0.008861557838268348
212.35000000000002,0.06314783446054233
212.4,0.08344649208943625
212.45000000000002,-0.059825794973591494
212.5,-0.13307618681175284
212.55,0.10712128384034192
212.60000000000002,-0.12229695217993751
212.65,-0.13499272435244383
212.70000000000002,0.08247826330479106
212.75,-0.13397545879855022
212.8,-0.01234413721669808
212.85000000000002,0.14069598954090787
212.9,-0.13423019260118174
212.95000000000002,0.004362181170846608
213.0,0.10636393265297016
213.05,-0.0798781568533481
213.10000000000002,0.06035490876974395
213.15,-0.057465632430278954
213.20000000000002,-0.08596722226732162
213.25,0.13515956502722856
213.3,-0.044070225265545916
213.35000000000002,0.13984300191425994
213.4,0.16681997705883603
213.45000000000002,-0.18535381353946043
213.5,0.0028836375075395695
213.55,-0.09840621155516137
213.60000000000002,-0.027997957581802457
213.65,0.19001464658021416
213.70000000000002,-0.032832116654274435
213.75,-0.02400450616873107
213.8,-0.029929722987630636
213.85000000000002,0.08326512421641515
213.9,0.15168319573682376
213.95000000000002,0.1012138922593859
214.0,-0.01831397067948853
214.05,-0.09464193843466283
214.10000000000002,0.05329766542144176
214.15,-0.052391655277950706
214.20000000000002,-0.013863528686091864
214.25,-0.09341660521643018
214.3,-0.177646914324548
214.35000000000002,0.1472107257900881
214.4,0.010441955216767001
214.45000000000002,-0.09293596827642091
214.5,0.08036561277259822
214.55,-0.014422538801716343
214.60000000000002,0.03924888986870174
214.65,0.06495991905782988
214.70000000000002,-0.04443524306431716
214.75,0.07724304106905756
214.8,0.03273062173512365
214.85000000000002,-0.14814060001195742
214.9,-0.03272289192210846
214.95000000000002,-0.029176549866952766
215.0,0.0008583869330841528
215.05,0.14472856541492218
215.10000000000002,-0.08141759725123214
215.15,-0.05163193069397062
215.20000000000002,0.18410121932425763
215.25,-0.012434368350599986
215.3,-0.1530626670693175
215.35000000000002,-0.01803049570865021
215.4,-0.047252146978627035
215.45000000000002,-0.012541082294463253
215.5,0.12608452702540654
215.55,-0.010041698096374974
215.60000000000002,-0.07593780498339418
215.65,-0.016527564837103548
215.70000000000002,-0.005484826191807743
215.75,-0.04833367489981
215.8,0.0878877428018357
215.85000000000002,0.09840025301744655
215.9,-0.03246832526934847
215.95000000000002,0.09938278406837599
216.0,0.00695428498127851
216.05,-0.07563939592555563
216.10000000000002,-0.0460520144732033
216.15,-0.03823202733781577
216.20000000000002,-0.11639945300541418
216.25,-0.0679590013748296
216.3,0.16737173706039402
216.35000000000002,0.0887368369963654
216.4,0.1998946476488411
216.45000000000002,0.07837431487507847
216.5,-0.25932603985999636
216.55,-0.06637888967855227
216.60000000000002,-0.017840354345849907
216.65,0.020719092413295444
216.70000000000002,0.1376665120633842
216.75,-0.006576703793431843
216.8,0.03567645060400259
216.85000000000002,0.08165688032928477
216.9,-0.009402622549859995
216.95000000000002,0.02491653908072092
217.0,-0.06712129945507872
217.05,-0.1573203678021504
217.10000000000002,-0.06350492214478752
217.15,-0.05225919522981106
217.20000000000002,-0.041257905613706444
217.25,-0.015187941218227231
217.3,-0.05575413438064655
217.35000000000002,-0.004435849225279386
217.4,-0.03467269784923403
217.45000000000002,0.01817553085444113
217.5,0.1427443205336154
217.55,0.014259369308630952
217.60000000000002,0.08806684502204999
217.65,0.06513607146169964
217.70000000000002,-0.1371584241159477
217.75,-0.01659417517597929
217.8,-0.04418471709632153
217.85000000000002,-0.08561923045911043
217.9,0.09567773645216719
217.95000000000002,0.09002440024728511
218.0,0.0629428666838157
218.05,0.0027843501981560654
218.10000000000002,-0.11267289965488224
218.15,0.025530675315923654
218.20000000000002,0.07659761534628008
218.25,0.03689468129185311
218.3,0.04321612352231598
218.35000000000002,-0.060798133349782894
218.4,-0.025517967397538005
218.45000000000002,-0.005979812707029974
218.5,-0.0441526093347104
218.55,0.053415201789226485
218.60000000000002,0.010173130934791167
218.65,-0.0014989867429750189
218.70000000000002,0.015994401228491203
218.75,-0.05864918629132593
218.8,0.0869561616191535
218.85000000000002,0.0811481611891928
218.9,-0.07616589112289696
218.95000000000002,0.00779970016131636
219.0,0.006235509679229807
219.05,-0.016379311166072413
219.10000000000002,0.09570399796452549
219.15,-0.012741922069754988
219.20000000000002,-0.1189071274440698
219.25,0.001162701679729889
219.3,-0.023699455375904323
219.35000000000002,-0.08175132177155253
219.4,0.03546080091693068
219.45000000000002,-0.0204201058806075
219.5,-0.03169396853294754
219.55,0.026627108992032404
219.60000000000002,-0.07155961192374967
219.65,-0.01212114902396043
219.70000000000002,-0.06350082250145186
219.75,-0.024229189204559513
219.8,0.1587916014232694
219.85000000000002,0.03894694164935544
219.9,-0.005303567460011249
219.95000000000002,0.007873932231180793
220.0,-0.1371858577982538
220.05,-0.0013103454903938946
220.10000000000002,0.09554471001455239
220.15,-0.08583274565346517
220.20000000000002,0.0848540556848444
220.25,0.09382516591146457
220.3,-0.11148066375876889
220.35000000000002,-0.08001863593038562
220.4,-0.019248987599958547
220.45000000000002,0.011884123324196229
220.5,-0.036908165918141264
220.55,0.14812133291167653
220.60000000000002,0.11319590488887687
220.65,-0.07172970717179794
220.70000000000002,0.15536634539465752
220.75,-0.14201520161909548
220.8,-0.3029352983150884
220.85000000000002,0.14239236420864756
220.9,0.003579677888627877
220.95000000000002,0.11049723416363791
221.0,0.3165437840572329
221.05,-0.02958108603979695
221.10000000000002,0.010021063404643238
221.15,0.042325045643293514
221.20000000000002,-0.028068801880400677
221.25,-0.12160427970599363
221.3,-0.2108842064638133
221.35000000000002,0.028438146427138284
221.4,-0.044089225642192635
221.45000000000002,-0.04841376672769136
221.5,0.06367857177541221
221.55,-0.14014699937694514
221.60000000000002,0.023506807832032624
221.65,0.16110803402395282
221.70000000000002,-0.020800417861511877
221.75,0.023415814712099043
221.8,0.12305432583958101
221.85000000000002,0.006021615102898692
221.9,-0.13291922419330107
221.95000000000002,-0.05552877688991119
222.0,-0.11671413699131443
222.05,-0.11780665089919236
222.10000000000002,0.09312430002123998
222.15,0.06736296297772382
222.20000000000002,0.07996669881621074
222.25,0.18881842101145732
222.3,0.011036933182602432
222.35000000000002,-0.20411504281064236
222.4,-0.022228351046996962
222.45000000000002,0.060190961344859406
222.5,-0.0745237033759384
222.55,-0.0226935152843906
222.60000000000002,0.013795561248410325
222.65,-0.06671311333828046
222.70000000000002,0.039054540032729755
222.75,0.03702833016371676
222.8,-0.09928570022481278
222.85000000000002,0.11085941736978304
222.9,0.16670568694031318
222.95000000000002,0.04296536653722779
223.0,0.02604020549618428
223.05,0.11092775114827125
223.10000000000002,0.06728407103374068
223.15,0.014225463797068873
223.20000000000002,0.058994330637066765
223.25,-0.12080922619498513
223.3,-0.0936902091995847
223.35000000000002,-0.030975057510333776
223.4,-0.011197911510170638
223.45000000000002,0.04809641356976624
223.5,-0.01994451389833587
223.55,-0.10586863366303106
223.60000000000002,-0.09504164870743045
223.65,-0.021126010786606787
223.70000000000002,-0.00842670231227043
223.75,0.1377622214703242
223.8,-0.04937684650566661
223.85000000000002,-0.18692442714828386
223.9,0.016763395495605977
223.95000000000002,-0.02391807514441453
224.0,0.04118001154260713
224.05,-0.008881064156640776
224.10000000000002,-0.015505311690704415
224.15,0.04171165933318697
224.20000000000002,-0.01914585117187077
224.25,0.14866590263379623
224.3,-0.008037632334591429
224.35000000000002,-0.07163567514038147
224.4,0.05182803601406533
224.45000000000002,-0.08794153995376515
224.5,-0.1076477827150511
224.55,-0.06437681888001079
224.60000000000002,0.05074182825394678
224.65,0.043841904864809246
224.70000000000002,0.14683729028988932
224.75,0.21544779852647142
224.8,-0.08035257622815895
224.85000000000002,0.0680581614542686
224.9,0.026843190550492675
224.95000000000002,-0.1520411903169081
225.0,0.16289177072011318
225.05,-0.07655879625409608
225.10000000000002,-0.15491241991253496
225.15,0.0959408849847389
225.20000000000002,-0.14268452287785877
225.25,0.06828567885723875
225.3,0.2199620142039791
225.35000000000002,-0.12016021619405563
225.4,-0.03331156650417124
225.45000000000002,-0.06939570064757683
225.5,-0.17491422013152827
225.55,0.11932093935791022
225.60000000000002,0.09173630054745353
225.65,-0.03544046720577585
225.70000000000002,0.030706663956854917
225.75,-0.026668014732838488
225.8,-0.142017089082084
225.85000000000002,-0.05693754282382681
225.9,0.057131879170748044
225.95000000000002,-0.10371404637564913
226.0,-0.016111624460281273
226.05,0.057492419072374235
226.10000000000002,0.02156504908687378
226.15,0.17983642897410948
226.20000000000002,0.15277561255382893
226.25,0.09956587906499727
226.3,-0.05169862633469371
226.35000000000002,-0.008738607435461114
226.4,0.001030398868208901
226.45000000000002,-0.19421854512348813
226.5,-0.0025202868115260556
226.55,-0.05298320271623106
226.60000000000002,-0.02963960707199575
226.65,0.042214718064038315
226.70000000000002,-0.156167474371388
226.75,0.02827510672524549
226.8,-0.06489814999085311
226.85000000000002,0.005294318386849994
226.9,0.1650919562772122
226.95000000000002,-0.06491292356728459
227.0,0.10206521274273819
227.05,-0.024125234370220558
227.10000000000002,-0.00796666493451529
227.15,0.13739900481981324
227.20000000000002,-0.011343116303949694
227.25,0.10191663438545467
227.3,-0.06123720617608941
227.35000000000002,-0.05828086861128703
227.4,0.09577477952846108
227.45000000000002,-0.024273604574076846
227.5,-0.04977630475117929
227.55,-0.05511797317858705
227.60000000000002,-0.07973438516459212
227.65,-0.05256824078538168
227.70000000000002,0.03708890574104978
227.75,0.04160350613771214
227.8,0.08954563359311474
227.85000000000002,0.1546975268455287
227.9,-0.07363605279664082
227.95000000000002,-0.240485653339185
228.0,-0.13098751463836397
228.05,0.006713321679881273
228.10000000000002,0.08742664645531985
228.15,0.07270580451247036
228.20000000000002,0.03644623447203683
228.25,-0.024467942078578858
228.3,0.016126160511828788
228.35000000000002,0.047074979106905376
228.4,-0.05075558209194728
228.45000000000002,-0.002839140643943894
228.5,-0.04415546472653726
228.55,0.010372260011721562
228.60000000000002,0.07964520657473514
228.65,-0.029349719290558435
228.70000000000002,0.0903443369516711
228.75,0.056924131577235935
228.8,-0.10951625906140663
228.85000000000002,-0.06906149453340583
228.9,-0.004053026626559664
228.95000000000002,-0.008738565341472207
229.0,0.04701904067098733
229.05,0.16587579193145627
229.10000000000002,0.03112447461532446
229.15,-0.07459921369635794
229.20000000000002,0.027733268500666087
229.25,-0.07818174190802177
229.3,-0.10984021512969322
229.35000000000002,0.0007508203494849975
229.4,0.06846169330953393
229.45000000000002,0.1410346659187779
229.5,0.02534906645641085
229.55,-0.030712031580208517
229.60000000000002,-0.009223811656380055
229.65,-0.02857128635158607
229.70000000000002,0.049782545766646154
229.75,0.03734181562346715
229.8,-0.1451712053295932
229.85000000000002,-0.06886326100516532
229.9,-0.03008149135194325
229.95000000000002,-0.07387931032548826
230.0,0.1895012863684978
230.05,-0.03772525118439859
230.10000000000002,-0.09894048443114732
230.15,0.08378156469255907
230.20000000000002,-0.06344705388190831
230.25,0.06833305149178807
230.3,0.06467070412493554
230.35000000000002,-0.07497054110683492
230.4,-0.18271843141783456
230.45000000000002,-0.049447125541520226
230.5,0.1588013667854248
230.55,0.02449579337008481
230.60000000000002,-0.008103276265433227
230.65,0.02302501253875135
230.70000000000002,-0.02502781319919396
230.75,0.06204717750466464
230.8,0.12075380394733728
230.85000000000002,-0.01844641151172082
230.9,-0.07685558993940386
230.95000000000002,-0.08726282294097532
231.0,-0.041612753307535874
231.05,0.015076556929607767
231.10000000000002,0.014569646940020723
231.15,-0.018557041274467667
231.20000000000002,-0.0169524330660789
231.25,0.08149537612761856
231.3,-0.037860907394537506
231.35000000000002,0.022647447069795323
231.4,0.09655891093121391
231.45000000000002,-0.08655783896112601
231.5,0.02349711248777842
231.55,0.10870105961122464
231.60000000000002,-0.04980280213527128
231.65,-0.04329784500004768
231.70000000000002,0.08133732629928543
231.75,0.07616144591673646
231.8,0.0731068879846388
231.85000000000002,0.0018688871216459013
231.9,-0.13820508354547317
231.95000000000002,-0.14925305926518237
232.0,-0.0184959765231568
232.05,0.12722480767158562
232.10000000000002,0.035824229757922314
232.15,-0.03017882064026879
232.20000000000002,0.022764236008251826
232.25,-0.08803928562689543
232.3,0.029040623398782245
232.35000000000002,0.17880616209312813
232.4,-0.03518658446831211
232.45000000000002,-0.03144727497750268
232.5,0.002093456206781536
232.55,-0.22253759899188172
232.60000000000002,-0.04798037940741076
232.65,0.17077344363960067
232.70000000000002,-0.08055614848221246
232.75,-0.0521160381829439
232.8,-0.0575364349281183
232.85000000000002,-0.1582488748607553
232.9,0.10721920563050055
232.95000000000002,0.1035823343030593
233.0,0.10359719374479509
233.05,0.07094347451401449
233.10000000000002,-0.09198100892430164
233.15,-0.03900223002208229
233.20000000000002,-0.031077179407531852
233.25,-0.04968314775832749
233.3,-0.06450809978113148
233.35000000000002,-0.02293670228679567
233.4,-0.00948438012018722
233.45000000000002,0.035507737594188446
233.5,0.14979868097763088
233.55,0.09919207926270796
233.60000000000002,0.006212415815987596
233.65,0.05711278772277616
233.70000000000002,-0.026963567680069668
233.75,-0.15932294031840624
233.8,0.021190756988224042
233.85000000000002,-0.08923791439253108
233.9,-0.08719076034865376
233.95000000000002,0.17024165692952703
234.0,-0.06288171641956912
234.05,-0.05445844600270907
234.10000000000002,0.07147200532543388
234.15,-0.03064843342362758
234.20000000000002,0.039009795949759785
234.25,0.03447168023914689
234.3,-0.05038340216713383
234.35000000000002,0.0066074622940764036
234.4,0.122363003982726
234.45000000000002,0.08966167114155511
234.5,0.052148546984055875
234.55,0.03673629854632682
234.60000000000002,-0.007737509499386016
234.65,0.01912924164161865
234.70000000000002,0.0059515899859313255
234.75,-0.015682253733200615
234.8,-0.018611223551580448
234.85000000000002,0.03455615104732224
234.9,-0.039989078202279024
234.95000000000002,-0.2530630310470317
235.0,-0.04894273327555219
235.05,0.11829502547535112
235.10000000000002,-0.07783166685018186
235.15,0.062317740466634346
235.20000000000002,-0.03136551147914688
235.25,-0.25656567237265276
235.3,0.07172358811575795
235.35000000000002,0.09348173749527208
235.4,-0.10192111308134526
235.45000000000002,-0.08755862587250537
235.5,-0.012516895999786257
235.55,-0.003796477454570185
235.60000000000002,0.04033038655867138
235.65,0.22650228482855359
235.70000000000002,0.08940492042002277
235.75,-0.026616816906337652
235.8,-0.03442792996353078
235.85000000000002,-0.13111840124222243
235.9,0.06121445456464004
235.95000000000002,0.11598435017657621
236.0,0.009020179840927388
236.05,-0.009489575908437974
236.10000000000002,-0.027223750189850023
236.15,0.1111663955749812
236.20000000000002,0.09466819652370574
236.25,0.04228265500037086
236.3,-0.005625030812239018
236.35000000000002,-0.06022780910579415
236.4,0.033063549526667846
236.45000000000002,-0.04632765049900114
236.5,-0.00794162930360118
236.55,-0.00021020708232865617
236.60000000000002,-0.04241162148077467
236.65,0.055564035492800125
236.70000000000002,0.027831078208920005
236.75,-0.03430528873602679
236.8,-0.09172187757329352
236.85000000000002,-0.003724156734703404
236.9,0.048700234018265016
236.95000000000002,0.06876067712409084
237.0,0.05664133593465983
237.05,-0.10071710975284538
237.10000000000002,-0.024519717693548937
237.15,0.020672484238943578
237.20000000000002,-0.008231655287605114
237.25,0.06846728785821005
237.3,-0.05574836710079868
237.35000000000002,-0.09191902083670694
237.4,-0.01082418060865148
237.45000000000002,-0.048909605535944894
237.5,0.05128697539944204
237.55,-0.000811310074506899
237.60000000000002,-0.0885266853786638
237.65,0.03153594087356146
237.70000000000002,-0.09865755604380816
237.75,-0.033066332541499294
237.8,0.14620838414316892
237.85000000000002,-0.11139261352813616
237.9,-0.10050778197855653
237.95000000000002,0.00871381989176556
238.0,-0.11879978030913538
238.05,0.15981478925631948
238.10000000000002,0.20215082033597598
238.15,-0.050527538053532196
238.20000000000002,0.1417433221889395
238.25,-0.006825850572537565
238.3,-0.12157640528098947
238.35000000000002,0.08217727195526672
238.4,-0.06834734870530279
238.45000000000002,0.06850341404026986
238.5,0.043428175734808346
238.55,-0.10214026538265718
238.60000000000002,0.09852637976746785
238.65,-0.08968693549234683
238.70000000000002,0.008118328854339248
238.75,0.12215160586196573
238.8,-0.15316583944357334
238.85000000000002,0.017592470187628703
238.9,0.05577597731210765
238.95000000000002,-0.09189830841310617
239.0,0.051886264586485556
239.05,0.025011898188411107
239.10000000000002,-0.09898934106158697
239.15,0.018783239119305135
239.20000000000002,0.02143350557490091
239.25,-0.03855066717684098
239.3,0.07613198602708007
239.35000000000002,0.019999149143932516
239.4,-0.08809055441634243
239.45000000000002,-0.012075599553972912
239.5,-0.058932566500324475
239.55,-0.09240524242590412
239.60000000000002,0.08575223856202127
239.65,0.07261151272923004
239.70000000000002,0.04283681108263609
239.75,0.13935885502855408
239.8,0.04670835024105359
239.85000000000002,-0.09468925802051988
239.9,-0.09760028158131831
239.95000000000002,-0.06568716875715518
240.0,-0.04773055209040267
240.05,0.09107117288493463
240.10000000000002,0.094307966251102
240.15,0.030815143104787453
240.20000000000002,0.18203074687770013
240.25,0.12956895033343718
240.3,-0.02711567823963421
240.35000000000002,-0.06069068047773751
240.4,-0.1456567816183266
240.45000000000002,-0.08387809354058832
240.5,0.026592467626504218
240.55,-0.1028492498409221
240.60000000000002,-0.18900385328630792
240.65,-0.004166840687262384
240.70000000000002,0.1025887983233274
240.75,-0.004891073261517855
240.8,0.051335693423581005
240.85000000000002,0.032840530165725655
240.9,-0.11363777207659276
240.95000000000002,0.11894962535293581
241.0,0.04809726019172841
241.05,-0.239716125086716
241.10000000000002,0.032595152154321905
241.15,0.057026774829838735
241.20000000000002,-0.12006353873329625
241.25,-0.0020820523437347195
241.3,0.058997171959497295
241.35000000000002,0.07492506090352098
241.4,0.03652008796163027
241.45000000000002,0.059505599190245624
241.5,-0.007215248294746471
241.55,-0.14561398296588096
241.60000000000002,0.03916934771067479
241.65,-0.025747403674743832
241.70000000000002,-0.16184682975851666
241.75,0.16494976858805602
241.8,0.08821736845901886
241.85000000000002,0.0015040078062741418
241.9,0.23074517601691147
241.95000000000002,-0.0585567975077864
242.0,0.00343295483229074
242.05,0.16816722383445387
242.10000000000002,-0.11586564487006236
242.15,-0.021366500039253257
242.20000000000002,-0.056139719409654
242.25,-0.19366484955758093
242.3,-0.003921307429416143
242.35000000000002,0.03621588070805428
242.4,-0.014670468400231031
242.45000000000002,0.029815448576615042
242.5,-0.11091592239528726
242.55,-0.14355532168498814
242.60000000000002,0.01999548703872933
242.65,-0.019571833680318392
242.70000000000002,0.015401503420988949
242.75,0.08231102566648436
242.8,0.0024283935850711925
242.85000000000002,-0.044686736826269724
242.9,-0.019770536001545755
242.95000000000002,-0.005923072321603142
243.0,-0.02555366651571488
243.05,0.07098282887835644
243.10000000000002,0.09359679321954865
243.15,0.07809991125850889
243.20000000000002,0.20689263105178085
243.25,0.09792686594647762
243.3,-0.024235485459934245
243.35000000000002,-0.044939278290996046
243.4,-0.12167284747588879
243.45000000000002,0.025632677799034546
243.5,-0.05225226081206012
243.55,-0.04558622933176362
243.60000000000002,0.18218323835444553
243.65,-0.06500844817919815
243.70000000000002,-0.019673704325707777
243.75,0.10255457756373089
243.8,-0.13943051365196937
243.85000000000002,-0.02445761824101628
243.9,0.0018098375103909347
243.95000000000002,-0.10181007028830773
244.0,0.04213301606933538
244.05,0.12350687848194522
244.10000000000002,0.1520353283937671
244.15,-0.04651080269913258
244.20000000000002,-0.17054488412319238
244.25,0.015082699839671415
244.3,-0.11668121543158473
244.35000000000002,-0.018942446851228187
244.4,0.1695780897350772
244.45000000000002,-0.15775740793382964
244.5,-0.0781117838694368
244.55,0.03593911227745756
244.60000000000002,-0.06802948695960719
244.65,0.11997612702716247
244.70000000000002,-0.024523468418846117
244.75,-0.07783355903351213
244.8,0.09817742984302258
244.85000000000002,-0.015370856449613
244.9,0.07523741331513707
244.95000000000002,0.05433053186303432
245.0,-0.08213677868189113
245.05,0.012429484496571832
245.10000000000002,-0.05928569045822534
245.15,-0.07340799165288156
245.20000000000002,0.008470380202276449
245.25,-0.018048960165029066
245.3,0.1006276854929773
245.35000000000002,0.12570764657142153
245.4,-0.00013226453539355896
245.45000000000002,-0.008753697708159364
245.5,-0.028665767079101557
245.55,0.07926636262793538
245.60000000000002,0.07885784692296487
245.65,0.011667991363849698
245.70000000000002,0.06680395706987147
245.75,-0.05199592265848989
245.8,0.027822960621879722
245.85000000000002,-0.002508351284807162
245.9,-0.17235776613438156
245.95000000000002,0.05296196787860285
246.0,0.02055901851553359
246.05,-0.12318008083889291
246.10000000000002,0.10118574053843853
246.15,0.03946176834859064
246.20000000000002,0.017421967738421872
246.25,0.15265903883123236
246.3,-0.1516022359459728
246.35000000000002,-0.16480492407104538
246.4,0.0018011110407595114
246.45000000000002,-0.07919936389603223
246.5,0.06898498314908715
246.55,0.10054328517355147
246.60000000000002,-0.05301447964820323
246.65,0.04015091911765135
246.70000000000002,0.014615991477894004
246.75,-0.0685507899042185
246.8,0.06270885320352314
246.85000000000002,-0.02256811282658225
246.9,-0.02651116980248247
246.95000000000002,0.06183717528181744
247.0,-0.08323357859613655
247.05,-0.01841586796105745
247.10000000000002,0.012767532347341652
247.15,-0.11628147745248467
247.20000000000002,-0.10177663918124037
247.25,-0.028743497281713715
247.3,0.041500110362837475
247.35000000000002,-0.009432077103311632
247.4,-0.014313032325811806
247.45000000000002,0.07250341363920398
247.5,0.11537552754144073
247.55,0.10266658930505268
247.60000000000002,0.03913019934683604
247.65,-0.09834356055640037
247.70000000000002,-0.10792012066708793
247.75,0.16877986329697048
247.8,0.1222198072636338
247.85000000000002,-0.11029360151299386
247.9,-0.0450277514287752
247.95000000000002,-0.011509566529832288
248.0,-0.06305083178215945
248.05,0.0948419413552101
248.10000000000002,0.08001853190294272
248.15,-0.08395502412765479
248.20000000000002,0.02645272232640816
248.25,-0.07256564018650997
248.3,-0.0650394366250381
248.35000000000002,0.09437199576985617
248.4,-0.06001425805043778
248.45000000000002,-0.052089404910150974
248.5,-0.0586336292435871
248.55,-0.08513454395984003
248.60000000000002,0.1693623187070393
248.65,0.040626736665734436
248.70000000000002,-0.06077568948115294
248.75,-0.035446105167873734
248.8,-0.24251679108723048
248.85000000000002,0.04966639762272708
248.9,0.06518795093648708
248.95000000000002,-0.0550124147465426
249.0,0.11644643718429894
249.05,0.0687649954703776
249.10000000000002,0.21737853730695322
249.15,0.10384815743907871
249.20000000000002,0.02678606209868274
249.25,0.09267491217389076
249.3,-0.1664767867174437
249.35000000000002,-0.05325689846426655
249.4,-0.020653739960203425
249.45000000000002,-0.12559322047920496
249.5,-0.00040656793739335086
249.55,-0.08787345789434604
249.60000000000002,-0.060743634986327365
249.65,-0.027597540227524652
249.70000000000002,-0.022373642425770043
249.75,0.07131627627934878
249.8,0.023429597943294918
249.85000000000002,0.032376886608845204
249.9,0.06548058179824383
249.95000000000002,0.034001351636992215
250.0,0.056401173225231076
250.05,0.06378079623389564
250.10000000000002,-0.007791507059584861
250.15,0.08764652007168809
250.20000000000002,-0.048898710207087234
250.25,-0.1481489243674235
250.3,0.0512579922585767
250.35000000000002,-0.03105512403918672
250.4,0.06090828127866326
250.45000000000002,0.057493283414906025
250.5,-0.11122207557183907
250.55,-0.10382326783324812
250.60000000000002,-0.17272633503828996
250.65,-0.06531344830395078
250.70000000000002,0.010849949240158165
250.75,0.04173043750897336
250.8,0.02955632863561563
250.85000000000002,-0.04887320397561845
250.9,0.13968011662477128
250.95000000000002,0.09232684990575236
251.0,0.006729982686351227
251.05,0.06383598008644084
251.10000000000002,-0.12215217020835913
251.15,-0.03817985236776557
251.20000000000002,0.030062126114228045
251.25,-0.03477816382615494
251.3,0.08319901849937451
251.35000000000002,0.033276616483462494
251.4,-0.040550604284912056
251.45000000000002,-0.07053356376745684
251.5,0.010065976974913791
251.55,0.13798893522748032
251.60000000000002,0.17522087758507693
251.65,0.16646938684907212
251.70000000000002,-0.040242303705194424
251.75,-0.061232438014769096
251.8,-0.0487590119669596
251.85000000000002,-0.12907763504829106
251.9,-0.033020394568681215
251.95000000000002,-0.1049452442261894
252.0,-0.04295188454366276
252.05,0.07109273888920227
252.10000000000002,-0.05217135894764796
252.15,-0.035469202070172505
252.20000000000002,0.064597153237808
252.25,-0.00030585013450832644
252.3,-0.05368975002430166
252.35000000000002,0.11607814318606854
252.4,-0.012249046437409329
252.45000000000002,-0.12708399647367474
252.5,0.09298292426369513
252.55,-0.05649432863937344
252.60000000000002,-0.13281275306585436
252.65,0.09601189629004425
252.70000000000002,-0.07387437871679908
252.75,-0.13216472099978332
252.8,0.10363645841133114
252.85000000000002,-0.023837284865781672
252.9,0.0815555757240627
252.95000000000002,0.14750688519782615
253.0,-0.0631188630034116
253.05,0.11540857312118942
253.10000000000002,0.04878755688330334
253.15,0.03015829404682393
253.20000000000002,0.1518309483116623
253.25,-0.09394200992140071
253.3,-0.05094395292725271
253.35000000000002,-0.0330769158662951
253.4,-0.13175938292796938
253.45000000000002,0.031753580803589726
253.5,0.022556706397847282
253.55,-0.0014686986381351927
253.60000000000002,0.06188319276168535
253.65,0.0004969895426917425
253.70000000000002,-0.03985238590442252
253.75,-0.07160421775301745
253.8,-0.03679240576791006
253.85000000000002,-0.010435204998171995
253.9,-0.09103549281490893
253.95000000000002,0.07640692772988497
254.0,0.014795421215257567
254.05,-0.10515683845923023
254.10000000000002,0.22071126656413417
254.15,0.06232934866495746
254.20000000000002,0.012315236643202852
254.25,0.20714992216569214
254.3,-0.0100193981334248
254.35000000000002,0.08744582621371898
254.4,0.02952506998377155
254.45000000000002,-0.13851356240023427
254.5,-0.09853214230560334
254.55,-0.18673833091623557
254.60000000000002,-0.01442222416030727
254.65,-0.0052768714790118075
254.70000000000002,-0.021527439118630875
254.75,0.061709386402933046
254.8,-0.057001961759302645
254.85000000000002,0.0701406019759466
254.9,0.04445632535403802
254.95000000000002,-0.11541776438128842
255.0,-0.007665567788024524
255.05,0.04083749535223216
255.10000000000002,0.04817203249350437
255.15,0.17670804936517773
255.20000000000002,0.061345025493810885
255.25,-0.0719301405729106
255.3,0.043928365001530884
255.35000000000002,-0.05008017738931182
255.4,-0.06183141155768545
255.45000000000002,-0.03440883273525069
255.5,-0.09610703644783214
255.55,0.005047782782172226
255.60000000000002,0.12817221009258392
255.65,0.10827179092994296
255.70000000000002,-0.09095022733929459
255.75,-0.11108795894420076
255.8,-0.10384815504545167
255.85000000000002,-0.06946001921514088
255.9,0.1036210840636055
255.95000000000002,-0.012006554231646009
256.0,-0.04281334825278244
256.05,0.05779654034780994
256.1,-0.014790397977416036
256.15000000000003,0.06855805641810589
256.2,0.015098758416860281
256.25,-0.11007290592358372
256.3,0.03213416254088804
256.35,0.01594248295446493
256.40000000000003,-0.05447004672152458
256.45,0.00029552559266771074
256.5,0.018280438532113606
256.55,-0.0255964187643815
256.6,-0.04812379123094252
256.65000000000003,-0.013677483901099683
256.7,0.006115417526263565
256.75,-0.027584400133367312
256.8,-0.004985282285514611
256.85,0.13922805110077152
256.90000000000003,0.05807169450717145
256.95,-0.0192555695019721
257.0,0.06524278288171152
257.05,-0.18341043655619393
257.1,-0.11631396584840864
257.15000000000003,0.10536085268647516
257.2,-0.06143487661786747
257.25,0.1394734884331253
257.3,-0.05583429907748556
257.35,-0.16924655948457065
257.40000000000003,0.21607519860387867
257.45,-0.11934398360188682
257.5,0.04519916849893005
257.55,0.17372953627015028
257.6,-0.22286296794583266
257.65000000000003,0.06601107570843251
257.7,0.14238072554631692
257.75,-0.0017335748404499777
257.8,0.027311323249977464
257.85,0.04543641358347941
257.90000000000003,-0.046791207672030634
257.95,-0.08733712261595912
258.0,0.09432284294106376
258.05,-0.11105417087108753
258.1,-0.14418971479041037
258.15000000000003,0.08850501479163235
258.2,-0.1020323986436531
258.25,-0.02049673399637906
258.3,0.15870107310178658
258.35,0.0072356045842178265
258.40000000000003,-0.03849462997184606
258.45,0.05677638580716343
258.5,0.09520341298348517
258.55,-0.056867786987686075
258.6,-0.01619052003573116
258.65000000000003,0.04609183495186354
258.7,-0.06448188100541781
258.75,0.013033574469735723
258.8,0.12055865326304634
258.85,-0.005112844436998657
258.90000000000003,-0.06274871620495551
258.95,0.1511147217954118
259.0,-0.008954635680083227
259.05,0.029714440860330902
259.1,0.23534831171680176
259.15000000000003,-0.13475187556625426
259.2,-0.07186123825564612
259.25,0.021168709797391896
259.3,-0.1666174385840532
259.35,0.0048942399536017495
259.40000000000003,-0.0726496734590807
259.45,-0.09949992231848259
259.5,0.08397634791210296
259.55,0.024098866816184887
259.6,0.08629484761785698
259.65000000000003,-0.02233966671308523
259.7,-0.13425875318993133
259.75,-0.0015214075647143608
259.8,-0.05607570440934251
259.85,-0.016163667038988083
259.90000000000003,-0.01605881508082634
259.95,-0.03775783487662802
260.0,0.051077528198752706
260.05,-0.0019338782463077249
260.1,0.030762803880401857
260.15000000000003,0.018749533910465452
260.2,-0.03172685985503192
260.25,0.08507586153555485
260.3,0.04742896781906088
260.35,0.021275255012521564
260.40000000000003,0.13577266867234922
260.45,-0.027834982562230954
260.5,-0.10585207023035498
260.55,0.05691173741977118
260.6,-0.019598432843641034
260.65000000000003,-0.006622571899105878
260.7,0.022910962884200036
260.75,-0.1351488776134919
260.8,-0.06978603772295877
260.85,0.052566506705435105
260.90000000000003,0.047129346343706024
260.95,0.026266800529234698
261.0,0.018240791546687972
261.05,-0.06585268715949183
261.1,-0.02073982772275014
261.15000000000003,0.051495860529357854
261.2,-0.043394638506665625
261.25,0.034203268027229235
261.3,-0.009220240951672261
261.35,-0.07273252999675102
261.40000000000003,0.014356248999797335
261.45,0.0066434513543907475
261.5,0.1434580023303525
261.55,0.12261227234578817
261.6,0.04626965266252559
261.65000000000003,0.12528364599344402
261.7,-0.036162595362333155
261.75,-0.0707641773009877
261.8,0.008129170112112978
261.85,-0.1215778311117052
261.90000000000003,-0.06441921089056389
261.95,0.030052369413147147
262.0,-0.10302163813304427
262.05,0.0039045709381525977
262.1,0.07685898153769205
262.15000000000003,-0.0478711125019533
262.2,0.02761015744519905
262.25,-0.014137281056786006
262.3,-0.10925815639093361
262.35,-0.12293687908198134
262.40000000000003,-0.04266303785084921
262.45,0.04158506463883128
262.5,0.0026334938488713393
262.55,0.11096547298810122
262.6,0.07200199212729752
262.65000000000003,-0.059816649005728216
262.7,-0.050307592666236765
262.75,-0.06663280803257571
262.8,-0.009157785256239516
262.85,0.02246071347746242
262.90000000000003,-0.04364717891809413
262.95,-0.03858914526444466
263.0,-0.0048066009113369845
263.05,0.021807634785772727
263.1,0.1006288741234528
263.15000000000003,0.07032392803680139
263.2,-0.0020795943092186695
263.25,0.06764047351780698
263.3,0.03033908569162959
263.35,-0.07975631379003721
263.40000000000003,-0.013893999245154309
263.45,-0.031103100049049495
263.5,-0.13145475624360378
263.55,-0.0717728463390017
263.6,-0.05775375443920462
263.65000000000003,-0.03980447943021597
263.7,0.12374554008516693
263.75,0.11401218413258236
263.8,0.010370070504555426
263.85,0.03052103603242759
263.90000000000003,-0.03329580772656494
263.95,-0.015396347120754576
264.0,0.03873393194921394
264.05,-0.05569346763890686
264.1,0.019752303871374357
264.15000000000003,0.031799179375367304
264.2,0.0012669794245288887
264.25,0.09989474615680503
264.3,0.029397280600327237
264.35,0.03354069944625366
264.40000000000003,0.020713375002954382
264.45,-0.09447665101893743
264.5,0.0023291942758588073
264.55,0.11691945608138031
264.6,0.04847811512145506
264.65000000000003,-0.016474763508213072
264.7,-0.00835820728552224
264.75,-0.07818433014251416
264.8,-0.0072103433576652335
264.85,0.0679879978231836
264.90000000000003,-0.0874997410323347
264.95,-0.11968557929051485
265.0,-0.026685061724011368
265.05,-0.019821014223102288
265.1,0.00349840510812294
265.15000000000003,0.1013771198906246
265.2,0.023686343845616284
265.25,-0.05823533182871342
265.3,0.034673442698170485
265.35,-0.03975429599355032
265.40000000000003,-0.06472299925146487
265.45,0.10155133985731551
265.5,0.05012546289685416
265.55,-0.027057489289383847
265.6,0.059621997890206765
265.65000000000003,0.03723507547733019
265.7,0.039515795815812
265.75,0.08140158195678134
265.8,0.011253859594388389
265.85,-0.027961974146762998
265.90000000000003,-0.039662924620669726
265.95,-0.03870883654394541
266.0,-0.020990681775582793
266.05,-0.02565420824773488
266.1,-0.07367633553677354
266.15000000000003,-0.016133202824518824
266.2,0.04841316798165812
266.25,-0.040459162000327495
266.3,0.06513984595435021
266.35,0.0686216168790286
266.40000000000003,-0.050637326469039706
266.45,0.05179641054983039
266.5,-0.01593534587082793
266.55,-0.09340995134490382
266.6,0.025636060621540106
266.65000000000003,0.01065124515279918
266.7,-0.04950527833892113
266.75,0.0632412649277041
266.8,0.04915241467569773
266.85,0.014620601779977602
266.90000000000003,0.06874840955130036
266.95,-0.053269034710039256
267.0,-0.029808477928120036
267.05,-0.000597009157253399
267.1,-0.05655484331405831
267.15000000000003,0.06954523465905538
267.2,0.04502462899413738
267.25,-0.03043327583493236
267.3,-0.03825676966241217
267.35,-0.1518117091550887
267.40000000000003,-0.043568497261484276
267.45,0.08319183832803544
267.5,0.0006618260657868547
267.55,0.016280834429578287
267.6,0.011607295013165958
267.65000000000003,0.07325278296059194
267.7,0.16782028541483132
267.75,0.06853890401471499
267.8,0.012635612365829765
267.85,-0.07804615643731011
267.90000000000003,-0.10536643379079619
267.95,0.06344975055473674
268.0,-0.035941487999018036
268.05,-0.0830716471544451
268.1,-0.011818532146665143
268.15000000000003,-0.17277667464607335
268.2,-0.0480710685386577
268.25,0.016761923486919017
268.3,-0.09318052770860255
268.35,0.034160733461579516
268.40000000000003,-9.88241728526635e-05
268.45,0.019718250178155452
268.5,0.11094262259022712
268.55,0.0051706350721248935
268.6,-0.016271171668946528
268.65000000000003,-0.030882880305762635
268.7,-0.007099958248586167
268.75,0.07331219618844771
268.8,-0.02603153431038659
268.85,-0.018768843550700656
268.90000000000003,-0.014189276974977672
268.95,-0.06873591132189584
269.0,0.09631251637193608
269.05,0.03867507865370854
269.1,-0.022693831558996774
269.15000000000003,0.027738621028978977
269.2,-0.07783144435058567
269.25,0.03671012122577562
269.3,0.09453838928300602
269.35,-0.0009175206785740404
269.40000000000003,0.008355706502081917
269.45,-0.05676502440334206
269.5,-0.05820943442619278
269.55,0.04549322379683119
269.6,0.05905931764893596
269.65000000000003,0.009921284436842094
269.7,-0.06379289119399638
269.75,-0.07903005205124247
269.8,-0.032025518457680764
269.85,0.012884517892008125
269.90000000000003,0.034293104907225674
269.95,-0.025273119217687504
270.0,-0.04431545461623919
270.05,-0.01711310119046903
270.1,0.006314975405408644
270.15000000000003,0.07536431423883964
270.2,0.04997873810206417
270.25,-0.018175585518484187
270.3,0.0032188056690658977
270.35,0.000652929656647053
270.40000000000003,0.0373942761231293
270.45,0.089488423609537
270.5,0.0021145547586138096
270.55,-0.03508984242817871
270.6,-0.04849944281294493
270.65000000000003,-0.04452618808648648
270.7,0.05832014577940365
270.75,-0.023276271077588426
270.8,-0.1050332739746214
270.85,-0.049421654710067854
270.90000000000003,-0.053419801050784435
270.95,0.025069626281363094
271.0,0.07204853394334003
271.05,0.05288021315062448
271.1,0.06332553601653956
271.15000000000003,0.023533223276306484
271.2,0.06122930886127581
271.25,0.015252280237471388
271.3,-0.05148895578730046
271.35,0.015154897839385291
271.40000000000003,-0.040063520447991455
271.45,-0.01295262002511254
271.5,0.0878767466683545
271.55,0.0517693708157441
271.6,0.022083168422241832
271.65000000000003,0.038060468507542106
271.7,0.04090510586539193
271.75,0.023075815128699616
271.8,0.04189846118575438
271.85,-0.019088599259147142
271.90000000000003,-0.06748032205865677
271.95,-0.031221101463748107
272.0,-0.027836628564189267
272.05,-0.001001512264905959
272.1,-0.03751193836144786
272.15000000000003,-0.028434124742413417
272.2,0.06024885961579694
272.25,0.05282263574855029
272.3,0.06578543332879362
272.35,0.08132858950261933
272.40000000000003,0.02918815554968557
272.45,0.02822261436414345
272.5,-0.008532887877105438
272.55,-0.06296056521635983
272.6,-0.087566287557402
272.65000000000003,-0.12086665587494845
272.7,-0.07792489776624162
272.75,-0.11936544920656153
272.8,-0.13224869694282107
272.85,-0.06825727954363171
272.90000000000003,-0.08321592143267662
272.95,-0.006375679407932085
273.0,0.04595289315759823
273.05,0.032972145460776654
273.1,0.01911549805288537
273.15000000000003,0.010477576565372194
273.2,0.05489614820934307
273.25,-0.019326861690167396
273.3,-0.04916229454165879
273.35,0.00589910632354647
273.40000000000003,-0.056791614766178514
273.45,-0.016284510012773024
273.5,0.06236647359328143
273.55,0.042955446818875816
273.6,0.07280370340285416
273.65000000000003,0.04978682188904063
273.7,0.030249671931957392
273.75,0.07584355775739483
273.8,0.03285822710974821
273.85,0.06764779010267326
273.90000000000003,0.09879856102897175
273.95,0.004719944692933752
274.0,0.03272416498400751
274.05,0.008132894389198704
274.1,-0.09771834621463536
274.15000000000003,-0.07387672293927358
274.2,-0.07537455110776181
274.25,-0.10124735292282873
274.3,-0.06154561488190871
274.35,-0.03830879659470537
274.40000000000003,-0.00624704252211004
274.45,0.06585338513271097
274.5,0.047192345078789964
274.55,-0.012798934432389442
274.6,0.003819027234274633
274.65000000000003,-0.0005581865687865592
274.7,0.02194184691050711
274.75,0.020299866769015372
274.8,-0.03375515758549282
274.85,0.08580394303427323
274.90000000000003,0.0812512365005401
274.95,-0.03594187939524257
275.0,0.06489761809734593
275.05,-0.016115331142376812
275.1,-0.05903041116688785
275.15000000000003,0.11064200300731958
275.2,-0.006279489898417686
275.25,-0.024204204181655673
275.3,0.03980574087573124
275.35,-0.07396574606457784
275.40000000000003,-0.04203874345829635
275.45,-0.05671032085201094
275.5,-0.059042264853124936
275.55,-0.005114364636520771
275.6,-0.06527561068064959
275.65000000000003,-0.032499224225767495
275.7,0.024820627307831345
275.75,0.03546943683488292
275.8,0.05893730539329589
275.85,0.016864563603647378
275.90000000000003,-0.028482166191277598
275.95,0.0158662762837331
276.0,0.03232883861597367
276.05,0.027558163339131518
276.1,0.020793698611594316
276.15000000000003,-0.044350372653898254
276.2,-0.004864717839441571
276.25,0.04310510659419156
276.3,0.004970124546031908
276.35,0.06125887499822383
276.40000000000003,0.05580740580523716
276.45,-0.0037667051344946463
276.5,0.06182730367364842
276.55,0.032663347470547645
276.6,0.0007251169762088516
276.65000000000003,0.017321841140070245
276.7,-0.051232494805523894
276.75,-0.03162477037817128
276.8,-0.027733359497419736
276.85,-0.05625929234992395
276.90000000000003,-0.04965122743090333
276.95,-0.0580967816076783
277.0,-0.005464818132095173
277.05,0.03779152329439158
277.1,0.041936068957222135
277.15000000000003,0.017019532277022808
277.2,0.019166935938259067
277.25,0.03321422993669232
277.3,-0.023804681574355026
277.35,-0.007538841777548543
277.40000000000003,-0.0330105723060045
277.45,-0.07279903911674283
277.5,0.0007717304631669701
277.55,-0.0001442813923687245
277.6,0.013895228571395376
277.65000000000003,0.02678739060029197
277.7,0.011702341859838093
277.75,0.030969794295522893
277.8,0.03322741451809268
277.85,0.04809709743738787
277.90000000000003,0.00826999399654128
277.95,-0.020900254602309664
278.0,-0.039722196299121014
278.05,-0.07537591480961592
278.1,-0.03775238377312942
278.15000000000003,-0.06495105170100843
278.2,-0.08245277895561325
278.25,-0.046415550922886246
278.3,-0.070927536560624
278.35,-0.023889929078989697
278.40000000000003,0.013495972274439936
278.45,-0.010992703677493816
278.5,0.008692350543518473
278.55,0.022542439556611983
278.6,0.0394646948191255
278.65000000000003,0.07085552805863295
278.7,0.05334653014464095
278.75,0.007920486185257172
278.8,0.024164364263468942
278.85,-0.0027902256745374623
278.90000000000003,-0.0536993612989798
278.95,-0.03391221904769049
279.0,-0.08437380660754458
279.05,-0.03590764698979761
279.1,0.047044688185991695
279.15000000000003,-0.003036149870223176
279.2,0.03111782438444006
279.25,0.028910769439926282
279.3,-9.340046077710336e-06
279.35,0.04638843982660726
279.40000000000003,0.03993908778373148
279.45,0.020294002914454667
279.5,0.0045716086740466245
279.55,-0.03898416575460677
279.6,-0.01572913056473242
279.65000000000003,0.06165070676352769
279.7,0.05051809653258052
279.75,0.05389293506789094
279.8,0.07230800763868546
279.85,0.004893370666042475
279.90000000000003,0.03927715446311079
279.95,0.07704008861666017
280.0,0.0050441184741729355
280.05,-0.002425194144764296
280.1,-0.02545111327735544
280.15000000000003,-0.0424693866519358
280.2,-0.010127883789422606
280.25,0.011340481393489829
280.3,0.01729880863136388
280.35,-0.025197292281642525
280.40000000000003,0.002104849788610359
280.45,0.007996634262233819
280.5,0.010084715906734957
280.55,0.04456448270069748
280.6,-0.0037130703247127152
280.65000000000003,0.011402331357070873
280.7,-0.023848249805094195
280.75,-0.053092358946895436
280.8,-0.0075216473860600435
280.85,-0.06603475833822392
280.90000000000003,-0.04969303261089396
280.95,-0.015711941587910557
281.0,-0.02493605418216565
281.05,0.022509753117922852
281.1,0.017866242278485527
281.15000000000003,0.034901853694186705
281.2,0.05835137247244677
281.25,0.010572810930564915
281.3,0.0037549281334413208
281.35,-0.002735927113105829
281.40000000000003,-0.017378882273073246
281.45,0.014915474920112384
281.5,0.011022880245154455
281.55,-0.008398315904617162
281.6,-0.03255619723683821
281.65000000000003,-0.04287936315224843
281.7,-0.028573006119762222
281.75,-0.053365602721650224
281.8,-0.024401952857760714
281.85,-0.011146358669476466
281.90000000000003,-0.05053371662700021
281.95,0.017643884669233525
282.0,0.03474293590830473
282.05,0.00237742795665853
282.1,0.0680043505894937
282.15000000000003,0.023057741652000013
282.2,-0.008436424337634776
282.25,0.02478542901481698
282.3,-0.014035922646605303
282.35,-0.00024215247541709069
282.40000000000003,-9.419955579425544e-05
282.45,0.025871112295157945
282.5,0.03631603035258131
282.55,0.001619668888034052
282.6,0.0171521202576116
282.65000000000003,-0.012211734896963632
282.7,-0.004749818292384337
282.75,0.026867197303739397
282.8,0.013914724607933545
282.85,-0.012288472967631548
282.90000000000003,-0.08081837508059396
282.95,-0.07247974352216592
283.0,-0.01554114936892314
283.05,-0.025880257567033545
283.1,0.008664541387012276
283.15000000000003,0.021970260630308047
283.2,-0.005642391391244056
283.25,0.05997326706677468
283.3,0.08890820126661929
283.35,0.05858617887237785
283.40000000000003,0.0362755950109148
283.45,-0.002557195258193635
283.5,-0.030305235154855014
283.55,-0.038503326919211135
283.6,-0.008544657450852679
283.65000000000003,-0.02792086758041388
283.7,-0.06841323470295785
283.75,-0.05528141747515994
283.8,-0.08599877750187548
283.85,-0.05131274455620632
283.90000000000003,0.01996088840789491
283.95,-0.02824792120976459
284.0,-0.008040337172273884
284.05,0.05237253379600914
284.1,0.007409846951015753
284.15000000000003,0.03704521831298782
284.2,0.05689521128739722
284.25,-0.01202299178989341
284.3,0.00435637552122968
284.35,-0.0040121608097463
284.40000000000003,-0.014022445453257176
284.45,0.030871716543412284
284.5,0.008633361410318332
284.55,0.008642481602163304
284.6,-0.020840124533009888
284.65000000000003,-0.055009035440361544
284.7,-0.012120503715109277
284.75,-0.009302649963797368
284.8,0.03471591038460518
284.85,0.036743362123945
284.90000000000003,-0.0017468003058585503
284.95,0.051742850832974634
285.0,0.0300695235850775
285.05,0.014695309670438582
285.1,0.05581750345386832
285.15000000000003,0.022806605521245343
285.2,0.0038406766430361078
285.25,0.01616997751743535
285.3,0.009470772194455943
285.35,-0.0013590183577151926
285.40000000000003,-0.007873488620709298
285.45,-0.028693807620739545
285.5,-0.04421688874928184
285.55,-0.0421627036148237
285.6,-0.05696266331335323
285.65000000000003,-0.03119785609653219
285.7,-0.000809294994427814
285.75,0.017382871201258396
285.8,0.03186219491410118
285.85,-0.010764109723740575
285.90000000000003,-0.033976417949978736
285.95,-0.022506066498500683
286.0,-0.0025365632151801696
286.05,-0.009980776999631426
286.1,-0.035556363600766534
286.15000000000003,-0.06548614057932106
286.2,-0.06280933398515538
286.25,0.005976028251272728
286.3,0.010844291981529135
286.35,0.006494063369078265
286.40000000000003,0.021486139427340865
286.45,0.010711545537343936
286.5,0.04058295136701309
286.55,0.044637592432826896
286.6,0.012380586660589103
286.65000000000003,0.017505834809473736
286.7,0.028350838158274827
286.75,0.02639371758716228
286.8,0.03413441411210796
286.85,0.013730540796539693
286.90000000000003,-0.006358389807634628
286.95,-0.003889604765608748
287.0,-0.03662476897647749
287.05,-0.060307013052512265
287.1,-0.06115116760944408
287.15000000000003,-0.061702868921186434
287.2,-0.06195497052795754
287.25,-0.05931771736583331
287.3,-0.03663913546933082
287.35,-0.0340628833570572
287.40000000000003,0.016026615954365876
287.45,0.07559197712556609
287.5,0.045174051495052214
287.55,0.054604308980242475
287.6,0.03424375117948978
287.65000000000003,-0.013893483005366108
287.7,0.0038340620123487623
287.75,-0.014392643891985643
287.8,0.015051486869897891
287.85,0.02705323896561005
287.90000000000003,-0.018483910614254813
287.95,0.03902678590223684
288.0,0.06236809429863037
288.05,0.03970945967685519
288.1,0.0501593717634622
288.15000000000003,-0.0003730132747496028
288.2,-0.017155517704245924
288.25,0.01712177057853552
288.3,0.03640302883886153
288.35,0.0475923040787124
288.40000000000003,-0.00922801386812936
288.45,0.0049115249690786
288.5,0.03916468527330085
288.55,-0.012458263250918188
288.6,0.022822570960413447
288.65000000000003,0.022865981050390158
288.7,-0.03702061261211554
288.75,0.0009147818264838886
288.8,0.023366228594714034
288.85,0.001982587886748834
288.90000000000003,0.013404069884176755
288.95,-0.01630591851719998
289.0,-0.007868206192859535
289.05,0.039053929918940154
289.1,0.014092648464450047
289.15000000000003,0.035333823171767025
289.2,-0.008727258046291687
289.25,-0.042032498290681564
289.3,0.003918447309783386
289.35,-0.046526936995186695
289.40000000000003,-0.0374464599606963
289.45,-0.02513786213667831
289.5,-0.043054886337199866
289.55,-0.007195890381781586
289.6,0.004253240394931658
289.65000000000003,-0.0066950705277915605
289.7,0.001437355035718271
289.75,0.005073541723926183
289.8,0.0038857630885318307
289.85,0.03506340993731792
289.90000000000003,0.003870716278232194
289.95,0.0018599330838109539
290.0,0.006400420953778626
290.05,-0.04391429173731324
290.1,-0.004588462180208607
290.15000000000003,0.00898682864841654
290.2,-0.010666993385515904
290.25,0.01441126487364369
290.3,0.00924649664867306
290.35,-0.006463185516078593
290.40000000000003,0.005162283715842102
290.45,0.008509097203323398
290.5,-0.00046512079888458687
290.55,-0.008165716430420921
290.6,0.015446142538326022
290.65000000000003,0.04942562098534272
290.7,0.03508821216403966
290.75,0.009008092834689336
290.8,-0.03733254525014134
290.85,-0.053205346121547384
290.90000000000003,-0.02067401694987802
290.95,-0.019926262638391964
291.0,0.0041718617902161146
291.05,0.01296988565802737
291.1,0.005470232317819805
291.15000000000003,0.0430583207410479
291.2,0.01841551405933043
291.25,-0.015761075884886525
291.3,0.006336468672221819
291.35,-0.02135929973944854
291.40000000000003,-0.03796468794410119
291.45,-0.02299244774784017
291.5,-0.04703613201223334
291.55,-0.042248948696984305
291.6,-0.006682293236751611
291.65000000000003,0.005937253012516199
291.7,-0.0067626655934331205
291.75,0.005088981438807655
291.8,0.027308607067746193
291.85,0.01872671665704882
291.90000000000003,0.01603049025823088
291.95,0.015715452697956555
292.0,0.009626831566849767
292.05,-0.01090380552506075
292.1,-0.015890947993874964
292.15000000000003,-0.006473355032354348
292.2,-0.006850718359471739
292.25,0.007340143167642869
292.3,-0.002955449437568163
292.35,-0.012717790263798164
292.40000000000003,-0.013251445407767492
292.45,0.002044666344332312
292.5,0.025479658319221235
292.55,-0.012913279777967423
292.6,-0.019063331438766686
292.65000000000003,-0.0010383911544473924
292.7,-0.016125155335473294
292.75,0.003100868151242412
292.8,0.006009281290277519
292.85,-0.020393114140723527
292.90000000000003,-0.0028261855001005054
292.95,0.011168377411790635
293.0,-0.0011032902553104959
293.05,-0.00950222769290996
293.1,-0.008330116494022466
293.15000000000003,-0.0065063907464305605
293.2,-0.017018122655942696
293.25,-0.0008818046980793445
293.3,0.026649546959381442
293.35,0.0488918685795426
293.40000000000003,0.033273104743995634
293.45,-0.0177152325118454
293.5,-0.043298797516970106
293.55,-0.043998017200698354
293.6,-0.019819954685222862
293.65000000000003,-0.028521457202969096
293.7,-0.03138548670470093
293.75,-0.010865883715157952
293.8,-0.01462208002245619
293.85,0.039820447210206784
293.90000000000003,0.0299711902407443
293.95,-0.0281267229442585
294.0,0.013285391382396048
294.05,-0.003236165363161027
294.1,-0.0009771835558762515
294.15000000000003,0.05011955972740701
294.2,0.012413160656028066
294.25,0.015283977637010572
294.3,0.041257574812701155
294.35,0.012383803639589857
294.40000000000003,0.013841622906264504
294.45,0.01560435661216775
294.5,-0.018587024655663163
294.55,-0.025893112396674654
294.6,-0.026062242229099312
294.65000000000003,-0.027234835706312056
294.7,-0.016712244711729527
294.75,-0.009252706277890137
294.8,-0.003354702231754144
294.85,-0.016939307751855193
294.90000000000003,-0.008933148642882787
294.95,0.0011344287332032755
295.0,-0.007459143966615949
295.05,0.004343437326095182
295.1,0.008291730595598278
295.15000000000003,0.002531236333803571
295.2,-0.0027584200197507593
295.25,0.01636260015911175
295.3,0.014925636944354918
295.35,-0.0076172593229063895
295.40000000000003,0.015266335111728861
295.45,0.01590793326585524
295.5,0.024995148152487306
295.55,0.05075609967372892
295.6,0.03501001960653226
295.65000000000003,0.02372328907746454
295.7,0.008620320579017312
295.75,0.0012860832214988723
295.8,0.005257188721236954
295.85,-0.004259035817230548
295.90000000000003,0.0012246098858434739
295.95,0.01832567665295334
296.0,0.015196196225409872
296.05,0.01421778148954672
296.1,0.016518399818735277
296.15000000000003,-0.020236042199662956
296.2,-0.024136939538534543
296.25,-0.022902430959386974
296.3,-0.0436541523923998
296.35,0.006633835121419926
296.40000000000003,0.031128202763390612
296.45,0.014842237339404879
296.5,0.04714181130450689
296.55,0.039300639761927936
296.6,0.01151398067583402
296.65000000000003,0.03632494594015582
296.7,0.00944821778590608
296.75,-0.030760464286564374
296.8,-0.017650738776596054
296.85,-0.023351354578160424
296.90000000000003,-0.02381203653346425
296.95,-0.011126648620417385
297.0,-0.01802878584369794
297.05,-0.029918891095035923
297.1,-0.033049028757721796
297.15000000000003,-0.01881271711093068
297.2,-0.014788490851049824
297.25,0.0026439827787430024
297.3,0.024973257601575868
297.35,0.015525470238030487
297.40000000000003,0.03185177153940455
297.45,0.026155814524365377
297.5,0.022759054576570507
297.55,0.050651696486405065
297.6,0.015338568601530954
297.65000000000003,-0.022114341611444557
297.7,-0.030229604958161526
297.75,-0.03338890833746348
297.8,-0.026931102618525448
297.85,-0.008048697721723858
297.90000000000003,-0.004994631517218103
297.95,-0.02176158986523618
298.0,-0.00849963647652828
298.05,-0.016051769695369776
298.1,-0.021780380879664375
298.15000000000003,0.005304703196657875
298.2,0.0010674920144938208
298.25,-0.00605573187644431
298.3,0.007656885711834461
298.35,0.003922728393711051
298.40000000000003,0.005312981006995358
298.45,0.011270966899760057
298.5,-0.030356221908460285
298.55,-0.04717937861689885
298.6,-0.028313856461986253
298.65000000000003,-0.03473904519592184
298.7,-0.028243513376397637
298.75,-0.022065721405425502
298.8,-0.010838234761849388
298.85,-0.002690796755791044
298.90000000000003,0.004091899247248881
298.95,0.02757641319856123
299.0,0.0046425549916374155
299.05,0.014312401612300638
299.1,0.05444186839820639
299.15000000000003,0.02686787020224489
299.2,0.021926436512759065
299.25,0.04142841331745181
299.3,0.011976585622144266
299.35,0.021337852977304412
299.40000000000003,0.04838895562957512
299.45,0.012606182198997479
299.5,-0.00852369814174428
299.55,0.0024438445006969693
299.6,0.008309799757378184
299.65000000000003,-0.0007228448000401282
299.7,-0.0009920142651052939
299.75,-0.011934043611022401
299.8,-0.028736781085556374
299.85,-0.000927659745449802
299.90000000000003,0.023924300463295006
299.95,0.022130392052760423
300.0,8.49226328870913e-05
300.05,-0.008917416099790784
300.1,-0.023027197026585563
300.15000000000003,-0.04897915152617045
300.2,-0.01733127002166426
300.25,-0.0009036689343676702
300.3,-0.01006458647157504
300.35,0.008661681350863183
300.40000000000003,0.005085849627364952
300.45,-0.0036202481327664592
300.5,0.017572321159326457
300.55,0.02060776876538286
300.6,-0.011696321782430652
300.65000000000003,-0.0260672173650564
300.7,-0.04410436421267465
300.75,-0.05082286346379018
300.8,-0.03349492174124583
300.85,-0.03569867673464706
300.90000000000003,-0.025375896206878638
300.95,-0.030202258621998785
301.0,-0.021546722507591223
301.05,0.008025367092423363
301.1,0.015553614372658047
301.15000000000003,0.02402003389319337
301.2,0.01594567108899399
301.25,0.010421443969515212
301.3,0.005645538413190489
301.35,0.003975967950637726
301.40000000000003,-0.006002297760526015
301.45,-0.03710716691597949
301.5,-0.03410494888839412
301.55,-0.028005512713529024
301.6,-0.008541612258450394
301.65000000000003,0.018137762538749134
301.7,0.03006927482810095
301.75,0.0612773504937846
301.8,0.05081391628459424
301.85,0.07234118454816746
301.90000000000003,0.10282729606179544
301.95,0.0693021099666281
302.0,0.09166338006274913
302.05,0.056210866066284955
302.1,-0.014559159356949573
302.15000000000003,-0.01693712872623123
302.2,-0.053760516626924076
302.25,-0.044284260014658954
302.3,-0.03122750354886309
302.35,-0.07007644679400979
302.40000000000003,-0.05383782305086533
302.45,-0.0267972998158224
302.5,0.010231177225254974
302.55,0.049147385269605194
302.6,0.03267929181050925
302.65000000000003,0.025128383286806593
302.7,0.0392786744602637
302.75,0.03693468986964625
302.8,0.031299724942179016
302.85,0.017151015424336908
302.90000000000003,0.007164085596565976
302.95,-0.012482539060241965
303.0,-0.039437569830274466
303.05,-0.038533073004624246
303.1,-0.06303344401368245
303.15000000000003,-0.04785492301313493
303.2,0.0017379688115788797
303.25,-0.020825713287399256
303.3,-0.010949617686774582
303.35,0.01975450013360676
303.40000000000003,0.009100516110175668
303.45,0.010738746748296205
303.5,0.01088154180676363
303.55,-0.0013379282090325469
303.6,-0.008521490060834377
303.65000000000003,-0.014827950937494526
303.7,-0.03194564547289156
303.75,-0.04275714817279174
303.8,-0.028278837829495303
303.85,0.015092006005817771
303.90000000000003,0.017730709044208086
303.95,-0.003217551714304331
304.0,-0.0036818113079846912
304.05,-0.03761236524743177
304.1,-0.012403735249697402
304.15000000000003,0.008392684846667997
304.2,-0.015759188291042347
304.25,0.006936545487711622
304.3,-0.024673628921708175
304.35,-0.021875966643719186
304.40000000000003,0.010405254108963863
304.45,0.0063693383273342235
304.5,0.03966004575171155
304.55,-0.006765065913014629
304.6,-0.023173534363104997
304.65000000000003,0.02334261277865144
304.7,-0.009503086160046088
304.75,0.01188602610645764
304.8,0.021131442176486857
304.85,-0.017899267768798067
304.90000000000003,0.0038200182302533087
304.95,0.009015292992515094
305.0,0.009256166511851974
305.05,-0.004684649149257196
305.1,-0.006731248376056769
305.15000000000003,0.011885500518307494
305.2,-0.02618429562912432
305.25,-0.00011136143889910726
305.3,0.03472662603420429
305.35,0.004454357970976352
305.40000000000003,0.023442266267735178
305.45,0.014951490092338923
305.5,-0.014105814347239317
305.55,-0.00141257765132841
305.6,-0.0035546302315422897
305.65000000000003,0.003083378484103589
305.7,0.007991464433432844
305.75,0.021111270947579988
305.8,0.027002380747170065
305.85,0.002709316036046306
305.90000000000003,0.006788716158459321
305.95,-0.00966168712029323
306.0,-0.006739186182072541
306.05,0.015513776438107616
306.1,-0.0036000234277671463
306.15000000000003,0.005172696188610256
306.2,0.004343995733604435
306.25,-0.004586777505257583
306.3,-0.0013771069900465694
306.35,-0.017894985184721355
306.40000000000003,-0.0069441591347103385
306.45,0.010831641470833181
306.5,0.021871720501899027
306.55,0.039717756511581256
306.6,0.03158109885251875
306.65000000000003,0.03132882525842514
306.7,0.02034370846404743
306.75,-0.006074011436985764
306.8,9.466847860344893e-05
306.85,-0.00980663736937304
306.90000000000003,-0.005792155005944072
306.95,0.004467343007167107
307.0,-0.016743030564820814
307.05,-0.01382828087999114
307.1,-0.018432744187652648
307.15000000000003,-0.03306292064090875
307.20000000000005,-0.02420557028049873
307.25,-0.004671636496771754
307.3,0.0028805105103121517
307.35,0.005088316824246581
307.40000000000003,0.004288017311243946
307.45000000000005,-0.006746346240787429
307.5,0.01800052780083563
307.55,0.017614013512098743
307.6,-0.02464197061519346
307.65000000000003,-0.02190225639523684
307.70000000000005,-0.029690838297287872
307.75,-0.026556337799372318
307.8,0.0006766902447014703
307.85,-0.029921221135794426
307.90000000000003,-0.03088412530503408
307.95000000000005,-0.01663715239116754
308.0,-0.015253377928960365
308.05,0.01705352051665267
308.1,0.007653587630326969
308.15000000000003,0.001409489267666395
308.20000000000005,0.01889764760399454
308.25,0.01718195990296389
308.3,0.02212739687942052
308.35,0.022006495289549587
308.40000000000003,0.02168112421675767
308.45000000000005,0.0402384257356237
308.5,0.031699204334384425
308.55,0.003783906987283573
308.6,0.013729768575494208
308.65000000000003,-0.002828819298176685
308.70000000000005,-0.014697724537046425
308.75,0.014660601954395149
308.8,-0.007006144028870279
308.85,-0.01956026742982149
308.90000000000003,-0.011572411403722905
308.95000000000005,-0.03126961581554582
309.0,-0.019954381334747282
309.05,-0.00224763312529323
309.1,-0.01416242298948957
309.15000000000003,-0.010725113372421675
309.20000000000005,-0.0033761286299969443
309.25,0.006811479811161371
309.3,0.027367014706484196
309.35,0.02676301224012329
309.40000000000003,0.012889744931094018
309.45000000000005,-0.010501764624042375
309.5,-0.001910602809789397
309.55,0.014491232355325066
309.6,0.0029264395667579703
309.65000000000003,5.663783027475855e-05
309.70000000000005,-0.023990604513077246
309.75,-0.028023153875088077
309.8,-0.007720370369182719
309.85,-0.009728097383944447
309.90000000000003,-0.005984272122178122
309.95000000000005,7.20901593380754e-05
310.0,0.010969087764914691
310.05,0.01775925928621419
310.1,0.026252836211767612
310.15000000000003,0.02983389468282703
310.20000000000005,0.022503541425003885
310.25,0.03738091182256109
310.3,0.019024263013227214
310.35,-0.02406181235364069
310.40000000000003,-0.03377539429218422
310.45000000000005,-0.03574870747531362
310.5,-0.04120221464914892
310.55,-0.03957302842551395
310.6,-0.021435457980006158
310.65000000000003,-0.016110251528129494
310.70000000000005,-0.007963045601807502
310.75,0.024804736920541675
310.8,0.01300454321257325
310.85,0.0018752944427196999
310.90000000000003,0.016188128277091266
310.95000000000005,0.002939306585003063
311.0,0.007144636413949183
311.05,0.0062928669371830484
311.1,-0.008314615881144242
311.15000000000003,-0.006182055383572233
311.20000000000005,-0.034100218514772275
311.25,-0.05077502302412848
311.3,-0.031594404644011226
311.35,-0.026568222986819677
311.40000000000003,-0.015757928905299517
311.45000000000005,-0.0015114894694881994
311.5,0.01648600226635838
311.55,0.03515414827850103
311.6,0.034873292282308795
311.65000000000003,0.028118965753746117
311.70000000000005,0.0027270921485234604
311.75,-0.009339852086296634
311.8,-0.006380434052626781
311.85,-0.006205372174307624
311.90000000000003,0.0027749010810357135
311.95000000000005,-0.0034545714031043624
312.0,0.0005725265599885435
312.05,0.003063200837414723
312.1,-0.0022518175184472935
312.15000000000003,0.021830647128868907
312.20000000000005,0.01546653223390783
312.25,0.01841049180496118
312.3,0.04421688433273581
312.35,0.011329024726173148
312.40000000000003,0.003480276284406954
312.45000000000005,0.008823542080689733
312.5,-0.02480569774021586
312.55,-0.021813705341450357
312.6,-0.0035561756069062904
312.65000000000003,-0.016296012200877022
312.70000000000005,-0.012422494441374091
312.75,0.014114669495988448
312.8,0.006274417439339578
312.85,0.002357488321875434
312.90000000000003,0.0004983608738083748
312.95000000000005,-0.02067588947902748
313.0,-0.010432804949005975
313.05,0.0010722976178398132
313.1,0.007108522882315877
313.15000000000003,0.020691615831738053
313.20000000000005,0.016183668308866528
313.25,0.007373674126270724
313.3,0.005213338894568038
313.35,-0.004186660919392721
313.40000000000003,-0.015476165518578286
313.45000000000005,-0.010403052940457605
313.5,0.0029095558419083884
313.55,0.0007865454586806999
313.6,0.01322963071703039
313.65000000000003,0.035079529657702876
313.70000000000005,0.012246040540113185
313.75,0.005323836355888132
313.8,0.018468373555826218
313.85,0.0021854526508463786
313.90000000000003,0.0024317351117981467
313.95000000000005,0.014586167226655908
314.0,0.011455701680944114
314.05,-0.006172439352549885
314.1,-0.002029773403091622
314.15000000000003,0.007226299382108176
314.20000000000005,-0.0082948811651094
314.25,0.014985568162841306
314.3,0.010412505659960549
314.35,-0.005978394590616422
314.40000000000003,0.0142450083248004
314.45000000000005,-0.008373202031832621
314.5,-0.011728418039460158
314.55,-0.022628735000078944
314.6,-0.05799440369608495
314.65000000000003,-0.051215337505110786
314.70000000000005,-0.04816319656645176
314.75,-0.03188432992358721
314.8,-0.002535278003330983
314.85,0.004706540375162809
314.90000000000003,0.016006552721187554
314.95000000000005,0.02979961651429498
315.0,0.03379794784444003
315.05,0.03213307049991183
315.1,0.025885003563807116
315.15000000000003,0.015397994958024484
315.20000000000005,0.0007316461138166533
315.25,-0.007159790329166553
315.3,-0.0006619905439171787
315.35,-0.011064810207333102
315.40000000000003,-0.02835932737347354
315.45000000000005,-0.012149727585210738
315.5,-0.01372852806170091
315.55,-0.0035560073012719635
315.6,0.031631362487374574
315.65000000000003,0.010881620501197556
315.70000000000005,0.0011150918069431125
315.75,0.01267497895288333
315.8,0.012680986433281534
315.85,0.026480005084111573
315.90000000000003,0.01697681097299325
315.95000000000005,0.0004346267628691644
316.0,0.006009127275520828
316.05,0.004338595356698437
316.1,0.0008919498646907838
316.15000000000003,0.01777078571542444
316.20000000000005,0.016554708368828996
316.25,-0.00881163413052768
316.3,-0.00282357679351633
316.35,-0.007588006319536292
316.40000000000003,-0.025134875244676013
316.45000000000005,-0.011378341575385404
316.5,-0.025067576836603545
316.55,-0.03305153918037503
316.6,-0.028924989180435675
316.65000000000003,-0.040598864706970925
316.70000000000005,-0.02849326582927466
316.75,-0.04059709196723675
316.8,-0.03053658936943149
316.85,0.011846597634553518
316.90000000000003,0.01734245807783404
316.95000000000005,0.03242635731829689
317.0,0.02941107981660251
317.05,0.01352984170553891
317.1,0.018543997232936406
317.15000000000003,0.009602928299503755
317.20000000000005,0.0011959162314069622
317.25,-0.01015140776281548
317.3,-0.010296423721978755
317.35,0.009061342373020087
317.40000000000003,0.014942142316308141
317.45000000000005,0.004642385705860544
317.5,-0.017038940473542704
317.55,-0.013911019451701973
317.6,0.0037232762622230542
317.65000000000003,0.010483905722572287
317.70000000000005,0.03102841852662346
317.75,0.036004619172373895
317.8,0.02601271618405209
317.85,0.028990005584576675
317.90000000000003,0.021018600916300992
317.95000000000005,0.0006534599141100847
318.0,-0.0007905789498420171
318.05,0.008617538422978212
318.1,0.00546829959773796
318.15000000000003,0.01017109999449077
318.20000000000005,0.006831380568760075
318.25,-0.0005545111153929364
318.3,0.011369791365162285
318.35,0.0006971066207241746
318.40000000000003,-0.010249847406484894
318.45000000000005,-0.018360280952448012
318.5,-0.033493793244213685
318.55,-0.02483835333153055
318.6,-0.019349691092248093
318.65000000000003,-0.010032640049534526
318.70000000000005,-0.015799244492777184
318.75,-0.03404869508109499
318.8,-0.02731589312507492
318.85,-0.03242844816543717
318.90000000000003,-0.02773057228033157
318.95000000000005,-0.014573536976865161
319.0,-0.012501111355952605
319.05,-0.004438552869358903
319.1,-0.014946225684122644
319.15000000000003,-0.014517780261997123
319.20000000000005,-0.0018178679461138352
319.25,-0.009484186833400016
319.3,-0.007169703126802324
319.35,-0.005733186722481944
319.40000000000003,-0.02008684281944269
319.45000000000005,-0.011502974895914763
319.5,0.015416468627593664
319.55,0.019674222938798593
319.6,0.01971022882077111
319.65000000000003,0.025011499499614658
319.70000000000005,0.01395419473457035
319.75,0.006296419938836881
319.8,0.008669634537787123
319.85,0.015224771119430545
319.90000000000003,0.013426593649399783
319.95000000000005,0.016113912600398593
320.0,0.029953276776228735
320.05,0.023997499137056524
320.1,0.029341907474191582
320.15000000000003,0.024605605937627787
320.20000000000005,-0.003707621606416511
320.25,-0.006182304240454382
320.3,-0.00800552251001989
320.35,-0.002174926523408058
320.40000000000003,0.011292027334860101
320.45000000000005,0.0034724540946581054
320.5,-0.0008535808944101518
320.55,8.466080249629383e-05
320.6,0.004327008291826076
320.65000000000003,0.009632887432101686
320.70000000000005,0.008119192475519177
320.75,-0.005007904705720817
320.8,-0.009876398085451876
320.85,0.00560074085502933
320.90000000000003,-0.007021890774127149
320.95000000000005,-0.013570291362472344
321.0,-0.011865650656291702
321.05,-0.026625351863164823
321.1,-0.010594420383729212
321.15000000000003,-0.011673280271979222
321.20000000000005,-0.022065765910245057
321.25,-0.0024284485161229015
321.3,-0.003360495829773039
321.35,0.006792856357873586
321.40000000000003,0.017485947763042062
321.45000000000005,0.0019488611721724899
321.5,0.02116049877998226
321.55,0.02550224809301188
321.6,0.01238525989843726
321.65000000000003,0.02733786223710616
321.70000000000005,0.01489590064313915
321.75,-0.0038734344961252236
321.8,0.0030936698705652512
321.85,-0.0018689593127157705
321.90000000000003,0.0014525075917864437
321.95000000000005,0.016270429159757443
322.0,0.00865152194354269
322.05,0.013345570968056854
322.1,0.013626642271472684
322.15000000000003,0.005137453814644305
322.20000000000005,0.011828614577451874
322.25,-0.005571167808577113
322.3,-0.02020854983841254
322.35,-0.01408770037062122
322.40000000000003,-0.02738264014053524
322.45000000000005,-0.039234558955766045
322.5,-0.02901025066927335
322.55,-0.041481359960546714
322.6,-0.036859586808302446
322.65000000000003,-0.0071278630409606
322.70000000000005,-0.011473094091076604
322.75,-0.0014713067649152597
322.8,0.014261871442357238
322.85,0.006024765225934477
322.90000000000003,0.007403411459724474
322.95000000000005,0.009222897779972353
323.0,-0.012812354955698158
323.05,-0.01813781919816395
323.1,-0.0024174092139829986
323.15000000000003,-0.012257339375825752
323.20000000000005,0.006411694928406171
323.25,0.031896469272060905
323.3,0.013059772291790655
323.35,0.019297995661564128
323.40000000000003,0.023539174306958153
323.45000000000005,0.007862966603871858
323.5,0.017597599372764988
323.55,0.011736939015164198
323.6,-0.001362647416286994
323.65000000000003,0.0030148708231990183
323.70000000000005,0.007964400224311023
323.75,0.008833548057790897
323.8,-0.0038057270530904713
323.85,-0.0071968860561339
323.90000000000003,0.0020956847044859474
323.95000000000005,0.015459559365295172
324.0,0.02296284147582511
324.05,0.01204579902142867
324.1,0.002572048117309674
324.15000000000003,-0.010624949843132503
324.20000000000005,-0.005986461770901815
324.25,0.000822573692070783
324.3,-0.016021517193158218
324.35,-0.012704516669086152
324.40000000000003,-0.01984767038978069
324.45000000000005,-0.02882194876269817
324.5,-0.017865521313217923
324.55,-0.017363673571141342
324.6,-0.008893076445505105
324.65000000000003,-0.006241463945417723
324.70000000000005,0.002214392378135812
324.75,0.02120099951770359
324.8,0.016997319953086346
324.85,0.022787524828480083
324.90000000000003,0.021147349230281498
324.95000000000005,0.002015528921512189
325.0,-0.0030676812603455624
325.05,-0.017546204274601237
325.1,-0.02486954137722414
325.15000000000003,-0.0255178454486464
325.20000000000005,-0.021341392038000662
325.25,-0.016358304801338524
325.3,-0.022844856953862364
325.35,0.0010196911712589075
325.40000000000003,0.012339701495454436
325.45000000000005,0.010945382917599514
325.5,0.02891424055330454
325.55,0.027401029538899144
325.6,0.028402585016230487
325.65000000000003,0.030078260664928795
325.70000000000005,0.019172002617857578
325.75,0.012952173501281219
325.8,0.006266186790919157
325.85,0.0043394294645591035
325.90000000000003,-0.000679416085193883
325.95000000000005,-0.013901900341182168
326.0,-0.01526517778554116
326.05,-0.01636365916746702
326.1,-0.025808804913068136
326.15000000000003,-0.021988437231366058
326.20000000000005,-0.016211908566854345
326.25,-0.01672630799847388
326.3,-0.013360293525737057
326.35,-0.011079060604874383
326.40000000000003,-0.011517436425640779
326.45000000000005,-0.020677547433975655
326.5,-0.019472831079709565
326.55,-0.011554793330281503
326.6,-0.01828762950395453
326.65000000000003,-0.003960649834503338
326.70000000000005,0.00396594277088655
326.75,-0.002427038795878708
326.8,0.01609288862965812
326.85,0.024065413264683127
326.90000000000003,0.02842856606174899
326.95000000000005,0.03705255134278641
327.0,0.02527954829091762
327.05,0.014270309423188085
327.1,0.01825659854292227
327.15000000000003,0.01764804606333641
327.20000000000005,-0.0025148487564678806
327.25,-0.01089645413357097
327.3,-0.00462925268940798
327.35,-0.011146560557980708
327.40000000000003,-0.0008333292630816272
327.45000000000005,0.009857142068067521
327.5,0.0034293314663435205
327.55,0.01414498304737483
327.6,0.019184300212273717
327.65000000000003,0.023446333164971314
327.70000000000005,0.03191921347570831
327.75,0.02649212420485736
327.8,0.027056914363581857
327.85,0.020130883572665258
327.90000000000003,0.0021366946624168013
327.95000000000005,-0.003069322102609645
328.0,0.0030774702504835273
328.05,-0.0013425619169329694
328.1,-0.005837033184758595
328.15000000000003,0.0010094540843584839
328.20000000000005,-0.005516246671243123
328.25,-0.003913304110209357
328.3,-9.964063704775034e-05
328.35,-0.013657457071964006
328.40000000000003,-0.01372369329060124
328.45000000000005,-0.007911171494887284
328.5,-0.011822658545761332
328.55,-0.020766386828878457
328.6,-0.02506683973774852
328.65000000000003,-0.02017075903411236
328.70000000000005,-0.021227688726253375
328.75,-0.028299413937255474
328.8,-0.03264202079212084
328.85,-0.027951119666814066
328.90000000000003,-0.02082178615910794
328.95000000000005,-0.019728427180550172
329.0,-0.007508768291543724
329.05,-0.005604936337461694
329.1,-0.005217258276619441
329.15000000000003,0.011906067622670298
329.20000000000005,0.013271647034494788
329.25,0.023338120029779946
329.3,0.02561895990411553
329.35,0.012736265290467043
329.40000000000003,0.013894491105195878
329.45000000000005,0.004539675565752012
329.5,0.002486072051760612
329.55,0.009791199159490737
329.6,0.004069792416887078
329.65000000000003,-0.003013716963811332
329.70000000000005,0.0024210969802904597
329.75,0.007778522425127067
329.8,-0.0043745725318734205
329.85,-0.00833170942404572
329.90000000000003,0.003289584091453404
329.95000000000005,0.0032789989265374635
330.0,0.0043046590961582035
330.05,0.01849503454932429
330.1,0.0017627111153106906
330.15000000000003,-0.001399030817843805
330.20000000000005,0.023521560760582923
330.25,0.002850739073478545
330.3,0.004234908255983017
330.35,0.004498477906652172
330.40000000000003,-0.02570513482301855
330.45000000000005,-0.004782392116830931
330.5,-0.00012017766289630954
330.55,-0.01891247434754398
330.6,-0.010549040577160034
330.65000000000003,-0.006183051971809687
330.70000000000005,-0.005782585578565362
330.75,-0.004528439250358544
330.8,-0.00048710001256273007
330.85,-0.0021102824556203633
330.90000000000003,-0.0015078930800977327
330.95000000000005,0.003999726771585866
331.0,-0.009328342136517167
331.05,-0.009244460607409471
331.1,-0.007390514384732829
331.15000000000003,-0.007863200244381705
331.20000000000005,0.004291737187027969
331.25,-0.004034094247613885
331.3,6.103351729976828e-05
331.35,0.003597002885201964
331.40000000000003,-0.010988206962931844
331.45000000000005,-0.005944131922900613
331.5,-0.003779389262782669
331.55,-0.003966768257808483
331.6,-0.00036771167373157975
331.65000000000003,0.002093718113337411
331.70000000000005,0.01075525920640987
331.75,0.011283307794564571
331.8,0.010649838448221812
331.85,0.011216596285530029
331.90000000000003,-0.0034296396378906526
331.95000000000005,-0.008863598432314136
332.0,0.004253944648568465
332.05,-0.008992913007016025
332.1,-0.018847223418365013
332.15000000000003,-0.012090971633135836
332.20000000000005,-0.017004191826440463
332.25,-0.004887714950419137
332.3,-0.011116825836242464
332.35,-0.025842952191409505
332.40000000000003,-0.015354347160590483
332.45000000000005,-0.0075564047541771045
332.5,0.0178824547725995
332.55,0.029168462140599476
332.6,0.014922523167609376
332.65000000000003,0.018552536351935718
332.70000000000005,0.013318334356854734
332.75,0.006984108258709573
332.8,0.010768880089056335
332.85,-0.0004440107943575476
332.90000000000003,-0.0013299960625866032
332.95000000000005,0.00569430285920152
333.0,7.409060713746189e-05
333.05,0.002841864330296816
333.1,0.0071834511059249125
333.15000000000003,-1.7928318321009836e-05
333.20000000000005,0.007353902496628558
333.25,0.016814423084005034
333.3,0.00026663704204831157
333.35,0.0034496136862428124
333.40000000000003,0.018297153483022948
333.45000000000005,0.0006072439241964684
333.5,-0.0016171324322027875
333.55,0.008390376657631581
333.6,-0.007502668115081976
333.65000000000003,-0.00904584319401756
333.70000000000005,0.0026189531293735867
333.75,-0.007663800421495137
333.8,8.15342980813667e-07
333.85,0.020417627460523183
333.90000000000003,0.00984313658569758
333.95000000000005,0.008382887864364686
334.0,0.013210468783157526
334.05,-0.0015909381079740061
334.1,-5.29666311320534e-05
334.15000000000003,0.00593777593236082
334.20000000000005,-0.005770209991293132
334.25,-0.00588187150319576
334.3,0.002776176235249517
334.35,-0.0070155706350294705
334.40000000000003,-0.01945873073282686
334.45000000000005,-0.026050983824269267
334.5,-0.03528882434615256
334.55,-0.029699783102285448
334.6,-0.011002040730095631
334.65000000000003,0.007443012653414783
334.70000000000005,0.01844130004084723
334.75,0.02012016884416828
334.8,0.02465798963068467
334.85,0.021916099584614636
334.90000000000003,0.015204436064329729
334.95000000000005,0.015508369715134872
335.0,0.006618365865044144
335.05,0.003956774067821683
335.1,0.009536416722787322
335.15000000000003,0.008205041278834242
335.20000000000005,0.014818500170836088
335.25,0.013209908357282262
335.3,0.005502163734664186
335.35,0.0023142224165120834
335.40000000000003,-0.008032605119747318
335.45000000000005,-0.005776373644287285
335.5,0.0006096554932162517
335.55,0.002750713028341812
335.6,0.006337266984979436
335.65000000000003,-0.0014561221154752958
335.70000000000005,-0.005947136045792614
335.75,-0.0030229727836615906
335.8,-0.00532415155503466
335.85,0.0031451075853670377
335.90000000000003,0.013390799918055526
335.95000000000005,0.008814723353072968
336.0,0.011878688329121439
336.05,0.01528099106074835
336.1,0.008726337546881274
336.15000000000003,0.0013242434880084493
336.20000000000005,-0.004438618237085477
336.25,-0.010094342001621646
336.3,-0.013617364739838071
336.35,-0.008703389952569342
336.40000000000003,-0.011816246659066967
336.45000000000005,-0.0058245336564147565
336.5,-0.00042441315911790717
336.55,-0.011701809277284233
336.6,-2.1373990723163982e-05
336.65000000000003,-0.005075800855952411
336.70000000000005,-0.020103099763959274
336.75,-0.003505336921474036
336.8,-0.01065540095492516
336.85,-0.014532707607038443
336.90000000000003,-0.00209566769126349
336.95000000000005,-0.016243334625847296
337.0,-0.02567193360458966
337.05,-0.025038104034905084
337.1,-0.023783018922076075
337.15000000000003,-0.024167789885755596
337.20000000000005,-0.021710218588951086
337.25,-0.011119461712693993
337.3,-0.006115258192983389
337.35,0.0009405520658775488
337.40000000000003,0.00225522303723345
337.45000000000005,-0.007075639037559566
337.5,-0.009028893533705945
337.55,0.000918541362101644
337.6,0.008009462173304753
337.65000000000003,0.005513386217129764
337.70000000000005,0.01237758396351777
337.75,0.01710385702611788
337.8,0.01767360421602923
337.85,0.017311853701309044
337.90000000000003,0.001162440260547227
337.95000000000005,-0.008408457718996983
338.0,-0.011048310568074728
338.05,-0.012776726658015132
338.1,-0.005728267205766926
338.15000000000003,0.0018846110034697503
338.20000000000005,0.0008446606824567666
338.25,-0.001211622702513406
338.3,-0.0006731449274749452
338.35,-0.0022931180197257707
338.40000000000003,0.004450302607993576
338.45000000000005,-0.002178953658946757
338.5,-0.0038646344778576584
338.55,0.011620017768158597
338.6,0.012260036487879829
338.65000000000003,0.021966470182291527
338.70000000000005,0.025778680425420242
338.75,0.01982980691887234
338.8,0.01762798140488829
338.85,0.010906975321572003
338.90000000000003,0.01841590778806738
338.95000000000005,0.017869382009439612
339.0,0.015015251082920334
339.05,0.015397904492744498
339.1,0.00619491584175032
339.15000000000003,0.007541236403044016
339.20000000000005,-0.0010233057410666388
339.25,-0.006752253214167339
339.3,-0.004301886320841436
339.35,-0.008801788797153163
339.40000000000003,0.0005199032999140013
339.45000000000005,-0.0030937399535044237
339.5,-0.005031269596658159
339.55,-0.0006528783619353447
339.6,-0.017227759625451772
339.65000000000003,-0.013044010431651343
339.70000000000005,-0.013596316020680838
339.75,-0.025575146511922702
339.8,-0.0038476158490329806
339.85,0.0045749847444352
339.90000000000003,6.286976756238706e-05
339.95000000000005,0.014678133234544642
340.0,0.012816602033595435
340.05,0.005776081020690791
340.1,0.007588965061306554
340.15000000000003,-0.002870654885278603
340.20000000000005,-0.008464287513158667
340.25,-0.005356307429875018
340.3,-0.0035512263473264404
340.35,-0.001119803612636621
340.40000000000003,-0.006872529863678301
340.45000000000005,-0.013638633273012329
340.5,-0.016255672514641422
340.55,-0.017020774800909723
340.6,-0.010600358846837044
340.65000000000003,-0.006783658183404019
340.70000000000005,-0.0028198573350891707
340.75,0.004711409368867121
340.8,0.003313886092176977
340.85,0.003693143116566405
340.90000000000003,0.005478423798720087
340.95000000000005,-0.00048171639751239
341.0,-0.0001733819580456971
341.05,0.002290920059254475
341.1,0.004063717796110186
341.15000000000003,0.009392107966848822
341.20000000000005,0.006237922577046879
341.25,0.00480217922882658
341.3,0.0041599943122788315
341.35,-0.003274277317684303
341.40000000000003,-0.002638034256821024
341.45000000000005,-0.004946124765183815
341.5,-0.0039143471490268875
341.55,0.00104071527465197
341.6,-0.0017833220068997156
341.65000000000003,-0.0010939897738883096
341.70000000000005,-0.008873272268427254
341.75,-0.016038408561174597
341.8,-0.014910463750838073
341.85,-0.013300071689088245
341.90000000000003,-0.00929362226039505
341.95000000000005,-0.009593184017303883
342.0,-0.008923778223929596
342.05,-0.009162997334129001
342.1,-0.005951662998701908
342.15000000000003,0.0020274906674857163
342.20000000000005,-0.003428992433026893
342.25,-0.0024779111696934565
342.3,0.012612367806681709
342.35,0.022711562323898735
342.40000000000003,0.02740260431045581
342.45000000000005,0.01905158023198292
342.5,0.013631272339184323
342.55,0.013678833149625659
342.6,0.008492813554055532
342.65000000000003,0.01356958093337795
342.70000000000005,0.009541453936809656
342.75,-0.002015190960817806
342.8,0.002842874441965795
342.85,0.002081304726909659
342.90000000000003,-0.0019254337582280852
342.95000000000005,0.004522912580118393
343.0,-0.0006255098583521916
343.05,-0.007140659644312872
343.1,-0.009697169087956216
343.15000000000003,-0.012683061089260872
343.20000000000005,-0.005592553277977766
343.25,-0.006831335415657736
343.3,-0.0068003608180120315
343.35,-0.002448585446639864
343.40000000000003,-0.003298421462259011
343.45000000000005,0.00343180528050152
343.5,0.0038910373066378175
343.55,0.00523742914478434
343.6,0.00472777259791678
343.65000000000003,-0.003866319242081854
343.70000000000005,0.00310556882705742
343.75,0.0037190985619102693
343.8,0.00011240329134306958
343.85,-0.0005856676521289126
343.90000000000003,-0.014556575847047972
343.95000000000005,-0.019176547584204968
344.0,-0.01862216863729273
344.05,-0.013917331107446912
344.1,-0.0029136582902138317
344.15000000000003,-0.0003380338957563031
344.20000000000005,0.0029024386084652086
344.25,0.0028367747587505596
344.3,0.003826139934669134
344.35,0.009763679117131328
344.40000000000003,0.011504765548179866
344.45000000000005,0.013463632699401325
344.5,0.014627633668297507
344.55,0.018400406854914016
344.6,0.02658023780216881
344.65000000000003,0.026942777601089724
344.70000000000005,0.019239884320209365
344.75,0.014192855210055448
344.8,0.011836651977382375
344.85,0.011432537786909568
344.90000000000003,0.015546223507510924
344.95000000000005,0.014830656083139439
345.0,0.012954248562546976
345.05,0.011472600629999656
345.1,0.0017004229659027391
345.15000000000003,-0.0002720371700545597
345.20000000000005,-0.002987822283949046
345.25,-0.009114352847532044
345.3,-0.003609418977971662
345.35,-0.0073992125740482825
345.40000000000003,-0.01007587944203822
345.45000000000005,0.0011625564289341472
345.5,0.004783286010683152
345.55,0.004287554189837542
345.6,0.005683611179220843
345.65000000000003,0.004543095760041119
345.70000000000005,0.0028495005685320093
345.75,0.0009418767225387766
345.8,-0.0071047486577011125
345.85,-0.02020777458489094
345.90000000000003,-0.021180688941556027
345.95000000000005,-0.017748141365492777
346.0,-0.017422074605414627
346.05,-0.013726620667127364
346.1,-0.017172689050387817
346.15000000000003,-0.01298697231966115
346.20000000000005,-0.0033918460869697465
346.25,-0.002649129714219802
346.3,0.004199597527693717
346.35,0.004637586754133154
346.40000000000003,0.005936600097399267
346.45000000000005,0.015812213421047418
346.5,0.008878667556999184
346.55,-0.001513523736034631
346.6,-0.008687639266524032
346.65000000000003,-0.015314105911184506
346.70000000000005,-0.01775118816403587
346.75,-0.019666292173276586
346.8,-0.011234550953259904
346.85,-0.010720138036247214
346.90000000000003,-0.013217358297950541
346.95000000000005,-0.0017161006218456363
347.0,-0.008008152509398308
347.05,-0.016639790741716336
347.1,-0.006265111395507464
347.15000000000003,-0.006836093124059265
347.20000000000005,-0.001928768896050274
347.25,0.01693997390103678
347.3,0.010817094500592705
347.35,-0.003678464230567583
347.40000000000003,-0.008597302513045128
347.45000000000005,-0.015509020300285465
347.5,-0.015633393248782903
347.55,-0.008897351717343868
347.6,-0.006276009245318487
347.65000000000003,-0.007858915318598695
347.70000000000005,-0.0015089632173573423
347.75,0.006332087177772728
347.8,0.005821491779163692
347.85,0.006332035401990553
347.90000000000003,0.007123632236496336
347.95000000000005,0.008698864995950996
348.0,0.016156584259664743
348.05,0.018014487858622932
348.1,0.014670518682132925
348.15000000000003,0.01031353046327372
348.20000000000005,0.005290313806561198
348.25,-0.00022226602262608223
348.3,-0.010828575500830767
348.35,-0.005116561823833646
348.40000000000003,0.006726394663504676
348.45000000000005,0.009830365027593171
348.5,0.023304375210444307
348.55,0.029374699793179762
348.6,0.02318125255967586
348.65000000000003,0.015958648890540057
348.70000000000005,0.004714237801387723
348.75,-0.0010376554580901656
348.8,-0.0018178912722657773
348.85,0.0010584929214041189
348.90000000000003,0.0034288415453907354
348.95000000000005,0.0013018132883254655
349.0,0.0017134962807646757
349.05,-0.0009901892679747778
349.1,-0.004269728933093605
349.15000000000003,-0.013188684935942949
349.20000000000005,-0.023442091119847182
349.25,-0.022623326510721325
349.3,-0.020930685171125094
349.35,-0.016158039117650153
349.40000000000003,-0.013627928623616477
349.45000000000005,-0.015674371801672318
349.5,-0.016776129718394737
349.55,-0.011607861327507504
349.6,-0.0019314449710255686
349.65000000000003,0.0015503998487499085
349.70000000000005,0.007473207529266779
349.75,0.010119768589712471
349.8,0.00897823665007218
349.85,0.012554208732680261
349.90000000000003,0.007976444429447201
349.95000000000005,0.002068788379003313
350.0,0.005318249956005524
350.05,-0.003822980447806851
350.1,-0.018388527248038536
350.15000000000003,-0.017659925005118104
350.20000000000005,-0.013569573494245054
350.25,-0.00898064969767808
350.3,-0.0037756411700853774
350.35,-0.001550095814670832
350.40000000000003,-0.004003667744010107
350.45000000000005,-0.005466742802162555
350.5,0.002400394022768116
350.55,0.003687132709958901
350.6,-0.0004107542255932185
350.65000000000003,0.00702250073752903
350.70000000000005,0.008599983761700028
350.75,0.0035463507213808706
350.8,0.010474234438947825
350.85,0.010217834487966692
350.90000000000003,0.0021615380704461647
350.95000000000005,0.0002455868777468792
351.0,-0.0012048482534767323
351.05,0.00032776062826705174
351.1,0.010510361678880399
351.15000000000003,0.016220959431192065
351.20000000000005,0.011968452181498867
351.25,0.015493276699761303
351.3,0.01290181481285373
351.35,0.009091919516566627
351.40000000000003,0.005603245894858054
351.45000000000005,-0.008763302356945724
351.5,-0.008771213864594538
351.55,-0.009662018010805178
351.6,-0.011182828036061097
351.65000000000003,0.000627334463247136
351.70000000000005,0.004004536294797614
351.75,0.004162700056491337
351.8,0.009323215080067063
351.85,0.009965966078370584
351.90000000000003,0.013562982498853616
351.95000000000005,0.025103107011882158
352.0,0.023646068465000038
352.05,0.012911085285429376
352.1,0.007175930459059983
352.15000000000003,-0.002976954259502457
352.20000000000005,-0.01101468240733476
352.25,-0.010957846226055518
352.3,-0.012281641285590332
352.35,-0.014631280456945853
352.40000000000003,-0.011154200253635744
352.45000000000005,-0.009582740118887887
352.5,-0.009668636579058632
352.55,-0.004629700980679047
352.6,-0.00501553683704375
352.65000000000003,-0.008619805855987876
352.70000000000005,-0.011627221288421656
352.75,-0.01416315432924716
352.8,-0.01397534190907368
352.85,-0.013562322033903397
352.90000000000003,-0.011663965972240705
352.95000000000005,-0.012818798886081017
353.0,-0.01566072378176984
353.05,-0.015236575490083209
353.1,-0.015247338521347716
353.15000000000003,-0.015155176920470591
353.20000000000005,-0.00709543037762226
353.25,0.004032237267145641
353.3,0.013798556941463747
353.35,0.02808657687140131
353.40000000000003,0.031914109575235085
353.45000000000005,0.026343557191638063
353.5,0.02675099848797007
353.55,0.0251696704238079
353.6,0.020295925008166904
353.65000000000003,0.016041406312382166
353.70000000000005,0.011179636047201305
353.75,0.000603515162391594
353.8,-0.0027363106445508637
353.85,0.006178581801437867
353.90000000000003,0.004805018479071485
353.95000000000005,0.005587236653400445
354.0,0.009095844076430205
354.05,0.0012132574403081798
354.1,0.0007682304026586777
354.15000000000003,0.0011980547647847276
354.20000000000005,-0.0054479565959660746
354.25,-0.007437103818014978
354.3,-0.007912214073880337
354.35,-0.005739118727657352
354.40000000000003,-0.005455859677356519
354.45000000000005,-0.004937766854705554
354.5,-0.0015355753882767746
354.55,-0.003867292942508337
354.6,-0.0018226789643739079
354.65000000000003,0.0016647605269961524
354.70000000000005,-0.0017829780116903886
354.75,-0.003904018125915218
354.8,-0.007467739170424154
354.85,-0.009836983355686743
354.90000000000003,-0.006283350488303083
354.95000000000005,-0.004316456386686739
355.0,-0.0044029163865711065
355.05,-0.00688375791705272
355.1,-0.009446170597755888
355.15000000000003,-0.008327211849391431
355.20000000000005,-0.00012828555006892125
355.25,0.008014721335280837
355.3,0.0071623936676248915
355.35,0.004701803828695789
355.40000000000003,0.003264624892167733
355.45000000000005,0.00273504098451158
355.5,0.003627154521709225
355.55,0.003389684968906064
355.6,-0.004702757308805293
355.65000000000003,-0.014951083969360422
355.70000000000005,-0.016493697573877086
355.75,-0.017739525555638135
355.8,-0.01167095678640016
355.85,-0.004651706998898161
355.90000000000003,-0.002675435384745602
355.95000000000005,0.005422687077430164
356.0,0.007521320915600597
356.05,0.009940906205047817
356.1,0.018198401421251023
356.15000000000003,0.014100144642877564
356.20000000000005,0.007303988039280581
356.25,0.008029720191247033
356.3,0.008804689120623025
356.35,0.004909210650089981
356.40000000000003,0.00753380908119291
356.45000000000005,0.01246254801785727
356.5,0.0026019950503165194
356.55,-0.0006371335332274755
356.6,0.003241859238917727
356.65000000000003,0.0017402452191210512
356.70000000000005,0.007581941995347709
356.75,0.00682685197641333
356.8,0.0005278545943849988
356.85,0.0011240076914924499
356.90000000000003,-0.0018416479416718762
356.95000000000005,0.0016657311266577719
357.0,0.006134908832300642
357.05,-0.0008234490047859802
357.1,0.000532415883478298
357.15000000000003,-5.7161510497595596e-05
357.20000000000005,-0.005751896179952379
357.25,0.002054479704870036
357.3,0.006193964575255383
357.35,0.009588234730065277
357.40000000000003,0.009114561117757608
357.45000000000005,-0.003335736223772285
357.5,-0.002672653750070882
357.55,0.0014879080836995228
357.6,-0.005637024141155192
357.65000000000003,-0.010331805982922451
357.70000000000005,-0.019283012729674785
357.75,-0.029545881574546323
357.8,-0.02959747911645293
357.85,-0.024203055921891148
357.90000000000003,-0.0156145048373608
357.95000000000005,-0.010190204265773946
358.0,0.001025502233315068
358.05,0.005523660027109323
358.1,-0.004370795119643473
358.15000000000003,-0.00025131443071629167
358.20000000000005,0.002611046619446312
358.25,-0.007785729864834371
358.3,-0.011045441690983522
358.35,-0.02310865491215194
358.40000000000003,-0.018305198770687908
358.45000000000005,0.0031342632067163675
358.5,0.0145138644932135
358.55,0.017137006422257687
358.6,0.0022182204461744033
358.65000000000003,-0.0025743339217855045
358.70000000000005,0.008300977744876809
358.75,-0.002781685618443118
358.8,0.004682956067694393
358.85,0.022522391402520995
358.90000000000003,0.008585787303193962
358.95000000000005,-0.010138741652891643
359.0,-0.01019812443797964
359.05,-0.02489462955946261
359.1,-0.016229071306754713
359.15000000000003,0.02016736705760634
359.20000000000005,0.015426580819033649
359.25,-0.014633767738983876
359.3,0.0034915400441263363
359.35,0.021092866426626874
359.40000000000003,0.02276660337586508
359.45000000000005,0.056783752218869
359.5,0.033130899699422206
359.55,0.02672958491193424
359.6,0.057021208313014306
359.65000000000003,-0.05756062602540618
359.70000000000005,-0.0017978494549142985
359.75,0.09876181576499507
359.8,-0.13416749079802304
359.85,0.040590367252472455
359.90000000000003,0.007708587512872766
359.95000000000005,-0.45454373518194274
