Tiempo_s,Aceleracion_g
0.0,-0.4428372620893389
0.05,-0.3394401418666167
0.1,-0.22663412908797753
0.15000000000000002,-0.10021142920100692
0.2,-0.008543933932127247
0.25,0.03394105854621856
0.30000000000000004,0.050502901944518855
0.35000000000000003,0.04882767184320941
0.4,0.034233360869659425
0.45,0.022058707034519325
0.5,0.014040092052121315
0.55,-0.008770588677120408
0.6000000000000001,-0.023162493182316703
0.65,-0.02761804184685469
0.7000000000000001,-0.014419957884084716
0.75,0.0031709292925027237
0.8,0.009618173214721052
0.8500000000000001,0.0008167184008383665
0.9,-0.01955414468233613
0.9500000000000001,-0.030667335356530896
1.0,-0.01715688497270823
1.05,0.012091074407109161
1.1,0.04061860932469341
1.1500000000000001,0.03300941692726167
1.2000000000000002,0.005279339510985087
1.25,-0.02490841187112403
1.3,-0.03280838582036976
1.35,-0.01309235312069253
1.4000000000000001,0.01833987362976951
1.4500000000000002,0.043108902395879986
1.5,0.04338239539449631
1.55,0.018546448694713922
1.6,-0.011056709005629956
1.6500000000000001,-0.030583175475797177
1.7000000000000002,-0.025381451290656228
1.75,-0.004417997352016454
1.8,0.017353542388110703
1.85,0.022562988852654647
1.9000000000000001,0.013189040965952137
1.9500000000000002,-0.004905732733886523
2.0,-0.020063875339159175
2.0500000000000003,-0.022936369315928597
2.1,-0.011881658440316913
2.15,0.006018167190866188
2.2,0.018008301461996865
2.25,0.02318088955291771
2.3000000000000003,0.019032729981553757
2.35,0.005480934727199572
2.4000000000000004,-0.011319877687112291
2.45,-0.026438879122225735
2.5,-0.030734737338654037
2.5500000000000003,-0.0255791081539357
2.6,-0.010880490736241654
2.6500000000000004,0.009584727675249864
2.7,0.025686038397128116
2.75,0.031492454174471315
2.8000000000000003,0.026562589421710206
2.85,0.01300679220320669
2.9000000000000004,-0.005190632278257135
2.95,-0.017853597236091007
3.0,-0.02051197304400031
3.0500000000000003,-0.015954593970840304
3.1,-0.0073651556942706505
3.1500000000000004,0.0019776512888914945
3.2,0.006288604092330074
3.25,0.005678021072705211
3.3000000000000003,0.004946926304419207
3.35,0.00360153514085889
3.4000000000000004,0.0014617065685539406
3.45,0.0014747683290615775
3.5,0.004202111325549131
3.5500000000000003,0.004642151904924076
3.6,0.004180017318441415
3.6500000000000004,0.002392897575498743
3.7,-0.0028534144828748923
3.75,-0.010000460139484194
3.8000000000000003,-0.01653524166574601
3.85,-0.01723304706880366
3.9000000000000004,-0.012487552819441248
3.95,-0.005703037368527245
4.0,0.0008938250857035572
4.05,0.007438608015958016
4.1000000000000005,0.010489616737757836
4.15,0.010307961488493764
4.2,0.007256506858393692
4.25,0.001974479381347975
4.3,0.00012465582604560463
4.3500000000000005,-0.004373362761604563
4.4,-0.007358070903298172
4.45,-0.006061528858358588
4.5,-0.0011478776533617985
4.55,0.0047983446595832235
4.6000000000000005,0.008848329233052428
4.65,0.011758498181245467
4.7,0.010566652602497801
4.75,0.005901179661651298
4.800000000000001,-0.0013602111540405677
4.8500000000000005,-0.008309409342466356
4.9,-0.010694697841670311
4.95,-0.008439580926365037
5.0,-0.0049855856427419645
5.050000000000001,-0.0008849692662862839
5.1000000000000005,0.004933141306928136
5.15,0.007397754749558519
5.2,0.008213063297128355
5.25,0.007646751617004644
5.300000000000001,0.0029418669045239714
5.3500000000000005,-0.0012834618929334339
5.4,-0.002742335390389993
5.45,-0.002252527739565216
5.5,-0.001954608837025104
5.550000000000001,-0.002233117898702054
5.6000000000000005,-0.0006666843877711139
5.65,-2.1837760752103766e-06
5.7,-0.0012561814214116002
5.75,-0.0017197498079324516
5.800000000000001,-0.0006503159250637265
5.8500000000000005,-0.0014181143232408406
5.9,-0.0021932628631932565
5.95,-0.0008082557057839493
6.0,-0.0012655857300296841
6.050000000000001,-0.0016909140417194597
6.1000000000000005,-0.0010475447038883878
6.15,-0.002820454081720635
6.2,-0.00431497037213944
6.25,-0.004490209721620942
6.300000000000001,-0.004024172196968434
6.3500000000000005,-0.0001737813026431479
6.4,0.004373585921559242
6.45,0.0074808271525381035
6.5,0.010301595246558826
6.550000000000001,0.011300019025018109
6.6000000000000005,0.008267803575919625
6.65,0.0029668516652588957
6.7,-0.002633058460695905
6.75,-0.006271148398471064
6.800000000000001,-0.007026233251796815
6.8500000000000005,-0.005993153436180765
6.9,-0.0031830128291432673
6.95,-0.0012554882712205097
7.0,0.0011172371500606188
7.050000000000001,0.0016995878530743891
7.1000000000000005,0.00035908691966564783
7.15,0.001539882570488781
7.2,-0.0009592429839109063
7.25,-0.0032222415219083068
7.300000000000001,-0.0017861413233935992
7.3500000000000005,-0.003657213021098548
7.4,-0.0013527677226788627
7.45,0.00192588908277664
7.5,0.00215348881072626
7.550000000000001,0.0037246888433549825
7.6000000000000005,0.0034696189777392817
7.65,0.0016761090829570334
7.7,-0.0015466138491870198
7.75,-0.003232004578654713
7.800000000000001,-0.003957621288137242
7.8500000000000005,-0.0034319458062229895
7.9,-0.001717793115210375
7.95,-0.0016557497650799668
8.0,-0.0013545736678089938
8.05,-0.0014686959114570324
8.1,0.0009787662396434469
8.15,0.002316395803549626
8.200000000000001,0.002792255285679653
8.25,0.004931053956032184
8.3,0.004937161699183028
8.35,0.00558997258314879
8.4,0.005036530588413119
8.450000000000001,0.003147135430916486
8.5,0.0008142289251253822
8.55,-0.002260229548122885
8.6,-0.004404690855084065
8.65,-0.0047589221859910165
8.700000000000001,-0.0018602623040459873
8.75,-0.002715637651212191
8.8,-0.000656175100200648
8.85,0.0023904241700090996
8.9,0.0011002634732981144
8.950000000000001,0.0028246409268015624
9.0,0.0021271740212911302
9.05,0.0004742253463783264
9.1,-0.001664711331487708
9.15,-0.0036646324543865875
9.200000000000001,-0.005015502571977496
9.25,-0.0033374743066267557
9.3,9.220603117795803e-05
9.35,-2.68818288774557e-05
9.4,0.0011192844863335723
9.450000000000001,0.0023156485232397393
9.5,0.0008639310567386181
9.55,-0.0011435087264033308
9.600000000000001,-0.0007383161486697572
9.65,-0.0016946876160232529
9.700000000000001,-0.0014380097561026556
9.75,0.0007814417293868795
9.8,0.00022870426564196178
9.850000000000001,0.0004927525219903077
9.9,0.0011170575516943457
9.950000000000001,0.0036308123186480222
10.0,0.004078439739988262
10.05,0.0012077916895638433
10.100000000000001,-0.0002565100610613256
10.15,5.769883032415984e-05
10.200000000000001,0.0010614038837718947
10.25,-0.001878783827382224
10.3,-0.002064494609478924
10.350000000000001,-0.0015106583921850349
10.4,-0.002603981742075328
10.450000000000001,-0.0017332794357937755
10.5,-0.0005210858354560394
10.55,-5.100914338837649e-06
10.600000000000001,-0.0023274438720180925
10.65,-0.0004886291394622098
10.700000000000001,0.0011584454148529833
10.75,0.00092204222660848
10.8,0.0011806493268772832
10.850000000000001,-0.0006065169882271704
10.9,5.525700539460807e-05
10.950000000000001,0.001579426285463528
11.0,0.0017189926645510964
11.05,-0.0017212583362889887
11.100000000000001,-0.0012386713121704319
11.15,-0.0006162501112852337
11.200000000000001,-0.0016375487555270645
11.25,0.0018757251122117759
11.3,0.0023323719795058434
11.350000000000001,0.0038608890759408076
11.4,0.003581478417875752
11.450000000000001,0.0004805607893405077
11.5,-0.002055622998850765
11.55,-0.004027126904136714
11.600000000000001,-0.001707794354123276
11.65,-0.0006145009871335502
11.700000000000001,0.0008334834517733458
11.75,0.002036253938889531
11.8,0.001951149253242315
11.850000000000001,0.002429233903106423
11.9,0.0002798172098712075
11.950000000000001,0.00019028508422042333
12.0,-0.0006154692430574807
12.05,-0.0021208449727256025
12.100000000000001,-0.00039655452582841897
12.15,-0.001199316266124464
12.200000000000001,-0.0013059992492564653
12.25,0.001723979227604749
12.3,0.0024432796187085102
12.350000000000001,0.0004177963223680474
12.4,-0.0016842383784585043
12.450000000000001,-0.0017750703660998222
12.5,0.0009854245513085658
12.55,0.0009496143237694147
12.600000000000001,-0.0009928624887711418
12.65,-0.0010891958095190842
12.700000000000001,-0.0012565384861859064
12.75,-0.0013741550529707287
12.8,-0.0015186985793239828
12.850000000000001,0.00021321848796761043
12.9,0.0009242484519585718
12.950000000000001,0.0006389451893863432
13.0,0.0002447577107428501
13.05,-0.0007246803279533688
13.100000000000001,0.0013390851684616715
13.15,0.0008696485805901094
13.200000000000001,-0.0005309990233924586
13.25,-0.00043814291792487606
13.3,-0.0006389920686830586
13.350000000000001,0.0019874755076635412
13.4,0.0014490819373805803
13.450000000000001,-0.0032571808474872437
13.5,-0.0022381467295301367
13.55,0.00069040070331285
13.600000000000001,-0.0009543352710007883
13.65,9.52914345879819e-05
13.700000000000001,0.0009363962819055643
13.75,0.0012920358562628327
13.8,0.00044711759418614204
13.850000000000001,-0.0036880654599091103
13.9,-0.0014750286150485594
13.950000000000001,-0.00041465288282864385
14.0,-0.0009505294323275711
14.05,-5.550325751530934e-05
14.100000000000001,0.0011602824687019142
14.15,0.00515654011230404
14.200000000000001,0.0030947824050361165
14.25,-0.0010432036505202684
14.3,-0.00010801982561062184
14.350000000000001,0.0002882216824851882
14.4,-0.0001801717777644542
14.450000000000001,-0.0005504595090961821
14.5,-0.0022856963384241262
14.55,-0.001142617235027741
14.600000000000001,0.0009394408031180942
14.65,0.00031982895603344845
14.700000000000001,0.00024356734771586726
14.75,0.0020258852752269856
14.8,0.0036279913416422736
14.850000000000001,0.002119733914255633
14.9,-0.0010527313299551332
14.950000000000001,-0.0015333853262084309
15.0,0.0002653645055620026
15.05,-0.00042103629242000044
15.100000000000001,-0.0007886510414377609
15.15,0.0006538851205492561
15.200000000000001,0.003940639329621379
15.25,0.004999552329173745
15.3,-0.001960696414465176
15.350000000000001,-0.0035902909006358917
15.4,-0.0003310378412067798
15.450000000000001,-0.0016704364652692129
15.5,-0.002323609881837907
15.55,-0.0008673737801460164
15.600000000000001,0.0006967718721663729
15.65,0.0008810658697707571
15.700000000000001,0.0008590261860749295
15.75,0.0006422990547231054
15.8,-0.0013528559262088436
15.850000000000001,-0.004666866011430984
15.9,-0.002754657983526658
15.950000000000001,0.002974555441960598
16.0,0.0005973148556723215
16.05,-0.003048182161854006
16.1,-0.0008570557872639977
16.150000000000002,0.000645788069955802
16.2,-0.0015639617542563282
16.25,-0.0047605818081061
16.3,-0.0020424476024511803
16.35,0.0032099880152067963
16.400000000000002,0.0022529896438617846
16.45,-0.0024109959464986967
16.5,-0.0012254128511086629
16.55,0.0026523607639321076
16.6,0.001979221093015558
16.650000000000002,0.0024151463488377325
16.7,0.0007521467498539624
16.75,-0.0019240119773698556
16.8,-0.0014322125549838206
16.85,-0.0002502466310860641
16.900000000000002,0.0026780170963845397
16.95,0.002333560704462256
17.0,0.0007703397085360227
17.05,0.0010879071218546936
17.1,-0.00033443524244040494
17.150000000000002,-5.102499579485042e-06
17.2,0.0033842019003788985
17.25,0.0016621525321905968
17.3,-0.0022525747715234
17.35,-0.0013586882513291778
17.400000000000002,-9.394712330342621e-05
17.45,0.0017642385993516237
17.5,0.001956240792199317
17.55,0.00018757433383342453
17.6,0.0012000858621641363
17.650000000000002,0.00037318950967644635
17.7,-0.0007506831947283112
17.75,-0.001514576541456856
17.8,-0.003497412836662899
17.85,-0.0010896765928209244
17.900000000000002,0.003088422335459163
17.95,0.0010949120025946836
18.0,-0.002460815319216033
18.05,0.0006147705294085841
18.1,0.0023932394313128705
18.150000000000002,-0.00030616087537203667
18.2,-0.0015613722584242391
18.25,-0.002565092966299841
18.3,-0.003112032205438438
18.35,-0.0011642201753958264
18.400000000000002,0.002834131681582687
18.45,0.003869416903502115
18.5,-0.00021935139086876873
18.55,-0.001725403515068633
18.6,-0.0024448898111875434
18.650000000000002,-0.002959431055347063
18.7,0.0008924138062399952
18.75,0.00011488340463602727
18.8,-0.0024688275882254313
18.85,-0.0003751289361892458
18.900000000000002,0.0023646562493520227
18.95,0.0011094817579004573
19.0,-0.0020142242119129804
19.05,-0.0004502830194271192
19.1,0.0014004538656819756
19.150000000000002,0.0025553682320572572
19.200000000000003,0.00032577064159237083
19.25,-0.0031558858958856627
19.3,-3.9817172975550504e-05
19.35,0.0005679123949570355
19.400000000000002,-8.917579277144471e-05
19.450000000000003,0.0007999057521777943
19.5,0.0003353913590826983
19.55,0.00121730693829092
19.6,0.00017700913215503114
19.650000000000002,-0.0018595340716052382
19.700000000000003,-0.0017505401090646938
19.75,0.0009550759486466553
19.8,0.0007126963276286425
19.85,0.0007829276751574631
19.900000000000002,0.004086586931610257
19.950000000000003,0.001751311934838645
20.0,-0.00018161603744518725
20.05,-0.0004302192064034799
20.1,-0.000879569261124273
20.150000000000002,-0.00036092701901960965
20.200000000000003,0.0007125632407029019
20.25,0.0009554819343133086
20.3,0.0005666862271128886
20.35,0.0019928992811490886
20.400000000000002,-0.0020964994461280437
20.450000000000003,-0.0033555543011718056
20.5,0.00021137284957121707
20.55,0.0013143960067920485
20.6,0.00029907070308411216
20.650000000000002,-0.0018421075832039532
20.700000000000003,0.0010616397133100088
20.75,0.0008083422976397337
20.8,0.001086211681054697
20.85,0.001931109561052181
20.900000000000002,-0.0012632863985251241
20.950000000000003,-0.0007172843931963223
21.0,-0.0021508231441080402
21.05,-0.002286404431874157
21.1,0.0005500613497926841
21.150000000000002,0.001983244761447732
21.200000000000003,7.708308703306165e-06
21.25,-0.002911162086497367
21.3,-0.002272746590742436
21.35,0.0006770343353474749
21.400000000000002,0.0013348054667768631
21.450000000000003,-0.00038372267144697134
21.5,0.000988321731144722
21.55,-0.0001561454567400904
21.6,-0.003246102281428883
21.650000000000002,-0.0026049417457847173
21.700000000000003,0.0015337261282240178
21.75,0.0033093197717770128
21.8,0.0020566677383334216
21.85,0.0007737660428047965
21.900000000000002,-0.001505654958851656
21.950000000000003,-0.0013628353314346262
22.0,-0.00024555220408648405
22.05,0.0004187851129349577
22.1,0.0004944359376626541
22.150000000000002,-0.0004962889728845918
22.200000000000003,-0.00021083803383854717
22.25,0.0008046570655650207
22.3,-7.163683994347988e-05
22.35,0.0004562541447984871
22.400000000000002,0.001203513136593403
22.450000000000003,0.0015858344081717253
22.5,0.0007382997419015108
22.55,-0.001988057950435969
22.6,0.0007168170578922284
22.650000000000002,0.00048352193279754466
22.700000000000003,0.0005371898880246186
22.75,0.000739745776080751
22.8,-0.002347358021899599
22.85,-0.0011339776477617156
22.900000000000002,-0.0017607282168532882
22.950000000000003,0.0011296920584526295
23.0,0.0034706176675277016
23.05,-0.0004276289188001354
23.1,-0.001979186662502362
23.150000000000002,-1.1752221419626334e-05
23.200000000000003,0.0019137303135134027
23.25,0.0007431752907085836
23.3,-0.00047641231476691545
23.35,-0.0010925793262925895
23.400000000000002,-0.0016673833412305307
23.450000000000003,0.00018472309943693958
23.5,0.0006363257294103024
23.55,-0.0004465006271166192
23.6,0.0016667565830245559
23.650000000000002,0.0006581967570926335
23.700000000000003,-0.0016248235190113238
23.75,-0.0008008028294018971
23.8,0.00016223971898620342
23.85,0.0014087300417326004
23.900000000000002,3.953338139427362e-05
23.950000000000003,5.485377226667858e-05
24.0,0.0007074559912517071
24.05,0.0005655707615032745
24.1,0.00031121916840418323
24.150000000000002,-0.0019683185576506654
24.200000000000003,-0.001947728499632048
24.25,-0.002099265046743501
24.3,0.00026289152913710166
24.35,0.002392478879884167
24.400000000000002,0.0007466391938525951
24.450000000000003,0.0007268866827917521
24.5,-0.0003829566159779319
24.55,-0.002307921634276632
24.6,-0.0026341571932216074
24.650000000000002,-2.516967455932279e-06
24.700000000000003,0.0010338491780004944
24.75,0.0014442622043887394
24.8,0.002054875836572694
24.85,-2.81344728539266e-05
24.900000000000002,0.0008797409823814679
24.950000000000003,-0.0009922372413626176
25.0,-0.0016263146682292174
25.05,-0.0001328268103027089
25.1,-0.0020321411251820846
25.150000000000002,7.094428509970181e-07
25.200000000000003,-0.0003458378959711859
25.25,0.000566085956423436
25.3,0.002345997608229458
25.35,0.002270549717308058
25.400000000000002,0.002205601025264667
25.450000000000003,-0.003246438363424292
25.5,-0.0035645773563553855
25.55,0.0006016764903013911
25.6,0.0030340725562710306
25.650000000000002,0.0024478807271443395
25.700000000000003,0.0005836003715885566
25.75,-0.0003507703679760541
25.8,-0.001516189610099999
25.85,-0.0005788202807644167
25.900000000000002,-0.0009188672203595044
25.950000000000003,-0.00037973141974866076
26.0,0.0006835690953068546
26.05,0.0008882461561759925
26.1,0.0009256607142336499
26.150000000000002,-0.000734635167185433
26.200000000000003,0.0003827428111438566
26.25,0.0013991945358325984
26.3,-0.00022204160117232603
26.35,-0.0018332329117998311
26.400000000000002,-0.0014994561965313224
26.450000000000003,-0.00010633335021460596
26.5,0.0008077471194166827
26.55,0.0007990642581779075
26.6,-0.002001792509122539
26.650000000000002,-0.0020197546548726937
26.700000000000003,0.001286957323641579
26.75,0.002419388279298003
26.8,0.0018510228593726916
26.85,4.5165621280844586e-05
26.900000000000002,-0.0017513392061819467
26.950000000000003,-0.0013061448857276147
27.0,-0.00024386446116438605
27.05,-0.0004754674965003207
27.1,-0.0008526372366502016
27.150000000000002,0.0001440629376347689
27.200000000000003,0.00018094687688370052
27.25,-0.0006951341079375203
27.3,0.0011947832679056712
27.35,0.0011705889659499311
27.400000000000002,-0.0007783066210981086
27.450000000000003,-0.00039808273004155327
27.5,-0.00020355764577377366
27.55,-0.0004094876838686506
27.6,0.0012649293628520415
27.650000000000002,0.001671297779538309
27.700000000000003,-0.00035315319761333725
27.75,0.00030161157681923964
27.8,-0.0007726608898862727
27.85,-0.001991720260216068
27.900000000000002,0.00023624568129435112
27.950000000000003,0.0009517690971418163
28.0,0.0013183350595407943
28.05,0.0004087883677824599
28.1,-0.0014838244787662052
28.150000000000002,-0.001155855935593486
28.200000000000003,7.553460082925129e-05
28.25,0.0010585264479716294
28.3,0.0005134322751775578
28.35,-0.00015942714709488238
28.400000000000002,-0.00015539178410512166
28.450000000000003,-0.000364499074978491
28.5,0.0006128054770648929
28.55,0.00022890854686210494
28.6,0.0009476643425314178
28.650000000000002,0.0015904498175816743
28.700000000000003,-0.00047953962352647044
28.75,0.0003343147846293486
28.8,0.0005121106015431905
28.85,-0.0021978885524837504
28.900000000000002,-0.0033636796653527708
28.950000000000003,-0.0009689150195106718
29.0,0.0014170029163467707
29.05,0.0009439216471297642
29.1,0.0007259537437813771
29.150000000000002,0.0008697322893466994
29.200000000000003,0.0010678921749920573
29.25,-9.806643374191812e-05
29.3,-0.0013456818484430845
29.35,-0.001140058762491215
29.400000000000002,0.0004310551689405002
29.450000000000003,0.0012097633229159034
29.5,-0.0011250039330053172
29.55,-0.00023976739399655703
29.6,9.287665785765767e-05
29.650000000000002,-0.0011412756828026518
29.700000000000003,-0.00020749166596041712
29.75,-0.0009476367051877067
29.8,0.0006887702600819483
29.85,0.0016654856388882166
29.900000000000002,0.001257922501633766
29.950000000000003,0.0008005254435238788
30.0,-0.0018280023083518159
30.05,-0.00018255653770993407
30.1,0.00035937067409970696
30.150000000000002,-0.0002950949786185457
30.200000000000003,0.0005179909787538761
30.25,-0.0003709137935318197
30.3,0.00010975733681966908
30.35,0.0006798169320579579
30.400000000000002,0.0006300343015424722
30.450000000000003,-0.000318917348199104
30.5,-0.0017928775180810588
30.55,-0.0010437217210805452
30.6,0.0014378735030204442
30.650000000000002,0.0024181971702276744
30.700000000000003,0.0010812062409175107
30.75,-0.0008366485213144881
30.8,-0.0022388864500558223
30.85,-0.0014154480948044678
30.900000000000002,0.0005815054256367069
30.950000000000003,0.00032868520915837443
31.0,0.00018282399129722978
31.05,0.0016258009151530986
31.1,0.0014271730824089938
31.150000000000002,-0.0005135880296905987
31.200000000000003,-0.0017877664190931696
31.25,-0.0013408441811971234
31.3,-0.00011774542760021083
31.35,0.0005503269979152096
31.400000000000002,0.0008961443657846885
31.450000000000003,0.000644752222121532
31.5,-0.0001940745640644763
31.55,-0.00011223428073556537
31.6,-0.0006608143000262286
31.650000000000002,-0.0009245414619878014
31.700000000000003,3.60396560379901e-05
31.75,-0.00030543216951277454
31.8,-0.00021343440501618485
31.85,0.0011872052292819211
31.900000000000002,0.0010886906619336169
31.950000000000003,-0.00015768175266281647
32.0,-0.0014377802926115546
32.050000000000004,-0.0020029280856226194
32.1,-0.0004379120802572385
32.15,0.0007445373215849649
32.2,0.0011177257253899085
32.25,0.0014916731961955815
32.300000000000004,0.0007747635879293213
32.35,-0.0003034853019031915
32.4,-0.001025052960463223
32.45,-0.0003499148878298463
32.5,7.164714728009606e-05
32.550000000000004,-0.0008221973647153795
32.6,-0.0002932510818998468
32.65,0.000958137104083582
32.7,0.0007885499807651521
32.75,0.00041174053057174963
32.800000000000004,-2.47540557484488e-05
32.85,-0.0005293378234745976
32.9,-0.00012031444781681273
32.95,0.00020739254071372665
33.0,0.001292174525632341
33.050000000000004,0.0008674706428867759
33.1,-0.0005941766366437505
33.15,-0.0007309579062470918
33.2,-0.001356035773898273
33.25,-0.00018687745338546142
33.300000000000004,0.0003222344763656802
33.35,-0.00022223625372353765
33.4,0.0006521941797286719
33.45,0.0007070467572856193
33.5,0.0010466723539758885
33.550000000000004,0.0004653762082955722
33.6,-0.0003765181728399661
33.65,-0.00031247368520879055
33.7,-0.0013035198146146925
33.75,-0.001866176737969521
33.800000000000004,-0.0013713804250356284
33.85,-2.808586241790306e-06
33.9,0.001191453446265966
33.95,0.0015227848353253338
34.0,0.0004400019650387128
34.050000000000004,-0.000708386387807106
34.1,0.00017431562115622387
34.15,0.001117047771002127
34.2,0.0008539447900033832
34.25,-0.0003528812406892337
34.300000000000004,-0.0008314626728343635
34.35,-0.00024400206437968827
34.4,0.00011492307341194866
34.45,0.0006595838583601965
34.5,3.4976406163156952e-06
34.550000000000004,-0.001840819648149085
34.6,-0.0016408452184618434
34.65,-0.000654836808746021
34.7,0.0010684424102532593
34.75,0.0027419839483905544
34.800000000000004,0.0013970647808610377
34.85,-0.00020669380868370746
34.9,-0.001015306034001604
34.95,-0.0010691725793573249
35.0,-0.0004591567879284098
35.050000000000004,-0.00035867393906639897
35.1,-0.0007521447100908556
35.15,0.0008582966673607156
35.2,0.002163197757290689
35.25,0.0009399457048636338
35.300000000000004,1.0361931111053102e-05
35.35,-0.0017077203006748952
35.4,-0.0013737393726906274
35.45,-0.000251632600428891
35.5,-0.0003136105363884806
35.550000000000004,0.0007417042757626517
35.6,0.000981247582637709
35.65,-0.0001666893404353628
35.7,-0.0005333049349680311
35.75,-1.785129486739978e-05
35.800000000000004,0.0002087753073247099
35.85,0.0008435682502840711
35.9,0.0005958546207510081
35.95,9.28818212028244e-05
36.0,0.0005473402349548144
36.050000000000004,0.00024018662529780706
36.1,-0.0011413958617390405
36.15,-0.0015886350472048823
36.2,-0.0008703079417253199
36.25,0.0008960257501735628
36.300000000000004,0.0012976334956496165
36.35,5.772088800355445e-05
36.4,0.0001116818391769274
36.45,-0.0007504514328606742
36.5,-0.0003463860027054248
36.550000000000004,0.00018787214054009733
36.6,-0.0001247506133773908
36.65,0.0010731694018954535
36.7,0.0005741187464216462
36.75,-0.0016136305868607675
36.800000000000004,-0.0017250846818783671
36.85,0.00019275803594907728
36.9,0.0007119055302295447
36.95,0.0011209170956400546
37.0,0.0006890609119558336
37.050000000000004,-0.0007460912885337035
37.1,-0.0002726520594522332
37.15,-0.0005381605178057659
37.2,-0.0002179239702071279
37.25,0.00039345028114837725
37.300000000000004,-0.00023079905786292567
37.35,-6.257364052547455e-05
37.4,-0.0006828821986878907
37.45,0.00019776388558772945
37.5,0.0008127846965834725
37.550000000000004,0.0007153103867001462
37.6,-0.00016969185322053966
37.65,-0.0010350766844767199
37.7,0.0014775990479996212
37.75,0.0009199310335849458
37.800000000000004,0.0006258297234735444
37.85,0.00015336017513586592
37.9,-0.001978359492951941
37.95,-0.0008871876822165537
38.0,-3.6186011503174304e-05
38.050000000000004,0.00018101094857055633
38.1,-2.7883711297593136e-05
38.15,0.0006178465842730949
38.2,0.00010268769933451253
38.25,-0.0011012863133603704
38.300000000000004,1.6322616713819922e-05
38.35,0.00043162682478633895
38.400000000000006,0.0012653566150325065
38.45,0.0006357882721549532
38.5,-0.0006333025999598323
38.550000000000004,-0.00020894928693017102
38.6,5.202454673006007e-05
38.650000000000006,0.0003320454340821976
38.7,-0.0014204610787667109
38.75,-0.0008266944497413746
38.800000000000004,0.0011403401946127722
38.85,-0.0001957008805258909
38.900000000000006,0.0005212587184868439
38.95,0.0016591656363144263
39.0,-0.0005975737772686608
39.050000000000004,-0.0018983984596785783
39.1,-0.0005282486205543713
39.150000000000006,-4.288791085434939e-05
39.2,-4.596970905140219e-06
39.25,8.80318069362168e-05
39.300000000000004,0.0011830550225655138
39.35,0.001917692160332579
39.400000000000006,-0.0013793390012165243
39.45,-0.0022046425049111157
39.5,5.53811469284873e-06
39.550000000000004,0.0009669846681699922
39.6,0.0014991389158851437
39.650000000000006,-0.0001718064626311389
39.7,-0.00015607784879808807
39.75,-0.0002632093624419538
39.800000000000004,-0.00027576266122594014
39.85,0.000861872439942469
39.900000000000006,-0.0015666271981694911
39.95,-0.000712226731032921
40.0,0.0004313192465111558
40.050000000000004,0.0002277351267831997
40.1,0.0014513393024005506
40.150000000000006,0.0013245188436320217
40.2,-0.00020404194819584264
40.25,-0.0015190165261820385
40.300000000000004,6.769026011712826e-05
40.35,-0.00019387430235215107
40.400000000000006,-0.0006124304008640695
40.45,0.0006138741030038325
40.5,-0.0007302615926980502
40.550000000000004,-0.00029045132830430697
40.6,-2.967922638532239e-05
40.650000000000006,-0.0002539280397445914
40.7,0.0007270583105633501
40.75,0.00029241708898822597
40.800000000000004,0.0004705651422612971
40.85,-0.0009501117742549792
40.900000000000006,8.538282146962684e-05
40.95,0.0008229935393293707
41.0,-0.0007842485177726646
41.050000000000004,0.00019576183463354343
41.1,-0.00024633834480994245
41.150000000000006,0.0009167730920231943
41.2,0.0007913002049732634
41.25,-0.0006584966199810173
41.300000000000004,0.00016740438831738968
41.35,6.112389106148814e-06
41.400000000000006,-0.0005678234954091998
41.45,-0.0012310872971581057
41.5,-0.000470778384382805
41.550000000000004,0.0006230380178974007
41.6,0.001108013882126766
41.650000000000006,0.0008231464565401974
41.7,0.0005507058537442155
41.75,-0.00027613355933932173
41.800000000000004,-0.0010127731427315289
41.85,0.00042438648463239694
41.900000000000006,0.0005355048938137032
41.95,-0.0005149945981891494
42.0,-0.0009542042489262474
42.050000000000004,-0.0004427262480041005
42.1,0.0006795476129670635
42.150000000000006,0.0008898938507925061
42.2,-0.00032778299437580537
42.25,-0.0008225068478689204
42.300000000000004,-0.0009178243634794372
42.35,-0.00021557050702025694
42.400000000000006,0.0007315720166582234
42.45,0.000533729352412864
42.5,0.0007320837999664556
42.550000000000004,-0.00096933001319464
42.6,-0.0009329525776249008
42.650000000000006,0.0007929065259757874
42.7,0.0006139805997020924
42.75,0.0007557627359132703
42.800000000000004,-0.00015601113171262787
42.85,-0.00025287142577708964
42.900000000000006,0.0008633548998347951
42.95,-9.238745499229916e-05
43.0,-0.001276088688612204
43.050000000000004,-0.0012889513010023378
43.1,-1.2842909985183879e-05
43.150000000000006,0.0008744819388120204
43.2,-0.00037011131248220077
43.25,0.00020798066738878906
43.300000000000004,0.000634974705328059
43.35,0.00032914328493648907
43.400000000000006,0.001197025594022907
43.45,-6.146301580500934e-05
43.5,0.0002632347652852286
43.550000000000004,-1.935869110255888e-05
43.6,-0.0011428434293500058
43.650000000000006,0.0002483454185832825
43.7,-5.370824700188342e-05
43.75,-0.0003120356356312145
43.800000000000004,-0.00017618547810732273
43.85,-0.0006497355560688601
43.900000000000006,-0.0006480649147844836
43.95,-0.0002006087436102326
44.0,0.0003268981206147857
44.050000000000004,0.0010129318936075334
44.1,0.0007145699740096498
44.150000000000006,-2.3823881553294968e-05
44.2,0.0002792446171321927
44.25,4.813467669496511e-05
44.300000000000004,-0.0009739598266064158
44.35,-0.0019872848337118623
44.400000000000006,-1.8816105308546406e-05
44.45,0.001009143685621253
44.5,9.190225192293405e-05
44.550000000000004,0.0004914138900706848
44.6,0.00028155254361792787
44.650000000000006,0.00014131431682227235
44.7,-0.00015282226829268009
44.75,0.00013431861985072223
44.800000000000004,-0.0002805385019446267
44.85,-0.0003591741241877067
44.900000000000006,0.0010143924631226674
44.95,0.00028210671787790893
45.0,-0.00028329616028616096
45.050000000000004,-0.0009201156021111562
45.1,-0.0008172510099855422
45.150000000000006,0.0006609661148268815
45.2,0.00031606719095456657
45.25,0.0002368452266999998
45.300000000000004,5.824538399357784e-05
45.35,0.0001547360951508527
45.400000000000006,0.0002756213067739901
45.45,-0.00019327232839563415
45.5,0.0004226446318952195
45.550000000000004,-1.944390357312451e-05
45.6,-0.000782226146682784
45.650000000000006,-0.0004335557255876192
45.7,9.372326562808527e-05
45.75,0.0005007023148211626
45.800000000000004,0.0009154392983278784
45.85,0.0006626002068175236
45.900000000000006,-0.0003501869464269576
45.95,-0.0006995955102654972
46.0,-0.0006991364276630287
46.050000000000004,-0.0006432312093398443
46.1,2.1838918039963443e-05
46.150000000000006,0.0005986460533706108
46.2,0.0005279773250085214
46.25,0.0007156719763646653
46.300000000000004,0.00010014134843876076
46.35,-0.0014991635663091705
46.400000000000006,-0.0008272659238087264
46.45,0.0008177226966470226
46.5,0.00039893606967208615
46.550000000000004,0.0006133547978072802
46.6,0.00044232323013596654
46.650000000000006,-0.0006089882945816745
46.7,-1.3908643434487856e-05
46.75,-0.00046781069250895874
46.800000000000004,-1.7291429668827757e-05
46.85,-0.00033611838393060177
46.900000000000006,-0.0008162062773644301
46.95,0.00068225722368624
47.0,0.0007080913768168497
47.050000000000004,0.0005709529963735487
47.1,-0.0003122574321673079
47.150000000000006,-0.0005177738642409309
47.2,-0.0006128155403525684
47.25,0.0002855325990619993
47.300000000000004,0.001286107418910458
47.35,0.0003766385724020418
47.400000000000006,0.0007284254483988383
47.45,0.0003262075587181614
47.5,-0.0005233923422780409
47.550000000000004,-0.0008574374060875794
47.6,-0.0012888891057823443
47.650000000000006,-0.0010893539595641904
47.7,-0.0009866186473534019
47.75,-0.00044612595381233924
47.800000000000004,0.0013088605611711903
47.85,0.0017432821893768582
47.900000000000006,0.0007356711084255548
47.95,-0.0003994432843756792
48.0,-0.0005577131422343801
48.050000000000004,-7.761329195397127e-05
48.1,-0.0005608389053685948
48.150000000000006,-0.0005033986966232797
48.2,8.585442512584855e-05
48.25,0.00017051999374117555
48.300000000000004,-3.375472599142892e-05
48.35,0.0003009488469202222
48.400000000000006,0.00013301169596907804
48.45,0.0003709104646820943
48.5,0.0005631239549784124
48.550000000000004,-0.00015799673548893057
48.6,0.00028964634483798056
48.650000000000006,-6.25075951073899e-05
48.7,-0.0007103150795426761
48.75,-0.0013020382269131206
48.800000000000004,-0.0011345678749097035
48.85,0.0006986106887121904
48.900000000000006,0.0010621571768138418
48.95,0.00030800110486536717
49.0,0.00030795555307108096
49.050000000000004,0.0006276266709268931
49.1,0.00022026303278246785
49.150000000000006,-0.00031215780764933345
49.2,-5.903722401204434e-05
49.25,0.00022518100397316245
49.300000000000004,0.0004891441283630013
49.35,0.0008229696589673619
49.400000000000006,-0.0002728032614477728
49.45,-0.000631817309548198
49.5,0.0002113139035988689
49.550000000000004,-0.0004366038394423753
49.6,-0.0010746024962871874
49.650000000000006,-0.0007850385328467744
49.7,0.00022447580691991925
49.75,-1.0890680429776231e-05
49.800000000000004,0.0004982970964797059
49.85,0.0009571775729648072
49.900000000000006,-0.0002701505501969701
49.95,0.0013519766626768576
50.0,0.00021675724246143557
50.050000000000004,7.059573372618464e-05
50.1,0.0001713485147777207
50.150000000000006,-0.001804406458575109
50.2,-0.0002833682751950553
50.25,-0.0011379048184231393
50.300000000000004,-0.00020411361544572736
50.35,0.0009008659661191693
50.400000000000006,0.00035649796893505616
50.45,-0.0005038707823794259
50.5,-6.451413415895212e-05
50.550000000000004,0.0013653509547684726
50.6,-0.00026099068938652444
50.650000000000006,-0.000328655226933186
50.7,-0.0008845046361987605
50.75,-0.00013119206877030626
50.800000000000004,0.0006652073446953899
50.85,0.0004636996298452267
50.900000000000006,0.0010190060117276406
50.95,-0.0002849067887782436
51.0,-0.00042600864821978375
51.050000000000004,-0.0008653986470892023
51.1,-0.0008910080679146335
51.150000000000006,0.0009035243701542868
51.2,0.00029432911683097075
51.25,0.00010093537275123206
51.300000000000004,-0.0003283392181223614
51.35,-0.0009952505544970672
51.400000000000006,0.00035420467079013915
51.45,0.00010200182550504988
51.5,0.0011184880719106497
51.550000000000004,0.0006079256181736396
51.6,-0.000839374486787807
51.650000000000006,0.00026127998662245523
51.7,-0.00072768908770424
51.75,-3.224853493901256e-05
51.800000000000004,4.822293460890032e-05
51.85,-0.0006193313300655333
51.900000000000006,0.000261240198871765
51.95,0.00036119312837871293
52.0,0.0012278367589840479
52.050000000000004,0.0001494216429472652
52.1,-6.976008644922385e-05
52.150000000000006,-0.0002623354911368796
52.2,8.326783139701063e-05
52.25,0.00046989423257354885
52.300000000000004,-0.001537594549582286
52.35,-0.00038828685702683514
52.400000000000006,0.0005669309519920309
52.45,4.0675542721989406e-05
52.5,0.00016606660972204022
52.550000000000004,3.364508012917328e-05
52.6,-0.0005562165828638158
52.650000000000006,-0.0004597665240126957
52.7,0.00027178622928555597
52.75,0.0013860499837340533
52.800000000000004,0.000569853992050092
52.85,-0.0001375484727690651
52.900000000000006,-7.917561586332902e-05
52.95,-0.0014627083883442375
53.0,0.0005212585141478139
53.050000000000004,-0.0006103424583595352
53.1,-0.0003727429465262555
53.150000000000006,0.001607701341245689
53.2,-0.0006917489401896745
53.25,0.00010938539379120956
53.300000000000004,-0.0007911667450869194
53.35,-0.0006981868458558063
53.400000000000006,0.0011476548592874991
53.45,0.0009536453126917621
53.5,0.0002620013717678822
53.550000000000004,-0.0009939400843010887
53.6,-0.0007275954899175791
53.650000000000006,-8.81523118859592e-05
53.7,-0.000305728772713617
53.75,0.0002572655344933079
53.800000000000004,0.0016286569779721382
53.85,-0.00035519347512100044
53.900000000000006,-0.0009238670486914026
53.95,0.0005173263027106262
54.0,-0.00018013606330907693
54.050000000000004,-2.468502408243176e-05
54.1,0.0002844213876966951
54.150000000000006,0.00046417002582521775
54.2,2.747269682642612e-05
54.25,-0.00013541818614026916
54.300000000000004,-0.0008166337862209578
54.35,0.0007372600521117019
54.400000000000006,0.001190836408444677
54.45,-0.001152974341244088
54.5,0.00012368114461835432
54.550000000000004,-0.0006223030075582298
54.6,0.000742367022080246
54.650000000000006,0.0007523646139858703
54.7,-0.0011878753082200835
54.75,0.00021628684436515413
54.800000000000004,-0.00019492377367162528
54.85,0.00045164360687755564
54.900000000000006,-0.0005685895000992247
54.95,-0.00038793195405455947
55.0,0.0006464900081506453
55.050000000000004,0.00011990430531274569
55.1,0.00040519364453628305
55.150000000000006,-0.0003903237797282581
55.2,-0.0010210113128611238
55.25,-0.0009464555734566442
55.300000000000004,8.728233358450946e-05
55.35,0.00042445817792131853
55.400000000000006,0.0007032739836138407
55.45,0.00045573281750902297
55.5,-2.1379127183557956e-05
55.550000000000004,0.00047887325351394746
55.6,0.0001336348230854728
55.650000000000006,0.0005560824467752754
55.7,0.00019059558437481522
55.75,-0.0014203646840476006
55.800000000000004,-0.0008925824413877983
55.85,-0.0006749454588511679
55.900000000000006,-0.00044082852154548317
55.95,0.0005115476921691975
56.0,0.0003181809265874176
56.050000000000004,0.0007330985649196753
56.1,0.00031585536595458627
56.150000000000006,-0.000519094025519139
56.2,0.00017708961272911274
56.25,0.0007778803857078287
56.300000000000004,0.0005058700369499231
56.35,0.00037268323689068904
56.400000000000006,9.75669518045702e-05
56.45,-0.0009386357637292185
56.5,-0.001206520616342317
56.550000000000004,-0.0008867529239738719
56.6,-0.00024256567280516868
56.650000000000006,0.0007620908339399256
56.7,0.0010005112777649117
56.75,0.0007173625090090796
56.800000000000004,0.0003388331812159275
56.85,0.00013029358203080235
56.900000000000006,-0.0001292686141110499
56.95,-0.000463138243374996
57.0,-0.00019398614155380781
57.050000000000004,-0.0002470069798121009
57.1,-8.176346094215834e-05
57.150000000000006,4.154026241207093e-05
57.2,-0.0005123690456836421
57.25,0.00028072615214899064
57.300000000000004,0.0006141679882792001
57.35,4.028156679577177e-05
57.400000000000006,0.00023504592432564895
57.45,-2.351585319198299e-06
57.5,-0.00040308739548645104
57.550000000000004,-0.00017033552606247212
57.6,0.00031407013703025016
57.650000000000006,0.00034799548250960647
57.7,-0.0002588922371995938
57.75,-0.0006890122172239722
57.800000000000004,-0.0007686516239899277
57.85,2.160308726342597e-05
57.900000000000006,0.0007844377343751436
57.95,0.0006262094067196638
58.0,0.0006333321227010892
58.050000000000004,9.314000565021525e-05
58.1,-0.001097086831965023
58.150000000000006,-0.001834239690335815
58.2,-0.00017332913402188534
58.25,0.0013226714971032334
58.300000000000004,0.000846850030965358
58.35,0.0006085289561304799
58.400000000000006,-0.00041095160285017197
58.45,-0.0005931529114829194
58.5,-0.0002841804764817379
58.550000000000004,-0.0005173689103935416
58.6,-5.8771497814846125e-05
58.650000000000006,0.0005786920873244295
58.7,0.0009706280502064569
58.75,0.00017099835521098747
58.800000000000004,-0.00012935504606683128
58.85,0.00011485705082952824
58.900000000000006,-0.0009197093865172059
58.95,-0.001327083468179649
59.0,-8.175696577360732e-05
59.050000000000004,0.00036206215431023393
59.1,0.0002666219469808892
59.150000000000006,0.000870195319691973
59.2,0.00046424266110203224
59.25,0.00047743183874758815
59.300000000000004,0.0002503352858179012
59.35,-0.0014644305885147062
59.400000000000006,-0.0013573892413318372
59.45,-3.8156924193906705e-05
59.5,0.0006387764566033224
59.550000000000004,0.000910803147698805
59.6,0.00041665617564366124
59.650000000000006,0.0002866464210796099
59.7,0.00016450940751595484
59.75,-0.0001525030569479253
59.800000000000004,-0.00048090530033479225
59.85,-0.0007894201227997026
59.900000000000006,-2.703894359471869e-05
59.95,1.858702243450509e-05
60.0,0.00043378445603166696
60.050000000000004,0.0006939909278635781
60.1,-0.00036713834790611525
60.150000000000006,-0.0007782368536653827
60.2,-0.0006892605867792955
60.25,0.0004370935604591588
60.300000000000004,0.0015043423349844964
60.35,0.0013470154830305208
60.400000000000006,3.744749557306131e-06
60.45,-0.0018321833135188158
60.5,-0.0015792058935438587
60.550000000000004,-0.00014810893198451567
60.6,0.0012846449800648428
60.650000000000006,0.002026175018712395
60.7,0.0004716147510326483
60.75,-0.0005872576111910377
60.800000000000004,-0.0009424002736308208
60.85,-0.0005278998942117221
60.900000000000006,0.00012318262588884165
60.95,-0.0005729898107999154
61.0,-0.00010931456230592718
61.050000000000004,-0.00016930965450191342
61.1,-0.0002546140654268126
61.150000000000006,-3.396520568693347e-05
61.2,0.0005916167457167314
61.25,0.0017739687696781638
61.300000000000004,0.00014295051834774513
61.35,-0.0004874254502216996
61.400000000000006,-0.0003902831383047476
61.45,-0.000688255131271668
61.5,0.00038888130071517834
61.550000000000004,0.0002849087935012533
61.6,0.00015211341862469993
61.650000000000006,0.00015753281778234645
61.7,-0.00029811683492528095
61.75,-0.0007174614347427167
61.800000000000004,-0.0008447994525661193
61.85,0.00039002992745718794
61.900000000000006,0.0006882845287007889
61.95,0.00010580429113323272
62.0,0.0002589392276629092
62.050000000000004,-0.0002773217455165493
62.1,0.0002635191934206964
62.150000000000006,0.0010189359469264107
62.2,-0.00025354770402693643
62.25,-0.00043309952889459706
62.300000000000004,-0.0004113830017771708
62.35,-0.0007824419431598174
62.400000000000006,0.00013768718241973622
62.45,0.0005820202815953754
62.5,-8.84047667307029e-05
62.550000000000004,-0.0009465393002916668
62.6,-0.0011276044771390936
62.650000000000006,-0.0005098594656615045
62.7,0.0007412149206408873
62.75,0.0014746665316977766
62.800000000000004,0.0015702366959022827
62.85,0.0008510901144786763
62.900000000000006,-0.000703445532150944
62.95,-0.0014161583873379207
63.0,-0.0012278505451132125
63.050000000000004,-0.00030389313713280816
63.1,0.0009417572731634847
63.150000000000006,0.0018018821166042997
63.2,0.00028200541005636136
63.25,-0.0007582980638012002
63.300000000000004,-0.00029718356273719085
63.35,-0.0011681394527549927
63.400000000000006,-0.0007847258266215108
63.45,-6.00177154867214e-05
63.5,0.00039205529800427164
63.550000000000004,0.0013294012860678903
63.6,0.0009814761413839868
63.650000000000006,-0.00042081719415190916
63.7,5.1931969525382504e-05
63.75,0.0001864684965158759
63.800000000000004,-0.00044984879717240256
63.85,-0.00010813350749768285
63.900000000000006,-0.0009051324576711301
63.95,0.00014943556678710435
64.0,2.1891904338578585e-05
64.05,-0.00033077741705920264
64.10000000000001,0.00029977810611792397
64.15,-0.0007190956636455732
64.2,0.00029486813618270774
64.25,-0.0004566789381000685
64.3,-0.0001297395562115325
64.35000000000001,0.00155121506326491
64.4,0.0008997269931205944
64.45,0.0002457160777251961
64.5,-0.001095855217544468
64.55,-0.0010694404352354465
64.60000000000001,-0.00038099915572568466
64.65,0.00042567360657940465
64.7,0.0005465673071367621
64.75,0.00010115495089073506
64.8,0.0005207310040676845
64.85000000000001,-0.0008258209506136214
64.9,-0.0012275383351073406
64.95,-1.9589788956687553e-05
65.0,0.0005378045592292643
65.05,0.001350306083536312
65.10000000000001,0.0007070764850541876
65.15,-8.109436198901643e-05
65.2,0.000150021499987927
65.25,-0.0011239641314892256
65.3,-0.0013811401603531792
65.35000000000001,0.00030977757686724745
65.4,0.0004932366559019315
65.45,0.0009996326441421926
65.5,0.0010646525867490089
65.55,-0.00026814314834149906
65.60000000000001,-0.0004404534314024014
65.65,-0.0013533328630602741
65.7,-0.0002833961430329578
65.75,0.000782059793831509
65.8,-0.00027860478289733003
65.85000000000001,0.0005100870197501261
65.9,-4.623049877752201e-05
65.95,-7.951822146131789e-05
66.0,0.0003691924698497064
66.05,-0.00028743655774154405
66.10000000000001,0.00013347437198343447
66.15,-0.0006910476278736728
66.2,-0.0007160307080672763
66.25,0.00013786523742574368
66.3,0.0005313542159608406
66.35000000000001,0.0011236413125442208
66.4,0.0004077272475811488
66.45,-0.0004851376009179914
66.5,-2.559449674749544e-05
66.55,0.00014898453366899502
66.60000000000001,-0.000605459211637821
66.65,0.0005347007335338213
66.7,0.0006163556456289398
66.75,-0.0007811807816152098
66.8,-0.0005541848125052242
66.85000000000001,-0.0008418201016223117
66.9,-0.00012915074864151238
66.95,0.00032648947339215475
67.0,-0.0001197181174352959
67.05,0.0014346101014397691
67.10000000000001,0.0014151710977401619
67.15,-0.0009483821699097602
67.2,-0.0006934501556560927
67.25,0.00038852226386699144
67.3,-0.0003571972933877889
67.35000000000001,-0.00041223272195943777
67.4,-0.00025063351877177163
67.45,0.0003854995077547811
67.5,0.0005139244354800827
67.55,5.247657049235435e-05
67.60000000000001,0.00011187412099603136
67.65,-0.0009377176061164979
67.7,-0.0005646639482596398
67.75,-1.2201856896468737e-05
67.8,-0.00011515700566273114
67.85000000000001,0.0008220468505744449
67.9,9.219174061077904e-05
67.95,-0.0006259867164954155
68.0,-0.00024249644065165146
68.05,2.1834409177436892e-05
68.10000000000001,-9.384414467241309e-05
68.15,0.0004124588218566651
68.2,0.001624946576690178
68.25,0.0005365784960201085
68.3,-0.00034753349377886883
68.35000000000001,-0.0006041849216338453
68.4,-0.0008294602059433138
68.45,-0.0007178674806796418
68.5,-0.0009247345540473026
68.55,-3.652558643607689e-05
68.60000000000001,-0.00010842040501616036
68.65,0.001181718029290803
68.7,0.00154664805737994
68.75,0.0004823490333589456
68.8,6.564472094759638e-05
68.85000000000001,-0.0016579775983461588
68.9,-5.4037263013278e-05
68.95,0.0010491292182122614
69.0,0.0013000736574637017
69.05,0.0008064282883451055
69.10000000000001,-0.0017166790021773397
69.15,-0.0006599675291827526
69.2,-0.00011324108325496642
69.25,-0.0007797201303602939
69.3,-0.00108840199068507
69.35000000000001,-0.0011701178343019021
69.4,0.0003666791340025533
69.45,0.001050885547299112
69.5,0.0012742121654985617
69.55,0.0012483028847018376
69.60000000000001,0.00036502984745772217
69.65,-0.00022668275119940324
69.7,-0.000827888830242304
69.75,-0.00020515701740076632
69.8,0.000992495829645714
69.85000000000001,-0.00025281539942077877
69.9,-0.0011323104868647663
69.95,-0.00027642612566677703
70.0,-0.00018177368549949046
70.05,-0.00014385812792723667
70.10000000000001,0.00020564806359046051
70.15,0.0006491908703248977
70.2,0.00040199321427522637
70.25,-0.0005078276719699225
70.3,-0.00038404877361189216
70.35000000000001,-0.0004835838608335941
70.4,0.0003513769031798741
70.45,0.0012976617318134034
70.5,0.00045796310118697604
70.55,0.0004199231569633108
70.60000000000001,-0.00024384596538222392
70.65,-0.0010712813914942566
70.7,-0.001477114010008089
70.75,-0.001634682867520413
70.8,0.00022877499867125624
70.85000000000001,0.0006052260025301492
70.9,0.000561026156361837
70.95,0.001181992677721529
71.0,0.0002973633919855483
71.05,0.0008605709523212783
71.10000000000001,-5.961499953376094e-05
71.15,-0.001287541746981038
71.2,0.0003459262462311713
71.25,-9.219597663120842e-05
71.3,-0.0007221917089535959
71.35000000000001,-0.0002870240921544327
71.4,0.00017305849838292526
71.45,0.0002886182115064059
71.5,0.00023429581346727537
71.55,0.0010234783397558525
71.60000000000001,0.0003130098235961082
71.65,-0.0001309172641834838
71.7,0.00011231995540714788
71.75,-4.254798978005076e-05
71.8,0.00026980353986130875
71.85000000000001,-0.0008300242713160266
71.9,-0.0013274149856872617
71.95,-0.0002155562981583457
72.0,0.0008055997566038581
72.05,0.0011509227594452495
72.10000000000001,0.00011405831093570931
72.15,0.00017739863066914744
72.2,-0.0007221976139441733
72.25,-0.001539346733050121
72.3,0.00012453513393888554
72.35000000000001,0.0007162143878180568
72.4,0.001678319043238806
72.45,0.00011514700795062097
72.5,-0.0007800158909541319
72.55,-0.00015270946731424934
72.60000000000001,-0.0008531748897049636
72.65,0.0008053216072792401
72.7,-0.0009205320937650404
72.75,-0.0007571157620518973
72.8,0.0004239758737570377
72.85000000000001,-0.0010179844691850695
72.9,0.0006837966800718644
72.95,0.00034335997358432135
73.0,0.00016778030156579954
73.05,0.00017583075063435884
73.10000000000001,0.00010469479317354306
73.15,0.0012840919756397697
73.2,0.0005389014022482521
73.25,2.0309804335201675e-05
73.3,-0.0012444450335718216
73.35000000000001,-0.0013628625600465927
73.4,-0.00016469048456984743
73.45,-0.00019248238299721348
73.5,8.187804017093779e-05
73.55,0.0007424901464772896
73.60000000000001,0.0012254780825918488
73.65,-8.839011387670509e-05
73.7,-0.0010141810317428085
73.75,-0.0003003619283266604
73.8,1.8425191836784607e-05
73.85000000000001,0.0001806469812263126
73.9,0.0005437672984813109
73.95,0.001271081384311705
74.0,0.0008863190445055479
74.05,-7.940723741545381e-06
74.10000000000001,-0.0001778961554967169
74.15,-0.00157143174265272
74.2,-0.002449405824251247
74.25,-0.0011410445405330746
74.3,5.128390099401784e-05
74.35000000000001,0.0012351465085322724
74.4,0.0015294693753239526
74.45,0.0008890091320155748
74.5,0.0007558720089507096
74.55,-0.00013875901769316344
74.60000000000001,8.3011830620647e-05
74.65,-0.0002053962965546635
74.7,-0.00019382051236205937
74.75,0.000582932923842922
74.8,-0.0003394770081498452
74.85000000000001,2.163143512079191e-05
74.9,-0.0007344638367720199
74.95,-0.0007997821442711406
75.0,-0.00025796849779692057
75.05,0.0002610332384039784
75.10000000000001,0.0008643168774553582
75.15,0.00014602019769960876
75.2,0.00025507927245847577
75.25,-8.607534998333327e-05
75.3,0.0011853435070497216
75.35000000000001,0.0007919749394203466
75.4,-0.0010306567508716648
75.45,-0.00133405295186245
75.5,-0.000664712567992246
75.55,0.0007964406708254479
75.60000000000001,0.0010418900810849428
75.65,0.0006034275481516971
75.7,-0.0006246158646663465
75.75,-0.0008605095530735321
75.8,-0.0014995877644348847
75.85000000000001,-0.0013061649716287445
75.9,-0.00012716603351888825
75.95,0.0005665760553507423
76.0,0.0018599525407342614
76.05,0.0005567403955028272
76.10000000000001,-0.00027098359288465373
76.15,-8.628683811926257e-05
76.2,-0.0004900232385713328
76.25,-0.0002400819193057855
76.3,0.00018581771664815975
76.35000000000001,0.0002712172183501119
76.4,-4.1857571461396246e-05
76.45,0.0007121964627905994
76.5,-0.00019013276631809682
76.55,-0.0013682802470259424
76.60000000000001,-0.0003861465654836435
76.65,-0.00022322963506996713
76.7,-7.941794111507276e-05
76.75,-6.879442492403447e-05
76.80000000000001,0.00018257928485381405
76.85000000000001,0.0017288610429547215
76.9,0.0015742374992049305
76.95,0.0002411500627376038
77.0,-0.000689395048005138
77.05000000000001,-0.00040441721896519354
77.10000000000001,2.096923537435433e-05
77.15,-0.0015350383742299399
77.2,-0.001460138135744976
77.25,0.00018715825704692429
77.30000000000001,0.0011184635143447498
77.35000000000001,0.0012896969285855894
77.4,0.0006357263608019407
77.45,0.00014273645587450066
77.5,-5.297151604026088e-05
77.55000000000001,-0.0007129955132940799
77.60000000000001,-0.001281441236089458
77.65,-0.0005418419590740382
77.7,0.0001379409195388979
77.75,0.00046901014159964933
77.80000000000001,0.000693653524104422
77.85000000000001,0.0006010942585358748
77.9,0.0006560350076445094
77.95,0.000536000776476049
78.0,-0.0002297969003286819
78.05000000000001,-0.0011155488852092402
78.10000000000001,-0.0006863215194101803
78.15,-0.00019399933445703497
78.2,0.0007039635979770883
78.25,0.0010772389629440976
78.30000000000001,-0.00023950286144429627
78.35000000000001,-0.0005035377014032182
78.4,-0.0013884542884048702
78.45,-0.0014544807534179755
78.5,-0.0001869031106165604
78.55000000000001,0.0005535680125008576
78.60000000000001,0.0020458541368370622
78.65,0.0014335696051285163
78.7,0.0003636320739357865
78.75,-0.00011042209073843254
78.80000000000001,-0.0010915142864245098
78.85000000000001,-0.0008664447639017504
78.9,-0.0005439255558889253
78.95,0.00015704175022244484
79.0,0.0002988622570526391
79.05000000000001,0.00013494929847514308
79.10000000000001,8.258780881730085e-05
79.15,-0.000318537909704683
79.2,-0.0008527124954330904
79.25,-0.0013596763418083195
79.30000000000001,0.00010531997052444052
79.35000000000001,0.0010285982491134308
79.4,0.0015825603715192294
79.45,0.001431049556444474
79.5,-0.000204173738049794
79.55000000000001,-0.0007207853855575448
79.60000000000001,-0.001428729878770463
79.65,-0.0011160228255017223
79.7,0.00038070232849367016
79.75,-6.069663911857253e-05
79.80000000000001,0.0003142087581820322
79.85000000000001,0.0013025328448891848
79.9,0.0004152771003391819
79.95,0.0001378958178747819
80.0,-0.0002652194987453606
80.05000000000001,-0.00032897881461195375
80.10000000000001,-0.0006151547514281576
80.15,-0.000554643429569123
80.2,0.000992892855175563
80.25,0.00022783658128916
80.30000000000001,0.00017425270579208958
80.35000000000001,0.0008713295087964931
80.4,0.00026413552264365685
80.45,-1.654378141678144e-05
80.5,-0.0009369003605038668
80.55000000000001,-0.0006057371120535947
80.60000000000001,6.505242345102061e-05
80.65,-0.0008904261858735238
80.7,-0.000534176075165283
80.75,0.00023189935076348348
80.80000000000001,0.0005360871104206349
80.85000000000001,0.0010135035941330037
80.9,0.000426174831895424
80.95,-0.0003025534184375881
81.0,-0.0011177686323531387
81.05000000000001,-0.0002934180419199371
81.10000000000001,0.00021533680868434616
81.15,0.0002781391388176343
81.2,0.0011494945027014343
81.25,-5.405803310364067e-05
81.30000000000001,0.0007580809889795541
81.35000000000001,-0.00023514911805741124
81.4,-0.002175266748949609
81.45,-0.0012496066198046652
81.5,-0.0007349951653691674
81.55000000000001,0.000903246539115151
81.60000000000001,0.001496056118169891
81.65,0.0011216298685972406
81.7,0.00026384638187454667
81.75,-0.0002410182954875535
81.80000000000001,-0.0004373278283278698
81.85000000000001,-0.0008024274300494602
81.9,-0.0004894882634180113
81.95,-0.000496201482332484
82.0,0.0006248207513410185
82.05000000000001,0.0004503289973362435
82.10000000000001,-0.00010086913535733354
82.15,0.0004932380426675208
82.2,4.2675492355231015e-05
82.25,0.00037649735457479053
82.30000000000001,0.0003398988311354066
82.35000000000001,-0.00014450704448301055
82.4,0.0003569617606113764
82.45,-7.71681330189807e-06
82.5,-0.0001702793525151947
82.55000000000001,-0.00023889549065170027
82.60000000000001,-0.0008286819039596448
82.65,-0.0005256431375768462
82.7,-0.000322634479013255
82.75,0.00043371465264431124
82.80000000000001,0.0011593208905734563
82.85000000000001,0.0004779719602978074
82.9,-8.240890645653977e-05
82.95,0.00016327910791996315
83.0,-2.8867509017818154e-05
83.05000000000001,-0.0009563989782535408
83.10000000000001,-0.0006730632662086341
83.15,-0.00036160024937695117
83.2,0.00024759250502844364
83.25,0.0012307536132508082
83.30000000000001,0.0011435061837663596
83.35000000000001,0.00048058983166336937
83.4,-0.0009239650926292865
83.45,-0.001338520990194287
83.5,-0.0008949662841323901
83.55000000000001,-0.00019764683766915726
83.60000000000001,0.0007939870091683114
83.65,0.0011977089644966514
83.7,0.000307180795201513
83.75,-0.00036126293144617946
83.80000000000001,-0.0004928174650575321
83.85000000000001,-0.00036424297499127004
83.9,0.0007637476752230801
83.95,-0.0002954532615483629
84.0,-0.0002229738409064553
84.05000000000001,0.0006504317276855904
84.10000000000001,0.00023749577973422074
84.15,0.0011574723051434009
84.2,0.0003479481707690062
84.25,-0.0008471675392327112
84.30000000000001,-0.0017174863779444898
84.35000000000001,-0.002232870557979199
84.4,-0.0011654282084333605
84.45,0.0002419473682016463
84.5,0.0020961780551240023
84.55000000000001,0.0030795036941312997
84.60000000000001,0.0014800453862184465
84.65,-0.0003317336677927133
84.7,-0.0008825519825224293
84.75,-0.0010839736881562824
84.80000000000001,-0.000715068494661103
84.85000000000001,-0.0009730780110938753
84.9,-0.0005914719327354985
84.95,0.00026192352920862495
85.0,0.0008681583800020595
85.05000000000001,0.0013695636210129712
85.10000000000001,0.00025497567680532555
85.15,-0.00017584120459293874
85.2,-0.0004092728297875247
85.25,-0.000937078359687381
85.30000000000001,-0.0009341557342307087
85.35000000000001,-0.0005244007041507518
85.4,0.0011335956440226625
85.45,0.001293877857332121
85.5,0.00034677472466163267
85.55000000000001,-0.00022622255917281983
85.60000000000001,-0.0005652813419206185
85.65,-0.00032019995111812037
85.7,0.0002195421916780008
85.75,9.553263384144287e-05
85.80000000000001,-0.0009575866213285642
85.85000000000001,2.098360737286315e-05
85.9,0.0009417875501380517
85.95,0.00039476126249620054
86.0,0.00022042306824820158
86.05000000000001,-3.294054032485708e-05
86.10000000000001,-0.0005178575463818982
86.15,-0.0012294959781738077
86.2,-0.0006855209190936013
86.25,0.0002283111779010877
86.30000000000001,0.000633730535111743
86.35000000000001,0.0013566925360808074
86.4,0.0005312005309383019
86.45,-0.00035744688559301947
86.5,-0.0004236601138321369
86.55000000000001,-0.0005643785824173704
86.60000000000001,-0.00030924173627904183
86.65,-5.363693727584329e-05
86.7,0.0008075494561848451
86.75,0.001030607901970551
86.80000000000001,-0.0003819772980875295
86.85000000000001,-0.0008754185833121418
86.9,-0.0004933014022569736
86.95,-0.0016224603001306172
87.0,-2.440125811515185e-05
87.05000000000001,0.0014250001589716662
87.10000000000001,0.0015146976773264835
87.15,0.0012540189907024552
87.2,-0.0013097368225921575
87.25,-0.0006813973174186704
87.30000000000001,-0.0010045491762600244
87.35000000000001,-0.0006567391834072936
87.4,0.0005688685538890532
87.45,0.00027551772821219733
87.5,0.0013640946319616
87.55000000000001,0.00103586008871239
87.60000000000001,-0.00016755144270750956
87.65,-0.0017994148703667297
87.7,-0.000854611909837327
87.75,-0.00044177859640897
87.80000000000001,-0.00022229657126046797
87.85000000000001,0.0013874407433736992
87.9,0.0004314985843950106
87.95,0.0012101688571549256
88.0,0.000488368896258176
88.05000000000001,-0.0006117222547266031
88.10000000000001,-0.0008418936965134114
88.15,-0.001898474613027198
88.2,-0.0004180945388296742
88.25,0.00039548642984299
88.30000000000001,0.00064595082588365
88.35000000000001,0.001645025357431758
88.4,0.001645351010010024
88.45,-0.00010505695277466828
88.5,-0.0011357066103575737
88.55000000000001,-0.0018323506383006302
88.60000000000001,-0.001560942961329243
88.65,-0.0006893164302418568
88.7,0.0009975272510249836
88.75,0.002466054791564408
88.80000000000001,0.0007984304292127792
88.85000000000001,0.00038692974780908505
88.9,-0.00031286684296473417
88.95,-0.0013417247857421947
89.0,-0.001399911311231625
89.05000000000001,0.00013386820675846654
89.10000000000001,0.0011995267324248695
89.15,0.0006760061313302439
89.2,0.0006276276625341385
89.25,-0.0006509345077815927
89.30000000000001,-0.0006873946313230376
89.35000000000001,-0.0007980567807134166
89.4,-0.0005223729236509181
89.45,0.00018131502178976268
89.5,0.0004341652002165632
89.55000000000001,0.0008469602236536624
89.60000000000001,0.00020985114270058675
89.65,0.0006618274231817306
89.7,-0.0004446221709818331
89.75,-0.0005801862251369944
89.80000000000001,-1.2643422115426954e-05
89.85000000000001,-0.0012282612600692665
89.9,4.7032780503152356e-05
89.95,0.0006325607858037506
90.0,0.0012133817932282475
90.05000000000001,0.0010928657822464169
90.10000000000001,-0.0006601389471511571
90.15,-0.0011173959180795735
90.2,-0.0015219349540476588
90.25,-0.0011108541311766916
90.30000000000001,-0.00038067391202979695
90.35000000000001,0.0015200659260960652
90.4,0.0015828657390656081
90.45,0.000360830613042862
90.5,-0.0002597899336391003
90.55000000000001,-0.0008172025815747535
90.60000000000001,8.650910811585921e-05
90.65,0.00016196903125587718
90.7,0.0017527264861041817
90.75,0.0004982423071283489
90.80000000000001,-0.0006602158673783266
90.85000000000001,6.752773341039933e-05
90.9,-0.0017556930835896268
90.95,-0.0009227031349664039
91.0,-0.0001641759074120231
91.05000000000001,0.0005955891014118344
91.10000000000001,0.0010277462809814262
91.15,0.00015211551803546812
91.2,-0.0002762219306526347
91.25,-0.000684600581084934
91.30000000000001,0.00036226107942809643
91.35000000000001,0.0011187088839902041
91.4,0.0006833610831641143
91.45,6.308540895070607e-05
91.5,-0.000277092932115741
91.55000000000001,-0.0003676110515176214
91.60000000000001,-0.0005233032706633762
91.65,-0.0008407374741053946
91.7,-0.0010398339796047296
91.75,-5.344227670879208e-05
91.80000000000001,0.0006134299668818875
91.85000000000001,0.00014367249240301695
91.9,0.00017901855149493896
91.95,0.00010089663505573726
92.0,0.0004950605231619653
92.05000000000001,0.00021730168999480208
92.10000000000001,7.741866845631878e-06
92.15,0.0014803307149355552
92.2,0.00026860248138860275
92.25,-0.0010524700415134344
92.30000000000001,-0.0002816592971686174
92.35000000000001,-0.0003670146657597684
92.4,-0.0005064531725634612
92.45,-0.0005762873383222634
92.5,-3.267059960795873e-05
92.55000000000001,0.0006217975568914289
92.60000000000001,0.0007997974727657384
92.65,0.0003918105772257263
92.7,-0.0007279124120662081
92.75,-0.0005092560105668417
92.80000000000001,-0.00014512106584617935
92.85000000000001,-0.0008251584515309754
92.9,-0.0007042793285683245
92.95,0.0004901065298026538
93.0,0.0013871370374856095
93.05000000000001,0.001698635206315675
93.10000000000001,0.0004956995388467807
93.15,-0.0008453079706964822
93.2,-0.000574034399376831
93.25,-0.0006508770385073348
93.30000000000001,-0.000518796572691418
93.35000000000001,-0.00032725119927538046
93.4,0.00019561014199938171
93.45,0.0008082664666226369
93.5,-0.00015622550787227856
93.55000000000001,-0.00036984072318268076
93.60000000000001,-0.00021651363279262393
93.65,-0.00018565484552184473
93.7,0.001032528962564686
93.75,0.0008123259705528715
93.80000000000001,3.691498651413969e-05
93.85000000000001,-0.000130324060729815
93.9,-0.0007655210021034236
93.95,-0.0004925855423930279
94.0,-0.00022407343078977176
94.05000000000001,-5.851911646641129e-06
94.10000000000001,0.0006217473485538209
94.15,0.00044801667967278363
94.2,-0.0007047798888769713
94.25,-0.0006589230894710577
94.30000000000001,4.184386439584933e-05
94.35000000000001,-0.0001153253740144086
94.4,0.0005223286383533891
94.45,0.0007347654353007489
94.5,-5.1537352977821374e-05
94.55000000000001,3.3108600905629355e-05
94.60000000000001,0.0002151568582986277
94.65,-0.0004838355405364553
94.7,-0.0002244791513826271
94.75,2.3324989845835237e-05
94.80000000000001,0.000478295254961515
94.85000000000001,0.00015296160086068446
94.9,-6.110543820563117e-05
94.95,0.0007685918103797974
95.0,-0.00026319198222401346
95.05000000000001,-0.00029294977358714413
95.10000000000001,-0.0010544514031897419
95.15,-0.0010776887763264565
95.2,0.00015655169414802427
95.25,0.000552954271239968
95.30000000000001,0.0016540156097517805
95.35000000000001,0.0007963536703125424
95.4,0.0005198974199976112
95.45,-0.00021526981869218536
95.5,-0.0008562865428573377
95.55000000000001,-0.0004791504412495501
95.60000000000001,-0.0005745746517301835
95.65,9.749104940936658e-05
95.7,-0.0008822775506926049
95.75,-0.00030277493828349464
95.80000000000001,0.0003038895486722011
95.85000000000001,0.0004969846181177394
95.9,0.0010252323615234636
95.95,0.0003421944919911131
96.0,0.0004396643963449717
96.05000000000001,-0.0004095971661568933
96.10000000000001,-0.0003381641352424837
96.15,-0.00040471228869763193
96.2,-0.0008828565062792907
96.25,-0.00014988913655108788
96.30000000000001,0.0006716597436406246
96.35000000000001,0.0006439434890590373
96.4,-0.0001383258002776108
96.45,0.000494111144828611
96.5,-0.00029745561734507937
96.55000000000001,-0.0007040186921285186
96.60000000000001,0.00022662467834421083
96.65,-0.0003324835363877752
96.7,-0.0005266940325661907
96.75,8.020968230371861e-05
96.80000000000001,0.0010440056766018023
96.85000000000001,0.0009349548184611281
96.9,-0.00021549123130350627
96.95,-0.000746935521500678
97.0,-0.0005305818527174941
97.05000000000001,-0.0007702767995194235
97.10000000000001,-1.0673419425192718e-05
97.15,0.0004305677999585011
97.2,-2.60775168578814e-05
97.25,0.0005520110815422954
97.30000000000001,-0.00017254822439177536
97.35000000000001,-0.0001517612082443343
97.4,0.0005169435841760162
97.45,0.00023379803265728854
97.5,0.00019797476255192627
97.55000000000001,0.0001915543113621451
97.60000000000001,-0.0010559790102703875
97.65,-0.0015794392552742546
97.7,0.00020344486907595413
97.75,0.0017538343679038319
97.80000000000001,0.0015021043750522425
97.85000000000001,-0.0008141032618006665
97.9,-0.0009881323266321454
97.95,-0.0006275962726001519
98.0,-0.0004692231475995278
98.05000000000001,0.0007618817465771125
98.10000000000001,7.897667417208721e-05
98.15,0.00022904121801937307
98.2,0.00048388674671502856
98.25,0.00019184038267344193
98.30000000000001,-0.00013933425650779267
98.35000000000001,4.528089054923961e-05
98.4,0.00016093122998944444
98.45,-0.0008283940131380164
98.5,-0.000615446797218626
98.55000000000001,-0.0001818174136811794
98.60000000000001,4.1757638139144717e-05
98.65,0.0002448000547851167
98.7,0.0006832023614296378
98.75,0.00012639869442319782
98.80000000000001,-0.000347069285832356
98.85000000000001,-7.047409863407542e-05
98.9,-0.0005487539386368657
98.95,-7.112812386390394e-05
99.0,0.0003337994425189765
99.05000000000001,0.00036385703403642503
99.10000000000001,0.0005553574159718507
99.15,0.00013415776014783566
99.2,-0.000706731248430312
99.25,-0.00020217648229508599
99.30000000000001,-0.00022125203920709508
99.35000000000001,-0.0004025100346241504
99.4,0.0011237923677162001
99.45,0.0003462387780246414
99.5,-0.0005876470693834929
99.55000000000001,-0.0012052298895508626
99.60000000000001,-0.0008015821520025551
99.65,0.0010719998864267132
99.7,0.0009763665861839952
99.75,0.0010846152232493332
99.80000000000001,0.00016120597968059025
99.85000000000001,-0.00047669542101764237
99.9,0.00019379038799152834
99.95,-0.0005171203232883937
100.0,-0.00022420744906386265
100.05000000000001,0.0002734138001917073
100.10000000000001,-0.0006522063884665919
100.15,-7.500204284380715e-05
100.2,0.0005793052579022509
100.25,-0.00026879005080188324
100.30000000000001,0.0006231011867640212
100.35000000000001,0.0008552352271580411
100.4,-0.00031098432992788166
100.45,-0.0005254839696152935
100.5,-0.0005557842812293304
100.55000000000001,-0.0005278155217198248
100.60000000000001,-0.00020897429226760528
100.65,0.0007159281944345469
100.7,0.0003002309938070229
100.75,-7.137337184768778e-05
100.80000000000001,-4.397174947010449e-05
100.85000000000001,-0.0003392506886166678
100.9,-0.0003063443802906108
100.95,-0.000249625768699361
101.0,0.0005559048192774677
101.05000000000001,0.0003690422484284757
101.10000000000001,0.0004771243705439292
101.15,4.023791240732495e-05
101.2,-0.0009092191344023626
101.25,-0.0009102469141863997
101.30000000000001,-0.0006891622572086419
101.35000000000001,0.00045167150786268285
101.4,0.0005941790050224962
101.45,0.0005842829853114719
101.5,0.00017781845352616912
101.55000000000001,-1.5528964360620023e-05
101.60000000000001,0.0005360716306002958
101.65,-0.0007672893368186194
101.7,-0.0006461003821019201
101.75,-9.742753929466658e-05
101.80000000000001,-0.0005401337328682597
101.85000000000001,0.00028419873866235783
101.9,0.00016745870563439637
101.95,0.0006201094082918856
102.0,0.0011562952342534397
102.05000000000001,-6.876870034158212e-05
102.10000000000001,-0.0007615034590659894
102.15,-0.0011305376473005285
102.2,-7.755407476410847e-05
102.25,0.0007135703672885845
102.30000000000001,0.00036614628149794347
102.35000000000001,0.0011699025575034716
102.4,0.00011023339387204239
102.45,-0.0011965984300330687
102.5,-0.0008723032725036382
102.55000000000001,-0.00046419264879390146
102.60000000000001,0.0008091891007081188
102.65,0.001255118016926377
102.7,0.00020574637589949293
102.75,-0.00022974417179435496
102.80000000000001,3.9900094762675545e-05
102.85000000000001,-0.0003836219769770743
102.9,-0.0005669060210118875
102.95,3.1905783555785044e-06
103.0,-0.0002542249991709709
103.05000000000001,-0.00042942655711453273
103.10000000000001,0.0005889286468938653
103.15,0.0011224800315163142
103.2,0.00039768007056457613
103.25,0.00010147724590792994
103.30000000000001,-0.00014955252449158572
103.35000000000001,-0.0009493239804646357
103.4,-0.0007909205275284513
103.45,-1.853295395201694e-05
103.5,0.001036745668359825
103.55000000000001,0.001017358120201881
103.60000000000001,-0.0001196449722755204
103.65,-0.0006873340698167783
103.7,-0.0011295791801739855
103.75,-1.8670243734389167e-05
103.80000000000001,0.0007313317114662273
103.85000000000001,0.00028819759980540594
103.9,0.0010377218413617475
103.95,-0.0003611635346092968
104.0,-0.0006634977274443514
104.05000000000001,0.0002448430319791149
104.10000000000001,-0.00035372824599734905
104.15,-0.00014982529535186397
104.2,-0.000615822721663568
104.25,0.000259823780244657
104.30000000000001,-0.0004415637945253516
104.35000000000001,-0.0006644606684044776
104.4,0.0017430831711329395
104.45,0.0010871223633868127
104.5,-0.00020993664647816213
104.55000000000001,-0.0004368376907037518
104.60000000000001,-0.0003085395904176894
104.65,-0.0007243372234050762
104.7,-0.0004002810238800633
104.75,0.0012104802811485074
104.80000000000001,0.0006490679229917755
104.85000000000001,-0.0004146740949941337
104.9,-0.00013663153629237145
104.95,-0.0008173090358084207
105.0,-0.0007834828155646594
105.05000000000001,0.00014935401989203667
105.10000000000001,0.00020981839654596134
105.15,0.0003959068056888901
105.2,6.501288794396875e-05
105.25,-0.0006056401116428648
105.30000000000001,-0.0002304562323163742
105.35000000000001,0.00035555664540565636
105.4,0.00026927876314271956
105.45,0.0007092737129507224
105.5,0.0006904053445004047
105.55000000000001,0.00047128971464077603
105.60000000000001,-7.763401446826148e-05
105.65,-0.000952500767919392
105.7,-0.0003561811114636429
105.75,-0.0007372918830366537
105.80000000000001,-0.001184114240135084
105.85000000000001,-0.0008170504578450535
105.9,0.0005761395366816143
105.95,0.0017160850210381179
106.0,0.0007930457057334657
106.05000000000001,0.0005364538472790532
106.10000000000001,-4.375920528841529e-06
106.15,-0.00015877892239996353
106.2,0.0005011075798307492
106.25,-0.0003539519390480707
106.30000000000001,-0.001218636323427051
106.35000000000001,-0.0010523113068032874
106.4,-0.0002509820357630645
106.45,0.000356346602572817
106.5,-0.0006996115447006447
106.55000000000001,-0.0002664303319735018
106.60000000000001,0.0015951624994036825
106.65,0.0005420375265012653
106.7,4.89796796140671e-07
106.75,0.0007778687454237133
106.80000000000001,0.00016526169380055473
106.85000000000001,-0.00026687835062624886
106.9,-0.0009383179259976555
106.95,-0.0010353320857089817
107.0,-0.0004395399074321205
107.05000000000001,0.0004542974509848176
107.10000000000001,0.00098057081733973
107.15,-1.0900073696545085e-05
107.2,0.0006558157222312683
107.25,0.00036760197332820623
107.30000000000001,-0.0006334099687973475
107.35000000000001,7.12689162860661e-05
107.4,-0.0004104390506387468
107.45,-0.0002570708443464476
107.5,0.00020764563846321804
107.55000000000001,8.346252372858125e-05
107.60000000000001,-0.00032829565850409147
107.65,-0.0005537684180107475
107.7,0.0007138934014306208
107.75,0.0007091861930968907
107.80000000000001,-0.00023146824641526195
107.85000000000001,0.0001422491909886764
107.9,0.0009418713553387616
107.95,-0.00010796140998973124
108.0,-0.0005441842987944206
108.05000000000001,-7.539572118126226e-05
108.10000000000001,-0.0008067452483180187
108.15,-0.0004479807328544006
108.2,-0.000664113865668049
108.25,0.00016292093460984697
108.30000000000001,0.00041390864887706004
108.35000000000001,-0.0007533385801937333
108.4,0.0005637891547921469
108.45,0.0011755149705215938
108.5,0.0008375348924766237
108.55000000000001,4.782802486715606e-05
108.60000000000001,-0.00037481779576139005
108.65,-0.00011189026617742576
108.7,-0.0005458670416660442
108.75,-0.0005410015793746503
108.80000000000001,-0.00031569368989666364
108.85000000000001,0.00023497672153420106
108.9,0.0005242539545582698
108.95,0.00034190656516596557
109.0,-6.45424559736224e-05
109.05000000000001,0.0002742801773981747
109.10000000000001,0.001268786798036808
109.15,-0.0002748804129507182
109.2,-0.001059609882427009
109.25,-6.361430266741612e-05
109.30000000000001,-0.0003799448075334806
109.35000000000001,-0.0005543935356207839
109.4,-4.294456200420256e-05
109.45,0.00034702480053785495
109.5,-0.00012076625542137726
109.55000000000001,-0.0006082843776587273
109.60000000000001,-0.0006772425749570676
109.65,0.00020990169530226582
109.7,0.001424537835178824
109.75,8.443884492932473e-05
109.80000000000001,-0.000958607676576132
109.85000000000001,-0.0003478778571083218
109.9,3.4690193361398373e-05
109.95,0.0005877175865881786
110.0,0.0008714509112732886
110.05000000000001,0.00046794624798822876
110.10000000000001,-0.0006153649077511958
110.15,-0.0005847759388330016
110.2,-0.00012702484512825017
110.25,-0.00011165262776596827
110.30000000000001,-0.00017981049945886543
110.35000000000001,-0.00014159418122468168
110.4,0.0009006208978577161
110.45,0.0007022786625664269
110.5,-0.000420412016423313
110.55000000000001,-0.0010947028671638758
110.60000000000001,-0.00014006062479828514
110.65,0.0011292834513135707
110.7,0.00020965118951166958
110.75,-0.0006559981654703063
110.80000000000001,-0.0005432549499757524
110.85000000000001,0.0008663924875484408
110.9,0.0010964768062586157
110.95,-2.8844053076221224e-05
111.0,0.00031179734435695603
111.05000000000001,-0.0005193809274718265
111.10000000000001,-0.0008926376784035444
111.15,-0.00024744302088919713
111.2,-0.00015150321964203472
111.25,0.000935851587090926
111.30000000000001,0.001071524499809592
111.35000000000001,0.0006846981154375302
111.4,-0.0003107423437664222
111.45,-0.0013335473988656135
111.5,-0.0005758589938225239
111.55000000000001,-0.00016980095324604927
111.60000000000001,0.000445982025944979
111.65,0.0005260638429833313
111.7,-0.0007084698980361401
111.75,-0.000656222719115931
111.80000000000001,0.0005720878339213895
111.85000000000001,0.0003823000114022809
111.9,-0.0003882064747196563
111.95,6.908387245345352e-05
112.0,-0.0005563549332711976
112.05000000000001,9.43617535294031e-05
112.10000000000001,0.00048375704243619396
112.15,-0.000442337706390012
112.2,0.0005368342409393831
112.25,0.00036670222636100443
112.30000000000001,0.0005905858698356864
112.35000000000001,3.624480378310455e-05
112.4,-0.0010036012164064366
112.45,-0.00013363629348329026
112.5,-7.32564160096117e-05
112.55000000000001,-0.00018335239663227234
112.60000000000001,-0.0001558973954513141
112.65,0.00013038528197418717
112.7,0.0002494623349616937
112.75,-0.0002925836780148104
112.80000000000001,0.00024285596894354174
112.85000000000001,0.0005228891548488452
112.9,0.00013786833126040079
112.95,0.00018282741018241363
113.0,-0.00026762772951789026
113.05000000000001,-0.00022791126763242753
113.10000000000001,-0.0005282345831661405
113.15,-0.0005820444351139466
113.2,-9.56231461682509e-05
113.25,0.00037902273245587364
113.30000000000001,0.0006174154868448642
113.35000000000001,9.039184747226222e-05
113.4,-6.793360633958801e-05
113.45,-0.0003980431192818598
113.5,0.00019747761284627662
113.55000000000001,0.0005484000755854563
113.60000000000001,-0.00042544672693744183
113.65,-0.0009772924203419189
113.7,-0.00043029633925719193
113.75,0.0005490747120998524
113.80000000000001,0.0010846727435644037
113.85000000000001,0.0008542089924729445
113.9,-0.00022132635969104487
113.95,-0.0009102428128655721
114.0,-0.000637218790246017
114.05000000000001,0.00031297040400659904
114.10000000000001,0.0007873491709868524
114.15,0.00017278574960548923
114.2,0.00025892564194959685
114.25,0.0003905578257207537
114.30000000000001,-0.0003769188400740012
114.35000000000001,-0.00040466308337452304
114.4,-0.00011405592441377233
114.45,4.055585798897427e-05
114.5,-0.0004240423964289362
114.55000000000001,-0.00042466029333007257
114.60000000000001,0.000800862446671755
114.65,0.0011050409869451509
114.7,0.00010855858391076518
114.75,-0.0002768975132332882
114.80000000000001,-0.00041959793349718473
114.85000000000001,-0.0015560209468364712
114.9,-0.0010485597098144808
114.95,7.199629245512873e-06
115.0,0.00012992168374296984
115.05000000000001,0.001216225991057163
115.10000000000001,0.0012248049647233768
115.15,-0.0006875781139227242
115.2,-0.0015660966441338412
115.25,-2.3832714219375975e-05
115.30000000000001,0.001096603408982367
115.35000000000001,0.00036341334086996267
115.4,0.0007609944661808141
115.45,0.00021850451418874915
115.5,-0.0008764536424238363
115.55000000000001,-0.00031067808269919476
115.60000000000001,-0.0008504112363210395
115.65,-0.00013289602990969294
115.7,0.0010933368001055596
115.75,0.00017359314906759035
115.80000000000001,-0.0004238526192914884
115.85000000000001,-0.0001984518604889848
115.9,1.7626511468035426e-06
115.95,-0.00034554572265157514
116.0,0.0005243892094947384
116.05000000000001,0.0012427264874800789
116.10000000000001,0.00021558249104779704
116.15,-0.00036661484887134206
116.2,-0.0013434037944714777
116.25,-0.0004722472029902431
116.30000000000001,0.0002448778279606421
116.35000000000001,-3.9418666455487105e-05
116.4,0.0006739859540367143
116.45,6.541367222276537e-05
116.5,-0.0001194455373812408
116.55000000000001,-0.00027119795891018865
116.60000000000001,0.0003093493804937461
116.65,-3.4913540999660065e-05
116.7,-0.0004498843134230694
116.75,0.000898280645370466
116.80000000000001,0.0002837715212182582
116.85000000000001,-0.000138570544811011
116.9,0.0002495702832751136
116.95,0.0007914448634553907
117.0,0.0006801311189404301
117.05000000000001,-0.0006310275231192355
117.10000000000001,-0.0009473317112666893
117.15,-0.0012645202491743054
117.2,-0.00026719207882964515
117.25,0.0005693217447579199
117.30000000000001,-0.0006552090211903208
117.35000000000001,0.0003708321490845673
117.4,0.000457498545317772
117.45,-0.0002279926462651256
117.5,0.0002958492706392856
117.55000000000001,0.00021141576052004292
117.60000000000001,0.0005323793785656454
117.65,0.00023507680068347452
117.7,0.0001157458283341187
117.75,-0.0007388447475545335
117.80000000000001,-0.0006829299257245383
117.85000000000001,0.0006106224906789669
117.9,-8.850154543174808e-05
117.95,-0.0006848834765740148
118.0,0.00011865427036108137
118.05000000000001,0.0003152967134189705
118.10000000000001,-0.0004645823735146011
118.15,-0.0005472272010835531
118.2,-0.00015693996131026293
118.25,0.000555111698321497
118.30000000000001,0.00045282913549487083
118.35000000000001,0.00011591262885288772
118.4,0.0005467712689136068
118.45,6.491066485641695e-06
118.5,-0.00015589399713956262
118.55000000000001,0.0003302707436988189
118.60000000000001,0.00032745204328063254
118.65,-0.0003867071865895137
118.7,-0.0008615744439125432
118.75,-0.000666472298763003
118.80000000000001,-0.0009646289445440568
118.85000000000001,-0.000236637375211968
118.9,0.0011396682863144274
118.95,0.0008743750388283346
119.0,0.0007678389137603541
119.05000000000001,0.0008099835453635368
119.10000000000001,0.00048640824996869323
119.15,0.0006147211846112198
119.2,-0.0004118652860469752
119.25,-0.0008415569775248807
119.30000000000001,-0.001043519116179746
119.35000000000001,-0.0009770012327683045
119.4,0.00019341630056494012
119.45,-0.00014159015231488727
119.5,0.00021301102973460409
119.55000000000001,0.0009485606332747762
119.60000000000001,0.0005021242016497396
119.65,0.00011418349434792036
119.7,-6.864274596460249e-05
119.75,-4.279074588805973e-05
119.80000000000001,0.00047764114677919123
119.85000000000001,0.0012864886224557182
119.9,5.3925954487035867e-05
119.95,-0.001082280373604413
120.0,-0.0008765563031913371
120.05000000000001,-0.0012952534850474507
120.10000000000001,-0.0010174785127417825
120.15,-3.397198408989635e-05
120.2,0.0009904890378323087
120.25,0.0012053339396253424
120.30000000000001,0.0005604597812465349
120.35000000000001,7.880490239339152e-05
120.4,-0.0006149775576989826
120.45,-0.0010906035275116595
120.5,-0.0011063785738177553
120.55000000000001,-0.0010235797749414827
120.60000000000001,0.0007684653747127892
120.65,0.0020259313409647884
120.7,0.001034009258776436
120.75,0.0004933842694484506
120.80000000000001,0.0001103265551459712
120.85000000000001,-0.0010230021310703
120.9,-0.0011749786263140314
120.95,-0.0002571671186752254
121.0,0.000339086507864215
121.05000000000001,0.0007570127258785724
121.10000000000001,-0.0003095192485443837
121.15,-0.0001631941992772129
121.2,0.00023710673543969035
121.25,-0.0006474363192890837
121.30000000000001,-9.645704960987274e-05
121.35000000000001,0.0003137907605572418
121.4,0.0009288821938560277
121.45,0.0003804612298737176
121.5,2.9444037332627005e-05
121.55000000000001,-0.00017244687382496026
121.60000000000001,-0.0006064078667523553
121.65,-0.00011968766756858633
121.7,-0.0008926241518540343
121.75,-0.0010527624329299753
121.80000000000001,0.0005040275658168358
121.85000000000001,0.001634317745989139
121.9,0.0002679420338182038
121.95,3.9964404905903544e-05
122.0,0.0002353271323026589
122.05000000000001,-0.0007167139611003897
122.10000000000001,-0.00036802165406974125
122.15,-0.0002764740842301046
122.2,0.000485659376218237
122.25,0.0007965160380308282
122.30000000000001,0.00023445482179982664
122.35000000000001,-0.0003592122045141416
122.4,-0.001000633358984537
122.45,-0.0003178009681085353
122.5,8.568733723785088e-05
122.55000000000001,-5.601790763371645e-05
122.60000000000001,0.0007209339717149394
122.65,0.0009717675677300559
122.7,0.0005689163655652723
122.75,3.2443953726370185e-05
122.80000000000001,-0.0009188301164192172
122.85000000000001,-0.0010017750961267286
122.9,-0.0004870201970978657
122.95,0.0003203508313139676
123.0,0.0008150624222898953
123.05000000000001,0.0009187666515250933
123.10000000000001,0.0005884373067450847
123.15,-0.000219478968672981
123.2,-0.0007577283143401066
123.25,-0.0010392013722326846
123.30000000000001,-0.0007872951333447218
123.35000000000001,-0.00032126194804905125
123.4,0.0005265554677562622
123.45,0.0001684409815452683
123.5,-0.00011673044311030156
123.55000000000001,0.0005340218954059888
123.60000000000001,0.00024099255458186593
123.65,0.0005296153659524764
123.7,0.00023144019442086433
123.75,-0.00020464114995512761
123.80000000000001,0.0005230919118752774
123.85000000000001,-6.116698401108173e-05
123.9,-0.0010355114071404427
123.95,-0.0009580010002501964
124.0,-0.000670933490672976
124.05000000000001,-0.00012112751896213174
124.10000000000001,0.0003292498707261574
124.15,8.743468033940136e-05
124.2,0.00046283950837536057
124.25,0.0008917527332863942
124.30000000000001,0.00029923870692660234
124.35000000000001,0.00035176552381256063
124.4,-0.0003968138322566874
124.45,-0.0006724628845725465
124.5,0.00019078316127453768
124.55000000000001,-0.000830003619371028
124.60000000000001,-0.00042654338324154027
124.65,0.00028657702656127677
124.7,-0.0003525372988422327
124.75,0.0006841746497151508
124.80000000000001,0.000814509424869957
124.85000000000001,0.00017982965156815937
124.9,8.369990144799992e-05
124.95,-0.0003405044193647181
125.0,0.00023226336452308668
125.05000000000001,0.0005962701784907576
125.10000000000001,-4.961564488552123e-05
125.15,-0.0001543631918250418
125.2,-0.0001235044297959951
125.25,-0.0004236293602181284
125.30000000000001,-0.0006856435374420066
125.35000000000001,-0.0008040689906402144
125.4,-5.8906624762945197e-05
125.45,0.0008538150907061186
125.5,0.0008708544553029875
125.55000000000001,0.0004028819351767828
125.60000000000001,-5.364071409298084e-05
125.65,-0.00017448729093999212
125.7,-0.0005840045133931949
125.75,-0.0005791120945824308
125.80000000000001,0.0003933445499546323
125.85000000000001,2.0662734897140974e-06
125.9,-4.7525978579541276e-05
125.95,0.0011899446028777957
126.0,0.0003130305852342542
126.05000000000001,-0.0007557012545275063
126.10000000000001,-0.0010747446321480523
126.15,-0.000861678304067836
126.2,0.00039913651322830444
126.25,0.0004260048763952528
126.30000000000001,0.000617944237104525
126.35000000000001,0.0007691676611041585
126.4,0.0006457961487060387
126.45,0.0007253132410466534
126.5,-0.0011068681243653303
126.55000000000001,-0.0010667569206803881
126.60000000000001,-0.0005510973271006868
126.65,-0.0004993835868893312
126.7,0.0005917067134509185
126.75,0.00010499090297671518
126.80000000000001,0.0005516562885766833
126.85000000000001,-0.00015365254945507055
126.9,-0.0005579875475555904
126.95,-0.00023073256953004383
127.0,-0.00010364691419024402
127.05000000000001,0.0009361008681701722
127.10000000000001,0.0003011595883558928
127.15,0.0003303783421984609
127.2,0.00027696773262030614
127.25,-0.0006609079901794159
127.30000000000001,-0.0009046968237646999
127.35000000000001,0.00024152112873293175
127.4,0.00041720827393299306
127.45,0.00040545064638796265
127.5,0.000786171040366344
127.55000000000001,-0.0003400248858569891
127.60000000000001,-0.00045683147466632853
127.65,-0.0010698546269677777
127.7,-0.001030494510342077
127.75,0.0004263622526013429
127.80000000000001,0.0009933360234099789
127.85000000000001,0.0010364696207255328
127.9,0.0004149177314327376
127.95,-0.00012345819901652874
128.0,-9.485375688224478e-05
128.05,-0.000167101245474475
128.1,-0.0005914484833517206
128.15,-0.0006979781180892472
128.20000000000002,-0.0001061597370714691
128.25,0.00012509932554910576
128.3,0.0005666834911280341
128.35,0.0009642962065348193
128.4,0.00018240040014212466
128.45000000000002,-0.0006170305627446541
128.5,-0.0009995522077942158
128.55,0.00018485200741059804
128.6,0.00023037092706056775
128.65,-0.0003941069468706281
128.70000000000002,0.0005799950570507784
128.75,0.0007151865838160265
128.8,0.0004026097542416663
128.85,-0.00024002032003079407
128.9,-0.0004997939718503278
128.95000000000002,-0.0011037716026937518
129.0,-0.0008507822631080469
129.05,0.0006330235183979995
129.1,0.0008703051821274381
129.15,0.00023451788747748257
129.20000000000002,-0.0006095234027844735
129.25,-0.00032127244968839307
129.3,0.00022942626995389991
129.35,0.0005444104090585009
129.4,0.00032919006961718694
129.45000000000002,-0.0003227709253727658
129.5,5.3098660840448294e-05
129.55,-0.00010890482830233621
129.6,-0.00012256521424511692
129.65,0.000701453318499958
129.70000000000002,6.244178782354633e-05
129.75,-0.0004583254957795685
129.8,0.0001272532646849929
129.85,-2.1200736964547027e-06
129.9,-0.0007260309948866213
129.95000000000002,-0.0005481434461392039
130.0,0.0005095183799348804
130.05,0.0005753862435299259
130.1,0.00041827063074975667
130.15,-0.0001203376207720632
130.20000000000002,-0.0008953906562247858
130.25,-0.00040571647839009466
130.3,0.0006165749494076382
130.35,0.0012432784466373647
130.4,0.0001698707860290286
130.45000000000002,-0.0003394317756151496
130.5,-0.00042737517791974536
130.55,-0.00037470931286878126
130.6,0.00035403668763724517
130.65,-4.839864785271819e-05
130.70000000000002,-0.00032541046086939364
130.75,-0.00024677640112931464
130.8,0.0005357410798520313
130.85,0.0005997617485623506
130.9,-0.0002144663590444553
130.95000000000002,-0.0002541396947163893
131.0,-0.00034695671780824003
131.05,-0.00034620066803681403
131.1,-0.0011247098216069665
131.15,-0.0010158197705374184
131.20000000000002,0.001064781280334947
131.25,0.0008728990118460147
131.3,1.4603786754544362e-05
131.35,6.893492896916967e-05
131.4,-0.00023069914145810468
131.45000000000002,0.0004888140029154595
131.5,0.0003967545917406672
131.55,0.00039968622076580517
131.6,0.000331433844051496
131.65,0.0004728648217129554
131.70000000000002,-0.0013253765488968538
131.75,-0.0017033008021322556
131.8,0.0006626909669124219
131.85,-0.0002976616685768304
131.9,0.0004407860684361786
131.95000000000002,5.075223379260283e-05
132.0,0.0009424897382184265
132.05,0.0006602979235607146
132.1,-0.0011526396032015501
132.15,1.4696279316666247e-05
132.20000000000002,-0.0007232431144603604
132.25,0.0018999375715183146
132.3,0.0013683459157766325
132.35,-0.00047471135165048163
132.4,-0.0005144839492393003
132.45000000000002,-0.0018063381982933377
132.5,-0.0004220273312911182
132.55,-0.0009960799025442156
132.6,0.00017977724979642372
132.65,0.0015117110360949408
132.70000000000002,-6.77267365467294e-05
132.75,5.020159534849491e-06
132.8,0.00013209530821222824
132.85,0.0007766522925501975
132.9,-1.5300581484600846e-05
132.95000000000002,-0.00036113739418691703
133.0,0.0005655136580985992
133.05,-0.00042832796284672926
133.1,1.3280387662382524e-06
133.15,-0.0003905018421235163
133.20000000000002,-0.0006561467942153737
133.25,8.417609718627452e-05
133.3,-0.0010127030405297965
133.35,0.00036352953829486145
133.4,0.0007680748089515966
133.45000000000002,2.065446013069615e-05
133.5,0.0004893466573245684
133.55,-0.00023255762159856517
133.6,0.00013587280771966206
133.65,-3.126162725664418e-05
133.70000000000002,-0.00029091578961391135
133.75,-7.8895852517025e-05
133.8,-8.012717192741949e-05
133.85,0.0012741873952512093
133.9,0.0010324779943921177
133.95000000000002,-0.0010277166766526256
134.0,-0.0011527635006630514
134.05,-0.0008042603686681835
134.1,-0.00027646662565852695
134.15,5.942679902150589e-05
134.20000000000002,0.0007084772294663406
134.25,0.001736332000269852
134.3,0.0004635494276802197
134.35,-0.00021082996429700062
134.4,-0.00024315078189006916
134.45000000000002,0.0002341616758064388
134.5,-0.0006967519753190073
134.55,-0.0014200428207989586
134.6,0.00013235496716843242
134.65,-0.00012176113188300605
134.70000000000002,-0.0001146298751845167
134.75,-8.561123098321535e-05
134.8,0.0001424267098096946
134.85,0.000523805150207353
134.9,-0.0006432003390153184
134.95000000000002,-0.0005234051428363105
135.0,0.00033130588561348175
135.05,0.0006176061570974928
135.1,0.000399936430885394
135.15,0.000758813972672253
135.20000000000002,0.0010618535963216797
135.25,-7.05004440336509e-05
135.3,-0.0010659188909386606
135.35,-0.0017003075498233618
135.4,-0.0007872638951032862
135.45000000000002,0.00041700706909844946
135.5,0.000611991719769595
135.55,0.00046075173425905223
135.6,-8.559790624949992e-05
135.65,0.00011871594006508063
135.70000000000002,0.0006407251109255164
135.75,0.0005234050055049877
135.8,-1.1366805315491451e-05
135.85,0.00029796066273961286
135.9,-0.0005214659732459985
135.95000000000002,-0.00027979525499998586
136.0,0.0008820944633661149
136.05,-0.0004681297094147871
136.1,0.0004272728201195569
136.15,0.0004039417465302344
136.20000000000002,-0.0006157135786858685
136.25,-0.0009132696867282933
136.3,-0.001027355995069106
136.35,0.0008206380445040176
136.4,0.0008606889790353495
136.45000000000002,0.00046488571493444254
136.5,-8.120064981780855e-05
136.55,-0.0002549204885379158
136.6,-0.0009850362908706521
136.65,-0.0012686000229174274
136.70000000000002,0.0007940210641265268
136.75,0.000701397199051253
136.8,0.00015500752311786882
136.85,5.6817258239007274e-05
136.9,-0.00011900391118391604
136.95000000000002,0.0002760722777605062
137.0,0.0008745653621572384
137.05,-0.0002817087534697348
137.1,-0.0012254954985862021
137.15,-0.00022940708021999736
137.20000000000002,-0.0002637459510186781
137.25,0.0005531111152002585
137.3,0.0008660094172191396
137.35,0.00042925992697155613
137.4,-6.462305097109625e-05
137.45000000000002,-0.0011664880023992655
137.5,-0.0007892278045358024
137.55,-7.943727158664878e-05
137.6,0.0009435868610479558
137.65,0.0009235289949548136
137.70000000000002,0.0006295591220446723
137.75,0.0006332795358208055
137.8,-0.0007379239229711079
137.85,-0.0010971658432211684
137.9,-0.0011260284719162652
137.95000000000002,-0.0007491700527448848
138.0,0.00021291503965920668
138.05,0.00021690621730738332
138.1,0.0007525526277464519
138.15,0.000645258740790745
138.20000000000002,0.0004729738268302736
138.25,0.00043307673637734166
138.3,-0.0009754746300378288
138.35,-0.0007426956279240966
138.4,-0.0002183082074621368
138.45000000000002,-1.9888687635719357e-06
138.5,0.0009615566764527312
138.55,0.0005157256338014152
138.6,-0.000857043411655478
138.65,-0.001112050656583136
138.70000000000002,-0.00029915215165443013
138.75,0.0004962691000674525
138.8,0.0008691840949209566
138.85,0.0005486385215775216
138.9,0.0002573820980636397
138.95000000000002,0.0006334090732678375
139.0,0.0010481683169278123
139.05,-0.0005885367228395572
139.1,-0.0013808676522890629
139.15,-0.000802603869911081
139.20000000000002,-0.0010887991529834285
139.25,-0.0006888792601597655
139.3,2.2856196230607494e-05
139.35,0.0016374715951881786
139.4,0.0018591015744010184
139.45000000000002,0.0005794859572403805
139.5,-0.0006312971656462058
139.55,-0.0013458408711804943
139.6,-6.990316349717399e-06
139.65,0.00036321047898968194
139.70000000000002,-0.000743075756071368
139.75,-0.0008322231883358574
139.8,0.0006872095037789094
139.85,0.0012385547057172414
139.9,-0.00015019043756613615
139.95000000000002,-1.6786830305187867e-05
140.0,0.00038444679674801716
140.05,-4.499057596686272e-05
140.1,-0.0002691919858966804
140.15,-0.0012704226251258393
140.20000000000002,3.16539787070604e-05
140.25,0.000697650136991759
140.3,-0.00018376682199945378
140.35,4.3669199834961856e-05
140.4,-0.0006853842267006915
140.45000000000002,-0.00012904384445088413
140.5,0.00023587435263107848
140.55,0.001702635584048975
140.6,0.0007206361086694436
140.65,-0.0007671505248799726
140.70000000000002,0.001922378935999076
140.75,-0.0007480961327089257
140.8,-0.0031881379521359974
140.85,-0.0016007777000877452
140.9,-8.751489971623653e-05
140.95000000000002,0.0010954565062747475
141.0,0.0007231085923055798
141.05,0.0016499723360616282
141.1,0.002448912618549013
141.15,0.00020942336235672772
141.20000000000002,-0.0011772556074955453
141.25,-0.0010942152982402614
141.3,-0.0009691057538542325
141.35,0.0002193641085293091
141.4,-0.0027992309298036154
141.45000000000002,-0.0021067597320255514
141.5,0.004778278223571763
141.55,0.0019202772675442899
141.6,-0.002208078349640708
141.65,-0.00044409353471320287
141.70000000000002,-0.00018446859501969318
141.75,0.00044723669880572926
141.8,-0.0007286724912444855
141.85,0.0013033062382606412
141.9,0.003521582971502211
141.95000000000002,-0.0034570788170102534
142.0,-0.0011010858850865073
142.05,0.0024329488063153664
142.1,-0.0027766320653764805
142.15,-0.00025925000930274996
142.20000000000002,-4.7336572150266776e-05
142.25,-0.001163630656663084
142.3,0.003011184470998993
142.35,0.0023535416410298124
142.4,-1.6703107269598152e-06
142.45000000000002,-0.004198865433376905
142.5,-0.0012647425368634301
142.55,0.008909983651770604
142.6,-0.002057128011903588
142.65,-0.009628882467268786
142.70000000000002,0.0030028832360185693
142.75,0.005316642711397864
142.8,0.0007387997456104618
142.85,-0.003425287369346031
142.9,-0.002324057921163471
142.95000000000002,0.0011496905936720205
143.0,0.00010697420432977518
143.05,0.0023669883916801106
143.1,0.0007223141976996325
143.15,-0.003327110355251633
143.20000000000002,-0.002181266057703815
143.25,0.003011680399489808
143.3,0.005052102971141626
143.35,-0.003581872519380194
143.4,-0.004033055259507362
143.45000000000002,0.0035330349881851717
143.5,-0.0005992915083446705
143.55,0.0008936064298624183
143.6,0.003846829207950364
143.65,-0.00907893826004708
143.70000000000002,-0.007959481647270903
143.75,0.010767568519007864
143.8,0.012609890116074834
143.85,-0.00958405645580942
143.9,-0.013942680436422215
143.95000000000002,0.008912498055932727
144.0,0.005307132022413216
144.05,-0.004738767290714044
144.1,0.009396686976533937
144.15,0.0012652285502212893
144.20000000000002,-0.014128373165392146
144.25,0.005337433553494885
144.3,0.012731706127139144
144.35,-0.008710800848659743
144.4,-0.01170923303194126
144.45000000000002,0.0063195451767105795
144.5,0.007677604246782366
144.55,-0.007992473778117489
144.6,-0.0023911133576215034
144.65,0.007132945921828387
144.70000000000002,-3.33599850692837e-05
144.75,-0.0002718464503417551
144.8,0.002235420207683813
144.85,-0.004833066915195846
144.9,-0.0057594010301884
144.95000000000002,0.0013398315759182427
145.0,0.006364185176450936
145.05,0.0077622979763388575
145.1,-0.00178286971594936
145.15,-0.004237099676975702
145.20000000000002,-0.0075449931841527354
145.25,-0.010956880546268673
145.3,0.009245611163908605
145.35,0.0076917908024063154
145.4,-0.002258205928037541
145.45000000000002,0.008937849422542972
145.5,0.0030261746884922168
145.55,-0.0034003672115814057
145.6,-0.008159749013083608
145.65,-0.010802516921119894
145.70000000000002,0.008108253043591735
145.75,0.0019562447060727096
145.8,-0.006415360540543888
145.85,0.007821260570061817
145.9,0.006682553543178926
145.95000000000002,0.00291923898388626
146.0,-0.0011917494711841422
146.05,-0.006284928882481167
146.1,-0.011784041276218179
146.15,-0.005395078805190262
146.20000000000002,0.005178365321250803
146.25,-0.0003960530728277808
146.3,0.013235647665069475
146.35,0.0211309828620122
146.4,-0.006471455558208395
146.45000000000002,-0.025678613663554988
146.5,-0.009449184662178266
146.55,0.009140307911804299
146.6,0.012333238632362383
146.65,0.006351723864974422
146.70000000000002,-0.0059393585719887294
146.75,0.0030144160123269457
146.8,-0.0017807970407633454
146.85,-0.015709398916771318
146.9,0.000754559329918736
146.95000000000002,0.006250535294108827
147.0,5.439807431044361e-05
147.05,0.0020905553393473636
147.1,0.010147398164423862
147.15,0.004277323461505425
147.20000000000002,-0.0065572172463460275
147.25,-0.007580847789693276
147.3,-0.012469550822413841
147.35,0.0015626920818142321
147.4,0.013802082520184868
147.45000000000002,0.008687826476914962
147.5,-0.0029393968551879764
147.55,-0.013147819929423647
147.6,-0.00041903057962382526
147.65,0.0069706641386759055
147.70000000000002,0.0005800052771257647
147.75,-0.004211591520317503
147.8,-0.0005888830201340057
147.85,0.008330776764183447
147.9,-0.0020549190352689077
147.95000000000002,-0.01692378316753053
148.0,0.0051632951785794984
148.05,0.015069044118481829
148.1,-0.016620540068033124
148.15,-0.0015061887456534132
148.20000000000002,0.023916424378381818
148.25,0.01039493299263402
148.3,-0.011219858545601527
148.35,-0.02883728401019796
148.4,-0.004208373805840577
148.45000000000002,0.019039359878925965
148.5,0.00969534206138452
148.55,0.001988105033424142
148.6,0.00040240087895769897
148.65,-0.008412371256735178
148.70000000000002,-0.0008182901535159392
148.75,0.009031119683196075
148.8,-0.01564150732717869
148.85,-0.011048068241974022
148.9,0.00635144397065039
148.95000000000002,0.009717919652704484
149.0,0.014449878333013023
149.05,0.010695637085482896
149.1,-0.0006022433034587534
149.15,-0.023678774076321994
149.20000000000002,-0.01854709915158842
149.25,-0.0009160283478939965
149.3,0.0045831793324869335
149.35,0.014167159773356574
149.4,0.01059201044372343
149.45000000000002,-0.0024081542139149114
149.5,-0.0024431478641575074
149.55,5.6816941789900846e-05
149.6,-0.004756808064446825
149.65,-0.003367825647511857
149.70000000000002,-0.001873198172553702
149.75,0.0026282715010086883
149.8,0.007427672380796856
149.85,-0.001863380041639861
149.9,0.001923618502300677
149.95000000000002,0.0007868928426698528
150.0,-0.012182024038916885
150.05,0.0020240736064794933
150.1,0.0001888667332957183
150.15,0.0001413497168208567
150.20000000000002,0.017207563622488212
150.25,-0.0005188351068089938
150.3,-0.019623798868442954
150.35,-0.01220649086425907
150.4,0.01041577504158221
150.45000000000002,0.008002971024576129
150.5,-0.011216207081706491
150.55,0.0013031242845418037
150.6,0.013203408122547488
150.65,0.008219718501561227
150.70000000000002,0.0022809552091828935
150.75,-0.010676771938710531
150.8,-0.007170397254940278
150.85,0.007865281808373462
150.9,-0.0054786210780477995
150.95000000000002,-0.007693222050017204
151.0,0.01435556856225736
151.05,0.010320936728894973
151.1,-0.0076089972745513315
151.15,-0.009475652506548932
151.20000000000002,0.004375786386902745
151.25,0.0059599617258187165
151.3,-0.012699433604352113
151.35,-0.012369026129104274
151.4,0.00829662462940431
151.45000000000002,0.019488889496302647
151.5,0.006538639960359017
151.55,-0.013664657560316948
151.6,-0.008614607555135182
151.65,0.0143321623869211
151.70000000000002,0.006991223757129556
151.75,-0.029245510349383396
151.8,-0.02355601918414898
151.85,0.022556376767590935
151.9,0.032856051437895196
151.95000000000002,-0.0017747897164652996
152.0,-0.02213671897169038
152.05,-0.007297470079293137
152.1,0.015665175204417008
152.15,0.012425456993367471
152.20000000000002,-0.008407163701926191
152.25,-0.010109125602384302
152.3,-0.01258155388386648
152.35,-0.013468598738895903
152.4,0.011778404589495079
152.45000000000002,0.024708273784869648
152.5,0.015506082094069503
152.55,-0.0020621531561353535
152.6,-0.016150085132143745
152.65,-0.006024688313943823
152.70000000000002,0.001205716025285645
152.75,-0.0015653439790365572
152.8,-0.0047517872551141906
152.85,-0.012169361751958816
152.9,0.0005337959898161296
152.95000000000002,0.023154815225154383
153.0,0.021393237615747244
153.05,0.0016867746244017725
153.1,-0.02495686933127089
153.15,-0.029591570773452595
153.20000000000002,-0.0001573759227885023
153.25,0.016973467961748524
153.3,0.02262954602744077
153.35,0.01533485693699738
153.4,-0.008562857482282396
153.45000000000002,-0.016052009082712787
153.5,-0.015665280829549908
153.55,-0.008050920121664383
153.60000000000002,0.005476986173503353
153.65,0.011067880179244862
153.70000000000002,0.006066503231688141
153.75,-0.003660174003482438
153.8,-0.0009576487904716264
153.85000000000002,0.008532374918722909
153.9,0.00039832629084828806
153.95000000000002,-0.010854181766324206
154.0,-0.005730487295938968
154.05,3.341542349442105e-05
154.10000000000002,0.014168127876047569
154.15,0.014275899154067292
154.20000000000002,-0.0011883932287563522
154.25,-0.014784591466295191
154.3,-0.023847327765862066
154.35000000000002,-0.0007398482172973639
154.4,0.024305318275219905
154.45000000000002,0.029449070431169164
154.5,0.0036739560163902515
154.55,-0.03188296832971937
154.60000000000002,-0.022247625041294152
154.65,-8.174400500612603e-07
154.70000000000002,-0.006738911130102751
154.75,-0.006191103873242485
154.8,0.012730159815496758
154.85000000000002,0.017853432754262544
154.9,0.022471711614067417
154.95000000000002,0.01297394940797196
155.0,-0.012020941951198622
155.05,-0.023993882319882143
155.10000000000002,-0.022413127671920184
155.15,-0.0018061268914056684
155.20000000000002,0.014361860783596355
155.25,0.02220946163717801
155.3,0.01640966000135685
155.35000000000002,-0.013762259018705616
155.4,-0.021010179450456794
155.45000000000002,-0.004889483188074561
155.5,-0.0015451641883137285
155.55,-0.002597675950069313
155.60000000000002,0.016371610553414687
155.65,0.02399676800928302
155.70000000000002,-0.004503011661984403
155.75,-0.010166308109185793
155.8,-9.469108650519234e-06
155.85000000000002,-0.008471474040105795
155.9,-0.00950509408856182
155.95000000000002,-0.0056037539699007825
156.0,0.0025955864440926667
156.05,0.014417156141690448
156.10000000000002,0.007838301663152428
156.15,-0.008339380623958748
156.20000000000002,-0.014896091960440658
156.25,-0.007368412585151299
156.3,0.004546772817812413
156.35000000000002,0.008255074582767988
156.4,0.014856947621988886
156.45000000000002,0.019880342043127025
156.5,0.0029736750700666706
156.55,-0.01997989061194227
156.60000000000002,-0.02317496870329701
156.65,-0.009775545355722367
156.70000000000002,-0.0013242421760229208
156.75,0.0038380427114811867
156.8,0.028009994191754355
156.85000000000002,0.033752390584721785
156.9,-0.002482789205215171
156.95000000000002,-0.0259911890432703
157.0,-0.03182432816652417
157.05,-0.025766406396786373
157.10000000000002,0.006158263632214638
157.15,0.02954726415605774
157.20000000000002,0.029822344024337415
157.25,0.014198725625428624
157.3,-0.016577648952126753
157.35000000000002,-0.03062691574843086
157.4,-0.007974431071470462
157.45000000000002,0.01686005737968861
157.5,0.007832183289006976
157.55,-0.012990640181888153
157.60000000000002,-0.007809923137735981
157.65,0.00710439233016607
157.70000000000002,0.012069082339241059
157.75,0.009559084125270812
157.8,-0.007173134018406235
157.85000000000002,-0.010305250132382452
157.9,0.0006813696984341996
157.95000000000002,0.00012010427209664651
158.0,0.005124321098647076
158.05,0.006494849360132954
158.10000000000002,0.002938284749122294
158.15,-2.7535909850825374e-05
158.20000000000002,-0.004274204745620654
158.25,-0.0018081332746191473
158.3,-0.0046535277013869504
158.35000000000002,-0.004722255243634979
158.4,0.0021231677410275453
158.45000000000002,0.0028399450009014278
158.5,0.006490199408664786
158.55,0.0010930779072751268
158.60000000000002,-0.019211644488815426
158.65,-0.009343102428211236
158.70000000000002,0.017169564209524674
158.75,0.016526875136204492
158.8,0.007679406078243716
158.85000000000002,-0.004138052556335727
158.9,-0.015775685286946388
158.95000000000002,-0.012449067537981398
159.0,-0.009676071662056532
159.05,-0.0032269104380534467
159.10000000000002,0.007295172803896063
159.15,0.007374347958614869
159.20000000000002,0.0017765958847475519
159.25,0.0027822766561798116
159.3,0.011723704509846165
159.35000000000002,0.005360464451822702
159.4,-0.0006539027882118061
159.45000000000002,0.004476048347771368
159.5,0.001806155054220813
159.55,-0.006330112639832862
159.60000000000002,-0.01952395422349348
159.65,-0.015770482414831324
159.70000000000002,0.000891598457049913
159.75,0.011709364002379274
159.8,0.020801822503053697
159.85000000000002,0.019354342802192715
159.9,0.004770368082191483
159.95000000000002,-0.022202383185931613
160.0,-0.03524678818599114
160.05,-0.0038199236552280682
160.10000000000002,0.02574537245421757
160.15,0.009805770974142484
160.20000000000002,-0.004288391739786653
160.25,0.0015051096922913015
160.3,0.008109837846600137
160.35000000000002,0.0063143257407013475
160.4,-0.013116270867438537
160.45000000000002,-0.02709112908153225
160.5,-0.020151852310724135
160.55,0.007043495276387917
160.60000000000002,0.037456046148457246
160.65,0.04254436180458565
160.70000000000002,0.005458010047766556
160.75,-0.039453610055266236
160.8,-0.046702910485415715
160.85000000000002,-0.02409256298800298
160.9,0.008935822963408582
160.95000000000002,0.029908783351955282
161.0,0.03166019047330404
161.05,0.02073392103347655
161.10000000000002,0.008179091396532431
161.15,0.00046206819173491055
161.20000000000002,-0.013307454040813396
161.25,-0.021465439700001813
161.3,-0.00966956732155247
161.35000000000002,-0.005894584362749164
161.4,-0.018056609351881258
161.45000000000002,-0.0039867692396978625
161.5,0.025657761367857353
161.55,0.020635348907608576
161.60000000000002,-0.008259736033168983
161.65,-0.020663686045980605
161.70000000000002,-0.003014591391423615
161.75,0.014868624599443905
161.8,0.013088828894899191
161.85000000000002,0.013107919912381824
161.9,0.004490629093219292
161.95000000000002,-0.018460208411862886
162.0,-0.027162988573366013
162.05,-0.0084098992241477
162.10000000000002,0.016826059119287026
162.15,0.01507417653711841
162.20000000000002,0.0033426531659144186
162.25,0.0033859703419537603
162.3,-0.004980419592269231
162.35000000000002,-0.02470358257501315
162.4,-0.017511020165744504
162.45000000000002,0.01547294772407619
162.5,0.02061858894936028
162.55,-0.0015574356965546935
162.60000000000002,-0.0022855811390432835
162.65,0.01906995433827977
162.70000000000002,0.013731977636568094
162.75,-0.017023883023348927
162.8,-0.027260546125606817
162.85000000000002,-0.009386498313337634
162.9,0.00777088613466522
162.95000000000002,0.014738959713894282
163.0,0.019048805818220372
163.05,0.007935339257860347
163.10000000000002,-0.011534849890420197
163.15,-0.020594934445040458
163.20000000000002,-0.017575317631884364
163.25,-0.005240071090850201
163.3,0.009331445870748648
163.35000000000002,0.01915785166978835
163.4,0.016389248260158064
163.45000000000002,0.009645426961207638
163.5,0.002708030571998551
163.55,-0.019550625649434338
163.60000000000002,-0.03686588878888829
163.65,-0.018668572048922392
163.70000000000002,0.01202058376441712
163.75,0.028892405907581645
163.8,0.03204429397852671
163.85000000000002,0.01379600585626395
163.9,-0.018074110367122035
163.95000000000002,-0.03041908081642342
164.0,-0.007086108533037207
164.05,0.01562449088193787
164.10000000000002,0.008781541527959548
164.15,0.004166828278682817
164.20000000000002,0.008322596603069386
164.25,-0.005689835330951249
164.3,-0.020458753677340652
164.35000000000002,-0.020038742907496947
164.4,-0.015760110226350894
164.45000000000002,-0.004535366529012086
164.5,0.016916514022773138
164.55,0.0387419368446052
164.60000000000002,0.03294469330552533
164.65,-0.002494754010363708
164.70000000000002,-0.020274387300886328
164.75,-0.014131612131632597
164.8,-0.019453496290913825
164.85000000000002,-0.017391530205038384
164.9,0.007639104734524275
164.95000000000002,0.022024526723882668
165.0,0.021664690380131024
165.05,0.00574452578387283
165.10000000000002,-0.029756534766268817
165.15,-0.038457662995598996
165.20000000000002,-0.007334146219043254
165.25,0.013881215765998533
165.3,0.028857123468837193
165.35000000000002,0.04152665737379118
165.4,0.01996346729920301
165.45000000000002,-0.016730269163115218
165.5,-0.04011727143566896
165.55,-0.025258896285755696
165.60000000000002,0.020002945800205518
165.65,0.033449977548545895
165.70000000000002,0.0063782488860539095
165.75,-0.02548173871493661
165.8,-0.03553986680691659
165.85000000000002,-0.01733644991502585
165.9,-0.006121654127553069
165.95000000000002,-0.009395677177867455
166.0,0.0006579030445739725
166.05,0.03390934030889082
166.10000000000002,0.06239503753923907
166.15,0.04091953301246093
166.20000000000002,-0.0020067586854618973
166.25,-0.02477349883894777
166.3,-0.041450308110496346
166.35000000000002,-0.049154790863528586
166.4,-0.02443970384083315
166.45000000000002,0.02492131820032511
166.5,0.05783090782918453
166.55,0.045817017507676416
166.60000000000002,-0.002081649070661409
166.65,-0.0428057074122544
166.70000000000002,-0.04921186579865802
166.75,-0.032741787343552195
166.8,-0.002209461133640297
166.85000000000002,0.032287047665925196
166.9,0.04999617762555732
166.95000000000002,0.03528606195574425
167.0,0.0018610944893241311
167.05,-0.02007596364616926
167.10000000000002,-0.024500068591946856
167.15,-0.01680482589345394
167.20000000000002,-0.012654392655442352
167.25,-0.013015327839387443
167.3,0.000873853643951477
167.35000000000002,0.009566422047350346
167.4,0.013053180402480503
167.45000000000002,0.019988178104719954
167.5,0.004843095090940334
167.55,-0.023632594036638522
167.60000000000002,-0.02804256877429102
167.65,0.005070576550112074
167.70000000000002,0.038199792370378086
167.75,0.038829641749418616
167.8,0.011337487973247556
167.85000000000002,-0.014779898006202039
167.9,-0.027074850670254995
167.95000000000002,-0.04040080159096198
168.0,-0.029300964133757785
168.05,0.004345805990044727
168.10000000000002,0.02128808112854123
168.15,0.019539209581040815
168.20000000000002,0.017147098769459346
168.25,0.010316980020494916
168.3,-0.009324615611332337
168.35000000000002,-0.012806530558569227
168.4,0.010255324585135889
168.45000000000002,0.01748413993768897
168.5,-0.005235542112380372
168.55,-0.01375012122418088
168.60000000000002,-0.00732618976012474
168.65,-0.010938077689729622
168.70000000000002,-0.009220196555138666
168.75,0.00481154212559408
168.8,0.023493148984795657
168.85000000000002,0.024862368821931297
168.9,0.0015998669974853167
168.95000000000002,-0.01925584528360089
169.0,-0.026196353145505686
169.05,-0.015333185183231271
169.10000000000002,0.011726466947386622
169.15,0.026825340042595867
169.20000000000002,0.008402990509780488
169.25,-0.016325555161218037
169.3,-0.01811180924386124
169.35000000000002,-0.009782351062046722
169.4,0.0006917961875687299
169.45000000000002,0.005103171109883064
169.5,0.009595081049474841
169.55,0.021277150199837464
169.60000000000002,0.013636231201584453
169.65,-0.0013084499456062243
169.70000000000002,-0.0011220755067885887
169.75,-0.00569588235238442
169.8,-0.01493721097136615
169.85000000000002,-0.014621632130761017
169.9,-0.010844370928208795
169.95000000000002,-0.006590415108351494
170.0,0.0038102125163969034
170.05,0.026424689584330748
170.10000000000002,0.023931254432859983
170.15,-0.013524165547196314
170.20000000000002,-0.02634145540247756
170.25,-0.010317722057463277
170.3,0.009059864120024099
170.35000000000002,0.013954121272271346
170.4,0.007552411484789374
170.45000000000002,0.013054544169711867
170.5,-0.00029666841095840136
170.55,-0.023775353903907337
170.60000000000002,-0.005033840077866757
170.65,0.016472120057885228
170.70000000000002,0.0030933255595122586
170.75,0.0006952650232267347
170.8,0.003502012173066227
170.85000000000002,-0.013921681604067076
170.9,-0.012519522874670631
170.95000000000002,0.001275180659000841
171.0,0.0001426619156671519
171.05,0.002427873817168796
171.10000000000002,0.01045335175014408
171.15,0.01185507978311632
171.20000000000002,0.01185698681327182
171.25,0.0033762254487135677
171.3,-0.010147631420836134
171.35000000000002,-0.0038355323788137963
171.4,0.005704920387011754
171.45000000000002,0.0026411687512833777
171.5,-0.01649814198023686
171.55,-0.040726341801948195
171.60000000000002,-0.019577600088589688
171.65,0.01808298667217616
171.70000000000002,0.019179425797742254
171.75,0.007712611441657023
171.8,-0.0007392265630346915
171.85000000000002,-0.0021265208708326176
171.9,0.00656575689488969
171.95000000000002,0.01369300031789996
172.0,0.011696449597533232
172.05,-0.00023606737163433427
172.10000000000002,-0.004491140602909959
172.15,0.003120169993053968
172.20000000000002,0.005340294787829505
172.25,0.003962950121345303
172.3,-0.006783387138277992
172.35000000000002,-0.01578898810859154
172.4,-0.003642222162824616
172.45000000000002,0.003780599575233404
172.5,-0.0031489911596086686
172.55,-0.005943500582334364
172.60000000000002,-0.005176701331916773
172.65,-0.010248146868950682
172.70000000000002,-0.01085019676368958
172.75,0.0016392344454369953
172.8,0.020479427043434157
172.85000000000002,0.019236367559683647
172.9,-0.006749965649278577
172.95000000000002,-0.00640619642521791
173.0,0.020963275996365334
173.05,0.0271848758639168
173.10000000000002,0.005884329641251866
173.15,-0.013637712196521505
173.20000000000002,-0.019359794316251566
173.25,-0.027838035584192632
173.3,-0.03133129636680732
173.35000000000002,-0.017244528685265246
173.4,-0.001045039556023115
173.45000000000002,0.015498501304527365
173.5,0.02925761164478868
173.55,0.02188521077980034
173.60000000000002,0.011527744671056439
173.65,0.014813547302459588
173.70000000000002,0.007699254618588011
173.75,-0.016456361376427774
173.8,-0.03467870223730293
173.85000000000002,-0.02595960345305515
173.9,0.012046405276700926
173.95000000000002,0.050323724510746536
174.0,0.04579468184039831
174.05,-0.010748281312487269
174.10000000000002,-0.06157151321445361
174.15,-0.05128770902067389
174.20000000000002,-0.01255186483690044
174.25,0.013533705935392572
174.3,0.026152705036351486
174.35000000000002,0.014644856946522518
174.4,0.003692799293174929
174.45000000000002,0.020587524317257085
174.5,0.0197853712073455
174.55,-0.014294048220119097
174.60000000000002,-0.036450719066212896
174.65,-0.023225451335337422
174.70000000000002,0.005570157252231161
174.75,0.02293542523171091
174.8,0.030347711026546764
174.85000000000002,0.03454519001506989
174.9,0.016349723748234922
174.95000000000002,-0.025489840452741476
175.0,-0.03825040885662323
175.05,-0.01982802542449727
175.10000000000002,-0.013556358412424292
175.15,-0.007493917032937496
175.20000000000002,0.008395227094412207
175.25,0.015825146096366996
175.3,0.017427255974524405
175.35000000000002,0.01473203996001141
175.4,-0.002146720126979164
175.45000000000002,-0.014597712773964214
175.5,-0.006265641906774901
175.55,0.00028959886977290383
175.60000000000002,-0.00833194863380232
175.65,-0.008113393940334638
175.70000000000002,-0.0021621089530946907
175.75,-0.005094038167189809
175.8,0.002263518157686618
175.85000000000002,0.012970541433559264
175.9,0.01720879895335803
175.95000000000002,0.01718780205363287
176.0,0.006769694707076492
176.05,-0.003129874359216913
176.10000000000002,-0.011728485371287505
176.15,-0.01901161201762453
176.20000000000002,-0.01845502543313526
176.25,-0.010250335674003108
176.3,-0.0012850691923599004
176.35000000000002,-0.0008154868899604574
176.4,0.010054641688281008
176.45000000000002,0.023676396785234137
176.5,0.016090504891204126
176.55,-0.00022934949837370968
176.60000000000002,-0.007153159419760367
176.65,0.0015872930058117084
176.70000000000002,0.0013806785069711146
176.75,-0.00765274300290649
176.8,-0.0025460018723421868
176.85000000000002,0.0007232575650261846
176.9,-0.0006804129248617921
176.95000000000002,-0.0014144199738434793
177.0,-0.01393597359378088
177.05,-0.021798109070982747
177.10000000000002,-0.012178467422673653
177.15,-0.001047255033589389
177.20000000000002,0.015658616866701395
177.25,0.03353031554217014
177.3,0.02411952383702607
177.35000000000002,-0.005082033990346692
177.4,-0.013904635167150629
177.45000000000002,0.006378982298239574
177.5,0.02013260266412468
177.55,0.007649862713980971
177.60000000000002,-0.014269997076215356
177.65,-0.023030971270969383
177.70000000000002,-0.004446933731460204
177.75,0.017685617253771213
177.8,0.0042991908684542795
177.85000000000002,-0.019045301344984927
177.9,-0.010048151368042062
177.95000000000002,0.014995670727295964
178.0,0.01700771311541186
178.05,-0.0074401037466275905
178.10000000000002,-0.022754039153352158
178.15,-0.017294418104056356
178.20000000000002,-0.004251095368313457
178.25,0.010439143129989633
178.3,0.01625767170816952
178.35000000000002,0.00435126383117349
178.4,-0.01249334255988456
178.45000000000002,-0.008555652426155648
178.5,0.014574032987421095
178.55,0.022882443704763528
178.60000000000002,-0.001803764128071575
178.65,-0.03238791831236782
178.70000000000002,-0.03257408679911326
178.75,-0.00988552907204635
178.8,0.012370643196906343
178.85000000000002,0.02996439502198404
178.9,0.022457957732966848
178.95000000000002,-0.0009745730548094953
179.0,-0.007835805137485096
179.05,-0.009290328199578807
179.10000000000002,0.0019910538691462736
179.15,0.029372406888267224
179.20000000000002,0.027527778877535176
179.25,-0.001283637946883892
179.3,-0.006558377157701459
179.35000000000002,-0.0061804833054513375
179.4,-0.023089034423493363
179.45000000000002,-0.02035790071337419
179.5,-0.001324793978969569
179.55,0.020226196524782424
179.60000000000002,0.0283664046847765
179.65,0.0009879478833696078
179.70000000000002,-0.01674030077845562
179.75,-0.006998769835342418
179.8,-0.004232241881793297
179.85000000000002,-0.005842953405216724
179.9,-0.009802060552088767
179.95000000000002,-0.02504797579266304
180.0,-0.029073448308428215
180.05,-0.015839562724841945
180.10000000000002,-0.005057807388319902
180.15,0.011859335919589178
180.20000000000002,0.03797306849251846
180.25,0.038115797132101815
180.3,0.011773067946232478
180.35000000000002,0.0010286064497857853
180.4,0.005842929296285146
180.45000000000002,-0.0004292074374466874
180.5,-0.0035848070215580563
180.55,0.0021899309038058016
180.60000000000002,-0.01621720250308796
180.65,-0.03024070175867088
180.70000000000002,0.005546005515663239
180.75,0.0486250272418955
180.8,0.035803919109616944
180.85000000000002,-0.017964102999583384
180.9,-0.0445317755961762
180.95000000000002,-0.0368443995872894
181.0,-0.028940758124847237
181.05,-0.020240082576127444
181.10000000000002,0.004386089765825661
181.15,0.037401620003425375
181.20000000000002,0.05702150765066781
181.25,0.04852687642011912
181.3,0.006972012333798621
181.35000000000002,-0.03942999718260717
181.4,-0.04629479791700267
181.45000000000002,-0.017997701259320032
181.5,0.002116305938044465
181.55,0.007012993191093944
181.60000000000002,0.008823599361249176
181.65,0.009303880810179308
181.70000000000002,0.010808460601889478
181.75,-0.004069538422501971
181.8,-0.028183516825916716
181.85000000000002,-0.03038600271529216
181.9,0.004000725028311353
181.95000000000002,0.05235495678379329
182.0,0.06443464126621445
182.05,0.03609626731828078
182.10000000000002,-0.004799519006649549
182.15,-0.032950338836387476
182.20000000000002,-0.045148579877853326
182.25,-0.04354574324363747
182.3,-0.01846166115229345
182.35000000000002,0.006878295816108327
182.4,0.014910739018333166
182.45000000000002,0.014217540792813493
182.5,-0.003313365408744876
182.55,-0.027895875783208998
182.60000000000002,-0.022991673386659046
182.65,0.007982522129402814
182.70000000000002,0.03276141515845293
182.75,0.033902811628128075
182.8,0.02486894405515611
182.85000000000002,0.013268521723539605
182.9,-0.014834484188258886
182.95000000000002,-0.03769156350214155
183.0,-0.03605081238168636
183.05,-0.019861159936673665
183.10000000000002,0.0020949291618755574
183.15,0.02552614390142596
183.20000000000002,0.039635625862658265
183.25,0.025842693893852797
183.3,-0.00806795059135065
183.35000000000002,-0.03451835638887956
183.4,-0.038173183316148204
183.45000000000002,-0.016309524595460128
183.5,0.02576040013418903
183.55,0.06114038120781241
183.60000000000002,0.055766608992406486
183.65,0.012460660723481733
183.70000000000002,-0.03526282171434587
183.75,-0.054409823730862686
183.8,-0.03721425741531672
183.85000000000002,-0.01573600452695809
183.9,-0.003737122355433809
183.95000000000002,0.008290606434405717
184.0,0.022189159002957978
184.05,0.034027285848556084
184.10000000000002,0.01806260769628942
184.15,-0.0016024719965358496
184.20000000000002,-0.000618424248854347
184.25,-0.014957264831280445
184.3,-0.029453831639256613
184.35000000000002,-0.01235403840929714
184.4,0.01698119253331019
184.45000000000002,0.02179210088387753
184.5,0.0005019061935853415
184.55,-0.013091516747915895
184.60000000000002,-0.016328262224301796
184.65,-0.013107909476416317
184.70000000000002,0.00035377703734037255
184.75,0.017407029213655525
184.8,0.03475267540665726
184.85000000000002,0.029797309424728382
184.9,0.001996007396298655
184.95000000000002,-0.018240578470051925
185.0,-0.009380659686696304
185.05,0.013987693425367173
185.10000000000002,0.0012222316286080491
185.15,-0.03366139344026334
185.20000000000002,-0.04268223014506238
185.25,-0.017509198929319767
185.3,0.01909492098207099
185.35000000000002,0.02607026688677697
185.4,0.0026050827343399125
185.45000000000002,-0.028230606204470283
185.5,-0.03708263264412135
185.55,-0.010830258434629777
185.60000000000002,0.018602643514843094
185.65,0.030826173569442148
185.70000000000002,0.03414802433445851
185.75,0.03340483147725476
185.8,0.021875548338065313
185.85000000000002,0.003971200242343282
185.9,-0.019692269346142568
185.95000000000002,-0.03887256476397462
186.0,-0.02545186773157508
186.05,0.011165368378037551
186.10000000000002,0.025551797962372703
186.15,0.006516005674104248
186.20000000000002,-0.006825836860906544
186.25,-0.0052161781585024275
186.3,0.0025895275115618865
186.35000000000002,0.006024061176080701
186.4,-0.010947320255379256
186.45000000000002,-0.022059038547535895
186.5,-0.010247658333299733
186.55,0.009506721491481731
186.60000000000002,0.026489938947984498
186.65,0.020036990587065855
186.70000000000002,-0.0097522580761284
186.75,-0.02737301361000776
186.8,-0.02687506761019947
186.85000000000002,-0.01862689131264637
186.9,0.002389624325996732
186.95000000000002,0.025520023160489326
187.0,0.024253984350987055
187.05,0.004443700221166608
187.10000000000002,-0.006989870324102906
187.15,-0.011095903041200433
187.20000000000002,-0.008707517545588767
187.25,-0.004395525040033304
187.3,-0.0030748411974183838
187.35000000000002,0.009677268005614902
187.4,0.03248701105276823
187.45000000000002,0.04947502096910975
187.5,0.0382493092297752
187.55,-0.007620718443505413
187.60000000000002,-0.05801707239097677
187.65,-0.06627640216564863
187.70000000000002,-0.02832492530108246
187.75,0.008624924169981608
187.8,0.026470311576349534
187.85000000000002,0.0281267167788698
187.9,0.017608529513207623
187.95000000000002,0.010065349275153655
188.0,0.004258241066256707
188.05,0.0007658818597285745
188.10000000000002,0.010486753344560541
188.15,0.006846001634442496
188.20000000000002,-0.03476024378372566
188.25,-0.06562843267974998
188.3,-0.04706936009953638
188.35000000000002,-0.0048772704325889035
188.4,0.028177060751259624
188.45000000000002,0.036731937403452646
188.5,0.030326521933874098
188.55,0.013554580595316881
188.60000000000002,-0.010807265583318052
188.65,-0.010555236150808882
188.70000000000002,0.006942069959318638
188.75,0.013621225856956324
188.8,0.01924045435991288
188.85000000000002,0.020733283210643307
188.9,0.009248062525102563
188.95000000000002,-0.007305910058128238
189.0,-0.0237876067654202
189.05,-0.035880712537225426
189.10000000000002,-0.035342008583211335
189.15,-0.01606902426878605
189.20000000000002,0.013386896659643857
189.25,0.03047169031784027
189.3,0.020152939550041007
189.35000000000002,-0.0035395853681984826
189.4,-0.009145356850373822
189.45000000000002,0.005835425806473992
189.5,0.0118724716505305
189.55,-0.005474366800295493
189.60000000000002,-0.016244813648709375
189.65,-0.0006068452215440425
189.70000000000002,0.011251873407895654
189.75,0.011473846114717476
189.8,0.016016447710350542
189.85000000000002,0.0155926291156106
189.9,0.00663668890962262
189.95000000000002,-0.004607117129480606
190.0,-0.017558801004740894
190.05,-0.024809514159168364
190.10000000000002,-0.0289536128096774
190.15,-0.01944773669761119
190.20000000000002,0.009231207863318935
190.25,0.014267299311712615
190.3,-0.0004233227317999738
190.35000000000002,0.011917130090860163
190.4,0.030292088556985196
190.45000000000002,0.01640177960905443
190.5,-0.00606629240291001
190.55,-0.010046066791742005
190.60000000000002,0.003142918510973579
190.65,0.008757215813205162
190.70000000000002,-0.006969320966096816
190.75,-0.01437159495945435
190.8,-0.010544923068117582
190.85000000000002,-0.0012508247330644433
190.9,0.006975749250060489
190.95000000000002,-0.004237744567373743
191.0,-0.008427841809518706
191.05,0.015449295967886623
191.10000000000002,0.031297747465257396
191.15,0.0023109587194522874
191.20000000000002,-0.03809688912959591
191.25,-0.036201012191102035
191.3,-0.010050465906357399
191.35000000000002,-0.008520413421691412
191.4,-0.015456897699691368
191.45000000000002,0.003273433451629507
191.5,0.026859051636988072
191.55,0.036767676428186784
191.60000000000002,0.04205288473438441
191.65,0.04150219538690991
191.70000000000002,0.024120940306957685
191.75,-0.0008946546638126308
191.8,-0.024285885780601535
191.85000000000002,-0.04478621396830753
191.9,-0.0505562492214605
191.95000000000002,-0.03416566168339893
192.0,-0.009526179212985183
192.05,0.002125697650292167
192.10000000000002,0.0032931083841952497
192.15,-0.0017268558190156509
192.20000000000002,0.006039587550118545
192.25,0.03048207983846059
192.3,0.02225635151390524
192.35000000000002,-0.009626032148822992
192.4,-0.012930040828503249
192.45000000000002,0.002767779359514976
192.5,0.007935116112549658
192.55,0.008780091437182665
192.60000000000002,0.015408586059850462
192.65,0.01867963225663426
192.70000000000002,0.015532660479799726
192.75,0.007875814448767863
192.8,-0.006407787123593794
192.85000000000002,-0.01869096689845478
192.9,-0.035986524195567866
192.95000000000002,-0.05306067538014072
193.0,-0.030627022204523704
193.05,0.01932582109661081
193.10000000000002,0.0497170886335056
193.15,0.04391050231290546
193.20000000000002,0.023875277145926476
193.25,0.0014555895122255948
193.3,-0.01848715080169716
193.35000000000002,-0.01228340353112985
193.4,0.0019856076365694876
193.45000000000002,0.0028136599669734623
193.5,-0.0142233560126789
193.55,-0.032164886835670044
193.60000000000002,-0.022026770597283512
193.65,-0.011569466668949263
193.70000000000002,-0.013681262736276779
193.75,-0.010381939479489198
193.8,0.003733186803982949
193.85000000000002,0.024184492351573324
193.9,0.03395689285011837
193.95000000000002,0.029067477855954434
194.0,0.012551700535766354
194.05,-0.0031316365101687438
194.10000000000002,-0.009877471120238372
194.15,-0.009580730473145987
194.20000000000002,-0.00473872026739996
194.25,-0.004766066960891272
194.3,0.0014843803681310892
194.35000000000002,0.010031648662393594
194.4,-0.0023415272684981993
194.45000000000002,-0.016213371726061302
194.5,-0.010469422439117752
194.55,0.009962568312786543
194.60000000000002,0.04215001837492949
194.65,0.06374638053477087
194.70000000000002,0.05365836983550058
194.75,0.006355727591596445
194.8,-0.05953303772949782
194.85000000000002,-0.09356068419036716
194.9,-0.07978753381773485
194.95000000000002,-0.03865228459727295
195.0,0.0017655640257935958
195.05,0.026900314518517442
195.10000000000002,0.04327751575003447
195.15,0.041467580373773544
195.20000000000002,0.017027168859418542
195.25,-0.006999060940974585
195.3,-0.015908074181712098
195.35000000000002,-0.006371845268470343
195.4,0.018612425784879198
195.45000000000002,0.03721861357678623
195.5,0.030846347793472666
195.55,-0.0033535924246518513
195.60000000000002,-0.04701497814718867
195.65,-0.056078752378532604
195.70000000000002,-0.0237752488047092
195.75,0.011301884357231324
195.8,0.03240194730378139
195.85000000000002,0.024422517241730772
195.9,-0.006489073245895898
195.95000000000002,-0.012896496450678486
196.0,0.0005242388568655876
196.05,0.006618720282130738
196.10000000000002,0.01887472022474681
196.15,0.03149845945329309
196.20000000000002,0.02766230097027962
196.25,0.009587724765848718
196.3,-0.025404921270559398
196.35000000000002,-0.05730974798002465
196.4,-0.05270074196585843
196.45000000000002,-0.022967607824939784
196.5,-0.0021623127271209854
196.55,0.016618673693489138
196.60000000000002,0.044247400983196426
196.65,0.05389658454465236
196.70000000000002,0.036942195932637215
196.75,-0.006153482571222487
196.8,-0.05847582017762042
196.85000000000002,-0.06404438914810709
196.9,-0.021870105329286807
196.95000000000002,0.023983874108174704
197.0,0.05653476700304904
197.05,0.05314739426486854
197.10000000000002,0.0055501943374274545
197.15,-0.04429435247283721
197.20000000000002,-0.061578433392827876
197.25,-0.04544506517941081
197.3,-0.013248893416830129
197.35000000000002,0.014547522792404486
197.4,0.037162494790168366
197.45000000000002,0.05670510612504028
197.5,0.0625373763121728
197.55,0.04945708774901515
197.60000000000002,0.020391950262333976
197.65,-0.013140235629866732
197.70000000000002,-0.037731141835628396
197.75,-0.05124844828113513
197.8,-0.05174445731109144
197.85000000000002,-0.03357804122728115
197.9,-0.00856745529543472
197.95000000000002,-0.0028249163981617343
198.0,-0.010377728492987622
198.05,-0.00547937149697486
198.10000000000002,0.018468155830588945
198.15,0.054738694005271385
198.20000000000002,0.07398529368967616
198.25,0.05805066700781768
198.3,0.008551448893503368
198.35000000000002,-0.053933501784425714
198.4,-0.07575974761961042
198.45000000000002,-0.050298510183778386
198.5,-0.007325767112227055
198.55,0.01543423063686808
198.60000000000002,0.004731092429701648
198.65,0.005701240359593527
198.70000000000002,0.013214335348665812
198.75,0.003077676100685854
198.8,-0.00401825804786218
198.85000000000002,-0.0022240530025266596
198.9,0.004388857225628288
198.95000000000002,0.009350533017143215
199.0,-0.001293837022478422
199.05,-0.006452135186990113
199.10000000000002,0.007967275774574635
199.15,0.002707639633394913
199.20000000000002,-0.01551994342616724
199.25,-0.009463517767131857
199.3,-0.0018102215900890784
199.35000000000002,-0.001102654780645496
199.4,0.01878426497897831
199.45000000000002,0.033359264155858236
199.5,0.02317651915271338
199.55,0.008770429637024277
199.60000000000002,-0.013336081293462363
199.65,-0.0365678429750637
199.70000000000002,-0.043738494636610045
199.75,-0.03809664550532814
199.8,-0.018940060340276826
199.85000000000002,0.01646803609539173
199.9,0.049145574115668736
199.95000000000002,0.05538156170582123
200.0,0.033320754051626766
200.05,0.0068090189579765575
200.10000000000002,-0.005594307091425522
200.15,-0.020521077112672235
200.20000000000002,-0.0351707343749912
200.25,-0.03391901239870883
200.3,-0.01472491305664922
200.35000000000002,0.010926775971767078
200.4,0.01682852276153361
200.45000000000002,0.016970740019132922
200.5,0.02062027913088541
200.55,0.010331280914429088
200.60000000000002,-0.002207853152486471
200.65,-0.006451981779333745
200.70000000000002,-0.006449945171640918
200.75,-0.005905432576449069
200.8,-0.01989792466913606
200.85000000000002,-0.035111498226373765
200.9,-0.01443138376021047
200.95000000000002,0.024351386656556843
201.0,0.040929120254922256
201.05,0.029712956201469666
201.10000000000002,0.009688269778672876
201.15,0.00037348944250999074
201.20000000000002,-0.0019864610897605277
201.25,-0.0031159452903679608
201.3,-0.008596754523988443
201.35000000000002,-0.030469883755330853
201.4,-0.048495675461549946
201.45000000000002,-0.03665910945973891
201.5,-0.0006394318827243241
201.55,0.03963233838759782
201.60000000000002,0.05050833568756981
201.65,0.030223414091418255
201.70000000000002,0.012894614181361131
201.75,0.00028029209102023477
201.8,-0.00590327471109463
201.85000000000002,-0.010579545180192409
201.9,-0.030256523234939204
201.95000000000002,-0.04482870737337646
202.0,-0.03955125044392726
202.05,-0.021357774862084882
202.10000000000002,0.000666957631342105
202.15,0.03182947270565146
202.20000000000002,0.04598206601391821
202.25,0.023859130718248064
202.3,0.007087861902345761
202.35000000000002,-0.0007357651176056933
202.4,-0.00558020777721417
202.45000000000002,-0.0019078747857065774
202.5,0.0061400091411420435
202.55,0.01712963635164425
202.60000000000002,0.017981251575222127
202.65,0.008150583381852344
202.70000000000002,-0.0029185856226241866
202.75,-0.010364218616934267
202.8,-0.018745636625281867
202.85000000000002,-0.019434842546852293
202.9,-0.0026244114882319025
202.95000000000002,0.01543103805092887
203.0,0.019356963529574535
203.05,0.005048545396268937
203.10000000000002,-0.023647076306442666
203.15,-0.0439924324061937
203.20000000000002,-0.02927390314828636
203.25,0.005732180515517095
203.3,0.03174054233275056
203.35000000000002,0.04930151263603576
203.4,0.04589574901300507
203.45000000000002,0.005522729104959643
203.5,-0.03334273646703835
203.55,-0.047336451152375045
203.60000000000002,-0.04667534420001812
203.65,-0.02786205930846103
203.70000000000002,0.002720379361701835
203.75,0.03185803763566394
203.8,0.043625391370156356
203.85000000000002,0.031199578522220075
203.9,0.009803507974865979
203.95000000000002,-0.005899730904279057
204.0,-0.025271272524349738
204.05,-0.039098681679944326
204.10000000000002,-0.02034827083216778
204.15,0.002886756575089393
204.20000000000002,0.0146177593106198
204.25,0.0238937775790613
204.3,0.00919932501754151
204.35000000000002,-0.013645469778774988
204.4,-0.014515284321160758
204.45000000000002,-0.00011531478406398386
204.5,0.02412897372677099
204.55,0.04479127859808754
204.60000000000002,0.044329065648739896
204.65,0.02659945917522646
204.70000000000002,-0.003028091950139337
204.75,-0.0468560540496742
204.8,-0.08431531220343139
204.85000000000002,-0.0809843653251353
204.9,-0.03617384803157599
204.95000000000002,0.016151533059184056
205.0,0.03945346751427818
205.05,0.039746419018339
205.10000000000002,0.04059762335433715
205.15,0.03171890528643601
205.20000000000002,0.009513194982821303
205.25,-0.0026817340127455146
205.3,0.004653786675089159
205.35000000000002,0.008936252307162574
205.4,0.0006897873123784255
205.45000000000002,-0.0020086995115344702
205.5,-0.001332712089379725
205.55,-0.022717071037749965
205.60000000000002,-0.06198582075656374
205.65,-0.07209329752402287
205.70000000000002,-0.03469490237337613
205.75,0.01649081309820852
205.8,0.043053195178810705
205.85000000000002,0.043401994640017975
205.9,0.026525957800850434
205.95000000000002,-0.00312305852519443
206.0,-0.012099803165521297
206.05,0.0085849097510659
206.10000000000002,0.04482339793443685
206.15,0.08331466968504546
206.20000000000002,0.08136746829226266
206.25,0.03875932800939578
206.3,-0.004775614065194982
206.35000000000002,-0.04466285905563425
206.4,-0.07688814236338423
206.45000000000002,-0.09346384645713193
206.5,-0.08947662346212265
206.55,-0.061018845334619654
206.60000000000002,-0.02313371801625459
206.65,0.004013553750991963
206.70000000000002,0.0073042123659881044
206.75,0.002169671593453586
206.8,0.012444286620258404
206.85000000000002,0.04314031473127561
206.9,0.06663378291255989
206.95000000000002,0.058441190022102886
207.0,0.03831898293589062
207.05,0.010942141184349226
207.10000000000002,-0.02641685216846785
207.15,-0.04882445148446324
207.20000000000002,-0.03949348797971434
207.25,-0.016381661351085996
207.3,0.009432156132441829
207.35000000000002,0.036335110279692266
207.4,0.05372796965595253
207.45000000000002,0.05788650715980438
207.5,0.02406388640220875
207.55,-0.03498238368483288
207.60000000000002,-0.051788677992876536
207.65,-0.015042305134767236
207.70000000000002,0.018186598761968122
207.75,0.011227600745833904
207.8,-0.018202229642475663
207.85000000000002,-0.043622778982633094
207.9,-0.04580480357336864
207.95000000000002,-0.0060867188324083485
208.0,0.03957021586466692
208.05,0.04124121339126972
208.10000000000002,0.016596919366353116
208.15,-0.0132252937636789
208.20000000000002,-0.03183829804494676
208.25,-0.024354066195964082
208.3,-0.01906704419216371
208.35000000000002,-0.027405486504239383
208.4,-0.01733059303732583
208.45000000000002,0.0184851494058489
208.5,0.06622030804065301
208.55,0.08587422826364811
208.60000000000002,0.03707402777630545
208.65,-0.02811043514523456
208.70000000000002,-0.057549891880929696
208.75,-0.05079933458041482
208.8,-0.019638324494316524
208.85000000000002,0.011287368670595354
208.9,0.03351142137502409
208.95000000000002,0.033159311773733706
209.0,0.00012506872620986754
209.05,-0.040848484918754084
209.10000000000002,-0.05633584330474652
209.15,-0.03608694053330786
209.20000000000002,0.0027219703988513424
209.25,0.035145144122751576
209.3,0.04342024744253925
209.35000000000002,0.030112611041921592
209.4,0.00898323297576197
209.45000000000002,0.005146194174624706
209.5,0.021112458912491364
209.55,0.018713930763541022
209.60000000000002,0.00808665777159154
209.65,0.0021579992292596203
209.70000000000002,-0.016416268637927868
209.75,-0.026675280279622397
209.8,-0.03307275829563276
209.85000000000002,-0.040838765590690496
209.9,-0.015470542266238124
209.95000000000002,0.025392367721931063
210.0,0.02898368134102827
210.05,0.003274054597950891
210.10000000000002,-0.008112472265367649
210.15,-0.00872633707221026
210.20000000000002,-0.011268881024409013
210.25,0.0014213651427122857
210.3,0.021146479472994344
210.35000000000002,0.019325596702355397
210.4,0.00805930215149896
210.45000000000002,0.015719063988616323
210.5,0.022397357183204375
210.55,-0.00037022138750931674
210.60000000000002,-0.030451751366243292
210.65,-0.04327819996980992
210.70000000000002,-0.0359482134839229
210.75,0.001695915528926775
210.8,0.04714273685950375
210.85000000000002,0.036188658212883314
210.9,-0.022408218558081016
210.95000000000002,-0.046152157472932005
211.0,-0.027083811762117264
211.05,0.0061289786494734735
211.10000000000002,0.05343745230565438
211.15,0.07519329286405088
211.20000000000002,0.0418932470658165
211.25,-0.007057487947766178
211.3,-0.03157097837592187
211.35000000000002,-0.042121807933796336
211.4,-0.051852991153346364
211.45000000000002,-0.037257238760415506
211.5,-0.008385323435700308
211.55,-0.009768978284231709
211.60000000000002,-0.023295173302659945
211.65,-0.022535538341166554
211.70000000000002,-0.015207343409633934
211.75,0.018737238768739117
211.8,0.06977864868502401
211.85000000000002,0.09225842287746487
211.9,0.07585378217302419
211.95000000000002,0.025333226281898765
212.0,-0.048811476350393734
212.05,-0.10850752772394626
212.10000000000002,-0.11456038098559083
212.15,-0.055894537437183665
212.20000000000002,0.03217789732544869
212.25,0.08411302605640739
212.3,0.08800712500516063
212.35000000000002,0.06661567241525106
212.4,0.0099505540872844
212.45000000000002,-0.0649782444960647
212.5,-0.09513174448799006
212.55,-0.06934467811795317
212.60000000000002,-0.009800479695544656
212.65,0.07484769588153274
212.70000000000002,0.1237912410540092
212.75,0.0920812687350008
212.8,0.03031522464556367
212.85000000000002,-0.016529210589216248
212.9,-0.05799055980617575
212.95000000000002,-0.08104136479427815
213.0,-0.05921298313177181
213.05,-0.01229831105347669
213.10000000000002,0.023169709638448815
213.15,0.035819813722054596
213.20000000000002,0.02454396180914103
213.25,-0.012876532863013549
213.3,-0.03269990375204474
213.35000000000002,-0.012141195115447014
213.4,0.007375046082219382
213.45000000000002,0.025953573427272603
213.5,0.04086352448309398
213.55,0.013976140367767825
213.60000000000002,-0.036030622028134666
213.65,-0.06076574157023021
213.70000000000002,-0.05193789803171883
213.75,-0.028203256767800423
213.8,0.004141510117701757
213.85000000000002,0.03648057029813294
213.9,0.051747597271950135
213.95000000000002,0.032468368021711075
214.0,-0.0058981631323583
214.05,-0.01449403537823388
214.10000000000002,-0.011994661380591758
214.15,-0.0324612895487652
214.20000000000002,-0.04810392776280262
214.25,-0.02098718388789409
214.3,0.03219355332606068
214.35000000000002,0.05230712344832034
214.4,0.03472496610684562
214.45000000000002,0.02909069742974332
214.5,0.03589816940727114
214.55,0.010406246664501682
214.60000000000002,-0.013462057859478384
214.65,-0.013965813372644548
214.70000000000002,-0.020619431701945166
214.75,-0.0203905740949997
214.8,-0.013928788640117682
214.85000000000002,0.0012175609028699972
214.9,0.0035028606746953512
214.95000000000002,-0.018406250411498442
215.0,-0.013593555686498181
215.05,0.02030641741522675
215.10000000000002,0.04773430222424363
215.15,0.04982838217500883
215.20000000000002,0.032131192739484206
215.25,-0.016872508872068714
215.3,-0.07660171699307178
215.35000000000002,-0.08075201191502306
215.4,-0.05073692992125054
215.45000000000002,-0.03549070083596605
215.5,-0.029581241731523274
215.55,-0.006881837159256997
215.60000000000002,0.026498944547388326
215.65,0.055548589349356504
215.70000000000002,0.06711812128004804
215.75,0.033403559181940636
215.8,0.005678824648915193
215.85000000000002,0.019440040443304593
215.9,0.019401511707986596
215.95000000000002,-0.019984408275672032
216.0,-0.043573768333741075
216.05,-0.0008614869660973925
216.10000000000002,0.050689732766276245
216.15,0.0542630434462815
216.20000000000002,0.033366570711749526
216.25,0.023317894173038516
216.3,0.023601875121823608
216.35000000000002,0.0027596300112662704
216.4,-0.040542961044489956
216.45000000000002,-0.0812766628151657
216.5,-0.11236747956794182
216.55,-0.11430517171011086
216.60000000000002,-0.07227403217465694
216.65,-0.005725617898348625
216.70000000000002,0.07443775739199357
216.75,0.11824500347243433
216.8,0.07531690658584336
216.85000000000002,0.008280801297685362
216.9,-0.003473663126026579
216.95000000000002,0.01933777343940739
217.0,0.02620545887434504
217.05,0.015890405154708145
217.10000000000002,0.00023333129763065423
217.15,-0.011408916748272966
217.20000000000002,-0.014154964078391218
217.25,-0.031404940085384934
217.3,-0.058639767219665954
217.35000000000002,-0.04887607424761049
217.4,-0.02721716319046871
217.45000000000002,-0.011179076427082203
217.5,0.033756165272712926
217.55,0.06987431231117099
217.60000000000002,0.05095737544981894
217.65,-0.006579911882740522
217.70000000000002,-0.03715438452043119
217.75,-0.017784247770283496
217.8,0.020128147369305543
217.85000000000002,0.04235609500698196
217.9,0.027878264137450978
217.95000000000002,0.017555899535509376
218.0,0.014935183502388392
218.05,0.001516127718379452
218.10000000000002,-0.0019656959996917035
218.15,-0.01457760351885945
218.20000000000002,-0.03723926948630108
218.25,-0.050013117360882056
218.3,-0.06185915466223209
218.35000000000002,-0.05861578393730028
218.4,-0.03486915468127025
218.45000000000002,-0.009522923340485961
218.5,0.02553372057487461
218.55,0.07442726690554465
218.60000000000002,0.10214227715459916
218.65,0.07840644679433985
218.70000000000002,0.014449301144997555
218.75,-0.045013019011838885
218.8,-0.0612196193013564
218.85000000000002,-0.04798875593046782
218.9,-0.05047061312004544
218.95000000000002,-0.06655213430652945
219.0,-0.036582834220109973
219.05,0.03774927306282895
219.10000000000002,0.08359806945566596
219.15,0.0808844865330189
219.20000000000002,0.05833809090551687
219.25,0.03185141410212015
219.3,0.003087271331740368
219.35000000000002,-0.016988655442933515
219.4,-0.017887068350229005
219.45000000000002,-0.018295433558642372
219.5,-0.02901627645535846
219.55,-0.0433828766331013
219.60000000000002,-0.0431256377487923
219.65,-0.0028817615827178974
219.70000000000002,0.04201216248139509
219.75,0.04575427335312246
219.8,0.02239536473791515
219.85000000000002,0.007933531411605112
219.9,0.022253055336072622
219.95000000000002,0.02690989102993697
220.0,-0.006130554055826561
220.05,-0.029044116362865007
220.10000000000002,-0.02707146778056431
220.15,-0.02152265189666806
220.20000000000002,-0.01851985838993124
220.25,-0.03440922291841802
220.3,-0.04974867184420725
220.35000000000002,-0.02914916481873966
220.4,0.02242660129619285
220.45000000000002,0.06034965767075958
220.5,0.050118956650655716
220.55,0.02355618503582353
220.60000000000002,0.006632110706479594
220.65,-0.00514511297596307
220.70000000000002,-0.013558850225993607
220.75,-0.019556492839186018
220.8,-0.01844645893709652
220.85000000000002,-0.016606278020403768
220.9,-0.03021973146216986
220.95000000000002,-0.059122221051999796
221.0,-0.06024384170977435
221.05,-0.0236144565441175
221.10000000000002,0.013121934703741074
221.15,0.04750270028431378
221.20000000000002,0.07230341558424497
221.25,0.057463569936010685
221.3,0.014552543404055414
221.35000000000002,0.0009644836108664358
221.4,0.02052169770736914
221.45000000000002,0.03923034410953641
221.5,0.041769616160005095
221.55,0.017420480789203333
221.60000000000002,-0.008433833329619006
221.65,-0.01593965107815687
221.70000000000002,-0.008487144923851421
221.75,-0.00895403386014286
221.8,-0.03433648402453478
221.85000000000002,-0.05034568331916118
221.9,-0.033948388984921904
221.95000000000002,-0.006661106073053704
222.0,0.013466475143521842
222.05,0.04112877892140419
222.10000000000002,0.04538497057295921
222.15,-0.005425261760238496
222.20000000000002,-0.049931593655686286
222.25,-0.049987623954933565
222.3,-0.027080875689867695
222.35000000000002,-0.0011419932017282303
222.4,0.016803337913400454
222.45000000000002,0.014578082113716289
222.5,-0.015391738095408215
222.55,-0.04867280203729158
222.60000000000002,-0.03855906248364336
222.65,0.011735930137864099
222.70000000000002,0.04156520846387069
222.75,0.05101078977941272
222.8,0.0748643516538525
222.85000000000002,0.08286319641085424
222.9,0.04971553653342748
222.95000000000002,-0.001355341869690187
223.0,-0.0318744959650432
223.05,-0.034044393119401106
223.10000000000002,-0.04330656893480038
223.15,-0.06026221276095065
223.20000000000002,-0.058010439862810986
223.25,-0.039817725272646556
223.3,-0.011958398624411568
223.35000000000002,0.02233453948844613
223.4,0.04250051908289126
223.45000000000002,0.04146752767709044
223.5,0.03268108657093911
223.55,0.029865547237530814
223.60000000000002,0.028391420529324248
223.65,-0.0006617557276994923
223.70000000000002,-0.0436318717939638
223.75,-0.06649905659889153
223.8,-0.060210549018158
223.85000000000002,-0.02874370181311934
223.9,0.0006585094668061388
223.95000000000002,0.01598009560245358
224.0,0.016828026514673387
224.05,0.013568061925792428
224.10000000000002,0.020484083572514453
224.15,0.028252164978847145
224.20000000000002,0.033175881323764825
224.25,0.02721418053593732
224.3,-0.0004097062377370294
224.35000000000002,-0.037788699292962545
224.4,-0.05348411118309497
224.45000000000002,-0.0333567948905064
224.5,0.008482154880780792
224.55,0.05713986726853155
224.60000000000002,0.0849944031058115
224.65,0.06761796507953867
224.70000000000002,0.0230443230882956
224.75,-0.006532455866073118
224.8,-0.017251173439485033
224.85000000000002,-0.027530727217007726
224.9,-0.03832019096684672
224.95000000000002,-0.06243975526838834
225.0,-0.0847027389401267
225.05,-0.059623797780659814
225.10000000000002,0.0013633526916814946
225.15,0.03549583208811817
225.20000000000002,0.029055507114054826
225.25,0.02110192308006644
225.3,0.014718053651505808
225.35000000000002,0.00619013075861119
225.4,0.022300140810451702
225.45000000000002,0.06297986417110603
225.5,0.07353100256447953
225.55,0.02005669247294289
225.60000000000002,-0.04906567570901241
225.65,-0.06829159902473018
225.70000000000002,-0.04740200754462857
225.75,-0.02598117992649984
225.8,0.0038630038206072786
225.85000000000002,0.024773656225603558
225.9,0.01283583607668068
225.95000000000002,-0.015876794588080247
226.0,-0.046175475089213804
226.05,-0.055474499173244
226.10000000000002,-0.024195069915817213
226.15,0.03368683403848928
226.20000000000002,0.0660383048212317
226.25,0.06507931715201982
226.3,0.041071635373264685
226.35000000000002,-0.01669855757928272
226.4,-0.06171243075799882
226.45000000000002,-0.06190574033650735
226.5,-0.02823905498681722
226.55,0.025232610525160265
226.60000000000002,0.06957837176704533
226.65,0.08434345654880136
226.70000000000002,0.06377417386808266
226.75,0.003647304470796209
226.8,-0.06268009491575396
226.85000000000002,-0.07508700745481268
226.9,-0.03564729859351806
226.95000000000002,0.019334950452670165
227.0,0.049544245344081535
227.05,0.0316079848208862
227.10000000000002,-0.012172098880537083
227.15,-0.04955495319788568
227.20000000000002,-0.059727660508876554
227.25,-0.054759892484686774
227.3,-0.0247321733004853
227.35000000000002,0.041340774550523804
227.4,0.09059663819274356
227.45000000000002,0.07366607259960614
227.5,0.002901609936920569
227.55,-0.0756191722231555
227.60000000000002,-0.10436413447676138
227.65,-0.04989862368491394
227.70000000000002,0.041562357827576
227.75,0.1026998387848033
227.8,0.08967834012887205
227.85000000000002,0.018594771292514075
227.9,-0.05206999028852738
227.95000000000002,-0.10311083086890623
228.0,-0.10308884783207671
228.05,-0.027032078918846125
228.10000000000002,0.06821745979466869
228.15,0.11263320028900958
228.20000000000002,0.09217872349970532
228.25,0.03429481170024441
228.3,-0.031322841002850786
228.35000000000002,-0.07438727445705831
228.4,-0.0684661034153171
228.45000000000002,-0.025184395862537238
228.5,0.019624888724975757
228.55,0.04022828038347566
228.60000000000002,0.04884616778303409
228.65,0.04557472171892807
228.70000000000002,0.0031583738548212775
228.75,-0.04626701953747934
228.8,-0.05609186836914778
228.85000000000002,-0.03016733477945575
228.9,0.009578695091051114
228.95000000000002,0.0447843864010947
229.0,0.052727363758163295
229.05,0.02736371465697548
229.10000000000002,-0.01993173159603005
229.15,-0.07363455511626392
229.20000000000002,-0.088504213229087
229.25,-0.05123515296153667
229.3,0.0056852811537302745
229.35000000000002,0.07228086429592125
229.4,0.11819930332107172
229.45000000000002,0.08945871368979813
229.5,0.016281320428666504
229.55,-0.039462555121863585
229.60000000000002,-0.07859056767110195
229.65,-0.09033300311940294
229.70000000000002,-0.05588843799019173
229.75,-0.0048434640649992955
229.8,0.016694256889199333
229.85000000000002,0.003955425864883671
229.9,0.00039103463689904133
229.95000000000002,0.030057738633426617
230.0,0.069109056290047
230.05,0.08678028801395365
230.10000000000002,0.07870862355256959
230.15,0.04653347557377422
230.20000000000002,0.0024428329217648123
230.25,-0.03371661487910011
230.3,-0.07751115849168624
230.35000000000002,-0.11948723246777623
230.4,-0.11298479010752759
230.45000000000002,-0.06695533559548293
230.5,-0.019793545212371665
230.55,0.020404379219562792
230.60000000000002,0.05484580408749879
230.65,0.07080545950161557
230.70000000000002,0.050457909162002275
230.75,0.0008271567633389823
230.8,-0.03748463641179944
230.85000000000002,-0.0392487294754909
230.9,-0.007887095759788068
230.95000000000002,0.046551114854362224
231.0,0.07479277742111956
231.05,0.04448627105093995
231.10000000000002,-0.007783452060872536
231.15,-0.04042978003752355
231.20000000000002,-0.03408111277135635
231.25,-0.0004271256822779979
231.3,0.03459677591716903
231.35000000000002,0.054368926308261505
231.4,0.0463413995293037
231.45000000000002,0.015035798310261703
231.5,-0.013473804757130376
231.55,-0.03629593810601955
231.60000000000002,-0.05864702087901918
231.65,-0.060864263065525157
231.70000000000002,-0.038868861474757765
231.75,0.015731461454228747
231.8,0.08466824896879173
231.85000000000002,0.10420111298093089
231.9,0.06085340936006573
231.95000000000002,-0.014673742338267282
232.0,-0.08609300048873095
232.05,-0.1053862213954418
232.10000000000002,-0.05837637635599412
232.15,0.010931149396635607
232.20000000000002,0.054610281635382854
232.25,0.06608390992494367
232.3,0.053917007614295395
232.35000000000002,0.00785471531261637
232.4,-0.048304669959681905
232.45000000000002,-0.0591206820218228
232.5,-0.0237130057957892
232.55,0.015132285567148346
232.60000000000002,0.03048827451915841
232.65,0.009130569748975232
232.70000000000002,-0.04696841497349537
232.75,-0.081004709384777
232.8,-0.054980682159094116
232.85000000000002,-0.0033217279907519427
232.9,0.04121908395072238
232.95000000000002,0.0583807809094605
233.0,0.0487785087716106
233.05,0.03202369244784981
233.10000000000002,0.01133736669645365
233.15,-0.005825379866288812
233.20000000000002,-0.017362520039399913
233.25,-0.03551787730218209
233.3,-0.04915277298688445
233.35000000000002,-0.03509574014915543
233.4,0.00047254215395170024
233.45000000000002,0.018653184642200654
233.5,0.0002731089945435844
233.55,-0.03135484334660713
233.60000000000002,-0.04842684944544838
233.65,-0.02845886127598573
233.70000000000002,0.03653902399931683
233.75,0.1134246305792522
233.8,0.14521871224869667
233.85000000000002,0.1101381835795592
233.9,0.026562243918932683
233.95000000000002,-0.05996798980319125
234.0,-0.08900256617585163
234.05,-0.06494671501623478
234.10000000000002,-0.044529546663308606
234.15,-0.03302956770819591
234.20000000000002,-0.003351577634314487
234.25,0.0307404913111897
234.3,0.04208326658784292
234.35000000000002,0.02641384201046634
234.4,-0.010051567021409273
234.45000000000002,-0.04640074165951625
234.5,-0.05940886593037339
234.55,-0.050859139834019455
234.60000000000002,-0.024305649277247984
234.65,0.01811677793936736
234.70000000000002,0.05764208525270751
234.75,0.07942568575578537
234.8,0.06388560933321512
234.85000000000002,0.02188126020719137
234.9,0.005440652470691388
234.95000000000002,0.01051831184249713
235.0,-0.005385769610047688
235.05,-0.03372193793638009
235.10000000000002,-0.0481611303845876
235.15,-0.0571944351282292
235.20000000000002,-0.060360859559080215
235.25,-0.04048406772842884
235.3,-0.005887689884579912
235.35000000000002,0.01691747996191645
235.4,0.023780571373745344
235.45000000000002,0.040989033841383894
235.5,0.0700601953887595
235.55,0.07418990359521213
235.60000000000002,0.03412705852900434
235.65,-0.01929721970294041
235.70000000000002,-0.045491631036170294
235.75,-0.041147772788186154
235.8,-0.03285424000451408
235.85000000000002,-0.04006233021152572
235.9,-0.049414344396909844
235.95000000000002,-0.038257926428341256
236.0,-0.010359384372168184
236.05,0.006881041655746556
236.10000000000002,0.014788338041299594
236.15,0.04015306288418147
236.20000000000002,0.058095107422618426
236.25,0.035294121153468645
236.3,0.00388375548683682
236.35000000000002,-0.0021354686802665273
236.4,0.00790261317439473
236.45000000000002,0.004299194738599223
236.5,-0.012348167104263853
236.55,-0.00774726410894304
236.60000000000002,0.014203821677808294
236.65,0.018233915583121582
236.70000000000002,-0.01404282473447192
236.75,-0.04662129463972258
236.8,-0.028193002643597292
236.85000000000002,0.015516431926877928
236.9,0.025313542258347522
236.95000000000002,-0.002150579619431458
237.0,-0.019969192898218885
237.05,-0.018150068351301833
237.10000000000002,-0.009295469175820336
237.15,0.02484089868683047
237.20000000000002,0.05314066170943962
237.25,0.03818460787455324
237.3,0.0018507066630890575
237.35000000000002,-0.02978343750476664
237.4,-0.037013684406890617
237.45000000000002,-0.025045215894939545
237.5,0.004245745960484647
237.55,0.057748234599372776
237.60000000000002,0.08861979495458994
237.65,0.05613552367453995
237.70000000000002,0.0016172810355828677
237.75,-0.02061886911728528
237.8,-0.024570639447918242
237.85000000000002,-0.03603787934179413
237.9,-0.040573370026093805
237.95000000000002,-0.0267292877590907
238.0,-0.006513690941238758
238.05,0.004823429114487651
238.10000000000002,0.006050365217629122
238.15,-0.0001213953777346078
238.20000000000002,-0.01396945387399269
238.25,-0.028969894895519172
238.3,-0.022878599150915516
238.35000000000002,0.014888855210384296
238.4,0.04796524244588331
238.45000000000002,0.04566261603026831
238.5,0.02027417160249491
238.55,-0.005958079886718315
238.60000000000002,-0.03269111249965767
238.65,-0.06240839491150666
238.70000000000002,-0.07880334451888261
238.75,-0.08139778916222679
238.8,-0.06459200588799552
238.85000000000002,-0.01308834147899837
238.9,0.05429958759541788
238.95000000000002,0.1010482741405405
239.0,0.09995455658228784
239.05,0.05939377837720478
239.10000000000002,0.014776564572915615
239.15,-0.006339662607372781
239.20000000000002,0.0015660676316826174
239.25,0.008353228025456518
239.3,-0.020079518683001236
239.35000000000002,-0.06359750532653799
239.4,-0.06892704428846648
239.45000000000002,-0.03444803129604576
239.5,-0.002873704244635672
239.55,0.01571182171868934
239.60000000000002,0.03544691959194325
239.65,0.0491280490275691
239.70000000000002,0.034629875161818674
239.75,-0.002758636158095488
239.8,-0.019473291592878222
239.85000000000002,-0.008680649266976773
239.9,-0.011147509884427198
239.95000000000002,-0.005939026693514676
240.0,0.0375192567994279
240.05,0.07249190904846718
240.10000000000002,0.0622145547595245
240.15,0.027094648188163217
240.20000000000002,0.004468288744663875
240.25,-0.01562531653786678
240.3,-0.06137530083498832
240.35000000000002,-0.10705840278953883
240.4,-0.11455909952151082
240.45000000000002,-0.08005397366152332
240.5,-0.01665275514835419
240.55,0.060716593929883565
240.60000000000002,0.12357484513892403
240.65,0.14555350713023588
240.70000000000002,0.10953777100162913
240.75,0.024417899504625265
240.8,-0.05838657545096492
240.85000000000002,-0.10752407739718245
240.9,-0.11723683522843326
240.95000000000002,-0.09645258079453035
241.0,-0.059663966277248126
241.05,0.00036615824043536503
241.10000000000002,0.05225615815703969
241.15,0.05558160228580542
241.20000000000002,0.025438568997137465
241.25,0.006418499262567543
241.3,0.024348013608615708
241.35000000000002,0.0561386524150387
241.4,0.07143672403449398
241.45000000000002,0.05429210083228434
241.5,-0.0022331472302507694
241.55,-0.07161577454446498
241.60000000000002,-0.09705994412220106
241.65,-0.0731542254014344
241.70000000000002,-0.048202934356658206
241.75,-0.03930168101451115
241.8,-0.02430868996786803
241.85000000000002,0.0219855481333846
241.9,0.0681557083262861
241.95000000000002,0.06529727799875439
242.0,0.02218383664222254
242.05,-0.019449256013883098
242.10000000000002,-0.016791663917990987
242.15,0.021495599117885216
242.20000000000002,0.04776490614984867
242.25,0.043696480908339955
242.3,0.01415760385095719
242.35000000000002,-0.025874526795043696
242.4,-0.05570080922519635
242.45000000000002,-0.06701567977446982
242.5,-0.05094410399297299
242.55,0.0013612051866752199
242.60000000000002,0.051257719586435165
242.65,0.06180517747794282
242.70000000000002,0.05817981937079297
242.75,0.044929573818383424
242.8,-0.0015900002236988692
242.85000000000002,-0.04851474919285296
242.9,-0.04175465055585571
242.95000000000002,-0.002850969622424443
243.0,0.017512966337402416
243.05,0.026402844376861
243.10000000000002,0.0315256269855865
243.15,0.026737586786721366
243.20000000000002,0.029466676445407725
243.25,0.04355015425804032
243.3,0.04096261920298382
243.35000000000002,0.008053320597089773
243.4,-0.034386228508034106
243.45000000000002,-0.07343682428734973
243.5,-0.09594298529616281
243.55,-0.08659644702583133
243.60000000000002,-0.05867471255985993
243.65,-0.03685506163605916
243.70000000000002,-0.027171573060395887
243.75,-0.022058630067237333
243.8,-0.01634490583795057
243.85000000000002,-0.0047756237667185885
243.9,0.002011275339848088
243.95000000000002,-0.0027760710990493574
244.0,0.0008622569186233617
244.05,0.027258740853853138
244.10000000000002,0.055790461208827184
244.15,0.06046762128401117
244.20000000000002,0.04523295744632798
244.25,0.029465297452781557
244.3,0.029809119928080403
244.35000000000002,0.03652634198477265
244.4,0.03811439200245497
244.45000000000002,0.03443991247851931
244.5,0.010848575976390083
244.55,-0.031207643775771284
244.60000000000002,-0.06002115182815201
244.65,-0.05648818500860415
244.70000000000002,-0.03286329751591197
244.75,-0.006508164815323211
244.8,0.017240178144894782
244.85000000000002,0.04664408844125388
244.9,0.06779431081475042
244.95000000000002,0.05567967129246859
245.0,0.02711871222412522
245.05,-0.003720842799746702
245.10000000000002,-0.032442610806167886
245.15,-0.04365065852933663
245.20000000000002,-0.037424366959015354
245.25,-0.017375512360649905
245.3,0.0001591044048398002
245.35000000000002,-0.0018849189980511365
245.4,-0.013689812811097435
245.45000000000002,-0.014125802605881303
245.5,0.014528226602980955
245.55,0.05286884556405549
245.60000000000002,0.06333759716019695
245.65,0.034005192082930215
245.70000000000002,-0.01704812990058491
245.75,-0.0628778013741078
245.8,-0.08479105433009759
245.85000000000002,-0.06291328969667682
245.9,-0.0037878654999973596
245.95000000000002,0.04937024041098433
246.0,0.06499785626485106
246.05,0.05630331262627523
246.10000000000002,0.037517599676001254
246.15,0.006791110966729789
246.20000000000002,-0.02821617129929177
246.25,-0.0641551214387459
246.3,-0.07474770461794228
246.35000000000002,-0.03067808133984079
246.4,0.028928763795801556
246.45000000000002,0.048914742263113806
246.5,0.028137886553022188
246.55,-0.012915534980838616
246.60000000000002,-0.05320788766438149
246.65,-0.07655351631848163
246.70000000000002,-0.08039366745743146
246.75,-0.04606596992036558
246.8,0.031739725678825166
246.85000000000002,0.10046080947449022
246.9,0.11170569154392425
246.95000000000002,0.07572558263673942
247.0,0.009535845043018238
247.05,-0.07044537497933126
247.10000000000002,-0.0977461325933903
247.15,-0.03815763433337613
247.20000000000002,0.05233760396999386
247.25,0.10810916353243755
247.3,0.09766090966823235
247.35000000000002,0.0475991188708982
247.4,0.013582591302553593
247.45000000000002,0.007092630930555518
247.5,0.007110295477886794
247.55,-0.0049644124208866455
247.60000000000002,-0.03156343226090359
247.65,-0.06378845254819361
247.70000000000002,-0.0953944482128451
247.75,-0.10485867260280113
247.8,-0.06581915301777201
247.85000000000002,-0.005526810556561157
247.9,0.03102350490583411
247.95000000000002,0.050390470068825306
248.0,0.07008033317275893
248.05,0.07730538683697404
248.10000000000002,0.05027312502326281
248.15,-0.01385597173728448
248.20000000000002,-0.08751735232845387
248.25,-0.1262395948493296
248.3,-0.10683483190069393
248.35000000000002,-0.035364292099678514
248.4,0.054280432423008056
248.45000000000002,0.10338120016042852
248.5,0.08666642090121654
248.55,0.03077206956766914
248.60000000000002,-0.031496506943035955
248.65,-0.08689749580305042
248.70000000000002,-0.1067018004834379
248.75,-0.06232497488270306
248.8,0.009272777207777843
248.85000000000002,0.05937332683447126
248.9,0.08237487145562705
248.95000000000002,0.08939980887847881
249.0,0.07689460667637635
249.05,0.029694479959585303
249.10000000000002,-0.022215531381813373
249.15,-0.029661324874615147
249.20000000000002,-0.008589129389331457
249.25,-0.005435040069149175
249.3,-0.016346941135095626
249.35000000000002,-0.019721415820514298
249.4,-0.025972437404445558
249.45000000000002,-0.02198991044626608
249.5,-0.0010373712619481958
249.55,0.00972490058034227
249.60000000000002,0.013074094929146804
249.65,0.022904479854269
249.70000000000002,0.03018545025459734
249.75,0.008494849799314995
249.8,-0.027874498777029858
249.85000000000002,-0.047014896168047146
249.9,-0.03879129590232809
249.95000000000002,-0.00829260956310989
250.0,0.011061334386700483
250.05,0.018062951411160523
250.10000000000002,0.02345120267921519
250.15,0.014509947445561505
250.20000000000002,-0.017707733334337672
250.25,-0.057773235629141655
250.3,-0.0693141459347404
250.35000000000002,-0.04919251229863076
250.4,-0.020795779635250818
250.45000000000002,0.0013023494281475085
250.5,0.019864752517007117
250.55,0.03873358888696617
250.60000000000002,0.04460813124074537
250.65,0.033716388651473
250.70000000000002,0.02772706905923155
250.75,0.04015738117581822
250.8,0.06372163150152728
250.85000000000002,0.08717483455387989
250.9,0.09475925968631016
250.95000000000002,0.0649901953577206
251.0,-0.013799337953434535
251.05,-0.10348467432500252
251.10000000000002,-0.14126885712722784
251.15,-0.12141645407306796
251.20000000000002,-0.07794931018922759
251.25,-0.019200595865275453
251.3,0.04681269601675938
251.35000000000002,0.09351080304829584
251.4,0.10426649452800293
251.45000000000002,0.0692426539552456
251.5,0.005580873086272007
251.55,-0.05081280207274898
251.60000000000002,-0.07658620400010925
251.65,-0.04939722963536371
251.70000000000002,0.0122233326931232
251.75,0.05214631966935199
251.8,0.05126665885378559
251.85000000000002,0.018399580013529374
251.9,-0.03293221153841801
251.95000000000002,-0.0757392167082484
252.0,-0.07608776120100248
252.05,-0.031166913178253795
252.10000000000002,0.023437976212936668
252.15,0.05018693064327468
252.20000000000002,0.03827233024522279
252.25,0.015953191870180006
252.3,-0.006609523311530258
252.35000000000002,-0.03752024930663224
252.4,-0.06452868710620921
252.45000000000002,-0.07737811458288926
252.5,-0.0653244207153955
252.55,-0.03370665917583565
252.60000000000002,0.0009181141527617972
252.65,0.03820744738549713
252.70000000000002,0.06430576616173991
252.75,0.06402941811661368
252.8,0.05003819275782057
252.85000000000002,0.040723789138391815
252.9,0.04210446320505138
252.95000000000002,0.05143974467469309
253.0,0.059630514329673874
253.05,0.05186585320211994
253.10000000000002,0.023655893877937036
253.15,-0.01237576468755446
253.20000000000002,-0.03258866145195772
253.25,-0.02524639180002138
253.3,-0.009016593626671135
253.35000000000002,-0.009906518859957886
253.4,-0.02912787235431498
253.45000000000002,-0.04802975493611841
253.5,-0.04525695614280314
253.55,-0.00755118243971064
253.60000000000002,0.0393782473639516
253.65,0.05772714959746842
253.70000000000002,0.04489774394780251
253.75,0.01804392065270253
253.8,-0.007669446438462848
253.85000000000002,-0.03071746785631687
253.9,-0.052139971038775296
253.95000000000002,-0.0698523719150551
254.0,-0.08072569227948234
254.05,-0.07123504611848551
254.10000000000002,-0.026402376782712834
254.15,0.032157090985327784
254.20000000000002,0.06501875204671322
254.25,0.07453952281111419
254.3,0.05997069968961632
254.35000000000002,0.024446917249379516
254.4,0.0043485757085656605
254.45000000000002,0.006830850957536961
254.5,0.026613688013712437
254.55,0.05973179371171451
254.60000000000002,0.07476864265390064
254.65,0.0410900131163799
254.70000000000002,-0.023473958909911878
254.75,-0.06981520248822522
254.8,-0.08022992200287572
254.85000000000002,-0.07673646390992907
254.9,-0.07071756334164549
254.95000000000002,-0.04380417188644918
255.0,-0.0006160769017965646
255.05,0.03455075716550777
255.10000000000002,0.05163173540343301
255.15,0.04675927403977171
255.20000000000002,0.02538579642209672
255.25,-0.007448618687845163
255.3,-0.04217882707507692
255.35000000000002,-0.059373426081986556
255.4,-0.048150542648603176
255.45000000000002,-0.014075497306847677
255.5,0.029395264951345958
255.55,0.07156431950859032
255.60000000000002,0.087621871367226
255.65,0.05757342549383429
255.70000000000002,-0.0028518301021923185
255.75,-0.05923310239065189
255.8,-0.07741476880262033
255.85000000000002,-0.05176104508102243
255.9,-0.01711982355364288
255.95000000000002,0.0009278930497354698
256.0,0.009226561714121272
256.05,0.01617315346220367
256.1,0.03219708156644289
256.15000000000003,0.05599799579359482
256.2,0.0645683040185563
256.25,0.042126348243762025
256.3,-0.0073140561442086496
256.35,-0.05761331659687212
256.40000000000003,-0.0806052363607569
256.45,-0.06160260275339529
256.5,-0.01206478483513703
256.55,0.03391203241426512
256.6,0.04949977199133577
256.65000000000003,0.029649139034985682
256.7,0.0005959033129905177
256.75,-0.013314736794087526
256.8,-0.018342777814955583
256.85,-0.022610058574822258
256.90000000000003,-0.025092535527061293
256.95,-0.02092124453281821
257.0,-0.008126850624063599
257.05,0.0016356591095209518
257.1,0.005231051430953639
257.15000000000003,0.004902339414979736
257.2,-0.010693998106029886
257.25,-0.03409561503364921
257.3,-0.032919205808764056
257.35,0.005443319207352835
257.40000000000003,0.0548104943964633
257.45,0.08058197592298989
257.5,0.06553523145104884
257.55,0.013693299382772122
257.6,-0.05089547059154794
257.65000000000003,-0.09812874045013995
257.7,-0.1030219463852559
257.75,-0.06079907616587077
257.8,0.00020483052135184934
257.85,0.05604667251149294
257.90000000000003,0.10306422960364685
257.95,0.1131743628049105
258.0,0.05929668924388144
258.05,-0.023327067628773734
258.1,-0.08336174987100997
258.15000000000003,-0.10753776776521565
258.2,-0.09865855904117905
258.25,-0.05576756098529466
258.3,0.01829862105011835
258.35,0.09040524148784161
258.40000000000003,0.12137224913955678
258.45,0.11389284172739451
258.5,0.08707230741338658
258.55,0.052069976455360836
258.6,0.018617426176018886
258.65000000000003,-0.003960422593270556
258.7,-0.018072396380721816
258.75,-0.04392921118745752
258.8,-0.07379431361760369
258.85,-0.06679884378626383
258.90000000000003,-0.02712513140089026
258.95,-0.0068714479175838936
259.0,-0.019686206254456762
259.05,-0.034836444103972804
259.1,-0.04379689179727401
259.15000000000003,-0.05258306583770854
259.2,-0.05056300722769926
259.25,-0.02870811377416997
259.3,0.0058328580934752655
259.35,0.03969449996513706
259.40000000000003,0.054271971881572005
259.45,0.03828839525981197
259.5,0.016772903519250964
259.55,0.013919141242817243
259.6,0.017714658827702887
259.65000000000003,0.012210044526682767
259.7,-0.008783848757925726
259.75,-0.03848607889683458
259.8,-0.04049202838137602
259.85,0.002851803376309125
259.90000000000003,0.05302678946541208
259.95,0.07325956418458748
260.0,0.06324354146750552
260.05,0.040509192282641986
260.1,0.016937970749680797
260.15000000000003,-0.002282878852556871
260.2,-0.01765117586560277
260.25,-0.03566225259345351
260.3,-0.04150343466076054
260.35,-0.025370924750711007
260.40000000000003,-0.007219330716300887
260.45,0.014726608906314977
260.5,0.049144899848616856
260.55,0.06684677278839368
260.6,0.04541455801875893
260.65000000000003,0.0026863958695212274
260.7,-0.03186567523616949
260.75,-0.05462446001063209
260.8,-0.07275338587754467
260.85,-0.07730717663750435
260.90000000000003,-0.06809093376265447
260.95,-0.048558164847351995
261.0,-0.022889077065101487
261.05,-0.0003857154334956351
261.1,0.0209789224291567
261.15000000000003,0.042362011696773595
261.2,0.06128563303269614
261.25,0.0682512293405652
261.3,0.05731244122256144
261.35,0.04008105597571894
261.40000000000003,0.02125843021028574
261.45,-0.005703209189191307
261.5,-0.03386328484150947
261.55,-0.04541067695787711
261.6,-0.04005085156268355
261.65000000000003,-0.031128016678091144
261.7,-0.016057150486400468
261.75,0.009523589838032396
261.8,0.025671247056187865
261.85,0.020876744420058133
261.90000000000003,0.010416054584295531
261.95,0.010764661410768483
262.0,0.026908695513173778
262.05,0.04836415846633192
262.1,0.05336006894513975
262.15000000000003,0.024100494984328445
262.2,-0.030906217599560436
262.25,-0.08288959377335876
262.3,-0.11208194742275218
262.35,-0.09811280392259256
262.40000000000003,-0.033017708030458136
262.45,0.04436651197899906
262.5,0.09221704771886063
262.55,0.10424096666699609
262.6,0.07910863248526216
262.65000000000003,0.026317397470849758
262.7,-0.02496867185193658
262.75,-0.06425843069637739
262.8,-0.08853360700902707
262.85,-0.08987541161727841
262.90000000000003,-0.06801703287891848
262.95,-0.031478380246462136
263.0,-0.010195017030091253
263.05,-0.018337210815243424
263.1,-0.033950331569436866
263.15000000000003,-0.040369820015524596
263.2,-0.03354230253086561
263.25,-0.006638473681530402
263.3,0.035600507020371416
263.35,0.06880267382193098
263.40000000000003,0.08721041030956457
263.45,0.10806718268902933
263.5,0.12824129336728918
263.55,0.11951647521166443
263.6,0.07809975444021616
263.65000000000003,0.02990761637551348
263.7,-0.01118622739686202
263.75,-0.04111932717898579
263.8,-0.05260212060930189
263.85,-0.049588841631917374
263.90000000000003,-0.05044318459283193
263.95,-0.05280885292027452
264.0,-0.037886070480612696
264.05,-0.015371613663972395
264.1,-0.017334788594917896
264.15000000000003,-0.047578995184131265
264.2,-0.07514008660265206
264.25,-0.07053129641156494
264.3,-0.01809240305371288
264.35,0.052177803880005466
264.40000000000003,0.07759826157682378
264.45,0.04421525602238622
264.5,-0.010516960824465852
264.55,-0.05089320376607661
264.6,-0.05028218511045779
264.65000000000003,-0.007105548661815834
264.7,0.047130888461987284
264.75,0.08657833016135542
264.8,0.09171209036782757
264.85,0.062761260863057
264.90000000000003,0.024635479132680382
264.95,-0.007967031877631786
265.0,-0.026533497897056925
265.05,-0.028085660037879146
265.1,-0.018362074470172
265.15000000000003,-0.0034750199170771033
265.2,0.011780133657227264
265.25,0.023262373795087287
265.3,0.031173507546914822
265.35,0.03495951181106596
265.40000000000003,0.02009428111487417
265.45,-0.010859069191067878
265.5,-0.029846628724061262
265.55,-0.025404394200065062
265.6,-0.019143623746736317
265.65000000000003,-0.03655221299253644
265.7,-0.06340794796039316
265.75,-0.07235009190290392
265.8,-0.058090325733917994
265.85,-0.024657414533392995
265.90000000000003,0.01748116897938233
265.95,0.04651229841774632
266.0,0.04211852672721458
266.05,0.009465525931875727
266.1,-0.023699426134314572
266.15000000000003,-0.030804211628566468
266.2,-0.007258063635296046
266.25,0.030364842334953162
266.3,0.06050389935968631
266.35,0.0705055877539524
266.40000000000003,0.06049780211050759
266.45,0.03824058651375897
266.5,0.007659536107701522
266.55,-0.019954533151000403
266.6,-0.027810673393267926
266.65000000000003,-0.017847225135554094
266.7,0.004015143444374911
266.75,0.02251024015298899
266.8,0.018933244176974427
266.85,-0.008108626187657203
266.90000000000003,-0.045573738381573414
266.95,-0.06993500883960986
267.0,-0.06327865860149987
267.05,-0.021704877203699634
267.1,0.02955998822372256
267.15000000000003,0.0549702018916255
267.2,0.05089779701757782
267.25,0.029342967361707037
267.3,0.0012219027182557597
267.35,-0.018605136615498768
267.40000000000003,-0.02149021793662961
267.45,-0.015120637197904626
267.5,-0.014758250603974577
267.55,-0.02005140774332318
267.6,-0.033148593760526056
267.65000000000003,-0.05656650130954894
267.7,-0.06174837880103141
267.75,-0.032197353831665616
267.8,0.014269540066234225
267.85,0.05781196714054827
267.90000000000003,0.08801822708805573
267.95,0.09125609355329518
268.0,0.05212243881925788
268.05,-0.0063397153091346355
268.1,-0.040221427809536844
268.15000000000003,-0.04359105754417519
268.2,-0.030858535150780877
268.25,-0.004752831473194236
268.3,0.03324389251242153
268.35,0.06610419896033155
268.40000000000003,0.06106476323357962
268.45,0.005320637180605659
268.5,-0.06435298475744347
268.55,-0.1038734176754132
268.6,-0.10365165134988098
268.65000000000003,-0.07188405723436417
268.7,-0.024121546205827748
268.75,0.01938704682477525
268.8,0.04333656935479156
268.85,0.04505596774413398
268.90000000000003,0.02893692312837592
268.95,-0.0017908342883390619
269.0,-0.02644381480548459
269.05,-0.02164079045828729
269.1,0.007749357949174965
269.15000000000003,0.04384705995081855
269.2,0.06686814906074905
269.25,0.06174797516317865
269.3,0.028352777675010314
269.35,-0.019927301316453604
269.40000000000003,-0.054958976388491926
269.45,-0.06429137952227461
269.5,-0.060796670362702726
269.55,-0.05283755926079108
269.6,-0.044008011777493174
269.65000000000003,-0.02923929743807358
269.7,-0.007181298586464931
269.75,0.005163884533931832
269.8,0.009922448128265727
269.85,0.03459943926675718
269.90000000000003,0.07494235486607376
269.95,0.09324831538762647
270.0,0.07971983500279994
270.05,0.05267525579047824
270.1,0.023288726720569582
270.15000000000003,-0.004368555960506954
270.2,-0.027813873122234958
270.25,-0.042920968563537255
270.3,-0.04570358503708262
270.35,-0.036154513308642194
270.40000000000003,-0.017353642674021678
270.45,-0.00013217752301654593
270.5,0.012826804298859547
270.55,0.024421179762828277
270.6,0.03273929021551098
270.65000000000003,0.04272588384474597
270.7,0.05103889192924315
270.75,0.042383241966726264
270.8,0.011363727827909181
270.85,-0.025313089592345104
270.90000000000003,-0.0472861056976909
270.95,-0.047281701592301294
271.0,-0.028709884640908363
271.05,-0.0026886190460615215
271.1,0.028787069572459086
271.15000000000003,0.051307335759544034
271.2,0.03912799161696185
271.25,-0.004685075658533971
271.3,-0.06014752789128541
271.35,-0.0993508884938857
271.40000000000003,-0.10091489272905917
271.45,-0.07143061134149346
271.5,-0.029980190381077215
271.55,0.00803465638701711
271.6,0.031616022857440085
271.65000000000003,0.04025756709391168
271.7,0.03384122629370555
271.75,0.006505651216833698
271.8,-0.019964773380930292
271.85,-0.01695506890020734
271.90000000000003,0.0029760115390381693
271.95,0.021119749052155887
272.0,0.04266323758459735
272.05,0.06295054589517371
272.1,0.06449214025038444
272.15000000000003,0.04533256376655238
272.2,0.019901027917645957
272.25,0.00020644146583754692
272.3,-0.012257274459552837
272.35,-0.019106028364241533
272.40000000000003,-0.01721018865306719
272.45,-0.007571383744408135
272.5,-0.007060010335673274
272.55,-0.01330213261843472
272.6,-0.005115245742227478
272.65000000000003,0.009294666814916515
272.7,0.01936094717588353
272.75,0.031018481624579288
272.8,0.032189061351254905
272.85,0.009888185167024749
272.90000000000003,-0.02577397562815818
272.95,-0.05670124862900353
273.0,-0.07388518627104637
273.05,-0.08021287071136234
273.1,-0.0789319537724598
273.15000000000003,-0.07435443505413382
273.2,-0.0628104824507424
273.25,-0.029370756318559205
273.3,0.020657890792291633
273.35,0.06440715127960962
273.40000000000003,0.08951521274039405
273.45,0.09356659861910313
273.5,0.08421827581582252
273.55,0.07951803754514765
273.6,0.07785429989991502
273.65000000000003,0.05568647746566818
273.7,0.012381965354284862
273.75,-0.03433945112430142
273.8,-0.07189225768577157
273.85,-0.08660817797526729
273.90000000000003,-0.07410504766036403
273.95,-0.04157538449991651
274.0,-0.0013393759936866365
274.05,0.03607791903847463
274.1,0.06402225958209995
274.15000000000003,0.07118361591511982
274.2,0.04866821583253817
274.25,0.0005056713340891129
274.3,-0.047774203005828235
274.35,-0.06523704162879425
274.40000000000003,-0.04930052103231932
274.45,-0.017070031203081367
274.5,0.02021837398965492
274.55,0.045508454031930844
274.6,0.03776905878863925
274.65000000000003,0.004876790104987317
274.7,-0.029458713160174295
274.75,-0.05068979581541541
274.8,-0.05357026191559167
274.85,-0.04153030280193278
274.90000000000003,-0.02172852468039494
274.95,-0.0015054644109241137
275.0,0.012204485513945585
275.05,0.013997428096612481
275.1,0.009510116945080844
275.15000000000003,0.013902577931441316
275.2,0.026421506678292087
275.25,0.027649555877117107
275.3,0.01742518848404375
275.35,0.01020155923453656
275.40000000000003,0.001994780883936803
275.45,-0.013721732651179314
275.5,-0.028102605256332153
275.55,-0.03366308329709314
275.6,-0.03226006373963703
275.65000000000003,-0.0184262828039948
275.7,0.008218634193105286
275.75,0.02908659241851501
275.8,0.030907518866881672
275.85,0.01635118529072545
275.90000000000003,-0.0020127322515404167
275.95,-0.009841665214409748
276.0,-0.004780970241366719
276.05,0.006714047079466862
276.1,0.023172968458942303
276.15000000000003,0.036784272823759505
276.2,0.0314958723608387
276.25,0.004082863734137685
276.3,-0.03528250243935749
276.35,-0.059999059360971545
276.40000000000003,-0.044112500522182234
276.45,0.003286959846565892
276.5,0.053165304104902465
276.55,0.08197421654577022
276.6,0.07771610835801442
276.65000000000003,0.04553538889846396
276.7,0.007641657159750542
276.75,-0.013806431072484887
276.8,-0.013530629136198445
276.85,-0.0019051731865065591
276.90000000000003,0.006442674419905244
276.95,0.016081969386254755
277.0,0.03422276196979421
277.05,0.04157679921375492
277.1,0.02010311471379996
277.15000000000003,-0.03153787910937511
277.2,-0.09614720701025467
277.25,-0.13718308346248306
277.3,-0.13049080328031099
277.35,-0.08668166876039828
277.40000000000003,-0.02777119992373149
277.45,0.03335988412854593
277.5,0.07084071172436339
277.55,0.06783993590610402
277.6,0.04784668986964735
277.65000000000003,0.03345051940311683
277.7,0.026134020718584845
277.75,0.02047819008098029
277.8,0.0049023698939230755
277.85,-0.024804448216087165
277.90000000000003,-0.05460132385039773
277.95,-0.06820681508180874
278.0,-0.061259780953930774
278.05,-0.04419251753973665
278.1,-0.021325848190953005
278.15000000000003,0.00863847857447387
278.2,0.03205687962007149
278.25,0.042663638983029405
278.3,0.04253826000158207
278.35,0.0276173450675457
278.40000000000003,0.0045491244723539145
278.45,-0.012162751059059557
278.5,-0.022081225180120952
278.55,-0.023138213076522283
278.6,-0.010101890001947448
278.65000000000003,0.007292049046787234
278.7,0.02456200870074579
278.75,0.03945167249850955
278.8,0.042354199992704546
278.85,0.03347931827628052
278.90000000000003,0.022489048916614154
278.95,0.015353003370912542
279.0,0.01067403119905247
279.05,0.00958037151468073
279.1,0.014849165356311696
279.15000000000003,0.02057949642826041
279.2,0.023494888427791443
279.25,0.022819840330188277
279.3,0.018503928042383936
279.35,0.016749818991063037
279.40000000000003,0.013548077620010094
279.45,-0.0004059382533248979
279.5,-0.02635471508237278
279.55,-0.061615790935440576
279.6,-0.09483423887525501
279.65000000000003,-0.11159636999332614
279.7,-0.10967778434916539
279.75,-0.09116816492043142
279.8,-0.057411512425980395
279.85,-0.014389191648575486
279.90000000000003,0.030831631627757868
279.95,0.0685115768492424
280.0,0.08761137923298333
280.05,0.08395890828084766
280.1,0.05963794393771557
280.15000000000003,0.026812591818709302
280.2,0.003777085243879053
280.25,-0.006713626697018893
280.3,-0.010251937966018605
280.35,-0.00543210830709302
280.40000000000003,0.008809034020937315
280.45,0.028797173400172772
280.5,0.04769434902643925
280.55,0.05778734492237078
280.6,0.05103831738845101
280.65000000000003,0.031560812828022734
280.7,0.017291859333560262
280.75,0.01069253267549654
280.8,-0.009003542368680983
280.85,-0.047285347109659294
280.90000000000003,-0.07647893331058102
280.95,-0.07129314437292923
281.0,-0.03445163739658176
281.05,0.009084425659708332
281.1,0.03366324456959649
281.15000000000003,0.029964185960411418
281.2,0.008638625100001586
281.25,-0.01616906822074628
281.3,-0.03843598977372945
281.35,-0.05153787642183742
281.40000000000003,-0.05015134968446321
281.45,-0.03356640101728084
281.5,-0.012628051354998247
281.55,0.0007314456780676594
281.6,0.006243046035254473
281.65000000000003,0.004420032167284462
281.7,0.002876573090454304
281.75,0.0123138968120869
281.8,0.025315776781920016
281.85,0.03229348866990091
281.90000000000003,0.03431876948100836
281.95,0.028429556732943492
282.0,0.009641542247593997
282.05,-0.011727238186377774
282.1,-0.022335468828689222
282.15000000000003,-0.018688839822204616
282.2,-0.0008503084882371889
282.25,0.02036911067817381
282.3,0.032429687217985205
282.35,0.030493434107230905
282.40000000000003,0.02165324634471129
282.45,0.009835645505253999
282.5,-0.007883084909416714
282.55,-0.022548732095595016
282.6,-0.029718431296575858
282.65000000000003,-0.02443870409908967
282.7,-0.009343003662160836
282.75,-0.005921012536766078
282.8,-0.022084727810183162
282.85,-0.04634767295639128
282.90000000000003,-0.0608851532378615
282.95,-0.04931374871919059
283.0,-0.014628941734134059
283.05,0.018725091268378905
283.1,0.03208437760758349
283.15000000000003,0.02489739910061901
283.2,0.009993060028800365
283.25,0.001648375486498082
283.3,-0.0013209797213250478
283.35,-0.008075807770666748
283.40000000000003,-0.012754013421532378
283.45,-0.0025980168465323493
283.5,0.019289292114787433
283.55,0.03180836289144492
283.6,0.02188797516298308
283.65000000000003,0.003758889709049718
283.7,-0.009334730636773678
283.75,-0.01608766822248264
283.8,-0.018618169240022246
283.85,-0.01827410529187024
283.90000000000003,-0.015985750752112855
283.95,-0.011333907583728523
284.0,0.003355678128940356
284.05,0.022622042473615087
284.1,0.03869538725633201
284.15000000000003,0.048285242667310914
284.2,0.04413843505805572
284.25,0.030158969847828145
284.3,0.014873870268621065
284.35,-0.00046470345614590914
284.40000000000003,-0.022828585294685143
284.45,-0.043536803322463284
284.5,-0.045885446975947715
284.55,-0.031871770914167874
284.6,-0.003534553972695249
284.65000000000003,0.02967081424801632
284.7,0.04495122870038628
284.75,0.03943462880807571
284.8,0.022659796994759968
284.85,-0.00427753805396874
284.90000000000003,-0.028859082189476023
284.95,-0.035695483813726614
285.0,-0.02662822110331894
285.05,-0.008342834837878066
285.1,0.01731984420494909
285.15000000000003,0.04640382151525034
285.2,0.05959235868870365
285.25,0.04520874756657598
285.3,0.017474941039054663
285.35,-0.0064032961205449344
285.40000000000003,-0.021308589836486397
285.45,-0.029967914121665613
285.5,-0.029637259407390586
285.55,-0.01895805775527536
285.6,-0.0055667089456646794
285.65000000000003,0.005364782123938411
285.7,0.014964805152683095
285.75,0.024159920691526594
285.8,0.027006762353568754
285.85,0.02407040191406646
285.90000000000003,0.0222859029692273
285.95,0.021665682667096463
286.0,0.015785520753337053
286.05,-0.0011796100352547858
286.1,-0.027451771810802928
286.15000000000003,-0.053321968512349
286.2,-0.06781113430241514
286.25,-0.07201546665890653
286.3,-0.06814061541831999
286.35,-0.05856473330779189
286.40000000000003,-0.04803621409363741
286.45,-0.035086485964641714
286.5,-0.018104558541941877
286.55,0.005365132683902083
286.6,0.03189773299031474
286.65000000000003,0.05113374988187103
286.7,0.05615259112966592
286.75,0.05032694767192292
286.8,0.0390304269378755
286.85,0.023322970369227005
286.90000000000003,0.0057824140863714825
286.95,-0.008836942455763894
287.0,-0.012451243763994545
287.05,-0.005719117269216167
287.1,-0.0055608508911210875
287.15000000000003,-0.014329410930583661
287.2,-0.013296521465840932
287.25,1.6533923616616025e-05
287.3,0.01799888867943382
287.35,0.037342220195440146
287.40000000000003,0.048060897936232534
287.45,0.0471426814294373
287.5,0.03878867798628169
287.55,0.018767606320088545
287.6,-0.011827492664643302
287.65000000000003,-0.03832298519435968
287.7,-0.05204417599562689
287.75,-0.0512914556514716
287.8,-0.03097863340795166
287.85,0.0002287387337376145
287.90000000000003,0.026552751823032683
287.95,0.04476379537734565
288.0,0.052226314606986034
288.05,0.049354923349663085
288.1,0.03928801034039253
288.15000000000003,0.01941781864209585
288.2,-0.0022722177885651706
288.25,-0.008502048818618768
288.3,0.0006008929615369312
288.35,0.008933161775008176
288.40000000000003,0.005474883583403517
288.45,-0.0031171995873603207
288.5,-0.010078361946705425
288.55,-0.02516290686131142
288.6,-0.04378280335315621
288.65000000000003,-0.04684906574665585
288.7,-0.03437038963737537
288.75,-0.017635426979964838
288.8,-0.0009107778819437427
288.85,0.01123096085544844
288.90000000000003,0.016279354657680115
288.95,0.010346888031097566
289.0,-0.009384345812709943
289.05,-0.03643952745579752
289.1,-0.06406429481301414
289.15000000000003,-0.082046132436538
289.2,-0.08384368052508935
289.25,-0.06564048841983354
289.3,-0.03775097035646767
289.35,-0.008447079283972689
289.40000000000003,0.027167552260525286
289.45,0.0614324778535046
289.5,0.08584112324982875
289.55,0.0891656780503037
289.6,0.07268819300426006
289.65000000000003,0.048298650331403
289.7,0.029132877425361574
289.75,0.02651803739509939
289.8,0.03309542166576843
289.85,0.03743205760984837
289.90000000000003,0.034298945833475765
289.95,0.02764301037917071
290.0,0.022609222717428407
290.05,0.020601748503216662
290.1,0.014787677584094092
290.15000000000003,5.4572824068475756e-05
290.2,-0.014300065697999622
290.25,-0.019494273514750447
290.3,-0.02118385796085742
290.35,-0.03283280964436903
290.40000000000003,-0.04844132515534414
290.45,-0.054509304850311226
290.5,-0.050256048778594055
290.55,-0.037651211527058116
290.6,-0.02402232713601559
290.65000000000003,-0.017709611020199488
290.7,-0.0128592013134876
290.75,-0.005333959014969807
290.8,-0.000952018943392047
290.85,-0.0021950444964598873
290.90000000000003,-0.00946343633301039
290.95,-0.013782800237992505
291.0,-0.006487594852235894
291.05,0.00622554120372119
291.1,0.01646895667134259
291.15000000000003,0.023707716341637774
291.2,0.02405461511903757
291.25,0.01318779549820626
291.3,-0.0013461181562915564
291.35,-0.013488046691080922
291.40000000000003,-0.023947928729570786
291.45,-0.034629904804143956
291.5,-0.046390670660335614
291.55,-0.0529915393827252
291.6,-0.04564558838412667
291.65000000000003,-0.028146080823669144
291.7,-0.00595877446070498
291.75,0.015185392853508655
291.8,0.025224741705749166
291.85,0.028888667300542948
291.90000000000003,0.031825851943359
291.95,0.03170159304258069
292.0,0.02420678434068073
292.05,0.005491365024025406
292.1,-0.016296301949439866
292.15000000000003,-0.029673876218565803
292.2,-0.03168428329641975
292.25,-0.024044517507945354
292.3,-0.006607928828960534
292.35,0.02034873174736825
292.40000000000003,0.04070629947687717
292.45,0.042188693216988926
292.5,0.037428737610507204
292.55,0.03193011948358029
292.6,0.03010977992019038
292.65000000000003,0.03515778054470625
292.7,0.038014956728615046
292.75,0.037061087040646874
292.8,0.02556044128964817
292.85,0.00482488841900615
292.90000000000003,-0.011266099736500664
292.95,-0.016260900839817048
293.0,-0.02015891586641482
293.05,-0.02782378060316365
293.1,-0.038907142338588115
293.15000000000003,-0.048936937498806364
293.2,-0.040012540388979154
293.25,-0.02404100305091103
293.3,-0.01611601747467022
293.35,-0.012971292902074168
293.40000000000003,-0.009870407260155593
293.45,-0.004617242510350728
293.5,0.007701998060948357
293.55,0.02851835350702331
293.6,0.045784309011970045
293.65000000000003,0.05100267142416818
293.7,0.03636335702214415
293.75,0.01109990047720707
293.8,-0.010996484685785343
293.85,-0.02402007318288296
293.90000000000003,-0.021622304284555322
293.95,-0.016975279581601218
294.0,-0.013991593784741517
294.05,-0.010677900220103108
294.1,-0.011701628100023984
294.15000000000003,-0.003719675510196676
294.2,0.00989161702467305
294.25,0.01234533042478444
294.3,0.004809641678816588
294.35,-0.0016344571999265876
294.40000000000003,-0.002623369397411452
294.45,-0.0013154370422414614
294.5,0.004243531577795883
294.55,0.013024050392720091
294.6,0.01592742969882497
294.65000000000003,0.007789781959600488
294.7,-0.003382716430304711
294.75,-0.007958868733680314
294.8,-0.0012602819907077646
294.85,0.010042184139634154
294.90000000000003,0.017032618671649277
294.95,0.016796874665736858
295.0,0.005634045391580861
295.05,-0.0029365286806880054
295.1,-0.0015309394097191248
295.15000000000003,0.0006467639762220795
295.2,-0.0008526711755675602
295.25,-0.010158620034292925
295.3,-0.020411325185325346
295.35,-0.021788344195980646
295.40000000000003,-0.011921631306555231
295.45,0.010274720115495604
295.5,0.03861651933661776
295.55,0.06157881890997935
295.6,0.06821319169323203
295.65000000000003,0.053970804510162604
295.7,0.026547002766897917
295.75,-0.00307167409648066
295.8,-0.030324093492288987
295.85,-0.050364699343438714
295.90000000000003,-0.061707314124176425
295.95,-0.06397488938338403
296.0,-0.05837792208024656
296.05,-0.052432951033622666
296.1,-0.04373843115214011
296.15000000000003,-0.027724927989853074
296.2,-0.0096273876029746
296.25,-0.004064977718842263
296.3,-0.010781029145925785
296.35,-0.012570132583743426
296.40000000000003,-0.005059104413797024
296.45,0.010432598997784778
296.5,0.028329737976588946
296.55,0.03884381075037663
296.6,0.037080954079907476
296.65000000000003,0.02492668538911954
296.7,0.006917713469894464
296.75,-0.01215097098092559
296.8,-0.02752033022991234
296.85,-0.038873984533155055
296.90000000000003,-0.04423120128716475
296.95,-0.034614023973524734
297.0,-0.005039875395454359
297.05,0.03362292379223955
297.1,0.06644821178399692
297.15000000000003,0.08571603217729117
297.2,0.09083363138746169
297.25,0.08515457945820404
297.3,0.07010698666739505
297.35,0.046726821505741534
297.40000000000003,0.02154147477461773
297.45,-0.0001790066644312314
297.5,-0.02358274429115176
297.55,-0.0516083733387645
297.6,-0.07459211050361135
297.65000000000003,-0.08383705184644043
297.7,-0.07926634661097884
297.75,-0.06529377699619907
297.8,-0.04522865908945364
297.85,-0.016582956606070343
297.90000000000003,0.014925541324517672
297.95,0.03837722278605005
298.0,0.046831702786746816
298.05,0.038716572178056005
298.1,0.027543077873178726
298.15000000000003,0.02350898451989141
298.2,0.02653663388564506
298.25,0.03177032919652304
298.3,0.029310582774395338
298.35,0.01630022157876918
298.40000000000003,-0.0044313815417627795
298.45,-0.022423008663519855
298.5,-0.024986439755419153
298.55,-0.013920012512297556
298.6,0.002069563009121819
298.65000000000003,0.019116832654705936
298.7,0.030433223803306226
298.75,0.029284121545722668
298.8,0.021467659218203552
298.85,0.011477562216603595
298.90000000000003,-0.0035339093716615587
298.95,-0.021398261972584664
299.0,-0.03336522627407056
299.05,-0.03189733807264841
299.1,-0.018778187973813414
299.15000000000003,-0.002568205044258941
299.2,0.007214897222363485
299.25,0.002856068198972443
299.3,-0.009004367358905412
299.35,-0.015667774517512983
299.40000000000003,-0.016477785160850668
299.45,-0.012271211703305182
299.5,-0.0014795597911596988
299.55,0.01134360185071678
299.6,0.01606633036402542
299.65000000000003,0.009011513659850607
299.7,-0.001816994089492528
299.75,-0.010058714835731794
299.8,-0.01610774333623573
299.85,-0.018428871763346576
299.90000000000003,-0.012072479936299025
299.95,0.004051471842212179
300.0,0.016941818063888756
300.05,0.014488237424414956
300.1,0.008354252404209433
300.15000000000003,0.0049788157970415674
300.2,-9.568386091461718e-05
300.25,-0.003009331428154635
300.3,0.0015567367935443925
300.35,0.01080515752059707
300.40000000000003,0.01213737161315059
300.45,0.008100320529167225
300.5,0.009738738548514748
300.55,0.016109120599189477
300.6,0.01783704938725645
300.65000000000003,0.012761591506200303
300.7,0.0068352250824865795
300.75,-0.0037742898296321712
300.8,-0.02109563194221789
300.85,-0.038809113863446855
300.90000000000003,-0.04559230293850691
300.95,-0.03500330010204702
301.0,-0.010741144477049587
301.05,0.01649642756395399
301.1,0.03412129758253662
301.15000000000003,0.03818599438278832
301.2,0.029920512638003743
301.25,0.010251120724713679
301.3,-0.020334261999742732
301.35,-0.05051385223595912
301.40000000000003,-0.06322690647345913
301.45,-0.053181637760694955
301.5,-0.03133390270547243
301.55,-0.0132327396269325
301.6,-0.007595138250254949
301.65000000000003,-0.01744339762268894
301.7,-0.034083900143026556
301.75,-0.04398343234324282
301.8,-0.044529007215480094
301.85,-0.040299892431015526
301.90000000000003,-0.029230639257049225
301.95,-0.010362491114022416
302.0,0.01036095591917415
302.05,0.029030836184864413
302.1,0.043485838533203376
302.15000000000003,0.04887693444743362
302.2,0.04157013316127329
302.25,0.026654405717650934
302.3,0.008830275752149097
302.35,-0.00862433619299314
302.40000000000003,-0.018877120005906606
302.45,-0.017474007865225884
302.5,-0.006903840527675188
302.55,0.006241114504023185
302.6,0.017303624057348196
302.65000000000003,0.02717129501359649
302.7,0.036725459526873644
302.75,0.03755564959345287
302.8,0.02515442062819893
302.85,0.006653339149918119
302.90000000000003,-0.00746310881539178
302.95,-0.013261230686806852
303.0,-0.015822289084608056
303.05,-0.01695554645786867
303.1,-0.017642504383884924
303.15000000000003,-0.016104528824056268
303.2,-0.0104919887378148
303.25,-0.004587412632303994
303.3,0.00101544137519339
303.35,0.006352477530782832
303.40000000000003,0.014077670273162677
303.45,0.01674174142833543
303.5,0.009291537964140673
303.55,0.004189153553788671
303.6,0.0043706395835625645
303.65000000000003,0.0027329952715664596
303.7,-0.0046538597886782015
303.75,-0.011208188895067894
303.8,-0.009268346800309572
303.85,0.0031209324404605056
303.90000000000003,0.02261433752963083
303.95,0.03635637560190075
304.0,0.03578015759884999
304.05,0.022204117777159905
304.1,-0.0006711857581443741
304.15000000000003,-0.023709884100420957
304.2,-0.034037784543227305
304.25,-0.030551646201139846
304.3,-0.021072555549957187
304.35,-0.006854587282641851
304.40000000000003,0.013335236591314267
304.45,0.030345804803310547
304.5,0.03419685173020265
304.55,0.025712642718499674
304.6,0.012004122025760209
304.65000000000003,0.0028341161160440314
304.7,0.0025420179865833317
304.75,0.008822434684885251
304.8,0.017521779809964114
304.85,0.02208362812628618
304.90000000000003,0.01603022572054233
304.95,-0.0010751504951936842
305.0,-0.0234115366703977
305.05,-0.03901708614608001
305.1,-0.03510001790163016
305.15000000000003,-0.017110258888848026
305.2,-0.0026275741067638657
305.25,-0.0004032210512458691
305.3,-0.0053979281368638
305.35,-0.004901866115087109
305.40000000000003,0.005684787606194279
305.45,0.022377908826858927
305.5,0.039067025242921334
305.55,0.0458550264709293
305.6,0.037850980696486215
305.65000000000003,0.023222514095004622
305.7,0.007976800564415404
305.75,-0.007295854991928583
305.8,-0.022147620487439835
305.85,-0.03694165733042264
305.90000000000003,-0.041516519190809356
305.95,-0.029498746081870086
306.0,-0.010321506986978743
306.05,0.002738466315868397
306.1,0.007271440232536549
306.15000000000003,0.010066093841161946
306.2,0.011720021478219194
306.25,0.013831749924978418
306.3,0.01595497304757613
306.35,0.013171691694238137
306.40000000000003,0.006466584659397075
306.45,-0.002533522806213745
306.5,-0.015112533643244462
306.55,-0.029030873917691418
306.6,-0.03560805569331831
306.65000000000003,-0.028085766373058298
306.7,-0.008545086464953425
306.75,0.017644827525787356
306.8,0.043239319980656755
306.85,0.05910262513429382
306.90000000000003,0.06361279769807895
306.95,0.05892898182680321
307.0,0.04661198391412664
307.05,0.030337344096111104
307.1,0.01490052383519111
307.15000000000003,0.0026289070861218594
307.20000000000005,-0.008942871342209308
307.25,-0.021188647818766348
307.3,-0.032588491315004305
307.35,-0.04274355774826345
307.40000000000003,-0.051137592907227934
307.45000000000005,-0.054861507591894565
307.5,-0.04995426265383088
307.55,-0.0375002579319956
307.6,-0.025179693400778136
307.65000000000003,-0.019031872401394128
307.70000000000005,-0.021324596676694983
307.75,-0.027941066418921714
307.8,-0.03552032169271601
307.85,-0.041112326374259475
307.90000000000003,-0.03336236780050387
307.95000000000005,-0.013856165714192526
308.0,-0.00041617829182110093
308.05,-0.0018126645840992705
308.1,-0.007592071778482053
308.15000000000003,-0.008532831865623255
308.20000000000005,-0.006791827949410641
308.25,-0.0026028251719592567
308.3,0.002562531809276895
308.35,0.006402681333169519
308.40000000000003,0.012595100462002289
308.45000000000005,0.027842642338066603
308.5,0.050167334058377804
308.55,0.06700976686196383
308.6,0.07234809652860692
308.65000000000003,0.0691256430103735
308.70000000000005,0.06074123036328574
308.75,0.04975025069068637
308.8,0.04052825239673715
308.85,0.036238972097727626
308.90000000000003,0.02597432998976825
308.95000000000005,0.003447785154486283
309.0,-0.016050723820294183
309.05,-0.023404297825850233
309.1,-0.020989763345059045
309.15000000000003,-0.015455800358426891
309.20000000000005,-0.013582383719854915
309.25,-0.013860806520877136
309.3,-0.012055465290716001
309.35,-0.007003271900328639
309.40000000000003,-0.0043829718198641196
309.45000000000005,-0.007392945879577769
309.5,-0.014373099636191744
309.55,-0.02490294875043469
309.6,-0.03383984297077511
309.65000000000003,-0.03352971052896038
309.70000000000005,-0.029890847976551067
309.75,-0.029391638579904105
309.8,-0.024811258542629583
309.85,-0.013166864073417097
309.90000000000003,0.003992650783626632
309.95000000000005,0.023157749840567798
310.0,0.038720751705257704
310.05,0.047454141709216136
310.1,0.04685904041524501
310.15000000000003,0.035358936535559285
310.20000000000005,0.015817142846157973
310.25,-0.009745240138220677
310.3,-0.037719081405540825
310.35,-0.0569233925476219
310.40000000000003,-0.06015686531680123
310.45000000000005,-0.050628598824023756
310.5,-0.037042982479501094
310.55,-0.023747620020773512
310.6,-0.015891922212738163
310.65000000000003,-0.017342765338185705
310.70000000000005,-0.02273173291209122
310.75,-0.02235115659698856
310.8,-0.009479515560782059
310.85,0.009121346285097944
310.90000000000003,0.02776945044648941
310.95000000000005,0.04475483120587929
311.0,0.05121325308780876
311.05,0.04459416120591259
311.1,0.02974578675298745
311.15000000000003,0.011484926269757653
311.20000000000005,-0.005697543208098979
311.25,-0.01976517693127574
311.3,-0.029622294356644017
311.35,-0.03340965680991986
311.40000000000003,-0.03290550984829044
311.45000000000005,-0.028080637670854915
311.5,-0.015837049227985695
311.55,-0.00033578302392752113
311.6,0.012880503071877204
311.65000000000003,0.020599512666719395
311.70000000000005,0.02235277674737359
311.75,0.017465719792752687
311.8,0.0043656453688744835
311.85,-0.014274350138770849
311.90000000000003,-0.031429876198247574
311.95000000000005,-0.039775400086449794
312.0,-0.03926452045799373
312.05,-0.032288963444208826
312.1,-0.017969532972422344
312.15000000000003,0.0029934018937433342
312.20000000000005,0.025030864216456845
312.25,0.042036848618942725
312.3,0.05140821247299834
312.35,0.05380596217869357
312.40000000000003,0.0521682875302152
312.45000000000005,0.04469792715055774
312.5,0.028175828063715685
312.55,0.004168316214305549
312.6,-0.02424857253908182
312.65000000000003,-0.04198376924665638
312.70000000000005,-0.039031270311267435
312.75,-0.022435931698216553
312.8,-0.002251355005817397
312.85,0.008482718957048278
312.90000000000003,0.009235663896025476
312.95000000000005,0.00498916820651586
313.0,-0.0011105914518666814
313.05,-0.002352563321632409
313.1,0.0018670252200192244
313.15000000000003,0.009801617549695262
313.20000000000005,0.01806649985089218
313.25,0.024339825587691294
313.3,0.02725472607069125
313.35,0.021675120530864664
313.40000000000003,0.008175952566991334
313.45000000000005,-0.006911015751440275
313.5,-0.020426416878896594
313.55,-0.029723799396408353
313.6,-0.030305039561988222
313.65000000000003,-0.022328937478147168
313.70000000000005,-0.01130278345390337
313.75,-0.001325370281067903
313.8,0.005375001297904883
313.85,0.011235376272353638
313.90000000000003,0.019112377746585033
313.95000000000005,0.027544557425334865
314.0,0.03480092252163508
314.05,0.03376274495971673
314.1,0.02591271039797436
314.15000000000003,0.017072532038189002
314.20000000000005,0.006066353926568853
314.25,-0.0014675807997673656
314.3,0.0005281053587845728
314.35,0.010613339776221309
314.40000000000003,0.01602458341406133
314.45000000000005,0.005750090494941291
314.5,-0.010395714477161595
314.55,-0.018093870163828293
314.6,-0.017505649952124974
314.65000000000003,-0.017088386697984934
314.70000000000005,-0.017189406211202726
314.75,-0.014742086926870084
314.8,-0.01309022272853566
314.85,-0.014320313096808897
314.90000000000003,-0.015717148101298584
314.95000000000005,-0.010297400677288062
315.0,0.0011015167407263998
315.05,0.008998108824346223
315.1,0.008739543969940724
315.15000000000003,0.0035317885685198645
315.20000000000005,-0.0010911028364908152
315.25,-0.005065209252098523
315.3,-0.008995202798932327
315.35,-0.009354918560625841
315.40000000000003,-0.002228306773806426
315.45000000000005,0.010684878223337135
315.5,0.02623091293235934
315.55,0.038617633515895734
315.6,0.040566053780426506
315.65000000000003,0.031916453487418985
315.70000000000005,0.017148245347517327
315.75,0.007665898794385949
315.8,0.008842372102343765
315.85,0.016202275479651466
315.90000000000003,0.021303734561238536
315.95000000000005,0.013180953310937361
316.0,-0.0040862128742853165
316.05,-0.020967316576085002
316.1,-0.03546177333079792
316.15000000000003,-0.04313143182479408
316.20000000000005,-0.03679993285321454
316.25,-0.022530025652860105
316.3,-0.013106416512472747
316.35,-0.007828675535363833
316.40000000000003,-0.003931095953753891
316.45000000000005,-0.0019434089675777126
316.5,-0.001880874672506928
316.55,0.0005341925982413862
316.6,0.009805721843295484
316.65000000000003,0.024579196019958054
316.70000000000005,0.03813604882155409
316.75,0.03917490035175312
316.8,0.026127485857117633
316.85,0.00442878990459338
316.90000000000003,-0.018925868221623465
316.95000000000005,-0.03667237996255633
317.0,-0.046701988373378515
317.05,-0.04553344072192704
317.1,-0.03683853008853174
317.15000000000003,-0.03217180218534592
317.20000000000005,-0.03143414803141635
317.25,-0.02969292644535542
317.3,-0.025447938730754308
317.35,-0.016514457568382625
317.40000000000003,-0.007673478861684586
317.45000000000005,-0.004905176110890441
317.5,-0.006070493295395199
317.55,-0.011328649458751432
317.6,-0.01946684420005633
317.65000000000003,-0.023657364912444835
317.70000000000005,-0.022810405872822848
317.75,-0.01980837965835808
317.8,-0.01347587111665804
317.85,0.001686261139408474
317.90000000000003,0.020289446214541932
317.95000000000005,0.029756760646069802
318.0,0.031231152857620344
318.05,0.03113253440753295
318.1,0.027660818814544862
318.15000000000003,0.016982195193162616
318.20000000000005,0.007273985363008927
318.25,0.0029886454696067223
318.3,-0.0016226474344753672
318.35,-0.0010165890609499452
318.40000000000003,0.006112779559573118
318.45000000000005,0.01723162554844225
318.5,0.02924564232886081
318.55,0.03283096757095389
318.6,0.028365203881891135
318.65000000000003,0.020891865746094772
318.70000000000005,0.015067015964700144
318.75,0.011279430673640964
318.8,0.005357608819352525
318.85,-0.002785196715460331
318.90000000000003,-0.011680334372424618
318.95000000000005,-0.018960115692742596
319.0,-0.0203148049665136
319.05,-0.01593665478263254
319.1,-0.011066238914757512
319.15000000000003,-0.007330087898112573
319.20000000000005,-0.004364885508992141
319.25,-0.0009795591027778174
319.3,0.0005148307034628629
319.35,-0.0035883254610109857
319.40000000000003,-0.008465167039491352
319.45000000000005,-0.011344540780527055
319.5,-0.009485305186853796
319.55,-0.003261022798571548
319.6,0.0033488599310938366
319.65000000000003,0.01172309315055795
319.70000000000005,0.019048129427820918
319.75,0.021622883993901984
319.8,0.018536302951162383
319.85,0.013809644613256825
319.90000000000003,0.008892733485512384
319.95000000000005,0.005589391247419405
320.0,0.007804458951093709
320.05,0.009903300998479131
320.1,0.012479449829802602
320.15000000000003,0.01770702793982669
320.20000000000005,0.023021744183397575
320.25,0.028539376030712438
320.3,0.0300643849941514
320.35,0.025959280839028914
320.40000000000003,0.02169927747387446
320.45000000000005,0.01513390121932656
320.5,0.002773049371276609
320.55,-0.011914533450361375
320.6,-0.024881582745477325
320.65000000000003,-0.03175097417671255
320.70000000000005,-0.034315344454287924
320.75,-0.03090927644443671
320.8,-0.01980069736479219
320.85,-0.008257498385203139
320.90000000000003,-0.0035427194042020843
320.95000000000005,-0.008652491610891292
321.0,-0.016858632194266913
321.05,-0.022991348837689368
321.1,-0.02847800105989838
321.15000000000003,-0.03172395470407317
321.20000000000005,-0.028706587116473354
321.25,-0.020641124403983514
321.3,-0.011731853404223263
321.35,-0.005477328697321415
321.40000000000003,0.000407062882543762
321.45000000000005,0.007446868837819577
321.5,0.011030672724302557
321.55,0.012112619653633428
321.6,0.009417822435961022
321.65000000000003,0.003171114622425058
321.70000000000005,-0.0042479853074834945
321.75,-0.014342364142563405
321.8,-0.021545690521500325
321.85,-0.02129154301848563
321.90000000000003,-0.014044939646369735
321.95000000000005,-0.0008121991289466581
322.0,0.014278612078202803
322.05,0.02935958846456755
322.1,0.03886981358367333
322.15000000000003,0.035662308195156985
322.20000000000005,0.02499757241592428
322.25,0.014187022087871346
322.3,0.006119642732325818
322.35,0.0025225606866560064
322.40000000000003,-0.00011207451972910133
322.45000000000005,-0.003701208084826578
322.5,-0.003020828398264918
322.55,0.003462360456777548
322.6,0.011379736371442668
322.65000000000003,0.014694223654030425
322.70000000000005,0.011059847821577387
322.75,0.0022873221124225544
322.8,-0.009254005439221223
322.85,-0.018152443021948274
322.90000000000003,-0.021481091824452254
322.95000000000005,-0.02188237439524025
323.0,-0.021063194386478957
323.05,-0.016165654115646504
323.1,-0.007221010021164964
323.15000000000003,0.002552351144850417
323.20000000000005,0.009089685477067741
323.25,0.009385742589359876
323.3,0.008079866287168794
323.35,0.008925642703401123
323.40000000000003,0.012635017630303131
323.45000000000005,0.016179105773666054
323.5,0.015201927916501302
323.55,0.012333269654124587
323.6,0.009001596556115514
323.65000000000003,0.005478449142739024
323.70000000000005,0.006135419865852998
323.75,0.010941312640766868
323.8,0.010946791636855116
323.85,0.0027388835466280706
323.90000000000003,-0.006262087094374671
323.95000000000005,-0.012748669307570053
324.0,-0.016779216926663194
324.05,-0.019443462866727077
324.1,-0.022193852840276744
324.15000000000003,-0.020552046984567775
324.20000000000005,-0.013881937666217673
324.25,-0.007137398686017144
324.3,-0.006220565463826514
324.35,-0.010182431461853459
324.40000000000003,-0.009121379603561557
324.45000000000005,-0.002263493789921541
324.5,0.005081918742740251
324.55,0.014079549284097524
324.6,0.023389976197938277
324.65000000000003,0.023474590346347003
324.70000000000005,0.010845396849088864
324.75,-0.00628197317748546
324.8,-0.018286023352905998
324.85,-0.023783789817244393
324.90000000000003,-0.025493673473175302
324.95000000000005,-0.01971542307264374
325.0,-0.006247575227625991
325.05,0.00933496084552615
325.1,0.02252405210111613
325.15000000000003,0.029448211930578286
325.20000000000005,0.03060167029665052
325.25,0.02958528431231428
325.3,0.02792231092656692
325.35,0.02556208367198405
325.40000000000003,0.021259498626025934
325.45000000000005,0.014619098325228761
325.5,0.00879595735759216
325.55,0.0016972424531639567
325.6,-0.007547345718557811
325.65000000000003,-0.011564665274691563
325.70000000000005,-0.0033593416200960787
325.75,0.015109779954806588
325.8,0.030447612987925903
325.85,0.0333252795660217
325.90000000000003,0.024737405378159626
325.95000000000005,0.00931204813572192
326.0,-0.007848380506131408
326.05,-0.02213211676107141
326.1,-0.031984530164412876
326.15000000000003,-0.03631090704848278
326.20000000000005,-0.033496187411652736
326.25,-0.02845559705803719
326.3,-0.022484946205351086
326.35,-0.01236696611035115
326.40000000000003,-0.0013257976446977228
326.45000000000005,0.00704068702874603
326.5,0.012084005905816212
326.55,0.014986001808759366
326.6,0.013683628397864332
326.65000000000003,0.007268632902986153
326.70000000000005,0.0015947105612841963
326.75,-0.000752967257908316
326.8,-0.003740732646852997
326.85,-0.012362734677195395
326.90000000000003,-0.018586645186409973
326.95000000000005,-0.014805246772641065
327.0,-0.008611807848211061
327.05,-0.005353963672148446
327.1,-0.007420775480655993
327.15000000000003,-0.012760161975036833
327.20000000000005,-0.01652773425984907
327.25,-0.01783208060886153
327.3,-0.01750166435069387
327.35,-0.019388907246148022
327.40000000000003,-0.025815236470270824
327.45000000000005,-0.03200768447719076
327.5,-0.031009518005372733
327.55,-0.02233081284552812
327.6,-0.007401908691462075
327.65000000000003,0.009316333536409023
327.70000000000005,0.021496110342472233
327.75,0.028401942649431355
327.8,0.030209670297879163
327.85,0.028672154031317416
327.90000000000003,0.02551745725124566
327.95000000000005,0.020539177400941293
328.0,0.012835436036617678
328.05,0.0036759098409255104
328.1,-0.002447773807770944
328.15000000000003,-0.0077065566591415675
328.20000000000005,-0.01313436988002167
328.25,-0.013237290907783028
328.3,-0.00744073552947346
328.35,-0.0022172559883830542
328.40000000000003,-0.0024630497790445304
328.45000000000005,-0.002665950607048905
328.5,-0.0014271830562221613
328.55,-0.003566848900461081
328.6,-0.008876424484354693
328.65000000000003,-0.014288198602528451
328.70000000000005,-0.013644064334093724
328.75,-0.005164322341094179
328.8,0.008140077784510234
328.85,0.021642963264241952
328.90000000000003,0.02915204523010655
328.95000000000005,0.029787646877537446
329.0,0.025052976400510418
329.05,0.014485182848230364
329.1,0.001316899423371584
329.15000000000003,-0.008897391774816212
329.20000000000005,-0.01232102443131121
329.25,-0.009048175939155514
329.3,-0.0035209790243567146
329.35,0.0016123407610208096
329.40000000000003,0.006457878238856694
329.45000000000005,0.01203176856749551
329.5,0.01569903171727842
329.55,0.014941706417643435
329.6,0.008156909707312046
329.65000000000003,-0.005117550921409888
329.70000000000005,-0.01695805587035136
329.75,-0.024512231777488895
329.8,-0.030709782978381922
329.85,-0.033776726609117576
329.90000000000003,-0.03183944067458219
329.95000000000005,-0.026865888011026257
330.0,-0.018580127008606232
330.05,-0.005777840075195828
330.1,0.004533529857994578
330.15000000000003,0.007038843976303407
330.20000000000005,0.002212835489801878
330.25,-0.005958239948917241
330.3,-0.012025322870350803
330.35,-0.014388901966377292
330.40000000000003,-0.01419053080107144
330.45000000000005,-0.014561394437759057
330.5,-0.0134123984009056
330.55,-0.00487791111749802
330.6,0.008086337662247802
330.65000000000003,0.016256211480764327
330.70000000000005,0.01700783374809363
330.75,0.013336258755358049
330.8,0.007734754790834825
330.85,0.003879283007893689
330.90000000000003,0.005799553731379979
330.95000000000005,0.0138678170217267
331.0,0.023427806604885693
331.05,0.028151822021633983
331.1,0.02751327454429134
331.15000000000003,0.025170971340682545
331.20000000000005,0.023365191753688775
331.25,0.02577422078125089
331.3,0.03109122714717718
331.35,0.03240606239398691
331.40000000000003,0.025631885716782904
331.45000000000005,0.013038878389718036
331.5,0.001372705552702309
331.55,-0.008247297833493962
331.6,-0.015394463427565617
331.65000000000003,-0.014625457353369635
331.70000000000005,-0.004711511067587928
331.75,0.010123424620023571
331.8,0.023801580717587124
331.85,0.03037493994201554
331.90000000000003,0.02963370793550955
331.95000000000005,0.02479423803745631
332.0,0.015364167713306965
332.05,0.0006147089294871596
332.1,-0.01582014504750043
332.15000000000003,-0.026750857703082685
332.20000000000005,-0.028921892649103623
332.25,-0.026743926343904004
332.3,-0.022903851132190924
332.35,-0.01658738506657841
332.40000000000003,-0.007534730736779854
332.45000000000005,0.0012589868963189242
332.5,0.008041718890581992
332.55,0.012652294834392258
332.6,0.012175818628892764
332.65000000000003,0.006390941364020529
332.70000000000005,-0.00606008551522981
332.75,-0.02292654268562875
332.8,-0.036224515368378105
332.85,-0.04123318277307193
332.90000000000003,-0.03882517796441328
332.95000000000005,-0.029785439362172254
333.0,-0.012317680529466577
333.05,0.005398366801549041
333.1,0.015261789250120427
333.15000000000003,0.02017046142854001
333.20000000000005,0.02277872864780915
333.25,0.023171373493884487
333.3,0.02085877004970363
333.35,0.01570516730773013
333.40000000000003,0.008836836050415535
333.45000000000005,0.0015520998333602761
333.5,-0.005833072770761393
333.55,-0.01092393225225973
333.6,-0.009031655447573585
333.65000000000003,0.0010960192177563968
333.70000000000005,0.015800289488432637
333.75,0.027434323554163424
333.8,0.032376679469144916
333.85,0.031027479304797906
333.90000000000003,0.024660926626883947
333.95000000000005,0.01884443728820445
334.0,0.015725626697913095
334.05,0.011837191382472124
334.1,0.006591066644387973
334.15000000000003,0.0036038071871404577
334.20000000000005,0.0016412924570973913
334.25,-0.0035502905378936175
334.3,-0.010286317320972604
334.35,-0.017421289565688797
334.40000000000003,-0.023978357405263585
334.45000000000005,-0.026233762408766532
334.5,-0.024834416584886103
334.55,-0.02302202666181416
334.6,-0.02098639140292971
334.65000000000003,-0.01662250205002294
334.70000000000005,-0.011789381541930216
334.75,-0.009112082321612161
334.8,-0.009918481540234569
334.85,-0.014789077637261238
334.90000000000003,-0.02016458756875446
334.95000000000005,-0.025497306601141807
335.0,-0.030365611893416636
335.05,-0.03195371003097993
335.1,-0.0307495871842731
335.15000000000003,-0.02716985843325317
335.20000000000005,-0.021971879066078916
335.25,-0.014991327798820946
335.3,-0.0038167248169654537
335.35,0.009260530779651166
335.40000000000003,0.020424647677427334
335.45000000000005,0.027656259016810077
335.5,0.028519962069636896
335.55,0.023680758711203623
335.6,0.018510632533721788
335.65000000000003,0.014049617890860127
335.70000000000005,0.004939486474781273
335.75,-0.007801475684419932
335.8,-0.019546428277210138
335.85,-0.028407645998435652
335.90000000000003,-0.028268348468330207
335.95000000000005,-0.016688112262624497
336.0,-0.0033966071607654997
336.05,0.004180591626581446
336.1,0.0068387154984197686
336.15000000000003,0.005921818374623056
336.20000000000005,0.003932188393835366
336.25,0.002673891585905181
336.3,0.0004303857911527903
336.35,-0.0030924114625004236
336.40000000000003,-0.006034081406287203
336.45000000000005,-0.0035230886031947517
336.5,0.003139007451521988
336.55,0.005343800680507557
336.6,0.0015075939130352728
336.65000000000003,-0.0026619841353465496
336.70000000000005,-0.0009504863810107919
336.75,0.002491090240714596
336.8,0.002961736571362702
336.85,0.00445254111145581
336.90000000000003,0.005871329054518382
336.95000000000005,0.0032832966936987163
337.0,-0.0010206552250727296
337.05,-0.005486364245592384
337.1,-0.008533686365706141
337.15000000000003,-0.006036058275320515
337.20000000000005,-7.264734582944811e-05
337.25,0.004065286991211117
337.3,0.0040225013842919615
337.35,0.003273784858597303
337.40000000000003,0.006483947629875385
337.45000000000005,0.014989478717017082
337.5,0.02557050169706154
337.55,0.03194237595639928
337.6,0.033663625153807074
337.65000000000003,0.03291950230052714
337.70000000000005,0.029331120454148017
337.75,0.020820502565020046
337.8,0.010066334509508295
337.85,0.0015444211793058146
337.90000000000003,-0.004998024236778328
337.95000000000005,-0.006111186114399248
338.0,0.0005405764452284569
338.05,0.010001723248184085
338.1,0.01623416069528604
338.15000000000003,0.017561951550514696
338.20000000000005,0.01757513756748876
338.25,0.015998455770764527
338.3,0.01152882883605857
338.35,0.005808167023617494
338.40000000000003,-0.003620371110573095
338.45000000000005,-0.015374149238712836
338.5,-0.02341950772563831
338.55,-0.02684340803729251
338.6,-0.025026132355870995
338.65000000000003,-0.01758552303434974
338.70000000000005,-0.009131008361322536
338.75,-0.005466812556733183
338.8,-0.00560260463954186
338.85,-0.003264993772230904
338.90000000000003,0.0014040560287828018
338.95000000000005,0.005938396822769669
339.0,0.01075635909030932
339.05,0.01699330587480516
339.1,0.023354170836217474
339.15000000000003,0.025879844572327525
339.20000000000005,0.025631119821697867
339.25,0.02354099242250382
339.3,0.018364455600978487
339.35,0.00814589567835221
339.40000000000003,-0.006954975542552127
339.45000000000005,-0.02047760074839206
339.5,-0.028698900753387786
339.55,-0.029639820231548857
339.6,-0.024306665072034023
339.65000000000003,-0.019092650924255255
339.70000000000005,-0.014118827271855735
339.75,-0.007470939446999793
339.8,-0.001470343826975439
339.85,0.002819691688539057
339.90000000000003,0.0003841793316920306
339.95000000000005,-0.011722236932317918
340.0,-0.02434619216759724
340.05,-0.031110799965692514
340.1,-0.031311089848763365
340.15000000000003,-0.024275332040713894
340.20000000000005,-0.010062011640422338
340.25,0.007579294018124492
340.3,0.019254584901961514
340.35,0.021921612889782303
340.40000000000003,0.01834811316364969
340.45000000000005,0.013077896284172783
340.5,0.0067076076177457295
340.55,-0.003540577031420091
340.6,-0.015205278927535058
340.65000000000003,-0.02409471631669314
340.70000000000005,-0.023689814179840202
340.75,-0.013843557583246876
340.8,-0.0007369968550372664
340.85,0.009652770788376602
340.90000000000003,0.01583815958318325
340.95000000000005,0.019767077979214388
341.0,0.0191647998358574
341.05,0.01237451548362018
341.1,0.003774971714633016
341.15000000000003,-0.0004716314095645363
341.20000000000005,-0.004703952403569469
341.25,-0.014970380364709553
341.3,-0.027203621265182984
341.35,-0.034115076516896506
341.40000000000003,-0.030299401712349273
341.45000000000005,-0.01853251489708925
341.5,-0.006690065005930692
341.55,-0.0008742051833840648
341.6,0.003275472332956013
341.65000000000003,0.010771734002994554
341.70000000000005,0.016027144760228637
341.75,0.01761267660244551
341.8,0.013981191858642926
341.85,0.008538579509278178
341.90000000000003,0.005486214674342075
341.95000000000005,0.0013691131285898865
342.0,-0.0005115546837072189
342.05,-0.00012690751087436784
342.1,-0.00048755325743416426
342.15000000000003,-0.0011504239183319934
342.20000000000005,-0.0010946371770556259
342.25,0.0010656477158763748
342.3,0.0013242719919474065
342.35,-0.0025368592281064493
342.40000000000003,-0.0033068441732365854
342.45000000000005,-0.0003878105524076839
342.5,0.003485777896498366
342.55,0.010788701230542291
342.6,0.01789550474250507
342.65000000000003,0.0235972821571489
342.70000000000005,0.02653730629359894
342.75,0.026985406572958108
342.8,0.028668174950838406
342.85,0.025241253107832887
342.90000000000003,0.016970123835393248
342.95000000000005,0.010048126427988295
343.0,0.005857011130819457
343.05,0.0041820891965416935
343.1,0.0009485717303116444
343.15000000000003,-0.005252734668849611
343.20000000000005,-0.010517801148544328
343.25,-0.016781212778498294
343.3,-0.02759554014925926
343.35,-0.03895279352936446
343.40000000000003,-0.04509798296008828
343.45000000000005,-0.04277050520264221
343.5,-0.03626264219916519
343.55,-0.028602491139545584
343.6,-0.018481203179894257
343.65000000000003,-0.009710036314183924
343.70000000000005,-0.0063793600852731615
343.75,-0.007042558403655432
343.8,-0.007189585294866879
343.85,-0.003817047150111964
343.90000000000003,0.0034437145670697935
343.95000000000005,0.010118352019543638
344.0,0.015192863201534491
344.05,0.020860100443189797
344.1,0.02614056821335935
344.15000000000003,0.029704516264855645
344.20000000000005,0.030551078553001324
344.25,0.028771909735246976
344.3,0.026028335437381086
344.35,0.02377421650312806
344.40000000000003,0.02361093747182987
344.45000000000005,0.02880525631927438
344.5,0.033874576543726706
344.55,0.030726440565099516
344.6,0.022982413281668338
344.65000000000003,0.015772080878945816
344.70000000000005,0.007600354193906554
344.75,-0.0014003750125805494
344.8,-0.007911849005374208
344.85,-0.014295649202381355
344.90000000000003,-0.022483125628786106
344.95000000000005,-0.03126062960764875
345.0,-0.039197106265967535
345.05,-0.039600864923281055
345.1,-0.03027442407081942
345.15000000000003,-0.019187571767544195
345.20000000000005,-0.011843248996370341
345.25,-0.00886696697914829
345.3,-0.009571717469240869
345.35,-0.010753486208819392
345.40000000000003,-0.011764315340238841
345.45000000000005,-0.0136534971804946
345.5,-0.013667628493167107
345.55,-0.00860719767227242
345.6,0.0017445914503289226
345.65000000000003,0.014617371453986156
345.70000000000005,0.02228722851830815
345.75,0.02359007784011526
345.8,0.02503034508994448
345.85,0.02823629704320934
345.90000000000003,0.029792261036648886
345.95000000000005,0.023410727066559948
346.0,0.012295576452449495
346.05,0.0019318048512049736
346.1,-0.006166644979541026
346.15000000000003,-0.010670344316363586
346.20000000000005,-0.011641444825056338
346.25,-0.008417238794519031
346.3,-0.005250369211759474
346.35,-0.001666150508264198
346.40000000000003,0.007465898232596344
346.45000000000005,0.017738586550396382
346.5,0.020629624747085084
346.55,0.016498788998488573
346.6,0.009167250788520253
346.65000000000003,-0.0012522095604510764
346.70000000000005,-0.012793987821322739
346.75,-0.022196929014154244
346.8,-0.02660392459641635
346.85,-0.027433968220792145
346.90000000000003,-0.024236745741189024
346.95000000000005,-0.014814414910913268
347.0,-0.004934395758389323
347.05,0.0019849808590728375
347.1,0.006467423606531163
347.15000000000003,0.007583644022171905
347.20000000000005,0.008835425672532985
347.25,0.011689764592009402
347.3,0.012950415623560729
347.35,0.012373071414927241
347.40000000000003,0.010045875392512584
347.45000000000005,0.008155203938156155
347.5,0.00819791126514689
347.55,0.006621134758232284
347.6,0.0038291954200599665
347.65000000000003,0.00028408023343399417
347.70000000000005,-0.006424798800347512
347.75,-0.01573794795401496
347.8,-0.0225913611472406
347.85,-0.02402549889459637
347.90000000000003,-0.024538860024896195
347.95000000000005,-0.025952423616871615
348.0,-0.025451278135746495
348.05,-0.02210651949485589
348.1,-0.017801270896604646
348.15000000000003,-0.013223140120720468
348.20000000000005,-0.0068996710545624436
348.25,-0.0009288928205165858
348.3,0.002881413074332464
348.35,0.005745547696560849
348.40000000000003,0.006283933410664595
348.45000000000005,0.005889993249815004
348.5,0.005037354015773782
348.55,0.0013435375152282742
348.6,-0.0008994690191081736
348.65000000000003,-5.450978005098127e-05
348.70000000000005,0.004407325257289336
348.75,0.008170968547917013
348.8,0.007742039020397096
348.85,0.00796796900199578
348.90000000000003,0.008587803573271387
348.95000000000005,0.010728544966305003
349.0,0.012926107558702118
349.05,0.014639957415394499
349.1,0.018745748171799817
349.15000000000003,0.023553861548530862
349.20000000000005,0.029572836158263397
349.25,0.032966815544084004
349.3,0.02868726111491031
349.35,0.021673398612973523
349.40000000000003,0.014048564154663438
349.45000000000005,0.004527568670468912
349.5,-0.0032747286233166554
349.55,-0.007876035841870981
349.6,-0.007887077582663571
349.65000000000003,-0.007231948364791896
349.70000000000005,-0.010740702254903268
349.75,-0.015436810789876493
349.8,-0.019340652971650867
349.85,-0.020648171819929204
349.90000000000003,-0.01843281476364727
349.95000000000005,-0.01610531394665166
350.0,-0.01549573044612026
350.05,-0.015634952901014205
350.1,-0.014949142879688924
350.15000000000003,-0.013687644395124515
350.20000000000005,-0.012800275049390214
350.25,-0.014641683832316845
350.3,-0.021338639140969343
350.35,-0.028011108153842525
350.40000000000003,-0.032047646278139705
350.45000000000005,-0.03251763089462589
350.5,-0.02624316594054213
350.55,-0.015054559411220159
350.6,-0.001795593858856417
350.65000000000003,0.008082428754494227
350.70000000000005,0.014468611237927557
350.75,0.01767554364556559
350.8,0.01587762439876329
350.85,0.014043505238091574
350.90000000000003,0.008954442439256098
350.95000000000005,0.002201954135260911
351.0,-0.00032641370907792995
351.05,0.0014859970516048855
351.1,0.008631431922048127
351.15000000000003,0.016569664069033235
351.20000000000005,0.024643242670194996
351.25,0.03132070526843636
351.3,0.034602980862831235
351.35,0.03574332880346538
351.40000000000003,0.03283974741537785
351.45000000000005,0.030461407378148567
351.5,0.030204096370828326
351.55,0.028762442092073466
351.6,0.02508385357368849
351.65000000000003,0.01687985558176898
351.70000000000005,0.005588823138849352
351.75,-0.002532445814035768
351.8,-0.007214304256336094
351.85,-0.009622618557630259
351.90000000000003,-0.009257692860560232
351.95000000000005,-0.009174651423956992
352.0,-0.0090175176631195
352.05,-0.01177544051053575
352.1,-0.01688534829208863
352.15000000000003,-0.023387110316985104
352.20000000000005,-0.030452873986577596
352.25,-0.03164444863445029
352.3,-0.026941091055821684
352.35,-0.02007588563093112
352.40000000000003,-0.016856805912880232
352.45000000000005,-0.017938785221456408
352.5,-0.017458284547180406
352.55,-0.01809934860955112
352.6,-0.020653839601535037
352.65000000000003,-0.02028829778094652
352.70000000000005,-0.01838770322252728
352.75,-0.014695384820159607
352.8,-0.010047416556950144
352.85,-0.006347204419051463
352.90000000000003,-0.002354223332229245
352.95000000000005,-0.000933457689064207
353.0,0.00028275634721539695
353.05,0.0040038660255531855
353.1,0.010485700072064123
353.15000000000003,0.01883573428018069
353.20000000000005,0.025042042025199496
353.25,0.02798834577372828
353.3,0.025348726182692016
353.35,0.017616135586668854
353.40000000000003,0.008738009349205583
353.45000000000005,0.0023720711805280217
353.5,0.0003747000345147103
353.55,-0.00048129201163270947
353.6,8.583012377948445e-05
353.65000000000003,0.0007851409866346753
353.70000000000005,-0.0006937118609707695
353.75,-0.0031894333210386204
353.8,-0.0038911728222760767
353.85,-0.0016601928467027706
353.90000000000003,0.00042482646035501046
353.95000000000005,0.0037556175382487747
354.0,0.009997177021150319
354.05,0.017888992778606966
354.1,0.02470485630157806
354.15000000000003,0.0263005527575319
354.20000000000005,0.022466135074748567
354.25,0.016769795360048686
354.3,0.014583907506243245
354.35,0.01575319475306254
354.40000000000003,0.015065071642816221
354.45000000000005,0.014701352393801955
354.5,0.01545005182442927
354.55,0.013437874549690077
354.6,0.006841474429618983
354.65000000000003,-0.0033999733944534856
354.70000000000005,-0.01165513646444902
354.75,-0.016607227871877704
354.8,-0.019086361462042473
354.85,-0.019488093946235508
354.90000000000003,-0.018771582777868428
354.95000000000005,-0.014964615058665266
355.0,-0.006698783906056999
355.05,2.082432684496359e-06
355.1,-0.0017610581708844444
355.15000000000003,-0.00977744259913674
355.20000000000005,-0.01736217995461985
355.25,-0.023425498692280118
355.3,-0.026855684802445063
355.35,-0.029022438552291006
355.40000000000003,-0.030526880050235548
355.45000000000005,-0.02676784281896796
355.5,-0.018685987594919982
355.55,-0.008568802247933296
355.6,0.0020679652046340907
355.65000000000003,0.009347910574918841
355.70000000000005,0.016037102280301446
355.75,0.019104827473935382
355.8,0.015979812685116567
355.85,0.010969270143681193
355.90000000000003,0.0073811590006884675
355.95000000000005,0.00849367297293079
356.0,0.014635946000254883
356.05,0.02117618669816359
356.1,0.02418820902061818
356.15000000000003,0.022360417877671335
356.20000000000005,0.0167512038407313
356.25,0.010481247424971604
356.3,0.006933972087651311
356.35,0.0043747256921762125
356.40000000000003,0.005072556034517626
356.45000000000005,0.008951075171527281
356.5,0.013191443926050699
356.55,0.016017519760804354
356.6,0.01565482759748397
356.65000000000003,0.01192812527749819
356.70000000000005,0.005276443623678751
356.75,-4.2810569334557375e-05
356.8,-0.0037148573389949114
356.85,-0.0011512272554914916
356.90000000000003,0.005907547720208752
356.95000000000005,0.008892475843163092
357.0,0.006435374617307752
357.05,-0.005328328373516958
357.1,-0.021098678211889887
357.15000000000003,-0.03571677920405706
357.20000000000005,-0.04568494725378536
357.25,-0.045083062400619774
357.3,-0.033589151764355854
357.35,-0.012370888771311704
357.40000000000003,0.009532601712789959
357.45000000000005,0.02429485112126138
357.5,0.02818180614460137
357.55,0.018897579197072512
357.6,0.0008831451851558242
357.65000000000003,-0.019854414168085924
357.70000000000005,-0.03443613809040128
357.75,-0.03846321166123917
357.8,-0.028283599635505658
357.85,-0.006854098864470611
357.90000000000003,0.013918271382421254
357.95000000000005,0.02296057791636423
358.0,0.013992449833323595
358.05,-0.006015057244648867
358.1,-0.01904922130732449
358.15000000000003,-0.01864389713423565
358.20000000000005,-0.004024147098186181
358.25,0.015547399885589534
358.3,0.030066605737664016
358.35,0.024319902833276667
358.40000000000003,-0.0031785051764836422
358.45000000000005,-0.035405962004131514
358.5,-0.04410207465952486
358.55,-0.0245060283142232
358.6,0.009012369281582628
358.65000000000003,0.032019258645827484
358.70000000000005,0.03241537997768014
358.75,0.006541880970195065
358.8,-0.022869458441474883
358.85,-0.032023950004121775
358.90000000000003,-0.00852453156178585
358.95000000000005,0.02442279635899176
359.0,0.0421861349891699
359.05,0.033149393445438165
359.1,0.013308474886111534
359.15000000000003,-0.002586276678602113
359.20000000000005,-0.0034699726295152043
359.25,0.005113664064366337
359.3,0.02068949883711032
359.35,0.023691891048810854
359.40000000000003,0.01185993369579926
359.45000000000005,-0.011590623814316536
359.5,-0.026429164324320548
359.55,-0.0458110104205727
359.6,-0.07635161286020788
359.65000000000003,-0.10093461196812799
359.70000000000005,-0.10184430640390546
359.75,-0.06419065301915952
359.8,0.046932290158037945
359.85,0.2214954897945716
359.90000000000003,0.4122356510713273
359.95000000000005,0.6282719733443914
