Tiempo_s,Aceleracion_g
0.0,-0.4140872220190106
0.05,-0.3782338696804297
0.1,-0.35727421509743024
0.15000000000000002,-0.12021747967397887
0.2,-0.019808368891663413
0.25,0.05329373625319362
0.30000000000000004,0.07374926417424207
0.35000000000000003,0.09337673458363702
0.4,0.08102110679979482
0.45,0.04460656527873736
0.5,0.0007145825348115014
0.55,-0.02965613871714664
0.6000000000000001,-0.03863837691426141
0.65,-0.038924732758197786
0.7000000000000001,-0.03462751375610021
0.75,-0.027980560350821627
0.8,-0.009807979443157689
0.8500000000000001,0.011490179251058311
0.9,0.03100402059605578
0.9500000000000001,0.03155465109788883
1.0,0.021816321327768066
1.05,0.0020291843597346295
1.1,-0.010466249182563975
1.1500000000000001,-0.018409867459488877
1.2000000000000002,-0.015293028982241458
1.25,-0.01022607331708756
1.3,0.0012204546085100348
1.35,0.008696450265186723
1.4000000000000001,0.013503287345047127
1.4500000000000002,0.0097979933614059
1.5,0.003328244861584331
1.55,-0.005666926018687795
1.6,-0.008505032379445398
1.6500000000000001,-0.009123452503468993
1.7000000000000002,-0.005263287430331282
1.75,-0.001447920122860018
1.8,0.004498552421004472
1.85,0.006600097591628377
1.9000000000000001,0.007261096410239398
1.9500000000000002,0.004349559154328956
2.0,0.0009132623303389393
2.0500000000000003,-0.0025592072848605596
2.1,-0.0023341027292461845
2.15,-5.8771120336799746e-05
2.2,0.0032119078799209408
2.25,0.005915232606539801
2.3000000000000003,0.008144613116772437
2.35,0.006827899028052109
2.4000000000000004,0.003781709378755098
2.45,0.0003174551962012254
2.5,-0.0030498715650717698
2.5500000000000003,-0.003220866951920561
2.6,-0.001066705234279238
2.6500000000000004,0.00240881010271297
2.7,0.006139206232743314
2.75,0.007971857234066088
2.8000000000000003,0.00769505697776704
2.85,0.0047924535631315955
2.9000000000000004,0.0003379222827242461
2.95,-0.004318719960655909
3.0,-0.008812874948062696
3.0500000000000003,-0.009579211888343863
3.1,-0.009607022512186597
3.1500000000000004,-0.0067966867403828285
3.2,-0.002563712141874935
3.25,0.0010162473716065308
3.3000000000000003,0.00393738587852885
3.35,0.00491869619473988
3.4000000000000004,0.004350095952489584
3.45,0.002488256847601937
3.5,0.000499188902291093
3.5500000000000003,-0.0013254815870695112
3.6,-0.0029435303893044344
3.6500000000000004,-0.004426755298215483
3.7,-0.005948353771658584
3.75,-0.006174504862875973
3.8000000000000003,-0.005341779778532349
3.85,-0.004638194256425826
3.9000000000000004,-0.0035807378379182687
3.95,-0.0026127733880175323
4.0,-0.001280994468936822
4.05,0.00021816761183199909
4.1000000000000005,0.002047017871280108
4.15,0.0026721193155359794
4.2,0.0032511644524024596
4.25,0.004127131841655728
4.3,0.003213471493475216
4.3500000000000005,0.0030786097040717644
4.4,0.004313612126137822
4.45,0.004460046690953913
4.5,0.0058370926639207555
4.55,0.005301555536661499
4.6000000000000005,0.0036208429109963725
4.65,0.000756784540676018
4.7,-0.0014592104348570187
4.75,-0.00397794753704983
4.800000000000001,-0.006887598562381812
4.8500000000000005,-0.007669045084459249
4.9,-0.0075181534360240845
4.95,-0.005851932897514286
5.0,-0.0028037075267792182
5.050000000000001,-0.0004377213829794337
5.1000000000000005,0.002807515356207448
5.15,0.004150405455996984
5.2,0.005016405414014394
5.25,0.004389851155825165
5.300000000000001,0.002059398307737818
5.3500000000000005,0.0013432177736429393
5.4,0.0003280643645785769
5.45,-0.0002735632881079337
5.5,-0.0006139576601412462
5.550000000000001,-0.0009695015075472943
5.6000000000000005,0.000321459726017584
5.65,0.002028309327098196
5.7,0.0035174779617038686
5.75,0.0038914748717673417
5.800000000000001,0.0030354170920244487
5.8500000000000005,0.00229156785560764
5.9,0.0012276258893421513
5.95,-0.00019262532183984723
6.0,-0.0011283072082898717
6.050000000000001,-0.001933968462226186
6.1000000000000005,-0.0026975875389958818
6.15,-0.0029110108011637516
6.2,-0.002909489254471367
6.25,-0.0028765324244024843
6.300000000000001,-0.0026741400919655847
6.3500000000000005,-0.0015125180229450111
6.4,-0.0004273518562708114
6.45,0.0010572326774756628
6.5,0.0015471738530603574
6.550000000000001,0.0012954323712912046
6.6000000000000005,0.0009756234385891105
6.65,-0.0007491774080688683
6.7,-0.0020257476322415187
6.75,-0.003177093417738058
6.800000000000001,-0.0033837393488429543
6.8500000000000005,-0.0024195826403023563
6.9,-0.0014521778998211263
6.95,-0.0007837845329705188
7.0,-0.00017401986482583868
7.050000000000001,0.00043408185657020605
7.1000000000000005,0.0010768437997274926
7.15,0.001554054575261059
7.2,0.0006170924123291084
7.25,0.0002299755954132523
7.300000000000001,0.0008986697770604627
7.3500000000000005,0.0008985941389337388
7.4,0.0016555015351070897
7.45,0.002051517003709609
7.5,0.0023576785298830534
7.550000000000001,0.0028401059324161437
7.6000000000000005,0.0030806714251548906
7.65,0.0030861750279670107
7.7,0.0017754036486052488
7.75,0.0009403346577550615
7.800000000000001,0.0008380652063769474
7.8500000000000005,-0.0003246272502671602
7.9,-0.0004610670868975743
7.95,-0.000674353670337163
8.0,-0.0006658985449818797
8.05,0.0002270173412361948
8.1,0.0002820865521915432
8.15,-0.0009061765968406949
8.200000000000001,-0.0010874677981650845
8.25,-0.0011596917321022066
8.3,-0.0020508913556473887
8.35,-0.00218687894659489
8.4,-0.002536678818089938
8.450000000000001,-0.0023851454905043823
8.5,-0.0025074268233990695
8.55,-0.0018190614875396507
8.6,-0.00037694925733503014
8.65,-0.0003843679569258187
8.700000000000001,0.0006123773883087245
8.75,0.001471977923649867
8.8,0.0020756968479937734
8.85,0.0022067056046574584
8.9,0.001534948087003644
8.950000000000001,0.0008641705432707821
9.0,0.0002865511932783585
9.05,-0.00016026533310712826
9.1,-0.0010946441089203299
9.15,-0.0010401896741873233
9.200000000000001,-0.0009687663854707315
9.25,-0.0013295739764705166
9.3,-0.001547715524162317
9.35,-0.0009284038757015692
9.4,-0.0003586637839523624
9.450000000000001,-0.0005533572790041694
9.5,-0.0001283504690731658
9.55,0.00013770750808786756
9.600000000000001,0.0004830008117863772
9.65,-0.00015334678357125815
9.700000000000001,-0.00040734202944362456
9.75,0.00038374765460656664
9.8,-9.320731575296611e-05
9.850000000000001,0.0006164857708593846
9.9,0.0011034408900361529
9.950000000000001,0.0012860301256313435
10.0,0.0013158465509236846
10.05,0.0006087238617798609
10.100000000000001,0.0011340822606319989
10.15,5.775220594388492e-05
10.200000000000001,1.976360217861144e-05
10.25,0.0008092464364437429
10.3,-6.202547708245051e-06
10.350000000000001,0.0008382604456289715
10.4,0.0014884965079495663
10.450000000000001,0.0017170343497712255
10.5,0.0018880075990179732
10.55,0.0009655872673721309
10.600000000000001,0.000738329665412875
10.65,0.0008148192959133624
10.700000000000001,0.0006461550636842074
10.75,-0.00017494571001183546
10.8,-0.0009282974085094824
10.850000000000001,-0.0013825067970769695
10.9,-0.0007366425035808039
10.950000000000001,-0.0004933054550013022
11.0,-0.0011691108684319515
11.05,-0.0006343805421204705
11.100000000000001,-0.00035007986656591234
11.15,-0.0004621916506600816
11.200000000000001,-0.0012302964892420497
11.25,-0.002104351223747957
11.3,-0.0009190842481430552
11.350000000000001,-0.0011990173555281815
11.4,-0.0015855545725055533
11.450000000000001,-0.0012944011874684315
11.5,-0.0018345256925347264
11.55,-0.0006661142195441607
11.600000000000001,-0.0010433847658189914
11.65,-0.0010262354035506574
11.700000000000001,5.278013327199726e-06
11.75,-0.0003671489651806124
11.8,0.0015187675433602384
11.850000000000001,0.0023352702082262184
11.9,0.001617035991441398
11.950000000000001,0.0012955479067831572
12.0,0.00046887364479836625
12.05,0.001021611625285902
12.100000000000001,0.00137527173052383
12.15,0.0011997429561486856
12.200000000000001,0.0011203662017470488
12.25,0.0008908148200394134
12.3,0.0011332533990086723
12.350000000000001,0.00016058796629147269
12.4,-0.00038064294820250907
12.450000000000001,0.0005545261858852848
12.5,-0.00021088688504154602
12.55,-0.0012282748169734953
12.600000000000001,-0.0016418837615561018
12.65,-0.0013127022289815984
12.700000000000001,-0.0005349135075270548
12.75,-0.0005998033350914269
12.8,-0.0002149955020878479
12.850000000000001,-0.00040560185068728793
12.9,-0.0006802783486537262
12.950000000000001,-0.0005651687902699128
13.0,-0.00027589184137592645
13.05,0.0012271029088414152
13.100000000000001,0.000924025575668009
13.15,-0.001394993264333433
13.200000000000001,-0.0014571206910821742
13.25,0.0008990328798248351
13.3,0.000692572241774378
13.350000000000001,-0.0016444576799959619
13.4,-0.00041916628595651205
13.450000000000001,0.0007983742602493057
13.5,0.0011557466481960117
13.55,0.002717899435005988
13.600000000000001,0.0012164516722849013
13.65,-0.00042691412256931003
13.700000000000001,0.00022868053033037896
13.75,0.0003599544768491923
13.8,0.0008475965205285036
13.850000000000001,0.0015275068872150498
13.9,0.000660242778137212
13.950000000000001,-0.0005508310201764269
14.0,0.00041771093101859133
14.05,0.001085700263529068
14.100000000000001,-0.00032295539665174296
14.15,-0.001538220969196715
14.200000000000001,-0.0008162980781813229
14.25,4.773704769661827e-05
14.3,-6.823463962584797e-05
14.350000000000001,-0.0009997195942665173
14.4,-0.0026185950374639413
14.450000000000001,-0.0007689829473559643
14.5,0.0003515369063807819
14.55,-0.000833382745607947
14.600000000000001,-6.548266515648514e-05
14.65,0.0003203277730291434
14.700000000000001,-5.0204732535993e-05
14.75,-0.0025896839500832306
14.8,-0.00260422935554974
14.850000000000001,0.0010072311411833419
14.9,0.0017167812165448583
14.950000000000001,0.0020320453841058492
15.0,0.0011151951180085717
15.05,-0.0011614204704730607
15.100000000000001,-0.0011399367094516678
15.15,-0.0003546736001377069
15.200000000000001,-0.00037860756342300827
15.25,0.0011376522110783287
15.3,0.0030052923410971663
15.350000000000001,0.00037683381671448177
15.4,-2.3175287737688986e-05
15.450000000000001,0.0007857934882307404
15.5,0.00024967336399773794
15.55,0.0014369279651944566
15.600000000000001,-0.0003883535041980501
15.65,-0.0005687977817568661
15.700000000000001,-9.759481491260444e-05
15.75,-0.00038904995695246257
15.8,0.0006147464133723634
15.850000000000001,-0.0005121046612973462
15.9,-0.001362666046359268
15.950000000000001,-0.0004666597847507426
16.0,-0.0009018096907299247
16.05,-0.0006153317510812665
16.1,0.0003308839443943413
16.150000000000002,-0.0022644387083485067
16.2,-0.0013225072417668432
16.25,0.0017350190449055712
16.3,0.001613325826273826
16.35,-0.0007976763046313066
16.400000000000002,-0.0022501294094905374
16.45,0.0006768825741563007
16.5,0.0025197133649599575
16.55,0.0010696193262309647
16.6,-4.494128766702341e-06
16.650000000000002,0.0007176852995312268
16.7,0.0014653070267481953
16.75,0.0015661661076251103
16.8,0.0007284056717936949
16.85,-0.00023668758414949708
16.900000000000002,-0.0002612061698236189
16.95,0.0006096478267249239
17.0,0.001268503572826965
17.05,0.0007088294493290384
17.1,-0.0006799712039762262
17.150000000000002,-0.0009543566403604961
17.2,-0.0004693419741823254
17.25,-0.0008994910540828056
17.3,-0.00035224973772695836
17.35,-0.0019033777983364071
17.400000000000002,-0.00267032976707628
17.45,-0.00032721146455253706
17.5,0.0005402118530062635
17.55,3.575905927038525e-05
17.6,-0.0018204115722890949
17.650000000000002,-0.0010404619353818242
17.7,0.001355702847813934
17.75,0.0009389045334015666
17.8,-0.0005688037910729685
17.85,-0.0020542806416254775
17.900000000000002,-0.0015272553969557891
17.95,-2.8742725325534632e-06
18.0,0.0004479373875989366
18.05,-0.0011441408661074979
18.1,-0.001156182357246974
18.150000000000002,0.0013574105934267737
18.2,0.0007006408124723477
18.25,0.00022067119103197065
18.3,0.0009703473940228487
18.35,0.0005319803612686844
18.400000000000002,0.0005911707039150578
18.45,0.0011970648089501892
18.5,0.0011489001615385941
18.55,0.0005010751043570169
18.6,0.00020576305400542681
18.650000000000002,0.0012013675780921565
18.7,0.0007135593534805215
18.75,-0.00039148126162014824
18.8,0.001252408298704787
18.85,0.0018470466221926606
18.900000000000002,0.0019335407692729224
18.95,0.00019066351533424271
19.0,-0.00045324025988877347
19.05,0.00024162210898623666
19.1,-0.0018630539399387223
19.150000000000002,-0.0005937451071792409
19.200000000000003,0.0008820875433914556
19.25,0.0008117640388466782
19.3,0.00045096365772446324
19.35,-0.0011202123745102587
19.400000000000002,-0.0013845433093169464
19.450000000000003,-0.0009719227483006282
19.5,-0.0012557026559497331
19.55,-0.0004971896800306859
19.6,0.0007787423170969582
19.650000000000002,0.0003913189731950181
19.700000000000003,0.0015477584021781018
19.75,0.0009474727219867339
19.8,-0.0018736023956094133
19.85,-0.002361318028925957
19.900000000000002,-0.0012379115748668808
19.950000000000003,0.00024676651560346036
20.0,0.0004872982290954736
20.05,0.0006009947832145028
20.1,0.0002783236641453869
20.150000000000002,-0.0001247347916084923
20.200000000000003,0.0001454827487464527
20.25,-0.0010867654793202557
20.3,-0.0018220611834881418
20.35,-0.0010117341174370508
20.400000000000002,-0.0008157381054774967
20.450000000000003,0.0004547498386148385
20.5,0.0006283476325032467
20.55,-0.0009376546232343665
20.6,2.2312759719073434e-05
20.650000000000002,3.516887063746307e-05
20.700000000000003,6.99804781633892e-05
20.75,0.0007956141678591718
20.8,-1.4000577948841347e-05
20.85,0.0006701391468904728
20.900000000000002,0.00040499294781225757
20.950000000000003,-0.0004720600788738614
21.0,-0.00034918720698581834
21.05,-0.0005534486511090799
21.1,0.0003845598589678347
21.150000000000002,0.0007265409649224786
21.200000000000003,0.000982090004873863
21.25,0.0008256553129665583
21.3,-0.00040184715300713283
21.35,0.00025814648879418786
21.400000000000002,0.001307767056408174
21.450000000000003,0.0021338738640796096
21.5,0.0017482168362347927
21.55,0.00018194048985880997
21.6,-0.0004153668879758805
21.650000000000002,-0.00023147948382774394
21.700000000000003,0.0002742764108692094
21.75,0.00019718658679531483
21.8,-0.0007414417265638858
21.85,-0.0011945597179936446
21.900000000000002,-0.0008372537823999061
21.950000000000003,-0.0007615780693915743
22.0,0.00025648468323941146
22.05,0.0009749009948687358
22.1,0.0005860079365622895
22.150000000000002,0.00047009945951138627
22.200000000000003,-2.3674731722656302e-06
22.25,0.000511107818780277
22.3,-0.0005777853335833644
22.35,-0.0019443442664001992
22.400000000000002,-0.0002438513372402529
22.450000000000003,-0.00014754555262495476
22.5,-0.0007872370651168373
22.55,-0.00014366880434881673
22.6,0.0001157426411632034
22.650000000000002,0.00049005203122969
22.700000000000003,0.000619415916972675
22.75,-0.00038786545907742314
22.8,-0.0006925587941000957
22.85,-0.00011663071294263882
22.900000000000002,-0.00028331376037626677
22.950000000000003,-0.0009603426524417023
23.0,-0.0007356883128890246
23.05,-0.00016598458745725769
23.1,1.0322062494054731e-05
23.150000000000002,0.0007932880476970618
23.200000000000003,0.0009422075812667859
23.25,8.047743080445237e-05
23.3,0.00018340026244343928
23.35,0.0005039751903582711
23.400000000000002,-0.00025354462622838514
23.450000000000003,-0.00023644593114179548
23.5,-0.0004160230372778588
23.55,-0.0014228344764867866
23.6,-0.0012250391539538371
23.650000000000002,-0.0004178580362281468
23.700000000000003,0.0015000564763879318
23.75,0.0017058509004764667
23.8,0.0003686969423048639
23.85,-2.643671741629001e-07
23.900000000000002,-0.0009384002351113087
23.950000000000003,-0.0007563637947852555
24.0,-0.0007750681357068704
24.05,-0.0008901560821970003
24.1,0.000126071221046485
24.150000000000002,0.0009210485386500346
24.200000000000003,0.002029858280617039
24.25,0.0014707898988952635
24.3,1.6367041357994623e-05
24.35,-0.00039828359169944534
24.400000000000002,-0.000259639058950051
24.450000000000003,-0.0001689778146136097
24.5,-7.366773217164578e-05
24.55,0.0009818624815694872
24.6,0.0013384290983808346
24.650000000000002,0.0005529567835234703
24.700000000000003,-0.00036003318739787467
24.75,-0.0013006568093426177
24.8,-0.0010039910514282038
24.85,-0.000434532018965721
24.900000000000002,-0.0006673916013609935
24.950000000000003,5.995226255795254e-05
25.0,0.0010911202961150016
25.05,0.0004391819800400457
25.1,0.0005144341004218875
25.150000000000002,0.0006711385440745292
25.200000000000003,-7.658029472278317e-05
25.25,0.0005931281522878991
25.3,-3.34525551689533e-05
25.35,-0.0003989715974245872
25.400000000000002,-0.0010039988230588549
25.450000000000003,-0.0020225622512941932
25.5,-0.00103010841174161
25.55,-0.0008012718661269602
25.6,0.00040386605385079943
25.650000000000002,0.0010939601226870345
25.700000000000003,0.0011739638340690917
25.75,0.0014550575772132154
25.8,-0.00029831613438333337
25.85,-0.001194818865480032
25.900000000000002,-0.0008296599538848623
25.950000000000003,-0.0009481706547067345
26.0,-0.0011539107832118727
26.05,-0.00025968851262099204
26.1,0.0009521574906619988
26.150000000000002,0.000958967286955856
26.200000000000003,0.0007578427488999297
26.25,-3.458763175942579e-05
26.3,-0.001362258644325528
26.35,-0.0007164011297278538
26.400000000000002,0.0010788359179956005
26.450000000000003,0.0014656917423558546
26.5,0.0011798563417806088
26.55,0.00033158857064646255
26.6,-0.0007697772953233696
26.650000000000002,-0.0004407959273638776
26.700000000000003,-0.0004257873424285978
26.75,-0.0010203553732892384
26.8,-0.00012537542260754347
26.85,0.0009751013643528314
26.900000000000002,0.000589254593864663
26.950000000000003,0.0005319486378167232
27.0,0.00036282655832739887
27.05,-0.0003405316127289777
27.1,0.00011337424601269158
27.150000000000002,0.0003104893396364675
27.200000000000003,0.000262422293325544
27.25,0.0005296952599892989
27.3,-9.143843402903962e-05
27.35,-0.0011531188931309913
27.400000000000002,-0.0005522192041216386
27.450000000000003,0.000345931501290029
27.5,-0.00011446002771082853
27.55,2.3649161718558792e-05
27.6,0.0001812153279328912
27.650000000000002,-0.0006134797190417727
27.700000000000003,-0.00022079008754294412
27.75,0.0008147536805551748
27.8,0.0008710732387775898
27.85,0.0004461604964617239
27.900000000000002,-0.00031534519309119985
27.950000000000003,-0.0011433859783779403
28.0,-3.497404520569844e-05
28.05,0.0006609707635722807
28.1,6.607575841261985e-05
28.150000000000002,0.0006020622907205089
28.200000000000003,-0.0006880036187543754
28.25,-0.000120716858381083
28.3,0.0007148179405499297
28.35,-0.0008786798956606686
28.400000000000002,-0.0007933015231697816
28.450000000000003,-0.00030366184566863716
28.5,0.0007820349029989974
28.55,0.0003717885062611947
28.6,-0.0005775991850394687
28.650000000000002,-0.0012725880129027933
28.700000000000003,-0.0014415132019867036
28.75,-0.0004426978300636937
28.8,-0.00022715149024791538
28.85,0.0014006193220033832
28.900000000000002,0.001411212651115614
28.950000000000003,0.0003350702999626046
29.0,0.0005522379938584107
29.05,0.0001398467579244232
29.1,0.0002189573191648186
29.150000000000002,-0.0003635853833132677
29.200000000000003,-0.0006140311978767886
29.25,-8.922753529683392e-05
29.3,5.83506536123734e-06
29.35,5.699866252495803e-05
29.400000000000002,-0.00102473508961276
29.450000000000003,-0.0005376266735206612
29.5,0.0005900058570941151
29.55,0.0006806080226245845
29.6,0.0010396917867497614
29.650000000000002,0.0004110580811223307
29.700000000000003,0.00047840685108652847
29.75,0.0003985489486395464
29.8,0.00033997401135054826
29.85,-8.91833353425003e-05
29.900000000000002,-0.0006674978733786653
29.950000000000003,-0.0004989089561886849
30.0,-0.0009317365371698275
30.05,-0.0006790584512045071
30.1,-0.00032569946320424025
30.150000000000002,0.00024287716688183632
30.200000000000003,0.0007726582069545371
30.25,0.0009411397451667725
30.3,7.896686500297966e-05
30.35,-0.0006321202527194892
30.400000000000002,-0.0004324990214600671
30.450000000000003,-0.00024035925982319743
30.5,0.0005337920296994733
30.55,0.00030372305706105157
30.6,0.0001877972332081813
30.650000000000002,-0.00013057863547571007
30.700000000000003,-0.0006901793687926963
30.75,-0.0002766058240532725
30.8,-0.00041982856384011573
30.85,0.00031988245472449673
30.900000000000002,0.0010758672586855006
30.950000000000003,0.0006095462899904704
31.0,0.00016234947138638782
31.05,-0.00019323005884200467
31.1,5.9529062163194946e-05
31.150000000000002,7.25745568859221e-05
31.200000000000003,-0.000339799452947326
31.25,-0.0005985862320059867
31.3,-0.0005780809788356105
31.35,-0.0002885987353451963
31.400000000000002,-5.682192388202377e-06
31.450000000000003,0.0005079570120335664
31.5,0.0008042457290088695
31.55,0.0002464244994679187
31.6,-0.00033409331979114077
31.650000000000002,-0.0007270314079830149
31.700000000000003,-0.001245215901978908
31.75,-0.0009011187786859276
31.8,4.794579228700965e-05
31.85,0.0002994360526677139
31.900000000000002,0.0007282953173207157
31.950000000000003,0.0008164514901797269
32.0,-4.3332453831715824e-05
32.050000000000004,0.00037980644330884374
32.1,7.580410669278352e-05
32.15,-0.0005334351392399553
32.2,-0.0004904338961493101
32.25,-0.0008899403352836484
32.300000000000004,4.476106245705707e-06
32.35,0.00039157290186626165
32.4,0.0007576391662955552
32.45,0.00024778202987376155
32.5,-0.000814538614545381
32.550000000000004,0.0003952656993884525
32.6,0.0005262088600501806
32.65,0.0004185301162491376
32.7,0.0005349924776497517
32.75,6.027396083774915e-05
32.800000000000004,0.00015865658915866453
32.85,-0.0004584476473131716
32.9,-0.0005040716690845275
32.95,-0.0003038931269819993
33.0,-0.00045461193284354574
33.050000000000004,0.0003394422003729522
33.1,0.0004935896722240585
33.15,0.00022445014065401064
33.2,0.0004436347643567412
33.25,-0.00018423497038607512
33.300000000000004,-4.8417990227452276e-05
33.35,0.00025369973813522284
33.4,-0.0009452165710584125
33.45,-0.0006259892653916566
33.5,-0.0001006135430644485
33.550000000000004,0.0003445267912221794
33.6,0.0012255576539758881
33.65,0.0005514075988441805
33.7,-3.7805960574099444e-05
33.75,-0.0007906535334184422
33.800000000000004,-0.0009065505443378926
33.85,0.0002555945140820773
33.9,0.0005229504920107381
33.95,0.000253482745072472
34.0,-0.00036283569348992715
34.050000000000004,-0.00025136044047500093
34.1,0.00040668070314573465
34.15,0.0006003881724974767
34.2,-2.9255785874851773e-05
34.25,-0.0009037682305320486
34.300000000000004,-0.0005974130210108357
34.35,-0.00040886337159072003
34.4,0.00012814377695084678
34.45,0.00048776858742485206
34.5,2.9021205434072377e-05
34.550000000000004,-6.322556780971146e-05
34.6,9.29014331085446e-05
34.65,0.00028014645464456456
34.7,-6.59675491606692e-06
34.75,-0.0006215390327138889
34.800000000000004,-0.00042236592785743917
34.85,0.000214208433156648
34.9,0.00042546551076135187
34.95,0.001043201579211027
35.0,0.0007096037291055682
35.050000000000004,-3.6522319502345206e-06
35.1,-0.0003146053072396152
35.15,-0.0009498273915273896
35.2,-0.0005529520456248093
35.25,-0.00023356839682061372
35.300000000000004,0.00013320301269676682
35.35,0.0005369895256659128
35.4,2.166273470886416e-05
35.45,0.00011585398925659102
35.5,0.0004685986807214348
35.550000000000004,0.00010428234193425346
35.6,-6.390951847672061e-05
35.65,-1.0970802687554748e-05
35.7,7.53213967443342e-05
35.75,-1.8373618251179095e-05
35.800000000000004,-0.0002674987088536243
35.85,-0.0006137759535123205
35.9,-0.00026956256165907113
35.95,0.0009136806742865646
36.0,0.0007282344204911497
36.050000000000004,-0.00038562439362839116
36.1,-0.0007830008733574781
36.15,-0.0005106442035351242
36.2,-0.00042732453753872694
36.25,0.0002509123394773599
36.300000000000004,0.0007516495866968015
36.35,0.0005391777045614754
36.4,0.0002724668103249003
36.45,0.00011536325348200862
36.5,0.00022587971718915982
36.550000000000004,0.0001681319755920412
36.6,-3.3562107750728934e-05
36.65,-0.0008207075659347998
36.7,-0.0006969335599876213
36.75,-2.6762049522021997e-05
36.800000000000004,0.0002861101865028044
36.85,-0.00016013342491687018
36.9,-0.0008013813795678774
36.95,-0.00053978706294979
37.0,0.00022177620970804861
37.050000000000004,0.0006271636436114165
37.1,0.0007551944879881331
37.15,0.0009473387244867165
37.2,0.00010325123368544727
37.25,-0.0003817777614514404
37.300000000000004,-0.00041566874426496786
37.35,-0.0005771983028847434
37.4,-8.957049512124927e-05
37.45,0.001253062892234106
37.5,0.0007109270695488293
37.550000000000004,-0.00040922758222599703
37.6,-0.000893267992385204
37.65,-0.0014400517799107435
37.7,-0.00046953960608298636
37.75,-0.00015913261776933507
37.800000000000004,0.0001686552494288948
37.85,0.00018253710468874864
37.9,0.0005280450242354936
37.95,0.0008561560616315687
38.0,0.0002790990822313786
38.050000000000004,0.0005297426596092603
38.1,0.00035072380150827495
38.15,0.000118110899827673
38.2,-0.0002463942231559971
38.25,-0.0006705343658476042
38.300000000000004,-0.0001870759119815407
38.35,-2.2947785197130137e-05
38.400000000000006,-0.0004884794467336656
38.45,6.947867740226448e-05
38.5,0.00044730683109933883
38.550000000000004,0.000759812130987037
38.6,0.0008649169007480288
38.650000000000006,-0.0005202372452843116
38.7,-0.0006297277229273441
38.75,-0.0009669469213623651
38.800000000000004,-0.0006636936228800789
38.85,0.0004398226104558489
38.900000000000006,-0.00034070427424207067
38.95,-0.0002266983477417226
39.0,-6.845751239002677e-05
39.050000000000004,0.00011537604176546205
39.1,0.0006622120757915124
39.150000000000006,0.0006903099986312691
39.2,0.0007066886071299747
39.25,0.0006024526585284641
39.300000000000004,-0.0004500357789064404
39.35,-0.0006654069414907029
39.400000000000006,-0.0002967443161281382
39.45,-0.0007426066763034209
39.5,-0.00030443357114795814
39.550000000000004,-0.00017156002563050563
39.6,0.0006917972202940801
39.650000000000006,0.0003763765119274352
39.7,0.00034663381045364256
39.75,-0.00020328628706992667
39.800000000000004,-0.0011632747461124283
39.85,0.00010596249604762141
39.900000000000006,9.385565958543017e-05
39.95,0.00010897813922257031
40.0,-0.00011594537740365775
40.050000000000004,0.0008491107555982537
40.1,0.0006902202559063812
40.150000000000006,-8.791234705405576e-05
40.2,0.000604500746955748
40.25,-0.00010456977890693038
40.300000000000004,-0.00022572922811274766
40.35,-0.0006312065171305816
40.400000000000006,-0.0004811953588063577
40.45,0.00043008756121028533
40.5,-0.0002494923790292624
40.550000000000004,-0.0001411900737928661
40.6,-0.00036023986464479824
40.650000000000006,-0.0004009308173459876
40.7,0.0007880091945051504
40.75,0.0005453523988151233
40.800000000000004,0.0006892679367612371
40.85,-4.8832756642086194e-05
40.900000000000006,-0.0007874149060959873
40.95,-8.740781654324202e-05
41.0,-0.0004932300483189965
41.050000000000004,-0.0003075050475765127
41.1,-7.677321247346315e-05
41.150000000000006,-0.0006753244422799387
41.2,-0.00013194583620180705
41.25,0.00019054591777055186
41.300000000000004,0.0005478103556692994
41.35,0.0013256277697395705
41.400000000000006,0.0010204367775677584
41.45,0.000319728767663163
41.5,-0.0006295295174513922
41.550000000000004,-0.0007672242747188098
41.6,-0.0006873991204196233
41.650000000000006,-0.0004978708753979442
41.7,-0.0005238622391308864
41.75,-0.0006919919541142624
41.800000000000004,0.00031678222826452023
41.85,0.0004824831413530993
41.900000000000006,0.001017571736446621
41.95,0.001009253692938551
42.0,6.176369586164074e-05
42.050000000000004,-0.00016208270188475127
42.1,-0.0006388655022842096
42.150000000000006,9.057798716724282e-05
42.2,0.00015608803196930882
42.25,-0.0005117964856206609
42.300000000000004,1.2457502034383703e-05
42.35,-0.0002813668498240378
42.400000000000006,0.0003941743754646188
42.45,0.00026816219351174234
42.5,-0.00046699164728793743
42.550000000000004,0.00034452233658528297
42.6,-0.0001603674278720095
42.650000000000006,0.00034724215725291896
42.7,0.00034534458520973026
42.75,-0.0002764508493371093
42.800000000000004,0.0005179671218229042
42.85,8.172368874497729e-05
42.900000000000006,-0.0005598780966324806
42.95,-0.0006335473320535278
43.0,-0.0005279846849531072
43.050000000000004,0.0003280379632589141
43.1,0.000306944872704166
43.150000000000006,-0.00023842833089525608
43.2,0.0001366636896016013
43.25,-0.00020375511938297962
43.300000000000004,-0.00010578012098513651
43.35,0.0003930369782736124
43.400000000000006,0.0006557551795002917
43.45,0.00031640469805379375
43.5,-0.0006861251205734276
43.550000000000004,-0.00027809914454829366
43.6,0.00014809452899421444
43.650000000000006,0.0005478032431752804
43.7,0.0007474699624093493
43.75,-0.0003355380838246842
43.800000000000004,-0.0011022976890089956
43.85,-0.0009102296707243212
43.900000000000006,-3.6698602960778353e-06
43.95,0.0007770419619776646
44.0,0.0006144068527230714
44.050000000000004,6.903614740780776e-05
44.1,-1.0299612501985277e-06
44.150000000000006,-0.00016433104591099976
44.2,-0.0004251065185728366
44.25,0.00010732166184015942
44.300000000000004,-0.00024172155058694612
44.35,-0.0002757234395440077
44.400000000000006,0.0003028068879754582
44.45,-0.0006306495098017904
44.5,-0.00040055554866556586
44.550000000000004,-5.299337427693068e-06
44.6,0.0002181596333216578
44.650000000000006,0.0011678988900044294
44.7,0.0005999455719129977
44.75,-9.43858855699335e-05
44.800000000000004,-0.00030281053285171293
44.85,-0.0005924283634011182
44.900000000000006,-0.00034010566840972904
44.95,8.34278802937565e-05
45.0,-1.3531867105879188e-05
45.050000000000004,0.00032912118023773075
45.1,0.000515331308649907
45.150000000000006,0.00018834557414997003
45.2,0.00013904390249649522
45.25,-0.00019390794250988605
45.300000000000004,-0.00029437797602547677
45.35,-0.0005911864660526235
45.400000000000006,-0.0006482159515523062
45.45,-0.00014646116932161176
45.5,0.00041579056946262894
45.550000000000004,0.0009067210308851831
45.6,0.0009844865201214723
45.650000000000006,0.0005782871303556295
45.7,-4.611975996552711e-05
45.75,-0.0006367121212478308
45.800000000000004,-0.0011419903745887874
45.85,-0.0007859441331592522
45.900000000000006,-0.0004085283688478194
45.95,0.0002983262358877578
46.0,0.0004005662567246289
46.050000000000004,4.580228863506588e-06
46.1,0.0004445580488605275
46.150000000000006,1.4332333146502316e-05
46.2,0.0005217520901088453
46.25,0.0005284701291959534
46.300000000000004,-3.848710272087494e-05
46.35,0.00042167950636713014
46.400000000000006,-0.0002515384380195664
46.45,-0.0004971514745510792
46.5,-0.0008734346946300518
46.550000000000004,-0.0004429961704822461
46.6,0.00032203772892858726
46.650000000000006,-6.57737885727588e-05
46.7,-5.7791924510336345e-05
46.75,-0.00031913256739015246
46.800000000000004,8.561861642610361e-05
46.85,0.00023168796077858327
46.900000000000006,0.00018397062541071008
46.95,0.00024045059102917714
47.0,0.0005379259417131029
47.050000000000004,0.0005339829064646059
47.1,2.3360545962509417e-05
47.150000000000006,0.00019745682486919076
47.2,-0.00030355414035297446
47.25,-0.0007691290972641656
47.300000000000004,-0.0007917677117302693
47.35,-0.00040591239082412016
47.400000000000006,-0.0003315800191313074
47.45,0.00010509574952631505
47.5,0.0007617029285312269
47.550000000000004,0.0005424982544168423
47.6,0.0006141081120112723
47.650000000000006,0.0003021397137032468
47.7,3.7457093808485635e-05
47.75,0.00032323374211942
47.800000000000004,-0.0002766055605982527
47.85,-0.00018851442742939893
47.900000000000006,0.0002554766554285165
47.95,-0.0004144095348127391
48.0,-0.00024139802284016887
48.050000000000004,-0.0004179331545013076
48.1,-0.0005337672977116646
48.150000000000006,-4.806609768806625e-05
48.2,0.00030192987933086245
48.25,0.0008559835991954292
48.300000000000004,0.00013666189233358492
48.35,-0.00031673169308740675
48.400000000000006,-0.00011025764019562743
48.45,-0.0007905392001874606
48.5,-0.0004400527610562222
48.550000000000004,0.00014235331701419044
48.6,0.00018775410424179737
48.650000000000006,0.0005461860827866912
48.7,0.0006544988449176802
48.75,0.0009304255164200222
48.800000000000004,2.991974815244365e-05
48.85,-0.0005823342887363638
48.900000000000006,-0.0004073698016533999
48.95,-0.0006324270026012203
49.0,-0.00030069645695859676
49.050000000000004,-0.00044154008208414203
49.1,-0.00041806449005534326
49.150000000000006,0.00040144590219010973
49.2,0.0008705490450455598
49.25,0.0004111088567336985
49.300000000000004,8.193831855377905e-05
49.35,0.00015903416108032498
49.400000000000006,-6.824121890938213e-05
49.45,-9.123262420305857e-05
49.5,-0.00024271376385350452
49.550000000000004,-0.000517036228569063
49.6,-0.0005230529838290028
49.650000000000006,-0.0005002667719867968
49.7,0.00015623245495509057
49.75,0.0006639956742583935
49.800000000000004,0.0006929858246485409
49.85,0.0005507457346243743
49.900000000000006,-0.0005160167978784733
49.95,-0.0006052774953961926
50.0,-0.00025956549192330993
50.050000000000004,-0.0001672295912787325
50.1,0.00012831243369149138
50.150000000000006,-8.834803194496825e-05
50.2,0.0005086478194264929
50.25,0.0007292193131749978
50.300000000000004,7.350065991746132e-05
50.35,0.0005693051589752221
50.400000000000006,-0.00020910547212129498
50.45,-0.0008421738265395579
50.5,0.0001254943582878335
50.550000000000004,-0.0002755079962651961
50.6,0.0007390790704348109
50.650000000000006,0.0008867915733928684
50.7,-0.0005178203185408896
50.75,-0.0005811602992407579
50.800000000000004,-0.00045419655371784574
50.85,-4.2264291633100915e-05
50.900000000000006,0.00010980476523843681
50.95,0.0002371744384027025
51.0,6.975423093309055e-05
51.050000000000004,-0.00010745054494915896
51.1,3.3149903134126435e-05
51.150000000000006,0.0005172503421239079
51.2,0.000550419358144845
51.25,-0.000281985077697292
51.300000000000004,-0.0006464608939820849
51.35,-0.0005288752018483065
51.400000000000006,-0.00043564716806790654
51.45,-0.00042135513291876003
51.5,-0.00013418924387001026
51.550000000000004,-0.00022652805345642712
51.6,-0.00018737301728359994
51.650000000000006,0.0002467229950795404
51.7,0.0005657510680490121
51.75,0.0006370685742368654
51.800000000000004,0.0002736302451107292
51.85,0.00035572206372446596
51.900000000000006,0.00021482592304365627
51.95,0.00026662317956901456
52.0,-0.00019942014606980755
52.050000000000004,-0.0005708430560995086
52.1,-0.00023109168265501506
52.150000000000006,-0.0007041450034849866
52.2,-0.0004599415569435797
52.25,9.468104441712169e-06
52.300000000000004,0.0005097521790244608
52.35,0.00045933133187791214
52.400000000000006,6.299420047289275e-05
52.45,0.00020057511653989436
52.5,0.00017506358203087457
52.550000000000004,0.00033226629356302454
52.6,0.00021411457072720134
52.650000000000006,-0.00014094465479683692
52.7,-0.0005391278070832387
52.75,-0.0003482729994014901
52.800000000000004,-5.800599385695157e-05
52.85,0.0002714971343953484
52.900000000000006,1.5041578389180273e-06
52.95,-0.00033929517339167215
53.0,0.0003405704207282421
53.050000000000004,2.6130660579502684e-05
53.1,0.0003742939300556244
53.150000000000006,-3.560130581951238e-05
53.2,-0.0008260459883743978
53.25,-0.00036532418031388555
53.300000000000004,-0.00018138947384251582
53.35,0.00023568723204551978
53.400000000000006,0.0002456361313041455
53.45,0.0005631255013195406
53.5,0.0006704983406837981
53.550000000000004,0.0002674724651940908
53.6,-0.0003396349078201502
53.650000000000006,-0.0007427732216202503
53.7,-0.0006158839236036999
53.75,-0.0005359558149478137
53.800000000000004,-6.905411612300099e-05
53.85,0.0005891804644864938
53.900000000000006,0.000584158698002484
53.95,-0.00014061357142901935
54.0,0.00029827727954242063
54.050000000000004,0.00025130151553848056
54.1,0.0001108588476967124
54.150000000000006,0.0005072580335134082
54.2,-2.9408230418812852e-05
54.25,0.00020530660931816026
54.300000000000004,-0.00046100606746124614
54.35,-0.0006993738109978636
54.400000000000006,-0.0010253664098043608
54.45,-0.0010228355509952457
54.5,0.00011574539976810199
54.550000000000004,0.0004952405996147892
54.6,0.0011748975318437097
54.650000000000006,0.001262213602702744
54.7,0.0009290507379288411
54.75,-0.0004030948833986041
54.800000000000004,-0.0004810376216128849
54.85,-0.0006194857608440716
54.900000000000006,-0.0009391804963695271
54.95,9.578835183810096e-05
55.0,-0.00012410712529338936
55.050000000000004,0.0003377252227312638
55.1,0.00032369653389612723
55.150000000000006,5.174921297075502e-05
55.2,0.0004454948278289045
55.25,6.547233841815212e-05
55.300000000000004,0.0001841060789721539
55.35,6.749042771314406e-05
55.400000000000006,-0.0004097817604981316
55.45,-0.00026775643079713724
55.5,-0.00023452153952887236
55.550000000000004,-5.328584724989566e-05
55.6,-0.00015245470092672424
55.650000000000006,-0.0002484656687221479
55.7,0.00045000118688087135
55.75,0.0006397318813380072
55.800000000000004,0.0006158210300240347
55.85,0.00037863393006777883
55.900000000000006,-0.00031775100241074615
55.95,-0.00034586366409672197
56.0,-0.0006647809721735025
56.050000000000004,-0.001051149347049623
56.1,-0.0002995455936993392
56.150000000000006,0.00010903805475744158
56.2,0.00021819081001172552
56.25,0.00048498116879967703
56.300000000000004,0.0005987192842451113
56.35,0.00026525122743246927
56.400000000000006,-0.00026130354450393
56.45,0.0001966843995179563
56.5,0.000542359885347438
56.550000000000004,0.0001540153266860026
56.6,-0.0005658855890160829
56.650000000000006,-0.0010006987946939697
56.7,-0.0003031925113836644
56.75,-0.00014786876882202474
56.800000000000004,-2.4773264507347816e-05
56.85,0.0003956892285108147
56.900000000000006,-5.705176387975091e-05
56.95,-0.00014008647060058052
57.0,0.00021090107726129303
57.050000000000004,0.0005023610470014795
57.1,0.00046772257777873914
57.150000000000006,0.0006397453695890399
57.2,0.0002553133475363431
57.25,-0.0003850570651860845
57.300000000000004,-0.00028639491343138585
57.35,-0.00041800727641945305
57.400000000000006,-0.00025842692810011263
57.45,-0.00024199423086193448
57.5,-0.0002366126505236071
57.550000000000004,-0.0001720767756327687
57.6,-6.778741481112191e-05
57.650000000000006,0.00010159029469022286
57.7,0.000341744837001576
57.75,0.0009520372861301595
57.800000000000004,0.0008821116040088503
57.85,4.5714569885796454e-05
57.900000000000006,-0.0006773252735031063
57.95,-0.0006586148031619497
58.0,-0.0008119702336875585
58.050000000000004,-0.00047568726323639614
58.1,0.0002486774525081969
58.150000000000006,0.0003926639495163196
58.2,0.0004901127434043298
58.25,9.102211364574376e-05
58.300000000000004,0.00021986137376899445
58.35,0.0002989673592454877
58.400000000000006,-0.0003349889867877782
58.45,-0.0004850105490911933
58.5,-0.00022398327691661084
58.550000000000004,0.00021271907963409434
58.6,5.354886130430296e-05
58.650000000000006,-0.00021153459075031107
58.7,1.2993472900578821e-05
58.75,0.00029707214895302337
58.800000000000004,-0.00022981603817121335
58.85,-0.0005967590398864002
58.900000000000006,0.00021256924037952685
58.95,0.0006533057926903519
59.0,0.0006010781186431788
59.050000000000004,0.00022330323344104438
59.1,-0.00037128364841181125
59.150000000000006,-0.000610280519040617
59.2,-0.0005789372016151814
59.25,-0.0004565627182007795
59.300000000000004,2.5535072048078324e-05
59.35,0.00035627726752643395
59.400000000000006,0.00035624038588014285
59.45,0.00022156399151926858
59.5,-6.870806262230519e-05
59.550000000000004,-9.386874262424056e-05
59.6,-0.00030180640413055677
59.650000000000006,-0.000372230233128677
59.7,0.00018127325129411372
59.75,0.000724718499791582
59.800000000000004,0.0006731036505000295
59.85,0.0002700484820769687
59.900000000000006,-0.0002795468584666032
59.95,-0.0006910567905192869
60.0,-0.0009574664483479831
60.050000000000004,-0.0002215554658533803
60.1,0.0007192749425314115
60.150000000000006,0.0006138669081252591
60.2,0.0005659012596149439
60.25,0.00015551258833776158
60.300000000000004,-0.00026190291945301926
60.35,-0.00044323123538895007
60.400000000000006,-0.0003263899908211758
60.45,4.705631094976579e-05
60.5,6.533658069031682e-05
60.550000000000004,-0.0002639860474205641
60.6,3.464150197604876e-06
60.650000000000006,0.0001850929767387309
60.7,0.0004043160231073726
60.75,0.0008207110397769323
60.800000000000004,-0.00013642066532365232
60.85,-0.000343810732647573
60.900000000000006,-0.0005331545493275591
60.95,-0.000591511375662722
61.0,-0.0001355278211974239
61.050000000000004,-0.00010524279484803996
61.1,0.0002083175896287217
61.150000000000006,5.5544681383248024e-05
61.2,0.0005109183331748825
61.25,0.0007623562902595074
61.300000000000004,0.0003927729772497655
61.35,1.8334452547124287e-05
61.400000000000006,-0.00026606437870240054
61.45,-0.0005371240568890161
61.5,-0.001032461720896786
61.550000000000004,-0.0006084510185153155
61.6,-0.00034249547669509427
61.650000000000006,-0.00016572017319398295
61.7,0.0005776435728478013
61.75,0.0009164157961157541
61.800000000000004,0.0006390398268674079
61.85,0.0003925716581659546
61.900000000000006,-1.407612930796279e-05
61.95,-0.000332499220938473
62.0,-0.00031402592914320986
62.050000000000004,-0.0008762266446754206
62.1,-0.0010134904753968162
62.150000000000006,1.044853557193387e-05
62.2,0.000977876752712632
62.25,0.0004642256912882045
62.300000000000004,-6.2630412640412825e-06
62.35,-6.360829972309075e-05
62.400000000000006,-0.00012259186802731059
62.45,0.0003701789759128902
62.5,0.0005840709895735922
62.550000000000004,0.0005795629265939736
62.6,0.00015669497211942264
62.650000000000006,-2.3668620545955785e-05
62.7,-0.00017738816282670086
62.75,-0.0008921530752408854
62.800000000000004,-0.0008056522423345294
62.85,-0.00040618315913002893
62.900000000000006,-0.00020111024884454984
62.95,0.0007429398608229872
63.0,0.0010651601211774282
63.050000000000004,0.000348835661885679
63.1,-0.0004088810399276474
63.150000000000006,-0.0011039223124342525
63.2,-0.0004105537623351878
63.25,0.0008940321706952462
63.300000000000004,0.0011998276851141831
63.35,0.0009013720128291326
63.400000000000006,0.0005855111629499118
63.45,-0.00021669368133680147
63.5,-0.0012977892400504384
63.550000000000004,-0.00133115598903315
63.6,-0.0011071416831292277
63.650000000000006,-0.00010465953296922437
63.7,0.000708442034032676
63.75,0.00046812181650394253
63.800000000000004,0.001068888238212114
63.85,0.0008598558394604133
63.900000000000006,4.909476935114019e-05
63.95,-0.0004478555593915494
64.0,-0.0009173041112550065
64.05,-0.0003079325990605917
64.10000000000001,0.00014988373833576117
64.15,0.00018226616382422534
64.2,0.00023347180476653208
64.25,-6.811186731602626e-05
64.3,-0.00046583400932412945
64.35000000000001,-0.0005595775065998904
64.4,7.692223135851208e-05
64.45,0.00033622464917979037
64.5,0.0002976311967488677
64.55,0.00037383080862631073
64.60000000000001,-0.00037365634952899075
64.65,-0.0006624355465280591
64.7,-0.0003674541396100316
64.75,-7.751302609001405e-05
64.8,0.000319575130045227
64.85000000000001,0.00044099477910115046
64.9,0.0006079325359866219
64.95,0.0004407477763895764
65.0,0.00034492366342145744
65.05,8.612833376367803e-05
65.10000000000001,-0.0006162792036778145
65.15,-0.0003197656775450448
65.2,-0.00025017232720870745
65.25,-0.0008988192802723994
65.3,-0.00037416910683649824
65.35000000000001,0.0005011742362787475
65.4,4.5237117166681455e-05
65.45,0.00041363283272619766
65.5,0.0011554982505796296
65.55,0.00019813704429007153
65.60000000000001,-0.0002689110283129242
65.65,-0.0001298875359796823
65.7,-0.0003790968540325008
65.75,-0.00026136555994143236
65.8,-7.163335711338687e-05
65.85000000000001,-0.0004527277954430729
65.9,-0.0003018317979506099
65.95,0.00034885457124093395
66.0,0.000359795307143578
66.05,0.000756090602236429
66.10000000000001,0.0005560388533389286
66.15,-0.00019202322474573162
66.2,-1.8257815366435924e-05
66.25,-0.0002685395982737878
66.3,-0.00045963936001307504
66.35000000000001,3.4814198262041336e-06
66.4,8.735901493980017e-05
66.45,-0.00019324715603615794
66.5,-0.0005547533395176894
66.55,-0.00013726299511351357
66.60000000000001,0.0004583500096096177
66.65,0.00017357139811891462
66.7,6.563882585884593e-05
66.75,0.00015238683491062448
66.8,-1.5173921434996938e-06
66.85000000000001,-0.00013636178214230024
66.9,-0.0003283422229367666
66.95,6.275443827911488e-05
67.0,0.0002541236514761028
67.05,-0.00017310126042459397
67.10000000000001,-3.366627596433053e-05
67.15,4.801526862665399e-05
67.2,-0.00021357025571301988
67.25,-0.000569525751802568
67.3,-0.0004092672358783271
67.35000000000001,0.00015778928828057644
67.4,0.0004168356781470035
67.45,0.0006288619634351239
67.5,0.00019528080423331958
67.55,-0.00011910373538933431
67.60000000000001,-0.0004801707255829582
67.65,-0.0007606209577288345
67.7,-3.447377212391427e-05
67.75,0.0005805656352434221
67.8,0.0008138961959727187
67.85000000000001,0.000475523728867804
67.9,0.000346505310115316
67.95,0.0003503396616694957
68.0,-0.0004666600408841983
68.05,-0.0007396509706633402
68.10000000000001,-0.0008490988456260782
68.15,-0.0006046873009809753
68.2,0.00013013049002315576
68.25,0.0003840841059578107
68.3,0.0007879650441960835
68.35000000000001,0.0008033646171804436
68.4,0.0007571824210562049
68.45,0.00015538716521760985
68.5,-0.0004869400325968965
68.55,-0.0004382948630200052
68.60000000000001,-0.0004578210571259324
68.65,-0.00023418381113713617
68.7,-0.0007127391940680224
68.75,-0.00036116670620608743
68.8,0.0002310529443211716
68.85000000000001,0.0002443970657308063
68.9,0.0008223575338607307
68.95,0.0004845471510821767
69.0,-0.00035507899858723595
69.05,-0.000639949570425128
69.10000000000001,-0.0007017644852859763
69.15,-0.0008561377399108613
69.2,-0.0002693969623207377
69.25,0.0006443835544313043
69.3,0.0011435922788957736
69.35000000000001,0.0008869505145913741
69.4,-0.00014224486503803434
69.45,-0.0004167928862586203
69.5,-0.00045216645238327287
69.55,-0.0007317238901908851
69.60000000000001,2.397761408580908e-08
69.65,0.0006506830687531437
69.7,0.00047513623523333864
69.75,0.0006446724343151752
69.8,0.0002162485151074358
69.85000000000001,-0.0004917188462942473
69.9,-0.0005256210967076451
69.95,-0.0004750018561433346
70.0,0.00014199656126663343
70.05,0.0008273440049615699
70.10000000000001,0.00039426720720650793
70.15,-1.8288231964693295e-05
70.2,6.59399919526076e-05
70.25,6.500690974645152e-05
70.3,1.7471319701411255e-05
70.35000000000001,-0.0004372310076596344
70.4,-0.0003654699385620802
70.45,-0.00013888214726897154
70.5,3.983460428341791e-05
70.55,-2.400271462797757e-05
70.60000000000001,-0.0007343091813461649
70.65,-0.00022641614126566625
70.7,0.0004038653333949721
70.75,0.00023331028452429808
70.8,7.556398568106141e-05
70.85000000000001,-2.0996198841663204e-05
70.9,0.0004185742319232711
70.95,0.000556201149694641
71.0,0.00016207297038657996
71.05,-0.00016116918862188755
71.10000000000001,-0.00026308334273017394
71.15,-0.00047088495522449025
71.2,-0.0005514086755499865
71.25,-0.0003051473220971011
71.3,-0.00023837100481093014
71.35000000000001,0.0003560802506642879
71.4,0.0008475751569328279
71.45,0.0008369915176553219
71.5,0.0004515270003689152
71.55,-0.00026254278935418547
71.60000000000001,-0.0008989082891121727
71.65,-0.0009573432400268484
71.7,-0.00022616518662960775
71.75,0.00017184021162519256
71.8,0.0006752836088154031
71.85000000000001,0.0007637295710414883
71.9,0.00020427283002312098
71.95,-0.00016330823173322847
72.0,-0.0005748214038955959
72.05,-0.00045468091998896425
72.10000000000001,1.8078900333839687e-05
72.15,0.00019759026038448268
72.2,0.00032356198297035235
72.25,0.00014311065584169487
72.3,-0.00014925693954948474
72.35000000000001,-0.00020292361528653858
72.4,-0.0003581867694324537
72.45,-0.00016628529893240166
72.5,-5.5221523088155655e-05
72.55,0.0004585889550451602
72.60000000000001,0.0007802928815962044
72.65,3.356632000172033e-05
72.7,-0.00035581275499212324
72.75,-0.00045719942157321317
72.8,-0.0003608278947307358
72.85000000000001,0.00017755323238500544
72.9,0.0007666306761825305
72.95,0.0007175975747494354
73.0,-0.0003282332384488069
73.05,-0.0012776087683331403
73.10000000000001,-0.001276883834078036
73.15,-0.0003870599988351309
73.2,0.000903079610575853
73.25,0.0013359892918642707
73.3,0.0010101755183475546
73.35000000000001,0.000338790723234429
73.4,-0.0003938508172741312
73.45,-0.000837724737126481
73.5,-0.0004830369586135616
73.55,2.598386711887742e-06
73.60000000000001,0.0002967323336079669
73.65,0.0008062969462748428
73.7,0.0006227728528544234
73.75,0.00018870672291216144
73.8,-0.000574294863998668
73.85000000000001,-0.0013704750434664166
73.9,-0.0013998150590287138
73.95,-0.0005565835538485669
74.0,0.00036232756857074383
74.05,0.0010705828809214543
74.10000000000001,0.0014925910128593708
74.15,0.0011110795761475098
74.2,0.00014956877801945245
74.25,-0.0008649521022874336
74.3,-0.0008048139562752176
74.35000000000001,-0.00028250889168678924
74.4,0.00012535848542116903
74.45,0.00016968885281651953
74.5,-0.00036210575314698135
74.55,-0.0002715187477964549
74.60000000000001,-0.00010909651932628213
74.65,-0.00021911791537014048
74.7,-3.428944246787565e-05
74.75,-3.225894733739234e-05
74.8,-2.9155389452415993e-05
74.85000000000001,0.0002973386849725454
74.9,0.00038178472841773306
74.95,0.0002525681077057217
75.0,0.00013612334839402653
75.05,-0.0001826391342150993
75.10000000000001,-0.00019965553485886767
75.15,-0.0004704696380901139
75.2,-0.0003280407609575144
75.25,0.000442643563789108
75.3,0.0005068560236247659
75.35000000000001,0.0002955589387232867
75.4,3.862430460042529e-05
75.45,-9.804329580853893e-05
75.5,-0.0005581768390188241
75.55,-0.0006535944593909785
75.60000000000001,-0.0004543434291754101
75.65,-0.00018881886900616926
75.7,0.0009228773117633852
75.75,0.0006944176380032492
75.8,0.000514300137618867
75.85000000000001,0.00047067888517291336
75.9,-0.00029025649086017094
75.95,-0.0002778581817096932
76.0,-0.00038399673891226455
76.05,8.893596858128094e-05
76.10000000000001,-8.994326896469497e-05
76.15,-0.00027599000865049253
76.2,3.6088709532653787e-07
76.25,-5.38280315200071e-05
76.3,-0.00018811258366223884
76.35000000000001,-0.0011758427393036678
76.4,-0.00046376424559410964
76.45,0.0005264365024246172
76.5,0.000913184765049348
76.55,0.001040395179084486
76.60000000000001,0.0006217165599533558
76.65,0.000506582508510181
76.7,0.0004089553813460058
76.75,0.00023124801634690325
76.80000000000001,-0.0009163012511969547
76.85000000000001,-0.0012686874421426382
76.9,-0.0008173902459772182
76.95,4.28535835529242e-05
77.0,0.000562613028346366
77.05000000000001,0.00024341041851334266
77.10000000000001,0.00036165582226478535
77.15,0.00027597948989792516
77.2,0.0004139357936321788
77.25,-0.0002780915036025889
77.30000000000001,-0.0008223224820499632
77.35000000000001,-0.00026218012510340104
77.4,-0.0003343005581010022
77.45,-0.0001321700518555326
77.5,0.00021572859838473628
77.55000000000001,-5.4802895768877844e-05
77.60000000000001,-0.000419627100866021
77.65,-0.00010207527333712308
77.7,0.0006467583892170422
77.75,0.0006952741087340917
77.80000000000001,0.000383637304997529
77.85000000000001,0.00012457735004178593
77.9,-0.00018169369418770468
77.95,-0.00010282249628751771
78.0,-0.0001827604273074673
78.05000000000001,-0.0001835336634535661
78.10000000000001,-0.0005170387468360715
78.15,-0.0008077173441201019
78.2,-9.534555717043428e-05
78.25,-7.508359888342558e-05
78.30000000000001,0.00011499835131776274
78.35000000000001,0.00042814080612813314
78.4,0.0004671282438411693
78.45,0.0007097307957907045
78.5,0.0007675269511220743
78.55000000000001,0.0006359025308949601
78.60000000000001,-0.0007418669739817751
78.65,-0.0010279639958834864
78.7,-0.0006235711389260324
78.75,-0.0007393210415178982
78.80000000000001,0.0002632287449308871
78.85000000000001,0.0006818463396531123
78.9,0.0004604243457609201
78.95,0.00021851928135983858
79.0,0.0004111633169842453
79.05000000000001,0.0002993317458333599
79.10000000000001,-0.00023221740513589695
79.15,-0.00022737969074410974
79.2,-0.00019278740972491866
79.25,3.7892634061462916e-05
79.30000000000001,-0.00035306217011009844
79.35000000000001,-0.00029035523662992747
79.4,0.00017372917545345124
79.45,0.00036148435051535575
79.5,0.0002556993542171376
79.55000000000001,-0.00028557175652358215
79.60000000000001,-0.0004510038415641719
79.65,-0.00016545901260944503
79.7,0.00030485320990939055
79.75,9.526892757357665e-05
79.80000000000001,0.00033881097083214204
79.85000000000001,0.000492148374521611
79.9,0.00040645457680089074
79.95,-0.00012018010244939131
80.0,-0.0006467168085942834
80.05000000000001,-0.00039196367645247097
80.10000000000001,-0.000794899194581884
80.15,-0.00021093579749610966
80.2,0.0002616023348232153
80.25,0.000791437394315619
80.30000000000001,0.000919684322932797
80.35000000000001,0.0003381360893491327
80.4,9.17068082701e-05
80.45,-0.0009874994974810865
80.5,-0.0009186103915222609
80.55000000000001,-0.0007300757422962158
80.60000000000001,-0.0002497228879609242
80.65,0.00041105640283673725
80.7,0.00031963966752567117
80.75,0.00044375246481945566
80.80000000000001,5.226457026846194e-05
80.85000000000001,6.523491385144924e-05
80.9,0.00013203919185038551
80.95,-1.6742494099453443e-05
81.0,-9.184177372451156e-05
81.05000000000001,-0.00017807368377781077
81.10000000000001,-0.00027751829366610465
81.15,-0.00027404946664085064
81.2,2.0893479434072912e-07
81.25,0.0001929600423195923
81.30000000000001,0.00041870020027603077
81.35000000000001,0.0006899995135936995
81.4,0.0005381810518987191
81.45,0.00018005521877919838
81.5,9.540918142828755e-05
81.55000000000001,-0.0004236163955214936
81.60000000000001,-0.0001845577195079863
81.65,0.00019239964680561091
81.7,0.00021218180909130522
81.75,0.00031292623571306337
81.80000000000001,-0.00045534303258903985
81.85000000000001,-0.000901305673382669
81.9,-0.0011397378357771337
81.95,-0.0008858848832875033
82.0,-0.00024518655440188935
82.05000000000001,0.0011006942419874734
82.10000000000001,0.0017958823756793446
82.15,0.0007894402142428891
82.2,0.0003530358212179191
82.25,-0.00042712906925544507
82.30000000000001,-0.00036463199988339236
82.35000000000001,-0.0003885716680504775
82.4,-0.0011076986093591218
82.45,-0.0005940099820027465
82.5,6.889538230780778e-05
82.55000000000001,0.0009812732433007879
82.60000000000001,0.0010851509473332498
82.65,0.00036067578817415693
82.7,-0.0004469091284176403
82.75,-0.0013834675114915997
82.80000000000001,-0.0014933613632438251
82.85000000000001,-0.0011161666623316455
82.9,5.026767726946876e-05
82.95,0.0014956442861976014
83.0,0.001593557553143968
83.05000000000001,0.0011082488108612833
83.10000000000001,0.00036585496739190756
83.15,-0.0009419541688541264
83.2,-0.0016816246121612248
83.25,-0.0009106426602080396
83.30000000000001,-9.720141354135069e-06
83.35000000000001,0.0006146096742113668
83.4,0.0014108931959328982
83.45,0.000900880532153481
83.5,0.00026960629841017036
83.55000000000001,-0.00014318470081331472
83.60000000000001,-0.0007387624180819804
83.65,-0.0005869403822310263
83.7,-0.00031814779792435253
83.75,0.0006332959953180851
83.80000000000001,0.0009568579890120471
83.85000000000001,0.00042634801123992436
83.9,9.065350639589709e-05
83.95,-0.0006560679191162717
84.0,-0.0007753570261890393
84.05000000000001,-0.0006617422539926604
84.10000000000001,-0.00025425227108606967
84.15,-2.6966277379965567e-05
84.2,2.0583828669100166e-05
84.25,0.0005873796102848712
84.30000000000001,0.0009658881037756827
84.35000000000001,0.0008914428869122817
84.4,-0.00014326232193061139
84.45,-0.000821364151098436
84.5,-0.0008389098457150655
84.55000000000001,-0.0007929479111359465
84.60000000000001,-0.00034297716328558623
84.65,-1.2835261622407156e-05
84.7,0.00043779865444783575
84.75,0.000494781210874451
84.80000000000001,0.0002645666980914423
84.85000000000001,0.00023382934915774217
84.9,-6.767200556769385e-05
84.95,0.0004090398581700327
85.0,0.0007835377597311874
85.05000000000001,0.0005828701387487258
85.10000000000001,7.311137860091951e-05
85.15,-0.0008374264164251758
85.2,-0.0010551990831427678
85.25,-0.0009462157936559162
85.30000000000001,-0.0007788260376939165
85.35000000000001,-0.0003394718910585996
85.4,0.00039104365281694497
85.45,0.0011110047160163264
85.5,0.0011191389639221407
85.55000000000001,0.0005491170148936044
85.60000000000001,0.00010643801868394258
85.65,-0.0003359832238787064
85.7,-0.0007522228003741166
85.75,-0.0006958446979576863
85.80000000000001,-0.000156604100060809
85.85000000000001,0.00014095925031278332
85.9,0.00027369378854186737
85.95,0.00046673644341180097
86.0,0.00021368451957087583
86.05000000000001,0.00021132189412844125
86.10000000000001,8.774252245120083e-05
86.15,8.204322101648956e-05
86.2,0.00035248608403861873
86.25,7.393475735929495e-05
86.30000000000001,-0.0006165726654904209
86.35000000000001,-0.00108510027052461
86.4,-0.0006726182651021004
86.45,-0.0002172514211177163
86.5,0.00016681291542029893
86.55000000000001,0.0002539200724167252
86.60000000000001,0.0004944407924498309
86.65,0.0010535635608986554
86.7,0.001254958854977504
86.75,0.0008990151747788418
86.80000000000001,-5.263135907146916e-05
86.85000000000001,-0.001163013130519029
86.9,-0.002151040436100929
86.95,-0.0014923245732403206
87.0,-0.0006577408672136423
87.05000000000001,0.00020433270652543532
87.10000000000001,0.0017795988539090106
87.15,0.0022386551146590682
87.2,0.0017792815555935269
87.25,0.00018604403573450055
87.30000000000001,-0.0016451634993222915
87.35000000000001,-0.0021247130348297076
87.4,-0.0016658576413841448
87.45,-0.0007964571380963272
87.5,0.0009596362287853132
87.55000000000001,0.0017352470154223612
87.60000000000001,0.0016480179447426243
87.65,0.0012735807040517165
87.7,-0.0006319414364252414
87.75,-0.0017520551600248722
87.80000000000001,-0.0014773447860541309
87.85000000000001,-0.0009200032782533171
87.9,0.0001680215805595687
87.95,0.0013478035627999259
88.0,0.001245088829958721
88.05000000000001,0.0009264351253652059
88.10000000000001,-9.35092683565131e-05
88.15,-0.0010798839288831106
88.2,-0.0006427894299736585
88.25,-0.0006545154706452679
88.30000000000001,4.26811523033738e-05
88.35000000000001,0.0006885510003664841
88.4,0.00014828968213085816
88.45,0.00010194255006212254
88.5,0.00018871692188969375
88.55000000000001,-2.713766700451666e-06
88.60000000000001,-0.00037011854145034095
88.65,-0.0004849850126673477
88.7,-0.00016701183425139575
88.75,4.892726366930322e-06
88.80000000000001,6.480764467900947e-05
88.85000000000001,-0.00010981839007245144
88.9,7.521774574470894e-05
88.95,0.000505961443997326
89.0,6.24833712275347e-05
89.05000000000001,-0.0004920350928129401
89.10000000000001,-8.441784175074577e-05
89.15,0.0002313958924355081
89.2,0.0005842404143227162
89.25,0.0003614482516424861
89.30000000000001,2.357601999642766e-05
89.35000000000001,0.00019724261902326457
89.4,-0.0003397680770887481
89.45,-0.0005812670924136132
89.5,-0.0008042711721401316
89.55000000000001,-0.0001060678957880453
89.60000000000001,0.00044205013070386276
89.65,0.0005604658073392285
89.7,0.0006328007596364439
89.75,9.371132511236888e-05
89.80000000000001,0.00040733384591281344
89.85000000000001,-0.00028329722021613044
89.9,-0.0007037514492257596
89.95,-0.00017382188383420626
90.0,-0.0001512774661822726
90.05000000000001,-0.00046178190383364955
90.10000000000001,-0.0007519618528655848
90.15,-0.0003840357036556973
90.2,-4.299497245895626e-05
90.25,0.0012797493562448094
90.30000000000001,0.0016080541476853267
90.35000000000001,0.0005626204216150042
90.4,0.00033981826661506074
90.45,-0.0008141528559988097
90.5,-0.001398196676184675
90.55000000000001,-0.0011402846107574404
90.60000000000001,-0.0001594120923570603
90.65,0.0008502780806715959
90.7,0.0003012670180899886
90.75,0.0006498699838089333
90.80000000000001,0.00030661150871841313
90.85000000000001,-0.00014938919204449838
90.9,6.786947589666147e-05
90.95,-0.0003891516486418686
91.0,-0.000236323499145708
91.05000000000001,2.1246867132510408e-05
91.10000000000001,4.0800514455180403e-07
91.15,-0.0003984951558344651
91.2,-0.00046684303556380677
91.25,-0.0004579678630979641
91.30000000000001,-0.0005235182545205527
91.35000000000001,0.0004371816471414244
91.4,0.0014715818171097267
91.45,0.0015662297041604282
91.5,0.0005952279635209271
91.55000000000001,-0.00040919059985647274
91.60000000000001,-0.0006773606112445544
91.65,-0.0004912665434221471
91.7,-0.0004300116243865107
91.75,-0.00010336014627633206
91.80000000000001,0.0003029898071461446
91.85000000000001,4.328957726203733e-05
91.9,-0.00021888698116465362
91.95,-0.0006291042363275483
92.0,-0.0005261934360957319
92.05000000000001,0.0002970294484396177
92.10000000000001,0.00034682904405341526
92.15,0.0001118035708345773
92.2,0.0010023195415408044
92.25,0.0007899471254870684
92.30000000000001,-0.00017231599145333518
92.35000000000001,-0.0004883959685497431
92.4,-0.0010090232047676368
92.45,-0.0006541058068948255
92.5,-0.00026374808264015693
92.55000000000001,-0.0002117288661351956
92.60000000000001,-0.00024231181614117267
92.65,0.0004013872114783762
92.7,0.0007885855354883375
92.75,0.0007548310620513732
92.80000000000001,0.0007382956136344297
92.85000000000001,-9.65212364023718e-05
92.9,-0.00022710149289422907
92.95,-0.0006062317726621755
93.0,-0.0004516210824629477
93.05000000000001,0.00024183453897646715
93.10000000000001,0.0001193875480351537
93.15,0.0003187033653513409
93.2,0.00017388656877468473
93.25,-0.0003206486491072694
93.30000000000001,-0.00019082866185502926
93.35000000000001,-7.108750076187994e-05
93.4,-0.00019800948582422825
93.45,-0.00029516640706532917
93.5,-0.00013208167197745983
93.55000000000001,0.0005922103112152557
93.60000000000001,0.0006820938902250578
93.65,0.00010894624895736743
93.7,-0.00039125779315153555
93.75,-0.00037484267159092064
93.80000000000001,-0.0002472541640420644
93.85000000000001,-0.00038157628512529925
93.9,0.00026315451229938264
93.95,0.0006712470911400064
94.0,0.00038765738111150576
94.05000000000001,-0.00037139470323359136
94.10000000000001,-0.001152672152641761
94.15,-0.0005024659331599432
94.2,0.0003268600275830133
94.25,0.0008404646948198429
94.30000000000001,0.0011788867088411948
94.35000000000001,0.0007027763148475764
94.4,0.00020993028210556175
94.45,-0.00043343815902029386
94.5,-0.0005326629816083095
94.55000000000001,-0.0006062866112991729
94.60000000000001,-0.0006120165592547325
94.65,0.0004248044512615539
94.7,0.0003505237401283562
94.75,-0.00020843900386742815
94.80000000000001,-0.0008426916417169395
94.85000000000001,-0.0008957309720778893
94.9,-0.0002462699317795212
94.95,0.0002338004466722133
95.0,0.0011807013603457033
95.05000000000001,0.0010253864658486675
95.10000000000001,0.0006035014099365475
95.15,0.00015665513087359723
95.2,-0.0003554877896147238
95.25,-0.0007698819718185346
95.30000000000001,-0.0008640910451942495
95.35000000000001,-0.0005249704869467525
95.4,-0.0002846402215162967
95.45,8.16792377940562e-05
95.5,2.5109035891622187e-05
95.55000000000001,0.0006339088802339768
95.60000000000001,0.0008111825935608922
95.65,0.00048719030405179386
95.7,0.00019184202698355966
95.75,-2.5582263296954436e-05
95.80000000000001,0.0001378066211670149
95.85000000000001,-5.6653070040209555e-05
95.9,-0.00024365598778319886
95.95,-0.0007166829412519189
96.0,-0.0005155185779391995
96.05000000000001,-0.00014614464340848742
96.10000000000001,-2.8716830381630635e-05
96.15,9.473174506085077e-05
96.2,0.00021234870328644162
96.25,0.0006916121377393436
96.30000000000001,0.0005497336988716642
96.35000000000001,5.567894454362426e-05
96.4,-0.0007579843593025299
96.45,-0.0007539594737871506
96.5,-0.00034068312246916463
96.55000000000001,-0.000247952642052279
96.60000000000001,0.0005662740828565665
96.65,0.0009537390980237288
96.7,0.00039899080648437185
96.75,1.2329958184639316e-05
96.80000000000001,1.5599427942688384e-05
96.85000000000001,-0.0006224490954083758
96.9,-0.0011941727644115636
96.95,-0.0007146862542448046
97.0,0.0002489397383890828
97.05000000000001,0.0008084879469709587
97.10000000000001,0.001121422003538024
97.15,0.0007115741475901544
97.2,-0.00015962830273857996
97.25,-0.00014471935350961773
97.30000000000001,-0.0006411378781778726
97.35000000000001,-0.0007137197629839776
97.4,-0.0002920109529848425
97.45,2.0810294580297403e-05
97.5,0.0005815585473263418
97.55000000000001,0.00024030874577110454
97.60000000000001,0.00019805525516893455
97.65,-0.0001081286964475048
97.7,-0.0002099429961791207
97.75,-0.00019657823025694105
97.80000000000001,-0.00039798275789568893
97.85000000000001,0.0004411430162477832
97.9,0.0006800583747526999
97.95,0.0006904751619094293
98.0,0.00034250062230453687
98.05000000000001,-0.0003743740433273739
98.10000000000001,-0.0007120381473519019
98.15,-0.0005000591280840587
98.2,-0.00038130708110849145
98.25,-0.00022624332063566203
98.30000000000001,0.0005998646526277381
98.35000000000001,6.499955417936869e-05
98.4,-0.00012122046533751512
98.45,0.0002653722948585684
98.5,-8.508999897204307e-05
98.55000000000001,-0.00030849698694576476
98.60000000000001,-0.00047836438188248766
98.65,-0.00020065957698097692
98.7,0.0005726742722211636
98.75,0.0012368161394766927
98.80000000000001,0.0005033778728330517
98.85000000000001,-0.0001649511303648055
98.9,-0.0002493052944099865
98.95,-0.0002622245471446042
99.0,0.0002926861776602675
99.05000000000001,5.5021544381492725e-05
99.10000000000001,-0.0002813200478565353
99.15,-4.8220149976556445e-05
99.2,3.2299705076686373e-07
99.25,-7.322888282959365e-05
99.30000000000001,-0.00042244216879525873
99.35000000000001,-0.0005459314292566924
99.4,-0.0001604416154678602
99.45,-5.3507260341352996e-05
99.5,0.0002220258983312506
99.55000000000001,0.0003292822765094606
99.60000000000001,-0.00026363877757555474
99.65,-0.0005883626682843598
99.7,-0.0003532068589144072
99.75,-2.2024185289073247e-05
99.80000000000001,0.00026881652662320957
99.85000000000001,0.0004737735281418261
99.9,0.000555931554263811
99.95,0.000483561306075588
100.0,-0.00023643772351574164
100.05000000000001,-0.0007591840699606421
100.10000000000001,-0.000580371058306939
100.15,5.1204147782935737e-05
100.2,0.0007125172516192574
100.25,0.0007200012691095243
100.30000000000001,0.0001052108708843106
100.35000000000001,-0.00023742342895871678
100.4,-0.0002566049884576968
100.45,-0.00051749221254267
100.5,-0.000301936890437915
100.55000000000001,0.00022208956030843728
100.60000000000001,0.0005354885620956303
100.65,0.0006699356600453065
100.7,0.0006727529644959186
100.75,7.041565383825656e-05
100.80000000000001,-0.0005593325052624307
100.85000000000001,-0.00047518126145487145
100.9,-0.0003048022809138212
100.95,3.4711379270046555e-05
101.0,0.00018335996826727372
101.05000000000001,0.00011474714759938107
101.10000000000001,0.0001795807254497461
101.15,-7.429298449399845e-05
101.2,-0.00046340211238075457
101.25,-0.00014309229823278243
101.30000000000001,0.00039975489717906807
101.35000000000001,0.0004566737831738186
101.4,0.00024104827772290465
101.45,5.564952941910539e-05
101.5,0.0002001908679616557
101.55000000000001,-0.0001441747785205472
101.60000000000001,-0.0008048488330423077
101.65,-0.0012261324191906494
101.7,-0.0008629140484974447
101.75,8.201512399850199e-06
101.80000000000001,0.0005388220014251269
101.85000000000001,0.0009814573949862371
101.9,0.0007753144998069603
101.95,0.0002707439959569097
102.0,-0.00034276979089162144
102.05000000000001,-0.0005186588224235085
102.10000000000001,-0.00043115287449445035
102.15,-4.673421217237886e-06
102.2,0.000378653451957531
102.25,1.4448894968626297e-06
102.30000000000001,-0.0001435399720373296
102.35000000000001,-0.0006577594953816619
102.4,-0.00044106336163154904
102.45,0.0003026744500674954
102.5,0.0006554560270671613
102.55000000000001,0.0012448853874544163
102.60000000000001,0.0007542631636880218
102.65,-3.735035110877092e-05
102.7,-0.00027495042544306943
102.75,-0.0007938249576551678
102.80000000000001,-0.0007661458387776094
102.85000000000001,-7.450797214283387e-05
102.9,0.00013690841220327597
102.95,-0.0003822641375554802
103.0,-0.0006638378174347102
103.05000000000001,-4.224473241305019e-06
103.10000000000001,0.00024312152470209604
103.15,0.00029290667380378697
103.2,0.0005049967568398352
103.25,0.00064316000145216
103.30000000000001,0.0004530199863372925
103.35000000000001,-5.6731295526094484e-05
103.4,-0.0005279174163867693
103.45,-0.0008603534792012398
103.5,-0.0004158543725482093
103.55000000000001,-4.176614096295282e-05
103.60000000000001,0.00046275054677707853
103.65,0.0007767537699939847
103.7,0.0005666596527248608
103.75,8.60235848891418e-05
103.80000000000001,-6.558346279340281e-05
103.85000000000001,7.195251803735944e-06
103.9,-0.00020777188979988372
103.95,-0.00010636651280122542
104.0,-0.0002062398807731647
104.05000000000001,-0.00019699382966455227
104.10000000000001,-0.0003688832591017802
104.15,-0.0004672729837069481
104.2,-0.00012634543716824614
104.25,-9.679428398774056e-05
104.30000000000001,0.00020534891364959028
104.35000000000001,0.00047882667808086485
104.4,0.00028862667129648866
104.45,0.0002590765643007841
104.5,8.810905565669395e-05
104.55000000000001,-0.00018206638616609838
104.60000000000001,-0.0004635013303364671
104.65,-0.0005104646252975782
104.7,-9.194049747664681e-05
104.75,0.0004105254614433088
104.80000000000001,0.0005333193578154728
104.85000000000001,0.00028797977461341156
104.9,-6.411140752149833e-05
104.95,-0.0007257582308534044
105.0,-0.0004046453110142581
105.05000000000001,6.84627310806698e-05
105.10000000000001,0.0004452090699414797
105.15,0.0008028438375678713
105.2,0.0003410150845577675
105.25,0.00018461701352422542
105.30000000000001,-0.00015215806114919736
105.35000000000001,-0.0004802359306101186
105.4,-0.000770818482864948
105.45,-0.000513188803460114
105.5,0.0005408902482583224
105.55000000000001,0.000714118038593071
105.60000000000001,0.0004214649131833395
105.65,-0.0002012265728866029
105.7,-0.0007201141130307084
105.75,-0.00044627738967498946
105.80000000000001,0.00020802267740482584
105.85000000000001,0.0005246384045300494
105.9,7.164012873306366e-05
105.95,2.2067842613287196e-05
106.0,-6.554632774889475e-05
106.05000000000001,-0.00010649936686188771
106.10000000000001,0.00010594315386480403
106.15,-0.00018156835549387694
106.2,-0.00011659753021709645
106.25,-0.00011531878464315349
106.30000000000001,0.00041926247498657546
106.35000000000001,0.000653997450985936
106.4,-0.0001082685774925738
106.45,-9.15686004835792e-05
106.5,-4.035348993587821e-05
106.55000000000001,-0.0005761835884973592
106.60000000000001,-0.0011091700512645165
106.65,-0.0001723062453928205
106.7,0.0003362964457089212
106.75,0.0005836399527894512
106.80000000000001,0.0008225150436192092
106.85000000000001,-0.00018682137535180272
106.9,-0.00014792506024758904
106.95,-7.927395948603258e-05
107.0,0.00017912602008030511
107.05000000000001,0.0001725434856186947
107.10000000000001,-8.417768336002893e-05
107.15,-0.0003245549101744768
107.2,-0.0005144240419418199
107.25,-8.430595193381336e-05
107.30000000000001,-0.00031325310416802364
107.35000000000001,-0.00034166057139356477
107.4,0.0002974145237486943
107.45,0.0007731325410399521
107.5,0.0007750378271647168
107.55000000000001,0.0003884303613196513
107.60000000000001,4.640904020283914e-05
107.65,-6.931690675850635e-05
107.7,-0.0003137181311077372
107.75,-4.015944457124637e-05
107.80000000000001,-0.000293892164239489
107.85000000000001,-0.0007272207605739596
107.9,-0.0005147653527516609
107.95,4.686822534924926e-05
108.0,0.0005683365804681707
108.05000000000001,0.00019504080368460344
108.10000000000001,0.00027873599772441964
108.15,0.00030496762343354666
108.2,9.951676791459656e-05
108.25,-0.0002916367909428407
108.30000000000001,-0.0005486254673327393
108.35000000000001,-0.0003623566029798831
108.4,-0.0001270804224794928
108.45,0.0004888995205279715
108.5,0.0004981715505246667
108.55000000000001,0.00038926035304601424
108.60000000000001,0.0002929400134825371
108.65,4.313194202471345e-06
108.7,-0.0002557107825379785
108.75,-0.0002840280719005467
108.80000000000001,-9.950515299002584e-05
108.85000000000001,-0.00019306872920775734
108.9,-0.00011332184636531001
108.95,-0.0001215028587795845
109.0,7.015992951907059e-05
109.05000000000001,-9.982756697691407e-05
109.10000000000001,-0.00014075827090292612
109.15,0.0007437071959981879
109.2,0.00063580592141323
109.25,5.172549315495609e-05
109.30000000000001,6.136207089486833e-05
109.35000000000001,-0.0004221527775541291
109.4,-0.0006885572349345479
109.45,-0.0002706630431877481
109.5,-0.0003226207302189761
109.55000000000001,-7.159597177030879e-05
109.60000000000001,0.000672023235907753
109.65,0.0008461305214041795
109.7,0.0002026310554381183
109.75,-0.00012469026815142544
109.80000000000001,-0.00014509680679337028
109.85000000000001,3.029427434774705e-05
109.9,0.00026530902220062077
109.95,-0.00022380206730188986
110.0,-0.0002297995368602399
110.05000000000001,-0.00045672286468108016
110.10000000000001,-0.00044796591190993877
110.15,-0.00023206608036861417
110.2,9.56293303630436e-05
110.25,-9.272261019004213e-05
110.30000000000001,-0.0003031616344487079
110.35000000000001,0.0001114092667667638
110.4,-5.051888624074195e-05
110.45,0.0009002063901769085
110.5,0.00046890937240206377
110.55000000000001,9.413172135529102e-06
110.60000000000001,-0.00023260658079469004
110.65,-0.0007023236844864784
110.7,-5.619595879302019e-05
110.75,-5.928805787914848e-05
110.80000000000001,-8.520490767037046e-05
110.85000000000001,-0.0003372644113611914
110.9,8.299762245563019e-05
110.95,0.0002538105676127994
111.0,0.0001201164393483949
111.05000000000001,0.000111429601392211
111.10000000000001,-0.0003305373888567687
111.15,0.00026471120638879136
111.2,0.000462579691699712
111.25,4.535839398831555e-05
111.30000000000001,0.0001720260856624358
111.35000000000001,-0.00010553031378892189
111.4,-0.00044521525298164263
111.45,-0.000291664293760807
111.5,0.0003972365795674272
111.55000000000001,0.0005340197211375215
111.60000000000001,-5.190686397137456e-05
111.65,-0.0005667972901132422
111.7,-0.00042660094948092744
111.75,0.00024095749176068613
111.80000000000001,0.0001630383301007872
111.85000000000001,0.00022186101980997165
111.9,7.003861961302819e-05
111.95,-2.6137318066380082e-05
112.0,-0.00015421035274641783
112.05000000000001,-6.587177679227134e-05
112.10000000000001,0.00039016009769530033
112.15,0.000543455699056287
112.2,7.377257975781146e-05
112.25,-0.0005385254137394696
112.30000000000001,-0.0006070782251304034
112.35000000000001,-0.0004062650687158047
112.4,0.0002271100347707201
112.45,2.4721993065944648e-05
112.5,0.000766351682218384
112.55000000000001,0.0007578924305059173
112.60000000000001,0.00030812004721144715
112.65,-0.0002486051873181635
112.7,-0.0008935268593167164
112.75,-0.00036526536234493144
112.80000000000001,-0.000552338755373189
112.85000000000001,-5.4393885171637986e-05
112.9,7.734674595331525e-05
112.95,0.0003523673236428829
113.0,0.0004608551859765233
113.05000000000001,6.620033954988346e-05
113.10000000000001,-2.9486098086909046e-05
113.15,-8.804937815873933e-05
113.2,3.8228189896379234e-05
113.25,0.0001646537848491272
113.30000000000001,0.0002563699548521607
113.35000000000001,0.00022791792153432013
113.4,0.00030740892113791986
113.45,-0.00021490489052310166
113.5,-0.0004773026997106615
113.55000000000001,-0.0005909707172769233
113.60000000000001,-0.00040045460002884097
113.65,-0.00012389382920813217
113.7,-0.00032516831139572987
113.75,0.0003385387888296283
113.80000000000001,0.0003150636289882788
113.85000000000001,-2.6623956075218966e-05
113.9,0.00033983989299934806
113.95,5.3104022735660595e-05
114.0,0.0002004982446775057
114.05000000000001,0.0005526904571129846
114.10000000000001,-5.819951800949066e-05
114.15,-0.00017603157544005262
114.2,-7.39397876949117e-05
114.25,-3.753188466291928e-05
114.30000000000001,-0.0001249295788669732
114.35000000000001,-0.0003953139138172191
114.4,6.658509000560441e-05
114.45,-9.780832272971949e-05
114.5,-0.0003024445651129377
114.55000000000001,-4.862959929707327e-05
114.60000000000001,0.0002561690134570011
114.65,7.996511459121118e-05
114.7,0.0002880043155075205
114.75,0.0007236081655870347
114.80000000000001,-0.0002568924847767523
114.85000000000001,-0.0002712307242702168
114.9,-0.0005506976533647438
114.95,-0.0006180953440060577
115.0,1.1986264704871205e-05
115.05000000000001,-0.00017466999975725787
115.10000000000001,0.0007368079317151893
115.15,0.0007744509928700335
115.2,8.481817302809364e-05
115.25,9.746338124941977e-05
115.30000000000001,-0.00027774619431135395
115.35000000000001,-4.571012217043113e-05
115.4,-0.0001800918717642623
115.45,-0.0005676457485746963
115.5,-0.00020368685235597417
115.55000000000001,-0.0002959284700728946
115.60000000000001,0.0004091817941890724
115.65,0.000737646004548578
115.7,0.0001192874929709939
115.75,0.0003193829813589409
115.80000000000001,1.7938801022899398e-05
115.85000000000001,-0.000245079183797776
115.9,-1.0012431434360351e-05
115.95,5.163958671513409e-05
116.0,-9.93986622341186e-05
116.05000000000001,-0.0006709092464054598
116.10000000000001,-0.0007304443221458979
116.15,-8.334447711847489e-05
116.2,0.00024174714271918318
116.25,0.0004184869146017236
116.30000000000001,0.0005894030576181268
116.35000000000001,0.0004677508312908922
116.4,6.23908370314928e-05
116.45,-0.00041757811946067713
116.5,-9.747636414212295e-05
116.55000000000001,-0.000549587089780658
116.60000000000001,-0.0002291518490984294
116.65,0.00047731154411083756
116.7,-0.0006866505839081603
116.75,-0.0001875429831320366
116.80000000000001,0.0001588345339698528
116.85000000000001,0.0005423824537430654
116.9,0.0006349370051481238
116.95,-0.00031659907937118213
117.0,0.00019089759887918646
117.05000000000001,-0.00019559469535292433
117.10000000000001,-0.000117832390935518
117.15,-0.00030926495234224853
117.2,-0.00037791504067769953
117.25,0.0004915886598293333
117.30000000000001,9.447867346804113e-05
117.35000000000001,0.00018994713180574624
117.4,-1.7535051078937072e-06
117.45,-0.0001752455304319107
117.5,7.872055201096509e-05
117.55000000000001,-0.00013047267270066928
117.60000000000001,4.60176305368848e-06
117.65,0.0002015732241384629
117.7,0.0005046622456719267
117.75,0.0006483828201752326
117.80000000000001,0.0001534886273072011
117.85000000000001,-0.00027426406246749404
117.9,-0.0005907494530499659
117.95,-0.0001657470821862485
118.0,5.93861864048787e-05
118.05000000000001,-0.00022879714931693055
118.10000000000001,0.0001867352527955991
118.15,0.00012115723951503631
118.2,0.00017863686318440286
118.25,1.2821794475688807e-05
118.30000000000001,-0.0003254997434137153
118.35000000000001,-0.00023225812642683273
118.4,-0.00019632141395913296
118.45,0.00017138587006141075
118.5,0.00013727261331294746
118.55000000000001,0.0001867905582224812
118.60000000000001,0.00016607392972619074
118.65,-0.00012517379272191124
118.7,-0.0005418372354392188
118.75,-0.0006650266818158566
118.80000000000001,-6.157659620546599e-05
118.85000000000001,5.727873154665666e-05
118.9,3.0766381727704076e-05
118.95,0.0003798598427392639
119.0,0.0005734708384112095
119.05000000000001,0.00022229323561507244
119.10000000000001,9.83568390914355e-05
119.15,-0.00028806355775348974
119.2,-0.00030692692024218444
119.25,0.0003182800720549118
119.30000000000001,-0.00018635646554430869
119.35000000000001,-0.0001594983365494941
119.4,-7.458104379337736e-06
119.45,-0.0001654231140053882
119.5,5.7532636879891155e-05
119.55000000000001,9.128690609101631e-05
119.60000000000001,0.00014633181773139842
119.65,6.809455523662014e-05
119.7,3.2534358141792844e-05
119.75,-0.00014296420100394586
119.80000000000001,-2.1715529156564698e-05
119.85000000000001,3.852614310586289e-05
119.9,0.0001134410392706887
119.95,0.00020073195149558642
120.0,-0.00051013740838731
120.05000000000001,-0.0005509804359051704
120.10000000000001,-9.028905085018946e-05
120.15,0.0001787714181127607
120.2,0.0006629843533061774
120.25,0.000763341658884976
120.30000000000001,7.962314248979453e-05
120.35000000000001,-0.0005394410694154692
120.4,-0.0004604459588091005
120.45,-0.00026090210791494036
120.5,0.00034540149108974635
120.55000000000001,0.0008250285592784203
120.60000000000001,0.00011698176739940888
120.65,-0.00013782021621265038
120.7,0.00021756187777906985
120.75,0.00016225511949846842
120.80000000000001,-0.0001531565435874269
120.85000000000001,-0.0006595131704428179
120.9,-0.0005747436666518956
120.95,-5.114891753337264e-05
121.0,0.00011323504649132427
121.05000000000001,0.00033170111546051447
121.10000000000001,0.0005086450859976645
121.15,-4.949398328666517e-05
121.2,-0.00041304323935143633
121.25,-0.0002496309132178532
121.30000000000001,-0.00012423338288536321
121.35000000000001,-0.00016474768177846916
121.4,-0.00019600344436187736
121.45,0.0003578202889890712
121.5,0.0004934652028749283
121.55000000000001,0.00023647719186753184
121.60000000000001,0.0003056441341409157
121.65,-0.0001928356644185345
121.7,-0.00028053684501746286
121.75,4.216753708562667e-05
121.80000000000001,-3.0959588711792714e-05
121.85000000000001,9.35824557631252e-05
121.9,-0.000143650394913711
121.95,-0.0004628372361030852
122.0,-0.00014295383305246232
122.05000000000001,0.0003778695381618144
122.10000000000001,0.0003283611405262821
122.15,0.00012755630710581238
122.2,-8.293137462834706e-05
122.25,-0.0008288834384543106
122.30000000000001,-0.0009554580075644026
122.35000000000001,-0.00019860734206248902
122.4,0.0006207187823750971
122.45,0.0009217910169257642
122.5,0.0007437308291267324
122.55000000000001,0.0004955576049806787
122.60000000000001,-5.932540731612871e-05
122.65,-0.00022709514502592795
122.7,-0.0005445866108773379
122.75,-0.0008644408288746648
122.80000000000001,-0.0003746150516404193
122.85000000000001,-0.00016961655489357072
122.9,0.0001143029916229348
122.95,0.00025517616347262137
123.0,0.00024790155119701194
123.05000000000001,0.00023871954065157887
123.10000000000001,-0.00012445107576259596
123.15,-0.000111473777291371
123.2,-5.832902515864352e-05
123.25,-0.0002007457593480074
123.30000000000001,-3.754341583570233e-05
123.35000000000001,0.00032273180156246455
123.4,0.00034850462667315117
123.45,0.0002918537821078103
123.5,0.00043609695748519147
123.55000000000001,0.00039097168725207566
123.60000000000001,0.00017674679080566708
123.65,-0.00027992832903451045
123.7,-0.0004922398661000926
123.75,-0.0001199225353249488
123.80000000000001,-0.0001695671506047446
123.85000000000001,-0.00039147971369155504
123.9,-0.0002044590582320331
123.95,-0.0004367365849305424
124.0,-0.0007304642228134498
124.05000000000001,-0.0002929842292823483
124.10000000000001,0.00033853525673017786
124.15,0.0006579176007947988
124.2,0.0008746580541523525
124.25,0.0008014530026457025
124.30000000000001,0.00023850602260634324
124.35000000000001,-0.00018924767650927088
124.4,-0.000378121534177607
124.45,-0.00017899786394699372
124.5,0.00016915420728639196
124.55000000000001,0.0002287499794855405
124.60000000000001,2.6937642495562117e-05
124.65,-0.0002076556691606503
124.7,-0.00011336156772282776
124.75,-0.00032897199979828827
124.80000000000001,-0.0006432693373501327
124.85000000000001,-0.000568238690660846
124.9,-0.0001520402336017885
124.95,0.0001706053618821817
125.0,0.00012990764159144337
125.05000000000001,0.00015405008383567753
125.10000000000001,0.00031019146845571137
125.15,0.0004234859151274762
125.2,0.000146836548737213
125.25,-1.69868456131253e-05
125.30000000000001,-0.00012745458116818982
125.35000000000001,-6.198227622221691e-05
125.4,0.0005350375096854875
125.45,0.0004575585881923495
125.5,0.00014669358723140664
125.55000000000001,2.13753144344893e-05
125.60000000000001,-0.00037997137375919075
125.65,-0.0006789876219717196
125.7,-0.0004902800479063677
125.75,0.0004265709484305959
125.80000000000001,0.0007674000060345539
125.85000000000001,0.0003241686776153201
125.9,-0.00019800917152129667
125.95,-0.0007347672949739352
126.0,-0.0006093312588343311
126.05000000000001,5.330179608357253e-05
126.10000000000001,0.0004007660787195632
126.15,0.0003296690299415436
126.2,-0.00011608920209338695
126.25,-0.0005568218206374059
126.30000000000001,-0.00017078411754923396
126.35000000000001,5.7610031608486945e-05
126.4,0.0006214091741941817
126.45,0.0007349597492811632
126.5,0.00012310303444647449
126.55000000000001,0.00021716380897556967
126.60000000000001,-0.0005703437406342577
126.65,-0.0005202643913663784
126.7,-0.00023205931924149525
126.75,-0.00022176824772336922
126.80000000000001,-9.400377714956204e-05
126.85000000000001,-4.24694349284178e-05
126.9,0.0006658664369359673
126.95,0.00013697996815426565
127.0,0.00017517909394070482
127.05000000000001,0.00019127185785871047
127.10000000000001,-5.261045616871034e-05
127.15,-2.2067474382444897e-05
127.2,-0.0005290193993288092
127.25,-0.00045757530923584065
127.30000000000001,-0.0005595464644254298
127.35000000000001,2.3393861305423936e-05
127.4,0.00019194619505678563
127.45,0.0003770082600287179
127.5,0.0006632673339071972
127.55000000000001,0.00042150620747123484
127.60000000000001,0.0006841858652427805
127.65,-0.00039337189734795316
127.7,-0.0007289233862873459
127.75,-0.00010092126168197537
127.80000000000001,-0.0002726475687886342
127.85000000000001,-0.000372397591391004
127.9,-0.0006155633146392544
127.95,-0.0001969455827918469
128.0,0.00042354012193687984
128.05,0.0007784056664141185
128.1,0.0008558773743254269
128.15,0.0003876505181881591
128.20000000000002,0.00022090400788815558
128.25,-0.0002803618861885286
128.3,-0.0005870714234490817
128.35,-0.0004099877118807093
128.4,-0.0004280001457670096
128.45000000000002,-0.0001773053589557577
128.5,-8.437917005040204e-05
128.55,0.00011890091906252857
128.6,0.0006895655014613676
128.65,0.0009469785711328141
128.70000000000002,0.0004986502487707903
128.75,-0.00018783756685373493
128.8,-0.0005660745708416883
128.85,-0.0006430602035557263
128.9,-0.0003637990050220734
128.95000000000002,1.4663096666249949e-06
129.0,0.00016351984869515448
129.05,0.00039653862767534534
129.1,0.0006797202560642202
129.15,0.00039367346202599107
129.20000000000002,-0.00022106314984318392
129.25,-0.0006998366011665327
129.3,-0.0008563242629371893
129.35,-0.0004811414797402207
129.4,0.0002130345967111788
129.45000000000002,0.0007467739703670444
129.5,0.0006459213666095441
129.55,0.0002932339174956361
129.6,-0.0005245622134295077
129.65,-0.0007358924097718401
129.70000000000002,-0.00036836911939286453
129.75,-0.00017738817467864435
129.8,7.248224864262313e-05
129.85,0.00022839965927857084
129.9,0.0006553815126117948
129.95000000000002,0.00047556301955706417
130.0,-0.00014802846158106677
130.05,-0.0010302659347887191
130.1,-0.0008673542051269855
130.15,6.967165958020503e-05
130.20000000000002,0.0004951051113895429
130.25,0.0007898429126011437
130.3,0.0005236524789289179
130.35,-8.892852734331424e-06
130.4,-0.00032994091598876653
130.45000000000002,-0.0002040218255192233
130.5,-0.0002715536549422027
130.55,-0.0003113117872543825
130.6,-0.000148992143072684
130.65,0.0002708166860270456
130.70000000000002,0.00030617339603180476
130.75,-0.0006043376309022067
130.8,-0.00047013147471516533
130.85,0.00030554647518205784
130.9,0.00034414917103513465
130.95000000000002,0.0006824222438773134
131.0,0.0008724298055370274
131.05,0.00038738441677489726
131.1,0.00021999263838104057
131.15,-0.0002428675444759342
131.20000000000002,-0.0009062176409149252
131.25,-0.0008402391788775255
131.3,-0.0002300962021822617
131.35,0.0001953416773405209
131.4,0.00044394249872351443
131.45000000000002,0.0003889656909643157
131.5,0.0005869084662815796
131.55,0.00042561356313180804
131.6,-0.0008715659352932074
131.65,-0.0009390754683107201
131.70000000000002,-0.0008110627517148493
131.75,-0.0001593673568005727
131.8,0.00027380590111323265
131.85,0.00037389431393834445
131.9,0.000908067049798845
131.95000000000002,0.00025793147592188245
132.0,0.00041864660806940717
132.05,0.00034400067622018755
132.1,-1.744733131850211e-05
132.15,-0.0008612996897786227
132.20000000000002,-0.001167197974009126
132.25,-0.00040594605551036797
132.3,-0.0005207475456143913
132.35,0.0003032263857071004
132.4,0.0004920349902981593
132.45000000000002,0.0004238287324133674
132.5,0.0007881917621957651
132.55,-0.00030257784977294483
132.6,-9.878021272682684e-05
132.65,8.015876920347822e-05
132.70000000000002,-0.00026609265451974043
132.75,0.0006902994912485955
132.8,2.2764794924785774e-05
132.85,3.510326091536141e-05
132.9,0.00013422529570948543
132.95000000000002,-8.191893591636304e-05
133.0,-0.0001556465468476503
133.05,-0.0007571255329506598
133.1,-0.0002054195689014593
133.15,-0.00045170813306077116
133.20000000000002,-0.00013507058640326977
133.25,0.00018858965362818635
133.3,0.0004566052800287856
133.35,0.0009097719652423998
133.4,0.0005713419797347462
133.45000000000002,0.00029879918804875846
133.5,-0.0003585896664372435
133.55,-0.0006689023225010102
133.6,-0.00043232880707378747
133.65,-0.00035683346843012176
133.70000000000002,8.269075617416996e-06
133.75,0.000578036242048583
133.8,9.927237051931607e-05
133.85,9.47413910783565e-05
133.9,0.00028297409009351757
133.95000000000002,0.00030948824547496573
134.0,-0.0002712893594371302
134.05,-0.0007086998426867089
134.1,-6.347379938761845e-06
134.15,0.0001839866614371763
134.20000000000002,0.0001222369051647614
134.25,-0.00018305062995835504
134.3,-0.0001017367188903704
134.35,-0.0003216232733717404
134.4,6.960845988964315e-05
134.45000000000002,0.0002463230130349596
134.5,-7.94862560398772e-05
134.55,7.44550474149314e-05
134.6,-0.00029203185679218933
134.65,0.00017968799929941168
134.70000000000002,1.3921012917543003e-05
134.75,0.00016374918522033135
134.8,0.0008111639785115759
134.85,0.0002815516226669438
134.9,0.00028973053891189274
134.95000000000002,-0.00035209928255180376
135.0,-0.0008841788407399603
135.05,-0.0007803207034613438
135.1,-0.00044253583242226396
135.15,0.0002562817763732791
135.20000000000002,0.00021288888122969433
135.25,0.000654570160974137
135.3,7.568677990673793e-05
135.35,0.0003393612743458588
135.4,0.000488286932807847
135.45000000000002,-0.0003711985545015721
135.5,0.0005128687276489485
135.55,-4.781183431597148e-05
135.6,-0.00011890110389909592
135.65,-0.0006549824358853062
135.70000000000002,-0.0011144583331619648
135.75,-0.00013637726722200171
135.8,1.7917551482395162e-05
135.85,0.0009041879908226096
135.9,0.00025394482080348343
135.95000000000002,-1.0950289004943405e-05
136.0,-0.00011065509693961438
136.05,-4.2729531817828196e-05
136.1,0.0005506752200937182
136.15,-0.00047522980757339187
136.20000000000002,-7.525012331771882e-05
136.25,9.48488730182559e-05
136.3,-1.3305044577565372e-05
136.35,-1.8437556723003814e-05
136.4,-0.00017493805764319447
136.45000000000002,-0.00017321722013378686
136.5,0.00029001952348904674
136.55,0.0006050661442608706
136.6,0.00021598098409333327
136.65,0.0006484266271810569
136.70000000000002,-0.00011234584730202795
136.75,-0.00031614131159671727
136.8,-0.0006121916809250047
136.85,-0.0009356215261754272
136.9,-0.0002070378839408428
136.95000000000002,-0.0003641411161053477
137.0,0.00046406211776214016
137.05,0.0006848593763231787
137.1,0.000643390547306879
137.15,0.0007590455256506247
137.20000000000002,-0.00037306642197489624
137.25,-0.0006678935865274196
137.3,-0.0005072614827129623
137.35,-0.0005357989422333754
137.4,-0.0002845441972295677
137.45000000000002,-0.0002271972949147324
137.5,0.0002777143552923
137.55,0.0010071512144314335
137.6,0.00039045783983921795
137.65,-0.0002824512774069603
137.70000000000002,-0.0003935177931169756
137.75,-0.0004381228322516033
137.8,0.00026421989319387026
137.85,0.0006783476501136936
137.9,0.0002461750160792725
137.95000000000002,-8.353046856697e-05
138.0,0.00015326769440477157
138.05,7.050650618736468e-07
138.1,-0.0002132369154094247
138.15,-0.00014969503392552098
138.20000000000002,-0.0002139743761144638
138.25,1.0022720592819853e-05
138.3,-5.6714642543552896e-05
138.35,-5.3798381582747864e-05
138.4,-0.00017560747943975863
138.45000000000002,-0.0003890268546279973
138.5,-0.0005216199820890605
138.55,-0.0005867706085118692
138.6,0.0005120846549502003
138.65,0.0012552541026698675
138.70000000000002,0.0007941546900726543
138.75,0.0003906332825758439
138.8,8.061424372184598e-05
138.85,5.813865334595624e-05
138.9,-8.847588531727062e-06
138.95000000000002,-0.0007939140399289774
139.0,-0.0007290105170207761
139.05,-0.0003866245985698472
139.1,9.027863565098015e-05
139.15,0.0006134769502299806
139.20000000000002,0.0006004756383799354
139.25,0.0002952573548093489
139.3,-0.0005300415214443771
139.35,-0.0006705603671144816
139.4,-0.00022139148312699935
139.45000000000002,0.0002322546488942799
139.5,-0.00024786663543361893
139.55,-0.00030476239635679106
139.6,-6.933575213045227e-05
139.65,-4.919408558180642e-05
139.70000000000002,0.0005377852870078185
139.75,0.0006288527842308758
139.8,0.0002517802243384625
139.85,0.00018072191586724595
139.9,-0.00014055134350967664
139.95000000000002,-0.00022346466362420243
140.0,-0.00015585206052994556
140.05,-0.001027754963150497
140.1,-0.0004268890902358911
140.15,3.4660638372080285e-05
140.20000000000002,0.0005133163001279481
140.25,0.0005500336900423569
140.3,0.00017083228724861082
140.35,0.0004385013412121437
140.4,0.00043704532733788846
140.45000000000002,0.0004759515191192193
140.5,-0.0005235715245401332
140.55,-0.0010312657096309271
140.6,-0.0009529227920107648
140.65,-0.00024419963441213595
140.70000000000002,0.0008191380750918009
140.75,0.0011814248974328365
140.8,0.0004892495707328084
140.85,8.849062760377592e-05
140.9,-0.0009753277494331542
140.95000000000002,-0.0008117543858360261
141.0,0.0006853285331710297
141.05,-7.235948020924139e-05
141.1,-0.00024917879812965456
141.15,-0.0010548236383751775
141.20000000000002,-0.00043239812184273226
141.25,0.001283136678871106
141.3,0.0006734474245846261
141.35,0.0003019737763125915
141.4,0.00088780144005029
141.45000000000002,0.0008857319226271562
141.5,-0.0004641622128605723
141.55,-0.0007664249321722908
141.6,-0.0008996095009957525
141.65,-0.00017734015235832686
141.70000000000002,-0.00031713389212727807
141.75,-0.0012699984845386033
141.8,0.0005739568837718872
141.85,0.000781175575480137
141.9,0.00035110923926146963
141.95000000000002,-0.00026091228979112553
142.0,-0.0006319143253037367
142.05,0.0014768757832030468
142.1,0.000536744044443656
142.15,-0.0011354075553025595
142.20000000000002,-6.748143714880764e-05
142.25,0.0002684767147768744
142.3,0.00019713399920008137
142.35,-0.002060331975646256
142.4,-0.0019672144502551584
142.45000000000002,0.0025487820423468924
142.5,0.00215965991328013
142.55,0.00031916009240321916
142.6,0.0004153770826492005
142.65,0.0006520450116430267
142.70000000000002,0.00126454238798344
142.75,-0.0012969175468942435
142.8,-0.003366916457183053
142.85,-0.0027797312343162167
142.9,-0.0007068784738169412
142.95000000000002,0.0027329334919263992
143.0,0.0030303608913208714
143.05,0.0017793112248574753
143.1,0.0006884270930091772
143.15,-0.0024443411616960897
143.20000000000002,-0.003614311279911073
143.25,-0.0022934142223463086
143.3,0.00028150985626081604
143.35,0.004133519662779522
143.4,0.003251600116316842
143.45000000000002,0.0007668981291837144
143.5,-0.0008870001342953652
143.55,-0.005490369426073142
143.6,-0.00453060762960547
143.65,0.0026039374195129107
143.70000000000002,0.00677045197166165
143.75,0.004000662307543892
143.8,-0.002511428722970979
143.85,-0.004801927387832955
143.9,-0.004024932426742238
143.95000000000002,0.00012939633022455153
144.0,0.005533244928614878
144.05,0.0030065481856351253
144.1,-0.002248551492321129
144.15,-0.0026388488915913846
144.20000000000002,-0.0007786091868075849
144.25,0.0014620484270482987
144.3,0.0028495127829185583
144.35,0.0010941055215997488
144.4,-0.0028050395285663006
144.45000000000002,-0.0035255948843082446
144.5,-0.001852516283493186
144.55,0.0016552005735620096
144.6,0.004884535405838027
144.65,0.0014538009806225934
144.70000000000002,-0.001330497182713807
144.75,-0.0032915088377428368
144.8,0.0011507022586113476
144.85,0.00472795994848002
144.9,-0.004005833306804439
144.95000000000002,-0.0043864925087143646
145.0,-0.0009341528440039958
145.05,0.004695654151929466
145.1,0.006980073788086846
145.15,-0.0039774121512358
145.20000000000002,-0.004745530594913705
145.25,0.0009705693320814745
145.3,0.002969850667720044
145.35,0.00048662905616783935
145.4,-0.00535348174825766
145.45000000000002,-0.004571235172111672
145.5,-0.002224776965762731
145.55,0.0034383056545325
145.6,0.008981111461766151
145.65,0.0034829033556166224
145.70000000000002,0.0006307023715881085
145.75,-0.0015546351316109497
145.8,-0.0061064983377467465
145.85,0.0005992203524461656
145.9,-0.0006047759727289915
145.95000000000002,-0.006750079086166459
146.0,0.0028971530718496573
146.05,0.006592697766326378
146.1,0.0009422996695418027
146.15,0.000588062586097427
146.20000000000002,-0.0010311757612025277
146.25,-0.0036282651583473325
146.3,-0.0017261342265646343
146.35,-0.0001090364108463307
146.4,3.894893691734255e-06
146.45000000000002,0.0003701531407537276
146.5,0.004680128797986338
146.55,0.0034238278156519275
146.6,-0.006090188292518429
146.65,-0.0035238827047716598
146.70000000000002,0.0012299685945734772
146.75,0.0009725542380637917
146.8,0.001423505829580331
146.85,-7.169538084638483e-05
146.9,0.0026170254808052145
146.95000000000002,0.0015910133828299323
147.0,-0.0040898205897616155
147.05,-0.0037100943663582304
147.1,-0.002372121066264654
147.15,0.002394436177216394
147.20000000000002,0.010137487316860197
147.25,0.0034158854390365337
147.3,-0.006618544050286254
147.35,-0.0019947754676720485
147.4,0.0005533654260711608
147.45000000000002,-0.0026923557864402723
147.5,-0.00037278122849487816
147.55,-0.0010023701431546774
147.6,-0.005621044590625378
147.65,-0.0049678265595233286
147.70000000000002,0.00809637454371508
147.75,0.016479360829223196
147.8,0.002775186697520709
147.85,-0.007682931075850631
147.9,-0.005311048105291029
147.95000000000002,-0.005206248933824983
148.0,-0.0057360890497092955
148.05,-0.0018478176042913347
148.1,0.0020387957175631083
148.15,0.010724663166239637
148.20000000000002,0.012070890654013669
148.25,-0.0012754275820759295
148.3,-0.004999645491673526
148.35,-0.0075091830377692044
148.4,-0.003999992024147625
148.45000000000002,0.007562428271142874
148.5,-0.0038447132559165
148.55,-0.010781363034565158
148.6,0.00556270829470411
148.65,0.010552348938266082
148.70000000000002,0.003809133546797023
148.75,0.002339407537214172
148.8,-0.004171100816461291
148.85,-0.008161321243264756
148.9,-0.003909781241381049
148.95000000000002,-0.003005038045626988
149.0,0.0011847193503732633
149.05,0.0033911379030392213
149.1,-2.6045273599856355e-05
149.15,0.0004268144782526345
149.20000000000002,0.0035467140306888467
149.25,0.0009669957528419815
149.3,0.0044030436293652645
149.35,0.009295012600319055
149.4,-0.004183097751644746
149.45000000000002,-0.008938100910969958
149.5,-0.008617245477634228
149.55,-0.0073010678907424595
149.6,0.005764527873931527
149.65,0.008947851718682426
149.70000000000002,0.006539656941361483
149.75,-0.0003329089688750663
149.8,-0.005302970543352434
149.85,-0.007447080555049265
149.9,-0.0006916101295405181
149.95000000000002,0.010529705829435338
150.0,0.0004401992471511808
150.05,-0.004206249132470308
150.1,-0.005584593117498251
150.15,-0.0026159976157293526
150.20000000000002,0.0067099297602717595
150.25,0.001070045059835599
150.3,0.005313333285435744
150.35,0.007103578323255956
150.4,-0.0015664137487074153
150.45000000000002,-0.002740377289695459
150.5,-0.0024384945012609
150.55,-0.004126148667784074
150.6,-0.007262988218126519
150.65,-0.006922623530410772
150.70000000000002,-5.406771309463635e-06
150.75,0.011274151414471554
150.8,0.006580543236688253
150.85,0.0008453395402544385
150.9,0.0038212637303801896
150.95000000000002,0.001820584123603967
151.0,-0.0010650394973201532
151.05,-0.01190709562844279
151.1,-0.005871615993141809
151.15,0.004260653736465952
151.20000000000002,-0.0029969186794579134
151.25,0.0013838576586136103
151.3,0.007308671344035932
151.35,0.007593336905248926
151.4,0.006355363894298983
151.45000000000002,-0.008907070326182702
151.5,-0.019813814737221266
151.55,-0.007664161411877791
151.6,0.009774791006695097
151.65,0.013748093687152057
151.70000000000002,0.00022808585584672885
151.75,-0.004469019375591028
151.8,0.00674152239637081
151.85,-0.0010466910756591356
151.9,-0.010559414918741582
151.95000000000002,0.0003801025289058301
152.0,0.006351253963241793
152.05,0.0012984906685880224
152.1,-0.006597614663283733
152.15,-0.0004461332179301734
152.20000000000002,0.00800052633957135
152.25,-0.0016352827955448707
152.3,-0.005293937177930153
152.35,-0.001870364367734723
152.4,0.0025302271117340425
152.45000000000002,0.005189380745997213
152.5,0.004480665678353795
152.55,0.0035645178885381243
152.6,-0.002602361292864733
152.65,-0.0050190594105721294
152.70000000000002,-0.0013531953308737125
152.75,-0.0028691631952360436
152.8,-0.005283558944407677
152.85,0.0036505725729357764
152.9,0.00613895425087791
152.95000000000002,0.00032401011026059786
153.0,-0.001176112931207436
153.05,-0.0003741713172574595
153.1,0.010712754407211686
153.15,0.009807817453873451
153.20000000000002,-0.008824246433375146
153.25,-0.02094962772979919
153.3,-0.023329921754295012
153.35,-0.0021093719661254323
153.4,0.021727040301307905
153.45000000000002,0.01954097335453111
153.5,0.011538616054440334
153.55,-0.0007082437597785527
153.60000000000002,-0.014683560789796633
153.65,-0.01337675867726872
153.70000000000002,-0.00341028165308183
153.75,0.006255902510977103
153.8,0.004271629651752728
153.85000000000002,-0.005064037111624775
153.9,-0.001372386495092342
153.95000000000002,0.008411450103784955
154.0,0.012927424842190428
154.05,0.008707125601558252
154.10000000000002,-0.007042696279814407
154.15,-0.018116995786663516
154.20000000000002,-0.012433505795979074
154.25,0.000158111169607549
154.3,0.007261888639409272
154.35000000000002,0.0034643282054729546
154.4,-0.0005766547318027855
154.45000000000002,0.003400238464808271
154.5,0.008611220606156428
154.55,0.009777184424819976
154.60000000000002,0.0021919016048611685
154.65,-0.007190419711125874
154.70000000000002,-0.006121652441120924
154.75,-0.002836995708074536
154.8,-0.0024736380162633112
154.85000000000002,-0.004639974971417738
154.9,-0.010974911747747224
154.95000000000002,-0.006324377575433733
155.0,0.007741605496011764
155.05,0.01834646578330827
155.10000000000002,0.018152647045336586
155.15,-0.0010476911162438363
155.20000000000002,-0.020853105869448857
155.25,-0.019518355005457025
155.3,0.0004210617723256208
155.35000000000002,0.017073481966003917
155.4,0.01248483093932625
155.45000000000002,-0.0014646245575821017
155.5,-0.006033334557398075
155.55,-0.001946151626647173
155.60000000000002,0.003892994866141891
155.65,-0.0004324804763077891
155.70000000000002,-0.009761228217734176
155.75,-0.008108524629026857
155.8,-0.0019064473042972314
155.85000000000002,0.006520392351119918
155.9,0.008143623990880538
155.95000000000002,0.002510035941127057
156.0,-0.0023780968241884286
156.05,0.0013246813407767296
156.10000000000002,0.010984128213567701
156.15,0.00822849526981404
156.20000000000002,0.00347314449061353
156.25,-0.009346536967061671
156.3,-0.025935933707369
156.35000000000002,-0.018363894936146093
156.4,0.003793602896978465
156.45000000000002,0.01786962208588935
156.5,0.01400494764822489
156.55,0.00780565668327009
156.60000000000002,0.0036374338128050215
156.65,-0.007855593057952753
156.70000000000002,-0.011193860640275855
156.75,-0.005283998221153815
156.8,-0.00014380210035536654
156.85000000000002,0.004620897054426937
156.9,0.012105174316190938
156.95000000000002,0.01218127335392835
157.0,-0.006832687913343784
157.05,-0.016432568494964293
157.10000000000002,-0.008847200157700954
157.15,-0.003638718540711281
157.20000000000002,0.0011058268577619022
157.25,0.004889482304726746
157.3,0.006832542907086421
157.35000000000002,0.006278202842351542
157.4,0.002057346604212024
157.45000000000002,-0.004614067517057455
157.5,-0.010157779594335408
157.55,-0.006601988138151721
157.60000000000002,0.001417622655715846
157.65,0.006737058358925576
157.70000000000002,0.011712921257381907
157.75,0.015084672244559323
157.8,0.0039513301970462355
157.85000000000002,-0.013031878728964955
157.9,-0.012153694087407456
157.95000000000002,-0.006272551105582937
158.0,-0.0010491250409081449
158.05,0.006897904523557972
158.10000000000002,0.0027696630915283807
158.15,-0.0031452891565645264
158.20000000000002,-0.005446353259977196
158.25,-0.006451055124112348
158.3,0.003810411616217948
158.35000000000002,0.01473994979250997
158.4,0.015248452411838581
158.45000000000002,0.005221544051969634
158.5,-0.01265150372402029
158.55,-0.020588234565863672
158.60000000000002,-0.008089858356800986
158.65,0.0006488862449795087
158.70000000000002,0.0008962725676138463
158.75,0.008902993810233892
158.8,0.008690934233610143
158.85000000000002,0.0029282003309847346
158.9,-0.004905715353098121
158.95000000000002,-0.010411151823967065
159.0,0.008467906339239934
159.05,0.018368113415099373
159.10000000000002,0.002781071836940058
159.15,-0.011135853398517857
159.20000000000002,-0.00946637203687928
159.25,0.001959582457848233
159.3,0.0021303137360704264
159.35000000000002,-0.008521474291913531
159.4,-0.016232806472864836
159.45000000000002,-0.007547485479061882
159.5,0.010154065451965578
159.55,0.02438190285202502
159.60000000000002,0.023653682423003586
159.65,-0.0034556287097326924
159.70000000000002,-0.021793648680698753
159.75,-0.01423746682219679
159.8,-0.0011697587475929952
159.85000000000002,0.006780350043978731
159.9,0.0033669548780784187
159.95000000000002,-0.0021251076727273202
160.0,-0.0003886283326473835
160.05,-0.0033305178792407413
160.10000000000002,-0.006566682150891417
160.15,0.0055941857575763304
160.20000000000002,0.014093242945502083
160.25,0.006956378624369974
160.3,-0.005568751487473946
160.35000000000002,-0.014079902320606933
160.4,-0.004323102061250172
160.45000000000002,0.008774002376301257
160.5,0.00894645030307072
160.55,0.004696417998933836
160.60000000000002,-0.005855933257192593
160.65,-0.014690503561707414
160.70000000000002,-0.011512425785283572
160.75,0.006476574257298723
160.8,0.025774248666532367
160.85000000000002,0.01718059474314718
160.9,-0.005586481372994838
160.95000000000002,-0.0176877947105694
161.0,-0.018456414622732537
161.05,-0.01052181397965066
161.10000000000002,0.002713565733010124
161.15,0.0076495570561652725
161.20000000000002,0.002561192075776641
161.25,0.005217786684608296
161.3,0.004962083058110122
161.35000000000002,0.0051679076019849595
161.4,0.013714235296074486
161.45000000000002,0.0064341313708875265
161.5,-0.0055591288132158965
161.55,-0.00976621562326326
161.60000000000002,-0.008831539321993154
161.65,-0.0028897641562151003
161.70000000000002,-0.005181627192518216
161.75,-0.011733822190422228
161.8,-0.015362674564741788
161.85000000000002,-0.0034861827079362227
161.9,0.01619152784071755
161.95000000000002,0.02309595812395353
162.0,0.016315597588622215
162.05,-0.0027660598377890326
162.10000000000002,-0.006171516517102052
162.15,0.004419299171163513
162.20000000000002,0.007373824591815673
162.25,0.0008441164590194669
162.3,-0.010270288172966746
162.35000000000002,-0.010999239526842975
162.4,-0.004342967993275793
162.45000000000002,0.0013876344928703327
162.5,-0.0033367972256244703
162.55,-0.008763638770537936
162.60000000000002,-0.004600313853856749
162.65,0.004923699763681582
162.70000000000002,0.01713382252652122
162.75,0.014149975028533083
162.8,0.0015135685662162383
162.85000000000002,-0.016228823343254366
162.9,-0.024433331494002973
162.95000000000002,-0.004589305868900747
163.0,0.013115587041681136
163.05,0.017129787803959667
163.10000000000002,0.00912822239203455
163.15,-0.006859160528945062
163.20000000000002,-0.01064661289314738
163.25,-0.002612742913642542
163.3,0.003185527995506636
163.35000000000002,0.0054326334188668
163.4,0.00849893121284626
163.45000000000002,0.0028003868524605004
163.5,-0.005794592527235735
163.55,-0.004086871697147342
163.60000000000002,-0.0028721682832482365
163.65,-0.005751666539187373
163.70000000000002,-0.010144475534354266
163.75,-0.008099680614458924
163.8,0.0027928053470958583
163.85000000000002,0.01152275442316663
163.9,0.020854183964628188
163.95000000000002,0.016351738469313936
164.0,-0.002343764404988249
164.05,-0.013144741811420679
164.10000000000002,-0.018080114128802952
164.15,-0.010695764547267311
164.20000000000002,0.007657819135027297
164.25,0.013720568482686183
164.3,0.004273512299493009
164.35000000000002,-0.008769164870234688
164.4,-0.012177067155755493
164.45000000000002,-0.0010930180465052145
164.5,0.012286546509122273
164.55,0.01758208623746837
164.60000000000002,0.004110512619736301
164.65,-0.017905047960075283
164.70000000000002,-0.01984275403455231
164.75,0.001409842156971472
164.8,0.02191538275877407
164.85000000000002,0.0167831571146671
164.9,-0.0022222810608873446
164.95000000000002,-0.014440894994226485
165.0,-0.01512061659798752
165.05,-0.005453928360517
165.10000000000002,0.002254511875429637
165.15,0.0033101540336326037
165.20000000000002,0.005001184047556782
165.25,0.007441503840077673
165.3,0.0025103590554086392
165.35000000000002,-0.004372874603831392
165.4,-0.010403420752440214
165.45000000000002,-0.00633343809157064
165.5,0.010810184737893695
165.55,0.00644866370223713
165.60000000000002,-0.0055695600471740965
165.65,-0.003522778530161885
165.70000000000002,0.002019114312881049
165.75,0.014572804664447013
165.8,0.012889945771961812
165.85000000000002,-0.004299811984809164
165.9,-0.01559645394437093
165.95000000000002,-0.0156384686330229
166.0,-0.006605675149766957
166.05,0.00010854679393597321
166.10000000000002,0.0018558841967092634
166.15,0.004317772509442771
166.20000000000002,0.013284715978083233
166.25,0.01819966950631086
166.3,0.007675929640326697
166.35000000000002,-0.004670447428988705
166.4,-0.009848621229099647
166.45000000000002,-0.015389853793225631
166.5,-0.016366128594709123
166.55,-0.0048547560638603745
166.60000000000002,0.01322718350772579
166.65,0.017457747016026776
166.70000000000002,0.005297120959195962
166.75,0.0032163704586354786
166.8,0.0028011592285341613
166.85000000000002,-0.007362516108438645
166.9,-0.007843358942280491
166.95000000000002,-0.004401352201732527
167.0,-0.006675096667395868
167.05,-0.0004984140104832137
167.10000000000002,0.010695920597957287
167.15,0.013782717096270299
167.20000000000002,0.006401261765749431
167.25,-0.01196096504513123
167.3,-0.020405964043312644
167.35000000000002,-0.0089685851078847
167.4,-0.0002161089753322227
167.45000000000002,0.0023933511550607556
167.5,0.005192475211251783
167.55,0.010456305872902248
167.60000000000002,0.011542427265925272
167.65,-0.005136737586728878
167.70000000000002,-0.013606024948465557
167.75,0.00754646204098102
167.8,0.02041484641317556
167.85000000000002,0.00545130325087887
167.9,-0.004683216383471499
167.95000000000002,-0.0020242596399069413
168.0,-0.007055026620999279
168.05,-0.01780164971572957
168.10000000000002,-0.01188708365572023
168.15,-0.0005229035941612429
168.20000000000002,-0.0025666419580194907
168.25,-0.003987650858915577
168.3,0.0033281869071375286
168.35000000000002,0.021672864122052132
168.4,0.027019356475489104
168.45000000000002,0.007516589700913572
168.5,-0.009263449384645609
168.55,-0.012963140860388541
168.60000000000002,-0.008800075281020718
168.65,-0.00784644652833117
168.70000000000002,-0.007019066823689867
168.75,-0.0030851846372002356
168.8,-0.0010578691235659128
168.85000000000002,0.010931597250715627
168.9,0.022863590948225657
168.95000000000002,0.014702743912771337
169.0,-0.002641557973625424
169.05,-0.012420244121216634
169.10000000000002,-0.01762800356507407
169.15,-0.022548392049311493
169.20000000000002,-0.014837723941698635
169.25,-0.0008252485847394356
169.3,0.01181392336538986
169.35000000000002,0.020329348325155046
169.4,0.019901982811553802
169.45000000000002,0.014899946370677585
169.5,-0.0020811956752166665
169.55,-0.0132249332092493
169.60000000000002,-0.011604909963442225
169.65,-0.011951110586910688
169.70000000000002,-0.0067864595535369705
169.75,-0.0003321715643380054
169.8,0.006644443344692868
169.85000000000002,0.007892083884390437
169.9,0.0007502880393635417
169.95000000000002,0.001616834688280867
170.0,0.005218077590488114
170.05,0.007966642239844073
170.10000000000002,0.013112132748742868
170.15,0.01732483372079797
170.20000000000002,0.0052042133918386215
170.25,-0.023039665137246305
170.3,-0.03580817152990349
170.35000000000002,-0.029177115273443084
170.4,-0.012116480243280497
170.45000000000002,0.00704295025885579
170.5,0.02277055019165599
170.55,0.029792434945351384
170.60000000000002,0.023647465064233885
170.65,0.015872504225171342
170.70000000000002,-0.0011999889308606903
170.75,-0.015485928467541774
170.8,-0.019793311986155172
170.85000000000002,-0.024262086565660864
170.9,-0.01823582158066377
170.95000000000002,-0.0057929137479562675
171.0,0.00679992287200274
171.05,0.013447006724344736
171.10000000000002,0.013349235187368542
171.15,0.005208371064724048
171.20000000000002,-0.012321509562475623
171.25,-0.01692662936505325
171.3,0.0018461973029539655
171.35000000000002,0.017144358562136794
171.4,0.013497014054801366
171.45000000000002,0.005707904422974667
171.5,0.003230131049882473
171.55,0.005743291068935104
171.60000000000002,0.013244508176747997
171.65,0.019177943654742298
171.70000000000002,0.007336073782184851
171.75,-0.015933089259522207
171.8,-0.03339343939994238
171.85000000000002,-0.03504155919102004
171.9,-0.01967770393408669
171.95000000000002,-0.00046216298791076785
172.0,0.015518923022326903
172.05,0.020478741133645888
172.10000000000002,0.014947419043652752
172.15,0.005183852433381714
172.20000000000002,-0.005575776312012523
172.25,-0.005465694812458191
172.3,0.0023539649002186002
172.35000000000002,0.008992309971798135
172.4,0.01460441366219871
172.45000000000002,0.010754200712555218
172.5,-0.0032178099680284372
172.55,-0.013527051438022434
172.60000000000002,-0.015671628156516182
172.65,-0.011626742875941046
172.70000000000002,-0.005718555303426136
172.75,-0.011078866356790363
172.8,-0.01834367773525081
172.85000000000002,-0.007509091988557177
172.9,0.0161839579979375
172.95000000000002,0.027296379416668595
173.0,0.013218353095845865
173.05,-0.0029037998476741816
173.10000000000002,-0.00628334098107968
173.15,0.003963040607915992
173.20000000000002,0.01042149735442189
173.25,0.000378703854684489
173.3,-0.007609853680508141
173.35000000000002,-0.005805102594968421
173.4,-0.0006068869213075054
173.45000000000002,-3.4716846889731036e-05
173.5,0.002872002402184878
173.55,0.0074481751369201155
173.60000000000002,0.007421768283786281
173.65,0.006295784939772283
173.70000000000002,-0.0005469511119665664
173.75,-0.005477379346197234
173.8,-0.00925676786420565
173.85000000000002,-0.016703450384852915
173.9,-0.01569556336061651
173.95000000000002,-0.007375694508886923
174.0,0.01515070422895005
174.05,0.03767842616477763
174.10000000000002,0.025351668661664634
174.15,-0.0013746742382212476
174.20000000000002,-0.017287174862583642
174.25,-0.024489834578881906
174.3,-0.019021569184636128
174.35000000000002,0.0007934831764990117
174.4,0.019763135509820146
174.45000000000002,0.023975512873543027
174.5,0.011176965510052962
174.55,-0.007798436126105324
174.60000000000002,-0.012542269848948967
174.65,-0.013544210150362033
174.70000000000002,-0.020397969161094695
174.75,-0.022025781363129614
174.8,-0.015171159725764874
174.85000000000002,-0.008084173745826395
174.9,-0.001457866830360375
174.95000000000002,0.020477307368097088
175.0,0.04073854821561335
175.05,0.04299196788237798
175.10000000000002,0.026389986060948705
175.15,-0.005737616599511853
175.20000000000002,-0.029344879433632315
175.25,-0.04300067086825067
175.3,-0.030716151266963605
175.35000000000002,0.005053050405763401
175.4,0.026493552494966544
175.45000000000002,0.031797074406087235
175.5,0.012385288631363877
175.55,-0.015744119783688386
175.60000000000002,-0.021769672679034954
175.65,-0.014214643004055356
175.70000000000002,-0.0027784898870365656
175.75,0.004150100005758394
175.8,0.0013365882993066987
175.85000000000002,-0.007445778090695568
175.9,-0.009051308046559348
175.95000000000002,0.0016701164675050862
176.0,0.017064144770489995
176.05,0.026168844167224536
176.10000000000002,0.01901353524460588
176.15,0.007870538123824301
176.20000000000002,-0.0025166325534691975
176.25,-0.010863938415526728
176.3,-0.004868135564077305
176.35000000000002,-0.011368086113143813
176.4,-0.032742448367049336
176.45000000000002,-0.030026240012236652
176.5,-0.005716230835201439
176.55,0.029660368036559356
176.60000000000002,0.04301843700511827
176.65,0.017232619529063273
176.70000000000002,-0.000647657051330528
176.75,-0.004819771304167525
176.8,-0.007103879270351443
176.85000000000002,-0.005044098080489721
176.9,-0.0075217898019935584
176.95000000000002,-0.007805308686804232
177.0,-0.0017483905257569157
177.05,0.0008693968561965765
177.10000000000002,-0.0008793491179021925
177.15,-0.0019367994093610877
177.20000000000002,-0.003973366961470685
177.25,0.00030964506532586624
177.3,0.010949363823923362
177.35000000000002,0.010607211166379074
177.4,0.0015427602223024115
177.45000000000002,-0.007689684242915394
177.5,-0.014927406956043391
177.55,-0.00997042488484235
177.60000000000002,0.004804335400203219
177.65,0.01491991314477063
177.70000000000002,0.007905245363273755
177.75,-0.008295246572504092
177.8,-0.01075236634575184
177.85000000000002,-0.003709532206226509
177.9,0.0033595717991275384
177.95000000000002,0.007489166831107017
178.0,0.005863214388283736
178.05,-0.00046365632022176984
178.10000000000002,-0.01091452468405362
178.15,-0.011813171242944911
178.20000000000002,-0.0005453734239487052
178.25,0.009198494971318057
178.3,0.012042209985883482
178.35000000000002,0.008882061967555642
178.4,0.002348516726572412
178.45000000000002,-0.002924373987886544
178.5,-0.005469833049370692
178.55,-0.00837888987592281
178.60000000000002,-0.00571152790805274
178.65,0.003652352057240012
178.70000000000002,0.007890270063412592
178.75,-6.395977115165944e-05
178.8,-0.0134895069999671
178.85000000000002,-0.011748246870626923
178.9,0.0035149743153590407
178.95000000000002,0.014502690138577318
179.0,0.020664201793827632
179.05,0.013921802409189941
179.10000000000002,-0.000952271285562569
179.15,-0.004753430614504143
179.20000000000002,-0.0049736868016360325
179.25,-0.009175206563162992
179.3,-0.015431188186842897
179.35000000000002,-0.013509310981360515
179.4,-0.0006293176002053298
179.45000000000002,0.005809722671325761
179.5,0.004439668041526742
179.55,0.006891332144836612
179.60000000000002,0.010042591253942655
179.65,0.008548662809484098
179.70000000000002,0.009011173972257869
179.75,0.00465779406114165
179.8,-0.007253867084398753
179.85000000000002,-0.016417118090614413
179.9,-0.018570513072806997
179.95000000000002,-0.008276501995849068
180.0,0.006765167413700384
180.05,0.017497463539547203
180.10000000000002,0.01930717462766353
180.15,0.00822975262467339
180.20000000000002,-0.011133130208184076
180.25,-0.02696075936547766
180.3,-0.026616942462182862
180.35000000000002,-0.01940978546308114
180.4,0.0007500259120027922
180.45000000000002,0.030622510081247615
180.5,0.03280025949691663
180.55,0.01213131289549717
180.60000000000002,-0.002561466975608183
180.65,0.0013982751489470086
180.70000000000002,0.0042951836468522065
180.75,-0.009046477080461229
180.8,-0.01609281732199648
180.85000000000002,-0.012958789110005009
180.9,-0.002864547049495651
180.95000000000002,0.006880883728270795
181.0,0.0006981148469750191
181.05,-0.008958645187765665
181.10000000000002,-0.011137164093432055
181.15,-0.005123333734196017
181.20000000000002,0.006987330541414233
181.25,0.019429180879806603
181.3,0.027058327352213717
181.35000000000002,0.01576668808684601
181.4,-0.007029111929664562
181.45000000000002,-0.018790807680760926
181.5,-0.01412938327111284
181.55,0.001607720951009507
181.60000000000002,0.013340707338062299
181.65,0.01133162954079061
181.70000000000002,0.0028180195472743584
181.75,-0.0040866616963761895
181.8,-0.008800553676661058
181.85000000000002,-0.01552449085908526
181.9,-0.02535430735835573
181.95000000000002,-0.026166356552010078
182.0,-0.004153266458196106
182.05,0.025265700003086124
182.10000000000002,0.0322763592136427
182.15,0.015030232592722301
182.20000000000002,-0.007859156013668746
182.25,-0.014600209772346226
182.3,-0.0011627683385311905
182.35000000000002,0.012954311208305553
182.4,0.014156824508825336
182.45000000000002,0.008574436973599206
182.5,0.011232215234498834
182.55,0.015584943796458953
182.60000000000002,0.008091401891507395
182.65,-0.00982935078241454
182.70000000000002,-0.03051644818416685
182.75,-0.034045163254466305
182.8,-0.02189293213613356
182.85000000000002,-0.011849671404734348
182.9,-0.00021213178778441805
182.95000000000002,0.010392626662440752
183.0,0.018030616899551093
183.05,0.021103470879663928
183.10000000000002,0.009927979576722833
183.15,-0.0006086153512747848
183.20000000000002,0.0020776387593327665
183.25,0.013108864522267494
183.3,0.02351110644775875
183.35000000000002,0.014706425895853449
183.4,-0.011660905451347625
183.45000000000002,-0.03649195207017205
183.5,-0.04980989279533657
183.55,-0.046483182205705756
183.60000000000002,-0.02812119556529765
183.65,0.005675936880701238
183.70000000000002,0.04324704967945424
183.75,0.058882031256085064
183.8,0.047395808264055206
183.85000000000002,0.014972495478725626
183.9,-0.019975278583724502
183.95000000000002,-0.03618772450214547
184.0,-0.03451948332050043
184.05,-0.015730449777364628
184.10000000000002,0.009510275903183646
184.15,0.02504210324795957
184.20000000000002,0.03135000456786517
184.25,0.023874037634853996
184.3,0.007983122312092727
184.35000000000002,-0.0051117162089628285
184.4,-0.012017146808375885
184.45000000000002,-0.00776164272568348
184.5,-0.006669271096744893
184.55,-0.013931440212887263
184.60000000000002,-0.02379559819235804
184.65,-0.027178586139237366
184.70000000000002,-0.008471349435303211
184.75,0.013060017177939219
184.8,0.023412474086255755
184.85000000000002,0.02276926458002644
184.9,0.011417243605118234
184.95000000000002,-0.0011785663046810502
185.0,-0.015467787347467057
185.05,-0.02304008875614057
185.10000000000002,-0.02132436528074331
185.15,-0.011435086767278264
185.20000000000002,0.011473811879896
185.25,0.02797371350504031
185.3,0.02745056414917624
185.35000000000002,0.02564857865388799
185.4,0.023120964453116188
185.45000000000002,0.013191659200790531
185.5,-0.002341680304710647
185.55,-0.02001231505005791
185.60000000000002,-0.026368343582433024
185.65,-0.02903879124151857
185.70000000000002,-0.036062070967513106
185.75,-0.025717163260549066
185.8,-0.006612237741187106
185.85000000000002,0.005626530346438381
185.9,0.013308599495477655
185.95000000000002,0.019003880364429106
186.0,0.024303271692648176
186.05,0.017175030582098797
186.10000000000002,0.00802741538508937
186.15,0.008410261788811985
186.20000000000002,0.008658666249432841
186.25,0.0030778753284924675
186.3,-0.006706847167021199
186.35000000000002,-0.009800039949505374
186.4,-0.011331937558953863
186.45000000000002,-0.014594045915661095
186.5,-0.016885117886007255
186.55,-0.019190192986358826
186.60000000000002,-0.006124562322179285
186.65,0.016429256409872327
186.70000000000002,0.02844328522207909
186.75,0.028768597134865206
186.8,0.018121251880796763
186.85000000000002,0.004662627687578357
186.9,-0.004775468608203357
186.95000000000002,-0.013512074538473931
187.0,-0.024704519974840734
187.05,-0.03178517211206482
187.10000000000002,-0.023737094638604166
187.15,-0.007280947431394383
187.20000000000002,0.011954117032261008
187.25,0.02842755340083036
187.3,0.029952859922749746
187.35000000000002,0.014919216521598038
187.4,-0.008492270038259602
187.45000000000002,-0.02604737439157691
187.5,-0.02520566697239352
187.55,-0.0011035689708522155
187.60000000000002,0.026319767896325858
187.65,0.035563019247433963
187.70000000000002,0.02709265143349679
187.75,0.006123630072024908
187.8,-0.014514370311577028
187.85000000000002,-0.02879903328232741
187.9,-0.03284228307405736
187.95000000000002,-0.02283095487330384
188.0,-0.013652716366736147
188.05,-0.006346380376447295
188.10000000000002,0.005735225372362845
188.15,0.015962956820365377
188.20000000000002,0.022985498067491273
188.25,0.024709336817585924
188.3,0.01894038565571818
188.35000000000002,0.0031493423106393496
188.4,-0.015412789247801041
188.45000000000002,-0.02284121363163988
188.5,-0.021195479483383295
188.55,-0.008297317280131646
188.60000000000002,0.013058677219588675
188.65,0.025259384832439672
188.70000000000002,0.02245560955179685
188.75,0.011342924564218685
188.8,0.0007249605005748311
188.85000000000002,-0.007146652111876569
188.9,-0.01897774996568788
188.95000000000002,-0.022749799361075695
189.0,-0.00936208869145251
189.05,0.0061663415664872726
189.10000000000002,0.015005295622161118
189.15,0.008796546991039971
189.20000000000002,-0.006184277356401857
189.25,-0.014748530918607412
189.3,-0.005700340332219377
189.35000000000002,0.013485902530264313
189.4,0.018436093828068573
189.45000000000002,0.01164734947490448
189.5,-0.005298527362236672
189.55,-0.01926910930461762
189.60000000000002,-0.014383296833390423
189.65,-0.008059760667152084
189.70000000000002,-0.007719390016219714
189.75,-0.009484587460189455
189.8,-0.0035922350425089257
189.85000000000002,0.012643243637264412
189.9,0.029230560187134103
189.95000000000002,0.03319293368228268
190.0,0.011586574969882892
190.05,-0.015985444955967782
190.10000000000002,-0.02614828768747868
190.15,-0.022984708827858278
190.20000000000002,-0.011678034640674078
190.25,0.0028218761855984395
190.3,0.011601353070362965
190.35000000000002,0.011836064604036337
190.4,0.0065079219266147076
190.45000000000002,0.005688209772592213
190.5,0.0071862804837028605
190.55,-0.005136815029818184
190.60000000000002,-0.02384088534017493
190.65,-0.027839241474891297
190.70000000000002,-0.009239362110651822
190.75,0.016744573940448898
190.8,0.02480522315057761
190.85000000000002,0.012657960850495895
190.9,-0.003245488502095988
190.95000000000002,-0.005645037203928883
191.0,0.0027142977654012967
191.05,0.0065219048475311445
191.10000000000002,0.009068148144364449
191.15,0.013841867559800672
191.20000000000002,0.019292870086650267
191.25,0.014323133290330303
191.3,-0.008301731393948715
191.35000000000002,-0.021621357297923624
191.4,-0.01471570492251153
191.45000000000002,-0.004426808765741836
191.5,0.0017589487018171823
191.55,-0.0041416862972122855
191.60000000000002,-0.01718944328069576
191.65,-0.016651731651350647
191.70000000000002,-0.011504771762583212
191.75,-0.011972379009031557
191.8,-0.009497009140463943
191.85000000000002,-0.008286147941442243
191.9,-0.00562997835273941
191.95000000000002,0.003267957700830576
192.0,0.014580816841167438
192.05,0.029645384960548905
192.10000000000002,0.0451806417957478
192.15,0.04775080450979184
192.20000000000002,0.023217432335364694
192.25,-0.013931390221870165
192.3,-0.026921378768253953
192.35000000000002,-0.019959206857605792
192.4,-0.02103628243852749
192.45000000000002,-0.02408034244564314
192.5,-0.019017768289157362
192.55,-0.009974242875802798
192.60000000000002,0.0033870891127522887
192.65,0.016023015424274274
192.70000000000002,0.01565357929244335
192.75,0.008209722942136935
192.8,0.0019376670193599367
192.85000000000002,-0.007993462825617923
192.9,-0.012991364771803633
192.95000000000002,-0.0035954654878107214
193.0,0.011401129305763213
193.05,0.01331959336636104
193.10000000000002,0.0034463858662488376
193.15,-0.00042052258786476674
193.20000000000002,0.0010533074676737186
193.25,0.005822645184826302
193.3,0.014502198928818176
193.35000000000002,0.011311340934730069
193.4,-0.0006015164364064201
193.45000000000002,-0.0001449632032906085
193.5,0.0029252588704746538
193.55,-0.007382840288994863
193.60000000000002,-0.021112308456680197
193.65,-0.022124441194117973
193.70000000000002,-0.01374207927444861
193.75,-0.006538772122860599
193.8,0.001027253034540842
193.85000000000002,0.012948021764003045
193.9,0.02322223416617873
193.95000000000002,0.01841084392162771
194.0,0.003765306544011019
194.05,-0.008590882060586237
194.10000000000002,-0.019366349962020836
194.15,-0.02660338935294261
194.20000000000002,-0.022253297639031985
194.25,-0.007141477839734931
194.3,0.011734149131253884
194.35000000000002,0.0289565210036621
194.4,0.02914806630973706
194.45000000000002,0.012366924055668827
194.5,-0.006330041162951774
194.55,-0.019753125763148267
194.60000000000002,-0.021761310146920742
194.65,-0.01603840123452842
194.70000000000002,-0.01305858711912298
194.75,-0.011451734504114519
194.8,0.005083898899077166
194.85000000000002,0.029977564353288442
194.9,0.04287239729013029
194.95000000000002,0.03613782831936652
195.0,0.012708542367666883
195.05,-0.007220939083668975
195.10000000000002,-0.019230820149226953
195.15,-0.025776789789354715
195.20000000000002,-0.028652337411909118
195.25,-0.024152142356004783
195.3,-0.0041684595327586
195.35000000000002,0.013201976488255348
195.4,0.01864528983140072
195.45000000000002,0.012594120774933862
195.5,0.001130370166751674
195.55,-0.0015614192206860169
195.60000000000002,0.007305820776329008
195.65,0.019510354225439654
195.70000000000002,0.018600496197386848
195.75,0.0010773906699995451
195.8,-0.023244037803215656
195.85000000000002,-0.036298805790158574
195.9,-0.02818787147218826
195.95000000000002,-0.0017064461582813372
196.0,0.030879870105676825
196.05,0.039573668475518915
196.10000000000002,0.019637160946674947
196.15,-0.00743727224467219
196.20000000000002,-0.021843448014277057
196.25,-0.01721065862552823
196.3,-0.011305907829095019
196.35000000000002,-0.011550062265930233
196.4,-0.009145019785493128
196.45000000000002,-0.004781158029541824
196.5,0.004031780447362403
196.55,0.0190940245317863
196.60000000000002,0.03006832789517156
196.65,0.032673978488055484
196.70000000000002,0.028617923128885066
196.75,0.012721815502689141
196.8,-0.014404178119035597
196.85000000000002,-0.036921803511714084
196.9,-0.04899393975679674
196.95000000000002,-0.054896395090163856
197.0,-0.044022392007690564
197.05,-0.014087927440618635
197.10000000000002,0.018431716909438036
197.15,0.04729420950756513
197.20000000000002,0.05777676470504797
197.25,0.035759177258557984
197.3,0.0008366474347520579
197.35000000000002,-0.025560504477755618
197.4,-0.03719939042949861
197.45000000000002,-0.03384103563553384
197.5,-0.014837193653695888
197.55,0.010613546560384284
197.60000000000002,0.026720263354366624
197.65,0.03503737296588606
197.70000000000002,0.03468136541432078
197.75,0.018534847071537446
197.8,-0.004404118647931231
197.85000000000002,-0.019746529824586887
197.9,-0.01709558770357971
197.95000000000002,0.00027056424263390607
198.0,0.013478742631498647
198.05,0.01172335760965917
198.10000000000002,-0.0047439165708160974
198.15,-0.019894683785442884
198.20000000000002,-0.02207765255125612
198.25,-0.017616646833282627
198.3,-0.0013602018321345365
198.35000000000002,0.021244503866234773
198.4,0.025872417994359992
198.45000000000002,0.00559120446999389
198.5,-0.014448672789521493
198.55,-0.017460458686323628
198.60000000000002,-0.011892346456380374
198.65,0.004168007834976694
198.70000000000002,0.021161959136680297
198.75,0.019881057103854557
198.8,0.005795306322685795
198.85000000000002,-0.01380792543735412
198.9,-0.029920603222577308
198.95000000000002,-0.02244739590852649
199.0,-0.00023524878473253305
199.05,0.014277076195418886
199.10000000000002,0.020155658146229855
199.15,0.02048748489275304
199.20000000000002,0.013565489435719535
199.25,0.0010172879787997437
199.3,-0.007620658790308401
199.35000000000002,-0.016230205577097652
199.4,-0.02140613378912207
199.45000000000002,-0.014620774257931018
199.5,-0.0028162226244608886
199.55,0.012888039058942067
199.60000000000002,0.021299581113617943
199.65,0.01994574563767386
199.70000000000002,0.013992267405645334
199.75,0.003269690459051614
199.8,-0.008049560266899661
199.85000000000002,-0.023483815211337872
199.9,-0.03758147811200524
199.95000000000002,-0.03616161146783573
200.0,-0.011377563835688399
200.05,0.01847809664293833
200.10000000000002,0.03053633124599931
200.15,0.030138924373076397
200.20000000000002,0.023857939691754572
200.25,0.017466966625816163
200.3,0.008234304212287848
200.35000000000002,-0.01136631987379761
200.4,-0.029641517250971056
200.45000000000002,-0.03942148762424181
200.5,-0.035259863691090486
200.55,-0.01500818343772426
200.60000000000002,0.00806131288114509
200.65,0.02920425507051082
200.70000000000002,0.03962821214324584
200.75,0.02959769894404044
200.8,0.007672045103444757
200.85000000000002,-0.01587903495182534
200.9,-0.030449250679225704
200.95000000000002,-0.02827741071378101
201.0,-0.017466809966580996
201.05,-0.008627532748778035
201.10000000000002,0.0031469203110391242
201.15,0.022163885557276785
201.20000000000002,0.04557091050910304
201.25,0.05595889106524517
201.3,0.036357571169263685
201.35000000000002,0.0038541437937172343
201.4,-0.02650585517431923
201.45000000000002,-0.0440106473338495
201.5,-0.047784910400763374
201.55,-0.04759472229591513
201.60000000000002,-0.025877756313403836
201.65,0.016451380927960387
201.70000000000002,0.04980164169177425
201.75,0.048452362822919266
201.8,0.016310134569003983
201.85000000000002,-0.01529029548788941
201.9,-0.02939543407231931
201.95000000000002,-0.023272677915787774
202.0,-0.007282575809723547
202.05,0.008871678831238707
202.10000000000002,0.022090241724894405
202.15,0.029369315968989076
202.20000000000002,0.03251620036352758
202.25,0.025573641740951752
202.3,0.003936970144590077
202.35000000000002,-0.02244409807486445
202.4,-0.04016145145294833
202.45000000000002,-0.048111082789824094
202.5,-0.043440519640019264
202.55,-0.022476009847502487
202.60000000000002,0.003963676675094281
202.65,0.023424476974390786
202.70000000000002,0.0266267187513297
202.75,0.01720301518106629
202.8,0.008714687895462783
202.85000000000002,0.002555413078548621
202.9,-0.001088336999569347
202.95000000000002,-0.0005668897309873186
203.0,-0.00196003671592336
203.05,0.0011453849396587076
203.10000000000002,0.010688892139239587
203.15,0.014086596524284319
203.20000000000002,0.009465850347209424
203.25,0.002529238764948293
203.3,0.0013554811466086564
203.35000000000002,0.00509279066663818
203.4,0.0006737526996811846
203.45000000000002,-0.014605327105622352
203.5,-0.02993434957753815
203.55,-0.03537593780706258
203.60000000000002,-0.023515002156694418
203.65,-0.00021149611071104052
203.70000000000002,0.016008335982396454
203.75,0.016063042065636912
203.8,0.009205497200346892
203.85000000000002,0.014825815302660495
203.9,0.02857770088824308
203.95000000000002,0.03135439335808306
204.0,0.022434419811655424
204.05,0.0038924490597315397
204.10000000000002,-0.021558805906662266
204.15,-0.04319177821808871
204.20000000000002,-0.04962452627008517
204.25,-0.037358234588136315
204.3,-0.012932821367369111
204.35000000000002,0.013319460224893906
204.4,0.02834265300313764
204.45000000000002,0.03204033897784259
204.5,0.033647526722353896
204.55,0.02850549484228009
204.60000000000002,0.010411052118655617
204.65,-0.011857641049805148
204.70000000000002,-0.024292334326631842
204.75,-0.020776789495315237
204.8,-0.0035447808303176024
204.85000000000002,0.013709192936362769
204.9,0.015511851377421471
204.95000000000002,0.012787956095840944
205.0,0.017500061702523967
205.05,0.015045116639267721
205.10000000000002,-0.003101972176883828
205.15,-0.027438285805643857
205.20000000000002,-0.04358898876873919
205.25,-0.0494132660466873
205.3,-0.04920258798709004
205.35000000000002,-0.03900481019928233
205.4,-0.009986917268928608
205.45000000000002,0.031627808133603955
205.5,0.06177383351026652
205.55,0.07634817441518613
205.60000000000002,0.07323810563618426
205.65,0.04669148533560613
205.70000000000002,0.0024829965170938776
205.75,-0.039629452119587745
205.8,-0.04825862514974378
205.85000000000002,-0.030261952762689812
205.9,-0.009059657226453112
205.95000000000002,0.0032359398239405596
206.0,-0.0004013072609649429
206.05,-0.005783363821058914
206.10000000000002,-0.014600462306612983
206.15,-0.02806614360047518
206.20000000000002,-0.034019027678498036
206.25,-0.03405187462895273
206.3,-0.018966177196572932
206.35000000000002,-0.0018036558459316385
206.4,0.004117127730415385
206.45000000000002,0.014744878813951732
206.5,0.029595010415139913
206.55,0.04568311859213099
206.60000000000002,0.05115279004903487
206.65,0.03318291292429574
206.70000000000002,0.0035282794315526743
206.75,-0.02234424972525957
206.8,-0.03854467874185038
206.85000000000002,-0.04201769422506778
206.9,-0.021549516912061518
206.95000000000002,0.01854186930126317
207.0,0.060601396291837174
207.05,0.0827217730643487
207.10000000000002,0.06353544724391541
207.15,0.013949810052498639
207.20000000000002,-0.03945110573122322
207.25,-0.06897513472039454
207.3,-0.06985103540320323
207.35000000000002,-0.06221390363711738
207.4,-0.04887556247665581
207.45000000000002,-0.01854824340600781
207.5,0.022653243080549713
207.55,0.04870855981461964
207.60000000000002,0.04756536105647218
207.65,0.01727470369986197
207.70000000000002,-0.015611861306084641
207.75,-0.015445602037177182
207.8,-0.003477310061143032
207.85000000000002,0.0010414216801222173
207.9,-0.0006822004433972811
207.95000000000002,-0.015086614038021114
208.0,-0.027712335177777436
208.05,-0.01574123965797516
208.10000000000002,0.03390223760322427
208.15,0.09431971681896147
208.20000000000002,0.1061920482919302
208.25,0.05636842653192651
208.3,-0.015167814713925368
208.35000000000002,-0.07163568955986001
208.4,-0.09486609966360973
208.45000000000002,-0.0882437765475847
208.5,-0.05957289915902557
208.55,-0.0034923190746101087
208.60000000000002,0.04758385694310951
208.65,0.06062873465516059
208.70000000000002,0.04435830592162388
208.75,0.013864767927515585
208.8,-0.013262779004696966
208.85000000000002,-0.03239379577103299
208.9,-0.03626887955183051
208.95000000000002,-0.021652003784443624
209.0,-0.0005286160506696823
209.05,0.020810524500944633
209.10000000000002,0.032717968976114155
209.15,0.03496562698125494
209.20000000000002,0.030853249977594692
209.25,0.02266164615110542
209.3,0.015987733636323886
209.35000000000002,0.007797081380721313
209.4,-0.01171448656178917
209.45000000000002,-0.054250073384559096
209.5,-0.09078710708521243
209.55,-0.07683207691816879
209.60000000000002,-0.014601842216957648
209.65,0.06109234422292725
209.70000000000002,0.10288032856025568
209.75,0.08772463010699413
209.8,0.027466663628639174
209.85000000000002,-0.037783609820842765
209.9,-0.07034681697746965
209.95000000000002,-0.06711503887087779
210.0,-0.03979324883622474
210.05,-0.016402961816066347
210.10000000000002,-0.006444547169221942
210.15,0.00806715939220517
210.20000000000002,0.03870918889834541
210.25,0.0684150082465199
210.3,0.06226845261472941
210.35000000000002,0.01660885539276597
210.4,-0.03558290329541031
210.45000000000002,-0.05206648160357892
210.5,-0.036031938675952675
210.55,-0.01640729235448134
210.60000000000002,-0.0016750085554892078
210.65,0.00971048859451245
210.70000000000002,0.024922335130188492
210.75,0.03365750945575107
210.8,0.032007932773309544
210.85000000000002,0.036615571255574936
210.9,0.03944311983104635
210.95000000000002,0.024506223452716216
211.0,-0.012329307583195104
211.05,-0.05118630830114157
211.10000000000002,-0.06766197310812662
211.15,-0.06288669187602618
211.20000000000002,-0.039021928734460976
211.25,-0.020551323443324297
211.3,-0.014817044462150094
211.35000000000002,0.004986523907776243
211.4,0.03327114404757946
211.45000000000002,0.04921748713509967
211.5,0.04669317727534418
211.55,0.037264530189366755
211.60000000000002,0.03152449479023243
211.65,0.02220992182069526
211.70000000000002,0.01251181839487129
211.75,0.009176861663048057
211.8,-0.0019422792414236323
211.85000000000002,-0.02615862512925494
211.9,-0.04527653090832559
211.95000000000002,-0.052040416637377025
212.0,-0.051051580258172254
212.05,-0.027278130705787017
212.10000000000002,0.007277255784813035
212.15,0.020048044365116383
212.20000000000002,0.022249255917456964
212.25,0.023520561663512792
212.3,0.015747001272535924
212.35000000000002,0.0070215402654568515
212.4,0.010053837398602716
212.45000000000002,0.00731566749340758
212.5,-0.027616855419669063
212.55,-0.06055341385783534
212.60000000000002,-0.053058187847454585
212.65,-0.028731543906445927
212.70000000000002,-0.004636550875130222
212.75,0.022085412707465293
212.8,0.04560890847078475
212.85000000000002,0.06216170024563543
212.9,0.061573347736974156
212.95000000000002,0.03683784103777211
213.0,-0.0036419571294043556
213.05,-0.035454522941477815
213.10000000000002,-0.03339287529095864
213.15,-0.006557917682836474
213.20000000000002,0.019223160917490097
213.25,0.026010596682724853
213.3,0.003469644400426076
213.35000000000002,-0.028958053567345942
213.4,-0.041299434753014085
213.45000000000002,-0.034646758752039306
213.5,-0.024873723181603247
213.55,-0.012253547084666847
213.60000000000002,0.008169436104450886
213.65,0.017928414783150458
213.70000000000002,0.017961322451915975
213.75,0.02356128163546347
213.8,0.029306862212026566
213.85000000000002,0.03357995547051978
213.9,0.019149909864866903
213.95000000000002,0.003486366482040092
214.0,0.013868952549795636
214.05,0.015044114720982186
214.10000000000002,-0.0029214916598336474
214.15,-0.01080517300791801
214.20000000000002,-0.016840881411929836
214.25,-0.03505544094130015
214.3,-0.037855275927406305
214.35000000000002,-0.024813223110880342
214.4,-0.01948817724447985
214.45000000000002,-0.013914095757639485
214.5,0.005011931662855683
214.55,0.02765919344744293
214.60000000000002,0.03400220410220651
214.65,0.01717074337391909
214.70000000000002,-0.018092468015314882
214.75,-0.0345782924687116
214.8,-0.013294691164753158
214.85000000000002,0.0005961068578687861
214.9,-0.011447866736392509
214.95000000000002,-0.0255919538575343
215.0,-0.023819875588486472
215.05,-0.004567755930598219
215.10000000000002,0.021320472291614982
215.15,0.03745961394457003
215.20000000000002,0.042542786050878634
215.25,0.05329063239112449
215.3,0.06070626756775058
215.35000000000002,0.04156079983535314
215.4,-0.0012693312477046307
215.45000000000002,-0.03700860245476467
215.5,-0.04831433404870318
215.55,-0.031904668505703115
215.60000000000002,-0.005558452007330064
215.65,-0.01225303251616692
215.70000000000002,-0.02833947498126548
215.75,-0.02698954856908866
215.8,-0.02190048877390811
215.85000000000002,-0.00848726741580193
215.9,-0.004927173779895245
215.95000000000002,-0.008040657940325468
216.0,0.005355039341663453
216.05,0.017321795266554602
216.10000000000002,0.017646996166400523
216.15,-0.00045509485644791716
216.20000000000002,-0.040786294166488136
216.25,-0.06517777967524567
216.3,-0.039470055980313556
216.35000000000002,0.028093246166265812
216.4,0.09084907192510595
216.45000000000002,0.11738021991426945
216.5,0.11059918536057908
216.55,0.06773948467247715
216.60000000000002,0.009112324577181417
216.65,-0.03472179871077838
216.70000000000002,-0.05554712471772853
216.75,-0.05315867097823885
216.8,-0.03633389163734499
216.85000000000002,-0.014675937234687225
216.9,-0.008995597429157141
216.95000000000002,-0.02506463977680387
217.0,-0.03172769793484258
217.05,-0.027312079528607047
217.10000000000002,-0.014346102832383837
217.15,0.013143685548231318
217.20000000000002,0.03286822769892385
217.25,0.04105772628509235
217.3,0.04110268773608343
217.35000000000002,0.02707978186760544
217.4,0.010018712767034452
217.45000000000002,0.0022614117928135297
217.5,-0.013824193935758247
217.55,-0.04169874530752191
217.60000000000002,-0.05322620045414845
217.65,-0.04155494333072333
217.70000000000002,-0.00981172582497677
217.75,0.014666045025939087
217.8,0.016366673519854665
217.85000000000002,0.025550891091909174
217.9,0.027272042085350154
217.95000000000002,-0.0056241960390527755
218.0,-0.04389672108478224
218.05,-0.05888076162026399
218.10000000000002,-0.04867406461393842
218.15,-0.01610702560563891
218.20000000000002,0.02839688215819505
218.25,0.0591942202771542
218.3,0.06301606650012297
218.35000000000002,0.0429082024711996
218.4,0.005518149014804608
218.45000000000002,-0.027091477776270627
218.5,-0.03422708588106714
218.55,-0.018663524594884684
218.60000000000002,0.0033498918702119457
218.65,0.020634185627778023
218.70000000000002,0.032809324123659056
218.75,0.04093720733398867
218.8,0.02190562765028285
218.85000000000002,-0.027048227058877595
218.9,-0.049819276920398926
218.95000000000002,-0.016770823027545945
219.0,0.020352225303956837
219.05,0.02438831793252096
219.10000000000002,0.027190783008758622
219.15,0.040191534486829994
219.20000000000002,0.04367764681628725
219.25,0.024184351267387615
219.3,-0.012468761813210709
219.35000000000002,-0.04934806254181
219.4,-0.07703044780555252
219.45000000000002,-0.07885146010885688
219.5,-0.04391413856206135
219.55,0.008446606770893414
219.60000000000002,0.033382796477482254
219.65,0.017500455883097826
219.70000000000002,-0.008773773564201469
219.75,-0.02133248242602292
219.8,-0.014800007795153388
219.85000000000002,-0.009061914568510377
219.9,-0.016996513611420693
219.95000000000002,-0.012957520116511856
220.0,0.0023432473313683643
220.05,0.017267717522958546
220.10000000000002,0.042614153853794835
220.15,0.055543058555287815
220.20000000000002,0.046609188276470315
220.25,0.028687859971971246
220.3,0.004437974895127913
220.35000000000002,-0.003637738696763936
220.4,0.0036920715256716103
220.45000000000002,-0.0034626333312126265
220.5,-0.030854119195976908
220.55,-0.05465528077734012
220.60000000000002,-0.05663348967395368
220.65,-0.0325542500866875
220.70000000000002,0.019828150535554666
220.75,0.06669069250589198
220.8,0.062211111303305366
220.85000000000002,0.017319300033431857
220.9,-0.023367306527630045
220.95000000000002,-0.03455776643349076
221.0,-0.01748388838454722
221.05,0.01153351393533609
221.10000000000002,0.045551659335813885
221.15,0.07227433488376632
221.20000000000002,0.0632427151502466
221.25,0.01984531212854142
221.3,-0.030705263652294198
221.35000000000002,-0.06858689875300467
221.4,-0.08819963292125796
221.45000000000002,-0.08967933934239902
221.5,-0.07281924668906081
221.55,-0.05212441810535951
221.60000000000002,-0.029078042659807034
221.65,0.0061473771548132975
221.70000000000002,0.03580173564202364
221.75,0.05402822695063069
221.8,0.06549364193074997
221.85000000000002,0.06757970277851456
221.9,0.05615348101351733
221.95000000000002,0.03438361791689105
222.0,0.01331322482366954
222.05,-0.010334642870658972
222.10000000000002,-0.02796123904957656
222.15,-0.04531489507163457
222.20000000000002,-0.06668735648992896
222.25,-0.06530450522830795
222.3,-0.027298079209853773
222.35000000000002,0.03560322127435979
222.4,0.07910724604202911
222.45000000000002,0.07506269564065313
222.5,0.04467555703591284
222.55,0.01724837596228671
222.60000000000002,-0.0078492608820259
222.65,-0.04014897416822158
222.70000000000002,-0.06454991207784276
222.75,-0.05622225952085219
222.8,-0.017698917738142996
222.85000000000002,0.01311419197626377
222.9,0.02521416842730531
222.95000000000002,0.03496407695503118
223.0,0.04080340763169049
223.05,0.036155884242769346
223.10000000000002,0.01833323514797878
223.15,-0.007097458398174459
223.20000000000002,-0.02980982702281481
223.25,-0.041143704305099595
223.3,-0.0398550796423097
223.35000000000002,-0.030849719868011348
223.4,-0.018047497292524074
223.45000000000002,-0.004331297269711011
223.5,0.01769718117327533
223.55,0.03820965790169339
223.60000000000002,0.03783228480406027
223.65,0.022649051166033492
223.70000000000002,0.0038657469327540825
223.75,-0.010393234786768934
223.8,-0.017111292447322287
223.85000000000002,-0.019580016975585694
223.9,-0.018143074037218942
223.95000000000002,-0.009508286516186494
224.0,0.010163659781824793
224.05,0.03093579732953068
224.10000000000002,0.023416500285583834
224.15,-0.020177264145262715
224.20000000000002,-0.06551905527330015
224.25,-0.07707746270378887
224.3,-0.04105307177270984
224.35000000000002,0.018845253972108855
224.4,0.061265287999223435
224.45000000000002,0.07066388615525163
224.5,0.04892779132822459
224.55,0.015800794852281697
224.60000000000002,-0.01566599049913135
224.65,-0.039221560357797454
224.70000000000002,-0.04803661696438653
224.75,-0.042787237441891376
224.8,-0.007473463586270617
224.85000000000002,0.031737370166509016
224.9,0.04771801278785067
224.95000000000002,0.0509994585340639
225.0,0.04104129691460879
225.05,0.02500811810866095
225.10000000000002,-0.001021037825685281
225.15,-0.02225647545998183
225.20000000000002,-0.026973616067455287
225.25,-0.036606401034652465
225.3,-0.05166183674119644
225.35000000000002,-0.04848506615532603
225.4,-0.01911431234622133
225.45000000000002,0.016088163015464837
225.5,0.05395310941346666
225.55,0.0801887795347611
225.60000000000002,0.06754929932088197
225.65,0.021673781567530033
225.70000000000002,-0.028525071687714156
225.75,-0.05589386399970149
225.8,-0.056985202686983615
225.85000000000002,-0.038979982077925905
225.9,-0.005541094304191213
225.95000000000002,0.03079436871690362
226.0,0.04202449027816386
226.05,0.028410577137910415
226.10000000000002,0.009959984371085617
226.15,-0.004872834390536522
226.20000000000002,-0.007507055105647146
226.25,-0.005858862441229364
226.3,-0.010254459375370586
226.35000000000002,-0.016856312760394412
226.4,-0.013302301215029446
226.45000000000002,0.006771252040101541
226.5,0.02115386874619312
226.55,0.019020688670184874
226.60000000000002,0.013662547748483697
226.65,0.0018082626604632595
226.70000000000002,-0.0206383737930032
226.75,-0.04276724018504145
226.8,-0.05754124643221939
226.85000000000002,-0.05215763994563016
226.9,-0.018168020786295792
226.95000000000002,0.024310914019562705
227.0,0.057571155186368184
227.05,0.06714070995028044
227.10000000000002,0.04622292189290977
227.15,0.009279445302237562
227.20000000000002,-0.025814387697772292
227.25,-0.03917073857596264
227.3,-0.02967313654851756
227.35000000000002,-0.009101030456921148
227.4,0.008988054305957715
227.45000000000002,0.013347550104317018
227.5,0.008589208942766555
227.55,-0.004110638163344095
227.60000000000002,-0.01932993791296371
227.65,-0.021488803989498546
227.70000000000002,-0.008474414679104092
227.75,0.008938515420771787
227.8,0.02472880444214205
227.85000000000002,0.03142943897933141
227.9,0.024323176891570996
227.95000000000002,0.015035992706332643
228.0,0.0003456674159779139
228.05,-0.017783951857092913
228.10000000000002,-0.02355171602956551
228.15,-0.02492441548008889
228.20000000000002,-0.011742482440321741
228.25,0.02650670441347068
228.3,0.05772469898636909
228.35000000000002,0.05245369928767609
228.4,0.013634605077459751
228.45000000000002,-0.027402608366374672
228.5,-0.038931844820762
228.55,-0.02217714342579012
228.60000000000002,0.00010673848550344907
228.65,0.012015774890071971
228.70000000000002,0.009103057196810994
228.75,0.0016315613378954238
228.8,-0.0030649720360081726
228.85000000000002,-0.0053819221811899735
228.9,-0.0070354947065399695
228.95000000000002,-0.015079929525531546
229.0,-0.03125080518949684
229.05,-0.044961560759427026
229.10000000000002,-0.0401166051610202
229.15,-0.022651863073581868
229.20000000000002,-0.002770859849891757
229.25,0.01204662484721033
229.3,0.012151580611087898
229.35000000000002,0.0067023472580565405
229.4,0.003506955684288974
229.45000000000002,0.0056551890848090675
229.5,0.015751569334220044
229.55,0.02574306978665366
229.60000000000002,0.024041283414523863
229.65,0.0204788822773897
229.70000000000002,0.02106783430492704
229.75,0.013215011039008273
229.8,0.0008226272080637292
229.85000000000002,-0.005647581972066956
229.9,-0.0034300917485649593
229.95000000000002,-0.007628637607767682
230.0,-0.022817977395460227
230.05,-0.03657841872928375
230.10000000000002,-0.04507283495247339
230.15,-0.03620688684538973
230.20000000000002,-0.008683031631062708
230.25,0.029497749870561918
230.3,0.07177988035187183
230.35000000000002,0.09180402898925245
230.4,0.06723278906223994
230.45000000000002,0.011884666671609955
230.5,-0.03571465535550505
230.55,-0.05098650899696374
230.60000000000002,-0.043722988799505424
230.65,-0.037386063551544106
230.70000000000002,-0.028111446551990986
230.75,0.0047932251407958445
230.8,0.03896908417326432
230.85000000000002,0.04366183486256855
230.9,0.022728876871438077
230.95000000000002,-0.010463134435097731
231.0,-0.031621217543235956
231.05,-0.02265990578528978
231.10000000000002,0.00757447983715829
231.15,0.028283398370230285
231.20000000000002,0.01842183398564718
231.25,-0.01007362035580649
231.3,-0.029656835383917706
231.35000000000002,-0.02938064275618201
231.4,-0.017385219139932524
231.45000000000002,0.003505220994064873
231.5,0.02095279254176746
231.55,0.023408107399017317
231.60000000000002,0.008844739015718604
231.65,-0.017377929336160888
231.70000000000002,-0.03570210925115749
231.75,-0.04330405592913528
231.8,-0.04793107821990727
231.85000000000002,-0.042063599503709886
231.9,-0.012938584377629342
231.95000000000002,0.028286881331365532
232.0,0.060470249466155694
232.05,0.07597161898558143
232.10000000000002,0.073955382621307
232.15,0.0609430260579354
232.20000000000002,0.03236171659536292
232.25,-0.011713473597686779
232.3,-0.04871029858707282
232.35000000000002,-0.06214127218321958
232.4,-0.05927562018850859
232.45000000000002,-0.05039486672070428
232.5,-0.01981360660633167
232.55,0.03478709022768684
232.60000000000002,0.07443155603988834
232.65,0.07590752877535333
232.70000000000002,0.05395414044770803
232.75,0.025290301175524027
232.8,-0.0023976761530796822
232.85000000000002,-0.030498396480125287
232.9,-0.05966936065785799
232.95000000000002,-0.08236966613514267
233.0,-0.08475252290207089
233.05,-0.048812749060350165
233.10000000000002,0.013866365334493124
233.15,0.0658538448848934
233.20000000000002,0.0821684689385212
233.25,0.06355737817245544
233.3,0.0332011325358868
233.35000000000002,0.003972421596911778
233.4,-0.025430040900204703
233.45000000000002,-0.04281075199436871
233.5,-0.03584299574718876
233.55,-0.01967152947050037
233.60000000000002,-0.020207435316797025
233.65,-0.033042780597218255
233.70000000000002,-0.03165765961485599
233.75,-0.004981701497041403
233.8,0.0354079002717391
233.85000000000002,0.0694059155753212
233.9,0.07854726856097735
233.95000000000002,0.05155601659068255
234.0,-0.00021066305009676437
234.05,-0.050076000547781906
234.10000000000002,-0.07249367372764545
234.15,-0.05482421616579743
234.20000000000002,-0.0224705445642615
234.25,-0.006187656267029027
234.3,-0.0020858970747886806
234.35000000000002,0.0022418091372444636
234.4,0.002308204154264018
234.45000000000002,-0.0016151913029290046
234.5,0.0021640159075772573
234.55,0.011923166381701308
234.60000000000002,0.02418037006336576
234.65,0.03379983851489385
234.70000000000002,0.030901560166551465
234.75,0.011792351923713295
234.8,-0.018416241961206614
234.85000000000002,-0.04246823992709254
234.9,-0.04715119589236692
234.95000000000002,-0.03164123464258687
235.0,-0.008606240222202978
235.05,0.008397116839391006
235.10000000000002,0.020243790797375535
235.15,0.03054297538211835
235.20000000000002,0.03302287277617422
235.25,0.024875337975597087
235.3,0.011469429374506837
235.35000000000002,-0.004314452775812953
235.4,-0.016773282084796212
235.45000000000002,-0.024563410977968957
235.5,-0.022957414110902515
235.55,-0.013534469429083314
235.60000000000002,-0.005602062827219398
235.65,0.0007313240643144687
235.70000000000002,0.0029643773549879516
235.75,0.015345357095968334
235.8,0.04401950359670118
235.85000000000002,0.06641544082017063
235.9,0.0670484485288473
235.95000000000002,0.047979068644472184
236.0,0.014818376451979596
236.05,-0.024329953314802234
236.10000000000002,-0.050186071537225874
236.15,-0.05926359619425947
236.20000000000002,-0.05946472917379434
236.25,-0.05380020900546141
236.3,-0.04657594319267784
236.35000000000002,-0.03939603581538695
236.4,-0.024753988552165568
236.45000000000002,0.00590545978228579
236.5,0.033376322523747164
236.55,0.0356681166680127
236.60000000000002,0.020403969170862554
236.65,0.0027016679620211234
236.70000000000002,-0.011914940325446845
236.75,-0.023051590528782258
236.8,-0.02146214593741947
236.85000000000002,-0.0002574955514306619
236.9,0.028951011977396246
236.95000000000002,0.04620420668510982
237.0,0.033005818041009
237.05,-0.003584685455116284
237.10000000000002,-0.033362336888166325
237.15,-0.03814998820868499
237.20000000000002,-0.013309546125909457
237.25,0.035479454390049917
237.3,0.08366332990498171
237.35000000000002,0.10161431555575064
237.4,0.06944514355471026
237.45000000000002,0.001322347148501308
237.5,-0.057478853823504074
237.55,-0.0834203342330652
237.60000000000002,-0.07552674183214109
237.65,-0.04399521321894582
237.70000000000002,-0.005448804351222862
237.75,0.03180076398507038
237.8,0.054250250089580065
237.85000000000002,0.04797743565476425
237.9,0.00839272682809101
237.95000000000002,-0.05012606152135321
238.0,-0.08859935710161625
238.05,-0.08583896170552047
238.10000000000002,-0.05327481601322208
238.15,-0.00990208747027999
238.20000000000002,0.025564828412869646
238.25,0.044193930438617884
238.3,0.04934626224468597
238.35000000000002,0.04884277250320707
238.4,0.047302023620127275
238.45000000000002,0.04671175789208143
238.5,0.045620004252233455
238.55,0.034391931663701636
238.60000000000002,0.008623939119217657
238.65,-0.01952594771518637
238.70000000000002,-0.03700703144106387
238.75,-0.039370748971613856
238.8,-0.023320296429310067
238.85000000000002,0.0008377102105090634
238.9,0.014070735795996209
238.95000000000002,0.01431132911183825
239.0,0.006798869502711222
239.05,-0.009369861997383848
239.10000000000002,-0.02488869020597635
239.15,-0.028134060479642096
239.20000000000002,-0.026599577710107257
239.25,-0.019891840364703033
239.3,0.007371895740034198
239.35000000000002,0.038129576064366254
239.4,0.03916564118507474
239.45000000000002,0.021878242492705303
239.5,0.015948120148002648
239.55,0.0148510528149434
239.60000000000002,-0.004517288179084647
239.65,-0.03493083275134037
239.70000000000002,-0.04680045536291528
239.75,-0.03876470619949522
239.8,-0.03565432286092088
239.85000000000002,-0.03302238175258386
239.9,-0.0129470224955557
239.95000000000002,0.016406850096027686
240.0,0.03325511258037283
240.05,0.02666265547226708
240.10000000000002,0.015598940010583083
240.15,0.01011974449103253
240.20000000000002,0.0052185728182902215
240.25,0.007527457032177668
240.3,0.019281785497701542
240.35000000000002,0.04097728127509574
240.4,0.05717753622754482
240.45000000000002,0.04415265122127054
240.5,0.007861406305838307
240.55,-0.022932353251805964
240.60000000000002,-0.030692819157778595
240.65,-0.02082609682716122
240.70000000000002,-0.009737238260722998
240.75,-0.0098339327811333
240.8,-0.00989348847499263
240.85000000000002,-0.0008892060915730661
240.9,0.007465958603187314
240.95000000000002,0.00956795279711852
241.0,0.01078055398953549
241.05,0.014559846085874817
241.10000000000002,0.014633491675319197
241.15,0.007178031256310614
241.20000000000002,-0.014141596633794804
241.25,-0.0468307830112797
241.3,-0.07428752478925532
241.35000000000002,-0.08867422535602722
241.4,-0.08576504857528575
241.45000000000002,-0.05993770040925433
241.5,-0.01373571853807305
241.55,0.03834968916056364
241.60000000000002,0.0744830876987549
241.65,0.08602031625592507
241.70000000000002,0.07273400292105565
241.75,0.03961945772252179
241.8,0.00964539488180718
241.85000000000002,-0.008984480400853031
241.9,-0.02494550887947623
241.95000000000002,-0.039711895002110274
242.0,-0.04297343879247984
242.05,-0.02599726784692953
242.10000000000002,0.0037407980546890676
242.15,0.042085097087832424
242.20000000000002,0.07436465841036494
242.25,0.07837872920093596
242.3,0.05742899328315425
242.35000000000002,0.019893108309868436
242.4,-0.03134665157155749
242.45000000000002,-0.0781406339562764
242.5,-0.09732891606573164
242.55,-0.08253535737070618
242.60000000000002,-0.037696772407671844
242.65,0.015568809158768076
242.70000000000002,0.04716839695820538
242.75,0.05279823747890816
242.8,0.04332993807148382
242.85000000000002,0.03019036170369872
242.9,0.020292136292751957
242.95000000000002,0.010249881110028704
243.0,-0.002740955011342624
243.05,-0.01455455789320376
243.10000000000002,-0.02185563325712813
243.15,-0.022935698413967236
243.20000000000002,-0.01789492995533951
243.25,-0.017433731591036495
243.3,-0.018087533201871203
243.35000000000002,-0.007165127887449957
243.4,0.0047172520626138715
243.45000000000002,0.010016424931245053
243.5,0.013315055567232384
243.55,0.013601247720581322
243.60000000000002,0.011381764874045304
243.65,0.008890119122521472
243.70000000000002,0.009305562171983238
243.75,0.01569714204502675
243.8,0.021337033227926426
243.85000000000002,0.020139151936392388
243.9,0.007849100145689859
243.95000000000002,-0.011682329192084435
244.0,-0.030565138808004284
244.05,-0.0549131054183063
244.10000000000002,-0.07764379406068145
244.15,-0.07222715329746941
244.20000000000002,-0.026163139125837436
244.25,0.030960142720430947
244.3,0.0630334799095521
244.35000000000002,0.06353770451822778
244.4,0.03510632268253559
244.45000000000002,-0.0066437298461237936
244.5,-0.03247246118873386
244.55,-0.027176870824608273
244.60000000000002,-0.010614623126353766
244.65,-0.014260429946090638
244.70000000000002,-0.03892497874154679
244.75,-0.053303137421438655
244.8,-0.03998879675402305
244.85000000000002,-0.014987066371405669
244.9,0.011897807991411718
244.95000000000002,0.04051708989319989
245.0,0.058554501900782825
245.05,0.05628005346985729
245.10000000000002,0.04464273256194096
245.15,0.042297458742067195
245.20000000000002,0.05019851179705117
245.25,0.05418613125758929
245.3,0.04819427805028343
245.35000000000002,0.032499353419406136
245.4,0.0070503578603674875
245.45000000000002,-0.019729199257184454
245.5,-0.04022428529927745
245.55,-0.05654081602047548
245.60000000000002,-0.0716557208635374
245.65,-0.07918209938589744
245.70000000000002,-0.058320967862484314
245.75,-0.008186712919767282
245.8,0.044880107003532115
245.85000000000002,0.07697447231025947
245.9,0.06547087638162301
245.95000000000002,0.019533567318812305
246.0,-0.02807681430386127
246.05,-0.05999490547380036
246.10000000000002,-0.059035897250589865
246.15,-0.02963070028093924
246.20000000000002,0.003074047316884718
246.25,0.028554065367416486
246.3,0.03695059397518098
246.35000000000002,0.02293504838334216
246.4,-0.005896564063050754
246.45000000000002,-0.03361699521119883
246.5,-0.04404188403385572
246.55,-0.03229517117876954
246.60000000000002,-0.00523475458061891
246.65,0.020658404753201413
246.70000000000002,0.04218114115820699
246.75,0.05363746851714406
246.8,0.03877255405047762
246.85000000000002,0.008970176905649437
246.9,-0.007491734517297145
246.95000000000002,-0.00020031661889298
247.0,0.016296206826702415
247.05,0.019145591550417323
247.10000000000002,-0.005262166573689786
247.15,-0.0450088823771511
247.20000000000002,-0.073061791285456
247.25,-0.07688288392301108
247.3,-0.05725165962428813
247.35000000000002,-0.021723302670287693
247.4,0.014636289447395624
247.45000000000002,0.036511469338786184
247.5,0.03819292833332455
247.55,0.026912773105622168
247.60000000000002,0.015280642695520593
247.65,0.011788738607011818
247.70000000000002,0.01901458218099414
247.75,0.02813132322850093
247.8,0.030585257936258315
247.85000000000002,0.027364992215094558
247.9,0.00922706667405925
247.95000000000002,-0.029367441327115877
248.0,-0.06693753754034311
248.05,-0.07904229076671151
248.10000000000002,-0.06102146123326051
248.15,-0.016546472002021424
248.20000000000002,0.03943869716381078
248.25,0.08360957807402858
248.3,0.10634590488418348
248.35000000000002,0.10018943390942929
248.4,0.06356967136276609
248.45000000000002,0.00507353560897727
248.5,-0.051590416696438476
248.55,-0.07335862293335402
248.60000000000002,-0.0603793088429621
248.65,-0.03263189996125841
248.70000000000002,-0.009999630033135157
248.75,0.006327710225692932
248.8,0.029371833281448507
248.85000000000002,0.05361612203276085
248.9,0.05981524619720513
248.95000000000002,0.030665397730784787
249.0,-0.01723040686258698
249.05,-0.055881952591146665
249.10000000000002,-0.0757991405323663
249.15,-0.07657415252841024
249.20000000000002,-0.06032079823095517
249.25,-0.024254270091303196
249.3,0.02215464698646724
249.35000000000002,0.06563367825731502
249.4,0.08905575405722208
249.45000000000002,0.08289851283848776
249.5,0.060873845841607786
249.55,0.0333299318602577
249.60000000000002,0.009183287928258035
249.65,-0.011672027402033266
249.70000000000002,-0.025323931542860917
249.75,-0.021785539364380966
249.8,-0.012101199005019322
249.85000000000002,-0.011174949705621069
249.9,-0.023818147178687424
249.95000000000002,-0.040540292308864634
250.0,-0.050827974216747694
250.05,-0.0494573202894176
250.10000000000002,-0.038300050393851696
250.15,-0.025013745937838457
250.20000000000002,-0.004523062373305595
250.25,0.021163400397987076
250.3,0.03530896757570728
250.35000000000002,0.031359094971740165
250.4,0.0166771396742762
250.45000000000002,0.0020195410040151733
250.5,-0.00391617279419509
250.55,-0.009271357292897601
250.60000000000002,-0.026054692750044406
250.65,-0.04382309200514507
250.70000000000002,-0.04772333916679746
250.75,-0.035273294219034995
250.8,-0.0117548765921699
250.85000000000002,0.022033124963872948
250.9,0.05771137123062628
250.95000000000002,0.07726286236321887
251.0,0.07811104972674553
251.05,0.05843680174492012
251.10000000000002,0.019832070615138434
251.15,-0.012383740136699184
251.20000000000002,-0.022668314221021686
251.25,-0.01790988060771735
251.3,-0.007721867272322491
251.35000000000002,0.003004279979997716
251.4,0.022277265822908076
251.45000000000002,0.04483705635611648
251.5,0.048527101520184156
251.55,0.032536798248446484
251.60000000000002,0.002350481252250435
251.65,-0.04157632021931593
251.70000000000002,-0.08620116856869342
251.75,-0.11042993411742594
251.8,-0.09893287706133756
251.85000000000002,-0.052494040352884415
251.9,0.011312508086051588
251.95000000000002,0.059389672749687324
252.0,0.0634991669775762
252.05,0.025459349455029777
252.10000000000002,-0.024788346169708236
252.15,-0.05616885689487885
252.20000000000002,-0.06336416852130293
252.25,-0.05156131368569382
252.3,-0.023250379339435794
252.35000000000002,0.015663902470210475
252.4,0.052118989521941016
252.45000000000002,0.06723314064631662
252.5,0.06159713517986735
252.55,0.051801333772069066
252.60000000000002,0.038760024008712105
252.65,0.015507019057255744
252.70000000000002,-0.0028479243902990482
252.75,0.0031489672939085515
252.8,0.022258944154041338
252.85000000000002,0.03335876376188616
252.9,0.02769883524052075
252.95000000000002,0.0037275112506211586
253.0,-0.030264819151840375
253.05,-0.06158367967475882
253.10000000000002,-0.08490459730315673
253.15,-0.09744756803613781
253.20000000000002,-0.09396360416313346
253.25,-0.07013205819142307
253.3,-0.0231004994025128
253.35000000000002,0.033556108461154394
253.4,0.06945085969249279
253.45000000000002,0.06962135361550126
253.5,0.03967904920509486
253.55,-0.0016859588014617138
253.60000000000002,-0.033009727807047605
253.65,-0.04661621142984068
253.70000000000002,-0.04343705155349356
253.75,-0.02901975209844148
253.8,-0.005297396765474319
253.85000000000002,0.03403184793036285
253.9,0.07768699532090084
253.95000000000002,0.10066822409361129
254.0,0.09504841388980166
254.05,0.06075433191289779
254.10000000000002,0.008597268818211072
254.15,-0.03236841959950024
254.20000000000002,-0.04393518924983146
254.25,-0.03189979507296516
254.3,-0.017106228788079773
254.35000000000002,-0.012659981549168139
254.4,-0.013550075206922701
254.45000000000002,-0.011690939448337864
254.5,-0.009528932141433912
254.55,-0.014301889958774187
254.60000000000002,-0.022958617344544897
254.65,-0.02496081940975177
254.70000000000002,-0.012383905441426259
254.75,0.017435512712452424
254.8,0.05892793753784561
254.85000000000002,0.09688383826845612
254.9,0.11306912851319469
254.95000000000002,0.0951296332349576
255.0,0.04677499078584789
255.05,-0.014957502449237294
255.10000000000002,-0.07126635015166168
255.15,-0.10591423629569995
255.20000000000002,-0.10261290556042421
255.25,-0.06371943496974551
255.3,-0.019652022219285324
255.35000000000002,0.007628951327817599
255.4,0.012543191474193699
255.45000000000002,0.000797623007705393
255.5,-0.01610952843645275
255.55,-0.029023690796900998
255.60000000000002,-0.02813654534290492
255.65,-0.014821786204416081
255.70000000000002,0.002425933968815129
255.75,0.0117616318086778
255.8,0.007512223263570109
255.85000000000002,-0.004185120846419516
255.9,-0.01473709804033568
255.95000000000002,-0.011429816481390706
256.0,0.009308691561381728
256.05,0.03620934035970562
256.1,0.05179963700048273
256.15000000000003,0.045625857432119235
256.2,0.024248795342794078
256.25,0.008475450454458393
256.3,0.01556499272639816
256.35,0.03504257125282132
256.40000000000003,0.040749314587256225
256.45,0.020905175266014386
256.5,-0.015630825961690988
256.55,-0.04679144054853048
256.6,-0.0496135174074855
256.65000000000003,-0.02544765494312648
256.7,-0.002297815375372169
256.75,0.0024716849289576773
256.8,-0.0029881119006097755
256.85,-0.007717302475993359
256.90000000000003,-0.009015256211628216
256.95,-0.00961646777731999
257.0,-0.006497849652417648
257.05,0.003570037341714934
257.1,0.0114665949027786
257.15000000000003,0.016605240826441832
257.2,0.019620439741308095
257.25,0.014042741237626511
257.3,0.0023069789735172225
257.35,-0.009992735355973338
257.40000000000003,-0.017345488132821007
257.45,-0.00988669925871098
257.5,0.009371537912213089
257.55,0.018687944857284623
257.6,0.008603258576783054
257.65000000000003,-0.015599787738239574
257.7,-0.039469704455499216
257.75,-0.039877857804001784
257.8,-0.016244798322435958
257.85,0.009198122354017594
257.90000000000003,0.02270074180117979
257.95,0.028090837061816396
258.0,0.035198921548288103
258.05,0.04583971895587431
258.1,0.05557039483138197
258.15000000000003,0.059276209138857575
258.2,0.05722362938666473
258.25,0.04577527896197856
258.3,0.015925807090475936
258.35,-0.02189540997551218
258.40000000000003,-0.05310153211957751
258.45,-0.07461323020547905
258.5,-0.08217890722231366
258.55,-0.07868488793300508
258.6,-0.07875678112225747
258.65000000000003,-0.08553745095355865
258.7,-0.08288498031067873
258.75,-0.05464244616779282
258.8,-2.7698812231165025e-05
258.85,0.054925015093537866
258.90000000000003,0.0870078750717567
258.95,0.100943444340668
259.0,0.09741931714947438
259.05,0.07238622516367291
259.1,0.03284187296115215
259.15000000000003,-0.006821198778039471
259.2,-0.03551714848596004
259.25,-0.05392007222493443
259.3,-0.06301411833666433
259.35,-0.05831235849674014
259.40000000000003,-0.03407149167735406
259.45,0.001484401529626756
259.5,0.02889840554168835
259.55,0.03664979071486782
259.6,0.024462494328620455
259.65000000000003,0.0018161680168626523
259.7,-0.018550842002564065
259.75,-0.025616052587280926
259.8,-0.021579918129000453
259.85,-0.01841718465242366
259.90000000000003,-0.017674382282712817
259.95,-0.018636193293418844
260.0,-0.026023564662265006
260.05,-0.03231652828892197
260.1,-0.02220401101772642
260.15000000000003,0.004654154282677784
260.2,0.03827763062385291
260.25,0.06572618640228807
260.3,0.07452408263379065
260.35,0.060876727907364196
260.40000000000003,0.03246692860895799
260.45,0.005181897653064081
260.5,-0.013897269483786143
260.55,-0.020767492011628776
260.6,-0.007197882913805286
260.65000000000003,0.019614341349108808
260.7,0.04048628980443377
260.75,0.04192488273067453
260.8,0.027610798595851756
260.85,0.01603881730564786
260.90000000000003,0.015327269081495723
260.95,0.014493292571187472
261.0,0.004637023601373498
261.05,-0.008210319085259299
261.1,-0.015385148143242185
261.15000000000003,-0.02226888739713296
261.2,-0.038773398465815616
261.25,-0.05997493106532939
261.3,-0.07971157190820959
261.35,-0.09124295498167521
261.40000000000003,-0.0803966070353823
261.45,-0.051143752337399456
261.5,-0.02045916431442084
261.55,-0.0021201472472803574
261.6,0.005219079918240449
261.65000000000003,0.020266453185437006
261.7,0.04798743568440026
261.75,0.07356483808913346
261.8,0.07862730797552533
261.85,0.05953634278004908
261.90000000000003,0.027061552649818122
261.95,-0.0074394905306801005
262.0,-0.03398229285132465
262.05,-0.04755933412763617
262.1,-0.04372282636316779
262.15000000000003,-0.01965486606261166
262.2,0.017006984066846472
262.25,0.04541672736727979
262.3,0.04609638896655812
262.35,0.02332519052219098
262.40000000000003,-0.0074692808404456
262.45,-0.03675258352299819
262.5,-0.0598984512675073
262.55,-0.07216289510098363
262.6,-0.062087098322738295
262.65000000000003,-0.030842991156115766
262.7,0.0061499159839657055
262.75,0.038278144953139866
262.8,0.05737928258994177
262.85,0.06541602079228759
262.90000000000003,0.0720354134484653
262.95,0.07691587591480106
263.0,0.06962872636387295
263.05,0.0483852541687565
263.1,0.025956807461734198
263.15000000000003,0.011769592123471612
263.2,0.002029492503789459
263.25,-0.010383154254043918
263.3,-0.02407462375764745
263.35,-0.03598638264322519
263.40000000000003,-0.04210198676530287
263.45,-0.04659405859779809
263.5,-0.060482296074652546
263.55,-0.07061586066144207
263.6,-0.05560973609473134
263.65000000000003,-0.016999455264737284
263.7,0.02715468682507255
263.75,0.05702883423153093
263.8,0.06270987154712414
263.85,0.049667199755114695
263.90000000000003,0.031001569163147655
263.95,0.013371869928508725
264.0,-0.001712060916735551
264.05,-0.009457858511098911
264.1,-0.010019661928561113
264.15000000000003,-0.01157026316609408
264.2,-0.01916687950983922
264.25,-0.027451130747731627
264.3,-0.02628457059083614
264.35,-0.012659769105404024
264.40000000000003,0.007991195184406366
264.45,0.02613008921845617
264.5,0.03225125467401308
264.55,0.019023454993925503
264.6,-0.009564748205943635
264.65000000000003,-0.03602749539774201
264.7,-0.048882907940475916
264.75,-0.049526941952307495
264.8,-0.04328375826310514
264.85,-0.030398472032138118
264.90000000000003,-0.008165280836030549
264.95,0.01761179570276605
265.0,0.0370912242887674
265.05,0.04597555274224529
265.1,0.04704235609982132
265.15000000000003,0.04486608995397741
265.2,0.03860813542037065
265.25,0.024252406786619475
265.3,0.0026796976368865613
265.35,-0.017639998733354766
265.40000000000003,-0.027634330935496373
265.45,-0.02243837540420791
265.5,-0.006267087460396897
265.55,0.009901256476506174
265.6,0.02232505062494722
265.65000000000003,0.02935513749965471
265.7,0.026721312861671887
265.75,0.015926369138723133
265.8,0.000605492086138298
265.85,-0.01654047069905637
265.90000000000003,-0.02967671391685118
265.95,-0.0353400658572608
266.0,-0.03353172554064076
266.05,-0.025880468450387443
266.1,-0.026319840070614324
266.15000000000003,-0.04499581736544201
266.2,-0.06797710231191015
266.25,-0.07695253110814078
266.3,-0.06568013965668243
266.35,-0.035915189724998166
266.40000000000003,0.005370781472429476
266.45,0.04841806190130545
266.5,0.08133442718402067
266.55,0.09213178234065474
266.6,0.0782231437783421
266.65000000000003,0.0479848537014084
266.7,0.015055691535151464
266.75,-0.011315229644211758
266.8,-0.02320965248911576
266.85,-0.011736420242416466
266.90000000000003,0.012766795999308403
266.95,0.03251123301590947
267.0,0.039570569504483614
267.05,0.03234209528979581
267.1,0.01801237901667545
267.15000000000003,0.003830246357080159
267.2,-0.007219310433899528
267.25,-0.01878779790051314
267.3,-0.036893405062800165
267.35,-0.06190870100734437
267.40000000000003,-0.08147874326507405
267.45,-0.07252448652164473
267.5,-0.03731859938852291
267.55,0.004888563322961227
267.6,0.04891437358593653
267.65000000000003,0.0841947273816112
267.7,0.08861477786970662
267.75,0.05278380349714978
267.8,-0.0027820198035120214
267.85,-0.04477524208577362
267.90000000000003,-0.0634832661101803
267.95,-0.06080039264663557
268.0,-0.0356242238480282
268.05,-0.0009971411594138146
268.1,0.023183306805350187
268.15000000000003,0.02288848467981911
268.2,0.00039839957620745986
268.25,-0.027066215830102852
268.3,-0.04512151005077008
268.35,-0.04844161222625649
268.40000000000003,-0.03393379071589307
268.45,-0.0011116131945941247
268.5,0.0383907753093539
268.55,0.0694739557461096
268.6,0.08069845899343871
268.65000000000003,0.06915459883730295
268.7,0.042933389545829946
268.75,0.013596844405409009
268.8,-0.007503584997279932
268.85,-0.012113434590023012
268.90000000000003,-0.00015556245942050458
268.95,0.014415580524999388
269.0,0.0176337284849362
269.05,0.007888086764819684
269.1,-0.010760597087044787
269.15000000000003,-0.032320599491029105
269.2,-0.04924657462857693
269.25,-0.05194531255436526
269.3,-0.03802213711252621
269.35,-0.015978374949305207
269.40000000000003,0.0056225035647096255
269.45,0.018965824973878012
269.5,0.019791636150166967
269.55,0.014632122455413015
269.6,0.008779211246393645
269.65000000000003,-0.0002571124481170944
269.7,-0.012590665508655677
269.75,-0.024191877411564113
269.8,-0.027572206480418728
269.85,-0.02022695121947479
269.90000000000003,-0.006265469143735662
269.95,0.010697213620239425
270.0,0.024907452833362324
270.05,0.03288789921171217
270.1,0.032942392348520415
270.15000000000003,0.030434870285105407
270.2,0.03048621482139909
270.25,0.026340505421109415
270.3,0.018055582162847778
270.35,0.012823339159027454
270.40000000000003,0.014307194225645891
270.45,0.015393181575580235
270.5,0.006151101902259844
270.55,-0.012141489064401215
270.6,-0.030772284970583177
270.65000000000003,-0.04504316604971707
270.7,-0.05752227248349301
270.75,-0.057830587813129296
270.8,-0.03822726946613941
270.85,-0.012536979011913946
270.90000000000003,0.005676417889698286
270.95,0.008400278261085683
271.0,-0.0015368666885035632
271.05,-0.013827409121103657
271.1,-0.025508916008632063
271.15000000000003,-0.031652886217571015
271.2,-0.026659934346964984
271.25,-0.00883444719959321
271.3,0.02220452721185274
271.35,0.0550721432526508
271.40000000000003,0.07193850458788162
271.45,0.06616556932823321
271.5,0.04495974941085163
271.55,0.02362657682520055
271.6,0.01193852768317175
271.65000000000003,0.007288837454975047
271.7,0.0031395449871794373
271.75,-0.0045697249669896375
271.8,-0.011942290008450018
271.85,-0.01209496159155348
271.90000000000003,-0.0037180855872128208
271.95,0.007899224384017446
272.0,0.015713869941779604
272.05,0.01561787175549601
272.1,0.010303933738042493
272.15000000000003,0.003442739807309173
272.2,-0.013458707200388475
272.25,-0.042313194773730835
272.3,-0.06992643975231523
272.35,-0.08278730015824162
272.40000000000003,-0.06951025044893919
272.45,-0.030895084725696895
272.5,0.017268404567301745
272.55,0.057267587904320245
272.6,0.07425920804928791
272.65000000000003,0.06565984593663914
272.7,0.04413258483409422
272.75,0.023322183193145333
272.8,0.009460017179045599
272.85,0.0020110485406800837
272.90000000000003,-0.00370350037506202
272.95,-0.012355574724371174
273.0,-0.0211593342498682
273.05,-0.021430362104368304
273.1,-0.011132558124809485
273.15000000000003,-0.000233404096039583
273.2,0.005080294860233623
273.25,0.007385374628860654
273.3,0.002513159024850806
273.35,-0.012286558588925847
273.40000000000003,-0.032292258130974576
273.45,-0.050095014792330264
273.5,-0.06220393413042935
273.55,-0.07039796892634631
273.6,-0.06319330479173246
273.65000000000003,-0.03226732141602658
273.7,0.012486373219049607
273.75,0.055619491497204215
273.8,0.0826100169723913
273.85,0.0890050980321714
273.90000000000003,0.07380742744076185
273.95,0.04012934059735239
274.0,-0.0012926894192897675
274.05,-0.03807153691450345
274.1,-0.059715678888281505
274.15000000000003,-0.06257145898155962
274.2,-0.04751208726820038
274.25,-0.02275431194755549
274.3,0.0010989429665200297
274.35,0.017881470867018412
274.40000000000003,0.024762365504957085
274.45,0.022417559584707997
274.5,0.011254726623427077
274.55,-0.0017910281273503317
274.6,-0.005092025417971595
274.65000000000003,0.006653250378367666
274.7,0.026665954866109464
274.75,0.04155092037455277
274.8,0.04560400988280381
274.85,0.03982571578007112
274.90000000000003,0.026677417190252774
274.95,0.010212639060178247
275.0,-0.0031997275506642784
275.05,-0.009984645864444105
275.1,-0.014269169993272088
275.15000000000003,-0.019464113386539434
275.2,-0.02142109734985691
275.25,-0.016475436114690573
275.3,-0.006265483313354585
275.35,0.004198042389027554
275.40000000000003,0.012484929638877955
275.45,0.019412993229149644
275.5,0.019756735031572326
275.55,0.013774543396526617
275.6,0.008984191224352216
275.65000000000003,0.004561720846863315
275.7,-0.005689663382531026
275.75,-0.02522945525914711
275.8,-0.04380766527500317
275.85,-0.04631487852433032
275.90000000000003,-0.03669612882561678
275.95,-0.02999870500245039
276.0,-0.02862680752895126
276.05,-0.024098072117949513
276.1,-0.0143569079506257
276.15000000000003,-0.0032967483791245065
276.2,0.003265013786066287
276.25,-0.002115918266013402
276.3,-0.015776044660158275
276.35,-0.024710161650435655
276.40000000000003,-0.0244101306384149
276.45,-0.01616859954096083
276.5,-0.0015046434904320252
276.55,0.014436462537231146
276.6,0.027109835739596758
276.65000000000003,0.03354954031109074
276.7,0.0304801843957546
276.75,0.014820773655143959
276.8,-0.008191671274919845
276.85,-0.024110917876389134
276.90000000000003,-0.027129111290193596
276.95,-0.023816967734237957
277.0,-0.01757750219314387
277.05,-0.003023693170993516
277.1,0.020082155966201998
277.15000000000003,0.040227553953823623
277.2,0.04600452126962973
277.25,0.03986962145201927
277.3,0.0342900045229714
277.35,0.03391507609388612
277.40000000000003,0.03365372000801067
277.45,0.026433537083182124
277.5,0.016001062920146233
277.55,0.013803966311682427
277.6,0.015968434123923098
277.65000000000003,0.01243483194247029
277.7,-0.0008956844319840022
277.75,-0.019341401409119136
277.8,-0.027165759679339502
277.85,-0.018098187000527913
277.90000000000003,-0.0007152930610757899
277.95,0.009513051358539562
278.0,0.00878827072838033
278.05,0.0029019287633798296
278.1,-0.010694945576866104
278.15000000000003,-0.02729298115897023
278.2,-0.03792002920577687
278.25,-0.037051373620966596
278.3,-0.021531846274465322
278.35,0.006159207489291173
278.40000000000003,0.03667789945217594
278.45,0.057052534728920384
278.5,0.057464113208531606
278.55,0.03609758272028255
278.6,0.0047670282958039755
278.65000000000003,-0.026529266232379018
278.7,-0.05428181497949973
278.75,-0.07308114927178952
278.8,-0.07756614536123294
278.85,-0.06312149518064869
278.90000000000003,-0.03006245625612613
278.95,0.01007989195987158
279.0,0.04249909617771396
279.05,0.05962089940413544
279.1,0.05503939555490576
279.15000000000003,0.03123950570776405
279.2,0.0029169589168870835
279.25,-0.018433185779140805
279.3,-0.028205115532729152
279.35,-0.026000777701810727
279.40000000000003,-0.01590989963986023
279.45,-0.003587240357140803
279.5,0.010147269814173474
279.55,0.025919291965041568
279.6,0.04057967727269131
279.65000000000003,0.04872936896161324
279.7,0.04736413371475382
279.75,0.036715283676186386
279.8,0.015426328957671084
279.85,-0.013064908598820384
279.90000000000003,-0.03364402283949039
279.95,-0.031919455788034415
280.0,-0.008088252816427426
280.05,0.02521583292788974
280.1,0.05448048004126162
280.15000000000003,0.06763486850467014
280.2,0.05765413355723259
280.25,0.03348734170730776
280.3,0.009237090318756053
280.35,-0.009166174735818019
280.40000000000003,-0.024240961162161023
280.45,-0.03679236247693024
280.5,-0.04303921722785275
280.55,-0.042047644998693304
280.6,-0.03333827304216801
280.65000000000003,-0.026331267097985927
280.7,-0.03167148330563876
280.75,-0.04296755764734536
280.8,-0.04936787425472383
280.85,-0.04801620549132453
280.90000000000003,-0.04474351129439556
280.95,-0.043655636072999604
281.0,-0.040067099531813616
281.05,-0.026680048273334755
281.1,-0.0004716390396704462
281.15000000000003,0.03251834418869545
281.2,0.05771393603480054
281.25,0.06276692767680321
281.3,0.04967844074117951
281.35,0.029210833077482568
281.40000000000003,0.006781305160243536
281.45,-0.015533053901336321
281.5,-0.029100444973681125
281.55,-0.02662280065056604
281.6,-0.008428187688741717
281.65000000000003,0.016420360795782258
281.7,0.030036308026291616
281.75,0.02605524847500721
281.8,0.012553314543241354
281.85,-0.003345853435156252
281.90000000000003,-0.016469720664359127
281.95,-0.023586790234151903
282.0,-0.023895961400316135
282.05,-0.016431031844773552
282.1,-0.0033069014797766244
282.15000000000003,0.007788701740683634
282.2,0.012208787008271898
282.25,0.013186771680680722
282.3,0.01599571571675191
282.35,0.017912560066395824
282.40000000000003,0.014021562816778925
282.45,0.007485648344323397
282.5,0.0033670406975854386
282.55,-0.00033245171359639735
282.6,-0.007919528026765595
282.65000000000003,-0.013647629766441523
282.7,-0.01103583672046455
282.75,0.0001282275631814025
282.8,0.012981992789376135
282.85,0.01967899470742082
282.90000000000003,0.019878297132353225
282.95,0.012290622351360901
283.0,-0.00411414878347101
283.05,-0.025263693278648046
283.1,-0.042366481525443325
283.15000000000003,-0.049481581298729344
283.2,-0.044504042174999585
283.25,-0.03176616195109811
283.3,-0.01979018065036321
283.35,-0.013129099471047442
283.40000000000003,-0.015518856207595825
283.45,-0.022586483265797357
283.5,-0.026021943975147434
283.55,-0.019278093479155094
283.6,-0.0034083390325456916
283.65000000000003,0.010115725594619453
283.7,0.014253299851152635
283.75,0.010354513508383763
283.8,0.003185102531539355
283.85,0.0011378011651617865
283.90000000000003,0.01250248510345119
283.95,0.03281864829572804
284.0,0.04948662684097992
284.05,0.052866714937734115
284.1,0.04166000329355439
284.15000000000003,0.025223442714586555
284.2,0.010804250216119592
284.25,0.001663580796515007
284.3,-0.0014019048225291453
284.35,0.0017760158868017825
284.40000000000003,0.011904505036528783
284.45,0.02194498089521231
284.5,0.025276936720394345
284.55,0.019472364486182985
284.6,0.005797728447885323
284.65000000000003,-0.00973875133436476
284.7,-0.025973545112104642
284.75,-0.04024328085414834
284.8,-0.043329113972876886
284.85,-0.03509634904041414
284.90000000000003,-0.024980497779732113
284.95,-0.01739329800348269
285.0,-0.009048457955427866
285.05,0.005119238836983878
285.1,0.023215393535019193
285.15000000000003,0.03692693209268009
285.2,0.044205195647049736
285.25,0.045796119982347706
285.3,0.04090406395702852
285.35,0.0290329542209143
285.40000000000003,0.01054173495512268
285.45,-0.007617444007454925
285.5,-0.02205579989991802
285.55,-0.032327927669299886
285.6,-0.03459247895661492
285.65000000000003,-0.029169519953541372
285.7,-0.014516282873243138
285.75,0.007552695249504549
285.8,0.027778538049506973
285.85,0.03919634688816535
285.90000000000003,0.03608765181202472
285.95,0.01839477484469349
286.0,-0.005337768284254435
286.05,-0.02320025326712839
286.1,-0.02841243399654727
286.15000000000003,-0.025329186073002413
286.2,-0.019237562397827923
286.25,-0.010983127744631036
286.3,0.0011924884308541865
286.35,0.013553934709496424
286.40000000000003,0.018138026319493336
286.45,0.014581904144651386
286.5,0.004302825177148032
286.55,-0.009075150282210499
286.6,-0.02311513123578287
286.65000000000003,-0.0384183269425991
286.7,-0.049872005230891366
286.75,-0.05124084672893611
286.8,-0.043043474458098197
286.85,-0.028776836369429945
286.90000000000003,-0.009803648787210933
286.95,0.01242089291333346
287.0,0.035490785799921404
287.05,0.05305941596922485
287.1,0.060605086623063034
287.15000000000003,0.05591257482794221
287.2,0.036517033849160246
287.25,0.007274703483666964
287.3,-0.021033451923956194
287.35,-0.03896114476661699
287.40000000000003,-0.04044816405508873
287.45,-0.024897048921914414
287.5,-0.0009503502160292815
287.55,0.02369306798450946
287.6,0.04569780631433411
287.65000000000003,0.057723333476591386
287.7,0.05514608084247736
287.75,0.04417468855858615
287.8,0.030136873874586797
287.85,0.012626665583704353
287.90000000000003,-0.004653328602107649
287.95,-0.014519736871721279
288.0,-0.013562020804427697
288.05,-0.007197238203029291
288.1,-0.0058844962547973485
288.15000000000003,-0.009566199870340112
288.2,-0.011603613123800352
288.25,-0.011177676291852331
288.3,-0.009843484109328112
288.35,-0.010955574696826214
288.40000000000003,-0.014295184384174767
288.45,-0.020343739174202177
288.5,-0.02406797313442568
288.55,-0.012910797555806947
288.6,0.0039545649774148
288.65000000000003,0.007399848369816268
288.7,-0.00635667561819128
288.75,-0.025563986900224232
288.8,-0.0353398945508176
288.85,-0.03389497969941036
288.90000000000003,-0.027386677122582942
288.95,-0.022406676717074032
289.0,-0.02276377139336435
289.05,-0.025708052384510738
289.1,-0.027268524085903252
289.15000000000003,-0.02274281515149746
289.2,-0.009752998501832436
289.25,0.00661102131966683
289.3,0.021377521484102147
289.35,0.031981642228646856
289.40000000000003,0.03499064976004953
289.45,0.03219816799342016
289.5,0.030158557966475735
289.55,0.027865773903249298
289.6,0.022356462741824346
289.65000000000003,0.013011934100963666
289.7,0.002143256772959908
289.75,-0.005881027197118104
289.8,-0.009252762550777614
289.85,-0.006389152322944665
289.90000000000003,-0.0029183048196822032
289.95,-0.0029192772564278543
290.0,-0.005459457581464602
290.05,-0.0066769798797296906
290.1,-0.0035687386833099855
290.15000000000003,0.0038919165270455036
290.2,0.015975461651922016
290.25,0.024714387017465252
290.3,0.03147364145590553
290.35,0.03751840419114242
290.40000000000003,0.03879394216803706
290.45,0.03458122631718004
290.5,0.02061189411325767
290.55,-8.907839893784916e-05
290.6,-0.02287493596237108
290.65000000000003,-0.03816010716040692
290.7,-0.03730116567602757
290.75,-0.024482434376122856
290.8,-0.00950684884881519
290.85,0.001879933009187519
290.90000000000003,0.00885531930084801
290.95,0.009160966300109503
291.0,-0.0011559155786774191
291.05,-0.02253840359672
291.1,-0.04242810956440009
291.15000000000003,-0.048624432972577444
291.2,-0.03687469512769457
291.25,-0.008209624639996421
291.3,0.027355335774996575
291.35,0.05611390353253138
291.40000000000003,0.06739030042246781
291.45,0.059814071707606845
291.5,0.04065227571175463
291.55,0.019352404386950975
291.6,0.00216914450953422
291.65000000000003,-0.011478143527437583
291.7,-0.025673876322858426
291.75,-0.03808087957318466
291.8,-0.04168469049211456
291.85,-0.036335091938099584
291.90000000000003,-0.026645300089508772
291.95,-0.01734867197999223
292.0,-0.007693108432095191
292.05,0.00794515376542345
292.1,0.027645276106970474
292.15000000000003,0.046262256951755565
292.2,0.056164919328714834
292.25,0.056743042888023565
292.3,0.04989377277737876
292.35,0.03154342789950162
292.40000000000003,0.009008276682684297
292.45,-0.018248728161389966
292.5,-0.052198504728777614
292.55,-0.08500131319506232
292.6,-0.10803115649590148
292.65000000000003,-0.10813428377517104
292.7,-0.08725816561834901
292.75,-0.0571835878616248
292.8,-0.02875228486035825
292.85,-0.006374656283222902
292.90000000000003,0.007884768332677749
292.95,0.013984173147596717
293.0,0.017058423374364383
293.05,0.014987206222090007
293.1,0.01534825413129791
293.15000000000003,0.022361779148749403
293.2,0.032371010052403296
293.25,0.04613329169977828
293.3,0.05664749657881569
293.35,0.05948293107478681
293.40000000000003,0.05426156575621876
293.45,0.03975489161468656
293.5,0.021460548854916533
293.55,0.0016722420637643657
293.6,-0.01843915838206546
293.65000000000003,-0.029420022927555963
293.7,-0.02896637642903058
293.75,-0.02100624151385984
293.8,-0.009784561794995074
293.85,-0.0010715847671910685
293.90000000000003,0.009254098090438697
293.95,0.021231733018075346
294.0,0.027453479058188096
294.05,0.029307938398272646
294.1,0.022934306994474855
294.15000000000003,0.0065901914969328
294.2,-0.010567188995598937
294.25,-0.021933496713784594
294.3,-0.027411165207964373
294.35,-0.029153111851175507
294.40000000000003,-0.02811205395740766
294.45,-0.0242866407717764
294.5,-0.02086779152283432
294.55,-0.022448941281796784
294.6,-0.027258731570711844
294.65000000000003,-0.02953246991627393
294.7,-0.025285466562905583
294.75,-0.017535384595812144
294.8,-0.011597842297882046
294.85,-0.008354807587913753
294.90000000000003,-0.006868411911934184
294.95,-0.004106379289966784
295.0,0.0030510935614516924
295.05,0.011128077296908885
295.1,0.01712363858224373
295.15000000000003,0.01745158224021367
295.2,0.011492258827016953
295.25,0.00540981378195051
295.3,-0.0031552234410231377
295.35,-0.012988546222915131
295.40000000000003,-0.016307084104743987
295.45,-0.011399260987005475
295.5,0.0006590442448555943
295.55,0.01571041837150204
295.6,0.028826583076696406
295.65000000000003,0.03492410282794271
295.7,0.030725216092252965
295.75,0.019449729683702618
295.8,0.004950386698949627
295.85,-0.008025203097390748
295.90000000000003,-0.015952944957484134
295.95,-0.016225106585614896
296.0,-0.0067091266797632545
296.05,0.00794252647358915
296.1,0.024275785117545877
296.15000000000003,0.038778328999462826
296.2,0.047626926748990425
296.25,0.048483674070759604
296.3,0.04134645049865302
296.35,0.030951466240380938
296.40000000000003,0.01832895113448455
296.45,-0.00012187729976077264
296.5,-0.022611341974655644
296.55,-0.03706223702198921
296.6,-0.03455834313647805
296.65000000000003,-0.020087586645520742
296.7,-0.002964427692384232
296.75,0.0147066158207469
296.8,0.028953503730803003
296.85,0.03138929580465793
296.90000000000003,0.018047431358855042
296.95,-0.007484351716891774
297.0,-0.03382415657378931
297.05,-0.052311218088518414
297.1,-0.06037296981896205
297.15000000000003,-0.05938519407514889
297.2,-0.05048280204630781
297.25,-0.03616199499736993
297.3,-0.022981299992477743
297.35,-0.014463224378706278
297.40000000000003,-0.01112020853594942
297.45,-0.008224720308720875
297.5,-0.0004971213957420812
297.55,0.010708127556274942
297.6,0.02347296445206156
297.65000000000003,0.03341532961831041
297.7,0.035885451593181815
297.75,0.03448804723452828
297.8,0.033737378443103164
297.85,0.035537149647054185
297.90000000000003,0.03933336260594661
297.95,0.04275164860366554
298.0,0.04186686354955369
298.05,0.03323362778724324
298.1,0.01882459837130686
298.15000000000003,0.0015808429979148188
298.2,-0.014639954801198165
298.25,-0.026104072674400756
298.3,-0.029341439818620942
298.35,-0.02243918299151329
298.40000000000003,-0.009471134564011571
298.45,0.0030372512167218513
298.5,0.010354210124884607
298.55,0.011825368875687315
298.6,0.008692435802499154
298.65000000000003,0.00580176226594984
298.7,0.008737419749185725
298.75,0.014057488577818725
298.8,0.01383290073096138
298.85,0.0038056924282286434
298.90000000000003,-0.012793660244723032
298.95,-0.025890740541921805
299.0,-0.027177453401185457
299.05,-0.015133823072572801
299.1,0.006279439387622268
299.15000000000003,0.02786437436909772
299.2,0.040111569674125366
299.25,0.03812275931597548
299.3,0.02338584245428435
299.35,0.004265306240223771
299.40000000000003,-0.014532962538533286
299.45,-0.03200654750565379
299.5,-0.045313291363377126
299.55,-0.05193679772333692
299.6,-0.047114164723867154
299.65000000000003,-0.031875306150633845
299.7,-0.01282826991274303
299.75,0.006682959583440469
299.8,0.024932680186846985
299.85,0.0403162195628764
299.90000000000003,0.0477232910766548
299.95,0.04343169800459546
300.0,0.030399207134335703
300.05,0.014464326067997585
300.1,-0.00023456626069294086
300.15000000000003,-0.014273768884213098
300.2,-0.02613907474011007
300.25,-0.03396411684837416
300.3,-0.04003916187746793
300.35,-0.04306337195154676
300.40000000000003,-0.03835530058283395
300.45,-0.025908777841070162
300.5,-0.014162492291887771
300.55,-0.009776460992492087
300.6,-0.013012202637760012
300.65000000000003,-0.019217978710403615
300.7,-0.01851869157816488
300.75,-0.006616304238317479
300.8,0.010469138136674123
300.85,0.023978541920173953
300.90000000000003,0.03262448876656568
300.95,0.040820817791079926
301.0,0.049538817227299234
301.05,0.0545648239643399
301.1,0.05286778785807663
301.15000000000003,0.044680220742933346
301.2,0.030568091581238476
301.25,0.013976919103748242
301.3,-0.0002592431619254157
301.35,-0.011506976892520403
301.40000000000003,-0.024173608627132824
301.45,-0.04128094847654773
301.5,-0.05978710459280871
301.55,-0.07291180902100779
301.6,-0.073300158343059
301.65000000000003,-0.05848233155424186
301.7,-0.03352395647009709
301.75,-0.00690631326010239
301.8,0.015435876905970276
301.85,0.031263528495279976
301.90000000000003,0.0381542392480741
301.95,0.03359690964909681
302.0,0.021406044655282952
302.05,0.008325822158942679
302.1,-0.002253516493382283
302.15000000000003,-0.010407913709981382
302.2,-0.01841837501885437
302.25,-0.026885355967796985
302.3,-0.0365453222781312
302.35,-0.04230429318463777
302.40000000000003,-0.037459978443384244
302.45,-0.02210950487932714
302.5,-0.00240996181926677
302.55,0.011389971529229541
302.6,0.014827971426575234
302.65000000000003,0.007755004956830817
302.7,-0.005251186226832887
302.75,-0.014368613462560388
302.8,-0.011179770653949922
302.85,0.004574635802854552
302.90000000000003,0.023015796341086713
302.95,0.03437255171612612
303.0,0.038067519592586245
303.05,0.040085272576553116
303.1,0.0421739341245162
303.15000000000003,0.042048298345374414
303.2,0.03839743937142295
303.25,0.032596764812208176
303.3,0.025967514337507786
303.35,0.014085757914446622
303.40000000000003,-0.005301058758674658
303.45,-0.02883397517883116
303.5,-0.049610388382104825
303.55,-0.061710419111519275
303.6,-0.06699560893622217
303.65000000000003,-0.06603687010343605
303.7,-0.05710047635522959
303.75,-0.04019741360186379
303.8,-0.01673862951222434
303.85,0.008540664430617552
303.90000000000003,0.02814385933133633
303.95,0.036359933186752756
304.0,0.03495039542155964
304.05,0.02762264423094124
304.1,0.016482143845666614
304.15000000000003,0.003438771148958818
304.2,-0.007540258871420307
304.25,-0.013524973215262217
304.3,-0.01647142809833852
304.35,-0.01833095273151534
304.40000000000003,-0.017466901167468143
304.45,-0.011314050163847907
304.5,0.0007820089751092158
304.55,0.016635964905346416
304.6,0.029328697208841164
304.65000000000003,0.03685412790031232
304.7,0.043236427862143004
304.75,0.04716254850424483
304.8,0.044948457399388436
304.85,0.03556296244747219
304.90000000000003,0.021112594971522746
304.95,0.005009451721197535
305.0,-0.009143961750696856
305.05,-0.019283677963195002
305.1,-0.024483543514066685
305.15000000000003,-0.023712475299923746
305.2,-0.01851679565743793
305.25,-0.009631766050430136
305.3,-0.0012178617878049775
305.35,-0.00022155931054697678
305.40000000000003,-0.006365477829865952
305.45,-0.013702562902737437
305.5,-0.019559293276609102
305.55,-0.024356012229713602
305.6,-0.025568446017092114
305.65000000000003,-0.02061052944804199
305.7,-0.008005683416527708
305.75,0.008524705191664603
305.8,0.025091356808214862
305.85,0.040653936631115245
305.90000000000003,0.04928683133366361
305.95,0.04934982268513406
306.0,0.04436387589289565
306.05,0.03636866751154997
306.1,0.024956524886804388
306.15000000000003,0.010229040120427857
306.2,-0.003099016983185895
306.25,-0.01257310650888833
306.3,-0.017920048426113964
306.35,-0.016606439624390915
306.40000000000003,-0.00778418018509252
306.45,0.0037798802751833464
306.5,0.010726258589632096
306.55,0.010173693092456438
306.6,0.0034685627628790526
306.65000000000003,-0.006238603715699891
306.7,-0.015163494056961503
306.75,-0.02163220526138265
306.8,-0.02505148678319495
306.85,-0.02462479380677095
306.90000000000003,-0.022978118170992944
306.95,-0.0218319317075393
307.0,-0.02095085828587255
307.05,-0.02142192540841747
307.1,-0.02021776050928939
307.15000000000003,-0.015499472826506341
307.20000000000005,-0.00852498417785149
307.25,-0.0027481587680661056
307.3,-0.002167829153151169
307.35,-0.0019534583380741233
307.40000000000003,0.0029384188833656275
307.45000000000005,0.009235606425888143
307.5,0.01400278609330766
307.55,0.018019576990056036
307.6,0.022785927580604465
307.65000000000003,0.028324805644821056
307.70000000000005,0.03142409869900368
307.75,0.02886534893599581
307.8,0.023783088955646063
307.85,0.02159306029480448
307.90000000000003,0.020217391201136657
307.95000000000005,0.01495980663196568
308.0,0.004850252136411331
308.05,-0.005298985376641383
308.1,-0.0053726173532958705
308.15000000000003,0.00758765132479953
308.20000000000005,0.02549553021832867
308.25,0.0367101888286462
308.3,0.035425150887207296
308.35,0.024697774505982255
308.40000000000003,0.008543848946260927
308.45000000000005,-0.010558524431586882
308.5,-0.030311033826369557
308.55,-0.04864118784477079
308.6,-0.06163034473664806
308.65000000000003,-0.0659171521753088
308.70000000000005,-0.06039132583439234
308.75,-0.04491152889045059
308.8,-0.023787537575767348
308.85,-0.0032326810979029998
308.90000000000003,0.014827029448127171
308.95000000000005,0.028903894806828947
309.0,0.03481487284114095
309.05,0.03019721075162861
309.1,0.021447219255941532
309.15000000000003,0.016387619229518525
309.20000000000005,0.014840187324482418
309.25,0.015437096418785698
309.3,0.01632582309278636
309.35,0.014039759424286152
309.40000000000003,0.005751764430920639
309.45000000000005,-0.008904357910651285
309.5,-0.02234840647060613
309.55,-0.026542083998787776
309.6,-0.024926515329441717
309.65000000000003,-0.024156608170581424
309.70000000000005,-0.026180323955805135
309.75,-0.028222009161036194
309.8,-0.02838304510965207
309.85,-0.026163234866086814
309.90000000000003,-0.01898034306952808
309.95000000000005,-0.009365836581042356
310.0,-0.0002996142407780905
310.05,0.005747117350656467
310.1,0.00914781707091725
310.15000000000003,0.01227777752792685
310.20000000000005,0.013557382676238872
310.25,0.012821163625233249
310.3,0.00962054669014335
310.35,0.005331324653238292
310.40000000000003,0.000626083271803096
310.45000000000005,-0.0028336833158941455
310.5,0.0016890957052522252
310.55,0.015452873417599395
310.6,0.032154854516478336
310.65000000000003,0.04526157527686173
310.70000000000005,0.05006660856239013
310.75,0.04252358247815333
310.8,0.023426630125271828
310.85,-0.0005159531458492923
310.90000000000003,-0.0214978277207589
310.95000000000005,-0.037769189846448364
311.0,-0.0503067760546746
311.05,-0.054445742275538556
311.1,-0.048110069919958205
311.15000000000003,-0.03411607119903557
311.20000000000005,-0.015625225847826697
311.25,0.002759260777544698
311.3,0.01665774914440922
311.35,0.023321732274679055
311.40000000000003,0.020399321033354092
311.45000000000005,0.009213479560053027
311.5,-0.0052038765965598125
311.55,-0.016523282362202695
311.6,-0.019859322363102408
311.65000000000003,-0.018812868399093234
311.70000000000005,-0.017950855608248335
311.75,-0.014887751944231531
311.8,-0.007250774030112084
311.85,0.0012987470073181203
311.90000000000003,0.007705965429877727
311.95000000000005,0.012980690686396085
312.0,0.020720921235364162
312.05,0.031828143827692425
312.1,0.037391139696218635
312.15000000000003,0.03169726096129089
312.20000000000005,0.016061837939265092
312.25,-0.004848503785015185
312.3,-0.023241210566204738
312.35,-0.034285970446357936
312.40000000000003,-0.03816832506369863
312.45000000000005,-0.03555684754251592
312.5,-0.026105155465399772
312.55,-0.012491026288840348
312.6,0.0025026964562548785
312.65000000000003,0.01403056551509247
312.70000000000005,0.018685178188090002
312.75,0.01573673755317322
312.8,0.0069781970933671545
312.85,-0.00038619348774788386
312.90000000000003,-0.002637756253169311
312.95000000000005,0.0018662675914828488
313.0,0.010766934105185533
313.05,0.017327240891784577
313.1,0.018148584777489433
313.15000000000003,0.013924283261344025
313.20000000000005,0.009378576652634574
313.25,0.005799013525244425
313.3,-0.0008502841607764131
313.35,-0.010267672846612931
313.40000000000003,-0.020105892244472238
313.45000000000005,-0.02627849557347858
313.5,-0.025306590927892406
313.55,-0.017580662644105554
313.6,-0.0026916457525576988
313.65000000000003,0.01361803462644013
313.70000000000005,0.024652456979505695
313.75,0.03078816160518411
313.8,0.0328438983376866
313.85,0.029893291254882687
313.90000000000003,0.024059090224687416
313.95000000000005,0.016130398357176563
314.0,0.006421629943001021
314.05,-0.0008125274607341757
314.1,-0.003072955952394885
314.15000000000003,-0.0005211471165452143
314.20000000000005,0.0038585672934430496
314.25,0.009296782891312097
314.3,0.015288744326150796
314.35,0.015270103913496315
314.40000000000003,0.004609946770346928
314.45000000000005,-0.012292913747382436
314.5,-0.026790562436424553
314.55,-0.03343368762073393
314.6,-0.03251692353302365
314.65000000000003,-0.027062034370255235
314.70000000000005,-0.020100062381480995
314.75,-0.014275418793971453
314.8,-0.009737318990053907
314.85,-0.006118811838095471
314.90000000000003,-0.0024723536974859163
314.95000000000005,0.0024320230628388146
315.0,0.009247719809301577
315.05,0.018603452212007866
315.1,0.026450763679972265
315.15000000000003,0.028639630911159987
315.20000000000005,0.025314960300561656
315.25,0.017571447297247543
315.3,0.008734618899128108
315.35,0.0030662407919679717
315.40000000000003,0.002762708937143376
315.45000000000005,0.004744742807482385
315.5,0.0047600432193328065
315.55,0.0037567510973818673
315.6,0.0028264665821099793
315.65000000000003,0.0010245568359961703
315.70000000000005,-0.001276751116937965
315.75,-0.003636200304726506
315.8,-0.0061728833803383195
315.85,-0.009660255650246927
315.90000000000003,-0.01472177362685126
315.95000000000005,-0.017832739143973413
316.0,-0.014908061407257176
316.05,-0.008231405961566051
316.1,-0.004485852752217912
316.15000000000003,-0.005230134930082035
316.20000000000005,-0.008026785492684199
316.25,-0.011150747650387158
316.3,-0.013573496604542209
316.35,-0.017858940055820772
316.40000000000003,-0.023356679401306077
316.45000000000005,-0.02436530062701729
316.5,-0.019101073101230416
316.55,-0.010041356826903014
316.6,-0.0023030338103059585
316.65000000000003,0.0012288117757976282
316.70000000000005,0.0014931952581970348
316.75,0.0008895269543005529
316.8,0.0008995193504697576
316.85,0.0018215002352123648
316.90000000000003,0.0058054181811646585
316.95000000000005,0.01173944191362198
317.0,0.017310506173445987
317.05,0.02031213571798094
317.1,0.020537769278361793
317.15000000000003,0.021663714564404878
317.20000000000005,0.024073848770087593
317.25,0.027134515582539997
317.3,0.029212983139781674
317.35,0.02851763039063589
317.40000000000003,0.026004632654123016
317.45000000000005,0.02150626532494254
317.5,0.016879135829042033
317.55,0.016152910894541052
317.6,0.01977013178437711
317.65000000000003,0.024976918510968556
317.70000000000005,0.02845124920995968
317.75,0.028227979993121863
317.8,0.019953917799792685
317.85,0.0025360758941277615
317.90000000000003,-0.01826509652014785
317.95000000000005,-0.03736992034956657
318.0,-0.0508486959350439
318.05,-0.058040605939829605
318.1,-0.05698027964490191
318.15000000000003,-0.047252666868508375
318.20000000000005,-0.0364981622827036
318.25,-0.029902992721637565
318.3,-0.02645917205810065
318.35,-0.024629355602070677
318.40000000000003,-0.02434214591458529
318.45000000000005,-0.02648621471085234
318.5,-0.028572033954531603
318.55,-0.025441642123550205
318.6,-0.0173915887722332
318.65000000000003,-0.007291978222813436
318.70000000000005,-0.0011798683537171748
318.75,-0.0002699386148834974
318.8,0.0015998326306931184
318.85,0.006065273309563125
318.90000000000003,0.013616107183670905
318.95000000000005,0.02278601836922239
319.0,0.02957675773304415
319.05,0.03224980715855418
319.1,0.03125584837160681
319.15000000000003,0.02743401236411123
319.20000000000005,0.024251606875518802
319.25,0.024727522976865708
319.3,0.026701085794164754
319.35,0.02682983613576471
319.40000000000003,0.022307330974334346
319.45000000000005,0.01293399949664826
319.5,0.002206909574316184
319.55,-0.004886372653247933
319.6,-0.005320890543609335
319.65000000000003,-0.0011407596644730233
319.70000000000005,0.005294500875502673
319.75,0.010798033233096027
319.8,0.01163817303205855
319.85,0.006391018948702602
319.90000000000003,-0.002941871270557393
319.95000000000005,-0.011356734571550705
320.0,-0.01637688161910439
320.05,-0.014999424000567481
320.1,-0.007849936205632086
320.15000000000003,7.507804060763725e-05
320.20000000000005,0.005526269213808253
320.25,0.00863921223404395
320.3,0.012682543565107163
320.35,0.017014733408084824
320.40000000000003,0.018387482891854712
320.45000000000005,0.016002416601005855
320.5,0.01148719567545534
320.55,0.00811021440864233
320.6,0.006201429574270478
320.65000000000003,0.00040727291962407386
320.70000000000005,-0.010470088233660104
320.75,-0.023743934315968083
320.8,-0.038926967814618525
320.85,-0.05253901671377385
320.90000000000003,-0.05950192654366387
320.95000000000005,-0.056373820976544406
321.0,-0.045485171226951074
321.05,-0.031210296598220527
321.1,-0.013291869228744643
321.15000000000003,0.006931902826011009
321.20000000000005,0.02752700030354202
321.25,0.04440349326877309
321.3,0.05143481093858012
321.35,0.04887321555454514
321.40000000000003,0.038910813736289546
321.45000000000005,0.02472192351679053
321.5,0.011011091816247006
321.55,-0.0007861008755401317
321.6,-0.010556735694529532
321.65000000000003,-0.019440741351119974
321.70000000000005,-0.025341211674428186
321.75,-0.023998126053430612
321.8,-0.01960883197320425
321.85,-0.014402668813001248
321.90000000000003,-0.00819126038683162
321.95000000000005,-0.0016483091661819928
322.0,0.006796805519586833
322.05,0.01350627888355149
322.1,0.017778446434909133
322.15000000000003,0.02004375184735197
322.20000000000005,0.020067272147500644
322.25,0.019878104261192384
322.3,0.018481250590393
322.35,0.015936415028460747
322.40000000000003,0.01087468928686551
322.45000000000005,0.0014894398992469481
322.5,-0.008243643350892336
322.55,-0.014807386882971221
322.6,-0.017935312728495547
322.65000000000003,-0.01759120938753244
322.70000000000005,-0.0163276240940444
322.75,-0.01559827315905569
322.8,-0.014445848192645836
322.85,-0.010566851148772337
322.90000000000003,-0.003628321729829643
322.95000000000005,0.002587327030399574
323.0,0.006884165883422643
323.05,0.007231905549084684
323.1,0.0038455487375262157
323.15000000000003,0.001481200861539446
323.20000000000005,0.0022962429309479593
323.25,0.0038876747386008535
323.3,0.0029916342690026066
323.35,-0.0010467959211095106
323.40000000000003,-0.007342687358737635
323.45000000000005,-0.013124379057801762
323.5,-0.017631956522008534
323.55,-0.01935749009769997
323.6,-0.015106614266348626
323.65000000000003,-0.005764808163450194
323.70000000000005,0.005963026158645777
323.75,0.015507955628012356
323.8,0.01829723544482262
323.85,0.01568747665017529
323.90000000000003,0.011465135572327433
323.95000000000005,0.004764276654699248
324.0,-0.0031809200312774445
324.05,-0.007730131476846723
324.1,-0.007120834037463668
324.15000000000003,-0.0025335521391954964
324.20000000000005,0.0021944788575421754
324.25,0.005492990119148193
324.3,0.008206654888641392
324.35,0.009989439487936735
324.40000000000003,0.009260667739291273
324.45000000000005,0.007372077369880427
324.5,0.007093188454554703
324.55,0.00791316884118248
324.6,0.010652018063705542
324.65000000000003,0.01547712798547856
324.70000000000005,0.0208989614195696
324.75,0.0237370607956508
324.8,0.019305641599779107
324.85,0.00822034790596047
324.90000000000003,-0.004803481839076565
324.95000000000005,-0.016278109567615433
325.0,-0.026287117569279102
325.05,-0.03421338992296731
325.1,-0.0356979114904302
325.15000000000003,-0.02756438449978167
325.20000000000005,-0.01464170267010967
325.25,-0.006427594021395391
325.3,-0.008328944584084667
325.35,-0.01976228925516992
325.40000000000003,-0.03349514476386685
325.45000000000005,-0.04253668751826706
325.5,-0.045410903755046535
325.55,-0.042146620235906505
325.6,-0.03305602694750133
325.65000000000003,-0.021136968576570388
325.70000000000005,-0.010712198080941492
325.75,-0.0037686971346644134
325.8,0.001659289546794157
325.85,0.009177769827186101
325.90000000000003,0.01957445150546298
325.95000000000005,0.03232557442390623
326.0,0.045461314068573046
326.05,0.05649679507680824
326.1,0.06383035121223485
326.15000000000003,0.06515314631606439
326.20000000000005,0.06071461649567384
326.25,0.0518332987185793
326.3,0.039760351482776284
326.35,0.026112110649914567
326.40000000000003,0.013339671307820022
326.45000000000005,0.005459173513406315
326.5,0.0019205150261390853
326.55,-0.0019442901404896464
326.6,-0.008354406220399131
326.65000000000003,-0.015982339468223136
326.70000000000005,-0.02282190241982704
326.75,-0.026949786405491727
326.8,-0.027651126012553588
326.85,-0.026610244211036308
326.90000000000003,-0.024560328082567216
326.95000000000005,-0.02157430504471805
327.0,-0.017017042516954725
327.05,-0.011960658497332686
327.1,-0.00964750510680033
327.15000000000003,-0.011850149981344689
327.20000000000005,-0.01865998556713251
327.25,-0.025576441299221403
327.3,-0.02761259198459798
327.35,-0.02533615493093416
327.40000000000003,-0.021271962301773088
327.45000000000005,-0.015706309312893182
327.5,-0.007867420761707539
327.55,0.0026222382711488996
327.6,0.015151034870632572
327.65000000000003,0.027085021842668495
327.70000000000005,0.03328735817978207
327.75,0.029881897766467835
327.8,0.021670775439988146
327.85,0.014796733363228173
327.90000000000003,0.009761730294214897
327.95000000000005,0.005859377411683862
328.0,0.002806580832222403
328.05,-0.0009817886436023005
328.1,-0.008214694675893888
328.15000000000003,-0.016168981650862443
328.20000000000005,-0.020113480819315497
328.25,-0.018045435889412223
328.3,-0.011291013250571061
328.35,-0.0028256608382688448
328.40000000000003,0.007557660586611232
328.45000000000005,0.01757668832895818
328.5,0.023893276225741906
328.55,0.02622192331428281
328.6,0.02562853369751246
328.65000000000003,0.02605402422933382
328.70000000000005,0.02876317051064331
328.75,0.030746859964389396
328.8,0.03103992101120183
328.85,0.028265219018771385
328.90000000000003,0.022162798370143295
328.95000000000005,0.013954451470952993
329.0,0.003487792706238067
329.05,-0.007117011376607919
329.1,-0.01606773155635185
329.15000000000003,-0.021153390664224957
329.20000000000005,-0.021479233822699364
329.25,-0.02096200837442436
329.3,-0.02271801706323659
329.35,-0.02673692866976764
329.40000000000003,-0.03079994526612903
329.45000000000005,-0.031506535225371564
329.5,-0.027921273333218855
329.55,-0.02179847148849767
329.6,-0.013113117381465943
329.65000000000003,-0.0025046032556365087
329.70000000000005,0.009512357297486191
329.75,0.022595675035411055
329.8,0.03389453579523617
329.85,0.041432805910535754
329.90000000000003,0.04405243576796267
329.95000000000005,0.040178108763856774
330.0,0.029330983847671112
330.05,0.013465634293851695
330.1,-0.003962171028901336
330.15000000000003,-0.020024154847763997
330.20000000000005,-0.032377774522791246
330.25,-0.04044536721614116
330.3,-0.044083169804675415
330.35,-0.042388907764919895
330.40000000000003,-0.03626832513046862
330.45000000000005,-0.026376264585413638
330.5,-0.014704051697667447
330.55,-0.00257661156866367
330.6,0.008139602309168457
330.65000000000003,0.014877644021631145
330.70000000000005,0.017933823013510004
330.75,0.015657646566902772
330.8,0.009411431865148603
330.85,0.001907922919250376
330.90000000000003,-0.005935642595892893
330.95000000000005,-0.012505960063754224
331.0,-0.015494883548654496
331.05,-0.0117590541787294
331.1,-0.002699233996338138
331.15000000000003,0.008120887749071387
331.20000000000005,0.016939450753929292
331.25,0.02054683742439785
331.3,0.018683881154455437
331.35,0.012644720982766972
331.40000000000003,0.0064269649025631885
331.45000000000005,0.00276067589233208
331.5,0.0015284248079970506
331.55,0.0028479600702412543
331.6,0.006425835697533209
331.65000000000003,0.010177177170368517
331.70000000000005,0.010424234101135264
331.75,0.005909439986427335
331.8,0.00011875657203728848
331.85,-0.004340710846585805
331.90000000000003,-0.00907678942091313
331.95000000000005,-0.015450332802007015
332.0,-0.02030126421115168
332.05,-0.0190554142877889
332.1,-0.011645857897878318
332.15000000000003,-0.0025525480467635596
332.20000000000005,0.006054076760931287
332.25,0.014943340790020408
332.3,0.022841326991240727
332.35,0.025769209987168626
332.40000000000003,0.021118508007433607
332.45000000000005,0.011612721532196094
332.5,0.0018002089328407248
332.55,-0.005529089533413405
332.6,-0.010105651228215795
332.65000000000003,-0.012541554882712589
332.70000000000005,-0.011947089450325233
332.75,-0.00931604206800828
332.8,-0.007043804785348916
332.85,-0.0056403220270980076
332.90000000000003,-0.006119097229968625
332.95000000000005,-0.008970324855268419
333.0,-0.011784975714518212
333.05,-0.01239488077958525
333.1,-0.010459494799577184
333.15000000000003,-0.007138402410748975
333.20000000000005,-0.004810180061129099
333.25,-0.004369238836700579
333.3,-0.004032789410780442
333.35,-0.002024043922472709
333.40000000000003,0.0009852504715025005
333.45000000000005,0.003881096231886175
333.5,0.00574396662221328
333.55,0.005289656973207511
333.6,0.0028277533067658724
333.65000000000003,-0.0007282795567374335
333.70000000000005,-0.005166296117510035
333.75,-0.009352426667883931
333.8,-0.011725091192781176
333.85,-0.011621658291713891
333.90000000000003,-0.007136785053985948
333.95000000000005,6.121451353907548e-05
334.0,0.005189592172936666
334.05,0.00931085610711321
334.1,0.015422465838260678
334.15000000000003,0.02448127410608893
334.20000000000005,0.035963163794739204
334.25,0.0447865569751793
334.3,0.04664748045662387
334.35,0.043664077938051125
334.40000000000003,0.0392714693812415
334.45000000000005,0.03514478802826332
334.5,0.03130025960085011
334.55,0.02719372981380077
334.6,0.022658731157312397
334.65000000000003,0.015327088288191492
334.70000000000005,0.004237511184986043
334.75,-0.007760029640291765
334.8,-0.018696963460228117
334.85,-0.029100233230889772
334.90000000000003,-0.03896447038013534
334.95000000000005,-0.047236646919153726
335.0,-0.05187687006411729
335.05,-0.05153767122544175
335.1,-0.04828710447387244
335.15000000000003,-0.04410872583851001
335.20000000000005,-0.039331264566544386
335.25,-0.033598349748451786
335.3,-0.025852348204998026
335.35,-0.017981232635221896
335.40000000000003,-0.013185264195272354
335.45000000000005,-0.010877145916697195
335.5,-0.009115986711009532
335.55,-0.006753491977858267
335.6,-0.004254470100361946
335.65000000000003,-0.0026145603500520305
335.70000000000005,-0.0009472017879204207
335.75,0.00150534453079897
335.8,0.005230374933921756
335.85,0.01009773228865825
335.90000000000003,0.013271685143820641
335.95000000000005,0.012009205783928318
336.0,0.006922929210036679
336.05,0.000533566355227845
336.1,-0.004546194993591624
336.15000000000003,-0.006129531836560846
336.20000000000005,-0.003160748357995331
336.25,0.0033906513619954806
336.3,0.011138170038145101
336.35,0.019578728397250212
336.40000000000003,0.028424266831460324
336.45000000000005,0.03547752841828243
336.5,0.03816353810509961
336.55,0.0360708600895999
336.6,0.03121263729467303
336.65000000000003,0.023346394902352244
336.70000000000005,0.01321119235410482
336.75,0.004124158890540226
336.8,-0.0006013574468886892
336.85,-0.0005698504172201968
336.90000000000003,-0.0003696165223917509
336.95000000000005,-0.0036856571604262723
337.0,-0.010364053011280665
337.05,-0.016552001849224784
337.1,-0.019723562811917346
337.15000000000003,-0.02128422640433359
337.20000000000005,-0.02171208874600264
337.25,-0.019656790557746908
337.3,-0.0153070646094425
337.35,-0.011329339110864183
337.40000000000003,-0.008823744471044125
337.45000000000005,-0.007803984447154381
337.5,-0.0067105651330021865
337.55,-0.003540739248345674
337.6,-0.0006181867987154727
337.65000000000003,0.0009353414981275429
337.70000000000005,0.004095172433025941
337.75,0.010865157961338533
337.8,0.018023942628940706
337.85,0.020283008465547977
337.90000000000003,0.01772019406497698
337.95000000000005,0.010540153795024898
338.0,0.0010645157520451606
338.05,-0.006301530886834434
338.1,-0.011081591819932754
338.15000000000003,-0.013165709536439085
338.20000000000005,-0.013759446178593693
338.25,-0.012191710513084297
338.3,-0.007437240466216441
338.35,-0.0028244906811466246
338.40000000000003,-0.0011607465578361738
338.45000000000005,-0.002371373890850661
338.5,-0.005775146132744273
338.55,-0.009560338330682356
338.6,-0.011644119634972276
338.65000000000003,-0.010813775543663041
338.70000000000005,-0.007470917622841422
338.75,-0.003077926084226358
338.8,0.0003531543713348961
338.85,0.0003782201078177411
338.90000000000003,-0.0005914228919127318
338.95000000000005,5.868781214249333e-05
339.0,0.0021116709899931547
339.05,0.005491789494310206
339.1,0.01021786439204619
339.15000000000003,0.016772936631520293
339.20000000000005,0.022881297249918064
339.25,0.026858552028871586
339.3,0.028480830178375355
339.35,0.026617364384676767
339.40000000000003,0.022517994251063912
339.45000000000005,0.018342565498024068
339.5,0.016361306565578795
339.55,0.017702583425018292
339.6,0.02107292326000951
339.65000000000003,0.02387265653155458
339.70000000000005,0.023387512946958157
339.75,0.01998040190432434
339.8,0.014746708453293634
339.85,0.008467979738328524
339.90000000000003,0.003659481365959902
339.95000000000005,-9.923989622358856e-05
340.0,-0.003916763278490679
340.05,-0.008278200472633687
340.1,-0.015369842341270642
340.15000000000003,-0.021764948220896595
340.20000000000005,-0.025149045228787945
340.25,-0.02704654309224678
340.3,-0.027259321850899413
340.35,-0.02713025794071713
340.40000000000003,-0.02654375417340382
340.45000000000005,-0.02511637765595745
340.5,-0.022896791781343552
340.55,-0.020557278531924232
340.6,-0.017342022505315347
340.65000000000003,-0.01131746778331668
340.70000000000005,-0.004156684260553369
340.75,0.0005429327969739963
340.8,0.00063625290042723
340.85,-0.0012302378557916714
340.90000000000003,-0.0009471121150347016
340.95000000000005,0.0020910648496717406
341.0,0.006804850351265854
341.05,0.010958794174586705
341.1,0.011993639664294094
341.15000000000003,0.010147190329083818
341.20000000000005,0.007782696232937896
341.25,0.006837795792857987
341.3,0.008705026819899007
341.35,0.012124301863101839
341.40000000000003,0.015316419155562823
341.45000000000005,0.018262282826364877
341.5,0.019097877281601495
341.55,0.01693497569631896
341.6,0.011363206931059208
341.65000000000003,0.0025465125636105505
341.70000000000005,-0.006480955223317835
341.75,-0.01211349210155787
341.8,-0.012199282625114315
341.85,-0.008577743766856284
341.90000000000003,-0.0019376132652319932
341.95000000000005,0.005722941490964065
342.0,0.010554842110953911
342.05,0.013865453213206279
342.1,0.016693404134811303
342.15000000000003,0.018847349023165632
342.20000000000005,0.017544069347045266
342.25,0.010517999310457458
342.3,0.0008005759880237741
342.35,-0.00864965914831418
342.40000000000003,-0.01372265600204723
342.45000000000005,-0.013887136193793906
342.5,-0.013354218728374058
342.55,-0.014406984052294283
342.6,-0.017987089640972915
342.65000000000003,-0.02392540780235472
342.70000000000005,-0.0301600345511155
342.75,-0.03322310192403123
342.8,-0.031948237884450136
342.85,-0.02697616456880241
342.90000000000003,-0.018927523221060668
342.95000000000005,-0.008788907143223397
343.0,0.0020638367769001313
343.05,0.010474763973273009
343.1,0.01375101414779204
343.15000000000003,0.011912569750977715
343.20000000000005,0.0063997266611656185
343.25,0.0007593919048310862
343.3,0.00024144094560897103
343.35,0.006114701022351202
343.40000000000003,0.014817579958415933
343.45000000000005,0.021870661588864828
343.5,0.025214537770019748
343.55,0.025204111777257322
343.6,0.02151407489388518
343.65000000000003,0.013684782842998641
343.70000000000005,0.003304081438693671
343.75,-0.008215743058385419
343.8,-0.01836035184091829
343.85,-0.024538705113362435
343.90000000000003,-0.02672267601648229
343.95000000000005,-0.025816545638906667
344.0,-0.023207193878425104
344.05,-0.018549021760769117
344.1,-0.010266647127962972
344.15000000000003,-0.00038092253307298686
344.20000000000005,0.005799440605059235
344.25,0.0057057321367194845
344.3,0.002320232066826147
344.35,-0.0012484299890391842
344.40000000000003,-0.005062136540443811
344.45000000000005,-0.00981849018000784
344.5,-0.01374735638860768
344.55,-0.01375861077386925
344.6,-0.009713607554088483
344.65000000000003,-0.00469186458459243
344.70000000000005,-0.0015821669447963552
344.75,2.1961870783991028e-05
344.8,0.0020440784954061935
344.85,0.004578689543432021
344.90000000000003,0.007928613237590042
344.95000000000005,0.010843432143471061
345.0,0.012458652509037462
345.05,0.01385757062586893
345.1,0.014384961800999902
345.15000000000003,0.015134137764320172
345.20000000000005,0.015205587008467867
345.25,0.014350034218933496
345.3,0.014268408578905102
345.35,0.014673819300005728
345.40000000000003,0.013299405235792294
345.45000000000005,0.007575830466704328
345.5,0.0008665341895437631
345.55,-0.004795226327175485
345.6,-0.009080759262910595
345.65000000000003,-0.009341413969744798
345.70000000000005,-0.006078445554757466
345.75,-0.0019530004885965112
345.8,0.0006520172643161419
345.85,-0.0001759219268585128
345.90000000000003,-0.003910455337818034
345.95000000000005,-0.007610528177643779
346.0,-0.010308131347657777
346.05,-0.011759061195177181
346.1,-0.009943794392210823
346.15000000000003,-0.0035598007871061165
346.20000000000005,0.005450697540815054
346.25,0.012227695572909114
346.3,0.016792814982838956
346.35,0.019710594844501418
346.40000000000003,0.019865804808727697
346.45000000000005,0.01738793734058917
346.5,0.013327282315935279
346.55,0.010243507031722289
346.6,0.008817755485961769
346.65000000000003,0.00961734155651608
346.70000000000005,0.011879281730800169
346.75,0.013394103306950157
346.8,0.012474812085626997
346.85,0.010662123524598032
346.90000000000003,0.010135340360874384
346.95000000000005,0.0071207719178202015
347.0,0.001085720231489418
347.05,-0.006927814500866918
347.1,-0.014393424241244755
347.15000000000003,-0.017504165529871864
347.20000000000005,-0.017969592836479906
347.25,-0.01608967494461435
347.3,-0.012878026295328257
347.35,-0.010240815374231774
347.40000000000003,-0.008346687782634537
347.45000000000005,-0.009586498497354047
347.5,-0.013542844334967115
347.55,-0.01837966164646718
347.6,-0.023317110174660077
347.65000000000003,-0.02505699789830108
347.70000000000005,-0.021666472766143998
347.75,-0.015032946228827724
347.8,-0.007629407342250259
347.85,-0.002184329410647747
347.90000000000003,0.0010483698409138205
347.95000000000005,0.00334294857113301
348.0,0.004323872073676392
348.05,0.004502616642431039
348.1,0.0044007664227518044
348.15000000000003,0.004413893011991697
348.20000000000005,0.0034103008915535595
348.25,0.001749915647392887
348.3,0.0029355649286829347
348.35,0.008268809125061522
348.40000000000003,0.01728023216231304
348.45000000000005,0.02668621694338174
348.5,0.033690722187176995
348.55,0.03710275635219305
348.6,0.03543595200818872
348.65000000000003,0.030737934034789825
348.70000000000005,0.024642357365806593
348.75,0.019431366787684506
348.8,0.017553210642242766
348.85,0.016384808530451395
348.90000000000003,0.014735106786212974
348.95000000000005,0.011524740153844026
349.0,0.005416296533677544
349.05,-0.001225707038771259
349.1,-0.008343097105931466
349.15000000000003,-0.016407119924097848
349.20000000000005,-0.024705638571936982
349.25,-0.0310649308696271
349.3,-0.033108106095219844
349.35,-0.03318490448585827
349.40000000000003,-0.03046378228230175
349.45000000000005,-0.026622486930930715
349.5,-0.025383031164882146
349.55,-0.027763343360146995
349.6,-0.03353536416271468
349.65000000000003,-0.03941530035309245
349.70000000000005,-0.04175347443050119
349.75,-0.03832033919191372
349.8,-0.02950642950938947
349.85,-0.017794315628166718
349.90000000000003,-0.0056789913870899855
349.95000000000005,0.004868718993076921
350.0,0.013142877276710315
350.05,0.018408920971439757
350.1,0.02180922513241099
350.15000000000003,0.02396706885361938
350.20000000000005,0.024175760631242455
350.25,0.023673281444762075
350.3,0.02235254944053046
350.35,0.01821296998797885
350.40000000000003,0.012838953839484333
350.45000000000005,0.008334517067501528
350.5,0.0055526696111040195
350.55,0.0035185274793022307
350.6,0.0006810116839001918
350.65000000000003,-0.0009806741924896394
350.70000000000005,-0.001761699128307024
350.75,-0.0018811060988561795
350.8,-0.002083235187698852
350.85,-0.0038997017616665703
350.90000000000003,-0.005055337126880917
350.95000000000005,-0.0051220541016801825
351.0,-0.0035922608425467866
351.05,-0.0006701633766384181
351.1,0.0021624318329034023
351.15000000000003,0.005719743401354493
351.20000000000005,0.008282118159578737
351.25,0.01079686418518049
351.3,0.012130006520582867
351.35,0.010885680277916912
351.40000000000003,0.009927107516564998
351.45000000000005,0.008315296072455885
351.5,0.005959982259994442
351.55,0.00500749846278149
351.6,0.00762209016144364
351.65000000000003,0.011756206697508433
351.70000000000005,0.01475277706421074
351.75,0.014866278121862584
351.8,0.012217748767179116
351.85,0.009966795661636078
351.90000000000003,0.008640685030839887
351.95000000000005,0.007241763394917736
352.0,0.005647343236069463
352.05,0.0035816715691847755
352.1,0.00017802631234134733
352.15000000000003,-0.004658663232038817
352.20000000000005,-0.011788663074049832
352.25,-0.02006888936085503
352.3,-0.024915817645562378
352.35,-0.026085375749123913
352.40000000000003,-0.023583934889214248
352.45000000000005,-0.019478750740085222
352.5,-0.018165791741819263
352.55,-0.01918787153582881
352.6,-0.01989171373309076
352.65000000000003,-0.020120923802144065
352.70000000000005,-0.01970031900568096
352.75,-0.017317661388234713
352.8,-0.010385375467339225
352.85,0.000152402232447359
352.90000000000003,0.011135115820466397
352.95000000000005,0.019740864572213437
353.0,0.02520976381437018
353.05,0.026980514469957095
353.1,0.026208253731304667
353.15000000000003,0.02457987257104055
353.20000000000005,0.02150877408873681
353.25,0.016430727531543093
353.3,0.010096866467366407
353.35,0.002592235123287632
353.40000000000003,-0.005547484961644863
353.45000000000005,-0.013696963179436967
353.5,-0.018180060046153492
353.55,-0.018442211614636803
353.6,-0.017212109976658292
353.65000000000003,-0.014061416782634421
353.70000000000005,-0.00997438327906402
353.75,-0.0050078443236539075
353.8,-0.0009832810924287106
353.85,0.0007187283156873849
353.90000000000003,0.00041196835999554056
353.95000000000005,-0.0004019588702152148
354.0,-0.00018106790245091842
354.05,0.0004447954954317649
354.1,0.0009965697821275451
354.15000000000003,6.40228615085614e-05
354.20000000000005,-0.0025106408058772137
354.25,-0.003338466355031353
354.3,-0.0011709470508071353
354.35,0.0029115263040721652
354.40000000000003,0.007081774365330146
354.45000000000005,0.009412436841818833
354.5,0.010275601411162093
354.55,0.01016529956430428
354.6,0.009068532047553389
354.65000000000003,0.0069704264233279144
354.70000000000005,0.004622130220910675
354.75,0.00302510546790825
354.8,0.0015738348837334396
354.85,0.0016461767125063858
354.90000000000003,0.003015594235879815
354.95000000000005,0.0029385989934293593
355.0,0.0019095657753947447
355.05,-0.00011839216857038756
355.1,-0.001598698235239014
355.15000000000003,-0.0032835370260623077
355.20000000000005,-0.00488118217421423
355.25,-0.005355604551404399
355.3,-0.0044153768107368
355.35,-0.002775242848274813
355.40000000000003,-0.0003571230400633684
355.45000000000005,0.001035391465581914
355.5,0.001575836930302374
355.55,0.000673620579146259
355.6,-0.0014587401933071275
355.65000000000003,-0.005579159143546286
355.70000000000005,-0.011015004335879056
355.75,-0.014313177183108906
355.8,-0.01183943293757429
355.85,-0.00606152090831934
355.90000000000003,-1.66028203519902e-05
355.95000000000005,0.004907245878340877
356.0,0.009565363055183818
356.05,0.012358011437560375
356.1,0.012905817973726709
356.15000000000003,0.009597237360221913
356.20000000000005,0.004421587152971932
356.25,-0.0003254911204090139
356.3,-0.0021130504415741848
356.35,-0.00024793951946345156
356.40000000000003,0.00316445548984242
356.45000000000005,0.006095922434473251
356.5,0.006711498316052204
356.55,0.006049441511094508
356.6,0.003957179547184827
356.65000000000003,0.0020835741280261218
356.70000000000005,0.0004984247509896973
356.75,0.00019582366527186093
356.8,0.0036942200767955237
356.85,0.010131067214403688
356.90000000000003,0.016258574401252328
356.95000000000005,0.017220790850579728
357.0,0.011961519909271712
357.05,0.0030482511203109033
357.1,-0.00744739546475848
357.15000000000003,-0.015072397436619917
357.20000000000005,-0.019593195348557323
357.25,-0.018589002642380833
357.3,-0.01307471221363037
357.35,-0.004609164157242699
357.40000000000003,0.005744947860653459
357.45000000000005,0.014640124380705954
357.5,0.01867222808185583
357.55,0.015796801465872756
357.6,0.008637671234626054
357.65000000000003,0.0014274402753164028
357.70000000000005,-0.003928443902904811
357.75,-0.005546483303425954
357.8,-0.0047244060836259
357.85,-0.0045465832777757285
357.90000000000003,-0.004130214092341994
357.95000000000005,-0.0056445627821684495
358.0,-0.005837156038359879
358.05,-0.00837080045233454
358.1,-0.01116512830364055
358.15000000000003,-0.01434070434406694
358.20000000000005,-0.014301902587628616
358.25,-0.012603687216529625
358.3,-0.007926826603199972
358.35,-0.006255299660350323
358.40000000000003,-0.0034041490123855925
358.45000000000005,-0.004165355446991835
358.5,-0.004167625262518465
358.55,-0.006284570025134291
358.6,-0.0030060497807219357
358.65000000000003,0.00019605072303162808
358.70000000000005,0.0076905948834625135
358.75,0.010140802369540425
358.8,0.013697324402049658
358.85,0.00948381930969519
358.90000000000003,3.488286018305336e-05
358.95000000000005,-0.018279024485243718
359.0,-0.03187550677574235
359.05,-0.037549941851178235
359.1,-0.02370785305423706
359.15000000000003,-0.005164772668759536
359.20000000000005,0.015791097626148325
359.25,0.026740565001500693
359.3,0.0375140840242509
359.35,0.04253303305185675
359.40000000000003,0.036334155268725896
359.45000000000005,0.005373334198300379
359.5,-0.043162439850509125
359.55,-0.08302897066283241
359.6,-0.09969041901142502
359.65000000000003,-0.08401650864388453
359.70000000000005,-0.06758472116693569
359.75,0.0030933115202187523
359.8,0.10874596803898186
359.85,0.36464496795154433
359.90000000000003,0.41653980875113217
359.95000000000005,0.487104399706212
