Tiempo_s,Aceleracion_g
0.0,-7.547605694881026e-05
0.05,-0.00011802407488027378
0.1,2.0806736950618823e-05
0.15000000000000002,5.79275866828296e-05
0.2,5.9690312226696455e-06
0.25,0.00016733686830664932
0.30000000000000004,0.0002121323168912159
0.35000000000000003,0.00039892328652066324
0.4,0.00033168270263138734
0.45,0.0002429729145526954
0.5,0.00039433375845056415
0.55,0.00022627505272924993
0.6000000000000001,0.0004141951020778716
0.65,0.000231425596302612
0.7000000000000001,7.547769399264719e-05
0.75,0.00027922033766006435
0.8,0.00013233140463631004
0.8500000000000001,0.0003213542186710444
0.9,0.00019837972771498063
0.9500000000000001,0.0002671698559483342
1.0,0.00017181981520930135
1.05,8.177028685870314e-06
1.1,0.0003491035931646538
1.1500000000000001,0.00010608327289443465
1.2000000000000002,9.197149115013649e-05
1.25,0.00013661671622917915
1.3,0.0001932076444858102
1.35,0.00036353566273090494
1.4000000000000001,9.331117114948312e-05
1.4500000000000002,6.833417399263486e-05
1.5,3.28594533541493e-06
1.55,4.379560656431033e-05
1.6,0.00020249284073260425
1.6500000000000001,7.562483275709643e-06
1.7000000000000002,-0.00012639546976634002
1.75,-0.0001466286303894856
1.8,-0.00011926678497453585
1.85,-0.00033334379024380247
1.9000000000000001,-0.00035196926362838067
1.9500000000000002,-0.00022046862010596363
2.0,-0.00023084777420354213
2.0500000000000003,-0.0002716562790665613
2.1,-0.00020766725102335797
2.15,-4.70364527278665e-06
2.2,-0.00019402172567172345
2.25,-0.0002332231640059093
2.3000000000000003,-0.00018843772443133955
2.35,-0.00022164391029794514
2.4000000000000004,-0.0002355084844247835
2.45,-0.0003333118578684491
2.5,-0.0002245372460364555
2.5500000000000003,-0.00030001128007244314
2.6,-0.00041633383220629754
2.6500000000000004,-0.0003892390147267608
2.7,-0.00041636989142697454
2.75,-0.0004107953193787898
2.8000000000000003,-0.0002469474347488422
2.85,-0.00010909500910585683
2.9000000000000004,-0.0002966738980396106
2.95,-0.0004314915791162908
3.0,-0.0003835220396577313
3.0500000000000003,-0.00037715671484821726
3.1,-0.0003470117366634408
3.1500000000000004,-0.00019203856931709852
3.2,-0.00021836008742416417
3.25,-0.00035910634481743935
3.3000000000000003,-0.0002450008624377512
3.35,-0.00013015551661746386
3.4000000000000004,-0.00021444217850658347
3.45,-0.00025489662595422677
3.5,-0.00015641431924473943
3.5500000000000003,-0.0002867881484577689
3.6,-0.00035550098154338717
3.6500000000000004,-0.00024590084516294214
3.7,-0.00017420582590366653
3.75,-0.00015527732591228682
3.8000000000000003,-0.00023295426533470086
3.85,-0.0001315797264374199
3.9000000000000004,2.178987134374068e-05
3.95,5.254524922736082e-05
4.0,-1.2566191282429649e-05
4.05,9.245332197415544e-05
4.1000000000000005,0.00014618467540838574
4.15,0.00018503446319674638
4.2,0.00011612492494178209
4.25,-4.34556908675881e-05
4.3,0.00017884817480748016
4.3500000000000005,0.00012918353490572797
4.4,6.463201980086696e-05
4.45,0.0001962084193963067
4.5,0.0003998284100530296
4.55,0.0005097989076780052
4.6000000000000005,0.0004213539375589316
4.65,0.000474792641113383
4.7,0.0005229972655122937
4.75,0.0006098045378244208
4.800000000000001,0.0005828956031982642
4.8500000000000005,0.00046678882856562767
4.9,0.00045912473468290326
4.95,0.0005212655279168918
5.0,0.0003894403035091725
5.050000000000001,0.0002241388915587308
5.1000000000000005,0.0003077053407698814
5.15,0.0002716038227736938
5.2,0.0003008436029645766
5.25,0.00040656877174882956
5.300000000000001,0.00023287472098913254
5.3500000000000005,0.00011560245853378814
5.4,0.00017511905968298075
5.45,0.0002910552069854746
5.5,0.0002709692676221605
5.550000000000001,0.00015423983763051204
5.6000000000000005,0.00022989806801018464
5.65,0.00024977631221289383
5.7,0.00010093539318776798
5.75,2.559661626646982e-05
5.800000000000001,8.17139301998278e-05
5.8500000000000005,-2.791918911592483e-05
5.9,-8.485785255980421e-05
5.95,0.00011151051180797717
6.0,0.0001406391543258327
6.050000000000001,0.00016524697553419612
6.1000000000000005,0.0002908408441284319
6.15,0.00018826471295108987
6.2,0.0001079131211148604
6.25,9.51088825934939e-05
6.300000000000001,2.7343179617624775e-06
6.3500000000000005,5.220648878495949e-05
6.4,2.5078452511059662e-05
6.45,-0.00015815317785097818
6.5,-0.00021291512562923636
6.550000000000001,-0.0001525825255363921
6.6000000000000005,-0.00016588168600939688
6.65,-0.00017331099636500342
6.7,-0.000165955106044587
6.75,-0.000107407134303837
6.800000000000001,-8.813037952707815e-06
6.8500000000000005,3.39777121058322e-05
6.9,8.337756404593978e-05
6.95,-1.0437009285029282e-06
7.0,-6.041815841242869e-06
7.050000000000001,-8.690720120068156e-05
7.1000000000000005,-0.00023621027319459072
7.15,-3.6377929465730775e-05
7.2,-0.00013531846602098961
7.25,-0.00021502252066736156
7.300000000000001,-4.44132779973281e-05
7.3500000000000005,-0.0003531304080042751
7.4,-0.0003989036907385896
7.45,-0.0003816040519386319
7.5,-0.0005932360572703743
7.550000000000001,-0.000514433430787367
7.6000000000000005,-0.0004386866832244608
7.65,-0.0004128057843597994
7.7,-0.0005214943541436514
7.75,-0.0005307031570646704
7.800000000000001,-0.0005273647721452983
7.8500000000000005,-0.00045649614931737376
7.9,-0.00030026487630392353
7.95,-0.0003239266654297698
8.0,-0.00035807426135493634
8.05,-0.00044431621996922615
8.1,-0.00029213400142981096
8.15,-0.00023514041468571115
8.200000000000001,-0.00023841351068824956
8.25,-6.567463303421985e-05
8.3,-0.00010180442306496272
8.35,-6.668635959244197e-05
8.4,-9.70344943904166e-05
8.450000000000001,-0.000157183705444007
8.5,-0.0001557428262927091
8.55,-0.00017964391691933582
8.6,-0.00016201520676152026
8.65,-8.576681000303519e-05
8.700000000000001,0.00015089472603012604
8.75,-9.102163896922358e-05
8.8,-8.93060965219535e-05
8.85,4.161791701583916e-05
8.9,-0.000161889390064275
8.950000000000001,3.427005223741409e-05
9.0,0.00010701539235492281
9.05,0.00016036922757462673
9.1,0.00019804733313235002
9.15,0.00019404494799934774
9.200000000000001,0.00012235731521606294
9.25,0.00020886127479397823
9.3,0.0003681109882018593
9.35,0.00016544424534528578
9.4,0.0001655520628010459
9.450000000000001,0.00030007790456483075
9.5,0.00027033102645598704
9.55,0.00022268579476732693
9.600000000000001,0.00037856093487025484
9.65,0.000319640490932913
9.700000000000001,0.0002896335704651719
9.75,0.00040296490808709696
9.8,0.00023611740950649115
9.850000000000001,0.00015391134347146157
9.9,0.00013108484419337212
9.950000000000001,0.0003251573599295973
10.0,0.00036090759947303614
10.05,0.0001179678978621516
10.100000000000001,3.843182644291392e-05
10.15,0.00014533328728587539
10.200000000000001,0.0002908130390575184
10.25,1.4203107244023513e-05
10.3,-3.8817329213112423e-05
10.350000000000001,-4.9543205596932806e-05
10.4,-0.00023567715111721182
10.450000000000001,-0.0002108518064107251
10.5,-0.00012218357503276426
10.55,-8.781136399328734e-05
10.600000000000001,-0.0003150357394454526
10.65,-0.00013663034811100942
10.700000000000001,1.0512988629143488e-05
10.75,-1.7007231215419232e-05
10.8,2.3031489978051087e-05
10.850000000000001,-0.00012496746630802157
10.9,-3.89723930824388e-05
10.950000000000001,0.0001457882156025033
11.0,0.00019526502707425898
11.05,-0.00010601598863619616
11.100000000000001,-4.922003692028696e-05
11.15,-1.625625631946289e-05
11.200000000000001,-0.00018470509438742712
11.25,6.436349469092594e-05
11.3,4.1432652549455564e-05
11.350000000000001,0.00018933814078865316
11.4,0.00027031527015782897
11.450000000000001,0.00015210724069950532
11.5,7.3963994354869e-05
11.55,-2.7271077819020945e-05
11.600000000000001,0.0001693833884863622
11.65,0.0001445603948715221
11.700000000000001,0.00010258811143129641
11.75,6.649936902123181e-05
11.8,-1.0516306928018388e-05
11.850000000000001,5.952286143371269e-05
11.9,-3.544949936537262e-05
11.950000000000001,0.00011248034203076156
12.0,0.00016969856265582504
12.05,8.493646331518917e-05
12.100000000000001,0.00021706880095985002
12.15,3.7069111540031186e-05
12.200000000000001,-8.652871915682212e-05
12.25,0.00014273685821146858
12.3,0.00021515766684688904
12.350000000000001,5.717446706071172e-05
12.4,-0.00011128164454695774
12.450000000000001,-0.00011263135981736162
12.5,0.0001341128531507457
12.55,0.00011627068422421563
12.600000000000001,-5.3220775403118825e-05
12.65,-1.622997094865578e-05
12.700000000000001,8.053113810304804e-06
12.75,4.024203357716547e-06
12.8,-2.5345642523063307e-05
12.850000000000001,0.0001257573345331837
12.9,0.00019950643579659996
12.950000000000001,0.00020333080368964315
13.0,0.00020187162884145038
13.05,0.0001223126011512017
13.100000000000001,0.00028786364353420647
13.15,0.00019178855050623156
13.200000000000001,2.9498938200434762e-05
13.25,5.5847522691089246e-05
13.3,0.00010142629884536135
13.350000000000001,0.00044412144118430964
13.4,0.00045311357072971376
13.450000000000001,2.089536577484677e-06
13.5,5.027901733103999e-05
13.55,0.00024995088058066197
13.600000000000001,2.235445197173882e-06
13.65,4.5687461652955974e-05
13.700000000000001,0.00012025150162150745
13.75,0.00018208912079343477
13.8,0.00013980904979818534
13.850000000000001,-0.00022057717223254348
13.9,-2.365535179148229e-08
13.950000000000001,8.446106087417573e-05
14.0,-1.0961231175881376e-05
14.05,1.6858645179531047e-05
14.100000000000001,8.693191648425677e-05
14.15,0.0004451958324411241
14.200000000000001,0.00024387175356514978
14.25,-0.0001284443420374566
14.3,8.847916841766954e-06
14.350000000000001,9.551633543722258e-05
14.4,8.47511555261094e-05
14.450000000000001,5.902705029589742e-05
14.5,-0.00014066063687941596
14.55,-0.00010193906265564303
14.600000000000001,1.6187272615641788e-05
14.65,-0.00011915122199726615
14.700000000000001,-0.00018028500538280767
14.75,-2.3811813244326925e-05
14.8,0.00014073926683675302
14.850000000000001,4.2754187570975375e-06
14.9,-0.0003202643859569133
14.950000000000001,-0.00042570771804647297
15.0,-0.0003254277279588589
15.05,-0.00043402479232362867
15.100000000000001,-0.00047658261608339667
15.15,-0.00031787135754565065
15.200000000000001,3.765237239187308e-05
15.25,0.00015904227915693395
15.3,-0.0005332505458840935
15.350000000000001,-0.0007248333658662064
15.4,-0.00041496130955866493
15.450000000000001,-0.0005108519709090541
15.5,-0.0005169132569946263
15.55,-0.0003164898899819116
15.600000000000001,-0.00013768478394206952
15.65,-0.0001246402247821806
15.700000000000001,-0.00012726503510873612
15.75,-0.00011137805658379097
15.8,-0.0002396966281237579
15.850000000000001,-0.000504787891345672
15.9,-0.0003062940796225729
15.950000000000001,0.00021387212463090972
16.0,-6.400770796254295e-05
16.05,-0.00043629665775932457
16.1,-0.00019787169146835162
16.150000000000002,7.077695400328238e-06
16.2,-0.0001483711224000455
16.25,-0.0004309084698370171
16.3,-0.00019039398964113281
16.35,0.0002640822539128794
16.400000000000002,0.00011149393192435055
16.45,-0.0003851284382876425
16.5,-0.0003022152214555259
16.55,4.148462180321707e-05
16.6,-4.725663714866776e-05
16.650000000000002,-1.0431842419124385e-05
16.7,-0.00016901881517850266
16.75,-0.0004412819766859273
16.8,-0.0004170737069457796
16.85,-0.0003111207375049274
16.900000000000002,-2.3855023024645007e-05
16.95,-2.7828914420685973e-05
17.0,-0.00013282663622541025
17.05,-8.919129592276982e-05
17.1,-0.0002736263978195916
17.150000000000002,-0.0002975314607947199
17.2,2.7823371498706927e-05
17.25,-7.177759301772142e-05
17.3,-0.00033850420715760633
17.35,-0.0001459915920266257
17.400000000000002,1.2403710751245493e-05
17.45,0.00013445711932040934
17.5,6.562626987152111e-05
17.55,-0.0001405874140369419
17.6,-6.421781599653992e-06
17.650000000000002,4.487129236348181e-06
17.7,2.1097235211593934e-06
17.75,1.3106466743411966e-06
17.8,-0.00017325695467228407
17.85,5.7218789824623666e-05
17.900000000000002,0.0004787542511206492
17.95,0.0003141614846391263
18.0,1.8226736499200164e-06
18.05,0.00031893413169554
18.1,0.00046527434340338933
18.150000000000002,0.00014735697854831474
18.2,-7.710562593790203e-06
18.25,-0.00011732052714065899
18.3,-0.0001933573081130255
18.35,-1.811418486565638e-05
18.400000000000002,0.00037051882249778604
18.45,0.0004613519781158559
18.5,6.194827493357382e-05
18.55,-7.27871024742157e-05
18.6,-0.00013900641118838453
18.650000000000002,-0.00018648833456134334
18.7,0.00020828797805180557
18.75,0.0001648544875295254
18.8,-6.639032266476094e-05
18.85,0.00015354801027728623
18.900000000000002,0.000435333078598425
18.95,0.0003316733022643184
19.0,6.919027662058521e-05
19.05,0.0002697886871104808
19.1,0.00048469056527192825
19.150000000000002,0.0005972448757552186
19.200000000000003,0.0003332815821488705
19.25,-9.915368541896432e-05
19.3,7.416089926954865e-05
19.35,1.9565698457868063e-05
19.400000000000002,-0.00011656418374821902
19.450000000000003,-6.674257110156252e-05
19.5,-0.00012891674033795755
19.55,-4.3773942865066956e-05
19.6,-0.0001166918720917533
19.650000000000002,-0.00025925118021270045
19.700000000000003,-0.00016384366427062434
19.75,0.00018959248941194382
19.8,0.00023042317466262326
19.85,0.00027442930973915313
19.900000000000002,0.0006084141387894471
19.950000000000003,0.0003868281043703736
20.0,0.00020853985167489615
20.05,0.00019911824648007043
20.1,0.00014977590993512117
20.150000000000002,0.00018013730887309103
20.200000000000003,0.00026122405487519624
20.25,0.00025037654199976166
20.3,0.0001869733420195163
20.35,0.00031769366625969685
20.400000000000002,-7.967308877024858e-05
20.450000000000003,-0.00020267385378674012
20.5,0.00016639263573584213
20.55,0.00032091864713638593
20.6,0.00028022055514063726
20.650000000000002,0.00013717294361591793
20.700000000000003,0.00044457565556881674
20.75,0.000415574968254933
20.8,0.00044396556974061726
20.85,0.0005475771663647935
20.900000000000002,0.00027168272339389283
20.950000000000003,0.000345175679031594
21.0,0.00019593262370116359
21.05,0.00011669781217048028
21.1,0.0003080817095340997
21.150000000000002,0.00039931725235842647
21.200000000000003,0.00019647450068567286
21.25,-9.24062516639444e-05
21.3,-5.421306519104705e-05
21.35,0.0001839950546462618
21.400000000000002,0.0001912664713551162
21.450000000000003,6.977044316034163e-06
21.5,0.0001846679324772183
21.55,0.0001522146854114271
21.6,-9.633089068370681e-05
21.650000000000002,-4.0120447071595485e-05
21.700000000000003,0.00029706536739272643
21.75,0.0003832245747851599
21.8,0.00020349257668782214
21.85,5.432740430633497e-05
21.900000000000002,-0.00018241451897024036
21.950000000000003,-0.00019318593530740237
22.0,-0.00010356063277041668
22.05,-3.539736267358839e-05
22.1,4.6121981317393824e-06
22.150000000000002,-4.669267898423777e-05
22.200000000000003,-1.3341585176745955e-06
22.25,7.009686599317707e-05
22.3,-6.422444782719566e-05
22.35,-4.542717017436699e-05
22.400000000000002,4.4009579462026605e-05
22.450000000000003,0.00013423791823328416
22.5,9.596888980533816e-05
22.55,-0.00016665083687857036
22.6,3.143267194682744e-05
22.650000000000002,-8.029017736017191e-05
22.700000000000003,-0.0001488924564951493
22.75,-0.0001572893303641747
22.8,-0.00044132736454340565
22.85,-0.0003137234195929465
22.900000000000002,-0.00037855186675904185
22.950000000000003,-0.00011347848014012308
23.0,0.00010032653851071577
23.05,-0.00029068609950090124
23.1,-0.0004625184930011317
23.150000000000002,-0.00030297966034589715
23.200000000000003,-0.000165748049596552
23.25,-0.0003153404104624018
23.3,-0.0004352368184260369
23.35,-0.0004801172176624572
23.400000000000002,-0.0005138844632592858
23.450000000000003,-0.00031215206703609185
23.5,-0.00026723470315870225
23.55,-0.0003925100434790773
23.6,-0.00020948069482468182
23.650000000000002,-0.00031404676782302565
23.700000000000003,-0.0005286311665361444
23.75,-0.0004178309926054103
23.8,-0.0002677094070543051
23.85,-8.941445289825293e-05
23.900000000000002,-0.0001749531916074012
23.950000000000003,-0.0001572795560769685
24.0,-0.00011589851711733468
24.05,-0.0001726667089296878
24.1,-0.0002295086434780123
24.150000000000002,-0.0004446883973906689
24.200000000000003,-0.00041475168842198
24.25,-0.00039306810278338965
24.3,-0.0001374170726962556
24.35,8.099971816516937e-05
24.400000000000002,-5.5829153214850214e-05
24.450000000000003,2.6678492387019004e-06
24.5,-1.0995546112463953e-05
24.55,-0.000109451847039246
24.6,-7.945732614140984e-05
24.650000000000002,0.00020084119150167763
24.700000000000003,0.00029900888404233534
24.75,0.0003279829919350573
24.8,0.00037989648947096914
24.85,0.00017314664612805462
24.900000000000002,0.00023527260335505797
24.950000000000003,1.3471906641705363e-05
25.0,-9.474345309684472e-05
25.05,1.1676216328866368e-05
25.1,-0.00018960765635798438
25.150000000000002,-1.6226677035594079e-07
25.200000000000003,-2.257143745249445e-05
25.25,7.826421810091115e-05
25.3,0.0002681664530066872
25.35,0.000295254150418546
25.400000000000002,0.0003103596392672478
25.450000000000003,-0.00022965931271673747
25.5,-0.0003150465143336033
25.55,1.779123634054052e-05
25.6,0.0001952484343297275
25.650000000000002,0.00012222039369530114
25.700000000000003,-3.6342739322287966e-05
25.75,-0.00011400470513335644
25.8,-0.00024747869002901904
25.85,-0.00020122800812767515
25.900000000000002,-0.0002784007205734677
25.950000000000003,-0.00025683422902224296
26.0,-0.00015584526554935054
26.05,-0.00011734772659009962
26.1,-0.00010493218628044382
26.150000000000002,-0.00027091459464743625
26.200000000000003,-0.00017171396759546083
26.25,-7.48132306582581e-05
26.3,-0.00022391881718930264
26.35,-0.00035971692907914624
26.400000000000002,-0.0003061112335477497
26.450000000000003,-0.00015449022741862814
26.5,-3.413605201200626e-05
26.55,1.4830821513623433e-05
26.6,-0.00020597192428492035
26.650000000000002,-0.0001771754763903966
26.700000000000003,0.0001420882840809246
26.75,0.00022874022007186376
26.8,0.00015857014700522561
26.85,-8.97839285003085e-06
26.900000000000002,-0.00016988102213758187
26.950000000000003,-0.00011832048794397436
27.0,-1.4785203805237514e-05
27.05,-4.6512058818477844e-05
27.1,-8.347114542189653e-05
27.150000000000002,3.037292441100952e-05
27.200000000000003,5.5029317540779395e-05
27.25,-2.06928591736092e-06
27.3,0.0002142401340865655
27.35,0.0002388336280537367
27.400000000000002,7.319974896692811e-05
27.450000000000003,0.00013268558700890693
27.5,0.00015575286978173635
27.55,0.00011788463049990821
27.6,0.00025833369309646626
27.650000000000002,0.00028064008565049735
27.700000000000003,8.375637452815075e-05
27.75,0.00016253196718069398
27.8,7.339012112882346e-05
27.85,-4.69523547650459e-05
27.900000000000002,0.00015592428303508397
27.950000000000003,0.0002146667487073285
28.0,0.0002466733819501248
28.05,0.00017467292790401405
28.1,1.7242834505049605e-05
28.150000000000002,6.936154397026719e-05
28.200000000000003,0.0002084338316430263
28.25,0.0003311827736809394
28.3,0.0003172420811143024
28.35,0.000288467828373253
28.400000000000002,0.00030653193529631026
28.450000000000003,0.00028301752559411857
28.5,0.0003479536480495019
28.55,0.00026877867616176965
28.6,0.0003003478123432761
28.650000000000002,0.00032749544576989926
28.700000000000003,8.86822309832157e-05
28.75,0.00012630942212115169
28.8,0.00010379317287040643
28.85,-0.00020176935655598946
28.900000000000002,-0.00034902695681147445
28.950000000000003,-0.00013142077001988231
29.0,9.811878673204568e-05
29.05,6.764970426732636e-05
29.1,7.8836367088335e-05
29.150000000000002,0.00013167958683998565
29.200000000000003,0.00019200148147366825
29.25,0.00012160220110778974
29.3,2.376123049874057e-05
29.35,4.188071605832382e-05
29.400000000000002,0.0001826482402244114
29.450000000000003,0.0002499086154146178
29.5,3.78474083048675e-05
29.55,0.00015945105261189595
29.6,0.00023652583270318523
29.650000000000002,0.0001531617492528985
29.700000000000003,0.0002645193284434149
29.75,0.0002028068418190476
29.8,0.00035439125181719217
29.85,0.000444357392745394
29.900000000000002,0.00040434780239072764
29.950000000000003,0.00034878628922798685
30.0,7.557282530468467e-05
30.05,0.00019546414892435745
30.1,0.00018537825499146283
30.150000000000002,4.308558026375181e-05
30.200000000000003,4.201453179084604e-05
30.25,-0.00011504094956912965
30.3,-0.0001331051763535029
30.35,-0.00011991586166641683
30.400000000000002,-0.00014308803988825756
30.450000000000003,-0.00024794639067346144
30.5,-0.00041368743797861067
30.55,-0.0003787713636296256
30.6,-0.0001825788866691276
30.650000000000002,-0.00011562935394696855
30.700000000000003,-0.0002351359017918578
30.75,-0.0003806087393428993
30.8,-0.00047551865007391855
30.85,-0.00037349318490454553
30.900000000000002,-0.0001815275568149822
30.950000000000003,-0.00022283396192843247
31.0,-0.00024404611648611227
31.05,-7.947337268435335e-05
31.1,-4.7869955199354975e-05
31.150000000000002,-0.00017895785063538552
31.200000000000003,-0.0002572646060891849
31.25,-0.0002003172269158789
31.3,-0.0001024799753524439
31.35,-7.149138768497829e-05
31.400000000000002,-7.243142698442033e-05
31.450000000000003,-0.00012907815521157935
31.5,-0.00022805898386755007
31.55,-0.00021854384335397528
31.6,-0.00025805331434715313
31.650000000000002,-0.00026857270565393195
31.700000000000003,-0.00017283036350182804
31.75,-0.00022568171573630972
31.8,-0.00025400640563933916
31.85,-0.0001500692908975195
31.900000000000002,-0.000165010796649281
31.950000000000003,-0.0002616821095544633
32.0,-0.0003472084194901705
32.050000000000004,-0.0003703236944944796
32.1,-0.00020546056581584936
32.15,-9.038531050149685e-05
32.2,-5.63064551639641e-05
32.25,-7.377225710970298e-06
32.300000000000004,-4.019137493788468e-05
32.35,-9.679585244568644e-05
32.4,-0.00011849460976994121
32.45,-1.1669976422457199e-05
32.5,5.872698687831252e-05
32.550000000000004,-5.383574773801777e-06
32.6,6.793921994152948e-05
32.65,0.0002125650723873347
32.7,0.00022119109622565974
32.75,0.00021344035679710926
32.800000000000004,0.00019971291564730394
32.85,0.00016886143044636518
32.9,0.0002145034597274165
32.95,0.00024747521823340854
33.0,0.00034504794782985396
33.050000000000004,0.0002910025284534495
33.1,0.00013437567124120216
33.15,9.881226574835629e-05
33.2,1.4160012165200181e-05
33.25,0.00010852187042868951
33.300000000000004,0.00015156143367829576
33.35,9.572362604647928e-05
33.4,0.00016688235718840234
33.45,0.00015030449818073918
33.5,0.00015743987002226684
33.550000000000004,8.946545896122216e-05
33.6,2.4395479138247672e-05
33.65,7.070770370729648e-05
33.7,2.1842163607177484e-05
33.75,2.6229405914622393e-06
33.800000000000004,7.100290377997997e-05
33.85,0.0002195497381568222
33.9,0.00036875882402454446
33.95,0.00046215897336456804
34.0,0.00042841874012922355
34.050000000000004,0.00036932885091012793
34.1,0.0004684115394550217
34.15,0.0005302521450323346
34.2,0.00044191053100130906
34.25,0.00025465257747456194
34.300000000000004,0.00014605649187158327
34.35,0.00014881286364189228
34.4,0.0001395794628225555
34.45,0.00015773405647611892
34.5,6.210214879391868e-05
34.550000000000004,-0.0001495471888623916
34.6,-0.00016366409021357445
34.65,-9.170240513997697e-05
34.7,7.30232100749279e-05
34.75,0.0002569526758996186
34.800000000000004,0.00016064983502737362
34.85,2.4849428259375125e-05
34.9,-6.574660332991094e-05
34.95,-0.00011559789656811882
35.0,-0.00011430376668613781
35.050000000000004,-0.00015102729262756102
35.1,-0.00021016658783341733
35.15,-5.6930711050195197e-05
35.2,6.64566357300282e-05
35.25,-6.736791830898505e-05
35.300000000000004,-0.00018571956040436033
35.35,-0.00037255991986101755
35.4,-0.00033885775655553244
35.45,-0.00020275319063688913
35.5,-0.00016560379145268253
35.550000000000004,-2.3081657601333686e-05
35.6,2.568482461923561e-05
35.65,-7.428802820699196e-05
35.7,-9.861072840393376e-05
35.75,-3.168052062217513e-05
35.800000000000004,6.876961288902133e-06
35.85,7.278736097934793e-05
35.9,3.1564932347553896e-05
35.95,-5.58634249728838e-05
36.0,-5.278334672501906e-05
36.050000000000004,-0.00010705457661817093
36.1,-0.00024839761932642643
36.15,-0.000292544991249856
36.2,-0.00023058032193240164
36.25,-8.702276465414028e-05
36.300000000000004,-8.774805900668672e-05
36.35,-0.00023944285900997524
36.4,-0.0002508452960247745
36.45,-0.0003277694809230728
36.5,-0.0002666289683359739
36.550000000000004,-0.00019447825602637612
36.6,-0.00021682436038802848
36.65,-0.00010704715104262518
36.7,-0.0001749821952749609
36.75,-0.00041394119859683627
36.800000000000004,-0.00043904188010854766
36.85,-0.0002443387841449523
36.9,-0.00016195753531826512
36.95,-7.672951282413796e-05
37.0,-7.781473772128723e-05
37.050000000000004,-0.00019864712988527477
37.1,-0.0001553937379373719
37.15,-0.00017838690677099076
37.2,-0.00011827897342702107
37.25,7.099756298133457e-06
37.300000000000004,3.651744042465769e-05
37.35,0.00013121019775104022
37.4,0.00011731511152726435
37.45,0.00021476652429630656
37.5,0.0002742211168087533
37.550000000000004,0.0002600167164581872
37.6,0.00016323970995650374
37.65,6.190913958763291e-05
37.7,0.0002628922903144802
37.75,0.00014800463915037914
37.800000000000004,5.680619851738772e-05
37.85,-3.967767894804569e-05
37.9,-0.0002870747075455225
37.95,-0.0002157973200091249
38.0,-0.00015648348929428942
38.050000000000004,-0.0001522248879405006
38.1,-0.0001688397258221106
38.15,-7.85264540596201e-05
38.2,-8.561053343466966e-05
38.25,-0.00015070893243586015
38.300000000000004,3.325762096631454e-06
38.35,7.334742007751391e-05
38.400000000000006,0.0001700685007626245
38.45,0.00012037032349012687
38.5,-8.872379298857157e-06
38.550000000000004,9.706085314211646e-06
38.6,1.933343344684736e-05
38.650000000000006,3.4130526613049805e-05
38.7,-0.00014354061089195613
38.75,-8.71865465326406e-05
38.800000000000004,9.323038707086908e-05
38.85,-6.146849482841589e-05
38.900000000000006,-1.4823699400290623e-05
38.95,9.348194536468715e-05
39.0,-0.00011028364743044284
39.050000000000004,-0.00021225818978492698
39.1,-5.640509144256373e-05
39.150000000000006,-8.53138492146677e-07
39.2,-2.5037977600068186e-06
39.25,7.003922437352545e-06
39.300000000000004,0.0001279805917060132
39.35,0.00022371544856224478
39.400000000000006,-6.540634460798499e-05
39.45,-0.00012490886906471626
39.5,9.053539667416533e-05
39.550000000000004,0.0001700436344675004
39.6,0.00020872523609777733
39.650000000000006,4.683592176594524e-05
39.7,3.953977926058689e-05
39.75,1.5947272740272873e-05
39.800000000000004,1.2469617812912366e-05
39.85,0.00011975798705502915
39.900000000000006,-0.00011839445733468952
39.95,-3.9216178465942245e-05
40.0,6.38058773785764e-05
40.050000000000004,2.4240039757361443e-05
40.1,0.00012592080766387405
40.150000000000006,0.00010656767175294708
40.2,-5.6106548032306494e-05
40.25,-0.00020606582958796436
40.300000000000004,-9.216846879697555e-05
40.35,-0.00017210774674285398
40.400000000000006,-0.0002571552097828259
40.45,-0.00015338136841520656
40.5,-0.0002664687319710103
40.550000000000004,-0.00018106989582891076
40.6,-9.408068840769827e-05
40.650000000000006,-6.122442952135633e-05
40.7,7.502038256000093e-05
40.75,7.837799600703581e-05
40.800000000000004,0.00014054839418226338
40.85,5.126115453942652e-05
40.900000000000006,0.00019762867683557604
40.95,0.00030919628943263256
41.0,0.00018460950342862362
41.050000000000004,0.0002882538949586995
41.1,0.00023599348145996078
41.150000000000006,0.0003242926140333587
41.2,0.0002916123822877682
41.25,0.00014389867148606648
41.300000000000004,0.0002318555711775648
41.35,0.00024118995482308022
41.400000000000006,0.0002083110069317817
41.45,0.0001540245403665403
41.5,0.00022396255736543494
41.550000000000004,0.0003185624992416756
41.6,0.0003523789761629735
41.650000000000006,0.00031501087816991673
41.7,0.0002755594561926989
41.75,0.00017235548612381423
41.800000000000004,7.152798536483337e-05
41.85,0.00017814941606323427
41.900000000000006,0.00015860732413012986
41.95,2.9991563120404827e-05
42.0,-3.8290324455648615e-05
42.050000000000004,-2.2461541948284064e-05
42.1,4.775764238520916e-05
42.150000000000006,4.234004185517479e-05
42.2,-8.180903270109128e-05
42.25,-0.0001255619397080652
42.300000000000004,-0.00012755546200874553
42.35,-5.881223568567791e-05
42.400000000000006,2.6427499191365727e-05
42.45,6.309183903418694e-06
42.5,3.537921721428227e-05
42.550000000000004,-0.00010183683555227433
42.6,-6.503935372381272e-05
42.650000000000006,0.00012348058723066755
42.7,0.00010781874524277575
42.75,0.00010121918039912849
42.800000000000004,-2.1888306671444913e-05
42.85,-7.352227356810035e-05
42.900000000000006,2.7852463085662876e-06
42.95,-0.00010057449742004789
43.0,-0.0002134526145811388
43.050000000000004,-0.00020136493887002488
43.1,-5.6139680177009536e-05
43.150000000000006,5.2814641458871174e-05
43.2,-4.1681522873650074e-05
43.25,3.707813100117213e-05
43.300000000000004,9.739447175372054e-05
43.35,8.056772859836377e-05
43.400000000000006,0.00015823226818956288
43.45,7.1753675705377616e-06
43.5,-1.9673423778490848e-05
43.550000000000004,-0.00012367272749034237
43.6,-0.00031151167274854035
43.650000000000006,-0.000244378143456869
43.7,-0.0003138424025866979
43.75,-0.00035718665636045476
43.800000000000004,-0.0003491506713157819
43.85,-0.00039673067797958174
43.900000000000006,-0.000398879161812722
43.95,-0.00035485548654655197
44.0,-0.0002966116593363717
44.050000000000004,-0.00021300494682134426
44.1,-0.00021846195035393659
44.150000000000006,-0.0002698904405657045
44.2,-0.0002216623588689276
44.25,-0.00021792497233901622
44.300000000000004,-0.00028320040412871107
44.35,-0.00033055878106101605
44.400000000000006,-7.691468699558195e-05
44.45,8.3931913078627e-05
44.5,5.0928362184336265e-05
44.550000000000004,0.00014579668481680112
44.6,0.00018203760571975543
44.650000000000006,0.00021983232206911947
44.7,0.0002420885956881351
44.75,0.00030378647901027763
44.800000000000004,0.0002659794645474544
44.85,0.00023788755108505814
44.900000000000006,0.0003443340031394885
44.95,0.0002606188681412069
45.0,0.0002163302893555772
45.050000000000004,0.0001884317884381443
45.1,0.00023859042075579975
45.150000000000006,0.0004136129611658693
45.2,0.00040143063066619606
45.25,0.000401167969861933
45.300000000000004,0.0003875594228949647
45.35,0.00040072462554569877
45.400000000000006,0.00041539802197424684
45.45,0.0003751074904285175
45.5,0.000436625804694477
45.550000000000004,0.0003874480102985346
45.6,0.00029815732702309476
45.650000000000006,0.00031066628848361663
45.7,0.00033581022818307944
45.75,0.0003498096898894549
45.800000000000004,0.00037049399638525274
45.85,0.00032727388005554243
45.900000000000006,0.00020454310125930602
45.95,0.00013381213150543336
46.0,7.867040919826433e-05
46.050000000000004,1.9796717035349137e-05
46.1,3.00035534508181e-05
46.150000000000006,4.7618001239994534e-05
46.2,1.9140332365634827e-05
46.25,2.9271382329865627e-05
46.300000000000004,-3.938765498323512e-05
46.35,-0.00021210185762371797
46.400000000000006,-0.00016863495138452736
46.45,-3.084367441106621e-05
46.5,-8.999180070698581e-05
46.550000000000004,-8.30549365892775e-05
46.6,-0.000111828284471174
46.650000000000006,-0.00023129713200482628
46.7,-0.00019478320112941924
46.75,-0.0002511981892582505
46.800000000000004,-0.00021924887947871198
46.85,-0.0002624002752956003
46.900000000000006,-0.0003182411896848134
46.95,-0.00017947272085179074
47.0,-0.0001752516794924688
47.050000000000004,-0.0001770384525271207
47.1,-0.00023981769867149357
47.150000000000006,-0.00024916690924612484
47.2,-0.0002771598993453648
47.25,-0.0002420665992913679
47.300000000000004,-0.0002271058683548577
47.35,-0.0004120882471125476
47.400000000000006,-0.0004730610054689602
47.45,-0.0005890915074946118
47.5,-0.0007304602266474558
47.550000000000004,-0.0008050344156678899
47.6,-0.0008715129964403226
47.650000000000006,-0.0008585674367658461
47.7,-0.0008300975892489242
47.75,-0.0007296350291603213
47.800000000000004,-0.0004858509795360558
47.85,-0.0003535995329318433
47.900000000000006,-0.0003618585817344978
47.95,-0.00039546130991386595
48.0,-0.00035335808092360263
48.050000000000004,-0.000269727648027412
48.1,-0.0002879716810955953
48.150000000000006,-0.0002513142997845933
48.2,-0.0001582693833374492
48.25,-0.00011211565039219477
48.300000000000004,-9.279149953453098e-05
48.35,-2.6738284966817935e-05
48.400000000000006,-1.797753340284057e-05
48.45,2.5624871700168642e-05
48.5,6.617573825299949e-05
48.550000000000004,2.2687149463663846e-05
48.6,9.948845268277326e-05
48.650000000000006,0.00011677104557292445
48.7,0.00012060250175002923
48.75,0.00013996113673710596
48.800000000000004,0.00024246202249784916
48.85,0.000511323565268655
48.900000000000006,0.0006352240219032776
48.95,0.0006416558753923974
49.0,0.0007111724444471434
49.050000000000004,0.0007939928878108654
49.1,0.0007831243603264533
49.150000000000006,0.0007387521042364184
49.2,0.0007426087907622712
49.25,0.0007181652382460959
49.300000000000004,0.0006721098152848836
49.35,0.0006215331106799326
49.400000000000006,0.00042749289565604945
49.45,0.00031438059619943044
49.5,0.00033569454626359137
49.550000000000004,0.00022543727539132302
49.6,0.0001292408439728277
49.650000000000006,0.00013998337060823073
49.7,0.00022423068875722488
49.75,0.00018657169465834776
49.800000000000004,0.00021721933494344388
49.85,0.00023147155593433564
49.900000000000006,6.883893461198884e-05
49.95,0.00016398591621528044
50.0,-1.2111622846852136e-05
50.050000000000004,-9.8347559850098e-05
50.1,-0.0001623345849688914
50.150000000000006,-0.0004173160386712269
50.2,-0.00032534855374052646
50.25,-0.0004414616969578204
50.300000000000004,-0.00036294056220541836
50.35,-0.00024210136720103072
50.400000000000006,-0.00027361210280943795
50.45,-0.0003408180828603706
50.5,-0.0002839698384398271
50.550000000000004,-0.00013724444293960482
50.6,-0.00028700740042847265
50.650000000000006,-0.0002874490424742577
50.7,-0.00033918150150320596
50.75,-0.00028171233344188287
50.800000000000004,-0.00022574905342955594
50.85,-0.00025896577006432686
50.900000000000006,-0.00021121090396453572
50.95,-0.0003313925367577319
51.0,-0.0003401361316620664
51.050000000000004,-0.0003890150329198478
51.1,-0.0004089275807881326
51.150000000000006,-0.0002520127019113461
51.2,-0.0003090941740833985
51.25,-0.00030451264375198255
51.300000000000004,-0.000303652006496758
51.35,-0.0003236003065238743
51.400000000000006,-0.00016299963450705
51.45,-0.00016140598112474258
51.5,-3.647302712582909e-05
51.550000000000004,-4.899739717816633e-05
51.6,-0.00014102293916356452
51.650000000000006,9.176271260369588e-06
51.7,-5.2380032552319466e-05
51.75,3.4670695182239646e-05
51.800000000000004,6.154257415510325e-05
51.85,2.2292378810505712e-05
51.900000000000006,0.00013685295708728163
51.95,0.00017637692226668737
52.0,0.0002775795065187333
52.050000000000004,0.00018040665351721306
52.1,0.00015085785094310521
52.150000000000006,0.00012131944768563236
52.2,0.00015569113738728382
52.25,0.0002019624440459689
52.300000000000004,2.0883419922839502e-05
52.35,0.00014148007476463375
52.400000000000006,0.00023905578726519488
52.45,0.00019027055065237405
52.5,0.00021654258795276196
52.550000000000004,0.00023316847842438725
52.6,0.00020671267647634758
52.650000000000006,0.0002434261242393047
52.7,0.0003351356159712824
52.75,0.0004498914514886756
52.800000000000004,0.0003766776034197904
52.85,0.00031907954670895296
52.900000000000006,0.0003313369715360315
52.95,0.00020020462857255663
53.0,0.00037892036640777195
53.050000000000004,0.0002492964299179138
53.1,0.0002504532922838758
53.150000000000006,0.00042399911754179974
53.2,0.0001955837766249478
53.25,0.0002695834102815298
53.300000000000004,0.00017938474351742413
53.35,0.00016943841830988746
53.400000000000006,0.00032667615056509487
53.45,0.00029890859461215733
53.5,0.00022210625969227757
53.550000000000004,8.958100440058811e-05
53.6,0.00010417446278856518
53.650000000000006,0.00014997540940334396
53.7,0.00011553065697415394
53.75,0.00017619020872930392
53.800000000000004,0.0003260087215412742
53.85,0.00015038336055438466
53.900000000000006,0.00010626615437817488
53.95,0.00024863876622851675
54.0,0.00017850154744609572
54.050000000000004,0.00019528756165275777
54.1,0.00023583923244567407
54.150000000000006,0.00025483128535635396
54.2,0.00019430719465473307
54.25,0.00013302491019818202
54.300000000000004,1.882668950645119e-06
54.35,8.396711926178424e-05
54.400000000000006,7.761323228849781e-05
54.45,-0.00017469939912658142
54.5,-7.633243015214378e-05
54.550000000000004,-0.00018306154008948506
54.6,-0.00010480615395395657
54.650000000000006,-0.00016032062387593476
54.7,-0.0003927012677037614
54.75,-0.0002825831345546705
54.800000000000004,-0.0003210996953313971
54.85,-0.0002563708532682804
54.900000000000006,-0.0003595980368040326
54.95,-0.0003566107067045291
55.0,-0.000272672764036856
55.050000000000004,-0.0003232595552064707
55.1,-0.00026912210480333355
55.150000000000006,-0.00029750118782344173
55.2,-0.0003095773292131068
55.25,-0.0002659721039527168
55.300000000000004,-0.00014736841636487285
55.35,-0.00010682827633293595
55.400000000000006,-7.376657293014403e-05
55.45,-8.830717140694752e-05
55.5,-0.0001303897937074339
55.550000000000004,-9.450755557176792e-05
55.6,-0.00015378360584482087
55.650000000000006,-0.0001462419291537302
55.7,-0.0002100839324436761
55.75,-0.0003757740021573609
55.800000000000004,-0.0003119288670961683
55.85,-0.00025631357952202383
55.900000000000006,-0.0001851523604606787
55.95,-3.528965068452629e-05
56.0,1.2721726836760425e-05
56.050000000000004,0.00012011524871752288
56.1,0.00013903081949110006
56.150000000000006,9.993166417703408e-05
56.2,0.0001870848822767988
56.25,0.00024594346286788404
56.300000000000004,0.0002111220926927939
56.35,0.00019481577014010513
56.400000000000006,0.00017324808660553717
56.45,8.326298944511551e-05
56.5,6.974829627312777e-05
56.550000000000004,0.00011041385118560712
56.6,0.0001762824531527888
56.650000000000006,0.00027627066997051175
56.7,0.00030710010107583453
56.75,0.0002910617153396781
56.800000000000004,0.0002660498456560817
56.85,0.0002506405523914302
56.900000000000006,0.00021808614941132228
56.95,0.00016615847846806266
57.0,0.00016098670913719786
57.050000000000004,0.00012158340843379939
57.1,0.00010813379977281434
57.150000000000006,9.463361557177317e-05
57.2,1.792799175479576e-05
57.25,7.120182134512947e-05
57.300000000000004,7.687631491570797e-05
57.35,-1.259986450904684e-05
57.400000000000006,-3.747719226340431e-05
57.45,-0.00011663614666443453
57.5,-0.00022258345687980782
57.550000000000004,-0.00026466962164104787
57.6,-0.0002696412036002314
57.650000000000006,-0.0003013953664418764
57.7,-0.00037850537144626996
57.75,-0.0004363268873910588
57.800000000000004,-0.00047188563478478177
57.85,-0.0004309393270805749
57.900000000000006,-0.0003870439386220081
57.95,-0.00041449838858064256
58.0,-0.00040110512716643387
58.050000000000004,-0.0004241349956796672
58.1,-0.0005177639861936861
58.150000000000006,-0.0005876266849978525
58.2,-0.0004472239389737371
58.25,-0.00033357426424110263
58.300000000000004,-0.0003967635372425476
58.35,-0.0004109127249548038
58.400000000000006,-0.00048226980430429
58.45,-0.0004696591931059006
58.5,-0.0004139435870594901
58.550000000000004,-0.0004250859026404238
58.6,-0.00038420084521779545
58.650000000000006,-0.00032620689247557955
58.7,-0.0002889945463591225
58.75,-0.00036097920395247713
58.800000000000004,-0.00037200752265476896
58.85,-0.0003228192578277736
58.900000000000006,-0.0003991645239867492
58.95,-0.00041751568746235693
59.0,-0.0002797916650668662
59.050000000000004,-0.00021929541421606904
59.1,-0.00019515789053454764
59.150000000000006,-8.329253507954687e-05
59.2,-5.904725845002957e-05
59.25,3.1505066532728645e-06
59.300000000000004,2.900266625065149e-05
59.35,-0.00011002888236108144
59.400000000000006,-8.701495672389256e-05
59.45,5.6438875761972385e-05
59.5,0.00014572759044392228
59.550000000000004,0.00019868663805721346
59.6,0.00017222431906341952
59.650000000000006,0.00016887954779164346
59.7,0.00016339286093982542
59.75,0.0001468510433342338
59.800000000000004,0.00014006136831277668
59.85,0.00014674174034345512
59.900000000000006,0.00026125765691011727
59.95,0.000309003645212765
60.0,0.0003984623293880043
60.050000000000004,0.00048356944429675286
60.1,0.0004469313505921866
60.150000000000006,0.0004653877003319977
60.2,0.0005129353668645516
60.25,0.0006371294842789477
60.300000000000004,0.000747324582214233
60.35,0.0007469309961956224
60.400000000000006,0.0006404088173054709
60.45,0.00048720104995403905
60.5,0.0005228448194054744
60.550000000000004,0.0006500070859242215
60.6,0.0007572374579360047
60.650000000000006,0.0007888114648700318
60.7,0.0005998429131546395
60.75,0.0004585610476781698
60.800000000000004,0.0003887435560765945
60.85,0.0004052518647659236
60.900000000000006,0.00046350621697015124
60.95,0.0004104467780313393
61.0,0.00047343655378304556
61.050000000000004,0.0004741530509163461
61.1,0.000446775554037184
61.150000000000006,0.000436628453138254
61.2,0.0004808628918914687
61.25,0.0006025126600631594
61.300000000000004,0.0004687079598006129
61.35,0.0004145480837956093
61.400000000000006,0.00037984902119887553
61.45,0.00025390174796179103
61.5,0.00024474996457876354
61.550000000000004,0.0001525228422189433
61.6,0.00010650446979336808
61.650000000000006,0.00011338161518219236
61.7,7.581906606322344e-05
61.75,5.704521905082219e-06
61.800000000000004,-6.872809808791577e-05
61.85,-1.968113472523195e-05
61.900000000000006,-4.033885793265393e-05
61.95,-0.00011286975993174624
62.0,-0.00010130324704444187
62.050000000000004,-0.00017058928153683225
62.1,-0.0001617239804569833
62.150000000000006,-0.0001497527919630336
62.2,-0.00032934640551933594
62.25,-0.00038175320158764515
62.300000000000004,-0.0003939070150287298
62.35,-0.00043936748826457376
62.400000000000006,-0.0003606170975087648
62.45,-0.0003218632342186091
62.5,-0.00038180540921926783
62.550000000000004,-0.0004453393692533524
62.6,-0.00043147815769768825
62.650000000000006,-0.0003417093591229975
62.7,-0.0002012970262138893
62.75,-0.00011797974822640639
62.800000000000004,-9.696027388108545e-05
62.85,-0.0001545865829084471
62.900000000000006,-0.00029680449088014205
62.95,-0.0003705549364201203
63.0,-0.0003773256988963289
63.050000000000004,-0.00032529169932647825
63.1,-0.00023228705276315202
63.150000000000006,-0.00015924067645877658
63.2,-0.0003008239417465269
63.25,-0.0003888107888152429
63.300000000000004,-0.00034072855759668144
63.35,-0.0004344661714666376
63.400000000000006,-0.0004107137630193769
63.45,-0.00034377455777440477
63.5,-0.0002893764485535379
63.550000000000004,-0.00017767804267223675
63.6,-0.00019146255979545572
63.650000000000006,-0.00032032969880906747
63.7,-0.0002834222274210691
63.75,-0.0002880428197792407
63.800000000000004,-0.0003691150065744848
63.85,-0.00035128948324127243
63.900000000000006,-0.00043443878980715115
63.95,-0.0003354766559499845
64.0,-0.0003367501249681821
64.05,-0.00034166932675706125
64.10000000000001,-0.0002358120647357536
64.15,-0.00027477689077515965
64.2,-0.00012272356664028505
64.25,-0.0001548758236662071
64.3,-9.929258663051726e-05
64.35000000000001,8.04319243145839e-05
64.4,4.028055050459272e-05
64.45,8.356570422958244e-06
64.5,-8.444215838796736e-05
64.55,-5.7565224063984504e-05
64.60000000000001,1.765619052313558e-05
64.65,9.366733587332702e-05
64.7,0.00010359510940445177
64.75,7.715816948164073e-05
64.8,0.00015775624679500313
64.85000000000001,8.310366995149586e-05
64.9,9.690699552694174e-05
64.95,0.00025191829432867456
65.0,0.000328946673700499
65.05,0.0004171518626510721
65.10000000000001,0.0003627281546920569
65.15,0.00030238813912635237
65.2,0.0003453528998049581
65.25,0.0002389959157332127
65.3,0.00021959357988904945
65.35000000000001,0.0003755625835378195
65.4,0.00037551695546136893
65.45,0.0003992640446957678
65.5,0.0003821597363761862
65.55,0.0002328114229955541
65.60000000000001,0.00019195355091580757
65.65,8.05179041203725e-05
65.7,0.00015781425891829237
65.75,0.0002328861739092899
65.8,0.0001080900818110768
65.85000000000001,0.00016681901075627954
65.9,0.00010517844845407299
65.95,0.00010520474391242007
66.0,0.00016838195020609434
66.05,0.00013570319092599603
66.10000000000001,0.00020183603989651613
66.15,0.00014015938524057655
66.2,0.00014162573216172774
66.25,0.00021514926577488947
66.3,0.0002470469361261435
66.35000000000001,0.0003079030566412515
66.4,0.00024093979616989669
66.45,0.00013828886775893586
66.5,0.00013814882936460113
66.55,8.374186360704446e-05
66.60000000000001,-6.431369897540493e-05
66.65,-4.356299287357771e-06
66.7,-5.358779090347231e-06
66.75,-0.00011636195882915703
66.8,-6.31957526254822e-05
66.85000000000001,-7.025215763094457e-05
66.9,-7.555775101012577e-08
66.95,3.142205496246185e-05
67.0,-2.2571036281404274e-05
67.05,0.0001284616209807334
67.10000000000001,0.00013232977222058908
67.15,-9.938700743936552e-05
67.2,-9.116183641668659e-05
67.25,-1.6861658783382335e-05
67.3,-0.00013059886102029326
67.35000000000001,-0.00017603549572215831
67.4,-0.00019329599985445844
67.45,-0.0001652927421186907
67.5,-0.00017673092239801024
67.55,-0.00022909819585039735
67.60000000000001,-0.00022729042793070034
67.65,-0.00032957107720233667
67.7,-0.0002937192671020605
67.75,-0.0002460488130973795
67.8,-0.0002616055639244614
67.85000000000001,-0.00016281072764659467
67.9,-0.00020823443509368917
67.95,-0.00024407426069158246
68.0,-0.00016630965207676174
68.05,-0.0001027402499896017
68.10000000000001,-8.903197811622001e-05
68.15,-2.4879242710716424e-05
68.2,9.863292064721677e-05
68.25,-3.0708389072658867e-06
68.3,-7.736703384552096e-05
68.35000000000001,-8.041894558025185e-05
68.4,-7.835582125116059e-05
68.45,-4.145811880124876e-05
68.5,-2.842486777941721e-05
68.55,8.928435958302467e-05
68.60000000000001,0.00011699913744018683
68.65,0.0002820807811574787
68.7,0.0003608814221209759
68.75,0.00029024416285105235
68.8,0.0002574077173863382
68.85000000000001,7.36459858646403e-05
68.9,0.0001817944337061814
68.95,0.00022892105524751697
69.0,0.00019422094858570214
69.05,9.106788081921775e-05
69.10000000000001,-0.00020313581549388183
69.15,-0.00014970569896184354
69.2,-0.00013055107500915418
69.25,-0.00020288427966013068
69.3,-0.00020770065821979855
69.35000000000001,-0.0001643187621623023
69.4,4.317137064512467e-05
69.45,0.0001680891350318874
69.5,0.00023718296055682482
69.55,0.00026457009335024653
69.60000000000001,0.00019452455247171192
69.65,0.0001332973586341535
69.7,4.893905843700532e-05
69.75,6.776213220287582e-05
69.8,0.00013626982690856398
69.85000000000001,-2.71397249673777e-05
69.9,-0.0001423500980389719
69.95,-7.636150448866778e-05
70.0,-8.179814507733215e-05
70.05,-9.476040118714407e-05
70.10000000000001,-7.14099749993684e-05
70.15,-3.329371665566048e-05
70.2,-5.322636716354029e-05
70.25,-0.00012377715985716471
70.3,-9.634270950461957e-05
70.35000000000001,-0.00010466473848270223
70.4,-3.580442713232383e-05
70.45,3.519465666990985e-05
70.5,-7.296195227346835e-05
70.55,-0.00010690575011629833
70.60000000000001,-0.00019369113318456197
70.65,-0.0002872503012945418
70.7,-0.0003266551455799543
70.75,-0.00032230682165746273
70.8,-0.00010851223722248003
70.85000000000001,-2.557049539317463e-05
70.9,1.6424181891519937e-05
70.95,0.000104405550926472
71.0,3.181704556126136e-05
71.05,8.992121068584255e-05
71.10000000000001,3.0612784867400462e-06
71.15,-0.0001069072401419845
71.2,6.911060734219559e-05
71.25,4.5185295716143476e-05
71.3,-1.3732803920571838e-05
71.35000000000001,1.644095585800305e-05
71.4,3.763019016938679e-05
71.45,2.1601806864134942e-05
71.5,-1.9222119432557402e-06
71.55,5.622121558351381e-05
71.60000000000001,-3.9501737957841746e-05
71.65,-0.00011893948763269369
71.7,-0.00013899575595035566
71.75,-0.0001984898457423358
71.8,-0.00020305752927733575
71.85000000000001,-0.0003317635618728824
71.9,-0.0004025681089348655
71.95,-0.00031813488013559773
72.0,-0.0002337521945354431
72.05,-0.00020068647681262833
72.10000000000001,-0.00028283538724069887
72.15,-0.00025357829384430465
72.2,-0.0003291306520152975
72.25,-0.00041661429027279017
72.3,-0.00028123546199089965
72.35000000000001,-0.00025289073714193454
72.4,-0.0001814899479436895
72.45,-0.00033228752327064384
72.5,-0.0004103056948132002
72.55,-0.00034495681199318324
72.60000000000001,-0.00040223839076328606
72.65,-0.00022773165860103843
72.7,-0.0003638352333660889
72.75,-0.0003008405740519912
72.8,-0.00012642207216306714
72.85000000000001,-0.00019796807662170914
72.9,3.138051904376653e-05
72.95,6.231969617641911e-05
73.0,9.472114670358196e-05
73.05,0.00013081491189061135
73.10000000000001,0.00014385345718769527
73.15,0.00026163601822150144
73.2,0.0001995892576104883
73.25,0.00017393092086746527
73.3,8.806999355556599e-05
73.35000000000001,0.00012033042085039949
73.4,0.0002840870824153568
73.45,0.0003244869072195652
73.5,0.0003841890165673434
73.55,0.0004832552355167668
73.60000000000001,0.0005696750136785629
73.65,0.00048147173325394977
73.7,0.0004259464505951188
73.75,0.0005190094924546605
73.8,0.0005548462540312693
73.85000000000001,0.0005542612014579039
73.9,0.0005603491445256506
73.95,0.0005924283965021607
74.0,0.0005197284703036089
74.05,0.000421008638953563
74.10000000000001,0.00042035194082895366
74.15,0.00032011648489905354
74.2,0.00027484874487877277
74.25,0.0004309219867656056
74.3,0.0005572585338880774
74.35000000000001,0.0006761482754114378
74.4,0.0007259205145039993
74.45,0.0007036025723555175
74.5,0.0007303049827576877
74.55,0.0006663404732779316
74.60000000000001,0.0006721992004559571
74.65,0.000588875448282049
74.7,0.0005099880669687071
74.75,0.0005016643657358213
74.8,0.00034545742588103744
74.85000000000001,0.00032816951114971523
74.9,0.0002135213122662862
74.95,0.00016497478362290156
75.0,0.00017361270998008955
75.05,0.0001792499188659723
75.10000000000001,0.00019228750660153402
75.15,7.823891100200551e-05
75.2,3.325858908887579e-05
75.25,-6.525182547982814e-05
75.3,-1.5193781476932189e-05
75.35000000000001,-0.0001271480817043023
75.4,-0.0003803114825139611
75.45,-0.0004930829779470236
75.5,-0.0005182176527986822
75.55,-0.0004668618209871512
75.60000000000001,-0.0005151107900566433
75.65,-0.0006035245523227838
75.7,-0.0007402773114244011
75.75,-0.0007596780740455582
75.8,-0.0008029004159014744
75.85000000000001,-0.000762208340347858
75.9,-0.0006219994963897523
75.95,-0.0005137881785783362
76.0,-0.00033949745227165363
76.05,-0.0004171379288861675
76.10000000000001,-0.0004591641266886013
76.15,-0.0004180238921600614
76.2,-0.0004497507331836437
76.25,-0.00042208884389061016
76.3,-0.00036921739702954636
76.35000000000001,-0.00034389084436062793
76.4,-0.00034908166738731745
76.45,-0.0002443606673516875
76.5,-0.0002934979521768989
76.55,-0.0003575502150738695
76.60000000000001,-0.00019875327604265168
76.65,-0.00011208360065025618
76.7,-2.992696600722078e-05
76.75,3.211340871303285e-05
76.80000000000001,0.00010078615448007608
76.85000000000001,0.0002756553096558027
76.9,0.0002766050672491389
76.95,0.00015490374721377064
77.0,6.732767743415936e-05
77.05000000000001,9.932396918323516e-05
77.10000000000001,0.00014612834969779406
77.15,4.15583038474912e-06
77.2,2.0394553798699883e-05
77.25,0.000186672272622177
77.30000000000001,0.00028305796642581895
77.35000000000001,0.00031178175786484625
77.4,0.00027061577955550764
77.45,0.00025243799096763173
77.5,0.00026839495326962256
77.55000000000001,0.00023898566724852584
77.60000000000001,0.00021102153149495347
77.65,0.0002974422449864608
77.7,0.0003637640877877135
77.75,0.00038101135936763016
77.80000000000001,0.00037444844362695775
77.85000000000001,0.0003269880470799823
77.9,0.00028841419134486554
77.95,0.0002297515566363778
78.0,0.00010344957956290298
78.05000000000001,-3.996441907193571e-05
78.10000000000001,-6.228742423389836e-05
78.15,-7.794093455667391e-05
78.2,-4.308446752003041e-05
78.25,-3.6474683228187435e-05
78.30000000000001,-0.00016733170431584734
78.35000000000001,-0.00018228494669550316
78.4,-0.00025222447370603024
78.45,-0.0002463767549969694
78.5,-0.00011421363410938318
78.55000000000001,-3.0339972529101903e-05
78.60000000000001,0.00012264378251099705
78.65,6.239597821924876e-05
78.7,-6.247709211639703e-05
78.75,-0.00015315095991668684
78.80000000000001,-0.0003084426801536757
78.85000000000001,-0.00035002517230038285
78.9,-0.0003670561571030323
78.95,-0.00032906809711832956
79.0,-0.00033190568514440905
79.05000000000001,-0.0003577324686498406
79.10000000000001,-0.00036716453284364097
79.15,-0.000401806373627826
79.2,-0.0004386202437396045
79.25,-0.00045976942960240287
79.30000000000001,-0.00028395417756468843
79.35000000000001,-0.00015859349927462946
79.4,-7.47666783452557e-05
79.45,-6.664773582175132e-05
79.5,-0.00020704735230486478
79.55000000000001,-0.0002500233521833281
79.60000000000001,-0.00031891125806775636
79.65,-0.00028813701791124475
79.7,-0.0001391205011702912
79.75,-0.0001735203927676683
79.80000000000001,-0.00012310395989910042
79.85000000000001,-5.698670183514191e-06
79.9,-6.798015240241974e-05
79.95,-7.292220296475314e-05
80.0,-8.813417097904472e-05
80.05000000000001,-8.537665747576394e-05
80.10000000000001,-0.000128543949266154
80.15,-0.00015670406611501526
80.2,-5.691409394867628e-05
80.25,-0.0001835866639285616
80.30000000000001,-0.00023133839656712117
80.35000000000001,-0.00018679026921660514
80.4,-0.0002550092794990577
80.45,-0.0002933321226879707
80.5,-0.00039834590451914625
80.55000000000001,-0.00038800769968167414
80.60000000000001,-0.00034032938374535483
80.65,-0.00042842862976498166
80.7,-0.0003640117621168506
80.75,-0.0002436661997869222
80.80000000000001,-0.00016695149539428206
80.85000000000001,-8.036649456648249e-05
80.9,-0.00010724735946062568
80.95,-0.00016140052650977325
81.0,-0.0002279618354074588
81.05000000000001,-0.00013900644155822656
81.10000000000001,-8.399913313942003e-05
81.15,-7.556759161549476e-05
81.2,2.2017216639147553e-06
81.25,-0.00012114483283003507
81.30000000000001,-4.6605818496676366e-05
81.35000000000001,-0.0001360258189781945
81.4,-0.00030767047299079607
81.45,-0.00019894644792336228
81.5,-0.0001308330378169103
81.55000000000001,4.007377195978019e-05
81.60000000000001,0.00011836364807164559
81.65,0.00011741289334089264
81.7,8.551927032632502e-05
81.75,0.00010218692882722015
81.80000000000001,0.00015552916492497348
81.85000000000001,0.00018610621619849437
81.9,0.00026376248320484974
81.95,0.0002926501445085595
82.0,0.0004154285259252005
82.05000000000001,0.0004114231182082568
82.10000000000001,0.00037945502929518504
82.15,0.00046589802021893586
82.2,0.0004530489931193153
82.25,0.0005065996232576259
82.30000000000001,0.000510639225628447
82.35000000000001,0.00045699385451349837
82.4,0.0004905501278889161
82.45,0.0004441287406587572
82.5,0.00042249311597048286
82.55000000000001,0.0004144963285079672
82.60000000000001,0.000359209309347917
82.65,0.00038591422263211376
82.7,0.0003980168745572786
82.75,0.00046312882839934314
82.80000000000001,0.0005270071859100909
82.85000000000001,0.0004536773190516895
82.9,0.00039248156562440715
82.95,0.0004147456018501052
83.0,0.00039786832860312047
83.05000000000001,0.00031212510401557476
83.10000000000001,0.0003402929267564518
83.15,0.0003597699904814105
83.2,0.00039581395324867977
83.25,0.0004684811473597403
83.30000000000001,0.0004484819521005077
83.35000000000001,0.00038187771913163996
83.4,0.0002493443837523474
83.45,0.00020690885922157638
83.5,0.0002352466425669166
83.55000000000001,0.0002838264474113637
83.60000000000001,0.00037047402381610786
83.65,0.0004164231532353569
83.7,0.0003481085094863182
83.75,0.00029629329548253703
83.80000000000001,0.0002802884874634304
83.85000000000001,0.0002748240596044368
83.9,0.0003527075913174442
83.95,0.00021449669294058244
84.0,0.00018116511889523375
84.05000000000001,0.00021926899079494547
84.10000000000001,0.00013190128652213344
84.15,0.00018430925840876727
84.2,9.63680605210767e-05
84.25,-8.590936954530593e-06
84.30000000000001,-7.113566655078876e-05
84.35000000000001,-0.00010167746535000028
84.4,5.282320187841033e-06
84.45,0.00013828226903874372
84.5,0.0003233183577445894
84.55000000000001,0.0004348116951454572
84.60000000000001,0.0002929433051579151
84.65,0.0001079762392446165
84.7,1.4386085678989137e-05
84.75,-6.511050325035813e-05
84.80000000000001,-8.594271800521611e-05
84.85000000000001,-0.00014545539567877496
84.9,-0.00013146360133532267
84.95,-7.815611243255811e-05
85.0,-6.281652700011738e-05
85.05000000000001,-6.687972120109633e-05
85.10000000000001,-0.00021592521925866356
85.15,-0.0002707129012143197
85.2,-0.0002758338273624192
85.25,-0.000301141513590799
85.30000000000001,-0.0002909201720120369
85.35000000000001,-0.00025781124052848015
85.4,-0.00011043423043168054
85.45,-9.547978294906757e-05
85.5,-0.00016094704582479788
85.55000000000001,-0.00017087458249683148
85.60000000000001,-0.00016613812164800444
85.65,-0.00012965826647808786
85.7,-8.670731675803523e-05
85.75,-0.00012422761359120237
85.80000000000001,-0.0002518879973009204
85.85000000000001,-0.00016877754406978488
85.9,-7.774841339853986e-05
85.95,-0.0001244406077205616
86.0,-0.0001327691400393801
86.05000000000001,-0.0001525250158736635
86.10000000000001,-0.00020675061794994467
86.15,-0.0002820805230659662
86.2,-0.00022546261129587398
86.25,-0.0001260670258870344
86.30000000000001,-6.860566683189752e-05
86.35000000000001,2.492970254442933e-05
86.4,-3.568039922807809e-05
86.45,-0.00011744437679418371
86.5,-0.00013046523387908083
86.55000000000001,-0.0001557388985902111
86.60000000000001,-0.00014794879613611899
86.65,-0.0001353364891281746
86.7,-5.6238690265009464e-05
86.75,-3.771733963177518e-05
86.80000000000001,-0.0001748845740587222
86.85000000000001,-0.00021437894821034565
86.9,-0.00016437955732208438
86.95,-0.00025894138192346855
87.0,-9.164147967517084e-05
87.05000000000001,6.259990692725481e-05
87.10000000000001,8.489562977559038e-05
87.15,7.629080477576222e-05
87.2,-0.0001437713330824598
87.25,-6.26156436022461e-05
87.30000000000001,-8.593147592705782e-05
87.35000000000001,-6.363377468919722e-05
87.4,1.9877331677455496e-05
87.45,-5.8305363683260216e-05
87.5,3.478776324220865e-06
87.55000000000001,-4.293936341422487e-05
87.60000000000001,-0.00014926621022332334
87.65,-0.00027686708565226217
87.7,-0.00015677282570760744
87.75,-0.00010996674244224876
87.80000000000001,-0.00010672946344066025
87.85000000000001,1.7144125353225217e-05
87.9,-0.00010168019562928438
87.95,-4.042801572370352e-05
88.0,-9.927682095356762e-05
88.05000000000001,-0.00018386360877527976
88.10000000000001,-0.0001968530306337304
88.15,-0.0003106233661369565
88.2,-0.0002041916035646664
88.25,-0.00017624774372635986
88.30000000000001,-0.00019855553313343277
88.35000000000001,-0.0001202811920946179
88.4,-0.00010711442600255038
88.45,-0.0002459852160134448
88.5,-0.00031250057820727135
88.55000000000001,-0.0003601543133746678
88.60000000000001,-0.0003480772185105255
88.65,-0.0003007850029837207
88.7,-0.00016923475632697993
88.75,-4.035477293269747e-05
88.80000000000001,-0.00018756947646479357
88.85000000000001,-0.0001947864429956985
88.9,-0.00023437971657504377
88.95,-0.0003390365299693148
89.0,-0.00038020991518906966
89.05000000000001,-0.00028062058363754696
89.10000000000001,-0.0002200716844737969
89.15,-0.0002840033978834002
89.2,-0.0002717954425898954
89.25,-0.00036547927875797757
89.30000000000001,-0.00034883086778006895
89.35000000000001,-0.0003533562851303988
89.4,-0.0003307521023247527
89.45,-0.0002609491872305697
89.5,-0.00021749790222947696
89.55000000000001,-0.00014466404369848393
89.60000000000001,-0.00016652248610721555
89.65,-9.582522891164215e-05
89.7,-0.00019261824094200913
89.75,-0.00020946905005735336
89.80000000000001,-0.00016494385887497033
89.85000000000001,-0.0002901105753372692
89.9,-0.00017110117827450527
89.95,-0.00010882652736772893
90.0,-3.863466280991079e-05
90.05000000000001,-2.5900852495583843e-05
90.10000000000001,-0.00015977666078854054
90.15,-0.00016087879918954125
90.2,-0.00014882213442868518
90.25,-5.5982001751835094e-05
90.30000000000001,7.530036636638059e-05
90.35000000000001,0.00033048217013571335
90.4,0.0004138547508366605
90.45,0.0003685237170202312
90.5,0.0003653930878751868
90.55000000000001,0.0003361165902967473
90.60000000000001,0.00040998962106585053
90.65,0.00039012468406933546
90.7,0.0005098391805766759
90.75,0.0003575147896149353
90.80000000000001,0.0002251670605822375
90.85000000000001,0.0002822143341539756
90.9,9.400495213958067e-05
90.95,0.0001591122928179587
91.0,0.00022269399673265883
91.05000000000001,0.0002840183383029758
91.10000000000001,0.00031263304111994397
91.15,0.0002186447286615224
91.2,0.0001670136504304736
91.25,0.00011985732583633709
91.30000000000001,0.00021538744962102934
91.35000000000001,0.0002767779259444167
91.4,0.00020819108567228734
91.45,0.0001047436855511481
91.5,1.4742564313938391e-05
91.55000000000001,-4.917016064661895e-05
91.60000000000001,-9.441381520753547e-05
91.65,-0.00012023465995494543
91.7,-0.00010878973394108986
91.75,2.686408775540257e-05
91.80000000000001,0.00012921836812404406
91.85000000000001,0.0001106078352930186
91.9,0.000130047602250019
91.95,0.00013702283888677167
92.0,0.00018281144512504043
92.05000000000001,0.0001485410844696421
92.10000000000001,0.00010555075187063778
92.15,0.00020468174862756815
92.2,2.5397803841804207e-05
92.25,-0.0001714940794078776
92.30000000000001,-0.00015936568158166878
92.35000000000001,-0.00022129624624027432
92.4,-0.00027926060016641134
92.45,-0.0003146748297383484
92.5,-0.000281463700006262
92.55000000000001,-0.00022642885514487473
92.60000000000001,-0.00019711514243049742
92.65,-0.0002106040475078477
92.7,-0.000286949308712666
92.75,-0.0002314739501178372
92.80000000000001,-0.0001645389494949719
92.85000000000001,-0.0002057624820200753
92.9,-0.00017532847558470049
92.95,-4.350981456596584e-05
93.0,6.190152100222322e-05
93.05000000000001,0.00011639220929108863
93.10000000000001,2.634843886777458e-05
93.15,-8.488387632102454e-05
93.2,-5.309331222318064e-05
93.25,-6.625710748242182e-05
93.30000000000001,-6.715826897338493e-05
93.35000000000001,-5.4306063613602977e-05
93.4,8.71163280358513e-06
93.45,9.589355786058142e-05
93.5,4.303767800387548e-05
93.55000000000001,6.413560652776543e-05
93.60000000000001,0.00011163793216285763
93.65,0.00013725197496085534
93.7,0.00027249407857407533
93.75,0.00027142944389472475
93.80000000000001,0.00021876404487759866
93.85000000000001,0.0002214940030867122
93.9,0.00017114125005674173
93.95,0.0001977348083796865
94.0,0.00022028759169066698
94.05000000000001,0.0002447448399139121
94.10000000000001,0.00032237536068452003
94.15,0.00033132554521253207
94.2,0.0002500483569365482
94.25,0.000288816731648881
94.30000000000001,0.000391161484302395
94.35000000000001,0.0004144236041490862
94.4,0.0005250374671389174
94.45,0.0005981758865757425
94.5,0.0005625084043384311
94.55000000000001,0.0005948708444893134
94.60000000000001,0.0006217032215029391
94.65,0.0005516129855888889
94.7,0.0005725804474236312
94.75,0.0005969276570034055
94.80000000000001,0.0006335681977666956
94.85000000000001,0.0005836784632611279
94.9,0.0005401321234550379
94.95,0.0005980316729243659
95.0,0.0004891457670248608
95.05000000000001,0.0004921008300063865
95.10000000000001,0.0004330278302809859
95.15,0.00043451994778470013
95.2,0.0005381816940972826
95.25,0.0005463670310931417
95.30000000000001,0.0006106461112545401
95.35000000000001,0.0004850766621253169
95.4,0.00041484820265502535
95.45,0.00029816276085726216
95.5,0.0001840539611919216
95.55000000000001,0.0001661360929075594
95.60000000000001,0.00011289019668729465
95.65,0.0001439357593364921
95.7,2.670371501984811e-05
95.75,6.285162178837613e-05
95.80000000000001,9.931262860305484e-05
95.85000000000001,9.07567425842343e-05
95.9,0.00011593713433371193
95.95,3.144582908594697e-05
96.0,1.7828675903968993e-05
96.05000000000001,-9.432793830766058e-05
96.10000000000001,-0.00012522132751402421
96.15,-0.00017516497931008298
96.2,-0.00026348396059256335
96.25,-0.00022077794507658857
96.30000000000001,-0.00015999179919644617
96.35000000000001,-0.00019035535681965245
96.4,-0.00030370233848485266
96.45,-0.00028976679930729885
96.5,-0.00041678353729575785
96.55000000000001,-0.0004945479953226713
96.60000000000001,-0.00042053121641680275
96.65,-0.000482286353551272
96.7,-0.000522301428815691
96.75,-0.0004989745601548658
96.80000000000001,-0.00044872026395409523
96.85000000000001,-0.0004941425981053289
96.9,-0.0006159299951498087
96.95,-0.00065879936500715
97.0,-0.0006301875380414054
97.05000000000001,-0.0006526983922743658
97.10000000000001,-0.0005859089493800293
97.15,-0.0005516799521886228
97.2,-0.0005938556523059243
97.25,-0.0005259460270219818
97.30000000000001,-0.0005827496615437467
97.35000000000001,-0.0005748043206946533
97.4,-0.0005073172351975242
97.45,-0.0005296401762689693
97.5,-0.000516952821335563
97.55000000000001,-0.00048709335433966494
97.60000000000001,-0.000579011069565183
97.65,-0.0006151313855946337
97.7,-0.0004357119417895268
97.75,-0.0002740644404359109
97.80000000000001,-0.0002728528210027671
97.85000000000001,-0.00044768559394471044
97.9,-0.00040997178330499635
97.95,-0.0003350675855489073
98.0,-0.00029356416975801733
98.05000000000001,-0.00015543892793458717
98.10000000000001,-0.0002030416557422756
98.15,-0.0001681489860007267
98.2,-0.00011763654400882216
98.25,-0.00012803901048738728
98.30000000000001,-0.00015255069510689866
98.35000000000001,-0.00012653346092557073
98.4,-0.00010423121824572625
98.45,-0.0001822395287104169
98.5,-0.0001361719778169085
98.55000000000001,-6.856799418416698e-05
98.60000000000001,-2.9955937724316223e-05
98.65,6.409360482518363e-06
98.7,7.321729620181533e-05
98.75,5.67837125807582e-05
98.80000000000001,6.038452684720569e-05
98.85000000000001,0.000135284822685574
98.9,0.0001247060026732655
98.95,0.0001906223964841098
99.0,0.00024164082305252563
99.05000000000001,0.00025918353909405825
99.10000000000001,0.0003019463187854097
99.15,0.00029116753502225133
99.2,0.00023873331862140742
99.25,0.0003066186407637024
99.30000000000001,0.0003105542571958711
99.35000000000001,0.0002951191968350793
99.4,0.0004542383094968158
99.45,0.00040674404894835406
99.5,0.0003495335061588449
99.55000000000001,0.0003204989618529843
99.60000000000001,0.0003746220965434668
99.65,0.0005505383783791528
99.7,0.0005294938397205585
99.75,0.0005217602444227541
99.80000000000001,0.00040994045806856926
99.85000000000001,0.00031960285486133915
99.9,0.0003421372596978147
99.95,0.0002212032260797166
100.0,0.00019307836291741304
100.05000000000001,0.00018048862626761453
100.10000000000001,2.591457268923301e-05
100.15,1.4672898516279808e-05
100.2,7.819620093449152e-06
100.25,-0.00014324836586262525
100.30000000000001,-0.0001138344749970309
100.35000000000001,-0.00013427319634800932
100.4,-0.00028629625970523633
100.45,-0.0003447707514374698
100.5,-0.0003906852991207267
100.55000000000001,-0.00044410137885839043
100.60000000000001,-0.00046415331818217134
100.65,-0.00040477431552732004
100.7,-0.000453203793967867
100.75,-0.00048090038805801506
100.80000000000001,-0.00046334460476490203
100.85000000000001,-0.00048746896213281316
100.9,-0.0004982903706356035
100.95,-0.0005180991347336563
101.0,-0.0004711077574459459
101.05000000000001,-0.0005111199208239645
101.10000000000001,-0.0005043930558825816
101.15,-0.000533401535366242
101.2,-0.0006040893369558
101.25,-0.000581227867486381
101.30000000000001,-0.0005376323366002393
101.35000000000001,-0.000407174430576519
101.4,-0.00036669128235995485
101.45,-0.00033593735332445695
101.5,-0.000339432037337003
101.55000000000001,-0.0003177342214991929
101.60000000000001,-0.0002218050108283972
101.65,-0.00029683890910191485
101.7,-0.00022705522181045215
101.75,-0.00011498992318540493
101.80000000000001,-0.00010330176052475982
101.85000000000001,2.5712048163247693e-05
101.9,6.549349841899224e-05
101.95,0.00016687405491470366
102.0,0.0002919596866461399
102.05000000000001,0.00025573962322356764
102.10000000000001,0.00025734104318115447
102.15,0.0002700149439066115
102.2,0.00040001168575524515
102.25,0.0004979849012724093
102.30000000000001,0.0005022637549827004
102.35000000000001,0.0006372375603689445
102.4,0.0005997559368619644
102.45,0.0005272754688228147
102.5,0.0005899452632296009
102.55000000000001,0.000643619618963239
102.60000000000001,0.0007826601098441765
102.65,0.0008562337604404611
102.7,0.0007892949007615769
102.75,0.0007727966357133121
102.80000000000001,0.0008067375094843117
102.85000000000001,0.000753658481557489
102.9,0.000720551893687872
102.95,0.000771315225207014
103.0,0.0007454557867346234
103.05000000000001,0.0007209881651880531
103.10000000000001,0.000803418375795802
103.15,0.0008322535098718348
103.2,0.0007465644049575405
103.25,0.0007217001406371832
103.30000000000001,0.0007086196373797615
103.35000000000001,0.0006248461422002777
103.4,0.0006026337581620766
103.45,0.0006130025889564018
103.5,0.000641832954085886
103.55000000000001,0.0005873295215898348
103.60000000000001,0.00045394784888016886
103.65,0.00038434396903666335
103.7,0.00031610213263600907
103.75,0.0003733029543577775
103.80000000000001,0.00037613447147039124
103.85000000000001,0.0002688679548419588
103.9,0.00029520911180822316
103.95,0.0001289722326249593
104.0,7.03320163508426e-05
104.05000000000001,0.00012597279583290654
104.10000000000001,2.4691826896516203e-05
104.15,-1.2095651825115412e-05
104.2,-0.00010253159437626179
104.25,-5.492129681376891e-05
104.30000000000001,-0.00015904282717091827
104.35000000000001,-0.00020982721111433461
104.4,2.995640919904706e-06
104.45,-8.006619804545784e-05
104.5,-0.00023313929886597016
104.55000000000001,-0.00028979128214881995
104.60000000000001,-0.0003369573511141017
104.65,-0.0004623156787274757
104.7,-0.0005135510117585465
104.75,-0.00042453761640215296
104.80000000000001,-0.0005274049664669177
104.85000000000001,-0.0006586924339800621
104.9,-0.000654939325349978
104.95,-0.0007539121963240711
105.0,-0.0007854630880685099
105.05000000000001,-0.0007124433904851286
105.10000000000001,-0.0006998040990602448
105.15,-0.0006546704216161277
105.2,-0.0006476304599252324
105.25,-0.0006801719642144718
105.30000000000001,-0.0006282133000657128
105.35000000000001,-0.0005682863956499133
105.4,-0.0005798951337643893
105.45,-0.0005434156627240326
105.5,-0.0005487538485861338
105.55000000000001,-0.0005706483500375201
105.60000000000001,-0.000618759354288316
105.65,-0.0006834285858762059
105.7,-0.000586333580777745
105.75,-0.0005667253788814115
105.80000000000001,-0.0005517892130102582
105.85000000000001,-0.000463509105559069
105.9,-0.00028553908745902496
105.95,-0.0001434486612846096
106.0,-0.00020292994387223934
106.05000000000001,-0.00019947008646431456
106.10000000000001,-0.00023114673633633012
106.15,-0.00023851854916797076
106.2,-0.0001732892658662036
106.25,-0.0002516753346644642
106.30000000000001,-0.0003265594586618858
106.35000000000001,-0.0002857458611879803
106.4,-0.00015969725180211734
106.45,-4.1289363335397925e-05
106.5,-7.986684443132678e-05
106.55000000000001,2.772102365815269e-05
106.60000000000001,0.00026364321644643384
106.65,0.00020141136555678116
106.7,0.00017835514506646773
106.75,0.000277693701397068
106.80000000000001,0.00023491594393622683
106.85000000000001,0.00020828559854548095
106.9,0.00016362598330602138
106.95,0.00016781036038410408
107.0,0.00023421511493479355
107.05000000000001,0.00033014988865006164
107.10000000000001,0.00038503072679936534
107.15,0.00029483815744479956
107.2,0.00036792532151116444
107.25,0.00034275405256413823
107.30000000000001,0.00023938840711550772
107.35000000000001,0.00029856755092257163
107.4,0.00024240727070534387
107.45,0.00024254663226784388
107.5,0.0002804133083428643
107.55000000000001,0.0002705638260716363
107.60000000000001,0.00023083366833755
107.65,0.00020729290234495668
107.7,0.0003225420580877946
107.75,0.0002994404378683801
107.80000000000001,0.0001684550168614471
107.85000000000001,0.00015323635324327465
107.9,0.00016834142325672198
107.95,5.289256715108766e-07
108.0,-0.00010054494568166101
108.05000000000001,-0.00010218390625634108
108.10000000000001,-0.00020796993590598475
108.15,-0.00019796724592744633
108.2,-0.00022746185207486296
108.25,-0.00014636116214906194
108.30000000000001,-0.0001144092012935443
108.35000000000001,-0.0002111044991368723
108.4,-6.196427514125156e-05
108.45,2.3921807765657666e-05
108.5,1.6094192338513567e-05
108.55000000000001,-3.937626253409144e-05
108.60000000000001,-7.412827420998888e-05
108.65,-6.809642687621268e-05
108.7,-0.0001431308823167257
108.75,-0.00017514430789063913
108.80000000000001,-0.0001827079681619276
108.85000000000001,-0.0001561586105972836
108.9,-0.00015121817640247265
108.95,-0.00020131820426592316
109.0,-0.00029010833196588097
109.05000000000001,-0.00030910452691407735
109.10000000000001,-0.0002575597352199406
109.15,-0.00044382055786913423
109.2,-0.0005506162032741598
109.25,-0.0004828369551927807
109.30000000000001,-0.0005421423609783375
109.35000000000001,-0.0005769537292507231
109.4,-0.0005203959459016765
109.45,-0.0004497385614943105
109.5,-0.00043705007005119794
109.55000000000001,-0.0004147124588944122
109.60000000000001,-0.00035894555944810465
109.65,-0.0002140196677597148
109.7,-2.674100068203322e-05
109.75,-7.202098936278802e-05
109.80000000000001,-8.385725400444886e-05
109.85000000000001,5.440680193937144e-05
109.9,0.00014661900722267356
109.95,0.00023216242280403284
110.0,0.0002850348500310865
110.05000000000001,0.00027551895313174187
110.10000000000001,0.00021030498874816082
110.15,0.00025731708070227653
110.2,0.0003370557633077837
110.25,0.00036184834364464633
110.30000000000001,0.0003762784613176273
110.35000000000001,0.000408583375953724
110.4,0.0005479273751700449
110.45,0.0005788391046729517
110.5,0.0005213824204891911
110.55000000000001,0.0004966709345789123
110.60000000000001,0.00061838803498961
110.65,0.000769882818902488
110.7,0.0007141360979119346
110.75,0.0006577076847967424
110.80000000000001,0.0006823310246005992
110.85000000000001,0.0008132704414224156
110.9,0.0008187074789370296
110.95,0.0006964147782796787
111.0,0.0007175938780910336
111.05000000000001,0.0006184764686238861
111.10000000000001,0.0005461806463470728
111.15,0.0005504896440963113
111.2,0.0004813159617211314
111.25,0.0005006377058184595
111.30000000000001,0.0004427639213644328
111.35000000000001,0.0003485613383722165
111.4,0.0002024275755606596
111.45,5.637440565212144e-05
111.5,7.609459766680019e-05
111.55000000000001,6.17181768698056e-05
111.60000000000001,8.30890154166077e-05
111.65,7.185039369740263e-05
111.7,-5.6700774408670676e-05
111.75,-5.885565006131127e-05
111.80000000000001,4.9782812195036634e-05
111.85000000000001,1.9562327990424723e-05
111.9,-5.886923703284613e-05
111.95,-1.2389567469933182e-05
112.0,-7.281878643355961e-05
112.05000000000001,-1.948181154628304e-05
112.10000000000001,1.2476983831298666e-06
112.15,-0.0001109371176539661
112.2,-4.1741597062618813e-05
112.25,-7.276798350535954e-05
112.30000000000001,-5.9128773768566114e-05
112.35000000000001,-0.00012119233303315378
112.4,-0.00023741146418569849
112.45,-0.00017745218472549286
112.5,-0.00019616838267763124
112.55000000000001,-0.000226689094005574
112.60000000000001,-0.00023037788317334596
112.65,-0.00019831886703386477
112.7,-0.00018400930799842327
112.75,-0.00024020345880751222
112.80000000000001,-0.00019972356105744777
112.85000000000001,-0.0001873961806255915
112.9,-0.00023665721091387955
112.95,-0.00023976996176263188
113.0,-0.00028738235056809336
113.05000000000001,-0.00028884697346320376
113.10000000000001,-0.00032069445920560275
113.15,-0.0003227409229716802
113.2,-0.00026452299972607276
113.25,-0.00020102385816382387
113.30000000000001,-0.00015973513803855163
113.35000000000001,-0.00019563995071314802
113.4,-0.00020323044773051197
113.45,-0.00022634447046215026
113.5,-0.00014758588249364914
113.55000000000001,-7.989271036449376e-05
113.60000000000001,-0.00014214704837112698
113.65,-0.0001768299062761104
113.7,-0.00011855593017053855
113.75,-2.3050929387123374e-05
113.80000000000001,4.207111747751892e-05
113.85000000000001,5.5263121232422344e-05
113.9,-4.278943307658457e-06
113.95,-4.44209894382995e-05
114.0,-2.281078566170222e-05
114.05000000000001,4.049081496145753e-05
114.10000000000001,5.4093713121343605e-05
114.15,-2.0638172425032725e-05
114.2,-7.609949407956519e-06
114.25,1.2190641969843989e-05
114.30000000000001,-7.491667723159647e-05
114.35000000000001,-0.00011661327569578727
114.4,-0.00013741768957946363
114.45,-0.0001648204507730301
114.5,-0.00023597120883061374
114.55000000000001,-0.0002461039660759821
114.60000000000001,-0.00013726252042891435
114.65,-0.00013383576223468063
114.7,-0.00026405694609142816
114.75,-0.000322853013704908
114.80000000000001,-0.00034291518760514356
114.85000000000001,-0.00044312420696845716
114.9,-0.0003701109658740485
114.95,-0.0002457281493612858
115.0,-0.0002215489320879647
115.05000000000001,-9.844404008054165e-05
115.10000000000001,-6.662325160390433e-05
115.15,-0.00021896152095844917
115.2,-0.00027088287032154087
115.25,-9.533015012496679e-05
115.30000000000001,2.0895283104618042e-05
115.35000000000001,-4.851695814390133e-05
115.4,-6.359496364450067e-06
115.45,-5.6216051969869385e-05
115.5,-0.00015944789178422522
115.55000000000001,-0.00010280806473296166
115.60000000000001,-0.00015823743993536988
115.65,-9.465668274119344e-05
115.7,2.5523213121499594e-05
115.75,-5.997936933029507e-05
115.80000000000001,-0.00011785598677860875
115.85000000000001,-9.609348583744126e-05
115.9,-8.310826046666305e-05
115.95,-0.0001279369749085678
116.0,-5.1511124043916633e-05
116.05000000000001,1.6887177764263527e-05
116.10000000000001,-7.802965603429927e-05
116.15,-0.0001297016123073174
116.2,-0.00021539985963888258
116.25,-0.00011296111192653143
116.30000000000001,-7.393521271341374e-06
116.35000000000001,1.8087602975031113e-05
116.4,0.00014329373199109899
116.45,0.000128233658215746
116.5,0.00012819936034658814
116.55000000000001,0.0001179304957610716
116.60000000000001,0.00017544557457176488
116.65,0.000148428870531569
116.7,0.00012307196994503302
116.75,0.00025912475925565076
116.80000000000001,0.00017319417197338846
116.85000000000001,6.81247868393745e-05
116.9,2.416389410280834e-05
116.95,-4.753575715121593e-06
117.0,-7.732398155695292e-05
117.05000000000001,-0.000235897446672152
117.10000000000001,-0.00028728886368971086
117.15,-0.0003407197109056365
117.2,-0.00026839021565618515
117.25,-0.00020627049286552144
117.30000000000001,-0.0003215373060429954
117.35000000000001,-0.00019215775320438627
117.4,-0.00013688353125883122
117.45,-0.00015868566581397445
117.5,-7.25528455562404e-05
117.55000000000001,-5.829350930323589e-05
117.60000000000001,-1.9315152175160518e-05
117.65,-3.58625963269888e-05
117.7,-3.289093533360339e-05
117.75,-0.00010996355486243125
117.80000000000001,-0.00010658920649271188
117.85000000000001,1.3639982354018697e-05
117.9,-5.614049250183177e-05
117.95,-0.00010119973794627938
118.0,1.369056909770367e-05
118.05000000000001,8.420143560148094e-05
118.10000000000001,5.9807549942039124e-05
118.15,9.654124217643587e-05
118.2,0.00017359748840725593
118.25,0.00027908729742298806
118.30000000000001,0.00031195991995223483
118.35000000000001,0.0003309123876423533
118.4,0.00042213309912550505
118.45,0.0004050684515233802
118.5,0.0004052862892925425
118.55000000000001,0.00045622063852009034
118.60000000000001,0.00045533390650376765
118.65,0.00039445108281869063
118.7,0.0003761060370820903
118.75,0.00043150319804685595
118.80000000000001,0.0004365570219590827
118.85000000000001,0.0005354097182793484
118.9,0.0006864499686417164
118.95,0.0006630559408652555
119.0,0.0006413190105802744
119.05000000000001,0.000624951271467081
119.10000000000001,0.000561938664183195
119.15,0.000532523406624707
119.2,0.0003910714623817607
119.25,0.0003047573687033656
119.30000000000001,0.00024014187257047044
119.35000000000001,0.00020910941883490512
119.4,0.0002948736266222789
119.45,0.00025223599961547884
119.5,0.00029443728177938475
119.55000000000001,0.0003798644482835738
119.60000000000001,0.0003368769851641475
119.65,0.00027395037375468266
119.7,0.00020073918120705646
119.75,0.00011946773064607167
119.80000000000001,7.917009376371751e-05
119.85000000000001,7.686929146724956e-05
119.9,-0.00011034376585519146
119.95,-0.0002796314966426118
120.0,-0.00031508899661284454
120.05000000000001,-0.0004091620740634505
120.10000000000001,-0.00042662764409620915
120.15,-0.00035485993829365275
120.2,-0.0002599927010985183
120.25,-0.00022524906083387663
120.30000000000001,-0.0002565788042947682
120.35000000000001,-0.00026631207441993185
120.4,-0.0002945774050972227
120.45,-0.00029754285410103445
120.5,-0.0002603540589565877
120.55000000000001,-0.0002238827205296623
120.60000000000001,-2.9872949717871303e-05
120.65,0.00010916734126939598
120.7,3.274115542982001e-05
120.75,6.098232972361209e-06
120.80000000000001,-4.203159043711375e-06
120.85000000000001,-9.99620205191574e-05
120.9,-0.00012069358235130317
120.95,-5.451579706043212e-05
121.0,-2.4775090227698935e-05
121.05000000000001,-3.986137705520147e-06
121.10000000000001,-0.00010435016050110437
121.15,-6.879063585284947e-05
121.2,-2.821643007699039e-06
121.25,-6.54542202386874e-05
121.30000000000001,1.8742328481952224e-06
121.35000000000001,5.0554915323597927e-05
121.4,0.00011624641832361193
121.45,8.377561694727743e-05
121.5,8.613595321671708e-05
121.55000000000001,0.00010474614878031577
121.60000000000001,9.650552718662355e-05
121.65,0.00016394412225692845
121.7,8.41520895809005e-05
121.75,4.213408856426022e-05
121.80000000000001,0.00016865485652130258
121.85000000000001,0.0002675532389367914
121.9,0.0001456402117604783
121.95,0.0001521267258149856
122.0,0.00019933184736912235
122.05000000000001,0.00011710022759069237
122.10000000000001,0.00014244803873038483
122.15,0.00013642669274013211
122.2,0.0001956230001641045
122.25,0.0002278984350915387
122.30000000000001,0.00019163950351670745
122.35000000000001,0.0001492547232036097
122.4,8.959438827405143e-05
122.45,0.00014193847652871694
122.5,0.0001524789275989193
122.55000000000001,0.00010412230448086618
122.60000000000001,0.00014843937993896152
122.65,0.00014945481802104251
122.7,9.230463199776622e-05
122.75,2.305208979941878e-05
122.80000000000001,-9.174184446187945e-05
122.85000000000001,-0.0001346843057845248
122.9,-0.00013252690617234191
122.95,-0.00011647918373628376
123.0,-0.00014004092532084053
123.05000000000001,-0.0001994997137361877
123.10000000000001,-0.0002903999554687241
123.15,-0.00041051493267782615
123.2,-0.0004848024322115499
123.25,-0.000519208549331344
123.30000000000001,-0.000496645788466341
123.35000000000001,-0.00045203743058702325
123.4,-0.0003727537156333009
123.45,-0.0004081416634700632
123.5,-0.00042966104907912007
123.55000000000001,-0.00035558132471277115
123.60000000000001,-0.0003709136311630707
123.65,-0.00033820104922553353
123.7,-0.0003807842391207514
123.75,-0.00046076974193213924
123.80000000000001,-0.0004444151724771128
123.85000000000001,-0.0005516524196456386
123.9,-0.0006762302452858134
123.95,-0.0006695454624555476
124.0,-0.0006177869918858834
124.05000000000001,-0.0005298701705409442
124.10000000000001,-0.0004526038537568418
124.15,-0.0004498860372400149
124.2,-0.0003954030772692906
124.25,-0.00033224825256670116
124.30000000000001,-0.00035255357064656263
124.35000000000001,-0.00030028434855477494
124.4,-0.00032181225856863703
124.45,-0.0003004820163794036
124.5,-0.00017907926612553888
124.55000000000001,-0.0002444047743402081
124.60000000000001,-0.00016878694867885927
124.65,-5.401588405426452e-05
124.7,-6.355165684527544e-05
124.75,8.64399559721737e-05
124.80000000000001,0.00013962246038747386
124.85000000000001,9.822821193749136e-05
124.9,8.56009044981415e-05
124.95,2.3727684099618436e-05
125.0,4.858372148794091e-05
125.05000000000001,5.912298096561842e-05
125.10000000000001,-1.3750877297232226e-05
125.15,-2.2917140149699437e-05
125.2,-1.1466459619214717e-05
125.25,-2.769048237356879e-05
125.30000000000001,-3.889228188192707e-05
125.35000000000001,-3.7637301036606666e-05
125.4,4.815128336463258e-05
125.45,0.00015977999147404967
125.5,0.0001947176216330993
125.55000000000001,0.0001871475393578886
125.60000000000001,0.00018091235507050265
125.65,0.00019533529603577062
125.7,0.000162807063253909
125.75,0.000157634001413199
125.80000000000001,0.0002385192209191401
125.85000000000001,0.00018702182241806255
125.9,0.00017775511770152386
125.95,0.0003043439779129871
126.0,0.0002324374994708733
126.05000000000001,0.00014110717217184128
126.10000000000001,0.00011803384205067317
126.15,0.00013350223263048605
126.2,0.0002387855594448781
126.25,0.00022584531816938154
126.30000000000001,0.00022694321826208046
126.35000000000001,0.00022128017914897286
126.4,0.00018954314531550808
126.45,0.00017483219369874664
126.5,-2.4947081491663745e-05
126.55000000000001,-4.496975842647097e-05
126.60000000000001,-1.4514946150825946e-05
126.65,-1.7537948291897967e-05
126.7,9.531216240948034e-05
126.75,7.587403345825688e-05
126.80000000000001,0.000158945090313384
126.85000000000001,0.00014020171287205312
126.9,0.00014298921964643043
126.95,0.00019629016609155512
127.0,0.00021169092137904053
127.05000000000001,0.0002976763986604812
127.10000000000001,0.00021797317155408698
127.15,0.00021183643470030122
127.2,0.00021091371550570557
127.25,0.00012679111690246325
127.30000000000001,0.00010287490964082835
127.35000000000001,0.00019861076965490046
127.4,0.0001896131299218041
127.45,0.00016653410268060154
127.5,0.0001969923105299269
127.55000000000001,0.00010118279136001001
127.60000000000001,0.00011613111364576828
127.65,8.878065549763177e-05
127.7,0.00011349823225367002
127.75,0.0002586451073317067
127.80000000000001,0.0003087512878257113
127.85000000000001,0.0003061724040170736
127.9,0.00024273908354969885
127.95,0.0001912703495200922
128.0,0.00019783665438465614
128.05,0.00019334126637638322
128.1,0.00014732407454450146
128.15,0.00012517363192075917
128.20000000000002,0.0001655299187943202
128.25,0.00016437422807615243
128.3,0.00017966472217089392
128.35,0.00019654414995223503
128.4,0.00010876450796908766
128.45000000000002,2.3322597615152268e-05
128.5,-1.6684030167509893e-05
128.55,9.425522957431268e-05
128.6,8.791508019260371e-05
128.65,1.1850901791423823e-05
128.70000000000002,9.119823082219068e-05
128.75,9.191014521422342e-05
128.8,5.039657486577623e-05
128.85,-1.699399704503237e-05
128.9,-5.007536755717774e-05
128.95000000000002,-0.00012463289297669116
129.0,-0.00011658136158475023
129.05,1.9404924789964116e-05
129.1,4.92784923950884e-05
129.15,1.0934753592175591e-05
129.20000000000002,-3.6183559516306024e-05
129.25,2.3092229659748838e-05
129.3,0.00010108802682363873
129.35,0.0001502524002159805
129.4,0.0001408661753987779
129.45000000000002,8.333284329596304e-05
129.5,0.00011362512032998974
129.55,7.496831916537515e-05
129.6,3.9435864926780585e-05
129.65,8.355920350527985e-05
129.70000000000002,-1.1106659044928406e-05
129.75,-8.927095660521635e-05
129.8,-5.508406324462737e-05
129.85,-9.355553065851426e-05
129.9,-0.00019131034445214377
129.95000000000002,-0.0001871138442276099
130.0,-7.799330615642973e-05
130.05,-4.598642936560574e-05
130.1,-2.3478405480136126e-05
130.15,-4.910540933766965e-05
130.20000000000002,-0.000131783117163947
130.25,-0.00011770727898745571
130.3,-4.9972277195648144e-05
130.35,-4.365129751681478e-06
130.4,-0.00010348274633680152
130.45000000000002,-0.00014373912304308263
130.5,-0.00016302769611077744
130.55,-0.0001999849492644892
130.6,-0.0001907115285319799
130.65,-0.0002852960149604946
130.70000000000002,-0.0003477668018488156
130.75,-0.0003521183178138233
130.8,-0.0002782891282603297
130.85,-0.00027711094335254377
130.9,-0.0003686451143093513
130.95000000000002,-0.00038645661603872267
131.0,-0.0003937016364419699
131.05,-0.0003680898289214598
131.1,-0.00039358180858372005
131.15,-0.00031785990338106243
131.20000000000002,-5.399165638564302e-05
131.25,-1.8807822006814214e-05
131.3,-5.404668557778504e-05
131.35,-8.133675555692433e-06
131.4,-5.15226966263598e-06
131.45000000000002,8.93827504867401e-05
131.5,9.937691743617463e-05
131.55,0.00010581843307400645
131.6,0.00010053385269872755
131.65,0.00011250038920033202
131.70000000000002,-6.484006115056846e-05
131.75,-9.86177822185267e-05
131.8,0.00013970819464055974
131.85,6.241375194012338e-05
131.9,0.00014799920125862213
131.95000000000002,0.0001297222390682536
132.0,0.00022454236433234966
132.05,0.00019692380053476754
132.1,1.9374544608791635e-05
132.15,0.00011615481219463765
132.20000000000002,2.2880586337591867e-05
132.25,0.00025000160977633416
132.3,0.0001785870003502886
132.35,-2.3442794467735794e-05
132.4,-5.516792537868617e-05
132.45000000000002,-0.00020042023471840138
132.5,-8.695062235647725e-05
132.55,-0.00015313780137245355
132.6,-3.862094138016616e-05
132.65,9.982332713175992e-05
132.70000000000002,-4.467039240685665e-05
132.75,-3.9669039625666324e-05
132.8,-3.526221008547904e-05
132.85,7.928926189941949e-06
132.9,-9.287788492109109e-05
132.95000000000002,-0.00015415924800320623
133.0,-0.00010458684763789529
133.05,-0.0002495402744986586
133.1,-0.0002598655797459811
133.15,-0.00033617751473456796
133.20000000000002,-0.00037742736546766894
133.25,-0.00029816974112564955
133.3,-0.0003770359318779418
133.35,-0.00021948698903946447
133.4,-0.0001680534511930045
133.45000000000002,-0.0002361108957962068
133.5,-0.0001784662279939988
133.55,-0.00021579589671801973
133.6,-0.00013857155014397203
133.65,-0.00011025768850904475
133.70000000000002,-0.00010707944586674978
133.75,-9.337379002478358e-05
133.8,-0.0001248684077724823
133.85,-2.1755742502795204e-05
133.9,-4.632135645147305e-05
133.95000000000002,-0.00021714242185509938
134.0,-0.00018351843159593765
134.05,-0.00010445623445195846
134.1,-2.973974603071996e-05
134.15,1.992260988365833e-06
134.20000000000002,5.16647686270707e-05
134.25,0.00013710791021255995
134.3,7.180849006935419e-06
134.35,-6.394673386432932e-05
134.4,-7.479119704768567e-05
134.45000000000002,-4.318731803277245e-05
134.5,-0.00014746086918743717
134.55,-0.00021895036133404752
134.6,-5.481575056001451e-05
134.65,-4.737091883808829e-05
134.70000000000002,-1.9491106076262912e-06
134.75,5.692736098192585e-05
134.8,0.00014337281683764368
134.85,0.00025144014089959713
134.9,0.00021171916409172537
134.95000000000002,0.00028203243944761603
135.0,0.0003992205935469732
135.05,0.00043548200268919343
135.1,0.00040715960174586514
135.15,0.00043313212553167487
135.20000000000002,0.0004621281350940867
135.25,0.00036634572611321395
135.3,0.000292154927018527
135.35,0.00025218325889452643
135.4,0.00035862199237942684
135.45000000000002,0.0005015012800751486
135.5,0.0005611920342184972
135.55,0.0005926732894513463
135.6,0.000583309785898603
135.65,0.0006378623457745821
135.70000000000002,0.0007095169688099183
135.75,0.0007113368673219618
135.8,0.0006767533959698672
135.85,0.0007187003085900605
135.9,0.0006306154822754119
135.95000000000002,0.0006160802296816648
136.0,0.000663944903036815
136.05,0.00045916727050373954
136.1,0.00047652847017808585
136.15,0.0004225335909849669
136.20000000000002,0.0002763736645826901
136.25,0.00018813281175059267
136.3,0.00010208037399471647
136.35,0.00019430590011221453
136.4,0.0001245045011019352
136.45000000000002,4.053117836192409e-05
136.5,-2.7898232508837527e-05
136.55,-5.2553930089238526e-05
136.6,-0.0001404345830723438
136.65,-0.00019123807823288397
136.70000000000002,-1.9215739439395556e-05
136.75,-5.234807788425044e-05
136.8,-0.00012123269569701713
136.85,-0.0001456288057462931
136.9,-0.00019389831210943882
136.95000000000002,-0.00020066065584531024
137.0,-0.0001882108502072045
137.05,-0.00033933480514067006
137.1,-0.0004615965513232191
137.15,-0.0003915376096984597
137.20000000000002,-0.0004204237541181703
137.25,-0.0003654780656161777
137.3,-0.00034484406541755426
137.35,-0.00038007346025267384
137.4,-0.00040801435584422475
137.45000000000002,-0.0004910840893170369
137.5,-0.0004435334084722259
137.55,-0.0003768184170987153
137.6,-0.0002879710631922091
137.65,-0.00029959251388161727
137.70000000000002,-0.00033515622963245197
137.75,-0.000343398054751268
137.8,-0.00048555563031157164
137.85,-0.000528326318266513
137.9,-0.0005318977498012108
137.95000000000002,-0.0004910722766120617
138.0,-0.000389506958167214
138.05,-0.0003750647583384635
138.1,-0.00030880531636615007
138.15,-0.00029772566306061465
138.20000000000002,-0.0002794156425768768
138.25,-0.00023901786851668956
138.3,-0.00032736687749981066
138.35,-0.0002680643119406876
138.4,-0.0002007993022695117
138.45000000000002,-0.00017832828992744352
138.5,-8.400052187160134e-05
138.55,-0.00011694590022323606
138.6,-0.00022738468061564917
138.65,-0.00021396224700183367
138.70000000000002,-8.856876589543202e-05
138.75,3.5855860782013134e-05
138.8,0.00011695812706209393
138.85,0.00011609970346192215
138.9,9.346317214450562e-05
138.95000000000002,0.00012111944133982285
139.0,0.00014779927869895695
139.05,-1.9682027490354596e-05
139.1,-9.303629674600386e-05
139.15,-2.4711630680126668e-05
139.20000000000002,-4.652911793128071e-05
139.25,-1.657392064628095e-05
139.3,3.840483105147317e-05
139.35,0.00017933371478530036
139.4,0.00019519645556708294
139.45000000000002,8.004862687646448e-05
139.5,-2.9395488302513782e-05
139.55,-0.00010118641136164691
139.6,2.3680760159688495e-05
139.65,6.286098341424155e-05
139.70000000000002,-3.3427437132588614e-05
139.75,-1.8503684713873774e-05
139.8,0.00016038662362756863
139.85,0.0002372451593314964
139.9,0.00011548078640647478
139.95000000000002,0.0001428245755799438
140.0,0.00021154039000554603
140.05,0.00020943411161248088
140.1,0.0002189812727326853
140.15,0.0001398761700338422
140.20000000000002,0.00026635339496982924
140.25,0.0003160691182794963
140.3,0.00021398038835883433
140.35,0.00023723277343334797
140.4,0.00018298518059074983
140.45000000000002,0.00023847872637652092
140.5,0.0002632856430963786
140.55,0.00038000505321295985
140.6,0.000250567767217735
140.65,8.747772943059912e-05
140.70000000000002,0.00034174632462980793
140.75,8.237981658605975e-05
140.8,-0.00015564970135434095
140.85,-4.5480981532969665e-06
140.9,0.00012331461228405998
140.95000000000002,0.0002063936309425103
141.0,0.00015404398311583936
141.05,0.00022483714831121054
141.1,0.00026274312618164826
141.15,1.2911195998139922e-05
141.20000000000002,-0.00014423269314796928
141.25,-0.00016187559727467838
141.3,-0.00015963952882236976
141.35,-4.3901531621745864e-05
141.4,-0.00034071187554681316
141.45000000000002,-0.00027361799400867147
141.5,0.00041149422713523254
141.55,0.00016990316328989121
141.6,-0.00018998881174193253
141.65,3.322679682514486e-05
141.70000000000002,9.43111663196305e-05
141.75,0.0001359267412714568
141.8,5.759654744730293e-06
141.85,0.00022466638764652544
141.9,0.00045309379263752225
141.95000000000002,-0.0002206316482809063
142.0,1.0101459854695284e-07
142.05,0.0003068972747293963
142.1,-0.0002579830370308679
142.15,-4.5045469552076305e-05
142.20000000000002,1.0260333731913878e-05
142.25,-7.199978323220364e-05
142.3,0.00033453913907079743
142.35,0.000287740502378327
142.4,1.9429175744284834e-05
142.45000000000002,-0.0004993676784180184
142.5,-0.0003042137274525833
142.55,0.0006413034797762504
142.6,-0.00043202273927437957
142.65,-0.0011614044084559566
142.70000000000002,6.921786801431349e-05
142.75,0.0002617893563360039
142.8,-0.00025601597405601364
142.85,-0.0006891685939089457
142.9,-0.0005836821629410539
142.95000000000002,-0.0002687065967248269
143.0,-0.00037505528637775913
143.05,-0.00011735776494650094
143.1,-0.00020072873220004268
143.15,-0.0005285712441458644
143.20000000000002,-0.00037346983319281777
143.25,0.00013603936797845607
143.3,0.0002227694049442581
143.35,-0.000780500663148774
143.4,-0.0009055226976037712
143.45000000000002,-0.00018126899076785448
143.5,-0.0005507147512552036
143.55,-0.0002573707089232564
143.6,0.00024032899417774568
143.65,-0.0009768144425979634
143.70000000000002,-0.000996182695546629
143.75,0.0007810983337627629
143.8,0.0009899254121068424
143.85,-0.0011238550921740733
143.9,-0.0013622115050713286
143.95000000000002,0.0010691427243085512
144.0,0.0007588449089642437
144.05,-0.00022975132870874842
144.1,0.001180921089764447
144.15,0.0003321720730554861
144.20000000000002,-0.0013033406771720915
144.25,0.0005474585686553331
144.3,0.001260058174541183
144.35,-0.0008766974149648916
144.4,-0.0011000867291074278
144.45000000000002,0.0008038826559559313
144.5,0.0009388521101312646
144.55,-0.0006661964708608134
144.6,-0.00020851543410937878
144.65,0.0005531863379577396
144.70000000000002,-0.00028171571521825315
144.75,-0.00020851888714385852
144.8,0.00029873809537303217
144.85,-0.00021699052596736772
144.9,-0.00032094186174819433
144.95000000000002,0.0002231660085857639
145.0,0.0004761674535820537
145.05,0.0004128033995818644
145.1,-0.00048331730254159544
145.15,-0.0005508131955476448
145.20000000000002,-0.0007429676403403848
145.25,-0.0010233700698539811
145.3,0.0008778886969855749
145.35,0.0006201261225750427
145.4,-0.0004005328164136993
145.45000000000002,0.0007582479253919401
145.5,0.00035242528437293835
145.55,-0.00020775892246450054
145.6,-0.0007343203177839791
145.65,-0.0010808834292503023
145.70000000000002,0.0006576401490560738
145.75,3.728785653694755e-05
145.8,-0.0006935799409132314
145.85,0.0008189048937059199
145.9,0.0007957764699435244
145.95000000000002,0.0004823263910923435
146.0,0.0002091964180676968
146.05,-0.0002153103753439858
146.1,-0.0007614730361729691
146.15,-0.00010969924282021434
146.20000000000002,0.0009531597402697648
146.25,0.000478179288915187
146.3,0.0019805562909446916
146.35,0.0029533626191735004
146.4,0.00029748818202152556
146.45000000000002,-0.0017600636342910091
146.5,-0.0004991210919041188
146.55,0.0010213279654151676
146.6,0.0012454119530325046
146.65,0.0007831436363264768
146.70000000000002,-0.0001975574417110044
146.75,0.0007901734064602069
146.8,0.0002504555787562319
146.85,-0.0013166647884408492
146.9,0.0001010833580980336
146.95000000000002,0.0005850442496819169
147.0,-1.4990413254669818e-06
147.05,0.00029557655258834756
147.1,0.001178319875126642
147.15,0.0006272172262115516
147.20000000000002,-0.00044754278891971796
147.25,-0.0006216063198630651
147.3,-0.0012034234976551442
147.35,5.6104314269006045e-05
147.4,0.001187244670298959
147.45000000000002,0.0006631010822234558
147.5,-0.00041889918336645524
147.55,-0.0012860258959557264
147.6,-4.218749722527241e-06
147.65,0.0006758819998938795
147.70000000000002,-6.750081798289623e-05
147.75,-0.0007394282103161856
147.8,-0.00046091951225155883
147.85,0.0006186750951045884
147.9,-7.576658272319258e-06
147.95000000000002,-0.0010312325223024714
148.0,0.0014336636975545046
148.05,0.0024222906755333334
148.1,-0.0008888079157114953
148.15,0.00027832516594990063
148.20000000000002,0.002610587549992472
148.25,0.0013757209305792148
148.3,-0.0004876611118776131
148.35,-0.001911110148521511
148.4,0.0005611247662800454
148.45000000000002,0.0026700848242029638
148.5,0.0015321292847835773
148.55,0.0005740315048981644
148.6,0.00022227610287313475
148.65,-0.0007431703408843088
148.70000000000002,8.653695327759884e-05
148.75,0.0012001032642788686
148.8,-0.0011138292470601388
148.85,-0.0007023704605617856
148.9,0.0008147049844753587
148.95000000000002,0.0007454539223877339
149.0,0.0008196068829722772
149.05,0.00033724011825104317
149.1,-0.0007603493745070958
149.15,-0.002947209120744675
149.20000000000002,-0.0023760197583434887
149.25,-0.0006546673722057592
149.3,-0.00015782796520302786
149.35,0.0007803302393395095
149.4,0.0004805920785327038
149.45000000000002,-0.0007605844872269792
149.5,-0.0007535428741870498
149.55,-0.0005206739984519965
149.6,-0.0010494470420362588
149.65,-0.0009526597681788492
149.70000000000002,-0.000726649193840487
149.75,-0.00022727454406229757
149.8,0.0001397750384562679
149.85,-0.0009109175212113882
149.9,-0.0006911326942597324
149.95000000000002,-0.0009670170850752705
150.0,-0.002335213840478385
150.05,-0.0010182451900720617
150.1,-0.00125203441153839
150.15,-0.00128901650366997
150.20000000000002,0.0005069216343448501
150.25,-0.0008884802578879208
150.3,-0.002364969918918381
150.35,-0.0012038630930987597
150.4,0.0013094245723066303
150.45000000000002,0.0011745060436939585
150.5,-0.000589949017549085
150.55,0.0007728303788745635
150.6,0.0020730854067871466
150.65,0.0018054691070136077
150.70000000000002,0.0014775546214804314
150.75,0.00028168499942315793
150.8,0.0003830006589539312
150.85,0.001366156086213428
150.9,-0.0005024926239773065
150.95000000000002,-0.001153460896731943
151.0,0.0009044789495953489
151.05,0.000680504491268917
151.1,-0.0008988466174578488
151.15,-0.0010428155810519595
151.20000000000002,0.00010891107384481075
151.25,-9.993995362176643e-05
151.3,-0.0021709025278962776
151.35,-0.0021897808347829274
151.4,-7.632887022209908e-05
151.45000000000002,0.0012516398056464605
151.5,0.0003014117516348635
151.55,-0.001491509937572331
151.6,-0.0010614503121291069
151.65,0.0010276444837288138
151.70000000000002,0.00021961659487490184
151.75,-0.0033094383996708477
151.8,-0.0026301746234356407
151.85,0.002113264873498351
151.9,0.0034127298120047492
151.95000000000002,0.00022874601038583598
152.0,-0.0018014408237266193
152.05,-0.0005520669451366944
152.1,0.001584366060366895
152.15,0.0014411365698735453
152.20000000000002,-0.00019564485126490137
152.25,-4.8543112993527464e-05
152.3,-0.0002960715745381629
152.35,-0.0007116086495451004
152.4,0.0013284290413449384
152.45000000000002,0.002392064479916964
152.5,0.0015795109007227485
152.55,7.067653334488845e-05
152.6,-0.0012078979598002604
152.65,-0.00035483808269853287
152.70000000000002,0.00017568525637040193
152.75,-0.0001550098653281932
152.8,-0.00040626534454139504
152.85,-0.0009637022343832589
152.9,0.0004381308051949345
152.95000000000002,0.002735241410034928
153.0,0.0026219653509180546
153.05,0.0007454705274189738
153.1,-0.0018562500120763784
153.15,-0.0024979421544855875
153.20000000000002,-5.61662639655614e-05
153.25,0.0011974958910438002
153.3,0.001555794808428401
153.35,0.0008783040867091799
153.4,-0.001369199859990947
153.45000000000002,-0.0021329281709468674
153.5,-0.002202701106457032
153.55,-0.0015874316928531453
153.60000000000002,-0.00025070914400826517
153.65,0.0006030446738648846
153.70000000000002,0.0005986109995694673
153.75,8.892433034091439e-05
153.8,0.0005852772661954044
153.85000000000002,0.0015229825073778134
153.9,0.0006715163328222883
153.95000000000002,-0.0004503986235161048
154.0,3.629209359819571e-06
154.05,0.00047253120188425686
154.10000000000002,0.001722357128483809
154.15,0.001631806044612078
154.20000000000002,-1.3850267608103425e-05
154.25,-0.0015814653730177681
154.3,-0.0028429315244352963
154.35000000000002,-0.0011902686228213897
154.4,0.0007016770004912482
154.45000000000002,0.0010229267245419576
154.5,-0.0012370155566444024
154.55,-0.004134424130890248
154.60000000000002,-0.0025514194585242946
154.65,0.00010379739474049475
154.70000000000002,-0.0003058710119375654
154.75,-0.00017829302520213367
154.8,0.0016233439534518409
154.85000000000002,0.002098752969590709
154.9,0.002766655414504652
154.95000000000002,0.0023460975190650176
155.0,0.00035412197889100454
155.05,-0.0006993700097879599
155.10000000000002,-0.0007831705614002254
155.15,0.0006109428140712878
155.20000000000002,0.0015184434013742084
155.25,0.0020411250783024374
155.3,0.001744325835812562
155.35000000000002,-0.0007101209186023288
155.4,-0.0010409703738014035
155.45000000000002,0.0005853430448566112
155.5,0.00053325452503662
155.55,-0.00010649163568254298
155.60000000000002,0.001424914182608767
155.65,0.0020922618018043757
155.70000000000002,-0.0006173205343343982
155.75,-0.0011356892783734142
155.8,-0.00034777370350246267
155.85000000000002,-0.0015718725778782958
155.9,-0.0019956799443430605
155.95000000000002,-0.0017061288385052185
156.0,-0.0008681688249556123
156.05,0.0004505852018167583
156.10000000000002,0.00013625891544368022
156.15,-0.0010978555429205644
156.20000000000002,-0.0014246888188087995
156.25,-0.0003479089354206614
156.3,0.0011182694272144228
156.35000000000002,0.0016156162124999023
156.4,0.002216298597871576
156.45000000000002,0.0026602603598967203
156.5,0.0011152284976426946
156.55,-0.0008867047151111054
156.60000000000002,-0.0009389201469577149
156.65,0.0003857168895271921
156.70000000000002,0.0007437396912939675
156.75,0.00045166998733383776
156.8,0.0020595281606373833
156.85000000000002,0.002256443595883858
156.9,-0.001061800395649656
156.95000000000002,-0.002778814870272633
157.0,-0.0029012894176680478
157.05,-0.0023119266856793095
157.10000000000002,0.0004232868622379666
157.15,0.002221585295768558
157.20000000000002,0.0019483841509601292
157.25,0.0005495368451709439
157.3,-0.0020225123922194724
157.35000000000002,-0.0030186163798191262
157.4,-0.0006057637096165353
157.45000000000002,0.0018888278367611554
157.5,0.001006427022212015
157.55,-0.0010053533516404035
157.60000000000002,-0.0004633983485209308
157.65,0.0010518989049159802
157.70000000000002,0.0017283250076181795
157.75,0.0018237022763495797
157.8,0.000582382500601703
157.85000000000002,0.0005476976112320339
157.9,0.0016460857686710275
157.95000000000002,0.0013512973612167661
158.0,0.0014324441028317585
158.05,0.0012118940496771999
158.10000000000002,0.0006019679971165169
158.15,0.0001093975639998325
158.20000000000002,-0.0005073002959514634
158.25,-0.0006061655272556864
158.3,-0.0012742306246443535
158.35000000000002,-0.0015500397231192214
158.4,-0.0010063637078789123
158.45000000000002,-0.0009613123041517372
158.5,-0.0006510712593533147
158.55,-0.0013974653633182558
158.60000000000002,-0.003744384209804688
158.65,-0.003088119484713671
158.70000000000002,-0.0005238768209717368
158.75,-0.0002496864396810892
158.8,-0.0005662799718948864
158.85000000000002,-0.0012388687468900391
158.9,-0.002174579664706287
158.95000000000002,-0.0018524675553992095
159.0,-0.0015482902438256991
159.05,-0.0007047910948824356
159.10000000000002,0.0008214280015237137
159.15,0.001504956739639065
159.20000000000002,0.001479534106281135
159.25,0.0017118173103686286
159.3,0.0023028528003382525
159.35000000000002,0.0012242102104437964
159.4,0.00029329736087983766
159.45000000000002,0.0007019046926216908
159.5,0.0005256238364473402
159.55,-0.00024892268156081506
159.60000000000002,-0.0017458213186443913
159.65,-0.001808106884942079
159.70000000000002,-0.000495223583141326
159.75,0.0006689047088592692
159.8,0.0019911395496438884
159.85000000000002,0.0023480414479671937
159.9,0.001191263445176121
159.95000000000002,-0.001585448309969727
160.0,-0.0032998177577291594
160.05,-0.000664755760822423
160.10000000000002,0.002038490805615197
160.15,0.0005606246959262515
160.20000000000002,-0.0007220069428559228
160.25,-0.0002624525277225998
160.3,0.00011741612125000025
160.35000000000002,-0.00021396505254869152
160.4,-0.002004813182294079
160.45000000000002,-0.003204413291973116
160.5,-0.0025206671905932945
160.55,-3.0850612332561024e-05
160.60000000000002,0.002836219109779592
160.65,0.003575841073352214
160.70000000000002,0.0006076232943385291
160.75,-0.0029626396693490605
160.8,-0.003094442149350639
160.85000000000002,-0.0007603908630961554
160.9,0.0023105197367652235
160.95000000000002,0.00433579828558188
161.0,0.00473886448172964
161.05,0.00394546337446073
161.10000000000002,0.002822690132507837
161.15,0.0018542450012143715
161.20000000000002,-7.587988304877598e-05
161.25,-0.0016421497722774606
161.3,-0.001137863889263525
161.35000000000002,-0.0011940345051446317
161.4,-0.0026591842952690473
161.45000000000002,-0.0014029020288733637
161.5,0.0017017703390255269
161.55,0.0018133555502966479
161.60000000000002,-0.00028129589411745627
161.65,-0.0011004232418449645
161.70000000000002,0.00039990688430976837
161.75,0.0015366719731718802
161.8,0.0009063189526730583
161.85000000000002,0.0009637642373640879
161.9,0.0006806768067274481
161.95000000000002,-0.000982419455703065
162.0,-0.0018745003567643883
162.05,-0.000894419742106187
162.10000000000002,0.0003417680918849446
162.15,-0.0007167020839418378
162.20000000000002,-0.0019329228679364908
162.25,-0.0011417522204309036
162.3,-0.0007067155861321494
162.35000000000002,-0.001532059662197956
162.4,-0.0003046860843466724
162.45000000000002,0.0028728703382775223
162.5,0.003090777239427414
162.55,0.0007331739609317569
162.60000000000002,0.0007180686896158289
162.65,0.0030662674223181354
162.70000000000002,0.0028879997242278873
162.75,0.00011565327128100882
162.8,-0.0010096485132415158
162.85000000000002,0.00012433974909396357
162.9,0.0008918105232241213
162.95000000000002,0.0007481373936645821
163.0,0.000657754630081048
163.05,-0.0005532963460699401
163.10000000000002,-0.002237847732060087
163.15,-0.002804361335670102
163.20000000000002,-0.0024571625598242258
163.25,-0.0015595815424247945
163.3,-0.0005016967426160919
163.35000000000002,0.0003070951957663822
163.4,0.00023300770421687882
163.45000000000002,0.0001825214803114713
163.5,0.00031167370210046815
163.55,-0.0013143384224744094
163.60000000000002,-0.0029367971397576595
163.65,-0.0013614823401706662
163.70000000000002,0.0014842338300052116
163.75,0.003238316465046195
163.8,0.003965413094530146
163.85000000000002,0.0026305113565871165
163.9,-0.0005471940649324386
163.95000000000002,-0.0025488332499312696
164.0,-0.0015057210950303172
164.05,-0.00041071001600230593
164.10000000000002,-0.0015537614458278766
164.15,-0.0016871566427273169
164.20000000000002,-0.0005434040722629162
164.25,-0.0013003658944980721
164.3,-0.002576772952581418
164.35000000000002,-0.0027907422818609297
164.4,-0.002835368920072259
164.45000000000002,-0.002111033533989171
164.5,-1.81166525748536e-05
164.55,0.002462611500294887
164.60000000000002,0.002363562587754171
164.65,-0.0006481255403490346
164.70000000000002,-0.0020578944891076166
164.75,-0.0014689668625229972
164.8,-0.002415849866541974
164.85000000000002,-0.0028663930571065778
164.9,-0.0009964896850263234
164.95000000000002,0.0003198923933550764
165.0,0.0010218347249629904
165.05,0.0008143696703382772
165.10000000000002,-0.0014393046892965417
165.15,-0.0018368722804821115
165.20000000000002,0.0007540285067037938
165.25,0.0018218283865686965
165.3,0.0023688617075898312
165.35000000000002,0.003339507806659095
165.4,0.0016183200022863633
165.45000000000002,-0.001467670316733803
165.5,-0.003659692739163698
165.55,-0.002751730796538271
165.60000000000002,0.0006878193830286724
165.65,0.0011019686782350793
165.70000000000002,-0.0019900034332804325
165.75,-0.004972583758773074
165.8,-0.005246701659951813
165.85000000000002,-0.0021934176385261708
165.9,0.0007092310429557764
165.95000000000002,0.002327414852072074
166.0,0.004723748526554576
166.05,0.008404976378775516
166.10000000000002,0.010625672346835974
166.15,0.007518459847481335
166.20000000000002,0.0025859136761406817
166.25,0.00020959359648642026
166.3,-0.0012904452697884616
166.35000000000002,-0.002279756899970482
166.4,-0.0009253182459395654
166.45000000000002,0.0021532059152289443
166.5,0.003789100255798098
166.55,0.0021374704676129052
166.60000000000002,-0.0017413948587086476
166.65,-0.004346407708455499
166.70000000000002,-0.003984232146418855
166.75,-0.002298406213732156
166.8,4.682380252086816e-05
166.85000000000002,0.0027698634826625297
166.9,0.004434475228906163
166.95000000000002,0.0035538964034343254
167.0,0.0009558514672622573
167.05,-0.0010228747144829659
167.10000000000002,-0.0019438970322813154
167.15,-0.0020182243506893715
167.20000000000002,-0.0022764096143103496
167.25,-0.0023974642459152363
167.3,-0.000493384217866101
167.35000000000002,0.0012580641952308915
167.4,0.002455659987537568
167.45000000000002,0.0037213116767183555
167.5,0.0025154049676723443
167.55,-0.0003759459116489566
167.60000000000002,-0.001307510723606946
167.65,0.0011881678968898796
167.70000000000002,0.0037615902980263085
167.75,0.003409500994318401
167.8,0.00046774725945500557
167.85000000000002,-0.002365040684817431
167.9,-0.0040189184808091605
167.95000000000002,-0.005917495412995862
168.0,-0.005340594334301394
168.05,-0.002099485434382571
168.10000000000002,0.00013609155166254374
168.15,0.0010377286769547522
168.20000000000002,0.0020661944671816457
168.25,0.002404177725527998
168.3,0.0009275024885719847
168.35000000000002,0.0005339249880342675
168.4,0.002503660775774327
168.45000000000002,0.002930690622898043
168.5,0.0005920170646745626
168.55,-0.0002682638162920157
168.60000000000002,0.0001841584376617413
168.65,-0.000652004331367654
168.70000000000002,-0.0012855218168883753
168.75,-0.000964462390973945
168.8,-0.00034341927880594087
168.85000000000002,-0.0013341648378562148
168.9,-0.004419656564865158
168.95000000000002,-0.006941390858381961
169.0,-0.007847259631071008
169.05,-0.006770213507368097
169.10000000000002,-0.003824676114234859
169.15,-0.0017895179066547526
169.20000000000002,-0.002901209674664061
169.25,-0.004670656240978809
169.3,-0.004288523826190606
169.35000000000002,-0.0027794288329435657
169.4,-0.0006924592398379486
169.45000000000002,0.0011290633513784288
169.5,0.002912499608396825
169.55,0.004795305291836956
169.60000000000002,0.0038121112893414627
169.65,0.0012364405343179296
169.70000000000002,-0.00013203448412406736
169.75,-0.0015616407724327245
169.8,-0.0027418018295546297
169.85000000000002,-0.0023885936982320226
169.9,-0.0015630435007261744
169.95000000000002,-0.0010438335174824723
170.0,-0.00025959071479956516
170.05,0.0017890334309252412
170.10000000000002,0.0018572937036510596
170.15,-0.0009872972577485018
170.20000000000002,-0.001302170850828547
170.25,0.0009758230679698758
170.3,0.0031450808766191373
170.35000000000002,0.003509295957297563
170.4,0.002691106658089536
170.45000000000002,0.00312610406215741
170.5,0.0017961594321978312
170.55,-0.00047250417797115767
170.60000000000002,0.0013993455321103952
170.65,0.003549515424240741
170.70000000000002,0.002502922090696249
170.75,0.002960602940722968
170.8,0.0042062832388425056
170.85000000000002,0.0034172445044420904
170.9,0.004208980384434165
170.95000000000002,0.005792399869489393
171.0,0.005388621349934472
171.05,0.004986680893824256
171.10000000000002,0.005064324712201469
171.15,0.004443864538081582
171.20000000000002,0.003677347386265243
171.25,0.002191897489695224
171.3,0.00024161291543782216
171.35000000000002,2.654398755352123e-05
171.4,-6.343270199562058e-05
171.45000000000002,-0.0013925032915153505
171.5,-0.004083278474996568
171.55,-0.006764168880772129
171.60000000000002,-0.0042898194751903535
171.65,0.0005579130073964053
171.70000000000002,0.002309691659766391
171.75,0.0027576509007818098
171.8,0.002924162988299446
171.85000000000002,0.00302171530262426
171.9,0.0036818547800115146
171.95000000000002,0.0042373405924064755
172.0,0.004091518143127048
172.05,0.0030712505212837776
172.10000000000002,0.0025748744588652635
172.15,0.002597917091957012
172.20000000000002,0.001399482891981457
172.25,-0.0005166796965602936
172.3,-0.0032716965835879906
172.35000000000002,-0.005424879127923352
172.4,-0.004848994086706834
172.45000000000002,-0.004016805033346003
172.5,-0.004071081168721003
172.55,-0.0034752846912540006
172.60000000000002,-0.002468680048850288
172.65,-0.0020736678152611077
172.70000000000002,-0.001361494796835026
172.75,0.0005029726829003717
172.8,0.0028911318050820907
172.85000000000002,0.0031318357116923946
172.9,0.0005467001299267972
172.95000000000002,-3.395647789937498e-05
173.0,0.0015964112669008606
173.05,0.001036178956836781
173.10000000000002,-0.0020386191464784927
173.15,-0.0046492532370319365
173.20000000000002,-0.005747342411953988
173.25,-0.006944493970553377
173.3,-0.00726959976917054
173.35000000000002,-0.005394904818601947
173.4,-0.0029260712910751784
173.45000000000002,-0.00024798973317761747
173.5,0.001985478766540509
173.55,0.00170206061692089
173.60000000000002,0.000772655534127341
173.65,0.0011602972984062143
173.70000000000002,0.0006723452725257734
173.75,-0.0014475955885517957
173.8,-0.0032431774486179365
173.85000000000002,-0.0030433692763303997
173.9,-0.0006081837425446685
173.95000000000002,0.0018452210638703207
174.0,0.0006805315718111844
174.05,-0.004912141825512004
174.10000000000002,-0.009492458315058037
174.15,-0.007950717709843066
174.20000000000002,-0.0036029931179089453
174.25,-0.0002535171497909981
174.3,0.0021950421544414817
174.35000000000002,0.002524140148036481
174.4,0.0028216428917498585
174.45000000000002,0.005604878669874365
174.5,0.006406848746800883
174.55,0.0036427043419130205
174.60000000000002,0.0016665043842394652
174.65,0.0026864850287133383
174.70000000000002,0.004675705536967667
174.75,0.005069283714081009
174.8,0.004282565078488646
174.85000000000002,0.003263636208717152
174.9,0.00025675769568329237
174.95000000000002,-0.004860665752369376
175.0,-0.007036139707813956
175.05,-0.006153008471538227
175.10000000000002,-0.0062710952303946564
175.15,-0.005852358767839474
175.20000000000002,-0.0037837613405715576
175.25,-0.002104128431315156
175.3,-0.0008617519546126754
175.35000000000002,-0.00021043150333143192
175.4,-0.0014013974547385146
175.45000000000002,-0.002534016469030875
175.5,-0.0016385547362900387
175.55,-0.0007114845996294764
175.60000000000002,-0.0010352421935521672
175.65,-0.0003733512921682541
175.70000000000002,0.0006790398334393932
175.75,0.00039220135792694655
175.8,0.0005151930425406784
175.85000000000002,0.000494475759304735
175.9,-0.0003364275806620637
175.95000000000002,-0.0013578375200973454
176.0,-0.0028676962706035767
176.05,-0.0037767396837632243
176.10000000000002,-0.004148117592515622
176.15,-0.004276057019322955
176.20000000000002,-0.0037704694927343943
176.25,-0.002623918525198974
176.3,-0.0013364459046603324
176.35000000000002,-0.0006399136805502517
176.4,0.0013410506107331827
176.45000000000002,0.0037542166161536336
176.5,0.004022819449856635
176.55,0.003114268789215646
176.60000000000002,0.0026758316122848704
176.65,0.003229852263284724
176.70000000000002,0.0024781955109590545
176.75,0.000735904655357004
176.8,0.000522544062293673
176.85000000000002,0.0005489904627130831
176.9,0.0007543218235407604
176.95000000000002,0.0016296750046591974
177.0,0.0016734243289653389
177.05,0.0021620716030288437
177.10000000000002,0.004097946431405925
177.15,0.005789211065929294
177.20000000000002,0.007781984369811073
177.25,0.010001968671838748
177.3,0.009805525211148565
177.35000000000002,0.007746202324631828
177.4,0.007412015476529874
177.45000000000002,0.00923317230046328
177.5,0.009542160453515521
177.55,0.0066642297163954445
177.60000000000002,0.0026359823443182512
177.65,-3.0450957543740484e-05
177.70000000000002,0.000257209514654738
177.75,0.0012097404415751716
177.8,-0.0011687838437085202
177.85000000000002,-0.004575763323542215
177.9,-0.00481688567785265
177.95000000000002,-0.0032280886668376143
178.0,-0.003412244597258128
178.05,-0.005722284679955702
178.10000000000002,-0.0070234346862173835
178.15,-0.006510268053109571
178.20000000000002,-0.0054473941462882475
178.25,-0.004099326248901264
178.3,-0.003183073051790585
178.35000000000002,-0.003515950221565519
178.4,-0.004094890356644454
178.45000000000002,-0.0027651551778739617
178.5,0.00010843451040064293
178.55,0.0012447295906058153
178.60000000000002,-0.0008965384052992677
178.65,-0.0034272772638529233
178.70000000000002,-0.002779537460300797
178.75,0.00025388390139599837
178.8,0.003466977864676505
178.85000000000002,0.006443655059096279
178.9,0.007087129399689875
178.95000000000002,0.006184250356355662
179.0,0.0066349979076902686
179.05,0.006995694768361857
179.10000000000002,0.007915732814248089
179.15,0.009985062826719128
179.20000000000002,0.009017544463131225
179.25,0.005334900620057855
179.3,0.0037897508630202635
179.35000000000002,0.002394532009953575
179.4,-0.001255892700997481
179.45000000000002,-0.003509613495051935
179.5,-0.004405268862847208
179.55,-0.004906549104604985
179.60000000000002,-0.006237199190965063
179.65,-0.010427133716746978
179.70000000000002,-0.013188422940120646
179.75,-0.012873064178890118
179.8,-0.012771122725331676
179.85000000000002,-0.012485087494840308
179.9,-0.011801714648657334
179.95000000000002,-0.011719615333551618
180.0,-0.010035755168213365
180.05,-0.006124517416793551
180.10000000000002,-0.0021079493325831026
180.15,0.002607616505382361
180.20000000000002,0.00802440886718444
180.25,0.010171763191095962
180.3,0.008643994087705446
180.35000000000002,0.0077416641597761685
180.4,0.007849654725991887
180.45000000000002,0.006689143659796399
180.5,0.005875443015104196
180.55,0.005801607695817886
180.60000000000002,0.0026678672682905543
180.65,-0.0010738325140437481
180.70000000000002,-0.000565667864852126
180.75,0.0010115215101711497
180.8,-0.0016079999812931038
180.85000000000002,-0.006695981206057673
180.9,-0.008234753641897699
180.95000000000002,-0.0065066605462756775
181.0,-0.0053434207818613905
181.05,-0.004530301258486672
181.10000000000002,-0.0021027718294951594
181.15,0.001688031370059223
181.20000000000002,0.004977889913278336
181.25,0.006060847391117894
181.3,0.0037436268750057422
181.35000000000002,0.00021589227222218593
181.4,-0.0002663716940165183
181.45000000000002,0.0021534365681796603
181.5,0.0037216159105209084
181.55,0.004155824622038898
181.60000000000002,0.004693183820440766
181.65,0.005261624850021036
181.70000000000002,0.005836632027604657
181.75,0.00454358602315696
181.8,0.001772572917007145
181.85000000000002,0.00030915458197364773
181.9,0.0017047474700456356
181.95000000000002,0.004222190132840785
182.0,0.0034962822672198897
182.05,-0.000647579906042018
182.10000000000002,-0.005596956249181537
182.15,-0.009241683713902136
182.20000000000002,-0.011574327540456272
182.25,-0.012698161924758825
182.3,-0.011245294167423977
182.35000000000002,-0.009007125145711527
182.4,-0.007410236033724714
182.45000000000002,-0.005699720169332504
182.5,-0.005174360316380588
182.55,-0.005544376230643457
182.60000000000002,-0.003611832594905511
182.65,0.0003052657889513223
182.70000000000002,0.003182858766713564
182.75,0.003474740145945759
182.8,0.0026297913657780197
182.85000000000002,0.001483907673173456
182.9,-0.0011591577714910417
182.95000000000002,-0.0030733314033019035
183.0,-0.0024694316573668383
183.05,-0.0005251301255749754
183.10000000000002,0.0018791069787673976
183.15,0.004612514069326631
183.20000000000002,0.007017528895968566
183.25,0.007566520277835081
183.3,0.006899970519810717
183.35000000000002,0.007010646526328795
183.4,0.008437237605273092
183.45000000000002,0.010865453429754103
183.5,0.01385914937233819
183.55,0.01534234981274363
183.60000000000002,0.012679589843455259
183.65,0.006623546279697988
183.70000000000002,0.00048286247890242057
183.75,-0.002785263694837756
183.8,-0.0025767583838439906
183.85000000000002,-0.0019023087499894873
183.9,-0.002033207305150736
183.95000000000002,-0.0020495996687330876
184.0,-0.0016461037443866264
184.05,-0.0010248157658931634
184.10000000000002,-0.00247495710977009
184.15,-0.003556467950697221
184.20000000000002,-0.002158443532297039
184.25,-0.002359282062266833
184.3,-0.0031678003298079515
184.35000000000002,-0.001405383277343032
184.4,0.00156974334151464
184.45000000000002,0.002797416502295914
184.5,0.0023645717183998502
184.55,0.0029846973727517987
184.60000000000002,0.003957134529067177
184.65,0.00431151029404955
184.70000000000002,0.004469116126233062
184.75,0.0042880391787175525
184.8,0.004029822934912623
184.85000000000002,0.0017774951114885372
184.9,-0.002802554717327598
184.95000000000002,-0.007128351816441036
185.0,-0.008943361410084819
185.05,-0.00899653856938956
185.10000000000002,-0.011446527585396393
185.15,-0.01461188623914964
185.20000000000002,-0.014140038609158549
185.25,-0.009935133447686725
185.3,-0.004799815406584727
185.35000000000002,-0.0027723607066903965
185.4,-0.003696734090469091
185.45000000000002,-0.00511653037420222
185.5,-0.004107245875758069
185.55,0.00046273133663091094
185.60000000000002,0.005204518683377391
185.65,0.007869016320010155
185.70000000000002,0.009081100765400904
185.75,0.009149124695588526
185.8,0.007437070484034812
185.85000000000002,0.004615881262221661
185.9,0.0009738480910455517
185.95000000000002,-0.002336613303778696
186.0,-0.0023672235433620827
186.05,0.00011002777329292769
186.10000000000002,0.0006407757519883951
186.15,-0.001882068573769169
186.20000000000002,-0.003617867057141815
186.25,-0.003592527991738829
186.3,-0.0026486279698181877
186.35000000000002,-0.0020002505301662124
186.4,-0.003513845291508426
186.45000000000002,-0.004832573023365549
186.5,-0.004118961169993931
186.55,-0.002356016837022096
186.60000000000002,-0.00026520658160065585
186.65,-9.711908799162218e-05
186.70000000000002,-0.002529383592075716
186.75,-0.004636013850432031
186.8,-0.00572600865691274
186.85000000000002,-0.006031189918302916
186.9,-0.00402689579116095
186.95000000000002,-0.00023769611547804121
187.0,0.0023227435500581778
187.05,0.0031788916211519377
187.10000000000002,0.003946799330912841
187.15,0.004220777685482432
187.20000000000002,0.004458519082368472
187.25,0.005035984059668485
187.3,0.005799364113069614
187.35000000000002,0.007765096697021102
187.4,0.010141866892119806
187.45000000000002,0.010988917404824904
187.5,0.008292675198378195
187.55,0.0019357374022160722
187.60000000000002,-0.004713079690528705
187.65,-0.006986172532135606
187.70000000000002,-0.004607148121146406
187.75,-0.002222821712845498
187.8,-0.0015443624671564325
187.85000000000002,-0.002272345328114388
187.9,-0.004014469010642591
187.95000000000002,-0.005271342503898378
188.0,-0.006213126725209132
188.05,-0.006846520086270112
188.10000000000002,-0.006002774035704832
188.15,-0.006106354049027722
188.20000000000002,-0.0095014806207448
188.25,-0.011415790911768996
188.3,-0.007971510886101664
188.35000000000002,-0.0016659232829127635
188.4,0.0040719496788123215
188.45000000000002,0.0072953973378755066
188.5,0.008338760163504086
188.55,0.007254032998301838
188.60000000000002,0.00446917507105787
188.65,0.0036494551973259483
188.70000000000002,0.004571208791999836
188.75,0.004613809092545159
188.8,0.004384279769142195
188.85000000000002,0.0031202700775271263
188.9,-0.00010997824086236531
188.95000000000002,-0.003927451704451316
189.0,-0.006930846823582412
189.05,-0.008091853296416157
189.10000000000002,-0.006537451021705827
189.15,-0.0021889017376713685
189.20000000000002,0.0033354895289254547
189.25,0.0073846285998995075
189.3,0.008548996655111253
189.35000000000002,0.008415648269377515
189.4,0.010152770617204068
189.45000000000002,0.01391340165562341
189.5,0.016444605022661353
189.55,0.015813779281861683
189.60000000000002,0.014614018423974341
189.65,0.014861837826156792
189.70000000000002,0.014078520803845248
189.75,0.012010676239859859
189.8,0.010465289612740424
189.85000000000002,0.008502425342922981
189.9,0.005619782924079957
189.95000000000002,0.0024169510815592256
190.0,-0.0007836253406852604
190.05,-0.002887510198506322
190.10000000000002,-0.003821910721490461
190.15,-0.0024240329476541045
190.20000000000002,0.0015988485682822743
190.25,0.003539721470449276
190.3,0.0033383806174173795
190.35000000000002,0.005502668693662596
190.4,0.008189892086229274
190.45000000000002,0.007793443600608223
190.5,0.0064390662531168905
190.55,0.006222040197240578
190.60000000000002,0.006390418390368466
190.65,0.004408279037816717
190.70000000000002,-0.0005476525750831486
190.75,-0.004860401279490198
190.8,-0.007548460047939326
190.85000000000002,-0.008716606688477976
190.9,-0.00898601240354187
190.95000000000002,-0.010545605924125453
191.0,-0.011254774890819759
191.05,-0.00904795015848448
191.10000000000002,-0.007116382279584841
191.15,-0.008828900812294201
191.20000000000002,-0.010976435053106456
191.25,-0.008594914978801625
191.3,-0.003818277705645302
191.35000000000002,-0.0016930721099248454
191.4,-0.0008031137777997605
191.45000000000002,0.002005691833882838
191.5,0.004541458201576718
191.55,0.0049548295252086335
191.60000000000002,0.004118110147837995
191.65,0.001832180382276386
191.70000000000002,-0.002882242159891586
191.75,-0.008762766431821905
191.8,-0.014451151083532185
191.85000000000002,-0.01930096018635524
191.9,-0.02161513507772624
191.95000000000002,-0.020487924957742022
192.0,-0.01754576764515054
192.05,-0.01518263238966709
192.10000000000002,-0.013456452263262473
192.15,-0.012148757738985874
192.20000000000002,-0.009267504390879004
192.25,-0.004129836141689159
192.3,-0.0015571398031320228
192.35000000000002,-0.0011875381377845521
192.4,0.001331573366150673
192.45000000000002,0.004464418261160926
192.5,0.005199596610135198
192.55,0.004445849385383659
192.60000000000002,0.0035465818579041002
192.65,0.002012929212640249
192.70000000000002,3.514232566051554e-05
192.75,-0.001900807265903785
192.8,-0.0039041006530032853
192.85000000000002,-0.005111312996397503
192.9,-0.006368692497405233
192.95000000000002,-0.007520160970371828
193.0,-0.004956112174119763
193.05,0.0002468746603715911
193.10000000000002,0.003671632327556123
193.15,0.003792060272760457
193.20000000000002,0.0025734794927033907
193.25,0.0007277479293644599
193.3,-0.0016388317644007511
193.35000000000002,-0.00224218350690679
193.4,-0.0023877290468134796
193.45000000000002,-0.0035458385501514773
193.5,-0.00573057508301161
193.55,-0.007289421833450615
193.60000000000002,-0.005702764753518569
193.65,-0.0038727593366729906
193.70000000000002,-0.0030721320521999588
193.75,-0.0014158015247410641
193.8,0.0017754028049832538
193.85000000000002,0.006066131287420151
193.9,0.009621939813248685
193.95000000000002,0.01169689913147175
194.0,0.012232367470880258
194.05,0.012205463837544558
194.10000000000002,0.012349598616537597
194.15,0.012610587592349344
194.20000000000002,0.012958022691868368
194.25,0.012712844661244628
194.3,0.013037181428075736
194.35000000000002,0.013340391486509715
194.4,0.01098928855650102
194.45000000000002,0.007534595109953051
194.5,0.0049587238712458705
194.55,0.0030923196385513447
194.60000000000002,0.0022564154292118136
194.65,0.0008847890569622963
194.70000000000002,-0.0028436361407160296
194.75,-0.009578205328930518
194.8,-0.01770281627311916
194.85000000000002,-0.02239823628244819
194.9,-0.02189679035258836
194.95000000000002,-0.01780037101371761
195.0,-0.012548991199446241
195.05,-0.007523127676473988
195.10000000000002,-0.0023705508101523943
195.15,0.0014888804580709873
195.20000000000002,0.0030149858183765284
195.25,0.00385357762025962
195.3,0.00500330202836888
195.35000000000002,0.0066142823081878094
195.4,0.008549837032378804
195.45000000000002,0.009168680827035095
195.5,0.00719731848895685
195.55,0.0026342924436041
195.60000000000002,-0.0027594283451556996
195.65,-0.0048979871493364515
195.70000000000002,-0.003205524947334394
195.75,-0.0011125135096580101
195.8,0.000268775939809314
195.85000000000002,-0.0002363427314118783
195.9,-0.0020884251851545146
195.95000000000002,-0.0010530225046325905
196.0,0.0018378323094449586
196.05,0.003453834108717927
196.10000000000002,0.004931802690236304
196.15,0.005791015431013521
196.20000000000002,0.004695539175781151
196.25,0.0023846756761775234
196.3,-0.0009476472281589074
196.35000000000002,-0.0032365955461040497
196.4,-0.0014878273190354378
196.45000000000002,0.002539939710709934
196.5,0.004860431161100178
196.55,0.005957340177630076
196.60000000000002,0.007277303455661737
196.65,0.00701924342927754
196.70000000000002,0.005038257725471898
196.75,0.0012979219333329496
196.8,-0.003404529164040877
196.85000000000002,-0.004486951748772819
196.9,-0.0019567987248260777
196.95000000000002,0.0007509534892392507
197.0,0.003312324244109051
197.05,0.004360139893930248
197.10000000000002,0.0027880225980332967
197.15,0.0015702230174442862
197.20000000000002,0.002932775248040313
197.25,0.0063310139479900995
197.3,0.01021274552327024
197.35000000000002,0.013079271506798395
197.4,0.015051661155957262
197.45000000000002,0.016137300859905283
197.5,0.015059647822414953
197.55,0.011329008867790405
197.60000000000002,0.005562779315941007
197.65,-0.0006408692866857981
197.70000000000002,-0.005593862381384487
197.75,-0.008911372772312935
197.8,-0.010285848223387793
197.85000000000002,-0.008919349062492851
197.9,-0.005689432648622461
197.95000000000002,-0.003152868396607233
198.0,-0.001288913083804367
198.05,0.0014248055691433378
198.10000000000002,0.0047497164298502415
198.15,0.007754758491171506
198.20000000000002,0.008000552036728182
198.25,0.004367308274561637
198.3,-0.0025432002814591535
198.35000000000002,-0.010656549302720392
198.4,-0.014950780691834581
198.45000000000002,-0.014734963304533881
198.5,-0.012518326270263443
198.55,-0.011507789292344318
198.60000000000002,-0.012712438778006992
198.65,-0.011839217159661006
198.70000000000002,-0.009627498362096863
198.75,-0.008656358510607498
198.8,-0.007178306397026995
198.85000000000002,-0.004880610523468823
198.9,-0.0023324969664589457
198.95000000000002,-0.0002792864488617351
199.0,-0.00010157666386622179
199.05,0.0004563426977375784
199.10000000000002,0.00302010617475598
199.15,0.0037928351670212844
199.20000000000002,0.0031957388480617177
199.25,0.0044214668295441345
199.3,0.004844872534200915
199.35000000000002,0.00373177886991652
199.4,0.004259232136973237
199.45000000000002,0.00469741722766753
199.5,0.0035305070940970123
199.55,0.0027593580504648003
199.60000000000002,0.0016364195446466692
199.65,0.00034810938738912597
199.70000000000002,0.0005601857581925191
199.75,0.002222788982260292
199.8,0.005578807224596955
199.85000000000002,0.0108822744120198
199.9,0.01597763213448269
199.95000000000002,0.018007174851300788
200.0,0.016365271840947448
200.05,0.013290549063996165
200.10000000000002,0.010766036678015872
200.15,0.007460925311791491
200.20000000000002,0.0038202089698489293
200.25,0.0014717602783258625
200.3,0.0007959332125812377
200.35000000000002,0.000929278226762713
200.4,-0.00038628943591769376
200.45000000000002,-0.0017071597167848667
200.5,-0.002302271203200946
200.55,-0.004063398914474786
200.60000000000002,-0.005916206290649706
200.65,-0.006744003466863477
200.70000000000002,-0.006770495438043752
200.75,-0.006251335132882896
200.8,-0.006779598170720132
200.85000000000002,-0.007347067957311724
200.9,-0.004477235056066829
200.95000000000002,0.00020785283460992454
201.0,0.0028935169423684056
201.05,0.0029748990211459674
201.10000000000002,0.00197290462609122
201.15,0.0012917882568205168
201.20000000000002,0.00033041295076029084
201.25,-0.0012723627121770161
201.3,-0.003619109227013681
201.35000000000002,-0.00743801225056564
201.4,-0.010554301194515982
201.45000000000002,-0.010472964299605526
201.5,-0.007860510111677316
201.55,-0.004784025324606351
201.60000000000002,-0.004604180795754828
201.65,-0.0075416696401246625
201.70000000000002,-0.010263348652133165
201.75,-0.01233010989799951
201.8,-0.013073251711210179
201.85000000000002,-0.01253216177466165
201.9,-0.012250827629658921
201.95000000000002,-0.010581990997891904
202.0,-0.006580538786401483
202.05,-0.0014248880013231781
202.10000000000002,0.003892300389632363
202.15,0.010091014320741528
202.20000000000002,0.014681425843735555
202.25,0.015532585233364607
202.3,0.016196856118673792
202.35000000000002,0.01655983292670591
202.4,0.0158361715331205
202.45000000000002,0.014790456774671447
202.5,0.013437575499265516
202.55,0.011928388719187496
202.60000000000002,0.009166240369636593
202.65,0.005199460945575169
202.70000000000002,0.001103228338845938
202.75,-0.0024098675169022714
202.8,-0.005533710579008893
202.85000000000002,-0.0072770755554847225
202.9,-0.00669108631114074
202.95000000000002,-0.0053902608728029
203.0,-0.004782556920644736
203.05,-0.0052401686840223794
203.10000000000002,-0.006668675347655295
203.15,-0.007270666524578098
203.20000000000002,-0.004831898746307509
203.25,-0.0011050754608412
203.3,0.001053727169871646
203.35000000000002,0.0020487788349614292
203.4,0.001006368250114258
203.45000000000002,-0.003511903871785565
203.5,-0.007829529259497512
203.55,-0.009828839868906392
203.60000000000002,-0.010672570335555376
203.65,-0.010056744431114322
203.70000000000002,-0.008400336059949371
203.75,-0.0066372255204586155
203.8,-0.0059427705762860866
203.85000000000002,-0.006768631911618421
203.9,-0.007679213970211503
203.95000000000002,-0.007585906778107308
204.0,-0.007892166142415299
204.05,-0.008085214308784198
204.10000000000002,-0.005684029086735626
204.15,-0.0031642302467628928
204.20000000000002,-0.0015183811290368377
204.25,0.0004810807208769201
204.3,0.0004789076143239914
204.35000000000002,-0.0007327415961307386
204.4,-0.0010101653633011359
204.45000000000002,-0.001443256174559874
204.5,-0.00224366363661793
204.55,-0.0036215505617275883
204.60000000000002,-0.006108803958056702
204.65,-0.00871784753969422
204.70000000000002,-0.011022822788247101
204.75,-0.013859507819510836
204.8,-0.01589853897413562
204.85000000000002,-0.014051096319595445
204.9,-0.007970079861361537
204.95000000000002,-0.0005152361312808465
205.0,0.00483252887475084
205.05,0.008111964126338286
205.10000000000002,0.01071038784876371
205.15,0.010846908023686284
205.20000000000002,0.007821716796348044
205.25,0.004086869143189418
205.3,0.0011359317861429341
205.35000000000002,-0.0025088406307549006
205.4,-0.007065786472570928
205.45000000000002,-0.01017350213416847
205.5,-0.011594860953892132
205.55,-0.013591492149082457
205.60000000000002,-0.015782127128006883
205.65,-0.01371527055588975
205.70000000000002,-0.00564474105289494
205.75,0.005184076000684043
205.8,0.014919494359463265
205.85000000000002,0.022774756784475502
205.9,0.028432688604405204
205.95000000000002,0.03099210440273667
206.0,0.032577367770144396
206.05,0.033537780644630526
206.10000000000002,0.0328153749337001
206.15,0.02993618875388632
206.20000000000002,0.02152181771416003
206.25,0.008059011324525819
206.3,-0.006112215297570304
206.35000000000002,-0.019906249156263205
206.4,-0.03206807299338657
206.45000000000002,-0.04067396024953453
206.5,-0.04414123055027339
206.55,-0.041455611917861894
206.60000000000002,-0.034054037178215535
206.65,-0.024444867851024194
206.70000000000002,-0.014850408443925206
206.75,-0.004966720642191262
206.8,0.00631332820887147
206.85000000000002,0.01845406443673912
206.9,0.028091901378302697
206.95000000000002,0.03266347452081976
207.0,0.03428491522754388
207.05,0.0337393850264101
207.10000000000002,0.031001643148141453
207.15,0.028486501756214335
207.20000000000002,0.02753214277425049
207.25,0.026226803222594228
207.3,0.023826733793995258
207.35000000000002,0.02085427663206406
207.4,0.01700256710320362
207.45000000000002,0.012362249171198313
207.5,0.004494001996885727
207.55,-0.0057120551721060765
207.60000000000002,-0.011782802884105917
207.65,-0.012233718313267824
207.70000000000002,-0.012022209754777047
207.75,-0.014194658234775118
207.8,-0.017020614211265613
207.85000000000002,-0.018523694199156795
207.9,-0.017406632616099527
207.95000000000002,-0.011999174558945482
208.0,-0.005638979925406005
208.05,-0.002951354513409131
208.10000000000002,-0.002256394475691979
208.15,-0.001883858470087782
208.20000000000002,-0.000638294098648625
208.25,0.002848126945887837
208.3,0.005942844813405973
208.35000000000002,0.007507496779849929
208.4,0.010355063125784571
208.45000000000002,0.014800509549261551
208.5,0.019308695046473333
208.55,0.02018230628366917
208.60000000000002,0.01386817173499646
208.65,0.005556157609347063
208.70000000000002,0.0001656705024240284
208.75,-0.0024690703567019764
208.8,-0.0033519675555619714
208.85000000000002,-0.004164554491447049
208.9,-0.004773184817297904
208.95000000000002,-0.0057471052918034475
209.0,-0.007885899073830877
209.05,-0.009301671409706414
209.10000000000002,-0.007552984470432602
209.15,-0.0022439186718309157
209.20000000000002,0.004783486907430515
209.25,0.011199774552337468
209.3,0.01522308588729772
209.35000000000002,0.016634118487392935
209.4,0.01619137430984653
209.45000000000002,0.015992264380664905
209.5,0.016272949519519925
209.55,0.013773710623414566
209.60000000000002,0.01006292961179588
209.65,0.006655490482318166
209.70000000000002,0.0019010386522662786
209.75,-0.002064384127935402
209.8,-0.005479408056820012
209.85000000000002,-0.008573747696025938
209.9,-0.007519521010531147
209.95000000000002,-0.0037909909993940837
210.0,-0.002982431026673308
210.05,-0.005067960041112839
210.10000000000002,-0.006359383186170338
210.15,-0.007414084948990793
210.20000000000002,-0.00912974981977422
210.25,-0.00912068508907823
210.3,-0.007801615725640635
210.35000000000002,-0.008144718845651022
210.4,-0.009287478012932782
210.45000000000002,-0.008703025733737062
210.5,-0.008489010081477392
210.55,-0.011260958693206107
210.60000000000002,-0.014497202522025333
210.65,-0.01572511035373701
210.70000000000002,-0.014759788557933539
210.75,-0.010433335340376059
210.8,-0.004788409158152726
210.85000000000002,-0.004359184006448573
210.9,-0.008708136234174664
210.95000000000002,-0.0102001683482245
211.0,-0.008450507492303463
211.05,-0.006231443708543271
211.10000000000002,-0.002995480721013163
211.15,-0.00220962265791772
211.20000000000002,-0.0068876334887448525
211.25,-0.01338141570721142
211.3,-0.01782219476835489
211.35000000000002,-0.021040011769698653
211.4,-0.023500086026721274
211.45000000000002,-0.021804707207987193
211.5,-0.016374509401402712
211.55,-0.011678805265617919
211.60000000000002,-0.006629906759032955
211.65,0.0001972046923168496
211.70000000000002,0.006904050461144118
211.75,0.014835408550926136
211.8,0.02295470103742812
211.85000000000002,0.026871389369092006
211.9,0.025846106192878384
211.95000000000002,0.020849160979146884
212.0,0.0133137633187206
212.05,0.007087176554704711
212.10000000000002,0.006004778568997705
212.15,0.011169146187673697
212.20000000000002,0.019145275297839902
212.25,0.023644992612525
212.3,0.023821959022786547
212.35000000000002,0.022183058536446757
212.4,0.017719238012029
212.45000000000002,0.01181915207062255
212.5,0.010140071261722495
212.55,0.013046783691272233
212.60000000000002,0.017920881183486403
212.65,0.02407802301573199
212.70000000000002,0.026057037537154087
212.75,0.01999646452175171
212.8,0.011366354242582994
212.85000000000002,0.004678272799570944
212.9,-0.0013962968963708328
212.95000000000002,-0.0059308224249287915
213.0,-0.0064555288117604795
213.05,-0.004897048849602851
213.10000000000002,-0.004349286168516893
213.15,-0.005139901459413538
213.20000000000002,-0.007210184865915348
213.25,-0.011315022855520478
213.3,-0.013876786331270258
213.35000000000002,-0.013228130497765282
213.4,-0.01354922367315958
213.45000000000002,-0.014344446322053237
213.5,-0.015081767682563025
213.55,-0.019031153786116542
213.60000000000002,-0.024497750542207177
213.65,-0.027270113406823476
213.70000000000002,-0.027120089963272868
213.75,-0.026015872342465496
213.8,-0.024120126243689387
213.85000000000002,-0.02149743610629964
213.9,-0.019124060558636028
213.95000000000002,-0.018520140742506495
214.0,-0.01871151792973521
214.05,-0.01587531609880103
214.10000000000002,-0.012475293623534923
214.15,-0.011987190104939798
214.20000000000002,-0.011458931711271825
214.25,-0.0066195924305075555
214.3,0.001437198953331962
214.35000000000002,0.006956149617968216
214.4,0.008852552870286615
214.45000000000002,0.011053331297165795
214.5,0.012906217740869485
214.55,0.009966606576442997
214.60000000000002,0.006004652661176566
214.65,0.0039917738334081555
214.70000000000002,0.0019657804026902053
214.75,0.001681038856537907
214.8,0.0029719709542127865
214.85000000000002,0.005331957438652556
214.9,0.005690241392145657
214.95000000000002,0.0022012972668950946
215.0,-0.0004017565555285809
215.05,-0.0014151623672592956
215.10000000000002,-0.003321945862376619
215.15,-0.00676097146424966
215.20000000000002,-0.010518026263762146
215.25,-0.0159185162509725
215.3,-0.021454735411399483
215.35000000000002,-0.020958795501660094
215.4,-0.016461961728769795
215.45000000000002,-0.012250544426312411
215.5,-0.007079860131573882
215.55,0.0016686074744208565
215.60000000000002,0.012647169049067285
215.65,0.02345082754360164
215.70000000000002,0.03181501594440457
215.75,0.034088704313107336
215.8,0.03471748166612681
215.85000000000002,0.03714238284925825
215.9,0.03603613980970296
215.95000000000002,0.028935058675156312
216.0,0.021472807122755545
216.05,0.018947953455467695
216.10000000000002,0.016212295048029676
216.15,0.008174840855234856
216.20000000000002,-0.0024961101899618463
216.25,-0.011906287453172406
216.3,-0.019351178246466844
216.35000000000002,-0.026810035695782115
216.4,-0.033559773586935904
216.45000000000002,-0.037082929024656416
216.5,-0.037195102819400486
216.55,-0.032684309279378626
216.60000000000002,-0.02275762369468489
216.65,-0.009684081642435248
216.70000000000002,0.005238398488777245
216.75,0.016539132573107383
216.8,0.01822658227132194
216.85000000000002,0.015417260068226512
216.9,0.015380186818910933
216.95000000000002,0.016229711398570032
217.0,0.013830335568651785
217.05,0.008928157978150877
217.10000000000002,0.003049439261143054
217.15,-0.0026755885033208737
217.20000000000002,-0.0073299405401555575
217.25,-0.012608327211342108
217.3,-0.017400585289558776
217.35000000000002,-0.016702420167144235
217.4,-0.013117255744789752
217.45000000000002,-0.008900045373903752
217.5,-0.0011202536958157905
217.55,0.006315440973376849
217.60000000000002,0.008634003490139121
217.65,0.0070934366342301665
217.70000000000002,0.0073912460102364365
217.75,0.010944432916852738
217.8,0.014277994130061259
217.85000000000002,0.014183664946741465
217.9,0.009220806505672363
217.95000000000002,0.004003593937370119
218.0,-0.0007263877797771056
218.05,-0.006590340328530413
218.10000000000002,-0.011371803994692465
218.15,-0.0164222738021121
218.20000000000002,-0.021177759528796743
218.25,-0.023168444923044408
218.3,-0.02308752620418009
218.35000000000002,-0.0198249095040864
218.4,-0.013429605937654243
218.45000000000002,-0.006465731367212223
218.5,0.0012799791147020186
218.55,0.009928652818131056
218.60000000000002,0.015916808904001763
218.65,0.01627314438327203
218.70000000000002,0.01223923915172629
218.75,0.008380911770988155
218.8,0.008776559933065855
218.85000000000002,0.01235400739631089
218.9,0.014612066392541806
218.95000000000002,0.015364967904769903
219.0,0.02010133346854762
219.05,0.02857966015191187
219.10000000000002,0.033875777199854636
219.15,0.03429483935228225
219.20000000000002,0.03263574345507672
219.25,0.030005540659108525
219.3,0.026061658876881263
219.35000000000002,0.021649600940727255
219.4,0.01790687030380529
219.45000000000002,0.01359629544675101
219.5,0.008489713656256581
219.55,0.003763254294455014
219.60000000000002,0.0011978562776002097
219.65,0.0029377887370670595
219.70000000000002,0.005234476966293867
219.75,0.0033667382457984963
219.8,-0.0014447339507709695
219.85000000000002,-0.005534734676169104
219.9,-0.006656474895085348
219.95000000000002,-0.008247222213579057
220.0,-0.01279616181415981
220.05,-0.015629087992720257
220.10000000000002,-0.015500062278959616
220.15,-0.014709552502240465
220.20000000000002,-0.01395089069263395
220.25,-0.014892245088687124
220.3,-0.01587828663691453
220.35000000000002,-0.013642835140140077
220.4,-0.008720969889208402
220.45000000000002,-0.0054141079319328135
220.5,-0.0069046898630185155
220.55,-0.01011081086991421
220.60000000000002,-0.01281617869942621
220.65,-0.01572008795746056
220.70000000000002,-0.018926680972705535
220.75,-0.022103952602131494
220.8,-0.023974785851756032
220.85000000000002,-0.024101670337818078
220.9,-0.023435046194665753
220.95000000000002,-0.022037453465058164
221.0,-0.016211784620447083
221.05,-0.0055695724028873815
221.10000000000002,0.0058232833697891544
221.15,0.017522330214127465
221.20000000000002,0.028388397342572726
221.25,0.03451012986270059
221.3,0.0359267755071242
221.35000000000002,0.03751088483173246
221.4,0.03949637452993941
221.45000000000002,0.03904034202025857
221.5,0.03541673028507694
221.55,0.028107526150049664
221.60000000000002,0.019667077633093246
221.65,0.012230673355305331
221.70000000000002,0.006053777994470786
221.75,-0.00044784488280868843
221.8,-0.008541907388066736
221.85000000000002,-0.014818850664308646
221.9,-0.017232544978285958
221.95000000000002,-0.018227633669309462
222.0,-0.01960679542224945
222.05,-0.019606985836769758
222.10000000000002,-0.02093364288797346
222.15,-0.026631760514060018
222.20000000000002,-0.030889609769117265
222.25,-0.030088093289172883
222.3,-0.0261413341401194
222.35000000000002,-0.020508729500475838
222.4,-0.01388808597765173
222.45000000000002,-0.007691244441376645
222.5,-0.003520255385868574
222.55,-9.65038316237077e-05
222.60000000000002,0.006341035488771733
222.65,0.015247626381198538
222.70000000000002,0.020794222415455057
222.75,0.022875212797698743
222.8,0.02449450076108495
222.85000000000002,0.022486007364529378
222.9,0.014697126599696067
222.95000000000002,0.004244707094867404
223.0,-0.00411828409604754
223.05,-0.008913338004885174
223.10000000000002,-0.013342928342868347
223.15,-0.01765381813361878
223.20000000000002,-0.019414946722069528
223.25,-0.018704407334544138
223.3,-0.015621837644297948
223.35000000000002,-0.01026167122879124
223.4,-0.005137590742502763
223.45000000000002,-0.002049982723318624
223.5,-0.0006994742519538133
223.55,-2.212826040438251e-05
223.60000000000002,9.865328613705191e-05
223.65,-0.0021999163926713756
223.70000000000002,-0.005102703651808662
223.75,-0.005628040191538811
223.8,-0.0035731249882872034
223.85000000000002,0.0004215260506408182
223.9,0.0042293733994878
223.95000000000002,0.007464761812824185
224.0,0.010471678912582199
224.05,0.013825936139415898
224.10000000000002,0.017789796835383044
224.15,0.020440325132047407
224.20000000000002,0.02129157705359967
224.25,0.02036286154811035
224.3,0.017573184467729843
224.35000000000002,0.014498475648560228
224.4,0.01379946849844803
224.45000000000002,0.015870708892650385
224.5,0.018577528397454253
224.55,0.02053124803521971
224.60000000000002,0.019626184615903194
224.65,0.013973618791288382
224.70000000000002,0.005581941202042561
224.75,-0.0014250940104528456
224.8,-0.006776997069481329
224.85000000000002,-0.012077154446454021
224.9,-0.016833650449886557
224.95000000000002,-0.021676515908465848
225.0,-0.024668665875037795
225.05,-0.02096931448783969
225.10000000000002,-0.011551753000342706
225.15,-0.0029849038036939765
225.20000000000002,0.0024175532579660125
225.25,0.007203479933497398
225.3,0.010562320602727328
225.35000000000002,0.011659004071201403
225.4,0.013412167466473354
225.45000000000002,0.016416305340677773
225.5,0.015513505101896061
225.55,0.006895170524929321
225.60000000000002,-0.0054679389944669535
225.65,-0.015367103566934836
225.70000000000002,-0.02264841713052206
225.75,-0.028853526983390776
225.8,-0.03099986738254209
225.85000000000002,-0.029990087006310433
225.9,-0.0290457764494109
225.95000000000002,-0.028464021645474163
226.0,-0.02856419569708192
226.05,-0.02781407877419846
226.10000000000002,-0.023469592869731232
226.15,-0.015584846039625832
226.20000000000002,-0.008515991931095954
226.25,-0.003275620415129474
226.3,2.3470730447895116e-05
226.35000000000002,-0.0009427220378553606
226.4,-0.00229032156585491
226.45000000000002,-0.0005567370460425593
226.5,0.004006299790106964
226.55,0.01058459804075724
226.60000000000002,0.016224832742604164
226.65,0.01815274702460781
226.70000000000002,0.014902532572160388
226.75,0.005556726620652763
226.8,-0.006480765363130045
226.85000000000002,-0.014585815915296662
226.9,-0.017839897546545996
226.95000000000002,-0.018652439524316337
227.0,-0.019994588569399074
227.05,-0.023563965538324173
227.10000000000002,-0.02698424750232467
227.15,-0.02716953328421754
227.20000000000002,-0.02273170754068261
227.25,-0.01605270573423217
227.3,-0.007434768597681313
227.35000000000002,0.003383067027823968
227.4,0.011168664539790877
227.45000000000002,0.011658776272845074
227.5,0.0066635464332739
227.55,0.0006441904900886596
227.60000000000002,-0.0014848390981725957
227.65,0.002903912948599574
227.70000000000002,0.009457287931098835
227.75,0.012498075172805793
227.8,0.008944408333748323
227.85000000000002,0.0012171772644701461
227.9,-0.005060342137412573
227.95000000000002,-0.008965180264880523
228.0,-0.008639659189465555
228.05,-0.0022632545676488564
228.10000000000002,0.00500542855003725
228.15,0.007464638946191111
228.20000000000002,0.004971106366383609
228.25,0.0007689557439688412
228.3,-0.0026050406634150563
228.35000000000002,-0.0031869779871181486
228.4,0.0005122588777970368
228.45000000000002,0.006692459770148862
228.5,0.011825903594712533
228.55,0.013964511495274733
228.60000000000002,0.015051361869210661
228.65,0.015469199776531667
228.70000000000002,0.012257204267520274
228.75,0.007602147135222605
228.8,0.0050126159922120805
228.85000000000002,0.003802881517028905
228.9,0.0026809097788291466
228.95000000000002,0.001456550275784973
229.0,-0.0005121055225498293
229.05,-0.0030377689205425664
229.10000000000002,-0.0056121753741098035
229.15,-0.008394292618903188
229.20000000000002,-0.008694380630602164
229.25,-0.0060391151116914385
229.3,-0.003091438356538766
229.35000000000002,0.0007133517562597857
229.4,0.00391226682430668
229.45000000000002,0.0017321864594878897
229.5,-0.003441823815831541
229.55,-0.006644219129137804
229.60000000000002,-0.00880378790096031
229.65,-0.00884467479828326
229.70000000000002,-0.0040237089242229395
229.75,0.0036833946583271354
229.8,0.009932929788203874
229.85000000000002,0.013507041406871138
229.9,0.01718602346253719
229.95000000000002,0.02182724390014609
230.0,0.02439615875124917
230.05,0.022195545296787644
230.10000000000002,0.0156287694963303
230.15,0.00583477387760887
230.20000000000002,-0.004856455115898681
230.25,-0.01338306945379539
230.3,-0.020502317479632867
230.35000000000002,-0.0250782556459594
230.4,-0.02283199964459498
230.45000000000002,-0.015181356574356741
230.5,-0.0062717426910142236
230.55,0.0032933650570244437
230.60000000000002,0.014230075596385497
230.65,0.025573052101028833
230.70000000000002,0.034926650698227014
230.75,0.04128391402538866
230.8,0.046468760681169105
230.85000000000002,0.05156283319841988
230.9,0.056531762388936355
230.95000000000002,0.06207229920979139
231.0,0.06519584238135417
231.05,0.06340714680415635
231.10000000000002,0.059400169418485964
231.15,0.05559989184806227
231.20000000000002,0.05273499158156347
231.25,0.049872020822968606
231.3,0.045864283156485754
231.35000000000002,0.040700403389641836
231.4,0.03420554011194761
231.45000000000002,0.026988728233420918
231.5,0.021006826535830213
231.55,0.01580412634717247
231.60000000000002,0.010459790341060407
231.65,0.006705537687840497
231.70000000000002,0.004881421565412941
231.75,0.005915960566892619
231.8,0.008342196558518646
231.85000000000002,0.006357686582477197
231.9,-0.0010743238308006206
231.95000000000002,-0.011104628416866357
232.0,-0.02093380267807371
232.05,-0.026695454219988878
232.10000000000002,-0.0271608880394332
232.15,-0.02603724715759978
232.20000000000002,-0.026978919334807963
232.25,-0.02965179399446415
232.3,-0.033005493635846594
232.35000000000002,-0.038736559735020167
232.4,-0.045447622931515726
232.45000000000002,-0.04817187409234721
232.5,-0.0465514142426307
232.55,-0.043912945456567806
232.60000000000002,-0.0420495864288844
232.65,-0.04220090711915089
232.70000000000002,-0.04488203540952614
232.75,-0.045395112010296036
232.8,-0.04052458538466262
232.85000000000002,-0.03364468671817824
232.9,-0.02774401848676667
232.95000000000002,-0.024707060169861676
233.0,-0.02460979123044757
233.05,-0.02556365810720151
233.10000000000002,-0.026898644126546037
233.15,-0.027399355183589012
233.20000000000002,-0.026613466477212067
233.25,-0.025936522174995567
233.3,-0.02467396346447473
233.35000000000002,-0.02052185821772651
233.4,-0.013377074399438268
233.45000000000002,-0.006048343951578661
233.5,6.436109869125294e-05
233.55,0.006410531988056674
233.60000000000002,0.013670647270162276
233.65,0.02190923365890174
233.70000000000002,0.03083269177447397
233.75,0.03752310483933149
233.8,0.037689473529450464
233.85000000000002,0.030363561652798347
233.9,0.01744517186572
233.95000000000002,0.002711708609458082
234.0,-0.008302933103060883
234.05,-0.015473990410780293
234.10000000000002,-0.023029267350180484
234.15,-0.0299553438762739
234.20000000000002,-0.032519363898017246
234.25,-0.03174746673805397
234.3,-0.03051068802406269
234.35000000000002,-0.029700668984167164
234.4,-0.029362009166450143
234.45000000000002,-0.028175129076346003
234.5,-0.024461567592566704
234.55,-0.018635926778893
234.60000000000002,-0.01094042364998212
234.65,-0.0014129406859691883
234.70000000000002,0.008015446801920928
234.75,0.015262094332033778
234.8,0.017359433760022604
234.85000000000002,0.014433067725497463
234.9,0.011340114413100434
234.95000000000002,0.008296091442854904
235.0,0.002175932468818443
235.05,-0.005277199217501733
235.10000000000002,-0.011116453676024644
235.15,-0.016222239235926143
235.20000000000002,-0.02043474085429804
235.25,-0.02152410348295753
235.3,-0.019707211616710393
235.35000000000002,-0.017426271412265364
235.4,-0.015572815968594734
235.45000000000002,-0.012544078276193677
235.5,-0.009093383860040542
235.55,-0.009150437908690431
235.60000000000002,-0.014295533642225137
235.65,-0.02091009550148395
235.70000000000002,-0.024505476280177404
235.75,-0.02447675800977665
235.8,-0.023302526530028803
235.85000000000002,-0.02276144664054671
235.9,-0.021243296215837277
235.95000000000002,-0.016004012505119836
236.0,-0.007069485505726529
236.05,0.0025675432855994658
236.10000000000002,0.012067587114924939
236.15,0.022801625861973086
236.20000000000002,0.03135489026972027
236.25,0.034132802819985084
236.3,0.034522142225474894
236.35000000000002,0.036277479655206134
236.4,0.03875846172842733
236.45000000000002,0.039172968313171026
236.5,0.03754564404688163
236.55,0.03724469484034376
236.60000000000002,0.038458971791704016
236.65,0.03872253866555088
236.70000000000002,0.03688533624245486
236.75,0.03635792243508024
236.8,0.041545750179677786
236.85000000000002,0.049216835913688785
236.9,0.05295909783819744
236.95000000000002,0.0521567026231956
237.0,0.05135033070979938
237.05,0.05151345415717924
237.10000000000002,0.051486352791447386
237.15,0.05318909729774796
237.20000000000002,0.053808761710997105
237.25,0.04988376893738829
237.3,0.04361801995901159
237.35000000000002,0.037545313537867685
237.4,0.03346535084796975
237.45000000000002,0.03067907833367358
237.5,0.02875046914420104
237.55,0.028204955935977917
237.60000000000002,0.0246796852320535
237.65,0.014742056634538595
237.70000000000002,0.0031890880544976656
237.75,-0.003923537366522794
237.8,-0.007544524901165324
237.85000000000002,-0.010405068891432827
237.9,-0.012015399386173131
237.95000000000002,-0.012388765978656947
238.0,-0.013227287343412867
238.05,-0.01571965896747183
238.10000000000002,-0.01940582834469899
238.15,-0.023718748004698108
238.20000000000002,-0.028890851954388192
238.25,-0.034849937444875245
238.3,-0.03975617119406322
238.35000000000002,-0.04213751025260807
238.4,-0.04443387657089394
238.45000000000002,-0.04846180218652145
238.5,-0.05227073880194518
238.55,-0.05360698689972365
238.60000000000002,-0.052847856198711636
238.65,-0.050685692344718744
238.70000000000002,-0.045852769351886445
238.75,-0.03860007900949725
238.8,-0.028838310924476085
238.85000000000002,-0.015739597216182906
238.9,-0.0019080475587453913
238.95000000000002,0.008386394065047804
239.0,0.01208118279914305
239.05,0.009911318179925029
239.10000000000002,0.005487264327802098
239.15,0.0018481100775866004
239.20000000000002,-5.88278968373042e-06
239.25,-0.0025383795480124005
239.3,-0.008646220251718456
239.35000000000002,-0.015932271279917067
239.4,-0.018661037032069384
239.45000000000002,-0.01599645122583906
239.5,-0.011510744971505806
239.55,-0.00610278463050441
239.60000000000002,0.0010597869539024922
239.65,0.008373730397326983
239.70000000000002,0.012795104867195732
239.75,0.0143010644119684
239.8,0.01702889767284116
239.85000000000002,0.02165642381900727
239.9,0.023965747271764443
239.95000000000002,0.025349469272363166
240.0,0.028009334211064177
240.05,0.026959917670092603
240.10000000000002,0.01892918568651511
240.15,0.007017932645315321
240.20000000000002,-0.0037374957709378023
240.25,-0.01311548083048585
240.3,-0.023128644798653668
240.35000000000002,-0.031104165835976347
240.4,-0.03350138176674917
240.45000000000002,-0.03011798994193265
240.5,-0.02236254086791466
240.55,-0.01203738215256339
240.60000000000002,-0.00253713952032376
240.65,0.0028765605006504233
240.70000000000002,0.002016488586303614
240.75,-0.004462558309638909
240.8,-0.011436557449459882
240.85000000000002,-0.015413887796776181
240.9,-0.01533704182894078
240.95000000000002,-0.01177274095712138
241.0,-0.006087190680935789
241.05,0.0021448074685336636
241.10000000000002,0.009304227267543349
241.15,0.010657520026289696
241.20000000000002,0.006915938020113006
241.25,0.0020384431849418566
241.3,-0.0013697760522125883
241.35000000000002,-0.004955800882686734
241.4,-0.010746395715543325
241.45000000000002,-0.019450222453571774
241.5,-0.031290758938064975
241.55,-0.04349639942016213
241.60000000000002,-0.050271477292692934
241.65,-0.05058824849296874
241.70000000000002,-0.04861486757907262
241.75,-0.04580006461566812
241.8,-0.04025124310706567
241.85000000000002,-0.030188750289684204
241.9,-0.019437490592195492
241.95000000000002,-0.013485982034274533
242.0,-0.012204080676932698
242.05,-0.012106943213227054
242.10000000000002,-0.009352343938273753
242.15,-0.0047233239361208395
242.20000000000002,-0.0023806716195678103
242.25,-0.003454431126249996
242.3,-0.006892424093763661
242.35000000000002,-0.010822936813360783
242.4,-0.0130480815246949
242.45000000000002,-0.012817370062015958
242.5,-0.00926961472338526
242.55,-0.0013214765263414388
242.60000000000002,0.007421957930028588
242.65,0.013258256931648962
242.70000000000002,0.01831466248984504
242.75,0.02237271193698856
242.8,0.022183179162492433
242.85000000000002,0.020258153732320962
242.9,0.02160772510582456
242.95000000000002,0.02405702975533186
243.0,0.022789778806093428
243.05,0.018710132336569544
243.10000000000002,0.012573635092613753
243.15,0.003638646671106921
243.20000000000002,-0.0063919717849151144
243.25,-0.01703168556335176
243.3,-0.030755625408870075
243.35000000000002,-0.04815762535779103
243.4,-0.06606296847914536
243.45000000000002,-0.08187427330695106
243.5,-0.0927816705778737
243.55,-0.09582744554386279
243.60000000000002,-0.0914962795848452
243.65,-0.08225225662966196
243.70000000000002,-0.06934762003744528
243.75,-0.053062766055673935
243.8,-0.03397902610265884
243.85000000000002,-0.012511311291063698
243.9,0.009466173884904231
243.95000000000002,0.03029394107254332
244.0,0.050733968320972725
244.05,0.07104148369204173
244.10000000000002,0.08842608799478442
244.15,0.10005724468014524
244.20000000000002,0.10634022669268996
244.25,0.10936544730173463
244.3,0.11110516634942255
244.35000000000002,0.11116290236543244
244.4,0.10914290298532671
244.45000000000002,0.10581370439840788
244.5,0.10044368499447263
244.55,0.0936319472818496
244.60000000000002,0.08865985984823371
244.65,0.08738367877076168
244.70000000000002,0.08846543270808596
244.75,0.08995861045919853
244.8,0.0910728185736946
244.85000000000002,0.09241006011013166
244.9,0.0925609900225309
244.95000000000002,0.08915107874750998
245.0,0.08376233451456115
245.05,0.07749751298723595
245.10000000000002,0.07039536617901962
245.15,0.06379491218896627
245.20000000000002,0.05806850148128365
245.25,0.053673181719211524
245.3,0.0498259052765747
245.35000000000002,0.04505113092616445
245.4,0.039632769286704894
245.45000000000002,0.03463786375227675
245.5,0.03128131466105074
245.55,0.028140322256525414
245.60000000000002,0.022791246336213697
245.65,0.015352295680074745
245.70000000000002,0.00807487141344888
245.75,0.0028351540790367315
245.8,-4.951611433921953e-05
245.85000000000002,9.93085800513844e-05
245.9,0.0022764110037873323
245.95000000000002,0.002783154536979915
246.0,-0.0004697245439256844
246.05,-0.005430669016737789
246.10000000000002,-0.01062915097318891
246.15,-0.016672843254554214
246.20000000000002,-0.023374385164759152
246.25,-0.03074107565107525
246.3,-0.03609495190023188
246.35000000000002,-0.03604474644480763
246.4,-0.03365448107014285
246.45000000000002,-0.03350911295188194
246.5,-0.0351069142789232
246.55,-0.03623200993949195
246.60000000000002,-0.034988747807767534
246.65,-0.03026533838991181
246.70000000000002,-0.02258088947690183
246.75,-0.010904564336847278
246.8,0.0048322902288689806
246.85000000000002,0.019353850698459057
246.9,0.027853155609387305
246.95000000000002,0.030935375448303278
247.0,0.02924508234183541
247.05,0.02311777737724482
247.10000000000002,0.01824982768675885
247.15,0.018052114599696013
247.20000000000002,0.017899852360071113
247.25,0.012476534676616517
247.3,-0.0006856051345455807
247.35000000000002,-0.019203915104013345
247.4,-0.03804315819703124
247.45000000000002,-0.055828898004842094
247.5,-0.07356728594762245
247.55,-0.09148205216402225
247.60000000000002,-0.10812957598924093
247.65,-0.12147031115394848
247.70000000000002,-0.130511588440921
247.75,-0.13336463496725978
247.8,-0.12800987790653898
247.85000000000002,-0.11793790318777331
247.9,-0.10862311300654899
247.95000000000002,-0.10053494021421423
248.0,-0.09268350891038762
248.05,-0.08638448407277052
248.10000000000002,-0.08343571628854694
248.15,-0.08404720602507162
248.20000000000002,-0.08610180521433115
248.25,-0.08622887194739917
248.3,-0.08283205085387008
248.35000000000002,-0.07609521739672821
248.4,-0.06766669733647472
248.45000000000002,-0.06121355510421086
248.5,-0.05795831168348945
248.55,-0.055421022999304806
248.60000000000002,-0.05165965864031523
248.65,-0.04701915617044901
248.70000000000002,-0.039840518296552996
248.75,-0.027540412035664662
248.8,-0.013169006846305394
248.85000000000002,-0.0009021119358110321
248.9,0.008715595942263812
248.95000000000002,0.016198258967304615
249.0,0.020365972408671378
249.05,0.0189339937197872
249.10000000000002,0.014308247576558396
249.15,0.011323591913723665
249.20000000000002,0.009075126184563841
249.25,0.004139154361897646
249.3,-0.0019253510006489944
249.35000000000002,-0.006300733498674378
249.4,-0.009928224224876584
249.45000000000002,-0.01196729053851638
249.5,-0.012552960221758409
249.55,-0.01509767834562591
249.60000000000002,-0.01945855552366704
249.65,-0.023598004114306646
249.70000000000002,-0.02736939320201648
249.75,-0.03232609505320556
249.8,-0.03653005036881223
249.85000000000002,-0.0371478586055928
249.9,-0.033959288952522114
249.95000000000002,-0.028100845397283022
250.0,-0.022996020690308438
250.05,-0.01856945080460548
250.10000000000002,-0.013294661299067749
250.15,-0.007881644600298823
250.20000000000002,-0.0029720329779525465
250.25,0.0027206633582462234
250.3,0.012145799396095476
250.35000000000002,0.02500798977438934
250.4,0.03864312073927733
250.45000000000002,0.05137305531783158
250.5,0.063146109983135
250.55,0.0738028600061526
250.60000000000002,0.08119557114315894
250.65,0.08384521510247935
250.70000000000002,0.08291119748188185
250.75,0.07944666471648007
250.8,0.07333004961359298
250.85000000000002,0.06470503065557816
250.9,0.05351911963010958
250.95000000000002,0.038825227948929696
251.0,0.01997866055488052
251.05,0.0007593542032441135
251.10000000000002,-0.012582249085351509
251.15,-0.018999789907733336
251.20000000000002,-0.02112558552403221
251.25,-0.019345097623114673
251.3,-0.01451413372905774
251.35000000000002,-0.009699728781759098
251.4,-0.007238555285235623
251.45000000000002,-0.008887012835619795
251.5,-0.01375045011924146
251.55,-0.018972682244360082
251.60000000000002,-0.022630029267806683
251.65,-0.022434758259126053
251.70000000000002,-0.01949696161829743
251.75,-0.018249513381337835
251.8,-0.019732713374995433
251.85000000000002,-0.022933941285297438
251.9,-0.027108831607912463
251.95000000000002,-0.030455738053548526
252.0,-0.03018854943742273
252.05,-0.02592408900711642
252.10000000000002,-0.020442960832552346
252.15,-0.016620904313854774
252.20000000000002,-0.015125452622477527
252.25,-0.013283580475106964
252.3,-0.01021667120444005
252.35000000000002,-0.006599780739240746
252.4,-0.0010335027625469591
252.45000000000002,0.007622968419996556
252.5,0.02037220579841214
252.55,0.03652490807327376
252.60000000000002,0.05428167905800247
252.65,0.0733469491854928
252.70000000000002,0.09182540775466987
252.75,0.10717008812206921
252.8,0.1191536788375685
252.85000000000002,0.12825395516466756
252.9,0.13445901329732676
252.95000000000002,0.13782155852148403
253.0,0.13830212944530762
253.05,0.1351635420829383
253.10000000000002,0.12811438788378365
253.15,0.1181471532313774
253.20000000000002,0.10758205749337005
253.25,0.09833954679930135
253.3,0.08997056543937015
253.35000000000002,0.08114852744903461
253.4,0.07204250230683884
253.45000000000002,0.0636953130350866
253.5,0.05701601030328873
253.55,0.05264167242580776
253.60000000000002,0.04840521572490552
253.65,0.0416981782202186
253.70000000000002,0.03342652441095545
253.75,0.02594804030550448
253.8,0.020831405229580702
253.85000000000002,0.018127296246492612
253.9,0.017760796302422478
253.95000000000002,0.019895471641334327
254.0,0.024455614890288545
254.05,0.032077303234098825
254.10000000000002,0.04336612872537117
254.15,0.055396119292633876
254.20000000000002,0.0638570488055694
254.25,0.0687124862019846
254.3,0.0693828395535491
254.35000000000002,0.06528106979015708
254.4,0.058973471325746776
254.45000000000002,0.05055654646672891
254.5,0.03968691943674533
254.55,0.02716841433480823
254.60000000000002,0.011737036505457774
254.65,-0.007968554491759391
254.70000000000002,-0.02917706768981492
254.75,-0.04669722592001687
254.8,-0.058792772943236586
254.85000000000002,-0.0675621523371504
254.9,-0.07377233321963082
254.95000000000002,-0.07514021886421858
255.0,-0.0716853153108458
255.05,-0.0656390826881974
255.10000000000002,-0.05840229369488958
255.15,-0.05136383352854645
255.20000000000002,-0.04532709242587998
255.25,-0.04107688401976696
255.3,-0.038696614912335045
255.35000000000002,-0.036918889872595166
255.4,-0.034867134665786725
255.45000000000002,-0.03291154674372951
255.5,-0.031914192568901815
255.55,-0.03231510005731745
255.60000000000002,-0.03591474722821214
255.65,-0.044185934565738404
255.70000000000002,-0.05535299791747628
255.75,-0.06587040466791133
255.8,-0.07198753950849834
255.85000000000002,-0.07249711082404842
255.9,-0.07023529433497186
255.95000000000002,-0.06761399190295737
256.0,-0.0645247896277244
256.05,-0.06116166569764608
256.1,-0.057497165223291506
256.15000000000003,-0.05412200497142446
256.2,-0.053148577294474315
256.25,-0.05573820050218118
256.3,-0.06126002702781742
256.35,-0.06722491476185047
256.40000000000003,-0.07100550299990208
256.45,-0.07107110057148405
256.5,-0.06818468030898121
256.55,-0.06523198559579946
256.6,-0.06456822866311149
256.65000000000003,-0.0666910681114908
256.7,-0.06915432285533177
256.75,-0.06948355709878061
256.8,-0.06791111304905804
256.85,-0.06494942850274381
256.90000000000003,-0.060613844551564315
256.95,-0.054801542407573504
257.0,-0.047582804658299505
257.05,-0.04001238603823206
257.1,-0.03211520368364279
257.15000000000003,-0.023629350712691545
257.2,-0.01629680706465056
257.25,-0.010736838544952906
257.3,-0.00525568921641199
257.35,0.0006070147802394648
257.40000000000003,0.004638304807045014
257.45,0.004549444937700172
257.5,-0.00029358967263370955
257.55,-0.008965961753582257
257.6,-0.019073876797571224
257.65000000000003,-0.027727931072557558
257.7,-0.03214866794417504
257.75,-0.031093164192386592
257.8,-0.02662340257962487
257.85,-0.020886051435165216
257.90000000000003,-0.01446074586635842
257.95,-0.010287657758738522
258.0,-0.010864849019614105
258.05,-0.012298962433727252
258.1,-0.009154871519679888
258.15000000000003,-0.00015682392895218007
258.2,0.013747851464726214
258.25,0.031466953056797635
258.3,0.05144613929919002
258.35,0.06950824485497079
258.40000000000003,0.08115810820596824
258.45,0.08589130681088661
258.5,0.08467088263406096
258.55,0.07782164128934412
258.6,0.06608300179959653
258.65000000000003,0.051077094688889046
258.7,0.03411771080940431
258.75,0.015058629887421847
258.8,-0.0038063017777116405
258.85,-0.017386525250535082
258.90000000000003,-0.025250167397997757
258.95,-0.03169165556074033
259.0,-0.03730074319388816
259.05,-0.038689081310570146
259.1,-0.035199631299265684
259.15000000000003,-0.02806185893601672
259.2,-0.017254731578393846
259.25,-0.0031941023581479296
259.3,0.012236729613812653
259.35,0.026932309564285436
259.40000000000003,0.038502613527533966
259.45,0.0454767299186518
259.5,0.050303147888505935
259.55,0.05568447109758163
259.6,0.060945567109602306
259.65000000000003,0.06500710728807159
259.7,0.06746442214169794
259.75,0.0688468127313543
259.8,0.07258505024868397
259.85,0.0805228308384232
259.90000000000003,0.08905161880449411
259.95,0.09444994173191683
260.0,0.09612590137261695
260.05,0.09491047126243933
260.1,0.09137159873012336
260.15000000000003,0.08618942651660357
260.2,0.07996236602425019
260.25,0.07265355201787992
260.3,0.06590012855960242
260.35,0.06027747292481495
260.40000000000003,0.053142970100419726
260.45,0.04431040713535577
260.5,0.03500232387966324
260.55,0.02320246306404972
260.6,0.007520183658294806
260.65000000000003,-0.009797362309833009
260.7,-0.025659703852197072
260.75,-0.03936441708262928
260.8,-0.05068683748357254
260.85,-0.05747418212930385
260.90000000000003,-0.05870750864872793
260.95,-0.054580474768598425
261.0,-0.0463633669390981
261.05,-0.036542043974410535
261.1,-0.02663496333872759
261.15000000000003,-0.01777124579930172
261.2,-0.010817730854418818
261.25,-0.006936237011557555
261.3,-0.006801911644867627
261.35,-0.009327476843055928
261.40000000000003,-0.013982917847835721
261.45,-0.021110520929068264
261.5,-0.02941274469311358
261.55,-0.03632298398517219
261.6,-0.041101707512684306
261.65000000000003,-0.04461949803916722
261.7,-0.04642437804608558
261.75,-0.04610821182376623
261.8,-0.04582626460525864
261.85,-0.047029429138170535
261.90000000000003,-0.0486490437621459
261.95,-0.04953472007615134
262.0,-0.04942694788633507
262.05,-0.04915250798531894
262.1,-0.050430545838038784
262.15000000000003,-0.0546369402739979
262.2,-0.0607416981029386
262.25,-0.0660489958637697
262.3,-0.06897530775985895
262.35,-0.06782194753459057
262.40000000000003,-0.06202258850247507
262.45,-0.05571641601122747
262.5,-0.05351369348887768
262.55,-0.056570422136301535
262.6,-0.06531445795922594
262.65000000000003,-0.0785427506099616
262.7,-0.09234248802240286
262.75,-0.10400752117352122
262.8,-0.1114781321878702
262.85,-0.11257350166397602
262.90000000000003,-0.10640417776983829
262.95,-0.0935095340817986
263.0,-0.07696634613859976
263.05,-0.058649204556767406
263.1,-0.037157507545041775
263.15000000000003,-0.011882717423445021
263.2,0.016185469349603077
263.25,0.046017964297805254
263.3,0.07527053234773172
263.35,0.09972207328384629
263.40000000000003,0.11735896696557188
263.45,0.1290266959382822
263.5,0.13411219341051425
263.55,0.12996132038048022
263.6,0.11670102336826567
263.65000000000003,0.09776167272969187
263.7,0.07582466653791667
263.75,0.05303418926862096
263.8,0.032032972535801146
263.85,0.014054236147911032
263.90000000000003,-0.0016348291610440169
263.95,-0.014100468563301223
264.0,-0.020860502366553346
264.05,-0.022162598108211008
264.1,-0.020493138625683714
264.15000000000003,-0.01606267171013657
264.2,-0.00663353094452651
264.25,0.00915740772582507
264.3,0.03126375630087447
264.35,0.05556888328151883
264.40000000000003,0.07518470147875375
264.45,0.08812997022130122
264.5,0.09722924568257696
264.55,0.10488726675486716
264.6,0.11278803478510405
264.65000000000003,0.1207401707652816
264.7,0.12589452234134688
264.75,0.12623558481123692
264.8,0.1204128373854739
264.85,0.1089251071571302
264.90000000000003,0.09472315348705557
264.95,0.08003254246882686
265.0,0.06667983032649565
265.05,0.05583028010426241
265.1,0.04731543490032564
265.15000000000003,0.040396193311616584
265.2,0.03419078579012754
265.25,0.027908824485198276
265.3,0.021401133868723183
265.35,0.014637412824009688
265.40000000000003,0.00629005145022114
265.45,-0.00321133956074829
265.5,-0.010604044622231105
265.55,-0.013830521223277931
265.6,-0.014047507867276477
265.65000000000003,-0.01333977064088531
265.7,-0.01082373939742862
265.75,-0.004984284628788606
265.8,0.0036608366981501746
265.85,0.014474241821158418
265.90000000000003,0.026990927298790424
265.95,0.039765855787794804
266.0,0.050797474576687145
266.05,0.05943428918027696
266.1,0.06642316004306667
266.15000000000003,0.07252358308963973
266.2,0.07733744421018625
266.25,0.07954604142017098
266.3,0.07797036603970389
266.35,0.07223981573100087
266.40000000000003,0.06272458110365314
266.45,0.04998730254875507
266.5,0.03404302957278633
266.55,0.015903203790667373
266.6,-0.002409479981305586
266.65000000000003,-0.020199336565383214
266.7,-0.036755807140661845
266.75,-0.05206377940839131
266.8,-0.06658662685559792
266.85,-0.07959219845491332
266.90000000000003,-0.08967589945944342
266.95,-0.09519015250817808
267.0,-0.09541910134563478
267.05,-0.09092113938266942
267.1,-0.08474596523273466
267.15000000000003,-0.08055029969895601
267.2,-0.07866139935109381
267.25,-0.0780274665149868
267.3,-0.07804769109373416
267.35,-0.07781586223680616
267.40000000000003,-0.07676753264144168
267.45,-0.0755649472213761
267.5,-0.07517644887093071
267.55,-0.07475666038497447
267.6,-0.07381905571088117
267.65000000000003,-0.07235261273006136
267.7,-0.06782821133680778
267.75,-0.0593074981106772
267.8,-0.0494512517063991
267.85,-0.0410205318177768
267.90000000000003,-0.03547981351938544
267.95,-0.034273484409014364
268.0,-0.03881767135029615
268.05,-0.046790373725333505
268.1,-0.054019460835649596
268.15000000000003,-0.060082765052105615
268.2,-0.06630937538549388
268.25,-0.07250666284693204
268.3,-0.07797003596614367
268.35,-0.08326468742609762
268.40000000000003,-0.09064093880613044
268.45,-0.10096039371023556
268.5,-0.1107870399372733
268.55,-0.11610380354216476
268.6,-0.11599863937328503
268.65000000000003,-0.11087684079084348
268.7,-0.10160954649337459
268.75,-0.08975070086400881
268.8,-0.07699168243916507
268.85,-0.06449036311410097
268.90000000000003,-0.05318020225205552
268.95,-0.044060765479510565
269.0,-0.035939707015813956
269.05,-0.026721155716887084
269.1,-0.01652414352246453
269.15000000000003,-0.006477438053477604
269.2,0.002003408976523042
269.25,0.007576422719621282
269.3,0.01004240106750826
269.35,0.010558901912191975
269.40000000000003,0.011979056672386967
269.45,0.016018458949330853
269.5,0.022295933356894934
269.55,0.030832289424080315
269.6,0.041580736345360546
269.65000000000003,0.05462675293940388
269.7,0.06914415291686916
269.75,0.08224489920949846
269.8,0.09299137647135074
269.85,0.10333481651061836
269.90000000000003,0.1125917348484027
269.95,0.11714598160565674
270.0,0.11625762079416169
270.05,0.11190912584603133
270.1,0.10536596921674415
270.15000000000003,0.09737797841030306
270.2,0.08880272371256832
270.25,0.08081579039902927
270.3,0.07467301378053429
270.35,0.07118442500147958
270.40000000000003,0.07046088282387945
270.45,0.07128028248389065
270.5,0.07266274385570733
270.55,0.07377030406414306
270.6,0.07323226063258469
270.65000000000003,0.07073224790086301
270.7,0.06582312988655112
270.75,0.057460387264922586
270.8,0.045770489130508525
270.85,0.032842944960829915
270.90000000000003,0.020731597683809548
270.95,0.009892808725835476
271.0,-0.00031449431796098134
271.05,-0.010926670316610418
271.1,-0.021502227865814932
271.15000000000003,-0.03232188884266896
271.2,-0.044689509308294816
271.25,-0.057479295928782016
271.3,-0.06845688447087962
271.35,-0.07507139263998013
271.40000000000003,-0.07559520325415131
271.45,-0.07090125304048395
271.5,-0.06284029140311626
271.55,-0.05283138407484992
271.6,-0.041995655913633016
271.65000000000003,-0.0306131483454649
271.7,-0.01915709457570079
271.75,-0.008923995420946339
271.8,0.0013493210689449024
271.85,0.013650455807513914
271.90000000000003,0.02611150280743477
271.95,0.03648932435363755
272.0,0.045139090939605206
272.05,0.05169523942418152
272.1,0.0547103681527647
272.15000000000003,0.05427138739535494
272.2,0.051884351968282
272.25,0.04862510022868597
272.3,0.044491345992419856
272.35,0.0392727471491431
272.40000000000003,0.03341280113511049
272.45,0.0270347539213062
272.5,0.018617549624107114
272.55,0.008372083862800937
272.6,-0.0017194167469084026
272.65000000000003,-0.012423146259612031
272.7,-0.02443621221892639
272.75,-0.03652315787452897
272.8,-0.04905790799817689
272.85,-0.062479043907027715
272.90000000000003,-0.07495971315705256
272.95,-0.08401328202714707
273.0,-0.08822232825006479
273.05,-0.08745783019929038
273.1,-0.08194148396998424
273.15000000000003,-0.07247306570940619
273.2,-0.059374609537283726
273.25,-0.04200670589963974
273.3,-0.021866868261994944
273.35,-0.002333193604193239
273.40000000000003,0.014135312482800063
273.45,0.026026970148738404
273.5,0.03309617793980541
273.55,0.0368240810478258
273.6,0.03759363363004379
273.65000000000003,0.03418137739483296
273.7,0.027662720702239105
273.75,0.020584964346941403
273.8,0.014600803264201389
273.85,0.011278211184457801
273.90000000000003,0.011260835205372324
273.95,0.013998281766451409
274.0,0.018288516444912674
274.05,0.022830665948480065
274.1,0.02638327991846268
274.15000000000003,0.027158031793483344
274.2,0.02372768130320319
274.25,0.016086354748158352
274.3,0.006466859855186631
274.35,-0.002209240541597703
274.40000000000003,-0.009531787914931235
274.45,-0.016598216763897954
274.5,-0.02350142581168438
274.55,-0.030736302677943618
274.6,-0.03938473426115337
274.65000000000003,-0.04819556347227734
274.7,-0.054933901840323686
274.75,-0.05856038824957475
274.8,-0.05879355393268798
274.85,-0.05587651618297594
274.90000000000003,-0.050289432068968944
274.95,-0.042612040878277045
275.0,-0.033667808689450636
275.05,-0.024574453226853515
275.1,-0.015659143995833593
275.15000000000003,-0.006221480872615645
275.2,0.003207001775862175
275.25,0.010629528944140007
275.3,0.016230795629491628
275.35,0.021751349551387217
275.40000000000003,0.02706972894868431
275.45,0.03172266846792321
275.5,0.036678672687038553
275.55,0.04265731964191675
275.6,0.049402593770447305
275.65000000000003,0.05739553236836615
275.7,0.06665425892985406
275.75,0.07540324611834609
275.8,0.08242198187130376
275.85,0.08792321169837972
275.90000000000003,0.09279803720488596
275.95,0.09782832203537653
276.0,0.10251273078580357
276.05,0.10565816813575402
276.1,0.10700920793153768
276.15000000000003,0.10624428225097618
276.2,0.1025685103675693
276.25,0.09631860843343762
276.3,0.08871472337407897
276.35,0.0822044485995933
276.40000000000003,0.07909047842025368
276.45,0.07841663870478618
276.5,0.07743088104126232
276.55,0.07384850250608652
276.6,0.06616718390482411
276.65000000000003,0.05416480935579915
276.7,0.03918106893691487
276.75,0.02287959862121021
276.8,0.005872662709737688
276.85,-0.012236493871684732
276.90000000000003,-0.03196722987672841
276.95,-0.05187289611235633
277.0,-0.07024530800524582
277.05,-0.08792853740623219
277.1,-0.10567081176509789
277.15000000000003,-0.1228495023576908
277.2,-0.13748747007574236
277.25,-0.14606285345628836
277.3,-0.14640013392698553
277.35,-0.13977360669410469
277.40000000000003,-0.12860403825390515
277.45,-0.11465611505041401
277.5,-0.10144952200812397
277.55,-0.0919853206207668
277.6,-0.0852485837297175
277.65000000000003,-0.07981795495653476
277.7,-0.07563476357592003
277.75,-0.0726945772622044
277.8,-0.07142613862931164
277.85,-0.07182575408111941
277.90000000000003,-0.07238735394723607
277.95,-0.07141614011153176
278.0,-0.06828353558203229
278.05,-0.06365751838195101
278.1,-0.057590104363054506
278.15000000000003,-0.0498004350809854
278.2,-0.041666796854268016
278.25,-0.033888356841738965
278.3,-0.026345476234207733
278.35,-0.019557502594639935
278.40000000000003,-0.013041452673032397
278.45,-0.00562259183332303
278.5,0.002441290429503454
278.55,0.011137605321968929
278.6,0.020939701367937397
278.65000000000003,0.030961961976220583
278.7,0.04078836201568957
278.75,0.050056380443409404
278.8,0.05742718373705174
278.85,0.06238371891321944
278.90000000000003,0.06546030493512422
278.95,0.06707684466836693
279.0,0.0671732624367363
279.05,0.06603350628079806
279.1,0.06396605236116884
279.15000000000003,0.060228764582017306
279.2,0.054251895141006305
279.25,0.045855044732677035
279.3,0.035320721141458324
279.35,0.024057850602083406
279.40000000000003,0.012932969620860539
279.45,0.002484956161757843
279.5,-0.006103851363546343
279.55,-0.011678595052927685
279.6,-0.012764909895985901
279.65000000000003,-0.008047424207791884
279.7,0.002298017370849223
279.75,0.017529406056139105
279.8,0.03695304144550372
279.85,0.05938038893216893
279.90000000000003,0.08332720766705953
279.95,0.10676241231439813
280.0,0.12729085472998006
280.05,0.14313038713567341
280.1,0.15333030846279347
280.15000000000003,0.1584215015772245
280.2,0.16014746274533462
280.25,0.15922634518885254
280.3,0.15576704705936084
280.35,0.1504944411778099
280.40000000000003,0.14383175368927173
280.45,0.13542800783951073
280.5,0.12449981060840955
280.55,0.11025709987564192
280.6,0.09206289273335566
280.65000000000003,0.07072910152016484
280.7,0.04869708650701099
280.75,0.027041082621550267
280.8,0.004485935909018354
280.85,-0.019010084742449612
280.90000000000003,-0.04056344538226329
280.95,-0.05767918710276828
281.0,-0.07047476527689987
281.05,-0.08099424773703844
281.1,-0.09127573623023882
281.15000000000003,-0.10189728862346768
281.2,-0.11169754556051956
281.25,-0.11937469540774523
281.3,-0.12456235768465548
281.35,-0.1268748104804918
281.40000000000003,-0.12601101221459177
281.45,-0.1221365104969598
281.5,-0.11658930493062225
281.55,-0.11084557220467509
281.6,-0.10533976056531436
281.65000000000003,-0.1005226411460723
281.7,-0.09610492023608042
281.75,-0.09134032754686806
281.8,-0.08710085320819687
281.85,-0.0843394529036852
281.90000000000003,-0.08287150585933471
281.95,-0.08293811561583785
282.0,-0.08507608295085971
282.05,-0.08839039969986728
282.1,-0.09170369109605205
282.15000000000003,-0.09470194308157123
282.2,-0.09720040536687623
282.25,-0.09988066136520779
282.3,-0.10357882173588379
282.35,-0.10844071853965329
282.40000000000003,-0.11361727028533326
282.45,-0.1187936044642022
282.5,-0.12441642037482142
282.55,-0.12971088666134045
282.6,-0.13409682589498828
282.65000000000003,-0.136613622865568
282.7,-0.1367642887934263
282.75,-0.1358454564372192
282.8,-0.13410535412789004
282.85,-0.13033886428770486
282.90000000000003,-0.12309269234746631
282.95,-0.11117284596234271
283.0,-0.09518861815884148
283.05,-0.07774800090353173
283.1,-0.06092698196284613
283.15000000000003,-0.04520406450829639
283.2,-0.029964774375906566
283.25,-0.014523304771903387
283.3,0.0004226621093076988
283.35,0.013615213014838952
283.40000000000003,0.025525427298950354
283.45,0.03759104392050676
283.5,0.049912375315902646
283.55,0.06087485541868146
283.6,0.06952965399491122
283.65000000000003,0.07734644453244868
283.7,0.08545682288184878
283.75,0.09370993596625503
283.8,0.10166960492086773
283.85,0.10906013219144765
283.90000000000003,0.11570611642072899
283.95,0.12162235609267891
284.0,0.12747005888064727
284.05,0.132518011505852
284.1,0.13579053475316924
284.15000000000003,0.13687068022499738
284.2,0.13516910413515856
284.25,0.1314673056205278
284.3,0.12724148359872475
284.35,0.12320325737228717
284.40000000000003,0.11902400785697122
284.45,0.11562187259071101
284.5,0.11438380986810164
284.55,0.11473297172595556
284.6,0.11621508539824547
284.65000000000003,0.11784014273967171
284.7,0.11737356476389135
284.75,0.11446800327737329
284.8,0.10983562332200408
284.85,0.10317435192454882
284.90000000000003,0.09528992442020616
284.95,0.0875237636663595
285.0,0.07983749078679246
285.05,0.07195716576520712
285.1,0.06420694840781081
285.15000000000003,0.05659816351564096
285.2,0.04742277604968986
285.25,0.03555376094784808
285.3,0.022356133871163267
285.35,0.009602055088758953
285.40000000000003,-0.0019282650975780444
285.45,-0.012101065076087478
285.5,-0.02034274610708656
285.55,-0.02648542171812367
285.6,-0.031547824894421275
285.65000000000003,-0.03653088302926326
285.7,-0.04187011683233877
285.75,-0.04791042586544141
285.8,-0.05543139897820417
285.85,-0.06431880590660147
285.90000000000003,-0.0736128929666429
285.95,-0.08282797491945054
286.0,-0.0919516917331227
286.05,-0.10086917283646465
286.1,-0.10879314546422778
286.15000000000003,-0.11428028067986454
286.2,-0.11592070966205328
286.25,-0.11362715191354822
286.3,-0.10754194200156408
286.35,-0.09794118047216517
286.40000000000003,-0.08552525179756562
286.45,-0.07067135237382267
286.5,-0.05399892345274121
286.55,-0.03621956200610979
286.6,-0.01866084486740812
286.65000000000003,-0.0032366077598691735
286.7,0.008681692737958671
286.75,0.017005021155071045
286.8,0.02216963279762466
286.85,0.02452631710662028
286.90000000000003,0.024804038632725827
286.95,0.024083189084581718
287.0,0.0238572580093845
287.05,0.02475485005593452
287.1,0.02572311367476307
287.15000000000003,0.02698716471885189
287.2,0.03056053739226813
287.25,0.03652937412656143
287.3,0.043737484757436204
287.35,0.05132884336430915
287.40000000000003,0.05782402314723083
287.45,0.06266863741938812
287.5,0.06640200445289686
287.55,0.06902028941173186
287.6,0.0710984556323487
287.65000000000003,0.07436907301929646
287.7,0.07965005410388061
287.75,0.08681939246591348
287.8,0.09598912505358083
287.85,0.10591528410564835
287.90000000000003,0.11466883933946198
287.95,0.12152369636135663
288.0,0.1257210661181551
288.05,0.12672506257128568
288.1,0.12436536233033076
288.15000000000003,0.11814991816584489
288.2,0.10891445016644007
288.25,0.09874665944091032
288.3,0.08827422974736601
288.35,0.07652365603253843
288.40000000000003,0.06282161724317725
288.45,0.048057357492698856
288.5,0.03307926396103582
288.55,0.01721998614753214
288.6,0.001332390415013192
288.65000000000003,-0.012303315536019498
288.7,-0.023373667409297944
288.75,-0.03279041561343745
288.8,-0.04083819130029375
288.85,-0.047752569739816925
288.90000000000003,-0.05335524949928681
288.95,-0.05739435149079942
289.0,-0.059510239195144435
289.05,-0.05864482174305783
289.1,-0.054023073686844746
289.15000000000003,-0.044902638312189304
289.2,-0.031171952442048297
289.25,-0.013167464010766279
289.3,0.007277976886733175
289.35,0.028421452989314592
289.40000000000003,0.04971038398062035
289.45,0.06938185071438575
289.5,0.08567445131603695
289.55,0.0967309673794029
289.6,0.10203163805944944
289.65000000000003,0.10222252486289278
289.7,0.09828779544325222
289.75,0.09126143520664971
289.8,0.08058593120532521
289.85,0.06552102663638368
289.90000000000003,0.04611484032273138
289.95,0.023391849871741414
290.0,-0.0014369310414783436
290.05,-0.027413816047835448
290.1,-0.05431963332775127
290.15000000000003,-0.08180811425914704
290.2,-0.10817026136299343
290.25,-0.13174087249533348
290.3,-0.15229169084688823
290.35,-0.17042139045540614
290.40000000000003,-0.18501818461515143
290.45,-0.19458016071455803
290.5,-0.19924370704949657
290.55,-0.19977078522159225
290.6,-0.19766929826769344
290.65000000000003,-0.19454964091899263
290.7,-0.1904417739623254
290.75,-0.18529462571663288
290.8,-0.17990931724666834
290.85,-0.1748565918710442
290.90000000000003,-0.17071383680747093
290.95,-0.16727080207127049
291.0,-0.1641990561404138
291.05,-0.1622564114446421
291.1,-0.16197996410797474
291.15000000000003,-0.16294531008347896
291.2,-0.165006635485803
291.25,-0.16810501986832216
291.3,-0.17105881099323125
291.35,-0.17278365398258894
291.40000000000003,-0.17275390368991497
291.45,-0.17054715840384307
291.5,-0.16584277488871482
291.55,-0.15798423452288174
291.6,-0.1463744276824182
291.65000000000003,-0.13174472211349686
291.7,-0.11494162306893105
291.75,-0.09676554068140818
291.8,-0.07844334794003148
291.85,-0.059891959410886514
291.90000000000003,-0.041052041997916004
291.95,-0.022612454623135478
292.0,-0.005257576992412233
292.05,0.0105905145847245
292.1,0.0257639687422219
292.15000000000003,0.041408502330459035
292.2,0.05774702427701795
292.25,0.07445336980370666
292.3,0.09137525100230508
292.35,0.10829054676849
292.40000000000003,0.12332914038788237
292.45,0.1348445690495598
292.5,0.1434699407213264
292.55,0.14918600104209354
292.6,0.15212061428689544
292.65000000000003,0.15263718036940413
292.7,0.15017330305790044
292.75,0.1449385743590161
292.8,0.13662098634940467
292.85,0.12569537648969642
292.90000000000003,0.11399108844440599
292.95,0.10282031942570073
293.0,0.09206049696242884
293.05,0.08203038665486634
293.1,0.07327164474663254
293.15000000000003,0.06649457671832225
293.2,0.06363544418500676
293.25,0.06373125228515483
293.3,0.06537169307665686
293.35,0.068636180570674
293.40000000000003,0.07330764487924775
293.45,0.07860504609896041
293.5,0.08409653676446222
293.55,0.08940076922958903
293.6,0.09327001580611016
293.65000000000003,0.09503904409237786
293.7,0.09403962122723501
293.75,0.09096542875814541
293.8,0.08686602129542732
293.85,0.08228418681857491
293.90000000000003,0.07816093626321151
293.95,0.07384348329847923
294.0,0.0695773109374358
294.05,0.0658471177023444
294.1,0.06213004010497812
294.15000000000003,0.05954746727901002
294.2,0.057757014579392314
294.25,0.05523338203523685
294.3,0.052159419451443804
294.35,0.049473582430981385
294.40000000000003,0.047167687754922125
294.45,0.044389448717290614
294.5,0.040896552146284376
294.55,0.036373085462895846
294.6,0.029920571955337674
294.65000000000003,0.02111527865457813
294.7,0.010793581278248554
294.75,-2.3176735797493477e-05
294.8,-0.010635419800076758
294.85,-0.021205511331651113
294.90000000000003,-0.03198204787726628
294.95,-0.0427017334533542
295.0,-0.053330164286278736
295.05,-0.06233060743671231
295.1,-0.06885291891163624
295.15000000000003,-0.07367791405291095
295.2,-0.07716590725708682
295.25,-0.07978127966649792
295.3,-0.08117931561512257
295.35,-0.08093138394218616
295.40000000000003,-0.07940466610725434
295.45,-0.07706000843222373
295.5,-0.0749356239581726
295.55,-0.07445093688398192
295.6,-0.07685675253702566
295.65000000000003,-0.08264307555508192
295.7,-0.09090606230664335
295.75,-0.10013338616912477
295.8,-0.10912854632539047
295.85,-0.11651453462919202
295.90000000000003,-0.12131338607975921
295.95,-0.12289045269099419
296.0,-0.12105619621664239
296.05,-0.11650233695667364
296.1,-0.1091486484319877
296.15000000000003,-0.09879160802913181
296.2,-0.086302134640924
296.25,-0.073597353922157
296.3,-0.06121168673085915
296.35,-0.04802713493308001
296.40000000000003,-0.034063296997034205
296.45,-0.019712806720078205
296.5,-0.0056209646791731405
296.55,0.007225843539087642
296.6,0.018402909219614186
296.65000000000003,0.02831097077575966
296.7,0.03778687512604439
296.75,0.047813802922074745
296.8,0.059296135992111226
296.85,0.07233947779579009
296.90000000000003,0.08671578053636739
296.95,0.102521655837644
297.0,0.11933951315217833
297.05,0.13528055905772676
297.1,0.14819888220207073
297.15000000000003,0.15672052791845642
297.2,0.16019520323458125
297.25,0.15851646852983126
297.3,0.15176063393335587
297.35,0.14048322276566744
297.40000000000003,0.12630446730151634
297.45,0.11107341965363485
297.5,0.0957073657827429
297.55,0.08123204570287637
297.6,0.06971339375694532
297.65000000000003,0.06289411007368836
297.7,0.061382291143525884
297.75,0.06496201090859424
297.8,0.073058448719534
297.85,0.08520896144773492
297.90000000000003,0.09989432473094016
297.95,0.11502540846226013
298.0,0.12891206812052206
298.05,0.1404065480865773
298.1,0.14986865799322113
298.15000000000003,0.15752074250306766
298.2,0.16291865748510512
298.25,0.16556921614434106
298.3,0.16486554874740586
298.35,0.16104782108897486
298.40000000000003,0.15487853954521652
298.45,0.1477428599130342
298.5,0.14109950243438643
298.55,0.13488698979291533
298.6,0.1283469082273104
298.65000000000003,0.12121273133711692
298.7,0.1129095966266492
298.75,0.10284185391020675
298.8,0.09166362066465815
298.85,0.07992501352312235
298.90000000000003,0.06743018676285265
298.95,0.05447296604992601
299.0,0.04205009553731702
299.05,0.031118969532851187
299.1,0.021837531838423824
299.15000000000003,0.013754489417520239
299.2,0.006163732047708756
299.25,-0.0017797553915363474
299.3,-0.009790823613121459
299.35,-0.01705971283368697
299.40000000000003,-0.023781915570394434
299.45,-0.03001467669961908
299.5,-0.03536715475464891
299.55,-0.040045839980642636
299.6,-0.04496526137781321
299.65000000000003,-0.05061563211153809
299.7,-0.05647512390309827
299.75,-0.06210803922297706
299.8,-0.06753928833539469
299.85,-0.0724712512820392
299.90000000000003,-0.0762458825193389
299.95,-0.07864567792026315
300.0,-0.0809621267209983
300.05,-0.08452602923675269
300.1,-0.08840563946903929
300.15000000000003,-0.09212757941066295
300.2,-0.09619917632270529
300.25,-0.10023383836744747
300.3,-0.10366286050470698
300.35,-0.10680387697949581
300.40000000000003,-0.1110986247446817
300.45,-0.11669517653314944
300.5,-0.12296730660061324
300.55,-0.13032075603850066
300.6,-0.1397154745198638
300.65000000000003,-0.15113575495238754
300.7,-0.1636065794377279
300.75,-0.17702143237762236
300.8,-0.1911102545161837
300.85,-0.20487921069472645
300.90000000000003,-0.2169903698592966
300.95,-0.22670533246388067
301.0,-0.23437116163391467
301.05,-0.24111128993748981
301.1,-0.24826900275392486
301.15000000000003,-0.25628697446618925
301.2,-0.2649844132591352
301.25,-0.27412992542329306
301.3,-0.2835009574039132
301.35,-0.29179230996560196
301.40000000000003,-0.2970604614819756
301.45,-0.2983693442500827
301.5,-0.2961975173178482
301.55,-0.29138680381101884
301.6,-0.2842744527114278
301.65000000000003,-0.27500000516505935
301.7,-0.2629101424348184
301.75,-0.24709068551047794
301.8,-0.2277916971033823
301.85,-0.2059764745079517
301.90000000000003,-0.1819432616345798
301.95,-0.15612844891894154
302.0,-0.12969950047434828
302.05,-0.10363956380466845
302.1,-0.0787407851637389
302.15000000000003,-0.05601445558424836
302.2,-0.03622811604225585
302.25,-0.01911722274175143
302.3,-0.004244073499615999
302.35,0.00891228485052127
302.40000000000003,0.021374370283025964
302.45,0.033918048088396546
302.5,0.04645434072091322
302.55,0.058236725676943456
302.6,0.06852390065900625
302.65000000000003,0.07714298490578636
302.7,0.08414550095998298
302.75,0.08891649845226741
302.8,0.09129650159855938
302.85,0.09219226337323344
302.90000000000003,0.09273344216309698
302.95,0.09339212775350272
303.0,0.09388698964134569
303.05,0.09440924647853566
303.1,0.09530316734631747
303.15000000000003,0.09712625298219518
303.2,0.10030447465072342
303.25,0.10451928515594597
303.3,0.109543506321927
303.35,0.11509569561088082
303.40000000000003,0.12110094120085849
303.45,0.12651986999461354
303.5,0.1306533768420533
303.55,0.13464499542388417
303.6,0.13879415877849532
303.65000000000003,0.14240016405496211
303.7,0.1450074608934646
303.75,0.14708030546437462
303.8,0.1491906444569646
303.85,0.1515975672840846
303.90000000000003,0.15435132593133705
303.95,0.15672567063153922
304.0,0.1583412844674252
304.05,0.15952985820441826
304.1,0.16053832104986335
304.15000000000003,0.1619857923493299
304.2,0.16492153509161753
304.25,0.16934635747311813
304.3,0.17437384546491094
304.35,0.17964580234929547
304.40000000000003,0.1849042717212478
304.45,0.1888198040150637
304.5,0.19006362405628313
304.55,0.18849050772660542
304.6,0.18464616315891574
304.65000000000003,0.17935485748993285
304.7,0.1729615424040984
304.75,0.16531550729751834
304.8,0.15634175625588662
304.85,0.14597562250924553
304.90000000000003,0.13424227062131006
304.95,0.12163414720448447
305.0,0.10903370742956817
305.05,0.09776319694148969
305.1,0.08919902791955478
305.15000000000003,0.08299374782355526
305.2,0.07759540613192602
305.25,0.0721362951416917
305.3,0.06682971963308938
305.35,0.062427597481001434
305.40000000000003,0.058887493922035114
305.45,0.055502649583698
305.5,0.051569950399252516
305.55,0.046204175020041725
305.6,0.03915828264808299
305.65000000000003,0.031536706983257105
305.7,0.024255090126150326
305.75,0.017672491930440355
305.8,0.012011936795220744
305.85,0.00721998528135005
305.90000000000003,0.004110976216871965
305.95,0.0031239663066331895
306.0,0.0032052390823516007
306.05,0.0029384299001232153
306.1,0.001888638886414271
306.15000000000003,0.0003431206777139139
306.2,-0.0020766633877667166
306.25,-0.005464729387147574
306.3,-0.00973384811384206
306.35,-0.014840676568509693
306.40000000000003,-0.01994986606491996
306.45,-0.024272922857944152
306.5,-0.02772503042535992
306.55,-0.030326178820755906
306.6,-0.03172340521496391
306.65000000000003,-0.03179411913978693
306.7,-0.03116323814347722
306.75,-0.0306548419964802
306.8,-0.0313033160917077
306.85,-0.03446108659763064
306.90000000000003,-0.04081635472113202
306.95,-0.05056844608230831
307.0,-0.0636915786995848
307.05,-0.07958415876545742
307.1,-0.09718691797626591
307.15000000000003,-0.11544729518167032
307.20000000000005,-0.13365379066787114
307.25,-0.1509559775934947
307.3,-0.16628945582159552
307.35,-0.1788610379821942
307.40000000000003,-0.18809970880229382
307.45000000000005,-0.19346938392893007
307.5,-0.19454692460619355
307.55,-0.1914582849015412
307.6,-0.18492160477951855
307.65000000000003,-0.17550270882661617
307.70000000000005,-0.1634925073392294
307.75,-0.14872049826502876
307.8,-0.13128589090241732
307.85,-0.11143203499185143
307.90000000000003,-0.08850025603330564
307.95000000000005,-0.06291147085409059
308.0,-0.03658747473246417
308.05,-0.010594100862029818
308.1,0.015800179346449613
308.15000000000003,0.043127780354861464
308.20000000000005,0.07078209184459715
308.25,0.09831180980373976
308.3,0.125039772035564
308.35,0.15005404344298345
308.40000000000003,0.17295984717806429
308.45000000000005,0.19373170636448334
308.5,0.2116553942034936
308.55,0.22513029376207927
308.6,0.23323790096529456
308.65000000000003,0.2359246072977523
308.70000000000005,0.23323565418348496
308.75,0.2253634302065716
308.8,0.2130650460530666
308.85,0.19732129259867956
308.90000000000003,0.17791377124511318
308.95000000000005,0.15506695514691687
309.0,0.13096170907334745
309.05,0.10705375472392996
309.1,0.0836939920094299
309.15000000000003,0.060911636518260585
309.20000000000005,0.03869433677863836
309.25,0.017677691958093433
309.3,-0.0013926888609372844
309.35,-0.01824445126796765
309.40000000000003,-0.033406906500600776
309.45000000000005,-0.04720796217316525
309.5,-0.05954081509031054
309.55,-0.07049922695074243
309.6,-0.07975636417997495
309.65000000000003,-0.08675055053323182
309.70000000000005,-0.09229166166627449
309.75,-0.09734778332543899
309.8,-0.10169366907451198
309.85,-0.10563230213979598
309.90000000000003,-0.10993916889680241
309.95000000000005,-0.1154684612541298
310.0,-0.12307505986370916
310.05,-0.1331464352831975
310.1,-0.1457720548370146
310.15000000000003,-0.16076715889200088
310.20000000000005,-0.17734583480834484
310.25,-0.19462626614464354
310.3,-0.21142937604855555
310.35,-0.22577209215310415
310.40000000000003,-0.23609034710314458
310.45000000000005,-0.24199769568856783
310.5,-0.24390563529152104
310.55,-0.24213199007371777
310.6,-0.23741210483183176
310.65000000000003,-0.23066405332347348
310.70000000000005,-0.22212748624550852
310.75,-0.2117083902875726
310.8,-0.19958910310094322
310.85,-0.18715039403559686
310.90000000000003,-0.17553670595924248
310.95000000000005,-0.16539907363189796
311.0,-0.1579487180604735
311.05,-0.15358841673766196
311.1,-0.15174458385105952
311.15000000000003,-0.1515753635373864
311.20000000000005,-0.15203378743504015
311.25,-0.15217464074276976
311.3,-0.15117006702319039
311.35,-0.14828059224822618
311.40000000000003,-0.14333362715400014
311.45000000000005,-0.13618775614412493
311.5,-0.1265581308261464
311.55,-0.1149415236502185
311.6,-0.10200557257152737
311.65000000000003,-0.08821058899073198
311.70000000000005,-0.07376274977137122
311.75,-0.058860036625640454
311.8,-0.043739047892077915
311.85,-0.028222505225477486
311.90000000000003,-0.011753434180757515
311.95000000000005,0.006194690332825641
312.0,0.025388302761349613
312.05,0.045313731677507726
312.1,0.06573668700248096
312.15000000000003,0.08621186908092911
312.20000000000005,0.10572557719076987
312.25,0.12309842093119222
312.3,0.1374563888744407
312.35,0.14839356661360226
312.40000000000003,0.15605238033059282
312.45000000000005,0.16051060874694212
312.5,0.16199834124612175
312.55,0.16127765599966662
312.6,0.15915148624721331
312.65000000000003,0.15741764798058341
312.70000000000005,0.157296621590337
312.75,0.1583712698988346
312.8,0.15993094810385913
312.85,0.16088456967110334
312.90000000000003,0.16114632514588142
312.95000000000005,0.1609743986823984
313.0,0.16035723750063804
313.05,0.15964288308078137
313.1,0.15867558819220284
313.15000000000003,0.15712422772829895
313.20000000000005,0.1545276214445472
313.25,0.15058579425141702
313.3,0.14521421525344017
313.35,0.1381834352961792
313.40000000000003,0.13008128871061336
313.45000000000005,0.12221778684317615
313.5,0.11556260801209828
313.55,0.11086769415569346
313.6,0.10887678014059222
313.65000000000003,0.10971760823533296
313.70000000000005,0.11285363186451593
313.75,0.11773489519168037
313.8,0.12381809426970967
313.85,0.1308310897248909
313.90000000000003,0.13844226565867152
313.95000000000005,0.14591651437930023
314.0,0.15254618434335515
314.05,0.15715771930919487
314.1,0.15943868076901369
314.15000000000003,0.15954246503449848
314.20000000000005,0.15707706215654185
314.25,0.15255690484444026
314.3,0.14686715619649005
314.35,0.14041221673637194
314.40000000000003,0.1325502917322138
314.45000000000005,0.1226752196269758
314.5,0.11200044833792983
314.55,0.10207969608701299
314.6,0.09311585342501029
314.65000000000003,0.08463266841092026
314.70000000000005,0.07697266291503609
314.75,0.07067225924856294
314.8,0.06542453431785934
314.85,0.06084526771783532
314.90000000000003,0.0569202370523709
314.95000000000005,0.05407283336755801
315.0,0.05207406150417089
315.05,0.049948921658677134
315.1,0.04723433262849707
315.15000000000003,0.044269651437343974
315.20000000000005,0.04165130273658356
315.25,0.03943924170048664
315.3,0.037553724652209235
315.35,0.03616390655515276
315.40000000000003,0.03529404524348878
315.45000000000005,0.03433534293930898
315.5,0.032600235790270285
315.55,0.029283015579099937
315.6,0.023515557165870848
315.65000000000003,0.01511107647549669
315.70000000000005,0.004313736341386404
315.75,-0.00792792310797059
315.8,-0.021070302301816782
315.85,-0.035246683824335476
315.90000000000003,-0.05077461308802721
315.95000000000005,-0.06814772387054872
316.0,-0.08643751487651533
316.05,-0.10428304254025622
316.1,-0.12115255682598136
316.15000000000003,-0.13629510792952215
316.20000000000005,-0.14871231063264834
316.25,-0.15883978289095757
316.3,-0.16797873943061598
316.35,-0.17630917252346565
316.40000000000003,-0.18394864537399425
316.45000000000005,-0.1913936413009632
316.5,-0.19904774932177347
316.55,-0.20685461471045352
316.6,-0.2146999086484092
316.65000000000003,-0.2229121187444191
316.70000000000005,-0.23212657700744424
316.75,-0.2431858955534681
316.8,-0.25581071495218033
316.85,-0.26893851807413266
316.90000000000003,-0.2813447891615966
316.95000000000005,-0.29181985086826767
317.0,-0.2996592530930433
317.05,-0.3040277533409537
317.1,-0.30483458672685376
317.15000000000003,-0.30286943756731244
317.20000000000005,-0.29800583279278897
317.25,-0.2899188932981642
317.3,-0.2788224037170362
317.35,-0.2649360721025825
317.40000000000003,-0.24912675109138815
317.45000000000005,-0.2322761339022472
317.5,-0.21432672552993592
317.55,-0.19535029689337363
317.6,-0.1753056631334008
317.65000000000003,-0.15366420555335392
317.70000000000005,-0.1305422250987159
317.75,-0.10655159750534224
317.8,-0.08190815795269162
317.85,-0.056296473556196186
317.90000000000003,-0.030374446810303338
317.95000000000005,-0.00550434571247947
318.0,0.01821320903980423
318.05,0.041080319295252604
318.1,0.06252382502912315
318.15000000000003,0.08185986416536509
318.20000000000005,0.099743490881965
318.25,0.11661503312290052
318.3,0.13203806636927315
318.35,0.14666839840278587
318.40000000000003,0.1606231534039199
318.45000000000005,0.1734971171048669
318.5,0.18478773940675908
318.55,0.19342109061010343
318.6,0.19931664685311304
318.65000000000003,0.20298308965232173
318.70000000000005,0.20502940192066774
318.75,0.20572054482417354
318.8,0.20490612747055484
318.85,0.20282657563513493
318.90000000000003,0.19984936100198014
318.95000000000005,0.1964117882075565
319.0,0.19315102133632972
319.05,0.1902873818329171
319.1,0.18752626991420865
319.15000000000003,0.18483758502915656
319.20000000000005,0.18228408901160423
319.25,0.17993744487514
319.3,0.1775133965280428
319.35,0.17458575609050292
319.40000000000003,0.17150551111861143
319.45000000000005,0.1683977558093689
319.5,0.16539425379002828
319.55,0.16237115392502563
319.6,0.1589393307752293
319.65000000000003,0.15532188328391713
319.70000000000005,0.151371127567214
319.75,0.14676623828357577
319.8,0.14132308509114638
319.85,0.13521713655951892
319.90000000000003,0.12835115552013918
319.95000000000005,0.12073636494159246
320.0,0.11265888292399091
320.05,0.1035146774396077
320.1,0.0932643868966829
320.15000000000003,0.0819429312505155
320.20000000000005,0.06907624644929694
320.25,0.05449859945560102
320.3,0.03777303781164296
320.35,0.018882392403931365
320.40000000000003,-0.0013405175091812068
320.45000000000005,-0.022687022990203518
320.5,-0.045052495721483926
320.55,-0.06768293203515367
320.6,-0.08979536899310656
320.65000000000003,-0.11058159920896649
320.70000000000005,-0.1297765759647706
320.75,-0.14673781916214626
320.8,-0.1608184078688208
320.85,-0.17229649001724012
320.90000000000003,-0.18157802860667183
320.95000000000005,-0.1888111774181947
321.0,-0.1933446238891909
321.05,-0.19476632182387607
321.1,-0.1933649025811945
321.15000000000003,-0.18921131010321768
321.20000000000005,-0.18224127521112102
321.25,-0.17301021717878032
321.3,-0.16244284798030148
321.35,-0.1513829059041398
321.40000000000003,-0.14003069413340297
321.45000000000005,-0.12853897746928647
321.5,-0.11752714757642962
321.55,-0.1069993951275121
321.6,-0.09710704160046388
321.65000000000003,-0.08777628939097913
321.70000000000005,-0.07865100968306415
321.75,-0.06972876197578817
321.8,-0.06038373119473472
321.85,-0.050189986653078514
321.90000000000003,-0.039351686850792135
321.95000000000005,-0.02824464007066356
322.0,-0.017545588701313133
322.05,-0.007635569323144822
322.1,0.0008361400310125616
322.15000000000003,0.007155605613627173
322.20000000000005,0.011869031151293005
322.25,0.015732136702060518
322.3,0.019048876615833345
322.35,0.021986477306446255
322.40000000000003,0.024179411056104452
322.45000000000005,0.025406281395811782
322.5,0.026180518919128037
322.55,0.026722793582608872
322.6,0.02672399343517275
322.65000000000003,0.025753139120937324
322.70000000000005,0.023755203031946094
322.75,0.021080086919412985
322.8,0.018191360675225105
322.85,0.015950093616906528
322.90000000000003,0.015021929793032535
322.95000000000005,0.015461743542750546
323.0,0.017264212690814733
323.05,0.020676627422011894
323.1,0.02548856950958238
323.15000000000003,0.03107426429188537
323.20000000000005,0.03670613261534852
323.25,0.041779924184531095
323.3,0.046451480441754886
323.35,0.05083576624187564
323.40000000000003,0.05480179841945602
323.45000000000005,0.057903545859288946
323.5,0.05963255445935634
323.55,0.06021222899873123
323.6,0.059767144388342575
323.65000000000003,0.05833121924922994
323.70000000000005,0.056413149681876315
323.75,0.054181323878918254
323.8,0.051019500527677675
323.85,0.04694670824576657
323.90000000000003,0.04308683070851358
323.95000000000005,0.04014394342541722
324.0,0.03844169407450328
324.05,0.038133575981451534
324.1,0.039223733169982004
324.15000000000003,0.04217548916069107
324.20000000000005,0.04702567554078955
324.25,0.053189963166150434
324.3,0.059843285881175386
324.35,0.06667028501550162
324.40000000000003,0.07410233154198136
324.45000000000005,0.08164054534692877
324.5,0.0882778278159501
324.55,0.0938511474149905
324.6,0.0981974772321174
324.65000000000003,0.1005207483935647
324.70000000000005,0.10068469463541413
324.75,0.09971215842362369
324.8,0.098770135474518
324.85,0.09825066804577057
324.90000000000003,0.09816761525211229
324.95000000000005,0.09909953836305342
325.0,0.10116211417502424
325.05,0.10376219865964982
325.1,0.1062650542858223
325.15000000000003,0.10799137913116087
325.20000000000005,0.1086393397595021
325.25,0.10822736036791235
325.3,0.10663568462462847
325.35,0.10369702453129315
325.40000000000003,0.09926343285763178
325.45000000000005,0.0933794265184301
325.5,0.0864595680338143
325.55,0.07836490090266561
325.6,0.06899067454170663
325.65000000000003,0.058977409469499247
325.70000000000005,0.04895079564657982
325.75,0.03875787573774978
325.8,0.027264203594708797
325.85,0.013798263771871643
325.90000000000003,-0.0013321329045514238
325.95000000000005,-0.01747883986442265
326.0,-0.033859188443445855
326.05,-0.0496154278893818
326.1,-0.06413199110073951
326.15000000000003,-0.07687797473677098
326.20000000000005,-0.08742645658813807
326.25,-0.09621682653889778
326.3,-0.10354354421602269
326.35,-0.10935775350952609
326.40000000000003,-0.11425846183743035
326.45000000000005,-0.11890035757551885
326.5,-0.12366391132161847
326.55,-0.12874899493778333
326.6,-0.13461400194934117
326.65000000000003,-0.1414772848955259
326.70000000000005,-0.14872868809836168
326.75,-0.15592667141517627
326.8,-0.1632203415621615
326.85,-0.1708635209384009
326.90000000000003,-0.17783497120923109
326.95000000000005,-0.18308739890830514
327.0,-0.18694803587130998
327.05,-0.18950407073627754
327.1,-0.19065540292672686
327.15000000000003,-0.19005668768413325
327.20000000000005,-0.18723324634116223
327.25,-0.18212792452544238
327.3,-0.17482171936099367
327.35,-0.16565860611209585
327.40000000000003,-0.15489335019454104
327.45000000000005,-0.14227319104895814
327.5,-0.12755720918659796
327.55,-0.1112712285984786
327.6,-0.09417061866046657
327.65000000000003,-0.07730865214937048
327.70000000000005,-0.061907221717241584
327.75,-0.0486011960020473
327.8,-0.03785896625460173
327.85,-0.029865051211824388
327.90000000000003,-0.024568394050130293
327.95000000000005,-0.02183988238725429
328.0,-0.021432226733171657
328.05,-0.022771174917025336
328.1,-0.024907960506201
328.15000000000003,-0.02752608750738396
328.20000000000005,-0.030224323670497585
328.25,-0.0320196258502687
328.3,-0.032524074948241534
328.35,-0.03221533436135626
328.40000000000003,-0.03157624184201439
328.45000000000005,-0.030186848529064263
328.5,-0.028052185798363893
328.55,-0.025735266353466228
328.6,-0.02327674421561029
328.65000000000003,-0.0204720605068749
328.70000000000005,-0.01689373561290157
328.75,-0.01256231220445283
328.8,-0.007937440881686632
328.85,-0.0035969001481428145
328.90000000000003,-0.0002254530567938086
328.95000000000005,0.002027114632966186
329.0,0.003226496743907545
329.05,0.003231090071802135
329.1,0.002270800035020847
329.15000000000003,0.0008437598723031364
329.20000000000005,-0.0006737533985932643
329.25,-0.0022539400456819906
329.3,-0.004271719546205498
329.35,-0.006914779760023574
329.40000000000003,-0.010081042993116561
329.45000000000005,-0.013565164330231149
329.5,-0.01749914059750971
329.55,-0.022009783031973908
329.6,-0.02716522221372425
329.65000000000003,-0.03289020641703915
329.70000000000005,-0.03819411241026028
329.75,-0.04248756733894606
329.8,-0.045732539311231765
329.85,-0.04750614214693797
329.90000000000003,-0.0475266907773791
329.95000000000005,-0.0460266958277576
330.0,-0.04302917016654708
330.05,-0.03838998239861086
330.1,-0.03270730714289758
330.15000000000003,-0.026430010420811386
330.20000000000005,-0.01952849626708313
330.25,-0.011765165238246899
330.3,-0.00282964441148494
330.35,0.007277816135077523
330.40000000000003,0.01838008432360957
330.45000000000005,0.030138747973579638
330.5,0.04269682019157229
330.55,0.05651750415211592
330.6,0.07117382279943474
330.65000000000003,0.08564210804330476
330.70000000000005,0.09957701092331996
330.75,0.1131866743044214
330.8,0.12659299724861223
330.85,0.1399817228655506
330.90000000000003,0.15353630929256026
330.95000000000005,0.16707385231531313
331.0,0.1799328896609796
331.05,0.19130106939484606
331.1,0.20091506818877966
331.15000000000003,0.2088986139504208
331.20000000000005,0.21526986750545324
331.25,0.22029286776263102
331.3,0.22389500892859088
331.35,0.22556450456604163
331.40000000000003,0.22509711623219852
331.45000000000005,0.22289261599247187
331.5,0.21972519542718233
331.55,0.21576268802456372
331.6,0.2110658746616903
331.65000000000003,0.20615243135311298
331.70000000000005,0.20112091682033742
331.75,0.19556904163737068
331.8,0.18895403052687906
331.85,0.18075088505469208
331.90000000000003,0.17097249400854073
331.95000000000005,0.15996679167103503
332.0,0.1477554768102609
332.05,0.1344129507239235
332.1,0.12056413752835429
332.15000000000003,0.10730201093610554
332.20000000000005,0.09537845384968247
332.25,0.08473170316428848
332.3,0.0753021801392837
332.35,0.06717069247251144
332.40000000000003,0.06021293461220783
332.45000000000005,0.053973177125425875
332.5,0.04819923818447608
332.55,0.042869976848364626
332.6,0.03774354265118984
332.65000000000003,0.03284033628708577
332.70000000000005,0.02802766695151669
332.75,0.023481165715529908
332.8,0.019955244453021305
332.85,0.017921202145167632
332.90000000000003,0.01729899904399428
332.95000000000005,0.017995200568103917
333.0,0.020096905946055576
333.05,0.0226212585309643
333.1,0.024526689388864268
333.15000000000003,0.025829668824539916
333.20000000000005,0.026545914231483076
333.25,0.026500923805654216
333.3,0.02555808387891296
333.35,0.02368702833738102
333.40000000000003,0.021031998035262883
333.45000000000005,0.017805592015453023
333.5,0.014128278729060225
333.55,0.010258732368932074
333.6,0.00659160594199891
333.65000000000003,0.003098044153833938
333.70000000000005,-0.0008214312106126009
333.75,-0.006189059555244927
333.8,-0.01361023415599242
333.85,-0.023256410885054403
333.90000000000003,-0.035154881573598966
333.95000000000005,-0.04882320946450371
334.0,-0.06401298394885123
334.05,-0.08093197983938383
334.1,-0.09938300293788448
334.15000000000003,-0.11861974374066842
334.20000000000005,-0.1382673696287912
334.25,-0.1581902669182694
334.3,-0.17770816009261517
334.35,-0.1963131184859804
334.40000000000003,-0.21364132044707523
334.45000000000005,-0.22913572394279172
334.5,-0.24271923567566273
334.55,-0.2546178727791984
334.6,-0.2647923564560856
334.65000000000003,-0.2730198425636909
334.70000000000005,-0.27949353273620553
334.75,-0.28447197126294926
334.8,-0.2880568834042379
334.85,-0.29024592881605144
334.90000000000003,-0.29062063541464045
334.95000000000005,-0.2890596920406954
335.0,-0.28551381510095325
335.05,-0.27980067667161024
335.1,-0.2721666226848263
335.15000000000003,-0.26295974700016755
335.20000000000005,-0.25262617646635693
335.25,-0.24151985967447803
335.3,-0.22974281935905436
335.35,-0.21781906609706214
335.40000000000003,-0.20639813639469956
335.45000000000005,-0.19594525661712334
335.5,-0.18694641539564702
335.55,-0.17947370144752092
335.6,-0.17293713787742523
335.65000000000003,-0.1669926456454892
335.70000000000005,-0.1618169595615178
335.75,-0.1569462991507219
335.8,-0.15164341846697543
335.85,-0.14552173865973003
335.90000000000003,-0.13776667101196635
335.95000000000005,-0.12785931344044926
336.0,-0.1164658390712426
336.05,-0.10411196146033165
336.1,-0.09067545778144871
336.15000000000003,-0.0761589044072198
336.20000000000005,-0.060558165031304304
336.25,-0.0439344645356145
336.3,-0.02666627216431246
336.35,-0.009013154169183602
336.40000000000003,0.008931034425436623
336.45000000000005,0.02733696899384767
336.5,0.04581733766569077
336.55,0.0633629405179197
336.6,0.07972172108978823
336.65000000000003,0.09541882611454325
336.70000000000005,0.11105817115583812
336.75,0.12625695756442554
336.8,0.14061678960598029
336.85,0.15461083108223106
336.90000000000003,0.1682188879000374
336.95000000000005,0.18113767940786865
337.0,0.19364347567009726
337.05,0.20589737837433647
337.1,0.2180537994358036
337.15000000000003,0.23054800591723779
337.20000000000005,0.24320153043743403
337.25,0.25545621922372136
337.3,0.26697681494600256
337.35,0.27792809967602805
337.40000000000003,0.2885402309265882
337.45000000000005,0.29872683171977366
337.5,0.3079542193052654
337.55,0.31533576705613314
337.6,0.32050940272256717
337.65000000000003,0.32341916176749597
337.70000000000005,0.3238701216429489
337.75,0.3216435683612643
337.8,0.3170966079790722
337.85,0.3107891734153238
337.90000000000003,0.30279450757109827
337.95000000000005,0.2935253941741505
338.0,0.2832846344260862
338.05,0.2716476026596608
338.1,0.25806037224184125
338.15000000000003,0.2423754284085795
338.20000000000005,0.22491853961548947
338.25,0.20567441487993107
338.3,0.18469164642843508
338.35,0.16250399870334403
338.40000000000003,0.13939111025672052
338.45000000000005,0.11607246884448533
338.5,0.09369552369640219
338.55,0.07279769611687095
338.6,0.05376481942787673
338.65000000000003,0.03687572040385891
338.70000000000005,0.02180514386354175
338.75,0.007947707272449298
338.8,-0.004785588004432008
338.85,-0.01607286387809967
338.90000000000003,-0.02626096345770453
338.95000000000005,-0.03593153034551092
339.0,-0.04539575861632171
339.05,-0.0549187820961669
339.1,-0.06498715842049287
339.15000000000003,-0.07623530986841599
339.20000000000005,-0.08862895064427315
339.25,-0.10193615665251592
339.3,-0.11598741943178005
339.35,-0.13064369577437837
339.40000000000003,-0.1456121395828356
339.45000000000005,-0.16005453296391078
339.5,-0.17337413684110017
339.55,-0.1850663445149291
339.6,-0.19489106012052418
339.65000000000003,-0.20319293681379388
339.70000000000005,-0.20986115717490839
339.75,-0.21475295034931405
339.8,-0.21819809770519477
339.85,-0.22033765026642918
339.90000000000003,-0.22161803226484145
339.95000000000005,-0.22229693671105988
340.0,-0.22155616684208992
340.05,-0.21897354564993712
340.1,-0.21478742843460458
340.15000000000003,-0.2092398786005963
340.20000000000005,-0.20255437707915203
340.25,-0.19521519530468487
340.3,-0.18819698633484908
340.35,-0.18186883984264154
340.40000000000003,-0.17605372323634097
340.45000000000005,-0.17034500552060175
340.5,-0.16459090227183515
340.55,-0.15885435309522086
340.6,-0.15268486858077138
340.65000000000003,-0.14553461818099095
340.70000000000005,-0.13674134123451068
340.75,-0.12634046116223602
340.8,-0.11504353850141441
340.85,-0.10360448081512304
340.90000000000003,-0.09239602547950075
340.95000000000005,-0.08147586844316553
341.0,-0.07127395235595756
341.05,-0.06205601141116651
341.1,-0.05335145157158161
341.15000000000003,-0.0444073325454946
341.20000000000005,-0.035461893742523565
341.25,-0.026948787510148668
341.3,-0.018391475743851297
341.35,-0.009079373022217155
341.40000000000003,0.0014796573168633388
341.45000000000005,0.012977522723292608
341.5,0.024532519712379592
341.55,0.03530826328532317
341.6,0.04538226889268592
341.65000000000003,0.05487885472774768
341.70000000000005,0.06298093280436362
341.75,0.06937888448713754
341.8,0.07384704186467797
341.85,0.07671104237448018
341.90000000000003,0.07845700277619985
341.95000000000005,0.07893797978389591
342.0,0.07876489055336391
342.05,0.07833242103716413
342.1,0.07775289691340033
342.15000000000003,0.07739719660085599
342.20000000000005,0.07758937185120593
342.25,0.07857246830480505
342.3,0.07998172807847308
342.35,0.08158017240071781
342.40000000000003,0.0839748659157269
342.45000000000005,0.08703206803408021
342.5,0.09018706886935879
342.55,0.09330088317547004
342.6,0.09562374577546512
342.65000000000003,0.09666666582375967
342.70000000000005,0.09601567280988896
342.75,0.09351311128719565
342.8,0.08940401399472565
342.85,0.08305068789208926
342.90000000000003,0.07453316486858978
342.95000000000005,0.0645793580157985
343.0,0.05353301538075297
343.05,0.04168956170464206
343.1,0.029081367151620862
343.15000000000003,0.016092962210839466
343.20000000000005,0.003701773801339894
343.25,-0.007639367365109378
343.3,-0.01770056349928688
343.35,-0.02565976404973306
343.40000000000003,-0.030690489572799327
343.45000000000005,-0.03236454519309114
343.5,-0.03109262772025644
343.55,-0.02722305025268432
343.6,-0.020755681968391133
343.65000000000003,-0.01228111723045739
343.70000000000005,-0.002535610406096775
343.75,0.008175502749365755
343.8,0.01977793458127243
343.85,0.03208665947235928
343.90000000000003,0.04475687515667365
343.95000000000005,0.0570633279399204
344.0,0.06863812544173055
344.05,0.0794031226835892
344.1,0.08893984695470677
344.15000000000003,0.0967896756854137
344.20000000000005,0.10256751795694324
344.25,0.10607698207671852
344.3,0.10734678375528509
344.35,0.10643236203846228
344.40000000000003,0.10348200810256798
344.45000000000005,0.09892039022874008
344.5,0.09242468178963796
344.55,0.08350559854880017
344.6,0.07289683474243845
344.65000000000003,0.061536392268900356
344.70000000000005,0.04975372466696119
344.75,0.03806476245791599
344.8,0.027257360576469557
344.85,0.01748853780676205
344.90000000000003,0.00889077677650582
344.95000000000005,0.0018231635018557855
345.0,-0.003431018136958284
345.05,-0.006157550132868941
345.1,-0.006157878574301493
345.15000000000003,-0.0043390653369054
345.20000000000005,-0.001487071612792771
345.25,0.0020215324643781817
345.3,0.005934251752198518
345.35,0.010283158184731857
345.40000000000003,0.014898218071501011
345.45000000000005,0.019457818213710995
345.5,0.02398807222365973
345.55,0.02853515277443833
345.6,0.03286362933840687
345.65000000000003,0.03650848039043527
345.70000000000005,0.038594542380804925
345.75,0.03891759573304625
345.8,0.03804021487899424
345.85,0.03612003717933697
345.90000000000003,0.03291719436069784
345.95000000000005,0.02802836309200331
346.0,0.022051811547641003
346.05,0.015866677573817167
346.1,0.009941224384559567
346.15000000000003,0.004612957985524747
346.20000000000005,-5.625915690532182e-05
346.25,-0.004053587673195947
346.3,-0.007901883864880867
346.35,-0.011632110662948213
346.40000000000003,-0.014752129769957122
346.45000000000005,-0.017648023943471796
346.5,-0.021115254176090677
346.55,-0.02510816662980246
346.6,-0.02927644718138952
346.65000000000003,-0.033608569935431785
346.70000000000005,-0.037817323808219644
346.75,-0.04137101790865834
346.8,-0.04376393730371502
346.85,-0.0449636360312975
346.90000000000003,-0.04488636840788591
346.95000000000005,-0.043458758054389
347.0,-0.04152798842597405
347.05,-0.039765856773738915
347.1,-0.038460729331155644
347.15000000000003,-0.03801907447355808
347.20000000000005,-0.038382196119572776
347.25,-0.039622872687306424
347.3,-0.04220020984832852
347.35,-0.04621216803120673
347.40000000000003,-0.051619951687794256
347.45000000000005,-0.058059283059078585
347.5,-0.06512051752974621
347.55,-0.07279593706950532
347.6,-0.08064163026444915
347.65000000000003,-0.08818392008960878
347.70000000000005,-0.09525520543329884
347.75,-0.10143595735634948
347.8,-0.10588902654824442
347.85,-0.10803355613995472
347.90000000000003,-0.108107442525074
347.95000000000005,-0.10621850665432142
348.0,-0.10217211453547644
348.05,-0.0961012524131921
348.1,-0.0884955040256877
348.15000000000003,-0.07975152717455165
348.20000000000005,-0.07007051766560811
348.25,-0.059984262757391285
348.3,-0.049953913735346245
348.35,-0.040117361237064046
348.40000000000003,-0.03082866306553129
348.45000000000005,-0.022108214171786558
348.5,-0.013998650198069396
348.55,-0.006778835470038833
348.6,-4.995645156703625e-05
348.65000000000003,0.0064033253842549825
348.70000000000005,0.012720610322522929
348.75,0.018566761895409106
348.8,0.023640127886015314
348.85,0.02838286098546075
348.90000000000003,0.03269104693072622
348.95000000000005,0.036556667850244
349.0,0.03970129618587535
349.05,0.04191193639260256
349.1,0.04324609622286186
349.15000000000003,0.04331923624273832
349.20000000000005,0.04200617411215543
349.25,0.03887787976844383
349.3,0.0335239427382359
349.35,0.0266284551655774
349.40000000000003,0.01866602240064693
349.45000000000005,0.009814086749450298
349.5,0.0007353200688061993
349.55,-0.00808217297221817
349.6,-0.016171051815031316
349.65000000000003,-0.02358553190024645
349.70000000000005,-0.030538794831875996
349.75,-0.03661390878627197
349.8,-0.04161383684482493
349.85,-0.04539203075488323
349.90000000000003,-0.04786580604843634
349.95000000000005,-0.04933509575452293
350.0,-0.04995565471021505
350.05,-0.04965287093117888
350.1,-0.04837439118442484
350.15000000000003,-0.04626770221325327
350.20000000000005,-0.043510724653115423
350.25,-0.04034822172168805
350.3,-0.03693279536344293
350.35,-0.03269778387374276
350.40000000000003,-0.027349186074056613
350.45000000000005,-0.020873835558792596
350.5,-0.0131597218829601
350.55,-0.00466544690265128
350.6,0.0040174090654668025
350.65000000000003,0.012124906370067702
350.70000000000005,0.019524685522396598
350.75,0.02622929213950108
350.8,0.03213835005176657
350.85,0.03782169638991215
350.90000000000003,0.042993973552218505
350.95000000000005,0.04773391323171552
351.0,0.052485821222230965
351.05,0.057140468425622405
351.1,0.06171494702164046
351.15000000000003,0.06576048742961342
351.20000000000005,0.0691990903304124
351.25,0.07180564497712234
351.3,0.073220559180785
351.35,0.0733153207324024
351.40000000000003,0.07163746503059203
351.45000000000005,0.06838540761544559
351.5,0.06353986007504392
351.55,0.05671819813942366
351.6,0.047863977008797826
351.65000000000003,0.03689994277434729
351.70000000000005,0.02417235327379521
351.75,0.010560199834348085
351.8,-0.0035962195211515437
351.85,-0.018069554557325992
351.90000000000003,-0.03247791919637848
351.95000000000005,-0.04678642691646957
352.0,-0.0606592841827458
352.05,-0.07404974445918051
352.1,-0.08657226300623375
352.15000000000003,-0.09781307779721145
352.20000000000005,-0.10743720472119926
352.25,-0.11464306688599521
352.3,-0.11935354659602751
352.35,-0.1219418146019888
352.40000000000003,-0.12305672316591067
352.45000000000005,-0.12282332472629492
352.5,-0.12071135974614575
352.55,-0.11695589987209083
352.6,-0.11161446497565324
352.65000000000003,-0.10422821020925194
352.70000000000005,-0.09503601138394824
352.75,-0.08418761484032192
352.8,-0.07198363204258132
352.85,-0.05882575887732885
352.90000000000003,-0.04485270020823309
352.95000000000005,-0.030625972569671527
353.0,-0.016281383857894138
353.05,-0.0019146585191750953
353.1,0.012200115329078942
353.15000000000003,0.025788808034113774
353.20000000000005,0.03834988516425813
353.25,0.049671543868922634
353.3,0.059336121789384605
353.35,0.06711092116539208
353.40000000000003,0.07311092780871294
353.45000000000005,0.07761008469536321
353.5,0.08096773268984894
353.55,0.08329648258543827
353.6,0.08515916095052252
353.65000000000003,0.08690827024792594
353.70000000000005,0.08861094367145196
353.75,0.09049103745396533
353.8,0.09281396304949795
353.85,0.09561325746880117
353.90000000000003,0.09849368405231325
353.95000000000005,0.10146192103020744
354.0,0.10449115503001605
354.05,0.10722387514908374
354.1,0.10918734642355749
354.15000000000003,0.10981292776420593
354.20000000000005,0.10893983477471193
354.25,0.1068091953179048
354.3,0.1038738377666946
354.35,0.10010877419306671
354.40000000000003,0.09509887578045195
354.45000000000005,0.08924255463989683
354.5,0.08284231512541483
354.55,0.07573621906213196
354.6,0.06790195576158456
354.65000000000003,0.05955046177051696
354.70000000000005,0.05129532804654683
354.75,0.043366691747555114
354.8,0.03581407910422954
354.85,0.02873896887720647
354.90000000000003,0.022146189902852727
354.95000000000005,0.01638972952292196
355.0,0.011831690700894777
355.05,0.008183239376541657
355.1,0.004978647528235986
355.15000000000003,0.002523378919974553
355.20000000000005,0.0013390584657578814
355.25,0.0013320405875992874
355.3,0.002381133495821488
355.35,0.004272214589399733
355.40000000000003,0.006949369663023395
355.45000000000005,0.01094509841250813
355.5,0.0161528567328382
355.55,0.022263949406566896
355.6,0.028913904521800645
355.65000000000003,0.035509352090214795
355.70000000000005,0.04198144059370941
355.75,0.04770995418797559
355.8,0.052076858654500284
355.85,0.05516993611450249
355.90000000000003,0.056977359238257475
355.95000000000005,0.05772502032188382
356.0,0.05758229886412893
356.05,0.056490426398937775
356.1,0.054487184400031086
356.15000000000003,0.05179309485152173
356.20000000000005,0.048611550615731317
356.25,0.045164481111463345
356.3,0.04153260544007355
356.35,0.03732107733728907
356.40000000000003,0.03259271125694181
356.45000000000005,0.02730923724647172
356.5,0.02119755958110886
356.55,0.014137610917002776
356.6,0.006020437783044524
356.65000000000003,-0.003147776440308671
356.70000000000005,-0.013388369043109437
356.75,-0.024383148213016282
356.8,-0.036077718968219624
356.85,-0.04778689377255374
356.90000000000003,-0.059142776772094466
356.95000000000005,-0.07019284053633912
357.0,-0.0802593992171067
357.05,-0.089203473580716
357.1,-0.09647521867872538
357.15000000000003,-0.10201594131118052
357.20000000000005,-0.10620608810502703
357.25,-0.10912520306132528
357.3,-0.11098807557885765
357.35,-0.1116320601917201
357.40000000000003,-0.11136559716052458
357.45000000000005,-0.11043324185080086
357.5,-0.10896290993289552
357.55,-0.10728611541178032
357.6,-0.10546541322169273
357.65000000000003,-0.10353587787314586
357.70000000000005,-0.10131563426652726
357.75,-0.09880559828193355
357.8,-0.09577710358322714
357.85,-0.09210997213997707
357.90000000000003,-0.08830965104457753
357.95000000000005,-0.08456061265728365
358.0,-0.08119742464039502
358.05,-0.07807541694787085
358.1,-0.07481290374168693
358.15000000000003,-0.0715802633116247
358.20000000000005,-0.0683279465461879
358.25,-0.06466759434423516
358.3,-0.059973087064955015
358.35,-0.054302623980515455
358.40000000000003,-0.04826646652111768
358.45000000000005,-0.04193990912790248
358.5,-0.03488779840578889
358.55,-0.027102958970099053
358.6,-0.01908420961979124
358.65000000000003,-0.010865987407270721
358.70000000000005,-0.002418831734702777
358.75,0.005817875118215842
358.8,0.013646972137528354
358.85,0.021021386049870555
358.90000000000003,0.027611697573901636
358.95000000000005,0.03287004071082143
359.0,0.036517519746724125
359.05,0.03876934245770109
359.1,0.039777560031059374
359.15000000000003,0.039668960832185955
359.20000000000005,0.03845070774887386
359.25,0.03664412880918378
359.3,0.03496373537450711
359.35,0.03360838725011115
359.40000000000003,0.03269744167524466
359.45000000000005,0.032272982391882254
359.5,0.0330673526684968
359.55,0.03532473582200915
359.6,0.03882344563853251
359.65000000000003,0.043987474660449256
359.70000000000005,0.05119474857576784
359.75,0.060687221583666164
359.8,0.07206785622233727
359.85,0.08464240960602555
359.90000000000003,0.09778722513545299
359.95000000000005,0.11142624719999035
