Tiempo_s,Aceleracion_g
0.0,-3.6636228150415396e-05
0.05,-3.7197647952438343e-05
0.1,-3.676117818414393e-05
0.15000000000000002,-4.371159415360387e-05
0.2,-4.387581085637283e-05
0.25,-3.84520284639219e-05
0.30000000000000004,-3.602464855826073e-05
0.35000000000000003,-3.2601565344958925e-05
0.4,-1.979887567188971e-05
0.45,-1.8378228682351002e-05
0.5,-3.113483365075742e-05
0.55,-2.4731394960796715e-05
0.6000000000000001,-2.1925824382166265e-05
0.65,-2.7309965534339163e-05
0.7000000000000001,-2.311742473964474e-05
0.75,-2.831318741987207e-05
0.8,-2.572973216403117e-05
0.8500000000000001,-1.6964478380376076e-05
0.9,-2.6172700524871336e-05
0.9500000000000001,-2.281184634932558e-05
1.0,-7.68080963620333e-06
1.05,-5.533727763549609e-06
1.1,-1.0382160438435054e-05
1.1500000000000001,-2.0829083194869288e-05
1.2000000000000002,-1.7910280791434103e-05
1.25,-1.2206338667687506e-05
1.3,-1.7491867603716967e-05
1.35,-2.2388457552932645e-05
1.4000000000000001,-2.390202743702323e-05
1.4500000000000002,-1.4646691530026163e-05
1.5,-1.55836009404401e-05
1.55,-1.7130953679684628e-05
1.6,-1.669388617621822e-05
1.6500000000000001,-2.3655150155880385e-05
1.7000000000000002,-1.4658645689164382e-05
1.75,-1.7852050330096344e-05
1.8,-2.4252393770425264e-05
1.85,-1.729086606506513e-05
1.9000000000000001,-2.192108007388398e-05
1.9500000000000002,-1.5984646152834317e-05
2.0,-6.8679721731855255e-06
2.0500000000000003,-6.9481321099495255e-06
2.1,-8.839107559086273e-06
2.15,-1.4736968953854233e-05
2.2,-1.426126919529434e-05
2.25,-1.4798360312118417e-05
2.3000000000000003,-1.554987252553843e-05
2.35,-1.791332256255544e-05
2.4000000000000004,-1.989255528444122e-05
2.45,-1.8493268676094367e-05
2.5,-1.6909588856755905e-05
2.5500000000000003,-1.1548309647666894e-05
2.6,-9.396448876337257e-06
2.6500000000000004,-1.2450335879777815e-05
2.7,-1.8913374051476455e-05
2.75,-1.7007601302497182e-05
2.8000000000000003,-1.2721854765445353e-05
2.85,-1.1246452087860705e-05
2.9000000000000004,-1.5775429019784942e-05
2.95,-1.8323693663542486e-05
3.0,-9.30912660325888e-06
3.0500000000000003,-7.496643583593578e-06
3.1,-1.2686576801012538e-05
3.1500000000000004,-1.7293045900666906e-05
3.2,-1.5127549810799723e-05
3.25,-9.384050251538074e-06
3.3000000000000003,-2.6576177183160787e-06
3.35,-4.729887924524212e-06
3.4000000000000004,-1.0011201527848706e-05
3.45,-8.320466844913965e-06
3.5,-1.722474761472783e-05
3.5500000000000003,-1.8557850586417315e-05
3.6,-1.012374041719415e-05
3.6500000000000004,-1.504371136801332e-06
3.7,4.106378241880013e-06
3.75,5.202305538241465e-07
3.8000000000000003,1.5116248692242987e-06
3.85,4.086332845213867e-06
3.9000000000000004,6.048641843366227e-06
3.95,6.999490094704692e-06
4.0,6.340195605212449e-06
4.05,8.662387155396659e-06
4.1000000000000005,5.382312334824472e-06
4.15,1.8901206609708388e-06
4.2,5.572238287780785e-06
4.25,9.24231978693938e-06
4.3,1.1103956247416042e-05
4.3500000000000005,1.175626874670635e-05
4.4,8.00546848186805e-06
4.45,7.437633606448131e-06
4.5,1.5442948514715436e-05
4.55,1.6051503530986823e-05
4.6000000000000005,1.2058338462744778e-05
4.65,1.5840596477132363e-05
4.7,1.9213834188592294e-05
4.75,1.9982423522899744e-05
4.800000000000001,7.3667743377229984e-06
4.8500000000000005,4.72353007124763e-06
4.9,1.644476321003295e-05
4.95,1.3584824999944083e-05
5.0,9.71863699873155e-06
5.050000000000001,7.84088655187053e-06
5.1000000000000005,1.3541414064697814e-05
5.15,1.5841012716032776e-05
5.2,8.15227200184158e-06
5.25,6.445642110473542e-06
5.300000000000001,9.124389856970746e-06
5.3500000000000005,1.439215473103743e-05
5.4,1.166898406611003e-05
5.45,7.742480778875707e-06
5.5,1.0198755198098941e-05
5.550000000000001,1.0853376897772727e-05
5.6000000000000005,7.111472440452458e-06
5.65,1.768098083911904e-06
5.7,-4.377962521358249e-06
5.75,-6.7350131048598545e-06
5.800000000000001,2.283046693311419e-06
5.8500000000000005,6.706318997432619e-06
5.9,3.9399179971542076e-06
5.95,-1.025215661554146e-06
6.0,-3.198144233969436e-06
6.050000000000001,-2.3789830572022616e-06
6.1000000000000005,-3.158900716605493e-06
6.15,1.0500474900653395e-06
6.2,1.4645172624263882e-06
6.25,-1.515993556637376e-06
6.300000000000001,2.934652872835475e-07
6.3500000000000005,4.4976046179511e-06
6.4,9.699266548861682e-06
6.45,8.911730591028782e-06
6.5,5.329253142278943e-06
6.550000000000001,7.935271526910242e-06
6.6000000000000005,5.950137167184801e-06
6.65,5.163244711953557e-06
6.7,6.373306893704672e-06
6.75,2.1943210930252586e-06
6.800000000000001,4.6041068007981284e-06
6.8500000000000005,4.020753372008808e-06
6.9,6.632884601377373e-06
6.95,1.3239187776342857e-05
7.0,1.1662584428358695e-05
7.050000000000001,1.1884597004820625e-05
7.1000000000000005,1.170949041402891e-05
7.15,9.141151165040149e-06
7.2,9.370035252873712e-06
7.25,1.6189203519587502e-05
7.300000000000001,1.36286299188911e-05
7.3500000000000005,3.0858390588942912e-06
7.4,2.527397844500264e-06
7.45,2.570957042777917e-06
7.5,1.0003955520543897e-05
7.550000000000001,1.1451491001247367e-05
7.6000000000000005,3.7196367875403067e-06
7.65,7.17045637301913e-06
7.7,3.0390991635068407e-06
7.75,-1.4877702196796197e-06
7.800000000000001,-2.217899061490133e-06
7.8500000000000005,-9.931071554769141e-06
7.9,-1.3048844120130175e-05
7.95,-5.382710012659847e-06
8.0,3.884546525957675e-06
8.05,5.969389918350977e-06
8.1,1.065359791068061e-05
8.15,1.114989488368484e-05
8.200000000000001,-2.1237793227093656e-06
8.25,-1.179983388423824e-05
8.3,-1.0092783257145645e-05
8.35,-7.383211719879413e-06
8.4,-6.266252429192254e-06
8.450000000000001,-6.143010281722338e-06
8.5,-7.2131035217031085e-06
8.55,-6.681749081190321e-06
8.6,-6.145964605796535e-06
8.65,-6.803518371429134e-06
8.700000000000001,-1.0650691710150248e-05
8.75,-1.2896449750368575e-05
8.8,-9.149016349761782e-06
8.85,-1.1984921960708387e-05
8.9,-1.6613145146494665e-05
8.950000000000001,-1.1056093763910707e-05
9.0,-5.295159096814468e-06
9.05,-3.921805296588805e-06
9.1,-1.9454005316223447e-06
9.15,-1.1626377575353642e-06
9.200000000000001,-1.3739429375181647e-06
9.25,1.6127958928880583e-06
9.3,2.407587033130989e-06
9.35,-2.5829210088308295e-06
9.4,2.0124897865833887e-06
9.450000000000001,6.811275722617711e-06
9.5,6.4234315484844205e-06
9.55,1.3225759344955898e-05
9.600000000000001,1.1248012297467454e-05
9.65,5.880038654086343e-06
9.700000000000001,2.112429715529838e-06
9.75,-2.8496821455249295e-06
9.8,4.368626679869376e-06
9.850000000000001,1.2787773163216423e-05
9.9,9.431901136692373e-06
9.950000000000001,8.075181471828881e-06
10.0,1.570446214090737e-05
10.05,1.7547237065409024e-05
10.100000000000001,1.4202283815505119e-05
10.15,1.1059428303231637e-05
10.200000000000001,9.515953230473424e-06
10.25,7.775106556526685e-06
10.3,9.430066231695534e-06
10.350000000000001,6.6952653001815336e-06
10.4,-3.015376006695054e-08
10.450000000000001,1.2809692377826785e-05
10.5,1.3274357043337421e-05
10.55,4.957013880049375e-06
10.600000000000001,9.217646533031525e-06
10.65,2.3005174168504726e-06
10.700000000000001,-2.2198465722620346e-06
10.75,2.843014747919253e-06
10.8,4.712853290413848e-06
10.850000000000001,-8.026141930121276e-07
10.9,-4.520655966745313e-06
10.950000000000001,1.7433247961592738e-06
11.0,1.6197942693756513e-06
11.05,-7.885765988628034e-06
11.100000000000001,-7.409640136753389e-06
11.15,-2.741123846473482e-06
11.200000000000001,-9.650865812673427e-06
11.25,-8.775146709511418e-06
11.3,-1.5114625082409254e-06
11.350000000000001,-3.6304576786628204e-06
11.4,-2.9549833247041615e-06
11.450000000000001,-2.878801320177909e-06
11.5,-6.5960445844005365e-06
11.55,-1.3308302383927553e-05
11.600000000000001,-1.8623874395697915e-05
11.65,-1.5356278941162154e-05
11.700000000000001,-9.294792502702403e-06
11.75,-2.635401682126431e-06
11.8,-2.365140627436013e-06
11.850000000000001,-1.1478499264206723e-05
11.9,-1.620128985683976e-05
11.950000000000001,-1.3938438651841651e-05
12.0,-1.2475477470549553e-05
12.05,-6.422547762814905e-06
12.100000000000001,-8.555852686677345e-06
12.15,-1.8276577822488454e-05
12.200000000000001,-1.542245152336568e-05
12.25,-5.982347036045443e-06
12.3,-5.365574145614356e-07
12.350000000000001,-5.2735767125840834e-06
12.4,-1.3206508264116794e-05
12.450000000000001,-1.3355910503136953e-05
12.5,-9.115488638725426e-06
12.55,-4.078571689318044e-06
12.600000000000001,7.566667067471081e-07
12.65,-1.9960104630020786e-06
12.700000000000001,4.024438988204504e-08
12.75,3.272115473880311e-06
12.8,-8.587844368463899e-08
12.850000000000001,1.472222510028273e-07
12.9,-3.0155487244381777e-06
12.950000000000001,-7.77756267882298e-06
13.0,-1.0944798062122442e-05
13.05,-6.528450900837924e-06
13.100000000000001,1.0462150586010264e-05
13.15,1.687026257231982e-05
13.200000000000001,4.3115485902549235e-06
13.25,-9.047922567707914e-06
13.3,-1.961485613485789e-05
13.350000000000001,-1.3016091783079618e-05
13.4,-5.0221558325604485e-06
13.450000000000001,-3.817742481534912e-06
13.5,4.371436165865546e-06
13.55,-8.60201674776298e-06
13.600000000000001,-1.4391030623856368e-05
13.65,-2.8145967823989827e-06
13.700000000000001,4.966843944516383e-06
13.75,-8.284029438179095e-07
13.8,-1.7804777356203863e-05
13.850000000000001,-1.4221535487222643e-05
13.9,-9.242837550309085e-06
13.950000000000001,2.5212897839752075e-06
14.0,1.2486926146225327e-05
14.05,4.917823856747635e-07
14.100000000000001,-3.520030651238682e-06
14.15,-2.742496121076514e-06
14.200000000000001,-4.761391221583763e-06
14.25,-3.188595584738867e-06
14.3,-3.6136122560022328e-06
14.350000000000001,-6.46453164915182e-07
14.4,3.1177878229719166e-06
14.450000000000001,-1.9029297754899325e-06
14.5,6.608756507281161e-07
14.55,7.415605534261566e-06
14.600000000000001,6.184070631063161e-06
14.65,-4.385132043693054e-07
14.700000000000001,-1.871845968728597e-06
14.75,2.882273019579473e-06
14.8,6.437707519027023e-06
14.850000000000001,8.594896791091595e-06
14.9,9.952788818011311e-06
14.950000000000001,1.4503992288062563e-05
15.0,5.479899363587272e-06
15.05,-9.533593501400024e-06
15.100000000000001,-1.6362896112949727e-05
15.15,-1.5407195511207833e-05
15.200000000000001,4.9119460642964935e-06
15.25,1.7245684729188976e-05
15.3,1.8599680394715683e-05
15.350000000000001,1.3365794556275434e-05
15.4,-8.514327445980663e-07
15.450000000000001,-1.2944496186302942e-06
15.5,4.584366331936612e-07
15.55,2.151199266710065e-07
15.600000000000001,1.3693223906420117e-06
15.65,-3.6647245039812634e-06
15.700000000000001,8.507003633925534e-08
15.75,4.434053875752625e-06
15.8,-3.994430889870608e-07
15.850000000000001,-2.038486043377301e-06
15.9,-3.078172900588148e-06
15.950000000000001,6.737177513782775e-07
16.0,5.42432238531596e-06
16.05,1.3919633051079179e-06
16.1,-1.6415847029323326e-06
16.150000000000002,-6.670681993125103e-06
16.2,-3.514303235930424e-06
16.25,1.2419016657475054e-05
16.3,1.4778542851120399e-05
16.35,8.55499065402429e-06
16.400000000000002,7.722292098257576e-06
16.45,4.095770836900203e-06
16.5,3.0653900897831347e-06
16.55,9.422229664059138e-06
16.6,1.4382725480586713e-05
16.650000000000002,1.3754734163361556e-05
16.7,1.1730447605118752e-05
16.75,1.2102801262570586e-05
16.8,9.681509539036958e-06
16.85,1.0056147058233895e-05
16.900000000000002,1.4624117375418701e-05
16.95,1.3004823789655126e-05
17.0,7.593800637782942e-06
17.05,7.374273699972765e-06
17.1,1.1747366423137971e-05
17.150000000000002,1.1130981179901567e-05
17.2,9.916913907063608e-06
17.25,5.310383246545861e-06
17.3,1.0616392112780625e-07
17.35,1.2911971696728775e-06
17.400000000000002,8.188240002644594e-08
17.45,-2.723283151856352e-06
17.5,-5.327668991342007e-06
17.55,-1.9421050762941426e-06
17.6,4.239357777290175e-06
17.650000000000002,2.409395988328167e-07
17.7,-2.359010297011497e-06
17.75,2.0290429246214175e-06
17.8,-1.367330363043239e-06
17.85,-4.5630741182795504e-06
17.900000000000002,-3.3660487150121035e-06
17.95,-1.055241841610031e-05
18.0,-1.0152049148933432e-05
18.05,-4.560500206501776e-06
18.1,-3.958788753252013e-06
18.150000000000002,-1.1603772181563564e-06
18.2,2.0380517154066003e-06
18.25,3.839813938723848e-06
18.3,-5.461822746478535e-07
18.35,-2.935269507054902e-06
18.400000000000002,-1.3345866512370215e-07
18.45,-3.7191660146371366e-06
18.5,-6.705490131929098e-06
18.55,-1.3070222851398398e-06
18.6,9.48178278068349e-06
18.650000000000002,1.328399650087343e-05
18.7,4.909264511614727e-06
18.75,-5.661109928492195e-06
18.8,-6.649180473576776e-06
18.85,5.139034030752351e-06
18.900000000000002,8.143755841537723e-06
18.95,5.159710987791485e-06
19.0,6.3678272307430335e-06
19.05,9.172898685024418e-06
19.1,1.3175617173907783e-05
19.150000000000002,4.402032692699698e-06
19.200000000000003,-6.5676735248282855e-06
19.25,-1.2746607733243434e-05
19.3,-8.744892761465248e-06
19.35,4.2396549709916394e-06
19.400000000000002,8.839425512010834e-06
19.450000000000003,9.645788442215594e-06
19.5,2.466522058252606e-06
19.55,-1.0103274022780383e-05
19.6,-1.0097214189656185e-05
19.650000000000002,-3.101289162506774e-07
19.700000000000003,1.6907478220401517e-06
19.75,6.4856016180133416e-06
19.8,7.08743553193945e-06
19.85,-4.089627724051382e-06
19.900000000000002,-1.1075468589227472e-05
19.950000000000003,-1.4269387331361573e-05
20.0,-1.0078141443615862e-05
20.05,-1.4961810188634444e-06
20.1,6.086520069093503e-06
20.150000000000002,4.684837140724246e-06
20.200000000000003,-8.695676051103239e-06
20.25,-1.4691230983000373e-05
20.3,-1.0107831465109298e-05
20.35,-5.525748585839707e-06
20.400000000000002,-5.457622828152809e-07
20.450000000000003,-2.5541071658984744e-06
20.5,-5.9612557670901185e-06
20.55,2.122523196961908e-07
20.6,3.9887645900924735e-06
20.650000000000002,1.5753407251807477e-06
20.700000000000003,-3.0355015420384183e-06
20.75,-2.657209320757772e-06
20.8,-8.66854665854195e-06
20.85,-8.89227985150012e-06
20.900000000000002,6.652928779897113e-06
20.950000000000003,3.6312062476792353e-06
21.0,-6.778343414193276e-06
21.05,-8.405937128793369e-06
21.1,-3.247854474836618e-06
21.150000000000002,8.097016526790182e-06
21.200000000000003,8.460741885303313e-06
21.25,2.3884379606447143e-07
21.3,-6.986578548914529e-06
21.35,-1.141888024167541e-05
21.400000000000002,-4.8733477196342e-06
21.450000000000003,3.267551180650351e-06
21.5,3.6213505793516946e-06
21.55,-2.8138051074753062e-06
21.6,-1.4241261203213931e-05
21.650000000000002,-1.3493075679566295e-05
21.700000000000003,-3.3640129971063297e-06
21.75,2.571301719479579e-06
21.8,4.31288686542578e-06
21.85,3.2581522171326168e-06
21.900000000000002,-6.7813198701649555e-06
21.950000000000003,-1.9417439045396732e-05
22.0,-2.1474792430529898e-05
22.05,-2.093843638472168e-05
22.1,-1.1420275650178843e-05
22.150000000000002,-3.064822058648761e-07
22.200000000000003,-1.5709203065777947e-06
22.25,-4.234067311631507e-06
22.3,-9.493651314050351e-06
22.35,-1.3157467834590454e-05
22.400000000000002,-1.2630327815181756e-05
22.450000000000003,-1.290287019623075e-05
22.5,-7.586989031933806e-06
22.55,-2.8710836064399196e-06
22.6,-8.536839739204323e-06
22.650000000000002,-7.61591313484479e-06
22.700000000000003,-2.3041587137807445e-06
22.75,-8.372072346185627e-06
22.8,-1.2244967932832293e-05
22.85,-7.73436088940512e-06
22.900000000000002,-5.02118699567703e-06
22.950000000000003,-1.709875339933807e-06
23.0,7.190297411428583e-06
23.05,8.903244390504567e-06
23.1,1.6323684978094192e-06
23.150000000000002,-9.831233524667834e-06
23.200000000000003,-1.2112500341616615e-05
23.25,-2.1081141608852418e-08
23.3,1.6893121531376136e-06
23.35,-1.9905971669663305e-06
23.400000000000002,4.510149280833292e-06
23.450000000000003,1.081098856907137e-05
23.5,6.930611428680598e-06
23.55,-1.940633636547185e-06
23.6,-8.815755037770127e-06
23.650000000000002,-4.51186401092667e-06
23.700000000000003,7.577421112986772e-06
23.75,7.489433160271628e-06
23.8,4.007804046615215e-06
23.85,8.710943825502773e-06
23.900000000000002,6.227605148662875e-06
23.950000000000003,7.138060387133668e-06
24.0,1.2041226502315148e-05
24.05,9.159139984204604e-06
24.1,1.3064611038130257e-05
24.150000000000002,1.2578554684810713e-05
24.200000000000003,1.5087203298145487e-05
24.25,2.098983984663923e-05
24.3,1.1122291580126691e-05
24.35,6.245800941418637e-06
24.400000000000002,7.757781671841777e-06
24.450000000000003,9.469816723304808e-06
24.5,1.497521451858461e-05
24.55,2.0880333900694888e-05
24.6,2.199488829518153e-05
24.650000000000002,1.991591029993004e-05
24.700000000000003,1.5242295414770317e-05
24.75,1.1367716630925942e-05
24.8,8.092557755412568e-06
24.85,3.0213030046702738e-06
24.900000000000002,5.33680579282458e-06
24.950000000000003,5.8562261907330395e-06
25.0,1.65571935219152e-05
25.05,2.3865068797940807e-05
25.1,1.6201482299712835e-05
25.150000000000002,1.0534735744172278e-05
25.200000000000003,6.066318899086486e-06
25.25,1.0781311757441437e-05
25.3,1.2502457442849235e-05
25.35,1.1030122735138992e-05
25.400000000000002,1.155460435870218e-05
25.450000000000003,8.685962339477036e-06
25.5,1.4260513407464792e-06
25.55,-1.441548016483735e-06
25.6,1.8797958772699807e-06
25.650000000000002,-1.8830099361816662e-07
25.700000000000003,1.9362472803207436e-06
25.75,3.0631215347198975e-06
25.8,6.186712230151786e-06
25.85,1.210551117227993e-05
25.900000000000002,9.840011568375378e-06
25.950000000000003,6.377143576903702e-06
26.0,9.183805855508582e-07
26.05,-6.73592319469168e-06
26.1,9.813965486407347e-07
26.150000000000002,7.10201837539493e-06
26.200000000000003,3.0419581707331273e-06
26.25,4.970990088971379e-06
26.3,2.109231950459214e-06
26.35,2.4584956977628073e-07
26.400000000000002,-8.188036263629599e-07
26.450000000000003,-5.875796936472698e-06
26.5,-1.712104729519778e-05
26.55,-1.8983660837141e-05
26.6,-1.066514747022089e-05
26.650000000000002,-8.534945810114933e-06
26.700000000000003,-4.009108448563854e-06
26.75,-7.468260305072927e-06
26.8,-1.312323183026682e-05
26.85,-1.2988954805839202e-05
26.900000000000002,-6.2669352220629356e-06
26.950000000000003,-6.332201153896628e-06
27.0,-1.7576560999528413e-05
27.05,-1.7042911731562928e-05
27.1,-1.151858479595355e-05
27.150000000000002,-1.2182706440595794e-05
27.200000000000003,-1.1249828884967154e-05
27.25,-1.0316976175850283e-05
27.3,-1.99643899922697e-05
27.35,-2.222563788371591e-05
27.400000000000002,-1.430594458446859e-05
27.450000000000003,-1.3572869091626498e-05
27.5,-1.5634617074591664e-05
27.55,-1.7097528412479404e-05
27.6,-1.5965331359916686e-05
27.650000000000002,-1.6629819642693557e-05
27.700000000000003,-1.609658368864739e-05
27.75,-1.0572704401802036e-05
27.8,-1.0638411540556711e-05
27.85,-1.609407118979388e-05
27.900000000000002,-1.51616774503499e-05
27.950000000000003,-1.3231152522338845e-05
28.0,-1.868682379384244e-05
28.05,-1.3362615487461155e-05
28.1,-6.840615470738491e-06
28.150000000000002,-1.2695452337803996e-05
28.200000000000003,-1.176291205302804e-05
28.25,-1.2626944366960014e-05
28.3,-1.1095364875808214e-05
28.35,-6.569275942492549e-06
28.400000000000002,-9.82852302069185e-06
28.450000000000003,-9.095090485056961e-06
28.5,-4.368960094093569e-06
28.55,-4.1908958759407715e-08
28.6,-5.097136694036213e-06
28.650000000000002,-8.555134191472037e-06
28.700000000000003,-7.820729577410299e-06
28.75,-4.091665359389121e-06
28.8,4.62834943121963e-06
28.85,6.361709966557948e-06
28.900000000000002,1.0490909366277454e-05
28.950000000000003,8.432003132275972e-06
29.0,7.838924606398654e-07
29.05,2.7182554292186724e-06
29.1,6.158850847805093e-08
29.150000000000002,-6.98646217592544e-06
29.200000000000003,2.5349657660820703e-06
29.25,1.0659452890219094e-05
29.3,3.4131208501303224e-06
29.35,5.350117815670006e-06
29.400000000000002,1.0082393278154953e-05
29.450000000000003,6.031591789962125e-06
29.5,1.3559690478587592e-05
29.55,2.3883111376099256e-05
29.6,1.5042888065590008e-05
29.650000000000002,9.397265743648952e-06
29.700000000000003,2.1319405243407692e-05
29.75,1.926823708880269e-05
29.8,1.282586995808899e-05
29.85,2.31527822621344e-05
29.900000000000002,1.491498657002357e-05
29.950000000000003,3.483773540389964e-06
30.0,1.6806938912987853e-05
30.05,1.9151237515312604e-05
30.1,9.318908440354342e-06
30.150000000000002,1.7852895869446143e-05
30.200000000000003,2.6187880167430467e-05
30.25,1.3961896727322245e-05
30.3,1.710781734032366e-05
30.35,2.8039808352386147e-05
30.400000000000002,2.4599257821418087e-05
30.450000000000003,2.1558563138956154e-05
30.5,2.1912122631789417e-05
30.55,2.106850435253195e-05
30.6,1.1841123209546106e-05
30.650000000000002,1.4591930649274388e-05
30.700000000000003,2.592725418726524e-05
30.75,2.1891830797354832e-05
30.8,1.6259915409975576e-05
30.85,1.5020305882608691e-05
30.900000000000002,1.1186038884086774e-05
30.950000000000003,1.5337333767085102e-05
31.0,2.2084242571275665e-05
31.05,9.068514674734133e-06
31.1,2.4412803248035565e-06
31.150000000000002,1.1185740170708276e-05
31.200000000000003,6.755202801293368e-06
31.25,-3.4641483697819326e-06
31.3,2.885901185449491e-06
31.35,1.0434047089105319e-05
31.400000000000002,4.807120379200865e-06
31.450000000000003,4.370793901687648e-06
31.5,2.736982282045033e-06
31.55,-2.889112106243705e-06
31.6,-7.716457387117869e-06
31.650000000000002,-1.2543579627893119e-05
31.700000000000003,-1.3777208575752361e-05
31.75,-1.1816615097750113e-05
31.8,-7.061069432628827e-06
31.85,-5.2997723796668186e-06
31.900000000000002,-3.538332286266551e-06
31.950000000000003,-8.564083767812002e-06
32.0,-1.3988973018280081e-05
32.050000000000004,-1.781674111858986e-05
32.1,-2.1444788563468745e-05
32.15,-1.109885642568894e-05
32.2,-1.213159308064158e-05
32.25,-2.2746362372089006e-05
32.300000000000004,-2.058493733874737e-05
32.35,-1.8822710707319283e-05
32.4,-2.5844023956837455e-05
32.45,-3.286528810868398e-05
32.5,-3.289955666560355e-05
32.550000000000004,-3.4730421463809315e-05
32.6,-3.0572425109391155e-05
32.65,-3.100580063270931e-05
32.7,-3.882532353237545e-05
32.75,-3.027536592295173e-05
32.800000000000004,-2.0327952932764684e-05
32.85,-2.5352498078689974e-05
32.9,-3.2373232409717105e-05
32.95,-2.681736918499655e-05
33.0,-2.425581023218179e-05
33.050000000000004,-3.0078475090680466e-05
33.1,-2.3124880206357773e-05
33.15,-2.415622871044561e-05
33.2,-2.758294785927666e-05
33.25,-1.943112664377352e-05
33.300000000000004,-2.2058982621488803e-05
33.35,-1.8298570189561504e-05
33.4,-7.95024536463354e-06
33.45,-6.984157540559892e-06
33.5,-1.1008493264737688e-05
33.550000000000004,-9.442999281096992e-06
33.6,-1.4891493293100477e-06
33.65,-4.714108848964881e-06
33.7,-7.938743329385784e-06
33.75,-6.1723580677514106e-06
33.800000000000004,-1.411206613228737e-06
33.85,4.947338304108612e-06
33.9,9.31000549082294e-06
33.95,7.285014765698384e-06
34.0,-1.9261273084997304e-06
34.050000000000004,3.835199586198296e-06
34.1,1.0395485551934281e-05
34.15,1.2165184204681513e-05
34.2,2.0523050086231095e-05
34.25,2.029743431287918e-05
34.300000000000004,9.092819968534659e-06
34.35,4.077142855603963e-06
34.4,5.050780915998374e-06
34.45,8.420450003315182e-06
34.5,1.9775710073312702e-05
34.550000000000004,2.4344156715236914e-05
34.6,2.332355031389858e-05
34.65,2.2303445125507617e-05
34.7,1.8888310024195063e-05
34.75,1.567328888610325e-05
34.800000000000004,1.505389636152273e-05
34.85,2.6212965759922353e-05
34.9,2.938740102658221e-05
34.95,2.6373828890634075e-05
35.0,3.2343888407913985e-05
35.050000000000004,3.5519560032818165e-05
35.1,3.0311261504297622e-05
35.15,1.5720831172799985e-05
35.2,1.4106473873451587e-05
35.25,2.2673379594832605e-05
35.300000000000004,2.8645381860119037e-05
35.35,3.3020580715371785e-05
35.4,2.9011617722019536e-05
35.45,2.2008384369327894e-05
35.5,1.780002418354334e-05
35.550000000000004,2.3772695285679595e-05
35.6,2.355693082234464e-05
35.65,2.5936274545320882e-05
35.7,3.5901353749237016e-05
35.75,2.4506189713539134e-05
35.800000000000004,9.717166696136697e-06
35.85,1.0498802774443607e-05
35.9,1.3675654050036341e-05
35.95,1.0464071075300588e-05
36.0,1.9030059425369e-05
36.050000000000004,2.7595560956663603e-05
36.1,1.9791093560519677e-05
36.15,1.6976693036892483e-05
36.2,1.2963856849905784e-05
36.25,3.959606818868418e-06
36.300000000000004,6.7325538733614726e-06
36.35,1.6092329361923197e-05
36.4,1.0079889370922676e-05
36.45,3.0683191369097505e-06
36.5,4.240399779807251e-06
36.550000000000004,-5.168879093627597e-06
36.6,-1.7374125388156807e-05
36.65,-1.620560899032556e-05
36.7,4.924300844722912e-06
36.75,1.2877445999126288e-05
36.800000000000004,-5.721249415140235e-06
36.85,-1.573747885735117e-05
36.9,-1.5574284622737292e-05
36.95,-3.0185109772967754e-05
37.0,-2.8028931174284368e-05
37.050000000000004,-8.307294947478838e-06
37.1,-2.3122922630644265e-05
37.15,-2.7360144100360722e-05
37.2,-1.8423856050892577e-05
37.25,-2.1467117683118414e-05
37.300000000000004,-2.5909737972233167e-05
37.35,-3.414728398846265e-05
37.4,-3.440179741194897e-05
37.45,-3.4658398670254143e-05
37.5,-2.4137259693668706e-05
37.550000000000004,-1.5614545581311475e-05
37.6,-2.7056722824566884e-05
37.65,-3.05160258080421e-05
37.7,-2.219956313209156e-05
37.75,-1.8676402967875118e-05
37.800000000000004,-1.715178335078799e-05
37.85,-1.8823480934736557e-05
37.9,-2.6286658870590355e-05
37.95,-2.7164445915406175e-05
38.0,-1.9660203128775923e-05
38.050000000000004,-1.1759015525884593e-05
38.1,-1.0248202468105496e-05
38.15,-9.737828060500828e-06
38.2,-8.630867857602411e-06
38.25,-9.722090129878388e-06
38.300000000000004,-8.619685030201941e-06
38.35,-1.1112820905394382e-05
38.400000000000006,-2.0794765140625478e-05
38.45,-1.6904277907981336e-05
38.5,2.5549377042797397e-06
38.550000000000004,6.519001837884267e-07
38.6,-1.562641072283619e-05
38.650000000000006,-1.553738952909026e-05
38.7,-9.461607285040781e-06
38.75,-6.981124071574641e-06
38.800000000000004,-7.696643228708765e-06
38.85,-1.0011103122859691e-05
38.900000000000006,-3.943102221364426e-06
38.95,-1.2705888257989121e-06
39.0,-8.381577783141655e-06
39.050000000000004,-7.309577632904143e-06
39.1,-6.638497057766496e-06
39.150000000000006,-1.1159328265527793e-05
39.2,-6.698488736232708e-06
39.25,6.145201518042574e-06
39.300000000000004,1.2399774006289562e-05
39.35,8.272378357688265e-06
39.400000000000006,-2.643632387033678e-06
39.45,-1.0566464397381265e-05
39.5,-5.115441517734841e-06
39.550000000000004,4.526659155985158e-06
39.6,3.787130097984144e-06
39.650000000000006,-2.1436542217289724e-06
39.7,8.693356284582137e-06
39.75,1.7932541257946283e-05
39.800000000000004,8.406043183818816e-06
39.85,-7.218659947934473e-07
39.900000000000006,-3.4623017580515226e-06
39.95,7.371382900056022e-06
40.0,1.7805363979232645e-05
40.050000000000004,3.285581795212294e-06
40.1,-2.650542334796103e-06
40.150000000000006,1.0577297809828268e-05
40.2,1.601951613466004e-05
40.25,2.0862757179351514e-05
40.300000000000004,1.532536258541662e-05
40.35,1.158465232261919e-05
40.400000000000006,1.6028759958238743e-05
40.45,1.1889076283226324e-05
40.5,5.952986814645046e-06
40.550000000000004,4.209367499798185e-06
40.6,1.304634714004434e-05
40.650000000000006,1.868971769408925e-05
40.7,1.7546250932986186e-05
40.75,1.2810037951992709e-05
40.800000000000004,8.27404951515187e-06
40.85,8.72939016727951e-06
40.900000000000006,9.98394399770401e-06
40.95,2.1819489221889408e-05
41.0,2.5471129309722774e-05
41.050000000000004,2.333443679502092e-05
41.1,2.6788201138648206e-05
41.150000000000006,1.6269011960454877e-05
41.2,1.1739619570511202e-05
41.25,1.3599318174707589e-05
41.300000000000004,1.286492713438255e-05
41.35,1.8918955597844467e-05
41.400000000000006,1.67894065855887e-05
41.45,1.5858785421630748e-05
41.5,2.251518927433244e-05
41.550000000000004,1.6795938376141704e-05
41.6,6.286888645355267e-06
41.650000000000006,5.3612150029683725e-06
41.7,1.0026398851970503e-05
41.75,1.070036146639226e-05
41.800000000000004,1.297268073272731e-05
41.85,1.923889948689091e-05
41.900000000000006,1.8918798454285674e-05
41.95,7.021715080495879e-06
42.0,-4.8739668162460006e-06
42.050000000000004,-3.193594105378608e-06
42.1,-3.1403601078748865e-07
42.150000000000006,2.5669535155200657e-06
42.2,1.6564670744118288e-06
42.25,-4.243251944872163e-06
42.300000000000004,3.9459471853853426e-08
42.35,1.7284714404387497e-06
42.400000000000006,-4.965399109391539e-06
42.45,-4.471238343872118e-06
42.5,-6.171518883983822e-06
42.550000000000004,-2.004759552926455e-05
42.6,-1.7752423870701646e-05
42.650000000000006,-5.674072867994212e-06
42.7,-5.571897667716912e-06
42.75,-1.475735274702653e-06
42.800000000000004,-3.9658254487915804e-06
42.85,-1.244329182485473e-05
42.900000000000006,-1.2534989768206185e-05
42.95,-1.4222279309613516e-05
43.0,-2.1896962535665963e-05
43.050000000000004,-2.617657310624074e-05
43.1,-1.6081628313239975e-05
43.150000000000006,-1.2572979099330723e-05
43.2,-1.6049886998392624e-05
43.25,-1.3935853276858248e-05
43.300000000000004,-1.960590022115365e-05
43.35,-2.22801730914473e-05
43.400000000000006,-1.596986722944588e-05
43.45,-1.2452988472163829e-05
43.5,-1.2128798905100813e-05
43.550000000000004,-1.2801408524394399e-05
43.6,-2.3853298162483134e-05
43.650000000000006,-3.091132565577139e-05
43.7,-2.25967550507196e-05
43.75,-1.9870437901384022e-05
43.800000000000004,-2.0536483991373005e-05
43.85,-1.880571553550856e-05
43.900000000000006,-1.2681869277829378e-05
43.95,-6.556748583255559e-06
44.0,-9.613206773919883e-06
44.050000000000004,-1.5063930431421343e-05
44.1,-1.4524589435195323e-05
44.150000000000006,-9.392580747341766e-06
44.2,-4.858215916275126e-06
44.25,1.0747685107009602e-06
44.300000000000004,1.8186713554869199e-06
44.35,-2.62651484832373e-06
44.400000000000006,1.9127253047518224e-06
44.45,4.2572674947298204e-06
44.5,1.2130706339309527e-06
44.550000000000004,8.351039364540079e-06
44.6,8.303609353265449e-06
44.650000000000006,-9.254984730267359e-07
44.7,7.81299082589708e-06
44.75,2.0744799797137356e-05
44.800000000000004,2.2299006980639995e-05
44.85,2.1259194854540405e-05
44.900000000000006,2.2616031011147102e-05
44.95,2.6369505635566458e-05
45.0,1.674906896735958e-05
45.050000000000004,5.7323355340263585e-06
45.1,9.08983409054737e-06
45.150000000000006,1.3246911709731973e-05
45.2,1.7804302602142587e-05
45.25,2.216311349776478e-05
45.300000000000004,1.694085903870774e-05
45.35,6.928576400729204e-06
45.400000000000006,4.9023856943859665e-06
45.45,7.268985750123532e-06
45.5,8.23917706224005e-06
45.550000000000004,7.613318055937192e-06
45.6,8.984681338005005e-06
45.650000000000006,9.758099517117573e-06
45.7,-4.4705145798509637e-07
45.75,-5.8602480572891054e-06
45.800000000000004,2.1024578616800587e-06
45.85,8.868272369945053e-06
45.900000000000006,6.052840788050083e-06
45.95,-1.3531772836587664e-06
46.0,-2.37031004435092e-06
46.050000000000004,4.798068164608222e-06
46.1,4.381399364711902e-06
46.150000000000006,3.166985789380002e-06
46.2,3.949587773668847e-06
46.25,3.411196026753306e-07
46.300000000000004,4.1195600065788245e-06
46.35,5.503162528676195e-06
46.400000000000006,2.997389388042338e-07
46.45,-1.1101219703370137e-06
46.5,1.2735601825045129e-06
46.550000000000004,5.254867830194318e-06
46.6,7.839375074642676e-06
46.650000000000006,5.234147718809444e-06
46.7,1.631334982632079e-06
46.75,-2.569828403260801e-06
46.800000000000004,-8.567124243531026e-06
46.85,-4.38294664991473e-06
46.900000000000006,2.796110430432316e-06
46.95,2.589419945485641e-06
47.0,2.183538477923938e-06
47.050000000000004,1.1791937301236518e-06
47.1,-1.6213945968408641e-06
47.150000000000006,1.167958163667289e-06
47.2,2.9595412158572315e-06
47.25,-9.821303737350766e-06
47.300000000000004,-1.8010392804726055e-05
47.35,-7.434218699207907e-06
47.400000000000006,-6.506570198759736e-07
47.45,-6.541286168156858e-07
47.5,4.133723342543804e-06
47.550000000000004,6.127056251016249e-06
47.6,-1.461463542788044e-06
47.650000000000006,-2.4620544193730545e-06
47.7,9.293742041018763e-07
47.75,-5.460711427413546e-06
47.800000000000004,-2.4681213853090185e-06
47.85,3.718695347321215e-06
47.900000000000006,9.22478011003144e-07
47.95,1.2270830544391177e-07
48.0,-2.7763758399092665e-07
48.050000000000004,-5.069616042231832e-06
48.1,-1.0859572245309605e-05
48.150000000000006,-4.6717505689570745e-06
48.2,-8.793050725460561e-07
48.25,-1.1659491108279985e-05
48.300000000000004,-6.2697402446373925e-06
48.35,3.3123208165431393e-06
48.400000000000006,1.9150328096382404e-06
48.45,2.3145289563858604e-06
48.5,-4.4724088898258394e-06
48.550000000000004,-9.462560598044023e-06
48.6,-9.06263657017893e-06
48.650000000000006,-1.0858463187128453e-05
48.7,-1.1656003621193131e-05
48.75,-1.3651151640616405e-05
48.800000000000004,-1.2651733696749829e-05
48.85,-7.2603548039223024e-06
48.900000000000006,-8.65612567312648e-06
48.95,-1.6240158533177566e-05
49.0,-1.2445262991110236e-05
49.050000000000004,-1.1644581581830264e-05
49.1,-1.3438852221054831e-05
49.150000000000006,-9.842983263695018e-06
49.2,-2.0819674452150956e-05
49.25,-2.8003225172544336e-05
49.300000000000004,-1.9416001258522893e-05
49.35,-9.830397584056229e-06
49.400000000000006,-7.0318609716288664e-06
49.45,-1.2218144417526693e-05
49.5,-1.5008630058574186e-05
49.550000000000004,-1.4405173023337398e-05
49.6,-8.611120225244114e-06
49.650000000000006,-6.60968128178601e-06
49.7,-8.60047437523786e-06
49.75,-4.003255481029784e-06
49.800000000000004,-2.599743493282011e-06
49.85,-5.78732023628093e-06
49.900000000000006,-5.58089511234865e-06
49.95,-1.3815802001328715e-06
50.0,3.6165971864157877e-06
50.050000000000004,7.816625693178475e-06
50.1,4.431189015352423e-06
50.150000000000006,5.6375429638880665e-06
50.2,5.846132000435281e-06
50.25,1.6632975489274378e-06
50.300000000000004,1.8726321233858623e-06
50.35,-3.1318536413859013e-07
50.400000000000006,1.1076010416324049e-05
50.45,2.2066321061373344e-05
50.5,1.5689440687952535e-05
50.550000000000004,7.715903873621613e-06
50.6,1.3916243886068659e-05
50.650000000000006,1.6922896748728498e-05
50.7,7.952261703089857e-06
50.75,9.562188722021921e-06
50.800000000000004,8.776905439329573e-06
50.85,9.189685977410227e-06
50.900000000000006,1.3794921730320259e-05
50.95,1.30104963279173e-05
51.0,1.961252527754499e-05
51.050000000000004,2.4018889208340145e-05
51.1,2.1837771425046815e-05
51.150000000000006,1.7261318337288153e-05
51.2,1.3882793619810689e-05
51.25,1.7291730316926645e-05
51.300000000000004,1.5909730827139392e-05
51.35,1.2930800323781654e-05
51.400000000000006,9.95192592181102e-06
51.45,1.535741423027713e-05
51.5,3.194201220350784e-05
51.550000000000004,2.8164607132690832e-05
51.6,1.4605399759960506e-05
51.650000000000006,1.7814756368050937e-05
51.7,1.9227321224654424e-05
51.75,1.3453125092723026e-05
51.800000000000004,1.3467889477190804e-05
51.85,8.292084951967313e-06
51.900000000000006,6.310008404644412e-06
51.95,1.3710058077948344e-05
52.0,1.5919414870691676e-05
52.050000000000004,1.912647584038122e-05
52.1,2.1534554241653692e-05
52.150000000000006,1.8751810883024983e-05
52.2,1.0977829239948076e-05
52.25,3.00361555676255e-06
52.300000000000004,1.0998919797275202e-05
52.35,1.7795768999025948e-05
52.400000000000006,8.222461198830855e-06
52.45,7.23233853174964e-06
52.5,8.636918455567344e-06
52.550000000000004,-1.4034775726036265e-07
52.6,6.635793327706278e-07
52.650000000000006,9.850896092236018e-06
52.7,4.464447591436929e-06
52.75,-5.314824263244856e-06
52.800000000000004,3.470156841588071e-06
52.85,6.864103704115378e-06
52.900000000000006,6.748116746127475e-07
52.95,-3.120128746908242e-06
53.0,-1.1108444375055866e-05
53.050000000000004,-1.0913287501644372e-05
53.1,-8.72312753823649e-06
53.150000000000006,-1.1724567557121072e-05
53.2,-1.592509209660652e-05
53.25,-2.252248794187767e-05
53.300000000000004,-2.6925354441686834e-05
53.35,-2.5939678448134058e-05
53.400000000000006,-2.0363986336395708e-05
53.45,-1.858263144870846e-05
53.5,-2.458816901457675e-05
53.550000000000004,-2.4805968574908585e-05
53.6,-2.30289535878102e-05
53.650000000000006,-3.4229161795842586e-05
53.7,-4.5031582619798146e-05
53.75,-4.066381343644721e-05
53.800000000000004,-2.6715411686864294e-05
53.85,-2.314908235569716e-05
53.900000000000006,-2.2578617472869225e-05
53.95,-2.56028899364856e-05
54.0,-3.8210701437365374e-05
54.050000000000004,-3.844305949890971e-05
54.1,-2.9493981772716625e-05
54.150000000000006,-2.932988772023642e-05
54.2,-2.976604649327411e-05
54.25,-1.8625183275340293e-05
54.300000000000004,-1.626923565733742e-05
54.35,-1.930451609267402e-05
54.400000000000006,-2.114330158897493e-05
54.45,-2.777437339689847e-05
54.5,-2.642156494832148e-05
54.550000000000004,-2.207551826320941e-05
54.6,-1.5734331917275486e-05
54.650000000000006,-7.79722156280155e-06
54.7,1.136971634040339e-06
54.75,2.883578788850534e-06
54.800000000000004,-9.544305128520878e-06
54.85,-1.3588775521158091e-05
54.900000000000006,-8.052024630251672e-06
54.95,-2.1168520516758453e-06
55.0,6.013433098062904e-06
55.050000000000004,1.3544099526553402e-05
55.1,1.6881908228793557e-05
55.150000000000006,8.64070610288772e-06
55.2,1.5966758662882877e-06
55.25,2.5371879591509757e-06
55.300000000000004,6.07236081899753e-06
55.35,5.814177438768927e-06
55.400000000000006,4.357839423182848e-06
55.45,1.0886241855742292e-05
55.5,1.8013231460742274e-05
55.550000000000004,2.573885652357866e-05
55.6,2.1287031312148527e-05
55.650000000000006,1.2044004768666832e-05
55.7,1.5776633289226675e-05
55.75,1.1923372181978995e-05
55.800000000000004,3.4786715064221354e-06
55.85,1.2002298871820656e-05
55.900000000000006,2.3720026729316826e-05
55.95,1.906844066073401e-05
56.0,1.6014016447920272e-05
56.050000000000004,1.6952315712410533e-05
56.1,1.7291950427546002e-05
56.150000000000006,2.0226987030586565e-05
56.2,1.8770508810645802e-05
56.25,1.7713595044701915e-05
56.300000000000004,1.4061866726276913e-05
56.35,1.5201551121584713e-05
56.400000000000006,1.8737146257998592e-05
56.45,1.8480233384727352e-05
56.5,2.2216287378319884e-05
56.550000000000004,2.3756884983256058e-05
56.6,1.851061730807067e-05
56.650000000000006,1.1867427313527299e-05
56.7,1.5605322283691407e-05
56.75,1.6748548750145197e-05
56.800000000000004,1.070568837800587e-05
56.85,8.456232974710004e-06
56.900000000000006,8.403165686912679e-06
56.95,1.833194021525305e-05
57.0,2.047574117588856e-05
57.050000000000004,9.245002939446472e-06
57.1,4.602424261999307e-06
57.150000000000006,-2.834479709267389e-06
57.2,-6.278402317029769e-06
57.25,-1.5371912261076943e-06
57.300000000000004,4.2025599346091225e-06
57.35,1.433449082675011e-05
57.400000000000006,1.1491022309582893e-05
57.45,-3.3532884174548725e-07
57.5,-3.976660310033586e-06
57.550000000000004,-5.621440493480972e-06
57.6,-1.2771583756654036e-06
57.650000000000006,-1.9233360041091356e-06
57.7,-7.759634618312504e-06
57.75,-4.213312899526005e-06
57.800000000000004,-6.799988131388409e-08
57.85,-1.1129198174958702e-06
57.900000000000006,-5.950723339747369e-06
57.95,-2.204572780128253e-06
58.0,1.4413493782641677e-07
58.050000000000004,-1.1281523238000397e-05
58.1,-5.539394224189677e-06
58.150000000000006,9.185765719482556e-06
58.2,5.543223657796198e-07
58.25,-3.6856070536870974e-06
58.300000000000004,-3.13481641519103e-06
58.35,-1.2565758494708362e-05
58.400000000000006,-6.226588508748557e-06
58.45,8.496442098855201e-06
58.5,3.6554920357966823e-06
58.550000000000004,-4.978948776956429e-06
58.6,2.1565241582841416e-06
58.650000000000006,9.06984098800543e-07
58.7,-3.3376871078885246e-06
58.75,1.998967707672275e-06
58.800000000000004,7.471060761956818e-07
58.85,-1.104507655104417e-06
58.900000000000006,3.231399828022831e-06
58.95,-2.215384963617549e-06
59.0,-4.269520449326436e-06
59.050000000000004,7.0503025668772215e-06
59.1,1.0014692645356572e-06
59.150000000000006,9.40305677133652e-07
59.2,1.1258566157753884e-05
59.25,8.799468883632582e-06
59.300000000000004,9.33351483635951e-06
59.35,4.476329450160603e-06
59.400000000000006,-1.3803268001275485e-06
59.45,2.942629188834756e-06
59.5,5.267913605715865e-06
59.550000000000004,-1.1918241246266145e-06
59.6,2.1287071243519643e-06
59.650000000000006,1.7026125609066428e-05
59.7,1.3556345526916024e-05
59.75,3.29771682681638e-06
59.800000000000004,-3.768424788453379e-06
59.85,-9.837993217206677e-06
59.900000000000006,-3.3326309970075786e-06
59.95,5.367042786210171e-06
60.0,-7.072819834019272e-07
60.050000000000004,-7.182460476950722e-06
60.1,7.139091685975213e-07
60.150000000000006,-2.3708120824023896e-06
60.2,-1.1445943555901617e-05
60.25,-7.946159847337028e-06
60.300000000000004,-4.248330441604752e-06
60.35,-8.93640710299609e-06
60.400000000000006,-1.7818205069126683e-05
60.45,-1.4324657184427422e-05
60.5,-7.43895977710462e-06
60.550000000000004,-7.940949673576449e-06
60.6,-1.1239174980899408e-05
60.650000000000006,-2.212465345478518e-05
60.7,-1.6043218252029664e-05
60.75,1.4156111237485858e-06
60.800000000000004,-4.682862847665125e-06
60.85,-1.1980361381501418e-05
60.900000000000006,-1.3689514960338247e-05
60.95,-1.9791625858935573e-05
61.0,-1.5114980592804823e-05
61.050000000000004,-2.8535542027326553e-06
61.1,-9.158433221112024e-06
61.150000000000006,-1.7260878093193424e-05
61.2,-9.793264977793679e-06
61.25,-1.8296602567883654e-05
61.300000000000004,-2.8198040307967972e-05
61.35,-1.7937776873757064e-05
61.400000000000006,-1.5663152024780645e-05
61.45,-1.598415277908927e-05
61.5,-3.928663548592658e-06
61.550000000000004,-4.849237163109234e-06
61.6,-1.2756971917949123e-05
61.650000000000006,-9.884965884630284e-06
61.7,-1.9589494207369132e-05
61.75,-2.3105515311535986e-05
61.800000000000004,-1.3246356545446167e-05
61.85,-1.5364558097939618e-05
61.900000000000006,-1.8680156332916434e-05
61.95,-1.4808711083189907e-05
62.0,-1.0737066233257474e-05
62.050000000000004,-1.0457658163036056e-05
62.1,-7.781940883519974e-06
62.150000000000006,-1.1693025821560544e-05
62.2,-1.1211315242510762e-05
62.25,6.502475445212416e-07
62.300000000000004,-5.65303662111496e-06
62.35,-1.4749772760892838e-05
62.400000000000006,-1.2665955345914402e-05
62.45,-8.584320590715305e-06
62.5,-4.9002840665691154e-06
62.550000000000004,-2.1634712893628143e-07
62.6,1.674684142745951e-06
62.650000000000006,2.569561292457751e-06
62.7,1.0253847481626224e-05
62.75,4.36568600067953e-06
62.800000000000004,-3.224143661960594e-07
62.85,1.3756832925266343e-05
62.900000000000006,1.0870281484888478e-05
62.95,5.590808266694537e-06
63.0,9.896136217193065e-06
63.050000000000004,7.217313227301982e-06
63.1,1.2526464167742282e-05
63.150000000000006,1.284791978220677e-05
63.2,8.780649943195633e-06
63.25,1.1903111410320078e-05
63.300000000000004,1.6426201793093037e-05
63.35,2.015410319515257e-05
63.400000000000006,1.7497334142638125e-05
63.45,1.664067864646638e-05
63.5,1.598719019150266e-05
63.550000000000004,1.4339172878375324e-05
63.6,1.4890722975216706e-05
63.650000000000006,1.7043018368076207e-05
63.7,1.9598351788490253e-05
63.75,2.0161249456053937e-05
63.800000000000004,2.092765640557316e-05
63.85,1.231551552773515e-05
63.900000000000006,6.502117544356637e-06
63.95,1.5265494633291066e-05
64.0,1.2454528613405464e-05
64.05,4.656938508997783e-06
64.10000000000001,1.3232842951138648e-05
64.15,1.8419176679468837e-05
64.2,1.7221544767544663e-05
64.25,1.5828393396063743e-05
64.3,1.563711395348141e-05
64.35000000000001,1.6647703426036557e-05
64.4,7.2817831013985696e-06
64.45,6.903167379125786e-06
64.5,1.0321534483379772e-05
64.55,-6.292026902321768e-07
64.60000000000001,-3.968048023694555e-07
64.65,5.0298833728653705e-06
64.7,-3.1934200191742393e-07
64.75,-1.2728645675412583e-06
64.8,8.557335509046648e-06
64.85000000000001,6.4137190215807406e-06
64.9,-3.112347553246562e-06
64.95,3.135816297086954e-06
65.0,2.600284206304661e-06
65.05,-8.711556068082038e-06
65.10000000000001,-1.1036698416776512e-05
65.15,-5.373357990818981e-06
65.2,-4.8970065409410065e-06
65.25,5.732485491318926e-07
65.3,1.1636195519764963e-05
65.35000000000001,3.13872452890767e-06
65.4,-6.7532013040030346e-06
65.45,-1.2450129255262466e-05
65.5,-1.135701689164374e-05
65.55,1.5166992808499761e-06
65.60000000000001,1.2175163500852636e-06
65.65,2.318090229143184e-06
65.7,8.611210662659266e-06
65.75,-6.64467443416644e-07
65.8,-6.9437571235208735e-06
65.85000000000001,-3.4394726702739034e-06
65.9,-5.72266495481379e-06
65.95,-7.2057816385868534e-06
66.0,4.288285001446934e-06
66.05,1.8378779395327803e-05
66.10000000000001,1.7298741171759897e-05
66.15,4.641305345381259e-06
66.2,-1.6272454779370111e-06
66.25,5.080625237888783e-06
66.3,9.393472663193439e-06
66.35000000000001,9.714118731027807e-06
66.4,1.3428602274105831e-05
66.45,6.363235364995345e-06
66.5,6.48428898615619e-06
66.55,9.599426412569055e-06
66.60000000000001,-1.06019661494503e-06
66.65,-5.132787887894794e-06
66.7,-6.211806188144177e-06
66.75,1.0925076851922995e-06
66.8,8.794897701330678e-06
66.85000000000001,5.316819862696543e-06
66.9,8.4249111817893e-06
66.95,8.736525154860249e-06
67.0,-6.125390942949529e-06
67.05,-8.612472892693127e-06
67.10000000000001,2.672495925582347e-06
67.15,-9.600921574200037e-06
67.2,-1.3093309560070114e-05
67.25,4.17278612970352e-06
67.3,-1.5211356641336446e-06
67.35000000000001,-5.6211122687607435e-06
67.4,1.2551619937767334e-06
67.45,-1.1036168241587138e-05
67.5,-1.4347848198654212e-05
67.55,5.693109982206093e-06
67.60000000000001,3.571571067953441e-06
67.65,-1.991411457031699e-05
67.7,-2.024726288644017e-05
67.75,-1.2400058281950377e-05
67.8,-5.555497075441974e-06
67.85000000000001,6.075458502481808e-06
67.9,3.128836634867296e-06
67.95,-4.216084029208442e-07
68.0,-5.374523270178171e-06
68.05,-1.15304158013313e-05
68.10000000000001,-8.109554843796899e-06
68.15,-9.485218101365405e-06
68.2,-9.469089824438091e-06
68.25,-3.869121133111819e-06
68.3,-6.858950747640501e-06
68.35000000000001,-7.059946439680807e-06
68.4,-4.072961223136795e-06
68.45,-9.875722813910316e-06
68.5,-1.1292941768015407e-05
68.55,-3.134407257379693e-06
68.60000000000001,-3.765899481516867e-06
68.65,-1.5183772809316788e-05
68.7,-7.643670220500666e-06
68.75,-5.6997962768477755e-06
68.8,-7.954829361956389e-06
68.85000000000001,5.154622158121912e-06
68.9,3.6844386571506645e-06
68.95,-4.979229236649889e-06
69.0,-4.666633515646787e-06
69.05,-1.1669995913338526e-06
69.10000000000001,-8.05500325969559e-06
69.15,-6.964980953673329e-06
69.2,1.1285891097441271e-05
69.25,1.9548313566145647e-05
69.3,1.3031226719685361e-05
69.35000000000001,5.908150075384309e-06
69.4,-2.2389675014115836e-07
69.45,-1.1752971041767379e-05
69.5,-1.151112768749893e-05
69.55,-2.293123359084802e-06
69.60000000000001,-4.683497662835371e-07
69.65,4.1442102343612415e-06
69.7,1.3540870135535425e-05
69.75,1.1551885653554863e-05
69.8,-2.221940982224113e-06
69.85000000000001,5.357549476955147e-06
69.9,1.9717650281030457e-05
69.95,8.119597122338427e-06
70.0,-2.486869166386677e-06
70.05,2.0718660467695103e-06
70.10000000000001,7.223124540743805e-06
70.15,1.4164774952669063e-05
70.2,2.2098422367897023e-05
70.25,1.4255512498362069e-05
70.3,7.4048484799018385e-06
70.35000000000001,1.4921580418848062e-05
70.4,1.5845007447667288e-05
70.45,1.1173415361402445e-05
70.5,1.508048496061279e-05
70.55,1.4790248248472096e-05
70.60000000000001,6.709590604059357e-06
70.65,1.0402146660434524e-05
70.7,1.6286004386439938e-05
70.75,1.6575903074283847e-05
70.8,1.6861604203457265e-05
70.85000000000001,1.1953014316214068e-05
70.9,8.637672562256358e-06
70.95,1.5100515259167774e-05
71.0,1.9364150844409703e-05
71.05,1.5040753663304987e-05
71.10000000000001,1.4307824394682855e-05
71.15,1.896226289160418e-05
71.2,1.602857231384696e-05
71.25,2.9118716447308226e-06
71.3,-7.81105433665984e-06
71.35000000000001,-4.3619217955978e-06
71.4,2.87895415151898e-06
71.45,3.331638589778741e-06
71.5,9.17369136993073e-06
71.55,1.6013631546279463e-05
71.60000000000001,5.4860893869713165e-06
71.65,-1.3225760299377839e-05
71.7,-1.2573044108893538e-05
71.75,-3.3352819204054223e-06
71.8,-8.269611957183387e-06
71.85000000000001,-1.0207749142586699e-05
71.9,-6.753806169004079e-06
71.95,-6.691006132184449e-06
72.0,-6.365013767544342e-07
72.05,-7.75411124766455e-06
72.10000000000001,-2.0657247158196174e-05
72.15,-2.377460447621809e-05
72.2,-2.928303778890972e-05
72.25,-2.141160475436818e-05
72.3,-9.741997673504773e-06
72.35000000000001,-1.902756245309482e-05
72.4,-2.391524247622042e-05
72.45,-1.46228894022872e-05
72.5,-2.7082953078858154e-05
72.55,-2.9953552443327256e-05
72.60000000000001,-1.784432391507295e-05
72.65,-2.9482486324404674e-05
72.7,-2.9333980594326457e-05
72.75,-1.5002841117139871e-05
72.8,-2.3619262785208055e-05
72.85000000000001,-4.2207040768784125e-05
72.9,-3.123956677378452e-05
72.95,-3.0242556720026598e-05
73.0,-4.280885092861742e-05
73.05,-3.220661870089216e-05
73.10000000000001,-3.197276313052725e-05
73.15,-2.9729958829366503e-05
73.2,-1.8091558735634406e-05
73.25,-2.201050505693497e-05
73.3,-3.809269630801011e-05
73.35000000000001,-4.417908782865791e-05
73.4,-4.1067752792056046e-05
73.45,-3.654371603163465e-05
73.5,-2.0225942028804704e-05
73.55,-1.3474106388719618e-05
73.60000000000001,-2.367399422771457e-05
73.65,-3.086248613302526e-05
73.7,-3.0248127572647357e-05
73.75,-2.562343572099491e-05
73.8,-2.5372358381927064e-05
73.85000000000001,-2.729861623231073e-05
73.9,-2.042234718931827e-05
73.95,-1.8916711263188347e-05
74.0,-2.497725361441565e-05
74.05,-1.8640923918593783e-05
74.10000000000001,-1.0288000023169782e-05
74.15,-1.8483482299820486e-05
74.2,-2.705727129469597e-05
74.25,-2.023853511453315e-05
74.3,-1.5394551810947517e-05
74.35000000000001,-1.6916853699484665e-05
74.4,-1.6420855101702942e-05
74.45,-1.2908188459187659e-05
74.5,-7.17714664806527e-06
74.55,-5.2163440595410975e-06
74.60000000000001,-5.628210981315505e-06
74.65,-7.414450515092689e-06
74.7,-1.943121235709894e-07
74.75,3.455820163282453e-06
74.8,4.534183428826738e-06
74.85000000000001,9.029670637055462e-06
74.9,1.9703091238040238e-06
74.95,-5.864002432017324e-06
75.0,-7.286675923659097e-06
75.05,-7.687653183250083e-06
75.10000000000001,-1.405391696657458e-05
75.15,-1.6317685504794882e-06
75.2,1.241077781091011e-05
75.25,8.11090274176975e-06
75.3,1.2617752134677744e-05
75.35000000000001,1.1757638541333449e-05
75.4,9.922165778873469e-06
75.45,6.112978392607622e-06
75.5,-1.2671888089623698e-06
75.55,-1.0394966011715509e-06
75.60000000000001,2.0805441163387446e-07
75.65,6.46766926660437e-06
75.7,5.960983195815764e-06
75.75,5.674546734174371e-06
75.8,8.602337823598763e-06
75.85000000000001,5.960305218968246e-06
75.9,9.725582828400177e-06
75.95,1.0515174769074465e-05
76.0,3.537475995317715e-06
76.05,3.963557516201769e-06
76.10000000000001,8.598766121095593e-06
76.15,1.125400965238367e-05
76.2,1.2327856879182917e-05
76.25,1.181958945223561e-05
76.3,7.732185149338294e-06
76.35000000000001,-1.3476758794570862e-07
76.4,2.9903178487388384e-06
76.45,8.921880339094e-06
76.5,8.476190286272535e-06
76.55,1.6025480991169206e-05
76.60000000000001,1.839341533350217e-05
76.65,7.79355473204089e-06
76.7,5.784609373689474e-06
76.75,1.835434459773857e-05
76.80000000000001,2.154643112581091e-05
76.85000000000001,1.8553791299645688e-05
76.9,2.5944330638884477e-05
76.95,2.0959388113822687e-05
77.0,1.158284294253795e-05
77.05000000000001,1.8574677510412138e-05
77.10000000000001,2.636271527127393e-05
77.15,2.85575963708952e-05
77.2,3.074755739776003e-05
77.25,3.173348613537069e-05
77.30000000000001,2.871922640350706e-05
77.35000000000001,3.288249129632097e-05
77.4,4.362297013563591e-05
77.45,4.616680426338477e-05
77.5,4.370654836158424e-05
77.55000000000001,4.562317340037001e-05
77.60000000000001,4.692447794816731e-05
77.65,4.181973084289778e-05
77.7,4.3882007671840333e-05
77.75,5.131307927624551e-05
77.80000000000001,5.253297121269199e-05
77.85000000000001,5.6124027474119964e-05
77.9,6.02879678919059e-05
77.95,6.043171857398093e-05
78.0,6.0546156980045824e-05
78.05000000000001,6.162774241603457e-05
78.10000000000001,6.0480754928008104e-05
78.15,6.049715926498683e-05
78.2,6.387115010212829e-05
78.25,6.38136973093816e-05
78.30000000000001,5.8526443390124273e-05
78.35000000000001,6.158231345759256e-05
78.4,7.1781827261412e-05
78.45,7.23545925637677e-05
78.5,7.328024864090226e-05
78.55000000000001,7.41578305085189e-05
78.60000000000001,7.39874978616653e-05
78.65,7.456419737649797e-05
78.7,6.450749793159951e-05
78.75,6.178216139657944e-05
78.80000000000001,7.037906746130825e-05
78.85000000000001,7.672192816116057e-05
78.9,8.021023375310786e-05
78.95,7.605132561847296e-05
79.0,7.083131092803286e-05
79.05000000000001,6.714377936317064e-05
79.10000000000001,6.778197407143569e-05
79.15,7.673692931155726e-05
79.2,7.743812058231936e-05
79.25,6.688969821720396e-05
79.30000000000001,5.946340427841224e-05
79.35000000000001,5.9150410246208154e-05
79.4,6.45519964578398e-05
79.45,6.84803003046577e-05
79.5,7.033519780349445e-05
79.55000000000001,6.851847681109755e-05
79.60000000000001,6.28293644367175e-05
79.65,6.145147739041353e-05
79.7,5.7396828531104785e-05
79.75,5.365884184677687e-05
79.80000000000001,5.582615279268409e-05
79.85000000000001,5.531393569604612e-05
79.9,5.431729165572218e-05
79.95,5.4831761369398345e-05
80.0,5.4660785884367065e-05
80.05000000000001,5.26060131901563e-05
80.10000000000001,4.866692770661683e-05
80.15,4.38412255901964e-05
80.2,4.6113629618222925e-05
80.25,5.0892437337774014e-05
80.30000000000001,3.981176089348449e-05
80.35000000000001,2.824277525600637e-05
80.4,2.6566066257134724e-05
80.45,2.3802211969339356e-05
80.5,2.2147270397865296e-05
80.55000000000001,2.1801123290211787e-05
80.60000000000001,2.695629077858198e-05
80.65,2.9628139686142683e-05
80.7,2.482654392947339e-05
80.75,1.933947819200532e-05
80.80000000000001,1.3766582326393765e-05
80.85000000000001,3.916552820694169e-06
80.9,-4.021197018883095e-06
80.95,3.129804266368352e-06
81.0,-7.803954428440705e-07
81.05000000000001,-6.966895080166343e-06
81.10000000000001,-8.441322247959393e-06
81.15,-2.1371929701602713e-05
81.2,-2.0604045915748544e-05
81.25,-2.2505313514382108e-05
81.30000000000001,-2.5476817098088214e-05
81.35000000000001,-2.7520265474047395e-05
81.4,-3.781636146670203e-05
81.45,-4.478446757393003e-05
81.5,-4.602666767316735e-05
81.55000000000001,-4.054231000703358e-05
81.60000000000001,-4.849108782620971e-05
81.65,-5.3500811658756705e-05
81.7,-5.077753605885158e-05
81.75,-5.0698846800838375e-05
81.80000000000001,-5.34612210512489e-05
81.85000000000001,-6.624795649147782e-05
81.9,-7.388399005723982e-05
81.95,-7.357101067544762e-05
82.0,-7.4687832478803e-05
82.05000000000001,-8.701239729535956e-05
82.10000000000001,-8.838218764849079e-05
82.15,-8.51812338196536e-05
82.2,-8.778598338671479e-05
82.25,-8.740856048861131e-05
82.30000000000001,-0.00010300913161643904
82.35000000000001,-0.00011661673175291821
82.4,-0.00012523230754809742
82.45,-0.00013444065219936547
82.5,-0.00013705030920375664
82.55000000000001,-0.00013125963883844563
82.60000000000001,-0.00012764376810763442
82.65,-0.00014116950956683327
82.7,-0.00015426435316597044
82.75,-0.0001595366646533797
82.80000000000001,-0.00016077382364340778
82.85000000000001,-0.000161962736822173
82.9,-0.0001690864846730002
82.95,-0.00017355527666283128
83.0,-0.00017755909417202766
83.05000000000001,-0.0001852841022727778
83.10000000000001,-0.0001895376387461681
83.15,-0.00019350756999725067
83.2,-0.000201978703325986
83.25,-0.00020895591185531736
83.30000000000001,-0.00020505034091059418
83.35000000000001,-0.00020303167918005503
83.4,-0.00020389155909064177
83.45,-0.00020782305118090646
83.5,-0.0002140210419460675
83.55000000000001,-0.0002156915618327374
83.60000000000001,-0.00022460592178068483
83.65,-0.00022917903104318645
83.7,-0.000230601904893372
83.75,-0.00023006553697194892
83.80000000000001,-0.00023195493848118074
83.85000000000001,-0.00023406741708393138
83.9,-0.00022701370179729815
83.95,-0.00022915268892814423
84.0,-0.00023468840673027014
84.05000000000001,-0.00024061967826286273
84.10000000000001,-0.00023675877389210253
84.15,-0.000230485176485568
84.2,-0.0002361653529115119
84.25,-0.0002390202589406863
84.30000000000001,-0.00023804516941258857
84.35000000000001,-0.0002352298229911572
84.4,-0.00023356215870757102
84.45,-0.00023303578176432922
84.5,-0.00023544102111574476
84.55000000000001,-0.00022959253293169975
84.60000000000001,-0.00021787971047170253
84.65,-0.0002154681835653111
84.7,-0.0002155647139299978
84.75,-0.00022055902817717771
84.80000000000001,-0.00022405738828004305
84.85000000000001,-0.000220863953810044
84.9,-0.00021616363587993495
84.95,-0.00020516014273109365
85.0,-0.00019822900043418629
85.05000000000001,-0.00019177200683808738
85.10000000000001,-0.00018059411894203153
85.15,-0.0001742728819444538
85.2,-0.00016861176445005197
85.25,-0.0001606121979120478
85.30000000000001,-0.00016224785354883406
85.35000000000001,-0.000166528046220598
85.4,-0.00015907611335154513
85.45,-0.0001524652813450285
85.5,-0.00014429698595977083
85.55000000000001,-0.00013396955522868172
85.60000000000001,-0.00012986479228019795
85.65,-0.00012539273301113884
85.7,-0.00011595995582206236
85.75,-0.00010695467247637928
85.80000000000001,-9.997246671526914e-05
85.85000000000001,-9.281630151924822e-05
85.9,-8.76812366619304e-05
85.95,-8.09734544113906e-05
86.0,-6.830094343252714e-05
86.05000000000001,-5.12608262708102e-05
86.10000000000001,-3.883675539287169e-05
86.15,-2.7436211075878733e-05
86.2,-1.546328457481443e-05
86.25,-6.3130902185950555e-06
86.30000000000001,1.0107019108766226e-06
86.35000000000001,1.0698098100617686e-05
86.4,2.8535759209959972e-05
86.45,4.1744660348500855e-05
86.5,4.8325267586367e-05
86.55000000000001,6.424410865433782e-05
86.60000000000001,8.530499593399088e-05
86.65,0.0001013225456853042
86.7,0.00012127518719376358
86.75,0.00014016706379892091
86.80000000000001,0.00015300192601651121
86.85000000000001,0.00016855739792449853
86.9,0.00018343345424817436
86.95,0.0001990207208126151
87.0,0.00021830643991902835
87.05000000000001,0.00023389684442688766
87.10000000000001,0.00025037539063420077
87.15,0.0002785135727630556
87.2,0.00030592574198548073
87.25,0.00032242174681510285
87.30000000000001,0.00033797337183850545
87.35000000000001,0.0003525706497173843
87.4,0.00037219202998335643
87.45,0.0003968267565756
87.5,0.0004150849396119018
87.55000000000001,0.0004361378922927759
87.60000000000001,0.0004591751910886354
87.65,0.0004769979677347576
87.7,0.0004909909454970749
87.75,0.0005097250550785485
87.80000000000001,0.0005401738489389282
87.85000000000001,0.0005663534098565134
87.9,0.000582460453864737
87.95,0.0006016559295005542
88.0,0.0006243243195874845
88.05000000000001,0.0006486538852980391
88.10000000000001,0.000676026606574111
88.15,0.0006980424313822282
88.2,0.0007200752818266503
88.25,0.0007403122211330432
88.30000000000001,0.0007587366837284833
88.35000000000001,0.0007787255037627194
88.4,0.0007990638441487007
88.45,0.000822329547003433
88.5,0.0008377252179065536
88.55000000000001,0.0008564122337057248
88.60000000000001,0.0008861581173986381
88.65,0.0009119727260474613
88.7,0.0009352351747370341
88.75,0.000955128533848486
88.80000000000001,0.0009642480497782382
88.85000000000001,0.0009809407495539795
88.9,0.0010085815332955754
88.95,0.0010295843797168388
89.0,0.0010517158480241845
89.05000000000001,0.0010705652051070454
89.10000000000001,0.0010891078991097862
89.15,0.001114112291718124
89.2,0.00113158554706621
89.25,0.0011449024253250154
89.30000000000001,0.0011638258140751088
89.35000000000001,0.0011821485162680338
89.4,0.0011936634386023213
89.45,0.0012117270677278076
89.5,0.0012333266174776487
89.55000000000001,0.0012492610327165382
89.60000000000001,0.00126330521221086
89.65,0.0012786353899999318
89.7,0.0013016220732550222
89.75,0.0013192722052657979
89.80000000000001,0.001328973624509676
89.85000000000001,0.0013452824092144225
89.9,0.0013568034510820159
89.95,0.001370308064653933
90.0,0.0013845828632340395
90.05000000000001,0.0013948215786106469
90.10000000000001,0.0014133863015984172
90.15,0.0014155089390219618
90.2,0.0014291234250215208
90.25,0.0014284645089078737
90.30000000000001,0.0014506499953261995
90.35000000000001,0.0014475574711720004
90.4,0.0014403356911323246
90.45,0.0013704827956499402
90.5,0.001236391258222149
90.55000000000001,0.001185575619690129
90.60000000000001,0.0009171886478206578
90.65,0.0008933585019014733
90.7,0.0008052542415185068
90.75,0.0005067417165009408
90.80000000000001,0.00043679449479195036
90.85000000000001,0.0004550691011368144
90.9,0.0008370460466046963
90.95,-0.00011590560128344661
91.0,-0.0005787983175991223
91.05000000000001,0.0011765371042445063
91.10000000000001,-0.0006584502169826232
91.15,-0.001950681923288175
91.2,0.0009602042635188166
91.25,-0.00047701647882813304
91.30000000000001,-0.0017601527222015712
91.35000000000001,0.0001265645771230722
91.4,-0.00037447901428437223
91.45,-0.0009166626582521293
91.5,-0.0019191978662252023
91.55000000000001,-0.004674264489677509
91.60000000000001,-0.004922412284691254
91.65,-0.006384282782937216
91.7,-0.010373413247816042
91.75,-0.010455812935705714
91.80000000000001,-0.011520538036835695
91.85000000000001,-0.014525986589903592
91.9,-0.017932821699125575
91.95,-0.01612212653486131
92.0,-0.013518421638982096
92.05000000000001,-0.01697369206971457
92.10000000000001,-0.010142256818057893
92.15,-0.0025846396249214515
92.2,-0.004881657492002329
92.25,-0.0018153205156111202
92.30000000000001,0.010297909028340676
92.35000000000001,0.012167686253568245
92.4,0.0033875905496884534
92.45,0.00839199773194724
92.5,0.00611508153982944
92.55000000000001,-0.01069419063664881
92.60000000000001,-0.0094157326869389
92.65,0.004079445864581001
92.7,0.002338651950762699
92.75,-0.0015904643087372528
92.80000000000001,0.003698014476376209
92.85000000000001,-0.013375693869243636
92.9,-0.025480819902141103
92.95,-0.020985267746696946
93.0,-0.021086413695519772
93.05000000000001,-0.012798090889251334
93.10000000000001,-0.008254206369274228
93.15,-0.017097520660577466
93.2,-0.025048083358264552
93.25,-0.013688473061550327
93.30000000000001,-0.0027959182777633567
93.35000000000001,0.017832547524584866
93.4,0.046597538374080504
93.45,0.041573799528628365
93.5,0.029746347273736498
93.55000000000001,0.011560375824735684
93.60000000000001,-0.005413631310698346
93.65,0.010900830304397221
93.7,0.02784499450021367
93.75,0.03649495654877339
93.80000000000001,0.036258048101183354
93.85000000000001,0.015947790369823436
93.9,0.005947848466738935
93.95,0.0032271080592519742
94.0,-0.006662617789612544
94.05000000000001,0.014951050879277502
94.10000000000001,0.012154186882435358
94.15,-0.029684056914356053
94.2,-0.01716313776589473
94.25,-0.009503008505776307
94.30000000000001,-0.021556503145908762
94.35000000000001,0.016468022403148992
94.4,0.0378045102804986
94.45,0.010873171835361297
94.5,0.01441952304809742
94.55000000000001,0.018520878536623216
94.60000000000001,-0.006295687846838766
94.65,-0.001897954913940399
94.7,0.004605333557857143
94.75,0.005386415076989131
94.80000000000001,-0.0006863821748673985
94.85000000000001,-0.013422600436648686
94.9,-0.002002400207252085
94.95,0.005589508116126789
95.0,0.001644336809575543
95.05000000000001,-0.0009992863413513266
95.10000000000001,-0.015696402673955067
95.15,-0.03432796908755998
95.2,-0.02941989953372599
95.25,-0.02526340761927118
95.30000000000001,-0.01789049755382672
95.35000000000001,0.00249913076124477
95.4,-0.0082316645168542
95.45,-0.007410391795257174
95.5,0.02002781279243672
95.55000000000001,0.015606791936247165
95.60000000000001,0.0059352437720124095
95.65,0.022191928720064223
95.7,0.025593700023104248
95.75,-0.00038397014717870187
95.80000000000001,-0.00431554525538966
95.85000000000001,0.005694915841446308
95.9,-0.0028129470847003055
95.95,-0.007557356619008378
96.0,-0.0023083500218499366
96.05000000000001,0.0019897176863698934
96.10000000000001,-0.009263679039883252
96.15,-0.006015881259424354
96.2,-0.009921438100386183
96.25,-0.020135130177986304
96.30000000000001,-0.004390235961954137
96.35000000000001,0.007839101548595524
96.4,0.008051161071581402
96.45,-0.005900251647489096
96.5,0.003824772083860627
96.55000000000001,0.010103295326506062
96.60000000000001,0.002216935957834395
96.65,-0.011466941959533539
96.7,-0.02047970007986335
96.75,0.017768694709219893
96.80000000000001,0.02541788424452706
96.85000000000001,0.005896856236373654
96.9,0.011049955011330957
96.95,0.00938240738703844
97.0,-0.01730160348343422
97.05000000000001,-0.028584188981874183
97.10000000000001,-0.01250589862928061
97.15,-0.011281481375153102
97.2,-0.009590765441045234
97.25,0.00936266291961472
97.30000000000001,0.020048885466323416
97.35000000000001,0.005664481995349222
97.4,0.008837609983753698
97.45,0.013019173553844994
97.5,-0.006451969623723068
97.55000000000001,-0.012909126506311201
97.60000000000001,-0.014097240508920923
97.65,-0.011757470758509461
97.7,-0.001404009006648861
97.75,0.018805490913373288
97.80000000000001,0.020990898442612444
97.85000000000001,0.011193914625810262
97.9,0.001912579433450667
97.95,-0.03940730687872333
98.0,-0.040195124208327916
98.05000000000001,0.013189033734139185
98.10000000000001,0.016891758154757453
98.15,0.00890626143360784
98.2,0.017237813903271858
98.25,0.0031028515922291336
98.30000000000001,0.0039010950811134894
98.35000000000001,0.0015918311180121822
98.4,-0.0042713210336169675
98.45,-0.002756597346185314
98.5,-0.015864514283114188
98.55000000000001,-0.014527586742182835
98.60000000000001,-0.003451638998315958
98.65,0.0027564004842406445
98.7,0.01881701765457918
98.75,0.026963187157848928
98.80000000000001,0.0030312329318092192
98.85000000000001,-0.004772512989632724
98.9,0.01323584378381253
98.95,0.010090822298839714
99.0,-0.003032468799979484
99.05000000000001,-0.004950217787685179
99.10000000000001,-0.0029021160057498964
99.15,-0.015766113772171703
99.2,-0.01249422626230847
99.25,0.015384107458386382
99.30000000000001,0.023186142167051896
99.35000000000001,0.02041690642315777
99.4,-1.9759069536453583e-05
99.45,-0.03089257811939707
99.5,-0.028826193939645695
99.55000000000001,-0.02696251047727616
99.60000000000001,-0.018959190701369356
99.65,0.01480689314299937
99.7,0.022818164348563076
99.75,0.01504877580099661
99.80000000000001,0.00931682750931457
99.85000000000001,0.0008562083783041343
99.9,-0.007853527918766427
99.95,-0.010290977999494074
100.0,0.0006316037071467807
100.05000000000001,0.0011851307638370237
100.10000000000001,0.0022019539020631633
100.15,0.009244269014754426
100.2,-0.0020306634764885776
100.25,-0.010141984408601333
100.30000000000001,-0.0023005976549333854
100.35000000000001,-0.009042073619606366
100.4,-0.00869710459192242
100.45,0.011752977296115718
100.5,0.010529604894248711
100.55000000000001,-0.005041917938667021
100.60000000000001,-0.019644616086584177
100.65,-0.02379142356801271
100.7,-0.004990287688935328
100.75,0.007843795510666133
100.80000000000001,0.007245560735733509
100.85000000000001,0.020682087045558104
100.9,0.021024442605897947
100.95,-0.0032578431165159543
101.0,-0.019689645712302778
101.05000000000001,-0.021831204792525833
101.10000000000001,-0.01102781673951413
101.15,-0.009580231553186007
101.2,0.00446053963973859
101.25,0.027183394278494935
101.30000000000001,0.01532534191707675
101.35000000000001,0.006758826126866377
101.4,0.0023548118811471497
101.45,-0.007685204338542104
101.5,0.0068900586189844315
101.55000000000001,0.006380755383327464
101.60000000000001,-0.018427308322541896
101.65,-0.007083864229996725
101.7,0.006572094623091456
101.75,0.010681116263002175
101.80000000000001,0.01231837787521106
101.85000000000001,-0.01481479856529909
101.9,-0.014055468476893266
101.95,-0.008362348592849955
102.0,-0.019992266537593707
102.05000000000001,-0.009996585409318255
102.10000000000001,0.007940253973425258
102.15,0.019835967478160337
102.2,0.006869310762847833
102.25,0.0035769637420690727
102.30000000000001,0.017753562506150906
102.35000000000001,0.009155082782171614
102.4,-0.01699184150617896
102.45,-0.02280557775216652
102.5,0.009301617283826828
102.55000000000001,0.018183966487047138
102.60000000000001,0.005905413255107347
102.65,0.017453716886666967
102.7,0.029615840542986285
102.75,0.02351504727741301
102.80000000000001,0.012886878691277663
102.85000000000001,0.007857419485861706
102.9,0.0005787314107267973
102.95,-0.0015164686112065131
103.0,-0.008805792376627559
103.05000000000001,-0.021561927884310165
103.10000000000001,-0.012984936088337158
103.15,-0.009929447269067075
103.2,-0.019363840024069698
103.25,-0.0143296699498261
103.30000000000001,0.003987682349872006
103.35000000000001,0.0211420088752682
103.4,0.021773608624492072
103.45,0.014467051696548988
103.5,0.00991277485286214
103.55000000000001,0.0041465912070444075
103.60000000000001,-0.0013151235922140452
103.65,-0.004131533450920418
103.7,-0.022553734614444803
103.75,-0.024632799603630406
103.80000000000001,0.0015819576876575263
103.85000000000001,0.0062778020549512
103.9,0.004050679355266368
103.95,-0.005506437387002082
104.0,-0.007271783281590198
104.05000000000001,0.010476957610106155
104.10000000000001,-0.005017246523757479
104.15,-0.02355739032602138
104.2,-0.012445739291256478
104.25,-0.0037417875538145987
104.30000000000001,-0.007730904043469406
104.35000000000001,-0.019037512668860085
104.4,-0.01564312669242959
104.45,0.004393446982186232
104.5,0.015684454365699877
104.55000000000001,0.02629824398241149
104.60000000000001,0.030506538016513436
104.65,0.016601828906566304
104.7,0.020107778878020743
104.75,0.019202376236187448
104.80000000000001,-0.01540763329865936
104.85000000000001,-0.018930659927010707
104.9,0.007353113126852824
104.95,0.0035821370415200274
105.0,-0.011989261885344217
105.05000000000001,-0.0067635507838053706
105.10000000000001,0.002504996176042016
105.15,-0.007954786585176517
105.2,-0.014336541961437854
105.25,-0.006673459124800397
105.30000000000001,-0.010665099620752913
105.35000000000001,-0.02740019908510572
105.4,-0.03813074896971855
105.45,-0.014979594078758202
105.5,0.005135262785544259
105.55000000000001,0.004235838081141971
105.60000000000001,0.010336032870806585
105.65,-0.001269568303713961
105.7,-0.005300756909796285
105.75,0.009898526713084591
105.80000000000001,0.013826695741835529
105.85000000000001,0.005378649100557676
105.9,-0.0038708009322151182
105.95,-0.001796469987469912
106.0,-0.0017735371803284025
106.05000000000001,-0.006936711327774026
106.10000000000001,-0.006630062924349467
106.15,0.005159810168709188
106.2,0.0033428134892629457
106.25,-0.006105180632878311
106.30000000000001,-0.0017907009488627047
106.35000000000001,0.012573423934192612
106.4,0.03514986177964118
106.45,0.020141400129185725
106.5,-0.006967532338173971
106.55000000000001,-0.021447496763435405
106.60000000000001,-0.02838974753306896
106.65,-0.011024377358857897
106.7,-0.003911591288103706
106.75,0.00913860065193081
106.80000000000001,0.023166097793819493
106.85000000000001,0.012252949673986052
106.9,0.0002747877509676735
106.95,-0.016105521802286228
107.0,-0.02924282895487079
107.05000000000001,-0.020317858228189243
107.10000000000001,-0.009644830846359623
107.15,0.0017258452793918577
107.2,0.012634964801290945
107.25,0.008117511802871067
107.30000000000001,0.015550771462996788
107.35000000000001,0.011648470970822711
107.4,-0.00990716156454254
107.45,0.003273032767506568
107.5,0.013912513300190091
107.55000000000001,0.003460357772237349
107.60000000000001,0.007202472286062641
107.65,0.01599236453690408
107.7,0.01493108714796287
107.75,-0.010494628791276278
107.80000000000001,-0.007213106327686803
107.85000000000001,0.022342616761065505
107.9,0.014645029966005915
107.95,0.012945950915877044
108.0,-0.0024731712540769397
108.05000000000001,-0.03462110359997483
108.10000000000001,-0.028922784750947693
108.15,-0.016119378405611232
108.2,-0.01350796399341966
108.25,-0.002267692903542456
108.30000000000001,0.010375539114539823
108.35000000000001,0.004707563827048436
108.4,-0.004384825237003046
108.45,0.00702208247962579
108.5,0.014048763679586403
108.55000000000001,0.007163423051608944
108.60000000000001,0.015381854413103139
108.65,0.003616599094675659
108.7,-0.006397550726520308
108.75,0.008244609187067353
108.80000000000001,-0.007015411291422268
108.85000000000001,-0.007001414688444039
108.9,0.018405683846276708
108.95,0.014870372926744493
109.0,0.00321414144152662
109.05000000000001,-0.0007910904041308292
109.10000000000001,-0.007715794726361196
109.15,-0.0011526415363583879
109.2,0.003946079325827192
109.25,-0.006550657783208889
109.30000000000001,-0.017337269625948292
109.35000000000001,-0.020817972197190924
109.4,-0.030057787408865576
109.45,-0.025297855940746357
109.5,0.002019005344428679
109.55000000000001,-0.0009401413415865894
109.60000000000001,-0.008218419882149117
109.65,0.012786230574479761
109.7,0.031515456986419076
109.75,0.02293458610103245
109.80000000000001,0.00702784483964184
109.85000000000001,0.007192283145430549
109.9,0.009727649522387706
109.95,-0.007121661187278082
110.0,-0.011219728561391229
110.05000000000001,0.010562672002509816
110.10000000000001,0.012514481018812177
110.15,0.0169441725986541
110.2,0.02986865305174402
110.25,0.03451360268829681
110.30000000000001,0.02719943854508774
110.35000000000001,0.013608487570654913
110.4,-0.005643460079335828
110.45,-0.026692882606117418
110.5,-0.029456159759206953
110.55000000000001,-0.02686958927670984
110.60000000000001,-0.01962793816494951
110.65,-0.029272432166355437
110.7,-0.021720806531825104
110.75,0.0096640715635013
110.80000000000001,0.006974507680578471
110.85000000000001,0.003154888688982565
110.9,-0.0031377486579702643
110.95,-0.00867989912990543
111.0,-0.015126145940356387
111.05000000000001,-0.02843842687688858
111.10000000000001,-0.018018776938783995
111.15,-0.016639252744763036
111.2,-0.009197743821870339
111.25,0.007408475098632252
111.30000000000001,0.015004875781017253
111.35000000000001,0.023835042375740592
111.4,0.015811083360178693
111.45,0.01025222764173938
111.5,0.01652828967144367
111.55000000000001,0.022543781914966584
111.60000000000001,0.01933376826086885
111.65,-0.010223450494354478
111.7,-0.033776792303002984
111.75,-0.014681795769703696
111.80000000000001,0.0035241850257931575
111.85000000000001,0.012812862548029073
111.9,0.025814158227585062
111.95,0.017137218654948803
112.0,0.010931445984499077
112.05000000000001,0.0041320802097139925
112.10000000000001,-0.004844006366889131
112.15,0.0016561245065445207
112.2,0.00047624547249194003
112.25,-0.005786379705429596
112.30000000000001,-0.0006979344581514624
112.35000000000001,0.013088254255425799
112.4,0.013976844915102028
112.45,0.005636501816681212
112.5,0.0033176544610148185
112.55000000000001,0.004838896915182763
112.60000000000001,0.008417279758250955
112.65,0.000614627223355148
112.7,-0.011109673430027542
112.75,-0.013827050621750919
112.80000000000001,-0.0007344886398985683
112.85000000000001,-0.0018573726547044943
112.9,-0.012004473370680377
112.95,0.0057836948196884775
113.0,-0.0014220630571952356
113.05000000000001,-0.014451027621239764
113.10000000000001,-0.002588842009312319
113.15,0.006315253061632758
113.2,0.016119587017593973
113.25,0.024360900447903993
113.30000000000001,0.032979909154794956
113.35000000000001,0.032255316552420095
113.4,0.025239166945872155
113.45,0.012229252176043601
113.5,0.014298956447801913
113.55000000000001,0.01849842418593119
113.60000000000001,-0.004310556580511864
113.65,0.0038019560500793708
113.7,0.019761827730923304
113.75,0.011861654623430605
113.80000000000001,0.008395349654377495
113.85000000000001,0.010220082555465129
113.9,0.028736330770535196
113.95,0.031514053368500536
114.0,0.005667502894238709
114.05000000000001,-0.004955845861429014
114.10000000000001,-0.00830675200330539
114.15,-0.015478899704668819
114.2,-0.014934446463916737
114.25,-0.0005829697377793732
114.30000000000001,0.009452589131735651
114.35000000000001,-0.0007374416663437612
114.4,-0.008912197477050294
114.45,-0.012130157026925228
114.5,-0.004663799209271826
114.55000000000001,-0.000513745154960208
114.60000000000001,-0.004352237636638975
114.65,0.007452012167318438
114.7,-0.007651271023543625
114.75,-0.03839788690700527
114.80000000000001,-0.04457550762295502
114.85000000000001,-0.04738328015513279
114.9,-0.04015919335651988
114.95,-0.029908899416414662
115.0,-0.03774429455775918
115.05000000000001,-0.04402100575645298
115.10000000000001,-0.04124435898374089
115.15,-0.049403334402499964
115.2,-0.04614141175988701
115.25,-0.013614037640964465
115.30000000000001,0.014244272495066719
115.35000000000001,0.037988379245677384
115.4,0.06514811789485284
115.45,0.08842323163072226
115.5,0.08806232744055166
115.55000000000001,0.0727746502064301
115.60000000000001,0.06950059198043441
115.65,0.03510166074612928
115.7,0.005402659914519524
115.75,0.02241184567739153
115.80000000000001,0.0397356183727121
115.85000000000001,0.031041706145395337
115.9,-0.022172186213026857
115.95,-0.08115450437290882
116.0,-0.11218189769832239
116.05000000000001,-0.1338722356148035
116.10000000000001,-0.147649503820844
116.15,-0.12809822301214166
116.2,-0.05915084864607881
116.25,-0.02461905283355505
116.30000000000001,-0.08136025762879129
116.35000000000001,-0.1523302198991779
116.4,-0.174399700440126
116.45,-0.15648806685804348
116.5,-0.15260106097768775
116.55000000000001,-0.12426518052464085
116.60000000000001,-0.015929823279320417
116.65,0.09171332321036932
116.7,0.1418308032747798
116.75,0.10421322612449528
116.80000000000001,0.04092662462596653
116.85000000000001,0.04263361124720825
116.9,0.028201323110370425
116.95,-0.001794340545091518
117.0,0.026714231370494897
117.05000000000001,0.06640062070206063
117.10000000000001,0.0517344141575553
117.15,0.015294322647836539
117.2,0.0042226494984287585
117.25,0.012725584027323706
117.30000000000001,0.0855744542915641
117.35000000000001,0.1661701523304457
117.4,0.12730207426130952
117.45,0.03942595973725749
117.5,0.017897668913684748
117.55000000000001,0.010075089638167301
117.60000000000001,-0.01713022131900138
117.65,-0.010242418613417282
117.7,0.037263446486806386
117.75,0.12529827409562136
117.80000000000001,0.18597281513613356
117.85000000000001,0.12682691616647893
117.9,-0.004213231560344249
117.95,-0.09653394575695545
118.0,-0.12868578438992526
118.05000000000001,-0.13962067669924702
118.10000000000001,-0.14088395427094094
118.15,-0.11996968316859066
118.2,-0.06924543070281014
118.25,-0.0179407090477258
118.30000000000001,-0.006958429160131375
118.35000000000001,-0.02448558426249872
118.4,0.0020894510759763792
118.45,0.07965806626527526
118.5,0.11287023855251369
118.55000000000001,0.07922944436956676
118.60000000000001,0.0764398117538538
118.65,0.1460519612759818
118.7,0.1928224477886103
118.75,0.15305249278934316
118.80000000000001,0.08320604016576529
118.85000000000001,0.03422753870091513
118.9,-0.03447956418231295
118.95,-0.15988460277833874
119.0,-0.23273566791561484
119.05000000000001,-0.15124271694181143
119.10000000000001,-0.04398077609842803
119.15,-0.00801214510214984
119.2,0.038599489753883026
119.25,0.09047554650288628
119.30000000000001,0.1093580585286953
119.35000000000001,0.10587393373032339
119.4,0.07015536017347364
119.45,0.049217459731172364
119.5,0.0436648470047399
119.55000000000001,0.0064409657522660506
119.60000000000001,0.00010867870299509191
119.65,0.03059304690331413
119.7,0.034548927984364486
119.75,0.014144791420254547
119.80000000000001,-0.03678512878892547
119.85000000000001,-0.08521721117535805
119.9,-0.07559632866200451
119.95,-0.033648719269859156
120.0,-0.0045706535312271535
120.05000000000001,0.003682825364557122
120.10000000000001,-0.00416361577574789
120.15,-0.012593273699118987
120.2,0.010226871736527487
120.25,0.03875002685078917
120.30000000000001,0.01581764789085589
120.35000000000001,-0.04625359578650422
120.4,-0.08582138087877914
120.45,-0.07094310547439688
120.5,-0.0505393123156433
120.55000000000001,-0.034896517075772626
120.60000000000001,0.013572930621351707
120.65,0.06110077682916083
120.7,0.08357093512313304
120.75,0.07827732235808194
120.80000000000001,0.0595831675123044
120.85000000000001,0.01980667993695421
120.9,-0.061370725665898
120.95,-0.10046294930003093
121.0,-0.07678257966605724
121.05000000000001,-0.05557767302031911
121.10000000000001,-0.014974634907506355
121.15,0.042011422559562646
121.2,0.04898338879098324
121.25,0.0029113791150305506
121.30000000000001,-0.05885013161353579
121.35000000000001,-0.08603778292735885
121.4,-0.08066954908153244
121.45,-0.0939638941512542
121.5,-0.10516892688033715
121.55000000000001,-0.0850410184108066
121.60000000000001,-0.024995347073233334
121.65,0.034654654829793304
121.7,0.015456602057530161
121.75,-0.01947534494633944
121.80000000000001,0.012424039648469878
121.85000000000001,0.09253919524517744
121.9,0.16816005341307463
121.95,0.19147938841106582
122.0,0.1758660951618447
122.05000000000001,0.10662030455141176
122.10000000000001,0.017151877172798022
122.15,-0.023162313206090183
122.2,-0.043333196080026525
122.25,-0.06730017283301169
122.30000000000001,-0.10593405568020363
122.35000000000001,-0.10463136482304093
122.4,-0.04153025467572934
122.45,-0.013082659493207532
122.5,-0.005090212986729109
122.55000000000001,0.031235038072988195
122.60000000000001,0.01999177711566627
122.65,-0.05040665370864277
122.7,-0.08470869022997501
122.75,-0.05087867410543147
122.80000000000001,-0.01034434848768793
122.85000000000001,-0.010933658942704047
122.9,0.019841094503872198
122.95,0.08587834399239588
123.0,0.08905730318026071
123.05000000000001,0.04331445857122996
123.10000000000001,0.001278220764049256
123.15,-0.03513226830922884
123.2,-0.0509314724070732
123.25,-0.032653413446257974
123.30000000000001,-0.03878629504774625
123.35000000000001,-0.043898085988536624
123.4,-0.0009273568728824517
123.45,0.044147130087499875
123.5,0.06411914769600457
123.55000000000001,0.050138581689310055
123.60000000000001,0.03358037814352797
123.65,0.011748533229670196
123.7,-0.018394715087443284
123.75,-0.03132667823696218
123.80000000000001,-0.034370106871434554
123.85000000000001,-0.031302770522473614
123.9,-0.03944274119035401
123.95,-0.0349268167887338
124.0,-0.005187690411356921
124.05000000000001,0.005451622990902726
124.10000000000001,0.017553501695862648
124.15,0.04053374981974206
124.2,0.04324395136137345
124.25,0.02112901554932424
124.30000000000001,-0.015912345768873928
124.35000000000001,-0.030593380143947798
124.4,-0.015373364419819477
124.45,0.0016841388379780831
124.5,-0.01229224848501049
124.55000000000001,-0.03907316088581426
124.60000000000001,-0.02678827327623406
124.65,0.017010946211354957
124.7,0.05252287780198186
124.75,0.023259475990215585
124.80000000000001,-0.031554898781366456
124.85000000000001,-0.01206933752096744
124.9,0.04582125352258375
124.95,0.056585694624367563
125.0,0.03479561026355098
125.05000000000001,0.02997413589359337
125.10000000000001,0.014740071832008435
125.15,-0.023162633814287792
125.2,-0.04852489839145386
125.25,-0.061002506997433995
125.30000000000001,-0.06737553373696174
125.35000000000001,-0.06507651222714529
125.4,-0.038058155030707766
125.45,0.008265718186251117
125.5,0.019245665172850927
125.55000000000001,-0.00969249811790258
125.60000000000001,-0.0258878726180772
125.65,-0.03119172514150272
125.7,-0.038103030101269204
125.75,-0.029266929080623012
125.80000000000001,-0.012556634358182708
125.85000000000001,0.005693967787006114
125.9,0.027147454645725988
125.95,0.05415312207441371
126.0,0.07538641089424036
126.05000000000001,0.050244057677715254
126.10000000000001,-0.009373879436505354
126.15,-0.03783711276522596
126.2,-0.03715459914178235
126.25,-0.028126591115588694
126.30000000000001,0.0063803969457717526
126.35000000000001,0.02979657264742789
126.4,0.02560588262333453
126.45,0.036974184480925903
126.5,0.06409960289669668
126.55000000000001,0.07850363284539985
126.60000000000001,0.08368303787194935
126.65,0.08029209184983882
126.7,0.04241190934418093
126.75,0.008492759437565835
126.80000000000001,-0.0002259376110764791
126.85000000000001,-0.011643966190067325
126.9,0.004362497556660831
126.95,0.026300301371137615
127.0,0.021535504698342405
127.05000000000001,0.000746656397549918
127.10000000000001,-0.019179092847499288
127.15,-0.029851918952233603
127.2,-0.07468283073217176
127.25,-0.09923941508330063
127.30000000000001,-0.049508276446555775
127.35000000000001,-0.01095626150692233
127.4,-0.02470525659318515
127.45,-0.035181582039869194
127.5,-0.021361616933866786
127.55000000000001,-0.023450162260031777
127.60000000000001,-0.030182368231328027
127.65,-0.018881304213459484
127.7,-0.009458083057985142
127.75,-0.011543822067277928
127.80000000000001,-0.008903558860248684
127.85000000000001,-0.003715734492247596
127.9,0.0021188903389186024
127.95,0.02807382544576444
128.0,0.03759923484308761
128.05,0.011273484877795632
128.1,-0.013557305065170212
128.15,-0.0017493027716606808
128.20000000000002,0.046818347916481526
128.25,0.08545434999476609
128.3,0.09028917258753882
128.35,0.07447672126174418
128.4,0.05125953457745626
128.45000000000002,0.035207669722797034
128.5,0.01625061253745833
128.55,-0.0015747063289451983
128.6,-0.016019816883089493
128.65,-0.03679271534074781
128.70000000000002,-0.010216606505750563
128.75,0.015066441315605647
128.8,-0.00847910904667384
128.85,-0.034431914120805554
128.9,-0.06835192789666979
128.95000000000002,-0.08244281799069066
129.0,-0.0715966705652668
129.05,-0.05423901182332663
129.1,-0.01863750687729719
129.15,0.024475742050291856
129.20000000000002,0.02714935856159144
129.25,-0.014410325430909143
129.3,-0.02240939119154043
129.35,-0.026494017296980414
129.4,-0.059242706964541876
129.45000000000002,-0.06868391084330912
129.5,-0.062159480852319426
129.55,-0.028952805882608252
129.6,0.012796427941790568
129.65,0.02284322591728515
129.70000000000002,0.0013171682390613248
129.75,-0.036135553781113494
129.8,-0.040692327444750744
129.85,-0.026962448130783138
129.9,-0.010962385566270114
129.95000000000002,0.015686016682871753
130.0,0.04235321949264181
130.05,0.06544054641503659
130.1,0.07355667489474456
130.15,0.07242450857063279
130.20000000000002,0.06958475193677621
130.25,0.0761252797225859
130.3,0.058654453795955706
130.35,0.015998247941520702
130.4,-0.007588631401577934
130.45000000000002,-0.01962256962160446
130.5,-0.01337696252996587
130.55,-0.01193232793229313
130.6,-0.023263405846919324
130.65,-0.04862669007165154
130.70000000000002,-0.0829415163005408
130.75,-0.08013719592654736
130.8,-0.06709576363701243
130.85,-0.0683222981233041
130.9,-0.06589673468126177
130.95000000000002,-0.027675582577705568
131.0,0.013148896641175325
131.05,0.0003991757182654532
131.1,-0.007031635639715758
131.15,0.021535674026290356
131.20000000000002,0.06021977132252761
131.25,0.09566092811849376
131.3,0.11537138386313565
131.35,0.11968122994868174
131.4,0.1027947976558646
131.45000000000002,0.07309712442512119
131.5,0.04148654939079984
131.55,0.016644150454799084
131.6,0.008987957644588573
131.65,-0.0057629821153107365
131.70000000000002,-0.030989467684408377
131.75,-0.039562295418248586
131.8,-0.04281681014044769
131.85,-0.060736603800799864
131.9,-0.06267664836660188
131.95000000000002,-0.03417488732354942
132.0,0.019848341190563546
132.05,0.09099758869472252
132.1,0.12655360450876424
132.15,0.12475813774476095
132.20000000000002,0.10471995497128202
132.25,0.06230404220061732
132.3,0.02684066886809014
132.35,0.01570603429686165
132.4,0.01480632492362151
132.45000000000002,-0.005434950886508462
132.5,-0.031964720069507506
132.55,-0.017392654096252885
132.6,0.0036759485656659304
132.65,-0.021764437659265102
132.70000000000002,-0.039653144626442614
132.75,-0.00959277981763074
132.8,0.01608168004147126
132.85,0.027388141215313404
132.9,0.0388571199511311
132.95000000000002,0.0350593007288938
133.0,0.018873169415559297
133.05,-0.0116082468238715
133.1,-0.03357948329308379
133.15,-0.020821849254807553
133.20000000000002,-0.004660555874029814
133.25,-0.013612457932152332
133.3,-0.028388112688146946
133.35,-0.022647645094532248
133.4,-0.023004456802029092
133.45000000000002,-0.04051161382530313
133.5,-0.040427126769989614
133.55,-0.036806645392921104
133.6,-0.04988287643091135
133.65,-0.04666115474507537
133.70000000000002,-0.02988544891720807
133.75,-0.014719721821529221
133.8,0.0193917415047116
133.85,0.048950756195746424
133.9,0.06030035812339234
133.95000000000002,0.06030964405055876
134.0,0.042354322277473724
134.05,0.030839341605378497
134.1,0.023024764465081407
134.15,0.0037273035912061396
134.20000000000002,-0.015471521260984332
134.25,-0.029696057856729217
134.3,-0.0421577412061769
134.35,-0.06672529220890708
134.4,-0.09074317512825072
134.45000000000002,-0.09535962348773865
134.5,-0.08050797329944964
134.55,-0.04834719719877387
134.6,-0.020991783878483185
134.65,-0.015582108252328704
134.70000000000002,-0.028428251838648545
134.75,-0.038047328866045727
134.8,-0.047515769510906816
134.85,-0.05698286641655252
134.9,-0.054215837186708776
134.95000000000002,-0.05425794053333414
135.0,-0.04574196622530188
135.05,-0.023679981814432195
135.1,-0.016036492357395845
135.15,-0.03139679941100321
135.20000000000002,-0.038534969505855124
135.25,-0.023928992244218458
135.3,-0.01076028812844583
135.35,-0.006566297050529362
135.4,-0.009961323470523403
135.45000000000002,-0.012915279734957636
135.5,-0.007655992287445414
135.55,0.005603034123801278
135.6,0.010255122013206866
135.65,-0.006980615319619071
135.70000000000002,-0.014735669136418153
135.75,0.005285892923411072
135.8,0.03711022439536271
135.85,0.04725019757701466
135.9,0.034797627822847295
135.95000000000002,0.044632597477719076
136.0,0.0680476960174485
136.05,0.07514829404698134
136.1,0.06602554862411586
136.15,0.04456572893392044
136.20000000000002,0.028038105296918806
136.25,0.028798727498078287
136.3,0.02493506230645741
136.35,0.01133539234790189
136.4,0.003143162971831692
136.45000000000002,-0.005447245777948813
136.5,-0.018747045208566952
136.55,-0.03529642714776161
136.6,-0.04633422290214206
136.65,-0.0501612717373732
136.70000000000002,-0.048511999182129076
136.75,-0.03588694473075601
136.8,-0.023104765352422185
136.85,-0.012021661406260094
136.9,0.0023388018359079012
136.95000000000002,0.025405213176698957
137.0,0.04986536062516005
137.05,0.04410742384007313
137.1,0.0308239366997899
137.15,0.03533232772373599
137.20000000000002,0.039740741137066035
137.25,0.04251915403966274
137.3,0.0367581902147617
137.35,0.017942199389006198
137.4,-0.0004722445286543443
137.45000000000002,-0.0010765529047322869
137.5,0.004908541550086643
137.55,-0.0021909055978878464
137.6,0.00013276030064802462
137.65,0.024641396616901703
137.70000000000002,0.03615162238166394
137.75,0.01516694927545176
137.8,0.003449251106752479
137.85,0.00915437654674888
137.9,0.001048353571317546
137.95000000000002,-0.01073347387791434
138.0,-0.012949168706069426
138.05,-0.0014993185658176496
138.1,0.011383793938464264
138.15,0.00986022190690816
138.20000000000002,0.00831435375673481
138.25,0.012280107461616797
138.3,0.01169912466459023
138.35,0.0066604872147458544
138.4,0.0022689037212343223
138.45000000000002,0.00018291672919379246
138.5,0.009453056354486438
138.55,0.03792849322194101
138.6,0.06651632379887075
138.65,0.07084470228662192
138.70000000000002,0.058965409812216596
138.75,0.03757515525070942
138.8,0.004177018191182569
138.85,-0.015435174260613046
138.9,-0.004868037860892955
138.95000000000002,0.0037829884382273413
139.0,-0.0027397279532910533
139.05,-0.0028401319109187307
139.1,-0.00859626621028179
139.15,-0.020018320388102934
139.20000000000002,-0.01683577283126194
139.25,-0.0048388219289092664
139.3,0.001906790132435781
139.35,-0.012032925844001665
139.4,-0.03870365284137271
139.45000000000002,-0.047817197820984654
139.5,-0.038944990830478796
139.55,-0.030644198062655132
139.6,-0.022598046111173144
139.65,-0.0183777012468902
139.70000000000002,-0.025516331003829718
139.75,-0.03791277519700402
139.8,-0.039974406730803734
139.85,-0.026724569547435306
139.9,-0.025662143490414648
139.95000000000002,-0.040379070351220306
140.0,-0.0359592296574886
140.05,-0.02320849144084121
140.1,-0.026794433250933218
140.15,-0.030318948020366714
140.20000000000002,-0.027610027650169698
140.25,-0.025630329570449376
140.3,-0.02506284391956578
140.35,-0.018892942320709687
140.4,-0.002734088739553942
140.45000000000002,0.00731432016239502
140.5,0.015018974896227336
140.55,0.031968552351978485
140.6,0.04567450563240754
140.65,0.042834007422326945
140.70000000000002,0.03153347242595975
140.75,0.03122108937761142
140.8,0.037139862471967704
140.85,0.04440183920810331
140.9,0.04679493936851256
140.95000000000002,0.036403463993480774
141.0,0.026732497567103605
141.05,0.02683064847442656
141.1,0.03038881328103371
141.15,0.021075609868691846
141.20000000000002,-0.0022509195827473613
141.25,-0.01695455287241454
141.3,-0.02088979053378584
141.35,-0.02437225556974828
141.4,-0.022434521279735862
141.45000000000002,-0.01593966968919004
141.5,-0.018123470256163128
141.55,-0.02726363538496837
141.6,-0.021937479342279805
141.65,-0.012052789209947207
141.70000000000002,-0.0037713499202804267
141.75,0.008559982553909565
141.8,0.015552651206054927
141.85,0.0193611360764563
141.9,0.010207008923722716
141.95000000000002,-0.005736157496366467
142.0,-0.017214480318764987
142.05,-0.026958152971725168
142.1,-0.032293662713300295
142.15,-0.03331772110703371
142.20000000000002,-0.025610076863008154
142.25,-0.007971860014955772
142.3,0.010265471760714835
142.35,0.01638259067123973
142.4,0.015810663849984606
142.45000000000002,0.018006739148757642
142.5,0.023777425423831936
142.55,0.026404989018519148
142.6,0.02178321941654212
142.65,0.020928657566085293
142.70000000000002,0.027043843323152218
142.75,0.03531928549410675
142.8,0.04774978410012996
142.85,0.07080617981255445
142.9,0.09232272994163815
142.95000000000002,0.09683425776678994
143.0,0.09179996487836747
143.05,0.08576263132032591
143.1,0.08089793406310404
143.15,0.05637373305091459
143.20000000000002,0.01455855089596116
143.25,-0.005030083410513176
143.3,-0.015122834637959152
143.35,-0.026597625244624973
143.4,-0.029658194931957427
143.45000000000002,-0.03230503434718843
143.5,-0.03389437848682002
143.55,-0.03804809010077098
143.6,-0.043518324993061026
143.65,-0.051410439076299726
143.70000000000002,-0.060901586225248286
143.75,-0.06002593201752593
143.8,-0.05372365631752609
143.85,-0.05092388313791079
143.9,-0.04644069999322532
143.95000000000002,-0.04066676891971518
144.0,-0.04097750334826112
144.05,-0.040788989235413235
144.1,-0.03614979048372896
144.15,-0.02931207783626254
144.20000000000002,-0.02076231607105391
144.25,-0.016322598263170902
144.3,-0.022229039685515848
144.35,-0.033758224373627334
144.4,-0.04060775395502825
144.45000000000002,-0.04131650972001725
144.5,-0.03179048716504302
144.55,-0.019360734925529626
144.6,-0.02057208564944898
144.65,-0.02728967130496503
144.70000000000002,-0.0225097875628044
144.75,-0.01263959333967119
144.8,-0.011426731420352287
144.85,-0.004621941103381605
144.9,0.008778784680303919
144.95000000000002,0.006441852383820038
145.0,-0.0025981262812089186
145.05,-0.003574444589070867
145.1,-0.005511150371123427
145.15,-0.018862217654801627
145.20000000000002,-0.03665197773011394
145.25,-0.0460732532656361
145.3,-0.04659772715504264
145.35,-0.04259433203272217
145.4,-0.03597977975477216
145.45000000000002,-0.02446623505768238
145.5,-0.014386956636416494
145.55,-0.015943575742504233
145.6,-0.019211120558872974
145.65,-0.015068117631758506
145.70000000000002,-0.01364732492486101
145.75,-0.017286062565099868
145.8,-0.015992083107187492
145.85,-0.004479747075030924
145.9,0.012850279218206967
145.95000000000002,0.025732484717883423
146.0,0.03306563803830659
146.05,0.034681364081051956
146.1,0.027738479440048123
146.15,0.0211198978466703
146.20000000000002,0.018166284616826834
146.25,0.014625087796369469
146.3,0.00485973878165846
146.35,-0.0017130537929502911
146.4,0.014089173199191861
146.45000000000002,0.03173187420153476
146.5,0.030600250788697138
146.55,0.026588500428475038
146.6,0.03722895734878876
146.65,0.04801001269664811
146.70000000000002,0.04490814247621375
146.75,0.03586738237918017
146.8,0.02366361892774474
146.85,0.025621556802355745
146.9,0.04010312057795271
146.95000000000002,0.05353432798757312
147.0,0.057240839954831604
147.05,0.047182855764874895
147.1,0.04234715549013721
147.15,0.043093311916505714
147.20000000000002,0.04363836832965276
147.25,0.04226137576210931
147.3,0.03674291225842793
147.35,0.036269444761725604
147.4,0.04889016057666795
147.45000000000002,0.06472254046811811
147.5,0.0716308702236978
147.55,0.07274291841316285
147.6,0.07009928052401324
147.65,0.06763740467248835
147.70000000000002,0.06309152312726135
147.75,0.04637966555389277
147.8,0.024862274378829662
147.85,-0.0007977002129080527
147.9,-0.031477234840489636
147.95000000000002,-0.056378119504257376
148.0,-0.076995981786978
148.05,-0.08053135657502718
148.1,-0.0707578222648189
148.15,-0.06474033100935805
148.20000000000002,-0.04832116370239899
148.25,-0.02717775054324472
148.3,-0.01719805031966335
148.35,-0.008812979602563368
148.4,9.126972067384915e-05
148.45000000000002,0.001679289421264098
148.5,0.0032070775608396595
148.55,0.01415687158599261
148.6,0.029654126615115187
148.65,0.034377012375970684
148.70000000000002,0.024212159003024147
148.75,0.0038848840540194754
148.8,-0.012581665072007898
148.85,-0.018973753577515476
148.9,-0.03595384116561326
148.95000000000002,-0.057168855148746756
149.0,-0.06897733874720358
149.05,-0.0756677415831123
149.1,-0.07254110286020365
149.15,-0.06346186520784192
149.20000000000002,-0.05897878484459409
149.25,-0.05013824989800354
149.3,-0.032450310224931986
149.35,-0.015861048295408377
149.4,0.0020872822911221357
149.45000000000002,0.01664509180237921
149.5,0.02341014179834743
149.55,0.0276365553635673
149.6,0.029078729717496754
149.65,0.022587622369438044
149.70000000000002,0.001878912002426923
149.75,-0.016736930783868214
149.8,-0.020205153008164233
149.85,-0.026713039015276004
149.9,-0.04556746176609681
149.95000000000002,-0.06066176773284095
150.0,-0.06469285715552564
150.05,-0.06298863409423099
150.1,-0.04678991752462625
150.15,-0.025384812241055134
150.20000000000002,-0.018042776525699255
150.25,-0.016594325668829943
150.3,-0.014415886381027856
150.35,-0.006773953880085003
150.4,0.006456785740645377
150.45000000000002,0.0188798302897503
150.5,0.023605599406813966
150.55,0.020007413956743915
150.6,0.01831471559883438
150.65,0.01800044056837611
150.70000000000002,0.020008777435857873
150.75,0.02534100884718768
150.8,0.034087519797174656
150.85,0.041903581097522354
150.9,0.04138617737887034
150.95000000000002,0.04495965522970391
151.0,0.05078021581622623
151.05,0.04898823515676661
151.1,0.04588989129557371
151.15,0.03969448856602538
151.20000000000002,0.029707085189317955
151.25,0.024122533527522454
151.3,0.02084690692340782
151.35,0.018099095264534248
151.4,0.019662993587786195
151.45000000000002,0.017504175291232542
151.5,0.00861562325762025
151.55,0.0007785682757405098
151.6,-0.0008380777934138144
151.65,0.001416043190694805
151.70000000000002,0.004257435050137358
151.75,0.007324344830729731
151.8,0.007370808748125011
151.85,0.003988563338480626
151.9,-0.007392878180718652
151.95000000000002,-0.01952188563835687
152.0,-0.018867956717357304
152.05,-0.011399162967139954
152.1,-0.0009747138356758462
152.15,0.006093364894462659
152.20000000000002,0.0047638751525169816
152.25,0.0015182955174056823
152.3,-0.004129278103811328
152.35,-0.004693838121632256
152.4,0.0030326146938563195
152.45000000000002,0.007235744229244669
152.5,0.009978293106290581
152.55,0.012666033274235652
152.6,0.006045251401133672
152.65,-0.0051494946805424905
152.70000000000002,-0.00521553407861816
152.75,0.0016316148094306468
152.8,0.009382387267865317
152.85,0.01776410403454977
152.9,0.01572841785366835
152.95000000000002,0.007322185050544978
153.0,0.004855228622470529
153.05,0.006244261281730011
153.1,0.0027478360930326007
153.15,-0.004471592504816151
153.20000000000002,-0.01784625245500071
153.25,-0.03820057264032571
153.3,-0.04504020425480139
153.35,-0.03886397932723357
153.4,-0.03352637812485962
153.45000000000002,-0.024916438976956102
153.5,-0.01798307325022011
153.55,-0.015585892737543657
153.60000000000002,-0.013540066205412857
153.65,-0.008113514174442367
153.70000000000002,0.003534510347926014
153.75,0.009637444164533517
153.8,0.00940801642207235
153.85000000000002,0.002936319621224279
153.9,-0.009917721494640791
153.95000000000002,-0.014926020617735524
154.0,-0.015127034266480611
154.05,-0.016436841285233837
154.10000000000002,-0.016865886735410812
154.15,-0.01897291721757087
154.20000000000002,-0.022875637499196397
154.25,-0.02684100788932514
154.3,-0.02892577970585292
154.35000000000002,-0.028237539661876924
154.4,-0.026412150015880136
154.45000000000002,-0.022679566052154036
154.5,-0.016843070791596044
154.55,-0.013348872838439201
154.60000000000002,-0.014325509347914654
154.65,-0.01878453930997132
154.70000000000002,-0.02328729813986195
154.75,-0.023883276795817466
154.8,-0.01873481881410224
154.85000000000002,-0.01070488633687853
154.9,-0.008901974257749192
154.95000000000002,-0.01164453392617487
155.0,-0.013987113980326822
155.05,-0.01981676363652222
155.10000000000002,-0.018810078569470944
155.15,-0.006873417422698234
155.20000000000002,0.005281118519434039
155.25,0.01622029357154918
155.3,0.024243570347727436
155.35000000000002,0.028311375544765045
155.4,0.024937305347581304
155.45000000000002,0.017245804944356128
155.5,0.016280125026238764
155.55,0.016617074852295643
155.60000000000002,0.01106596352873394
155.65,0.0035425504912540936
155.70000000000002,-0.00032939773988874905
155.75,0.0022182175386850724
155.8,0.007277763202184554
155.85000000000002,0.006942873356492468
155.9,0.0025425270959995292
155.95000000000002,-0.00042369036316851393
156.0,-0.00033315443044278336
156.05,0.005378397288979807
156.10000000000002,0.009797928128839083
156.15,0.010539940312830441
156.20000000000002,0.014488815853685678
156.25,0.01779159124597845
156.3,0.018358006476812554
156.35000000000002,0.0194755518005655
156.4,0.024052821447797558
156.45000000000002,0.023973201552076544
156.5,0.014170775384775063
156.55,0.011427608753548327
156.60000000000002,0.013022995830328022
156.65,0.004458428365451426
156.70000000000002,-0.006200956392364822
156.75,-0.010288548968055118
156.8,-0.007131411399441418
156.85000000000002,-0.0014894610228210646
156.9,0.0040423363251542565
156.95000000000002,0.008739915612618448
157.0,0.010757503007571884
157.05,0.015146436218340808
157.10000000000002,0.01726615385939478
157.15,0.020222220125409987
157.20000000000002,0.03193679737601804
157.25,0.039429491224585264
157.3,0.04331790133541631
157.35000000000002,0.053953440026543335
157.4,0.05953589639367087
157.45000000000002,0.052711749022507755
157.5,0.047348031411025074
157.55,0.04579488772362347
157.60000000000002,0.03833779617471062
157.65,0.023262286948504553
157.70000000000002,0.0072579875320332304
157.75,-0.006303080264190065
157.8,-0.01961649703817795
157.85000000000002,-0.028565637910149606
157.9,-0.031947837310557274
157.95000000000002,-0.03017781092618855
158.0,-0.023887870439192632
158.05,-0.016488140721301118
158.10000000000002,-0.00960927298115694
158.15,-0.0034440065421596005
158.20000000000002,0.005448928871436103
158.25,0.014402213110181895
158.3,0.016700486529867622
158.35000000000002,0.017538738865894153
158.4,0.02460609949925498
158.45000000000002,0.03166730850936897
158.5,0.03196647776506359
158.55,0.02824896959208684
158.60000000000002,0.023547808536554995
158.65,0.014225879175451343
158.70000000000002,0.001563679631997996
158.75,-0.01197709836292527
158.8,-0.02615920733174903
158.85000000000002,-0.031233567984874953
158.9,-0.02596958723605001
158.95000000000002,-0.015640521489159884
159.0,-0.004859459302367605
159.05,0.0024051078798160053
159.10000000000002,0.007799002153573678
159.15,0.01602693303228576
159.20000000000002,0.022813986335090203
159.25,0.02140568182817613
159.3,0.019187926244057064
159.35000000000002,0.01842000545727336
159.4,0.014792678214558054
159.45000000000002,0.0005259893707854378
159.5,-0.018101675371651128
159.55,-0.026565532238424186
159.60000000000002,-0.034584306005624746
159.65,-0.04697707117566364
159.70000000000002,-0.05536355622506205
159.75,-0.05852890081029346
159.8,-0.05874353037512647
159.85000000000002,-0.055251719837797364
159.9,-0.04737140285912593
159.95000000000002,-0.04122919031371152
160.0,-0.04085820004840167
160.05,-0.03872255766524808
160.10000000000002,-0.03575516462397487
160.15,-0.03635684012438971
160.20000000000002,-0.03550200848063391
160.25,-0.036380742618945326
160.3,-0.03785180259538044
160.35000000000002,-0.03320055587303419
160.4,-0.022408057887816663
160.45000000000002,-0.007210680989764449
160.5,0.00486961434658656
160.55,0.008138257961546474
160.60000000000002,0.007851227330248513
160.65,0.006586706144282406
160.70000000000002,0.0012373029939901532
160.75,-0.006680207947320959
160.8,-0.0142534558091025
160.85000000000002,-0.015054633088728724
160.9,-0.009082124120751588
160.95000000000002,-0.0027511226829409893
161.0,0.005586717690632373
161.05,0.01047422040966749
161.10000000000002,0.006410294192309989
161.15,-0.0020215876876993498
161.20000000000002,-0.01060406496418476
161.25,-0.01751569867341647
161.3,-0.01684868060316727
161.35000000000002,-0.007076415417544022
161.4,0.0008378267115223361
161.45000000000002,0.004237660310535991
161.5,0.007386176249113607
161.55,0.012063505971297779
161.60000000000002,0.017353619642522227
161.65,0.023143389543759597
161.70000000000002,0.025382844092428046
161.75,0.017069728487859627
161.8,0.00743526434086254
161.85000000000002,0.00456261936222149
161.9,0.008151223953763383
161.95000000000002,0.015935181071424838
162.0,0.017242897118248307
162.05,0.01317698445125024
162.10000000000002,0.01403408119348178
162.15,0.017072582417828372
162.20000000000002,0.012896514528240956
162.25,0.003742573762898481
162.3,0.0010666346259409795
162.35000000000002,0.00775657734975333
162.4,0.01725931853500772
162.45000000000002,0.017027971511203586
162.5,0.009363911892790334
162.55,0.006011075662218764
162.60000000000002,0.0028929519838882174
162.65,-0.002720286217390825
162.70000000000002,-0.007792437987467334
162.75,-0.0083342834391703
162.8,-0.0021013442671408205
162.85000000000002,0.005375980831407035
162.9,0.011464479951663468
162.95000000000002,0.014384745054585733
163.0,0.010290428010080923
163.05,0.002101339705037126
163.10000000000002,-0.008904243930769818
163.15,-0.01607967696638563
163.20000000000002,-0.01375828444223922
163.25,-0.01693998656513495
163.3,-0.02445351414636838
163.35000000000002,-0.021798299839537773
163.4,-0.015475345933161614
163.45000000000002,-0.00843149610457873
163.5,0.001575111077505898
163.55,0.0076681682569590005
163.60000000000002,0.011083811337291688
163.65,0.018953561037153066
163.70000000000002,0.02786722839563173
163.75,0.026986099098254418
163.8,0.018795566178501474
163.85000000000002,0.010372243577878918
163.9,0.002789157900731358
163.95000000000002,0.0024411917280407463
164.0,0.005307881705062001
164.05,0.007926320434702686
164.10000000000002,0.013833920964946176
164.15,0.02037865610609779
164.20000000000002,0.025537521099420816
164.25,0.02788539179422667
164.3,0.02970241984000168
164.35000000000002,0.02799121318531076
164.4,0.019572117779253
164.45000000000002,0.012783560596556515
164.5,0.011251169995275808
164.55,0.007848457583956457
164.60000000000002,0.0009881849317414989
164.65,-0.0024742600865150836
164.70000000000002,-0.004117336903733639
164.75,-0.006186860520929834
164.8,-0.004407629798110721
164.85000000000002,-0.0039517974523548376
164.9,-0.003540968306068268
164.95000000000002,0.0019233146931941746
165.0,0.0033873438185326853
165.05,0.005015517199211743
165.10000000000002,0.011476888438844075
165.15,0.01590725428769616
165.20000000000002,0.016710768220671815
165.25,0.016246194679067977
165.3,0.017005248261996522
165.35000000000002,0.01433938064257841
165.4,0.010455835120513816
165.45000000000002,0.006338339378047795
165.5,-0.001120936742111039
165.55,-0.0041870793860211315
165.60000000000002,-0.0022366908785999887
165.65,-0.002827691172270524
165.70000000000002,-0.0070902085129607
165.75,-0.007981838634461383
165.8,-0.006458037326447101
165.85000000000002,-0.00824554778639244
165.9,-0.00999526786404412
165.95000000000002,-0.010896553698831536
166.0,-0.011267652789438946
166.05,-0.011291864835483834
166.10000000000002,-0.010976218841059858
166.15,-0.00851752534579367
166.20000000000002,-0.0064235416056157785
166.25,-0.005019701355350418
166.3,-0.0025137939003174264
166.35000000000002,0.0005549471503835505
166.4,0.0007493022995458623
166.45000000000002,-0.0027542299798818263
166.5,-0.005232512056450789
166.55,-0.005967124515841727
166.60000000000002,-0.008142157024996578
166.65,-0.01105855237406764
166.70000000000002,-0.013153266427456197
166.75,-0.014126494267978624
166.8,-0.011989984080447966
166.85000000000002,-0.006923832355813305
166.9,-0.003065342138584946
166.95000000000002,-0.001398106631667067
167.0,0.0018162612158290586
167.05,-0.0008262355954005346
167.10000000000002,-0.010433554181934725
167.15,-0.015228720221353553
167.20000000000002,-0.015271246717992898
167.25,-0.012486759283488184
167.3,-0.008585883769722693
167.35000000000002,-0.005582877417032751
167.4,-0.0012263645238470248
167.45000000000002,-0.0010606052105003511
167.5,-0.012937347630704329
167.55,-0.027843642852639988
167.60000000000002,-0.03534260053523438
167.65,-0.03796370689400087
167.70000000000002,-0.03619406205227757
167.75,-0.029477713239528084
167.8,-0.020574512185386973
167.85000000000002,-0.011898555175106329
167.9,-0.008014120505837696
167.95000000000002,-0.010141332293646978
168.0,-0.011707071694163218
168.05,-0.010866186512904514
168.10000000000002,-0.010970016012141554
168.15,-0.010992076392913034
168.20000000000002,-0.0064918604016792805
168.25,0.001403940124694097
168.3,0.005957915504089194
168.35000000000002,0.005445891925073719
168.4,0.004491438447860924
168.45000000000002,0.009048839081585387
168.5,0.014267562682526887
168.55,0.011601582230137802
168.60000000000002,0.008987480765164929
168.65,0.010067264459855403
168.70000000000002,0.0071181701373699
168.75,0.004046111971863301
168.8,0.00419325766775533
168.85000000000002,0.004555231043666163
168.9,0.005758673249489962
168.95000000000002,0.00572827310972052
169.0,0.0035794952043114166
169.05,0.003795776545353394
169.10000000000002,0.006025187025909408
169.15,0.005696478553890351
169.20000000000002,0.004651023859190965
169.25,0.005578810374194808
169.3,0.005207563351774743
169.35000000000002,0.005056057946452391
169.4,0.006991418431721842
169.45000000000002,0.009985776939161042
169.5,0.014985976509758329
169.55,0.016801724521470933
169.60000000000002,0.014523730911653817
169.65,0.014005671689766453
169.70000000000002,0.015540410535676404
169.75,0.01671945713467117
169.8,0.01782928649593731
169.85000000000002,0.020346350363628033
169.9,0.02558140969028139
169.95000000000002,0.029694447104986848
170.0,0.02928302750135342
170.05,0.02837443628192691
170.10000000000002,0.027769984897641885
170.15,0.028551660218000128
170.20000000000002,0.031205362400641447
170.25,0.03202242710503609
170.3,0.0324840947259854
170.35000000000002,0.036055100206259384
170.4,0.03532828776087713
170.45000000000002,0.02881823933160288
170.5,0.022927202146879325
170.55,0.014200836173419074
170.60000000000002,0.005581252434618437
170.65,-0.0033130292774105324
170.70000000000002,-0.013464366560690945
170.75,-0.01882305318329419
170.8,-0.02334628913910799
170.85000000000002,-0.02736784295123626
170.9,-0.027946201258664653
170.95000000000002,-0.027928436878577687
171.0,-0.02747144763409646
171.05,-0.024529445648369407
171.10000000000002,-0.0213106956974918
171.15,-0.020063387432399736
171.20000000000002,-0.019768613071247932
171.25,-0.018602168559265005
171.3,-0.0171184058928862
171.35000000000002,-0.017931628262764013
171.4,-0.021364219600209282
171.45000000000002,-0.02667994067472944
171.5,-0.030850034066983466
171.55,-0.030085162389741644
171.60000000000002,-0.026756878518184153
171.65,-0.021700604110127752
171.70000000000002,-0.014223415052584915
171.75,-0.008646220242833817
171.8,-0.004516045670725207
171.85000000000002,-0.0008007983288183245
171.9,0.0011299021704017046
171.95000000000002,-0.0003081620825712777
172.0,-0.002251716390472117
172.05,0.0014399922008783484
172.10000000000002,0.005770722053738843
172.15,0.005817894687860732
172.20000000000002,0.0037165482837178093
172.25,0.0007279539962996395
172.3,-0.0020161743024901175
172.35000000000002,4.247681729066912e-05
172.4,0.00632282215085288
172.45000000000002,0.010258957126221045
172.5,0.01126660367521265
172.55,0.008806001099255138
172.60000000000002,0.004085723189295933
172.65,-0.0016716819192205098
172.70000000000002,-0.00900976649562247
172.75,-0.013712773147377988
172.8,-0.01516801340473645
172.85000000000002,-0.01437498686465747
172.9,-0.015421623526629272
172.95000000000002,-0.017552101674903096
173.0,-0.015574486438889956
173.05,-0.0163157907338606
173.10000000000002,-0.0194396092185686
173.15,-0.02113263171058492
173.20000000000002,-0.023914517768906927
173.25,-0.023334747898283856
173.3,-0.017127122418376044
173.35000000000002,-0.00558026939623939
173.4,0.008004410757789137
173.45000000000002,0.015057957313174001
173.5,0.017246489219637322
173.55,0.018778974623681954
173.60000000000002,0.01800153318809418
173.65,0.014909003931822016
173.70000000000002,0.011712085709274534
173.75,0.00980799615020803
173.8,0.008546576591502797
173.85000000000002,0.006828905700887255
173.9,0.0021480912782965815
173.95000000000002,-0.004632455928321171
174.0,-0.010312691320926753
174.05,-0.011436849228814
174.10000000000002,-0.007213388317097097
174.15,0.00045107175598151165
174.20000000000002,0.011808677234802818
174.25,0.018084036954512335
174.3,0.01769951240468194
174.35000000000002,0.018627423612709894
174.4,0.018220726699327665
174.45000000000002,0.018403836402289205
174.5,0.019650675433226662
174.55,0.017607782696655975
174.60000000000002,0.017480439047990976
174.65,0.021191056225533154
174.70000000000002,0.02207408707702935
174.75,0.01884592885739919
174.8,0.014324315469198283
174.85000000000002,0.006665087727299432
174.9,-0.002083786115300806
174.95000000000002,-0.007321109226316737
175.0,-0.009644175487317552
175.05,-0.008950188426685992
175.10000000000002,-0.004356410385892343
175.15,-0.0004670555555747915
175.20000000000002,-0.0003937282419852222
175.25,-0.0021583424372772857
175.3,-0.004768572474448248
175.35000000000002,-0.0044928116318764515
175.4,-0.001245643644273298
175.45000000000002,0.0005577533972791364
175.5,0.000744874078514907
175.55,-5.7681509076899226e-05
175.60000000000002,0.000299839689719396
175.65,0.0028782233310689544
175.70000000000002,0.005049743817837737
175.75,0.004819292185779336
175.8,0.001355184553415567
175.85000000000002,-0.0022693591008848962
175.9,-0.00253096121114354
175.95000000000002,0.000677336432343728
176.0,0.006101433179524694
176.05,0.009774294954232361
176.10000000000002,0.012126471395487705
176.15,0.015269370923570297
176.20000000000002,0.01631713595867173
176.25,0.01368567597233402
176.3,0.007172518374523356
176.35000000000002,7.644894369207266e-05
176.4,-0.00578238534689008
176.45000000000002,-0.012090487814532152
176.5,-0.016278313230466947
176.55,-0.016839531032023534
176.60000000000002,-0.015237064656403168
176.65,-0.01398068266203274
176.70000000000002,-0.011982474935529555
176.75,-0.007204706265975743
176.8,-0.0026725840415615693
176.85000000000002,0.0011343284846274846
176.9,0.0054885946030006376
176.95000000000002,0.010280559372823291
177.0,0.013352593365373353
177.05,0.014606220352180366
177.10000000000002,0.016962523273188847
177.15,0.020442402765172958
177.20000000000002,0.022210894443626568
177.25,0.0207637481720806
177.3,0.019716949062176838
177.35000000000002,0.01774770842245622
177.4,0.013198862514355219
177.45000000000002,0.007886359989910335
177.5,-5.437458339941372e-05
177.55,-0.007282839530117045
177.60000000000002,-0.009995198117586384
177.65,-0.013210930422475536
177.70000000000002,-0.017426564955085783
177.75,-0.01859451812280339
177.8,-0.01998293920928224
177.85000000000002,-0.019861314398584958
177.9,-0.017586098361155534
177.95000000000002,-0.01672687432555051
178.0,-0.016313904162762367
178.05,-0.016085326226404174
178.10000000000002,-0.013362392558197163
178.15,-0.008908523744054866
178.20000000000002,-0.005895440198827389
178.25,-0.004722040789152629
178.3,-0.0036492169155495037
178.35000000000002,-0.0004469755383454446
178.4,0.0020798831845790177
178.45000000000002,0.0012649021823126284
178.5,-0.001789015468592458
178.55,-0.0017398839836644034
178.60000000000002,0.0023201672534827696
178.65,0.0023712880645398917
178.70000000000002,0.0003402490130164592
178.75,-0.0017102316017797072
178.8,-0.00632402835175611
178.85000000000002,-0.007872880151762593
178.9,-0.008748941511904022
178.95000000000002,-0.011626637877743292
179.0,-0.01321294050901526
179.05,-0.014091377222647644
179.10000000000002,-0.012569924920034458
179.15,-0.01109383001974015
179.20000000000002,-0.011888747353111363
179.25,-0.009112600994973621
179.3,-0.0022870933391506455
179.35000000000002,0.003406647186579197
179.4,0.0058268162874347195
179.45000000000002,0.006660458909971419
179.5,0.006202023230947059
179.55,0.0037749730469811937
179.60000000000002,0.0010172503056260322
179.65,-0.00016989319397529707
179.70000000000002,0.0018059729614216206
179.75,0.00372546965493894
179.8,0.003967234252459417
179.85000000000002,0.005823327189690637
179.9,0.009138650058761626
179.95000000000002,0.010668677320868854
180.0,0.008068205043654719
180.05,0.0037535360666184512
180.10000000000002,0.00013897850546356748
180.15,-0.002283367191004504
180.20000000000002,-0.002589805322410263
180.25,-0.0012278771561684218
180.3,0.0014183588961479846
180.35000000000002,0.004418865764545428
180.4,0.005995192660478444
180.45000000000002,0.006680372156076073
180.5,0.008300223146500746
180.55,0.00966799350550606
180.60000000000002,0.009608311119074847
180.65,0.009720621574327942
180.70000000000002,0.009549011210543284
180.75,0.007058118054838782
180.8,0.004206719967114217
180.85000000000002,0.003017077328851127
180.9,0.0010140530281110183
180.95000000000002,-0.00204426081986393
181.0,-0.004092082004923456
181.05,-0.004960483894318748
181.10000000000002,-0.005815445227811841
181.15,-0.007601357782407406
181.20000000000002,-0.009226815472730054
181.25,-0.012322326675117894
181.3,-0.01636901416951517
181.35000000000002,-0.017170070598950867
181.4,-0.016655841980618574
181.45000000000002,-0.01542755654310887
181.5,-0.012415962455075496
181.55,-0.01072980253936613
181.60000000000002,-0.010562864404782187
181.65,-0.009427344550775561
181.70000000000002,-0.007279273786190226
181.75,-0.00466318315803746
181.8,-0.0004443403256676899
181.85000000000002,0.004008064854575928
181.9,0.005271678238836171
181.95000000000002,0.004196165497670074
182.0,0.003403282101220761
182.05,0.002747153763204774
182.10000000000002,0.0026326774085610313
182.15,0.004016120010192256
182.20000000000002,0.0053855592767208214
182.25,0.00809072711723872
182.3,0.012545503585189629
182.35000000000002,0.014638022990136175
182.4,0.015796270671930422
182.45000000000002,0.017895596055256726
182.5,0.019799973758348396
182.55,0.019171223814955864
182.60000000000002,0.013779363815258813
182.65,0.00893712072214298
182.70000000000002,0.00720017145270119
182.75,0.006813445252602288
182.8,0.006057204903702868
182.85000000000002,0.0006772472445613673
182.9,-0.0061089889152125265
182.95000000000002,-0.011182880719402334
183.0,-0.016692766863235523
183.05,-0.01584489105558908
183.10000000000002,-0.010201887357152679
183.15,-0.009613309980412293
183.20000000000002,-0.0076149889065473975
183.25,-0.004315077294285732
183.3,-0.004110716919046029
183.35000000000002,-0.00344470952348814
183.4,-0.006798840277398787
183.45000000000002,-0.011840624634058751
183.5,-0.012123464283828107
183.55,-0.010566266373230786
183.60000000000002,-0.006564520862306809
183.65,-0.0014948177473331048
183.70000000000002,0.0009651507086718553
183.75,0.006565080384167117
183.8,0.012660946268746129
183.85000000000002,0.016906765676368167
183.9,0.021541390230691074
183.95000000000002,0.020071383101530327
184.0,0.017559518769460183
184.05,0.016462239565709826
184.10000000000002,0.01211109662783505
184.15,0.009131079396902057
184.20000000000002,0.007529003406182422
184.25,0.006272225010988518
184.3,0.007184962810148731
184.35000000000002,0.009357940796600366
184.4,0.01199247542335113
184.45000000000002,0.01318414778796667
184.5,0.013628481194332792
184.55,0.015531975418888304
184.60000000000002,0.016615908006021668
184.65,0.016803242701120037
184.70000000000002,0.01820046339662724
184.75,0.02007236156505523
184.8,0.020281746798626394
184.85000000000002,0.0179784236391729
184.9,0.01303544470618105
184.95000000000002,0.0038476232300328995
185.0,-0.005677326837004464
185.05,-0.011067346587212274
185.10000000000002,-0.015284290882455366
185.15,-0.019748894287324487
185.20000000000002,-0.02358598105665484
185.25,-0.025550467231656455
185.3,-0.026430671094831545
185.35000000000002,-0.029151719995240768
185.4,-0.031936725712513554
185.45000000000002,-0.031700644507139095
185.5,-0.029267331328606122
185.55,-0.026922511027958007
185.60000000000002,-0.02591364876853666
185.65,-0.026947221101201516
185.70000000000002,-0.027760651757312262
185.75,-0.027921147128853022
185.8,-0.027433696630870884
185.85000000000002,-0.023209869237237828
185.9,-0.01819037197414872
185.95000000000002,-0.015475414801779558
186.0,-0.014057681726077128
186.05,-0.014881611698848047
186.10000000000002,-0.017021138875712383
186.15,-0.01591518885452943
186.20000000000002,-0.011800325978381586
186.25,-0.007650801492548931
186.3,-0.0032380508220313372
186.35000000000002,0.0014237429282127235
186.4,0.006085035139673481
186.45000000000002,0.010552175559641684
186.5,0.01454267862990049
186.55,0.019327355842187966
186.60000000000002,0.022319423599645033
186.65,0.019981472776356347
186.70000000000002,0.013939447377963642
186.75,0.005812901923818365
186.8,0.0010280783437495655
186.85000000000002,0.0020076279896948913
186.9,0.005593026705326831
186.95000000000002,0.010340745085450494
187.0,0.013476138784647927
187.05,0.013377607928558353
187.10000000000002,0.010927872827724072
187.15,0.010309487893166715
187.20000000000002,0.012318931338519743
187.25,0.014299530472851952
187.3,0.014352994281908964
187.35000000000002,0.013128870605911126
187.4,0.012659522481730651
187.45000000000002,0.010831456065584126
187.5,0.00990780010063852
187.55,0.010406142526865296
187.60000000000002,0.008448680588614714
187.65,0.0055425505674637195
187.70000000000002,0.003567391361286085
187.75,0.0017887237125080078
187.8,0.0005109262443641771
187.85000000000002,0.000732479522338364
187.9,0.0025834849085921807
187.95000000000002,0.0072788159913303166
188.0,0.012352620888298173
188.05,0.016001409129625617
188.10000000000002,0.01964406943253407
188.15,0.022715395787706857
188.20000000000002,0.025726969594158183
188.25,0.02843637973825448
188.3,0.02990152122767884
188.35000000000002,0.02832129284915806
188.4,0.025042711693620386
188.45000000000002,0.022512739354125035
188.5,0.01957626567581052
188.55,0.015706406369381056
188.60000000000002,0.011129669277602222
188.65,0.007812711137388961
188.70000000000002,0.004645935020338272
188.75,0.00038339848566678605
188.8,-0.002865908260151682
188.85000000000002,-0.005559999708031264
188.9,-0.009942953800131875
188.95000000000002,-0.014121177752450314
189.0,-0.014600468566162393
189.05,-0.012842964123684682
189.10000000000002,-0.011160414727105068
189.15,-0.010664012853537129
189.20000000000002,-0.010626983782669458
189.25,-0.01152710188649512
189.3,-0.012517016132529871
189.35000000000002,-0.011689554387548274
189.4,-0.013226768450685475
189.45000000000002,-0.015877059440212678
189.5,-0.015514796175888159
189.55,-0.012958310575620894
189.60000000000002,-0.007608181671150816
189.65,-0.001737221559062435
189.70000000000002,0.0019513631625997351
189.75,0.0031956070662061565
189.8,-8.399574918136058e-06
189.85000000000002,-0.005675616400412732
189.9,-0.011142668455488213
189.95000000000002,-0.016103774819540027
190.0,-0.02000940802105516
190.05,-0.022252745680004887
190.10000000000002,-0.02195606947797939
190.15,-0.020666329622880036
190.20000000000002,-0.018004072889218504
190.25,-0.014961681255880552
190.3,-0.011855397618643279
190.35000000000002,-0.006172946541627269
190.4,0.0003480886365838505
190.45000000000002,0.005665096628778144
190.5,0.007816117745757993
190.55,0.00759364907291462
190.60000000000002,0.007053629795702481
190.65,0.005443647583326677
190.70000000000002,0.0027257577417749384
190.75,0.0002210790703869582
190.8,-0.0009427059683842135
190.85000000000002,-0.0007460425501720962
190.9,-0.0026169332897835926
190.95000000000002,-0.007639956180162728
191.0,-0.010879532978366356
191.05,-0.011834199969819081
191.10000000000002,-0.012910059679712423
191.15,-0.014303140978795058
191.20000000000002,-0.01398023491053107
191.25,-0.011300529274297443
191.3,-0.009910400999972651
191.35000000000002,-0.011155922049210022
191.4,-0.014163109542906137
191.45000000000002,-0.017251485183750713
191.5,-0.017179684552484135
191.55,-0.014943825429817165
191.60000000000002,-0.013024450735872137
191.65,-0.009212262511382454
191.70000000000002,-0.0049046235725771475
191.75,-0.004326812315445662
191.8,-0.0050475404011551895
191.85000000000002,-0.003727613947311416
191.9,-0.0008311327667083018
191.95000000000002,0.001848887270878029
192.0,0.0021301588561556646
192.05,0.0015059298524028066
192.10000000000002,0.004352463705890084
192.15,0.009333496407557894
192.20000000000002,0.013167998003002883
192.25,0.01637763589156608
192.3,0.018511495288763204
192.35000000000002,0.02012957386233466
192.4,0.021639554648177985
192.45000000000002,0.021295145215319028
192.5,0.019527386435431716
192.55,0.017551055746508303
192.60000000000002,0.01585129416732781
192.65,0.01386060961323188
192.70000000000002,0.011664690264882075
192.75,0.009180939058436971
192.8,0.005896962146835969
192.85000000000002,0.0035379859346586807
192.9,0.0032818595768213275
192.95000000000002,0.004020303024362955
193.0,0.003946940421679233
193.05,0.004735095662127536
193.10000000000002,0.005281479533375276
193.15,0.0031015829828537973
193.20000000000002,0.0018773774775238848
193.25,0.0014390297605565055
193.3,-1.2250617336422883e-05
193.35000000000002,-0.0005791588843987156
193.4,-0.00069324010478044
193.45000000000002,-0.0007297448244841617
193.5,0.00012066316478693226
193.55,0.00011528703279376988
193.60000000000002,-2.1578989244147948e-05
193.65,-0.0022085041081661193
193.70000000000002,-0.007804702955626347
193.75,-0.01154316892251846
193.8,-0.013359177784905854
193.85000000000002,-0.013454508092788937
193.9,-0.011500729511643158
193.95000000000002,-0.006893927012919828
194.0,0.0001207997326765192
194.05,0.004702735218304333
194.10000000000002,0.00562561114419493
194.15,0.003713927443237943
194.20000000000002,0.0007320275335041611
194.25,-0.0022041347852899667
194.3,-0.003731069004443113
194.35000000000002,-0.004319259531376866
194.4,-0.00533132513070633
194.45000000000002,-0.0041553102711929645
194.5,-0.0025139628778756517
194.55,-0.0006416123184466084
194.60000000000002,0.002873136721688199
194.65,0.005536373906872193
194.70000000000002,0.005960321546465236
194.75,0.00568652873752899
194.8,0.007308578258157847
194.85000000000002,0.007029789249596334
194.9,0.003709717760539172
194.95000000000002,0.0012245473781306228
195.0,-0.000812775390863003
195.05,-0.0019981829911738438
195.10000000000002,-0.002129232308442043
195.15,-0.0010777425903021904
195.20000000000002,0.0007492656184323182
195.25,0.0017136704646709279
195.3,0.0019508360283927138
195.35000000000002,0.0009351600427452238
195.4,0.0007262099099745357
195.45000000000002,0.0029148275840665144
195.5,0.005203318010606681
195.55,0.007775749007843984
195.60000000000002,0.0091029877438402
195.65,0.007215922292409171
195.70000000000002,0.0072174288109807146
195.75,0.009403761570601427
195.8,0.010234940230874007
195.85000000000002,0.012163988210523944
195.9,0.013915093734722892
195.95000000000002,0.013517342652074058
196.0,0.012588915305486807
196.05,0.010340288966106148
196.10000000000002,0.00836329160170441
196.15,0.006809441017406678
196.20000000000002,0.003865324912226289
196.25,0.001016966737311889
196.3,-0.002376238031930054
196.35000000000002,-0.006732110712193745
196.4,-0.011649802531268938
196.45000000000002,-0.013934284970896937
196.5,-0.012052625119360687
196.55,-0.00865687271794957
196.60000000000002,-0.0030539268983994857
196.65,0.002101766246402094
196.70000000000002,0.0057294205681165476
196.75,0.007259893815541045
196.8,0.004737234106333731
196.85000000000002,0.0013732356313728546
196.9,-0.0014219420544677
196.95000000000002,-0.0026821101988994283
197.0,-0.003309789312044813
197.05,-0.003651538571516436
197.10000000000002,-0.0027389736146218946
197.15,-5.905948193201784e-05
197.20000000000002,0.0035615414358907737
197.25,0.0017119983773118128
197.3,-0.0027426472732394016
197.35000000000002,-0.005332152645925413
197.4,-0.007742175116093637
197.45000000000002,-0.007970860404528443
197.5,-0.0071113723461457435
197.55,-0.0076941895605858205
197.60000000000002,-0.00876689669507832
197.65,-0.009725826645918787
197.70000000000002,-0.011142516663242518
197.75,-0.01029964748477854
197.8,-0.005964725770117287
197.85000000000002,-0.0012834790351229394
197.9,0.002405589552235901
197.95000000000002,0.00527315794948741
198.0,0.005964354324919962
198.05,0.0038451606408128657
198.10000000000002,0.0012933330746261473
198.15,-0.0006838117159404794
198.20000000000002,-0.0013061322794883357
198.25,-0.0005179334331797249
198.3,-0.002172816754819374
198.35000000000002,-0.0043188285541764584
198.4,-0.004214689234666488
198.45000000000002,-0.005338101325249378
198.5,-0.005264991844306842
198.55,-0.004167437633917953
198.60000000000002,-0.004769348156768347
198.65,-0.006384602652375566
198.70000000000002,-0.009980591128735599
198.75,-0.011895750425828093
198.8,-0.012030063850275588
198.85000000000002,-0.011008959215774414
198.9,-0.006675062494460896
198.95000000000002,-0.0013486348739410298
199.0,0.0029425163840198464
199.05,0.004993247452130863
199.10000000000002,0.0056423964084270735
199.15,0.004482329986548507
199.20000000000002,0.00038296464015917465
199.25,-0.004674794600233548
199.3,-0.007641838108046278
199.35000000000002,-0.00811371582505532
199.4,-0.009032126869257683
199.45000000000002,-0.008975521225789825
199.5,-0.0065952128392660625
199.55,-0.006049428498679022
199.60000000000002,-0.006112253071286824
199.65,-0.0035788683376311407
199.70000000000002,-0.0022551598672079193
199.75,-0.0024194033117367715
199.8,-0.0020663404340544754
199.85000000000002,-0.0019222107488942612
199.9,-0.0011509726233804984
199.95000000000002,-0.0012234754579941237
200.0,-0.002929441542128563
200.05,-0.004457053553422485
200.10000000000002,-0.004918368900781045
200.15,-0.003686957105069974
200.20000000000002,-0.003227414127860858
200.25,-0.0045684190378025855
200.3,-0.006168452964185214
200.35000000000002,-0.00706252086009394
200.4,-0.0055416183853936206
200.45000000000002,-0.004417097772176249
200.5,-0.0053855945453852245
200.55,-0.006184341618358648
200.60000000000002,-0.005488221320507132
200.65,-0.002572595288433687
200.70000000000002,0.001670992898341881
200.75,0.005998856379579776
200.8,0.00859098376950116
200.85000000000002,0.011379553185416388
200.9,0.016684816607840457
200.95000000000002,0.021062393510797747
201.0,0.023102102121529924
201.05,0.02403622312771482
201.10000000000002,0.022551191757909587
201.15,0.020244603731316903
201.20000000000002,0.020233415222727685
201.25,0.019396035131136465
201.3,0.017149329068734162
201.35000000000002,0.016076646169005754
201.4,0.016283163673780653
201.45000000000002,0.016288220007028738
201.5,0.014853898874685939
201.55,0.013337235208435378
201.60000000000002,0.011418395220992531
201.65,0.008253123583337067
201.70000000000002,0.004573219625679792
201.75,0.0017536800044694121
201.8,0.00023664290865153614
201.85000000000002,-0.00013164138796479887
201.9,0.0007641736648408062
201.95000000000002,0.0018829939293462012
202.0,0.0034613376545906288
202.05,0.0054923767709268495
202.10000000000002,0.0068916953548317575
202.15,0.0068669311000834855
202.20000000000002,0.005740638208675711
202.25,0.004404307370601703
202.3,0.00259358781606788
202.35000000000002,-0.00010559212545536946
202.4,-0.004158608814358095
202.45000000000002,-0.007215498318821057
202.5,-0.0069746068696007035
202.55,-0.0064142177808162535
202.60000000000002,-0.006188156887018728
202.65,-0.0032966753560995056
202.70000000000002,-0.0010256824960448556
202.75,-0.0016158402949182473
202.8,-0.002384607627523105
202.85000000000002,-0.005026866020359784
202.9,-0.006646273596191679
202.95000000000002,-0.004367049896663298
203.0,-0.0027692861771268975
203.05,-0.0013924895282501778
203.10000000000002,0.001274071412188188
203.15,0.0029390309995502547
203.20000000000002,0.0017969164040546439
203.25,-0.0010789224738849564
203.3,-0.0029528403897400224
203.35000000000002,-0.0034405988388332433
203.4,-0.003512428340048532
203.45000000000002,-0.00389062177571577
203.5,-0.0034842583702470883
203.55,-0.0025544906728345836
203.60000000000002,-0.0014491084184742567
203.65,0.0007110077367239091
203.70000000000002,0.0010791383208768335
203.75,-0.00017307350679386524
203.8,-0.00020017825350679316
203.85000000000002,0.0003096757861187402
203.9,0.0006162389153020015
203.95000000000002,8.366771201937712e-05
204.0,-0.0030619538988041796
204.05,-0.0077845897715813055
204.10000000000002,-0.013359820211240114
204.15,-0.01948184205553508
204.20000000000002,-0.02328064075800853
204.25,-0.02509081382345317
204.3,-0.025782955925606522
204.35000000000002,-0.025609814338623263
204.4,-0.023858937789325844
204.45000000000002,-0.020054631108732335
204.5,-0.01692381479782843
204.55,-0.013580357120902322
204.60000000000002,-0.009644778220101898
204.65,-0.006932695979764879
204.70000000000002,-0.0025331561452831214
204.75,0.003243614598361216
204.8,0.007026109924061604
204.85000000000002,0.009801482938736436
204.9,0.01168371957318766
204.95000000000002,0.01297485615739754
205.0,0.014454837942900058
205.05,0.014198465248436399
205.10000000000002,0.011757181603866684
205.15,0.00899411383447817
205.20000000000002,0.008504422939637173
205.25,0.010332636319299073
205.3,0.011460005413229456
205.35000000000002,0.011605069861837031
205.4,0.011269108718043352
205.45000000000002,0.009179117119713694
205.5,0.008211141104599626
205.55,0.010337915734815486
205.60000000000002,0.011843005377319358
205.65,0.012327179197470462
205.70000000000002,0.011966533148120276
205.75,0.009796295914020989
205.8,0.0071100788755735864
205.85000000000002,0.003623243168279157
205.9,0.0007833155923852069
205.95000000000002,0.0008810491884910216
206.0,0.00189185974557069
206.05,0.0014234513585463715
206.10000000000002,9.390591477010393e-05
206.15,-0.0010746481364254724
206.20000000000002,-0.0017110649480496017
206.25,-0.001862216497152576
206.3,-0.001982013125202574
206.35000000000002,-0.0034137026039916434
206.4,-0.005994544791548725
206.45000000000002,-0.007862373023256956
206.5,-0.01028177852488369
206.55,-0.014192158920118485
206.60000000000002,-0.01772256070659191
206.65,-0.01970112343086996
206.70000000000002,-0.021393632005977062
206.75,-0.022478236243024693
206.8,-0.02098795830096733
206.85000000000002,-0.017277282892095073
206.9,-0.012958144980120583
206.95000000000002,-0.011086181905734798
207.0,-0.009772467139216616
207.05,-0.007291568159118931
207.10000000000002,-0.007747562031890618
207.15,-0.007866707617730534
207.20000000000002,-0.005824156770273317
207.25,-0.005552306125119614
207.3,-0.005148851672020631
207.35000000000002,-0.004587784188234642
207.4,-0.006029410171508665
207.45000000000002,-0.007102501292009072
207.5,-0.007776057569097463
207.55,-0.008349861221556353
207.60000000000002,-0.0070631439073410305
207.65,-0.005731456762506909
207.70000000000002,-0.00440345195492704
207.75,-0.002917375132603029
207.8,-0.0018694564833381642
207.85000000000002,-0.000595481367671551
207.9,0.0012803030626013239
207.95000000000002,0.004757084307444408
208.0,0.007121584185690957
208.05,0.008568092111554307
208.10000000000002,0.010483468745976292
208.15,0.01146837852001398
208.20000000000002,0.012290436766412009
208.25,0.012031007681910906
208.3,0.012252619260925345
208.35000000000002,0.013009415963603221
208.4,0.011754000743685296
208.45000000000002,0.009114243537636653
208.5,0.005322950815451122
208.55,0.0035618188055435668
208.60000000000002,0.004001566858691466
208.65,0.003082082135142422
208.70000000000002,0.0022183563063003036
208.75,0.0021190987089282844
208.8,0.003022895144889582
208.85000000000002,0.006220963238490008
208.9,0.009842825038081024
208.95000000000002,0.011450660565117588
209.0,0.01172941442899192
209.05,0.011772665972545462
209.10000000000002,0.009742468886427142
209.15,0.007322496299736495
209.20000000000002,0.006592080262069125
209.25,0.006517366482463535
209.3,0.007298992578495291
209.35000000000002,0.007700478811279914
209.4,0.008319716733218553
209.45000000000002,0.007579059960720934
209.5,0.004508724609183557
209.55,0.003861035560843304
209.60000000000002,0.005978154217324027
209.65,0.007741904180868595
209.70000000000002,0.0060468832770349925
209.75,0.0034205648660061423
209.8,0.0038698567655280087
209.85000000000002,0.005568761204298718
209.9,0.007640106142858971
209.95000000000002,0.00954648307713431
210.0,0.011514853884393257
210.05,0.013333398431458686
210.10000000000002,0.014072835210375736
210.15,0.012180445742052775
210.20000000000002,0.007105238714564195
210.25,0.0049837286337436485
210.3,0.0053809046045042224
210.35000000000002,0.00594174106521219
210.4,0.008577042289525856
210.45000000000002,0.008992003770804249
210.5,0.007869321514173218
210.55,0.008074013674283483
210.60000000000002,0.006895313266220051
210.65,0.004057503474390053
210.70000000000002,0.0010210232999525474
210.75,-0.00023146466692281197
210.8,-0.00025934991313644685
210.85000000000002,-0.0015739762738549575
210.9,-0.0021459705922365086
210.95000000000002,-0.0017917123120942428
211.0,-0.003612245427994424
211.05,-0.006425016418575928
211.10000000000002,-0.008586333577249477
211.15,-0.01174954642276882
211.20000000000002,-0.01366110306280921
211.25,-0.01282583507517903
211.3,-0.01340800197629722
211.35000000000002,-0.014035405795918313
211.4,-0.012906849953474603
211.45000000000002,-0.012571411210672474
211.5,-0.01318543598118469
211.55,-0.013220817169212685
211.60000000000002,-0.013882142598632735
211.65,-0.016229469805561243
211.70000000000002,-0.016900716841097514
211.75,-0.015614845794905682
211.8,-0.014438033593133092
211.85000000000002,-0.014211145668518945
211.9,-0.01452178813157947
211.95000000000002,-0.01460242998580086
212.0,-0.014278432116417248
212.05,-0.014045103315585346
212.10000000000002,-0.016127520443302183
212.15,-0.017068374785136193
212.20000000000002,-0.015339952359921204
212.25,-0.012629532692820864
212.3,-0.008232462898432864
212.35000000000002,-0.005466175866204321
212.4,-0.004446484596962715
212.45000000000002,-0.0029050551005907446
212.5,-0.001234182420347224
212.55,-0.00039330139949188665
212.60000000000002,0.0005250663552792098
212.65,0.0029787718600856297
212.70000000000002,0.005454616999149698
212.75,0.008561639939510417
212.8,0.012546356819802141
212.85000000000002,0.015265947968169179
212.9,0.017003862040811425
212.95000000000002,0.01816432282962203
213.0,0.017601250941344036
213.05,0.015081861634199719
213.10000000000002,0.01236045889736304
213.15,0.010351715941468501
213.20000000000002,0.008581700714094538
213.25,0.007633507297882474
213.3,0.008091029005998084
213.35000000000002,0.0084696240276249
213.4,0.006762826067757288
213.45000000000002,0.0044847927874899305
213.5,0.0017958116688373885
213.55,-0.0026138829531452135
213.60000000000002,-0.0060760871540019735
213.65,-0.008290572789529759
213.70000000000002,-0.009137573918064246
213.75,-0.008015823396711407
213.8,-0.007194291622957693
213.85000000000002,-0.0056059801353327094
213.9,-0.0027843680836645793
213.95000000000002,-0.0004113206429075043
214.0,0.0011428475948896842
214.05,0.0021336535809270917
214.10000000000002,0.0031452010747381937
214.15,0.0031607848726771114
214.20000000000002,0.0020941622218811364
214.25,0.0015589155932602993
214.3,0.0012450214772559791
214.35000000000002,0.0008568301047254169
214.4,0.0020837840094890575
214.45000000000002,0.003626509602559333
214.5,0.003316058284867664
214.55,0.0015337180103510892
214.60000000000002,-0.001324649939453484
214.65,-0.003623898804916992
214.70000000000002,-0.004234337068112552
214.75,-0.004783921219444737
214.8,-0.006594379284991639
214.85000000000002,-0.00754726524749129
214.9,-0.006563990067306196
214.95000000000002,-0.005667570211278312
215.0,-0.004550175831846361
215.05,-0.002145393686590383
215.10000000000002,0.0005193014544251693
215.15,0.0025384074298350524
215.20000000000002,0.0033982904962433077
215.25,0.0019255498434790916
215.3,-0.00019914648537898755
215.35000000000002,0.0006484392699108892
215.4,0.0036606244071900602
215.45000000000002,0.0073687613666238005
215.5,0.011381989623573363
215.55,0.013353303264413688
215.60000000000002,0.013892373511281229
215.65,0.013994551505887616
215.70000000000002,0.013696579523211178
215.75,0.013757850266417505
215.8,0.011681439830575124
215.85000000000002,0.007768797148444172
215.9,0.004602310586586924
215.95000000000002,0.0028874750431816024
216.0,0.002243415197214369
216.05,0.0009389785016843067
216.10000000000002,-0.00019357584217717826
216.15,-0.00023814489368684423
216.20000000000002,0.0005154274374122855
216.25,0.0008408469518506103
216.3,-0.0002843609393028721
216.35000000000002,-0.00026882137321926304
216.4,0.00046946257825779877
216.45000000000002,-0.0005211129095829268
216.5,-0.0021541605117614774
216.55,-0.0043028999542148935
216.60000000000002,-0.006954138438219452
216.65,-0.008976771166925523
216.70000000000002,-0.010960478482591442
216.75,-0.012508582992058842
216.8,-0.012360620604864453
216.85000000000002,-0.01207765613544649
216.9,-0.012896958982979205
216.95000000000002,-0.013240856765666971
217.0,-0.012041524413131548
217.05,-0.008466097686425578
217.10000000000002,-0.004448942750410043
217.15,-0.0027928033700804085
217.20000000000002,-0.0013588542838991024
217.25,-0.00018300750292902002
217.3,-0.00023762553051246435
217.35000000000002,-0.0005177644693822979
217.4,-0.0017811874570748756
217.45000000000002,-0.0027822001275654767
217.5,-0.0025563826083111092
217.55,-0.0028480548830449046
217.60000000000002,-0.003690732811099215
217.65,-0.004118998334422924
217.70000000000002,-0.004511722213479719
217.75,-0.004918590212442432
217.8,-0.004854686858688968
217.85000000000002,-0.004153102746594146
217.9,-0.002549111351947828
217.95000000000002,-0.0007256160996478251
218.0,-0.00045328860716307783
218.05,-0.0008260011708838967
218.10000000000002,-0.00021058452407137475
218.15,-0.0010257006254036367
218.20000000000002,-0.0023582357452459554
218.25,-0.0015130055481877016
218.3,0.0005709628399913552
218.35000000000002,0.004317296333274767
218.4,0.008961640605480213
218.45000000000002,0.011558515317748912
218.5,0.011343365494117998
218.55,0.010625293809647548
218.60000000000002,0.01053161001712968
218.65,0.010022870886848037
218.70000000000002,0.008874709927431789
218.75,0.007710376572550588
218.8,0.0061645662376253706
218.85000000000002,0.003481902290208433
218.9,0.0002904230358045584
218.95000000000002,-0.0033457805089629317
219.0,-0.006074823812314935
219.05,-0.007474686124105657
219.10000000000002,-0.008884657302606996
219.15,-0.010481799195933048
219.20000000000002,-0.010935391181862299
219.25,-0.009856354506045313
219.3,-0.009866187397932054
219.35000000000002,-0.009253083934642305
219.4,-0.0076609066914404235
219.45000000000002,-0.0060576456804543955
219.5,-0.0031297539816827922
219.55,-0.0019015822279952919
219.60000000000002,-0.0014843919961309941
219.65,-0.0002606074330216864
219.70000000000002,0.00028074957198399267
219.75,0.0017915885874932311
219.8,0.0037834165030993317
219.85000000000002,0.004861032897945126
219.9,0.006125373302436257
219.95000000000002,0.0069246463427634275
220.0,0.007556286314947892
220.05,0.009685371550014936
220.10000000000002,0.01096986481157713
220.15,0.011024871677355774
220.20000000000002,0.011851239891217894
220.25,0.011901644305027359
220.3,0.010840694697084449
220.35000000000002,0.008865005934283212
220.4,0.005814258579656315
220.45000000000002,0.003081430469805278
220.5,0.00075872831443209
220.55,-0.0006681772267574673
220.60000000000002,-0.0010016783884382514
220.65,-0.0006833743185264045
220.70000000000002,0.0006991395313504483
220.75,0.0024140043231420296
220.8,0.005137929006090941
220.85000000000002,0.009169727573621982
220.9,0.012594149178237687
220.95000000000002,0.014744809185438912
221.0,0.014698202488693387
221.05,0.01249801645011229
221.10000000000002,0.008831535435694213
221.15,0.004267265022188477
221.20000000000002,0.0012358315899096907
221.25,-0.00020889913028538496
221.3,-0.0002476237777246835
221.35000000000002,0.0014514032305298716
221.4,0.0027393608798951144
221.45000000000002,0.0037313985043050044
221.5,0.00337644365508046
221.55,-0.00029965206193386165
221.60000000000002,-0.004521709352722279
221.65,-0.007718300448038527
221.70000000000002,-0.009632941338022694
221.75,-0.009611890223780888
221.8,-0.008935991430574617
221.85000000000002,-0.00783804709818335
221.9,-0.00687944549825886
221.95000000000002,-0.0059206841116709995
222.0,-0.0042533230789859496
222.05,-0.0033139153518605543
222.10000000000002,-0.0026291813171430718
222.15,-0.0014445664946026134
222.20000000000002,-0.0002298289514200492
222.25,0.0006051617778512475
222.3,0.0019423234749615787
222.35000000000002,0.00400121176507916
222.4,0.004329773568274297
222.45000000000002,0.0029148004911104743
222.5,0.0016211763963652579
222.55,0.0009914560441175277
222.60000000000002,0.0001254900067349129
222.65,-0.0007843113222741403
222.70000000000002,-0.0011466817993417925
222.75,-0.0015230011815552627
222.8,-0.001893933115821
222.85000000000002,-0.0029146801993532954
222.9,-0.0032469679650140807
222.95000000000002,-0.00230172134480411
223.0,-0.0017909655802049002
223.05,-0.0016975549918725249
223.10000000000002,-0.0024630857812701157
223.15,-0.003493886901632077
223.20000000000002,-0.00374033782179809
223.25,-0.00330286838304654
223.3,-0.0030580572411449142
223.35000000000002,-0.0035127723772136773
223.4,-0.003914632785653968
223.45000000000002,-0.0040494507104809905
223.5,-0.003753542656014585
223.55,-0.00400948242725827
223.60000000000002,-0.0037285117741454317
223.65,-0.0017991135058830307
223.70000000000002,-0.0007461759184276919
223.75,-0.00027465363771322194
223.8,0.0002871965162971994
223.85000000000002,0.00040317575086165836
223.9,0.0010694242886259053
223.95000000000002,0.0019246197120212718
224.0,0.0024078140552859654
224.05,0.0027423957047907795
224.10000000000002,0.0027001981266703856
224.15,0.0027198107909021897
224.20000000000002,0.002243485936179895
224.25,0.0012051588493968818
224.3,0.0017709964041872017
224.35000000000002,0.002602114668742352
224.4,0.0012568912231243246
224.45000000000002,-0.0006480758554740719
224.5,-0.0015954016501098596
224.55,-0.002611946939321783
224.60000000000002,-0.0031311476488558626
224.65,-0.0015170359643012388
224.70000000000002,-0.00011560407732152901
224.75,-0.00016191804790305508
224.8,-0.0002437877921393471
224.85000000000002,-0.0009191415546983749
224.9,-0.003023188267189132
224.95000000000002,-0.0058633894876159
225.0,-0.008524421679174667
225.05,-0.010661893529825344
225.10000000000002,-0.011907457279726634
225.15,-0.013607161405314705
225.20000000000002,-0.01547170819585218
225.25,-0.01655921793001096
225.3,-0.01797618336414106
225.35000000000002,-0.018716442847054992
225.4,-0.01797845155758798
225.45000000000002,-0.01549805990495783
225.5,-0.011814217230921594
225.55,-0.008974853233350105
225.60000000000002,-0.00648185307200767
225.65,-0.0038277187801732163
225.70000000000002,-0.0026399634582100926
225.75,-0.0025027168459447044
225.8,-0.0017212971160476924
225.85000000000002,2.8538034248035435e-05
225.9,0.0025108776513767094
225.95000000000002,0.005097144583446022
226.0,0.006721977829008593
226.05,0.0074339356572957664
226.10000000000002,0.00855499758187301
226.15,0.00992650904746727
226.20000000000002,0.010507264106666808
226.25,0.010742280329451468
226.3,0.01116600803303372
226.35000000000002,0.011042071268565507
226.4,0.010156917104115377
226.45000000000002,0.009467206193727982
226.5,0.008312818999127194
226.55,0.005440942667570346
226.60000000000002,0.001628172715871918
226.65,-0.0019935597530899235
226.70000000000002,-0.004350415799042542
226.75,-0.00472688783529674
226.8,-0.003550134496450695
226.85000000000002,-0.0018647618355870884
226.9,-0.0003446693129367705
226.95000000000002,0.0019228787194384956
227.0,0.004644270439336099
227.05,0.005806904154970393
227.10000000000002,0.006642716067652212
227.15,0.008227333228557569
227.20000000000002,0.009464838085350492
227.25,0.011001257789892778
227.3,0.011580371745502333
227.35000000000002,0.010300296123671055
227.4,0.008817366832656355
227.45000000000002,0.006907032023301352
227.5,0.004506037123828124
227.55,0.002793205841478798
227.60000000000002,0.0014920789797888934
227.65,-0.00027627868535494936
227.70000000000002,-0.002224582467584226
227.75,-0.003990289804155346
227.8,-0.005139792444358842
227.85000000000002,-0.0049747781960298035
227.9,-0.0041001020568338835
227.95000000000002,-0.003837481483280421
228.0,-0.0033935865931301297
228.05,-0.002227817015420291
228.10000000000002,-0.001637939824601078
228.15,-0.001522537503146115
228.20000000000002,-0.0018356905049697792
228.25,-0.002591369053745788
228.3,-0.002812196920620494
228.35000000000002,-0.0025894032996828967
228.4,-0.0021144318215358835
228.45000000000002,-0.001226385949220842
228.5,2.622041548764512e-05
228.55,0.0018010865296579086
228.60000000000002,0.0032667578432274214
228.65,0.004135362761122057
228.70000000000002,0.005010562665602068
228.75,0.005874578266314838
228.8,0.0072771685305367895
228.85000000000002,0.008634807951690433
228.9,0.008988470983027108
228.95000000000002,0.008934824471525106
229.0,0.008800638005501894
229.05,0.008322382475562272
229.10000000000002,0.007492648941967905
229.15,0.007366043206095793
229.20000000000002,0.007615351088155549
229.25,0.007068136066770694
229.3,0.006401305695469986
229.35000000000002,0.005485871804610435
229.4,0.00445555432474614
229.45000000000002,0.0035780218636408422
229.5,0.002574762279748181
229.55,0.002666262204168905
229.60000000000002,0.003504537323114217
229.65,0.0038370921105922253
229.70000000000002,0.004161361214150164
229.75,0.003969057246110581
229.8,0.002556457172344317
229.85000000000002,0.0016033846637959078
229.9,0.0017444153645548108
229.95000000000002,0.002122311164365319
230.0,0.0035353408599651053
230.05,0.005983464102162117
230.10000000000002,0.007688561729545555
230.15,0.007995216982891285
230.20000000000002,0.00691875984882563
230.25,0.004858602628921438
230.3,0.0019282915080448928
230.35000000000002,-0.001076501655577477
230.4,-0.0025643914588938505
230.45000000000002,-0.003329536099724841
230.5,-0.003946903128683947
230.55,-0.004626541619051397
230.60000000000002,-0.006841141722191815
230.65,-0.010130803508566062
230.70000000000002,-0.012613682992017521
230.75,-0.014726205115727493
230.8,-0.016058974422284007
230.85000000000002,-0.016111565005737665
230.9,-0.015615249518521394
230.95000000000002,-0.013557757067788001
231.0,-0.011387818806500218
231.05,-0.009450227428291892
231.10000000000002,-0.006852685860462006
231.15,-0.005264910254015174
231.20000000000002,-0.004529628883049209
231.25,-0.0038405815297796867
231.3,-0.0030728343365421158
231.35000000000002,-0.002390113300366004
231.4,-0.0026638214920489825
231.45000000000002,-0.0033186635411838338
231.5,-0.0035847066798057044
231.55,-0.00354721955234608
231.60000000000002,-0.003166103959227393
231.65,-0.003417162875350144
231.70000000000002,-0.0035350507798781582
231.75,-0.001956511611815685
231.8,0.00030432651148293673
231.85000000000002,0.0016432389236135196
231.9,0.0025814316378245544
231.95000000000002,0.0033698167223309727
232.0,0.0028142069176925605
232.05,0.0017649966903595783
232.10000000000002,-0.00039028562694376663
232.15,-0.00397185651581358
232.20000000000002,-0.006444066265557512
232.25,-0.007669384193753736
232.3,-0.009028043213146432
232.35000000000002,-0.009486783679909272
232.4,-0.008076225512146294
232.45000000000002,-0.006885673711093857
232.5,-0.006078430093753341
232.55,-0.005132675259864053
232.60000000000002,-0.005347187762850389
232.65,-0.006032259743119271
232.70000000000002,-0.006053413185501187
232.75,-0.005365933332184517
232.8,-0.004260877209207512
232.85000000000002,-0.0033139691158827877
232.9,-0.002216983700667935
232.95000000000002,-0.00032272792462429746
233.0,0.001653138024117939
233.05,0.003553711011622198
233.10000000000002,0.005969292897929079
233.15,0.00853517036641688
233.20000000000002,0.010496958796618463
233.25,0.011709136908342575
233.3,0.012427035311563904
233.35000000000002,0.012705160447055476
233.4,0.012069606512867198
233.45000000000002,0.009713889604277989
233.5,0.007111866583394657
233.55,0.005646963803893004
233.60000000000002,0.0044815572175790405
233.65,0.0038667893935609636
233.70000000000002,0.0039837342686271935
233.75,0.003907532181362263
233.8,0.003163083707223175
233.85000000000002,0.0018212698847607945
233.9,-0.00013147014269704416
233.95000000000002,-0.0030879883574581996
234.0,-0.00609764616260089
234.05,-0.007856664371704321
234.10000000000002,-0.008904819665303295
234.15,-0.010046394385804912
234.20000000000002,-0.010948994063831973
234.25,-0.010867794504702839
234.3,-0.010372515716219598
234.35000000000002,-0.009623242812981915
234.4,-0.008651900230527674
234.45000000000002,-0.008466988032412569
234.5,-0.0076780875771277615
234.55,-0.006135063279242459
234.60000000000002,-0.0045208233831576525
234.65,-0.002109707464030709
234.70000000000002,-0.00011643040746234302
234.75,0.001992626820847308
234.8,0.00465885544157168
234.85000000000002,0.007028466034569729
234.9,0.00865730381413836
234.95000000000002,0.009806097067307885
235.0,0.012367924567506277
235.05,0.01465934606325316
235.10000000000002,0.015362039031572601
235.15,0.015091468288770657
235.20000000000002,0.014692869192333575
235.25,0.015662860031800657
235.3,0.01568617968275442
235.35000000000002,0.01465364566578959
235.4,0.013539451422643683
235.45000000000002,0.011808409749472747
235.5,0.010267426058783632
235.55,0.00796309387113222
235.60000000000002,0.006029706482012092
235.65,0.005138621715877138
235.70000000000002,0.004033997271102673
235.75,0.003465045020285481
235.8,0.003214581875639003
235.85000000000002,0.002947245275286853
235.9,0.0020953064999758744
235.95000000000002,0.000272697254205582
236.0,-0.0010489213285941037
236.05,-0.001611022103834098
236.10000000000002,-0.0016190114589825558
236.15,-0.0013974733279011704
236.20000000000002,-0.0016055668017054747
236.25,-0.001881957471769255
236.3,-0.002753851218376623
236.35000000000002,-0.004073714505176565
236.4,-0.0052763940500652065
236.45000000000002,-0.006344313762137063
236.5,-0.0069894029400433865
236.55,-0.008167467316792758
236.60000000000002,-0.009658109912029846
236.65,-0.010652033900963665
236.70000000000002,-0.0112045274000975
236.75,-0.01146071074516733
236.8,-0.01170085182966786
236.85000000000002,-0.011016239649832662
236.9,-0.009319229402588345
236.95000000000002,-0.008188663177918406
237.0,-0.00752252301278676
237.05,-0.006129825188824149
237.10000000000002,-0.004653759614454006
237.15,-0.0033891669147451467
237.20000000000002,-0.0022454077907380233
237.25,-0.0014107219517142337
237.3,-0.00017023615093275828
237.35000000000002,0.0012902054868031425
237.4,0.0024443946893317834
237.45000000000002,0.0033925530031171506
237.5,0.0038336515652304956
237.55,0.003665889369530811
237.60000000000002,0.003510913986320464
237.65,0.0029672842042300926
237.70000000000002,0.0023208748802962375
237.75,0.002647884511498757
237.8,0.003611950361859515
237.85000000000002,0.004450106624361552
237.9,0.004446898739801207
237.95000000000002,0.004045308112276912
238.0,0.0035262189446285453
238.05,0.0024261060290502387
238.10000000000002,0.0009761463869931012
238.15,-0.00043657423678411804
238.20000000000002,-0.0019098643203579225
238.25,-0.003824603590848533
238.3,-0.005099403439782232
238.35000000000002,-0.005355762281782851
238.4,-0.006285710714275868
238.45000000000002,-0.006990319495302033
238.5,-0.006912221413373714
238.55,-0.0075569956408870235
238.60000000000002,-0.007590925450325923
238.65,-0.0068636835896011775
238.70000000000002,-0.006315904954097645
238.75,-0.0047659890593815405
238.8,-0.0031445897534631098
238.85000000000002,-0.0016036158032404905
238.9,0.000638879336508541
238.95000000000002,0.0020862984787674093
239.0,0.00400528231722123
239.05,0.006485669661555288
239.10000000000002,0.007602862180746053
239.15,0.008069534694374755
239.20000000000002,0.007967739798907334
239.25,0.007192878488699211
239.3,0.00623803495490871
239.35000000000002,0.006140077260100398
239.4,0.006116671535754364
239.45000000000002,0.005214602800186484
239.5,0.004754807467835904
239.55,0.0035600882742046333
239.60000000000002,0.0011461531975238933
239.65,-0.0011157564169384348
239.70000000000002,-0.002633743745815958
239.75,-0.0024781433379210413
239.8,-0.0013234933951304843
239.85000000000002,-0.0008264977898194307
239.9,-0.0011079300409627803
239.95000000000002,-0.0010117492786707234
240.0,-0.0002616716392355096
240.05,-0.00012493032797102668
240.10000000000002,-0.0004370335728350064
240.15,-0.0010370833654606317
240.20000000000002,-0.0025277557778054308
240.25,-0.00385861549547732
240.3,-0.0050202829481504506
240.35000000000002,-0.006383668670904678
240.4,-0.007121521961558305
240.45000000000002,-0.007309505944851874
240.5,-0.008096479482759093
240.55,-0.00955631013433583
240.60000000000002,-0.009978798761844541
240.65,-0.00932442584874503
240.70000000000002,-0.008466367469767758
240.75,-0.007533790129769619
240.8,-0.006245427626835227
240.85000000000002,-0.003603951992872671
240.9,-0.0009628443859611793
240.95000000000002,-1.1758566145336258e-05
241.0,0.0008033915928582577
241.05,0.001673837516671345
241.10000000000002,0.0011361011315262472
241.15,-0.000583652603657703
241.20000000000002,-0.002468536455603423
241.25,-0.0030840439353830183
241.3,-0.0031779924347557285
241.35000000000002,-0.0033518732913845758
241.4,-0.002416523495644967
241.45000000000002,-0.0007211069325411242
241.5,0.002084106353158051
241.55,0.0055183970779207475
241.60000000000002,0.008178768272044803
241.65,0.010419739264403488
241.70000000000002,0.013131627945029704
241.75,0.016322399979371603
241.8,0.01874157140166799
241.85000000000002,0.020361573286816707
241.9,0.021907230737619122
241.95000000000002,0.023302264945181658
242.0,0.02423004569527512
242.05,0.024192481388581506
242.10000000000002,0.023334478929320553
242.15,0.02208960568684306
242.20000000000002,0.021059315147416158
242.25,0.020365955575505145
242.3,0.018877019208128155
242.35000000000002,0.016603661709304236
242.4,0.014700103334227424
242.45000000000002,0.013188279476161581
242.5,0.010819898400138368
242.55,0.007753640112476617
242.60000000000002,0.0056791248306643435
242.65,0.004373146213947147
242.70000000000002,0.003175115191435202
242.75,0.0016045065847927387
242.8,-0.001016635654160805
242.85000000000002,-0.004142153927515698
242.9,-0.007322310097591399
242.95000000000002,-0.01091266120935621
243.0,-0.01471260272849373
243.05,-0.017969760287339622
243.10000000000002,-0.02050888079471524
243.15,-0.021576191201291738
243.20000000000002,-0.021255153732054846
243.25,-0.020816012866620857
243.3,-0.020184523876617323
243.35000000000002,-0.01891453593873094
243.4,-0.017671820211597137
243.45000000000002,-0.016853648518122304
243.5,-0.015844783173358374
243.55,-0.014364760144125332
243.60000000000002,-0.012732195282302742
243.65,-0.01077941184799835
243.70000000000002,-0.008434952320059197
243.75,-0.006868439704336402
243.8,-0.006127392102774441
243.85000000000002,-0.00644897226954289
243.9,-0.007591037245485415
243.95000000000002,-0.008332871016644023
244.0,-0.009187318071395528
244.05,-0.0097333663085153
244.10000000000002,-0.009242377202279243
244.15,-0.00829426667849427
244.20000000000002,-0.007836862305048585
244.25,-0.007592679548474441
244.3,-0.007481264759709412
244.35000000000002,-0.00772260202028479
244.4,-0.007464277706889257
244.45000000000002,-0.006794320398083962
244.5,-0.006042905359343108
244.55,-0.005341577968232999
244.60000000000002,-0.004071284855995508
244.65,-0.002169731708762973
244.70000000000002,-0.0005434136001021358
244.75,0.00025711030309954444
244.8,0.0002254650456347907
244.85000000000002,0.0009782446080378467
244.9,0.002296871897811339
244.95000000000002,0.002563384634472622
245.0,0.0023728870167695425
245.05,0.002773637312124576
245.10000000000002,0.003930943744093173
245.15,0.005189647727745886
245.20000000000002,0.006209802306648226
245.25,0.007064289754198685
245.3,0.006895730511594346
245.35000000000002,0.005737481402584915
245.4,0.005102934741731825
245.45000000000002,0.005333672111607042
245.5,0.005683307695445055
245.55,0.005911710125501792
245.60000000000002,0.005985362188624445
245.65,0.00606378614327836
245.70000000000002,0.005930406863168158
245.75,0.004910505065766557
245.8,0.003644305030513489
245.85000000000002,0.002895799751709663
245.9,0.0031233530436930823
245.95000000000002,0.003975042236334873
246.0,0.00426510214321471
246.05,0.004559694642001108
246.10000000000002,0.005178841159590664
246.15,0.005286522391625417
246.20000000000002,0.004611663359367827
246.25,0.003451527039407905
246.3,0.0023780628939397324
246.35000000000002,0.002014124881494658
246.4,0.002375300934684074
246.45000000000002,0.003055166867821258
246.5,0.0035115515900975974
246.55,0.002872100302376273
246.60000000000002,0.0024124450919635267
246.65,0.0027025357496567363
246.70000000000002,0.002490524724652541
246.75,0.0025186388109120785
246.8,0.0025828718134896108
246.85000000000002,0.0019302424286756082
246.9,0.0007919302316554965
246.95000000000002,-0.000525426822661528
247.0,-0.0021092553134901652
247.05,-0.004412898947181363
247.10000000000002,-0.00630007165585271
247.15,-0.007526222257557137
247.20000000000002,-0.008732944906447899
247.25,-0.009427553385934678
247.3,-0.009409616255265724
247.35000000000002,-0.008549171164802857
247.4,-0.0069436317480167375
247.45000000000002,-0.005230802891841937
247.5,-0.0035342508553716195
247.55,-0.001394032672601028
247.60000000000002,0.000995615928956922
247.65,0.002928814267711298
247.70000000000002,0.004187369892037212
247.75,0.0051843104577869925
247.8,0.0063474352995007855
247.85000000000002,0.007688320563835734
247.9,0.009025901551986248
247.95000000000002,0.009766683310703517
248.0,0.00983460359998865
248.05,0.009819755083797224
248.10000000000002,0.009845900899066996
248.15,0.009408776734460816
248.20000000000002,0.008386403519207952
248.25,0.007580875348067144
248.3,0.006477745115056571
248.35000000000002,0.004657787272378065
248.4,0.003285816645171934
248.45000000000002,0.002301935389538706
248.5,0.0011535655358315524
248.55,0.0001720773866353849
248.60000000000002,0.00012841965841750604
248.65,0.0007534835682915989
248.70000000000002,0.0012683124008169208
248.75,0.002200109122139053
248.8,0.003252415058503113
248.85000000000002,0.00406748576463568
248.9,0.00577719387374749
248.95000000000002,0.007957518345890454
249.0,0.009052752059170447
249.05,0.009293450931461734
249.10000000000002,0.009070471363270619
249.15,0.008476227239652027
249.20000000000002,0.008437174416894783
249.25,0.008947111072797677
249.3,0.009067577002253462
249.35000000000002,0.008449211663801555
249.4,0.00745312748811048
249.45000000000002,0.005778473718908489
249.5,0.003500696916591768
249.55,0.0016740155376728473
249.60000000000002,3.091746228308904e-05
249.65,-0.0016406127157831683
249.70000000000002,-0.0027666581511578857
249.75,-0.0032957256160319067
249.8,-0.004012159985288998
249.85000000000002,-0.005205829315736242
249.9,-0.006537775785435424
249.95000000000002,-0.008887963948965126
250.0,-0.012027828538679121
250.05,-0.014949459498076943
250.10000000000002,-0.017330665123694432
250.15,-0.018568377702587863
250.20000000000002,-0.018992186533510435
250.25,-0.01895204213616954
250.3,-0.01825211382629797
250.35000000000002,-0.01702375893995536
250.4,-0.01612577512638686
250.45000000000002,-0.01588754822180456
250.5,-0.01559301623369804
250.55,-0.01498845270271824
250.60000000000002,-0.013895190161728995
250.65,-0.012684732599355476
250.70000000000002,-0.01144112022384094
250.75,-0.009494600605379315
250.8,-0.007694383036800487
250.85000000000002,-0.006998073575269853
250.9,-0.006707171267109727
250.95000000000002,-0.006110797575333998
251.0,-0.0058886755465765075
251.05,-0.006583982645502356
251.10000000000002,-0.007354883000215514
251.15,-0.007673154286554667
251.20000000000002,-0.007256913431733325
251.25,-0.006097965557410833
251.3,-0.004822729781260823
251.35000000000002,-0.0033840829730661113
251.4,-0.0015612260093275173
251.45000000000002,0.00024540114124441885
251.5,0.0016225827297610114
251.55,0.003290985156057174
251.60000000000002,0.005812771188111417
251.65,0.008178639422412183
251.70000000000002,0.00932039865583641
251.75,0.009723755053389843
251.8,0.009932107114170231
251.85000000000002,0.009608697590623166
251.9,0.009237436200621195
251.95000000000002,0.008301502074899793
252.0,0.0064483673774032016
252.05,0.004869020787110368
252.10000000000002,0.0039934724048366925
252.15,0.003980239324564156
252.20000000000002,0.004329069054049076
252.25,0.004760097155554367
252.3,0.0052495804590100646
252.35000000000002,0.005481321802342406
252.4,0.005833626301010976
252.45000000000002,0.005721797640924636
252.5,0.004890124534650903
252.55,0.004232946888613472
252.60000000000002,0.004073271433626656
252.65,0.004280950933434939
252.70000000000002,0.004510639645101774
252.75,0.004522993274968645
252.8,0.00418446933153154
252.85000000000002,0.0040073183685794544
252.9,0.004132683604201764
252.95000000000002,0.0043276064997648895
253.0,0.004315209943411816
253.05,0.004053377647782725
253.10000000000002,0.004701747734215165
253.15,0.0059786501368900204
253.20000000000002,0.006755396425420672
253.25,0.006813796646090777
253.3,0.006400192414889508
253.35000000000002,0.005691654095540712
253.4,0.004899986511812068
253.45000000000002,0.004897360231360013
253.5,0.005497322753108447
253.55,0.005533451585204808
253.60000000000002,0.004907328505509224
253.65,0.004316847110965593
253.70000000000002,0.0037779742745982763
253.75,0.0026091792464283123
253.8,0.0009116684941476883
253.85000000000002,-2.3375029749393953e-05
253.9,-9.095304770991991e-05
253.95000000000002,-0.0003157574734297723
254.0,-0.0003432572035068593
254.05,0.00045496674140543705
254.10000000000002,0.001631143271893175
254.15,0.002713545611510903
254.20000000000002,0.0033705847840080844
254.25,0.00339783387817388
254.3,0.003638109302765141
254.35000000000002,0.004688885446269443
254.4,0.005001245986156453
254.45000000000002,0.004004247404129816
254.5,0.0032691441668718456
254.55,0.002799718658295251
254.60000000000002,0.002240025065241872
254.65,0.0011556639678725604
254.70000000000002,-0.00044519094229025547
254.75,-0.0015246895796004383
254.8,-0.002378091597669366
254.85000000000002,-0.0025416745227702137
254.9,-0.002388353005002596
254.95000000000002,-0.0026753238180334733
255.0,-0.002700509712936151
255.05,-0.0025980712263707724
255.10000000000002,-0.0026754451088150787
255.15,-0.0031749895606500993
255.20000000000002,-0.0036816906497054414
255.25,-0.004560676916988623
255.3,-0.00585767337654637
255.35000000000002,-0.006520855121249633
255.4,-0.007281266493037757
255.45000000000002,-0.008181637394239567
255.5,-0.009063273726743063
255.55,-0.010316655210181337
255.60000000000002,-0.011037879248733107
255.65,-0.010870420391911462
255.70000000000002,-0.010530149552744577
255.75,-0.010436690711443458
255.8,-0.010332332803829322
255.85000000000002,-0.009988709590555388
255.9,-0.00918144701198132
255.95000000000002,-0.008260497762476011
256.0,-0.007818161447935313
256.05,-0.007238594194823174
256.1,-0.006240726381051633
256.15000000000003,-0.005235994372341106
256.2,-0.004059910036082897
256.25,-0.0024316022932168394
256.3,-0.001238018154250567
256.35,-0.0011886358098375158
256.40000000000003,-0.0016847768375214522
256.45,-0.0022914566999649513
256.5,-0.002473877005466173
256.55,-0.0017916626723723697
256.6,-0.0006085362245021588
256.65000000000003,0.0008074014615645469
256.7,0.0023216002881113894
256.75,0.00395242474852179
256.8,0.005503640450759742
256.85,0.006114853909013001
256.90000000000003,0.00610786342478999
256.95,0.005931629933041652
257.0,0.005328235029763
257.05,0.004589333820131304
257.1,0.004161492157183311
257.15000000000003,0.004451749845459569
257.2,0.004770195961806265
257.25,0.004500582057620465
257.3,0.004096660917162909
257.35,0.003544259488305766
257.40000000000003,0.0025914488939683617
257.45,0.001094697779451784
257.5,-0.0003169683955794497
257.55,-0.00043700303310753916
257.6,6.803950867707316e-05
257.65000000000003,0.0004683230418124503
257.7,0.0007279150629591511
257.75,-9.584317387675827e-06
257.8,-0.0007993398977761221
257.85,-0.0008288693315083057
257.90000000000003,-0.001021248248332348
257.95,-0.0013541185320432828
258.0,-0.0015759503082235834
258.05,-0.0019332834210503255
258.1,-0.002596599950805619
258.15000000000003,-0.00335768956465222
258.2,-0.0037168865612903237
258.25,-0.0036580222183689145
258.3,-0.0034320290414972315
258.35,-0.002563396775647901
258.40000000000003,-0.0012599388766548327
258.45,-0.0005323691398784523
258.5,-0.00017028270311516291
258.55,0.00034894183743315745
258.6,0.001222932773046534
258.65000000000003,0.0021764016115277843
258.7,0.0025725349890055736
258.75,0.0019837285024289822
258.8,0.0009347983435019345
258.85,0.001049707207633588
258.90000000000003,0.0023009027110533764
258.95,0.0038886746994306063
259.0,0.0057695002069285154
259.05,0.007442909675922288
259.1,0.008536793575252645
259.15000000000003,0.009198871121574796
259.2,0.00955011133574066
259.25,0.009434999574091782
259.3,0.009240008586147506
259.35,0.00945182379424473
259.40000000000003,0.009965635465802992
259.45,0.0107680629854694
259.5,0.011653285162231651
259.55,0.012094081154858397
259.6,0.011783618399942858
259.65000000000003,0.010972423153324865
259.7,0.010200081714896362
259.75,0.009565803091157952
259.8,0.008515816178558868
259.85,0.007233373175848405
259.90000000000003,0.006308167162737224
259.95,0.005416198225317215
260.0,0.0045259203264988255
260.05,0.0035650637344059703
260.1,0.002375918587084056
260.15000000000003,0.0010624864227449806
260.2,-0.0006459309313886409
260.25,-0.002632754748905496
260.3,-0.0044757768500418545
260.35,-0.005767960294194847
260.40000000000003,-0.006581771946163164
260.45,-0.006923801253643387
260.5,-0.0066982284619421595
260.55,-0.006394939143538005
260.6,-0.006117539900571291
260.65000000000003,-0.005902162791857436
260.7,-0.005691713414753977
260.75,-0.005702985089237205
260.8,-0.005947553835680498
260.85,-0.006028158729829103
260.90000000000003,-0.006178758991084181
260.95,-0.006105099864278828
261.0,-0.006134364980725518
261.05,-0.006451403123884723
261.1,-0.006296826224143814
261.15000000000003,-0.006355347780606795
261.2,-0.007083706402360881
261.25,-0.007988415016344777
261.3,-0.009006381777404563
261.35,-0.010386930463286858
261.40000000000003,-0.011905669022858986
261.45,-0.013330419195835956
261.5,-0.014622839876139037
261.55,-0.014663408939497987
261.6,-0.0135958437283617
261.65000000000003,-0.012621684798989589
261.7,-0.011517933154135416
261.75,-0.010283574450601319
261.8,-0.00944900100242165
261.85,-0.009121794346420088
261.90000000000003,-0.008661532750763102
261.95,-0.007445361111057067
262.0,-0.006129234897342015
262.05,-0.005277480258407257
262.1,-0.00420615473458606
262.15000000000003,-0.002844769478018111
262.2,-0.0019564779651075124
262.25,-0.0016330874529718283
262.3,-0.0017771584285062193
262.35,-0.002283066416391265
262.40000000000003,-0.002797249895678401
262.45,-0.0029857106370026944
262.5,-0.0028005159051443652
262.55,-0.0023382629031015963
262.6,-0.0014496082432492602
262.65000000000003,0.00020523567615447118
262.7,0.0023973188241888438
262.75,0.004162264874929787
262.8,0.005242177585808181
262.85,0.006037730250486216
262.90000000000003,0.006679700085899463
262.95,0.007367735347296895
263.0,0.008417866528861947
263.05,0.009680593370239072
263.1,0.01051433441094242
263.15000000000003,0.01046016649096533
263.2,0.009777823429435176
263.25,0.008896921131696722
263.3,0.00789313608329041
263.35,0.006983280480728223
263.40000000000003,0.006244826143635658
263.45,0.005665012743773988
263.5,0.005455460057133407
263.55,0.00522391516354681
263.6,0.004634219557232202
263.65000000000003,0.0041467259739530245
263.7,0.0038397000643505055
263.75,0.003573613461378482
263.8,0.0032638343561797426
263.85,0.0027840079711009364
263.90000000000003,0.002869369097066479
263.95,0.003469419384383084
264.0,0.003999058201737173
264.05,0.004730781907784884
264.1,0.00535417480692222
264.15000000000003,0.005763038734322127
264.2,0.0061204714812744905
264.25,0.006018037516725902
264.3,0.005431183210172625
264.35,0.004930641915626556
264.40000000000003,0.004611235044774682
264.45,0.004157549383929276
264.5,0.003936695758697642
264.55,0.004274660865908084
264.6,0.004700319519911744
264.65000000000003,0.005218855833822727
264.7,0.006111936524795113
264.75,0.006967323677962201
264.8,0.007745681901428814
264.85,0.00833221591755634
264.90000000000003,0.008523295571282497
264.95,0.00815441681525974
265.0,0.007242336219406902
265.05,0.006351985578106154
265.1,0.005043972108772831
265.15000000000003,0.003220663907147374
265.2,0.0017534182752094079
265.25,0.0007695817476701339
265.3,-0.00016165706039682461
265.35,-0.0009742382827077167
265.40000000000003,-0.0016019029520344254
265.45,-0.0027992591610313303
265.5,-0.004567323218136926
265.55,-0.006399460179641869
265.6,-0.00822701731007169
265.65000000000003,-0.00944833791183995
265.7,-0.00985183692531345
265.75,-0.010073546169891714
265.8,-0.010283767725792233
265.85,-0.010344579669074882
265.90000000000003,-0.010353220960000359
265.95,-0.010474205032701476
266.0,-0.010508923770421988
266.05,-0.009818791046720734
266.1,-0.00843816368636617
266.15000000000003,-0.0067936657556060915
266.2,-0.00509253114845076
266.25,-0.003620447167188465
266.3,-0.0019556226662526305
266.35,-5.056719216299249e-05
266.40000000000003,0.0012866081435083316
266.45,0.0016354681665481261
266.5,0.0012708790003179064
266.55,0.0007982894072017131
266.6,0.00029613285955272354
266.65000000000003,2.3904827409733448e-05
266.7,-0.0001471736432738367
266.75,-0.0005385213683999499
266.8,-0.000773660585874458
266.85,-0.0009542200871533919
266.90000000000003,-0.0009428747147042071
266.95,-0.000896549285546587
267.0,-0.001064595593325922
267.05,-0.0010150378163078838
267.1,-0.0009964284677075252
267.15000000000003,-0.0011766703114619611
267.2,-0.0015282307758096878
267.25,-0.0018409180740923225
267.3,-0.001561580644693474
267.35,-0.0007060036583138416
267.40000000000003,0.0004407312451257825
267.45,0.0013543896558902767
267.5,0.0016862098564097165
267.55,0.001625824867932865
267.6,0.001232511727916117
267.65000000000003,0.0006675574226876915
267.7,0.00041145316115143507
267.75,0.0006911642776468915
267.8,0.0013008651162374272
267.85,0.001807954186005095
267.90000000000003,0.0017373099636684287
267.95,0.0011835471631414325
268.0,0.0006802609989722872
268.05,2.3425157673629832e-05
268.1,-0.0008777975692643156
268.15000000000003,-0.001402573286693549
268.2,-0.0013377060530056508
268.25,-0.0007217291270701562
268.3,9.420877140799742e-05
268.35,0.0006777112515895897
268.40000000000003,0.0009337522452332579
268.45,0.0005776605043853546
268.5,-0.000400747430766878
268.55,-0.001433334812737835
268.6,-0.001956356146829171
268.65000000000003,-0.001789948280454638
268.7,-0.0012353487965466715
268.75,-0.0003432627558267508
268.8,0.0008393982232013398
268.85,0.0019295510357358477
268.90000000000003,0.003005850538917681
268.95,0.0038089834486977362
269.0,0.00393670399445856
269.05,0.0037170027766275943
269.1,0.003573891514780885
269.15000000000003,0.003546102141494163
269.2,0.003521848245099371
269.25,0.003343230026392797
269.3,0.0027333704046142763
269.35,0.0020268505078924765
269.40000000000003,0.001529505606490546
269.45,0.0008111463454911733
269.5,-0.00020367887995327672
269.55,-0.0014357102731424964
269.6,-0.002951814662122099
269.65000000000003,-0.0041351357243377945
269.7,-0.004657078269439752
269.75,-0.004849612763172383
269.8,-0.005027741018592092
269.85,-0.005599889987304693
269.90000000000003,-0.006373009895607788
269.95,-0.0070234945501424575
270.0,-0.007530771379508195
270.05,-0.00766366096426642
270.1,-0.007466668629874561
270.15000000000003,-0.0069307994032342946
270.2,-0.00578155406794518
270.25,-0.004491837005765764
270.3,-0.0036605171042016454
270.35,-0.003188167547494626
270.40000000000003,-0.0030657924444322704
270.45,-0.0031033340149032138
270.5,-0.00287437590841243
270.55,-0.0019574923692334293
270.6,-0.0004173495292756899
270.65000000000003,0.0010477701558265808
270.7,0.0023668125461915527
270.75,0.00328307031156897
270.8,0.0036638045170450193
270.85,0.003833821458960505
270.90000000000003,0.003682740325805014
270.95,0.0035986490483143883
271.0,0.0037304822050696833
271.05,0.0038161420837606436
271.1,0.003944275613453729
271.15000000000003,0.004109704830495144
271.2,0.0042880873897245715
271.25,0.004325922023865463
271.3,0.00412320730829296
271.35,0.003909326274584343
271.40000000000003,0.003685687577364458
271.45,0.0035579049469306105
271.5,0.003933228361141436
271.55,0.004396443923906873
271.6,0.004305960324854589
271.65000000000003,0.003662386269087793
271.7,0.0027186587720365975
271.75,0.0019001923161535998
271.8,0.001030325757119977
271.85,-0.00021352979801245048
271.90000000000003,-0.0012518488086339017
271.95,-0.0016180950277535696
272.0,-0.0014090802085289357
272.05,-0.0009481932188960853
272.1,-0.0002727576946409342
272.15000000000003,0.0005401765567300665
272.2,0.0010011297882441708
272.25,0.0011929527157703687
272.3,0.0013821525851630684
272.35,0.00195501250539801
272.40000000000003,0.0032800483886021438
272.45,0.0050332694085871085
272.5,0.006722997606196181
272.55,0.007880312130192848
272.6,0.008049467141018216
272.65000000000003,0.007253022920355148
272.7,0.005921177888712769
272.75,0.0042316018454821355
272.8,0.0025643860992649848
272.85,0.0009171361197337073
272.90000000000003,-0.0010826515754827832
272.95,-0.002914948108109264
273.0,-0.004529247822768669
273.05,-0.006017778741912005
273.1,-0.006752913927723533
273.15000000000003,-0.006854230910691995
273.2,-0.006621570761979189
273.25,-0.0060673118262023346
273.3,-0.005587116712485264
273.35,-0.005314138668287264
273.40000000000003,-0.004733142416128297
273.45,-0.003671053732444966
273.5,-0.002489000691520622
273.55,-0.0010063236736017396
273.6,0.0005567855565183541
273.65000000000003,0.0016767018771216158
273.7,0.0026844035330167862
273.75,0.003605239535869358
273.8,0.004269922333683103
273.85,0.0046564890161966445
273.90000000000003,0.004660530552576508
273.95,0.004444938453182956
274.0,0.004206141465678287
274.05,0.003795812262552451
274.1,0.003035679363314631
274.15000000000003,0.002291055757166119
274.2,0.0017895116774050573
274.25,0.0015020964976714113
274.3,0.0013451617245382433
274.35,0.0007910881950906495
274.40000000000003,-2.577986864280825e-05
274.45,-0.0005468907059485293
274.5,-0.0008848388155698125
274.55,-0.0012386572175919768
274.6,-0.001722737033108337
274.65000000000003,-0.0021508309704136044
274.7,-0.002606787148517687
274.75,-0.003583689166106781
274.8,-0.004777309999657963
274.85,-0.0058558740308344084
274.90000000000003,-0.0065097641834589446
274.95,-0.006343723292000203
275.0,-0.005924896285351886
275.05,-0.0054056029311666115
275.1,-0.004580630804376942
275.15000000000003,-0.00390114124149671
275.2,-0.003404668168646445
275.25,-0.003336956464675503
275.3,-0.0038022153084521196
275.35,-0.004186595159647477
275.40000000000003,-0.004374715206021133
275.45,-0.0041707448203348214
275.5,-0.00334212189190539
275.55,-0.0021469675825040945
275.6,-0.0007851118473416765
275.65000000000003,0.0006484196737970739
275.7,0.001713246580734549
275.75,0.0019719829715769007
275.8,0.0016621822037692303
275.85,0.0011549482400508811
275.90000000000003,0.0011294097163672672
275.95,0.0017019465992458402
276.0,0.0023800763258265347
276.05,0.003434091492297287
276.1,0.00444557132433557
276.15000000000003,0.0049218338368406086
276.2,0.005070488914762174
276.25,0.004679729996544929
276.3,0.004031029096875626
276.35,0.0035671569624922198
276.40000000000003,0.0029044282580259428
276.45,0.0017116596117023163
276.5,0.0003697374960889277
276.55,-0.0007398527020575879
276.6,-0.0018678445409108485
276.65000000000003,-0.0029381820171060407
276.7,-0.0036013200007423357
276.75,-0.003948689571604376
276.8,-0.004061540813531132
276.85,-0.003910131140658298
276.90000000000003,-0.0034367701677108765
276.95,-0.002737480359590998
277.0,-0.002043431715927776
277.05,-0.001362012277805663
277.1,-0.0007485205918399471
277.15000000000003,-0.00042174979465872914
277.2,-0.00022040306680716335
277.25,4.1570155558769455e-05
277.3,0.0002541734546640506
277.35,0.00024073494805300285
277.40000000000003,-1.2122312965406576e-05
277.45,-0.00026345039485525535
277.5,-0.00044098627364752487
277.55,-0.0005640957816937241
277.6,-0.00041379003899144243
277.65000000000003,0.0001949832043116421
277.7,0.0009372289733565454
277.75,0.0016602304412500167
277.8,0.0024298624134969724
277.85,0.0033100034020035665
277.90000000000003,0.004391880808413986
277.95,0.0052081654359864985
278.0,0.0055887728006256895
278.05,0.00569959078885941
278.1,0.005655602373939611
278.15000000000003,0.005489743795736044
278.2,0.005177658324688806
278.25,0.004756674009892826
278.3,0.0041030198604764005
278.35,0.003591792991768573
278.40000000000003,0.0031066086709860556
278.45,0.002376171588939158
278.5,0.0021548704422277047
278.55,0.002532335797972011
278.6,0.002700076043064526
278.65000000000003,0.0024834156351650313
278.7,0.002439512011794976
278.75,0.0025334287825166573
278.8,0.002627621349919658
278.85,0.002788364495143222
278.90000000000003,0.0027533469578878817
278.95,0.002755133169227462
279.0,0.0028284572837707343
279.05,0.0025491109669238663
279.1,0.0020055284241457497
279.15000000000003,0.0014083158380172691
279.2,0.0011693037061461177
279.25,0.0014086675841065537
279.3,0.0012306810381674958
279.35,0.00042793207115661804
279.40000000000003,-0.0003623688591164888
279.45,-0.0010651608873080362
279.5,-0.0018856592873005241
279.55,-0.002681528283408886
279.6,-0.003423021468422399
279.65000000000003,-0.004273631136163938
279.7,-0.00474945862343078
279.75,-0.004745497139621341
279.8,-0.00486841010838461
279.85,-0.005165705146693645
279.90000000000003,-0.0055361673439180215
279.95,-0.0059923688728660066
280.0,-0.00632509585906262
280.05,-0.0064626771295204005
280.1,-0.006305692986622867
280.15000000000003,-0.005662296033341352
280.2,-0.00478860169035279
280.25,-0.0038626708331313832
280.3,-0.003187730167036071
280.35,-0.003243676019965576
280.40000000000003,-0.0036689762216611946
280.45,-0.004058779191830787
280.5,-0.004408884582941486
280.55,-0.0046156774452934405
280.6,-0.004631238481997244
280.65000000000003,-0.004512851577800359
280.7,-0.004323389897490168
280.75,-0.004073224418794267
280.8,-0.003673910464273437
280.85,-0.0031222438888394767
280.90000000000003,-0.002447759174050209
280.95,-0.00172330968179419
281.0,-0.001088424042222629
281.05,-0.0007203602465883138
281.1,-0.00085087434304381
281.15000000000003,-0.0010679249193094372
281.2,-0.0011946311744507904
281.25,-0.0015463926255105626
281.3,-0.0019091977164335304
281.35,-0.0021566711577154975
281.40000000000003,-0.002407380092709865
281.45,-0.0025634959318947747
281.5,-0.00213272701926114
281.55,-0.001250808580425983
281.6,-0.0004914577644632301
281.65000000000003,0.00018745770536686068
281.7,0.00031482872040787747
281.75,-0.0005195677463404476
281.8,-0.0014728957219084496
281.85,-0.0018903681761683253
281.90000000000003,-0.0020023448234161873
281.95,-0.0016493139636393945
282.0,-0.0008516282040175574
282.05,-0.0002660516235092411
282.1,0.00023877907292886257
282.15000000000003,0.0008920440758542014
282.2,0.0014791521709006574
282.25,0.002178577452152047
282.3,0.0032879709425690886
282.35,0.004519277341596252
282.40000000000003,0.005660698415958585
282.45,0.00669686848632808
282.5,0.0073878408911818814
282.55,0.007850402039200352
282.6,0.008092341408852982
282.65000000000003,0.0081230449399946
282.7,0.00813874895614603
282.75,0.008212918547663078
282.8,0.008140139183732888
282.85,0.007665488224500291
282.90000000000003,0.007103378875017199
282.95,0.0065771806193150005
283.0,0.0059555381781512765
283.05,0.005167782300237332
283.1,0.004521736079966875
283.15000000000003,0.004400880673356143
283.2,0.004312533366285955
283.25,0.003989589454346319
283.3,0.003404895399086903
283.35,0.0024781962767102565
283.40000000000003,0.0018778381551789534
283.45,0.0021068753151595693
283.5,0.0028281310914062504
283.55,0.0035491184095919554
283.6,0.004015305154965292
283.65000000000003,0.003929438507465621
283.7,0.0031819146121694654
283.75,0.0022921540781854206
283.8,0.0015294443196762935
283.85,0.0006396500967876061
283.90000000000003,-7.42050609082954e-05
283.95,-0.00023643376659831855
284.0,-0.0003279488303116128
284.05,-0.000712681950489811
284.1,-0.0012187660707284706
284.15000000000003,-0.0019498198259697813
284.2,-0.002734176396186228
284.25,-0.0034642495260953842
284.3,-0.004613966903367146
284.35,-0.005824012993445914
284.40000000000003,-0.0067815855745428045
284.45,-0.007578925957066991
284.5,-0.007664677890029534
284.55,-0.0071213012470190745
284.6,-0.0064558628199319935
284.65000000000003,-0.005621264705200115
284.7,-0.00467880657257047
284.75,-0.003745284466129961
284.8,-0.0029259160826853774
284.85,-0.002252855608802355
284.90000000000003,-0.0014955479704259133
284.95,-0.0004925090254975686
285.0,0.000413287786640618
285.05,0.0008720817847819704
285.1,0.0012098500645673568
285.15000000000003,0.0013988306469168493
285.2,0.0012599443597184296
285.25,0.0009820249010244664
285.3,0.00047343008925173106
285.35,-0.00023211625787575635
285.40000000000003,-0.0007810875263961992
285.45,-0.0009463208211836998
285.5,-0.0006407912180662728
285.55,0.00017721111722096618
285.6,0.0011814835776541614
285.65000000000003,0.001946209930947984
285.7,0.0022126621185223007
285.75,0.002189040149969564
285.8,0.002398356279590599
285.85,0.002848984487477564
285.90000000000003,0.0034067653770562065
285.95,0.0038682693278771847
286.0,0.004113910481449015
286.05,0.004016517549059681
286.1,0.003375856140000208
286.15000000000003,0.0024536293570973323
286.2,0.0013582271353515224
286.25,0.0001323625417722833
286.3,-0.0008342990330942511
286.35,-0.0014211890466493573
286.40000000000003,-0.0019618901026532067
286.45,-0.002299899837767253
286.5,-0.0021471611571585334
286.55,-0.001865801888354769
286.6,-0.001599756961924446
286.65000000000003,-0.0014460484449836533
286.7,-0.0016284611005786904
286.75,-0.002052174361369091
286.8,-0.002622566780695749
286.85,-0.0032110798005922803
286.90000000000003,-0.0035881430519571545
286.95,-0.003912460338032997
287.0,-0.0042764587670966305
287.05,-0.004369517865569469
287.1,-0.004303826827722534
287.15000000000003,-0.004341095043498651
287.2,-0.0045703539918788005
287.25,-0.004827507533681676
287.3,-0.004835869387086572
287.35,-0.004752342838307898
287.40000000000003,-0.004493280090554034
287.45,-0.0040303296137702595
287.5,-0.003908468439549958
287.55,-0.004264236177066914
287.6,-0.004583587375109125
287.65000000000003,-0.004714799360331489
287.7,-0.004879252116129196
287.75,-0.004800854587737431
287.8,-0.004395955901507968
287.85,-0.0038288417128706383
287.90000000000003,-0.0030789427082039376
287.95,-0.002420937761148141
288.0,-0.0019446508168040895
288.05,-0.0013695973519807086
288.1,-0.0005163039412799042
288.15000000000003,0.0005146262270321973
288.2,0.0015291646522483633
288.25,0.0024925853869570374
288.3,0.0033929200894150958
288.35,0.004113995175892963
288.40000000000003,0.004519874054700849
288.45,0.004911803498524726
288.5,0.005444504029524653
288.55,0.005732704915443652
288.6,0.0056135199807145165
288.65000000000003,0.0050448373995959335
288.7,0.004385196846683458
288.75,0.0036976898355815333
288.8,0.002630782329992457
288.85,0.0015869316723654324
288.90000000000003,0.0007805463569805887
288.95,0.00016452324485234846
289.0,-0.0002765002679804784
289.05,-0.0006694785136211849
289.1,-0.0009097986118188944
289.15000000000003,-0.0009134094924358628
289.2,-0.0007437847357294323
289.25,-0.0006085289262485204
289.3,-0.0005902803575619282
289.35,-0.000548893774044682
289.40000000000003,-0.00032545926244606206
289.45,0.0001912219180427407
289.5,0.0010386858045628902
289.55,0.002042863406273351
289.6,0.0029288737272469825
289.65000000000003,0.003578742323909668
289.7,0.003885274273079724
289.75,0.004001188766740804
289.8,0.004373854219905316
289.85,0.004968539284196201
289.90000000000003,0.005462849624732653
289.95,0.005917474919802033
290.0,0.006374139913699263
290.05,0.0064074416142793494
290.1,0.005719139122715055
290.15000000000003,0.004707889332996339
290.2,0.0037713506508662777
290.25,0.0027939399016151992
290.3,0.0018215718786198608
290.35,0.0011582788583936532
290.40000000000003,0.0007481651568536552
290.45,0.00041575814643917547
290.5,-2.359795742707327e-05
290.55,-0.0006475591236486486
290.6,-0.0012610910152425214
290.65000000000003,-0.0017887361973875908
290.7,-0.0021684125167574413
290.75,-0.0023657862387759126
290.8,-0.0023171786883006734
290.85,-0.0018628907897233298
290.90000000000003,-0.0011145168865350093
290.95,-0.00039825063458534267
291.0,8.847359733824888e-05
291.05,0.000456645118721203
291.1,0.0007320123245114497
291.15000000000003,0.0009652768619836798
291.2,0.0013594557271540192
291.25,0.0017789982832531954
291.3,0.0021662083749757455
291.35,0.002462591275380312
291.40000000000003,0.0025214170413382538
291.45,0.0024832190763149613
291.5,0.002534445004636734
291.55,0.0026772866625719618
291.6,0.0026166911876394873
291.65000000000003,0.002224494006980519
291.7,0.0017843612878123436
291.75,0.001477550588469124
291.8,0.0012303957850380595
291.85,0.0011702553490109647
291.90000000000003,0.0014923611006947511
291.95,0.0018176178988959844
292.0,0.001694665774147832
292.05,0.0011424663595645294
292.1,0.0001975486818700676
292.15000000000003,-0.0009504440323511218
292.2,-0.001697442488209207
292.25,-0.0019841594445026128
292.3,-0.0022543676386365505
292.35,-0.002555180506467337
292.40000000000003,-0.003106388611993134
292.45,-0.0038902259781064402
292.5,-0.004513228133354631
292.55,-0.005171229424265652
292.6,-0.005783979598103681
292.65000000000003,-0.006042655040506893
292.7,-0.006104760646709374
292.75,-0.0061086367478941405
292.8,-0.00591134874539042
292.85,-0.005445420705580461
292.90000000000003,-0.004994121105866237
292.95,-0.004621527509419576
293.0,-0.004263157261184646
293.05,-0.004025208487607903
293.1,-0.003808662300491178
293.15000000000003,-0.003504717715677293
293.2,-0.0031712620000157654
293.25,-0.0029374489315299496
293.3,-0.002922450583732672
293.35,-0.0031186754902262394
293.40000000000003,-0.003438481392027919
293.45,-0.0036423094983069337
293.5,-0.0036644758989906154
293.55,-0.003709591459261026
293.6,-0.0038549046829020397
293.65000000000003,-0.004033932306547452
293.7,-0.004012504065712839
293.75,-0.00378262694796204
293.8,-0.003573863954548058
293.85,-0.003377622778609712
293.90000000000003,-0.003215254998052193
293.95,-0.0029951231037632763
294.0,-0.00258127223720808
294.05,-0.0021184231040883897
294.1,-0.0015333035411016682
294.15000000000003,-0.000839678722169142
294.2,-0.00021860126876135753
294.25,0.0004111862112992208
294.3,0.001056280583365105
294.35,0.0016470211460028067
294.40000000000003,0.0021947957496187727
294.45,0.0027187776334232235
294.5,0.003258701535580255
294.55,0.0038209643575781724
294.6,0.004254057841219278
294.65000000000003,0.004386710488103337
294.7,0.004283010950560989
294.75,0.004014034626288003
294.8,0.003571005855851268
294.85,0.002939559177327092
294.90000000000003,0.00206899673553303
294.95,0.0013064771699073643
295.0,0.0011309126934401733
295.05,0.0015375187758693684
295.1,0.0023045159106179092
295.15000000000003,0.003362240076522525
295.2,0.004498293520011571
295.25,0.00539387687008515
295.3,0.006114472496782995
295.35,0.006469041560141928
295.40000000000003,0.006518474181108036
295.45,0.006648652943898685
295.5,0.006533390186874825
295.55,0.006126374973345091
295.6,0.0057046917887026306
295.65000000000003,0.005231810510237256
295.7,0.004662816213130235
295.75,0.004125071677246931
295.8,0.003688047356661138
295.85,0.0033265899942906884
295.90000000000003,0.0028927752020957865
295.95,0.0021350716610478862
296.0,0.0011824367999635902
296.05,0.00021712800697694674
296.1,-0.0005434634325857155
296.15000000000003,-0.0008695698204878227
296.2,-0.0008632041339214568
296.25,-0.0007834863225938816
296.3,-0.0008015012446297684
296.35,-0.0008607593291699605
296.40000000000003,-0.0011319470666439357
296.45,-0.001679949026203096
296.5,-0.0021945509123997876
296.55,-0.0025879234189369825
296.6,-0.002781420495075181
296.65000000000003,-0.0029093985895794977
296.7,-0.0032409628250749853
296.75,-0.0036972687005272335
296.8,-0.004166333992925132
296.85,-0.004592870935408452
296.90000000000003,-0.005017213488864728
296.95,-0.005449751896383822
297.0,-0.005936011102516298
297.05,-0.006462426759597612
297.1,-0.006872302215220595
297.15000000000003,-0.006981392583304975
297.2,-0.006683307833777964
297.25,-0.006281891876310702
297.3,-0.005597891349905476
297.35,-0.004258814137496657
297.40000000000003,-0.0028380014944841604
297.45,-0.0016289177433625054
297.5,-0.000377450342837046
297.55,0.0008712720349816542
297.6,0.0020286018110832857
297.65000000000003,0.003024855789417399
297.7,0.003922902980619797
297.75,0.004658649406757407
297.8,0.005064594111304861
297.85,0.0054529398853380776
297.90000000000003,0.005966006752392636
297.95,0.006298151456750004
298.0,0.0062531262977324285
298.05,0.005994611137014699
298.1,0.005735194420150413
298.15000000000003,0.005295396967315392
298.2,0.004630487866620526
298.25,0.004144298269822853
298.3,0.004040034136914236
298.35,0.004309496395136053
298.40000000000003,0.005050088770145614
298.45,0.006033822935177903
298.5,0.006848255255700485
298.55,0.007604164825357765
298.6,0.008302935262447063
298.65000000000003,0.008486209203320534
298.7,0.008215458428002627
298.75,0.00778811417343566
298.8,0.0071680310903285745
298.85,0.006386538081357876
298.90000000000003,0.005479555797073748
298.95,0.004415331659047884
299.0,0.003374117431698349
299.05,0.0024726838742983905
299.1,0.0015143876595957789
299.15000000000003,0.00047905626447000287
299.2,-0.0004979728469509765
299.25,-0.0014059289952593197
299.3,-0.0022663805471424027
299.35,-0.0030573765982674795
299.40000000000003,-0.003785911580121657
299.45,-0.004608899249059019
299.5,-0.00533510308972039
299.55,-0.005744340000256255
299.6,-0.006135855870830182
299.65000000000003,-0.0067316402112080394
299.7,-0.0074278904137092825
299.75,-0.008142163235412343
299.8,-0.008832139729179386
299.85,-0.009224132396563495
299.90000000000003,-0.009240287135386674
299.95,-0.00905607583000714
300.0,-0.008698047769571272
300.05,-0.008238066794226201
300.1,-0.007727234726023703
300.15000000000003,-0.007148779374657311
300.2,-0.006585142405922478
300.25,-0.0061491079991327635
300.3,-0.005826297081275322
300.35,-0.005480557263381268
300.40000000000003,-0.005185743060661923
300.45,-0.005193376313825224
300.5,-0.005344544811183625
300.55,-0.005400484751841344
300.6,-0.005514099931775968
300.65000000000003,-0.005590156956634813
300.7,-0.005391486868083242
300.75,-0.00493564417861996
300.8,-0.004453184832163971
300.85,-0.0041407275241332215
300.90000000000003,-0.0039086250917497066
300.95,-0.003697573094349676
301.0,-0.0033007421086789384
301.05,-0.0026544347909359146
301.1,-0.00201415699395194
301.15000000000003,-0.0012655051046585636
301.2,-0.0002805004199873715
301.25,0.0007033189887563269
301.3,0.0014835497996692794
301.35,0.001991938439785605
301.40000000000003,0.0023003698629454603
301.45,0.0025807424707615613
301.5,0.0028051281971994244
301.55,0.0027290037974798615
301.6,0.0023655647626208876
301.65000000000003,0.0019398110536053268
301.7,0.0013160165885769592
301.75,0.0005009890841215192
301.8,-0.00016348947277156518
301.85,-0.000554827645739946
301.90000000000003,-0.0006877774811901105
301.95,-0.0004108017501839336
302.0,0.00033361229850326936
302.05,0.001165594318895659
302.1,0.0019476210528375404
302.15000000000003,0.0027551711142049322
302.2,0.003402011749968976
302.25,0.0038731899516013446
302.3,0.004257558468370182
302.35,0.004449333285609759
302.40000000000003,0.004314981836025722
302.45,0.0038670981598891803
302.5,0.0032673972825880133
302.55,0.0027614371306188008
302.6,0.0024037320107996862
302.65000000000003,0.0021791258518245975
302.7,0.0022269733951419666
302.75,0.002430906515040872
302.8,0.0025887168453024127
302.85,0.002751522174167839
302.90000000000003,0.0028624414039129737
302.95,0.0026901187144612953
303.0,0.002348752100371777
303.05,0.0021753226997137803
303.1,0.002458501201214038
303.15000000000003,0.003369976115783792
303.2,0.004541643603049075
303.25,0.005525348636512646
303.3,0.006241247426487715
303.35,0.006739253049523945
303.40000000000003,0.007018971814922214
303.45,0.007077014881162019
303.5,0.0071211981158714735
303.55,0.007353747083604282
303.6,0.007558468238938502
303.65000000000003,0.0073618611557014005
303.7,0.006831600529146962
303.75,0.006098043231871834
303.8,0.005120065752649891
303.85,0.0039363947042024925
303.90000000000003,0.002711920317278277
303.95,0.0016326926064987501
304.0,0.0007432253101640484
304.05,5.030198789994237e-05
304.1,-0.0005616658477134977
304.15000000000003,-0.0011769258606256462
304.2,-0.001791890409712317
304.25,-0.002309946226908407
304.3,-0.002715928469980995
304.35,-0.003020025492984605
304.40000000000003,-0.0031156443430815674
304.45,-0.0033088217664956738
304.5,-0.00365426450760672
304.55,-0.0038551364921077225
304.6,-0.003915639742565771
304.65000000000003,-0.003795659502269827
304.7,-0.003535730768142757
304.75,-0.003317924529666828
304.8,-0.0031686030195606633
304.85,-0.003006529819263843
304.90000000000003,-0.0027698326625128903
304.95,-0.0026459738141776023
305.0,-0.002671497745910661
305.05,-0.0025884992415879642
305.1,-0.002466062487707932
305.15000000000003,-0.0023602961288146187
305.2,-0.0021360662609486328
305.25,-0.0018430938368158667
305.3,-0.0014901764138204163
305.35,-0.0010789251112090033
305.40000000000003,-0.0007952069636494728
305.45,-0.0006701781136945859
305.5,-0.0005056232634126881
305.55,-0.0002947695481395324
305.6,-0.00021050852017420293
305.65000000000003,-0.0002079386071033721
305.7,-0.0002060257403572232
305.75,-0.00019260718400516253
305.8,3.8857834851319386e-07
305.85,0.00032084443428169826
305.90000000000003,0.0005641282399527498
305.95,0.0007447984655699823
306.0,0.0007710124370102561
306.05,0.0005219816590111972
306.1,0.00010868480075670953
306.15000000000003,-0.00026647013018791176
306.2,-0.000556983731291404
306.25,-0.0008862390881012273
306.3,-0.0012019472800220725
306.35,-0.0013673769457775268
306.40000000000003,-0.0013631772537767142
306.45,-0.0012077266849811188
306.5,-0.0010625361229221156
306.55,-0.0011533961460056825
306.6,-0.0014252217907048555
306.65000000000003,-0.0016995583121144882
306.7,-0.0019141336764866347
306.75,-0.0019960953557273398
306.8,-0.00198797501045599
306.85,-0.0020117556087528177
306.90000000000003,-0.0019879961137683195
306.95,-0.0018793765208276957
307.0,-0.001858983484547088
307.05,-0.001973739051801301
307.1,-0.0022186619335333043
307.15000000000003,-0.002398525932954665
307.20000000000005,-0.0022226828080594133
307.25,-0.0019087345710470808
307.3,-0.0015768649151075506
307.35,-0.0011007177821476036
307.40000000000003,-0.0005661404008946673
307.45000000000005,-0.0001619872722771046
307.5,-8.64050510677656e-06
307.55,5.080011249612001e-05
307.6,0.00013251116738349588
307.65000000000003,0.000286992234206077
307.70000000000005,0.0005793159610363198
307.75,0.0008887024749925822
307.8,0.0011263125279743465
307.85,0.001246027356339247
307.90000000000003,0.0012700009445529617
307.95000000000005,0.0013289846928353677
308.0,0.0013626871610645957
308.05,0.0012591137696145122
308.1,0.0011033021419329905
308.15000000000003,0.0010082379607896973
308.20000000000005,0.0010699388704960863
308.25,0.001209749076744949
308.3,0.0011845203237875834
308.35,0.0008251662553284844
308.40000000000003,0.0002694275899536638
308.45000000000005,-0.00014971942287497926
308.5,-0.0003474347599738317
308.55,-0.00024087443444581556
308.6,9.35033581304703e-05
308.65000000000003,0.00026602575395136925
308.70000000000005,0.00032759708491599015
308.75,0.000554700505324882
308.8,0.0008682835470943331
308.85,0.0013042791520374267
308.90000000000003,0.001917984294798927
308.95000000000005,0.0023866024552913604
309.0,0.002585167751409277
309.05,0.0024939179684764228
309.1,0.0019820984239718913
309.15000000000003,0.001301839369130551
309.20000000000005,0.0008496016204973677
309.25,0.0006058233326355463
309.3,0.000350916499499534
309.35,8.00920312826024e-05
309.40000000000003,-9.385863837359785e-05
309.45000000000005,-0.00014877460363057362
309.5,-0.00018586433104122272
309.55,-0.00029296110999232195
309.6,-0.0004634744594374361
309.65000000000003,-0.0005670449492519545
309.70000000000005,-0.00047071784265475457
309.75,-0.00014075291146088746
309.8,0.0004180621948529425
309.85,0.0011149007007484183
309.90000000000003,0.001747743689636001
309.95000000000005,0.002086624595372099
310.0,0.002089426077367439
310.05,0.0017100383907689865
310.1,0.0010121468218200896
310.15000000000003,0.00031655647328675707
310.20000000000005,-0.0003220303243219926
310.25,-0.0008383308771104214
310.3,-0.001120349628062391
310.35,-0.0014194121894571486
310.40000000000003,-0.0018011908651810009
310.45000000000005,-0.002163471463777881
310.5,-0.0025525622288216847
310.55,-0.0028658494869612723
310.6,-0.002969976884362584
310.65000000000003,-0.002831201875367138
310.70000000000005,-0.002513000200594202
310.75,-0.0021622916213865774
310.8,-0.001773281083112623
310.85,-0.0013140222896882226
310.90000000000003,-0.0008188450468881829
310.95000000000005,-0.0003184857866943457
311.0,0.000139350839346579
311.05,0.0005381020834867742
311.1,0.0007835503372768219
311.15000000000003,0.0008765005550500798
311.20000000000005,0.0010078027418013
311.25,0.0012377508527422183
311.3,0.0014034558224407057
311.35,0.001422877609292295
311.40000000000003,0.0014804783793495114
311.45000000000005,0.0016814683933114609
311.5,0.0019048804689081459
311.55,0.0020614881690782082
311.6,0.0021700633439904493
311.65000000000003,0.002124211693333967
311.70000000000005,0.0017295033999843634
311.75,0.0011989475479036449
311.8,0.0008912810115324222
311.85,0.0006745573090663004
311.90000000000003,0.0003806974682420549
311.95000000000005,8.11750251172591e-05
312.0,-0.00030465231801506495
312.05,-0.000733059185535846
312.1,-0.0009672808155827709
312.15000000000003,-0.0011328756108612374
312.20000000000005,-0.001396525164910661
312.25,-0.0016711850634760846
312.3,-0.0018528426098747836
312.35,-0.0018662314313181503
312.40000000000003,-0.001804370814655225
312.45000000000005,-0.0016808284997899682
312.5,-0.0015944130281353285
312.55,-0.0016609012844557966
312.6,-0.0016369410757046292
312.65000000000003,-0.0015267178430679695
312.70000000000005,-0.0014597828914431467
312.75,-0.0014606837396141628
312.8,-0.0014176226729540053
312.85,-0.0010425313315820775
312.90000000000003,-0.0004384108872262405
312.95000000000005,0.0001909257315192811
313.0,0.0007285032928854569
313.05,0.0009223985669133961
313.1,0.0007053432814787267
313.15000000000003,0.00024383237990179427
313.20000000000005,-0.00019961867176682973
313.25,-0.00039124081697471005
313.3,-0.00032144632847412553
313.35,-0.0001487336025797211
313.40000000000003,-1.7427636438141535e-05
313.45000000000005,2.7161477942067036e-05
313.5,-5.668319682903046e-05
313.55,-0.00033942503547139445
313.6,-0.0006972904017831911
313.65000000000003,-0.0009320449029847813
313.70000000000005,-0.0009426726856736357
313.75,-0.000759712298015636
313.8,-0.00039553638056984565
313.85,0.00017121924282663937
313.90000000000003,0.000751312011388721
313.95000000000005,0.0012177828478446798
314.0,0.0015548647912126373
314.05,0.0017565724357985007
314.1,0.0018139257956367987
314.15000000000003,0.0017173458275815065
314.20000000000005,0.001427309248386619
314.25,0.0010160837628416489
314.3,0.0007268176795704215
314.35,0.000511403211580386
314.40000000000003,0.00039200112455429565
314.45000000000005,0.0005410911974462474
314.5,0.0008963915783697295
314.55,0.0012504913459102812
314.6,0.0013939831292289148
314.65000000000003,0.0013919466204453256
314.70000000000005,0.0013719446135323859
314.75,0.0014008530958257341
314.8,0.001446532850474252
314.85,0.0013947977614404688
314.90000000000003,0.001327096090190665
314.95000000000005,0.0012995232976206114
315.0,0.0013274507625567593
315.05,0.0013469977588895018
315.1,0.0011783000767950536
315.15000000000003,0.000835930142863124
315.20000000000005,0.0004905686252911526
315.25,0.0001959145889347126
315.3,-0.00013307385095335167
315.35,-0.00037861758234436043
315.40000000000003,-0.0003538666361143328
315.45000000000005,-9.435572160760727e-05
315.5,0.00018371784075675056
315.55,0.0004911326315512783
315.6,0.0011033726584938083
315.65000000000003,0.0018032422083630094
315.70000000000005,0.002209851288671801
315.75,0.00239646145964458
315.8,0.0025056048248495648
315.85,0.0024793878492707926
315.90000000000003,0.002345357351475181
315.95000000000005,0.0022188960370012507
316.0,0.002062272616772768
316.05,0.0018293714512962879
316.1,0.0015044202134257946
316.15000000000003,0.0010878163739326074
316.20000000000005,0.0005134815973190478
316.25,-0.0002195840016177734
316.3,-0.0009019733325562214
316.35,-0.001448048059648838
316.40000000000003,-0.0019284778082104344
316.45000000000005,-0.0023748052420221434
316.5,-0.00279341995170513
316.55,-0.0031344166224616873
316.6,-0.003313753633487018
316.65000000000003,-0.0034739660227686
316.70000000000005,-0.0036969021074649815
316.75,-0.0037474023026605723
316.8,-0.0036300590525113288
316.85,-0.0034772260313860872
316.90000000000003,-0.003231611076319579
316.95000000000005,-0.002978056396170302
317.0,-0.0027648723281930776
317.05,-0.0024253707221726633
317.1,-0.0018900816968065292
317.15000000000003,-0.0011827610959611928
317.20000000000005,-0.00048147637469303403
317.25,-4.434532297812134e-05
317.3,0.00012244377517368904
317.35,0.00012988386042909108
317.40000000000003,0.00015185053113723378
317.45000000000005,0.00028117091531613806
317.5,0.0004292112464670168
317.55,0.000609347320959503
317.6,0.0008533207480630475
317.65000000000003,0.0010840764953349636
317.70000000000005,0.001230748086169375
317.75,0.0013308666636116834
317.8,0.001492232213952241
317.85,0.0016681334666837956
317.90000000000003,0.0017044598821202284
317.95000000000005,0.0016191795641050234
318.0,0.0014388446736055885
318.05,0.001052863652407661
318.1,0.00042071413046604377
318.15000000000003,-0.00037296000488806265
318.20000000000005,-0.0012542946592106034
318.25,-0.0021464312687822043
318.3,-0.0028401584573390457
318.35,-0.0032470391855686353
318.40000000000003,-0.0035223810423940234
318.45000000000005,-0.003752420612880123
318.5,-0.0038602991302603596
318.55,-0.0038106802455647026
318.6,-0.0036412911160235506
318.65000000000003,-0.0034778944458681653
318.70000000000005,-0.0034336764459902466
318.75,-0.003364903293638311
318.8,-0.0030903113078723024
318.85,-0.0026146892940401433
318.90000000000003,-0.0020638001254383886
318.95000000000005,-0.0014250651727223456
319.0,-0.0006254188778794114
319.05,0.0002534932380694208
319.1,0.001109264336690931
319.15000000000003,0.0017762056817033573
319.20000000000005,0.002170475517218176
319.25,0.002372525041722123
319.3,0.0024961430296342774
319.35,0.002610800884318698
319.40000000000003,0.0026320573578424524
319.45000000000005,0.002651342482162889
319.5,0.002788033889190913
319.55,0.0029201598641897856
319.6,0.0028995973316096675
319.65000000000003,0.0026273312555227307
319.70000000000005,0.002241503342662769
319.75,0.0018928315637512995
319.8,0.0016679533441967126
319.85,0.0015802427094432363
319.90000000000003,0.0014444444679638606
319.95000000000005,0.0012022659767399815
320.0,0.0007922202750042229
320.05,0.00021690040416702584
320.1,-0.00032626485924021413
320.15000000000003,-0.0007578266502362083
320.20000000000005,-0.0011362787298483995
320.25,-0.0015384808676485427
320.3,-0.0018566381028853884
320.35,-0.0020160938976731568
320.40000000000003,-0.002073546666615088
320.45000000000005,-0.001955737928230433
320.5,-0.0016930159964747909
320.55,-0.0013766157879542694
320.6,-0.0011406923870629887
320.65000000000003,-0.001068895573005468
320.70000000000005,-0.0009093023459666897
320.75,-0.0004800591624315295
320.8,0.00015514585753957405
320.85,0.000877527168023394
320.90000000000003,0.0016253922186896936
320.95000000000005,0.0023360499744273333
321.0,0.002886521673066446
321.05,0.0033015522488114165
321.1,0.0035248376971405387
321.15000000000003,0.003550379699375936
321.20000000000005,0.003559030552091711
321.25,0.003470330368993248
321.3,0.0032619104203564096
321.35,0.002968894257952678
321.40000000000003,0.002527390088273272
321.45000000000005,0.002012845518017243
321.5,0.0015043011453685232
321.55,0.0010552450146373963
321.6,0.0006844297799227027
321.65000000000003,0.0003547122443869959
321.70000000000005,-6.584666434776955e-06
321.75,-0.00035495717421894703
321.8,-0.0005710415776376977
321.85,-0.0005837841504768276
321.90000000000003,-0.00036804560354288473
321.95000000000005,-0.00010031019633488704
322.0,6.509623794624695e-05
322.05,5.170226340545409e-05
322.1,-0.00011435538502538871
322.15000000000003,-0.00025202949004026777
322.20000000000005,-0.00025293721132167225
322.25,-1.0093200140014426e-05
322.3,0.00043137196938350066
322.35,0.0009299077739867614
322.40000000000003,0.0014645383990147009
322.45000000000005,0.0019070882540325443
322.5,0.0021062249935667153
322.55,0.0020242040882951697
322.6,0.0017420591484005792
322.65000000000003,0.001388933955423092
322.70000000000005,0.0009694050546246504
322.75,0.0004864520586011216
322.8,0.00010415374079544937
322.85,3.390061828199686e-05
322.90000000000003,0.000241342413564192
322.95000000000005,0.0004659515296307245
323.0,0.0005881372778925827
323.05,0.000721074357783488
323.1,0.0009278313003056012
323.15000000000003,0.0011063852890279935
323.20000000000005,0.0011998295004757202
323.25,0.0013393061172967014
323.3,0.0016228195406920247
323.35,0.001888260417345477
323.40000000000003,0.0019707249713385353
323.45000000000005,0.0018230897835804691
323.5,0.001439355012352151
323.55,0.0010077583869915197
323.6,0.0007127451610721096
323.65000000000003,0.00047345665266657674
323.70000000000005,0.00025973993746060853
323.75,0.00011350796592519471
323.8,2.4371908954489385e-05
323.85,4.1232715987195274e-05
323.90000000000003,8.922309705352724e-05
323.95000000000005,0.00011144276946926072
324.0,0.0001587906621625842
324.05,0.00024343865223654538
324.1,0.0003689752699274674
324.15000000000003,0.0004040417691945592
324.20000000000005,0.0002697819731268825
324.25,3.292932803307908e-07
324.3,-0.0004342624814791129
324.35,-0.0010821049445424518
324.40000000000003,-0.001889898438199812
324.45000000000005,-0.00272169699030858
324.5,-0.0035291902085581783
324.55,-0.004258078171165821
324.6,-0.004854060233489929
324.65000000000003,-0.005344482500555434
324.70000000000005,-0.005690813408695429
324.75,-0.005839947883825939
324.8,-0.0058515694198975786
324.85,-0.00570171702886707
324.90000000000003,-0.005430908538483088
324.95000000000005,-0.005164702184914053
325.0,-0.004940420308431931
325.05,-0.004856270790639757
325.1,-0.004872518486126153
325.15000000000003,-0.004916688703950419
325.20000000000005,-0.004918501956980406
325.25,-0.004806480312459821
325.3,-0.004670244223338945
325.35,-0.004437715547432292
325.40000000000003,-0.004046996481242781
325.45000000000005,-0.0036447988971056687
325.5,-0.0032341025575093256
325.55,-0.0027438249854894177
325.6,-0.0022438198530197622
325.65000000000003,-0.0018009458738851522
325.70000000000005,-0.001367076030894433
325.75,-0.0009499783816057108
325.8,-0.0006101220478814766
325.85,-0.0002858039142169912
325.90000000000003,8.18847934868988e-05
325.95000000000005,0.00048597632446079525
326.0,0.0009211003317756202
326.05,0.0013104203336032798
326.1,0.0015854845201538383
326.15000000000003,0.0019020226042372288
326.20000000000005,0.002245881930754864
326.25,0.0024477998533783472
326.3,0.002556905980463164
326.35,0.00256443826332988
326.40000000000003,0.002580612564492229
326.45000000000005,0.002678314623134602
326.5,0.00269906250178835
326.55,0.0026702271634123378
326.6,0.002714801001788273
326.65000000000003,0.002840192359346609
326.70000000000005,0.003022268502009787
326.75,0.003258656023386209
326.8,0.0034449720259888492
326.85,0.0034802271948715124
326.90000000000003,0.0033536635528240077
326.95000000000005,0.0030341610301459405
327.0,0.002550886781016181
327.05,0.0020469948439796686
327.1,0.0015801986607215785
327.15000000000003,0.0012026218854114868
327.20000000000005,0.0009426322964105024
327.25,0.0006189889581365187
327.3,0.00018959071360537296
327.35,-0.0002533148877894231
327.40000000000003,-0.0006907437790459949
327.45000000000005,-0.0011434380466839162
327.5,-0.0015550841074455197
327.55,-0.0018587885473201953
327.6,-0.0020742965309256535
327.65000000000003,-0.0021546782202831612
327.70000000000005,-0.0021104968394012507
327.75,-0.002027974756839988
327.8,-0.002031263984254101
327.85,-0.002103779953236531
327.90000000000003,-0.002083610108545994
327.95000000000005,-0.0019252250303747175
328.0,-0.0016898963491911198
328.05,-0.0013859950929483017
328.1,-0.0008867453420672316
328.15000000000003,-0.0002608066928076159
328.20000000000005,0.00040239942900581677
328.25,0.0011176563112052832
328.3,0.0017324591110688635
328.35,0.0021601792795949972
328.40000000000003,0.0023932399404093794
328.45000000000005,0.0024791606320165036
328.5,0.002574656240727389
328.55,0.002710476290255
328.6,0.002828535574490615
328.65000000000003,0.0029881289312025535
328.70000000000005,0.0031637090034903914
328.75,0.0032472817630989194
328.8,0.003219087666369863
328.85,0.0031090736275384027
328.90000000000003,0.0030344229120109374
328.95000000000005,0.0030610139428979125
329.0,0.0032169949464307965
329.05,0.003469427587984864
329.1,0.003696538813349641
329.15000000000003,0.00384662401435526
329.20000000000005,0.003885744741001817
329.25,0.0038440421940037547
329.3,0.0037135281680941348
329.35,0.003458465671567438
329.40000000000003,0.003193635924226168
329.45000000000005,0.0029296142117232297
329.5,0.002589738201781854
329.55,0.002212529822094468
329.6,0.0018049693696760222
329.65000000000003,0.001437518019427228
329.70000000000005,0.0011948099519616861
329.75,0.0009690383402113125
329.8,0.0006759518729549623
329.85,0.0003824164809136403
329.90000000000003,0.0001920290379873015
329.95000000000005,0.00012174784427876257
330.0,0.0001547938245417814
330.05,0.000350445445941538
330.1,0.0006593836877390926
330.15000000000003,0.0009033301012249121
330.20000000000005,0.0010323661434000705
330.25,0.0010800171061626353
330.3,0.0010205187746706898
330.35,0.000874220550906294
330.40000000000003,0.000749307537624293
330.45000000000005,0.0006587425260734475
330.5,0.0005412268632529998
330.55,0.00038476964012106187
330.6,0.00011649356463846729
330.65000000000003,-0.000318911571269845
330.70000000000005,-0.0007861121873238562
330.75,-0.0011595564844372364
330.8,-0.0015302880813134361
330.85,-0.0019957386735888465
330.90000000000003,-0.00258506748330256
330.95000000000005,-0.003311862788316939
331.0,-0.004089500018738487
331.05,-0.0047614850542072
331.1,-0.005258361092960277
331.15000000000003,-0.005607490360944793
331.20000000000005,-0.005774749817232731
331.25,-0.005750770037815479
331.3,-0.005604834512699896
331.35,-0.005344541791442509
331.40000000000003,-0.004927783094474088
331.45000000000005,-0.00439409692142009
331.5,-0.003839516026736687
331.55,-0.003402593512990866
331.6,-0.003130453047787832
331.65000000000003,-0.0029626190610492482
331.70000000000005,-0.0029711681187360615
331.75,-0.003115387229924963
331.8,-0.003253352211562339
331.85,-0.0033697021858042782
331.90000000000003,-0.003453268173427902
331.95000000000005,-0.0034691252987268076
332.0,-0.003347613297386792
332.05,-0.00309712581710338
332.1,-0.0027815525562507014
332.15000000000003,-0.002350795869714088
332.20000000000005,-0.0018140470782030426
332.25,-0.0012499674508737503
332.3,-0.0006505798278811268
332.35,-2.247955445990663e-05
332.40000000000003,0.0006698596076359554
332.45000000000005,0.001434814878339047
332.5,0.002144019186079173
332.55,0.002748956548945014
332.6,0.003249420990395443
332.65000000000003,0.003591706721154354
332.70000000000005,0.003715520498166044
332.75,0.0036673698021604936
332.8,0.003477991802037702
332.85,0.0031473813171774127
332.90000000000003,0.0028462145383288404
332.95000000000005,0.002624393478669338
333.0,0.0024453818253691133
333.05,0.002340117414205426
333.1,0.0022129746971846823
333.15000000000003,0.0019671305440455075
333.20000000000005,0.0016129617415967712
333.25,0.0011961792364228135
333.3,0.0007557068130323402
333.35,0.0003646046388097768
333.40000000000003,8.215875669633844e-05
333.45000000000005,-0.00011379250342956152
333.5,-0.00019490502966662592
333.55,-0.00015319655006508013
333.6,-7.69049316970055e-05
333.65000000000003,-6.864108359219656e-05
333.70000000000005,-0.00020127137849297046
333.75,-0.0005087348142526745
333.8,-0.000921164218868102
333.85,-0.0012666829014592862
333.90000000000003,-0.001476421674453543
333.95000000000005,-0.001603283806642217
334.0,-0.0017367042655952415
334.05,-0.0018563230724257568
334.1,-0.001937188781994074
334.15000000000003,-0.0020649433172471292
334.20000000000005,-0.0022499691612552874
334.25,-0.002417408009927958
334.3,-0.0024660507685225633
334.35,-0.0023142517876074097
334.40000000000003,-0.0019608151301799275
334.45000000000005,-0.001549074871980354
334.5,-0.0011556896531961076
334.55,-0.000764291909493919
334.6,-0.0003696932155825973
334.65000000000003,8.819227387967518e-05
334.70000000000005,0.000591396181190901
334.75,0.0011283381569823158
334.8,0.001656495610866237
334.85,0.00208303987998514
334.90000000000003,0.002457875615029601
334.95000000000005,0.0028339018181292286
335.0,0.0031855639896404956
335.05,0.0034709381486027363
335.1,0.003629934186905741
335.15000000000003,0.0035830981052288905
335.20000000000005,0.0033416065351469636
335.25,0.003086319063811863
335.3,0.0029328171565138135
335.35,0.002823006650887535
335.40000000000003,0.0027792430357184116
335.45000000000005,0.0028588164776688027
335.5,0.0029155970857103366
335.55,0.002846374735385209
335.6,0.0027026502392069984
335.65000000000003,0.0024778328794951175
335.70000000000005,0.0022240222569632094
335.75,0.0020176724374619216
335.8,0.001809871644843497
335.85,0.0015842472903196112
335.90000000000003,0.0013990872937319572
335.95000000000005,0.0012482000132534017
336.0,0.0010820747237298097
336.05,0.000889928355945618
336.1,0.0006619759860230831
336.15000000000003,0.0004313525315564676
336.20000000000005,0.00020464253533573974
336.25,-6.578746299330945e-06
336.3,-0.00016119120279628599
336.35,-0.0003220803788226733
336.40000000000003,-0.0005173966413383803
336.45000000000005,-0.000795851871897513
336.5,-0.0011452716064973044
336.55,-0.0014135427003553012
336.6,-0.00157072367871007
336.65000000000003,-0.001665725649524809
336.70000000000005,-0.0017492562390591807
336.75,-0.0018229146754522993
336.8,-0.0018663410621097465
336.85,-0.001808470067747728
336.90000000000003,-0.0015868201604764536
336.95000000000005,-0.0012818426255035485
337.0,-0.0009384549428206089
337.05,-0.0005484735945465366
337.1,-0.00011070180803618643
337.15000000000003,0.0002770423673999525
337.20000000000005,0.0005183384922446978
337.25,0.000667484803785966
337.3,0.0007494345947374606
337.35,0.0007861469961431259
337.40000000000003,0.0007850086140833278
337.45000000000005,0.0006753521243067437
337.5,0.0004941094670128822
337.55,0.00032073342414661884
337.6,0.00010452019821007557
337.65000000000003,-0.0001645097982318319
337.70000000000005,-0.00039113238906385414
337.75,-0.000564365732035249
337.8,-0.000702373239061131
337.85,-0.0007528496573115728
337.90000000000003,-0.0007040137240946052
337.95000000000005,-0.0005566603719673447
338.0,-0.0003547036698868098
338.05,-0.00018298092316008178
338.1,-9.359027796982026e-05
338.15000000000003,-0.0001362340370763775
338.20000000000005,-0.00024842376332938663
338.25,-0.0002758422423538822
338.3,-0.00017576348161067165
338.35,-5.2586332675943746e-05
338.40000000000003,1.2846663318083898e-05
338.45000000000005,-4.4136929083876266e-05
338.5,-0.0002528752429608639
338.55,-0.0005672470692085749
338.6,-0.0009784611635543573
338.65000000000003,-0.0014541699914515929
338.70000000000005,-0.001948051834250344
338.75,-0.0024710776649741785
338.8,-0.003065759262162445
338.85,-0.0037203095722761455
338.90000000000003,-0.00431214825418059
338.95000000000005,-0.004701726418442513
339.0,-0.004880649934178691
339.05,-0.004941136496761399
339.1,-0.004936476308593435
339.15000000000003,-0.0048536831817004465
339.20000000000005,-0.004692946130867801
339.25,-0.004528914902899548
339.3,-0.004384535674987855
339.35,-0.004254407439476786
339.40000000000003,-0.004180640312304446
339.45000000000005,-0.004082972902018928
339.5,-0.003901904946645903
339.55,-0.0037262590385704238
339.6,-0.003520090792900315
339.65000000000003,-0.003223300916988903
339.70000000000005,-0.0029336951305042247
339.75,-0.0026071443057439645
339.8,-0.002138832711032665
339.85,-0.0016509206588863896
339.90000000000003,-0.0011984938323724471
339.95000000000005,-0.0007294382620236309
340.0,-0.00028706183654727283
340.05,0.00016298235809187957
340.1,0.0006825896201456994
340.15000000000003,0.0012368359386397865
340.20000000000005,0.001801776598590873
340.25,0.002346080469692072
340.3,0.0028242426663035018
340.35,0.0032340771289222454
340.40000000000003,0.00360414009986336
340.45000000000005,0.003942625572448301
340.5,0.004199236501365916
340.55,0.0043340561306993725
340.6,0.004425745858300215
340.65000000000003,0.0045615506985744745
340.70000000000005,0.004702550987853123
340.75,0.0048132203496143045
340.8,0.004883384662641673
340.85,0.004933412355249193
340.90000000000003,0.005002236771440735
340.95000000000005,0.005099844917333989
341.0,0.005259779377717472
341.05,0.005434733346021918
341.1,0.0055582353891733705
341.15000000000003,0.005589166284490227
341.20000000000005,0.005513755288999788
341.25,0.005432617547670041
341.3,0.0053383695231336075
341.35,0.005162142108416725
341.40000000000003,0.004923300943176595
341.45000000000005,0.0045847167826691205
341.5,0.004160364501717546
341.55,0.003706739137116485
341.6,0.0032280330309954154
341.65000000000003,0.002758981079774988
341.70000000000005,0.002323537938098459
341.75,0.0019534433488783043
341.8,0.001646500095014041
341.85,0.0013310403916076956
341.90000000000003,0.0010004745543538815
341.95000000000005,0.0006907331538416276
342.0,0.00041958039760566944
342.05,0.00022793695263734182
342.1,6.888730364428061e-05
342.15000000000003,-0.0001162623106854385
342.20000000000005,-0.00024706580452188074
342.25,-0.0003219300019918829
342.3,-0.00038138323507330664
342.35,-0.00042183642440333976
342.40000000000003,-0.0004420961704918604
342.45000000000005,-0.0004914748613987574
342.5,-0.0006180872384072051
342.55,-0.0006963725759614809
342.6,-0.0007323244729037621
342.65000000000003,-0.0007798470846626455
342.70000000000005,-0.0007662810324363307
342.75,-0.0008245828509846347
342.8,-0.0010537724688595318
342.85,-0.0013420635931741698
342.90000000000003,-0.001675087908104634
342.95000000000005,-0.0021065498751901223
343.0,-0.0025406331941023237
343.05,-0.0028310158186490896
343.1,-0.00298628620891029
343.15000000000003,-0.003110254816760387
343.20000000000005,-0.0032170993905066207
343.25,-0.0032385515347077135
343.3,-0.0032069547314318185
343.35,-0.0031714209513115563
343.40000000000003,-0.0031006122507473612
343.45000000000005,-0.002994332299464146
343.5,-0.0027879049959877934
343.55,-0.0024384133572259
343.6,-0.0020402835902165895
343.65000000000003,-0.0016210665766477228
343.70000000000005,-0.001143833389918268
343.75,-0.0006684739717483189
343.8,-0.0003195571655938916
343.85,-0.00014818876954431035
343.90000000000003,-0.00013520556543425454
343.95000000000005,-0.00027342167406052483
344.0,-0.0005281023902952074
344.05,-0.0008158037108711155
344.1,-0.0011822400656091845
344.15000000000003,-0.0016749222386324477
344.20000000000005,-0.002209407223894365
344.25,-0.002753354398980168
344.3,-0.0032552586598417104
344.35,-0.0036566276775328054
344.40000000000003,-0.003983411108188303
344.45000000000005,-0.00425417214116095
344.5,-0.004437167683671723
344.55,-0.004502051784136567
344.6,-0.0044512170939384746
344.65000000000003,-0.004315203455099792
344.70000000000005,-0.004093608295049755
344.75,-0.0037648683661992144
344.8,-0.003384675911582425
344.85,-0.0029837696122316936
344.90000000000003,-0.0025559569772213384
344.95000000000005,-0.0021399614638486874
345.0,-0.0017822918566700408
345.05,-0.0014679716867622506
345.1,-0.00114748890599081
345.15000000000003,-0.0008777326266853537
345.20000000000005,-0.000708006075966661
345.25,-0.000570830600585011
345.3,-0.000429270474779991
345.35,-0.000305679220807257
345.40000000000003,-0.00020903537127614136
345.45000000000005,-0.0001511122840219637
345.5,-7.980271746202384e-05
345.55,4.4024720689299495e-05
345.6,0.00012375489533978997
345.65000000000003,0.0001402278477761707
345.70000000000005,0.000180684701155501
345.75,0.0002830585136210167
345.8,0.0004311832068237522
345.85,0.0006362413947834304
345.90000000000003,0.0009225908398814513
345.95000000000005,0.0012241579756376087
346.0,0.0014730723114477961
346.05,0.0016849071772977872
346.1,0.0018285228456026807
346.15000000000003,0.001787738112062078
346.20000000000005,0.0015994853880189211
346.25,0.0014354449908545903
346.3,0.0012842388094704842
346.35,0.0010861785692561088
346.40000000000003,0.0009420757458666534
346.45000000000005,0.0009435585290735278
346.5,0.0010660716917402513
346.55,0.001264098695482297
346.6,0.0015719733555931458
346.65000000000003,0.001960547583549748
346.70000000000005,0.002363142897509264
346.75,0.002805507644460143
346.8,0.0032131768561656626
346.85,0.003492321210905903
346.90000000000003,0.003707015877795329
346.95000000000005,0.0039111545074450365
347.0,0.0040945499157069975
347.05,0.0042192662104777075
347.1,0.004202051607138989
347.15000000000003,0.004058668810147375
347.20000000000005,0.003814062826694526
347.25,0.0034468646400430437
347.3,0.003035318611611149
347.35,0.0026241312213059116
347.40000000000003,0.002252818119860183
347.45000000000005,0.001959497051145136
347.5,0.0017363710214873907
347.55,0.001593608976695133
347.6,0.001575515607314715
347.65000000000003,0.0017425649237946597
347.70000000000005,0.0020588105951741837
347.75,0.002414443824632665
347.8,0.0027114333846584384
347.85,0.0029403820616772233
347.90000000000003,0.003147787832839908
347.95000000000005,0.003377952404270518
348.0,0.0035625874544436913
348.05,0.003586691593512834
348.1,0.0034885767238901967
348.15000000000003,0.0033534668282827226
348.20000000000005,0.0032300538732712766
348.25,0.003069012692969994
348.3,0.0028054470008673587
348.35,0.0024411357753559757
348.40000000000003,0.002035550068723021
348.45000000000005,0.0016397764708595533
348.5,0.00122844430273434
348.55,0.0008446549087309007
348.6,0.000567242844954598
348.65000000000003,0.0004550799533232003
348.70000000000005,0.00045085513800750056
348.75,0.0004435576737016819
348.8,0.000407018432997481
348.85,0.00032065796556571285
348.90000000000003,0.00016729063172247143
348.95000000000005,-1.6968595153759985e-05
349.0,-0.00019301012229812074
349.05,-0.00042832497523709377
349.1,-0.00069897469967074
349.15000000000003,-0.0009412947453606912
349.20000000000005,-0.0012239729818467986
349.25,-0.0015496203472078278
349.3,-0.0018887074227530419
349.35,-0.002248835002086311
349.40000000000003,-0.0025952824834246623
349.45000000000005,-0.0028817504128142947
349.5,-0.0031166366489982496
349.55,-0.0033235101747271455
349.6,-0.003461459865113977
349.65000000000003,-0.0035031486530502872
349.70000000000005,-0.0035396177248202885
349.75,-0.0036351576079346978
349.8,-0.0037219050497011154
349.85,-0.003753156597409476
349.90000000000003,-0.003773038431602341
349.95000000000005,-0.003808707723121044
350.0,-0.0038457984852922054
350.05,-0.0038761324316801
350.1,-0.003863383103719696
350.15000000000003,-0.0037859956810571502
350.20000000000005,-0.003655153407754845
350.25,-0.003460878269703308
350.3,-0.0031840086110147612
350.35,-0.00288623094151299
350.40000000000003,-0.0026959064078928706
350.45000000000005,-0.002638587395120117
350.5,-0.0026665623316630615
350.55,-0.002716547914892451
350.6,-0.002707093958556714
350.65000000000003,-0.0025715218625060915
350.70000000000005,-0.0023537456151223927
350.75,-0.0021597624155439994
350.8,-0.0019632158989992456
350.85,-0.0017221779869350067
350.90000000000003,-0.0014617945070925513
350.95000000000005,-0.0011928373520086648
351.0,-0.0009604134973117108
351.05,-0.000814619831471055
351.1,-0.000751653178313888
351.15000000000003,-0.0007485454229315054
351.20000000000005,-0.0008002941636867174
351.25,-0.0009246537777244167
351.3,-0.0011106316499071654
351.35,-0.0013308650695387698
351.40000000000003,-0.001571565311420102
351.45000000000005,-0.0018359113157012958
351.5,-0.0020965384622811446
351.55,-0.0022580087002493222
351.6,-0.002244846113803367
351.65000000000003,-0.0020943635389525776
351.70000000000005,-0.0018981718515016037
351.75,-0.0016987731618891496
351.8,-0.001535874323457026
351.85,-0.0014407973995494523
351.90000000000003,-0.0014181139978004585
351.95000000000005,-0.0014099120486321278
352.0,-0.0013201503363915739
352.05,-0.0011332370143870792
352.1,-0.0008637236074314798
352.15000000000003,-0.0005195736563505144
352.20000000000005,-0.00011314223571274871
352.25,0.00033203669704427816
352.3,0.0007634834627896918
352.35,0.0011430917094584381
352.40000000000003,0.0014930426129264015
352.45000000000005,0.0018331219444330234
352.5,0.0021338076777654234
352.55,0.002389732728129234
352.6,0.002635056209922709
352.65000000000003,0.0029332824281152717
352.70000000000005,0.003284434257341787
352.75,0.0036128758632425163
352.8,0.003916234480834574
352.85,0.0041725737950249805
352.90000000000003,0.0043387968989441516
352.95000000000005,0.004454053098915664
353.0,0.004524553063396883
353.05,0.004510792666535442
353.1,0.004383847803389173
353.15000000000003,0.00419684086423027
353.20000000000005,0.004016468623907034
353.25,0.003790449838090027
353.3,0.003519603770034657
353.35,0.0032338949219113482
353.40000000000003,0.0029249590626646573
353.45000000000005,0.0026333402465298465
353.5,0.0023622518965767444
353.55,0.002081170076693921
353.6,0.0017569753018850142
353.65000000000003,0.0014403910515017359
353.70000000000005,0.0012340434225679101
353.75,0.0010716735626273377
353.8,0.0008698542415032045
353.85,0.0006305981611448005
353.90000000000003,0.0003048130198450081
353.95000000000005,-2.8832630633656655e-05
354.0,-0.0002613274111764811
354.05,-0.000477697966081592
354.1,-0.0007372195519881059
354.15000000000003,-0.0009899719244322862
354.20000000000005,-0.0011938208159267577
354.25,-0.0013493526821288957
354.3,-0.0014142346889630148
354.35,-0.0014223920871717164
354.40000000000003,-0.0014660417799129085
354.45000000000005,-0.0015004570395941727
354.5,-0.0015425964604689137
354.55,-0.0016221953270350337
354.6,-0.0016492132339800984
354.65000000000003,-0.001608470495970403
354.70000000000005,-0.0015165287003831012
354.75,-0.0013524201117287007
354.8,-0.0011800190761048859
354.85,-0.0010677919353522668
354.90000000000003,-0.001019925684659583
354.95000000000005,-0.0010278317613307073
355.0,-0.0010517803539365409
355.05,-0.0010646187341891008
355.1,-0.0010290137696265995
355.15000000000003,-0.0009082317860504926
355.20000000000005,-0.0007370061818475247
355.25,-0.0005173320895790445
355.3,-0.00025559701252228967
355.35,-3.384769220521909e-05
355.40000000000003,0.00012835183520122466
355.45000000000005,0.0002723232242214714
355.5,0.00037949943677198614
355.55,0.00042452554911437504
355.6,0.00043135396541033906
355.65000000000003,0.00045787313565778413
355.70000000000005,0.0005779411218941471
355.75,0.0006987268206948597
355.8,0.0007132250595919502
355.85,0.0007124601918899249
355.90000000000003,0.0007453347201537714
355.95000000000005,0.0008302076726324409
356.0,0.0010020066009563575
356.05,0.0011974420133159904
356.1,0.0013384515021425208
356.15000000000003,0.0014154442450774692
356.20000000000005,0.001445179697740394
356.25,0.0014254522535250475
356.3,0.0013889905643653792
356.35,0.0013852914846388404
356.40000000000003,0.0014135453799110841
356.45000000000005,0.001458768638304415
356.5,0.0015301320801209511
356.55,0.0016396008697581728
356.6,0.0017212851840720975
356.65000000000003,0.001702108210493373
356.70000000000005,0.0016066103767407758
356.75,0.001484085476294381
356.8,0.0013327223878604995
356.85,0.0011722693453480328
356.90000000000003,0.001080964960066517
356.95000000000005,0.0010358365656493328
357.0,0.0009917525552597074
357.05,0.0009203496751052598
357.1,0.0007559340970506681
357.15000000000003,0.0005667614688261415
357.20000000000005,0.00042967111789015734
357.25,0.00033007289494926925
357.3,0.000255173034509464
357.35,0.000189981625624332
357.40000000000003,7.419317417051032e-05
357.45000000000005,-0.00014191780144993905
357.5,-0.0004174462976042343
357.55,-0.0007645883137253407
357.6,-0.0012362639613325754
357.65000000000003,-0.0017562348042213319
357.70000000000005,-0.002197158036876721
357.75,-0.0025766202696426606
357.8,-0.0029167996781405366
357.85,-0.003177590919830346
357.90000000000003,-0.0033735865950332788
357.95000000000005,-0.003510995078826536
358.0,-0.003614989422263389
358.05,-0.0036582408475737955
358.1,-0.003602241546096682
358.15000000000003,-0.0034246535807954774
358.20000000000005,-0.0031167137266666953
358.25,-0.0027656794492647526
358.3,-0.0023881402832051095
358.35,-0.002033823909551864
358.40000000000003,-0.0017498629021343198
358.45000000000005,-0.0014987479908788253
358.5,-0.0013513674469256632
358.55,-0.001280792300730535
358.6,-0.0011409162400850955
358.65000000000003,-0.0009309614924002391
358.70000000000005,-0.0007353910692358075
358.75,-0.0005582182838932176
358.8,-0.0003631317926463278
358.85,-0.00011721392378736433
358.90000000000003,0.00016833539929564265
358.95000000000005,0.0004114486306357567
359.0,0.000642448266027865
359.05,0.0009150131649607859
359.1,0.0011728276597645492
359.15000000000003,0.0013637682483849142
359.20000000000005,0.0015073775494106366
359.25,0.001616610485850941
359.3,0.0016311588396491364
359.35,0.0015745577669385277
359.40000000000003,0.0015110663482471008
359.45000000000005,0.0014969585802874228
359.5,0.001544590501046741
359.55,0.001555724743939262
359.6,0.0014704523423346792
359.65000000000003,0.0013033252317613375
359.70000000000005,0.001123992422817507
359.75,0.0009717596093598962
359.8,0.0007833241642087457
359.85,0.0004923890539260164
359.90000000000003,0.00016221522240372391
359.95000000000005,-7.586355091956233e-05
