Tiempo_s,Aceleracion_g
0.0,3.528783365931645e-06
0.05,1.6569930194326136e-06
0.1,4.893049419205466e-07
0.15000000000000002,-2.0749514563253417e-06
0.2,-8.136449315718668e-06
0.25,-7.190298409968548e-06
0.30000000000000004,-5.539033316515262e-06
0.35000000000000003,-7.38426438450889e-06
0.4,-2.9214210493498243e-06
0.45,8.466415317200533e-07
0.5,6.021083865737685e-06
0.55,7.699969424976658e-06
0.6000000000000001,7.28413981333588e-06
0.65,1.317752371044144e-05
0.7000000000000001,1.557600413271945e-05
0.75,1.7281024484087568e-05
0.8,1.829278511535061e-05
0.8500000000000001,2.0712407699230676e-05
0.9,2.38397703249435e-05
0.9500000000000001,2.3473198008892364e-05
1.0,2.1713791735185127e-05
1.05,1.9962335869049965e-05
1.1,2.172053486614182e-05
1.1500000000000001,2.5587920703621495e-05
1.2000000000000002,2.6662471138304863e-05
1.25,2.634493879224491e-05
1.3,2.4635449378325194e-05
1.35,2.013350151914031e-05
1.4000000000000001,1.9141986629066033e-05
1.4500000000000002,1.9560076354374862e-05
1.5,1.718600553834292e-05
1.55,1.6922019841466013e-05
1.6,1.8067881685600907e-05
1.6500000000000001,1.8522725549702343e-05
1.7000000000000002,1.6185676338393838e-05
1.75,1.1757086232354771e-05
1.8,1.1539771551055156e-05
1.85,1.4833446462265612e-05
1.9000000000000001,1.5335341400236333e-05
1.9500000000000002,1.2345150783814521e-05
2.0,7.963796051235064e-06
2.0500000000000003,4.992497942546519e-06
2.1,6.9327764993397436e-06
2.15,8.882431024956662e-06
2.2,9.440797101806448e-06
2.25,1.2809674334427687e-05
2.3000000000000003,1.548745093988535e-05
2.35,1.3972505395346425e-05
2.4000000000000004,9.66537115949083e-06
2.45,7.468118293730127e-06
2.5,5.279715043998564e-06
2.5500000000000003,3.1000480100675397e-06
2.6,5.831159214581835e-06
2.6500000000000004,7.870443080097093e-06
2.7,6.4165220459601005e-06
2.75,5.671102145537449e-06
2.8000000000000003,6.334334665294623e-06
2.85,7.705744043027578e-06
2.9000000000000004,1.1886083483106227e-05
2.95,1.4673315122951955e-05
3.0,1.606724878646684e-05
3.0500000000000003,1.8868923758120317e-05
3.1,2.1677516690824565e-05
3.1500000000000004,2.6593743456805008e-05
3.2,3.151645784473977e-05
3.25,3.364419802557957e-05
3.3000000000000003,3.8579206908435593e-05
3.35,4.492062928974468e-05
3.4000000000000004,4.916667682296072e-05
3.45,5.201741146878941e-05
3.5,5.5573508903598784e-05
3.5500000000000003,5.633316652929245e-05
3.6,5.289550542397472e-05
3.6500000000000004,4.806149842364275e-05
3.7,4.253118739519927e-05
3.75,4.050615750957369e-05
3.8000000000000003,3.918489912218883e-05
3.85,3.506559129594552e-05
3.9000000000000004,3.234981303515789e-05
3.95,3.1737595950788824e-05
4.0,2.832649698321491e-05
4.05,2.2116237355757976e-05
4.1000000000000005,1.4507156835601074e-05
4.15,8.300214171353822e-06
4.2,4.8957505931583245e-06
4.25,-6.086743907487368e-07
4.3,-4.711788622986618e-06
4.3500000000000005,-5.312936145082192e-06
4.4,-7.3145506385611535e-06
4.45,-1.0016588763908536e-05
4.5,-1.3419312842946674e-05
4.55,-1.7522981197777995e-05
4.6000000000000005,-2.1627538495239107e-05
4.65,-2.5032924567367087e-05
4.7,-2.8439692473952674e-05
4.75,-2.9747152694803455e-05
4.800000000000001,-3.17567743226683e-05
4.8500000000000005,-3.3068164630663054e-05
4.9,-3.0880305641969615e-05
4.95,-3.149619229374721e-05
5.0,-3.141448275135922e-05
5.050000000000001,-3.3436610475624557e-05
5.1000000000000005,-3.6862454615787676e-05
5.15,-3.5389411999463086e-05
5.2,-3.532043694664752e-05
5.25,-3.3854454715204995e-05
5.300000000000001,-3.0291308998030374e-05
5.3500000000000005,-3.0933926323361336e-05
5.4,-3.2280894193026626e-05
5.45,-3.1531099395388675e-05
5.5,-3.0785583222791755e-05
5.550000000000001,-3.0044448950276005e-05
5.6000000000000005,-2.9307789385246133e-05
5.65,-2.5774449792338725e-05
5.7,-2.5046975533509337e-05
5.75,-2.9226354978981615e-05
5.800000000000001,-3.2710164020698875e-05
5.8500000000000005,-3.339751377134781e-05
5.9,-3.338935976138642e-05
5.95,-3.268571880826566e-05
6.0,-2.988597825406961e-05
6.050000000000001,-2.7791369867267878e-05
6.1000000000000005,-3.0603732947372844e-05
6.15,-3.272056663254781e-05
6.2,-3.6242760854815156e-05
6.25,-3.696841174967503e-05
6.300000000000001,-3.4897460304443767e-05
6.3500000000000005,-3.633262020943255e-05
6.4,-3.8472574859403725e-05
6.45,-4.201754376744912e-05
6.5,-4.556680889402758e-05
6.550000000000001,-4.7019333343908844e-05
6.6000000000000005,-4.777561702195037e-05
6.65,-4.853584149054966e-05
6.7,-5.0000179489726124e-05
6.75,-4.726632136258899e-05
6.800000000000001,-4.873782471716585e-05
6.8500000000000005,-5.0212673078493595e-05
6.9,-4.888946094179179e-05
6.95,-5.177110496387694e-05
7.0,-5.255463960445204e-05
7.050000000000001,-5.264049457549513e-05
7.1000000000000005,-5.132816597397957e-05
7.15,-4.931776288985579e-05
7.2,-4.5908770913976395e-05
7.25,-4.320190800640345e-05
7.300000000000001,-4.329788802811823e-05
7.3500000000000005,-4.059401963960776e-05
7.4,-3.999224689673915e-05
7.45,-4.009172811491507e-05
7.5,-3.739069178479658e-05
7.550000000000001,-3.188891096396547e-05
7.6000000000000005,-2.7087703795340515e-05
7.65,-2.2986841681559525e-05
7.7,-1.6084549810202768e-05
7.75,-1.1282764672245655e-05
7.800000000000001,-5.7800221886225634e-06
7.8500000000000005,-3.7779521671810024e-06
7.9,-3.741664259352458e-07
7.95,1.0034029869150458e-05
8.0,1.4140979114455147e-05
8.05,1.7549369439226248e-05
8.1,2.0259410986109664e-05
8.15,2.297161853198386e-05
8.200000000000001,3.05883571797912e-05
8.25,3.3305492548131154e-05
8.3,3.882661511434362e-05
8.35,4.785221655245123e-05
8.4,5.337938006968109e-05
8.450000000000001,5.820951086431435e-05
8.5,6.024184180009266e-05
8.55,6.2978071552242e-05
8.6,6.641834419868479e-05
8.65,6.916217658883085e-05
8.700000000000001,7.120969496882243e-05
8.75,7.536225315970021e-05
8.8,7.811841223685115e-05
8.85,8.017857880807974e-05
8.9,8.014222168115734e-05
8.950000000000001,7.941003631363935e-05
9.0,8.008301694057488e-05
9.05,8.566276566783607e-05
9.1,9.054685383536782e-05
9.15,9.263438815608608e-05
9.200000000000001,9.47266291252425e-05
9.25,9.402235246560508e-05
9.3,9.122186917471866e-05
9.35,9.122733478205181e-05
9.4,8.84362554678792e-05
9.450000000000001,8.705045594961968e-05
9.5,8.356834871569237e-05
9.55,7.939050038254739e-05
9.600000000000001,8.011932261654812e-05
9.65,7.52501045069315e-05
9.700000000000001,6.8284309869672e-05
9.75,6.342370201777202e-05
9.8,5.9267560903131125e-05
9.850000000000001,5.6516084977204315e-05
9.9,5.446884531659323e-05
9.950000000000001,5.032447670869738e-05
10.0,4.548346110523484e-05
10.05,3.994565410284281e-05
10.100000000000001,3.3710903789354534e-05
10.15,3.168121578056214e-05
10.200000000000001,2.895425969770888e-05
10.25,2.0627698877138043e-05
10.3,1.3704447797074558e-05
10.350000000000001,8.884632419225263e-06
10.4,1.2658998801667018e-06
10.450000000000001,-7.051014816880504e-06
10.5,-1.0463834503436649e-05
10.55,-1.4575233298055474e-05
10.600000000000001,-2.078603295744465e-05
10.65,-2.3493965450857074e-05
10.700000000000001,-3.0402640281183726e-05
10.75,-3.661010230846505e-05
10.8,-4.141625289730971e-05
10.850000000000001,-4.832284943115606e-05
10.9,-5.382855707309001e-05
10.950000000000001,-6.003451451468444e-05
11.0,-6.694093192138774e-05
11.05,-7.104647199818782e-05
11.100000000000001,-7.025041417665944e-05
11.15,-7.015543728081541e-05
11.200000000000001,-7.356298056783704e-05
11.25,-7.347015095393654e-05
11.3,-7.12777627051455e-05
11.350000000000001,-6.978724468790434e-05
11.4,-6.689785686793791e-05
11.450000000000001,-6.54110192237674e-05
11.5,-6.602721903963972e-05
11.55,-6.174353668330921e-05
11.600000000000001,-5.886292232208613e-05
11.65,-5.598491856671663e-05
11.700000000000001,-5.240937099347463e-05
11.75,-5.2338283274129976e-05
11.8,-4.666777680909784e-05
11.850000000000001,-4.030015063996012e-05
11.9,-3.253522264729531e-05
11.950000000000001,-2.6874658627562815e-05
12.0,-2.7520425925998922e-05
12.05,-2.4668299329925194e-05
12.100000000000001,-2.041930259794803e-05
12.15,-1.7574760561688774e-05
12.200000000000001,-1.2633206653403876e-05
12.25,-6.29502132065685e-06
12.3,-2.76212270092096e-06
12.350000000000001,-2.034564964782548e-06
12.4,-6.108474932728496e-07
12.450000000000001,1.0837434565164379e-07
12.5,-1.277546134208082e-06
12.55,-2.6677007541564397e-06
12.600000000000001,-3.3617911208726893e-06
12.65,-1.959200944204804e-06
12.700000000000001,-2.661779187998038e-06
12.75,-6.169820070420747e-06
12.8,-4.0795892533151045e-06
12.850000000000001,-4.794765612554314e-06
12.9,-1.0416236586704988e-05
12.950000000000001,-1.5341479819036507e-05
13.0,-1.957043874462663e-05
13.05,-1.9601502677717577e-05
13.100000000000001,-1.9636454722165524e-05
13.15,-1.8974905712070435e-05
13.200000000000001,-1.4115222096573172e-05
13.25,-1.4161329298939857e-05
13.3,-1.9813434878533356e-05
13.350000000000001,-2.546895645373874e-05
13.4,-2.8326541985020218e-05
13.450000000000001,-3.11873069564872e-05
13.5,-3.4051123811980636e-05
13.55,-3.271600375021239e-05
13.600000000000001,-2.9282735522181035e-05
13.65,-2.7252721073056285e-05
13.700000000000001,-2.3824574254545863e-05
13.75,-1.7597522712162638e-05
13.8,-1.4874191311563962e-05
13.850000000000001,-1.3553490059283662e-05
13.9,-1.2934943718789399e-05
13.950000000000001,-1.4419001381058266e-05
14.0,-1.5204253693480264e-05
14.05,-1.4590216320994952e-05
14.100000000000001,-1.0475784125090122e-05
14.15,-1.1264488512976152e-05
14.200000000000001,-7.852128406732474e-06
14.25,-3.039758469565087e-06
14.3,-1.0290509506855279e-06
14.350000000000001,9.814147636162198e-07
14.4,8.908947884873553e-07
14.450000000000001,2.9014281271890467e-06
14.5,4.912270074743053e-06
14.55,6.923602666730975e-06
14.600000000000001,9.63591584255415e-06
14.65,1.234907937630863e-05
14.700000000000001,1.6463888689207562e-05
14.75,1.7778662908931952e-05
14.8,2.189604768200039e-05
14.850000000000001,2.181311931184105e-05
14.9,1.8230352225719704e-05
14.950000000000001,1.464945399513083e-05
15.0,1.597274653724588e-05
15.05,1.799852727153538e-05
15.100000000000001,1.7225398093927308e-05
15.15,1.925597589012778e-05
15.200000000000001,2.1289161370496358e-05
15.25,2.192446807213903e-05
15.3,1.7660475910076345e-05
15.350000000000001,1.6200706374569782e-05
15.4,2.034650987799139e-05
15.450000000000001,2.1694282400739142e-05
15.5,2.2345051541549945e-05
15.55,2.3699528544649038e-05
15.600000000000001,2.575779886200883e-05
15.65,2.8519940433445828e-05
15.700000000000001,2.988509580647994e-05
15.75,3.1253945853163384e-05
15.8,3.19262357444722e-05
15.850000000000001,2.980108405265558e-05
15.9,2.6979456512192066e-05
15.950000000000001,2.696292897829731e-05
16.0,2.9751522696423565e-05
16.05,3.18437042309663e-05
16.1,3.3939786992540236e-05
16.150000000000002,3.744038502422382e-05
16.2,3.814362986451336e-05
16.25,3.4648881357154946e-05
16.3,3.045765536374864e-05
16.35,2.6270222205095684e-05
16.400000000000002,2.4187462110183253e-05
16.45,2.4909628333016478e-05
16.5,2.213387334602123e-05
16.55,2.0061979797652263e-05
16.6,1.7293248214899073e-05
16.650000000000002,1.2426971000060867e-05
16.7,9.664906442659143e-06
16.75,6.205712641359979e-06
16.8,5.550823128352628e-06
16.85,6.299499290026699e-06
16.900000000000002,4.950067497937463e-06
16.95,4.303630132147189e-06
17.0,5.060354982937595e-06
17.05,5.1191662487753795e-06
17.1,3.079290956233773e-06
17.150000000000002,3.842733097176466e-06
17.2,6.008707673591934e-06
17.25,5.375187155203924e-06
17.3,6.143849531912565e-06
17.35,7.614203159766564e-06
17.400000000000002,1.118667942764493e-05
17.45,1.8261705382556056e-05
17.5,2.2536302487261024e-05
17.55,2.681150860648632e-05
17.6,2.9686502906647204e-05
17.650000000000002,3.3962317044253824e-05
17.7,3.753781549358107e-05
17.75,3.971247904900946e-05
17.8,3.9785786753065995e-05
17.85,3.9158144006575883e-05
17.900000000000002,4.623304762562835e-05
17.95,5.050564457421568e-05
18.0,4.9174483313700185e-05
18.05,5.064306040962679e-05
18.1,5.7012090099644084e-05
18.150000000000002,5.8477030857642595e-05
18.2,5.363705364945449e-05
18.25,5.299658855625274e-05
18.3,5.3053883538325193e-05
18.35,5.2408117288373075e-05
18.400000000000002,4.7557544275793664e-05
18.45,4.060289678194768e-05
18.5,3.4345220707208224e-05
18.55,2.8084020609977006e-05
18.6,2.1118806324570464e-05
18.650000000000002,1.4850021104340477e-05
18.7,7.176568175577543e-06
18.75,-1.2014057245183057e-06
18.8,-6.082200697166844e-06
18.85,-1.3768747972365827e-05
18.900000000000002,-2.145995094005356e-05
18.95,-2.915594176016251e-05
19.0,-3.685684405574552e-05
19.05,-4.2461844856130116e-05
19.1,-5.087321431340402e-05
19.150000000000002,-5.648857451400575e-05
19.200000000000003,-6.350986698859952e-05
19.25,-7.123685850171424e-05
19.3,-7.546775926295356e-05
19.35,-8.250540738678939e-05
19.400000000000002,-9.02489193396266e-05
19.450000000000003,-9.309585439420129e-05
19.5,-9.594839916125515e-05
19.55,-0.0001009074919894134
19.6,-0.00010447158591337642
19.650000000000002,-0.00010804128709022702
19.700000000000003,-0.00010811502545373662
19.75,-0.00010819431167532994
19.8,-0.00010757878940452846
19.85,-0.00010626839993811574
19.900000000000002,-0.0001070643099784032
19.950000000000003,-0.00010646489166293876
20.0,-0.00010447005196213873
20.05,-0.00010458123281765501
20.1,-0.00010119584508194923
20.150000000000002,-9.501407187731837e-05
20.200000000000003,-9.023763187677216e-05
20.25,-8.616606873263466e-05
20.3,-7.999798828747262e-05
20.35,-7.103291427929924e-05
20.400000000000002,-6.417283483576057e-05
20.450000000000003,-5.5215708886238554e-05
20.5,-4.556196045753528e-05
20.55,-3.9413242120145144e-05
20.6,-3.186717840160728e-05
20.650000000000002,-2.642509707996677e-05
20.700000000000003,-1.8884917223692764e-05
20.75,-1.2747952813566737e-05
20.8,-1.081520239566837e-05
20.85,-2.581783338631671e-06
20.900000000000002,5.649770574304271e-06
20.950000000000003,1.177878568362015e-05
21.0,1.7206138703951568e-05
21.05,2.0531473088527284e-05
21.1,2.385598161391344e-05
21.150000000000002,2.6479622733483363e-05
21.200000000000003,3.1203903153934146e-05
21.25,3.662847571362729e-05
21.3,4.135299425183685e-05
21.35,4.607804077411301e-05
21.400000000000002,4.6602032566981506e-05
21.450000000000003,4.782740635979895e-05
21.5,4.975443309864821e-05
21.55,4.958214512610104e-05
21.6,4.9411737245888516e-05
21.650000000000002,4.714254615979997e-05
21.700000000000003,4.7676997722457694e-05
21.75,5.101534945706399e-05
21.8,5.0855071603653135e-05
21.85,4.78967221095501e-05
21.900000000000002,4.5642090761864456e-05
21.950000000000003,4.619234333291066e-05
22.0,4.604616573929213e-05
22.05,4.520378367662173e-05
22.1,4.436572527756721e-05
22.150000000000002,4.283189302030226e-05
22.200000000000003,4.130280029674792e-05
22.25,4.11792618234679e-05
22.3,4.1060847130496024e-05
22.35,3.8846807946181984e-05
22.400000000000002,3.593793330442671e-05
22.450000000000003,3.443531232220519e-05
22.5,3.363878776093253e-05
22.55,3.3548501954802056e-05
22.6,3.2763968879861524e-05
22.650000000000002,3.0585001651301084e-05
22.700000000000003,3.1913876979524134e-05
22.75,3.1848531836604105e-05
22.8,3.0389057239160673e-05
22.85,2.963646118104399e-05
22.900000000000002,2.7489885411971873e-05
22.950000000000003,2.6050316167061586e-05
23.0,2.5317800985471033e-05
23.05,2.3191448662251945e-05
23.1,2.317283080296951e-05
23.150000000000002,2.4561652528049556e-05
23.200000000000003,2.665760789294756e-05
23.25,2.66594522146848e-05
23.3,2.8769022174711068e-05
23.35,2.948474195770117e-05
23.400000000000002,3.0907498801610544e-05
23.450000000000003,3.513816922687216e-05
23.5,3.79748360493969e-05
23.55,3.9417427047206935e-05
23.6,4.1566787418606685e-05
23.650000000000002,4.582344302322319e-05
23.700000000000003,4.7285126701122276e-05
23.75,4.87529631833249e-05
23.8,5.092714003539434e-05
23.85,4.960567096498781e-05
23.900000000000002,4.8990271545285285e-05
23.950000000000003,4.697986556102955e-05
24.0,4.357429611726084e-05
24.05,3.947370747425647e-05
24.1,3.467792689520846e-05
24.150000000000002,3.128770191469253e-05
24.200000000000003,3.0003154505050596e-05
24.25,2.5921926018270793e-05
24.3,1.974412530298235e-05
24.35,1.847263830788856e-05
24.400000000000002,1.5104160648630393e-05
24.450000000000003,1.1039093504313933e-05
24.5,4.876596249038052e-06
24.55,-4.083866981078495e-06
24.6,-1.3041289952083208e-05
24.650000000000002,-2.2696216281071456e-05
24.700000000000003,-2.744640974822468e-05
24.75,-3.289458476570467e-05
24.8,-3.764036587202129e-05
24.85,-4.0983688915651296e-05
24.900000000000002,-4.642634683228654e-05
24.950000000000003,-5.2567969198995345e-05
25.0,-5.870849572356837e-05
25.05,-6.5548485095388e-05
25.1,-7.098725919863664e-05
25.150000000000002,-7.43247581498939e-05
25.200000000000003,-7.486092146474492e-05
25.25,-7.46969246413105e-05
25.3,-7.453332340441195e-05
25.35,-7.437036260256082e-05
25.400000000000002,-7.350797587978265e-05
25.450000000000003,-7.404733153147541e-05
25.5,-7.108650290930092e-05
25.55,-6.812727128958332e-05
25.6,-6.727079629946246e-05
25.650000000000002,-6.0813904823463024e-05
25.700000000000003,-5.7160532426313455e-05
25.75,-5.561059064584179e-05
25.8,-4.565965751472313e-05
25.85,-3.431103748494331e-05
25.900000000000002,-2.5766793395892608e-05
25.950000000000003,-1.8626509322638248e-05
26.0,-1.0789455016810755e-05
26.05,-1.5555134177032144e-06
26.1,4.873273357951873e-06
26.150000000000002,8.496724243994754e-06
26.200000000000003,1.3516519392092541e-05
26.25,1.7131252574214408e-05
26.3,2.0741379091327093e-05
26.35,2.714797897886439e-05
26.400000000000002,3.074842785738272e-05
26.450000000000003,3.2242890994953355e-05
26.5,3.793401419777216e-05
26.55,4.151888382488191e-05
26.6,4.089644853761442e-05
26.650000000000002,3.886782864327988e-05
26.700000000000003,3.823415155538117e-05
26.75,3.829500571857276e-05
26.8,4.0450914581350405e-05
26.85,4.120024433763594e-05
26.900000000000002,3.914229635988733e-05
26.950000000000003,3.637792574923763e-05
27.0,3.360737676784645e-05
27.05,3.1530901379894415e-05
27.1,3.224937778789596e-05
27.150000000000002,3.0160290442145035e-05
27.200000000000003,2.736453326336076e-05
27.25,2.7363626581260305e-05
27.3,2.5255387893760116e-05
27.35,2.2440425838739866e-05
27.400000000000002,1.9619047881011337e-05
27.450000000000003,1.3289714167157411e-05
27.5,8.354603774402968e-06
27.55,6.914666969331647e-06
27.6,4.768079042290733e-06
27.650000000000002,2.6151880651611855e-06
27.700000000000003,-2.4426822888632954e-07
27.75,-4.510543991075438e-06
27.8,-5.981720637362901e-06
27.85,-8.859582342758433e-06
27.900000000000002,-1.6645596031360888e-05
27.950000000000003,-2.373720061104162e-05
28.0,-3.013430096689461e-05
28.05,-3.5136484921145777e-05
28.1,-3.734302331724393e-05
28.150000000000002,-3.675379781963845e-05
28.200000000000003,-3.7570537959937116e-05
28.25,-4.119372890765087e-05
28.3,-4.5522302366264095e-05
28.35,-5.055611059483326e-05
28.400000000000002,-5.5594689624386795e-05
28.450000000000003,-5.993756866092594e-05
28.5,-6.14836517966726e-05
28.55,-5.9532455142837046e-05
28.6,-5.758534397506085e-05
28.650000000000002,-5.634244060419971e-05
28.700000000000003,-5.6503861546840635e-05
28.75,-5.7369099299279634e-05
28.8,-5.473609488874179e-05
28.85,-5.2106185897636456e-05
28.900000000000002,-4.8078540515866667e-05
28.950000000000003,-4.195263170905478e-05
29.0,-3.652947445810029e-05
29.05,-2.9007606017112308e-05
29.1,-2.2888343224977826e-05
29.150000000000002,-1.8871762781718352e-05
29.200000000000003,-1.6957629290017818e-05
29.25,-1.854632330440555e-05
29.3,-1.8735440100161957e-05
29.35,-1.4023191614214983e-05
29.400000000000002,-1.0011808391622612e-05
29.450000000000003,-8.801973727589192e-06
29.5,-7.592205570472851e-06
29.55,-6.382258480617094e-06
29.6,-3.07095936530633e-06
29.650000000000002,2.410090275789514e-07
29.700000000000003,4.254200076140676e-06
29.75,6.1676197894945196e-06
29.8,5.981509539803063e-06
29.85,1.069920109120686e-05
29.900000000000002,1.4018148412697144e-05
29.950000000000003,1.5238276642908763e-05
30.0,2.1362909423254147e-05
30.05,2.5389182252116414e-05
30.1,2.3115463758440624e-05
30.150000000000002,2.0144447693953692e-05
30.200000000000003,2.2078823296682887e-05
30.25,2.821849183579349e-05
30.3,3.50621124516572e-05
30.35,3.770772030012601e-05
30.400000000000002,3.965705552370359e-05
30.450000000000003,4.091030595362414e-05
30.5,3.656548834440775e-05
30.55,3.222525125466455e-05
30.6,3.069099931235957e-05
30.650000000000002,3.196289295326245e-05
30.700000000000003,3.3239848171725174e-05
30.75,3.3121391693008686e-05
30.8,3.16076607498687e-05
30.85,2.86987844029517e-05
30.900000000000002,2.579550181412844e-05
30.950000000000003,2.3598234359798075e-05
31.0,2.210708546284034e-05
31.05,2.202245890862718e-05
31.1,1.9842894062436333e-05
31.150000000000002,2.0470631971783246e-05
31.200000000000003,1.9003575152315315e-05
31.25,1.754270912900555e-05
31.3,1.8889319243987963e-05
31.35,1.8141279775252968e-05
31.400000000000002,1.9500475523643085e-05
31.450000000000003,1.8765070909826555e-05
31.5,2.1537550061721406e-05
31.55,2.5016676707533653e-05
31.6,2.920244194601896e-05
31.650000000000002,3.689606427529141e-05
31.700000000000003,4.03941141757221e-05
31.75,4.039686350914418e-05
31.8,3.9005193245502394e-05
31.85,3.7619665848210316e-05
31.900000000000002,3.6940525378830984e-05
31.950000000000003,3.696769761646573e-05
32.0,3.7000790191610216e-05
32.050000000000004,3.4938783499398644e-05
32.1,3.148188627035888e-05
32.15,2.733029880665821e-05
32.2,2.458483164032972e-05
32.25,1.9743813386588413e-05
32.300000000000004,1.6308657183970946e-05
32.35,1.4279222397763932e-05
32.4,1.1554433326449694e-05
32.45,7.433825623398386e-06
32.5,3.317855789649459e-06
32.550000000000004,2.007592206852894e-06
32.6,-6.989954034199042e-07
32.65,-2.0008509979628475e-06
32.7,-3.999088909883611e-06
32.75,-5.293282729687228e-06
32.800000000000004,-3.782701936255016e-06
32.85,-5.770331634649206e-06
32.9,-4.95359519147292e-06
32.95,-6.234867892408645e-06
33.0,-8.213745741545484e-06
33.050000000000004,-8.789519005042294e-06
33.1,-9.363027281513257e-06
33.15,-7.133257577602121e-06
33.2,-7.702910190272199e-06
33.25,-4.769430551197268e-06
33.300000000000004,2.663325465811716e-07
33.35,4.010550020128386e-07
33.4,4.038214799699141e-06
33.45,3.4741767933141875e-06
33.5,2.2102532121912413e-06
33.550000000000004,3.0474470179679715e-06
33.6,3.8845968426888294e-06
33.65,5.421778916693962e-06
33.7,6.958452002443945e-06
33.75,5.69314849947358e-06
33.800000000000004,2.2502095477086733e-07
33.85,-3.1433744915402344e-06
33.9,-5.812880943883814e-06
33.95,-7.083411140909328e-06
34.0,-8.355802546728669e-06
34.050000000000004,-1.1030889334904594e-05
34.1,-1.0206718970117708e-05
34.15,-1.2186282780195117e-05
34.2,-1.6969784795431284e-05
34.25,-1.8254641466020714e-05
34.300000000000004,-2.3044139962493792e-05
34.35,-3.0638160866445273e-05
34.4,-3.333348714959582e-05
34.45,-3.323122556318321e-05
34.5,-3.243247711502438e-05
34.550000000000004,-3.303833684445815e-05
34.6,-3.925082131267327e-05
34.65,-4.266637446902477e-05
34.7,-4.1884526034348493e-05
34.75,-3.970665438237373e-05
34.800000000000004,-3.823382172878147e-05
34.85,-4.166801091535076e-05
34.9,-4.650779598000939e-05
34.95,-4.785112513987352e-05
35.0,-4.359717608242748e-05
35.050000000000004,-3.864821126928257e-05
35.1,-3.300432085199734e-05
35.15,-3.0167133409728947e-05
35.2,-3.153734200320266e-05
35.25,-3.2212848710561115e-05
35.300000000000004,-3.289402157581662e-05
35.35,-3.218029299468437e-05
35.4,-3.07720151037634e-05
35.45,-2.6568295128673972e-05
35.5,-2.1670087734992337e-05
35.550000000000004,-1.4676793459096678e-05
35.6,-8.38966031516537e-06
35.65,-7.010546890194143e-06
35.7,-7.73821157027208e-06
35.75,-4.269858767820213e-06
35.800000000000004,5.932947898406239e-07
35.85,3.349730807606463e-06
35.9,1.0302267866101777e-05
35.95,1.8649711995821934e-05
36.0,2.3489948931884796e-05
36.050000000000004,2.7624273301273663e-05
36.1,2.825151305522577e-05
36.15,2.6772358644255872e-05
36.2,2.5988125961171302e-05
36.25,2.7299519278912846e-05
36.300000000000004,2.7205084948747914e-05
36.35,2.430430361599081e-05
36.4,2.2098827022638175e-05
36.45,1.8487839344716093e-05
36.5,1.9073932509202087e-05
36.550000000000004,2.1756302880400264e-05
36.6,1.953198804784941e-05
36.65,1.380174213308275e-05
36.7,7.366943283993749e-06
36.75,3.7292842795045e-06
36.800000000000004,5.690153896606463e-06
36.85,1.1849090570265878e-05
36.9,1.5203163755111732e-05
36.95,1.3651612276252416e-05
37.0,1.0696153390360728e-05
37.050000000000004,7.03727179189848e-06
37.1,5.476384078276065e-06
37.15,6.7139831602504426e-06
37.2,5.848091904857066e-06
37.25,6.380447646206933e-06
37.300000000000004,7.610935771492029e-06
37.35,7.438826470475426e-06
37.4,8.665557656798713e-06
37.45,7.0894777821713985e-06
37.5,6.212339570917469e-06
37.550000000000004,6.034352064536279e-06
37.6,5.855417360108057e-06
37.65,4.9754396420159135e-06
37.7,3.394634211364272e-06
37.75,1.8135272782502437e-06
37.800000000000004,-1.1682811875691824e-06
37.85,7.522116180339392e-07
37.9,1.9727525439990443e-06
37.95,-3.0767380260688045e-07
38.0,-2.5872991027371297e-06
38.050000000000004,-2.7649731310309085e-06
38.1,-4.3420193901603056e-06
38.15,-6.617906051846364e-06
38.2,-8.191792361967963e-06
38.25,-1.1164384283333762e-05
38.300000000000004,-1.133360544527e-05
38.35,-1.4301709783912477e-05
38.400000000000006,-1.86678601496649e-05
38.45,-2.443183937060813e-05
38.5,-2.8792195092431943e-05
38.550000000000004,-3.104840467381902e-05
38.6,-3.260087544116864e-05
38.650000000000006,-3.414970800702539e-05
38.7,-3.499438729577161e-05
38.75,-3.7235638215698096e-05
38.800000000000004,-4.087326128123363e-05
38.85,-4.100489594203827e-05
38.900000000000006,-4.4633442488871354e-05
38.95,-4.615623910801831e-05
39.0,-4.5573102260529674e-05
39.050000000000004,-4.778601772317485e-05
39.1,-4.5791719229973913e-05
39.150000000000006,-4.379189349826244e-05
39.2,-4.6688541984388167e-05
39.25,-5.027965187397132e-05
39.300000000000004,-4.686167023709273e-05
39.35,-4.063630746940337e-05
39.400000000000006,-3.3004043634690104e-05
39.45,-2.8166602614153718e-05
39.5,-2.682416926069656e-05
39.550000000000004,-2.1973534253568663e-05
39.6,-1.3614588287905844e-05
39.650000000000006,-5.9490853885317625e-06
39.7,1.7233768959293042e-06
39.75,5.901337201318571e-06
39.800000000000004,9.386108638878805e-06
39.85,1.3578376990285539e-05
39.900000000000006,1.6377272790983896e-05
39.95,1.778284500710117e-05
40.0,2.0596370080304547e-05
40.050000000000004,2.271695016741805e-05
40.1,2.9046769967795457e-05
40.150000000000006,3.678460264216389e-05
40.2,3.89273558512022e-05
40.25,4.2478111740592476e-05
40.300000000000004,4.743684979333926e-05
40.35,5.3103229856471675e-05
40.400000000000006,5.457504589815881e-05
40.45,5.4653482948817094e-05
40.5,5.82406431909799e-05
40.550000000000004,5.903367048571846e-05
40.6,6.193464589396356e-05
40.650000000000006,6.69434753038864e-05
40.7,7.195912641866825e-05
40.75,7.558086576525231e-05
40.800000000000004,7.570764031550315e-05
40.85,7.794178841605066e-05
40.900000000000006,7.878161828671924e-05
40.95,7.962759287194539e-05
41.0,8.25804746088551e-05
41.050000000000004,8.413854251240781e-05
41.1,8.360130321274236e-05
41.150000000000006,8.306949119593506e-05
41.2,8.254290442186761e-05
41.25,7.641885843204311e-05
41.300000000000004,7.170022675619582e-05
41.35,6.908709189356793e-05
41.400000000000006,6.297674565256984e-05
41.45,5.897142037850762e-05
41.5,5.6370558458273824e-05
41.550000000000004,5.447359582472898e-05
41.6,5.187965312848017e-05
41.650000000000006,4.508691768933826e-05
41.7,3.689635474850776e-05
41.75,2.9408615567488225e-05
41.800000000000004,2.0522491712296766e-05
41.85,1.3739244809122147e-05
41.900000000000006,7.657968499613701e-06
41.95,3.678990508834067e-06
42.0,2.502326962856457e-06
42.050000000000004,-1.4747909927838068e-06
42.1,-6.852041230909113e-06
42.150000000000006,-1.2229102487098324e-05
42.2,-1.6905963089360728e-05
42.25,-2.2983848157194004e-05
42.300000000000004,-3.116336368843178e-05
42.35,-3.7242949883167017e-05
42.400000000000006,-4.122290069765058e-05
42.45,-4.450412641121462e-05
42.5,-4.5686297729459795e-05
42.550000000000004,-4.4769700712109e-05
42.6,-4.805740094378069e-05
42.650000000000006,-5.344874913941702e-05
42.7,-5.3240617630017556e-05
42.75,-5.443636772965342e-05
42.800000000000004,-5.5635644556708115e-05
42.85,-5.403746896468531e-05
42.900000000000006,-5.3843947956432514e-05
42.95,-5.2254089599209716e-05
43.0,-5.2069368877636186e-05
43.050000000000004,-5.118908881407897e-05
43.1,-4.961347247576128e-05
43.150000000000006,-5.5046136529447105e-05
43.2,-6.0484195421659695e-05
43.25,-5.9625064256521476e-05
43.300000000000004,-5.9472024752986244e-05
43.35,-5.58234017764211e-05
43.400000000000006,-5.078029397775216e-05
43.45,-4.6443790468824534e-05
43.5,-4.49149706307737e-05
43.550000000000004,-4.7594594707521535e-05
43.6,-5.098124824528659e-05
43.650000000000006,-5.4374743543867276e-05
43.7,-5.287302719714679e-05
43.75,-5.0678055463009306e-05
43.800000000000004,-4.849022796549934e-05
43.85,-4.350838764333929e-05
43.900000000000006,-3.853384077060655e-05
43.95,-3.426695536158524e-05
44.0,-3.2108398116895406e-05
44.050000000000004,-3.3458825214503193e-05
44.1,-3.271579000604873e-05
44.150000000000006,-3.057961854067675e-05
44.2,-2.7750626532108614e-05
44.25,-2.7030047160686144e-05
44.300000000000004,-2.70172480746088e-05
44.35,-2.6311586929579458e-05
44.400000000000006,-2.491303000504561e-05
44.45,-2.4922461600892827e-05
44.5,-2.633982880518238e-05
44.550000000000004,-2.6363832449979237e-05
44.6,-2.7095328898269894e-05
44.650000000000006,-2.433238250394394e-05
44.7,-2.017583206722688e-05
44.75,-1.88274356662049e-05
44.800000000000004,-1.8186160090192918e-05
44.85,-1.685127344871748e-05
44.900000000000006,-1.412234544160341e-05
44.95,-1.2800484576635992e-05
45.0,-1.1484936872709051e-05
45.050000000000004,-4.573086152551057e-06
45.1,4.4336701973712645e-06
45.150000000000006,1.133363174083772e-05
45.2,2.032881473647101e-05
45.25,2.791783942603935e-05
45.300000000000004,2.9899022068821555e-05
45.35,3.3275631617961915e-05
45.400000000000006,3.594692159500712e-05
45.45,4.281524217425502e-05
45.5,5.0379236701662685e-05
45.550000000000004,5.3036624494186545e-05
45.6,5.63900759893677e-05
45.650000000000006,5.693824462717032e-05
45.7,5.958349741473891e-05
45.75,6.502634839861663e-05
45.800000000000004,6.416298448957359e-05
45.85,6.329639762385384e-05
45.900000000000006,6.382741666756796e-05
45.95,6.295501637099134e-05
46.0,6.13797186769654e-05
46.050000000000004,6.050235551351609e-05
46.1,5.8922522358114956e-05
46.150000000000006,5.8041051860949185e-05
46.2,5.645753971791962e-05
46.25,4.8569725959052606e-05
46.300000000000004,3.927998864393327e-05
46.35,3.1389777406168025e-05
46.400000000000006,2.629992246536045e-05
46.45,2.4010634410297288e-05
46.5,1.7519030109461053e-05
46.550000000000004,9.626554140759613e-06
46.6,1.7340308342457906e-06
46.650000000000006,-9.659882097481267e-06
46.7,-1.825219981947454e-05
46.75,-2.5443341431508737e-05
46.800000000000004,-2.9132182394395013e-05
46.85,-3.2119765527391534e-05
46.900000000000006,-3.440589960201856e-05
46.95,-3.5990396455154546e-05
47.0,-4.1775235804045126e-05
47.050000000000004,-4.6157762249738594e-05
47.1,-4.843748860988869e-05
47.150000000000006,-5.001485914480357e-05
47.2,-5.229032201660519e-05
47.25,-5.52637109816026e-05
47.300000000000004,-5.403269937671992e-05
47.35,-5.139836650490326e-05
47.400000000000006,-4.946148697483568e-05
47.45,-4.682129391743795e-05
47.5,-4.2777334548624264e-05
47.550000000000004,-3.873008879086494e-05
47.6,-3.748066018812583e-05
47.650000000000006,-3.3426446765863245e-05
47.7,-2.796794434117076e-05
47.75,-2.4606582020436872e-05
47.800000000000004,-1.7739774580210763e-05
47.85,-1.0168653471074098e-05
47.900000000000006,-2.593428424915695e-06
47.95,8.382930738010834e-08
48.0,1.3647530633405919e-06
48.050000000000004,4.050660603249686e-06
48.1,6.741007829302555e-06
48.150000000000006,1.0836481033703466e-05
48.2,1.7037450632076115e-05
48.25,2.534397107877074e-05
48.300000000000004,3.085392538170855e-05
48.35,3.2867045087350387e-05
48.400000000000006,3.278398251809597e-05
48.45,3.270569225422594e-05
48.5,3.473312186079761e-05
48.550000000000004,3.536473798144055e-05
48.6,3.810209254794769e-05
48.650000000000006,4.1544565782912377e-05
48.7,4.149029390993855e-05
48.75,3.9339879988826746e-05
48.800000000000004,3.789453853623245e-05
48.85,3.785454939325756e-05
48.900000000000006,3.921987624894073e-05
48.95,3.9189239002095865e-05
49.0,3.8462896953238536e-05
49.050000000000004,3.8441411956519096e-05
49.1,3.842441158411057e-05
49.150000000000006,3.7011207711833704e-05
49.2,3.700296129113167e-05
49.25,3.629866243716748e-05
49.300000000000004,3.699915063389135e-05
49.35,3.980464102008205e-05
49.400000000000006,3.701163221742083e-05
49.45,3.352218356212133e-05
49.5,3.073680290301236e-05
49.550000000000004,2.9355683750093016e-05
49.6,3.077932396386834e-05
49.650000000000006,3.15060521066324e-05
49.7,3.2936356969012656e-05
49.75,3.436979547031532e-05
49.800000000000004,3.3004992915534905e-05
49.85,3.1643044843315274e-05
49.900000000000006,3.098411571576955e-05
49.95,3.0327748432929045e-05
50.0,2.6872555383949723e-05
50.050000000000004,2.411992955650202e-05
50.1,2.4170643250716622e-05
50.150000000000006,2.0721756032294532e-05
50.2,1.3773108968190728e-05
50.25,8.226706464687942e-06
50.300000000000004,2.681768820333048e-06
50.35,-2.161556645264881e-06
50.400000000000006,-2.8018860449439378e-06
50.45,-6.242474073851718e-06
50.5,-1.0382555124576728e-05
50.550000000000004,-1.522229073555743e-05
50.6,-2.1462150815703007e-05
50.650000000000006,-2.6301057933286675e-05
50.7,-3.043947936598767e-05
50.75,-3.177664369470203e-05
50.800000000000004,-3.2413632864442874e-05
50.85,-3.235059879049319e-05
50.900000000000006,-3.508923696347208e-05
50.95,-3.852876613142135e-05
51.0,-3.7767164982121795e-05
51.050000000000004,-3.910735659144585e-05
51.1,-3.9047931141234586e-05
51.150000000000006,-3.968994885728863e-05
51.2,-3.963291973999819e-05
51.25,-3.957727723712715e-05
51.300000000000004,-4.022345034544399e-05
51.35,-3.877031725483341e-05
51.400000000000006,-3.801922523133469e-05
51.45,-3.9370898112446647e-05
51.5,-4.352574539833071e-05
51.550000000000004,-4.558169747787437e-05
51.6,-4.9040390207975914e-05
51.650000000000006,-5.250128934912969e-05
51.7,-5.0361999710898544e-05
51.75,-4.892537747696599e-05
51.800000000000004,-4.609056233428213e-05
51.85,-4.746008982595075e-05
51.900000000000006,-4.8832160447363115e-05
51.95,-4.3904041209044307e-05
52.0,-3.8278250326346676e-05
52.050000000000004,-3.475606329557828e-05
52.1,-3.263720367939857e-05
52.150000000000006,-3.12213893139436e-05
52.2,-2.770740465010601e-05
52.25,-2.279557468990528e-05
52.300000000000004,-2.1388074291090677e-05
52.35,-1.9283052787112204e-05
52.400000000000006,-1.5780200305876233e-05
52.45,-1.648198481180609e-05
52.5,-1.7186539818273213e-05
52.550000000000004,-1.8594158441016165e-05
52.6,-1.7203273477292547e-05
52.650000000000006,-1.3714168363694855e-05
52.7,-1.1628358854714396e-05
52.75,-1.0245500830319019e-05
52.800000000000004,-1.0265864336883015e-05
52.85,-8.888169112335357e-06
52.900000000000006,-3.3111309346438223e-06
52.95,2.9637550854112674e-06
53.0,6.434997433489478e-06
53.050000000000004,8.503272647507425e-06
53.1,1.4070806657017618e-05
53.150000000000006,1.1232406780297033e-05
53.2,8.391850973444924e-06
53.25,1.2552301354575242e-05
53.300000000000004,1.5310119310123922e-05
53.35,1.8766306984865686e-05
53.400000000000006,2.2220631623327114e-05
53.45,2.4972862312711695e-05
53.5,2.7723388257781975e-05
53.550000000000004,2.767105394460474e-05
53.6,2.621656053339443e-05
53.650000000000006,2.966277490642428e-05
53.7,2.9606070910190928e-05
53.75,3.164900780310438e-05
53.800000000000004,3.299043456689712e-05
53.85,3.1529509789057786e-05
53.900000000000006,3.567003078525707e-05
53.95,3.7708682517463315e-05
54.0,4.114709759781345e-05
54.050000000000004,3.9682579097066365e-05
54.1,3.331521280400806e-05
54.150000000000006,3.2549722499699536e-05
54.2,2.8982481967794994e-05
54.25,2.5414811970039993e-05
54.300000000000004,2.4648032375212847e-05
54.35,2.3880988173467107e-05
54.400000000000006,2.5214687898177053e-05
54.45,2.5847974245468765e-05
54.5,2.5780925570860278e-05
54.550000000000004,2.1512072696776184e-05
54.6,2.0044583536290465e-05
54.650000000000006,1.7176676748662412e-05
54.7,1.5009352550628271e-05
54.75,1.5643609550925084e-05
54.800000000000004,1.6278280060858763e-05
54.85,2.0414977811644067e-05
54.900000000000006,2.175098552046523e-05
54.95,2.1686985733042933e-05
55.0,2.0923349984122757e-05
55.050000000000004,1.805952031146015e-05
55.1,1.8698029297074166e-05
55.150000000000006,1.8637078425672055e-05
55.2,1.71764135443064e-05
55.25,1.5016397160673105e-05
55.300000000000004,1.1456771510616627e-05
55.35,1.2100060151371508e-05
55.400000000000006,1.204414633996325e-05
55.45,8.48783927633496e-06
55.5,1.4311833573571362e-06
55.550000000000004,-2.8229956277823715e-06
55.6,-4.974965935735025e-06
55.650000000000006,-1.3428399079321207e-05
55.7,-1.837892811435722e-05
55.75,-2.1927444710307775e-05
55.800000000000004,-2.617484213255341e-05
55.85,-2.6218922868557912e-05
55.900000000000006,-2.766212947283478e-05
55.95,-3.2605359846716346e-05
56.0,-3.6846730276325644e-05
56.050000000000004,-3.8985595463861894e-05
56.1,-3.9021930038738146e-05
56.150000000000006,-4.045725624490635e-05
56.2,-4.399186081291005e-05
56.25,-4.332293953890842e-05
56.300000000000004,-4.055140044092282e-05
56.35,-3.7778152934535177e-05
56.400000000000006,-3.500318012469014e-05
56.45,-3.082584803960136e-05
56.5,-2.3845524102334427e-05
56.550000000000004,-2.036497871845074e-05
56.6,-1.9683891352650396e-05
56.650000000000006,-1.8300705947761935e-05
56.7,-1.4814795581029837e-05
56.75,-1.3428008653130329e-05
56.800000000000004,-1.4140339618066212e-05
56.85,-1.1349310532684891e-05
56.900000000000006,-9.957083478070373e-06
56.95,-9.963657416281398e-06
57.0,-5.066249744489178e-06
57.050000000000004,1.2335912797075969e-06
57.1,5.434315799914888e-06
57.150000000000006,8.236227743585418e-06
57.2,9.639320151912343e-06
57.25,1.1744512092543283e-05
57.300000000000004,1.665272092889524e-05
57.35,2.016207918112741e-05
57.400000000000006,2.2972882257950642e-05
57.45,2.7886351493306517e-05
57.5,2.859968636656663e-05
57.550000000000004,2.7213795351079805e-05
57.6,2.5129275841695523e-05
57.650000000000006,2.444703260604568e-05
57.7,2.516704082881733e-05
57.75,2.378772762755044e-05
57.800000000000004,2.1009373622884274e-05
57.85,1.9633185223584388e-05
57.900000000000006,1.7558202270009624e-05
57.95,1.2683462671330271e-05
58.0,9.21078551441852e-06
58.050000000000004,4.338895600247037e-06
58.1,-5.316287995745719e-07
58.150000000000006,9.019532935960102e-07
58.2,1.636505463968662e-06
58.25,-2.5298736929444366e-06
58.300000000000004,-9.496304389362874e-06
58.35,-1.5060981045485766e-05
58.400000000000006,-1.8523646157788065e-05
58.45,-2.408620875700003e-05
58.5,-2.544594122935223e-05
58.550000000000004,-2.470382864185422e-05
58.6,-2.46611671436553e-05
58.650000000000006,-2.32170900704778e-05
58.7,-2.247258797858843e-05
58.75,-2.4528653216096864e-05
58.800000000000004,-2.5183496788393005e-05
58.85,-2.3036568387751197e-05
58.900000000000006,-1.7387628664430946e-05
58.95,-9.637367670040073e-06
59.0,-6.088641768599165e-06
59.050000000000004,-5.340907379834815e-06
59.1,-5.293313294738467e-06
59.150000000000006,-3.845009875433865e-06
59.2,4.0454174760865176e-07
59.25,2.553095837588614e-06
59.300000000000004,5.4018067909878886e-06
59.35,1.0351209131925749e-05
59.400000000000006,1.6700908327668163e-05
59.45,1.9548653138241133e-05
59.5,2.099528343124492e-05
59.550000000000004,2.5242565600279695e-05
59.6,2.5987626404815534e-05
59.650000000000006,2.743223008512795e-05
59.7,2.8175666037198982e-05
59.75,2.681722277127099e-05
59.800000000000004,3.176051728403938e-05
59.85,3.530205346070382e-05
59.900000000000006,3.7441736153056146e-05
59.95,3.9580088165919854e-05
60.0,3.961608571812393e-05
60.050000000000004,4.2451797074050254e-05
60.1,4.24846517878005e-05
60.150000000000006,4.321609939667028e-05
60.2,4.394573408333411e-05
60.25,3.977129480363395e-05
60.300000000000004,3.6295159349342055e-05
60.35,3.561815978774887e-05
60.400000000000006,3.4238654896413513e-05
60.45,3.07559318883086e-05
60.5,2.4469588087250845e-05
60.550000000000004,2.4483551127716227e-05
60.6,2.099340047708219e-05
60.650000000000006,1.3298736978405264e-05
60.7,7.702255297482289e-06
60.75,1.4026316741654357e-06
60.800000000000004,-4.8999096995494525e-06
60.85,-9.804833467897803e-06
60.900000000000006,-1.1911602196643422e-05
60.95,-1.122029469508454e-05
61.0,-1.4033770514552552e-05
61.050000000000004,-1.9651794345026525e-05
61.1,-2.5273200520240545e-05
61.150000000000006,-3.089805752690605e-05
61.2,-3.3725193996505126e-05
61.25,-3.305436322428794e-05
61.300000000000004,-3.658902616349656e-05
61.35,-4.362892967711194e-05
61.400000000000006,-4.7871343370613053e-05
61.45,-5.2117553423286604e-05
61.5,-5.3566368564979346e-05
61.550000000000004,-5.221783080893171e-05
61.6,-5.087321537476114e-05
61.650000000000006,-4.8131938271421506e-05
61.7,-5.029681322807022e-05
61.75,-5.5967248475873755e-05
61.800000000000004,-5.743986517349934e-05
61.85,-5.5414991302294735e-05
61.900000000000006,-5.3394187760518475e-05
61.95,-4.857622829184962e-05
62.0,-4.306204723139566e-05
62.050000000000004,-3.545102868516858e-05
62.1,-2.4342552708996472e-05
62.150000000000006,-2.0241252312574474e-05
62.2,-1.4743407147621364e-05
62.25,-1.2050859100453103e-05
62.300000000000004,-7.961735280682222e-06
62.35,3.2522265262732433e-07
62.400000000000006,4.406329159150165e-06
62.45,7.783159516058018e-06
62.5,9.055128128114967e-06
62.550000000000004,1.1723817755950775e-05
62.6,1.5789268635453953e-05
62.650000000000006,1.3548123002440982e-05
62.7,1.4804757475966285e-05
62.75,1.6757985889338367e-05
62.800000000000004,1.800724391144813e-05
62.85,2.0653516674427977e-05
62.900000000000006,1.9794700173192287e-05
62.95,1.7531785881830297e-05
63.0,1.8767005264106474e-05
63.050000000000004,1.7897954230828338e-05
63.1,1.8426251632631594e-05
63.150000000000006,2.035197295164255e-05
63.2,1.9473340984944617e-05
63.25,2.1392910459299628e-05
63.300000000000004,2.190890937583619e-05
63.35,2.0321114391317925e-05
63.400000000000006,1.662961379986211e-05
63.45,1.573666286381081e-05
63.5,1.5541426745348354e-05
63.550000000000004,1.6744309718421636e-05
63.6,2.0045718155652105e-05
63.650000000000006,2.124389581239148e-05
63.7,2.0338943808493596e-05
63.75,1.873158362009426e-05
63.800000000000004,1.782253854271875e-05
63.85,1.8312224390930018e-05
63.900000000000006,1.880013096490777e-05
63.95,2.2787914336396263e-05
64.0,2.3272593622590455e-05
64.05,2.1654900267060647e-05
64.10000000000001,2.0035876399659486e-05
64.15,1.7015019371906096e-05
64.2,1.8194920224601786e-05
64.25,1.937384199928017e-05
64.3,2.055190438210131e-05
64.35000000000001,2.2429537478515716e-05
64.4,2.220562635381355e-05
64.45,1.98802940962206e-05
64.5,1.755459253220377e-05
64.55,1.4528337532955601e-05
64.60000000000001,1.0101345903464855e-05
64.65,8.475599975452476e-06
64.7,6.149681329348443e-06
64.75,3.123718498452736e-06
64.8,7.984592103223437e-07
64.85000000000001,-5.027822017296927e-06
64.9,-1.0153139238570861e-05
64.95,-1.4577361366749632e-05
65.0,-1.970097529849091e-05
65.05,-2.3422921336952718e-05
65.10000000000001,-2.5042757905657635e-05
65.15,-2.5960970857353436e-05
65.2,-3.17799012566011e-05
65.25,-3.339539612262352e-05
65.3,-3.5009177908692095e-05
65.35000000000001,-3.802173219370459e-05
65.4,-3.8231070840110145e-05
65.45,-3.983891679236726e-05
65.5,-3.7942973314563424e-05
65.55,-3.534434573890442e-05
65.60000000000001,-3.624475847117359e-05
65.65,-3.434129812329488e-05
65.7,-3.313538145242428e-05
65.75,-3.47278077393247e-05
65.8,-3.4916594285380105e-05
65.85000000000001,-3.3701615080593705e-05
65.9,-3.6685219424270066e-05
65.95,-3.966542891535468e-05
66.0,-3.914057613528683e-05
66.05,-3.9312397161336424e-05
66.10000000000001,-3.87801562748392e-05
66.15,-3.684342924786392e-05
66.2,-3.070086658097884e-05
66.25,-2.3853904501054964e-05
66.3,-2.1904909735332235e-05
66.35000000000001,-1.9251304235312828e-05
66.4,-1.729360546865022e-05
66.45,-1.8132643494171633e-05
66.5,-1.616585033324193e-05
66.55,-1.209344485507073e-05
66.60000000000001,-6.6156498523263e-06
66.65,-1.1330014638423517e-06
66.7,8.530321694202806e-07
66.75,3.5443800074404414e-06
66.8,7.641420172845764e-06
66.85000000000001,1.1043289007688057e-05
66.9,1.3049736308250323e-05
66.95,1.2960506686040817e-05
67.0,1.2876576342842944e-05
67.05,1.4198606738352145e-05
67.10000000000001,1.8327253673051632e-05
67.15,1.966007479522644e-05
67.2,2.0998332629265028e-05
67.25,2.304235592429174e-05
67.3,2.2290611829074544e-05
67.35000000000001,2.4345581241762882e-05
67.4,2.6406027837857776e-05
67.45,2.8471945735256773e-05
67.5,2.9843013238950703e-05
67.55,2.841828353590558e-05
67.60000000000001,3.050051392337834e-05
67.65,3.258812565679821e-05
67.7,3.398077014112821e-05
67.75,3.537871043854372e-05
67.8,3.258003814517373e-05
67.85000000000001,3.0486858090120195e-05
67.9,2.9099103655479586e-05
67.95,3.051762915386827e-05
68.0,3.334173599300516e-05
68.05,3.547040967161804e-05
68.10000000000001,3.970479372834222e-05
68.15,3.834138666033804e-05
68.2,3.2780700596020225e-05
68.25,3.35272614071665e-05
68.3,3.848002255596696e-05
68.35000000000001,4.063576681767417e-05
68.4,4.3495909599823836e-05
68.45,4.565969594365676e-05
68.5,4.5026056113492175e-05
68.55,4.439607966893679e-05
68.60000000000001,4.306930485398779e-05
68.65,4.314650192972547e-05
68.7,4.462750876250512e-05
68.75,4.5411231067779666e-05
68.8,4.40968796047286e-05
68.85000000000001,4.208489814721832e-05
68.9,3.9375108352164075e-05
68.95,3.6667637751235576e-05
69.0,3.536292004767609e-05
69.05,3.686138618722674e-05
69.10000000000001,3.486006308926154e-05
69.15,3.6361851012466645e-05
69.2,3.926562836948632e-05
69.25,3.5867798235410355e-05
69.3,2.9669710322829595e-05
69.35000000000001,2.347240433436794e-05
69.4,1.6575373371264868e-05
69.45,1.1779656631918866e-05
69.5,6.984128946512219e-06
69.55,-6.126434610510373e-07
69.60000000000001,-7.509310272115678e-06
69.65,-1.0204519834626822e-05
69.7,-1.3600629630968672e-05
69.75,-1.6297212000310194e-05
69.8,-2.0395383083127164e-05
69.85000000000001,-2.589532860501378e-05
69.9,-2.8595375840451724e-05
69.95,-3.129694104473184e-05
70.0,-3.4000199849527294e-05
70.05,-3.4604396189206025e-05
70.10000000000001,-3.6611243584724e-05
70.15,-4.2822141741802504e-05
70.2,-4.8335083925475365e-05
70.25,-5.104929521668877e-05
70.3,-5.6567396903141744e-05
70.35000000000001,-5.858674766533925e-05
70.4,-6.130933886492193e-05
70.45,-6.613591887258256e-05
70.5,-6.886475593320438e-05
70.55,-7.08965857427323e-05
70.60000000000001,-7.223151893620596e-05
70.65,-7.567089634910715e-05
70.7,-7.771326883417224e-05
70.75,-7.905903566971255e-05
70.8,-7.830766134978128e-05
70.85000000000001,-7.54592216788515e-05
70.9,-7.471564064896148e-05
70.95,-7.117481493358167e-05
71.0,-6.903865396477767e-05
71.05,-6.620627675666722e-05
71.10000000000001,-6.12771042592561e-05
71.15,-5.2850550145732135e-05
71.2,-4.512849472890773e-05
71.25,-3.951157419702434e-05
71.3,-2.969701603851436e-05
71.35000000000001,-2.2687916168895812e-05
71.4,-1.8484271217969945e-05
71.45,-1.2183906343877215e-05
71.5,-4.487113877249476e-06
71.55,4.042742493698516e-07
71.60000000000001,3.8909064091165375e-06
71.65,7.373437247195809e-06
71.7,1.015159981171693e-05
71.75,1.6427297728138557e-05
71.8,2.6200584965094816e-05
71.85000000000001,3.0367501001649796e-05
71.9,3.1029038440821765e-05
71.95,3.238712275532586e-05
72.0,3.164059202799053e-05
72.05,2.8789526027209223e-05
72.10000000000001,2.9436482930280656e-05
72.15,2.9379695938352727e-05
72.2,2.5818020811007962e-05
72.25,2.2953409520016417e-05
72.3,2.008565303108242e-05
72.35000000000001,1.581423648466983e-05
72.4,9.438957436637817e-06
72.45,5.161781037551217e-06
72.5,4.383438220183491e-06
72.55,3.6024977657190277e-06
72.60000000000001,4.219695362280169e-06
72.65,4.134222559569799e-06
72.7,2.645891186200929e-06
72.75,1.1554423599737328e-06
72.8,2.4642370306839337e-06
72.85000000000001,1.6702357077819215e-06
72.9,-3.3273632345814825e-06
72.95,-2.724103718895625e-06
73.0,1.3792138421428812e-06
73.05,7.5820985658282e-06
73.10000000000001,1.308344119304512e-05
73.15,1.368151389093355e-05
73.2,1.4278608582624194e-05
73.25,1.4874852064173931e-05
73.3,1.617067970171494e-05
73.35000000000001,1.886652602138106e-05
73.4,2.2962515305562857e-05
73.45,2.6357842960984586e-05
73.5,2.7652012302514295e-05
73.55,2.824576210933938e-05
73.60000000000001,2.953982954492129e-05
73.65,2.8733094614968977e-05
73.7,3.2128455503340966e-05
73.75,3.762509758453817e-05
73.8,4.032096719286224e-05
73.85000000000001,4.161679157382397e-05
73.9,4.011205873894187e-05
73.95,3.860810972938719e-05
74.0,3.710504619189157e-05
74.05,3.5602967250233374e-05
74.10000000000001,3.48022786805577e-05
74.15,3.5403383625227586e-05
74.2,4.090791948869422e-05
74.25,4.571350091029532e-05
74.3,4.6318667493206635e-05
74.35000000000001,4.272350225349242e-05
74.4,3.63287039022082e-05
74.45,2.9935586838663676e-05
74.5,2.634546268045671e-05
74.55,2.485809409506793e-05
74.60000000000001,2.1972004045815528e-05
74.65,1.7687258921308458e-05
74.7,1.410485008661857e-05
74.75,9.123910794869111e-06
74.8,2.744499328809781e-06
74.85000000000001,-8.314732634832593e-07
74.9,-3.0045724221995086e-06
74.95,-5.175366161884649e-06
75.0,-7.343806565133237e-06
75.05,-1.0910466684465287e-05
75.10000000000001,-1.7275922035312802e-05
75.15,-2.013734897627741e-05
75.2,-2.0895327839008134e-05
75.25,-2.445198748518702e-05
75.3,-2.590512981322762e-05
75.35000000000001,-2.665534212944871e-05
75.4,-3.090445094791799e-05
75.45,-3.7251811150336074e-05
75.5,-4.079523367211133e-05
75.55,-4.223500554103042e-05
75.60000000000001,-4.507265292920264e-05
75.65,-5.000846727109684e-05
75.7,-5.4941505265648786e-05
75.75,-5.987175352791814e-05
75.8,-6.339858242925145e-05
75.85000000000001,-6.552198305703619e-05
75.9,-6.344071183290144e-05
75.95,-6.065631059877786e-05
76.0,-6.27712512482756e-05
76.05,-6.768460648619476e-05
76.10000000000001,-7.049421452540159e-05
76.15,-6.839884379002435e-05
76.2,-6.630066685955747e-05
76.25,-6.56003127834863e-05
76.3,-6.139563021904735e-05
76.35000000000001,-5.5087253739761214e-05
76.4,-4.8075820808853926e-05
76.45,-4.176197186999454e-05
76.5,-4.03475873807407e-05
76.55,-4.103145862235754e-05
76.60000000000001,-3.681052473828293e-05
76.65,-3.1886676000511535e-05
76.7,-2.6259950745259434e-05
76.75,-1.8529772413412265e-05
76.80000000000001,-1.2197732764027972e-05
76.85000000000001,-6.563571920309302e-06
76.9,-2.2672463933049e-07
76.95,6.11244265667284e-06
77.0,1.4554796436415312e-05
77.05000000000001,2.2299034394674206e-05
77.10000000000001,3.214632389872145e-05
77.15,3.9194426458731546e-05
77.2,4.484388236379082e-05
77.25,5.189584598730187e-05
77.30000000000001,5.4047447223921036e-05
77.35000000000001,5.4800140799066095e-05
77.4,6.0456613902224166e-05
77.45,6.891583842372484e-05
77.5,7.107368943096212e-05
77.55000000000001,7.393314993714646e-05
77.60000000000001,7.889472465673595e-05
77.65,7.825489388044353e-05
77.7,7.901662752271302e-05
77.75,8.117979892237284e-05
77.80000000000001,8.54445865208295e-05
77.85000000000001,8.760900009495107e-05
77.9,8.837321017176267e-05
77.95,9.263923893725589e-05
78.0,9.13029202912512e-05
78.05000000000001,8.926626941541468e-05
78.10000000000001,8.652913362526119e-05
78.15,8.589259416033649e-05
78.2,8.525556482396062e-05
78.25,8.041602915985655e-05
78.30000000000001,7.767660693033756e-05
78.35000000000001,7.42358958071876e-05
78.4,6.939341940694765e-05
78.45,6.244869987717294e-05
78.5,5.4101876668134275e-05
78.55000000000001,4.8554634549845845e-05
78.60000000000001,4.230525617736476e-05
78.65,3.605387941316769e-05
78.7,3.3301879195699254e-05
78.75,2.774630165738294e-05
78.80000000000001,1.6585739935563465e-05
78.85000000000001,6.823117639375739e-06
78.9,5.591952752240827e-07
78.95,-6.408047864965159e-06
79.0,-1.267815635398604e-05
79.05000000000001,-2.0352218324781415e-05
79.10000000000001,-2.943039123731051e-05
79.15,-3.781190152745451e-05
79.2,-4.7597827374022374e-05
79.25,-5.388615060174573e-05
79.30000000000001,-6.0178559514149515e-05
79.35000000000001,-6.647519157753471e-05
79.4,-7.277617928027064e-05
79.45,-7.69807221243459e-05
79.5,-7.768832327226636e-05
79.55000000000001,-7.980126314584705e-05
79.60000000000001,-8.40199606380731e-05
79.65,-8.614266362661319e-05
79.7,-8.47688503201241e-05
79.75,-8.340015674193052e-05
79.80000000000001,-8.273697494284556e-05
79.85000000000001,-8.067845281375516e-05
79.9,-8.352744167242091e-05
79.95,-8.147967289296116e-05
80.0,-7.803674563324709e-05
80.05000000000001,-7.670025125740524e-05
80.10000000000001,-7.256806242024443e-05
80.15,-6.984206385778215e-05
80.2,-6.43204214558575e-05
80.25,-5.8804385372754136e-05
80.30000000000001,-5.259365149209242e-05
80.35000000000001,-4.708883529401802e-05
80.4,-4.439085339584494e-05
80.45,-3.9597521996605046e-05
80.5,-3.6910669321688986e-05
80.55000000000001,-3.282871404797462e-05
80.60000000000001,-3.0152850076150495e-05
80.65,-2.748240810015891e-05
80.7,-2.0615474183022564e-05
80.75,-1.5854765338458283e-05
80.80000000000001,-1.1799589559783114e-05
80.85000000000001,-7.0492475494232046e-06
80.9,-2.303960582160249e-06
80.95,-3.648706754533965e-07
81.0,8.69051577488921e-07
81.05000000000001,3.498842172871026e-06
81.10000000000001,8.925234260912538e-06
81.15,1.2946493292945379e-05
81.2,1.55627460914286e-05
81.25,1.887505292101453e-05
81.30000000000001,2.2883551848619736e-05
81.35000000000001,2.548745850642107e-05
81.4,2.6686921258442113e-05
81.45,2.7882711718920772e-05
81.5,3.397715220593312e-05
81.55000000000001,3.9367930791157946e-05
81.60000000000001,4.05536672694272e-05
81.65,4.5237932952022576e-05
81.7,4.571749948323261e-05
81.75,4.339316179639552e-05
81.80000000000001,4.1066336268147784e-05
81.85000000000001,3.5935968107085776e-05
81.9,3.4305025021332856e-05
81.95,3.3372456850589075e-05
82.0,3.103752459092737e-05
82.05000000000001,2.8000727837558936e-05
82.10000000000001,2.2161330645780975e-05
82.15,1.8421690558833825e-05
82.2,1.538138288858018e-05
82.25,1.2340292807006391e-05
82.30000000000001,1.0699233560890782e-05
82.35000000000001,6.256544635705131e-06
82.4,1.8136577306071745e-06
82.45,1.7200416073628882e-07
82.5,-4.270696208221901e-06
82.55000000000001,-8.012704335783655e-06
82.60000000000001,-9.653210007426206e-06
82.65,-1.479449672009399e-05
82.7,-1.9234520286706817e-05
82.75,-1.947154759592154e-05
82.80000000000001,-2.18081769001014e-05
82.85000000000001,-2.6244225648064712e-05
82.9,-2.8577658420388456e-05
82.95,-2.8107988740673266e-05
83.0,-2.833658853615346e-05
83.05000000000001,-2.7862668308275137e-05
83.10000000000001,-2.4585132761600327e-05
83.15,-2.3405982603564165e-05
83.2,-2.5025367001106156e-05
83.25,-2.3140346851282937e-05
83.30000000000001,-2.335324432685806e-05
83.35000000000001,-2.216236603377132e-05
83.4,-1.6766332495396547e-05
83.45,-1.0666552223012244e-05
83.5,-6.664129554455344e-06
83.55000000000001,-2.658009426258223e-06
83.60000000000001,1.3519301034887918e-06
83.65,2.564568452081415e-06
83.7,5.18187163820684e-06
83.75,8.503635136440575e-06
83.80000000000001,1.1829648374907623e-05
83.85000000000001,1.305907612799197e-05
83.9,1.2192004561388212e-05
83.95,1.3430368816671492e-05
84.0,1.4673314378921445e-05
84.05000000000001,1.8021835498404893e-05
84.10000000000001,2.2775682752458815e-05
84.15,2.4032744496486446e-05
84.2,2.3193685317659836e-05
84.25,2.305978133429386e-05
84.30000000000001,2.5731992446121752e-05
84.35000000000001,2.840910689213636e-05
84.4,2.9690524342748442e-05
84.45,3.307780206522772e-05
84.5,3.857094411019407e-05
84.55000000000001,4.266840132868334e-05
84.60000000000001,4.537016375034729e-05
84.65,4.7376523687618046e-05
84.7,5.2189003496828625e-05
84.75,5.630602636104395e-05
84.80000000000001,5.5525699486795405e-05
84.85000000000001,5.334952501860184e-05
84.9,4.9777452392263456e-05
84.95,4.831097080623743e-05
85.0,4.6148780070696405e-05
85.05000000000001,4.5391738513477876e-05
85.10000000000001,4.463915232399301e-05
85.15,4.24903219009692e-05
85.2,4.0345778977179325e-05
85.25,3.9606049877117505e-05
85.30000000000001,3.676949108118985e-05
85.35000000000001,3.253630949642874e-05
85.4,2.6906398041024264e-05
85.45,1.917933588182313e-05
85.5,1.1455934854585425e-05
85.55000000000001,5.837002779106744e-06
85.60000000000001,2.322416016594848e-06
85.65,-1.1888802617635505e-06
85.7,-5.397325626122935e-06
85.75,-9.602744107921771e-06
85.80000000000001,-1.2404653149925894e-05
85.85000000000001,-1.5203809491478745e-05
85.9,-2.0101281171994985e-05
85.95,-2.1494736418572625e-05
86.0,-2.1485246514981173e-05
86.05000000000001,-2.3574502390393875e-05
86.10000000000001,-2.2860485033414404e-05
86.15,-2.1444268358994227e-05
86.2,-2.282754503174761e-05
86.25,-2.1407987646739772e-05
86.30000000000001,-1.8586360834499224e-05
86.35000000000001,-1.5063119384870716e-05
86.4,-1.2939335660831997e-05
86.45,-1.0814534667461557e-05
86.5,-8.688858411838667e-06
86.55000000000001,-7.262756388640067e-06
86.60000000000001,-4.4354391310992414e-06
86.65,-2.0704258463652515e-07
86.7,2.621062922889147e-06
86.75,4.048746818296531e-06
86.80000000000001,3.3755723614498994e-06
86.85000000000001,6.01415360546728e-07
86.9,-7.722986501162847e-07
86.95,-3.5469234664095558e-06
87.0,-6.321953469287076e-06
87.05000000000001,-7.696878818997192e-06
87.10000000000001,-7.67180371890161e-06
87.15,-9.04806468854056e-06
87.2,-1.1125447263511046e-05
87.25,-8.301567349045759e-06
87.30000000000001,-9.680529628194194e-06
87.35000000000001,-1.2461176483777943e-05
87.4,-1.3142035611029217e-05
87.45,-1.4524412233024304e-05
87.5,-1.6608368927600838e-05
87.55000000000001,-2.1494890162700375e-05
87.60000000000001,-2.428186214830069e-05
87.65,-2.566963898028683e-05
87.7,-2.8459496397132373e-05
87.75,-2.985023014135429e-05
87.80000000000001,-3.12424852049436e-05
87.85000000000001,-3.4036900392816645e-05
87.9,-3.893379907461173e-05
87.95,-4.313195224658323e-05
88.0,-4.6631361660619145e-05
88.05000000000001,-4.873171368078671e-05
88.10000000000001,-5.083361626799292e-05
88.15,-5.363736210113057e-05
88.2,-5.36413824783429e-05
88.25,-5.504750439886382e-05
88.30000000000001,-5.715538444149165e-05
88.35000000000001,-5.856436429301332e-05
88.4,-6.207563552588474e-05
88.45,-6.278698275481216e-05
88.5,-5.719680385137086e-05
88.55000000000001,-5.440905787658653e-05
88.60000000000001,-5.44236789908476e-05
88.65,-5.583997823826872e-05
88.7,-5.305540682113141e-05
88.75,-4.5369576377563765e-05
88.80000000000001,-3.9085186922111046e-05
88.85000000000001,-3.280153316125502e-05
88.9,-2.5818215567004476e-05
88.95,-1.8135140641588648e-05
89.0,-1.3253758129316203e-05
89.05000000000001,-6.271804304651808e-06
89.10000000000001,2.110513045698793e-06
89.15,6.9911328010339615e-06
89.2,1.1871706437299158e-05
89.25,1.675234073600184e-05
89.30000000000001,2.373407136055957e-05
89.35000000000001,3.071607943918882e-05
89.4,3.629785590375955e-05
89.45,4.117981965458652e-05
89.5,4.0459915673563354e-05
89.55000000000001,4.1141345591866307e-05
89.60000000000001,3.972267187619956e-05
89.65,3.550369299319973e-05
89.7,3.3386680055614695e-05
89.75,2.8469573368077702e-05
89.80000000000001,2.635494995304577e-05
89.85000000000001,2.5642292403040338e-05
89.9,2.6331699426956055e-05
89.95,2.772295788114845e-05
90.0,2.6314614807878492e-05
90.05000000000001,2.630861570807978e-05
90.10000000000001,2.4203501134668917e-05
90.15,2.2100281921577393e-05
90.2,2.2800274317022367e-05
90.25,2.0701079717492282e-05
90.30000000000001,2.140524303861668e-05
90.35000000000001,2.001066624282466e-05
90.4,1.3716174382986708e-05
90.45,1.3726772422121689e-05
90.5,1.444003874118796e-05
90.55000000000001,1.0953855859793262e-05
90.60000000000001,1.3772904229353074e-05
90.65,1.869536501066935e-05
90.7,2.151941389111407e-05
90.75,2.0144148687666538e-05
90.80000000000001,2.1572681606109793e-05
90.85000000000001,2.1603171355561284e-05
90.9,1.9535317016088627e-05
90.95,2.517345033648258e-05
91.0,3.011385707013229e-05
91.05000000000001,3.225560016925921e-05
91.10000000000001,3.5100210539495966e-05
91.15,3.934797622497367e-05
91.2,4.3598251659248153e-05
91.25,4.364914845999468e-05
91.30000000000001,4.440279246352056e-05
91.35000000000001,4.585913908477762e-05
91.4,4.521690109102374e-05
91.45,4.17757133276929e-05
91.5,4.393922516147166e-05
91.55000000000001,4.54045866045352e-05
91.60000000000001,4.477110700892479e-05
91.65,4.343932749393507e-05
91.7,3.930823797625341e-05
91.75,3.517898814216275e-05
91.80000000000001,2.7549939855942557e-05
91.85000000000001,2.062285203146037e-05
91.9,1.7198860764925544e-05
91.95,1.587724259003328e-05
92.0,1.5957579324523432e-05
92.05000000000001,1.5338830576657176e-05
92.10000000000001,1.2620261667858025e-05
92.15,7.101443857638138e-06
92.2,2.2838007485904915e-06
92.25,9.68443879105425e-07
92.30000000000001,-1.7469193836269163e-06
92.35000000000001,-4.4618009024679335e-06
92.4,-7.876642339596735e-06
92.45,-1.409250567068213e-05
92.5,-1.6106434409844283e-05
92.55000000000001,-1.8820730399546413e-05
92.60000000000001,-2.3636150390065634e-05
92.65,-2.6350978080315842e-05
92.7,-2.696535315106119e-05
92.75,-2.407879713377689e-05
92.80000000000001,-2.3293923977548914e-05
92.85000000000001,-2.5311182809181274e-05
92.9,-2.662916692287772e-05
92.95,-2.864863359120686e-05
93.0,-2.9268793010102302e-05
93.05000000000001,-3.199132811860458e-05
93.10000000000001,-3.331482814476254e-05
93.15,-3.323942690561084e-05
93.2,-3.3165874886607576e-05
93.25,-3.1693683622975566e-05
93.30000000000001,-2.9523290140164967e-05
93.35000000000001,-2.6654819818447987e-05
93.4,-2.2388086203997347e-05
93.45,-1.6022900062291584e-05
93.5,-1.3862161552511546e-05
93.55000000000001,-1.3805056896153456e-05
93.60000000000001,-1.5151387506740412e-05
93.65,-1.860156984058076e-05
93.7,-1.6452305968724245e-05
93.75,-1.360586048890796e-05
93.80000000000001,-1.2863566471197443e-05
93.85000000000001,-1.0723969934519827e-05
93.9,-1.1389014437029604e-05
93.95,-1.2057547048492228e-05
94.0,-1.4130266019494166e-05
94.05000000000001,-1.4806009885249793e-05
94.10000000000001,-1.3384540509463002e-05
94.15,-1.406777996336217e-05
94.2,-1.4054553483056606e-05
94.25,-1.6846464889070776e-05
94.30000000000001,-1.8241711857719883e-05
94.35000000000001,-1.5439105950221363e-05
94.4,-1.2640546476940262e-05
94.45,-1.4047928144260898e-05
94.5,-1.7560357945302536e-05
94.55000000000001,-1.757539211205142e-05
94.60000000000001,-1.4793365424400955e-05
94.65,-1.691770047549082e-05
94.7,-1.834593990154575e-05
94.75,-1.977840500405613e-05
94.80000000000001,-1.9814484988119276e-05
94.85000000000001,-1.915449243542412e-05
94.9,-2.0599663376384563e-05
94.95,-1.9247828082779563e-05
95.0,-2.000114202530664e-05
95.05000000000001,-2.2159282802627367e-05
95.10000000000001,-2.0820068712753095e-05
95.15,-2.1585952792466643e-05
95.2,-2.3056292062193485e-05
95.25,-2.2429821525546665e-05
95.30000000000001,-2.18074374094639e-05
95.35000000000001,-2.0488795713681453e-05
95.4,-1.4272003113293048e-05
95.45,-7.358874092424316e-06
95.5,-2.550601803184358e-06
95.55000000000001,8.531694887618874e-07
95.60000000000001,2.1521796072581538e-06
95.65,2.0467892487115293e-06
95.7,3.3382890583409585e-06
95.75,4.626116356455455e-06
95.80000000000001,7.3109473245531725e-06
95.85000000000001,7.891295259529092e-06
95.9,7.067530462647287e-06
95.95,8.341261606360986e-06
96.0,1.0311933988255161e-05
96.05000000000001,8.777757073053708e-06
96.10000000000001,7.240342853516597e-06
96.15,4.299139464455562e-06
96.2,6.9573064865932995e-06
96.25,1.0312746982303192e-05
96.30000000000001,8.763055100441236e-06
96.35000000000001,9.311391388881614e-06
96.4,9.856896370513495e-06
96.45,8.999019689496701e-06
96.5,8.838756913908127e-06
96.55000000000001,9.376175525534113e-06
96.60000000000001,1.3412579436882367e-05
96.65,1.5345561113193144e-05
96.7,1.4474876918440949e-05
96.75,1.7103374710629633e-05
96.80000000000001,2.3231118277869302e-05
96.85000000000001,2.725569647731985e-05
96.9,2.7776552433656657e-05
96.95,2.8995601927215275e-05
97.0,3.2313522502453326e-05
97.05000000000001,3.632975340186556e-05
97.10000000000001,3.824311397750425e-05
97.15,3.80536590498806e-05
97.2,3.646175116192659e-05
97.25,3.8369606719794676e-05
97.30000000000001,4.0976038976432035e-05
97.35000000000001,4.218016883298582e-05
97.4,4.478328023988185e-05
97.45,4.388325397105809e-05
97.5,4.2981680033557535e-05
97.55000000000001,4.558014686722901e-05
97.60000000000001,4.6776530552528716e-05
97.65,4.5870561070352254e-05
97.7,4.4262894638629296e-05
97.75,4.265387682148232e-05
97.80000000000001,3.684168717581443e-05
97.85000000000001,2.82269778354553e-05
97.9,2.3112564344688953e-05
97.95,1.8697241036299407e-05
98.0,1.2179801163476763e-05
98.05000000000001,5.6612016277002635e-06
98.10000000000001,3.343326128041086e-06
98.15,-1.776890207885152e-06
98.2,-6.197874449595373e-06
98.25,-9.919600461859347e-06
98.30000000000001,-1.9244825743943638e-05
98.35000000000001,-2.2268268110050282e-05
98.4,-2.4592376562064134e-05
98.45,-2.6217126438418342e-05
98.5,-2.7142493190164867e-05
98.55000000000001,-3.2270616922985476e-05
98.60000000000001,-3.529868989631196e-05
98.65,-3.762730576437863e-05
98.7,-3.64552024880387e-05
98.75,-3.178235458887006e-05
98.80000000000001,-2.7810591527798735e-05
98.85000000000001,-2.5940505269371904e-05
98.9,-2.757268713691018e-05
98.95,-2.640432614949875e-05
99.0,-2.8037867520511888e-05
99.05000000000001,-3.247328171589959e-05
99.10000000000001,-3.340775515237905e-05
99.15,-3.0841256361689044e-05
99.2,-2.757498975927378e-05
99.25,-2.6410158652824523e-05
99.30000000000001,-2.314487284714102e-05
99.35000000000001,-2.338157023755302e-05
99.4,-2.7820522842393286e-05
99.45,-3.0158909067211097e-05
99.5,-2.8996070670323663e-05
99.55000000000001,-3.13350589159296e-05
99.60000000000001,-3.437459445343896e-05
99.65,-3.391277812443459e-05
99.7,-3.555203871379759e-05
99.75,-3.5090474374239235e-05
99.80000000000001,-3.672989273489023e-05
99.85000000000001,-4.0470244682906264e-05
99.9,-3.790776896689094e-05
99.95,-3.534519696157554e-05
100.0,-3.20821664085901e-05
100.05000000000001,-3.021955072665411e-05
100.10000000000001,-2.8356675924104303e-05
100.15,-2.2291629861886494e-05
100.2,-1.90274469798026e-05
100.25,-1.5062522049228432e-05
100.30000000000001,-1.0396794901848429e-05
100.35000000000001,-3.629585819140621e-06
100.4,6.639785964971575e-06
100.45,1.4808909883660088e-05
100.5,1.8776922528033695e-05
100.55000000000001,1.994450761766945e-05
100.60000000000001,2.6015132912677447e-05
100.65,2.99857731452808e-05
100.7,3.255680551266374e-05
100.75,4.073139119037911e-05
100.80000000000001,4.5405579806019734e-05
100.85000000000001,4.447851418002941e-05
100.9,4.705428573207669e-05
100.95,4.6830183561706224e-05
101.0,4.590720844092541e-05
101.05000000000001,4.7786980481724395e-05
101.10000000000001,5.176926527979417e-05
101.15,5.7153829352314384e-05
101.2,6.043920323467876e-05
101.25,6.0925155401981644e-05
101.30000000000001,5.581052767562319e-05
101.35000000000001,5.4899729211646217e-05
101.4,5.399098564279159e-05
101.45,5.3784688489930166e-05
101.5,5.708215830151009e-05
101.55000000000001,5.758069698210908e-05
101.60000000000001,5.738131875447931e-05
101.65,5.648411173563155e-05
101.7,5.4188856510457235e-05
101.75,5.469750011963545e-05
101.80000000000001,5.3107971478016885e-05
101.85000000000001,5.082098465927994e-05
101.9,4.923725590557498e-05
101.95,4.695626681449873e-05
102.0,4.327781064195186e-05
102.05000000000001,3.960261090251328e-05
102.10000000000001,3.31295383881364e-05
102.15,2.5259322118104722e-05
102.2,1.9493621766445e-05
102.25,1.5832553913962224e-05
102.30000000000001,1.357592911566111e-05
102.35000000000001,1.2023561260552423e-05
102.4,7.674030753280571e-06
102.45,-1.5734599613344617e-06
102.5,-9.415993940650876e-06
102.55000000000001,-1.5153124337798259e-05
102.60000000000001,-2.228625583768068e-05
102.65,-2.8014006049626074e-05
102.7,-3.583777165867343e-05
102.75,-4.155554366536037e-05
102.80000000000001,-4.306623662088149e-05
102.85000000000001,-4.66724717011728e-05
102.9,-5.167377351590248e-05
102.95,-5.5268734741488246e-05
103.0,-5.6056562300020694e-05
103.05000000000001,-5.6138005084863354e-05
103.10000000000001,-5.901442629443422e-05
103.15,-6.188440190523197e-05
103.2,-6.614835926807448e-05
103.25,-6.970517561828615e-05
103.30000000000001,-7.255465206653894e-05
103.35000000000001,-7.04947306178375e-05
103.4,-7.052829748964446e-05
103.45,-7.265514317992026e-05
103.5,-7.127258113046565e-05
103.55000000000001,-6.988194187251307e-05
103.60000000000001,-6.63820793316197e-05
103.65,-6.497462807626417e-05
103.7,-6.355843736941158e-05
103.75,-6.213328228525161e-05
103.80000000000001,-5.859800862035441e-05
103.85000000000001,-5.36526978779744e-05
103.9,-4.939804915953887e-05
103.95,-4.72344518414326e-05
104.0,-4.576105827150462e-05
104.05000000000001,-3.867485648486618e-05
104.10000000000001,-3.507963845224328e-05
104.15,-3.147363114511744e-05
104.2,-2.7156300176465267e-05
104.25,-2.9130514936557526e-05
104.30000000000001,-2.6891416648659337e-05
104.35000000000001,-2.3940334459709512e-05
104.4,-2.4478910518648602e-05
104.45,-2.3604771243177703e-05
104.5,-2.341864028794234e-05
104.55000000000001,-2.3220009837846915e-05
104.60000000000001,-2.1608068905142887e-05
104.65,-1.6481703933388004e-05
104.7,-1.624444716872122e-05
104.75,-2.159643717894097e-05
104.80000000000001,-2.0632254842575565e-05
104.85000000000001,-2.2455767260007692e-05
104.9,-2.3565285130275956e-05
104.95,-2.326036657014812e-05
105.0,-2.5742745476922863e-05
105.05000000000001,-2.821107519918067e-05
105.10000000000001,-3.066525848951159e-05
105.15,-3.170459276317623e-05
105.2,-3.202931694059121e-05
105.25,-3.16393751764808e-05
105.30000000000001,-2.8433799057443026e-05
105.35000000000001,-2.2412563675628266e-05
105.4,-1.7777515994524218e-05
105.45,-1.592928315761737e-05
105.5,-1.1965726965198859e-05
105.55000000000001,-1.1489366153386744e-05
105.60000000000001,-6.796863046132098e-06
105.65,7.110803053137226e-07
105.7,3.330958446795944e-06
105.75,8.065738962761314e-06
105.80000000000001,1.1413729434159536e-05
105.85000000000001,1.407507079497424e-05
105.9,1.8850809069518393e-05
105.95,2.1538874779038204e-05
106.0,2.4940267115487002e-05
106.05000000000001,3.1855961091050656e-05
106.10000000000001,3.66831962391888e-05
106.15,3.8721351616956286e-05
106.2,4.357256383918911e-05
106.25,4.773492350209028e-05
106.30000000000001,4.700618561600071e-05
106.35000000000001,4.628809853471025e-05
106.4,4.347929122499109e-05
106.45,3.787898378328123e-05
106.5,3.298822410389665e-05
106.55000000000001,3.510926916930734e-05
106.60000000000001,4.354125555453637e-05
106.65,4.8479271547031607e-05
106.7,4.8522087874497325e-05
106.75,4.927153912722027e-05
106.80000000000001,4.722541128445209e-05
106.85000000000001,4.588455407743392e-05
106.9,4.4547933231339014e-05
106.95,4.461541361421461e-05
107.0,4.3985285431697144e-05
107.05000000000001,4.545797515577614e-05
107.10000000000001,4.6931716387075565e-05
107.15,4.420378698247359e-05
107.2,4.357607550922803e-05
107.25,4.574796911170918e-05
107.30000000000001,4.791728152293281e-05
107.35000000000001,4.7982108820649244e-05
107.4,5.154392216300674e-05
107.45,5.229890964217459e-05
107.5,4.8845398388445474e-05
107.55000000000001,4.678478278417593e-05
107.60000000000001,4.261441261357358e-05
107.65,4.263594299344878e-05
107.7,4.614791336962541e-05
107.75,4.684636665884197e-05
107.80000000000001,4.402979771834154e-05
107.85000000000001,4.259915409882674e-05
107.9,4.185288908054661e-05
107.95,4.459098255843499e-05
108.0,4.3809066452914955e-05
108.05000000000001,4.0906465725946406e-05
108.10000000000001,4.288496239158691e-05
108.15,4.063921022503691e-05
108.2,3.8369723650124915e-05
108.25,4.09773125757264e-05
108.30000000000001,4.355844497323056e-05
108.35000000000001,4.751236041260664e-05
108.4,4.513426806766626e-05
108.45,4.202524343547537e-05
108.5,4.02848079407131e-05
108.55000000000001,3.711031173895624e-05
108.60000000000001,3.600188277886705e-05
108.65,3.485717114741655e-05
108.7,3.717629819434935e-05
108.75,4.015660093788223e-05
108.80000000000001,4.1695725838945026e-05
108.85000000000001,4.1091939490017036e-05
108.9,3.7643511626360397e-05
108.95,3.625119051104502e-05
109.0,3.551294747451159e-05
109.05000000000001,3.4026761582559416e-05
109.10000000000001,3.3892167387452586e-05
109.15,3.7208710352110514e-05
109.2,4.397502076379215e-05
109.25,4.508572302275844e-05
109.30000000000001,4.614195127962573e-05
109.35000000000001,4.714238329599329e-05
109.4,4.808571600739643e-05
109.45,4.967097645576308e-05
109.5,5.329752349872743e-05
109.55000000000001,5.406195718104359e-05
109.60000000000001,5.266337745429815e-05
109.65,5.4703076677112245e-05
109.7,5.317681048534617e-05
109.75,5.018438581494661e-05
109.80000000000001,4.7825642595236086e-05
109.85000000000001,4.6799837025073795e-05
109.9,4.6405643316787015e-05
109.95,4.173991849713743e-05
110.0,4.4006671951129435e-05
110.05000000000001,4.2700368469351535e-05
110.10000000000001,3.641953629640195e-05
110.15,3.426738730569947e-05
110.2,3.344192317699011e-05
110.25,3.4642740237171735e-05
110.30000000000001,3.086608336023412e-05
110.35000000000001,2.5612887708432046e-05
110.4,2.3784760293270454e-05
110.45,1.6977487632941903e-05
110.5,1.3594334409807378e-05
110.55000000000001,1.4335221783348896e-05
110.60000000000001,1.2196728889118812e-05
110.65,1.0680134408057996e-05
110.7,3.482450184624991e-06
110.75,-8.696155749807096e-06
110.80000000000001,-1.3250193187018566e-05
110.85000000000001,-1.2980908597236734e-05
110.9,-1.629195458645511e-05
110.95,-2.0381967054796573e-05
111.0,-2.1749202563755216e-05
111.05000000000001,-2.039339264411357e-05
111.10000000000001,-2.121636122094818e-05
111.15,-2.1416457401226927e-05
111.2,-1.959257460137611e-05
111.25,-1.8545386624975957e-05
111.30000000000001,-1.897456375368252e-05
111.35000000000001,-2.5781555132606587e-05
111.4,-3.0561857242598176e-05
111.45,-3.401490882889208e-05
111.5,-4.03416165123248e-05
111.55000000000001,-3.973662348583486e-05
111.60000000000001,-3.990222472641033e-05
111.65,-4.363847120838941e-05
111.7,-4.7442551244298164e-05
111.75,-5.131311966804112e-05
111.80000000000001,-6.085122552276382e-05
111.85000000000001,-6.975258126370811e-05
111.9,-7.241312914912034e-05
111.95,-7.513398925491369e-05
112.0,-7.861372895755212e-05
112.05000000000001,-8.635207420167755e-05
112.10000000000001,-9.344496229190268e-05
112.15,-0.00010409227341190922
112.2,-0.00011338979127040965
112.25,-0.00012133538865147221
112.30000000000001,-0.0001342296468431182
112.35000000000001,-0.00014156565195380202
112.4,-0.0001482432208856571
112.45,-0.00015636086251010696
112.5,-0.0001701179437012431
112.55000000000001,-0.00018040788766990015
112.60000000000001,-0.00018302621567903098
112.65,-0.0001954779704006737
112.7,-0.00020025266973001035
112.75,-0.00020365028445388798
112.80000000000001,-0.00021267103555896996
112.85000000000001,-0.00021960859323430772
112.9,-0.00022516028389935722
112.95,-0.00023002338177644617
113.0,-0.00023559542062558144
113.05000000000001,-0.0002411729594141524
113.10000000000001,-0.0002516549866164327
113.15,-0.00025583333675763227
113.2,-0.00026070784584700783
113.25,-0.0002634739850162358
113.30000000000001,-0.0002578256467639611
113.35000000000001,-0.0002549644252296633
113.4,-0.00026189003324030463
113.45,-0.00027649814108530383
113.5,-0.0002791766692074406
113.55000000000001,-0.00029093145828680556
113.60000000000001,-0.0002921504016817365
113.65,-0.00026392169403974725
113.7,-0.00022655084304436842
113.75,-0.0002465637656665558
113.80000000000001,-0.0003106511298694061
113.85000000000001,-0.0003361729971609919
113.9,-0.00030771912746812473
113.95,-0.0002694055816911705
114.0,-0.0004222177095246208
114.05000000000001,-0.0005840717336448217
114.10000000000001,-0.0005686820499939433
114.15,-0.0005658291465598413
114.2,-0.000646240978669706
114.25,-0.0009450739928209378
114.30000000000001,-0.0012256204777138897
114.35000000000001,-0.0011384229854404673
114.4,-0.0010476392328500235
114.45,-0.0011948728794651427
114.5,-0.0012572784045565848
114.55000000000001,-0.0012600640442819236
114.60000000000001,-0.00123474088922819
114.65,-0.001147691346513184
114.7,-0.0010605399585155969
114.75,-0.0009326662025118537
114.80000000000001,-0.0007367555181443716
114.85000000000001,-8.343356114681039e-05
114.9,0.0007912977721664095
114.95,0.0015078730952159513
115.0,0.0014507227091406748
115.05000000000001,0.000712289448519167
115.10000000000001,0.0010902690291848091
115.15,0.0024950236714008454
115.2,0.0035847625738359063
115.25,0.003744615809432675
115.30000000000001,0.002758189292915155
115.35000000000001,0.003014239178620151
115.4,0.00561295251429062
115.45,0.00599181576014352
115.5,0.004888955859742911
115.55000000000001,0.004267340493803574
115.60000000000001,0.0029686589697107287
115.65,0.003876085076156831
115.7,0.004561647253715031
115.75,0.0028025644390904394
115.80000000000001,0.0013209389682632838
115.85000000000001,0.002076236315085559
115.9,0.003466149082257719
115.95,0.003349831970675771
116.0,0.002695812586397534
116.05000000000001,-0.0008685569181321636
116.10000000000001,-0.004195386783758265
116.15,-0.0035464266544698417
116.2,-0.004281143528496756
116.25,-0.0060949033947027805
116.30000000000001,-0.007157098497939864
116.35000000000001,-0.008486679435096298
116.4,-0.00738255422051267
116.45,-0.007218813550456863
116.5,-0.00989539724936724
116.55000000000001,-0.011374323204823471
116.60000000000001,-0.009080555358756452
116.65,-0.004622004773404333
116.7,-0.0022166350880834743
116.75,0.0010271293523757869
116.80000000000001,0.003236660423119219
116.85000000000001,0.005486231205215905
116.9,0.010140084337580357
116.95,0.011751913512146902
117.0,0.010134034415266238
117.05000000000001,0.007404180686058073
117.10000000000001,0.007251579839922521
117.15,0.0037880302521134087
117.2,-0.0004919682047362005
117.25,-0.0028158929332068408
117.30000000000001,-0.00887936064271274
117.35000000000001,-0.007746344062987899
117.4,-0.00590801126764988
117.45,-0.007914273165291814
117.5,-0.005744489931694932
117.55000000000001,-0.005274958228096283
117.60000000000001,-0.0027436187451798026
117.65,0.0025267256209562674
117.7,0.007081447464763639
117.75,0.011740606927891799
117.80000000000001,0.014878083974907452
117.85000000000001,0.01701910852202314
117.9,0.013145262567418175
117.95,0.011635043758226375
118.0,0.015041077206966265
118.05000000000001,0.011659792925626453
118.10000000000001,0.005985773522313329
118.15,-0.0047493054712208155
118.2,-0.013844887358980623
118.25,-0.011705337065312382
118.30000000000001,-0.012986028001299714
118.35000000000001,-0.016726838252993044
118.4,-0.019057861026729517
118.45,-0.022161261925562798
118.5,-0.01932667987758473
118.55000000000001,-0.01755510830718264
118.60000000000001,-0.015537671246522652
118.65,-0.007483513613312886
118.7,0.00014700993207669954
118.75,0.007250951972799951
118.80000000000001,0.009996918734573573
118.85000000000001,0.009306515226880393
118.9,0.007425631227718152
118.95,0.00592926027192082
119.0,0.00831614536437337
119.05000000000001,0.009463522520627229
119.10000000000001,0.013316231727201788
119.15,0.01901149007089514
119.2,0.014891247779835368
119.25,0.007691077128910933
119.30000000000001,0.0011457253154390566
119.35000000000001,-0.007039722982271268
119.4,-0.005276552514034876
119.45,-0.0007590420251512472
119.5,0.0016113421644319646
119.55000000000001,0.004524485830093897
119.60000000000001,-0.0002419437599947117
119.65,-0.0067535281671153875
119.7,-0.010587116292843791
119.75,-0.01029166944346626
119.80000000000001,-0.010363875269351975
119.85000000000001,-0.011819884537561177
119.9,-0.00864124176609384
119.95,-0.006344985204180451
120.0,-0.0020031240551540794
120.05000000000001,0.005348665365501134
120.10000000000001,0.007200223085672547
120.15,0.005923494312693248
120.2,0.003027643255230035
120.25,0.0005071483991152254
120.30000000000001,0.003020464535722356
120.35000000000001,0.0064042510009252925
120.4,0.010480626960290229
120.45,0.0056042310076902515
120.5,-0.0015839067254293452
120.55000000000001,-0.0012178321089217014
120.60000000000001,-0.004245481808236546
120.65,-0.003185454693962926
120.7,-0.00788550168033091
120.75,-0.012837693118459698
120.80000000000001,-0.005988308970119853
120.85000000000001,-0.0026622187599312577
120.9,-0.0013460567987236426
120.95,-0.0023976837000983654
121.0,0.0014633127196224103
121.05000000000001,0.003762570937430595
121.10000000000001,0.002191168734107332
121.15,0.0075968934611987515
121.2,0.010512962165148193
121.25,0.011781844117977074
121.30000000000001,0.00916955010548781
121.35000000000001,0.0087386544030905
121.4,0.010901636367633707
121.45,0.00861408261492364
121.5,0.005610039188452941
121.55000000000001,0.0024049308873450707
121.60000000000001,0.0019568611247857584
121.65,-0.0026021055519852973
121.7,-0.004583318416045699
121.75,-0.00035637715160847074
121.80000000000001,0.0018346751940668492
121.85000000000001,0.001471607079501313
121.9,-0.00573707916133215
121.95,-0.016441106786543126
122.0,-0.022147127990998255
122.05000000000001,-0.016845091468318422
122.10000000000001,-0.011450019446108413
122.15,-0.009200144262507726
122.2,-0.002678493185936189
122.25,0.007651326762605007
122.30000000000001,0.018857118580493874
122.35000000000001,0.017687628765641072
122.4,0.007951837164658526
122.45,0.0014842675388718161
122.5,-0.002294938067713279
122.55000000000001,-0.004630230982682029
122.60000000000001,-0.0038898924098880816
122.65,-0.0006145626990466747
122.7,0.0040983720630197815
122.75,0.008997457866395152
122.80000000000001,0.013724135088035933
122.85000000000001,0.01585113074164211
122.9,0.010136629146361601
122.95,0.0055319820069131085
123.0,9.793281302833169e-06
123.05000000000001,-0.008098074304346019
123.10000000000001,-0.01128990876960145
123.15,-0.01101184909051176
123.2,-0.006754770720437082
123.25,-0.007049140574364072
123.30000000000001,-0.007481609837473123
123.35000000000001,-0.005909232090033707
123.4,-0.007512894745006032
123.45,-0.007838630617771913
123.5,-0.015642405474953932
123.55000000000001,-0.017102215208987488
123.60000000000001,-0.008258510523255916
123.65,-0.00411961760480585
123.7,0.005337990786916755
123.75,0.011016598681422716
123.80000000000001,0.00621424813345446
123.85000000000001,0.0025728814237493984
123.9,-0.0015105075990215072
123.95,-0.0031366368938451064
124.0,-0.0033503659125753817
124.05000000000001,-0.007911736071884213
124.10000000000001,-0.007995448246649004
124.15,0.0008671730423310643
124.2,0.013658414478573388
124.25,0.018478623989280442
124.30000000000001,0.013380944435928547
124.35000000000001,0.009563323101669543
124.4,0.009955856523185896
124.45,0.014177579249963075
124.5,0.0145727135707264
124.55000000000001,0.0095298508457164
124.60000000000001,0.0020925379804557285
124.65,-0.00671536989548886
124.7,-0.008927852155002747
124.75,-0.005275328200139792
124.80000000000001,-0.005560023216331858
124.85000000000001,-0.011174849057651455
124.9,-0.009115059984580001
124.95,-0.006200964355168919
125.0,-0.010072232306605528
125.05000000000001,-0.011678063962516892
125.10000000000001,-0.01675959108892057
125.15,-0.011892582613313283
125.2,0.0014656213011394455
125.25,0.0038646353194993184
125.30000000000001,0.006723004859829165
125.35000000000001,0.00905119630389961
125.4,0.0077370387226283616
125.45,0.007157468117632597
125.5,0.0015755544890788515
125.55000000000001,-0.007886103246410333
125.60000000000001,-0.016284719340771584
125.65,-0.020397467576899714
125.7,-0.016675177690287563
125.75,-0.0069155404857640015
125.80000000000001,0.0009903625128063957
125.85000000000001,0.003560596651728648
125.9,0.00550054246439718
125.95,0.008170903497299794
126.0,0.010603154696462735
126.05000000000001,0.01597950375359642
126.10000000000001,0.024119973632202543
126.15,0.026246890725910268
126.2,0.022840669416708217
126.25,0.019679563351270954
126.30000000000001,0.012999412446095412
126.35000000000001,0.007816533707519325
126.4,0.0036603211923374665
126.45,-0.00010860566116603068
126.5,-0.003461532495117248
126.55000000000001,-0.009120559713345503
126.60000000000001,-0.008686176845680998
126.65,-0.004832863432014935
126.7,0.0007964564146575243
126.75,0.00930126947322713
126.80000000000001,0.01406995747108341
126.85000000000001,0.008158255186670321
126.9,-0.0025876547947972176
126.95,-0.013418274202790188
127.0,-0.023386783960108605
127.05000000000001,-0.020239872437482348
127.10000000000001,-0.011977171115752845
127.15,-0.00914743712601721
127.2,-0.008504036014850036
127.25,-0.009892898938285278
127.30000000000001,-0.010885352683319348
127.35000000000001,-0.004811651334000266
127.4,0.0019967100606608657
127.45,-0.0016652155323243804
127.5,-0.005722078445413835
127.55000000000001,-0.005012598927974018
127.60000000000001,-0.00019856853216539168
127.65,0.005664564210521354
127.7,0.007315376664586883
127.75,0.004482149478333043
127.80000000000001,0.0016265534039530724
127.85000000000001,0.007432423556017105
127.9,0.006992978150998858
127.95,0.005825954223660467
128.0,0.00784818188284248
128.05,0.0015241679558303523
128.1,0.005061953074432839
128.15,0.009260875022049161
128.20000000000002,0.003280147336924
128.25,-0.003988403151535261
128.3,-0.007854805041431573
128.35,-0.006977965711254902
128.4,-0.0010721585768916752
128.45000000000002,0.006536848200200995
128.5,0.004026434489701976
128.55,0.0026484691144074177
128.6,-0.00015387662086521333
128.65,-0.0077140743806522515
128.70000000000002,-0.007465074683273958
128.75,-0.010043874265366601
128.8,-0.010847340330594042
128.85,-0.005698128135008249
128.9,-0.0035671988587837778
128.95000000000002,-0.003427198780758649
129.0,-0.0050491267549491485
129.05,-0.009502355007957484
129.1,-0.00999668527939043
129.15,-0.0016670694546715363
129.20000000000002,0.0041232746190529995
129.25,0.001284457564756779
129.3,-0.008012562333198067
129.35,-0.011996287567288808
129.4,-0.006310094889235022
129.45000000000002,0.0012767844632116606
129.5,0.013161508324457056
129.55,0.019726729203220387
129.6,0.01965586487137354
129.65,0.01864663029634946
129.70000000000002,0.01160917688955629
129.75,0.0059800872398274
129.8,-0.0004683236117899604
129.85,-0.006315829929136978
129.9,-0.002847785096352425
129.95000000000002,-0.002010765962609553
130.0,-0.0007206123812110709
130.05,0.0038659293073336188
130.1,0.0024627567060025424
130.15,-0.0002107483039136273
130.20000000000002,-0.0028982331141891773
130.25,-0.005056260022586216
130.3,-0.003514531489661011
130.35,-0.0005070364406835297
130.4,0.0038030505098834324
130.45000000000002,0.010981618155418992
130.5,0.015583759450805352
130.55,0.016341911852082416
130.6,0.01382122200313688
130.65,0.004993549789631926
130.70000000000002,-0.003087593227419471
130.75,-0.0058659982813469135
130.8,-0.008594688114282729
130.85,-0.014214964734819072
130.9,-0.017418487409588707
130.95000000000002,-0.016318626363884696
131.0,-0.011618495404003273
131.05,-0.006239087706800078
131.1,-0.004379460819779775
131.15,-0.0032860022175969267
131.20000000000002,-0.0008206711956931259
131.25,0.0036307000591243735
131.3,0.005268888985633397
131.35,0.00786645807441165
131.4,0.011812075618569713
131.45000000000002,0.012145448008368347
131.5,0.015700189497655895
131.55,0.016557283222592874
131.6,0.01092315090311623
131.65,0.007031325122063483
131.70000000000002,0.008495398513017342
131.75,0.010650608326184492
131.8,0.008015631333801876
131.85,0.005972341256780396
131.9,0.006058614533098285
131.95000000000002,0.0003945691263825678
132.0,-0.0051883223680295925
132.05,-0.005775992321043167
132.1,-0.009171988668774082
132.15,-0.012479134093688242
132.20000000000002,-0.019238894230772755
132.25,-0.030012918762873642
132.3,-0.036674820842752615
132.35,-0.03934645562332729
132.4,-0.03581764833479927
132.45000000000002,-0.028678843838522892
132.5,-0.017113482393298386
132.55,-0.002365313850452869
132.6,0.007163351117139512
132.65,0.012489361221127187
132.70000000000002,0.01578647620478371
132.75,0.016889423141858647
132.8,0.017782878630459485
132.85,0.01764187879085645
132.9,0.020566034453354393
132.95000000000002,0.02732498620643199
133.0,0.027506537255046527
133.05,0.024278887653214936
133.1,0.01929967060257554
133.15,0.00988670314337321
133.20000000000002,-0.0007063764434456498
133.25,-0.012421440748860332
133.3,-0.018773624349453635
133.35,-0.018657837196807893
133.4,-0.016904810149769016
133.45000000000002,-0.013476724099767436
133.5,-0.007809127226582131
133.55,-0.003982018388231819
133.6,-0.001320996880890311
133.65,0.008081131942732795
133.70000000000002,0.01478700407745922
133.75,0.009705208445455412
133.8,0.0016169261150059903
133.85,-0.006734727904177973
133.9,-0.011979161364947049
133.95000000000002,-0.0079361412080166
134.0,-0.0034960889460512747
134.05,-0.0010323481927539003
134.1,0.006591937005411028
134.15,0.013089395037229693
134.20000000000002,0.01061026454438561
134.25,0.004568641229951465
134.3,-0.0005072702324625134
134.35,-0.004068422090548374
134.4,-0.003266651225077275
134.45000000000002,-0.004513983381481909
134.5,-0.006570165151349692
134.55,-0.0014488641244096662
134.6,0.002878305716818439
134.65,0.007839281077618295
134.70000000000002,0.016990938872749526
134.75,0.018498759787369774
134.8,0.011126704596193117
134.85,0.0009765743631640193
134.9,-0.008170654528242328
134.95000000000002,-0.013461915310509881
135.0,-0.012542060965710748
135.05,-0.008388799186723153
135.1,-0.009508078658241968
135.15,-0.012532805195264448
135.20000000000002,-0.017897163041815583
135.25,-0.01910507616258099
135.3,-0.010478429623001722
135.35,-0.008924081232116654
135.4,-0.0030297838901629523
135.45000000000002,0.0071610511040410465
135.5,0.010296418984648953
135.55,0.014962118949264991
135.6,0.013820318854846556
135.65,0.010733232182519675
135.70000000000002,0.00955046687061817
135.75,0.011157922190628495
135.8,0.01491552359759351
135.85,0.013970053012867191
135.9,0.012074475707661517
135.95000000000002,0.004631969926548671
136.0,-0.006288042508762423
136.05,-0.009521223782144945
136.1,-0.010675642298208277
136.15,-0.017276813203021754
136.20000000000002,-0.022474303736803206
136.25,-0.026688992000893016
136.3,-0.024541795100378
136.35,-0.010334289226237312
136.4,-0.00475430202624712
136.45000000000002,-0.005756923196185404
136.5,-0.007905644938034851
136.55,-0.008526679526982208
136.6,-0.005115714226567253
136.65,-0.004732559685225549
136.70000000000002,0.0036029391604272686
136.75,0.010475131031187582
136.8,0.015466637806564786
136.85,0.025109950002192478
136.9,0.03012737662835057
136.95000000000002,0.028417295194148463
137.0,0.019321420302217097
137.05,0.009412159156582346
137.1,0.00519328840042197
137.15,0.008732825720623632
137.20000000000002,0.00872008091279064
137.25,0.0014217094176174271
137.3,-0.007773405512448873
137.35,-0.013195556907380486
137.4,-0.009009765107576227
137.45000000000002,-0.004296937139184188
137.5,-0.0020550943118918274
137.55,-0.0050952756697696154
137.6,-0.010556716066964093
137.65,-0.006698029256184239
137.70000000000002,0.0028426795971474178
137.75,0.00917708668533701
137.8,0.011461320070458351
137.85,0.013400716292232134
137.9,0.015706789599003762
137.95000000000002,0.01226864136037816
138.0,0.0055156437506651565
138.05,0.005932825758132789
138.1,0.003353096722558943
138.15,-0.0033930612816395044
138.20000000000002,-0.0038108158792612744
138.25,-0.004314301483603695
138.3,-0.0043705852129907585
138.35,-0.005070751615863534
138.4,-0.003698304246204162
138.45000000000002,0.0021327070671273963
138.5,-0.0012211458974646435
138.55,-0.005865281164140263
138.6,-0.011565799797712903
138.65,-0.01910775312345194
138.70000000000002,-0.02055174034651658
138.75,-0.027776412038766924
138.8,-0.032333243258142574
138.85,-0.03161989089544693
138.9,-0.03164921639462658
138.95000000000002,-0.0253978251468132
139.0,-0.01739112249442133
139.05,-0.014661621208122807
139.1,-0.009155772897988586
139.15,0.004833234196401317
139.20000000000002,0.014761452475354526
139.25,0.02119962497938533
139.3,0.0264013374324361
139.35,0.02875796971330118
139.4,0.033978432473243066
139.45000000000002,0.03556104411740396
139.5,0.03426562907332174
139.55,0.030781280098244018
139.6,0.019880877092925502
139.65,0.011989210912863122
139.70000000000002,0.011276610193126976
139.75,0.00748283103175438
139.8,-0.0002437163475993076
139.85,-0.006027451654175911
139.9,-0.015683057093881663
139.95000000000002,-0.024148012274638347
140.0,-0.02477219620233953
140.05,-0.025788460169915185
140.1,-0.02393968227901525
140.15,-0.013583487796403223
140.20000000000002,0.0007932248258506884
140.25,0.008348950732193642
140.3,0.007185133595374368
140.35,0.001507111985784498
140.4,-0.005414688739765135
140.45000000000002,-0.0017450616595368097
140.5,0.006024807414888987
140.55,0.0027976321273588643
140.6,-0.003932598620445931
140.65,-0.007315480450297054
140.70000000000002,-0.006384607499668834
140.75,-0.0007422253170137491
140.8,0.006035865651976421
140.85,0.0111470060720652
140.9,0.014229114021600658
140.95000000000002,0.01147108434377641
141.0,0.00823796354858834
141.05,0.008189544940308283
141.1,0.006161725264535664
141.15,0.011025298461263015
141.20000000000002,0.01272940309576863
141.25,0.007724848531464438
141.3,0.00238722649229885
141.35,-0.001485792857224939
141.4,-0.002012502311510179
141.45000000000002,-0.006507655578230603
141.5,-0.0060759485228298465
141.55,-0.004899651650523889
141.6,-0.008161777324674924
141.65,-0.006686897601006755
141.70000000000002,0.0023584151294602476
141.75,0.011475226149702969
141.8,0.01620604390349848
141.85,0.01870009434006601
141.9,0.01981103153926845
141.95000000000002,0.016932281898011006
142.0,0.0059579100192678576
142.05,-0.0008671991700842193
142.1,-0.00479732121141316
142.15,-0.007363353419677234
142.20000000000002,-0.005512668761510788
142.25,-0.010085374364737871
142.3,-0.013726842656678772
142.35,-0.01207486692196201
142.4,-0.013013547499585939
142.45000000000002,-0.014654168790947863
142.5,-0.016813267587493536
142.55,-0.020482498949685717
142.6,-0.01749557341773061
142.65,-0.009611683630837602
142.70000000000002,-0.005101496778973016
142.75,-0.0008717613564825731
142.8,0.004153884315936869
142.85,0.007851389511322608
142.9,0.011760021933172047
142.95000000000002,0.01977489040000956
143.0,0.0225552600672185
143.05,0.017372016475742918
143.1,0.014603734038849233
143.15,0.007819465555600669
143.20000000000002,0.0012623781546542677
143.25,-6.592513789065555e-05
143.3,0.0003505127250300681
143.35,0.0023506171510979707
143.4,-0.0011534440302238334
143.45000000000002,-0.010255513577169752
143.5,-0.017416062483960423
143.55,-0.016721678663857334
143.6,-0.012227150535486763
143.65,-0.005763083227141496
143.70000000000002,0.0053001888267544435
143.75,0.013486870126779852
143.8,0.01524289809648804
143.85,0.01641796378629177
143.9,0.014133105178724537
143.95000000000002,0.008825325729612548
144.0,0.01178572298219812
144.05,0.017288581649950684
144.1,0.015395127364854835
144.15,0.010431185844811638
144.20000000000002,0.006973294801695676
144.25,0.0026810389273991373
144.3,-0.002187148220952835
144.35,-0.002092500159938987
144.4,-0.0038945238040718803
144.45000000000002,-0.009930828046474298
144.5,-0.018162087775357813
144.55,-0.028628194716776325
144.6,-0.03085879832997956
144.65,-0.03270153547001874
144.70000000000002,-0.03490850858035779
144.75,-0.026294347660477963
144.8,-0.018766378519727556
144.85,-0.01776807154477324
144.9,-0.021222975398542246
144.95000000000002,-0.021625840422992617
145.0,-0.012596112488613602
145.05,-0.00873520137998091
145.1,-0.007848299159288624
145.15,-0.006469535630044826
145.20000000000002,-0.007648016449078429
145.25,-0.002354612983930295
145.3,0.001307439150924253
145.35,0.0027002016123518495
145.4,0.005384090701667539
145.45000000000002,0.005818387813156988
145.5,0.006158690341764846
145.55,0.004673179754609598
145.6,0.005331955892066346
145.65,0.007993603608601563
145.70000000000002,0.008276335821103561
145.75,0.007719480452952466
145.8,0.010185991841544503
145.85,0.01367513542068967
145.9,0.013265887380889456
145.95000000000002,0.012009544453887166
146.0,0.010559544710194707
146.05,0.005244216491616099
146.1,-0.0026002004695375694
146.15,-0.006839647873574471
146.20000000000002,-0.00935160511951728
146.25,-0.010450461498693994
146.3,-0.007589843233974101
146.35,-0.006285336665773048
146.4,-0.004745501835159779
146.45000000000002,-0.0028589409435147203
146.5,-0.002145276754712796
146.55,-0.0014118347686034455
146.6,-0.0010990620697329343
146.65,0.004758322333286129
146.70000000000002,0.009945820680782697
146.75,0.00776221971230727
146.8,0.008074921729176536
146.85,0.010975011449947116
146.9,0.012506485821479117
146.95000000000002,0.013342385091685213
147.0,0.010269032478766605
147.05,0.006494586073751537
147.1,0.0038118781618283297
147.15,0.0016642026729961415
147.20000000000002,0.004177120180497541
147.25,0.00803120285537887
147.3,0.010112912832321607
147.35,0.01285866195796873
147.4,0.017846982271949165
147.45000000000002,0.02079481650563801
147.5,0.02229465925356058
147.55,0.02053624308137855
147.6,0.010961986369563227
147.65,0.00013871862543211617
147.70000000000002,-0.006696618957818306
147.75,-0.002608836377348906
147.8,0.003859720880558942
147.85,0.004956655051303292
147.9,0.003997954728094276
147.95000000000002,0.0025264244215348363
148.0,0.0035681225008288185
148.05,-6.420364547910468e-05
148.1,-0.004810862210397496
148.15,-0.006327816140546563
148.20000000000002,-0.0010994953008968953
148.25,0.011427361290433641
148.3,0.021115793060293153
148.35,0.028925938489094114
148.4,0.02876091882188664
148.45000000000002,0.018860169014484885
148.5,0.0052547635031334715
148.55,-0.007639837741590352
148.6,-0.01590889690823083
148.65,-0.023800481678197635
148.70000000000002,-0.027272400059706756
148.75,-0.024980052279177153
148.8,-0.02210992353092833
148.85,-0.020473009541241007
148.9,-0.018096536285435533
148.95000000000002,-0.013947545779080743
149.0,-0.009088406319455646
149.05,-0.0038300554517633548
149.1,-0.0010682731711544285
149.15,0.0021893594999850626
149.20000000000002,0.007305640865410087
149.25,0.009437928001958093
149.3,0.013359522977519345
149.35,0.01680001644762351
149.4,0.01365130331375678
149.45000000000002,0.008489194995629844
149.5,-0.0043959400092884165
149.55,-0.01725239030766677
149.6,-0.026694173518614465
149.65,-0.03480122211101546
149.70000000000002,-0.03597247817042056
149.75,-0.04136038294497036
149.8,-0.047197991119795564
149.85,-0.05114418839680192
149.9,-0.054306184606769836
149.95000000000002,-0.05210327947655775
150.0,-0.04538077023228411
150.05,-0.03454556211613909
150.1,-0.02682767489316648
150.15,-0.01668699113279192
150.20000000000002,-0.0020779382415488427
150.25,0.007034050876877423
150.3,0.019049851443315922
150.35,0.02880114502061423
150.4,0.023694932682719237
150.45000000000002,0.017132991951887666
150.5,0.00879804034581301
150.55,0.0009947510070546478
150.6,0.0013774571182564868
150.65,-0.0032070983799414193
150.70000000000002,-0.006047203101136091
150.75,-0.0042807468805685835
150.8,-0.003036150327504351
150.85,-0.0018540691160790366
150.9,-0.006988325736318392
150.95000000000002,-0.006026702863444222
151.0,-0.001712377888024406
151.05,0.0020636623669412213
151.1,0.010226621411091952
151.15,0.01175916037591537
151.20000000000002,0.013078136126508847
151.25,0.015098773498275956
151.3,0.018417653934560647
151.35,0.024221016560379602
151.4,0.02645109908369424
151.45000000000002,0.029118482396650346
151.5,0.02572000217838916
151.55,0.024353939002824333
151.6,0.02561055551307509
151.65,0.022698152116783384
151.70000000000002,0.02294536177134031
151.75,0.022188740386024357
151.8,0.023581672303945967
151.85,0.022464889653891963
151.9,0.019990288271796944
151.95000000000002,0.023392647758479723
152.0,0.025932074767284347
152.05,0.023485029174519504
152.1,0.019933203736935204
152.15,0.021513429287877257
152.20000000000002,0.017525556046260753
152.25,0.004928714677430122
152.3,-0.003850935925382794
152.35,-0.005213235558150141
152.4,-0.002479181452090006
152.45000000000002,0.0019637402452736675
152.5,0.009962812350267448
152.55,0.017185087856092022
152.6,0.020201718310715013
152.65,0.027942211825347795
152.70000000000002,0.03279267112330776
152.75,0.03269055007236223
152.8,0.03158265610336558
152.85,0.023780242088372417
152.9,0.013751846431855619
152.95000000000002,0.00556192969256417
153.0,0.0009401222187876759
153.05,-0.003489899294810989
153.1,0.0012076796827877388
153.15,0.004591118539364892
153.20000000000002,0.0011733660895195275
153.25,0.0027468030066392733
153.3,-0.004703283638292636
153.35,-0.00827031694929799
153.4,-0.0028785754613115462
153.45000000000002,0.0005210880973067552
153.5,0.0027297131249337456
153.55,0.001469782693281615
153.60000000000002,0.0012995015958491816
153.65,0.004554296605962622
153.70000000000002,0.008217134715214411
153.75,0.005249110886548316
153.8,0.004219816419824321
153.85000000000002,0.007510914529962295
153.9,0.004781555076230301
153.95000000000002,0.0014205383497930219
154.0,0.003859429993587745
154.05,0.005640609273202114
154.10000000000002,0.005768172449247722
154.15,0.010128160084182911
154.20000000000002,0.011732133392558441
154.25,0.011101075306040924
154.3,0.005619989956564203
154.35000000000002,-0.002211754073614426
154.4,-0.004504501765599024
154.45000000000002,-0.010265652921169571
154.5,-0.01425130788473256
154.55,-0.012288333167548666
154.60000000000002,-0.013681740045509802
154.65,-0.01671016401808625
154.70000000000002,-0.0186269808942187
154.75,-0.025543070627602377
154.8,-0.033853215715400765
154.85000000000002,-0.0416021200141674
154.9,-0.05121071253719676
154.95000000000002,-0.06060392971658975
155.0,-0.06806315806086169
155.05,-0.06754186566509154
155.10000000000002,-0.06636661842391357
155.15,-0.06184815221407424
155.20000000000002,-0.05243029593164808
155.25,-0.04544799722694253
155.3,-0.03476504806305493
155.35000000000002,-0.031783077380615046
155.4,-0.02820610915245482
155.45000000000002,-0.016646461389918807
155.5,-0.008980551589747419
155.55,0.0025308712586060303
155.60000000000002,0.011456307523150905
155.65,0.01492533662669638
155.70000000000002,0.01739698090048602
155.75,0.014710162612025974
155.8,0.01310690385943229
155.85000000000002,0.012749848251083544
155.9,0.0036520634530858233
155.95000000000002,-0.012454402524965802
156.0,-0.02780923437087885
156.05,-0.03993104258306259
156.10000000000002,-0.04545464242125185
156.15,-0.047977318798979214
156.20000000000002,-0.05283662055382681
156.25,-0.060747350982355376
156.3,-0.07524445463780896
156.35000000000002,-0.08622294933294025
156.4,-0.0820070557573297
156.45000000000002,-0.0658662907422527
156.5,-0.039635934845062455
156.55,-0.01634500875375538
156.60000000000002,-0.002862610735743991
156.65,0.004106451275629766
156.70000000000002,0.0072761144880246756
156.75,0.020813875153689716
156.8,0.03443733442151897
156.85000000000002,0.03682903730409305
156.9,0.03478642840492113
156.95000000000002,0.03631078421885108
157.0,0.048750693054782225
157.05,0.0620842726890394
157.10000000000002,0.07346010659038778
157.15,0.07943501607502235
157.20000000000002,0.07379119613964685
157.25,0.06894887034777059
157.3,0.06302094291592726
157.35000000000002,0.05163001647597646
157.4,0.03892775762516727
157.45000000000002,0.02673169982275975
157.5,0.02355362979874895
157.55,0.02159512926030165
157.60000000000002,0.020247151342421086
157.65,0.01964997665940957
157.70000000000002,0.006000725340639013
157.75,-0.00887566986755144
157.8,-0.007684164819830378
157.85000000000002,0.011494290839733199
157.9,0.03037412131514867
157.95000000000002,0.03996565099354701
158.0,0.03980896596869053
158.05,0.032271295775834985
158.10000000000002,0.029363123015431907
158.15,0.024814052773325025
158.20000000000002,0.02053329660474655
158.25,0.005317470422727687
158.3,-0.01298000062140129
158.35000000000002,-0.019280606782536278
158.4,-0.03808031907177635
158.45000000000002,-0.05109882582638064
158.5,-0.054965405101681596
158.55,-0.04887037203005817
158.60000000000002,-0.011811331562966087
158.65,0.030071388209478675
158.70000000000002,0.06386559387626352
158.75,0.07623960026595286
158.8,0.07137084710138603
158.85000000000002,0.06701646382377335
158.9,0.054397455642030405
158.95000000000002,0.043096228837884984
159.0,0.028078328548011327
159.05,0.011460850982499037
159.10000000000002,0.00410004442917258
159.15,0.0036156054393239037
159.20000000000002,0.009413712511147384
159.25,0.008477751698111241
159.3,0.006268060962538973
159.35000000000002,0.00279166330277874
159.4,-0.012818827040784384
159.45000000000002,-0.03221221646175811
159.5,-0.054926301851209856
159.55,-0.08811685092470888
159.60000000000002,-0.12093678886655775
159.65,-0.14126168378316417
159.70000000000002,-0.14862445826769818
159.75,-0.14118403515616412
159.8,-0.12202041723596459
159.85000000000002,-0.09394399519401538
159.9,-0.058627864470739775
159.95000000000002,-0.027975244754491466
160.0,-0.014337560583670379
160.05,-0.008993938553370578
160.10000000000002,0.002374759842393814
160.15,0.009929798836619078
160.20000000000002,0.002704937901193542
160.25,-0.011665156779399926
160.3,-0.02909849461734488
160.35000000000002,-0.02626509252508655
160.4,0.012773962137283032
160.45000000000002,0.058559328812358355
160.5,0.1059814123435467
160.55,0.1433133889773294
160.60000000000002,0.15435555330442918
160.65,0.16748987930300682
160.70000000000002,0.17847442882960754
160.75,0.16266374785787943
160.8,0.12640105977568544
160.85000000000002,0.08013409428082922
160.9,0.03930097868323553
160.95000000000002,0.018009947190255695
161.0,0.009995832022940075
161.05,0.0032565265702010674
161.10000000000002,-0.0027033001679042366
161.15,0.006756098727456522
161.20000000000002,0.02618539437068197
161.25,0.03570468086426179
161.3,0.028152363585510903
161.35000000000002,0.002090470735614759
161.4,-0.03153470533726231
161.45000000000002,-0.06487014234149925
161.5,-0.08137968775127204
161.55,-0.08751344282182962
161.60000000000002,-0.11165729853405319
161.65,-0.1321173355376948
161.70000000000002,-0.13831914766561962
161.75,-0.1390497811113218
161.8,-0.1261684099831504
161.85000000000002,-0.1013987668016123
161.9,-0.06489589372374442
161.95000000000002,-0.026417475248042777
162.0,0.0002625287609033859
162.05,0.021945942372082167
162.10000000000002,0.035564429816515496
162.15,0.034526398295545956
162.20000000000002,0.02306773503576731
162.25,0.009660496988802671
162.3,0.0054946406307957805
162.35000000000002,0.007390476856847713
162.4,0.023614170530698156
162.45000000000002,0.036554760046627964
162.5,0.03367362388720121
162.55,0.040949849298109825
162.60000000000002,0.059066654437888534
162.65,0.0899958274886028
162.70000000000002,0.1162125488200302
162.75,0.1328907076995252
162.8,0.13387850981912391
162.85000000000002,0.11344154724934713
162.9,0.10100794108811978
162.95000000000002,0.08612600537413623
163.0,0.06858818054119692
163.05,0.04505932917523301
163.10000000000002,0.011694492223770458
163.15,-0.0010291299908441406
163.20000000000002,-0.0006716291630069256
163.25,-0.012068320823663495
163.3,-0.030035060180482052
163.35000000000002,-0.04107222562651874
163.4,-0.041505528863103366
163.45000000000002,-0.02395323895263387
163.5,-0.0017998888557919205
163.55,0.00845922097556828
163.60000000000002,0.014651236538180148
163.65,0.012430535404446193
163.70000000000002,0.004488909617845612
163.75,-0.006869812853792689
163.8,-0.021472137230801963
163.85000000000002,-0.028076173516504915
163.9,-0.029149277284525394
163.95000000000002,-0.02560480966507489
164.0,-0.025478268222564257
164.05,-0.031134737940424873
164.10000000000002,-0.030816858853195163
164.15,-0.02465291020612411
164.20000000000002,-0.009692602534330148
164.25,-0.003397550145821515
164.3,-0.019626966982786462
164.35000000000002,-0.0425840620035764
164.4,-0.07341461552388036
164.45000000000002,-0.09914826452374004
164.5,-0.104316632737235
164.55,-0.09478275288348903
164.60000000000002,-0.07135831677652198
164.65,-0.03578571673610803
164.70000000000002,-0.009796261045541328
164.75,-0.00689891669325455
164.8,-0.013701661433253194
164.85000000000002,-0.03612979234023388
164.9,-0.04645733652616323
164.95000000000002,-0.038863283061193216
165.0,-0.048210375133869006
165.05,-0.04836651198369928
165.10000000000002,-0.03627897352411594
165.15,-0.026836251557408125
165.20000000000002,-0.010388692294084947
165.25,0.009338162196034493
165.3,0.017640732384525327
165.35000000000002,0.009686307391270528
165.4,0.009884298593893974
165.45000000000002,0.02418537626213278
165.5,0.03116723315054367
165.55,0.03547868358417565
165.60000000000002,0.04560204383754786
165.65,0.052140044120190014
165.70000000000002,0.06195450295551642
165.75,0.07180528675517876
165.8,0.05702000649046197
165.85000000000002,0.02879261874663446
165.9,0.004943414004747482
165.95000000000002,-0.008392669476696684
166.0,-0.003846741153988579
166.05,0.00030827403251352153
166.10000000000002,-0.010894382086238047
166.15,-0.02393218110825862
166.20000000000002,-0.028561436172191108
166.25,-0.03641471429941396
166.3,-0.04656663163078291
166.35000000000002,-0.04903890146832812
166.4,-0.0618046745732162
166.45000000000002,-0.08512697677826404
166.5,-0.09011985829609617
166.55,-0.08948172772060631
166.60000000000002,-0.08737422045936133
166.65,-0.07601309375447164
166.70000000000002,-0.07935981991687001
166.75,-0.08472238375474919
166.8,-0.08538590733200357
166.85000000000002,-0.0889540336695071
166.9,-0.09386755851351555
166.95000000000002,-0.10434692889517999
167.0,-0.10672809419800873
167.05,-0.09216162980962296
167.10000000000002,-0.054877371264226565
167.15,-0.020072829327687492
167.20000000000002,-0.0002692186027009867
167.25,0.01793629183994027
167.3,0.03278063399504632
167.35000000000002,0.053567023820984924
167.4,0.06760336185062413
167.45000000000002,0.07659030062458175
167.5,0.08642964399800561
167.55,0.10086553889878382
167.60000000000002,0.11416344220768977
167.65,0.12012660178897246
167.70000000000002,0.1302816863449871
167.75,0.11465223246925534
167.8,0.08844572264098725
167.85000000000002,0.06206341080584142
167.9,0.032294633762235465
167.95000000000002,0.02285841279462438
168.0,0.016369811868873776
168.05,0.0171702813159162
168.10000000000002,0.03865065983647904
168.15,0.06669503223545781
168.20000000000002,0.08158079962218649
168.25,0.08979022622947161
168.3,0.09144746046050917
168.35000000000002,0.08016726795999841
168.4,0.07016610290603702
168.45000000000002,0.059154822489561464
168.5,0.04945371057600617
168.55,0.04143828351876544
168.60000000000002,0.03464857994784879
168.65,0.023417130196200012
168.70000000000002,0.013116830853774126
168.75,0.01302199244316069
168.8,0.012016713024610767
168.85000000000002,0.017452236448153184
168.9,0.015744753632981705
168.95000000000002,0.00961364590159855
169.0,0.016625542179104995
169.05,0.018889005843286358
169.10000000000002,0.028030626276892595
169.15,0.04396501312081433
169.20000000000002,0.05426381781046358
169.25,0.06742952641934301
169.3,0.07961606469503232
169.35000000000002,0.09078073044606724
169.4,0.09306816447117007
169.45000000000002,0.08900018284186277
169.5,0.07711383534299453
169.55,0.05676412644215694
169.60000000000002,0.048067421923858995
169.65,0.03167485494903311
169.70000000000002,0.0014229752049602796
169.75,-0.023179737174273275
169.8,-0.04051770821874732
169.85000000000002,-0.04543530572114379
169.9,-0.04632998676805456
169.95000000000002,-0.05530805055431491
170.0,-0.0654736096272198
170.05,-0.07477621999031175
170.10000000000002,-0.07261816703112851
170.15,-0.060912763950096864
170.20000000000002,-0.055816216241676375
170.25,-0.05985041173402336
170.3,-0.07601415142671146
170.35000000000002,-0.08431648710575217
170.4,-0.08356907532148389
170.45000000000002,-0.08213719310602058
170.5,-0.07655369435193451
170.55,-0.07652425115146128
170.60000000000002,-0.06802665940804309
170.65,-0.05009177998028189
170.70000000000002,-0.03126487595248699
170.75,-0.016381673199319737
170.8,-0.020158561253465518
170.85000000000002,-0.038017010143222715
170.9,-0.06141964220605384
170.95000000000002,-0.08030380657194673
171.0,-0.09751495239701508
171.05,-0.11089411917179855
171.10000000000002,-0.11359797796946139
171.15,-0.10692989718538608
171.20000000000002,-0.08057651557263998
171.25,-0.049879600298654014
171.3,-0.03103809691332198
171.35000000000002,-0.019094608844763133
171.4,-0.009937712930494644
171.45000000000002,-0.008798811364237031
171.5,-0.01278501877049824
171.55,-0.01870301699232623
171.60000000000002,-0.031558007988133546
171.65,-0.03346978816489268
171.70000000000002,-0.023084051219678204
171.75,-0.01382021447310449
171.8,-0.0026460307504541885
171.85000000000002,0.00987185787120097
171.9,0.016982378320653375
171.95000000000002,0.02189355496465844
172.0,0.029573989347156725
172.05,0.03425304060886209
172.10000000000002,0.04120464449806379
172.15,0.05522792672248117
172.20000000000002,0.0722413911620157
172.25,0.08815023536165788
172.3,0.10351951402155944
172.35000000000002,0.11622089200286694
172.4,0.12101035783605243
172.45000000000002,0.12693090818885552
172.5,0.13353844995273462
172.55,0.13538868150668326
172.60000000000002,0.12969497420325676
172.65,0.12229500705962534
172.70000000000002,0.11127473562844667
172.75,0.0946045639185459
172.8,0.08452229549023252
172.85000000000002,0.07233349042334616
172.9,0.05986025216723076
172.95000000000002,0.04542523856295685
173.0,0.026312548546313163
173.05,0.00647252440454691
173.10000000000002,-0.01704884051753473
173.15,-0.030130613248621766
173.20000000000002,-0.03946785258823479
173.25,-0.05805559922660338
173.3,-0.07876060578129077
173.35000000000002,-0.09482008835043997
173.4,-0.11192066013838582
173.45000000000002,-0.1326941852531925
173.5,-0.1431317795021607
173.55,-0.14270901270054392
173.60000000000002,-0.13382174382456274
173.65,-0.11799744801641174
173.70000000000002,-0.10749934057576052
173.75,-0.10170704737389512
173.8,-0.0891075839902346
173.85000000000002,-0.07663621171034453
173.9,-0.06429793115848524
173.95000000000002,-0.04788188088921778
174.0,-0.03984455877124085
174.05,-0.02728496512196494
174.10000000000002,-0.009154833598992424
174.15,0.003770781775520753
174.20000000000002,0.014768532207985111
174.25,0.020553872100157997
174.3,0.030157194147183267
174.35000000000002,0.039749112947738856
174.4,0.047860985896596306
174.45000000000002,0.06258899426743174
174.5,0.07260274149643169
174.55,0.07866547151986593
174.60000000000002,0.07971752365105814
174.65,0.07601231732804405
174.70000000000002,0.07825888917174233
174.75,0.08101014206510682
174.8,0.08067129713200964
174.85000000000002,0.0789068981747991
174.9,0.07541572131350517
174.95000000000002,0.07062906648669699
175.0,0.06531578306663437
175.05,0.05936793367400157
175.10000000000002,0.05219156676292312
175.15,0.04760257851732762
175.20000000000002,0.039873051386847984
175.25,0.026228272424438412
175.3,0.015451432899676994
175.35000000000002,0.002998839996747702
175.4,-0.014444155690873933
175.45000000000002,-0.030971231122329804
175.5,-0.04393600194087465
175.55,-0.054526976304319456
175.60000000000002,-0.06265319649231049
175.65,-0.07416652799481029
175.70000000000002,-0.0919243130088178
175.75,-0.10431060172374532
175.8,-0.11002920011636527
175.85000000000002,-0.11361048585786086
175.9,-0.1138731133213262
175.95000000000002,-0.10481620750972297
176.0,-0.08781735027319558
176.05,-0.06572967373696736
176.10000000000002,-0.03903156009881035
176.15,-0.016304668372675243
176.20000000000002,-0.003830840679842567
176.25,0.0036197654502785562
176.3,0.020787893620131684
176.35000000000002,0.037934979567098175
176.4,0.04801164795152416
176.45000000000002,0.05277281261956315
176.5,0.04343163401745549
176.55,0.03070698724746479
176.60000000000002,0.023082361902873893
176.65,0.022475149791899848
176.70000000000002,0.02513794295761027
176.75,0.02440164498845169
176.8,0.02894443806773954
176.85000000000002,0.0431081913557553
176.9,0.06152708920736059
176.95000000000002,0.08018061187749463
177.0,0.09445718054369798
177.05,0.1014406670188024
177.10000000000002,0.10470050898240088
177.15,0.11216276997679067
177.20000000000002,0.11963396411372076
177.25,0.11339290063044315
177.3,0.0968479549943387
177.35000000000002,0.07443765998915747
177.4,0.04544137278583525
177.45000000000002,0.015009845790174689
177.5,-0.018099288894431877
177.55,-0.05036909481006699
177.60000000000002,-0.07829873972371085
177.65,-0.10498430141476128
177.70000000000002,-0.11536703798972965
177.75,-0.11636180725769049
177.8,-0.11731353682949419
177.85000000000002,-0.10242955100814952
177.9,-0.08944377500165099
177.95000000000002,-0.0834096312282683
178.0,-0.07286094402295891
178.05,-0.05620589432439081
178.10000000000002,-0.03413146565569498
178.15,-0.01731244812760636
178.20000000000002,3.854109952621152e-05
178.25,0.016938999304181832
178.3,0.02473944211304044
178.35000000000002,0.02062536558263618
178.4,0.009173333349340456
178.45000000000002,0.008045891352807732
178.5,0.015005602280136286
178.55,0.021501745048241115
178.60000000000002,0.02355452094523526
178.65,0.022988298203179245
178.70000000000002,0.02873488749059293
178.75,0.03576894044165299
178.8,0.03910152878530528
178.85000000000002,0.03904086731274923
178.9,0.0353132178432534
178.95000000000002,0.027034876843076733
179.0,0.022073909260877943
179.05,0.02068812354640391
179.10000000000002,0.019799759196358607
179.15,0.02136558270119729
179.20000000000002,0.017796449244501432
179.25,0.009782273619827107
179.3,-0.0029380455255134746
179.35000000000002,-0.013015345341590457
179.4,-0.021759782970848702
179.45000000000002,-0.029454158269981
179.5,-0.021265092687765275
179.55,-0.014043294878411144
179.60000000000002,-0.011914851271202061
179.65,-0.01105243297018968
179.70000000000002,-0.017103891770629532
179.75,-0.02038940808685123
179.8,-0.028762101281177233
179.85000000000002,-0.04002775118123297
179.9,-0.0432592786328506
179.95000000000002,-0.04362060707304468
180.0,-0.04381056887005004
180.05,-0.05103658482599999
180.10000000000002,-0.06064213472680108
180.15,-0.06613518574275017
180.20000000000002,-0.06916059609815495
180.25,-0.06843873088127898
180.3,-0.059880312940034805
180.35000000000002,-0.04184714604229481
180.4,-0.02585284017914767
180.45000000000002,-0.016947850409342876
180.5,-0.017447223124470113
180.55,-0.02123568156563978
180.60000000000002,-0.02415741385047392
180.65,-0.033430330240844394
180.70000000000002,-0.047143810213318274
180.75,-0.062434112698622826
180.8,-0.0705920160028777
180.85000000000002,-0.07005355435141102
180.9,-0.0585523528437121
180.95000000000002,-0.04024667477748569
181.0,-0.029645355460937668
181.05,-0.014427684869456382
181.10000000000002,0.008890543094511077
181.15,0.02997503046659853
181.20000000000002,0.04797576477316699
181.25,0.06305957984174708
181.3,0.07876459522177742
181.35000000000002,0.0967149821686306
181.4,0.11732687513802148
181.45000000000002,0.13186336331030898
181.5,0.13793513499497126
181.55,0.13494566617754417
181.60000000000002,0.11272240022123003
181.65,0.08467568965479945
181.70000000000002,0.060584779147256004
181.75,0.03821930567198583
181.8,0.024398297366166874
181.85000000000002,0.01907634634892856
181.9,0.00892737539210523
181.95000000000002,-0.0076529218886824
182.0,-0.01668067384865402
182.05,-0.018596983780098036
182.10000000000002,-0.013675586467368052
182.15,-0.005751294624156734
182.20000000000002,-0.002067331542194296
182.25,-0.00018375030855085405
182.3,0.009253543436233965
182.35000000000002,0.02677194079264092
182.4,0.034463186565390096
182.45000000000002,0.029596821898210036
182.5,0.011595132806861844
182.55,-0.007451006351519513
182.60000000000002,-0.014028398872439663
182.65,-0.01685026823845123
182.70000000000002,-0.017955896593755977
182.75,-0.014430584193812598
182.8,0.003692477100593695
182.85000000000002,0.022711038356608468
182.9,0.02645285446875496
182.95000000000002,0.028276314702863514
183.0,0.02872554457062143
183.05,0.029204644021098763
183.10000000000002,0.033679438960355454
183.15,0.03509918558291695
183.20000000000002,0.03492119192902431
183.25,0.0345978589227735
183.3,0.03559418820460507
183.35000000000002,0.03803828634230266
183.4,0.038871147943568704
183.45000000000002,0.03326478197147663
183.5,0.02010493286231995
183.55,0.0030604528488299616
183.60000000000002,-0.024083974529308397
183.65,-0.05424619800865893
183.70000000000002,-0.07602876471984575
183.75,-0.08412761621572876
183.8,-0.07964792780717475
183.85000000000002,-0.07353912523072877
183.9,-0.06501485544957603
183.95000000000002,-0.053947059363425705
184.0,-0.034717956909616175
184.05,-0.007893501572873256
184.10000000000002,0.010038119519188617
184.15,0.011245238932067478
184.20000000000002,-0.004440329450205178
184.25,-0.028236121932884734
184.3,-0.054151109833696545
184.35000000000002,-0.06977313138408951
184.4,-0.07000965911237365
184.45000000000002,-0.06820660945370603
184.5,-0.06118610440264565
184.55,-0.043691049683010685
184.60000000000002,-0.017421925008288517
184.65,0.004692029999285316
184.70000000000002,0.018319270658003727
184.75,0.03393628962268594
184.8,0.05002818318826226
184.85000000000002,0.06876927546698826
184.9,0.08193569792174622
184.95000000000002,0.08295350954241748
185.0,0.07667921572033587
185.05,0.0627597206218001
185.10000000000002,0.049187512839247854
185.15,0.039569743914653746
185.20000000000002,0.02951323217292124
185.25,0.015752993701434247
185.3,-0.003872268369028333
185.35000000000002,-0.025817031159740694
185.4,-0.042574122553160704
185.45000000000002,-0.050144219387774205
185.5,-0.04856528113668792
185.55,-0.04450649521130214
185.60000000000002,-0.044613938511217234
185.65,-0.04532948166886782
185.70000000000002,-0.04424910443033771
185.75,-0.04309290702304529
185.8,-0.043198620134027366
185.85000000000002,-0.041886999886894524
185.9,-0.03667558841450759
185.95000000000002,-0.03307875802424297
186.0,-0.03203365879609662
186.05,-0.03066495617691946
186.10000000000002,-0.02864994152596948
186.15,-0.021381412966258978
186.20000000000002,-0.010841376784142773
186.25,-0.003949718164151254
186.3,0.003918277051483636
186.35000000000002,0.015273791447535488
186.4,0.02996613399737763
186.45000000000002,0.05295967420965448
186.5,0.06892312163966219
186.55,0.07296609830360903
186.60000000000002,0.07746925474711357
186.65,0.07426056837789644
186.70000000000002,0.06451714728117368
186.75,0.05616498214192912
186.8,0.050994657057549346
186.85000000000002,0.04558925939198333
186.9,0.04302654721079692
186.95000000000002,0.054357302200644386
187.0,0.06880367031014051
187.05,0.07650590613648706
187.10000000000002,0.07487347750958226
187.15,0.06354143851904792
187.20000000000002,0.05005483971128005
187.25,0.03452845444082829
187.3,0.015654031627449924
187.35000000000002,-0.0007454267992695315
187.4,-0.010454124390332772
187.45000000000002,-0.016341989180371306
187.5,-0.024168420613145142
187.55,-0.03232556035097381
187.60000000000002,-0.0337025153227299
187.65,-0.02865018245590965
187.70000000000002,-0.020147714209945065
187.75,-0.011777224145453399
187.8,-0.012814334633255079
187.85000000000002,-0.02304197098431178
187.9,-0.033868054881096454
187.95000000000002,-0.046289136458621094
188.0,-0.06085986504030086
188.05,-0.07147914521085268
188.10000000000002,-0.07565667011960668
188.15,-0.06873326929487159
188.20000000000002,-0.052084330958077504
188.25,-0.03574035912674631
188.3,-0.015881836000024255
188.35000000000002,0.007400235573234082
188.4,0.02316496791349456
188.45000000000002,0.026117372553930818
188.5,0.02277108151510177
188.55,0.021666427912394322
188.60000000000002,0.01881171726360653
188.65,0.016233018481049015
188.70000000000002,0.013800854763326424
188.75,0.01159654846139515
188.8,0.00937088199205503
188.85000000000002,0.006988794144243662
188.9,0.010515767570955872
188.95000000000002,0.010050940502087682
189.0,0.005499186806274382
189.05,0.002141659982062559
189.10000000000002,-0.001969773177946332
189.15,-0.006600376591591895
189.20000000000002,-0.018846946282570547
189.25,-0.03692775266508653
189.3,-0.055306703369093005
189.35000000000002,-0.07516366677573243
189.4,-0.08688814194344965
189.45000000000002,-0.09106052347249219
189.5,-0.09527900056386267
189.55,-0.0939766450862138
189.60000000000002,-0.08956024605442232
189.65,-0.08047213834178366
189.70000000000002,-0.06861698236468795
189.75,-0.06139546236142148
189.8,-0.056792602127361896
189.85000000000002,-0.05707301269318029
189.9,-0.05697577984605294
189.95000000000002,-0.05500975207947034
190.0,-0.057579762915034575
190.05,-0.058212658079519544
190.10000000000002,-0.052578928916922195
190.15,-0.04188501065373068
190.20000000000002,-0.023550065893353376
190.25,-0.002458553742914728
190.3,0.008484424617976423
190.35000000000002,0.01302291900350748
190.4,0.01824635533833044
190.45000000000002,0.017811526659820005
190.5,0.017377824176355566
190.55,0.019748775884168672
190.60000000000002,0.024148626781993778
190.65,0.0336988399195447
190.70000000000002,0.041397204869673035
190.75,0.044056792405514536
190.8,0.041520907522220214
190.85000000000002,0.03874090661780892
190.9,0.038446760730991555
190.95000000000002,0.03831710562153213
191.0,0.03886192222511164
191.05,0.04179781894693077
191.10000000000002,0.05206001982280103
191.15,0.0650910513395263
191.20000000000002,0.07509318621160026
191.25,0.0810854177198233
191.3,0.080132169500337
191.35000000000002,0.07090786934417365
191.4,0.057343459191721076
191.45000000000002,0.04564517854377637
191.5,0.04252138131768009
191.55,0.048945581656050896
191.60000000000002,0.055730499432113154
191.65,0.05857140280730448
191.70000000000002,0.05271325330854741
191.75,0.037714909468463544
191.8,0.02072797459405193
191.85000000000002,0.00838091299125215
191.9,-0.0011001292738825749
191.95000000000002,-0.011788829726071532
192.0,-0.013313595375495577
192.05,-0.009963114818930916
192.10000000000002,-0.004640172721644579
192.15,0.005144119040976639
192.20000000000002,0.007079705884135345
192.25,0.005245162039633676
192.3,0.011960993304318553
192.35000000000002,0.027102502334392306
192.4,0.04617085268028204
192.45000000000002,0.06924442154277363
192.5,0.09108903288886505
192.55,0.10404813380621282
192.60000000000002,0.10636246836736846
192.65,0.0976677897259744
192.70000000000002,0.07968746612829249
192.75,0.059630381509807054
192.8,0.04210866681608514
192.85000000000002,0.025000273252990327
192.9,0.014295528282896116
192.95000000000002,0.0058281688427911935
193.0,-0.007822410603831893
193.05,-0.0246716677894565
193.10000000000002,-0.045776508427373436
193.15,-0.06711590069354939
193.20000000000002,-0.08597069210233398
193.25,-0.09906498854126206
193.3,-0.1018098200396138
193.35000000000002,-0.09823562638675032
193.4,-0.0925325213164415
193.45000000000002,-0.07911640575220895
193.5,-0.05774164083625247
193.55,-0.03554244909199615
193.60000000000002,-0.01891282859122221
193.65,-0.012367149575620875
193.70000000000002,-0.010493601097583445
193.75,-0.008547768566096667
193.8,-0.004141779374582083
193.85000000000002,-0.0021702778146374052
193.9,-0.008880906543854039
193.95000000000002,-0.01582672023209458
194.0,-0.021722136235365317
194.05,-0.026928699448993003
194.10000000000002,-0.02639666530133393
194.15,-0.023798640505271567
194.20000000000002,-0.016264942445312427
194.25,-0.0009931175173046388
194.3,0.012145092241436296
194.35000000000002,0.017561737484179767
194.4,0.01820704036391695
194.45000000000002,0.015299359809087502
194.5,0.01297384442476745
194.55,0.015326427409517604
194.60000000000002,0.017771310481985315
194.65,0.018289330999968795
194.70000000000002,0.016558178076674104
194.75,0.013495090832438734
194.8,0.01093611694331232
194.85000000000002,0.009294979043184715
194.9,0.012227834706728365
194.95000000000002,0.01556278823121199
195.0,0.014878637336694546
195.05,0.015923373808727378
195.10000000000002,0.015355679692952503
195.15,0.009729894924374892
195.20000000000002,0.004305907642745006
195.25,-0.001284775089278334
195.3,-0.009453443873422234
195.35000000000002,-0.017200095355901873
195.4,-0.01866745988821853
195.45000000000002,-0.017786485267831966
195.5,-0.017437650605474492
195.55,-0.013357575574287508
195.60000000000002,-0.007790848541256412
195.65,-0.005795895268949231
195.70000000000002,-0.011078138891106232
195.75,-0.02545916544283603
195.8,-0.04380858586616393
195.85000000000002,-0.05617997912179888
195.9,-0.06100261719866245
195.95000000000002,-0.058915242262952194
196.0,-0.05164207030584835
196.05,-0.04431431623451726
196.10000000000002,-0.037477564560929724
196.15,-0.03257659132240768
196.20000000000002,-0.026962159238801013
196.25,-0.021508281268373373
196.3,-0.021337740991341118
196.35000000000002,-0.02245318934084773
196.4,-0.024478570851212383
196.45000000000002,-0.025541263806719776
196.5,-0.02423504706971346
196.55,-0.021083046120886587
196.60000000000002,-0.01215021258289225
196.65,-7.599596479651214e-05
196.70000000000002,0.01616417728674732
196.75,0.03370046614800047
196.8,0.04681417663364481
196.85000000000002,0.05905941426658753
196.9,0.07034868140056036
196.95000000000002,0.0763338037756194
197.0,0.07895889029426525
197.05,0.08091388379672282
197.10000000000002,0.07274116765219454
197.15,0.05263400804771756
197.20000000000002,0.03130720462648359
197.25,0.015551028326520071
197.3,0.008004321095969803
197.35000000000002,0.004594165236440708
197.4,0.0008862874483206051
197.45000000000002,-0.005481366675999889
197.5,-0.014667674924928239
197.55,-0.02249659725878263
197.60000000000002,-0.02957029998646643
197.65,-0.03544188272928676
197.70000000000002,-0.04064557500187867
197.75,-0.04439411956011394
197.8,-0.04223203627002815
197.85000000000002,-0.0425874309900491
197.9,-0.04896803401508446
197.95000000000002,-0.05391823181278978
198.0,-0.05591682867637584
198.05,-0.050977537891292904
198.10000000000002,-0.03862962273195571
198.15,-0.02295015240771269
198.20000000000002,-0.0035034013189426025
198.25,0.013573955927388694
198.3,0.02397655519601922
198.35000000000002,0.02868286721042976
198.4,0.032054558148196646
198.45000000000002,0.037304788440678416
198.5,0.04138245367068677
198.55,0.04714846109604992
198.60000000000002,0.0505957862820501
198.65,0.04827485177702614
198.70000000000002,0.04313200506268357
198.75,0.03121624851970229
198.8,0.01751323108834553
198.85000000000002,0.008397315198494792
198.9,0.0013132203678943258
198.95000000000002,-0.003064507688999958
199.0,-0.003307790649286801
199.05,-0.0009235464543074589
199.10000000000002,0.00328861888858277
199.15,0.00625099290699725
199.20000000000002,0.0042569847813386
199.25,-0.0005671214749431947
199.3,-0.006070531937281171
199.35000000000002,-0.012036707827428323
199.4,-0.015087215338748215
199.45000000000002,-0.015271635662004866
199.5,-0.016632014354253863
199.55,-0.018327142221958716
199.60000000000002,-0.01742889021999782
199.65,-0.014114302242346142
199.70000000000002,-0.009958941640095743
199.75,-0.004355509917273435
199.8,0.0010398898154530042
199.85000000000002,0.001967402431455786
199.9,0.001624763444170325
199.95000000000002,0.0031165647178840244
200.0,0.0045415850669641
200.05,0.004471309282112926
200.10000000000002,0.0017720494681754439
200.15,-0.005153489972574854
200.20000000000002,-0.015252637596723831
200.25,-0.019440178253986185
200.3,-0.0148335390147371
200.35000000000002,-0.005979731059672533
200.4,-0.00029073419618004135
200.45000000000002,-0.0026308068898145457
200.5,-0.007434505932206193
200.55,-0.014628917307448005
200.60000000000002,-0.02106677342473915
200.65,-0.022655393292206335
200.70000000000002,-0.02198865265570071
200.75,-0.019178535592378917
200.8,-0.017720924754647926
200.85000000000002,-0.016790799259476255
200.9,-0.01614860127527164
200.95000000000002,-0.017822378888712947
201.0,-0.016275444529689286
201.05,-0.010625370578271348
201.10000000000002,-0.007796781614151763
201.15,-0.01248172129680675
201.20000000000002,-0.022041401202110088
201.25,-0.03096997194633256
201.3,-0.03726173480538769
201.35000000000002,-0.03902934847107946
201.4,-0.03543594068810376
201.45000000000002,-0.031139270697570196
201.5,-0.026680685331562388
201.55,-0.021808786667650577
201.60000000000002,-0.012844168397089732
201.65,0.004662210308968112
201.70000000000002,0.023955837809532712
201.75,0.046228606025964326
201.8,0.0670012973871744
201.85000000000002,0.0785298473864428
201.9,0.08560712219215476
201.95000000000002,0.08972122349496504
202.0,0.09482393573404353
202.05,0.10217645019991879
202.10000000000002,0.11122615227957376
202.15,0.12198207047632977
202.20000000000002,0.12948873634583785
202.25,0.12750630964521315
202.3,0.1129799520020924
202.35000000000002,0.09007851041636715
202.4,0.06534067411011703
202.45000000000002,0.04451377880936728
202.5,0.02756690486146781
202.55,0.013378747441423276
202.60000000000002,0.005344992792956784
202.65,0.0036525069568303444
202.70000000000002,0.0032841549754989005
202.75,0.0015100089995683174
202.8,-0.002916606485656238
202.85000000000002,-0.008860617678264852
202.9,-0.01173863025673945
202.95000000000002,-0.00925656269836768
203.0,-0.003556093838437162
203.05,-0.0020459296841175757
203.10000000000002,-0.007419595332164103
203.15,-0.01927314905113571
203.20000000000002,-0.03397632513199825
203.25,-0.04625663312781124
203.3,-0.05415824729744196
203.35000000000002,-0.05391224121492488
203.4,-0.04799644651006616
203.45000000000002,-0.04078933351808904
203.5,-0.0365825334363182
203.55,-0.03572773668413265
203.60000000000002,-0.033549812745709624
203.65,-0.0342066300169971
203.70000000000002,-0.037118463240881076
203.75,-0.03751213357649676
203.8,-0.036658128794509776
203.85000000000002,-0.030239867313784658
203.9,-0.01808729607193332
203.95000000000002,-0.010111310805031653
204.0,-0.007472440555944484
204.05,-0.008313578911103096
204.10000000000002,-0.015418565641652608
204.15,-0.023797804756249267
204.20000000000002,-0.02730618663716371
204.25,-0.02607126797024719
204.3,-0.023800582622850716
204.35000000000002,-0.022113338592538313
204.4,-0.02181568102847302
204.45000000000002,-0.02608359761808343
204.5,-0.0336447078012253
204.55,-0.03976639903448432
204.60000000000002,-0.04036594163403056
204.65,-0.03679710234907688
204.70000000000002,-0.03213150228838021
204.75,-0.02713183879309589
204.8,-0.018857569732818557
204.85000000000002,-0.005836697196562386
204.9,0.00919812432566699
204.95000000000002,0.023747447553591327
205.0,0.03271368216127364
205.05,0.03432220932969581
205.10000000000002,0.03210815900978976
205.15,0.028749486756414047
205.20000000000002,0.020467301034457035
205.25,0.0042705621925562
205.3,-0.0170836272949396
205.35000000000002,-0.03958460757284386
205.4,-0.05976865653138598
205.45000000000002,-0.07792150402814527
205.5,-0.09269645551726768
205.55,-0.10153037584101901
205.60000000000002,-0.1033545863910042
205.65,-0.09840578173502577
205.70000000000002,-0.08707121981577898
205.75,-0.0719168176279431
205.8,-0.05654354637654048
205.85000000000002,-0.037290167806864005
205.9,-0.015308666488512876
205.95000000000002,0.007124278772350778
206.0,0.03004441250258177
206.05,0.04879120758325183
206.10000000000002,0.06291299732135192
206.15,0.07109253457597595
206.20000000000002,0.07275980376811127
206.25,0.06650371937936973
206.3,0.05026471083677484
206.35000000000002,0.03178543707156857
206.4,0.01953337806869678
206.45000000000002,0.017945735017244918
206.5,0.026341849927773595
206.55,0.03617729298632429
206.60000000000002,0.042417584705668185
206.65,0.04443949378481362
206.70000000000002,0.044315279363951736
206.75,0.04597161951992168
206.8,0.048088475518317464
206.85000000000002,0.05218626275685947
206.9,0.05632796972370206
206.95000000000002,0.05744418457112264
207.0,0.05529964654296207
207.05,0.04695309954705127
207.10000000000002,0.03586271276259221
207.15,0.02445649991204649
207.20000000000002,0.014625336913774751
207.25,0.009367988233231851
207.3,0.0071228039022620294
207.35000000000002,0.004797257241661491
207.4,0.0017849186116304359
207.45000000000002,-0.0035101793343254935
207.5,-0.009986413535493233
207.55,-0.013577052397383419
207.60000000000002,-0.016438312947478363
207.65,-0.016203115616461997
207.70000000000002,-0.0117859474691985
207.75,-0.0034332844478865724
207.8,0.008053751905593114
207.85000000000002,0.018661020626491387
207.9,0.02721903624534166
207.95000000000002,0.03046648903373121
208.0,0.03287208206899896
208.05,0.03474468109678081
208.10000000000002,0.03220320128926164
208.15,0.029294057994417803
208.20000000000002,0.02328747410530945
208.25,0.0165400182552196
208.3,0.014514830680881684
208.35000000000002,0.012017045285315378
208.4,0.008969655845719135
208.45000000000002,0.007264925771406464
208.5,0.006651472047189037
208.55,0.0069395390945360055
208.60000000000002,0.005463078186363373
208.65,0.003633241348595345
208.70000000000002,0.0008323852242831204
208.75,-0.0018889963937995342
208.8,-0.0021820357578202286
208.85000000000002,-0.0023857344238723574
208.9,-0.0023957142354672453
208.95000000000002,-0.004688936006828963
209.0,-0.008577662177402955
209.05,-0.00984109408336805
209.10000000000002,-0.010169041921364442
209.15,-0.012216340868493892
209.20000000000002,-0.016361119574816136
209.25,-0.021336479038175676
209.3,-0.02766831058791672
209.35000000000002,-0.03250631337826567
209.4,-0.03308702351569574
209.45000000000002,-0.032376205531135294
209.5,-0.02966509994886056
209.55,-0.02534022946534695
209.60000000000002,-0.02391993977899862
209.65,-0.028264242831659896
209.70000000000002,-0.036755371831633035
209.75,-0.046475084261975205
209.8,-0.05482097561222217
209.85000000000002,-0.059327900549240205
209.9,-0.06026401928439488
209.95000000000002,-0.05887722329141863
210.0,-0.05630125233153088
210.05,-0.04936644466873421
210.10000000000002,-0.04018486963237903
210.15,-0.03407040926332845
210.20000000000002,-0.02843885702336496
210.25,-0.022516304805601493
210.3,-0.014689172885262058
210.35000000000002,-0.0040518934305097
210.4,0.005266578936750713
210.45000000000002,0.010281595405478159
210.5,0.011470836423124233
210.55,0.012531304266477937
210.60000000000002,0.013196951400124087
210.65,0.012717816621241428
210.70000000000002,0.01125013875303442
210.75,0.005396086987030754
210.8,-0.003830221715475792
210.85000000000002,-0.013049726664094824
210.9,-0.020078095429728934
210.95000000000002,-0.024992294961268143
211.0,-0.02936865529208058
211.05,-0.03128126114051884
211.10000000000002,-0.029137545745578
211.15,-0.02548097016928416
211.20000000000002,-0.02405322621444241
211.25,-0.02256284342370956
211.3,-0.016751884963208463
211.35000000000002,-0.006479534101328748
211.4,0.005611294419850674
211.45000000000002,0.014439206684928315
211.5,0.01831580445364861
211.55,0.01809761053100116
211.60000000000002,0.015105449887807251
211.65,0.010676951921151112
211.70000000000002,0.008867643039296824
211.75,0.013504745582457393
211.8,0.021211397412309967
211.85000000000002,0.030867129248664093
211.9,0.03860135384030576
211.95000000000002,0.04197771354063414
212.0,0.043248417227130936
212.05,0.042297924364863765
212.10000000000002,0.04186094903683623
212.15,0.04180653590010201
212.20000000000002,0.042262139621874015
212.25,0.04185304741218721
212.3,0.03973327576332135
212.35000000000002,0.038921143303367996
212.4,0.03695224341732945
212.45000000000002,0.03290004431400132
212.5,0.028430554731550987
212.55,0.024664238264339097
212.60000000000002,0.022288763167708617
212.65,0.02178030010413218
212.70000000000002,0.023138104981064424
212.75,0.024143550240861157
212.8,0.02519085801978588
212.85000000000002,0.026318489368543717
212.9,0.026629288282115977
212.95000000000002,0.026237341457967793
213.0,0.023842107201128233
213.05,0.02052129034309205
213.10000000000002,0.018307113679165914
213.15,0.01611752143418047
213.20000000000002,0.014724873411272758
213.25,0.014354584761185289
213.3,0.016290234891138854
213.35000000000002,0.021258654518977217
213.4,0.024545268916541345
213.45000000000002,0.028233402568625377
213.5,0.03195529527693597
213.55,0.03416036235766145
213.60000000000002,0.03315865557953935
213.65,0.023828709633647173
213.70000000000002,0.011499772281431028
213.75,-0.0006096422001150996
213.8,-0.009748127051690914
213.85000000000002,-0.01483101255600674
213.9,-0.01917997556779245
213.95000000000002,-0.020781737860068997
214.0,-0.022304588911485148
214.05,-0.02266876344900617
214.10000000000002,-0.018578017547113444
214.15,-0.015007459532105973
214.20000000000002,-0.013610630714723498
214.25,-0.012999628891843447
214.3,-0.013620661049643195
214.35000000000002,-0.017315649596208915
214.4,-0.02256433123746245
214.45000000000002,-0.027800221025174772
214.5,-0.03272229137941662
214.55,-0.031491467702945655
214.60000000000002,-0.026574341170562243
214.65,-0.025569367118305597
214.70000000000002,-0.026729372079587678
214.75,-0.02673148459880937
214.8,-0.024925911218870805
214.85000000000002,-0.0206404461031008
214.9,-0.013687494794909652
214.95000000000002,-0.006848070954457735
215.0,-0.0006642967768088472
215.05,0.0028622640434072494
215.10000000000002,0.002045890318913532
215.15,-0.0004628212243029728
215.20000000000002,-0.005441284352295852
215.25,-0.00973747442939779
215.3,-0.01406437013688864
215.35000000000002,-0.018673442964005874
215.4,-0.02127473873267378
215.45000000000002,-0.026851711483971658
215.5,-0.03397508007173008
215.55,-0.039260296420222524
215.60000000000002,-0.04244688839121474
215.65,-0.04722622529541007
215.70000000000002,-0.05176073147647782
215.75,-0.050759602896701526
215.8,-0.048206927502048684
215.85000000000002,-0.044372349566220416
215.9,-0.039623553204673735
215.95000000000002,-0.03454181344645478
216.0,-0.02775664013637107
216.05,-0.022104297409857327
216.10000000000002,-0.01739991215203963
216.15,-0.013700915110530986
216.20000000000002,-0.011989842484716112
216.25,-0.01116300630778066
216.3,-0.01137937330514828
216.35000000000002,-0.011709626896321471
216.4,-0.01256203849234964
216.45000000000002,-0.014643909013284861
216.5,-0.014586737215121812
216.55,-0.012678334071643795
216.60000000000002,-0.010172234817786377
216.65,-0.004129921561387376
216.70000000000002,0.003928956920344655
216.75,0.011808955228295727
216.8,0.018598296449707136
216.85000000000002,0.022092434352141064
216.9,0.022853745886523443
216.95000000000002,0.021999954493112546
217.0,0.01978950531778656
217.05,0.01422654908851165
217.10000000000002,0.006502344744050453
217.15,0.001669657103892479
217.20000000000002,-0.0001608306426841681
217.25,-0.00141565514110658
217.3,-0.00043574855095526965
217.35000000000002,0.006143210256176074
217.4,0.016578887665625743
217.45000000000002,0.027499330571414512
217.5,0.037584491930027025
217.55,0.04561026697988571
217.60000000000002,0.04934410549659742
217.65,0.05088136808730488
217.70000000000002,0.053443512301235216
217.75,0.053671889749203075
217.8,0.05274375453440622
217.85000000000002,0.05194840977055724
217.9,0.04997490987766483
217.95000000000002,0.05054262997451935
218.0,0.051722250335138456
218.05,0.05338494570527174
218.10000000000002,0.05715616488665121
218.15,0.05873043719574717
218.20000000000002,0.057477514246676374
218.25,0.053594912618974574
218.3,0.046844556021628334
218.35000000000002,0.03760674072189366
218.4,0.026889939911475983
218.45000000000002,0.017707611705089703
218.5,0.012051462676154262
218.55,0.011045515942067758
218.60000000000002,0.013841723559116389
218.65,0.01601835936471527
218.70000000000002,0.016636334893026596
218.75,0.01621880730120379
218.8,0.014995504188738778
218.85000000000002,0.013109314894485673
218.9,0.008544775854012678
218.95000000000002,0.003362223482258995
219.0,-0.00317644120098706
219.05,-0.01211185038468355
219.10000000000002,-0.02355322452265709
219.15,-0.03764129746137019
219.20000000000002,-0.05114831503757094
219.25,-0.06321917012119366
219.3,-0.07142586032640659
219.35000000000002,-0.07529144402562066
219.4,-0.07528439623785022
219.45000000000002,-0.07230037975003688
219.5,-0.06961400691547577
219.55,-0.0690180348096533
219.60000000000002,-0.07308606434177338
219.65,-0.07979626623979869
219.70000000000002,-0.08442431689965695
219.75,-0.08332646886614584
219.8,-0.07543261012298313
219.85000000000002,-0.06380235122086625
219.9,-0.04870036757877186
219.95000000000002,-0.033981819108440676
220.0,-0.02250252351720397
220.05,-0.010678253896364748
220.10000000000002,-0.001075598492763215
220.15,0.006479865601510617
220.20000000000002,0.013344684043868956
220.25,0.019448873288925375
220.3,0.027589516450816344
220.35000000000002,0.03235747362306615
220.4,0.03188997139497575
220.45000000000002,0.031222282785043045
220.5,0.03061777408598508
220.55,0.029098163649729333
220.60000000000002,0.027862431502965364
220.65,0.026923934332070684
220.70000000000002,0.024681816161383482
220.75,0.022853286223688374
220.8,0.021594564451121137
220.85000000000002,0.0195793160394994
220.9,0.018740445207655856
220.95000000000002,0.019197055031600196
221.0,0.020024787534652633
221.05,0.021880582632235933
221.10000000000002,0.025498413829270535
221.15,0.029551944370411237
221.20000000000002,0.030405217088495785
221.25,0.026307506658294292
221.3,0.01704386522687418
221.35000000000002,0.00675736856965859
221.4,-0.00030176102379645797
221.45000000000002,-0.007859824304908978
221.5,-0.013953810714715622
221.55,-0.015196981988605581
221.60000000000002,-0.015973232154596607
221.65,-0.01792474566326465
221.70000000000002,-0.022524233259857238
221.75,-0.02995933942506151
221.8,-0.03604637962818743
221.85000000000002,-0.03747845778291338
221.9,-0.0345342624167648
221.95000000000002,-0.029402226720566648
222.0,-0.02142612920070004
222.05,-0.009169605349540904
222.10000000000002,0.005221626085958147
222.15,0.01757374925273104
222.20000000000002,0.024836943015486956
222.25,0.02621848125845178
222.3,0.02426120906877696
222.35000000000002,0.021729967842567508
222.4,0.020029596689741927
222.45000000000002,0.019774984119896085
222.5,0.020086556923385828
222.55,0.01719456384031223
222.60000000000002,0.010488346707438811
222.65,0.0034351461537116272
222.70000000000002,-0.003341754894274302
222.75,-0.008104883432048734
222.8,-0.011444596278365547
222.85000000000002,-0.012749521540962084
222.9,-0.012742378362085301
222.95000000000002,-0.014851882712881173
223.0,-0.0161024245583129
223.05,-0.01734138391977498
223.10000000000002,-0.02091900637470809
223.15,-0.023805763888389033
223.20000000000002,-0.023387413720229216
223.25,-0.020596781306858287
223.3,-0.014157918642934256
223.35000000000002,-0.002845301850780577
223.4,0.009551676679593874
223.45000000000002,0.02144749591220687
223.5,0.03262713820905796
223.55,0.04265708771393833
223.60000000000002,0.05140776108356074
223.65,0.05795402203542307
223.70000000000002,0.06205003264748026
223.75,0.06306618399563924
223.8,0.06101154769729598
223.85000000000002,0.05595472023965709
223.9,0.049573607386580634
223.95000000000002,0.044144878027560126
224.0,0.03821045071196895
224.05,0.03203290267157429
224.10000000000002,0.026489681626062887
224.15,0.02050647252833669
224.20000000000002,0.013229556904943773
224.25,0.007294856461038212
224.3,0.005712957703274957
224.35000000000002,0.007170037075556298
224.4,0.009107120767283296
224.45000000000002,0.008439302401392481
224.5,0.004594384908676672
224.55,-0.002482300377527691
224.60000000000002,-0.011193392656650135
224.65,-0.018024084357409233
224.70000000000002,-0.02228251424602416
224.75,-0.02652415472211533
224.8,-0.032305836829955525
224.85000000000002,-0.03701825149403718
224.9,-0.04127491216323468
224.95000000000002,-0.04445258551487459
225.0,-0.04587411366756839
225.05,-0.047406561361873954
225.10000000000002,-0.04914801130726847
225.15,-0.05169796665037963
225.20000000000002,-0.05160604119207219
225.25,-0.04802559736666734
225.3,-0.04215980158194883
225.35000000000002,-0.03304576257585485
225.4,-0.022089033667565858
225.45000000000002,-0.010232262482430036
225.5,9.935002704330355e-05
225.55,0.007145197722992414
225.60000000000002,0.009337961189776289
225.65,0.005557820003607367
225.70000000000002,-4.24166273386048e-05
225.75,-0.0033673634416976927
225.8,-0.004166331464305796
225.85000000000002,-0.00570628359590155
225.9,-0.008826209216689177
225.95000000000002,-0.012604518898757636
226.0,-0.017046831265407902
226.05,-0.019690173532124523
226.10000000000002,-0.020284548766054292
226.15,-0.019107291586788283
226.20000000000002,-0.01645184245791198
226.25,-0.013701321780758257
226.3,-0.012133802380291325
226.35000000000002,-0.01268280379073089
226.4,-0.011898608945618798
226.45000000000002,-0.009019986881088836
226.5,-0.0055477044648804584
226.55,-0.0005594576710530078
226.60000000000002,0.004507716597692078
226.65,0.009980160915440094
226.70000000000002,0.016865619503674427
226.75,0.02327395766909459
226.8,0.02665535005373889
226.85000000000002,0.025523041287331148
226.9,0.023453512270491632
226.95000000000002,0.0216477954161538
227.0,0.01694469728363222
227.05,0.010983644539885394
227.10000000000002,0.005053209161405321
227.15,-0.0014089540134594766
227.20000000000002,-0.005413221604430547
227.25,-0.006229868094989925
227.3,-0.00629946790317602
227.35000000000002,-0.006897280973856648
227.4,-0.00791195512476702
227.45000000000002,-0.007570304580644497
227.5,-0.007516652915735764
227.55,-0.00953538589631622
227.60000000000002,-0.011891835789041717
227.65,-0.013469708379038586
227.70000000000002,-0.012204491269025121
227.75,-0.009743311583434687
227.8,-0.009853133131628236
227.85000000000002,-0.011779023676941672
227.9,-0.013507596020625894
227.95000000000002,-0.012475720994839533
228.0,-0.007918664371726938
228.05,-0.0020823221908297883
228.10000000000002,0.0030640307501656086
228.15,0.0066443014275792914
228.20000000000002,0.009453333678356608
228.25,0.01153103698239803
228.3,0.012939729688919634
228.35000000000002,0.013745230647119662
228.4,0.013958733524209538
228.45000000000002,0.014808568365076543
228.5,0.018641457984385296
228.55,0.025549828691119658
228.60000000000002,0.03098375580259647
228.65,0.03529617852505267
228.70000000000002,0.03958446373323691
228.75,0.04380937538736815
228.8,0.04990514787242568
228.85000000000002,0.0568955294280919
228.9,0.06289036381661943
228.95000000000002,0.06786021555652073
229.0,0.07153124041403122
229.05,0.07035564771040387
229.10000000000002,0.0663320951969251
229.15,0.06159930183023701
229.20000000000002,0.05397227678276069
229.25,0.04345799664106851
229.3,0.02881198498036083
229.35000000000002,0.012926491702832589
229.4,-0.0014869133058754288
229.45000000000002,-0.012909286929282003
229.5,-0.020194950921589183
229.55,-0.02695612793158027
229.60000000000002,-0.03335111531924728
229.65,-0.040511640041926575
229.70000000000002,-0.04704691485820181
229.75,-0.04972784035525822
229.8,-0.05293977890665437
229.85000000000002,-0.05773181907599118
229.9,-0.060954694859542975
229.95000000000002,-0.0617106336522526
230.0,-0.06156344893474085
230.05,-0.0610334924730964
230.10000000000002,-0.05835880720615058
230.15,-0.053905674733759755
230.20000000000002,-0.04833100381612857
230.25,-0.04009483190726905
230.3,-0.02961596009386358
230.35000000000002,-0.019859512486813943
230.4,-0.01138785080636298
230.45000000000002,-0.004461502037812749
230.5,0.0017507904303524736
230.55,0.008687452857485194
230.60000000000002,0.014023451254525412
230.65,0.018787534172323848
230.70000000000002,0.024546989609754568
230.75,0.029445995701643926
230.8,0.03201040081802941
230.85000000000002,0.030444613116472452
230.9,0.026750819482841515
230.95000000000002,0.022152464701228784
231.0,0.01728683651064883
231.05,0.015137260386093867
231.10000000000002,0.013380120233336042
231.15,0.011975510195524173
231.20000000000002,0.0133773274319589
231.25,0.01649450559244923
231.3,0.020086814300640354
231.35000000000002,0.02298405594588757
231.4,0.024018135686397445
231.45000000000002,0.020768807606049454
231.5,0.013727713418221911
231.55,0.006941966643442927
231.60000000000002,0.0019403706038285656
231.65,-0.001583079778993437
231.70000000000002,-0.005350413080043438
231.75,-0.012323203465912577
231.8,-0.021260467656907776
231.85000000000002,-0.029623547662740665
231.9,-0.03812251836869541
231.95000000000002,-0.04511371369528246
232.0,-0.0484625492053316
232.05,-0.04953108293403165
232.10000000000002,-0.04859799304501466
232.15,-0.04474862933688825
232.20000000000002,-0.038673449006609545
232.25,-0.031233083093128028
232.3,-0.023582991591517232
232.35000000000002,-0.01619933338215626
232.4,-0.00864016086075609
232.45000000000002,-0.002776646830954969
232.5,0.0009213555899716752
232.55,0.003772583887166479
232.60000000000002,0.007282058524721203
232.65,0.012101123634549254
232.70000000000002,0.016265468881207064
232.75,0.01953774692377174
232.8,0.021627387235317715
232.85000000000002,0.022551255250899554
232.9,0.021809388288156456
232.95000000000002,0.01843611800951633
233.0,0.014416879065128254
233.05,0.010058464626295715
233.10000000000002,0.005670468741495634
233.15,0.0013755024156379744
233.20000000000002,-0.00354559564385118
233.25,-0.009206920268478566
233.3,-0.01613294834080385
233.35000000000002,-0.023488157171526514
233.4,-0.030127488475299124
233.45000000000002,-0.03495840836956823
233.5,-0.037971062384149386
233.55,-0.039037245249315004
233.60000000000002,-0.03891254353701805
233.65,-0.040588632919769135
233.70000000000002,-0.04362287442292213
233.75,-0.04486103368125508
233.8,-0.04311044458855009
233.85000000000002,-0.03904966953116355
233.9,-0.033421001376608084
233.95000000000002,-0.026806364640361006
234.0,-0.019409519433662925
234.05,-0.011191921572276858
234.10000000000002,-0.0017907865100843612
234.15,0.007649601901519415
234.20000000000002,0.014765018093766069
234.25,0.02082653860411078
234.3,0.02652678131451705
234.35000000000002,0.029096031932611018
234.4,0.030481855770810088
234.45000000000002,0.033020486289684604
234.5,0.03557742083622913
234.55,0.03896571313290292
234.60000000000002,0.04197101800877988
234.65,0.043227019487224565
234.70000000000002,0.045226101739851345
234.75,0.0484045372653239
234.8,0.051321766039464214
234.85000000000002,0.055393785629614264
234.9,0.059335497114100653
234.95000000000002,0.060398151517748064
235.0,0.05785548921122952
235.05,0.05256534636953991
235.10000000000002,0.0457966370541589
235.15,0.0367915768281345
235.20000000000002,0.028584552260413225
235.25,0.022782015972729257
235.3,0.019717255074232862
235.35000000000002,0.020089114875084767
235.4,0.02203610701778196
235.45000000000002,0.024874660296814743
235.5,0.027627070781037485
235.55,0.031108423476677822
235.60000000000002,0.03497128750879961
235.65,0.03773512927020633
235.70000000000002,0.040180011142680785
235.75,0.04077497298949846
235.8,0.03758217314968528
235.85000000000002,0.031995139325271496
235.9,0.025756151748669485
235.95000000000002,0.019572432339114355
236.0,0.012588812058703422
236.05,0.004899040043084457
236.10000000000002,-0.0005829899042590005
236.15,-0.0034827056635125773
236.20000000000002,-0.0051517975515595555
236.25,-0.007188464681225765
236.3,-0.010232882848215089
236.35000000000002,-0.01391398079913572
236.4,-0.018669543702355424
236.45000000000002,-0.023173276789303723
236.5,-0.02624034655335983
236.55,-0.027139718441195802
236.60000000000002,-0.02714744251043367
236.65,-0.0279499481519783
236.70000000000002,-0.028860314662743938
236.75,-0.029221032015265776
236.8,-0.026880127752197572
236.85000000000002,-0.02265423753407024
236.9,-0.019399994893667283
236.95000000000002,-0.01768121780582325
237.0,-0.01636837320416404
237.05,-0.013710049928704922
237.10000000000002,-0.00985827365186841
237.15,-0.005032295897455022
237.20000000000002,-0.0009339188444599159
237.25,0.000742062567107859
237.3,0.00016858241656783504
237.35000000000002,-0.0019940055643567064
237.4,-0.0038703065706001305
237.45000000000002,-0.005512172143546854
237.5,-0.007289389442180855
237.55,-0.009103934184170992
237.60000000000002,-0.011485254201744021
237.65,-0.01412662306397759
237.70000000000002,-0.017714347731823565
237.75,-0.023582516050019833
237.8,-0.030126012802313196
237.85000000000002,-0.03443714236055893
237.9,-0.036684662309017
237.95000000000002,-0.0375653581298753
238.0,-0.038890202035851126
238.05,-0.04167390939296001
238.10000000000002,-0.04488418645483223
238.15,-0.04796914643124229
238.20000000000002,-0.04854838999356604
238.25,-0.04754277048482058
238.3,-0.046485906844799446
238.35000000000002,-0.045120022096908005
238.4,-0.044548735625413165
238.45000000000002,-0.04380764896683662
238.5,-0.042176066720128004
238.55,-0.04044945856398262
238.60000000000002,-0.039159273330939985
238.65,-0.03766463808976397
238.70000000000002,-0.034704201992958046
238.75,-0.02952153339773241
238.8,-0.022781124535453588
238.85000000000002,-0.01575043052491543
238.9,-0.010022547123552404
238.95000000000002,-0.007524614654576103
239.0,-0.008004408387132421
239.05,-0.010548609188190767
239.10000000000002,-0.014178066609324339
239.15,-0.01815873642991331
239.20000000000002,-0.02105696374747798
239.25,-0.02164498307086921
239.3,-0.020772144852114018
239.35000000000002,-0.017724708343550503
239.4,-0.011865966087909045
239.45000000000002,-0.0033505596018059787
239.5,0.006928743860999609
239.55,0.017294130325392672
239.60000000000002,0.02726811551045048
239.65,0.03555035118606974
239.70000000000002,0.042376966722832275
239.75,0.04714231867096862
239.8,0.048247023400007444
239.85000000000002,0.04774520892844222
239.9,0.04536387381053196
239.95000000000002,0.040631826967242456
240.0,0.03472290135502914
240.05,0.027894222553835522
240.10000000000002,0.02153251212669113
240.15,0.014904652552719895
240.20000000000002,0.008118594461777115
240.25,0.003065972662119103
240.3,8.798735663823668e-06
240.35000000000002,0.0001362898683540226
240.4,0.00225380661080132
240.45000000000002,0.004756324133778034
240.5,0.00787362347613148
240.55,0.00998806543893488
240.60000000000002,0.010511460782736879
240.65,0.010308757185506962
240.70000000000002,0.01046479456153762
240.75,0.012406859069711503
240.8,0.016686845257407067
240.85000000000002,0.023236168536512072
240.9,0.031989040328507315
240.95000000000002,0.03960291985578353
241.0,0.042706548322585296
241.05,0.04204858078412236
241.10000000000002,0.040149449256774536
241.15,0.03919413221757281
241.20000000000002,0.039010361842923044
241.25,0.0401618899109908
241.3,0.04335742683244588
241.35000000000002,0.0490325570748463
241.4,0.05530483624715368
241.45000000000002,0.05895002223567556
241.5,0.06146745356166855
241.55,0.06287671026655008
241.60000000000002,0.06260140426523532
241.65,0.06243989123079973
241.70000000000002,0.06194953254976045
241.75,0.0596092087845713
241.8,0.05609956827253761
241.85000000000002,0.05238137873844551
241.9,0.04761841026631845
241.95000000000002,0.042933894205705175
242.0,0.03805814304338316
242.05,0.03164929221878113
242.10000000000002,0.024264712399516348
242.15,0.015038742669294806
242.20000000000002,0.004803968989931216
242.25,-0.0054144404471931406
242.3,-0.01576363771060228
242.35000000000002,-0.02570027235303874
242.4,-0.035669832744405515
242.45000000000002,-0.04488386434829467
242.5,-0.05210571647206601
242.55,-0.058167453447081775
242.60000000000002,-0.06324074933359822
242.65,-0.0673067952136349
242.70000000000002,-0.07041751433603076
242.75,-0.07248126729593936
242.8,-0.07399257406836486
242.85000000000002,-0.0748555943106763
242.9,-0.07593881368749869
242.95000000000002,-0.0773494817468772
243.0,-0.07750920356854078
243.05,-0.07480316785787024
243.10000000000002,-0.06911382402416642
243.15,-0.06284963630883786
243.20000000000002,-0.056912002772736225
243.25,-0.05147189811647331
243.3,-0.04784390107998757
243.35000000000002,-0.04509109516766081
243.4,-0.041498519181864466
243.45000000000002,-0.03533020141717332
243.5,-0.02608831558356145
243.55,-0.017157548403383127
243.60000000000002,-0.008802007196706907
243.65,-0.0003683926740512422
243.70000000000002,0.005624895495267852
243.75,0.009504815676363455
243.8,0.012219502181343664
243.85000000000002,0.014229675787845196
243.9,0.016225760428029656
243.95000000000002,0.017485658061247196
244.0,0.018087025571171443
244.05,0.0189948134410174
244.10000000000002,0.021122151087372164
244.15,0.02515246832943462
244.20000000000002,0.029463078520199634
244.25,0.033109196206142166
244.3,0.03584354579406001
244.35000000000002,0.03618350806962628
244.4,0.034869247204040874
244.45000000000002,0.03237901359290755
244.5,0.029586033921386933
244.55,0.027639458596265334
244.60000000000002,0.024931322451184772
244.65,0.020461530620300882
244.70000000000002,0.015025583000233694
244.75,0.009124151183217778
244.8,0.002234756851262051
244.85000000000002,-0.004835889506492726
244.9,-0.009684370469171456
244.95000000000002,-0.010877195033601647
245.0,-0.009454362546149375
245.05,-0.006579825225536909
245.10000000000002,-0.003719366714981575
245.15,-0.0038388311903857367
245.20000000000002,-0.006639919644364388
245.25,-0.010887317482878786
245.3,-0.015054379650090596
245.35000000000002,-0.016144510197539704
245.4,-0.014762801774936088
245.45000000000002,-0.012373624679974932
245.5,-0.010379019919587285
245.55,-0.009858884498985037
245.60000000000002,-0.01093999281711078
245.65,-0.013002587907700005
245.70000000000002,-0.013758774503783773
245.75,-0.014014621852487608
245.8,-0.01280301455179648
245.85000000000002,-0.009334714097792404
245.9,-0.006048205621595732
245.95000000000002,-0.001979170073767543
246.0,0.00371205814043253
246.05,0.010267740820839222
246.10000000000002,0.0152648059574844
246.15,0.01890284115663357
246.20000000000002,0.02223231125866503
246.25,0.023294453818512594
246.3,0.023126430777680246
246.35000000000002,0.02205739290592615
246.4,0.01974489586712974
246.45000000000002,0.016125920146980832
246.5,0.010820907882206849
246.55,0.0056779862999179745
246.60000000000002,0.0009485789769124418
246.65,-0.00331197569886922
246.70000000000002,-0.0063221172729959006
246.75,-0.007408831838070047
246.8,-0.005417991662423156
246.85000000000002,-0.0015408032649637097
246.9,0.002670168645060411
246.95000000000002,0.0082556058289482
247.0,0.01588362690960444
247.05,0.02361229936800359
247.10000000000002,0.029119424149675114
247.15,0.03122430763599267
247.20000000000002,0.031225352287872404
247.25,0.031077852023147712
247.3,0.031150201435631485
247.35000000000002,0.031101383274639127
247.4,0.030423007801847125
247.45000000000002,0.02939033274192338
247.5,0.02835705189330147
247.55,0.026624996033665825
247.60000000000002,0.022558983644908662
247.65,0.016909087933205266
247.70000000000002,0.01098002849881176
247.75,0.004579965595987459
247.8,-0.0016117543367239783
247.85000000000002,-0.007972549994121019
247.9,-0.014447747767348274
247.95000000000002,-0.019708109732987967
248.0,-0.023868434103868148
248.05,-0.027962323307359427
248.10000000000002,-0.03236998976109456
248.15,-0.03645269446404662
248.20000000000002,-0.03958990498902361
248.25,-0.04178926484632182
248.3,-0.042707561198253134
248.35000000000002,-0.04283214656791088
248.4,-0.04416654161474636
248.45000000000002,-0.046812926108625044
248.5,-0.048793560120158085
248.55,-0.0498968823888246
248.60000000000002,-0.05085884888345423
248.65,-0.05062402344624658
248.70000000000002,-0.04904106810417574
248.75,-0.047858582872712885
248.8,-0.04782232405441963
248.85000000000002,-0.048354462691082616
248.9,-0.048564130875773125
248.95000000000002,-0.04742319946127941
249.0,-0.044550624497496284
249.05,-0.04004857496840818
249.10000000000002,-0.03395058921607099
249.15,-0.026243284630497268
249.20000000000002,-0.016677974571175903
249.25,-0.005734293981361843
249.3,0.005532467916985461
249.35000000000002,0.015737176056178703
249.4,0.024173294712795352
249.45000000000002,0.0326554009972696
249.5,0.04285870996526766
249.55,0.053264325632058525
249.60000000000002,0.06178540050240005
249.65,0.06707951497927393
249.70000000000002,0.06795761627628356
249.75,0.06582459601185169
249.8,0.06281716786952617
249.85000000000002,0.060265988439100346
249.9,0.059176069277832935
249.95000000000002,0.05860275972670404
250.0,0.057245650666392575
250.05,0.054846391693415944
250.10000000000002,0.05162984430019081
250.15,0.048200436063681844
250.20000000000002,0.045741748738634354
250.25,0.04444152275562186
250.3,0.043756374084581585
250.35000000000002,0.04350357631011175
250.4,0.04200454083345654
250.45000000000002,0.03876630092095169
250.5,0.03507957578352726
250.55,0.03069720387324223
250.60000000000002,0.024641599432050895
250.65,0.017646030488749905
250.70000000000002,0.011020117905920796
250.75,0.004208557397130809
250.8,-0.003021814721167135
250.85000000000002,-0.01041184637263658
250.9,-0.018509143337897938
250.95000000000002,-0.02668479348761633
251.0,-0.03340858829816232
251.05,-0.038681196811342834
251.10000000000002,-0.04360347544364992
251.15,-0.049059186306147036
251.20000000000002,-0.054848014364705266
251.25,-0.06035506306420575
251.3,-0.06593326475697106
251.35000000000002,-0.07010144345678482
251.4,-0.07105558217391006
251.45000000000002,-0.06949877254332014
251.5,-0.06604516850591705
251.55,-0.06194340576708636
251.60000000000002,-0.05861509803437372
251.65,-0.05537883203217597
251.70000000000002,-0.05105527630003151
251.75,-0.045966564094279655
251.8,-0.04116945481622332
251.85000000000002,-0.036343201403966
251.9,-0.03170909799245759
251.95000000000002,-0.028140428513907644
252.0,-0.024693876698373786
252.05,-0.02102839422636324
252.10000000000002,-0.01659424269238726
252.15,-0.011219152493351736
252.20000000000002,-0.0068934111278416005
252.25,-0.004193383994139735
252.3,-0.003446829016975607
252.35000000000002,-0.0032216293781822344
252.4,-0.0015184202017167472
252.45000000000002,0.0008602236613150107
252.5,0.004110365795884984
252.55,0.008815338209883339
252.60000000000002,0.015125679172427586
252.65,0.02257215060443199
252.70000000000002,0.029950187015675905
252.75,0.036535632302326045
252.8,0.04033606755914942
252.85000000000002,0.039848587236514986
252.9,0.0360129615805065
252.95000000000002,0.031247310807887122
253.0,0.029379474799836283
253.05,0.03151588893241939
253.10000000000002,0.03572014215256839
253.15,0.040532030906215044
253.20000000000002,0.04401443830172817
253.25,0.04522258292555175
253.3,0.045820332606377766
253.35000000000002,0.04739101701314304
253.4,0.048655799443568536
253.45000000000002,0.048901690607338934
253.5,0.0492701177066337
253.55,0.04921055856925201
253.60000000000002,0.04912350880858108
253.65,0.04986816454890005
253.70000000000002,0.05143043438757408
253.75,0.05372199236799813
253.8,0.05648503606870745
253.85000000000002,0.059575211688018256
253.9,0.06118422936828403
253.95000000000002,0.06056476659874231
254.0,0.05801646220864442
254.05,0.05415899556647084
254.10000000000002,0.04900417703533224
254.15,0.04226268361530697
254.20000000000002,0.035837160022162425
254.25,0.029616161630560616
254.3,0.022679386878472298
254.35000000000002,0.014666081726388641
254.4,0.00574772781383434
254.45000000000002,-0.0037256134861203927
254.5,-0.013523632582250072
254.55,-0.021796203307617928
254.60000000000002,-0.0282920039456572
254.65,-0.03325763089808533
254.70000000000002,-0.03614832917163461
254.75,-0.03699009363158428
254.8,-0.03674032805418244
254.85000000000002,-0.03639635127269599
254.9,-0.03592672509327897
254.95000000000002,-0.03531751610690539
255.0,-0.033920307614554085
255.05,-0.03193125256221791
255.10000000000002,-0.030530434918676023
255.15,-0.029210890103535583
255.20000000000002,-0.027198831975103834
255.25,-0.025990172749175162
255.3,-0.027166958686377623
255.35000000000002,-0.030326555577940652
255.4,-0.034289682080884815
255.45000000000002,-0.03855355129788464
255.5,-0.043677741096177294
255.55,-0.04944098014534338
255.60000000000002,-0.05638392911895457
255.65,-0.06544221862679359
255.70000000000002,-0.07499464577554904
255.75,-0.08283244373682402
255.8,-0.08731409168956188
255.85000000000002,-0.08807192686677982
255.9,-0.08682800485753414
255.95000000000002,-0.08487998951193478
256.0,-0.08254790871802005
256.05,-0.0802407254529226
256.1,-0.07744929320366815
256.15000000000003,-0.07283949720936003
256.2,-0.06553171956017204
256.25,-0.05646924358167711
256.3,-0.046723505638051104
256.35,-0.03670274585941067
256.40000000000003,-0.02724589133974741
256.45,-0.018284965681337417
256.5,-0.009447355128444343
256.55,-0.0015264581601996422
256.6,0.005158438530390836
256.65000000000003,0.011394539062339093
256.7,0.016075413386338864
256.75,0.018589751861873158
256.8,0.019738770128539782
256.85,0.019528133859895158
256.90000000000003,0.018796177503902046
256.95,0.018105314532985677
257.0,0.01782537401181201
257.05,0.01878908981082935
257.1,0.021093170967801243
257.15000000000003,0.024468064737862234
257.2,0.02912953240046943
257.25,0.03438783490063177
257.3,0.0380839837013139
257.35,0.039396579988549583
257.40000000000003,0.03939365814677865
257.45,0.03899758692777597
257.5,0.03960344231784521
257.55,0.04152782240377505
257.6,0.043822564946173405
257.65000000000003,0.045879855984696516
257.7,0.0468558751866092
257.75,0.04889571973205278
257.8,0.051932207496736375
257.85,0.053672571057006985
257.90000000000003,0.055334690523923556
257.95,0.05597248771695435
258.0,0.054463403687411975
258.05,0.05205332240470206
258.1,0.049730411064800736
258.15000000000003,0.048173297157960385
258.2,0.047225836505787856
258.25,0.04774452899790245
258.3,0.04968177220349882
258.35,0.05156693222742607
258.40000000000003,0.05276834254934469
258.45,0.05195402434781148
258.5,0.04882845343595445
258.55,0.04424881163866659
258.6,0.039049867951309374
258.65000000000003,0.03325963226151044
258.7,0.02663018982353804
258.75,0.01990105920139326
258.8,0.012808213206341373
258.85,0.005577138285601401
258.90000000000003,-0.0010876700086766592
258.95,-0.007008350966291046
259.0,-0.01161067102703997
259.05,-0.01458581588158989
259.1,-0.015426785627096885
259.15000000000003,-0.014467653536426602
259.2,-0.01304953920789658
259.25,-0.011062523009132524
259.3,-0.00820410162754755
259.35,-0.00548205154186065
259.40000000000003,-0.0032878781694358
259.45,-0.0019381547562842209
259.5,-0.0017683636657864286
259.55,-0.0021825765986221175
259.6,-0.0033993253675358576
259.65000000000003,-0.0057379866408434465
259.7,-0.009286835220812868
259.75,-0.013395319706545
259.8,-0.01764749219142684
259.85,-0.02205739440419697
259.90000000000003,-0.0257370694128924
259.95,-0.029280414133153614
260.0,-0.032368821932425615
260.05,-0.03495680604790418
260.1,-0.038146685710089716
260.15000000000003,-0.042062447201472654
260.2,-0.046360269190902775
260.25,-0.049528913717205775
260.3,-0.05136251801375983
260.35,-0.05184570213073237
260.40000000000003,-0.050869943626816246
260.45,-0.049777059062535337
260.5,-0.049092302955074114
260.55,-0.04874496514330952
260.6,-0.04879739266552179
260.65000000000003,-0.04779085931926367
260.7,-0.045019469727384825
260.75,-0.04136562824379907
260.8,-0.03728384866300681
260.85,-0.03440236144429966
260.90000000000003,-0.03239343175307115
260.95,-0.030107160130783753
261.0,-0.028109403187572966
261.05,-0.02596597442185626
261.1,-0.02340165604224514
261.15000000000003,-0.020112516136652315
261.2,-0.01579882325565403
261.25,-0.010872358793803723
261.3,-0.005374439280376732
261.35,0.0009750619118161977
261.40000000000003,0.007128486252738781
261.45,0.012474468949047936
261.5,0.017356868016227735
261.55,0.020996246397056044
261.6,0.023363199090812928
261.65000000000003,0.02526869296992449
261.7,0.02772818591985392
261.75,0.03060792901352986
261.8,0.03326855062409985
261.85,0.03624719913398803
261.90000000000003,0.039604813069303996
261.95,0.0429548337088775
262.0,0.04490856010290082
262.05,0.04423276017317217
262.1,0.0410633065548949
262.15000000000003,0.036388348322274645
262.2,0.03171426342758646
262.25,0.02681346414944687
262.3,0.021836529695830026
262.35,0.017934080758938906
262.40000000000003,0.01465863221201037
262.45,0.012005994490283412
262.5,0.008997847664851252
262.55,0.004646767536881621
262.6,0.0005354645215913085
262.65000000000003,-0.0026392424498377616
262.7,-0.004618928350109561
262.75,-0.00551843331449183
262.8,-0.005679498024938459
262.85,-0.004356283287296594
262.90000000000003,-0.0018240011450293353
262.95,0.0003087471974941536
263.0,0.0013143491739973617
263.05,0.0024463666657946544
263.1,0.004431028327376271
263.15000000000003,0.007537260517537565
263.2,0.01104795383770448
263.25,0.013464453442009656
263.3,0.015237064760169998
263.35,0.01673695797267459
263.40000000000003,0.018555900385202783
263.45,0.020959314940826156
263.5,0.02302069803294472
263.55,0.024553772713728328
263.6,0.025550840719755424
263.65000000000003,0.02521145359748081
263.7,0.02313153782009737
263.75,0.019907061385933712
263.8,0.01537485706024122
263.85,0.01015960551587636
263.90000000000003,0.005598902287303453
263.95,0.0010771805566744852
264.0,-0.003762011929878785
264.05,-0.008235868330860882
264.1,-0.012209923700938855
264.15000000000003,-0.015352925921676204
264.2,-0.017458977906750914
264.25,-0.018951760209158636
264.3,-0.020642223985333323
264.35,-0.022179506928611134
264.40000000000003,-0.02292281822915424
264.45,-0.023703416573287547
264.5,-0.023729943601659337
264.55,-0.0229988882645866
264.6,-0.02246126039164852
264.65000000000003,-0.02144895422820337
264.7,-0.020520805142899428
264.75,-0.019724422087107216
264.8,-0.018103169876871803
264.85,-0.015190629086344443
264.90000000000003,-0.011204581695334259
264.95,-0.006596712244020868
265.0,-0.0018488178415122607
265.05,0.0013562747944826869
265.1,0.002618706191242708
265.15000000000003,0.0021990092058642376
265.2,0.00035001400668293925
265.25,-0.0012790319226447138
265.3,-0.0019597870559172536
265.35,-0.001986360681331743
265.40000000000003,-0.0018048285435897165
265.45,-0.0020139331771522784
265.5,-0.0031136729179982907
265.55,-0.005044498457187235
265.6,-0.007238435448051674
265.65000000000003,-0.009092493584938237
265.7,-0.00994975829281283
265.75,-0.010331234713123503
265.8,-0.01121102769047551
265.85,-0.012537989025463173
265.90000000000003,-0.014366716939130785
265.95,-0.01706974982404955
266.0,-0.020839646433902653
266.05,-0.025526514199049465
266.1,-0.03021712343684825
266.15000000000003,-0.03267536033576551
266.2,-0.03174989016948528
266.25,-0.028421119669759704
266.3,-0.02319324550458685
266.35,-0.01767205105436256
266.40000000000003,-0.01308095121476484
266.45,-0.008627171024410858
266.5,-0.004834517386469535
266.55,-0.0029187033048020685
266.6,-0.002621991803612382
266.65000000000003,-0.0025892620599451644
266.7,-0.0017385146490056771
266.75,0.0006172745771241767
266.8,0.004348568259570692
266.85,0.008781687756093145
266.90000000000003,0.01373457043244631
266.95,0.018973329631610168
267.0,0.023691224541230124
267.05,0.02785675541178328
267.1,0.03208760783883814
267.15000000000003,0.03514844781528551
267.2,0.03625143751980373
267.25,0.03567530863676221
267.3,0.03340115992759043
267.35,0.030121602803526985
267.40000000000003,0.026265230531724304
267.45,0.022446917048337494
267.5,0.019182090770856537
267.55,0.01671725974851091
267.6,0.01512105185316366
267.65000000000003,0.014174266224984378
267.7,0.014535888149110145
267.75,0.016195405652603783
267.8,0.01779350955770877
267.85,0.018536738945919028
267.90000000000003,0.01908477297963577
267.95,0.019921511648147486
268.0,0.02080603335856718
268.05,0.021991133040201196
268.1,0.023576236452062287
268.15000000000003,0.02528330127272702
268.2,0.026866498052052216
268.25,0.027630397511164764
268.3,0.027246531167753215
268.35,0.026300332909705702
268.40000000000003,0.024717544209253157
268.45,0.021910578821006242
268.5,0.018666556549861248
268.55,0.015647240943504632
268.6,0.01226014088159552
268.65000000000003,0.007671157806840595
268.7,0.0015525160667847614
268.75,-0.004852766969197837
268.8,-0.011684785181565311
268.85,-0.019276217920462163
268.90000000000003,-0.026148745204151332
268.95,-0.032073398994918435
269.0,-0.03633309590833726
269.05,-0.038717076248899855
269.1,-0.040454416143974006
269.15000000000003,-0.041938722765976044
269.2,-0.04324216123915912
269.25,-0.043847936443014074
269.3,-0.043157316832244684
269.35,-0.04144485617008563
269.40000000000003,-0.03933946432557182
269.45,-0.037031657163319895
269.5,-0.034121589386542375
269.55,-0.03029065104360548
269.6,-0.02564391869763275
269.65000000000003,-0.02064502662481181
269.7,-0.015660265462963584
269.75,-0.011105647114456938
269.8,-0.007166080709708635
269.85,-0.002916484487063154
269.90000000000003,0.0015716840566165386
269.95,0.005228327263379458
270.0,0.007686458777510981
270.05,0.009544119219897559
270.1,0.011961698396542916
270.15000000000003,0.014289987936973605
270.2,0.015463096377283908
270.25,0.015833259368835666
270.3,0.01529821279654849
270.35,0.013978391819896152
270.40000000000003,0.013375242357121415
270.45,0.014429263585990424
270.5,0.016825301190848296
270.55,0.018909910880090905
270.6,0.018635375241125685
270.65000000000003,0.016325925223613258
270.7,0.013818460713484958
270.75,0.011802776063658583
270.8,0.009844670302675895
270.85,0.008145123935797105
270.90000000000003,0.006689423227333901
270.95,0.005340301330819394
271.0,0.005148216868545346
271.05,0.005566924414424008
271.1,0.005175493314683348
271.15000000000003,0.0035978552991817727
271.2,0.00045934371930044925
271.25,-0.0033604532342795938
271.3,-0.006266230337546526
271.35,-0.008451971471653932
271.40000000000003,-0.01062848775015857
271.45,-0.012781769253943061
271.5,-0.015217146109965328
271.55,-0.017443695891360345
271.6,-0.018830433383139836
271.65000000000003,-0.019275105915702744
271.7,-0.018508086001323677
271.75,-0.017152639533153873
271.8,-0.015714379578523147
271.85,-0.013663160992830714
271.90000000000003,-0.010168405138363883
271.95,-0.005704208674242737
272.0,-0.0016284577315045542
272.05,0.0018046496687224244
272.1,0.004768805175828408
272.15000000000003,0.006553210574735124
272.2,0.006624246555835166
272.25,0.005010642763147252
272.3,0.0025198733160146473
272.35,0.0006015964756825226
272.40000000000003,-0.000831007417509622
272.45,-0.0015061991886934217
272.5,-0.0014813845315330167
272.55,-0.0023385419069802214
272.6,-0.003810132685314849
272.65000000000003,-0.004621573191248024
272.7,-0.004654489966092601
272.75,-0.004280725721467622
272.8,-0.00362351313264131
272.85,-0.0027549620787764117
272.90000000000003,-0.0013641131015389328
272.95,0.0010945970014389064
273.0,0.004423703449409119
273.05,0.007519541391860018
273.1,0.00980087671310557
273.15000000000003,0.011276135685043123
273.2,0.011946041156806957
273.25,0.012291027749949572
273.3,0.012381849098895215
273.35,0.012144294711320669
273.40000000000003,0.011439725500813014
273.45,0.009940418714809881
273.5,0.008217148149104438
273.55,0.006464621314500615
273.6,0.004441953127016196
273.65000000000003,0.0029923369237396667
273.7,0.0022859685702071816
273.75,0.0019047838564787243
273.8,0.002241676328094997
273.85,0.0026376747024542133
273.90000000000003,0.0024408104139147092
273.95,0.00237382153254919
274.0,0.0026181066819828576
274.05,0.0029257745022831763
274.1,0.003481023995122598
274.15000000000003,0.00414941301142557
274.2,0.004373512163713068
274.25,0.004436962984194095
274.3,0.004802685688047166
274.35,0.004808203060012508
274.40000000000003,0.0036341681179754893
274.45,0.001422757953565283
274.5,-0.0008168680212139439
274.55,-0.0027072298424779184
274.6,-0.00415447331018101
274.65000000000003,-0.0043812429397318735
274.7,-0.003555601246553335
274.75,-0.0020599059089342737
274.8,0.00014717194125137128
274.85,0.0015347663960359932
274.90000000000003,0.0012891276568780478
274.95,0.000707237409079459
275.0,0.000301030133191292
275.05,-0.00017809607432897305
275.1,-0.0006299896756794255
275.15000000000003,-0.0010469405121130764
275.2,-0.0016194265008958387
275.25,-0.0026310672526676103
275.3,-0.004556667367024542
275.35,-0.007395522043870329
275.40000000000003,-0.010947338925035114
275.45,-0.014159549890806948
275.5,-0.01613645667095449
275.55,-0.017655400342078107
275.6,-0.018386533669785744
275.65000000000003,-0.01852033977508414
275.7,-0.018346045980081167
275.75,-0.016509254437171956
275.8,-0.013256474819551105
275.85,-0.009001591323457995
275.90000000000003,-0.003827242499038397
275.95,0.0010641380090343642
276.0,0.00460737653196263
276.05,0.006366176453730122
276.1,0.006460986354245598
276.15000000000003,0.005619422268944606
276.2,0.005484403747275522
276.25,0.006798252002604442
276.3,0.008417354815277472
276.35,0.009698820402038583
276.40000000000003,0.010130013828882031
276.45,0.00902112125597688
276.5,0.00727132982785941
276.55,0.0057889300408064245
276.6,0.004455558386783231
276.65000000000003,0.0038440559098217265
276.7,0.004560877839161757
276.75,0.0062824680880376165
276.8,0.008099811404363616
276.85,0.008919710570748614
276.90000000000003,0.008331769246985416
276.95,0.006593685487265511
277.0,0.0047895216397418955
277.05,0.004060764820561994
277.1,0.004904617075785792
277.15000000000003,0.007246127249093323
277.2,0.009709869395422429
277.25,0.011722271122973594
277.3,0.013486402481137149
277.35,0.014695507917758963
277.40000000000003,0.015698320868631658
277.45,0.016206292933941043
277.5,0.015899361391316813
277.55,0.014682262401682687
277.6,0.012175406222335096
277.65000000000003,0.008794754074550944
277.7,0.004291673417191816
277.75,-0.0005327050178304276
277.8,-0.004300896239273376
277.85,-0.007603984726648639
277.90000000000003,-0.010358657348849921
277.95,-0.012789737191498843
278.0,-0.01490775283898885
278.05,-0.016200802282822793
278.1,-0.017454656595105728
278.15000000000003,-0.018596507767532446
278.2,-0.01972512356956501
278.25,-0.02101560546721002
278.3,-0.02179077855339351
278.35,-0.021510028164311273
278.40000000000003,-0.020224500859987348
278.45,-0.018061676806550978
278.5,-0.014903227508485377
278.55,-0.011205077903997348
278.6,-0.0075625143127428865
278.65000000000003,-0.004815230804666823
278.7,-0.0024156086675479085
278.75,0.0005355262491358345
278.8,0.0034709007741927783
278.85,0.0061180721529986454
278.90000000000003,0.008643691761908875
278.95,0.010972104234215607
279.0,0.012452700584497208
279.05,0.012968507737730683
279.1,0.012840246174143435
279.15000000000003,0.01211061390092395
279.2,0.010730568718067959
279.25,0.008445878131471
279.3,0.005259323456796277
279.35,0.0017353343452904126
279.40000000000003,-0.0018263761048277617
279.45,-0.004873983124845487
279.5,-0.006684085829553042
279.55,-0.007970317521824772
279.6,-0.009308350216029312
279.65000000000003,-0.01062186765242372
279.7,-0.011609753923379295
279.75,-0.011470171628110508
279.8,-0.010207338898291677
279.85,-0.008581807436061135
279.90000000000003,-0.006706342492080635
279.95,-0.005164316707480548
280.0,-0.004932676092058511
280.05,-0.005452588076421168
280.1,-0.005821367823579163
280.15000000000003,-0.005433261172604871
280.2,-0.004307889663339561
280.25,-0.0028486438436552395
280.3,-0.000949088678707397
280.35,0.0013718559807367914
280.40000000000003,0.003747217069872511
280.45,0.006076839826962094
280.5,0.008626131405196524
280.55,0.01155825431450915
280.6,0.014906814373088122
280.65000000000003,0.018110855388234655
280.7,0.020609421710662285
280.75,0.021941702470278327
280.8,0.02222534280007184
280.85,0.023019925140497884
280.90000000000003,0.025292570931617808
280.95,0.028304448950386654
281.0,0.030939962260298878
281.05,0.03228380304417319
281.1,0.03180443364823036
281.15000000000003,0.02970914338985833
281.2,0.025941205760131234
281.25,0.020850774698400014
281.3,0.015432289451249975
281.35,0.010633269386612808
281.40000000000003,0.006631594892588673
281.45,0.0023887101148089345
281.5,-0.002376205281718083
281.55,-0.007522384516890685
281.6,-0.01310584672221356
281.65000000000003,-0.01882265107256778
281.7,-0.023916455942007704
281.75,-0.02798457480943551
281.8,-0.030781889651153846
281.85,-0.03166200415191516
281.90000000000003,-0.03121246575095917
281.95,-0.02996829756298734
282.0,-0.027862255616860086
282.05,-0.02476966943114025
282.1,-0.02034807119314551
282.15000000000003,-0.015537258136761253
282.2,-0.011090043767778893
282.25,-0.006965790069643475
282.3,-0.003921510091162926
282.35,-0.0020748334060691816
282.40000000000003,-0.0009173120009944659
282.45,-0.0008936176155874372
282.5,-0.0021584928694621222
282.55,-0.0038484296797969167
282.6,-0.00516084581700503
282.65000000000003,-0.005973858605385312
282.7,-0.006968839070042271
282.75,-0.008413974829805163
282.8,-0.010028410142355386
282.85,-0.011732277134240944
282.90000000000003,-0.012883358777285574
282.95,-0.01347531803443123
283.0,-0.013725916077441355
283.05,-0.012885086019627168
283.1,-0.011003213786594529
283.15000000000003,-0.008986462601056688
283.2,-0.007533703621944727
283.25,-0.006902612719678003
283.3,-0.0070672401157029
283.35,-0.007754426526275223
283.40000000000003,-0.008788355371265604
283.45,-0.010290140972906519
283.5,-0.012115480308448135
283.55,-0.01399821647269496
283.6,-0.014892748376937682
283.65000000000003,-0.013980375190594904
283.7,-0.012245692500592353
283.75,-0.010187281495008044
283.8,-0.007575402040203526
283.85,-0.004818996379442651
283.90000000000003,-0.002551806447052933
283.95,-0.0008004065687926275
284.0,0.0010178973954284001
284.05,0.0031734610292883754
284.1,0.0053953001724633765
284.15000000000003,0.007177826299392648
284.2,0.008523874553337836
284.25,0.009625362673532336
284.3,0.010880798666832617
284.35,0.012981418787207724
284.40000000000003,0.015859323011757295
284.45,0.018800224777543898
284.5,0.021519826229088886
284.55,0.02408958539688246
284.6,0.02635335856619885
284.65000000000003,0.028533167730809276
284.7,0.03104221799726837
284.75,0.033407121647050696
284.8,0.0345466211911489
284.85,0.034878819841488835
284.90000000000003,0.03520418827011593
284.95,0.03487915811837248
285.0,0.03372306404166953
285.05,0.03193130536759538
285.1,0.029561319125557258
285.15000000000003,0.026765082725395115
285.2,0.02381432510703927
285.25,0.02123568644442405
285.3,0.018952839358658182
285.35,0.0163957371884621
285.40000000000003,0.013528667980440402
285.45,0.01056172712144333
285.5,0.007138458666547404
285.55,0.0034304387163774787
285.6,0.000446812144885807
285.65000000000003,-0.0010735965617463532
285.7,-0.0015068561918670502
285.75,-0.001800488789992506
285.8,-0.0021926040127783278
285.85,-0.0028036603777568266
285.90000000000003,-0.004128082290713517
285.95,-0.006213497566571548
286.0,-0.008288172860395144
286.05,-0.009896915190315355
286.1,-0.011051638367545101
286.15000000000003,-0.01154085803615216
286.2,-0.011188806036276883
286.25,-0.010540332783443414
286.3,-0.010334274673264816
286.35,-0.010402567915476462
286.40000000000003,-0.010918899852858155
286.45,-0.012575887153267453
286.5,-0.015521306040193219
286.55,-0.019959657886488964
286.6,-0.025424547883472398
286.65000000000003,-0.030461444924842172
286.7,-0.03429511786543291
286.75,-0.03673929560417524
286.8,-0.03790533842036829
286.85,-0.03801245415280947
286.90000000000003,-0.03705575160814773
286.95,-0.03527824897472542
287.0,-0.03302941135067377
287.05,-0.03016008356248475
287.1,-0.02637054385600805
287.15000000000003,-0.02226446929989444
287.2,-0.018551283575855844
287.25,-0.01581365432490028
287.3,-0.014062096489497414
287.35,-0.01236450874698115
287.40000000000003,-0.010403661269265231
287.45,-0.008086423193997525
287.5,-0.005796574284918178
287.55,-0.0039276987010003666
287.6,-0.0025974588592998626
287.65000000000003,-0.0020362670925410716
287.7,-0.0013043191645643207
287.75,7.38839409771547e-05
287.8,0.0024323785424314875
287.85,0.005963738224240091
287.90000000000003,0.009902513233060337
287.95,0.01403229591507101
288.0,0.017676575073013588
288.05,0.020018777251560115
288.1,0.02049794142097821
288.15000000000003,0.019353559529005422
288.2,0.017675298425154733
288.25,0.01592744827327859
288.3,0.014486760016064228
288.35,0.01357941751812423
288.40000000000003,0.01317669146646288
288.45,0.013151108308675628
288.5,0.013333175282334573
288.55,0.013653543173677368
288.6,0.014138104139760754
288.65000000000003,0.014676889650649293
288.7,0.01474044524196141
288.75,0.01431194210208123
288.8,0.013759020480985972
288.85,0.013377888380345144
288.90000000000003,0.013687451437292207
288.95,0.01450560505209207
289.0,0.01532880200501028
289.05,0.01597423603946172
289.1,0.01638235467584043
289.15000000000003,0.01668759046546081
289.2,0.016842294955830426
289.25,0.01681842777771356
289.3,0.016446485551568232
289.35,0.015730641076561618
289.40000000000003,0.014843140892849974
289.45,0.013297940423350547
289.5,0.010562073977112094
289.55,0.006737055678558997
289.6,0.002323575610603917
289.65000000000003,-0.0018870480686895997
289.7,-0.00516302369358811
289.75,-0.007422446724035613
289.8,-0.008633834987591226
289.85,-0.008891061713200185
289.90000000000003,-0.008346826098440674
289.95,-0.006967545020985269
290.0,-0.005100603461701572
290.05,-0.002844076135671871
290.1,-0.00021760288742503489
290.15000000000003,0.00243073170195138
290.2,0.004737436601175897
290.25,0.006832739200832755
290.3,0.008987629517188804
290.35,0.010424034860070317
290.40000000000003,0.01046052579830895
290.45,0.009131389579950489
290.5,0.0060234165490533126
290.55,0.0016569100115206047
290.6,-0.002575240614726359
290.65000000000003,-0.006673760431363931
290.7,-0.010603657860807128
290.75,-0.013815913390002571
290.8,-0.016072443802176963
290.85,-0.01716387751053544
290.90000000000003,-0.017351449643104977
290.95,-0.016993036871557142
291.0,-0.01638418717779751
291.05,-0.015895380429698455
291.1,-0.01583126619355942
291.15000000000003,-0.015971961157018585
291.2,-0.01586227681788015
291.25,-0.015668897965589346
291.3,-0.015510887034116778
291.35,-0.015686584278721813
291.40000000000003,-0.016727531575080102
291.45,-0.018179234032914163
291.5,-0.019494054265172842
291.55,-0.020572551424703805
291.6,-0.020733326321359543
291.65000000000003,-0.019678747861583076
291.7,-0.017805890356673015
291.75,-0.015231703079084918
291.8,-0.012169776644939137
291.85,-0.00876787128864226
291.90000000000003,-0.005309605942382671
291.95,-0.0024238507198335226
292.0,-0.0003381972968097696
292.05,0.0011931729126669517
292.1,0.0022459045402184762
292.15000000000003,0.0028060037938124
292.2,0.0029652247012167563
292.25,0.002585620951896971
292.3,0.0019277232446054467
292.35,0.0017170686274353526
292.40000000000003,0.0025132218389596795
292.45,0.0040416802590470076
292.5,0.005616860646792351
292.55,0.006937650390820143
292.6,0.008198756636802813
292.65000000000003,0.00976016028759662
292.7,0.011273130037102203
292.75,0.012170438793604528
292.8,0.012035426605711759
292.85,0.01096546111476626
292.90000000000003,0.00945918772805959
292.95,0.007884994870214934
293.0,0.006541240538658748
293.05,0.005532997840342032
293.1,0.004899511235370082
293.15000000000003,0.00469963422746487
293.2,0.0049551042807490005
293.25,0.0055027775370521895
293.3,0.006434422982321077
293.35,0.0076499251229194725
293.40000000000003,0.00894132106310852
293.45,0.010349958185338624
293.5,0.011419964477761111
293.55,0.012184984219178425
293.6,0.012752194267996245
293.65000000000003,0.012895424372551373
293.7,0.01274356112599417
293.75,0.012206994681360243
293.8,0.011499349111157173
293.85,0.01072640086743521
293.90000000000003,0.009389559516405797
293.95,0.007280862923749585
294.0,0.004567014347082629
294.05,0.0016654276866661414
294.1,-0.0009427550941252753
294.15000000000003,-0.0029689771617860444
294.2,-0.004105073126883073
294.25,-0.004346111613056899
294.3,-0.0039679853727729465
294.35,-0.0033558355356676658
294.40000000000003,-0.0030383667716317887
294.45,-0.0033243868083220438
294.5,-0.0046480588941815275
294.55,-0.006786656393397403
294.6,-0.008796134346587844
294.65000000000003,-0.010217061983557237
294.7,-0.01071466378723538
294.75,-0.01016845908663457
294.8,-0.008821427935097746
294.85,-0.006889938878130178
294.90000000000003,-0.004860680080998047
294.95,-0.0032161381211825275
295.0,-0.002008109677361325
295.05,-0.001466970577163578
295.1,-0.0017558672697391257
295.15000000000003,-0.002245896782241415
295.2,-0.0023543768889204685
295.25,-0.0021141975345825054
295.3,-0.0019483212770811129
295.35,-0.0023007203372090953
295.40000000000003,-0.0029990952121948366
295.45,-0.003774504145627037
295.5,-0.004601013124561022
295.55,-0.004926756358448286
295.6,-0.004260095127920452
295.65000000000003,-0.0032081763997505947
295.7,-0.002530114761619774
295.75,-0.002368052902977369
295.8,-0.002265369676249159
295.85,-0.001616978956318232
295.90000000000003,-0.0006399582618322536
295.95,-9.41253927175315e-05
296.0,-0.000419957784632529
296.05,-0.0010683965940171192
296.1,-0.001428056147951768
296.15000000000003,-0.0014365939293021616
296.2,-0.0011871368100622006
296.25,-0.0012413193027168516
296.3,-0.001765802297194293
296.35,-0.0024384316468859806
296.40000000000003,-0.0028509160021168165
296.45,-0.0026019679617600086
296.5,-0.002192999607818644
296.55,-0.002268287008761115
296.6,-0.002960881417091674
296.65000000000003,-0.004003958460287705
296.7,-0.005044556700264432
296.75,-0.0060476560837392284
296.8,-0.006698113877138402
296.85,-0.006856565999366001
296.90000000000003,-0.006686883322859965
296.95,-0.006077015956064934
297.0,-0.0047531436676134485
297.05,-0.0027173691761504222
297.1,-0.00038217754055667953
297.15000000000003,0.0022678339780008794
297.2,0.00502746954966289
297.25,0.007209719417557046
297.3,0.008738242291699307
297.35,0.00942604682620017
297.40000000000003,0.00893207243730918
297.45,0.007560242132569767
297.5,0.006180327561255519
297.55,0.005255919792234519
297.6,0.00464764241663552
297.65000000000003,0.004843594872981434
297.7,0.0062478382662027555
297.75,0.008330920269438083
297.8,0.010375704464808464
297.85,0.011841531153353329
297.90000000000003,0.012665350335997784
297.95,0.012923472365333434
298.0,0.012571753233903665
298.05,0.012022649400292473
298.1,0.01140639156522257
298.15000000000003,0.010192117396532202
298.2,0.008182310665763642
298.25,0.00578802280272756
298.3,0.0033425698727503382
298.35,0.0009964862208187806
298.40000000000003,-0.0008258738760194627
298.45,-0.0018094053269157885
298.5,-0.002289591230752003
298.55,-0.0027377755518696026
298.6,-0.0033311732115703274
298.65000000000003,-0.004125846429219001
298.7,-0.004953759223342879
298.75,-0.006021541764585385
298.8,-0.007203878313632602
298.85,-0.007868429867068089
298.90000000000003,-0.007940304147602098
298.95,-0.0075322922802452
299.0,-0.007204683469441474
299.05,-0.006942113156950175
299.1,-0.0063580532672820435
299.15000000000003,-0.005599611686907942
299.2,-0.004191321664424788
299.25,-0.00223687240330655
299.3,-0.00016209551756294174
299.35,0.0023460035151505122
299.40000000000003,0.005276876301490628
299.45,0.008269819839659272
299.5,0.011067076653479568
299.55,0.013343659708499689
299.6,0.01454067887527021
299.65000000000003,0.014894095257420347
299.7,0.015058655195682814
299.75,0.01511345121851906
299.8,0.01505283888065063
299.85,0.01490689001720464
299.90000000000003,0.014810023115234609
299.95,0.014683763297526261
300.0,0.014339687847844914
300.05,0.013696522141897788
300.1,0.01289008826568177
300.15000000000003,0.012248093951679473
300.2,0.011589123103476222
300.25,0.010845911083227916
300.3,0.010248825799324061
300.35,0.009720100285883321
300.40000000000003,0.008959270496251849
300.45,0.007811538026396969
300.5,0.006395226460336132
300.55,0.004541534045560723
300.6,0.0018778705535742518
300.65000000000003,-0.0016490116620337574
300.7,-0.005823439872996334
300.75,-0.010297381222096124
300.8,-0.014883171930952305
300.85,-0.01955631848755568
300.90000000000003,-0.023725775377408588
300.95,-0.026651329344727536
301.0,-0.028271364868923288
301.05,-0.028478744380647493
301.1,-0.027003156279262225
301.15000000000003,-0.024320116292780435
301.2,-0.02116075099105467
301.25,-0.017965556564683186
301.3,-0.015214244461247405
301.35,-0.013065782429925416
301.40000000000003,-0.011584594400341834
301.45,-0.010930344285942657
301.5,-0.010846710248080243
301.55,-0.010970221078805137
301.6,-0.01113068887758103
301.65000000000003,-0.011078088469414688
301.7,-0.010523875674101272
301.75,-0.009677424209122607
301.8,-0.008912678527512275
301.85,-0.008527947788481068
301.90000000000003,-0.008461580350708783
301.95,-0.00815190197238324
302.0,-0.007562468582241002
302.05,-0.006752076464873337
302.1,-0.005659767385199352
302.15000000000003,-0.004389154201322968
302.2,-0.0032364333012988526
302.25,-0.0027695196177593565
302.3,-0.0032607962224048565
302.35,-0.00476064687379129
302.40000000000003,-0.006708084164222758
302.45,-0.008315919683504732
302.5,-0.009313091895466778
302.55,-0.0098788371603877
302.6,-0.01069451271157575
302.65000000000003,-0.01210952845246298
302.7,-0.014118236849969932
302.75,-0.016428563339812196
302.8,-0.018795353624550662
302.85,-0.021214359435696255
302.90000000000003,-0.02309587374226475
302.95,-0.02411770750571616
303.0,-0.02430432473150488
303.05,-0.02356743971986116
303.1,-0.021754338512306497
303.15000000000003,-0.018855870843888276
303.2,-0.015173123850405463
303.25,-0.010726361183059767
303.3,-0.005979142865172957
303.35,-0.001423042022583426
303.40000000000003,0.003107257443062184
303.45,0.007401004630168638
303.5,0.011575892627154718
303.55,0.015736307508599705
303.6,0.01944109322293016
303.65000000000003,0.022835951535062446
303.7,0.025925820645638215
303.75,0.028720539430687586
303.8,0.03135530055384083
303.85,0.033554913830883465
303.90000000000003,0.035320109214729306
303.95,0.036864508905139266
304.0,0.03831349432486596
304.05,0.039589355358756774
304.1,0.04066200102013321
304.15000000000003,0.041301049948871155
304.2,0.0409518756510599
304.25,0.03961029271461022
304.3,0.03775532711122994
304.35,0.035807176844404556
304.40000000000003,0.03415382370322637
304.45,0.0329388395742904
304.5,0.03186950172844675
304.55,0.030686000032133412
304.6,0.029274186764963687
304.65000000000003,0.02756963429192586
304.7,0.025650075926112535
304.75,0.023608650007078288
304.8,0.02154129439031939
304.85,0.019127961586117088
304.90000000000003,0.015964565403318018
304.95,0.012272394275555699
305.0,0.008191499319213312
305.05,0.0038374194614561228
305.1,-0.000510435291858162
305.15000000000003,-0.004642687053530267
305.2,-0.008204995029951553
305.25,-0.011015295511998724
305.3,-0.013329218980484404
305.35,-0.015709832492290573
305.40000000000003,-0.018301418906439902
305.45,-0.02076854988238646
305.5,-0.022852831622945286
305.55,-0.024174717262015748
305.6,-0.02447511345202861
305.65000000000003,-0.023754741803713286
305.7,-0.0221165692112232
305.75,-0.019782615177934046
305.8,-0.017059636569577586
305.85,-0.014227078044035706
305.90000000000003,-0.01159099577173406
305.95,-0.009491760748698244
306.0,-0.00781314193678172
306.05,-0.006394088010087931
306.1,-0.00494609078431962
306.15000000000003,-0.003102206785128651
306.2,-0.001176192383565385
306.25,0.0002968991338790584
306.3,0.0009781019378497147
306.35,0.0010837963587862008
306.40000000000003,0.0008786850625627833
306.45,0.0002948248846925453
306.5,-0.0007910506585887532
306.55,-0.0023446373128136145
306.6,-0.004026995099955002
306.65000000000003,-0.005992900804330789
306.7,-0.0084713627035653
306.75,-0.010901438939965043
306.8,-0.01283913795135873
306.85,-0.014407016976377043
306.90000000000003,-0.0155392486807509
306.95,-0.016471837608078816
307.0,-0.01738476215232637
307.05,-0.01810084158350469
307.1,-0.018934510842122984
307.15000000000003,-0.019763910810217215
307.20000000000005,-0.020032989251507226
307.25,-0.01980546622755438
307.3,-0.01942798537892025
307.35,-0.01898947522429966
307.40000000000003,-0.018690912470163114
307.45000000000005,-0.018811707206358077
307.5,-0.0192797130799415
307.55,-0.020077406700405177
307.6,-0.021137541617653237
307.65000000000003,-0.02202030582351477
307.70000000000005,-0.022542899817235885
307.75,-0.022664685958852054
307.8,-0.02206560238200552
307.85,-0.02079254849392009
307.90000000000003,-0.019470878444413694
307.95000000000005,-0.018443020850791213
308.0,-0.017617912399393525
308.05,-0.016944406978396293
308.1,-0.016107341562705765
308.15000000000003,-0.014702613617863599
308.20000000000005,-0.012659467665896897
308.25,-0.00995336859801084
308.3,-0.006701243830809557
308.35,-0.003239918041818845
308.40000000000003,0.00021213608916188412
308.45000000000005,0.0037403797253907694
308.5,0.007402261194279178
308.55,0.010951994357208785
308.6,0.01424323631975891
308.65000000000003,0.017324329389387758
308.70000000000005,0.020039124715281464
308.75,0.021971657764828272
308.8,0.023278115603309134
308.85,0.024473242489111705
308.90000000000003,0.025605375510395278
308.95000000000005,0.026640914274026203
309.0,0.02723321878119006
309.05,0.027200220252978927
309.1,0.02689978681230952
309.15000000000003,0.026284305953846655
309.20000000000005,0.02535098332394717
309.25,0.024517208417718473
309.3,0.023968566634015705
309.35,0.023581805217743432
309.40000000000003,0.02311461702625707
309.45000000000005,0.022737875517308662
309.5,0.022774419379747307
309.55,0.022778145870862194
309.6,0.02219650333946519
309.65000000000003,0.02090832871102162
309.70000000000005,0.018982941109497126
309.75,0.016965167720314974
309.8,0.015455158259571127
309.85,0.014441690598217913
309.90000000000003,0.013698545810196642
309.95000000000005,0.013136063434938219
310.0,0.012530121835382636
310.05,0.011716123893019324
310.1,0.010768976523179381
310.15000000000003,0.009655037032058377
310.20000000000005,0.008603977371704336
310.25,0.007859474108122712
310.3,0.007324852008341275
310.35,0.0071044231427532965
310.40000000000003,0.006946040801790566
310.45000000000005,0.0064084734741237034
310.5,0.00553860395106449
310.55,0.0045296784973450285
310.6,0.003565137971883964
310.65000000000003,0.002602222356863896
310.70000000000005,0.0015512500067134695
310.75,0.00046750246528720076
310.8,-0.0008157374846292315
310.85,-0.0025478241936253993
310.90000000000003,-0.004698689180155765
310.95000000000005,-0.0071171109256162384
311.0,-0.009552424368036034
311.05,-0.01177147245137731
311.1,-0.013541798610929176
311.15000000000003,-0.01433051370957376
311.20000000000005,-0.01418738589056112
311.25,-0.013545252353972423
311.3,-0.01246788714784739
311.35,-0.0114028335060476
311.40000000000003,-0.010656171833946475
311.45000000000005,-0.009994743976389015
311.5,-0.009585267816607653
311.55,-0.009701607932999665
311.6,-0.010064383909672594
311.65000000000003,-0.010463545167339508
311.70000000000005,-0.011100121793384514
311.75,-0.011761260189200035
311.8,-0.012014208656739744
311.85,-0.011784072448428898
311.90000000000003,-0.01119064164943503
311.95000000000005,-0.010498669158848421
312.0,-0.009874163015770009
312.05,-0.00940539561916977
312.1,-0.008943933477470299
312.15000000000003,-0.008132649526938643
312.20000000000005,-0.006890337074322137
312.25,-0.005275149451391553
312.3,-0.0034488842024938417
312.35,-0.0016895886125157427
312.40000000000003,-0.00017796535522039193
312.45000000000005,0.0010145327955771147
312.5,0.0017030046579621229
312.55,0.0019000379675857258
312.6,0.0017975013597691341
312.65000000000003,0.0014696132729574369
312.70000000000005,0.001195084212545372
312.75,0.0010642432827745205
312.8,0.0009685335576407137
312.85,0.0008176079499187367
312.90000000000003,0.0002879181989064662
312.95000000000005,-0.0007430934041573041
313.0,-0.002185789071700859
313.05,-0.0037943602651773854
313.1,-0.004984046994567637
313.15000000000003,-0.005434104082549706
313.20000000000005,-0.005505885793898386
313.25,-0.005686100013252782
313.3,-0.006235253031891405
313.35,-0.007359225336104885
313.40000000000003,-0.009079014118550425
313.45000000000005,-0.011146696202263762
313.5,-0.013034923437457538
313.55,-0.014357108280820461
313.6,-0.015201471341986829
313.65000000000003,-0.015585500534087809
313.70000000000005,-0.015486764727475672
313.75,-0.015079618321328961
313.8,-0.014453676984256644
313.85,-0.013681747705715014
313.90000000000003,-0.01287305235601598
313.95000000000005,-0.011797161687785286
314.0,-0.010405725778674149
314.05,-0.009054472123645083
314.1,-0.007779085952931753
314.15000000000003,-0.006607548219217374
314.20000000000005,-0.005544028555201295
314.25,-0.0045191633892012195
314.3,-0.0032072753072360915
314.35,-0.001183242394863599
314.40000000000003,0.001085863812445292
314.45000000000005,0.0028724571847864406
314.5,0.0036863567892640395
314.55,0.0036249414329292393
314.6,0.0030503070313439343
314.65000000000003,0.0020640346087874256
314.70000000000005,0.0011276642073309985
314.75,0.0006088944306740614
314.8,0.0007675761886099354
314.85,0.001749409844466042
314.90000000000003,0.003457088248062436
314.95000000000005,0.005702964082887204
315.0,0.008017865381023434
315.05,0.01025126047565831
315.1,0.01238007352072537
315.15000000000003,0.014432350727720167
315.20000000000005,0.016375911143637022
315.25,0.01800279557654443
315.3,0.019345250233598878
315.35,0.02039980483845487
315.40000000000003,0.02151034174215426
315.45000000000005,0.022829558084670458
315.5,0.024223023396616708
315.55,0.025830127267060122
315.6,0.02754444986596233
315.65000000000003,0.028993452955014355
315.70000000000005,0.029767480990066243
315.75,0.029680976452363447
315.8,0.028733962831267845
315.85,0.027210087911694984
315.90000000000003,0.025444121106573785
315.95000000000005,0.023638472439486247
316.0,0.02169021616943932
316.05,0.019273026980557013
316.1,0.0163358001697494
316.15000000000003,0.012844937863856083
316.20000000000005,0.009247953751476006
316.25,0.006037880759902896
316.3,0.003074671429919793
316.35,0.00011323110422726365
316.40000000000003,-0.003127251431139028
316.45000000000005,-0.006811336814182847
316.5,-0.010927808792103488
316.55,-0.015031260082842876
316.6,-0.018253997600627465
316.65000000000003,-0.020110697734947138
316.70000000000005,-0.020467592712318603
316.75,-0.019513757885913804
316.8,-0.017943192105263055
316.85,-0.016354652671300776
316.90000000000003,-0.015238349430998215
316.95000000000005,-0.01490381289727778
317.0,-0.01526489928619952
317.05,-0.016309697987109618
317.1,-0.017809202896016077
317.15000000000003,-0.01939224548034793
317.20000000000005,-0.021002796687604547
317.25,-0.022534405504887212
317.3,-0.023882021824224626
317.35,-0.02490347941851411
317.40000000000003,-0.02523251336162462
317.45000000000005,-0.024835505857816145
317.5,-0.02413684158446516
317.55,-0.023329803396626523
317.6,-0.02237167015585808
317.65000000000003,-0.02132616794128885
317.70000000000005,-0.019928578011733922
317.75,-0.017856056168813837
317.8,-0.015072184900375643
317.85,-0.011606375972675182
317.90000000000003,-0.007880914845242433
317.95000000000005,-0.004241053177406721
318.0,-0.0007372126600063936
318.05,0.0025759829371842457
318.1,0.0057160414676822886
318.15000000000003,0.008858740439844687
318.20000000000005,0.012221875679827908
318.25,0.015448288892165523
318.3,0.018266959574594618
318.35,0.020811645718013416
318.40000000000003,0.023105456208945212
318.45000000000005,0.02516099505074738
318.5,0.026843100755750235
318.55,0.02802851685463852
318.6,0.028875510957518103
318.65000000000003,0.02962218570189197
318.70000000000005,0.03014948579976142
318.75,0.03025852050630744
318.8,0.03005293247590592
318.85,0.029400359976493116
318.90000000000003,0.027906525465903356
318.95000000000005,0.02548388671059945
319.0,0.022282306193460735
319.05,0.018592408463271533
319.1,0.0147720476906837
319.15000000000003,0.01115736842258301
319.20000000000005,0.00799137406871882
319.25,0.005178118390066443
319.3,0.0026937870504267912
319.35,0.0007239582579891128
319.40000000000003,-0.0006193221334444344
319.45000000000005,-0.0015160370733201568
319.5,-0.0022757265393839408
319.55,-0.0028010506315067777
319.6,-0.003052094562442218
319.65000000000003,-0.003270467581677462
319.70000000000005,-0.003633350183018606
319.75,-0.0042724024246046455
319.8,-0.005116194323074339
319.85,-0.006170329521034225
319.90000000000003,-0.007658207418569877
319.95000000000005,-0.00948808782286151
320.0,-0.011421865453271476
320.05,-0.013364297637221412
320.1,-0.015151510905785542
320.15000000000003,-0.01657691242267276
320.20000000000005,-0.017701426965507305
320.25,-0.018744948987829944
320.3,-0.019825127271196504
320.35,-0.021105130173822855
320.40000000000003,-0.022552739257453013
320.45000000000005,-0.024065704647670962
320.5,-0.025692342453869137
320.55,-0.02720014429539924
320.6,-0.0283425951386492
320.65000000000003,-0.02902794784509113
320.70000000000005,-0.02935213773161441
320.75,-0.02944611518744073
320.8,-0.02920342541563419
320.85,-0.028631063397247827
320.90000000000003,-0.027613469720251485
320.95000000000005,-0.026194755245621006
321.0,-0.024510771159263017
321.05,-0.022219057305627433
321.1,-0.01923066539164261
321.15000000000003,-0.015598109565286919
321.20000000000005,-0.01136830153472747
321.25,-0.006677092375484802
321.3,-0.0017338657894452607
321.35,0.0030061857598079156
321.40000000000003,0.007331577137493629
321.45000000000005,0.010941883585748892
321.5,0.013499563541268933
321.55,0.015108970086131076
321.6,0.015836639056454892
321.65000000000003,0.01586535700916476
321.70000000000005,0.015540381567505921
321.75,0.01511382848756854
321.8,0.014814702520485598
321.85,0.014589082626793946
321.90000000000003,0.014219174488832186
321.95000000000005,0.013735792594766543
322.0,0.013286702049641793
322.05,0.012857895449800807
322.1,0.01225608510475951
322.15000000000003,0.011528188224656169
322.20000000000005,0.011060070481387008
322.25,0.01099739023383609
322.3,0.011342241168222966
322.35,0.012050495251352216
322.40000000000003,0.012750278391625432
322.45000000000005,0.013123638949318542
322.5,0.01303050245245944
322.55,0.012494665397548867
322.6,0.011835453375299905
322.65000000000003,0.011460429530978802
322.70000000000005,0.01167561075991804
322.75,0.012546106172281043
322.8,0.013848496071964159
322.85,0.015372665248064661
322.90000000000003,0.01708637566073502
322.95000000000005,0.018834133490296848
323.0,0.020363800912631527
323.05,0.02157520590636062
323.1,0.022379380129784368
323.15000000000003,0.022746179986226658
323.20000000000005,0.022763812950531388
323.25,0.022323698458993946
323.3,0.02135157000637013
323.35,0.02000636302186774
323.40000000000003,0.01826983371447432
323.45000000000005,0.015901739342280247
323.5,0.012967871439091087
323.55,0.00980083856384073
323.6,0.0065154523794176645
323.65000000000003,0.0033763900727384307
323.70000000000005,0.0005124682609686037
323.75,-0.0020875587879245453
323.8,-0.0042801688897034
323.85,-0.006210367610510123
323.90000000000003,-0.007904108212154308
323.95000000000005,-0.00937613919343008
324.0,-0.010796677806654704
324.05,-0.012363953695366338
324.1,-0.014070305528380051
324.15000000000003,-0.015532706083757189
324.20000000000005,-0.016699374186078753
324.25,-0.017407879499444064
324.3,-0.01738024028401919
324.35,-0.01699536440446318
324.40000000000003,-0.016775022275461193
324.45000000000005,-0.017050499591461175
324.5,-0.017671968921523215
324.55,-0.017998685309264004
324.6,-0.017835999960328492
324.65000000000003,-0.01738984007561898
324.70000000000005,-0.016665143154377594
324.75,-0.0157284728953885
324.8,-0.014768946040994194
324.85,-0.013743875847360745
324.90000000000003,-0.01257065676041309
324.95000000000005,-0.011231110439962166
325.0,-0.009497664799585928
325.05,-0.007282107958792581
325.1,-0.004830274166049185
325.15000000000003,-0.0022885523406839256
325.20000000000005,0.00027370407089856056
325.25,0.002748626108361968
325.3,0.00499963366125111
325.35,0.006934967970861003
325.40000000000003,0.008616939900821088
325.45000000000005,0.01002522544347465
325.5,0.011141603162866078
325.55,0.012022086069372013
325.6,0.012717786697514846
325.65000000000003,0.013235699808080727
325.70000000000005,0.013485478903472313
325.75,0.013417397162092892
325.8,0.01295301683714525
325.85,0.0120433149340565
325.90000000000003,0.01071000146412146
325.95000000000005,0.009126055013098832
326.0,0.007281675240544786
326.05,0.004826012994751166
326.1,0.0017877885149487648
326.15000000000003,-0.0015689722739784494
326.20000000000005,-0.0049487277543408875
326.25,-0.008104956185870541
326.3,-0.011046746941021477
326.35,-0.013776884865096376
326.40000000000003,-0.016025732783971618
326.45000000000005,-0.017544661093528122
326.5,-0.018256614268358593
326.55,-0.017921363073998567
326.6,-0.01678609187582297
326.65000000000003,-0.015446037134415155
326.70000000000005,-0.014301047475805802
326.75,-0.013770578666360382
326.8,-0.013958245532453664
326.85,-0.014599298814321492
326.90000000000003,-0.015402376122382686
326.95000000000005,-0.0160719118857107
327.0,-0.016274522564873124
327.05,-0.015889717417171562
327.1,-0.01502110350655143
327.15000000000003,-0.013807302275218848
327.20000000000005,-0.012269982507436713
327.25,-0.010342573078493464
327.3,-0.00810906847655102
327.35,-0.005815233825451168
327.40000000000003,-0.0035772763201770193
327.45000000000005,-0.0016514643612942793
327.5,-0.0004922533021866596
327.55,8.668493199029032e-05
327.6,0.00044395488267856304
327.65000000000003,0.000753279763532038
327.70000000000005,0.0011484653865055923
327.75,0.0015693320440118776
327.8,0.002055844300890869
327.85,0.0025366175185966185
327.90000000000003,0.0028471258083527956
327.95000000000005,0.0027079923580826254
328.0,0.0020513334493984345
328.05,0.0013001817564223179
328.1,0.0008474561899873495
328.15000000000003,0.0010923778937017177
328.20000000000005,0.002039192969413599
328.25,0.003094082717472439
328.3,0.003869118558177724
328.35,0.004368544209859493
328.40000000000003,0.0046400216134858665
328.45000000000005,0.00474661848891415
328.5,0.00482143238313411
328.55,0.00501996957269332
328.6,0.005496334482743238
328.65000000000003,0.006230953551113605
328.70000000000005,0.006850595693775579
328.75,0.0071900202530940935
328.8,0.007502770022729002
328.85,0.007977957824279408
328.90000000000003,0.008706651616248916
328.95000000000005,0.009570525281659501
329.0,0.010482064655377269
329.05,0.01162827510157266
329.1,0.013073606145407105
329.15000000000003,0.014836985460857455
329.20000000000005,0.016861005240648427
329.25,0.018796927241780646
329.3,0.020281304918309283
329.35,0.021092852679443292
329.40000000000003,0.021251889794901484
329.45000000000005,0.021047652453615433
329.5,0.02072175399267753
329.55,0.020416362021561905
329.6,0.020095763799902713
329.65000000000003,0.019387396057692945
329.70000000000005,0.017927097468889
329.75,0.015673547522934695
329.8,0.012921572429455783
329.85,0.009972299501904525
329.90000000000003,0.007047719468006468
329.95000000000005,0.004433549594445999
330.0,0.0024162059000368387
330.05,0.0011560472318580713
330.1,0.00037363677883868083
330.15000000000003,-0.0004366635579053414
330.20000000000005,-0.0015402871582237984
330.25,-0.002772678821287782
330.3,-0.003821519325859393
330.35,-0.004453625558868447
330.40000000000003,-0.004618596216719193
330.45000000000005,-0.004432004316462701
330.5,-0.003980010850539415
330.55,-0.0036436078923811578
330.6,-0.0033485873346432086
330.65000000000003,-0.002827456470729954
330.70000000000005,-0.0023351539596525423
330.75,-0.0018317888752526054
330.8,-0.0014084286467276202
330.85,-0.001253484140816756
330.90000000000003,-0.0011596918858133352
330.95000000000005,-0.001064752726171109
331.0,-0.0011626809163607717
331.05,-0.0014605083011082166
331.1,-0.001778984551005896
331.15000000000003,-0.0019619695507622267
331.20000000000005,-0.002040305688012949
331.25,-0.0021498816016969355
331.3,-0.002135957394375334
331.35,-0.0016806208442384102
331.40000000000003,-0.000760089268145316
331.45000000000005,0.00018161385384249504
331.5,0.0006738537603490353
331.55,0.00041827229344579405
331.6,-0.0005865569975046066
331.65000000000003,-0.0020395263240960302
331.70000000000005,-0.003757879453442327
331.75,-0.005606480422373406
331.8,-0.007321335559785355
331.85,-0.008635649101177605
331.90000000000003,-0.009381367982861873
331.95000000000005,-0.00958372354684621
332.0,-0.009568378815095216
332.05,-0.009540542604016348
332.1,-0.00959267289402548
332.15000000000003,-0.009824929989396413
332.20000000000005,-0.010275145569816593
332.25,-0.010986052355620755
332.3,-0.011885531211062205
332.35,-0.012867847001767905
332.40000000000003,-0.013704009002750797
332.45000000000005,-0.014359010975737033
332.5,-0.014916898078928887
332.55,-0.015306245648795172
332.6,-0.015644711349383042
332.65000000000003,-0.01605695478100541
332.70000000000005,-0.01666483316461887
332.75,-0.017553086206877566
332.8,-0.01853473252787796
332.85,-0.01933244977815748
332.90000000000003,-0.01978936774725435
332.95000000000005,-0.020036442303311447
333.0,-0.020179417201091347
333.05,-0.01994656857619624
333.1,-0.01909838588995732
333.15000000000003,-0.017723102472082933
333.20000000000005,-0.015963574967488108
333.25,-0.0138064903076566
333.3,-0.011176907510787171
333.35,-0.008156053909433128
333.40000000000003,-0.0050275456175260455
333.45000000000005,-0.002031579048127946
333.5,0.0005426282070436018
333.55,0.002490596379857011
333.6,0.00393769169555905
333.65000000000003,0.005025387772704579
333.70000000000005,0.00597429339121677
333.75,0.006953194602504687
333.8,0.008115470747086299
333.85,0.009688033665493529
333.90000000000003,0.011571451064234156
333.95000000000005,0.013624972314614809
334.0,0.01570994756704265
334.05,0.017431413586867152
334.1,0.018572285425427423
334.15000000000003,0.019190699351373207
334.20000000000005,0.019391011680997265
334.25,0.019302089144699944
334.3,0.01913683512750361
334.35,0.01918868808141204
334.40000000000003,0.0195760086163641
334.45000000000005,0.020207064003403014
334.5,0.02087106834347251
334.55,0.021565927261030574
334.6,0.022199205836039543
334.65000000000003,0.022369632101538584
334.70000000000005,0.02198476977118598
334.75,0.02093467412191187
334.8,0.019167525380967974
334.85,0.016944541280678394
334.90000000000003,0.01450873078720189
334.95000000000005,0.012070187606900776
335.0,0.009864215856519028
335.05,0.008085501002088259
335.1,0.006706029468029223
335.15000000000003,0.005737704613400476
335.20000000000005,0.005229545511065904
335.25,0.005033783682142122
335.3,0.005055173205074787
335.35,0.005158549920587164
335.40000000000003,0.005154124963986374
335.45000000000005,0.004819194379806359
335.5,0.0038708270919693335
335.55,0.0024259681031486642
335.6,0.0007122108144872018
335.65000000000003,-0.0011710083883681862
335.70000000000005,-0.0029533780556809377
335.75,-0.004566276149186115
335.8,-0.006125262273026868
335.85,-0.007662559507217323
335.90000000000003,-0.009239103845908859
335.95000000000005,-0.010839497772589878
336.0,-0.012374111148111263
336.05,-0.013814941162630498
336.1,-0.015163398071435278
336.15000000000003,-0.01640898691109878
336.20000000000005,-0.017285599847300177
336.25,-0.017386366851515442
336.3,-0.016455684614876655
336.35,-0.01457619907767081
336.40000000000003,-0.012233934152924513
336.45000000000005,-0.009858188524893076
336.5,-0.007644357379469439
336.55,-0.0055259200027028875
336.6,-0.0034517622068151715
336.65000000000003,-0.0014702134085500746
336.70000000000005,0.0005867928644015222
336.75,0.002675830058461377
336.8,0.004541278311300579
336.85,0.006117301977835697
336.90000000000003,0.007237221321850359
336.95000000000005,0.0078071892291368
337.0,0.008061103790713156
337.05,0.008079495879087939
337.1,0.00786096070959373
337.15000000000003,0.00745941846857577
337.20000000000005,0.006700489090213734
337.25,0.005475622150767707
337.3,0.0039003667699353526
337.35,0.0020328473113610935
337.40000000000003,-7.231279483430382e-05
337.45000000000005,-0.002340880837371333
337.5,-0.004743443265064063
337.55,-0.007301708463237883
337.6,-0.009834994805758824
337.65000000000003,-0.012070179201717855
337.70000000000005,-0.014002356350029421
337.75,-0.015469751034489833
337.8,-0.01628817749940145
337.85,-0.0165969922161007
337.90000000000003,-0.016608383183448473
337.95000000000005,-0.01648411551107938
338.0,-0.01627670545427107
338.05,-0.01588390032627124
338.1,-0.015157226444240529
338.15000000000003,-0.014150598924062409
338.20000000000005,-0.012928436968298953
338.25,-0.011322656581760859
338.3,-0.009316440053885147
338.35,-0.007020425468004259
338.40000000000003,-0.004337958911787241
338.45000000000005,-0.0013320565422475956
338.5,0.001785100025656975
338.55,0.004838445947356763
338.6,0.007626304979324459
338.65000000000003,0.010196311287909616
338.70000000000005,0.012456037484559736
338.75,0.014053241716038284
338.8,0.014839472346971546
338.85,0.014828749683968408
338.90000000000003,0.014051901623740105
338.95000000000005,0.01251104352188912
339.0,0.010332245575332789
339.05,0.007763431864099709
339.1,0.005202392690554436
339.15000000000003,0.003056722702656221
339.20000000000005,0.0014489906767594003
339.25,0.0003252874201331712
339.3,-0.0004509328199438898
339.35,-0.0009195732199074148
339.40000000000003,-0.0010175916240633893
339.45000000000005,-0.0006882488118952143
339.5,0.0001293961144003711
339.55,0.0012693836570177592
339.6,0.0025230352265627276
339.65000000000003,0.0038098285713173163
339.70000000000005,0.004934390449469937
339.75,0.005797289686260729
339.8,0.006455263746430936
339.85,0.006899920995089378
339.90000000000003,0.007200603761502622
339.95000000000005,0.007405644717714828
340.0,0.007417711816322688
340.05,0.007242418051243374
340.1,0.006869268871045045
340.15000000000003,0.00606647155721707
340.20000000000005,0.004715683023273988
340.25,0.0029835855629218784
340.3,0.0012035345757536876
340.35,-0.0003681490593866755
340.40000000000003,-0.001648821671075915
340.45000000000005,-0.0027617310317716434
340.5,-0.003875645554139627
340.55,-0.005048685342275276
340.6,-0.00629205034218499
340.65000000000003,-0.007498588809524794
340.70000000000005,-0.008619275246073832
340.75,-0.00975144937227128
340.8,-0.011014161092050324
340.85,-0.012272948971888433
340.90000000000003,-0.013254690963356406
340.95000000000005,-0.013722681719577511
341.0,-0.013439516213251573
341.05,-0.012285442004498692
341.1,-0.010442540576437901
341.15000000000003,-0.00843604558648696
341.20000000000005,-0.0066749400143441065
341.25,-0.005248166180175311
341.3,-0.004047179865647267
341.35,-0.002954333502375812
341.40000000000003,-0.0017728452519856447
341.45000000000005,-0.000370362401944593
341.5,0.001195683279646595
341.55,0.002867159036732758
341.6,0.004561420611746501
341.65000000000003,0.006242743789231239
341.70000000000005,0.0077185344115356614
341.75,0.008974776506756398
341.8,0.010234858270476795
341.85,0.011446945713538423
341.90000000000003,0.012456258743166344
341.95000000000005,0.013122022816333642
342.0,0.013441423687326601
342.05,0.013419349904981927
342.1,0.013164335194713463
342.15000000000003,0.012962791256237312
342.20000000000005,0.012863724408163047
342.25,0.01283980673482806
342.3,0.012934441050426767
342.35,0.013109093512614379
342.40000000000003,0.013258000145167067
342.45000000000005,0.013244582948814337
342.5,0.012981985495700137
342.55,0.0125143088348452
342.6,0.011878650608799989
342.65000000000003,0.011135218388240532
342.70000000000005,0.01035052228931568
342.75,0.009579867283124528
342.8,0.008931781686901407
342.85,0.008495185046274657
342.90000000000003,0.00833518632348175
342.95000000000005,0.008368428897984516
343.0,0.008406509784056087
343.05,0.008134970399208487
343.1,0.0072869733001543376
343.15000000000003,0.0057896668586777155
343.20000000000005,0.003649334592789746
343.25,0.0009373890273558367
343.3,-0.002287362586197737
343.35,-0.005877173386839028
343.40000000000003,-0.009622668921082366
343.45000000000005,-0.01316670906531641
343.5,-0.016150752615520625
343.55,-0.0184977821794154
343.6,-0.020328967340660736
343.65000000000003,-0.021960163077866152
343.70000000000005,-0.02351673965285341
343.75,-0.024728391974645516
343.8,-0.025534206750647437
343.85,-0.02614008781885347
343.90000000000003,-0.026577561307616217
343.95000000000005,-0.026726185511674043
344.0,-0.02640249014835417
344.05,-0.025430707576567173
344.1,-0.023695295978594665
344.15000000000003,-0.02125438944818022
344.20000000000005,-0.01817592562446535
344.25,-0.014394782605726492
344.3,-0.010139967582906726
344.35,-0.00575113582294971
344.40000000000003,-0.0014362836788327676
344.45000000000005,0.00249294749998302
344.5,0.005798449594273782
344.55,0.00846691449811463
344.6,0.010522151230483608
344.65000000000003,0.011984467984519293
344.70000000000005,0.01285176376155414
344.75,0.013065913509858614
344.8,0.012569493153452085
344.85,0.011381412969154936
344.90000000000003,0.00977619672940624
344.95000000000005,0.00799895582152175
345.0,0.005981063675392282
345.05,0.003674903554034101
345.1,0.0011771229545837997
345.15000000000003,-0.0014268350667405517
345.20000000000005,-0.00394437965939369
345.25,-0.0060295517949119784
345.3,-0.007565393135438942
345.35,-0.008553997510545277
345.40000000000003,-0.008808374880903318
345.45000000000005,-0.008196859288463148
345.5,-0.006721543518151338
345.55,-0.0044153336678494385
345.6,-0.0015492407094001687
345.65000000000003,0.0014075371103547188
345.70000000000005,0.004202897618571489
345.75,0.00671779758126686
345.8,0.008728847846141592
345.85,0.01018633608270463
345.90000000000003,0.011259746857024296
345.95000000000005,0.012054136366794975
346.0,0.01257371633704713
346.05,0.01275546884016954
346.1,0.012490855859835668
346.15000000000003,0.011683244626853767
346.20000000000005,0.010229699558648123
346.25,0.008158242849886397
346.3,0.005783323104249785
346.35,0.003607071715014641
346.40000000000003,0.0020510844118555305
346.45000000000005,0.0011524870377082547
346.5,0.0007691261403560362
346.55,0.0007497441032772697
346.6,0.0008632479007012805
346.65000000000003,0.001068328141737085
346.70000000000005,0.0014126145302249958
346.75,0.0018169806109900825
346.8,0.002122464480031516
346.85,0.002167302792666116
346.90000000000003,0.0018275486922916526
346.95000000000005,0.0010114693304530194
347.0,-0.0002136981669450392
347.05,-0.001786319374368425
347.1,-0.003531310000587452
347.15000000000003,-0.005147530325634982
347.20000000000005,-0.006443089106253937
347.25,-0.007268814200545492
347.3,-0.007656213488610926
347.35,-0.007633993853873946
347.40000000000003,-0.00712651634434989
347.45000000000005,-0.006111365750280019
347.5,-0.004615148748019208
347.55,-0.002728200392755533
347.6,-0.0006066850444883329
347.65000000000003,0.0015154983772342969
347.70000000000005,0.003348425982393103
347.75,0.004600773034174705
347.8,0.005230524658977153
347.85,0.005330125136449468
347.90000000000003,0.004950700286720855
347.95000000000005,0.004267330455609362
348.0,0.0035090195975734768
348.05,0.002863453226850939
348.1,0.002358646164487601
348.15000000000003,0.0019161660485265072
348.20000000000005,0.001486293025293338
348.25,0.0010017993494800704
348.3,0.0004094633098904878
348.35,-0.0003040193181100157
348.40000000000003,-0.0009866799082368617
348.45000000000005,-0.001423522119692662
348.5,-0.0016131440325107744
348.55,-0.0015359357779199056
348.6,-0.0011162628262559285
348.65000000000003,-0.0004269562696386981
348.70000000000005,0.0004899663564862967
348.75,0.0017164422163738551
348.8,0.0033547174224604513
348.85,0.005260529232558836
348.90000000000003,0.007104032969350074
348.95000000000005,0.0086821399555638
349.0,0.009788960322371356
349.05,0.010229108902029556
349.1,0.009965470493927008
349.15000000000003,0.009061074215879854
349.20000000000005,0.007811451967529239
349.25,0.006605276910813594
349.3,0.005505578565867987
349.35,0.00430996942357038
349.40000000000003,0.002917607002892362
349.45000000000005,0.0014342402543062742
349.5,-0.00015133328872679553
349.55,-0.0018398112113698266
349.6,-0.0034435076545303
349.65000000000003,-0.004883284413691483
349.70000000000005,-0.006065996806709142
349.75,-0.0069783350958741025
349.8,-0.007726041790466354
349.85,-0.008250986702195925
349.90000000000003,-0.00854336063063225
349.95000000000005,-0.008646577516191814
350.0,-0.008573237321437489
350.05,-0.008320532824915641
350.1,-0.007793215597250631
350.15000000000003,-0.006985676395416253
350.20000000000005,-0.006002254125106638
350.25,-0.004885660074142237
350.3,-0.0036786051224622536
350.35,-0.0025589594231867213
350.40000000000003,-0.0016408645801051296
350.45000000000005,-0.000935516332137143
350.5,-0.0006340894872449428
350.55,-0.0008633300039817538
350.6,-0.0015763067568020195
350.65000000000003,-0.002647653599378094
350.70000000000005,-0.003783929791370416
350.75,-0.004859768441397526
350.8,-0.00586745425382799
350.85,-0.00656676892450252
350.90000000000003,-0.006798029383231283
350.95000000000005,-0.00672229387727146
351.0,-0.006540537985489424
351.05,-0.006324880111443986
351.1,-0.006111022322371164
351.15000000000003,-0.0059213605752036465
351.20000000000005,-0.005714562474170817
351.25,-0.005354053378922252
351.3,-0.004764185388705407
351.35,-0.00407240014291115
351.40000000000003,-0.0034012370052130558
351.45000000000005,-0.0027898984570685595
351.5,-0.0022873912545928786
351.55,-0.0019427221286811927
351.6,-0.0017656804979490524
351.65000000000003,-0.001777961073555313
351.70000000000005,-0.0018892091558272007
351.75,-0.0018409959270730557
351.8,-0.0015646765024827766
351.85,-0.0010959522356202517
351.90000000000003,-0.0003409674662636494
351.95000000000005,0.0006841846889985209
352.0,0.0018758722000598166
352.05,0.0032018942875471916
352.1,0.004632851086033499
352.15000000000003,0.006193266186773856
352.20000000000005,0.007989598976163559
352.25,0.009918915963689929
352.3,0.011535131688369983
352.35,0.012455888355196013
352.40000000000003,0.012714111042846895
352.45000000000005,0.012472281508610135
352.5,0.011848061162577294
352.55,0.011039646395320906
352.6,0.010124079493936977
352.65000000000003,0.00897391181981124
352.70000000000005,0.007495308926213952
352.75,0.005691078368248107
352.8,0.003741205244714089
352.85,0.001962234243383073
352.90000000000003,0.0005187422181562476
352.95000000000005,-0.0005213373985090163
353.0,-0.0011608031700890656
353.05,-0.0014500754665118154
353.1,-0.0013485352500558652
353.15000000000003,-0.0009283140762281111
353.20000000000005,-0.00041841358829950684
353.25,1.939342586235114e-05
353.3,0.0003465877613483483
353.35,0.0005505608020500011
353.40000000000003,0.0005626783303453795
353.45000000000005,0.00034651948148950657
353.5,1.412806801270445e-05
353.55,-0.00032595453222698817
353.6,-0.0006583289655416139
353.65000000000003,-0.0008828593636958037
353.70000000000005,-0.0009526342695982193
353.75,-0.0009257895266561032
353.8,-0.0007323053091398222
353.85,-0.00034698250833997495
353.90000000000003,0.00017063963625247965
353.95000000000005,0.0007575194037222701
354.0,0.0013254030012960914
354.05,0.0019008864074267597
354.1,0.0024846532119703214
354.15000000000003,0.003085789765284426
354.20000000000005,0.00368817033174026
354.25,0.0041068936935274
354.3,0.004297819829499518
354.35,0.004297343318128167
354.40000000000003,0.004023505512009056
354.45000000000005,0.003406252052725447
354.5,0.0023706254463530963
354.55,0.0009558176304152897
354.6,-0.0007520597157779267
354.65000000000003,-0.002669697130137038
354.70000000000005,-0.004542910681175058
354.75,-0.006212059171950518
354.8,-0.007712888674230483
354.85,-0.00915537903567762
354.90000000000003,-0.010535360701006772
354.95000000000005,-0.011743618737915124
355.0,-0.012848117465185625
355.05,-0.013912620367981498
355.1,-0.014825114343081976
355.15000000000003,-0.015453978666671577
355.20000000000005,-0.015671795517415623
355.25,-0.015360252150846241
355.3,-0.014534095644287698
355.35,-0.013396457337351292
355.40000000000003,-0.012184784811747774
355.45000000000005,-0.010995064285274154
355.5,-0.009778319077931613
355.55,-0.00837352415852569
355.6,-0.006660273570582232
355.65000000000003,-0.004698141982847534
355.70000000000005,-0.002680464292483041
355.75,-0.0007543561641946372
355.8,0.0011396567724229602
355.85,0.003066650160888199
355.90000000000003,0.00500486008788337
355.95000000000005,0.006899606884182812
356.0,0.008730524801994013
356.05,0.010443632011078398
356.1,0.01190300925468427
356.15000000000003,0.013051870968057926
356.20000000000005,0.013839733114027883
356.25,0.014335863276661021
356.3,0.014738384680652125
356.35,0.015119363631004683
356.40000000000003,0.015449320339291342
356.45000000000005,0.015598629547125362
356.5,0.015520301243458809
356.55,0.01530110324778855
356.6,0.015032004012857696
356.65000000000003,0.014881705107534834
356.70000000000005,0.014920863614182175
356.75,0.015077972664226533
356.8,0.015098743521929915
356.85,0.01467356188649037
356.90000000000003,0.01371621099077541
356.95000000000005,0.012263027096629464
357.0,0.010496710035723911
357.05,0.008650380872898792
357.1,0.006872422253881979
357.15000000000003,0.0051025237021636045
357.20000000000005,0.003260064835853683
357.25,0.0014997282721951654
357.3,-9.663640097899412e-05
357.35,-0.0015284163004885094
357.40000000000003,-0.0026906532643643888
357.45000000000005,-0.003563827617781655
357.5,-0.00428388905952194
357.55,-0.005012699416359253
357.6,-0.00586169889929221
357.65000000000003,-0.006896107921935605
357.70000000000005,-0.008139829228455145
357.75,-0.009511019407711513
357.8,-0.01071704247238168
357.85,-0.011564006505814548
357.90000000000003,-0.01213464217359983
357.95000000000005,-0.012502576522670507
358.0,-0.012766648101792483
358.05,-0.01303269889062241
358.1,-0.013268610258529963
358.15000000000003,-0.013321810667232521
358.20000000000005,-0.013189595008593694
358.25,-0.012880463350744978
358.3,-0.012189321649812205
358.35,-0.011163887677904095
358.40000000000003,-0.010070375849738045
358.45000000000005,-0.009104969798554382
358.5,-0.008301381539287262
358.55,-0.007647102785197012
358.6,-0.007147133073350559
358.65000000000003,-0.0066531042978608115
358.70000000000005,-0.006109089239204939
358.75,-0.00550187959777004
358.8,-0.004737731558996949
358.85,-0.0037081948531052307
358.90000000000003,-0.0022642013061685974
358.95000000000005,-0.00048498358007337006
359.0,0.0013793501899950242
359.05,0.003110205768810002
359.1,0.004591234057447128
359.15000000000003,0.005888166348997478
359.20000000000005,0.007085642279209317
359.25,0.0082017721016835
359.3,0.009085891541004925
359.35,0.009510302303561488
359.40000000000003,0.009444092989127623
359.45000000000005,0.00887456023654093
359.5,0.007797404394796354
359.55,0.006393207450472427
359.6,0.004841150771438843
359.65000000000003,0.003398850359727642
359.70000000000005,0.0022987110848443747
359.75,0.0015294302025449886
359.8,0.0010103743543217131
359.85,0.0006076866798136808
359.90000000000003,0.00030586257933880437
359.95000000000005,0.00020214724001741468
