Tiempo_s,Aceleracion_g
0.0,-0.00029639407060093597
0.05,-0.00021512301734730424
0.1,-0.00021707257906356783
0.15000000000000002,-0.00012689188319265935
0.2,-0.00012216149664617424
0.25,-6.69102677607667e-05
0.30000000000000004,-2.726673220518979e-05
0.35000000000000003,6.958410856077679e-05
0.4,8.17263361162937e-05
0.45,6.187567062210775e-06
0.5,0.00019441288402811995
0.55,0.00018127547546087155
0.6000000000000001,0.0001473273098015607
0.65,0.0001222886063823372
0.7000000000000001,9.352781476844207e-05
0.75,0.00022004951874698728
0.8,0.00015263703521411869
0.8500000000000001,0.00018106534167052944
0.9,0.00015153032903334
0.9500000000000001,0.00010935552619711103
1.0,0.00018308198626950634
1.05,0.00013494508720702294
1.1,0.00017373136023324693
1.1500000000000001,0.0001753572726601825
1.2000000000000002,0.00021486693303584677
1.25,0.00019195326077341344
1.3,0.00019354860108162201
1.35,0.0002694346324723372
1.4000000000000001,0.00018258981345341065
1.4500000000000002,0.00022947634658324162
1.5,0.00021170942088676083
1.55,0.00010997050584182499
1.6,0.00014939254487542213
1.6500000000000001,0.00019028884208641434
1.7000000000000002,5.730806731062859e-05
1.75,2.759416167685968e-05
1.8,0.00016950427555607374
1.85,0.00015462634021752372
1.9000000000000001,0.0001583114956658325
1.9500000000000002,0.0002087942183010595
2.0,0.00013666739996128424
2.0500000000000003,1.4746372394112131e-05
2.1,6.494142942187126e-06
2.15,3.612337730523693e-05
2.2,-0.00010961074302406375
2.25,-0.00018105556881993547
2.3000000000000003,-0.0001262000318837144
2.35,-0.00028757323633247546
2.4000000000000004,-0.0003947180793646365
2.45,-0.0004119697157108246
2.5,-0.0005384555573530035
2.5500000000000003,-0.0005237797903328119
2.6,-0.0005016845818677634
2.6500000000000004,-0.0005189794872089412
2.7,-0.0004954187177240287
2.75,-0.0005313087521910669
2.8000000000000003,-0.0004795325299854591
2.85,-0.00046714496598988797
2.9000000000000004,-0.00036783332772998424
2.95,-0.00029230618117473476
3.0,-0.0003118923491738949
3.0500000000000003,-0.00015687740914032357
3.1,-0.000268610885673544
3.1500000000000004,-0.00032313831995407435
3.2,-0.00022832545952585623
3.25,-0.00024348344120310176
3.3000000000000003,-0.00017988620809087592
3.35,-0.00015047118616278216
3.4000000000000004,-0.00012031608519542265
3.45,-0.00010428050504185682
3.5,-5.258184939264375e-05
3.5500000000000003,-1.4258308671786217e-05
3.6,-2.6834079336040733e-06
3.6500000000000004,-8.197238432938269e-06
3.7,-8.28100039394825e-05
3.75,-4.67116682401842e-05
3.8000000000000003,3.8428409897070996e-05
3.85,1.9550213305959966e-05
3.9000000000000004,-2.235699833668663e-05
3.95,-6.648805708287191e-05
4.0,-0.0001291884678585315
4.05,-0.00013392703787951704
4.1000000000000005,-6.807173780418452e-05
4.15,-9.434173610723332e-05
4.2,-2.623983146601974e-05
4.25,0.00019641887156121078
4.3,9.513443893780784e-05
4.3500000000000005,0.00011645880670452351
4.4,0.00023290125808924484
4.45,0.00017920673237455687
4.5,0.00032168168156376765
4.55,0.00036237843155312955
4.6000000000000005,0.00029683965176605147
4.65,0.00024692030450405286
4.7,0.00037013999037737436
4.75,0.0004725728858526378
4.800000000000001,0.00040264492580923414
4.8500000000000005,0.0004887687858201402
4.9,0.0004456279302803241
4.95,0.0004374290070331104
5.0,0.0004790329223930733
5.050000000000001,0.0004084633390381096
5.1000000000000005,0.0004657142337958288
5.15,0.0003899884293809617
5.2,0.0004279669863528797
5.25,0.00043550581629710504
5.300000000000001,0.0002684608107642043
5.3500000000000005,0.00033994800629883967
5.4,0.0003133827432498108
5.45,0.0002563797145424063
5.5,0.00018751469781260393
5.550000000000001,3.24867556866742e-05
5.6000000000000005,2.385952767389135e-05
5.65,5.4639438467312476e-05
5.7,0.0001025364371872651
5.75,8.87914222801023e-05
5.800000000000001,-5.913643967421092e-06
5.8500000000000005,-2.4059593780481352e-05
5.9,-5.7779833547050526e-05
5.95,-0.00014868286791605621
6.0,-0.00015113780569916925
6.050000000000001,-0.00017065235633909932
6.1000000000000005,-0.00023991892025860005
6.15,-0.00026606062631358507
6.2,-0.00026839566875060567
6.25,-0.00032048224978982427
6.300000000000001,-0.00037625340783610257
6.3500000000000005,-0.0003532345352868714
6.4,-0.00034727429536140467
6.45,-0.00025137866886547604
6.5,-0.00022306647931834053
6.550000000000001,-0.0002073546913259362
6.6000000000000005,-0.00013068494798143182
6.65,-0.00020407310068467992
6.7,-0.00020758715683994703
6.75,-0.00022890275220120376
6.800000000000001,-0.00022641118126294921
6.8500000000000005,-0.0001376993761044034
6.9,-0.00012102931137466768
6.95,-0.00015336767178518264
7.0,-0.00017973157648547267
7.050000000000001,-0.00019714911073721083
7.1000000000000005,-0.0001610396182749831
7.15,-9.220765319486222e-05
7.2,-0.00021727254178384613
7.25,-0.00023754304586257882
7.300000000000001,-0.00015079035341720393
7.3500000000000005,-0.0002051812385108216
7.4,-0.0001666666975799868
7.45,-0.00014224096723105344
7.5,-0.00014750763627142737
7.550000000000001,-9.850649692680114e-05
7.6000000000000005,-2.3472407970264198e-05
7.65,8.725344279892653e-05
7.7,2.9341943508686885e-05
7.75,7.99367441510906e-05
7.800000000000001,0.000195942631778165
7.8500000000000005,0.0001158183870168634
7.9,0.00015237224554262512
7.95,0.0001465988141091208
8.0,9.478250955413886e-05
8.05,0.00020570960211352572
8.1,0.0002022354746159125
8.15,3.680667441209265e-05
8.200000000000001,7.349923374971617e-05
8.25,0.0001273021445472162
8.3,3.698080805506882e-05
8.35,5.81312045353674e-05
8.4,6.815539056755094e-05
8.450000000000001,9.900221686535987e-05
8.5,3.104574396871051e-05
8.55,5.523967250016417e-05
8.6,0.00014111963857132515
8.65,-1.5207735086536461e-05
8.700000000000001,-3.703543623564395e-05
8.75,-5.1419667816175355e-05
8.8,-8.956791013206961e-05
8.85,-0.00011804549011616944
8.9,-0.00018292021073368754
8.950000000000001,-0.00019577444746707187
9.0,-0.00013357579419293923
9.05,-6.171048324558931e-05
9.1,-6.934120611206112e-05
9.15,5.306076904350563e-05
9.200000000000001,0.00017769599559358456
9.25,0.0001812230833855695
9.3,0.00017509290065766605
9.35,0.0002744713591332131
9.4,0.00033298357568161747
9.450000000000001,0.00027261189054480166
9.5,0.00029619774411588945
9.55,0.00031680726814074616
9.600000000000001,0.00033221011728725726
9.65,0.00018340006472405108
9.700000000000001,0.000105911059554893
9.75,0.00015398172330483882
9.8,-1.3432552894766706e-05
9.850000000000001,-2.185434480682623e-05
9.9,-2.285984261855479e-05
9.950000000000001,-3.651185513650462e-05
10.0,-5.538170650650896e-05
10.05,-0.00011067744166082237
10.100000000000001,1.307337917471079e-05
10.15,-0.00011805066440481216
10.200000000000001,-9.687966330164526e-05
10.25,5.057937741602864e-05
10.3,-8.581856595763191e-05
10.350000000000001,1.4032113549985295e-06
10.4,6.110456646642832e-05
10.450000000000001,5.390421103873251e-05
10.5,8.233643831946089e-05
10.55,-2.3750438723426777e-05
10.600000000000001,-5.185613189226196e-05
10.65,-1.6099490654108867e-05
10.700000000000001,-1.901797997561718e-05
10.75,-6.655730425386535e-05
10.8,-0.00012008235486380404
10.850000000000001,-0.0001535892525636395
10.9,-3.036509632987278e-05
10.950000000000001,2.3712404189787498e-05
11.0,-6.343065021034987e-05
11.05,2.547094952959987e-05
11.100000000000001,8.385786452757143e-05
11.15,0.00010578442415724343
11.200000000000001,2.363484292378814e-05
11.25,-5.7827508764763094e-05
11.3,0.00013928291031927679
11.350000000000001,9.559811244436044e-05
11.4,4.888093668052274e-05
11.450000000000001,9.423563674498327e-05
11.5,-9.02492467429419e-07
11.55,0.00010599435429578818
11.600000000000001,-3.311241766378165e-05
11.65,-9.575632520803157e-05
11.700000000000001,-1.7296564271078236e-05
11.75,-0.0001796434510636578
11.8,2.69637209262594e-06
11.850000000000001,9.208662780479364e-05
11.9,-8.80872387403599e-06
11.950000000000001,-5.7575487896225194e-06
12.0,-8.377142219373332e-05
12.05,-1.0288267960601435e-05
12.100000000000001,4.305465244866359e-05
12.15,1.3100093493911802e-05
12.200000000000001,-1.332197136401575e-06
12.25,-1.7292615512986675e-06
12.3,9.28964039877664e-05
12.350000000000001,-7.974430828960781e-06
12.4,-3.760078679575379e-05
12.450000000000001,0.00016599344985776673
12.5,0.00011018949911849364
12.55,3.773424115058117e-06
12.600000000000001,-9.110841381632244e-06
12.65,4.032948890866066e-05
12.700000000000001,9.042369810851505e-05
12.75,1.1143876287950563e-05
12.8,1.3505389892035148e-05
12.850000000000001,-2.731846438103459e-05
12.9,-7.194833663219321e-05
12.950000000000001,-0.00010849631934233074
13.0,-0.00015330895966775298
13.05,6.109843435800063e-05
13.100000000000001,9.560472793516735e-05
13.15,-0.00021102408063607074
13.200000000000001,-0.00019304784259159137
13.25,0.00021417569219576692
13.3,0.00017178435996949567
13.350000000000001,-0.00014858550144821996
13.4,0.0001008448492316591
13.450000000000001,0.00021346986953968105
13.5,0.00013802204300229602
13.55,0.00036786286060863074
13.600000000000001,0.00019713001117627692
13.65,2.532005719612021e-06
13.700000000000001,0.0001474031865881178
13.75,0.0001116348568980299
13.8,0.0001084727742147855
13.850000000000001,0.00025159895759198386
13.9,0.0001494462879550544
13.950000000000001,-4.938142115121874e-05
14.0,8.829391458050907e-05
14.05,0.00021474321476319213
14.100000000000001,3.647746921348615e-05
14.15,-8.762635084009065e-05
14.200000000000001,4.527596120859912e-05
14.25,0.00015506988405746702
14.3,0.0001934612074581353
14.350000000000001,0.00010695470880142617
14.4,-0.00012896722325920438
14.450000000000001,0.00011725885060991011
14.5,0.00021035834341048544
14.55,-7.628579462888735e-05
14.600000000000001,-4.94397512488879e-05
14.65,1.821274827043341e-05
14.700000000000001,-3.010182500472755e-05
14.75,-0.00041802813829310866
14.8,-0.00044044383562992777
14.850000000000001,2.217473098907231e-06
14.9,-2.4752609048473014e-05
14.950000000000001,-4.988483809559583e-07
15.0,-2.3839237026514284e-05
15.05,-0.0002924124928083836
15.100000000000001,-0.00022295001278823062
15.15,-0.00010225199088221112
15.200000000000001,-0.0002505541577511286
15.25,-8.384467750428663e-05
15.3,0.00016903152804645334
15.350000000000001,-0.00024236590929481005
15.4,-0.0002740995590369348
15.450000000000001,-0.00016393030637775234
15.5,-0.00029153456292087027
15.55,-0.00014645844281096853
15.600000000000001,-0.00037140503783253544
15.65,-0.00038161899381260466
15.700000000000001,-0.00031752613243087795
15.75,-0.0004012837164778683
15.8,-0.00024280579359406177
15.850000000000001,-0.00036962810641626837
15.9,-0.00045630679724874095
15.950000000000001,-0.0002977661667420365
16.0,-0.0004490333470849486
16.05,-0.0003944529092195633
16.1,-0.00018157367116507776
16.150000000000002,-0.0006017009953989031
16.2,-0.0006064386665367762
16.25,-0.00024333544614053244
16.3,-0.00030518267955629967
16.35,-0.0006708650347728562
16.400000000000002,-0.0008915982007221425
16.45,-0.0005327151265135879
16.5,-0.0003394542918417091
16.55,-0.0005696372971690398
16.6,-0.000619190037466087
16.650000000000002,-0.00042792435073981424
16.7,-0.00032127613606571236
16.75,-0.0002814090624348929
16.8,-0.0002860287543530821
16.85,-0.0003061537563366622
16.900000000000002,-0.00027193691464307224
16.95,-0.0001707431715978629
17.0,-7.241203168332435e-05
17.05,-9.062086202370189e-05
17.1,-0.00019936054990209496
17.150000000000002,-0.0001408018273809086
17.2,-6.502994631935335e-05
17.25,-8.720860560209173e-05
17.3,0.00012925064728632702
17.35,3.229196019229757e-05
17.400000000000002,-4.446846254119144e-05
17.45,0.0002890545089343899
17.5,0.00044142499046415264
17.55,0.00041487481288863534
17.6,0.00019677541676718448
17.650000000000002,0.0002871774708412888
17.7,0.0005627431438440086
17.75,0.0004677005833739152
17.8,0.00030000037308322027
17.85,0.00015475025514278328
17.900000000000002,0.0001783257616164694
17.95,0.0003499242258334344
18.0,0.00041023547756572097
18.05,0.00015939027457998335
18.1,0.000185113581975426
18.150000000000002,0.0005594787958523049
18.2,0.000413903987671559
18.25,0.00034948786980131994
18.3,0.0005527274207930948
18.35,0.000493854380290901
18.400000000000002,0.000461158235396141
18.45,0.0005601469619791581
18.5,0.000576832529195001
18.55,0.0004696058706794007
18.6,0.00042719194061402677
18.650000000000002,0.0006078519554902315
18.7,0.0005226821438881148
18.75,0.000336630478645542
18.8,0.0005363696182077126
18.85,0.0006084757946769769
18.900000000000002,0.000587126046567096
18.95,0.00033188904520527646
19.0,0.0003220065845210125
19.05,0.00047351600464611807
19.1,0.00014742334237190352
19.150000000000002,0.0002858672996984369
19.200000000000003,0.00048093077628349004
19.25,0.0004324334639386871
19.3,0.00041974545558523074
19.35,0.0002571101913127704
19.400000000000002,0.00025807605392292633
19.450000000000003,0.0003282768228926556
19.5,0.0002314305298836907
19.55,0.00033755411083745987
19.6,0.0004712924014358986
19.650000000000002,0.00031760354136615396
19.700000000000003,0.0004679220620979331
19.75,0.00044002777057719267
19.8,6.005096368474603e-05
19.85,-9.98794388743225e-06
19.900000000000002,9.467779421770425e-05
19.950000000000003,0.00016079838112096907
20.0,0.00010515127702012166
20.05,0.0001053115900808929
20.1,4.0162876082603306e-05
20.150000000000002,-3.0859113690616414e-05
20.200000000000003,3.0440716577708226e-05
20.25,-0.00011995841979767991
20.3,-0.00017965559775883248
20.35,-5.132170679384832e-05
20.400000000000002,-7.154761909889185e-05
20.450000000000003,0.00012150847277385621
20.5,0.0001823394188709029
20.55,-5.127089265016767e-07
20.6,0.00018147425398923385
20.650000000000002,0.00017326321311824785
20.700000000000003,0.00014425526175346892
20.75,0.00023710298514157457
20.8,0.00010332699643261305
20.85,0.00017981322903372349
20.900000000000002,0.00012774146735806298
20.950000000000003,-2.3173773314107502e-05
21.0,-1.2140747113049079e-05
21.05,-4.943827866778954e-05
21.1,3.5820790186037905e-05
21.150000000000002,4.7474958990118625e-05
21.200000000000003,9.771339615680707e-05
21.25,0.00013154727173582927
21.3,4.08317411777765e-06
21.35,9.350929893040494e-05
21.400000000000002,0.00020069238301932525
21.450000000000003,0.00026098469588919573
21.5,0.0002023084578618727
21.55,-1.3471772096465716e-06
21.6,-9.290479153997391e-05
21.650000000000002,-0.00011546433640292623
21.700000000000003,-0.00010172346010132073
21.75,-0.00012227338249030007
21.8,-0.00023358793986669917
21.85,-0.00023877321444883625
21.900000000000002,-0.00015566606713048056
21.950000000000003,-0.00015590702013371126
22.0,-5.451045271823655e-06
22.05,0.00012257561391099025
22.1,9.145453916366769e-05
22.150000000000002,6.0186873051364584e-05
22.200000000000003,-8.381648516417908e-06
22.25,9.0817305299362e-05
22.3,-9.620077570276203e-05
22.35,-0.00036139513978169835
22.400000000000002,-0.00017202792238734912
22.450000000000003,-0.0002614561606437672
22.5,-0.0004781075515543421
22.55,-0.00044750552482405927
22.6,-0.0005047512494889522
22.650000000000002,-0.0005369085142030983
22.700000000000003,-0.0005358058084502615
22.75,-0.0006864549329588561
22.8,-0.0007236012599886573
22.85,-0.0006100951059674885
22.900000000000002,-0.0006275393834318029
22.950000000000003,-0.0007135215097970798
23.0,-0.0006354785779154036
23.05,-0.0005457284799954715
23.1,-0.0005505220460495302
23.150000000000002,-0.00042695487984082433
23.200000000000003,-0.00037712611613184755
23.25,-0.0004931686625481611
23.3,-0.00043701035878057387
23.35,-0.00037508502832893256
23.400000000000002,-0.0005176640766805468
23.450000000000003,-0.0005155294874885801
23.5,-0.000520254165834093
23.55,-0.0006581483446142994
23.6,-0.0006758421221482666
23.650000000000002,-0.0006290590295070205
23.700000000000003,-0.0004167465356716856
23.75,-0.00041115154472331106
23.8,-0.0005558019455650239
23.85,-0.0005334276792869592
23.900000000000002,-0.0006167112626824987
23.950000000000003,-0.0005753148555223825
24.0,-0.0005593233809887439
24.05,-0.0005828501111746898
24.1,-0.00048762900854494215
24.150000000000002,-0.00043563271789509453
24.200000000000003,-0.0003064885803769624
24.25,-0.0003580176890773866
24.3,-0.0005337462635054981
24.35,-0.0005565253641285636
24.400000000000002,-0.0005296288643026922
24.450000000000003,-0.0005749058567830302
24.5,-0.0006262228931458657
24.55,-0.000519368631317392
24.6,-0.00048615785648611383
24.650000000000002,-0.0005615066730774571
24.700000000000003,-0.0006042368922346575
24.75,-0.0006462924101652918
24.8,-0.0005048861413099968
24.85,-0.0003315870428420773
24.900000000000002,-0.0003054555253650312
24.950000000000003,-9.361562136052383e-05
25.0,0.00016871012896575957
25.05,0.00016054581957131175
25.1,0.0002972419901992496
25.150000000000002,0.00042722984462192166
25.200000000000003,0.000395968529392727
25.25,0.0005511943418894658
25.3,0.0005310656157702013
25.35,0.0005525482147522533
25.400000000000002,0.0005354025444976297
25.450000000000003,0.0004409977249224325
25.5,0.0005866063153455995
25.55,0.0005992412229086939
25.6,0.0007084992782345922
25.650000000000002,0.0007464649844694377
25.700000000000003,0.0007324621765666184
25.75,0.0008046967670305257
25.8,0.0005834941232549533
25.85,0.000465628671168899
25.900000000000002,0.000547697249181126
25.950000000000003,0.0005020358382064982
26.0,0.00042003993885700417
26.05,0.0005305624285398842
26.1,0.0006716309189633058
26.150000000000002,0.0006485802834743153
26.200000000000003,0.0006902629737424537
26.25,0.0006919182034855152
26.3,0.0005487850293177555
26.35,0.0006368321155055
26.400000000000002,0.0008423820285902413
26.450000000000003,0.000825881045014249
26.5,0.0007812589993575139
26.55,0.000677312442616694
26.6,0.0004991840440728819
26.650000000000002,0.0005314507524548489
26.700000000000003,0.0005006861524350517
26.75,0.0003437364769444998
26.8,0.0004402838475442551
26.85,0.0005599960671521922
26.900000000000002,0.0004472782854437798
26.950000000000003,0.0004409463015580976
27.0,0.00042806347964928585
27.05,0.0003008940838810471
27.1,0.00033063909567586586
27.150000000000002,0.0002966243287560203
27.200000000000003,0.00020925261716895493
27.25,0.00022975835200286107
27.3,0.00012112046595983761
27.35,-8.173934017483335e-05
27.400000000000002,-2.0688661067416007e-05
27.450000000000003,6.130675383593351e-05
27.5,-7.87190330088898e-05
27.55,-5.88577466185512e-05
27.6,2.0075688057595474e-06
27.650000000000002,-0.00011902821005567251
27.700000000000003,-7.349296272430117e-05
27.75,6.505355654758787e-05
27.8,5.5873370687153646e-05
27.85,4.756743471018245e-05
27.900000000000002,-3.7039734789947527e-06
27.950000000000003,-0.00010908814277271484
28.0,5.165152344584842e-05
28.05,0.00010997790192919277
28.1,3.913995261127234e-05
28.150000000000002,0.00015417272280460938
28.200000000000003,-3.6058588944167624e-05
28.25,3.387635080507312e-05
28.3,0.00017301994394873513
28.35,-5.700905010075127e-05
28.400000000000002,-6.328918357785761e-05
28.450000000000003,5.5733454805547315e-06
28.5,0.00010796617670656426
28.55,5.88752250348554e-05
28.6,-1.3904991976243143e-05
28.650000000000002,-3.979209845950834e-05
28.700000000000003,-6.158868265610387e-06
28.75,0.00010259389205333269
28.8,8.51053370340094e-05
28.85,0.00029876073814477693
28.900000000000002,0.00029997668631368685
28.950000000000003,0.00013407262706962152
29.0,0.00015843364070081565
29.05,8.625200461194863e-05
29.1,6.389685224366873e-05
29.150000000000002,-2.974760201797684e-05
29.200000000000003,-9.289311129818896e-05
29.25,-5.644405260218579e-05
29.3,-3.9287253420210555e-05
29.35,-8.734791552511962e-06
29.400000000000002,-0.00012676830501695186
29.450000000000003,-2.6343784614282364e-05
29.5,0.00013947329432256413
29.55,0.00015074624577043826
29.6,0.00022071530071160323
29.650000000000002,0.00017328160917653502
29.700000000000003,0.0001741325830633422
29.75,0.00014747626238094361
29.8,0.00010742536605809888
29.85,1.0137600538619031e-05
29.900000000000002,-9.758162376491801e-05
29.950000000000003,-0.00011097178320645663
30.0,-0.00021281853784645835
30.05,-0.00022703193427833117
30.1,-0.00021305724326717317
30.150000000000002,-0.00019839007519086992
30.200000000000003,-0.0001592580225435289
30.25,-0.0001387598100048487
30.3,-0.00024909433026526403
30.35,-0.00032605933685431003
30.400000000000002,-0.000307245338438184
30.450000000000003,-0.00030930900401808205
30.5,-0.0002408630972180705
30.55,-0.0002876643228045778
30.6,-0.00029962714098723286
30.650000000000002,-0.00033768173925102866
30.700000000000003,-0.0004055461359466881
30.75,-0.00034719030655001924
30.8,-0.0003974092238330051
30.85,-0.0003333013765860919
30.900000000000002,-0.00023957272721609964
30.950000000000003,-0.0003116381174884153
31.0,-0.00037043341563770544
31.05,-0.0004137315711267253
31.1,-0.00039695361441749574
31.150000000000002,-0.00041594998952192803
31.200000000000003,-0.0004944986761962299
31.25,-0.0005419534161590902
31.3,-0.00055311435804551
31.35,-0.0005487869723385854
31.400000000000002,-0.0005549776713200371
31.450000000000003,-0.0005070450603208524
31.5,-0.00046814592241896207
31.55,-0.0005385875650147881
31.6,-0.0005734826697703251
31.650000000000002,-0.0005654012733448372
31.700000000000003,-0.0006072200904985699
31.75,-0.0005325039550983051
31.8,-0.0003910344957114946
31.85,-0.00037079371388876176
31.900000000000002,-0.0002763684710802141
31.950000000000003,-0.00022366816318312253
32.0,-0.0003092836911528432
32.050000000000004,-0.00020034398155224366
32.1,-0.0002022264656232742
32.15,-0.0002458296081260477
32.2,-0.00019220846708430713
32.25,-0.00021968475815364524
32.300000000000004,-0.00011575494096478153
32.35,-6.691362990519523e-05
32.4,1.8974763550837732e-05
32.45,-2.0064690622817408e-05
32.5,-0.00014167808193456802
32.550000000000004,5.3878129001660416e-05
32.6,7.621734998008133e-05
32.65,5.7598448673813834e-05
32.7,0.00010947601112864528
32.75,7.581983785752853e-05
32.800000000000004,9.706222696373988e-05
32.85,1.6430140505494907e-05
32.9,2.0422883523100132e-05
32.95,4.8859338058674405e-05
33.0,6.927131608698796e-07
33.050000000000004,9.437211402478302e-05
33.1,9.808049589873239e-05
33.15,6.829013201260455e-05
33.2,0.00013354566496501252
33.25,4.93989835576206e-05
33.300000000000004,9.299753697940718e-05
33.35,0.0001662669709867657
33.4,1.4357108225442974e-05
33.45,9.273876096736394e-05
33.5,0.00018074043545266032
33.550000000000004,0.00022412569741529916
33.6,0.00035366850657799495
33.65,0.0003093177082214077
33.7,0.0003006067241412343
33.75,0.00025323780499323387
33.800000000000004,0.0002378008466672847
33.85,0.00037838271913168397
33.9,0.0004037870760169967
33.95,0.0003675144842782545
34.0,0.0002970600230388439
34.050000000000004,0.0002890190147559652
34.1,0.0003404229449126016
34.15,0.0003442813771805588
34.2,0.0002471008233969723
34.25,0.0001447334886888616
34.300000000000004,0.00018801454695573037
34.35,0.00018079180522568493
34.4,0.0002308055737423992
34.45,0.00030165149022221916
34.5,0.000267020506542487
34.550000000000004,0.00027997662232638647
34.6,0.00032937779088430976
34.65,0.00038699260048357737
34.7,0.0003844668519419472
34.75,0.0003240325760157811
34.800000000000004,0.0003684126714103606
34.85,0.00042250427217451614
34.9,0.0003956625304257935
34.95,0.00044838111457329863
35.0,0.000381535066676573
35.050000000000004,0.00027462944372550233
35.1,0.00022500155904526734
35.15,0.0001122856846476581
35.2,0.00011926555138345107
35.25,0.0001055139222716091
35.300000000000004,0.00010892674048238978
35.35,0.00014065138784538492
35.4,3.276890577766083e-05
35.45,2.1559634494251025e-05
35.5,6.318772967805485e-05
35.550000000000004,-7.293937285697979e-06
35.6,-4.12808505532597e-05
35.65,-3.802826675884057e-05
35.7,-4.8059453024092335e-05
35.75,-6.097064025714127e-05
35.800000000000004,-7.378826992581817e-05
35.85,-0.00013257775282163268
35.9,-0.00010879638907490785
35.95,5.476914594997952e-05
36.0,4.531135351093804e-05
36.050000000000004,-7.32694665141454e-05
36.1,-4.3146549269921e-05
36.15,4.2061387276259634e-05
36.2,4.1925700038736617e-05
36.25,0.00012139624600558857
36.300000000000004,0.00018759710929867085
36.35,0.00014542326447281563
36.4,9.443916911183957e-05
36.45,4.9505668529419074e-05
36.5,1.2852311411597188e-05
36.550000000000004,-2.592264922098813e-05
36.6,-7.573499750364491e-05
36.65,-0.0002123718006577371
36.7,-0.00024190626812600573
36.75,-0.0001851425875489316
36.800000000000004,-0.00015799074155743457
36.85,-0.00020354544356522103
36.9,-0.00026608066231539727
36.95,-0.00021334002741608436
37.0,-0.00011070882958617842
37.050000000000004,-8.449952569877798e-05
37.1,-6.04109668055662e-05
37.15,-1.3923964679446227e-05
37.2,-0.0001359933132432236
37.25,-0.00021263147017801446
37.300000000000004,-0.0002215484395329937
37.35,-0.0003276936893941174
37.4,-0.0003468003651092018
37.45,-0.00021274081360291632
37.5,-0.00032005583068769097
37.550000000000004,-0.000438411858152899
37.6,-0.0004370391977295778
37.65,-0.0004615692359887751
37.7,-0.00029875785505063774
37.75,-0.00019825842215421467
37.800000000000004,-0.00010360276074238578
37.85,-3.113806205998086e-05
37.9,9.938020587085082e-05
37.95,0.0002114206771919595
38.0,0.00018387113556189564
38.050000000000004,0.0002611819965332972
38.1,0.000273945090415991
38.15,0.0002593099803290581
38.2,0.00021356044950024297
38.25,0.00012852216607414218
38.300000000000004,0.00017285799088483233
38.35,0.00014743904323764317
38.400000000000006,2.2543500892519272e-05
38.45,5.153767441943026e-05
38.5,3.603560319992671e-05
38.550000000000004,3.770604050489414e-05
38.6,4.2430327822001883e-05
38.650000000000006,-0.00011845704124130567
38.7,-8.905403227470157e-05
38.75,-0.000129416874444608
38.800000000000004,-9.31734100165349e-05
38.85,7.317179809951865e-05
38.900000000000006,-2.0464930464952854e-05
38.95,1.9711997730791525e-05
39.0,7.853386698601852e-05
39.050000000000004,9.432891312565355e-05
39.1,0.00015922915374345375
39.150000000000006,0.00013800443562446792
39.2,0.00013541796049911276
39.25,0.00012471950863843407
39.300000000000004,-5.309757425939711e-05
39.35,-0.00010231566920666172
39.400000000000006,-8.237765706509911e-05
39.45,-0.00018869791980268317
39.5,-0.0001872290257342899
39.550000000000004,-0.00019091089279072262
39.6,-0.00011949993461899683
39.650000000000006,-0.00017063965330799867
39.7,-0.00012365693924297187
39.75,-0.00015687697989796512
39.800000000000004,-0.00026510063344377865
39.85,-6.790693162789569e-05
39.900000000000006,-3.934051093076197e-05
39.95,-7.389545366460936e-05
40.0,-9.50433882543634e-05
40.050000000000004,5.250347624949254e-05
40.1,2.083582913257055e-07
40.150000000000006,-0.00013304864940984307
40.2,-3.966202829454007e-05
40.25,-0.00013869353199254126
40.300000000000004,-0.00017454862387432927
40.35,-0.0002430781946029667
40.400000000000006,-0.00023506141027729156
40.45,-0.000125237984710588
40.5,-0.00023013388245777755
40.550000000000004,-0.0001975628856515026
40.6,-0.0002192247135590062
40.650000000000006,-0.00024013860131836813
40.7,-9.758683437082766e-05
40.75,-0.00013484394371226027
40.800000000000004,-8.517034808435713e-05
40.85,-0.00014100885763487783
40.900000000000006,-0.0001975968760824222
40.95,-4.689293806744342e-05
41.0,-7.30373952415457e-05
41.050000000000004,-1.8606051496400668e-06
41.1,9.456274438544899e-05
41.150000000000006,4.9795230243557415e-05
41.2,0.00016772699513655155
41.25,0.00023065265373935844
41.300000000000004,0.00026234621274054377
41.35,0.00036757014366790055
41.400000000000006,0.0003412502541097808
41.45,0.00026065749055424243
41.5,0.00016368307021060423
41.550000000000004,0.00015063133850559492
41.6,0.0001553715952340923
41.650000000000006,0.00018533147316538326
41.7,0.00018106737720879367
41.75,0.00018047048066691053
41.800000000000004,0.00033139795659593954
41.85,0.0003529881523750169
41.900000000000006,0.0004428801398754987
41.95,0.0004918483903326561
42.0,0.0004211309289521375
42.050000000000004,0.00042316572760268804
42.1,0.0003649508225396448
42.150000000000006,0.0004634436361597673
42.2,0.00045710086610163816
42.25,0.00035483614895254504
42.300000000000004,0.0004085285603862499
42.35,0.0003343444125558388
42.400000000000006,0.0004019951255897198
42.45,0.0003588536036147306
42.5,0.00023983901016534897
42.550000000000004,0.00032655102463752386
42.6,0.00021107276656014167
42.650000000000006,0.00024187517312325324
42.7,0.00021016903824035848
42.75,6.914213461124646e-05
42.800000000000004,0.0001524052006070691
42.85,6.615873379333738e-05
42.900000000000006,-5.437108760483248e-05
42.95,-7.767312057598596e-05
43.0,-9.216819930727032e-05
43.050000000000004,6.163389274150354e-06
43.1,-2.3416891696333912e-05
43.150000000000006,-0.00010363773697810465
43.2,-2.348535843709248e-05
43.25,-6.307788163467792e-05
43.300000000000004,-8.124469980597068e-05
43.35,-3.414993233033396e-05
43.400000000000006,-8.728032664778898e-06
43.45,-7.631011632309465e-05
43.5,-0.00022946780692169338
43.550000000000004,-0.00020443299500887406
43.6,-0.00022039632224121403
43.650000000000006,-0.0002491248563748489
43.7,-0.0002482683454981058
43.75,-0.0004020956078771516
43.800000000000004,-0.0005248546468435675
43.85,-0.0005385303644406874
43.900000000000006,-0.00048250373631728174
43.95,-0.00042364717051560183
44.0,-0.000467469709660451
44.050000000000004,-0.0005337269367184588
44.1,-0.0005109677932533943
44.150000000000006,-0.0005336786341471611
44.2,-0.0005557934470551253
44.25,-0.0004435705460140192
44.300000000000004,-0.00048529986878995807
44.35,-0.00046253603433642535
44.400000000000006,-0.0003388719067975751
44.45,-0.0004375188346580896
44.5,-0.00036170795710677725
44.550000000000004,-0.0002801036519799043
44.6,-0.0002551192833131966
44.650000000000006,-0.00010025859923524143
44.7,-0.0001409616112724622
44.75,-0.00018998890416246656
44.800000000000004,-0.00015520672326817576
44.85,-0.0001800165367863276
44.900000000000006,-0.00013661979274718573
44.95,-7.034002484570715e-05
45.0,-8.89138337167668e-05
45.050000000000004,-2.739177505405997e-05
45.1,2.1349962129563027e-05
45.150000000000006,3.071962470921185e-06
45.2,3.517100935489203e-05
45.25,4.037440186703759e-05
45.300000000000004,6.846482244393761e-05
45.35,5.925901208947953e-05
45.400000000000006,5.9567726877161814e-05
45.45,0.00011917383921655659
45.5,0.00016674907314350327
45.550000000000004,0.00020526656768679106
45.6,0.0002079789780697372
45.650000000000006,0.0001629992876418314
45.7,0.00011713860624741009
45.75,7.337029850674521e-05
45.800000000000004,3.6896822838640425e-05
45.85,9.168012618711772e-05
45.900000000000006,0.00014112991247335123
45.95,0.00024914686245892297
46.0,0.00027307393692887946
46.050000000000004,0.0002515494504654574
46.1,0.0003324347554889808
46.150000000000006,0.0002749951600396379
46.2,0.00034671728590806135
46.25,0.0003351010410123862
46.300000000000004,0.0002290030470034485
46.35,0.0002751056682232965
46.400000000000006,0.00017992045392001851
46.45,0.00012400163800848092
46.5,5.236819424107041e-05
46.550000000000004,8.539033041580539e-05
46.6,0.00017105914427328816
46.650000000000006,0.00011916524603764977
46.7,0.00013775454330379382
46.75,0.00013766755389678283
46.800000000000004,0.000205096025207642
46.85,0.00023973533273952707
46.900000000000006,0.0002215263451317735
46.95,0.00021734254541649428
47.0,0.0002502196448703605
47.050000000000004,0.00021242299656759516
47.1,0.00011584316235119425
47.150000000000006,0.00014029179322298953
47.2,8.069954480538556e-05
47.25,6.912112495125244e-06
47.300000000000004,2.5182880198803455e-05
47.35,8.870446363680235e-05
47.400000000000006,8.454129565097232e-05
47.45,0.00014495230475392292
47.5,0.0002372474330368049
47.550000000000004,0.0002031673540906632
47.6,0.00021583680812934226
47.650000000000006,0.00015786225712658607
47.7,9.537453169296719e-05
47.75,0.00010044859134875757
47.800000000000004,-5.724710065488459e-05
47.85,-0.0001087389532628994
47.900000000000006,-0.00011272233329358103
47.95,-0.0002861544755889164
48.0,-0.0003147379055734159
48.050000000000004,-0.00036713394049794006
48.1,-0.0004262504915316592
48.150000000000006,-0.0003992080701675386
48.2,-0.0003595622072103793
48.25,-0.00026495830286407413
48.300000000000004,-0.0003323534718827005
48.35,-0.00032695257321417175
48.400000000000006,-0.00022497630049273955
48.45,-0.00029613568710666534
48.5,-0.00022984816766091193
48.550000000000004,-0.00012641765929647232
48.6,-0.00013072888039778236
48.650000000000006,-0.00010903645544341693
48.7,-9.328702087306711e-05
48.75,-4.4840915776625015e-05
48.800000000000004,-0.00015390664483839821
48.85,-0.0002146664804825838
48.900000000000006,-0.0001758495070217268
48.95,-0.00021428996334151425
49.0,-0.00016354982098067225
49.050000000000004,-0.0001692567394163268
49.1,-0.0001786537555860946
49.150000000000006,-5.502337210181739e-05
49.2,2.3314163449198096e-05
49.25,-2.9084701472906222e-05
49.300000000000004,-2.9435626660587678e-05
49.35,2.5236446965539755e-05
49.400000000000006,1.1594272234766564e-05
49.45,2.6232610766014372e-05
49.5,3.2003780406387305e-05
49.550000000000004,2.2966663165972047e-05
49.6,4.2219029521281514e-05
49.650000000000006,5.335619264340806e-05
49.7,0.00014554274825405588
49.75,0.00021401674556919775
49.800000000000004,0.00025506606717996117
49.85,0.0003021292625042932
49.900000000000006,0.00022295284671149175
49.95,0.0002701643431349326
50.0,0.0003598061217434501
50.050000000000004,0.00039528930771445174
50.1,0.00044497401994862256
50.150000000000006,0.00041747244729682816
50.2,0.0005141441019994955
50.25,0.0005262049971220068
50.300000000000004,0.0004142782177296198
50.35,0.0005000914170465403
50.400000000000006,0.0003697888104936033
50.45,0.00025965145271412927
50.5,0.0003569214828906604
50.550000000000004,0.0002128214166897792
50.6,0.0002895083644947716
50.650000000000006,0.00029052257561057546
50.7,5.463274279817246e-05
50.75,2.7649608301900742e-05
50.800000000000004,2.0107301452817704e-05
50.85,-4.399281424874958e-06
50.900000000000006,-4.363856488124262e-05
50.95,-7.085955246887308e-05
51.0,-0.00012915454868936532
51.050000000000004,-0.00021332000459802698
51.1,-0.00026762747781369566
51.150000000000006,-0.00025715293437598475
51.2,-0.0002940890536110499
51.25,-0.0004363885558457098
51.300000000000004,-0.0004908656114847865
51.35,-0.00046643410963462093
51.400000000000006,-0.00046562768016417035
51.45,-0.0004527794658990489
51.5,-0.0003721612786681197
51.550000000000004,-0.000344882192097901
51.6,-0.00031149902338968425
51.650000000000006,-0.00022222780424186584
51.7,-0.0001461667744739239
51.75,-0.00011674956413804497
51.800000000000004,-0.000143633411720233
51.85,-0.00013171068818361944
51.900000000000006,-0.0001537948726371785
51.95,-0.00015713020012829296
52.0,-0.00024796585428188276
52.050000000000004,-0.00031261905652502916
52.1,-0.0002730717302388283
52.150000000000006,-0.0003559414089293327
52.2,-0.0003516967249486013
52.25,-0.0002922857723097005
52.300000000000004,-0.00022748902889085937
52.35,-0.00022417634479959797
52.400000000000006,-0.00024742477573844163
52.45,-0.000196926249137095
52.5,-0.0001878466894940126
52.550000000000004,-0.00016966006738998465
52.6,-0.00016762780654606884
52.650000000000006,-0.00020478236280968855
52.7,-0.0002528883317580746
52.75,-0.00024507368127854443
52.800000000000004,-0.0002251754780467713
52.85,-0.00018056184013157329
52.900000000000006,-0.00022194121919042554
52.95,-0.0002452912357248627
53.0,-0.00014213151697388496
53.050000000000004,-0.0001792036250447042
53.1,-9.348055065221154e-05
53.150000000000006,-8.92909043515473e-05
53.2,-0.00015771850345192544
53.25,-5.9513062366419555e-05
53.300000000000004,-1.1634718292332337e-05
53.35,3.941322232230345e-05
53.400000000000006,5.127859984663643e-05
53.45,0.00010420638436747356
53.5,0.0001454420113826605
53.550000000000004,0.00012297381971224265
53.6,8.5096866015259e-05
53.650000000000006,8.902225608416353e-05
53.7,0.0001481231810213292
53.75,0.0001628346553285755
53.800000000000004,0.00021562989641841425
53.85,0.0003302839320020845
53.900000000000006,0.00033293006444872554
53.95,0.00024214198550809795
54.0,0.0003254028055372131
54.050000000000004,0.00030928164517144774
54.1,0.000275507980510608
54.150000000000006,0.0003251295163796804
54.2,0.000260502385019516
54.25,0.0002970981303731216
54.300000000000004,0.0002439597583103695
54.35,0.00024968734468470744
54.400000000000006,0.0002377477347883399
54.45,0.0002549479004820635
54.5,0.0004127368700480438
54.550000000000004,0.00045328581357758426
54.6,0.0005266802210805706
54.650000000000006,0.000589078925062595
54.7,0.0005736072191340289
54.75,0.0004267645235641017
54.800000000000004,0.0004613558248863171
54.85,0.00043738391170925443
54.900000000000006,0.00036227497399477063
54.95,0.00046858819853844516
55.0,0.00039744387569202907
55.050000000000004,0.00041780864343211356
55.1,0.00039370665027488777
55.150000000000006,0.0003295915064427959
55.2,0.0003644021783285758
55.25,0.00028637514096372085
55.300000000000004,0.000287203138233794
55.35,0.00027251860836620336
55.400000000000006,0.00019476375947099367
55.45,0.00019956424323317397
55.5,0.0001873511619595105
55.550000000000004,0.00019378401194497166
55.6,0.0001519863502656552
55.650000000000006,0.00010133260746825041
55.7,0.0001562415225161494
55.75,0.00013466937023446436
55.800000000000004,0.00010496794124351842
55.85,6.638871834750514e-05
55.900000000000006,-3.23417800536763e-05
55.95,-2.1822048213340203e-05
56.0,-7.146479427294839e-05
56.050000000000004,-0.00014784005482685
56.1,-4.5881759346746855e-05
56.150000000000006,-1.8739071171176843e-06
56.2,-2.1766309752355545e-05
56.25,8.859407812314257e-06
56.300000000000004,4.318767545092116e-05
56.35,-1.2617265634452656e-06
56.400000000000006,-8.95728704646494e-05
56.45,-4.93723100045262e-05
56.5,-2.3324329623751965e-05
56.550000000000004,-8.796498635538487e-05
56.6,-0.00019054595272799965
56.650000000000006,-0.00024116819241082086
56.7,-0.0001462175651367543
56.75,-0.00015238009710654595
56.800000000000004,-0.00014077910002518215
56.85,-4.677782405824033e-05
56.900000000000006,-8.734160042081696e-05
56.95,-9.306865178877491e-05
57.0,-2.7556561605050752e-05
57.050000000000004,-8.206648903646708e-06
57.1,-3.5767030143465454e-05
57.150000000000006,-1.1421926402333998e-05
57.2,-7.486282585361545e-05
57.25,-0.00017854171310445921
57.300000000000004,-0.00017831871845429382
57.35,-0.00021537108030250296
57.400000000000006,-0.0002206031007142023
57.45,-0.00022894087463907922
57.5,-0.00024113176502363635
57.550000000000004,-0.00023340357522422253
57.6,-0.00021170453475851512
57.650000000000006,-0.0001975860382345855
57.7,-0.00018213580159348136
57.75,-0.00010145841153652235
57.800000000000004,-9.450102549520914e-05
57.85,-0.00019544575735646282
57.900000000000006,-0.0002549502378692007
57.95,-0.000223978789404149
58.0,-0.00026228240217894696
58.050000000000004,-0.00024726677277904713
58.1,-0.000172990580178385
58.150000000000006,-0.0001679978088531039
58.2,-0.00016690575601498379
58.25,-0.0002276718171778496
58.300000000000004,-0.00020020943948441134
58.35,-0.0001647661168397049
58.400000000000006,-0.00024096890520420528
58.45,-0.00026089845771539057
58.5,-0.0002208412642635969
58.550000000000004,-0.00016240748197366762
58.6,-0.00018293312419376308
58.650000000000006,-0.00022446421063737623
58.7,-0.000177778664461883
58.75,-0.00011197750008575722
58.800000000000004,-0.00018012210174562403
58.85,-0.00022543704006527837
58.900000000000006,-0.0001104650765498606
58.95,-7.22276426182787e-05
59.0,-9.95794821018942e-05
59.050000000000004,-0.0001360513520782329
59.1,-0.00020021821939689488
59.150000000000006,-0.00022149326628537945
59.2,-0.0002214231985849004
59.25,-0.00022155456636870557
59.300000000000004,-0.0001631883015682127
59.35,-0.0001124514603726204
59.400000000000006,-9.237616180697839e-05
59.45,-8.067054893078692e-05
59.5,-8.104809199373626e-05
59.550000000000004,-4.223911321611273e-05
59.6,-4.597321814835342e-05
59.650000000000006,-5.9555784683678265e-05
59.7,8.406017884922891e-06
59.75,6.800984836095072e-05
59.800000000000004,4.86718503724753e-05
59.85,1.6625198906092603e-06
59.900000000000006,-4.180888654074963e-05
59.95,-9.065572087867368e-05
60.0,-0.0001597353233436699
60.050000000000004,-9.226878642188657e-05
60.1,-1.1910092171440254e-06
60.150000000000006,-4.8475675542458086e-05
60.2,-5.282410120074379e-05
60.25,-7.664594515827831e-05
60.300000000000004,-0.000114736534366027
60.35,-0.00013142754536172975
60.400000000000006,-0.00012300014678264022
60.45,-7.681925799245357e-05
60.5,-8.872969472702052e-05
60.550000000000004,-0.00014312416142623865
60.6,-0.00010848517421337314
60.650000000000006,-0.00011780800476525367
60.7,-0.00010644625432969083
60.75,-5.136222250885661e-05
60.800000000000004,-0.00017174057130277506
60.85,-0.00017631559978359561
60.900000000000006,-0.00017802093335426812
60.95,-0.00019319839321735972
61.0,-0.00014085498753044798
61.050000000000004,-0.00013392422920263859
61.1,-0.0001055303231403817
61.150000000000006,-0.00014557331086665536
61.2,-0.00010470285119080366
61.25,-7.35619671660849e-05
61.300000000000004,-0.00013090545619433728
61.35,-0.00016973472326936172
61.400000000000006,-0.00017221280065778563
61.45,-0.0001977761358322082
61.5,-0.0002545932514517058
61.550000000000004,-0.00016953737820960514
61.6,-0.0001216701911184658
61.650000000000006,-0.00011247315038865626
61.7,-1.5121566403838755e-06
61.75,6.335759691245555e-05
61.800000000000004,5.9850169358952777e-05
61.85,9.124886763340707e-05
61.900000000000006,8.771479353620279e-05
61.95,9.829116603900527e-05
62.0,0.00017796525690115606
62.050000000000004,0.0001573341848924409
62.1,0.00015231220961786326
62.150000000000006,0.0003174502277661004
62.2,0.00046476981624889353
62.25,0.00041297959876374226
62.300000000000004,0.0004109929678544006
62.35,0.00046252876115670784
62.400000000000006,0.0004605967113329242
62.45,0.0005069932710241351
62.5,0.0005259345619193613
62.550000000000004,0.0005055357768667614
62.6,0.0004279679031331153
62.650000000000006,0.0004009711188793387
62.7,0.00037625265393139513
62.75,0.0002653969019537442
62.800000000000004,0.00029056781576344896
62.85,0.00034700327636925525
62.900000000000006,0.0003440583124245035
62.95,0.0004667458696025962
63.0,0.0005315440581629815
63.050000000000004,0.00048421523275066366
63.1,0.0004451298181536584
63.150000000000006,0.000365251033083873
63.2,0.00042513316784449206
63.25,0.0005534488010120395
63.300000000000004,0.0005228375475231483
63.35,0.00043732294973477463
63.400000000000006,0.0004016714460048418
63.45,0.00029031515563015517
63.5,0.00013966303550823345
63.550000000000004,0.00011615129777893211
63.6,9.198267125142856e-05
63.650000000000006,0.00017340903883892152
63.7,0.00022445975050712093
63.75,0.00013739855784145836
63.800000000000004,0.00020423039204841222
63.85,0.0001738171655559169
63.900000000000006,5.507542496578526e-05
63.95,-1.8995127778696044e-05
64.0,-0.00011675157031566375
64.05,-9.10771545233072e-05
64.10000000000001,-9.428969744325467e-05
64.15,-0.00015610988087751357
64.2,-0.00017474508676754039
64.25,-0.00022003892505561561
64.3,-0.00029422086726007445
64.35000000000001,-0.00031778898675889015
64.4,-0.00023427486760534038
64.45,-0.0002123432888229554
64.5,-0.00019924107625312213
64.55,-0.00013032692228598426
64.60000000000001,-0.0001779809238941972
64.65,-0.00017428304889387377
64.7,-9.991605175247527e-05
64.75,-5.518794242378854e-05
64.8,-7.40737548526879e-06
64.85000000000001,1.444680141284879e-05
64.9,3.563566457416343e-05
64.95,1.2319967004987422e-05
65.0,2.1028597293597607e-05
65.05,-2.8821886039320462e-06
65.10000000000001,-0.00010622386416513106
65.15,-4.528965537794702e-05
65.2,-2.961110529901758e-05
65.25,-0.00016098283828633878
65.3,-8.127413283001575e-05
65.35000000000001,4.827921735014394e-05
65.4,-6.432900541087737e-05
65.45,-1.564436831277762e-05
65.5,0.00012002981325359942
65.55,-1.4697970576985464e-05
65.60000000000001,-5.7239124005621634e-05
65.65,1.3204719070562563e-06
65.7,-4.9294084967394434e-05
65.75,-4.1163818098622855e-05
65.8,-6.2404145837895055e-06
65.85000000000001,-7.826843358818222e-05
65.9,-6.703853763603502e-05
65.95,1.4416562252142896e-06
66.0,-3.4063943877140146e-05
66.05,1.516794823109614e-05
66.10000000000001,-1.4327809246008783e-05
66.15,-0.00012849748603287124
66.2,-9.626602739818175e-05
66.25,-0.00014722677901635886
66.3,-0.00021971176858894082
66.35000000000001,-0.00017923768868302711
66.4,-0.0001758954141804153
66.45,-0.00022826241037584308
66.5,-0.00029101696461472225
66.55,-0.000236362845771729
66.60000000000001,-0.00016163691388461539
66.65,-0.00022064504193093637
66.7,-0.00023655205288859637
66.75,-0.00021084600265601107
66.8,-0.00022674641677172534
66.85000000000001,-0.00025304871101506667
66.9,-0.0002912408739033137
66.95,-0.0002387889717488932
67.0,-0.00021977817908398355
67.05,-0.0002951374918113592
67.10000000000001,-0.0002724282566322815
67.15,-0.00023784187476514577
67.2,-0.00025825136624018437
67.25,-0.0002853626208812302
67.3,-0.00023447383448558102
67.35000000000001,-0.00014199438177084003
67.4,-8.742839286472466e-05
67.45,-2.6939716971536913e-05
67.5,-3.260228643440276e-05
67.55,-8.568939045164143e-06
67.60000000000001,-9.08121892608296e-06
67.65,-3.7855716976238135e-05
67.7,4.9993718213091485e-05
67.75,0.00012369524112694862
67.8,0.0001386666098765766
67.85000000000001,8.599026438866047e-05
67.9,9.049111529253184e-05
67.95,0.00011650317640231335
68.0,2.656763517411427e-05
68.05,1.609578130587408e-05
68.10000000000001,1.152802786710249e-05
68.15,2.6237403135795128e-05
68.2,9.885942521548134e-05
68.25,0.00010530967249140736
68.3,0.0001243464515785543
68.35000000000001,0.00010767277896613358
68.4,8.872318908363937e-05
68.45,-6.061708892417242e-06
68.5,-0.00011204075888053784
68.55,-0.00013931031864508454
68.60000000000001,-0.00016885983857916693
68.65,-0.0001754278067842282
68.7,-0.00027269622242466696
68.75,-0.00023999096264907743
68.8,-0.00018356384604499698
68.85000000000001,-0.00021338173742551224
68.9,-0.00011322853063619648
68.95,-0.00010600910954129614
69.0,-0.00017166290636851813
69.05,-0.0001229512848399638
69.10000000000001,-5.6466767922078903e-05
69.15,-4.131035945141118e-05
69.2,5.7002667477692185e-05
69.25,0.00019240476264109795
69.3,0.00028687880884910186
69.35000000000001,0.0002965863276731325
69.4,0.00021483953313503398
69.45,0.0002533966383200971
69.5,0.00028965977095308604
69.55,0.00024115380405019153
69.60000000000001,0.00034564246528935176
69.65,0.0004248019049391471
69.7,0.00037312361391102276
69.75,0.000404594923346595
69.8,0.0003646684536777816
69.85000000000001,0.00027934913067420385
69.9,0.00028089282997257193
69.95,0.00024670178992206634
70.0,0.00027559629951887625
70.05,0.0003326542197824873
70.10000000000001,0.00022914961790814893
70.15,0.0001307740381610959
70.2,9.622508521910899e-05
70.25,4.0055746734330215e-05
70.3,-1.9159079432070355e-05
70.35000000000001,-0.00011336940404541403
70.4,-0.0001348386763660885
70.45,-0.00013334920521533615
70.5,-0.00010444329570611127
70.55,-9.27021327121839e-05
70.60000000000001,-0.00017762852281399112
70.65,-9.248094067387436e-05
70.7,8.936484130104972e-06
70.75,-6.375981354400446e-06
70.8,-2.4471458476976703e-06
70.85000000000001,1.1063543883356164e-05
70.9,7.947966325326129e-05
70.95,0.00010100812399975374
71.0,4.444214620286435e-05
71.05,1.454645181848516e-05
71.10000000000001,1.2063887659823718e-05
71.15,-2.913389606060507e-05
71.2,-4.4404839563063877e-05
71.25,-1.3687671276336933e-05
71.3,-1.7970936997970013e-05
71.35000000000001,4.751023278223721e-05
71.4,0.0001084544689679909
71.45,0.00010987878367686381
71.5,9.339198082125404e-05
71.55,4.636290571360316e-05
71.60000000000001,-1.9320117215999187e-05
71.65,-2.3411483714205673e-05
71.7,5.043527878169284e-05
71.75,6.030479087929812e-05
71.8,0.00010130303287424418
71.85000000000001,0.00011101714879969895
71.9,4.635267328933948e-05
71.95,2.024802654358468e-05
72.0,-2.4508434667219444e-05
72.05,-1.732998087712816e-05
72.10000000000001,2.9895655457894752e-05
72.15,3.618052500826743e-05
72.2,5.8737244134452634e-05
72.25,5.670068587546763e-05
72.3,4.493178663034934e-05
72.35000000000001,6.058193729303804e-05
72.4,5.832807321858014e-05
72.45,8.052277905061734e-05
72.5,7.144090130289009e-05
72.55,0.00012693210340079155
72.60000000000001,0.00016526586235787329
72.65,5.344377385849229e-05
72.7,3.968790868942508e-06
72.75,-1.0649455791280565e-05
72.8,-4.539278021581387e-05
72.85000000000001,-3.3388716275274213e-05
72.9,1.1989796576857425e-05
72.95,9.755644485753845e-06
73.0,-8.987165743129859e-05
73.05,-0.00016057832142267497
73.10000000000001,-0.00013251952877229035
73.15,-2.501202556629511e-05
73.2,0.00012256613835047504
73.25,0.0001697871325161308
73.3,0.00014265822563299679
73.35000000000001,9.616427851778962e-05
73.4,1.5446941787184728e-05
73.45,-6.234112106305755e-05
73.5,-5.323732832719169e-05
73.55,-6.200447647595091e-05
73.60000000000001,-0.0001049866845464476
73.65,-9.970720438665761e-05
73.7,-0.00015910178799652318
73.75,-0.00021481081593835498
73.8,-0.0002779770549136023
73.85000000000001,-0.00036048622137102376
73.9,-0.00035534179974234067
73.95,-0.00025139595993404405
74.0,-0.0001645561271365496
74.05,-0.00010596475370434226
74.10000000000001,-6.0015743023549196e-05
74.15,-9.283442917033917e-05
74.2,-0.0002044178806262015
74.25,-0.00033532202325581593
74.3,-0.00035105835676336414
74.35000000000001,-0.00033409828247763635
74.4,-0.00032604740147714134
74.45,-0.00034473482768029374
74.5,-0.0004243359211902654
74.55,-0.0004006413728036873
74.60000000000001,-0.0003672675276127746
74.65,-0.000372506856795112
74.7,-0.00030787592634632467
74.75,-0.0002632758776284928
74.8,-0.00022607194006609614
74.85000000000001,-0.00013533342259470788
74.9,-8.319038881860578e-05
74.95,-6.22090509171987e-05
75.0,-4.712326278980502e-05
75.05,-6.021971508079573e-05
75.10000000000001,-3.833851142065817e-05
75.15,-7.806764356299511e-05
75.2,-7.240936607792823e-05
75.25,2.9908070893962127e-05
75.3,3.5704976448787457e-05
75.35000000000001,9.627378645045124e-06
75.4,1.3349264528909618e-05
75.45,3.127122211301867e-05
75.5,3.213034065306463e-06
75.55,3.6915551376301436e-05
75.60000000000001,7.962869990407516e-05
75.65,0.00012466924558248127
75.7,0.00028275009284454115
75.75,0.0002455244961013712
75.8,0.00023069929733140254
75.85000000000001,0.00025090958648865756
75.9,0.00014566828158496439
75.95,0.00011336383043390891
76.0,7.672663307365197e-05
76.05,0.00011972100866570616
76.10000000000001,8.928992803602892e-05
76.15,6.12245092107823e-05
76.2,0.00011131584025221073
76.25,0.00016080815749374626
76.3,0.00020004592264684213
76.35000000000001,0.0001183237164704691
76.4,0.0002477721575967999
76.45,0.0003914961718120201
76.5,0.00042690199525479794
76.55,0.0004565289234418713
76.60000000000001,0.0004135091119076843
76.65,0.0003662031309343602
76.7,0.0003272454799967049
76.75,0.0002736059515070243
76.80000000000001,9.012059857151371e-05
76.85000000000001,-8.476568615875762e-06
76.9,-2.3668546828691775e-05
76.95,7.098297307084837e-07
77.0,-5.924827930027359e-06
77.05000000000001,-8.963653033527513e-05
77.10000000000001,-0.00010627788897134094
77.15,-0.00013386264046898
77.2,-0.0001240922917423418
77.25,-0.00022631003120431153
77.30000000000001,-0.00029042466308887267
77.35000000000001,-0.0001930935592557227
77.4,-0.00022037464104220778
77.45,-0.00021251778058875237
77.5,-0.0001331131846040449
77.55000000000001,-0.00014339275132016613
77.60000000000001,-0.00018762850906706906
77.65,-0.00014173532852845646
77.7,-5.1035261407274585e-05
77.75,-6.412933558398445e-05
77.80000000000001,-0.00010002748445248886
77.85000000000001,-0.00011266137340492272
77.9,-0.00014289534991317513
77.95,-0.00013871716480927108
78.0,-0.0001432204026124764
78.05000000000001,-0.00011330917561492926
78.10000000000001,-0.00013665808271336096
78.15,-0.0001493670600956977
78.2,-2.3636981629015756e-05
78.25,-6.890670103991587e-06
78.30000000000001,3.5357913057646526e-05
78.35000000000001,0.00011574047749438584
78.4,0.0001346935792720771
78.45,0.00015760267564900236
78.5,0.0001956131260204617
78.55000000000001,0.00021008827259621693
78.60000000000001,4.49952064335791e-05
78.65,4.583505717246225e-05
78.7,0.00011155769805194436
78.75,5.566633264637329e-05
78.80000000000001,0.000177594917375734
78.85000000000001,0.00025666780954973565
78.9,0.00022378401977878116
78.95,0.00020822706578554477
79.0,0.0002657220117493135
79.05000000000001,0.00026549740822356667
79.10000000000001,0.0001993789306429985
79.15,0.0001959066370839077
79.2,0.0002000961269310964
79.25,0.0002201190411092761
79.30000000000001,0.0001578959723117407
79.35000000000001,0.0001560837951399925
79.4,0.0002102225916950441
79.45,0.00022594769592129444
79.5,0.000221089381000455
79.55000000000001,0.00017112604103565566
79.60000000000001,0.00015407183495596183
79.65,0.00020113096322021143
79.7,0.0002498878150029673
79.75,0.00019706093164572464
79.80000000000001,0.0002031385648830863
79.85000000000001,0.00020719082753102791
79.9,0.00017280718109234598
79.95,7.026411185015882e-05
80.0,-7.564753315166694e-06
80.05000000000001,5.445630265474121e-06
80.10000000000001,-9.05786377101774e-05
80.15,-7.199382308544685e-05
80.2,-5.545648884244446e-05
80.25,-3.131098170716887e-05
80.30000000000001,-4.71137782217228e-05
80.35000000000001,-0.00011698582946356254
80.4,-0.0001309649057363483
80.45,-0.00025326085958097145
80.5,-0.0002364541138920023
80.55000000000001,-0.0002120620812495268
80.60000000000001,-0.0001652285796026036
80.65,-8.109750049856317e-05
80.7,-7.70692197802491e-05
80.75,-3.352285951542454e-05
80.80000000000001,-5.2255648759236206e-05
80.85000000000001,-2.702108762035044e-05
80.9,1.0226738596108365e-05
80.95,5.243275658623477e-06
81.0,1.9694023290374252e-05
81.05000000000001,3.9457040197921975e-05
81.10000000000001,4.446622000402272e-05
81.15,5.849320122420784e-05
81.2,9.936546103764081e-05
81.25,0.00010689400243689987
81.30000000000001,0.00010930839210926502
81.35000000000001,0.00012369294607403772
81.4,6.68251050563699e-05
81.45,-4.0881723064577775e-06
81.5,-4.3728186194695986e-05
81.55000000000001,-0.00016652419103573173
81.60000000000001,-0.00019713019377025066
81.65,-0.0002165399141254802
81.7,-0.00027751259186268624
81.75,-0.0003005510876092513
81.80000000000001,-0.00041345907529297387
81.85000000000001,-0.0004668962035400536
81.9,-0.0004616108875200016
81.95,-0.00042584307107835535
82.0,-0.0003647993036187484
82.05000000000001,-0.0001826363155367687
82.10000000000001,-8.29453222865846e-05
82.15,-0.0001861000428694192
82.2,-0.00020158772133545158
82.25,-0.00028618978005479713
82.30000000000001,-0.0002794208717082115
82.35000000000001,-0.0002890235584159857
82.4,-0.0004108522008210541
82.45,-0.0003759415189401576
82.5,-0.00032992780890928443
82.55000000000001,-0.00025572741067092253
82.60000000000001,-0.00024250761336996014
82.65,-0.0002910171032531827
82.7,-0.00031730103043057785
82.75,-0.0003540576809412642
82.80000000000001,-0.00030321496238697556
82.85000000000001,-0.0002249626753571515
82.9,-5.317832138890927e-05
82.95,0.00016532253370342846
83.0,0.00020168600030527292
83.05000000000001,0.0002059950990406541
83.10000000000001,0.00023025506028455313
83.15,0.00014443279361158978
83.2,0.00010306940057375857
83.25,0.00024733174073366234
83.30000000000001,0.00034687989988091785
83.35000000000001,0.00040765227811848413
83.4,0.0005299500022916275
83.45,0.0004782320796213128
83.5,0.0004144697765075736
83.55000000000001,0.00038472425424972427
83.60000000000001,0.0003072583535810497
83.65,0.0002935184513266365
83.7,0.00027811371216493805
83.75,0.00035168616226676115
83.80000000000001,0.0003470521415120403
83.85000000000001,0.00025157482750314463
83.9,0.00021310834575969891
83.95,0.000117223059483774
84.0,7.313643558518836e-05
84.05000000000001,5.8552567964414755e-05
84.10000000000001,8.386817490761797e-05
84.15,8.666467654640844e-05
84.2,5.7277487586626985e-05
84.25,9.303600894286966e-05
84.30000000000001,0.000126320669353248
84.35000000000001,0.0001170034381279007
84.4,-1.0491483226107216e-06
84.45,-5.620617246291348e-05
84.5,-2.9154448820970443e-05
84.55000000000001,-1.4261816624970799e-05
84.60000000000001,5.087979637500162e-05
84.65,0.00011276840237307137
84.7,0.00019071739888498908
84.75,0.0002111635490549957
84.80000000000001,0.00020382256267361686
84.85000000000001,0.0002147565132791471
84.9,0.00016074318456373455
84.95,0.00019038066046066088
85.0,0.00020335755891555559
85.05000000000001,0.00015285955131747757
85.10000000000001,8.86641517234292e-05
85.15,-2.1182532886534227e-05
85.2,-3.997023182420247e-05
85.25,-1.6741972600410075e-05
85.30000000000001,-4.99877057245134e-06
85.35000000000001,3.686419052712875e-05
85.4,0.00012147429841777156
85.45,0.00021836425807012766
85.5,0.00023316771554100654
85.55000000000001,0.00019114360909671597
85.60000000000001,0.00018888029159026858
85.65,0.00017510653549411112
85.7,0.0001275287620707697
85.75,0.00013084746790276104
85.80000000000001,0.00018877479919191442
85.85000000000001,0.00018762689101296933
85.9,0.00016603779069052148
85.95,0.00015744058777704945
86.0,9.421866897320895e-05
86.05000000000001,7.593361434858628e-05
86.10000000000001,4.091320990293067e-05
86.15,1.4417977781493152e-05
86.2,4.7714068109627216e-05
86.25,2.7118778887446e-05
86.30000000000001,-5.331346664090723e-05
86.35000000000001,-0.00010442234729455506
86.4,-6.230983660647977e-05
86.45,-3.099880214499516e-05
86.5,-8.261001264584582e-06
86.55000000000001,-1.4901436594005423e-05
86.60000000000001,-4.110699698356978e-06
86.65,4.417231030458923e-05
86.7,4.524396622619519e-05
86.75,-5.353709784014555e-06
86.80000000000001,-8.533001966550945e-05
86.85000000000001,-0.00020285763074047854
86.9,-0.0003259862858711156
86.95,-0.0002384981719065244
87.0,-0.00017072642476813677
87.05000000000001,-0.00012489882077197726
87.10000000000001,3.941566647610767e-05
87.15,8.148231236740166e-05
87.2,4.8112841163207755e-05
87.25,-8.966820037733661e-05
87.30000000000001,-0.000270188405706292
87.35000000000001,-0.00029060258571624785
87.4,-0.0002660751439634993
87.45,-0.00023598289237272436
87.5,-7.47534241169821e-05
87.55000000000001,-4.6896237724768974e-05
87.60000000000001,-8.182150829151265e-05
87.65,-8.293372562527627e-05
87.7,-0.00029393737619226915
87.75,-0.00040722067878665836
87.80000000000001,-0.0003455058433388134
87.85000000000001,-0.0003264912505584442
87.9,-0.00024094910811719392
87.95,-0.00012602508518471363
88.0,-0.00016375228631685784
88.05000000000001,-0.00018397518519325232
88.10000000000001,-0.00029739717373698197
88.15,-0.0004126217537323451
88.2,-0.00035280566647274275
88.25,-0.00040028782953066913
88.30000000000001,-0.0003440459629705961
88.35000000000001,-0.0002606038365639189
88.4,-0.000354283358179877
88.45,-0.0003657657876474407
88.5,-0.00033590967277520063
88.55000000000001,-0.00035609829827966253
88.60000000000001,-0.0003943745173685552
88.65,-0.00038831744928221685
88.7,-0.00032528794659323934
88.75,-0.00027140612746834704
88.80000000000001,-0.00022517770941875217
88.85000000000001,-0.00022225892436880242
88.9,-0.00017125052743763536
88.95,-7.28867995928964e-05
89.0,-0.00011291224632277033
89.05000000000001,-0.00016723457546394938
89.10000000000001,-9.541505566388773e-05
89.15,-5.422024092977221e-05
89.2,-7.976043741507059e-06
89.25,-3.3203297214221835e-05
89.30000000000001,-6.153507077268215e-05
89.35000000000001,-1.6431169411917843e-05
89.4,-6.728877455640211e-05
89.45,-0.00010115981296194598
89.5,-0.00013363745761620305
89.55000000000001,-6.14326201420741e-05
89.60000000000001,-1.4562381140707266e-05
89.65,-7.133625911118693e-06
89.7,-4.9572838842683e-06
89.75,-6.374885573417021e-05
89.80000000000001,6.713706713728658e-06
89.85000000000001,-7.293205799745018e-05
89.9,-0.0001340113884243391
89.95,-3.757002162272607e-05
90.0,-1.9875502031240725e-05
90.05000000000001,-5.41685452744781e-05
90.10000000000001,-4.756163637771019e-05
90.15,5.15715810557621e-06
90.2,1.9295142901835812e-05
90.25,0.00018804669655991417
90.30000000000001,0.000218675331672734
90.35000000000001,8.518641822973504e-05
90.4,0.00011525976284063025
90.45,1.6901846812799457e-05
90.5,-6.127383923656994e-05
90.55000000000001,-5.164231661248751e-05
90.60000000000001,4.877917314029748e-05
90.65,0.00012854925366815055
90.7,1.8271437455467113e-05
90.75,7.534578620404927e-05
90.80000000000001,4.567214018938906e-05
90.85000000000001,-1.0555000107840364e-05
90.9,5.007630454923929e-05
90.95,6.901266634597113e-06
91.0,3.9739312518349395e-05
91.05000000000001,0.000119622962375797
91.10000000000001,0.00014774135876589642
91.15,0.00013599255429991004
91.2,0.0001980673431994668
91.25,0.00025298684765842676
91.30000000000001,0.00024949260545693787
91.35000000000001,0.00036368816974331194
91.4,0.0004945329006599415
91.45,0.0005045783514572336
91.5,0.000389375353565128
91.55000000000001,0.00026558579467579054
91.60000000000001,0.00022015086240256314
91.65,0.00019512393864139536
91.7,0.000122899061661313
91.75,0.0001037911608855138
91.80000000000001,0.00011477473940812691
91.85000000000001,5.852276424568724e-05
91.9,2.7176473746909275e-05
91.95,-3.349675271096739e-05
92.0,-3.209907199815401e-05
92.05000000000001,8.933155257411911e-05
92.10000000000001,6.628907525002815e-05
92.15,5.774023533913966e-06
92.2,0.00014407107635502946
92.25,0.00012156783246066217
92.30000000000001,1.1085565725532468e-05
92.35000000000001,1.993078722382655e-05
92.4,-2.4270136682568204e-05
92.45,2.4861753558239332e-05
92.5,0.00010417537155429995
92.55000000000001,0.00012228488978599658
92.60000000000001,0.00014160805812766004
92.65,0.00025948403326667054
92.7,0.00032062713158241253
92.75,0.0003369294853175499
92.80000000000001,0.0003641207911373215
92.85000000000001,0.0002877804052905167
92.9,0.0002914358812373345
92.95,0.00023168856991518297
93.0,0.00022073624494810834
93.05000000000001,0.00027492769098810073
93.10000000000001,0.00020256765650549503
93.15,0.00019981372342222617
93.2,0.00017156191871705272
93.25,8.214911162948607e-05
93.30000000000001,9.578257530761547e-05
93.35000000000001,0.00011884363785763173
93.4,0.00010452323964761843
93.45,8.17994623212292e-05
93.5,8.410822819578242e-05
93.55000000000001,0.00016643261268612403
93.60000000000001,0.00017571165702536342
93.65,9.708468524379231e-05
93.7,4.126007482769728e-05
93.75,6.544899146754721e-05
93.80000000000001,7.751664194111461e-05
93.85000000000001,3.808196215229316e-05
93.9,0.00011357841073664427
93.95,0.00017323379484386506
94.0,0.00016280608941078546
94.05000000000001,0.00010012535769416606
94.10000000000001,2.0853763802293818e-05
94.15,0.00010405486531995918
94.2,0.0001669443989182048
94.25,0.00017311155331939767
94.30000000000001,0.00018348007705685433
94.35000000000001,0.00010145463193268478
94.4,1.3327862164106504e-06
94.45,-0.00011911849621786077
94.5,-0.00016479768173279698
94.55000000000001,-0.0002412170993196411
94.60000000000001,-0.00031791779806128614
94.65,-0.00022995557148610622
94.7,-0.00026339563509714467
94.75,-0.00034022675510416144
94.80000000000001,-0.0003935830901719278
94.85000000000001,-0.0003781463782598968
94.9,-0.0003154697604561804
94.95,-0.00028506161536300217
95.0,-0.00017696204271475382
95.05000000000001,-0.0001955060497815189
95.10000000000001,-0.00024187928519470462
95.15,-0.0002573902977103313
95.2,-0.00028588367165143565
95.25,-0.00031324909622098337
95.30000000000001,-0.0003008569723215126
95.35000000000001,-0.000244256480188901
95.4,-0.000190264888006538
95.45,-0.00013071661059158853
95.5,-0.00012728948327635513
95.55000000000001,-2.9902621896010006e-05
95.60000000000001,1.7291350295073422e-05
95.65,-8.749117673388041e-06
95.7,-2.778682658943058e-05
95.75,-4.7260307164602535e-05
95.80000000000001,-3.894356690515243e-05
95.85000000000001,-6.89734587875434e-05
95.9,-0.0001016940998389214
95.95,-0.00017500806656176035
96.0,-0.00016632712224604979
96.05000000000001,-0.00013064338062781627
96.10000000000001,-0.00012294906325225447
96.15,-0.00010610281549718915
96.2,-7.937104803221207e-05
96.25,-4.12657809392188e-06
96.30000000000001,1.1140999012378154e-05
96.35000000000001,-1.7231726031404117e-05
96.4,-8.553948057459881e-05
96.45,-4.51894331658821e-05
96.5,1.1674775538260976e-05
96.55000000000001,-1.2291667200015839e-05
96.60000000000001,9.317396344253071e-05
96.65,0.0001675705588659646
96.7,9.349173005881026e-05
96.75,7.376986676008479e-05
96.80000000000001,0.00013588610079190354
96.85000000000001,9.036155074997816e-05
96.9,3.3034488053001505e-05
96.95,0.00011546915262090586
97.0,0.00022397390148671794
97.05000000000001,0.0002641754037290966
97.10000000000001,0.0003163084771008595
97.15,0.0002778265726365813
97.2,0.00018512664740110232
97.25,0.00021875026339922746
97.30000000000001,0.0001632127381020542
97.35000000000001,0.00014704464807122557
97.4,0.0001932686331271692
97.45,0.00022014241411308648
97.5,0.0002796661478910821
97.55000000000001,0.0002395726306466346
97.60000000000001,0.00024250967842144757
97.65,0.00021565118603629433
97.7,0.00021248336621450118
97.75,0.00020401794543796473
97.80000000000001,0.00015160749669622031
97.85000000000001,0.00022984951011859405
97.9,0.0002188013105813111
97.95,0.00017640732839556615
98.0,0.00012048930291622927
98.05000000000001,4.9698534440803755e-06
98.10000000000001,-5.7223450019380366e-05
98.15,-4.232460905791288e-05
98.2,-8.26004120075608e-05
98.25,-8.815653043873203e-05
98.30000000000001,3.461650073280041e-05
98.35000000000001,-3.5273342812721657e-05
98.4,-4.595455722720766e-05
98.45,5.0115716996109915e-05
98.5,3.076650696636708e-05
98.55000000000001,3.71605598215681e-05
98.60000000000001,5.2198832665812484e-05
98.65,7.067060099954603e-05
98.7,0.00015275043919610199
98.75,0.00022487059269116715
98.80000000000001,0.00011092755179758567
98.85000000000001,1.895593391819523e-05
98.9,-2.281879923014499e-05
98.95,-9.613706310969719e-05
99.0,-9.029862958279793e-05
99.05000000000001,-0.00018437841890226695
99.10000000000001,-0.00029070934365476106
99.15,-0.0003037918449850788
99.2,-0.00034103027978542446
99.25,-0.0003808853158798123
99.30000000000001,-0.00043822512660784805
99.35000000000001,-0.0004506443130780077
99.4,-0.0003973460688019101
99.45,-0.00039350489712585107
99.5,-0.00033510612873553894
99.55000000000001,-0.00025633543724801016
99.60000000000001,-0.0002716237783501007
99.65,-0.00025020744967370703
99.7,-0.00015568528132237346
99.75,-6.830903903606771e-05
99.80000000000001,8.943116700591738e-06
99.85000000000001,7.309322436901497e-05
99.9,0.00013156571439181225
99.95,0.00018212604633211968
100.0,0.00014823853279706238
100.05000000000001,0.000130204923598377
100.10000000000001,0.00017928828835512986
100.15,0.00025387521968534785
100.2,0.00033687197748264304
100.25,0.0003517439600641763
100.30000000000001,0.00029328609227097376
100.35000000000001,0.0002907789801078873
100.4,0.0003196996544027765
100.45,0.00028419607769631077
100.5,0.0003053764054360274
100.55000000000001,0.00036466248246765006
100.60000000000001,0.0003654599701900721
100.65,0.00035011830635618094
100.7,0.0003438978608246033
100.75,0.0002516910535391025
100.80000000000001,0.00015151271010322107
100.85000000000001,0.00013995324437105072
100.9,0.00012116281085898376
100.95,0.00011966001242703152
101.0,9.680755397280869e-05
101.05000000000001,4.814701932131951e-05
101.10000000000001,3.9806536596521026e-05
101.15,-1.7375340987034844e-05
101.2,-0.0001189400936303461
101.25,-0.00013040156994631132
101.30000000000001,-0.00011788701762399642
101.35000000000001,-0.00017278588414860167
101.4,-0.00025720299716669025
101.45,-0.00032061169210361124
101.5,-0.00032660229993122146
101.55000000000001,-0.00037993746484147234
101.60000000000001,-0.0004657543870380354
101.65,-0.0005171790564322839
101.7,-0.00047328131030593024
101.75,-0.00038383974502569784
101.80000000000001,-0.00033652638859014863
101.85000000000001,-0.0002733823538452454
101.9,-0.00026498984096341314
101.95,-0.0002972272488600281
102.0,-0.00034036943719857187
102.05000000000001,-0.00034388663320121136
102.10000000000001,-0.0003367512632645778
102.15,-0.0002832933255803807
102.2,-0.00023551817086624852
102.25,-0.0002669782984807668
102.30000000000001,-0.0002535843606489467
102.35000000000001,-0.00030083795859599114
102.4,-0.0002697889981965628
102.45,-0.00019535232380956852
102.5,-0.00018822993245015175
102.55000000000001,-0.00012581733887427211
102.60000000000001,-0.00020054758181785727
102.65,-0.0003024469646179984
102.7,-0.0003044522637601688
102.75,-0.00038413560171514805
102.80000000000001,-0.0004166623777848097
102.85000000000001,-0.00032846572405443957
102.9,-0.00028671496612114644
102.95,-0.00034489816264523794
103.0,-0.0003447443210728784
103.05000000000001,-0.0002089707427480452
103.10000000000001,-0.00014858380947652973
103.15,-0.0001204790945141674
103.2,-4.663036623309192e-05
103.25,1.7246329751867017e-05
103.30000000000001,3.475345710907733e-05
103.35000000000001,2.7448687942727773e-05
103.4,1.68898398674476e-05
103.45,1.0517612663423713e-05
103.5,7.81859784022202e-05
103.55000000000001,0.00010919674339785451
103.60000000000001,0.00014888468198609713
103.65,0.0001890877082574955
103.7,0.00016071673434253544
103.75,9.276056467635342e-05
103.80000000000001,7.736425269618463e-05
103.85000000000001,7.738858410918796e-05
103.9,3.043196805683727e-05
103.95,2.7896697173662678e-05
104.0,1.1839411258198692e-05
104.05000000000001,1.5707482243767126e-05
104.10000000000001,1.6190394856869808e-06
104.15,8.965674045263049e-06
104.2,7.86250497460318e-05
104.25,9.246996910602077e-05
104.30000000000001,0.000150076238611756
104.35000000000001,0.0002157912242524044
104.4,0.00021383957995962024
104.45,0.00024008210400037298
104.5,0.00025292209423870125
104.55000000000001,0.00024419845912701467
104.60000000000001,0.00022729749451614792
104.65,0.000224521646948796
104.7,0.00027080457517567616
104.75,0.00032232047684057795
104.80000000000001,0.00032484132926246444
104.85000000000001,0.00031701576729342316
104.9,0.0002995986918100021
104.95,0.00022282003330217738
105.0,0.0002553556523799102
105.05000000000001,0.00027982113092193153
105.10000000000001,0.00028508292262319765
105.15,0.000300873154517382
105.2,0.0002098071922018115
105.25,0.0001567841023171382
105.30000000000001,9.500536567589282e-05
105.35000000000001,2.6711263183915385e-05
105.4,-5.774624097882299e-05
105.45,-8.03396885061734e-05
105.5,-1.6784363750212853e-06
105.55000000000001,-3.425355197071068e-05
105.60000000000001,-9.037874781579528e-05
105.65,-0.00015221113639215308
105.7,-0.0002227123405980499
105.75,-0.00021122441140898992
105.80000000000001,-0.00014299965488948324
105.85000000000001,-0.00012204995930102427
105.9,-0.00018551614329694366
105.95,-0.00017809866999630913
106.0,-0.00019192167536384878
106.05000000000001,-0.00020988646693247926
106.10000000000001,-0.00018517397848285348
106.15,-0.00022031104084493377
106.2,-0.0002305852463427477
106.25,-0.00026279776753771887
106.30000000000001,-0.00020251602118198512
106.35000000000001,-0.00017158592349079943
106.4,-0.0002859094755791011
106.45,-0.00026833470583482224
106.5,-0.00021395963401508975
106.55000000000001,-0.00028178165012768106
106.60000000000001,-0.0003343359444546326
106.65,-0.00018066094309243333
106.7,-0.00012464231396474063
106.75,-8.305588182189239e-05
106.80000000000001,-3.884262131087127e-06
106.85000000000001,-8.922093022151453e-05
106.9,-4.779858915358768e-05
106.95,-3.694748695423867e-06
107.0,3.86380307033257e-05
107.05000000000001,7.474695324967447e-05
107.10000000000001,9.646391766631525e-05
107.15,0.00010750879959307483
107.2,0.0001294335579406246
107.25,0.00024397400553155058
107.30000000000001,0.00025869370816701434
107.35000000000001,0.00028281948716045007
107.4,0.00040105846782810154
107.45,0.00047892852716015976
107.5,0.000491913297038685
107.55000000000001,0.00046825011970317676
107.60000000000001,0.00045920950488707976
107.65,0.0004439893944134599
107.7,0.00039064227325971354
107.75,0.0004202811647793567
107.80000000000001,0.0003872769728946192
107.85000000000001,0.0003154074383634741
107.9,0.00032504181094458707
107.95,0.00039166144506263027
108.0,0.00044839567103828926
108.05000000000001,0.000400882067173279
108.10000000000001,0.00043338804508503
108.15,0.0004723550653185845
108.2,0.0004672577622368304
108.25,0.0004433579081080846
108.30000000000001,0.00043929127655360924
108.35000000000001,0.0004617438179138599
108.4,0.00047059139049718626
108.45,0.0005237874060540465
108.5,0.0004987327498052664
108.55000000000001,0.0004630395465864616
108.60000000000001,0.0004479120299674307
108.65,0.00039687861020627324
108.7,0.0003374280084702283
108.75,0.00031562406756643945
108.80000000000001,0.00031437426462973774
108.85000000000001,0.0002697760130327103
108.9,0.00023829471582450525
108.95,0.00020878134060971977
109.0,0.0002146674702373078
109.05000000000001,0.0001422678101197351
109.10000000000001,8.073957630324792e-05
109.15,0.00016753568064773933
109.2,0.0001024738711232718
109.25,-1.4143975105425182e-05
109.30000000000001,-9.200824319598176e-06
109.35000000000001,-0.00010634904760017785
109.4,-0.00018596891669357815
109.45,-0.00015296030844066198
109.5,-0.00021537278274090258
109.55000000000001,-0.00025655912497282284
109.60000000000001,-0.00020296705039400296
109.65,-0.0002299539538392752
109.7,-0.00036130259960336845
109.75,-0.00043355646622395986
109.80000000000001,-0.0004853588440244397
109.85000000000001,-0.0005226605475767152
109.9,-0.0005573566159812384
109.95,-0.0006719284875839545
110.0,-0.0007021772081466428
110.05000000000001,-0.0007484167514811416
110.10000000000001,-0.0007824198452863775
110.15,-0.0007640710949158385
110.2,-0.0007126962804537791
110.25,-0.0007308387864428152
110.30000000000001,-0.0007167133526966572
110.35000000000001,-0.0006420931395858205
110.4,-0.0006474154592055115
110.45,-0.0004986388639984848
110.5,-0.0005182391260492076
110.55000000000001,-0.0005301299873913876
110.60000000000001,-0.0005045989213155202
110.65,-0.0005397317903029387
110.7,-0.0004341800495092418
110.75,-0.0003952526604175924
110.80000000000001,-0.0003761479979733125
110.85000000000001,-0.00036498612011420903
110.9,-0.00026889865060657057
110.95,-0.00021197721137827748
111.0,-0.0001763978734390767
111.05000000000001,-0.00011981729580086385
111.10000000000001,-0.0001321485828076175
111.15,5.876743430294709e-07
111.2,6.439504958394547e-05
111.25,2.6572398374541013e-05
111.30000000000001,9.664097141330823e-05
111.35000000000001,0.00011261522154073428
111.4,7.745859176593819e-05
111.45,0.00010558654161862167
111.5,0.00021185070009486657
111.55000000000001,0.0002565558648705793
111.60000000000001,0.00021740296514271383
111.65,0.00018503098248569069
111.7,0.0002404197166696513
111.75,0.000341951727684622
111.80000000000001,0.0003373005548012659
111.85000000000001,0.00036168598358082875
111.9,0.0003779486583633144
111.95,0.0003883089473400002
112.0,0.00038235599608478905
112.05000000000001,0.0003898016921909797
112.10000000000001,0.0004507601254797615
112.15,0.00048200515072514735
112.2,0.00043226022281348594
112.25,0.00037284605277023423
112.30000000000001,0.000363195157052544
112.35000000000001,0.00039289680291747025
112.4,0.00044336713598185524
112.45,0.00037788317691715776
112.5,0.00044460300000358097
112.55000000000001,0.0004287872710702026
112.60000000000001,0.00036014815340527586
112.65,0.00028474414957762906
112.7,0.00020628203354379232
112.75,0.0002629540793194555
112.80000000000001,0.0002192167931580368
112.85000000000001,0.00025487131054917464
112.9,0.0002629155909361357
112.95,0.0002864363903052449
113.0,0.0003023923200796725
113.05000000000001,0.0002453902838810653
113.10000000000001,0.0002253884518246093
113.15,0.00019928427284166052
113.2,0.00017301416436063313
113.25,0.00014359845818706472
113.30000000000001,9.394030869254887e-05
113.35000000000001,4.1864590414826124e-05
113.4,1.2626399609635054e-05
113.45,-8.814426041631381e-05
113.5,-0.00015271760755398344
113.55000000000001,-0.00019075990602991004
113.60000000000001,-0.00017478664431044806
113.65,-0.00015830168726289198
113.7,-0.00019926687729115598
113.75,-9.781824709580461e-05
113.80000000000001,-0.0001013858794314636
113.85000000000001,-0.0001520211745358752
113.9,-9.221160192135285e-05
113.95,-0.00016121375174211973
114.0,-0.00017550938260697197
114.05000000000001,-0.00014550666880750924
114.10000000000001,-0.00026811006251034765
114.15,-0.00032339328595865226
114.2,-0.00033736741930043854
114.25,-0.00036724998157532297
114.30000000000001,-0.0004219624785788049
114.35000000000001,-0.0004821917670289026
114.4,-0.00042385965685690216
114.45,-0.0004512998114574039
114.5,-0.0004946737541695238
114.55000000000001,-0.0004358469872656579
114.60000000000001,-0.0003781029107245012
114.65,-0.0004165516330224587
114.7,-0.0003580138603886501
114.75,-0.00026639284435530394
114.80000000000001,-0.00037128371388914016
114.85000000000001,-0.00032941800235100854
114.9,-0.0003287817877866906
114.95,-0.0003136525559816047
115.0,-0.0002201344966811606
115.05000000000001,-0.0002547885860359012
115.10000000000001,-0.00012338451775218405
115.15,-9.861117979555363e-05
115.2,-0.00017304120326829792
115.25,-0.00013120327733288705
115.30000000000001,-0.000151423128030693
115.35000000000001,-9.773160199066473e-05
115.4,-9.421414394136848e-05
115.45,-0.00011932539695611053
115.5,-5.121302988543003e-05
115.55000000000001,-7.191711131232135e-05
115.60000000000001,2.3632494596871058e-05
115.65,6.825627531716339e-05
115.7,-2.2007622549670192e-05
115.75,2.9983674810351536e-05
115.80000000000001,8.012180587299284e-06
115.85000000000001,-3.888411542386063e-05
115.9,-2.96901592171238e-06
115.95,2.1394125336366254e-05
116.0,2.231659335540647e-05
116.05000000000001,-3.883868178310669e-05
116.10000000000001,-3.50166158316708e-05
116.15,6.201720314782316e-05
116.2,9.697296828277303e-05
116.25,0.00011740370042355432
116.30000000000001,0.0001626893974719265
116.35000000000001,0.00017859047427429219
116.4,0.00013538691622394446
116.45,0.00010812374161823284
116.5,0.00017853321112190135
116.55000000000001,9.101955095190266e-05
116.60000000000001,0.0001435322023440489
116.65,0.0002602849050836825
116.7,0.00010469375625082835
116.75,0.0001797802818689355
116.80000000000001,0.0002433235254394362
116.85000000000001,0.0003012691678924043
116.9,0.00032761341648952926
116.95,0.00022873835292450134
117.0,0.00032042663351454563
117.05000000000001,0.0002928436076074968
117.10000000000001,0.00030945436229278797
117.15,0.00028778660119963456
117.2,0.00027688152861320473
117.25,0.0003874505742866473
117.30000000000001,0.00032303383994098164
117.35000000000001,0.0003340295011658483
117.4,0.00032236247415354805
117.45,0.00029100761469311143
117.5,0.00031872725637194124
117.55000000000001,0.00027549701856173297
117.60000000000001,0.00026459886996906977
117.65,0.00025334339155588673
117.7,0.00024544892014557654
117.75,0.00022531553106222942
117.80000000000001,0.000137220657816169
117.85000000000001,5.02681002375124e-05
117.9,-3.2566459604490574e-05
117.95,-1.6173571222510616e-05
118.0,-4.395104786800175e-05
118.05000000000001,-0.00013669938017168027
118.10000000000001,-0.0001198064086229667
118.15,-0.0001671332456343572
118.2,-0.00019991631133214934
118.25,-0.0002448998672017286
118.30000000000001,-0.00031248179404157395
118.35000000000001,-0.00032909935935096637
118.4,-0.0003527031486987023
118.45,-0.00033647875644961136
118.5,-0.00036512509667429574
118.55000000000001,-0.0003732522671398404
118.60000000000001,-0.00035936945365227184
118.65,-0.0003673095921097759
118.7,-0.00040003979719256005
118.75,-0.00038548273983818944
118.80000000000001,-0.00026344923399816597
118.85000000000001,-0.00021820147994816726
118.9,-0.0001999523367162645
118.95,-0.00010541761668144661
119.0,-4.7530006640736295e-05
119.05000000000001,-6.194871518045812e-05
119.10000000000001,-3.201510485985088e-05
119.15,-6.843261928721821e-05
119.2,-5.6771530049909525e-05
119.25,4.086755931895866e-05
119.30000000000001,-3.333528617634039e-05
119.35000000000001,-2.5263601285562073e-05
119.4,1.1591528548136901e-05
119.45,-2.0098722439435544e-05
119.5,8.212998463635734e-06
119.55000000000001,2.5946468514610133e-05
119.60000000000001,4.202397095382209e-05
119.65,5.7937708014846524e-05
119.7,7.889500302815058e-05
119.75,8.855583839747934e-05
119.80000000000001,0.00013819448085532156
119.85000000000001,0.00016837622738901552
119.9,0.0002162581855560545
119.95,0.0002759027242257938
120.0,0.0002187750221857261
120.05000000000001,0.00025886955163684303
120.10000000000001,0.0003582992341053533
120.15,0.00039075842116223237
120.2,0.00046324776210209846
120.25,0.0005066737347831962
120.30000000000001,0.0004341105315250112
120.35000000000001,0.0003755923410566326
120.4,0.0003861090208973919
120.45,0.0003549584428108273
120.5,0.0003839403906683895
120.55000000000001,0.0004188218368408116
120.60000000000001,0.00028128652405312897
120.65,0.00021207787220447953
120.7,0.00023275033478354043
120.75,0.00018653514338238665
120.80000000000001,0.0001143051649344439
120.85000000000001,2.424069911391386e-05
120.9,1.0711645972045966e-05
120.95,4.474768281662861e-05
121.0,1.1188940906971748e-05
121.05000000000001,1.8522656340096113e-05
121.10000000000001,5.6353920746708993e-05
121.15,-1.4253495979394788e-05
121.2,-6.326489555130212e-05
121.25,-3.4946914254759376e-05
121.30000000000001,-2.1425865959815413e-05
121.35000000000001,-5.018586700103023e-05
121.4,-7.44096612761485e-05
121.45,-1.4587380609481667e-05
121.5,-3.343156104491278e-05
121.55000000000001,-9.824216119176546e-05
121.60000000000001,-9.904571882186963e-05
121.65,-0.00019632569564052933
121.7,-0.0002503880697436008
121.75,-0.00025379522567561775
121.80000000000001,-0.0003239358207755171
121.85000000000001,-0.00034712129492089075
121.9,-0.0004073046930919943
121.95,-0.0004963053815903771
122.0,-0.00048408850815977726
122.05000000000001,-0.0004412328866728017
122.10000000000001,-0.0004806691126695039
122.15,-0.0004968818085914181
122.2,-0.0004802043597019174
122.25,-0.0005532265810273493
122.30000000000001,-0.0005658523335018441
122.35000000000001,-0.0004697783580720517
122.4,-0.0003861085122278744
122.45,-0.0003735335444954499
122.5,-0.000393409460773611
122.55000000000001,-0.00041749449309067845
122.60000000000001,-0.00048441813325934466
122.65,-0.000488665287295519
122.7,-0.0005223625139011192
122.75,-0.0005624693222180888
122.80000000000001,-0.00048712447397039767
122.85000000000001,-0.00045012481858463604
122.9,-0.0003964804602967719
122.95,-0.00033361470946570025
123.0,-0.0002696939618931671
123.05000000000001,-0.00019728140498558017
123.10000000000001,-0.00017209645885015934
123.15,-8.639564686537874e-05
123.2,3.3584226314492145e-06
123.25,3.475893874984748e-05
123.30000000000001,9.771677042198894e-05
123.35000000000001,0.0001766347586749579
123.4,0.00018087126773025283
123.45,0.00016095712452517556
123.5,0.00016370797112820256
123.55000000000001,0.00013934756592200726
123.60000000000001,9.605459818872143e-05
123.65,1.37731113127054e-05
123.7,-3.0961224732691987e-05
123.75,1.7582740625310245e-05
123.80000000000001,-3.379169752230315e-07
123.85000000000001,-2.304823165751186e-05
123.9,5.719344966015501e-05
123.95,8.28727839623168e-05
124.0,9.114481766035683e-05
124.05000000000001,0.0002142701662429992
124.10000000000001,0.0003497169923562442
124.15,0.00042021574562219955
124.2,0.0004881832460238158
124.25,0.0005187013564821587
124.30000000000001,0.0004679355920677404
124.35000000000001,0.0004146485154390748
124.4,0.0003610721009940546
124.45,0.00032652743930684146
124.5,0.0003050729613599836
124.55000000000001,0.0002528732050542648
124.60000000000001,0.00016844427606557566
124.65,9.562589925078544e-05
124.7,8.865977895239295e-05
124.75,5.4670723080841917e-05
124.80000000000001,1.2978370975076406e-05
124.85000000000001,3.639912041800854e-05
124.9,0.00011230259099836954
124.95,0.00017901928629956214
125.0,0.00020682906946348933
125.05000000000001,0.00024997211031345086
125.10000000000001,0.00031513548486498147
125.15,0.00035996714689474414
125.2,0.0003465729026436724
125.25,0.0003470243344408038
125.30000000000001,0.0003226837744071341
125.35000000000001,0.0003010415295600763
125.4,0.0003511964340234278
125.45,0.0002977956304918849
125.5,0.00021365255615294747
125.55000000000001,0.00017826753769891569
125.60000000000001,0.00010099056567336184
125.65,8.567540050469637e-06
125.7,-2.395998981078133e-05
125.75,4.4270670977980115e-05
125.80000000000001,3.939107004429145e-05
125.85000000000001,-4.0088329841807506e-05
125.9,-9.16353966401137e-05
125.95,-0.00015463381409993885
126.0,-0.00015107135014330144
126.05000000000001,-8.020940642121557e-05
126.10000000000001,-4.607451813760072e-05
126.15,-3.678332678713001e-05
126.2,-6.794419407070861e-05
126.25,-9.6467627570325e-05
126.30000000000001,-3.691257669570236e-05
126.35000000000001,-2.154117410997248e-05
126.4,4.8461453229126e-05
126.45,5.569302738392459e-05
126.5,-1.3227036122349055e-05
126.55000000000001,2.5962082387798125e-05
126.60000000000001,-6.67397346543583e-05
126.65,-6.249124730217003e-05
126.7,-1.10814898048536e-05
126.75,-1.653967392535146e-05
126.80000000000001,-2.7605363201260236e-05
126.85000000000001,-2.1252816991419974e-05
126.9,7.012434163915934e-05
126.95,-3.134470761161125e-06
127.0,1.0844142272162965e-05
127.05000000000001,3.99795031749935e-05
127.10000000000001,2.853707231687282e-05
127.15,6.641281083307397e-05
127.2,5.2548045400683856e-05
127.25,9.467076487106632e-05
127.30000000000001,0.00011549844165548192
127.35000000000001,0.00021161358314685143
127.4,0.000250007377148656
127.45,0.0002901113956019084
127.5,0.00032745792388669953
127.55000000000001,0.0003137413322224948
127.60000000000001,0.00038566625577723447
127.65,0.0002579055269578526
127.7,0.00021948135673114348
127.75,0.0003194224856451127
127.80000000000001,0.0002850326989194523
127.85000000000001,0.0002604463049405109
127.9,0.00023376469154471577
127.95,0.0002763066966084591
128.0,0.00033827988715962867
128.05,0.00037360684287170284
128.1,0.0003852489893918679
128.15,0.0003442181276142581
128.20000000000002,0.00035081038153662793
128.25,0.0002987640787471633
128.3,0.0002579117374158576
128.35,0.00027356641367310845
128.4,0.000248382553499119
128.45000000000002,0.0002581367600253395
128.5,0.00024263416219500873
128.55,0.00022192536592873183
128.6,0.0002576697563853431
128.65,0.0002599519810621038
128.70000000000002,0.00017600739950963295
128.75,7.789768973772027e-05
128.8,1.3908144527256805e-05
128.85,-3.9005188972981404e-05
128.9,-5.707634720007034e-05
128.95000000000002,-6.26061374242472e-05
129.0,-0.00010167172421708117
129.05,-0.00012078637266992737
129.1,-0.00011401612522967112
129.15,-0.00017127567596336555
129.20000000000002,-0.0002531952571369914
129.25,-0.0003055447199329374
129.3,-0.0003372499511340112
129.35,-0.0003304882267743408
129.4,-0.0002912131275574582
129.45000000000002,-0.0002744169935704655
129.5,-0.00030685750871516586
129.55,-0.00034693496296194854
129.6,-0.00045484235044917994
129.65,-0.0004931309017840236
129.70000000000002,-0.00045958015071244227
129.75,-0.00045747738673785043
129.8,-0.00045190920443716393
129.85,-0.00044808475146058567
129.9,-0.00040217409737080845
129.95000000000002,-0.00039963148200166255
130.0,-0.0004404643940859735
130.05,-0.0005202220444511306
130.1,-0.00047619155643170236
130.15,-0.00035964775250727827
130.20000000000002,-0.00033108823965035604
130.25,-0.0002894696426414014
130.3,-0.0002890382045222964
130.35,-0.0003409451647723169
130.4,-0.00036346484842772215
130.45000000000002,-0.00032242422515331903
130.5,-0.00030476124868002543
130.55,-0.0002933917478485086
130.6,-0.00025637105107432064
130.65,-0.00015432412010263534
130.70000000000002,-9.945044891829016e-05
130.75,-0.0001913180669847479
130.8,-0.00012901046300823433
130.85,-2.0697798068736183e-07
130.9,-2.1128060564836846e-05
130.95000000000002,2.3696953034573454e-05
131.0,6.144970596075324e-05
131.05,-1.1151475897225021e-05
131.1,-2.0243972588101628e-05
131.15,-6.613692705660191e-05
131.20000000000002,-0.00017558090228054864
131.25,-0.0001977459842005258
131.3,-0.0001593822610174846
131.35,-0.00014519464183419546
131.4,-0.00014403905199182973
131.45000000000002,-0.00017003364344498172
131.5,-0.00011321307174434034
131.55,-9.691801681140072e-05
131.6,-0.0002288856440347388
131.65,-0.0001948211921292822
131.70000000000002,-0.00014778519882456846
131.75,-6.92018467020257e-05
131.8,-3.2628776937860706e-05
131.85,-1.2059594753914506e-05
131.9,7.126627425634893e-05
131.95000000000002,-1.669908687054878e-05
132.0,-7.726220734869809e-06
132.05,8.282006409177106e-06
132.1,-2.4398441913286427e-05
132.15,-0.00013251387031426145
132.20000000000002,-0.00014888384576549918
132.25,-4.527127291425781e-05
132.3,-7.429798619276796e-05
132.35,4.1926047396007195e-05
132.4,8.049991218556112e-05
132.45000000000002,0.00010384008005785846
132.5,0.00019962566294130636
132.55,8.105711713326196e-05
132.6,0.000147136580603067
132.65,0.00017124894676397845
132.70000000000002,9.544334941372369e-05
132.75,0.00020652737092308594
132.8,8.916094095121033e-05
132.85,4.724126055492761e-05
132.9,4.8823551712516584e-05
132.95000000000002,7.72318993844852e-06
133.0,-1.8099681159659e-05
133.05,-8.585188445162869e-05
133.1,-3.087558768305579e-06
133.15,-2.539789023124729e-05
133.20000000000002,1.5886795392339425e-05
133.25,7.17333178356361e-05
133.3,0.00011019792084226536
133.35,0.00017735337908863924
133.4,0.0001535805480678527
133.45000000000002,0.00014885157015836258
133.5,9.481542911693913e-05
133.55,7.320993629951764e-05
133.6,0.0001122760124188365
133.65,8.34787990544031e-05
133.70000000000002,0.00010793606801527072
133.75,0.00017599527732296258
133.8,9.00215230694885e-05
133.85,6.103741855670385e-05
133.9,8.459170469261642e-05
133.95000000000002,8.787592916074586e-05
134.0,-3.4043381944655556e-06
134.05,-7.184598583098584e-05
134.1,1.1099341529482184e-05
134.15,1.6590515873216285e-05
134.20000000000002,-1.7471693343377123e-05
134.25,-3.3125123360236216e-05
134.3,-6.586211838535176e-06
134.35,-3.3696559810746327e-05
134.4,3.192466473947626e-05
134.45000000000002,7.586054680620853e-05
134.5,6.245361424140566e-05
134.55,0.00010464910767465442
134.6,7.688491493789467e-05
134.65,0.00014337420371133799
134.70000000000002,0.00010053842248215858
134.75,9.921647080071522e-05
134.8,0.0001691360209934281
134.85,7.62549119898072e-05
134.9,8.212099741187487e-05
134.95000000000002,2.847944363850961e-05
135.0,-3.1165753239392006e-05
135.05,-1.2847078175390324e-05
135.1,3.143146320560951e-05
135.15,9.944772949836627e-05
135.20000000000002,0.00010056091904520956
135.25,0.00015886109642982603
135.3,7.151230845463478e-05
135.35,0.00012012338149600804
135.4,0.0001293497457032067
135.45000000000002,-8.538999258455563e-06
135.5,9.134466539971872e-05
135.55,5.489441976404143e-06
135.6,-1.4959733494397553e-05
135.65,-7.476149317746539e-05
135.70000000000002,-0.0001337869050970488
135.75,-2.6337828335057124e-05
135.8,-2.1379135270483115e-05
135.85,9.062494326571706e-05
135.9,4.516743951882374e-05
135.95000000000002,4.7325859488683714e-05
136.0,5.995519599383004e-05
136.05,0.00010089334774916127
136.1,0.00020135235801586968
136.15,7.453436736924188e-05
136.20000000000002,0.00013727524785175072
136.25,0.00017262020414402103
136.3,0.0001263343010773213
136.35,0.00012473478691886456
136.4,9.129609771769026e-05
136.45000000000002,5.1285412459157704e-05
136.5,8.495279737822548e-05
136.55,6.59904333147831e-05
136.6,-2.4915666288998666e-05
136.65,1.2852403169957805e-05
136.70000000000002,-0.00010081734524135534
136.75,-0.00013632972436718345
136.8,-0.00018135645966641022
136.85,-0.00022994969536280433
136.9,-0.0001431622773927428
136.95000000000002,-0.00017807340488587892
137.0,-8.354113646697607e-05
137.05,-6.537699764897642e-05
137.1,-6.487982123031342e-05
137.15,-2.5441939106016016e-06
137.20000000000002,-0.00011761765127630392
137.25,-0.00012255125454895948
137.3,-6.56383272677291e-05
137.35,-5.6099441171796e-05
137.4,-1.0556188816403985e-06
137.45000000000002,8.847631086243939e-06
137.5,8.134928035535179e-05
137.55,0.0002030769520789595
137.6,0.00014146913140016643
137.65,0.00010011311944373185
137.70000000000002,0.00013102131200396167
137.75,0.00011159777912120982
137.8,0.0001815302344731851
137.85,0.00022565260185868676
137.9,0.00013325674537943577
137.95000000000002,6.55773487769915e-05
138.0,7.462596243905814e-05
138.05,2.8841737740436466e-06
138.1,-7.460332813851422e-05
138.15,-9.988130634542243e-05
138.20000000000002,-0.00013610587322744372
138.25,-0.00012903713938289613
138.3,-0.00014406053682976424
138.35,-0.00014031069818298288
138.4,-0.00013116238370531767
138.45000000000002,-0.00010992912532520731
138.5,-9.593006629827813e-05
138.55,-0.0001055124318851902
138.6,4.113199540018246e-05
138.65,0.00014041630473586773
138.70000000000002,7.7915078058108e-05
138.75,4.606736226180525e-05
138.8,1.3664992867577603e-05
138.85,6.711718406511697e-06
138.9,-1.788910257231853e-05
138.95000000000002,-0.0001440999852618318
139.0,-0.00015347705552161254
139.05,-0.0001388992439298437
139.1,-0.00013231849399377511
139.15,-0.00010327373360483469
139.20000000000002,-0.00010006344874710307
139.25,-0.00010560105251801386
139.3,-0.00017338636383896298
139.35,-0.0001704229161880203
139.4,-7.368036378876148e-05
139.45000000000002,1.133018135442845e-05
139.5,-2.684661230822279e-05
139.55,1.4628547717858304e-05
139.6,7.482503518502916e-05
139.65,6.457760370461084e-05
139.70000000000002,0.0001428874308719153
139.75,0.00016114798229947832
139.8,0.00011638328166912884
139.85,0.00012004134383385193
139.9,6.066602386238349e-05
139.95000000000002,5.713528731294169e-05
140.0,7.378019199030618e-05
140.05,-4.1721418156221715e-05
140.1,3.235086490698925e-05
140.15,8.720569148570942e-05
140.20000000000002,0.00013621268696293774
140.25,0.00015930579228895286
140.3,0.0001416199718217326
140.35,0.0002020325612460344
140.4,0.0002365167649947908
140.45000000000002,0.0002688440568878604
140.5,0.00017789820928182127
140.55,0.00014125438808136427
140.6,0.00015519240055952553
140.65,0.00019741666722044126
140.70000000000002,0.00029169840464842784
140.75,0.000293144712235531
140.8,0.00021140947187447439
140.85,0.0002099503383044706
140.9,6.13998082081727e-05
140.95000000000002,7.707517995188373e-05
141.0,0.0002785184453002237
141.05,0.0001976256476403732
141.1,0.00021704333712364057
141.15,0.00012872228075300464
141.20000000000002,0.00019865588921418322
141.25,0.0004387269386437338
141.3,0.0003139602349268595
141.35,0.0002151754816741501
141.4,0.0003162324391613211
141.45000000000002,0.00028945673785274104
141.5,8.357507377669726e-05
141.55,2.2536015836604406e-05
141.6,-2.0721061226598637e-05
141.65,6.747964639416566e-05
141.70000000000002,-7.843469639017758e-06
141.75,-0.00019914272225106863
141.8,2.854651877995559e-05
141.85,5.331683721095457e-05
141.9,7.419635253833037e-06
141.95000000000002,-7.422839422874028e-05
142.0,-0.00012401789107939422
142.05,0.00022509504266550977
142.1,0.00012309818434676496
142.15,-0.00011720439208351606
142.20000000000002,3.618047536752509e-05
142.25,0.00012035089457429787
142.3,0.0001776542888190959
142.35,-0.00015153214776881822
142.4,-0.0001851261108660494
142.45000000000002,0.0004141965272299843
142.5,0.00026888472890671867
142.55,-4.448677621898978e-05
142.6,-1.7700380296143704e-05
142.65,-2.078036664646065e-05
142.70000000000002,3.245943677221665e-05
142.75,-0.00027258579584701117
142.8,-0.0004990272165156071
142.85,-0.00045888537272215394
142.9,-0.0003371734672257541
142.95000000000002,-2.4671183250828636e-05
143.0,-7.269709755931615e-05
143.05,-0.00018702020373267505
143.1,-0.00017074410862650332
143.15,-0.0004956844520940556
143.20000000000002,-0.0006157281370964157
143.25,-0.00048555303068040565
143.3,-0.00021735569948124107
143.35,0.00025870578686486875
143.4,7.181837845001625e-05
143.45000000000002,-0.00014497136092966545
143.5,-7.216840406464614e-05
143.55,-0.0006013896312723643
143.6,-0.0005772493955541155
143.65,0.0002811111858331731
143.70000000000002,0.000745490657987867
143.75,0.0003975725308393848
143.8,-0.00019869557522259154
143.85,-0.0002475456175958888
143.9,-0.00025868417326219893
143.95000000000002,2.2743322545386767e-05
144.0,0.0006546930383448897
144.05,0.0002848816135295103
144.1,-0.0003793405456036681
144.15,-0.0003022108460126937
144.20000000000002,-0.0001375793199786763
144.25,-6.45101434801076e-05
144.3,6.11435983199276e-05
144.35,-0.000136580473104063
144.4,-0.0005737191531798964
144.45000000000002,-0.0006172220288677741
144.5,-0.0005568613298343319
144.55,-0.00026855054676535234
144.6,0.00012883158551222232
144.65,-0.00013744540900006738
144.70000000000002,-0.0003778611485014423
144.75,-0.000767019832280558
144.8,-0.00019188299154315272
144.85,0.0003415133642195343
144.9,-0.0007747075788453979
144.95000000000002,-0.0007832178353087873
145.0,-0.0005176737567909164
145.05,3.084583974679811e-05
145.1,0.00039424759710283047
145.15,-0.0009915066760867507
145.20000000000002,-0.0009849501817814764
145.25,-0.00016265579504375798
145.3,-4.556647220717558e-05
145.35,-0.0003186385372259489
145.4,-0.0007299843294911615
145.45000000000002,-0.00038426631891884323
145.5,-0.00024813881390495696
145.55,0.00030625108559558764
145.6,0.001018855199994661
145.65,0.00031820653921168867
145.70000000000002,0.0002736046328259689
145.75,7.219953651015555e-05
145.8,-0.0007340389438340655
145.85,0.0003818853564138887
145.9,0.00016780926488380694
145.95000000000002,-0.0010679093634920593
146.0,0.000247145939569109
146.05,0.00059035528367545
146.1,-0.0004959702529160476
146.15,-0.0003020527591628383
146.20000000000002,-0.0003153978420258689
146.25,-0.0007834214467931464
146.3,-0.0005009479872016921
146.35,-0.00016120147924196618
146.4,-0.0002813117057764399
146.45000000000002,-0.00040060259871976806
146.5,0.0003829519684994889
146.55,0.00036042849556238403
146.6,-0.0009384929296675253
146.65,-0.00045035977046150856
146.70000000000002,0.0002503898882453101
146.75,0.0001302318025031818
146.8,0.0002598560796210517
146.85,0.00018231692087102691
146.9,0.0006428644111386196
146.95000000000002,0.0005292146980475727
147.0,-0.0001779431928611354
147.05,4.1603781074375745e-05
147.1,-6.188593844204691e-05
147.15,0.0001847650881492241
147.20000000000002,0.0013053884905595494
147.25,0.0003940652426826337
147.3,-0.0009227411020063035
147.35,8.109296524337166e-05
147.4,0.00033172704260728947
147.45000000000002,-0.0005245067677834143
147.5,-6.314880848021959e-05
147.55,0.0003033384588312032
147.6,-0.0003790681982273675
147.65,-0.0007343016463819074
147.70000000000002,0.0009250277825115922
147.75,0.0022205394413274374
147.8,0.0004744180664082372
147.85,-0.0005328779562834456
147.9,0.0002663671105690742
147.95000000000002,0.0001571868337030362
148.0,-2.6009647065680504e-05
148.05,0.0004627680179148329
148.1,0.0005959366442301765
148.15,0.0015251716152750343
148.20000000000002,0.0016373946921077838
148.25,8.928948494735737e-05
148.3,0.00011222573675733543
148.35,-0.00041732569012994
148.4,-0.00033134409238713474
148.45000000000002,0.0014081636566584338
148.5,-0.00040583844266002495
148.55,-0.0017276388153415648
148.6,0.0005871984609681588
148.65,0.0007550582331390162
148.70000000000002,-0.0005568311944724162
148.75,-0.00024192823820489567
148.8,-0.0007766953760500546
148.85,-0.0012657997995556244
148.9,-0.0005828317064927737
148.95000000000002,-0.00047907301052632195
149.0,0.00019046098398432505
149.05,0.0007005896343528349
149.1,0.0001567249836752139
149.15,0.00036884818645358073
149.20000000000002,0.0009372178643627387
149.25,0.00027549976996683656
149.3,0.0008274649478157551
149.35,0.0017223007566161735
149.4,-6.703099965901297e-05
149.45000000000002,-0.0003952589037873629
149.5,-0.00022978802116522176
149.55,-0.000526135418338541
149.6,0.0007701295279351117
149.65,0.0009328880218654202
149.70000000000002,0.0005023086374784224
149.75,0.00012703971762318737
149.8,-5.397790021768748e-05
149.85,-0.0004263711523007499
149.9,0.0005226324529462574
149.95000000000002,0.002133233577204628
150.0,0.0008842874912542028
150.05,0.0005302379918011017
150.1,0.0004707262488127714
150.15,0.0007510720258704425
150.20000000000002,0.001731632652781827
150.25,0.0005443713920937674
150.3,0.0010343787921687458
150.35,0.0014117304424762023
150.4,-5.8515227393736285e-05
150.45000000000002,-0.00031514745667470743
150.5,-0.00018440255079063292
150.55,-0.00048508682773932546
150.6,-0.0009311455941134659
150.65,-0.001225379090937524
150.70000000000002,-0.0005036683501710244
150.75,0.0010370821144880785
150.8,0.00031633206578920964
150.85,-0.00043539796762562347
150.9,0.00014382958806895914
150.95000000000002,0.00017641310755902068
151.0,-0.00013704022404646476
151.05,-0.0017854880148298893
151.1,-0.0009669365665617961
151.15,0.0002990965432051181
151.20000000000002,-0.0011712085785395353
151.25,-0.0007028175383182008
151.3,-3.8104071685400474e-05
151.35,-0.0002789642909167159
151.4,8.439827852273802e-05
151.45000000000002,-0.001311549593379383
151.5,-0.0026679792523059643
151.55,-0.0012283176114084222
151.6,0.0009463085009805673
151.65,0.001446298872218552
151.70000000000002,-0.00046022212845571626
151.75,-0.0007305250528878238
151.8,0.0014259492102740553
151.85,0.00020031338110274808
151.9,-0.0014428157802636587
151.95000000000002,0.0002807224387252157
152.0,0.00127171495316284
152.05,0.00039111468836423115
152.1,-0.0007524612918308915
152.15,0.00038134309424882134
152.20000000000002,0.0016831051350997188
152.25,0.00023500340318798293
152.3,-0.00019217548370437215
152.35,0.0004506002406581357
152.4,0.0007724021185960585
152.45000000000002,0.0008646137793548683
152.5,0.0009270988822560451
152.55,0.0010705595152762455
152.6,0.0001425747839321933
152.65,-0.0004050136379852986
152.70000000000002,0.00014628161180951264
152.75,-0.0003664585963139071
152.8,-0.0011950262158856406
152.85,-0.0002783081752847398
152.9,-0.0002985898511436723
152.95000000000002,-0.0012610787046066607
153.0,-0.0015289221590521717
153.05,-0.0016987662938504056
153.1,-0.0003715226943637987
153.15,-0.0003193809457357509
153.20000000000002,-0.002150875072036378
153.25,-0.0029883194089727993
153.3,-0.00331987959478275
153.35,-0.0009618444314492438
153.4,0.001706651143853982
153.45000000000002,0.001043349251719789
153.5,0.0006221397462382514
153.55,0.00011906347904520535
153.60000000000002,-0.0012200434451153832
153.65,-0.0010286878949795776
153.70000000000002,2.8871076056793244e-05
153.75,0.0010409510020426371
153.8,0.0006314860465179091
153.85000000000002,-0.000728457832288023
153.9,-0.00037443856597734214
153.95000000000002,0.00046756704549930545
154.0,0.0006733751571473159
154.05,0.0004770307973261837
154.10000000000002,-0.0009090645458577599
154.15,-0.0019275585138267396
154.20000000000002,-0.0011600421888767999
154.25,0.00020020079768177219
154.3,0.0009257082818999948
154.35000000000002,0.00048150682116967895
154.4,7.201778977376672e-05
154.45000000000002,0.00044545232594447415
154.5,0.0007495704573641012
154.55,0.0007599787469257189
154.60000000000002,-0.00013556923708509934
154.65,-0.0012178395596248708
154.70000000000002,-0.00103201479094845
154.75,-0.000908092226129018
154.8,-0.001071950946947306
154.85000000000002,-0.0011810645961863586
154.9,-0.0018194446497911056
154.95000000000002,-0.0012283807826066072
155.0,0.00026742739004233864
155.05,0.00139445200679634
155.10000000000002,0.001934244512576705
155.15,0.0005389758086346201
155.20000000000002,-0.0012845250743998462
155.25,-0.0011593601804166017
155.3,0.0007212846166121208
155.35000000000002,0.0021766622369677013
155.4,0.0013633538030736127
155.45000000000002,-0.00011893470756247787
155.5,-0.00038666609423667296
155.55,0.0001418408986486483
155.60000000000002,0.0009687651195062223
155.65,0.0006779207063055831
155.70000000000002,-0.00011250705193031613
155.75,0.00037699735843224147
155.8,0.0010326547123348292
155.85000000000002,0.0018589212220303224
155.9,0.0022004571026935545
155.95000000000002,0.0016894688532354226
156.0,0.000991694864235452
156.05,0.0012966981202719783
156.10000000000002,0.0020553899292148846
156.15,0.0012148222057389742
156.20000000000002,0.0009928888115253128
156.25,4.324763221246685e-05
156.3,-0.002157927400399301
156.35000000000002,-0.0015968785385384956
156.4,0.0008548378946913317
156.45000000000002,0.0020862227716356057
156.5,0.001302250259612364
156.55,0.001026936120260806
156.60000000000002,0.0011644303766551107
156.65,-0.0002297346158356901
156.70000000000002,-0.0006330289607300133
156.75,0.0002695840288759368
156.8,0.0003842911597045467
156.85000000000002,9.039931412329917e-06
156.9,0.0006580910972545681
156.95000000000002,0.0008052940175694756
157.0,-0.001686259016770322
157.05,-0.00274559739903982
157.10000000000002,-0.0015710100814000471
157.15,-0.0012972717431756502
157.20000000000002,-0.0010283084513570153
157.25,-0.0003822115656586751
157.3,0.00013279740634958545
157.35000000000002,0.0004595062767704661
157.4,0.0005585352786487616
157.45000000000002,0.0003087732528737197
157.5,-5.6473392677718866e-05
157.55,0.0005676567533657242
157.60000000000002,0.0014849603562764415
157.65,0.001594291805787575
157.70000000000002,0.0018816306783817527
157.75,0.00256765270768959
157.8,0.0012011570087558095
157.85000000000002,-0.001067670484850675
157.9,-0.0008729772956661366
157.95000000000002,-0.0005797743563182659
158.0,-0.0005885446307243393
158.05,0.00026278655624570286
158.10000000000002,-0.00028082531541453174
158.15,-0.0008574346450734675
158.20000000000002,-0.0009224105973947205
158.25,-0.0013339317801219965
158.3,-0.0005108631553797144
158.35000000000002,0.0004709139976961866
158.4,0.0005095130788503352
158.45000000000002,-0.00014689672976282836
158.5,-0.0019656681410069733
158.55,-0.0027185005358965303
158.60000000000002,-0.0006815993378540163
158.65,0.0003140608641174564
158.70000000000002,-1.2375596051321665e-05
158.75,0.001040692184568334
158.8,0.0011439205020021942
158.85000000000002,0.0008664616913927744
158.9,0.00013253248990586293
158.95000000000002,-0.0010608348699789282
159.0,0.0009130132213891408
159.05,0.0018434235763534947
159.10000000000002,-0.0005803711687601162
159.15,-0.002337919719641439
159.20000000000002,-0.0020524128399033938
159.25,-0.0009290132268984677
159.3,-0.001112052545440017
159.35000000000002,-0.00223819155331742
159.4,-0.002742637930155548
159.45000000000002,-0.00166764126880753
159.5,-0.00016932456415899493
159.55,0.0013852697391569407
159.60000000000002,0.001969303314713067
159.65,-0.0008186370868957611
159.70000000000002,-0.002750797640130984
159.75,-0.0016976946493753506
159.8,-0.000459739205251539
159.85000000000002,0.0003003077350352854
159.9,-8.105766337480292e-05
159.95000000000002,-0.0005576649159923999
160.0,0.00017671133390215947
160.05,-9.433069068850925e-05
160.10000000000002,-0.000689439786941166
160.15,0.0010461793626971774
160.20000000000002,0.002297256404977753
160.25,0.001567370151634605
160.3,0.0003685613958982333
160.35000000000002,-0.0004811036304181451
160.4,0.0007778395699668086
160.45000000000002,0.002063475509590543
160.5,0.0015019325789730727
160.55,0.0009396081099213478
160.60000000000002,-4.552087262062841e-05
160.65,-0.0012364856201532
160.70000000000002,-0.0015796840606840737
160.75,-0.00012107788183943834
160.8,0.0019141125267793638
160.85000000000002,0.000681544044216887
160.9,-0.0017829171465250909
160.95000000000002,-0.0023459738094831254
161.0,-0.0020656681368778447
161.05,-0.0012258221754858018
161.10000000000002,0.0005792586223130558
161.15,0.0012475980709090318
161.20000000000002,0.0007041609637550456
161.25,0.001500465005127643
161.3,0.001346551575591777
161.35000000000002,0.0008747343486166517
161.4,0.0017976686847125552
161.45000000000002,0.0005734180662154404
161.5,-0.0012139035499948605
161.55,-0.0017557921526419923
161.60000000000002,-0.0018272019018516074
161.65,-0.0011933315897061593
161.70000000000002,-0.0010600833467524216
161.75,-0.0011971141683824545
161.8,-0.0011117973360940656
161.85000000000002,0.0005682218392467425
161.9,0.002952078678777588
161.95000000000002,0.004057421503443245
162.0,0.003858253224940131
162.05,0.001880539479501925
162.10000000000002,0.0013645705494480212
162.15,0.002115684942969801
162.20000000000002,0.0014939634413432689
162.25,-0.00014022457220858446
162.3,-0.0020869526546942467
162.35000000000002,-0.002900308895791667
162.4,-0.0027786705264842538
162.45000000000002,-0.0025460323432624173
162.5,-0.003244835287056951
162.55,-0.0036743625461737005
162.60000000000002,-0.0030046612446946778
162.65,-0.0018947778472759517
162.70000000000002,-0.0004048900796830295
162.75,-0.000292218816270929
162.8,-0.0007201248137758165
162.85000000000002,-0.002017014286068424
162.9,-0.002777843037593026
162.95000000000002,-0.00029655035808979005
163.0,0.0015721145591133562
163.05,0.001943227464261367
163.10000000000002,0.0014580137100134714
163.15,-0.00020153209193599837
163.20000000000002,-0.0005492824273750376
163.25,0.0004608334523248193
163.3,0.0006777949564390716
163.35000000000002,0.0005667319501802976
163.4,0.001095051188852364
163.45000000000002,0.0003940764156562037
163.5,-0.0007419083324112443
163.55,-0.00022354668190429944
163.60000000000002,0.00026475160887581503
163.65,3.347163311668795e-05
163.70000000000002,-0.0004582028631660004
163.75,-0.00010318062036504824
163.8,0.0010955670628535594
163.85000000000002,0.0018563422493575
163.9,0.003136889537179936
163.95000000000002,0.0028166480526499657
164.0,0.0006994617049505427
164.05,-0.00017500189387298517
164.10000000000002,-0.0008380467181410181
164.15,-0.0005020798898834116
164.20000000000002,0.0014280506299255676
164.25,0.0020077799808836208
164.3,0.0010112295654607993
164.35000000000002,-3.396755759114783e-05
164.4,-7.422130725034482e-05
164.45000000000002,0.0010219782472597953
164.5,0.0020970121916563654
164.55,0.002713984430468246
164.60000000000002,0.0014968294094477672
164.65,-0.0010737278800351114
164.70000000000002,-0.0017373490651759462
164.75,0.00014272304807660672
164.8,0.00190203611680281
164.85000000000002,0.0008709363884972828
164.9,-0.0012297631117224258
164.95000000000002,-0.0023894743803375687
165.0,-0.0026379249358310423
165.05,-0.0016883188219393973
165.10000000000002,-0.0007317143352161256
165.15,-0.0005571997291671932
165.20000000000002,-0.00012976526717749308
165.25,0.00047107817809923674
165.3,0.0003782250942342697
165.35000000000002,0.00036291458806833674
165.4,-0.0001172624567405042
165.45000000000002,0.0003226617483630222
165.5,0.002565377583253633
165.55,0.0018147225977656002
165.60000000000002,0.00036585546710935727
165.65,0.0008936145691500549
165.70000000000002,0.0011756357342195963
165.75,0.0023353446186582445
165.8,0.0022291360856494013
165.85000000000002,0.0004126768074679253
165.9,-0.00045851417626734483
165.95000000000002,-0.0001994380610271613
166.0,0.0008681685551529008
166.05,0.0017449405646332468
166.10000000000002,0.0019419630331320163
166.15,0.0020826121890476176
166.20000000000002,0.0031632569485548698
166.25,0.0037855334392744916
166.3,0.002293251992230091
166.35000000000002,0.0008812621055570878
166.4,0.0006581273918825137
166.45000000000002,-0.00012967680308407554
166.5,-0.00102818191144598
166.55,-0.00040499990282097034
166.60000000000002,0.0013891540568638611
166.65,0.001276705050418141
166.70000000000002,-0.0008671859736648415
166.75,-0.000875711765076699
166.8,-0.0007156419315854138
166.85000000000002,-0.0024466227350716766
166.9,-0.0024420176585554154
166.95000000000002,-0.0017554324955889496
167.0,-0.002465831667597695
167.05,-0.0021784949010503697
167.10000000000002,-0.0011185676131905662
167.15,-0.0007549997991468443
167.20000000000002,-0.0011078649020665316
167.25,-0.0028897248639531566
167.3,-0.0035357086974233485
167.35000000000002,-0.0015508847780157143
167.4,-0.00012725081345641936
167.45000000000002,0.0003294964895791461
167.5,0.0007934367779641423
167.55,0.0018500538036783465
167.60000000000002,0.002615150712269811
167.65,0.00034253889532295795
167.70000000000002,-0.0013604611375620298
167.75,0.0012397836557682064
167.8,0.0023886234728554556
167.85000000000002,-0.0005880570510925893
167.9,-0.0020151297265156983
167.95000000000002,-0.0009868701069723808
168.0,-0.0016671349582402953
168.05,-0.003581147159211406
168.10000000000002,-0.0027879710837762587
168.15,-0.0011065118918136526
168.20000000000002,-0.0013178770077133246
168.25,-0.00147537832126657
168.3,-0.0005610943677441211
168.35000000000002,0.0018752342631933997
168.4,0.002812507963174063
168.45000000000002,0.0006510123595619366
168.5,-0.0009253972294764457
168.55,-0.000993160525033203
168.60000000000002,-0.0007864282932955488
168.65,-0.0012644359689527264
168.70000000000002,-0.0012955785285618789
168.75,-0.0008880334211299521
168.8,-0.0013926032676730433
168.85000000000002,-0.0005765359998404547
168.9,0.000816408474192042
168.95000000000002,-0.00026532953242481227
169.0,-0.002173748660961532
169.05,-0.0025438391562285136
169.10000000000002,-0.0026639885910786395
169.15,-0.003223715300366907
169.20000000000002,-0.0021358956572147866
169.25,-0.00037907964840800995
169.3,0.0008846586976399817
169.35000000000002,0.0016189111894172954
169.4,0.0018103033552062985
169.45000000000002,0.0019469951680294347
169.5,0.0005065522166474091
169.55,-0.00014452668204127452
169.60000000000002,0.0007991860961712507
169.65,0.0009815957835835108
169.70000000000002,0.001590039524625855
169.75,0.002393441859273972
169.8,0.003261034421817235
169.85000000000002,0.0032060974920468674
169.9,0.0018504397043100794
169.95000000000002,0.0016556677438633214
170.0,0.001673699340972846
170.05,0.0009460502734460715
170.10000000000002,0.0005924454602746115
170.15,0.0009108370554897162
170.20000000000002,-0.0004890456049017589
170.25,-0.0038791413301977307
170.3,-0.005184759433827231
170.35000000000002,-0.0044051523441966545
170.4,-0.003061264054410236
170.45000000000002,-0.0015052780511600862
170.5,0.00010454889574146374
170.55,0.000762924737395239
170.60000000000002,7.754377151280484e-05
170.65,-0.00040314814458341076
170.70000000000002,-0.00218300468255192
170.75,-0.0037551884524380692
170.8,-0.0042124738680197095
170.85000000000002,-0.005211031977210316
170.9,-0.004921557129263059
170.95000000000002,-0.0033759925153875455
171.0,-0.0016479862271158243
171.05,-0.00031411019468863374
171.10000000000002,0.0010595621704401598
171.15,0.0021171341268678627
171.20000000000002,0.001617779860361461
171.25,0.002218522721233189
171.3,0.005558457545195916
171.35000000000002,0.0077850660388523694
171.4,0.007139642142204629
171.45000000000002,0.0061514110456242456
171.5,0.005469773673545516
171.55,0.004322003026912538
171.60000000000002,0.0034667230528330154
171.65,0.0029017118252701647
171.70000000000002,0.0006312420536092708
171.75,-0.0025860623146425734
171.8,-0.004830247158312956
171.85000000000002,-0.005272845282471315
171.9,-0.0038328611478581783
171.95000000000002,-0.0017949581521474515
172.0,0.0003289343733034706
172.05,0.0016412630290853045
172.10000000000002,0.002101912019202648
172.15,0.00213291993681975
172.20000000000002,0.0016644503578389395
172.25,0.0020777722806487975
172.3,0.002653655336368242
172.35000000000002,0.002224831929548579
172.4,0.0016056515562871418
172.45000000000002,4.567711001775593e-05
172.5,-0.002539788432342084
172.55,-0.00433407047246862
172.60000000000002,-0.005222738527872963
172.65,-0.0052600262585641615
172.70000000000002,-0.004273548257831221
172.75,-0.004185474395242021
172.8,-0.004460828787594096
172.85000000000002,-0.002606794907854993
172.9,0.000959059610228288
172.95000000000002,0.0031562064850543716
173.0,0.0026851208516954048
173.05,0.002202081933604086
173.10000000000002,0.0028810568431878567
173.15,0.004791151467583981
173.20000000000002,0.00599607804231743
173.25,0.004869385385729457
173.3,0.0038711967938593697
173.35000000000002,0.003939200725075634
173.4,0.0038734355795301298
173.45000000000002,0.0030096524676504533
173.5,0.0027595823094935337
173.55,0.002857974377688292
173.60000000000002,0.0024369938991226185
173.65,0.002131922469417
173.70000000000002,0.001275538877537414
173.75,0.0008367377143702273
173.8,0.0005435808965103253
173.85000000000002,-0.0003409961797577931
173.9,-0.0004535588334839903
173.95000000000002,-0.00040634545068789696
174.0,0.0014731722367328822
174.05,0.003999149336254758
174.10000000000002,0.00213990278588032
174.15,-0.001128050405896362
174.20000000000002,-0.0026795905274332897
174.25,-0.00426748185110164
174.3,-0.0053753252565308845
174.35000000000002,-0.004852188045439901
174.4,-0.004156601114062472
174.45000000000002,-0.004568772096777026
174.5,-0.0064772923520135155
174.55,-0.008643553541871072
174.60000000000002,-0.008316171717526437
174.65,-0.007263514360344976
174.70000000000002,-0.007093458005863619
174.75,-0.005854844248289512
174.8,-0.0031115192983740157
174.85000000000002,-0.000943173240143519
174.9,0.0005053111556785485
174.95000000000002,0.003767614998475428
175.0,0.006601328292579644
175.05,0.007140005917800243
175.10000000000002,0.005625132221999322
175.15,0.0025025202951660724
175.20000000000002,0.00017433792762976073
175.25,-0.0021819259015857045
175.3,-0.0022465778846631765
175.35000000000002,0.0002374696694177393
175.4,0.0009317656283561661
175.45000000000002,0.0008170928953281797
175.5,-0.001258957536863533
175.55,-0.00407709541174936
175.60000000000002,-0.0038100529013117535
175.65,-0.0021831024687011913
175.70000000000002,-0.0004771944784725877
175.75,0.0010453922781356977
175.8,0.0016260459448695908
175.85000000000002,0.001394055848745164
175.9,0.0017693258439110092
175.95000000000002,0.0031315407914428396
176.0,0.00467676494135275
176.05,0.0053060861408004605
176.10000000000002,0.004184362024558482
176.15,0.0032189132283958607
176.20000000000002,0.002064243265750466
176.25,0.0006200500937581314
176.3,0.001564159316432403
176.35000000000002,0.0010945753040400195
176.4,-0.0015279957377178882
176.45000000000002,-0.0013803413443408293
176.5,0.0007120550485071857
176.55,0.004318993179788257
176.60000000000002,0.0058249736469268955
176.65,0.002725302272673671
176.70000000000002,0.0011840239728535794
176.75,0.0009039377614385497
176.8,-0.0002481438781242456
176.85000000000002,-0.0008159100242076747
176.9,-0.001817284929414016
176.95000000000002,-0.0026006414320437696
177.0,-0.0024073584601441126
177.05,-0.002632811276107437
177.10000000000002,-0.0029857344182247616
177.15,-0.0027379704988415195
177.20000000000002,-0.002827198562284336
177.25,-0.0022659495807740293
177.3,-0.0007577571782104817
177.35000000000002,-0.0006973501180569456
177.4,-0.0014628221851037543
177.45000000000002,-0.0019968612726294073
177.5,-0.002830718304411098
177.55,-0.002759964597220047
177.60000000000002,-0.0014175477992985313
177.65,-0.0001824974686418692
177.70000000000002,-0.000757797133395595
177.75,-0.0022258215808033882
177.8,-0.0017675739796373748
177.85000000000002,-0.0003994935309716051
177.9,0.0006026687632429487
177.95000000000002,0.001431356609885759
178.0,0.001999640543585001
178.05,0.0020660442009585852
178.10000000000002,0.00121299692474421
178.15,0.0011694941298889424
178.20000000000002,0.002354598248827375
178.25,0.00294792877295481
178.3,0.002661199048478177
178.35000000000002,0.0018361978194102603
178.4,0.0005717482991834487
178.45000000000002,-0.0004010218658146608
178.5,-0.0008279998346551382
178.55,-0.0013890409100923164
178.60000000000002,-0.0013262692777653417
178.65,-0.00019238890073499865
178.70000000000002,0.0007583951053386235
178.75,0.00047026212644999755
178.8,-0.0005240455933258946
178.85000000000002,0.00022073095503147237
178.9,0.0019608364831383077
178.95000000000002,0.002613605151451457
179.0,0.0031791342249495222
179.05,0.0024336812700267167
179.10000000000002,0.0004017664885675134
179.15,-0.0002477048170462608
179.20000000000002,-0.00046727554484280354
179.25,-0.0013699796624631647
179.3,-0.002657125529918258
179.35000000000002,-0.0028709205102893497
179.4,-0.0015135456273883382
179.45000000000002,-0.0010168844991518592
179.5,-0.001296233991426982
179.55,-0.0004591391507832808
179.60000000000002,0.00034867239554124343
179.65,0.0001635111787998173
179.70000000000002,0.0004297944929839228
179.75,0.00024996074318737516
179.8,-0.0010261283224557794
179.85000000000002,-0.002231199976568923
179.9,-0.003080681769574651
179.95000000000002,-0.0028746568542221684
180.0,-0.0022313146093094903
180.05,-0.0018594922518727593
180.10000000000002,-0.0018565270318739056
180.15,-0.0027529332916877277
180.20000000000002,-0.004410513368902861
180.25,-0.005180523242911077
180.3,-0.003908323105756329
180.35000000000002,-0.00296041458285097
180.4,-0.0009867457090297588
180.45000000000002,0.002792100863794487
180.5,0.0033429472425735426
180.55,0.0009771118132982726
180.60000000000002,-0.00039864466669528576
180.65,0.0005634996638129292
180.70000000000002,0.0008870275645164637
180.75,-0.0009713052801731969
180.8,-0.0016018150583731422
180.85000000000002,-0.0010490881919022522
180.9,0.00019350848798848497
180.95000000000002,0.001854768979493853
181.0,0.0019411816404640279
181.05,0.001926135848288765
181.10000000000002,0.0029605528771425695
181.15,0.004511685069273799
181.20000000000002,0.00614189028482373
181.25,0.007594821476826878
181.3,0.008638650834713409
181.35000000000002,0.007292496435507516
181.4,0.004268157272457246
181.45000000000002,0.0022025802591545667
181.5,0.001303800810459411
181.55,0.0012040186517557156
181.60000000000002,0.0008251123725869964
181.65,-0.0006851634882477465
181.70000000000002,-0.002391363944832057
181.75,-0.003496244686897471
181.8,-0.003877960870194326
181.85000000000002,-0.0037519959401043986
181.9,-0.0036354969711525032
181.95000000000002,-0.002603421846073998
182.0,0.0011512285354822712
182.05,0.0059247141386134326
182.10000000000002,0.008328883119856224
182.15,0.008336976882557297
182.20000000000002,0.007455073733676009
182.25,0.00738540751355501
182.3,0.00862801610112382
182.35000000000002,0.009272601389221981
182.4,0.00783758408735345
182.45000000000002,0.0051633022708591
182.5,0.003195698208038925
182.55,0.0012482171861601776
182.60000000000002,-0.0016785041589443062
182.65,-0.005036874902953616
182.70000000000002,-0.008335030053448328
182.75,-0.009194593105580498
182.8,-0.007922438423304527
182.85000000000002,-0.006801113280981999
182.9,-0.004997708978967133
182.95000000000002,-0.0031720308897029087
183.0,-0.0018025889074816505
183.05,-0.0009109394066732072
183.10000000000002,-0.001994263482002701
183.15,-0.0033510686696130907
183.20000000000002,-0.0037078380907054342
183.25,-0.003721403845584066
183.3,-0.0036228510237534717
183.35000000000002,-0.005185760597164848
183.4,-0.00812779476955357
183.45000000000002,-0.010179054213913734
183.5,-0.010593560118448024
183.55,-0.009198196829450672
183.60000000000002,-0.006339214867628281
183.65,-0.0016005325406612772
183.70000000000002,0.003915955467206586
183.75,0.007285742544429731
183.8,0.008282204618810716
183.85000000000002,0.007247866331530835
183.9,0.005565471635257809
183.95000000000002,0.005126729107941655
184.0,0.005338710349268188
184.05,0.006579606023061763
184.10000000000002,0.008044729568828781
184.15,0.007997655786386287
184.20000000000002,0.00704170951605175
184.25,0.004719935619708723
184.3,0.0016074251506268122
184.35000000000002,-0.0011270626410154188
184.4,-0.0032806857555308304
184.45000000000002,-0.004030185505083901
184.5,-0.004851186765215097
184.55,-0.006129313155771099
184.60000000000002,-0.007504945329748455
184.65,-0.008275934319840639
184.70000000000002,-0.00632840503560702
184.75,-0.003943407187283425
184.8,-0.0024427596197751887
184.85000000000002,-0.0012848028204183828
184.9,-0.0007028400514182954
184.95000000000002,-5.4904250786085544e-05
185.0,0.0002592669947919146
185.05,0.0010659088110879541
185.10000000000002,0.002087881540106875
185.15,0.002943280950452953
185.20000000000002,0.0050319496438966625
185.25,0.005975506626114333
185.3,0.004355544731466596
185.35000000000002,0.0027458689279775926
185.4,0.0010565808949404053
185.45000000000002,-0.0017317273513779985
185.5,-0.005271318572341622
185.55,-0.008930624077888177
185.60000000000002,-0.010462020434829772
185.65,-0.011214069556785161
185.70000000000002,-0.012433540258442271
185.75,-0.010506406455606361
185.8,-0.0066415428228672555
185.85000000000002,-0.003498186285813673
185.9,-0.0006914470475540783
185.95000000000002,0.0022802179963132777
186.0,0.005184997738596055
186.05,0.005800547913694387
186.10000000000002,0.005378855771041896
186.15,0.005692018171218667
186.20000000000002,0.005436798985089
186.25,0.0040076519050715135
186.3,0.002114907707293866
186.35000000000002,0.0012096817464774083
186.4,0.0004263731678831256
186.45000000000002,-0.0003576052929406395
186.5,-0.0007283850924707024
186.55,-0.0013123166544752364
186.60000000000002,-7.42758595569344e-05
186.65,0.002322979177874009
186.70000000000002,0.0033472682081426073
186.75,0.0033552476306452825
186.8,0.002287486193463358
186.85000000000002,0.0006551869794717013
186.9,-0.0005534323144098447
186.95000000000002,-0.0016652880814988342
187.0,-0.0032606644495316818
187.05,-0.004386265696128849
187.10000000000002,-0.0036140105746916298
187.15,-0.0019878240799747213
187.20000000000002,0.00011856685938340201
187.25,0.002592232901921634
187.3,0.0038854853533137747
187.35000000000002,0.0036275687976248644
187.4,0.002542929596774103
187.45000000000002,0.0014734100446674421
187.5,0.0014577508087408534
187.55,0.0034224972833995708
187.60000000000002,0.005280531655045337
187.65,0.004958110112725231
187.70000000000002,0.003133610800466579
187.75,0.0004475179169428459
187.8,-0.0018719608778868296
187.85000000000002,-0.0035112678734429835
187.9,-0.0038930758168450245
187.95000000000002,-0.0022282988656505717
188.0,-0.000683559370795181
188.05,0.0007062259227915417
188.10000000000002,0.0030719282539781287
188.15,0.0052068979378229316
188.20000000000002,0.006785699078985522
188.25,0.007869262544213952
188.3,0.008209425275880818
188.35000000000002,0.007203606465570378
188.4,0.005757542534149691
188.45000000000002,0.005419676343117073
188.5,0.0051906569968733106
188.55,0.005372893066928957
188.60000000000002,0.006361669542846966
188.65,0.006266761450032128
188.70000000000002,0.004573261632478698
188.75,0.0022121670442592457
188.8,0.0003180600918391419
188.85000000000002,-0.001027327280948419
188.9,-0.0031101513352527112
188.95000000000002,-0.004277206961837113
189.0,-0.003402085904712327
189.05,-0.0025875170516357873
189.10000000000002,-0.0024189958487548127
189.15,-0.0034151467534587233
189.20000000000002,-0.005228983660403488
189.25,-0.006552061149680413
189.3,-0.00601797896511457
189.35000000000002,-0.004574081275137101
189.4,-0.004839492960258075
189.45000000000002,-0.005833438447845922
189.5,-0.007841980487916539
189.55,-0.009766947792996132
189.60000000000002,-0.009331006779071092
189.65,-0.008685184856228616
189.70000000000002,-0.008588102250212622
189.75,-0.008252911212359703
189.8,-0.006915797634120681
189.85000000000002,-0.004612430213930359
189.9,-0.002093256915907366
189.95000000000002,-0.0005797965286166219
190.0,-0.0020908216200548582
190.05,-0.0043267102256992485
190.10000000000002,-0.004518256062585382
190.15,-0.00388549287138126
190.20000000000002,-0.0028831506927239512
190.25,-0.0013537166661500108
190.3,-0.00014423253008946657
190.35000000000002,0.00020066621182992348
190.4,-0.00023432375299837517
190.45000000000002,0.00010963285693634332
190.5,0.0013023718575598663
190.55,0.0011074146827052933
190.60000000000002,0.00018900736126199736
190.65,0.0008504834958541312
190.70000000000002,0.003854909259623411
190.75,0.007678354768186622
190.8,0.00968162644765517
190.85000000000002,0.009510297050673282
190.9,0.008615461908977965
190.95000000000002,0.008773655929624886
191.0,0.009554663399712515
191.05,0.009149235081603419
191.10000000000002,0.00810124529023628
191.15,0.006826026621333102
191.20000000000002,0.005466225320229451
191.25,0.002773565882409931
191.3,-0.0023791163651831785
191.35000000000002,-0.006312431794318084
191.4,-0.0078056230030385
191.45000000000002,-0.009005270390627245
191.5,-0.009654305884122383
191.55,-0.01055297006924063
191.60000000000002,-0.011488776426924434
191.65,-0.009681383962105149
191.70000000000002,-0.006788471997870171
191.75,-0.0043042572329363964
191.8,-0.0008051424931013855
191.85000000000002,0.002570558315615666
191.9,0.00571360471824132
191.95000000000002,0.009283774933884862
192.0,0.01225346307471686
192.05,0.014451757562230255
192.10000000000002,0.016054733838534733
192.15,0.015986489208739997
192.20000000000002,0.012069231589642987
192.25,0.005817202970003912
192.3,0.0024426235315258486
192.35000000000002,0.0012069176536741398
192.4,-0.0016042598030599456
192.45000000000002,-0.004034574757614101
192.5,-0.004526691612996278
192.55,-0.0044143406991008225
192.60000000000002,-0.003265109301025242
192.65,-0.0012788893928777079
192.70000000000002,-0.0004633250616010388
192.75,3.602769682561744e-05
192.8,0.0013009749351042062
192.85000000000002,0.0019160540728142123
192.9,0.002579676030904258
192.95000000000002,0.004837287143158084
193.0,0.007581032325586516
193.05,0.00821257130931197
193.10000000000002,0.007211125990470435
193.15,0.006892647817454889
193.20000000000002,0.006322404010821638
193.25,0.0054149263751036986
193.3,0.005238646878385735
193.35000000000002,0.0033690909099939677
193.4,-7.785264068104757e-05
193.45000000000002,-0.0016672531573072526
193.5,-0.0026852879389362445
193.55,-0.005593581499449689
193.60000000000002,-0.008731518907646434
193.65,-0.009845560145866072
193.70000000000002,-0.00975675499006535
193.75,-0.009948177980365885
193.8,-0.009899738783936112
193.85000000000002,-0.00870572268214908
193.9,-0.0072027813698445665
193.95000000000002,-0.007358432782777604
194.0,-0.008338290340722547
194.05,-0.00858798690870141
194.10000000000002,-0.008877301311077614
194.15,-0.009172814269288801
194.20000000000002,-0.008146033415418268
194.25,-0.006112011884071572
194.3,-0.003797431828020405
194.35000000000002,-0.001218653940548396
194.4,-0.00011508683304922509
194.45000000000002,-0.0004317608615898243
194.5,-0.000477590004347443
194.55,-0.00014856464872135952
194.60000000000002,0.001164574584294235
194.65,0.0034855929511127294
194.70000000000002,0.005184308102711602
194.75,0.006054152231114711
194.8,0.008217162584438782
194.85000000000002,0.01085081428245891
194.9,0.011814476991692751
194.95000000000002,0.010686854338729117
195.0,0.007797837255229392
195.05,0.005276896107486401
195.10000000000002,0.0034546660608141067
195.15,0.001999014807986548
195.20000000000002,0.0006372517480110988
195.25,-3.398723602408716e-05
195.3,0.0012127528763166123
195.35000000000002,0.0021684900534704576
195.4,0.002053800978526434
195.45000000000002,0.001232017820487099
195.5,-0.00011110684808171945
195.55,-0.0007072490617658672
195.60000000000002,-0.00015295198486473292
195.65,0.0008080289394409427
195.70000000000002,0.0005135741643614992
195.75,-0.0014003905295864947
195.8,-0.003933765828701644
195.85000000000002,-0.005391734099011631
195.9,-0.00519548341834032
195.95000000000002,-0.003361355077486913
196.0,-0.00038864853665045054
196.05,0.0004949916114791337
196.10000000000002,-0.0012424254206520463
196.15,-0.0033064662352713207
196.20000000000002,-0.003914633152166434
196.25,-0.0025787574875767143
196.3,-0.0016943055532215826
196.35000000000002,-0.0019188343606240848
196.4,-0.0018695851140069608
196.45000000000002,-0.0021810802372206066
196.5,-0.002614057647140716
196.55,-0.0024968208163114996
196.60000000000002,-0.0032343955564078995
196.65,-0.005133633116589385
196.70000000000002,-0.007258322554726646
196.75,-0.010263787459839817
196.8,-0.014219113241961212
196.85000000000002,-0.01677116065748561
196.9,-0.017540234010293376
196.95000000000002,-0.017743373298069482
197.0,-0.015667915661784878
197.05,-0.010997320314762115
197.10000000000002,-0.0061121852950889845
197.15,-0.0008891526098936149
197.20000000000002,0.003329170326529705
197.25,0.004212711400483353
197.3,0.003992758997100478
197.35000000000002,0.004858993014184588
197.4,0.006454043138347335
197.45000000000002,0.00850301379115719
197.5,0.011740022010561733
197.55,0.015254153017452213
197.60000000000002,0.01704151926712035
197.65,0.017941003225040338
197.70000000000002,0.018189646514368836
197.75,0.0165213744586705
197.8,0.013754265503553558
197.85000000000002,0.011226507671336532
197.9,0.009922614608087804
197.95000000000002,0.009741557220403289
198.0,0.009031637178941301
198.05,0.006922806452656248
198.10000000000002,0.003424745087936366
198.15,0.0005919064517721356
198.20000000000002,-0.00043293370669013716
198.25,-0.0011016029627232535
198.3,-0.0003003030921164172
198.35000000000002,0.002188689776095691
198.4,0.0029705676019210355
198.45000000000002,0.0008052616336179192
198.5,-0.0008781997307387794
198.55,-0.0006777290930879784
198.60000000000002,-0.0004961633710967742
198.65,0.0007037651178615982
198.70000000000002,0.0024012245998415614
198.75,0.002140575970164407
198.8,0.0010861421187577539
198.85000000000002,-0.0003794043641836903
198.9,-0.0021966018276160727
198.95000000000002,-0.0016801787670066653
199.0,0.00016087288563031342
199.05,0.0005335856060908962
199.10000000000002,0.00023077522825659533
199.15,6.531889712864932e-05
199.20000000000002,-0.000846949256797823
199.25,-0.002402730151310018
199.3,-0.003260121175102094
199.35000000000002,-0.004419941520956098
199.4,-0.005699389864616124
199.45000000000002,-0.0060448530763171715
199.5,-0.006344212527671121
199.55,-0.006312131281260312
199.60000000000002,-0.00687587061914252
199.65,-0.008140918941083488
199.70000000000002,-0.00941253916674264
199.75,-0.010796219940352457
199.8,-0.011588308284208057
199.85000000000002,-0.01229700647649254
199.9,-0.013003284164374627
199.95000000000002,-0.012314715293844201
200.0,-0.009035772592789615
200.05,-0.005290713552415388
200.10000000000002,-0.00353443691657222
200.15,-0.002625656067030271
200.20000000000002,-0.00196771357568061
200.25,-0.0010932366459567814
200.3,-0.00039526246818148795
200.35000000000002,-0.000987551690426177
200.4,-0.0016099369866349952
200.45000000000002,-0.0019651969460383755
200.5,-0.0016171669929078004
200.55,2.486387798974859e-05
200.60000000000002,0.0015729611685016513
200.65,0.0031036696648339924
200.70000000000002,0.004029279586048755
200.75,0.0031803010685744633
200.8,0.0017351665887906146
200.85000000000002,0.00039826546660171806
200.9,-0.00031994004383933836
200.95000000000002,0.0005761996153923937
201.0,0.002195822024482201
201.05,0.0032728423366797563
201.10000000000002,0.004394250909101111
201.15,0.0059635131359266355
201.20000000000002,0.008082430278088502
201.25,0.009023503582413411
201.3,0.0068452457338989015
201.35000000000002,0.0035567718117554296
201.4,0.0003305629512818857
201.45000000000002,-0.0016549562967009136
201.5,-0.0021895087441722015
201.55,-0.002860910713701154
201.60000000000002,-0.0012239016760287823
201.65,0.003298099086781942
201.70000000000002,0.007447721626985202
201.75,0.008524112416513067
201.8,0.00704960998897567
201.85000000000002,0.005948714961805931
201.9,0.006022394480886514
201.95000000000002,0.007075976796734804
202.0,0.008197781350129218
202.05,0.008617299430977257
202.10000000000002,0.008073728906624543
202.15,0.006326328296951798
202.20000000000002,0.004199836852763783
202.25,0.0014074448529993071
202.3,-0.0027478015897025513
202.35000000000002,-0.006906195518583647
202.4,-0.009414540282473353
202.45000000000002,-0.010622061402367504
202.5,-0.010238993372456547
202.55,-0.007541651384369036
202.60000000000002,-0.003735214410359895
202.65,-9.47052732496883e-05
202.70000000000002,0.0023091813745826427
202.75,0.0037179122804989117
202.8,0.005375278961433468
202.85000000000002,0.006661594449966591
202.9,0.007473565730663737
202.95000000000002,0.00814404830108475
203.0,0.007511696985057201
203.05,0.006469598692060309
203.10000000000002,0.005684963848688569
203.15,0.003782458288593362
203.20000000000002,0.0009277576517616017
203.25,-0.0019162091521640594
203.3,-0.0036564860836897613
203.35000000000002,-0.004132599323056557
203.4,-0.004776353272964393
203.45000000000002,-0.005650178499780833
203.5,-0.005597963450611118
203.55,-0.004245989918505578
203.60000000000002,-0.0010637638750300659
203.65,0.0035288943707779863
203.70000000000002,0.007452272265214232
203.75,0.00919506269460494
203.8,0.00943190452932308
203.85000000000002,0.010509217282637866
203.9,0.011691400432471232
203.95000000000002,0.01069144138086089
204.0,0.008308063081834799
204.05,0.0052255647049477775
204.10000000000002,0.0015145165667719315
204.15,-0.0015225941619671365
204.20000000000002,-0.002537956061939716
204.25,-0.0013985844126377077
204.3,0.0012431406812007581
204.35000000000002,0.004577320781766806
204.4,0.0069745140807709275
204.45000000000002,0.00829427854936676
204.5,0.009745485428061128
204.55,0.010384496385442222
204.60000000000002,0.009006876062618194
204.65,0.006533951643603122
204.70000000000002,0.004086921758985836
204.75,0.0018871964602577937
204.8,0.0003047893767266855
204.85000000000002,-0.001605418954034773
204.9,-0.005688336479885366
204.95000000000002,-0.010012132298889023
205.0,-0.012361143348989148
205.05,-0.014471794653331522
205.10000000000002,-0.017218614483390928
205.15,-0.019091799567262296
205.20000000000002,-0.018576344470836226
205.25,-0.01602220669710282
205.3,-0.012659813714589997
205.35000000000002,-0.00847355815632607
205.4,-0.002316964913008397
205.45000000000002,0.0046991670670204055
205.5,0.00918373135985987
205.55,0.011054262016616256
205.60000000000002,0.010497265111890763
205.65,0.006529744497734105
205.70000000000002,-0.0009352205258972554
205.75,-0.009959837634786839
205.8,-0.01650581411263321
205.85000000000002,-0.021033803252777844
205.9,-0.025243803918681803
205.95000000000002,-0.029181865789438297
206.0,-0.03298245617000262
206.05,-0.03448115747295337
206.10000000000002,-0.03409552328577946
206.15,-0.03224459233477396
206.20000000000002,-0.027897040039977988
206.25,-0.02213690060122256
206.3,-0.013970741558978648
206.35000000000002,-0.005357122586488657
206.4,0.0014868285930672682
206.45000000000002,0.008421643254515691
206.5,0.014809098653264486
206.55,0.02023982072580586
206.60000000000002,0.023871258956680644
206.65,0.02406955378764651
206.70000000000002,0.022201877736845243
206.75,0.019960843531994215
206.8,0.017311557600885957
206.85000000000002,0.014407108951727244
206.9,0.012850949139327416
206.95000000000002,0.012168320836595982
207.0,0.010905917831904493
207.05,0.007758293514222861
207.10000000000002,0.0010990192583308523
207.15,-0.007708447242257399
207.20000000000002,-0.016218077830118315
207.25,-0.021624226134078984
207.3,-0.02330050494457968
207.35000000000002,-0.023786508275195076
207.4,-0.02314016540283338
207.45000000000002,-0.019360515641533734
207.5,-0.01325519019423204
207.55,-0.007561427179600569
207.60000000000002,-0.0030445075217470858
207.65,-0.0009623309673793747
207.70000000000002,0.0009661753981191858
207.75,0.006837265648648222
207.8,0.012872735207257227
207.85000000000002,0.01674548390420895
207.9,0.019701562633424197
207.95000000000002,0.020434769564508345
208.0,0.019418419111778898
208.05,0.01873147671569795
208.10000000000002,0.020643117978315036
208.15,0.02340578587977875
208.20000000000002,0.020623629217805847
208.25,0.011428816202057572
208.3,0.0007401031361090663
208.35000000000002,-0.008098200891307313
208.4,-0.013394993472426656
208.45000000000002,-0.01578777822754267
208.5,-0.01578031791207702
208.55,-0.011191868908065044
208.60000000000002,-0.005358564848757423
208.65,-0.0020497179000190002
208.70000000000002,0.00030093845759922517
208.75,0.002663772219272759
208.8,0.005341180533846841
208.85000000000002,0.007623574424108655
208.9,0.010137301615230404
208.95000000000002,0.013392055039072868
209.0,0.01592110991423185
209.05,0.017219199345663395
209.10000000000002,0.016503910742142035
209.15,0.01421954526378981
209.20000000000002,0.011231691147973491
209.25,0.007859820083811827
209.3,0.004892243751305259
209.35000000000002,0.002713815937306714
209.4,0.00048638861705094493
209.45000000000002,-0.004077064131696152
209.5,-0.00824451310590481
209.55,-0.007118788996375634
209.60000000000002,-0.0014786043763296967
209.65,0.005224707129494719
209.70000000000002,0.009052393756061069
209.75,0.008078526258946573
209.8,0.003211770960286279
209.85000000000002,-0.001815755396164027
209.9,-0.003774957263860356
209.95000000000002,-0.002874663766759359
210.0,0.00023197297517680546
210.05,0.002933216292702346
210.10000000000002,0.004050601911770301
210.15,0.0057247064271492175
210.20000000000002,0.009607945929928393
210.25,0.014192699347510676
210.3,0.01576385190098344
210.35000000000002,0.013443114205089009
210.4,0.010339207335374209
210.45000000000002,0.01093468424788615
210.5,0.014312618313630286
210.55,0.016930273006640684
210.60000000000002,0.01812186037663641
210.65,0.018195683433435274
210.70000000000002,0.018109439320961557
210.75,0.016348076462846778
210.8,0.012442706852303368
210.85000000000002,0.00904881506229956
210.9,0.005382476613202096
210.95000000000002,-0.00035890376752443766
211.0,-0.008072090695920575
211.05,-0.014877949158130037
211.10000000000002,-0.01830600049984839
211.15,-0.018637887073433536
211.20000000000002,-0.015099427674508644
211.25,-0.010725870192039489
211.3,-0.007135534172992768
211.35000000000002,-0.0009819210061994066
211.4,0.006309836565337178
211.45000000000002,0.011095226095323703
211.5,0.012394183614722755
211.55,0.011610977611897349
211.60000000000002,0.009663947762251355
211.65,0.005198557416755505
211.70000000000002,-0.0004871694678793463
211.75,-0.005109227650432937
211.8,-0.010401826812743304
211.85000000000002,-0.01697276564031868
211.9,-0.02158474515930621
211.95000000000002,-0.023887814480416554
212.0,-0.02543339175072309
212.05,-0.023475302016652315
212.10000000000002,-0.01944310373644548
212.15,-0.018212449420664283
212.20000000000002,-0.01744284109111372
212.25,-0.01557691415950929
212.3,-0.015318483836462463
212.35000000000002,-0.016062723015003402
212.4,-0.014652550041846254
212.45000000000002,-0.012956623930153524
212.5,-0.015299260460486224
212.55,-0.016924403733905673
212.60000000000002,-0.01280850992554623
212.65,-0.007292974992749828
212.70000000000002,-0.002249414793997395
212.75,0.003716845433425542
212.8,0.009304830306498152
212.85000000000002,0.013525633145407877
212.9,0.015397780395505194
212.95000000000002,0.01403342117405993
213.0,0.009735015245678453
213.05,0.004735374487592491
213.10000000000002,0.00192785268783759
213.15,0.000448386912053594
213.20000000000002,-0.0014795036464000804
213.25,-0.004399637588182187
213.3,-0.00956243673872995
213.35000000000002,-0.014914139045092003
213.4,-0.01648549097184221
213.45000000000002,-0.014765317833083973
213.5,-0.012323623506516848
213.55,-0.008555512630995882
213.60000000000002,-0.0025403068418765893
213.65,0.0023495420706065237
213.70000000000002,0.005682432031690443
213.75,0.00903884364742687
213.8,0.01148341551202781
213.85000000000002,0.012731667873785801
213.9,0.009726939089446163
213.95000000000002,0.004990371833649602
214.0,0.003096056689370381
214.05,-0.0014452899867265132
214.10000000000002,-0.009501406306235461
214.15,-0.014980964329998427
214.20000000000002,-0.019622511965599918
214.25,-0.02628208865071696
214.3,-0.0299368173756003
214.35000000000002,-0.02999886844289277
214.4,-0.030374157675563035
214.45000000000002,-0.029876728700611553
214.5,-0.026694264549992287
214.55,-0.022514042070212913
214.60000000000002,-0.019076092194998874
214.65,-0.016882585553174165
214.70000000000002,-0.016880758320611342
214.75,-0.014989874538176552
214.8,-0.008327679848056517
214.85000000000002,-0.0027415870316803335
214.9,-1.1753732472611721e-05
214.95000000000002,0.0033035604475689967
215.0,0.00793855314324552
215.05,0.013200091419863225
215.10000000000002,0.018412129962662258
215.15,0.021486895854702287
215.20000000000002,0.021664379392096155
215.25,0.021131360461545377
215.3,0.019166461582639505
215.35000000000002,0.013196713028698005
215.4,0.004384271586747414
215.45000000000002,-0.003656020984248418
215.5,-0.010031727500496121
215.55,-0.013379343242179008
215.60000000000002,-0.014447754219410363
215.65,-0.018436500962253792
215.70000000000002,-0.0215108256673757
215.75,-0.020582702748573902
215.8,-0.01840271084591237
215.85000000000002,-0.01354421024299186
215.9,-0.008192354067506223
215.95000000000002,-0.0024607777310957325
216.0,0.006484413943278635
216.05,0.015576841221818644
216.10000000000002,0.024072037349127894
216.15,0.03176867401042829
216.20000000000002,0.03654547131712637
216.25,0.04135221225649823
216.3,0.049751661299072304
216.35000000000002,0.06047624704095599
216.4,0.06796674697452743
216.45000000000002,0.06963227287362081
216.5,0.06669507716362996
216.55,0.057861563438262854
216.60000000000002,0.04510218886901453
216.65,0.032686289581758045
216.70000000000002,0.02169715459373183
216.75,0.012431959590065373
216.8,0.0051678139029842675
216.85000000000002,0.0003712903463545774
216.9,-0.0043196958202956545
216.95000000000002,-0.00970690580419861
217.0,-0.011788523085314402
217.05,-0.0117504566350842
217.10000000000002,-0.010676827383706067
217.15,-0.007320927509686581
217.20000000000002,-0.004868129751239219
217.25,-0.003733113957040041
217.3,-0.003253937924430549
217.35000000000002,-0.0054160212618464135
217.4,-0.008928841265484414
217.45000000000002,-0.011266248060612103
217.5,-0.01482678989435594
217.55,-0.020022200974281052
217.60000000000002,-0.02315238261653505
217.65,-0.02345585876554449
217.70000000000002,-0.020635540765498013
217.75,-0.018175539766527284
217.8,-0.01816756324973423
217.85000000000002,-0.015461169215614095
217.9,-0.012271412544325906
217.95000000000002,-0.013220715443393826
218.0,-0.013972245992109954
218.05,-0.011351248656968948
218.10000000000002,-0.006835721851318595
218.15,-0.000611566373965272
218.20000000000002,0.007055068677612774
218.25,0.01329822706950745
218.3,0.01697054033087573
218.35000000000002,0.018638026786764725
218.4,0.018048644510707465
218.45000000000002,0.016891843795730485
218.5,0.017562935749400273
218.55,0.019893832794679628
218.60000000000002,0.02215760313403614
218.65,0.02292897682963279
218.70000000000002,0.022746467266784916
218.75,0.023186576411820484
218.8,0.021119557175955875
218.85000000000002,0.014435819023161458
218.9,0.010066759433445345
218.95000000000002,0.012104720344743115
219.0,0.012874937444860401
219.05,0.007991223964741098
219.10000000000002,0.00310401992830374
219.15,-0.0005757407592112237
219.20000000000002,-0.006379166026085607
219.25,-0.01514232411140874
219.3,-0.024904579907174325
219.35000000000002,-0.03350542717406375
219.4,-0.040730311531020726
219.45000000000002,-0.04510526983210051
219.5,-0.044428184706320595
219.55,-0.03994526359359619
219.60000000000002,-0.03668539469611386
219.65,-0.03591707323502413
219.70000000000002,-0.034094808087191536
219.75,-0.029177708903854484
219.8,-0.020891026741325442
219.85000000000002,-0.012357068673096131
219.9,-0.0056973004289311395
219.95000000000002,0.002492606281966911
220.0,0.010881013713629466
220.05,0.017373954700115945
220.10000000000002,0.024394987098332245
220.15,0.029012772828620956
220.20000000000002,0.030065834968993812
220.25,0.02949106611574108
220.3,0.026785305479587452
220.35000000000002,0.024957620589116783
220.4,0.024769466346030403
220.45000000000002,0.022362242870861655
220.5,0.01757756139925773
220.55,0.014070182462888981
220.60000000000002,0.013006518060027736
220.65,0.014035750488712175
220.70000000000002,0.018823604925373254
220.75,0.02435111029958333
220.8,0.024475670884555413
220.85000000000002,0.02000187211662207
220.9,0.015371355323921853
220.95000000000002,0.012107952263897645
221.0,0.009218912548363913
221.05,0.004908293001877994
221.10000000000002,-0.0002511173767519883
221.15,-0.006284650436834993
221.20000000000002,-0.016056687659523214
221.25,-0.02852335398584203
221.3,-0.039546117571222304
221.35000000000002,-0.047015611169288256
221.4,-0.0507379509798895
221.45000000000002,-0.05012322140985147
221.5,-0.044565154930083194
221.55,-0.03666135275348361
221.60000000000002,-0.027056027699734045
221.65,-0.014623528489300935
221.70000000000002,-0.002728971898397691
221.75,0.006999696891824406
221.8,0.015076646720554147
221.85000000000002,0.020689773212073628
221.9,0.02291849801885955
221.95000000000002,0.022596503824422222
222.0,0.02104489625304454
222.05,0.01768118626792658
222.10000000000002,0.014487030678871282
222.15,0.011386687842526073
222.20000000000002,0.007408347846336441
222.25,0.005395581447243723
222.3,0.006959305977340308
222.35000000000002,0.011364008011402863
222.4,0.014072922808136025
222.45000000000002,0.011692046470798276
222.5,0.006808640177877007
222.55,0.002778990067209104
222.60000000000002,-0.0010714603631358265
222.65,-0.006387637474883217
222.70000000000002,-0.011620989588123715
222.75,-0.01354374866333262
222.8,-0.012315539789790499
222.85000000000002,-0.012571896113617457
222.9,-0.014723570201924885
222.95000000000002,-0.01600344022461528
223.0,-0.017240564614767605
223.05,-0.019524051310225454
223.10000000000002,-0.02261300885311261
223.15,-0.02582221865708064
223.20000000000002,-0.02846720024398941
223.25,-0.02998532257797299
223.3,-0.030209233184820706
223.35000000000002,-0.029218998593177413
223.4,-0.02744315432296268
223.45000000000002,-0.025509359312831447
223.5,-0.022233058388557155
223.55,-0.018768699152341
223.60000000000002,-0.017692110414908518
223.65,-0.018053518131859132
223.70000000000002,-0.01891354708864941
223.75,-0.020159049971048445
223.8,-0.02148220693619213
223.85000000000002,-0.022792155320328605
223.9,-0.023789243076372757
223.95000000000002,-0.02408316813733095
224.0,-0.02269293050726539
224.05,-0.019733473244738637
224.10000000000002,-0.018343059841193596
224.15,-0.01960403379093562
224.20000000000002,-0.020205298177073516
224.25,-0.017456914373807045
224.3,-0.010394963430938192
224.35000000000002,-0.0013366736733545954
224.4,0.005825538185805353
224.45000000000002,0.010088092242929645
224.5,0.011657034539627069
224.55,0.012363381406894273
224.60000000000002,0.013288447916120891
224.65,0.014957774186826115
224.70000000000002,0.017272767911946676
224.75,0.01963701643668026
224.8,0.02487494001843449
224.85000000000002,0.029996133135156245
224.9,0.031817004817576
224.95000000000002,0.03249771544053203
225.0,0.0321060968709877
225.05,0.030958887974340522
225.10000000000002,0.028060662941872754
225.15,0.025518074622745256
225.20000000000002,0.025368672491919812
225.25,0.024128669014228554
225.3,0.021321249041439193
225.35000000000002,0.020733005565547684
225.4,0.022897614449951816
225.45000000000002,0.024689405862887447
225.5,0.027054420158034005
225.55,0.029500962234853597
225.60000000000002,0.02828367628148941
225.65,0.023549850009676094
225.70000000000002,0.018338575280257296
225.75,0.015139852225405098
225.8,0.013688581904197838
225.85000000000002,0.013068780590341299
225.9,0.014070418675121717
225.95000000000002,0.016166098434784042
226.0,0.01599604931874528
226.05,0.013906647153221884
226.10000000000002,0.01200594760863396
226.15,0.010003553256247414
226.20000000000002,0.0085348561576717
226.25,0.006997382352712868
226.3,0.004160805949180135
226.35000000000002,0.00031871634239876524
226.4,-0.002746303448312948
226.45000000000002,-0.0036647914983036034
226.5,-0.005120430393240995
226.55,-0.007911882918857922
226.60000000000002,-0.009417726065276232
226.65,-0.010387594909730175
226.70000000000002,-0.011695213384225212
226.75,-0.011849298863818377
226.8,-0.01087878002824057
226.85000000000002,-0.007993047166657712
226.9,-0.002341312011316356
226.95000000000002,0.003473681188703392
227.0,0.007881971529981538
227.05,0.00975271365374042
227.10000000000002,0.008125949884472097
227.15,0.004265556713360285
227.20000000000002,-0.0002346967127936879
227.25,-0.0032460768106947154
227.3,-0.004391138222738611
227.35000000000002,-0.004418106359785542
227.4,-0.00427582547954418
227.45000000000002,-0.004843301703691783
227.5,-0.005133839207275951
227.55,-0.005296071909117693
227.60000000000002,-0.005305516549008243
227.65,-0.003376752667195049
227.70000000000002,0.0002843590069527792
227.75,0.004009702264046328
227.8,0.007622384350684295
227.85000000000002,0.01030131507706247
227.9,0.011369544259340928
227.95000000000002,0.012350923298962079
228.0,0.012029808127244256
228.05,0.01052277354348468
228.10000000000002,0.01022298350579983
228.15,0.009111583184803781
228.20000000000002,0.008074896504836344
228.25,0.009423600195444568
228.3,0.009650570746963646
228.35000000000002,0.005628360525136589
228.4,-0.001989286117697049
228.45000000000002,-0.010085538825634024
228.5,-0.015529453852235944
228.55,-0.0187052883821284
228.60000000000002,-0.021810999436127937
228.65,-0.025987239444728402
228.70000000000002,-0.03154843341046666
228.75,-0.0372984633744091
228.8,-0.04240231950988757
228.85000000000002,-0.04671228302710917
228.9,-0.04978566221238466
228.95000000000002,-0.05207807215542668
229.0,-0.054033986122453075
229.05,-0.05434585476549521
229.10000000000002,-0.05103593382503487
229.15,-0.04520181542536966
229.20000000000002,-0.037936636868041135
229.25,-0.02986989823152078
229.3,-0.022538322355751005
229.35000000000002,-0.01526445488267789
229.4,-0.0079139875352251
229.45000000000002,-0.001126835314713993
229.5,0.005370990310258713
229.55,0.010371162709846669
229.60000000000002,0.012010014195082557
229.65,0.012181293530722776
229.70000000000002,0.01225343582982446
229.75,0.010549260599002686
229.8,0.00781529452844423
229.85000000000002,0.006179323499161099
229.9,0.0063752369853451825
229.95000000000002,0.006489564217450343
230.0,0.006233802147319663
230.05,0.007110850518863867
230.10000000000002,0.008862664106103613
230.15,0.012574563382992909
230.20000000000002,0.01789859291992517
230.25,0.023353698910833515
230.3,0.028887639962754223
230.35000000000002,0.03211362350783446
230.4,0.030337989858504378
230.45000000000002,0.024814707888879142
230.5,0.019429498109908516
230.55,0.01682055899035603
230.60000000000002,0.01602692915053617
230.65,0.014221195067290294
230.70000000000002,0.012542147574951234
230.75,0.014464610239465556
230.8,0.017014790230555396
230.85000000000002,0.016673521130598966
230.9,0.014852272957036911
230.95000000000002,0.012384449813594515
231.0,0.010580469282028802
231.05,0.011306522011303978
231.10000000000002,0.014094249153132515
231.15,0.015867313540714762
231.20000000000002,0.014238151000076013
231.25,0.010491912962247342
231.3,0.007731904820559118
231.35000000000002,0.0066949337903372
231.4,0.00637321145437983
231.45000000000002,0.007296987851002802
231.5,0.008705899089388392
231.55,0.00969543748384439
231.60000000000002,0.010195500631348208
231.65,0.010607058017394713
231.70000000000002,0.01327629014638328
231.75,0.01811155183412983
231.8,0.02304329784943858
231.85000000000002,0.028604761730373178
231.9,0.036364197449149475
231.95000000000002,0.04448685972446722
232.0,0.05020923942930903
232.05,0.052750933986890354
232.10000000000002,0.052204585405087954
232.15,0.0498531473519981
232.20000000000002,0.04521937862633838
232.25,0.03783347269763944
232.3,0.030581077078436075
232.35000000000002,0.025919868610640447
232.4,0.022561255238762314
232.45000000000002,0.018672764732197412
232.5,0.016829487314017767
232.55,0.018072939592707043
232.60000000000002,0.017458927655325956
232.65,0.012697308976278725
232.70000000000002,0.006375089274617192
232.75,-1.2205060645174156e-05
232.8,-0.006232905815655989
232.85000000000002,-0.012200967257743818
232.9,-0.01752124154933867
232.95000000000002,-0.021749533205729022
233.0,-0.024165979681019294
233.05,-0.022653843642010448
233.10000000000002,-0.017966639540927427
233.15,-0.013867819905225032
233.20000000000002,-0.012918631251908442
233.25,-0.015284091066321476
233.3,-0.018565809522064283
233.35000000000002,-0.021841753952553528
233.4,-0.026223508807405056
233.45000000000002,-0.03027633991008829
233.5,-0.03170806408051252
233.55,-0.031934867250365546
233.60000000000002,-0.03395034143208091
233.65,-0.036827927289675155
233.70000000000002,-0.03740606874757862
233.75,-0.03520324753211202
233.8,-0.03206282259148506
233.85000000000002,-0.02969365514706166
233.9,-0.029500701532896544
233.95000000000002,-0.03265039833425616
234.0,-0.03803034713117825
234.05,-0.04333857234678854
234.10000000000002,-0.04611185200091652
234.15,-0.04421090557281697
234.20000000000002,-0.040173710441544074
234.25,-0.037520495529566676
234.3,-0.03498647016221888
234.35000000000002,-0.031044547649733776
234.4,-0.027496329890053964
234.45000000000002,-0.02483273085420098
234.5,-0.021596471088943806
234.55,-0.018564501159284718
234.60000000000002,-0.01640305103825453
234.65,-0.015201760790591627
234.70000000000002,-0.015623865752094993
234.75,-0.01784591640279866
234.8,-0.021285835636538023
234.85000000000002,-0.02411178704782338
234.9,-0.024803246669470754
234.95000000000002,-0.02298837952402588
235.0,-0.019915110508020483
235.05,-0.01723629753733994
235.10000000000002,-0.014730166284267843
235.15,-0.01197432004764611
235.20000000000002,-0.010126000574625343
235.25,-0.009541472994613984
235.3,-0.009406748455737314
235.35000000000002,-0.009365527205861634
235.4,-0.008767269272805725
235.45000000000002,-0.007434727873199527
235.5,-0.004683171940292122
235.55,-0.0008420783110597859
235.60000000000002,0.002838487542551715
235.65,0.006052092071452128
235.70000000000002,0.007563539036631101
235.75,0.008704004799949198
235.8,0.010388581445624778
235.85000000000002,0.00959067698642251
235.9,0.0048187677796051745
235.95000000000002,-0.0027661095833768617
236.0,-0.012634478685570319
236.05,-0.024001265608352817
236.10000000000002,-0.03387093078384743
236.15,-0.04128899306635557
236.20000000000002,-0.0467112117466836
236.25,-0.04933542540606173
236.3,-0.04904824795556755
236.35000000000002,-0.04668215185722019
236.4,-0.041845126067314435
236.45000000000002,-0.03344450112712705
236.5,-0.024285460583121327
236.55,-0.017676212596465225
236.60000000000002,-0.012704653317941425
236.65,-0.007781799060154186
236.70000000000002,-0.0030008548629450525
236.75,0.001203924441698836
236.8,0.006008387296181742
236.85000000000002,0.012385531825405053
236.9,0.019323015806127164
236.95000000000002,0.025154636446354833
237.0,0.027785462990503284
237.05,0.02765794633230429
237.10000000000002,0.02779798537051398
237.15,0.029212700582272138
237.20000000000002,0.03176273147071815
237.25,0.0351920528972141
237.3,0.03760553986848957
237.35000000000002,0.036678593173429475
237.4,0.030432102104224774
237.45000000000002,0.020351614953412523
237.5,0.011389567667583513
237.55,0.005374010240481237
237.60000000000002,0.002161763392096796
237.65,0.0012931094126487055
237.70000000000002,0.0015073470020440635
237.75,0.0025393977363774413
237.8,0.0036211474413183086
237.85000000000002,0.003938399256991936
237.9,0.0030692513826174697
237.95000000000002,0.0019552155582467645
238.0,0.004563338171028849
238.05,0.012645725467497206
238.10000000000002,0.024259460381742037
238.15,0.037453435637124374
238.20000000000002,0.05011752186450541
238.25,0.06056806217411763
238.3,0.06857545981422984
238.35000000000002,0.07450153937187838
238.4,0.07828459021814949
238.45000000000002,0.07993718557217946
238.5,0.07951497593848246
238.55,0.07596873319677265
238.60000000000002,0.06894615852385357
238.65,0.06044434461503243
238.70000000000002,0.05207474289459777
238.75,0.04431569200611417
238.8,0.0385289567459719
238.85000000000002,0.03449589529120059
238.9,0.030375850635269833
238.95000000000002,0.026594340732019
239.0,0.023761134757612545
239.05,0.02060318966528825
239.10000000000002,0.01789073408565319
239.15,0.017185290791926267
239.20000000000002,0.0163949699451613
239.25,0.014883430632940292
239.3,0.01580591584484581
239.35000000000002,0.017605462731461026
239.4,0.01539788026791321
239.45000000000002,0.010734947766672656
239.5,0.0079688499931333
239.55,0.006070855375894955
239.60000000000002,0.0017764928456139436
239.65,-0.0035475164205016774
239.70000000000002,-0.005307554119733486
239.75,-0.0034267915714159517
239.8,-0.0016058907085808964
239.85000000000002,0.0010775076952580392
239.9,0.007282176916656896
239.95000000000002,0.015667240205489923
240.0,0.022990441629140858
240.05,0.027647863220813626
240.10000000000002,0.03178111200553191
240.15,0.03565716607607184
240.20000000000002,0.0376735762919773
240.25,0.038442069382104656
240.3,0.03810329757924556
240.35000000000002,0.03709288621742074
240.4,0.03448154208113577
240.45000000000002,0.027877719262101672
240.5,0.01833671034401404
240.55,0.009318942037817673
240.60000000000002,0.002487491160716815
240.65,-0.002552712482063357
240.70000000000002,-0.007274850581510673
240.75,-0.01322640437704078
240.8,-0.019144775406956693
240.85000000000002,-0.02414184096936517
240.9,-0.02991961991373927
240.95000000000002,-0.0371451088923873
241.0,-0.04470281011209915
241.05,-0.05208872039847707
241.10000000000002,-0.059610944258175314
241.15,-0.06652547228471456
241.20000000000002,-0.07284467557050026
241.25,-0.07807641113940288
241.3,-0.08008200955962212
241.35000000000002,-0.07835370718640895
241.4,-0.07298111377907153
241.45000000000002,-0.06349136782731919
241.5,-0.0503492804138329
241.55,-0.03569143211725414
241.60000000000002,-0.02239294751524907
241.65,-0.01129679718410327
241.70000000000002,-0.0030148621094159105
241.75,0.0017971517272824674
241.8,0.005431829342193691
241.85000000000002,0.008721747732350694
241.9,0.010277887364674184
241.95000000000002,0.010057583626719028
242.0,0.009714486560319834
242.05,0.010066371004270708
242.10000000000002,0.010001420960746932
242.15,0.010069214401492789
242.20000000000002,0.009456658388683292
242.25,0.005626884755535622
242.3,-0.0002879572700599451
242.35000000000002,-0.006917937423006766
242.4,-0.014606497776832232
242.45000000000002,-0.021429385924222517
242.5,-0.024959311986232375
242.55,-0.02514661199716405
242.60000000000002,-0.022115469559539743
242.65,-0.01767000419112696
242.70000000000002,-0.015103316733771738
242.75,-0.014720089589466556
242.8,-0.015590098636618581
242.85000000000002,-0.01714866437307712
242.9,-0.018843720445340117
242.95000000000002,-0.021063837563327352
243.0,-0.02398580948375119
243.05,-0.026869533171855968
243.10000000000002,-0.02931370175045569
243.15,-0.03062350002800763
243.20000000000002,-0.03016576505857042
243.25,-0.029474686653254707
243.3,-0.02813254035748764
243.35000000000002,-0.024375986648651052
243.4,-0.02028750679229933
243.45000000000002,-0.01735812607419173
243.5,-0.015029621400960006
243.55,-0.013933317591833595
243.60000000000002,-0.0144739037741095
243.65,-0.016510680814986335
243.70000000000002,-0.019571549488668363
243.75,-0.022869357055152327
243.8,-0.02646917185039332
243.85000000000002,-0.0302673829771324
243.9,-0.0343580063165348
243.95000000000002,-0.037829002916490675
244.0,-0.03921477460643319
244.05,-0.03974164757544974
244.10000000000002,-0.03960091677674758
244.15,-0.03585057605581885
244.20000000000002,-0.027033890817642188
244.25,-0.0171723532945447
244.3,-0.010234690094831531
244.35000000000002,-0.0059343779971508335
244.4,-0.004320725164144038
244.45000000000002,-0.004976416980060942
244.5,-0.004853861067689252
244.55,-0.0014411685351376684
244.60000000000002,0.003857876865548939
244.65,0.007848093978031788
244.70000000000002,0.010759601884904515
244.75,0.016718146963484695
244.8,0.027352956753872944
244.85000000000002,0.039578100953309936
244.9,0.05191479320624371
244.95000000000002,0.06438662565113681
245.0,0.07444562506032697
245.05,0.07956908466274415
245.10000000000002,0.08042628736045082
245.15,0.07889763104363151
245.20000000000002,0.07454977173996427
245.25,0.06569367436265564
245.3,0.05284185422302899
245.35000000000002,0.03733454441664079
245.4,0.019793484064850694
245.45000000000002,0.001969049456195344
245.5,-0.014251669600991433
245.55,-0.028318266208786663
245.60000000000002,-0.04034830473457681
245.65,-0.049665070690681226
245.70000000000002,-0.053690481092772774
245.75,-0.052570344385344255
245.8,-0.04929472919108152
245.85000000000002,-0.04592940012009842
245.9,-0.045383447567803964
245.95000000000002,-0.047242468258956206
246.0,-0.04862600344144962
246.05,-0.04907285355403923
246.10000000000002,-0.04687876497104283
246.15,-0.04232036636146723
246.20000000000002,-0.03827187048632584
246.25,-0.034915561255203974
246.3,-0.03241515703525887
246.35000000000002,-0.031215245652825244
246.4,-0.03056714603846744
246.45000000000002,-0.02924071574263711
246.5,-0.026166315172225497
246.55,-0.021067112645203626
246.60000000000002,-0.015026004246135418
246.65,-0.01039348065243169
246.70000000000002,-0.007102280406982794
246.75,-0.0054113394624962004
246.8,-0.007813107454975128
246.85000000000002,-0.013159283018968692
246.9,-0.01793062441085998
246.95000000000002,-0.021020471215935106
247.0,-0.02348880729779304
247.05,-0.026674263780669234
247.10000000000002,-0.03137234646713318
247.15,-0.03586942236799717
247.20000000000002,-0.0369123527670147
247.25,-0.03336857834673724
247.3,-0.025462301597760043
247.35000000000002,-0.01378999418376566
247.4,-0.00013771215458514263
247.45000000000002,0.013212878429769337
247.5,0.024853875217214435
247.55,0.0346768860913566
247.60000000000002,0.04303119460054024
247.65,0.050272750541123935
247.70000000000002,0.056867448677825366
247.75,0.06201581051915861
247.8,0.0653790046940244
247.85000000000002,0.06847348331218778
247.9,0.07079988129926523
247.95000000000002,0.07143529442268153
248.0,0.07290660895876208
248.05,0.07747023287273848
248.10000000000002,0.08461705638133023
248.15,0.09401107066668747
248.20000000000002,0.10426190962814035
248.25,0.11248647206187681
248.3,0.11755514808768742
248.35000000000002,0.11868157966896967
248.4,0.11556086141319738
248.45000000000002,0.10852928879997935
248.5,0.099620180789339
248.55,0.09249403693034725
248.60000000000002,0.08735558205675559
248.65,0.08271693790008487
248.70000000000002,0.07725590047059666
248.75,0.07134357643926975
248.8,0.06690544015052143
248.85000000000002,0.06397746637896978
248.9,0.060949839383432645
248.95000000000002,0.056013600933634486
249.0,0.051050326929810715
249.05,0.04882279384925618
249.10000000000002,0.049490245898715854
249.15,0.0524934211445192
249.20000000000002,0.0573525488374765
249.25,0.06385310359212747
249.3,0.07029526626633488
249.35000000000002,0.0751226105031764
249.4,0.07629574315591078
249.45000000000002,0.07227977016876865
249.5,0.06419532169849941
249.55,0.05283461058023436
249.60000000000002,0.03921795038920681
249.65,0.023511185613653816
249.70000000000002,0.006774746489836159
249.75,-0.00855859234626995
249.8,-0.02264174411774648
249.85000000000002,-0.03609943540119481
249.9,-0.048348994548667784
249.95000000000002,-0.05797631559960831
250.0,-0.06414684007540301
250.05,-0.06653719879260028
250.10000000000002,-0.0658367450777273
250.15,-0.06379213465420129
250.20000000000002,-0.06013793573491867
250.25,-0.0552447284216103
250.3,-0.05139931616427468
250.35000000000002,-0.04914612614302155
250.4,-0.04757178259488977
250.45000000000002,-0.045706429528686386
250.5,-0.04223841269100881
250.55,-0.037953592253151876
250.60000000000002,-0.03458292799999835
250.65,-0.031062891346717268
250.70000000000002,-0.026040906297458144
250.75,-0.020162344443385567
250.8,-0.01447601718132319
250.85000000000002,-0.008620478960338396
250.9,-0.0035999252769600113
250.95000000000002,-0.0018622084851969744
251.0,-0.003146877474600824
251.05,-0.007747006617659296
251.10000000000002,-0.016498793057961376
251.15,-0.02664594278045309
251.20000000000002,-0.03627769011133222
251.25,-0.0460459016185073
251.3,-0.056554126096883955
251.35000000000002,-0.06780776418781354
251.4,-0.0778699565466637
251.45000000000002,-0.08674680143933822
251.5,-0.096929754399313
251.55,-0.10760160833799436
251.60000000000002,-0.11758700020884012
251.65,-0.12743582089494115
251.70000000000002,-0.13593179444419642
251.75,-0.1406489951866446
251.8,-0.14019500566050866
251.85000000000002,-0.13469387547141332
251.9,-0.1253128217499182
251.95000000000002,-0.11482840561254566
252.0,-0.10619846028624268
252.05,-0.09977727652500769
252.10000000000002,-0.09302879963488589
252.15,-0.08343924290145462
252.20000000000002,-0.07156938760490555
252.25,-0.05870666056542938
252.3,-0.04523273377867424
252.35000000000002,-0.03160578878362939
252.4,-0.019189720274326368
252.45000000000002,-0.01068359845445448
252.5,-0.0064890763275095706
252.55,-0.004664323443289853
252.60000000000002,-0.005809340631800572
252.65,-0.011763457892021281
252.70000000000002,-0.020479284562273995
252.75,-0.028895943437733822
252.8,-0.038026485304640936
252.85000000000002,-0.04914771619416588
252.9,-0.06121079592920144
252.95000000000002,-0.07315201108081865
253.0,-0.08342987835029937
253.05,-0.09010836293339951
253.10000000000002,-0.09250042536625686
253.15,-0.09038042804090161
253.20000000000002,-0.08352792578153488
253.25,-0.0721452403741531
253.3,-0.05606838109739422
253.35000000000002,-0.03678061238866028
253.4,-0.017898385652581922
253.45000000000002,-0.0011338045613006674
253.5,0.013660793176276408
253.55,0.027433297528016022
253.60000000000002,0.04144366527412012
253.65,0.055665696894694486
253.70000000000002,0.06951890396506591
253.75,0.08182838547408885
253.8,0.09199061514740428
253.85000000000002,0.1011659772678176
253.9,0.10820110737020314
253.95000000000002,0.11028645832705634
254.0,0.10742181091134502
254.05,0.09986253533349915
254.10000000000002,0.08833655033780477
254.15,0.0763216589022458
254.20000000000002,0.06659647850014455
254.25,0.05949138639420452
254.3,0.0538945592103568
254.35000000000002,0.049418599706185326
254.4,0.04739988927112166
254.45000000000002,0.04899721553851633
254.5,0.053531879429127155
254.55,0.059424634592131445
254.60000000000002,0.066114890792213
254.65,0.07347744767652153
254.70000000000002,0.08080085057440486
254.75,0.08726663370573194
254.8,0.09185198490217093
254.85000000000002,0.09297235561579056
254.9,0.08898968174927521
254.95000000000002,0.0789895754244478
255.0,0.06401472710488226
255.05,0.04669785655607858
255.10000000000002,0.029307586887250065
255.15,0.01356194786976291
255.20000000000002,0.002115145810858858
255.25,-0.004181184620386469
255.3,-0.008006230101949868
255.35000000000002,-0.01083031535068238
255.4,-0.012617697819982768
255.45000000000002,-0.013068886449094446
255.5,-0.011779646619542955
255.55,-0.00857758531949722
255.60000000000002,-0.0028742433181587713
255.65,0.004894944605098506
255.70000000000002,0.013658502804827888
255.75,0.02205293014494645
255.8,0.02943914267120289
255.85000000000002,0.03636834327116447
255.9,0.04333524512360312
255.95000000000002,0.051432666862430004
256.0,0.06095838241702026
256.05,0.07055991269567113
256.1,0.07835424732484952
256.15000000000003,0.08306316970279665
256.2,0.08477113119723448
256.25,0.08517341807420795
256.3,0.08610127002436625
256.35,0.08651490476943614
256.40000000000003,0.08399326072310931
256.45,0.07811768122696264
256.5,0.06997409600757874
256.55,0.061372114494641986
256.6,0.05490892557360055
256.65000000000003,0.0509392889236206
256.7,0.04648553476617196
256.75,0.04002554385779413
256.8,0.03311400373644877
256.85,0.027062624853933282
256.90000000000003,0.02181596177650828
256.95,0.016724891017367016
257.0,0.012255542947520685
257.05,0.008763330182400511
257.1,0.004829340996807292
257.15000000000003,0.0007138670943654126
257.2,-0.0031095613535604303
257.25,-0.007598463914668267
257.3,-0.012303097327230504
257.35,-0.016472058870465524
257.40000000000003,-0.019735858033580717
257.45,-0.02054361519700143
257.5,-0.018760636214467923
257.55,-0.01673389304884099
257.6,-0.0150427284610452
257.65000000000003,-0.013304281909199077
257.7,-0.011018295171710683
257.75,-0.006074397337348504
257.8,0.001293577834090099
257.85,0.007928042102465586
257.90000000000003,0.011808965583556605
257.95,0.012788717893082047
258.0,0.01106071793832736
258.05,0.006140020033404564
258.1,-0.0027257989107852387
258.15000000000003,-0.015886440483878474
258.2,-0.03234154183671741
258.25,-0.05151722045016504
258.3,-0.073539502506311
258.35,-0.0954717016587687
258.40000000000003,-0.11418393680761066
258.45,-0.12884148394664735
258.5,-0.1379200902005964
258.55,-0.14050996212194655
258.6,-0.13812871830073276
258.65000000000003,-0.13175007773140318
258.7,-0.12081119330343436
258.75,-0.10499514094588108
258.8,-0.08537441714700778
258.85,-0.06638809771282175
258.90000000000003,-0.051874888127749305
258.95,-0.04155792618799265
259.0,-0.03594347014925828
259.05,-0.03615149145666957
259.1,-0.041132345824734365
259.15000000000003,-0.04858142280609046
259.2,-0.056564116349397016
259.25,-0.0643866366318206
259.3,-0.07132842891532401
259.35,-0.07606931010681413
259.40000000000003,-0.07729873991306918
259.45,-0.0756327958806436
259.5,-0.07306360045387453
259.55,-0.0705333818527867
259.6,-0.06808679201128934
259.65000000000003,-0.06534494941237128
259.7,-0.06154481902188747
259.75,-0.05552360924609402
259.8,-0.04762683100562333
259.85,-0.039447500271112663
259.90000000000003,-0.03069062118348172
259.95,-0.02090069290623832
260.0,-0.011169155133718453
260.05,-0.0010404800359888834
260.1,0.010976634013973426
260.15000000000003,0.024174924020240608
260.2,0.03702982412225391
260.25,0.048310270403427884
260.3,0.05661580297797292
260.35,0.061028931407965975
260.40000000000003,0.06205207429870997
260.45,0.06142923553823373
260.5,0.059520193880120434
260.55,0.05637638604117002
260.6,0.053235849434466354
260.65000000000003,0.04969754107952484
260.7,0.04402671562052083
260.75,0.035084530966386786
260.8,0.0232672168579242
260.85,0.010660621116939663
260.90000000000003,-0.0017133991585265268
260.95,-0.014987722069855908
261.0,-0.029702297378571704
261.05,-0.044300287659014906
261.1,-0.05699080386541412
261.15000000000003,-0.06805521999248257
261.2,-0.07799558389080205
261.25,-0.08509307532132625
261.3,-0.0885108311478186
261.35,-0.08806881282156688
261.40000000000003,-0.08227036297277315
261.45,-0.07173121354870779
261.5,-0.058717331967782095
261.55,-0.0454077560111368
261.6,-0.03269239846748722
261.65000000000003,-0.019308665951865544
261.7,-0.005279383178996759
261.75,0.007427410449778881
261.8,0.016857787046849156
261.85,0.022744453218678667
261.90000000000003,0.02609734908171666
261.95,0.027867709391219884
262.0,0.029169481094379272
262.05,0.03061135367665708
262.1,0.0326140254986331
262.15000000000003,0.035815145751716196
262.2,0.040282462694439705
262.25,0.044588771389699175
262.3,0.047119617193998264
262.35,0.04880907132115001
262.40000000000003,0.05145754784087548
262.45,0.05587724155927867
262.5,0.062288896994418794
262.55,0.07097566006975611
262.6,0.08310930898124849
262.65000000000003,0.0980434556465604
262.7,0.1135149022343369
262.75,0.12825310465260611
262.8,0.14060708342142705
262.85,0.1494972239878223
262.90000000000003,0.1552444798374848
262.95,0.15737773951697084
263.0,0.15431655989910537
263.05,0.1458127088070128
263.1,0.133693178687927
263.15000000000003,0.11959548145488731
263.2,0.10391925654881111
263.25,0.08726994649215193
263.3,0.0711602019341684
263.35,0.056737099714982996
263.40000000000003,0.04548503399913011
263.45,0.037678019384113956
263.5,0.0317302974236171
263.55,0.028733177782791317
263.6,0.030567784234144715
263.65000000000003,0.03598937367666201
263.7,0.04248338446388965
263.75,0.047828737414337644
263.8,0.050424762289731875
263.85,0.050161267200985876
263.90000000000003,0.048026228005040174
263.95,0.044317355251535524
264.0,0.038971249773435745
264.05,0.03287036412874308
264.1,0.026461741017769592
264.15000000000003,0.019092759791106785
264.2,0.01050236528671205
264.25,0.0016235231108779466
264.3,-0.006319541180031081
264.35,-0.013133905550793988
264.40000000000003,-0.01940681224853782
264.45,-0.02566086073294384
264.5,-0.03222843772652885
264.55,-0.039696781675900725
264.6,-0.04768052370694438
264.65000000000003,-0.05410616492346411
264.7,-0.0576268698141496
264.75,-0.058463556960817585
264.8,-0.05726362959487276
264.85,-0.054117968051684104
264.90000000000003,-0.048919804715333
264.95,-0.042766046992918236
265.0,-0.03722912345888279
265.05,-0.03319416708661989
265.1,-0.030844154437959636
265.15000000000003,-0.030112400396475933
265.2,-0.03134161068836605
265.25,-0.03504240199694005
265.3,-0.041036606876390276
265.35,-0.04839188812303929
265.40000000000003,-0.056174411092981005
265.45,-0.06358035671351181
265.5,-0.07072128644743499
265.55,-0.0785550416970528
265.6,-0.0869501931884904
265.65000000000003,-0.09571214240914702
265.7,-0.10532910696408661
265.75,-0.115390987511483
265.8,-0.1252097838875405
265.85,-0.1343047827948805
265.90000000000003,-0.14159192988381653
265.95,-0.14634157412226395
266.0,-0.1479778540662947
266.05,-0.14554892915726067
266.1,-0.1400890198006876
266.15000000000003,-0.13287083950997836
266.2,-0.12238598787613549
266.25,-0.10723527337316305
266.3,-0.08798996242029206
266.35,-0.0658461819742668
266.40000000000003,-0.042298736744300514
266.45,-0.018985076536771627
266.5,0.002388261870788437
266.55,0.02009915146610033
266.6,0.03341220002419368
266.65000000000003,0.04285217881205623
266.7,0.0494498635285144
266.75,0.05339792246370244
266.8,0.05519218497814235
266.85,0.05626320266755561
266.90000000000003,0.055788720846260326
266.95,0.05234093921034933
267.0,0.046122239222165906
267.05,0.037740697362832594
267.1,0.028439675898018574
267.15000000000003,0.019417965043431573
267.2,0.011429298216796682
267.25,0.004655296268672969
267.3,-0.0011548464291209909
267.35,-0.006439910991448863
267.40000000000003,-0.01026558301733088
267.45,-0.009825147961679754
267.5,-0.005867948643869972
267.55,-0.001373106544031609
267.6,0.0035089139771411217
267.65000000000003,0.008077822553033362
267.7,0.009388688396116883
267.75,0.005712153917025441
267.8,-0.0007907169835269907
267.85,-0.0064111611512208495
267.90000000000003,-0.010648003422940616
267.95,-0.01354246750931055
268.0,-0.013610369772385793
268.05,-0.011219859335768375
268.1,-0.00791973432346616
268.15000000000003,-0.004819672799957633
268.2,-0.0016978739743326347
268.25,0.0029863100929229673
268.3,0.010002276893511691
268.35,0.01887115830736947
268.40000000000003,0.029349618215092726
268.45,0.04119357374241325
268.5,0.05267662579831208
268.55,0.06184946662320791
268.6,0.06729775319951933
268.65000000000003,0.06842519501321373
268.7,0.06585478098284053
268.75,0.0605304756961328
268.8,0.05341184047600925
268.85,0.04570956832767052
268.90000000000003,0.038268039340411536
268.95,0.030335632935892573
269.0,0.021222390801161794
269.05,0.011746663987676886
269.1,0.002943012066791181
269.15000000000003,-0.004475738942093278
269.2,-0.009770023457982833
269.25,-0.011895649496397136
269.3,-0.010827849033186013
269.35,-0.007852539512432099
269.40000000000003,-0.003831387376966032
269.45,0.0003427244613272802
269.5,0.003812567696201556
269.55,0.007206930955676242
269.6,0.011046855618182354
269.65000000000003,0.014821326857882938
269.7,0.018427233835373185
269.75,0.022253330170472013
269.8,0.027008597770319297
269.85,0.032709519332595964
269.90000000000003,0.03867339121853442
269.95,0.04451173258739565
270.0,0.04961612004869992
270.05,0.05334617014101254
270.1,0.05499090269515116
270.15000000000003,0.05498505410789563
270.2,0.05390006504051722
270.25,0.05057465844018015
270.3,0.044826839151459845
270.35,0.03781054058025517
270.40000000000003,0.030479815853784932
270.45,0.022640752718653387
270.5,0.013735353049345214
270.55,0.004532631922127575
270.6,-0.0032235705678755593
270.65000000000003,-0.008798435238124468
270.7,-0.012800519645868196
270.75,-0.013805504213568529
270.8,-0.01067662325661158
270.85,-0.00518007237824623
270.90000000000003,0.001394960513566528
270.95,0.008350719633432471
271.0,0.015754003828828363
271.05,0.024227380135651032
271.1,0.033200873261892166
271.15000000000003,0.04253322154840662
271.2,0.05218049332105006
271.25,0.06147536415072897
271.3,0.07010269406613699
271.35,0.07672049482376653
271.40000000000003,0.07932326396978996
271.45,0.07730607693414718
271.5,0.07140960447646276
271.55,0.06314873571836961
271.6,0.05355168460336281
271.65000000000003,0.04254626116638844
271.7,0.029922817567870342
271.75,0.015737704924186025
271.8,0.0008393273757986564
271.85,-0.013557604206771412
271.90000000000003,-0.026805296775183365
271.95,-0.03881470148515838
272.0,-0.049733788362083774
272.05,-0.05972464177382489
272.1,-0.06799234126065795
272.15000000000003,-0.07350939930160999
272.2,-0.07718387442356438
272.25,-0.07924173401978431
272.3,-0.0782728245250641
272.35,-0.07349409028921118
272.40000000000003,-0.06432382641117729
272.45,-0.051321590497208
272.5,-0.03674917751955175
272.55,-0.022941190732369082
272.6,-0.012174270939587931
272.65000000000003,-0.005573380211738461
272.7,-0.0023457545950336628
272.75,-0.0015574492167609146
272.8,-0.002920189353037731
272.85,-0.006285377929428385
272.90000000000003,-0.011632950065071602
272.95,-0.019097378311634605
273.0,-0.028012157005348298
273.05,-0.03671290347531972
273.1,-0.04428864080800114
273.15000000000003,-0.05150164846372246
273.2,-0.05827533330761286
273.25,-0.06324024820362172
273.3,-0.0664208289196619
273.35,-0.068074806871381
273.40000000000003,-0.0675571413331329
273.45,-0.0639582680352494
273.5,-0.05737168026137044
273.55,-0.04895931403589478
273.6,-0.03795571749006496
273.65000000000003,-0.023896348544032095
273.7,-0.008652689084555396
273.75,0.00559395292255458
273.8,0.017015211429841467
273.85,0.0248994801301307
273.90000000000003,0.028784815509573503
273.95,0.028714533362184817
274.0,0.025935641364516166
274.05,0.022019853858179464
274.1,0.018343482161454656
274.15000000000003,0.015767938523261884
274.2,0.014981522123002014
274.25,0.015827734566366
274.3,0.017619574350324817
274.35,0.019901125470998173
274.40000000000003,0.022347993306435405
274.45,0.024765818272268248
274.5,0.026544903539919083
274.55,0.02765065175429244
274.6,0.028773653406218916
274.65000000000003,0.030159440103982065
274.7,0.030905593354176322
274.75,0.0295955347097252
274.8,0.025979965012616568
274.85,0.020558547317737975
274.90000000000003,0.013701664410761137
274.95,0.005912702114653075
275.0,-0.0018257068887231756
275.05,-0.00882590369266181
275.1,-0.015584590917325614
275.15000000000003,-0.022556117877491896
275.2,-0.02917913338932132
275.25,-0.03509141351020536
275.3,-0.0407703398191377
275.35,-0.04714281791576985
275.40000000000003,-0.054456640464876555
275.45,-0.06238228070366117
275.5,-0.07172628236500014
275.55,-0.08261905030622786
275.6,-0.09393455762785254
275.65000000000003,-0.10542651036241338
275.7,-0.11745046114488088
275.75,-0.13022525449705705
275.8,-0.14234551446677923
275.85,-0.15151945787700102
275.90000000000003,-0.15786936133757068
275.95,-0.1628958011727612
276.0,-0.16626412063727594
276.05,-0.16667970073181168
276.1,-0.16420987842005122
276.15000000000003,-0.15926973400054825
276.2,-0.15217554084331048
276.25,-0.14404232665314032
276.3,-0.13493897171256175
276.35,-0.12374926624855719
276.40000000000003,-0.1105725881283609
276.45,-0.0959117899492801
276.5,-0.079893035709339
276.55,-0.06326292589402702
276.6,-0.046722758222940336
276.65000000000003,-0.030377212474214235
276.7,-0.014287896451182107
276.75,0.00101025874352946
276.8,0.015682216272707446
276.85,0.03125857289252336
276.90000000000003,0.04831661285849308
276.95,0.06574472374049048
277.0,0.08284289500117986
277.05,0.1000263511251138
277.1,0.11705123458056199
277.15000000000003,0.13232211655258644
277.2,0.14430669415407427
277.25,0.1530507945086268
277.3,0.15963151626636865
277.35,0.16434724812517595
277.40000000000003,0.16674738895976512
277.45,0.16619778077384706
277.5,0.16341577439254573
277.55,0.16010689557940877
277.6,0.15605446074713492
277.65000000000003,0.1506836203460011
277.7,0.14415730377187494
277.75,0.13706043858165048
277.8,0.1311399920289091
277.85,0.1273523315420738
277.90000000000003,0.12503699381179026
277.95,0.12268719006753885
278.0,0.12035048315376672
278.05,0.11887388610630602
278.1,0.1174051079812713
278.15000000000003,0.11610603982634639
278.2,0.11579239364331614
278.25,0.11642612848641795
278.3,0.11780199564725284
278.35,0.11946209281938536
278.40000000000003,0.12046627369497785
278.45,0.1197621695600726
278.5,0.11651880328577238
278.55,0.11065635895675194
278.6,0.10381507256817112
278.65000000000003,0.09727702419584709
278.7,0.09140293485829054
278.75,0.08689826280250942
278.8,0.08424777143300285
278.85,0.08380023415184817
278.90000000000003,0.08561908997936048
278.95,0.08842439364686824
279.0,0.09077123653272326
279.05,0.09227274845623468
279.1,0.09212298826017266
279.15000000000003,0.09024713035997574
279.2,0.08815593193724611
279.25,0.08674418542329221
279.3,0.0861324582896059
279.35,0.08646063323251035
279.40000000000003,0.08742649849500159
279.45,0.08837491125879363
279.5,0.08926074499982897
279.55,0.09024543494011285
279.6,0.09090418441623767
279.65000000000003,0.09042509435810374
279.7,0.08837669814927804
279.75,0.08475774540448489
279.8,0.07900305171103714
279.85,0.07084093814984745
279.90000000000003,0.06158533374580663
279.95,0.05260219737046602
280.0,0.0435285161249928
280.05,0.03296925391493597
280.1,0.020067340937223715
280.15000000000003,0.00396944876604782
280.2,-0.01613537113196572
280.25,-0.03922279390656152
280.3,-0.06354402482857087
280.35,-0.08827157258497828
280.40000000000003,-0.11322656161363623
280.45,-0.1375509652306773
280.5,-0.1599654297241024
280.55,-0.17966386110893506
280.6,-0.1954797624058416
280.65000000000003,-0.2075654428110816
280.7,-0.21677011394635973
280.75,-0.22209655311746382
280.8,-0.2223974019718558
280.85,-0.21783890197795525
280.90000000000003,-0.20959031360450883
280.95,-0.19867075819855654
281.0,-0.18539418584459116
281.05,-0.17013987947574086
281.1,-0.15359913450331555
281.15000000000003,-0.1369127155290483
281.2,-0.12204236240303055
281.25,-0.11089106153448343
281.3,-0.10363126483243797
281.35,-0.09924506007474389
281.40000000000003,-0.09743743040388608
281.45,-0.09813323382617119
281.5,-0.10016355500428145
281.55,-0.10255929169060932
281.6,-0.10489591293351046
281.65000000000003,-0.10729123003511444
281.7,-0.11110605841212821
281.75,-0.11651159138173128
281.8,-0.12219516703601614
281.85,-0.12746522596206303
281.90000000000003,-0.13179881639043245
281.95,-0.13472048346844134
282.0,-0.1362191004255559
282.05,-0.13615420138423667
282.1,-0.13454501435026017
282.15000000000003,-0.13216933093163263
282.2,-0.12962508109045717
282.25,-0.1265575999916469
282.3,-0.12235657573390218
282.35,-0.11757446331288206
282.40000000000003,-0.11311660100671352
282.45,-0.1087009445064113
282.5,-0.10375117050109653
282.55,-0.0988292081676432
282.6,-0.09477037281460846
282.65000000000003,-0.09100118467729056
282.7,-0.08689091211057211
282.75,-0.08253545248233164
282.8,-0.07871126698052293
282.85,-0.0761085923237887
282.90000000000003,-0.07434472050820465
282.95,-0.07331034115803496
283.0,-0.0730811247468382
283.05,-0.07297781232575391
283.1,-0.07180323875770653
283.15000000000003,-0.06877778872595482
283.2,-0.06336256148353112
283.25,-0.05568214756821659
283.3,-0.046323274156898187
283.35,-0.03549074371721767
283.40000000000003,-0.023679120326754913
283.45,-0.010767741245821383
283.5,0.0037021369345852204
283.55,0.02006963984350611
283.6,0.03792791279973842
283.65000000000003,0.05559880812400357
283.7,0.0721048410077595
283.75,0.08744261640425582
283.8,0.10148911099018862
283.85,0.11456116029716087
283.90000000000003,0.12737013282648538
283.95,0.13929293547053095
284.0,0.14896716535246374
284.05,0.15543609172110165
284.1,0.15852313281880506
284.15000000000003,0.15917958429241696
284.2,0.15804614305465947
284.25,0.15537117393066874
284.3,0.1512447571032244
284.35,0.14589291969635962
284.40000000000003,0.13983886797540152
284.45,0.13272902423539668
284.5,0.12435021070558841
284.55,0.11492982542228852
284.6,0.10507342753672282
284.65000000000003,0.09609166177554519
284.7,0.08838940360499443
284.75,0.0823856086118523
284.8,0.07957507752700921
284.85,0.08011143184529149
284.90000000000003,0.08263621947376285
284.95,0.08632145781288429
285.0,0.09103903972575941
285.05,0.09674626026580488
285.1,0.10254516051244583
285.15000000000003,0.10688314028385362
285.2,0.10925817335483533
285.25,0.1095575245652596
285.3,0.10752798038676711
285.35,0.10312283554219574
285.40000000000003,0.0966170594555276
285.45,0.08926932073650065
285.5,0.08172896558857012
285.55,0.07430424522746273
285.6,0.06786656295980625
285.65000000000003,0.06254202695636435
285.7,0.05864616100091419
285.75,0.056059772859727894
285.8,0.0536278561267841
285.85,0.050673108697623676
285.90000000000003,0.04659916345051359
285.95,0.04109937502689543
286.0,0.03472002412900437
286.05,0.028515559305889566
286.1,0.023128746298852032
286.15000000000003,0.018006788916120293
286.2,0.012558944371175749
286.25,0.006822263695158516
286.3,0.001253548255574525
286.35,-0.004369566931618105
286.40000000000003,-0.010643977243864794
286.45,-0.01709668966058594
286.5,-0.023214639064947282
286.55,-0.02824407406119912
286.6,-0.03153308566149688
286.65000000000003,-0.03307252055445339
286.7,-0.03221651113112915
286.75,-0.028273170590899083
286.8,-0.02169118488367243
286.85,-0.013286334864752416
286.90000000000003,-0.003582442505355249
286.95,0.00681340806069105
287.0,0.01711576562959288
287.05,0.02611041721611573
287.1,0.03310470327253395
287.15000000000003,0.03783909998611153
287.2,0.03984822855889919
287.25,0.03961772827145345
287.3,0.03841336434959396
287.35,0.03718879904698936
287.40000000000003,0.03673791045152508
287.45,0.03739535907115364
287.5,0.0381531457854627
287.55,0.0382172263253497
287.6,0.03750607446863172
287.65000000000003,0.03492837773871528
287.7,0.029435145726616842
287.75,0.021620905441573225
287.8,0.01196127431495627
287.85,0.00014870724611470437
287.90000000000003,-0.013319682262406337
287.95,-0.027298896787197872
288.0,-0.04093522293330812
288.05,-0.05437209302411914
288.1,-0.06840755466483643
288.15000000000003,-0.08243017790138286
288.2,-0.09523934099560528
288.25,-0.10674598726378783
288.3,-0.11715233693086145
288.35,-0.12655585972846745
288.40000000000003,-0.13461120255602846
288.45,-0.1417204960286691
288.5,-0.14761494044581744
288.55,-0.15036362456178096
288.6,-0.1506807740171418
288.65000000000003,-0.1506284485442827
288.7,-0.15028189601884567
288.75,-0.14820656605224874
288.8,-0.1429404209329987
288.85,-0.13449036383612709
288.90000000000003,-0.12344879463051714
288.95,-0.1104081141314213
289.0,-0.0959644381107973
289.05,-0.08018114046326157
289.1,-0.0631513134264887
289.15000000000003,-0.04481944329628416
289.2,-0.025349944124057736
289.25,-0.0059407565389033665
289.3,0.01247841301281849
289.35,0.029485343642186992
289.40000000000003,0.04426031051686857
289.45,0.05669986318394471
289.5,0.06750896025566998
289.55,0.0764437433603499
289.6,0.08323510399634156
289.65000000000003,0.08820018469574421
289.7,0.09201650391618031
289.75,0.09544852806907338
289.8,0.09902891972581264
289.85,0.10338397858029957
289.90000000000003,0.10813398242133486
289.95,0.11287025099398021
290.0,0.11766559735589699
290.05,0.12263892298679067
290.1,0.12749455044418745
290.15000000000003,0.1318320610816394
290.2,0.1353535969036953
290.25,0.1366705818791301
290.3,0.13586934882915927
290.35,0.13314325256860207
290.40000000000003,0.12799913252985823
290.45,0.12065417934836938
290.5,0.11105813013474208
290.55,0.09994760581971146
290.6,0.08804662968497572
290.65000000000003,0.076649894118745
290.7,0.0672921207002177
290.75,0.05997523097494789
290.8,0.05403395835668704
290.85,0.049368508720486814
290.90000000000003,0.04630859002401319
290.95,0.044827305061889804
291.0,0.0442877849289084
291.05,0.044143851875336586
291.1,0.045275215724452415
291.15000000000003,0.04819012513314732
291.2,0.05238043285802194
291.25,0.057213213032344196
291.3,0.06128359735309135
291.35,0.06282194747855349
291.40000000000003,0.06051042786982944
291.45,0.054111596176930565
291.5,0.04432797456833368
291.55,0.03218163427416989
291.6,0.01873482331764348
291.65000000000003,0.00455796960295026
291.7,-0.010208648204972217
291.75,-0.02462149746645145
291.8,-0.03729118041395825
291.85,-0.04793533185168084
291.90000000000003,-0.056998938649039786
291.95,-0.06524865380934994
292.0,-0.07310334077877631
292.05,-0.08060138042497993
292.1,-0.08869722931975632
292.15000000000003,-0.0985800760002512
292.2,-0.11147322706010943
292.25,-0.12721495107523803
292.3,-0.14530687060611552
292.35,-0.16583381292181104
292.40000000000003,-0.18675552560944783
292.45,-0.2069314848340044
292.5,-0.22560747312665377
292.55,-0.2409362396259287
292.6,-0.2513595055880483
292.65000000000003,-0.2548552920321648
292.7,-0.2512613235734794
292.75,-0.24186785752244902
292.8,-0.22785735602490018
292.85,-0.21004591802457698
292.90000000000003,-0.18966938835834674
292.95,-0.16774882501241847
293.0,-0.14479775268836453
293.05,-0.12249097222522103
293.1,-0.10099491395470601
293.15000000000003,-0.08074195519332092
293.2,-0.06298396653650401
293.25,-0.04772970749954051
293.3,-0.03576805375823862
293.35,-0.02745019933458313
293.40000000000003,-0.022514306862886687
293.45,-0.020913226216390572
293.5,-0.021499362106140046
293.55,-0.023706115401421823
293.6,-0.02731086351213707
293.65000000000003,-0.03080776246798654
293.7,-0.03367171103244839
293.75,-0.03606337618987439
293.8,-0.03812704725538171
293.85,-0.04046542350214783
293.90000000000003,-0.04238981925524761
293.95,-0.04404072663118769
294.0,-0.04656614089039713
294.05,-0.049454886932852896
294.1,-0.05311042042628767
294.15000000000003,-0.058057291545036464
294.2,-0.06309252949650473
294.25,-0.06727469208425092
294.3,-0.07046701092492393
294.35,-0.07261964269159374
294.40000000000003,-0.0735088737172721
294.45,-0.07281662482822983
294.5,-0.07075087006409014
294.55,-0.06786137173632373
294.6,-0.06407376524265014
294.65000000000003,-0.058963733514278874
294.7,-0.05237593976096615
294.75,-0.04493670928392286
294.8,-0.0373459400230804
294.85,-0.029676443240034524
294.90000000000003,-0.02203820009628463
294.95,-0.014268527456604873
295.0,-0.006019012921053601
295.05,0.002392246194863313
295.1,0.010880429855015812
295.15000000000003,0.019065710265715047
295.2,0.026915213207534996
295.25,0.035332225429638764
295.3,0.043742884301509494
295.35,0.05195816748387709
295.40000000000003,0.06079504999916025
295.45,0.07008596869789516
295.5,0.07940697335854893
295.55,0.08831548888520314
295.6,0.09641272635281127
295.65000000000003,0.10321662564537201
295.7,0.10840481889575346
295.75,0.11242687171631843
295.8,0.11568993846363203
295.85,0.11859368205480098
295.90000000000003,0.12132297142745113
295.95,0.12404403542383136
296.0,0.12691634938025362
296.05,0.12920176031751207
296.1,0.13042432961027683
296.15000000000003,0.13028265597236896
296.2,0.12841210977848996
296.25,0.12450594300831429
296.3,0.11847206391856786
296.35,0.11102818979057609
296.40000000000003,0.10260292885536125
296.45,0.09281418383113273
296.5,0.08180063134592229
296.55,0.07110739331108065
296.6,0.06199345134728925
296.65000000000003,0.05391292646678577
296.7,0.04602265304517517
296.75,0.03868455178424929
296.8,0.031879295418417906
296.85,0.024920248227029075
296.90000000000003,0.017718817934165423
296.95,0.010969465989046478
297.0,0.006110327841280638
297.05,0.004241385288665688
297.1,0.005804970819836265
297.15000000000003,0.010906749729258723
297.2,0.01973998120553833
297.25,0.032132280502426815
297.3,0.04718600090752336
297.35,0.06419214103224208
297.40000000000003,0.08248620089173427
297.45,0.10181374537332266
297.5,0.12184521727676363
297.55,0.14142177953900478
297.6,0.15968989800345867
297.65000000000003,0.17558643419092693
297.7,0.18790848982801509
297.75,0.1966582627241248
297.8,0.20205409716615522
297.85,0.20406833101209332
297.90000000000003,0.20276462545689972
297.95,0.19835666480326097
298.0,0.1909696508971879
298.05,0.18085949399766602
298.1,0.1690012814659109
298.15000000000003,0.15639010404769532
298.2,0.14395635444434288
298.25,0.13249217116467557
298.3,0.12270568078359911
298.35,0.11511474934608244
298.40000000000003,0.10939981997449094
298.45,0.10481182978999107
298.5,0.10079262877532807
298.55,0.09708494838831706
298.6,0.09333712101792181
298.65000000000003,0.08967743218395102
298.7,0.08660415730660224
298.75,0.08362436370108019
298.8,0.079813402654728
298.85,0.07468869628007456
298.90000000000003,0.06842372837133116
298.95,0.06187330985377045
299.0,0.05564630088906929
299.05,0.0497058726318509
299.1,0.0437142685912791
299.15000000000003,0.03693695897563509
299.2,0.028695882069483248
299.25,0.018733523996791415
299.3,0.007426166741015827
299.35,-0.003986517532329919
299.40000000000003,-0.014763407184955713
299.45,-0.024554934023275868
299.5,-0.03278786495316151
299.55,-0.03914528562499622
299.6,-0.0430910686648769
299.65000000000003,-0.04489820135883826
299.7,-0.04569707848407483
299.75,-0.046235409666380865
299.8,-0.047098891416532646
299.85,-0.04886500798310438
299.90000000000003,-0.05249088151486113
299.95,-0.058705484105173615
300.0,-0.06727776662076253
300.05,-0.07743645859025543
300.1,-0.0884986549565876
300.15000000000003,-0.10020194048036266
300.2,-0.11165227995510596
300.25,-0.12179137120583745
300.3,-0.1303826216175236
300.35,-0.13686987693194697
300.40000000000003,-0.14023178828248015
300.45,-0.14027688258854312
300.5,-0.13805741895736182
300.55,-0.13438781759505747
300.6,-0.12963958609060827
300.65000000000003,-0.12413065663296173
300.7,-0.11758149829732113
300.75,-0.11015904939070234
300.8,-0.10321898639187434
300.85,-0.09838141358960255
300.90000000000003,-0.09625733645192212
300.95,-0.09667602247707437
301.0,-0.09982924087466778
301.05,-0.10631361325330063
301.1,-0.11615429283425383
301.15000000000003,-0.12878341619142095
301.2,-0.1436441725145795
301.25,-0.1596825816951557
301.3,-0.1753772143384685
301.35,-0.18963823774847077
301.40000000000003,-0.20205186708723383
301.45,-0.2121358656107739
301.5,-0.2190230208287612
301.55,-0.22193964528407356
301.6,-0.22038389997425298
301.65000000000003,-0.21453668113291738
301.7,-0.2055826024886485
301.75,-0.1952210928674316
301.8,-0.1848453668531074
301.85,-0.17530020312191372
301.90000000000003,-0.16746818300419256
301.95,-0.16220950736797599
302.0,-0.15933515298146453
302.05,-0.15806457006660707
302.1,-0.15782739523716133
302.15000000000003,-0.15816909019826425
302.2,-0.15856147481644436
302.25,-0.1583105950683653
302.3,-0.15708054932652069
302.35,-0.15399295776094885
302.40000000000003,-0.14800961624413722
302.45,-0.13898311953391543
302.5,-0.12755878559262693
302.55,-0.11493317837774619
302.6,-0.10169277993715145
302.65000000000003,-0.08818624256014503
302.7,-0.07458531832693834
302.75,-0.06052375703358921
302.8,-0.04564862483125741
302.85,-0.030312795507330598
302.90000000000003,-0.01593011367606711
302.95,-0.003972329252129782
303.0,0.005129816769084941
303.05,0.011663378537971452
303.1,0.015434721563535517
303.15000000000003,0.01602437339377326
303.2,0.013428241304383502
303.25,0.008266396063520974
303.3,0.0014093330386321828
303.35,-0.006796251030086632
303.40000000000003,-0.015617269554012058
303.45,-0.023751467909696955
303.5,-0.02963874928202558
303.55,-0.031986488423299715
303.6,-0.030673039319742745
303.65000000000003,-0.025548514505659252
303.7,-0.016480855094366503
303.75,-0.004052780678968553
303.8,0.010899618904308201
303.85,0.027274992190259053
303.90000000000003,0.0435313717322401
303.95,0.05827909578347868
304.0,0.07116944939599697
304.05,0.08224898255832408
304.1,0.09147729134617787
304.15000000000003,0.09900713101429715
304.2,0.10551431103522958
304.25,0.11170135910898651
304.3,0.11768378907746825
304.35,0.12360754234721875
304.40000000000003,0.1299506486051382
304.45,0.13696521990919105
304.5,0.14462692309619546
304.55,0.15260302759147784
304.6,0.15971743310868977
304.65000000000003,0.16534530361752925
304.7,0.1696887229712064
304.75,0.17217921343922288
304.8,0.1720988927882274
304.85,0.16936286538299136
304.90000000000003,0.16425396425773692
304.95,0.15719464394821064
305.0,0.14879155938283678
305.05,0.13961934710302773
305.1,0.13026669035596344
305.15000000000003,0.12131699908399313
305.2,0.11301405225781742
305.25,0.10595076996476571
305.3,0.10034997490535591
305.35,0.09577387280375688
305.40000000000003,0.09256549750609641
305.45,0.09164140909782556
305.5,0.09312083289124336
305.55,0.09658497024558846
305.6,0.10193815046169726
305.65000000000003,0.10899842959611802
305.7,0.11734304302062407
305.75,0.12582767512819126
305.8,0.1335323151586279
305.85,0.14007778064059154
305.90000000000003,0.14426228728479498
305.95,0.1454560852843846
306.0,0.143970737006481
306.05,0.1399750602673203
306.1,0.133333894535028
306.15000000000003,0.12417799256227864
306.2,0.11343453239261163
306.25,0.10168510594818286
306.3,0.08914491515964579
306.35,0.07650534993362892
306.40000000000003,0.06436484045482803
306.45,0.05255494466210278
306.5,0.04058987230119095
306.55,0.028524666513607928
306.6,0.016723384622071697
306.65000000000003,0.005616876804136149
306.7,-0.004213252208037913
306.75,-0.012415064824859422
306.8,-0.018679792882822694
306.85,-0.022627412172511602
306.90000000000003,-0.02443077237072904
306.95,-0.024106017577378923
307.0,-0.021515556785961985
307.05,-0.016992193622486575
307.1,-0.010480943984108359
307.15000000000003,-0.0020524566391896533
307.20000000000005,0.00795581601994736
307.25,0.018884636851560423
307.3,0.02972920946152018
307.35,0.04062595030646271
307.40000000000003,0.05178998134372231
307.45000000000005,0.062327796451970924
307.5,0.07162669890199913
307.55,0.07962526045953612
307.6,0.08623971713301673
307.65000000000003,0.09139666402112807
307.70000000000005,0.09479677929176512
307.75,0.09605005497353547
307.8,0.09555552736153267
307.85,0.09397151074282371
307.90000000000003,0.09097476717972534
307.95000000000005,0.08607113674107923
308.0,0.07912679466091914
308.05,0.07037791300333325
308.1,0.060719695441657555
308.15000000000003,0.050478921389817806
308.20000000000005,0.038995631906028366
308.25,0.025448620294783154
308.3,0.009780486531368341
308.35,-0.0070705399560109326
308.40000000000003,-0.02416029178631161
308.45000000000005,-0.04065159913539586
308.5,-0.05562184668140418
308.55,-0.06829479129865965
308.6,-0.07783771683513646
308.65000000000003,-0.0837195641385661
308.70000000000005,-0.08584095594017524
308.75,-0.08423178787176384
308.8,-0.07974445766927536
308.85,-0.07377671870255906
308.90000000000003,-0.06716458739573117
308.95000000000005,-0.06064523831931779
309.0,-0.05550788174686977
309.05,-0.05290127274437372
309.1,-0.052606993554927456
309.15000000000003,-0.05406555312108067
309.20000000000005,-0.05758006689166811
309.25,-0.06312371796536487
309.3,-0.0703360399698988
309.35,-0.07894420374589843
309.40000000000003,-0.08866047952942334
309.45000000000005,-0.09913691123426412
309.5,-0.1090164863110701
309.55,-0.11681657709002582
309.6,-0.1226178088776924
309.65000000000003,-0.12689604100350466
309.70000000000005,-0.1295126098185616
309.75,-0.13002936492759448
309.8,-0.12853044073290196
309.85,-0.12528938498545744
309.90000000000003,-0.12019406498834571
309.95000000000005,-0.1138054606767336
310.0,-0.10679297315583323
310.05,-0.0997464411842969
310.1,-0.09286333145500487
310.15000000000003,-0.08607356393402361
310.20000000000005,-0.07982784837857616
310.25,-0.07438736259312702
310.3,-0.06996418128076204
310.35,-0.06655112530565176
310.40000000000003,-0.0644121500814748
310.45000000000005,-0.06379034076458376
310.5,-0.06406087639938148
310.55,-0.06519105122479059
310.6,-0.06799661410041044
310.65000000000003,-0.07286006995303194
310.70000000000005,-0.07972102050344732
310.75,-0.08860816194996869
310.8,-0.09910282923740363
310.85,-0.10996971845089795
310.90000000000003,-0.11973495156555129
310.95000000000005,-0.12784146280147152
311.0,-0.13412145935318615
311.05,-0.13760388506122043
311.1,-0.1378733926989893
311.15000000000003,-0.13533411435234907
311.20000000000005,-0.13035891153827617
311.25,-0.12364602241677121
311.3,-0.11601621986385724
311.35,-0.10807102607555623
311.40000000000003,-0.10038366795376231
311.45000000000005,-0.09312980033473538
311.5,-0.08615957932875823
311.55,-0.0790415012030362
311.6,-0.07117311254065009
311.65000000000003,-0.06295051476761773
311.70000000000005,-0.054948078434928986
311.75,-0.04676454446447799
311.8,-0.03815092006559478
311.85,-0.029772812027846755
311.90000000000003,-0.022181354378038396
311.95000000000005,-0.015518233467955675
312.0,-0.009549868103509607
312.05,-0.004198665775819259
312.1,-0.0004517298094632319
312.15000000000003,0.0013785337654704049
312.20000000000005,0.0018609723534203785
312.25,0.0016610628287862391
312.3,0.0018916122601513104
312.35,0.0034358708710801374
312.40000000000003,0.006474230698651696
312.45000000000005,0.011170025382458605
312.5,0.01772525444937194
312.55,0.02583818167952451
312.6,0.03516400176440778
312.65000000000003,0.04505181176086926
312.70000000000005,0.054907942970718375
312.75,0.06425242822505266
312.8,0.07280296067502279
312.85,0.08094893470575354
312.90000000000003,0.08863989593653902
312.95000000000005,0.09578528080159437
313.0,0.10213404665782476
313.05,0.10701164330714612
313.1,0.1101781919903912
313.15000000000003,0.11187752264231784
313.20000000000005,0.11292559088804056
313.25,0.11369106185582359
313.3,0.11384342701758814
313.35,0.11364807527665091
313.40000000000003,0.11347144443451342
313.45000000000005,0.11373643890261073
313.5,0.11469358008549088
313.55,0.11617581049980324
313.6,0.118351908144601
313.65000000000003,0.12051760211241905
313.70000000000005,0.12168849610516648
313.75,0.12190405595877808
313.8,0.12102095440839934
313.85,0.11854812089499739
313.90000000000003,0.11465872488063501
313.95000000000005,0.1093505694278043
314.0,0.10248992793428245
314.05,0.0946229139092508
314.1,0.08626515903168931
314.15000000000003,0.07762021006946357
314.20000000000005,0.06851637182321613
314.25,0.05919801569676938
314.3,0.050101931792531966
314.35,0.04076955628288381
314.40000000000003,0.03088124552943148
314.45000000000005,0.021189500396863136
314.5,0.012766292850727329
314.55,0.0062058117786587
314.6,0.0015575911709106284
314.65000000000003,-0.0012759781927237372
314.70000000000005,-0.002467576957903633
314.75,-0.0023481752095543687
314.8,-0.001083079025050843
314.85,0.0011200253006185636
314.90000000000003,0.004023702086911419
314.95000000000005,0.00731767111432117
315.0,0.010673790290406595
315.05,0.013930322703805224
315.1,0.016371213198741158
315.15000000000003,0.017362850740371437
315.20000000000005,0.01692247356065537
315.25,0.015052428818220954
315.3,0.011967534575758413
315.35,0.008222134972847388
315.40000000000003,0.004319274976238992
315.45000000000005,9.102697918587235e-05
315.5,-0.004773969649510547
315.55,-0.009824775095653451
315.6,-0.01470930183940884
315.65000000000003,-0.019484151317897595
315.70000000000005,-0.02400608581590566
315.75,-0.02813635716568184
315.8,-0.031800890799433434
315.85,-0.03503709554075206
315.90000000000003,-0.03804290242035394
315.95000000000005,-0.04054371703389139
316.0,-0.04206361937971989
316.05,-0.042911342721090436
316.1,-0.04387712391902477
316.15000000000003,-0.04499187064737535
316.20000000000005,-0.04594250580664808
316.25,-0.04656458533545417
316.3,-0.046613449849817336
316.35,-0.04634526104497565
316.40000000000003,-0.04567888219891408
316.45000000000005,-0.04386300788209584
316.5,-0.040638236927241216
316.55,-0.03614122344288886
316.6,-0.03070926400119611
316.65000000000003,-0.02453851114626624
316.70000000000005,-0.017531655349416937
316.75,-0.009535689070994596
316.8,-0.0006651173717835587
316.85,0.008793891128913031
316.90000000000003,0.018795877078073307
316.95000000000005,0.028869607542731997
317.0,0.03843385709071399
317.05,0.04693486562738665
317.1,0.054064041705070655
317.15000000000003,0.060009101451146
317.20000000000005,0.06453793321193177
317.25,0.06739759619514787
317.3,0.06830094659835868
317.35,0.06695264346379426
317.40000000000003,0.06342065584335614
317.45000000000005,0.057499500578549356
317.5,0.049240011366620776
317.55,0.03915886899140563
317.6,0.027392309300134993
317.65000000000003,0.013748877585410834
317.70000000000005,-0.0017191935678198952
317.75,-0.01860453182123841
317.8,-0.036952280384996865
317.85,-0.056452441851441014
317.90000000000003,-0.07588930471681254
317.95000000000005,-0.09417274575792237
318.0,-0.11044150848002024
318.05,-0.12429873797763971
318.1,-0.13503107325492703
318.15000000000003,-0.14201581821979786
318.20000000000005,-0.1458733552742721
318.25,-0.14700638023843624
318.3,-0.1451184291403786
318.35,-0.14011663925886364
318.40000000000003,-0.13222022867910707
318.45000000000005,-0.12185721698748449
318.5,-0.10906481291368582
318.55,-0.09362984347315456
318.6,-0.07597219666335822
318.65000000000003,-0.05665814716633881
318.70000000000005,-0.0367428851756612
318.75,-0.01679122410878074
318.8,0.0034738452312585966
318.85,0.02356698882539728
318.90000000000003,0.04301549301291478
318.95000000000005,0.061356292881968096
319.0,0.07774737663381746
319.05,0.09173457603226605
319.1,0.10318989675097023
319.15000000000003,0.11196676056807107
319.20000000000005,0.11840005398363995
319.25,0.12291827565353734
319.3,0.1253859699171489
319.35,0.12571671351651884
319.40000000000003,0.12397045092430335
319.45000000000005,0.12036166806081795
319.5,0.11541839777835518
319.55,0.10988414267198723
319.6,0.10429807303777376
319.65000000000003,0.09864358209405175
319.70000000000005,0.09301551280088083
319.75,0.08743217609493603
319.8,0.08168823488529586
319.85,0.07572398248407576
319.90000000000003,0.06985939258478267
319.95000000000005,0.06459796440696552
320.0,0.0599639553423533
320.05,0.05616069171197397
320.1,0.05307423647245602
320.15000000000003,0.049985100728150884
320.20000000000005,0.046293425740370646
320.25,0.04173742970184798
320.3,0.03642684414413878
320.35,0.03002782887341234
320.40000000000003,0.022013368347873825
320.45000000000005,0.012311180310859239
320.5,0.001179633344852081
320.55,-0.010652565760926568
320.6,-0.022592670250103298
320.65000000000003,-0.0347158902838685
320.70000000000005,-0.04634623623539454
320.75,-0.05632028768643222
320.8,-0.06409799787938138
320.85,-0.06896989745017208
320.90000000000003,-0.0701172777273971
320.95000000000005,-0.06714864572706222
321.0,-0.06070676544366772
321.05,-0.051831151448524196
321.1,-0.04108651322927423
321.15000000000003,-0.029461800839404743
321.20000000000005,-0.01797640697657837
321.25,-0.007773785965243434
321.3,-0.00016008975002532606
321.35,0.004583168460069732
321.40000000000003,0.006472447617962856
321.45000000000005,0.005728559796802569
321.5,0.003093937627038217
321.55,-0.0007996696052475946
321.6,-0.005358380015283741
321.65000000000003,-0.01024239546737169
321.70000000000005,-0.014637847714962076
321.75,-0.01750124930230213
321.8,-0.019154743127157203
321.85,-0.019736175651720336
321.90000000000003,-0.01924962132993672
321.95000000000005,-0.018073603406251006
322.0,-0.01637708481333216
322.05,-0.015021486200760874
322.1,-0.014427589864188958
322.15000000000003,-0.014793242339811156
322.20000000000005,-0.01638090029808149
322.25,-0.019001235798027184
322.3,-0.022685563253737544
322.35,-0.027129322009728465
322.40000000000003,-0.03217057682383461
322.45000000000005,-0.037811565042225326
322.5,-0.04322677331524711
322.55,-0.04774222929978202
322.6,-0.05116614255809692
322.65000000000003,-0.05320786785551145
322.70000000000005,-0.05396160691007377
322.75,-0.053594342655997156
322.8,-0.05210138777048723
322.85,-0.04936508276065043
322.90000000000003,-0.045628838657207044
322.95000000000005,-0.04160413104300723
323.0,-0.03750309651322661
323.05,-0.033733993499099967
323.1,-0.03055198606537593
323.15000000000003,-0.027452845048316903
323.20000000000005,-0.02415669822863352
323.25,-0.02090523601058323
323.3,-0.01790890962520376
323.35,-0.015131457516282136
323.40000000000003,-0.012454111681360435
323.45000000000005,-0.009576034229978858
323.5,-0.006569348911251418
323.55,-0.0034363054669962795
323.6,6.087001304807394e-05
323.65000000000003,0.003646558861198785
323.70000000000005,0.0070317974397250006
323.75,0.009787221282550643
323.8,0.011285109470938338
323.85,0.011717312608778912
323.90000000000003,0.01161972352906837
323.95000000000005,0.01079490699635615
324.0,0.009425876353900232
324.05,0.008254416081794141
324.1,0.007612191403550881
324.15000000000003,0.007482417667370571
324.20000000000005,0.0075214069714614595
324.25,0.007576447819464559
324.3,0.007704379644260702
324.35,0.0075749520860323
324.40000000000003,0.00654512548630765
324.45000000000005,0.004462267655415177
324.5,0.0013662045307743964
324.55,-0.0031668617200358022
324.6,-0.009256820649400786
324.65000000000003,-0.01691506706730722
324.70000000000005,-0.02613886475735618
324.75,-0.036915062560684074
324.8,-0.04940807784243638
324.85,-0.06314778373592198
324.90000000000003,-0.07710901267193639
324.95000000000005,-0.09042336446269589
325.0,-0.10268309996482097
325.05,-0.11346189847632365
325.1,-0.12189208418280617
325.15000000000003,-0.12723526174353192
325.20000000000005,-0.12972340882892971
325.25,-0.1300551141429738
325.3,-0.12853665498309885
325.35,-0.12512955135085185
325.40000000000003,-0.1191815963027324
325.45000000000005,-0.11008739626955309
325.5,-0.09796600069898324
325.55,-0.0830144815553301
325.6,-0.06539053847792725
325.65000000000003,-0.045690257802710604
325.70000000000005,-0.02478465089180734
325.75,-0.0033820204648062277
325.8,0.018142931203112483
325.85,0.03943332020625695
325.90000000000003,0.059717645808456774
325.95000000000005,0.0781850109808681
326.0,0.0939754619258145
326.05,0.1062988689542246
326.1,0.11460358928185847
326.15000000000003,0.11834613155969546
326.20000000000005,0.1174785715114472
326.25,0.11231555126958608
326.3,0.10332400531918325
326.35,0.09109863984899104
326.40000000000003,0.07645332223703392
326.45000000000005,0.06060386122464307
326.5,0.04427193143294575
326.55,0.027649407598039633
326.6,0.011292951799858888
326.65000000000003,-0.003954747038987435
326.70000000000005,-0.017465022313134054
326.75,-0.028714007753297223
326.8,-0.037374772090315
326.85,-0.04351867668290591
326.90000000000003,-0.047205232961202735
326.95000000000005,-0.04850067866040178
327.0,-0.04742373869487322
327.05,-0.0442004796384072
327.1,-0.03926653956300927
327.15000000000003,-0.03289785106662854
327.20000000000005,-0.025344384441478664
327.25,-0.01634124544796632
327.3,-0.0055255065730816
327.35,0.006690008414365412
327.40000000000003,0.019682900215493015
327.45000000000005,0.033159135279144915
327.5,0.04681200208794162
327.55,0.06018688224221669
327.6,0.07286403138963354
327.65000000000003,0.08442588627006806
327.70000000000005,0.09409744584380865
327.75,0.10116755971271749
327.8,0.10617180548294118
327.85,0.10988124715339302
327.90000000000003,0.11233874642238786
327.95000000000005,0.11372160136075264
328.0,0.11458228279254126
328.05,0.11522504596536522
328.1,0.11563905942546185
328.15000000000003,0.1164323732029325
328.20000000000005,0.11834450212223456
328.25,0.12161114946908938
328.3,0.12590996730998272
328.35,0.13066073433024372
328.40000000000003,0.13566509091938458
328.45000000000005,0.1402706493916107
328.5,0.14362659116911197
328.55,0.1452676760078638
328.6,0.14480366295578767
328.65000000000003,0.1423079071151276
328.70000000000005,0.1376590503568101
328.75,0.1303857322587034
328.8,0.12055597814716487
328.85,0.10823554307948763
328.90000000000003,0.09366697901727841
328.95000000000005,0.07740412122878315
329.0,0.0599056608645125
329.05,0.041963864805782396
329.1,0.024296662288354195
329.15000000000003,0.007709622956332406
329.20000000000005,-0.007050415676255953
329.25,-0.019891243933529052
329.3,-0.03068947727745417
329.35,-0.039127092109766046
329.40000000000003,-0.044920272706352085
329.45000000000005,-0.04775996887103328
329.5,-0.04779188140968943
329.55,-0.04562166192597795
329.6,-0.04171455655522516
329.65000000000003,-0.0368048051042599
329.70000000000005,-0.031660847428562955
329.75,-0.026930775263511366
329.8,-0.02353984311819346
329.85,-0.022148067017763954
329.90000000000003,-0.02308706698373854
329.95000000000005,-0.026614176299291983
330.0,-0.0326850779910653
330.05,-0.04078513938276011
330.1,-0.050152314794288534
330.15000000000003,-0.06002382467906404
330.20000000000005,-0.06961906495578714
330.25,-0.07840486149831005
330.3,-0.08596098334282315
330.35,-0.09188800767832152
330.40000000000003,-0.09615727791368382
330.45000000000005,-0.09884490352222984
330.5,-0.100276646396271
330.55,-0.1007396303158259
330.6,-0.10066883609524467
330.65000000000003,-0.10052970420445811
330.70000000000005,-0.10034483391700744
330.75,-0.10042882251624818
330.8,-0.10066754097038172
330.85,-0.10064518809346393
330.90000000000003,-0.10021046573838213
330.95000000000005,-0.09915262377464189
331.0,-0.09712121353427641
331.05,-0.09366769550332084
331.1,-0.08893272581437302
331.15000000000003,-0.08327167639386283
331.20000000000005,-0.07703024387011147
331.25,-0.07060537570883821
331.3,-0.06421642108533802
331.35,-0.05801212390527861
331.40000000000003,-0.05177044442004773
331.45000000000005,-0.04537928810862336
331.5,-0.03908838640598549
331.55,-0.03297655513935324
331.6,-0.026972498081905903
331.65000000000003,-0.021105944727492356
331.70000000000005,-0.015639905915417755
331.75,-0.010621149860643697
331.8,-0.00549383435330633
331.85,0.00018348589798807273
331.90000000000003,0.006237811864803044
331.95000000000005,0.012438218055914127
332.0,0.01902710789931605
332.05,0.026380657225837476
332.1,0.034288834800583305
332.15000000000003,0.04198140845039218
332.20000000000005,0.04903962333614365
332.25,0.05542740915344137
332.3,0.06083307074565485
332.35,0.06465145639111025
332.40000000000003,0.06652933035543705
332.45000000000005,0.06677848902333222
332.5,0.06590246185320409
332.55,0.06425992681858868
332.6,0.06203944852182493
332.65000000000003,0.05946306447582662
332.70000000000005,0.057028508084439
332.75,0.05489325096222287
332.8,0.05298372647675552
332.85,0.051531786078471774
332.90000000000003,0.05055904843260459
332.95000000000005,0.049964575550862304
333.0,0.049972910490682955
333.05,0.05070610206853824
333.1,0.05206259416461133
333.15000000000003,0.05385765579183301
333.20000000000005,0.055736449010641655
333.25,0.05745711758631909
333.3,0.059118149622236424
333.35,0.06080173153187927
333.40000000000003,0.062307749655936884
333.45000000000005,0.06353644270275083
333.5,0.06448543014474904
333.55,0.06505578612128014
333.6,0.06537079268249987
333.65000000000003,0.06563476763171702
333.70000000000005,0.06591387593197072
333.75,0.06642664839692851
333.8,0.0673270221101054
333.85,0.06854682191286447
333.90000000000003,0.07030695407416027
333.95000000000005,0.0723171810202187
334.0,0.07372559672094894
334.05,0.07442633083230032
334.1,0.07438414964215379
334.15000000000003,0.07323768707584556
334.20000000000005,0.0707073593558697
334.25,0.06599129517536702
334.3,0.058332998218149905
334.35,0.04786020959646531
334.40000000000003,0.03486269878127423
334.45000000000005,0.019466823737272532
334.5,0.0017715024399560088
334.55,-0.0179630616817272
334.6,-0.03926039678106488
334.65000000000003,-0.0619248387403119
334.70000000000005,-0.08556377357753722
334.75,-0.10919681248379053
334.8,-0.13201366586075078
334.85,-0.15355172382120424
334.90000000000003,-0.17324653330022832
334.95000000000005,-0.1905179879903086
335.0,-0.20478667505564413
335.05,-0.21562693639496675
335.1,-0.2231309458094739
335.15000000000003,-0.22744061104750915
335.20000000000005,-0.22865172569742348
335.25,-0.22694994136762406
335.3,-0.2224198139618634
335.35,-0.2155559978219049
335.40000000000003,-0.2070990406089933
335.45000000000005,-0.19732877835005672
335.5,-0.18642692704625016
335.55,-0.17469478669646446
335.6,-0.16254432624409473
335.65000000000003,-0.15034363792343655
335.70000000000005,-0.1381546546957907
335.75,-0.1260645355686565
335.8,-0.11409056118728127
335.85,-0.1021244091951232
335.90000000000003,-0.09036310352080869
335.95000000000005,-0.07902815672756688
336.0,-0.0679502269543948
336.05,-0.05685666572191225
336.1,-0.045591451545536704
336.15000000000003,-0.03404832035538966
336.20000000000005,-0.0222071748363301
336.25,-0.010368878420631136
336.3,0.0008952678925723544
336.35,0.01127997955300369
336.40000000000003,0.02056097628779862
336.45000000000005,0.028254680073292213
336.5,0.03380322366770894
336.55,0.03703437413961082
336.6,0.03819422358627962
336.65000000000003,0.03727773202957247
336.70000000000005,0.03447304761691732
336.75,0.030393324936415743
336.8,0.02574459603746055
336.85,0.021018903907249385
336.90000000000003,0.016201553202138116
336.95000000000005,0.011338027660187305
337.0,0.0067910708635501365
337.05,0.003263717735359848
337.1,0.0012249431455122978
337.15000000000003,0.0005634156856751873
337.20000000000005,0.0012710682401284197
337.25,0.0035634642954081486
337.3,0.007326993984942413
337.35,0.01213001743775221
337.40000000000003,0.017748173525252615
337.45000000000005,0.02390209426217126
337.5,0.030438698322213353
337.55,0.03735793775983972
337.6,0.04406160956868111
337.65000000000003,0.05008150725484707
337.70000000000005,0.05559061248403405
337.75,0.06070837576443909
337.8,0.06488178454760277
337.85,0.06751840920462941
337.90000000000003,0.06885126927039519
337.95000000000005,0.06892313242433361
338.0,0.06797956721184822
338.05,0.06667772844886626
338.1,0.06523709137198205
338.15000000000003,0.06385553791821597
338.20000000000005,0.06253623330580166
338.25,0.061528974874450505
338.3,0.06119347643274252
338.35,0.06124149332783189
338.40000000000003,0.06146348864994603
338.45000000000005,0.06201097738741315
338.5,0.06294254420673763
338.55,0.06440513787895055
338.6,0.06664001456614171
338.65000000000003,0.06977766531854568
338.70000000000005,0.07376574305844233
338.75,0.07854144108475916
338.8,0.08392524155732281
338.85,0.08954958568112571
338.90000000000003,0.09564572460875294
338.95000000000005,0.10239135315342934
339.0,0.10947446051083903
339.05,0.11661195346249736
339.1,0.12360463918692599
339.15000000000003,0.13029115829304103
339.20000000000005,0.1361281821016353
339.25,0.1407409856936087
339.3,0.14399774933572773
339.35,0.14556969459241711
339.40000000000003,0.1454199874445151
339.45000000000005,0.1436536498161341
339.5,0.14039570568021037
339.55,0.13573694146030002
339.6,0.129599421030507
339.65000000000003,0.12179072621892571
339.70000000000005,0.11213472776679624
339.75,0.10090179080816454
339.8,0.08838674386034712
339.85,0.07485389656529184
339.90000000000003,0.06090483219670368
339.95000000000005,0.046792606999944426
340.0,0.032829665533109696
340.05,0.019413847089691707
340.1,0.00655805911359082
340.15000000000003,-0.00497811211984234
340.20000000000005,-0.014654318042729821
340.25,-0.0225157523556267
340.3,-0.028312678807300085
340.35,-0.03209335481555045
340.40000000000003,-0.033920199060723404
340.45000000000005,-0.03382223735741443
340.5,-0.03196896653530188
340.55,-0.028730537218363102
340.6,-0.02433670925913631
340.65000000000003,-0.01881592325870636
340.70000000000005,-0.012605313303560784
340.75,-0.006367924220358718
340.8,-0.0005989129630176906
340.85,0.004782367274323844
340.90000000000003,0.009992504494341059
340.95000000000005,0.014832713313481117
341.0,0.019115326226787445
341.05,0.022641504695642148
341.1,0.025098704779251028
341.15000000000003,0.02649608458473021
341.20000000000005,0.027045623609978364
341.25,0.026884237188042916
341.3,0.02616591168132917
341.35,0.024729578934813125
341.40000000000003,0.02243570292382936
341.45000000000005,0.01945382750157682
341.5,0.015698630606334526
341.55,0.011242298268515244
341.6,0.006214219253872671
341.65000000000003,0.0006717021642778117
341.70000000000005,-0.005030745382865139
341.75,-0.010426425704257489
341.8,-0.015313157517269978
341.85,-0.020013329300723404
341.90000000000003,-0.02454989590502719
341.95000000000005,-0.02917614588348958
342.0,-0.03453693412934069
342.05,-0.04060617122017759
342.1,-0.04736667957828111
342.15000000000003,-0.05492981744582206
342.20000000000005,-0.06365064481508892
342.25,-0.0737289240177995
342.3,-0.0846904951723874
342.35,-0.09612285855189787
342.40000000000003,-0.10729846570565849
342.45000000000005,-0.11774832496152297
342.5,-0.12757555223128356
342.55,-0.13654220648737703
342.6,-0.14431671246038286
342.65000000000003,-0.15070122202175484
342.70000000000005,-0.15537601680899732
342.75,-0.1579173398920177
342.8,-0.15831453260189698
342.85,-0.15682143127062198
342.90000000000003,-0.15366510542422082
342.95000000000005,-0.14910604144300021
343.0,-0.1434648906683886
343.05,-0.1373297698600362
343.1,-0.13123602208651772
343.15000000000003,-0.1253749552012671
343.20000000000005,-0.11994825915308929
343.25,-0.11498448153980921
343.3,-0.1101852237596026
343.35,-0.10560574143806908
343.40000000000003,-0.10176565351379553
343.45000000000005,-0.09914220711413402
343.5,-0.09784037970917414
343.55,-0.09764563329724586
343.6,-0.09846080664791892
343.65000000000003,-0.10010401593779472
343.70000000000005,-0.10205825955296399
343.75,-0.10392242773240679
343.8,-0.10521440443726651
343.85,-0.10540301743777028
343.90000000000003,-0.10426171331029904
343.95000000000005,-0.1016872627153641
344.0,-0.09780155387722372
344.05,-0.09266181795635915
344.1,-0.08612465826113377
344.15000000000003,-0.07845606509874745
344.20000000000005,-0.07040720391014188
344.25,-0.06243127976350472
344.3,-0.05431426042143031
344.35,-0.045851019499863005
344.40000000000003,-0.03718415149275688
344.45000000000005,-0.028442868045580674
344.5,-0.01942127396090433
344.55,-0.009761149417941496
344.6,0.0005636042969054371
344.65000000000003,0.011224673484533447
344.70000000000005,0.021907122840783028
344.75,0.03262443230206474
344.8,0.04340048634635679
344.85,0.05397831178810396
344.90000000000003,0.06424210859346151
344.95000000000005,0.07387917784164265
345.0,0.08262362931311851
345.05,0.0904369329427317
345.1,0.09710223259853301
345.15000000000003,0.10274445477071051
345.20000000000005,0.10726561749673409
345.25,0.11062123065634233
345.3,0.11315316532595056
345.35,0.11506434251006156
345.40000000000003,0.11624115224946643
345.45000000000005,0.11656403266988993
345.5,0.11672404129826368
345.55,0.1170607813247865
345.6,0.11759360767326282
345.65000000000003,0.11882482419632912
345.70000000000005,0.12084658097157616
345.75,0.12344340980502676
345.8,0.12648156301295377
345.85,0.12972103072018512
345.90000000000003,0.1331134890712661
345.95000000000005,0.13691969619768043
346.0,0.1410251766109884
346.05,0.14513637670813692
346.1,0.14923836109921038
346.15000000000003,0.15335853432792795
346.20000000000005,0.15707402296827583
346.25,0.15962387080614593
346.3,0.16097303443553543
346.35,0.1611236099336078
346.40000000000003,0.15976635979511042
346.45000000000005,0.15684837562980677
346.5,0.15250397829503207
346.55,0.14700493643052717
346.6,0.1403577536042128
346.65000000000003,0.13267071754749615
346.70000000000005,0.1240565659661691
346.75,0.11442072830934205
346.8,0.10361958833194922
346.85,0.092051180587723
346.90000000000003,0.08018857867570721
346.95000000000005,0.06771725730127741
347.0,0.054814562449229845
347.05,0.04177671944808558
347.1,0.028977968125488758
347.15000000000003,0.016992417962289622
347.20000000000005,0.005704661828226377
347.25,-0.004710188155289498
347.3,-0.01415206227449749
347.35,-0.0226917809412409
347.40000000000003,-0.03015868112111083
347.45000000000005,-0.03675731651672169
347.5,-0.04235787854312655
347.55,-0.04673618861267381
347.6,-0.05000761694741606
347.65000000000003,-0.05190338626706811
347.70000000000005,-0.05225427249616066
347.75,-0.051357652339791664
347.8,-0.049499744447411224
347.85,-0.04704699895939222
347.90000000000003,-0.04409019289688497
347.95000000000005,-0.04056182518994446
348.0,-0.036678208635072956
348.05,-0.032565732979069256
348.1,-0.028274238074450467
348.15000000000003,-0.023874347578296443
348.20000000000005,-0.019711578524508427
348.25,-0.015964990225068493
348.3,-0.012420564105274262
348.35,-0.009168149404842766
348.40000000000003,-0.006475149881725501
348.45000000000005,-0.004894259807188988
348.5,-0.004878581998226491
348.55,-0.006742247177487687
348.6,-0.010890004266278255
348.65000000000003,-0.017233953877997442
348.70000000000005,-0.025747835592094703
348.75,-0.036184681997882294
348.8,-0.04809316421983798
348.85,-0.06156283377353185
348.90000000000003,-0.07630427108361147
348.95000000000005,-0.09198864201274437
349.0,-0.10843270761022177
349.05,-0.1248922176363001
349.1,-0.14092826382125173
349.15000000000003,-0.15624455939521162
349.20000000000005,-0.17042961292694495
349.25,-0.18282298547086134
349.3,-0.19286524958312773
349.35,-0.20063072971832413
349.40000000000003,-0.2056676577976057
349.45000000000005,-0.20783554925649786
349.5,-0.20741591188458772
349.55,-0.20433356748885273
349.6,-0.19854153282935233
349.65000000000003,-0.18981594784012656
349.70000000000005,-0.17800647120480056
349.75,-0.16319082722926664
349.8,-0.14578700098635355
349.85,-0.1264670488850683
349.90000000000003,-0.10596540135732457
349.95000000000005,-0.08498004227954535
350.0,-0.0641420456802794
350.05,-0.044100279586004286
350.1,-0.025173676014220093
350.15000000000003,-0.0077071348355744265
350.20000000000005,0.007816280777920096
350.25,0.02143142488949399
350.3,0.033101858590503505
350.35,0.04255787256103188
350.40000000000003,0.050111572429982265
350.45000000000005,0.0562207292890714
350.5,0.061239126589141095
350.55,0.06531848178369874
350.6,0.06859717118835426
350.65000000000003,0.07163637833964377
350.70000000000005,0.07460649354428268
350.75,0.07766827921229462
350.8,0.08089262376443715
350.85,0.08414240184112873
350.90000000000003,0.08771963846596084
350.95000000000005,0.0915972323850794
351.0,0.09573919425982418
351.05,0.10000331124052916
351.1,0.104084677285327
351.15000000000003,0.10791691982870727
351.20000000000005,0.11113574334697267
351.25,0.11380039487275229
351.3,0.11565510787990867
351.35,0.11639361447013481
351.40000000000003,0.11642147664533882
351.45000000000005,0.11557141524485086
351.5,0.11364868127115343
351.55,0.11088429354096652
351.6,0.10747659871212571
351.65000000000003,0.10311351296434577
351.70000000000005,0.0975327536207792
351.75,0.0905745925185063
351.8,0.08220786089697747
351.85,0.07285093067283553
351.90000000000003,0.06260418086367567
351.95000000000005,0.05145804081246029
352.0,0.03965186516737935
352.05,0.027391588168241512
352.1,0.014825203638682255
352.15000000000003,0.002328824645743333
352.20000000000005,-0.00995027039314315
352.25,-0.021609193430312958
352.3,-0.03189359859715938
352.35,-0.0406717735321511
352.40000000000003,-0.04772060391701314
352.45000000000005,-0.05297002550021966
352.5,-0.056930257458500555
352.55,-0.05951784155463348
352.6,-0.06048510454940193
352.65000000000003,-0.06005840742804553
352.70000000000005,-0.05858149948478127
352.75,-0.05622871568841654
352.8,-0.053096367954333694
352.85,-0.049695363743444396
352.90000000000003,-0.04679443082353586
352.95000000000005,-0.044948304292506264
353.0,-0.044468006675000935
353.05,-0.04565638386689184
353.1,-0.04848786695092517
353.15000000000003,-0.052645623541192184
353.20000000000005,-0.05808996382808692
353.25,-0.06465488490463159
353.3,-0.07188089341251405
353.35,-0.07933673111605208
353.40000000000003,-0.08661788958976609
353.45000000000005,-0.09333397971195435
353.5,-0.09865103604866372
353.55,-0.10223663083583774
353.6,-0.1042175229569435
353.65000000000003,-0.10431404791096836
353.70000000000005,-0.10253780830475108
353.75,-0.09894945220650929
353.8,-0.09383848320376031
353.85,-0.08754047985204799
353.90000000000003,-0.08018892993500466
353.95000000000005,-0.07183039835519159
354.0,-0.06253820899970472
354.05,-0.05262048932775482
354.1,-0.04223008904686195
354.15000000000003,-0.03172271343563579
354.20000000000005,-0.0213515455596584
354.25,-0.010912829587921514
354.3,-0.00045619252532792137
354.35,0.009742846521600955
354.40000000000003,0.019441444303738033
354.45000000000005,0.02837073461201429
354.5,0.03650777050414615
354.55,0.043845932396828866
354.6,0.05029090546427833
354.65000000000003,0.05576172879489012
354.70000000000005,0.06034831359675743
354.75,0.06414203545977676
354.8,0.06699351131111038
354.85,0.06925784140650615
354.90000000000003,0.07112069545827601
354.95000000000005,0.07246308361520702
355.0,0.07352858210714033
355.05,0.07452210542706199
355.1,0.07570129652809866
355.15000000000003,0.0770704047990305
355.20000000000005,0.0785957595851665
355.25,0.08039003717144115
355.3,0.08225827915509958
355.35,0.08406865589591893
355.40000000000003,0.08578144376523664
355.45000000000005,0.0872454391867098
355.5,0.08842606358627919
355.55,0.08930208433204194
355.6,0.0899131674606849
355.65000000000003,0.09027294498605795
355.70000000000005,0.09026870799926656
355.75,0.09026993473453618
355.8,0.09057771752675656
355.85,0.09087121775015954
355.90000000000003,0.09074857975675077
355.95000000000005,0.09023440923965045
356.0,0.08940900961037902
356.05,0.08807997018266689
356.1,0.08615070110305069
356.15000000000003,0.08350972457207867
356.20000000000005,0.08032267944365284
356.25,0.07677598185293971
356.3,0.07307459650996692
356.35,0.06932538393528885
356.40000000000003,0.06539295622245687
356.45000000000005,0.06118499466170594
356.5,0.05656754663986902
356.55,0.051602790447323556
356.6,0.04618718817049022
356.65000000000003,0.040461629688666956
356.70000000000005,0.034380485348649174
356.75,0.027970175236314208
356.8,0.02163752037389619
356.85,0.015407411402388148
356.90000000000003,0.00925567925656008
356.95000000000005,0.002831208711641782
357.0,-0.003783958124273673
357.05,-0.010371826595240243
357.1,-0.016836274556261757
357.15000000000003,-0.022908075341934207
357.20000000000005,-0.028673922761627415
357.25,-0.03397087439526131
357.3,-0.038847762350976124
357.35,-0.0434619137223506
357.40000000000003,-0.04775816807634246
357.45000000000005,-0.05199195834176891
357.5,-0.05652869650150554
357.55,-0.06175238228359857
357.6,-0.06748456592842993
357.65000000000003,-0.0734034072085198
357.70000000000005,-0.07939734926626803
357.75,-0.08504723756512228
357.8,-0.09036413175967066
357.85,-0.09521644167125864
357.90000000000003,-0.09935518918968969
357.95000000000005,-0.10272310136876929
358.0,-0.10502291902601328
358.05,-0.10652505196798102
358.1,-0.10738697808625332
358.15000000000003,-0.1073939311577225
358.20000000000005,-0.10642551290673506
358.25,-0.104318235068352
358.3,-0.10124817095981466
358.35,-0.09733418585498115
358.40000000000003,-0.09249453500151274
358.45000000000005,-0.08696251468115698
358.5,-0.08116312163470513
358.55,-0.075488662664344
358.6,-0.0699963478333103
358.65000000000003,-0.0645509488043232
358.70000000000005,-0.05922974098216383
358.75,-0.05398071705396573
358.8,-0.048483643248310726
358.85,-0.04273109574589958
358.90000000000003,-0.03692741066526156
358.95000000000005,-0.03105476399302527
359.0,-0.02524022014095216
359.05,-0.019384225045621536
359.1,-0.01318512550644676
359.15000000000003,-0.006454949850073125
359.20000000000005,0.0009430052916394611
359.25,0.008831148255597276
359.3,0.01702742906078843
359.35,0.025344596446499765
359.40000000000003,0.03365409708099519
359.45000000000005,0.04191431011182778
359.5,0.050283485254396465
359.55,0.05891095600574861
359.6,0.06761987287439726
359.65000000000003,0.07623412935688023
359.70000000000005,0.08439335157224265
359.75,0.09198681818390797
359.8,0.09918540998677569
359.85,0.10586800344639934
359.90000000000003,0.11195211173188936
359.95000000000005,0.11757815207799245
